Unnamed: 0,adj neg air pressure raw,adj neg air pressure,current alarm mode,cont air counts raw,cont air counts,makeup wtr cond down raw,makeup wtr cond down,makeup wtr cond up raw,makeup wtr cond up,makeup wtr temp down,makeup wtr temp down raw,makeup wtr temp up,makeup wtr temp up raw,DAS health index,0-15 channel error,16-31 channel error status,error detection status 2,card temperature 2,error detection status 3,card temperature 3,error detection status 4,card temperature 4,error detection status 5,card temperature 5,fc positioning 10V supply,fiss-active-state,fiss-position,mag-current,mag-current-raw,mstat,nfd-1-cps,nfd-1cps-raw,nfd-1-cr,nfd-1-cr-raw,nfd-2-cr,nfd-2-cr-raw,nfd-2-log,nfd-2-log-raw,nfd-3-pwr,nfd-3-pwr-raw,nfd-3-pwr-rng,nfd-4-flux,nfd-4-flux-raw,ram-con-lvl,rom-con-lvl-raw,ram-pool-lvl,ram-pool-lvl-raw,ram-wtr-lvl,ram-wtr-lvl-raw,rcs-scram-rel-q,rcs-scram-st-q,rr-active-state,rr-position,rtpbtempa_00,rtpbtempb_00,rtpctempa_00,rtpctempb_00,rtphactcnta_00,rtphactcntb_00,src-active-state,src-position,ss1-active-state,ss1-position,ss2-active-state,ss2-position,ack-button,manual-scram
17170.0,1.7582,0.0948,1.0,0.0801,1.2026,2.054,1.054,2.2884,1.2884,26.7991,2.072,26.347,2.0539,100.0,0.0,0.0,0.0,25.25,0.0,26.25,0.0,26.375,0.0,25.375,10.0,0.0,0.0092,52.4798,5.248,2.0,4.339,1.255,0.3168,1.3982,0.018,1.3656,1.005e-05,1.0012,0.0001,2.0614,12.0,0.0757,1.002,0.2304,2.5844,0.0061,1.0063,0.0556,1.967,0.0,0.0,0.0,-0.1496,26.0,25.0,38.0,37.0,13.0,0.0,0.0,0.0,0.0,-0.0381,0.0,0.0119,0.0,0.0
17171.0,1.7582,0.0948,1.0,0.0802,1.2027,2.0544,1.0544,2.2887,1.2887,26.7765,2.0711,26.3325,2.0533,100.0,0.0,0.0,0.0,25.125,0.0,26.375,0.0,26.375,0.0,25.375,10.0,0.0,0.0097,52.4798,5.248,2.0,4.3289,1.2546,0.2954,1.3959,0.0296,1.3669,1.005e-05,1.0012,0.0001,2.0604,12.0,0.0756,1.002,0.1957,2.5135,0.0061,1.0061,0.0546,1.9589,0.0,0.0,0.0,-0.15,26.0,25.0,38.0,37.0,13.0,0.0,0.0,0.0,0.0,-0.0385,0.0,0.0118,0.0,0.0
17172.0,1.7535,0.0942,1.0,0.0799,1.202,2.0546,1.0546,2.289,1.289,26.6645,2.0666,26.3354,2.0534,100.0,0.0,0.0,0.0,25.25,0.0,26.375,0.0,26.375,0.0,25.25,10.0,0.0,0.0097,52.4793,5.2479,2.0,4.2774,1.2525,0.2224,1.3879,0.0183,1.3656,1.005e-05,1.0011,0.0001,2.0633,12.0,0.0731,1.002,0.2674,2.649,0.0062,1.0166,0.0478,1.9015,0.0,0.0,0.0,-0.1498,26.0,25.0,38.0,37.0,14.0,0.0,0.0,0.0,0.0,-0.0381,0.0,0.0118,0.0,0.0
17173.0,1.754,0.0942,1.0,0.0798,1.2018,2.0546,1.0546,2.2887,1.2887,26.5494,2.062,26.3357,2.0534,100.0,0.0,0.0,0.0,25.125,0.0,26.25,0.0,26.25,0.0,25.375,10.0,0.0,0.01,52.4794,5.248,2.0,4.1917,1.249,0.1794,1.3832,0.0273,1.3666,1.005e-05,1.0011,0.0001,2.0551,12.0,0.0708,1.0019,0.2557,2.6296,0.0057,0.9782,0.0531,1.9466,0.0,0.0,0.0,-0.1499,25.0,25.0,38.0,37.0,14.0,0.0,0.0,0.0,0.0,-0.0386,0.0,0.0118,0.0,0.0
17174.0,1.754,0.0942,1.0,0.08,1.2021,2.0541,1.0541,2.2886,1.2886,26.6337,2.0653,26.3467,2.0539,100.0,0.0,0.0,0.0,25.25,0.0,26.25,0.0,26.375,0.0,25.25,10.0,0.0,0.0095,52.4795,5.2479,2.0,4.2637,1.2519,0.2587,1.3919,0.0252,1.3664,1.005e-05,1.0011,0.0001,2.0624,12.0,0.0704,1.0019,0.2627,2.6413,0.0062,1.0164,0.0451,1.8764,0.0,0.0,0.0,-0.1499,25.0,25.0,38.0,37.0,13.0,0.0,0.0,0.0,64.0,-0.0383,0.0,0.0122,0.0,0.0
17175.0,1.754,0.0942,1.0,0.0799,1.202,2.054,1.054,2.2884,1.2884,26.7931,2.0717,26.3577,2.0543,100.0,0.0,0.0,0.0,25.125,0.0,26.375,0.0,26.375,0.0,25.375,10.0,0.0,0.01,52.4794,5.2479,2.0,4.2955,1.2532,0.2678,1.3929,0.015,1.3653,1.004e-05,1.001,0.0001,2.0614,12.0,0.0675,1.0018,0.2322,2.5878,0.006,0.9984,0.0461,1.8857,0.0,0.0,0.0,-0.1497,25.0,25.0,38.0,37.0,15.0,0.0,0.0,0.0,64.0,0.12,0.0,0.0118,0.0,0.0
17176.0,1.7529,0.0941,1.0,0.0797,1.2014,2.0545,1.0545,2.2888,1.2888,26.7669,2.0707,26.3416,2.0537,100.0,0.0,0.0,0.0,25.125,0.0,26.375,0.0,26.25,0.0,25.375,10.0,0.0,0.0101,52.4794,5.248,2.0,4.3869,1.2569,0.2836,1.3946,0.0298,1.3669,1.004e-05,1.0009,0.0001,2.0619,12.0,0.0663,1.0018,0.2139,2.5521,0.0058,0.9832,0.045,1.875,0.0,0.0,0.0,-0.1495,25.0,25.0,38.0,37.0,13.0,0.0,0.0,0.0,64.0,0.3722,0.0,0.0119,0.0,0.0
17177.0,1.7548,0.0944,1.0,0.0796,1.2012,2.0547,1.0547,2.2889,1.2889,26.6592,2.0664,26.336,2.0534,100.0,0.0,0.0,0.0,25.125,0.0,26.375,0.0,26.375,0.0,25.25,10.0,0.0,0.0101,52.479,5.2479,2.0,4.3692,1.2562,0.2835,1.3946,0.021,1.3659,1.004e-05,1.001,0.0001,2.0596,12.0,0.0665,1.0018,0.267,2.6484,0.0061,1.0058,0.0385,1.8077,0.0,0.0,0.0,-0.1497,26.0,25.0,38.0,38.0,13.0,0.0,0.0,0.0,64.0,0.5896,0.0,0.0119,0.0,0.0
17178.0,1.7545,0.0943,1.0,0.0798,1.2018,2.0546,1.0546,2.2884,1.2884,26.5614,2.0625,26.3353,2.0534,100.0,0.0,0.0,0.0,25.25,0.0,26.375,0.0,26.375,0.0,25.375,10.0,0.0,0.0106,52.4787,5.2479,2.0,4.3647,1.256,0.276,1.3937,0.0113,1.3649,1.004e-05,1.001,0.0001,2.0559,12.0,0.0683,1.0018,0.2556,2.6293,0.0063,1.022,0.0394,1.8178,0.0,0.0,0.0,-0.1497,26.0,25.0,38.0,38.0,12.0,0.0,0.0,0.0,64.0,0.688,0.0,0.0119,0.0,0.0
17179.0,1.754,0.0943,1.0,0.0799,1.2019,2.0543,1.0543,2.2882,1.2882,26.6001,2.064,26.345,2.0538,100.0,0.0,0.0,0.0,25.125,0.0,26.25,0.0,26.375,0.0,25.25,10.0,0.0,0.01,52.479,5.2479,2.0,4.4082,1.2577,0.3118,1.3977,0.0306,1.367,1.004e-05,1.001,0.0001,2.0538,12.0,0.0663,1.0018,0.2745,2.6603,0.0064,1.0308,0.0394,1.817,0.0,0.0,0.0,-0.1497,26.0,25.0,38.0,38.0,15.0,0.0,0.0,0.0,64.0,0.908,0.0,0.0118,0.0,0.0
17180.0,1.754,0.0943,1.0,0.08,1.2024,2.0539,1.0539,2.2883,1.2883,26.7695,2.0708,26.3622,2.0545,100.0,0.0,0.0,0.0,25.25,0.0,26.25,0.0,26.25,0.0,25.25,10.0,0.0,0.0101,52.4788,5.2478,2.0,4.4522,1.2594,0.3356,1.4002,0.0236,1.3662,1.005e-05,1.0011,0.0001,2.0608,12.0,0.071,1.0019,0.2403,2.6026,0.006,0.9972,0.037,1.7902,0.0,0.0,0.0,-0.1496,26.0,25.0,38.0,38.0,13.0,0.0,0.0,0.0,64.0,1.1382,0.0,0.0122,0.0,0.0
17181.0,1.755,0.0944,1.0,0.0801,1.2025,2.0543,1.0543,2.289,1.289,26.8074,2.0723,26.3455,2.0538,100.0,0.0,0.0,0.0,25.125,0.0,26.25,0.0,26.375,0.0,25.375,10.0,0.0,0.0101,52.4786,5.2479,2.0,4.4563,1.2596,0.3258,1.3992,0.0141,1.3652,1.005e-05,1.0012,0.0001,2.0584,12.0,0.0756,1.002,0.2345,2.592,0.0059,0.9955,0.0362,1.7803,0.0,0.0,0.0,-0.1497,26.0,25.0,38.0,37.0,13.0,0.0,0.0,0.0,64.0,1.2548,0.0,0.0121,0.0,0.0
17182.0,1.7559,0.0945,1.0,0.0799,1.2021,2.0546,1.0546,2.2886,1.2886,26.7195,2.0688,26.3386,2.0535,100.0,0.0,0.0,0.0,25.25,0.0,26.5,0.0,26.375,0.0,25.25,10.0,0.0,0.0102,52.4786,5.2479,2.0,4.4973,1.2612,0.3263,1.3992,0.0332,1.3673,1.005e-05,1.0011,0.0001,2.059,12.0,0.0761,1.002,0.2261,2.5761,0.006,0.9979,0.0526,1.9425,0.0,0.0,0.0,-0.1496,26.0,25.0,38.0,37.0,16.0,0.0,0.0,0.0,64.0,1.4649,0.0,0.0117,0.0,0.0
17183.0,1.7572,0.0946,1.0,0.0799,1.202,2.0547,1.0547,2.2885,1.2885,26.5916,2.0637,26.3325,2.0533,100.0,0.0,0.0,0.0,25.25,0.0,26.25,0.0,26.25,0.0,25.375,10.0,0.0,0.0097,52.4802,5.2479,2.0,5.0466,1.2812,0.9399,1.4662,0.021,1.3659,1.005e-05,1.0012,0.0001,2.0607,12.0,0.0743,1.002,0.2036,2.5307,0.0061,1.0093,0.0441,1.8663,0.0,0.0,0.0,-0.1499,26.0,25.0,38.0,37.0,13.0,0.0,0.0,0.0,64.0,1.5892,0.0,0.0119,0.0,0.0
17184.0,1.7582,0.0948,1.0,0.08,1.2024,2.054,1.054,2.2886,1.2886,26.5816,2.0633,26.3412,2.0536,100.0,0.0,0.0,0.0,25.25,0.0,26.25,0.0,26.375,0.0,25.375,10.0,0.0,0.0098,52.4788,5.2478,2.0,5.254,1.2882,0.8773,1.4593,0.014,1.3652,1.005e-05,1.0011,0.0001,2.0565,12.0,0.0706,1.0019,0.2624,2.6408,0.0062,1.014,0.0442,1.8674,0.0,0.0,0.0,-0.1498,26.0,25.0,38.0,37.0,13.0,0.0,0.0,0.0,64.0,1.7591,0.0,0.012,0.0,0.0
17185.0,1.7582,0.0948,1.0,0.0799,1.2021,2.0537,1.0537,2.2883,1.2883,26.7861,2.0714,26.3503,2.054,100.0,0.0,0.0,0.0,25.25,0.0,26.25,0.0,26.375,0.0,25.375,10.0,0.0,0.0106,52.4783,5.2478,2.0,5.1684,1.2853,0.7658,1.4472,0.0278,1.3667,1.004e-05,1.001,0.0001,2.0602,12.0,0.0671,1.0018,0.2378,2.598,0.007,1.0695,0.0567,1.9758,0.0,0.0,0.0,-0.1497,26.0,25.0,38.0,37.0,13.0,0.0,0.0,0.0,64.0,1.932,0.0,0.012,0.0,0.0
17186.0,1.7582,0.0948,1.0,0.0798,1.2017,2.0542,1.0542,2.2887,1.2887,26.8146,2.0726,26.3379,2.0535,100.0,0.0,0.0,0.0,25.25,0.0,26.375,0.0,26.375,0.0,25.375,10.0,0.0,0.01,52.4783,5.2478,2.0,5.1002,1.283,0.6759,1.4374,0.019,1.3657,1.004e-05,1.001,0.0001,2.0601,12.0,0.0694,1.0019,0.1922,2.5055,0.006,1.0003,0.0599,1.9994,0.0,0.0,0.0,-0.1495,26.0,25.0,38.0,37.0,13.0,0.0,0.0,0.0,64.0,2.1587,0.0,0.0119,0.0,0.0
17187.0,1.7582,0.0948,1.0,0.0798,1.2016,2.0546,1.0546,2.2886,1.2886,26.7104,2.0684,26.3279,2.0531,100.0,0.0,0.0,0.0,25.125,0.0,26.375,0.0,26.25,0.0,25.375,10.0,0.0,0.0099,52.4783,5.2478,2.0,4.9817,1.2789,0.5876,1.4277,0.0197,1.3658,1.004e-05,1.001,0.0001,2.0623,12.0,0.0668,1.0018,0.2048,2.5332,0.0067,1.0487,0.0528,1.9446,0.0,0.0,0.0,-0.1497,26.0,25.0,38.0,37.0,15.0,0.0,0.0,0.0,64.0,2.3171,0.0,0.0122,0.0,0.0
17188.0,1.7577,0.0947,1.0,0.0798,1.2017,2.0546,1.0546,2.2885,1.2885,26.6032,2.0641,26.3232,2.0529,100.0,0.0,0.0,0.0,25.125,0.0,26.375,0.0,26.375,0.0,25.375,10.0,0.0,0.0102,52.4782,5.2478,2.0,4.9891,1.2792,0.5301,1.4215,0.0274,1.3666,1.004e-05,1.0009,0.0001,2.0609,12.0,0.0664,1.0018,0.2058,2.5354,0.0059,0.9962,0.0461,1.8854,0.0,0.0,0.0,-0.1496,26.0,25.0,38.0,37.0,13.0,0.0,0.0,0.0,64.0,2.4818,0.0,0.0119,0.0,0.0
17189.0,1.7578,0.0947,1.0,0.0797,1.2015,2.0545,1.0545,2.2883,1.2883,26.5699,2.0628,26.3381,2.0535,100.0,0.0,0.0,0.0,25.125,0.0,26.375,0.0,26.375,0.0,25.375,10.0,0.0,0.0101,52.4779,5.2478,2.0,4.9081,1.2764,0.5063,1.4189,0.0166,1.3655,1.004e-05,1.0009,0.0001,2.057,12.0,0.066,1.0018,0.2303,2.5841,0.0059,0.9903,0.0493,1.9151,0.0,0.0,0.0,-0.1498,26.0,25.0,38.0,37.0,14.0,0.0,0.0,0.0,64.0,2.6699,0.0,0.0118,0.0,0.0
17190.0,1.755,0.0944,1.0,0.0798,1.2018,2.0539,1.0539,2.2882,1.2882,26.7634,2.0705,26.3621,2.0545,100.0,0.0,0.0,0.0,25.125,0.0,26.25,0.0,26.25,0.0,25.375,10.0,0.0,0.0097,52.4775,5.2478,2.0,4.929,1.2771,0.4656,1.4144,0.0289,1.3668,1.004e-05,1.001,0.0001,2.062,12.0,0.0655,1.0017,0.1759,2.4671,0.006,0.9985,0.0573,1.9797,0.0,0.0,0.0,-0.1498,25.0,25.0,38.0,37.0,13.0,0.0,0.0,0.0,64.0,2.844,0.0,0.0118,0.0,0.0
17191.0,1.754,0.0942,1.0,0.0798,1.2016,2.0541,1.0541,2.2886,1.2886,26.8155,2.0726,26.3489,2.054,100.0,0.0,0.0,0.0,25.25,0.0,26.25,0.0,26.375,0.0,25.375,10.0,0.0,0.0098,52.4778,5.2478,2.0,4.9096,1.2764,0.3997,1.4072,0.0273,1.3666,1.005e-05,1.0011,0.0001,2.0612,12.0,0.0695,1.0019,0.1561,2.4153,0.0062,1.0135,0.0561,1.971,0.0,0.0,0.0,-0.1497,25.0,25.0,38.0,37.0,12.0,0.0,0.0,0.0,64.0,3.0609,0.0,0.0119,0.0,0.0
17192.0,1.7539,0.0942,1.0,0.0801,1.2025,2.0549,1.0549,2.2886,1.2886,26.7561,2.0702,26.3401,2.0536,100.0,0.0,0.0,0.0,25.25,0.0,26.25,0.0,26.25,0.0,25.375,10.0,0.0,0.0099,52.4776,5.2478,2.0,4.8162,1.2731,0.3096,1.3974,0.0182,1.3656,1.005e-05,1.0011,0.0001,2.057,12.0,0.0743,1.002,0.1629,2.4338,0.0064,1.0297,0.0604,2.0031,0.0,0.0,0.0,-0.1497,25.0,25.0,38.0,37.0,14.0,0.0,0.0,0.0,64.0,3.2201,0.0,0.012,0.0,0.0
17193.0,1.7549,0.0944,1.0,0.0801,1.2026,2.0547,1.0547,2.2886,1.2886,26.6432,2.0657,26.3358,2.0534,100.0,0.0,0.0,0.0,25.125,0.0,26.375,0.0,26.25,0.0,25.375,10.0,0.0,0.0097,52.4776,5.2478,2.0,4.7791,1.2717,0.2952,1.3958,0.0269,1.3666,1.005e-05,1.0012,0.0001,2.0634,12.0,0.0741,1.002,0.1566,2.4166,0.0053,0.9446,0.0646,2.0324,0.0,0.0,0.0,-0.1495,25.0,25.0,38.0,37.0,14.0,0.0,0.0,0.0,64.0,3.3615,0.0,0.0123,0.0,0.0
17194.0,1.755,0.0944,1.0,0.0801,1.2025,2.0545,1.0545,2.2883,1.2883,26.5756,2.063,26.3367,2.0535,100.0,0.0,0.0,0.0,25.125,0.0,26.375,0.0,26.25,0.0,25.25,10.0,0.0,0.0103,52.4775,5.2477,2.0,4.7239,1.2697,0.2346,1.3892,0.0233,1.3662,1.005e-05,1.0012,0.0001,2.0559,12.0,0.0755,1.002,0.1717,2.4566,0.0056,0.9682,0.0636,2.0255,0.0,0.0,0.0,-0.1497,26.0,25.0,38.0,37.0,13.0,0.0,0.0,0.0,64.0,3.5837,0.0,0.012,0.0,0.0
17195.0,1.756,0.0945,1.0,0.08,1.2024,2.0541,1.0541,2.2882,1.2882,26.6882,2.0675,26.36,2.0544,100.0,0.0,0.0,0.0,25.125,0.0,26.375,0.0,26.375,0.0,25.25,10.0,0.0,0.0099,52.4776,5.2477,2.0,4.7647,1.2712,0.3992,1.4072,0.0154,1.3653,1.005e-05,1.0011,0.0001,2.0616,12.0,0.075,1.002,0.1607,2.4279,0.0062,1.016,0.0557,1.9678,0.0,0.0,0.0,-0.1499,26.0,25.0,38.0,37.0,14.0,0.0,0.0,0.0,64.0,3.7719,0.0,0.0123,0.0,0.0
17196.0,1.7572,0.0946,1.0,0.0798,1.2018,2.0544,1.0544,2.2885,1.2885,26.8099,2.0724,26.3516,2.0541,100.0,0.0,0.0,0.0,25.25,0.0,26.375,0.0,26.375,0.0,25.25,10.0,0.0,0.0098,52.4774,5.2478,2.0,4.9777,1.2788,0.411,1.4085,0.0298,1.3669,1.005e-05,1.0011,0.0001,2.0637,12.0,0.0735,1.002,0.1656,2.4408,0.0055,0.9586,0.0639,2.0274,0.0,0.0,0.0,-0.1496,26.0,25.0,38.0,37.0,14.0,0.0,0.0,0.0,64.0,3.9118,0.0,0.0124,0.0,0.0
17197.0,1.7582,0.0948,1.0,0.08,1.2023,2.0546,1.0546,2.2886,1.2886,26.7655,2.0706,26.3393,2.0536,100.0,0.0,0.0,0.0,25.25,0.0,26.25,0.0,26.25,0.0,25.25,10.0,0.0,0.0093,52.4772,5.2477,2.0,5.0181,1.2802,0.43,1.4105,0.0237,1.3662,1.005e-05,1.0011,0.0001,2.0577,12.0,0.0709,1.0019,0.1107,2.2658,0.0063,1.0206,0.0595,1.9964,0.0,0.0,0.0,-0.1499,26.0,25.0,38.0,37.0,14.0,0.0,0.0,0.0,64.0,4.1191,0.0,0.0123,0.0,0.0
17198.0,1.7573,0.0947,1.0,0.0799,1.2021,2.0546,1.0546,2.2886,1.2886,26.6566,2.0663,26.3281,2.0531,100.0,0.0,0.0,0.0,25.125,0.0,26.25,0.0,26.375,0.0,25.375,10.0,0.0,0.0102,52.4769,5.2477,2.0,4.974,1.2787,0.4106,1.4084,0.0129,1.365,1.005e-05,1.0011,0.0001,2.0627,12.0,0.0709,1.0019,0.1728,2.4593,0.006,1.0021,0.0672,2.0491,0.0,0.0,0.0,-0.1495,25.0,25.0,38.0,37.0,12.0,0.0,0.0,0.0,64.0,4.2701,0.0,0.0118,0.0,0.0
17199.0,1.7572,0.0946,1.0,0.08,1.2024,2.0546,1.0546,2.2883,1.2883,26.5584,2.0623,26.3452,2.0538,100.0,0.0,0.0,0.0,25.25,0.0,26.375,0.0,26.375,0.0,25.375,10.0,0.0,0.01,52.477,5.2477,2.0,4.9982,1.2795,0.3893,1.4061,0.0292,1.3668,1.004e-05,1.001,0.0001,2.0627,12.0,0.0694,1.0019,0.1895,2.4995,0.006,1.0009,0.0637,2.0262,0.0,0.0,0.0,-0.1494,25.0,25.0,38.0,37.0,13.0,0.0,0.0,0.0,64.0,4.4375,0.0,0.0118,0.0,0.0
17200.0,1.7572,0.0946,1.0,0.0799,1.202,2.0541,1.0541,2.2882,1.2882,26.6837,2.0673,26.3593,2.0544,100.0,0.0,0.0,0.0,25.25,0.0,26.25,0.0,26.375,0.0,25.375,10.0,0.0,0.0105,52.4771,5.2477,2.0,4.9526,1.2779,0.3691,1.4039,0.0205,1.3659,1.005e-05,1.001,0.0001,2.0649,12.0,0.0695,1.0019,0.1912,2.5034,0.006,1.0005,0.0702,2.0683,0.0,0.0,0.0,-0.1497,25.0,25.0,38.0,37.0,13.0,0.0,0.0,0.0,64.0,4.6739,0.0,0.0121,0.0,0.0
17201.0,1.7567,0.0946,1.0,0.0798,1.2017,2.0543,1.0543,2.2884,1.2884,26.8093,2.0724,26.3575,2.0543,100.0,0.0,0.0,0.0,25.25,0.0,26.5,0.0,26.375,0.0,25.375,10.0,0.0,0.0107,52.4769,5.2477,2.0,4.9646,1.2784,0.3398,1.4007,0.0114,1.3649,1.004e-05,1.001,0.0001,2.0661,12.0,0.067,1.0018,0.1702,2.4529,0.0055,0.9624,0.0645,2.0313,0.0,0.0,0.0,-0.1498,25.0,25.0,38.0,37.0,13.0,0.0,0.0,0.0,64.0,4.8702,0.0,0.0117,0.0,0.0
17202.0,1.757,0.0946,1.0,0.0799,1.202,2.0546,1.0546,2.2886,1.2886,26.757,2.0703,26.3396,2.0536,100.0,0.0,0.0,0.0,25.125,0.0,26.25,0.0,26.375,0.0,25.375,10.0,0.0,0.0093,52.4768,5.2477,2.0,5.0075,1.2798,0.36,1.4029,0.0294,1.3668,1.005e-05,1.0011,0.0001,2.0632,12.0,0.0737,1.002,0.1574,2.4189,0.0055,0.9656,0.0612,2.0083,0.0,0.0,0.0,-0.1497,26.0,25.0,38.0,37.0,14.0,0.0,0.0,0.0,64.0,5.004,0.0,0.012,0.0,0.0
17203.0,1.7572,0.0946,1.0,0.0798,1.2017,2.0546,1.0546,2.2886,1.2886,26.6611,2.0664,26.3374,2.0535,100.0,0.0,0.0,0.0,25.25,0.0,26.25,0.0,26.25,0.0,25.375,10.0,0.0,0.01,52.4766,5.2476,2.0,4.9889,1.2792,0.316,1.3981,0.0202,1.3658,1.005e-05,1.0011,0.0001,2.0654,12.0,0.0714,1.0019,0.1446,2.3819,0.0055,0.9591,0.0708,2.0718,0.0,0.0,0.0,-0.1498,26.0,25.0,38.0,37.0,14.0,0.0,0.0,0.0,64.0,5.2099,0.0,0.0117,0.0,0.0
17204.0,1.7571,0.0946,1.0,0.08,1.2022,2.0547,1.0547,2.2884,1.2884,26.5642,2.0626,26.3347,2.0534,100.0,0.0,0.0,0.0,25.125,0.0,26.25,0.0,26.375,0.0,25.375,10.0,0.0,0.0098,52.4766,5.2477,2.0,5.0102,1.2799,0.3642,1.4034,0.0117,1.3649,1.005e-05,1.0012,0.0001,2.065,12.0,0.0723,1.0019,0.1415,2.3726,0.0063,1.0201,0.0628,2.0199,0.0,0.0,0.0,-0.1497,26.0,25.0,38.0,37.0,13.0,0.0,0.0,0.0,64.0,5.4226,0.0,0.012,0.0,0.0
17205.0,1.7571,0.0946,1.0,0.0798,1.2018,2.0542,1.0542,2.2883,1.2883,26.628,2.0651,26.3548,2.0542,100.0,0.0,0.0,0.0,25.125,0.0,26.25,0.0,26.375,0.0,25.375,10.0,0.0,0.0101,52.4765,5.2476,2.0,5.0454,1.2812,0.3376,1.4005,0.0311,1.367,1.005e-05,1.0012,0.0001,2.0593,12.0,0.0761,1.002,0.1322,2.3432,0.0056,0.9729,0.066,2.0412,0.0,0.0,0.0,-0.1495,26.0,25.0,38.0,37.0,15.0,0.0,0.0,0.0,64.0,5.589,0.0,0.0123,0.0,0.0
17206.0,1.7572,0.0946,1.0,0.0803,1.2032,2.0543,1.0543,2.288,1.288,26.788,2.0715,26.3597,2.0544,100.0,0.0,0.0,0.0,25.125,0.0,26.25,0.0,26.25,0.0,25.25,10.0,0.0,0.0104,52.4766,5.2477,2.0,4.941,1.2775,0.2413,1.39,0.0206,1.3659,1.005e-05,1.0012,0.0001,2.0659,12.0,0.0739,1.002,0.113,2.2748,0.0067,1.0479,0.0606,2.004,0.0,0.0,0.0,-0.1495,26.0,25.0,38.0,37.0,15.0,0.0,0.0,0.0,64.0,5.7767,0.0,0.012,0.0,0.0
17207.0,1.7572,0.0946,1.0,0.0802,1.2028,2.0548,1.0548,2.2883,1.2883,26.789,2.0716,26.3451,2.0538,100.0,0.0,0.0,0.0,25.25,0.0,26.25,0.0,26.25,0.0,25.375,10.0,0.0,0.01,52.4764,5.2476,2.0,4.8896,1.2757,0.1862,1.3839,0.012,1.3649,1.005e-05,1.0012,0.0001,2.0625,12.0,0.0775,1.0021,0.1142,2.2795,0.0061,1.0053,0.0607,2.005,0.0,0.0,0.0,-0.1498,26.0,25.0,38.0,37.0,12.0,0.0,0.0,0.0,64.0,5.9728,0.0,0.012,0.0,0.0
17208.0,1.7562,0.0945,1.0,0.0799,1.2021,2.055,1.055,2.2881,1.2881,26.6759,2.067,26.3368,2.0535,100.0,0.0,0.0,0.0,25.25,0.0,26.25,0.0,26.375,0.0,25.25,10.0,0.0,0.0101,52.4763,5.2476,2.0,4.8416,1.274,0.1977,1.3852,0.0279,1.3667,1.005e-05,1.0012,0.0001,2.0647,12.0,0.0759,1.002,0.1313,2.34,0.0062,1.0123,0.0564,1.9731,0.0,0.0,0.0,-0.1498,26.0,25.0,38.0,37.0,14.0,0.0,0.0,0.0,64.0,6.0852,0.0,0.0121,0.0,0.0
17209.0,1.7561,0.0945,1.0,0.0798,1.2016,2.0549,1.0549,2.2882,1.2882,26.5506,2.062,26.3384,2.0535,100.0,0.0,0.0,0.0,25.25,0.0,26.375,0.0,26.375,0.0,25.375,10.0,0.0,0.0098,52.4761,5.2476,2.0,4.836,1.2738,0.1044,1.375,0.0158,1.3654,1.005e-05,1.0011,0.0001,2.0609,12.0,0.0724,1.0019,0.1643,2.4375,0.0058,0.9858,0.0547,1.9601,0.0,0.0,0.0,-0.1497,26.0,25.0,38.0,37.0,13.0,0.0,0.0,0.0,64.0,6.363,0.0,0.0122,0.0,0.0
17210.0,1.7561,0.0945,1.0,0.08,1.2022,2.0542,1.0542,2.2883,1.2883,26.6187,2.0647,26.3553,2.0542,100.0,0.0,0.0,0.0,25.125,0.0,26.25,0.0,26.375,0.0,25.25,10.0,0.0,0.01,52.4761,5.2476,2.0,4.6755,1.2679,0.0124,1.365,0.0119,1.3649,1.004e-05,1.001,0.0001,2.0568,12.0,0.0683,1.0018,0.185,2.4889,0.0066,1.0427,0.0514,1.9325,0.0,0.0,0.0,-0.1495,25.0,25.0,38.0,38.0,13.0,0.0,0.0,0.0,64.0,6.551,0.0,0.0122,0.0,0.0
17211.0,1.7571,0.0946,1.0,0.0799,1.2021,2.0543,1.0543,2.2883,1.2883,26.7764,2.0711,26.3606,2.0544,100.0,0.0,0.0,0.0,25.25,0.0,26.25,0.0,26.25,0.0,25.25,10.0,0.0,0.0102,52.4762,5.2476,2.0,4.6683,1.2677,0.0858,1.373,0.0258,1.3665,1.005e-05,1.001,0.0001,2.0651,12.0,0.0699,1.0019,0.1707,2.4541,0.0059,0.994,0.0524,1.9408,0.0,0.0,0.0,-0.1497,25.0,25.0,38.0,38.0,14.0,0.0,0.0,0.0,64.0,6.7928,0.0,0.0119,0.0,0.0
17212.0,1.7563,0.0945,1.0,0.0799,1.202,2.0543,1.0543,2.2887,1.2887,26.795,2.0718,26.3357,2.0534,100.0,0.0,0.0,0.0,25.125,0.0,26.25,0.0,26.375,0.0,25.375,10.0,0.0,0.0094,52.476,5.2476,2.0,4.7931,1.2722,0.1149,1.3762,0.0149,1.3653,1.004e-05,1.001,0.0001,2.0622,12.0,0.0671,1.0018,0.1301,2.3362,0.0057,0.9797,0.0438,1.8629,0.0,0.0,0.0,-0.15,25.0,25.0,38.0,38.0,16.0,0.0,0.0,0.0,64.0,6.9888,0.0,0.0121,0.0,0.0
17213.0,1.7572,0.0946,1.0,0.0802,1.2027,2.0546,1.0546,2.2886,1.2886,26.7198,2.0688,26.329,2.0532,100.0,0.0,0.0,0.0,25.25,0.0,26.25,0.0,26.375,0.0,25.375,10.0,0.0,0.0095,52.4761,5.2476,2.0,4.7603,1.2711,0.0576,1.3699,0.0197,1.3658,1.005e-05,1.0011,0.0001,2.0589,12.0,0.07,1.0019,0.1605,2.4274,0.0062,1.0134,0.0502,1.9222,0.0,0.0,0.0,-0.1495,25.0,25.0,38.0,38.0,14.0,0.0,0.0,0.0,64.0,7.088,0.0,0.0121,0.0,0.0
17214.0,1.7573,0.0947,1.0,0.0799,1.202,2.0547,1.0547,2.2884,1.2884,26.5963,2.0639,26.3345,2.0534,100.0,0.0,0.0,0.0,25.125,0.0,26.25,0.0,26.25,0.0,25.375,10.0,0.0,0.01,52.4756,5.2475,2.0,4.6448,1.2668,-0.0045,1.3632,0.0262,1.3665,1.005e-05,1.0011,0.0001,2.0616,12.0,0.0706,1.0019,0.1404,2.3693,0.0059,0.9932,0.0475,1.8989,0.0,0.0,0.0,-0.1493,25.0,25.0,38.0,37.0,14.0,0.0,0.0,0.0,64.0,7.3711,0.0,0.0117,0.0,0.0
17215.0,1.7558,0.0945,1.0,0.0797,1.2014,2.0544,1.0544,2.2882,1.2882,26.5783,2.0631,26.3411,2.0536,100.0,0.0,0.0,0.0,25.25,0.0,26.375,0.0,26.25,0.0,25.25,10.0,0.0,0.0099,52.4753,5.2475,2.0,4.6684,1.2677,-0.0092,1.3626,0.0159,1.3654,1.005e-05,1.0011,0.0001,2.0622,12.0,0.0714,1.0019,0.2204,2.5651,0.0063,1.0178,0.0446,1.8716,0.0,0.0,0.0,-0.1497,25.0,25.0,38.0,37.0,14.0,0.0,0.0,0.0,64.0,7.4737,0.0,0.0117,0.0,0.0
17216.0,1.755,0.0944,1.0,0.0799,1.202,2.054,1.054,2.2882,1.2882,26.7384,2.0695,26.3632,2.0545,100.0,0.0,0.0,0.0,25.25,0.0,26.25,0.0,26.25,0.0,25.375,10.0,0.0,0.0088,52.4754,5.2475,2.0,4.6262,1.2661,-0.0167,1.3618,0.0275,1.3666,1.005e-05,1.0012,0.0001,2.0629,12.0,0.0739,1.002,0.2292,2.5821,0.0064,1.0274,0.0441,1.866,0.0,0.0,0.0,-0.1491,25.0,25.0,38.0,37.0,12.0,0.0,0.0,0.0,64.0,6.8642,0.0,0.0118,0.0,0.0
17217.0,1.7549,0.0944,1.0,0.08,1.2022,2.0542,1.0542,2.2887,1.2887,26.8049,2.0722,26.3379,2.0535,100.0,0.0,0.0,0.0,25.125,0.0,26.25,0.0,26.5,0.0,25.25,10.0,0.0,0.0105,52.4753,5.2475,2.0,4.5539,1.2634,-0.1016,1.3526,0.0258,1.3665,1.005e-05,1.0012,0.0001,2.0626,12.0,0.0755,1.002,0.1731,2.4602,0.0052,0.9392,0.0397,1.8203,0.0,0.0,0.0,-0.1492,25.0,25.0,38.0,37.0,12.0,0.0,0.0,0.0,64.0,7.9292,0.0,0.0121,0.0,0.0
17218.0,1.753,0.0941,1.0,0.0802,1.2029,2.0546,1.0546,2.2889,1.2889,26.7242,2.069,26.3279,2.0531,100.0,0.0,0.0,0.0,25.25,0.0,26.375,0.0,26.25,0.0,25.375,10.0,0.0,0.0096,52.4752,5.2475,2.0,4.4266,1.2584,-0.2007,1.3417,0.0142,1.3652,1.005e-05,1.0012,0.0001,2.0593,12.0,0.0764,1.002,0.1469,2.3888,0.0055,0.9597,0.0347,1.7624,0.0,0.0,0.0,-0.1499,25.0,25.0,38.0,37.0,15.0,0.0,0.0,0.0,64.0,8.0336,0.0,0.0121,0.0,0.0
17219.0,1.7539,0.0942,1.0,0.08,1.2023,2.0547,1.0547,2.2883,1.2883,26.5841,2.0634,26.3342,2.0534,100.0,0.0,0.0,0.0,25.25,0.0,26.25,0.0,26.375,0.0,25.375,10.0,0.0,0.0096,52.4754,5.2476,2.0,4.5104,1.2617,-0.0773,1.3552,0.0307,1.367,1.005e-05,1.0012,0.0001,2.0624,12.0,0.073,1.0019,0.1718,2.4569,0.0059,0.9915,0.0343,1.7574,0.0,0.0,0.0,-0.1497,26.0,25.0,38.0,37.0,16.0,0.0,0.0,0.0,64.0,8.2913,0.0,0.0117,0.0,0.0
17220.0,1.754,0.0942,1.0,0.0801,1.2025,2.0545,1.0545,2.2879,1.2879,26.5955,2.0638,26.3518,2.0541,100.0,0.0,0.0,0.0,25.25,0.0,26.25,0.0,26.375,0.0,25.375,10.0,0.0,0.01,52.4751,5.2475,2.0,4.56,1.2636,-0.0413,1.3591,0.021,1.3659,1.005e-05,1.0011,0.0001,2.0585,12.0,0.0713,1.0019,0.1676,2.4462,0.0055,0.9637,0.0505,1.9255,0.0,0.0,0.0,-0.1498,26.0,25.0,38.0,37.0,14.0,0.0,0.0,0.0,64.0,8.4043,0.0,0.0118,0.0,0.0
17221.0,1.754,0.0942,1.0,0.0801,1.2026,2.054,1.054,2.2879,1.2879,26.7414,2.0697,26.3619,2.0545,100.0,0.0,0.0,0.0,25.25,0.0,26.25,0.0,26.25,0.0,25.375,10.0,0.0,0.0095,52.475,5.2475,2.0,4.4805,1.2605,-0.1268,1.3498,0.0105,1.3648,1.005e-05,1.0011,0.0001,2.0596,12.0,0.0718,1.0019,0.1388,2.3643,0.0062,1.0154,0.0467,1.8914,0.0,0.0,0.0,-0.1496,26.0,25.0,38.0,37.0,14.0,0.0,0.0,0.0,64.0,8.6345,0.0,0.0116,0.0,0.0
17222.0,1.754,0.0942,1.0,0.0798,1.2018,2.0542,1.0542,2.2887,1.2887,26.803,2.0721,26.3458,2.0538,100.0,0.0,0.0,0.0,25.125,0.0,26.25,0.0,26.375,0.0,25.375,10.0,0.0,0.01,52.475,5.2475,2.0,4.4352,1.2588,-0.1368,1.3487,0.0291,1.3668,1.004e-05,1.001,0.0001,2.0623,12.0,0.068,1.0018,0.142,2.3741,0.0062,1.0164,0.0395,1.8189,0.0,0.0,0.0,-0.1494,26.0,25.0,38.0,37.0,13.0,0.0,0.0,0.0,64.0,8.7812,0.0,0.0115,0.0,0.0
17223.0,1.754,0.0942,1.0,0.0799,1.2021,2.0546,1.0546,2.2887,1.2887,26.7488,2.07,26.3299,2.0532,100.0,0.0,0.0,0.0,25.25,0.0,26.25,0.0,26.375,0.0,25.375,10.0,0.0,0.0101,52.4749,5.2475,2.0,4.3946,1.2572,-0.1607,1.3461,0.0197,1.3658,1.004e-05,1.001,0.0001,2.0622,12.0,0.0712,1.0019,0.1309,2.3387,0.0061,1.0083,0.0412,1.8364,0.0,0.0,0.0,-0.1495,25.0,25.0,38.0,37.0,13.0,0.0,0.0,0.0,64.0,8.9813,0.0,0.0121,0.0,0.0
17224.0,1.7542,0.0943,1.0,0.0798,1.2017,2.0547,1.0547,2.2886,1.2886,26.6338,2.0654,26.3284,2.0531,100.0,0.0,0.0,0.0,25.25,0.0,26.25,0.0,26.375,0.0,25.375,10.0,0.0,0.0101,52.4747,5.2475,2.0,4.3536,1.2555,-0.1848,1.3435,0.0107,1.3648,1.005e-05,1.0011,0.0001,2.0554,12.0,0.07,1.0019,0.114,2.2789,0.0059,0.992,0.0563,1.9723,0.0,0.0,0.0,-0.1497,25.0,25.0,38.0,37.0,15.0,0.0,0.0,0.0,64.0,9.1876,0.0,0.0117,0.0,0.0
17225.0,1.7549,0.0944,1.0,0.0799,1.2019,2.0545,1.0545,2.288,1.288,26.557,2.0623,26.3454,2.0538,100.0,0.0,0.0,0.0,25.125,0.0,26.375,0.0,26.25,0.0,25.375,10.0,0.0,0.0105,52.4745,5.2474,2.0,4.3061,1.2536,-0.2326,1.3383,0.0297,1.3669,1.005e-05,1.0012,0.0001,2.06,12.0,0.0732,1.002,0.1394,2.3662,0.0053,0.9449,0.0529,1.945,0.0,0.0,0.0,-0.1495,25.0,25.0,38.0,37.0,13.0,0.0,0.0,0.0,64.0,9.3524,0.0,0.0123,0.0,0.0
17226.0,1.7558,0.0945,1.0,0.0797,1.2015,2.0544,1.0544,2.2882,1.2882,26.6797,2.0672,26.3614,2.0545,100.0,0.0,0.0,0.0,25.25,0.0,26.25,0.0,26.375,0.0,25.375,10.0,0.0,0.0097,52.4744,5.2474,2.0,4.2049,1.2495,-0.3163,1.3291,0.0199,1.3658,1.005e-05,1.0011,0.0001,2.0592,12.0,0.0734,1.002,0.1096,2.2617,0.0066,1.0419,0.0542,1.9555,0.0,0.0,0.0,-0.1495,25.0,25.0,38.0,37.0,13.0,0.0,0.0,0.0,64.0,9.533,0.0,0.0121,0.0,0.0
17227.0,1.7572,0.0946,1.0,0.0798,1.2017,2.0541,1.0541,2.2885,1.2885,26.8056,2.0722,26.3529,2.0541,100.0,0.0,0.0,0.0,25.25,0.0,26.25,0.0,26.375,0.0,25.375,10.0,0.0,0.01,52.4745,5.2475,2.0,4.1963,1.2491,-0.2731,1.3338,0.0112,1.3649,1.005e-05,1.0011,0.0001,2.0536,12.0,0.0724,1.0019,0.1142,2.2795,0.0067,1.0511,0.05,1.9207,0.0,0.0,0.0,-0.1495,26.0,25.0,38.0,37.0,14.0,0.0,0.0,0.0,64.0,9.7128,0.0,0.0121,0.0,0.0
17228.0,1.7578,0.0947,1.0,0.0797,1.2015,2.0545,1.0545,2.2886,1.2886,26.7585,2.0703,26.3323,2.0533,100.0,0.0,0.0,0.0,25.125,0.0,26.375,0.0,26.25,0.0,25.375,10.0,0.0,0.0102,52.4743,5.2474,2.0,4.1572,1.2475,-0.3244,1.3282,0.0293,1.3668,1.005e-05,1.0011,0.0001,2.0607,12.0,0.0768,1.002,0.1186,2.2961,0.0063,1.0189,0.0473,1.8971,0.0,0.0,0.0,-0.15,26.0,25.0,38.0,37.0,12.0,0.0,0.0,0.0,64.0,9.8421,0.0,0.0121,0.0,0.0
17229.0,1.7587,0.0948,1.0,0.0802,1.2027,2.0547,1.0547,2.2886,1.2886,26.6601,2.0664,26.326,2.053,100.0,0.0,0.0,0.0,25.25,0.0,26.25,0.0,26.375,0.0,25.25,10.0,0.0,0.0096,52.4744,5.2474,2.0,4.1073,1.2454,-0.3077,1.3301,0.0199,1.3658,1.005e-05,1.0012,0.0001,2.0572,12.0,0.075,1.002,0.0963,2.2053,0.0063,1.0214,0.0468,1.8925,0.0,0.0,0.0,-0.1498,26.0,25.0,38.0,37.0,15.0,0.0,0.0,0.0,64.0,10.0487,0.0,0.0122,0.0,0.0
17230.0,1.7593,0.0949,1.0,0.0803,1.203,2.0546,1.0546,2.2884,1.2884,26.559,2.0624,26.3396,2.0536,100.0,0.0,0.0,0.0,25.25,0.0,26.25,0.0,26.375,0.0,25.375,10.0,0.0,0.0097,52.4743,5.2474,2.0,4.1508,1.2473,-0.2926,1.3317,0.0208,1.3659,1.005e-05,1.0012,0.0001,2.0589,12.0,0.0751,1.002,0.0863,2.1579,0.0062,1.0108,0.0432,1.8576,0.0,0.0,0.0,-0.1497,26.0,25.0,38.0,37.0,15.0,0.0,0.0,0.0,64.0,10.1983,0.0,0.0118,0.0,0.0
17231.0,1.7592,0.0949,1.0,0.0801,1.2024,2.0545,1.0545,2.2879,1.2879,26.6482,2.0659,26.3584,2.0543,100.0,0.0,0.0,0.0,25.25,0.0,26.375,0.0,26.375,0.0,25.375,10.0,0.0,0.0104,52.4742,5.2474,2.0,4.1781,1.2484,-0.2862,1.3324,0.0282,1.3667,1.005e-05,1.0011,0.0001,2.0609,12.0,0.0759,1.002,0.0951,2.2001,0.0063,1.0188,0.0417,1.8425,0.0,0.0,0.0,-0.1496,26.0,25.0,38.0,37.0,12.0,0.0,0.0,0.0,64.0,10.3779,0.0,0.0118,0.0,0.0
17232.0,1.7585,0.0948,1.0,0.0799,1.202,2.0545,1.0545,2.2882,1.2882,26.8081,2.0723,26.3608,2.0544,100.0,0.0,0.0,0.0,25.25,0.0,26.375,0.0,26.375,0.0,25.375,10.0,0.0,0.0095,52.4742,5.2474,2.0,4.018,1.2416,-0.3712,1.3231,0.0147,1.3652,1.005e-05,1.0011,0.0001,2.0588,12.0,0.0731,1.002,0.0899,2.1758,0.0067,1.0469,0.0397,1.8211,0.0,0.0,0.0,-0.1496,26.0,25.0,38.0,37.0,16.0,0.0,0.0,0.0,64.0,10.5496,0.0,0.0122,0.0,0.0
17233.0,1.7582,0.0948,1.0,0.0801,1.2026,2.0549,1.0549,2.2883,1.2883,26.765,2.0706,26.3404,2.0536,100.0,0.0,0.0,0.0,25.25,0.0,26.25,0.0,26.25,0.0,25.375,10.0,0.0,0.0103,52.4739,5.2474,2.0,4.0028,1.2409,-0.3688,1.3234,0.0307,1.367,1.004e-05,1.001,0.0001,2.0608,12.0,0.0705,1.0019,0.0724,2.0815,0.0071,1.076,0.0414,1.8388,0.0,0.0,0.0,-0.1498,26.0,25.0,38.0,37.0,14.0,0.0,0.0,0.0,64.0,10.7309,0.0,0.0118,0.0,0.0
17234.0,1.7592,0.0949,1.0,0.08,1.2024,2.0546,1.0546,2.2885,1.2885,26.6502,2.066,26.3357,2.0534,100.0,0.0,0.0,0.0,25.25,0.0,26.25,0.0,26.25,0.0,25.375,10.0,0.0,0.0104,52.4736,5.2473,2.0,3.9486,1.2386,-0.402,1.3198,0.0228,1.3661,1.004e-05,1.001,0.0001,2.0562,12.0,0.0702,1.0019,0.0804,2.127,0.0068,1.0562,0.0535,1.9501,0.0,0.0,0.0,-0.1497,26.0,25.0,38.0,37.0,14.0,0.0,0.0,0.0,64.0,10.9243,0.0,0.0119,0.0,0.0
17235.0,1.7595,0.0949,1.0,0.0798,1.2016,2.0547,1.0547,2.2883,1.2883,26.5504,2.062,26.3309,2.0532,100.0,0.0,0.0,0.0,25.125,0.0,26.375,0.0,26.25,0.0,25.25,10.0,0.0,0.0101,52.4735,5.2474,2.0,3.9151,1.2371,-0.425,1.3173,0.0128,1.365,1.004e-05,1.001,0.0001,2.0627,12.0,0.0677,1.0018,0.0634,2.0239,0.0059,0.9906,0.0521,1.939,0.0,0.0,0.0,-0.1494,26.0,25.0,38.0,37.0,14.0,0.0,0.0,0.0,64.0,11.084,0.0,0.012,0.0,0.0
17236.0,1.7612,0.0951,1.0,0.0798,1.2017,2.0542,1.0542,2.2882,1.2882,26.6147,2.0646,26.3525,2.0541,100.0,0.0,0.0,0.0,25.25,0.0,26.25,0.0,26.375,0.0,25.375,10.0,0.0,0.0103,52.4737,5.2473,2.0,3.8808,1.2356,-0.4211,1.3177,0.0314,1.3671,1.005e-05,1.0011,0.0001,2.0607,12.0,0.0702,1.0019,0.0779,2.1135,0.0062,1.0151,0.0485,1.9076,0.0,0.0,0.0,-0.1497,26.0,25.0,38.0,37.0,14.0,0.0,0.0,0.0,64.0,11.2864,0.0,0.0122,0.0,0.0
17237.0,1.7624,0.0953,1.0,0.0797,1.2015,2.0543,1.0543,2.2883,1.2883,26.8058,2.0722,26.3669,2.0547,100.0,0.0,0.0,0.0,25.25,0.0,26.5,0.0,26.375,0.0,25.375,10.0,0.0,0.011,52.4737,5.2474,2.0,3.9474,1.2385,-0.3933,1.3207,0.0229,1.3661,1.005e-05,1.001,0.0001,2.0555,12.0,0.0715,1.0019,0.0746,2.0947,0.0056,0.973,0.0608,2.0057,0.0,0.0,0.0,-0.1497,26.0,25.0,38.0,37.0,13.0,0.0,0.0,0.0,64.0,11.4455,0.0,0.0125,0.0,0.0
17238.0,1.7625,0.0953,1.0,0.0798,1.2018,2.0548,1.0548,2.2883,1.2883,26.7993,2.072,26.3559,2.0542,100.0,0.0,0.0,0.0,25.25,0.0,26.375,0.0,26.375,0.0,25.375,10.0,0.0,0.0103,52.4736,5.2473,2.0,3.8344,1.2335,-0.4466,1.3149,0.0146,1.3652,1.005e-05,1.0011,0.0001,2.0619,12.0,0.0744,1.002,0.0512,1.9312,0.0057,0.9799,0.0622,2.0156,0.0,0.0,0.0,-0.1495,26.0,25.0,38.0,37.0,15.0,0.0,0.0,0.0,64.0,11.6323,0.0,0.0121,0.0,0.0
17239.0,1.7619,0.0952,1.0,0.0798,1.2016,2.0555,1.0555,2.2882,1.2882,26.7009,2.068,26.347,2.0539,100.0,0.0,0.0,0.0,25.25,0.0,26.25,0.0,26.375,0.0,25.375,10.0,0.0,0.0098,52.4732,5.2473,2.0,3.8497,1.2342,-0.4115,1.3187,0.0337,1.3673,1.005e-05,1.0012,0.0001,2.0611,12.0,0.0739,1.002,0.0535,1.9503,0.0061,1.0091,0.0595,1.9961,0.0,0.0,0.0,-0.1495,26.0,25.0,38.0,37.0,12.0,0.0,0.0,0.0,64.0,11.8184,0.0,0.0121,0.0,0.0
17240.0,1.7613,0.0952,1.0,0.0802,1.2028,2.055,1.055,2.2881,1.2881,26.5814,2.0633,26.3353,2.0534,100.0,0.0,0.0,0.0,25.125,0.0,26.375,0.0,26.375,0.0,25.375,10.0,0.0,0.0097,52.4734,5.2473,2.0,3.8039,1.2321,-0.4453,1.3151,0.0231,1.3662,1.005e-05,1.0012,0.0001,2.0568,12.0,0.0747,1.002,0.0626,2.0182,0.0054,0.9549,0.0473,1.8966,0.0,0.0,0.0,-0.1497,26.0,25.0,38.0,37.0,15.0,0.0,0.0,0.0,64.0,11.9741,0.0,0.0117,0.0,0.0
17241.0,1.7604,0.0951,1.0,0.0801,1.2024,2.0543,1.0543,2.2883,1.2883,26.598,2.0639,26.3538,2.0542,100.0,0.0,0.0,0.0,25.125,0.0,26.25,0.0,26.25,0.0,25.375,10.0,0.0,0.0101,52.4734,5.2473,2.0,3.7697,1.2305,-0.4784,1.3114,0.0141,1.3652,1.005e-05,1.0012,0.0001,2.06,12.0,0.0757,1.002,0.0552,1.9635,0.0066,1.0385,0.0476,1.8996,0.0,0.0,0.0,-0.1494,26.0,25.0,38.0,37.0,13.0,0.0,0.0,0.0,64.0,12.1622,0.0,0.012,0.0,0.0
17242.0,1.7576,0.0947,1.0,0.0799,1.2019,2.054,1.054,2.2883,1.2883,26.7804,2.0712,26.3613,2.0545,100.0,0.0,0.0,0.0,25.125,0.0,26.25,0.0,26.25,0.0,25.25,10.0,0.0,0.0102,52.4731,5.2473,2.0,3.6475,1.2248,-0.5141,1.3075,0.0304,1.3669,1.005e-05,1.0012,0.0001,2.058,12.0,0.074,1.002,0.0481,1.9041,0.0065,1.0359,0.0663,2.0434,0.0,0.0,0.0,-0.1497,26.0,25.0,38.0,37.0,13.0,0.0,0.0,0.0,64.0,12.3411,0.0,0.0118,0.0,0.0
17243.0,1.7571,0.0946,1.0,0.0799,1.202,2.0543,1.0543,2.2887,1.2887,26.8061,2.0722,26.3459,2.0538,100.0,0.0,0.0,0.0,25.25,0.0,26.25,0.0,26.375,0.0,25.375,10.0,0.0,0.0096,52.473,5.2473,2.0,3.6124,1.2231,-0.5334,1.3055,0.0204,1.3659,1.005e-05,1.0011,0.0001,2.0529,12.0,0.0707,1.0019,0.0438,1.8632,0.0065,1.0317,0.0605,2.0039,0.0,0.0,0.0,-0.15,26.0,25.0,38.0,37.0,14.0,0.0,0.0,0.0,64.0,12.5328,0.0,0.0119,0.0,0.0
17244.0,1.7577,0.0947,1.0,0.08,1.2023,2.0546,1.0546,2.2882,1.2882,26.7017,2.0681,26.3365,2.0535,100.0,0.0,0.0,0.0,25.25,0.0,26.25,0.0,26.25,0.0,25.25,10.0,0.0,0.0102,52.4732,5.2474,2.0,3.6868,1.2267,-0.4547,1.314,0.0215,1.366,1.005e-05,1.0011,0.0001,2.0599,12.0,0.0685,1.0018,0.0405,1.8297,0.0065,1.0371,0.0586,1.9894,0.0,0.0,0.0,-0.1496,25.0,25.0,38.0,37.0,13.0,0.0,0.0,0.0,64.0,12.7168,0.0,0.0123,0.0,0.0
17245.0,1.7571,0.0946,1.0,0.08,1.2024,2.0546,1.0546,2.2884,1.2884,26.5925,2.0637,26.3257,2.053,100.0,0.0,0.0,0.0,25.125,0.0,26.25,0.0,26.25,0.0,25.25,10.0,0.0,0.0109,52.4729,5.2473,2.0,3.7135,1.2279,-0.4238,1.3174,0.0288,1.3668,1.004e-05,1.001,0.0001,2.0572,12.0,0.0693,1.0018,0.1108,2.2662,0.0052,0.9352,0.0644,2.031,0.0,0.0,0.0,-0.1496,25.0,25.0,38.0,37.0,13.0,0.0,0.0,0.0,64.0,12.9127,0.0,0.0117,0.0,0.0
17246.0,1.7561,0.0945,1.0,0.0797,1.2016,2.0543,1.0543,2.2883,1.2883,26.5945,2.0638,26.3407,2.0536,100.0,0.0,0.0,0.0,25.25,0.0,26.375,0.0,26.25,0.0,25.25,10.0,0.0,0.0106,52.4727,5.2473,2.0,3.7195,1.2282,-0.4046,1.3195,0.017,1.3655,1.005e-05,1.001,0.0001,2.0599,12.0,0.0699,1.0019,0.1077,2.2541,0.0059,0.9911,0.0685,2.0576,0.0,0.0,0.0,-0.1497,25.0,25.0,38.0,37.0,13.0,0.0,0.0,0.0,64.0,13.1338,0.0,0.012,0.0,0.0
17247.0,1.7541,0.0943,1.0,0.0799,1.2019,2.054,1.054,2.2882,1.2882,26.7667,2.0707,26.353,2.0541,100.0,0.0,0.0,0.0,25.125,0.0,26.25,0.0,26.25,0.0,25.375,10.0,0.0,0.0103,52.4727,5.2472,2.0,3.705,1.2275,-0.4309,1.3166,0.0296,1.3669,1.005e-05,1.0011,0.0001,2.0598,12.0,0.0727,1.0019,0.0965,2.2065,0.0064,1.0274,0.0694,2.0635,0.0,0.0,0.0,-0.1493,25.0,25.0,38.0,37.0,14.0,0.0,0.0,0.0,64.0,13.3114,0.0,0.0119,0.0,0.0
17248.0,1.7567,0.0946,1.0,0.0798,1.2017,2.0542,1.0542,2.2883,1.2883,26.8157,2.0726,26.3393,2.0536,100.0,0.0,0.0,0.0,25.125,0.0,26.25,0.0,26.25,0.0,25.25,10.0,0.0,0.0101,52.4728,5.2473,2.0,3.6193,1.2234,-0.4581,1.3137,0.0281,1.3667,1.005e-05,1.0012,0.0001,2.0567,12.0,0.0732,1.002,0.1799,2.477,0.0059,0.9908,0.0793,2.121,0.0,0.0,0.0,-0.1498,26.0,25.0,38.0,37.0,13.0,0.0,0.0,0.0,64.0,13.5058,0.0,0.0122,0.0,0.0
17249.0,1.7571,0.0946,1.0,0.0798,1.2016,2.0546,1.0546,2.2881,1.2881,26.7381,2.0695,26.3388,2.0536,100.0,0.0,0.0,0.0,25.125,0.0,26.5,0.0,26.25,0.0,25.25,10.0,0.0,0.0092,52.4723,5.2473,2.0,3.6375,1.2243,-0.4468,1.3149,0.0178,1.3656,1.005e-05,1.0011,0.0001,2.0607,12.0,0.0748,1.002,0.1646,2.4383,0.0054,0.9529,0.0724,2.0819,0.0,0.0,0.0,-0.1499,26.0,25.0,38.0,37.0,16.0,0.0,0.0,0.0,64.0,13.6745,0.0,0.0121,0.0,0.0
17250.0,1.7571,0.0946,1.0,0.08,1.2024,2.0551,1.0551,2.2884,1.2884,26.6214,2.0649,26.3347,2.0534,100.0,0.0,0.0,0.0,25.25,0.0,26.375,0.0,26.5,0.0,25.375,10.0,0.0,0.0101,52.4721,5.2472,2.0,3.6331,1.2241,-0.3425,1.3263,0.0347,1.3674,1.005e-05,1.0012,0.0001,2.0593,12.0,0.0749,1.002,0.1412,2.3718,0.0058,0.9861,0.076,2.1028,0.0,0.0,0.0,-0.1496,26.0,25.0,38.0,37.0,14.0,0.0,0.0,0.0,64.0,13.8568,0.0,0.012,0.0,0.0
17251.0,1.7571,0.0946,1.0,0.0801,1.2025,2.0546,1.0546,2.2882,1.2882,26.571,2.0628,26.3461,2.0538,100.0,0.0,0.0,0.0,25.125,0.0,26.25,0.0,26.25,0.0,25.375,10.0,0.0,0.0101,52.4723,5.2473,2.0,3.7078,1.2276,-0.3395,1.3266,0.0266,1.3665,1.005e-05,1.0013,0.0001,2.054,12.0,0.075,1.002,0.1352,2.3529,0.0059,0.9929,0.0667,2.0458,0.0,0.0,0.0,-0.1495,26.0,25.0,38.0,37.0,14.0,0.0,0.0,0.0,64.0,14.0511,0.0,0.0119,0.0,0.0
17252.0,1.7565,0.0946,1.0,0.0801,1.2025,2.054,1.054,2.2882,1.2882,26.7145,2.0686,26.3512,2.054,100.0,0.0,0.0,0.0,25.25,0.0,26.25,0.0,26.25,0.0,25.25,10.0,0.0,0.0104,52.4726,5.2473,2.0,3.7429,1.2293,-0.2957,1.3314,0.0162,1.3654,1.005e-05,1.0012,0.0001,2.0618,12.0,0.0736,1.002,0.1212,2.3055,0.0057,0.9773,0.0663,2.0436,0.0,0.0,0.0,-0.1496,26.0,25.0,38.0,37.0,12.0,0.0,0.0,0.0,64.0,14.235,0.0,0.0121,0.0,0.0
17253.0,1.755,0.0944,1.0,0.0799,1.202,2.0541,1.0541,2.2886,1.2886,26.8187,2.0727,26.3506,2.054,100.0,0.0,0.0,0.0,25.25,0.0,26.25,0.0,26.25,0.0,25.375,10.0,0.0,0.0103,52.472,5.2472,2.0,3.7329,1.2288,-0.3301,1.3276,0.0338,1.3673,1.005e-05,1.0011,0.0001,2.0575,12.0,0.074,1.002,0.1177,2.2928,0.0061,1.0064,0.0603,2.0025,0.0,0.0,0.0,-0.1494,26.0,25.0,38.0,37.0,14.0,0.0,0.0,0.0,64.0,14.4536,0.0,0.0122,0.0,0.0
17254.0,1.7549,0.0944,1.0,0.08,1.2024,2.0548,1.0548,2.2885,1.2885,26.7241,2.069,26.3389,2.0536,100.0,0.0,0.0,0.0,25.125,0.0,26.25,0.0,26.25,0.0,25.375,10.0,0.0,0.0098,52.472,5.2473,2.0,3.6699,1.2259,-0.366,1.3237,0.0216,1.366,1.005e-05,1.0011,0.0001,2.0614,12.0,0.072,1.0019,0.2032,2.5298,0.0062,1.0119,0.0579,1.9844,0.0,0.0,0.0,-0.1499,26.0,25.0,38.0,37.0,14.0,0.0,0.0,0.0,64.0,14.6259,0.0,0.0119,0.0,0.0
17255.0,1.755,0.0944,1.0,0.0798,1.2018,2.055,1.055,2.2885,1.2885,26.6208,2.0648,26.3353,2.0534,100.0,0.0,0.0,0.0,25.25,0.0,26.375,0.0,26.25,0.0,25.25,10.0,0.0,0.0101,52.4723,5.2472,2.0,3.5655,1.2208,-0.4616,1.3133,0.0186,1.3657,1.005e-05,1.0011,0.0001,2.0595,12.0,0.0689,1.0018,0.1954,2.5128,0.0065,1.0363,0.0524,1.9414,0.0,0.0,0.0,-0.1498,26.0,25.0,38.0,37.0,14.0,0.0,0.0,0.0,64.0,14.8334,0.0,0.0122,0.0,0.0
17256.0,1.7514,0.0939,1.0,0.08,1.2024,2.0546,1.0546,2.288,1.288,26.5653,2.0626,26.3426,2.0537,100.0,0.0,0.0,0.0,25.125,0.0,26.375,0.0,26.25,0.0,25.25,10.0,0.0,0.011,52.4719,5.2472,2.0,3.5703,1.2211,-0.3979,1.3202,0.031,1.367,1.004e-05,1.001,0.0001,2.0545,12.0,0.067,1.0018,0.1508,2.4002,0.0057,0.9774,0.0698,2.0658,0.0,0.0,0.0,-0.1497,25.0,25.0,38.0,37.0,15.0,0.0,0.0,0.0,64.0,15.0147,0.0,0.0123,0.0,0.0
17257.0,1.7487,0.0936,1.0,0.0798,1.2018,2.0541,1.0541,2.2882,1.2882,26.6965,2.0679,26.3603,2.0544,100.0,0.0,0.0,0.0,25.125,0.0,26.25,0.0,26.375,0.0,25.375,10.0,0.0,0.0095,52.4717,5.2471,2.0,3.5252,1.2189,-0.4252,1.3172,0.0206,1.3659,1.005e-05,1.0011,0.0001,2.0613,12.0,0.0689,1.0018,0.1904,2.5015,0.0066,1.0423,0.0675,2.0509,0.0,0.0,0.0,-0.1499,25.0,25.0,38.0,37.0,13.0,0.0,0.0,0.0,64.0,15.2289,0.0,0.0119,0.0,0.0
17258.0,1.7487,0.0936,1.0,0.0797,1.2014,2.054,1.054,2.2884,1.2884,26.8151,2.0726,26.3553,2.0542,100.0,0.0,0.0,0.0,25.125,0.0,26.375,0.0,26.25,0.0,25.375,10.0,0.0,0.0105,52.4716,5.2472,2.0,3.5721,1.2212,-0.3801,1.3222,0.0201,1.3658,1.005e-05,1.0011,0.0001,2.0595,12.0,0.0692,1.0018,0.203,2.5293,0.0061,1.0106,0.0622,2.0155,0.0,0.0,0.0,-0.1497,25.0,25.0,38.0,37.0,14.0,0.0,0.0,0.0,64.0,15.3876,0.0,0.0118,0.0,0.0
17259.0,1.7488,0.0936,1.0,0.0798,1.2018,2.0549,1.0549,2.2886,1.2886,26.7735,2.0709,26.3406,2.0536,100.0,0.0,0.0,0.0,25.125,0.0,26.375,0.0,26.375,0.0,25.375,10.0,0.0,0.0106,52.4718,5.2472,2.0,3.5739,1.2213,-0.3732,1.3229,0.0311,1.367,1.005e-05,1.0011,0.0001,2.0545,12.0,0.0717,1.0019,0.2512,2.6219,0.0062,1.0154,0.0629,2.0207,0.0,0.0,0.0,-0.1497,25.0,25.0,38.0,37.0,15.0,0.0,0.0,0.0,64.0,15.5006,0.0,0.0118,0.0,0.0
17260.0,1.7507,0.0938,1.0,0.0798,1.2017,2.0547,1.0547,2.2882,1.2882,26.6642,2.0666,26.3367,2.0535,100.0,0.0,0.0,0.0,25.125,0.0,26.375,0.0,26.25,0.0,25.375,10.0,0.0,0.0106,52.4718,5.2472,2.0,3.6702,1.2259,-0.2551,1.3358,0.0207,1.3659,1.005e-05,1.0011,0.0001,2.058,12.0,0.0726,1.0019,0.2473,2.6151,0.0059,0.9921,0.0556,1.9671,0.0,0.0,0.0,-0.1492,26.0,25.0,38.0,37.0,13.0,0.0,0.0,0.0,64.0,15.7631,0.0,0.0122,0.0,0.0
17261.0,1.7508,0.0938,1.0,0.0799,1.202,2.0546,1.0546,2.2883,1.2883,26.5596,2.0624,26.3396,2.0536,100.0,0.0,0.0,0.0,25.125,0.0,26.25,0.0,26.375,0.0,25.375,10.0,0.0,0.0099,52.4711,5.2471,2.0,3.7521,1.2297,-0.1315,1.3493,0.0356,1.3675,1.005e-05,1.0011,0.0001,2.0584,12.0,0.0762,1.002,0.259,2.6351,0.0061,1.0067,0.0565,1.9738,0.0,0.0,0.0,-0.1496,26.0,25.0,38.0,37.0,14.0,0.0,0.0,0.0,64.0,15.8248,0.0,0.0118,0.0,0.0
17262.0,1.7527,0.0941,1.0,0.08,1.2022,2.0541,1.0541,2.2883,1.2883,26.6533,2.0661,26.3586,2.0543,100.0,0.0,0.0,0.0,25.25,0.0,26.25,0.0,26.25,0.0,25.25,10.0,0.0,0.0098,52.4714,5.2471,2.0,3.9532,1.2388,0.1129,1.376,0.0294,1.3668,1.005e-05,1.0012,0.0001,2.0528,12.0,0.0751,1.002,0.2873,2.6802,0.0055,0.9628,0.0509,1.9285,0.0,0.0,0.0,-0.1498,26.0,25.0,38.0,37.0,14.0,0.0,0.0,0.0,64.0,16.1069,0.0,0.012,0.0,0.0
17263.0,1.7558,0.0945,1.0,0.0798,1.2017,2.0539,1.0539,2.288,1.288,26.8117,2.0725,26.3561,2.0542,100.0,0.0,0.0,0.0,25.125,0.0,26.25,0.0,26.25,0.0,25.375,10.0,0.0,0.0102,52.4716,5.2472,2.0,4.2631,1.2519,0.257,1.3917,0.0188,1.3657,1.005e-05,1.0011,0.0001,2.0599,12.0,0.0737,1.002,0.1857,2.4907,0.0061,1.0065,0.0536,1.9511,0.0,0.0,0.0,-0.1497,26.0,25.0,38.0,37.0,13.0,0.0,0.0,0.0,64.0,16.3003,0.0,0.012,0.0,0.0
17264.0,1.756,0.0945,1.0,0.0797,1.2013,2.0549,1.0549,2.2886,1.2886,26.7764,2.0711,26.342,2.0537,100.0,0.0,0.0,0.0,25.125,0.0,26.25,0.0,26.25,0.0,25.25,10.0,0.0,0.0105,52.4713,5.2471,2.0,4.2886,1.2529,0.3333,1.4,0.0364,1.3676,1.005e-05,1.0012,0.0001,2.0539,12.0,0.0748,1.002,0.2027,2.5287,0.0055,0.9647,0.0615,2.0104,0.0,0.0,0.0,-0.1496,26.0,25.0,38.0,37.0,13.0,0.0,0.0,0.0,64.0,16.4814,0.0,0.0117,0.0,0.0
17265.0,1.7561,0.0945,1.0,0.0798,1.2016,2.055,1.055,2.2885,1.2885,26.6742,2.067,26.3462,2.0538,100.0,0.0,0.0,0.0,25.25,0.0,26.25,0.0,26.375,0.0,25.25,10.0,0.0,0.0101,52.471,5.2471,2.0,4.3832,1.2567,0.3081,1.3972,0.0269,1.3666,1.005e-05,1.0012,0.0001,2.058,12.0,0.0743,1.002,0.2153,2.5549,0.0059,0.9909,0.0583,1.9877,0.0,0.0,0.0,-0.15,26.0,25.0,38.0,37.0,14.0,0.0,0.0,0.0,64.0,16.6386,0.0,0.012,0.0,0.0
17266.0,1.755,0.0944,1.0,0.0797,1.2015,2.055,1.055,2.2883,1.2883,26.5635,2.0625,26.345,2.0538,100.0,0.0,0.0,0.0,25.125,0.0,26.375,0.0,26.375,0.0,25.375,10.0,0.0,0.0098,52.4709,5.2471,2.0,4.3154,1.254,0.2198,1.3876,0.0179,1.3656,1.005e-05,1.0011,0.0001,2.0599,12.0,0.0733,1.002,0.1831,2.4845,0.0064,1.0252,0.0616,2.0118,0.0,0.0,0.0,-0.1496,26.0,25.0,38.0,37.0,14.0,0.0,0.0,0.0,64.0,16.8094,0.0,0.012,0.0,0.0
17267.0,1.7561,0.0945,1.0,0.0799,1.2019,2.0545,1.0545,2.2882,1.2882,26.6384,2.0655,26.3582,2.0543,100.0,0.0,0.0,0.0,25.25,0.0,26.25,0.0,26.375,0.0,25.375,10.0,0.0,0.0103,52.4709,5.2471,2.0,4.3358,1.2548,0.2692,1.393,0.0353,1.3675,1.005e-05,1.0012,0.0001,2.0534,12.0,0.075,1.002,0.1879,2.4958,0.0064,1.0275,0.0574,1.9807,0.0,0.0,0.0,-0.1499,26.0,25.0,38.0,37.0,13.0,0.0,0.0,0.0,64.0,17.0196,0.0,0.0117,0.0,0.0
17268.0,1.7571,0.0946,1.0,0.0799,1.2019,2.0539,1.0539,2.2883,1.2883,26.8035,2.0721,26.3574,2.0543,100.0,0.0,0.0,0.0,25.25,0.0,26.25,0.0,26.25,0.0,25.375,10.0,0.0,0.0103,52.4707,5.2471,2.0,4.2813,1.2526,0.1805,1.3833,0.0229,1.3661,1.005e-05,1.0011,0.0001,2.06,12.0,0.0719,1.0019,0.1946,2.5109,0.0054,0.9562,0.0572,1.9792,0.0,0.0,0.0,-0.1498,25.0,25.0,38.0,37.0,13.0,0.0,0.0,0.0,64.0,17.1519,0.0,0.0123,0.0,0.0
17269.0,1.7564,0.0946,1.0,0.0799,1.202,2.0546,1.0546,2.2886,1.2886,26.7851,2.0714,26.341,2.0536,100.0,0.0,0.0,0.0,25.25,0.0,26.375,0.0,26.25,0.0,25.375,10.0,0.0,0.0105,52.4705,5.247,2.0,4.2505,1.2514,0.179,1.3832,0.0326,1.3672,1.005e-05,1.0011,0.0001,2.0556,12.0,0.0721,1.0019,0.1732,2.4605,0.006,0.9968,0.0503,1.9238,0.0,0.0,0.0,-0.1495,25.0,25.0,38.0,37.0,13.0,0.0,0.0,0.0,64.0,17.3278,0.0,0.012,0.0,0.0
17270.0,1.7571,0.0946,1.0,0.0801,1.2025,2.0551,1.0551,2.2882,1.2882,26.7014,2.0681,26.3374,2.0535,100.0,0.0,0.0,0.0,25.375,0.0,26.25,0.0,26.25,0.0,25.25,10.0,0.0,0.01,52.4706,5.2471,2.0,4.21,1.2497,0.1046,1.375,0.0336,1.3673,1.005e-05,1.0012,0.0001,2.0534,12.0,0.0736,1.002,0.1764,2.4684,0.0062,1.0117,0.0488,1.9105,0.0,0.0,0.0,-0.1498,25.0,25.0,38.0,37.0,14.0,0.0,0.0,0.0,64.0,17.4945,0.0,0.0122,0.0,0.0
17271.0,1.7561,0.0945,1.0,0.0798,1.2018,2.0546,1.0546,2.2884,1.2884,26.5769,2.0631,26.3336,2.0533,100.0,0.0,0.0,0.0,25.25,0.0,26.375,0.0,26.375,0.0,25.25,10.0,0.0,0.0103,52.4705,5.247,2.0,4.1241,1.2461,0.0644,1.3707,0.0222,1.3661,1.005e-05,1.0011,0.0001,2.0605,12.0,0.0755,1.002,0.1349,2.3518,0.0062,1.0168,0.0442,1.8677,0.0,0.0,0.0,-0.1495,25.0,25.0,38.0,37.0,15.0,0.0,0.0,0.0,64.0,17.6738,0.0,0.012,0.0,0.0
17272.0,1.755,0.0944,1.0,0.0801,1.2024,2.0543,1.0543,2.2883,1.2883,26.5972,2.0639,26.3522,2.0541,100.0,0.0,0.0,0.0,25.125,0.0,26.25,0.0,26.375,0.0,25.5,10.0,0.0,0.0095,52.4704,5.247,2.0,4.1004,1.2451,0.0475,1.3688,0.0362,1.3676,1.005e-05,1.0012,0.0001,2.058,12.0,0.077,1.0021,0.1233,2.3128,0.0058,0.9877,0.0475,1.8989,0.0,0.0,0.0,-0.1498,26.0,25.0,38.0,37.0,13.0,0.0,0.0,0.0,64.0,17.8436,0.0,0.0121,0.0,0.0
17273.0,1.753,0.0941,1.0,0.0801,1.2027,2.054,1.054,2.2882,1.2882,26.7597,2.0704,26.3621,2.0545,100.0,0.0,0.0,0.0,25.25,0.0,26.375,0.0,26.25,0.0,25.375,10.0,0.0,0.0102,52.4705,5.2471,2.0,4.0465,1.2428,0.0292,1.3668,0.0313,1.367,1.005e-05,1.0012,0.0001,2.0579,12.0,0.0756,1.002,0.1267,2.3246,0.0062,1.0125,0.0464,1.8886,0.0,0.0,0.0,-0.1497,26.0,25.0,38.0,37.0,14.0,0.0,0.0,0.0,64.0,18.0025,0.0,0.0117,0.0,0.0
17274.0,1.7529,0.0941,1.0,0.0802,1.2027,2.0543,1.0543,2.2887,1.2887,26.7992,2.072,26.3455,2.0538,100.0,0.0,0.0,0.0,25.125,0.0,26.25,0.0,26.5,0.0,25.375,10.0,0.0,0.01,52.4704,5.247,2.0,4.0802,1.2443,-0.0049,1.3631,0.0208,1.3659,1.005e-05,1.0012,0.0001,2.0607,12.0,0.0754,1.002,0.1392,2.3655,0.0053,0.9498,0.0428,1.8533,0.0,0.0,0.0,-0.1495,26.0,25.0,38.0,37.0,14.0,0.0,0.0,0.0,64.0,18.18,0.0,0.0122,0.0,0.0
17275.0,1.755,0.0944,1.0,0.08,1.2022,2.0547,1.0547,2.2886,1.2886,26.6827,2.0673,26.3282,2.0531,100.0,0.0,0.0,0.0,25.125,0.0,26.25,0.0,26.375,0.0,25.25,10.0,0.0,0.0102,52.4701,5.247,2.0,4.0711,1.2439,-0.0052,1.3631,0.0366,1.3676,1.005e-05,1.0012,0.0001,2.0622,12.0,0.0737,1.002,0.1926,2.5064,0.0059,0.9958,0.0444,1.8688,0.0,0.0,0.0,-0.1493,26.0,25.0,38.0,37.0,12.0,0.0,0.0,0.0,64.0,18.3503,0.0,0.0119,0.0,0.0
17276.0,1.7567,0.0946,1.0,0.0802,1.2028,2.0547,1.0547,2.2885,1.2885,26.5947,2.0638,26.325,2.053,100.0,0.0,0.0,0.0,25.25,0.0,26.25,0.0,26.375,0.0,25.375,10.0,0.0,0.0095,52.4701,5.247,2.0,3.9812,1.24,-0.0873,1.3541,0.0283,1.3667,1.005e-05,1.0012,0.0001,2.06,12.0,0.0762,1.002,0.2015,2.5261,0.0057,0.9758,0.0427,1.8522,0.0,0.0,0.0,-0.1499,26.0,25.0,38.0,37.0,14.0,0.0,0.0,0.0,64.0,18.5264,0.0,0.0123,0.0,0.0
17277.0,1.7582,0.0948,1.0,0.0798,1.2017,2.0547,1.0547,2.2882,1.2882,26.5923,2.0637,26.3514,2.0541,100.0,0.0,0.0,0.0,25.25,0.0,26.25,0.0,26.25,0.0,25.375,10.0,0.0,0.0106,52.4698,5.247,2.0,3.9668,1.2394,-0.0641,1.3566,0.0254,1.3664,1.005e-05,1.0012,0.0001,2.0586,12.0,0.0741,1.002,0.1679,2.4468,0.006,1.0007,0.0395,1.8187,0.0,0.0,0.0,-0.1496,25.0,25.0,38.0,37.0,14.0,0.0,0.0,0.0,64.0,18.7339,0.0,0.0119,0.0,0.0
17278.0,1.7574,0.0947,1.0,0.0798,1.2017,2.0544,1.0544,2.2878,1.2878,26.7548,2.0702,26.3643,2.0546,100.0,0.0,0.0,0.0,25.25,0.0,26.25,0.0,26.375,0.0,25.375,10.0,0.0,0.0103,52.4699,5.247,2.0,3.9242,1.2375,-0.0872,1.3541,0.0356,1.3675,1.005e-05,1.0011,0.0001,2.0612,12.0,0.0733,1.002,0.1697,2.4515,0.0058,0.9849,0.0509,1.9283,0.0,0.0,0.0,-0.1502,25.0,25.0,38.0,37.0,13.0,0.0,0.0,0.0,64.0,18.8762,0.0,0.012,0.0,0.0
17279.0,1.7579,0.0947,1.0,0.0798,1.2017,2.0542,1.0542,2.2883,1.2883,26.8055,2.0722,26.3465,2.0539,100.0,0.0,0.0,0.0,25.125,0.0,26.25,0.0,26.25,0.0,25.375,10.0,0.0,0.01,52.4698,5.247,2.0,3.9578,1.239,-0.0627,1.3568,0.0244,1.3663,1.005e-05,1.0012,0.0001,2.0608,12.0,0.0734,1.002,0.1709,2.4545,0.0057,0.9785,0.0488,1.9107,0.0,0.0,0.0,-0.1497,25.0,25.0,38.0,37.0,12.0,0.0,0.0,0.0,64.0,19.0613,0.0,0.0121,0.0,0.0
17280.0,1.7582,0.0948,1.0,0.0801,1.2024,2.055,1.055,2.2886,1.2886,26.7241,2.069,26.3393,2.0536,100.0,0.0,0.0,0.0,25.125,0.0,26.375,0.0,26.25,0.0,25.25,10.0,0.0,0.0101,52.4698,5.247,2.0,3.9118,1.2369,-0.1265,1.3498,0.0383,1.3678,1.005e-05,1.0012,0.0001,2.0569,12.0,0.0757,1.002,0.1625,2.4327,0.0063,1.0202,0.0495,1.9161,0.0,0.0,0.0,-0.1496,25.0,25.0,38.0,37.0,15.0,0.0,0.0,0.0,64.0,19.2343,0.0,0.0121,0.0,0.0
17281.0,1.7574,0.0947,1.0,0.08,1.2024,2.0547,1.0547,2.2884,1.2884,26.6254,2.065,26.3362,2.0534,100.0,0.0,0.0,0.0,25.125,0.0,26.25,0.0,26.375,0.0,25.25,10.0,0.0,0.0095,52.4696,5.2469,2.0,3.8924,1.2361,-0.0859,1.3543,0.035,1.3675,1.005e-05,1.0012,0.0001,2.0582,12.0,0.076,1.002,0.1374,2.36,0.0064,1.0288,0.0581,1.9857,0.0,0.0,0.0,-0.1495,26.0,25.0,38.0,37.0,15.0,0.0,0.0,0.0,64.0,19.4209,0.0,0.0118,0.0,0.0
17282.0,1.7571,0.0946,1.0,0.0802,1.2028,2.0545,1.0545,2.2882,1.2882,26.5624,2.0625,26.3455,2.0538,100.0,0.0,0.0,0.0,25.125,0.0,26.375,0.0,26.25,0.0,25.25,10.0,0.0,0.0099,52.4698,5.247,2.0,3.9183,1.2372,-0.1183,1.3507,0.0235,1.3662,1.005e-05,1.0012,0.0001,2.0611,12.0,0.0747,1.002,0.1564,2.4161,0.0065,1.0367,0.0538,1.9524,0.0,0.0,0.0,-0.1495,26.0,25.0,38.0,37.0,13.0,0.0,0.0,0.0,64.0,19.6168,0.0,0.0121,0.0,0.0
17283.0,1.7571,0.0946,1.0,0.0802,1.2027,2.054,1.054,2.2882,1.2882,26.7005,2.068,26.354,2.0542,100.0,0.0,0.0,0.0,25.25,0.0,26.375,0.0,26.375,0.0,25.375,10.0,0.0,0.0098,52.4698,5.247,2.0,3.8548,1.2344,-0.1232,1.3502,0.0422,1.3682,1.005e-05,1.0012,0.0001,2.0567,12.0,0.0753,1.002,0.1487,2.3943,0.0066,1.0434,0.0662,2.0429,0.0,0.0,0.0,-0.1498,26.0,25.0,38.0,37.0,15.0,0.0,0.0,0.0,64.0,19.8002,0.0,0.0115,0.0,0.0
17284.0,1.7581,0.0948,1.0,0.0798,1.2017,2.0541,1.0541,2.2885,1.2885,26.807,2.0723,26.3492,2.054,100.0,0.0,0.0,0.0,25.125,0.0,26.25,0.0,26.25,0.0,25.375,10.0,0.0,0.0104,52.4694,5.247,2.0,3.8315,1.2333,-0.169,1.3452,0.0314,1.3671,1.005e-05,1.0012,0.0001,2.0599,12.0,0.0746,1.002,0.1007,2.2248,0.0058,0.9841,0.0652,2.0358,0.0,0.0,0.0,-0.1499,26.0,25.0,38.0,38.0,15.0,0.0,0.0,0.0,64.0,19.9461,0.0,0.0122,0.0,0.0
17285.0,1.7582,0.0948,1.0,0.08,1.2023,2.055,1.055,2.2882,1.2882,26.7273,2.0691,26.3458,2.0538,100.0,0.0,0.0,0.0,25.125,0.0,26.5,0.0,26.25,0.0,25.375,10.0,0.0,0.0099,52.4692,5.2469,2.0,3.7606,1.2301,-0.191,1.3428,0.0289,1.3668,1.005e-05,1.0011,0.0001,2.0555,12.0,0.0741,1.002,0.1125,2.2731,0.0064,1.025,0.0578,1.9839,0.0,0.0,0.0,-0.1498,25.0,25.0,38.0,38.0,15.0,0.0,0.0,0.0,64.0,20.125,0.0,0.012,0.0,0.0
17286.0,1.7582,0.0948,1.0,0.0799,1.2019,2.0551,1.0551,2.2881,1.2881,26.6373,2.0655,26.3352,2.0534,100.0,0.0,0.0,0.0,25.25,0.0,26.375,0.0,26.25,0.0,25.375,10.0,0.0,0.0107,52.4691,5.2469,2.0,3.8315,1.2333,-0.1534,1.3469,0.0393,1.3679,1.005e-05,1.0011,0.0001,2.0533,12.0,0.0724,1.0019,0.1258,2.3216,0.0064,1.0283,0.0572,1.9791,0.0,0.0,0.0,-0.1499,25.0,25.0,38.0,38.0,13.0,0.0,0.0,0.0,64.0,20.3153,0.0,0.0123,0.0,0.0
17287.0,1.7573,0.0947,1.0,0.0799,1.202,2.0546,1.0546,2.2882,1.2882,26.5629,2.0625,26.3432,2.0537,100.0,0.0,0.0,0.0,25.125,0.0,26.375,0.0,26.25,0.0,25.25,10.0,0.0,0.0104,52.4692,5.2469,2.0,3.7431,1.2293,-0.2207,1.3396,0.0278,1.3667,1.005e-05,1.0011,0.0001,2.0582,12.0,0.0732,1.002,0.1148,2.2818,0.0065,1.0362,0.0699,2.0664,0.0,0.0,0.0,-0.1496,25.0,25.0,38.0,38.0,13.0,0.0,0.0,0.0,64.0,20.5406,0.0,0.0122,0.0,0.0
17288.0,1.7572,0.0947,1.0,0.0798,1.2018,2.0544,1.0544,2.2882,1.2882,26.6907,2.0676,26.3604,2.0544,100.0,0.0,0.0,0.0,25.25,0.0,26.25,0.0,26.375,0.0,25.375,10.0,0.0,0.0098,52.4692,5.2469,2.0,3.6882,1.2267,-0.236,1.3379,0.0405,1.3681,1.005e-05,1.0011,0.0001,2.0568,12.0,0.0698,1.0019,0.0994,2.2193,0.0061,1.0091,0.0713,2.0751,0.0,0.0,0.0,-0.15,25.0,25.0,38.0,38.0,15.0,0.0,0.0,0.0,64.0,20.6939,0.0,0.0119,0.0,0.0
17289.0,1.7571,0.0946,1.0,0.08,1.2023,2.0545,1.0545,2.2886,1.2886,26.8083,2.0723,26.352,2.0541,100.0,0.0,0.0,0.0,25.25,0.0,26.25,0.0,26.25,0.0,25.375,10.0,0.0,0.0097,52.4692,5.247,2.0,3.7883,1.2314,-0.1237,1.3501,0.0354,1.3675,1.005e-05,1.0012,0.0001,2.056,12.0,0.0739,1.002,0.0932,2.1911,0.0061,1.0053,0.0842,2.1474,0.0,0.0,0.0,-0.1493,26.0,25.0,38.0,38.0,13.0,0.0,0.0,0.0,64.0,20.9221,0.0,0.0122,0.0,0.0
17290.0,1.7571,0.0946,1.0,0.0801,1.2024,2.055,1.055,2.2886,1.2886,26.7485,2.0699,26.3392,2.0536,100.0,0.0,0.0,0.0,25.125,0.0,26.25,0.0,26.25,0.0,25.25,10.0,0.0,0.0104,52.4689,5.2469,2.0,3.7562,1.2299,-0.1939,1.3425,0.0246,1.3663,1.005e-05,1.0012,0.0001,2.0583,12.0,0.0751,1.002,0.0765,2.1054,0.0049,0.9112,0.0784,2.1161,0.0,0.0,0.0,-0.1497,26.0,25.0,38.0,38.0,13.0,0.0,0.0,0.0,64.0,21.082,0.0,0.0119,0.0,0.0
17291.0,1.7562,0.0945,1.0,0.0797,1.2014,2.0547,1.0547,2.2886,1.2886,26.6397,2.0656,26.3351,2.0534,100.0,0.0,0.0,0.0,25.25,0.0,26.375,0.0,26.25,0.0,25.375,10.0,0.0,0.0101,52.4686,5.2469,2.0,3.7675,1.2304,-0.1602,1.3462,0.0429,1.3683,1.005e-05,1.0012,0.0001,2.0516,12.0,0.074,1.002,0.0922,2.1865,0.0063,1.0224,0.0889,2.1706,0.0,0.0,0.0,-0.1493,26.0,25.0,38.0,38.0,14.0,0.0,0.0,0.0,64.0,21.2675,0.0,0.0122,0.0,0.0
17292.0,1.7545,0.0943,1.0,0.0798,1.2016,2.0549,1.0549,2.2883,1.2883,26.5591,2.0624,26.3384,2.0535,100.0,0.0,0.0,0.0,25.125,0.0,26.375,0.0,26.25,0.0,25.375,10.0,0.0,0.01,52.4685,5.2469,2.0,3.729,1.2286,-0.1859,1.3434,0.0341,1.3674,1.005e-05,1.0012,0.0001,2.0566,12.0,0.0741,1.002,0.0858,2.1554,0.0063,1.0184,0.087,2.1616,0.0,0.0,0.0,-0.1497,26.0,25.0,38.0,38.0,13.0,0.0,0.0,0.0,64.0,21.4682,0.0,0.0122,0.0,0.0
17293.0,1.7508,0.0938,1.0,0.0799,1.202,2.0549,1.0549,2.2878,1.2878,26.6499,2.066,26.3663,2.0547,100.0,0.0,0.0,0.0,25.125,0.0,26.25,0.0,26.375,0.0,25.375,10.0,0.0,0.0106,52.4687,5.2468,2.0,3.691,1.2269,-0.2198,1.3397,0.0275,1.3666,1.005e-05,1.0012,0.0001,2.0568,12.0,0.0728,1.0019,0.0783,2.1158,0.006,0.9985,0.0891,2.1716,0.0,0.0,0.0,-0.1498,25.0,25.0,38.0,37.0,14.0,0.0,0.0,0.0,64.0,21.6561,0.0,0.0117,0.0,0.0
17294.0,1.7417,0.0927,1.0,0.0798,1.2018,2.0543,1.0543,2.288,1.288,26.7989,2.072,26.3657,2.0546,100.0,0.0,0.0,0.0,25.25,0.0,26.25,0.0,26.375,0.0,25.375,10.0,0.0,0.0106,52.4686,5.2468,2.0,3.7263,1.2285,-0.1341,1.349,0.0409,1.3681,1.005e-05,1.0011,0.0001,2.054,12.0,0.0732,1.002,0.0891,2.1715,0.0064,1.0266,0.0838,2.1449,0.0,0.0,0.0,-0.1496,25.0,25.0,38.0,37.0,15.0,0.0,0.0,0.0,64.0,21.5353,0.0,0.0116,0.0,0.0
17295.0,1.7415,0.0927,1.0,0.0797,1.2013,2.0545,1.0545,2.2886,1.2886,26.768,2.0707,26.3398,2.0536,100.0,0.0,0.0,0.0,25.25,0.0,26.25,0.0,26.25,0.0,25.375,10.0,0.0,0.0095,52.4686,5.2469,2.0,3.8709,1.2351,-0.0083,1.3627,0.0289,1.3668,1.005e-05,1.0011,0.0001,2.0566,12.0,0.0721,1.0019,0.071,2.073,0.0064,1.0302,0.0943,2.1964,0.0,0.0,0.0,-0.1496,25.0,25.0,38.0,37.0,13.0,0.0,0.0,0.0,64.0,22.0715,0.0,0.0119,0.0,0.0
17296.0,1.7405,0.0926,1.0,0.0798,1.2018,2.0546,1.0546,2.2886,1.2886,26.6827,2.0673,26.3374,2.0535,100.0,0.0,0.0,0.0,25.25,0.0,26.25,0.0,26.25,0.0,25.375,10.0,0.0,0.0101,52.4687,5.2468,2.0,3.9352,1.238,0.0692,1.3712,0.0447,1.3685,1.005e-05,1.0011,0.0001,2.0569,12.0,0.0709,1.0019,0.0602,2.0014,0.0052,0.9338,0.0933,2.1915,0.0,0.0,0.0,-0.1499,25.0,25.0,38.0,37.0,16.0,0.0,0.0,0.0,64.0,22.3172,0.0,0.012,0.0,0.0
17297.0,1.7399,0.0925,1.0,0.0799,1.2021,2.0546,1.0546,2.2883,1.2883,26.5598,2.0624,26.3394,2.0536,100.0,0.0,0.0,0.0,25.125,0.0,26.25,0.0,26.375,0.0,25.375,10.0,0.0,0.0106,52.4683,5.2468,2.0,4.0131,1.2414,0.0641,1.3706,0.0348,1.3674,1.005e-05,1.0011,0.0001,2.0546,12.0,0.071,1.0019,0.065,2.0349,0.0064,1.0247,0.087,2.1613,0.0,0.0,0.0,-0.1495,26.0,25.0,38.0,37.0,13.0,0.0,0.0,0.0,64.0,22.4179,0.0,0.0121,0.0,0.0
17298.0,1.7396,0.0924,1.0,0.0799,1.2019,2.0545,1.0545,2.2883,1.2883,26.6355,2.0654,26.3573,2.0543,100.0,0.0,0.0,0.0,25.25,0.0,26.25,0.0,26.375,0.0,25.375,10.0,0.0,0.0106,52.4683,5.2468,2.0,4.0247,1.2419,0.1099,1.3756,0.027,1.3666,1.005e-05,1.0011,0.0001,2.057,12.0,0.0698,1.0019,0.069,2.0605,0.0068,1.0549,0.0814,2.1322,0.0,0.0,0.0,-0.1495,26.0,25.0,38.0,37.0,13.0,0.0,0.0,0.0,64.0,22.5627,0.0,0.0121,0.0,0.0
17299.0,1.7393,0.0924,1.0,0.0798,1.2018,2.054,1.054,2.2883,1.2883,26.7958,2.0718,26.3616,2.0545,100.0,0.0,0.0,0.0,25.25,0.0,26.25,0.0,26.25,0.0,25.25,10.0,0.0,0.0098,52.4679,5.2468,2.0,4.1004,1.2451,0.1376,1.3786,0.0453,1.3686,1.004e-05,1.001,0.0001,2.0564,12.0,0.0702,1.0019,0.119,2.2974,0.0066,1.0401,0.1033,2.236,0.0,0.0,0.0,-0.1498,26.0,25.0,38.0,37.0,12.0,0.0,0.0,0.0,64.0,22.5207,0.0,0.0117,0.0,0.0
17300.0,1.7385,0.0923,1.0,0.0801,1.2025,2.0548,1.0548,2.2887,1.2887,26.7948,2.0718,26.343,2.0537,100.0,0.0,0.0,0.0,25.125,0.0,26.25,0.0,26.375,0.0,25.25,10.0,0.0,0.0097,52.4679,5.2468,2.0,3.9925,1.2405,0.0284,1.3667,0.0348,1.3674,1.005e-05,1.0011,0.0001,2.055,12.0,0.0761,1.002,0.1162,2.287,0.0062,1.0138,0.1016,2.2289,0.0,0.0,0.0,-0.1497,26.0,25.0,38.0,37.0,15.0,0.0,0.0,0.0,64.0,23.0316,0.0,0.0123,0.0,0.0
17301.0,1.7384,0.0923,1.0,0.0801,1.2025,2.0551,1.0551,2.2886,1.2886,26.702,2.0681,26.3379,2.0535,100.0,0.0,0.0,0.0,25.25,0.0,26.25,0.0,26.25,0.0,25.25,10.0,0.0,0.0101,52.4683,5.2468,2.0,3.9064,1.2367,-0.0161,1.3619,0.0497,1.3691,1.005e-05,1.0012,0.0001,2.0581,12.0,0.0771,1.0021,0.0922,2.1868,0.0057,0.9801,0.0832,2.1419,0.0,0.0,0.0,-0.1498,25.0,25.0,38.0,37.0,14.0,0.0,0.0,0.0,64.0,23.2245,0.0,0.0116,0.0,0.0
17302.0,1.7394,0.0924,1.0,0.0801,1.2025,2.0548,1.0548,2.2884,1.2884,26.5518,2.0621,26.3361,2.0534,100.0,0.0,0.0,0.0,25.125,0.0,26.25,0.0,26.375,0.0,25.25,10.0,0.0,0.0096,52.4686,5.2469,2.0,3.9723,1.2396,0.056,1.3697,0.0397,1.368,1.005e-05,1.0012,0.0001,2.0549,12.0,0.0765,1.002,0.1108,2.2665,0.0057,0.9746,0.0918,2.1845,0.0,0.0,0.0,-0.15,25.0,25.0,38.0,37.0,15.0,0.0,0.0,0.0,64.0,23.3746,0.0,0.0119,0.0,0.0
17303.0,1.7394,0.0924,1.0,0.08,1.2024,2.0547,1.0547,2.2883,1.2883,26.6156,2.0646,26.3554,2.0542,100.0,0.0,0.0,0.0,25.25,0.0,26.375,0.0,26.25,0.0,25.375,10.0,0.0,0.0099,52.4682,5.2468,2.0,3.9815,1.24,0.0574,1.3699,0.0325,1.3672,1.005e-05,1.0011,0.0001,2.0576,12.0,0.0767,1.002,0.1012,2.2272,0.0065,1.0327,0.089,2.1711,0.0,0.0,0.0,-0.1495,25.0,25.0,38.0,37.0,14.0,0.0,0.0,0.0,64.0,23.5534,0.0,0.0121,0.0,0.0
17304.0,1.7405,0.0926,1.0,0.0801,1.2025,2.0543,1.0543,2.288,1.288,26.8044,2.0722,26.3579,2.0543,100.0,0.0,0.0,0.0,25.25,0.0,26.375,0.0,26.25,0.0,25.375,10.0,0.0,0.0105,52.4679,5.2468,2.0,4.0481,1.2429,0.0886,1.3733,0.0465,1.3687,1.005e-05,1.0012,0.0001,2.053,12.0,0.075,1.002,0.0968,2.2078,0.006,1.0009,0.0791,2.1198,0.0,0.0,0.0,-0.1497,25.0,25.0,38.0,37.0,14.0,0.0,0.0,0.0,64.0,23.741,0.0,0.0121,0.0,0.0
17305.0,1.4652,0.0581,1.0,0.0802,1.2028,2.0547,1.0547,2.2883,1.2883,26.811,2.0724,26.3549,2.0542,100.0,0.0,0.0,0.0,25.125,0.0,26.25,0.0,26.25,0.0,25.375,10.0,0.0,0.0094,52.4678,5.2468,2.0,4.0102,1.2413,0.0986,1.3744,0.0386,1.3678,1.006e-05,1.0013,0.0001,2.0536,12.0,0.0771,1.0021,0.0907,2.1793,0.0056,0.9721,0.0905,2.1784,0.0,0.0,0.0,-0.1496,25.0,25.0,38.0,37.0,14.0,0.0,0.0,0.0,64.0,23.9094,0.0,0.0116,0.0,0.0
17306.0,1.3334,0.0417,1.0,0.0802,1.2029,2.055,1.055,2.2886,1.2886,26.7337,2.0693,26.3396,2.0536,100.0,0.0,0.0,0.0,25.25,0.0,26.375,0.0,26.375,0.0,25.25,10.0,0.0,0.0098,52.4677,5.2468,2.0,4.0841,1.2444,0.134,1.3783,0.0492,1.369,1.005e-05,1.0012,0.0001,2.0538,12.0,0.0766,1.002,0.0992,2.2185,0.0061,1.0082,0.0845,2.1489,0.0,0.0,0.0,-0.1496,25.0,25.0,38.0,37.0,13.0,0.0,0.0,0.0,64.0,24.1105,0.0,0.012,0.0,0.0
17307.0,1.2428,0.0304,1.0,0.08,1.2022,2.0547,1.0547,2.2885,1.2885,26.6092,2.0644,26.3355,2.0534,100.0,0.0,0.0,0.0,25.125,0.0,26.25,0.0,26.5,0.0,25.375,10.0,0.0,0.0101,52.468,5.2468,2.0,4.0861,1.2445,0.1077,1.3754,0.0465,1.3687,1.005e-05,1.0012,0.0001,2.0566,12.0,0.0765,1.002,0.0857,2.1549,0.0064,1.0248,0.0873,2.1629,0.0,0.0,0.0,-0.1494,25.0,25.0,38.0,37.0,13.0,0.0,0.0,0.0,64.0,24.2515,0.0,0.0121,0.0,0.0
17308.0,1.1954,0.0244,1.0,0.08,1.2022,2.0544,1.0544,2.2883,1.2883,26.6197,2.0648,26.355,2.0542,100.0,0.0,0.0,0.0,25.125,0.0,26.25,0.0,26.375,0.0,25.25,10.0,0.0,0.0101,52.4678,5.2468,2.0,3.9891,1.2403,0.0176,1.3656,0.0376,1.3677,1.005e-05,1.0013,0.0001,2.0538,12.0,0.0747,1.002,0.0732,2.0866,0.0051,0.9258,0.0896,2.1744,0.0,0.0,0.0,-0.1497,25.0,25.0,38.0,37.0,16.0,0.0,0.0,0.0,64.0,24.4216,0.0,0.012,0.0,0.0
17309.0,1.1647,0.0206,1.0,0.08,1.2023,2.0544,1.0544,2.2879,1.2879,26.7822,2.0713,26.3719,2.0549,100.0,0.0,0.0,0.0,25.25,0.0,26.375,0.0,26.25,0.0,25.375,10.0,0.0,0.0097,52.4673,5.2468,2.0,3.9431,1.2383,0.0117,1.3649,0.0501,1.3691,1.005e-05,1.0012,0.0001,2.0562,12.0,0.0758,1.002,0.087,2.1615,0.0063,1.0189,0.0929,2.1899,0.0,0.0,0.0,-0.1497,25.0,25.0,38.0,37.0,13.0,0.0,0.0,0.0,64.0,24.6025,0.0,0.0121,0.0,0.0
17310.0,1.1494,0.0187,1.0,0.08,1.2023,2.0547,1.0547,2.2882,1.2882,26.8136,2.0725,26.3575,2.0543,100.0,0.0,0.0,0.0,25.25,0.0,26.375,0.0,26.25,0.0,25.25,10.0,0.0,0.0103,52.4675,5.2467,2.0,3.952,1.2387,0.033,1.3672,0.0407,1.3681,1.005e-05,1.0012,0.0001,2.0548,12.0,0.0756,1.002,0.1306,2.3379,0.006,1.0012,0.0861,2.1571,0.0,0.0,0.0,-0.1497,26.0,25.0,38.0,37.0,14.0,0.0,0.0,0.0,64.0,24.7721,0.0,0.012,0.0,0.0
17311.0,1.1381,0.0173,1.0,0.0797,1.2015,2.0546,1.0546,2.2886,1.2886,26.7364,2.0695,26.3384,2.0535,100.0,0.0,0.0,0.0,25.25,0.0,26.25,0.0,26.375,0.0,25.375,10.0,0.0,0.0103,52.4673,5.2467,2.0,3.95,1.2386,0.0176,1.3656,0.0521,1.3693,1.004e-05,1.001,0.0001,2.0487,12.0,0.0675,1.0018,0.1513,2.4018,0.0057,0.9799,0.0786,2.1171,0.0,0.0,0.0,-0.1498,26.0,25.0,38.0,37.0,13.0,0.0,0.0,0.0,64.0,24.9932,0.0,0.0123,0.0,0.0
17312.0,1.1297,0.0162,1.0,0.0796,1.2011,2.0547,1.0547,2.2885,1.2885,26.6118,2.0645,26.3348,2.0534,100.0,0.0,0.0,0.0,25.125,0.0,26.25,0.0,26.25,0.0,25.25,10.0,0.0,0.0098,52.4672,5.2467,2.0,3.977,1.2398,0.0301,1.3669,0.046,1.3687,1.004e-05,1.001,0.0001,2.0571,12.0,0.0675,1.0018,0.1067,2.2499,0.0061,1.007,0.0808,2.129,0.0,0.0,0.0,-0.15,26.0,25.0,38.0,37.0,13.0,0.0,0.0,0.0,64.0,25.1498,0.0,0.0119,0.0,0.0
17313.0,1.1304,0.0163,1.0,0.0798,1.2018,2.0548,1.0548,2.2879,1.2879,26.5744,2.063,26.3464,2.0539,100.0,0.0,0.0,0.0,25.125,0.0,26.25,0.0,26.25,0.0,25.375,10.0,0.0,0.01,52.4672,5.2467,2.0,3.9154,1.2371,-0.0342,1.3599,0.0378,1.3678,1.004e-05,1.001,0.0001,2.0532,12.0,0.0667,1.0018,0.1057,2.2457,0.0056,0.9722,0.0793,2.1212,0.0,0.0,0.0,-0.1496,26.0,25.0,38.0,37.0,12.0,0.0,0.0,0.0,64.0,25.3395,0.0,0.0119,0.0,0.0
17314.0,1.1357,0.017,1.0,0.0797,1.2013,2.0541,1.0541,2.2882,1.2882,26.7473,2.0699,26.3632,2.0545,100.0,0.0,0.0,0.0,25.25,0.0,26.375,0.0,26.375,0.0,25.375,10.0,0.0,0.0102,52.4671,5.2467,2.0,3.9114,1.2369,-0.0272,1.3607,0.051,1.3692,1.004e-05,1.001,0.0001,2.0595,12.0,0.0673,1.0018,0.1206,2.3031,0.0062,1.0165,0.0863,2.1578,0.0,0.0,0.0,-0.1495,26.0,25.0,38.0,37.0,13.0,0.0,0.0,0.0,64.0,25.4784,0.0,0.0121,0.0,0.0
17315.0,1.1439,0.018,1.0,0.0797,1.2015,2.0545,1.0545,2.2886,1.2886,26.8178,2.0727,26.3506,2.054,100.0,0.0,0.0,0.0,25.125,0.0,26.25,0.0,26.25,0.0,25.375,10.0,0.0,0.0097,52.4671,5.2467,2.0,3.8925,1.2361,-0.0599,1.3571,0.0428,1.3683,1.004e-05,1.001,0.0001,2.0577,12.0,0.0669,1.0018,0.1131,2.2751,0.0061,1.0036,0.086,2.1565,0.0,0.0,0.0,-0.1497,26.0,25.0,38.0,37.0,13.0,0.0,0.0,0.0,64.0,25.6648,0.0,0.0125,0.0,0.0
17316.0,1.3487,0.0436,1.0,0.0798,1.2018,2.055,1.055,2.2886,1.2886,26.7545,2.0702,26.339,2.0536,100.0,0.0,0.0,0.0,25.125,0.0,26.25,0.0,26.25,0.0,25.375,10.0,0.0,0.0094,52.4672,5.2467,2.0,3.8474,1.2341,-0.0609,1.357,0.0453,1.3686,1.004e-05,1.0009,0.0001,2.0533,12.0,0.0645,1.0017,0.1142,2.2795,0.0055,0.9622,0.092,2.1858,0.0,0.0,0.0,-0.1497,26.0,25.0,38.0,37.0,13.0,0.0,0.0,0.0,64.0,25.8447,0.0,0.0123,0.0,0.0
17317.0,1.5055,0.0632,1.0,0.0797,1.2015,2.0551,1.0551,2.2885,1.2885,26.6386,2.0655,26.3362,2.0534,100.0,0.0,0.0,0.0,25.125,0.0,26.375,0.0,26.25,0.0,25.375,10.0,0.0,0.0097,52.467,5.2467,2.0,3.886,1.2358,-0.0042,1.3632,0.0491,1.369,1.004e-05,1.001,0.0001,2.0569,12.0,0.0679,1.0018,0.161,2.4287,0.0057,0.974,0.0888,2.1702,0.0,0.0,0.0,-0.1495,26.0,25.0,38.0,37.0,14.0,0.0,0.0,0.0,64.0,26.0165,0.0,0.0124,0.0,0.0
17318.0,1.5967,0.0746,1.0,0.0799,1.202,2.0545,1.0545,2.2883,1.2883,26.5586,2.0623,26.341,2.0536,100.0,0.0,0.0,0.0,25.25,0.0,26.25,0.0,26.25,0.0,25.25,10.0,0.0,0.0099,52.4668,5.2467,2.0,3.9607,1.2391,0.0539,1.3695,0.0388,1.3679,1.005e-05,1.0011,0.0001,2.0571,12.0,0.0699,1.0019,0.1402,2.3686,0.0058,0.984,0.0749,2.0965,0.0,0.0,0.0,-0.1497,25.0,25.0,38.0,37.0,14.0,0.0,0.0,0.0,64.0,26.1964,0.0,0.0123,0.0,0.0
17319.0,1.6511,0.0814,1.0,0.0799,1.2019,2.0542,1.0542,2.2882,1.2882,26.7242,2.069,26.3627,2.0545,100.0,0.0,0.0,0.0,25.125,0.0,26.25,0.0,26.25,0.0,25.375,10.0,0.0,0.0095,52.4668,5.2467,2.0,4.0038,1.241,0.0513,1.3692,0.0536,1.3695,1.005e-05,1.0011,0.0001,2.0603,12.0,0.0716,1.0019,0.1542,2.4099,0.006,0.9972,0.0959,2.2038,0.0,0.0,0.0,-0.1497,25.0,25.0,38.0,37.0,13.0,0.0,0.0,0.0,64.0,26.3533,0.0,0.0121,0.0,0.0
17320.0,1.6826,0.0853,1.0,0.0799,1.202,2.0544,1.0544,2.2882,1.2882,26.809,2.0724,26.3514,2.0541,100.0,0.0,0.0,0.0,25.125,0.0,26.25,0.0,26.375,0.0,25.375,10.0,0.0,0.0105,52.4667,5.2466,2.0,3.9969,1.2407,0.0469,1.3688,0.044,1.3684,1.005e-05,1.0011,0.0001,2.059,12.0,0.0725,1.0019,0.1456,2.3849,0.0059,0.994,0.0915,2.1831,0.0,0.0,0.0,-0.1497,25.0,25.0,38.0,37.0,14.0,0.0,0.0,0.0,64.0,26.5397,0.0,0.0118,0.0,0.0
17321.0,1.7035,0.0879,1.0,0.0797,1.2015,2.0548,1.0548,2.2886,1.2886,26.743,2.0697,26.3384,2.0535,100.0,0.0,0.0,0.0,25.25,0.0,26.5,0.0,26.25,0.0,25.25,10.0,0.0,0.0099,52.4665,5.2467,2.0,3.9102,1.2369,-0.0234,1.3611,0.06,1.3702,1.005e-05,1.0012,0.0001,2.0587,12.0,0.074,1.002,0.1423,2.375,0.0065,1.0316,0.079,2.1195,0.0,0.0,0.0,-0.1498,25.0,25.0,38.0,37.0,13.0,0.0,0.0,0.0,64.0,26.717,0.0,0.0119,0.0,0.0
17322.0,1.7119,0.089,1.0,0.0799,1.202,2.0547,1.0547,2.2885,1.2885,26.6638,2.0666,26.3351,2.0534,100.0,0.0,0.0,0.0,25.125,0.0,26.375,0.0,26.375,0.0,25.375,10.0,0.0,0.0099,52.4667,5.2467,2.0,3.9733,1.2397,0.0277,1.3667,0.0519,1.3693,1.005e-05,1.0011,0.0001,2.0564,12.0,0.0723,1.0019,0.1173,2.2913,0.0061,1.0061,0.0722,2.0801,0.0,0.0,0.0,-0.1497,26.0,25.0,38.0,37.0,14.0,0.0,0.0,0.0,64.0,26.899,0.0,0.0118,0.0,0.0
17323.0,1.7216,0.0902,1.0,0.08,1.2023,2.055,1.055,2.288,1.288,26.5587,2.0623,26.3389,2.0536,100.0,0.0,0.0,0.0,25.125,0.0,26.25,0.0,26.25,0.0,25.25,10.0,0.0,0.0102,52.4668,5.2467,2.0,3.9639,1.2392,0.023,1.3662,0.0469,1.3687,1.004e-05,1.001,0.0001,2.0577,12.0,0.0693,1.0018,0.1353,2.353,0.0057,0.9758,0.0873,2.163,0.0,0.0,0.0,-0.1495,26.0,25.0,38.0,37.0,14.0,0.0,0.0,0.0,64.0,27.127,0.0,0.0117,0.0,0.0
17324.0,1.7268,0.0909,1.0,0.0798,1.2018,2.0545,1.0545,2.2879,1.2879,26.6669,2.0667,26.3585,2.0543,100.0,0.0,0.0,0.0,25.125,0.0,26.25,0.0,26.375,0.0,25.25,10.0,0.0,0.0095,52.4666,5.2466,2.0,3.9215,1.2374,-0.0349,1.3598,0.057,1.3699,1.004e-05,1.001,0.0001,2.0512,12.0,0.0681,1.0018,0.1157,2.2853,0.0062,1.0108,0.1006,2.2244,0.0,0.0,0.0,-0.1495,26.0,25.0,38.0,37.0,15.0,0.0,0.0,0.0,64.0,27.31,0.0,0.0122,0.0,0.0
17325.0,1.7299,0.0912,1.0,0.0797,1.2015,2.0544,1.0544,2.2884,1.2884,26.8118,2.0725,26.3551,2.0542,100.0,0.0,0.0,0.0,25.25,0.0,26.375,0.0,26.25,0.0,25.375,10.0,0.0,0.0105,52.4666,5.2466,2.0,3.8478,1.2341,-0.0787,1.355,0.0441,1.3684,1.004e-05,1.001,0.0001,2.0581,12.0,0.0663,1.0018,0.1143,2.28,0.0055,0.9648,0.0952,2.2003,0.0,0.0,0.0,-0.1495,26.0,25.0,38.0,37.0,16.0,0.0,0.0,0.0,64.0,27.4803,0.0,0.0122,0.0,0.0
17326.0,1.7319,0.0915,1.0,0.0797,1.2013,2.0549,1.0549,2.2886,1.2886,26.7709,2.0708,26.3402,2.0536,100.0,0.0,0.0,0.0,25.25,0.0,26.25,0.0,26.375,0.0,25.25,10.0,0.0,0.01,52.4662,5.2466,2.0,3.8488,1.2341,-0.0562,1.3575,0.0606,1.3702,1.004e-05,1.0009,0.0001,2.0556,12.0,0.0668,1.0018,0.1044,2.2405,0.0056,0.9689,0.0878,2.1651,0.0,0.0,0.0,-0.1494,25.0,25.0,38.0,37.0,14.0,0.0,0.0,0.0,64.0,27.6375,0.0,0.0123,0.0,0.0
17327.0,1.7322,0.0915,1.0,0.0798,1.2018,2.0551,1.0551,2.2886,1.2886,26.6811,2.0672,26.3364,2.0535,100.0,0.0,0.0,0.0,25.25,0.0,26.375,0.0,26.375,0.0,25.25,10.0,0.0,0.0105,52.466,5.2466,2.0,3.8088,1.2323,-0.1181,1.3508,0.0513,1.3692,1.004e-05,1.001,0.0001,2.0586,12.0,0.0646,1.0017,0.0949,2.199,0.0062,1.0155,0.0896,2.1743,0.0,0.0,0.0,-0.1497,25.0,25.0,38.0,37.0,14.0,0.0,0.0,0.0,64.0,27.8287,0.0,0.0121,0.0,0.0
17328.0,1.7339,0.0917,1.0,0.08,1.2021,2.055,1.055,2.2883,1.2883,26.5688,2.0628,26.3351,2.0534,100.0,0.0,0.0,0.0,25.25,0.0,26.25,0.0,26.25,0.0,25.375,10.0,0.0,0.0097,52.466,5.2466,2.0,3.8184,1.2328,-0.0422,1.359,0.0547,1.3696,1.004e-05,1.001,0.0001,2.0587,12.0,0.0637,1.0017,0.1019,2.2302,0.0055,0.9638,0.0809,2.13,0.0,0.0,0.0,-0.1497,25.0,25.0,38.0,37.0,15.0,0.0,0.0,0.0,64.0,28.0203,0.0,0.0119,0.0,0.0
17329.0,1.7342,0.0918,1.0,0.0797,1.2016,2.0546,1.0546,2.2882,1.2882,26.6201,2.0648,26.3572,2.0543,100.0,0.0,0.0,0.0,25.125,0.0,26.25,0.0,26.25,0.0,25.25,10.0,0.0,0.0105,52.4658,5.2466,2.0,3.8916,1.2361,-0.0585,1.3573,0.0579,1.37,1.005e-05,1.0011,0.0001,2.0557,12.0,0.0694,1.0019,0.142,2.3742,0.0061,1.0042,0.0809,2.1297,0.0,0.0,0.0,-0.1494,25.0,25.0,38.0,37.0,14.0,0.0,0.0,0.0,64.0,28.1976,0.0,0.0121,0.0,0.0
17330.0,1.7363,0.092,1.0,0.0798,1.2017,2.0543,1.0543,2.2879,1.2879,26.7833,2.0713,26.3692,2.0548,100.0,0.0,0.0,0.0,25.25,0.0,26.25,0.0,26.25,0.0,25.375,10.0,0.0,0.0102,52.4658,5.2466,2.0,3.7971,1.2318,-0.1081,1.3518,0.0468,1.3687,1.005e-05,1.0011,0.0001,2.0565,12.0,0.0695,1.0019,0.1289,2.3323,0.0062,1.017,0.0755,2.1,0.0,0.0,0.0,-0.1498,25.0,25.0,38.0,37.0,15.0,0.0,0.0,0.0,64.0,28.3693,0.0,0.0121,0.0,0.0
17331.0,1.7363,0.092,1.0,0.0798,1.2018,2.0549,1.0549,2.2882,1.2882,26.7824,2.0713,26.3525,2.0541,100.0,0.0,0.0,0.0,25.25,0.0,26.375,0.0,26.25,0.0,25.375,10.0,0.0,0.0099,52.4657,5.2466,2.0,3.8066,1.2322,-0.0969,1.3531,0.0617,1.3704,1.005e-05,1.0011,0.0001,2.0547,12.0,0.0704,1.0019,0.1479,2.3917,0.0058,0.9881,0.0837,2.1446,0.0,0.0,0.0,-0.1496,25.0,25.0,38.0,37.0,14.0,0.0,0.0,0.0,64.0,28.5676,0.0,0.0119,0.0,0.0
17332.0,1.7363,0.092,1.0,0.0798,1.2017,2.055,1.055,2.2882,1.2882,26.6769,2.0671,26.3416,2.0537,100.0,0.0,0.0,0.0,25.25,0.0,26.25,0.0,26.375,0.0,25.25,10.0,0.0,0.0106,52.4658,5.2466,2.0,3.7188,1.2282,-0.1766,1.3444,0.0511,1.3692,1.005e-05,1.0011,0.0001,2.0566,12.0,0.0745,1.002,0.1418,2.3735,0.0068,1.0544,0.0897,2.1749,0.0,0.0,0.0,-0.1495,25.0,25.0,38.0,37.0,15.0,0.0,0.0,0.0,64.0,28.746,0.0,0.0124,0.0,0.0
17333.0,1.7363,0.092,1.0,0.0799,1.2019,2.0546,1.0546,2.2883,1.2883,26.5661,2.0626,26.3334,2.0533,100.0,0.0,0.0,0.0,25.25,0.0,26.25,0.0,26.375,0.0,25.25,10.0,0.0,0.0101,52.4658,5.2466,2.0,3.7675,1.2304,-0.0404,1.3592,0.0674,1.371,1.005e-05,1.0011,0.0001,2.0591,12.0,0.0731,1.0019,0.1318,2.3419,0.0062,1.0159,0.0763,2.1041,0.0,0.0,0.0,-0.15,25.0,25.0,38.0,37.0,13.0,0.0,0.0,0.0,64.0,28.9526,0.0,0.0119,0.0,0.0
17334.0,1.7362,0.092,1.0,0.08,1.2022,2.0543,1.0543,2.2882,1.2882,26.6136,2.0642,26.3549,2.0541,100.0,0.0,0.0,0.0,25.25,0.0,26.25,0.0,26.25,0.0,25.25,10.0,0.0,0.0102,52.4656,5.2466,2.0,3.8828,1.2357,0.0145,1.3652,0.0574,1.37,1.005e-05,1.0011,0.0001,2.058,12.0,0.0702,1.0019,0.2095,2.5571,0.0061,1.0084,0.0807,2.1289,0.0,0.0,0.0,-0.1494,25.0,25.0,38.0,37.0,12.0,0.0,0.0,0.0,64.0,29.1314,0.0,0.0122,0.0,0.0
17335.0,1.7363,0.092,1.0,0.08,1.2022,2.0543,1.0543,2.2879,1.2879,26.7807,2.0712,26.3612,2.0544,100.0,0.0,0.0,0.0,25.25,0.0,26.25,0.0,26.25,0.0,25.375,10.0,0.0,0.0099,52.4658,5.2466,2.0,3.8794,1.2355,-0.0236,1.3611,0.0656,1.3708,1.004e-05,1.001,0.0001,2.0567,12.0,0.067,1.0018,0.1683,2.4479,0.0061,1.0087,0.0677,2.0526,0.0,0.0,0.0,-0.1496,26.0,25.0,38.0,37.0,12.0,0.0,0.0,0.0,64.0,29.3786,0.0,0.012,0.0,0.0
17336.0,1.7363,0.092,1.0,0.0799,1.202,2.0544,1.0544,2.2883,1.2883,26.7955,2.0718,26.345,2.0538,100.0,0.0,0.0,0.0,25.125,0.0,26.25,0.0,26.25,0.0,25.25,10.0,0.0,0.0094,52.4653,5.2465,2.0,3.8986,1.2364,0.0255,1.3664,0.0618,1.3704,1.004e-05,1.001,0.0001,2.0568,12.0,0.068,1.0018,0.1874,2.4947,0.006,0.998,0.0867,2.1601,0.0,0.0,0.0,-0.1495,26.0,25.0,38.0,37.0,12.0,0.0,0.0,0.0,64.0,29.5506,0.0,0.0121,0.0,0.0
17337.0,1.7363,0.092,1.0,0.0799,1.2021,2.0546,1.0546,2.2886,1.2886,26.7044,2.0682,26.3367,2.0535,100.0,0.0,0.0,0.0,25.25,0.0,26.25,0.0,26.25,0.0,25.25,10.0,0.0,0.01,52.4654,5.2465,2.0,3.8897,1.236,0.0015,1.3638,0.0537,1.3695,1.004e-05,1.001,0.0001,2.0546,12.0,0.067,1.0018,0.185,2.489,0.0068,1.0571,0.0789,2.1188,0.0,0.0,0.0,-0.1496,26.0,25.0,38.0,37.0,13.0,0.0,0.0,0.0,64.0,29.7259,0.0,0.0124,0.0,0.0
17338.0,1.7363,0.092,1.0,0.0798,1.2018,2.0547,1.0547,2.2884,1.2884,26.5941,2.0638,26.3241,2.053,100.0,0.0,0.0,0.0,25.125,0.0,26.25,0.0,26.375,0.0,25.25,10.0,0.0,0.0104,52.4655,5.2465,2.0,3.949,1.2386,0.0723,1.3715,0.0685,1.3711,1.004e-05,1.001,0.0001,2.0501,12.0,0.0659,1.0018,0.1365,2.357,0.0062,1.013,0.0772,2.1093,0.0,0.0,0.0,-0.1495,26.0,25.0,38.0,37.0,12.0,0.0,0.0,0.0,64.0,29.9066,0.0,0.0119,0.0,0.0
17339.0,1.7393,0.0924,1.0,0.0798,1.2017,2.0544,1.0544,2.2879,1.2879,26.5849,2.0634,26.3408,2.0536,100.0,0.0,0.0,0.0,25.125,0.0,26.25,0.0,26.25,0.0,25.25,10.0,0.0,0.0102,52.4653,5.2465,2.0,3.9545,1.2388,0.0559,1.3697,0.0558,1.3697,1.004e-05,1.001,0.0001,2.0576,12.0,0.0673,1.0018,0.1561,2.4152,0.0063,1.0235,0.0705,2.0702,0.0,0.0,0.0,-0.1499,26.0,25.0,38.0,37.0,14.0,0.0,0.0,0.0,64.0,30.1009,0.0,0.0118,0.0,0.0
17340.0,1.7436,0.093,1.0,0.0796,1.2012,2.0544,1.0544,2.2882,1.2882,26.743,2.0697,26.3618,2.0545,100.0,0.0,0.0,0.0,25.25,0.0,26.375,0.0,26.25,0.0,25.375,10.0,0.0,0.0098,52.4652,5.2465,2.0,3.9095,1.2368,0.0081,1.3645,0.0724,1.3715,1.004e-05,1.001,0.0001,2.0547,12.0,0.0665,1.0018,0.2031,2.5296,0.0062,1.0139,0.0836,2.1442,0.0,0.0,0.0,-0.1497,26.0,25.0,38.0,37.0,13.0,0.0,0.0,0.0,64.0,30.2846,0.0,0.0119,0.0,0.0
17341.0,1.7446,0.0931,1.0,0.0799,1.202,2.0546,1.0546,2.2883,1.2883,26.8121,2.0725,26.3571,2.0543,100.0,0.0,0.0,0.0,25.25,0.0,26.25,0.0,26.25,0.0,25.25,10.0,0.0,0.01,52.465,5.2465,2.0,3.9182,1.2372,0.0153,1.3653,0.0604,1.3702,1.004e-05,1.0009,0.0001,2.0561,12.0,0.066,1.0018,0.2087,2.5414,0.0062,1.0143,0.0836,2.1439,0.0,0.0,0.0,-0.1496,26.0,25.0,38.0,37.0,13.0,0.0,0.0,0.0,64.0,30.5119,0.0,0.0122,0.0,0.0
17342.0,1.7446,0.0931,1.0,0.0798,1.2018,2.0549,1.0549,2.2881,1.2881,26.7411,2.0696,26.3385,2.0535,100.0,0.0,0.0,0.0,25.25,0.0,26.375,0.0,26.25,0.0,25.375,10.0,0.0,0.0096,52.4651,5.2465,2.0,3.9347,1.238,0.0484,1.3689,0.0673,1.371,1.004e-05,1.001,0.0001,2.0579,12.0,0.0665,1.0018,0.2218,2.5678,0.006,1.0035,0.0777,2.1125,0.0,0.0,0.0,-0.1494,26.0,25.0,38.0,37.0,14.0,0.0,0.0,0.0,64.0,30.6417,0.0,0.012,0.0,0.0
17343.0,1.7464,0.0933,1.0,0.0798,1.2018,2.0548,1.0548,2.288,1.288,26.5907,2.0636,26.3336,2.0533,100.0,0.0,0.0,0.0,25.25,0.0,26.375,0.0,26.25,0.0,25.25,10.0,0.0,0.0098,52.4648,5.2465,2.0,3.9577,1.239,0.0674,1.371,0.0649,1.3707,1.005e-05,1.0012,0.0001,2.0562,12.0,0.0716,1.0019,0.1894,2.4991,0.0064,1.0285,0.0766,2.106,0.0,0.0,0.0,-0.1496,26.0,25.0,38.0,37.0,13.0,0.0,0.0,0.0,64.0,30.8238,0.0,0.0122,0.0,0.0
17344.0,1.7467,0.0933,1.0,0.0801,1.2026,2.0548,1.0548,2.2878,1.2878,26.5798,2.0632,26.3489,2.054,100.0,0.0,0.0,0.0,25.125,0.0,26.25,0.0,26.375,0.0,25.25,10.0,0.0,0.0096,52.4649,5.2465,2.0,4.0458,1.2428,0.1395,1.3789,0.0619,1.3704,1.005e-05,1.0012,0.0001,2.0583,12.0,0.0752,1.002,0.1679,2.447,0.006,1.0024,0.0812,2.1312,0.0,0.0,0.0,-0.1501,26.0,25.0,38.0,37.0,14.0,0.0,0.0,0.0,64.0,31.0132,0.0,0.0121,0.0,0.0
17345.0,1.7476,0.0935,1.0,0.08,1.2022,2.0544,1.0544,2.2878,1.2878,26.7227,2.0689,26.3613,2.0545,100.0,0.0,0.0,0.0,25.125,0.0,26.25,0.0,26.375,0.0,25.25,10.0,0.0,0.0096,52.465,5.2465,2.0,4.0512,1.243,0.1355,1.3784,0.0721,1.3715,1.005e-05,1.0012,0.0001,2.0561,12.0,0.0737,1.002,0.2343,2.5916,0.0059,0.9896,0.0831,2.1414,0.0,0.0,0.0,-0.1497,26.0,25.0,38.0,37.0,13.0,0.0,0.0,0.0,64.0,31.1893,0.0,0.0119,0.0,0.0
17346.0,1.7456,0.0932,1.0,0.08,1.2023,2.0544,1.0544,2.2882,1.2882,26.8178,2.0727,26.3491,2.054,100.0,0.0,0.0,0.0,25.25,0.0,26.25,0.0,26.375,0.0,25.25,10.0,0.0,0.01,52.4645,5.2464,2.0,4.0255,1.2419,0.0784,1.3722,0.0599,1.3702,1.005e-05,1.0011,0.0001,2.0556,12.0,0.0757,1.002,0.2459,2.6126,0.006,0.9978,0.0784,2.1161,0.0,0.0,0.0,-0.1497,26.0,25.0,38.0,37.0,13.0,0.0,0.0,0.0,64.0,31.4151,0.0,0.0117,0.0,0.0
17347.0,1.7396,0.0924,1.0,0.0799,1.202,2.0546,1.0546,2.2886,1.2886,26.7507,2.07,26.3384,2.0535,100.0,0.0,0.0,0.0,25.25,0.0,26.25,0.0,26.375,0.0,25.25,10.0,0.0,0.0096,52.4643,5.2464,2.0,4.1015,1.2452,0.1681,1.382,0.0761,1.3719,1.005e-05,1.0011,0.0001,2.0559,12.0,0.0712,1.0019,0.2073,2.5385,0.0064,1.0261,0.0703,2.069,0.0,0.0,0.0,-0.1496,25.0,25.0,38.0,37.0,13.0,0.0,0.0,0.0,64.0,31.5703,0.0,0.0121,0.0,0.0
17348.0,1.7373,0.0922,1.0,0.08,1.2023,2.0547,1.0547,2.2885,1.2885,26.6364,2.0655,26.3253,2.053,100.0,0.0,0.0,0.0,25.125,0.0,26.25,0.0,26.375,0.0,25.25,10.0,0.0,0.0097,52.4644,5.2465,2.0,4.0633,1.2436,0.1539,1.3804,0.0644,1.3707,1.004e-05,1.001,0.0001,2.0541,12.0,0.0692,1.0018,0.1599,2.4256,0.006,0.9965,0.0779,2.1134,0.0,0.0,0.0,-0.1499,25.0,25.0,38.0,37.0,12.0,0.0,0.0,0.0,64.0,31.767,0.0,0.0119,0.0,0.0
17349.0,1.7363,0.092,1.0,0.0799,1.202,2.0545,1.0545,2.2878,1.2878,26.5775,2.0631,26.348,2.0539,100.0,0.0,0.0,0.0,25.125,0.0,26.25,0.0,26.5,0.0,25.25,10.0,0.0,0.0103,52.4644,5.2464,2.0,4.0052,1.2411,0.068,1.371,0.0779,1.3721,1.004e-05,1.001,0.0001,2.0558,12.0,0.0702,1.0019,0.1941,2.5098,0.0059,0.9954,0.0702,2.0681,0.0,0.0,0.0,-0.1495,25.0,25.0,38.0,37.0,14.0,0.0,0.0,0.0,64.0,31.9108,0.0,0.0119,0.0,0.0
17350.0,1.7363,0.092,1.0,0.08,1.2023,2.0541,1.0541,2.2881,1.2881,26.6777,2.0671,26.3593,2.0544,100.0,0.0,0.0,0.0,25.25,0.0,26.25,0.0,26.25,0.0,25.25,10.0,0.0,0.01,52.4643,5.2464,2.0,3.972,1.2396,0.0546,1.3696,0.0684,1.3711,1.005e-05,1.0011,0.0001,2.0567,12.0,0.0713,1.0019,0.257,2.6318,0.0056,0.9677,0.0711,2.0739,0.0,0.0,0.0,-0.15,25.0,25.0,38.0,38.0,14.0,0.0,0.0,0.0,64.0,32.0639,0.0,0.0119,0.0,0.0
17351.0,1.7363,0.092,1.0,0.0801,1.2026,2.0543,1.0543,2.288,1.288,26.8153,2.0726,26.362,2.0545,100.0,0.0,0.0,0.0,25.25,0.0,26.25,0.0,26.25,0.0,25.375,10.0,0.0,0.0095,52.4647,5.2465,2.0,3.9182,1.2372,-0.0016,1.3635,0.0816,1.3725,1.005e-05,1.001,0.0001,2.0541,12.0,0.0703,1.0019,0.2243,2.5728,0.006,0.9984,0.0595,1.9967,0.0,0.0,0.0,-0.15,25.0,25.0,38.0,38.0,14.0,0.0,0.0,0.0,64.0,32.2956,0.0,0.0121,0.0,0.0
17352.0,1.7363,0.092,1.0,0.0799,1.2019,2.0549,1.0549,2.2882,1.2882,26.7739,2.071,26.3494,2.054,100.0,0.0,0.0,0.0,25.125,0.0,26.25,0.0,26.375,0.0,25.25,10.0,0.0,0.0098,52.4643,5.2464,2.0,3.9506,1.2387,0.0116,1.3649,0.0732,1.3716,1.004e-05,1.001,0.0001,2.0543,12.0,0.0679,1.0018,0.1995,2.5219,0.0057,0.9796,0.0625,2.0179,0.0,0.0,0.0,-0.1496,25.0,25.0,38.0,38.0,14.0,0.0,0.0,0.0,64.0,32.4379,0.0,0.012,0.0,0.0
17353.0,1.7363,0.092,1.0,0.08,1.2022,2.0551,1.0551,2.2886,1.2886,26.6669,2.0667,26.3377,2.0535,100.0,0.0,0.0,0.0,25.125,0.0,26.25,0.0,26.25,0.0,25.25,10.0,0.0,0.0102,52.4641,5.2464,2.0,3.9106,1.2369,0.0361,1.3676,0.0809,1.3725,1.004e-05,1.001,0.0001,2.0569,12.0,0.0671,1.0018,0.1994,2.5217,0.0064,1.0313,0.0631,2.0217,0.0,0.0,0.0,-0.1495,25.0,25.0,38.0,38.0,13.0,0.0,0.0,0.0,64.0,32.5992,0.0,0.0124,0.0,0.0
17354.0,1.7363,0.092,1.0,0.0798,1.2016,2.0549,1.0549,2.2879,1.2879,26.5564,2.0623,26.3435,2.0537,100.0,0.0,0.0,0.0,25.125,0.0,26.375,0.0,26.25,0.0,25.25,10.0,0.0,0.0099,52.4644,5.2464,2.0,3.9859,1.2402,0.0389,1.3679,0.0735,1.3717,1.004e-05,1.0009,0.0001,2.0547,12.0,0.0651,1.0017,0.185,2.4891,0.0064,1.0287,0.0732,2.0862,0.0,0.0,0.0,-0.1497,25.0,25.0,38.0,38.0,14.0,0.0,0.0,0.0,64.0,32.7764,0.0,0.0122,0.0,0.0
17355.0,1.7358,0.092,1.0,0.0797,1.2014,2.054,1.054,2.2878,1.2878,26.6795,2.0672,26.359,2.0544,100.0,0.0,0.0,0.0,25.25,0.0,26.25,0.0,26.375,0.0,25.25,10.0,0.0,0.01,52.464,5.2464,2.0,3.9401,1.2382,0.0073,1.3644,0.0879,1.3732,1.004e-05,1.001,0.0001,2.0542,12.0,0.0708,1.0019,0.2005,2.5241,0.0064,1.027,0.0707,2.0711,0.0,0.0,0.0,-0.1495,26.0,25.0,38.0,37.0,13.0,0.0,0.0,0.0,64.0,32.9549,0.0,0.0122,0.0,0.0
17356.0,1.7363,0.092,1.0,0.0797,1.2015,2.054,1.054,2.2883,1.2883,26.8158,2.0726,26.3514,2.0541,100.0,0.0,0.0,0.0,25.125,0.0,26.25,0.0,26.25,0.0,25.25,10.0,0.0,0.0099,52.4636,5.2463,2.0,3.8808,1.2356,-0.0519,1.358,0.0787,1.3722,1.005e-05,1.0011,0.0001,2.0506,12.0,0.0716,1.0019,0.1817,2.4812,0.0057,0.9747,0.0623,2.0164,0.0,0.0,0.0,-0.1497,26.0,25.0,38.0,37.0,15.0,0.0,0.0,0.0,64.0,33.1354,0.0,0.0117,0.0,0.0
17357.0,1.7353,0.0919,1.0,0.0799,1.2019,2.0545,1.0545,2.2882,1.2882,26.7814,2.0713,26.3411,2.0536,100.0,0.0,0.0,0.0,25.25,0.0,26.375,0.0,26.375,0.0,25.25,10.0,0.0,0.0096,52.4637,5.2464,2.0,3.8372,1.2336,-0.0474,1.3585,0.0766,1.372,1.005e-05,1.0011,0.0001,2.0548,12.0,0.0706,1.0019,0.1794,2.4756,0.0062,1.0138,0.0585,1.9889,0.0,0.0,0.0,-0.1496,26.0,25.0,38.0,37.0,14.0,0.0,0.0,0.0,64.0,33.3105,0.0,0.0119,0.0,0.0
17358.0,1.7353,0.0919,1.0,0.0798,1.2017,2.055,1.055,2.2882,1.2882,26.6788,2.0672,26.3366,2.0535,100.0,0.0,0.0,0.0,25.125,0.0,26.25,0.0,26.25,0.0,25.375,10.0,0.0,0.0101,52.4638,5.2464,2.0,3.8537,1.2344,-0.0844,1.3544,0.0843,1.3728,1.004e-05,1.001,0.0001,2.0551,12.0,0.0697,1.0019,0.2635,2.6426,0.0056,0.9673,0.0611,2.008,0.0,0.0,0.0,-0.15,26.0,25.0,38.0,37.0,14.0,0.0,0.0,0.0,64.0,33.5337,0.0,0.012,0.0,0.0
17359.0,1.7363,0.092,1.0,0.0798,1.2016,2.0548,1.0548,2.2881,1.2881,26.5592,2.0624,26.3411,2.0536,100.0,0.0,0.0,0.0,25.125,0.0,26.25,0.0,26.25,0.0,25.375,10.0,0.0,0.0096,52.4638,5.2464,2.0,3.809,1.2323,-0.1054,1.3521,0.0847,1.3729,1.005e-05,1.0011,0.0001,2.0548,12.0,0.0719,1.0019,0.1761,2.4677,0.0064,1.0274,0.0565,1.9736,0.0,0.0,0.0,-0.1497,25.0,25.0,38.0,37.0,13.0,0.0,0.0,0.0,64.0,33.6921,0.0,0.0118,0.0,0.0
17360.0,1.7363,0.092,1.0,0.0797,1.2013,2.0542,1.0542,2.2883,1.2883,26.6264,2.0651,26.3555,2.0542,100.0,0.0,0.0,0.0,25.25,0.0,26.25,0.0,26.375,0.0,25.375,10.0,0.0,0.0099,52.4636,5.2463,2.0,3.798,1.2318,-0.0331,1.36,0.0874,1.3732,1.004e-05,1.001,0.0001,2.0565,12.0,0.0688,1.0018,0.2499,2.6196,0.0061,1.0098,0.0629,2.0204,0.0,0.0,0.0,-0.1497,25.0,25.0,38.0,37.0,13.0,0.0,0.0,0.0,64.0,33.8585,0.0,0.0116,0.0,0.0
17361.0,1.7356,0.092,1.0,0.0797,1.2015,2.054,1.054,2.2883,1.2883,26.7864,2.0715,26.3609,2.0544,100.0,0.0,0.0,0.0,25.25,0.0,26.375,0.0,26.5,0.0,25.25,10.0,0.0,0.0101,52.4635,5.2464,2.0,3.8901,1.236,-0.0165,1.3618,0.0764,1.372,1.004e-05,1.001,0.0001,2.0584,12.0,0.068,1.0018,0.1984,2.5193,0.0062,1.0111,0.0679,2.0537,0.0,0.0,0.0,-0.1496,25.0,25.0,38.0,37.0,14.0,0.0,0.0,0.0,64.0,34.0479,0.0,0.0119,0.0,0.0
17362.0,1.7363,0.092,1.0,0.0799,1.2021,2.0543,1.0543,2.2887,1.2887,26.8011,2.072,26.3441,2.0538,100.0,0.0,0.0,0.0,25.25,0.0,26.375,0.0,26.375,0.0,25.375,10.0,0.0,0.0095,52.4637,5.2464,2.0,3.8803,1.2355,-0.0362,1.3597,0.09,1.3735,1.004e-05,1.001,0.0001,2.0531,12.0,0.0679,1.0018,0.1853,2.4897,0.0053,0.9451,0.066,2.0411,0.0,0.0,0.0,-0.1498,25.0,25.0,38.0,37.0,12.0,0.0,0.0,0.0,64.0,34.2638,0.0,0.0122,0.0,0.0
17363.0,1.7367,0.0921,1.0,0.0799,1.2019,2.0546,1.0546,2.2883,1.2883,26.7077,2.0683,26.3368,2.0535,100.0,0.0,0.0,0.0,25.25,0.0,26.25,0.0,26.25,0.0,25.375,10.0,0.0,0.0098,52.4636,5.2463,2.0,3.9073,1.2368,0.0438,1.3684,0.0769,1.372,1.004e-05,1.0009,0.0001,2.0572,12.0,0.068,1.0018,0.1981,2.5187,0.0063,1.0216,0.0591,1.9932,0.0,0.0,0.0,-0.1494,26.0,25.0,38.0,37.0,13.0,0.0,0.0,0.0,64.0,34.456,0.0,0.0123,0.0,0.0
17364.0,1.7378,0.0922,1.0,0.0797,1.2014,2.0551,1.0551,2.288,1.288,26.5793,2.0632,26.3336,2.0533,100.0,0.0,0.0,0.0,25.25,0.0,26.375,0.0,26.25,0.0,25.375,10.0,0.0,0.0105,52.463,5.2463,2.0,4.0722,1.2439,0.1697,1.3821,0.0928,1.3738,1.004e-05,1.0009,0.0001,2.0571,12.0,0.0667,1.0018,0.1709,2.4546,0.0058,0.9827,0.0677,2.0523,0.0,0.0,0.0,-0.1502,26.0,25.0,38.0,37.0,13.0,0.0,0.0,0.0,64.0,34.5922,0.0,0.0117,0.0,0.0
17365.0,1.7381,0.0923,1.0,0.0798,1.2018,2.0547,1.0547,2.2882,1.2882,26.61,2.0644,26.3525,2.0541,100.0,0.0,0.0,0.0,25.25,0.0,26.25,0.0,26.25,0.0,25.375,10.0,0.0,0.0097,52.4634,5.2463,2.0,4.0848,1.2445,0.1372,1.3786,0.0798,1.3723,1.004e-05,1.001,0.0001,2.0588,12.0,0.0674,1.0018,0.1712,2.4554,0.0059,0.9938,0.0734,2.0878,0.0,0.0,0.0,-0.1499,26.0,25.0,38.0,37.0,13.0,0.0,0.0,0.0,64.0,34.7738,0.0,0.0122,0.0,0.0
17366.0,1.7324,0.0916,1.0,0.0799,1.202,2.054,1.054,2.2883,1.2883,26.8003,2.072,26.3592,2.0544,100.0,0.0,0.0,0.0,25.25,0.0,26.25,0.0,26.375,0.0,25.25,10.0,0.0,0.0094,52.4633,5.2463,2.0,4.0659,1.2437,0.148,1.3798,0.0927,1.3737,1.004e-05,1.0009,0.0001,2.0566,12.0,0.0652,1.0017,0.1717,2.4566,0.0068,1.057,0.0703,2.0688,0.0,0.0,0.0,-0.1499,26.0,25.0,38.0,37.0,14.0,0.0,0.0,0.0,64.0,34.9629,0.0,0.0116,0.0,0.0
17367.0,1.7363,0.092,1.0,0.0796,1.2013,2.0548,1.0548,2.2883,1.2883,26.8036,2.0721,26.3447,2.0538,100.0,0.0,0.0,0.0,25.25,0.0,26.375,0.0,26.375,0.0,25.25,10.0,0.0,0.0101,52.4631,5.2463,2.0,4.076,1.2441,0.1517,1.3802,0.0869,1.3731,1.004e-05,1.001,0.0001,2.0614,12.0,0.0682,1.0018,0.2029,2.5292,0.0062,1.0126,0.074,2.0914,0.0,0.0,0.0,-0.1498,26.0,25.0,38.0,37.0,14.0,0.0,0.0,0.0,64.0,35.143,0.0,0.0122,0.0,0.0
17368.0,1.7415,0.0927,1.0,0.0797,1.2014,2.0549,1.0549,2.2882,1.2882,26.7185,2.0687,26.3463,2.0539,100.0,0.0,0.0,0.0,25.125,0.0,26.25,0.0,26.25,0.0,25.25,10.0,0.0,0.0103,52.4631,5.2463,2.0,4.0865,1.2445,0.1729,1.3825,0.0986,1.3744,1.004e-05,1.001,0.0001,2.0638,12.0,0.0679,1.0018,0.1871,2.4939,0.0061,1.0084,0.0735,2.0881,0.0,0.0,0.0,-0.1499,26.0,25.0,38.0,37.0,14.0,0.0,0.0,0.0,64.0,35.3542,0.0,0.0121,0.0,0.0
17369.0,1.7455,0.0932,1.0,0.08,1.2021,2.0551,1.0551,2.2881,1.2881,26.5909,2.0636,26.3435,2.0537,100.0,0.0,0.0,0.0,25.125,0.0,26.25,0.0,26.25,0.0,25.25,10.0,0.0,0.009,52.463,5.2463,2.0,4.209,1.2497,0.3356,1.4002,0.0864,1.3731,1.005e-05,1.0011,0.0001,2.0587,12.0,0.0687,1.0018,0.214,2.5524,0.006,1.0024,0.0718,2.0777,0.0,0.0,0.0,-0.1497,26.0,25.0,38.0,37.0,13.0,0.0,0.0,0.0,64.0,35.5374,0.0,0.0123,0.0,0.0
17370.0,1.7381,0.0923,1.0,0.0798,1.2018,2.0546,1.0546,2.2878,1.2878,26.6153,2.0646,26.3542,2.0542,100.0,0.0,0.0,0.0,25.125,0.0,26.25,0.0,26.25,0.0,25.375,10.0,0.0,0.0099,52.4628,5.2463,2.0,4.3591,1.2558,0.3549,1.4023,0.0982,1.3744,1.005e-05,1.0011,0.0001,2.0632,12.0,0.0733,1.002,0.1798,2.4766,0.0057,0.981,0.0821,2.1364,0.0,0.0,0.0,-0.1498,26.0,25.0,38.0,37.0,15.0,0.0,0.0,0.0,64.0,35.7121,0.0,0.0122,0.0,0.0
17371.0,1.7376,0.0922,1.0,0.0801,1.2025,2.054,1.054,2.2879,1.2879,26.7886,2.0715,26.3621,2.0545,100.0,0.0,0.0,0.0,25.125,0.0,26.25,0.0,26.375,0.0,25.25,10.0,0.0,0.0103,52.4628,5.2463,2.0,4.3832,1.2567,0.4136,1.4088,0.0958,1.3741,1.005e-05,1.0012,0.0001,2.058,12.0,0.0744,1.002,0.1916,2.5041,0.0063,1.0202,0.0683,2.0561,0.0,0.0,0.0,-0.1498,26.0,25.0,38.0,37.0,16.0,0.0,0.0,0.0,64.0,35.9117,0.0,0.0121,0.0,0.0
17372.0,1.7383,0.0923,1.0,0.0801,1.2026,2.0542,1.0542,2.2882,1.2882,26.8148,2.0726,26.3481,2.0539,100.0,0.0,0.0,0.0,25.125,0.0,26.25,0.0,26.375,0.0,25.375,10.0,0.0,0.0098,52.4629,5.2463,2.0,4.4705,1.2601,0.4394,1.4116,0.1059,1.3752,1.005e-05,1.0012,0.0001,2.0585,12.0,0.0747,1.002,0.1611,2.4289,0.0057,0.9775,0.0726,2.0829,0.0,0.0,0.0,-0.1494,26.0,25.0,38.0,37.0,14.0,0.0,0.0,0.0,64.0,36.1021,0.0,0.012,0.0,0.0
17373.0,1.7377,0.0922,1.0,0.0799,1.2021,2.0546,1.0546,2.2882,1.2882,26.743,2.0697,26.3381,2.0535,100.0,0.0,0.0,0.0,25.25,0.0,26.25,0.0,26.25,0.0,25.25,10.0,0.0,0.0097,52.4629,5.2463,2.0,4.4256,1.2584,0.3585,1.4027,0.0905,1.3735,1.005e-05,1.0011,0.0001,2.0663,12.0,0.0738,1.002,0.1346,2.3508,0.0064,1.0249,0.0654,2.0375,0.0,0.0,0.0,-0.1497,26.0,25.0,38.0,37.0,15.0,0.0,0.0,0.0,64.0,36.3011,0.0,0.0122,0.0,0.0
17374.0,1.7373,0.0922,1.0,0.0797,1.2015,2.055,1.055,2.2881,1.2881,26.622,2.0649,26.335,2.0534,100.0,0.0,0.0,0.0,25.25,0.0,26.375,0.0,26.25,0.0,25.25,10.0,0.0,0.0101,52.4626,5.2462,2.0,4.3781,1.2565,0.3604,1.403,0.1053,1.3751,1.005e-05,1.0011,0.0001,2.062,12.0,0.071,1.0019,0.1601,2.4261,0.0064,1.0306,0.062,2.0143,0.0,0.0,0.0,-0.1496,26.0,25.0,38.0,37.0,13.0,0.0,0.0,0.0,64.0,36.4774,0.0,0.012,0.0,0.0
17375.0,1.7362,0.092,1.0,0.0799,1.202,2.055,1.055,2.2879,1.2879,26.5677,2.0627,26.3556,2.0542,100.0,0.0,0.0,0.0,25.125,0.0,26.25,0.0,26.375,0.0,25.375,10.0,0.0,0.0105,52.4627,5.2462,2.0,4.4877,1.2608,0.4248,1.41,0.0922,1.3737,1.004e-05,1.001,0.0001,2.0635,12.0,0.0674,1.0018,0.1586,2.4223,0.006,0.9993,0.0653,2.0368,0.0,0.0,0.0,-0.1498,26.0,25.0,38.0,37.0,12.0,0.0,0.0,0.0,64.0,36.668,0.0,0.0121,0.0,0.0
17376.0,1.7355,0.0919,1.0,0.0797,1.2015,2.0544,1.0544,2.2878,1.2878,26.7385,2.0695,26.3716,2.0549,100.0,0.0,0.0,0.0,25.125,0.0,26.25,0.0,26.25,0.0,25.25,10.0,0.0,0.0096,52.4625,5.2462,2.0,4.489,1.2609,0.3602,1.4029,0.1052,1.3751,1.005e-05,1.0011,0.0001,2.0635,12.0,0.0694,1.0018,0.1289,2.3322,0.0056,0.9708,0.0626,2.0187,0.0,0.0,0.0,-0.1496,26.0,25.0,38.0,37.0,15.0,0.0,0.0,0.0,64.0,36.8522,0.0,0.0117,0.0,0.0
17377.0,1.7363,0.092,1.0,0.08,1.2023,2.0545,1.0545,2.2883,1.2883,26.8178,2.0727,26.35,2.054,100.0,0.0,0.0,0.0,25.125,0.0,26.125,0.0,26.25,0.0,25.25,10.0,0.0,0.0096,52.4625,5.2462,2.0,4.4188,1.2581,0.3142,1.3979,0.0966,1.3742,1.004e-05,1.001,0.0001,2.0659,12.0,0.0659,1.0018,0.1433,2.378,0.0055,0.9635,0.0576,1.982,0.0,0.0,0.0,-0.1495,26.0,25.0,38.0,37.0,13.0,0.0,0.0,0.0,64.0,37.0578,0.0,0.0118,0.0,0.0
17378.0,1.7363,0.092,1.0,0.0797,1.2015,2.055,1.055,2.2882,1.2882,26.7528,2.0701,26.3476,2.0539,100.0,0.0,0.0,0.0,25.25,0.0,26.25,0.0,26.375,0.0,25.375,10.0,0.0,0.01,52.4623,5.2462,2.0,4.4098,1.2578,0.2576,1.3917,0.1073,1.3753,1.004e-05,1.001,0.0001,2.0681,12.0,0.0666,1.0018,0.1379,2.3614,0.0064,1.0276,0.0606,2.0041,0.0,0.0,0.0,-0.1497,26.0,25.0,38.0,37.0,13.0,0.0,0.0,0.0,64.0,37.2536,0.0,0.0117,0.0,0.0
17379.0,1.7363,0.092,1.0,0.0799,1.2019,2.055,1.055,2.2881,1.2881,26.6344,2.0654,26.3455,2.0538,100.0,0.0,0.0,0.0,25.125,0.0,26.25,0.0,26.25,0.0,25.25,10.0,0.0,0.01,52.4623,5.2462,2.0,4.3862,1.2568,0.3059,1.397,0.1023,1.3748,1.005e-05,1.0011,0.0001,2.0629,12.0,0.0681,1.0018,0.114,2.2789,0.0058,0.9873,0.0533,1.9487,0.0,0.0,0.0,-0.1497,26.0,25.0,38.0,37.0,13.0,0.0,0.0,0.0,64.0,37.4587,0.0,0.0118,0.0,0.0
17380.0,1.7363,0.092,1.0,0.0799,1.2021,2.055,1.055,2.2879,1.2879,26.5639,2.0626,26.3524,2.0541,100.0,0.0,0.0,0.0,25.125,0.0,26.375,0.0,26.25,0.0,25.25,10.0,0.0,0.0097,52.4626,5.2463,2.0,4.5186,1.262,0.3852,1.4057,0.108,1.3754,1.005e-05,1.001,0.0001,2.0703,12.0,0.0694,1.0019,0.1089,2.2587,0.0056,0.9675,0.0557,1.9676,0.0,0.0,0.0,-0.1498,26.0,25.0,38.0,37.0,13.0,0.0,0.0,0.0,64.0,37.6309,0.0,0.0124,0.0,0.0
17381.0,1.7363,0.092,1.0,0.0802,1.2028,2.0544,1.0544,2.2882,1.2882,26.6965,2.0679,26.3606,2.0544,100.0,0.0,0.0,0.0,25.125,0.0,26.375,0.0,26.25,0.0,25.25,10.0,0.0,0.0094,52.4623,5.2462,2.0,4.5767,1.2642,0.416,1.409,0.1179,1.3765,1.005e-05,1.0012,0.0001,2.0665,12.0,0.0764,1.002,0.1083,2.2566,0.0061,1.0093,0.0537,1.9519,0.0,0.0,0.0,-0.1497,26.0,25.0,38.0,37.0,15.0,0.0,0.0,0.0,64.0,37.8133,0.0,0.0123,0.0,0.0
17382.0,1.7361,0.092,1.0,0.0802,1.2029,2.0544,1.0544,2.2882,1.2882,26.8164,2.0727,26.3539,2.0542,100.0,0.0,0.0,0.0,25.125,0.0,26.25,0.0,26.25,0.0,25.25,10.0,0.0,0.0101,52.4625,5.2463,2.0,4.7196,1.2696,0.5729,1.4261,0.1116,1.3758,1.005e-05,1.0012,0.0001,2.0624,12.0,0.0755,1.002,0.1036,2.2371,0.0058,0.9836,0.0532,1.9478,0.0,0.0,0.0,-0.1498,26.0,25.0,38.0,37.0,13.0,0.0,0.0,0.0,64.0,38.015,0.0,0.0121,0.0,0.0
17383.0,1.7363,0.092,1.0,0.0799,1.2021,2.0546,1.0546,2.2883,1.2883,26.7755,2.071,26.3406,2.0536,100.0,0.0,0.0,0.0,25.125,0.0,26.25,0.0,26.25,0.0,25.25,10.0,0.0,0.0096,52.4622,5.2462,2.0,4.7976,1.2724,0.5723,1.4261,0.1181,1.3765,1.005e-05,1.0011,0.0001,2.0702,12.0,0.0719,1.0019,0.1155,2.2843,0.0063,1.022,0.0447,1.8718,0.0,0.0,0.0,-0.1499,26.0,25.0,38.0,37.0,13.0,0.0,0.0,0.0,64.0,38.1984,0.0,0.0123,0.0,0.0
17384.0,1.7371,0.0921,1.0,0.0797,1.2014,2.0546,1.0546,2.2886,1.2886,26.6644,2.0666,26.3353,2.0534,100.0,0.0,0.0,0.0,25.125,0.0,26.25,0.0,26.25,0.0,25.25,10.0,0.0,0.0102,52.4623,5.2462,2.0,4.861,1.2747,0.52,1.4204,0.111,1.3757,1.005e-05,1.001,0.0001,2.0662,12.0,0.0721,1.0019,0.0895,2.1735,0.0057,0.9767,0.0489,1.9107,0.0,0.0,0.0,-0.1499,26.0,25.0,38.0,37.0,14.0,0.0,0.0,0.0,64.0,38.4396,0.0,0.0117,0.0,0.0
17385.0,1.7384,0.0923,1.0,0.0798,1.2017,2.055,1.055,2.288,1.288,26.5595,2.0624,26.3388,2.0536,100.0,0.0,0.0,0.0,25.125,0.0,26.25,0.0,26.375,0.0,25.25,10.0,0.0,0.0098,52.4622,5.2462,2.0,4.718,1.2695,0.4664,1.4145,0.1206,1.3768,1.004e-05,1.0009,0.0001,2.0711,12.0,0.0645,1.0017,0.0832,2.1421,0.0059,0.9932,0.0416,1.8404,0.0,0.0,0.0,-0.1497,26.0,25.0,38.0,37.0,14.0,0.0,0.0,0.0,64.0,38.6097,0.0,0.0124,0.0,0.0
17386.0,1.7384,0.0923,1.0,0.0797,1.2016,2.0546,1.0546,2.2878,1.2878,26.658,2.0663,26.3589,2.0544,100.0,0.0,0.0,0.0,25.25,0.0,26.375,0.0,26.375,0.0,25.375,10.0,0.0,0.01,52.4619,5.2462,2.0,4.8367,1.2738,0.522,1.4206,0.1087,1.3755,1.004e-05,1.001,0.0001,2.0694,12.0,0.0657,1.0018,0.0953,2.2008,0.0061,1.01,0.0408,1.8326,0.0,0.0,0.0,-0.1501,26.0,25.0,38.0,37.0,15.0,0.0,0.0,0.0,64.0,38.7388,0.0,0.0122,0.0,0.0
17387.0,1.7384,0.0923,1.0,0.0797,1.2015,2.0544,1.0544,2.2881,1.2881,26.8145,2.0726,26.3636,2.0545,100.0,0.0,0.0,0.0,25.25,0.0,26.25,0.0,26.375,0.0,25.25,10.0,0.0,0.0104,52.462,5.2462,2.0,4.8462,1.2742,0.5493,1.4236,0.1227,1.377,1.005e-05,1.001,0.0001,2.0694,12.0,0.0684,1.0018,0.1389,2.3645,0.0062,1.012,0.0426,1.8512,0.0,0.0,0.0,-0.1498,26.0,25.0,38.0,37.0,14.0,0.0,0.0,0.0,64.0,38.9265,0.0,0.0124,0.0,0.0
17388.0,1.7355,0.0919,1.0,0.0797,1.2014,2.0549,1.0549,2.2883,1.2883,26.7852,2.0714,26.3425,2.0537,100.0,0.0,0.0,0.0,25.125,0.0,26.375,0.0,26.375,0.0,25.375,10.0,0.0,0.0095,52.4618,5.2462,2.0,4.9281,1.2771,0.5155,1.4199,0.1095,1.3756,1.004e-05,1.001,0.0001,2.0713,12.0,0.0646,1.0017,0.1573,2.4185,0.0067,1.0504,0.0381,1.8028,0.0,0.0,0.0,-0.1496,26.0,25.0,38.0,37.0,12.0,0.0,0.0,0.0,64.0,39.1009,0.0,0.0121,0.0,0.0
17389.0,1.7355,0.0919,1.0,0.0796,1.2012,2.0551,1.0551,2.2886,1.2886,26.6957,2.0678,26.3377,2.0535,100.0,0.0,0.0,0.0,25.25,0.0,26.25,0.0,26.375,0.0,25.25,10.0,0.0,0.0097,52.462,5.2462,2.0,4.8749,1.2752,0.4765,1.4156,0.1243,1.3772,1.004e-05,1.001,0.0001,2.0675,12.0,0.0687,1.0018,0.1359,2.3552,0.0059,0.9936,0.0384,1.8065,0.0,0.0,0.0,-0.1497,26.0,25.0,38.0,37.0,14.0,0.0,0.0,0.0,64.0,39.2823,0.0,0.0123,0.0,0.0
17390.0,1.736,0.092,1.0,0.08,1.2021,2.055,1.055,2.288,1.288,26.574,2.063,26.3365,2.0535,100.0,0.0,0.0,0.0,25.125,0.0,26.375,0.0,26.25,0.0,25.25,10.0,0.0,0.0092,52.462,5.2462,2.0,4.8907,1.2757,0.4278,1.4103,0.1188,1.3766,1.005e-05,1.0011,0.0001,2.0731,12.0,0.071,1.0019,0.1221,2.3085,0.0064,1.0269,0.0333,1.7446,0.0,0.0,0.0,-0.1496,26.0,25.0,38.0,37.0,14.0,0.0,0.0,0.0,64.0,39.4758,0.0,0.012,0.0,0.0
17391.0,1.7362,0.092,1.0,0.0799,1.2021,2.0545,1.0545,2.2878,1.2878,26.6396,2.0656,26.3557,2.0542,100.0,0.0,0.0,0.0,25.375,0.0,26.25,0.0,26.25,0.0,25.25,10.0,0.0,0.0095,52.4618,5.2462,2.0,4.8356,1.2738,0.4668,1.4146,0.1243,1.3772,1.005e-05,1.0012,0.0001,2.0709,12.0,0.0748,1.002,0.1214,2.3062,0.0059,0.9934,0.0322,1.7292,0.0,0.0,0.0,-0.1497,26.0,25.0,38.0,37.0,16.0,0.0,0.0,0.0,64.0,39.6355,0.0,0.012,0.0,0.0
17392.0,1.7347,0.0918,1.0,0.0802,1.2029,2.0544,1.0544,2.2881,1.2881,26.8243,2.073,26.3565,2.0543,100.0,0.0,0.0,0.0,25.25,0.0,26.375,0.0,26.375,0.0,25.25,10.0,0.0,0.0097,52.4615,5.2461,2.0,4.812,1.2729,0.3433,1.4011,0.1343,1.3783,1.005e-05,1.0012,0.0001,2.0722,12.0,0.0746,1.002,0.1875,2.4949,0.0061,1.0107,0.0313,1.7179,0.0,0.0,0.0,-0.1496,26.0,25.0,38.0,37.0,13.0,0.0,0.0,0.0,64.0,39.8078,0.0,0.0119,0.0,0.0
17393.0,1.7343,0.0918,1.0,0.08,1.2022,2.0549,1.0549,2.2883,1.2883,26.7836,2.0713,26.3424,2.0537,100.0,0.0,0.0,0.0,25.125,0.0,26.25,0.0,26.25,0.0,25.25,10.0,0.0,0.0097,52.4614,5.2461,2.0,4.7982,1.2724,0.3434,1.4011,0.1213,1.3769,1.005e-05,1.0011,0.0001,2.0695,12.0,0.0729,1.0019,0.1747,2.4642,0.0055,0.9617,0.0464,1.8888,0.0,0.0,0.0,-0.1497,26.0,25.0,38.0,37.0,14.0,0.0,0.0,0.0,64.0,39.9907,0.0,0.012,0.0,0.0
17394.0,1.7343,0.0918,1.0,0.0799,1.202,2.0547,1.0547,2.2882,1.2882,26.7107,2.0684,26.3392,2.0536,100.0,0.0,0.0,0.0,25.375,0.0,26.375,0.0,26.375,0.0,25.25,10.0,0.0,0.01,52.4613,5.2461,2.0,4.7997,1.2725,0.3426,1.401,0.1351,1.3784,1.005e-05,1.0011,0.0001,2.0699,12.0,0.0682,1.0018,0.1822,2.4824,0.0065,1.0348,0.0445,1.8703,0.0,0.0,0.0,-0.1497,26.0,25.0,38.0,37.0,14.0,0.0,0.0,0.0,64.0,40.1718,0.0,0.0117,0.0,0.0
17395.0,1.7332,0.0916,1.0,0.0799,1.2021,2.0546,1.0546,2.2884,1.2884,26.5839,2.0634,26.3337,2.0533,100.0,0.0,0.0,0.0,25.25,0.0,26.25,0.0,26.375,0.0,25.375,10.0,0.0,0.0098,52.4614,5.2461,2.0,4.7635,1.2712,0.2755,1.3937,0.1216,1.3769,1.004e-05,1.001,0.0001,2.0737,12.0,0.0658,1.0018,0.1407,2.3703,0.0062,1.0134,0.0448,1.8736,0.0,0.0,0.0,-0.1498,26.0,25.0,38.0,37.0,15.0,0.0,0.0,0.0,64.0,40.3447,0.0,0.0121,0.0,0.0
17396.0,1.7328,0.0916,1.0,0.0797,1.2014,2.0548,1.0548,2.2879,1.2879,26.5988,2.064,26.352,2.0541,100.0,0.0,0.0,0.0,25.25,0.0,26.25,0.0,26.25,0.0,25.25,10.0,0.0,0.0098,52.4609,5.2461,2.0,4.777,1.2717,0.3319,1.3998,0.1359,1.3785,1.004e-05,1.0009,0.0001,2.0731,12.0,0.0681,1.0018,0.1465,2.3878,0.006,1.0026,0.0366,1.7849,0.0,0.0,0.0,-0.1497,26.0,25.0,38.0,37.0,13.0,0.0,0.0,0.0,64.0,40.5349,0.0,0.012,0.0,0.0
17397.0,1.7349,0.0919,1.0,0.0799,1.2019,2.0544,1.0544,2.2879,1.2879,26.7701,2.0708,26.3611,2.0544,100.0,0.0,0.0,0.0,25.125,0.0,26.25,0.0,26.375,0.0,25.375,10.0,0.0,0.0096,52.4611,5.2461,2.0,4.8371,1.2738,0.3199,1.3985,0.1263,1.3774,1.004e-05,1.001,0.0001,2.0658,12.0,0.0679,1.0018,0.1549,2.4118,0.0061,1.0098,0.0386,1.8088,0.0,0.0,0.0,-0.1496,25.0,25.0,38.0,37.0,15.0,0.0,0.0,0.0,64.0,40.6916,0.0,0.0119,0.0,0.0
17398.0,1.7363,0.092,1.0,0.0799,1.202,2.0548,1.0548,2.2883,1.2883,26.8045,2.0722,26.3454,2.0538,100.0,0.0,0.0,0.0,25.25,0.0,26.375,0.0,26.375,0.0,25.375,10.0,0.0,0.0097,52.4611,5.2461,2.0,4.8336,1.2737,0.3459,1.4014,0.1325,1.3781,1.004e-05,1.001,0.0001,2.0731,12.0,0.0696,1.0019,0.1385,2.3632,0.0051,0.9318,0.0362,1.7808,0.0,0.0,0.0,-0.1498,25.0,25.0,38.0,37.0,15.0,0.0,0.0,0.0,64.0,40.7372,0.0,0.012,0.0,0.0
17399.0,1.7363,0.092,1.0,0.0797,1.2013,2.055,1.055,2.2881,1.2881,26.7158,2.0686,26.3374,2.0535,100.0,0.0,0.0,0.0,25.375,0.0,26.25,0.0,26.375,0.0,25.25,10.0,0.0,0.0103,52.461,5.2461,2.0,4.9271,1.277,0.4119,1.4086,0.1416,1.3791,1.004e-05,1.001,0.0001,2.0697,12.0,0.0669,1.0018,0.1348,2.3516,0.0066,1.0419,0.0358,1.7752,0.0,0.0,0.0,-0.1495,25.0,25.0,38.0,37.0,14.0,0.0,0.0,0.0,0.0,41.0533,0.0,0.0122,0.0,0.0
17400.0,1.7363,0.092,1.0,0.08,1.2022,2.0548,1.0548,2.2881,1.2881,26.5953,2.0638,26.3347,2.0534,100.0,0.0,0.0,0.0,25.125,0.0,26.25,0.0,26.375,0.0,25.375,10.0,0.0,0.0094,52.4608,5.2461,2.0,5.0399,1.281,0.4686,1.4148,0.1318,1.378,1.005e-05,1.0011,0.0001,2.0747,12.0,0.0704,1.0019,0.1294,2.3339,0.0064,1.0266,0.0365,1.7842,0.0,0.0,0.0,-0.1501,25.0,25.0,38.0,37.0,15.0,0.0,0.0,0.0,0.0,41.0868,0.0,0.0119,0.0,0.0
17401.0,1.7362,0.092,1.0,0.0801,1.2025,2.0548,1.0548,2.2879,1.2879,26.5771,2.0631,26.351,2.054,100.0,0.0,0.0,0.0,25.125,0.0,26.25,0.0,26.25,0.0,25.125,10.0,0.0,0.0093,52.4609,5.2461,2.0,5.0942,1.2828,0.4794,1.4159,0.1459,1.3796,1.004e-05,1.001,0.0001,2.0731,12.0,0.0689,1.0018,0.1218,2.3074,0.0061,1.0095,0.0468,1.8925,0.0,0.0,0.0,-0.1497,25.0,25.0,38.0,37.0,13.0,0.0,0.0,0.0,0.0,41.0866,0.0,0.012,0.0,0.0
17402.0,1.7363,0.092,1.0,0.0802,1.2027,2.0544,1.0544,2.2878,1.2878,26.7545,2.0702,26.3739,2.055,100.0,0.0,0.0,0.0,25.125,0.0,26.25,0.0,26.25,0.0,25.375,10.0,0.0,0.0092,52.4605,5.246,2.0,5.0914,1.2827,0.4355,1.4111,0.1393,1.3788,1.005e-05,1.0012,0.0001,2.0762,12.0,0.0755,1.002,0.1052,2.2439,0.0058,0.9833,0.0426,1.8508,0.0,0.0,0.0,-0.15,25.0,25.0,38.0,37.0,15.0,0.0,0.0,0.0,0.0,41.0872,0.0,0.0122,0.0,0.0
17403.0,1.7363,0.092,1.0,0.0803,1.203,2.0542,1.0542,2.2883,1.2883,26.8154,2.0726,26.348,2.0539,100.0,0.0,0.0,0.0,25.25,0.0,26.25,0.0,26.25,0.0,25.25,10.0,0.0,0.0099,52.4608,5.2461,2.0,5.1143,1.2835,0.4578,1.4136,0.1437,1.3793,1.005e-05,1.0012,0.0001,2.0763,12.0,0.0757,1.002,0.0976,2.2112,0.0062,1.0163,0.0581,1.9863,0.0,0.0,0.0,-0.1494,25.0,25.0,38.0,37.0,16.0,0.0,0.0,0.0,0.0,41.1123,0.0,0.0122,0.0,0.0
17404.0,1.7365,0.0921,1.0,0.0798,1.2016,2.0546,1.0546,2.2882,1.2882,26.7317,2.0693,26.3382,2.0535,100.0,0.0,0.0,0.0,25.25,0.0,26.25,0.0,26.375,0.0,25.25,10.0,0.0,0.0096,52.4603,5.246,2.0,5.1241,1.2838,0.4643,1.4143,0.1533,1.3804,1.005e-05,1.0011,0.0001,2.078,12.0,0.0739,1.002,0.0809,2.1296,0.0055,0.9621,0.0556,1.9667,0.0,0.0,0.0,-0.1496,25.0,25.0,38.0,37.0,12.0,0.0,0.0,0.0,0.0,41.1375,0.0,0.0117,0.0,0.0
17405.0,1.7382,0.0923,1.0,0.0799,1.202,2.0546,1.0546,2.2881,1.2881,26.6357,2.0654,26.3331,2.0533,100.0,0.0,0.0,0.0,25.25,0.0,26.25,0.0,26.375,0.0,25.375,10.0,0.0,0.0095,52.4604,5.2461,2.0,5.2172,1.287,0.4974,1.4179,0.1409,1.379,1.005e-05,1.0011,0.0001,2.079,12.0,0.0718,1.0019,0.0872,2.1624,0.0063,1.0193,0.0646,2.0321,0.0,0.0,0.0,-0.1501,26.0,25.0,38.0,37.0,13.0,0.0,0.0,0.0,0.0,41.1372,0.0,0.012,0.0,0.0
17406.0,1.7401,0.0925,1.0,0.0798,1.2018,2.055,1.055,2.2879,1.2879,26.5764,2.0631,26.3447,2.0538,100.0,0.0,0.0,0.0,25.125,0.0,26.25,0.0,26.375,0.0,25.25,10.0,0.0,0.0095,52.4606,5.2461,2.0,5.1859,1.2859,0.4787,1.4159,0.1531,1.3803,1.005e-05,1.001,0.0001,2.0755,12.0,0.0694,1.0019,0.1282,2.3296,0.0064,1.0297,0.0636,2.025,0.0,0.0,0.0,-0.1499,26.0,25.0,38.0,37.0,14.0,0.0,0.0,0.0,0.0,41.1375,0.0,0.0119,0.0,0.0
17407.0,1.7397,0.0925,1.0,0.0798,1.2017,2.0544,1.0544,2.2878,1.2878,26.719,2.0688,26.3708,2.0548,100.0,0.0,0.0,0.0,25.25,0.0,26.25,0.0,26.25,0.0,25.25,10.0,0.0,0.0682,52.4605,5.246,2.0,5.3166,1.2903,0.5224,1.4206,0.1413,1.3791,1.004e-05,1.0009,0.0001,2.0798,12.0,0.0671,1.0018,0.2234,2.571,0.0064,1.0262,0.0559,1.9689,0.0,0.0,0.0,-0.15,26.0,25.0,38.0,37.0,14.0,0.0,0.0,0.0,0.0,41.1373,0.0,0.0123,0.0,0.0
17408.0,1.7351,0.0919,1.0,0.0798,1.2016,2.0544,1.0544,2.2881,1.2881,26.8278,2.0731,26.3531,2.0541,100.0,0.0,0.0,0.0,25.375,0.0,26.375,0.0,26.375,0.0,25.375,10.0,0.0,0.0095,52.4602,5.246,2.0,5.8706,1.3075,1.2495,1.4999,0.1491,1.3799,1.004e-05,1.001,0.0001,2.0788,12.0,0.0666,1.0018,0.2327,2.5886,0.0058,0.9844,0.0581,1.9862,0.0,0.0,0.0,-0.15,26.0,25.0,38.0,37.0,14.0,0.0,0.0,0.0,0.0,41.1367,0.0,0.0121,0.0,0.0
17409.0,1.7332,0.0916,1.0,0.0797,1.2013,2.0549,1.0549,2.2882,1.2882,26.7471,2.0699,26.3395,2.0536,100.0,0.0,0.0,0.0,25.125,0.0,26.375,0.0,26.25,0.0,25.5,10.0,0.0,0.01,52.4604,5.246,2.0,6.3329,1.3206,1.2302,1.4978,0.1581,1.3809,1.004e-05,1.001,0.0001,2.0812,12.0,0.0663,1.0018,0.2064,2.5366,0.0058,0.9886,0.0562,1.9713,0.0,0.0,0.0,-0.1499,26.0,25.0,38.0,37.0,12.0,0.0,0.0,0.0,0.0,41.1372,0.0,0.0121,0.0,0.0
17410.0,1.7332,0.0917,1.0,0.0798,1.2017,2.055,1.055,2.2881,1.2881,26.6471,2.0659,26.3348,2.0534,100.0,0.0,0.0,0.0,25.125,0.0,26.25,0.0,26.375,0.0,25.375,10.0,0.0,0.0096,52.4602,5.246,2.0,6.3337,1.3207,1.1563,1.4898,0.1444,1.3794,1.004e-05,1.0009,0.0001,2.0812,12.0,0.0664,1.0018,0.1782,2.4728,0.0061,1.0091,0.0502,1.9229,0.0,0.0,0.0,-0.1499,26.0,25.0,38.0,37.0,17.0,0.0,0.0,0.0,0.0,41.137,0.0,0.0121,0.0,0.0
17411.0,1.7331,0.0916,1.0,0.0801,1.2025,2.055,1.055,2.2876,1.2876,26.5608,2.0624,26.3528,2.0541,100.0,0.0,0.0,0.0,25.125,0.0,26.375,0.0,26.375,0.0,25.25,10.0,0.0,0.0938,52.4604,5.246,2.0,6.3499,1.3211,1.3458,1.5104,0.1574,1.3808,1.005e-05,1.0011,0.0001,2.0807,12.0,0.0698,1.0019,0.1839,2.4864,0.0057,0.9774,0.0521,1.9386,0.0,0.0,0.0,-0.1499,26.0,25.0,38.0,37.0,14.0,0.0,0.0,0.0,0.0,41.1374,0.0,0.0117,0.0,0.0
17412.0,1.7345,0.0918,1.0,0.08,1.2021,2.0541,1.0541,2.2878,1.2878,26.6917,2.0677,26.3604,2.0544,100.0,0.0,0.0,0.0,25.125,0.0,26.375,0.0,26.375,0.0,25.25,10.0,0.0,0.0092,52.4601,5.246,2.0,8.4499,1.3707,2.7416,1.6627,0.1555,1.3806,1.005e-05,1.0011,0.0001,2.083,12.0,0.0715,1.0019,0.1612,2.4292,0.0068,1.0512,0.0514,1.9325,0.0,0.0,0.0,-0.1497,26.0,25.0,38.0,37.0,14.0,0.0,0.0,0.0,0.0,41.137,0.0,0.0118,0.0,0.0
17413.0,1.7362,0.092,1.0,0.0799,1.202,2.0544,1.0544,2.2881,1.2881,26.8239,2.073,26.3539,2.0542,100.0,0.0,0.0,0.0,25.25,0.0,26.25,0.0,26.375,0.0,25.375,10.0,0.0,0.0098,52.46,5.246,2.0,8.6477,1.3748,2.4607,1.6321,0.1547,1.3805,1.005e-05,1.0011,0.0001,2.0779,12.0,0.0735,1.002,0.1634,2.4352,0.0057,0.981,0.0438,1.8636,0.0,0.0,0.0,-0.1499,25.0,25.0,38.0,37.0,14.0,0.0,0.0,0.0,0.0,41.1372,0.0,0.0118,0.0,0.0
17414.0,1.7363,0.092,1.0,0.0799,1.2021,2.0552,1.0552,2.2878,1.2878,26.7476,2.0699,26.3499,2.054,100.0,0.0,0.0,0.0,25.25,0.0,26.5,0.0,26.25,0.0,25.375,10.0,0.0,0.0099,52.4603,5.246,2.0,8.5088,1.3719,2.2289,1.6068,0.1624,1.3814,1.005e-05,1.0012,0.0001,2.0812,12.0,0.076,1.002,0.1478,2.3917,0.0065,1.035,0.0496,1.9176,0.0,0.0,0.0,-0.1496,25.0,25.0,38.0,37.0,14.0,0.0,0.0,0.0,0.0,41.1373,0.0,0.0122,0.0,0.0
17415.0,1.7373,0.0922,1.0,0.08,1.2022,2.0551,1.0551,2.2881,1.2881,26.6455,2.0658,26.3457,2.0538,100.0,0.0,0.0,0.0,25.25,0.0,26.375,0.0,26.25,0.0,25.375,10.0,0.0,0.0099,52.4599,5.246,2.0,8.4482,1.3707,1.9803,1.5797,0.1624,1.3813,1.005e-05,1.0012,0.0001,2.0783,12.0,0.0745,1.002,0.1449,2.3829,0.0065,1.0359,0.0433,1.8586,0.0,0.0,0.0,-0.1499,25.0,25.0,38.0,37.0,13.0,0.0,0.0,0.0,0.0,41.1374,0.0,0.012,0.0,0.0
17416.0,1.7365,0.0921,1.0,0.08,1.2023,2.055,1.055,2.288,1.288,26.5596,2.0624,26.3475,2.0539,100.0,0.0,0.0,0.0,25.125,0.0,26.25,0.0,26.375,0.0,25.5,10.0,0.0,0.0095,52.4598,5.246,2.0,8.2662,1.3669,1.762,1.5559,0.1626,1.3814,1.005e-05,1.0012,0.0001,2.0759,12.0,0.0722,1.0019,0.1629,2.4338,0.0057,0.9771,0.0447,1.8724,0.0,0.0,0.0,-0.15,25.0,25.0,38.0,38.0,15.0,0.0,0.0,0.0,0.0,41.1374,0.0,0.0119,0.0,0.0
17417.0,1.7363,0.092,1.0,0.0798,1.2017,2.0541,1.0541,2.2879,1.2879,26.6412,2.0656,26.3565,2.0543,100.0,0.0,0.0,0.0,25.125,0.0,26.375,0.0,26.25,0.0,25.375,10.0,0.0,0.0101,52.4597,5.246,2.0,8.1308,1.3641,1.6136,1.5397,0.1705,1.3822,1.005e-05,1.0011,0.0001,2.0833,12.0,0.0743,1.002,0.1234,2.3131,0.0059,0.9934,0.0584,1.9883,0.0,0.0,0.0,-0.1497,25.0,25.0,38.0,38.0,14.0,0.0,0.0,0.0,0.0,41.1371,0.0,0.0124,0.0,0.0
17418.0,1.7363,0.092,1.0,0.0798,1.2016,2.054,1.054,2.2883,1.2883,26.8073,2.0723,26.3467,2.0539,100.0,0.0,0.0,0.0,25.125,0.0,26.375,0.0,26.25,0.0,25.375,10.0,0.0,0.0099,52.4599,5.246,2.0,8.0612,1.3626,1.4427,1.521,0.1572,1.3808,1.005e-05,1.001,0.0001,2.0737,12.0,0.0683,1.0018,0.1111,2.2675,0.0061,1.0041,0.0473,1.897,0.0,0.0,0.0,-0.1499,25.0,25.0,38.0,38.0,13.0,0.0,0.0,0.0,0.0,41.1371,0.0,0.0119,0.0,0.0
17419.0,1.738,0.0922,1.0,0.0799,1.2021,2.0545,1.0545,2.2883,1.2883,26.795,2.0718,26.3428,2.0537,100.0,0.0,0.0,0.0,25.125,0.0,26.375,0.0,26.25,0.0,25.25,10.0,0.0,0.0097,52.4601,5.246,2.0,8.0092,1.3614,1.3913,1.5154,0.1659,1.3817,1.004e-05,1.0009,0.0001,2.08,12.0,0.0679,1.0018,0.2032,2.5297,0.0061,1.0086,0.0489,1.911,0.0,0.0,0.0,-0.1499,25.0,25.0,38.0,38.0,14.0,0.0,0.0,0.0,0.0,41.1376,0.0,0.0119,0.0,0.0
17420.0,1.7384,0.0923,1.0,0.0798,1.2018,2.0546,1.0546,2.2882,1.2882,26.696,2.0678,26.3353,2.0534,100.0,0.0,0.0,0.0,25.25,0.0,26.375,0.0,26.375,0.0,25.25,10.0,0.0,0.01,52.4594,5.2459,2.0,7.999,1.3612,1.2883,1.5042,0.1608,1.3812,1.005e-05,1.0011,0.0001,2.0813,12.0,0.0725,1.0019,0.1758,2.467,0.0064,1.0247,0.0539,1.9538,0.0,0.0,0.0,-0.1499,25.0,25.0,38.0,38.0,13.0,0.0,0.0,0.0,0.0,41.1376,0.0,0.0119,0.0,0.0
17421.0,1.7394,0.0924,1.0,0.0798,1.2017,2.0546,1.0546,2.288,1.288,26.5664,2.0627,26.3337,2.0533,100.0,0.0,0.0,0.0,25.125,0.0,26.375,0.0,26.25,0.0,25.375,10.0,0.0,0.0104,52.4594,5.2459,2.0,7.9396,1.3599,1.1466,1.4887,0.1607,1.3812,1.005e-05,1.0011,0.0001,2.0741,12.0,0.0727,1.0019,0.1643,2.4375,0.0057,0.9807,0.0468,1.8926,0.0,0.0,0.0,-0.1497,25.0,25.0,38.0,38.0,14.0,0.0,0.0,0.0,0.0,41.1372,0.0,0.012,0.0,0.0
17422.0,1.7394,0.0924,1.0,0.0798,1.2016,2.0542,1.0542,2.2879,1.2879,26.6254,2.065,26.3548,2.0542,100.0,0.0,0.0,0.0,25.375,0.0,26.5,0.0,26.25,0.0,25.375,10.0,0.0,0.01,52.4595,5.246,2.0,7.9615,1.3604,1.1731,1.4916,0.1721,1.3824,1.005e-05,1.0011,0.0001,2.0801,12.0,0.0699,1.0019,0.1467,2.3884,0.0063,1.0245,0.0478,1.9017,0.0,0.0,0.0,-0.1493,25.0,25.0,38.0,38.0,14.0,0.0,0.0,0.0,0.0,41.1371,0.0,0.012,0.0,0.0
17423.0,1.7394,0.0924,1.0,0.08,1.2021,2.054,1.054,2.288,1.288,26.797,2.0719,26.3588,2.0544,100.0,0.0,0.0,0.0,25.125,0.0,26.25,0.0,26.5,0.0,25.375,10.0,0.0,0.0101,52.4593,5.2459,2.0,7.9478,1.3601,1.0204,1.4749,0.1615,1.3813,1.004e-05,1.0009,0.0001,2.0772,12.0,0.0655,1.0017,0.1488,2.3944,0.0064,1.0251,0.0453,1.8776,0.0,0.0,0.0,-0.1497,25.0,25.0,38.0,38.0,13.0,0.0,0.0,0.0,0.0,41.1376,0.0,0.012,0.0,0.0
17424.0,1.7395,0.0924,1.0,0.0793,1.2003,2.0544,1.0544,2.2882,1.2882,26.7889,2.0716,26.3434,2.0537,100.0,0.0,0.0,0.0,25.25,0.0,26.375,0.0,26.25,0.0,25.375,10.0,0.0,0.0105,52.4589,5.2459,2.0,7.8633,1.3582,0.9357,1.4657,0.162,1.3813,1.004e-05,1.0009,0.0001,2.0816,12.0,0.0674,1.0018,0.2214,2.567,0.0056,0.9698,0.0417,1.8415,0.0,0.0,0.0,-0.1498,25.0,25.0,38.0,38.0,14.0,0.0,0.0,0.0,0.0,41.1374,0.0,0.012,0.0,0.0
17425.0,1.7384,0.0923,1.0,0.0799,1.2019,2.0547,1.0547,2.2882,1.2882,26.6958,2.0678,26.3368,2.0535,100.0,0.0,0.0,0.0,25.25,0.0,26.25,0.0,26.5,0.0,25.375,10.0,0.0,0.0102,52.4595,5.2459,2.0,7.7598,1.3559,0.7956,1.4504,0.1734,1.3825,1.004e-05,1.0009,0.0001,2.0783,12.0,0.0692,1.0018,0.2069,2.5376,0.0067,1.0468,0.0373,1.7941,0.0,0.0,0.0,-0.1497,25.0,25.0,38.0,38.0,16.0,0.0,0.0,0.0,0.0,41.1374,0.0,0.0118,0.0,0.0
17426.0,1.7384,0.0923,1.0,0.0799,1.202,2.0551,1.0551,2.288,1.288,26.5891,2.0636,26.342,2.0537,100.0,0.0,0.0,0.0,25.125,0.0,26.375,0.0,26.25,0.0,25.25,10.0,0.0,0.0101,52.4594,5.2459,2.0,7.6213,1.3528,0.671,1.4368,0.1606,1.3812,1.004e-05,1.001,0.0001,2.076,12.0,0.0673,1.0018,0.1801,2.4774,0.0058,0.9865,0.0358,1.7755,0.0,0.0,0.0,-0.1496,25.0,25.0,38.0,38.0,14.0,0.0,0.0,0.0,0.0,41.1377,0.0,0.0119,0.0,0.0
17427.0,1.7383,0.0923,1.0,0.0799,1.2021,2.0548,1.0548,2.2879,1.2879,26.6021,2.0641,26.3632,2.0545,100.0,0.0,0.0,0.0,25.25,0.0,26.25,0.0,26.375,0.0,25.375,10.0,0.0,0.0099,52.4594,5.2459,2.0,7.577,1.3518,0.6236,1.4317,0.1703,1.3822,1.004e-05,1.001,0.0001,2.0833,12.0,0.0692,1.0018,0.1869,2.4935,0.0062,1.0127,0.0382,1.8038,0.0,0.0,0.0,-0.1495,25.0,25.0,38.0,38.0,15.0,0.0,0.0,0.0,0.0,41.1371,0.0,0.0118,0.0,0.0
17428.0,1.7383,0.0923,1.0,0.08,1.2024,2.0542,1.0542,2.2879,1.2879,26.7946,2.0718,26.3659,2.0546,100.0,0.0,0.0,0.0,25.25,0.0,26.25,0.0,26.375,0.0,25.25,10.0,0.0,0.0105,52.4593,5.2459,2.0,7.5155,1.3504,0.5953,1.4286,0.1774,1.383,1.004e-05,1.001,0.0001,2.0738,12.0,0.072,1.0019,0.1781,2.4724,0.0057,0.9753,0.0345,1.7602,0.0,0.0,0.0,-0.1493,25.0,25.0,38.0,38.0,14.0,0.0,0.0,0.0,0.0,41.1371,0.0,0.0119,0.0,0.0
17429.0,1.7376,0.0922,1.0,0.0799,1.2021,2.0543,1.0543,2.2882,1.2882,26.8102,2.0724,26.3372,2.0535,100.0,0.0,0.0,0.0,25.25,0.0,26.375,0.0,26.375,0.0,25.25,10.0,0.0,0.0097,52.4591,5.2459,2.0,7.5439,1.351,0.5161,1.4199,0.164,1.3815,1.005e-05,1.0011,0.0001,2.08,12.0,0.0734,1.002,0.184,2.4866,0.0058,0.9882,0.0358,1.7756,0.0,0.0,0.0,-0.1498,25.0,25.0,38.0,38.0,13.0,0.0,0.0,0.0,0.0,41.1375,0.0,0.012,0.0,0.0
17430.0,1.7373,0.0922,1.0,0.0801,1.2026,2.0542,1.0542,2.2886,1.2886,26.7261,2.069,26.3281,2.0531,100.0,0.0,0.0,0.0,25.25,0.0,26.25,0.0,26.25,0.0,25.375,10.0,0.0,0.0099,52.459,5.2459,2.0,7.4099,1.3479,0.4396,1.4116,0.1764,1.3829,1.005e-05,1.0011,0.0001,2.0816,12.0,0.0739,1.002,0.1491,2.3954,0.0065,1.0375,0.0332,1.7429,0.0,0.0,0.0,-0.1501,26.0,25.0,38.0,38.0,14.0,0.0,0.0,0.0,0.0,41.1369,0.0,0.0121,0.0,0.0
17431.0,1.7383,0.0923,1.0,0.0801,1.2024,2.0546,1.0546,2.2881,1.2881,26.6056,2.0642,26.3314,2.0533,100.0,0.0,0.0,0.0,25.125,0.0,26.25,0.0,26.375,0.0,25.25,10.0,0.0,0.0099,52.4593,5.246,2.0,7.5015,1.3501,0.477,1.4157,0.1746,1.3827,1.004e-05,1.001,0.0001,2.0808,12.0,0.069,1.0018,0.1422,2.3747,0.0059,0.9939,0.0305,1.7061,0.0,0.0,0.0,-0.1499,26.0,25.0,38.0,38.0,13.0,0.0,0.0,0.0,0.0,41.1375,0.0,0.0122,0.0,0.0
17432.0,1.7383,0.0923,1.0,0.0801,1.2025,2.0545,1.0545,2.2879,1.2879,26.5928,2.0637,26.3481,2.0539,100.0,0.0,0.0,0.0,25.25,0.0,26.375,0.0,26.375,0.0,25.375,10.0,0.0,0.0097,52.4591,5.2459,2.0,7.3794,1.3472,0.3587,1.4028,0.1674,1.3819,1.004e-05,1.001,0.0001,2.0833,12.0,0.0671,1.0018,0.1456,2.3852,0.0058,0.9882,0.0321,1.7281,0.0,0.0,0.0,-0.1503,26.0,25.0,38.0,38.0,13.0,0.0,0.0,0.0,0.0,41.1373,0.0,0.0115,0.0,0.0
17433.0,1.7409,0.0926,1.0,0.0799,1.202,2.054,1.054,2.2878,1.2878,26.7599,2.0704,26.3516,2.0541,100.0,0.0,0.0,0.0,25.25,0.0,26.375,0.0,26.25,0.0,25.375,10.0,0.0,0.0097,52.459,5.2459,2.0,7.2472,1.3441,0.2802,1.3942,0.1771,1.383,1.005e-05,1.0011,0.0001,2.0777,12.0,0.0698,1.0019,0.1972,2.5167,0.0062,1.0161,0.0412,1.8364,0.0,0.0,0.0,-0.1494,26.0,25.0,38.0,37.0,12.0,0.0,0.0,0.0,0.0,41.1373,0.0,0.0119,0.0,0.0
17434.0,1.7411,0.0926,1.0,0.08,1.2022,2.0542,1.0542,2.2882,1.2882,26.8178,2.0727,26.3474,2.0539,100.0,0.0,0.0,0.0,25.125,0.0,26.375,0.0,26.375,0.0,25.375,10.0,0.0,0.0104,52.4591,5.2459,2.0,7.2079,1.3431,0.2363,1.3894,0.1655,1.3817,1.005e-05,1.0011,0.0001,2.0799,12.0,0.0731,1.0019,0.1949,2.5117,0.0068,1.0566,0.0428,1.8538,0.0,0.0,0.0,-0.1497,25.0,25.0,38.0,37.0,14.0,0.0,0.0,0.0,0.0,41.1375,0.0,0.0119,0.0,0.0
17435.0,1.7404,0.0926,1.0,0.0799,1.202,2.055,1.055,2.2878,1.2878,26.7369,2.0695,26.3468,2.0539,100.0,0.0,0.0,0.0,25.25,0.0,26.25,0.0,26.375,0.0,25.375,10.0,0.0,0.0097,52.4586,5.2458,2.0,7.1066,1.3407,0.1435,1.3793,0.1672,1.3819,1.005e-05,1.0011,0.0001,2.0783,12.0,0.0732,1.002,0.1956,2.5133,0.006,1.0,0.0439,1.8638,0.0,0.0,0.0,-0.1496,25.0,25.0,38.0,37.0,15.0,0.0,0.0,0.0,0.0,41.1373,0.0,0.0121,0.0,0.0
17436.0,1.739,0.0924,1.0,0.0801,1.2025,2.0551,1.0551,2.2881,1.2881,26.6167,2.0647,26.3346,2.0534,100.0,0.0,0.0,0.0,25.25,0.0,26.25,0.0,26.375,0.0,25.375,10.0,0.0,0.0101,52.4587,5.2459,2.0,6.9807,1.3376,0.0809,1.3725,0.1778,1.383,1.005e-05,1.0012,0.0001,2.0818,12.0,0.0743,1.002,0.1638,2.4361,0.0061,1.0073,0.0409,1.8332,0.0,0.0,0.0,-0.1497,25.0,25.0,38.0,37.0,13.0,0.0,0.0,0.0,0.0,41.1373,0.0,0.0121,0.0,0.0
17437.0,1.738,0.0922,1.0,0.0799,1.2019,2.0548,1.0548,2.2879,1.2879,26.5926,2.0637,26.3493,2.054,100.0,0.0,0.0,0.0,25.25,0.0,26.375,0.0,26.375,0.0,25.25,10.0,0.0,0.0106,52.4588,5.2459,2.0,6.9656,1.3372,0.0679,1.371,0.1702,1.3822,1.005e-05,1.0012,0.0001,2.0815,12.0,0.0781,1.0021,0.1992,2.5211,0.0059,0.9907,0.05,1.921,0.0,0.0,0.0,-0.1497,25.0,25.0,38.0,37.0,15.0,0.0,0.0,0.0,0.0,41.1377,0.0,0.0121,0.0,0.0
17438.0,1.7384,0.0923,1.0,0.0799,1.202,2.0545,1.0545,2.2878,1.2878,26.7393,2.0696,26.3632,2.0545,100.0,0.0,0.0,0.0,25.25,0.0,26.25,0.0,26.375,0.0,25.375,10.0,0.0,0.0098,52.4587,5.2459,2.0,6.8998,1.3355,0.0032,1.364,0.1722,1.3824,1.005e-05,1.0012,0.0001,2.0761,12.0,0.077,1.0021,0.1677,2.4464,0.0062,1.0117,0.0664,2.0437,0.0,0.0,0.0,-0.1495,25.0,25.0,38.0,37.0,13.0,0.0,0.0,0.0,0.0,41.1374,0.0,0.0119,0.0,0.0
17439.0,1.7404,0.0926,1.0,0.0803,1.203,2.0544,1.0545,2.2879,1.2879,26.8271,2.0731,26.35,2.054,100.0,0.0,0.0,0.0,25.25,0.0,26.375,0.0,26.375,0.0,25.375,10.0,0.0,0.0099,52.4587,5.2459,2.0,6.7556,1.3319,-0.0136,1.3621,0.1785,1.383,1.005e-05,1.0012,0.0001,2.0796,12.0,0.0756,1.002,0.1596,2.425,0.0063,1.0186,0.0656,2.0388,0.0,0.0,0.0,-0.1494,25.0,25.0,38.0,37.0,13.0,0.0,0.0,0.0,0.0,41.1374,0.0,0.0123,0.0,0.0
17440.0,1.7413,0.0927,1.0,0.0803,1.203,2.0546,1.0546,2.2882,1.2882,26.7705,2.0708,26.338,2.0535,100.0,0.0,0.0,0.0,25.25,0.0,26.375,0.0,26.25,0.0,25.25,10.0,0.0,0.0099,52.4587,5.2459,2.0,6.8626,1.3346,-0.0228,1.3611,0.1654,1.3817,1.005e-05,1.0012,0.0001,2.0814,12.0,0.0762,1.002,0.1596,2.4249,0.0061,1.0093,0.0585,1.9888,0.0,0.0,0.0,-0.1498,25.0,25.0,38.0,37.0,13.0,0.0,0.0,0.0,0.0,41.1373,0.0,0.0122,0.0,0.0
17441.0,1.7414,0.0927,1.0,0.0802,1.2027,2.0551,1.0551,2.2882,1.2882,26.6598,2.0664,26.3347,2.0534,100.0,0.0,0.0,0.0,25.125,0.0,26.25,0.0,26.375,0.0,25.25,10.0,0.0,0.0097,52.4585,5.2459,2.0,6.8201,1.3335,-0.0326,1.3601,0.1765,1.3829,1.005e-05,1.0012,0.0001,2.076,12.0,0.0771,1.0021,0.1559,2.4148,0.0059,0.9892,0.0545,1.9579,0.0,0.0,0.0,-0.1497,25.0,25.0,38.0,38.0,12.0,0.0,0.0,0.0,0.0,41.1375,0.0,0.0118,0.0,0.0
17442.0,1.7414,0.0927,1.0,0.0798,1.2018,2.055,1.055,2.2879,1.2879,26.5702,2.0628,26.3418,2.0537,100.0,0.0,0.0,0.0,25.25,0.0,26.375,0.0,26.375,0.0,25.375,10.0,0.0,0.0106,52.4584,5.2459,2.0,6.6569,1.3293,-0.1356,1.3488,0.1672,1.3819,1.005e-05,1.0011,0.0001,2.0833,12.0,0.0689,1.0018,0.1291,2.3329,0.0057,0.9757,0.0721,2.0795,0.0,0.0,0.0,-0.1498,25.0,25.0,38.0,38.0,15.0,0.0,0.0,0.0,0.0,41.137,0.0,0.0121,0.0,0.0
17443.0,1.7403,0.0925,1.0,0.0799,1.2021,2.0545,1.0545,2.2877,1.2877,26.6776,2.0671,26.359,2.0544,100.0,0.0,0.0,0.0,25.25,0.0,26.375,0.0,26.25,0.0,25.25,10.0,0.0,0.0096,52.4585,5.2458,2.0,6.6417,1.3289,-0.1236,1.3501,0.166,1.3817,1.004e-05,1.001,0.0001,2.0794,12.0,0.0706,1.0019,0.1342,2.3496,0.0061,1.0062,0.0791,2.1202,0.0,0.0,0.0,-0.1496,25.0,25.0,38.0,38.0,13.0,0.0,0.0,0.0,0.0,41.1375,0.0,0.0123,0.0,0.0
17444.0,1.7404,0.0926,1.0,0.08,1.2023,2.0541,1.0541,2.2881,1.2881,26.8254,2.073,26.3525,2.0541,100.0,0.0,0.0,0.0,25.25,0.0,26.375,0.0,26.375,0.0,25.375,10.0,0.0,0.0103,52.4585,5.2459,2.0,6.5239,1.3258,-0.1899,1.3429,0.1734,1.3826,1.005e-05,1.0011,0.0001,2.0842,12.0,0.0714,1.0019,0.1253,2.3199,0.0052,0.9389,0.0739,2.0907,0.0,0.0,0.0,-0.1492,25.0,25.0,38.0,38.0,13.0,0.0,0.0,0.0,0.0,41.1375,0.0,0.0119,0.0,0.0
17445.0,1.7396,0.0924,1.0,0.08,1.2022,2.055,1.055,2.2882,1.2882,26.7541,2.0702,26.3437,2.0537,100.0,0.0,0.0,0.0,25.25,0.0,26.375,0.0,26.375,0.0,25.25,10.0,0.0,0.0101,52.4583,5.2458,2.0,6.415,1.3229,-0.2318,1.3384,0.1744,1.3827,1.005e-05,1.0011,0.0001,2.083,12.0,0.0723,1.0019,0.0998,2.2209,0.0063,1.0237,0.0748,2.096,0.0,0.0,0.0,-0.1499,25.0,25.0,38.0,38.0,13.0,0.0,0.0,0.0,0.0,41.1372,0.0,0.0122,0.0,0.0
17446.0,1.7394,0.0924,1.0,0.0801,1.2026,2.055,1.055,2.2878,1.2878,26.663,2.0665,26.3363,2.0535,100.0,0.0,0.0,0.0,25.25,0.0,26.375,0.0,26.375,0.0,25.375,10.0,0.0,0.0107,52.4584,5.2458,2.0,6.4652,1.3242,-0.1177,1.3508,0.1673,1.3819,1.005e-05,1.0011,0.0001,2.0806,12.0,0.072,1.0019,0.1686,2.4487,0.0053,0.9495,0.0888,2.1705,0.0,0.0,0.0,-0.1497,26.0,25.0,38.0,37.0,12.0,0.0,0.0,0.0,0.0,41.1375,0.0,0.0121,0.0,0.0
17447.0,1.7383,0.0923,1.0,0.08,1.2022,2.055,1.055,2.2879,1.2879,26.5688,2.0628,26.3394,2.0536,100.0,0.0,0.0,0.0,25.25,0.0,26.25,0.0,26.375,0.0,25.375,10.0,0.0,0.0102,52.4583,5.2458,2.0,6.6556,1.3293,-0.1017,1.3525,0.1752,1.3828,1.005e-05,1.0011,0.0001,2.0824,12.0,0.0752,1.002,0.1574,2.4187,0.0065,1.0365,0.0771,2.1088,0.0,0.0,0.0,-0.1495,26.0,25.0,38.0,37.0,13.0,0.0,0.0,0.0,0.0,41.1369,0.0,0.0119,0.0,0.0
17448.0,1.7373,0.0922,1.0,0.08,1.2024,2.0545,1.0545,2.2875,1.2875,26.6677,2.0667,26.3666,2.0547,100.0,0.0,0.0,0.0,25.125,0.0,26.25,0.0,26.375,0.0,25.25,10.0,0.0,0.0098,52.4582,5.2458,2.0,6.6008,1.3278,-0.12,1.3505,0.1583,1.3809,1.005e-05,1.0011,0.0001,2.0774,12.0,0.0733,1.002,0.1395,2.3664,0.0061,1.0088,0.079,2.1197,0.0,0.0,0.0,-0.1498,26.0,25.0,38.0,37.0,14.0,0.0,0.0,0.0,0.0,41.1368,0.0,0.0123,0.0,0.0
17449.0,1.7362,0.092,1.0,0.08,1.2024,2.0543,1.0543,2.2877,1.2877,26.8208,2.0728,26.3544,2.0542,100.0,0.0,0.0,0.0,25.25,0.0,26.25,0.0,26.375,0.0,25.25,10.0,0.0,0.0099,52.4581,5.2458,2.0,6.5447,1.3264,-0.1489,1.3474,0.1677,1.3819,1.005e-05,1.0011,0.0001,2.0841,12.0,0.071,1.0019,0.2417,2.6051,0.0054,0.956,0.0729,2.0844,0.0,0.0,0.0,-0.1495,26.0,25.0,38.0,37.0,15.0,0.0,0.0,0.0,0.0,41.1373,0.0,0.0123,0.0,0.0
17450.0,1.7383,0.0923,1.0,0.08,1.2024,2.0545,1.0545,2.2883,1.2883,26.7751,2.071,26.3414,2.0537,100.0,0.0,0.0,0.0,25.25,0.0,26.375,0.0,26.375,0.0,25.375,10.0,0.0,0.0098,52.4583,5.2458,2.0,6.4101,1.3227,-0.2439,1.337,0.1686,1.382,1.005e-05,1.0011,0.0001,2.0782,12.0,0.0727,1.0019,0.1914,2.5039,0.0057,0.9811,0.075,2.097,0.0,0.0,0.0,-0.1495,26.0,25.0,38.0,37.0,13.0,0.0,0.0,0.0,0.0,41.137,0.0,0.0121,0.0,0.0
17451.0,1.7393,0.0924,1.0,0.0799,1.2021,2.055,1.055,2.2879,1.2879,26.691,2.0676,26.3367,2.0535,100.0,0.0,0.0,0.0,25.25,0.0,26.375,0.0,26.375,0.0,25.25,10.0,0.0,0.0103,52.4582,5.2458,2.0,6.3271,1.3205,-0.2779,1.3333,0.16,1.3811,1.005e-05,1.0011,0.0001,2.0756,12.0,0.0714,1.0019,0.2163,2.5569,0.0065,1.0316,0.0681,2.055,0.0,0.0,0.0,-0.1497,26.0,25.0,38.0,37.0,12.0,0.0,0.0,0.0,0.0,41.1372,0.0,0.0121,0.0,0.0
17452.0,1.7383,0.0923,1.0,0.0801,1.2026,2.055,1.055,2.2879,1.2879,26.5663,2.0627,26.334,2.0534,100.0,0.0,0.0,0.0,25.125,0.0,26.375,0.0,26.25,0.0,25.375,10.0,0.0,0.01,52.4582,5.2458,2.0,6.1414,1.3153,-0.3761,1.3226,0.1695,1.3821,1.005e-05,1.0011,0.0001,2.0829,12.0,0.0725,1.0019,0.1787,2.4739,0.0061,1.0078,0.0647,2.0324,0.0,0.0,0.0,-0.1496,26.0,25.0,38.0,37.0,14.0,0.0,0.0,0.0,0.0,41.137,0.0,0.0117,0.0,0.0
17453.0,1.7383,0.0923,1.0,0.0795,1.2009,2.0542,1.0542,2.2878,1.2878,26.6216,2.0649,26.3462,2.0538,100.0,0.0,0.0,0.0,25.25,0.0,26.375,0.0,26.375,0.0,25.5,10.0,0.0,0.0101,52.4578,5.2458,2.0,6.1279,1.3149,-0.343,1.3262,0.1517,1.3802,1.004e-05,1.0009,0.0001,2.0786,12.0,0.0656,1.0018,0.1743,2.4631,0.0062,1.0177,0.0653,2.0368,0.0,0.0,0.0,-0.1495,26.0,25.0,38.0,37.0,13.0,0.0,0.0,0.0,0.0,41.1368,0.0,0.0122,0.0,0.0
17454.0,1.7384,0.0923,1.0,0.0794,1.2007,2.054,1.054,2.288,1.288,26.8055,2.0722,26.3569,2.0543,100.0,0.0,0.0,0.0,25.25,0.0,26.375,0.0,26.25,0.0,25.375,10.0,0.0,0.0095,52.4577,5.2458,2.0,6.1533,1.3156,-0.3048,1.3304,0.1572,1.3808,1.004e-05,1.001,0.0001,2.0809,12.0,0.0653,1.0017,0.1782,2.4728,0.0064,1.0256,0.061,2.0071,0.0,0.0,0.0,-0.1493,26.0,25.0,38.0,37.0,12.0,0.0,0.0,0.0,0.0,41.1369,0.0,0.0121,0.0,0.0
17455.0,1.7383,0.0923,1.0,0.0795,1.2009,2.0548,1.0548,2.2879,1.2879,26.7957,2.0718,26.343,2.0537,100.0,0.0,0.0,0.0,25.125,0.0,26.375,0.0,26.5,0.0,25.25,10.0,0.0,0.0095,52.4578,5.2458,2.0,6.2846,1.3193,-0.2547,1.3359,0.1676,1.3819,1.004e-05,1.001,0.0001,2.0786,12.0,0.0651,1.0017,0.2282,2.5802,0.0057,0.974,0.0624,2.0173,0.0,0.0,0.0,-0.1499,26.0,25.0,38.0,37.0,12.0,0.0,0.0,0.0,0.0,41.1367,0.0,0.0121,0.0,0.0
17456.0,1.7394,0.0924,1.0,0.0795,1.201,2.055,1.055,2.2878,1.2878,26.7105,2.0684,26.3358,2.0534,100.0,0.0,0.0,0.0,25.125,0.0,26.375,0.0,26.25,0.0,25.375,10.0,0.0,0.0102,52.4576,5.2458,2.0,6.1449,1.3154,-0.3103,1.3298,0.1496,1.38,1.004e-05,1.001,0.0001,2.0808,12.0,0.0655,1.0017,0.2372,2.5969,0.0065,1.0347,0.0556,1.967,0.0,0.0,0.0,-0.1495,26.0,25.0,38.0,37.0,14.0,0.0,0.0,0.0,0.0,41.1368,0.0,0.012,0.0,0.0
17457.0,1.7402,0.0925,1.0,0.0797,1.2014,2.055,1.055,2.288,1.288,26.593,2.0637,26.334,2.0534,100.0,0.0,0.0,0.0,25.25,0.0,26.25,0.0,26.25,0.0,25.375,10.0,0.0,0.0099,52.4575,5.2457,2.0,6.0814,1.3136,-0.3115,1.3297,0.1601,1.3811,1.004e-05,1.001,0.0001,2.0797,12.0,0.0681,1.0018,0.2408,2.6035,0.0061,1.0042,0.0566,1.9749,0.0,0.0,0.0,-0.1498,26.0,25.0,38.0,37.0,14.0,0.0,0.0,0.0,0.0,41.1371,0.0,0.0116,0.0,0.0
17458.0,1.7397,0.0925,1.0,0.0797,1.2015,2.0548,1.0548,2.2875,1.2875,26.6083,2.0643,26.361,2.0544,100.0,0.0,0.0,0.0,25.25,0.0,26.375,0.0,26.25,0.0,25.375,10.0,0.0,0.0109,52.4575,5.2458,2.0,6.0389,1.3124,-0.3064,1.3302,0.1609,1.3812,1.004e-05,1.001,0.0001,2.0765,12.0,0.0663,1.0018,0.1718,2.457,0.0053,0.9468,0.0505,1.9255,0.0,0.0,0.0,-0.1497,26.0,25.0,38.0,38.0,15.0,0.0,0.0,0.0,0.0,41.137,0.0,0.0121,0.0,0.0
17459.0,1.7405,0.0926,1.0,0.08,1.2022,2.0544,1.0544,2.2875,1.2875,26.7772,2.0711,26.372,2.0549,100.0,0.0,0.0,0.0,25.25,0.0,26.375,0.0,26.25,0.0,25.25,10.0,0.0,0.0105,52.4575,5.2457,2.0,6.2094,1.3172,-0.2336,1.3381,0.151,1.3801,1.004e-05,1.001,0.0001,2.0799,12.0,0.0667,1.0018,0.1907,2.5022,0.0068,1.0526,0.0542,1.956,0.0,0.0,0.0,-0.15,26.0,25.0,38.0,38.0,13.0,0.0,0.0,0.0,0.0,41.1376,0.0,0.0119,0.0,0.0
17460.0,1.7402,0.0925,1.0,0.0799,1.202,2.0547,1.0547,2.2879,1.2879,26.8117,2.0725,26.3444,2.0538,100.0,0.0,0.0,0.0,25.25,0.0,26.375,0.0,26.25,0.0,25.375,10.0,0.0,0.0101,52.4576,5.2458,2.0,6.1703,1.3161,-0.212,1.3405,0.1589,1.381,1.004e-05,1.001,0.0001,2.0776,12.0,0.0664,1.0018,0.175,2.4649,0.006,1.0004,0.0433,1.8579,0.0,0.0,0.0,-0.1498,26.0,25.0,38.0,38.0,14.0,0.0,0.0,0.0,0.0,41.1375,0.0,0.0121,0.0,0.0
17461.0,1.7394,0.0924,1.0,0.0798,1.2018,2.0546,1.0546,2.2883,1.2883,26.6998,2.068,26.3331,2.0533,100.0,0.0,0.0,0.0,25.375,0.0,26.625,0.0,26.375,0.0,25.375,10.0,0.0,0.0102,52.4577,5.2458,2.0,6.212,1.3173,-0.2531,1.336,0.1585,1.3809,1.004e-05,1.001,0.0001,2.0787,12.0,0.0662,1.0018,0.1549,2.4119,0.0056,0.9699,0.0555,1.9663,0.0,0.0,0.0,-0.1493,26.0,25.0,38.0,38.0,15.0,0.0,0.0,0.0,0.0,41.1373,0.0,0.0125,0.0,0.0
17462.0,1.7385,0.0923,1.0,0.0797,1.2015,2.0547,1.0547,2.288,1.288,26.5831,2.0633,26.3335,2.0533,100.0,0.0,0.0,0.0,25.25,0.0,26.375,0.0,26.25,0.0,25.25,10.0,0.0,0.0101,52.4575,5.2457,2.0,6.0687,1.3132,-0.2974,1.3312,0.1483,1.3798,1.005e-05,1.0011,0.0001,2.0795,12.0,0.0676,1.0018,0.1491,2.3955,0.007,1.0647,0.057,1.9779,0.0,0.0,0.0,-0.1497,26.0,25.0,38.0,37.0,13.0,0.0,0.0,0.0,0.0,41.1377,0.0,0.0121,0.0,0.0
17463.0,1.7391,0.0924,1.0,0.0799,1.202,2.0548,1.0548,2.2875,1.2875,26.5789,2.0632,26.3485,2.0539,100.0,0.0,0.0,0.0,25.25,0.0,26.375,0.0,26.375,0.0,25.25,10.0,0.0,0.0103,52.4576,5.2457,2.0,5.9725,1.3105,-0.3148,1.3293,0.1595,1.381,1.005e-05,1.0011,0.0001,2.0784,12.0,0.0704,1.0019,0.2136,2.5515,0.0069,1.0628,0.0532,1.948,0.0,0.0,0.0,-0.1494,26.0,25.0,38.0,37.0,13.0,0.0,0.0,0.0,0.0,41.1372,0.0,0.012,0.0,0.0
17464.0,1.7394,0.0924,1.0,0.0802,1.2027,2.0544,1.0544,2.2874,1.2874,26.7552,2.0702,26.3726,2.0549,100.0,0.0,0.0,0.0,25.125,0.0,26.25,0.0,26.375,0.0,25.25,10.0,0.0,0.0098,52.4576,5.2457,2.0,5.9135,1.3087,-0.3502,1.3254,0.1491,1.3799,1.005e-05,1.0012,0.0001,2.0813,12.0,0.0764,1.002,0.1763,2.4682,0.006,0.9985,0.0505,1.9255,0.0,0.0,0.0,-0.1495,26.0,25.0,38.0,37.0,14.0,0.0,0.0,0.0,0.0,41.1372,0.0,0.0119,0.0,0.0
17465.0,1.7394,0.0924,1.0,0.0802,1.2028,2.0545,1.0545,2.2878,1.2878,26.8263,2.0731,26.3504,2.054,100.0,0.0,0.0,0.0,25.375,0.0,26.375,0.0,26.375,0.0,25.375,10.0,0.0,0.0103,52.4575,5.2457,2.0,5.9063,1.3085,-0.3638,1.324,0.1552,1.3806,1.005e-05,1.0012,0.0001,2.0812,12.0,0.0754,1.002,0.1989,2.5206,0.0061,1.0068,0.0504,1.9247,0.0,0.0,0.0,-0.1498,26.0,25.0,38.0,37.0,14.0,0.0,0.0,0.0,0.0,41.1369,0.0,0.0118,0.0,0.0
17466.0,1.7388,0.0923,1.0,0.0801,1.2024,2.0546,1.0546,2.2878,1.2878,26.7576,2.0703,26.3386,2.0535,100.0,0.0,0.0,0.0,25.25,0.0,26.25,0.0,26.375,0.0,25.25,10.0,0.0,0.0097,52.4573,5.2457,2.0,5.9088,1.3086,-0.2955,1.3314,0.1577,1.3808,1.005e-05,1.0012,0.0001,2.0756,12.0,0.075,1.002,0.1817,2.4812,0.0058,0.9886,0.0478,1.9016,0.0,0.0,0.0,-0.1495,26.0,25.0,38.0,38.0,13.0,0.0,0.0,0.0,0.0,41.1371,0.0,0.0122,0.0,0.0
17467.0,1.7384,0.0923,1.0,0.0799,1.2021,2.0546,1.0546,2.2877,1.2877,26.636,2.0654,26.3362,2.0534,100.0,0.0,0.0,0.0,25.25,0.0,26.375,0.0,26.5,0.0,25.25,10.0,0.0,0.0101,52.457,5.2457,2.0,6.0445,1.3125,-0.2676,1.3344,0.1441,1.3794,1.005e-05,1.0011,0.0001,2.0799,12.0,0.0744,1.002,0.1844,2.4876,0.0063,1.0193,0.0553,1.9642,0.0,0.0,0.0,-0.1502,25.0,25.0,38.0,38.0,13.0,0.0,0.0,0.0,0.0,41.1366,0.0,0.0121,0.0,0.0
17468.0,1.7384,0.0923,1.0,0.08,1.2022,2.0546,1.0546,2.2878,1.2878,26.5674,2.0627,26.3436,2.0537,100.0,0.0,0.0,0.0,25.25,0.0,26.375,0.0,26.375,0.0,25.25,10.0,0.0,0.01,52.4574,5.2457,2.0,5.9126,1.3087,-0.3058,1.3303,0.1556,1.3806,1.005e-05,1.0011,0.0001,2.0795,12.0,0.074,1.002,0.1792,2.4753,0.0057,0.978,0.0596,1.997,0.0,0.0,0.0,-0.1495,25.0,25.0,38.0,38.0,12.0,0.0,0.0,0.0,0.0,41.1368,0.0,0.0125,0.0,0.0
17469.0,1.7384,0.0923,1.0,0.0801,1.2025,2.054,1.054,2.2874,1.2874,26.7104,2.0684,26.3623,2.0545,100.0,0.0,0.0,0.0,25.25,0.0,26.375,0.0,26.25,0.0,25.375,10.0,0.0,0.0107,52.4574,5.2457,2.0,5.8067,1.3056,-0.3303,1.3276,0.1535,1.3804,1.005e-05,1.0011,0.0001,2.0806,12.0,0.074,1.002,0.1429,2.3769,0.0062,1.0168,0.0558,1.9688,0.0,0.0,0.0,-0.1492,25.0,25.0,38.0,38.0,13.0,0.0,0.0,0.0,0.0,41.1367,0.0,0.0118,0.0,0.0
17470.0,1.7384,0.0923,1.0,0.08,1.2023,2.0545,1.0545,2.2878,1.2878,26.8135,2.0725,26.3471,2.0539,100.0,0.0,0.0,0.0,25.375,0.0,26.25,0.0,26.25,0.0,25.25,10.0,0.0,0.0106,52.4571,5.2457,2.0,5.97,1.3104,-0.2348,1.338,0.1391,1.3788,1.005e-05,1.001,0.0001,2.0755,12.0,0.0706,1.0019,0.1513,2.4016,0.0063,1.0235,0.0523,1.9399,0.0,0.0,0.0,-0.1496,25.0,25.0,38.0,37.0,13.0,0.0,0.0,0.0,0.0,41.1371,0.0,0.0121,0.0,0.0
17471.0,1.7384,0.0923,1.0,0.08,1.2022,2.0549,1.0549,2.2879,1.2879,26.748,2.0699,26.3388,2.0536,100.0,0.0,0.0,0.0,25.125,0.0,26.375,0.0,26.25,0.0,25.25,10.0,0.0,0.0106,52.4573,5.2457,2.0,6.0723,1.3133,-0.1537,1.3469,0.1511,1.3801,1.005e-05,1.0011,0.0001,2.0818,12.0,0.0698,1.0019,0.1653,2.4401,0.0055,0.9646,0.0475,1.8985,0.0,0.0,0.0,-0.1496,25.0,25.0,38.0,37.0,13.0,0.0,0.0,0.0,0.0,41.137,0.0,0.0122,0.0,0.0
17472.0,1.7384,0.0923,1.0,0.0799,1.2019,2.0551,1.0551,2.2877,1.2877,26.6273,2.0651,26.3351,2.0534,100.0,0.0,0.0,0.0,25.25,0.0,26.375,0.0,26.375,0.0,25.375,10.0,0.0,0.01,52.4572,5.2457,2.0,6.0345,1.3123,-0.2215,1.3395,0.1472,1.3797,1.004e-05,1.001,0.0001,2.0811,12.0,0.0669,1.0018,0.1165,2.288,0.006,1.0005,0.053,1.9461,0.0,0.0,0.0,-0.1498,25.0,25.0,38.0,37.0,14.0,0.0,0.0,0.0,0.0,41.137,0.0,0.012,0.0,0.0
17473.0,1.7383,0.0923,1.0,0.0797,1.2014,2.0548,1.0548,2.2875,1.2875,26.5669,2.0627,26.3458,2.0538,100.0,0.0,0.0,0.0,25.25,0.0,26.375,0.0,26.25,0.0,25.375,10.0,0.0,0.0102,52.4572,5.2457,2.0,5.8531,1.307,-0.3177,1.329,0.139,1.3788,1.004e-05,1.001,0.0001,2.0816,12.0,0.0657,1.0018,0.1223,2.3091,0.0063,1.0205,0.0484,1.9071,0.0,0.0,0.0,-0.1498,25.0,25.0,38.0,37.0,14.0,0.0,0.0,0.0,0.0,41.1374,0.0,0.0122,0.0,0.0
17474.0,1.7373,0.0922,1.0,0.0798,1.2017,2.0541,1.0541,2.2875,1.2875,26.7197,2.0688,26.3613,2.0545,100.0,0.0,0.0,0.0,25.25,0.0,26.375,0.0,26.25,0.0,25.5,10.0,0.0,0.0098,52.4572,5.2457,2.0,5.7646,1.3043,-0.3571,1.3247,0.1505,1.3801,1.005e-05,1.0012,0.0001,2.0836,12.0,0.0735,1.002,0.12,2.301,0.0064,1.0261,0.0561,1.9706,0.0,0.0,0.0,-0.15,25.0,25.0,38.0,37.0,13.0,0.0,0.0,0.0,0.0,41.1375,0.0,0.012,0.0,0.0
17475.0,1.7383,0.0923,1.0,0.0798,1.2016,2.0541,1.0541,2.2881,1.2881,26.8275,2.0731,26.352,2.0541,100.0,0.0,0.0,0.0,25.125,0.0,26.375,0.0,26.375,0.0,25.375,10.0,0.0,0.01,52.4571,5.2457,2.0,5.7112,1.3027,-0.3818,1.322,0.1352,1.3784,1.005e-05,1.0011,0.0001,2.0794,12.0,0.073,1.0019,0.1943,2.5103,0.0061,1.0058,0.0618,2.0132,0.0,0.0,0.0,-0.1496,25.0,25.0,38.0,37.0,14.0,0.0,0.0,0.0,0.0,41.1374,0.0,0.0122,0.0,0.0
17476.0,1.7384,0.0923,1.0,0.08,1.2022,2.0545,1.0545,2.2879,1.2879,26.7904,2.0716,26.3423,2.0537,100.0,0.0,0.0,0.0,25.125,0.0,26.25,0.0,26.25,0.0,25.375,10.0,0.0,0.0107,52.457,5.2457,2.0,5.619,1.2999,-0.3701,1.3233,0.145,1.3795,1.005e-05,1.0012,0.0001,2.0834,12.0,0.0759,1.002,0.1893,2.499,0.0061,1.0083,0.063,2.0214,0.0,0.0,0.0,-0.1496,25.0,25.0,38.0,37.0,13.0,0.0,0.0,0.0,0.0,41.1373,0.0,0.0124,0.0,0.0
17477.0,1.7384,0.0923,1.0,0.0799,1.202,2.0551,1.0551,2.2878,1.2878,26.6779,2.0671,26.3365,2.0535,100.0,0.0,0.0,0.0,25.25,0.0,26.625,0.0,26.375,0.0,25.25,10.0,0.0,0.0096,52.4569,5.2457,2.0,5.6757,1.3016,-0.3605,1.3243,0.1494,1.3799,1.005e-05,1.0012,0.0001,2.0848,12.0,0.0746,1.002,0.1544,2.4104,0.0064,1.0247,0.0697,2.0648,0.0,0.0,0.0,-0.1496,25.0,25.0,38.0,37.0,13.0,0.0,0.0,0.0,0.0,41.1374,0.0,0.0119,0.0,0.0
17478.0,1.7379,0.0922,1.0,0.08,1.2023,2.0551,1.0551,2.2876,1.2876,26.5641,2.0626,26.3376,2.0535,100.0,0.0,0.0,0.0,25.125,0.0,26.25,0.0,26.375,0.0,25.375,10.0,0.0,0.0106,52.457,5.2457,2.0,5.6904,1.3021,-0.3446,1.326,0.1358,1.3784,1.005e-05,1.0012,0.0001,2.0791,12.0,0.0762,1.002,0.1677,2.4464,0.006,0.9966,0.0626,2.0186,0.0,0.0,0.0,-0.1495,25.0,25.0,38.0,37.0,15.0,0.0,0.0,0.0,0.0,41.1367,0.0,0.0123,0.0,0.0
17479.0,1.7373,0.0922,1.0,0.08,1.2024,2.0542,1.0542,2.2875,1.2875,26.6514,2.0661,26.3576,2.0543,100.0,0.0,0.0,0.0,25.25,0.0,26.375,0.0,26.375,0.0,25.375,10.0,0.0,0.0101,52.4569,5.2457,2.0,5.6159,1.2998,-0.345,1.326,0.1444,1.3794,1.005e-05,1.0012,0.0001,2.0867,12.0,0.0785,1.0021,0.1645,2.4379,0.0067,1.0456,0.0622,2.016,0.0,0.0,0.0,-0.1497,26.0,25.0,38.0,37.0,14.0,0.0,0.0,0.0,0.0,41.1369,0.0,0.0121,0.0,0.0
17480.0,1.7384,0.0923,1.0,0.0799,1.2019,2.0539,1.0539,2.2876,1.2876,26.8124,2.0725,26.3503,2.054,100.0,0.0,0.0,0.0,25.25,0.0,26.375,0.0,26.25,0.0,25.375,10.0,0.0,0.0103,52.4567,5.2457,2.0,5.6211,1.2999,-0.3311,1.3275,0.1378,1.3787,1.005e-05,1.0012,0.0001,2.0823,12.0,0.0755,1.002,0.1527,2.4056,0.0062,1.0131,0.0611,2.0081,0.0,0.0,0.0,-0.1502,26.0,25.0,38.0,37.0,14.0,0.0,0.0,0.0,0.0,41.1363,0.0,0.012,0.0,0.0
17481.0,1.7384,0.0923,1.0,0.0799,1.202,2.0546,1.0546,2.2883,1.2883,26.7793,2.0712,26.3307,2.0532,100.0,0.0,0.0,0.0,25.25,0.0,26.375,0.0,26.375,0.0,25.375,10.0,0.0,0.0095,52.4566,5.2457,2.0,5.6194,1.2999,-0.3107,1.3297,0.1294,1.3778,1.005e-05,1.0012,0.0001,2.0846,12.0,0.0739,1.002,0.1292,2.333,0.0055,0.9608,0.0696,2.0642,0.0,0.0,0.0,-0.1501,26.0,25.0,38.0,37.0,15.0,0.0,0.0,0.0,0.0,41.1368,0.0,0.0121,0.0,0.0
17482.0,1.7373,0.0922,1.0,0.0799,1.202,2.0549,1.0549,2.2881,1.2881,26.6715,2.0669,26.331,2.0532,100.0,0.0,0.0,0.0,25.25,0.0,26.375,0.0,26.25,0.0,25.375,10.0,0.0,0.009,52.4565,5.2456,2.0,5.7324,1.3033,-0.1967,1.3422,0.1406,1.379,1.004e-05,1.001,0.0001,2.0797,12.0,0.0716,1.0019,0.1486,2.3939,0.0063,1.0193,0.0703,2.0687,0.0,0.0,0.0,-0.15,26.0,25.0,38.0,37.0,14.0,0.0,0.0,0.0,0.0,41.1364,0.0,0.0118,0.0,0.0
17483.0,1.7365,0.0921,1.0,0.0798,1.2018,2.055,1.055,2.2872,1.2872,26.5599,2.0624,26.3489,2.054,100.0,0.0,0.0,0.0,25.125,0.0,26.5,0.0,26.375,0.0,25.375,10.0,0.0,0.01,52.4567,5.2457,2.0,5.8779,1.3077,-0.1245,1.3501,0.1404,1.379,1.005e-05,1.0011,0.0001,2.0857,12.0,0.0718,1.0019,0.1113,2.2683,0.0056,0.9714,0.0622,2.0155,0.0,0.0,0.0,-0.1499,26.0,25.0,38.0,37.0,13.0,0.0,0.0,0.0,0.0,41.1367,0.0,0.012,0.0,0.0
17484.0,1.7363,0.092,1.0,0.08,1.2021,2.0546,1.0546,2.2875,1.2875,26.6506,2.066,26.3672,2.0547,100.0,0.0,0.0,0.0,25.125,0.0,26.375,0.0,26.375,0.0,25.25,10.0,0.0,0.0103,52.4565,5.2456,2.0,5.8,1.3054,-0.192,1.3427,0.13,1.3778,1.004e-05,1.001,0.0001,2.0837,12.0,0.0695,1.0019,0.1252,2.3195,0.006,0.9973,0.0669,2.0476,0.0,0.0,0.0,-0.15,25.0,25.0,38.0,37.0,14.0,0.0,0.0,0.0,0.0,41.1368,0.0,0.0121,0.0,0.0
17485.0,1.7363,0.092,1.0,0.0801,1.2024,2.0544,1.0544,2.2879,1.2879,26.7969,2.0719,26.3609,2.0544,100.0,0.0,0.0,0.0,25.25,0.0,26.25,0.0,26.375,0.0,25.25,10.0,0.0,0.0092,52.4565,5.2457,2.0,5.7157,1.3028,-0.2719,1.334,0.1416,1.3791,1.004e-05,1.001,0.0001,2.0798,12.0,0.0682,1.0018,0.1438,2.3797,0.0062,1.0129,0.0563,1.9726,0.0,0.0,0.0,-0.1499,25.0,25.0,38.0,37.0,12.0,0.0,0.0,0.0,0.0,41.1374,0.0,0.0121,0.0,0.0
17486.0,1.7374,0.0922,1.0,0.0797,1.2015,2.0544,1.0544,2.288,1.288,26.805,2.0722,26.3435,2.0537,100.0,0.0,0.0,0.0,25.375,0.0,26.5,0.0,26.375,0.0,25.25,10.0,0.0,0.0105,52.4564,5.2457,2.0,5.5541,1.2978,-0.3327,1.3273,0.1285,1.3777,1.004e-05,1.001,0.0001,2.0873,12.0,0.0741,1.002,0.1639,2.4364,0.0055,0.9586,0.0617,2.0122,0.0,0.0,0.0,-0.15,25.0,25.0,38.0,37.0,13.0,0.0,0.0,0.0,0.0,41.1372,0.0,0.0123,0.0,0.0
17487.0,1.7374,0.0922,1.0,0.0799,1.2021,2.0551,1.0551,2.2878,1.2878,26.7027,2.0681,26.337,2.0535,100.0,0.0,0.0,0.0,25.25,0.0,26.25,0.0,26.375,0.0,25.375,10.0,0.0,0.0098,52.4566,5.2457,2.0,5.6701,1.3014,-0.2601,1.3353,0.1332,1.3782,1.005e-05,1.0012,0.0001,2.0832,12.0,0.0718,1.0019,0.1626,2.4331,0.006,0.9964,0.0557,1.9677,0.0,0.0,0.0,-0.1496,25.0,25.0,38.0,38.0,14.0,0.0,0.0,0.0,0.0,41.1373,0.0,0.0119,0.0,0.0
17488.0,1.7376,0.0922,1.0,0.0798,1.2018,2.0551,1.0551,2.2877,1.2877,26.5793,2.0632,26.3352,2.0534,100.0,0.0,0.0,0.0,25.125,0.0,26.5,0.0,26.25,0.0,25.375,10.0,0.0,0.0096,52.4565,5.2456,2.0,5.564,1.2982,-0.3191,1.3288,0.1321,1.378,1.005e-05,1.0011,0.0001,2.0867,12.0,0.0726,1.0019,0.1656,2.441,0.006,0.998,0.0561,1.971,0.0,0.0,0.0,-0.1498,25.0,25.0,38.0,38.0,14.0,0.0,0.0,0.0,0.0,41.1374,0.0,0.0123,0.0,0.0
17489.0,1.7384,0.0923,1.0,0.0799,1.202,2.0547,1.0547,2.2875,1.2875,26.5999,2.064,26.3532,2.0541,100.0,0.0,0.0,0.0,25.25,0.0,26.25,0.0,26.375,0.0,25.25,10.0,0.0,0.0107,52.4559,5.2456,2.0,5.5166,1.2967,-0.3101,1.3298,0.1234,1.3771,1.005e-05,1.0011,0.0001,2.0871,12.0,0.0758,1.002,0.1816,2.4809,0.0051,0.9333,0.0504,1.924,0.0,0.0,0.0,-0.1501,25.0,25.0,38.0,38.0,14.0,0.0,0.0,0.0,0.0,41.1374,0.0,0.0121,0.0,0.0
17490.0,1.7384,0.0923,1.0,0.0799,1.2021,2.054,1.054,2.2878,1.2878,26.7664,2.0707,26.3633,2.0545,100.0,0.0,0.0,0.0,25.125,0.0,26.375,0.0,26.375,0.0,25.25,10.0,0.0,0.0099,52.456,5.2456,2.0,5.6034,1.2994,-0.226,1.339,0.135,1.3784,1.005e-05,1.0012,0.0001,2.0814,12.0,0.0767,1.002,0.2219,2.5681,0.0063,1.0183,0.0649,2.0338,0.0,0.0,0.0,-0.1498,25.0,25.0,38.0,38.0,13.0,0.0,0.0,0.0,0.0,41.1373,0.0,0.0119,0.0,0.0
17491.0,1.7384,0.0923,1.0,0.0797,1.2015,2.0543,1.0543,2.2882,1.2882,26.8177,2.0727,26.347,2.0539,100.0,0.0,0.0,0.0,25.25,0.0,26.25,0.0,26.375,0.0,25.375,10.0,0.0,0.0102,52.456,5.2456,2.0,5.6955,1.3022,-0.2031,1.3415,0.1236,1.3771,1.005e-05,1.0012,0.0001,2.0889,12.0,0.0745,1.002,0.2014,2.5259,0.0065,1.0371,0.0764,2.1052,0.0,0.0,0.0,-0.1495,25.0,25.0,38.0,37.0,14.0,0.0,0.0,0.0,0.0,41.1366,0.0,0.0119,0.0,0.0
17492.0,1.7374,0.0922,1.0,0.0799,1.202,2.0551,1.0551,2.2878,1.2878,26.7116,2.0685,26.3429,2.0537,100.0,0.0,0.0,0.0,25.125,0.0,26.375,0.0,26.375,0.0,25.25,10.0,0.0,0.0098,52.4559,5.2456,2.0,5.7659,1.3043,-0.0793,1.355,0.1196,1.3767,1.005e-05,1.0012,0.0001,2.089,12.0,0.0763,1.002,0.1995,2.5217,0.0059,0.9891,0.0747,2.0952,0.0,0.0,0.0,-0.1498,26.0,25.0,38.0,37.0,14.0,0.0,0.0,0.0,0.0,41.1371,0.0,0.0121,0.0,0.0
17493.0,1.7363,0.092,1.0,0.0801,1.2027,2.0551,1.0551,2.2876,1.2876,26.5829,2.0633,26.3439,2.0538,100.0,0.0,0.0,0.0,25.125,0.0,26.25,0.0,26.25,0.0,25.25,10.0,0.0,0.0096,52.456,5.2456,2.0,5.877,1.3077,-0.0553,1.3576,0.1294,1.3778,1.005e-05,1.0012,0.0001,2.0884,12.0,0.0777,1.0021,0.1971,2.5166,0.0066,1.0409,0.0715,2.0761,0.0,0.0,0.0,-0.1496,26.0,25.0,38.0,37.0,14.0,0.0,0.0,0.0,0.0,41.1367,0.0,0.0121,0.0,0.0
17494.0,1.6084,0.076,1.0,0.0801,1.2026,2.0547,1.0547,2.2875,1.2875,26.5968,2.0639,26.3531,2.0541,100.0,0.0,0.0,0.0,25.25,0.0,26.375,0.0,26.25,0.0,25.375,10.0,0.0,0.0102,52.4565,5.2457,2.0,5.873,1.3075,-0.0615,1.3569,0.1277,1.3776,1.005e-05,1.0012,0.0001,2.084,12.0,0.0765,1.002,0.1575,2.419,0.0065,1.0334,0.0668,2.0469,0.0,0.0,0.0,-0.1495,26.0,25.0,38.0,37.0,12.0,0.0,0.0,0.0,0.0,41.1368,0.0,0.0121,0.0,0.0
17495.0,1.4243,0.053,1.0,0.0803,1.2032,2.054,1.054,2.2877,1.2877,26.769,2.0708,26.3551,2.0542,100.0,0.0,0.0,0.0,25.125,0.0,26.25,0.0,26.25,0.0,25.25,10.0,0.0,0.0106,52.4561,5.2456,2.0,5.8078,1.3056,-0.1102,1.3516,0.1211,1.3768,1.005e-05,1.0012,0.0001,2.0874,12.0,0.076,1.002,0.1747,2.4641,0.0064,1.0267,0.0623,2.0167,0.0,0.0,0.0,-0.1498,26.0,25.0,38.0,37.0,15.0,0.0,0.0,0.0,0.0,41.1372,0.0,0.0119,0.0,0.0
17496.0,1.339,0.0424,1.0,0.0798,1.2016,2.054,1.054,2.2883,1.2883,26.8113,2.0725,26.3373,2.0535,100.0,0.0,0.0,0.0,25.25,0.0,26.25,0.0,26.25,0.0,25.25,10.0,0.0,0.0098,52.4561,5.2456,2.0,5.6613,1.3012,-0.2233,1.3393,0.1293,1.3777,1.004e-05,1.001,0.0001,2.0864,12.0,0.0708,1.0019,0.1245,2.3169,0.0056,0.9663,0.0769,2.1078,0.0,0.0,0.0,-0.1499,26.0,25.0,38.0,37.0,12.0,0.0,0.0,0.0,0.0,41.1372,0.0,0.0119,0.0,0.0
17497.0,1.4697,0.0587,1.0,0.0798,1.2016,2.0546,1.0546,2.2882,1.2882,26.7383,2.0695,26.3292,2.0532,100.0,0.0,0.0,0.0,25.125,0.0,26.375,0.0,26.375,0.0,25.25,10.0,0.0,0.0099,52.4561,5.2456,2.0,5.6107,1.2996,-0.1636,1.3458,0.116,1.3763,1.004e-05,1.001,0.0001,2.0815,12.0,0.0681,1.0018,0.1592,2.4237,0.0065,1.0373,0.0687,2.0591,0.0,0.0,0.0,-0.1497,26.0,25.0,38.0,37.0,14.0,0.0,0.0,0.0,0.0,41.1373,0.0,0.0118,0.0,0.0
17498.0,1.5576,0.0697,1.0,0.0797,1.2013,2.0547,1.0547,2.2881,1.2881,26.6289,2.0652,26.3246,2.053,100.0,0.0,0.0,0.0,25.25,0.0,26.25,0.0,26.375,0.0,25.375,10.0,0.0,0.0102,52.456,5.2456,2.0,5.6806,1.3018,-0.1616,1.346,0.1225,1.377,1.004e-05,1.001,0.0001,2.0846,12.0,0.0686,1.0018,0.1515,2.4023,0.0061,1.0071,0.068,2.0546,0.0,0.0,0.0,-0.1494,26.0,25.0,38.0,37.0,16.0,0.0,0.0,0.0,0.0,41.137,0.0,0.0123,0.0,0.0
17499.0,1.6356,0.0794,1.0,0.0797,1.2015,2.0545,1.0545,2.2875,1.2875,26.574,2.063,26.3471,2.0539,100.0,0.0,0.0,0.0,25.25,0.0,26.375,0.0,26.375,0.0,25.375,10.0,0.0,0.0094,52.4557,5.2456,2.0,5.6897,1.302,-0.1014,1.3526,0.1292,1.3777,1.004e-05,1.001,0.0001,2.0841,12.0,0.068,1.0018,0.107,2.2512,0.006,1.0024,0.0666,2.0452,0.0,0.0,0.0,-0.1496,26.0,25.0,38.0,38.0,14.0,0.0,0.0,0.0,0.0,41.1372,0.0,0.0119,0.0,0.0
17500.0,1.6629,0.0829,1.0,0.0797,1.2015,2.054,1.054,2.2878,1.2878,26.7074,2.0683,26.3511,2.054,100.0,0.0,0.0,0.0,25.25,0.0,26.375,0.0,26.25,0.0,25.375,10.0,0.0,0.01,52.4562,5.2457,2.0,5.7552,1.304,-0.1161,1.351,0.1112,1.3758,1.004e-05,1.0009,0.0001,2.085,12.0,0.0662,1.0018,0.1404,2.3692,0.0061,1.0062,0.0661,2.042,0.0,0.0,0.0,-0.1495,26.0,25.0,38.0,38.0,13.0,0.0,0.0,0.0,0.0,41.1369,0.0,0.0122,0.0,0.0
17501.0,1.6902,0.0863,1.0,0.0798,1.2018,2.0541,1.0541,2.2881,1.2881,26.8173,2.0727,26.3425,2.0537,100.0,0.0,0.0,0.0,25.25,0.0,26.375,0.0,26.375,0.0,25.375,10.0,0.0,0.0093,52.456,5.2456,2.0,5.7307,1.3033,-0.0787,1.3551,0.1222,1.377,1.004e-05,1.001,0.0001,2.0875,12.0,0.0685,1.0018,0.1366,2.3574,0.0065,1.032,0.0749,2.0965,0.0,0.0,0.0,-0.1497,26.0,25.0,38.0,38.0,15.0,0.0,0.0,0.0,0.0,41.1362,0.0,0.012,0.0,0.0
17502.0,1.706,0.0882,1.0,0.0797,1.2014,2.0546,1.0546,2.2879,1.2879,26.763,2.0705,26.3402,2.0536,100.0,0.0,0.0,0.0,25.25,0.0,26.375,0.0,26.375,0.0,25.25,10.0,0.0,0.0105,52.4557,5.2456,2.0,5.7523,1.3039,-0.1114,1.3515,0.1206,1.3768,1.004e-05,1.001,0.0001,2.0825,12.0,0.068,1.0018,0.1073,2.2524,0.0057,0.9772,0.0749,2.0963,0.0,0.0,0.0,-0.1499,26.0,25.0,38.0,38.0,14.0,0.0,0.0,0.0,0.0,41.1365,0.0,0.0124,0.0,0.0
17503.0,1.718,0.0897,1.0,0.0796,1.2011,2.0546,1.0546,2.2882,1.2882,26.6502,2.066,26.3285,2.0531,100.0,0.0,0.0,0.0,25.25,0.0,26.375,0.0,26.375,0.0,25.375,10.0,0.0,0.0101,52.4557,5.2455,2.0,5.7133,1.3028,-0.1096,1.3517,0.1111,1.3758,1.004e-05,1.001,0.0001,2.0841,12.0,0.0678,1.0018,0.1717,2.4565,0.0062,1.011,0.0658,2.0399,0.0,0.0,0.0,-0.1499,26.0,25.0,38.0,37.0,14.0,0.0,0.0,0.0,0.0,41.137,0.0,0.012,0.0,0.0
17504.0,1.7267,0.0908,1.0,0.0797,1.2013,2.0542,1.0542,2.2879,1.2879,26.5608,2.0624,26.3326,2.0533,100.0,0.0,0.0,0.0,25.25,0.0,26.25,0.0,26.25,0.0,25.25,10.0,0.0,0.0094,52.4554,5.2456,2.0,5.7335,1.3034,-0.0867,1.3542,0.1217,1.3769,1.004e-05,1.0009,0.0001,2.0855,12.0,0.0655,1.0017,0.1776,2.4712,0.0057,0.9755,0.0653,2.0369,0.0,0.0,0.0,-0.1494,26.0,25.0,38.0,37.0,14.0,0.0,0.0,0.0,0.0,41.1365,0.0,0.0118,0.0,0.0
17505.0,1.7315,0.0914,1.0,0.0798,1.2017,2.0541,1.0541,2.2874,1.2874,26.6802,2.0672,26.3587,2.0543,100.0,0.0,0.0,0.0,25.375,0.0,26.25,0.0,26.375,0.0,25.375,10.0,0.0,0.0103,52.4554,5.2456,2.0,5.7323,1.3033,-0.0536,1.3578,0.1072,1.3753,1.004e-05,1.001,0.0001,2.0845,12.0,0.0665,1.0018,0.155,2.4121,0.0059,0.9926,0.0789,2.1189,0.0,0.0,0.0,-0.1499,26.0,25.0,38.0,37.0,15.0,0.0,0.0,0.0,0.0,41.1363,0.0,0.012,0.0,0.0
17506.0,1.7351,0.0919,1.0,0.0797,1.2015,2.0541,1.0541,2.2882,1.2882,26.8252,2.073,26.3405,2.0536,100.0,0.0,0.0,0.0,25.25,0.0,26.375,0.0,26.375,0.0,25.25,10.0,0.0,0.01,52.4555,5.2455,2.0,5.7151,1.3028,-0.1023,1.3525,0.1053,1.3751,1.004e-05,1.0009,0.0001,2.0829,12.0,0.0681,1.0018,0.141,2.3711,0.0062,1.0129,0.0721,2.08,0.0,0.0,0.0,-0.1495,26.0,25.0,38.0,37.0,12.0,0.0,0.0,0.0,0.0,41.1365,0.0,0.0121,0.0,0.0
17507.0,1.7359,0.092,1.0,0.0798,1.2018,2.0541,1.0541,2.2882,1.2882,26.761,2.0704,26.33,2.0532,100.0,0.0,0.0,0.0,25.25,0.0,26.375,0.0,26.25,0.0,25.375,10.0,0.0,0.0102,52.4556,5.2456,2.0,5.6921,1.3021,-0.0759,1.3554,0.1187,1.3766,1.005e-05,1.0011,0.0001,2.0855,12.0,0.0719,1.0019,0.125,2.3188,0.0066,1.0418,0.0874,2.1631,0.0,0.0,0.0,-0.1494,26.0,25.0,38.0,37.0,15.0,0.0,0.0,0.0,0.0,41.1365,0.0,0.0123,0.0,0.0
17508.0,1.7363,0.092,1.0,0.0801,1.2025,2.0546,1.0546,2.2878,1.2878,26.662,2.0665,26.3358,2.0534,100.0,0.0,0.0,0.0,25.125,0.0,26.25,0.0,26.375,0.0,25.25,10.0,0.0,0.0105,52.4554,5.2455,2.0,5.7945,1.3052,0.0054,1.3642,0.1122,1.3759,1.005e-05,1.0011,0.0001,2.0877,12.0,0.0711,1.0019,0.1589,2.423,0.0064,1.0304,0.0828,2.1401,0.0,0.0,0.0,-0.1498,26.0,25.0,38.0,37.0,13.0,0.0,0.0,0.0,0.0,41.1369,0.0,0.0123,0.0,0.0
17509.0,1.7364,0.0921,1.0,0.0798,1.2018,2.0546,1.0546,2.2876,1.2876,26.5587,2.0623,26.3382,2.0535,100.0,0.0,0.0,0.0,25.375,0.0,26.375,0.0,26.25,0.0,25.25,10.0,0.0,0.0098,52.4552,5.2455,2.0,5.8271,1.3062,-0.0259,1.3608,0.111,1.3758,1.005e-05,1.0012,0.0001,2.0833,12.0,0.0743,1.002,0.1362,2.3559,0.006,1.0028,0.0777,2.1122,0.0,0.0,0.0,-0.15,26.0,25.0,38.0,37.0,14.0,0.0,0.0,0.0,0.0,41.1368,0.0,0.0121,0.0,0.0
17510.0,1.7384,0.0923,1.0,0.0798,1.2018,2.0541,1.0541,2.2874,1.2874,26.6646,2.0666,26.348,2.0539,100.0,0.0,0.0,0.0,25.125,0.0,26.25,0.0,26.25,0.0,25.375,10.0,0.0,0.0098,52.4551,5.2455,2.0,5.7662,1.3044,-0.0609,1.357,0.1204,1.3768,1.005e-05,1.0011,0.0001,2.0879,12.0,0.0731,1.0019,0.1115,2.2693,0.0065,1.0373,0.0732,2.0863,0.0,0.0,0.0,-0.1499,26.0,25.0,38.0,37.0,13.0,0.0,0.0,0.0,0.0,41.1372,0.0,0.0121,0.0,0.0
17511.0,1.7404,0.0925,1.0,0.0798,1.2017,2.054,1.054,2.2877,1.2877,26.8206,2.0728,26.3458,2.0538,100.0,0.0,0.0,0.0,25.25,0.0,26.25,0.0,26.25,0.0,25.375,10.0,0.0,0.0102,52.4551,5.2455,2.0,5.7553,1.304,-0.0365,1.3597,0.1022,1.3748,1.005e-05,1.0011,0.0001,2.0862,12.0,0.0741,1.002,0.1323,2.3435,0.0059,0.9914,0.071,2.0734,0.0,0.0,0.0,-0.1496,26.0,25.0,38.0,37.0,12.0,0.0,0.0,0.0,0.0,41.1373,0.0,0.012,0.0,0.0
17512.0,1.7413,0.0927,1.0,0.0797,1.2015,2.0545,1.0545,2.2879,1.2879,26.7896,2.0716,26.3428,2.0537,100.0,0.0,0.0,0.0,25.25,0.0,26.375,0.0,26.375,0.0,25.25,10.0,0.0,0.0097,52.4553,5.2455,2.0,5.8226,1.306,0.0281,1.3667,0.1124,1.3759,1.005e-05,1.0012,0.0001,2.0813,12.0,0.0719,1.0019,0.1162,2.2872,0.0058,0.9819,0.0692,2.0619,0.0,0.0,0.0,-0.1495,26.0,25.0,38.0,38.0,14.0,0.0,0.0,0.0,0.0,41.137,0.0,0.012,0.0,0.0
17513.0,1.7418,0.0927,1.0,0.0799,1.2019,2.0546,1.0546,2.2878,1.2878,26.691,2.0676,26.338,2.0535,100.0,0.0,0.0,0.0,25.25,0.0,26.25,0.0,26.25,0.0,25.25,10.0,0.0,0.0097,52.4555,5.2456,2.0,5.8993,1.3083,0.0409,1.3681,0.11,1.3756,1.005e-05,1.0011,0.0001,2.0865,12.0,0.0721,1.0019,0.1712,2.4553,0.006,0.9985,0.0714,2.0757,0.0,0.0,0.0,-0.1499,26.0,25.0,38.0,38.0,13.0,0.0,0.0,0.0,0.0,41.1369,0.0,0.0118,0.0,0.0
17514.0,1.7422,0.0928,1.0,0.0799,1.2019,2.0546,1.0546,2.2876,1.2876,26.5663,2.0627,26.3334,2.0533,100.0,0.0,0.0,0.0,25.25,0.0,26.375,0.0,26.25,0.0,25.25,10.0,0.0,0.0098,52.4553,5.2456,2.0,5.841,1.3066,-0.0259,1.3608,0.1006,1.3746,1.005e-05,1.0011,0.0001,2.0844,12.0,0.072,1.0019,0.1831,2.4846,0.0059,0.9908,0.0695,2.0638,0.0,0.0,0.0,-0.1497,26.0,25.0,38.0,38.0,15.0,0.0,0.0,0.0,0.0,41.1368,0.0,0.0119,0.0,0.0
17515.0,1.7441,0.093,1.0,0.0798,1.2017,2.0542,1.0542,2.2878,1.2878,26.6201,2.0648,26.3457,2.0538,100.0,0.0,0.0,0.0,25.25,0.0,26.25,0.0,26.25,0.0,25.375,10.0,0.0,0.0106,52.4552,5.2455,2.0,5.7695,1.3045,-0.0215,1.3613,0.1113,1.3758,1.005e-05,1.0011,0.0001,2.0902,12.0,0.0712,1.0019,0.1519,2.4035,0.0059,0.9938,0.0704,2.0695,0.0,0.0,0.0,-0.1499,26.0,25.0,38.0,38.0,14.0,0.0,0.0,0.0,0.0,41.1371,0.0,0.0123,0.0,0.0
17516.0,1.7444,0.093,1.0,0.0797,1.2015,2.0535,1.0535,2.2879,1.2879,26.8039,2.0722,26.3477,2.0539,100.0,0.0,0.0,0.0,25.25,0.0,26.25,0.0,26.375,0.0,25.375,10.0,0.0,0.0096,52.4549,5.2454,2.0,5.8956,1.3082,0.07,1.3713,0.1046,1.375,1.005e-05,1.0011,0.0001,2.0845,12.0,0.0713,1.0019,0.1432,2.3779,0.0061,1.01,0.0686,2.0579,0.0,0.0,0.0,-0.1501,26.0,25.0,38.0,37.0,14.0,0.0,0.0,0.0,0.0,41.1364,0.0,0.0121,0.0,0.0
17517.0,1.7403,0.0925,1.0,0.0798,1.2018,2.0544,1.0544,2.2878,1.2878,26.7937,2.0717,26.343,2.0537,100.0,0.0,0.0,0.0,25.125,0.0,26.25,0.0,26.25,0.0,25.25,10.0,0.0,0.0101,52.455,5.2455,2.0,5.8851,1.3079,0.0441,1.3684,0.0974,1.3743,1.005e-05,1.0011,0.0001,2.091,12.0,0.0705,1.0019,0.1563,2.4158,0.0057,0.9766,0.0746,2.0945,0.0,0.0,0.0,-0.1497,26.0,25.0,38.0,37.0,12.0,0.0,0.0,0.0,0.0,41.1365,0.0,0.0122,0.0,0.0
17518.0,1.7397,0.0925,1.0,0.0802,1.2028,2.0546,1.0546,2.2878,1.2878,26.704,2.0682,26.3383,2.0535,100.0,0.0,0.0,0.0,25.125,0.0,26.25,0.0,26.375,0.0,25.375,10.0,0.0,0.0105,52.4552,5.2455,2.0,5.9256,1.3091,0.0454,1.3686,0.1091,1.3755,1.005e-05,1.0011,0.0001,2.0882,12.0,0.0755,1.002,0.1432,2.3778,0.0062,1.0157,0.0783,2.1158,0.0,0.0,0.0,-0.1495,26.0,25.0,38.0,37.0,14.0,0.0,0.0,0.0,0.0,41.1367,0.0,0.012,0.0,0.0
17519.0,1.7404,0.0926,1.0,0.0799,1.2019,2.0547,1.0547,2.2876,1.2876,26.5757,2.063,26.3349,2.0534,100.0,0.0,0.0,0.0,25.25,0.0,26.25,0.0,26.375,0.0,25.375,10.0,0.0,0.01,52.455,5.2455,2.0,5.9125,1.3087,0.0726,1.3716,0.0961,1.3741,1.005e-05,1.0013,0.0001,2.0819,12.0,0.0764,1.002,0.1281,2.3294,0.0057,0.976,0.0763,2.1046,0.0,0.0,0.0,-0.1497,26.0,25.0,38.0,37.0,13.0,0.0,0.0,0.0,0.0,41.1367,0.0,0.0118,0.0,0.0
17520.0,1.7405,0.0926,1.0,0.0798,1.2017,2.0543,1.0543,2.2874,1.2874,26.6053,2.0642,26.3531,2.0541,100.0,0.0,0.0,0.0,25.25,0.0,26.25,0.0,26.25,0.0,25.375,10.0,0.0,0.0101,52.4552,5.2455,2.0,6.108,1.3144,0.1823,1.3835,0.1003,1.3746,1.005e-05,1.0012,0.0001,2.0897,12.0,0.0759,1.002,0.1189,2.297,0.0065,1.0372,0.0683,2.0563,0.0,0.0,0.0,-0.1497,26.0,25.0,38.0,37.0,14.0,0.0,0.0,0.0,0.0,41.137,0.0,0.0118,0.0,0.0
17521.0,1.7415,0.0927,1.0,0.0799,1.2019,2.0544,1.0544,2.2875,1.2875,26.7796,2.0712,26.3633,2.0545,100.0,0.0,0.0,0.0,25.25,0.0,26.25,0.0,26.25,0.0,25.25,10.0,0.0,0.0096,52.4551,5.2455,2.0,6.0733,1.3134,0.1378,1.3787,0.1044,1.375,1.005e-05,1.0011,0.0001,2.0848,12.0,0.0739,1.002,0.1158,2.2855,0.0067,1.0495,0.0856,2.1542,0.0,0.0,0.0,-0.15,26.0,25.0,38.0,37.0,13.0,0.0,0.0,0.0,0.0,41.1373,0.0,0.0118,0.0,0.0
17522.0,1.7405,0.0926,1.0,0.08,1.2022,2.0546,1.0546,2.2879,1.2879,26.8222,2.0729,26.3549,2.0542,100.0,0.0,0.0,0.0,25.25,0.0,26.375,0.0,26.375,0.0,25.375,10.0,0.0,0.0101,52.455,5.2455,2.0,6.0161,1.3117,0.093,1.3738,0.0915,1.3736,1.005e-05,1.0011,0.0001,2.089,12.0,0.0752,1.002,0.1028,2.2339,0.0068,1.0537,0.0798,2.1237,0.0,0.0,0.0,-0.1497,26.0,25.0,38.0,37.0,13.0,0.0,0.0,0.0,0.0,41.1365,0.0,0.0123,0.0,0.0
17523.0,1.7394,0.0924,1.0,0.0798,1.2018,2.055,1.055,2.2878,1.2878,26.7385,2.0695,26.3363,2.0535,100.0,0.0,0.0,0.0,25.125,0.0,26.25,0.0,26.375,0.0,25.375,10.0,0.0,0.0104,52.4549,5.2455,2.0,5.9558,1.31,0.101,1.3747,0.1012,1.3747,1.005e-05,1.0011,0.0001,2.0897,12.0,0.0741,1.002,0.1025,2.2327,0.0059,0.9936,0.0782,2.1151,0.0,0.0,0.0,-0.1502,26.0,25.0,38.0,37.0,14.0,0.0,0.0,0.0,0.0,41.1366,0.0,0.0121,0.0,0.0
17524.0,1.7398,0.0925,1.0,0.0798,1.2017,2.0543,1.0543,2.288,1.288,26.6072,2.0643,26.3249,2.053,100.0,0.0,0.0,0.0,25.125,0.0,26.25,0.0,26.375,0.0,25.25,10.0,0.0,0.0101,52.4547,5.2455,2.0,6.0514,1.3127,0.096,1.3741,0.0893,1.3734,1.005e-05,1.0011,0.0001,2.0891,12.0,0.0717,1.0019,0.1024,2.232,0.0061,1.0089,0.0687,2.0585,0.0,0.0,0.0,-0.1497,26.0,25.0,38.0,37.0,13.0,0.0,0.0,0.0,0.0,41.1371,0.0,0.0118,0.0,0.0
17525.0,1.7394,0.0924,1.0,0.0799,1.202,2.0545,1.0545,2.2874,1.2874,26.579,2.0632,26.3384,2.0535,100.0,0.0,0.0,0.0,25.25,0.0,26.25,0.0,26.25,0.0,25.375,10.0,0.0,0.0097,52.4547,5.2455,2.0,5.9489,1.3098,0.0205,1.3659,0.0917,1.3736,1.005e-05,1.0011,0.0001,2.091,12.0,0.0717,1.0019,0.1004,2.2238,0.0055,0.9641,0.0865,2.1588,0.0,0.0,0.0,-0.1496,25.0,25.0,38.0,37.0,14.0,0.0,0.0,0.0,0.0,41.1365,0.0,0.0118,0.0,0.0
17526.0,1.7394,0.0924,1.0,0.0799,1.202,2.054,1.054,2.2874,1.2874,26.7458,2.0698,26.3615,2.0545,100.0,0.0,0.0,0.0,25.25,0.0,26.25,0.0,26.375,0.0,25.25,10.0,0.0,0.01,52.4548,5.2455,2.0,5.799,1.3053,-0.0329,1.36,0.1009,1.3746,1.005e-05,1.0011,0.0001,2.0846,12.0,0.0732,1.002,0.0879,2.166,0.0065,1.038,0.0735,2.088,0.0,0.0,0.0,-0.1493,25.0,25.0,38.0,37.0,15.0,0.0,0.0,0.0,0.0,41.137,0.0,0.0121,0.0,0.0
17527.0,1.7388,0.0923,1.0,0.0798,1.2018,2.0543,1.0543,2.2879,1.2879,26.8127,2.0725,26.3468,2.0539,100.0,0.0,0.0,0.0,25.25,0.0,26.25,0.0,26.375,0.0,25.375,10.0,0.0,0.0099,52.4545,5.2454,2.0,5.7994,1.3054,-0.019,1.3616,0.0876,1.3732,1.004e-05,1.001,0.0001,2.0893,12.0,0.0709,1.0019,0.0936,2.1931,0.0064,1.0279,0.0676,2.0516,0.0,0.0,0.0,-0.1497,25.0,25.0,38.0,37.0,15.0,0.0,0.0,0.0,0.0,41.1366,0.0,0.012,0.0,0.0
17528.0,1.7377,0.0922,1.0,0.0798,1.2018,2.0546,1.0546,2.2877,1.2877,26.7504,2.07,26.3394,2.0536,100.0,0.0,0.0,0.0,25.125,0.0,26.375,0.0,26.25,0.0,25.25,10.0,0.0,0.0102,52.4545,5.2455,2.0,6.0619,1.313,0.1644,1.3816,0.0899,1.3734,1.005e-05,1.0011,0.0001,2.0874,12.0,0.0693,1.0018,0.0839,2.1457,0.0061,1.0084,0.0758,2.1013,0.0,0.0,0.0,-0.1497,25.0,25.0,38.0,37.0,14.0,0.0,0.0,0.0,0.0,41.1369,0.0,0.0118,0.0,0.0
17529.0,1.7372,0.0921,1.0,0.0798,1.2017,2.0547,1.0547,2.2877,1.2877,26.628,2.0651,26.3349,2.0534,100.0,0.0,0.0,0.0,25.25,0.0,26.375,0.0,26.375,0.0,25.375,10.0,0.0,0.0097,52.4545,5.2454,2.0,6.0725,1.3133,0.1367,1.3786,0.0972,1.3742,1.005e-05,1.0012,0.0001,2.0881,12.0,0.0748,1.002,0.0793,2.1213,0.0063,1.0202,0.0686,2.0584,0.0,0.0,0.0,-0.1497,26.0,25.0,38.0,37.0,13.0,0.0,0.0,0.0,0.0,41.1368,0.0,0.0122,0.0,0.0
17530.0,1.7365,0.0921,1.0,0.0798,1.2017,2.0545,1.0545,2.2874,1.2874,26.5814,2.0633,26.3459,2.0538,100.0,0.0,0.0,0.0,25.25,0.0,26.25,0.0,26.375,0.0,25.25,10.0,0.0,0.0099,52.4546,5.2455,2.0,6.1542,1.3157,0.1991,1.3854,0.082,1.3726,1.005e-05,1.0012,0.0001,2.0896,12.0,0.0748,1.002,0.0719,2.0787,0.0061,1.0046,0.0638,2.0263,0.0,0.0,0.0,-0.1494,26.0,25.0,38.0,37.0,14.0,0.0,0.0,0.0,0.0,41.1366,0.0,0.0119,0.0,0.0
17531.0,1.7393,0.0924,1.0,0.0798,1.2018,2.054,1.054,2.2874,1.2874,26.7215,2.0689,26.3515,2.0541,100.0,0.0,0.0,0.0,25.25,0.0,26.375,0.0,26.5,0.0,25.375,10.0,0.0,0.0097,52.4548,5.2455,2.0,6.1903,1.3167,0.161,1.3812,0.0911,1.3736,1.005e-05,1.0012,0.0001,2.084,12.0,0.0714,1.0019,0.1454,2.3845,0.006,0.9966,0.072,2.0792,0.0,0.0,0.0,-0.1495,26.0,25.0,38.0,37.0,13.0,0.0,0.0,0.0,0.0,41.1367,0.0,0.0121,0.0,0.0
17532.0,1.7393,0.0924,1.0,0.0797,1.2014,2.0542,1.0542,2.2879,1.2879,26.8134,2.0725,26.3362,2.0534,100.0,0.0,0.0,0.0,25.25,0.0,26.25,0.0,26.375,0.0,25.375,10.0,0.0,0.0094,52.4544,5.2455,2.0,6.1314,1.315,0.1847,1.3838,0.0929,1.3738,1.005e-05,1.0011,0.0001,2.0885,12.0,0.0723,1.0019,0.1681,2.4475,0.0061,1.0095,0.0803,2.1264,0.0,0.0,0.0,-0.1494,26.0,25.0,38.0,37.0,15.0,0.0,0.0,0.0,0.0,41.1367,0.0,0.0123,0.0,0.0
17533.0,1.7403,0.0925,1.0,0.0797,1.2014,2.0545,1.0545,2.2878,1.2878,26.7637,2.0705,26.3373,2.0535,100.0,0.0,0.0,0.0,25.25,0.0,26.5,0.0,26.25,0.0,25.25,10.0,0.0,0.0095,52.4544,5.2454,2.0,6.2254,1.3177,0.2182,1.3874,0.0829,1.3727,1.005e-05,1.0011,0.0001,2.0886,12.0,0.0715,1.0019,0.1891,2.4986,0.0061,1.007,0.0795,2.1222,0.0,0.0,0.0,-0.1497,26.0,25.0,38.0,37.0,13.0,0.0,0.0,0.0,0.0,41.1365,0.0,0.0122,0.0,0.0
17534.0,1.7404,0.0926,1.0,0.0799,1.2019,2.0546,1.0546,2.2877,1.2877,26.6468,2.0659,26.3345,2.0534,100.0,0.0,0.0,0.0,25.125,0.0,26.25,0.0,26.375,0.0,25.375,10.0,0.0,0.0104,52.4542,5.2454,2.0,6.1824,1.3165,0.172,1.3824,0.0926,1.3737,1.005e-05,1.0011,0.0001,2.0907,12.0,0.0727,1.0019,0.2093,2.5426,0.0069,1.0613,0.0774,2.1105,0.0,0.0,0.0,-0.1497,26.0,25.0,38.0,37.0,15.0,0.0,0.0,0.0,0.0,41.1367,0.0,0.0121,0.0,0.0
17535.0,1.7405,0.0926,1.0,0.0798,1.2017,2.0547,1.0547,2.2875,1.2875,26.5668,2.0627,26.3395,2.0536,100.0,0.0,0.0,0.0,25.25,0.0,26.25,0.0,26.375,0.0,25.25,10.0,0.0,0.0103,52.4542,5.2454,2.0,6.1931,1.3168,0.2288,1.3886,0.0796,1.3723,1.005e-05,1.0011,0.0001,2.0911,12.0,0.0716,1.0019,0.168,2.4472,0.0058,0.9836,0.0789,2.1191,0.0,0.0,0.0,-0.1497,26.0,25.0,38.0,37.0,14.0,0.0,0.0,0.0,0.0,41.1364,0.0,0.0126,0.0,0.0
17536.0,1.741,0.0926,1.0,0.0798,1.2017,2.0541,1.0541,2.2874,1.2874,26.6788,2.0672,26.3575,2.0543,100.0,0.0,0.0,0.0,25.25,0.0,26.375,0.0,26.375,0.0,25.375,10.0,0.0,0.0096,52.4541,5.2454,2.0,6.348,1.3211,0.2598,1.392,0.0828,1.3727,1.004e-05,1.001,0.0001,2.0907,12.0,0.07,1.0019,0.1831,2.4847,0.0061,1.0053,0.0673,2.0497,0.0,0.0,0.0,-0.1495,26.0,25.0,38.0,38.0,15.0,0.0,0.0,0.0,0.0,41.1367,0.0,0.0119,0.0,0.0
17537.0,1.7405,0.0926,1.0,0.0798,1.2017,2.0541,1.0541,2.2877,1.2877,26.8279,2.0731,26.3466,2.0539,100.0,0.0,0.0,0.0,25.25,0.0,26.375,0.0,26.375,0.0,25.25,10.0,0.0,0.0102,52.454,5.2454,2.0,6.2921,1.3195,0.2012,1.3856,0.0877,1.3732,1.005e-05,1.001,0.0001,2.0888,12.0,0.0696,1.0019,0.1582,2.4212,0.0067,1.0461,0.0802,2.1261,0.0,0.0,0.0,-0.1495,25.0,25.0,38.0,38.0,13.0,0.0,0.0,0.0,0.0,41.1367,0.0,0.0116,0.0,0.0
17538.0,1.7409,0.0926,1.0,0.0796,1.2013,2.0545,1.0545,2.2878,1.2878,26.7762,2.071,26.3401,2.0536,100.0,0.0,0.0,0.0,25.125,0.0,26.25,0.0,26.25,0.0,25.25,10.0,0.0,0.01,52.4541,5.2454,2.0,6.2607,1.3187,0.1829,1.3836,0.0759,1.3719,1.004e-05,1.001,0.0001,2.0858,12.0,0.0681,1.0018,0.1482,2.3927,0.0062,1.0136,0.0829,2.1407,0.0,0.0,0.0,-0.1501,25.0,25.0,38.0,38.0,15.0,0.0,0.0,0.0,0.0,41.1365,0.0,0.0119,0.0,0.0
17539.0,1.7415,0.0927,1.0,0.08,1.2021,2.0547,1.0547,2.2878,1.2878,26.68,2.0672,26.3362,2.0534,100.0,0.0,0.0,0.0,25.25,0.0,26.25,0.0,26.25,0.0,25.25,10.0,0.0,0.0098,52.4541,5.2454,2.0,6.1646,1.316,0.0917,1.3736,0.0812,1.3725,1.004e-05,1.001,0.0001,2.0931,12.0,0.0668,1.0018,0.1495,2.3966,0.006,1.0,0.0787,2.1181,0.0,0.0,0.0,-0.1497,25.0,25.0,38.0,38.0,13.0,0.0,0.0,0.0,0.0,41.1364,0.0,0.012,0.0,0.0
17540.0,1.7415,0.0927,1.0,0.0799,1.2019,2.0547,1.0547,2.2876,1.2876,26.5707,2.0628,26.3383,2.0535,100.0,0.0,0.0,0.0,25.125,0.0,26.375,0.0,26.25,0.0,25.375,10.0,0.0,0.0102,52.4543,5.2454,2.0,6.0275,1.3121,0.007,1.3644,0.0892,1.3734,1.005e-05,1.0012,0.0001,2.089,12.0,0.0747,1.002,0.1388,2.3642,0.0059,0.9892,0.0729,2.0845,0.0,0.0,0.0,-0.1496,25.0,25.0,38.0,37.0,15.0,0.0,0.0,0.0,0.0,41.1366,0.0,0.0119,0.0,0.0
17541.0,1.7415,0.0927,1.0,0.0799,1.2019,2.0545,1.0545,2.2871,1.2871,26.6621,2.0665,26.358,2.0543,100.0,0.0,0.0,0.0,25.125,0.0,26.375,0.0,26.375,0.0,25.375,10.0,0.0,0.0097,52.4545,5.2454,2.0,6.0347,1.3123,0.046,1.3687,0.0752,1.3718,1.005e-05,1.0011,0.0001,2.0936,12.0,0.0763,1.002,0.1199,2.3005,0.0064,1.0266,0.059,1.9924,0.0,0.0,0.0,-0.1495,26.0,25.0,38.0,37.0,13.0,0.0,0.0,0.0,0.0,41.1373,0.0,0.0122,0.0,0.0
17542.0,1.7415,0.0927,1.0,0.0797,1.2016,2.0544,1.0544,2.2873,1.2873,26.8153,2.0726,26.3611,2.0544,100.0,0.0,0.0,0.0,25.25,0.0,26.25,0.0,26.375,0.0,25.375,10.0,0.0,0.0095,52.4541,5.2454,2.0,6.0844,1.3137,0.0761,1.3719,0.0793,1.3723,1.005e-05,1.0011,0.0001,2.0921,12.0,0.0724,1.0019,0.1093,2.2606,0.0054,0.951,0.0698,2.0654,0.0,0.0,0.0,-0.1496,26.0,25.0,38.0,37.0,15.0,0.0,0.0,0.0,0.0,41.1371,0.0,0.0123,0.0,0.0
17543.0,1.7412,0.0926,1.0,0.08,1.2022,2.0549,1.0549,2.2878,1.2878,26.7791,2.0712,26.3406,2.0536,100.0,0.0,0.0,0.0,25.25,0.0,26.5,0.0,26.375,0.0,25.375,10.0,0.0,0.0098,52.4539,5.2454,2.0,6.0145,1.3117,-0.0064,1.3629,0.0882,1.3733,1.005e-05,1.0011,0.0001,2.0913,12.0,0.0714,1.0019,0.1133,2.2761,0.006,1.003,0.0618,2.0132,0.0,0.0,0.0,-0.1497,26.0,25.0,38.0,37.0,14.0,0.0,0.0,0.0,0.0,41.1367,0.0,0.0121,0.0,0.0
17544.0,1.7397,0.0925,1.0,0.0799,1.2021,2.0547,1.0547,2.2878,1.2878,26.7048,2.0682,26.3367,2.0535,100.0,0.0,0.0,0.0,25.25,0.0,26.25,0.0,26.375,0.0,25.25,10.0,0.0,0.0104,52.4538,5.2453,2.0,5.9991,1.3112,0.0073,1.3644,0.0747,1.3718,1.005e-05,1.0011,0.0001,2.0947,12.0,0.0713,1.0019,0.1081,2.2557,0.0064,1.0263,0.0756,2.1001,0.0,0.0,0.0,-0.1498,26.0,25.0,38.0,37.0,13.0,0.0,0.0,0.0,0.0,41.1362,0.0,0.0119,0.0,0.0
17545.0,1.7394,0.0924,1.0,0.0797,1.2015,2.055,1.055,2.2872,1.2872,26.5791,2.0632,26.3407,2.0536,100.0,0.0,0.0,0.0,25.125,0.0,26.375,0.0,26.375,0.0,25.25,10.0,0.0,0.0098,52.4538,5.2454,2.0,5.9322,1.3093,-0.0011,1.3635,0.0847,1.3729,1.005e-05,1.0011,0.0001,2.0891,12.0,0.0703,1.0019,0.1281,2.3295,0.006,1.0025,0.0708,2.0719,0.0,0.0,0.0,-0.1496,26.0,25.0,38.0,37.0,13.0,0.0,0.0,0.0,0.0,41.1368,0.0,0.0121,0.0,0.0
17546.0,1.7394,0.0924,1.0,0.0798,1.2017,2.0546,1.0546,2.287,1.287,26.6261,2.065,26.3611,2.0544,100.0,0.0,0.0,0.0,25.125,0.0,26.375,0.0,26.375,0.0,25.375,10.0,0.0,0.0103,52.4542,5.2454,2.0,5.9689,1.3104,-0.0448,1.3587,0.0703,1.3713,1.005e-05,1.001,0.0001,2.0913,12.0,0.0707,1.0019,0.1131,2.2754,0.0054,0.9547,0.0705,2.07,0.0,0.0,0.0,-0.1498,26.0,25.0,38.0,37.0,15.0,0.0,0.0,0.0,0.0,41.1367,0.0,0.0122,0.0,0.0
17547.0,1.739,0.0924,1.0,0.0798,1.2018,2.0544,1.0544,2.2875,1.2875,26.7959,2.0718,26.3599,2.0544,100.0,0.0,0.0,0.0,25.25,0.0,26.375,0.0,26.375,0.0,25.25,10.0,0.0,0.0099,52.4538,5.2454,2.0,5.8106,1.3057,-0.1244,1.3501,0.0741,1.3717,1.005e-05,1.0011,0.0001,2.0914,12.0,0.0698,1.0019,0.0829,2.1402,0.0064,1.0252,0.0622,2.016,0.0,0.0,0.0,-0.1498,26.0,25.0,38.0,37.0,16.0,0.0,0.0,0.0,0.0,41.136,0.0,0.0121,0.0,0.0
17548.0,1.7386,0.0923,1.0,0.0797,1.2015,2.0545,1.0545,2.2879,1.2879,26.7998,2.072,26.3389,2.0536,100.0,0.0,0.0,0.0,25.25,0.0,26.25,0.0,26.375,0.0,25.25,10.0,0.0,0.0099,52.4539,5.2454,2.0,5.7113,1.3027,-0.1364,1.3488,0.0807,1.3724,1.004e-05,1.001,0.0001,2.093,12.0,0.0676,1.0018,0.1718,2.4568,0.0061,1.0064,0.0755,2.0998,0.0,0.0,0.0,-0.1499,26.0,25.0,38.0,37.0,15.0,0.0,0.0,0.0,0.0,41.1365,0.0,0.0119,0.0,0.0
17549.0,1.7394,0.0924,1.0,0.0799,1.202,2.0546,1.0546,2.2879,1.2879,26.7048,2.0682,26.3254,2.053,100.0,0.0,0.0,0.0,25.25,0.0,26.25,0.0,26.375,0.0,25.375,10.0,0.0,0.0101,52.4538,5.2454,2.0,5.8337,1.3064,-0.1082,1.3518,0.071,1.3714,1.004e-05,1.001,0.0001,2.0914,12.0,0.0674,1.0018,0.1495,2.3966,0.0049,0.9155,0.0747,2.0951,0.0,0.0,0.0,-0.1494,26.0,25.0,38.0,37.0,14.0,0.0,0.0,0.0,0.0,41.1363,0.0,0.0117,0.0,0.0
17550.0,1.7394,0.0924,1.0,0.0799,1.2019,2.0546,1.0546,2.2877,1.2877,26.5871,2.0635,26.3226,2.0529,100.0,0.0,0.0,0.0,25.125,0.0,26.25,0.0,26.375,0.0,25.25,10.0,0.0,0.01,52.4539,5.2454,2.0,5.7508,1.3039,-0.1429,1.348,0.0745,1.3718,1.004e-05,1.0009,0.0001,2.0879,12.0,0.0659,1.0018,0.1489,2.3948,0.0068,1.0527,0.0694,2.0631,0.0,0.0,0.0,-0.1497,25.0,25.0,38.0,37.0,14.0,0.0,0.0,0.0,0.0,41.1368,0.0,0.012,0.0,0.0
17551.0,1.5534,0.0692,1.0,0.0798,1.2017,2.0543,1.0543,2.2875,1.2875,26.6019,2.0641,26.3512,2.054,100.0,0.0,0.0,0.0,25.25,0.0,26.375,0.0,26.25,0.0,25.25,10.0,0.0,0.0101,52.4535,5.2454,2.0,5.6575,1.301,-0.179,1.3441,0.0818,1.3726,1.005e-05,1.0011,0.0001,2.0942,12.0,0.0732,1.002,0.1439,2.3798,0.0052,0.9359,0.0613,2.0093,0.0,0.0,0.0,-0.1496,25.0,25.0,38.0,37.0,14.0,0.0,0.0,0.0,0.0,41.1368,0.0,0.0124,0.0,0.0
17552.0,1.3872,0.0484,1.0,0.0797,1.2015,2.054,1.054,2.2875,1.2875,26.7752,2.071,26.3613,2.0545,100.0,0.0,0.0,0.0,25.25,0.0,26.375,0.0,26.5,0.0,25.375,10.0,0.0,0.0094,52.4537,5.2454,2.0,5.6327,1.3003,-0.2015,1.3417,0.0637,1.3706,1.005e-05,1.0012,0.0001,2.0891,12.0,0.0743,1.002,0.1322,2.3431,0.0057,0.9784,0.0716,2.0769,0.0,0.0,0.0,-0.1498,25.0,25.0,38.0,37.0,13.0,0.0,0.0,0.0,0.0,41.1366,0.0,0.0125,0.0,0.0
17553.0,1.305,0.0381,1.0,0.0798,1.2017,2.0544,1.0544,2.2879,1.2879,26.7962,2.0718,26.3433,2.0537,100.0,0.0,0.0,0.0,25.25,0.0,26.375,0.0,26.25,0.0,25.375,10.0,0.0,0.0107,52.4537,5.2454,2.0,5.6962,1.3022,-0.12,1.3505,0.071,1.3714,1.005e-05,1.0011,0.0001,2.0919,12.0,0.0726,1.0019,0.1193,2.2986,0.0065,1.0358,0.0866,2.1593,0.0,0.0,0.0,-0.1495,25.0,25.0,38.0,37.0,15.0,0.0,0.0,0.0,0.0,41.1369,0.0,0.0124,0.0,0.0
17554.0,1.4119,0.0515,1.0,0.0798,1.2016,2.0546,1.0546,2.2878,1.2878,26.728,2.0691,26.3374,2.0535,100.0,0.0,0.0,0.0,25.25,0.0,26.375,0.0,26.375,0.0,25.375,10.0,0.0,0.0103,52.4535,5.2453,2.0,5.7048,1.3025,-0.1508,1.3472,0.0802,1.3724,1.005e-05,1.0011,0.0001,2.0908,12.0,0.0733,1.002,0.105,2.2428,0.006,1.0016,0.0823,2.1372,0.0,0.0,0.0,-0.1498,26.0,25.0,38.0,37.0,13.0,0.0,0.0,0.0,0.0,41.1364,0.0,0.0121,0.0,0.0
17555.0,1.5481,0.0685,1.0,0.0796,1.2012,2.0547,1.0547,2.2876,1.2876,26.58,2.0632,26.3316,2.0533,100.0,0.0,0.0,0.0,25.125,0.0,26.375,0.0,26.375,0.0,25.375,10.0,0.0,0.01,52.4533,5.2454,2.0,5.6724,1.3015,-0.1631,1.3458,0.0634,1.3706,1.005e-05,1.0011,0.0001,2.0919,12.0,0.0694,1.0019,0.1068,2.2505,0.0061,1.0053,0.0956,2.2022,0.0,0.0,0.0,-0.1496,26.0,25.0,38.0,37.0,13.0,0.0,0.0,0.0,0.0,41.1368,0.0,0.012,0.0,0.0
17556.0,1.6217,0.0777,1.0,0.0797,1.2015,2.0543,1.0543,2.2875,1.2875,26.6096,2.0644,26.3518,2.0541,100.0,0.0,0.0,0.0,25.125,0.0,26.25,0.0,26.25,0.0,25.375,10.0,0.0,0.0099,52.4533,5.2453,2.0,5.6521,1.3009,-0.1732,1.3447,0.0732,1.3716,1.005e-05,1.0011,0.0001,2.0914,12.0,0.0712,1.0019,0.1032,2.2355,0.0058,0.9875,0.0867,2.1601,0.0,0.0,0.0,-0.1499,26.0,25.0,38.0,37.0,13.0,0.0,0.0,0.0,0.0,41.1366,0.0,0.0122,0.0,0.0
17557.0,1.6489,0.0811,1.0,0.0798,1.2018,2.054,1.054,2.2877,1.2877,26.7366,2.0695,26.363,2.0545,100.0,0.0,0.0,0.0,25.25,0.0,26.375,0.0,26.375,0.0,25.25,10.0,0.0,0.0094,52.4532,5.2453,2.0,5.562,1.2981,-0.2145,1.3402,0.0631,1.3705,1.005e-05,1.001,0.0001,2.0903,12.0,0.0697,1.0019,0.1129,2.2747,0.0064,1.0261,0.0901,2.1766,0.0,0.0,0.0,-0.1493,26.0,25.0,38.0,37.0,16.0,0.0,0.0,0.0,0.0,41.1364,0.0,0.012,0.0,0.0
17558.0,1.6819,0.0852,1.0,0.0797,1.2015,2.0541,1.0541,2.2882,1.2882,26.8261,2.073,26.3419,2.0537,100.0,0.0,0.0,0.0,25.25,0.0,26.375,0.0,26.375,0.0,25.375,10.0,0.0,0.0096,52.4534,5.2453,2.0,5.683,1.3018,-0.0978,1.353,0.0672,1.371,1.005e-05,1.0011,0.0001,2.092,12.0,0.0697,1.0019,0.0888,2.1703,0.0059,0.9961,0.0847,2.1499,0.0,0.0,0.0,-0.1495,26.0,25.0,38.0,37.0,13.0,0.0,0.0,0.0,0.0,41.1364,0.0,0.0121,0.0,0.0
17559.0,1.7036,0.088,1.0,0.0798,1.2018,2.0546,1.0546,2.2882,1.2882,26.7605,2.0704,26.3391,2.0536,100.0,0.0,0.0,0.0,25.25,0.0,26.375,0.0,26.375,0.0,25.25,10.0,0.0,0.0097,52.4532,5.2453,2.0,5.6902,1.3021,-0.0909,1.3537,0.0746,1.3718,1.004e-05,1.001,0.0001,2.0925,12.0,0.0684,1.0018,0.0892,2.1721,0.0062,1.0143,0.0792,2.1205,0.0,0.0,0.0,-0.1494,26.0,25.0,38.0,37.0,12.0,0.0,0.0,0.0,0.0,41.1364,0.0,0.0121,0.0,0.0
17560.0,1.7181,0.0898,1.0,0.0797,1.2015,2.0547,1.0547,2.2881,1.2881,26.6301,2.0652,26.3351,2.0534,100.0,0.0,0.0,0.0,25.25,0.0,26.375,0.0,26.25,0.0,25.375,10.0,0.0,0.0103,52.4534,5.2453,2.0,5.7611,1.3042,-0.0651,1.3565,0.0577,1.3699,1.005e-05,1.0011,0.0001,2.0919,12.0,0.0693,1.0018,0.1503,2.3987,0.0059,0.9937,0.0828,2.1401,0.0,0.0,0.0,-0.1494,26.0,25.0,38.0,37.0,15.0,0.0,0.0,0.0,0.0,41.1367,0.0,0.0123,0.0,0.0
17561.0,1.7257,0.0907,1.0,0.0799,1.2021,2.0546,1.0546,2.2879,1.2879,26.5696,2.0628,26.334,2.0534,100.0,0.0,0.0,0.0,25.25,0.0,26.375,0.0,26.375,0.0,25.375,10.0,0.0,0.0101,52.4535,5.2453,2.0,5.7492,1.3038,-0.0616,1.3569,0.0689,1.3711,1.004e-05,1.001,0.0001,2.094,12.0,0.068,1.0018,0.1482,2.3927,0.0055,0.9637,0.0785,2.1165,0.0,0.0,0.0,-0.1499,26.0,25.0,38.0,37.0,12.0,0.0,0.0,0.0,0.0,41.1365,0.0,0.0119,0.0,0.0
17562.0,1.7303,0.0913,1.0,0.0797,1.2014,2.054,1.054,2.2878,1.2878,26.7021,2.0681,26.3598,2.0544,100.0,0.0,0.0,0.0,25.375,0.0,26.25,0.0,26.25,0.0,25.375,10.0,0.0,0.0095,52.4534,5.2453,2.0,5.6744,1.3016,-0.1045,1.3522,0.0698,1.3713,1.005e-05,1.0012,0.0001,2.0883,12.0,0.0762,1.002,0.1249,2.3182,0.0051,0.9324,0.0772,2.1094,0.0,0.0,0.0,-0.1495,26.0,25.0,38.0,37.0,13.0,0.0,0.0,0.0,0.0,41.137,0.0,0.0123,0.0,0.0
17563.0,1.7325,0.0916,1.0,0.0798,1.2016,2.0541,1.0541,2.2881,1.2881,26.8181,2.0727,26.3395,2.0536,100.0,0.0,0.0,0.0,25.125,0.0,26.25,0.0,26.375,0.0,25.375,10.0,0.0,0.0103,52.4533,5.2453,2.0,5.6403,1.3005,-0.1406,1.3483,0.0583,1.37,1.005e-05,1.0011,0.0001,2.0947,12.0,0.0732,1.002,0.1922,2.5055,0.0057,0.9758,0.06,2.0001,0.0,0.0,0.0,-0.1495,26.0,25.0,38.0,37.0,14.0,0.0,0.0,0.0,0.0,41.1368,0.0,0.0119,0.0,0.0
17564.0,1.7354,0.0919,1.0,0.08,1.2022,2.0546,1.0546,2.2882,1.2882,26.76,2.0704,26.3301,2.0532,100.0,0.0,0.0,0.0,25.25,0.0,26.25,0.0,26.25,0.0,25.375,10.0,0.0,0.0099,52.4533,5.2454,2.0,5.6763,1.3016,-0.0624,1.3568,0.0709,1.3714,1.005e-05,1.0012,0.0001,2.0906,12.0,0.0754,1.002,0.1978,2.518,0.0066,1.0382,0.0626,2.0182,0.0,0.0,0.0,-0.1497,26.0,25.0,38.0,37.0,13.0,0.0,0.0,0.0,0.0,41.1368,0.0,0.0121,0.0,0.0
17565.0,1.7363,0.092,1.0,0.0798,1.2017,2.0543,1.0543,2.2881,1.2881,26.642,2.0657,26.3245,2.053,100.0,0.0,0.0,0.0,25.25,0.0,26.25,0.0,26.375,0.0,25.5,10.0,0.0,0.01,52.4534,5.2453,2.0,5.6891,1.302,-0.1192,1.3506,0.0684,1.3711,1.005e-05,1.0012,0.0001,2.091,12.0,0.0739,1.002,0.1846,2.4881,0.0059,0.9926,0.0723,2.0813,0.0,0.0,0.0,-0.1495,26.0,25.0,38.0,37.0,14.0,0.0,0.0,0.0,0.0,41.137,0.0,0.0119,0.0,0.0
17566.0,1.7358,0.092,1.0,0.08,1.2022,2.0545,1.0545,2.2879,1.2879,26.5684,2.0627,26.3354,2.0534,100.0,0.0,0.0,0.0,25.375,0.0,26.375,0.0,26.375,0.0,25.25,10.0,0.0,0.0106,52.4533,5.2453,2.0,5.5695,1.2983,-0.1708,1.345,0.0548,1.3696,1.005e-05,1.0012,0.0001,2.0882,12.0,0.0743,1.002,0.2506,2.6208,0.0062,1.0114,0.0752,2.0981,0.0,0.0,0.0,-0.15,26.0,25.0,38.0,37.0,13.0,0.0,0.0,0.0,0.0,41.1368,0.0,0.0123,0.0,0.0
17567.0,1.7354,0.0919,1.0,0.0798,1.2017,2.054,1.054,2.2882,1.2882,26.6936,2.0677,26.351,2.054,100.0,0.0,0.0,0.0,25.25,0.0,26.375,0.0,26.25,0.0,25.375,10.0,0.0,0.0106,52.4533,5.2453,2.0,5.5351,1.2973,-0.1341,1.349,0.068,1.3711,1.005e-05,1.0012,0.0001,2.0913,12.0,0.0722,1.0019,0.3126,2.7169,0.0061,1.0082,0.0692,2.062,0.0,0.0,0.0,-0.1498,26.0,25.0,38.0,37.0,13.0,0.0,0.0,0.0,0.0,41.1373,0.0,0.0118,0.0,0.0
17568.0,1.7363,0.092,1.0,0.0799,1.2019,2.0539,1.0539,2.2881,1.2881,26.81,2.0724,26.352,2.0541,100.0,0.0,0.0,0.0,25.125,0.0,26.25,0.0,26.375,0.0,25.25,10.0,0.0,0.0104,52.4532,5.2453,2.0,5.5761,1.2985,-0.1638,1.3458,0.0549,1.3696,1.005e-05,1.0011,0.0001,2.0931,12.0,0.0732,1.002,0.2642,2.6437,0.0053,0.9487,0.0684,2.0568,0.0,0.0,0.0,-0.1495,26.0,25.0,38.0,37.0,13.0,0.0,0.0,0.0,0.0,41.1367,0.0,0.0121,0.0,0.0
17569.0,1.7363,0.092,1.0,0.08,1.2022,2.0548,1.0548,2.2882,1.2882,26.7811,2.0712,26.3403,2.0536,100.0,0.0,0.0,0.0,25.25,0.0,26.25,0.0,26.375,0.0,25.25,10.0,0.0,0.0105,52.4531,5.2453,2.0,5.5216,1.2968,-0.2007,1.3417,0.0633,1.3705,1.005e-05,1.0011,0.0001,2.0906,12.0,0.0711,1.0019,0.3504,2.7664,0.0056,0.9671,0.0655,2.0382,0.0,0.0,0.0,-0.1496,26.0,25.0,38.0,38.0,14.0,0.0,0.0,0.0,0.0,41.1366,0.0,0.0122,0.0,0.0
17570.0,1.7363,0.092,1.0,0.08,1.2022,2.0547,1.0547,2.2882,1.2882,26.6748,2.067,26.334,2.0534,100.0,0.0,0.0,0.0,25.25,0.0,26.25,0.0,26.25,0.0,25.375,10.0,0.0,0.0103,52.4534,5.2453,2.0,5.3619,1.2917,-0.2936,1.3316,0.0671,1.371,1.005e-05,1.0011,0.0001,2.0927,12.0,0.0721,1.0019,0.3085,2.7112,0.0061,1.0042,0.0576,1.982,0.0,0.0,0.0,-0.1499,26.0,25.0,38.0,38.0,13.0,0.0,0.0,0.0,0.0,41.1367,0.0,0.0121,0.0,0.0
17571.0,1.7353,0.0919,1.0,0.0799,1.2021,2.055,1.055,2.288,1.288,26.562,2.0625,26.3356,2.0534,100.0,0.0,0.0,0.0,25.375,0.0,26.5,0.0,26.375,0.0,25.375,10.0,0.0,0.01,52.4532,5.2453,2.0,5.3158,1.2902,-0.273,1.3339,0.0512,1.3692,1.005e-05,1.0011,0.0001,2.0928,12.0,0.0715,1.0019,0.3019,2.7017,0.0062,1.0113,0.0619,2.0133,0.0,0.0,0.0,-0.1498,26.0,25.0,38.0,38.0,11.0,0.0,0.0,0.0,0.0,41.1362,0.0,0.0119,0.0,0.0
17572.0,1.7363,0.092,1.0,0.0797,1.2015,2.0542,1.0542,2.2879,1.2879,26.6447,2.0658,26.3569,2.0543,100.0,0.0,0.0,0.0,25.25,0.0,26.25,0.0,26.375,0.0,25.25,10.0,0.0,0.0107,52.4532,5.2453,2.0,5.3569,1.2916,-0.2628,1.335,0.0635,1.3706,1.005e-05,1.0011,0.0001,2.0926,12.0,0.0703,1.0019,0.292,2.6872,0.006,0.997,0.057,1.9779,0.0,0.0,0.0,-0.1499,26.0,25.0,38.0,38.0,13.0,0.0,0.0,0.0,0.0,41.1367,0.0,0.0122,0.0,0.0
17573.0,1.7363,0.092,1.0,0.0803,1.2031,2.054,1.054,2.288,1.288,26.7944,2.0718,26.3483,2.0539,100.0,0.0,0.0,0.0,25.25,0.0,26.5,0.0,26.25,0.0,25.25,10.0,0.0,0.0099,52.4535,5.2454,2.0,5.2598,1.2884,-0.3192,1.3288,0.0577,1.3699,1.005e-05,1.0012,0.0001,2.0946,12.0,0.0773,1.0021,0.2939,2.6901,0.0063,1.0219,0.0756,2.1003,0.0,0.0,0.0,-0.1497,26.0,25.0,38.0,38.0,14.0,0.0,0.0,0.0,0.0,41.1366,0.0,0.0123,0.0,0.0
17574.0,1.7362,0.092,1.0,0.08,1.2023,2.054,1.054,2.2887,1.2887,26.7803,2.0712,26.333,2.0533,100.0,0.0,0.0,0.0,25.25,0.0,26.375,0.0,26.25,0.0,25.125,10.0,0.0,0.01,52.4534,5.2453,2.0,5.2776,1.289,-0.2937,1.3316,0.0533,1.3695,1.005e-05,1.0012,0.0001,2.088,12.0,0.0751,1.002,0.2873,2.6802,0.0063,1.0185,0.0586,1.9895,0.0,0.0,0.0,-0.1495,26.0,25.0,38.0,37.0,13.0,0.0,0.0,0.0,0.0,41.1372,0.0,0.0121,0.0,0.0
17575.0,1.7362,0.092,1.0,0.0799,1.2021,2.0543,1.0543,2.2883,1.2883,26.6851,2.0674,26.3262,2.053,100.0,0.0,0.0,0.0,25.25,0.0,26.25,0.0,26.375,0.0,25.375,10.0,0.0,0.01,52.4532,5.2453,2.0,5.2597,1.2884,-0.2627,1.335,0.0635,1.3706,1.005e-05,1.0012,0.0001,2.0922,12.0,0.0774,1.0021,0.2067,2.5372,0.0064,1.0282,0.06,2.0,0.0,0.0,0.0,-0.1493,26.0,25.0,38.0,37.0,14.0,0.0,0.0,0.0,0.0,41.1373,0.0,0.0123,0.0,0.0
17576.0,1.7363,0.092,1.0,0.0799,1.2021,2.0542,1.0542,2.2879,1.2879,26.552,2.0621,26.3266,2.0531,100.0,0.0,0.0,0.0,25.25,0.0,26.25,0.0,26.25,0.0,25.375,10.0,0.0,0.0098,52.453,5.2453,2.0,5.2508,1.2881,-0.2335,1.3382,0.0684,1.3711,1.005e-05,1.0012,0.0001,2.0854,12.0,0.0758,1.002,0.2264,2.5767,0.0065,1.0369,0.0599,1.9989,0.0,0.0,0.0,-0.1495,26.0,25.0,38.0,37.0,13.0,0.0,0.0,0.0,0.0,41.1372,0.0,0.0123,0.0,0.0
17577.0,1.736,0.092,1.0,0.0799,1.202,2.0539,1.0539,2.2881,1.2881,26.6371,2.0655,26.3472,2.0539,100.0,0.0,0.0,0.0,25.25,0.0,26.375,0.0,26.25,0.0,25.25,10.0,0.0,0.0106,52.4529,5.2453,2.0,5.3532,1.2914,-0.1886,1.3431,0.0524,1.3693,1.005e-05,1.0012,0.0001,2.0927,12.0,0.0745,1.002,0.2713,2.6552,0.0049,0.9124,0.0619,2.0134,0.0,0.0,0.0,-0.1492,26.0,25.0,38.0,37.0,13.0,0.0,0.0,0.0,0.0,41.1365,0.0,0.0118,0.0,0.0
17578.0,1.7344,0.0918,1.0,0.0799,1.2021,2.054,1.054,2.2879,1.2879,26.7862,2.0714,26.352,2.0541,100.0,0.0,0.0,0.0,25.25,0.0,26.25,0.0,26.5,0.0,25.25,10.0,0.0,0.0103,52.4528,5.2452,2.0,5.4348,1.2941,-0.086,1.3543,0.0664,1.3709,1.005e-05,1.0012,0.0001,2.093,12.0,0.0759,1.002,0.2047,2.5329,0.0062,1.017,0.0575,1.9819,0.0,0.0,0.0,-0.1496,26.0,25.0,38.0,37.0,13.0,0.0,0.0,0.0,0.0,41.1366,0.0,0.0125,0.0,0.0
17579.0,1.7352,0.0919,1.0,0.0799,1.2021,2.0543,1.0543,2.2883,1.2883,26.8067,2.0723,26.3464,2.0539,100.0,0.0,0.0,0.0,25.125,0.0,26.25,0.0,26.25,0.0,25.25,10.0,0.0,0.0097,52.4528,5.2453,2.0,5.4387,1.2942,-0.1315,1.3493,0.0533,1.3695,1.005e-05,1.0012,0.0001,2.0882,12.0,0.0724,1.0019,0.2046,2.5329,0.0066,1.0386,0.0562,1.9714,0.0,0.0,0.0,-0.1498,26.0,25.0,38.0,37.0,14.0,0.0,0.0,0.0,0.0,41.1369,0.0,0.0123,0.0,0.0
17580.0,1.7353,0.0919,1.0,0.0799,1.2019,2.0546,1.0546,2.2882,1.2882,26.7123,2.0685,26.3367,2.0535,100.0,0.0,0.0,0.0,25.25,0.0,26.25,0.0,26.375,0.0,25.375,10.0,0.0,0.0104,52.4528,5.2453,2.0,5.4741,1.2953,-0.11,1.3516,0.0575,1.3699,1.005e-05,1.0012,0.0001,2.0936,12.0,0.0742,1.002,0.1773,2.4706,0.0054,0.9528,0.0707,2.0716,0.0,0.0,0.0,-0.1495,26.0,25.0,38.0,37.0,13.0,0.0,0.0,0.0,0.0,41.1363,0.0,0.0123,0.0,0.0
17581.0,1.736,0.092,1.0,0.0799,1.202,2.0546,1.0546,2.288,1.288,26.6009,2.064,26.3237,2.0529,100.0,0.0,0.0,0.0,25.25,0.0,26.25,0.0,26.375,0.0,25.375,10.0,0.0,0.0101,52.4528,5.2453,2.0,5.4361,1.2941,-0.1058,1.3521,0.0658,1.3708,1.005e-05,1.0011,0.0001,2.0908,12.0,0.0744,1.002,0.2132,2.5506,0.0062,1.0108,0.0636,2.0256,0.0,0.0,0.0,-0.1498,26.0,25.0,38.0,37.0,14.0,0.0,0.0,0.0,0.0,41.1372,0.0,0.0123,0.0,0.0
17582.0,1.7363,0.092,1.0,0.0797,1.2015,2.0544,1.0544,2.2878,1.2878,26.5975,2.0639,26.3411,2.0536,100.0,0.0,0.0,0.0,25.25,0.0,26.5,0.0,26.375,0.0,25.375,10.0,0.0,0.0108,52.4524,5.2453,2.0,5.5134,1.2966,-0.0611,1.357,0.0508,1.3692,1.005e-05,1.0011,0.0001,2.0896,12.0,0.072,1.0019,0.2345,2.592,0.0065,1.0322,0.0651,2.0353,0.0,0.0,0.0,-0.1497,26.0,25.0,38.0,37.0,13.0,0.0,0.0,0.0,0.0,41.1372,0.0,0.0119,0.0,0.0
17583.0,1.7363,0.092,1.0,0.0799,1.202,2.054,1.054,2.2878,1.2878,26.7595,2.0704,26.3515,2.0541,100.0,0.0,0.0,0.0,25.25,0.0,26.25,0.0,26.375,0.0,25.25,10.0,0.0,0.0098,52.4528,5.2453,2.0,5.4829,1.2956,-0.0688,1.3561,0.0573,1.3699,1.004e-05,1.001,0.0001,2.0915,12.0,0.0673,1.0018,0.2481,2.6164,0.006,0.9996,0.0567,1.9751,0.0,0.0,0.0,-0.1496,26.0,25.0,38.0,37.0,15.0,0.0,0.0,0.0,0.0,41.1372,0.0,0.0121,0.0,0.0
17584.0,1.7363,0.092,1.0,0.0798,1.2018,2.0543,1.0543,2.2884,1.2884,26.8112,2.0724,26.3368,2.0535,100.0,0.0,0.0,0.0,25.25,0.0,26.375,0.0,26.375,0.0,25.25,10.0,0.0,0.0099,52.4526,5.2453,2.0,5.5242,1.2969,-0.0215,1.3613,0.065,1.3707,1.005e-05,1.0012,0.0001,2.0852,12.0,0.0767,1.002,0.2118,2.5477,0.0063,1.0209,0.0559,1.9696,0.0,0.0,0.0,-0.1497,26.0,25.0,38.0,37.0,14.0,0.0,0.0,0.0,0.0,41.1368,0.0,0.0122,0.0,0.0
17585.0,1.7363,0.092,1.0,0.0799,1.2021,2.0547,1.0547,2.2882,1.2882,26.7234,2.0689,26.3383,2.0535,100.0,0.0,0.0,0.0,25.125,0.0,26.25,0.0,26.375,0.0,25.375,10.0,0.0,0.0098,52.4526,5.2453,2.0,5.6329,1.3003,0.0324,1.3672,0.0507,1.3692,1.005e-05,1.0011,0.0001,2.0923,12.0,0.0726,1.0019,0.2261,2.5762,0.0064,1.0264,0.049,1.9124,0.0,0.0,0.0,-0.1495,26.0,25.0,38.0,37.0,14.0,0.0,0.0,0.0,0.0,41.1368,0.0,0.0126,0.0,0.0
17586.0,1.7362,0.092,1.0,0.0798,1.2016,2.0546,1.0546,2.2881,1.2881,26.6015,2.0641,26.3259,2.053,100.0,0.0,0.0,0.0,25.125,0.0,26.375,0.0,26.375,0.0,25.375,10.0,0.0,0.0105,52.4528,5.2453,2.0,5.6086,1.2995,-0.0334,1.36,0.0593,1.3701,1.005e-05,1.0012,0.0001,2.0874,12.0,0.0723,1.0019,0.1969,2.5161,0.0058,0.9861,0.0512,1.931,0.0,0.0,0.0,-0.1498,26.0,25.0,38.0,37.0,13.0,0.0,0.0,0.0,0.0,41.1366,0.0,0.0124,0.0,0.0
17587.0,1.7363,0.092,1.0,0.0798,1.2018,2.0539,1.0539,2.2883,1.2883,26.6088,2.0644,26.3347,2.0534,100.0,0.0,0.0,0.0,25.25,0.0,26.5,0.0,26.375,0.0,25.25,10.0,0.0,0.0104,52.4526,5.2453,2.0,5.4183,1.2935,-0.118,1.3508,0.0639,1.3706,1.004e-05,1.001,0.0001,2.0903,12.0,0.0713,1.0019,0.2486,2.6174,0.0061,1.0054,0.0481,1.9039,0.0,0.0,0.0,-0.1499,25.0,25.0,38.0,37.0,13.0,0.0,0.0,0.0,0.0,41.1367,0.0,0.0119,0.0,0.0
17588.0,1.7363,0.092,1.0,0.08,1.2021,2.0536,1.0536,2.2882,1.2882,26.7295,2.0692,26.3427,2.0537,100.0,0.0,0.0,0.0,25.125,0.0,26.375,0.0,26.375,0.0,25.375,10.0,0.0,0.0098,52.4526,5.2453,2.0,5.4017,1.293,-0.0875,1.3541,0.0492,1.369,1.005e-05,1.0011,0.0001,2.0902,12.0,0.0708,1.0019,0.2497,2.6192,0.0063,1.021,0.0645,2.0315,0.0,0.0,0.0,-0.1493,25.0,25.0,38.0,37.0,14.0,0.0,0.0,0.0,0.0,41.1363,0.0,0.0122,0.0,0.0
17589.0,1.7355,0.0919,1.0,0.0797,1.2014,2.0537,1.0537,2.2886,1.2886,26.8183,2.0727,26.3381,2.0535,100.0,0.0,0.0,0.0,25.125,0.0,26.375,0.0,26.375,0.0,25.375,10.0,0.0,0.0107,52.4526,5.2452,2.0,5.5334,1.2972,0.0109,1.3648,0.06,1.3702,1.004e-05,1.001,0.0001,2.0856,12.0,0.0677,1.0018,0.2064,2.5365,0.0063,1.0246,0.0593,1.9952,0.0,0.0,0.0,-0.1497,25.0,25.0,38.0,37.0,13.0,0.0,0.0,0.0,0.0,41.1372,0.0,0.012,0.0,0.0
17590.0,1.7353,0.0919,1.0,0.0798,1.2017,2.0542,1.0542,2.2886,1.2886,26.7457,2.0698,26.3194,2.0528,100.0,0.0,0.0,0.0,25.25,0.0,26.25,0.0,26.25,0.0,25.375,10.0,0.0,0.01,52.4527,5.2453,2.0,5.625,1.3001,0.0539,1.3695,0.0608,1.3703,1.004e-05,1.001,0.0001,2.091,12.0,0.0666,1.0018,0.2209,2.5661,0.0056,0.9688,0.061,2.007,0.0,0.0,0.0,-0.1495,25.0,25.0,38.0,37.0,13.0,0.0,0.0,0.0,0.0,41.1374,0.0,0.0123,0.0,0.0
17591.0,1.735,0.0919,1.0,0.0797,1.2015,2.0542,1.0542,2.2885,1.2885,26.6279,2.0651,26.3253,2.053,100.0,0.0,0.0,0.0,25.25,0.0,26.25,0.0,26.25,0.0,25.375,10.0,0.0,0.0097,52.4524,5.2452,2.0,5.6941,1.3022,0.072,1.3715,0.0504,1.3691,1.004e-05,1.001,0.0001,2.0882,12.0,0.0667,1.0018,0.2033,2.53,0.0064,1.0285,0.0552,1.9638,0.0,0.0,0.0,-0.1496,26.0,25.0,38.0,37.0,16.0,0.0,0.0,0.0,0.0,41.1369,0.0,0.0118,0.0,0.0
17592.0,1.7342,0.0918,1.0,0.0796,1.2013,2.0541,1.0541,2.2882,1.2882,26.5648,2.0626,26.3369,2.0535,100.0,0.0,0.0,0.0,25.25,0.0,26.25,0.0,26.25,0.0,25.25,10.0,0.0,0.01,52.4523,5.2453,2.0,5.7237,1.3031,0.1964,1.3851,0.0577,1.3699,1.004e-05,1.001,0.0001,2.0915,12.0,0.0669,1.0018,0.198,2.5185,0.0059,0.9916,0.0495,1.9162,0.0,0.0,0.0,-0.1497,26.0,25.0,38.0,37.0,14.0,0.0,0.0,0.0,0.0,41.1365,0.0,0.0122,0.0,0.0
17593.0,1.7343,0.0918,1.0,0.0796,1.2011,2.0536,1.0536,2.2882,1.2882,26.7417,2.0697,26.3523,2.0541,100.0,0.0,0.0,0.0,25.125,0.0,26.25,0.0,26.25,0.0,25.375,10.0,0.0,0.0102,52.4526,5.2453,2.0,5.928,1.3092,0.256,1.3916,0.0592,1.3701,1.004e-05,1.0009,0.0001,2.0847,12.0,0.0671,1.0018,0.1885,2.4971,0.0066,1.039,0.0489,1.911,0.0,0.0,0.0,-0.1492,26.0,25.0,38.0,37.0,14.0,0.0,0.0,0.0,0.0,41.1366,0.0,0.0122,0.0,0.0
17594.0,1.7353,0.0919,1.0,0.0798,1.2017,2.0537,1.0537,2.2886,1.2886,26.812,2.0725,26.3416,2.0537,100.0,0.0,0.0,0.0,25.25,0.0,26.25,0.0,26.375,0.0,25.375,10.0,0.0,0.0107,52.4524,5.2452,2.0,5.9797,1.3107,0.2678,1.3929,0.0514,1.3692,1.005e-05,1.0011,0.0001,2.0912,12.0,0.0717,1.0019,0.1793,2.4755,0.0057,0.9786,0.0441,1.8658,0.0,0.0,0.0,-0.1497,26.0,25.0,38.0,37.0,13.0,0.0,0.0,0.0,0.0,41.1372,0.0,0.0122,0.0,0.0
17595.0,1.7352,0.0919,1.0,0.0798,1.2018,2.0542,1.0542,2.2886,1.2886,26.7566,2.0703,26.3296,2.0532,100.0,0.0,0.0,0.0,25.125,0.0,26.25,0.0,26.25,0.0,25.25,10.0,0.0,0.0095,52.452,5.2452,2.0,5.9515,1.3099,0.238,1.3896,0.0611,1.3703,1.005e-05,1.001,0.0001,2.0917,12.0,0.0693,1.0018,0.1698,2.4518,0.0061,1.0099,0.0472,1.8961,0.0,0.0,0.0,-0.1493,26.0,25.0,38.0,37.0,14.0,0.0,0.0,0.0,0.0,41.1373,0.0,0.0122,0.0,0.0
17596.0,1.7358,0.092,1.0,0.0796,1.2011,2.0543,1.0543,2.2886,1.2886,26.6459,2.0658,26.3258,2.053,100.0,0.0,0.0,0.0,25.25,0.0,26.25,0.0,26.25,0.0,25.375,10.0,0.0,0.0104,52.4522,5.2453,2.0,5.9687,1.3104,0.2155,1.3871,0.0474,1.3688,1.005e-05,1.0011,0.0001,2.0858,12.0,0.0684,1.0018,0.2169,2.5582,0.0063,1.0199,0.0447,1.8718,0.0,0.0,0.0,-0.1498,26.0,25.0,38.0,37.0,14.0,0.0,0.0,0.0,0.0,41.1374,0.0,0.0124,0.0,0.0
17597.0,1.7363,0.092,1.0,0.0799,1.2019,2.0545,1.0545,2.2883,1.2883,26.5623,2.0625,26.3343,2.0534,100.0,0.0,0.0,0.0,25.25,0.0,26.25,0.0,26.25,0.0,25.375,10.0,0.0,0.0101,52.4524,5.2452,2.0,5.9023,1.3084,0.1591,1.381,0.0506,1.3692,1.004e-05,1.001,0.0001,2.093,12.0,0.0679,1.0018,0.2118,2.5478,0.0057,0.9775,0.0517,1.9352,0.0,0.0,0.0,-0.1495,26.0,25.0,38.0,37.0,15.0,0.0,0.0,0.0,0.0,41.1372,0.0,0.0123,0.0,0.0
17598.0,1.7363,0.092,1.0,0.0797,1.2014,2.054,1.054,2.2882,1.2882,26.6976,2.0679,26.351,2.054,100.0,0.0,0.0,0.0,25.375,0.0,26.25,0.0,26.25,0.0,25.375,10.0,0.0,0.0102,52.4522,5.2452,2.0,5.7615,1.3042,0.0488,1.369,0.0578,1.3699,1.004e-05,1.001,0.0001,2.0862,12.0,0.066,1.0018,0.2243,2.5727,0.0062,1.016,0.0559,1.969,0.0,0.0,0.0,-0.1493,26.0,25.0,38.0,37.0,12.0,0.0,0.0,0.0,0.0,41.1368,0.0,0.0123,0.0,0.0
17599.0,1.7372,0.0921,1.0,0.0795,1.2009,2.0536,1.0536,2.2884,1.2884,26.8056,2.0722,26.3459,2.0538,100.0,0.0,0.0,0.0,25.125,0.0,26.375,0.0,26.375,0.0,25.375,10.0,0.0,0.0109,52.4523,5.2452,2.0,5.683,1.3018,-0.0008,1.3635,0.0439,1.3684,1.004e-05,1.001,0.0001,2.0924,12.0,0.0674,1.0018,0.2533,2.6255,0.0067,1.0455,0.0558,1.9681,0.0,0.0,0.0,-0.1495,25.0,25.0,38.0,37.0,14.0,0.0,0.0,0.0,0.0,41.137,0.0,0.0124,0.0,0.0
17600.0,1.7373,0.0922,1.0,0.0797,1.2014,2.0541,1.0541,2.2887,1.2887,26.7701,2.0708,26.3311,2.0532,100.0,0.0,0.0,0.0,25.125,0.0,26.375,0.0,26.375,0.0,25.375,10.0,0.0,0.01,52.4522,5.2452,2.0,5.6101,1.2996,-0.0082,1.3627,0.0536,1.3695,1.004e-05,1.0009,0.0001,2.0909,12.0,0.0665,1.0018,0.2198,2.5638,0.0056,0.9688,0.0537,1.952,0.0,0.0,0.0,-0.1496,25.0,25.0,38.0,37.0,14.0,0.0,0.0,0.0,0.0,41.1367,0.0,0.0122,0.0,0.0
17601.0,1.7373,0.0922,1.0,0.0798,1.2018,2.0542,1.0542,2.2886,1.2886,26.6722,2.0669,26.3181,2.0527,100.0,0.0,0.0,0.0,25.25,0.0,26.25,0.0,26.375,0.0,25.375,10.0,0.0,0.0106,52.4526,5.2452,2.0,5.6989,1.3023,0.0811,1.3725,0.0475,1.3688,1.004e-05,1.001,0.0001,2.0861,12.0,0.0668,1.0018,0.2074,2.5387,0.0063,1.0212,0.0521,1.9384,0.0,0.0,0.0,-0.1499,25.0,25.0,38.0,37.0,14.0,0.0,0.0,0.0,0.0,41.137,0.0,0.0122,0.0,0.0
17602.0,1.7374,0.0922,1.0,0.0799,1.202,2.054,1.054,2.2884,1.2884,26.5601,2.0624,26.3223,2.0529,100.0,0.0,0.0,0.0,25.25,0.0,26.25,0.0,26.375,0.0,25.25,10.0,0.0,0.0104,52.4525,5.2453,2.0,5.9467,1.3097,0.1989,1.3853,0.0399,1.368,1.004e-05,1.001,0.0001,2.0898,12.0,0.065,1.0017,0.2268,2.5775,0.0059,0.9922,0.0454,1.8788,0.0,0.0,0.0,-0.1492,25.0,25.0,38.0,37.0,12.0,0.0,0.0,0.0,0.0,41.1373,0.0,0.0119,0.0,0.0
17603.0,1.7382,0.0923,1.0,0.08,1.2023,2.0534,1.0534,2.2882,1.2882,26.6399,2.0656,26.3368,2.0535,100.0,0.0,0.0,0.0,25.25,0.0,26.25,0.0,26.375,0.0,25.375,10.0,0.0,0.0101,52.4525,5.2452,2.0,5.949,1.3098,0.2192,1.3875,0.056,1.3697,1.004e-05,1.001,0.0001,2.0888,12.0,0.0707,1.0019,0.2289,2.5815,0.0061,1.0068,0.0447,1.872,0.0,0.0,0.0,-0.1495,25.0,25.0,38.0,37.0,15.0,0.0,0.0,0.0,0.0,41.1375,0.0,0.0123,0.0,0.0
17604.0,1.7384,0.0923,1.0,0.08,1.2023,2.0536,1.0536,2.2884,1.2884,26.8053,2.0722,26.3377,2.0535,100.0,0.0,0.0,0.0,25.25,0.0,26.25,0.0,26.375,0.0,25.375,10.0,0.0,0.0109,52.4523,5.2452,2.0,5.9858,1.3108,0.2029,1.3858,0.0451,1.3686,1.004e-05,1.001,0.0001,2.0919,12.0,0.0683,1.0018,0.2488,2.6178,0.0061,1.0048,0.0456,1.8805,0.0,0.0,0.0,-0.1496,25.0,25.0,38.0,37.0,14.0,0.0,0.0,0.0,0.0,41.1369,0.0,0.0124,0.0,0.0
17605.0,1.7383,0.0923,1.0,0.0797,1.2014,2.0541,1.0541,2.2887,1.2887,26.7928,2.0717,26.3317,2.0533,100.0,0.0,0.0,0.0,25.25,0.0,26.25,0.0,26.25,0.0,25.25,10.0,0.0,0.0098,52.4522,5.2453,2.0,5.9478,1.3097,0.1902,1.3844,0.0457,1.3686,1.004e-05,1.001,0.0001,2.0896,12.0,0.0671,1.0018,0.1777,2.4715,0.0056,0.9708,0.055,1.962,0.0,0.0,0.0,-0.1494,25.0,25.0,38.0,37.0,14.0,0.0,0.0,0.0,0.0,41.1371,0.0,0.0122,0.0,0.0
17606.0,1.7384,0.0923,1.0,0.0795,1.2009,2.0543,1.0543,2.2886,1.2886,26.6891,2.0676,26.3268,2.0531,100.0,0.0,0.0,0.0,25.125,0.0,26.375,0.0,26.375,0.0,25.25,10.0,0.0,0.0102,52.4518,5.2452,2.0,6.017,1.3118,0.2309,1.3888,0.0544,1.3696,1.004e-05,1.0009,0.0001,2.0829,12.0,0.0668,1.0018,0.1877,2.4953,0.0064,1.0289,0.0547,1.9601,0.0,0.0,0.0,-0.1493,25.0,25.0,38.0,37.0,13.0,0.0,0.0,0.0,0.0,41.1371,0.0,0.0122,0.0,0.0
17607.0,1.7374,0.0922,1.0,0.0798,1.2018,2.0542,1.0542,2.2883,1.2883,26.559,2.0624,26.3284,2.0531,100.0,0.0,0.0,0.0,25.375,0.0,26.25,0.0,26.25,0.0,25.375,10.0,0.0,0.0101,52.4519,5.2452,2.0,5.8459,1.3067,0.0601,1.3702,0.0511,1.3692,1.004e-05,1.0009,0.0001,2.0875,12.0,0.0671,1.0018,0.1696,2.4513,0.0061,1.0101,0.0516,1.9348,0.0,0.0,0.0,-0.1496,25.0,25.0,38.0,37.0,13.0,0.0,0.0,0.0,0.0,41.1368,0.0,0.0124,0.0,0.0
17608.0,1.7374,0.0922,1.0,0.0797,1.2015,2.0537,1.0537,2.2882,1.2882,26.6557,2.0662,26.3483,2.0539,100.0,0.0,0.0,0.0,25.25,0.0,26.25,0.0,26.375,0.0,25.25,10.0,0.0,0.0109,52.4519,5.2452,2.0,5.7943,1.3052,0.0561,1.3698,0.0415,1.3682,1.004e-05,1.0009,0.0001,2.0895,12.0,0.0692,1.0018,0.1479,2.3919,0.0056,0.9689,0.0454,1.8793,0.0,0.0,0.0,-0.1493,26.0,25.0,38.0,37.0,14.0,0.0,0.0,0.0,0.0,41.1375,0.0,0.0119,0.0,0.0
17609.0,1.7364,0.092,1.0,0.0799,1.2021,2.0536,1.0536,2.2884,1.2884,26.8071,2.0723,26.3413,2.0537,100.0,0.0,0.0,0.0,25.25,0.0,26.375,0.0,26.375,0.0,25.25,10.0,0.0,0.0103,52.4523,5.2452,2.0,5.7499,1.3039,0.0153,1.3653,0.0514,1.3692,1.004e-05,1.0009,0.0001,2.0901,12.0,0.0687,1.0018,0.1529,2.4063,0.0061,1.0054,0.0487,1.9098,0.0,0.0,0.0,-0.1495,26.0,25.0,38.0,37.0,16.0,0.0,0.0,0.0,0.0,41.1375,0.0,0.0122,0.0,0.0
17610.0,1.7363,0.092,1.0,0.0799,1.202,2.0541,1.0541,2.2887,1.2887,26.7828,2.0713,26.3332,2.0533,100.0,0.0,0.0,0.0,25.25,0.0,26.25,0.0,26.375,0.0,25.375,10.0,0.0,0.0102,52.4521,5.2453,2.0,5.7204,1.303,-0.0328,1.3601,0.0413,1.3681,1.004e-05,1.001,0.0001,2.0864,12.0,0.0681,1.0018,0.1608,2.4282,0.0059,0.9899,0.0457,1.8821,0.0,0.0,0.0,-0.1493,26.0,25.0,38.0,37.0,15.0,0.0,0.0,0.0,0.0,41.1372,0.0,0.0119,0.0,0.0
17611.0,1.7363,0.092,1.0,0.08,1.2022,2.0542,1.0542,2.2886,1.2886,26.6814,2.0673,26.3228,2.0529,100.0,0.0,0.0,0.0,25.25,0.0,26.25,0.0,26.375,0.0,25.375,10.0,0.0,0.0106,52.4521,5.2452,2.0,5.6438,1.3006,-0.0563,1.3575,0.0457,1.3686,1.004e-05,1.001,0.0001,2.0883,12.0,0.0701,1.0019,0.174,2.4623,0.0059,0.9963,0.0458,1.8831,0.0,0.0,0.0,-0.1497,26.0,25.0,38.0,37.0,14.0,0.0,0.0,0.0,0.0,41.1372,0.0,0.0122,0.0,0.0
17612.0,1.7362,0.092,1.0,0.08,1.2021,2.0543,1.0543,2.2885,1.2885,26.5948,2.0638,26.3227,2.0529,100.0,0.0,0.0,0.0,25.25,0.0,26.25,0.0,26.375,0.0,25.375,10.0,0.0,0.0103,52.4518,5.2452,2.0,5.631,1.3002,-0.0532,1.3578,0.0495,1.369,1.004e-05,1.001,0.0001,2.0894,12.0,0.0718,1.0019,0.2315,2.5865,0.0058,0.9865,0.0426,1.8513,0.0,0.0,0.0,-0.1495,26.0,25.0,38.0,37.0,15.0,0.0,0.0,0.0,0.0,41.1367,0.0,0.0124,0.0,0.0
17613.0,1.7372,0.0922,1.0,0.08,1.2023,2.0539,1.0539,2.2882,1.2882,26.6069,2.0643,26.3345,2.0534,100.0,0.0,0.0,0.0,25.25,0.0,26.25,0.0,26.375,0.0,25.25,10.0,0.0,0.0102,52.4521,5.2452,2.0,5.6571,1.301,-0.0196,1.3615,0.037,1.3677,1.005e-05,1.0011,0.0001,2.0837,12.0,0.0722,1.0019,0.1858,2.4908,0.0055,0.9654,0.0394,1.8171,0.0,0.0,0.0,-0.1493,26.0,25.0,38.0,37.0,14.0,0.0,0.0,0.0,0.0,41.1372,0.0,0.0123,0.0,0.0
17614.0,1.7373,0.0922,1.0,0.0799,1.2019,2.0536,1.0536,2.2886,1.2886,26.7835,2.0713,26.3434,2.0537,100.0,0.0,0.0,0.0,25.25,0.0,26.375,0.0,26.375,0.0,25.375,10.0,0.0,0.0104,52.452,5.2452,2.0,5.6211,1.2999,-0.0601,1.3571,0.0483,1.3689,1.005e-05,1.0012,0.0001,2.0903,12.0,0.0754,1.002,0.1989,2.5205,0.0066,1.0419,0.04,1.8242,0.0,0.0,0.0,-0.1497,26.0,25.0,38.0,37.0,13.0,0.0,0.0,0.0,0.0,41.1376,0.0,0.012,0.0,0.0
17615.0,1.7373,0.0922,1.0,0.08,1.2024,2.0535,1.0535,2.2891,1.2891,26.8224,2.0729,26.3276,2.0531,100.0,0.0,0.0,0.0,25.125,0.0,26.375,0.0,26.375,0.0,25.25,10.0,0.0,0.0105,52.452,5.2452,2.0,5.5386,1.2974,-0.0511,1.3581,0.0406,1.3681,1.005e-05,1.0012,0.0001,2.0894,12.0,0.0752,1.002,0.1673,2.4454,0.0055,0.9635,0.0374,1.7952,0.0,0.0,0.0,-0.1496,26.0,25.0,38.0,37.0,14.0,0.0,0.0,0.0,0.0,41.1367,0.0,0.0119,0.0,0.0
17616.0,1.7371,0.0921,1.0,0.0799,1.2021,2.0541,1.0541,2.2887,1.2887,26.7351,2.0694,26.3178,2.0527,100.0,0.0,0.0,0.0,25.125,0.0,26.25,0.0,26.375,0.0,25.25,10.0,0.0,0.0102,52.4521,5.2452,2.0,5.6382,1.3005,-0.0198,1.3615,0.0421,1.3682,1.005e-05,1.001,0.0001,2.0827,12.0,0.0723,1.0019,0.1662,2.4424,0.0054,0.9577,0.0367,1.787,0.0,0.0,0.0,-0.1495,26.0,25.0,38.0,37.0,14.0,0.0,0.0,0.0,0.0,41.1368,0.0,0.0121,0.0,0.0
17617.0,1.7362,0.092,1.0,0.0801,1.2025,2.0543,1.0543,2.2885,1.2885,26.61,2.0644,26.3224,2.0529,100.0,0.0,0.0,0.0,25.25,0.0,26.375,0.0,26.375,0.0,25.25,10.0,0.0,0.0103,52.452,5.2452,2.0,5.643,1.3006,-0.0155,1.3619,0.05,1.3691,1.005e-05,1.0011,0.0001,2.0887,12.0,0.0722,1.0019,0.1518,2.4031,0.0055,0.9646,0.0349,1.7649,0.0,0.0,0.0,-0.1494,26.0,25.0,38.0,37.0,15.0,0.0,0.0,0.0,0.0,41.1369,0.0,0.0124,0.0,0.0
17618.0,1.7363,0.092,1.0,0.08,1.2023,2.0541,1.0541,2.2883,1.2883,26.5782,2.0631,26.3358,2.0534,100.0,0.0,0.0,0.0,25.25,0.0,26.375,0.0,26.375,0.0,25.25,10.0,0.0,0.0105,52.4518,5.2452,2.0,5.6486,1.3008,0.0052,1.3642,0.0335,1.3673,1.005e-05,1.0011,0.0001,2.0856,12.0,0.0739,1.002,0.1313,2.34,0.0059,0.9952,0.034,1.7536,0.0,0.0,0.0,-0.1494,26.0,25.0,38.0,37.0,13.0,0.0,0.0,0.0,0.0,41.1362,0.0,0.0124,0.0,0.0
17619.0,1.7363,0.092,1.0,0.0798,1.2018,2.0536,1.0536,2.2882,1.2882,26.7713,2.0709,26.3517,2.0541,100.0,0.0,0.0,0.0,25.25,0.0,26.25,0.0,26.25,0.0,25.375,10.0,0.0,0.0101,52.4518,5.2452,2.0,5.8279,1.3062,0.1245,1.3772,0.0391,1.3679,1.005e-05,1.0011,0.0001,2.0868,12.0,0.0744,1.002,0.1313,2.3401,0.0067,1.0471,0.0316,1.7218,0.0,0.0,0.0,-0.1497,26.0,25.0,38.0,37.0,15.0,0.0,0.0,0.0,0.0,41.1371,0.0,0.0118,0.0,0.0
17620.0,1.7374,0.0922,1.0,0.0799,1.202,2.0539,1.0539,2.2887,1.2887,26.8129,2.0725,26.3378,2.0535,100.0,0.0,0.0,0.0,25.25,0.0,26.25,0.0,26.375,0.0,25.25,10.0,0.0,0.0103,52.4517,5.2451,2.0,5.8451,1.3067,0.0629,1.3705,0.0502,1.3691,1.005e-05,1.0012,0.0001,2.0841,12.0,0.0754,1.002,0.1374,2.3597,0.0058,0.9855,0.0306,1.7077,0.0,0.0,0.0,-0.1498,25.0,25.0,38.0,37.0,13.0,0.0,0.0,0.0,0.0,41.1374,0.0,0.012,0.0,0.0
17621.0,1.7365,0.0921,1.0,0.08,1.2023,2.0543,1.0543,2.2886,1.2886,26.7232,2.0689,26.3176,2.0527,100.0,0.0,0.0,0.0,25.25,0.0,26.375,0.0,26.375,0.0,25.375,10.0,0.0,0.0106,52.4518,5.2452,2.0,5.6908,1.3021,-0.0026,1.3633,0.043,1.3683,1.005e-05,1.0012,0.0001,2.0872,12.0,0.0767,1.002,0.1424,2.3755,0.0062,1.0149,0.0442,1.8672,0.0,0.0,0.0,-0.1495,25.0,25.0,38.0,37.0,13.0,0.0,0.0,0.0,0.0,41.1369,0.0,0.0126,0.0,0.0
17622.0,1.7363,0.092,1.0,0.0802,1.2028,2.054,1.054,2.2887,1.2887,26.61,2.0644,26.3152,2.0526,100.0,0.0,0.0,0.0,25.125,0.0,26.375,0.0,26.25,0.0,25.375,10.0,0.0,0.0106,52.4518,5.2452,2.0,5.8318,1.3063,0.1413,1.3791,0.043,1.3683,1.005e-05,1.0012,0.0001,2.0868,12.0,0.0743,1.002,0.1115,2.2693,0.0059,0.9946,0.0448,1.8733,0.0,0.0,0.0,-0.1495,25.0,25.0,38.0,37.0,15.0,0.0,0.0,0.0,0.0,41.1362,0.0,0.0122,0.0,0.0
17623.0,1.7363,0.092,1.0,0.0799,1.2019,2.0542,1.0542,2.2883,1.2883,26.5673,2.0627,26.3339,2.0534,100.0,0.0,0.0,0.0,25.25,0.0,26.25,0.0,26.25,0.0,25.25,10.0,0.0,0.0103,52.4514,5.2451,2.0,5.9299,1.3092,0.2053,1.386,0.0495,1.369,1.005e-05,1.0012,0.0001,2.0828,12.0,0.0764,1.002,0.1215,2.3066,0.0058,0.9822,0.0401,1.825,0.0,0.0,0.0,-0.1495,25.0,25.0,38.0,37.0,15.0,0.0,0.0,0.0,0.0,41.1368,0.0,0.012,0.0,0.0
17624.0,1.7363,0.092,1.0,0.0799,1.202,2.0537,1.0537,2.2882,1.2882,26.7133,2.0685,26.3499,2.054,100.0,0.0,0.0,0.0,25.25,0.0,26.375,0.0,26.25,0.0,25.25,10.0,0.0,0.0103,52.4514,5.2451,2.0,5.9961,1.3111,0.1732,1.3825,0.0341,1.3674,1.005e-05,1.0012,0.0001,2.0849,12.0,0.0748,1.002,0.0952,2.2007,0.0064,1.0266,0.0475,1.8985,0.0,0.0,0.0,-0.1497,26.0,25.0,38.0,37.0,11.0,0.0,0.0,0.0,0.0,41.1365,0.0,0.0123,0.0,0.0
17625.0,1.7363,0.092,1.0,0.0797,1.2014,2.0537,1.0537,2.2886,1.2886,26.8177,2.0727,26.3416,2.0537,100.0,0.0,0.0,0.0,25.125,0.0,26.25,0.0,26.375,0.0,25.375,10.0,0.0,0.0104,52.4511,5.2451,2.0,5.8592,1.3071,0.0419,1.3682,0.0471,1.3688,1.005e-05,1.0011,0.0001,2.0853,12.0,0.0738,1.002,0.0859,2.156,0.0053,0.9487,0.0537,1.9521,0.0,0.0,0.0,-0.1497,26.0,25.0,38.0,37.0,14.0,0.0,0.0,0.0,0.0,41.137,0.0,0.0123,0.0,0.0
17626.0,1.7364,0.0921,1.0,0.0799,1.202,2.0542,1.0542,2.2886,1.2886,26.7561,2.0702,26.3281,2.0531,100.0,0.0,0.0,0.0,25.25,0.0,26.25,0.0,26.375,0.0,25.25,10.0,0.0,0.0104,52.4514,5.2451,2.0,5.7664,1.3044,-0.0016,1.3635,0.0414,1.3681,1.005e-05,1.0011,0.0001,2.0853,12.0,0.0712,1.0019,0.1078,2.2544,0.0057,0.9759,0.0448,1.8732,0.0,0.0,0.0,-0.1498,26.0,25.0,38.0,37.0,11.0,0.0,0.0,0.0,0.0,41.1372,0.0,0.0123,0.0,0.0
17627.0,1.7371,0.0921,1.0,0.0803,1.203,2.0546,1.0546,2.2886,1.2886,26.6529,2.0661,26.3261,2.053,100.0,0.0,0.0,0.0,25.25,0.0,26.375,0.0,26.25,0.0,25.375,10.0,0.0,0.0109,52.4516,5.2452,2.0,5.7197,1.303,-0.0233,1.3611,0.0382,1.3678,1.005e-05,1.0012,0.0001,2.0875,12.0,0.0759,1.002,0.1659,2.4418,0.0066,1.0408,0.049,1.9125,0.0,0.0,0.0,-0.1497,26.0,25.0,38.0,37.0,15.0,0.0,0.0,0.0,0.0,41.1367,0.0,0.0121,0.0,0.0
17628.0,1.7376,0.0922,1.0,0.0798,1.2018,2.0546,1.0546,2.2883,1.2883,26.5496,2.062,26.3388,2.0536,100.0,0.0,0.0,0.0,25.25,0.0,26.375,0.0,26.375,0.0,25.375,10.0,0.0,0.0105,52.4515,5.2452,2.0,5.7086,1.3026,0.0063,1.3643,0.0504,1.3691,1.005e-05,1.0012,0.0001,2.0845,12.0,0.0737,1.002,0.1522,2.4041,0.0059,0.9907,0.0423,1.8479,0.0,0.0,0.0,-0.1496,26.0,25.0,38.0,37.0,14.0,0.0,0.0,0.0,0.0,41.1364,0.0,0.0124,0.0,0.0
17629.0,1.7373,0.0922,1.0,0.08,1.2021,2.0537,1.0537,2.2882,1.2882,26.6746,2.067,26.3499,2.054,100.0,0.0,0.0,0.0,25.25,0.0,26.25,0.0,26.375,0.0,25.375,10.0,0.0,0.0097,52.4514,5.2451,2.0,5.7528,1.304,0.0662,1.3709,0.0308,1.367,1.005e-05,1.0012,0.0001,2.0878,12.0,0.0726,1.0019,0.1584,2.4217,0.0064,1.0268,0.0441,1.8667,0.0,0.0,0.0,-0.1497,25.0,25.0,38.0,37.0,15.0,0.0,0.0,0.0,0.0,41.1371,0.0,0.0123,0.0,0.0
17630.0,1.7389,0.0924,1.0,0.0797,1.2016,2.0535,1.0535,2.2885,1.2885,26.8132,2.0725,26.3472,2.0539,100.0,0.0,0.0,0.0,25.125,0.0,26.25,0.0,26.375,0.0,25.375,10.0,0.0,0.0102,52.4515,5.2452,2.0,5.7667,1.3044,0.0251,1.3664,0.0396,1.368,1.005e-05,1.0011,0.0001,2.0856,12.0,0.0736,1.002,0.1406,2.3698,0.0062,1.0113,0.041,1.8342,0.0,0.0,0.0,-0.1495,25.0,25.0,38.0,37.0,15.0,0.0,0.0,0.0,0.0,41.1364,0.0,0.0124,0.0,0.0
17631.0,1.7384,0.0923,1.0,0.0797,1.2014,2.0542,1.0542,2.2887,1.2887,26.7583,2.0703,26.3202,2.0528,100.0,0.0,0.0,0.0,25.25,0.0,26.375,0.0,26.375,0.0,25.375,10.0,0.0,0.0104,52.451,5.2451,2.0,5.7597,1.3042,0.0507,1.3692,0.0477,1.3688,1.005e-05,1.0011,0.0001,2.0851,12.0,0.0716,1.0019,0.1358,2.3547,0.0055,0.9625,0.0402,1.8264,0.0,0.0,0.0,-0.1495,25.0,25.0,38.0,37.0,14.0,0.0,0.0,0.0,0.0,41.1367,0.0,0.012,0.0,0.0
17632.0,1.738,0.0923,1.0,0.0799,1.202,2.0543,1.0543,2.2886,1.2886,26.6638,2.0666,26.3158,2.0526,100.0,0.0,0.0,0.0,25.125,0.0,26.375,0.0,26.375,0.0,25.25,10.0,0.0,0.0103,52.4511,5.2451,2.0,5.8021,1.3054,0.0428,1.3683,0.0302,1.3669,1.004e-05,1.001,0.0001,2.0869,12.0,0.0703,1.0019,0.1233,2.3129,0.0064,1.0301,0.0382,1.8043,0.0,0.0,0.0,-0.1497,25.0,25.0,38.0,37.0,14.0,0.0,0.0,0.0,0.0,41.1365,0.0,0.0122,0.0,0.0
17633.0,1.7367,0.0921,1.0,0.0798,1.2017,2.0543,1.0543,2.2884,1.2884,26.5599,2.0624,26.3277,2.0531,100.0,0.0,0.0,0.0,25.125,0.0,26.375,0.0,26.25,0.0,25.25,10.0,0.0,0.01,52.4512,5.2451,2.0,5.7814,1.3048,0.052,1.3693,0.0394,1.3679,1.004e-05,1.001,0.0001,2.0819,12.0,0.0664,1.0018,0.105,2.2431,0.006,0.9971,0.0387,1.809,0.0,0.0,0.0,-0.1494,25.0,25.0,38.0,37.0,13.0,0.0,0.0,0.0,0.0,41.1367,0.0,0.0123,0.0,0.0
17634.0,1.7369,0.0921,1.0,0.0799,1.2019,2.0537,1.0537,2.2882,1.2882,26.6427,2.0657,26.3383,2.0535,100.0,0.0,0.0,0.0,25.25,0.0,26.25,0.0,26.375,0.0,25.25,10.0,0.0,0.0102,52.4514,5.2451,2.0,5.8248,1.3061,0.0956,1.3741,0.0457,1.3686,1.004e-05,1.001,0.0001,2.0873,12.0,0.0679,1.0018,0.1959,2.5139,0.0067,1.047,0.053,1.9461,0.0,0.0,0.0,-0.1497,25.0,25.0,38.0,37.0,15.0,0.0,0.0,0.0,0.0,41.1367,0.0,0.0121,0.0,0.0
17635.0,1.7373,0.0922,1.0,0.0796,1.2011,2.0535,1.0535,2.2885,1.2885,26.8073,2.0723,26.3322,2.0533,100.0,0.0,0.0,0.0,25.25,0.0,26.5,0.0,26.25,0.0,25.375,10.0,0.0,0.011,52.4512,5.2451,2.0,5.8777,1.3077,0.1313,1.378,0.029,1.3668,1.004e-05,1.001,0.0001,2.0863,12.0,0.067,1.0018,0.1685,2.4484,0.0062,1.0154,0.0466,1.8906,0.0,0.0,0.0,-0.1497,25.0,25.0,38.0,38.0,13.0,0.0,0.0,0.0,0.0,41.137,0.0,0.0118,0.0,0.0
17636.0,1.7373,0.0922,1.0,0.0799,1.2021,2.054,1.054,2.289,1.289,26.7866,2.0715,26.3242,2.053,100.0,0.0,0.0,0.0,25.125,0.0,26.375,0.0,26.375,0.0,25.25,10.0,0.0,0.0104,52.4513,5.2451,2.0,5.9229,1.309,0.1805,1.3833,0.0426,1.3683,1.004e-05,1.0009,0.0001,2.0862,12.0,0.0671,1.0018,0.1888,2.4979,0.0056,0.9676,0.0474,1.8981,0.0,0.0,0.0,-0.1498,25.0,25.0,38.0,38.0,14.0,0.0,0.0,0.0,0.0,41.1373,0.0,0.0119,0.0,0.0
17637.0,1.7384,0.0923,1.0,0.0799,1.2019,2.0542,1.0542,2.2886,1.2886,26.69,2.0676,26.3259,2.053,100.0,0.0,0.0,0.0,25.25,0.0,26.75,0.0,26.25,0.0,25.375,10.0,0.0,0.0103,52.4515,5.2451,2.0,6.0461,1.3126,0.1898,1.3843,0.0397,1.368,1.004e-05,1.001,0.0001,2.0883,12.0,0.0672,1.0018,0.1389,2.3646,0.0052,0.9355,0.045,1.875,0.0,0.0,0.0,-0.1496,26.0,25.0,38.0,38.0,13.0,0.0,0.0,0.0,0.0,41.1372,0.0,0.0123,0.0,0.0
17638.0,1.7373,0.0922,1.0,0.0799,1.2019,2.0542,1.0542,2.2884,1.2884,26.5736,2.0629,26.3231,2.0529,100.0,0.0,0.0,0.0,25.125,0.0,26.375,0.0,26.375,0.0,25.375,10.0,0.0,0.0103,52.4511,5.2451,2.0,6.0176,1.3118,0.1856,1.3839,0.035,1.3675,1.004e-05,1.001,0.0001,2.0828,12.0,0.0683,1.0018,0.1529,2.4062,0.0062,1.017,0.041,1.8352,0.0,0.0,0.0,-0.1497,26.0,25.0,38.0,38.0,13.0,0.0,0.0,0.0,0.0,41.1373,0.0,0.0123,0.0,0.0
17639.0,1.7373,0.0922,1.0,0.0798,1.2018,2.0539,1.0539,2.2883,1.2883,26.6046,2.0642,26.3431,2.0537,100.0,0.0,0.0,0.0,25.25,0.0,26.375,0.0,26.375,0.0,25.375,10.0,0.0,0.0106,52.4511,5.2451,2.0,6.1553,1.3157,0.3157,1.3981,0.0447,1.3685,1.004e-05,1.0009,0.0001,2.0857,12.0,0.0683,1.0018,0.1548,2.4115,0.0064,1.0265,0.0418,1.8428,0.0,0.0,0.0,-0.1498,26.0,25.0,38.0,38.0,13.0,0.0,0.0,0.0,0.0,41.1371,0.0,0.012,0.0,0.0
17640.0,1.7363,0.092,1.0,0.0797,1.2013,2.0536,1.0536,2.2883,1.2883,26.7805,2.0712,26.35,2.054,100.0,0.0,0.0,0.0,25.25,0.0,26.25,0.0,26.25,0.0,25.375,10.0,0.0,0.0108,52.4511,5.2451,2.0,6.1952,1.3168,0.2516,1.3911,0.0278,1.3667,1.004e-05,1.001,0.0001,2.0856,12.0,0.0668,1.0018,0.1372,2.3593,0.0062,1.0154,0.0359,1.7773,0.0,0.0,0.0,-0.1498,26.0,25.0,38.0,38.0,13.0,0.0,0.0,0.0,0.0,41.137,0.0,0.012,0.0,0.0
17641.0,1.7354,0.0919,1.0,0.0799,1.202,2.0543,1.0543,2.2887,1.2887,26.7888,2.0716,26.3331,2.0533,100.0,0.0,0.0,0.0,25.25,0.0,26.375,0.0,26.25,0.0,25.25,10.0,0.0,0.0107,52.4511,5.2451,2.0,6.0897,1.3138,0.2283,1.3885,0.0304,1.3669,1.004e-05,1.0009,0.0001,2.0876,12.0,0.066,1.0018,0.1192,2.2983,0.0056,0.9713,0.0379,1.7999,0.0,0.0,0.0,-0.1498,26.0,25.0,38.0,38.0,14.0,0.0,0.0,0.0,0.0,41.1363,0.0,0.0122,0.0,0.0
17642.0,1.7363,0.092,1.0,0.0798,1.2018,2.0547,1.0547,2.2886,1.2886,26.6907,2.0676,26.3263,2.0531,100.0,0.0,0.0,0.0,25.25,0.0,26.375,0.0,26.25,0.0,25.375,10.0,0.0,0.0104,52.4513,5.2451,2.0,6.1661,1.316,0.2462,1.3905,0.042,1.3682,1.004e-05,1.001,0.0001,2.086,12.0,0.0682,1.0018,0.1396,2.3667,0.0064,1.0258,0.0374,1.7949,0.0,0.0,0.0,-0.1495,26.0,25.0,38.0,38.0,14.0,0.0,0.0,0.0,0.0,41.1368,0.0,0.0125,0.0,0.0
17643.0,1.7361,0.092,1.0,0.0798,1.2018,2.0545,1.0545,2.2884,1.2884,26.5634,2.0625,26.3232,2.0529,100.0,0.0,0.0,0.0,25.125,0.0,26.5,0.0,26.25,0.0,25.375,10.0,0.0,0.0104,52.4511,5.2451,2.0,6.107,1.3143,0.1937,1.3848,0.0263,1.3665,1.005e-05,1.001,0.0001,2.0872,12.0,0.0695,1.0019,0.1119,2.2707,0.0065,1.0328,0.0318,1.7238,0.0,0.0,0.0,-0.1495,26.0,25.0,38.0,38.0,15.0,0.0,0.0,0.0,0.0,41.1368,0.0,0.0121,0.0,0.0
17644.0,1.7363,0.092,1.0,0.0798,1.2017,2.0539,1.0539,2.2883,1.2883,26.5879,2.0635,26.3317,2.0533,100.0,0.0,0.0,0.0,25.25,0.0,26.25,0.0,26.375,0.0,25.375,10.0,0.0,0.0103,52.4511,5.2451,2.0,6.1509,1.3156,0.1854,1.3839,0.0369,1.3677,1.004e-05,1.001,0.0001,2.0888,12.0,0.0696,1.0019,0.1024,2.2321,0.0059,0.99,0.0334,1.7453,0.0,0.0,0.0,-0.1495,26.0,25.0,38.0,38.0,14.0,0.0,0.0,0.0,0.0,41.1372,0.0,0.0122,0.0,0.0
17645.0,1.7332,0.0916,1.0,0.0799,1.2021,2.0532,1.0532,2.2886,1.2886,26.7585,2.0703,26.3408,2.0536,100.0,0.0,0.0,0.0,25.25,0.0,26.375,0.0,26.375,0.0,25.375,10.0,0.0,0.0098,52.4514,5.2451,2.0,6.1261,1.3149,0.2185,1.3875,0.0381,1.3678,1.004e-05,1.001,0.0001,2.0838,12.0,0.0706,1.0019,0.1148,2.2817,0.0058,0.9849,0.0313,1.7178,0.0,0.0,0.0,-0.1498,26.0,25.0,38.0,38.0,13.0,0.0,0.0,0.0,0.0,41.137,0.0,0.0121,0.0,0.0
17646.0,1.7332,0.0916,1.0,0.0799,1.2019,2.0538,1.0538,2.2888,1.2888,26.8136,2.0725,26.3269,2.0531,100.0,0.0,0.0,0.0,25.25,0.0,26.375,0.0,26.375,0.0,25.375,10.0,0.0,0.0104,52.4512,5.2451,2.0,6.2137,1.3173,0.2531,1.3912,0.03,1.3669,1.005e-05,1.0011,0.0001,2.0848,12.0,0.0717,1.0019,0.0855,2.1536,0.0067,1.0491,0.0629,2.0202,0.0,0.0,0.0,-0.1497,26.0,25.0,38.0,38.0,14.0,0.0,0.0,0.0,0.0,41.1373,0.0,0.0122,0.0,0.0
17647.0,1.7334,0.0917,1.0,0.08,1.2023,2.0542,1.0542,2.2887,1.2887,26.7234,2.0689,26.3253,2.053,100.0,0.0,0.0,0.0,25.25,0.0,26.25,0.0,26.375,0.0,25.375,10.0,0.0,0.0107,52.4514,5.2452,2.0,6.1404,1.3153,0.1844,1.3838,0.0387,1.3679,1.005e-05,1.0011,0.0001,2.086,12.0,0.0713,1.0019,0.1882,2.4965,0.0065,1.0342,0.0593,1.9952,0.0,0.0,0.0,-0.1494,26.0,25.0,38.0,38.0,15.0,0.0,0.0,0.0,0.0,41.1371,0.0,0.0122,0.0,0.0
17648.0,1.7342,0.0918,1.0,0.08,1.2022,2.0539,1.0539,2.2889,1.2889,26.6135,2.0645,26.3147,2.0526,100.0,0.0,0.0,0.0,25.125,0.0,26.375,0.0,26.375,0.0,25.25,10.0,0.0,0.0099,52.4511,5.2451,2.0,6.1934,1.3168,0.2096,1.3865,0.0246,1.3663,1.005e-05,1.0011,0.0001,2.0817,12.0,0.0721,1.0019,0.1478,2.3914,0.0059,0.9951,0.0522,1.9394,0.0,0.0,0.0,-0.1496,26.0,25.0,38.0,37.0,14.0,0.0,0.0,0.0,0.0,41.1368,0.0,0.0122,0.0,0.0
17649.0,1.7353,0.0919,1.0,0.0798,1.2016,2.0541,1.0541,2.2883,1.2883,26.5729,2.0629,26.3263,2.0531,100.0,0.0,0.0,0.0,25.125,0.0,26.375,0.0,26.375,0.0,25.375,10.0,0.0,0.0099,52.4509,5.2451,2.0,6.343,1.3209,0.3776,1.4048,0.032,1.3671,1.004e-05,1.001,0.0001,2.088,12.0,0.0666,1.0018,0.1466,2.3879,0.0059,0.9916,0.0565,1.9742,0.0,0.0,0.0,-0.1495,26.0,25.0,38.0,37.0,12.0,0.0,0.0,0.0,0.0,41.1367,0.0,0.0123,0.0,0.0
17650.0,1.7342,0.0918,1.0,0.0796,1.2013,2.0536,1.0536,2.2882,1.2882,26.7269,2.0691,26.3516,2.0541,100.0,0.0,0.0,0.0,25.25,0.0,26.375,0.0,26.25,0.0,25.375,10.0,0.0,0.0101,52.4512,5.2451,2.0,6.4541,1.3239,0.3322,1.3999,0.0375,1.3677,1.004e-05,1.001,0.0001,2.084,12.0,0.0676,1.0018,0.1401,2.3681,0.0052,0.9371,0.0533,1.9485,0.0,0.0,0.0,-0.1496,26.0,25.0,38.0,37.0,14.0,0.0,0.0,0.0,0.0,41.137,0.0,0.0127,0.0,0.0
17651.0,1.7342,0.0918,1.0,0.0798,1.2018,2.0537,1.0537,2.2886,1.2886,26.8175,2.0727,26.3401,2.0536,100.0,0.0,0.0,0.0,25.25,0.0,26.375,0.0,26.375,0.0,25.25,10.0,0.0,0.0099,52.4513,5.2451,2.0,6.3171,1.3202,0.2153,1.3871,0.0223,1.3661,1.004e-05,1.001,0.0001,2.0843,12.0,0.067,1.0018,0.1337,2.348,0.0061,1.0105,0.0468,1.8918,0.0,0.0,0.0,-0.1498,26.0,25.0,38.0,37.0,15.0,0.0,0.0,0.0,0.0,41.1375,0.0,0.0121,0.0,0.0
17652.0,1.7342,0.0918,1.0,0.0799,1.2021,2.0541,1.0541,2.2886,1.2886,26.7502,2.07,26.3293,2.0532,100.0,0.0,0.0,0.0,25.25,0.0,26.375,0.0,26.25,0.0,25.375,10.0,0.0,0.0101,52.4511,5.2451,2.0,6.1797,1.3164,0.1566,1.3807,0.0328,1.3672,1.004e-05,1.001,0.0001,2.0862,12.0,0.0673,1.0018,0.1176,2.2924,0.0059,0.9962,0.0445,1.8701,0.0,0.0,0.0,-0.1494,26.0,25.0,38.0,37.0,13.0,0.0,0.0,0.0,0.0,41.1368,0.0,0.012,0.0,0.0
17653.0,1.7363,0.092,1.0,0.0799,1.202,2.0544,1.0544,2.2885,1.2885,26.5917,2.0637,26.3247,2.053,100.0,0.0,0.0,0.0,25.25,0.0,26.25,0.0,26.375,0.0,25.375,10.0,0.0,0.0107,52.4511,5.2451,2.0,6.0162,1.3117,0.0402,1.368,0.0376,1.3677,1.004e-05,1.001,0.0001,2.0869,12.0,0.0668,1.0018,0.1385,2.3633,0.0063,1.0192,0.0433,1.8579,0.0,0.0,0.0,-0.1496,26.0,25.0,38.0,37.0,14.0,0.0,0.0,0.0,0.0,41.1367,0.0,0.0119,0.0,0.0
17654.0,1.7363,0.092,1.0,0.0799,1.2019,2.0541,1.0541,2.2883,1.2883,26.5633,2.0625,26.3376,2.0535,100.0,0.0,0.0,0.0,25.25,0.0,26.375,0.0,26.375,0.0,25.375,10.0,0.0,0.0104,52.451,5.2451,2.0,5.9889,1.3109,-0.0041,1.3632,0.0244,1.3663,1.004e-05,1.001,0.0001,2.0869,12.0,0.0683,1.0018,0.1013,2.2274,0.0062,1.0115,0.0461,1.8854,0.0,0.0,0.0,-0.1494,26.0,25.0,38.0,37.0,13.0,0.0,0.0,0.0,0.0,41.1367,0.0,0.0119,0.0,0.0
17655.0,1.7362,0.092,1.0,0.0797,1.2014,2.0536,1.0536,2.2882,1.2882,26.7253,2.069,26.3522,2.0541,100.0,0.0,0.0,0.0,25.25,0.0,26.5,0.0,26.5,0.0,25.375,10.0,0.0,0.0107,52.451,5.2451,2.0,5.8884,1.308,-0.06,1.3571,0.0321,1.3671,1.004e-05,1.001,0.0001,2.0798,12.0,0.0712,1.0019,0.1091,2.2598,0.006,0.999,0.0567,1.9751,0.0,0.0,0.0,-0.1493,26.0,25.0,38.0,37.0,14.0,0.0,0.0,0.0,0.0,41.1367,0.0,0.0124,0.0,0.0
17656.0,1.7363,0.092,1.0,0.08,1.2022,2.0536,1.0536,2.2886,1.2886,26.8068,2.0723,26.3406,2.0536,100.0,0.0,0.0,0.0,25.125,0.0,26.375,0.0,26.375,0.0,25.375,10.0,0.0,0.0099,52.4512,5.2451,2.0,5.8724,1.3075,-0.0291,1.3605,0.0288,1.3668,1.004e-05,1.001,0.0001,2.0843,12.0,0.0691,1.0018,0.1174,2.2917,0.0059,0.9933,0.0548,1.9604,0.0,0.0,0.0,-0.1491,26.0,25.0,38.0,37.0,13.0,0.0,0.0,0.0,0.0,41.1364,0.0,0.012,0.0,0.0
17657.0,1.7363,0.092,1.0,0.0801,1.2025,2.0542,1.0542,2.289,1.289,26.7491,2.07,26.3199,2.0528,100.0,0.0,0.0,0.0,25.25,0.0,26.5,0.0,26.375,0.0,25.375,10.0,0.0,0.0101,52.4512,5.2451,2.0,5.9288,1.3092,0.0205,1.3659,0.0258,1.3665,1.004e-05,1.001,0.0001,2.0847,12.0,0.0689,1.0018,0.0901,2.1766,0.0051,0.9302,0.0505,1.925,0.0,0.0,0.0,-0.1495,26.0,25.0,38.0,37.0,13.0,0.0,0.0,0.0,0.0,41.1369,0.0,0.0118,0.0,0.0
17658.0,1.7368,0.0921,1.0,0.08,1.2022,2.0543,1.0543,2.2888,1.2888,26.6391,2.0656,26.3169,2.0527,100.0,0.0,0.0,0.0,25.25,0.0,26.375,0.0,26.25,0.0,25.25,10.0,0.0,0.01,52.4508,5.245,2.0,5.978,1.3106,-0.0141,1.3621,0.0354,1.3675,1.004e-05,1.001,0.0001,2.0849,12.0,0.0701,1.0019,0.1007,2.225,0.0067,1.0452,0.0597,1.998,0.0,0.0,0.0,-0.1499,25.0,25.0,38.0,37.0,14.0,0.0,0.0,0.0,0.0,41.137,0.0,0.0121,0.0,0.0
17659.0,1.7364,0.092,1.0,0.08,1.2024,2.0542,1.0542,2.2883,1.2883,26.5591,2.0624,26.3268,2.0531,100.0,0.0,0.0,0.0,25.25,0.0,26.375,0.0,26.375,0.0,25.25,10.0,0.0,0.0104,52.4505,5.245,2.0,5.8839,1.3079,-0.0261,1.3608,0.0202,1.3658,1.004e-05,1.001,0.0001,2.0865,12.0,0.0698,1.0019,0.0997,2.2207,0.0065,1.0351,0.0585,1.9891,0.0,0.0,0.0,-0.1496,25.0,25.0,38.0,37.0,15.0,0.0,0.0,0.0,0.0,41.1366,0.0,0.0122,0.0,0.0
17660.0,1.7374,0.0922,1.0,0.0799,1.202,2.0537,1.0537,2.2882,1.2882,26.6551,2.0662,26.347,2.0539,100.0,0.0,0.0,0.0,25.25,0.0,26.25,0.0,26.375,0.0,25.25,10.0,0.0,0.0098,52.4508,5.2451,2.0,5.9346,1.3094,0.0342,1.3674,0.0293,1.3668,1.004e-05,1.0009,0.0001,2.0833,12.0,0.0659,1.0018,0.088,2.1662,0.0061,1.009,0.0535,1.9502,0.0,0.0,0.0,-0.1493,25.0,25.0,38.0,37.0,15.0,0.0,0.0,0.0,0.0,41.1374,0.0,0.0122,0.0,0.0
17661.0,1.7383,0.0923,1.0,0.0799,1.202,2.0535,1.0535,2.2884,1.2884,26.8084,2.0723,26.3451,2.0538,100.0,0.0,0.0,0.0,25.25,0.0,26.5,0.0,26.25,0.0,25.375,10.0,0.0,0.0102,52.4509,5.2451,2.0,5.9488,1.3098,0.0352,1.3675,0.0314,1.3671,1.004e-05,1.001,0.0001,2.0867,12.0,0.0674,1.0018,0.0845,2.1486,0.0061,1.0101,0.0562,1.9716,0.0,0.0,0.0,-0.1496,25.0,25.0,38.0,37.0,13.0,0.0,0.0,0.0,0.0,41.1365,0.0,0.0123,0.0,0.0
17662.0,1.7374,0.0922,1.0,0.08,1.2021,2.0541,1.0541,2.2887,1.2887,26.7814,2.0713,26.3323,2.0533,100.0,0.0,0.0,0.0,25.25,0.0,26.375,0.0,26.375,0.0,25.375,10.0,0.0,0.0103,52.4507,5.2451,2.0,6.1968,1.3169,0.2424,1.3901,0.0204,1.3659,1.004e-05,1.001,0.0001,2.0862,12.0,0.0676,1.0018,0.0806,2.1282,0.0053,0.9434,0.0655,2.0381,0.0,0.0,0.0,-0.1494,25.0,25.0,38.0,37.0,14.0,0.0,0.0,0.0,0.0,41.1371,0.0,0.0123,0.0,0.0
17663.0,1.7374,0.0922,1.0,0.0798,1.2017,2.0543,1.0543,2.2886,1.2886,26.6779,2.0671,26.3271,2.0531,100.0,0.0,0.0,0.0,25.25,0.0,26.25,0.0,26.375,0.0,25.375,10.0,0.0,0.0102,52.4506,5.2451,2.0,6.3043,1.3199,0.1962,1.385,0.0327,1.3672,1.004e-05,1.0009,0.0001,2.0797,12.0,0.0683,1.0018,0.0847,2.1496,0.006,0.998,0.0641,2.0287,0.0,0.0,0.0,-0.1493,25.0,25.0,38.0,37.0,14.0,0.0,0.0,0.0,0.0,41.1372,0.0,0.0122,0.0,0.0
17664.0,1.7373,0.0922,1.0,0.0798,1.2018,2.0544,1.0544,2.2883,1.2883,26.5609,2.0624,26.3314,2.0533,100.0,0.0,0.0,0.0,25.25,0.0,26.375,0.0,26.25,0.0,25.5,10.0,0.0,0.0102,52.4506,5.2451,2.0,6.1993,1.3169,0.1667,1.3818,0.0357,1.3675,1.004e-05,1.001,0.0001,2.0837,12.0,0.0679,1.0018,0.0779,2.1133,0.0059,0.9955,0.0604,2.003,0.0,0.0,0.0,-0.1495,25.0,25.0,38.0,37.0,13.0,0.0,0.0,0.0,0.0,41.1364,0.0,0.0122,0.0,0.0
17665.0,1.7382,0.0923,1.0,0.0797,1.2014,2.0542,1.0542,2.2884,1.2884,26.6375,2.0655,26.3459,2.0538,100.0,0.0,0.0,0.0,25.25,0.0,26.375,0.0,26.5,0.0,25.375,10.0,0.0,0.0099,52.4506,5.245,2.0,6.1798,1.3164,0.1078,1.3754,0.0228,1.3661,1.004e-05,1.001,0.0001,2.0828,12.0,0.0674,1.0018,0.0599,1.9992,0.0059,0.9902,0.0558,1.9681,0.0,0.0,0.0,-0.1495,25.0,25.0,38.0,37.0,12.0,0.0,0.0,0.0,0.0,41.1365,64.0,0.0124,0.0,0.0
17666.0,1.7404,0.0926,1.0,0.0797,1.2015,2.0536,1.0536,2.2885,1.2885,26.801,2.072,26.3429,2.0537,100.0,0.0,0.0,0.0,25.375,0.0,26.375,0.0,26.375,0.0,25.375,10.0,0.0,0.0105,52.4501,5.245,2.0,6.1082,1.3144,0.0952,1.374,0.0328,1.3672,1.005e-05,1.001,0.0001,2.0872,12.0,0.0686,1.0018,0.0635,2.0245,0.0058,0.9864,0.0646,2.0321,0.0,0.0,0.0,-0.1497,26.0,25.0,38.0,37.0,14.0,0.0,0.0,0.0,0.0,41.1372,64.0,0.1969,0.0,0.0
17667.0,1.7407,0.0926,1.0,0.0798,1.2018,2.054,1.054,2.289,1.289,26.7833,2.0713,26.322,2.0529,100.0,0.0,0.0,0.0,25.25,0.0,26.25,0.0,26.375,0.0,25.25,10.0,0.0,0.01,52.4504,5.2451,2.0,6.1278,1.3149,0.0847,1.3729,0.0201,1.3658,1.005e-05,1.0011,0.0001,2.0858,12.0,0.0718,1.0019,0.0659,2.0407,0.0066,1.0384,0.071,2.0729,0.0,0.0,0.0,-0.1496,26.0,25.0,38.0,37.0,13.0,0.0,0.0,0.0,0.0,41.1371,64.0,0.3496,0.0,0.0
17668.0,1.7412,0.0927,1.0,0.0797,1.2013,2.0543,1.0543,2.2887,1.2887,26.6791,2.0672,26.3172,2.0527,100.0,0.0,0.0,0.0,25.25,0.0,26.375,0.0,26.375,0.0,25.375,10.0,0.0,0.0101,52.4505,5.245,2.0,6.1358,1.3151,0.1238,1.3771,0.0268,1.3666,1.005e-05,1.0011,0.0001,2.0839,12.0,0.0715,1.0019,0.0489,1.9115,0.0058,0.9871,0.0697,2.0651,0.0,0.0,0.0,-0.1496,26.0,25.0,38.0,37.0,15.0,0.0,0.0,0.0,0.0,41.1371,64.0,0.5286,0.0,0.0
17669.0,1.737,0.0921,1.0,0.0797,1.2015,2.0542,1.0542,2.2884,1.2884,26.5552,2.0622,26.324,2.053,100.0,0.0,0.0,0.0,25.25,0.0,26.375,0.0,26.375,0.0,25.375,10.0,0.0,0.0099,52.4502,5.245,2.0,6.1125,1.3145,0.0683,1.3711,0.0349,1.3674,1.005e-05,1.0011,0.0001,2.0856,12.0,0.0691,1.0018,0.0521,1.9387,0.0055,0.966,0.0612,2.0086,0.0,0.0,0.0,-0.1497,26.0,25.0,38.0,37.0,14.0,0.0,0.0,0.0,0.0,41.1367,64.0,0.7203,0.0,0.0
17670.0,1.7364,0.092,1.0,0.0799,1.202,2.0538,1.0538,2.2882,1.2882,26.6122,2.0645,26.3448,2.0538,100.0,0.0,0.0,0.0,25.25,0.0,26.25,0.0,26.5,0.0,25.25,10.0,0.0,0.0103,52.4504,5.245,2.0,6.1213,1.3147,0.0771,1.372,0.0186,1.3657,1.005e-05,1.0012,0.0001,2.0807,12.0,0.075,1.002,0.0567,1.9751,0.0057,0.9773,0.0792,2.1205,0.0,0.0,0.0,-0.1495,25.0,25.0,38.0,37.0,14.0,0.0,0.0,0.0,0.0,41.1374,64.0,0.9046,0.0,0.0
17671.0,1.7363,0.092,1.0,0.0802,1.2028,2.0536,1.0536,2.2883,1.2883,26.7693,2.0708,26.352,2.0541,100.0,0.0,0.0,0.0,25.25,0.0,26.375,0.0,26.5,0.0,25.25,10.0,0.0,0.0097,52.4507,5.2451,2.0,6.0413,1.3125,0.0226,1.3661,0.0308,1.367,1.005e-05,1.0012,0.0001,2.0827,12.0,0.075,1.002,0.1151,2.2828,0.0062,1.0174,0.0699,2.0666,0.0,0.0,0.0,-0.1496,25.0,25.0,38.0,37.0,15.0,0.0,0.0,0.0,0.0,41.1373,64.0,1.0986,0.0,0.0
17672.0,1.7363,0.092,1.0,0.08,1.2022,2.0543,1.0543,2.2887,1.2887,26.7953,2.0718,26.3346,2.0534,100.0,0.0,0.0,0.0,25.125,0.0,26.25,0.0,26.375,0.0,25.375,10.0,0.0,0.0105,52.4503,5.245,2.0,5.9803,1.3107,-0.0014,1.3635,0.0154,1.3653,1.005e-05,1.0012,0.0001,2.0839,12.0,0.0744,1.002,0.1191,2.2976,0.0058,0.9846,0.068,2.0545,0.0,0.0,0.0,-0.1498,25.0,25.0,38.0,37.0,14.0,0.0,0.0,0.0,0.0,41.1371,64.0,1.331,0.0,0.0
17673.0,1.7363,0.092,1.0,0.0799,1.202,2.0546,1.0546,2.2886,1.2886,26.7067,2.0683,26.3276,2.0531,100.0,0.0,0.0,0.0,25.25,0.0,26.5,0.0,26.5,0.0,25.375,10.0,0.0,0.0098,52.45,5.245,2.0,5.9793,1.3107,-0.0433,1.3589,0.0224,1.3661,1.005e-05,1.0011,0.0001,2.0787,12.0,0.0765,1.002,0.107,2.2511,0.0061,1.0098,0.0834,2.1431,0.0,0.0,0.0,-0.1495,25.0,25.0,38.0,38.0,13.0,0.0,0.0,0.0,0.0,41.1368,64.0,1.467,0.0,0.0
17674.0,1.7363,0.092,1.0,0.0798,1.2017,2.0542,1.0542,2.2885,1.2885,26.5627,2.0625,26.3242,2.053,100.0,0.0,0.0,0.0,25.25,0.0,26.375,0.0,26.375,0.0,25.25,10.0,0.0,0.0097,52.4857,5.2456,2.0,6.0039,1.3114,0.0381,1.3678,0.0301,1.3669,1.005e-05,1.0012,0.0001,2.0824,12.0,0.0738,1.002,0.102,2.2306,0.0066,1.0427,0.0809,2.1295,0.0,0.0,0.0,-0.1495,26.0,25.0,38.0,38.0,15.0,0.0,0.0,0.0,0.0,41.1362,64.0,1.6578,0.0,0.0
17675.0,1.7362,0.092,1.0,0.0799,1.202,2.0539,1.0539,2.2886,1.2886,26.5888,2.0636,26.3317,2.0533,100.0,0.0,0.0,0.0,25.25,0.0,26.25,0.0,26.25,0.0,25.25,10.0,0.0,0.0101,52.458,5.2449,2.0,6.0374,1.3123,0.0196,1.3658,0.0142,1.3652,1.005e-05,1.0011,0.0001,2.0812,12.0,0.0724,1.0019,0.1018,2.2295,0.006,0.9978,0.0761,2.1033,0.0,0.0,0.0,-0.1496,26.0,25.0,38.0,38.0,13.0,0.0,0.0,0.0,0.0,41.1368,64.0,1.8293,0.0,0.0
17676.0,1.7379,0.0922,1.0,0.0801,1.2026,2.0532,1.0532,2.2886,1.2886,26.7515,2.0701,26.3432,2.0537,100.0,0.0,0.0,0.0,25.25,0.0,26.375,0.0,26.25,0.0,25.25,10.0,0.0,0.0099,52.4505,5.245,2.0,5.9219,1.309,-0.0414,1.3591,0.0269,1.3666,1.005e-05,1.0011,0.0001,2.0818,12.0,0.0723,1.0019,0.0978,2.212,0.0057,0.9761,0.0723,2.0811,0.0,0.0,0.0,-0.1496,26.0,25.0,38.0,38.0,15.0,0.0,0.0,0.0,0.0,41.1368,64.0,2.0071,0.0,0.0
17677.0,1.7381,0.0923,1.0,0.0799,1.2021,2.0538,1.0538,2.2887,1.2887,26.8045,2.0722,26.3357,2.0534,100.0,0.0,0.0,0.0,25.25,0.0,26.375,0.0,26.25,0.0,25.25,10.0,0.0,0.0097,52.4473,5.2448,2.0,5.9652,1.3103,-0.0084,1.3627,0.0278,1.3667,1.004e-05,1.001,0.0001,2.0836,12.0,0.0721,1.0019,0.0746,2.0945,0.0054,0.9581,0.0684,2.057,0.0,0.0,0.0,-0.1496,26.0,25.0,38.0,37.0,15.0,0.0,0.0,0.0,0.0,41.1371,64.0,2.1909,0.0,0.0
17678.0,1.7393,0.0924,1.0,0.0799,1.202,2.0542,1.0542,2.2886,1.2886,26.7181,2.0687,26.3278,2.0531,100.0,0.0,0.0,0.0,25.25,0.0,26.375,0.0,26.375,0.0,25.375,10.0,0.0,0.0104,52.4481,5.2447,2.0,5.9522,1.3099,-0.0284,1.3605,0.0149,1.3653,1.005e-05,1.0011,0.0001,2.083,12.0,0.0671,1.0018,0.0867,2.1599,0.0061,1.0091,0.0586,1.9901,0.0,0.0,0.0,-0.1494,25.0,25.0,38.0,37.0,14.0,0.0,0.0,0.0,0.0,41.1369,64.0,2.3718,0.0,0.0
17679.0,1.7397,0.0925,1.0,0.08,1.2023,2.0543,1.0543,2.2885,1.2885,26.617,2.0647,26.3246,2.053,100.0,0.0,0.0,0.0,25.25,0.0,26.375,0.0,26.375,0.0,25.375,10.0,0.0,0.0103,52.4509,5.245,2.0,5.9541,1.3099,-0.0514,1.358,0.0266,1.3665,1.004e-05,1.001,0.0001,2.0852,12.0,0.071,1.0019,0.082,2.1359,0.0058,0.9816,0.0867,2.1597,0.0,0.0,0.0,-0.1495,25.0,25.0,38.0,37.0,13.0,0.0,0.0,0.0,0.0,41.1369,64.0,2.5597,0.0,0.0
17680.0,1.7405,0.0926,1.0,0.0798,1.2017,2.0539,1.0539,2.2882,1.2882,26.5957,2.0638,26.3424,2.0537,100.0,0.0,0.0,0.0,25.25,0.0,26.25,0.0,26.375,0.0,25.5,10.0,0.0,0.0102,52.4511,5.2451,2.0,5.7729,1.3046,-0.1553,1.3467,0.0276,1.3666,1.004e-05,1.001,0.0001,2.0807,12.0,0.0699,1.0019,0.0638,2.0267,0.0065,1.0339,0.0814,2.1324,0.0,0.0,0.0,-0.1498,25.0,25.0,38.0,37.0,15.0,0.0,0.0,0.0,0.0,41.137,64.0,2.7362,0.0,0.0
17681.0,1.741,0.0926,1.0,0.0798,1.2016,2.0536,1.0536,2.2882,1.2882,26.7244,2.069,26.3417,2.0537,100.0,0.0,0.0,0.0,25.25,0.0,26.375,0.0,26.25,0.0,25.375,10.0,0.0,0.0108,52.4488,5.2451,2.0,5.7448,1.3037,-0.1384,1.3485,0.0175,1.3655,1.004e-05,1.001,0.0001,2.0857,12.0,0.0725,1.0019,0.076,2.1026,0.0066,1.0427,0.0797,2.1233,0.0,0.0,0.0,-0.1494,25.0,25.0,38.0,37.0,15.0,0.0,0.0,0.0,0.0,41.1372,64.0,2.9251,0.0,0.0
17682.0,1.741,0.0926,1.0,0.0798,1.2017,2.0534,1.0534,2.289,1.289,26.8062,2.0722,26.3278,2.0531,100.0,0.0,0.0,0.0,25.25,0.0,26.375,0.0,26.375,0.0,25.375,10.0,0.0,0.0102,52.4488,5.2446,2.0,5.752,1.3039,-0.1011,1.3526,0.0304,1.367,1.005e-05,1.0012,0.0001,2.0823,12.0,0.0733,1.002,0.0652,2.0361,0.005,0.9209,0.0886,2.1694,0.0,0.0,0.0,-0.1493,26.0,25.0,38.0,37.0,12.0,0.0,0.0,0.0,0.0,41.1372,64.0,3.1011,0.0,0.0
17683.0,1.7395,0.0924,1.0,0.0798,1.2016,2.0541,1.0541,2.2887,1.2887,26.7519,2.0701,26.3261,2.053,100.0,0.0,0.0,0.0,25.25,0.0,26.25,0.0,26.25,0.0,25.375,10.0,0.0,0.0094,52.4511,5.2451,2.0,5.8992,1.3083,0.0142,1.3652,0.0161,1.3654,1.005e-05,1.0012,0.0001,2.0781,12.0,0.0739,1.002,0.0557,1.9676,0.0059,0.9958,0.0846,2.1491,0.0,0.0,0.0,-0.1495,26.0,25.0,38.0,37.0,14.0,0.0,0.0,0.0,0.0,41.1369,64.0,3.2951,0.0,0.0
17684.0,1.7394,0.0924,1.0,0.0799,1.202,2.0542,1.0542,2.2886,1.2886,26.6408,2.0656,26.3256,2.053,100.0,0.0,0.0,0.0,25.375,0.0,26.375,0.0,26.25,0.0,25.375,10.0,0.0,0.0098,52.4503,5.2454,2.0,5.9454,1.3097,-0.0225,1.3612,0.0252,1.3664,1.005e-05,1.0012,0.0001,2.0847,12.0,0.075,1.002,0.0564,1.9732,0.0063,1.0218,0.0884,2.1683,0.0,0.0,0.0,-0.1497,26.0,25.0,38.0,37.0,15.0,0.0,0.0,0.0,0.0,41.1367,64.0,3.5128,0.0,0.0
17685.0,1.7394,0.0924,1.0,0.0801,1.2027,2.0542,1.0542,2.2883,1.2883,26.5613,2.0625,26.3341,2.0534,100.0,0.0,0.0,0.0,25.25,0.0,26.375,0.0,26.375,0.0,25.25,10.0,0.0,0.0098,52.4484,5.2449,2.0,5.9596,1.3101,0.019,1.3657,0.0339,1.3673,1.005e-05,1.0012,0.0001,2.0814,12.0,0.0762,1.002,0.056,1.9703,0.0057,0.9811,0.0786,2.1175,0.0,0.0,0.0,-0.1498,26.0,25.0,38.0,38.0,13.0,0.0,0.0,0.0,0.0,41.1367,64.0,3.6831,0.0,0.0
17686.0,1.7403,0.0925,1.0,0.0802,1.2027,2.0537,1.0537,2.2885,1.2885,26.6791,2.0672,26.3408,2.0536,100.0,0.0,0.0,0.0,25.25,0.0,26.25,0.0,26.375,0.0,25.375,10.0,0.0,0.0097,52.4498,5.2445,2.0,5.9374,1.3094,-0.0264,1.3608,0.0175,1.3655,1.005e-05,1.0012,0.0001,2.0847,12.0,0.0747,1.002,0.0571,1.9784,0.0066,1.041,0.0735,2.0882,0.0,0.0,0.0,-0.1496,26.0,25.0,38.0,38.0,15.0,0.0,0.0,0.0,0.0,41.1369,64.0,3.8309,0.0,0.0
17687.0,1.7405,0.0926,1.0,0.0799,1.2021,2.0537,1.0537,2.2889,1.2889,26.8144,2.0726,26.3327,2.0533,100.0,0.0,0.0,0.0,25.25,0.0,26.375,0.0,26.375,0.0,25.375,10.0,0.0,0.0097,52.451,5.245,2.0,5.8807,1.3078,-0.0521,1.358,0.026,1.3665,1.005e-05,1.0012,0.0001,2.0844,12.0,0.0739,1.002,0.0572,1.9794,0.0062,1.0154,0.0805,2.1278,0.0,0.0,0.0,-0.1497,25.0,25.0,38.0,38.0,15.0,0.0,0.0,0.0,0.0,41.1369,64.0,4.0191,0.0,0.0
17688.0,1.7405,0.0926,1.0,0.08,1.2022,2.0542,1.0542,2.2887,1.2887,26.7696,2.0708,26.3302,2.0532,100.0,0.0,0.0,0.0,25.25,0.0,26.25,0.0,26.5,0.0,25.375,10.0,0.0,0.0101,52.4499,5.2454,2.0,5.7842,1.3049,-0.118,1.3508,0.023,1.3661,1.005e-05,1.0011,0.0001,2.0849,12.0,0.0734,1.002,0.0517,1.9353,0.0051,0.9329,0.0689,2.0598,0.0,0.0,0.0,-0.1494,25.0,25.0,38.0,38.0,14.0,0.0,0.0,0.0,0.0,41.1372,64.0,4.2391,0.0,0.0
17689.0,1.7397,0.0925,1.0,0.08,1.2022,2.0547,1.0547,2.2882,1.2882,26.653,2.0661,26.3252,2.053,100.0,0.0,0.0,0.0,25.375,0.0,26.25,0.0,26.375,0.0,25.375,10.0,0.0,0.01,52.4481,5.2448,2.0,5.8047,1.3055,-0.0659,1.3565,0.0164,1.3654,1.004e-05,1.001,0.0001,2.0864,12.0,0.0716,1.0019,0.0443,1.8683,0.0067,1.0461,0.0669,2.0471,0.0,0.0,0.0,-0.1493,25.0,25.0,38.0,37.0,15.0,0.0,0.0,0.0,0.0,41.1369,64.0,4.4018,0.0,0.0
17690.0,1.7395,0.0924,1.0,0.0801,1.2026,2.0546,1.0546,2.2884,1.2884,26.5595,2.0624,26.3296,2.0532,100.0,0.0,0.0,0.0,25.125,0.0,26.5,0.0,26.375,0.0,25.375,10.0,0.0,0.0096,52.4502,5.2446,2.0,5.8579,1.3071,-0.0501,1.3582,0.0292,1.3668,1.004e-05,1.001,0.0001,2.0811,12.0,0.0694,1.0019,0.0474,1.8975,0.006,1.0031,0.0658,2.0403,0.0,0.0,0.0,-0.1493,25.0,25.0,38.0,37.0,14.0,0.0,0.0,0.0,0.0,41.1375,64.0,4.5679,0.0,0.0
17691.0,1.7357,0.092,1.0,0.08,1.2023,2.0542,1.0542,2.2882,1.2882,26.6806,2.0672,26.3594,2.0544,100.0,0.0,0.0,0.0,25.25,0.0,26.25,0.0,26.375,0.0,25.375,10.0,0.0,0.0101,52.4514,5.2452,2.0,5.8459,1.3067,-0.0713,1.3559,0.0215,1.366,1.004e-05,1.001,0.0001,2.0898,12.0,0.0684,1.0018,0.0423,1.8477,0.0064,1.0274,0.0775,2.1109,0.0,0.0,0.0,-0.1498,26.0,25.0,38.0,37.0,14.0,0.0,0.0,0.0,0.0,41.137,64.0,4.7432,0.0,0.0
17692.0,1.7362,0.092,1.0,0.0798,1.2016,2.0541,1.0541,2.2886,1.2886,26.8172,2.0727,26.3444,2.0538,100.0,0.0,0.0,0.0,25.125,0.0,26.375,0.0,26.375,0.0,25.375,10.0,0.0,0.0099,52.451,5.2453,2.0,5.8125,1.3057,-0.0818,1.3547,0.016,1.3654,1.005e-05,1.0011,0.0001,2.0914,12.0,0.0713,1.0019,0.0413,1.8382,0.0062,1.0139,0.0795,2.1224,0.0,0.0,0.0,-0.1497,26.0,25.0,38.0,37.0,14.0,0.0,0.0,0.0,0.0,41.1367,64.0,4.9344,0.0,0.0
17693.0,1.7363,0.092,1.0,0.0798,1.2017,2.0542,1.0542,2.2887,1.2887,26.7682,2.0707,26.3275,2.0531,100.0,0.0,0.0,0.0,25.25,0.0,26.375,0.0,26.375,0.0,25.375,10.0,0.0,0.0105,52.448,5.245,2.0,5.8042,1.3055,-0.0714,1.3558,0.0302,1.3669,1.005e-05,1.0012,0.0001,2.0905,12.0,0.072,1.0019,0.047,1.8938,0.006,0.9981,0.0709,2.0727,0.0,0.0,0.0,-0.1494,26.0,25.0,38.0,37.0,14.0,0.0,0.0,0.0,0.0,41.1372,64.0,5.1704,0.0,0.0
17694.0,1.7353,0.0919,1.0,0.08,1.2024,2.0542,1.0542,2.2886,1.2886,26.6778,2.0671,26.3246,2.053,100.0,0.0,0.0,0.0,25.125,0.0,26.375,0.0,26.375,0.0,25.375,10.0,0.0,0.0101,52.4509,5.2448,2.0,5.8387,1.3065,-0.0586,1.3572,0.0181,1.3656,1.005e-05,1.0012,0.0001,2.0887,12.0,0.0751,1.002,0.0393,1.8161,0.0056,0.9686,0.0711,2.074,0.0,0.0,0.0,-0.1494,26.0,25.0,38.0,37.0,12.0,0.0,0.0,0.0,0.0,41.137,64.0,5.3158,0.0,0.0
17695.0,1.7362,0.092,1.0,0.0802,1.2028,2.0542,1.0542,2.2887,1.2887,26.5549,2.0622,26.3153,2.0526,100.0,0.0,0.0,0.0,25.125,0.0,26.375,0.0,26.25,0.0,25.375,10.0,0.0,0.0105,52.4509,5.2453,2.0,5.9222,1.309,0.0045,1.3641,0.0249,1.3664,1.005e-05,1.0012,0.0001,2.0919,12.0,0.074,1.002,0.0395,1.818,0.006,1.0001,0.079,2.1194,0.0,0.0,0.0,-0.1498,26.0,25.0,38.0,37.0,15.0,0.0,0.0,0.0,0.0,41.1369,64.0,5.5297,0.0,0.0
17696.0,1.7364,0.092,1.0,0.0802,1.2029,2.0537,1.0537,2.2885,1.2885,26.6682,2.0667,26.3421,2.0537,100.0,0.0,0.0,0.0,25.25,0.0,26.25,0.0,26.375,0.0,25.375,10.0,0.0,0.0099,52.4507,5.2455,2.0,5.8236,1.3061,-0.0457,1.3587,0.0323,1.3672,1.006e-05,1.0013,0.0001,2.0861,12.0,0.0771,1.0021,0.0332,1.7424,0.0054,0.9575,0.0642,2.0294,0.0,0.0,0.0,-0.1493,26.0,25.0,38.0,37.0,14.0,0.0,0.0,0.0,0.0,41.1363,64.0,5.7183,0.0,0.0
17697.0,1.7363,0.092,1.0,0.0802,1.2028,2.0536,1.0536,2.2885,1.2885,26.8015,2.0721,26.3397,2.0536,100.0,0.0,0.0,0.0,25.125,0.0,26.375,0.0,26.25,0.0,25.375,10.0,0.0,0.0104,52.4475,5.2447,2.0,5.8397,1.3066,-0.0448,1.3588,0.0199,1.3658,1.006e-05,1.0013,0.0001,2.093,12.0,0.0772,1.0021,0.0988,2.2167,0.0063,1.0216,0.0792,2.1205,0.0,0.0,0.0,-0.1496,26.0,25.0,38.0,37.0,14.0,0.0,0.0,0.0,0.0,41.1364,64.0,5.891,0.0,0.0
17698.0,1.7371,0.0921,1.0,0.08,1.2022,2.0544,1.0544,2.2887,1.2887,26.7872,2.0715,26.3322,2.0533,100.0,0.0,0.0,0.0,25.25,0.0,26.25,0.0,26.375,0.0,25.375,10.0,0.0,0.01,52.4511,5.2449,2.0,5.8843,1.3079,0.0549,1.3696,0.0285,1.3667,1.005e-05,1.0012,0.0001,2.0929,12.0,0.0743,1.002,0.097,2.2087,0.0063,1.0208,0.0758,2.1018,0.0,0.0,0.0,-0.1496,26.0,25.0,38.0,38.0,16.0,0.0,0.0,0.0,0.0,41.1372,64.0,6.0783,0.0,0.0
17699.0,1.7365,0.0921,1.0,0.0801,1.2025,2.0546,1.0546,2.2886,1.2886,26.6842,2.0674,26.3269,2.0531,100.0,0.0,0.0,0.0,25.25,0.0,26.25,0.0,26.375,0.0,25.375,10.0,0.0,0.0104,52.4504,5.2453,2.0,5.9503,1.3098,-0.0159,1.3619,0.0317,1.3671,1.005e-05,1.0012,0.0001,2.0914,12.0,0.0715,1.0019,0.0868,2.1604,0.0061,1.0096,0.0691,2.0616,0.0,0.0,0.0,-0.1495,26.0,25.0,38.0,38.0,15.0,0.0,0.0,0.0,0.0,41.1371,64.0,6.2596,0.0,0.0
17700.0,1.7364,0.092,1.0,0.0799,1.2019,2.0543,1.0543,2.2884,1.2884,26.5659,2.0626,26.3233,2.0529,100.0,0.0,0.0,0.0,25.125,0.0,26.375,0.0,26.25,0.0,25.375,10.0,0.0,0.0102,52.4476,5.245,2.0,5.8377,1.3065,-0.0485,1.3583,0.0187,1.3657,1.005e-05,1.0011,0.0001,2.0937,12.0,0.0714,1.0019,0.0815,2.1331,0.0059,0.9922,0.0663,2.0433,0.0,0.0,0.0,-0.1499,26.0,25.0,38.0,38.0,13.0,0.0,0.0,0.0,0.0,41.1368,64.0,6.4287,0.0,0.0
17701.0,1.7383,0.0923,1.0,0.0801,1.2024,2.0542,1.0542,2.2883,1.2883,26.6388,2.0656,26.3463,2.0539,100.0,0.0,0.0,0.0,25.125,0.0,26.375,0.0,26.25,0.0,25.375,10.0,0.0,0.01,52.4478,5.2448,2.0,5.797,1.3053,-0.0605,1.357,0.0236,1.3662,1.004e-05,1.001,0.0001,2.0928,12.0,0.0688,1.0018,0.093,2.1904,0.0059,0.995,0.0688,2.0597,0.0,0.0,0.0,-0.1495,26.0,25.0,38.0,38.0,15.0,0.0,0.0,0.0,0.0,41.1372,64.0,6.6097,0.0,0.0
17702.0,1.7384,0.0923,1.0,0.0799,1.2019,2.054,1.054,2.2883,1.2883,26.7722,2.0709,26.3505,2.054,100.0,0.0,0.0,0.0,25.25,0.0,26.375,0.0,26.375,0.0,25.25,10.0,0.0,0.0103,52.4513,5.245,2.0,5.7741,1.3046,-0.0465,1.3586,0.0271,1.3666,1.004e-05,1.001,0.0001,2.0934,12.0,0.0673,1.0018,0.0786,2.117,0.0062,1.0154,0.0753,2.0986,0.0,0.0,0.0,-0.1497,26.0,25.0,38.0,37.0,12.0,0.0,0.0,0.0,0.0,41.1372,64.0,6.7982,0.0,0.0
17703.0,1.7462,0.0933,1.0,0.0798,1.2016,2.0544,1.0544,2.2886,1.2886,26.785,2.0714,26.3333,2.0533,100.0,0.0,0.0,0.0,25.25,0.0,26.375,0.0,26.375,0.0,25.25,10.0,0.0,0.0095,52.4509,5.2453,2.0,5.8503,1.3069,-0.038,1.3595,0.0171,1.3655,1.005e-05,1.0011,0.0001,2.0889,12.0,0.07,1.0019,0.0716,2.0769,0.0061,1.009,0.0787,2.1179,0.0,0.0,0.0,-0.1499,26.0,25.0,38.0,37.0,13.0,0.0,0.0,0.0,0.0,41.1375,64.0,6.997,0.0,0.0
17704.0,1.7533,0.0942,1.0,0.0799,1.202,2.0544,1.0544,2.2885,1.2885,26.6863,2.0675,26.3297,2.0532,100.0,0.0,0.0,0.0,25.25,0.0,26.25,0.0,26.375,0.0,25.375,10.0,0.0,0.0097,52.4486,5.2453,2.0,5.8531,1.307,-0.0141,1.3621,0.0311,1.367,1.005e-05,1.0012,0.0001,2.0945,12.0,0.0731,1.002,0.0723,2.0808,0.0057,0.9752,0.0967,2.2072,0.0,0.0,0.0,-0.1498,26.0,25.0,38.0,37.0,13.0,0.0,0.0,0.0,0.0,41.1367,64.0,7.1814,0.0,0.0
17705.0,1.754,0.0943,1.0,0.0799,1.2019,2.0547,1.0547,2.2884,1.2884,26.5674,2.0627,26.3322,2.0533,100.0,0.0,0.0,0.0,25.125,0.0,26.375,0.0,26.5,0.0,25.25,10.0,0.0,0.0102,52.4482,5.2444,2.0,5.8322,1.3063,-0.0672,1.3563,0.0279,1.3667,1.005e-05,1.0012,0.0001,2.0937,12.0,0.0753,1.002,0.138,2.3616,0.0059,0.9916,0.0832,2.1418,0.0,0.0,0.0,-0.1497,26.0,25.0,38.0,37.0,14.0,0.0,0.0,0.0,0.0,41.137,64.0,7.4199,0.0,0.0
17706.0,1.7539,0.0942,1.0,0.0801,1.2026,2.0543,1.0543,2.2882,1.2882,26.5906,2.0636,26.3498,2.054,100.0,0.0,0.0,0.0,25.25,0.0,26.25,0.0,26.5,0.0,25.375,10.0,0.0,0.01,52.4508,5.2451,2.0,5.7385,1.3035,-0.1226,1.3503,0.0238,1.3662,1.005e-05,1.0012,0.0001,2.0933,12.0,0.0764,1.002,0.1511,2.4011,0.0062,1.0123,0.0794,2.1217,0.0,0.0,0.0,-0.1495,26.0,25.0,38.0,37.0,14.0,0.0,0.0,0.0,0.0,41.1375,64.0,7.5844,0.0,0.0
17707.0,1.7511,0.0939,1.0,0.08,1.2023,2.0536,1.0536,2.2883,1.2883,26.7573,2.0703,26.3528,2.0541,100.0,0.0,0.0,0.0,25.25,0.0,26.375,0.0,26.25,0.0,25.375,10.0,0.0,0.0097,52.4499,5.2453,2.0,5.6102,1.2996,-0.1802,1.344,0.0343,1.3674,1.005e-05,1.0012,0.0001,2.0953,12.0,0.0757,1.002,0.1263,2.3233,0.0065,1.0344,0.0848,2.1501,0.0,0.0,0.0,-0.1494,25.0,25.0,38.0,37.0,14.0,0.0,0.0,0.0,0.0,41.1368,64.0,7.7851,0.0,0.0
17708.0,1.7439,0.093,1.0,0.08,1.2023,2.0538,1.0538,2.2887,1.2887,26.8044,2.0722,26.3377,2.0535,100.0,0.0,0.0,0.0,25.25,0.0,26.5,0.0,26.375,0.0,25.375,10.0,0.0,0.0105,52.448,5.2447,2.0,5.531,1.2971,-0.2284,1.3387,0.0178,1.3656,1.005e-05,1.0012,0.0001,2.0917,12.0,0.0757,1.002,0.1055,2.2451,0.0064,1.0252,0.0852,2.1521,0.0,0.0,0.0,-0.1493,25.0,25.0,38.0,37.0,13.0,0.0,0.0,0.0,0.0,41.137,64.0,7.969,0.0,0.0
17709.0,1.7415,0.0927,1.0,0.0799,1.2021,2.0542,1.0542,2.2886,1.2886,26.7292,2.0692,26.3273,2.0531,100.0,0.0,0.0,0.0,25.125,0.0,26.25,0.0,26.375,0.0,25.25,10.0,0.0,0.01,52.4498,5.2447,2.0,5.5126,1.2965,-0.2165,1.34,0.0286,1.3668,1.005e-05,1.0011,0.0001,2.0951,12.0,0.0734,1.002,0.1024,2.2322,0.0057,0.9802,0.0871,2.162,0.0,0.0,0.0,-0.1496,25.0,25.0,38.0,37.0,12.0,0.0,0.0,0.0,0.0,41.1373,64.0,8.1431,0.0,0.0
17710.0,1.7396,0.0924,1.0,0.08,1.2022,2.0546,1.0546,2.2885,1.2885,26.6071,2.0643,26.3319,2.0533,100.0,0.0,0.0,0.0,25.125,0.0,26.375,0.0,26.375,0.0,25.375,10.0,0.0,0.0099,52.4505,5.2451,2.0,5.4883,1.2958,-0.2283,1.3387,0.034,1.3673,1.004e-05,1.001,0.0001,2.094,12.0,0.0709,1.0019,0.161,2.4286,0.0056,0.9694,0.0783,2.1156,0.0,0.0,0.0,-0.1498,25.0,25.0,38.0,37.0,15.0,0.0,0.0,0.0,0.0,41.1368,64.0,8.3153,0.0,0.0
17711.0,1.7422,0.0928,1.0,0.0799,1.2021,2.0545,1.0545,2.2883,1.2883,26.5676,2.0627,26.3376,2.0535,100.0,0.0,0.0,0.0,25.25,0.0,26.375,0.0,26.375,0.0,25.375,10.0,0.0,0.0103,52.4494,5.2453,2.0,5.4724,1.2953,-0.2453,1.3369,0.0172,1.3655,1.004e-05,1.001,0.0001,2.0952,12.0,0.068,1.0018,0.1676,2.4462,0.0056,0.9678,0.0781,2.1145,0.0,0.0,0.0,-0.1497,26.0,25.0,38.0,37.0,13.0,0.0,0.0,0.0,0.0,41.1366,64.0,8.5178,0.0,0.0
17712.0,1.7415,0.0927,1.0,0.0797,1.2015,2.0536,1.0536,2.2886,1.2886,26.7145,2.0686,26.3511,2.054,100.0,0.0,0.0,0.0,25.25,0.0,26.375,0.0,26.25,0.0,25.375,10.0,0.0,0.0102,52.4481,5.2446,2.0,5.528,1.297,-0.1642,1.3457,0.0287,1.3668,1.004e-05,1.001,0.0001,2.0959,12.0,0.0676,1.0018,0.1478,2.3916,0.0058,0.9875,0.073,2.0854,0.0,0.0,0.0,-0.1493,26.0,25.0,38.0,37.0,13.0,0.0,0.0,0.0,0.0,41.1371,64.0,8.6798,0.0,0.0
17713.0,1.7394,0.0924,1.0,0.0799,1.202,2.0543,1.0543,2.2887,1.2887,26.7939,2.0718,26.3397,2.0536,100.0,0.0,0.0,0.0,25.25,0.0,26.375,0.0,26.375,0.0,25.375,10.0,0.0,0.01,52.4486,5.2446,2.0,5.7159,1.3028,-0.0023,1.3634,0.0332,1.3673,1.004e-05,1.001,0.0001,2.0966,12.0,0.0687,1.0018,0.1245,2.317,0.0064,1.028,0.0671,2.0484,0.0,0.0,0.0,-0.1493,26.0,25.0,38.0,37.0,15.0,0.0,0.0,0.0,0.0,41.1367,64.0,8.8606,0.0,0.0
17714.0,1.7384,0.0923,1.0,0.0801,1.2025,2.0546,1.0546,2.2885,1.2885,26.7295,2.0692,26.339,2.0536,100.0,0.0,0.0,0.0,25.25,0.0,26.375,0.0,26.375,0.0,25.375,10.0,0.0,0.0102,52.4498,5.245,2.0,5.7566,1.3041,-0.0195,1.3615,0.0194,1.3658,1.005e-05,1.0012,0.0001,2.0962,12.0,0.077,1.0021,0.158,2.4204,0.0052,0.9345,0.086,2.1565,0.0,0.0,0.0,-0.1497,26.0,25.0,38.0,37.0,14.0,0.0,0.0,0.0,0.0,41.1364,64.0,9.0511,0.0,0.0
17715.0,1.7373,0.0922,1.0,0.0799,1.2021,2.0547,1.0547,2.2885,1.2885,26.605,2.0642,26.3315,2.0533,100.0,0.0,0.0,0.0,25.375,0.0,26.25,0.0,26.375,0.0,25.375,10.0,0.0,0.0099,52.4491,5.245,2.0,5.7202,1.303,0.0181,1.3656,0.0307,1.367,1.005e-05,1.0012,0.0001,2.0956,12.0,0.0787,1.0021,0.1099,2.2629,0.0064,1.0246,0.0713,2.0749,0.0,0.0,0.0,-0.1496,25.0,25.0,38.0,37.0,14.0,0.0,0.0,0.0,0.0,41.1363,64.0,9.2273,0.0,0.0
17716.0,1.7373,0.0922,1.0,0.0799,1.202,2.0544,1.0544,2.288,1.288,26.5533,2.0621,26.3352,2.0534,100.0,0.0,0.0,0.0,25.25,0.0,26.375,0.0,26.375,0.0,25.25,10.0,0.0,0.0097,52.4479,5.2447,2.0,5.8037,1.3055,0.0227,1.3661,0.031,1.367,1.005e-05,1.0011,0.0001,2.0976,12.0,0.073,1.0019,0.1133,2.276,0.0055,0.9628,0.0709,2.0723,0.0,0.0,0.0,-0.1498,25.0,25.0,38.0,37.0,15.0,0.0,0.0,0.0,0.0,41.1372,64.0,9.4176,0.0,0.0
17717.0,1.7373,0.0922,1.0,0.0799,1.2021,2.0536,1.0536,2.2882,1.2882,26.6864,2.0675,26.3501,2.054,100.0,0.0,0.0,0.0,25.25,0.0,26.375,0.0,26.25,0.0,25.375,10.0,0.0,0.0096,52.45,5.245,2.0,5.8492,1.3068,0.0474,1.3688,0.022,1.366,1.005e-05,1.001,0.0001,2.0939,12.0,0.0704,1.0019,0.1428,2.3766,0.0066,1.0436,0.0705,2.0701,0.0,0.0,0.0,-0.1496,25.0,25.0,38.0,37.0,14.0,0.0,0.0,0.0,0.0,41.1375,64.0,9.5944,0.0,0.0
17718.0,1.7372,0.0921,1.0,0.08,1.2024,2.0536,1.0536,2.2889,1.2889,26.7997,2.072,26.3426,2.0537,100.0,0.0,0.0,0.0,25.25,0.0,26.375,0.0,26.375,0.0,25.25,10.0,0.0,0.01,52.4496,5.2451,2.0,5.8205,1.306,0.0234,1.3662,0.0335,1.3673,1.004e-05,1.001,0.0001,2.0956,12.0,0.0679,1.0018,0.0946,2.1978,0.0064,1.0248,0.0672,2.0493,0.0,0.0,0.0,-0.1496,25.0,25.0,38.0,37.0,14.0,0.0,0.0,0.0,0.0,41.1374,64.0,9.7966,0.0,0.0
17719.0,1.7373,0.0922,1.0,0.0797,1.2015,2.0546,1.0546,2.289,1.289,26.7409,2.0696,26.3392,2.0536,100.0,0.0,0.0,0.0,25.25,0.0,26.375,0.0,26.5,0.0,25.375,10.0,0.0,0.0097,52.4485,5.245,2.0,5.7207,1.303,-0.0739,1.3556,0.0225,1.3661,1.004e-05,1.001,0.0001,2.096,12.0,0.0655,1.0017,0.1174,2.2917,0.0057,0.9779,0.0638,2.0263,0.0,0.0,0.0,-0.1495,25.0,25.0,38.0,37.0,13.0,0.0,0.0,0.0,0.0,41.1364,64.0,9.9838,0.0,0.0
17720.0,1.7383,0.0923,1.0,0.0795,1.201,2.0549,1.0549,2.2887,1.2887,26.6371,2.0655,26.3352,2.0534,100.0,0.0,0.0,0.0,25.25,0.0,26.25,0.0,26.375,0.0,25.375,10.0,0.0,0.0099,52.4488,5.2446,2.0,5.6428,1.3006,-0.1166,1.3509,0.0264,1.3665,1.004e-05,1.0009,0.0001,2.0911,12.0,0.0668,1.0018,0.1083,2.2563,0.0064,1.0267,0.0753,2.0986,0.0,0.0,0.0,-0.1494,25.0,25.0,38.0,37.0,14.0,0.0,0.0,0.0,0.0,41.1366,64.0,10.1623,0.0,0.0
17721.0,1.7384,0.0923,1.0,0.0797,1.2014,2.0546,1.0546,2.2884,1.2884,26.5392,2.0616,26.3388,2.0536,100.0,0.0,0.0,0.0,25.25,0.0,26.375,0.0,26.25,0.0,25.25,10.0,0.0,0.0096,52.4491,5.2449,2.0,5.5696,1.2983,-0.1368,1.3487,0.033,1.3672,1.005e-05,1.001,0.0001,2.0977,12.0,0.0681,1.0018,0.0875,2.1638,0.0061,1.004,0.071,2.0732,0.0,0.0,0.0,-0.1495,25.0,25.0,38.0,37.0,14.0,0.0,0.0,0.0,0.0,41.1368,64.0,10.3034,0.0,0.0
17722.0,1.7394,0.0924,1.0,0.0798,1.2017,2.0541,1.0541,2.2882,1.2882,26.6479,2.0659,26.3582,2.0543,100.0,0.0,0.0,0.0,25.25,0.0,26.25,0.0,26.375,0.0,25.375,10.0,0.0,0.0098,52.4487,5.245,2.0,5.5034,1.2963,-0.1837,1.3436,0.0192,1.3657,1.004e-05,1.001,0.0001,2.0938,12.0,0.0716,1.0019,0.1031,2.2351,0.0059,0.9922,0.0654,2.0372,0.0,0.0,0.0,-0.1498,25.0,25.0,38.0,37.0,15.0,0.0,0.0,0.0,0.0,41.1366,64.0,10.4782,0.0,0.0
17723.0,1.7394,0.0924,1.0,0.0798,1.2018,2.054,1.054,2.2884,1.2884,26.7905,2.0716,26.355,2.0542,100.0,0.0,0.0,0.0,25.125,0.0,26.375,0.0,26.25,0.0,25.375,10.0,0.0,0.01,52.4479,5.2448,2.0,5.6182,1.2998,-0.0348,1.3598,0.0306,1.367,1.005e-05,1.0011,0.0001,2.0977,12.0,0.0726,1.0019,0.0964,2.206,0.0059,0.995,0.0655,2.0383,0.0,0.0,0.0,-0.1496,25.0,25.0,38.0,37.0,13.0,0.0,0.0,0.0,0.0,41.1364,64.0,10.6841,0.0,0.0
17724.0,1.7396,0.0925,1.0,0.0799,1.2021,2.0545,1.0545,2.2887,1.2887,26.7614,2.0705,26.341,2.0536,100.0,0.0,0.0,0.0,25.25,0.0,26.25,0.0,26.25,0.0,25.25,10.0,0.0,0.0099,52.4487,5.2446,2.0,5.7318,1.3033,0.0058,1.3643,0.0382,1.3678,1.005e-05,1.0012,0.0001,2.0957,12.0,0.0739,1.002,0.0895,2.1735,0.0059,0.9926,0.0645,2.0312,0.0,0.0,0.0,-0.1495,26.0,25.0,38.0,37.0,15.0,0.0,0.0,0.0,0.0,41.1364,64.0,10.8474,0.0,0.0
17725.0,1.7397,0.0925,1.0,0.0801,1.2024,2.0547,1.0547,2.2887,1.2887,26.6584,2.0663,26.3349,2.0534,100.0,0.0,0.0,0.0,25.25,0.0,26.25,0.0,26.25,0.0,25.375,10.0,0.0,0.0099,52.449,5.245,2.0,5.7478,1.3038,-0.0261,1.3608,0.0209,1.3659,1.005e-05,1.0012,0.0001,2.097,12.0,0.0723,1.0019,0.1454,2.3844,0.0063,1.0218,0.0642,2.0295,0.0,0.0,0.0,-0.1494,26.0,25.0,38.0,37.0,14.0,0.0,0.0,0.0,0.0,41.1364,64.0,11.0262,0.0,0.0
17726.0,1.7394,0.0924,1.0,0.08,1.2022,2.0546,1.0546,2.2884,1.2884,26.5478,2.0619,26.3383,2.0535,100.0,0.0,0.0,0.0,25.25,0.0,26.375,0.0,26.375,0.0,25.375,10.0,0.0,0.0102,52.4491,5.245,2.0,5.6883,1.302,-0.0225,1.3612,0.0279,1.3667,1.004e-05,1.0009,0.0001,2.0958,12.0,0.0672,1.0018,0.129,2.3326,0.0058,0.9853,0.064,2.0278,0.0,0.0,0.0,-0.1495,26.0,25.0,38.0,37.0,16.0,0.0,0.0,0.0,0.0,41.1366,64.0,11.2025,0.0,0.0
17727.0,1.7384,0.0923,1.0,0.0796,1.2011,2.0541,1.0541,2.2879,1.2879,26.651,2.066,26.3573,2.0543,100.0,0.0,0.0,0.0,25.25,0.0,26.375,0.0,26.5,0.0,25.375,10.0,0.0,0.0096,52.4483,5.245,2.0,5.6125,1.2997,-0.086,1.3543,0.0347,1.3674,1.004e-05,1.0009,0.0001,2.098,12.0,0.0658,1.0018,0.1443,2.3813,0.0062,1.0127,0.0561,1.9711,0.0,0.0,0.0,-0.1496,26.0,25.0,38.0,37.0,13.0,0.0,0.0,0.0,0.0,41.1372,64.0,11.3889,0.0,0.0
17728.0,1.7363,0.092,1.0,0.0796,1.2011,2.054,1.054,2.2884,1.2884,26.7984,2.0719,26.356,2.0542,100.0,0.0,0.0,0.0,25.125,0.0,26.25,0.0,26.375,0.0,25.25,10.0,0.0,0.01,52.4485,5.2446,2.0,5.6208,1.2999,-0.0195,1.3615,0.0198,1.3658,1.004e-05,1.0009,0.0001,2.0976,12.0,0.0663,1.0018,0.133,2.3457,0.0062,1.0119,0.0587,1.9907,0.0,0.0,0.0,-0.1495,25.0,25.0,38.0,37.0,13.0,0.0,0.0,0.0,0.0,41.1371,64.0,11.613,0.0,0.0
17729.0,1.7373,0.0922,1.0,0.08,1.2024,2.0545,1.0545,2.2887,1.2887,26.7784,2.0711,26.3431,2.0537,100.0,0.0,0.0,0.0,25.25,0.0,26.375,0.0,26.25,0.0,25.375,10.0,0.0,0.0094,52.4497,5.2451,2.0,5.69,1.302,0.0344,1.3674,0.0334,1.3673,1.004e-05,1.001,0.0001,2.0956,12.0,0.066,1.0018,0.1031,2.2351,0.0052,0.94,0.0553,1.9646,0.0,0.0,0.0,-0.1495,25.0,25.0,38.0,37.0,15.0,0.0,0.0,0.0,0.0,41.137,64.0,11.791,0.0,0.0
17730.0,1.7384,0.0923,1.0,0.0798,1.2017,2.0547,1.0547,2.2889,1.2889,26.6909,2.0676,26.3289,2.0532,100.0,0.0,0.0,0.0,25.125,0.0,26.25,0.0,26.25,0.0,25.375,10.0,0.0,0.0101,52.4484,5.245,2.0,5.8398,1.3066,0.0751,1.3718,0.0246,1.3663,1.004e-05,1.001,0.0001,2.099,12.0,0.0665,1.0018,0.1168,2.2893,0.0065,1.0371,0.0519,1.9366,0.0,0.0,0.0,-0.149,25.0,25.0,38.0,37.0,13.0,0.0,0.0,0.0,0.0,41.1373,64.0,11.9602,0.0,0.0
17731.0,1.7458,0.0932,1.0,0.0797,1.2015,2.0546,1.0546,2.2884,1.2884,26.5574,2.0623,26.3238,2.053,100.0,0.0,0.0,0.0,25.125,0.0,26.375,0.0,26.375,0.0,25.25,10.0,0.0,0.0102,52.4478,5.2448,2.0,5.7913,1.3051,0.0345,1.3674,0.0235,1.3662,1.005e-05,1.0011,0.0001,2.0952,12.0,0.0718,1.0019,0.1086,2.2577,0.0061,1.0102,0.0456,1.8806,0.0,0.0,0.0,-0.1495,25.0,25.0,38.0,37.0,12.0,0.0,0.0,0.0,0.0,41.1364,64.0,12.1371,0.0,0.0
17732.0,1.7477,0.0935,1.0,0.0799,1.202,2.0543,1.0543,2.2882,1.2882,26.5994,2.064,26.3506,2.054,100.0,0.0,0.0,0.0,25.25,0.0,26.375,0.0,26.375,0.0,25.375,10.0,0.0,0.0099,52.4491,5.2449,2.0,5.7406,1.3036,0.0165,1.3654,0.0329,1.3672,1.005e-05,1.0011,0.0001,2.0897,12.0,0.0734,1.002,0.1051,2.2433,0.0061,1.0042,0.0585,1.9892,0.0,0.0,0.0,-0.1495,26.0,25.0,38.0,37.0,13.0,0.0,0.0,0.0,0.0,41.1369,64.0,12.285,0.0,0.0
17733.0,1.7468,0.0933,1.0,0.0799,1.2021,2.054,1.054,2.2883,1.2883,26.7652,2.0706,26.3515,2.0541,100.0,0.0,0.0,0.0,25.25,0.0,26.375,0.0,26.375,0.0,25.375,10.0,0.0,0.01,52.4494,5.245,2.0,5.7579,1.3041,0.0475,1.3688,0.0189,1.3657,1.005e-05,1.0011,0.0001,2.0971,12.0,0.073,1.0019,0.1071,2.2515,0.0064,1.0285,0.0592,1.9941,0.0,0.0,0.0,-0.1494,26.0,25.0,38.0,37.0,13.0,0.0,0.0,0.0,0.0,41.137,64.0,12.4969,0.0,0.0
17734.0,1.7476,0.0934,1.0,0.0799,1.2019,2.0543,1.0543,2.2887,1.2887,26.7955,2.0718,26.3352,2.0534,100.0,0.0,0.0,0.0,25.25,0.0,26.25,0.0,26.375,0.0,25.375,10.0,0.0,0.0098,52.4486,5.245,2.0,5.9405,1.3095,0.1392,1.3788,0.0282,1.3667,1.005e-05,1.0012,0.0001,2.0918,12.0,0.0739,1.002,0.1117,2.2699,0.0055,0.966,0.0542,1.9561,0.0,0.0,0.0,-0.1493,26.0,25.0,38.0,37.0,14.0,0.0,0.0,0.0,0.0,41.1371,64.0,12.6641,0.0,0.0
17735.0,1.7496,0.0937,1.0,0.08,1.2024,2.0547,1.0547,2.2886,1.2886,26.7096,2.0684,26.3363,2.0535,100.0,0.0,0.0,0.0,25.25,0.0,26.375,0.0,26.375,0.0,25.375,10.0,0.0,0.01,52.4484,5.2447,2.0,6.0102,1.3116,0.1852,1.3838,0.0372,1.3677,1.005e-05,1.0012,0.0001,2.097,12.0,0.0753,1.002,0.0894,2.1733,0.0055,0.9632,0.07,2.0671,0.0,0.0,0.0,-0.1498,26.0,25.0,38.0,38.0,16.0,0.0,0.0,0.0,0.0,41.137,64.0,12.8466,0.0,0.0
17736.0,1.745,0.0931,1.0,0.08,1.2024,2.0546,1.0546,2.2884,1.2884,26.5599,2.0624,26.334,2.0534,100.0,0.0,0.0,0.0,25.25,0.0,26.375,0.0,26.375,0.0,25.5,10.0,0.0,0.0095,52.4485,5.2448,2.0,6.0085,1.3115,0.1703,1.3822,0.0277,1.3667,1.004e-05,1.001,0.0001,2.0954,12.0,0.0686,1.0018,0.1717,2.4565,0.0064,1.0273,0.0635,2.0247,0.0,0.0,0.0,-0.1496,26.0,25.0,38.0,38.0,12.0,0.0,0.0,0.0,0.0,41.1364,64.0,13.0296,0.0,0.0
17737.0,1.7405,0.0926,1.0,0.0799,1.2019,2.0539,1.0539,2.2887,1.2887,26.6135,2.0645,26.3435,2.0537,100.0,0.0,0.0,0.0,25.375,0.0,26.375,0.0,26.375,0.0,25.375,10.0,0.0,0.0094,52.4492,5.2449,2.0,6.0286,1.3121,0.1901,1.3844,0.024,1.3663,1.004e-05,1.001,0.0001,2.097,12.0,0.0683,1.0018,0.1339,2.3486,0.0064,1.0251,0.0631,2.0215,0.0,0.0,0.0,-0.1496,26.0,25.0,38.0,38.0,14.0,0.0,0.0,0.0,0.0,41.1365,64.0,13.2709,0.0,0.0
17738.0,1.7405,0.0926,1.0,0.0797,1.2015,2.0536,1.0536,2.2887,1.2887,26.7647,2.0706,26.3486,2.0539,100.0,0.0,0.0,0.0,25.375,0.0,26.375,0.0,26.375,0.0,25.375,10.0,0.0,0.0098,52.4486,5.245,2.0,5.9912,1.311,0.1028,1.3749,0.0355,1.3675,1.004e-05,1.001,0.0001,2.0944,12.0,0.068,1.0018,0.1425,2.3758,0.0052,0.9342,0.06,2.0001,0.0,0.0,0.0,-0.1492,26.0,25.0,38.0,38.0,15.0,0.0,0.0,0.0,0.0,41.1366,64.0,13.4292,0.0,0.0
17739.0,1.7405,0.0926,1.0,0.0799,1.2019,2.0541,1.0541,2.289,1.289,26.7864,2.0715,26.3374,2.0535,100.0,0.0,0.0,0.0,25.25,0.0,26.375,0.0,26.375,0.0,25.375,10.0,0.0,0.0103,52.4485,5.2448,2.0,5.9631,1.3102,0.1716,1.3824,0.0173,1.3655,1.004e-05,1.001,0.0001,2.0971,12.0,0.0653,1.0017,0.2107,2.5455,0.0067,1.0455,0.0624,2.0171,0.0,0.0,0.0,-0.1498,26.0,25.0,38.0,37.0,13.0,0.0,0.0,0.0,0.0,41.1361,64.0,13.646,0.0,0.0
17740.0,1.7408,0.0926,1.0,0.0796,1.2012,2.0547,1.0547,2.289,1.289,26.7253,2.069,26.3295,2.0532,100.0,0.0,0.0,0.0,25.25,0.0,26.375,0.0,26.375,0.0,25.5,10.0,0.0,0.0101,52.4486,5.2449,2.0,6.1238,1.3148,0.2603,1.392,0.0319,1.3671,1.004e-05,1.001,0.0001,2.0979,12.0,0.0655,1.0017,0.1864,2.4923,0.0057,0.9771,0.0534,1.949,0.0,0.0,0.0,-0.1498,26.0,25.0,38.0,37.0,13.0,0.0,0.0,0.0,0.0,41.137,64.0,13.8082,0.0,0.0
17741.0,1.7425,0.0928,1.0,0.0798,1.2018,2.0546,1.0546,2.2889,1.2889,26.5952,2.0638,26.3244,2.053,100.0,0.0,0.0,0.0,25.25,0.0,26.25,0.0,26.375,0.0,25.375,10.0,0.0,0.0098,52.4485,5.2449,2.0,6.1983,1.3169,0.3361,1.4003,0.0332,1.3673,1.004e-05,1.001,0.0001,2.0913,12.0,0.0672,1.0018,0.2538,2.6264,0.006,0.997,0.0496,1.9175,0.0,0.0,0.0,-0.1497,26.0,25.0,38.0,37.0,15.0,0.0,0.0,0.0,0.0,41.1367,64.0,13.9918,0.0,0.0
17742.0,1.7427,0.0928,1.0,0.0798,1.2016,2.0545,1.0545,2.2883,1.2883,26.5562,2.0622,26.3374,2.0535,100.0,0.0,0.0,0.0,25.25,0.0,26.25,0.0,26.5,0.0,25.375,10.0,0.0,0.0092,52.4485,5.2448,2.0,6.4079,1.3227,0.3868,1.4058,0.0224,1.3661,1.004e-05,1.001,0.0001,2.098,12.0,0.0671,1.0018,0.2474,2.6153,0.0063,1.024,0.0573,1.9802,0.0,0.0,0.0,-0.1497,26.0,25.0,38.0,37.0,13.0,0.0,0.0,0.0,0.0,41.137,64.0,14.1677,0.0,0.0
17743.0,1.7436,0.0929,1.0,0.0798,1.2018,2.0541,1.0541,2.2882,1.2882,26.7043,2.0682,26.3523,2.0541,100.0,0.0,0.0,0.0,25.125,0.0,26.25,0.0,26.25,0.0,25.375,10.0,0.0,0.0096,52.4486,5.2449,2.0,6.3963,1.3224,0.3633,1.4033,0.0358,1.3675,1.005e-05,1.001,0.0001,2.095,12.0,0.0674,1.0018,0.2321,2.5876,0.0064,1.029,0.061,2.0069,0.0,0.0,0.0,-0.1499,26.0,25.0,38.0,37.0,12.0,0.0,0.0,0.0,0.0,41.1366,64.0,14.3643,0.0,0.0
17744.0,1.7426,0.0928,1.0,0.0799,1.2019,2.0541,1.0541,2.2887,1.2887,26.8077,2.0723,26.3391,2.0536,100.0,0.0,0.0,0.0,25.25,0.0,26.375,0.0,26.375,0.0,25.25,10.0,0.0,0.0092,52.4486,5.2449,2.0,6.4157,1.3229,0.3774,1.4048,0.0346,1.3674,1.005e-05,1.0011,0.0001,2.0938,12.0,0.0738,1.002,0.2527,2.6244,0.0058,0.988,0.0615,2.0109,0.0,0.0,0.0,-0.1494,26.0,25.0,38.0,37.0,13.0,0.0,0.0,0.0,0.0,41.1372,64.0,14.5396,0.0,0.0
17745.0,1.7418,0.0927,1.0,0.0799,1.2019,2.0546,1.0546,2.2886,1.2886,26.7219,2.0689,26.3372,2.0535,100.0,0.0,0.0,0.0,25.25,0.0,26.375,0.0,26.25,0.0,25.375,10.0,0.0,0.0103,52.4485,5.2448,2.0,6.5887,1.3275,0.4671,1.4146,0.0231,1.3662,1.005e-05,1.0011,0.0001,2.0934,12.0,0.0734,1.002,0.2003,2.5235,0.006,0.9996,0.0544,1.9576,0.0,0.0,0.0,-0.1491,26.0,25.0,38.0,37.0,13.0,0.0,0.0,0.0,0.0,41.1373,64.0,14.7292,0.0,0.0
17746.0,1.7417,0.0927,1.0,0.0798,1.2016,2.0547,1.0547,2.2885,1.2885,26.6226,2.0649,26.334,2.0534,100.0,0.0,0.0,0.0,25.25,0.0,26.375,0.0,26.25,0.0,25.375,10.0,0.0,0.0096,52.4484,5.2449,2.0,6.558,1.3267,0.4098,1.4083,0.0368,1.3676,1.005e-05,1.0011,0.0001,2.0907,12.0,0.0707,1.0019,0.1864,2.4923,0.0061,1.0049,0.0543,1.9569,0.0,0.0,0.0,-0.1494,26.0,25.0,38.0,37.0,13.0,0.0,0.0,0.0,0.0,41.1373,64.0,14.9095,0.0,0.0
17747.0,1.7415,0.0927,1.0,0.0801,1.2024,2.0541,1.0541,2.2886,1.2886,26.5671,2.0627,26.3378,2.0535,100.0,0.0,0.0,0.0,25.25,0.0,26.375,0.0,26.375,0.0,25.375,10.0,0.0,0.0097,52.4485,5.2449,2.0,6.3461,1.321,0.2404,1.3899,0.0426,1.3683,1.005e-05,1.0012,0.0001,2.0957,12.0,0.0751,1.002,0.1979,2.5184,0.006,0.9996,0.0539,1.9532,0.0,0.0,0.0,-0.1498,26.0,25.0,38.0,37.0,13.0,0.0,0.0,0.0,0.0,41.1373,64.0,15.0984,0.0,0.0
17748.0,1.7503,0.0938,1.0,0.0801,1.2024,2.0537,1.0537,2.2882,1.2882,26.7073,2.0683,26.3503,2.054,100.0,0.0,0.0,0.0,25.25,0.0,26.25,0.0,26.25,0.0,25.375,10.0,0.0,0.0102,52.4483,5.2448,2.0,6.2443,1.3182,0.1958,1.385,0.025,1.3664,1.005e-05,1.0012,0.0001,2.0908,12.0,0.0771,1.0021,0.1467,2.3884,0.006,0.9988,0.0643,2.0299,0.0,0.0,0.0,-0.1495,26.0,25.0,38.0,37.0,14.0,0.0,0.0,0.0,0.0,41.1371,64.0,15.328,0.0,0.0
17749.0,1.7526,0.0941,1.0,0.0801,1.2026,2.0541,1.0541,2.2886,1.2886,26.8176,2.0727,26.3393,2.0536,100.0,0.0,0.0,0.0,25.125,0.0,26.375,0.0,26.375,0.0,25.375,10.0,0.0,0.01,52.4484,5.2449,2.0,6.2286,1.3178,0.1689,1.3821,0.0351,1.3675,1.005e-05,1.0012,0.0001,2.0971,12.0,0.0758,1.002,0.185,2.4891,0.0059,0.9891,0.0648,2.0333,0.0,0.0,0.0,-0.1496,26.0,25.0,38.0,37.0,13.0,0.0,0.0,0.0,0.0,41.137,64.0,15.5032,0.0,0.0
17750.0,1.7529,0.0941,1.0,0.0799,1.2019,2.0546,1.0546,2.2887,1.2887,26.7645,2.0706,26.3385,2.0535,100.0,0.0,0.0,0.0,25.25,0.0,26.375,0.0,26.5,0.0,25.375,10.0,0.0,0.0098,52.4482,5.2448,2.0,6.1468,1.3155,0.0996,1.3745,0.0404,1.368,1.005e-05,1.0012,0.0001,2.0955,12.0,0.0765,1.002,0.17,2.4522,0.0053,0.9483,0.0584,1.9882,0.0,0.0,0.0,-0.1496,26.0,25.0,38.0,37.0,14.0,0.0,0.0,0.0,0.0,41.1364,64.0,15.6969,0.0,0.0
17751.0,1.7536,0.0942,1.0,0.0798,1.2018,2.0547,1.0547,2.2889,1.2889,26.6386,2.0655,26.3343,2.0534,100.0,0.0,0.0,0.0,25.25,0.0,26.375,0.0,26.375,0.0,25.375,10.0,0.0,0.0089,52.4486,5.2449,2.0,6.1176,1.3146,0.0641,1.3706,0.0279,1.3667,1.005e-05,1.0011,0.0001,2.0956,12.0,0.0747,1.002,0.1357,2.3545,0.0056,0.968,0.0847,2.1495,0.0,0.0,0.0,-0.1495,26.0,25.0,38.0,38.0,15.0,0.0,0.0,0.0,0.0,41.1373,64.0,15.8785,0.0,0.0
17752.0,1.754,0.0942,1.0,0.0801,1.2025,2.0546,1.0546,2.2883,1.2883,26.5482,2.0619,26.3379,2.0535,100.0,0.0,0.0,0.0,25.25,0.0,26.375,0.0,26.375,0.0,25.25,10.0,0.0,0.0092,52.4487,5.2448,2.0,6.062,1.313,0.0987,1.3744,0.0399,1.368,1.005e-05,1.0011,0.0001,2.0975,12.0,0.0713,1.0019,0.1523,2.4044,0.0065,1.0347,0.0852,2.1521,0.0,0.0,0.0,-0.1497,26.0,25.0,38.0,38.0,15.0,0.0,0.0,0.0,0.0,41.1367,64.0,16.0527,0.0,0.0
17753.0,1.7538,0.0942,1.0,0.08,1.2022,2.0541,1.0541,2.2886,1.2886,26.6458,2.0658,26.3474,2.0539,100.0,0.0,0.0,0.0,25.25,0.0,26.25,0.0,26.375,0.0,25.25,10.0,0.0,0.0095,52.4485,5.2448,2.0,6.1555,1.3157,0.0883,1.3733,0.0377,1.3677,1.005e-05,1.0011,0.0001,2.0933,12.0,0.072,1.0019,0.1273,2.3267,0.0061,1.0081,0.0996,2.2202,0.0,0.0,0.0,-0.1493,25.0,25.0,38.0,38.0,13.0,0.0,0.0,0.0,0.0,41.1364,64.0,16.2193,0.0,0.0
17754.0,1.7508,0.0939,1.0,0.0799,1.202,2.0536,1.0536,2.2885,1.2885,26.7991,2.072,26.3464,2.0539,100.0,0.0,0.0,0.0,25.25,0.0,26.375,0.0,26.5,0.0,25.375,10.0,0.0,0.0101,52.4487,5.2449,2.0,6.074,1.3134,0.0816,1.3725,0.0323,1.3672,1.005e-05,1.0011,0.0001,2.0971,12.0,0.0714,1.0019,0.1422,2.3749,0.0062,1.013,0.0836,2.1438,0.0,0.0,0.0,-0.1496,25.0,25.0,38.0,38.0,13.0,0.0,0.0,0.0,0.0,41.137,64.0,16.4226,0.0,0.0
17755.0,1.7476,0.0935,1.0,0.08,1.2022,2.0545,1.0545,2.2887,1.2887,26.775,2.071,26.3327,2.0533,100.0,0.0,0.0,0.0,25.125,0.0,26.25,0.0,26.375,0.0,25.375,10.0,0.0,0.0096,52.4482,5.2448,2.0,6.0062,1.3114,-0.0111,1.3624,0.0427,1.3683,1.004e-05,1.001,0.0001,2.0958,12.0,0.0713,1.0019,0.1375,2.3603,0.0056,0.9719,0.0889,2.1707,0.0,0.0,0.0,-0.1495,25.0,25.0,38.0,37.0,13.0,0.0,0.0,0.0,0.0,41.1372,64.0,16.5927,0.0,0.0
17756.0,1.744,0.093,1.0,0.0801,1.2025,2.0546,1.0546,2.2888,1.2888,26.6404,2.0656,26.3249,2.053,100.0,0.0,0.0,0.0,25.25,0.0,26.375,0.0,26.375,0.0,25.375,10.0,0.0,0.0099,52.4488,5.2449,2.0,5.8419,1.3066,-0.1092,1.3517,0.0452,1.3686,1.004e-05,1.0009,0.0001,2.0978,12.0,0.0703,1.0019,0.1101,2.2636,0.0051,0.9257,0.0809,2.1297,0.0,0.0,0.0,-0.1496,25.0,25.0,38.0,37.0,14.0,0.0,0.0,0.0,0.0,41.1369,64.0,16.7723,0.0,0.0
17757.0,1.7415,0.0927,1.0,0.0799,1.202,2.0547,1.0547,2.2884,1.2884,26.5405,2.0616,26.3276,2.0531,100.0,0.0,0.0,0.0,25.25,0.0,26.375,0.0,26.375,0.0,25.375,10.0,0.0,0.0098,52.4486,5.2448,2.0,5.774,1.3046,-0.1249,1.35,0.0286,1.3668,1.004e-05,1.001,0.0001,2.0955,12.0,0.0683,1.0018,0.1141,2.2791,0.0058,0.9849,0.0765,2.1053,0.0,0.0,0.0,-0.1493,26.0,25.0,38.0,37.0,14.0,0.0,0.0,0.0,0.0,41.1369,64.0,16.9609,0.0,0.0
17758.0,1.7424,0.0928,1.0,0.0798,1.2018,2.0542,1.0542,2.2882,1.2882,26.6355,2.0654,26.3505,2.054,100.0,0.0,0.0,0.0,25.25,0.0,26.375,0.0,26.375,0.0,25.375,10.0,0.0,0.01,52.4483,5.2448,2.0,5.9069,1.3085,-0.0019,1.3634,0.0392,1.3679,1.005e-05,1.0011,0.0001,2.0977,12.0,0.0698,1.0019,0.1073,2.2525,0.0054,0.951,0.0926,2.1884,0.0,0.0,0.0,-0.1494,26.0,25.0,38.0,37.0,14.0,0.0,0.0,0.0,0.0,41.1367,64.0,17.1782,0.0,0.0
17759.0,1.7426,0.0928,1.0,0.0799,1.2019,2.054,1.054,2.2885,1.2885,26.7964,2.0719,26.3558,2.0542,100.0,0.0,0.0,0.0,25.25,0.0,26.375,0.0,26.375,0.0,25.375,10.0,0.0,0.0097,52.448,5.2448,2.0,5.916,1.3088,-0.0576,1.3573,0.045,1.3685,1.005e-05,1.0011,0.0001,2.0974,12.0,0.0722,1.0019,0.0939,2.1947,0.0064,1.0252,0.0812,2.1314,0.0,0.0,0.0,-0.1495,26.0,25.0,38.0,37.0,14.0,0.0,0.0,0.0,0.0,41.1371,64.0,17.3216,0.0,0.0
17760.0,1.7434,0.0929,1.0,0.0799,1.2019,2.0548,1.0548,2.2887,1.2887,26.7835,2.0713,26.3418,2.0537,100.0,0.0,0.0,0.0,25.25,0.0,26.375,0.0,26.375,0.0,25.375,10.0,0.0,0.0096,52.4483,5.2448,2.0,5.8946,1.3082,-0.0026,1.3634,0.0332,1.3673,1.005e-05,1.0011,0.0001,2.0923,12.0,0.0714,1.0019,0.0927,2.1889,0.0058,0.9854,0.0835,2.1437,0.0,0.0,0.0,-0.1498,26.0,25.0,38.0,37.0,14.0,0.0,0.0,0.0,0.0,41.1364,64.0,17.5282,0.0,0.0
17761.0,1.743,0.0929,1.0,0.0799,1.2019,2.0547,1.0547,2.2887,1.2887,26.694,2.0678,26.3276,2.0531,100.0,0.0,0.0,0.0,25.375,0.0,26.375,0.0,26.25,0.0,25.375,10.0,0.0,0.0103,52.4481,5.2448,2.0,5.9899,1.311,0.0201,1.3658,0.046,1.3687,1.005e-05,1.0011,0.0001,2.0985,12.0,0.0722,1.0019,0.0926,2.1884,0.0055,0.9584,0.0768,2.107,0.0,0.0,0.0,-0.1498,26.0,25.0,38.0,37.0,14.0,0.0,0.0,0.0,0.0,41.1367,64.0,17.6831,0.0,0.0
17762.0,1.7409,0.0926,1.0,0.0799,1.2019,2.0543,1.0543,2.2888,1.2888,26.5502,2.062,26.3246,2.053,100.0,0.0,0.0,0.0,25.25,0.0,26.375,0.0,26.375,0.0,25.5,10.0,0.0,0.0098,52.4481,5.2448,2.0,5.9654,1.3103,0.0366,1.3676,0.046,1.3687,1.005e-05,1.0012,0.0001,2.095,12.0,0.0727,1.0019,0.0738,2.0898,0.0057,0.9743,0.0673,2.0502,0.0,0.0,0.0,-0.1496,26.0,25.0,38.0,37.0,14.0,0.0,0.0,0.0,0.0,41.1366,64.0,17.8683,0.0,0.0
17763.0,1.7391,0.0924,1.0,0.0798,1.2018,2.0539,1.0539,2.2887,1.2887,26.5947,2.0638,26.3421,2.0537,100.0,0.0,0.0,0.0,25.125,0.0,26.25,0.0,26.375,0.0,25.375,10.0,0.0,0.0101,52.4479,5.2448,2.0,6.1346,1.3151,0.1013,1.3747,0.0357,1.3675,1.005e-05,1.0011,0.0001,2.0975,12.0,0.075,1.002,0.0908,2.1801,0.0063,1.0213,0.0852,2.1522,0.0,0.0,0.0,-0.1493,26.0,25.0,38.0,37.0,13.0,0.0,0.0,0.0,0.0,41.1368,64.0,18.0596,0.0,0.0
17764.0,1.7384,0.0923,1.0,0.0801,1.2025,2.0536,1.0536,2.2884,1.2884,26.7679,2.0707,26.352,2.0541,100.0,0.0,0.0,0.0,25.25,0.0,26.375,0.0,26.25,0.0,25.125,10.0,0.0,0.0099,52.4483,5.2449,2.0,6.1084,1.3144,0.1229,1.377,0.0466,1.3687,1.005e-05,1.0012,0.0001,2.0969,12.0,0.0761,1.002,0.0827,2.1392,0.0058,0.9867,0.0743,2.0928,0.0,0.0,0.0,-0.1498,26.0,25.0,38.0,37.0,13.0,0.0,0.0,0.0,0.0,41.1363,64.0,18.2606,0.0,0.0
17765.0,1.7393,0.0924,1.0,0.0801,1.2026,2.0543,1.0543,2.2887,1.2887,26.8071,2.0723,26.3348,2.0534,100.0,0.0,0.0,0.0,25.25,0.0,26.375,0.0,26.5,0.0,25.25,10.0,0.0,0.0094,52.4484,5.2448,2.0,6.0964,1.314,0.039,1.3679,0.0494,1.369,1.005e-05,1.0012,0.0001,2.0922,12.0,0.078,1.0021,0.0662,2.0427,0.0062,1.0164,0.081,2.1303,0.0,0.0,0.0,-0.1496,26.0,25.0,38.0,37.0,13.0,0.0,0.0,0.0,0.0,41.1363,64.0,18.3914,0.0,0.0
17766.0,1.7394,0.0924,1.0,0.08,1.2022,2.0543,1.0543,2.289,1.289,26.6832,2.0673,26.3278,2.0531,100.0,0.0,0.0,0.0,25.0,0.0,26.375,0.0,26.375,0.0,25.375,10.0,0.0,0.0101,52.4478,5.2448,2.0,5.9868,1.3109,0.0098,1.3647,0.0459,1.3686,1.005e-05,1.0012,0.0001,2.0956,12.0,0.0759,1.002,0.0706,2.0708,0.0056,0.9705,0.0673,2.0502,0.0,0.0,0.0,-0.1499,26.0,25.0,38.0,37.0,16.0,0.0,0.0,0.0,0.0,41.1368,64.0,18.571,0.0,0.0
17767.0,1.7394,0.0924,1.0,0.0799,1.202,2.0542,1.0542,2.2889,1.2889,26.5873,2.0635,26.3155,2.0526,100.0,0.0,0.0,0.0,25.25,0.0,26.375,0.0,26.375,0.0,25.375,10.0,0.0,0.0099,52.448,5.2449,2.0,6.0447,1.3126,0.0267,1.3666,0.0452,1.3686,1.005e-05,1.0011,0.0001,2.0947,12.0,0.0749,1.002,0.0666,2.0454,0.006,1.0008,0.0747,2.0953,0.0,0.0,0.0,-0.1495,26.0,25.0,38.0,37.0,13.0,0.0,0.0,0.0,0.0,41.1372,64.0,18.758,0.0,0.0
17768.0,1.7394,0.0924,1.0,0.0798,1.2018,2.0539,1.0539,2.2882,1.2882,26.5955,2.0638,26.3416,2.0537,100.0,0.0,0.0,0.0,25.25,0.0,26.375,0.0,26.5,0.0,25.375,10.0,0.0,0.0105,52.4483,5.2448,2.0,5.9145,1.3088,-0.031,1.3602,0.0513,1.3692,1.005e-05,1.0011,0.0001,2.0973,12.0,0.0721,1.0019,0.0671,2.0486,0.0066,1.0395,0.0641,2.0285,0.0,0.0,0.0,-0.1496,26.0,25.0,38.0,37.0,11.0,0.0,0.0,0.0,0.0,41.1367,64.0,18.962,0.0,0.0
17769.0,1.7361,0.092,1.0,0.0798,1.2017,2.0536,1.0536,2.2887,1.2887,26.7451,2.0698,26.3528,2.0541,100.0,0.0,0.0,0.0,25.25,0.0,26.375,0.0,26.375,0.0,25.375,10.0,0.0,0.0099,52.4481,5.2448,2.0,5.9218,1.309,-0.0218,1.3613,0.041,1.3681,1.004e-05,1.001,0.0001,2.0962,12.0,0.0655,1.0017,0.058,1.9852,0.0065,1.0372,0.0664,2.0439,0.0,0.0,0.0,-0.1494,26.0,25.0,38.0,37.0,14.0,0.0,0.0,0.0,0.0,41.1373,64.0,19.1676,0.0,0.0
17770.0,1.7457,0.0932,1.0,0.0796,1.2012,2.0539,1.0539,2.2891,1.2891,26.8025,2.0721,26.338,2.0535,100.0,0.0,0.0,0.0,25.25,0.0,26.375,0.0,26.375,0.0,25.375,10.0,0.0,0.0096,52.4482,5.2448,2.0,6.0272,1.312,0.0462,1.3687,0.043,1.3683,1.004e-05,1.001,0.0001,2.0883,12.0,0.0675,1.0018,0.121,2.3045,0.0051,0.9304,0.0658,2.0399,0.0,0.0,0.0,-0.1495,26.0,25.0,38.0,37.0,14.0,0.0,0.0,0.0,0.0,41.1372,64.0,19.3062,0.0,0.0
17771.0,1.7497,0.0937,1.0,0.0796,1.2013,2.0545,1.0545,2.2886,1.2886,26.7119,2.0685,26.3265,2.0531,100.0,0.0,0.0,0.0,25.25,0.0,26.375,0.0,26.5,0.0,25.375,10.0,0.0,0.0101,52.4481,5.2448,2.0,5.9858,1.3108,0.0188,1.3657,0.0521,1.3693,1.005e-05,1.0011,0.0001,2.0947,12.0,0.0719,1.0019,0.1256,2.3209,0.006,0.9989,0.0709,2.0725,0.0,0.0,0.0,-0.1491,26.0,25.0,38.0,37.0,15.0,0.0,0.0,0.0,0.0,41.1376,64.0,19.4958,0.0,0.0
17772.0,1.7508,0.0939,1.0,0.0798,1.2016,2.0542,1.0542,2.2885,1.2885,26.5728,2.0629,26.3226,2.0529,100.0,0.0,0.0,0.0,25.25,0.0,26.375,0.0,26.375,0.0,25.375,10.0,0.0,0.0098,52.4479,5.2448,2.0,5.9738,1.3105,0.0266,1.3665,0.0564,1.3698,1.005e-05,1.0011,0.0001,2.0973,12.0,0.0716,1.0019,0.1317,2.3415,0.0053,0.9496,0.0627,2.0188,0.0,0.0,0.0,-0.1497,26.0,25.0,38.0,38.0,14.0,0.0,0.0,0.0,0.0,41.1367,64.0,19.669,0.0,0.0
17773.0,1.7508,0.0939,1.0,0.0799,1.202,2.0542,1.0542,2.2886,1.2886,26.553,2.0621,26.3356,2.0534,100.0,0.0,0.0,0.0,25.25,0.0,26.375,0.0,26.375,0.0,25.5,10.0,0.0,0.0094,52.4478,5.2448,2.0,6.0485,1.3127,0.0829,1.3727,0.0459,1.3686,1.005e-05,1.0011,0.0001,2.0973,12.0,0.0719,1.0019,0.095,2.1996,0.0061,1.0099,0.0682,2.0557,0.0,0.0,0.0,-0.1496,26.0,25.0,38.0,38.0,14.0,0.0,0.0,0.0,0.0,41.1369,64.0,19.8586,0.0,0.0
17774.0,1.7508,0.0938,1.0,0.0797,1.2014,2.054,1.054,2.2886,1.2886,26.6998,2.068,26.3505,2.054,100.0,0.0,0.0,0.0,25.25,0.0,26.375,0.0,26.5,0.0,25.375,10.0,0.0,0.0101,52.4479,5.2448,2.0,6.0356,1.3123,0.0203,1.3658,0.0572,1.3699,1.005e-05,1.0012,0.0001,2.0965,12.0,0.0734,1.002,0.1093,2.2603,0.007,1.0671,0.0671,2.0485,0.0,0.0,0.0,-0.1498,26.0,25.0,38.0,38.0,15.0,0.0,0.0,0.0,0.0,41.1365,64.0,20.0586,0.0,0.0
17775.0,1.7501,0.0938,1.0,0.08,1.2024,2.0541,1.0541,2.2886,1.2886,26.8063,2.0723,26.3398,2.0536,100.0,0.0,0.0,0.0,25.25,0.0,26.5,0.0,26.375,0.0,25.375,10.0,0.0,0.01,52.4482,5.2448,2.0,5.9107,1.3087,-0.0694,1.3561,0.0601,1.3702,1.005e-05,1.0012,0.0001,2.097,12.0,0.0767,1.002,0.093,2.1902,0.0066,1.04,0.0643,2.0298,0.0,0.0,0.0,-0.1495,26.0,25.0,38.0,38.0,16.0,0.0,0.0,0.0,0.0,41.1365,64.0,20.249,0.0,0.0
17776.0,1.7456,0.0932,1.0,0.08,1.2022,2.0543,1.0543,2.2886,1.2886,26.7369,2.0695,26.3294,2.0532,100.0,0.0,0.0,0.0,25.25,0.0,26.375,0.0,26.375,0.0,25.375,10.0,0.0,0.0094,52.4482,5.2448,2.0,5.8973,1.3083,-0.0423,1.359,0.0496,1.369,1.005e-05,1.0012,0.0001,2.0963,12.0,0.0765,1.002,0.089,2.1715,0.0056,0.9732,0.0578,1.9834,0.0,0.0,0.0,-0.1496,26.0,25.0,38.0,37.0,13.0,0.0,0.0,0.0,0.0,41.1364,64.0,20.3986,0.0,0.0
17777.0,1.7439,0.093,1.0,0.0798,1.2018,2.0546,1.0546,2.2885,1.2885,26.6031,2.0641,26.324,2.053,100.0,0.0,0.0,0.0,25.25,0.0,26.25,0.0,26.375,0.0,25.375,10.0,0.0,0.01,52.4482,5.2448,2.0,5.9442,1.3096,-0.0352,1.3598,0.0494,1.369,1.005e-05,1.0011,0.0001,2.0984,12.0,0.0745,1.002,0.1762,2.468,0.0063,1.0227,0.0585,1.9887,0.0,0.0,0.0,-0.1495,26.0,25.0,38.0,37.0,13.0,0.0,0.0,0.0,0.0,41.1372,64.0,20.5874,0.0,0.0
17778.0,1.7436,0.0929,1.0,0.08,1.2022,2.0546,1.0546,2.2887,1.2887,26.5512,2.062,26.3316,2.0533,100.0,0.0,0.0,0.0,25.25,0.0,26.375,0.0,26.375,0.0,25.375,10.0,0.0,0.0097,52.4479,5.2448,2.0,5.89,1.308,-0.0397,1.3593,0.0613,1.3703,1.005e-05,1.0011,0.0001,2.099,12.0,0.0702,1.0019,0.1476,2.391,0.0066,1.0424,0.0613,2.0093,0.0,0.0,0.0,-0.1496,26.0,25.0,38.0,37.0,14.0,0.0,0.0,0.0,0.0,41.1367,64.0,20.7795,0.0,0.0
17779.0,1.7426,0.0928,1.0,0.0799,1.202,2.0537,1.0537,2.2886,1.2886,26.6811,2.0672,26.3505,2.054,100.0,0.0,0.0,0.0,25.25,0.0,26.375,0.0,26.375,0.0,25.375,10.0,0.0,0.009,52.4481,5.2448,2.0,5.9045,1.3085,-0.0359,1.3597,0.051,1.3692,1.005e-05,1.001,0.0001,2.0933,12.0,0.0692,1.0018,0.1389,2.3645,0.0062,1.0143,0.0521,1.9383,0.0,0.0,0.0,-0.1496,26.0,25.0,38.0,37.0,16.0,0.0,0.0,0.0,0.0,41.1365,64.0,20.961,0.0,0.0
17780.0,1.7426,0.0928,1.0,0.0797,1.2015,2.054,1.054,2.2886,1.2886,26.8048,2.0722,26.3422,2.0537,100.0,0.0,0.0,0.0,25.125,0.0,26.375,0.0,26.5,0.0,25.25,10.0,0.0,0.0101,52.448,5.2448,2.0,5.8569,1.3071,-0.0939,1.3534,0.0519,1.3693,1.005e-05,1.001,0.0001,2.0986,12.0,0.0689,1.0018,0.1227,2.3105,0.0065,1.0315,0.0559,1.9694,0.0,0.0,0.0,-0.1492,26.0,25.0,38.0,37.0,14.0,0.0,0.0,0.0,0.0,41.1367,64.0,21.1557,0.0,0.0
17781.0,1.7434,0.0929,1.0,0.0799,1.202,2.0546,1.0546,2.2887,1.2887,26.7577,2.0703,26.3393,2.0536,100.0,0.0,0.0,0.0,25.25,0.0,26.25,0.0,26.375,0.0,25.375,10.0,0.0,0.0094,52.4481,5.2448,2.0,5.7671,1.3044,-0.0875,1.3541,0.0612,1.3703,1.005e-05,1.0011,0.0001,2.0958,12.0,0.0703,1.0019,0.1114,2.2687,0.0059,0.9945,0.0483,1.9054,0.0,0.0,0.0,-0.1497,26.0,25.0,38.0,37.0,14.0,0.0,0.0,0.0,0.0,41.1372,64.0,21.3427,0.0,0.0
17782.0,1.7437,0.093,1.0,0.0798,1.2018,2.0545,1.0545,2.2891,1.2891,26.6302,2.0652,26.325,2.053,100.0,0.0,0.0,0.0,25.25,0.0,26.375,0.0,26.25,0.0,25.375,10.0,0.0,0.0097,52.4481,5.2448,2.0,5.8511,1.3069,-0.0623,1.3568,0.0654,1.3708,1.005e-05,1.0011,0.0001,2.0996,12.0,0.0717,1.0019,0.1138,2.2779,0.0064,1.0257,0.0618,2.0131,0.0,0.0,0.0,-0.1495,26.0,25.0,38.0,37.0,13.0,0.0,0.0,0.0,0.0,41.1367,64.0,21.5604,0.0,0.0
17783.0,1.7437,0.093,1.0,0.08,1.2024,2.0542,1.0542,2.2887,1.2887,26.5426,2.0617,26.3318,2.0533,100.0,0.0,0.0,0.0,25.25,0.0,26.375,0.0,26.375,0.0,25.375,10.0,0.0,0.0093,52.4478,5.2448,2.0,5.8663,1.3073,0.0404,1.368,0.0526,1.3694,1.005e-05,1.0011,0.0001,2.0958,12.0,0.0729,1.0019,0.104,2.2389,0.0064,1.0275,0.0652,2.0363,0.0,0.0,0.0,-0.1497,26.0,25.0,38.0,37.0,13.0,0.0,0.0,0.0,0.0,41.1368,64.0,21.7287,0.0,0.0
17784.0,1.7436,0.0929,1.0,0.0798,1.2016,2.0537,1.0537,2.2886,1.2886,26.6294,2.0652,26.3473,2.0539,100.0,0.0,0.0,0.0,25.25,0.0,26.375,0.0,26.375,0.0,25.375,10.0,0.0,0.0099,52.4479,5.2448,2.0,6.1018,1.3142,0.1315,1.378,0.0627,1.3705,1.005e-05,1.0012,0.0001,2.093,12.0,0.0722,1.0019,0.0915,2.1833,0.0062,1.014,0.074,2.0909,0.0,0.0,0.0,-0.1492,26.0,25.0,38.0,37.0,12.0,0.0,0.0,0.0,0.0,41.1369,64.0,21.9152,0.0,0.0
17785.0,1.7435,0.0929,1.0,0.0799,1.2021,2.0536,1.0536,2.2888,1.2888,26.7901,2.0716,26.3449,2.0538,100.0,0.0,0.0,0.0,25.25,0.0,26.375,0.0,26.375,0.0,25.375,10.0,0.0,0.0096,52.448,5.2448,2.0,6.2059,1.3171,0.1943,1.3848,0.0688,1.3711,1.005e-05,1.0012,0.0001,2.0999,12.0,0.0738,1.002,0.106,2.2473,0.0064,1.0276,0.0677,2.0522,0.0,0.0,0.0,-0.1493,26.0,25.0,38.0,37.0,13.0,0.0,0.0,0.0,0.0,41.1366,64.0,22.1106,0.0,0.0
17786.0,1.7422,0.0928,1.0,0.0802,1.2028,2.0541,1.0541,2.2891,1.2891,26.7692,2.0708,26.3306,2.0532,100.0,0.0,0.0,0.0,25.25,0.0,26.375,0.0,26.375,0.0,25.375,10.0,0.0,0.0097,52.4482,5.2448,2.0,6.2168,1.3174,0.1792,1.3832,0.0612,1.3703,1.005e-05,1.0012,0.0001,2.0959,12.0,0.0779,1.0021,0.0899,2.1755,0.006,1.0025,0.0636,2.0253,0.0,0.0,0.0,-0.1491,26.0,25.0,38.0,37.0,13.0,0.0,0.0,0.0,0.0,41.1366,64.0,22.283,0.0,0.0
17787.0,1.7395,0.0924,1.0,0.0802,1.2029,2.0542,1.0542,2.289,1.289,26.6595,2.0664,26.3281,2.0531,100.0,0.0,0.0,0.0,25.25,0.0,26.375,0.0,26.375,0.0,25.375,10.0,0.0,0.0098,52.4481,5.2448,2.0,6.2144,1.3174,0.1676,1.3819,0.0594,1.3701,1.005e-05,1.0012,0.0001,2.1001,12.0,0.0738,1.002,0.0891,2.1719,0.0062,1.0108,0.0616,2.0116,0.0,0.0,0.0,-0.1492,26.0,25.0,38.0,37.0,13.0,0.0,0.0,0.0,0.0,41.1364,64.0,22.4565,0.0,0.0
17788.0,1.7414,0.0927,1.0,0.08,1.2023,2.0543,1.0543,2.2888,1.2888,26.5492,2.062,26.3242,2.053,100.0,0.0,0.0,0.0,25.25,0.0,26.375,0.0,26.375,0.0,25.375,10.0,0.0,0.0099,52.4484,5.2449,2.0,6.3312,1.3206,0.2592,1.3919,0.0703,1.3713,1.005e-05,1.0012,0.0001,2.0979,12.0,0.0775,1.0021,0.0955,2.2019,0.0059,0.9934,0.0576,1.9826,0.0,0.0,0.0,-0.1496,26.0,25.0,38.0,37.0,13.0,0.0,0.0,0.0,0.0,41.1366,64.0,22.6385,0.0,0.0
17789.0,1.7405,0.0926,1.0,0.0799,1.202,2.0538,1.0538,2.2887,1.2887,26.6246,2.065,26.346,2.0538,100.0,0.0,0.0,0.0,25.25,0.0,26.375,0.0,26.375,0.0,25.375,10.0,0.0,0.0092,52.4479,5.2448,2.0,6.2165,1.3174,0.1461,1.3796,0.0752,1.3718,1.005e-05,1.0012,0.0001,2.0994,12.0,0.0741,1.002,0.0924,2.1874,0.0062,1.0146,0.0602,2.0014,0.0,0.0,0.0,-0.1495,26.0,25.0,38.0,37.0,15.0,0.0,0.0,0.0,0.0,41.1366,64.0,22.8236,0.0,0.0
17790.0,1.7402,0.0925,1.0,0.0798,1.2017,2.054,1.054,2.2889,1.2889,26.8016,2.0721,26.3439,2.0538,100.0,0.0,0.0,0.0,25.25,0.0,26.375,0.0,26.25,0.0,25.375,10.0,0.0,0.0095,52.4477,5.2448,2.0,6.171,1.3161,0.1432,1.3793,0.0699,1.3713,1.004e-05,1.001,0.0001,2.0951,12.0,0.0675,1.0018,0.0705,2.0698,0.007,1.0644,0.0544,1.9572,0.0,0.0,0.0,-0.1496,26.0,25.0,38.0,37.0,16.0,0.0,0.0,0.0,0.0,41.1367,64.0,23.0177,0.0,0.0
17791.0,1.7384,0.0923,1.0,0.0794,1.2007,2.0542,1.0542,2.2891,1.2891,26.7779,2.0711,26.3331,2.0533,100.0,0.0,0.0,0.0,25.125,0.0,26.375,0.0,26.375,0.0,25.375,10.0,0.0,0.0097,52.4478,5.2448,2.0,6.2806,1.3192,0.2125,1.3868,0.0618,1.3704,1.004e-05,1.0009,0.0001,2.1032,12.0,0.066,1.0018,0.077,2.1083,0.0057,0.9784,0.0465,1.8897,0.0,0.0,0.0,-0.1494,26.0,25.0,38.0,37.0,14.0,0.0,0.0,0.0,0.0,41.1366,64.0,23.1982,0.0,0.0
17792.0,1.7373,0.0922,1.0,0.0799,1.202,2.0543,1.0543,2.289,1.289,26.6711,2.0668,26.3253,2.053,100.0,0.0,0.0,0.0,25.25,0.0,26.25,0.0,26.375,0.0,25.25,10.0,0.0,0.0096,52.4475,5.2448,2.0,6.3505,1.3211,0.3574,1.4026,0.0696,1.3712,1.004e-05,1.0009,0.0001,2.0991,12.0,0.0675,1.0018,0.1338,2.3482,0.0056,0.9728,0.0653,2.0368,0.0,0.0,0.0,-0.1497,26.0,25.0,38.0,37.0,13.0,0.0,0.0,0.0,0.0,41.1368,64.0,23.3907,0.0,0.0
17793.0,1.7373,0.0922,1.0,0.0801,1.2024,2.0545,1.0545,2.2888,1.2888,26.5552,2.0622,26.325,2.053,100.0,0.0,0.0,0.0,25.25,0.0,26.625,0.0,26.375,0.0,25.375,10.0,0.0,0.0096,52.4479,5.2448,2.0,6.6693,1.3296,0.4219,1.4097,0.0784,1.3722,1.004e-05,1.0009,0.0001,2.1026,12.0,0.0671,1.0018,0.1179,2.2932,0.0062,1.0163,0.0579,1.9842,0.0,0.0,0.0,-0.1496,26.0,25.0,38.0,37.0,15.0,0.0,0.0,0.0,0.0,41.1369,64.0,23.6216,0.0,0.0
17794.0,1.7382,0.0923,1.0,0.0798,1.2018,2.0539,1.0539,2.2887,1.2887,26.6068,2.0643,26.3435,2.0537,100.0,0.0,0.0,0.0,25.25,0.0,26.375,0.0,26.375,0.0,25.375,10.0,0.0,0.0104,52.4478,5.2448,2.0,6.5987,1.3278,0.3416,1.4009,0.065,1.3707,1.004e-05,1.001,0.0001,2.1028,12.0,0.0677,1.0018,0.1642,2.4371,0.0061,1.005,0.0538,1.9523,0.0,0.0,0.0,-0.1494,25.0,25.0,38.0,37.0,13.0,0.0,0.0,0.0,0.0,41.1375,64.0,23.804,0.0,0.0
17795.0,1.7378,0.0922,1.0,0.0798,1.2017,2.0536,1.0536,2.2887,1.2887,26.7625,2.0705,26.3426,2.0537,100.0,0.0,0.0,0.0,25.25,0.0,26.375,0.0,26.25,0.0,25.25,10.0,0.0,0.01,52.4478,5.2448,2.0,6.5444,1.3263,0.2737,1.3935,0.0702,1.3713,1.005e-05,1.001,0.0001,2.0986,12.0,0.0709,1.0019,0.1213,2.3058,0.0058,0.9866,0.054,1.9546,0.0,0.0,0.0,-0.1498,25.0,25.0,38.0,37.0,14.0,0.0,0.0,0.0,0.0,41.1369,64.0,23.9758,0.0,0.0
17796.0,1.738,0.0923,1.0,0.0799,1.2021,2.0539,1.0539,2.2894,1.2894,26.8006,2.072,26.3263,2.0531,100.0,0.0,0.0,0.0,25.25,0.0,26.375,0.0,26.5,0.0,25.375,10.0,0.0,0.0097,52.4474,5.2448,2.0,6.4612,1.3241,0.2438,1.3902,0.0807,1.3724,1.005e-05,1.0011,0.0001,2.103,12.0,0.0707,1.0019,0.1146,2.2809,0.0059,0.9909,0.054,1.9546,0.0,0.0,0.0,-0.1497,25.0,25.0,38.0,37.0,12.0,0.0,0.0,0.0,0.0,41.1369,64.0,24.1406,0.0,0.0
17797.0,1.7363,0.092,1.0,0.0799,1.2019,2.0543,1.0543,2.2891,1.2891,26.7167,2.0687,26.3274,2.0531,100.0,0.0,0.0,0.0,25.375,0.0,26.25,0.0,26.25,0.0,25.375,10.0,0.0,0.01,52.4478,5.2448,2.0,6.4709,1.3244,0.2542,1.3914,0.0818,1.3726,1.005e-05,1.0011,0.0001,2.1016,12.0,0.0727,1.0019,0.1129,2.2746,0.0056,0.9701,0.048,1.9033,0.0,0.0,0.0,-0.1496,25.0,25.0,38.0,37.0,14.0,0.0,0.0,0.0,0.0,41.1369,64.0,24.3302,0.0,0.0
17798.0,1.7375,0.0922,1.0,0.0798,1.2017,2.0542,1.0542,2.2889,1.2889,26.5909,2.0636,26.3239,2.053,100.0,0.0,0.0,0.0,25.25,0.0,26.5,0.0,26.25,0.0,25.5,10.0,0.0,0.0099,52.4479,5.2448,2.0,6.3978,1.3224,0.27,1.3931,0.0788,1.3722,1.005e-05,1.0011,0.0001,2.1017,12.0,0.0728,1.0019,0.1025,2.2324,0.0053,0.9468,0.0509,1.9287,0.0,0.0,0.0,-0.1495,26.0,25.0,38.0,37.0,13.0,0.0,0.0,0.0,0.0,41.137,64.0,24.5078,0.0,0.0
17799.0,1.7384,0.0923,1.0,0.0799,1.202,2.0541,1.0541,2.2887,1.2887,26.5717,2.0629,26.3407,2.0536,100.0,0.0,0.0,0.0,25.25,0.0,26.375,0.0,26.375,0.0,25.375,10.0,0.0,0.0096,52.4479,5.2448,2.0,6.6964,1.3303,0.4018,1.4075,0.0743,1.3717,1.005e-05,1.0012,0.0001,2.1021,12.0,0.0741,1.002,0.1114,2.2688,0.0054,0.9521,0.0467,1.8916,0.0,0.0,0.0,-0.1497,26.0,25.0,38.0,37.0,14.0,0.0,0.0,0.0,0.0,41.1368,64.0,24.6711,0.0,0.0
17800.0,1.7383,0.0923,1.0,0.0798,1.2018,2.0536,1.0536,2.2891,1.2891,26.7245,2.069,26.3518,2.0541,100.0,0.0,0.0,0.0,25.25,0.0,26.25,0.0,26.375,0.0,25.375,10.0,0.0,0.0092,52.4477,5.2448,2.0,6.7962,1.3329,0.4239,1.4099,0.0851,1.3729,1.005e-05,1.0012,0.0001,2.0962,12.0,0.0762,1.002,0.1509,2.4005,0.0057,0.9778,0.0466,1.8903,0.0,0.0,0.0,-0.1493,26.0,25.0,38.0,37.0,14.0,0.0,0.0,0.0,0.0,41.1368,64.0,24.8546,0.0,0.0
17801.0,1.7363,0.092,1.0,0.0798,1.2018,2.0539,1.0539,2.2891,1.2891,26.7838,2.0714,26.3348,2.0534,100.0,0.0,0.0,0.0,25.25,0.0,26.375,0.0,26.375,0.0,25.375,10.0,0.0,0.0097,52.4477,5.2448,2.0,6.8161,1.3334,0.4126,1.4086,0.0861,1.373,1.005e-05,1.0011,0.0001,2.0997,12.0,0.0695,1.0019,0.1547,2.4114,0.0064,1.0277,0.0434,1.8594,0.0,0.0,0.0,-0.1494,26.0,25.0,38.0,37.0,14.0,0.0,0.0,0.0,0.0,41.1368,64.0,25.0332,0.0,0.0
17802.0,1.7363,0.092,1.0,0.08,1.2024,2.0542,1.0542,2.289,1.289,26.6948,2.0678,26.3278,2.0531,100.0,0.0,0.0,0.0,25.25,0.0,26.5,0.0,26.375,0.0,25.375,10.0,0.0,0.0097,52.4478,5.2448,2.0,6.8621,1.3346,0.4467,1.4124,0.0919,1.3737,1.005e-05,1.0012,0.0001,2.1019,12.0,0.0702,1.0019,0.1485,2.3936,0.0058,0.9819,0.0427,1.8526,0.0,0.0,0.0,-0.1496,26.0,25.0,38.0,37.0,13.0,0.0,0.0,0.0,0.0,41.1368,64.0,25.2207,0.0,0.0
17803.0,1.7353,0.0919,1.0,0.0799,1.2019,2.0543,1.0543,2.2888,1.2888,26.5828,2.0633,26.3241,2.053,100.0,0.0,0.0,0.0,25.125,0.0,26.375,0.0,26.375,0.0,25.375,10.0,0.0,0.0102,52.448,5.2448,2.0,7.0337,1.3389,0.5843,1.4274,0.0833,1.3727,1.005e-05,1.0011,0.0001,2.1045,12.0,0.0693,1.0018,0.1364,2.3567,0.006,1.0016,0.0436,1.8616,0.0,0.0,0.0,-0.1491,26.0,25.0,38.0,37.0,15.0,0.0,0.0,0.0,0.0,41.1369,64.0,25.437,0.0,0.0
17804.0,1.7343,0.0918,1.0,0.0798,1.2017,2.0541,1.0541,2.2886,1.2886,26.5667,2.0627,26.3367,2.0535,100.0,0.0,0.0,0.0,25.25,0.0,26.375,0.0,26.375,0.0,25.375,10.0,0.0,0.01,52.4481,5.2448,2.0,7.3128,1.3456,0.7186,1.442,0.082,1.3726,1.004e-05,1.001,0.0001,2.0991,12.0,0.0672,1.0018,0.1427,2.3763,0.0056,0.9701,0.053,1.9464,0.0,0.0,0.0,-0.1495,26.0,25.0,38.0,37.0,13.0,0.0,0.0,0.0,0.0,41.1362,64.0,25.587,0.0,0.0
17805.0,1.7351,0.0919,1.0,0.0798,1.2018,2.054,1.054,2.2886,1.2886,26.7156,2.0686,26.3516,2.0541,100.0,0.0,0.0,0.0,25.25,0.0,26.25,0.0,26.375,0.0,25.375,10.0,0.0,0.0097,52.4479,5.2448,2.0,7.4458,1.3488,0.6667,1.4364,0.094,1.3739,1.008e-05,1.0019,0.0001,2.1052,12.0,0.0694,1.0019,0.1293,2.3334,0.0063,1.0184,0.0531,1.9472,0.0,0.0,0.0,-0.1496,26.0,25.0,38.0,37.0,14.0,0.0,0.0,0.0,0.0,41.1372,64.0,25.7625,0.0,0.0
17806.0,1.4812,0.0601,1.0,0.0796,1.201,2.0538,1.0538,2.289,1.289,26.8059,2.0722,26.339,2.0536,100.0,0.0,0.0,0.0,25.125,0.0,26.375,0.0,26.375,0.0,25.375,10.0,0.0,0.0099,52.4476,5.2447,2.0,7.3837,1.3473,0.6643,1.4361,0.096,1.3741,1.012e-05,1.0028,0.0001,2.1013,12.0,0.0671,1.0018,0.1176,2.2921,0.0059,0.9894,0.0501,1.9214,0.0,0.0,0.0,-0.1497,26.0,25.0,38.0,37.0,14.0,0.0,0.0,0.0,0.0,41.1374,64.0,25.9546,0.0,0.0
17807.0,1.3507,0.0438,1.0,0.0798,1.2018,2.0546,1.0546,2.289,1.289,26.7518,2.0701,26.3373,2.0535,100.0,0.0,0.0,0.0,25.25,0.0,26.375,0.0,26.375,0.0,25.375,10.0,0.0,0.0101,52.4475,5.2448,2.0,7.4764,1.3495,0.6695,1.4367,0.084,1.3728,1.004e-05,1.001,0.0001,2.1043,12.0,0.0677,1.0018,0.1304,2.3371,0.0058,0.9886,0.046,1.885,0.0,0.0,0.0,-0.1499,26.0,25.0,38.0,37.0,13.0,0.0,0.0,0.0,0.0,41.1373,64.0,26.1612,0.0,0.0
17808.0,1.2804,0.035,1.0,0.0798,1.2016,2.0546,1.0546,2.2886,1.2886,26.6335,2.0653,26.3344,2.0534,100.0,0.0,0.0,0.0,25.25,0.0,26.25,0.0,26.25,0.0,25.375,10.0,0.0,0.0096,52.4478,5.2448,2.0,7.6034,1.3524,0.761,1.4467,0.0873,1.3732,1.005e-05,1.0013,0.0001,2.1053,12.0,0.0663,1.0018,0.1177,2.2926,0.0061,1.0105,0.0479,1.9025,0.0,0.0,0.0,-0.1495,26.0,25.0,38.0,37.0,16.0,0.0,0.0,0.0,0.0,41.1371,64.0,26.3558,0.0,0.0
17809.0,1.2778,0.0347,1.0,0.0799,1.2019,2.0547,1.0547,2.2884,1.2884,26.5501,2.062,26.3405,2.0536,100.0,0.0,0.0,0.0,25.25,0.0,26.375,0.0,26.375,0.0,25.375,10.0,0.0,0.0094,52.4476,5.2448,2.0,7.7267,1.3552,0.7595,1.4465,0.0963,1.3741,1.013e-05,1.003,0.0001,2.0991,12.0,0.0722,1.0019,0.1172,2.2906,0.0058,0.9844,0.0435,1.8604,0.0,0.0,0.0,-0.1495,26.0,25.0,38.0,37.0,13.0,0.0,0.0,0.0,0.0,41.137,64.0,26.4833,0.0,0.0
17810.0,1.4991,0.0624,1.0,0.0799,1.2019,2.054,1.054,2.2886,1.2886,26.662,2.0665,26.3495,2.054,100.0,0.0,0.0,0.0,25.25,0.0,26.375,0.0,26.25,0.0,25.375,10.0,0.0,0.01,52.4478,5.2448,2.0,7.6829,1.3542,0.6584,1.4355,0.102,1.3748,1.02e-05,1.0045,0.0001,2.106,12.0,0.0707,1.0019,0.1723,2.4581,0.0055,0.9657,0.0594,1.9957,0.0,0.0,0.0,-0.1496,26.0,25.0,38.0,37.0,13.0,0.0,0.0,0.0,0.0,41.1365,64.0,26.6709,0.0,0.0
17811.0,1.5965,0.0746,1.0,0.0796,1.2013,2.0537,1.0537,2.289,1.289,26.7974,2.0719,26.3392,2.0536,100.0,0.0,0.0,0.0,25.125,0.0,26.375,0.0,26.375,0.0,25.375,10.0,0.0,0.0097,52.4476,5.2448,2.0,7.7628,1.356,0.6982,1.4398,0.1065,1.3753,1.024e-05,1.0055,0.0001,2.1043,12.0,0.0731,1.0019,0.1791,2.4748,0.0061,1.0053,0.055,1.9621,0.0,0.0,0.0,-0.1494,25.0,25.0,38.0,37.0,14.0,0.0,0.0,0.0,0.0,41.1366,64.0,26.8696,0.0,0.0
17812.0,1.6461,0.0808,1.0,0.0797,1.2016,2.0545,1.0545,2.289,1.289,26.7595,2.0704,26.332,2.0533,100.0,0.0,0.0,0.0,25.25,0.0,26.375,0.0,26.25,0.0,25.375,10.0,0.0,0.0098,52.4474,5.2447,2.0,7.721,1.3551,0.5649,1.4253,0.0964,1.3742,1.011e-05,1.0025,0.0001,2.1088,12.0,0.0721,1.0019,0.2196,2.5635,0.0057,0.9788,0.0569,1.9771,0.0,0.0,0.0,-0.1495,25.0,25.0,38.0,37.0,15.0,0.0,0.0,0.0,0.0,41.1368,64.0,27.0358,0.0,0.0
17813.0,1.6787,0.0848,1.0,0.0799,1.2021,2.0547,1.0547,2.2886,1.2886,26.6476,2.0659,26.336,2.0534,100.0,0.0,0.0,0.0,25.25,0.0,26.375,0.0,26.25,0.0,25.375,10.0,0.0,0.0101,52.4478,5.2448,2.0,7.5204,1.3505,0.4846,1.4165,0.0946,1.374,1.018e-05,1.0041,0.0001,2.1023,12.0,0.0717,1.0019,0.2155,2.5553,0.0066,1.0383,0.0505,1.9251,0.0,0.0,0.0,-0.1494,25.0,25.0,38.0,38.0,15.0,0.0,0.0,0.0,0.0,41.1368,64.0,27.2135,0.0,0.0
17814.0,1.7013,0.0877,1.0,0.08,1.2022,2.055,1.055,2.2884,1.2884,26.5396,2.0616,26.3402,2.0536,100.0,0.0,0.0,0.0,25.125,0.0,26.25,0.0,26.25,0.0,25.375,10.0,0.0,0.0095,52.4477,5.2448,2.0,7.4092,1.3479,0.4119,1.4086,0.1011,1.3747,1.025e-05,1.0057,0.0001,2.1083,12.0,0.0728,1.0019,0.2032,2.5297,0.0059,0.9922,0.053,1.9465,0.0,0.0,0.0,-0.1496,25.0,25.0,38.0,38.0,16.0,0.0,0.0,0.0,0.0,41.1368,64.0,27.3914,0.0,0.0
17815.0,1.7146,0.0893,1.0,0.08,1.2023,2.0542,1.0542,2.2882,1.2882,26.6622,2.0665,26.3579,2.0543,100.0,0.0,0.0,0.0,25.25,0.0,26.375,0.0,26.25,0.0,25.375,10.0,0.0,0.0095,52.4476,5.2448,2.0,7.5339,1.3508,0.5037,1.4186,0.1056,1.3752,1.03e-05,1.0069,0.0001,2.1015,12.0,0.0709,1.0019,0.2492,2.6184,0.0056,0.9721,0.0466,1.89,0.0,0.0,0.0,-0.1495,26.0,25.0,38.0,38.0,13.0,0.0,0.0,0.0,0.0,41.1365,64.0,27.627,0.0,0.0
17816.0,1.7252,0.0906,1.0,0.0799,1.2021,2.054,1.054,2.2885,1.2885,26.8042,2.0722,26.3469,2.0539,100.0,0.0,0.0,0.0,25.125,0.0,26.25,0.0,26.375,0.0,25.5,10.0,0.0,0.01,52.4479,5.2448,2.0,7.5234,1.3506,0.4618,1.414,0.1102,1.3757,1.036e-05,1.0081,0.0001,2.1078,12.0,0.0694,1.0018,0.2288,2.5812,0.006,0.9976,0.0435,1.8605,0.0,0.0,0.0,-0.1492,26.0,25.0,38.0,38.0,13.0,0.0,0.0,0.0,0.0,41.1368,64.0,27.7834,0.0,0.0
17817.0,1.7304,0.0913,1.0,0.0798,1.2017,2.0544,1.0544,2.289,1.289,26.772,2.0709,26.3416,2.0537,100.0,0.0,0.0,0.0,25.25,0.0,26.375,0.0,26.375,0.0,25.375,10.0,0.0,0.0101,52.4479,5.2448,2.0,7.5607,1.3514,0.4294,1.4105,0.1037,1.3749,1.025e-05,1.0057,0.0001,2.1077,12.0,0.0671,1.0018,0.2403,2.6026,0.0054,0.9523,0.048,1.903,0.0,0.0,0.0,-0.1495,26.0,25.0,38.0,37.0,12.0,0.0,0.0,0.0,0.0,41.1369,64.0,27.9766,0.0,0.0
17818.0,1.733,0.0916,1.0,0.0797,1.2014,2.0547,1.0547,2.289,1.289,26.674,2.067,26.3273,2.0531,100.0,0.0,0.0,0.0,25.25,0.0,26.25,0.0,26.25,0.0,25.375,10.0,0.0,0.01,52.448,5.2448,2.0,7.4491,1.3488,0.3454,1.4013,0.1021,1.3748,1.03e-05,1.0068,0.0001,2.1009,12.0,0.0657,1.0018,0.1952,2.5123,0.0056,0.9688,0.0415,1.8399,0.0,0.0,0.0,-0.1496,26.0,25.0,38.0,37.0,14.0,0.0,0.0,0.0,0.0,41.137,64.0,28.1466,0.0,0.0
17819.0,1.7362,0.092,1.0,0.0796,1.2011,2.0546,1.0546,2.2884,1.2884,26.5513,2.0621,26.3282,2.0531,100.0,0.0,0.0,0.0,25.25,0.0,26.375,0.0,26.25,0.0,25.375,10.0,0.0,0.0098,52.4476,5.2447,2.0,7.4148,1.348,0.3184,1.3984,0.1041,1.375,1.036e-05,1.0082,0.0001,2.1069,12.0,0.0659,1.0018,0.2038,2.5311,0.0064,1.0311,0.0483,1.9055,0.0,0.0,0.0,-0.1495,26.0,25.0,38.0,37.0,13.0,0.0,0.0,0.0,0.0,41.1369,64.0,28.3363,0.0,0.0
17820.0,1.7376,0.0922,1.0,0.0797,1.2014,2.0543,1.0543,2.2887,1.2887,26.6146,2.0646,26.3535,2.0541,100.0,0.0,0.0,0.0,25.25,0.0,26.25,0.0,26.25,0.0,25.375,10.0,0.0,0.0098,52.4474,5.2447,2.0,7.4302,1.3484,0.3418,1.4009,0.1126,1.3759,1.044e-05,1.01,0.0001,2.1031,12.0,0.0674,1.0018,0.2062,2.5362,0.006,1.0002,0.0507,1.9267,0.0,0.0,0.0,-0.1493,26.0,25.0,38.0,37.0,14.0,0.0,0.0,0.0,0.0,41.1366,64.0,28.5283,0.0,0.0
17821.0,1.7389,0.0924,1.0,0.0798,1.2018,2.054,1.054,2.2887,1.2887,26.78,2.0712,26.3596,2.0544,100.0,0.0,0.0,0.0,25.25,0.0,26.25,0.0,26.375,0.0,25.375,10.0,0.0,0.0099,52.4475,5.2448,2.0,7.4667,1.3493,0.3124,1.3977,0.1181,1.3765,1.049e-05,1.0111,0.0001,2.1106,12.0,0.0674,1.0018,0.1452,2.3839,0.0063,1.0196,0.0502,1.9228,0.0,0.0,0.0,-0.1495,26.0,25.0,38.0,38.0,14.0,0.0,0.0,0.0,0.0,41.1372,64.0,28.7246,0.0,0.0
17822.0,1.7362,0.092,1.0,0.0799,1.2019,2.0544,1.0544,2.2887,1.2887,26.788,2.0715,26.3339,2.0534,100.0,0.0,0.0,0.0,25.125,0.0,26.375,0.0,26.375,0.0,25.25,10.0,0.0,0.0098,52.4478,5.2448,2.0,7.3461,1.3464,0.2038,1.3859,0.1227,1.377,1.053e-05,1.0121,0.0001,2.1044,12.0,0.0688,1.0018,0.1827,2.4835,0.0056,0.9722,0.0468,1.8921,0.0,0.0,0.0,-0.1494,26.0,25.0,38.0,38.0,13.0,0.0,0.0,0.0,0.0,41.1368,64.0,28.8681,0.0,0.0
17823.0,1.7443,0.093,1.0,0.08,1.2024,2.0547,1.0547,2.2888,1.2888,26.6702,2.0668,26.3264,2.0531,100.0,0.0,0.0,0.0,25.25,0.0,26.375,0.0,26.375,0.0,25.375,10.0,0.0,0.0102,52.4478,5.2447,2.0,7.2255,1.3435,0.1387,1.3788,0.1255,1.3773,1.057e-05,1.013,0.0001,2.1093,12.0,0.0763,1.002,0.1589,2.423,0.0057,0.9814,0.0486,1.9087,0.0,0.0,0.0,-0.1495,26.0,25.0,38.0,38.0,14.0,0.0,0.0,0.0,0.0,41.1366,64.0,29.0552,0.0,0.0
17824.0,1.749,0.0936,1.0,0.08,1.2023,2.0547,1.0547,2.2888,1.2888,26.5668,2.0627,26.3318,2.0533,100.0,0.0,0.0,0.0,25.25,0.0,26.25,0.0,26.25,0.0,25.375,10.0,0.0,0.0104,52.4475,5.2447,2.0,7.2514,1.3442,0.159,1.381,0.1136,1.376,1.047e-05,1.0107,0.0001,2.1069,12.0,0.0762,1.002,0.1602,2.4265,0.0059,0.9913,0.0439,1.8643,0.0,0.0,0.0,-0.1498,26.0,25.0,38.0,38.0,15.0,0.0,0.0,0.0,0.0,41.1367,64.0,29.239,0.0,0.0
17825.0,1.7508,0.0939,1.0,0.08,1.2024,2.0542,1.0542,2.2886,1.2886,26.601,2.064,26.3546,2.0542,100.0,0.0,0.0,0.0,25.125,0.0,26.375,0.0,26.25,0.0,25.375,10.0,0.0,0.0102,52.4476,5.2448,2.0,7.2136,1.3433,0.1313,1.378,0.1171,1.3764,1.053e-05,1.0121,0.0001,2.1126,12.0,0.0744,1.002,0.1636,2.4356,0.006,0.9976,0.0405,1.8294,0.0,0.0,0.0,-0.1497,26.0,25.0,38.0,38.0,14.0,0.0,0.0,0.0,0.0,41.137,64.0,29.4511,0.0,0.0
17826.0,1.7518,0.094,1.0,0.08,1.2022,2.054,1.054,2.2887,1.2887,26.7583,2.0703,26.3594,2.0544,100.0,0.0,0.0,0.0,25.25,0.0,26.375,0.0,26.375,0.0,25.375,10.0,0.0,0.0097,52.4477,5.2447,2.0,7.2703,1.3446,0.1528,1.3803,0.1212,1.3769,1.061e-05,1.0138,0.0001,2.1087,12.0,0.072,1.0019,0.1361,2.3556,0.0063,1.0239,0.0595,1.9961,0.0,0.0,0.0,-0.1492,26.0,25.0,38.0,38.0,15.0,0.0,0.0,0.0,0.0,41.1368,64.0,29.6151,0.0,0.0
17827.0,1.7519,0.094,1.0,0.0798,1.2016,2.0544,1.0544,2.2887,1.2887,26.7881,2.0715,26.336,2.0534,100.0,0.0,0.0,0.0,25.25,0.0,26.375,0.0,26.375,0.0,25.375,10.0,0.0,0.0103,52.4477,5.2448,2.0,7.2547,1.3442,0.165,1.3816,0.1285,1.3777,1.069e-05,1.0156,0.0001,2.1148,12.0,0.0696,1.0019,0.2318,2.587,0.0057,0.9784,0.0517,1.9356,0.0,0.0,0.0,-0.1493,26.0,25.0,38.0,38.0,14.0,0.0,0.0,0.0,0.0,41.1368,64.0,29.8066,0.0,0.0
17828.0,1.7528,0.0941,1.0,0.0798,1.2017,2.0546,1.0546,2.2887,1.2887,26.7076,2.0683,26.3363,2.0535,100.0,0.0,0.0,0.0,25.25,0.0,26.375,0.0,26.25,0.0,25.375,10.0,0.0,0.0095,52.4478,5.2448,2.0,7.3171,1.3457,0.1895,1.3843,0.1328,1.3781,1.075e-05,1.0169,0.0001,2.1106,12.0,0.0673,1.0018,0.2193,2.5629,0.0065,1.038,0.0553,1.9644,0.0,0.0,0.0,-0.1495,26.0,25.0,38.0,38.0,12.0,0.0,0.0,0.0,0.0,41.1364,64.0,29.9874,0.0,0.0
17829.0,1.7487,0.0936,1.0,0.0798,1.2018,2.0547,1.0547,2.2888,1.2888,26.5698,2.0628,26.3324,2.0533,100.0,0.0,0.0,0.0,25.25,0.0,26.375,0.0,26.25,0.0,25.375,10.0,0.0,0.0103,52.4472,5.2447,2.0,7.2786,1.3448,0.1268,1.3775,0.1352,1.3784,1.079e-05,1.0178,0.0001,2.1144,12.0,0.0671,1.0018,0.2323,2.5879,0.0063,1.0217,0.0661,2.0417,0.0,0.0,0.0,-0.1496,26.0,25.0,38.0,38.0,15.0,0.0,0.0,0.0,0.0,41.1365,64.0,30.2296,0.0,0.0
17830.0,1.7478,0.0935,1.0,0.0798,1.2017,2.0544,1.0544,2.2886,1.2886,26.5743,2.063,26.3489,2.054,100.0,0.0,0.0,0.0,25.25,0.0,26.25,0.0,26.375,0.0,25.25,10.0,0.0,0.0094,52.4475,5.2447,2.0,7.2257,1.3436,0.1022,1.3748,0.1347,1.3783,1.077e-05,1.0172,0.0001,2.1131,12.0,0.0691,1.0018,0.2789,2.6673,0.006,1.0034,0.0628,2.0196,0.0,0.0,0.0,-0.1496,26.0,25.0,38.0,37.0,14.0,0.0,0.0,0.0,0.0,41.1372,64.0,30.3845,0.0,0.0
17831.0,1.7448,0.0931,1.0,0.0798,1.2016,2.054,1.054,2.2886,1.2886,26.7275,2.0691,26.3611,2.0544,100.0,0.0,0.0,0.0,25.25,0.0,26.25,0.0,26.25,0.0,25.25,10.0,0.0,0.0096,52.4473,5.2448,2.0,7.185,1.3426,0.11,1.3756,0.1341,1.3783,1.077e-05,1.0172,0.0001,2.107,12.0,0.0716,1.0019,0.2225,2.5691,0.0065,1.0346,0.0594,1.9959,0.0,0.0,0.0,-0.1495,25.0,25.0,38.0,37.0,13.0,0.0,0.0,0.0,0.0,41.1367,64.0,30.5846,0.0,0.0
17832.0,1.7436,0.0929,1.0,0.08,1.2022,2.0542,1.0542,2.289,1.289,26.8068,2.0723,26.3387,2.0535,100.0,0.0,0.0,0.0,25.25,0.0,26.375,0.0,26.375,0.0,25.25,10.0,0.0,0.0098,52.4474,5.2447,2.0,7.2773,1.3448,0.1179,1.3765,0.1297,1.3778,1.08e-05,1.0178,0.0001,2.1161,12.0,0.074,1.002,0.2463,2.6134,0.0062,1.0173,0.0578,1.9834,0.0,0.0,0.0,-0.1497,25.0,25.0,38.0,37.0,14.0,0.0,0.0,0.0,0.0,41.1375,64.0,30.7694,0.0,0.0
17833.0,1.7415,0.0927,1.0,0.08,1.2023,2.0545,1.0545,2.289,1.289,26.7209,2.0688,26.3271,2.0531,100.0,0.0,0.0,0.0,25.25,0.0,26.375,0.0,26.375,0.0,25.25,10.0,0.0,0.0101,52.4476,5.2448,2.0,7.2991,1.3453,0.1217,1.3769,0.1336,1.3782,1.083e-05,1.0186,0.0001,2.1148,12.0,0.075,1.002,0.2401,2.6022,0.0067,1.0506,0.0459,1.8834,0.0,0.0,0.0,-0.1495,25.0,25.0,38.0,37.0,14.0,0.0,0.0,0.0,0.0,41.1372,64.0,30.9324,0.0,0.0
17834.0,1.7431,0.0929,1.0,0.0798,1.2017,2.0543,1.0543,2.289,1.289,26.6178,2.0647,26.3247,2.053,100.0,0.0,0.0,0.0,25.25,0.0,26.375,0.0,26.25,0.0,25.375,10.0,0.0,0.0099,52.4474,5.2447,2.0,7.1828,1.3425,0.0786,1.3722,0.1381,1.3787,1.092e-05,1.0205,0.0001,2.116,12.0,0.0683,1.0018,0.2132,2.5506,0.0061,1.0043,0.0521,1.9391,0.0,0.0,0.0,-0.1494,25.0,25.0,38.0,37.0,14.0,0.0,0.0,0.0,0.0,41.1368,64.0,31.0936,0.0,0.0
17835.0,1.7446,0.0931,1.0,0.0799,1.202,2.0542,1.0542,2.2887,1.2887,26.5561,2.0622,26.3362,2.0534,100.0,0.0,0.0,0.0,25.25,0.0,26.375,0.0,26.375,0.0,25.375,10.0,0.0,0.0096,52.4473,5.2448,2.0,7.3181,1.3458,0.3021,1.3966,0.1417,1.3791,1.099e-05,1.0218,0.0001,2.1107,12.0,0.0682,1.0018,0.2086,2.5412,0.0069,1.0583,0.0498,1.9189,0.0,0.0,0.0,-0.1495,25.0,25.0,38.0,37.0,11.0,0.0,0.0,0.0,0.0,41.1367,64.0,31.2855,0.0,0.0
17836.0,1.7446,0.0931,1.0,0.0799,1.2019,2.0541,1.0541,2.2887,1.2887,26.7092,2.0684,26.3507,2.054,100.0,0.0,0.0,0.0,25.125,0.0,26.25,0.0,26.375,0.0,25.375,10.0,0.0,0.0095,52.4473,5.2448,2.0,7.5733,1.3517,0.2658,1.3926,0.1476,1.3797,1.104e-05,1.0231,0.0001,2.1178,12.0,0.0703,1.0019,0.2036,2.5305,0.007,1.065,0.0617,2.012,0.0,0.0,0.0,-0.1494,26.0,25.0,38.0,37.0,14.0,0.0,0.0,0.0,0.0,41.1362,64.0,31.4703,0.0,0.0
17837.0,1.7431,0.0929,1.0,0.0799,1.2019,2.0542,1.0542,2.289,1.289,26.8036,2.0721,26.3471,2.0539,100.0,0.0,0.0,0.0,25.125,0.0,26.375,0.0,26.5,0.0,25.375,10.0,0.0,0.0093,52.4472,5.2447,2.0,7.4504,1.3489,0.2042,1.3859,0.1478,1.3798,1.108e-05,1.0238,0.0001,2.1169,12.0,0.0747,1.002,0.2518,2.623,0.0065,1.0346,0.0579,1.9848,0.0,0.0,0.0,-0.1496,26.0,25.0,38.0,37.0,13.0,0.0,0.0,0.0,0.0,41.1368,64.0,31.6577,0.0,0.0
17838.0,1.5614,0.0702,1.0,0.0801,1.2026,2.0546,1.0546,2.289,1.289,26.7433,2.0697,26.3386,2.0535,100.0,0.0,0.0,0.0,25.125,0.0,26.375,0.0,26.375,0.0,25.375,10.0,0.0,0.0101,52.4475,5.2448,2.0,7.5462,1.3511,0.2743,1.3936,0.1565,1.3807,1.117e-05,1.0257,0.0001,2.1178,12.0,0.076,1.002,0.2614,2.6392,0.0055,0.9653,0.0596,1.9969,0.0,0.0,0.0,-0.1496,26.0,25.0,38.0,37.0,15.0,0.0,0.0,0.0,0.0,41.1373,64.0,31.8337,0.0,0.0
17839.0,1.3873,0.0484,1.0,0.0801,1.2024,2.0547,1.0547,2.2889,1.2889,26.615,2.0646,26.334,2.0534,100.0,0.0,0.0,0.0,25.375,0.0,26.375,0.0,26.375,0.0,25.375,10.0,0.0,0.0097,52.4475,5.2448,2.0,7.5623,1.3515,0.2405,1.3899,0.1586,1.3809,1.122e-05,1.0266,0.0001,2.1188,12.0,0.078,1.0021,0.2171,2.5584,0.0069,1.0624,0.0548,1.9603,0.0,0.0,0.0,-0.1493,26.0,25.0,38.0,37.0,12.0,0.0,0.0,0.0,0.0,41.1364,64.0,32.0489,0.0,0.0
17840.0,1.2992,0.0374,1.0,0.08,1.2023,2.0545,1.0545,2.2887,1.2887,26.5505,2.062,26.3451,2.0538,100.0,0.0,0.0,0.0,25.25,0.0,26.375,0.0,26.25,0.0,25.375,10.0,0.0,0.0097,52.4472,5.2448,2.0,7.6644,1.3538,0.2977,1.3961,0.161,1.3812,1.127e-05,1.0278,0.0001,2.1191,12.0,0.07,1.0019,0.2037,2.5309,0.006,0.9994,0.0504,1.924,0.0,0.0,0.0,-0.1495,26.0,25.0,38.0,37.0,13.0,0.0,0.0,0.0,0.0,41.1367,64.0,32.2062,0.0,0.0
17841.0,1.3139,0.0392,1.0,0.0798,1.2018,2.0541,1.0541,2.2886,1.2886,26.6866,2.0675,26.359,2.0544,100.0,0.0,0.0,0.0,25.25,0.0,26.25,0.0,26.25,0.0,25.375,10.0,0.0,0.0102,52.4475,5.2447,2.0,7.8667,1.3583,0.3943,1.4067,0.1659,1.3817,1.134e-05,1.0292,0.0001,2.1138,12.0,0.0695,1.0019,0.2213,2.5667,0.0056,0.9698,0.0467,1.8911,0.0,0.0,0.0,-0.1494,26.0,25.0,38.0,37.0,16.0,0.0,0.0,0.0,0.0,41.1367,64.0,32.3955,0.0,0.0
17842.0,1.4535,0.0567,1.0,0.0797,1.2016,2.054,1.054,2.2889,1.2889,26.8036,2.0721,26.3554,2.0542,100.0,0.0,0.0,0.0,25.25,0.0,26.25,0.0,26.375,0.0,25.375,10.0,0.0,0.0099,52.4474,5.2447,2.0,7.9077,1.3592,0.4497,1.4127,0.1662,1.3818,1.134e-05,1.0292,0.0001,2.1208,12.0,0.0679,1.0018,0.1808,2.4791,0.0067,1.0476,0.0477,1.9002,0.0,0.0,0.0,-0.1498,26.0,25.0,38.0,37.0,15.0,0.0,0.0,0.0,0.0,41.1368,64.0,32.5723,0.0,0.0
17843.0,1.571,0.0714,1.0,0.08,1.2022,2.0545,1.0545,2.2891,1.2891,26.767,2.0707,26.3315,2.0533,100.0,0.0,0.0,0.0,25.25,0.0,26.25,0.0,26.375,0.0,25.375,10.0,0.0,0.0098,52.4476,5.2448,2.0,8.0191,1.3617,0.4908,1.4172,0.1703,1.3822,1.142e-05,1.0309,0.0001,2.1184,12.0,0.0695,1.0019,0.2083,2.5405,0.0059,0.9959,0.0454,1.8787,0.0,0.0,0.0,-0.1498,26.0,25.0,38.0,37.0,13.0,0.0,0.0,0.0,0.0,41.1371,64.0,32.7355,0.0,0.0
17844.0,1.6349,0.0794,1.0,0.0799,1.2019,2.0546,1.0546,2.2889,1.2889,26.6599,2.0664,26.3252,2.053,100.0,0.0,0.0,0.0,25.125,0.0,26.25,0.0,26.25,0.0,25.375,10.0,0.0,0.01,52.4473,5.2447,2.0,8.0448,1.3622,0.4099,1.4083,0.1755,1.3828,1.147e-05,1.0319,0.0001,2.119,12.0,0.0738,1.002,0.1634,2.4351,0.006,1.001,0.0387,1.8091,0.0,0.0,0.0,-0.1492,26.0,25.0,38.0,37.0,13.0,0.0,0.0,0.0,0.0,41.1367,64.0,32.9174,0.0,0.0
17845.0,1.6762,0.0845,1.0,0.08,1.2023,2.0543,1.0543,2.2888,1.2888,26.5479,2.0619,26.3268,2.0531,100.0,0.0,0.0,0.0,25.25,0.0,26.25,0.0,26.5,0.0,25.25,10.0,0.0,0.0092,52.4472,5.2447,2.0,7.9778,1.3608,0.4082,1.4082,0.1741,1.3826,1.147e-05,1.0319,0.0001,2.1195,12.0,0.0728,1.0019,0.1842,2.4871,0.0061,1.0087,0.0547,1.9597,0.0,0.0,0.0,-0.1496,26.0,25.0,38.0,37.0,14.0,0.0,0.0,0.0,0.0,41.1366,64.0,33.1048,0.0,0.0
17846.0,1.7022,0.0878,1.0,0.0801,1.2025,2.0542,1.0542,2.2886,1.2886,26.6351,2.0654,26.3464,2.0539,100.0,0.0,0.0,0.0,25.125,0.0,26.25,0.0,26.375,0.0,25.375,10.0,0.0,0.0102,52.4474,5.2448,2.0,8.0767,1.3629,0.4454,1.4122,0.1757,1.3828,1.152e-05,1.033,0.0001,2.1211,12.0,0.0695,1.0019,0.1782,2.4728,0.0054,0.9549,0.0574,1.9804,0.0,0.0,0.0,-0.1497,26.0,25.0,38.0,37.0,13.0,0.0,0.0,0.0,0.0,41.1371,64.0,33.2826,0.0,0.0
17847.0,1.7223,0.0903,1.0,0.0797,1.2014,2.054,1.054,2.2886,1.2886,26.7957,2.0718,26.3535,2.0541,100.0,0.0,0.0,0.0,25.125,0.0,26.25,0.0,26.375,0.0,25.375,10.0,0.0,0.01,52.4475,5.2448,2.0,8.2727,1.3671,0.5417,1.4227,0.182,1.3835,1.162e-05,1.0349,0.0001,2.1186,12.0,0.0691,1.0018,0.1409,2.3709,0.006,1.0001,0.0575,1.9812,0.0,0.0,0.0,-0.1494,26.0,25.0,38.0,37.0,14.0,0.0,0.0,0.0,0.0,41.1369,64.0,33.5092,0.0,0.0
17848.0,1.7317,0.0915,1.0,0.0798,1.2018,2.0544,1.0544,2.2891,1.2891,26.7747,2.071,26.3327,2.0533,100.0,0.0,0.0,0.0,25.25,0.0,26.375,0.0,26.375,0.0,25.375,10.0,0.0,0.0099,52.4474,5.2447,2.0,8.3148,1.3679,0.4697,1.4149,0.1841,1.3837,1.168e-05,1.0361,0.0001,2.12,12.0,0.0663,1.0018,0.1754,2.466,0.0066,1.0433,0.0512,1.9315,0.0,0.0,0.0,-0.1493,25.0,25.0,38.0,37.0,15.0,0.0,0.0,0.0,0.0,41.1368,64.0,33.6431,0.0,0.0
17849.0,1.737,0.0921,1.0,0.0799,1.2019,2.0547,1.0547,2.289,1.289,26.6727,2.0669,26.3263,2.0531,100.0,0.0,0.0,0.0,25.125,0.0,26.375,0.0,26.25,0.0,25.375,10.0,0.0,0.0098,52.4472,5.2447,2.0,8.1524,1.3645,0.4054,1.4079,0.1928,1.3847,1.178e-05,1.038,0.0001,2.1226,12.0,0.0725,1.0019,0.1995,2.5217,0.0062,1.012,0.0485,1.9076,0.0,0.0,0.0,-0.1496,25.0,25.0,38.0,37.0,14.0,0.0,0.0,0.0,0.0,41.1368,64.0,33.8377,0.0,0.0
17850.0,1.7419,0.0927,1.0,0.0799,1.2019,2.0546,1.0546,2.2884,1.2884,26.5529,2.0621,26.3255,2.053,100.0,0.0,0.0,0.0,25.25,0.0,26.5,0.0,26.25,0.0,25.375,10.0,0.0,0.0093,52.4472,5.2447,2.0,8.2207,1.366,0.4125,1.4086,0.1948,1.3849,1.184e-05,1.0392,0.0001,2.1221,12.0,0.0756,1.002,0.1834,2.4853,0.006,0.9996,0.0425,1.8502,0.0,0.0,0.0,-0.15,25.0,25.0,38.0,37.0,13.0,0.0,0.0,0.0,0.0,41.1369,64.0,34.0138,0.0,0.0
17851.0,1.7454,0.0932,1.0,0.0802,1.2028,2.0538,1.0538,2.2882,1.2882,26.6121,2.0645,26.3446,2.0538,100.0,0.0,0.0,0.0,25.25,0.0,26.25,0.0,26.375,0.0,25.375,10.0,0.0,0.0095,52.4472,5.2447,2.0,8.1306,1.364,0.3663,1.4036,0.1972,1.3852,1.187e-05,1.0399,0.0001,2.1235,12.0,0.0756,1.002,0.1886,2.4973,0.006,0.9999,0.0435,1.8601,0.0,0.0,0.0,-0.1495,25.0,25.0,38.0,37.0,13.0,0.0,0.0,0.0,0.0,41.137,64.0,34.2015,0.0,0.0
17852.0,1.7447,0.0931,1.0,0.08,1.2023,2.0539,1.0539,2.2883,1.2883,26.7773,2.0711,26.3506,2.054,100.0,0.0,0.0,0.0,25.25,0.0,26.25,0.0,26.375,0.0,25.375,10.0,0.0,0.0091,52.4474,5.2447,2.0,8.1516,1.3645,0.3438,1.4011,0.203,1.3858,1.196e-05,1.0417,0.0001,2.1186,12.0,0.0771,1.0021,0.1742,2.4628,0.0058,0.9855,0.0418,1.8427,0.0,0.0,0.0,-0.1494,26.0,25.0,38.0,37.0,13.0,0.0,0.0,0.0,0.0,41.1371,64.0,34.4003,0.0,0.0
17853.0,1.7391,0.0924,1.0,0.0801,1.2024,2.0544,1.0544,2.2887,1.2887,26.7845,2.0714,26.3335,2.0533,100.0,0.0,0.0,0.0,25.25,0.0,26.375,0.0,26.25,0.0,25.375,10.0,0.0,0.0088,52.4475,5.2448,2.0,8.1063,1.3635,0.3353,1.4002,0.2037,1.3859,1.201e-05,1.0426,0.0001,2.125,12.0,0.0699,1.0019,0.1913,2.5036,0.0058,0.9835,0.0458,1.883,0.0,0.0,0.0,-0.1492,26.0,25.0,38.0,37.0,15.0,0.0,0.0,0.0,0.0,41.1368,64.0,34.5903,0.0,0.0
17854.0,1.7384,0.0923,1.0,0.0799,1.202,2.0542,1.0542,2.2886,1.2886,26.6999,2.068,26.3275,2.0531,100.0,0.0,0.0,0.0,25.25,0.0,26.375,0.0,26.25,0.0,25.375,10.0,0.0,0.0101,52.4476,5.2448,2.0,8.2076,1.3657,0.3372,1.4004,0.2041,1.3859,1.206e-05,1.0435,0.0001,2.1199,12.0,0.0668,1.0018,0.166,2.4419,0.0064,1.0263,0.0382,1.8034,0.0,0.0,0.0,-0.1492,26.0,25.0,38.0,38.0,14.0,0.0,0.0,0.0,0.0,41.1371,64.0,34.7804,0.0,0.0
17855.0,1.7374,0.0922,1.0,0.0797,1.2014,2.0544,1.0544,2.2884,1.2884,26.5508,2.062,26.3254,2.053,100.0,0.0,0.0,0.0,25.25,0.0,26.375,0.0,26.375,0.0,25.375,10.0,0.0,0.0096,52.4473,5.2447,2.0,8.2309,1.3662,0.3361,1.4003,0.2027,1.3857,1.209e-05,1.0441,0.0001,2.1233,12.0,0.0673,1.0018,0.214,2.5522,0.0059,0.9915,0.0396,1.8195,0.0,0.0,0.0,-0.1493,26.0,25.0,38.0,38.0,14.0,0.0,0.0,0.0,0.0,41.1364,64.0,34.9424,0.0,0.0
17856.0,1.7374,0.0922,1.0,0.0797,1.2013,2.0544,1.0544,2.2886,1.2886,26.5775,2.0631,26.3494,2.054,100.0,0.0,0.0,0.0,25.125,0.0,26.375,0.0,26.25,0.0,25.5,10.0,0.0,0.0093,52.4472,5.2447,2.0,8.2728,1.3671,0.3696,1.404,0.2117,1.3867,1.221e-05,1.0463,0.0001,2.1217,12.0,0.0741,1.002,0.2512,2.6219,0.0061,1.0078,0.0379,1.8005,0.0,0.0,0.0,-0.1494,26.0,25.0,38.0,38.0,13.0,0.0,0.0,0.0,0.0,41.1361,64.0,35.118,0.0,0.0
17857.0,1.7384,0.0923,1.0,0.0801,1.2024,2.054,1.054,2.2887,1.2887,26.7522,2.0701,26.3521,2.0541,100.0,0.0,0.0,0.0,25.25,0.0,26.375,0.0,26.375,0.0,25.375,10.0,0.0,0.0099,52.4474,5.2448,2.0,8.387,1.3694,0.3957,1.4068,0.2111,1.3867,1.223e-05,1.0467,0.0001,2.1282,12.0,0.0776,1.0021,0.2036,2.5306,0.0061,1.01,0.0322,1.7299,0.0,0.0,0.0,-0.1496,26.0,25.0,38.0,38.0,14.0,0.0,0.0,0.0,0.0,41.1369,64.0,35.3086,0.0,0.0
17858.0,1.7384,0.0923,1.0,0.08,1.2021,2.0543,1.0543,2.2891,1.2891,26.7878,2.0715,26.3349,2.0534,100.0,0.0,0.0,0.0,25.375,0.0,26.375,0.0,26.375,0.0,25.5,10.0,0.0,0.0097,52.4475,5.2447,2.0,8.3249,1.3682,0.304,1.3968,0.2124,1.3868,1.227e-05,1.0476,0.0001,2.1287,12.0,0.0749,1.002,0.1887,2.4977,0.0049,0.9158,0.0342,1.756,0.0,0.0,0.0,-0.1495,26.0,25.0,38.0,38.0,14.0,0.0,0.0,0.0,0.0,41.1366,64.0,35.4884,0.0,0.0
17859.0,1.7394,0.0924,1.0,0.08,1.2024,2.0546,1.0546,2.289,1.289,26.7007,2.068,26.336,2.0534,100.0,0.0,0.0,0.0,25.25,0.0,26.375,0.0,26.25,0.0,25.375,10.0,0.0,0.01,52.4475,5.2448,2.0,8.182,1.3651,0.2741,1.3935,0.2128,1.3868,1.233e-05,1.0486,0.0001,2.1298,12.0,0.071,1.0019,0.1985,2.5197,0.0058,0.9843,0.0339,1.7522,0.0,0.0,0.0,-0.1491,26.0,25.0,38.0,37.0,12.0,0.0,0.0,0.0,0.0,41.1367,64.0,35.6793,0.0,0.0
17860.0,1.7383,0.0923,1.0,0.0799,1.202,2.0549,1.0549,2.2885,1.2885,26.5746,2.063,26.3341,2.0534,100.0,0.0,0.0,0.0,25.25,0.0,26.375,0.0,26.375,0.0,25.375,10.0,0.0,0.0102,52.4475,5.2447,2.0,8.1837,1.3652,0.2898,1.3953,0.2188,1.3875,1.236e-05,1.0493,0.0001,2.1315,12.0,0.0677,1.0018,0.2298,2.5833,0.0062,1.0151,0.0494,1.9152,0.0,0.0,0.0,-0.1493,26.0,25.0,38.0,37.0,13.0,0.0,0.0,0.0,0.0,41.1367,64.0,35.8876,0.0,0.0
17861.0,1.7383,0.0923,1.0,0.0794,1.2007,2.0546,1.0546,2.2883,1.2883,26.588,2.0635,26.3514,2.0541,100.0,0.0,0.0,0.0,25.25,0.0,26.375,0.0,26.375,0.0,25.375,10.0,0.0,0.0098,52.4475,5.2448,2.0,8.3915,1.3695,0.3722,1.4042,0.2245,1.3881,1.248e-05,1.0514,0.0001,2.1294,12.0,0.0668,1.0018,0.2148,2.5539,0.0053,0.943,0.0432,1.8573,0.0,0.0,0.0,-0.1495,26.0,25.0,38.0,37.0,13.0,0.0,0.0,0.0,0.0,41.1367,64.0,36.0813,0.0,0.0
17862.0,1.7388,0.0924,1.0,0.0798,1.2018,2.054,1.054,2.2883,1.2883,26.7596,2.0704,26.3613,2.0545,100.0,0.0,0.0,0.0,25.25,0.0,26.375,0.0,26.375,0.0,25.5,10.0,0.0,0.0102,52.4475,5.2448,2.0,8.498,1.3717,0.482,1.4162,0.2311,1.3889,1.261e-05,1.0538,0.0001,2.1293,12.0,0.0667,1.0018,0.2067,2.5372,0.0059,0.9946,0.0546,1.9591,0.0,0.0,0.0,-0.1495,26.0,25.0,38.0,37.0,12.0,0.0,0.0,0.0,0.0,41.1363,64.0,36.2391,0.0,0.0
17863.0,1.7394,0.0924,1.0,0.0798,1.2017,2.0542,1.0542,2.2886,1.2886,26.796,2.0718,26.3469,2.0539,100.0,0.0,0.0,0.0,25.25,0.0,26.375,0.0,26.375,0.0,25.5,10.0,0.0,0.0095,52.4473,5.2447,2.0,8.6748,1.3753,0.4478,1.4125,0.2381,1.3896,1.272e-05,1.0558,0.0001,2.1325,12.0,0.0715,1.0019,0.1939,2.5094,0.006,1.0006,0.0566,1.9745,0.0,0.0,0.0,-0.1501,26.0,25.0,38.0,37.0,16.0,0.0,0.0,0.0,0.0,41.1367,64.0,36.4335,0.0,0.0
17864.0,1.7394,0.0924,1.0,0.0798,1.2018,2.0546,1.0546,2.289,1.289,26.7272,2.0691,26.338,2.0535,100.0,0.0,0.0,0.0,25.375,0.0,26.375,0.0,26.375,0.0,25.375,10.0,0.0,0.0089,52.4472,5.2447,2.0,8.6872,1.3756,0.4357,1.4112,0.2423,1.3901,1.277e-05,1.0568,0.0001,2.1277,12.0,0.0714,1.0019,0.2221,2.5684,0.005,0.9246,0.0648,2.0337,0.0,0.0,0.0,-0.1496,26.0,25.0,38.0,37.0,13.0,0.0,0.0,0.0,0.0,41.1368,64.0,36.6731,0.0,0.0
17865.0,1.7394,0.0924,1.0,0.0798,1.2016,2.0546,1.0546,2.2885,1.2885,26.6135,2.0645,26.3343,2.0534,100.0,0.0,0.0,0.0,25.125,0.0,26.375,0.0,26.25,0.0,25.375,10.0,0.0,0.0104,52.4473,5.2448,2.0,8.6138,1.3741,0.358,1.4027,0.2425,1.3901,1.285e-05,1.0583,0.0001,2.1345,12.0,0.0738,1.002,0.2021,2.5274,0.0063,1.0219,0.0764,2.1052,0.0,0.0,0.0,-0.1497,26.0,25.0,38.0,37.0,13.0,0.0,0.0,0.0,0.0,41.1375,64.0,36.7902,0.0,0.0
17866.0,1.7394,0.0924,1.0,0.0801,1.2026,2.055,1.055,2.2883,1.2883,26.556,2.0622,26.3439,2.0538,100.0,0.0,0.0,0.0,25.25,0.0,26.375,0.0,26.5,0.0,25.375,10.0,0.0,0.0098,52.4474,5.2447,2.0,8.4975,1.3717,0.3463,1.4014,0.2417,1.39,1.288e-05,1.0589,0.0001,2.1291,12.0,0.0774,1.0021,0.1716,2.4564,0.0059,0.994,0.0777,2.1123,0.0,0.0,0.0,-0.1493,26.0,25.0,38.0,37.0,14.0,0.0,0.0,0.0,0.0,41.1372,64.0,36.9773,0.0,0.0
17867.0,1.7383,0.0923,1.0,0.0797,1.2014,2.0544,1.0544,2.2882,1.2882,26.7022,2.0681,26.3595,2.0544,100.0,0.0,0.0,0.0,25.25,0.0,26.5,0.0,26.375,0.0,25.5,10.0,0.0,0.0098,52.4475,5.2447,2.0,8.5357,1.3725,0.2863,1.3949,0.2392,1.3897,1.29e-05,1.0592,0.0001,2.1327,12.0,0.0652,1.0017,0.1552,2.4127,0.0064,1.0281,0.0797,2.1235,0.0,0.0,0.0,-0.1494,26.0,25.0,38.0,37.0,14.0,0.0,0.0,0.0,0.0,41.137,64.0,37.1737,0.0,0.0
17868.0,1.7383,0.0923,1.0,0.0798,1.2018,2.0542,1.0542,2.2887,1.2887,26.7969,2.0719,26.3475,2.0539,100.0,0.0,0.0,0.0,25.25,0.0,26.375,0.0,26.25,0.0,25.375,10.0,0.0,0.0097,52.4475,5.2448,2.0,8.5797,1.3734,0.3555,1.4024,0.2478,1.3907,1.299e-05,1.0608,0.0001,2.1332,12.0,0.0649,1.0017,0.1583,2.4213,0.0063,1.0211,0.0742,2.0922,0.0,0.0,0.0,-0.1497,26.0,25.0,38.0,37.0,14.0,0.0,0.0,0.0,0.0,41.1367,64.0,37.398,0.0,0.0
17869.0,1.7384,0.0923,1.0,0.0799,1.202,2.0546,1.0546,2.2886,1.2886,26.7275,2.0691,26.3386,2.0535,100.0,0.0,0.0,0.0,25.25,0.0,26.375,0.0,26.25,0.0,25.375,10.0,0.0,0.0096,52.4473,5.2447,2.0,8.6465,1.3747,0.3283,1.3994,0.2552,1.3915,1.312e-05,1.0631,0.0001,2.1337,12.0,0.0704,1.0019,0.1526,2.4054,0.0056,0.9698,0.0794,2.1216,0.0,0.0,0.0,-0.1495,26.0,25.0,38.0,37.0,15.0,0.0,0.0,0.0,0.0,41.1366,64.0,37.5476,0.0,0.0
17870.0,1.7372,0.0922,1.0,0.0799,1.202,2.0546,1.0546,2.2885,1.2885,26.6189,2.0648,26.3338,2.0534,100.0,0.0,0.0,0.0,25.25,0.0,26.375,0.0,26.25,0.0,25.375,10.0,0.0,0.01,52.4471,5.2447,2.0,8.6625,1.3751,0.3476,1.4016,0.2573,1.3917,1.319e-05,1.0644,0.0001,2.129,12.0,0.0729,1.0019,0.1236,2.3139,0.006,1.0034,0.067,2.0479,0.0,0.0,0.0,-0.1498,26.0,25.0,38.0,37.0,14.0,0.0,0.0,0.0,0.0,41.1362,64.0,37.7418,0.0,0.0
17871.0,1.7368,0.0921,1.0,0.0798,1.2017,2.0546,1.0546,2.2883,1.2883,26.5486,2.0619,26.3415,2.0537,100.0,0.0,0.0,0.0,25.375,0.0,26.375,0.0,26.375,0.0,25.625,10.0,0.0,0.0099,52.4469,5.2447,2.0,8.5608,1.373,0.2408,1.3899,0.2615,1.3922,1.33e-05,1.0662,0.0001,2.1355,12.0,0.0767,1.002,0.1474,2.3905,0.0062,1.0137,0.0731,2.0855,0.0,0.0,0.0,-0.1494,26.0,25.0,38.0,38.0,15.0,0.0,0.0,0.0,0.0,41.1368,64.0,37.9229,0.0,0.0
17872.0,1.7362,0.092,1.0,0.08,1.2021,2.054,1.054,2.2882,1.2882,26.7216,2.0689,26.3621,2.0545,100.0,0.0,0.0,0.0,25.25,0.0,26.625,0.0,26.25,0.0,25.375,10.0,0.0,0.0095,52.4472,5.2447,2.0,8.6128,1.3741,0.3301,1.3996,0.2593,1.3919,1.329e-05,1.0661,0.0001,2.1367,12.0,0.0752,1.002,0.1179,2.2933,0.0056,0.97,0.0694,2.0632,0.0,0.0,0.0,-0.1492,26.0,25.0,38.0,38.0,13.0,0.0,0.0,0.0,0.0,41.1367,64.0,38.1104,0.0,0.0
17873.0,1.7362,0.092,1.0,0.08,1.2023,2.0539,1.0539,2.2885,1.2885,26.7965,2.0719,26.3538,2.0542,100.0,0.0,0.0,0.0,25.25,0.0,26.5,0.0,26.375,0.0,25.5,10.0,0.0,0.0091,52.4472,5.2447,2.0,8.7401,1.3766,0.3756,1.4046,0.2591,1.3919,1.336e-05,1.0674,0.0001,2.1363,12.0,0.0747,1.002,0.1138,2.2782,0.006,1.0025,0.063,2.0209,0.0,0.0,0.0,-0.1498,26.0,25.0,38.0,38.0,13.0,0.0,0.0,0.0,0.0,41.1365,64.0,38.3387,0.0,0.0
17874.0,1.7362,0.092,1.0,0.08,1.2022,2.0545,1.0545,2.2887,1.2887,26.7581,2.0703,26.3313,2.0533,100.0,0.0,0.0,0.0,25.375,0.0,26.375,0.0,26.375,0.0,25.375,10.0,0.0,0.0095,52.4472,5.2447,2.0,8.7767,1.3773,0.3392,1.4006,0.262,1.3922,1.34e-05,1.068,0.0001,2.134,12.0,0.0697,1.0019,0.1102,2.2642,0.0059,0.9958,0.0669,2.0474,0.0,0.0,0.0,-0.1495,26.0,25.0,38.0,38.0,12.0,0.0,0.0,0.0,0.0,41.1365,64.0,38.5014,0.0,0.0
17875.0,1.7353,0.0919,1.0,0.0798,1.2017,2.0546,1.0546,2.2886,1.2886,26.6571,2.0663,26.3363,2.0535,100.0,0.0,0.0,0.0,25.25,0.0,26.5,0.0,26.375,0.0,25.5,10.0,0.0,0.0099,52.4475,5.2447,2.0,8.8725,1.3792,0.3545,1.4023,0.2648,1.3925,1.349e-05,1.0695,0.0001,2.1374,12.0,0.0681,1.0018,0.1065,2.2494,0.0057,0.9784,0.0536,1.9512,0.0,0.0,0.0,-0.1498,26.0,25.0,38.0,38.0,14.0,0.0,0.0,0.0,0.0,41.1362,64.0,38.6933,0.0,0.0
17876.0,1.7352,0.0919,1.0,0.0797,1.2015,2.0546,1.0546,2.2884,1.2884,26.5488,2.062,26.3414,2.0537,100.0,0.0,0.0,0.0,25.375,0.0,26.5,0.0,26.25,0.0,25.5,10.0,0.0,0.0094,52.4474,5.2447,2.0,8.7522,1.3768,0.3148,1.398,0.2705,1.3931,1.364e-05,1.0721,0.0001,2.1384,12.0,0.064,1.0017,0.1644,2.4378,0.0058,0.9872,0.0594,1.9959,0.0,0.0,0.0,-0.1495,26.0,25.0,38.0,38.0,12.0,0.0,0.0,0.0,0.0,41.136,64.0,38.8571,0.0,0.0
17877.0,1.736,0.092,1.0,0.0797,1.2015,2.0542,1.0542,2.2882,1.2882,26.6385,2.0655,26.3554,2.0542,100.0,0.0,0.0,0.0,25.125,0.0,26.375,0.0,26.375,0.0,25.375,10.0,0.0,0.0102,52.4473,5.2447,2.0,8.8226,1.3782,0.3174,1.3983,0.2746,1.3936,1.373e-05,1.0736,0.0001,2.1413,12.0,0.0667,1.0018,0.157,2.4177,0.0059,0.9915,0.0579,1.9849,0.0,0.0,0.0,-0.1495,26.0,25.0,38.0,38.0,14.0,0.0,0.0,0.0,0.0,41.1368,64.0,39.0478,0.0,0.0
17878.0,1.7362,0.092,1.0,0.0802,1.2029,2.054,1.054,2.2888,1.2888,26.7845,2.0714,26.3563,2.0543,100.0,0.0,0.0,0.0,25.25,0.0,26.375,0.0,26.375,0.0,25.375,10.0,0.0,0.0099,52.4474,5.2448,2.0,8.7832,1.3775,0.2888,1.3951,0.2772,1.3939,1.376e-05,1.0741,0.0001,2.1416,12.0,0.0759,1.002,0.1622,2.432,0.0056,0.9704,0.0529,1.9454,0.0,0.0,0.0,-0.1494,26.0,25.0,38.0,38.0,14.0,0.0,0.0,0.0,0.0,41.1365,64.0,39.2232,0.0,0.0
17879.0,1.7362,0.092,1.0,0.08,1.2022,2.0549,1.0549,2.2891,1.2891,26.7675,2.0707,26.3421,2.0537,100.0,0.0,0.0,0.0,25.25,0.0,26.375,0.0,26.375,0.0,25.375,10.0,0.0,0.0102,52.4472,5.2447,2.0,8.8979,1.3797,0.3769,1.4048,0.283,1.3945,1.387e-05,1.076,0.0001,2.1422,12.0,0.0719,1.0019,0.2643,2.6439,0.0054,0.9503,0.0506,1.9262,0.0,0.0,0.0,-0.1497,26.0,25.0,38.0,38.0,13.0,0.0,0.0,0.0,0.0,41.1373,64.0,39.3862,0.0,0.0
17880.0,1.7356,0.092,1.0,0.0799,1.202,2.0551,1.0551,2.2887,1.2887,26.679,2.0672,26.3444,2.0538,100.0,0.0,0.0,0.0,25.375,0.0,26.375,0.0,26.375,0.0,25.375,10.0,0.0,0.0101,52.4474,5.2447,2.0,9.1094,1.3838,0.4663,1.4145,0.2881,1.3951,1.399e-05,1.0781,0.0001,2.1423,12.0,0.07,1.0019,0.2069,2.5377,0.0058,0.9834,0.0635,2.0245,0.0,0.0,0.0,-0.1493,26.0,25.0,38.0,38.0,12.0,0.0,0.0,0.0,0.0,41.1364,64.0,39.5814,0.0,0.0
17881.0,1.7363,0.092,1.0,0.0796,1.2012,2.0548,1.0548,2.2884,1.2884,26.5563,2.0623,26.3389,2.0536,100.0,0.0,0.0,0.0,25.25,0.0,26.375,0.0,26.375,0.0,25.375,10.0,0.0,0.0098,52.4472,5.2447,2.0,9.1216,1.384,0.4703,1.4149,0.2903,1.3953,1.405e-05,1.0791,0.0001,2.1388,12.0,0.0672,1.0018,0.2832,2.6739,0.0063,1.0234,0.0591,1.9937,0.0,0.0,0.0,-0.1494,26.0,25.0,38.0,38.0,15.0,0.0,0.0,0.0,0.0,41.1365,64.0,39.7586,0.0,0.0
17882.0,1.7363,0.092,1.0,0.08,1.2022,2.0541,1.0541,2.2883,1.2883,26.6305,2.0652,26.3527,2.0541,100.0,0.0,0.0,0.0,25.375,0.0,26.375,0.0,26.375,0.0,25.5,10.0,0.0,0.0097,52.4471,5.2447,2.0,9.4311,1.3898,0.5824,1.4272,0.2932,1.3956,1.417e-05,1.0809,0.0001,2.1444,12.0,0.0678,1.0018,0.2648,2.6447,0.0063,1.0242,0.0604,2.0032,0.0,0.0,0.0,-0.1493,26.0,25.0,38.0,38.0,13.0,0.0,0.0,0.0,0.0,41.1367,64.0,39.9439,0.0,0.0
17883.0,1.7363,0.092,1.0,0.0797,1.2015,2.0539,1.0539,2.2883,1.2883,26.7937,2.0717,26.3498,2.054,100.0,0.0,0.0,0.0,25.375,0.0,26.5,0.0,26.375,0.0,25.375,10.0,0.0,0.0103,52.4472,5.2447,2.0,9.5491,1.392,0.5873,1.4277,0.3016,1.3965,1.431e-05,1.0832,0.0001,2.1425,12.0,0.0715,1.0019,0.2156,2.5555,0.0063,1.0182,0.0568,1.9761,0.0,0.0,0.0,-0.1493,26.0,25.0,38.0,38.0,14.0,0.0,0.0,0.0,0.0,41.1368,64.0,40.1172,0.0,0.0
17884.0,1.7363,0.092,1.0,0.0799,1.202,2.0544,1.0544,2.2887,1.2887,26.789,2.0716,26.3339,2.0534,100.0,0.0,0.0,0.0,25.25,0.0,26.5,0.0,26.375,0.0,25.5,10.0,0.0,0.0097,52.4469,5.2447,2.0,9.6537,1.3939,0.6106,1.4303,0.3023,1.3966,1.439e-05,1.0845,0.0001,2.1478,12.0,0.0746,1.002,0.265,2.6451,0.0053,0.9481,0.0507,1.9269,0.0,0.0,0.0,-0.1494,26.0,25.0,38.0,37.0,13.0,0.0,0.0,0.0,0.0,41.137,64.0,40.3101,0.0,0.0
17885.0,1.7363,0.092,1.0,0.0801,1.2025,2.0546,1.0546,2.2885,1.2885,26.6909,2.0676,26.3263,2.0531,100.0,0.0,0.0,0.0,25.25,0.0,26.375,0.0,26.375,0.0,25.5,10.0,0.0,0.0098,52.4473,5.2447,2.0,9.7093,1.3949,0.6142,1.4306,0.3066,1.3971,1.445e-05,1.0855,0.0001,2.1453,12.0,0.0759,1.002,0.2579,2.6333,0.0056,0.9721,0.051,1.9291,0.0,0.0,0.0,-0.1497,26.0,25.0,38.0,37.0,14.0,0.0,0.0,0.0,0.0,41.1373,64.0,40.481,0.0,0.0
17886.0,1.7363,0.092,1.0,0.08,1.2024,2.0543,1.0543,2.2884,1.2884,26.5688,2.0628,26.3229,2.0529,100.0,0.0,0.0,0.0,25.25,0.0,26.5,0.0,26.375,0.0,25.375,10.0,0.0,0.01,52.4474,5.2447,2.0,9.8173,1.3968,0.6465,1.4342,0.3158,1.3981,1.46e-05,1.0879,0.0001,2.1491,12.0,0.0777,1.0021,0.2477,2.6158,0.0064,1.0252,0.0503,1.9232,0.0,0.0,0.0,-0.1493,26.0,25.0,38.0,37.0,15.0,0.0,0.0,0.0,0.0,41.1365,64.0,40.7096,0.0,0.0
17887.0,1.7362,0.092,1.0,0.0801,1.2025,2.0544,1.0544,2.2883,1.2883,26.5837,2.0633,26.3408,2.0536,100.0,0.0,0.0,0.0,25.375,0.0,26.375,0.0,26.375,0.0,25.5,10.0,0.0,0.01,52.4473,5.2447,2.0,9.8792,1.3979,0.6445,1.4339,0.3169,1.3982,1.47e-05,1.0895,0.0001,2.1477,12.0,0.0739,1.002,0.2092,2.5424,0.0063,1.024,0.0489,1.9114,0.0,0.0,0.0,-0.1498,26.0,25.0,38.0,37.0,16.0,0.0,0.0,0.0,0.0,41.1365,64.0,40.8712,0.0,0.0
17888.0,1.7363,0.092,1.0,0.08,1.2021,2.054,1.054,2.2883,1.2883,26.7617,2.0705,26.3626,2.0545,100.0,0.0,0.0,0.0,25.375,0.0,26.375,0.0,26.375,0.0,25.375,10.0,0.0,0.0091,52.4475,5.2447,2.0,9.907,1.3984,0.6324,1.4326,0.3163,1.3981,1.472e-05,1.0898,0.0001,2.1482,12.0,0.0695,1.0019,0.205,2.5336,0.0061,1.0044,0.059,1.9924,0.0,0.0,0.0,-0.1495,26.0,25.0,38.0,37.0,16.0,0.0,0.0,0.0,0.0,41.1368,64.0,41.0591,0.0,0.0
17889.0,1.7373,0.0922,1.0,0.0798,1.2017,2.0546,1.0546,2.2887,1.2887,26.8004,2.072,26.3452,2.0538,100.0,0.0,0.0,0.0,25.125,0.0,26.375,0.0,26.375,0.0,25.5,10.0,0.0,0.0097,52.4471,5.2447,2.0,9.959,1.3993,0.6302,1.4324,0.3225,1.3988,1.487e-05,1.0921,0.0001,2.1492,12.0,0.0725,1.0019,0.2801,2.6692,0.0066,1.0441,0.061,2.0071,0.0,0.0,0.0,-0.1495,26.0,25.0,38.0,37.0,13.0,0.0,0.0,0.0,0.0,41.1362,0.0,41.1862,0.0,0.0
17890.0,1.7363,0.092,1.0,0.0798,1.2017,2.0546,1.0546,2.2885,1.2885,26.7171,2.0687,26.3386,2.0535,100.0,0.0,0.0,0.0,25.375,0.0,26.375,0.0,26.25,0.0,25.5,10.0,0.0,0.0093,52.4471,5.2447,2.0,9.982,1.3997,0.5375,1.4223,0.3264,1.3992,1.498e-05,1.0939,0.0001,2.1531,12.0,0.0751,1.002,0.2758,2.6625,0.0057,0.9747,0.0583,1.9877,0.0,0.0,0.0,-0.1495,26.0,25.0,38.0,37.0,12.0,0.0,0.0,0.0,0.0,41.1369,0.0,41.1875,0.0,0.0
17891.0,1.7365,0.0921,1.0,0.0802,1.2027,2.0546,1.0546,2.2885,1.2885,26.5989,2.064,26.3336,2.0533,100.0,0.0,0.0,0.0,25.25,0.0,26.5,0.0,26.375,0.0,25.5,10.0,0.0,0.0102,52.4472,5.2447,2.0,9.8538,1.3974,0.5278,1.4212,0.3233,1.3989,1.501e-05,1.0944,0.0001,2.1495,12.0,0.0765,1.002,0.3379,2.7506,0.007,1.0675,0.0579,1.9847,0.0,0.0,0.0,-0.1494,26.0,25.0,38.0,37.0,14.0,0.0,0.0,0.0,0.0,41.1375,0.0,41.188,0.0,0.0
17892.0,1.7373,0.0922,1.0,0.08,1.2022,2.0548,1.0548,2.2882,1.2882,26.5645,2.0626,26.3475,2.0539,100.0,0.0,0.0,0.0,25.25,0.0,26.375,0.0,26.375,0.0,25.375,10.0,0.0,0.0097,52.4473,5.2447,2.0,10.1074,1.4019,0.6109,1.4303,0.3337,1.4,1.521e-05,1.0974,0.0001,2.1537,12.0,0.076,1.002,0.2432,2.6078,0.0056,0.9737,0.0528,1.9444,0.0,0.0,0.0,-0.1496,26.0,25.0,38.0,38.0,13.0,0.0,0.0,0.0,0.0,41.137,0.0,41.1878,0.0,0.0
17893.0,1.7373,0.0922,1.0,0.0799,1.2021,2.0544,1.0544,2.2882,1.2882,26.7241,2.069,26.3628,2.0545,100.0,0.0,0.0,0.0,25.25,0.0,26.375,0.0,26.5,0.0,25.5,10.0,0.0,0.0098,52.4472,5.2447,2.0,10.164,1.4028,0.5743,1.4263,0.3339,1.4001,1.527e-05,1.0984,0.0001,2.1499,12.0,0.0676,1.0018,0.2457,2.6122,0.0057,0.9803,0.0533,1.9485,0.0,0.0,0.0,-0.15,26.0,25.0,38.0,38.0,15.0,0.0,0.0,0.0,0.0,41.1366,0.0,41.1874,0.0,0.0
17894.0,1.7373,0.0922,1.0,0.0798,1.2016,2.0547,1.0547,2.2887,1.2887,26.7968,2.0719,26.3449,2.0538,100.0,0.0,0.0,0.0,25.375,0.0,26.375,0.0,26.375,0.0,25.5,10.0,0.0,0.0101,52.4471,5.2447,2.0,10.1616,1.4028,0.5428,1.4229,0.3363,1.4003,1.542e-05,1.1006,0.0001,2.1515,12.0,0.0669,1.0018,0.2122,2.5486,0.0064,1.0259,0.0474,1.8974,0.0,0.0,0.0,-0.1494,26.0,25.0,38.0,38.0,12.0,0.0,0.0,0.0,0.0,41.1366,0.0,41.1874,0.0,0.0
17895.0,1.7363,0.092,1.0,0.0799,1.2019,2.055,1.055,2.2886,1.2886,26.7171,2.0687,26.3379,2.0535,100.0,0.0,0.0,0.0,25.375,0.0,26.375,0.0,26.375,0.0,25.5,10.0,0.0,0.0094,52.4471,5.2447,2.0,10.3079,1.4053,0.6009,1.4292,0.338,1.4005,1.546e-05,1.1013,0.0001,2.1578,12.0,0.066,1.0018,0.204,2.5314,0.0061,1.01,0.0418,1.8426,0.0,0.0,0.0,-0.1495,26.0,25.0,38.0,38.0,13.0,0.0,0.0,0.0,0.0,41.1366,0.0,41.1869,0.0,0.0
17896.0,1.7383,0.0923,1.0,0.0798,1.2017,2.0549,1.0549,2.2884,1.2884,26.5978,2.0639,26.3336,2.0533,100.0,0.0,0.0,0.0,25.375,0.0,26.5,0.0,26.375,0.0,25.5,10.0,0.0,0.0095,52.4471,5.2447,2.0,10.3721,1.4063,0.5934,1.4284,0.3441,1.4012,1.559e-05,1.1032,0.0001,2.1547,12.0,0.0693,1.0018,0.2282,2.5801,0.0061,1.0036,0.0461,1.8854,0.0,0.0,0.0,-0.1497,26.0,25.0,38.0,37.0,14.0,0.0,0.0,0.0,0.0,41.1365,0.0,41.1875,0.0,0.0
17897.0,1.7384,0.0923,1.0,0.0797,1.2014,2.0549,1.0549,2.2883,1.2883,26.5697,2.0628,26.3471,2.0539,100.0,0.0,0.0,0.0,25.375,0.0,26.375,0.0,26.375,0.0,25.375,10.0,0.0,0.0105,52.4472,5.2447,2.0,10.4119,1.407,1.0155,1.4744,0.3463,1.4014,1.573e-05,1.1052,0.0001,2.158,12.0,0.072,1.0019,0.2428,2.607,0.0057,0.9786,0.0403,1.8269,0.0,0.0,0.0,-0.1496,26.0,25.0,38.0,37.0,13.0,0.0,0.0,0.0,0.0,41.1366,0.0,41.1875,0.0,0.0
17898.0,1.7384,0.0923,1.0,0.08,1.2023,2.0544,1.0544,2.2881,1.2881,26.7127,2.0685,26.3607,2.0544,100.0,0.0,0.0,0.0,25.375,0.0,26.375,0.0,26.375,0.0,25.5,10.0,0.0,0.0094,52.447,5.2447,2.0,11.4711,1.4238,1.0757,1.481,0.3494,1.4018,1.576e-05,1.1057,0.0001,2.1565,12.0,0.0758,1.002,0.2682,2.6503,0.0066,1.0397,0.0382,1.8044,0.0,0.0,0.0,-0.1494,26.0,25.0,38.0,37.0,13.0,0.0,0.0,0.0,0.0,41.1365,0.0,41.1874,0.0,0.0
17899.0,1.7384,0.0923,1.0,0.08,1.2023,2.0542,1.0542,2.2886,1.2886,26.8076,2.0723,26.3491,2.054,100.0,0.0,0.0,0.0,25.375,0.0,26.5,0.0,26.375,0.0,25.5,10.0,0.0,0.0107,52.4475,5.2448,2.0,11.4783,1.424,0.9647,1.4689,0.355,1.4024,1.595e-05,1.1085,0.0001,2.1567,12.0,0.0703,1.0019,0.2849,2.6766,0.0055,0.9649,0.0531,1.9473,0.0,0.0,0.0,-0.1496,26.0,25.0,38.0,37.0,13.0,0.0,0.0,0.0,0.0,41.1366,0.0,41.1875,0.0,0.0
17900.0,1.7373,0.0922,1.0,0.0799,1.2019,2.0546,1.0546,2.2886,1.2886,26.7526,2.0701,26.339,2.0536,100.0,0.0,0.0,0.0,25.25,0.0,26.375,0.0,26.375,0.0,25.375,10.0,0.0,0.0101,52.4475,5.2447,2.0,11.3747,1.4224,0.881,1.4597,0.3555,1.4024,1.602e-05,1.1095,0.0001,2.1587,12.0,0.0678,1.0018,0.323,2.7311,0.0057,0.9741,0.0508,1.9277,0.0,0.0,0.0,-0.1493,26.0,25.0,38.0,37.0,17.0,0.0,0.0,0.0,0.0,41.1368,0.0,41.1877,0.0,0.0
17901.0,1.7366,0.0921,1.0,0.0795,1.201,2.055,1.055,2.2882,1.2882,26.6416,2.0657,26.334,2.0534,100.0,0.0,0.0,0.0,25.25,0.0,26.5,0.0,26.375,0.0,25.5,10.0,0.0,0.0101,52.4472,5.2447,2.0,11.3669,1.4223,0.9028,1.4621,0.3618,1.4031,1.615e-05,1.1114,0.0001,2.1598,12.0,0.0677,1.0018,0.3084,2.7109,0.0063,1.0226,0.0504,1.9239,0.0,0.0,0.0,-0.1493,26.0,25.0,38.0,37.0,13.0,0.0,0.0,0.0,0.0,41.1369,0.0,41.188,0.0,0.0
17902.0,1.7374,0.0922,1.0,0.0799,1.202,2.0546,1.0546,2.2885,1.2885,26.5606,2.0624,26.3452,2.0538,100.0,0.0,0.0,0.0,25.375,0.0,26.375,0.0,26.375,0.0,25.5,10.0,0.0,0.0099,52.4473,5.2447,2.0,11.4486,1.4235,0.8248,1.4536,0.3607,1.403,1.622e-05,1.1124,0.0001,2.1602,12.0,0.0706,1.0019,0.3153,2.7206,0.0064,1.0247,0.0457,1.8822,0.0,0.0,0.0,-0.1499,26.0,25.0,38.0,37.0,14.0,0.0,0.0,0.0,0.0,41.1367,0.0,41.1875,0.0,0.0
17903.0,1.7389,0.0924,1.0,0.0798,1.2018,2.0541,1.0541,2.2886,1.2886,26.66,2.0664,26.3575,2.0543,100.0,0.0,0.0,0.0,25.375,0.0,26.375,0.0,26.375,0.0,25.5,10.0,0.0,0.0101,52.447,5.2447,2.0,11.4755,1.4239,0.8379,1.455,0.3642,1.4034,1.631e-05,1.1137,0.0001,2.1637,12.0,0.0728,1.0019,0.2875,2.6805,0.0062,1.0122,0.0481,1.9038,0.0,0.0,0.0,-0.1493,26.0,25.0,38.0,37.0,15.0,0.0,0.0,0.0,0.0,41.1364,0.0,41.1872,0.0,0.0
17904.0,1.7404,0.0925,1.0,0.0799,1.2019,2.0541,1.0541,2.2888,1.2888,26.8055,2.0722,26.3496,2.054,100.0,0.0,0.0,0.0,25.25,0.0,26.5,0.0,26.375,0.0,25.375,10.0,0.0,0.0098,52.4468,5.2447,2.0,11.56,1.4252,0.7941,1.4503,0.3686,1.4039,1.647e-05,1.1159,0.0001,2.1642,12.0,0.0741,1.002,0.3189,2.7254,0.006,0.9966,0.0557,1.9677,0.0,0.0,0.0,-0.1495,26.0,25.0,38.0,38.0,16.0,0.0,0.0,0.0,0.0,41.1366,0.0,41.1874,0.0,0.0
17905.0,1.7404,0.0925,1.0,0.0798,1.2017,2.0546,1.0546,2.2886,1.2886,26.7531,2.0701,26.3385,2.0535,100.0,0.0,0.0,0.0,25.375,0.0,26.5,0.0,26.375,0.0,25.375,10.0,0.0,0.0097,52.4473,5.2447,2.0,11.6969,1.4272,0.7852,1.4493,0.3678,1.4038,1.658e-05,1.1174,0.0001,2.1629,12.0,0.0764,1.002,0.2103,2.5447,0.0061,1.0106,0.0548,1.9603,0.0,0.0,0.0,-0.1491,26.0,25.0,38.0,38.0,13.0,0.0,0.0,0.0,0.0,41.1364,0.0,41.1877,0.0,0.0
17906.0,1.7415,0.0927,1.0,0.08,1.2022,2.0546,1.0546,2.2885,1.2885,26.6432,2.0657,26.3248,2.053,100.0,0.0,0.0,0.0,25.375,0.0,26.375,0.0,26.375,0.0,25.375,10.0,0.0,0.0102,52.4474,5.2448,2.0,11.8357,1.4293,0.8283,1.454,0.3678,1.4038,1.669e-05,1.119,0.0001,2.1631,12.0,0.0748,1.002,0.2389,2.6,0.0058,0.9847,0.0558,1.9682,0.0,0.0,0.0,-0.1492,26.0,25.0,38.0,38.0,13.0,0.0,0.0,0.0,0.0,41.1368,0.0,41.1876,0.0,0.0
17907.0,1.7426,0.0928,1.0,0.08,1.2023,2.0546,1.0546,2.2883,1.2883,26.5491,2.062,26.3285,2.0531,100.0,0.0,0.0,0.0,25.375,0.0,26.375,0.0,26.375,0.0,25.5,10.0,0.0,0.0101,52.4471,5.2447,2.0,11.8648,1.4297,0.8067,1.4516,0.3696,1.404,1.674e-05,1.1197,0.0001,2.1635,12.0,0.0766,1.002,0.2353,2.5934,0.0062,1.0126,0.0513,1.9323,0.0,0.0,0.0,-0.1496,26.0,25.0,38.0,38.0,15.0,0.0,0.0,0.0,0.0,41.1369,0.0,41.1874,0.0,0.0
17908.0,1.7424,0.0928,1.0,0.08,1.2023,2.0537,1.0537,2.2886,1.2886,26.6441,2.0658,26.346,2.0538,100.0,0.0,0.0,0.0,25.375,0.0,26.5,0.0,26.375,0.0,25.5,10.0,0.0,0.0099,52.447,5.2447,2.0,11.9405,1.4308,0.7897,1.4498,0.371,1.4041,1.69e-05,1.1219,0.0001,2.1658,12.0,0.0729,1.0019,0.2,2.523,0.0065,1.0339,0.0496,1.9176,0.0,0.0,0.0,-0.1494,26.0,25.0,38.0,38.0,13.0,0.0,0.0,0.0,0.0,41.1372,0.0,41.1877,0.0,0.0
17909.0,1.7459,0.0932,1.0,0.08,1.2024,2.0535,1.0535,2.2889,1.2889,26.7986,2.0719,26.3452,2.0538,100.0,0.0,0.0,0.0,25.25,0.0,26.5,0.0,26.375,0.0,25.5,10.0,0.0,0.0104,52.4471,5.2447,2.0,11.8518,1.4295,0.6794,1.4377,0.3655,1.4035,1.687e-05,1.1215,0.0001,2.1649,12.0,0.069,1.0018,0.2209,2.566,0.0063,1.0194,0.0411,1.8357,0.0,0.0,0.0,-0.1493,26.0,25.0,38.0,38.0,13.0,0.0,0.0,0.0,0.0,41.1367,0.0,41.1876,0.0,0.0
17910.0,1.7506,0.0938,1.0,0.0797,1.2015,2.054,1.054,2.2891,1.2891,26.7814,2.0713,26.3332,2.0533,100.0,0.0,0.0,0.0,25.25,0.0,26.5,0.0,26.375,0.0,25.375,10.0,0.0,0.0101,52.4477,5.2448,2.0,11.7968,1.4287,0.6303,1.4324,0.3689,1.4039,1.704e-05,1.1238,0.0001,2.1655,12.0,0.0735,1.002,0.191,2.503,0.0054,0.9503,0.0442,1.8673,0.0,0.0,0.0,-0.1495,26.0,25.0,38.0,38.0,14.0,0.0,0.0,0.0,0.0,41.1369,0.0,41.1874,0.0,0.0
17911.0,1.7516,0.0939,1.0,0.0797,1.2015,2.0546,1.0546,2.2886,1.2886,26.6823,2.0673,26.3362,2.0534,100.0,0.0,0.0,0.0,25.25,0.0,26.375,0.0,26.375,0.0,25.5,10.0,0.0,0.0093,52.4475,5.2447,2.0,11.6437,1.4264,0.5228,1.4207,0.3674,1.4037,1.712e-05,1.1249,0.0001,2.1678,12.0,0.0704,1.0019,0.1751,2.4652,0.0054,0.9505,0.0443,1.8678,0.0,0.0,0.0,-0.1497,26.0,25.0,38.0,38.0,13.0,0.0,0.0,0.0,0.0,41.1365,0.0,41.1873,0.0,0.0
17912.0,1.7526,0.0941,1.0,0.0799,1.202,2.0546,1.0546,2.2884,1.2884,26.5577,2.0623,26.3341,2.0534,100.0,0.0,0.0,0.0,25.375,0.0,26.375,0.0,26.375,0.0,25.5,10.0,0.0,0.0104,52.4472,5.2447,2.0,11.4582,1.4236,0.3894,1.4061,0.3732,1.4043,1.726e-05,1.1268,0.0001,2.1692,12.0,0.0753,1.002,0.2409,2.6036,0.0058,0.9857,0.041,1.8349,0.0,0.0,0.0,-0.1494,26.0,25.0,38.0,38.0,14.0,0.0,0.0,0.0,0.0,41.1368,0.0,41.187,0.0,0.0
17913.0,1.7515,0.0939,1.0,0.0801,1.2026,2.0543,1.0543,2.2883,1.2883,26.6078,2.0643,26.3438,2.0538,100.0,0.0,0.0,0.0,25.375,0.0,26.375,0.0,26.375,0.0,25.375,10.0,0.0,0.0105,52.4473,5.2447,2.0,11.3598,1.4221,0.2825,1.3945,0.3673,1.4037,1.733e-05,1.1277,0.0001,2.1673,12.0,0.0747,1.002,0.2353,2.5935,0.0063,1.0199,0.0558,1.9682,0.0,0.0,0.0,-0.1496,26.0,25.0,38.0,38.0,16.0,0.0,0.0,0.0,0.0,41.1363,0.0,41.1868,0.0,0.0
17914.0,1.7416,0.0927,1.0,0.0801,1.2024,2.0539,1.0539,2.2888,1.2888,26.7921,2.0717,26.347,2.0539,100.0,0.0,0.0,0.0,25.375,0.0,26.375,0.0,26.375,0.0,25.5,10.0,0.0,0.0102,52.4473,5.2447,2.0,11.1412,1.4188,0.263,1.3923,0.3684,1.4038,1.743e-05,1.1291,0.0001,2.1693,12.0,0.0755,1.002,0.2398,2.6016,0.0059,0.9931,0.0529,1.9453,0.0,0.0,0.0,-0.1496,26.0,25.0,38.0,38.0,16.0,0.0,0.0,0.0,0.0,41.1366,0.0,41.1874,0.0,0.0
17915.0,1.7384,0.0923,1.0,0.0798,1.2018,2.0545,1.0545,2.2891,1.2891,26.784,2.0714,26.3412,2.0536,100.0,0.0,0.0,0.0,25.25,0.0,26.375,0.0,26.375,0.0,25.375,10.0,0.0,0.01,52.4474,5.2448,2.0,10.9939,1.4165,0.1193,1.3766,0.3667,1.4036,1.746e-05,1.1295,0.0001,2.1721,12.0,0.0701,1.0019,0.3148,2.7199,0.0058,0.9852,0.0492,1.9141,0.0,0.0,0.0,-0.1494,26.0,25.0,38.0,38.0,14.0,0.0,0.0,0.0,0.0,41.137,0.0,41.1872,0.0,0.0
17916.0,1.7391,0.0924,1.0,0.0798,1.2018,2.0546,1.0546,2.2889,1.2889,26.6826,2.0673,26.3337,2.0533,100.0,0.0,0.0,0.0,25.375,0.0,26.375,0.0,26.375,0.0,25.5,10.0,0.0,0.0101,52.4474,5.2447,2.0,10.6841,1.4115,0.038,1.3678,0.3679,1.4038,1.76e-05,1.1314,0.0001,2.1706,12.0,0.0686,1.0018,0.2785,2.6667,0.0061,1.007,0.0614,2.0101,0.0,0.0,0.0,-0.1499,26.0,25.0,38.0,38.0,14.0,0.0,0.0,0.0,0.0,41.1363,0.0,41.1873,0.0,0.0
17917.0,1.7401,0.0925,1.0,0.0798,1.2017,2.0544,1.0544,2.2888,1.2888,26.5581,2.0623,26.3244,2.053,100.0,0.0,0.0,0.0,25.25,0.0,26.375,0.0,26.5,0.0,25.5,10.0,0.0,0.0103,52.4475,5.2448,2.0,10.7172,1.412,0.0082,1.3645,0.359,1.4028,1.762e-05,1.1316,0.0001,2.1709,12.0,0.0671,1.0018,0.2505,2.6207,0.0061,1.0086,0.0547,1.9599,0.0,0.0,0.0,-0.1491,26.0,25.0,38.0,38.0,13.0,0.0,0.0,0.0,0.0,41.1363,0.0,41.1876,0.0,0.0
17918.0,1.7403,0.0925,1.0,0.0797,1.2014,2.054,1.054,2.2886,1.2886,26.6018,2.0641,26.3428,2.0537,100.0,0.0,0.0,0.0,25.25,0.0,26.5,0.0,26.5,0.0,25.375,10.0,0.0,0.0098,52.4472,5.2447,2.0,10.5401,1.4091,-0.0155,1.3619,0.3656,1.4035,1.775e-05,1.1333,0.0001,2.1728,12.0,0.068,1.0018,0.2292,2.582,0.0055,0.9607,0.0547,1.96,0.0,0.0,0.0,-0.1496,26.0,25.0,38.0,38.0,14.0,0.0,0.0,0.0,0.0,41.1364,0.0,41.1874,0.0,0.0
17919.0,1.7405,0.0926,1.0,0.0797,1.2015,2.0539,1.0539,2.2883,1.2883,26.7666,2.0707,26.3524,2.0541,100.0,0.0,0.0,0.0,25.375,0.0,26.625,0.0,26.375,0.0,25.375,10.0,0.0,0.0101,52.4472,5.2447,2.0,10.7732,1.4129,0.0519,1.3693,0.3597,1.4029,1.783e-05,1.1344,0.0001,2.1712,12.0,0.0666,1.0018,0.239,2.6002,0.0062,1.013,0.0556,1.9667,0.0,0.0,0.0,-0.1497,26.0,25.0,38.0,38.0,14.0,0.0,0.0,0.0,0.0,41.1365,0.0,41.187,0.0,0.0
17920.0,1.7424,0.0928,1.0,0.0799,1.2019,2.0543,1.0543,2.289,1.289,26.8017,2.0721,26.3369,2.0535,100.0,0.0,0.0,0.0,25.25,0.0,26.5,0.0,26.5,0.0,25.375,10.0,0.0,0.0102,52.447,5.2447,2.0,10.6527,1.411,0.0144,1.3652,0.3581,1.4027,1.783e-05,1.1343,0.0001,2.1747,12.0,0.0689,1.0018,0.1995,2.5218,0.0059,0.9892,0.0549,1.9612,0.0,0.0,0.0,-0.1496,26.0,25.0,38.0,38.0,15.0,0.0,0.0,0.0,0.0,41.1361,0.0,41.1871,0.0,0.0
17921.0,1.7435,0.0929,1.0,0.0799,1.2021,2.0546,1.0546,2.289,1.289,26.7296,2.0692,26.3265,2.0531,100.0,0.0,0.0,0.0,25.375,0.0,26.375,0.0,26.375,0.0,25.375,10.0,0.0,0.0098,52.447,5.2447,2.0,10.6733,1.4113,0.0586,1.37,0.3597,1.4029,1.8e-05,1.1365,0.0001,2.1752,12.0,0.0748,1.002,0.2348,2.5925,0.0061,1.0078,0.0514,1.9327,0.0,0.0,0.0,-0.1493,26.0,25.0,38.0,37.0,13.0,0.0,0.0,0.0,0.0,41.1363,0.0,41.1871,0.0,0.0
17922.0,1.7369,0.0921,1.0,0.0799,1.2021,2.0546,1.0546,2.2889,1.2889,26.5946,2.0638,26.3238,2.053,100.0,0.0,0.0,0.0,25.375,0.0,26.375,0.0,26.375,0.0,25.5,10.0,0.0,0.0099,52.4474,5.2447,2.0,10.9719,1.4161,0.2334,1.3891,0.3551,1.4024,1.8e-05,1.1366,0.0001,2.1739,12.0,0.0697,1.0019,0.1867,2.4929,0.0061,1.0077,0.0444,1.8694,0.0,0.0,0.0,-0.1496,26.0,25.0,38.0,37.0,14.0,0.0,0.0,0.0,0.0,41.1362,0.0,41.1871,0.0,0.0
17923.0,1.7363,0.092,1.0,0.0799,1.202,2.0541,1.0541,2.2886,1.2886,26.5665,2.0627,26.3382,2.0535,100.0,0.0,0.0,0.0,25.25,0.0,26.375,0.0,26.375,0.0,25.5,10.0,0.0,0.0103,52.4474,5.2448,2.0,11.2117,1.4199,0.2426,1.3901,0.3569,1.4026,1.814e-05,1.1384,0.0001,2.1785,12.0,0.0707,1.0019,0.1907,2.5023,0.006,0.9967,0.0441,1.866,0.0,0.0,0.0,-0.1496,26.0,25.0,38.0,37.0,14.0,0.0,0.0,0.0,0.0,41.1369,0.0,41.1873,0.0,0.0
17924.0,1.7384,0.0923,1.0,0.0798,1.2016,2.054,1.054,2.2882,1.2882,26.7303,2.0692,26.3625,2.0545,100.0,0.0,0.0,0.0,25.375,0.0,26.5,0.0,26.375,0.0,25.375,10.0,0.0,0.0102,52.4473,5.2447,2.0,11.2583,1.4206,0.252,1.3911,0.3472,1.4015,1.812e-05,1.1382,0.0001,2.1726,12.0,0.0678,1.0018,0.1557,2.4142,0.0066,1.0399,0.0436,1.8617,0.0,0.0,0.0,-0.1494,26.0,25.0,38.0,37.0,14.0,0.0,0.0,0.0,0.0,41.1371,0.0,41.1875,0.0,0.0
17925.0,1.7402,0.0925,1.0,0.0798,1.2017,2.0546,1.0546,2.2887,1.2887,26.812,2.0725,26.3464,2.0539,100.0,0.0,0.0,0.0,25.375,0.0,26.375,0.0,26.5,0.0,25.375,10.0,0.0,0.0102,52.4473,5.2447,2.0,11.3031,1.4213,0.2891,1.3952,0.3479,1.4016,1.826e-05,1.1399,0.0001,2.1772,12.0,0.0655,1.0017,0.1863,2.492,0.006,1.0021,0.0618,2.013,0.0,0.0,0.0,-0.1493,26.0,25.0,38.0,37.0,13.0,0.0,0.0,0.0,0.0,41.1366,0.0,41.1877,0.0,0.0
17926.0,1.7404,0.0926,1.0,0.0799,1.2019,2.0547,1.0547,2.2886,1.2886,26.7294,2.0692,26.337,2.0535,100.0,0.0,0.0,0.0,25.25,0.0,26.375,0.0,26.375,0.0,25.5,10.0,0.0,0.0103,52.4472,5.2447,2.0,11.4461,1.4235,0.283,1.3945,0.3449,1.4013,1.829e-05,1.1403,0.0001,2.1764,12.0,0.0665,1.0018,0.1558,2.4144,0.0058,0.9849,0.0537,1.9521,0.0,0.0,0.0,-0.1495,26.0,25.0,38.0,37.0,14.0,0.0,0.0,0.0,0.0,41.1366,0.0,41.1878,0.0,0.0
17927.0,1.739,0.0924,1.0,0.0798,1.2017,2.0547,1.0547,2.2885,1.2885,26.6103,2.0644,26.3344,2.0534,100.0,0.0,0.0,0.0,25.375,0.0,26.375,0.0,26.625,0.0,25.375,10.0,0.0,0.0103,52.447,5.2447,2.0,11.3484,1.422,0.248,1.3907,0.3459,1.4014,1.842e-05,1.1419,0.0001,2.1786,12.0,0.066,1.0018,0.1526,2.4053,0.007,1.0643,0.0511,1.9299,0.0,0.0,0.0,-0.1494,26.0,25.0,38.0,37.0,13.0,0.0,0.0,0.0,0.0,41.1365,0.0,41.1875,0.0,0.0
17928.0,1.7383,0.0923,1.0,0.0797,1.2015,2.0546,1.0546,2.2887,1.2887,26.5588,2.0624,26.3349,2.0534,100.0,0.0,0.0,0.0,25.25,0.0,26.375,0.0,26.375,0.0,25.5,10.0,0.0,0.0103,52.4473,5.2447,2.0,11.4675,1.4238,0.3163,1.3981,0.336,1.4003,1.843e-05,1.142,0.0001,2.1788,12.0,0.0705,1.0019,0.1497,2.397,0.0065,1.0336,0.0536,1.9512,0.0,0.0,0.0,-0.1492,26.0,25.0,38.0,37.0,14.0,0.0,0.0,0.0,0.0,41.1363,0.0,41.1869,0.0,0.0
17929.0,1.7383,0.0923,1.0,0.0799,1.202,2.0541,1.0541,2.2886,1.2886,26.6843,2.0674,26.3507,2.054,100.0,0.0,0.0,0.0,25.25,0.0,26.375,0.0,26.375,0.0,25.375,10.0,0.0,0.0099,52.4472,5.2447,2.0,11.5582,1.4252,0.3311,1.3998,0.3425,1.401,1.854e-05,1.1434,0.0001,2.1789,12.0,0.0719,1.0019,0.1378,2.361,0.0055,0.9602,0.0484,1.9069,0.0,0.0,0.0,-0.1491,26.0,25.0,38.0,37.0,13.0,0.0,0.0,0.0,0.0,41.1369,0.0,41.1874,0.0,0.0
17930.0,1.7373,0.0922,1.0,0.0799,1.2019,2.0541,1.0541,2.2886,1.2886,26.8064,2.0723,26.3501,2.054,100.0,0.0,0.0,0.0,25.375,0.0,26.375,0.0,26.375,0.0,25.5,10.0,0.0,0.0093,52.4471,5.2447,2.0,11.5741,1.4254,0.3246,1.399,0.3353,1.4002,1.861e-05,1.1443,0.0001,2.1774,12.0,0.0737,1.002,0.197,2.5163,0.0063,1.019,0.0483,1.906,0.0,0.0,0.0,-0.1496,26.0,25.0,38.0,37.0,15.0,0.0,0.0,0.0,0.0,41.1374,0.0,41.1878,0.0,0.0
17931.0,1.7392,0.0924,1.0,0.0798,1.2016,2.0546,1.0546,2.2886,1.2886,26.756,2.0702,26.3405,2.0536,100.0,0.0,0.0,0.0,25.5,0.0,26.375,0.0,26.625,0.0,25.375,10.0,0.0,0.01,52.4472,5.2447,2.0,11.8515,1.4295,0.3996,1.4072,0.3317,1.3998,1.86e-05,1.1442,0.0001,2.1798,12.0,0.074,1.002,0.1733,2.4606,0.0055,0.9596,0.047,1.8941,0.0,0.0,0.0,-0.1495,26.0,25.0,38.0,37.0,15.0,0.0,0.0,0.0,0.0,41.1372,0.0,41.1872,0.0,0.0
17932.0,1.7483,0.0935,1.0,0.08,1.2022,2.0546,1.0546,2.2889,1.2889,26.6465,2.0659,26.3267,2.0531,100.0,0.0,0.0,0.0,25.375,0.0,26.5,0.0,26.375,0.0,25.375,10.0,0.0,0.0096,52.4473,5.2447,2.0,11.7404,1.4279,0.3848,1.4056,0.3298,1.3996,1.871e-05,1.1456,0.0001,2.1799,12.0,0.0713,1.0019,0.1875,2.4948,0.0069,1.0592,0.0397,1.8209,0.0,0.0,0.0,-0.1493,26.0,25.0,38.0,37.0,14.0,0.0,0.0,0.0,0.0,41.1371,0.0,41.1871,0.0,0.0
17933.0,1.7506,0.0938,1.0,0.08,1.2023,2.0546,1.0546,2.2887,1.2887,26.5514,2.0621,26.3292,2.0532,100.0,0.0,0.0,0.0,25.25,0.0,26.375,0.0,26.625,0.0,25.625,10.0,0.0,0.0098,52.4474,5.2448,2.0,11.9651,1.4312,0.3811,1.4052,0.3276,1.3994,1.874e-05,1.1459,0.0001,2.1793,12.0,0.0692,1.0018,0.1534,2.4076,0.0066,1.0418,0.0428,1.8534,0.0,0.0,0.0,-0.1494,26.0,25.0,38.0,37.0,15.0,0.0,0.0,0.0,0.0,41.1367,0.0,41.1873,0.0,0.0
17934.0,1.7498,0.0937,1.0,0.08,1.2023,2.0541,1.0541,2.2882,1.2882,26.7113,2.0685,26.3527,2.0541,100.0,0.0,0.0,0.0,25.375,0.0,26.375,0.0,26.375,0.0,25.375,10.0,0.0,0.0095,52.4476,5.2447,2.0,11.8267,1.4291,0.3293,1.3996,0.3244,1.399,1.881e-05,1.1468,0.0001,2.1804,12.0,0.0678,1.0018,0.2263,2.5766,0.0059,0.9941,0.0375,1.7959,0.0,0.0,0.0,-0.1494,26.0,25.0,38.0,37.0,14.0,0.0,0.0,0.0,0.0,41.1363,0.0,41.1873,0.0,0.0
17935.0,1.7505,0.0938,1.0,0.0798,1.2017,2.054,1.054,2.2885,1.2885,26.8018,2.0721,26.3519,2.0541,100.0,0.0,0.0,0.0,25.25,0.0,26.375,0.0,26.375,0.0,25.375,10.0,0.0,0.0102,52.4473,5.2447,2.0,11.8365,1.4293,0.3248,1.3991,0.3225,1.3988,1.887e-05,1.1475,0.0001,2.178,12.0,0.0678,1.0018,0.2145,2.5533,0.0061,1.0061,0.0539,1.953,0.0,0.0,0.0,-0.1494,26.0,25.0,38.0,37.0,13.0,0.0,0.0,0.0,0.0,41.1369,0.0,41.1874,0.0,0.0
17936.0,1.7523,0.094,1.0,0.0796,1.2013,2.0546,1.0546,2.2891,1.2891,26.7567,2.0703,26.33,2.0532,100.0,0.0,0.0,0.0,25.375,0.0,26.5,0.0,26.375,0.0,25.375,10.0,0.0,0.0099,52.4473,5.2447,2.0,11.7018,1.4273,0.3108,1.3975,0.3188,1.3984,1.896e-05,1.1486,0.0001,2.1838,12.0,0.0672,1.0018,0.1993,2.5214,0.0063,1.0231,0.0492,1.9141,0.0,0.0,0.0,-0.1496,26.0,25.0,38.0,37.0,14.0,0.0,0.0,0.0,0.0,41.1364,0.0,41.187,0.0,0.0
17937.0,1.7511,0.0939,1.0,0.0796,1.2011,2.0546,1.0546,2.289,1.289,26.6578,2.0663,26.3276,2.0531,100.0,0.0,0.0,0.0,25.25,0.0,26.375,0.0,26.375,0.0,25.375,10.0,0.0,0.0102,52.4474,5.2447,2.0,12.0377,1.4322,0.4039,1.4077,0.3183,1.3984,1.901e-05,1.1493,0.0001,2.1837,12.0,0.068,1.0018,0.2048,2.5331,0.0063,1.019,0.0525,1.9421,0.0,0.0,0.0,-0.1498,26.0,25.0,38.0,37.0,14.0,0.0,0.0,0.0,0.0,41.1371,0.0,41.1872,0.0,0.0
17938.0,1.7438,0.093,1.0,0.0798,1.2017,2.0546,1.0546,2.2885,1.2885,26.5512,2.062,26.3366,2.0535,100.0,0.0,0.0,0.0,25.25,0.0,26.5,0.0,26.375,0.0,25.375,10.0,0.0,0.0097,52.4471,5.2447,2.0,11.8922,1.4301,0.2551,1.3915,0.3152,1.398,1.908e-05,1.1501,0.0001,2.1779,12.0,0.0678,1.0018,0.1758,2.4669,0.0069,1.0635,0.049,1.9122,0.0,0.0,0.0,-0.1498,26.0,25.0,38.0,37.0,13.0,0.0,0.0,0.0,0.0,41.1366,0.0,41.1872,0.0,0.0
17939.0,1.7397,0.0925,1.0,0.08,1.2021,2.0541,1.0541,2.2886,1.2886,26.6671,2.0667,26.3488,2.054,100.0,0.0,0.0,0.0,25.375,0.0,26.375,0.0,26.375,0.0,25.375,10.0,0.0,0.0104,52.4475,5.2448,2.0,11.7242,1.4276,0.2018,1.3857,0.3133,1.3978,1.919e-05,1.1514,0.0001,2.1836,12.0,0.0683,1.0018,0.1669,2.4442,0.0064,1.0293,0.0423,1.8487,0.0,0.0,0.0,-0.1496,26.0,25.0,38.0,37.0,15.0,0.0,0.0,0.0,0.0,41.1367,0.0,41.187,0.0,0.0
17940.0,1.737,0.0921,1.0,0.0799,1.202,2.0538,1.0538,2.2889,1.2889,26.8041,2.0722,26.3488,2.054,100.0,0.0,0.0,0.0,25.25,0.0,26.625,0.0,26.5,0.0,25.375,10.0,0.0,0.0103,52.4475,5.2447,2.0,11.7242,1.4276,0.2229,1.3879,0.3093,1.3974,1.917e-05,1.1511,0.0001,2.1795,12.0,0.0662,1.0018,0.1837,2.4861,0.0056,0.9716,0.0556,1.967,0.0,0.0,0.0,-0.1497,26.0,25.0,38.0,37.0,15.0,0.0,0.0,0.0,0.0,41.1366,0.0,41.1875,0.0,0.0
17941.0,1.7355,0.0919,1.0,0.0799,1.202,2.0545,1.0545,2.2888,1.2888,26.7846,2.0714,26.3438,2.0538,100.0,0.0,0.0,0.0,25.25,0.0,26.5,0.0,26.375,0.0,25.375,10.0,0.0,0.01,52.4475,5.2448,2.0,11.7666,1.4283,0.1982,1.3853,0.3071,1.3971,1.923e-05,1.1519,0.0001,2.1843,12.0,0.0659,1.0018,0.1733,2.4607,0.006,1.0022,0.0516,1.9348,0.0,0.0,0.0,-0.1497,26.0,25.0,38.0,37.0,14.0,0.0,0.0,0.0,0.0,41.1366,0.0,41.1872,0.0,0.0
17942.0,1.745,0.0931,1.0,0.0797,1.2013,2.0546,1.0546,2.2891,1.2891,26.681,2.0672,26.3265,2.0531,100.0,0.0,0.0,0.0,25.25,0.0,26.375,0.0,26.375,0.0,25.5,10.0,0.0,0.0098,52.4476,5.2447,2.0,11.6372,1.4263,0.1044,1.375,0.3002,1.3964,1.93e-05,1.1528,0.0001,2.1808,12.0,0.0661,1.0018,0.1439,2.3798,0.0066,1.0424,0.0651,2.0351,0.0,0.0,0.0,-0.1497,26.0,25.0,38.0,37.0,12.0,0.0,0.0,0.0,0.0,41.1363,0.0,41.1868,0.0,0.0
17943.0,1.7486,0.0936,1.0,0.0799,1.2019,2.0546,1.0546,2.2889,1.2889,26.572,2.0629,26.3241,2.053,100.0,0.0,0.0,0.0,25.25,0.0,26.375,0.0,26.5,0.0,25.375,10.0,0.0,0.0091,52.4475,5.2448,2.0,11.4176,1.423,0.071,1.3714,0.3039,1.3968,1.936e-05,1.1534,0.0001,2.1872,12.0,0.0747,1.002,0.1411,2.3713,0.0063,1.0222,0.0602,2.0018,0.0,0.0,0.0,-0.1494,26.0,25.0,38.0,37.0,14.0,0.0,0.0,0.0,0.0,41.1363,0.0,41.187,0.0,0.0
17944.0,1.7507,0.0938,1.0,0.08,1.2023,2.0546,1.0546,2.2883,1.2883,26.6128,2.0645,26.3529,2.0541,100.0,0.0,0.0,0.0,25.25,0.0,26.375,0.0,26.375,0.0,25.375,10.0,0.0,0.0099,52.4473,5.2447,2.0,11.687,1.4271,0.1732,1.3825,0.3002,1.3964,1.945e-05,1.1545,0.0001,2.1824,12.0,0.0747,1.002,0.141,2.371,0.0062,1.0136,0.0666,2.0454,0.0,0.0,0.0,-0.1492,26.0,25.0,38.0,37.0,13.0,0.0,0.0,0.0,0.0,41.1364,0.0,41.1872,0.0,0.0
17945.0,1.7498,0.0937,1.0,0.08,1.2022,2.0544,1.0544,2.2883,1.2883,26.7865,2.0715,26.3702,2.0548,100.0,0.0,0.0,0.0,25.25,0.0,26.375,0.0,26.375,0.0,25.375,10.0,0.0,0.0095,52.4472,5.2447,2.0,11.6536,1.4266,0.1274,1.3775,0.2977,1.3961,1.947e-05,1.1548,0.0001,2.1857,12.0,0.0758,1.002,0.2034,2.5301,0.0057,0.977,0.0559,1.969,0.0,0.0,0.0,-0.1492,26.0,25.0,38.0,37.0,13.0,0.0,0.0,0.0,0.0,41.1367,0.0,41.187,0.0,0.0
17946.0,1.7461,0.0933,1.0,0.0799,1.202,2.0547,1.0547,2.2888,1.2888,26.8059,2.0722,26.3452,2.0538,100.0,0.0,0.0,0.0,25.25,0.0,26.5,0.0,26.375,0.0,25.5,10.0,0.0,0.0098,52.4473,5.2447,2.0,11.5635,1.4252,0.119,1.3766,0.2946,1.3958,1.956e-05,1.1558,0.0001,2.1813,12.0,0.0762,1.002,0.201,2.525,0.0061,1.0057,0.0544,1.9572,0.0,0.0,0.0,-0.1493,26.0,25.0,38.0,37.0,14.0,0.0,0.0,0.0,0.0,41.137,0.0,41.187,0.0,0.0
17947.0,1.7416,0.0927,1.0,0.0798,1.2018,2.0546,1.0546,2.2889,1.2889,26.7084,2.0683,26.3358,2.0534,100.0,0.0,0.0,0.0,25.375,0.0,26.375,0.0,26.5,0.0,25.375,10.0,0.0,0.0093,52.4474,5.2447,2.0,11.825,1.4291,0.1748,1.3827,0.2925,1.3955,1.958e-05,1.1562,0.0001,2.1866,12.0,0.0736,1.002,0.1654,2.4405,0.0063,1.0222,0.0523,1.9403,0.0,0.0,0.0,-0.1496,26.0,25.0,38.0,37.0,14.0,0.0,0.0,0.0,0.0,41.1365,0.0,41.1874,0.0,0.0
17948.0,1.7404,0.0925,1.0,0.0797,1.2015,2.0545,1.0545,2.2888,1.2888,26.5616,2.0625,26.3228,2.0529,100.0,0.0,0.0,0.0,25.375,0.0,26.5,0.0,26.5,0.0,25.375,10.0,0.0,0.0101,52.4472,5.2447,2.0,11.5958,1.4257,0.0725,1.3715,0.287,1.395,1.961e-05,1.1564,0.0001,2.1872,12.0,0.0749,1.002,0.1723,2.4582,0.0065,1.0351,0.0512,1.9314,0.0,0.0,0.0,-0.1494,26.0,25.0,38.0,37.0,15.0,0.0,0.0,0.0,0.0,41.1366,0.0,41.187,0.0,0.0
17949.0,1.7394,0.0924,1.0,0.0798,1.2016,2.054,1.054,2.289,1.289,26.603,2.0641,26.3436,2.0537,100.0,0.0,0.0,0.0,25.25,0.0,26.375,0.0,26.375,0.0,25.375,10.0,0.0,0.0102,52.4475,5.2447,2.0,11.5725,1.4254,0.0869,1.3731,0.2869,1.3949,1.972e-05,1.1578,0.0001,2.1833,12.0,0.0753,1.002,0.1558,2.4145,0.0053,0.9452,0.0503,1.9237,0.0,0.0,0.0,-0.1494,26.0,25.0,38.0,37.0,14.0,0.0,0.0,0.0,0.0,41.1365,0.0,41.1872,0.0,0.0
17950.0,1.739,0.0924,1.0,0.0798,1.2017,2.054,1.054,2.2886,1.2886,26.7608,2.0704,26.3523,2.0541,100.0,0.0,0.0,0.0,25.375,0.0,26.375,0.0,26.375,0.0,25.375,10.0,0.0,0.0095,52.4473,5.2447,2.0,11.6401,1.4264,0.1078,1.3754,0.2821,1.3944,1.974e-05,1.1579,0.0001,2.1848,12.0,0.0737,1.002,0.1592,2.4238,0.0062,1.0139,0.0497,1.9178,0.0,0.0,0.0,-0.1497,26.0,25.0,38.0,37.0,14.0,0.0,0.0,0.0,0.0,41.1364,0.0,41.1873,0.0,0.0
17951.0,1.7388,0.0923,1.0,0.0799,1.2019,2.0543,1.0543,2.2891,1.2891,26.7992,2.072,26.3357,2.0534,100.0,0.0,0.0,0.0,25.25,0.0,26.375,0.0,26.375,0.0,25.5,10.0,0.0,0.0098,52.447,5.2447,2.0,11.7174,1.4275,0.2041,1.3859,0.2803,1.3942,1.978e-05,1.1585,0.0001,2.1848,12.0,0.0741,1.002,0.1593,2.424,0.0059,0.9952,0.0567,1.9754,0.0,0.0,0.0,-0.1493,26.0,25.0,38.0,37.0,13.0,0.0,0.0,0.0,0.0,41.1369,0.0,41.1877,0.0,0.0
17952.0,1.7384,0.0923,1.0,0.08,1.2023,2.0546,1.0546,2.289,1.289,26.7334,2.0693,26.3367,2.0535,100.0,0.0,0.0,0.0,25.375,0.0,26.5,0.0,26.375,0.0,25.375,10.0,0.0,0.0099,52.4476,5.2448,2.0,11.9714,1.4313,0.2425,1.3901,0.275,1.3936,1.985e-05,1.1592,0.0001,2.1863,12.0,0.0731,1.0019,0.1421,2.3744,0.0054,0.9559,0.0579,1.9848,0.0,0.0,0.0,-0.1497,26.0,25.0,38.0,37.0,13.0,0.0,0.0,0.0,0.0,41.1369,0.0,41.1877,0.0,0.0
17953.0,1.7373,0.0922,1.0,0.0799,1.202,2.055,1.055,2.2886,1.2886,26.6035,2.0641,26.3341,2.0534,100.0,0.0,0.0,0.0,25.25,0.0,26.5,0.0,26.375,0.0,25.375,10.0,0.0,0.0097,52.4476,5.2447,2.0,12.0152,1.4319,0.2428,1.3901,0.2723,1.3933,1.984e-05,1.1591,0.0001,2.1854,12.0,0.0739,1.002,0.1258,2.3216,0.0065,1.0347,0.0559,1.9696,0.0,0.0,0.0,-0.1495,26.0,25.0,38.0,37.0,13.0,0.0,0.0,0.0,0.0,41.137,0.0,41.1874,0.0,0.0
17954.0,1.7373,0.0922,1.0,0.08,1.2023,2.0549,1.0549,2.2882,1.2882,26.564,2.0626,26.3461,2.0538,100.0,0.0,0.0,0.0,25.25,0.0,26.5,0.0,26.375,0.0,25.375,10.0,0.0,0.0102,52.4476,5.2448,2.0,12.1521,1.4339,0.3133,1.3978,0.2679,1.3929,1.993e-05,1.1602,0.0001,2.189,12.0,0.0759,1.002,0.1272,2.3265,0.0059,0.9892,0.0589,1.9919,0.0,0.0,0.0,-0.1497,26.0,25.0,38.0,38.0,13.0,0.0,0.0,0.0,0.0,41.137,0.0,41.1871,0.0,0.0
17955.0,1.7382,0.0923,1.0,0.0801,1.2025,2.054,1.054,2.2885,1.2885,26.7282,2.0691,26.3613,2.0545,100.0,0.0,0.0,0.0,25.25,0.0,26.375,0.0,26.5,0.0,25.375,10.0,0.0,0.0105,52.4474,5.2447,2.0,12.1154,1.4333,0.2725,1.3934,0.2658,1.3926,1.993e-05,1.1602,0.0001,2.1841,12.0,0.0764,1.002,0.1229,2.3115,0.0062,1.0175,0.0544,1.9572,0.0,0.0,0.0,-0.1496,26.0,25.0,38.0,38.0,14.0,0.0,0.0,0.0,0.0,41.1366,0.0,41.1872,0.0,0.0
17956.0,1.7363,0.092,1.0,0.0801,1.2025,2.0542,1.0542,2.289,1.289,26.8043,2.0722,26.3382,2.0535,100.0,0.0,0.0,0.0,25.25,0.0,26.375,0.0,26.5,0.0,25.375,10.0,0.0,0.0101,52.4474,5.2447,2.0,12.3086,1.4361,0.3336,1.4,0.2576,1.3917,1.998e-05,1.1608,0.0001,2.1891,12.0,0.077,1.0021,0.1171,2.2904,0.0065,1.0365,0.0442,1.8672,0.0,0.0,0.0,-0.1497,26.0,25.0,38.0,38.0,13.0,0.0,0.0,0.0,0.0,41.1364,0.0,41.187,0.0,0.0
17957.0,1.7363,0.092,1.0,0.0801,1.2025,2.0545,1.0545,2.289,1.289,26.7349,2.0694,26.328,2.0531,100.0,0.0,0.0,0.0,25.375,0.0,26.375,0.0,26.75,0.0,25.375,10.0,0.0,0.0105,52.4475,5.2448,2.0,12.3594,1.4368,0.2837,1.3946,0.2613,1.3921,2.004e-05,1.1615,0.0001,2.1892,12.0,0.077,1.0021,0.1762,2.4679,0.0055,0.9619,0.0503,1.9233,0.0,0.0,0.0,-0.1496,26.0,25.0,38.0,38.0,12.0,0.0,0.0,0.0,0.0,41.1368,0.0,41.1874,0.0,0.0
17958.0,1.7371,0.0921,1.0,0.0801,1.2025,2.0546,1.0546,2.289,1.289,26.6241,2.065,26.3252,2.053,100.0,0.0,0.0,0.0,25.375,0.0,26.375,0.0,26.5,0.0,25.5,10.0,0.0,0.0097,52.4478,5.2448,2.0,12.1762,1.4342,0.2173,1.3873,0.2564,1.3916,2.009e-05,1.162,0.0001,2.1907,12.0,0.073,1.0019,0.2063,2.5363,0.0066,1.0438,0.0585,1.9892,0.0,0.0,0.0,-0.1495,26.0,25.0,38.0,37.0,13.0,0.0,0.0,0.0,0.0,41.1368,0.0,41.187,0.0,0.0
17959.0,1.7373,0.0922,1.0,0.0802,1.2028,2.0545,1.0545,2.2887,1.2887,26.5589,2.0624,26.3341,2.0534,100.0,0.0,0.0,0.0,25.375,0.0,26.375,0.0,26.375,0.0,25.375,10.0,0.0,0.0101,52.4474,5.2447,2.0,12.0455,1.4323,0.1838,1.3837,0.2555,1.3915,2.011e-05,1.1623,0.0001,2.1919,12.0,0.0779,1.0021,0.1519,2.4033,0.0056,0.973,0.0649,2.034,0.0,0.0,0.0,-0.1496,26.0,25.0,38.0,37.0,14.0,0.0,0.0,0.0,0.0,41.1369,0.0,41.1872,0.0,0.0
17960.0,1.7384,0.0923,1.0,0.0803,1.2031,2.054,1.054,2.2886,1.2886,26.701,2.068,26.3532,2.0541,100.0,0.0,0.0,0.0,25.25,0.0,26.5,0.0,26.375,0.0,25.375,10.0,0.0,0.0097,52.4476,5.2448,2.0,12.1412,1.4337,0.2156,1.3872,0.249,1.3908,2.014e-05,1.1626,0.0001,2.1872,12.0,0.077,1.0021,0.1264,2.3236,0.0059,0.9922,0.054,1.9544,0.0,0.0,0.0,-0.1496,26.0,25.0,38.0,37.0,14.0,0.0,0.0,0.0,0.0,41.1367,0.0,41.1872,0.0,0.0
17961.0,1.7384,0.0923,1.0,0.0801,1.2025,2.0545,1.0545,2.2887,1.2887,26.8069,2.0723,26.3576,2.0543,100.0,0.0,0.0,0.0,25.375,0.0,26.5,0.0,26.375,0.0,25.375,10.0,0.0,0.0103,52.4475,5.2447,2.0,12.2347,1.435,0.2408,1.3899,0.2495,1.3908,2.022e-05,1.1636,0.0001,2.1927,12.0,0.0763,1.002,0.1582,2.4211,0.0058,0.9831,0.0522,1.9396,0.0,0.0,0.0,-0.1492,26.0,25.0,38.0,37.0,12.0,0.0,0.0,0.0,0.0,41.1365,0.0,41.1873,0.0,0.0
17962.0,1.7403,0.0925,1.0,0.08,1.2022,2.055,1.055,2.2886,1.2886,26.7385,2.0695,26.3438,2.0538,100.0,0.0,0.0,0.0,25.375,0.0,26.625,0.0,26.375,0.0,25.375,10.0,0.0,0.0097,52.4475,5.2447,2.0,12.384,1.4371,0.3602,1.4029,0.2381,1.3896,2.017e-05,1.163,0.0001,2.1922,12.0,0.0759,1.002,0.1359,2.3551,0.0058,0.9885,0.0546,1.9589,0.0,0.0,0.0,-0.1497,26.0,25.0,38.0,37.0,15.0,0.0,0.0,0.0,0.0,41.1368,0.0,41.1875,0.0,0.0
17963.0,1.7404,0.0926,1.0,0.0799,1.2019,2.0547,1.0547,2.2889,1.2889,26.6544,2.0662,26.335,2.0534,100.0,0.0,0.0,0.0,25.25,0.0,26.375,0.0,26.375,0.0,25.375,10.0,0.0,0.0097,52.4474,5.2447,2.0,12.6696,1.4411,0.3622,1.4031,0.2419,1.39,2.022e-05,1.1636,0.0001,2.1918,12.0,0.0759,1.002,0.1455,2.3846,0.0054,0.9551,0.0482,1.9045,0.0,0.0,0.0,-0.1494,26.0,25.0,38.0,37.0,12.0,0.0,0.0,0.0,0.0,41.1366,0.0,41.1873,0.0,0.0
17964.0,1.7404,0.0926,1.0,0.0798,1.2018,2.0546,1.0546,2.2887,1.2887,26.5516,2.0621,26.3298,2.0532,100.0,0.0,0.0,0.0,25.25,0.0,26.5,0.0,26.5,0.0,25.5,10.0,0.0,0.0103,52.4477,5.2448,2.0,12.5443,1.4394,0.2891,1.3952,0.2364,1.3894,2.03e-05,1.1645,0.0001,2.193,12.0,0.0744,1.002,0.1333,2.3467,0.0061,1.0104,0.0519,1.9372,0.0,0.0,0.0,-0.1496,25.0,25.0,38.0,37.0,15.0,0.0,0.0,0.0,0.0,41.1361,0.0,41.1874,0.0,0.0
17965.0,1.7404,0.0925,1.0,0.0799,1.202,2.0541,1.0541,2.2886,1.2886,26.6981,2.0679,26.3513,2.0541,100.0,0.0,0.0,0.0,25.25,0.0,26.375,0.0,26.375,0.0,25.5,10.0,0.0,0.0096,52.4476,5.2447,2.0,12.5922,1.44,0.2985,1.3962,0.2298,1.3887,2.029e-05,1.1644,0.0001,2.1884,12.0,0.0755,1.002,0.118,2.2938,0.0057,0.9789,0.0453,1.8782,0.0,0.0,64.0,0.0593,25.0,25.0,38.0,37.0,14.0,0.0,0.0,0.0,0.0,41.1365,0.0,41.1872,0.0,0.0
17966.0,1.7404,0.0925,1.0,0.0799,1.2019,2.054,1.054,2.2888,1.2888,26.8019,2.0721,26.3535,2.0541,100.0,0.0,0.0,0.0,25.375,0.0,26.375,0.0,26.375,0.0,25.5,10.0,0.0,0.0096,52.4475,5.2447,2.0,12.4534,1.4381,0.2467,1.3905,0.2303,1.3888,2.035e-05,1.1651,0.0001,2.1913,12.0,0.0757,1.002,0.1134,2.2765,0.0059,0.9903,0.0446,1.8716,0.0,0.0,64.0,0.6445,25.0,25.0,38.0,38.0,14.0,0.0,0.0,0.0,0.0,41.1367,0.0,41.1866,0.0,0.0
17967.0,1.7404,0.0926,1.0,0.0799,1.202,2.055,1.055,2.2887,1.2887,26.7686,2.0707,26.3419,2.0537,100.0,0.0,0.0,0.0,25.375,0.0,26.5,0.0,26.375,0.0,25.375,10.0,0.0,0.0098,52.4473,5.2447,2.0,12.4261,1.4377,0.274,1.3935,0.2295,1.3887,2.039e-05,1.1655,0.0001,2.192,12.0,0.0736,1.002,0.1046,2.2415,0.0053,0.9426,0.0439,1.8642,0.0,0.0,64.0,1.3558,25.0,25.0,38.0,38.0,13.0,0.0,0.0,0.0,0.0,41.1363,0.0,41.187,0.0,0.0
17968.0,1.7433,0.0929,1.0,0.0801,1.2026,2.055,1.055,2.2886,1.2886,26.6641,2.0666,26.3376,2.0535,100.0,0.0,0.0,0.0,25.25,0.0,26.375,0.0,26.375,0.0,25.375,10.0,0.0,0.0104,52.4475,5.2448,2.0,12.6678,1.4411,0.3475,1.4015,0.2239,1.3881,2.043e-05,1.166,0.0001,2.1932,12.0,0.0746,1.002,0.1035,2.2369,0.0056,0.971,0.0425,1.8502,0.0,0.0,64.0,2.3187,26.0,25.0,38.0,38.0,13.0,0.0,0.0,0.0,0.0,41.1364,0.0,41.187,0.0,0.0
17969.0,1.7436,0.093,1.0,0.08,1.2022,2.0546,1.0546,2.2888,1.2888,26.5493,2.062,26.3283,2.0531,100.0,0.0,0.0,0.0,25.25,0.0,26.5,0.0,26.375,0.0,25.375,10.0,0.0,0.0099,52.4477,5.2448,2.0,12.7841,1.4427,0.339,1.4006,0.2162,1.3872,2.034e-05,1.165,0.0001,2.1906,12.0,0.0756,1.002,0.1119,2.2706,0.0056,0.9695,0.0373,1.7933,0.0,0.0,64.0,2.8619,26.0,25.0,38.0,38.0,12.0,0.0,0.0,0.0,0.0,41.1362,0.0,41.1872,0.0,0.0
17970.0,1.7428,0.0928,1.0,0.0801,1.2024,2.0542,1.0542,2.2886,1.2886,26.6404,2.0656,26.3469,2.0539,100.0,0.0,0.0,0.0,25.375,0.0,26.375,0.0,26.375,0.0,25.5,10.0,0.0,0.0103,52.4477,5.2448,2.0,12.6131,1.4403,0.2232,1.388,0.219,1.3875,2.048e-05,1.1665,0.0001,2.1956,12.0,0.0769,1.002,0.14,2.3679,0.0063,1.0226,0.0384,1.8061,0.0,0.0,64.0,3.615,26.0,25.0,38.0,37.0,15.0,0.0,0.0,0.0,0.0,41.137,0.0,41.1875,0.0,0.0
17971.0,1.7406,0.0926,1.0,0.0801,1.2025,2.0539,1.0539,2.2892,1.2892,26.8115,2.0725,26.3445,2.0538,100.0,0.0,0.0,0.0,25.25,0.0,26.75,0.0,26.5,0.0,25.5,10.0,0.0,0.0101,52.4478,5.2448,2.0,12.677,1.4412,0.265,1.3925,0.2183,1.3875,2.053e-05,1.1672,0.0001,2.1941,12.0,0.075,1.002,0.1598,2.4253,0.0066,1.0413,0.0364,1.7826,0.0,0.0,64.0,4.3268,26.0,25.0,38.0,37.0,13.0,0.0,0.0,0.0,0.0,41.1362,0.0,41.1865,0.0,0.0
17972.0,1.7384,0.0923,1.0,0.0799,1.2021,2.0545,1.0545,2.2891,1.2891,26.7674,2.0707,26.3362,2.0534,100.0,0.0,0.0,0.0,25.375,0.0,26.5,0.0,26.375,0.0,25.375,10.0,0.0,0.0109,52.4476,5.2448,2.0,12.526,1.4391,0.1834,1.3836,0.2144,1.387,2.052e-05,1.167,0.0001,2.1966,12.0,0.0765,1.002,0.1982,2.519,0.006,0.9987,0.0329,1.7385,0.0,0.0,64.0,5.1213,26.0,25.0,38.0,37.0,12.0,0.0,0.0,0.0,0.0,41.1362,0.0,41.187,0.0,0.0
17973.0,1.7384,0.0923,1.0,0.0798,1.2016,2.0546,1.0546,2.289,1.289,26.6651,2.0666,26.3326,2.0533,100.0,0.0,0.0,0.0,25.5,0.0,26.375,0.0,26.5,0.0,25.375,10.0,0.0,0.0099,52.4476,5.2448,2.0,12.4361,1.4379,0.4896,1.417,0.2122,1.3868,2.059e-05,1.1678,0.0001,2.1965,12.0,0.0749,1.002,0.2042,2.5319,0.0053,0.9489,0.0479,1.9026,0.0,0.0,64.0,6.0284,26.0,25.0,38.0,37.0,13.0,0.0,0.0,0.0,0.0,41.1365,0.0,41.1867,0.0,0.0
17974.0,1.745,0.0931,1.0,0.08,1.2023,2.0543,1.0543,2.2888,1.2888,26.564,2.0626,26.3234,2.0529,100.0,0.0,0.0,0.0,25.375,0.0,26.375,0.0,26.375,0.0,25.5,10.0,0.0,0.0101,52.4477,5.2448,2.0,13.8023,1.456,1.0049,1.4733,0.2063,1.3861,2.058e-05,1.1677,0.0001,2.1966,12.0,0.0748,1.002,0.2053,2.5342,0.0062,1.0151,0.0476,1.8996,0.0,0.0,64.0,6.6088,26.0,25.0,38.0,37.0,13.0,0.0,0.0,0.0,0.0,41.1361,0.0,41.1873,0.0,0.0
17975.0,1.7497,0.0937,1.0,0.0797,1.2016,2.0539,1.0539,2.2886,1.2886,26.6055,2.0642,26.3438,2.0538,100.0,0.0,0.0,0.0,25.25,0.0,26.375,0.0,26.375,0.0,25.375,10.0,0.0,0.0102,52.4479,5.2448,2.0,14.6236,1.466,0.9214,1.4642,0.2052,1.386,2.058e-05,1.1677,0.0001,2.1969,12.0,0.0725,1.0019,0.1631,2.4342,0.0059,0.9906,0.0446,1.8713,0.0,0.0,64.0,7.4366,26.0,25.0,38.0,38.0,14.0,0.0,0.0,0.0,0.0,41.1363,0.0,41.1868,0.0,0.0
17976.0,1.7508,0.0938,1.0,0.0801,1.2026,2.054,1.054,2.2888,1.2888,26.7944,2.0718,26.3473,2.0539,100.0,0.0,0.0,0.0,25.25,0.0,26.375,0.0,26.375,0.0,25.375,10.0,0.0,0.0093,52.4478,5.2448,2.0,14.4535,1.464,0.8016,1.4511,0.1954,1.385,2.056e-05,1.1675,0.0001,2.1956,12.0,0.075,1.002,0.1844,2.4876,0.0057,0.9803,0.0403,1.8271,0.0,0.0,64.0,8.2346,26.0,25.0,38.0,38.0,13.0,0.0,0.0,0.0,0.0,41.1365,0.0,41.1869,0.0,0.0
17977.0,1.7508,0.0938,1.0,0.0803,1.203,2.0543,1.0543,2.2891,1.2891,26.7977,2.0719,26.3364,2.0535,100.0,0.0,0.0,0.0,25.25,0.0,26.375,0.0,26.375,0.0,25.375,10.0,0.0,0.0105,52.4481,5.2448,2.0,14.5213,1.4648,0.7991,1.4508,0.199,1.3853,2.06e-05,1.1679,0.0001,2.1986,12.0,0.0764,1.002,0.1686,2.4488,0.0058,0.9822,0.0415,1.8401,0.0,0.0,64.0,8.9009,26.0,25.0,38.0,38.0,14.0,0.0,0.0,0.0,0.0,41.1362,0.0,41.1872,0.0,0.0
17978.0,1.7508,0.0938,1.0,0.0802,1.2028,2.0547,1.0547,2.289,1.289,26.7072,2.0683,26.3282,2.0531,100.0,0.0,0.0,0.0,25.375,0.0,26.5,0.0,26.5,0.0,25.375,10.0,0.0,0.0102,52.4478,5.2448,2.0,14.4124,1.4635,0.7105,1.4411,0.1947,1.3849,2.068e-05,1.1688,0.0001,2.1929,12.0,0.0762,1.002,0.138,2.3616,0.0058,0.9835,0.0409,1.8335,0.0,0.0,64.0,9.5225,26.0,25.0,38.0,38.0,14.0,0.0,0.0,0.0,0.0,41.1364,0.0,41.1869,0.0,0.0
17979.0,1.7508,0.0939,1.0,0.0797,1.2015,2.0546,1.0546,2.2888,1.2888,26.5767,2.0631,26.3212,2.0528,100.0,0.0,0.0,0.0,25.375,0.0,26.5,0.0,26.375,0.0,25.25,10.0,0.0,0.01,52.4478,5.2448,2.0,14.2657,1.4617,0.5899,1.428,0.1942,1.3848,2.07e-05,1.169,0.0001,2.1989,12.0,0.0746,1.002,0.1489,2.3949,0.0058,0.9854,0.0374,1.7944,0.0,0.0,64.0,10.3997,26.0,25.0,38.0,38.0,14.0,0.0,0.0,0.0,0.0,41.1367,0.0,41.187,0.0,0.0
17980.0,1.749,0.0936,1.0,0.08,1.2023,2.054,1.054,2.2887,1.2887,26.5744,2.063,26.3405,2.0536,100.0,0.0,0.0,0.0,25.375,0.0,26.5,0.0,26.375,0.0,25.375,10.0,0.0,0.0099,52.4479,5.2448,2.0,14.0596,1.4592,0.46,1.4138,0.1878,1.3841,2.073e-05,1.1693,0.0001,2.1977,12.0,0.0751,1.002,0.1246,2.3173,0.0064,1.0302,0.037,1.7904,0.0,0.0,64.0,11.1475,26.0,25.0,38.0,38.0,15.0,0.0,0.0,0.0,0.0,41.1366,0.0,41.1873,0.0,0.0
17981.0,1.7446,0.0931,1.0,0.0797,1.2014,2.054,1.054,2.2888,1.2888,26.7797,2.0712,26.3596,2.0544,100.0,0.0,0.0,0.0,25.25,0.0,26.375,0.0,26.375,0.0,25.375,10.0,0.0,0.0101,52.4476,5.2448,2.0,13.713,1.4549,0.3409,1.4008,0.1875,1.3841,2.078e-05,1.1699,0.0001,2.192,12.0,0.0723,1.0019,0.1413,2.3721,0.0062,1.0111,0.0355,1.772,0.0,0.0,64.0,11.6993,26.0,25.0,38.0,38.0,13.0,0.0,0.0,0.0,0.0,41.137,0.0,41.1871,0.0,0.0
17982.0,1.7445,0.0931,1.0,0.0799,1.2019,2.0543,1.0543,2.2891,1.2891,26.7982,2.0719,26.3459,2.0538,100.0,0.0,0.0,0.0,25.5,0.0,26.375,0.0,26.375,0.0,25.375,10.0,0.0,0.0102,52.4477,5.2448,2.0,13.6223,1.4537,0.3093,1.3974,0.181,1.3834,2.075e-05,1.1696,0.0001,2.1959,12.0,0.0718,1.0019,0.1537,2.4085,0.0058,0.9827,0.0329,1.7394,0.0,0.0,64.0,12.476,26.0,25.0,38.0,38.0,14.0,0.0,0.0,0.0,0.0,41.1364,0.0,41.1874,0.0,0.0
17983.0,1.7447,0.0931,1.0,0.0797,1.2013,2.0546,1.0546,2.289,1.289,26.7048,2.0682,26.3276,2.0531,100.0,0.0,0.0,0.0,25.25,0.0,26.5,0.0,26.5,0.0,25.375,10.0,0.0,0.0096,52.4479,5.2448,2.0,13.6018,1.4534,0.2951,1.3958,0.1845,1.3838,2.082e-05,1.1704,0.0001,2.1927,12.0,0.0707,1.0019,0.1188,2.2968,0.0057,0.978,0.0455,1.8796,0.0,0.0,64.0,13.1792,26.0,25.0,38.0,37.0,15.0,0.0,0.0,0.0,0.0,41.137,0.0,41.187,0.0,0.0
17984.0,1.7456,0.0932,1.0,0.0797,1.2015,2.0546,1.0546,2.2888,1.2888,26.5758,2.063,26.3333,2.0533,100.0,0.0,0.0,0.0,25.375,0.0,26.375,0.0,26.375,0.0,25.5,10.0,0.0,0.0106,52.4479,5.2448,2.0,13.7252,1.455,0.3331,1.4,0.1727,1.3825,2.071e-05,1.1691,0.0001,2.1974,12.0,0.0728,1.0019,0.1176,2.2921,0.0057,0.9757,0.0388,1.8111,0.0,0.0,64.0,13.9801,26.0,25.0,38.0,37.0,13.0,0.0,0.0,0.0,0.0,41.137,0.0,41.1876,0.0,0.0
17985.0,1.7438,0.093,1.0,0.0799,1.2019,2.0543,1.0543,2.2885,1.2885,26.5932,2.0637,26.3505,2.054,100.0,0.0,0.0,0.0,25.375,0.0,26.5,0.0,26.375,0.0,25.375,10.0,0.0,0.0103,52.4479,5.2448,2.0,13.7526,1.4554,0.3132,1.3978,0.1784,1.3831,2.086e-05,1.1708,0.0001,2.1966,12.0,0.0696,1.0019,0.1266,2.3242,0.0058,0.9888,0.0431,1.8563,0.0,0.0,64.0,14.6517,26.0,25.0,38.0,37.0,12.0,0.0,0.0,0.0,0.0,41.1367,0.0,41.1872,0.0,0.0
17986.0,1.7441,0.093,1.0,0.0799,1.202,2.054,1.054,2.2886,1.2886,26.7242,2.069,26.3634,2.0545,100.0,0.0,0.0,0.0,25.375,0.0,26.375,0.0,26.5,0.0,25.5,10.0,0.0,0.0105,52.4479,5.2448,2.0,13.8308,1.4563,0.3519,1.402,0.1738,1.3826,2.084e-05,1.1706,0.0001,2.1939,12.0,0.0676,1.0018,0.0972,2.2094,0.0064,1.0254,0.0437,1.8628,0.0,0.0,64.0,15.5676,26.0,25.0,38.0,37.0,13.0,0.0,0.0,0.0,0.0,41.1372,0.0,41.1873,0.0,0.0
17987.0,1.7457,0.0932,1.0,0.0799,1.202,2.0542,1.0542,2.2887,1.2887,26.7993,2.072,26.3481,2.0539,100.0,0.0,0.0,0.0,25.25,0.0,26.5,0.0,26.5,0.0,25.5,10.0,0.0,0.0097,52.4479,5.2448,2.0,13.8058,1.456,0.283,1.3945,0.1737,1.3826,2.091e-05,1.1713,0.0001,2.1926,12.0,0.0751,1.002,0.1134,2.2765,0.0068,1.0535,0.0366,1.7859,0.0,0.0,64.0,16.2397,26.0,25.0,38.0,38.0,13.0,0.0,0.0,0.0,0.0,41.1368,0.0,41.1876,0.0,0.0
17988.0,1.745,0.0931,1.0,0.0799,1.202,2.0546,1.0546,2.2889,1.2889,26.7109,2.0684,26.3369,2.0535,100.0,0.0,0.0,0.0,25.25,0.0,26.5,0.0,26.5,0.0,25.375,10.0,0.0,0.01,52.448,5.2448,2.0,13.7479,1.4553,0.2455,1.3904,0.1695,1.3821,2.085e-05,1.1707,0.0001,2.1953,12.0,0.0767,1.002,0.094,2.1952,0.006,1.0027,0.0502,1.9227,0.0,0.0,64.0,16.9997,26.0,25.0,38.0,38.0,15.0,0.0,0.0,0.0,0.0,41.1369,0.0,41.1868,0.0,0.0
17989.0,1.7446,0.0931,1.0,0.08,1.2022,2.0547,1.0547,2.289,1.289,26.6261,2.065,26.334,2.0534,100.0,0.0,0.0,0.0,25.375,0.0,26.375,0.0,26.5,0.0,25.375,10.0,0.0,0.0096,52.4482,5.2448,2.0,13.7291,1.4551,0.2229,1.388,0.1659,1.3817,2.087e-05,1.1709,0.0001,2.1927,12.0,0.0763,1.002,0.1014,2.2281,0.006,1.0001,0.0519,1.9372,0.0,0.0,64.0,17.7331,26.0,25.0,38.0,38.0,13.0,0.0,0.0,0.0,0.0,41.1372,0.0,41.1874,0.0,0.0
17990.0,1.7427,0.0928,1.0,0.0799,1.2019,2.0546,1.0546,2.2887,1.2887,26.5539,2.0622,26.3349,2.0534,100.0,0.0,0.0,0.0,25.25,0.0,26.375,0.0,26.5,0.0,25.375,10.0,0.0,0.0098,52.4479,5.2448,2.0,13.7037,1.4547,0.3028,1.3967,0.1652,1.3817,2.095e-05,1.1718,0.0001,2.1982,12.0,0.076,1.002,0.1615,2.43,0.0063,1.0191,0.0478,1.9013,0.0,0.0,64.0,18.4119,26.0,25.0,38.0,38.0,14.0,0.0,0.0,0.0,0.0,41.137,0.0,41.1871,0.0,0.0
17991.0,1.7415,0.0927,1.0,0.0798,1.2018,2.0536,1.0536,2.2889,1.2889,26.6886,2.0675,26.3401,2.0536,100.0,0.0,0.0,0.0,25.375,0.0,26.5,0.0,26.375,0.0,25.375,10.0,0.0,0.0102,52.4481,5.2448,2.0,13.8891,1.4571,0.2816,1.3944,0.1614,1.3812,2.089e-05,1.1712,0.0001,2.1963,12.0,0.0747,1.002,0.1522,2.4042,0.0058,0.9847,0.047,1.8938,0.0,0.0,64.0,19.1652,26.0,25.0,38.0,38.0,13.0,0.0,0.0,0.0,0.0,41.1369,0.0,41.1876,0.0,0.0
17992.0,1.7416,0.0927,1.0,0.0799,1.202,2.0537,1.0537,2.289,1.289,26.8152,2.0726,26.3407,2.0536,100.0,0.0,0.0,0.0,25.25,0.0,26.5,0.0,26.375,0.0,25.5,10.0,0.0,0.0102,52.4479,5.2448,2.0,13.7693,1.4556,0.1807,1.3833,0.1588,1.381,2.096e-05,1.172,0.0001,2.197,12.0,0.0759,1.002,0.1354,2.3535,0.0061,1.0065,0.0495,1.9167,0.0,0.0,64.0,19.8324,26.0,25.0,38.0,38.0,13.0,0.0,0.0,0.0,0.0,41.1367,0.0,41.1867,0.0,0.0
17993.0,1.7408,0.0926,1.0,0.0803,1.2031,2.0546,1.0546,2.2891,1.2891,26.7685,2.0707,26.3396,2.0536,100.0,0.0,0.0,0.0,25.25,0.0,26.375,0.0,26.375,0.0,25.5,10.0,0.0,0.0092,52.4483,5.2448,2.0,13.4746,1.4518,0.0608,1.3703,0.164,1.3815,2.103e-05,1.1727,0.0001,2.1987,12.0,0.0767,1.002,0.1808,2.4791,0.0062,1.0115,0.0435,1.8602,0.0,0.0,64.0,20.5476,26.0,25.0,38.0,38.0,13.0,0.0,0.0,0.0,0.0,41.1368,0.0,41.1875,0.0,0.0
17994.0,1.7395,0.0924,1.0,0.0801,1.2026,2.0545,1.0545,2.2889,1.2889,26.6205,2.0648,26.3247,2.053,100.0,0.0,0.0,0.0,25.375,0.0,26.375,0.0,26.375,0.0,25.375,10.0,0.0,0.0103,52.4484,5.2448,2.0,13.3089,1.4497,0.027,1.3666,0.1623,1.3813,2.105e-05,1.173,0.0001,2.1977,12.0,0.076,1.002,0.1727,2.459,0.0056,0.9712,0.0585,1.9887,0.0,0.0,64.0,21.2553,26.0,25.0,38.0,38.0,15.0,0.0,0.0,0.0,0.0,41.1368,0.0,41.1871,0.0,0.0
17995.0,1.7384,0.0923,1.0,0.0803,1.203,2.0546,1.0546,2.2887,1.2887,26.5545,2.0622,26.3377,2.0535,100.0,0.0,0.0,0.0,25.375,0.0,26.5,0.0,26.375,0.0,25.5,10.0,0.0,0.0102,52.4485,5.2449,2.0,13.4673,1.4517,0.1645,1.3816,0.1565,1.3807,2.109e-05,1.1733,0.0001,2.199,12.0,0.0749,1.002,0.2513,2.6221,0.0063,1.0178,0.0581,1.9859,0.0,0.0,64.0,22.0036,26.0,25.0,38.0,37.0,15.0,0.0,0.0,0.0,0.0,41.137,0.0,41.1874,0.0,0.0
17996.0,1.7373,0.0922,1.0,0.0801,1.2025,2.0541,1.0541,2.2887,1.2887,26.6893,2.0676,26.3563,2.0543,100.0,0.0,0.0,0.0,25.375,0.0,26.375,0.0,26.375,0.0,25.5,10.0,0.0,0.0098,52.4487,5.2449,2.0,13.6033,1.4535,0.1352,1.3784,0.1551,1.3806,2.105e-05,1.173,0.0001,2.1987,12.0,0.0763,1.002,0.2094,2.5428,0.0055,0.9624,0.0459,1.8834,0.0,0.0,64.0,22.9213,26.0,25.0,38.0,37.0,14.0,0.0,0.0,0.0,0.0,41.137,0.0,41.1872,0.0,0.0
17997.0,1.7384,0.0923,1.0,0.0801,1.2026,2.0541,1.0541,2.2889,1.2889,26.8058,2.0722,26.3464,2.0539,100.0,0.0,0.0,0.0,25.375,0.0,26.375,0.0,26.375,0.0,25.375,10.0,0.0,0.0101,52.4483,5.2448,2.0,13.3651,1.4504,0.0506,1.3692,0.1519,1.3802,2.112e-05,1.1737,0.0001,2.1974,12.0,0.0729,1.0019,0.2499,2.6197,0.0061,1.0056,0.0645,2.0314,0.0,0.0,64.0,23.6606,25.0,25.0,38.0,37.0,15.0,0.0,0.0,0.0,0.0,41.1369,0.0,41.1871,0.0,0.0
17998.0,1.7398,0.0925,1.0,0.0801,1.2025,2.0546,1.0546,2.289,1.289,26.7664,2.0707,26.3416,2.0537,100.0,0.0,0.0,0.0,25.375,0.0,26.375,0.0,26.5,0.0,25.375,10.0,0.0,0.0099,52.4484,5.2449,2.0,13.5096,1.4523,0.1627,1.3814,0.1543,1.3805,2.11e-05,1.1735,0.0001,2.1999,12.0,0.0681,1.0018,0.1971,2.5164,0.0056,0.9666,0.0607,2.0053,0.0,0.0,64.0,24.3658,25.0,25.0,38.0,37.0,13.0,0.0,0.0,0.0,0.0,41.1368,0.0,41.1869,0.0,0.0
17999.0,1.7415,0.0927,1.0,0.08,1.2022,2.0547,1.0547,2.289,1.289,26.6556,2.0662,26.3364,2.0535,100.0,0.0,0.0,0.0,25.25,0.0,26.5,0.0,26.375,0.0,25.375,10.0,0.0,0.0109,52.4486,5.2449,2.0,13.7208,1.455,0.219,1.3875,0.1502,1.38,2.117e-05,1.1742,0.0001,2.197,12.0,0.0699,1.0019,0.2038,2.5311,0.0066,1.0419,0.0622,2.0154,0.0,0.0,64.0,25.0813,25.0,25.0,38.0,38.0,13.0,0.0,0.0,0.0,0.0,41.1366,0.0,41.1875,0.0,0.0
18000.0,1.7415,0.0927,1.0,0.0799,1.2019,2.0546,1.0546,2.2887,1.2887,26.5507,2.062,26.3353,2.0534,100.0,0.0,0.0,0.0,25.25,0.0,26.375,0.0,26.375,0.0,25.375,10.0,0.0,0.0097,52.4485,5.2448,2.0,13.8813,1.457,0.2233,1.388,0.1475,1.3797,2.111e-05,1.1736,0.0001,2.1972,12.0,0.0698,1.0019,0.2228,2.5698,0.0064,1.0297,0.0673,2.0501,0.0,0.0,64.0,25.8303,25.0,25.0,38.0,38.0,13.0,0.0,0.0,0.0,0.0,41.1369,0.0,41.1874,0.0,0.0
18001.0,1.7415,0.0927,1.0,0.08,1.2022,2.0542,1.0542,2.2886,1.2886,26.6229,2.0649,26.3563,2.0543,100.0,0.0,0.0,0.0,25.25,0.0,26.375,0.0,26.5,0.0,25.375,10.0,0.0,0.01,52.4485,5.2449,2.0,13.7991,1.4559,0.1479,1.3798,0.1494,1.3799,2.125e-05,1.1751,0.0001,2.1986,12.0,0.0699,1.0019,0.1886,2.4975,0.006,0.9972,0.0637,2.026,0.0,0.0,64.0,26.495,26.0,25.0,38.0,38.0,13.0,0.0,0.0,0.0,0.0,41.1364,0.0,41.1871,0.0,0.0
18002.0,1.7414,0.0927,1.0,0.0799,1.2021,2.054,1.054,2.2888,1.2888,26.7915,2.0717,26.3575,2.0543,100.0,0.0,0.0,0.0,25.25,0.0,26.375,0.0,26.5,0.0,25.375,10.0,0.0,0.0101,52.4488,5.2449,2.0,13.8911,1.4571,0.2088,1.3864,0.1491,1.3799,2.123e-05,1.1749,0.0001,2.1994,12.0,0.0693,1.0018,0.1698,2.4518,0.0061,1.0086,0.0644,2.031,0.0,0.0,64.0,27.2304,26.0,25.0,38.0,38.0,13.0,0.0,0.0,0.0,0.0,41.1362,0.0,41.1871,0.0,0.0
18003.0,1.7385,0.0923,1.0,0.08,1.2023,2.0548,1.0548,2.2887,1.2887,26.775,2.071,26.3426,2.0537,100.0,0.0,0.0,0.0,25.25,0.0,26.375,0.0,26.5,0.0,25.375,10.0,0.0,0.0101,52.449,5.2449,2.0,13.9491,1.4578,0.229,1.3886,0.1446,1.3794,2.126e-05,1.1752,0.0001,2.1969,12.0,0.0728,1.0019,0.1953,2.5124,0.0057,0.9739,0.0579,1.9849,0.0,0.0,64.0,27.8192,26.0,25.0,38.0,37.0,14.0,0.0,0.0,0.0,0.0,41.1364,0.0,41.1868,0.0,0.0
18004.0,1.7374,0.0922,1.0,0.0801,1.2025,2.0547,1.0547,2.289,1.289,26.657,2.0663,26.3339,2.0534,100.0,0.0,0.0,0.0,25.25,0.0,26.375,0.0,26.5,0.0,25.375,10.0,0.0,0.0095,52.4488,5.2449,2.0,13.8296,1.4563,0.1629,1.3814,0.1481,1.3798,2.134e-05,1.1761,0.0001,2.1976,12.0,0.0716,1.0019,0.1597,2.4253,0.0053,0.9478,0.0723,2.0813,0.0,0.0,64.0,28.3139,26.0,25.0,38.0,37.0,13.0,0.0,0.0,0.0,0.0,41.1361,0.0,41.1864,0.0,0.0
18005.0,1.7363,0.092,1.0,0.08,1.2022,2.0547,1.0547,2.2887,1.2887,26.5503,2.062,26.3288,2.0532,100.0,0.0,0.0,0.0,25.25,0.0,26.5,0.0,26.5,0.0,25.375,10.0,0.0,0.0097,52.4487,5.2448,2.0,13.9294,1.4576,0.206,1.3861,0.1476,1.3797,2.135e-05,1.1762,0.0001,2.199,12.0,0.0733,1.002,0.1462,2.3867,0.0062,1.0136,0.0672,2.0493,0.0,0.0,64.0,28.9538,26.0,25.0,38.0,37.0,15.0,0.0,0.0,0.0,0.0,41.1363,0.0,41.1869,0.0,0.0
18006.0,1.7372,0.0921,1.0,0.0799,1.2019,2.0542,1.0542,2.2887,1.2887,26.6248,2.065,26.3554,2.0542,100.0,0.0,0.0,0.0,25.25,0.0,26.375,0.0,26.5,0.0,25.375,10.0,0.0,0.0098,52.4486,5.2449,2.0,14.0483,1.459,0.2084,1.3864,0.1478,1.3798,2.139e-05,1.1766,0.0001,2.1985,12.0,0.0713,1.0019,0.2388,2.6,0.0066,1.0438,0.0684,2.0569,0.0,0.0,64.0,29.625,26.0,25.0,38.0,37.0,14.0,0.0,0.0,0.0,0.0,41.1363,0.0,41.1871,0.0,0.0
18007.0,1.7363,0.092,1.0,0.08,1.2022,2.0541,1.0541,2.2886,1.2886,26.7864,2.0715,26.3597,2.0544,100.0,0.0,0.0,0.0,25.25,0.0,26.375,0.0,26.5,0.0,25.375,10.0,0.0,0.0097,52.449,5.2449,2.0,13.8467,1.4565,0.1647,1.3816,0.1468,1.3796,2.141e-05,1.1768,0.0001,2.2008,12.0,0.071,1.0019,0.2031,2.5297,0.0059,0.9952,0.0663,2.0433,0.0,0.0,0.0,30.0144,26.0,25.0,38.0,37.0,13.0,0.0,0.0,0.0,0.0,41.1364,0.0,41.1864,0.0,0.0
18008.0,1.7363,0.092,1.0,0.0797,1.2016,2.0545,1.0545,2.2891,1.2891,26.7838,2.0714,26.3435,2.0537,100.0,0.0,0.0,0.0,25.25,0.0,26.5,0.0,26.375,0.0,25.375,10.0,0.0,0.0104,52.4488,5.2449,2.0,13.8227,1.4562,0.1565,1.3807,0.1458,1.3795,2.14e-05,1.1768,0.0001,2.1917,12.0,0.0663,1.0018,0.1975,2.5175,0.0067,1.0456,0.0674,2.0503,0.0,0.0,0.0,30.0151,26.0,25.0,38.0,38.0,12.0,0.0,0.0,0.0,0.0,41.1364,0.0,41.1876,0.0,0.0
18009.0,1.7353,0.0919,1.0,0.0798,1.2017,2.0547,1.0547,2.289,1.289,26.7012,2.068,26.3283,2.0531,100.0,0.0,0.0,0.0,25.25,0.0,26.375,0.0,26.375,0.0,25.375,10.0,0.0,0.0101,52.4488,5.2449,2.0,13.9359,1.4577,0.1839,1.3837,0.1501,1.38,2.155e-05,1.1784,0.0001,2.2017,12.0,0.0666,1.0018,0.1707,2.4541,0.0062,1.0128,0.079,2.1197,0.0,0.0,0.0,30.0144,26.0,25.0,38.0,38.0,16.0,0.0,0.0,0.0,0.0,41.1373,0.0,41.1871,0.0,0.0
18010.0,1.7355,0.0919,1.0,0.0797,1.2015,2.0543,1.0543,2.2889,1.2889,26.5748,2.063,26.324,2.053,100.0,0.0,0.0,0.0,25.25,0.0,26.375,0.0,26.5,0.0,25.5,10.0,0.0,0.0098,52.449,5.2449,2.0,13.9257,1.4575,0.1438,1.3793,0.1518,1.3802,2.156e-05,1.1785,0.0001,2.1963,12.0,0.0682,1.0018,0.2132,2.5506,0.0058,0.9887,0.0763,2.1046,0.0,0.0,0.0,30.0138,26.0,25.0,38.0,38.0,14.0,0.0,0.0,0.0,0.0,41.1364,0.0,41.1874,0.0,0.0
18011.0,1.7363,0.092,1.0,0.0798,1.2018,2.0544,1.0544,2.2887,1.2887,26.5794,2.0632,26.3404,2.0536,100.0,0.0,0.0,0.0,25.25,0.0,26.375,0.0,26.375,0.0,25.375,10.0,0.0,0.0103,52.449,5.2449,2.0,13.9016,1.4572,0.1575,1.3808,0.1521,1.3802,2.166e-05,1.1796,0.0001,2.203,12.0,0.0675,1.0018,0.1693,2.4504,0.0061,1.0074,0.084,2.146,0.0,0.0,0.0,30.0131,26.0,25.0,38.0,38.0,14.0,0.0,0.0,0.0,0.0,41.1368,0.0,41.1874,0.0,0.0
18012.0,1.7373,0.0922,1.0,0.0798,1.2016,2.054,1.054,2.2886,1.2886,26.7389,2.0696,26.3527,2.0541,100.0,0.0,0.0,0.0,25.375,0.0,26.375,0.0,26.5,0.0,25.375,10.0,0.0,0.0095,52.4489,5.2449,2.0,13.9237,1.4575,0.1239,1.3772,0.1492,1.3799,2.162e-05,1.1791,0.0001,2.1975,12.0,0.0679,1.0018,0.1574,2.4189,0.0064,1.0287,0.0758,2.1014,0.0,0.0,0.0,30.0127,26.0,25.0,38.0,37.0,14.0,0.0,0.0,0.0,0.0,41.1364,0.0,41.1869,0.0,0.0
18013.0,1.7373,0.0922,1.0,0.0798,1.2018,2.0542,1.0542,2.2891,1.2891,26.8139,2.0726,26.3381,2.0535,100.0,0.0,0.0,0.0,25.25,0.0,26.375,0.0,26.375,0.0,25.375,10.0,0.0,0.01,52.449,5.2449,2.0,13.7974,1.4559,0.1059,1.3752,0.1501,1.38,2.167e-05,1.1797,0.0001,2.2035,12.0,0.0672,1.0018,0.2528,2.6246,0.006,1.0008,0.0783,2.1158,0.0,0.0,0.0,30.0124,26.0,25.0,38.0,37.0,16.0,0.0,0.0,0.0,0.0,41.1363,0.0,41.187,0.0,0.0
18014.0,1.7384,0.0923,1.0,0.0798,1.2016,2.0546,1.0546,2.289,1.289,26.7308,2.0692,26.3281,2.0531,100.0,0.0,0.0,0.0,25.25,0.0,26.5,0.0,26.375,0.0,25.375,10.0,0.0,0.0102,52.449,5.2449,2.0,13.8777,1.4569,0.1403,1.3789,0.1543,1.3805,2.18e-05,1.181,0.0001,2.2016,12.0,0.067,1.0018,0.1863,2.4921,0.006,0.9998,0.0709,2.0726,0.0,0.0,0.0,30.012,25.0,25.0,38.0,37.0,13.0,0.0,0.0,0.0,0.0,41.1363,0.0,41.1868,0.0,0.0
18015.0,1.7403,0.0925,1.0,0.0798,1.2017,2.0543,1.0543,2.2889,1.2889,26.6046,2.0642,26.3258,2.053,100.0,0.0,0.0,0.0,25.375,0.0,26.375,0.0,26.375,0.0,25.5,10.0,0.0,0.0103,52.4493,5.2449,2.0,13.9742,1.4581,0.1669,1.3818,0.1552,1.3806,2.18e-05,1.1811,0.0001,2.2024,12.0,0.0669,1.0018,0.2135,2.5513,0.0064,1.0299,0.0632,2.0226,0.0,0.0,0.0,30.0115,25.0,25.0,38.0,37.0,12.0,0.0,0.0,0.0,0.0,41.1363,0.0,41.1874,0.0,0.0
18016.0,1.7415,0.0927,1.0,0.0798,1.2016,2.0541,1.0541,2.2888,1.2888,26.574,2.063,26.3394,2.0536,100.0,0.0,0.0,0.0,25.25,0.0,26.375,0.0,26.375,0.0,25.375,10.0,0.0,0.01,52.4496,5.245,2.0,14.2752,1.4618,0.2552,1.3915,0.1561,1.3807,2.182e-05,1.1813,0.0001,2.2036,12.0,0.068,1.0018,0.1688,2.4493,0.006,1.0022,0.0663,2.0433,0.0,0.0,0.0,30.0116,25.0,25.0,38.0,37.0,14.0,0.0,0.0,0.0,0.0,41.1364,0.0,41.1872,0.0,0.0
18017.0,1.7434,0.0929,1.0,0.0798,1.2017,2.0536,1.0536,2.2886,1.2886,26.7471,2.0699,26.3529,2.0541,100.0,0.0,0.0,0.0,25.375,0.0,26.375,0.0,26.25,0.0,25.375,10.0,0.0,0.0098,52.4493,5.2449,2.0,14.3528,1.4628,0.3185,1.3984,0.1566,1.3807,2.194e-05,1.1825,0.0001,2.2056,12.0,0.0698,1.0019,0.1712,2.4553,0.0053,0.9494,0.0644,2.0307,0.0,0.0,0.0,30.0112,25.0,25.0,38.0,37.0,13.0,0.0,0.0,0.0,0.0,41.1369,0.0,41.1868,0.0,0.0
18018.0,1.7446,0.0931,1.0,0.0798,1.2016,2.054,1.054,2.2891,1.2891,26.8033,2.0721,26.3361,2.0534,100.0,0.0,0.0,0.0,25.25,0.0,26.375,0.0,26.375,0.0,25.375,10.0,0.0,0.0102,52.4492,5.2449,2.0,14.5845,1.4656,0.3028,1.3967,0.1609,1.3812,2.202e-05,1.1834,0.0001,2.2034,12.0,0.0671,1.0018,0.182,2.482,0.0071,1.0728,0.0592,1.9942,0.0,0.0,0.0,30.0106,25.0,25.0,38.0,37.0,13.0,0.0,0.0,0.0,0.0,41.1366,0.0,41.1868,0.0,0.0
18019.0,1.7436,0.0929,1.0,0.08,1.2022,2.0546,1.0546,2.289,1.289,26.7382,2.0695,26.329,2.0532,100.0,0.0,0.0,0.0,25.25,0.0,26.375,0.0,26.5,0.0,25.375,10.0,0.0,0.0095,52.4491,5.2449,2.0,14.3929,1.4633,0.2411,1.3899,0.1529,1.3803,2.197e-05,1.1829,0.0001,2.2069,12.0,0.0706,1.0019,0.1478,2.3915,0.0055,0.9657,0.0565,1.9735,0.0,0.0,0.0,30.0107,25.0,25.0,38.0,37.0,13.0,0.0,0.0,0.0,0.0,41.1367,0.0,41.1877,0.0,0.0
18020.0,1.7435,0.0929,1.0,0.0799,1.202,2.0546,1.0546,2.289,1.289,26.6163,2.0647,26.3245,2.053,100.0,0.0,0.0,0.0,25.375,0.0,26.375,0.0,26.375,0.0,25.375,10.0,0.0,0.0101,52.4489,5.2449,2.0,14.5363,1.465,0.3383,1.4005,0.1609,1.3812,2.21e-05,1.1843,0.0001,2.2038,12.0,0.0684,1.0018,0.1471,2.3895,0.0063,1.0232,0.0551,1.9634,0.0,0.0,0.0,30.0104,25.0,25.0,38.0,37.0,13.0,0.0,0.0,0.0,0.0,41.1366,0.0,41.1873,0.0,0.0
18021.0,1.7445,0.0931,1.0,0.0799,1.2019,2.0542,1.0542,2.2888,1.2888,26.5551,2.0622,26.3334,2.0533,100.0,0.0,0.0,0.0,25.25,0.0,26.375,0.0,26.625,0.0,25.375,10.0,0.0,0.0099,52.4491,5.2449,2.0,14.7243,1.4672,0.375,1.4045,0.1552,1.3806,2.202e-05,1.1834,0.0001,2.2078,12.0,0.0711,1.0019,0.1472,2.3897,0.0061,1.0085,0.0473,1.8967,0.0,0.0,0.0,30.0102,25.0,25.0,38.0,37.0,12.0,0.0,0.0,0.0,0.0,41.1367,0.0,41.1871,0.0,0.0
18022.0,1.7426,0.0928,1.0,0.08,1.2023,2.054,1.054,2.2886,1.2886,26.6752,2.067,26.3495,2.054,100.0,0.0,0.0,0.0,25.25,0.0,26.375,0.0,26.375,0.0,25.25,10.0,0.0,0.0101,52.4491,5.245,2.0,15.1091,1.4717,0.4768,1.4157,0.1575,1.3808,2.214e-05,1.1847,0.0001,2.2057,12.0,0.0704,1.0019,0.1422,2.3747,0.0056,0.9671,0.0482,1.9049,0.0,0.0,0.0,30.0098,26.0,25.0,38.0,37.0,13.0,0.0,0.0,0.0,0.0,41.1365,0.0,41.1869,0.0,0.0
18023.0,1.7416,0.0927,1.0,0.0799,1.2019,2.054,1.054,2.2888,1.2888,26.8063,2.0723,26.3501,2.054,100.0,0.0,0.0,0.0,25.375,0.0,26.375,0.0,26.375,0.0,25.375,10.0,0.0,0.0097,52.4491,5.2449,2.0,15.0245,1.4707,0.3285,1.3995,0.159,1.381,2.22e-05,1.1853,0.0001,2.2088,12.0,0.0686,1.0018,0.1292,2.3332,0.0062,1.0116,0.0467,1.8907,0.0,0.0,0.0,30.0096,26.0,25.0,38.0,37.0,14.0,0.0,0.0,0.0,0.0,41.1366,0.0,41.1865,0.0,0.0
18024.0,1.7426,0.0928,1.0,0.0799,1.2021,2.0546,1.0546,2.2891,1.2891,26.762,2.0705,26.3403,2.0536,100.0,0.0,0.0,0.0,25.5,0.0,26.375,0.0,26.375,0.0,25.375,10.0,0.0,0.0093,52.4492,5.245,2.0,14.7711,1.4678,0.3172,1.3982,0.1561,1.3807,2.215e-05,1.1848,0.0001,2.1989,12.0,0.0691,1.0018,0.1323,2.3433,0.0064,1.0253,0.0468,1.8918,0.0,0.0,0.0,30.0092,26.0,25.0,38.0,37.0,13.0,0.0,0.0,0.0,0.0,41.136,0.0,41.1871,0.0,0.0
18025.0,1.7444,0.093,1.0,0.0799,1.2021,2.0546,1.0546,2.289,1.289,26.6537,2.0661,26.3273,2.0531,100.0,0.0,0.0,0.0,25.375,0.0,26.375,0.0,26.5,0.0,25.375,10.0,0.0,0.0103,52.4492,5.2449,2.0,14.8002,1.4681,0.3088,1.3973,0.1551,1.3806,2.226e-05,1.1859,0.0001,2.2085,12.0,0.0668,1.0018,0.1105,2.2651,0.0059,0.9915,0.0592,1.994,0.0,0.0,0.0,30.0086,26.0,25.0,38.0,37.0,15.0,0.0,0.0,0.0,0.0,41.1361,0.0,41.1868,0.0,0.0
18026.0,1.7465,0.0933,1.0,0.0799,1.2019,2.0545,1.0545,2.2887,1.2887,26.5512,2.062,26.3306,2.0532,100.0,0.0,0.0,0.0,25.375,0.0,26.375,0.0,26.375,0.0,25.5,10.0,0.0,0.0097,52.4492,5.2449,2.0,14.761,1.4676,0.2581,1.3918,0.1584,1.3809,2.234e-05,1.1867,0.0001,2.212,12.0,0.0659,1.0018,0.1318,2.3419,0.0062,1.0118,0.0605,2.0033,0.0,0.0,0.0,30.009,26.0,25.0,38.0,37.0,13.0,0.0,0.0,0.0,0.0,41.1363,0.0,41.1869,0.0,0.0
18027.0,1.7459,0.0932,1.0,0.08,1.2023,2.0538,1.0538,2.2886,1.2886,26.6582,2.0663,26.3494,2.054,100.0,0.0,0.0,0.0,25.625,0.0,26.375,0.0,26.375,0.0,25.375,10.0,0.0,0.0097,52.4494,5.2449,2.0,14.8315,1.4685,0.2783,1.394,0.1568,1.3807,2.231e-05,1.1864,0.0001,2.2066,12.0,0.0657,1.0018,0.1689,2.4494,0.0054,0.9536,0.052,1.9381,0.0,0.0,0.0,30.0086,26.0,25.0,38.0,37.0,12.0,0.0,0.0,0.0,0.0,41.1362,0.0,41.1873,0.0,0.0
18028.0,1.7447,0.0931,1.0,0.0801,1.2024,2.054,1.054,2.2889,1.2889,26.8068,2.0723,26.3462,2.0538,100.0,0.0,0.0,0.0,25.25,0.0,26.375,0.0,26.375,0.0,25.375,10.0,0.0,0.0099,52.4493,5.2449,2.0,14.7688,1.4677,0.2201,1.3876,0.1551,1.3806,2.235e-05,1.1868,0.0001,2.2115,12.0,0.0668,1.0018,0.1698,2.4519,0.006,0.9999,0.051,1.929,0.0,0.0,0.0,30.0085,26.0,25.0,38.0,37.0,14.0,0.0,0.0,0.0,0.0,41.1363,0.0,41.187,0.0,0.0
18029.0,1.744,0.093,1.0,0.0798,1.2018,2.0549,1.0549,2.2891,1.2891,26.7703,2.0708,26.3414,2.0537,100.0,0.0,0.0,0.0,25.375,0.0,26.5,0.0,26.375,0.0,25.5,10.0,0.0,0.0099,52.4489,5.2449,2.0,14.555,1.4652,0.1428,1.3792,0.1578,1.3808,2.245e-05,1.1879,0.0001,2.2044,12.0,0.0659,1.0018,0.1778,2.4718,0.0052,0.9364,0.0487,1.9089,0.0,0.0,0.0,30.0083,26.0,25.0,38.0,37.0,15.0,0.0,0.0,0.0,0.0,41.1365,0.0,41.1866,0.0,0.0
18030.0,1.7436,0.0929,1.0,0.0798,1.2018,2.0546,1.0546,2.2891,1.2891,26.6594,2.0664,26.326,2.053,100.0,0.0,0.0,0.0,25.25,0.0,26.5,0.0,26.375,0.0,25.5,10.0,0.0,0.0099,52.449,5.2449,2.0,14.6318,1.4661,0.1704,1.3822,0.1587,1.381,2.246e-05,1.188,0.0001,2.2112,12.0,0.0743,1.002,0.1149,2.2822,0.0056,0.9719,0.0476,1.8992,0.0,0.0,0.0,30.0078,26.0,25.0,38.0,37.0,15.0,0.0,0.0,0.0,0.0,41.1365,0.0,41.1869,0.0,0.0
18031.0,1.7432,0.0929,1.0,0.08,1.2022,2.0542,1.0542,2.2892,1.2892,26.5505,2.062,26.3179,2.0527,100.0,0.0,0.0,0.0,25.375,0.0,26.375,0.0,26.375,0.0,25.5,10.0,0.0,0.0101,52.4493,5.245,2.0,14.6329,1.4661,0.1744,1.3827,0.1563,1.3807,2.251e-05,1.1885,0.0001,2.2111,12.0,0.0759,1.002,0.1482,2.3927,0.0058,0.9831,0.0643,2.0298,0.0,0.0,0.0,30.0082,26.0,25.0,38.0,37.0,16.0,0.0,0.0,0.0,0.0,41.137,0.0,41.1866,0.0,0.0
18032.0,1.7425,0.0928,1.0,0.0799,1.2021,2.0537,1.0537,2.2891,1.2891,26.6368,2.0655,26.3386,2.0535,100.0,0.0,0.0,0.0,25.375,0.0,26.375,0.0,26.375,0.0,25.5,10.0,0.0,0.0097,52.4494,5.2449,2.0,14.678,1.4667,0.1642,1.3816,0.1599,1.3811,2.26e-05,1.1894,0.0001,2.209,12.0,0.0752,1.002,0.1267,2.3246,0.0063,1.021,0.0546,1.9592,0.0,0.0,0.0,30.0078,26.0,25.0,38.0,37.0,14.0,0.0,0.0,0.0,0.0,41.1368,0.0,41.1871,0.0,0.0
18033.0,1.7435,0.0929,1.0,0.08,1.2022,2.0536,1.0536,2.2892,1.2892,26.7951,2.0718,26.3402,2.0536,100.0,0.0,0.0,0.0,25.375,0.0,26.5,0.0,26.375,0.0,25.375,10.0,0.0,0.0094,52.4493,5.245,2.0,14.5454,1.4651,0.0755,1.3719,0.156,1.3807,2.255e-05,1.1889,0.0001,2.2121,12.0,0.074,1.002,0.1315,2.3409,0.0054,0.9559,0.0758,2.1013,0.0,0.0,0.0,30.0081,26.0,25.0,38.0,37.0,14.0,0.0,0.0,0.0,0.0,41.137,0.0,41.1873,0.0,0.0
18034.0,1.7388,0.0923,1.0,0.08,1.2022,2.054,1.054,2.2895,1.2895,26.7908,2.0716,26.3222,2.0529,100.0,0.0,0.0,0.0,25.25,0.0,26.375,0.0,26.5,0.0,25.375,10.0,0.0,0.01,52.4493,5.2449,2.0,14.2573,1.4616,-0.0204,1.3614,0.1564,1.3807,2.264e-05,1.1899,0.0001,2.2094,12.0,0.074,1.002,0.1348,2.3516,0.0063,1.018,0.0631,2.0218,0.0,0.0,0.0,30.0084,26.0,25.0,38.0,37.0,14.0,0.0,0.0,0.0,0.0,41.1372,0.0,41.187,0.0,0.0
18035.0,1.7497,0.0937,1.0,0.0801,1.2025,2.0543,1.0543,2.2891,1.2891,26.6953,2.0678,26.3254,2.053,100.0,0.0,0.0,0.0,25.25,0.0,26.375,0.0,26.375,0.0,25.5,10.0,0.0,0.0093,52.4496,5.245,2.0,14.0675,1.4593,-0.0819,1.3547,0.1509,1.3801,2.257e-05,1.1892,0.0001,2.2126,12.0,0.0754,1.002,0.1142,2.2795,0.006,1.0023,0.0629,2.0203,0.0,0.0,0.0,30.0081,26.0,25.0,38.0,37.0,14.0,0.0,0.0,0.0,0.0,41.1368,0.0,41.1873,0.0,0.0
18036.0,1.7537,0.0942,1.0,0.08,1.2023,2.0542,1.0542,2.2888,1.2888,26.5759,2.063,26.3224,2.0529,100.0,0.0,0.0,0.0,25.5,0.0,26.375,0.0,26.375,0.0,25.375,10.0,0.0,0.0095,52.4494,5.2449,2.0,13.8754,1.4569,-0.1423,1.3481,0.1539,1.3804,2.266e-05,1.19,0.0001,2.2133,12.0,0.0762,1.002,0.1147,2.2813,0.0066,1.0436,0.0704,2.0697,0.0,0.0,0.0,30.0079,26.0,25.0,38.0,37.0,14.0,0.0,0.0,0.0,0.0,41.1374,0.0,41.1874,0.0,0.0
18037.0,1.7559,0.0945,1.0,0.0798,1.2018,2.0538,1.0538,2.289,1.289,26.6414,2.0657,26.3472,2.0539,100.0,0.0,0.0,0.0,25.375,0.0,26.625,0.0,26.375,0.0,25.375,10.0,0.0,0.0102,52.4495,5.2449,2.0,13.6401,1.4539,-0.1862,1.3433,0.1551,1.3806,2.27e-05,1.1905,0.0001,2.2073,12.0,0.0745,1.002,0.1002,2.2228,0.006,1.0019,0.0775,2.1112,0.0,0.0,0.0,30.0082,26.0,25.0,38.0,37.0,16.0,0.0,0.0,0.0,0.0,41.1366,0.0,41.1873,0.0,0.0
18038.0,1.7554,0.0944,1.0,0.0798,1.2017,2.0539,1.0539,2.2891,1.2891,26.7687,2.0707,26.3524,2.0541,100.0,0.0,0.0,0.0,25.25,0.0,26.375,0.0,26.375,0.0,25.5,10.0,0.0,0.0101,52.4491,5.2449,2.0,13.6265,1.4538,-0.1878,1.3432,0.1555,1.3806,2.279e-05,1.1914,0.0001,2.2145,12.0,0.076,1.002,0.105,2.2431,0.0061,1.0081,0.0657,2.0394,0.0,0.0,0.0,30.0072,26.0,25.0,38.0,37.0,14.0,0.0,0.0,0.0,0.0,41.1364,0.0,41.1872,0.0,0.0
18039.0,1.751,0.0939,1.0,0.0799,1.2019,2.054,1.054,2.2895,1.2895,26.7876,2.0715,26.3295,2.0532,100.0,0.0,0.0,0.0,25.25,0.0,26.375,0.0,26.375,0.0,25.375,10.0,0.0,0.0098,52.4495,5.2449,2.0,13.6795,1.4544,-0.1467,1.3476,0.1552,1.3806,2.282e-05,1.1917,0.0001,2.2074,12.0,0.0748,1.002,0.0937,2.1934,0.0069,1.0586,0.086,2.1565,0.0,0.0,0.0,30.0071,26.0,25.0,38.0,37.0,13.0,0.0,0.0,0.0,0.0,41.1365,0.0,41.1868,0.0,0.0
18040.0,1.7482,0.0935,1.0,0.0798,1.2018,2.0542,1.0542,2.2893,1.2893,26.6954,2.0678,26.3162,2.0526,100.0,0.0,0.0,0.0,25.375,0.0,26.375,0.0,26.5,0.0,25.375,10.0,0.0,0.0099,52.4496,5.245,2.0,13.6611,1.4542,-0.1302,1.3494,0.1513,1.3801,2.28e-05,1.1914,0.0001,2.2147,12.0,0.0753,1.002,0.0956,2.2022,0.0058,0.9822,0.0635,2.0245,0.0,0.0,0.0,30.007,26.0,25.0,38.0,37.0,14.0,0.0,0.0,0.0,0.0,41.1366,0.0,41.1869,0.0,0.0
18041.0,1.7455,0.0932,1.0,0.08,1.2023,2.0539,1.0539,2.2896,1.2896,26.5783,2.0631,26.3136,2.0525,100.0,0.0,0.0,0.0,25.25,0.0,26.375,0.0,26.375,0.0,25.375,10.0,0.0,0.0097,52.4496,5.2449,2.0,13.9076,1.4573,-0.0586,1.3572,0.1518,1.3802,2.289e-05,1.1924,0.0001,2.2112,12.0,0.0732,1.002,0.0825,2.1381,0.0065,1.0351,0.074,2.091,0.0,0.0,0.0,30.0068,26.0,25.0,38.0,37.0,14.0,0.0,0.0,0.0,0.0,41.1363,0.0,41.1873,0.0,0.0
18042.0,1.7456,0.0932,1.0,0.0801,1.2026,2.0536,1.0536,2.2891,1.2891,26.5724,2.0629,26.3302,2.0532,100.0,0.0,0.0,0.0,25.375,0.0,26.5,0.0,26.375,0.0,25.25,10.0,0.0,0.01,52.4493,5.245,2.0,13.8801,1.457,-0.0699,1.356,0.1493,1.3799,2.284e-05,1.1919,0.0001,2.2145,12.0,0.0706,1.0019,0.0879,2.1659,0.006,1.0009,0.0694,2.0629,0.0,0.0,0.0,30.0072,26.0,25.0,38.0,37.0,16.0,0.0,0.0,0.0,0.0,41.1363,0.0,41.1869,0.0,0.0
18043.0,1.7466,0.0933,1.0,0.0802,1.2028,2.0532,1.0532,2.2891,1.2891,26.7515,2.0701,26.3421,2.0537,100.0,0.0,0.0,0.0,25.25,0.0,26.5,0.0,26.375,0.0,25.375,10.0,0.0,0.0096,52.4495,5.245,2.0,13.8236,1.4562,-0.0766,1.3553,0.146,1.3796,2.289e-05,1.1924,0.0001,2.2138,12.0,0.07,1.0019,0.082,2.1355,0.0061,1.0099,0.0782,2.1148,0.0,0.0,0.0,30.0068,26.0,25.0,38.0,37.0,13.0,0.0,0.0,0.0,0.0,41.1361,0.0,41.187,0.0,0.0
18044.0,1.7457,0.0932,1.0,0.0799,1.2021,2.0534,1.0534,2.2894,1.2894,26.8048,2.0722,26.3275,2.0531,100.0,0.0,0.0,0.0,25.25,0.0,26.375,0.0,26.375,0.0,25.375,10.0,0.0,0.0103,52.4497,5.245,2.0,13.7312,1.4551,-0.1087,1.3518,0.1479,1.3798,2.295e-05,1.193,0.0001,2.2141,12.0,0.0698,1.0019,0.0614,2.01,0.0062,1.0135,0.0749,2.0963,0.0,0.0,0.0,30.0066,26.0,25.0,38.0,37.0,12.0,0.0,0.0,0.0,0.0,41.1366,0.0,41.1869,0.0,0.0
18045.0,1.7456,0.0932,1.0,0.0798,1.2018,2.0541,1.0541,2.2894,1.2894,26.7311,2.0692,26.3187,2.0527,100.0,0.0,0.0,0.0,25.375,0.0,26.375,0.0,26.375,0.0,25.5,10.0,0.0,0.0101,52.4498,5.245,2.0,13.703,1.4547,-0.1158,1.351,0.1434,1.3793,2.29e-05,1.1925,0.0001,2.2138,12.0,0.0665,1.0018,0.0748,2.0959,0.0054,0.9537,0.0738,2.09,0.0,0.0,0.0,30.0068,26.0,25.0,38.0,38.0,13.0,0.0,0.0,0.0,0.0,41.1365,0.0,41.1866,0.0,0.0
18046.0,1.7456,0.0932,1.0,0.0797,1.2015,2.0543,1.0543,2.2893,1.2893,26.6101,2.0644,26.3165,2.0527,100.0,0.0,0.0,0.0,25.25,0.0,26.375,0.0,26.375,0.0,25.375,10.0,0.0,0.0103,52.4497,5.245,2.0,13.6763,1.4544,-0.0917,1.3536,0.1426,1.3792,2.299e-05,1.1935,0.0001,2.2117,12.0,0.0662,1.0018,0.0639,2.0273,0.0066,1.0384,0.0657,2.0397,0.0,0.0,0.0,30.0067,25.0,25.0,38.0,38.0,16.0,0.0,0.0,0.0,0.0,41.1364,0.0,41.1869,0.0,0.0
18047.0,1.7447,0.0931,1.0,0.0798,1.2016,2.0541,1.0541,2.2892,1.2892,26.5538,2.0622,26.3272,2.0531,100.0,0.0,0.0,0.0,25.375,0.0,26.375,0.0,26.375,0.0,25.375,10.0,0.0,0.0094,52.4497,5.2449,2.0,13.6832,1.4545,-0.0579,1.3573,0.145,1.3795,2.303e-05,1.1938,0.0001,2.215,12.0,0.0668,1.0018,0.0586,1.9901,0.0061,1.0097,0.0732,2.0862,0.0,0.0,0.0,30.007,25.0,25.0,38.0,38.0,12.0,0.0,0.0,0.0,0.0,41.1368,0.0,41.1871,0.0,0.0
18048.0,1.7414,0.0927,1.0,0.0799,1.2019,2.0533,1.0533,2.2891,1.2891,26.7094,2.0684,26.3402,2.0536,100.0,0.0,0.0,0.0,25.375,0.0,26.25,0.0,26.5,0.0,25.375,10.0,0.0,0.0097,52.4492,5.2449,2.0,14.1441,1.4602,0.1748,1.3827,0.1482,1.3798,2.308e-05,1.1944,0.0001,2.2083,12.0,0.0677,1.0018,0.0706,2.0705,0.0058,0.9884,0.0633,2.0231,0.0,0.0,0.0,30.0069,25.0,25.0,38.0,38.0,14.0,0.0,0.0,0.0,0.0,41.1366,0.0,41.187,0.0,0.0
18049.0,1.7406,0.0926,1.0,0.0799,1.2019,2.0534,1.0534,2.2896,1.2896,26.8145,2.0726,26.3266,2.0531,100.0,0.0,0.0,0.0,25.25,0.0,26.375,0.0,26.5,0.0,25.375,10.0,0.0,0.0102,52.4496,5.245,2.0,14.5345,1.465,0.2041,1.3859,0.1457,1.3795,2.309e-05,1.1944,0.0001,2.2118,12.0,0.0683,1.0018,0.1217,2.307,0.0055,0.9608,0.0589,1.9923,0.0,0.0,0.0,30.007,25.0,25.0,38.0,37.0,13.0,0.0,0.0,0.0,0.0,41.1374,0.0,41.187,0.0,0.0
18050.0,1.7405,0.0926,1.0,0.0796,1.2013,2.0538,1.0538,2.2898,1.2898,26.7292,2.0692,26.3184,2.0527,100.0,0.0,0.0,0.0,25.25,0.0,26.375,0.0,26.375,0.0,25.5,10.0,0.0,0.0098,52.4497,5.245,2.0,14.8838,1.4691,0.3023,1.3966,0.1423,1.3792,2.31e-05,1.1946,0.0001,2.2147,12.0,0.0679,1.0018,0.125,2.3187,0.0057,0.9814,0.0582,1.987,0.0,0.0,0.0,30.0066,25.0,25.0,38.0,37.0,13.0,0.0,0.0,0.0,64.0,41.2392,0.0,41.1873,0.0,0.0
18051.0,1.7405,0.0926,1.0,0.0798,1.2018,2.0539,1.0539,2.2898,1.2898,26.6203,2.0648,26.3146,2.0526,100.0,0.0,0.0,0.0,25.25,0.0,26.375,0.0,26.375,0.0,25.5,10.0,0.0,0.0102,52.4497,5.245,2.0,14.768,1.4677,0.2331,1.3891,0.1461,1.3796,2.318e-05,1.1953,0.0001,2.211,12.0,0.0694,1.0019,0.1309,2.3389,0.0059,0.9893,0.0524,1.9411,0.0,0.0,0.0,30.0058,26.0,25.0,38.0,37.0,13.0,0.0,0.0,0.0,64.0,41.4555,0.0,41.187,0.0,0.0
18052.0,1.7409,0.0926,1.0,0.0798,1.2017,2.0537,1.0537,2.2891,1.2891,26.556,2.0622,26.3227,2.0529,100.0,0.0,0.0,0.0,25.25,0.0,26.375,0.0,26.5,0.0,25.375,10.0,0.0,0.0096,52.4499,5.245,2.0,14.7891,1.468,0.2425,1.3901,0.141,1.379,2.316e-05,1.1951,0.0001,2.2151,12.0,0.0772,1.0021,0.0987,2.2163,0.0057,0.9782,0.0716,2.0767,0.0,0.0,0.0,30.0058,26.0,25.0,38.0,37.0,13.0,0.0,0.0,0.0,64.0,41.6276,0.0,41.1869,0.0,0.0
18053.0,1.741,0.0926,1.0,0.08,1.2022,2.0532,1.0532,2.289,1.289,26.6912,2.0676,26.3393,2.0536,100.0,0.0,0.0,0.0,25.375,0.0,26.375,0.0,26.5,0.0,25.375,10.0,0.0,0.0096,52.4498,5.245,2.0,14.4969,1.4645,0.1082,1.3754,0.1404,1.3789,2.325e-05,1.196,0.0001,2.2089,12.0,0.078,1.0021,0.1137,2.2775,0.0063,1.021,0.0663,2.043,0.0,0.0,0.0,30.0061,26.0,25.0,38.0,38.0,15.0,0.0,0.0,0.0,64.0,41.8069,0.0,41.1867,0.0,0.0
18054.0,1.7435,0.0929,1.0,0.0799,1.2019,2.0529,1.0529,2.2899,1.2899,26.8162,2.0726,26.3186,2.0527,100.0,0.0,0.0,0.0,25.25,0.0,26.375,0.0,26.375,0.0,25.375,10.0,0.0,0.0099,52.4496,5.245,2.0,14.4131,1.4635,0.0668,1.3709,0.1378,1.3787,2.327e-05,1.1962,0.0001,2.2107,12.0,0.0738,1.002,0.0975,2.211,0.0065,1.0365,0.0659,2.0406,0.0,0.0,0.0,30.0061,26.0,25.0,38.0,38.0,12.0,0.0,0.0,0.0,64.0,41.9761,0.0,41.1867,0.0,0.0
18055.0,1.7435,0.0929,1.0,0.0797,1.2016,2.0538,1.0538,2.2894,1.2894,26.7439,2.0698,26.3131,2.0525,100.0,0.0,0.0,0.0,25.375,0.0,26.5,0.0,26.375,0.0,25.5,10.0,0.0,0.0101,52.45,5.245,2.0,14.1045,1.4597,-0.0373,1.3596,0.1443,1.3794,2.333e-05,1.1968,0.0001,2.2084,12.0,0.0714,1.0019,0.1486,2.3938,0.0059,0.9914,0.0701,2.0675,0.0,0.0,0.0,30.0058,26.0,25.0,38.0,38.0,14.0,0.0,0.0,0.0,64.0,42.1636,0.0,41.1871,0.0,0.0
18056.0,1.7445,0.0931,1.0,0.08,1.2023,2.0538,1.0538,2.2894,1.2894,26.6517,2.0661,26.3153,2.0526,100.0,0.0,0.0,0.0,25.375,0.0,26.375,0.0,26.375,0.0,25.5,10.0,0.0,0.0101,52.4501,5.245,2.0,14.1118,1.4598,-0.0249,1.3609,0.1398,1.3789,2.334e-05,1.1969,0.0001,2.2125,12.0,0.0717,1.0019,0.1626,2.4329,0.0058,0.9886,0.069,2.061,0.0,0.0,0.0,30.006,26.0,25.0,38.0,38.0,15.0,0.0,0.0,0.0,64.0,42.3479,0.0,41.1867,0.0,0.0
18057.0,1.7465,0.0933,1.0,0.0801,1.2026,2.0538,1.0538,2.2895,1.2895,26.5496,2.062,26.3177,2.0527,100.0,0.0,0.0,0.0,25.25,0.0,26.5,0.0,26.5,0.0,25.5,10.0,0.0,0.0104,52.45,5.245,2.0,14.0384,1.4589,-0.0464,1.3586,0.1406,1.379,2.337e-05,1.1972,0.0001,2.2024,12.0,0.0711,1.0019,0.1549,2.4118,0.0055,0.9608,0.0669,2.0472,0.0,0.0,0.0,30.0061,26.0,25.0,38.0,37.0,15.0,0.0,0.0,0.0,64.0,42.5398,0.0,41.1871,0.0,0.0
18058.0,1.7495,0.0937,1.0,0.0799,1.2019,2.0533,1.0533,2.2894,1.2894,26.6562,2.0662,26.3287,2.0531,100.0,0.0,0.0,0.0,25.375,0.0,26.375,0.0,26.375,0.0,25.375,10.0,0.0,0.0099,52.4502,5.245,2.0,13.9264,1.4575,0.3892,1.4061,0.1352,1.3784,2.33e-05,1.1966,0.0001,2.2119,12.0,0.0674,1.0018,0.1543,2.4103,0.0063,1.0191,0.0775,2.1112,0.0,0.0,0.0,30.0059,26.0,25.0,38.0,37.0,14.0,0.0,0.0,0.0,64.0,42.7114,0.0,41.1869,0.0,0.0
18059.0,1.7561,0.0945,1.0,0.0798,1.2018,2.0531,1.0531,2.2893,1.2893,26.8168,2.0727,26.3315,2.0533,100.0,0.0,0.0,0.0,25.25,0.0,26.375,0.0,26.375,0.0,25.375,10.0,0.0,0.0099,52.45,5.245,2.0,15.4587,1.4757,0.47,1.4149,0.1409,1.379,2.343e-05,1.1978,0.0001,2.2118,12.0,0.0688,1.0018,0.1128,2.2742,0.0065,1.0349,0.0943,2.1963,0.0,0.0,0.0,30.0058,26.0,25.0,38.0,37.0,13.0,0.0,0.0,0.0,64.0,42.8968,0.0,41.187,0.0,0.0
18060.0,1.7571,0.0946,1.0,0.0795,1.2009,2.0536,1.0536,2.2896,1.2896,26.774,2.071,26.3101,2.0524,100.0,0.0,0.0,0.0,25.375,0.0,26.375,0.0,26.375,0.0,25.375,10.0,0.0,0.0101,52.45,5.245,2.0,15.5302,1.4765,0.4489,1.4126,0.1354,1.3784,2.345e-05,1.198,0.0001,2.2073,12.0,0.0655,1.0017,0.1413,2.372,0.0054,0.9512,0.0821,2.1361,0.0,0.0,0.0,30.0057,26.0,25.0,38.0,37.0,13.0,0.0,0.0,0.0,64.0,43.1025,0.0,41.1868,0.0,0.0
18061.0,1.7581,0.0948,1.0,0.0799,1.202,2.0534,1.0534,2.2899,1.2899,26.6654,2.0666,26.3028,2.0521,100.0,0.0,0.0,0.0,25.25,0.0,26.375,0.0,26.375,0.0,25.5,10.0,0.0,0.0095,52.4497,5.2449,2.0,15.3138,1.474,0.2958,1.3959,0.1372,1.3786,2.351e-05,1.1986,0.0001,2.2123,12.0,0.0674,1.0018,0.1308,2.3385,0.0058,0.986,0.0863,2.158,0.0,0.0,0.0,30.0053,26.0,25.0,38.0,38.0,13.0,0.0,0.0,0.0,64.0,43.277,0.0,41.1871,0.0,0.0
18062.0,1.7582,0.0948,1.0,0.0798,1.2016,2.0534,1.0534,2.29,1.29,26.5617,2.0625,26.3043,2.0522,100.0,0.0,0.0,0.0,25.375,0.0,26.375,0.0,26.375,0.0,25.375,10.0,0.0,0.0095,52.4498,5.245,2.0,14.9682,1.4701,0.1818,1.3835,0.1395,1.3789,2.351e-05,1.1986,0.0001,2.2075,12.0,0.0675,1.0018,0.0979,2.2127,0.0062,1.0142,0.0765,2.1055,0.0,0.0,0.0,30.0047,26.0,25.0,38.0,38.0,14.0,0.0,0.0,0.0,64.0,43.5184,0.0,41.1871,0.0,0.0
18063.0,1.7571,0.0946,1.0,0.0801,1.2025,2.0529,1.0529,2.2898,1.2898,26.6321,2.0653,26.3263,2.0531,100.0,0.0,0.0,0.0,25.25,0.0,26.375,0.0,26.5,0.0,25.5,10.0,0.0,0.0098,52.45,5.245,2.0,14.8604,1.4688,0.2002,1.3855,0.1367,1.3786,2.356e-05,1.1991,0.0001,2.2142,12.0,0.0752,1.002,0.1172,2.2907,0.0058,0.9863,0.074,2.0909,0.0,0.0,0.0,30.0048,25.0,25.0,38.0,38.0,13.0,0.0,0.0,0.0,64.0,43.6669,0.0,41.1867,0.0,0.0
18064.0,1.7522,0.094,1.0,0.0799,1.202,2.0528,1.0528,2.2896,1.2896,26.7905,2.0716,26.3276,2.0531,100.0,0.0,0.0,0.0,25.25,0.0,26.375,0.0,26.375,0.0,25.375,10.0,0.0,0.0101,52.4497,5.245,2.0,14.8242,1.4684,0.1498,1.38,0.1418,1.3791,2.368e-05,1.2003,0.0001,2.2183,12.0,0.077,1.0021,0.0998,2.221,0.006,0.998,0.0761,2.1032,0.0,0.0,0.0,30.0053,25.0,25.0,38.0,38.0,12.0,0.0,0.0,0.0,64.0,43.9115,0.0,41.1863,0.0,0.0
18065.0,1.7486,0.0936,1.0,0.0799,1.2021,2.0532,1.0532,2.2903,1.2903,26.7914,2.0717,26.3134,2.0525,100.0,0.0,0.0,0.0,25.375,0.0,26.375,0.0,26.375,0.0,25.5,10.0,0.0,0.0103,52.4502,5.2451,2.0,14.8014,1.4681,0.1552,1.3806,0.1399,1.3789,2.367e-05,1.2002,0.0001,2.2193,12.0,0.0727,1.0019,0.0925,2.1879,0.0057,0.9748,0.0654,2.0375,0.0,0.0,0.0,30.005,25.0,25.0,38.0,37.0,12.0,0.0,0.0,0.0,64.0,44.0626,0.0,41.1868,0.0,0.0
18066.0,1.7476,0.0935,1.0,0.08,1.2024,2.0537,1.0537,2.2898,1.2898,26.6949,2.0678,26.3157,2.0526,100.0,0.0,0.0,0.0,25.25,0.0,26.375,0.0,26.375,0.0,25.5,10.0,0.0,0.0101,52.45,5.245,2.0,14.8991,1.4693,0.1861,1.3839,0.1475,1.3797,2.376e-05,1.201,0.0001,2.2209,12.0,0.0714,1.0019,0.0989,2.2168,0.0064,1.0312,0.0707,2.0714,0.0,0.0,0.0,30.0051,25.0,25.0,38.0,37.0,15.0,0.0,0.0,0.0,64.0,44.2629,0.0,41.1869,0.0,0.0
18067.0,1.7486,0.0936,1.0,0.0799,1.2021,2.0543,1.0543,2.2896,1.2896,26.5644,2.0626,26.3221,2.0529,100.0,0.0,0.0,0.0,25.25,0.0,26.5,0.0,26.375,0.0,25.375,10.0,0.0,0.0101,52.4501,5.245,2.0,15.0434,1.4709,0.1583,1.3809,0.1468,1.3796,2.378e-05,1.2012,0.0001,2.2186,12.0,0.0672,1.0018,0.1514,2.4021,0.0064,1.0247,0.0711,2.074,0.0,0.0,0.0,30.0052,25.0,25.0,38.0,37.0,13.0,0.0,0.0,0.0,64.0,44.449,0.0,41.1873,0.0,0.0
18068.0,1.7496,0.0937,1.0,0.0798,1.2016,2.0539,1.0539,2.2894,1.2894,26.5964,2.0639,26.3335,2.0533,100.0,0.0,0.0,0.0,25.25,0.0,26.375,0.0,26.5,0.0,25.375,10.0,0.0,0.0102,52.45,5.245,2.0,14.737,1.4674,0.0811,1.3725,0.1501,1.38,2.388e-05,1.2022,0.0001,2.2187,12.0,0.065,1.0017,0.1673,2.4454,0.0068,1.052,0.0676,2.0519,0.0,0.0,0.0,30.0048,25.0,25.0,38.0,37.0,13.0,0.0,0.0,0.0,64.0,44.649,0.0,41.1866,0.0,0.0
18069.0,1.7487,0.0936,1.0,0.0797,1.2015,2.0532,1.0532,2.2895,1.2895,26.7617,2.0705,26.3319,2.0533,100.0,0.0,0.0,0.0,25.25,0.0,26.375,0.0,26.375,0.0,25.5,10.0,0.0,0.0104,52.4502,5.245,2.0,14.6052,1.4658,0.0214,1.366,0.1571,1.3808,2.398e-05,1.2032,0.0001,2.2233,12.0,0.0683,1.0018,0.1315,2.3409,0.0059,0.991,0.0559,1.9696,0.0,0.0,0.0,30.005,25.0,25.0,38.0,37.0,14.0,0.0,0.0,0.0,64.0,44.8886,0.0,41.1864,0.0,0.0
18070.0,1.7493,0.0937,1.0,0.0796,1.2013,2.0534,1.0534,2.29,1.29,26.7951,2.0718,26.3127,2.0525,100.0,0.0,0.0,0.0,25.25,0.0,26.375,0.0,26.375,0.0,25.375,10.0,0.0,0.0098,52.4501,5.245,2.0,14.6274,1.4661,0.0708,1.3714,0.1606,1.3812,2.406e-05,1.2039,0.0001,2.2253,12.0,0.0653,1.0017,0.1864,2.4922,0.0065,1.0363,0.0583,1.9875,0.0,0.0,0.0,30.0048,25.0,25.0,38.0,37.0,15.0,0.0,0.0,0.0,64.0,45.0131,0.0,41.187,0.0,0.0
18071.0,1.7487,0.0936,1.0,0.0798,1.2017,2.0537,1.0537,2.2902,1.2902,26.7211,2.0688,26.3079,2.0523,100.0,0.0,0.0,0.0,25.25,0.0,26.375,0.0,26.375,0.0,25.375,10.0,0.0,0.01,52.4498,5.245,2.0,14.7477,1.4675,0.1406,1.379,0.1668,1.3818,2.421e-05,1.2054,0.0001,2.2242,12.0,0.0742,1.002,0.1972,2.5167,0.0058,0.985,0.0677,2.0522,0.0,0.0,0.0,30.0046,26.0,25.0,38.0,37.0,15.0,0.0,0.0,0.0,64.0,45.2127,0.0,41.1867,0.0,0.0
18072.0,1.7487,0.0936,1.0,0.0799,1.2021,2.0536,1.0536,2.29,1.29,26.5631,2.0625,26.3026,2.0521,100.0,0.0,0.0,0.0,25.5,0.0,26.5,0.0,26.5,0.0,25.375,10.0,0.0,0.0101,52.4497,5.245,2.0,14.9258,1.4696,0.1495,1.3799,0.176,1.3828,2.432e-05,1.2065,0.0001,2.2252,12.0,0.074,1.002,0.1521,2.4039,0.0058,0.9838,0.0667,2.0458,0.0,0.0,0.0,30.0045,26.0,25.0,38.0,37.0,13.0,0.0,0.0,0.0,64.0,45.4015,0.0,41.1867,0.0,0.0
18073.0,1.7487,0.0936,1.0,0.0799,1.2021,2.0536,1.0536,2.2899,1.2899,26.5766,2.0631,26.3193,2.0528,100.0,0.0,0.0,0.0,25.25,0.0,26.375,0.0,26.375,0.0,25.25,10.0,0.0,0.0102,52.4498,5.2449,2.0,15.0037,1.4705,0.1727,1.3825,0.181,1.3834,2.447e-05,1.2079,0.0001,2.2289,12.0,0.0752,1.002,0.1621,2.4315,0.0068,1.0539,0.0609,2.0068,0.0,0.0,0.0,30.0047,26.0,25.0,38.0,37.0,13.0,0.0,0.0,0.0,64.0,45.598,0.0,41.1868,0.0,0.0
18074.0,1.7497,0.0937,1.0,0.08,1.2023,2.0528,1.0528,2.2898,1.2898,26.7465,2.0699,26.3331,2.0533,100.0,0.0,0.0,0.0,25.25,0.0,26.375,0.0,26.25,0.0,25.5,10.0,0.0,0.0104,52.45,5.245,2.0,15.1019,1.4716,0.258,1.3918,0.1849,1.3838,2.456e-05,1.2088,0.0001,2.2275,12.0,0.069,1.0018,0.1632,2.4346,0.0059,0.9926,0.0613,2.0093,0.0,0.0,0.0,30.0047,26.0,25.0,38.0,38.0,13.0,0.0,0.0,0.0,64.0,45.8311,0.0,41.1869,0.0,0.0
18075.0,1.7508,0.0938,1.0,0.0798,1.2016,2.053,1.053,2.2903,1.2903,26.8036,2.0721,26.3167,2.0527,100.0,0.0,0.0,0.0,25.25,0.0,26.375,0.0,26.5,0.0,25.375,10.0,0.0,0.0102,52.4503,5.2451,2.0,15.2944,1.4738,0.263,1.3923,0.1905,1.3844,2.467e-05,1.2098,0.0001,2.2295,12.0,0.0675,1.0018,0.221,2.5662,0.0062,1.0176,0.0544,1.9575,0.0,0.0,0.0,30.0046,26.0,25.0,38.0,38.0,14.0,0.0,0.0,0.0,64.0,46.0116,0.0,41.1871,0.0,0.0
18076.0,1.7508,0.0938,1.0,0.0797,1.2014,2.0534,1.0534,2.2902,1.2902,26.724,2.069,26.3069,2.0523,100.0,0.0,0.0,0.0,25.375,0.0,26.375,0.0,26.375,0.0,25.375,10.0,0.0,0.0096,52.45,5.245,2.0,15.6635,1.478,0.3922,1.4064,0.2002,1.3855,2.479e-05,1.2109,0.0001,2.2303,12.0,0.0679,1.0018,0.202,2.5271,0.0053,0.946,0.0599,1.999,0.0,0.0,0.0,30.0045,26.0,25.0,38.0,38.0,15.0,0.0,0.0,0.0,64.0,46.1672,0.0,41.1872,0.0,0.0
18077.0,1.7508,0.0938,1.0,0.0797,1.2013,2.0534,1.0534,2.2901,1.2901,26.5737,2.0629,26.2998,2.052,100.0,0.0,0.0,0.0,25.375,0.0,26.375,0.0,26.5,0.0,25.5,10.0,0.0,0.0106,52.4501,5.245,2.0,15.8695,1.4802,0.3921,1.4064,0.2104,1.3866,2.5e-05,1.2129,0.0001,2.2323,12.0,0.0668,1.0018,0.1973,2.5169,0.0065,1.0349,0.0529,1.9454,0.0,0.0,0.0,30.0047,26.0,25.0,38.0,38.0,14.0,0.0,0.0,0.0,64.0,45.9141,0.0,41.1865,0.0,0.0
18078.0,1.7508,0.0939,1.0,0.0798,1.2018,2.0537,1.0537,2.2898,1.2898,26.556,2.0622,26.3144,2.0526,100.0,0.0,0.0,0.0,25.5,0.0,26.375,0.0,26.375,0.0,25.375,10.0,0.0,0.0104,52.4501,5.245,2.0,15.804,1.4795,0.404,1.4077,0.2172,1.3873,2.509e-05,1.2137,0.0001,2.2316,12.0,0.0714,1.0019,0.2015,2.5261,0.006,1.0006,0.052,1.9378,0.0,0.0,0.0,30.0045,26.0,25.0,38.0,37.0,14.0,0.0,0.0,0.0,64.0,46.5294,0.0,41.1865,0.0,0.0
18079.0,1.7508,0.0938,1.0,0.0799,1.202,2.0532,1.0532,2.2898,1.2898,26.7016,2.0681,26.331,2.0532,100.0,0.0,0.0,0.0,25.25,0.0,26.375,0.0,26.5,0.0,25.375,10.0,0.0,0.0103,52.4501,5.245,2.0,16.151,1.4833,0.4916,1.4173,0.2284,1.3886,2.531e-05,1.2157,0.0001,2.2305,12.0,0.0719,1.0019,0.1531,2.4068,0.0064,1.0292,0.0461,1.8853,0.0,0.0,0.0,30.0042,26.0,25.0,38.0,37.0,16.0,0.0,0.0,0.0,64.0,46.7029,0.0,41.1868,0.0,0.0
18080.0,1.7508,0.0939,1.0,0.08,1.2021,2.0529,1.0529,2.2902,1.2902,26.8,2.072,26.3205,2.0528,100.0,0.0,0.0,0.0,25.25,0.0,26.375,0.0,26.25,0.0,25.375,10.0,0.0,0.0095,52.4501,5.245,2.0,16.2765,1.4846,0.5016,1.4184,0.2391,1.3897,2.552e-05,1.2177,0.0001,2.2369,12.0,0.0748,1.002,0.2044,2.5324,0.0062,1.0153,0.0476,1.8991,0.0,0.0,0.0,30.0043,26.0,25.0,38.0,37.0,13.0,0.0,0.0,0.0,64.0,46.8922,0.0,41.1865,0.0,0.0
18081.0,1.7508,0.0938,1.0,0.0801,1.2024,2.0534,1.0534,2.2902,1.2902,26.754,2.0702,26.301,2.052,100.0,0.0,0.0,0.0,25.25,0.0,26.375,0.0,26.375,0.0,25.5,10.0,0.0,0.0101,52.4502,5.2451,2.0,16.0691,1.4824,0.3569,1.4026,0.2421,1.39,2.561e-05,1.2185,0.0001,2.2383,12.0,0.0766,1.002,0.1433,2.3782,0.006,1.0001,0.0414,1.8391,0.0,0.0,0.0,30.0043,26.0,25.0,38.0,37.0,15.0,0.0,0.0,0.0,64.0,47.0545,0.0,41.1869,0.0,0.0
18082.0,1.7497,0.0937,1.0,0.0801,1.2026,2.0535,1.0535,2.2901,1.2901,26.6105,2.0644,26.3036,2.0521,100.0,0.0,0.0,0.0,25.25,0.0,26.375,0.0,26.375,0.0,25.5,10.0,0.0,0.01,52.4502,5.245,2.0,15.7327,1.4787,0.2538,1.3913,0.257,1.3917,2.585e-05,1.2207,0.0001,2.2436,12.0,0.0768,1.002,0.168,2.4472,0.0056,0.9677,0.0448,1.8728,0.0,0.0,0.0,30.0045,26.0,25.0,38.0,37.0,15.0,0.0,0.0,0.0,64.0,47.2294,0.0,41.1868,0.0,0.0
18083.0,1.7497,0.0937,1.0,0.0799,1.2021,2.0535,1.0535,2.2899,1.2899,26.5722,2.0629,26.3177,2.0527,100.0,0.0,0.0,0.0,25.25,0.0,26.375,0.0,26.375,0.0,25.5,10.0,0.0,0.0097,52.4501,5.245,2.0,15.6714,1.478,0.2233,1.388,0.2688,1.393,2.608e-05,1.2227,0.0001,2.244,12.0,0.0704,1.0019,0.2551,2.6285,0.0062,1.0135,0.0424,1.8493,0.0,0.0,0.0,30.0045,26.0,25.0,38.0,37.0,13.0,0.0,0.0,0.0,64.0,47.4157,0.0,41.1867,0.0,0.0
18084.0,1.7497,0.0937,1.0,0.0799,1.2021,2.0533,1.0533,2.2899,1.2899,26.6834,2.0673,26.3296,2.0532,100.0,0.0,0.0,0.0,25.25,0.0,26.375,0.0,26.375,0.0,25.375,10.0,0.0,0.0105,52.4502,5.245,2.0,15.6954,1.4783,0.2184,1.3875,0.2753,1.3937,2.624e-05,1.2241,0.0001,2.2453,12.0,0.0694,1.0019,0.1864,2.4922,0.0053,0.947,0.0356,1.7733,0.0,0.0,0.0,30.004,26.0,25.0,38.0,37.0,15.0,0.0,0.0,0.0,64.0,47.5894,0.0,41.1869,0.0,0.0
18085.0,1.7498,0.0937,1.0,0.0798,1.2016,2.0528,1.0528,2.2901,1.2901,26.8067,2.0723,26.3236,2.0529,100.0,0.0,0.0,0.0,25.25,0.0,26.375,0.0,26.375,0.0,25.5,10.0,0.0,0.0104,52.4503,5.245,2.0,15.5875,1.4771,0.1928,1.3847,0.2836,1.3946,2.636e-05,1.2252,0.0001,2.2459,12.0,0.0679,1.0018,0.2012,2.5254,0.006,0.9992,0.039,1.8124,0.0,0.0,0.0,30.0041,26.0,25.0,38.0,37.0,12.0,0.0,0.0,0.0,64.0,47.7915,0.0,41.187,0.0,0.0
18086.0,1.7508,0.0939,1.0,0.0798,1.2018,2.0534,1.0534,2.2902,1.2902,26.7667,2.0707,26.309,2.0524,100.0,0.0,0.0,0.0,25.375,0.0,26.5,0.0,26.375,0.0,25.5,10.0,0.0,0.0106,52.4504,5.245,2.0,15.9112,1.4807,0.293,1.3956,0.2999,1.3964,2.668e-05,1.228,0.0001,2.2431,12.0,0.0722,1.0019,0.1577,2.4197,0.0055,0.9594,0.0463,1.8877,0.0,0.0,0.0,30.0039,26.0,25.0,38.0,38.0,13.0,0.0,0.0,0.0,64.0,47.9438,0.0,41.1868,0.0,0.0
18087.0,1.7508,0.0938,1.0,0.0799,1.2021,2.0538,1.0538,2.2898,1.2898,26.65,2.066,26.3054,2.0522,100.0,0.0,0.0,0.0,25.375,0.0,26.375,0.0,26.375,0.0,25.375,10.0,0.0,0.0106,52.4506,5.2451,2.0,16.0098,1.4818,0.309,1.3973,0.3058,1.397,2.683e-05,1.2293,0.0001,2.2508,12.0,0.0719,1.0019,0.2386,2.5996,0.0062,1.0174,0.0497,1.9178,0.0,0.0,0.0,30.0048,26.0,25.0,38.0,38.0,16.0,0.0,0.0,0.0,64.0,48.1319,0.0,41.187,0.0,0.0
18088.0,1.7497,0.0937,1.0,0.0799,1.2021,2.0538,1.0538,2.2896,1.2896,26.5577,2.0623,26.3087,2.0523,100.0,0.0,0.0,0.0,25.25,0.0,26.5,0.0,26.375,0.0,25.375,10.0,0.0,0.0102,52.4502,5.245,2.0,15.9537,1.4811,0.2172,1.3873,0.3201,1.3986,2.708e-05,1.2315,0.0001,2.2534,12.0,0.0732,1.002,0.2142,2.5527,0.0066,1.0399,0.0439,1.8638,0.0,0.0,0.0,30.0038,26.0,25.0,38.0,38.0,12.0,0.0,0.0,0.0,64.0,48.3139,0.0,41.187,0.0,0.0
18089.0,1.7497,0.0937,1.0,0.0798,1.2018,2.0533,1.0533,2.2899,1.2899,26.6491,2.066,26.3273,2.0531,100.0,0.0,0.0,0.0,25.25,0.0,26.625,0.0,26.375,0.0,25.375,10.0,0.0,0.01,52.4504,5.245,2.0,15.8238,1.4797,0.1988,1.3853,0.332,1.3999,2.734e-05,1.2337,0.0001,2.249,12.0,0.0739,1.002,0.2531,2.6251,0.0059,0.9962,0.0447,1.8719,0.0,0.0,0.0,30.0044,26.0,25.0,38.0,38.0,14.0,0.0,0.0,0.0,64.0,48.0676,0.0,41.1865,0.0,0.0
18090.0,1.7498,0.0937,1.0,0.0801,1.2026,2.0531,1.0531,2.29,1.29,26.7957,2.0718,26.3288,2.0532,100.0,0.0,0.0,0.0,25.25,0.0,26.375,0.0,26.25,0.0,25.5,10.0,0.0,0.0106,52.4504,5.245,2.0,15.9624,1.4812,0.2852,1.3947,0.3429,1.401,2.753e-05,1.2353,0.0001,2.2565,12.0,0.0747,1.002,0.2292,2.5821,0.0062,1.0145,0.0579,1.9844,0.0,0.0,0.0,30.0036,26.0,25.0,38.0,38.0,15.0,0.0,0.0,0.0,64.0,48.6885,0.0,41.1872,0.0,0.0
18091.0,1.7487,0.0936,1.0,0.0802,1.2029,2.0533,1.0533,2.2899,1.2899,26.7858,2.0714,26.3118,2.0525,100.0,0.0,0.0,0.0,25.25,0.0,26.375,0.0,26.375,0.0,25.375,10.0,0.0,0.0104,52.4506,5.2451,2.0,16.082,1.4825,0.2567,1.3916,0.3533,1.4022,2.781e-05,1.2376,0.0001,2.2595,12.0,0.0773,1.0021,0.2135,2.5512,0.006,0.9975,0.0547,1.9597,0.0,0.0,0.0,30.0034,26.0,25.0,38.0,38.0,13.0,0.0,0.0,0.0,64.0,48.8642,0.0,41.1865,0.0,0.0
18092.0,1.4782,0.0598,1.0,0.08,1.2023,2.0538,1.0538,2.2898,1.2898,26.6877,2.0675,26.3166,2.0527,100.0,0.0,0.0,0.0,25.375,0.0,26.5,0.0,26.375,0.0,25.375,10.0,0.0,0.0099,52.4509,5.2451,2.0,16.1834,1.4836,0.3062,1.397,0.369,1.4039,2.808e-05,1.2399,0.0001,2.2628,12.0,0.0767,1.002,0.1985,2.5196,0.0055,0.9618,0.052,1.9378,0.0,0.0,0.0,30.0033,25.0,25.0,38.0,38.0,12.0,0.0,0.0,0.0,64.0,49.0068,0.0,41.1864,0.0,0.0
18093.0,1.3477,0.0435,1.0,0.0798,1.2016,2.0538,1.0538,2.29,1.29,26.561,2.0624,26.316,2.0526,100.0,0.0,0.0,0.0,25.25,0.0,26.375,0.0,26.375,0.0,25.375,10.0,0.0,0.0102,52.4508,5.2451,2.0,16.4275,1.4862,0.3729,1.4043,0.3788,1.405,2.833e-05,1.242,0.0002,2.2677,12.0,0.0738,1.002,0.2073,2.5385,0.0061,1.0039,0.0489,1.9114,0.0,0.0,0.0,30.0038,25.0,25.0,38.0,38.0,14.0,0.0,0.0,0.0,64.0,49.1952,0.0,41.187,0.0,0.0
18094.0,1.2831,0.0354,1.0,0.0801,1.2024,2.053,1.053,2.2899,1.2899,26.6176,2.0647,26.3255,2.053,100.0,0.0,0.0,0.0,25.375,0.0,26.5,0.0,26.25,0.0,25.375,10.0,0.0,0.0107,52.4504,5.245,2.0,16.819,1.4903,0.4917,1.4173,0.3949,1.4067,2.864e-05,1.2445,0.0002,2.2656,12.0,0.072,1.0019,0.1579,2.4202,0.0068,1.0526,0.0464,1.8882,0.0,0.0,0.0,30.0038,25.0,25.0,38.0,37.0,14.0,0.0,0.0,0.0,64.0,49.3773,0.0,41.1868,0.0,0.0
18095.0,1.3608,0.0451,1.0,0.08,1.2023,2.0528,1.0528,2.2899,1.2899,26.7946,2.0718,26.3284,2.0531,100.0,0.0,0.0,0.0,25.375,0.0,26.5,0.0,26.5,0.0,25.375,10.0,0.0,0.0096,52.4508,5.2451,2.0,17.2834,1.4951,0.6165,1.4309,0.4082,1.4082,2.895e-05,1.2469,0.0002,2.2709,12.0,0.0723,1.0019,0.1843,2.4875,0.0062,1.0118,0.0473,1.8965,0.0,0.0,0.0,30.004,25.0,25.0,38.0,37.0,13.0,0.0,0.0,0.0,64.0,49.561,0.0,41.1866,0.0,0.0
18096.0,1.5289,0.0661,1.0,0.0797,1.2014,2.0536,1.0536,2.2903,1.2903,26.7957,2.0718,26.322,2.0529,100.0,0.0,0.0,0.0,25.25,0.0,26.5,0.0,26.375,0.0,25.375,10.0,0.0,0.0109,52.4508,5.2451,2.0,17.3842,1.4961,0.5907,1.4281,0.421,1.4096,2.921e-05,1.249,0.0002,2.273,12.0,0.0692,1.0018,0.208,2.54,0.0056,0.9711,0.0481,1.9044,0.0,0.0,0.0,30.0037,26.0,25.0,38.0,37.0,14.0,0.0,0.0,0.0,64.0,49.7848,0.0,41.1871,0.0,0.0
18097.0,1.6153,0.0769,1.0,0.0798,1.2016,2.0539,1.0539,2.2902,1.2902,26.6916,2.0677,26.3167,2.0527,100.0,0.0,0.0,0.0,25.25,0.0,26.5,0.0,26.5,0.0,25.375,10.0,0.0,0.0104,52.4509,5.2451,2.0,17.4515,1.4967,0.6581,1.4354,0.4329,1.4109,2.952e-05,1.2515,0.0002,2.2739,12.0,0.0735,1.002,0.2445,2.6101,0.0061,1.0055,0.0389,1.8115,0.0,0.0,0.0,30.0034,26.0,25.0,38.0,37.0,15.0,0.0,0.0,0.0,64.0,49.9351,0.0,41.1868,0.0,0.0
18098.0,1.6672,0.0834,1.0,0.0798,1.2018,2.0541,1.0541,2.2896,1.2896,26.5556,2.0622,26.3139,2.0526,100.0,0.0,0.0,0.0,25.375,0.0,26.375,0.0,26.375,0.0,25.5,10.0,0.0,0.0102,52.4507,5.2451,2.0,17.8946,1.5011,0.7226,1.4425,0.4533,1.4131,2.991e-05,1.2546,0.0002,2.28,12.0,0.0716,1.0019,0.2168,2.5579,0.0056,0.9673,0.042,1.8447,0.0,0.0,0.0,30.0036,26.0,25.0,38.0,37.0,14.0,0.0,0.0,0.0,64.0,50.1394,0.0,41.1865,0.0,0.0
18099.0,1.6931,0.0866,1.0,0.0798,1.2017,2.0534,1.0534,2.2896,1.2896,26.6154,2.0646,26.3352,2.0534,100.0,0.0,0.0,0.0,25.375,0.0,26.375,0.0,26.375,0.0,25.375,10.0,0.0,0.0107,52.4506,5.245,2.0,18.3024,1.505,0.8167,1.4527,0.4638,1.4142,3.018e-05,1.2566,0.0002,2.2763,12.0,0.0735,1.002,0.1857,2.4906,0.0061,1.0087,0.0398,1.8217,0.0,0.0,0.0,30.004,26.0,25.0,38.0,37.0,13.0,0.0,0.0,0.0,64.0,50.3276,0.0,41.1866,0.0,0.0
18100.0,1.7119,0.089,1.0,0.08,1.2021,2.0532,1.0532,2.2899,1.2899,26.7569,2.0703,26.3334,2.0533,100.0,0.0,0.0,0.0,25.375,0.0,26.375,0.0,26.375,0.0,25.375,10.0,0.0,0.01,52.4507,5.2451,2.0,18.5385,1.5072,0.8052,1.4515,0.474,1.4153,3.044e-05,1.2586,0.0002,2.2845,12.0,0.0743,1.002,0.1978,2.518,0.0065,1.0375,0.038,1.8016,0.0,0.0,0.0,30.0033,26.0,25.0,38.0,37.0,16.0,0.0,0.0,0.0,64.0,50.4821,0.0,41.187,0.0,0.0
18101.0,1.7346,0.0918,1.0,0.0799,1.2019,2.0531,1.0531,2.2904,1.2904,26.8,2.072,26.317,2.0527,100.0,0.0,0.0,0.0,25.25,0.0,26.375,0.0,26.375,0.0,25.375,10.0,0.0,0.0105,52.4506,5.245,2.0,18.6369,1.5081,0.7885,1.4497,0.4879,1.4169,3.08e-05,1.2613,0.0002,2.2837,12.0,0.0747,1.002,0.1762,2.4679,0.0062,1.0171,0.0359,1.7772,0.0,0.0,0.0,30.0034,26.0,25.0,38.0,37.0,13.0,0.0,0.0,0.0,64.0,50.676,0.0,41.1866,0.0,0.0
18102.0,1.7467,0.0933,1.0,0.0802,1.2027,2.0534,1.0534,2.2902,1.2902,26.7163,2.0687,26.3088,2.0524,100.0,0.0,0.0,0.0,25.375,0.0,26.375,0.0,26.375,0.0,25.375,10.0,0.0,0.0101,52.4508,5.2451,2.0,19.0616,1.5121,0.9784,1.4704,0.5018,1.4184,3.116e-05,1.264,0.0002,2.2831,12.0,0.0768,1.002,0.1767,2.469,0.0056,0.9726,0.0354,1.7712,0.0,0.0,0.0,30.0034,26.0,25.0,38.0,37.0,15.0,0.0,0.0,0.0,64.0,50.869,0.0,41.1867,0.0,0.0
18103.0,1.7514,0.0939,1.0,0.0802,1.2028,2.0534,1.0534,2.29,1.29,26.591,2.0636,26.3036,2.0521,100.0,0.0,0.0,0.0,25.375,0.0,26.375,0.0,26.375,0.0,25.5,10.0,0.0,0.0106,52.4509,5.2451,2.0,19.2911,1.5141,0.8732,1.4589,0.5157,1.4199,3.151e-05,1.2666,0.0002,2.2885,12.0,0.0741,1.002,0.1787,2.4739,0.0058,0.9858,0.0333,1.7449,0.0,0.0,0.0,30.0033,26.0,25.0,38.0,37.0,14.0,0.0,0.0,0.0,64.0,51.0394,0.0,41.1864,0.0,0.0
18104.0,1.7569,0.0946,1.0,0.08,1.2024,2.0535,1.0535,2.2898,1.2898,26.6087,2.0643,26.3218,2.0529,100.0,0.0,0.0,0.0,25.375,0.0,26.375,0.0,26.375,0.0,25.375,10.0,0.0,0.0107,52.4509,5.2451,2.0,19.6247,1.5171,0.9413,1.4663,0.5389,1.4224,3.205e-05,1.2706,0.0002,2.2891,12.0,0.0733,1.002,0.1619,2.4311,0.0056,0.9682,0.0337,1.7501,0.0,0.0,0.0,30.0032,26.0,25.0,38.0,37.0,13.0,0.0,0.0,0.0,64.0,51.2237,0.0,41.1869,0.0,0.0
18105.0,1.7579,0.0947,1.0,0.0799,1.202,2.0532,1.0532,2.2898,1.2898,26.7519,2.0701,26.3425,2.0537,100.0,0.0,0.0,0.0,25.25,0.0,26.375,0.0,26.25,0.0,25.375,10.0,0.0,0.0103,52.4509,5.2451,2.0,19.8742,1.5193,0.9764,1.4702,0.546,1.4232,3.226e-05,1.2721,0.0002,2.298,12.0,0.0761,1.002,0.1471,2.3894,0.0059,0.9896,0.0323,1.7308,0.0,0.0,0.0,30.003,26.0,25.0,38.0,37.0,14.0,0.0,0.0,0.0,64.0,51.421,0.0,41.1867,0.0,0.0
18106.0,1.7527,0.0941,1.0,0.0797,1.2015,2.0538,1.0538,2.2903,1.2903,26.8113,2.0725,26.326,2.053,100.0,0.0,0.0,0.0,25.25,0.0,26.375,0.0,26.375,0.0,25.375,10.0,0.0,0.0099,52.4506,5.245,2.0,20.2997,1.523,1.0929,1.4829,0.5644,1.4252,3.275e-05,1.2756,0.0002,2.3013,12.0,0.0691,1.0018,0.1306,2.3377,0.0056,0.9734,0.0326,1.7357,0.0,0.0,0.0,30.0032,26.0,25.0,38.0,37.0,14.0,0.0,0.0,0.0,64.0,51.607,0.0,41.1867,0.0,0.0
18107.0,1.7474,0.0934,1.0,0.08,1.2021,2.0538,1.0538,2.2902,1.2902,26.7259,2.069,26.3181,2.0527,100.0,0.0,0.0,0.0,25.25,0.0,26.375,0.0,26.5,0.0,25.375,10.0,0.0,0.01,52.4505,5.2451,2.0,20.6474,1.5259,1.0439,1.4775,0.5828,1.4272,3.316e-05,1.2785,0.0002,2.3031,12.0,0.0689,1.0018,0.111,2.267,0.0059,0.9925,0.0295,1.6923,0.0,0.0,0.0,30.0033,26.0,25.0,38.0,38.0,14.0,0.0,0.0,0.0,64.0,51.8055,0.0,41.1869,0.0,0.0
18108.0,1.7463,0.0933,1.0,0.0799,1.2021,2.0539,1.0539,2.2902,1.2902,26.6245,2.065,26.3145,2.0526,100.0,0.0,0.0,0.0,25.25,0.0,26.375,0.0,26.375,0.0,25.375,10.0,0.0,0.0102,52.4508,5.2451,2.0,20.8007,1.5272,1.0837,1.4819,0.5956,1.4286,3.354e-05,1.2811,0.0002,2.2988,12.0,0.0673,1.0018,0.136,2.3552,0.006,1.0024,0.0295,1.691,0.0,0.0,0.0,30.0029,26.0,25.0,38.0,38.0,14.0,0.0,0.0,0.0,64.0,51.9878,0.0,41.1867,0.0,0.0
18109.0,1.7456,0.0932,1.0,0.0799,1.2019,2.0537,1.0537,2.2899,1.2899,26.5654,2.0626,26.327,2.0531,100.0,0.0,0.0,0.0,25.25,0.0,26.375,0.0,26.375,0.0,25.375,10.0,0.0,0.0102,52.4509,5.2451,2.0,21.2085,1.5306,1.1088,1.4846,0.6112,1.4303,3.398e-05,1.2842,0.0002,2.3119,12.0,0.0705,1.0019,0.1276,2.3278,0.0061,1.0107,0.0243,1.6067,0.0,0.0,0.0,30.0033,26.0,25.0,38.0,38.0,13.0,0.0,0.0,0.0,64.0,52.188,0.0,41.1867,0.0,0.0
18110.0,1.7446,0.0931,1.0,0.0799,1.2019,2.0532,1.0532,2.2898,1.2898,26.7183,2.0687,26.3413,2.0537,100.0,0.0,0.0,0.0,25.25,0.0,26.375,0.0,26.375,0.0,25.375,10.0,0.0,0.0105,52.4509,5.2451,2.0,21.6402,1.5341,1.1548,1.4896,0.6243,1.4317,3.441e-05,1.2871,0.0002,2.3072,12.0,0.0705,1.0019,0.1097,2.2622,0.0059,0.9907,0.0238,1.5989,0.0,0.0,0.0,30.0034,26.0,25.0,38.0,38.0,14.0,0.0,0.0,0.0,64.0,52.3883,0.0,41.1871,0.0,0.0
18111.0,1.7456,0.0932,1.0,0.0799,1.2019,2.0533,1.0533,2.2902,1.2902,26.8079,2.0723,26.3305,2.0532,100.0,0.0,0.0,0.0,25.125,0.0,26.375,0.0,26.25,0.0,25.375,10.0,0.0,0.0107,52.4509,5.2451,2.0,21.9842,1.5368,1.2033,1.4949,0.6337,1.4328,3.475e-05,1.2894,0.0002,2.3186,12.0,0.0713,1.0019,0.115,2.2825,0.0061,1.0106,0.0229,1.5816,0.0,0.0,0.0,30.0034,26.0,25.0,38.0,38.0,15.0,0.0,0.0,0.0,64.0,52.5763,0.0,41.1869,0.0,0.0
18112.0,1.7456,0.0932,1.0,0.0799,1.202,2.0538,1.0538,2.2902,1.2902,26.7517,2.0701,26.3197,2.0528,100.0,0.0,0.0,0.0,25.25,0.0,26.375,0.0,26.5,0.0,25.375,10.0,0.0,0.0098,52.4513,5.2451,2.0,22.0719,1.5375,1.1174,1.4855,0.6548,1.4351,3.529e-05,1.293,0.0002,2.3213,12.0,0.0729,1.0019,0.0936,2.1931,0.0065,1.0332,0.0231,1.5846,0.0,0.0,0.0,30.0035,26.0,25.0,38.0,38.0,14.0,0.0,0.0,0.0,64.0,52.7421,0.0,41.1866,0.0,0.0
18113.0,1.7457,0.0932,1.0,0.0798,1.2018,2.0539,1.0539,2.2902,1.2902,26.6446,2.0658,26.3155,2.0526,100.0,0.0,0.0,0.0,25.25,0.0,26.375,0.0,26.375,0.0,25.375,10.0,0.0,0.0106,52.451,5.2451,2.0,22.0075,1.537,1.0037,1.4731,0.6614,1.4358,3.566e-05,1.2954,0.0002,2.3279,12.0,0.0736,1.002,0.0965,2.2062,0.0058,0.9885,0.019,1.501,0.0,0.0,0.0,30.0033,26.0,25.0,38.0,38.0,14.0,0.0,0.0,0.0,64.0,52.9337,0.0,41.1867,0.0,0.0
18114.0,1.7466,0.0933,1.0,0.08,1.2023,2.0538,1.0538,2.2903,1.2903,26.5527,2.0621,26.3205,2.0528,100.0,0.0,0.0,0.0,25.25,0.0,26.375,0.0,26.5,0.0,25.375,10.0,0.0,0.0112,52.4508,5.2451,2.0,22.3652,1.5398,1.092,1.4828,0.6787,1.4377,3.616e-05,1.2986,0.0002,2.3299,12.0,0.0745,1.002,0.0949,2.1989,0.006,0.9981,0.0379,1.7999,0.0,0.0,0.0,30.0033,26.0,25.0,38.0,38.0,14.0,0.0,0.0,0.0,64.0,53.1247,0.0,41.1868,0.0,0.0
18115.0,1.7477,0.0935,1.0,0.0799,1.202,2.0533,1.0533,2.2899,1.2899,26.6766,2.0671,26.3391,2.0536,100.0,0.0,0.0,0.0,25.25,0.0,26.375,0.0,26.375,0.0,25.375,10.0,0.0,0.0098,52.451,5.2451,2.0,22.831,1.5434,1.1704,1.4913,0.7037,1.4404,3.678e-05,1.3026,0.0002,2.3362,12.0,0.073,1.0019,0.1614,2.4298,0.0063,1.0182,0.0376,1.7972,0.0,0.0,0.0,30.0026,26.0,25.0,38.0,37.0,13.0,0.0,0.0,0.0,64.0,53.2895,0.0,41.1863,0.0,0.0
18116.0,1.7476,0.0935,1.0,0.0798,1.2017,2.0532,1.0532,2.2901,1.2901,26.8044,2.0722,26.3331,2.0533,100.0,0.0,0.0,0.0,25.25,0.0,26.5,0.0,26.5,0.0,25.375,10.0,0.0,0.0104,52.4508,5.2451,2.0,23.3387,1.5472,1.2133,1.496,0.7133,1.4415,3.716e-05,1.305,0.0002,2.3417,12.0,0.0742,1.002,0.1478,2.3915,0.0057,0.9759,0.0331,1.7423,0.0,0.0,0.0,30.0026,26.0,25.0,38.0,37.0,15.0,0.0,0.0,0.0,64.0,53.4667,0.0,41.1867,0.0,0.0
18117.0,1.7485,0.0936,1.0,0.0798,1.2018,2.0538,1.0538,2.2902,1.2902,26.7687,2.0707,26.3201,2.0528,100.0,0.0,0.0,0.0,25.375,0.0,26.375,0.0,26.375,0.0,25.5,10.0,0.0,0.0103,52.4511,5.2451,2.0,23.3273,1.5471,1.0968,1.4833,0.7273,1.443,3.772e-05,1.3085,0.0002,2.3475,12.0,0.0712,1.0019,0.1416,2.3728,0.0062,1.0159,0.0446,1.8711,0.0,0.0,0.0,30.0032,26.0,25.0,38.0,37.0,14.0,0.0,0.0,0.0,64.0,53.6561,0.0,41.1868,0.0,0.0
18118.0,1.7477,0.0935,1.0,0.08,1.2024,2.0538,1.0538,2.2902,1.2902,26.6486,2.0659,26.3152,2.0526,100.0,0.0,0.0,0.0,25.25,0.0,26.375,0.0,26.375,0.0,25.375,10.0,0.0,0.0109,52.451,5.2451,2.0,23.7676,1.5504,1.2551,1.5006,0.7451,1.4449,3.831e-05,1.312,0.0002,2.3489,12.0,0.0685,1.0018,0.1415,2.3727,0.0052,0.9412,0.0446,1.8708,0.0,0.0,0.0,30.0032,26.0,25.0,38.0,37.0,13.0,0.0,0.0,0.0,64.0,53.8251,0.0,41.1864,0.0,0.0
18119.0,1.7476,0.0935,1.0,0.0799,1.2021,2.0538,1.0538,2.2899,1.2899,26.5608,2.0624,26.3199,2.0528,100.0,0.0,0.0,0.0,25.25,0.0,26.375,0.0,26.375,0.0,25.375,10.0,0.0,0.0109,52.4513,5.2452,2.0,24.5353,1.5559,1.3016,1.5056,0.7627,1.4468,3.891e-05,1.3157,0.0002,2.3545,12.0,0.0683,1.0018,0.1408,2.3705,0.0066,1.0418,0.0471,1.8944,0.0,0.0,0.0,30.0031,26.0,25.0,38.0,38.0,13.0,0.0,0.0,0.0,64.0,54.0247,0.0,41.1863,0.0,0.0
18120.0,1.7473,0.0934,1.0,0.08,1.2023,2.0534,1.0534,2.2898,1.2898,26.6583,2.0663,26.3382,2.0535,100.0,0.0,0.0,0.0,25.25,0.0,26.375,0.0,26.375,0.0,25.5,10.0,0.0,0.0108,52.4513,5.2452,2.0,25.0595,1.5596,1.3305,1.5088,0.7716,1.4478,3.931e-05,1.318,0.0002,2.3588,12.0,0.0679,1.0018,0.1051,2.2433,0.0065,1.0365,0.0457,1.8813,0.0,0.0,0.0,30.0027,26.0,25.0,38.0,38.0,13.0,0.0,0.0,0.0,64.0,54.2205,0.0,41.1863,0.0,0.0
18121.0,1.7477,0.0935,1.0,0.0797,1.2014,2.0532,1.0532,2.29,1.29,26.8115,2.0725,26.3352,2.0534,100.0,0.0,0.0,0.0,25.25,0.0,26.375,0.0,26.375,0.0,25.375,10.0,0.0,0.0107,52.4513,5.2451,2.0,25.2074,1.5606,1.3172,1.5073,0.7853,1.4493,3.985e-05,1.3212,0.0002,2.3641,12.0,0.0681,1.0018,0.1218,2.3073,0.0063,1.0189,0.0596,1.9973,0.0,0.0,0.0,30.003,26.0,25.0,38.0,38.0,14.0,0.0,0.0,0.0,64.0,54.39,0.0,41.187,0.0,0.0
18122.0,1.7476,0.0935,1.0,0.0797,1.2014,2.0541,1.0541,2.2902,1.2902,26.7808,2.0712,26.3229,2.0529,100.0,0.0,0.0,0.0,25.25,0.0,26.375,0.0,26.375,0.0,25.375,10.0,0.0,0.0106,52.4512,5.2451,2.0,25.9253,1.5655,1.3762,1.5138,0.7993,1.4508,4.044e-05,1.3247,0.0002,2.3675,12.0,0.0669,1.0018,0.1177,2.2926,0.0053,0.9468,0.054,1.954,0.0,0.0,0.0,30.0027,26.0,25.0,38.0,38.0,14.0,0.0,0.0,0.0,64.0,54.5558,0.0,41.1867,0.0,0.0
18123.0,1.7476,0.0935,1.0,0.0797,1.2014,2.0542,1.0542,2.2898,1.2898,26.6946,2.0678,26.3271,2.0531,100.0,0.0,0.0,0.0,25.25,0.0,26.5,0.0,26.375,0.0,25.5,10.0,0.0,0.0107,52.4511,5.2451,2.0,26.1967,1.5673,1.3863,1.5149,0.8066,1.4516,4.088e-05,1.3272,0.0002,2.3778,12.0,0.0649,1.0017,0.1043,2.24,0.006,1.0028,0.0571,1.9788,0.0,0.0,0.0,30.0026,26.0,25.0,38.0,37.0,12.0,0.0,0.0,0.0,64.0,54.7315,0.0,41.1868,0.0,0.0
18124.0,1.7476,0.0935,1.0,0.0798,1.2018,2.0542,1.0542,2.29,1.29,26.568,2.0627,26.3158,2.0526,100.0,0.0,0.0,0.0,25.375,0.0,26.375,0.0,26.375,0.0,25.5,10.0,0.0,0.0102,52.4509,5.2451,2.0,26.4901,1.5692,1.3229,1.508,0.8196,1.4531,4.149e-05,1.3306,0.0002,2.3814,12.0,0.066,1.0018,0.1889,2.4981,0.0066,1.0382,0.0619,2.0136,0.0,0.0,0.0,30.003,26.0,25.0,38.0,37.0,15.0,0.0,0.0,0.0,64.0,54.8956,0.0,41.1871,0.0,0.0
18125.0,1.7477,0.0935,1.0,0.0799,1.202,2.0535,1.0535,2.2899,1.2899,26.6298,2.0652,26.3364,2.0535,100.0,0.0,0.0,0.0,25.25,0.0,26.375,0.0,26.375,0.0,25.5,10.0,0.0,0.0103,52.451,5.2451,2.0,26.6025,1.57,1.2814,1.5034,0.8342,1.4546,4.21e-05,1.3339,0.0002,2.3861,12.0,0.067,1.0018,0.1426,2.3759,0.0056,0.9703,0.0585,1.9888,0.0,0.0,0.0,30.0028,25.0,25.0,38.0,37.0,14.0,0.0,0.0,0.0,64.0,55.0799,0.0,41.1867,0.0,0.0
18126.0,1.7487,0.0936,1.0,0.0798,1.2017,2.0535,1.0535,2.2899,1.2899,26.792,2.0717,26.3479,2.0539,100.0,0.0,0.0,0.0,25.25,0.0,26.375,0.0,26.375,0.0,25.5,10.0,0.0,0.0106,52.4511,5.2451,2.0,27.0869,1.5731,1.3279,1.5085,0.8489,1.4562,4.275e-05,1.3375,0.0002,2.3916,12.0,0.0675,1.0018,0.263,2.6417,0.006,0.9981,0.061,2.0073,0.0,0.0,0.0,30.0028,25.0,25.0,38.0,37.0,14.0,0.0,0.0,0.0,64.0,55.2562,0.0,41.187,0.0,0.0
18127.0,1.7498,0.0937,1.0,0.0798,1.2017,2.054,1.054,2.2903,1.2903,26.7911,2.0716,26.333,2.0533,100.0,0.0,0.0,0.0,25.25,0.0,26.375,0.0,26.375,0.0,25.5,10.0,0.0,0.0101,52.4513,5.2452,2.0,27.7391,1.5772,1.3578,1.5118,0.8638,1.4579,4.342e-05,1.3412,0.0002,2.3929,12.0,0.0706,1.0019,0.1941,2.5099,0.0064,1.0271,0.0578,1.9834,0.0,0.0,0.0,30.0022,25.0,25.0,38.0,37.0,14.0,0.0,0.0,0.0,64.0,55.4341,0.0,41.1863,0.0,0.0
18128.0,1.7493,0.0937,1.0,0.0802,1.2028,2.054,1.054,2.2902,1.2902,26.6764,2.0671,26.3174,2.0527,100.0,0.0,0.0,0.0,25.25,0.0,26.375,0.0,26.375,0.0,25.375,10.0,0.0,0.0102,52.4512,5.2451,2.0,28.1589,1.5798,1.3369,1.5095,0.8779,1.4594,4.409e-05,1.3447,0.0002,2.3996,12.0,0.0784,1.0021,0.2076,2.5391,0.0068,1.0564,0.0575,1.9816,0.0,0.0,0.0,30.0029,25.0,25.0,38.0,37.0,14.0,0.0,0.0,0.0,64.0,55.6181,0.0,41.1869,0.0,0.0
18129.0,1.75,0.0937,1.0,0.08,1.2024,2.054,1.054,2.2899,1.2899,26.5601,2.0624,26.315,2.0526,100.0,0.0,0.0,0.0,25.25,0.0,26.375,0.0,26.25,0.0,25.375,10.0,0.0,0.0097,52.4516,5.2451,2.0,28.2627,1.5805,1.3525,1.5112,0.8893,1.4607,4.47e-05,1.3479,0.0002,2.4121,12.0,0.0767,1.002,0.2056,2.5348,0.0061,1.0088,0.0498,1.9189,0.0,0.0,0.0,30.0024,26.0,25.0,38.0,37.0,14.0,0.0,0.0,0.0,64.0,55.7957,0.0,41.1865,0.0,0.0
18130.0,1.7498,0.0937,1.0,0.0799,1.2021,2.0538,1.0538,2.2898,1.2898,26.6137,2.0645,26.3343,2.0534,100.0,0.0,0.0,0.0,25.25,0.0,26.25,0.0,26.375,0.0,25.375,10.0,0.0,0.0099,52.4514,5.2451,2.0,29.1031,1.5856,1.3967,1.516,0.8988,1.4617,4.53e-05,1.351,0.0002,2.4115,12.0,0.077,1.0021,0.1626,2.433,0.0057,0.9803,0.0487,1.9092,0.0,0.0,0.0,30.0024,26.0,25.0,38.0,37.0,13.0,0.0,0.0,0.0,64.0,56.0201,0.0,41.1866,0.0,0.0
18131.0,1.7496,0.0937,1.0,0.0799,1.2019,2.0535,1.0535,2.2899,1.2899,26.7795,2.0712,26.3417,2.0537,100.0,0.0,0.0,0.0,25.375,0.0,26.5,0.0,26.375,0.0,25.375,10.0,0.0,0.01,52.4514,5.2451,2.0,29.339,1.587,1.3478,1.5107,0.9092,1.4628,4.593e-05,1.3542,0.0002,2.4206,12.0,0.0734,1.002,0.1578,2.42,0.0058,0.984,0.0563,1.9726,0.0,0.0,0.0,30.0026,26.0,25.0,38.0,37.0,13.0,0.0,0.0,0.0,64.0,56.1909,0.0,41.1869,0.0,0.0
18132.0,1.7478,0.0935,1.0,0.08,1.2023,2.0538,1.0538,2.2903,1.2903,26.8131,2.0725,26.3274,2.0531,100.0,0.0,0.0,0.0,25.25,0.0,26.375,0.0,26.375,0.0,25.375,10.0,0.0,0.0101,52.4513,5.2451,2.0,29.4525,1.5876,1.2998,1.5054,0.9238,1.4644,4.655e-05,1.3573,0.0002,2.4189,12.0,0.0718,1.0019,0.1431,2.3774,0.0062,1.0109,0.0568,1.9764,0.0,0.0,0.0,30.003,26.0,25.0,38.0,37.0,15.0,0.0,0.0,0.0,64.0,56.373,0.0,41.1868,0.0,0.0
18133.0,1.7457,0.0932,1.0,0.0801,1.2026,2.0542,1.0542,2.2898,1.2898,26.7246,2.069,26.3281,2.0531,100.0,0.0,0.0,0.0,25.375,0.0,26.375,0.0,26.375,0.0,25.25,10.0,0.0,0.0108,52.4515,5.2452,2.0,29.9497,1.5906,1.2846,1.5038,0.9315,1.4653,4.724e-05,1.3608,0.0002,2.434,12.0,0.0707,1.0019,0.1509,2.4005,0.0057,0.9809,0.0521,1.9391,0.0,0.0,0.0,30.0031,26.0,25.0,38.0,37.0,15.0,0.0,0.0,0.0,64.0,56.5597,0.0,41.1867,0.0,0.0
18134.0,1.7456,0.0932,1.0,0.0797,1.2014,2.0543,1.0543,2.2897,1.2897,26.5974,2.0639,26.3246,2.053,100.0,0.0,0.0,0.0,25.375,0.0,26.375,0.0,26.375,0.0,25.375,10.0,0.0,0.0109,52.4516,5.2451,2.0,30.0566,1.5912,1.3216,1.5078,0.9436,1.4666,4.791e-05,1.364,0.0002,2.4416,12.0,0.0686,1.0018,0.2387,2.5996,0.0069,1.0596,0.051,1.9293,0.0,0.0,0.0,30.0024,26.0,25.0,38.0,37.0,14.0,0.0,0.0,0.0,64.0,56.7241,0.0,41.1864,0.0,0.0
18135.0,1.745,0.0931,1.0,0.0797,1.2015,2.0541,1.0541,2.2895,1.2895,26.5777,2.0631,26.3387,2.0535,100.0,0.0,0.0,0.0,25.25,0.0,26.25,0.0,26.375,0.0,25.375,10.0,0.0,0.0106,52.4516,5.2451,2.0,30.6165,1.5944,1.3118,1.5067,0.9581,1.4682,4.867e-05,1.3677,0.0002,2.4483,12.0,0.0664,1.0018,0.2019,2.5271,0.0067,1.0507,0.07,2.067,0.0,0.0,0.0,30.0024,26.0,25.0,38.0,37.0,13.0,0.0,0.0,0.0,64.0,56.9149,0.0,41.1869,0.0,0.0
18136.0,1.7445,0.0931,1.0,0.08,1.2022,2.0536,1.0536,2.2898,1.2898,26.7383,2.0695,26.3419,2.0537,100.0,0.0,0.0,0.0,25.25,0.0,26.375,0.0,26.375,0.0,25.375,10.0,0.0,0.0105,52.4516,5.2451,2.0,30.9029,1.596,1.2406,1.499,0.9723,1.4697,4.943e-05,1.3712,0.0002,2.4538,12.0,0.0668,1.0018,0.213,2.5502,0.0056,0.9729,0.0605,2.0037,0.0,0.0,0.0,30.0025,26.0,25.0,38.0,38.0,13.0,0.0,0.0,0.0,64.0,57.0938,0.0,41.1866,0.0,0.0
18137.0,1.7446,0.0931,1.0,0.0799,1.2019,2.0538,1.0538,2.2899,1.2899,26.8141,2.0726,26.3381,2.0535,100.0,0.0,0.0,0.0,25.25,0.0,26.375,0.0,26.375,0.0,25.375,10.0,0.0,0.0104,52.4517,5.2452,2.0,31.218,1.5978,1.2881,1.5042,0.9822,1.4708,5.025e-05,1.3751,0.0002,2.4612,12.0,0.0747,1.002,0.1963,2.5147,0.0053,0.9433,0.0589,1.992,0.0,0.0,0.0,30.0023,26.0,25.0,38.0,38.0,14.0,0.0,0.0,0.0,64.0,57.2684,0.0,41.1864,0.0,0.0
18138.0,1.7448,0.0931,1.0,0.0798,1.2016,2.0543,1.0543,2.2898,1.2898,26.7176,2.0687,26.322,2.0529,100.0,0.0,0.0,0.0,25.375,0.0,26.375,0.0,26.25,0.0,25.375,10.0,0.0,0.0102,52.4516,5.2452,2.0,32.2356,1.6033,1.4013,1.5165,0.9909,1.4717,5.108e-05,1.3789,0.0002,2.4689,12.0,0.0709,1.0019,0.1598,2.4255,0.0065,1.0351,0.0753,2.0989,0.0,0.0,0.0,30.002,26.0,25.0,38.0,38.0,13.0,0.0,0.0,0.0,64.0,57.4588,0.0,41.1871,0.0,0.0
18139.0,1.744,0.093,1.0,0.0799,1.2021,2.0543,1.0543,2.2897,1.2897,26.6049,2.0642,26.3176,2.0527,100.0,0.0,0.0,0.0,25.25,0.0,26.375,0.0,26.375,0.0,25.375,10.0,0.0,0.0101,52.4516,5.2452,2.0,33.0411,1.6076,1.4357,1.5203,1.003,1.4731,5.183e-05,1.3823,0.0002,2.4751,12.0,0.0723,1.0019,0.1771,2.47,0.0066,1.0395,0.0615,2.0105,0.0,0.0,0.0,30.0023,26.0,25.0,38.0,38.0,15.0,0.0,0.0,0.0,64.0,57.6446,0.0,41.1868,0.0,0.0
18140.0,1.7425,0.0928,1.0,0.08,1.2022,2.0542,1.0542,2.2899,1.2899,26.5768,2.0631,26.337,2.0535,100.0,0.0,0.0,0.0,25.25,0.0,26.375,0.0,26.5,0.0,25.375,10.0,0.0,0.0098,52.4517,5.2452,2.0,33.786,1.6115,1.4601,1.5229,1.0117,1.474,5.258e-05,1.3856,0.0002,2.4748,12.0,0.0703,1.0019,0.1346,2.3509,0.0058,0.9877,0.0858,2.1554,0.0,0.0,0.0,30.0019,26.0,25.0,38.0,37.0,14.0,0.0,0.0,0.0,64.0,57.8347,0.0,41.1865,0.0,0.0
18141.0,1.7412,0.0926,1.0,0.0798,1.2016,2.0539,1.0539,2.2897,1.2897,26.7291,2.0692,26.3522,2.0541,100.0,0.0,0.0,0.0,25.25,0.0,26.375,0.0,26.375,0.0,25.5,10.0,0.0,0.0099,52.4519,5.2452,2.0,34.0792,1.613,1.4964,1.5269,1.0261,1.4756,5.348e-05,1.3895,0.0002,2.4861,12.0,0.0679,1.0018,0.1598,2.4254,0.0056,0.9674,0.0789,2.1188,0.0,0.0,0.0,30.0023,26.0,25.0,38.0,37.0,14.0,0.0,0.0,0.0,64.0,58.0201,0.0,41.1867,0.0,0.0
18142.0,1.7404,0.0925,1.0,0.0799,1.2019,2.054,1.054,2.2898,1.2898,26.8066,2.0723,26.3398,2.0536,100.0,0.0,0.0,0.0,25.25,0.0,26.375,0.0,26.625,0.0,25.5,10.0,0.0,0.0103,52.4519,5.2452,2.0,34.9722,1.6175,1.5424,1.5319,1.0361,1.4767,5.417e-05,1.3925,0.0002,2.4916,12.0,0.0663,1.0018,0.1541,2.4095,0.0063,1.0245,0.0738,2.0898,0.0,0.0,0.0,30.0028,26.0,25.0,38.0,37.0,14.0,0.0,0.0,0.0,64.0,58.2384,0.0,41.1869,0.0,0.0
18143.0,1.7394,0.0924,1.0,0.0799,1.2021,2.0542,1.0542,2.2898,1.2898,26.7446,2.0698,26.3283,2.0531,100.0,0.0,0.0,0.0,25.25,0.0,26.375,0.0,26.375,0.0,25.5,10.0,0.0,0.0105,52.4515,5.2451,2.0,35.1101,1.6182,1.4467,1.5215,1.05,1.4782,5.511e-05,1.3965,0.0002,2.5039,12.0,0.0684,1.0018,0.146,2.3862,0.0059,0.993,0.08,2.1248,0.0,0.0,0.0,30.0021,26.0,25.0,38.0,37.0,15.0,0.0,0.0,0.0,64.0,58.4156,0.0,41.1862,0.0,0.0
18144.0,1.7385,0.0923,1.0,0.0799,1.2021,2.0543,1.0543,2.2897,1.2897,26.6397,2.0656,26.325,2.053,100.0,0.0,0.0,0.0,25.375,0.0,26.375,0.0,26.375,0.0,25.375,10.0,0.0,0.0099,52.4517,5.2452,2.0,35.417,1.6197,1.4097,1.5174,1.0545,1.4787,5.588e-05,1.3998,0.0002,2.5086,12.0,0.0698,1.0019,0.141,2.3709,0.0065,1.0356,0.0764,2.1048,0.0,0.0,0.0,30.0017,26.0,25.0,38.0,38.0,13.0,0.0,0.0,0.0,64.0,58.5293,0.0,41.1864,0.0,0.0
18145.0,1.7394,0.0924,1.0,0.0798,1.2016,2.0546,1.0546,2.2891,1.2891,26.5596,2.0624,26.3375,2.0535,100.0,0.0,0.0,0.0,25.5,0.0,26.375,0.0,26.375,0.0,25.375,10.0,0.0,0.0102,52.4517,5.2452,2.0,36.2232,1.6236,1.4573,1.5226,1.0604,1.4793,5.665e-05,1.4029,0.0002,2.5135,12.0,0.0741,1.002,0.1157,2.2851,0.006,1.0008,0.0708,2.0716,0.0,0.0,0.0,30.0021,26.0,25.0,38.0,38.0,14.0,0.0,0.0,0.0,64.0,58.6846,0.0,41.1864,0.0,0.0
18146.0,1.74,0.0925,1.0,0.08,1.2021,2.0538,1.0538,2.2895,1.2895,26.6699,2.0668,26.3484,2.0539,100.0,0.0,0.0,0.0,25.25,0.0,26.5,0.0,26.5,0.0,25.375,10.0,0.0,0.0099,52.4517,5.2452,2.0,36.521,1.625,1.3685,1.5129,1.0668,1.48,5.751e-05,1.4064,0.0002,2.5232,12.0,0.075,1.002,0.0986,2.2156,0.006,1.0022,0.0706,2.0709,0.0,0.0,0.0,30.0027,26.0,25.0,38.0,38.0,12.0,0.0,0.0,0.0,64.0,58.8535,0.0,41.1867,0.0,0.0
18147.0,1.7404,0.0925,1.0,0.0802,1.2027,2.0536,1.0536,2.2901,1.2901,26.8044,2.0722,26.3338,2.0534,100.0,0.0,0.0,0.0,25.25,0.0,26.375,0.0,26.625,0.0,25.375,10.0,0.0,0.0099,52.4517,5.2451,2.0,36.9344,1.627,1.3451,1.5104,1.0752,1.4809,5.839e-05,1.4099,0.0002,2.5286,12.0,0.0772,1.0021,0.1099,2.2629,0.0063,1.0231,0.0759,2.1022,0.0,0.0,0.0,30.0023,26.0,25.0,38.0,38.0,13.0,0.0,0.0,0.0,64.0,59.0267,0.0,41.1867,0.0,0.0
18148.0,1.7404,0.0926,1.0,0.0802,1.2027,2.0541,1.0541,2.2903,1.2903,26.7637,2.0705,26.3309,2.0532,100.0,0.0,0.0,0.0,25.25,0.0,26.5,0.0,26.25,0.0,25.375,10.0,0.0,0.0105,52.4518,5.2452,2.0,37.3308,1.6288,1.3274,1.5084,1.0753,1.4809,5.926e-05,1.4134,0.0002,2.5313,12.0,0.0771,1.0021,0.0908,2.18,0.0066,1.0391,0.0641,2.0285,0.0,0.0,0.0,30.0023,26.0,25.0,38.0,37.0,14.0,0.0,0.0,0.0,64.0,59.2259,0.0,41.1868,0.0,0.0
18149.0,1.7394,0.0924,1.0,0.0799,1.202,2.0542,1.0542,2.2902,1.2902,26.6668,2.0667,26.3172,2.0527,100.0,0.0,0.0,0.0,25.25,0.0,26.375,0.0,26.375,0.0,25.375,10.0,0.0,0.0098,52.4517,5.2452,2.0,37.6541,1.6303,1.2766,1.5029,1.0838,1.4819,6.013e-05,1.4168,0.0002,2.5464,12.0,0.0754,1.002,0.183,2.4844,0.0058,0.9821,0.0741,2.0916,0.0,0.0,0.0,30.002,26.0,25.0,38.0,37.0,13.0,0.0,0.0,0.0,64.0,59.4146,0.0,41.1867,0.0,0.0
18150.0,1.739,0.0924,1.0,0.0799,1.2019,2.0542,1.0542,2.2896,1.2896,26.5591,2.0624,26.3303,2.0532,100.0,0.0,0.0,0.0,25.375,0.0,26.375,0.0,26.25,0.0,25.375,10.0,0.0,0.0099,52.4518,5.2452,2.0,37.9527,1.6317,1.3106,1.5066,1.0922,1.4828,6.112e-05,1.4206,0.0002,2.5504,12.0,0.0672,1.0018,0.1506,2.3998,0.0055,0.966,0.0799,2.1244,0.0,0.0,0.0,30.0021,26.0,25.0,38.0,37.0,15.0,0.0,0.0,0.0,64.0,59.6027,0.0,41.1871,0.0,0.0
18151.0,1.7394,0.0924,1.0,0.0797,1.2014,2.0541,1.0541,2.2894,1.2894,26.6942,2.0678,26.3489,2.054,100.0,0.0,0.0,0.0,25.25,0.0,26.375,0.0,26.375,0.0,25.375,10.0,0.0,0.0101,52.4519,5.2452,2.0,38.8212,1.6356,1.2961,1.505,1.1031,1.484,6.228e-05,1.425,0.0002,2.5586,12.0,0.0733,1.002,0.1651,2.4396,0.0062,1.0118,0.0752,2.0979,0.0,0.0,0.0,30.0017,26.0,25.0,38.0,37.0,13.0,0.0,0.0,0.0,64.0,59.7945,0.0,41.1868,0.0,0.0
18152.0,1.7394,0.0924,1.0,0.0799,1.2019,2.054,1.054,2.2896,1.2896,26.7995,2.072,26.3552,2.0542,100.0,0.0,0.0,0.0,25.25,0.0,26.375,0.0,26.375,0.0,25.375,10.0,0.0,0.0101,52.4519,5.2452,2.0,39.3415,1.6379,1.3631,1.5123,1.1047,1.4841,6.296e-05,1.4275,0.0002,2.5678,12.0,0.0729,1.0019,0.1481,2.3924,0.0065,1.0355,0.071,2.0733,0.0,0.0,0.0,30.0021,26.0,25.0,38.0,38.0,14.0,0.0,0.0,0.0,64.0,60.0317,0.0,41.1867,0.0,0.0
18153.0,1.7394,0.0924,1.0,0.0799,1.202,2.0545,1.0545,2.2898,1.2898,26.7809,2.0712,26.3406,2.0536,100.0,0.0,0.0,0.0,25.25,0.0,26.375,0.0,26.375,0.0,25.375,10.0,0.0,0.0101,52.452,5.2452,2.0,39.94,1.6406,1.2369,1.4986,1.1166,1.4855,6.405e-05,1.4314,0.0002,2.5748,12.0,0.0753,1.002,0.1454,2.3844,0.0058,0.9882,0.0611,2.0079,0.0,0.0,0.0,30.002,26.0,25.0,38.0,38.0,13.0,0.0,0.0,0.0,64.0,60.1975,0.0,41.1869,0.0,0.0
18154.0,1.7394,0.0924,1.0,0.0801,1.2026,2.0546,1.0546,2.2899,1.2899,26.6817,2.0673,26.3258,2.053,100.0,0.0,0.0,0.0,25.375,0.0,26.375,0.0,26.375,0.0,25.375,10.0,0.0,0.0098,52.4521,5.2452,2.0,39.5497,1.6389,1.1113,1.4849,1.1199,1.4858,6.499e-05,1.4348,0.0002,2.5817,12.0,0.0776,1.0021,0.1341,2.3491,0.0062,1.0116,0.0627,2.0194,0.0,0.0,0.0,30.0021,26.0,25.0,38.0,38.0,13.0,0.0,0.0,0.0,64.0,60.3716,0.0,41.1868,0.0,0.0
18155.0,1.7394,0.0924,1.0,0.0801,1.2025,2.0547,1.0547,2.2901,1.2901,26.5695,2.0628,26.3232,2.0529,100.0,0.0,0.0,0.0,25.25,0.0,26.375,0.0,26.375,0.0,25.375,10.0,0.0,0.0109,52.452,5.2452,2.0,39.6065,1.6391,0.9887,1.4715,1.1237,1.4862,6.58e-05,1.4377,0.0002,2.5913,12.0,0.0764,1.002,0.1503,2.3987,0.0058,0.9864,0.0563,1.9727,0.0,0.0,0.0,30.0021,26.0,25.0,38.0,38.0,16.0,0.0,0.0,0.0,64.0,60.5543,0.0,41.1867,0.0,0.0
18156.0,1.7394,0.0924,1.0,0.0799,1.2021,2.0539,1.0539,2.2899,1.2899,26.621,2.0648,26.3436,2.0537,100.0,0.0,0.0,0.0,25.375,0.0,26.375,0.0,26.375,0.0,25.375,10.0,0.0,0.0102,52.4521,5.2452,2.0,39.5097,1.6387,1.0898,1.4825,1.1224,1.4861,6.681e-05,1.4413,0.0002,2.5973,12.0,0.0726,1.0019,0.1685,2.4484,0.0059,0.9964,0.0577,1.9829,0.0,0.0,0.0,30.0025,26.0,25.0,38.0,37.0,14.0,0.0,0.0,0.0,64.0,60.7531,0.0,41.1866,0.0,0.0
18157.0,1.7394,0.0924,1.0,0.0799,1.2021,2.0536,1.0536,2.2896,1.2896,26.7868,2.0715,26.3497,2.054,100.0,0.0,0.0,0.0,25.25,0.0,26.375,0.0,26.375,0.0,25.625,10.0,0.0,0.0101,52.4522,5.2452,2.0,40.7665,1.6441,1.1547,1.4896,1.1216,1.486,6.77e-05,1.4443,0.0002,2.6048,12.0,0.0722,1.0019,0.2179,2.56,0.0058,0.9848,0.0561,1.9708,0.0,0.0,0.0,30.0023,26.0,25.0,38.0,37.0,13.0,0.0,0.0,0.0,64.0,60.9798,0.0,41.1873,0.0,0.0
18158.0,1.7405,0.0926,1.0,0.0801,1.2024,2.0544,1.0544,2.2899,1.2899,26.7992,2.072,26.3434,2.0537,100.0,0.0,0.0,0.0,25.25,0.0,26.375,0.0,26.375,0.0,25.375,10.0,0.0,0.0109,52.4529,5.2453,2.0,41.6757,1.648,1.2872,1.5041,1.1274,1.4866,6.867e-05,1.4476,0.0002,2.613,12.0,0.0705,1.0019,0.1926,2.5065,0.006,1.002,0.0493,1.9143,0.0,0.0,0.0,30.0022,26.0,25.0,38.0,37.0,15.0,0.0,0.0,0.0,64.0,61.1231,0.0,41.1868,0.0,0.0
18159.0,1.7394,0.0924,1.0,0.0798,1.2016,2.0546,1.0546,2.2894,1.2894,26.7069,2.0683,26.3367,2.0535,100.0,0.0,0.0,0.0,25.375,0.0,26.25,0.0,26.375,0.0,25.375,10.0,0.0,0.0109,52.4523,5.2452,2.0,42.9883,1.6533,1.4406,1.5208,1.1308,1.487,6.971e-05,1.4511,0.0002,2.6231,12.0,0.0656,1.0017,0.1762,2.4678,0.0058,0.9828,0.0557,1.968,0.0,0.0,0.0,30.0016,26.0,25.0,38.0,37.0,14.0,0.0,0.0,0.0,64.0,61.2888,0.0,41.1866,0.0,0.0
18160.0,1.7394,0.0924,1.0,0.0799,1.202,2.0544,1.0544,2.2898,1.2898,26.563,2.0625,26.3254,2.053,100.0,0.0,0.0,0.0,25.25,0.0,26.5,0.0,26.375,0.0,25.375,10.0,0.0,0.0103,52.4523,5.2452,2.0,44.6533,1.6599,1.4794,1.525,1.1305,1.487,7.088e-05,1.455,0.0002,2.6341,12.0,0.0682,1.0018,0.161,2.4287,0.0064,1.0305,0.0492,1.914,0.0,0.0,0.0,30.0021,26.0,25.0,38.0,37.0,13.0,0.0,0.0,0.0,64.0,61.4748,0.0,41.1869,0.0,0.0
18161.0,1.7404,0.0926,1.0,0.08,1.2022,2.0539,1.0539,2.2899,1.2899,26.6136,2.0645,26.3429,2.0537,100.0,0.0,0.0,0.0,25.25,0.0,26.375,0.0,26.375,0.0,25.5,10.0,0.0,0.0102,52.4523,5.2452,2.0,45.3548,1.6626,1.5488,1.5326,1.1304,1.487,7.177e-05,1.4579,0.0002,2.6415,12.0,0.0751,1.002,0.1448,2.3825,0.0058,0.9862,0.0507,1.9269,0.0,0.0,0.0,30.0018,26.0,25.0,38.0,38.0,13.0,0.0,0.0,0.0,64.0,61.6511,0.0,41.1864,0.0,0.0
18162.0,1.7405,0.0926,1.0,0.0801,1.2026,2.0536,1.0536,2.2898,1.2898,26.7735,2.0709,26.3512,2.054,100.0,0.0,0.0,0.0,25.25,0.0,26.375,0.0,26.375,0.0,25.375,10.0,0.0,0.0104,52.4524,5.2453,2.0,45.8587,1.6646,1.4467,1.5215,1.1296,1.4869,7.263e-05,1.4607,0.0002,2.6472,12.0,0.0771,1.0021,0.1393,2.3657,0.0063,1.0215,0.0441,1.8661,0.0,0.0,0.0,30.0015,26.0,25.0,38.0,38.0,13.0,0.0,0.0,0.0,64.0,61.8269,0.0,41.1863,0.0,0.0
18163.0,1.7405,0.0926,1.0,0.0801,1.2024,2.0539,1.0539,2.2903,1.2903,26.8098,2.0724,26.3339,2.0534,100.0,0.0,0.0,0.0,25.375,0.0,26.375,0.0,26.375,0.0,25.375,10.0,0.0,0.0112,52.4523,5.2452,2.0,46.0837,1.6654,1.4853,1.5257,1.1288,1.4868,7.368e-05,1.464,0.0002,2.6572,12.0,0.074,1.002,0.1434,2.3785,0.006,1.0031,0.0468,1.8924,0.0,0.0,0.0,30.0013,25.0,25.0,38.0,38.0,15.0,0.0,0.0,0.0,64.0,62.0062,0.0,41.1866,0.0,0.0
18164.0,1.7394,0.0924,1.0,0.08,1.2022,2.0542,1.0542,2.2898,1.2898,26.7201,2.0688,26.3272,2.0531,100.0,0.0,0.0,0.0,25.125,0.0,26.375,0.0,26.375,0.0,25.375,10.0,0.0,0.011,52.4525,5.2453,2.0,47.4897,1.6706,1.3998,1.5163,1.128,1.4867,7.47e-05,1.4672,0.0002,2.6622,12.0,0.0714,1.0019,0.1202,2.3018,0.0063,1.0196,0.0419,1.8442,0.0,0.0,0.0,30.002,25.0,25.0,38.0,38.0,14.0,0.0,0.0,0.0,64.0,62.2054,0.0,41.1868,0.0,0.0
18165.0,1.7381,0.0923,1.0,0.0799,1.202,2.0546,1.0546,2.2894,1.2894,26.5723,2.0629,26.3329,2.0533,100.0,0.0,0.0,0.0,25.25,0.0,26.375,0.0,26.375,0.0,25.375,10.0,0.0,0.011,52.4524,5.2453,2.0,47.0591,1.6691,1.3187,1.5075,1.1249,1.4864,7.586e-05,1.4708,0.0002,2.6711,12.0,0.0689,1.0018,0.1266,2.3243,0.0056,0.9664,0.0601,2.0007,0.0,0.0,0.0,30.0021,25.0,25.0,38.0,38.0,14.0,0.0,0.0,0.0,64.0,62.3587,0.0,41.1869,0.0,0.0
18166.0,1.7382,0.0923,1.0,0.0798,1.2018,2.0545,1.0545,2.2892,1.2892,26.5798,2.0632,26.3499,2.054,100.0,0.0,0.0,0.0,25.375,0.0,26.375,0.0,26.5,0.0,25.5,10.0,0.0,0.0102,52.4526,5.2453,2.0,47.4954,1.6707,1.3318,1.5089,1.1243,1.4863,7.662e-05,1.4731,0.0002,2.6774,12.0,0.0698,1.0019,0.117,2.29,0.0059,0.99,0.0546,1.9594,0.0,0.0,0.0,30.002,25.0,25.0,38.0,38.0,15.0,0.0,0.0,0.0,0.0,62.4941,0.0,41.1872,0.0,0.0
18167.0,1.739,0.0924,1.0,0.0795,1.201,2.054,1.054,2.2894,1.2894,26.7233,2.0689,26.3543,2.0542,100.0,0.0,0.0,0.0,25.25,0.0,26.375,0.0,26.375,0.0,25.375,10.0,0.0,0.011,52.4524,5.2452,2.0,48.1572,1.6731,1.2533,1.5004,1.1278,1.4867,7.77e-05,1.4764,0.0002,2.6871,12.0,0.0673,1.0018,0.1175,2.2919,0.0058,0.9868,0.0506,1.9264,0.0,0.0,0.0,30.0021,26.0,25.0,38.0,38.0,14.0,0.0,0.0,0.0,0.0,62.4965,0.0,41.1866,0.0,0.0
18168.0,1.7394,0.0924,1.0,0.0799,1.202,2.0542,1.0542,2.2899,1.2899,26.817,2.0727,26.3467,2.0539,100.0,0.0,0.0,0.0,25.25,0.0,26.375,0.0,26.5,0.0,25.5,10.0,0.0,0.0102,52.4526,5.2453,2.0,47.718,1.6715,1.0913,1.4827,1.124,1.4863,7.871e-05,1.4793,0.0002,2.6954,12.0,0.0659,1.0018,0.1098,2.2625,0.0061,1.01,0.0639,2.0272,0.0,0.0,0.0,30.0019,26.0,25.0,38.0,38.0,13.0,0.0,0.0,0.0,0.0,62.4964,0.0,41.1868,0.0,0.0
18169.0,1.7398,0.0925,1.0,0.0797,1.2015,2.0546,1.0546,2.2899,1.2899,26.7469,2.0699,26.3377,2.0535,100.0,0.0,0.0,0.0,25.25,0.0,26.375,0.0,26.375,0.0,25.5,10.0,0.0,0.0106,52.4524,5.2452,2.0,47.9764,1.6724,1.0411,1.4772,1.119,1.4857,7.968e-05,1.4822,0.0002,2.7066,12.0,0.0693,1.0018,0.0918,2.1848,0.0056,0.9686,0.0578,1.984,0.0,0.0,0.0,30.0018,26.0,25.0,38.0,38.0,13.0,0.0,0.0,0.0,0.0,62.4958,0.0,41.1866,0.0,0.0
18170.0,1.7405,0.0926,1.0,0.0798,1.2018,2.0546,1.0546,2.2893,1.2893,26.6323,2.0653,26.3241,2.053,100.0,0.0,0.0,0.0,25.375,0.0,26.375,0.0,26.375,0.0,25.375,10.0,0.0,0.01,52.4525,5.2453,2.0,48.1714,1.6731,1.0456,1.4777,1.1223,1.4861,8.082e-05,1.4855,0.0002,2.7058,12.0,0.0705,1.0019,0.1761,2.4675,0.0061,1.0088,0.0639,2.0271,0.0,0.0,0.0,30.0016,26.0,25.0,38.0,38.0,13.0,0.0,0.0,0.0,0.0,62.4969,0.0,41.1868,0.0,0.0
18171.0,1.7404,0.0926,1.0,0.0798,1.2017,2.0546,1.0546,2.2895,1.2895,26.5596,2.0624,26.335,2.0534,100.0,0.0,0.0,0.0,25.25,0.0,26.375,0.0,26.375,0.0,25.375,10.0,0.0,0.0101,52.4526,5.2452,2.0,49.1323,1.6765,1.0924,1.4828,1.1134,1.4851,8.179e-05,1.4883,0.0002,2.7241,12.0,0.0733,1.002,0.1544,2.4104,0.0062,1.016,0.0589,1.9916,0.0,0.0,0.0,30.0015,25.0,25.0,38.0,38.0,16.0,0.0,0.0,0.0,0.0,62.4962,0.0,41.1864,0.0,0.0
18172.0,1.74,0.0925,1.0,0.0797,1.2016,2.0536,1.0536,2.2898,1.2898,26.7228,2.0689,26.3504,2.054,100.0,0.0,0.0,0.0,25.25,0.0,26.375,0.0,26.375,0.0,25.375,10.0,0.0,0.0105,52.4527,5.2453,2.0,49.8095,1.6789,1.0822,1.4817,1.1153,1.4853,8.3e-05,1.4917,0.0002,2.7317,12.0,0.0727,1.0019,0.2297,2.583,0.0058,0.9834,0.0567,1.9758,0.0,0.0,0.0,30.0017,25.0,25.0,38.0,38.0,15.0,0.0,0.0,0.0,0.0,62.4962,0.0,41.1867,0.0,0.0
18173.0,1.7403,0.0925,1.0,0.08,1.2022,2.0536,1.0536,2.2898,1.2898,26.8074,2.0723,26.3409,2.0536,100.0,0.0,0.0,0.0,25.25,0.0,26.375,0.0,26.375,0.0,25.5,10.0,0.0,0.0104,52.4525,5.2453,2.0,49.9316,1.6794,1.0003,1.4728,1.1093,1.4846,8.386e-05,1.4941,0.0002,2.7379,12.0,0.0718,1.0019,0.1991,2.521,0.0059,0.9924,0.0504,1.9245,0.0,0.0,0.0,30.0015,25.0,25.0,38.0,37.0,14.0,0.0,0.0,0.0,0.0,62.4964,0.0,41.1865,0.0,0.0
18174.0,1.7403,0.0925,1.0,0.08,1.2023,2.0546,1.0546,2.2898,1.2898,26.7472,2.0699,26.3293,2.0532,100.0,0.0,0.0,0.0,25.125,0.0,26.5,0.0,26.25,0.0,25.375,10.0,0.0,0.0135,52.453,5.2453,2.0,50.445,1.6811,1.4083,1.5173,1.0996,1.4836,8.486e-05,1.4968,0.0002,2.7477,12.0,0.0705,1.0019,0.1937,2.509,0.0057,0.9763,0.0551,1.9631,0.0,0.0,0.0,30.0014,25.0,25.0,38.0,37.0,13.0,0.0,0.0,0.0,0.0,62.4962,0.0,41.1866,0.0,0.0
18175.0,1.7404,0.0925,1.0,0.0798,1.2018,2.0547,1.0547,2.2898,1.2898,26.642,2.0657,26.3257,2.053,100.0,0.0,0.0,0.0,25.25,0.0,26.375,0.0,26.375,0.0,25.375,10.0,0.0,0.0103,52.4529,5.2453,2.0,53.1478,1.6902,1.3629,1.5123,1.0961,1.4832,8.588e-05,1.4996,0.0002,2.759,12.0,0.0693,1.0018,0.1885,2.4971,0.0064,1.0256,0.0437,1.8627,0.0,0.0,0.0,30.0013,26.0,25.0,38.0,37.0,13.0,0.0,0.0,0.0,0.0,62.4969,0.0,41.1866,0.0,0.0
18176.0,1.7404,0.0926,1.0,0.0798,1.2017,2.0541,1.0541,2.2899,1.2899,26.5646,2.0626,26.3307,2.0532,100.0,0.0,0.0,0.0,25.375,0.0,26.375,0.0,26.375,0.0,25.375,10.0,0.0,0.0104,52.4529,5.2453,2.0,53.7598,1.6922,1.2934,1.5047,1.0877,1.4823,8.71e-05,1.5029,0.0002,2.7691,12.0,0.0662,1.0018,0.1787,2.4739,0.0063,1.021,0.0487,1.9091,0.0,0.0,0.0,30.0014,26.0,25.0,38.0,37.0,14.0,0.0,0.0,0.0,0.0,62.4969,0.0,41.187,0.0,0.0
18177.0,1.7404,0.0926,1.0,0.0795,1.2009,2.0534,1.0534,2.2897,1.2897,26.6892,2.0676,26.3443,2.0538,100.0,0.0,0.0,0.0,25.375,0.0,26.375,0.0,26.25,0.0,25.375,10.0,0.0,0.0105,52.4529,5.2453,2.0,53.6405,1.6918,1.0837,1.4819,1.0745,1.4809,8.779e-05,1.5047,0.0002,2.7784,12.0,0.0676,1.0018,0.2047,2.5329,0.0055,0.9596,0.0486,1.9082,0.0,0.0,0.0,30.0018,26.0,25.0,38.0,37.0,13.0,0.0,0.0,0.0,0.0,62.5259,0.0,41.1867,0.0,0.0
18178.0,1.7404,0.0926,1.0,0.0799,1.2021,2.0536,1.0536,2.2897,1.2897,26.801,2.072,26.3441,2.0538,100.0,0.0,0.0,0.0,25.25,0.0,26.375,0.0,26.5,0.0,25.375,10.0,0.0,0.0107,52.4528,5.2453,2.0,53.3909,1.691,1.079,1.4813,1.0742,1.4808,8.878e-05,1.5073,0.0002,2.7816,12.0,0.0654,1.0017,0.235,2.593,0.006,1.0005,0.0621,2.0148,0.0,0.0,0.0,30.0013,26.0,25.0,38.0,37.0,13.0,0.0,0.0,0.0,0.0,62.529,0.0,41.1867,0.0,0.0
18179.0,1.7394,0.0924,1.0,0.0797,1.2014,2.0548,1.0548,2.2899,1.2899,26.7777,2.0711,26.3409,2.0536,100.0,0.0,0.0,0.0,25.25,0.0,26.5,0.0,26.5,0.0,25.375,10.0,0.0,0.0108,52.4528,5.2453,2.0,53.1165,1.6901,0.9364,1.4658,1.0633,1.4796,8.974e-05,1.5098,0.0002,2.7862,12.0,0.0661,1.0018,0.1867,2.4929,0.006,1.0035,0.0586,1.9896,0.0,0.0,0.0,30.0017,26.0,25.0,38.0,37.0,14.0,0.0,0.0,0.0,0.0,62.5628,0.0,41.1869,0.0,0.0
18180.0,1.7413,0.0927,1.0,0.0799,1.202,2.0546,1.0546,2.2898,1.2898,26.674,2.067,26.3354,2.0534,100.0,0.0,0.0,0.0,25.25,0.0,26.375,0.0,26.5,0.0,25.5,10.0,0.0,0.0108,52.4528,5.2453,2.0,53.4095,1.691,0.8696,1.4585,1.053,1.4785,9.061e-05,1.512,0.0002,2.7969,12.0,0.0736,1.002,0.2128,2.5498,0.0058,0.9826,0.0663,2.0434,0.0,0.0,0.0,30.0014,26.0,25.0,38.0,37.0,13.0,0.0,0.0,0.0,0.0,62.5851,0.0,41.1868,0.0,0.0
18181.0,1.7405,0.0926,1.0,0.0798,1.2017,2.0546,1.0546,2.2895,1.2895,26.5545,2.0622,26.3409,2.0536,100.0,0.0,0.0,0.0,25.25,0.0,26.375,0.0,26.375,0.0,25.375,10.0,0.0,0.0104,52.4527,5.2453,2.0,53.129,1.6901,0.8622,1.4577,1.0458,1.4777,9.199e-05,1.5156,0.0002,2.8127,12.0,0.0709,1.0019,0.2227,2.5695,0.0062,1.0157,0.0655,2.0379,0.0,0.0,0.0,30.0013,26.0,25.0,38.0,37.0,14.0,0.0,0.0,0.0,0.0,62.5862,0.0,41.1871,0.0,0.0
18182.0,1.7404,0.0926,1.0,0.0799,1.2021,2.0541,1.0541,2.2894,1.2894,26.6416,2.0657,26.3557,2.0542,100.0,0.0,0.0,0.0,25.25,0.0,26.375,0.0,26.375,0.0,25.375,10.0,0.0,0.0107,52.4529,5.2453,2.0,54.2633,1.6938,0.905,1.4624,1.0321,1.4762,9.247e-05,1.5168,0.0002,2.81,12.0,0.0733,1.002,0.3058,2.7073,0.0069,1.0588,0.0586,1.9899,0.0,0.0,0.0,30.0016,26.0,25.0,38.0,37.0,16.0,0.0,0.0,0.0,0.0,62.5859,0.0,41.1873,0.0,0.0
18183.0,1.74,0.0925,1.0,0.0801,1.2025,2.054,1.054,2.2898,1.2898,26.8212,2.0728,26.3418,2.0537,100.0,0.0,0.0,0.0,25.25,0.0,26.5,0.0,26.375,0.0,25.375,10.0,0.0,0.0104,52.4529,5.2453,2.0,54.6196,1.6949,0.8969,1.4615,1.0192,1.4748,9.37e-05,1.5198,0.0002,2.8259,12.0,0.0767,1.002,0.1932,2.5078,0.0063,1.0208,0.0588,1.9916,0.0,0.0,0.0,30.0019,25.0,25.0,38.0,37.0,13.0,0.0,0.0,0.0,0.0,62.5857,0.0,41.1871,0.0,0.0
18184.0,1.7394,0.0924,1.0,0.0799,1.2021,2.0545,1.0545,2.2899,1.2899,26.7783,2.0711,26.3402,2.0536,100.0,0.0,0.0,0.0,25.375,0.0,26.5,0.0,26.375,0.0,25.375,10.0,0.0,0.0102,52.4529,5.2453,2.0,55.3432,1.6972,0.9335,1.4655,1.0036,1.4731,9.448e-05,1.5218,0.0002,2.8284,12.0,0.0742,1.002,0.2134,2.5511,0.0051,0.9336,0.0729,2.0844,0.0,0.0,0.0,30.0016,25.0,25.0,38.0,37.0,13.0,0.0,0.0,0.0,0.0,62.5856,0.0,41.1869,0.0,0.0
18185.0,1.7394,0.0924,1.0,0.08,1.2022,2.0551,1.0551,2.2894,1.2894,26.6747,2.067,26.3445,2.0538,100.0,0.0,0.0,0.0,25.25,0.0,26.375,0.0,26.375,0.0,25.375,10.0,0.0,0.0307,52.453,5.2453,2.0,56.0353,1.6994,1.4749,1.5245,0.9908,1.4717,9.521e-05,1.5236,0.0002,2.8362,12.0,0.0735,1.002,0.2067,2.5371,0.0062,1.0142,0.0667,2.0458,0.0,0.0,0.0,30.0015,25.0,25.0,38.0,38.0,14.0,0.0,0.0,0.0,0.0,62.5858,0.0,41.1869,0.0,0.0
18186.0,1.7384,0.0923,1.0,0.08,1.2023,2.0549,1.0549,2.2896,1.2896,26.5633,2.0625,26.335,2.0534,100.0,0.0,0.0,0.0,25.375,0.0,26.375,0.0,26.375,0.0,25.5,10.0,0.0,0.0103,52.4528,5.2453,2.0,64.2928,1.7233,1.9901,1.5807,0.9756,1.4701,9.604e-05,1.5256,0.0002,2.8508,12.0,0.0703,1.0019,0.1731,2.4601,0.0061,1.0037,0.0655,2.0378,0.0,0.0,0.0,30.001,25.0,25.0,38.0,38.0,14.0,0.0,0.0,0.0,0.0,62.5857,0.0,41.1865,0.0,0.0
18187.0,1.7393,0.0924,1.0,0.08,1.2023,2.0538,1.0538,2.2898,1.2898,26.6385,2.0655,26.3457,2.0538,100.0,0.0,0.0,0.0,25.25,0.0,26.375,0.0,26.375,0.0,25.375,10.0,0.0,0.0107,52.4533,5.2453,2.0,64.274,1.7232,1.732,1.5526,0.9582,1.4682,9.687e-05,1.5276,0.0002,2.8592,12.0,0.0695,1.0019,0.2213,2.5669,0.0062,1.0143,0.0638,2.0266,0.0,0.0,0.0,30.0013,26.0,25.0,38.0,38.0,15.0,0.0,0.0,0.0,0.0,62.5849,0.0,41.1864,0.0,0.0
18188.0,1.7404,0.0926,1.0,0.08,1.2021,2.0535,1.0535,2.29,1.29,26.7982,2.0719,26.3462,2.0538,100.0,0.0,0.0,0.0,25.375,0.0,26.375,0.0,26.375,0.0,25.375,10.0,0.0,0.0109,52.4534,5.2454,2.0,65.2027,1.7257,1.6135,1.5397,0.9407,1.4663,9.769e-05,1.5295,0.0002,2.8615,12.0,0.0691,1.0018,0.1768,2.4692,0.0062,1.0125,0.0598,1.9987,0.0,0.0,0.0,30.0007,26.0,25.0,38.0,38.0,13.0,0.0,0.0,0.0,0.0,62.5851,0.0,41.1863,0.0,0.0
18189.0,1.7408,0.0926,1.0,0.0799,1.2021,2.0543,1.0543,2.2903,1.2903,26.794,2.0718,26.3342,2.0534,100.0,0.0,0.0,0.0,25.375,0.0,26.375,0.0,26.375,0.0,25.375,10.0,0.0,0.0105,52.4534,5.2454,2.0,64.2425,1.7231,1.4052,1.5169,0.9284,1.4649,9.841e-05,1.5312,0.0002,2.8747,12.0,0.0706,1.0019,0.1879,2.4957,0.0067,1.0501,0.0696,2.0645,0.0,0.0,0.0,30.0007,26.0,25.0,38.0,37.0,12.0,0.0,0.0,0.0,0.0,62.585,0.0,41.1867,0.0,0.0
18190.0,1.7424,0.0928,1.0,0.0801,1.2024,2.0543,1.0543,2.2902,1.2902,26.7022,2.0681,26.3264,2.0531,100.0,0.0,0.0,0.0,25.375,0.0,26.375,0.0,26.375,0.0,25.375,10.0,0.0,0.0101,52.453,5.2453,2.0,63.5352,1.7212,1.1011,1.4838,0.9159,1.4635,9.906e-05,1.5328,0.0002,2.8767,12.0,0.0713,1.0019,0.2059,2.5354,0.0055,0.9612,0.0626,2.0184,0.0,0.0,0.0,30.001,26.0,25.0,38.0,37.0,14.0,0.0,0.0,0.0,0.0,62.5853,0.0,41.1862,0.0,0.0
18191.0,1.7415,0.0927,1.0,0.0801,1.2026,2.0547,1.0547,2.2897,1.2897,26.584,2.0634,26.3235,2.0529,100.0,0.0,0.0,0.0,25.25,0.0,26.375,0.0,26.375,0.0,25.375,10.0,0.0,0.0103,52.4534,5.2454,2.0,62.298,1.7178,0.9075,1.4626,0.902,1.462,9.987e-05,1.5347,0.0002,2.8845,12.0,0.0696,1.0019,0.1796,2.4762,0.0063,1.0244,0.0626,2.0182,0.0,0.0,0.0,30.0007,26.0,25.0,38.0,37.0,13.0,0.0,0.0,0.0,0.0,62.5854,0.0,41.1867,0.0,0.0
18192.0,1.7434,0.0929,1.0,0.0799,1.2019,2.0543,1.0543,2.2894,1.2894,26.6031,2.0641,26.3496,2.054,100.0,0.0,0.0,0.0,25.25,0.0,26.375,0.0,26.375,0.0,25.375,10.0,0.0,0.0107,52.4536,5.2453,2.0,61.116,1.7145,0.6681,1.4365,0.8882,1.4605,0.0001,1.5365,0.0002,2.8902,12.0,0.0682,1.0018,0.1539,2.4092,0.0057,0.9799,0.0616,2.0115,0.0,0.0,0.0,30.0008,26.0,25.0,38.0,37.0,14.0,0.0,0.0,0.0,0.0,62.5848,0.0,41.1871,0.0,0.0
18193.0,1.7415,0.0927,1.0,0.0799,1.2019,2.054,1.054,2.2895,1.2895,26.7853,2.0714,26.3528,2.0541,100.0,0.0,0.0,0.0,25.375,0.0,26.375,0.0,26.5,0.0,25.375,10.0,0.0,0.0097,52.4533,5.2453,2.0,60.226,1.7119,0.5131,1.4196,0.8704,1.4586,0.0001,1.5384,0.0002,2.9044,12.0,0.0702,1.0019,0.1468,2.3886,0.0056,0.9661,0.0612,2.0084,0.0,0.0,0.0,30.0008,26.0,25.0,38.0,37.0,14.0,0.0,0.0,0.0,0.0,62.5851,0.0,41.1873,0.0,0.0
18194.0,1.7405,0.0926,1.0,0.0797,1.2015,2.0539,1.0539,2.2899,1.2899,26.811,2.0724,26.3362,2.0534,100.0,0.0,0.0,0.0,25.25,0.0,26.375,0.0,26.375,0.0,25.375,10.0,0.0,0.0104,52.4532,5.2453,2.0,60.2019,1.7118,0.5645,1.4252,0.8608,1.4575,0.0001,1.5401,0.0002,2.9045,12.0,0.0698,1.0019,0.1174,2.2914,0.0058,0.9833,0.0578,1.9836,0.0,0.0,0.0,30.0012,26.0,25.0,38.0,37.0,13.0,0.0,0.0,0.0,0.0,62.5857,0.0,41.1866,0.0,0.0
18195.0,1.7405,0.0926,1.0,0.08,1.2023,2.0542,1.0542,2.2902,1.2902,26.7234,2.0689,26.3272,2.0531,100.0,0.0,0.0,0.0,25.25,0.0,26.375,0.0,26.375,0.0,25.375,10.0,0.0,0.0099,52.4532,5.2453,2.0,61.2716,1.7149,0.6033,1.4295,0.8464,1.456,0.0001,1.5418,0.0002,2.9117,12.0,0.0731,1.0019,0.1444,2.3814,0.0055,0.9635,0.0649,2.0342,0.0,0.0,0.0,30.001,26.0,25.0,38.0,37.0,14.0,0.0,0.0,0.0,0.0,62.5854,0.0,41.1868,0.0,0.0
18196.0,1.7405,0.0926,1.0,0.0799,1.2019,2.0546,1.0546,2.2897,1.2897,26.5977,2.0639,26.3217,2.0529,100.0,0.0,0.0,0.0,25.375,0.0,26.375,0.0,26.375,0.0,25.375,10.0,0.0,0.0097,52.4536,5.2454,2.0,61.1368,1.7145,0.5282,1.4213,0.833,1.4545,0.0001,1.5433,0.0002,2.924,12.0,0.0711,1.0019,0.1198,2.3002,0.0062,1.0112,0.0643,2.0298,0.0,0.0,0.0,30.0015,25.0,25.0,38.0,37.0,15.0,0.0,0.0,0.0,0.0,62.586,0.0,41.187,0.0,0.0
18197.0,1.7405,0.0926,1.0,0.0799,1.202,2.054,1.054,2.2898,1.2898,26.5976,2.0639,26.3428,2.0537,100.0,0.0,0.0,0.0,25.375,0.0,26.5,0.0,26.375,0.0,25.375,10.0,0.0,0.0092,52.4531,5.2453,2.0,60.4656,1.7126,0.3636,1.4033,0.8151,1.4526,0.0001,1.5454,0.0002,2.9345,12.0,0.0742,1.002,0.1175,2.2919,0.0051,0.9328,0.0591,1.9936,0.0,0.0,0.0,30.0018,25.0,25.0,38.0,37.0,15.0,0.0,0.0,0.0,0.0,62.5856,0.0,41.1873,0.0,0.0
18198.0,1.7414,0.0927,1.0,0.08,1.2024,2.0536,1.0536,2.2899,1.2899,26.7751,2.071,26.3498,2.054,100.0,0.0,0.0,0.0,25.25,0.0,26.375,0.0,26.375,0.0,25.375,10.0,0.0,0.0105,52.4537,5.2454,2.0,60.0411,1.7114,0.2413,1.39,0.8068,1.4517,0.0001,1.5474,0.0002,2.935,12.0,0.0736,1.002,0.1194,2.2988,0.0064,1.0261,0.0618,2.013,0.0,0.0,0.0,30.0015,25.0,25.0,38.0,38.0,15.0,0.0,0.0,0.0,0.0,62.5854,0.0,41.187,0.0,0.0
18199.0,1.7416,0.0927,1.0,0.0799,1.202,2.0539,1.0539,2.2899,1.2899,26.8057,2.0722,26.3346,2.0534,100.0,0.0,0.0,0.0,25.25,0.0,26.5,0.0,26.5,0.0,25.375,10.0,0.0,0.0106,52.4536,5.2453,2.0,59.6376,1.7102,0.2682,1.3929,0.7883,1.4496,0.0001,1.5485,0.0002,2.9469,12.0,0.0751,1.002,0.1156,2.285,0.0065,1.0316,0.0697,2.0653,0.0,0.0,0.0,30.0012,25.0,25.0,38.0,38.0,15.0,0.0,0.0,0.0,0.0,62.5859,0.0,41.1866,0.0,0.0
18200.0,1.7416,0.0927,1.0,0.0798,1.2018,2.0542,1.0542,2.2902,1.2902,26.7422,2.0697,26.3299,2.0532,100.0,0.0,0.0,0.0,25.25,0.0,26.375,0.0,26.375,0.0,25.375,10.0,0.0,0.0106,52.4536,5.2453,2.0,60.1681,1.7117,0.2829,1.3945,0.781,1.4488,0.0001,1.5496,0.0002,2.9524,12.0,0.0747,1.002,0.0969,2.2084,0.0059,0.9947,0.0671,2.0487,0.0,0.0,0.0,30.0009,26.0,25.0,38.0,38.0,14.0,0.0,0.0,0.0,0.0,62.5856,0.0,41.1868,0.0,0.0
18201.0,1.7425,0.0928,1.0,0.08,1.2022,2.0546,1.0546,2.2898,1.2898,26.6184,2.0647,26.3253,2.053,100.0,0.0,0.0,0.0,25.125,0.0,26.375,0.0,26.375,0.0,25.375,10.0,0.0,0.01,52.4534,5.2454,2.0,59.9947,1.7112,0.2142,1.387,0.7639,1.447,0.0001,1.5512,0.0002,2.9579,12.0,0.0759,1.002,0.1175,2.2918,0.0067,1.0494,0.0697,2.0648,0.0,0.0,0.0,30.0013,26.0,25.0,38.0,38.0,14.0,0.0,0.0,0.0,0.0,62.5852,0.0,41.1862,0.0,0.0
18202.0,1.7435,0.0929,1.0,0.0798,1.2018,2.0542,1.0542,2.2896,1.2896,26.5557,2.0622,26.3336,2.0533,100.0,0.0,0.0,0.0,25.25,0.0,26.375,0.0,26.375,0.0,25.5,10.0,0.0,0.0099,52.4532,5.2453,2.0,60.0035,1.7113,0.2347,1.3892,0.7514,1.4456,0.0001,1.5525,0.0002,2.9622,12.0,0.076,1.002,0.1662,2.4425,0.0055,0.9596,0.06,1.9997,0.0,0.0,0.0,30.0008,26.0,25.0,38.0,38.0,13.0,0.0,0.0,0.0,0.0,62.5848,0.0,41.1865,0.0,0.0
18203.0,1.7435,0.0929,1.0,0.0803,1.203,2.0536,1.0536,2.2894,1.2894,26.6847,2.0674,26.3411,2.0536,100.0,0.0,0.0,0.0,25.375,0.0,26.375,0.0,26.375,0.0,25.375,10.0,0.0,0.0094,52.4535,5.2454,2.0,60.1056,1.7116,0.2356,1.3893,0.7352,1.4438,0.0001,1.5537,0.0002,2.9617,12.0,0.0784,1.0021,0.1643,2.4374,0.0059,0.9959,0.0572,1.9792,0.0,0.0,0.0,30.001,26.0,25.0,38.0,38.0,14.0,0.0,0.0,0.0,0.0,62.5855,0.0,41.1865,0.0,0.0
18204.0,1.7437,0.093,1.0,0.08,1.2023,2.0538,1.0538,2.2899,1.2899,26.8081,2.0723,26.3362,2.0534,100.0,0.0,0.0,0.0,25.25,0.0,26.375,0.0,26.5,0.0,25.375,10.0,0.0,0.0106,52.4538,5.2454,2.0,59.6746,1.7103,0.1237,1.3771,0.7173,1.4419,0.0001,1.5553,0.0002,2.9784,12.0,0.0749,1.002,0.2223,2.5688,0.0067,1.0497,0.0629,2.0208,0.0,0.0,0.0,30.0009,26.0,25.0,38.0,38.0,13.0,0.0,0.0,0.0,0.0,62.5855,0.0,41.1869,0.0,0.0
18205.0,1.7446,0.0931,1.0,0.08,1.2024,2.0545,1.0545,2.2898,1.2898,26.7432,2.0697,26.3288,2.0532,100.0,0.0,0.0,0.0,25.25,0.0,26.375,0.0,26.375,0.0,25.375,10.0,0.0,0.0108,52.4541,5.2454,2.0,59.2756,1.7092,0.0903,1.3735,0.705,1.4405,0.0001,1.5564,0.0002,2.9819,12.0,0.0723,1.0019,0.1874,2.4946,0.0059,0.9936,0.0557,1.9675,0.0,0.0,0.0,30.0008,26.0,25.0,38.0,38.0,13.0,0.0,0.0,0.0,0.0,62.5853,0.0,41.1865,0.0,0.0
18206.0,1.7457,0.0932,1.0,0.0801,1.2025,2.0543,1.0543,2.2897,1.2897,26.6476,2.0659,26.3244,2.053,100.0,0.0,0.0,0.0,25.25,0.0,26.375,0.0,26.375,0.0,25.375,10.0,0.0,0.0097,52.454,5.2454,2.0,59.5081,1.7098,0.1365,1.3785,0.6953,1.4395,0.0001,1.5577,0.0002,2.9876,12.0,0.0717,1.0019,0.1898,2.5001,0.0062,1.0109,0.0517,1.9355,0.0,0.0,0.0,30.001,26.0,25.0,38.0,37.0,14.0,0.0,0.0,0.0,0.0,62.5849,0.0,41.1866,0.0,0.0
18207.0,1.7431,0.0929,1.0,0.0799,1.202,2.0545,1.0545,2.2895,1.2895,26.5523,2.0621,26.3304,2.0532,100.0,0.0,0.0,0.0,25.25,0.0,26.375,0.0,26.375,0.0,25.5,10.0,0.0,0.0109,52.4538,5.2454,2.0,60.1304,1.7116,0.2031,1.3858,0.6735,1.4371,0.0001,1.5585,0.0002,2.9913,12.0,0.067,1.0018,0.1741,2.4626,0.0054,0.9579,0.0496,1.9169,0.0,0.0,0.0,30.0009,26.0,25.0,38.0,37.0,15.0,0.0,0.0,0.0,0.0,62.5853,0.0,41.187,0.0,0.0
18208.0,1.7394,0.0924,1.0,0.0797,1.2014,2.0536,1.0536,2.2894,1.2894,26.6782,2.0671,26.3493,2.054,100.0,0.0,0.0,0.0,25.25,0.0,26.375,0.0,26.375,0.0,25.25,10.0,0.0,0.0105,52.4539,5.2454,2.0,60.0654,1.7114,0.1741,1.3826,0.6689,1.4366,0.0001,1.5601,0.0002,3.0011,12.0,0.0657,1.0018,0.1749,2.4647,0.0065,1.0316,0.0556,1.9667,0.0,0.0,0.0,30.001,26.0,25.0,38.0,37.0,13.0,0.0,0.0,0.0,0.0,62.5853,0.0,41.1871,0.0,0.0
18209.0,1.7405,0.0926,1.0,0.0796,1.2011,2.0536,1.0536,2.2898,1.2898,26.815,2.0726,26.3437,2.0537,100.0,0.0,0.0,0.0,25.25,0.0,26.375,0.0,26.375,0.0,25.375,10.0,0.0,0.0095,52.4539,5.2454,2.0,59.4682,1.7097,0.0507,1.3692,0.6547,1.4351,0.0001,1.5614,0.0002,3.0038,12.0,0.0688,1.0018,0.2365,2.5956,0.0066,1.0397,0.047,1.8941,0.0,0.0,0.0,30.0007,26.0,25.0,38.0,37.0,15.0,0.0,0.0,0.0,0.0,62.5853,0.0,41.1867,0.0,0.0
18210.0,1.7404,0.0926,1.0,0.0798,1.2017,2.0542,1.0542,2.2902,1.2902,26.7467,2.0699,26.325,2.053,100.0,0.0,0.0,0.0,25.25,0.0,26.5,0.0,26.375,0.0,25.375,10.0,0.0,0.01,52.4539,5.2454,2.0,60.1928,1.7118,0.2257,1.3883,0.6462,1.4341,0.0001,1.5627,0.0002,3.008,12.0,0.0673,1.0018,0.2117,2.5476,0.0061,1.0061,0.0496,1.9173,0.0,0.0,0.0,30.0008,26.0,25.0,38.0,38.0,14.0,0.0,0.0,0.0,0.0,62.5858,0.0,41.1867,0.0,0.0
18211.0,1.7405,0.0926,1.0,0.0797,1.2014,2.0543,1.0543,2.2898,1.2898,26.6528,2.0661,26.3264,2.0531,100.0,0.0,0.0,0.0,25.25,0.0,26.5,0.0,26.375,0.0,25.375,10.0,0.0,0.0105,52.4537,5.2454,2.0,60.7744,1.7135,0.25,1.3909,0.6377,1.4332,0.0001,1.5638,0.0002,3.0119,12.0,0.068,1.0018,0.1906,2.502,0.0057,0.9801,0.0579,1.9848,0.0,0.0,0.0,30.0008,26.0,25.0,38.0,38.0,15.0,0.0,0.0,0.0,0.0,62.586,0.0,41.1867,0.0,0.0
18212.0,1.7415,0.0927,1.0,0.0798,1.2017,2.0542,1.0542,2.2895,1.2895,26.549,2.062,26.3285,2.0531,100.0,0.0,0.0,0.0,25.25,0.0,26.375,0.0,26.375,0.0,25.375,10.0,0.0,0.01,52.4537,5.2454,2.0,60.7305,1.7134,0.1865,1.384,0.6166,1.4309,0.0001,1.5648,0.0002,3.0161,12.0,0.0683,1.0018,0.216,2.5564,0.0052,0.9418,0.0551,1.9627,0.0,0.0,0.0,30.0006,26.0,25.0,38.0,38.0,13.0,0.0,0.0,0.0,0.0,62.5854,0.0,41.1863,0.0,0.0
18213.0,1.7406,0.0926,1.0,0.08,1.2022,2.0538,1.0538,2.2894,1.2894,26.6342,2.0654,26.3451,2.0538,100.0,0.0,0.0,0.0,25.375,0.0,26.375,0.0,26.5,0.0,25.375,10.0,0.0,0.0101,52.4539,5.2454,2.0,61.0952,1.7144,0.3096,1.3974,0.6054,1.4297,0.0001,1.5654,0.0002,3.0236,12.0,0.0678,1.0018,0.2524,2.624,0.0057,0.9747,0.0502,1.9224,0.0,0.0,0.0,30.0009,26.0,25.0,38.0,38.0,14.0,0.0,0.0,0.0,0.0,62.5853,0.0,41.1869,0.0,0.0
18214.0,1.7415,0.0927,1.0,0.0798,1.2017,2.0535,1.0535,2.2896,1.2896,26.8034,2.0721,26.3475,2.0539,100.0,0.0,0.0,0.0,25.375,0.0,26.375,0.0,26.25,0.0,25.25,10.0,0.0,0.01,52.454,5.2454,2.0,62.3917,1.7181,0.408,1.4082,0.5997,1.4291,0.0001,1.5668,0.0002,3.026,12.0,0.072,1.0019,0.2257,2.5753,0.0064,1.0267,0.046,1.8846,0.0,0.0,0.0,30.001,26.0,25.0,38.0,38.0,14.0,0.0,0.0,0.0,0.0,62.5854,0.0,41.1869,0.0,0.0
18215.0,1.7412,0.0927,1.0,0.08,1.2023,2.054,1.054,2.2899,1.2899,26.7952,2.0718,26.3333,2.0533,100.0,0.0,0.0,0.0,25.25,0.0,26.375,0.0,26.5,0.0,25.375,10.0,0.0,0.0091,52.4541,5.2454,2.0,62.5818,1.7186,0.353,1.4021,0.5892,1.4279,0.0001,1.5682,0.0002,3.0307,12.0,0.0711,1.0019,0.2648,2.6448,0.0055,0.965,0.0544,1.9575,0.0,0.0,0.0,30.0011,26.0,25.0,38.0,38.0,13.0,0.0,0.0,0.0,0.0,62.5851,0.0,41.187,0.0,0.0
18216.0,1.7425,0.0928,1.0,0.0801,1.2026,2.0542,1.0542,2.2898,1.2898,26.6568,2.0663,26.3256,2.053,100.0,0.0,0.0,0.0,25.375,0.0,26.25,0.0,26.375,0.0,25.375,10.0,0.0,0.0105,52.4539,5.2454,2.0,62.8317,1.7193,0.3792,1.405,0.5713,1.426,0.0001,1.5691,0.0002,3.0392,12.0,0.0769,1.0021,0.1993,2.5214,0.006,0.9996,0.06,2.0001,0.0,0.0,0.0,30.0011,26.0,25.0,38.0,38.0,16.0,0.0,0.0,0.0,0.0,62.5851,0.0,41.1868,0.0,0.0
18217.0,1.7433,0.0929,1.0,0.0799,1.202,2.0542,1.0542,2.2896,1.2896,26.5632,2.0625,26.3217,2.0529,100.0,0.0,0.0,0.0,25.25,0.0,26.375,0.0,26.375,0.0,25.375,10.0,0.0,0.0108,52.4542,5.2454,2.0,62.8057,1.7192,0.34,1.4007,0.5611,1.4248,0.0001,1.5699,0.0002,3.0368,12.0,0.0752,1.002,0.1957,2.5134,0.0056,0.9736,0.0612,2.0084,0.0,0.0,0.0,30.001,26.0,25.0,38.0,38.0,14.0,0.0,0.0,0.0,0.0,62.5854,0.0,41.1868,0.0,0.0
18218.0,1.743,0.0929,1.0,0.0799,1.202,2.0537,1.0537,2.2899,1.2899,26.6218,2.0649,26.3351,2.0534,100.0,0.0,0.0,0.0,25.25,0.0,26.375,0.0,26.5,0.0,25.5,10.0,0.0,0.0105,52.4541,5.2454,2.0,63.4403,1.7209,0.3869,1.4058,0.5512,1.4238,0.0001,1.5711,0.0002,3.0512,12.0,0.0755,1.002,0.2194,2.5631,0.0069,1.0605,0.0557,1.9676,0.0,0.0,0.0,30.0009,26.0,25.0,38.0,37.0,13.0,0.0,0.0,0.0,0.0,62.5851,0.0,41.1862,0.0,0.0
18219.0,1.7425,0.0928,1.0,0.0801,1.2024,2.0535,1.0535,2.2898,1.2898,26.7751,2.071,26.3513,2.0541,100.0,0.0,0.0,0.0,25.25,0.0,26.375,0.0,26.375,0.0,25.375,10.0,0.0,0.0098,52.4541,5.2454,2.0,63.4394,1.7209,0.3731,1.4043,0.5435,1.4229,0.0001,1.572,0.0002,3.0531,12.0,0.0752,1.002,0.1678,2.4466,0.0057,0.9761,0.0577,1.9832,0.0,0.0,0.0,30.0004,26.0,25.0,38.0,37.0,15.0,0.0,0.0,0.0,0.0,62.5852,0.0,41.1866,0.0,0.0
18220.0,1.7428,0.0928,1.0,0.0799,1.2021,2.0543,1.0543,2.2899,1.2899,26.7906,2.0716,26.3333,2.0533,100.0,0.0,0.0,0.0,25.375,0.0,26.375,0.0,26.375,0.0,25.375,10.0,0.0,0.0104,52.454,5.2454,2.0,63.7216,1.7217,0.3223,1.3988,0.531,1.4216,0.0001,1.5729,0.0002,3.0616,12.0,0.073,1.0019,0.2803,2.6695,0.0056,0.9713,0.0663,2.0434,0.0,0.0,0.0,30.0008,26.0,25.0,38.0,37.0,13.0,0.0,0.0,0.0,0.0,62.5853,0.0,41.1862,0.0,0.0
18221.0,1.7435,0.0929,1.0,0.08,1.2022,2.0546,1.0546,2.2898,1.2898,26.6944,2.0678,26.3361,2.0534,100.0,0.0,0.0,0.0,25.375,0.0,26.5,0.0,26.375,0.0,25.375,10.0,0.0,0.0102,52.4539,5.2454,2.0,63.6982,1.7217,0.3714,1.4042,0.5133,1.4196,0.0001,1.5735,0.0002,3.0627,12.0,0.0755,1.002,0.2829,2.6734,0.0062,1.0175,0.0584,1.9886,0.0,0.0,0.0,30.0004,26.0,25.0,38.0,37.0,14.0,0.0,0.0,0.0,0.0,62.5853,0.0,41.1869,0.0,0.0
18222.0,1.7428,0.0928,1.0,0.0799,1.2019,2.0545,1.0545,2.2896,1.2896,26.5725,2.0629,26.3251,2.053,100.0,0.0,0.0,0.0,25.375,0.0,26.25,0.0,26.375,0.0,25.375,10.0,0.0,0.0108,52.4542,5.2454,2.0,64.5206,1.7239,0.4094,1.4083,0.5069,1.4189,0.0001,1.5746,0.0002,3.0642,12.0,0.0745,1.002,0.1829,2.4841,0.0061,1.0079,0.0584,1.9881,0.0,0.0,0.0,30.0006,26.0,25.0,38.0,37.0,14.0,0.0,0.0,0.0,0.0,62.5854,0.0,41.1865,0.0,0.0
18223.0,1.7425,0.0928,1.0,0.0799,1.2019,2.0534,1.0534,2.2898,1.2898,26.6184,2.0647,26.3335,2.0533,100.0,0.0,0.0,0.0,25.25,0.0,26.5,0.0,26.375,0.0,25.375,10.0,0.0,0.0101,52.4544,5.2454,2.0,64.2419,1.7231,0.348,1.4016,0.5012,1.4183,0.0001,1.5756,0.0002,3.0719,12.0,0.0751,1.002,0.1881,2.4962,0.0056,0.9726,0.0576,1.982,0.0,0.0,0.0,30.0003,26.0,25.0,38.0,37.0,14.0,0.0,0.0,0.0,0.0,62.5852,0.0,41.1866,0.0,0.0
18224.0,1.7424,0.0928,1.0,0.08,1.2022,2.0532,1.0532,2.2898,1.2898,26.7599,2.0704,26.342,2.0537,100.0,0.0,0.0,0.0,25.375,0.0,26.375,0.0,26.375,0.0,25.25,10.0,0.0,0.0102,52.4542,5.2454,2.0,64.6935,1.7243,0.3735,1.4044,0.4909,1.4172,0.0001,1.5762,0.0002,3.0752,12.0,0.0721,1.0019,0.1841,2.4868,0.0065,1.032,0.0685,2.0578,0.0,0.0,0.0,30.0006,26.0,25.0,38.0,37.0,15.0,0.0,0.0,0.0,0.0,62.5858,0.0,41.1864,0.0,0.0
18225.0,1.7415,0.0927,1.0,0.0799,1.2021,2.0538,1.0538,2.2902,1.2902,26.8124,2.0725,26.327,2.0531,100.0,0.0,0.0,0.0,25.25,0.0,26.375,0.0,26.5,0.0,25.375,10.0,0.0,0.0105,52.454,5.2454,2.0,64.3049,1.7233,0.2516,1.3911,0.4808,1.4161,0.0001,1.577,0.0002,3.0758,12.0,0.075,1.002,0.2902,2.6845,0.0056,0.9708,0.0629,2.0202,0.0,0.0,0.0,30.001,26.0,25.0,38.0,37.0,13.0,0.0,0.0,0.0,0.0,62.5853,0.0,41.1868,0.0,0.0
18226.0,1.7415,0.0927,1.0,0.0798,1.2016,2.0542,1.0542,2.2901,1.2901,26.7228,2.0689,26.3279,2.0531,100.0,0.0,0.0,0.0,25.375,0.0,26.375,0.0,26.25,0.0,25.375,10.0,0.0,0.0099,52.4542,5.2454,2.0,63.4637,1.721,0.2283,1.3885,0.4728,1.4152,0.0001,1.5779,0.0002,3.0838,12.0,0.0678,1.0018,0.2066,2.537,0.0056,0.9708,0.0601,2.0007,0.0,0.0,0.0,30.0009,26.0,25.0,38.0,37.0,14.0,0.0,0.0,0.0,0.0,62.5853,0.0,41.1869,0.0,0.0
18227.0,1.7404,0.0926,1.0,0.0796,1.2012,2.0542,1.0542,2.29,1.29,26.5865,2.0635,26.323,2.0529,100.0,0.0,0.0,0.0,25.25,0.0,26.375,0.0,26.375,0.0,25.375,10.0,0.0,0.011,52.4542,5.2454,2.0,64.3761,1.7235,0.2691,1.393,0.4682,1.4147,0.0001,1.5789,0.0002,3.0846,12.0,0.0681,1.0018,0.2686,2.651,0.0063,1.0187,0.0624,2.0172,0.0,0.0,0.0,30.0006,26.0,25.0,38.0,37.0,13.0,0.0,0.0,0.0,0.0,62.5855,0.0,41.1867,0.0,0.0
18228.0,1.7419,0.0927,1.0,0.0796,1.2012,2.0544,1.0544,2.2894,1.2894,26.5792,2.0632,26.3472,2.0539,100.0,0.0,0.0,0.0,25.25,0.0,26.375,0.0,26.375,0.0,25.5,10.0,0.0,0.0103,52.4542,5.2454,2.0,64.2311,1.7231,0.271,1.3932,0.4597,1.4138,0.0001,1.5797,0.0002,3.0913,12.0,0.0685,1.0018,0.2178,2.56,0.0065,1.0358,0.0589,1.9919,0.0,0.0,0.0,30.0005,26.0,25.0,38.0,37.0,14.0,0.0,0.0,0.0,0.0,62.5853,0.0,41.1865,0.0,0.0
18229.0,1.7425,0.0928,1.0,0.0795,1.2008,2.0544,1.0544,2.2894,1.2894,26.7214,2.0689,26.3612,2.0544,100.0,0.0,0.0,0.0,25.25,0.0,26.375,0.0,26.375,0.0,25.375,10.0,0.0,0.0105,52.4541,5.2454,2.0,64.6573,1.7242,0.2662,1.3927,0.4493,1.4126,0.0001,1.5804,0.0002,3.0879,12.0,0.0677,1.0018,0.2061,2.5359,0.0065,1.0377,0.0535,1.9505,0.0,0.0,0.0,30.0004,26.0,25.0,38.0,37.0,13.0,0.0,0.0,0.0,0.0,62.5847,0.0,41.1863,0.0,0.0
18230.0,1.7425,0.0928,1.0,0.0797,1.2014,2.0546,1.0546,2.2897,1.2897,26.8043,2.0722,26.3487,2.0539,100.0,0.0,0.0,0.0,25.25,0.0,26.375,0.0,26.375,0.0,25.375,10.0,0.0,0.0103,52.4541,5.2454,2.0,64.1222,1.7228,0.2248,1.3882,0.4405,1.4117,0.0001,1.5812,0.0002,3.0942,12.0,0.0684,1.0018,0.1865,2.4924,0.0062,1.0152,0.0506,1.9264,0.0,0.0,0.0,30.0006,26.0,25.0,38.0,37.0,15.0,0.0,0.0,0.0,0.0,62.5851,0.0,41.1865,0.0,0.0
18231.0,1.7425,0.0928,1.0,0.0796,1.2013,2.0547,1.0547,2.2898,1.2898,26.7398,2.0696,26.3377,2.0535,100.0,0.0,0.0,0.0,25.25,0.0,26.375,0.0,26.375,0.0,25.375,10.0,0.0,0.0099,52.4541,5.2454,2.0,64.7314,1.7244,0.2382,1.3896,0.433,1.4109,0.0001,1.5819,0.0002,3.1018,12.0,0.0679,1.0018,0.1978,2.5181,0.0053,0.9466,0.0665,2.0445,0.0,0.0,0.0,30.0006,26.0,25.0,38.0,37.0,13.0,0.0,0.0,0.0,0.0,62.5852,0.0,41.1872,0.0,0.0
18232.0,1.7435,0.0929,1.0,0.0797,1.2014,2.0546,1.0546,2.2897,1.2897,26.6225,2.0649,26.3245,2.053,100.0,0.0,0.0,0.0,25.25,0.0,26.375,0.0,26.625,0.0,25.375,10.0,0.0,0.0104,52.4539,5.2454,2.0,65.5051,1.7265,0.3651,1.4035,0.4223,1.4097,0.0001,1.5826,0.0002,3.1078,12.0,0.0687,1.0018,0.1469,2.389,0.006,1.0015,0.0601,2.0006,0.0,0.0,0.0,30.0001,26.0,25.0,38.0,37.0,13.0,0.0,0.0,0.0,0.0,62.5857,0.0,41.1866,0.0,0.0
18233.0,1.7415,0.0927,1.0,0.0799,1.2019,2.054,1.054,2.2896,1.2896,26.5787,2.0631,26.3378,2.0535,100.0,0.0,0.0,0.0,25.25,0.0,26.375,0.0,26.375,0.0,25.375,10.0,0.0,0.0103,52.4545,5.2455,2.0,66.922,1.7302,0.4719,1.4151,0.4135,1.4087,0.0001,1.5835,0.0002,3.1072,12.0,0.0685,1.0018,0.1902,2.5012,0.0065,1.0355,0.0783,2.1158,0.0,0.0,0.0,30.0002,26.0,25.0,38.0,37.0,14.0,0.0,0.0,0.0,0.0,62.5849,0.0,41.1868,0.0,0.0
18234.0,1.7415,0.0927,1.0,0.08,1.2021,2.0537,1.0537,2.2898,1.2898,26.6891,2.0676,26.3495,2.054,100.0,0.0,0.0,0.0,25.375,0.0,26.375,0.0,26.375,0.0,25.375,10.0,0.0,0.0104,52.4544,5.2454,2.0,66.9561,1.7303,0.403,1.4076,0.4065,1.408,0.0001,1.5837,0.0003,3.112,12.0,0.0669,1.0018,0.1593,2.424,0.006,0.9996,0.0738,2.0901,0.0,0.0,0.0,30.0003,26.0,25.0,38.0,37.0,16.0,0.0,0.0,0.0,0.0,62.5857,0.0,41.1864,0.0,0.0
18235.0,1.7419,0.0927,1.0,0.0798,1.2018,2.0537,1.0537,2.2898,1.2898,26.8142,2.0726,26.3423,2.0537,100.0,0.0,0.0,0.0,25.25,0.0,26.375,0.0,26.375,0.0,25.375,10.0,0.0,0.0103,52.4546,5.2454,2.0,66.4493,1.729,0.3193,1.3985,0.3969,1.4069,0.0001,1.5842,0.0003,3.1212,12.0,0.0699,1.0019,0.1571,2.4181,0.007,1.0667,0.0772,2.1095,0.0,0.0,0.0,30.0005,26.0,25.0,38.0,37.0,13.0,0.0,0.0,0.0,0.0,62.5851,0.0,41.1865,0.0,0.0
18236.0,1.7415,0.0927,1.0,0.0796,1.2013,2.0545,1.0545,2.2898,1.2898,26.757,2.0703,26.3292,2.0532,100.0,0.0,0.0,0.0,25.375,0.0,26.375,0.0,26.375,0.0,25.375,10.0,0.0,0.0107,52.4548,5.2455,2.0,66.5665,1.7293,0.3037,1.3968,0.3879,1.406,0.0001,1.5849,0.0003,3.1276,12.0,0.0678,1.0018,0.1598,2.4253,0.0068,1.056,0.0792,2.1208,0.0,0.0,0.0,30.0003,26.0,25.0,38.0,37.0,12.0,0.0,0.0,0.0,0.0,62.5852,0.0,41.1867,0.0,0.0
18237.0,1.7415,0.0927,1.0,0.0799,1.2021,2.0547,1.0547,2.2897,1.2897,26.6442,2.0658,26.3337,2.0533,100.0,0.0,0.0,0.0,25.25,0.0,26.25,0.0,26.375,0.0,25.375,10.0,0.0,0.0102,52.4546,5.2455,2.0,66.6201,1.7294,0.3603,1.4029,0.3807,1.4052,0.0001,1.5857,0.0003,3.1213,12.0,0.0762,1.002,0.2248,2.5737,0.0059,0.9959,0.0777,2.1122,0.0,0.0,0.0,30.0001,26.0,25.0,38.0,37.0,14.0,0.0,0.0,0.0,0.0,62.5851,0.0,41.1867,0.0,0.0
18238.0,1.7413,0.0927,1.0,0.0802,1.2029,2.0543,1.0543,2.2896,1.2896,26.5397,2.0616,26.329,2.0532,100.0,0.0,0.0,0.0,25.375,0.0,26.375,0.0,26.5,0.0,25.375,10.0,0.0,0.0109,52.4549,5.2455,2.0,67.3161,1.7312,0.3198,1.3985,0.3699,1.404,0.0001,1.5863,0.0003,3.1276,12.0,0.0777,1.0021,0.2056,2.5348,0.0057,0.9809,0.0741,2.0916,0.0,0.0,0.0,29.9999,26.0,25.0,38.0,37.0,14.0,0.0,0.0,0.0,0.0,62.5854,0.0,41.1867,0.0,0.0
18239.0,1.7424,0.0928,1.0,0.0802,1.2028,2.0537,1.0537,2.2898,1.2898,26.6477,2.0659,26.3379,2.0535,100.0,0.0,0.0,0.0,25.25,0.0,26.375,0.0,26.375,0.0,25.375,10.0,0.0,0.0101,52.4546,5.2455,2.0,66.5164,1.7292,0.1981,1.3852,0.3617,1.4031,0.0001,1.5868,0.0003,3.1269,12.0,0.0776,1.0021,0.1772,2.4702,0.0058,0.9855,0.0642,2.0291,0.0,0.0,0.0,30.0,26.0,25.0,38.0,37.0,14.0,0.0,0.0,0.0,0.0,62.5852,0.0,41.1867,0.0,0.0
18240.0,1.7436,0.093,1.0,0.0802,1.2029,2.0539,1.0539,2.29,1.29,26.8027,2.0721,26.3441,2.0538,100.0,0.0,0.0,0.0,25.25,0.0,26.375,0.0,26.375,0.0,25.375,10.0,0.0,0.0098,52.4549,5.2455,2.0,65.9864,1.7278,0.1459,1.3796,0.3674,1.4037,0.0001,1.5882,0.0003,3.1323,12.0,0.0766,1.002,0.1892,2.4987,0.0061,1.007,0.066,2.0412,0.0,0.0,0.0,30.0002,26.0,25.0,38.0,37.0,12.0,0.0,0.0,0.0,0.0,62.5852,0.0,41.1868,0.0,0.0
18241.0,1.7445,0.0931,1.0,0.0801,1.2024,2.0545,1.0545,2.2899,1.2899,26.7692,2.0708,26.3305,2.0532,100.0,0.0,0.0,0.0,25.25,0.0,26.375,0.0,26.5,0.0,25.375,10.0,0.0,0.0101,52.4549,5.2455,2.0,66.3594,1.7288,0.2631,1.3923,0.3638,1.4033,0.0001,1.5885,0.0003,3.1395,12.0,0.077,1.0021,0.1752,2.4653,0.0069,1.0582,0.065,2.0345,0.0,0.0,0.0,30.0005,26.0,25.0,38.0,37.0,13.0,0.0,0.0,0.0,0.0,62.5855,0.0,41.187,0.0,0.0
18242.0,1.7436,0.0929,1.0,0.0801,1.2025,2.0542,1.0542,2.2899,1.2899,26.6591,2.0664,26.3268,2.0531,100.0,0.0,0.0,0.0,25.25,0.0,26.375,0.0,26.375,0.0,25.375,10.0,0.0,0.0104,52.4546,5.2454,2.0,66.6229,1.7294,0.2022,1.3857,0.3524,1.4021,0.0001,1.5891,0.0003,3.1447,12.0,0.0776,1.0021,0.1571,2.418,0.0059,0.9904,0.0749,2.0965,0.0,0.0,0.0,30.0003,26.0,25.0,38.0,37.0,13.0,0.0,0.0,0.0,0.0,62.5858,0.0,41.1866,0.0,0.0
18243.0,1.7435,0.0929,1.0,0.0801,1.2025,2.0544,1.0544,2.2897,1.2897,26.5504,2.062,26.3311,2.0532,100.0,0.0,0.0,0.0,25.25,0.0,26.5,0.0,26.375,0.0,25.375,10.0,0.0,0.0096,52.4546,5.2454,2.0,66.8641,1.7301,0.2974,1.3961,0.3423,1.401,0.0001,1.5896,0.0003,3.1471,12.0,0.0762,1.002,0.147,2.3891,0.0064,1.0266,0.0879,2.166,0.0,0.0,0.0,30.0009,26.0,25.0,38.0,37.0,14.0,0.0,0.0,0.0,0.0,62.5854,0.0,41.1869,0.0,0.0
18244.0,1.7444,0.0931,1.0,0.0799,1.202,2.0539,1.0539,2.2894,1.2894,26.6718,2.0669,26.3494,2.054,100.0,0.0,0.0,0.0,25.25,0.0,26.375,0.0,26.375,0.0,25.375,10.0,0.0,0.0102,52.4547,5.2455,2.0,67.7487,1.7324,0.33,1.3996,0.3322,1.3999,0.0001,1.59,0.0003,3.1537,12.0,0.0781,1.0021,0.235,2.5929,0.0055,0.9632,0.0869,2.1607,0.0,0.0,0.0,30.0003,26.0,25.0,38.0,37.0,14.0,0.0,0.0,0.0,0.0,62.5853,0.0,41.1867,0.0,0.0
18245.0,1.7444,0.0931,1.0,0.08,1.2024,2.054,1.054,2.2896,1.2896,26.7919,2.0717,26.3456,2.0538,100.0,0.0,0.0,0.0,25.375,0.0,26.5,0.0,26.375,0.0,25.375,10.0,0.0,0.01,52.4546,5.2455,2.0,68.3408,1.7339,0.408,1.4081,0.3409,1.4008,0.0001,1.5914,0.0003,3.1541,12.0,0.0757,1.002,0.2036,2.5307,0.0056,0.9736,0.0744,2.0935,0.0,0.0,0.0,30.0007,26.0,25.0,38.0,37.0,13.0,0.0,0.0,0.0,0.0,62.5854,0.0,41.1869,0.0,0.0
18246.0,1.7446,0.0931,1.0,0.0798,1.2018,2.0544,1.0544,2.2899,1.2899,26.7755,2.071,26.3329,2.0533,100.0,0.0,0.0,0.0,25.25,0.0,26.5,0.0,26.375,0.0,25.5,10.0,0.0,0.0102,52.4546,5.2455,2.0,68.8842,1.7352,0.3734,1.4044,0.3286,1.3995,0.0001,1.5912,0.0003,3.1601,12.0,0.0762,1.002,0.2114,2.547,0.006,1.001,0.0912,2.182,0.0,0.0,0.0,30.0004,26.0,25.0,38.0,37.0,13.0,0.0,0.0,0.0,0.0,62.5855,0.0,41.1868,0.0,0.0
18247.0,1.745,0.0931,1.0,0.0799,1.202,2.0546,1.0546,2.2898,1.2898,26.685,2.0674,26.3261,2.053,100.0,0.0,0.0,0.0,25.375,0.0,26.375,0.0,26.375,0.0,25.375,10.0,0.0,0.0105,52.4546,5.2455,2.0,68.9502,1.7354,0.3745,1.4045,0.3157,1.3981,0.0001,1.5914,0.0003,3.1546,12.0,0.0798,1.0021,0.1948,2.5115,0.0063,1.0213,0.0885,2.1687,0.0,0.0,0.0,30.0,26.0,25.0,38.0,38.0,14.0,0.0,0.0,0.0,0.0,62.5853,0.0,41.1866,0.0,0.0
18248.0,1.7456,0.0932,1.0,0.0798,1.2017,2.0545,1.0545,2.2895,1.2895,26.5557,2.0622,26.3236,2.0529,100.0,0.0,0.0,0.0,25.375,0.0,26.375,0.0,26.5,0.0,25.25,10.0,0.0,0.0111,52.4543,5.2455,2.0,68.7468,1.7349,0.3675,1.4037,0.3052,1.3969,0.0001,1.5918,0.0003,3.1623,12.0,0.0694,1.0019,0.2094,2.5428,0.0058,0.9842,0.0843,2.1479,0.0,0.0,0.0,30.0005,26.0,25.0,38.0,38.0,14.0,0.0,0.0,0.0,0.0,62.5854,0.0,41.1866,0.0,0.0
18249.0,1.7446,0.0931,1.0,0.0798,1.2017,2.0542,1.0542,2.2894,1.2894,26.6023,2.0641,26.3426,2.0537,100.0,0.0,0.0,0.0,25.25,0.0,26.5,0.0,26.375,0.0,25.375,10.0,0.0,0.0096,52.4547,5.2455,2.0,69.5154,1.7368,0.3996,1.4072,0.3106,1.3975,0.0001,1.593,0.0003,3.1621,12.0,0.0678,1.0018,0.1465,2.3878,0.0063,1.0182,0.0696,2.0642,0.0,0.0,0.0,30.0003,25.0,25.0,38.0,38.0,14.0,0.0,0.0,0.0,0.0,62.5851,0.0,41.1869,0.0,0.0
18250.0,1.7446,0.0931,1.0,0.0799,1.202,2.0536,1.0536,2.2898,1.2898,26.7617,2.0705,26.3514,2.0541,100.0,0.0,0.0,0.0,25.375,0.0,26.375,0.0,26.375,0.0,25.375,10.0,0.0,0.0099,52.4549,5.2455,2.0,69.9568,1.7379,0.3799,1.4051,0.3032,1.3967,0.0001,1.5931,0.0003,3.1665,12.0,0.0683,1.0018,0.158,2.4206,0.0066,1.0404,0.0743,2.0927,0.0,0.0,0.0,30.0004,25.0,25.0,38.0,38.0,15.0,0.0,0.0,0.0,0.0,62.5851,0.0,41.1873,0.0,0.0
18251.0,1.7456,0.0932,1.0,0.0798,1.2017,2.054,1.054,2.2899,1.2899,26.7945,2.0718,26.3346,2.0534,100.0,0.0,0.0,0.0,25.25,0.0,26.375,0.0,26.5,0.0,25.375,10.0,0.0,0.0101,52.4549,5.2455,2.0,69.3882,1.7365,0.3189,1.3984,0.2898,1.3952,0.0001,1.5933,0.0003,3.1717,12.0,0.0683,1.0018,0.1559,2.4148,0.0059,0.995,0.0754,2.0994,0.0,0.0,0.0,30.0002,25.0,25.0,38.0,38.0,14.0,0.0,0.0,0.0,0.0,62.5853,0.0,41.1868,0.0,0.0
18252.0,1.7457,0.0932,1.0,0.0799,1.2019,2.0546,1.0546,2.2898,1.2898,26.7153,2.0686,26.3284,2.0531,100.0,0.0,0.0,0.0,25.375,0.0,26.5,0.0,26.375,0.0,25.375,10.0,0.0,0.0095,52.455,5.2455,2.0,69.1648,1.736,0.2755,1.3937,0.2922,1.3955,0.0001,1.5943,0.0003,3.1707,12.0,0.071,1.0019,0.1524,2.4049,0.0058,0.9851,0.0659,2.0407,0.0,0.0,0.0,30.0007,25.0,25.0,38.0,38.0,13.0,0.0,0.0,0.0,0.0,62.5857,0.0,41.187,0.0,0.0
18253.0,1.7435,0.0929,1.0,0.0801,1.2026,2.0546,1.0546,2.2896,1.2896,26.5848,2.0634,26.3262,2.053,100.0,0.0,0.0,0.0,25.25,0.0,26.5,0.0,26.375,0.0,25.375,10.0,0.0,0.0106,52.4554,5.2456,2.0,69.4687,1.7367,0.2825,1.3945,0.2895,1.3952,0.0001,1.5948,0.0003,3.1746,12.0,0.0715,1.0019,0.1228,2.311,0.0056,0.9664,0.0645,2.0312,0.0,0.0,0.0,30.0003,25.0,25.0,38.0,38.0,13.0,0.0,0.0,0.0,0.0,62.5854,0.0,41.187,0.0,0.0
18254.0,1.7455,0.0932,1.0,0.0801,1.2026,2.0543,1.0543,2.2895,1.2895,26.6012,2.064,26.3499,2.054,100.0,0.0,0.0,0.0,25.375,0.0,26.375,0.0,26.375,0.0,25.375,10.0,0.0,0.0104,52.4551,5.2455,2.0,69.099,1.7358,0.1497,1.38,0.2786,1.394,0.0001,1.5949,0.0003,3.1759,12.0,0.0712,1.0019,0.1276,2.3277,0.0054,0.9505,0.0662,2.0428,0.0,0.0,0.0,30.0002,26.0,25.0,38.0,38.0,13.0,0.0,0.0,0.0,0.0,62.5853,0.0,41.1867,0.0,0.0
18255.0,1.7455,0.0932,1.0,0.08,1.2023,2.054,1.054,2.2894,1.2894,26.7816,2.0713,26.3513,2.0541,100.0,0.0,0.0,0.0,25.25,0.0,26.375,0.0,26.5,0.0,25.375,10.0,0.0,0.01,52.4552,5.2455,2.0,68.8645,1.7352,0.1931,1.3847,0.2815,1.3943,0.0001,1.5961,0.0003,3.1872,12.0,0.0718,1.0019,0.1949,2.5116,0.0061,1.0047,0.0606,2.0043,0.0,0.0,0.0,30.0003,26.0,25.0,38.0,38.0,14.0,0.0,0.0,0.0,0.0,62.5856,0.0,41.1867,0.0,0.0
18256.0,1.7446,0.0931,1.0,0.0799,1.2021,2.0543,1.0543,2.2899,1.2899,26.8008,2.072,26.3361,2.0534,100.0,0.0,0.0,0.0,25.25,0.0,26.5,0.0,26.375,0.0,25.375,10.0,0.0,0.0103,52.4553,5.2455,2.0,69.5304,1.7369,0.2397,1.3898,0.2741,1.3935,0.0001,1.5961,0.0003,3.1828,12.0,0.0728,1.0019,0.1685,2.4484,0.007,1.0642,0.0575,1.9814,0.0,0.0,0.0,29.9999,26.0,25.0,38.0,38.0,13.0,0.0,0.0,0.0,0.0,62.5855,0.0,41.1872,0.0,0.0
18257.0,1.7446,0.0931,1.0,0.0799,1.2021,2.0542,1.0542,2.2902,1.2902,26.7224,2.0689,26.3276,2.0531,100.0,0.0,0.0,0.0,25.25,0.0,26.375,0.0,26.375,0.0,25.5,10.0,0.0,0.0101,52.4552,5.2455,2.0,69.9338,1.7379,0.2562,1.3916,0.2588,1.3919,0.0001,1.596,0.0003,3.191,12.0,0.0727,1.0019,0.1748,2.4644,0.0054,0.9531,0.0563,1.9727,0.0,0.0,0.0,29.9998,26.0,25.0,38.0,38.0,15.0,0.0,0.0,0.0,0.0,62.5854,0.0,41.1866,0.0,0.0
18258.0,1.7446,0.0931,1.0,0.0801,1.2025,2.0546,1.0546,2.2901,1.2901,26.6051,2.0642,26.324,2.053,100.0,0.0,0.0,0.0,25.25,0.0,26.375,0.0,26.375,0.0,25.375,10.0,0.0,0.0104,52.4553,5.2455,2.0,69.6908,1.7373,0.2159,1.3872,0.2713,1.3932,0.0001,1.5973,0.0003,3.197,12.0,0.0787,1.0021,0.138,2.3617,0.0062,1.0135,0.0515,1.9339,0.0,0.0,0.0,29.9998,26.0,25.0,38.0,38.0,15.0,0.0,0.0,0.0,0.0,62.5852,0.0,41.1864,0.0,0.0
18259.0,1.7449,0.0931,1.0,0.08,1.2022,2.0545,1.0545,2.2895,1.2895,26.5656,2.0626,26.3466,2.0539,100.0,0.0,0.0,0.0,25.25,0.0,26.5,0.0,26.375,0.0,25.375,10.0,0.0,0.011,52.4555,5.2455,2.0,69.6284,1.7371,0.1825,1.3835,0.2543,1.3914,0.0001,1.597,0.0003,3.1912,12.0,0.0674,1.0018,0.1707,2.4541,0.0057,0.9812,0.0515,1.9338,0.0,0.0,0.0,30.0,26.0,25.0,38.0,38.0,14.0,0.0,0.0,0.0,0.0,62.5852,0.0,41.187,0.0,0.0
18260.0,1.7458,0.0932,1.0,0.0799,1.2021,2.0537,1.0537,2.2894,1.2894,26.7134,2.0685,26.3522,2.0541,100.0,0.0,0.0,0.0,25.25,0.0,26.5,0.0,26.5,0.0,25.375,10.0,0.0,0.0102,52.4554,5.2456,2.0,70.2444,1.7386,0.2444,1.3903,0.261,1.3921,0.0001,1.5982,0.0003,3.1948,12.0,0.0707,1.0019,0.1459,2.3859,0.0064,1.0303,0.0598,1.9984,0.0,0.0,0.0,30.0002,26.0,25.0,38.0,37.0,13.0,0.0,0.0,0.0,0.0,62.5851,0.0,41.1866,0.0,0.0
18261.0,1.7476,0.0935,1.0,0.0801,1.2025,2.0542,1.0542,2.2898,1.2898,26.8044,2.0722,26.3472,2.0539,100.0,0.0,0.0,0.0,25.375,0.0,26.5,0.0,26.625,0.0,25.375,10.0,0.0,0.0106,52.4556,5.2455,2.0,70.0597,1.7382,0.2422,1.3901,0.2505,1.391,0.0001,1.5982,0.0003,3.1996,12.0,0.07,1.0019,0.1525,2.4052,0.0059,0.9912,0.0601,2.0007,0.0,0.0,0.0,29.9994,26.0,25.0,38.0,37.0,13.0,0.0,0.0,0.0,0.0,62.5853,0.0,41.1864,0.0,0.0
18262.0,1.7476,0.0934,1.0,0.0799,1.2019,2.0546,1.0546,2.2898,1.2898,26.7477,2.0699,26.338,2.0535,100.0,0.0,0.0,0.0,25.25,0.0,26.5,0.0,26.375,0.0,25.375,10.0,0.0,0.0105,52.4554,5.2456,2.0,70.1289,1.7384,0.1979,1.3852,0.2408,1.3899,0.0001,1.5985,0.0003,3.2026,12.0,0.0713,1.0019,0.1351,2.3524,0.0052,0.9347,0.0581,1.9862,0.0,0.0,0.0,29.9996,26.0,25.0,38.0,37.0,15.0,0.0,0.0,0.0,0.0,62.5854,0.0,41.1863,0.0,0.0
18263.0,1.7457,0.0932,1.0,0.08,1.2022,2.0547,1.0547,2.2897,1.2897,26.6162,2.0646,26.3335,2.0533,100.0,0.0,0.0,0.0,25.25,0.0,26.5,0.0,26.5,0.0,25.375,10.0,0.0,0.0097,52.4557,5.2456,2.0,70.8995,1.7403,0.2726,1.3934,0.2488,1.3908,0.0001,1.5994,0.0003,3.2067,12.0,0.073,1.0019,0.1033,2.2358,0.0061,1.0046,0.0715,2.0761,0.0,0.0,0.0,30.0005,26.0,25.0,38.0,37.0,14.0,0.0,0.0,0.0,0.0,62.5854,0.0,41.1866,0.0,0.0
18264.0,1.7456,0.0932,1.0,0.0799,1.2019,2.0546,1.0546,2.2895,1.2895,26.5636,2.0625,26.334,2.0534,100.0,0.0,0.0,0.0,25.375,0.0,26.375,0.0,26.5,0.0,25.375,10.0,0.0,0.0102,52.4556,5.2455,2.0,70.9024,1.7403,0.2426,1.3901,0.2463,1.3905,0.0001,1.6001,0.0003,3.2113,12.0,0.0752,1.002,0.1157,2.2853,0.0064,1.0312,0.0664,2.0442,0.0,0.0,0.0,29.9999,26.0,25.0,38.0,38.0,13.0,0.0,0.0,0.0,0.0,62.5855,0.0,41.1864,0.0,0.0
18265.0,1.7466,0.0933,1.0,0.0799,1.2021,2.0541,1.0541,2.2895,1.2895,26.7056,2.0682,26.3506,2.054,100.0,0.0,0.0,0.0,25.375,0.0,26.5,0.0,26.5,0.0,25.375,10.0,0.0,0.0099,52.4554,5.2456,2.0,70.1885,1.7385,0.0605,1.3702,0.2421,1.39,0.0001,1.6002,0.0003,3.2149,12.0,0.0773,1.0021,0.1109,2.2669,0.0064,1.0262,0.0581,1.9857,0.0,0.0,0.0,29.9995,26.0,25.0,38.0,38.0,13.0,0.0,0.0,0.0,0.0,62.5852,0.0,41.1869,0.0,0.0
18266.0,1.7458,0.0932,1.0,0.0801,1.2026,2.0541,1.0541,2.2898,1.2898,26.8179,2.0727,26.3504,2.054,100.0,0.0,0.0,0.0,25.25,0.0,26.5,0.0,26.375,0.0,25.375,10.0,0.0,0.0103,52.4553,5.2455,2.0,68.8761,1.7352,-0.0191,1.3616,0.2262,1.3883,0.0001,1.6,0.0003,3.2166,12.0,0.0764,1.002,0.088,2.1664,0.0052,0.9404,0.0786,2.1175,0.0,0.0,0.0,30.0,26.0,25.0,38.0,38.0,14.0,0.0,0.0,0.0,0.0,62.5852,0.0,41.1865,0.0,0.0
18267.0,1.7456,0.0932,1.0,0.08,1.2023,2.0545,1.0545,2.2898,1.2898,26.7493,2.07,26.3393,2.0536,100.0,0.0,0.0,0.0,25.25,0.0,26.5,0.0,26.375,0.0,25.5,10.0,0.0,0.0107,52.4557,5.2455,2.0,68.8171,1.7351,0.0091,1.3646,0.2349,1.3893,0.0001,1.601,0.0003,3.2221,12.0,0.0762,1.002,0.1582,2.4211,0.0057,0.9804,0.068,2.054,0.0,0.0,0.0,29.9999,26.0,25.0,38.0,38.0,14.0,0.0,0.0,0.0,0.0,62.5854,0.0,41.1868,0.0,0.0
18268.0,1.7466,0.0933,1.0,0.0798,1.2018,2.0545,1.0545,2.2897,1.2897,26.6129,2.0645,26.3243,2.053,100.0,0.0,0.0,0.0,25.25,0.0,26.375,0.0,26.375,0.0,25.5,10.0,0.0,0.0105,52.4555,5.2455,2.0,68.4417,1.7341,-0.0889,1.3539,0.217,1.3873,0.0001,1.6009,0.0003,3.2159,12.0,0.076,1.002,0.1752,2.4654,0.0066,1.0381,0.0659,2.0404,0.0,0.0,0.0,29.9997,26.0,25.0,38.0,38.0,14.0,0.0,0.0,0.0,0.0,62.5854,0.0,41.1863,0.0,0.0
18269.0,1.7459,0.0932,1.0,0.0798,1.2018,2.0546,1.0546,2.2899,1.2899,26.5477,2.0619,26.3292,2.0532,100.0,0.0,0.0,0.0,25.25,0.0,26.375,0.0,26.5,0.0,25.375,10.0,0.0,0.0101,52.4554,5.2456,2.0,67.397,1.7315,-0.1979,1.3421,0.2267,1.3884,0.0001,1.6016,0.0003,3.2181,12.0,0.0745,1.002,0.1617,2.4305,0.0057,0.9739,0.0627,2.0188,0.0,0.0,0.0,29.9999,26.0,25.0,38.0,38.0,16.0,0.0,0.0,0.0,0.0,62.5852,0.0,41.1868,0.0,0.0
18270.0,1.7466,0.0933,1.0,0.08,1.2024,2.0541,1.0541,2.2895,1.2895,26.6543,2.0662,26.3555,2.0542,100.0,0.0,0.0,0.0,25.25,0.0,26.5,0.0,26.5,0.0,25.5,10.0,0.0,0.0107,52.4555,5.2455,2.0,66.9361,1.7303,-0.1733,1.3447,0.2079,1.3863,0.0001,1.6013,0.0003,3.2145,12.0,0.0762,1.002,0.1563,2.4158,0.0057,0.9813,0.0657,2.0394,0.0,0.0,0.0,30.0003,26.0,25.0,38.0,38.0,15.0,0.0,0.0,0.0,0.0,62.5852,0.0,41.187,0.0,0.0
18271.0,1.7465,0.0933,1.0,0.0798,1.2018,2.054,1.054,2.2897,1.2897,26.8075,2.0723,26.3512,2.054,100.0,0.0,0.0,0.0,25.375,0.0,26.5,0.0,26.375,0.0,25.5,10.0,0.0,0.0106,52.4557,5.2456,2.0,67.913,1.7328,-0.0183,1.3616,0.2197,1.3876,0.0001,1.6025,0.0003,3.2254,12.0,0.075,1.002,0.1304,2.3371,0.0056,0.9725,0.071,2.073,0.0,0.0,0.0,30.0002,26.0,25.0,38.0,38.0,13.0,0.0,0.0,0.0,0.0,62.5857,0.0,41.1869,0.0,0.0
18272.0,1.7475,0.0934,1.0,0.0799,1.2019,2.0549,1.0549,2.2898,1.2898,26.7618,2.0705,26.3389,2.0536,100.0,0.0,0.0,0.0,25.375,0.0,26.375,0.0,26.5,0.0,25.5,10.0,0.0,0.0101,52.4556,5.2456,2.0,68.9003,1.7353,0.059,1.3701,0.2027,1.3857,0.0001,1.6021,0.0003,3.2241,12.0,0.0739,1.002,0.2033,2.53,0.0061,1.0088,0.0727,2.0834,0.0,0.0,0.0,29.9998,26.0,25.0,38.0,38.0,14.0,0.0,0.0,0.0,0.0,62.5852,0.0,41.1868,0.0,0.0
18273.0,1.7498,0.0937,1.0,0.0799,1.202,2.0546,1.0546,2.2898,1.2898,26.6561,2.0662,26.3343,2.0534,100.0,0.0,0.0,0.0,25.375,0.0,26.375,0.0,26.375,0.0,25.5,10.0,0.0,0.0101,52.4559,5.2456,2.0,69.5717,1.737,0.1271,1.3775,0.2126,1.3868,0.0001,1.603,0.0003,3.232,12.0,0.0735,1.002,0.1902,2.5011,0.0053,0.9445,0.0649,2.0341,0.0,0.0,0.0,29.9998,26.0,25.0,38.0,38.0,14.0,0.0,0.0,0.0,0.0,62.5853,64.0,41.188,0.0,0.0
18274.0,1.7578,0.0947,1.0,0.0799,1.2021,2.0546,1.0546,2.2895,1.2895,26.5499,2.062,26.3293,2.0532,100.0,0.0,0.0,0.0,25.375,0.0,26.5,0.0,26.375,0.0,25.5,10.0,0.0,0.0103,52.4559,5.2456,2.0,69.5807,1.737,0.0907,1.3735,0.193,1.3847,0.0001,1.6026,0.0003,3.2325,12.0,0.0698,1.0019,0.1644,2.4377,0.0061,1.0041,0.0601,2.0006,0.0,0.0,0.0,29.9994,25.0,25.0,38.0,38.0,13.0,0.0,0.0,0.0,0.0,62.585,64.0,41.3569,0.0,0.0
18275.0,1.7592,0.0949,1.0,0.0799,1.202,2.0542,1.0542,2.2895,1.2895,26.635,2.0654,26.3467,2.0539,100.0,0.0,0.0,0.0,25.375,0.0,26.5,0.0,26.5,0.0,25.5,10.0,0.0,0.0102,52.4558,5.2456,2.0,68.2975,1.7338,-0.0835,1.3545,0.2002,1.3855,0.0001,1.6032,0.0003,3.2342,12.0,0.0672,1.0018,0.1803,2.4778,0.0062,1.0176,0.0627,2.019,0.0,0.0,0.0,29.9999,25.0,25.0,38.0,38.0,13.0,0.0,0.0,0.0,0.0,62.5852,64.0,41.5347,0.0,0.0
18276.0,1.7594,0.0949,1.0,0.0796,1.2011,2.054,1.054,2.2896,1.2896,26.8013,2.0721,26.3564,2.0543,100.0,0.0,0.0,0.0,25.375,0.0,26.375,0.0,26.5,0.0,25.5,10.0,0.0,0.01,52.4556,5.2455,2.0,68.0751,1.7332,-0.0062,1.363,0.208,1.3863,0.0001,1.604,0.0003,3.2365,12.0,0.0673,1.0018,0.1563,2.4157,0.0057,0.9813,0.061,2.0071,0.0,0.0,0.0,29.9998,25.0,25.0,38.0,38.0,13.0,0.0,0.0,0.0,0.0,62.5855,64.0,41.758,0.0,0.0
18277.0,1.7567,0.0946,1.0,0.0798,1.2017,2.0545,1.0545,2.2898,1.2898,26.7807,2.0712,26.3324,2.0533,100.0,0.0,0.0,0.0,25.375,0.0,26.375,0.0,26.5,0.0,25.5,10.0,0.0,0.01,52.4559,5.2456,2.0,68.2271,1.7336,-0.058,1.3573,0.1882,1.3842,0.0001,1.6037,0.0003,3.242,12.0,0.0655,1.0017,0.1759,2.4671,0.0053,0.9467,0.0616,2.0117,0.0,0.0,0.0,30.0,25.0,25.0,38.0,38.0,14.0,0.0,0.0,0.0,0.0,62.5855,64.0,41.9147,0.0,0.0
18278.0,1.7519,0.094,1.0,0.0801,1.2024,2.0542,1.0542,2.2897,1.2897,26.6548,2.0662,26.325,2.053,100.0,0.0,0.0,0.0,25.25,0.0,26.375,0.0,26.375,0.0,25.5,10.0,0.0,0.01,52.456,5.2456,2.0,68.1556,1.7334,0.0104,1.3648,0.2012,1.3856,0.0001,1.6047,0.0003,3.2448,12.0,0.0694,1.0019,0.1607,2.4278,0.0056,0.9695,0.0614,2.0098,0.0,0.0,0.0,30.0,26.0,25.0,38.0,38.0,13.0,0.0,0.0,0.0,0.0,62.5847,64.0,42.0844,0.0,0.0
18279.0,1.7509,0.0939,1.0,0.0802,1.2028,2.0546,1.0546,2.2895,1.2895,26.5587,2.0623,26.3245,2.053,100.0,0.0,0.0,0.0,25.5,0.0,26.375,0.0,26.5,0.0,25.5,10.0,0.0,0.0102,52.4562,5.2456,2.0,69.2962,1.7363,0.1548,1.3805,0.1777,1.383,0.0001,1.6041,0.0003,3.2445,12.0,0.0716,1.0019,0.133,2.3458,0.0062,1.0124,0.0695,2.0641,0.0,0.0,0.0,29.9997,26.0,25.0,38.0,38.0,12.0,0.0,0.0,0.0,0.0,62.585,64.0,42.2738,0.0,0.0
18280.0,1.7499,0.0937,1.0,0.0799,1.202,2.0542,1.0542,2.2894,1.2894,26.6069,2.0643,26.3432,2.0537,100.0,0.0,0.0,0.0,25.375,0.0,26.375,0.0,26.375,0.0,25.375,10.0,0.0,0.0099,52.456,5.2456,2.0,70.3692,1.739,0.2268,1.3884,0.1854,1.3839,0.0001,1.6049,0.0003,3.2455,12.0,0.07,1.0019,0.2014,2.526,0.006,0.9981,0.0602,2.0017,0.0,0.0,0.0,29.9996,26.0,25.0,38.0,38.0,14.0,0.0,0.0,0.0,0.0,62.5859,64.0,42.4547,0.0,0.0
18281.0,1.7486,0.0936,1.0,0.0794,1.2007,2.0539,1.0539,2.2895,1.2895,26.7664,2.0707,26.3511,2.054,100.0,0.0,0.0,0.0,25.375,0.0,26.375,0.0,26.375,0.0,25.375,10.0,0.0,0.0108,52.4555,5.2455,2.0,71.199,1.741,0.2939,1.3957,0.1934,1.3847,0.0001,1.6056,0.0003,3.2419,12.0,0.0675,1.0018,0.1919,2.505,0.0064,1.0256,0.0627,2.0193,0.0,0.0,0.0,29.9995,26.0,25.0,38.0,38.0,13.0,0.0,0.0,0.0,0.0,62.585,64.0,42.645,0.0,0.0
18282.0,1.7468,0.0934,1.0,0.0798,1.2016,2.0544,1.0544,2.2899,1.2899,26.7936,2.0717,26.344,2.0538,100.0,0.0,0.0,0.0,25.375,0.0,26.375,0.0,26.5,0.0,25.5,10.0,0.0,0.0099,52.456,5.2456,2.0,72.2128,1.7434,0.4375,1.4114,0.1717,1.3824,0.0001,1.6051,0.0003,3.2499,12.0,0.0654,1.0017,0.1829,2.4841,0.0051,0.9271,0.0567,1.9755,0.0,0.0,0.0,29.9996,26.0,25.0,38.0,38.0,14.0,0.0,0.0,0.0,0.0,62.5849,64.0,42.8127,0.0,0.0
18283.0,1.7477,0.0935,1.0,0.0799,1.202,2.0546,1.0546,2.2897,1.2897,26.7095,2.0684,26.3371,2.0535,100.0,0.0,0.0,0.0,25.375,0.0,26.375,0.0,26.5,0.0,25.5,10.0,0.0,0.0095,52.4562,5.2456,2.0,72.7723,1.7448,0.3768,1.4047,0.1796,1.3832,0.0001,1.6059,0.0003,3.2462,12.0,0.0685,1.0018,0.2576,2.6329,0.0057,0.9762,0.0561,1.9705,0.0,0.0,0.0,29.9997,26.0,25.0,38.0,38.0,13.0,0.0,0.0,0.0,0.0,62.5852,64.0,42.9886,0.0,0.0
18284.0,1.7496,0.0937,1.0,0.08,1.2021,2.0542,1.0542,2.2895,1.2895,26.5718,2.0629,26.324,2.053,100.0,0.0,0.0,0.0,25.25,0.0,26.375,0.0,26.375,0.0,25.375,10.0,0.0,0.0107,52.4561,5.2456,2.0,72.1035,1.7432,0.2889,1.3952,0.189,1.3843,0.0001,1.6068,0.0003,3.2515,12.0,0.0681,1.0018,0.1937,2.509,0.0067,1.048,0.0682,2.0556,0.0,0.0,0.0,29.9998,26.0,25.0,38.0,38.0,14.0,0.0,0.0,0.0,0.0,62.5851,64.0,43.1817,0.0,0.0
18285.0,1.5593,0.0699,1.0,0.08,1.2023,2.0543,1.0543,2.2894,1.2894,26.6108,2.0644,26.342,2.0537,100.0,0.0,0.0,0.0,25.375,0.0,26.5,0.0,26.375,0.0,25.5,10.0,0.0,0.0099,52.456,5.2456,2.0,72.4366,1.744,0.3178,1.3983,0.1956,1.385,0.0001,1.6074,0.0003,3.2648,12.0,0.0728,1.0019,0.2054,2.5345,0.0054,0.9504,0.0621,2.0151,0.0,0.0,0.0,30.0,26.0,25.0,38.0,38.0,14.0,0.0,0.0,0.0,0.0,62.5849,64.0,43.4065,0.0,0.0
18286.0,1.4071,0.0509,1.0,0.08,1.2021,2.054,1.054,2.2893,1.2893,26.7595,2.0704,26.3608,2.0544,100.0,0.0,0.0,0.0,25.25,0.0,26.375,0.0,26.5,0.0,25.375,10.0,0.0,0.0099,52.456,5.2456,2.0,71.8182,1.7425,0.2431,1.3902,0.1991,1.3854,0.0001,1.6079,0.0003,3.2689,12.0,0.0695,1.0019,0.2914,2.6864,0.0057,0.9787,0.0589,1.9922,0.0,0.0,0.0,29.9998,26.0,25.0,38.0,38.0,15.0,0.0,0.0,0.0,0.0,62.5856,64.0,43.5597,0.0,0.0
18287.0,1.5095,0.0637,1.0,0.08,1.2023,2.0543,1.0543,2.2898,1.2898,26.8099,2.0724,26.3439,2.0538,100.0,0.0,0.0,0.0,25.375,0.0,26.5,0.0,26.5,0.0,25.375,10.0,0.0,0.0099,52.4563,5.2457,2.0,72.845,1.745,0.3467,1.4015,0.2307,1.3888,0.0001,1.6097,0.0003,3.2698,12.0,0.0735,1.002,0.3805,2.8022,0.0058,0.9822,0.0584,1.9884,0.0,0.0,0.0,29.9995,26.0,25.0,38.0,38.0,14.0,0.0,0.0,0.0,0.0,62.5857,64.0,43.7549,0.0,0.0
18288.0,1.607,0.0759,1.0,0.0799,1.202,2.0546,1.0546,2.2897,1.2897,26.73,2.0692,26.3275,2.0531,100.0,0.0,0.0,0.0,25.375,0.0,26.375,0.0,26.5,0.0,25.5,10.0,0.0,0.0093,52.4564,5.2457,2.0,73.5841,1.7467,0.4167,1.4091,0.2355,1.3893,0.0001,1.6106,0.0003,3.2736,12.0,0.0765,1.002,0.3034,2.7038,0.0062,1.0171,0.059,1.9929,0.0,0.0,0.0,29.9997,26.0,25.0,38.0,38.0,15.0,0.0,0.0,0.0,0.0,62.5852,64.0,43.9276,0.0,0.0
18289.0,1.6609,0.0826,1.0,0.08,1.2023,2.0547,1.0547,2.2896,1.2896,26.6035,2.0641,26.3245,2.053,100.0,0.0,0.0,0.0,25.375,0.0,26.375,0.0,26.375,0.0,25.375,10.0,0.0,0.0098,52.4561,5.2456,2.0,74.9076,1.7498,0.5085,1.4191,0.2614,1.3922,0.0001,1.6124,0.0003,3.2783,12.0,0.0771,1.0021,0.2971,2.6948,0.0064,1.031,0.0522,1.9396,0.0,0.0,0.0,29.9996,26.0,25.0,38.0,37.0,13.0,0.0,0.0,0.0,0.0,62.5849,64.0,44.1063,0.0,0.0
18290.0,1.6905,0.0863,1.0,0.0801,1.2027,2.0549,1.0549,2.289,1.289,26.5721,2.0629,26.3463,2.0539,100.0,0.0,0.0,0.0,25.375,0.0,26.375,0.0,26.375,0.0,25.375,10.0,0.0,0.0099,52.456,5.2456,2.0,75.7568,1.7518,0.541,1.4227,0.2842,1.3946,0.0001,1.6139,0.0003,3.2867,12.0,0.0789,1.0021,0.365,2.7841,0.0057,0.9769,0.0566,1.9744,0.0,0.0,0.0,29.9992,26.0,25.0,38.0,37.0,14.0,0.0,0.0,0.0,0.0,62.5849,64.0,44.3394,0.0,0.0
18291.0,1.7091,0.0886,1.0,0.0803,1.203,2.0544,1.0544,2.289,1.289,26.7172,2.0687,26.3625,2.0545,100.0,0.0,0.0,0.0,25.25,0.0,26.375,0.0,26.5,0.0,25.5,10.0,0.0,0.0107,52.4563,5.2457,2.0,75.4039,1.751,0.4829,1.4163,0.3094,1.3974,0.0001,1.6157,0.0003,3.2989,12.0,0.0768,1.002,0.3455,2.7603,0.0058,0.983,0.0651,2.0351,0.0,0.0,0.0,30.0,26.0,25.0,38.0,37.0,14.0,0.0,0.0,0.0,0.0,62.5854,64.0,44.5265,0.0,0.0
18292.0,1.7262,0.0908,1.0,0.0799,1.2021,2.0541,1.0541,2.2897,1.2897,26.8149,2.0726,26.3395,2.0536,100.0,0.0,0.0,0.0,25.375,0.0,26.375,0.0,26.5,0.0,25.375,10.0,0.0,0.0094,52.4562,5.2456,2.0,75.3611,1.7509,0.433,1.4109,0.3311,1.3998,0.0001,1.6172,0.0003,3.2986,12.0,0.071,1.0019,0.2564,2.6307,0.0062,1.0135,0.0655,2.0378,0.0,0.0,0.0,29.9999,26.0,25.0,38.0,37.0,16.0,0.0,0.0,0.0,0.0,62.5851,64.0,44.6915,0.0,0.0
18293.0,1.7365,0.0921,1.0,0.08,1.2023,2.0546,1.0546,2.2898,1.2898,26.7309,2.0692,26.328,2.0531,100.0,0.0,0.0,0.0,25.25,0.0,26.5,0.0,26.375,0.0,25.375,10.0,0.0,0.01,52.4564,5.2456,2.0,75.4206,1.751,0.3718,1.4042,0.3758,1.4046,0.0001,1.6196,0.0003,3.3106,12.0,0.0741,1.002,0.2431,2.6077,0.0061,1.0061,0.0681,2.0547,0.0,0.0,0.0,29.9993,26.0,25.0,38.0,38.0,16.0,0.0,0.0,0.0,0.0,62.5852,64.0,44.8434,0.0,0.0
18294.0,1.74,0.0925,1.0,0.0799,1.202,2.0546,1.0546,2.2896,1.2896,26.6351,2.0654,26.3246,2.053,100.0,0.0,0.0,0.0,25.25,0.0,26.5,0.0,26.5,0.0,25.5,10.0,0.0,0.0101,52.4564,5.2457,2.0,75.3334,1.7508,0.4373,1.4113,0.4017,1.4075,0.0001,1.6217,0.0003,3.3179,12.0,0.0717,1.0019,0.3008,2.7002,0.0058,0.9847,0.0645,2.0313,0.0,0.0,0.0,29.9999,26.0,25.0,38.0,38.0,14.0,0.0,0.0,0.0,0.0,62.5854,0.0,44.9944,0.0,0.0
18295.0,1.7424,0.0928,1.0,0.08,1.2022,2.0545,1.0545,2.2895,1.2894,26.5729,2.0628,26.3402,2.0535,100.0,0.0,0.0,0.0,25.25,0.0,26.375,0.0,26.5,0.0,25.375,10.0,0.0,0.01,52.4564,5.2456,2.0,78.001,1.7568,0.6575,1.4354,0.4413,1.4118,0.0001,1.6244,0.0003,3.3366,12.0,0.0763,1.002,0.3032,2.7035,0.0062,1.0167,0.0665,2.0445,0.0,0.0,0.0,29.9996,25.0,25.0,38.0,38.0,13.0,0.0,0.0,0.0,0.0,62.5848,0.0,44.9986,0.0,0.0
18296.0,1.7453,0.0932,1.0,0.08,1.2022,2.0541,1.0541,2.2893,1.2893,26.6974,2.0679,26.359,2.0544,100.0,0.0,0.0,0.0,25.375,0.0,26.375,0.0,26.5,0.0,25.375,10.0,0.0,0.0103,52.4566,5.2456,2.0,79.1162,1.7593,0.7289,1.4432,0.4809,1.4161,0.0001,1.627,0.0003,3.3462,12.0,0.0765,1.002,0.2734,2.6586,0.0064,1.0269,0.064,2.0279,0.0,0.0,0.0,29.9995,25.0,25.0,38.0,38.0,15.0,0.0,0.0,0.0,0.0,62.5858,0.0,44.9985,0.0,0.0
18297.0,1.7474,0.0934,1.0,0.0802,1.2028,2.054,1.054,2.2897,1.2897,26.8179,2.0727,26.3484,2.0539,100.0,0.0,0.0,0.0,25.375,0.0,26.375,0.0,26.375,0.0,25.375,10.0,0.0,0.0106,52.4565,5.2456,2.0,79.8367,1.7609,0.7215,1.4423,0.5224,1.4206,0.0002,1.6299,0.0003,3.3514,12.0,0.0786,1.0021,0.253,2.625,0.0066,1.0414,0.0542,1.9561,0.0,0.0,0.0,29.9996,25.0,25.0,38.0,38.0,14.0,0.0,0.0,0.0,0.0,62.5849,0.0,44.9986,0.0,0.0
18298.0,1.7478,0.0935,1.0,0.0804,1.2033,2.0546,1.0546,2.2898,1.2898,26.7342,2.0694,26.3326,2.0533,100.0,0.0,0.0,0.0,25.5,0.0,26.5,0.0,26.375,0.0,25.5,10.0,0.0,0.0105,52.4565,5.2457,2.0,80.5943,1.7625,0.7518,1.4457,0.5752,1.4264,0.0002,1.6337,0.0003,3.3633,12.0,0.0753,1.002,0.2333,2.5898,0.0062,1.0113,0.0534,1.9494,0.0,0.0,0.0,29.9999,25.0,25.0,38.0,38.0,14.0,0.0,0.0,0.0,0.0,62.5852,0.0,44.9984,0.0,0.0
18299.0,1.7507,0.0938,1.0,0.0801,1.2025,2.0546,1.0546,2.2897,1.2897,26.6132,2.0645,26.3335,2.0533,100.0,0.0,0.0,0.0,25.375,0.0,26.375,0.0,26.5,0.0,25.375,10.0,0.0,0.0104,52.4568,5.2457,2.0,81.6735,1.7648,0.848,1.4561,0.6242,1.4317,0.0002,1.637,0.0003,3.3853,12.0,0.0747,1.002,0.2421,2.6059,0.0059,0.9931,0.053,1.946,0.0,0.0,0.0,29.9997,26.0,25.0,38.0,38.0,16.0,0.0,0.0,0.0,0.0,62.5857,0.0,44.9987,0.0,0.0
18300.0,1.75,0.0938,1.0,0.0801,1.2024,2.0546,1.0546,2.2894,1.2894,26.5625,2.0625,26.3419,2.0537,100.0,0.0,0.0,0.0,25.375,0.0,26.375,0.0,26.5,0.0,25.5,10.0,0.0,0.0098,52.457,5.2457,2.0,83.8059,1.7693,0.9845,1.471,0.6741,1.4372,0.0002,1.6402,0.0003,3.394,12.0,0.0778,1.0021,0.2267,2.5773,0.0065,1.0376,0.0547,1.9599,0.0,0.0,0.0,29.9995,26.0,25.0,38.0,38.0,15.0,0.0,0.0,0.0,0.0,62.5855,0.0,44.9986,0.0,0.0
18301.0,1.7489,0.0936,1.0,0.0803,1.203,2.0542,1.0542,2.289,1.289,26.6557,2.0662,26.3575,2.0543,100.0,0.0,0.0,0.0,25.375,0.0,26.375,0.0,26.375,0.0,25.375,10.0,0.0,0.0098,52.4571,5.2457,2.0,84.8292,1.7714,0.9157,1.4635,0.7149,1.4416,0.0002,1.6431,0.0003,3.4082,12.0,0.0787,1.0021,0.2032,2.5297,0.0061,1.0092,0.0495,1.9164,0.0,0.0,0.0,29.9998,26.0,25.0,38.0,37.0,14.0,0.0,0.0,0.0,0.0,62.5853,0.0,44.9981,0.0,0.0
18302.0,1.7435,0.0929,1.0,0.0802,1.2029,2.0543,1.0543,2.2892,1.2892,26.8009,2.072,26.3557,2.0542,100.0,0.0,0.0,0.0,25.25,0.0,26.375,0.0,26.5,0.0,25.375,10.0,0.0,0.0108,52.4568,5.2457,2.0,84.9143,1.7716,1.015,1.4744,0.7711,1.4478,0.0002,1.6471,0.0003,3.4347,12.0,0.0767,1.002,0.2235,2.5711,0.0059,0.9917,0.0584,1.9882,0.0,0.0,0.0,29.9996,26.0,25.0,38.0,37.0,13.0,0.0,0.0,0.0,0.0,62.5852,0.0,44.9987,0.0,0.0
18303.0,1.7454,0.0932,1.0,0.0799,1.2019,2.0545,1.0545,2.2895,1.2895,26.7746,2.071,26.3391,2.0536,100.0,0.0,0.0,0.0,25.25,0.0,26.375,0.0,26.375,0.0,25.375,10.0,0.0,0.0095,52.4571,5.2457,2.0,88.303,1.7784,1.2426,1.4992,0.8164,1.4527,0.0002,1.6506,0.0003,3.4512,12.0,0.0722,1.0019,0.1605,2.4274,0.0057,0.9797,0.0686,2.0581,0.0,0.0,0.0,29.9997,26.0,25.0,38.0,37.0,13.0,0.0,0.0,0.0,0.0,62.5853,0.0,44.998,0.0,0.0
18304.0,1.7465,0.0933,1.0,0.0801,1.2025,2.0546,1.0546,2.2893,1.2893,26.6682,2.0667,26.3349,2.0534,100.0,0.0,0.0,0.0,25.25,0.0,26.5,0.0,26.375,0.0,25.375,10.0,0.0,0.0102,52.4566,5.2457,2.0,90.7121,1.7831,1.355,1.5115,0.8686,1.4584,0.0002,1.6547,0.0003,3.4717,12.0,0.0746,1.002,0.1505,2.3995,0.0055,0.9633,0.0708,2.0721,0.0,0.0,0.0,29.9997,26.0,25.0,38.0,37.0,15.0,0.0,0.0,0.0,0.0,62.5849,0.0,44.9985,0.0,0.0
18305.0,1.7495,0.0937,1.0,0.0802,1.2027,2.0549,1.0549,2.2891,1.2891,26.5621,2.0625,26.3332,2.0533,100.0,0.0,0.0,0.0,25.25,0.0,26.375,0.0,26.375,0.0,25.375,10.0,0.0,0.0101,52.4572,5.2457,2.0,92.7741,1.787,1.459,1.5228,0.9248,1.4645,0.0002,1.6587,0.0003,3.4932,12.0,0.0728,1.0019,0.1837,2.4859,0.0063,1.0212,0.0671,2.0486,0.0,0.0,0.0,29.9996,26.0,25.0,38.0,37.0,13.0,0.0,0.0,0.0,0.0,62.5853,0.0,44.998,0.0,0.0
18306.0,1.7508,0.0938,1.0,0.0801,1.2024,2.0542,1.0542,2.2891,1.2891,26.6385,2.0655,26.3546,2.0542,100.0,0.0,0.0,0.0,25.5,0.0,26.375,0.0,26.5,0.0,25.375,10.0,0.0,0.0099,52.4569,5.2457,2.0,95.0688,1.7912,1.512,1.5286,0.9713,1.4696,0.0002,1.663,0.0003,3.5088,12.0,0.0736,1.002,0.1422,2.3749,0.0065,1.0316,0.0714,2.0757,0.0,0.0,0.0,29.9994,26.0,25.0,38.0,37.0,16.0,0.0,0.0,0.0,0.0,62.5848,0.0,44.9974,0.0,0.0
18307.0,1.7508,0.0938,1.0,0.0802,1.2027,2.0539,1.0539,2.2895,1.2895,26.7893,2.0716,26.3485,2.0539,100.0,0.0,0.0,0.0,25.375,0.0,26.5,0.0,26.5,0.0,25.375,10.0,0.0,0.0103,52.4569,5.2457,2.0,97.6087,1.7958,1.6164,1.54,1.0072,1.4735,0.0002,1.6667,0.0003,3.531,12.0,0.0738,1.002,0.1606,2.4275,0.0061,1.008,0.0646,2.0323,0.0,0.0,0.0,29.9994,26.0,25.0,38.0,37.0,15.0,0.0,0.0,0.0,0.0,62.585,0.0,44.9983,0.0,0.0
18308.0,1.7509,0.0939,1.0,0.08,1.2022,2.0545,1.0545,2.2894,1.2894,26.7841,2.0714,26.3427,2.0537,100.0,0.0,0.0,0.0,25.375,0.0,26.5,0.0,26.375,0.0,25.5,10.0,0.0,0.0094,52.4569,5.2457,2.0,99.9066,1.7998,1.6339,1.5419,1.0448,1.4776,0.0002,1.6706,0.0003,3.5497,12.0,0.0717,1.0019,0.1467,2.3883,0.0059,0.9902,0.0556,1.9672,0.0,0.0,0.0,29.9992,26.0,25.0,38.0,37.0,15.0,0.0,0.0,0.0,0.0,62.5849,0.0,44.9978,0.0,0.0
18309.0,1.7508,0.0938,1.0,0.08,1.2022,2.0547,1.0547,2.2895,1.2895,26.6779,2.0671,26.3365,2.0535,100.0,0.0,0.0,0.0,25.25,0.0,26.375,0.0,26.5,0.0,25.375,10.0,0.0,0.0098,52.457,5.2457,2.0,100.88,1.8015,1.5875,1.5368,1.0826,1.4817,0.0002,1.6749,0.0003,3.5814,12.0,0.0739,1.002,0.1258,2.3215,0.0062,1.0137,0.0509,1.9289,0.0,0.0,0.0,29.9989,26.0,25.0,38.0,37.0,14.0,0.0,0.0,0.0,0.0,62.5847,0.0,44.998,0.0,0.0
18310.0,1.7518,0.094,1.0,0.0798,1.2018,2.0547,1.0547,2.2894,1.2894,26.5586,2.0623,26.3299,2.0532,100.0,0.0,0.0,0.0,25.375,0.0,26.5,0.0,26.375,0.0,25.625,10.0,0.0,0.0101,52.4568,5.2457,2.0,103.7657,1.8064,1.7111,1.5503,1.1142,1.4852,0.0002,1.6791,0.0003,3.5935,12.0,0.0751,1.002,0.1421,2.3744,0.006,0.9986,0.0509,1.9282,0.0,0.0,0.0,29.9992,26.0,25.0,38.0,37.0,13.0,0.0,0.0,0.0,0.0,62.5853,0.0,44.9978,0.0,0.0
18311.0,1.7498,0.0937,1.0,0.08,1.2022,2.0538,1.0538,2.2895,1.2895,26.6367,2.0655,26.3445,2.0538,100.0,0.0,0.0,0.0,25.25,0.0,26.375,0.0,26.375,0.0,25.375,10.0,0.0,0.0101,52.457,5.2457,2.0,105.8471,1.8099,1.7085,1.55,1.135,1.4875,0.0002,1.6823,0.0003,3.6233,12.0,0.0731,1.0019,0.1092,2.26,0.0056,0.9713,0.0573,1.9803,0.0,0.0,0.0,29.9993,26.0,25.0,38.0,37.0,17.0,0.0,0.0,0.0,0.0,62.5848,0.0,44.9977,0.0,0.0
18312.0,1.7475,0.0934,1.0,0.0799,1.2019,2.0537,1.0537,2.2893,1.2893,26.7973,2.0719,26.3521,2.0541,100.0,0.0,0.0,0.0,25.25,0.0,26.375,0.0,26.5,0.0,25.375,10.0,0.0,0.0101,52.4572,5.2457,2.0,107.8388,1.8131,1.6776,1.5467,1.159,1.4901,0.0002,1.686,0.0003,3.6337,12.0,0.074,1.002,0.1664,2.4429,0.0064,1.0311,0.0492,1.9139,0.0,0.0,0.0,29.9997,26.0,25.0,38.0,37.0,15.0,0.0,0.0,0.0,0.0,62.585,0.0,44.9982,0.0,0.0
18313.0,1.75,0.0938,1.0,0.0798,1.2017,2.0543,1.0543,2.2894,1.2894,26.8066,2.0723,26.344,2.0538,100.0,0.0,0.0,0.0,25.25,0.0,26.375,0.0,26.375,0.0,25.375,10.0,0.0,0.0104,52.4575,5.2457,2.0,108.5568,1.8143,1.6331,1.5418,1.1701,1.4913,0.0002,1.6884,0.0003,3.6578,12.0,0.0725,1.0019,0.1613,2.4295,0.0064,1.0313,0.048,1.9033,0.0,0.0,0.0,29.9992,26.0,25.0,38.0,37.0,13.0,0.0,0.0,0.0,0.0,62.5846,0.0,44.9979,0.0,0.0
18314.0,1.7508,0.0939,1.0,0.0796,1.2012,2.0549,1.0549,2.2894,1.2894,26.7092,2.0684,26.3372,2.0535,100.0,0.0,0.0,0.0,25.25,0.0,26.375,0.0,26.375,0.0,25.375,10.0,0.0,0.0104,52.4574,5.2457,2.0,109.7081,1.8161,1.5654,1.5344,1.1919,1.4937,0.0002,1.6926,0.0003,1.848,11.0,0.0648,1.0017,0.1674,2.4456,0.0062,1.0145,0.0477,1.9002,0.0,0.0,0.0,29.9994,26.0,25.0,38.0,37.0,13.0,0.0,0.0,0.0,0.0,62.5849,0.0,44.9979,0.0,0.0
18315.0,1.7508,0.0938,1.0,0.0798,1.2016,2.0547,1.0547,2.2893,1.2893,26.5822,2.0633,26.3334,2.0533,100.0,0.0,0.0,0.0,25.375,0.0,26.375,0.0,26.375,0.0,25.375,10.0,0.0,0.0103,52.4572,5.2457,2.0,111.5142,1.8189,1.5182,1.5293,1.1916,1.4936,0.0002,1.6955,0.0003,1.8544,11.0,0.0641,1.0017,0.1581,2.4209,0.0065,1.0362,0.0609,2.0061,0.0,0.0,0.0,29.9994,26.0,25.0,38.0,37.0,12.0,0.0,0.0,0.0,0.0,62.5852,0.0,44.9982,0.0,0.0
18316.0,1.7529,0.0941,1.0,0.0798,1.2018,2.0544,1.0544,2.289,1.289,26.5849,2.0634,26.3502,2.054,100.0,0.0,0.0,0.0,25.375,0.0,26.5,0.0,26.375,0.0,25.375,10.0,0.0,0.0103,52.4572,5.2457,2.0,112.5594,1.8206,1.4635,1.5233,1.1964,1.4941,0.0002,1.6982,0.0003,1.8598,11.0,0.0648,1.0017,0.1519,2.4033,0.0058,0.9845,0.0565,1.9742,0.0,0.0,0.0,29.9989,26.0,25.0,38.0,37.0,12.0,0.0,0.0,0.0,0.0,62.5849,0.0,44.9977,0.0,0.0
18317.0,1.7569,0.0946,1.0,0.0797,1.2015,2.054,1.054,2.2893,1.2893,26.7533,2.0701,26.3539,2.0542,100.0,0.0,0.0,0.0,25.375,0.0,26.375,0.0,26.5,0.0,25.375,10.0,0.0,0.0105,52.4571,5.2457,2.0,112.63,1.8207,1.3774,1.5139,1.2008,1.4946,0.0002,1.7013,0.0003,1.8659,11.0,0.0672,1.0018,0.1538,2.4087,0.0062,1.015,0.0588,1.9916,0.0,0.0,0.0,29.9991,26.0,25.0,38.0,37.0,14.0,0.0,0.0,0.0,0.0,62.5845,0.0,44.9977,0.0,0.0
18318.0,1.7571,0.0946,1.0,0.0799,1.2021,2.0539,1.0539,2.2895,1.2895,26.8123,2.0725,26.3364,2.0535,100.0,0.0,0.0,0.0,25.25,0.0,26.375,0.0,26.5,0.0,25.375,10.0,0.0,0.0104,52.4572,5.2457,2.0,114.2979,1.8232,1.275,1.5027,1.2016,1.4947,0.0002,1.7047,0.0003,1.8743,11.0,0.0654,1.0017,0.241,2.6038,0.0057,0.981,0.0595,1.9962,0.0,0.0,0.0,29.999,26.0,25.0,38.0,38.0,14.0,0.0,0.0,0.0,0.0,62.5847,0.0,44.9982,0.0,0.0
18319.0,1.7551,0.0944,1.0,0.0798,1.2017,2.0546,1.0546,2.2894,1.2894,26.7362,2.0694,26.3367,2.0535,100.0,0.0,0.0,0.0,25.25,0.0,26.375,0.0,26.5,0.0,25.5,10.0,0.0,0.0103,52.4573,5.2457,2.0,114.5388,1.8236,1.2518,1.5002,1.2068,1.4953,0.0002,1.7076,0.0003,1.8801,11.0,0.0662,1.0018,0.1892,2.4988,0.0055,0.961,0.0532,1.9474,0.0,0.0,0.0,29.9994,26.0,25.0,38.0,38.0,14.0,0.0,0.0,0.0,0.0,62.5843,0.0,44.9982,0.0,0.0
18320.0,1.7499,0.0937,1.0,0.0797,1.2014,2.0549,1.0549,2.2893,1.2893,26.6001,2.064,26.3341,2.0534,100.0,0.0,0.0,0.0,25.375,0.0,26.375,0.0,26.375,0.0,25.5,10.0,0.0,0.0103,52.4573,5.2457,2.0,117.1864,1.8276,1.3221,1.5079,1.2069,1.4953,0.0002,1.7108,0.0003,1.8871,11.0,0.066,1.0018,0.1902,2.5012,0.0061,1.0097,0.0612,2.0089,0.0,0.0,0.0,29.9989,26.0,25.0,38.0,38.0,14.0,0.0,0.0,0.0,0.0,62.5846,0.0,44.9978,0.0,0.0
18321.0,1.7518,0.094,1.0,0.0797,1.2015,2.0544,1.0544,2.2895,1.2895,26.5757,2.063,26.34,2.0536,100.0,0.0,0.0,0.0,25.25,0.0,26.625,0.0,26.375,0.0,25.375,10.0,0.0,0.0102,52.4572,5.2457,2.0,118.5294,1.8295,1.2951,1.5049,1.2088,1.4955,0.0002,1.7141,0.0003,1.8948,11.0,0.0666,1.0018,0.1789,2.4744,0.0061,1.0103,0.0575,1.9817,0.0,0.0,0.0,29.9992,26.0,25.0,38.0,38.0,12.0,0.0,0.0,0.0,0.0,62.5848,0.0,44.9975,0.0,0.0
18322.0,1.7509,0.0939,1.0,0.0797,1.2015,2.054,1.054,2.2892,1.2892,26.7505,2.07,26.3568,2.0543,100.0,0.0,0.0,0.0,25.5,0.0,26.375,0.0,26.375,0.0,25.375,10.0,0.0,0.0103,52.4573,5.2457,2.0,120.8471,1.8329,1.3797,1.5142,1.215,1.4962,0.0002,1.7174,0.0003,1.9023,11.0,0.066,1.0018,0.1612,2.4292,0.0057,0.9767,0.0587,1.9906,0.0,0.0,0.0,29.9991,26.0,25.0,38.0,38.0,13.0,0.0,0.0,0.0,0.0,62.5844,0.0,44.9973,0.0,0.0
18323.0,1.7508,0.0939,1.0,0.0798,1.2016,2.0543,1.0543,2.2895,1.2895,26.814,2.0726,26.3463,2.0539,100.0,0.0,0.0,0.0,25.25,0.0,26.375,0.0,26.625,0.0,25.375,10.0,0.0,0.0109,52.4574,5.2458,2.0,122.9128,1.8358,1.4159,1.5181,1.2071,1.4953,0.0002,1.72,0.0003,1.9092,11.0,0.0659,1.0018,0.1769,2.4695,0.0061,1.01,0.0518,1.9366,0.0,0.0,0.0,29.9992,26.0,25.0,38.0,38.0,13.0,0.0,0.0,0.0,0.0,62.5846,0.0,44.9975,0.0,0.0
18324.0,1.7487,0.0936,1.0,0.0798,1.2017,2.055,1.055,2.2894,1.2894,26.7461,2.0698,26.3391,2.0536,100.0,0.0,0.0,0.0,25.375,0.0,26.375,0.0,26.375,0.0,25.375,10.0,0.0,0.0105,52.4574,5.2458,2.0,124.9705,1.8387,1.4185,1.5184,1.2078,1.4954,0.0002,1.7229,0.0003,1.9153,11.0,0.0691,1.0018,0.1374,2.3599,0.005,0.921,0.0575,1.9819,0.0,0.0,0.0,29.9989,26.0,25.0,38.0,38.0,14.0,0.0,0.0,0.0,0.0,62.5847,0.0,44.9978,0.0,0.0
18325.0,1.7495,0.0937,1.0,0.0798,1.2017,2.0546,1.0546,2.2894,1.2894,26.6316,2.0653,26.3329,2.0533,100.0,0.0,0.0,0.0,25.25,0.0,26.375,0.0,26.375,0.0,25.375,10.0,0.0,0.0106,52.4577,5.2458,2.0,126.185,1.8404,1.2326,1.4981,1.1949,1.494,0.0002,1.7255,0.0003,1.9216,11.0,0.0705,1.0019,0.1317,2.3414,0.0062,1.0141,0.0806,2.1282,0.0,0.0,0.0,29.9986,26.0,25.0,38.0,38.0,14.0,0.0,0.0,0.0,0.0,62.5845,0.0,44.9979,0.0,0.0
18326.0,1.7497,0.0937,1.0,0.0799,1.2019,2.0546,1.0546,2.2895,1.2895,26.561,2.0624,26.3407,2.0536,100.0,0.0,0.0,0.0,25.25,0.0,26.5,0.0,26.375,0.0,25.5,10.0,0.0,0.0103,52.4578,5.2458,2.0,125.5689,1.8396,1.2348,1.4983,1.1854,1.493,0.0002,1.7279,0.0003,1.9274,11.0,0.0714,1.0019,0.1286,2.3309,0.0058,0.987,0.0762,2.104,0.0,0.0,0.0,29.9988,26.0,25.0,38.0,38.0,15.0,0.0,0.0,0.0,0.0,62.5847,0.0,44.998,0.0,0.0
18327.0,1.7497,0.0937,1.0,0.0799,1.2019,2.0541,1.0541,2.289,1.289,26.6796,2.0672,26.3593,2.0544,100.0,0.0,0.0,0.0,25.375,0.0,26.5,0.0,26.5,0.0,25.375,10.0,0.0,0.01,52.4577,5.2458,2.0,127.638,1.8424,1.1854,1.493,1.1732,1.4916,0.0002,1.7305,0.0004,1.9341,11.0,0.0708,1.0019,0.1158,2.2856,0.0059,0.9927,0.0852,2.1524,0.0,0.0,0.0,29.999,26.0,25.0,38.0,38.0,13.0,0.0,0.0,0.0,0.0,62.5848,0.0,44.9979,0.0,0.0
18328.0,1.7501,0.0938,1.0,0.0798,1.2017,2.054,1.054,2.2893,1.2893,26.8117,2.0725,26.3515,2.0541,100.0,0.0,0.0,0.0,25.25,0.0,26.375,0.0,26.375,0.0,25.5,10.0,0.0,0.0107,52.458,5.2458,2.0,129.5583,1.845,1.2546,1.5005,1.159,1.4901,0.0002,1.7329,0.0004,1.9436,11.0,0.0711,1.0019,0.1134,2.2766,0.0066,1.0394,0.0835,2.1433,0.0,0.0,0.0,29.9991,26.0,25.0,38.0,38.0,14.0,0.0,0.0,0.0,0.0,62.5852,0.0,44.9979,0.0,0.0
18329.0,1.7508,0.0938,1.0,0.0799,1.2019,2.0546,1.0546,2.2894,1.2894,26.7698,2.0708,26.34,2.0536,100.0,0.0,0.0,0.0,25.25,0.0,26.5,0.0,26.375,0.0,25.375,10.0,0.0,0.0107,52.4581,5.2458,2.0,131.0431,1.847,1.2312,1.4979,1.1503,1.4891,0.0002,1.7356,0.0004,1.9496,11.0,0.0711,1.0019,0.1059,2.2466,0.0054,0.9566,0.0903,2.1777,0.0,0.0,0.0,29.9991,26.0,25.0,38.0,38.0,14.0,0.0,0.0,0.0,0.0,62.585,0.0,44.9982,0.0,0.0
18330.0,1.7506,0.0938,1.0,0.0798,1.2018,2.055,1.055,2.2894,1.2894,26.6535,2.0661,26.3356,2.0534,100.0,0.0,0.0,0.0,25.375,0.0,26.375,0.0,26.375,0.0,25.375,10.0,0.0,0.0105,52.4577,5.2458,2.0,133.4233,1.8501,1.3233,1.508,1.1477,1.4888,0.0002,1.7383,0.0004,1.9549,11.0,0.0705,1.0019,0.1235,2.3136,0.0053,0.9444,0.0835,2.1434,0.0,0.0,0.0,29.9987,26.0,25.0,38.0,38.0,16.0,0.0,0.0,0.0,0.0,62.5852,0.0,44.9981,0.0,0.0
18331.0,1.7457,0.0932,1.0,0.0799,1.2019,2.055,1.055,2.2891,1.2891,26.5606,2.0624,26.3416,2.0537,100.0,0.0,0.0,0.0,25.25,0.0,26.5,0.0,26.375,0.0,25.5,10.0,0.0,0.0106,52.4582,5.2458,2.0,137.4559,1.8553,1.4528,1.5221,1.1225,1.4861,0.0002,1.7408,0.0004,1.9621,11.0,0.0716,1.0019,0.1235,2.3134,0.0058,0.9873,0.0782,2.115,0.0,0.0,0.0,29.9989,26.0,25.0,38.0,38.0,15.0,0.0,0.0,0.0,0.0,62.5852,0.0,44.9978,0.0,0.0
18332.0,1.7457,0.0932,1.0,0.0799,1.2019,2.0541,1.0541,2.2894,1.2894,26.687,2.0675,26.3554,2.0542,100.0,0.0,0.0,0.0,25.25,0.0,26.375,0.0,26.375,0.0,25.5,10.0,0.0,0.0105,52.4582,5.2458,2.0,139.3915,1.8577,1.4211,1.5187,1.1186,1.4857,0.0002,1.7435,0.0004,1.9711,11.0,0.0703,1.0019,0.0977,2.2118,0.0058,0.9875,0.0798,2.1239,0.0,0.0,0.0,29.9994,26.0,25.0,38.0,38.0,15.0,0.0,0.0,0.0,0.0,62.5853,0.0,44.9981,0.0,0.0
18333.0,1.7436,0.093,1.0,0.0798,1.2016,2.054,1.054,2.2896,1.2896,26.8016,2.0721,26.3521,2.0541,100.0,0.0,0.0,0.0,25.25,0.0,26.375,0.0,26.375,0.0,25.5,10.0,0.0,0.0102,52.4582,5.2458,2.0,139.8405,1.8583,1.2956,1.505,1.0876,1.4823,0.0002,1.7447,0.0004,1.9748,11.0,0.0716,1.0019,0.1074,2.253,0.0058,0.9822,0.0748,2.0959,0.0,0.0,0.0,29.999,26.0,25.0,38.0,38.0,13.0,0.0,0.0,0.0,0.0,62.5847,0.0,44.9983,0.0,0.0
18334.0,1.7435,0.0929,1.0,0.0798,1.2018,2.0545,1.0545,2.2895,1.2895,26.7688,2.0708,26.3318,2.0533,100.0,0.0,0.0,0.0,25.375,0.0,26.375,0.0,26.5,0.0,25.5,10.0,0.0,0.0102,52.458,5.2458,2.0,140.3438,1.8589,1.2222,1.497,1.0768,1.4811,0.0002,1.7473,0.0004,1.984,11.0,0.0733,1.002,0.0987,2.2162,0.0057,0.981,0.0744,2.0933,0.0,0.0,0.0,29.9988,26.0,25.0,38.0,37.0,15.0,0.0,0.0,0.0,0.0,62.5846,0.0,44.9976,0.0,0.0
18335.0,1.7435,0.0929,1.0,0.0799,1.2019,2.0547,1.0547,2.2894,1.2894,26.6434,2.0657,26.3243,2.053,100.0,0.0,0.0,0.0,25.25,0.0,26.375,0.0,26.5,0.0,25.375,10.0,0.0,0.01,52.4578,5.2458,2.0,142.0376,1.861,1.2176,1.4965,1.061,1.4794,0.0003,1.7499,0.0004,1.9899,11.0,0.0755,1.002,0.099,2.2175,0.0058,0.9863,0.0768,2.107,0.0,0.0,0.0,29.9991,26.0,25.0,38.0,37.0,15.0,0.0,0.0,0.0,0.0,62.5853,0.0,44.9978,0.0,0.0
18336.0,1.7435,0.0929,1.0,0.08,1.2023,2.0547,1.0547,2.2895,1.2895,26.5594,2.0624,26.329,2.0532,100.0,0.0,0.0,0.0,25.25,0.0,26.5,0.0,26.5,0.0,25.375,10.0,0.0,0.0106,52.458,5.2457,2.0,144.3357,1.8637,1.2594,1.501,1.0466,1.4778,0.0003,1.7517,0.0004,1.9968,11.0,0.0751,1.002,0.087,2.1613,0.0058,0.9827,0.0794,2.1214,0.0,0.0,0.0,29.9995,26.0,25.0,38.0,37.0,14.0,0.0,0.0,0.0,0.0,62.5856,16.0,45.069,0.0,0.0
18337.0,1.7489,0.0936,1.0,0.0799,1.2019,2.0542,1.0542,2.289,1.289,26.632,2.0653,26.3538,2.0542,100.0,0.0,0.0,0.0,25.375,0.0,26.375,0.0,26.5,0.0,25.375,10.0,0.0,0.0106,52.458,5.2458,2.0,145.1814,1.8648,1.1617,1.4904,1.0525,1.4785,0.0003,1.7542,0.0004,2.0046,11.0,0.0732,1.002,0.0814,2.1326,0.0063,1.0238,0.0826,2.1386,0.0,0.0,0.0,29.9994,26.0,25.0,38.0,37.0,14.0,0.0,0.0,0.0,0.0,62.585,16.0,45.2564,0.0,0.0
18338.0,1.7497,0.0937,1.0,0.0799,1.2019,2.0544,1.0544,2.2892,1.2892,26.7946,2.0718,26.3574,2.0543,100.0,0.0,0.0,0.0,25.25,0.0,26.375,0.0,26.375,0.0,25.5,10.0,0.0,0.0106,52.458,5.2458,2.0,145.2756,1.8649,0.9769,1.4702,1.0293,1.4759,0.0003,1.756,0.0004,2.0085,11.0,0.0735,1.002,0.0798,2.1237,0.0063,1.0244,0.0711,2.0735,0.0,0.0,0.0,29.9985,26.0,25.0,38.0,37.0,14.0,0.0,0.0,0.0,0.0,62.5848,0.0,45.3866,0.0,0.0
18339.0,1.7491,0.0936,1.0,0.0799,1.202,2.0548,1.0548,2.2892,1.2892,26.798,2.0719,26.3424,2.0537,100.0,0.0,0.0,0.0,25.375,0.0,26.375,0.0,26.375,0.0,25.5,10.0,0.0,0.0106,52.4578,5.2457,2.0,145.568,1.8652,1.0142,1.4743,1.0012,1.4729,0.0003,1.7576,0.0004,2.0156,11.0,0.0713,1.0019,0.0764,2.1048,0.0057,0.9783,0.0741,2.0916,0.0,0.0,0.0,29.9988,26.0,25.0,38.0,37.0,14.0,0.0,0.0,0.0,0.0,62.585,0.0,45.394,0.0,0.0
18340.0,1.7467,0.0933,1.0,0.0799,1.2019,2.0547,1.0547,2.2892,1.2892,26.6735,2.0669,26.3353,2.0534,100.0,0.0,0.0,0.0,25.25,0.0,26.5,0.0,26.5,0.0,25.375,10.0,0.0,0.0102,52.458,5.2458,2.0,147.4362,1.8674,0.9631,1.4687,0.9903,1.4717,0.0003,1.7604,0.0004,2.0248,11.0,0.0702,1.0019,0.0604,2.0032,0.006,0.9986,0.0585,1.9891,0.0,0.0,0.0,29.9992,26.0,25.0,38.0,37.0,12.0,0.0,0.0,0.0,0.0,62.5851,0.0,45.3936,0.0,0.0
18341.0,1.7471,0.0934,1.0,0.08,1.2023,2.0546,1.0546,2.2891,1.2891,26.5643,2.0626,26.3329,2.0533,100.0,0.0,0.0,0.0,25.25,0.0,26.5,0.0,26.375,0.0,25.375,10.0,0.0,0.0102,52.4584,5.2458,2.0,147.4459,1.8675,0.8653,1.458,0.9768,1.4702,0.0003,1.7618,0.0004,2.0301,11.0,0.0706,1.0019,0.1458,2.3856,0.0062,1.0126,0.0666,2.0452,0.0,0.0,0.0,29.999,26.0,25.0,38.0,37.0,14.0,0.0,0.0,0.0,0.0,62.5847,0.0,45.3945,0.0,0.0
18342.0,1.7467,0.0933,1.0,0.08,1.2023,2.0543,1.0543,2.2886,1.2886,26.6355,2.0654,26.3548,2.0542,100.0,0.0,0.0,0.0,25.25,0.0,26.375,0.0,26.5,0.0,25.375,10.0,0.0,0.0101,52.4583,5.2458,2.0,148.1061,1.8682,0.8209,1.4532,0.9523,1.4675,0.0003,1.764,0.0004,2.0348,11.0,0.0697,1.0019,0.1307,2.3383,0.0061,1.0056,0.0628,2.0199,0.0,0.0,0.0,29.9988,26.0,25.0,38.0,38.0,15.0,0.0,0.0,0.0,0.0,62.5846,0.0,45.3939,0.0,0.0
18343.0,1.7424,0.0928,1.0,0.0799,1.202,2.054,1.054,2.2891,1.2891,26.783,2.0713,26.3591,2.0544,100.0,0.0,0.0,0.0,25.375,0.0,26.375,0.0,26.375,0.0,25.5,10.0,0.0,0.0104,52.4582,5.2458,2.0,148.2764,1.8684,0.7216,1.4424,0.9352,1.4657,0.0003,1.7655,0.0004,2.041,11.0,0.0683,1.0018,0.121,2.3045,0.0059,0.9962,0.0704,2.0697,0.0,0.0,0.0,29.9985,26.0,25.0,38.0,38.0,14.0,0.0,0.0,0.0,0.0,62.5851,0.0,45.3939,0.0,0.0
18344.0,1.7414,0.0927,1.0,0.0801,1.2024,2.0549,1.0549,2.2893,1.2893,26.7946,2.0718,26.3419,2.0537,100.0,0.0,0.0,0.0,25.375,0.0,26.375,0.0,26.5,0.0,25.5,10.0,0.0,0.0105,52.4584,5.2458,2.0,147.0846,1.867,0.5999,1.4291,0.9229,1.4643,0.0003,1.7673,0.0004,2.0479,11.0,0.0687,1.0018,0.1191,2.2977,0.006,1.0034,0.0739,2.0907,0.0,0.0,0.0,29.9986,26.0,25.0,38.0,38.0,13.0,0.0,0.0,0.0,0.0,62.5849,16.0,45.5511,0.0,0.0
18345.0,1.7405,0.0926,1.0,0.0799,1.202,2.0549,1.0549,2.2892,1.2892,26.6919,2.0677,26.3372,2.0535,100.0,0.0,0.0,0.0,25.25,0.0,26.375,0.0,26.375,0.0,25.375,10.0,0.0,0.0106,52.4585,5.2459,2.0,147.0239,1.867,0.515,1.4198,0.9176,1.4637,0.0003,1.7694,0.0004,2.0542,11.0,0.0706,1.0019,0.091,2.1807,0.0055,0.9645,0.0598,1.9986,0.0,0.0,0.0,29.9987,26.0,25.0,38.0,38.0,14.0,0.0,0.0,0.0,0.0,62.5847,0.0,45.7229,0.0,0.0
18346.0,1.7395,0.0924,1.0,0.0798,1.2016,2.0546,1.0546,2.2892,1.2892,26.577,2.0631,26.3234,2.0529,100.0,0.0,0.0,0.0,25.375,0.0,26.375,0.0,26.375,0.0,25.5,10.0,0.0,0.0281,52.4584,5.2458,2.0,146.3907,1.8662,0.4884,1.4169,0.9075,1.4626,0.0003,1.7711,0.0004,2.0599,11.0,0.0674,1.0018,0.1058,2.2464,0.0058,0.9871,0.0683,2.0562,0.0,0.0,0.0,29.9989,26.0,25.0,38.0,38.0,13.0,0.0,0.0,0.0,0.0,62.5848,0.0,45.7827,0.0,0.0
18347.0,1.7413,0.0927,1.0,0.0798,1.2016,2.0544,1.0544,2.289,1.289,26.5846,2.0634,26.3409,2.0536,100.0,0.0,0.0,0.0,25.25,0.0,26.375,0.0,26.375,0.0,25.5,10.0,0.0,0.0099,52.4578,5.2458,2.0,147.9672,1.8681,0.5132,1.4196,0.9042,1.4623,0.0003,1.7735,0.0004,2.0705,11.0,0.0699,1.0019,0.0989,2.2172,0.0056,0.9729,0.0592,1.9943,0.0,0.0,0.0,29.9986,26.0,25.0,38.0,38.0,13.0,0.0,0.0,0.0,0.0,62.5847,0.0,45.783,0.0,0.0
18348.0,1.4924,0.0616,1.0,0.08,1.2022,2.0541,1.0541,2.2886,1.2886,26.7331,2.0693,26.3613,2.0545,100.0,0.0,0.0,0.0,25.25,0.0,26.5,0.0,26.5,0.0,25.5,10.0,0.0,0.0101,52.458,5.2458,2.0,149.3356,1.8697,0.632,1.4326,0.8996,1.4618,0.0003,1.7754,0.0004,2.0757,11.0,0.0726,1.0019,0.1,2.2219,0.0066,1.0427,0.0601,2.0011,0.0,0.0,0.0,29.9988,26.0,25.0,38.0,38.0,15.0,0.0,0.0,0.0,0.0,62.5843,0.0,45.783,0.0,0.0
18349.0,1.3501,0.0438,1.0,0.0799,1.202,2.0543,1.0543,2.2891,1.2891,26.8116,2.0725,26.3472,2.0539,100.0,0.0,0.0,0.0,25.375,0.0,26.5,0.0,26.375,0.0,25.5,10.0,0.0,0.0099,52.4584,5.2458,2.0,152.4992,1.8733,0.7563,1.4461,0.8942,1.4612,0.0003,1.7774,0.0004,2.0811,11.0,0.0702,1.0019,0.101,2.226,0.0067,1.0479,0.0532,1.948,0.0,0.0,0.0,29.9993,26.0,25.0,38.0,38.0,15.0,0.0,0.0,0.0,0.0,62.5851,16.0,45.8165,0.0,0.0
18350.0,1.2651,0.0331,1.0,0.0798,1.2017,2.0546,1.0546,2.289,1.289,26.7157,2.0686,26.3368,2.0535,100.0,0.0,0.0,0.0,25.5,0.0,26.375,0.0,26.5,0.0,25.375,10.0,0.0,0.0101,52.4588,5.2459,2.0,153.785,1.8748,0.7418,1.4446,0.8982,1.4616,0.0003,1.78,0.0004,2.0923,11.0,0.0707,1.0019,0.0914,2.1827,0.0058,0.9831,0.0593,1.9947,0.0,0.0,0.0,29.999,26.0,25.0,38.0,38.0,13.0,0.0,0.0,0.0,0.0,62.5854,16.0,45.9869,0.0,0.0
18351.0,1.3587,0.0448,1.0,0.0799,1.2021,2.0547,1.0547,2.2889,1.2889,26.6052,2.0642,26.3341,2.0534,100.0,0.0,0.0,0.0,25.375,0.0,26.375,0.0,26.375,0.0,25.625,10.0,0.0,0.0106,52.4585,5.2458,2.0,155.5512,1.8767,0.8637,1.4579,0.8988,1.4617,0.0003,1.7819,0.0004,2.0965,11.0,0.0723,1.0019,0.1649,2.4389,0.0059,0.9899,0.0582,1.9871,0.0,0.0,0.0,29.9987,26.0,25.0,38.0,37.0,15.0,0.0,0.0,0.0,0.0,62.5851,0.0,46.1626,0.0,0.0
18352.0,1.5292,0.0662,1.0,0.0801,1.2024,2.0546,1.0546,2.2886,1.2886,26.5903,2.0636,26.3508,2.054,100.0,0.0,0.0,0.0,25.375,0.0,26.375,0.0,26.375,0.0,25.5,10.0,0.0,0.0103,52.4583,5.2458,2.0,159.4369,1.881,0.9368,1.4658,0.8926,1.461,0.0003,1.7843,0.0004,2.1049,11.0,0.0749,1.002,0.1549,2.412,0.0056,0.9709,0.0767,2.1069,0.0,0.0,0.0,29.9992,26.0,25.0,38.0,37.0,15.0,0.0,0.0,0.0,0.0,62.5848,0.0,46.1737,0.0,0.0
18353.0,1.612,0.0765,1.0,0.0799,1.2021,2.0544,1.0544,2.2885,1.2885,26.7422,2.0697,26.3716,2.0549,100.0,0.0,0.0,0.0,25.375,0.0,26.5,0.0,26.5,0.0,25.625,10.0,0.0,0.0734,52.4583,5.2459,2.0,161.3293,1.8831,0.9584,1.4682,0.8951,1.4613,0.0003,1.7865,0.0004,2.1105,11.0,0.0736,1.002,0.1427,2.3762,0.006,0.9977,0.072,2.0789,0.0,0.0,0.0,29.9994,26.0,25.0,38.0,37.0,13.0,0.0,0.0,0.0,0.0,62.585,0.0,46.1733,0.0,0.0
18354.0,1.6609,0.0826,1.0,0.0799,1.2021,2.0547,1.0547,2.289,1.289,26.8031,2.0721,26.3541,2.0542,100.0,0.0,0.0,0.0,25.25,0.0,26.375,0.0,26.5,0.0,25.375,10.0,0.0,0.0108,52.4583,5.2459,2.0,162.9765,1.8849,1.0583,1.4791,0.9015,1.462,0.0003,1.7891,0.0004,2.1193,11.0,0.0741,1.002,0.1415,2.3728,0.0063,1.0232,0.0685,2.0573,0.0,0.0,0.0,29.9989,26.0,25.0,38.0,37.0,13.0,0.0,0.0,0.0,0.0,62.5853,0.0,46.1736,0.0,0.0
18355.0,1.6942,0.0868,1.0,0.0801,1.2026,2.0546,1.0546,2.289,1.289,26.7413,2.0697,26.3395,2.0536,100.0,0.0,0.0,0.0,25.375,0.0,26.375,0.0,26.375,0.0,25.5,10.0,0.0,0.0107,52.4581,5.2458,2.0,165.9689,1.888,1.0705,1.4804,0.9061,1.4625,0.0003,1.7911,0.0004,2.1241,11.0,0.0741,1.002,0.1255,2.3205,0.0065,1.0339,0.0802,2.1259,0.0,0.0,0.0,29.999,26.0,25.0,38.0,37.0,14.0,0.0,0.0,0.0,0.0,62.5851,16.0,46.1734,0.0,0.0
18356.0,1.7168,0.0896,1.0,0.08,1.2022,2.0547,1.0547,2.2889,1.2889,26.6077,2.0643,26.3337,2.0533,100.0,0.0,0.0,0.0,25.25,0.0,26.375,0.0,26.375,0.0,25.5,10.0,0.0,0.0104,52.4586,5.2459,2.0,167.2563,1.8894,1.0247,1.4754,0.9141,1.4634,0.0003,1.7938,0.0004,2.1335,11.0,0.0706,1.0019,0.1109,2.2667,0.0059,0.9932,0.0838,2.1452,0.0,0.0,0.0,29.9987,26.0,25.0,38.0,37.0,14.0,0.0,0.0,0.0,0.0,62.5847,16.0,46.2892,0.0,0.0
18357.0,1.7275,0.0909,1.0,0.08,1.2023,2.055,1.055,2.2887,1.2887,26.564,2.0626,26.3451,2.0538,100.0,0.0,0.0,0.0,25.25,0.0,26.375,0.0,26.375,0.0,25.5,10.0,0.0,0.0102,52.4602,5.246,2.0,169.0739,1.8912,1.0957,1.4832,0.9203,1.464,0.0003,1.796,0.0004,2.1407,11.0,0.0736,1.002,0.1146,2.281,0.0057,0.9776,0.0762,2.1037,0.0,0.0,0.0,29.9988,26.0,25.0,38.0,37.0,14.0,0.0,0.0,0.0,0.0,62.5854,16.0,46.4768,0.0,0.0
18358.0,1.7359,0.092,1.0,0.0798,1.2017,2.0545,1.0545,2.2886,1.2886,26.687,2.0675,26.3682,2.0547,100.0,0.0,0.0,0.0,25.25,0.0,26.375,0.0,26.5,0.0,25.5,10.0,0.0,0.0104,52.458,5.246,2.0,172.4427,1.8947,1.1861,1.493,0.9306,1.4652,0.0003,1.7984,0.0004,2.1482,11.0,0.075,1.002,0.0826,2.1387,0.0057,0.975,0.0721,2.0796,0.0,0.0,0.0,29.9991,26.0,25.0,38.0,37.0,13.0,0.0,0.0,0.0,0.0,62.5853,0.0,46.558,0.0,0.0
18359.0,1.7431,0.0929,1.0,0.08,1.2023,2.0544,1.0544,2.2889,1.2889,26.8173,2.0727,26.353,2.0541,100.0,0.0,0.0,0.0,25.25,0.0,26.375,0.0,26.625,0.0,25.375,10.0,0.0,0.0265,52.4585,5.2457,2.0,175.1036,1.8973,1.1778,1.4921,0.9422,1.4664,0.0003,1.801,0.0004,2.1585,11.0,0.0723,1.0019,0.155,2.4121,0.0062,1.0109,0.0895,2.1735,0.0,0.0,0.0,29.9988,26.0,25.0,38.0,37.0,13.0,0.0,0.0,0.0,0.0,62.5848,0.0,46.559,0.0,0.0
18360.0,1.7475,0.0934,1.0,0.08,1.2023,2.0545,1.0545,2.2891,1.2891,26.764,2.0706,26.3309,2.0532,100.0,0.0,0.0,0.0,25.25,0.0,26.375,0.0,26.375,0.0,25.375,10.0,0.0,0.01,52.4585,5.2459,2.0,178.5531,1.9007,1.3271,1.5084,0.9615,1.4685,0.0003,1.804,0.0004,2.169,11.0,0.0737,1.002,0.1514,2.402,0.0068,1.0525,0.0835,2.1436,0.0,0.0,0.0,29.9987,26.0,25.0,38.0,37.0,14.0,0.0,0.0,0.0,0.0,62.5847,0.0,46.5583,0.0,0.0
18361.0,1.7497,0.0937,1.0,0.08,1.2022,2.0546,1.0546,2.289,1.289,26.6499,2.066,26.3264,2.0531,100.0,0.0,0.0,0.0,25.25,0.0,26.375,0.0,26.375,0.0,25.5,10.0,0.0,0.0104,52.4587,5.2459,2.0,180.7551,1.9028,1.1921,1.4937,0.9863,1.4712,0.0003,1.807,0.0004,2.1772,11.0,0.076,1.002,0.1509,2.4006,0.0061,1.0081,0.0672,2.0493,0.0,0.0,0.0,29.9985,26.0,25.0,38.0,37.0,15.0,0.0,0.0,0.0,0.0,62.5847,0.0,46.5581,0.0,0.0
18362.0,1.7486,0.0936,1.0,0.0801,1.2025,2.0547,1.0547,2.2887,1.2887,26.5522,2.0621,26.3436,2.0537,100.0,0.0,0.0,0.0,25.375,0.0,26.375,0.0,26.375,0.0,25.375,10.0,0.0,0.0097,52.4589,5.2459,2.0,180.9142,1.903,1.0923,1.4828,1.0059,1.4734,0.0003,1.8105,0.0004,2.1895,11.0,0.0754,1.002,0.1564,2.4162,0.0055,0.9659,0.0825,2.1382,0.0,0.0,0.0,29.9985,26.0,25.0,38.0,37.0,14.0,0.0,0.0,0.0,0.0,62.585,0.0,46.5583,0.0,0.0
18363.0,1.7438,0.093,1.0,0.08,1.2024,2.0542,1.0542,2.2886,1.2886,26.6707,2.0668,26.3581,2.0543,100.0,0.0,0.0,0.0,25.25,0.0,26.375,0.0,26.375,0.0,25.5,10.0,0.0,0.0098,52.4591,5.2459,2.0,183.4925,1.9054,1.0839,1.4819,1.0236,1.4753,0.0003,1.8132,0.0004,2.1994,11.0,0.0757,1.002,0.1154,2.2839,0.0062,1.0167,0.0853,2.1528,0.0,0.0,0.0,29.9987,26.0,25.0,38.0,38.0,14.0,0.0,0.0,0.0,0.0,62.5846,16.0,46.5736,0.0,0.0
18364.0,1.7414,0.0927,1.0,0.08,1.2022,2.0543,1.0543,2.2888,1.2888,26.8074,2.0723,26.3553,2.0542,100.0,0.0,0.0,0.0,25.25,0.0,26.5,0.0,26.5,0.0,25.375,10.0,0.0,0.0102,52.4598,5.246,2.0,183.9764,1.9059,1.05,1.4782,1.0355,1.4766,0.0003,1.8158,0.0005,2.2092,11.0,0.0746,1.002,0.2168,2.5579,0.0059,0.9899,0.0844,2.1483,0.0,0.0,0.0,29.9986,26.0,25.0,38.0,38.0,12.0,0.0,0.0,0.0,0.0,62.5851,16.0,46.7597,0.0,0.0
18365.0,1.7387,0.0923,1.0,0.0801,1.2025,2.0549,1.0549,2.289,1.289,26.7734,2.0709,26.3426,2.0537,100.0,0.0,0.0,0.0,25.25,0.0,26.375,0.0,26.375,0.0,25.375,10.0,0.0,0.0106,52.4588,5.246,2.0,186.6411,1.9084,1.1172,1.4855,1.0547,1.4787,0.0003,1.819,0.0005,2.2192,11.0,0.0718,1.0019,0.2415,2.6047,0.0056,0.97,0.0777,2.1124,0.0,0.0,0.0,29.9986,26.0,25.0,38.0,38.0,16.0,0.0,0.0,0.0,0.0,62.5849,0.0,46.9153,0.0,0.0
18366.0,1.7487,0.0936,1.0,0.0799,1.2021,2.0546,1.0546,2.289,1.289,26.6691,2.0668,26.3363,2.0535,100.0,0.0,0.0,0.0,25.25,0.0,26.5,0.0,26.375,0.0,25.5,10.0,0.0,0.0096,52.459,5.2459,2.0,190.7192,1.9122,1.4526,1.5221,1.0743,1.4808,0.0003,1.8221,0.0005,2.2289,11.0,0.0758,1.002,0.25,2.6198,0.0058,0.9856,0.0848,2.1504,0.0,0.0,0.0,29.9987,26.0,25.0,38.0,38.0,15.0,0.0,0.0,0.0,0.0,62.5852,0.0,46.9338,0.0,0.0
18367.0,1.7507,0.0938,1.0,0.0799,1.2021,2.0547,1.0547,2.2887,1.2887,26.5526,2.0621,26.335,2.0534,100.0,0.0,0.0,0.0,25.25,0.0,26.5,0.0,26.375,0.0,25.375,10.0,0.0,0.0107,52.459,5.2459,2.0,197.1996,1.918,1.3742,1.5136,1.093,1.4829,0.0003,1.8255,0.0005,2.2399,11.0,0.0726,1.0019,0.2627,2.6413,0.0065,1.034,0.0795,2.1225,0.0,0.0,0.0,29.9983,26.0,25.0,38.0,37.0,13.0,0.0,0.0,0.0,0.0,62.5848,0.0,46.9333,0.0,0.0
18368.0,1.7515,0.0939,1.0,0.0799,1.202,2.0541,1.0541,2.2886,1.2886,26.6411,2.0656,26.3563,2.0543,100.0,0.0,0.0,0.0,25.375,0.0,26.375,0.0,26.375,0.0,25.375,10.0,0.0,0.01,52.4592,5.246,2.0,198.0835,1.9187,1.3179,1.5074,1.1071,1.4844,0.0004,1.8285,0.0005,2.2529,11.0,0.0651,1.0017,0.1993,2.5214,0.0063,1.0181,0.0792,2.1204,0.0,0.0,0.0,29.9986,26.0,25.0,38.0,37.0,13.0,0.0,0.0,0.0,0.0,62.5848,0.0,46.9343,0.0,0.0
18369.0,1.7508,0.0938,1.0,0.0797,1.2015,2.054,1.054,2.2889,1.2889,26.7986,2.0719,26.3563,2.0543,100.0,0.0,0.0,0.0,25.25,0.0,26.375,0.0,26.375,0.0,25.375,10.0,0.0,0.0104,52.4593,5.246,2.0,202.1799,1.9223,1.4079,1.5172,1.1358,1.4875,0.0004,1.8322,0.0005,2.264,11.0,0.0665,1.0018,0.2802,2.6693,0.0066,1.0426,0.0717,2.0776,0.0,0.0,0.0,29.9984,26.0,25.0,38.0,37.0,14.0,0.0,0.0,0.0,0.0,62.5851,16.0,47.0548,0.0,0.0
18370.0,1.7486,0.0936,1.0,0.0796,1.2012,2.0544,1.0544,2.2891,1.2891,26.7904,2.0716,26.3439,2.0538,100.0,0.0,0.0,0.0,25.375,0.0,26.5,0.0,26.375,0.0,25.375,10.0,0.0,0.0109,52.4594,5.2459,2.0,204.0002,1.9239,1.2731,1.5025,1.1361,1.4876,0.0004,1.8346,0.0005,2.276,11.0,0.0687,1.0018,0.2826,2.6731,0.0051,0.932,0.0711,2.0736,0.0,0.0,0.0,29.9984,26.0,25.0,38.0,37.0,14.0,0.0,0.0,0.0,0.0,62.5848,0.0,47.2436,0.0,0.0
18371.0,1.7446,0.0931,1.0,0.0796,1.2011,2.0546,1.0546,2.289,1.289,26.6961,2.0678,26.3359,2.0534,100.0,0.0,0.0,0.0,25.375,0.0,26.5,0.0,26.375,0.0,25.375,10.0,0.0,0.0104,52.4602,5.2462,2.0,204.4115,1.9242,1.1814,1.4925,1.1509,1.4892,0.0004,1.8376,0.0005,2.2866,11.0,0.0661,1.0018,0.2686,2.6509,0.0057,0.9798,0.0742,2.0925,0.0,0.0,0.0,29.9985,26.0,25.0,38.0,38.0,16.0,0.0,0.0,0.0,0.0,62.5849,0.0,47.3155,0.0,0.0
18372.0,1.7455,0.0932,1.0,0.0797,1.2015,2.0547,1.0547,2.2888,1.2888,26.5579,2.0623,26.334,2.0534,100.0,0.0,0.0,0.0,25.25,0.0,26.375,0.0,26.375,0.0,25.5,10.0,0.0,0.0104,52.4593,5.246,2.0,207.6939,1.927,1.2574,1.5008,1.1655,1.4908,0.0004,1.8413,0.0005,2.3018,11.0,0.0667,1.0018,0.2311,2.5856,0.0064,1.0296,0.0707,2.0712,0.0,0.0,0.0,29.9985,26.0,25.0,38.0,38.0,15.0,0.0,0.0,0.0,0.0,62.5849,0.0,47.316,0.0,0.0
18373.0,1.7447,0.0931,1.0,0.0795,1.2009,2.0543,1.0543,2.2886,1.2886,26.5913,2.0637,26.3509,2.054,100.0,0.0,0.0,0.0,25.25,0.0,26.375,0.0,26.5,0.0,25.5,10.0,0.0,0.0616,52.459,5.2458,2.0,209.3122,1.9283,1.2304,1.4979,1.1785,1.4922,0.0004,1.8443,0.0005,2.3128,11.0,0.0671,1.0018,0.1936,2.5088,0.0058,0.9858,0.0804,2.1271,0.0,0.0,0.0,29.9982,26.0,25.0,38.0,38.0,12.0,0.0,0.0,0.0,0.0,62.5847,0.0,47.3157,0.0,0.0
18374.0,1.7437,0.093,1.0,0.0798,1.2016,2.0543,1.0543,2.2886,1.2886,26.7739,2.071,26.3624,2.0545,100.0,0.0,0.0,0.0,25.375,0.0,26.375,0.0,26.5,0.0,25.375,10.0,0.0,0.0101,52.4589,5.2459,2.0,213.5709,1.9318,1.3414,1.51,1.2059,1.4952,0.0004,1.8479,0.0005,2.3263,11.0,0.0677,1.0018,0.209,2.5421,0.0058,0.9877,0.0769,2.1076,0.0,0.0,0.0,29.9982,26.0,25.0,38.0,38.0,15.0,0.0,0.0,0.0,0.0,62.5846,0.0,47.3157,0.0,0.0
18375.0,1.7443,0.093,1.0,0.0795,1.2008,2.0547,1.0547,2.2887,1.2887,26.8016,2.0721,26.3552,2.0542,100.0,0.0,0.0,0.0,25.25,0.0,26.375,0.0,26.375,0.0,25.375,10.0,0.0,0.01,52.459,5.2459,2.0,217.6774,1.9351,1.4068,1.5171,1.2289,1.4977,0.0004,1.8514,0.0005,2.3423,11.0,0.0671,1.0018,0.1955,2.513,0.0062,1.013,0.0652,2.036,0.0,0.0,0.0,29.9986,26.0,25.0,38.0,38.0,13.0,0.0,0.0,0.0,0.0,62.5847,0.0,47.3161,0.0,0.0
18376.0,1.745,0.0931,1.0,0.0798,1.2016,2.055,1.055,2.2886,1.2886,26.7072,2.0683,26.3469,2.0539,100.0,0.0,0.0,0.0,25.375,0.0,26.375,0.0,26.5,0.0,25.5,10.0,0.0,0.0104,52.4594,5.2459,2.0,222.6748,1.9391,1.4215,1.5187,1.2478,1.4998,0.0004,1.8551,0.0005,2.3571,11.0,0.0671,1.0018,0.2213,2.5668,0.0062,1.0176,0.0691,2.0614,0.0,0.0,0.0,29.9984,26.0,25.0,38.0,37.0,16.0,0.0,0.0,0.0,0.0,62.5843,0.0,47.3161,0.0,0.0
18377.0,1.7455,0.0932,1.0,0.0796,1.2013,2.055,1.055,2.2886,1.2886,26.5653,2.0626,26.3325,2.0533,100.0,0.0,0.0,0.0,25.25,0.0,26.375,0.0,26.5,0.0,25.375,10.0,0.0,0.0107,52.4601,5.2461,2.0,225.3121,1.9411,1.3861,1.5149,1.2687,1.502,0.0004,1.8594,0.0005,2.3724,11.0,0.0656,1.0018,0.2742,2.6599,0.0059,0.9922,0.0658,2.0398,0.0,0.0,0.0,29.9986,26.0,25.0,38.0,37.0,13.0,0.0,0.0,0.0,0.0,62.5851,0.0,47.3157,0.0,0.0
18378.0,1.7407,0.0926,1.0,0.0796,1.2012,2.0546,1.0546,2.2887,1.2887,26.6042,2.0642,26.3528,2.0541,100.0,0.0,0.0,0.0,25.375,0.0,26.375,0.0,26.375,0.0,25.5,10.0,0.0,0.0104,52.4595,5.246,2.0,228.3283,1.9434,1.3488,1.5108,1.2888,1.5042,0.0004,1.8633,0.0005,2.3867,11.0,0.069,1.0018,0.2178,2.5598,0.0069,1.0585,0.0585,1.9889,0.0,0.0,0.0,29.9984,26.0,25.0,38.0,37.0,14.0,0.0,0.0,0.0,0.0,62.585,0.0,47.3157,0.0,0.0
18379.0,1.7394,0.0924,1.0,0.0798,1.2016,2.0544,1.0544,2.2884,1.2884,26.7636,2.0705,26.3658,2.0546,100.0,0.0,0.0,0.0,25.375,0.0,26.5,0.0,26.375,0.0,25.375,10.0,0.0,0.01,52.4598,5.246,2.0,231.0906,1.9455,1.6009,1.5383,1.3217,1.5078,0.0004,1.867,0.0005,2.4065,11.0,0.0727,1.0019,0.2378,2.598,0.0056,0.9669,0.0636,2.0253,0.0,0.0,0.0,29.9988,26.0,25.0,38.0,37.0,14.0,0.0,0.0,0.0,0.0,62.5851,0.0,47.3154,0.0,0.0
18380.0,1.7405,0.0926,1.0,0.0799,1.2021,2.0547,1.0547,2.2887,1.2887,26.7982,2.0719,26.3543,2.0542,100.0,0.0,0.0,0.0,25.375,0.0,26.375,0.0,26.5,0.0,25.375,10.0,0.0,0.0102,52.4597,5.246,2.0,239.7928,1.9519,1.6166,1.54,1.349,1.5108,0.0004,1.871,0.0005,2.421,11.0,0.0691,1.0018,0.1922,2.5056,0.0063,1.0229,0.0622,2.0159,0.0,0.0,0.0,29.9989,26.0,25.0,38.0,37.0,14.0,0.0,0.0,0.0,0.0,62.5847,0.0,47.3155,0.0,0.0
18381.0,1.7409,0.0926,1.0,0.0799,1.2021,2.055,1.055,2.2886,1.2886,26.7102,2.0684,26.342,2.0537,100.0,0.0,0.0,0.0,25.375,0.0,26.5,0.0,26.375,0.0,25.375,10.0,0.0,0.0097,52.4599,5.246,2.0,240.8965,1.9527,1.4582,1.5227,1.3729,1.5134,0.0004,1.8751,0.0005,2.4385,11.0,0.0714,1.0019,0.1888,2.4978,0.0062,1.0144,0.053,1.946,0.0,0.0,0.0,29.9986,26.0,25.0,38.0,37.0,13.0,0.0,0.0,0.0,0.0,62.5855,0.0,47.3159,0.0,0.0
18382.0,1.7406,0.0926,1.0,0.0798,1.2018,2.055,1.055,2.2885,1.2885,26.6027,2.0641,26.3418,2.0537,100.0,0.0,0.0,0.0,25.25,0.0,26.375,0.0,26.5,0.0,25.5,10.0,0.0,0.0102,52.4599,5.246,2.0,243.6757,1.9547,1.4368,1.5204,1.3899,1.5153,0.0004,1.8784,0.0005,2.4522,11.0,0.0697,1.0019,0.1797,2.4764,0.006,1.0006,0.052,1.9377,0.0,0.0,0.0,29.9985,26.0,25.0,38.0,37.0,13.0,0.0,0.0,0.0,0.0,62.5849,0.0,47.316,0.0,0.0
18383.0,1.7378,0.0922,1.0,0.0798,1.2018,2.0546,1.0546,2.2887,1.2887,26.5584,2.0623,26.3454,2.0538,100.0,0.0,0.0,0.0,25.25,0.0,26.375,0.0,26.375,0.0,25.375,10.0,0.0,0.0103,52.4598,5.246,2.0,245.3237,1.9559,1.4202,1.5186,1.4077,1.5172,0.0004,1.8821,0.0006,2.4689,11.0,0.0708,1.0019,0.2244,2.5729,0.0064,1.0288,0.055,1.9624,0.0,0.0,0.0,29.9984,26.0,25.0,38.0,37.0,15.0,0.0,0.0,0.0,0.0,62.5857,0.0,47.3158,0.0,0.0
18384.0,1.7451,0.0931,1.0,0.0799,1.2019,2.0541,1.0541,2.2886,1.2886,26.7041,2.0682,26.36,2.0544,100.0,0.0,0.0,0.0,25.375,0.0,26.375,0.0,26.5,0.0,25.375,10.0,0.0,0.0097,52.4601,5.246,2.0,249.9637,1.9592,1.4349,1.5202,1.4222,1.5188,0.0005,1.8858,0.0006,2.486,11.0,0.0666,1.0018,0.2662,2.6471,0.0062,1.0158,0.0494,1.9159,0.0,0.0,0.0,29.9983,26.0,25.0,38.0,37.0,13.0,0.0,0.0,0.0,0.0,62.5848,0.0,47.3157,0.0,0.0
18385.0,1.7494,0.0937,1.0,0.0798,1.2017,2.0544,1.0544,2.289,1.289,26.808,2.0723,26.3519,2.0541,100.0,0.0,0.0,0.0,25.375,0.0,26.375,0.0,26.375,0.0,25.375,10.0,0.0,0.0102,52.46,5.246,2.0,252.8914,1.9612,1.4065,1.5171,1.4354,1.5202,0.0005,1.8897,0.0006,2.5025,11.0,0.0672,1.0018,0.2442,2.6095,0.0055,0.9585,0.0446,1.8714,0.0,0.0,0.0,29.9989,26.0,25.0,38.0,37.0,16.0,0.0,0.0,0.0,0.0,62.5847,0.0,47.3157,0.0,0.0
18386.0,1.7526,0.0941,1.0,0.0796,1.2013,2.0546,1.0546,2.289,1.289,26.7534,2.0701,26.3372,2.0535,100.0,0.0,0.0,0.0,25.25,0.0,26.375,0.0,26.5,0.0,25.375,10.0,0.0,0.0095,52.4597,5.246,2.0,257.282,1.9642,1.3959,1.5159,1.4481,1.5216,0.0005,1.8938,0.0006,2.5222,11.0,0.0681,1.0018,0.1964,2.515,0.0057,0.9755,0.0631,2.0216,0.0,0.0,0.0,29.9987,26.0,25.0,38.0,37.0,13.0,0.0,0.0,0.0,0.0,62.5853,0.0,47.3155,0.0,0.0
18387.0,1.7531,0.0941,1.0,0.0795,1.2009,2.055,1.055,2.2886,1.2886,26.6442,2.0658,26.3339,2.0534,100.0,0.0,0.0,0.0,25.625,0.0,26.375,0.0,26.375,0.0,25.375,10.0,0.0,0.0101,52.4596,5.246,2.0,259.2397,1.9655,1.3698,1.5131,1.4478,1.5216,0.0005,1.8975,0.0006,2.539,11.0,0.0674,1.0018,0.1926,2.5065,0.0064,1.0286,0.0575,1.9818,0.0,0.0,0.0,29.999,26.0,25.0,38.0,37.0,13.0,0.0,0.0,0.0,0.0,62.585,0.0,47.3163,0.0,0.0
18388.0,1.753,0.0941,1.0,0.0797,1.2015,2.0545,1.0545,2.2886,1.2886,26.5666,2.0627,26.34,2.0536,100.0,0.0,0.0,0.0,25.25,0.0,26.375,0.0,26.375,0.0,25.375,10.0,0.0,0.0104,52.4602,5.246,2.0,266.2033,1.9701,1.4539,1.5222,1.4566,1.5225,0.0005,1.9022,0.0006,2.5637,11.0,0.0675,1.0018,0.2269,2.5776,0.006,0.9968,0.059,1.9927,0.0,0.0,0.0,29.9986,26.0,25.0,38.0,37.0,13.0,0.0,0.0,0.0,0.0,62.5854,0.0,47.316,0.0,0.0
18389.0,1.7519,0.094,1.0,0.0799,1.202,2.054,1.054,2.2886,1.2886,26.7223,2.0689,26.3552,2.0542,100.0,0.0,0.0,0.0,25.375,0.0,26.375,0.0,26.375,0.0,25.375,10.0,0.0,0.0102,52.4603,5.246,2.0,268.1489,1.9714,1.3172,1.5073,1.4503,1.5219,0.0005,1.9056,0.0006,2.5805,11.0,0.0682,1.0018,0.1853,2.4898,0.0065,1.0353,0.0573,1.98,0.0,0.0,0.0,29.9981,26.0,25.0,38.0,37.0,14.0,0.0,0.0,0.0,0.0,62.5854,0.0,47.3156,0.0,0.0
18390.0,1.7498,0.0937,1.0,0.0799,1.2019,2.0545,1.0545,2.2885,1.2885,26.8173,2.0727,26.3539,2.0542,100.0,0.0,0.0,0.0,25.25,0.0,26.375,0.0,26.5,0.0,25.5,10.0,0.0,0.0095,52.4604,5.246,2.0,268.1714,1.9714,1.2573,1.5008,1.4558,1.5225,0.0005,1.9092,0.0006,2.6009,11.0,0.0679,1.0018,0.1823,2.4827,0.0057,0.974,0.0524,1.941,0.0,0.0,0.0,29.9987,25.0,25.0,38.0,37.0,13.0,0.0,0.0,0.0,0.0,62.5847,0.0,47.3156,0.0,0.0
18391.0,1.7508,0.0939,1.0,0.08,1.2023,2.0548,1.0548,2.2888,1.2888,26.7558,2.0702,26.3396,2.0536,100.0,0.0,0.0,0.0,25.25,0.0,26.5,0.0,26.375,0.0,25.5,10.0,0.0,0.0102,52.4603,5.246,2.0,276.6617,1.9768,1.4752,1.5246,1.459,1.5228,0.0005,1.913,0.0006,2.6228,11.0,0.066,1.0018,0.153,2.4065,0.006,1.0013,0.0546,1.9588,0.0,0.0,0.0,29.9986,25.0,25.0,38.0,37.0,15.0,0.0,0.0,0.0,0.0,62.5856,0.0,47.3159,0.0,0.0
18392.0,1.75,0.0938,1.0,0.0796,1.2011,2.0546,1.0546,2.2889,1.2889,26.6428,2.0657,26.3337,2.0533,100.0,0.0,0.0,0.0,25.25,0.0,26.5,0.0,26.375,0.0,25.375,10.0,0.0,0.0105,52.4603,5.246,2.0,282.0631,1.9801,1.4648,1.5234,1.4511,1.5219,0.0005,1.9162,0.0006,2.6398,11.0,0.0667,1.0018,0.1872,2.4941,0.0067,1.0485,0.0612,2.0086,0.0,0.0,0.0,29.9983,25.0,25.0,38.0,38.0,12.0,0.0,0.0,0.0,0.0,62.5855,0.0,47.3157,0.0,0.0
18393.0,1.7461,0.0933,1.0,0.0799,1.2019,2.0547,1.0547,2.2886,1.2886,26.5595,2.0624,26.3388,2.0536,100.0,0.0,0.0,0.0,25.25,0.0,26.375,0.0,26.5,0.0,25.375,10.0,0.0,0.0099,52.4602,5.2461,2.0,284.5208,1.9816,1.4623,1.5232,1.4493,1.5217,0.0005,1.9197,0.0006,2.6549,11.0,0.0672,1.0018,0.1508,2.4003,0.0056,0.9729,0.0584,1.9886,0.0,0.0,0.0,29.9988,25.0,25.0,38.0,38.0,16.0,0.0,0.0,0.0,0.0,62.5846,0.0,47.3155,0.0,0.0
18394.0,1.7446,0.0931,1.0,0.08,1.2023,2.0546,1.0546,2.2882,1.2882,26.656,2.0662,26.3573,2.0543,100.0,0.0,0.0,0.0,25.375,0.0,26.375,0.0,26.375,0.0,25.375,10.0,0.0,0.0109,52.4604,5.2461,2.0,288.8022,1.9842,1.4118,1.5177,1.4447,1.5212,0.0005,1.9233,0.0006,2.6753,11.0,0.0683,1.0018,0.1305,2.3375,0.0061,1.0046,0.0538,1.9527,0.0,0.0,0.0,29.9985,26.0,25.0,38.0,38.0,13.0,0.0,0.0,0.0,0.0,62.5846,0.0,47.3159,0.0,0.0
18395.0,1.7436,0.0929,1.0,0.08,1.2024,2.0544,1.0544,2.2884,1.2884,26.8048,2.0722,26.3566,2.0543,100.0,0.0,0.0,0.0,25.25,0.0,26.375,0.0,26.375,0.0,25.5,10.0,0.0,0.0105,52.4607,5.2461,2.0,290.7689,1.9854,1.3042,1.5059,1.4305,1.5197,0.0005,1.9263,0.0006,2.6981,11.0,0.0707,1.0019,0.1393,2.3657,0.0065,1.0351,0.0572,1.979,0.0,0.0,0.0,29.9991,26.0,25.0,38.0,38.0,13.0,0.0,0.0,0.0,0.0,62.5849,0.0,47.3161,0.0,0.0
18396.0,1.7435,0.0929,1.0,0.0799,1.202,2.0548,1.0548,2.2887,1.2887,26.7848,2.0714,26.3523,2.0541,100.0,0.0,0.0,0.0,25.375,0.0,26.5,0.0,26.375,0.0,25.375,10.0,0.0,0.0105,52.4605,5.246,2.0,291.3661,1.9858,1.241,1.499,1.4189,1.5184,0.0005,1.9297,0.0006,2.7168,11.0,0.0715,1.0019,0.1168,2.2893,0.0057,0.9802,0.0492,1.9135,0.0,0.0,0.0,29.9983,26.0,25.0,38.0,38.0,14.0,0.0,0.0,0.0,0.0,62.5847,0.0,47.3155,0.0,0.0
18397.0,1.7407,0.0926,1.0,0.08,1.2022,2.0551,1.0551,2.2886,1.2886,26.6853,2.0674,26.3451,2.0538,100.0,0.0,0.0,0.0,25.25,0.0,26.5,0.0,26.5,0.0,25.375,10.0,0.0,0.0102,52.4602,5.246,2.0,296.8291,1.989,1.3849,1.5147,1.4109,1.5176,0.0006,1.933,0.0007,2.7376,11.0,0.072,1.0019,0.1156,2.2846,0.0055,0.9657,0.0536,1.9508,0.0,0.0,0.0,29.9981,26.0,25.0,38.0,38.0,16.0,0.0,0.0,0.0,0.0,62.5848,0.0,47.3154,0.0,0.0
18398.0,1.7406,0.0926,1.0,0.08,1.2024,2.055,1.055,2.2883,1.2883,26.5475,2.0619,26.3378,2.0535,100.0,0.0,0.0,0.0,25.25,0.0,26.375,0.0,26.375,0.0,25.5,10.0,0.0,0.0103,52.4603,5.246,2.0,307.7183,1.9953,1.5195,1.5294,1.3997,1.5163,0.0006,1.9372,0.0007,2.7577,11.0,0.0772,1.0021,0.1231,2.312,0.0059,0.9911,0.0659,2.041,0.0,0.0,0.0,29.998,26.0,25.0,38.0,38.0,13.0,0.0,0.0,0.0,0.0,62.5854,0.0,47.3155,0.0,0.0
18399.0,1.7415,0.0927,1.0,0.0803,1.2031,2.0542,1.0542,2.2885,1.2885,26.644,2.0658,26.3561,2.0542,100.0,0.0,0.0,0.0,25.25,0.0,26.375,0.0,26.375,0.0,25.5,10.0,0.0,0.0099,52.4604,5.246,2.0,312.8492,1.9981,1.5675,1.5346,1.3922,1.5155,0.0006,1.94,0.0007,2.783,11.0,0.0752,1.002,0.1723,2.4581,0.0055,0.9616,0.0596,1.9974,0.0,0.0,0.0,29.9985,26.0,25.0,38.0,38.0,15.0,0.0,0.0,0.0,0.0,62.5852,0.0,47.3157,0.0,0.0
18400.0,1.7404,0.0925,1.0,0.0799,1.2019,2.054,1.054,2.2888,1.2888,26.8046,2.0722,26.3553,2.0542,100.0,0.0,0.0,0.0,25.25,0.0,26.375,0.0,26.375,0.0,25.5,10.0,0.0,0.0104,52.4603,5.246,2.0,317.7906,2.0009,1.4542,1.5223,1.3798,1.5142,0.0006,1.9434,0.0007,2.7996,11.0,0.0738,1.002,0.1727,2.4592,0.0062,1.0164,0.0752,2.0981,0.0,0.0,0.0,29.9983,26.0,25.0,38.0,37.0,13.0,0.0,0.0,0.0,0.0,62.5849,0.0,47.3157,0.0,0.0
18401.0,1.7404,0.0925,1.0,0.08,1.2022,2.0547,1.0547,2.2889,1.2889,26.7857,2.0714,26.3418,2.0537,100.0,0.0,0.0,0.0,25.375,0.0,26.375,0.0,26.375,0.0,25.5,10.0,0.0,0.0103,52.4603,5.246,2.0,320.3387,2.0022,1.4288,1.5195,1.3621,1.5122,0.0006,1.9466,0.0007,2.8183,11.0,0.0742,1.002,0.1931,2.5077,0.0061,1.0036,0.068,2.0541,0.0,0.0,0.0,29.9981,26.0,25.0,38.0,37.0,14.0,0.0,0.0,0.0,0.0,62.5846,0.0,47.315,0.0,0.0
18402.0,1.7404,0.0925,1.0,0.0801,1.2024,2.0547,1.0547,2.2885,1.2885,26.6951,2.0678,26.3356,2.0534,100.0,0.0,0.0,0.0,25.25,0.0,26.5,0.0,26.375,0.0,25.625,10.0,0.0,0.0104,52.4605,5.2461,2.0,323.7037,2.0041,1.4059,1.517,1.3533,1.5113,0.0006,1.9492,0.0007,2.8419,11.0,0.0767,1.002,0.2374,2.5973,0.0061,1.0091,0.0677,2.0523,0.0,0.0,0.0,29.9982,25.0,25.0,38.0,37.0,14.0,0.0,0.0,0.0,0.0,62.5851,0.0,47.3153,0.0,0.0
18403.0,1.7404,0.0926,1.0,0.0802,1.2028,2.055,1.055,2.2884,1.2884,26.5831,2.0633,26.3316,2.0533,100.0,0.0,0.0,0.0,25.25,0.0,26.375,0.0,26.375,0.0,25.375,10.0,0.0,0.0097,52.4606,5.246,2.0,324.8925,2.0047,1.2225,1.497,1.3464,1.5105,0.0006,1.952,0.0007,2.8553,11.0,0.0783,1.0021,0.2168,2.558,0.0054,0.9512,0.0606,2.0046,0.0,0.0,0.0,29.998,25.0,25.0,38.0,37.0,12.0,0.0,0.0,0.0,0.0,62.5849,0.0,47.3155,0.0,0.0
18404.0,1.7404,0.0926,1.0,0.0798,1.2017,2.0547,1.0547,2.2883,1.2883,26.595,2.0638,26.3523,2.0541,100.0,0.0,0.0,0.0,25.25,0.0,26.375,0.0,26.375,0.0,25.375,10.0,0.0,0.01,52.4606,5.2461,2.0,325.6984,2.0051,1.1422,1.4882,1.3267,1.5084,0.0006,1.955,0.0007,2.882,11.0,0.073,1.0019,0.2243,2.5726,0.0056,0.9693,0.0598,1.9982,0.0,0.0,0.0,29.9981,25.0,25.0,38.0,38.0,13.0,0.0,0.0,0.0,0.0,62.5856,0.0,47.3156,0.0,0.0
18405.0,1.7404,0.0926,1.0,0.0798,1.2018,2.0544,1.0544,2.2886,1.2886,26.7601,2.0704,26.3618,2.0545,100.0,0.0,0.0,0.0,25.25,0.0,26.375,0.0,26.375,0.0,25.5,10.0,0.0,0.0103,52.4604,5.246,2.0,332.0087,2.0085,1.2441,1.4994,1.314,1.507,0.0006,1.9579,0.0007,2.9036,11.0,0.0713,1.0019,0.2131,2.5504,0.0067,1.0449,0.0538,1.9526,0.0,0.0,0.0,29.9982,25.0,25.0,38.0,38.0,14.0,0.0,0.0,0.0,0.0,62.5848,0.0,47.3153,0.0,0.0
18406.0,1.7405,0.0926,1.0,0.0798,1.2017,2.0547,1.0547,2.289,1.289,26.8058,2.0722,26.3438,2.0538,100.0,0.0,0.0,0.0,25.375,0.0,26.375,0.0,26.5,0.0,25.5,10.0,0.0,0.0098,52.4605,5.2461,2.0,336.9694,2.011,1.2821,1.5035,1.3021,1.5057,0.0006,1.961,0.0007,2.9208,11.0,0.0704,1.0019,0.1803,2.4778,0.0059,0.9951,0.052,1.9375,0.0,0.0,0.0,29.9983,25.0,25.0,38.0,38.0,15.0,0.0,0.0,0.0,0.0,62.5846,0.0,47.3158,0.0,0.0
18407.0,1.7415,0.0927,1.0,0.0798,1.2017,2.055,1.055,2.2886,1.2886,26.7156,2.0686,26.3373,2.0535,100.0,0.0,0.0,0.0,25.375,0.0,26.375,0.0,26.375,0.0,25.5,10.0,0.0,0.0097,52.4607,5.2461,2.0,340.1798,2.0127,1.1977,1.4943,1.2953,1.5049,0.0006,1.9638,0.0007,2.9431,11.0,0.0694,1.0019,0.1665,2.4433,0.0064,1.0249,0.0522,1.9395,0.0,0.0,0.0,29.9986,26.0,25.0,38.0,38.0,13.0,0.0,0.0,0.0,0.0,62.585,0.0,47.3153,0.0,0.0
18408.0,1.7425,0.0928,1.0,0.0799,1.2021,2.0547,1.0547,2.2887,1.2887,26.5723,2.0629,26.3322,2.0533,100.0,0.0,0.0,0.0,25.25,0.0,26.375,0.0,26.375,0.0,25.375,10.0,0.0,0.0099,52.4609,5.2461,2.0,344.1549,2.0147,1.1943,1.4939,1.2963,1.505,0.0006,1.9674,0.0007,2.9688,11.0,0.0657,1.0018,0.1857,2.4906,0.0071,1.0728,0.0449,1.8741,0.0,0.0,0.0,29.9988,26.0,25.0,38.0,38.0,15.0,0.0,0.0,0.0,0.0,62.5853,0.0,47.3158,0.0,0.0
18409.0,1.7426,0.0928,1.0,0.0798,1.2017,2.0547,1.0547,2.2882,1.2882,26.5876,2.0635,26.3511,2.054,100.0,0.0,0.0,0.0,25.25,0.0,26.375,0.0,26.375,0.0,25.375,10.0,0.0,0.0105,52.4608,5.2461,2.0,349.4812,2.0174,1.2519,1.5002,1.2705,1.5022,0.0007,1.9699,0.0007,2.9899,11.0,0.0671,1.0018,0.156,2.415,0.0057,0.9794,0.0517,1.9354,0.0,0.0,0.0,29.9985,26.0,25.0,38.0,37.0,12.0,0.0,0.0,0.0,0.0,62.5851,0.0,47.3159,0.0,0.0
18410.0,1.7414,0.0927,1.0,0.0798,1.2017,2.0544,1.0544,2.2882,1.2882,26.7666,2.0707,26.3668,2.0547,100.0,0.0,0.0,0.0,25.25,0.0,26.375,0.0,26.375,0.0,25.375,10.0,0.0,0.0104,52.4609,5.2461,2.0,351.8755,2.0186,1.1467,1.4887,1.2642,1.5015,0.0007,1.973,0.0008,3.011,11.0,0.0693,1.0018,0.1769,2.4697,0.0064,1.025,0.0471,1.895,0.0,0.0,0.0,29.9983,26.0,25.0,38.0,37.0,13.0,0.0,0.0,0.0,0.0,62.5848,0.0,47.3159,0.0,0.0
18411.0,1.7406,0.0926,1.0,0.0798,1.2017,2.0544,1.0544,2.2889,1.2889,26.8081,2.0723,26.3456,2.0538,100.0,0.0,0.0,0.0,25.375,0.0,26.375,0.0,26.375,0.0,25.375,10.0,0.0,0.0106,52.4611,5.2461,2.0,354.5125,2.0199,1.0951,1.4831,1.2475,1.4997,0.0007,1.9757,0.0008,3.0312,11.0,0.066,1.0018,0.1182,2.2946,0.0058,0.9845,0.0421,1.8458,0.0,0.0,0.0,29.9986,26.0,25.0,38.0,37.0,13.0,0.0,0.0,0.0,0.0,62.5853,0.0,47.3153,0.0,0.0
18412.0,1.7404,0.0926,1.0,0.0798,1.2018,2.055,1.055,2.2886,1.2886,26.7168,2.0687,26.3366,2.0535,100.0,0.0,0.0,0.0,25.25,0.0,26.375,0.0,26.25,0.0,25.5,10.0,0.0,0.0102,52.461,5.2461,2.0,356.9992,2.0211,1.0747,1.4809,1.2311,1.4979,0.0007,1.9783,0.0008,3.0497,11.0,0.0663,1.0018,0.1502,2.3986,0.0058,0.9852,0.059,1.9928,0.0,0.0,0.0,29.9982,26.0,25.0,38.0,37.0,15.0,0.0,0.0,0.0,0.0,62.5847,0.0,47.3154,0.0,0.0
18413.0,1.7405,0.0926,1.0,0.0796,1.2012,2.0551,1.0551,2.2885,1.2885,26.6118,2.0645,26.3429,2.0537,100.0,0.0,0.0,0.0,25.375,0.0,26.375,0.0,26.375,0.0,25.5,10.0,0.0,0.0101,52.4608,5.2461,2.0,357.8228,2.0215,0.8928,1.461,1.2212,1.4969,0.0007,1.9808,0.0008,3.0778,11.0,0.0676,1.0018,0.1249,2.3184,0.0063,1.0205,0.0537,1.952,0.0,0.0,0.0,29.9982,26.0,25.0,38.0,37.0,13.0,0.0,0.0,0.0,0.0,62.585,16.0,47.3156,0.0,0.0
18414.0,1.7405,0.0926,1.0,0.0797,1.2014,2.0549,1.0549,2.2883,1.2883,26.5705,2.0628,26.3452,2.0538,100.0,0.0,0.0,0.0,25.375,0.0,26.375,0.0,26.375,0.0,25.375,10.0,0.0,0.0103,52.461,5.2461,2.0,358.8049,2.0219,0.904,1.4623,1.2098,1.4956,0.0007,1.9834,0.0008,3.0933,11.0,0.0682,1.0018,0.1189,2.297,0.0064,1.0253,0.0554,1.9655,0.0,0.0,0.0,29.9983,26.0,25.0,38.0,37.0,14.0,0.0,0.0,0.0,0.0,62.5848,16.0,47.4403,0.0,0.0
18415.0,1.7405,0.0926,1.0,0.0798,1.2017,2.0541,1.0541,2.2882,1.2882,26.706,2.0682,26.36,2.0544,100.0,0.0,0.0,0.0,25.25,0.0,26.375,0.0,26.25,0.0,25.375,10.0,0.0,0.0104,52.4613,5.2461,2.0,364.0384,2.0245,0.9426,1.4665,1.2049,1.4951,0.0007,1.9861,0.0008,3.109,11.0,0.0655,1.0017,0.1266,2.3242,0.0062,1.0112,0.055,1.9624,0.0,0.0,0.0,29.9986,26.0,25.0,38.0,37.0,15.0,0.0,0.0,0.0,0.0,62.5854,16.0,47.623,0.0,0.0
18416.0,1.7382,0.0923,1.0,0.08,1.2024,2.0541,1.0541,2.2889,1.2889,26.8168,2.0727,26.3491,2.054,100.0,0.0,0.0,0.0,25.25,0.0,26.375,0.0,26.625,0.0,25.5,10.0,0.0,0.0105,52.4614,5.2462,2.0,365.6914,2.0252,0.8174,1.4528,1.193,1.4938,0.0007,1.9887,0.0008,3.1359,11.0,0.0695,1.0019,0.1068,2.2503,0.0069,1.0585,0.0456,1.8807,0.0,0.0,0.0,29.9983,26.0,25.0,38.0,37.0,13.0,0.0,0.0,0.0,0.0,62.5853,0.0,47.7021,0.0,0.0
18417.0,1.7413,0.0927,1.0,0.0801,1.2026,2.055,1.055,2.2886,1.2886,26.7682,2.0707,26.3411,2.0536,100.0,0.0,0.0,0.0,25.375,0.0,26.375,0.0,26.375,0.0,25.375,10.0,0.0,0.0103,52.4615,5.2461,2.0,364.2293,2.0245,0.6779,1.4376,1.1833,1.4927,0.0007,1.9917,0.0008,3.1612,11.0,0.0717,1.0019,0.0921,2.1863,0.0059,0.9939,0.0426,1.8515,0.0,0.0,0.0,29.998,26.0,25.0,38.0,37.0,15.0,0.0,0.0,0.0,0.0,62.585,0.0,47.7025,0.0,0.0
18418.0,1.7414,0.0927,1.0,0.08,1.2024,2.0551,1.0551,2.2886,1.2886,26.6402,2.0656,26.3446,2.0538,100.0,0.0,0.0,0.0,25.375,0.0,26.375,0.0,26.375,0.0,25.375,10.0,0.0,0.0105,52.4614,5.2461,2.0,369.0742,2.0268,0.8489,1.4562,1.1655,1.4908,0.0007,1.9942,0.0008,3.186,11.0,0.0721,1.0019,0.1715,2.456,0.0061,1.0054,0.047,1.8944,0.0,0.0,0.0,29.9981,26.0,25.0,38.0,37.0,15.0,0.0,0.0,0.0,0.0,62.5848,0.0,47.7017,0.0,0.0
18419.0,1.7405,0.0926,1.0,0.0801,1.2025,2.0549,1.0549,2.2882,1.2882,26.5714,2.0629,26.3458,2.0538,100.0,0.0,0.0,0.0,25.25,0.0,26.5,0.0,26.375,0.0,25.5,10.0,0.0,0.01,52.4614,5.2461,2.0,374.2309,2.0293,0.862,1.4577,1.1586,1.49,0.0007,1.9974,0.0008,3.2127,11.0,0.0727,1.0019,0.1439,2.38,0.0058,0.9871,0.0436,1.8614,0.0,0.0,0.0,29.9988,26.0,25.0,38.0,37.0,13.0,0.0,0.0,0.0,0.0,62.585,0.0,47.702,0.0,0.0
18420.0,1.7385,0.0923,1.0,0.08,1.2022,2.0543,1.0543,2.2882,1.2882,26.7058,2.0682,26.3599,2.0544,100.0,0.0,0.0,0.0,25.375,0.0,26.375,0.0,26.375,0.0,25.375,10.0,0.0,0.0105,52.4614,5.2462,2.0,378.3173,2.0311,0.8848,1.4602,1.1381,1.4878,0.0007,1.9994,0.0008,3.2343,11.0,0.0718,1.0019,0.1422,2.3747,0.0064,1.0313,0.0395,1.8189,0.0,0.0,0.0,29.9983,26.0,25.0,38.0,37.0,14.0,0.0,0.0,0.0,0.0,62.5853,0.0,47.7018,0.0,0.0
18421.0,1.7391,0.0924,1.0,0.0798,1.2018,2.0545,1.0545,2.2887,1.2887,26.8158,2.0726,26.3495,2.054,100.0,0.0,0.0,0.0,25.375,0.0,26.375,0.0,26.375,0.0,25.5,10.0,0.0,0.0098,52.4611,5.2461,2.0,380.88,2.0323,0.9053,1.4624,1.1273,1.4866,0.0007,2.0019,0.0008,3.2557,11.0,0.0758,1.002,0.2128,2.5498,0.0063,1.018,0.0409,1.8334,0.0,0.0,0.0,29.9986,26.0,25.0,38.0,38.0,15.0,0.0,0.0,0.0,0.0,62.5849,0.0,47.7024,0.0,0.0
18422.0,1.7378,0.0922,1.0,0.0799,1.2019,2.0545,1.0545,2.289,1.289,26.7692,2.0708,26.3393,2.0536,100.0,0.0,0.0,0.0,25.375,0.0,26.375,0.0,26.375,0.0,25.375,10.0,0.0,0.0106,52.4614,5.2461,2.0,387.0799,2.0351,1.1134,1.4851,1.1145,1.4852,0.0008,2.0041,0.0009,3.2756,11.0,0.0686,1.0018,0.2244,2.5728,0.006,1.0014,0.051,1.9296,0.0,0.0,0.0,29.998,26.0,25.0,38.0,38.0,16.0,0.0,0.0,0.0,0.0,62.5853,0.0,47.7018,0.0,0.0
18423.0,1.7383,0.0923,1.0,0.0798,1.2018,2.0546,1.0546,2.2889,1.2889,26.6605,2.0664,26.3349,2.0534,100.0,0.0,0.0,0.0,25.375,0.0,26.375,0.0,26.375,0.0,25.5,10.0,0.0,0.0099,52.4621,5.2461,2.0,397.8684,2.0399,1.2176,1.4965,1.1165,1.4854,0.0008,2.0067,0.0009,3.2972,11.0,0.0675,1.0018,0.2001,2.5231,0.0063,1.0229,0.0456,1.881,0.0,0.0,0.0,29.9979,26.0,25.0,38.0,38.0,13.0,0.0,0.0,0.0,0.0,62.5851,0.0,47.7018,0.0,0.0
18424.0,1.7384,0.0923,1.0,0.08,1.2022,2.0546,1.0546,2.2887,1.2887,26.563,2.0625,26.336,2.0534,100.0,0.0,0.0,0.0,25.25,0.0,26.375,0.0,26.375,0.0,25.625,10.0,0.0,0.0114,52.461,5.2461,2.0,404.0009,2.0426,1.3251,1.5082,1.1224,1.4861,0.0008,2.0091,0.0009,3.3216,11.0,0.07,1.0019,0.1648,2.4389,0.0059,0.9913,0.0459,1.8836,0.0,0.0,0.0,29.9982,26.0,25.0,38.0,38.0,16.0,0.0,0.0,0.0,0.0,62.5851,0.0,47.7018,0.0,0.0
18425.0,1.7383,0.0923,1.0,0.08,1.2021,2.0545,1.0545,2.2882,1.2882,26.6455,2.0658,26.3556,2.0542,100.0,0.0,0.0,0.0,25.375,0.0,26.375,0.0,26.375,0.0,25.5,10.0,0.0,0.0102,52.4615,5.2461,2.0,410.6392,2.0454,1.3426,1.5101,1.1366,1.4876,0.0008,2.0124,0.0009,3.3453,11.0,0.0698,1.0019,0.1976,2.5177,0.0058,0.9823,0.0446,1.8709,0.0,0.0,0.0,29.998,26.0,25.0,38.0,37.0,16.0,0.0,0.0,0.0,0.0,62.5851,0.0,47.7015,0.0,0.0
18426.0,1.7382,0.0923,1.0,0.08,1.2024,2.0544,1.0544,2.2883,1.2883,26.7916,2.0717,26.366,2.0546,100.0,0.0,0.0,0.0,25.25,0.0,26.375,0.0,26.5,0.0,25.625,10.0,0.0,0.0099,52.4614,5.2461,2.0,418.8493,2.0488,1.4811,1.5252,1.1529,1.4894,0.0008,2.0154,0.0009,3.3728,11.0,0.0704,1.0019,0.1425,2.3758,0.0063,1.0225,0.049,1.9124,0.0,0.0,0.0,29.9986,26.0,25.0,38.0,37.0,13.0,0.0,0.0,0.0,0.0,62.5851,0.0,47.7019,0.0,0.0
18427.0,1.7363,0.092,1.0,0.0799,1.202,2.0549,1.0549,2.2886,1.2886,26.7702,2.0708,26.3394,2.0536,100.0,0.0,0.0,0.0,25.25,0.0,26.375,0.0,26.375,0.0,25.375,10.0,0.0,0.0097,52.4614,5.2461,2.0,431.9146,2.0542,1.5211,1.5296,1.1759,1.4919,0.0008,2.0193,0.0009,3.4089,11.0,0.0717,1.0019,0.2106,2.5454,0.0064,1.0271,0.044,1.8656,0.0,0.0,0.0,29.9986,26.0,25.0,38.0,37.0,13.0,0.0,0.0,0.0,0.0,62.5847,0.0,47.7018,0.0,0.0
18428.0,1.7371,0.0921,1.0,0.08,1.2022,2.055,1.055,2.2886,1.2886,26.6895,2.0676,26.3445,2.0538,100.0,0.0,0.0,0.0,25.25,0.0,26.375,0.0,26.375,0.0,25.375,10.0,0.0,0.0099,52.4617,5.2462,2.0,435.1443,2.0555,1.4398,1.5207,1.1871,1.4931,0.0008,2.0218,0.0009,3.4286,11.0,0.0717,1.0019,0.2426,2.6067,0.0059,0.9945,0.0433,1.8583,0.0,0.0,0.0,29.9985,26.0,25.0,38.0,37.0,14.0,0.0,0.0,0.0,0.0,62.5852,0.0,47.702,0.0,0.0
18429.0,1.7371,0.0921,1.0,0.0801,1.2024,2.0548,1.0548,2.2883,1.2883,26.5577,2.0623,26.3359,2.0534,100.0,0.0,0.0,0.0,25.375,0.0,26.375,0.0,26.25,0.0,25.625,10.0,0.0,0.0107,52.4616,5.2462,2.0,438.8887,2.0569,1.3733,1.5135,1.2114,1.4958,0.0008,2.0259,0.0009,3.4657,11.0,0.0755,1.002,0.1633,2.435,0.0059,0.99,0.0389,1.8122,0.0,0.0,0.0,29.9984,26.0,25.0,38.0,37.0,14.0,0.0,0.0,0.0,0.0,62.5851,0.0,47.702,0.0,0.0
18430.0,1.7363,0.092,1.0,0.08,1.2022,2.0541,1.0541,2.2885,1.2885,26.6607,2.0664,26.3563,2.0543,100.0,0.0,0.0,0.0,25.375,0.0,26.375,0.0,26.375,0.0,25.375,10.0,0.0,0.01,52.4619,5.2461,2.0,442.4278,2.0583,1.2283,1.4976,1.2201,1.4967,0.0008,2.029,0.0009,3.4947,11.0,0.0772,1.0021,0.1926,2.5065,0.0057,0.9804,0.038,1.802,0.0,0.0,0.0,29.9983,26.0,25.0,38.0,37.0,13.0,0.0,0.0,0.0,0.0,62.5854,0.0,47.7016,0.0,0.0
18431.0,1.7373,0.0922,1.0,0.0799,1.2019,2.0541,1.0541,2.2888,1.2888,26.8033,2.0721,26.3507,2.054,100.0,0.0,0.0,0.0,25.375,0.0,26.375,0.0,26.375,0.0,25.625,10.0,0.0,0.0101,52.4617,5.2462,2.0,444.11,2.059,1.1558,1.4897,1.232,1.498,0.0008,2.0319,0.0009,3.522,11.0,0.0766,1.002,0.1641,2.4369,0.0063,1.0242,0.0357,1.7745,0.0,0.0,0.0,29.9987,26.0,25.0,38.0,37.0,13.0,0.0,0.0,0.0,0.0,62.5849,0.0,47.7016,0.0,0.0
18432.0,1.7373,0.0922,1.0,0.08,1.2022,2.0544,1.0544,2.289,1.289,26.7966,2.0719,26.333,2.0533,100.0,0.0,0.0,0.0,25.25,0.0,26.5,0.0,26.375,0.0,25.375,10.0,0.0,0.01,52.4617,5.2462,2.0,446.8208,2.0601,1.0386,1.4769,1.2353,1.4984,0.0009,2.0349,0.001,3.5521,11.0,0.0758,1.002,0.1674,2.4456,0.0056,0.9684,0.0365,1.784,0.0,0.0,0.0,29.9979,26.0,25.0,38.0,37.0,14.0,0.0,0.0,0.0,0.0,62.5849,0.0,47.7022,0.0,0.0
18433.0,1.7391,0.0924,1.0,0.0799,1.2019,2.0546,1.0546,2.289,1.289,26.7006,2.068,26.3325,2.0533,100.0,0.0,0.0,0.0,25.25,0.0,26.5,0.0,26.375,0.0,25.5,10.0,0.0,0.0098,52.4617,5.2462,2.0,447.6347,2.0604,0.9928,1.4719,1.233,1.4981,0.0009,2.0375,0.001,3.583,11.0,0.0681,1.0018,0.1863,2.492,0.0063,1.0223,0.0346,1.7607,0.0,0.0,0.0,29.9986,26.0,25.0,38.0,38.0,13.0,0.0,0.0,0.0,0.0,62.5851,0.0,47.7015,0.0,0.0
18434.0,1.7394,0.0924,1.0,0.0799,1.2021,2.0546,1.0546,2.2884,1.2884,26.5614,2.0625,26.3353,2.0534,100.0,0.0,0.0,0.0,25.5,0.0,26.375,0.0,26.375,0.0,25.375,10.0,0.0,0.0108,52.4622,5.2462,2.0,454.4962,2.063,1.0736,1.4808,1.2386,1.4988,0.0009,2.0412,0.001,3.6223,11.0,0.0682,1.0018,0.2281,2.58,0.0066,1.0428,0.0324,1.7319,0.0,0.0,0.0,29.998,26.0,25.0,38.0,38.0,13.0,0.0,0.0,0.0,0.0,62.5849,0.0,47.7018,0.0,0.0
18435.0,1.7403,0.0925,1.0,0.0799,1.2019,2.0544,1.0544,2.2882,1.2882,26.6341,2.0654,26.3549,2.0542,100.0,0.0,0.0,0.0,25.375,0.0,26.375,0.0,26.375,0.0,25.375,10.0,0.0,0.0103,52.4621,5.2462,2.0,464.9927,2.067,1.2018,1.4947,1.2334,1.4982,0.0009,2.0439,0.001,3.6509,11.0,0.0668,1.0018,0.2134,2.551,0.0062,1.0124,0.0304,1.7048,0.0,0.0,0.0,29.9984,26.0,25.0,38.0,38.0,14.0,0.0,0.0,0.0,0.0,62.5848,0.0,47.7018,0.0,0.0
18436.0,1.7406,0.0926,1.0,0.08,1.2023,2.0544,1.0544,2.2882,1.2882,26.7616,2.0705,26.3616,2.0545,100.0,0.0,0.0,0.0,25.375,0.0,26.375,0.0,26.375,0.0,25.375,10.0,0.0,0.0103,52.462,5.2462,2.0,467.8721,2.0681,1.1695,1.4912,1.2322,1.4981,0.0009,2.0461,0.0013,2.0548,10.0,0.0671,1.0018,0.2259,2.5758,0.0063,1.0236,0.0302,1.7025,0.0,0.0,0.0,29.9978,25.0,25.0,38.0,38.0,14.0,0.0,0.0,0.0,0.0,62.5844,0.0,47.7013,0.0,0.0
18437.0,1.7424,0.0928,1.0,0.0799,1.2021,2.0547,1.0547,2.2887,1.2887,26.8098,2.0724,26.3456,2.0538,100.0,0.0,0.0,0.0,25.375,0.0,26.375,0.0,26.375,0.0,25.5,10.0,0.0,0.0101,52.4621,5.2462,2.0,474.9037,2.0706,1.2106,1.4957,1.2244,1.4972,0.0009,2.049,0.001,1.8543,10.0,0.0659,1.0018,0.1984,2.5194,0.0056,0.972,0.0306,1.7076,0.0,0.0,0.0,29.9979,25.0,25.0,38.0,38.0,14.0,0.0,0.0,0.0,0.0,62.5842,0.0,47.7018,0.0,0.0
18438.0,1.7406,0.0926,1.0,0.0799,1.2019,2.055,1.055,2.2886,1.2886,26.7284,2.0691,26.3375,2.0535,100.0,0.0,0.0,0.0,25.25,0.0,26.375,0.0,26.375,0.0,25.375,10.0,0.0,0.0097,52.4621,5.2462,2.0,484.0159,2.0739,1.3834,1.5146,1.2154,1.4962,0.0009,2.0517,0.001,1.8632,10.0,0.067,1.0018,0.1845,2.4878,0.0056,0.9714,0.0265,1.6448,0.0,0.0,0.0,29.9979,25.0,25.0,38.0,38.0,13.0,0.0,0.0,0.0,0.0,62.5848,0.0,47.7015,0.0,0.0
18439.0,1.7393,0.0924,1.0,0.0799,1.202,2.0551,1.0551,2.2884,1.2884,26.6033,2.0641,26.3417,2.0537,100.0,0.0,0.0,0.0,25.375,0.0,26.375,0.0,26.25,0.0,25.5,10.0,0.0,0.0104,52.4623,5.2462,2.0,492.9212,2.0771,1.3446,1.5103,1.2024,1.4948,0.0009,2.0545,0.001,1.8737,10.0,0.0663,1.0018,0.1666,2.4436,0.0068,1.0561,0.0413,1.8374,0.0,0.0,0.0,29.9978,25.0,25.0,38.0,38.0,15.0,0.0,0.0,0.0,0.0,62.5852,0.0,47.7016,0.0,0.0
18440.0,1.7393,0.0924,1.0,0.0797,1.2015,2.0547,1.0547,2.2882,1.2882,26.592,2.0637,26.3567,2.0543,100.0,0.0,0.0,0.0,25.25,0.0,26.375,0.0,26.375,0.0,25.5,10.0,0.0,0.0098,52.4624,5.2462,2.0,498.8709,2.0792,1.3128,1.5068,1.2034,1.4949,0.0009,2.0576,0.001,1.8845,10.0,0.0662,1.0018,0.1805,2.4784,0.0066,1.0391,0.0415,1.8395,0.0,0.0,0.0,29.998,26.0,25.0,38.0,38.0,14.0,0.0,0.0,0.0,0.0,62.5844,0.0,47.7018,0.0,0.0
18441.0,1.7383,0.0923,1.0,0.0798,1.2016,2.0544,1.0544,2.2882,1.2882,26.7435,2.0697,26.3608,2.0544,100.0,0.0,0.0,0.0,25.375,0.0,26.5,0.0,26.5,0.0,25.5,10.0,0.0,0.0095,52.4624,5.2462,2.0,502.1192,2.0803,1.2076,1.4954,1.1988,1.4944,0.001,2.0602,0.0011,1.8942,10.0,0.0665,1.0018,0.1366,2.3573,0.006,0.9997,0.0377,1.7979,0.0,0.0,0.0,29.998,26.0,25.0,38.0,37.0,13.0,0.0,0.0,0.0,0.0,62.5851,0.0,47.7018,0.0,0.0
18442.0,1.7403,0.0925,1.0,0.0799,1.202,2.0543,1.0543,2.2886,1.2886,26.8121,2.0725,26.3454,2.0538,100.0,0.0,0.0,0.0,25.25,0.0,26.375,0.0,26.375,0.0,25.375,10.0,0.0,0.0104,52.4622,5.2463,2.0,511.9791,2.0837,1.3541,1.5114,1.1915,1.4936,0.001,2.0632,0.0011,1.9053,10.0,0.0671,1.0018,0.1375,2.3601,0.0054,0.9548,0.0362,1.7809,0.0,0.0,0.0,29.9982,26.0,25.0,38.0,37.0,15.0,0.0,0.0,0.0,0.0,62.5855,0.0,47.702,0.0,0.0
18443.0,1.7425,0.0928,1.0,0.0797,1.2014,2.0549,1.0549,2.2885,1.2885,26.7388,2.0696,26.3365,2.0535,100.0,0.0,0.0,0.0,25.375,0.0,26.375,0.0,26.375,0.0,25.5,10.0,0.0,0.0103,52.4627,5.2463,2.0,516.8122,2.0853,1.2279,1.4976,1.1768,1.492,0.001,2.0654,0.0011,1.914,10.0,0.0639,1.0017,0.1512,2.4014,0.0061,1.0068,0.038,1.8016,0.0,0.0,0.0,29.9982,26.0,25.0,38.0,37.0,14.0,0.0,0.0,0.0,0.0,62.5846,0.0,47.7018,0.0,0.0
18444.0,1.7397,0.0925,1.0,0.0798,1.2018,2.0551,1.0551,2.2885,1.2885,26.616,2.0646,26.343,2.0537,100.0,0.0,0.0,0.0,25.5,0.0,26.5,0.0,26.5,0.0,25.5,10.0,0.0,0.0094,52.4623,5.2462,2.0,521.3982,2.0869,1.2608,1.5012,1.1735,1.4917,0.001,2.0684,0.0011,1.9243,10.0,0.0704,1.0019,0.1251,2.319,0.006,0.9975,0.0328,1.7376,0.0,0.0,0.0,29.9982,25.0,25.0,38.0,37.0,13.0,0.0,0.0,0.0,0.0,62.5849,0.0,47.7019,0.0,0.0
18445.0,1.7388,0.0923,1.0,0.0797,1.2015,2.0549,1.0549,2.2882,1.2882,26.579,2.0632,26.3444,2.0538,100.0,0.0,0.0,0.0,25.25,0.0,26.5,0.0,26.5,0.0,25.375,10.0,0.0,0.0097,52.4625,5.2462,2.0,527.9807,2.089,1.1314,1.4871,1.1695,1.4912,0.001,2.0712,0.0011,1.9337,10.0,0.071,1.0019,0.1286,2.3312,0.0063,1.0227,0.0335,1.7475,0.0,0.0,0.0,29.9981,25.0,25.0,38.0,37.0,16.0,0.0,0.0,0.0,0.0,62.5849,0.0,47.7015,0.0,0.0
18446.0,1.7363,0.092,1.0,0.0799,1.2021,2.054,1.054,2.2882,1.2882,26.7317,2.0693,26.3611,2.0544,100.0,0.0,0.0,0.0,25.375,0.0,26.375,0.0,26.375,0.0,25.5,10.0,0.0,0.0097,52.4622,5.2462,2.0,532.8265,2.0906,1.2646,1.5016,1.1628,1.4905,0.001,2.0739,0.0011,1.9441,10.0,0.0734,1.002,0.149,2.3952,0.0063,1.0233,0.046,1.8848,0.0,0.0,0.0,29.998,25.0,25.0,38.0,38.0,13.0,0.0,0.0,0.0,0.0,62.5846,0.0,47.702,0.0,0.0
18447.0,1.7363,0.092,1.0,0.0799,1.2019,2.0541,1.0541,2.2889,1.2889,26.8182,2.0727,26.351,2.054,100.0,0.0,0.0,0.0,25.375,0.0,26.375,0.0,26.375,0.0,25.375,10.0,0.0,0.0098,52.4625,5.2463,2.0,542.3173,2.0937,1.2188,1.4966,1.1552,1.4897,0.001,2.0764,0.0011,1.9552,10.0,0.0749,1.002,0.0892,2.1724,0.0059,0.9941,0.0438,1.8631,0.0,0.0,0.0,29.9981,25.0,25.0,38.0,38.0,15.0,0.0,0.0,0.0,0.0,62.5854,0.0,47.7011,0.0,0.0
18448.0,1.7362,0.092,1.0,0.0796,1.2013,2.055,1.055,2.2886,1.2886,26.7522,2.0701,26.3396,2.0536,100.0,0.0,0.0,0.0,25.25,0.0,26.375,0.0,26.375,0.0,25.375,10.0,0.0,0.0098,52.4625,5.2462,2.0,547.4375,2.0953,1.2009,1.4946,1.1537,1.4895,0.001,2.0791,0.0011,1.964,10.0,0.0735,1.002,0.1154,2.2841,0.0066,1.042,0.0434,1.8589,0.0,0.0,0.0,29.9977,26.0,25.0,38.0,38.0,14.0,0.0,0.0,0.0,0.0,62.5853,0.0,47.7022,0.0,0.0
18449.0,1.7362,0.092,1.0,0.0802,1.2028,2.0551,1.0551,2.2885,1.2885,26.6263,2.0651,26.3437,2.0537,100.0,0.0,0.0,0.0,25.25,0.0,26.375,0.0,26.375,0.0,25.5,10.0,0.0,0.0105,52.4624,5.2462,2.0,556.8375,2.0983,1.2795,1.5032,1.1377,1.4877,0.0011,2.082,0.0012,1.9769,10.0,0.0752,1.002,0.1164,2.2878,0.006,1.0003,0.0445,1.8697,0.0,0.0,0.0,29.9983,26.0,25.0,38.0,38.0,14.0,0.0,0.0,0.0,0.0,62.5849,0.0,47.7019,0.0,0.0
18450.0,1.7363,0.092,1.0,0.0803,1.203,2.055,1.055,2.2883,1.2883,26.5703,2.0628,26.3419,2.0537,100.0,0.0,0.0,0.0,25.25,0.0,26.375,0.0,26.375,0.0,25.5,10.0,0.0,0.0099,52.4627,5.2463,2.0,563.0144,2.1002,1.1904,1.4935,1.1411,1.4881,0.0011,2.0844,0.0012,1.9873,10.0,0.0757,1.002,0.0895,2.1736,0.006,0.999,0.0438,1.863,0.0,0.0,0.0,29.9982,26.0,25.0,38.0,37.0,17.0,0.0,0.0,0.0,0.0,62.5849,0.0,47.7016,0.0,0.0
18451.0,1.7365,0.0921,1.0,0.0802,1.2028,2.0542,1.0542,2.2882,1.2882,26.7266,2.0691,26.3611,2.0544,100.0,0.0,0.0,0.0,25.375,0.0,26.375,0.0,26.375,0.0,25.375,10.0,0.0,0.01,52.463,5.2463,2.0,568.8115,2.102,1.0356,1.4766,1.1247,1.4863,0.0011,2.0874,0.0012,1.9992,10.0,0.0744,1.002,0.106,2.2473,0.0062,1.0139,0.0366,1.7858,0.0,0.0,0.0,29.998,26.0,25.0,38.0,37.0,14.0,0.0,0.0,0.0,0.0,62.5845,0.0,47.7019,0.0,0.0
18452.0,1.7373,0.0922,1.0,0.0801,1.2026,2.0544,1.0544,2.2883,1.2883,26.8158,2.0726,26.352,2.0541,100.0,0.0,0.0,0.0,25.25,0.0,26.625,0.0,26.375,0.0,25.375,10.0,0.0,0.0104,52.463,5.2463,2.0,568.8373,2.102,1.0519,1.4784,1.1257,1.4864,0.0011,2.0899,0.0012,2.0094,10.0,0.0729,1.0019,0.1049,2.2425,0.0063,1.02,0.0502,1.9226,0.0,0.0,0.0,29.9982,26.0,25.0,38.0,37.0,14.0,0.0,0.0,0.0,0.0,62.5846,0.0,47.7018,0.0,0.0
18453.0,1.7383,0.0923,1.0,0.08,1.2024,2.0546,1.0546,2.2886,1.2886,26.7648,2.0706,26.3396,2.0536,100.0,0.0,0.0,0.0,25.375,0.0,26.375,0.0,26.5,0.0,25.375,10.0,0.0,0.0108,52.4627,5.2463,2.0,577.0172,2.1045,1.0495,1.4781,1.1178,1.4856,0.0011,2.0921,0.0012,2.0192,10.0,0.0734,1.002,0.0828,2.1398,0.0055,0.9606,0.0494,1.9157,0.0,0.0,0.0,29.9975,26.0,25.0,38.0,37.0,13.0,0.0,0.0,0.0,0.0,62.5853,0.0,47.7017,0.0,0.0
18454.0,1.7359,0.092,1.0,0.0799,1.2019,2.0549,1.0549,2.2886,1.2886,26.658,2.0663,26.3344,2.0534,100.0,0.0,0.0,0.0,25.5,0.0,26.375,0.0,26.375,0.0,25.5,10.0,0.0,0.0105,52.4628,5.2463,2.0,580.3123,2.1055,1.0154,1.4744,1.1072,1.4844,0.0011,2.0945,0.0012,2.029,10.0,0.0715,1.0019,0.0861,2.1569,0.0066,1.0426,0.0453,1.8781,0.0,0.0,0.0,29.998,26.0,25.0,38.0,38.0,16.0,0.0,0.0,0.0,0.0,62.585,0.0,47.7015,0.0,0.0
18455.0,1.7451,0.0931,1.0,0.0796,1.2013,2.0546,1.0546,2.2883,1.2883,26.5586,2.0623,26.3364,2.0535,100.0,0.0,0.0,0.0,25.25,0.0,26.375,0.0,26.375,0.0,25.375,10.0,0.0,0.0101,52.4629,5.2463,2.0,586.4766,2.1073,1.0192,1.4748,1.1028,1.4839,0.0011,2.0972,0.0012,2.0395,10.0,0.0676,1.0018,0.0692,2.0619,0.0058,0.9846,0.0586,1.99,0.0,0.0,0.0,29.9978,26.0,25.0,38.0,38.0,14.0,0.0,0.0,0.0,0.0,62.5852,0.0,47.7018,0.0,0.0
18456.0,1.7477,0.0935,1.0,0.0798,1.2018,2.054,1.054,2.2886,1.2886,26.6955,2.0678,26.3588,2.0544,100.0,0.0,0.0,0.0,25.375,0.0,26.375,0.0,26.375,0.0,25.5,10.0,0.0,0.01,52.463,5.2463,2.0,596.1983,2.1102,1.1237,1.4862,1.0979,1.4834,0.0011,2.1,0.0012,2.0537,10.0,0.0639,1.0017,0.0759,2.102,0.0063,1.0202,0.0585,1.9892,0.0,0.0,0.0,29.9978,26.0,25.0,38.0,38.0,14.0,0.0,0.0,0.0,0.0,62.585,0.0,47.7014,0.0,0.0
18457.0,1.749,0.0936,1.0,0.08,1.2022,2.054,1.054,2.2888,1.2888,26.8034,2.0721,26.3562,2.0542,100.0,0.0,0.0,0.0,25.25,0.0,26.375,0.0,26.375,0.0,25.375,10.0,0.0,0.0098,52.463,5.2463,2.0,601.0043,2.1116,1.1031,1.484,1.1023,1.4839,0.0011,2.1022,0.0013,2.0614,10.0,0.0651,1.0017,0.0714,2.0757,0.006,1.0017,0.06,2.0001,0.0,0.0,0.0,29.9978,26.0,25.0,38.0,38.0,13.0,0.0,0.0,0.0,0.0,62.5852,0.0,47.7012,0.0,0.0
18458.0,1.7487,0.0936,1.0,0.0797,1.2015,2.0548,1.0548,2.2887,1.2887,26.7923,2.0717,26.3419,2.0537,100.0,0.0,0.0,0.0,25.375,0.0,26.375,0.0,26.375,0.0,25.375,10.0,0.0,0.0108,52.4631,5.2463,2.0,606.3224,2.1131,1.145,1.4885,1.0984,1.4835,0.0012,2.1047,0.0013,2.0729,10.0,0.0667,1.0018,0.0644,2.0308,0.005,0.9249,0.0623,2.0161,0.0,0.0,0.0,29.9979,26.0,25.0,38.0,38.0,15.0,0.0,0.0,0.0,0.0,62.5853,0.0,47.7015,0.0,0.0
18459.0,1.7454,0.0932,1.0,0.0798,1.2017,2.055,1.055,2.2886,1.2886,26.6968,2.0679,26.3356,2.0534,100.0,0.0,0.0,0.0,25.25,0.0,26.375,0.0,26.375,0.0,25.5,10.0,0.0,0.01,52.4634,5.2463,2.0,617.3916,2.1162,1.1822,1.4926,1.0896,1.4825,0.0012,2.1071,0.0013,2.084,10.0,0.0653,1.0017,0.0656,2.0388,0.0056,0.9729,0.0663,2.0434,0.0,0.0,0.0,29.9973,26.0,25.0,38.0,38.0,15.0,0.0,0.0,0.0,0.0,62.585,0.0,47.7017,0.0,0.0
18460.0,1.7415,0.0927,1.0,0.0798,1.2017,2.0546,1.0546,2.2884,1.2884,26.58,2.0632,26.3331,2.0533,100.0,0.0,0.0,0.0,25.25,0.0,26.375,0.0,26.375,0.0,25.5,10.0,0.0,0.0101,52.4636,5.2464,2.0,627.8162,2.1191,1.2462,1.4996,1.0778,1.4812,0.0012,2.1095,0.0013,2.0953,10.0,0.0673,1.0018,0.0654,2.0377,0.0069,1.0577,0.0628,2.0198,0.0,0.0,0.0,29.9975,26.0,25.0,38.0,38.0,12.0,0.0,0.0,0.0,0.0,62.5852,0.0,47.702,0.0,0.0
18461.0,1.7395,0.0924,1.0,0.0797,1.2015,2.0547,1.0547,2.2883,1.2883,26.6251,2.065,26.353,2.0541,100.0,0.0,0.0,0.0,25.25,0.0,26.5,0.0,26.375,0.0,25.375,10.0,0.0,0.0104,52.4634,5.2463,2.0,634.9608,2.1211,1.2116,1.4958,1.0885,1.4824,0.0012,2.1124,0.0013,2.1047,10.0,0.0679,1.0018,0.0482,1.9052,0.006,0.9995,0.0561,1.9707,0.0,0.0,0.0,29.9977,26.0,25.0,38.0,38.0,13.0,0.0,0.0,0.0,0.0,62.585,0.0,47.7017,0.0,0.0
18462.0,1.7382,0.0923,1.0,0.0797,1.2015,2.054,1.054,2.2885,1.2885,26.8011,2.072,26.3567,2.0543,100.0,0.0,0.0,0.0,25.25,0.0,26.5,0.0,26.375,0.0,25.375,10.0,0.0,0.0105,52.4631,5.2463,2.0,636.3749,2.1215,1.0518,1.4784,1.0741,1.4808,0.0012,2.115,0.0013,2.1177,10.0,0.0672,1.0018,0.0513,1.9322,0.006,1.0014,0.0679,2.0537,0.0,0.0,0.0,29.9974,26.0,25.0,38.0,37.0,16.0,0.0,0.0,0.0,0.0,62.5851,0.0,47.7019,0.0,0.0
18463.0,1.7373,0.0922,1.0,0.0796,1.2013,2.0545,1.0545,2.2887,1.2887,26.7982,2.0719,26.344,2.0538,100.0,0.0,0.0,0.0,25.25,0.0,26.375,0.0,26.375,0.0,25.5,10.0,0.0,0.01,52.4634,5.2464,2.0,642.5164,2.1232,1.0799,1.4814,1.0642,1.4797,0.0012,2.1171,0.0013,2.1288,10.0,0.065,1.0017,0.0531,1.9472,0.0063,1.0224,0.0717,2.0773,0.0,0.0,0.0,29.9978,26.0,25.0,38.0,37.0,16.0,0.0,0.0,0.0,0.0,62.5854,0.0,47.7016,0.0,0.0
18464.0,1.7373,0.0922,1.0,0.0798,1.2017,2.055,1.055,2.2886,1.2886,26.7165,2.0687,26.337,2.0535,100.0,0.0,0.0,0.0,25.375,0.0,26.375,0.0,26.375,0.0,25.5,10.0,0.0,0.0102,52.4631,5.2463,2.0,653.4145,2.1261,1.1777,1.4921,1.0604,1.4793,0.0012,2.1196,0.0014,2.139,10.0,0.0662,1.0018,0.0401,1.8252,0.0058,0.9865,0.063,2.0212,0.0,0.0,0.0,29.9979,26.0,25.0,38.0,37.0,13.0,0.0,0.0,0.0,0.0,62.5848,0.0,47.7019,0.0,0.0
18465.0,1.7384,0.0923,1.0,0.0799,1.2019,2.0547,1.0547,2.2884,1.2884,26.5802,2.0632,26.3328,2.0533,100.0,0.0,0.0,0.0,25.375,0.0,26.5,0.0,26.375,0.0,25.375,10.0,0.0,0.0105,52.4632,5.2463,2.0,661.827,2.1283,1.1334,1.4873,1.0548,1.4787,0.0013,2.1221,0.0014,2.1524,10.0,0.0663,1.0018,0.0426,1.8513,0.0066,1.0412,0.0565,1.9737,0.0,0.0,0.0,29.998,26.0,25.0,38.0,37.0,15.0,0.0,0.0,0.0,0.0,62.5844,0.0,47.7015,0.0,0.0
18466.0,1.7373,0.0922,1.0,0.08,1.2023,2.0543,1.0543,2.2883,1.2883,26.601,2.064,26.3517,2.0541,100.0,0.0,0.0,0.0,25.25,0.0,26.375,0.0,26.5,0.0,25.375,10.0,0.0,0.0103,52.4632,5.2464,2.0,667.3856,2.1298,1.077,1.4811,1.0541,1.4786,0.0013,2.1246,0.0014,2.1636,10.0,0.072,1.0019,0.0472,1.8957,0.0059,0.9905,0.0631,2.0219,0.0,0.0,0.0,29.9978,26.0,25.0,38.0,37.0,16.0,0.0,0.0,0.0,0.0,62.5854,0.0,47.702,0.0,0.0
18467.0,1.7364,0.0921,1.0,0.0798,1.2016,2.0542,1.0542,2.2883,1.2883,26.7866,2.0715,26.3587,2.0543,100.0,0.0,0.0,0.0,25.25,0.0,26.375,0.0,26.375,0.0,25.5,10.0,0.0,0.0102,52.4634,5.2464,2.0,675.1788,2.1318,1.077,1.4811,1.0451,1.4776,0.0013,2.1274,0.0014,2.1759,10.0,0.0739,1.002,0.0353,1.7697,0.007,1.0657,0.0601,2.0004,0.0,0.0,0.0,29.9983,26.0,25.0,38.0,37.0,13.0,0.0,0.0,0.0,0.0,62.5856,0.0,47.7021,0.0,0.0
18468.0,1.7362,0.092,1.0,0.08,1.2022,2.0547,1.0547,2.2887,1.2887,26.7965,2.0719,26.3414,2.0537,100.0,0.0,0.0,0.0,25.25,0.0,26.375,0.0,26.375,0.0,25.375,10.0,0.0,0.0099,52.4635,5.2463,2.0,683.6351,2.1339,1.0624,1.4795,1.042,1.4773,0.0013,2.13,0.0014,2.1893,10.0,0.0706,1.0019,0.0412,1.8366,0.0065,1.0314,0.0585,1.9887,0.0,0.0,0.0,29.9978,26.0,25.0,38.0,37.0,14.0,0.0,0.0,0.0,0.0,62.5853,0.0,47.7023,0.0,0.0
18469.0,1.7363,0.092,1.0,0.0798,1.2018,2.055,1.055,2.2885,1.2885,26.7401,2.0696,26.3374,2.0535,100.0,0.0,0.0,0.0,25.25,0.0,26.375,0.0,26.375,0.0,25.5,10.0,0.0,0.0097,52.4635,5.2464,2.0,686.8288,2.1347,1.0876,1.4823,1.0336,1.4764,0.0013,2.1316,0.0014,2.1976,10.0,0.0696,1.0019,0.0377,1.7982,0.0059,0.9947,0.0553,1.9648,0.0,0.0,0.0,29.9982,26.0,25.0,38.0,37.0,14.0,0.0,0.0,0.0,0.0,62.5851,0.0,47.7015,0.0,0.0
18470.0,1.7353,0.0919,1.0,0.08,1.2023,2.055,1.055,2.2885,1.2885,26.6181,2.0647,26.3352,2.0534,100.0,0.0,0.0,0.0,25.25,0.0,26.375,0.0,26.375,0.0,25.375,10.0,0.0,0.0102,52.4636,5.2463,2.0,698.214,2.1376,1.1724,1.4915,1.026,1.4756,0.0013,2.134,0.0014,2.2105,10.0,0.0682,1.0018,0.0373,1.7934,0.0067,1.0502,0.0477,1.9002,0.0,0.0,0.0,29.9981,26.0,25.0,38.0,38.0,13.0,0.0,0.0,0.0,0.0,62.5847,0.0,47.7018,0.0,0.0
18471.0,1.7352,0.0919,1.0,0.0797,1.2013,2.0549,1.0549,2.2882,1.2882,26.585,2.0634,26.3465,2.0539,100.0,0.0,0.0,0.0,25.25,0.0,26.375,0.0,26.375,0.0,25.5,10.0,0.0,0.0101,52.4634,5.2464,2.0,707.6703,2.1399,1.1627,1.4905,1.0267,1.4756,0.0013,2.1363,0.0014,2.2217,10.0,0.0682,1.0018,0.036,1.778,0.0061,1.0039,0.0505,1.9255,0.0,0.0,0.0,29.998,26.0,25.0,38.0,38.0,13.0,0.0,0.0,0.0,0.0,62.5854,0.0,47.7016,0.0,0.0
18472.0,1.7352,0.0919,1.0,0.0796,1.2013,2.0544,1.0544,2.2882,1.2882,26.7345,2.0694,26.3701,2.0548,100.0,0.0,0.0,0.0,25.25,0.0,26.375,0.0,26.375,0.0,25.5,10.0,0.0,0.0107,52.4635,5.2463,2.0,712.9501,2.1412,1.0776,1.4812,1.0182,1.4747,0.0013,2.1387,0.0015,2.2354,10.0,0.0664,1.0018,0.0999,2.2213,0.0058,0.9884,0.061,2.0073,0.0,0.0,0.0,29.9978,26.0,25.0,38.0,38.0,14.0,0.0,0.0,0.0,0.0,62.5849,0.0,47.7017,0.0,0.0
18473.0,1.7352,0.0919,1.0,0.0797,1.2014,2.0545,1.0545,2.2886,1.2886,26.816,2.0726,26.3574,2.0543,100.0,0.0,0.0,0.0,25.375,0.0,26.375,0.0,26.375,0.0,25.375,10.0,0.0,0.0101,52.4637,5.2464,2.0,716.4155,2.1421,1.0307,1.4761,1.0168,1.4746,0.0014,2.141,0.0015,2.2456,10.0,0.0652,1.0017,0.0974,2.2105,0.0063,1.0236,0.0533,1.949,0.0,0.0,0.0,29.9979,26.0,25.0,38.0,38.0,14.0,0.0,0.0,0.0,0.0,62.5852,0.0,47.7018,0.0,0.0
18474.0,1.7362,0.092,1.0,0.0799,1.202,2.0549,1.0549,2.2886,1.2886,26.7451,2.0698,26.3476,2.0539,100.0,0.0,0.0,0.0,25.375,0.0,26.375,0.0,26.375,0.0,25.5,10.0,0.0,0.0103,52.464,5.2464,2.0,724.8529,2.1441,1.0344,1.4765,1.0134,1.4742,0.0014,2.1436,0.0015,2.2584,10.0,0.0674,1.0018,0.0986,2.2155,0.0061,1.0103,0.0492,1.9141,0.0,0.0,0.0,29.9974,26.0,25.0,38.0,38.0,15.0,0.0,0.0,0.0,0.0,62.5851,0.0,47.7013,0.0,0.0
18475.0,1.7363,0.092,1.0,0.0801,1.2025,2.055,1.055,2.2885,1.2885,26.621,2.0648,26.3431,2.0537,100.0,0.0,0.0,0.0,25.375,0.0,26.625,0.0,26.375,0.0,25.5,10.0,0.0,0.0111,52.4641,5.2464,2.0,728.7231,2.145,0.9457,1.4668,1.0139,1.4742,0.0014,2.146,0.0015,2.272,10.0,0.0701,1.0019,0.0858,2.1553,0.0067,1.0449,0.0832,2.1418,0.0,0.0,0.0,29.9977,26.0,25.0,38.0,37.0,13.0,0.0,0.0,0.0,0.0,62.5847,0.0,47.7017,0.0,0.0
18476.0,1.7363,0.092,1.0,0.08,1.2022,2.0549,1.0549,2.2883,1.2883,26.5683,2.0627,26.3548,2.0542,100.0,0.0,0.0,0.0,25.25,0.0,26.375,0.0,26.5,0.0,25.375,10.0,0.0,0.0103,52.464,5.2464,2.0,733.0515,2.1461,0.7263,1.4429,1.0096,1.4738,0.0014,2.1485,0.0015,2.2835,10.0,0.0682,1.0018,0.0797,2.1236,0.006,0.9985,0.0781,2.1142,0.0,0.0,0.0,29.998,26.0,25.0,38.0,37.0,13.0,0.0,0.0,0.0,0.0,62.5849,0.0,47.7016,0.0,0.0
18477.0,1.7362,0.092,1.0,0.0799,1.2021,2.0545,1.0545,2.2882,1.2882,26.7145,2.0686,26.3611,2.0544,100.0,0.0,0.0,0.0,25.375,0.0,26.375,0.0,26.375,0.0,25.5,10.0,0.0,0.0097,52.4637,5.2464,2.0,730.6288,2.1455,0.6927,1.4392,1.0056,1.4733,0.0014,2.1507,0.0015,2.2949,10.0,0.0673,1.0018,0.0841,2.1465,0.0062,1.0135,0.0672,2.0491,0.0,0.0,0.0,29.9975,26.0,25.0,38.0,37.0,14.0,0.0,0.0,0.0,0.0,62.5854,0.0,47.7011,0.0,0.0
18478.0,1.7363,0.092,1.0,0.08,1.2023,2.0545,1.0545,2.2886,1.2886,26.8165,2.0727,26.3545,2.0542,100.0,0.0,0.0,0.0,25.375,0.0,26.375,0.0,26.375,0.0,25.375,10.0,0.0,0.0099,52.4642,5.2464,2.0,736.2972,2.1468,0.7144,1.4416,1.0048,1.4733,0.0014,2.1534,0.0016,2.3111,10.0,0.0694,1.0019,0.0716,2.0769,0.0063,1.0237,0.0679,2.0536,0.0,0.0,0.0,29.9978,26.0,25.0,38.0,37.0,15.0,0.0,0.0,0.0,0.0,62.5856,0.0,47.7021,0.0,0.0
18479.0,1.7371,0.0921,1.0,0.08,1.2021,2.0549,1.0549,2.2885,1.2885,26.7451,2.0698,26.338,2.0535,100.0,0.0,0.0,0.0,25.25,0.0,26.375,0.0,26.375,0.0,25.375,10.0,0.0,0.0105,52.4639,5.2464,2.0,745.9017,2.1491,0.8153,1.4526,1.0067,1.4735,0.0014,2.1559,0.0016,2.3214,10.0,0.0719,1.0019,0.0729,2.0843,0.0061,1.0073,0.0757,2.1012,0.0,0.0,0.0,29.998,26.0,25.0,38.0,37.0,14.0,0.0,0.0,0.0,0.0,62.5853,0.0,47.702,0.0,0.0
18480.0,1.7383,0.0923,1.0,0.08,1.2024,2.0549,1.0549,2.2885,1.2885,26.6287,2.0651,26.3329,2.0533,100.0,0.0,0.0,0.0,25.375,0.0,26.375,0.0,26.375,0.0,25.5,10.0,0.0,0.0098,52.464,5.2464,2.0,760.1918,2.1524,0.9259,1.4646,0.9983,1.4725,0.0015,2.1582,0.0016,2.3348,10.0,0.0748,1.002,0.0717,2.0776,0.0062,1.014,0.0747,2.0951,0.0,0.0,0.0,29.998,26.0,25.0,38.0,37.0,13.0,0.0,0.0,0.0,0.0,62.5845,0.0,47.7015,0.0,0.0
18481.0,1.7383,0.0923,1.0,0.0801,1.2026,2.0546,1.0546,2.2883,1.2883,26.5655,2.0626,26.3389,2.0536,100.0,0.0,0.0,0.0,25.375,0.0,26.375,0.0,26.375,0.0,25.5,10.0,0.0,0.0101,52.4639,5.2464,2.0,761.1971,2.1526,0.8361,1.4548,0.9941,1.4721,0.0015,2.16,0.0016,2.3453,10.0,0.0759,1.002,0.0731,2.0858,0.0065,1.0329,0.0676,2.0516,0.0,0.0,0.0,29.9982,25.0,25.0,38.0,37.0,14.0,0.0,0.0,0.0,0.0,62.5855,0.0,47.7016,0.0,0.0
18482.0,1.7385,0.0923,1.0,0.0798,1.2018,2.0541,1.0541,2.2882,1.2882,26.6797,2.0672,26.3563,2.0543,100.0,0.0,0.0,0.0,25.25,0.0,26.375,0.0,26.375,0.0,25.5,10.0,0.0,0.0101,52.464,5.2464,2.0,767.5492,2.154,0.8681,1.4583,0.995,1.4722,0.0015,2.1624,0.0016,2.3578,10.0,0.0747,1.002,0.0707,2.0711,0.0065,1.0351,0.067,2.0478,0.0,0.0,0.0,29.9977,25.0,25.0,38.0,37.0,12.0,0.0,0.0,0.0,0.0,62.5852,0.0,47.7018,0.0,0.0
18483.0,1.7404,0.0926,1.0,0.0799,1.2019,2.0543,1.0543,2.2884,1.2884,26.8219,2.0729,26.362,2.0545,100.0,0.0,0.0,0.0,25.5,0.0,26.5,0.0,26.25,0.0,25.5,10.0,0.0,0.0098,52.464,5.2464,2.0,773.228,2.1553,0.7826,1.449,0.9731,1.4698,0.0015,2.1644,0.0016,2.369,10.0,0.0697,1.0019,0.0559,1.9695,0.0061,1.0085,0.083,2.141,0.0,0.0,0.0,29.998,25.0,25.0,38.0,37.0,16.0,0.0,0.0,0.0,0.0,62.585,0.0,47.702,0.0,0.0
18484.0,1.7404,0.0926,1.0,0.0797,1.2015,2.0549,1.0549,2.2887,1.2887,26.7777,2.0711,26.3522,2.0541,100.0,0.0,0.0,0.0,25.25,0.0,26.375,0.0,26.375,0.0,25.5,10.0,0.0,0.0104,52.4642,5.2464,2.0,778.2382,2.1564,0.8136,1.4524,0.9699,1.4694,0.0015,2.1665,0.0016,2.3849,10.0,0.0693,1.0018,0.0557,1.9676,0.0057,0.9754,0.081,2.1303,0.0,0.0,0.0,29.9979,25.0,25.0,38.0,37.0,12.0,0.0,0.0,0.0,0.0,62.5851,0.0,47.7018,0.0,0.0
18485.0,1.7404,0.0926,1.0,0.0797,1.2015,2.055,1.055,2.2885,1.2885,26.6716,2.0669,26.3446,2.0538,100.0,0.0,0.0,0.0,25.25,0.0,26.375,0.0,26.375,0.0,25.375,10.0,0.0,0.0103,52.4642,5.2464,2.0,784.9436,2.1579,0.8958,1.4614,0.9716,1.4696,0.0015,2.1686,0.0017,2.3961,10.0,0.0662,1.0018,0.0546,1.9591,0.0056,0.9725,0.0695,2.0641,0.0,0.0,0.0,29.9979,26.0,25.0,38.0,37.0,13.0,0.0,0.0,0.0,0.0,62.5848,0.0,47.7017,0.0,0.0
18486.0,1.7414,0.0927,1.0,0.0799,1.202,2.055,1.055,2.2883,1.2883,26.5595,2.0624,26.3365,2.0535,100.0,0.0,0.0,0.0,25.375,0.0,26.375,0.0,26.375,0.0,25.375,10.0,0.0,0.01,52.4642,5.2464,2.0,789.9192,2.159,0.8096,1.452,0.965,1.4689,0.0015,2.1712,0.0017,2.4101,10.0,0.0656,1.0017,0.0495,1.9162,0.006,1.0027,0.0687,2.0586,0.0,0.0,0.0,29.9973,26.0,25.0,38.0,37.0,13.0,0.0,0.0,0.0,0.0,62.5852,0.0,47.7014,0.0,0.0
18487.0,1.7432,0.0929,1.0,0.08,1.2023,2.0541,1.0541,2.2881,1.2881,26.6496,2.066,26.3548,2.0542,100.0,0.0,0.0,0.0,25.25,0.0,26.375,0.0,26.375,0.0,25.375,10.0,0.0,0.0105,52.4645,5.2464,2.0,798.7134,2.161,0.8666,1.4582,0.9648,1.4689,0.0016,2.1734,0.0017,2.4225,10.0,0.0686,1.0018,0.0451,1.8764,0.0067,1.0476,0.0653,2.0367,0.0,0.0,0.0,29.9975,26.0,25.0,38.0,38.0,15.0,0.0,0.0,0.0,0.0,62.5847,0.0,47.7014,0.0,0.0
18488.0,1.7435,0.0929,1.0,0.0797,1.2014,2.0544,1.0544,2.2884,1.2884,26.8213,2.0729,26.3516,2.0541,100.0,0.0,0.0,0.0,25.375,0.0,26.5,0.0,26.5,0.0,25.375,10.0,0.0,0.0101,52.464,5.2464,2.0,815.7632,2.1646,1.0311,1.4761,0.9612,1.4685,0.0016,2.176,0.0017,2.4404,10.0,0.0655,1.0017,0.1099,2.2628,0.0062,1.0131,0.066,2.0416,0.0,0.0,0.0,29.9975,26.0,25.0,38.0,38.0,15.0,0.0,0.0,0.0,0.0,62.5844,0.0,47.7016,0.0,0.0
18489.0,1.7454,0.0932,1.0,0.0799,1.2019,2.0549,1.0549,2.2886,1.2886,26.7821,2.0713,26.3496,2.054,100.0,0.0,0.0,0.0,25.25,0.0,26.375,0.0,26.5,0.0,25.625,10.0,0.0,0.0105,52.4645,5.2465,2.0,820.21,2.1656,0.9465,1.4669,0.9513,1.4674,0.0016,2.1778,0.0017,2.4514,10.0,0.0684,1.0018,0.0989,2.217,0.0058,0.9843,0.0626,2.0185,0.0,0.0,0.0,29.9973,26.0,25.0,38.0,38.0,15.0,0.0,0.0,0.0,0.0,62.5851,0.0,47.7016,0.0,0.0
18490.0,1.7445,0.0931,1.0,0.08,1.2022,2.055,1.055,2.2885,1.2885,26.6707,2.0668,26.3346,2.0534,100.0,0.0,0.0,0.0,25.375,0.0,26.375,0.0,26.5,0.0,25.375,10.0,0.0,0.0104,52.4644,5.2465,2.0,825.4578,2.1667,0.8684,1.4584,0.9543,1.4677,0.0016,2.1804,0.0017,2.4665,10.0,0.0682,1.0018,0.1015,2.2283,0.0062,1.0119,0.0574,1.9811,0.0,0.0,0.0,29.9976,25.0,25.0,38.0,38.0,13.0,0.0,0.0,0.0,0.0,62.585,0.0,47.702,0.0,0.0
18491.0,1.7417,0.0927,1.0,0.0799,1.202,2.0546,1.0546,2.2883,1.2883,26.5621,2.0625,26.3364,2.0535,100.0,0.0,0.0,0.0,25.25,0.0,26.375,0.0,26.375,0.0,25.5,10.0,0.0,0.0098,52.4645,5.2464,2.0,835.5806,2.1688,0.928,1.4649,0.9521,1.4675,0.0016,2.1826,0.0018,2.4793,10.0,0.0724,1.0019,0.0776,2.112,0.006,1.0033,0.0576,1.9824,0.0,0.0,0.0,29.9973,25.0,25.0,38.0,37.0,14.0,0.0,0.0,0.0,0.0,62.5846,0.0,47.7019,0.0,0.0
18492.0,1.7406,0.0926,1.0,0.0801,1.2026,2.0542,1.0542,2.2882,1.2882,26.6183,2.0647,26.3536,2.0541,100.0,0.0,0.0,0.0,25.25,0.0,26.375,0.0,26.375,0.0,25.375,10.0,0.0,0.0101,52.4644,5.2464,2.0,843.5021,2.1704,1.0,1.4727,0.9452,1.4667,0.0016,2.1845,0.0018,2.4901,10.0,0.0751,1.002,0.1022,2.2313,0.0066,1.0431,0.0539,1.9531,0.0,0.0,0.0,29.9975,25.0,25.0,38.0,37.0,14.0,0.0,0.0,0.0,0.0,62.5845,0.0,47.7014,0.0,0.0
18493.0,1.7415,0.0927,1.0,0.0803,1.203,2.0543,1.0543,2.2883,1.2883,26.7825,2.0713,26.3613,2.0545,100.0,0.0,0.0,0.0,25.25,0.0,26.375,0.0,26.375,0.0,25.375,10.0,0.0,0.0099,52.4644,5.2464,2.0,853.1961,2.1724,0.997,1.4724,0.9466,1.4669,0.0017,2.1868,0.0018,2.5038,10.0,0.0759,1.002,0.0926,2.1883,0.0064,1.0288,0.0558,1.9688,0.0,0.0,0.0,29.9972,25.0,25.0,38.0,37.0,14.0,0.0,0.0,0.0,0.0,62.585,0.0,47.7013,0.0,0.0
18494.0,1.7425,0.0928,1.0,0.0799,1.2019,2.0548,1.0548,2.2887,1.2887,26.8061,2.0722,26.3419,2.0537,100.0,0.0,0.0,0.0,25.25,0.0,26.375,0.0,26.375,0.0,25.375,10.0,0.0,0.0104,52.4643,5.2465,2.0,863.6935,2.1745,0.9866,1.4713,0.945,1.4667,0.0017,2.1891,0.0018,2.5183,10.0,0.0742,1.002,0.0726,2.0826,0.0052,0.9347,0.0519,1.9369,0.0,0.0,0.0,29.9974,26.0,25.0,38.0,37.0,13.0,0.0,0.0,0.0,0.0,62.585,0.0,47.7021,0.0,0.0
18495.0,1.7425,0.0928,1.0,0.08,1.2021,2.055,1.055,2.2885,1.2885,26.7221,2.0689,26.3369,2.0535,100.0,0.0,0.0,0.0,25.25,0.0,26.5,0.0,26.375,0.0,25.375,10.0,0.0,0.0103,52.4644,5.2464,2.0,867.2379,2.1753,0.8919,1.4609,0.9428,1.4665,0.0017,2.191,0.0018,2.5321,10.0,0.0726,1.0019,0.0843,2.1475,0.0061,1.0076,0.0505,1.9255,0.0,0.0,0.0,29.9972,26.0,25.0,38.0,38.0,14.0,0.0,0.0,0.0,0.0,62.5852,0.0,47.7017,0.0,0.0
18496.0,1.7427,0.0928,1.0,0.0798,1.2018,2.055,1.055,2.2881,1.2881,26.602,2.0641,26.3427,2.0537,100.0,0.0,0.0,0.0,25.25,0.0,26.5,0.0,26.375,0.0,25.5,10.0,0.0,0.0103,52.4647,5.2465,2.0,870.049,2.1758,0.8701,1.4586,0.9434,1.4666,0.0017,2.1931,0.0018,2.5453,10.0,0.0726,1.0019,0.0699,2.0666,0.0061,1.009,0.0444,1.8688,0.0,0.0,0.0,29.9977,26.0,25.0,38.0,38.0,13.0,0.0,0.0,0.0,0.0,62.5851,0.0,47.7017,0.0,0.0
18497.0,1.7417,0.0927,1.0,0.0799,1.202,2.0548,1.0548,2.2882,1.2882,26.603,2.0641,26.3595,2.0544,100.0,0.0,0.0,0.0,25.375,0.0,26.375,0.0,26.375,0.0,25.375,10.0,0.0,0.0104,52.4643,5.2464,2.0,879.6243,2.1777,0.8884,1.4606,0.9353,1.4657,0.0017,2.1952,0.0019,2.5602,10.0,0.0713,1.0019,0.0638,2.0264,0.0061,1.0059,0.0422,1.8467,0.0,0.0,0.0,29.9975,26.0,25.0,38.0,38.0,14.0,0.0,0.0,0.0,0.0,62.5846,0.0,47.7017,0.0,0.0
18498.0,1.7389,0.0924,1.0,0.0796,1.2011,2.0543,1.0543,2.2882,1.2882,26.7782,2.0711,26.3602,2.0544,100.0,0.0,0.0,0.0,25.25,0.0,26.375,0.0,26.375,0.0,25.375,10.0,0.0,0.0101,52.4647,5.2465,2.0,892.9482,2.1803,0.9333,1.4655,0.9312,1.4652,0.0017,2.1974,0.0019,2.5749,10.0,0.0672,1.0018,0.0751,2.0978,0.0063,1.0234,0.0456,1.881,0.0,0.0,0.0,29.9975,26.0,25.0,38.0,38.0,12.0,0.0,0.0,0.0,0.0,62.5845,0.0,47.7013,0.0,0.0
18499.0,1.7469,0.0934,1.0,0.08,1.2022,2.0543,1.0543,2.2887,1.2887,26.8094,2.0724,26.3438,2.0538,100.0,0.0,0.0,0.0,25.25,0.0,26.375,0.0,26.375,0.0,25.5,10.0,0.0,0.0106,52.4647,5.2465,2.0,896.5807,2.181,0.9155,1.4635,0.9273,1.4648,0.0017,2.1995,0.0019,2.5895,10.0,0.0734,1.002,0.0622,2.0155,0.0056,0.9728,0.0425,1.8507,0.0,0.0,0.0,29.998,26.0,25.0,38.0,38.0,15.0,0.0,0.0,0.0,0.0,62.5852,0.0,47.7015,0.0,0.0
18500.0,1.7506,0.0938,1.0,0.0798,1.2017,2.0546,1.0546,2.2888,1.2888,26.7,2.068,26.3244,2.053,100.0,0.0,0.0,0.0,25.25,0.0,26.5,0.0,26.375,0.0,25.375,10.0,0.0,0.01,52.4651,5.2465,2.0,902.9266,2.1823,0.8168,1.4527,0.9295,1.465,0.0018,2.2023,0.0019,2.6079,10.0,0.0705,1.0019,0.0622,2.0159,0.0055,0.9643,0.0377,1.7976,0.0,0.0,0.0,29.998,26.0,25.0,38.0,37.0,13.0,0.0,0.0,0.0,0.0,62.5849,0.0,47.7016,0.0,0.0
18501.0,1.7508,0.0939,1.0,0.0798,1.2018,2.0546,1.0546,2.2887,1.2887,26.6005,2.064,26.3221,2.0529,100.0,0.0,0.0,0.0,25.375,0.0,26.375,0.0,26.375,0.0,25.5,10.0,0.0,0.01,52.4649,5.2464,2.0,908.6526,2.1834,0.8289,1.4541,0.9233,1.4644,0.0018,2.204,0.0019,2.6211,10.0,0.0712,1.0019,0.0591,1.9934,0.0063,1.0228,0.0341,1.7546,0.0,0.0,0.0,29.9978,26.0,25.0,38.0,37.0,13.0,0.0,0.0,0.0,0.0,62.5854,0.0,47.7014,0.0,0.0
18502.0,1.7524,0.0941,1.0,0.0799,1.2019,2.0545,1.0545,2.2883,1.2883,26.6041,2.0642,26.3505,2.054,100.0,0.0,0.0,0.0,25.375,0.0,26.375,0.0,26.5,0.0,25.5,10.0,0.0,0.0102,52.4648,5.2465,2.0,918.9364,2.1853,0.8895,1.4607,0.9242,1.4645,0.0018,2.2063,0.0019,2.6349,10.0,0.0689,1.0018,0.0451,1.8762,0.0065,1.0361,0.0357,1.774,0.0,0.0,0.0,29.9978,26.0,25.0,38.0,37.0,13.0,0.0,0.0,0.0,0.0,62.5848,0.0,47.7018,0.0,0.0
18503.0,1.7507,0.0938,1.0,0.0797,1.2015,2.0543,1.0543,2.2882,1.2882,26.7357,2.0694,26.3707,2.0548,100.0,0.0,0.0,0.0,25.375,0.0,26.375,0.0,26.375,0.0,25.375,10.0,0.0,0.01,52.465,5.2465,2.0,927.4763,2.1869,0.9058,1.4625,0.9226,1.4643,0.0018,2.208,0.002,2.6456,10.0,0.0682,1.0018,0.0612,2.0086,0.0058,0.9865,0.0459,1.8838,0.0,0.0,0.0,29.9978,26.0,25.0,38.0,37.0,12.0,0.0,0.0,0.0,0.0,62.5855,0.0,47.7018,0.0,0.0
18504.0,1.7477,0.0935,1.0,0.08,1.2023,2.0545,1.0545,2.2882,1.2882,26.8165,2.0727,26.3585,2.0543,100.0,0.0,0.0,0.0,25.375,0.0,26.375,0.0,26.375,0.0,25.375,10.0,0.0,0.0105,52.4651,5.2465,2.0,932.587,2.1879,0.7916,1.45,0.9188,1.4639,0.0018,2.21,0.002,2.6604,10.0,0.0667,1.0018,0.0559,1.9695,0.0064,1.0282,0.0645,2.0312,0.0,0.0,0.0,29.9972,26.0,25.0,38.0,37.0,12.0,0.0,0.0,0.0,0.0,62.5848,0.0,47.7016,0.0,0.0
18505.0,1.7455,0.0932,1.0,0.0796,1.2013,2.0549,1.0549,2.2885,1.2885,26.7391,2.0696,26.3392,2.0536,100.0,0.0,0.0,0.0,25.375,0.0,26.375,0.0,26.375,0.0,25.5,10.0,0.0,0.01,52.4649,5.2465,2.0,931.9818,2.1878,0.7192,1.4421,0.9113,1.4631,0.0018,2.2119,0.002,2.6743,10.0,0.0669,1.0018,0.0493,1.9146,0.0061,1.0082,0.0755,2.0999,0.0,0.0,0.0,29.9972,26.0,25.0,38.0,37.0,14.0,0.0,1.0,1.65,0.0,62.5847,0.0,47.7018,0.0,0.0
18506.0,1.7436,0.0929,1.0,0.0798,1.2016,2.0547,1.0547,2.2885,1.2885,26.6241,2.065,26.3337,2.0533,100.0,0.0,0.0,0.0,25.25,0.0,26.375,0.0,26.375,0.0,25.375,10.0,0.0,0.0104,52.4651,5.2465,2.0,942.4081,2.1897,0.805,1.4515,0.9062,1.4625,0.0019,2.2141,0.002,2.6881,10.0,0.0658,1.0018,0.0462,1.8862,0.005,0.9225,0.0684,2.0572,0.0,0.0,0.0,29.998,26.0,25.0,38.0,37.0,12.0,0.0,1.0,4.38,0.0,62.5848,0.0,47.7022,0.0,0.0
18507.0,1.7436,0.0929,1.0,0.0797,1.2015,2.0549,1.0549,2.2883,1.2883,26.5641,2.0626,26.3435,2.0537,100.0,0.0,0.0,0.0,25.375,0.0,26.5,0.0,26.375,0.0,25.5,10.0,0.0,0.0104,52.4655,5.2465,2.0,951.6988,2.1914,0.7682,1.4474,0.9039,1.4622,0.0019,2.2161,0.002,2.7048,10.0,0.0695,1.0019,0.0426,1.851,0.0065,1.0353,0.0683,2.0564,0.0,0.0,0.0,29.9978,26.0,25.0,38.0,37.0,15.0,0.0,1.0,7.47,0.0,62.5849,0.0,47.702,0.0,0.0
18508.0,1.7425,0.0928,1.0,0.08,1.2023,2.0545,1.0545,2.2878,1.2878,26.6925,2.0677,26.3676,2.0547,100.0,0.0,0.0,0.0,25.25,0.0,26.5,0.0,26.375,0.0,25.375,10.0,0.0,0.0103,52.4655,5.2466,2.0,958.7901,2.1927,0.8065,1.4516,0.9038,1.4622,0.0019,2.2183,0.002,2.7197,10.0,0.0677,1.0018,0.0368,1.7882,0.0062,1.0111,0.0648,2.0337,0.0,0.0,0.0,29.9982,26.0,25.0,38.0,37.0,14.0,0.0,1.0,10.41,0.0,62.5848,0.0,47.7012,0.0,0.0
18509.0,1.7406,0.0926,1.0,0.0801,1.2026,2.0544,1.0544,2.2884,1.2884,26.8251,2.073,26.3502,2.054,100.0,0.0,0.0,0.0,25.375,0.0,26.375,0.0,26.375,0.0,25.5,10.0,0.0,0.0097,52.4655,5.2465,2.0,966.7075,2.1941,0.8028,1.4512,0.903,1.4621,0.0019,2.2204,0.0021,2.7346,10.0,0.0682,1.0018,0.0427,1.8527,0.0063,1.0231,0.0621,2.0147,0.0,0.0,0.0,29.9979,26.0,25.0,38.0,37.0,14.0,0.0,1.0,13.5,0.0,62.585,0.0,47.7024,0.0,0.0
18510.0,1.7405,0.0926,1.0,0.08,1.2023,2.055,1.055,2.2884,1.2884,26.7594,2.0704,26.3418,2.0537,100.0,0.0,0.0,0.0,25.375,0.0,26.375,0.0,26.375,0.0,25.5,10.0,0.0,0.0108,52.4652,5.2465,2.0,969.64,2.1946,0.7359,1.4439,0.8998,1.4618,0.0019,2.2227,0.0021,2.7532,10.0,0.0678,1.0018,0.0367,1.7864,0.0058,0.984,0.0631,2.0218,0.0,0.0,0.0,29.9972,26.0,25.0,38.0,37.0,13.0,0.0,1.0,17.1,0.0,62.5855,0.0,47.7019,0.0,0.0
18511.0,1.7424,0.0928,1.0,0.0797,1.2015,2.055,1.055,2.2882,1.2882,26.646,2.0658,26.3395,2.0536,100.0,0.0,0.0,0.0,25.25,0.0,26.5,0.0,26.375,0.0,25.375,10.0,0.0,0.0102,52.4654,5.2466,2.0,982.8642,2.197,0.8047,1.4514,0.8932,1.4611,0.0019,2.2247,0.0021,2.7688,10.0,0.066,1.0018,0.037,1.7897,0.0058,0.9868,0.0549,1.9613,0.0,0.0,0.0,29.9973,26.0,25.0,38.0,37.0,13.0,0.0,1.0,19.89,0.0,62.585,0.0,47.7017,0.0,0.0
18512.0,1.7408,0.0926,1.0,0.0797,1.2013,2.0549,1.0549,2.2883,1.2883,26.5703,2.0628,26.3408,2.0536,100.0,0.0,0.0,0.0,25.25,0.0,26.375,0.0,26.375,0.0,25.375,10.0,0.0,0.0101,52.4654,5.2465,2.0,993.5078,2.1989,0.9468,1.4669,0.8962,1.4614,0.002,2.2265,0.0021,2.7832,10.0,0.0671,1.0018,0.0366,1.7853,0.0057,0.9772,0.0524,1.9413,0.0,0.0,0.0,29.9972,26.0,25.0,38.0,37.0,14.0,0.0,1.0,22.68,0.0,62.5849,0.0,47.7017,0.0,0.0
18513.0,1.74,0.0925,1.0,0.0799,1.2019,2.054,1.054,2.2881,1.2881,26.6858,2.0674,26.3581,2.0543,100.0,0.0,0.0,0.0,25.375,0.0,26.375,0.0,26.375,0.0,25.5,10.0,0.0,0.0099,52.4656,5.2466,2.0,1008.2247,2.2014,0.9911,1.4718,0.8974,1.4615,0.002,2.2286,0.0021,2.7983,10.0,0.0682,1.0018,0.0326,1.7351,0.0063,1.0219,0.0647,2.0324,0.0,0.0,0.0,29.9979,26.0,25.0,38.0,37.0,14.0,0.0,1.0,25.62,0.0,62.5851,0.0,47.7016,0.0,0.0
