Unnamed: 0,adj neg air pressure raw,adj neg air pressure,current alarm mode,cont air counts raw,cont air counts,makeup wtr cond down raw,makeup wtr cond down,makeup wtr cond up raw,makeup wtr cond up,makeup wtr temp down,makeup wtr temp down raw,makeup wtr temp up,makeup wtr temp up raw,DAS health index,0-15 channel error,16-31 channel error status,error detection status 2,card temperature 2,error detection status 3,card temperature 3,error detection status 4,card temperature 4,error detection status 5,card temperature 5,fc positioning 10V supply,fiss-active-state,fiss-position,mag-current,mag-current-raw,mstat,nfd-1-cps,nfd-1cps-raw,nfd-1-cr,nfd-1-cr-raw,nfd-2-cr,nfd-2-cr-raw,nfd-2-log,nfd-2-log-raw,nfd-3-pwr,nfd-3-pwr-raw,nfd-3-pwr-rng,nfd-4-flux,nfd-4-flux-raw,ram-con-lvl,rom-con-lvl-raw,ram-pool-lvl,ram-pool-lvl-raw,ram-wtr-lvl,ram-wtr-lvl-raw,rcs-scram-rel-q,rcs-scram-st-q,rr-active-state,rr-position,rtpbtempa_00,rtpbtempb_00,rtpctempa_00,rtpctempb_00,rtphactcnta_00,rtphactcntb_00,src-active-state,src-position,ss1-active-state,ss1-position,ss2-active-state,ss2-position,ack-button,manual-scram
8278.0,1.751,0.0939,1.0,0.0792,1.2002,2.0557,1.0557,2.185,1.185,26.5685,2.0627,26.3646,2.0546,100.0,0.0,0.0,0.0,24.875,0.0,26.0,0.0,26.125,0.0,25.0,10.0,0.0,0.0081,52.5551,5.2555,2.0,3.8505,1.2342,0.1384,1.3787,0.0189,1.3657,1.004e-05,1.0009,0.0001,1.8992,12.0,0.0601,1.0016,0.1419,2.3739,0.0145,1.3835,0.0737,2.0895,0.0,0.0,0.0,-0.1516,25.0,25.0,38.0,37.0,14.0,0.0,0.0,0.0,0.0,-0.0392,0.0,0.024,0.0,0.0
8279.0,1.7519,0.094,1.0,0.0795,1.2009,2.0555,1.0555,2.1849,1.1849,26.6333,2.0653,26.384,2.0554,100.0,0.0,0.0,0.0,25.0,0.0,26.375,0.0,26.125,0.0,25.125,10.0,0.0,0.0092,52.5547,5.2555,2.0,3.8571,1.2345,0.0848,1.3729,0.0103,1.3648,1.004e-05,1.0008,0.0001,1.8925,12.0,0.0608,1.0016,0.1977,2.5178,0.0124,1.3165,0.0676,2.0518,0.0,0.0,0.0,-0.1518,25.0,25.0,38.0,37.0,15.0,0.0,0.0,0.0,0.0,-0.0394,0.0,0.0243,0.0,0.0
8280.0,1.7522,0.094,1.0,0.0793,1.2004,2.0554,1.0554,2.1851,1.1851,26.8138,2.0726,26.3891,2.0556,100.0,0.0,0.0,0.0,24.875,0.0,26.0,0.0,26.125,0.0,25.0,10.0,0.0,0.0083,52.5546,5.2555,2.0,3.8443,1.2339,0.1117,1.3758,0.0273,1.3666,1.004e-05,1.0009,0.0001,1.8983,12.0,0.0627,1.0017,0.1642,2.4372,0.0135,1.351,0.0802,2.1261,0.0,0.0,0.0,-0.1517,25.0,25.0,38.0,37.0,13.0,0.0,0.0,0.0,64.0,-0.0393,0.0,0.0243,0.0,0.0
8281.0,1.7537,0.0942,1.0,0.0791,1.1998,2.0556,1.0556,2.1853,1.1853,26.8097,2.0724,26.3732,2.0549,100.0,0.0,0.0,0.0,24.875,0.0,26.125,0.0,26.0,0.0,25.25,10.0,0.0,0.0084,52.5546,5.2555,2.0,3.8974,1.2363,0.1727,1.3825,0.0184,1.3656,1.004e-05,1.0009,0.0001,1.9013,12.0,0.0615,1.0016,0.1985,2.5196,0.0127,1.3261,0.0779,2.1135,0.0,0.0,0.0,-0.1518,25.0,25.0,38.0,37.0,13.0,0.0,0.0,0.0,64.0,0.0647,0.0,0.0242,0.0,0.0
8282.0,1.7556,0.0945,1.0,0.0793,1.2004,2.0561,1.0561,2.1849,1.1849,26.7231,2.0689,26.3652,2.0546,100.0,0.0,0.0,0.0,25.0,0.0,26.0,0.0,26.125,0.0,25.0,10.0,0.0,0.0078,52.5545,5.2554,2.0,3.8857,1.2358,0.099,1.3744,0.0101,1.3647,1.004e-05,1.0009,0.0001,1.9005,12.0,0.0652,1.0017,0.206,2.5356,0.0119,1.2976,0.0767,2.1065,0.0,0.0,0.0,-0.1521,25.0,25.0,38.0,37.0,13.0,0.0,0.0,0.0,64.0,0.2261,0.0,0.0245,0.0,0.0
8283.0,1.7595,0.0949,1.0,0.0794,1.2005,2.0561,1.0561,2.1851,1.1851,26.5952,2.0638,26.3632,2.0545,100.0,0.0,0.0,0.0,25.0,0.0,26.125,0.0,26.125,0.0,25.125,10.0,0.0,0.0082,52.554,5.2554,2.0,3.8421,1.2338,0.0858,1.373,0.0286,1.3668,1.004e-05,1.0009,0.0001,1.8995,12.0,0.0626,1.0017,0.1761,2.4675,0.0111,1.2689,0.0624,2.0167,0.0,0.0,0.0,-0.1514,25.0,25.0,38.0,37.0,14.0,0.0,0.0,0.0,64.0,0.4764,0.0,0.0241,0.0,0.0
8284.0,1.7604,0.095,1.0,0.0792,1.1999,2.0559,1.0559,2.1846,1.1846,26.6011,2.064,26.3884,2.0555,100.0,0.0,0.0,0.0,25.0,0.0,26.0,0.0,26.125,0.0,25.25,10.0,0.0,0.0083,52.554,5.2554,2.0,3.7952,1.2317,0.0397,1.368,0.0165,1.3654,1.004e-05,1.0009,0.0001,1.897,12.0,0.064,1.0017,0.1895,2.4995,0.0098,1.2134,0.0647,2.0325,0.0,0.0,0.0,-0.1519,25.0,25.0,38.0,37.0,16.0,0.0,0.0,0.0,64.0,0.6324,0.0,0.0244,0.0,0.0
8285.0,1.7604,0.0951,1.0,0.0792,1.2002,2.0556,1.0556,2.1846,1.1846,26.7663,2.0707,26.4012,2.056,100.0,0.0,0.0,0.0,25.0,0.0,26.0,0.0,26.125,0.0,25.125,10.0,0.0,0.0081,52.5537,5.2554,2.0,3.7656,1.2303,-0.0196,1.3615,0.013,1.3651,1.004e-05,1.0008,0.0001,1.893,12.0,0.0625,1.0017,0.1522,2.4042,0.0097,1.2089,0.0582,1.9868,0.0,0.0,0.0,-0.152,25.0,25.0,38.0,37.0,12.0,0.0,0.0,0.0,64.0,0.8184,0.0,0.0245,0.0,0.0
8286.0,1.7614,0.0952,1.0,0.0793,1.2004,2.0558,1.0558,2.185,1.185,26.8199,2.0728,26.3848,2.0554,100.0,0.0,0.0,0.0,25.0,0.0,26.125,0.0,26.125,0.0,25.125,10.0,0.0,0.0085,52.5537,5.2554,2.0,3.702,1.2274,-0.0579,1.3573,0.0254,1.3664,1.004e-05,1.0009,0.0001,1.8979,12.0,0.0602,1.0016,0.161,2.4287,0.0094,1.1949,0.0605,2.0034,0.0,0.0,0.0,-0.1517,25.0,25.0,38.0,37.0,13.0,0.0,0.0,0.0,64.0,0.9705,0.0,0.0247,0.0,0.0
8287.0,1.7604,0.095,1.0,0.0794,1.2006,2.0562,1.0562,2.1849,1.1849,26.7218,2.0689,26.3765,2.0551,100.0,0.0,0.0,0.0,24.875,0.0,26.125,0.0,26.125,0.0,25.125,10.0,0.0,0.0087,52.5534,5.2553,2.0,3.6509,1.225,-0.0658,1.3565,0.0126,1.365,1.004e-05,1.0008,0.0001,1.8994,12.0,0.063,1.0017,0.1217,2.3071,0.0593,1.9947,0.0741,2.0918,0.0,0.0,0.0,-0.1519,25.0,25.0,38.0,37.0,14.0,0.0,0.0,0.0,64.0,0.905,0.0,0.0247,0.0,0.0
8288.0,1.7592,0.0949,1.0,0.0795,1.2008,2.0562,1.0562,2.1847,1.1847,26.5893,2.0636,26.3652,2.0546,100.0,0.0,0.0,0.0,24.875,0.0,26.125,0.0,26.125,0.0,25.0,10.0,0.0,0.008,52.553,5.2553,2.0,3.7208,1.2283,0.0154,1.3653,0.0287,1.3668,1.004e-05,1.0009,0.0001,1.8981,12.0,0.0626,1.0017,0.1467,2.3882,0.0564,1.9731,0.0635,2.0249,0.0,0.0,0.0,-0.1513,25.0,25.0,38.0,37.0,14.0,0.0,0.0,0.0,64.0,1.3975,0.0,0.0246,0.0,0.0
8289.0,1.7573,0.0947,1.0,0.0794,1.2007,2.0555,1.0555,2.1845,1.1845,26.6034,2.0641,26.3799,2.0552,100.0,0.0,0.0,0.0,24.875,0.0,26.0,0.0,26.125,0.0,25.0,10.0,0.0,0.0079,52.5546,5.2556,2.0,3.7832,1.2311,0.2255,1.3882,0.0211,1.3659,1.004e-05,1.0009,0.0001,1.8966,12.0,0.0609,1.0016,0.1232,2.3125,0.0607,2.0048,0.0655,2.0383,0.0,0.0,0.0,-0.1516,25.0,25.0,38.0,37.0,14.0,0.0,0.0,0.0,64.0,1.5307,0.0,0.0242,0.0,0.0
8290.0,1.7563,0.0945,1.0,0.0793,1.2002,2.0551,1.0551,2.1847,1.1847,26.7763,2.0711,26.3915,2.0557,100.0,0.0,0.0,0.0,24.875,0.0,26.0,0.0,26.125,0.0,25.125,10.0,0.0,0.0082,52.5534,5.2553,2.0,4.0382,1.2425,0.2266,1.3884,0.0108,1.3648,1.004e-05,1.0008,0.0001,1.8931,12.0,0.0619,1.0017,0.1252,2.3193,0.0559,1.9693,0.0607,2.005,0.0,0.0,0.0,-0.1519,25.0,25.0,38.0,37.0,13.0,0.0,0.0,0.0,64.0,1.5847,0.0,0.0244,0.0,0.0
8291.0,1.7562,0.0945,1.0,0.0793,1.2003,2.0558,1.0558,2.185,1.185,26.812,2.0725,26.3868,2.0555,100.0,0.0,0.0,0.0,24.875,0.0,26.125,0.0,26.0,0.0,25.375,10.0,0.0,0.0076,52.5528,5.2553,2.0,3.9158,1.2371,0.1399,1.3789,0.0283,1.3667,1.004e-05,1.0008,0.0001,1.8998,12.0,0.0631,1.0017,0.1166,2.2885,0.0518,1.9365,0.057,1.9774,0.0,0.0,0.0,-0.1516,25.0,25.0,38.0,37.0,14.0,0.0,0.0,0.0,64.0,1.8919,0.0,0.0243,0.0,0.0
8292.0,1.7561,0.0945,1.0,0.0795,1.2009,2.0561,1.0561,2.1849,1.1849,26.7482,2.0699,26.3792,2.0552,100.0,0.0,0.0,0.0,24.875,0.0,26.0,0.0,26.125,0.0,25.0,10.0,0.0,0.0081,52.5525,5.2553,2.0,3.9146,1.2371,0.1558,1.3806,0.0213,1.366,1.004e-05,1.0009,0.0001,1.8975,12.0,0.063,1.0017,0.1215,2.3064,0.048,1.9034,0.0632,2.0229,0.0,0.0,0.0,-0.1518,25.0,25.0,38.0,37.0,13.0,0.0,0.0,0.0,64.0,2.0689,0.0,0.0245,0.0,0.0
8293.0,1.7554,0.0944,1.0,0.0796,1.2011,2.0562,1.0562,2.1848,1.1848,26.6148,2.0646,26.3632,2.0545,100.0,0.0,0.0,0.0,25.0,0.0,26.0,0.0,26.125,0.0,25.125,10.0,0.0,0.0083,52.5523,5.2552,2.0,3.9896,1.2404,0.179,1.3832,0.0099,1.3647,1.005e-05,1.0011,0.0001,1.9016,12.0,0.0711,1.0019,0.1029,2.2344,0.0464,1.8883,0.0757,2.101,0.0,0.0,0.0,-0.1519,25.0,25.0,38.0,37.0,14.0,0.0,0.0,0.0,64.0,2.2138,0.0,0.0245,0.0,0.0
8294.0,1.7544,0.0943,1.0,0.08,1.2023,2.056,1.056,2.1846,1.1846,26.5932,2.0637,26.3879,2.0555,100.0,0.0,0.0,0.0,25.0,0.0,26.125,0.0,26.125,0.0,25.125,10.0,0.0,0.0078,52.5522,5.2552,2.0,4.0018,1.2409,0.2175,1.3874,0.0287,1.3668,1.005e-05,1.0011,0.0001,1.8988,12.0,0.07,1.0019,0.0916,2.1836,0.0438,1.8635,0.0664,2.0441,0.0,0.0,0.0,-0.1517,25.0,25.0,38.0,37.0,16.0,0.0,0.0,0.0,64.0,2.3882,0.0,0.0243,0.0,0.0
8295.0,1.754,0.0943,1.0,0.0798,1.2017,2.0556,1.0556,2.1846,1.1846,26.738,2.0695,26.4007,2.056,100.0,0.0,0.0,0.0,24.875,0.0,26.125,0.0,26.125,0.0,25.0,10.0,0.0,0.0082,52.552,5.2552,2.0,4.0225,1.2418,0.2333,1.3891,0.0194,1.3657,1.005e-05,1.0011,0.0001,1.8976,12.0,0.0723,1.0019,0.1056,2.2454,0.0415,1.8395,0.0819,2.1353,0.0,0.0,0.0,-0.152,25.0,25.0,38.0,37.0,12.0,0.0,0.0,0.0,64.0,2.5741,0.0,0.0249,0.0,0.0
8296.0,1.7537,0.0942,1.0,0.0795,1.2009,2.0556,1.0556,2.1849,1.1849,26.8266,2.0731,26.3885,2.0555,100.0,0.0,0.0,0.0,25.0,0.0,26.125,0.0,26.125,0.0,25.125,10.0,0.0,0.0084,52.552,5.2552,2.0,4.0419,1.2426,0.202,1.3857,0.0111,1.3648,1.005e-05,1.0011,0.0001,1.895,12.0,0.071,1.0019,0.0995,2.2198,0.0419,1.8443,0.078,2.1139,0.0,0.0,0.0,-0.1515,25.0,25.0,38.0,37.0,13.0,0.0,0.0,0.0,64.0,2.7495,0.0,0.0245,0.0,0.0
8297.0,1.753,0.0941,1.0,0.0795,1.2009,2.0557,1.0557,2.1853,1.1853,26.7553,2.0702,26.3686,2.0547,100.0,0.0,0.0,0.0,25.0,0.0,26.0,0.0,26.0,0.0,25.125,10.0,0.0,0.0085,52.5523,5.2552,2.0,4.035,1.2423,0.1959,1.385,0.0269,1.3666,1.005e-05,1.0011,0.0001,1.8993,12.0,0.0716,1.0019,0.0928,2.1894,0.0384,1.8065,0.0677,2.0527,0.0,0.0,0.0,-0.1518,25.0,25.0,38.0,37.0,13.0,0.0,0.0,0.0,64.0,2.935,0.0,0.0243,0.0,0.0
8298.0,1.753,0.0941,1.0,0.0797,1.2014,2.0559,1.0559,2.1853,1.1853,26.6408,2.0656,26.3634,2.0545,100.0,0.0,0.0,0.0,25.0,0.0,26.125,0.0,26.125,0.0,25.125,10.0,0.0,0.0081,52.552,5.2552,2.0,3.9372,1.2381,0.093,1.3738,0.0161,1.3654,1.005e-05,1.0011,0.0001,1.9,12.0,0.0703,1.0019,0.0764,2.1049,0.0357,1.7744,0.0676,2.0516,0.0,0.0,0.0,-0.1519,25.0,25.0,38.0,37.0,16.0,0.0,0.0,0.0,64.0,3.127,0.0,0.0241,0.0,0.0
8299.0,1.755,0.0944,1.0,0.0794,1.2006,2.056,1.056,2.1846,1.1846,26.5701,2.0628,26.3703,2.0548,100.0,0.0,0.0,0.0,25.0,0.0,26.125,0.0,26.125,0.0,25.0,10.0,0.0,0.008,52.5514,5.2551,2.0,3.8863,1.2358,0.049,1.369,0.0143,1.3652,1.004e-05,1.0009,0.0001,1.9022,12.0,0.0667,1.0018,0.0762,2.1039,0.0338,1.7502,0.0774,2.1103,0.0,0.0,0.0,-0.152,25.0,25.0,38.0,37.0,14.0,0.0,0.0,0.0,64.0,3.2997,0.0,0.0241,0.0,0.0
8300.0,1.7573,0.0947,1.0,0.0795,1.2009,2.0556,1.0556,2.1845,1.1845,26.7176,2.0687,26.3905,2.0556,100.0,0.0,0.0,0.0,24.875,0.0,26.125,0.0,26.125,0.0,25.125,10.0,0.0,0.0086,52.5515,5.2552,2.0,3.8124,1.2325,-0.0289,1.3605,0.024,1.3663,1.004e-05,1.001,0.0001,1.8992,12.0,0.0672,1.0018,0.0668,2.0466,0.0317,1.7228,0.0812,2.1315,0.0,0.0,0.0,-0.1517,25.0,25.0,38.0,37.0,13.0,0.0,0.0,0.0,64.0,3.478,0.0,0.0245,0.0,0.0
8301.0,1.7591,0.0949,1.0,0.0796,1.2011,2.0552,1.0552,2.1851,1.1851,26.8232,2.0729,26.3844,2.0554,100.0,0.0,0.0,0.0,25.0,0.0,26.125,0.0,26.125,0.0,25.125,10.0,0.0,0.0076,52.5515,5.2551,2.0,3.7873,1.2313,-0.0048,1.3631,0.0149,1.3653,1.004e-05,1.001,0.0001,1.8995,12.0,0.0688,1.0018,0.0783,2.1156,0.0309,1.7117,0.0721,2.0796,0.0,0.0,0.0,-0.1522,25.0,25.0,38.0,37.0,14.0,0.0,0.0,0.0,64.0,3.6647,0.0,0.0246,0.0,0.0
8302.0,1.7593,0.0949,1.0,0.0796,1.2012,2.056,1.056,2.185,1.185,26.7883,2.0715,26.369,2.0548,100.0,0.0,0.0,0.0,25.0,0.0,26.125,0.0,26.0,0.0,25.125,10.0,0.0,0.0083,52.5513,5.2551,2.0,3.8031,1.2321,0.0141,1.3652,0.0196,1.3658,1.004e-05,1.001,0.0001,1.8979,12.0,0.0648,1.0017,0.0732,2.0861,0.0306,1.7076,0.0758,2.1018,0.0,0.0,0.0,-0.1515,25.0,25.0,38.0,37.0,15.0,0.0,0.0,0.0,64.0,3.9015,0.0,0.0242,0.0,0.0
8303.0,1.7583,0.0948,1.0,0.0796,1.2013,2.0558,1.0558,2.185,1.185,26.6675,2.0667,26.3658,2.0546,100.0,0.0,0.0,0.0,25.0,0.0,26.0,0.0,26.125,0.0,25.25,10.0,0.0,0.0084,52.5508,5.2551,2.0,3.8314,1.2333,-0.0139,1.3621,0.0227,1.3661,1.004e-05,1.0009,0.0001,1.8943,12.0,0.0642,1.0017,0.071,2.073,0.0324,1.7329,0.092,2.1858,0.0,0.0,0.0,-0.1518,25.0,25.0,38.0,37.0,13.0,0.0,0.0,0.0,64.0,4.0045,0.0,0.0245,0.0,0.0
8304.0,1.7583,0.0948,1.0,0.0793,1.2003,2.0558,1.0558,2.1851,1.1851,26.5684,2.0627,26.3647,2.0546,100.0,0.0,0.0,0.0,24.875,0.0,26.0,0.0,26.0,0.0,25.125,10.0,0.0,0.0073,52.5511,5.2551,2.0,3.7009,1.2273,-0.1015,1.3526,0.0113,1.3649,1.004e-05,1.0009,0.0001,1.8979,12.0,0.0653,1.0017,0.0675,2.0512,0.0299,1.6973,0.0924,2.1876,0.0,0.0,0.0,-0.1519,25.0,25.0,38.0,37.0,13.0,0.0,0.0,0.0,64.0,4.2044,0.0,0.0244,0.0,0.0
8305.0,1.7562,0.0945,1.0,0.0794,1.2006,2.0553,1.0553,2.1849,1.1849,26.6603,2.0664,26.3862,2.0554,100.0,0.0,0.0,0.0,24.875,0.0,26.125,0.0,26.125,0.0,25.0,10.0,0.0,0.0083,52.5505,5.255,2.0,3.6927,1.2269,-0.0778,1.3552,0.0287,1.3668,1.004e-05,1.0009,0.0001,1.902,12.0,0.0642,1.0017,0.0705,2.0699,0.0245,1.6111,0.0888,2.1704,0.0,0.0,0.0,-0.1514,25.0,25.0,38.0,37.0,13.0,0.0,0.0,0.0,64.0,4.3668,0.0,0.0244,0.0,0.0
8306.0,1.7579,0.0947,1.0,0.0794,1.2007,2.0551,1.0551,2.1851,1.1851,26.8106,2.0724,26.3847,2.0554,100.0,0.0,0.0,0.0,24.875,0.0,26.125,0.0,26.0,0.0,25.0,10.0,0.0,0.0078,52.5503,5.255,2.0,3.6784,1.2263,-0.1291,1.3495,0.0201,1.3658,1.004e-05,1.0009,0.0001,1.9003,12.0,0.066,1.0018,0.1195,2.2994,0.0243,1.6077,0.0856,2.1544,0.0,0.0,0.0,-0.1517,25.0,25.0,38.0,37.0,17.0,0.0,0.0,0.0,64.0,4.5532,0.0,0.0245,0.0,0.0
8307.0,1.7579,0.0947,1.0,0.0793,1.2003,2.0557,1.0557,2.1854,1.1854,26.7785,2.0711,26.3707,2.0548,100.0,0.0,0.0,0.0,25.0,0.0,26.125,0.0,26.125,0.0,25.125,10.0,0.0,0.0085,52.5503,5.255,2.0,3.611,1.2231,-0.1837,1.3436,0.009,1.3646,1.004e-05,1.001,0.0001,1.8972,12.0,0.0676,1.0018,0.1969,2.5162,0.0241,1.6041,0.0719,2.0786,0.0,0.0,0.0,-0.1519,25.0,25.0,38.0,37.0,14.0,0.0,0.0,0.0,64.0,4.7756,0.0,0.0244,0.0,0.0
8308.0,1.7573,0.0947,1.0,0.0796,1.2011,2.056,1.056,2.1853,1.1853,26.6727,2.0669,26.3647,2.0546,100.0,0.0,0.0,0.0,25.0,0.0,26.125,0.0,26.0,0.0,25.125,10.0,0.0,0.0081,52.5501,5.255,2.0,3.5734,1.2212,-0.1676,1.3453,0.0293,1.3668,1.005e-05,1.0011,0.0001,1.895,12.0,0.0693,1.0018,0.181,2.4795,0.0214,1.5528,0.0769,2.108,0.0,0.0,0.0,-0.1516,25.0,25.0,38.0,37.0,14.0,0.0,0.0,0.0,64.0,4.931,0.0,0.0244,0.0,0.0
8309.0,1.7562,0.0945,1.0,0.0794,1.2005,2.0561,1.0561,2.1848,1.1848,26.5576,2.0623,26.3765,2.0551,100.0,0.0,0.0,0.0,24.875,0.0,26.125,0.0,26.0,0.0,25.0,10.0,0.0,0.008,52.55,5.255,2.0,3.5896,1.222,-0.1671,1.3454,0.0179,1.3656,1.005e-05,1.001,0.0001,1.8999,12.0,0.071,1.0019,0.1556,2.4139,0.0195,1.5126,0.0751,2.0973,0.0,0.0,0.0,-0.1518,25.0,25.0,38.0,37.0,14.0,0.0,0.0,0.0,64.0,5.1338,0.0,0.0243,0.0,0.0
8310.0,1.7562,0.0945,1.0,0.0797,1.2014,2.0556,1.0556,2.1848,1.1848,26.6485,2.0659,26.3901,2.0556,100.0,0.0,0.0,0.0,24.875,0.0,26.25,0.0,26.125,0.0,25.125,10.0,0.0,0.0084,52.5498,5.255,2.0,3.5853,1.2218,-0.1504,1.3472,0.0114,1.3649,1.005e-05,1.0011,0.0001,1.9007,12.0,0.0697,1.0019,0.1602,2.4266,0.0202,1.5276,0.0674,2.0503,0.0,0.0,0.0,-0.1517,25.0,25.0,38.0,37.0,14.0,0.0,0.0,0.0,64.0,5.27,0.0,0.0246,0.0,0.0
8311.0,1.7551,0.0944,1.0,0.0798,1.2016,2.0555,1.0555,2.1851,1.1851,26.7946,2.0718,26.3878,2.0555,100.0,0.0,0.0,0.0,25.0,0.0,26.125,0.0,26.125,0.0,25.125,10.0,0.0,0.0085,52.5496,5.2549,2.0,3.6372,1.2243,-0.1039,1.3523,0.0279,1.3667,1.005e-05,1.0011,0.0001,1.8997,12.0,0.0709,1.0019,0.1631,2.4342,0.0183,1.4842,0.0656,2.039,0.0,0.0,0.0,-0.1516,25.0,25.0,38.0,37.0,13.0,0.0,0.0,0.0,64.0,5.4996,0.0,0.0244,0.0,0.0
8312.0,1.754,0.0943,1.0,0.0797,1.2015,2.0558,1.0558,2.1851,1.1851,26.7965,2.0719,26.3715,2.0549,100.0,0.0,0.0,0.0,24.875,0.0,26.125,0.0,26.125,0.0,25.125,10.0,0.0,0.009,52.5492,5.2549,2.0,3.6515,1.225,-0.0479,1.3584,0.0153,1.3653,1.005e-05,1.0011,0.0001,1.8995,12.0,0.0716,1.0019,0.154,2.4093,0.0184,1.487,0.0658,2.0403,0.0,0.0,0.0,-0.1518,25.0,25.0,38.0,37.0,13.0,0.0,0.0,0.0,64.0,5.6965,0.0,0.0241,0.0,0.0
8313.0,1.7531,0.0941,1.0,0.0796,1.2012,2.0561,1.0561,2.1849,1.1849,26.7061,2.0682,26.3735,2.0549,100.0,0.0,0.0,0.0,25.0,0.0,26.125,0.0,26.0,0.0,25.0,10.0,0.0,0.0082,52.5492,5.2549,2.0,3.7362,1.229,-0.0092,1.3626,0.0142,1.3652,1.004e-05,1.001,0.0001,1.8987,12.0,0.0664,1.0018,0.1298,2.335,0.0174,1.4629,0.0765,2.1055,0.0,0.0,0.0,-0.1517,25.0,25.0,38.0,37.0,16.0,0.0,0.0,0.0,64.0,5.5444,0.0,0.0247,0.0,0.0
8314.0,1.753,0.0941,1.0,0.0795,1.201,2.0561,1.0561,2.1847,1.1847,26.5725,2.0629,26.3693,2.0548,100.0,0.0,0.0,0.0,24.875,0.0,26.125,0.0,26.125,0.0,25.125,10.0,0.0,0.0093,52.5493,5.2549,2.0,3.7504,1.2296,-0.0044,1.3632,0.0242,1.3663,1.004e-05,1.0009,0.0001,1.8953,12.0,0.0688,1.0018,0.1294,2.3338,0.0176,1.4674,0.0772,2.1096,0.0,0.0,0.0,-0.1517,25.0,25.0,38.0,37.0,14.0,0.0,0.0,0.0,64.0,6.0695,0.0,0.024,0.0,0.0
8315.0,1.751,0.0939,1.0,0.0793,1.2002,2.0558,1.0558,2.1846,1.1846,26.625,2.065,26.3833,2.0553,100.0,0.0,0.0,0.0,25.0,0.0,26.125,0.0,26.125,0.0,25.125,10.0,0.0,0.0079,52.5493,5.2549,2.0,3.7242,1.2284,-0.0484,1.3584,0.0119,1.3649,1.004e-05,1.001,0.0001,1.8919,12.0,0.0638,1.0017,0.1973,2.5171,0.015,1.3982,0.0615,2.0106,0.0,0.0,0.0,-0.1518,25.0,25.0,38.0,37.0,11.0,0.0,0.0,0.0,64.0,6.2498,0.0,0.0245,0.0,0.0
8316.0,1.7509,0.0939,1.0,0.0794,1.2005,2.0551,1.0551,2.185,1.185,26.7835,2.0713,26.3901,2.0556,100.0,0.0,0.0,0.0,24.875,0.0,26.125,0.0,26.125,0.0,25.125,10.0,0.0,0.0081,52.5489,5.2549,2.0,3.702,1.2274,-0.0516,1.358,0.0261,1.3665,1.004e-05,1.001,0.0001,1.8971,12.0,0.0683,1.0018,0.2026,2.5285,0.0159,1.4238,0.0633,2.0233,0.0,0.0,0.0,-0.152,25.0,25.0,38.0,37.0,13.0,0.0,0.0,0.0,64.0,6.4378,0.0,0.0246,0.0,0.0
8317.0,1.7491,0.0936,1.0,0.0794,1.2006,2.0555,1.0555,2.1854,1.1854,26.8012,2.072,26.374,2.055,100.0,0.0,0.0,0.0,24.875,0.0,26.0,0.0,26.125,0.0,25.0,10.0,0.0,0.007,52.5488,5.2548,2.0,3.6842,1.2265,-0.0291,1.3605,0.0226,1.3661,1.004e-05,1.001,0.0001,1.9007,12.0,0.0706,1.0019,0.2209,2.5661,0.0149,1.395,0.0663,2.0432,0.0,0.0,0.0,-0.1515,25.0,25.0,38.0,37.0,13.0,0.0,0.0,0.0,64.0,6.664,0.0,0.0247,0.0,0.0
8318.0,1.7496,0.0937,1.0,0.0796,1.2011,2.056,1.056,2.1851,1.1851,26.7092,2.0684,26.3655,2.0546,100.0,0.0,0.0,0.0,25.0,0.0,26.125,0.0,26.0,0.0,25.0,10.0,0.0,0.0086,52.5485,5.2548,2.0,3.6982,1.2272,-0.0616,1.3569,0.0119,1.3649,1.005e-05,1.0011,0.0001,1.8996,12.0,0.0695,1.0019,0.1858,2.491,0.0138,1.3606,0.0632,2.0228,0.0,0.0,0.0,-0.1518,25.0,25.0,38.0,37.0,13.0,0.0,0.0,0.0,64.0,6.8274,0.0,0.0243,0.0,0.0
8319.0,1.7493,0.0937,1.0,0.0797,1.2015,2.0562,1.0562,2.1848,1.1848,26.5952,2.0638,26.3617,2.0545,100.0,0.0,0.0,0.0,25.0,0.0,26.125,0.0,26.125,0.0,25.125,10.0,0.0,0.0084,52.5484,5.2548,2.0,3.6552,1.2252,-0.0669,1.3563,0.029,1.3668,1.005e-05,1.0011,0.0001,1.8996,12.0,0.0705,1.0019,0.1507,2.3999,0.0133,1.3452,0.0556,1.967,0.0,0.0,0.0,-0.1515,25.0,25.0,38.0,37.0,15.0,0.0,0.0,0.0,64.0,7.057,0.0,0.0248,0.0,0.0
8320.0,1.7488,0.0936,1.0,0.0798,1.2016,2.056,1.056,2.1845,1.1845,26.5967,2.0639,26.3841,2.0554,100.0,0.0,0.0,0.0,24.875,0.0,26.0,0.0,26.125,0.0,25.125,10.0,0.0,0.008,52.5481,5.2548,2.0,3.7418,1.2292,0.0243,1.3663,0.0212,1.3659,1.005e-05,1.0011,0.0001,1.8963,12.0,0.0709,1.0019,0.1758,2.4669,0.0123,1.3101,0.0584,1.9879,0.0,0.0,0.0,-0.1519,25.0,25.0,38.0,37.0,13.0,0.0,0.0,0.0,64.0,7.1703,0.0,0.0243,0.0,0.0
8321.0,1.7488,0.0936,1.0,0.0795,1.2008,2.0555,1.0555,2.1845,1.1845,26.7565,2.0703,26.3993,2.056,100.0,0.0,0.0,0.0,25.0,0.0,26.0,0.0,26.125,0.0,25.125,10.0,0.0,0.0082,52.548,5.2548,2.0,3.749,1.2296,0.0573,1.3699,0.0095,1.3647,1.005e-05,1.001,0.0001,1.895,12.0,0.07,1.0019,0.1743,2.4631,0.0118,1.2933,0.0578,1.9839,0.0,0.0,0.0,-0.1513,25.0,25.0,38.0,37.0,13.0,0.0,0.0,0.0,64.0,7.4333,0.0,0.0244,0.0,0.0
8322.0,1.7497,0.0937,1.0,0.0796,1.2011,2.0557,1.0557,2.1853,1.1853,26.826,2.073,26.3865,2.0555,100.0,0.0,0.0,0.0,24.875,0.0,26.125,0.0,26.125,0.0,25.125,10.0,0.0,0.0079,52.5482,5.2548,2.0,3.7553,1.2299,0.0397,1.368,0.0274,1.3666,1.004e-05,1.001,0.0001,1.8925,12.0,0.0647,1.0017,0.1389,2.3646,0.0116,1.286,0.0517,1.9351,0.0,0.0,0.0,-0.1515,25.0,25.0,38.0,37.0,14.0,0.0,0.0,0.0,64.0,7.5617,0.0,0.0246,0.0,0.0
8323.0,1.7498,0.0937,1.0,0.0795,1.201,2.0562,1.0562,2.1849,1.1849,26.7417,2.0697,26.3682,2.0547,100.0,0.0,0.0,0.0,24.875,0.0,26.125,0.0,26.125,0.0,25.0,10.0,0.0,0.0084,52.548,5.2548,2.0,3.7956,1.2317,0.048,1.3689,0.0181,1.3656,1.004e-05,1.0009,0.0001,1.8959,12.0,0.0645,1.0017,0.1406,2.3699,0.0107,1.2529,0.0533,1.9489,0.0,0.0,0.0,-0.1514,25.0,25.0,38.0,37.0,14.0,0.0,0.0,0.0,64.0,7.8025,0.0,0.0248,0.0,0.0
8324.0,1.7508,0.0939,1.0,0.0795,1.2008,2.0559,1.0559,2.1848,1.1848,26.6236,2.0649,26.3625,2.0545,100.0,0.0,0.0,0.0,25.0,0.0,26.0,0.0,26.125,0.0,25.0,10.0,0.0,0.0081,52.5478,5.2548,2.0,3.822,1.2329,0.0813,1.3725,0.0066,1.3644,1.004e-05,1.0009,0.0001,1.8997,12.0,0.062,1.0017,0.148,2.3923,0.0104,1.2385,0.0496,1.9171,0.0,0.0,0.0,-0.1516,25.0,25.0,38.0,37.0,14.0,0.0,0.0,0.0,64.0,7.9659,0.0,0.0248,0.0,0.0
8325.0,1.7511,0.0939,1.0,0.0792,1.2002,2.0558,1.0558,2.1846,1.1846,26.5862,2.0634,26.3764,2.0551,100.0,0.0,0.0,0.0,24.875,0.0,26.125,0.0,26.0,0.0,25.0,10.0,0.0,0.0079,52.5478,5.2548,2.0,3.8114,1.2324,0.0618,1.3704,0.0258,1.3665,1.004e-05,1.001,0.0001,1.8978,12.0,0.0669,1.0018,0.1147,2.2816,0.009,1.1745,0.0576,1.9822,0.0,0.0,0.0,-0.152,25.0,25.0,38.0,37.0,14.0,0.0,0.0,0.0,64.0,8.1,0.0,0.0246,0.0,0.0
8326.0,1.752,0.094,1.0,0.0794,1.2007,2.0556,1.0556,2.1845,1.1845,26.7152,2.0686,26.3986,2.0559,100.0,0.0,0.0,0.0,25.0,0.0,26.125,0.0,26.125,0.0,25.125,10.0,0.0,0.0085,52.5473,5.2547,2.0,3.7885,1.2314,0.0695,1.3712,0.0174,1.3655,1.004e-05,1.001,0.0001,1.8976,12.0,0.0699,1.0019,0.1212,2.3055,0.0097,1.2067,0.0594,1.9955,0.0,0.0,0.0,-0.1515,25.0,25.0,38.0,37.0,13.0,0.0,0.0,0.0,64.0,8.3658,0.0,0.0248,0.0,0.0
8327.0,1.7509,0.0939,1.0,0.08,1.2024,2.0558,1.0558,2.185,1.185,26.825,2.073,26.3863,2.0555,100.0,0.0,0.0,0.0,24.875,0.0,26.125,0.0,26.125,0.0,25.125,10.0,0.0,0.0081,52.547,5.2547,2.0,3.8619,1.2347,0.1205,1.3768,0.0186,1.3657,1.005e-05,1.0011,0.0001,1.8925,12.0,0.0715,1.0019,0.1102,2.2641,0.0081,1.1328,0.0646,2.032,0.0,0.0,0.0,-0.1515,25.0,25.0,38.0,37.0,12.0,0.0,0.0,0.0,64.0,8.5293,0.0,0.0247,0.0,0.0
8328.0,1.7509,0.0939,1.0,0.0798,1.2018,2.056,1.056,2.1849,1.1849,26.7458,2.0698,26.3676,2.0547,100.0,0.0,0.0,0.0,25.0,0.0,26.125,0.0,26.125,0.0,25.125,10.0,0.0,0.0081,52.5471,5.2547,2.0,3.8806,1.2356,0.1005,1.3746,0.0256,1.3664,1.005e-05,1.0011,0.0001,1.8899,12.0,0.0737,1.002,0.1222,2.3089,0.008,1.1224,0.061,2.0072,0.0,0.0,0.0,-0.1516,25.0,25.0,38.0,37.0,14.0,0.0,0.0,0.0,64.0,8.7272,0.0,0.0246,0.0,0.0
8329.0,1.7528,0.0941,1.0,0.0794,1.2006,2.0559,1.0559,2.1848,1.1848,26.646,2.0658,26.3634,2.0545,100.0,0.0,0.0,0.0,25.0,0.0,26.0,0.0,26.25,0.0,25.125,10.0,0.0,0.0084,52.5467,5.2547,2.0,3.828,1.2332,0.0574,1.3699,0.0137,1.3651,1.004e-05,1.001,0.0001,1.8971,12.0,0.0667,1.0018,0.0941,2.1953,0.0079,1.12,0.063,2.0209,0.0,0.0,0.0,-0.1516,25.0,25.0,38.0,37.0,14.0,0.0,0.0,0.0,64.0,8.8787,0.0,0.0249,0.0,0.0
8330.0,1.754,0.0943,1.0,0.0794,1.2007,2.0561,1.0561,2.1846,1.1846,26.5702,2.0628,26.3784,2.0551,100.0,0.0,0.0,0.0,24.875,0.0,26.25,0.0,26.125,0.0,25.0,10.0,0.0,0.0082,52.5467,5.2546,2.0,3.7273,1.2286,-0.0672,1.3563,0.025,1.3664,1.004e-05,1.001,0.0001,1.8981,12.0,0.0676,1.0018,0.0995,2.2197,0.0074,1.0923,0.0628,2.0198,0.0,0.0,0.0,-0.1518,25.0,25.0,38.0,37.0,14.0,0.0,0.0,0.0,64.0,9.1037,0.0,0.0248,0.0,0.0
8331.0,1.7548,0.0944,1.0,0.0796,1.2012,2.0554,1.0554,2.1845,1.1845,26.6986,2.0679,26.3875,2.0555,100.0,0.0,0.0,0.0,24.875,0.0,26.125,0.0,26.125,0.0,25.125,10.0,0.0,0.0081,52.5466,5.2547,2.0,3.6966,1.2271,-0.0328,1.3601,0.0214,1.366,1.004e-05,1.0008,0.0001,1.8975,12.0,0.0633,1.0017,0.0998,2.221,0.0669,2.0474,0.0832,2.1419,0.0,0.0,0.0,-0.1515,25.0,25.0,38.0,37.0,13.0,0.0,0.0,0.0,64.0,9.258,0.0,0.0247,0.0,0.0
8332.0,1.754,0.0943,1.0,0.0793,1.2002,2.0552,1.0552,2.1852,1.1852,26.8222,2.0729,26.3825,2.0553,100.0,0.0,0.0,0.0,24.875,0.0,26.125,0.0,26.125,0.0,25.0,10.0,0.0,0.0083,52.5467,5.2546,2.0,3.7465,1.2294,0.0202,1.3658,0.0109,1.3648,1.004e-05,1.0009,0.0001,1.8981,12.0,0.0617,1.0016,0.0942,2.1961,0.0608,2.0056,0.0649,2.0342,0.0,0.0,0.0,-0.1517,25.0,25.0,38.0,37.0,13.0,0.0,0.0,0.0,64.0,9.437,0.0,0.0247,0.0,0.0
8333.0,1.7519,0.094,1.0,0.0793,1.2003,2.0557,1.0557,2.1854,1.1854,26.7841,2.0714,26.3631,2.0545,100.0,0.0,0.0,0.0,25.0,0.0,26.125,0.0,26.125,0.0,25.125,10.0,0.0,0.0082,52.5462,5.2546,2.0,3.7422,1.2292,0.0471,1.3688,0.0263,1.3665,1.004e-05,1.0008,0.0001,1.8954,12.0,0.0605,1.0016,0.0857,2.155,0.0549,1.961,0.0715,2.0764,0.0,0.0,0.0,-0.1517,25.0,25.0,38.0,37.0,13.0,0.0,0.0,0.0,64.0,9.5781,0.0,0.0247,0.0,0.0
8334.0,1.7519,0.094,1.0,0.0793,1.2003,2.0562,1.0562,2.185,1.185,26.6844,2.0674,26.3731,2.0549,100.0,0.0,0.0,0.0,25.0,0.0,26.125,0.0,26.125,0.0,25.0,10.0,0.0,0.0081,52.5464,5.2546,2.0,3.7985,1.2318,0.0383,1.3678,0.0206,1.3659,1.004e-05,1.0009,0.0001,1.8933,12.0,0.0652,1.0017,0.0875,2.164,0.0574,1.981,0.07,2.0668,0.0,0.0,0.0,-0.1518,25.0,25.0,38.0,37.0,14.0,0.0,0.0,0.0,64.0,9.7479,0.0,0.0243,0.0,0.0
8335.0,1.751,0.0939,1.0,0.0796,1.2011,2.0562,1.0562,2.1847,1.1847,26.5681,2.0627,26.3761,2.055,100.0,0.0,0.0,0.0,24.875,0.0,26.125,0.0,26.125,0.0,25.125,10.0,0.0,0.0075,52.5461,5.2546,2.0,3.772,1.2306,0.0595,1.3701,0.0104,1.3648,1.004e-05,1.001,0.0001,1.8974,12.0,0.0677,1.0018,0.168,2.4472,0.0525,1.9423,0.0595,1.9962,0.0,0.0,0.0,-0.1519,25.0,25.0,38.0,37.0,13.0,0.0,0.0,0.0,64.0,9.9298,0.0,0.0245,0.0,0.0
8336.0,1.7509,0.0939,1.0,0.0795,1.2008,2.0556,1.0556,2.1845,1.1845,26.6965,2.0679,26.3884,2.0555,100.0,0.0,0.0,0.0,24.875,0.0,26.0,0.0,26.0,0.0,25.0,10.0,0.0,0.0083,52.546,5.2546,2.0,3.872,1.2352,0.1252,1.3773,0.027,1.3666,1.004e-05,1.001,0.0001,1.8989,12.0,0.0643,1.0017,0.1256,2.3209,0.0456,1.8805,0.0698,2.0655,0.0,0.0,0.0,-0.1519,25.0,25.0,38.0,37.0,13.0,0.0,0.0,0.0,64.0,10.1435,0.0,0.0249,0.0,0.0
8337.0,1.7496,0.0937,1.0,0.0797,1.2016,2.0554,1.0554,2.1847,1.1847,26.8198,2.0728,26.385,2.0554,100.0,0.0,0.0,0.0,24.875,0.0,26.25,0.0,26.0,0.0,25.125,10.0,0.0,0.0081,52.5461,5.2546,2.0,3.8736,1.2352,0.0877,1.3732,0.0177,1.3656,1.004e-05,1.0009,0.0001,1.8983,12.0,0.0666,1.0018,0.1466,2.388,0.0474,1.8974,0.0761,2.1032,0.0,0.0,0.0,-0.1516,25.0,25.0,38.0,37.0,12.0,0.0,0.0,0.0,64.0,10.3228,0.0,0.0248,0.0,0.0
8338.0,1.7505,0.0938,1.0,0.0793,1.2003,2.0557,1.0557,2.185,1.185,26.7784,2.0711,26.3681,2.0547,100.0,0.0,0.0,0.0,25.0,0.0,26.125,0.0,26.125,0.0,25.125,10.0,0.0,0.0084,52.5462,5.2546,2.0,3.8308,1.2333,0.0919,1.3737,0.0179,1.3656,1.004e-05,1.0009,0.0001,1.8944,12.0,0.0612,1.0016,0.1246,2.3173,0.0448,1.8733,0.0653,2.0364,0.0,0.0,0.0,-0.1517,25.0,25.0,38.0,37.0,11.0,0.0,0.0,0.0,64.0,10.4771,0.0,0.0249,0.0,0.0
8339.0,1.7523,0.094,1.0,0.0791,1.1999,2.0558,1.0558,2.1849,1.1849,26.6761,2.067,26.3654,2.0546,100.0,0.0,0.0,0.0,25.0,0.0,26.125,0.0,26.0,0.0,25.125,10.0,0.0,0.0086,52.5456,5.2545,2.0,3.855,1.2344,0.0632,1.3705,0.0239,1.3662,1.004e-05,1.0009,0.0001,1.893,12.0,0.0641,1.0017,0.1182,2.2944,0.0435,1.8602,0.0669,2.0472,0.0,0.0,0.0,-0.1517,25.0,25.0,38.0,37.0,13.0,0.0,0.0,0.0,64.0,10.6762,0.0,0.0246,0.0,0.0
8340.0,1.754,0.0943,1.0,0.0794,1.2005,2.0559,1.0559,2.185,1.185,26.5665,2.0627,26.3667,2.0547,100.0,0.0,0.0,0.0,25.0,0.0,26.125,0.0,26.0,0.0,25.125,10.0,0.0,0.0083,52.5456,5.2546,2.0,3.8471,1.2341,0.113,1.376,0.0139,1.3652,1.004e-05,1.0009,0.0001,1.896,12.0,0.062,1.0017,0.1216,2.3068,0.0405,1.8295,0.0595,1.9962,0.0,0.0,0.0,-0.1518,25.0,25.0,38.0,37.0,15.0,0.0,0.0,0.0,64.0,10.8297,0.0,0.0243,0.0,0.0
8341.0,1.7532,0.0941,1.0,0.0794,1.2006,2.0554,1.0554,2.1849,1.1849,26.6424,2.0657,26.384,2.0554,100.0,0.0,0.0,0.0,25.0,0.0,26.125,0.0,26.125,0.0,25.125,10.0,0.0,0.0087,52.545,5.2545,2.0,3.8576,1.2345,0.0606,1.3703,0.016,1.3654,1.004e-05,1.001,0.0001,1.8905,12.0,0.0698,1.0019,0.1058,2.2464,0.0397,1.8208,0.0587,1.9908,0.0,0.0,0.0,-0.1519,25.0,25.0,38.0,37.0,14.0,0.0,0.0,0.0,64.0,11.0076,0.0,0.0245,0.0,0.0
8342.0,1.753,0.0941,1.0,0.0793,1.2004,2.0551,1.0551,2.185,1.185,26.7989,2.072,26.3899,2.0556,100.0,0.0,0.0,0.0,25.0,0.0,26.125,0.0,26.125,0.0,25.0,10.0,0.0,0.0087,52.5448,5.2545,2.0,3.8285,1.2332,0.061,1.3703,0.0249,1.3663,1.005e-05,1.0011,0.0001,1.8978,12.0,0.0667,1.0018,0.1834,2.4852,0.0334,1.7453,0.073,2.0854,0.0,0.0,0.0,-0.1518,25.0,25.0,38.0,37.0,15.0,0.0,0.0,0.0,64.0,11.1714,0.0,0.0247,0.0,0.0
8343.0,1.7512,0.0939,1.0,0.0795,1.2008,2.0559,1.0559,2.1851,1.1851,26.8105,2.0724,26.3725,2.0549,100.0,0.0,0.0,0.0,25.0,0.0,26.125,0.0,26.125,0.0,25.125,10.0,0.0,0.0079,52.5448,5.2544,2.0,3.8296,1.2333,0.0642,1.3706,0.0149,1.3653,1.005e-05,1.0011,0.0001,1.8986,12.0,0.0695,1.0019,0.1482,2.3926,0.0355,1.7724,0.0882,2.1674,0.0,0.0,0.0,-0.152,25.0,25.0,38.0,37.0,15.0,0.0,0.0,0.0,64.0,11.3642,0.0,0.0247,0.0,0.0
8344.0,1.7509,0.0939,1.0,0.0798,1.2016,2.0558,1.0558,2.1849,1.1849,26.6995,2.068,26.3652,2.0546,100.0,0.0,0.0,0.0,24.875,0.0,26.125,0.0,26.125,0.0,25.125,10.0,0.0,0.0084,52.5447,5.2545,2.0,3.8641,1.2348,0.0616,1.3704,0.0313,1.3671,1.005e-05,1.0011,0.0001,1.8953,12.0,0.0717,1.0019,0.1648,2.4387,0.034,1.7529,0.1044,2.2406,0.0,0.0,0.0,-0.1517,25.0,25.0,38.0,37.0,13.0,0.0,0.0,0.0,64.0,11.5118,0.0,0.0247,0.0,0.0
8345.0,1.7509,0.0939,1.0,0.0796,1.2011,2.0558,1.0558,2.1847,1.1847,26.5697,2.0628,26.3611,2.0544,100.0,0.0,0.0,0.0,25.0,0.0,26.125,0.0,26.125,0.0,25.125,10.0,0.0,0.0083,52.5446,5.2544,2.0,3.7807,1.231,-0.0235,1.3611,0.02,1.3658,1.005e-05,1.0011,0.0001,1.8921,12.0,0.0721,1.0019,0.2236,2.5713,0.0302,1.7019,0.0856,2.1543,0.0,0.0,0.0,-0.1518,25.0,25.0,38.0,37.0,15.0,0.0,0.0,0.0,64.0,11.7247,0.0,0.0245,0.0,0.0
8346.0,1.7509,0.0939,1.0,0.0797,1.2015,2.0554,1.0554,2.1847,1.1847,26.6266,2.0651,26.3829,2.0553,100.0,0.0,0.0,0.0,24.875,0.0,26.125,0.0,26.125,0.0,25.0,10.0,0.0,0.0086,52.5446,5.2545,2.0,3.7057,1.2275,-0.0675,1.3563,0.011,1.3648,1.005e-05,1.0011,0.0001,1.8915,12.0,0.0691,1.0018,0.2157,2.5557,0.0319,1.7256,0.0927,2.1889,0.0,0.0,0.0,-0.1518,25.0,25.0,38.0,37.0,14.0,0.0,0.0,0.0,64.0,11.9157,0.0,0.0245,0.0,0.0
8347.0,1.7509,0.0939,1.0,0.0796,1.2011,2.0555,1.0555,2.1851,1.1851,26.814,2.0726,26.3938,2.0558,100.0,0.0,0.0,0.0,25.0,0.0,26.125,0.0,26.25,0.0,25.125,10.0,0.0,0.009,52.5443,5.2544,2.0,3.7166,1.2281,-0.0108,1.3625,0.0274,1.3666,1.004e-05,1.0009,0.0001,1.898,12.0,0.061,1.0016,0.1914,2.5039,0.0281,1.6706,0.0875,2.1637,0.0,0.0,0.0,-0.1517,26.0,25.0,38.0,37.0,13.0,0.0,0.0,0.0,64.0,12.0751,0.0,0.0245,0.0,0.0
8348.0,1.7528,0.0941,1.0,0.0794,1.2006,2.0559,1.0559,2.1852,1.1852,26.8109,2.0724,26.3775,2.0551,100.0,0.0,0.0,0.0,25.0,0.0,26.125,0.0,26.125,0.0,25.125,10.0,0.0,0.0084,52.5441,5.2544,2.0,3.7632,1.2302,-0.0018,1.3634,0.0177,1.3656,1.004e-05,1.0009,0.0001,1.9,12.0,0.0641,1.0017,0.1864,2.4922,0.0296,1.6933,0.0819,2.1352,0.0,0.0,0.0,-0.1518,26.0,25.0,38.0,37.0,14.0,0.0,0.0,0.0,64.0,12.2826,0.0,0.0248,0.0,0.0
8349.0,1.7531,0.0941,1.0,0.0793,1.2003,2.0562,1.0562,2.1849,1.1849,26.714,2.0686,26.3699,2.0548,100.0,0.0,0.0,0.0,25.0,0.0,26.125,0.0,26.125,0.0,25.125,10.0,0.0,0.0081,52.5443,5.2544,2.0,3.8079,1.2323,0.0318,1.3671,0.0089,1.3646,1.004e-05,1.001,0.0001,1.8988,12.0,0.0666,1.0018,0.1666,2.4435,0.0251,1.6221,0.0793,2.121,0.0,0.0,0.0,-0.1516,26.0,25.0,38.0,37.0,13.0,0.0,0.0,0.0,64.0,12.4443,0.0,0.0248,0.0,0.0
8350.0,1.7512,0.0939,1.0,0.0793,1.2002,2.0558,1.0558,2.1847,1.1847,26.5925,2.0637,26.363,2.0545,100.0,0.0,0.0,0.0,24.875,0.0,26.125,0.0,26.0,0.0,25.125,10.0,0.0,0.0076,52.5439,5.2543,2.0,3.8201,1.2328,0.0711,1.3714,0.0279,1.3667,1.005e-05,1.001,0.0001,1.8973,12.0,0.067,1.0018,0.1459,2.3859,0.0252,1.6228,0.0805,2.1275,0.0,0.0,0.0,-0.1515,26.0,25.0,38.0,37.0,13.0,0.0,0.0,0.0,64.0,12.6381,0.0,0.0246,0.0,0.0
8351.0,1.7509,0.0939,1.0,0.0795,1.2009,2.0555,1.0555,2.1845,1.1845,26.6195,2.0648,26.3802,2.0552,100.0,0.0,0.0,0.0,25.0,0.0,26.125,0.0,26.125,0.0,25.125,10.0,0.0,0.0082,52.5437,5.2544,2.0,3.9149,1.2371,0.1339,1.3782,0.0168,1.3655,1.005e-05,1.0011,0.0001,1.894,12.0,0.0692,1.0018,0.1561,2.4154,0.0235,1.593,0.0901,2.1765,0.0,0.0,0.0,-0.1517,25.0,25.0,38.0,37.0,14.0,0.0,0.0,0.0,64.0,12.8281,0.0,0.0243,0.0,0.0
8352.0,1.7508,0.0938,1.0,0.0797,1.2013,2.0556,1.0556,2.1845,1.1845,26.7488,2.07,26.3917,2.0557,100.0,0.0,0.0,0.0,25.0,0.0,26.125,0.0,26.25,0.0,25.125,10.0,0.0,0.0082,52.5437,5.2543,2.0,3.8819,1.2356,0.0692,1.3712,0.01,1.3647,1.005e-05,1.0011,0.0001,1.8949,12.0,0.0707,1.0019,0.156,2.415,0.0228,1.5806,0.0841,2.1465,0.0,0.0,0.0,-0.1518,25.0,25.0,38.0,37.0,14.0,0.0,0.0,0.0,64.0,13.0116,0.0,0.0244,0.0,0.0
8353.0,1.7483,0.0935,1.0,0.0795,1.2007,2.0559,1.0559,2.185,1.185,26.8162,2.0726,26.3749,2.055,100.0,0.0,0.0,0.0,25.0,0.0,26.125,0.0,26.125,0.0,25.25,10.0,0.0,0.0083,52.5433,5.2543,2.0,3.8601,1.2346,0.0931,1.3738,0.0258,1.3665,1.005e-05,1.0011,0.0001,1.898,12.0,0.0701,1.0019,0.1467,2.3884,0.022,1.5637,0.0843,2.1475,0.0,0.0,0.0,-0.1521,25.0,25.0,38.0,37.0,13.0,0.0,0.0,0.0,64.0,13.2082,0.0,0.0244,0.0,0.0
8354.0,1.7477,0.0935,1.0,0.0795,1.2009,2.0562,1.0562,2.1849,1.1849,26.7275,2.0691,26.3669,2.0547,100.0,0.0,0.0,0.0,25.0,0.0,26.125,0.0,26.125,0.0,25.125,10.0,0.0,0.0086,52.5434,5.2543,2.0,3.872,1.2352,0.0655,1.3708,0.014,1.3652,1.005e-05,1.0011,0.0001,1.9005,12.0,0.071,1.0019,0.1474,2.3902,0.0216,1.5562,0.0708,2.072,0.0,0.0,0.0,-0.1521,25.0,25.0,38.0,37.0,14.0,0.0,0.0,0.0,64.0,13.406,0.0,0.0246,0.0,0.0
8355.0,1.7469,0.0934,1.0,0.0794,1.2005,2.0558,1.0558,2.1849,1.1849,26.6207,2.0648,26.3627,2.0545,100.0,0.0,0.0,0.0,25.0,0.0,26.125,0.0,26.125,0.0,25.125,10.0,0.0,0.0081,52.543,5.2543,2.0,3.8161,1.2326,0.0231,1.3662,0.0277,1.3667,1.004e-05,1.001,0.0001,1.8997,12.0,0.0674,1.0018,0.136,2.3554,0.0193,1.5083,0.0716,2.077,0.0,0.0,0.0,-0.1518,25.0,25.0,38.0,37.0,14.0,0.0,0.0,0.0,64.0,13.5755,0.0,0.0246,0.0,0.0
8356.0,1.7482,0.0935,1.0,0.0796,1.2013,2.0555,1.0555,2.1849,1.1849,26.5966,2.0639,26.3779,2.0551,100.0,0.0,0.0,0.0,25.0,0.0,26.25,0.0,26.25,0.0,25.125,10.0,0.0,0.0078,52.5428,5.2543,2.0,3.8516,1.2343,0.0691,1.3712,0.0215,1.366,1.004e-05,1.0009,0.0001,1.8962,12.0,0.067,1.0018,0.1337,2.3479,0.019,1.5008,0.0752,2.098,0.0,0.0,0.0,-0.1517,25.0,25.0,38.0,37.0,13.0,0.0,0.0,0.0,64.0,13.7968,0.0,0.0248,0.0,0.0
8357.0,1.7487,0.0936,1.0,0.0793,1.2004,2.0552,1.0552,2.1849,1.1849,26.7379,2.0695,26.3913,2.0557,100.0,0.0,0.0,0.0,25.0,0.0,26.25,0.0,26.25,0.0,25.125,10.0,0.0,0.0082,52.5428,5.2543,2.0,3.8452,1.234,0.0497,1.3691,0.0114,1.3649,1.004e-05,1.0009,0.0001,1.8957,12.0,0.0666,1.0018,0.1307,2.338,0.0179,1.4744,0.0676,2.0516,0.0,0.0,0.0,-0.1515,25.0,25.0,38.0,37.0,14.0,0.0,0.0,0.0,64.0,13.9654,0.0,0.0244,0.0,0.0
8358.0,1.7488,0.0936,1.0,0.0794,1.2007,2.0554,1.0554,2.1853,1.1853,26.8252,2.073,26.3778,2.0551,100.0,0.0,0.0,0.0,25.0,0.0,26.125,0.0,26.125,0.0,25.125,10.0,0.0,0.0085,52.5424,5.2542,2.0,3.7621,1.2302,-0.0528,1.3579,0.0302,1.3669,1.004e-05,1.001,0.0001,1.8922,12.0,0.0633,1.0017,0.168,2.4472,0.0152,1.4029,0.0687,2.0586,0.0,0.0,0.0,-0.1516,25.0,25.0,38.0,37.0,17.0,0.0,0.0,0.0,64.0,14.1583,0.0,0.0246,0.0,0.0
8359.0,1.7488,0.0936,1.0,0.0795,1.2007,2.0557,1.0557,2.1853,1.1853,26.752,2.0701,26.3673,2.0547,100.0,0.0,0.0,0.0,24.875,0.0,26.125,0.0,26.125,0.0,25.125,10.0,0.0,0.0085,52.5425,5.2542,2.0,3.7771,1.2309,0.005,1.3642,0.0206,1.3659,1.004e-05,1.0009,0.0001,1.8975,12.0,0.0645,1.0017,0.165,2.4393,0.0159,1.4246,0.0758,2.1016,0.0,0.0,0.0,-0.1519,25.0,25.0,38.0,37.0,12.0,0.0,0.0,0.0,64.0,13.886,0.0,0.0245,0.0,0.0
8360.0,1.7478,0.0935,1.0,0.0793,1.2003,2.0558,1.0558,2.1852,1.1852,26.6438,2.0658,26.3661,2.0546,100.0,0.0,0.0,0.0,25.0,0.0,26.125,0.0,26.125,0.0,25.125,10.0,0.0,0.0076,52.5424,5.2542,2.0,3.8033,1.2321,0.0214,1.366,0.0113,1.3649,1.004e-05,1.0009,0.0001,1.9006,12.0,0.0666,1.0018,0.1455,2.3846,0.015,1.3969,0.0721,2.0798,0.0,0.0,0.0,-0.1523,25.0,25.0,38.0,37.0,16.0,0.0,0.0,0.0,64.0,14.5453,0.0,0.0246,0.0,0.0
8361.0,1.7487,0.0936,1.0,0.0795,1.2007,2.0557,1.0557,2.185,1.185,26.5871,2.0635,26.3738,2.055,100.0,0.0,0.0,0.0,25.0,0.0,26.125,0.0,26.0,0.0,25.125,10.0,0.0,0.0078,52.5422,5.2542,2.0,3.8221,1.2329,0.0211,1.3659,0.0288,1.3668,1.004e-05,1.001,0.0001,1.8992,12.0,0.0683,1.0018,0.1624,2.4323,0.0138,1.3631,0.068,2.0541,0.0,0.0,0.0,-0.1518,25.0,25.0,38.0,37.0,13.0,0.0,0.0,0.0,64.0,14.7671,0.0,0.0243,0.0,0.0
8362.0,1.7488,0.0936,1.0,0.0793,1.2004,2.0552,1.0552,2.1849,1.1849,26.7377,2.0695,26.3901,2.0556,100.0,0.0,0.0,0.0,25.0,0.0,26.125,0.0,26.125,0.0,25.125,10.0,0.0,0.0085,52.542,5.2542,2.0,3.7594,1.23,0.0279,1.3667,0.0174,1.3655,1.004e-05,1.001,0.0001,1.8969,12.0,0.0676,1.0018,0.2328,2.5888,0.0135,1.3518,0.0641,2.0289,0.0,0.0,0.0,-0.1521,25.0,25.0,38.0,37.0,14.0,0.0,0.0,0.0,64.0,14.9389,0.0,0.0247,0.0,0.0
8363.0,1.7483,0.0935,1.0,0.0794,1.2006,2.0552,1.0552,2.1853,1.1853,26.8252,2.073,26.3795,2.0552,100.0,0.0,0.0,0.0,25.0,0.0,26.125,0.0,26.0,0.0,25.125,10.0,0.0,0.0078,52.5417,5.2541,2.0,3.8088,1.2323,0.0376,1.3677,0.0191,1.3657,1.005e-05,1.0011,0.0001,1.8964,12.0,0.0691,1.0018,0.1886,2.4974,0.0128,1.3283,0.0579,1.9848,0.0,0.0,0.0,-0.1514,25.0,25.0,38.0,37.0,13.0,0.0,0.0,0.0,64.0,15.1363,0.0,0.0244,0.0,0.0
8364.0,1.7488,0.0936,1.0,0.0795,1.2008,2.0558,1.0558,2.1854,1.1854,26.7609,2.0704,26.3585,2.0543,100.0,0.0,0.0,0.0,25.0,0.0,26.125,0.0,26.125,0.0,25.125,10.0,0.0,0.0078,52.5415,5.2542,2.0,3.9386,1.2381,0.162,1.3813,0.026,1.3665,1.005e-05,1.0011,0.0001,1.898,12.0,0.0693,1.0018,0.2507,2.6209,0.0109,1.2592,0.0617,2.0121,0.0,0.0,0.0,-0.1516,26.0,25.0,38.0,37.0,14.0,0.0,0.0,0.0,64.0,15.3355,0.0,0.0248,0.0,0.0
8365.0,1.7478,0.0935,1.0,0.0795,1.2008,2.0558,1.0558,2.1853,1.1853,26.6602,2.0664,26.3571,2.0543,100.0,0.0,0.0,0.0,24.875,0.0,26.125,0.0,26.125,0.0,25.125,10.0,0.0,0.008,52.542,5.2542,2.0,3.9439,1.2384,0.1396,1.3789,0.0175,1.3655,1.005e-05,1.0011,0.0001,1.8971,12.0,0.0687,1.0018,0.2611,2.6386,0.0113,1.2735,0.0613,2.0096,0.0,0.0,0.0,-0.1517,26.0,25.0,38.0,37.0,13.0,0.0,0.0,0.0,64.0,15.4576,0.0,0.0245,0.0,0.0
8366.0,1.7484,0.0935,1.0,0.0793,1.2004,2.0557,1.0557,2.185,1.185,26.5582,2.0623,26.366,2.0546,100.0,0.0,0.0,0.0,24.875,0.0,26.125,0.0,26.125,0.0,25.125,10.0,0.0,0.0078,52.5416,5.2541,2.0,4.0265,1.242,0.2089,1.3864,0.0325,1.3672,1.005e-05,1.0011,0.0001,1.8979,12.0,0.0707,1.0019,0.2579,2.6333,0.0103,1.2337,0.061,2.0071,0.0,0.0,0.0,-0.1519,26.0,25.0,38.0,37.0,14.0,0.0,0.0,0.0,64.0,15.5849,0.0,0.0248,0.0,0.0
8367.0,1.7493,0.0937,1.0,0.0795,1.2009,2.0552,1.0552,2.1849,1.1849,26.669,2.0668,26.3852,2.0554,100.0,0.0,0.0,0.0,25.125,0.0,26.125,0.0,26.125,0.0,25.125,10.0,0.0,0.008,52.5413,5.2541,2.0,3.9673,1.2394,0.1146,1.3761,0.0261,1.3665,1.005e-05,1.0011,0.0001,1.9002,12.0,0.0698,1.0019,0.2545,2.6276,0.0634,2.0236,0.0579,1.9847,0.0,0.0,0.0,-0.1519,26.0,25.0,38.0,37.0,12.0,0.0,0.0,0.0,64.0,15.8664,0.0,0.0246,0.0,0.0
8368.0,1.7508,0.0939,1.0,0.0796,1.2011,2.0553,1.0553,2.1852,1.1852,26.8238,2.073,26.3829,2.0553,100.0,0.0,0.0,0.0,25.0,0.0,26.125,0.0,26.125,0.0,25.125,10.0,0.0,0.0081,52.5413,5.2542,2.0,3.9047,1.2366,0.0869,1.3731,0.0136,1.3651,1.005e-05,1.0011,0.0001,1.8981,12.0,0.0711,1.0019,0.2193,2.5629,0.0605,2.0038,0.0465,1.8897,0.0,0.0,0.0,-0.1516,25.0,25.0,38.0,37.0,14.0,0.0,0.0,0.0,64.0,15.76,0.0,0.025,0.0,0.0
8369.0,1.7529,0.0941,1.0,0.0795,1.201,2.0559,1.0559,2.1854,1.1854,26.7902,2.0716,26.3685,2.0547,100.0,0.0,0.0,0.0,25.0,0.0,26.125,0.0,26.125,0.0,25.125,10.0,0.0,0.0091,52.5411,5.2541,2.0,3.9371,1.2381,0.1167,1.3764,0.0307,1.367,1.004e-05,1.0009,0.0001,1.8949,12.0,0.0648,1.0017,0.2019,2.5269,0.0565,1.9739,0.0483,1.9055,0.0,0.0,0.0,-0.1519,25.0,25.0,38.0,37.0,13.0,0.0,0.0,0.0,64.0,16.2306,0.0,0.0249,0.0,0.0
8370.0,1.7564,0.0945,1.0,0.0797,1.2014,2.0562,1.0562,2.1851,1.1851,26.6831,2.0673,26.3644,2.0546,100.0,0.0,0.0,0.0,24.875,0.0,26.125,0.0,26.125,0.0,25.125,10.0,0.0,0.0085,52.5409,5.2541,2.0,3.9088,1.2368,0.0984,1.3744,0.0211,1.3659,1.004e-05,1.0009,0.0001,1.8924,12.0,0.0629,1.0017,0.1705,2.4536,0.0569,1.9772,0.0681,2.0548,0.0,0.0,0.0,-0.1517,25.0,25.0,38.0,37.0,12.0,0.0,0.0,0.0,64.0,16.4079,0.0,0.0244,0.0,0.0
8371.0,1.7596,0.0949,1.0,0.0796,1.201,2.0562,1.0562,2.1851,1.1851,26.5673,2.0627,26.3681,2.0547,100.0,0.0,0.0,0.0,24.875,0.0,26.125,0.0,26.125,0.0,25.125,10.0,0.0,0.0076,52.5411,5.2541,2.0,3.9083,1.2368,0.0799,1.3723,0.0305,1.367,1.004e-05,1.0009,0.0001,1.8953,12.0,0.0641,1.0017,0.1863,2.4921,0.0528,1.9446,0.0571,1.9785,0.0,0.0,0.0,-0.152,25.0,25.0,38.0,37.0,15.0,0.0,0.0,0.0,64.0,16.586,0.0,0.0245,0.0,0.0
8372.0,1.7594,0.0949,1.0,0.0795,1.2008,2.0557,1.0557,2.1849,1.1849,26.6583,2.0663,26.3867,2.0555,100.0,0.0,0.0,0.0,25.0,0.0,26.125,0.0,26.125,0.0,25.125,10.0,0.0,0.0079,52.5409,5.2541,2.0,3.854,1.2344,0.0183,1.3656,0.0276,1.3666,1.004e-05,1.0009,0.0001,1.8958,12.0,0.0646,1.0017,0.2592,2.6354,0.0509,1.9289,0.0537,1.9515,0.0,0.0,0.0,-0.1521,25.0,25.0,38.0,37.0,14.0,0.0,0.0,0.0,64.0,16.7499,0.0,0.0243,0.0,0.0
8373.0,1.7593,0.0949,1.0,0.0795,1.2008,2.0552,1.0552,2.1851,1.1851,26.8083,2.0723,26.3794,2.0552,100.0,0.0,0.0,0.0,25.0,0.0,26.125,0.0,26.125,0.0,25.125,10.0,0.0,0.008,52.5406,5.254,2.0,3.8491,1.2341,0.0396,1.368,0.0162,1.3654,1.004e-05,1.0009,0.0001,1.8985,12.0,0.0612,1.0016,0.2219,2.5681,0.0451,1.8765,0.0573,1.9803,0.0,0.0,0.0,-0.1514,25.0,25.0,38.0,37.0,14.0,0.0,0.0,0.0,64.0,16.9214,0.0,0.0245,0.0,0.0
8374.0,1.7604,0.095,1.0,0.0794,1.2006,2.0556,1.0556,2.1857,1.1857,26.7913,2.0717,26.3646,2.0546,100.0,0.0,0.0,0.0,25.0,0.0,26.25,0.0,26.125,0.0,25.125,10.0,0.0,0.0081,52.5405,5.254,2.0,3.8196,1.2328,-0.0037,1.3632,0.0357,1.3675,1.004e-05,1.0008,0.0001,1.8975,12.0,0.0631,1.0017,0.3524,2.7689,0.0463,1.887,0.0698,2.0656,0.0,0.0,0.0,-0.1521,25.0,25.0,38.0,37.0,15.0,0.0,0.0,0.0,64.0,17.0891,0.0,0.0243,0.0,0.0
8375.0,1.7596,0.095,1.0,0.0793,1.2002,2.0558,1.0558,2.1853,1.1853,26.7,2.068,26.3651,2.0546,100.0,0.0,0.0,0.0,25.125,0.0,26.125,0.0,26.125,0.0,25.125,10.0,0.0,0.0083,52.5404,5.254,2.0,3.8219,1.2329,-3.815e-05,1.3636,0.025,1.3664,1.004e-05,1.0009,0.0001,1.8966,12.0,0.0628,1.0017,0.3098,2.7129,0.0467,1.8915,0.0657,2.0392,0.0,0.0,0.0,-0.1514,25.0,25.0,38.0,37.0,14.0,0.0,0.0,0.0,64.0,17.2488,0.0,0.0246,0.0,0.0
8376.0,1.7564,0.0945,1.0,0.0794,1.2007,2.0558,1.0558,2.1851,1.1851,26.5772,2.0631,26.3597,2.0544,100.0,0.0,0.0,0.0,25.0,0.0,26.25,0.0,26.125,0.0,25.125,10.0,0.0,0.008,52.5401,5.254,2.0,3.7739,1.2307,-0.0195,1.3615,0.0146,1.3652,1.004e-05,1.0008,0.0001,1.8933,12.0,0.0634,1.0017,0.2923,2.6877,0.0461,1.886,0.0536,1.9512,0.0,0.0,0.0,-0.1518,25.0,25.0,38.0,37.0,14.0,0.0,0.0,0.0,64.0,17.4383,0.0,0.0248,0.0,0.0
8377.0,1.7577,0.0947,1.0,0.0792,1.2002,2.0554,1.0554,2.185,1.185,26.6334,2.0653,26.3788,2.0552,100.0,0.0,0.0,0.0,25.0,0.0,26.125,0.0,26.125,0.0,25.125,10.0,0.0,0.0088,52.5395,5.2539,2.0,3.75,1.2296,-0.0621,1.3569,0.0325,1.3672,1.004e-05,1.0008,0.0001,1.8958,12.0,0.0624,1.0017,0.2558,2.6297,0.0828,2.14,0.0623,2.0164,0.0,0.0,0.0,-0.1517,25.0,25.0,38.0,37.0,14.0,0.0,0.0,0.0,64.0,17.6105,0.0,0.0246,0.0,0.0
8378.0,1.7604,0.095,1.0,0.0795,1.2009,2.0551,1.0551,2.185,1.185,26.8015,2.0721,26.3893,2.0556,100.0,0.0,0.0,0.0,25.0,0.0,26.125,0.0,26.125,0.0,25.125,10.0,0.0,0.0074,52.5397,5.254,2.0,3.8001,1.2319,-0.0062,1.363,0.0225,1.3661,1.004e-05,1.0009,0.0001,1.8991,12.0,0.0613,1.0016,0.2154,2.5551,0.0904,2.178,0.0579,1.9849,0.0,0.0,0.0,-0.1519,25.0,25.0,38.0,37.0,13.0,0.0,0.0,0.0,64.0,17.7705,0.0,0.0246,0.0,0.0
8379.0,1.7621,0.0953,1.0,0.0795,1.2008,2.0557,1.0557,2.1854,1.1854,26.8055,2.0722,26.3721,2.0549,100.0,0.0,0.0,0.0,25.125,0.0,26.125,0.0,26.125,0.0,25.125,10.0,0.0,0.0075,52.5395,5.2539,2.0,3.8256,1.2331,0.0134,1.3651,0.0268,1.3666,1.004e-05,1.0008,0.0001,1.8992,12.0,0.0611,1.0016,0.2368,2.5962,0.1452,2.3839,0.0603,2.0025,0.0,0.0,0.0,-0.1519,25.0,25.0,38.0,37.0,13.0,0.0,0.0,0.0,64.0,17.9421,0.0,0.0246,0.0,0.0
8380.0,1.763,0.0954,1.0,0.0794,1.2005,2.0557,1.0557,2.1853,1.1853,26.711,2.0684,26.3602,2.0544,100.0,0.0,0.0,0.0,25.0,0.0,26.125,0.0,26.125,0.0,25.0,10.0,0.0,0.0075,52.5395,5.2539,2.0,3.88,1.2355,0.0894,1.3734,0.0322,1.3671,1.005e-05,1.0011,0.0001,1.898,12.0,0.0705,1.0019,0.2223,2.5688,0.1557,2.4141,0.0653,2.0371,0.0,0.0,0.0,-0.1517,25.0,25.0,38.0,37.0,13.0,0.0,0.0,0.0,64.0,18.1208,0.0,0.0245,0.0,0.0
8381.0,1.7647,0.0956,1.0,0.0797,1.2014,2.0558,1.0558,2.1855,1.1855,26.5869,2.0635,26.3582,2.0543,100.0,0.0,0.0,0.0,25.0,0.0,26.25,0.0,26.125,0.0,25.375,10.0,0.0,0.0079,52.5392,5.2539,2.0,3.9109,1.2369,0.0745,1.3718,0.0213,1.366,1.005e-05,1.0011,0.0001,1.896,12.0,0.0699,1.0019,0.2072,2.5382,0.1178,2.2929,0.0674,2.0505,0.0,0.0,0.0,-0.1518,25.0,25.0,38.0,37.0,13.0,0.0,0.0,0.0,64.0,18.2992,0.0,0.0247,0.0,0.0
8382.0,1.7653,0.0957,1.0,0.0796,1.2011,2.0555,1.0555,2.1852,1.1852,26.6124,2.0645,26.372,2.0549,100.0,0.0,0.0,0.0,25.0,0.0,26.125,0.0,26.125,0.0,25.125,10.0,0.0,0.0083,52.5391,5.2539,2.0,3.8846,1.2357,0.0734,1.3716,0.0374,1.3677,1.005e-05,1.0011,0.0001,1.8934,12.0,0.0713,1.0019,0.172,2.4573,0.1155,2.2845,0.0574,1.9811,0.0,0.0,0.0,-0.1519,25.0,25.0,38.0,37.0,13.0,0.0,0.0,0.0,64.0,18.4696,0.0,0.0248,0.0,0.0
8383.0,1.7626,0.0953,1.0,0.0797,1.2014,2.0552,1.0552,2.185,1.185,26.7787,2.0711,26.3907,2.0556,100.0,0.0,0.0,0.0,25.0,0.0,26.125,0.0,26.125,0.0,25.125,10.0,0.0,0.0084,52.5393,5.2539,2.0,3.8867,1.2358,0.0937,1.3739,0.0303,1.3669,1.005e-05,1.0011,0.0001,1.892,12.0,0.0694,1.0019,0.1985,2.5197,0.1096,2.2615,0.0599,1.9996,0.0,0.0,0.0,-0.1519,25.0,25.0,38.0,37.0,15.0,0.0,0.0,0.0,64.0,18.6456,0.0,0.0244,0.0,0.0
8384.0,1.7614,0.0952,1.0,0.0796,1.2012,2.0556,1.0556,2.1854,1.1854,26.825,2.073,26.3737,2.0549,100.0,0.0,0.0,0.0,25.0,0.0,26.125,0.0,26.125,0.0,25.125,10.0,0.0,0.0079,52.5395,5.254,2.0,3.9834,1.2401,0.1471,1.3797,0.02,1.3658,1.005e-05,1.0011,0.0001,1.8975,12.0,0.0732,1.002,0.1548,2.4117,0.1039,2.2386,0.0537,1.9515,0.0,0.0,0.0,-0.1516,25.0,25.0,38.0,37.0,12.0,0.0,0.0,0.0,64.0,18.8,0.0,0.0244,0.0,0.0
8385.0,1.7594,0.0949,1.0,0.0798,1.2018,2.0557,1.0557,2.1853,1.1853,26.73,2.0692,26.3669,2.0547,100.0,0.0,0.0,0.0,24.875,0.0,26.125,0.0,26.125,0.0,25.125,10.0,0.0,0.009,52.539,5.2539,2.0,4.0024,1.2409,0.1538,1.3804,0.0362,1.3676,1.005e-05,1.0011,0.0001,1.8999,12.0,0.0716,1.0019,0.1464,2.3875,0.1071,2.2517,0.0524,1.9413,0.0,0.0,0.0,-0.1518,25.0,25.0,38.0,37.0,14.0,0.0,0.0,0.0,64.0,18.9843,0.0,0.0246,0.0,0.0
8386.0,1.7584,0.0948,1.0,0.0797,1.2015,2.0558,1.0558,2.1853,1.1853,26.6131,2.0645,26.3626,2.0545,100.0,0.0,0.0,0.0,25.0,0.0,26.125,0.0,26.125,0.0,25.125,10.0,0.0,0.0084,52.5387,5.2539,2.0,3.9668,1.2394,0.1109,1.3757,0.0256,1.3664,1.004e-05,1.001,0.0001,1.8987,12.0,0.0701,1.0019,0.1881,2.4963,0.091,2.1807,0.0533,1.9486,0.0,0.0,0.0,-0.1519,25.0,25.0,38.0,37.0,16.0,0.0,0.0,0.0,64.0,19.1633,0.0,0.0243,0.0,0.0
8387.0,1.7564,0.0946,1.0,0.0794,1.2007,2.0558,1.0558,2.185,1.185,26.5878,2.0635,26.3785,2.0551,100.0,0.0,0.0,0.0,25.0,0.0,26.125,0.0,26.125,0.0,25.25,10.0,0.0,0.0085,52.5389,5.2539,2.0,3.9652,1.2393,0.111,1.3757,0.0273,1.3666,1.005e-05,1.0011,0.0001,1.8977,12.0,0.0697,1.0019,0.1911,2.5031,0.1052,2.244,0.0485,1.9073,0.0,0.0,0.0,-0.1516,25.0,25.0,38.0,37.0,13.0,0.0,0.0,0.0,64.0,19.3366,0.0,0.0246,0.0,0.0
8388.0,1.7543,0.0943,1.0,0.0795,1.2007,2.0552,1.0552,2.1849,1.1849,26.7466,2.0699,26.3808,2.0552,100.0,0.0,0.0,0.0,25.0,0.0,26.375,0.0,26.0,0.0,25.125,10.0,0.0,0.0088,52.5383,5.2538,2.0,4.0341,1.2423,0.1617,1.3813,0.0333,1.3673,1.004e-05,1.001,0.0001,1.8942,12.0,0.0693,1.0018,0.2162,2.5567,0.0901,2.1766,0.0423,1.8478,0.0,0.0,0.0,-0.1518,25.0,25.0,38.0,37.0,16.0,0.0,0.0,0.0,64.0,19.5269,0.0,0.0246,0.0,0.0
8389.0,1.753,0.0941,1.0,0.0796,1.201,2.0553,1.0553,2.1856,1.1856,26.8126,2.0725,26.3669,2.0547,100.0,0.0,0.0,0.0,25.0,0.0,26.125,0.0,26.125,0.0,25.125,10.0,0.0,0.0088,52.5382,5.2539,2.0,3.9492,1.2386,0.0808,1.3725,0.0207,1.3659,1.004e-05,1.001,0.0001,1.8972,12.0,0.0669,1.0018,0.1999,2.5226,0.083,2.1411,0.0441,1.8664,0.0,0.0,0.0,-0.1517,25.0,25.0,38.0,37.0,15.0,0.0,0.0,0.0,64.0,19.7052,0.0,0.0245,0.0,0.0
8390.0,1.7513,0.0939,1.0,0.0796,1.2013,2.0557,1.0557,2.1855,1.1855,26.741,2.0696,26.3677,2.0547,100.0,0.0,0.0,0.0,25.0,0.0,26.125,0.0,26.125,0.0,25.125,10.0,0.0,0.0083,52.5383,5.2538,2.0,3.9543,1.2388,0.0633,1.3705,0.0373,1.3677,1.004e-05,1.001,0.0001,1.8968,12.0,0.0674,1.0018,0.2951,2.6918,0.0838,2.1453,0.0428,1.8536,0.0,0.0,0.0,-0.1518,25.0,25.0,38.0,37.0,13.0,0.0,0.0,0.0,64.0,19.8888,0.0,0.0246,0.0,0.0
8391.0,1.7509,0.0939,1.0,0.0795,1.2009,2.0557,1.0557,2.1854,1.1854,26.6266,2.0651,26.3635,2.0545,100.0,0.0,0.0,0.0,25.0,0.0,26.25,0.0,26.125,0.0,25.125,10.0,0.0,0.0085,52.5378,5.2538,2.0,4.0031,1.241,0.1259,1.3774,0.0276,1.3666,1.004e-05,1.0008,0.0001,1.9,12.0,0.0605,1.0016,0.25,2.6199,0.0818,2.1345,0.0402,1.8256,0.0,0.0,0.0,-0.1521,25.0,25.0,38.0,37.0,14.0,0.0,0.0,0.0,64.0,20.0751,0.0,0.0244,0.0,0.0
8392.0,1.7497,0.0937,1.0,0.0793,1.2004,2.0557,1.0557,2.1851,1.1851,26.5726,2.0629,26.3732,2.0549,100.0,0.0,0.0,0.0,25.0,0.0,26.125,0.0,26.125,0.0,25.125,10.0,0.0,0.0078,52.5377,5.2538,2.0,3.9789,1.2399,0.1504,1.38,0.0187,1.3657,1.004e-05,1.0009,0.0001,1.8991,12.0,0.0624,1.0017,0.2474,2.6153,0.0717,2.0775,0.0534,1.9498,0.0,0.0,0.0,-0.1517,25.0,25.0,38.0,37.0,13.0,0.0,0.0,0.0,64.0,20.2582,0.0,0.0243,0.0,0.0
8393.0,1.7488,0.0936,1.0,0.0792,1.2,2.0552,1.0552,2.1849,1.1849,26.7085,2.0683,26.3892,2.0556,100.0,0.0,0.0,0.0,25.0,0.0,26.125,0.0,26.25,0.0,25.125,10.0,0.0,0.0087,52.5378,5.2538,2.0,4.0148,1.2415,0.1331,1.3782,0.0366,1.3676,1.004e-05,1.0009,0.0001,1.8982,12.0,0.0626,1.0017,0.2824,2.6727,0.1236,2.3139,0.0583,1.9874,0.0,0.0,0.0,-0.1517,26.0,25.0,38.0,37.0,13.0,0.0,0.0,0.0,64.0,20.4327,0.0,0.0248,0.0,0.0
8394.0,1.7487,0.0936,1.0,0.0794,1.2006,2.0552,1.0552,2.1853,1.1853,26.8271,2.0731,26.3805,2.0552,100.0,0.0,0.0,0.0,25.0,0.0,26.25,0.0,26.125,0.0,25.125,10.0,0.0,0.009,52.5377,5.2538,2.0,4.0026,1.2409,0.1094,1.3756,0.0255,1.3664,1.004e-05,1.001,0.0001,1.8949,12.0,0.0634,1.0017,0.2386,2.5996,0.1167,2.2888,0.0613,2.0096,0.0,0.0,0.0,-0.1513,26.0,25.0,38.0,37.0,15.0,0.0,0.0,0.0,64.0,20.6175,0.0,0.0249,0.0,0.0
8395.0,1.7477,0.0935,1.0,0.0795,1.2008,2.0557,1.0557,2.1853,1.1853,26.771,2.0708,26.3673,2.0547,100.0,0.0,0.0,0.0,25.0,0.0,26.125,0.0,26.125,0.0,25.0,10.0,0.0,0.0076,52.5375,5.2537,2.0,4.0951,1.2449,0.213,1.3869,0.0275,1.3666,1.004e-05,1.0009,0.0001,1.8924,12.0,0.0646,1.0017,0.2009,2.5247,0.1087,2.2582,0.0585,1.9888,0.0,0.0,0.0,-0.152,26.0,25.0,38.0,37.0,13.0,0.0,0.0,0.0,64.0,20.7901,0.0,0.0247,0.0,0.0
8396.0,1.7478,0.0935,1.0,0.0792,1.2001,2.0558,1.0558,2.1852,1.1852,26.6539,2.0662,26.3628,2.0545,100.0,0.0,0.0,0.0,24.875,0.0,26.125,0.0,26.125,0.0,25.125,10.0,0.0,0.0087,52.5373,5.2537,2.0,4.1471,1.2471,0.2433,1.3902,0.0339,1.3673,1.004e-05,1.001,0.0001,1.8968,12.0,0.0685,1.0018,0.1623,2.4321,0.1061,2.2475,0.0623,2.0161,0.0,0.0,0.0,-0.1518,26.0,25.0,38.0,37.0,14.0,0.0,0.0,0.0,64.0,20.9875,0.0,0.0245,0.0,0.0
8397.0,1.7478,0.0935,1.0,0.0795,1.2009,2.0557,1.0557,2.185,1.185,26.5659,2.0626,26.3695,2.0548,100.0,0.0,0.0,0.0,25.0,0.0,26.125,0.0,26.125,0.0,25.125,10.0,0.0,0.0072,52.5373,5.2537,2.0,4.1384,1.2467,0.1919,1.3846,0.0229,1.3661,1.004e-05,1.001,0.0001,1.9004,12.0,0.0676,1.0018,0.2952,2.6919,0.0924,2.1875,0.0579,1.9844,0.0,0.0,0.0,-0.1515,25.0,25.0,38.0,37.0,15.0,0.0,0.0,0.0,64.0,21.178,0.0,0.0248,0.0,0.0
8398.0,1.7478,0.0935,1.0,0.0793,1.2004,2.0552,1.0552,2.1851,1.1851,26.687,2.0675,26.3831,2.0553,100.0,0.0,0.0,0.0,25.125,0.0,26.25,0.0,26.125,0.0,25.125,10.0,0.0,0.008,52.5371,5.2537,2.0,4.1281,1.2463,0.2533,1.3913,0.042,1.3682,1.004e-05,1.001,0.0001,1.8993,12.0,0.0656,1.0017,0.2283,2.5804,0.096,2.204,0.0487,1.9092,0.0,0.0,0.0,-0.1518,25.0,25.0,38.0,37.0,13.0,0.0,0.0,0.0,64.0,21.3764,0.0,0.0242,0.0,0.0
8399.0,1.7478,0.0935,1.0,0.0794,1.2005,2.0551,1.0551,2.1854,1.1854,26.826,2.073,26.3711,2.0548,100.0,0.0,0.0,0.0,25.0,0.0,26.125,0.0,26.25,0.0,25.125,10.0,0.0,0.0083,52.5372,5.2537,2.0,4.1099,1.2455,0.1968,1.3851,0.0303,1.3669,1.004e-05,1.001,0.0001,1.8968,12.0,0.0683,1.0018,0.214,2.5522,0.0993,2.2188,0.0553,1.9648,0.0,0.0,0.0,-0.1517,25.0,25.0,38.0,37.0,13.0,0.0,0.0,0.0,64.0,21.5663,0.0,0.0242,0.0,0.0
8400.0,1.7496,0.0937,1.0,0.0795,1.2008,2.0557,1.0557,2.1854,1.1854,26.7825,2.0713,26.364,2.0546,100.0,0.0,0.0,0.0,25.0,0.0,26.125,0.0,26.25,0.0,25.125,10.0,0.0,0.008,52.5367,5.2537,2.0,4.1276,1.2463,0.1529,1.3803,0.0287,1.3668,1.005e-05,1.0011,0.0001,1.8946,12.0,0.0682,1.0018,0.2009,2.5248,0.0851,2.152,0.0526,1.943,0.0,0.0,0.0,-0.1513,25.0,25.0,38.0,37.0,15.0,0.0,0.0,0.0,64.0,21.7718,0.0,0.0247,0.0,0.0
8401.0,1.7482,0.0935,1.0,0.0794,1.2005,2.0558,1.0558,2.1853,1.1853,26.6801,2.0672,26.3608,2.0544,100.0,0.0,0.0,0.0,25.0,0.0,26.125,0.0,26.25,0.0,25.125,10.0,0.0,0.0077,52.537,5.2537,2.0,4.0227,1.2418,0.0816,1.3725,0.0398,1.368,1.005e-05,1.0011,0.0001,1.8932,12.0,0.0696,1.0019,0.232,2.5873,0.0874,2.1636,0.0626,2.0187,0.0,0.0,0.0,-0.1515,25.0,25.0,38.0,37.0,13.0,0.0,0.0,0.0,64.0,21.9579,0.0,0.0246,0.0,0.0
8402.0,1.7477,0.0935,1.0,0.0795,1.2009,2.0558,1.0558,2.185,1.185,26.5784,2.0631,26.3648,2.0546,100.0,0.0,0.0,0.0,25.0,0.0,26.125,0.0,26.125,0.0,25.125,10.0,0.0,0.0082,52.5366,5.2537,2.0,3.9596,1.2391,-0.0005,1.3636,0.0279,1.3667,1.004e-05,1.001,0.0001,1.8907,12.0,0.0664,1.0018,0.2488,2.6177,0.0794,2.1216,0.0618,2.0131,0.0,0.0,0.0,-0.1517,25.0,25.0,38.0,37.0,14.0,0.0,0.0,0.0,64.0,22.1671,0.0,0.0248,0.0,0.0
8403.0,1.7478,0.0935,1.0,0.0796,1.2013,2.0558,1.0558,2.1849,1.1849,26.6436,2.0657,26.3932,2.0557,100.0,0.0,0.0,0.0,24.875,0.0,26.125,0.0,26.125,0.0,25.125,10.0,0.0,0.0079,52.5368,5.2537,2.0,3.8907,1.236,0.0013,1.3638,0.0392,1.3679,1.004e-05,1.0009,0.0001,1.8896,12.0,0.0652,1.0017,0.2539,2.6265,0.0711,2.0736,0.0677,2.0525,0.0,0.0,0.0,-0.152,25.0,25.0,38.0,37.0,12.0,0.0,0.0,0.0,64.0,22.3636,0.0,0.0245,0.0,0.0
8404.0,1.7467,0.0933,1.0,0.0795,1.2008,2.0555,1.0555,2.185,1.185,26.8057,2.0722,26.3961,2.0558,100.0,0.0,0.0,0.0,25.0,0.0,26.125,0.0,26.125,0.0,25.125,10.0,0.0,0.0089,52.5367,5.2537,2.0,3.9375,1.2381,0.0152,1.3653,0.035,1.3675,1.004e-05,1.0009,0.0001,1.8932,12.0,0.0645,1.0017,0.2887,2.6823,0.0714,2.0758,0.0783,2.1156,0.0,0.0,0.0,-0.1519,25.0,25.0,38.0,37.0,13.0,0.0,0.0,0.0,64.0,22.5498,0.0,0.0247,0.0,0.0
8405.0,1.7465,0.0933,1.0,0.0797,1.2013,2.0559,1.0559,2.1853,1.1853,26.8079,2.0723,26.374,2.055,100.0,0.0,0.0,0.0,25.0,0.0,26.25,0.0,26.125,0.0,25.125,10.0,0.0,0.0077,52.5366,5.2537,2.0,3.9071,1.2367,-0.0406,1.3592,0.0241,1.3663,1.004e-05,1.0009,0.0001,1.897,12.0,0.0648,1.0017,0.3521,2.7685,0.0733,2.0868,0.0766,2.106,0.0,0.0,0.0,-0.1517,25.0,25.0,38.0,37.0,15.0,0.0,0.0,0.0,64.0,22.704,0.0,0.0247,0.0,0.0
8406.0,1.7447,0.0931,1.0,0.0795,1.2008,2.0556,1.0556,2.1853,1.1853,26.7185,2.0687,26.3639,2.0546,100.0,0.0,0.0,0.0,25.0,0.0,26.125,0.0,26.125,0.0,25.125,10.0,0.0,0.0081,52.5365,5.2536,2.0,3.8839,1.2357,-0.0033,1.3633,0.0414,1.3682,1.004e-05,1.0009,0.0001,1.8963,12.0,0.0655,1.0017,0.3049,2.706,0.0636,2.0251,0.0746,2.0948,0.0,0.0,0.0,-0.1518,25.0,25.0,38.0,37.0,14.0,0.0,0.0,0.0,64.0,22.9108,0.0,0.0247,0.0,0.0
8407.0,1.7447,0.0931,1.0,0.0796,1.201,2.0558,1.0558,2.1851,1.1851,26.5875,2.0635,26.3537,2.0541,100.0,0.0,0.0,0.0,24.875,0.0,26.125,0.0,26.125,0.0,25.25,10.0,0.0,0.009,52.5364,5.2536,2.0,3.9787,1.2399,0.0606,1.3702,0.0313,1.367,1.004e-05,1.0009,0.0001,1.8954,12.0,0.0644,1.0017,0.3009,2.7003,0.0651,2.0353,0.0695,2.0639,0.0,0.0,0.0,-0.1517,25.0,25.0,38.0,37.0,15.0,0.0,0.0,0.0,64.0,23.0955,0.0,0.0247,0.0,0.0
8408.0,1.7447,0.0931,1.0,0.0793,1.2003,2.0558,1.0558,2.1848,1.1848,26.6197,2.0648,26.3836,2.0553,100.0,0.0,0.0,0.0,25.0,0.0,26.125,0.0,26.125,0.0,25.125,10.0,0.0,0.0081,52.5361,5.2536,2.0,4.015,1.2415,0.0808,1.3724,0.044,1.3684,1.004e-05,1.0009,0.0001,1.8916,12.0,0.0634,1.0017,0.2196,2.5635,0.0491,1.9129,0.0728,2.0839,0.0,0.0,0.0,-0.1517,25.0,25.0,38.0,37.0,14.0,0.0,0.0,0.0,64.0,23.2881,0.0,0.0247,0.0,0.0
8409.0,1.7446,0.0931,1.0,0.0793,1.2004,2.0554,1.0554,2.1847,1.1847,26.7941,2.0718,26.39,2.0556,100.0,0.0,0.0,0.0,24.875,0.0,26.125,0.0,26.125,0.0,25.125,10.0,0.0,0.0085,52.5361,5.2536,2.0,3.9844,1.2401,0.0546,1.3696,0.0371,1.3677,1.004e-05,1.0008,0.0001,1.8944,12.0,0.0625,1.0017,0.2307,2.5849,0.0578,1.9838,0.0609,2.0066,0.0,0.0,0.0,-0.1513,25.0,25.0,38.0,37.0,14.0,0.0,0.0,0.0,64.0,23.4945,0.0,0.0249,0.0,0.0
8410.0,1.7447,0.0931,1.0,0.0791,1.1997,2.0555,1.0555,2.1854,1.1854,26.8127,2.0725,26.3734,2.0549,100.0,0.0,0.0,0.0,25.0,0.0,26.125,0.0,26.25,0.0,25.125,10.0,0.0,0.0082,52.5358,5.2535,2.0,3.9378,1.2381,-0.0106,1.3625,0.0271,1.3666,1.004e-05,1.0009,0.0001,1.8945,12.0,0.0623,1.0017,0.2253,2.5747,0.0509,1.9284,0.0649,2.0342,0.0,0.0,0.0,-0.1515,25.0,25.0,38.0,37.0,14.0,0.0,0.0,0.0,64.0,23.6641,0.0,0.0247,0.0,0.0
8411.0,1.7447,0.0931,1.0,0.0794,1.2006,2.0557,1.0557,2.1853,1.1853,26.7182,2.0687,26.3587,2.0543,100.0,0.0,0.0,0.0,24.875,0.0,26.125,0.0,26.125,0.0,25.125,10.0,0.0,0.0087,52.5355,5.2535,2.0,3.8507,1.2342,-0.0625,1.3568,0.0439,1.3684,1.004e-05,1.0008,0.0001,1.8978,12.0,0.0594,1.0016,0.2209,2.5661,0.0497,1.9183,0.0618,2.0125,0.0,0.0,0.0,-0.1516,25.0,25.0,38.0,37.0,13.0,0.0,0.0,0.0,64.0,23.8475,0.0,0.0243,0.0,0.0
8412.0,1.7437,0.093,1.0,0.0795,1.2008,2.0558,1.0558,2.1851,1.1851,26.5982,2.0639,26.359,2.0544,100.0,0.0,0.0,0.0,25.0,0.0,26.125,0.0,26.125,0.0,25.125,10.0,0.0,0.0086,52.5355,5.2536,2.0,3.8613,1.2347,-0.0413,1.3591,0.0328,1.3672,1.004e-05,1.0008,0.0001,1.8965,12.0,0.0599,1.0016,0.2146,2.5534,0.0539,1.9535,0.071,2.0734,0.0,0.0,0.0,-0.1518,25.0,25.0,38.0,37.0,14.0,0.0,0.0,0.0,64.0,24.0199,0.0,0.0246,0.0,0.0
8413.0,1.7455,0.0932,1.0,0.0797,1.2013,2.0556,1.0556,2.185,1.185,26.5919,2.0637,26.3758,2.055,100.0,0.0,0.0,0.0,24.875,0.0,26.125,0.0,26.125,0.0,25.125,10.0,0.0,0.0076,52.5354,5.2535,2.0,3.8812,1.2356,-0.0373,1.3596,0.0407,1.3681,1.005e-05,1.0011,0.0001,1.8966,12.0,0.0697,1.0019,0.2084,2.5407,0.048,1.9028,0.0809,2.1299,0.0,0.0,0.0,-0.1515,25.0,25.0,38.0,37.0,14.0,0.0,0.0,0.0,64.0,24.1998,0.0,0.0245,0.0,0.0
8414.0,1.7463,0.0933,1.0,0.0796,1.2013,2.0551,1.0551,2.1853,1.1853,26.7672,2.0707,26.3905,2.0556,100.0,0.0,0.0,0.0,24.875,0.0,26.125,0.0,26.125,0.0,25.125,10.0,0.0,0.0082,52.5352,5.2535,2.0,3.8063,1.2322,-0.0931,1.3535,0.044,1.3684,1.005e-05,1.0011,0.0001,1.8934,12.0,0.0724,1.0019,0.2067,2.5372,0.0471,1.8946,0.0751,2.0974,0.0,0.0,0.0,-0.1515,25.0,25.0,38.0,37.0,13.0,0.0,0.0,0.0,64.0,24.3693,0.0,0.0249,0.0,0.0
8415.0,1.746,0.0932,1.0,0.0799,1.2019,2.0553,1.0553,2.1854,1.1854,26.8329,2.0733,26.368,2.0547,100.0,0.0,0.0,0.0,24.875,0.0,26.125,0.0,26.125,0.0,25.125,10.0,0.0,0.0082,52.5356,5.2535,2.0,3.8649,1.2349,-0.0257,1.3608,0.0315,1.3671,1.005e-05,1.0011,0.0001,1.8909,12.0,0.0703,1.0019,0.1762,2.4677,0.0416,1.8405,0.0718,2.0777,0.0,0.0,0.0,-0.1517,25.0,25.0,38.0,37.0,13.0,0.0,0.0,0.0,64.0,24.5303,0.0,0.0245,0.0,0.0
8416.0,1.7483,0.0935,1.0,0.0796,1.2012,2.0557,1.0557,2.1853,1.1853,26.7451,2.0698,26.3591,2.0544,100.0,0.0,0.0,0.0,25.0,0.0,26.125,0.0,26.125,0.0,25.125,10.0,0.0,0.0079,52.5352,5.2535,2.0,3.8451,1.234,-0.0401,1.3593,0.0501,1.3691,1.005e-05,1.0011,0.0001,1.8988,12.0,0.0716,1.0019,0.1739,2.4622,0.0373,1.7931,0.079,2.1196,0.0,0.0,0.0,-0.1517,25.0,25.0,38.0,37.0,13.0,0.0,0.0,0.0,64.0,24.7105,0.0,0.0248,0.0,0.0
8417.0,1.7509,0.0939,1.0,0.0796,1.2012,2.056,1.056,2.1852,1.1852,26.6203,2.0648,26.3623,2.0545,100.0,0.0,0.0,0.0,24.875,0.0,26.125,0.0,26.125,0.0,25.125,10.0,0.0,0.0078,52.5347,5.2535,2.0,3.8108,1.2324,-0.1068,1.352,0.0361,1.3676,1.005e-05,1.0011,0.0001,1.8987,12.0,0.0695,1.0019,0.1829,2.484,0.0339,1.7517,0.0708,2.0721,0.0,0.0,0.0,-0.1516,25.0,25.0,38.0,37.0,16.0,0.0,0.0,0.0,64.0,24.8828,0.0,0.0248,0.0,0.0
8418.0,1.7509,0.0939,1.0,0.0796,1.2012,2.0557,1.0557,2.185,1.185,26.5832,2.0633,26.3757,2.055,100.0,0.0,0.0,0.0,25.0,0.0,26.125,0.0,26.125,0.0,25.125,10.0,0.0,0.0083,52.5347,5.2535,2.0,3.7781,1.2309,-0.0612,1.357,0.0503,1.3691,1.005e-05,1.0011,0.0001,1.8985,12.0,0.0698,1.0019,0.1318,2.3419,0.0397,1.821,0.0635,2.0243,0.0,0.0,0.0,-0.1518,25.0,25.0,38.0,37.0,13.0,0.0,0.0,0.0,64.0,25.0859,0.0,0.0242,0.0,0.0
8419.0,1.7508,0.0939,1.0,0.0795,1.2009,2.0551,1.0551,2.1849,1.1849,26.7307,2.0692,26.3886,2.0555,100.0,0.0,0.0,0.0,25.0,0.0,26.125,0.0,26.125,0.0,25.125,10.0,0.0,0.0077,52.5343,5.2534,2.0,3.8003,1.2319,-0.1107,1.3516,0.043,1.3683,1.004e-05,1.001,0.0001,1.8953,12.0,0.066,1.0018,0.1356,2.3541,0.0349,1.7645,0.0592,1.9942,0.0,0.0,0.0,-0.1516,25.0,25.0,38.0,37.0,13.0,0.0,0.0,0.0,64.0,25.2391,0.0,0.0247,0.0,0.0
8420.0,1.7509,0.0939,1.0,0.0794,1.2006,2.0553,1.0553,2.1852,1.1852,26.8153,2.0726,26.3695,2.0548,100.0,0.0,0.0,0.0,25.0,0.0,26.0,0.0,26.25,0.0,25.125,10.0,0.0,0.0083,52.5345,5.2535,2.0,3.7667,1.2304,-0.1129,1.3513,0.0323,1.3672,1.004e-05,1.0009,0.0001,1.8927,12.0,0.0678,1.0018,0.1406,2.3699,0.0327,1.7369,0.073,2.0852,0.0,0.0,0.0,-0.1517,25.0,25.0,38.0,37.0,15.0,0.0,0.0,0.0,64.0,25.4425,0.0,0.0246,0.0,0.0
8421.0,1.7518,0.094,1.0,0.0794,1.2005,2.0557,1.0557,2.1853,1.1853,26.7556,2.0702,26.3671,2.0547,100.0,0.0,0.0,0.0,25.0,0.0,26.25,0.0,26.125,0.0,25.125,10.0,0.0,0.0082,52.5342,5.2534,2.0,3.7585,1.23,-0.0976,1.353,0.0486,1.3689,1.004e-05,1.0009,0.0001,1.896,12.0,0.0637,1.0017,0.1444,2.3814,0.033,1.7398,0.0723,2.081,0.0,0.0,0.0,-0.1517,25.0,25.0,38.0,37.0,15.0,0.0,0.0,0.0,64.0,25.6217,0.0,0.0244,0.0,0.0
8422.0,1.747,0.0934,1.0,0.0797,1.2015,2.0558,1.0558,2.1855,1.1855,26.6487,2.0659,26.3595,2.0544,100.0,0.0,0.0,0.0,24.875,0.0,26.125,0.0,26.125,0.0,25.125,10.0,0.0,0.0088,52.5342,5.2534,2.0,3.7706,1.2306,-0.0878,1.3541,0.0375,1.3677,1.004e-05,1.001,0.0001,1.8996,12.0,0.0657,1.0018,0.1367,2.3575,0.0291,1.6863,0.0662,2.0428,0.0,0.0,0.0,-0.1522,25.0,25.0,38.0,37.0,14.0,0.0,0.0,0.0,64.0,25.8115,0.0,0.0246,0.0,0.0
8423.0,1.7457,0.0932,1.0,0.0796,1.2012,2.0557,1.0557,2.1854,1.1854,26.5787,2.0631,26.3595,2.0544,100.0,0.0,0.0,0.0,25.0,0.0,26.125,0.0,26.125,0.0,25.125,10.0,0.0,0.0086,52.5341,5.2534,2.0,3.74,1.2291,-0.1371,1.3487,0.0521,1.3693,1.004e-05,1.001,0.0001,1.8988,12.0,0.0653,1.0017,0.1034,2.2365,0.0277,1.6637,0.0699,2.0664,0.0,0.0,0.0,-0.1517,25.0,25.0,38.0,37.0,13.0,0.0,0.0,0.0,64.0,25.9723,0.0,0.0244,0.0,0.0
8424.0,1.7458,0.0932,1.0,0.0795,1.2008,2.0551,1.0551,2.185,1.185,26.6985,2.0679,26.3774,2.0551,100.0,0.0,0.0,0.0,25.0,0.0,26.25,0.0,26.125,0.0,25.125,10.0,0.0,0.0084,52.534,5.2534,2.0,3.7211,1.2283,-0.0892,1.3539,0.0455,1.3686,1.004e-05,1.0009,0.0001,1.8982,12.0,0.0643,1.0017,0.1247,2.3176,0.0248,1.6156,0.0629,2.0205,0.0,0.0,0.0,-0.1518,25.0,25.0,38.0,37.0,14.0,0.0,0.0,0.0,64.0,26.1446,0.0,0.0244,0.0,0.0
8425.0,1.745,0.0931,1.0,0.0792,1.2002,2.0551,1.0551,2.1856,1.1856,26.8254,2.073,26.3715,2.0549,100.0,0.0,0.0,0.0,25.0,0.0,26.125,0.0,26.125,0.0,25.125,10.0,0.0,0.008,52.5339,5.2534,2.0,3.7375,1.229,-0.1268,1.3498,0.0348,1.3674,1.004e-05,1.001,0.0001,1.8972,12.0,0.0663,1.0018,0.1197,2.3001,0.0272,1.6565,0.0596,1.9971,0.0,0.0,0.0,-0.1515,25.0,25.0,38.0,37.0,12.0,0.0,0.0,0.0,64.0,26.2846,0.0,0.0247,0.0,0.0
8426.0,1.7446,0.0931,1.0,0.0794,1.2007,2.0555,1.0555,2.1857,1.1857,26.7676,2.0707,26.3592,2.0544,100.0,0.0,0.0,0.0,25.0,0.0,26.125,0.0,26.125,0.0,25.125,10.0,0.0,0.0083,52.5334,5.2533,2.0,3.656,1.2252,-0.1796,1.344,0.0501,1.3691,1.004e-05,1.001,0.0001,1.897,12.0,0.0677,1.0018,0.1052,2.244,0.0241,1.6034,0.0569,1.9771,0.0,0.0,0.0,-0.1516,25.0,25.0,38.0,37.0,13.0,0.0,0.0,0.0,64.0,26.4779,0.0,0.0248,0.0,0.0
8427.0,1.7457,0.0932,1.0,0.0794,1.2007,2.0558,1.0558,2.1853,1.1853,26.6693,2.0668,26.3547,2.0542,100.0,0.0,0.0,0.0,24.875,0.0,26.25,0.0,26.125,0.0,25.125,10.0,0.0,0.0083,52.5336,5.2534,2.0,3.6672,1.2257,-0.17,1.3451,0.0404,1.368,1.005e-05,1.0011,0.0001,1.8916,12.0,0.0679,1.0018,0.1481,2.3924,0.0223,1.5705,0.0638,2.0268,0.0,0.0,0.0,-0.1517,25.0,25.0,38.0,37.0,13.0,0.0,0.0,0.0,64.0,26.6858,0.0,0.0245,0.0,0.0
8428.0,1.7477,0.0935,1.0,0.0794,1.2006,2.0554,1.0554,2.1854,1.1854,26.5729,2.0629,26.3628,2.0545,100.0,0.0,0.0,0.0,25.0,0.0,26.125,0.0,26.125,0.0,25.125,10.0,0.0,0.0082,52.5333,5.2533,2.0,3.6985,1.2272,-0.0998,1.3527,0.0559,1.3697,1.005e-05,1.0011,0.0001,1.9002,12.0,0.0695,1.0019,0.1694,2.4508,0.0229,1.5807,0.0741,2.0917,0.0,0.0,0.0,-0.1519,25.0,25.0,38.0,37.0,13.0,0.0,0.0,0.0,64.0,26.8358,0.0,0.0246,0.0,0.0
8429.0,1.7475,0.0934,1.0,0.0794,1.2007,2.0551,1.0551,2.1853,1.1853,26.6982,2.0679,26.3792,2.0552,100.0,0.0,0.0,0.0,25.0,0.0,26.125,0.0,26.25,0.0,25.125,10.0,0.0,0.0084,52.5333,5.2533,2.0,3.7413,1.2292,-0.0871,1.3541,0.0452,1.3686,1.005e-05,1.0011,0.0001,1.899,12.0,0.0702,1.0019,0.1648,2.4388,0.0193,1.5071,0.0737,2.089,0.0,0.0,0.0,-0.1515,25.0,25.0,38.0,37.0,13.0,0.0,0.0,0.0,64.0,27.0545,0.0,0.0246,0.0,0.0
8430.0,1.7497,0.0937,1.0,0.0793,1.2003,2.0551,1.0551,2.1857,1.1857,26.8357,2.0734,26.3695,2.0548,100.0,0.0,0.0,0.0,24.875,0.0,26.125,0.0,26.25,0.0,25.125,10.0,0.0,0.0084,52.5333,5.2533,2.0,3.7301,1.2287,-0.0618,1.3569,0.0573,1.3699,1.005e-05,1.0011,0.0001,1.8953,12.0,0.069,1.0018,0.1424,2.3754,0.0192,1.5043,0.0741,2.0914,0.0,0.0,0.0,-0.1517,25.0,25.0,38.0,37.0,13.0,0.0,0.0,0.0,64.0,27.2277,0.0,0.0248,0.0,0.0
8431.0,1.7498,0.0937,1.0,0.0797,1.2015,2.0555,1.0555,2.1853,1.1853,26.7768,2.0711,26.3578,2.0543,100.0,0.0,0.0,0.0,25.0,0.0,26.25,0.0,26.25,0.0,25.125,10.0,0.0,0.0083,52.5329,5.2533,2.0,3.7522,1.2297,-0.0532,1.3578,0.051,1.3692,1.005e-05,1.0012,0.0001,1.894,12.0,0.0722,1.0019,0.1387,2.3641,0.0179,1.4737,0.0615,2.0107,0.0,0.0,0.0,-0.1516,25.0,25.0,38.0,37.0,12.0,0.0,0.0,0.0,64.0,27.4394,0.0,0.0244,0.0,0.0
8432.0,1.7509,0.0939,1.0,0.0797,1.2014,2.0558,1.0558,2.1855,1.1855,26.66,2.0664,26.3607,2.0544,100.0,0.0,0.0,0.0,25.0,0.0,26.125,0.0,26.125,0.0,25.125,10.0,0.0,0.0082,52.5331,5.2533,2.0,3.7976,1.2318,-0.0173,1.3617,0.0448,1.3685,1.005e-05,1.0011,0.0001,1.8978,12.0,0.071,1.0019,0.2197,2.5636,0.0172,1.4563,0.0652,2.036,0.0,0.0,0.0,-0.1517,25.0,25.0,38.0,37.0,15.0,0.0,0.0,0.0,64.0,27.5991,0.0,0.0245,0.0,0.0
8433.0,1.7509,0.0939,1.0,0.0795,1.201,2.0557,1.0557,2.1854,1.1854,26.5627,2.0625,26.3535,2.0541,100.0,0.0,0.0,0.0,25.0,0.0,26.125,0.0,26.125,0.0,25.125,10.0,0.0,0.0081,52.533,5.2533,2.0,3.838,1.2336,0.0643,1.3707,0.0604,1.3702,1.004e-05,1.001,0.0001,1.8925,12.0,0.07,1.0019,0.1968,2.5159,0.0175,1.4644,0.0703,2.069,0.0,0.0,0.0,-0.1517,25.0,25.0,38.0,37.0,12.0,0.0,0.0,0.0,64.0,27.788,0.0,0.0248,0.0,0.0
8434.0,1.7499,0.0937,1.0,0.0793,1.2004,2.0554,1.0554,2.1853,1.1853,26.6329,2.0653,26.3772,2.0551,100.0,0.0,0.0,0.0,25.0,0.0,26.125,0.0,26.25,0.0,25.125,10.0,0.0,0.008,52.5326,5.2533,2.0,4.0194,1.2417,0.18,1.3833,0.0469,1.3687,1.004e-05,1.001,0.0001,1.8962,12.0,0.0704,1.0019,0.2424,2.6064,0.0163,1.4341,0.0603,2.0021,0.0,0.0,0.0,-0.1519,25.0,25.0,38.0,37.0,15.0,0.0,0.0,0.0,64.0,27.9697,0.0,0.0247,0.0,0.0
8435.0,1.7488,0.0936,1.0,0.0793,1.2003,2.0551,1.0551,2.1852,1.1852,26.8239,2.073,26.3846,2.0554,100.0,0.0,0.0,0.0,24.875,0.0,26.125,0.0,26.125,0.0,25.125,10.0,0.0,0.0084,52.5325,5.2533,2.0,4.0193,1.2417,0.157,1.3808,0.0606,1.3703,1.004e-05,1.0009,0.0001,1.8988,12.0,0.0617,1.0016,0.2251,2.5742,0.0153,1.4061,0.0729,2.0843,0.0,0.0,0.0,-0.1516,25.0,25.0,38.0,37.0,14.0,0.0,0.0,0.0,64.0,28.1591,0.0,0.0249,0.0,0.0
8436.0,1.7488,0.0936,1.0,0.0794,1.2005,2.0557,1.0557,2.1855,1.1855,26.8053,2.0722,26.3626,2.0545,100.0,0.0,0.0,0.0,24.875,0.0,26.125,0.0,26.125,0.0,25.0,10.0,0.0,0.0081,52.5325,5.2532,2.0,3.9701,1.2395,0.1243,1.3772,0.0509,1.3692,1.004e-05,1.0009,0.0001,1.899,12.0,0.062,1.0017,0.1685,2.4486,0.0138,1.3606,0.0767,2.1065,0.0,0.0,0.0,-0.1518,25.0,25.0,38.0,37.0,13.0,0.0,0.0,0.0,64.0,28.3124,0.0,0.0245,0.0,0.0
8437.0,1.7507,0.0938,1.0,0.0793,1.2003,2.0558,1.0558,2.1857,1.1857,26.682,2.0673,26.3559,2.0542,100.0,0.0,0.0,0.0,25.0,0.0,26.125,0.0,26.125,0.0,25.125,10.0,0.0,0.0087,52.5322,5.2532,2.0,3.9341,1.2379,0.0958,1.3741,0.0661,1.3709,1.004e-05,1.001,0.0001,1.8936,12.0,0.0659,1.0018,0.2389,2.6,0.0141,1.3711,0.0821,2.1362,0.0,0.0,0.0,-0.1518,25.0,25.0,38.0,37.0,13.0,0.0,0.0,0.0,64.0,28.5366,0.0,0.0249,0.0,0.0
8438.0,1.7499,0.0937,1.0,0.0795,1.2008,2.0558,1.0558,2.1852,1.1852,26.5717,2.0629,26.3586,2.0543,100.0,0.0,0.0,0.0,25.0,0.0,26.125,0.0,26.125,0.0,25.125,10.0,0.0,0.0084,52.5322,5.2532,2.0,3.9436,1.2384,0.0535,1.3695,0.0556,1.3697,1.004e-05,1.001,0.0001,1.8977,12.0,0.0652,1.0017,0.1698,2.4518,0.0127,1.3247,0.0832,2.1421,0.0,0.0,0.0,-0.1518,25.0,25.0,38.0,37.0,14.0,0.0,0.0,0.0,64.0,28.692,0.0,0.0246,0.0,0.0
8439.0,1.7507,0.0938,1.0,0.0794,1.2006,2.0553,1.0553,2.185,1.185,26.6592,2.0664,26.3829,2.0553,100.0,0.0,0.0,0.0,24.875,0.0,26.25,0.0,26.125,0.0,25.0,10.0,0.0,0.0087,52.5321,5.2532,2.0,3.8112,1.2324,-0.035,1.3598,0.064,1.3706,1.005e-05,1.001,0.0001,1.8995,12.0,0.069,1.0018,0.1953,2.5125,0.0121,1.3047,0.0787,2.1178,0.0,0.0,0.0,-0.1514,25.0,25.0,38.0,37.0,15.0,0.0,0.0,0.0,64.0,28.8991,0.0,0.0246,0.0,0.0
8440.0,1.7508,0.0939,1.0,0.0793,1.2005,2.0551,1.0551,2.185,1.185,26.8059,2.0722,26.3774,2.0551,100.0,0.0,0.0,0.0,25.0,0.0,26.125,0.0,26.125,0.0,25.125,10.0,0.0,0.0089,52.5318,5.2532,2.0,3.8671,1.235,0.0479,1.3689,0.0622,1.3704,1.005e-05,1.0011,0.0001,1.9014,12.0,0.0701,1.0019,0.1833,2.4851,0.0115,1.2815,0.072,2.0792,0.0,0.0,0.0,-0.1516,25.0,25.0,38.0,37.0,15.0,0.0,0.0,0.0,64.0,29.0596,0.0,0.0249,0.0,0.0
8441.0,1.7519,0.094,1.0,0.0796,1.2011,2.0556,1.0556,2.1856,1.1856,26.8036,2.0721,26.3716,2.0549,100.0,0.0,0.0,0.0,25.0,0.0,26.125,0.0,26.125,0.0,25.125,10.0,0.0,0.0078,52.5319,5.2531,2.0,3.8489,1.2341,-0.029,1.3605,0.0487,1.369,1.005e-05,1.0011,0.0001,1.8996,12.0,0.0709,1.0019,0.1771,2.4702,0.0121,1.3043,0.0724,2.0816,0.0,0.0,0.0,-0.1516,25.0,25.0,38.0,37.0,11.0,0.0,0.0,0.0,64.0,29.3066,0.0,0.0247,0.0,0.0
8442.0,1.751,0.0939,1.0,0.0797,1.2014,2.0558,1.0558,2.1856,1.1856,26.7079,2.0683,26.3653,2.0546,100.0,0.0,0.0,0.0,25.0,0.0,26.125,0.0,26.125,0.0,25.125,10.0,0.0,0.0085,52.5315,5.2532,2.0,3.7498,1.2296,-0.074,1.3556,0.0669,1.3709,1.005e-05,1.0012,0.0001,1.8977,12.0,0.0726,1.0019,0.1799,2.4769,0.0103,1.2354,0.077,2.1085,0.0,0.0,0.0,-0.1517,25.0,25.0,38.0,37.0,11.0,0.0,0.0,0.0,64.0,29.4904,0.0,0.0247,0.0,0.0
8443.0,1.7508,0.0939,1.0,0.0796,1.2011,2.0558,1.0558,2.1851,1.1851,26.588,2.0635,26.3624,2.0545,100.0,0.0,0.0,0.0,24.875,0.0,26.25,0.0,26.125,0.0,25.125,10.0,0.0,0.0091,52.532,5.2531,2.0,3.7257,1.2285,-0.0266,1.3607,0.0544,1.3696,1.005e-05,1.0011,0.0001,1.8945,12.0,0.0709,1.0019,0.1807,2.4788,0.0102,1.2296,0.078,2.1138,0.0,0.0,0.0,-0.1517,25.0,25.0,38.0,37.0,13.0,0.0,0.0,0.0,64.0,29.6841,0.0,0.0247,0.0,0.0
8444.0,1.7509,0.0939,1.0,0.0796,1.2011,2.0555,1.0555,2.185,1.185,26.5977,2.0639,26.378,2.0551,100.0,0.0,0.0,0.0,25.0,0.0,26.125,0.0,26.125,0.0,25.125,10.0,0.0,0.0085,52.5316,5.2531,2.0,3.8402,1.2337,0.0059,1.3643,0.0705,1.3713,1.004e-05,1.001,0.0001,1.8953,12.0,0.0705,1.0019,0.1724,2.4584,0.0091,1.1801,0.0759,2.1023,0.0,0.0,0.0,-0.152,25.0,25.0,38.0,37.0,12.0,0.0,0.0,0.0,64.0,29.8644,0.0,0.0248,0.0,0.0
8445.0,1.751,0.0939,1.0,0.0795,1.2008,2.0547,1.0547,2.1854,1.1854,26.7922,2.0717,26.3786,2.0551,100.0,0.0,0.0,0.0,24.875,0.0,26.125,0.0,26.125,0.0,25.125,10.0,0.0,0.0084,52.5315,5.2532,2.0,3.7986,1.2318,-0.0587,1.3572,0.0571,1.3699,1.004e-05,1.001,0.0001,1.8993,12.0,0.0633,1.0017,0.1337,2.348,0.0088,1.1681,0.0727,2.0833,0.0,0.0,0.0,-0.1515,25.0,25.0,38.0,37.0,12.0,0.0,0.0,0.0,64.0,30.0593,0.0,0.0244,0.0,0.0
8446.0,1.7512,0.0939,1.0,0.0795,1.2008,2.055,1.055,2.1858,1.1858,26.8212,2.0728,26.3672,2.0547,100.0,0.0,0.0,0.0,25.0,0.0,26.125,0.0,26.125,0.0,25.125,10.0,0.0,0.008,52.5313,5.2531,2.0,3.7366,1.229,-0.0913,1.3537,0.0661,1.3708,1.004e-05,1.0009,0.0001,1.8975,12.0,0.0638,1.0017,0.1277,2.3282,0.0084,1.1485,0.0723,2.0812,0.0,0.0,0.0,-0.1517,25.0,25.0,38.0,37.0,14.0,0.0,0.0,0.0,64.0,30.2124,0.0,0.0248,0.0,0.0
8447.0,1.751,0.0939,1.0,0.0792,1.2,2.0558,1.0558,2.1855,1.1855,26.7319,2.0693,26.3659,2.0546,100.0,0.0,0.0,0.0,25.0,0.0,26.125,0.0,26.125,0.0,25.125,10.0,0.0,0.0081,52.5312,5.2531,2.0,3.7203,1.2282,-0.0985,1.3529,0.0643,1.3707,1.004e-05,1.001,0.0001,1.8986,12.0,0.065,1.0017,0.1194,2.299,0.0085,1.1515,0.0821,2.1362,0.0,0.0,0.0,-0.1517,25.0,25.0,38.0,37.0,14.0,0.0,0.0,0.0,64.0,30.4294,0.0,0.0247,0.0,0.0
8448.0,1.7509,0.0939,1.0,0.0794,1.2005,2.0556,1.0556,2.1853,1.1853,26.6069,2.0643,26.3541,2.0542,100.0,0.0,0.0,0.0,25.0,0.0,26.125,0.0,26.0,0.0,25.125,10.0,0.0,0.0084,52.531,5.2531,2.0,3.7386,1.2291,-0.1033,1.3524,0.061,1.3703,1.005e-05,1.0011,0.0001,1.8983,12.0,0.0668,1.0018,0.1262,2.323,0.0085,1.151,0.0672,2.0492,0.0,0.0,0.0,-0.152,25.0,25.0,38.0,37.0,13.0,0.0,0.0,0.0,64.0,30.624,0.0,0.0247,0.0,0.0
8449.0,1.7493,0.0937,1.0,0.0793,1.2004,2.0554,1.0554,2.1849,1.1849,26.6054,2.0642,26.3693,2.0548,100.0,0.0,0.0,0.0,25.0,0.0,26.125,0.0,26.125,0.0,25.125,10.0,0.0,0.008,52.531,5.2531,2.0,3.6943,1.227,-0.0607,1.357,0.0684,1.3711,1.005e-05,1.0011,0.0001,1.8942,12.0,0.0714,1.0019,0.1136,2.2774,0.0076,1.1004,0.0768,2.1071,0.0,0.0,0.0,-0.152,25.0,25.0,38.0,37.0,14.0,0.0,0.0,0.0,64.0,30.806,0.0,0.0244,0.0,0.0
8450.0,1.7485,0.0936,1.0,0.0796,1.2013,2.055,1.055,2.1853,1.1853,26.7693,2.0708,26.3859,2.0554,100.0,0.0,0.0,0.0,25.0,0.0,26.125,0.0,26.25,0.0,25.125,10.0,0.0,0.0088,52.5311,5.2531,2.0,3.7496,1.2296,-0.03,1.3604,0.0578,1.3699,1.005e-05,1.0011,0.0001,1.8927,12.0,0.0701,1.0019,0.1084,2.2568,0.0621,2.0153,0.0743,2.0928,0.0,0.0,0.0,-0.1517,25.0,25.0,38.0,37.0,14.0,0.0,0.0,0.0,64.0,30.9739,0.0,0.0247,0.0,0.0
8451.0,1.7474,0.0934,1.0,0.0796,1.2012,2.0554,1.0554,2.1858,1.1858,26.8212,2.0728,26.3696,2.0548,100.0,0.0,0.0,0.0,24.875,0.0,26.125,0.0,26.125,0.0,25.125,10.0,0.0,0.0087,52.5309,5.2531,2.0,3.7906,1.2315,-0.0204,1.3614,0.0737,1.3717,1.005e-05,1.0012,0.0001,1.8995,12.0,0.0734,1.002,0.0914,2.1828,0.0529,1.9452,0.0625,2.0181,0.0,0.0,0.0,-0.152,25.0,25.0,38.0,37.0,14.0,0.0,0.0,0.0,64.0,31.1518,0.0,0.0246,0.0,0.0
8452.0,1.7467,0.0933,1.0,0.0795,1.2008,2.0557,1.0557,2.1853,1.1853,26.7424,2.0697,26.3623,2.0545,100.0,0.0,0.0,0.0,25.0,0.0,26.125,0.0,26.125,0.0,25.125,10.0,0.0,0.0085,52.5307,5.2531,2.0,3.7556,1.2299,-0.0647,1.3566,0.0599,1.3702,1.005e-05,1.0011,0.0001,1.8997,12.0,0.0679,1.0018,0.1634,2.4351,0.0582,1.9866,0.0831,2.1414,0.0,0.0,0.0,-0.1519,25.0,25.0,38.0,37.0,14.0,0.0,0.0,0.0,64.0,31.3387,0.0,0.0246,0.0,0.0
8453.0,1.7469,0.0934,1.0,0.0796,1.2011,2.056,1.056,2.1852,1.1852,26.6273,2.0651,26.3634,2.0545,100.0,0.0,0.0,0.0,24.875,0.0,26.125,0.0,26.125,0.0,25.125,10.0,0.0,0.0083,52.5307,5.2531,2.0,3.7736,1.2307,-0.0205,1.3614,0.076,1.3719,1.004e-05,1.001,0.0001,1.8988,12.0,0.0661,1.0018,0.1717,2.4567,0.049,1.9119,0.0771,2.1089,0.0,0.0,0.0,-0.152,25.0,25.0,38.0,37.0,13.0,0.0,0.0,0.0,64.0,31.503,0.0,0.0247,0.0,0.0
8454.0,1.7486,0.0936,1.0,0.0796,1.2012,2.056,1.056,2.185,1.185,26.5708,2.0628,26.378,2.0551,100.0,0.0,0.0,0.0,25.0,0.0,26.125,0.0,26.125,0.0,25.125,10.0,0.0,0.0088,52.5307,5.2531,2.0,3.7477,1.2295,-0.0729,1.3557,0.0655,1.3708,1.004e-05,1.0009,0.0001,1.9,12.0,0.0643,1.0017,0.1416,2.373,0.0548,1.9603,0.0657,2.0396,0.0,0.0,0.0,-0.1515,25.0,25.0,38.0,37.0,13.0,0.0,0.0,0.0,64.0,31.6884,0.0,0.0249,0.0,0.0
8455.0,1.7488,0.0936,1.0,0.0792,1.2001,2.0552,1.0552,2.1849,1.1849,26.7418,2.0697,26.3917,2.0557,100.0,0.0,0.0,0.0,24.875,0.0,26.125,0.0,26.125,0.0,25.125,10.0,0.0,0.0088,52.5304,5.2531,2.0,3.7161,1.228,-0.0755,1.3554,0.078,1.3722,1.004e-05,1.0008,0.0001,1.8946,12.0,0.0614,1.0016,0.2233,2.5707,0.0472,1.8955,0.071,2.0732,0.0,0.0,0.0,-0.1515,25.0,25.0,38.0,37.0,12.0,0.0,0.0,0.0,64.0,31.8709,0.0,0.0247,0.0,0.0
8456.0,1.7488,0.0936,1.0,0.0794,1.2005,2.0554,1.0554,2.1854,1.1854,26.836,2.0734,26.3748,2.055,100.0,0.0,0.0,0.0,25.0,0.0,26.125,0.0,26.125,0.0,25.125,10.0,0.0,0.0089,52.5302,5.253,2.0,3.6536,1.2251,-0.1463,1.3477,0.0668,1.3709,1.004e-05,1.0009,0.0001,1.8968,12.0,0.0639,1.0017,0.2086,2.5411,0.0471,1.8945,0.0677,2.0522,0.0,0.0,0.0,-0.1515,25.0,25.0,38.0,37.0,13.0,0.0,0.0,0.0,64.0,32.0103,0.0,0.0248,0.0,0.0
8457.0,1.7488,0.0936,1.0,0.0798,1.2017,2.0557,1.0557,2.1854,1.1854,26.7661,2.0706,26.3583,2.0543,100.0,0.0,0.0,0.0,24.875,0.0,26.125,0.0,26.125,0.0,25.125,10.0,0.0,0.0082,52.5299,5.253,2.0,3.6103,1.223,-0.1748,1.3446,0.083,1.3727,1.005e-05,1.0011,0.0001,1.8966,12.0,0.0701,1.0019,0.2003,2.5235,0.0446,1.8711,0.0612,2.0083,0.0,0.0,0.0,-0.1515,25.0,25.0,38.0,37.0,12.0,0.0,0.0,0.0,64.0,32.2197,0.0,0.0248,0.0,0.0
8458.0,1.7488,0.0936,1.0,0.0797,1.2014,2.0558,1.0558,2.1855,1.1855,26.6477,2.0659,26.355,2.0542,100.0,0.0,0.0,0.0,25.0,0.0,26.125,0.0,26.125,0.0,25.125,10.0,0.0,0.0085,52.5296,5.253,2.0,3.5838,1.2217,-0.1469,1.3476,0.0745,1.3718,1.005e-05,1.0011,0.0001,1.8997,12.0,0.0709,1.0019,0.2041,2.5317,0.0385,1.8077,0.0569,1.9767,0.0,0.0,0.0,-0.1516,25.0,25.0,38.0,37.0,12.0,0.0,0.0,0.0,64.0,32.3879,0.0,0.0249,0.0,0.0
8459.0,1.748,0.0935,1.0,0.0795,1.201,2.0558,1.0558,2.1851,1.1851,26.5691,2.0628,26.3709,2.0548,100.0,0.0,0.0,0.0,24.875,0.0,26.125,0.0,26.125,0.0,25.125,10.0,0.0,0.0085,52.5298,5.253,2.0,3.633,1.2241,-0.0898,1.3538,0.0798,1.3723,1.005e-05,1.0011,0.0001,1.8994,12.0,0.0714,1.0019,0.1798,2.4766,0.0361,1.7794,0.0556,1.967,0.0,0.0,0.0,-0.1516,25.0,25.0,38.0,37.0,14.0,0.0,0.0,0.0,64.0,32.5603,0.0,0.0247,0.0,0.0
8460.0,1.7459,0.0932,1.0,0.0795,1.2009,2.0554,1.0554,2.1849,1.1849,26.7011,2.068,26.3878,2.0555,100.0,0.0,0.0,0.0,24.875,0.0,26.125,0.0,26.125,0.0,25.125,10.0,0.0,0.0079,52.5296,5.253,2.0,3.7466,1.2295,-0.0002,1.3636,0.0759,1.3719,1.004e-05,1.0009,0.0001,1.898,12.0,0.0655,1.0017,0.1501,2.3981,0.0382,1.8038,0.0536,1.9513,0.0,0.0,0.0,-0.1521,25.0,25.0,38.0,37.0,14.0,0.0,0.0,0.0,64.0,32.7374,0.0,0.0247,0.0,0.0
8461.0,1.7434,0.0929,1.0,0.0796,1.2011,2.0551,1.0551,2.1853,1.1853,26.8362,2.0734,26.3778,2.0551,100.0,0.0,0.0,0.0,25.0,0.0,26.125,0.0,26.125,0.0,25.125,10.0,0.0,0.0082,52.5296,5.253,2.0,3.7707,1.2306,0.0035,1.364,0.0707,1.3713,1.004e-05,1.0009,0.0001,1.8959,12.0,0.0656,1.0017,0.1543,2.4102,0.0339,1.7522,0.0545,1.9581,0.0,0.0,0.0,-0.1516,25.0,25.0,38.0,37.0,14.0,0.0,0.0,0.0,64.0,32.9166,0.0,0.0243,0.0,0.0
8462.0,1.7432,0.0929,1.0,0.0793,1.2002,2.0557,1.0557,2.1856,1.1856,26.7774,2.0711,26.3693,2.0548,100.0,0.0,0.0,0.0,25.0,0.0,26.125,0.0,26.125,0.0,25.125,10.0,0.0,0.0088,52.5296,5.253,2.0,3.752,1.2297,0.0249,1.3664,0.0779,1.3721,1.004e-05,1.0009,0.0001,1.893,12.0,0.0623,1.0017,0.1735,2.4611,0.0347,1.7618,0.0562,1.9718,0.0,0.0,0.0,-0.1513,25.0,25.0,38.0,37.0,15.0,0.0,0.0,0.0,64.0,33.0975,0.0,0.0246,0.0,0.0
8463.0,1.7452,0.0931,1.0,0.0794,1.2006,2.0558,1.0558,2.1857,1.1857,26.6615,2.0665,26.3638,2.0546,100.0,0.0,0.0,0.0,25.0,0.0,26.125,0.0,26.125,0.0,25.125,10.0,0.0,0.0086,52.5294,5.2529,2.0,3.7955,1.2317,0.0542,1.3696,0.0718,1.3715,1.004e-05,1.0009,0.0001,1.8893,12.0,0.0613,1.0016,0.1775,2.4709,0.0312,1.7157,0.0607,2.0054,0.0,0.0,0.0,-0.1518,25.0,25.0,38.0,37.0,15.0,0.0,0.0,0.0,64.0,33.2798,0.0,0.0246,0.0,0.0
8464.0,1.7458,0.0932,1.0,0.0794,1.2005,2.0558,1.0558,2.1854,1.1854,26.571,2.0628,26.3641,2.0546,100.0,0.0,0.0,0.0,24.875,0.0,26.25,0.0,26.125,0.0,25.0,10.0,0.0,0.0082,52.5295,5.253,2.0,3.8609,1.2347,0.0724,1.3715,0.0848,1.3729,1.004e-05,1.0009,0.0001,1.8905,12.0,0.0613,1.0016,0.1511,2.4011,0.0293,1.6886,0.0588,1.9915,0.0,0.0,0.0,-0.1519,25.0,25.0,38.0,37.0,13.0,0.0,0.0,0.0,64.0,33.4539,0.0,0.0244,0.0,0.0
8465.0,1.7468,0.0934,1.0,0.0793,1.2004,2.0555,1.0555,2.185,1.185,26.689,2.0676,26.3875,2.0555,100.0,0.0,0.0,0.0,25.0,0.0,26.125,0.0,26.125,0.0,25.125,10.0,0.0,0.008,52.5293,5.2529,2.0,3.9214,1.2374,0.1609,1.3812,0.0716,1.3714,1.004e-05,1.001,0.0001,1.8979,12.0,0.067,1.0018,0.1236,2.3138,0.0293,1.6893,0.0688,2.0594,0.0,0.0,0.0,-0.1521,25.0,25.0,38.0,37.0,14.0,0.0,0.0,0.0,64.0,33.6391,0.0,0.0245,0.0,0.0
8466.0,1.7467,0.0933,1.0,0.0795,1.2009,2.0554,1.0554,2.1852,1.1852,26.8185,2.0727,26.3851,2.0554,100.0,0.0,0.0,0.0,25.0,0.0,26.125,0.0,26.125,0.0,25.125,10.0,0.0,0.009,52.529,5.2529,2.0,3.9741,1.2397,0.1633,1.3815,0.0881,1.3732,1.004e-05,1.001,0.0001,1.8972,12.0,0.0691,1.0018,0.1431,2.3774,0.0264,1.6441,0.0614,2.0099,0.0,0.0,0.0,-0.1519,25.0,25.0,38.0,37.0,14.0,0.0,0.0,0.0,64.0,33.7959,0.0,0.0248,0.0,0.0
8467.0,1.7467,0.0933,1.0,0.0795,1.2008,2.0556,1.0556,2.1855,1.1855,26.794,2.0718,26.3706,2.0548,100.0,0.0,0.0,0.0,25.0,0.0,26.125,0.0,26.125,0.0,25.125,10.0,0.0,0.009,52.5288,5.2529,2.0,3.9587,1.239,0.1275,1.3775,0.0754,1.3719,1.005e-05,1.0011,0.0001,1.897,12.0,0.0721,1.0019,0.1183,2.2948,0.0258,1.6327,0.0635,2.0249,0.0,0.0,0.0,-0.152,25.0,25.0,37.0,37.0,13.0,0.0,0.0,0.0,64.0,34.0007,0.0,0.0248,0.0,0.0
8468.0,1.7457,0.0932,1.0,0.0795,1.2009,2.0558,1.0558,2.1853,1.1853,26.687,2.0675,26.355,2.0542,100.0,0.0,0.0,0.0,25.125,0.0,26.125,0.0,26.25,0.0,25.125,10.0,0.0,0.0082,52.5289,5.2529,2.0,3.8776,1.2354,0.0858,1.373,0.0889,1.3733,1.004e-05,1.0009,0.0001,1.894,12.0,0.0637,1.0017,0.1205,2.3027,0.0258,1.6334,0.0592,1.994,0.0,0.0,0.0,-0.1521,25.0,25.0,37.0,37.0,13.0,0.0,0.0,0.0,64.0,34.1728,0.0,0.0248,0.0,0.0
8469.0,1.7449,0.0931,1.0,0.0792,1.1999,2.0554,1.0554,2.1853,1.1853,26.5815,2.0633,26.3534,2.0541,100.0,0.0,0.0,0.0,25.0,0.0,26.125,0.0,26.125,0.0,25.125,10.0,0.0,0.0088,52.5289,5.2529,2.0,3.93,1.2378,0.1022,1.3748,0.0754,1.3719,1.004e-05,1.0009,0.0001,1.897,12.0,0.0641,1.0017,0.1094,2.2608,0.0231,1.586,0.0597,1.9981,0.0,0.0,0.0,-0.1522,25.0,25.0,37.0,37.0,15.0,0.0,0.0,0.0,64.0,34.3523,0.0,0.0243,0.0,0.0
8470.0,1.7447,0.0931,1.0,0.0791,1.1998,2.0549,1.0549,2.1854,1.1854,26.6454,2.0658,26.3746,2.055,100.0,0.0,0.0,0.0,24.875,0.0,26.125,0.0,26.125,0.0,25.125,10.0,0.0,0.0082,52.5287,5.2528,2.0,3.9072,1.2367,0.153,1.3803,0.0914,1.3736,1.003e-05,1.0008,0.0001,1.8974,12.0,0.0616,1.0016,0.1034,2.2363,0.0216,1.5554,0.0764,2.105,0.0,0.0,0.0,-0.1519,25.0,25.0,37.0,37.0,14.0,0.0,0.0,0.0,64.0,34.5452,0.0,0.0245,0.0,0.0
8471.0,1.7456,0.0932,1.0,0.0795,1.2009,2.0551,1.0551,2.1855,1.1855,26.8115,2.0725,26.3826,2.0553,100.0,0.0,0.0,0.0,25.0,0.0,26.125,0.0,26.25,0.0,25.0,10.0,0.0,0.0086,52.5285,5.2528,2.0,3.9969,1.2407,0.1672,1.3819,0.0781,1.3722,1.004e-05,1.0009,0.0001,1.9003,12.0,0.0624,1.0017,0.085,2.1515,0.0212,1.5486,0.0781,2.1146,0.0,0.0,0.0,-0.1517,25.0,25.0,37.0,37.0,13.0,0.0,0.0,0.0,64.0,34.7275,0.0,0.0244,0.0,0.0
8472.0,1.7447,0.0931,1.0,0.0794,1.2006,2.0557,1.0557,2.1854,1.1854,26.8011,2.072,26.3718,2.0549,100.0,0.0,0.0,0.0,24.875,0.0,26.0,0.0,26.125,0.0,25.125,10.0,0.0,0.0083,52.5282,5.2528,2.0,3.9506,1.2387,0.1536,1.3804,0.0929,1.3738,1.004e-05,1.001,0.0001,1.8998,12.0,0.0643,1.0017,0.0904,2.178,0.0199,1.5197,0.0749,2.0963,0.0,0.0,0.0,-0.1519,25.0,25.0,38.0,37.0,13.0,0.0,0.0,0.0,64.0,34.9162,0.0,0.0244,0.0,0.0
8473.0,1.7429,0.0929,1.0,0.0794,1.2007,2.0558,1.0558,2.1853,1.1853,26.6937,2.0677,26.3599,2.0544,100.0,0.0,0.0,0.0,24.875,0.0,26.125,0.0,26.125,0.0,25.0,10.0,0.0,0.0081,52.5283,5.2529,2.0,4.0124,1.2414,0.1755,1.3828,0.0798,1.3723,1.005e-05,1.0011,0.0001,1.8963,12.0,0.0689,1.0018,0.0941,2.1954,0.0193,1.5064,0.077,2.1084,0.0,0.0,0.0,-0.1516,25.0,25.0,38.0,37.0,14.0,0.0,0.0,0.0,64.0,35.1085,0.0,0.0249,0.0,0.0
8474.0,1.743,0.0929,1.0,0.0795,1.2008,2.0557,1.0557,2.1851,1.1851,26.5901,2.0636,26.3518,2.0541,100.0,0.0,0.0,0.0,25.0,0.0,26.125,0.0,26.125,0.0,25.125,10.0,0.0,0.0074,52.5283,5.2528,2.0,4.0136,1.2414,0.1813,1.3834,0.0979,1.3743,1.005e-05,1.0011,0.0001,1.8961,12.0,0.0706,1.0019,0.0856,2.1545,0.0169,1.4506,0.072,2.0792,0.0,0.0,0.0,-0.1518,25.0,25.0,38.0,37.0,14.0,0.0,0.0,0.0,64.0,35.2856,0.0,0.0244,0.0,0.0
8475.0,1.7452,0.0932,1.0,0.0797,1.2015,2.0552,1.0552,2.185,1.185,26.6267,2.0651,26.3796,2.0552,100.0,0.0,0.0,0.0,25.0,0.0,26.125,0.0,26.125,0.0,25.125,10.0,0.0,0.0085,52.5281,5.2528,2.0,4.0124,1.2414,0.1656,1.3817,0.084,1.3728,1.005e-05,1.001,0.0001,1.9016,12.0,0.071,1.0019,0.0872,2.1624,0.0171,1.4545,0.0744,2.0937,0.0,0.0,0.0,-0.152,25.0,25.0,38.0,37.0,13.0,0.0,0.0,0.0,64.0,35.4595,0.0,0.0245,0.0,0.0
8476.0,1.7472,0.0934,1.0,0.0798,1.2017,2.0556,1.0556,2.185,1.185,26.7855,2.0714,26.3954,2.0558,100.0,0.0,0.0,0.0,24.875,0.0,26.125,0.0,26.125,0.0,25.0,10.0,0.0,0.0084,52.528,5.2528,2.0,4.0062,1.2411,0.1681,1.382,0.0998,1.3745,1.005e-05,1.0011,0.0001,1.9011,12.0,0.0721,1.0019,0.0777,2.1125,0.0167,1.4443,0.0743,2.093,0.0,0.0,0.0,-0.1519,25.0,25.0,38.0,37.0,12.0,0.0,0.0,0.0,64.0,35.6424,0.0,0.0246,0.0,0.0
8477.0,1.7499,0.0937,1.0,0.0795,1.201,2.0557,1.0557,2.1854,1.1854,26.8067,2.0723,26.3804,2.0552,100.0,0.0,0.0,0.0,25.0,0.0,26.125,0.0,26.125,0.0,25.125,10.0,0.0,0.0081,52.5278,5.2527,2.0,4.0316,1.2422,0.1513,1.3801,0.0858,1.373,1.005e-05,1.001,0.0001,1.9026,12.0,0.0675,1.0018,0.0813,2.132,0.0163,1.4353,0.0841,2.1468,0.0,0.0,0.0,-0.1516,25.0,25.0,38.0,37.0,16.0,0.0,0.0,0.0,64.0,35.8395,0.0,0.0246,0.0,0.0
8478.0,1.7508,0.0939,1.0,0.0795,1.2008,2.0558,1.0558,2.1857,1.1857,26.7248,2.069,26.361,2.0544,100.0,0.0,0.0,0.0,25.0,0.0,26.0,0.0,26.125,0.0,25.125,10.0,0.0,0.0087,52.5279,5.2528,2.0,3.9656,1.2393,0.1128,1.3759,0.1005,1.3746,1.004e-05,1.001,0.0001,1.9001,12.0,0.0651,1.0017,0.0709,2.0722,0.0136,1.3559,0.0857,2.155,0.0,0.0,0.0,-0.152,25.0,25.0,38.0,37.0,14.0,0.0,0.0,0.0,64.0,36.0392,0.0,0.0246,0.0,0.0
8479.0,1.7519,0.094,1.0,0.0794,1.2005,2.0558,1.0558,2.1854,1.1854,26.5965,2.0639,26.3526,2.0541,100.0,0.0,0.0,0.0,24.875,0.0,26.125,0.0,26.125,0.0,25.125,10.0,0.0,0.0073,52.5273,5.2527,2.0,3.9771,1.2398,0.1266,1.3774,0.0875,1.3732,1.004e-05,1.0009,0.0001,1.898,12.0,0.0643,1.0017,0.0598,1.9982,0.0142,1.3755,0.0856,2.1543,0.0,0.0,0.0,-0.1515,25.0,25.0,38.0,37.0,15.0,0.0,0.0,0.0,64.0,36.229,0.0,0.0248,0.0,0.0
8480.0,1.752,0.094,1.0,0.0795,1.2008,2.0555,1.0555,2.185,1.185,26.59,2.0636,26.369,2.0548,100.0,0.0,0.0,0.0,24.875,0.0,26.125,0.0,26.125,0.0,25.125,10.0,0.0,0.0082,52.5274,5.2527,2.0,4.0644,1.2436,0.2017,1.3856,0.1023,1.3748,1.004e-05,1.001,0.0001,1.9013,12.0,0.0651,1.0017,0.0628,2.02,0.012,1.3002,0.0755,2.0998,0.0,0.0,0.0,-0.1518,25.0,25.0,38.0,37.0,14.0,0.0,0.0,0.0,64.0,36.4307,0.0,0.0248,0.0,0.0
8481.0,1.756,0.0945,1.0,0.0795,1.201,2.0551,1.0551,2.1849,1.1849,26.7692,2.0708,26.3862,2.0554,100.0,0.0,0.0,0.0,25.0,0.0,26.25,0.0,26.25,0.0,25.125,10.0,0.0,0.0089,52.5271,5.2527,2.0,4.252,1.2514,0.3498,1.4018,0.0901,1.3735,1.005e-05,1.0011,0.0001,1.9048,12.0,0.0694,1.0019,0.0537,1.9516,0.0129,1.3315,0.0784,2.116,0.0,0.0,0.0,-0.1514,25.0,25.0,38.0,37.0,13.0,0.0,0.0,0.0,64.0,36.619,0.0,0.0247,0.0,0.0
8482.0,1.7572,0.0947,1.0,0.0795,1.2008,2.0554,1.0554,2.1854,1.1854,26.821,2.0728,26.3767,2.0551,100.0,0.0,0.0,0.0,25.0,0.0,26.125,0.0,26.125,0.0,25.125,10.0,0.0,0.0084,52.5274,5.2527,2.0,4.3203,1.2542,0.4066,1.408,0.1039,1.375,1.005e-05,1.0011,0.0001,1.904,12.0,0.0697,1.0019,0.0606,2.0044,0.0116,1.2861,0.0705,2.0702,0.0,0.0,0.0,-0.1515,25.0,25.0,38.0,37.0,14.0,0.0,0.0,0.0,64.0,36.0027,0.0,0.0245,0.0,0.0
8483.0,1.7591,0.0949,1.0,0.0797,1.2015,2.056,1.056,2.1854,1.1854,26.7499,2.07,26.3671,2.0547,100.0,0.0,0.0,0.0,25.0,0.0,26.125,0.0,26.125,0.0,25.125,10.0,0.0,0.0087,52.5272,5.2527,2.0,4.2816,1.2526,0.3194,1.3985,0.0984,1.3744,1.005e-05,1.0011,0.0001,1.9028,12.0,0.0696,1.0019,0.0598,1.9983,0.012,1.3007,0.0782,2.1151,0.0,0.0,0.0,-0.1518,25.0,25.0,38.0,37.0,12.0,0.0,0.0,0.0,64.0,37.0163,0.0,0.0248,0.0,0.0
8484.0,1.7604,0.0951,1.0,0.0797,1.2013,2.0558,1.0558,2.1852,1.1852,26.6327,2.0653,26.362,2.0545,100.0,0.0,0.0,0.0,25.0,0.0,26.125,0.0,26.125,0.0,25.125,10.0,0.0,0.0079,52.527,5.2527,2.0,4.2673,1.2521,0.3063,1.3971,0.1064,1.3752,1.005e-05,1.0011,0.0001,1.9019,12.0,0.0718,1.0019,0.0508,1.9274,0.0116,1.2872,0.0789,2.1188,0.0,0.0,0.0,-0.1515,25.0,25.0,38.0,37.0,15.0,0.0,0.0,0.0,64.0,37.2013,0.0,0.0243,0.0,0.0
8485.0,1.7621,0.0953,1.0,0.0795,1.2009,2.0561,1.0561,2.185,1.185,26.5882,2.0635,26.374,2.055,100.0,0.0,0.0,0.0,25.0,0.0,26.125,0.0,26.125,0.0,25.125,10.0,0.0,0.0083,52.5268,5.2527,2.0,4.2209,1.2502,0.263,1.3923,0.1035,1.3749,1.005e-05,1.001,0.0001,1.8982,12.0,0.0694,1.0019,0.0435,1.8599,0.0113,1.2762,0.0819,2.135,0.0,0.0,0.0,-0.1517,25.0,25.0,38.0,37.0,14.0,0.0,0.0,0.0,64.0,37.3973,0.0,0.0245,0.0,0.0
8486.0,1.7621,0.0953,1.0,0.0795,1.2008,2.0556,1.0556,2.1849,1.1849,26.7388,2.0696,26.401,2.056,100.0,0.0,0.0,0.0,25.0,0.0,26.125,0.0,26.125,0.0,25.125,10.0,0.0,0.0087,52.5269,5.2527,2.0,4.1721,1.2481,0.1706,1.3823,0.1048,1.3751,1.004e-05,1.0009,0.0001,1.9009,12.0,0.0641,1.0017,0.0434,1.859,0.0106,1.2459,0.0844,2.1484,0.0,0.0,0.0,-0.1516,25.0,25.0,38.0,37.0,15.0,0.0,0.0,0.0,64.0,37.5473,0.0,0.0246,0.0,0.0
8487.0,1.7615,0.0952,1.0,0.0795,1.2009,2.0557,1.0557,2.1853,1.1853,26.8167,2.0727,26.3783,2.0551,100.0,0.0,0.0,0.0,25.0,0.0,26.125,0.0,26.25,0.0,25.125,10.0,0.0,0.0084,52.5268,5.2527,2.0,4.1799,1.2485,0.2714,1.3932,0.1103,1.3757,1.004e-05,1.0009,0.0001,1.9038,12.0,0.0639,1.0017,0.0458,1.8823,0.0097,1.2092,0.0782,2.115,0.0,0.0,0.0,-0.1517,25.0,25.0,38.0,37.0,14.0,0.0,0.0,0.0,64.0,37.7515,0.0,0.0247,0.0,0.0
8488.0,1.7596,0.0949,1.0,0.0793,1.2004,2.0559,1.0559,2.1853,1.1853,26.7607,2.0704,26.3677,2.0547,100.0,0.0,0.0,0.0,24.875,0.0,26.125,0.0,26.125,0.0,25.0,10.0,0.0,0.0086,52.5267,5.2527,2.0,4.3346,1.2548,0.3943,1.4066,0.1049,1.3751,1.004e-05,1.0008,0.0001,1.9035,12.0,0.062,1.0017,0.0473,1.8972,0.0088,1.1678,0.0845,2.1485,0.0,0.0,0.0,-0.1518,25.0,25.0,38.0,37.0,15.0,0.0,0.0,0.0,64.0,37.9513,0.0,0.0249,0.0,0.0
8489.0,1.7561,0.0945,1.0,0.0793,1.2004,2.0562,1.0562,2.1853,1.1853,26.6473,2.0659,26.3697,2.0548,100.0,0.0,0.0,0.0,25.0,0.0,26.125,0.0,26.25,0.0,25.125,10.0,0.0,0.0087,52.5265,5.2526,2.0,4.4632,1.2599,0.4393,1.4116,0.1183,1.3765,1.004e-05,1.0009,0.0001,1.9032,12.0,0.0648,1.0017,0.035,1.7664,0.0085,1.1526,0.0789,2.1192,0.0,0.0,0.0,-0.1517,25.0,25.0,38.0,37.0,13.0,0.0,0.0,0.0,64.0,38.1368,0.0,0.0247,0.0,0.0
8490.0,1.755,0.0944,1.0,0.0795,1.2009,2.0561,1.0561,2.1851,1.1851,26.572,2.0629,26.3725,2.0549,100.0,0.0,0.0,0.0,25.0,0.0,26.25,0.0,26.25,0.0,25.125,10.0,0.0,0.0082,52.5265,5.2526,2.0,4.4418,1.259,0.3961,1.4068,0.107,1.3753,1.005e-05,1.0011,0.0001,1.9001,12.0,0.0686,1.0018,0.0363,1.7817,0.0089,1.1695,0.0774,2.1107,0.0,0.0,0.0,-0.1513,25.0,25.0,38.0,37.0,13.0,0.0,0.0,0.0,64.0,38.3284,0.0,0.0248,0.0,0.0
8491.0,1.753,0.0941,1.0,0.0797,1.2014,2.0552,1.0552,2.1849,1.1849,26.7096,2.0684,26.3884,2.0555,100.0,0.0,0.0,0.0,24.875,0.0,26.125,0.0,26.25,0.0,25.0,10.0,0.0,0.0083,52.5264,5.2527,2.0,4.4744,1.2603,0.4386,1.4115,0.121,1.3768,1.005e-05,1.0011,0.0001,1.8964,12.0,0.0697,1.0019,0.0364,1.7829,0.0077,1.1066,0.07,2.0669,0.0,0.0,0.0,-0.1517,25.0,25.0,38.0,37.0,13.0,0.0,0.0,0.0,64.0,38.5101,0.0,0.0244,0.0,0.0
8492.0,1.752,0.094,1.0,0.0794,1.2007,2.0552,1.0552,2.1853,1.1853,26.828,2.0731,26.3812,2.0552,100.0,0.0,0.0,0.0,24.875,0.0,26.125,0.0,26.125,0.0,25.125,10.0,0.0,0.0086,52.5262,5.2526,2.0,4.4694,1.2601,0.3618,1.4031,0.1085,1.3755,1.005e-05,1.0012,0.0001,1.904,12.0,0.0707,1.0019,0.0371,1.7916,0.0082,1.135,0.0843,2.1478,0.0,0.0,0.0,-0.1519,25.0,25.0,38.0,37.0,14.0,0.0,0.0,0.0,64.0,38.7001,0.0,0.0244,0.0,0.0
8493.0,1.7509,0.0939,1.0,0.0794,1.2007,2.0561,1.0561,2.1854,1.1854,26.7828,2.0713,26.3785,2.0551,100.0,0.0,0.0,0.0,24.875,0.0,26.125,0.0,26.125,0.0,25.125,10.0,0.0,0.0084,52.526,5.2526,2.0,4.3797,1.2566,0.2879,1.395,0.1209,1.3768,1.005e-05,1.0011,0.0001,1.9044,12.0,0.071,1.0019,0.031,1.7126,0.0077,1.1103,0.0747,2.0953,0.0,0.0,0.0,-0.1516,25.0,25.0,38.0,37.0,13.0,0.0,0.0,0.0,64.0,38.8702,0.0,0.0244,0.0,0.0
8494.0,1.7509,0.0939,1.0,0.0796,1.201,2.0565,1.0565,2.1853,1.1853,26.6824,2.0673,26.3736,2.0549,100.0,0.0,0.0,0.0,24.875,0.0,26.125,0.0,26.25,0.0,25.125,10.0,0.0,0.0081,52.5259,5.2526,2.0,4.3419,1.2551,0.2685,1.3929,0.1122,1.3759,1.004e-05,1.001,0.0001,1.9055,12.0,0.0671,1.0018,0.0301,1.7006,0.0072,1.0791,0.0745,2.0939,0.0,0.0,0.0,-0.1516,25.0,25.0,38.0,37.0,13.0,0.0,0.0,0.0,64.0,39.0444,0.0,0.0249,0.0,0.0
8495.0,1.7509,0.0939,1.0,0.0798,1.2016,2.0558,1.0558,2.1851,1.1851,26.5675,2.0627,26.3674,2.0547,100.0,0.0,0.0,0.0,25.0,0.0,26.125,0.0,26.25,0.0,25.125,10.0,0.0,0.0089,52.5257,5.2526,2.0,4.4266,1.2584,0.2849,1.3947,0.1196,1.3767,1.004e-05,1.0009,0.0001,1.9037,12.0,0.0649,1.0017,0.0312,1.7156,0.0066,1.0406,0.0707,2.0714,0.0,0.0,0.0,-0.1517,25.0,25.0,38.0,37.0,16.0,0.0,0.0,0.0,64.0,39.2443,0.0,0.0246,0.0,0.0
8496.0,1.7501,0.0938,1.0,0.0793,1.2004,2.0557,1.0557,2.1849,1.1849,26.6722,2.0669,26.3861,2.0554,100.0,0.0,0.0,0.0,25.0,0.0,26.0,0.0,26.125,0.0,25.125,10.0,0.0,0.0088,52.5261,5.2526,2.0,4.333,1.2547,0.212,1.3868,0.1243,1.3772,1.004e-05,1.0009,0.0001,1.9,12.0,0.0635,1.0017,0.0256,1.6297,0.0054,0.9564,0.0647,2.033,0.0,0.0,0.0,-0.1517,25.0,25.0,38.0,37.0,14.0,0.0,0.0,0.0,64.0,39.3991,0.0,0.0249,0.0,0.0
8497.0,1.7488,0.0936,1.0,0.0792,1.2,2.0555,1.0555,2.1853,1.1853,26.8197,2.0728,26.3847,2.0554,100.0,0.0,0.0,0.0,25.0,0.0,26.125,0.0,26.125,0.0,25.125,10.0,0.0,0.0083,52.5259,5.2526,2.0,4.3342,1.2548,0.233,1.3891,0.118,1.3765,1.004e-05,1.0009,0.0001,1.9031,12.0,0.0626,1.0017,0.0261,1.6384,0.0062,1.0143,0.0704,2.0696,0.0,0.0,0.0,-0.1517,25.0,25.0,38.0,37.0,14.0,0.0,0.0,0.0,64.0,39.5765,0.0,0.0249,0.0,0.0
8498.0,1.7481,0.0935,1.0,0.0794,1.2005,2.0557,1.0557,2.1858,1.1858,26.7807,2.0712,26.3699,2.0548,100.0,0.0,0.0,0.0,25.0,0.0,26.125,0.0,26.25,0.0,25.125,10.0,0.0,0.008,52.5256,5.2525,2.0,4.3647,1.256,0.2488,1.3908,0.131,1.3779,1.004e-05,1.0008,0.0001,1.9066,12.0,0.0617,1.0016,0.0267,1.6484,0.0655,2.0379,0.0614,2.0101,0.0,0.0,0.0,-0.1517,25.0,25.0,38.0,37.0,12.0,0.0,0.0,0.0,64.0,39.7581,0.0,0.0245,0.0,0.0
8499.0,1.7464,0.0933,1.0,0.0796,1.201,2.0559,1.0559,2.1853,1.1853,26.6761,2.067,26.3644,2.0546,100.0,0.0,0.0,0.0,25.0,0.0,26.125,0.0,26.25,0.0,25.125,10.0,0.0,0.0083,52.5254,5.2525,2.0,4.3433,1.2551,0.192,1.3846,0.1177,1.3765,1.004e-05,1.0009,0.0001,1.9062,12.0,0.0616,1.0016,0.0999,2.2216,0.0582,1.987,0.057,1.9778,0.0,0.0,0.0,-0.1514,25.0,25.0,38.0,37.0,15.0,0.0,0.0,0.0,64.0,39.9287,0.0,0.0249,0.0,0.0
8500.0,1.7441,0.093,1.0,0.0796,1.2012,2.0562,1.0562,2.1847,1.1847,26.561,2.0624,26.3758,2.055,100.0,0.0,0.0,0.0,25.0,0.0,26.125,0.0,26.25,0.0,25.125,10.0,0.0,0.0081,52.5251,5.2525,2.0,4.3113,1.2538,0.1699,1.3822,0.1321,1.378,1.005e-05,1.0011,0.0001,1.9051,12.0,0.069,1.0018,0.0838,2.1453,0.0505,1.9249,0.0598,1.9986,0.0,0.0,0.0,-0.1517,25.0,25.0,38.0,37.0,14.0,0.0,0.0,0.0,64.0,40.1041,0.0,0.0244,0.0,0.0
8501.0,1.7446,0.0931,1.0,0.0796,1.2013,2.0557,1.0557,2.1845,1.1845,26.6358,2.0654,26.3932,2.0557,100.0,0.0,0.0,0.0,25.0,0.0,26.25,0.0,26.125,0.0,25.125,10.0,0.0,0.0081,52.525,5.2525,2.0,4.277,1.2525,0.2014,1.3856,0.1225,1.377,1.005e-05,1.001,0.0001,1.9036,12.0,0.07,1.0019,0.0813,2.1322,0.0533,1.9488,0.0684,2.0567,0.0,0.0,0.0,-0.1516,25.0,25.0,38.0,37.0,13.0,0.0,0.0,0.0,64.0,40.2829,0.0,0.0245,0.0,0.0
8502.0,1.7424,0.0928,1.0,0.0795,1.201,2.0554,1.0554,2.1849,1.1849,26.8,2.072,26.3977,2.0559,100.0,0.0,0.0,0.0,24.875,0.0,26.125,0.0,26.125,0.0,25.125,10.0,0.0,0.0084,52.525,5.2525,2.0,4.4194,1.2581,0.31,1.3975,0.1314,1.378,1.004e-05,1.001,0.0001,1.9011,12.0,0.0689,1.0018,0.0773,2.1103,0.0466,1.8906,0.062,2.0145,0.0,0.0,0.0,-0.1516,25.0,25.0,38.0,37.0,13.0,0.0,0.0,0.0,64.0,40.4468,0.0,0.0246,0.0,0.0
8503.0,1.7382,0.0923,1.0,0.0795,1.201,2.056,1.056,2.1854,1.1854,26.799,2.072,26.3735,2.0549,100.0,0.0,0.0,0.0,25.0,0.0,26.25,0.0,26.125,0.0,25.125,10.0,0.0,0.008,52.525,5.2525,2.0,4.521,1.2621,0.4287,1.4104,0.141,1.379,1.004e-05,1.0009,0.0001,1.9066,12.0,0.0657,1.0018,0.0736,2.0889,0.048,1.9029,0.0694,2.0631,0.0,0.0,0.0,-0.1517,25.0,25.0,38.0,37.0,13.0,0.0,0.0,0.0,64.0,40.6301,0.0,0.0249,0.0,0.0
8504.0,1.7374,0.0922,1.0,0.0797,1.2015,2.0558,1.0558,2.1853,1.1853,26.713,2.0685,26.3653,2.0546,100.0,0.0,0.0,0.0,25.0,0.0,26.125,0.0,26.125,0.0,25.125,10.0,0.0,0.0081,52.525,5.2525,2.0,4.7021,1.2689,0.4791,1.4159,0.1275,1.3775,1.004e-05,1.0009,0.0001,1.9051,12.0,0.0626,1.0017,0.0667,2.0459,0.0426,1.8509,0.0594,1.9954,0.0,0.0,0.0,-0.1513,25.0,25.0,38.0,37.0,13.0,0.0,0.0,0.0,64.0,40.5989,0.0,0.0249,0.0,0.0
8505.0,1.7364,0.0921,1.0,0.0795,1.2009,2.0561,1.0561,2.1851,1.1851,26.5849,2.0634,26.3622,2.0545,100.0,0.0,0.0,0.0,25.0,0.0,26.125,0.0,26.125,0.0,25.125,10.0,0.0,0.008,52.5252,5.2525,2.0,4.8411,1.274,0.6159,1.4308,0.1395,1.3789,1.004e-05,1.0009,0.0001,1.9072,12.0,0.0612,1.0016,0.0717,2.0774,0.0429,1.8542,0.0577,1.983,0.0,0.0,0.0,-0.1517,25.0,25.0,38.0,37.0,13.0,0.0,0.0,0.0,64.0,40.9684,0.0,0.0248,0.0,0.0
8506.0,1.7364,0.0921,1.0,0.0792,1.2001,2.0558,1.0558,2.1848,1.1848,26.6215,2.0649,26.3883,2.0555,100.0,0.0,0.0,0.0,25.0,0.0,26.25,0.0,26.25,0.0,25.125,10.0,0.0,0.0085,52.5247,5.2525,2.0,4.9992,1.2796,0.7342,1.4437,0.1324,1.3781,1.004e-05,1.0008,0.0001,1.905,12.0,0.0617,1.0016,0.0617,2.0119,0.0408,1.8323,0.0603,2.0024,0.0,0.0,0.0,-0.1516,25.0,25.0,38.0,37.0,13.0,0.0,0.0,0.0,0.0,41.0894,0.0,0.0248,0.0,0.0
8507.0,1.7373,0.0922,1.0,0.0792,1.2001,2.0552,1.0552,2.185,1.185,26.7874,2.0715,26.3904,2.0556,100.0,0.0,0.0,0.0,24.875,0.0,26.125,0.0,26.125,0.0,25.125,10.0,0.0,0.008,52.5244,5.2524,2.0,5.063,1.2818,0.6612,1.4358,0.1374,1.3786,1.004e-05,1.0009,0.0001,1.9023,12.0,0.0619,1.0017,0.1335,2.3474,0.036,1.7782,0.0511,1.9302,0.0,0.0,0.0,-0.1513,25.0,25.0,38.0,37.0,13.0,0.0,0.0,0.0,0.0,41.0901,0.0,0.0246,0.0,0.0
8508.0,1.7385,0.0923,1.0,0.0793,1.2004,2.0555,1.0555,2.1854,1.1854,26.8128,2.0725,26.3701,2.0548,100.0,0.0,0.0,0.0,25.0,0.0,26.125,0.0,26.125,0.0,25.0,10.0,0.0,0.0079,52.5245,5.2525,2.0,5.0619,1.2817,0.6875,1.4386,0.1495,1.3799,1.004e-05,1.0009,0.0001,1.905,12.0,0.0641,1.0017,0.1426,2.3759,0.033,1.7398,0.0641,2.0286,0.0,0.0,0.0,-0.1516,25.0,25.0,38.0,37.0,14.0,0.0,0.0,0.0,0.0,41.0904,0.0,0.0247,0.0,0.0
8509.0,1.7403,0.0925,1.0,0.0795,1.2009,2.0558,1.0558,2.1855,1.1855,26.726,2.069,26.3668,2.0547,100.0,0.0,0.0,0.0,24.875,0.0,26.125,0.0,26.125,0.0,25.0,10.0,0.0,0.0083,52.5246,5.2524,2.0,5.0573,1.2816,0.6545,1.435,0.1349,1.3784,1.004e-05,1.001,0.0001,1.9083,12.0,0.0662,1.0018,0.1277,2.3282,0.0344,1.7587,0.0608,2.0055,0.0,0.0,0.0,-0.152,25.0,25.0,38.0,37.0,12.0,0.0,0.0,0.0,0.0,41.0908,0.0,0.0248,0.0,0.0
8510.0,1.7405,0.0926,1.0,0.0794,1.2007,2.0562,1.0562,2.1851,1.1851,26.6107,2.0644,26.3623,2.0545,100.0,0.0,0.0,0.0,24.875,0.0,26.125,0.0,26.25,0.0,25.125,10.0,0.0,0.0083,52.5242,5.2524,2.0,5.1203,1.2837,0.6603,1.4357,0.1499,1.38,1.004e-05,1.001,0.0001,1.9101,12.0,0.0693,1.0018,0.0942,2.1958,0.0331,1.7415,0.0618,2.0129,0.0,0.0,0.0,-0.1518,25.0,25.0,38.0,37.0,15.0,0.0,0.0,0.0,0.0,41.0905,0.0,0.0249,0.0,0.0
8511.0,1.7396,0.0924,1.0,0.0795,1.201,2.056,1.056,2.1845,1.1845,26.5943,2.0638,26.3877,2.0555,100.0,0.0,0.0,0.0,24.875,0.0,26.125,0.0,26.125,0.0,25.0,10.0,0.0,0.0084,52.5241,5.2524,2.0,5.0944,1.2828,0.5937,1.4284,0.1449,1.3794,1.004e-05,1.001,0.0001,1.9084,12.0,0.0661,1.0018,0.1139,2.2784,0.0339,1.7522,0.0605,2.0033,0.0,0.0,0.0,-0.1517,25.0,25.0,38.0,37.0,14.0,0.0,0.0,0.0,0.0,41.091,0.0,0.0246,0.0,0.0
8512.0,1.7408,0.0926,1.0,0.0795,1.2009,2.0556,1.0556,2.1847,1.1847,26.7443,2.0698,26.3904,2.0556,100.0,0.0,0.0,0.0,24.875,0.0,26.125,0.0,26.0,0.0,25.125,10.0,0.0,0.0085,52.5243,5.2524,2.0,5.1052,1.2832,0.5714,1.426,0.1446,1.3794,1.004e-05,1.0009,0.0001,1.9059,12.0,0.0639,1.0017,0.1111,2.2674,0.0297,1.6941,0.0592,1.9944,0.0,0.0,0.0,-0.1517,25.0,25.0,38.0,37.0,14.0,0.0,0.0,0.0,0.0,41.091,0.0,0.025,0.0,0.0
8513.0,1.7425,0.0928,1.0,0.0793,1.2004,2.0557,1.0557,2.1853,1.1853,26.816,2.0726,26.3785,2.0551,100.0,0.0,0.0,0.0,25.0,0.0,26.125,0.0,26.125,0.0,25.125,10.0,0.0,0.0085,52.5243,5.2524,2.0,5.0948,1.2828,0.5735,1.4262,0.156,1.3807,1.004e-05,1.0009,0.0001,1.9044,12.0,0.0634,1.0017,0.0986,2.2157,0.0272,1.657,0.0531,1.9473,0.0,0.0,0.0,-0.1515,25.0,25.0,38.0,37.0,14.0,0.0,0.0,0.0,0.0,41.091,0.0,0.0248,0.0,0.0
8514.0,1.7426,0.0928,1.0,0.0792,1.2002,2.0562,1.0562,2.1853,1.1853,26.7541,2.0702,26.3772,2.0551,100.0,0.0,0.0,0.0,24.875,0.0,26.25,0.0,26.125,0.0,25.125,10.0,0.0,0.0105,52.5238,5.2523,2.0,5.7359,1.3034,1.824,1.5626,0.1412,1.379,1.004e-05,1.0009,0.0001,1.9125,12.0,0.0628,1.0017,0.1049,2.2427,0.0266,1.6461,0.0549,1.9611,0.0,0.0,0.0,-0.1516,25.0,25.0,38.0,37.0,14.0,0.0,0.0,0.0,0.0,41.0908,0.0,0.0246,0.0,0.0
8515.0,1.7464,0.0933,1.0,0.0794,1.2005,2.0562,1.0562,2.1852,1.1852,26.6399,2.0656,26.372,2.0549,100.0,0.0,0.0,0.0,25.0,0.0,26.125,0.0,26.125,0.0,25.125,10.0,0.0,0.0086,52.5234,5.2523,2.0,6.8717,1.3348,1.9169,1.5728,0.1539,1.3804,1.004e-05,1.0009,0.0001,1.9142,12.0,0.0638,1.0017,0.1023,2.2316,0.0245,1.6103,0.0452,1.877,0.0,0.0,0.0,-0.1514,25.0,25.0,38.0,37.0,14.0,0.0,0.0,0.0,0.0,41.0903,0.0,0.025,0.0,0.0
8516.0,1.7478,0.0935,1.0,0.0794,1.2005,2.0557,1.0557,2.185,1.185,26.575,2.063,26.3724,2.0549,100.0,0.0,0.0,0.0,25.0,0.0,26.125,0.0,26.125,0.0,25.125,10.0,0.0,0.0086,52.5236,5.2524,2.0,6.957,1.337,1.8493,1.5654,0.1577,1.3808,1.004e-05,1.0009,0.0001,1.9115,12.0,0.0662,1.0018,0.077,2.1086,0.0238,1.5985,0.069,2.0606,0.0,0.0,0.0,-0.1515,25.0,25.0,38.0,37.0,15.0,0.0,0.0,0.0,0.0,41.0908,0.0,0.0247,0.0,0.0
8517.0,1.7478,0.0935,1.0,0.0794,1.2005,2.0553,1.0553,2.1847,1.1847,26.7326,2.0693,26.3941,2.0558,100.0,0.0,0.0,0.0,25.0,0.0,26.125,0.0,26.375,0.0,25.125,10.0,0.0,0.0078,52.5237,5.2524,2.0,7.069,1.3397,1.7574,1.5554,0.1492,1.3799,1.004e-05,1.001,0.0001,1.9126,12.0,0.0688,1.0018,0.08,2.1252,0.0216,1.5568,0.0602,2.0011,0.0,0.0,0.0,-0.1517,25.0,25.0,38.0,37.0,14.0,0.0,0.0,0.0,0.0,41.0908,0.0,0.0246,0.0,0.0
8518.0,1.7486,0.0936,1.0,0.0795,1.2009,2.0557,1.0557,2.185,1.185,26.8363,2.0735,26.3785,2.0551,100.0,0.0,0.0,0.0,25.0,0.0,26.125,0.0,26.25,0.0,25.0,10.0,0.0,0.0079,52.5235,5.2523,2.0,7.0771,1.3399,1.6772,1.5466,0.1627,1.3814,1.005e-05,1.0012,0.0001,1.9114,12.0,0.0704,1.0019,0.0787,2.1178,0.022,1.5649,0.07,2.0671,0.0,0.0,0.0,-0.1519,25.0,25.0,38.0,37.0,11.0,0.0,0.0,0.0,0.0,41.0907,0.0,0.0247,0.0,0.0
8519.0,1.7488,0.0936,1.0,0.0799,1.2019,2.0557,1.0557,2.1853,1.1853,26.7613,2.0705,26.3672,2.0547,100.0,0.0,0.0,0.0,25.0,0.0,26.125,0.0,26.125,0.0,25.125,10.0,0.0,0.0082,52.5233,5.2524,2.0,7.0467,1.3392,1.5989,1.5381,0.1592,1.381,1.005e-05,1.0011,0.0001,1.9154,12.0,0.0717,1.0019,0.0745,2.0938,0.0187,1.4939,0.0723,2.0811,0.0,0.0,0.0,-0.1515,25.0,25.0,38.0,37.0,16.0,0.0,0.0,0.0,0.0,41.0905,0.0,0.0247,0.0,0.0
8520.0,1.7485,0.0936,1.0,0.0795,1.2009,2.0562,1.0562,2.1849,1.1849,26.6435,2.0657,26.3665,2.0547,100.0,0.0,0.0,0.0,25.0,0.0,26.25,0.0,26.125,0.0,25.125,10.0,0.0,0.0082,52.5234,5.2523,2.0,7.0843,1.3401,1.5164,1.5291,0.1572,1.3808,1.004e-05,1.001,0.0001,1.9153,12.0,0.0701,1.0019,0.0574,1.9806,0.0217,1.5591,0.0658,2.0402,0.0,0.0,0.0,-0.1515,25.0,25.0,38.0,37.0,14.0,0.0,0.0,0.0,0.0,41.0908,0.0,0.025,0.0,0.0
8521.0,1.7488,0.0936,1.0,0.0796,1.2011,2.0561,1.0561,2.185,1.185,26.5709,2.0628,26.3779,2.0551,100.0,0.0,0.0,0.0,25.0,0.0,26.125,0.0,26.125,0.0,25.125,10.0,0.0,0.0088,52.5234,5.2523,2.0,7.0886,1.3402,1.4413,1.5209,0.1643,1.3816,1.004e-05,1.001,0.0001,1.9119,12.0,0.0655,1.0017,0.0692,2.062,0.0199,1.5198,0.0775,2.1111,0.0,0.0,0.0,-0.1519,25.0,25.0,38.0,37.0,13.0,0.0,0.0,0.0,0.0,41.0903,0.0,0.025,0.0,0.0
8522.0,1.7488,0.0936,1.0,0.0792,1.2,2.0556,1.0556,2.1849,1.1849,26.6927,2.0677,26.3892,2.0556,100.0,0.0,0.0,0.0,25.0,0.0,26.125,0.0,26.125,0.0,25.125,10.0,0.0,0.0087,52.5232,5.2524,2.0,7.0404,1.339,1.2747,1.5027,0.152,1.3802,1.004e-05,1.001,0.0001,1.9094,12.0,0.0647,1.0017,0.0636,2.0251,0.0202,1.5272,0.0738,2.0898,0.0,0.0,0.0,-0.1518,25.0,25.0,38.0,37.0,15.0,0.0,0.0,0.0,0.0,41.0907,0.0,0.0249,0.0,0.0
8523.0,1.7488,0.0936,1.0,0.0795,1.2008,2.0552,1.0552,2.1852,1.1852,26.821,2.0728,26.3833,2.0553,100.0,0.0,0.0,0.0,25.0,0.0,26.125,0.0,26.125,0.0,25.125,10.0,0.0,0.0087,52.5232,5.2523,2.0,6.895,1.3354,1.129,1.4868,0.1649,1.3816,1.005e-05,1.0011,0.0001,1.9152,12.0,0.0677,1.0018,0.0593,1.9952,0.017,1.4514,0.0795,2.1222,0.0,0.0,0.0,-0.1518,25.0,25.0,38.0,37.0,14.0,0.0,0.0,0.0,0.0,41.0911,0.0,0.0248,0.0,0.0
8524.0,1.7476,0.0934,1.0,0.0797,1.2015,2.0557,1.0557,2.1854,1.1854,26.7863,2.0715,26.3694,2.0548,100.0,0.0,0.0,0.0,25.0,0.0,26.125,0.0,26.125,0.0,25.125,10.0,0.0,0.0084,52.5228,5.2523,2.0,6.8139,1.3334,1.0059,1.4734,0.1709,1.3823,1.005e-05,1.0011,0.0001,1.9157,12.0,0.0697,1.0019,0.06,2.0,0.0173,1.4588,0.0764,2.1048,0.0,0.0,0.0,-0.1519,25.0,25.0,38.0,37.0,14.0,0.0,0.0,0.0,0.0,41.0905,0.0,0.0246,0.0,0.0
8525.0,1.7467,0.0933,1.0,0.0796,1.2012,2.0558,1.0558,2.1853,1.1853,26.672,2.0669,26.3659,2.0546,100.0,0.0,0.0,0.0,25.0,0.0,26.125,0.0,26.25,0.0,25.125,10.0,0.0,0.0084,52.5227,5.2523,2.0,6.6746,1.3298,0.8524,1.4566,0.1591,1.381,1.005e-05,1.0011,0.0001,1.9174,12.0,0.073,1.0019,0.0609,2.0067,0.0147,1.3887,0.0746,2.0944,0.0,0.0,0.0,-0.1518,25.0,25.0,38.0,37.0,14.0,0.0,0.0,0.0,0.0,41.0902,0.0,0.0246,0.0,0.0
8526.0,1.7478,0.0935,1.0,0.0798,1.2016,2.0561,1.0561,2.1848,1.1848,26.5711,2.0628,26.3715,2.0549,100.0,0.0,0.0,0.0,25.125,0.0,26.125,0.0,26.125,0.0,25.125,10.0,0.0,0.008,52.5228,5.2523,2.0,6.7124,1.3308,0.8421,1.4555,0.1643,1.3816,1.004e-05,1.001,0.0001,1.9168,12.0,0.065,1.0017,0.0589,1.9921,0.0156,1.4143,0.078,2.1137,0.0,0.0,0.0,-0.1518,25.0,25.0,38.0,37.0,14.0,0.0,0.0,0.0,0.0,41.0904,0.0,0.025,0.0,0.0
8527.0,1.7478,0.0935,1.0,0.0794,1.2005,2.0557,1.0557,2.1846,1.1846,26.6519,2.0661,26.395,2.0558,100.0,0.0,0.0,0.0,25.0,0.0,26.125,0.0,26.25,0.0,25.125,10.0,0.0,0.009,52.5229,5.2523,2.0,6.6864,1.3301,0.825,1.4536,0.1696,1.3821,1.004e-05,1.0009,0.0001,1.9122,12.0,0.0636,1.0017,0.0442,1.8674,0.0138,1.3625,0.067,2.0481,0.0,0.0,0.0,-0.1516,25.0,25.0,38.0,37.0,15.0,0.0,0.0,0.0,0.0,41.0907,0.0,0.0246,0.0,0.0
8528.0,1.7462,0.0933,1.0,0.0795,1.2008,2.0556,1.0556,2.1848,1.1848,26.8247,2.073,26.384,2.0554,100.0,0.0,0.0,0.0,25.0,0.0,26.125,0.0,26.125,0.0,25.125,10.0,0.0,0.0083,52.5225,5.2522,2.0,6.7718,1.3323,0.8086,1.4518,0.1574,1.3808,1.004e-05,1.0009,0.0001,1.919,12.0,0.0617,1.0016,0.0391,1.8137,0.0139,1.366,0.0693,2.0629,0.0,0.0,0.0,-0.1517,25.0,25.0,38.0,37.0,14.0,0.0,0.0,0.0,0.0,41.0909,0.0,0.0248,0.0,0.0
8529.0,1.7458,0.0932,1.0,0.0796,1.201,2.0559,1.0559,2.1853,1.1853,26.7906,2.0716,26.3705,2.0548,100.0,0.0,0.0,0.0,25.0,0.0,26.125,0.0,26.125,0.0,25.125,10.0,0.0,0.0089,52.5223,5.2522,2.0,6.7674,1.3322,0.7964,1.4505,0.1708,1.3823,1.004e-05,1.0009,0.0001,1.9195,12.0,0.0655,1.0017,0.1119,2.2708,0.0629,2.0206,0.0667,2.0459,0.0,0.0,0.0,-0.1518,25.0,25.0,38.0,37.0,13.0,0.0,0.0,0.0,0.0,41.0908,0.0,0.0248,0.0,0.0
8530.0,1.7478,0.0935,1.0,0.0795,1.2009,2.056,1.056,2.1849,1.1849,26.6778,2.0671,26.3705,2.0548,100.0,0.0,0.0,0.0,25.0,0.0,26.125,0.0,26.0,0.0,25.125,10.0,0.0,0.0089,52.5221,5.2522,2.0,6.7811,1.3325,0.7599,1.4465,0.1695,1.3821,1.005e-05,1.0011,0.0001,1.9164,12.0,0.0672,1.0018,0.1207,2.3035,0.065,2.0348,0.0712,2.0743,0.0,0.0,0.0,-0.152,25.0,25.0,38.0,37.0,13.0,0.0,0.0,0.0,0.0,41.0908,0.0,0.025,0.0,0.0
8531.0,1.7499,0.0937,1.0,0.0798,1.2017,2.0562,1.0562,2.1847,1.1847,26.5587,2.0623,26.3755,2.055,100.0,0.0,0.0,0.0,24.875,0.0,26.125,0.0,26.125,0.0,25.125,10.0,0.0,0.008,52.5223,5.2522,2.0,6.7426,1.3315,0.662,1.4359,0.1642,1.3815,1.005e-05,1.0011,0.0001,1.9128,12.0,0.0716,1.0019,0.154,2.4095,0.0574,1.9805,0.0722,2.0801,0.0,0.0,0.0,-0.1515,25.0,25.0,38.0,37.0,13.0,0.0,0.0,0.0,0.0,41.0906,0.0,0.0248,0.0,0.0
8532.0,1.7499,0.0937,1.0,0.0794,1.2006,2.0559,1.0559,2.1846,1.1846,26.6438,2.0658,26.3899,2.0556,100.0,0.0,0.0,0.0,25.0,0.0,26.25,0.0,26.125,0.0,25.125,10.0,0.0,0.0084,52.5223,5.2522,2.0,6.647,1.3291,0.5343,1.4219,0.1741,1.3826,1.004e-05,1.001,0.0001,1.9171,12.0,0.0693,1.0018,0.1464,2.3873,0.0558,1.9686,0.0701,2.0675,0.0,0.0,0.0,-0.1517,25.0,25.0,38.0,37.0,14.0,0.0,0.0,0.0,0.0,41.091,0.0,0.0248,0.0,0.0
8533.0,1.7479,0.0935,1.0,0.0795,1.2008,2.0552,1.0552,2.1851,1.1851,26.8046,2.0722,26.385,2.0554,100.0,0.0,0.0,0.0,25.0,0.0,26.125,0.0,26.125,0.0,25.125,10.0,0.0,0.0082,52.5216,5.2521,2.0,6.5071,1.3254,0.4157,1.409,0.1617,1.3813,1.003e-05,1.0008,0.0001,1.9201,12.0,0.0611,1.0016,0.1678,2.4468,0.0593,1.9945,0.068,2.0546,0.0,0.0,0.0,-0.1516,25.0,25.0,38.0,37.0,15.0,0.0,0.0,0.0,0.0,41.0905,0.0,0.0247,0.0,0.0
8534.0,1.7478,0.0935,1.0,0.0795,1.2009,2.0556,1.0556,2.1854,1.1854,26.8009,2.072,26.3738,2.055,100.0,0.0,0.0,0.0,25.0,0.0,26.125,0.0,26.125,0.0,25.125,10.0,0.0,0.0087,52.5215,5.2522,2.0,6.3947,1.3223,0.3554,1.4024,0.1706,1.3823,1.004e-05,1.0009,0.0001,1.9213,12.0,0.0623,1.0017,0.1466,2.3879,0.0559,1.9693,0.0829,2.1405,0.0,0.0,0.0,-0.1518,25.0,25.0,38.0,37.0,13.0,0.0,0.0,0.0,0.0,41.1352,0.0,0.0244,0.0,0.0
8535.0,1.7488,0.0936,1.0,0.0795,1.2009,2.0562,1.0562,2.1849,1.1849,26.6869,2.0675,26.3718,2.0549,100.0,0.0,0.0,0.0,25.0,0.0,26.125,0.0,26.25,0.0,25.125,10.0,0.0,0.0078,52.5217,5.2521,2.0,6.2972,1.3197,0.2968,1.396,0.1755,1.3828,1.005e-05,1.0011,0.0001,1.9165,12.0,0.0681,1.0018,0.1411,2.3713,0.0495,1.9161,0.0742,2.0922,0.0,0.0,0.0,-0.1516,25.0,25.0,38.0,37.0,13.0,0.0,0.0,0.0,0.0,41.1368,0.0,0.0248,0.0,0.0
8536.0,1.7487,0.0936,1.0,0.0795,1.2009,2.056,1.056,2.1847,1.1847,26.5733,2.0629,26.3645,2.0546,100.0,0.0,0.0,0.0,25.0,0.0,26.125,0.0,26.125,0.0,25.125,10.0,0.0,0.0082,52.5218,5.2522,2.0,6.2696,1.3189,0.2501,1.3909,0.1602,1.3811,1.005e-05,1.0011,0.0001,1.9127,12.0,0.0706,1.0019,0.1982,2.519,0.0467,1.8912,0.0592,1.9945,0.0,0.0,0.0,-0.1517,25.0,25.0,38.0,37.0,14.0,0.0,0.0,0.0,0.0,41.1371,0.0,0.0247,0.0,0.0
8537.0,1.7477,0.0935,1.0,0.0796,1.2011,2.0554,1.0554,2.1847,1.1847,26.6357,2.0654,26.3849,2.0554,100.0,0.0,0.0,0.0,25.0,0.0,26.125,0.0,26.25,0.0,25.125,10.0,0.0,0.0085,52.5216,5.2522,2.0,6.3051,1.3199,0.236,1.3894,0.1705,1.3822,1.005e-05,1.0011,0.0001,1.9189,12.0,0.0725,1.0019,0.1906,2.502,0.0421,1.8459,0.0708,2.0717,0.0,0.0,0.0,-0.1517,25.0,25.0,38.0,37.0,13.0,0.0,0.0,0.0,0.0,41.1367,0.0,0.0242,0.0,0.0
8538.0,1.7478,0.0935,1.0,0.0795,1.2009,2.0553,1.0553,2.1848,1.1848,26.7941,2.0718,26.3899,2.0556,100.0,0.0,0.0,0.0,25.0,0.0,26.125,0.0,26.125,0.0,25.125,10.0,0.0,0.0082,52.5216,5.2522,2.0,6.2035,1.3171,0.1316,1.378,0.1628,1.3814,1.004e-05,1.001,0.0001,1.921,12.0,0.066,1.0018,0.1751,2.4651,0.0445,1.8698,0.0682,2.0556,0.0,0.0,0.0,-0.1515,25.0,25.0,38.0,37.0,16.0,0.0,0.0,0.0,0.0,41.1374,0.0,0.0249,0.0,0.0
8539.0,1.7478,0.0935,1.0,0.0797,1.2014,2.0555,1.0555,2.1854,1.1854,26.8126,2.0725,26.3731,2.0549,100.0,0.0,0.0,0.0,25.0,0.0,26.125,0.0,26.375,0.0,25.0,10.0,0.0,0.0084,52.5217,5.2522,2.0,6.1042,1.3143,0.0719,1.3715,0.1634,1.3815,1.004e-05,1.0009,0.0001,1.9199,12.0,0.0666,1.0018,0.1715,2.456,0.0366,1.7858,0.0625,2.0176,0.0,0.0,0.0,-0.1516,25.0,25.0,38.0,37.0,14.0,0.0,0.0,0.0,0.0,41.1369,0.0,0.0247,0.0,0.0
8540.0,1.7488,0.0936,1.0,0.0794,1.2006,2.0558,1.0558,2.1853,1.1853,26.7194,2.0688,26.3662,2.0546,100.0,0.0,0.0,0.0,24.875,0.0,26.125,0.0,26.125,0.0,25.125,10.0,0.0,0.0086,52.5215,5.2522,2.0,5.9361,1.3094,-0.0233,1.3611,0.1731,1.3825,1.004e-05,1.0009,0.0001,1.9182,12.0,0.0652,1.0017,0.233,2.5891,0.0376,1.7973,0.0595,1.996,0.0,0.0,0.0,-0.1514,25.0,25.0,38.0,37.0,13.0,0.0,0.0,0.0,0.0,41.1362,0.0,0.0247,0.0,0.0
8541.0,1.7504,0.0938,1.0,0.0792,1.2,2.0558,1.0558,2.1854,1.1854,26.5913,2.0637,26.3575,2.0543,100.0,0.0,0.0,0.0,25.0,0.0,26.125,0.0,26.125,0.0,25.125,10.0,0.0,0.0084,52.5212,5.2521,2.0,5.8684,1.3074,-0.0435,1.3589,0.1607,1.3812,1.004e-05,1.0009,0.0001,1.9145,12.0,0.0616,1.0016,0.2318,2.587,0.0371,1.7913,0.0566,1.9745,0.0,0.0,0.0,-0.1517,25.0,25.0,38.0,37.0,14.0,0.0,0.0,0.0,0.0,41.1367,0.0,0.0244,0.0,0.0
8542.0,1.7509,0.0939,1.0,0.0793,1.2005,2.0555,1.0555,2.1854,1.1854,26.6062,2.0642,26.3707,2.0548,100.0,0.0,0.0,0.0,25.0,0.0,26.125,0.0,26.125,0.0,25.0,10.0,0.0,0.0122,52.5209,5.2521,2.0,6.759,1.332,1.8941,1.5703,0.1645,1.3816,1.004e-05,1.0009,0.0001,1.9184,12.0,0.0628,1.0017,0.2121,2.5484,0.0365,1.7844,0.0552,1.9638,0.0,0.0,0.0,-0.152,25.0,25.0,38.0,37.0,16.0,0.0,0.0,0.0,0.0,41.1368,0.0,0.0247,0.0,0.0
8543.0,1.7509,0.0939,1.0,0.0794,1.2007,2.0551,1.0551,2.1849,1.1849,26.7792,2.0712,26.3816,2.0553,100.0,0.0,0.0,0.0,25.0,0.0,26.0,0.0,26.25,0.0,25.125,10.0,0.0,0.0086,52.521,5.2521,2.0,9.1682,1.3849,2.0127,1.5832,0.1748,1.3827,1.004e-05,1.001,0.0001,1.922,12.0,0.0632,1.0017,0.2274,2.5786,0.0364,1.7829,0.053,1.9459,0.0,0.0,0.0,-0.1518,25.0,25.0,38.0,37.0,15.0,0.0,0.0,0.0,0.0,41.1367,0.0,0.0247,0.0,0.0
8544.0,1.7509,0.0939,1.0,0.0797,1.2015,2.0554,1.0554,2.1853,1.1853,26.8247,2.073,26.3778,2.0551,100.0,0.0,0.0,0.0,25.0,0.0,26.125,0.0,26.125,0.0,25.125,10.0,0.0,0.0082,52.5213,5.2521,2.0,9.0998,1.3836,1.8409,1.5645,0.161,1.3812,1.005e-05,1.0011,0.0001,1.9231,12.0,0.0684,1.0018,0.1847,2.4882,0.0314,1.719,0.0506,1.9261,0.0,0.0,0.0,-0.1517,25.0,25.0,38.0,37.0,14.0,0.0,0.0,0.0,0.0,41.1369,0.0,0.0247,0.0,0.0
8545.0,1.7509,0.0939,1.0,0.0795,1.2008,2.0558,1.0558,2.1852,1.1852,26.7549,2.0702,26.3684,2.0547,100.0,0.0,0.0,0.0,25.0,0.0,26.0,0.0,26.125,0.0,25.125,10.0,0.0,0.0086,52.5211,5.2521,2.0,8.9348,1.3804,1.6887,1.5479,0.1711,1.3823,1.004e-05,1.001,0.0001,1.9226,12.0,0.0679,1.0018,0.1731,2.4603,0.0286,1.6788,0.0516,1.9348,0.0,0.0,0.0,-0.1519,25.0,25.0,38.0,37.0,13.0,0.0,0.0,0.0,0.0,41.1372,64.0,0.1248,0.0,0.0
8546.0,1.7509,0.0939,1.0,0.0796,1.2013,2.0558,1.0558,2.1852,1.1852,26.6039,2.0642,26.3618,2.0545,100.0,0.0,0.0,0.0,25.0,0.0,26.125,0.0,26.125,0.0,25.125,10.0,0.0,0.0091,52.521,5.2522,2.0,8.7566,1.3769,1.4686,1.5238,0.1711,1.3823,1.004e-05,1.0009,0.0001,1.9152,12.0,0.0638,1.0017,0.1731,2.46,0.0307,1.7091,0.0491,1.9132,0.0,0.0,0.0,-0.1517,25.0,25.0,38.0,37.0,13.0,0.0,0.0,0.0,0.0,41.1367,64.0,0.3187,0.0,0.0
8547.0,1.75,0.0937,1.0,0.0793,1.2002,2.0556,1.0556,2.1854,1.1854,26.5765,2.0631,26.3679,2.0547,100.0,0.0,0.0,0.0,25.0,0.0,26.125,0.0,26.25,0.0,25.125,10.0,0.0,0.0083,52.521,5.2521,2.0,8.66,1.375,1.3174,1.5074,0.1594,1.381,1.004e-05,1.0009,0.0001,1.9221,12.0,0.0638,1.0017,0.2333,2.5898,0.0276,1.6628,0.0468,1.8917,0.0,0.0,0.0,-0.1519,25.0,25.0,38.0,37.0,13.0,0.0,0.0,0.0,0.0,41.1368,64.0,0.5007,0.0,0.0
8548.0,1.7488,0.0936,1.0,0.0793,1.2004,2.0552,1.0552,2.1852,1.1852,26.7324,2.0693,26.3846,2.0554,100.0,0.0,0.0,0.0,25.0,0.0,26.25,0.0,26.125,0.0,25.125,10.0,0.0,0.0089,52.5206,5.2521,2.0,8.6163,1.3741,1.2358,1.4985,0.1702,1.3822,1.004e-05,1.0008,0.0001,1.925,12.0,0.0629,1.0017,0.1792,2.4753,0.0275,1.6618,0.045,1.8753,0.0,0.0,0.0,-0.1517,25.0,25.0,38.0,37.0,13.0,0.0,0.0,0.0,0.0,41.1364,64.0,0.6892,0.0,0.0
8549.0,1.7479,0.0935,1.0,0.0794,1.2007,2.0558,1.0558,2.1852,1.1852,26.8234,2.0729,26.3758,2.055,100.0,0.0,0.0,0.0,25.0,0.0,26.125,0.0,26.125,0.0,25.125,10.0,0.0,0.0086,52.5204,5.252,2.0,8.5639,1.3731,1.1347,1.4874,0.1742,1.3826,1.004e-05,1.0008,0.0001,1.9219,12.0,0.0621,1.0017,0.2106,2.5454,0.0247,1.6149,0.0463,1.8874,0.0,0.0,0.0,-0.1518,25.0,25.0,38.0,37.0,14.0,0.0,0.0,0.0,0.0,41.1366,64.0,0.883,0.0,0.0
8550.0,1.7478,0.0935,1.0,0.0793,1.2005,2.056,1.056,2.1851,1.1851,26.7539,2.0702,26.3677,2.0547,100.0,0.0,0.0,0.0,24.875,0.0,26.25,0.0,26.125,0.0,25.125,10.0,0.0,0.0075,52.5204,5.252,2.0,8.5431,1.3726,1.046,1.4777,0.1607,1.3812,1.004e-05,1.001,0.0001,1.9198,12.0,0.0664,1.0018,0.2101,2.5443,0.0243,1.6073,0.0414,1.8389,0.0,0.0,0.0,-0.1517,25.0,25.0,38.0,37.0,13.0,0.0,0.0,0.0,0.0,41.1366,64.0,1.0661,0.0,0.0
8551.0,1.7486,0.0936,1.0,0.0794,1.2007,2.056,1.056,2.1851,1.1851,26.6276,2.0651,26.3637,2.0545,100.0,0.0,0.0,0.0,25.125,0.0,26.25,0.0,26.125,0.0,25.125,10.0,0.0,0.0085,52.5203,5.252,2.0,8.4911,1.3716,0.9847,1.4711,0.1715,1.3823,1.004e-05,1.001,0.0001,1.9238,12.0,0.0697,1.0019,0.2897,2.6838,0.0229,1.5808,0.0398,1.8212,0.0,0.0,0.0,-0.1519,25.0,25.0,38.0,37.0,14.0,0.0,0.0,0.0,0.0,41.1369,64.0,1.2566,0.0,0.0
8552.0,1.7488,0.0936,1.0,0.0794,1.2007,2.0562,1.0562,2.1848,1.1848,26.5745,2.063,26.373,2.0549,100.0,0.0,0.0,0.0,25.0,0.0,26.125,0.0,26.125,0.0,25.125,10.0,0.0,0.0083,52.5204,5.252,2.0,8.3543,1.3688,0.826,1.4537,0.1633,1.3814,1.005e-05,1.0011,0.0001,1.9239,12.0,0.0692,1.0018,0.2794,2.6681,0.0209,1.5427,0.0552,1.9634,0.0,0.0,0.0,-0.1516,25.0,25.0,38.0,37.0,13.0,0.0,0.0,0.0,0.0,41.1369,64.0,1.4169,0.0,0.0
8553.0,1.7486,0.0936,1.0,0.0797,1.2013,2.0556,1.0556,2.1849,1.1849,26.7117,2.0685,26.3894,2.0556,100.0,0.0,0.0,0.0,25.0,0.0,26.125,0.0,26.125,0.0,25.25,10.0,0.0,0.0081,52.5202,5.252,2.0,8.2814,1.3672,0.9361,1.4658,0.1629,1.3814,1.005e-05,1.0011,0.0001,1.9255,12.0,0.0708,1.0019,0.2324,2.5881,0.0209,1.5424,0.049,1.9122,0.0,0.0,0.0,-0.1518,25.0,25.0,38.0,37.0,15.0,0.0,0.0,0.0,0.0,41.1367,64.0,1.6034,0.0,0.0
8554.0,1.7495,0.0937,1.0,0.0795,1.201,2.0552,1.0552,2.1853,1.1853,26.8231,2.0729,26.3754,2.055,100.0,0.0,0.0,0.0,24.875,0.0,26.125,0.0,26.125,0.0,25.125,10.0,0.0,0.0083,52.5255,5.2517,2.0,8.6692,1.3752,0.9488,1.4671,0.1719,1.3824,1.005e-05,1.001,0.0001,1.9234,12.0,0.068,1.0018,0.2428,2.6072,0.0175,1.4638,0.0605,2.0037,0.0,0.0,0.0,-0.1513,25.0,25.0,38.0,37.0,15.0,0.0,0.0,0.0,0.0,41.1371,64.0,1.8004,0.0,0.0
8555.0,1.7509,0.0939,1.0,0.0793,1.2005,2.0558,1.0558,2.1853,1.1853,26.7546,2.0702,26.3584,2.0543,100.0,0.0,0.0,0.0,25.0,0.0,26.125,0.0,26.125,0.0,25.125,10.0,0.0,0.0086,52.5205,5.252,2.0,8.5636,1.3731,0.7809,1.4488,0.159,1.381,1.004e-05,1.0009,0.0001,1.9191,12.0,0.0626,1.0017,0.2636,2.6428,0.0182,1.483,0.0606,2.0042,0.0,0.0,0.0,-0.152,25.0,25.0,38.0,37.0,15.0,0.0,0.0,0.0,0.0,41.1368,64.0,1.9766,0.0,0.0
8556.0,1.7509,0.0939,1.0,0.0793,1.2003,2.0558,1.0558,2.1853,1.1853,26.6528,2.0661,26.354,2.0542,100.0,0.0,0.0,0.0,25.0,0.0,26.125,0.0,26.125,0.0,25.25,10.0,0.0,0.008,52.5162,5.2515,2.0,8.3446,1.3686,0.6242,1.4317,0.1622,1.3813,1.004e-05,1.0009,0.0001,1.9241,12.0,0.0616,1.0016,0.3066,2.7084,0.0168,1.4484,0.057,1.978,0.0,0.0,0.0,-0.1517,25.0,25.0,38.0,37.0,13.0,0.0,0.0,0.0,0.0,41.1366,64.0,2.161,0.0,0.0
8557.0,1.7513,0.0939,1.0,0.0794,1.2006,2.0557,1.0557,2.185,1.185,26.5621,2.0625,26.3666,2.0547,100.0,0.0,0.0,0.0,25.0,0.0,26.125,0.0,26.125,0.0,25.0,10.0,0.0,0.0086,52.5185,5.2517,2.0,8.133,1.3641,0.4825,1.4163,0.1699,1.3822,1.005e-05,1.0011,0.0001,1.9243,12.0,0.0679,1.0018,0.2596,2.6362,0.0169,1.4491,0.0522,1.9398,0.0,0.0,0.0,-0.1518,25.0,25.0,38.0,37.0,12.0,0.0,0.0,0.0,0.0,41.1368,64.0,2.3406,0.0,0.0
8558.0,1.7509,0.0939,1.0,0.0793,1.2004,2.0552,1.0552,2.1849,1.1849,26.6897,2.0676,26.3828,2.0553,100.0,0.0,0.0,0.0,24.875,0.0,26.125,0.0,26.125,0.0,25.0,10.0,0.0,0.0087,52.5203,5.252,2.0,7.9488,1.3601,0.3825,1.4054,0.1566,1.3807,1.005e-05,1.0011,0.0001,1.9254,12.0,0.0677,1.0018,0.2147,2.5536,0.0159,1.4239,0.0711,2.0735,0.0,0.0,0.0,-0.1514,25.0,25.0,38.0,37.0,13.0,0.0,0.0,0.0,0.0,41.1366,64.0,2.4891,0.0,0.0
8559.0,1.7509,0.0939,1.0,0.0797,1.2014,2.0551,1.0551,2.1853,1.1853,26.8258,2.073,26.3817,2.0553,100.0,0.0,0.0,0.0,25.0,0.0,26.125,0.0,26.125,0.0,25.125,10.0,0.0,0.0082,52.5188,5.2522,2.0,7.785,1.3565,0.2374,1.3895,0.1631,1.3814,1.005e-05,1.0011,0.0001,1.9223,12.0,0.0707,1.0019,0.2306,2.5847,0.015,1.3991,0.0629,2.0208,0.0,0.0,0.0,-0.1514,25.0,25.0,38.0,37.0,15.0,0.0,0.0,0.0,0.0,41.1372,64.0,2.7133,0.0,0.0
8560.0,1.751,0.0939,1.0,0.0796,1.2012,2.0557,1.0557,2.1854,1.1854,26.7873,2.0715,26.3705,2.0548,100.0,0.0,0.0,0.0,24.875,0.0,26.125,0.0,26.125,0.0,25.125,10.0,0.0,0.0088,52.5181,5.2517,2.0,7.619,1.3528,0.1918,1.3846,0.1715,1.3823,1.005e-05,1.0011,0.0001,1.9206,12.0,0.0733,1.002,0.216,2.5563,0.0705,2.0699,0.0601,2.001,0.0,0.0,0.0,-0.1515,25.0,25.0,38.0,37.0,13.0,0.0,0.0,0.0,0.0,41.1366,64.0,2.873,0.0,0.0
8561.0,1.7499,0.0937,1.0,0.0796,1.2011,2.0557,1.0557,2.1853,1.1853,26.6692,2.0668,26.3646,2.0546,100.0,0.0,0.0,0.0,25.0,0.0,26.125,0.0,26.125,0.0,25.125,10.0,0.0,0.0082,52.5203,5.252,2.0,7.6081,1.3525,0.1457,1.3795,0.1527,1.3803,1.004e-05,1.001,0.0001,1.9174,12.0,0.0677,1.0018,0.2226,2.5694,0.0624,2.0173,0.0632,2.0227,0.0,0.0,0.0,-0.1517,25.0,25.0,38.0,37.0,13.0,0.0,0.0,0.0,0.0,41.137,64.0,3.0597,0.0,0.0
8562.0,1.7508,0.0939,1.0,0.0797,1.2013,2.0558,1.0558,2.1851,1.1851,26.5575,2.0623,26.3658,2.0546,100.0,0.0,0.0,0.0,25.0,0.0,26.125,0.0,26.125,0.0,25.25,10.0,0.0,0.0078,52.5203,5.2521,2.0,7.4229,1.3482,0.0542,1.3695,0.1624,1.3813,1.004e-05,1.0009,0.0001,1.9241,12.0,0.0651,1.0017,0.2077,2.5394,0.0602,2.0013,0.0539,1.9537,0.0,0.0,0.0,-0.1513,25.0,25.0,38.0,37.0,13.0,0.0,0.0,0.0,0.0,41.1367,64.0,3.2414,0.0,0.0
8563.0,1.7499,0.0937,1.0,0.0796,1.2011,2.0553,1.0553,2.1849,1.1849,26.644,2.0658,26.3863,2.0555,100.0,0.0,0.0,0.0,24.875,0.0,26.125,0.0,26.125,0.0,25.125,10.0,0.0,0.0082,52.5185,5.2521,2.0,7.4165,1.3481,0.0474,1.3688,0.1599,1.3811,1.004e-05,1.0009,0.0001,1.9259,12.0,0.0639,1.0017,0.1679,2.4469,0.0568,1.9765,0.0557,1.9675,0.0,0.0,0.0,-0.1516,25.0,25.0,38.0,37.0,13.0,0.0,0.0,0.0,0.0,41.1368,64.0,3.4305,0.0,0.0
8564.0,1.7499,0.0937,1.0,0.0794,1.2006,2.0552,1.0552,2.1852,1.1852,26.8165,2.0727,26.3814,2.0553,100.0,0.0,0.0,0.0,24.875,0.0,26.125,0.0,26.125,0.0,25.125,10.0,0.0,0.0078,52.5187,5.2517,2.0,7.2853,1.345,-0.0333,1.36,0.1511,1.3801,1.004e-05,1.0009,0.0001,1.9232,12.0,0.0623,1.0017,0.1583,2.4214,0.0562,1.9719,0.0518,1.9361,0.0,0.0,0.0,-0.1516,25.0,25.0,38.0,37.0,14.0,0.0,0.0,0.0,0.0,41.1366,64.0,3.6191,0.0,0.0
8565.0,1.7509,0.0939,1.0,0.0792,1.2002,2.0556,1.0556,2.1854,1.1854,26.7951,2.0718,26.3654,2.0546,100.0,0.0,0.0,0.0,25.0,0.0,26.125,0.0,26.0,0.0,25.125,10.0,0.0,0.0082,52.5205,5.2519,2.0,7.2145,1.3433,-0.0927,1.3535,0.1608,1.3812,1.004e-05,1.0009,0.0001,1.9198,12.0,0.0611,1.0016,0.1688,2.4493,0.0577,1.9829,0.0523,1.9403,0.0,0.0,0.0,-0.1516,25.0,25.0,38.0,37.0,13.0,0.0,0.0,0.0,0.0,41.1371,64.0,3.7997,0.0,0.0
8566.0,1.7489,0.0936,1.0,0.0798,1.2017,2.0558,1.0558,2.1853,1.1853,26.7182,2.0687,26.3548,2.0542,100.0,0.0,0.0,0.0,25.125,0.0,26.125,0.0,26.0,0.0,25.125,10.0,0.0,0.0081,52.5186,5.2522,2.0,7.1762,1.3424,-0.033,1.36,0.1485,1.3798,1.005e-05,1.0011,0.0001,1.9216,12.0,0.0716,1.0019,0.1792,2.4752,0.0552,1.9635,0.0487,1.9093,0.0,0.0,0.0,-0.1518,25.0,25.0,38.0,37.0,14.0,0.0,0.0,0.0,0.0,41.1367,64.0,3.9874,0.0,0.0
8567.0,1.7479,0.0935,1.0,0.0797,1.2014,2.0558,1.0558,2.1851,1.1851,26.572,2.0629,26.3627,2.0545,100.0,0.0,0.0,0.0,25.0,0.0,26.125,0.0,26.125,0.0,25.125,10.0,0.0,0.0087,52.5182,5.2522,2.0,7.219,1.3434,-0.0272,1.3607,0.153,1.3803,1.005e-05,1.0011,0.0001,1.9254,12.0,0.0713,1.0019,0.1709,2.4546,0.0471,1.8945,0.0419,1.844,0.0,0.0,0.0,-0.1513,25.0,25.0,38.0,37.0,15.0,0.0,0.0,0.0,0.0,41.1366,64.0,4.1656,0.0,0.0
8568.0,1.7471,0.0934,1.0,0.0796,1.201,2.0557,1.0557,2.185,1.185,26.6229,2.0649,26.3817,2.0553,100.0,0.0,0.0,0.0,25.0,0.0,26.125,0.0,26.25,0.0,25.25,10.0,0.0,0.0083,52.5184,5.2514,2.0,7.2511,1.3442,-0.0471,1.3585,0.159,1.381,1.004e-05,1.001,0.0001,1.9266,12.0,0.0694,1.0019,0.1654,2.4403,0.0442,1.8668,0.0451,1.8756,0.0,0.0,0.0,-0.1515,25.0,25.0,38.0,37.0,14.0,0.0,0.0,0.0,0.0,41.1367,64.0,4.3374,0.0,0.0
8569.0,1.7461,0.0933,1.0,0.0795,1.2008,2.0551,1.0551,2.185,1.185,26.7959,2.0718,26.3896,2.0556,100.0,0.0,0.0,0.0,24.875,0.0,26.125,0.0,26.125,0.0,25.25,10.0,0.0,0.0083,52.5201,5.252,2.0,7.2421,1.3439,-0.0072,1.3629,0.1442,1.3794,1.004e-05,1.0009,0.0001,1.9244,12.0,0.0639,1.0017,0.1277,2.328,0.041,1.8346,0.039,1.8128,0.0,0.0,0.0,-0.1515,25.0,25.0,38.0,37.0,13.0,0.0,0.0,0.0,0.0,41.1375,64.0,4.5443,0.0,0.0
8570.0,1.7447,0.0931,1.0,0.0795,1.2009,2.0555,1.0555,2.1858,1.1858,26.8124,2.0725,26.3729,2.0549,100.0,0.0,0.0,0.0,24.875,0.0,26.125,0.0,26.25,0.0,25.125,10.0,0.0,0.0086,52.5191,5.2523,2.0,7.1891,1.3427,-0.0873,1.3541,0.1538,1.3804,1.004e-05,1.0009,0.0001,1.922,12.0,0.0649,1.0017,0.1406,2.3699,0.0393,1.8165,0.0578,1.9836,0.0,0.0,0.0,-0.1516,25.0,25.0,38.0,37.0,13.0,0.0,0.0,0.0,0.0,41.1368,64.0,4.7005,0.0,0.0
8571.0,1.7453,0.0932,1.0,0.0794,1.2006,2.0558,1.0558,2.1855,1.1855,26.7107,2.0684,26.3561,2.0542,100.0,0.0,0.0,0.0,24.875,0.0,26.125,0.0,26.25,0.0,25.125,10.0,0.0,0.0082,52.5174,5.2518,2.0,6.9558,1.3369,-0.2382,1.3377,0.1491,1.3799,1.004e-05,1.0009,0.0001,1.9246,12.0,0.0642,1.0017,0.1411,2.3713,0.0368,1.7873,0.049,1.9123,0.0,0.0,0.0,-0.1515,25.0,25.0,38.0,37.0,13.0,0.0,0.0,0.0,0.0,41.1368,64.0,4.8906,0.0,0.0
8572.0,1.7451,0.0931,1.0,0.0793,1.2002,2.0554,1.0554,2.1853,1.1853,26.5916,2.0637,26.3521,2.0541,100.0,0.0,0.0,0.0,25.0,0.0,26.125,0.0,26.125,0.0,25.125,10.0,0.0,0.0085,52.5182,5.2514,2.0,6.6915,1.3302,-0.3686,1.3234,0.1422,1.3791,1.004e-05,1.0008,0.0001,1.9244,12.0,0.0616,1.0016,0.1399,2.3676,0.0417,1.8425,0.0539,1.9532,0.0,0.0,0.0,-0.1514,25.0,25.0,38.0,37.0,14.0,0.0,0.0,0.0,0.0,41.1365,64.0,5.0718,0.0,0.0
8573.0,1.7467,0.0933,1.0,0.0793,1.2003,2.0554,1.0554,2.185,1.185,26.6002,2.064,26.3757,2.055,100.0,0.0,0.0,0.0,25.0,0.0,26.25,0.0,26.0,0.0,25.0,10.0,0.0,0.008,52.5197,5.2519,2.0,6.5411,1.3263,-0.4123,1.3187,0.1531,1.3803,1.004e-05,1.0009,0.0001,1.9264,12.0,0.0617,1.0016,0.117,2.29,0.0935,2.1928,0.0492,1.914,0.0,0.0,0.0,-0.1519,25.0,25.0,38.0,37.0,14.0,0.0,0.0,0.0,0.0,41.1364,64.0,5.2705,0.0,0.0
8574.0,1.7463,0.0933,1.0,0.0794,1.2006,2.0553,1.0553,2.185,1.185,26.7802,2.0712,26.3894,2.0556,100.0,0.0,0.0,0.0,25.0,0.0,26.125,0.0,26.125,0.0,25.125,10.0,0.0,0.0081,52.5187,5.2523,2.0,6.5326,1.326,-0.3697,1.3233,0.1451,1.3795,1.004e-05,1.001,0.0001,1.9244,12.0,0.0663,1.0018,0.1034,2.2363,0.0911,2.1815,0.0446,1.871,0.0,0.0,0.0,-0.1513,25.0,25.0,38.0,37.0,15.0,0.0,0.0,0.0,0.0,41.1371,64.0,5.4626,0.0,0.0
8575.0,1.7438,0.093,1.0,0.0794,1.2006,2.0555,1.0555,2.1858,1.1858,26.8153,2.0726,26.3725,2.0549,100.0,0.0,0.0,0.0,25.0,0.0,26.25,0.0,26.125,0.0,25.125,10.0,0.0,0.0088,52.517,5.2517,2.0,6.4989,1.3251,-0.3888,1.3212,0.1426,1.3792,1.004e-05,1.001,0.0001,1.9203,12.0,0.067,1.0018,0.1841,2.4868,0.0747,2.0952,0.0479,1.9022,0.0,0.0,0.0,-0.1521,25.0,25.0,38.0,37.0,15.0,0.0,0.0,0.0,0.0,41.1366,64.0,5.6496,0.0,0.0
8576.0,1.7455,0.0932,1.0,0.0795,1.201,2.0557,1.0557,2.1855,1.1855,26.7329,2.0693,26.3672,2.0547,100.0,0.0,0.0,0.0,25.0,0.0,26.0,0.0,26.0,0.0,25.125,10.0,0.0,0.0079,52.5192,5.2515,2.0,6.4877,1.3248,-0.3689,1.3234,0.1531,1.3803,1.005e-05,1.0011,0.0001,1.9194,12.0,0.0707,1.0019,0.1687,2.4491,0.0766,2.1058,0.0444,1.8696,0.0,0.0,0.0,-0.1515,25.0,25.0,38.0,37.0,13.0,0.0,0.0,0.0,0.0,41.1362,64.0,5.841,0.0,0.0
8577.0,1.7457,0.0932,1.0,0.0793,1.2003,2.0558,1.0558,2.1852,1.1852,26.5953,2.0638,26.363,2.0545,100.0,0.0,0.0,0.0,25.0,0.0,26.125,0.0,26.125,0.0,25.25,10.0,0.0,0.0083,52.52,5.252,2.0,6.521,1.3257,-0.3474,1.3257,0.1408,1.379,1.004e-05,1.001,0.0001,1.9284,12.0,0.0652,1.0017,0.1478,2.3916,0.0707,2.0712,0.0377,1.7977,0.0,0.0,0.0,-0.1516,25.0,25.0,38.0,37.0,15.0,0.0,0.0,0.0,0.0,41.1365,64.0,6.0074,0.0,0.0
8578.0,1.7467,0.0933,1.0,0.0795,1.2008,2.0557,1.0557,2.185,1.185,26.5834,2.0633,26.3692,2.0548,100.0,0.0,0.0,0.0,25.125,0.0,26.125,0.0,26.125,0.0,25.0,10.0,0.0,0.0081,52.5171,5.2521,2.0,6.507,1.3254,-0.3539,1.325,0.1437,1.3793,1.004e-05,1.0009,0.0001,1.9266,12.0,0.0644,1.0017,0.1546,2.411,0.0714,2.0755,0.039,1.8127,0.0,0.0,0.0,-0.1516,25.0,25.0,38.0,37.0,16.0,0.0,0.0,0.0,0.0,41.1367,64.0,6.2112,0.0,0.0
8579.0,1.7478,0.0935,1.0,0.0793,1.2003,2.0552,1.0552,2.1849,1.1849,26.742,2.0697,26.3863,2.0555,100.0,0.0,0.0,0.0,25.0,0.0,26.125,0.0,26.125,0.0,25.125,10.0,0.0,0.0078,52.5165,5.2515,2.0,6.5043,1.3253,-0.3098,1.3298,0.1487,1.3799,1.004e-05,1.0008,0.0001,1.9254,12.0,0.0621,1.0017,0.2331,2.5894,0.0718,2.0781,0.038,1.8022,0.0,0.0,0.0,-0.1518,25.0,25.0,38.0,37.0,14.0,0.0,0.0,0.0,0.0,41.1372,64.0,6.3824,0.0,0.0
8580.0,1.7459,0.0932,1.0,0.0792,1.2001,2.0554,1.0554,2.1854,1.1854,26.8165,2.0727,26.3765,2.0551,100.0,0.0,0.0,0.0,25.0,0.0,26.0,0.0,26.0,0.0,25.125,10.0,0.0,0.0076,52.5185,5.2514,2.0,6.5219,1.3258,-0.2954,1.3314,0.1331,1.3782,1.004e-05,1.0008,0.0001,1.9214,12.0,0.0602,1.0016,0.2188,2.562,0.0595,1.9965,0.0328,1.7381,0.0,0.0,0.0,-0.1513,25.0,25.0,38.0,37.0,17.0,0.0,0.0,0.0,0.0,41.1368,64.0,6.5636,0.0,0.0
8581.0,1.7477,0.0935,1.0,0.0795,1.2008,2.0557,1.0557,2.1853,1.1853,26.7541,2.0702,26.3665,2.0547,100.0,0.0,0.0,0.0,25.0,0.0,26.125,0.0,26.125,0.0,25.125,10.0,0.0,0.0084,52.5187,5.2521,2.0,6.6284,1.3286,-0.1576,1.3464,0.1423,1.3792,1.004e-05,1.0009,0.0001,1.9247,12.0,0.0603,1.0016,0.2099,2.5439,0.062,2.0142,0.05,1.9206,0.0,0.0,0.0,-0.1516,25.0,25.0,38.0,37.0,12.0,0.0,0.0,0.0,0.0,41.1367,64.0,6.7529,0.0,0.0
8582.0,1.7488,0.0936,1.0,0.0793,1.2004,2.0559,1.0559,2.1852,1.1852,26.6311,2.0652,26.3634,2.0545,100.0,0.0,0.0,0.0,25.0,0.0,26.125,0.0,26.125,0.0,25.125,10.0,0.0,0.009,52.5164,5.252,2.0,6.7702,1.3322,-0.175,1.3446,0.1493,1.3799,1.004e-05,1.001,0.0001,1.9283,12.0,0.0656,1.0018,0.1447,2.3822,0.0524,1.9412,0.0496,1.9172,0.0,0.0,0.0,-0.1513,25.0,25.0,38.0,37.0,14.0,0.0,0.0,0.0,0.0,41.1363,64.0,6.9482,0.0,0.0
8583.0,1.7478,0.0935,1.0,0.0795,1.2009,2.0557,1.0557,2.185,1.185,26.5761,2.063,26.373,2.0549,100.0,0.0,0.0,0.0,24.875,0.0,26.125,0.0,26.125,0.0,25.0,10.0,0.0,0.0081,52.5164,5.2513,2.0,6.6774,1.3298,-0.1678,1.3453,0.1326,1.3781,1.004e-05,1.001,0.0001,1.9282,12.0,0.0651,1.0017,0.1533,2.4075,0.0539,1.9538,0.0463,1.8875,0.0,0.0,0.0,-0.1513,25.0,25.0,38.0,37.0,13.0,0.0,0.0,0.0,0.0,41.1367,64.0,7.1357,0.0,0.0
8584.0,1.7488,0.0936,1.0,0.0793,1.2004,2.0552,1.0552,2.1849,1.1849,26.7219,2.0689,26.3897,2.0556,100.0,0.0,0.0,0.0,24.875,0.0,26.125,0.0,26.0,0.0,25.125,10.0,0.0,0.0082,52.519,5.2516,2.0,6.6774,1.3298,-0.15,1.3473,0.143,1.3792,1.004e-05,1.001,0.0001,1.9248,12.0,0.0653,1.0017,0.1623,2.4321,0.0535,1.9502,0.0639,2.0273,0.0,0.0,0.0,-0.1517,25.0,25.0,38.0,37.0,14.0,0.0,0.0,0.0,0.0,41.1366,64.0,7.3383,0.0,0.0
8585.0,1.7478,0.0935,1.0,0.0795,1.2009,2.0551,1.0551,2.1852,1.1852,26.8265,2.0731,26.3795,2.0552,100.0,0.0,0.0,0.0,25.0,0.0,26.125,0.0,26.125,0.0,25.125,10.0,0.0,0.0086,52.5179,5.2521,2.0,6.6629,1.3295,-0.163,1.3459,0.1329,1.3781,1.005e-05,1.0011,0.0001,1.9226,12.0,0.0685,1.0018,0.1386,2.3635,0.0505,1.9247,0.0566,1.9749,0.0,0.0,0.0,-0.1516,25.0,25.0,38.0,37.0,14.0,0.0,0.0,0.0,0.0,41.1365,64.0,7.4939,0.0,0.0
8586.0,1.7493,0.0937,1.0,0.0796,1.2012,2.0558,1.0558,2.1854,1.1854,26.7653,2.0706,26.3667,2.0547,100.0,0.0,0.0,0.0,24.875,0.0,26.125,0.0,26.125,0.0,25.125,10.0,0.0,0.0082,52.5163,5.2519,2.0,6.7169,1.3309,-0.1422,1.3481,0.1324,1.3781,1.005e-05,1.0011,0.0001,1.9292,12.0,0.0699,1.0019,0.2481,2.6164,0.048,1.9032,0.0527,1.944,0.0,0.0,0.0,-0.1516,25.0,25.0,38.0,37.0,13.0,0.0,0.0,0.0,0.0,41.1365,64.0,7.6936,0.0,0.0
8587.0,1.7498,0.0937,1.0,0.0796,1.2011,2.0558,1.0558,2.1853,1.1853,26.6586,2.0663,26.3542,2.0542,100.0,0.0,0.0,0.0,24.875,0.0,26.125,0.0,26.125,0.0,25.125,10.0,0.0,0.0082,52.5167,5.2513,2.0,6.6324,1.3287,-0.175,1.3445,0.1439,1.3793,1.005e-05,1.0011,0.0001,1.9306,12.0,0.0696,1.0019,0.2009,2.5249,0.0457,1.882,0.0533,1.9485,0.0,0.0,0.0,-0.1517,25.0,25.0,38.0,37.0,14.0,0.0,0.0,0.0,0.0,41.1369,64.0,7.8844,0.0,0.0
8588.0,1.7508,0.0938,1.0,0.0796,1.2013,2.0558,1.0558,2.1851,1.1851,26.5586,2.0623,26.3625,2.0545,100.0,0.0,0.0,0.0,24.875,0.0,26.125,0.0,26.125,0.0,25.125,10.0,0.0,0.0082,52.5184,5.2518,2.0,6.6346,1.3287,-0.1846,1.3435,0.1305,1.3779,1.004e-05,1.0009,0.0001,1.9293,12.0,0.0643,1.0017,0.2328,2.5889,0.044,1.8656,0.0609,2.0063,0.0,0.0,0.0,-0.1515,25.0,25.0,38.0,37.0,16.0,0.0,0.0,0.0,0.0,41.1372,64.0,8.0523,0.0,0.0
8589.0,1.7498,0.0937,1.0,0.0793,1.2002,2.0555,1.0555,2.185,1.185,26.6746,2.067,26.3877,2.0555,100.0,0.0,0.0,0.0,24.875,0.0,26.125,0.0,26.125,0.0,25.125,10.0,0.0,0.0081,52.5177,5.2521,2.0,6.5881,1.3275,-0.1816,1.3438,0.1316,1.378,1.004e-05,1.0009,0.0001,1.9254,12.0,0.0628,1.0017,0.1716,2.4563,0.0403,1.8275,0.0627,2.019,0.0,0.0,0.0,-0.1516,25.0,25.0,38.0,37.0,14.0,0.0,0.0,0.0,0.0,41.1368,64.0,8.2448,0.0,0.0
8590.0,1.7498,0.0937,1.0,0.0794,1.2006,2.0555,1.0555,2.185,1.185,26.8238,2.073,26.3915,2.0557,100.0,0.0,0.0,0.0,25.0,0.0,26.125,0.0,26.125,0.0,25.125,10.0,0.0,0.0078,52.516,5.2516,2.0,6.5752,1.3272,-0.174,1.3447,0.1378,1.3787,1.004e-05,1.0008,0.0001,1.9283,12.0,0.0613,1.0016,0.1836,2.4858,0.037,1.7895,0.0738,2.09,0.0,0.0,0.0,-0.1512,25.0,25.0,38.0,37.0,13.0,0.0,0.0,0.0,0.0,41.1372,64.0,8.4256,0.0,0.0
8591.0,1.7498,0.0937,1.0,0.0795,1.2009,2.0561,1.0561,2.1851,1.1851,26.7829,2.0713,26.3684,2.0547,100.0,0.0,0.0,0.0,25.0,0.0,26.125,0.0,26.125,0.0,25.125,10.0,0.0,0.0085,52.5174,5.2514,2.0,6.6071,1.328,-0.193,1.3426,0.1251,1.3773,1.003e-05,1.0008,0.0001,1.9314,12.0,0.0609,1.0016,0.1584,2.4217,0.0343,1.757,0.071,2.0731,0.0,0.0,0.0,-0.1518,25.0,25.0,38.0,37.0,13.0,0.0,0.0,0.0,0.0,41.1371,64.0,8.6122,0.0,0.0
8592.0,1.7488,0.0936,1.0,0.0795,1.2008,2.0562,1.0562,2.1853,1.1853,26.6629,2.0665,26.364,2.0546,100.0,0.0,0.0,0.0,25.0,0.0,26.125,0.0,26.125,0.0,25.0,10.0,0.0,0.0085,52.5179,5.2518,2.0,6.524,1.3258,-0.221,1.3395,0.1292,1.3777,1.004e-05,1.0009,0.0001,1.9298,12.0,0.0646,1.0017,0.1626,2.433,0.0325,1.7331,0.0689,2.0599,0.0,0.0,0.0,-0.1517,25.0,25.0,38.0,37.0,16.0,0.0,0.0,0.0,0.0,41.1366,64.0,8.7922,0.0,0.0
8593.0,1.7489,0.0936,1.0,0.0793,1.2003,2.0558,1.0558,2.185,1.185,26.5634,2.0625,26.3634,2.0545,100.0,0.0,0.0,0.0,24.875,0.0,26.125,0.0,26.125,0.0,25.125,10.0,0.0,0.0081,52.5164,5.2519,2.0,6.4697,1.3244,-0.2346,1.338,0.1358,1.3784,1.004e-05,1.001,0.0001,1.9299,12.0,0.0647,1.0017,0.1516,2.4025,0.0358,1.7755,0.0778,2.1127,0.0,0.0,0.0,-0.1513,25.0,25.0,38.0,37.0,14.0,0.0,0.0,0.0,0.0,41.1365,64.0,8.9814,0.0,0.0
8594.0,1.7507,0.0938,1.0,0.0794,1.2007,2.0553,1.0553,2.1849,1.1849,26.6374,2.0655,26.3849,2.0554,100.0,0.0,0.0,0.0,25.0,0.0,26.125,0.0,26.125,0.0,25.125,10.0,0.0,0.0084,52.516,5.2514,2.0,6.4511,1.3239,-0.2092,1.3408,0.1224,1.377,1.004e-05,1.001,0.0001,1.9264,12.0,0.0677,1.0018,0.1395,2.3666,0.0351,1.7666,0.0745,2.0938,0.0,0.0,0.0,-0.1517,25.0,25.0,38.0,37.0,15.0,0.0,0.0,0.0,0.0,41.1374,64.0,9.1609,0.0,0.0
8595.0,1.7499,0.0937,1.0,0.0795,1.2008,2.0551,1.0551,2.1851,1.1851,26.8019,2.0721,26.3854,2.0554,100.0,0.0,0.0,0.0,25.0,0.0,26.125,0.0,26.125,0.0,25.0,10.0,0.0,0.0081,52.518,5.2517,2.0,6.4396,1.3235,-0.2538,1.336,0.1312,1.378,1.005e-05,1.0011,0.0001,1.931,12.0,0.0678,1.0018,0.211,2.546,0.0341,1.7547,0.0769,2.108,0.0,0.0,0.0,-0.1515,25.0,25.0,38.0,37.0,15.0,0.0,0.0,0.0,0.0,41.137,64.0,9.3663,0.0,0.0
8596.0,1.7482,0.0935,1.0,0.0798,1.2018,2.0556,1.0556,2.1854,1.1854,26.7986,2.0719,26.3717,2.0549,100.0,0.0,0.0,0.0,25.0,0.0,26.125,0.0,26.125,0.0,25.125,10.0,0.0,0.0087,52.517,5.2518,2.0,6.3397,1.3208,-0.238,1.3377,0.1294,1.3778,1.005e-05,1.0011,0.0001,1.9298,12.0,0.0709,1.0019,0.1961,2.5143,0.0314,1.7184,0.0694,2.0629,0.0,0.0,0.0,-0.1519,25.0,25.0,38.0,37.0,14.0,0.0,0.0,0.0,0.0,41.1367,64.0,9.5424,0.0,0.0
8597.0,1.7491,0.0936,1.0,0.0795,1.2007,2.0557,1.0557,2.1853,1.1853,26.7026,2.0681,26.3651,2.0546,100.0,0.0,0.0,0.0,25.0,0.0,26.125,0.0,26.125,0.0,25.125,10.0,0.0,0.0085,52.5158,5.2516,2.0,6.3823,1.322,-0.2752,1.3336,0.1228,1.377,1.005e-05,1.0011,0.0001,1.9321,12.0,0.0705,1.0019,0.1638,2.4361,0.0833,2.1426,0.067,2.0482,0.0,0.0,0.0,-0.1517,25.0,25.0,38.0,37.0,14.0,0.0,0.0,0.0,0.0,41.1371,64.0,9.7087,0.0,0.0
8598.0,1.7508,0.0938,1.0,0.0796,1.2011,2.0558,1.0558,2.1851,1.1851,26.5808,2.0632,26.3607,2.0544,100.0,0.0,0.0,0.0,25.0,0.0,26.0,0.0,26.125,0.0,25.125,10.0,0.0,0.0085,52.5164,5.2514,2.0,6.1838,1.3165,-0.3532,1.3251,0.1315,1.378,1.004e-05,1.001,0.0001,1.9313,12.0,0.0659,1.0018,0.1467,2.3882,0.087,2.1612,0.0711,2.0736,0.0,0.0,0.0,-0.1517,25.0,25.0,38.0,37.0,14.0,0.0,0.0,0.0,0.0,41.1371,64.0,9.872,0.0,0.0
8599.0,1.7509,0.0939,1.0,0.0794,1.2007,2.0555,1.0555,2.185,1.185,26.6146,2.0646,26.3819,2.0553,100.0,0.0,0.0,0.0,25.0,0.0,26.125,0.0,26.125,0.0,25.125,10.0,0.0,0.0079,52.5168,5.2517,2.0,6.1005,1.3141,-0.3661,1.3237,0.1149,1.3762,1.004e-05,1.0009,0.0001,1.9274,12.0,0.0642,1.0017,0.1809,2.4792,0.0808,2.1293,0.0671,2.0485,0.0,0.0,0.0,-0.1512,25.0,25.0,38.0,37.0,13.0,0.0,0.0,0.0,0.0,41.1368,64.0,10.0612,0.0,0.0
8600.0,1.7509,0.0939,1.0,0.0794,1.2007,2.0555,1.0555,2.185,1.185,26.7897,2.0716,26.3892,2.0556,100.0,0.0,0.0,0.0,24.875,0.0,26.125,0.0,26.25,0.0,25.0,10.0,0.0,0.0086,52.5167,5.2518,2.0,6.0858,1.3137,-0.3962,1.3204,0.1205,1.3768,1.004e-05,1.001,0.0001,1.9297,12.0,0.0677,1.0018,0.1618,2.4308,0.0727,2.0837,0.0723,2.081,0.0,0.0,0.0,-0.1518,25.0,25.0,38.0,37.0,14.0,0.0,0.0,0.0,0.0,41.137,64.0,10.2382,0.0,0.0
8601.0,1.7499,0.0937,1.0,0.0797,1.2013,2.0558,1.0558,2.1854,1.1854,26.8162,2.0726,26.3745,2.055,100.0,0.0,0.0,0.0,24.875,0.0,26.125,0.0,26.125,0.0,25.125,10.0,0.0,0.0082,52.5153,5.2515,2.0,6.0161,1.3117,-0.404,1.3196,0.131,1.3779,1.004e-05,1.001,0.0001,1.9326,12.0,0.0703,1.0019,0.1567,2.4168,0.0722,2.0805,0.0786,2.1174,0.0,0.0,0.0,-0.1516,25.0,25.0,38.0,37.0,14.0,0.0,0.0,0.0,0.0,41.1364,64.0,10.4563,0.0,0.0
8602.0,1.7508,0.0939,1.0,0.0797,1.2014,2.0562,1.0562,2.1853,1.1853,26.7131,2.0685,26.3664,2.0547,100.0,0.0,0.0,0.0,24.875,0.0,26.125,0.0,26.125,0.0,25.125,10.0,0.0,0.008,52.5159,5.2514,2.0,6.0177,1.3118,-0.3728,1.323,0.1136,1.376,1.005e-05,1.0012,0.0001,1.9313,12.0,0.0694,1.0019,0.1677,2.4465,0.0637,2.0259,0.0709,2.0727,0.0,0.0,0.0,-0.1514,25.0,25.0,38.0,37.0,15.0,0.0,0.0,0.0,0.0,41.1364,64.0,10.5947,0.0,0.0
8603.0,1.7509,0.0939,1.0,0.0797,1.2014,2.056,1.056,2.1851,1.1851,26.5823,2.0633,26.3608,2.0544,100.0,0.0,0.0,0.0,24.875,0.0,26.125,0.0,26.125,0.0,25.0,10.0,0.0,0.0076,52.5163,5.2516,2.0,5.9806,1.3107,-0.3996,1.32,0.1192,1.3766,1.005e-05,1.0011,0.0001,1.9276,12.0,0.0707,1.0019,0.1559,2.4146,0.0622,2.0154,0.078,2.1137,0.0,0.0,0.0,-0.1514,25.0,25.0,38.0,37.0,12.0,0.0,0.0,0.0,0.0,41.1369,64.0,10.7765,0.0,0.0
8604.0,1.7519,0.094,1.0,0.0795,1.2008,2.0555,1.0555,2.185,1.185,26.6032,2.0641,26.3802,2.0552,100.0,0.0,0.0,0.0,25.0,0.0,26.125,0.0,26.125,0.0,25.0,10.0,0.0,0.0079,52.5156,5.2517,2.0,5.8949,1.3082,-0.4175,1.3181,0.1281,1.3776,1.004e-05,1.001,0.0001,1.9254,12.0,0.0653,1.0017,0.1166,2.2884,0.0528,1.9445,0.0636,2.0254,0.0,0.0,0.0,-0.1515,25.0,25.0,38.0,37.0,14.0,0.0,0.0,0.0,0.0,41.1365,64.0,10.9941,0.0,0.0
8605.0,1.7539,0.0942,1.0,0.0795,1.2009,2.0551,1.0551,2.1849,1.1849,26.7658,2.0706,26.391,2.0556,100.0,0.0,0.0,0.0,24.875,0.0,26.125,0.0,26.125,0.0,25.125,10.0,0.0,0.0082,52.515,5.2514,2.0,5.837,1.3065,-0.4622,1.3132,0.109,1.3755,1.004e-05,1.0009,0.0001,1.922,12.0,0.0663,1.0018,0.1828,2.4839,0.0634,2.0238,0.065,2.0345,0.0,0.0,0.0,-0.1519,25.0,25.0,38.0,37.0,13.0,0.0,0.0,0.0,0.0,41.1365,64.0,11.161,0.0,0.0
8606.0,1.7551,0.0944,1.0,0.0795,1.2009,2.0554,1.0554,2.1853,1.1853,26.8247,2.073,26.3774,2.0551,100.0,0.0,0.0,0.0,24.875,0.0,26.125,0.0,26.125,0.0,25.125,10.0,0.0,0.0076,52.5162,5.2516,2.0,5.8081,1.3056,-0.445,1.3151,0.1209,1.3768,1.004e-05,1.0009,0.0001,1.9282,12.0,0.0648,1.0017,0.2022,2.5277,0.0495,1.9162,0.066,2.0413,0.0,0.0,0.0,-0.1517,25.0,25.0,38.0,37.0,14.0,0.0,0.0,0.0,0.0,41.1365,64.0,11.3472,0.0,0.0
8607.0,1.7559,0.0945,1.0,0.0791,1.1998,2.0558,1.0558,2.1854,1.1854,26.7468,2.0699,26.368,2.0547,100.0,0.0,0.0,0.0,24.875,0.0,26.0,0.0,26.125,0.0,25.0,10.0,0.0,0.0083,52.5167,5.2517,2.0,5.8844,1.3079,-0.3626,1.3241,0.1141,1.3761,1.004e-05,1.0009,0.0001,1.931,12.0,0.0621,1.0017,0.1551,2.4126,0.0521,1.939,0.0622,2.016,0.0,0.0,0.0,-0.1515,25.0,25.0,38.0,37.0,13.0,0.0,0.0,0.0,0.0,41.1363,64.0,11.5228,0.0,0.0
8608.0,1.7551,0.0944,1.0,0.0792,1.2002,2.0561,1.0561,2.1852,1.1852,26.6223,2.0649,26.3631,2.0545,100.0,0.0,0.0,0.0,24.875,0.0,26.125,0.0,26.125,0.0,25.0,10.0,0.0,0.0087,52.5152,5.2517,2.0,5.8592,1.3071,-0.4014,1.3198,0.1105,1.3757,1.004e-05,1.001,0.0001,1.9291,12.0,0.0617,1.0016,0.1566,2.4166,0.0493,1.9149,0.0596,1.9968,0.0,0.0,0.0,-0.1518,25.0,25.0,38.0,37.0,14.0,0.0,0.0,0.0,0.0,41.1364,64.0,11.6666,0.0,0.0
8609.0,1.7561,0.0945,1.0,0.0794,1.2006,2.0559,1.0559,2.1854,1.1854,26.6016,2.0641,26.3797,2.0552,100.0,0.0,0.0,0.0,25.0,0.0,26.125,0.0,26.125,0.0,25.125,10.0,0.0,0.0083,52.5149,5.2515,2.0,5.8831,1.3078,-0.3094,1.3299,0.1164,1.3763,1.004e-05,1.001,0.0001,1.9287,12.0,0.0641,1.0017,0.1493,2.3958,0.0439,1.8644,0.0565,1.9739,0.0,0.0,0.0,-0.1515,25.0,25.0,38.0,37.0,14.0,0.0,0.0,0.0,0.0,41.137,64.0,11.8562,0.0,0.0
8610.0,1.7572,0.0947,1.0,0.0795,1.2009,2.0556,1.0556,2.1853,1.1853,26.7228,2.0689,26.3908,2.0556,100.0,0.0,0.0,0.0,25.0,0.0,26.125,0.0,26.125,0.0,25.125,10.0,0.0,0.0078,52.5158,5.2515,2.0,5.9279,1.3092,-0.3097,1.3299,0.1152,1.3762,1.004e-05,1.001,0.0001,1.9236,12.0,0.0688,1.0018,0.1635,2.4353,0.042,1.8454,0.0514,1.9325,0.0,0.0,0.0,-0.1516,25.0,25.0,38.0,37.0,15.0,0.0,0.0,0.0,0.0,41.1365,64.0,12.0322,0.0,0.0
8611.0,1.7567,0.0946,1.0,0.0795,1.201,2.0556,1.0556,2.1853,1.1853,26.8259,2.073,26.3801,2.0552,100.0,0.0,0.0,0.0,25.0,0.0,26.125,0.0,26.125,0.0,25.0,10.0,0.0,0.0079,52.5157,5.2516,2.0,5.8697,1.3074,-0.3601,1.3244,0.109,1.3755,1.004e-05,1.001,0.0001,1.9286,12.0,0.0652,1.0017,0.1357,2.3545,0.0444,1.8697,0.0564,1.9731,0.0,0.0,0.0,-0.1514,25.0,25.0,38.0,37.0,13.0,0.0,0.0,0.0,0.0,41.1372,64.0,12.2199,0.0,0.0
8612.0,1.7551,0.0944,1.0,0.0794,1.2006,2.0561,1.0561,2.1849,1.1849,26.7366,2.0695,26.3659,2.0546,100.0,0.0,0.0,0.0,24.875,0.0,26.125,0.0,26.125,0.0,25.125,10.0,0.0,0.0088,52.5157,5.2517,2.0,5.8038,1.3055,-0.3449,1.326,0.1124,1.3759,1.004e-05,1.0008,0.0001,1.9276,12.0,0.0632,1.0017,0.1321,2.3426,0.0376,1.7975,0.0646,2.0322,0.0,0.0,0.0,-0.1515,25.0,25.0,38.0,37.0,13.0,0.0,0.0,0.0,0.0,41.1372,64.0,12.3974,0.0,0.0
8613.0,1.7545,0.0943,1.0,0.0792,1.2001,2.056,1.056,2.185,1.185,26.6305,2.0652,26.3633,2.0545,100.0,0.0,0.0,0.0,25.0,0.0,26.125,0.0,26.125,0.0,25.125,10.0,0.0,0.0078,52.515,5.2514,2.0,5.78,1.3048,-0.4011,1.3199,0.1225,1.377,1.004e-05,1.0008,0.0001,1.9268,12.0,0.0614,1.0016,0.1233,2.3129,0.036,1.7776,0.0574,1.9806,0.0,0.0,0.0,-0.1517,25.0,25.0,38.0,37.0,17.0,0.0,0.0,0.0,0.0,41.1362,64.0,12.6285,0.0,0.0
8614.0,1.7557,0.0945,1.0,0.0794,1.2007,2.0556,1.0556,2.185,1.185,26.581,2.0632,26.3708,2.0548,100.0,0.0,0.0,0.0,25.0,0.0,26.125,0.0,26.125,0.0,25.0,10.0,0.0,0.0077,52.5153,5.2515,2.0,5.6733,1.3015,-0.4146,1.3184,0.1077,1.3754,1.004e-05,1.0009,0.0001,1.9225,12.0,0.0611,1.0016,0.1215,2.3064,0.0326,1.7346,0.0644,2.0306,0.0,0.0,0.0,-0.1517,25.0,25.0,38.0,37.0,13.0,0.0,0.0,0.0,0.0,41.1363,64.0,12.7691,0.0,0.0
8615.0,1.7562,0.0945,1.0,0.0793,1.2003,2.0551,1.0551,2.1849,1.1849,26.7222,2.0689,26.3841,2.0554,100.0,0.0,0.0,0.0,25.0,0.0,26.125,0.0,26.0,0.0,25.125,10.0,0.0,0.0082,52.5153,5.2515,2.0,5.6222,1.3,-0.4384,1.3158,0.1162,1.3763,1.004e-05,1.001,0.0001,1.9302,12.0,0.0676,1.0018,0.1197,2.3001,0.0317,1.7229,0.0551,1.963,0.0,0.0,0.0,-0.1516,25.0,25.0,38.0,37.0,13.0,0.0,0.0,0.0,0.0,41.1368,64.0,12.9837,0.0,0.0
8616.0,1.7552,0.0944,1.0,0.0795,1.2008,2.0552,1.0552,2.1852,1.1852,26.8166,2.0727,26.3837,2.0553,100.0,0.0,0.0,0.0,25.0,0.0,26.125,0.0,26.125,0.0,25.125,10.0,0.0,0.0084,52.5151,5.2515,2.0,5.5841,1.2988,-0.4619,1.3133,0.1191,1.3766,1.004e-05,1.001,0.0001,1.9311,12.0,0.0687,1.0018,0.1153,2.2838,0.0322,1.7302,0.0535,1.9504,0.0,0.0,0.0,-0.1515,25.0,25.0,38.0,37.0,15.0,0.0,0.0,0.0,0.0,41.1365,64.0,13.1688,0.0,0.0
8617.0,1.7551,0.0944,1.0,0.0798,1.2016,2.0561,1.0561,2.1851,1.1851,26.7704,2.0708,26.3784,2.0551,100.0,0.0,0.0,0.0,25.0,0.0,26.0,0.0,26.125,0.0,25.125,10.0,0.0,0.008,52.5152,5.2515,2.0,5.5883,1.2989,-0.4308,1.3166,0.1083,1.3755,1.005e-05,1.0011,0.0001,1.9324,12.0,0.0727,1.0019,0.1052,2.2437,0.0305,1.7055,0.0544,1.9573,0.0,0.0,0.0,-0.1518,25.0,25.0,38.0,37.0,16.0,0.0,0.0,0.0,0.0,41.1369,64.0,13.37,0.0,0.0
8618.0,1.753,0.0941,1.0,0.0795,1.201,2.0561,1.0561,2.1853,1.1853,26.663,2.0665,26.3746,2.055,100.0,0.0,0.0,0.0,24.875,0.0,26.125,0.0,26.125,0.0,25.0,10.0,0.0,0.0081,52.5151,5.2515,2.0,5.6233,1.3,-0.3336,1.3272,0.1181,1.3765,1.005e-05,1.0011,0.0001,1.9296,12.0,0.0715,1.0019,0.1834,2.4852,0.0327,1.7363,0.0552,1.9635,0.0,0.0,0.0,-0.1516,25.0,25.0,38.0,37.0,13.0,0.0,0.0,0.0,0.0,41.1366,64.0,13.5619,0.0,0.0
8619.0,1.7509,0.0939,1.0,0.0796,1.2013,2.0557,1.0557,2.1854,1.1854,26.5667,2.0627,26.357,2.0543,100.0,0.0,0.0,0.0,25.0,0.0,26.0,0.0,26.125,0.0,25.125,10.0,0.0,0.0084,52.5151,5.2515,2.0,5.697,1.3023,-0.3367,1.3269,0.112,1.3759,1.004e-05,1.0009,0.0001,1.9257,12.0,0.0649,1.0017,0.1826,2.4834,0.0266,1.6462,0.0658,2.0403,0.0,0.0,0.0,-0.1515,25.0,25.0,38.0,37.0,14.0,0.0,0.0,0.0,0.0,41.1369,64.0,13.7014,0.0,0.0
8620.0,1.7493,0.0937,1.0,0.0796,1.2012,2.0553,1.0553,2.1853,1.1853,26.665,2.0666,26.3853,2.0554,100.0,0.0,0.0,0.0,25.0,0.0,26.125,0.0,26.0,0.0,25.0,10.0,0.0,0.0087,52.5151,5.2515,2.0,5.6641,1.3013,-0.3445,1.3261,0.1055,1.3751,1.004e-05,1.0009,0.0001,1.9282,12.0,0.0629,1.0017,0.1618,2.4308,0.0272,1.6565,0.0642,2.0296,0.0,0.0,0.0,-0.1515,25.0,25.0,38.0,37.0,15.0,0.0,0.0,0.0,0.0,41.1362,64.0,13.8799,0.0,0.0
8621.0,1.7487,0.0936,1.0,0.0794,1.2007,2.0552,1.0552,2.1853,1.1853,26.8276,2.0731,26.3798,2.0552,100.0,0.0,0.0,0.0,24.875,0.0,26.125,0.0,26.125,0.0,25.125,10.0,0.0,0.0085,52.5149,5.2515,2.0,5.6713,1.3015,-0.2867,1.3324,0.1116,1.3758,1.005e-05,1.001,0.0001,1.9307,12.0,0.0702,1.0019,0.1374,2.3597,0.0231,1.5851,0.0605,2.0037,0.0,0.0,0.0,-0.1518,25.0,25.0,38.0,37.0,14.0,0.0,0.0,0.0,0.0,41.1364,64.0,14.075,0.0,0.0
8622.0,1.7478,0.0935,1.0,0.0794,1.2007,2.0556,1.0556,2.1854,1.1854,26.7952,2.0718,26.3712,2.0548,100.0,0.0,0.0,0.0,25.0,0.0,26.0,0.0,26.125,0.0,25.125,10.0,0.0,0.0079,52.5147,5.2515,2.0,5.6906,1.3021,-0.3042,1.3304,0.1114,1.3758,1.005e-05,1.0011,0.0001,1.9319,12.0,0.0689,1.0018,0.1564,2.416,0.0214,1.552,0.0537,1.9521,0.0,0.0,0.0,-0.1519,25.0,25.0,38.0,37.0,14.0,0.0,0.0,0.0,0.0,41.1368,64.0,14.3032,0.0,0.0
8623.0,1.7479,0.0935,1.0,0.0797,1.2014,2.0557,1.0557,2.1853,1.1853,26.6624,2.0665,26.3652,2.0546,100.0,0.0,0.0,0.0,25.0,0.0,26.125,0.0,26.125,0.0,25.125,10.0,0.0,0.0088,52.5146,5.2515,2.0,5.6824,1.3018,-0.2841,1.3326,0.102,1.3748,1.005e-05,1.0011,0.0001,1.9262,12.0,0.0709,1.0019,0.1267,2.3247,0.0227,1.5775,0.0528,1.9447,0.0,0.0,0.0,-0.1518,25.0,25.0,38.0,37.0,15.0,0.0,0.0,0.0,0.0,41.1367,64.0,14.499,0.0,0.0
8624.0,1.7458,0.0932,1.0,0.0796,1.2012,2.0559,1.0559,2.185,1.185,26.5599,2.0624,26.3668,2.0547,100.0,0.0,0.0,0.0,25.0,0.0,26.125,0.0,26.125,0.0,25.0,10.0,0.0,0.0084,52.5144,5.2515,2.0,5.7015,1.3024,-0.2004,1.3418,0.1114,1.3758,1.004e-05,1.001,0.0001,1.9303,12.0,0.0658,1.0018,0.1578,2.4201,0.021,1.5451,0.0493,1.915,0.0,0.0,0.0,-0.1517,25.0,25.0,38.0,37.0,14.0,0.0,0.0,0.0,0.0,41.1367,64.0,14.67,0.0,0.0
8625.0,1.7457,0.0932,1.0,0.0796,1.2011,2.0554,1.0554,2.1848,1.1848,26.666,2.0666,26.3859,2.0554,100.0,0.0,0.0,0.0,24.875,0.0,26.125,0.0,26.125,0.0,25.125,10.0,0.0,0.0092,52.5147,5.2515,2.0,5.8995,1.3083,-0.0943,1.3534,0.1143,1.3761,1.004e-05,1.0009,0.0001,1.9325,12.0,0.0641,1.0017,0.1665,2.4434,0.0196,1.5132,0.0513,1.9318,0.0,0.0,0.0,-0.1518,26.0,25.0,38.0,37.0,14.0,0.0,0.0,0.0,0.0,41.1363,64.0,14.8606,0.0,0.0
8626.0,1.7447,0.0931,1.0,0.0792,1.2001,2.0555,1.0555,2.1848,1.1848,26.82,2.0728,26.3901,2.0556,100.0,0.0,0.0,0.0,24.875,0.0,26.0,0.0,26.125,0.0,25.125,10.0,0.0,0.0082,52.5147,5.2515,2.0,5.9117,1.3087,-0.1415,1.3482,0.0987,1.3744,1.004e-05,1.0008,0.0001,1.9314,12.0,0.0604,1.0016,0.1848,2.4885,0.0181,1.4798,0.0478,1.9011,0.0,0.0,0.0,-0.1519,26.0,25.0,38.0,37.0,15.0,0.0,0.0,0.0,0.0,41.1365,64.0,15.0409,0.0,0.0
8627.0,1.7447,0.0931,1.0,0.0795,1.2008,2.056,1.056,2.1849,1.1849,26.8064,2.0723,26.3816,2.0553,100.0,0.0,0.0,0.0,25.0,0.0,26.125,0.0,26.125,0.0,25.125,10.0,0.0,0.0085,52.5146,5.2514,2.0,5.8271,1.3062,-0.0961,1.3532,0.1115,1.3758,1.004e-05,1.0008,0.0001,1.9311,12.0,0.0617,1.0016,0.1709,2.4545,0.0177,1.4693,0.0442,1.8669,0.0,0.0,0.0,-0.1515,26.0,25.0,38.0,37.0,14.0,0.0,0.0,0.0,0.0,41.1365,64.0,15.237,0.0,0.0
8628.0,1.7447,0.0931,1.0,0.0795,1.2009,2.0566,1.0566,2.1849,1.1849,26.7025,2.0681,26.3847,2.0554,100.0,0.0,0.0,0.0,24.875,0.0,26.125,0.0,26.125,0.0,25.0,10.0,0.0,0.0086,52.5146,5.2515,2.0,6.1151,1.3146,0.0484,1.3689,0.1065,1.3753,1.004e-05,1.001,0.0001,1.929,12.0,0.0679,1.0018,0.1718,2.4569,0.0703,2.0687,0.0448,1.873,0.0,0.0,0.0,-0.1517,26.0,25.0,38.0,37.0,15.0,0.0,0.0,0.0,0.0,41.1368,64.0,15.4327,0.0,0.0
8629.0,1.7456,0.0932,1.0,0.0797,1.2014,2.0562,1.0562,2.1847,1.1847,26.5846,2.0634,26.3691,2.0548,100.0,0.0,0.0,0.0,25.0,0.0,26.0,0.0,26.125,0.0,25.0,10.0,0.0,0.0082,52.5142,5.2514,2.0,6.0801,1.3136,0.023,1.3661,0.1021,1.3748,1.005e-05,1.0011,0.0001,1.9314,12.0,0.0727,1.0019,0.1638,2.436,0.0667,2.0462,0.0426,1.8512,0.0,0.0,0.0,-0.1518,25.0,25.0,38.0,37.0,12.0,0.0,0.0,0.0,0.0,41.1373,64.0,15.589,0.0,0.0
8630.0,1.7451,0.0931,1.0,0.0799,1.202,2.0553,1.0553,2.185,1.185,26.6491,2.066,26.3864,2.0555,100.0,0.0,0.0,0.0,25.0,0.0,26.0,0.0,26.125,0.0,25.0,10.0,0.0,0.0081,52.5139,5.2514,2.0,6.0734,1.3134,-0.0252,1.3609,0.1092,1.3756,1.005e-05,1.0011,0.0001,1.9338,12.0,0.0717,1.0019,0.1317,2.3413,0.0672,2.0493,0.0381,1.8023,0.0,0.0,0.0,-0.1517,25.0,25.0,38.0,37.0,13.0,0.0,0.0,0.0,0.0,41.1373,64.0,15.7705,0.0,0.0
8631.0,1.7463,0.0933,1.0,0.0794,1.2007,2.0551,1.0551,2.1847,1.1847,26.8127,2.0725,26.3828,2.0553,100.0,0.0,0.0,0.0,24.875,0.0,26.125,0.0,26.125,0.0,25.125,10.0,0.0,0.008,52.5141,5.2514,2.0,5.9339,1.3093,-0.1301,1.3494,0.1119,1.3758,1.004e-05,1.001,0.0001,1.93,12.0,0.0666,1.0018,0.1297,2.3348,0.0634,2.0241,0.0372,1.7927,0.0,0.0,0.0,-0.1515,25.0,25.0,38.0,37.0,13.0,0.0,0.0,0.0,0.0,41.1369,64.0,15.9947,0.0,0.0
8632.0,1.7467,0.0933,1.0,0.0794,1.2006,2.0558,1.0558,2.185,1.185,26.8109,2.0724,26.3735,2.0549,100.0,0.0,0.0,0.0,25.0,0.0,26.125,0.0,26.125,0.0,25.125,10.0,0.0,0.0089,52.5137,5.2514,2.0,5.8701,1.3075,-0.0846,1.3544,0.0977,1.3743,1.004e-05,1.001,0.0001,1.9291,12.0,0.0623,1.0017,0.1318,2.3419,0.0603,2.0021,0.0396,1.8195,0.0,0.0,0.0,-0.1518,25.0,25.0,38.0,37.0,14.0,0.0,0.0,0.0,0.0,41.1363,64.0,16.1831,0.0,0.0
8633.0,1.7458,0.0932,1.0,0.0793,1.2003,2.0562,1.0562,2.1849,1.1849,26.7091,2.0684,26.3659,2.0546,100.0,0.0,0.0,0.0,24.875,0.0,26.25,0.0,26.125,0.0,25.25,10.0,0.0,0.0081,52.5135,5.2514,2.0,6.1202,1.3147,0.0947,1.374,0.1073,1.3753,1.004e-05,1.001,0.0001,1.9324,12.0,0.0669,1.0018,0.1239,2.3151,0.0547,1.9599,0.0483,1.9058,0.0,0.0,0.0,-0.1517,25.0,25.0,38.0,37.0,15.0,0.0,0.0,0.0,0.0,41.1362,64.0,16.3533,0.0,0.0
8634.0,1.7447,0.0931,1.0,0.0796,1.2011,2.0562,1.0562,2.1847,1.1847,26.5727,2.0629,26.3673,2.0547,100.0,0.0,0.0,0.0,24.875,0.0,26.125,0.0,26.125,0.0,25.0,10.0,0.0,0.0075,52.5139,5.2514,2.0,6.1808,1.3164,0.0704,1.3713,0.1148,1.3762,1.005e-05,1.0011,0.0001,1.9354,12.0,0.0693,1.0018,0.1017,2.2293,0.0519,1.9371,0.0502,1.9226,0.0,0.0,0.0,-0.1517,25.0,25.0,38.0,37.0,13.0,0.0,0.0,0.0,0.0,41.1364,64.0,16.5354,0.0,0.0
8635.0,1.7437,0.093,1.0,0.0797,1.2013,2.0557,1.0557,2.1848,1.1848,26.5958,2.0638,26.3865,2.0555,100.0,0.0,0.0,0.0,24.875,0.0,26.125,0.0,26.125,0.0,25.0,10.0,0.0,0.0085,52.5139,5.2514,2.0,6.1761,1.3163,0.0702,1.3713,0.0982,1.3743,1.005e-05,1.0011,0.0001,1.9337,12.0,0.0733,1.002,0.1047,2.2418,0.0539,1.9533,0.0447,1.8723,0.0,0.0,0.0,-0.1515,25.0,25.0,38.0,37.0,12.0,0.0,0.0,0.0,0.0,41.1369,64.0,16.7291,0.0,0.0
8636.0,1.7445,0.0931,1.0,0.0797,1.2014,2.0551,1.0551,2.185,1.185,26.782,2.0713,26.3838,2.0554,100.0,0.0,0.0,0.0,24.875,0.0,26.125,0.0,26.125,0.0,25.125,10.0,0.0,0.0085,52.5136,5.2514,2.0,6.0467,1.3126,-0.043,1.3589,0.1043,1.375,1.004e-05,1.001,0.0001,1.9308,12.0,0.0682,1.0018,0.1135,2.2769,0.0466,1.89,0.0485,1.9075,0.0,0.0,0.0,-0.1513,25.0,25.0,38.0,37.0,14.0,0.0,0.0,0.0,0.0,41.1364,64.0,16.9061,0.0,0.0
8637.0,1.7447,0.0931,1.0,0.0796,1.2013,2.055,1.055,2.1854,1.1854,26.8221,2.0729,26.3667,2.0547,100.0,0.0,0.0,0.0,25.0,0.0,26.125,0.0,26.125,0.0,25.0,10.0,0.0,0.0074,52.5137,5.2514,2.0,6.0429,1.3125,-0.0191,1.3616,0.1121,1.3759,1.004e-05,1.0009,0.0001,1.9311,12.0,0.0656,1.0018,0.1053,2.2444,0.0469,1.8934,0.0455,1.8799,0.0,0.0,0.0,-0.1516,25.0,25.0,38.0,37.0,13.0,0.0,0.0,0.0,0.0,41.137,64.0,17.0956,0.0,0.0
8638.0,1.7457,0.0932,1.0,0.0793,1.2004,2.0557,1.0557,2.1854,1.1854,26.748,2.0699,26.3563,2.0543,100.0,0.0,0.0,0.0,25.0,0.0,26.125,0.0,26.125,0.0,25.125,10.0,0.0,0.0083,52.5139,5.2514,2.0,5.9449,1.3097,-0.0583,1.3573,0.0952,1.374,1.004e-05,1.0008,0.0001,1.9334,12.0,0.0622,1.0017,0.0973,2.21,0.041,1.8351,0.0413,1.8383,0.0,0.0,0.0,-0.1514,25.0,25.0,38.0,37.0,13.0,0.0,0.0,0.0,0.0,41.1363,64.0,17.2767,0.0,0.0
8639.0,1.7447,0.0931,1.0,0.0794,1.2007,2.0558,1.0558,2.1856,1.1856,26.5968,2.0639,26.3512,2.054,100.0,0.0,0.0,0.0,24.875,0.0,26.125,0.0,26.125,0.0,25.125,10.0,0.0,0.0081,52.5137,5.2514,2.0,5.9901,1.311,-0.0437,1.3589,0.0993,1.3745,1.004e-05,1.0009,0.0001,1.9343,12.0,0.0604,1.0016,0.0868,2.1605,0.0456,1.8812,0.0396,1.8197,0.0,0.0,0.0,-0.1518,25.0,25.0,38.0,37.0,14.0,0.0,0.0,0.0,0.0,41.1363,64.0,17.4204,0.0,0.0
8640.0,1.7447,0.0931,1.0,0.0796,1.2011,2.0555,1.0555,2.1852,1.1852,26.6016,2.0641,26.3757,2.055,100.0,0.0,0.0,0.0,25.0,0.0,26.125,0.0,26.125,0.0,25.0,10.0,0.0,0.0081,52.5137,5.2514,2.0,5.939,1.3095,-0.0487,1.3583,0.1096,1.3756,1.004e-05,1.001,0.0001,1.9329,12.0,0.0647,1.0017,0.0885,2.169,0.0379,1.8,0.0386,1.8085,0.0,0.0,0.0,-0.1515,25.0,25.0,38.0,37.0,13.0,0.0,0.0,0.0,0.0,41.1361,64.0,17.6305,0.0,0.0
8641.0,1.7447,0.0931,1.0,0.0794,1.2005,2.0552,1.0552,2.1849,1.1849,26.7564,2.0703,26.3904,2.0556,100.0,0.0,0.0,0.0,25.0,0.0,26.125,0.0,26.125,0.0,25.125,10.0,0.0,0.0082,52.5136,5.2513,2.0,5.9078,1.3086,-0.125,1.35,0.1027,1.3748,1.004e-05,1.001,0.0001,1.931,12.0,0.065,1.0017,0.0829,2.1404,0.0392,1.8156,0.038,1.802,0.0,0.0,0.0,-0.152,25.0,25.0,38.0,37.0,15.0,0.0,0.0,0.0,0.0,41.1371,64.0,17.7908,0.0,0.0
8642.0,1.7447,0.0931,1.0,0.0795,1.2009,2.0553,1.0553,2.1854,1.1854,26.8227,2.0729,26.3758,2.055,100.0,0.0,0.0,0.0,25.0,0.0,26.125,0.0,26.125,0.0,25.125,10.0,0.0,0.0077,52.5133,5.2513,2.0,5.7605,1.3042,-0.1969,1.3422,0.101,1.3746,1.004e-05,1.001,0.0001,1.9342,12.0,0.0662,1.0018,0.0838,2.145,0.0926,2.1885,0.0361,1.7798,0.0,0.0,0.0,-0.1513,25.0,25.0,38.0,37.0,15.0,0.0,0.0,0.0,0.0,41.1367,64.0,17.9738,0.0,0.0
8643.0,1.7447,0.0931,1.0,0.0795,1.201,2.0562,1.0562,2.1854,1.1854,26.7474,2.0699,26.3652,2.0546,100.0,0.0,0.0,0.0,24.875,0.0,26.125,0.0,26.125,0.0,25.0,10.0,0.0,0.0082,52.5135,5.2514,2.0,5.6758,1.3016,-0.2468,1.3367,0.1082,1.3754,1.004e-05,1.0009,0.0001,1.9342,12.0,0.0624,1.0017,0.0628,2.0195,0.0777,2.1123,0.0457,1.8821,0.0,0.0,0.0,-0.1516,25.0,25.0,38.0,37.0,14.0,0.0,0.0,0.0,0.0,41.1367,64.0,18.1571,0.0,0.0
8644.0,1.7447,0.0931,1.0,0.0793,1.2002,2.0558,1.0558,2.1852,1.1852,26.6235,2.0649,26.3575,2.0543,100.0,0.0,0.0,0.0,25.0,0.0,26.125,0.0,26.25,0.0,25.125,10.0,0.0,0.0085,52.5135,5.2514,2.0,5.5863,1.2988,-0.2928,1.3317,0.1002,1.3746,1.004e-05,1.0008,0.0001,1.9353,12.0,0.059,1.0016,0.0723,2.081,0.0848,2.15,0.0497,1.918,0.0,0.0,0.0,-0.1517,25.0,25.0,38.0,37.0,16.0,0.0,0.0,0.0,0.0,41.1371,64.0,18.3346,0.0,0.0
8645.0,1.7457,0.0932,1.0,0.0795,1.2009,2.0553,1.0553,2.185,1.185,26.5821,2.0633,26.3647,2.0546,100.0,0.0,0.0,0.0,25.125,0.0,26.0,0.0,26.125,0.0,25.125,10.0,0.0,0.0079,52.5131,5.2513,2.0,5.5357,1.2973,-0.3033,1.3305,0.0941,1.3739,1.004e-05,1.0009,0.0001,1.9333,12.0,0.0614,1.0016,0.0736,2.0889,0.0746,2.0947,0.0428,1.853,0.0,0.0,0.0,-0.1514,25.0,25.0,38.0,37.0,13.0,0.0,0.0,0.0,0.0,41.1367,64.0,18.5237,0.0,0.0
8646.0,1.7486,0.0936,1.0,0.0794,1.2005,2.0547,1.0547,2.1851,1.1851,26.7335,2.0693,26.3785,2.0551,100.0,0.0,0.0,0.0,24.875,0.0,26.125,0.0,26.125,0.0,25.0,10.0,0.0,0.0082,52.5132,5.2513,2.0,5.4546,1.2947,-0.3362,1.327,0.1051,1.3751,1.005e-05,1.0011,0.0001,1.929,12.0,0.0671,1.0018,0.0649,2.0339,0.0822,2.1368,0.0609,2.0067,0.0,0.0,0.0,-0.1519,25.0,25.0,38.0,37.0,13.0,0.0,0.0,0.0,0.0,41.1361,64.0,18.6998,0.0,0.0
8647.0,1.7489,0.0936,1.0,0.0795,1.201,2.0551,1.0551,2.1853,1.1853,26.8244,2.073,26.3703,2.0548,100.0,0.0,0.0,0.0,24.875,0.0,26.125,0.0,26.125,0.0,25.125,10.0,0.0,0.0084,52.5131,5.2513,2.0,5.4008,1.293,-0.3977,1.3203,0.1045,1.375,1.004e-05,1.001,0.0001,1.9293,12.0,0.0673,1.0018,0.0642,2.0294,0.0648,2.0331,0.0557,1.9675,0.0,0.0,0.0,-0.1512,25.0,25.0,38.0,37.0,14.0,0.0,0.0,0.0,0.0,41.1363,64.0,18.8905,0.0,0.0
8648.0,1.7478,0.0935,1.0,0.0793,1.2004,2.0559,1.0559,2.1853,1.1853,26.7585,2.0703,26.3664,2.0547,100.0,0.0,0.0,0.0,24.875,0.0,26.25,0.0,26.125,0.0,25.25,10.0,0.0,0.0079,52.513,5.2513,2.0,5.225,1.2872,-0.4811,1.3112,0.1025,1.3748,1.005e-05,1.0011,0.0001,1.9366,12.0,0.0682,1.0018,0.0654,2.0373,0.0693,2.0628,0.0559,1.9694,0.0,0.0,0.0,-0.1519,25.0,25.0,38.0,37.0,14.0,0.0,0.0,0.0,0.0,41.137,64.0,19.0789,0.0,0.0
8649.0,1.7457,0.0932,1.0,0.0799,1.202,2.0562,1.0562,2.1852,1.1852,26.6513,2.0661,26.3644,2.0546,100.0,0.0,0.0,0.0,24.875,0.0,26.125,0.0,26.125,0.0,25.125,10.0,0.0,0.0082,52.5129,5.2513,2.0,5.2064,1.2866,-0.4476,1.3148,0.1043,1.375,1.005e-05,1.0011,0.0001,1.9363,12.0,0.071,1.0019,0.0556,1.9669,0.0629,2.0205,0.0469,1.8932,0.0,0.0,0.0,-0.1516,25.0,25.0,38.0,37.0,14.0,0.0,0.0,0.0,0.0,41.1364,64.0,19.2579,0.0,0.0
8650.0,1.7452,0.0931,1.0,0.0796,1.2012,2.0558,1.0558,2.185,1.185,26.5688,2.0628,26.3708,2.0548,100.0,0.0,0.0,0.0,25.0,0.0,26.125,0.0,26.125,0.0,25.125,10.0,0.0,0.0083,52.513,5.2513,2.0,5.3302,1.2907,-0.3362,1.327,0.1136,1.376,1.005e-05,1.0012,0.0001,1.9338,12.0,0.0714,1.0019,0.0564,1.9734,0.0609,2.0065,0.047,1.8941,0.0,0.0,0.0,-0.1519,25.0,25.0,38.0,37.0,14.0,0.0,0.0,0.0,0.0,41.1368,64.0,19.4444,0.0,0.0
8651.0,1.7452,0.0931,1.0,0.0794,1.2007,2.0552,1.0552,2.1849,1.1849,26.695,2.0678,26.3775,2.0551,100.0,0.0,0.0,0.0,25.0,0.0,26.125,0.0,26.125,0.0,25.125,10.0,0.0,0.008,52.5129,5.2513,2.0,5.3597,1.2917,-0.3391,1.3266,0.1028,1.3749,1.004e-05,1.001,0.0001,1.9292,12.0,0.0668,1.0018,0.1026,2.2331,0.0572,1.9792,0.0494,1.9153,0.0,0.0,0.0,-0.1517,25.0,25.0,38.0,37.0,13.0,0.0,0.0,0.0,0.0,41.1367,64.0,19.6024,0.0,0.0
8652.0,1.7464,0.0933,1.0,0.0795,1.2008,2.0551,1.0551,2.1852,1.1852,26.8244,2.073,26.3754,2.055,100.0,0.0,0.0,0.0,24.875,0.0,26.125,0.0,26.125,0.0,25.125,10.0,0.0,0.008,52.5129,5.2513,2.0,5.3327,1.2908,-0.3215,1.3286,0.1005,1.3746,1.004e-05,1.001,0.0001,1.9358,12.0,0.0634,1.0017,0.1142,2.2797,0.0517,1.9353,0.0448,1.8735,0.0,0.0,0.0,-0.1519,25.0,25.0,38.0,37.0,14.0,0.0,0.0,0.0,0.0,41.1361,64.0,19.7888,0.0,0.0
8653.0,1.7434,0.0929,1.0,0.0794,1.2007,2.0555,1.0555,2.1855,1.1855,26.7789,2.0712,26.3584,2.0543,100.0,0.0,0.0,0.0,25.0,0.0,26.125,0.0,26.25,0.0,25.125,10.0,0.0,0.0087,52.5132,5.2513,2.0,5.3489,1.2913,-0.3066,1.3302,0.1076,1.3754,1.004e-05,1.0009,0.0001,1.9374,12.0,0.0617,1.0016,0.0975,2.2108,0.0564,1.9733,0.0434,1.8598,0.0,0.0,0.0,-0.1514,25.0,25.0,38.0,37.0,14.0,0.0,0.0,0.0,0.0,41.1366,64.0,19.9695,0.0,0.0
8654.0,1.7418,0.0927,1.0,0.0795,1.2009,2.0554,1.0554,2.1857,1.1857,26.6655,2.0666,26.3542,2.0542,100.0,0.0,0.0,0.0,25.0,0.0,26.125,0.0,26.25,0.0,25.0,10.0,0.0,0.0087,52.513,5.2513,2.0,5.3241,1.2905,-0.3194,1.3288,0.1073,1.3753,1.004e-05,1.001,0.0001,1.9343,12.0,0.0683,1.0018,0.1015,2.2285,0.0456,1.8805,0.0414,1.8388,0.0,0.0,0.0,-0.1514,25.0,25.0,38.0,37.0,14.0,0.0,0.0,0.0,0.0,41.1365,64.0,20.159,0.0,0.0
8655.0,1.7426,0.0928,1.0,0.0795,1.2009,2.0558,1.0558,2.1851,1.1851,26.5668,2.0627,26.3578,2.0543,100.0,0.0,0.0,0.0,25.0,0.0,26.125,0.0,26.25,0.0,25.125,10.0,0.0,0.0082,52.5127,5.2513,2.0,5.3239,1.2905,-0.2964,1.3313,0.0966,1.3742,1.005e-05,1.001,0.0001,1.9314,12.0,0.0704,1.0019,0.1069,2.2509,0.0491,1.913,0.0423,1.8483,0.0,0.0,0.0,-0.1514,25.0,25.0,38.0,37.0,13.0,0.0,0.0,0.0,0.0,41.1367,64.0,20.3498,0.0,0.0
8656.0,1.7427,0.0928,1.0,0.0798,1.2017,2.0553,1.0553,2.1851,1.1851,26.6749,2.067,26.3871,2.0555,100.0,0.0,0.0,0.0,25.0,0.0,26.125,0.0,26.125,0.0,25.0,10.0,0.0,0.008,52.5127,5.2513,2.0,5.2534,1.2882,-0.3377,1.3268,0.1051,1.3751,1.005e-05,1.0011,0.0001,1.9327,12.0,0.0711,1.0019,0.1033,2.2359,0.0428,1.853,0.0411,1.8355,0.0,0.0,0.0,-0.1516,25.0,25.0,38.0,37.0,13.0,0.0,0.0,0.0,0.0,41.1372,64.0,20.5272,0.0,0.0
8657.0,1.7437,0.093,1.0,0.0798,1.2016,2.0551,1.0551,2.1854,1.1854,26.8207,2.0728,26.3834,2.0553,100.0,0.0,0.0,0.0,24.875,0.0,26.125,0.0,26.125,0.0,25.125,10.0,0.0,0.0086,52.5129,5.2513,2.0,5.2037,1.2865,-0.3361,1.327,0.1129,1.376,1.005e-05,1.0011,0.0001,1.9355,12.0,0.0727,1.0019,0.082,2.1355,0.0434,1.859,0.0381,1.8024,0.0,0.0,0.0,-0.1516,25.0,25.0,38.0,37.0,13.0,0.0,0.0,0.0,0.0,41.1369,64.0,20.7213,0.0,0.0
8658.0,1.7426,0.0928,1.0,0.0796,1.201,2.0556,1.0556,2.1853,1.1853,26.7887,2.0715,26.3695,2.0548,100.0,0.0,0.0,0.0,24.875,0.0,26.125,0.0,26.125,0.0,25.25,10.0,0.0,0.0082,52.5128,5.2513,2.0,5.2952,1.2896,-0.2908,1.3319,0.101,1.3747,1.004e-05,1.001,0.0001,1.936,12.0,0.0663,1.0018,0.0828,2.14,0.0378,1.7992,0.0372,1.7924,0.0,0.0,0.0,-0.1515,25.0,25.0,38.0,37.0,13.0,0.0,0.0,0.0,0.0,41.137,64.0,20.9136,0.0,0.0
8659.0,1.7409,0.0926,1.0,0.0797,1.2015,2.0556,1.0556,2.1853,1.1853,26.6974,2.0679,26.3558,2.0542,100.0,0.0,0.0,0.0,24.875,0.0,26.0,0.0,26.125,0.0,25.125,10.0,0.0,0.0076,52.5126,5.2512,2.0,5.3628,1.2918,-0.1943,1.3424,0.1022,1.3748,1.004e-05,1.0009,0.0001,1.9344,12.0,0.0642,1.0017,0.0958,2.2032,0.0356,1.7733,0.0339,1.7518,0.0,0.0,0.0,-0.1516,25.0,25.0,38.0,37.0,13.0,0.0,0.0,0.0,0.0,41.1368,64.0,21.1046,0.0,0.0
8660.0,1.7395,0.0924,1.0,0.0795,1.2009,2.0554,1.0554,2.1853,1.1853,26.5745,2.063,26.3496,2.054,100.0,0.0,0.0,0.0,25.0,0.0,26.125,0.0,26.125,0.0,25.125,10.0,0.0,0.0086,52.5127,5.2513,2.0,5.4156,1.2935,-0.1614,1.346,0.111,1.3757,1.004e-05,1.0009,0.0001,1.9313,12.0,0.0644,1.0017,0.0796,2.1227,0.0344,1.7589,0.034,1.7532,0.0,0.0,0.0,-0.1512,25.0,25.0,38.0,37.0,13.0,0.0,0.0,0.0,0.0,41.1368,64.0,21.2635,0.0,0.0
8661.0,1.7395,0.0924,1.0,0.0793,1.2004,2.0551,1.0551,2.1854,1.1854,26.6307,2.0652,26.3748,2.055,100.0,0.0,0.0,0.0,24.875,0.0,26.125,0.0,26.125,0.0,25.0,10.0,0.0,0.0079,52.5123,5.2512,2.0,5.395,1.2928,-0.1758,1.3445,0.1123,1.3759,1.003e-05,1.0008,0.0001,1.9268,12.0,0.0625,1.0017,0.1501,2.3982,0.0358,1.7759,0.0297,1.6949,0.0,0.0,0.0,-0.1515,25.0,25.0,38.0,37.0,14.0,0.0,0.0,0.0,0.0,41.1364,64.0,21.4699,0.0,0.0
8662.0,1.7388,0.0924,1.0,0.0793,1.2004,2.0551,1.0551,2.1855,1.1855,26.7948,2.0718,26.3873,2.0555,100.0,0.0,0.0,0.0,24.875,0.0,26.125,0.0,26.125,0.0,25.0,10.0,0.0,0.0082,52.5121,5.2512,2.0,5.4333,1.294,-0.1424,1.3481,0.102,1.3748,1.004e-05,1.0008,0.0001,1.9335,12.0,0.0578,1.0015,0.1505,2.3995,0.0314,1.7195,0.0302,1.7013,0.0,0.0,0.0,-0.1512,25.0,25.0,38.0,37.0,14.0,0.0,0.0,0.0,0.0,41.1366,64.0,21.6327,0.0,0.0
8663.0,1.7395,0.0924,1.0,0.0794,1.2006,2.0556,1.0556,2.1858,1.1858,26.8057,2.0722,26.3711,2.0548,100.0,0.0,0.0,0.0,24.875,0.0,26.0,0.0,26.125,0.0,25.0,10.0,0.0,0.0087,52.5121,5.2512,2.0,5.4536,1.2947,-0.1301,1.3494,0.105,1.3751,1.004e-05,1.0009,0.0001,1.9332,12.0,0.0603,1.0016,0.1176,2.2924,0.0325,1.7342,0.0298,1.6964,0.0,0.0,0.0,-0.1515,25.0,25.0,38.0,37.0,13.0,0.0,0.0,0.0,0.0,41.1364,64.0,21.8252,0.0,0.0
8664.0,1.7385,0.0923,1.0,0.0796,1.2012,2.0558,1.0558,2.1857,1.1857,26.7114,2.0685,26.3592,2.0544,100.0,0.0,0.0,0.0,24.875,0.0,26.125,0.0,26.125,0.0,25.125,10.0,0.0,0.0094,52.512,5.2512,2.0,5.5226,1.2969,-0.0437,1.3589,0.1167,1.3764,1.005e-05,1.0012,0.0001,1.9333,12.0,0.0741,1.002,0.1349,2.352,0.0299,1.6977,0.0311,1.7146,0.0,0.0,0.0,-0.1516,25.0,25.0,38.0,37.0,14.0,0.0,0.0,0.0,0.0,41.1363,64.0,22.0203,0.0,0.0
8665.0,1.7395,0.0924,1.0,0.0796,1.2011,2.0558,1.0558,2.1852,1.1852,26.5834,2.0633,26.362,2.0545,100.0,0.0,0.0,0.0,24.875,0.0,26.0,0.0,26.125,0.0,25.125,10.0,0.0,0.0083,52.512,5.2512,2.0,5.6385,1.3005,-0.0086,1.3627,0.1165,1.3763,1.004e-05,1.001,0.0001,1.9296,12.0,0.0669,1.0018,0.1823,2.4827,0.0261,1.6381,0.027,1.6532,0.0,0.0,0.0,-0.152,25.0,25.0,38.0,37.0,14.0,0.0,0.0,0.0,0.0,41.1365,64.0,22.2057,0.0,0.0
8666.0,1.7395,0.0924,1.0,0.0795,1.2009,2.0554,1.0554,2.1849,1.1849,26.6149,2.0646,26.3754,2.055,100.0,0.0,0.0,0.0,25.0,0.0,26.125,0.0,26.125,0.0,25.125,10.0,0.0,0.0076,52.5123,5.2512,2.0,5.6891,1.302,0.0649,1.3707,0.1028,1.3749,1.004e-05,1.0009,0.0001,1.9261,12.0,0.0667,1.0018,0.1701,2.4526,0.0271,1.6544,0.0441,1.8661,0.0,0.0,0.0,-0.1512,25.0,25.0,38.0,37.0,14.0,0.0,0.0,0.0,0.0,41.1369,64.0,22.3998,0.0,0.0
8667.0,1.7395,0.0924,1.0,0.0795,1.2008,2.0547,1.0547,2.1854,1.1854,26.7815,2.0713,26.379,2.0552,100.0,0.0,0.0,0.0,25.0,0.0,26.125,0.0,26.125,0.0,25.0,10.0,0.0,0.0083,52.5122,5.2512,2.0,5.7638,1.3043,0.1052,1.3751,0.1081,1.3754,1.004e-05,1.0009,0.0001,1.9336,12.0,0.0646,1.0017,0.1664,2.443,0.0251,1.6223,0.0503,1.9231,0.0,0.0,0.0,-0.1514,25.0,25.0,38.0,37.0,14.0,0.0,0.0,0.0,0.0,41.136,64.0,22.5873,0.0,0.0
8668.0,1.7404,0.0926,1.0,0.0794,1.2007,2.0551,1.0551,2.186,1.186,26.8078,2.0723,26.3544,2.0542,100.0,0.0,0.0,0.0,24.875,0.0,26.125,0.0,26.25,0.0,25.125,10.0,0.0,0.0081,52.5123,5.2512,2.0,5.7756,1.3046,0.0624,1.3704,0.1156,1.3762,1.004e-05,1.0009,0.0001,1.9348,12.0,0.0618,1.0016,0.1583,2.4215,0.0237,1.5975,0.0481,1.9042,0.0,0.0,0.0,-0.1515,25.0,25.0,38.0,37.0,13.0,0.0,0.0,0.0,0.0,41.1367,64.0,22.7722,0.0,0.0
8669.0,1.7406,0.0926,1.0,0.0794,1.2006,2.0557,1.0557,2.1859,1.1859,26.7228,2.0689,26.357,2.0543,100.0,0.0,0.0,0.0,25.0,0.0,26.125,0.0,26.25,0.0,25.125,10.0,0.0,0.0077,52.5119,5.2512,2.0,5.6935,1.3022,0.058,1.37,0.1156,1.3762,1.004e-05,1.0009,0.0001,1.9319,12.0,0.0606,1.0016,0.1547,2.4113,0.0237,1.5973,0.0652,2.0363,0.0,0.0,0.0,-0.1517,25.0,25.0,38.0,37.0,14.0,0.0,0.0,0.0,0.0,41.1365,64.0,22.9475,0.0,0.0
8670.0,1.7405,0.0926,1.0,0.0794,1.2006,2.0558,1.0558,2.1856,1.1856,26.6153,2.0646,26.358,2.0543,100.0,0.0,0.0,0.0,25.0,0.0,26.125,0.0,26.125,0.0,25.0,10.0,0.0,0.0082,52.5116,5.2512,2.0,5.685,1.3019,0.0215,1.366,0.1029,1.3749,1.004e-05,1.0009,0.0001,1.9296,12.0,0.0654,1.0017,0.1318,2.3416,0.0227,1.577,0.0548,1.9609,0.0,0.0,0.0,-0.1514,25.0,25.0,38.0,37.0,14.0,0.0,0.0,0.0,0.0,41.1366,64.0,23.1329,0.0,0.0
8671.0,1.74,0.0925,1.0,0.0794,1.2007,2.0555,1.0555,2.1853,1.1853,26.5942,2.0638,26.3683,2.0547,100.0,0.0,0.0,0.0,24.875,0.0,26.125,0.0,26.125,0.0,25.125,10.0,0.0,0.0091,52.5117,5.2512,2.0,5.9166,1.3088,0.2804,1.3942,0.1126,1.3759,1.004e-05,1.001,0.0001,1.9332,12.0,0.0664,1.0018,0.1915,2.504,0.0219,1.5631,0.0608,2.0056,0.0,0.0,0.0,-0.1516,25.0,25.0,38.0,37.0,13.0,0.0,0.0,0.0,0.0,41.1366,64.0,23.3231,0.0,0.0
8672.0,1.7406,0.0926,1.0,0.0794,1.2006,2.055,1.055,2.1853,1.1853,26.7614,2.0705,26.382,2.0553,100.0,0.0,0.0,0.0,25.0,0.0,26.125,0.0,26.125,0.0,25.0,10.0,0.0,0.0084,52.5116,5.2511,2.0,6.0879,1.3138,0.2882,1.3951,0.1202,1.3767,1.005e-05,1.0011,0.0001,1.9359,12.0,0.0689,1.0018,0.1981,2.5187,0.02,1.5231,0.067,2.0476,0.0,0.0,0.0,-0.1515,25.0,25.0,38.0,37.0,14.0,0.0,0.0,0.0,0.0,41.1364,64.0,23.5034,0.0,0.0
8673.0,1.7405,0.0926,1.0,0.0796,1.2011,2.055,1.055,2.1857,1.1857,26.8226,2.0729,26.3641,2.0546,100.0,0.0,0.0,0.0,24.875,0.0,26.0,0.0,26.125,0.0,25.0,10.0,0.0,0.0078,52.5119,5.2511,2.0,6.0689,1.3132,0.2508,1.391,0.1183,1.3765,1.005e-05,1.0011,0.0001,1.935,12.0,0.0701,1.0019,0.1808,2.4791,0.0192,1.5055,0.0702,2.0681,0.0,0.0,0.0,-0.1517,25.0,25.0,38.0,37.0,12.0,0.0,0.0,0.0,0.0,41.1369,64.0,23.6947,0.0,0.0
8674.0,1.7407,0.0926,1.0,0.0799,1.2019,2.0557,1.0557,2.1857,1.1857,26.7433,2.0697,26.3635,2.0545,100.0,0.0,0.0,0.0,25.0,0.0,26.125,0.0,26.125,0.0,25.125,10.0,0.0,0.0081,52.5118,5.2512,2.0,6.0597,1.313,0.2877,1.395,0.1087,1.3755,1.005e-05,1.0012,0.0001,1.9322,12.0,0.0732,1.002,0.1897,2.5,0.0187,1.4926,0.0579,1.9848,0.0,0.0,0.0,-0.1517,26.0,25.0,38.0,37.0,14.0,0.0,0.0,0.0,0.0,41.1368,64.0,23.8852,0.0,0.0
8675.0,1.7418,0.0927,1.0,0.0794,1.2006,2.0558,1.0558,2.1856,1.1856,26.614,2.0646,26.3541,2.0542,100.0,0.0,0.0,0.0,24.875,0.0,26.125,0.0,26.125,0.0,25.125,10.0,0.0,0.0082,52.5116,5.2512,2.0,6.1436,1.3154,0.2881,1.3951,0.1125,1.3759,1.004e-05,1.0009,0.0001,1.9277,12.0,0.0636,1.0017,0.1552,2.4127,0.0176,1.4669,0.0584,1.9879,0.0,0.0,0.0,-0.1511,26.0,25.0,38.0,37.0,15.0,0.0,0.0,0.0,0.0,41.1367,64.0,24.0687,0.0,0.0
8676.0,1.7427,0.0928,1.0,0.0791,1.1999,2.0557,1.0557,2.1854,1.1854,26.5826,2.0633,26.3757,2.055,100.0,0.0,0.0,0.0,24.875,0.0,26.125,0.0,26.25,0.0,25.125,10.0,0.0,0.0081,52.5116,5.2511,2.0,6.1423,1.3153,0.2833,1.3945,0.1193,1.3766,1.004e-05,1.0008,0.0001,1.9353,12.0,0.0616,1.0016,0.1544,2.4105,0.0157,1.417,0.0626,2.0183,0.0,0.0,0.0,-0.1515,26.0,25.0,38.0,37.0,13.0,0.0,0.0,0.0,0.0,41.1372,64.0,24.2551,0.0,0.0
8677.0,1.7437,0.093,1.0,0.0795,1.201,2.0552,1.0552,2.1853,1.1853,26.7181,2.0687,26.3855,2.0554,100.0,0.0,0.0,0.0,25.0,0.0,26.125,0.0,26.125,0.0,25.125,10.0,0.0,0.0083,52.5114,5.2511,2.0,6.1771,1.3163,0.3101,1.3975,0.1142,1.3761,1.004e-05,1.0009,0.0001,1.9371,12.0,0.0609,1.0016,0.1655,2.4406,0.0171,1.454,0.0519,1.9373,0.0,0.0,0.0,-0.1513,26.0,25.0,38.0,37.0,15.0,0.0,0.0,0.0,0.0,41.1367,64.0,24.4439,0.0,0.0
8678.0,1.7439,0.093,1.0,0.0793,1.2004,2.0551,1.0551,2.1857,1.1857,26.8186,2.0727,26.3691,2.0548,100.0,0.0,0.0,0.0,25.0,0.0,26.125,0.0,26.125,0.0,25.0,10.0,0.0,0.0086,52.5113,5.2511,2.0,6.1695,1.3161,0.3164,1.3981,0.1085,1.3755,1.004e-05,1.001,0.0001,1.9352,12.0,0.064,1.0017,0.1693,2.4505,0.0638,2.0268,0.0518,1.9361,0.0,0.0,0.0,-0.1517,26.0,25.0,38.0,37.0,14.0,0.0,0.0,0.0,0.0,41.1366,64.0,24.5996,0.0,0.0
8679.0,1.7436,0.093,1.0,0.0795,1.2008,2.0557,1.0557,2.1857,1.1857,26.7671,2.0707,26.358,2.0543,100.0,0.0,0.0,0.0,25.0,0.0,26.0,0.0,26.125,0.0,25.125,10.0,0.0,0.0078,52.5112,5.2511,2.0,6.2923,1.3195,0.3432,1.4011,0.1158,1.3763,1.004e-05,1.001,0.0001,1.9323,12.0,0.0676,1.0018,0.1536,2.4083,0.067,2.0478,0.0524,1.9412,0.0,0.0,0.0,-0.1517,25.0,25.0,38.0,37.0,16.0,0.0,0.0,0.0,0.0,41.1365,64.0,24.7868,0.0,0.0
8680.0,1.7446,0.0931,1.0,0.0795,1.2009,2.0556,1.0556,2.1858,1.1858,26.6474,2.0659,26.3541,2.0542,100.0,0.0,0.0,0.0,24.875,0.0,26.125,0.0,26.125,0.0,25.0,10.0,0.0,0.0077,52.511,5.2511,2.0,6.2986,1.3197,0.3591,1.4028,0.1231,1.3771,1.005e-05,1.0011,0.0001,1.9345,12.0,0.0693,1.0018,0.1376,2.3605,0.055,1.9618,0.047,1.8943,0.0,0.0,0.0,-0.1518,25.0,25.0,38.0,37.0,13.0,0.0,0.0,0.0,0.0,41.1366,64.0,24.9818,0.0,0.0
8681.0,1.7436,0.093,1.0,0.08,1.2021,2.0555,1.0555,2.1859,1.1859,26.5702,2.0628,26.3616,2.0545,100.0,0.0,0.0,0.0,25.0,0.0,26.125,0.0,26.25,0.0,25.0,10.0,0.0,0.0079,52.5113,5.2511,2.0,6.4274,1.3232,0.4328,1.4109,0.1245,1.3772,1.005e-05,1.0011,0.0001,1.9375,12.0,0.0724,1.0019,0.2104,2.5449,0.0609,2.0066,0.0454,1.8789,0.0,0.0,0.0,-0.1517,25.0,25.0,38.0,37.0,15.0,0.0,0.0,0.0,0.0,41.1366,64.0,25.1497,0.0,0.0
8682.0,1.7441,0.093,1.0,0.0796,1.2011,2.0552,1.0552,2.1853,1.1853,26.6962,2.0678,26.3825,2.0553,100.0,0.0,0.0,0.0,25.0,0.0,26.125,0.0,26.125,0.0,25.125,10.0,0.0,0.0085,52.5109,5.2511,2.0,6.5322,1.326,0.4488,1.4126,0.1136,1.376,1.005e-05,1.0011,0.0001,1.9372,12.0,0.0696,1.0019,0.194,2.5096,0.0527,1.9438,0.0593,1.9946,0.0,0.0,0.0,-0.1517,25.0,25.0,38.0,37.0,15.0,0.0,0.0,0.0,0.0,41.1371,64.0,25.3267,0.0,0.0
8683.0,1.7439,0.093,1.0,0.0795,1.201,2.055,1.055,2.1856,1.1856,26.8141,2.0726,26.3768,2.0551,100.0,0.0,0.0,0.0,25.0,0.0,26.125,0.0,26.125,0.0,25.0,10.0,0.0,0.0076,52.511,5.2511,2.0,6.4831,1.3247,0.4225,1.4097,0.1144,1.3761,1.004e-05,1.001,0.0001,1.9346,12.0,0.0675,1.0018,0.197,2.5164,0.0544,1.9575,0.0613,2.009,0.0,0.0,0.0,-0.1513,25.0,25.0,38.0,37.0,13.0,0.0,0.0,0.0,0.0,41.1367,64.0,25.5138,0.0,0.0
8684.0,1.7447,0.0931,1.0,0.0796,1.2012,2.0553,1.0553,2.1858,1.1858,26.778,2.0711,26.3589,2.0544,100.0,0.0,0.0,0.0,25.0,0.0,26.125,0.0,26.0,0.0,25.125,10.0,0.0,0.0087,52.5109,5.2511,2.0,6.5061,1.3253,0.4241,1.4099,0.1206,1.3768,1.004e-05,1.001,0.0001,1.9298,12.0,0.0639,1.0017,0.1972,2.5167,0.0488,1.9103,0.0654,2.0372,0.0,0.0,0.0,-0.1516,25.0,25.0,38.0,37.0,15.0,0.0,0.0,0.0,0.0,41.1367,64.0,25.704,0.0,0.0
8685.0,1.7448,0.0931,1.0,0.0794,1.2007,2.0554,1.0554,2.1857,1.1857,26.6617,2.0665,26.3538,2.0542,100.0,0.0,0.0,0.0,25.0,0.0,26.125,0.0,26.125,0.0,25.0,10.0,0.0,0.0087,52.5107,5.2511,2.0,6.5109,1.3255,0.3732,1.4043,0.1265,1.3774,1.008e-05,1.0019,0.0001,1.9375,12.0,0.0615,1.0016,0.1525,2.4051,0.0514,1.9332,0.0788,2.1182,0.0,0.0,0.0,-0.1515,25.0,25.0,38.0,37.0,13.0,0.0,0.0,0.0,0.0,41.1367,64.0,25.881,0.0,0.0
8686.0,1.7449,0.0931,1.0,0.0794,1.2006,2.0554,1.0554,2.1858,1.1858,26.5689,2.0628,26.3557,2.0542,100.0,0.0,0.0,0.0,25.0,0.0,26.125,0.0,26.125,0.0,25.125,10.0,0.0,0.0081,52.5108,5.2511,2.0,6.5049,1.3253,0.3957,1.4068,0.1201,1.3767,1.007e-05,1.0016,0.0001,1.9387,12.0,0.0666,1.0018,0.1571,2.4181,0.0448,1.873,0.0717,2.0773,0.0,0.0,0.0,-0.1515,25.0,25.0,38.0,37.0,14.0,0.0,0.0,0.0,0.0,41.1371,64.0,26.0673,0.0,0.0
8687.0,1.7455,0.0932,1.0,0.0797,1.2013,2.055,1.055,2.1854,1.1854,26.6509,2.066,26.3775,2.0551,100.0,0.0,0.0,0.0,25.0,0.0,26.125,0.0,26.125,0.0,25.125,10.0,0.0,0.0085,52.5106,5.2511,2.0,6.6444,1.329,0.475,1.4155,0.1186,1.3766,1.005e-05,1.0011,0.0001,1.9374,12.0,0.0681,1.0018,0.1592,2.4239,0.0426,1.8511,0.0772,2.1093,0.0,0.0,0.0,-0.1511,25.0,25.0,38.0,37.0,14.0,0.0,0.0,0.0,0.0,41.1366,64.0,26.2463,0.0,0.0
8688.0,1.7447,0.0931,1.0,0.0796,1.2012,2.0551,1.0551,2.1854,1.1854,26.8111,2.0724,26.3833,2.0553,100.0,0.0,0.0,0.0,25.0,0.0,26.125,0.0,26.125,0.0,25.125,10.0,0.0,0.0082,52.5108,5.251,2.0,6.6969,1.3303,0.4571,1.4135,0.1198,1.3767,1.007e-05,1.0016,0.0001,1.9321,12.0,0.0716,1.0019,0.1453,2.384,0.0418,1.8434,0.0676,2.0517,0.0,0.0,0.0,-0.1518,25.0,25.0,38.0,37.0,15.0,0.0,0.0,0.0,0.0,41.1363,64.0,26.4166,0.0,0.0
8689.0,1.7467,0.0933,1.0,0.0796,1.2012,2.0556,1.0556,2.1858,1.1858,26.7862,2.0714,26.372,2.0549,100.0,0.0,0.0,0.0,25.0,0.0,26.125,0.0,26.125,0.0,25.125,10.0,0.0,0.0076,52.5106,5.2511,2.0,6.62,1.3283,0.3507,1.4019,0.1293,1.3777,1.015e-05,1.0036,0.0001,1.9365,12.0,0.071,1.0019,0.1249,2.3183,0.0409,1.8339,0.0668,2.0468,0.0,0.0,0.0,-0.1515,25.0,25.0,38.0,37.0,14.0,0.0,0.0,0.0,0.0,41.137,64.0,26.5944,0.0,0.0
8690.0,1.7478,0.0935,1.0,0.0795,1.2009,2.0558,1.0558,2.1857,1.1857,26.6882,2.0675,26.36,2.0544,100.0,0.0,0.0,0.0,24.875,0.0,26.125,0.0,26.125,0.0,25.0,10.0,0.0,0.0082,52.5107,5.251,2.0,6.4727,1.3244,0.2879,1.395,0.134,1.3783,1.021e-05,1.0049,0.0001,1.9395,12.0,0.0703,1.0019,0.1908,2.5024,0.0424,1.8497,0.0679,2.0539,0.0,0.0,0.0,-0.1516,25.0,25.0,38.0,37.0,15.0,0.0,0.0,0.0,0.0,41.137,64.0,26.7802,0.0,0.0
8691.0,1.7471,0.0934,1.0,0.0795,1.2008,2.0554,1.0554,2.1854,1.1854,26.5739,2.063,26.3535,2.0541,100.0,0.0,0.0,0.0,25.0,0.0,26.25,0.0,26.125,0.0,25.0,10.0,0.0,0.0084,52.5105,5.251,2.0,6.3952,1.3223,0.1867,1.384,0.1354,1.3784,1.022e-05,1.0051,0.0001,1.939,12.0,0.0691,1.0018,0.1962,2.5146,0.0348,1.7629,0.0668,2.0469,0.0,0.0,0.0,-0.1516,25.0,25.0,38.0,37.0,15.0,0.0,0.0,0.0,0.0,41.1368,64.0,26.9578,0.0,0.0
8692.0,1.7454,0.0932,1.0,0.0796,1.2011,2.0553,1.0553,2.1854,1.1854,26.6426,2.0657,26.3739,2.055,100.0,0.0,0.0,0.0,25.0,0.0,26.125,0.0,26.125,0.0,25.125,10.0,0.0,0.0087,52.5104,5.251,2.0,6.2675,1.3188,0.0994,1.3745,0.1287,1.3777,1.017e-05,1.004,0.0001,1.9355,12.0,0.0674,1.0018,0.1921,2.5053,0.0364,1.7833,0.0665,2.0446,0.0,0.0,0.0,-0.1516,25.0,25.0,38.0,37.0,13.0,0.0,0.0,0.0,0.0,41.1365,64.0,27.1236,0.0,0.0
8693.0,1.7442,0.093,1.0,0.0797,1.2014,2.0551,1.0551,2.1855,1.1855,26.8066,2.0723,26.3774,2.0551,100.0,0.0,0.0,0.0,24.875,0.0,26.125,0.0,26.125,0.0,25.125,10.0,0.0,0.0085,52.5104,5.251,2.0,6.3157,1.3202,0.1982,1.3853,0.1256,1.3773,1.019e-05,1.0044,0.0001,1.9319,12.0,0.0637,1.0017,0.1713,2.4556,0.034,1.7527,0.0548,1.961,0.0,0.0,0.0,-0.1512,25.0,25.0,38.0,37.0,13.0,0.0,0.0,0.0,0.0,41.137,64.0,27.3113,0.0,0.0
8694.0,1.743,0.0929,1.0,0.0796,1.201,2.0554,1.0554,2.1858,1.1858,26.8048,2.0722,26.3616,2.0545,100.0,0.0,0.0,0.0,25.0,0.0,26.125,0.0,26.125,0.0,25.125,10.0,0.0,0.0084,52.5104,5.251,2.0,6.418,1.323,0.1943,1.3848,0.1291,1.3777,1.027e-05,1.0061,0.0001,1.9386,12.0,0.0629,1.0017,0.1702,2.4529,0.0319,1.725,0.0665,2.0445,0.0,0.0,0.0,-0.1514,25.0,25.0,38.0,37.0,13.0,0.0,0.0,0.0,0.0,41.1372,64.0,27.4926,0.0,0.0
8695.0,1.7436,0.093,1.0,0.0793,1.2003,2.0556,1.0556,2.1857,1.1857,26.707,2.0683,26.3545,2.0542,100.0,0.0,0.0,0.0,25.0,0.0,26.0,0.0,26.125,0.0,25.125,10.0,0.0,0.0086,52.5105,5.251,2.0,6.3814,1.322,0.2149,1.3871,0.1367,1.3786,1.035e-05,1.008,0.0001,1.9399,12.0,0.0617,1.0016,0.1573,2.4187,0.0306,1.7073,0.0625,2.0179,0.0,0.0,0.0,-0.1519,25.0,25.0,38.0,37.0,14.0,0.0,0.0,0.0,0.0,41.1369,64.0,27.6883,0.0,0.0
8696.0,1.7436,0.093,1.0,0.0792,1.2001,2.0554,1.0554,2.1855,1.1855,26.5911,2.0636,26.3531,2.0541,100.0,0.0,0.0,0.0,25.0,0.0,26.125,0.0,26.125,0.0,25.0,10.0,0.0,0.0077,52.5102,5.251,2.0,6.477,1.3245,0.2743,1.3936,0.1429,1.3792,1.04e-05,1.0091,0.0001,1.9388,12.0,0.0599,1.0016,0.1591,2.4236,0.0255,1.6283,0.0614,2.0101,0.0,0.0,0.0,-0.1516,25.0,25.0,38.0,37.0,13.0,0.0,0.0,0.0,0.0,41.137,64.0,27.8664,0.0,0.0
8697.0,1.7447,0.0931,1.0,0.0794,1.2005,2.0552,1.0552,2.1857,1.1857,26.6075,2.0643,26.3701,2.0548,100.0,0.0,0.0,0.0,25.0,0.0,26.125,0.0,26.125,0.0,25.125,10.0,0.0,0.0077,52.5102,5.251,2.0,6.622,1.3284,0.2931,1.3956,0.1426,1.3792,1.039e-05,1.0089,0.0001,1.9361,12.0,0.0688,1.0018,0.1332,2.3465,0.0246,1.6133,0.0648,2.0334,0.0,0.0,0.0,-0.1512,25.0,25.0,38.0,37.0,15.0,0.0,0.0,0.0,0.0,41.1364,64.0,28.053,0.0,0.0
8698.0,1.7429,0.0929,1.0,0.0799,1.202,2.0548,1.0548,2.1858,1.1858,26.7798,2.0712,26.3813,2.0553,100.0,0.0,0.0,0.0,25.0,0.0,26.125,0.0,26.125,0.0,25.125,10.0,0.0,0.0082,52.51,5.251,2.0,6.5449,1.3264,0.2596,1.392,0.137,1.3786,1.035e-05,1.0079,0.0001,1.9405,12.0,0.071,1.0019,0.2001,2.5232,0.0288,1.6818,0.0804,2.1271,0.0,0.0,0.0,-0.1513,25.0,25.0,38.0,37.0,15.0,0.0,0.0,0.0,0.0,41.1367,64.0,28.2493,0.0,0.0
8699.0,1.7426,0.0928,1.0,0.0798,1.2018,2.0551,1.0551,2.1858,1.1858,26.8166,2.0727,26.3653,2.0546,100.0,0.0,0.0,0.0,25.0,0.0,26.125,0.0,26.125,0.0,25.125,10.0,0.0,0.0086,52.5103,5.2511,2.0,6.6647,1.3295,0.3316,1.3998,0.1341,1.3783,1.04e-05,1.0091,0.0001,1.9427,12.0,0.0717,1.0019,0.2102,2.5444,0.0237,1.5957,0.0802,2.1259,0.0,0.0,0.0,-0.1514,25.0,25.0,38.0,37.0,14.0,0.0,0.0,0.0,0.0,41.1362,64.0,28.4372,0.0,0.0
8700.0,1.7426,0.0928,1.0,0.0796,1.2011,2.0554,1.0554,2.1857,1.1857,26.7393,2.0696,26.3557,2.0542,100.0,0.0,0.0,0.0,25.0,0.0,26.125,0.0,26.125,0.0,25.125,10.0,0.0,0.0083,52.5106,5.251,2.0,6.6424,1.3289,0.2663,1.3927,0.142,1.3791,1.049e-05,1.0111,0.0001,1.9422,12.0,0.0729,1.0019,0.1861,2.4916,0.023,1.5838,0.0856,2.1545,0.0,0.0,0.0,-0.1516,25.0,25.0,38.0,37.0,14.0,0.0,0.0,0.0,0.0,41.1365,64.0,28.6275,0.0,0.0
8701.0,1.7429,0.0929,1.0,0.0796,1.201,2.0555,1.0555,2.1857,1.1857,26.6287,2.0651,26.3522,2.0541,100.0,0.0,0.0,0.0,24.875,0.0,26.125,0.0,26.125,0.0,25.0,10.0,0.0,0.0086,52.5103,5.251,2.0,6.5662,1.3269,0.2108,1.3866,0.1478,1.3798,1.056e-05,1.0127,0.0001,1.9391,12.0,0.0689,1.0018,0.1677,2.4463,0.0197,1.517,0.0728,2.0841,0.0,0.0,0.0,-0.1516,25.0,25.0,38.0,37.0,14.0,0.0,0.0,0.0,0.0,41.1366,64.0,28.8012,0.0,0.0
8702.0,1.7435,0.0929,1.0,0.0797,1.2015,2.0556,1.0556,2.1858,1.1858,26.5842,2.0634,26.3754,2.055,100.0,0.0,0.0,0.0,25.0,0.0,26.125,0.0,26.125,0.0,25.0,10.0,0.0,0.008,52.5104,5.251,2.0,6.5124,1.3255,0.2009,1.3856,0.1473,1.3797,1.057e-05,1.0129,0.0001,1.936,12.0,0.0675,1.0018,0.1676,2.4462,0.0223,1.5692,0.0935,2.1926,0.0,0.0,0.0,-0.1518,25.0,25.0,38.0,37.0,14.0,0.0,0.0,0.0,0.0,41.137,64.0,28.9666,0.0,0.0
8703.0,1.7436,0.0929,1.0,0.0794,1.2007,2.0549,1.0549,2.1856,1.1856,26.7399,2.0696,26.3818,2.0553,100.0,0.0,0.0,0.0,25.0,0.0,26.0,0.0,26.125,0.0,25.0,10.0,0.0,0.0089,52.5101,5.251,2.0,6.5558,1.3266,0.2185,1.3875,0.149,1.3799,1.061e-05,1.0138,0.0001,1.9412,12.0,0.0618,1.0016,0.163,2.434,0.0169,1.4509,0.0715,2.0759,0.0,0.0,0.0,-0.1515,25.0,25.0,38.0,37.0,13.0,0.0,0.0,0.0,0.0,41.1367,64.0,29.1558,0.0,0.0
8704.0,1.7437,0.093,1.0,0.0793,1.2004,2.0549,1.0549,2.1857,1.1857,26.8243,2.073,26.3561,2.0542,100.0,0.0,0.0,0.0,25.0,0.0,26.125,0.0,26.125,0.0,25.125,10.0,0.0,0.0077,52.5103,5.251,2.0,6.5299,1.326,0.1602,1.3811,0.1508,1.3801,1.063e-05,1.0143,0.0001,1.9427,12.0,0.0608,1.0016,0.1573,2.4187,0.0197,1.5167,0.0774,2.1108,0.0,0.0,0.0,-0.1512,25.0,25.0,38.0,37.0,12.0,0.0,0.0,0.0,0.0,41.1364,64.0,29.3353,0.0,0.0
8705.0,1.7437,0.093,1.0,0.0792,1.2001,2.0554,1.0554,2.1857,1.1857,26.7576,2.0703,26.3578,2.0543,100.0,0.0,0.0,0.0,24.875,0.0,26.125,0.0,26.125,0.0,25.125,10.0,0.0,0.0078,52.5102,5.251,2.0,6.4988,1.3251,0.1372,1.3786,0.1428,1.3792,1.058e-05,1.0131,0.0001,1.941,12.0,0.0612,1.0016,0.1586,2.4221,0.0174,1.462,0.0703,2.0686,0.0,0.0,0.0,-0.1513,25.0,25.0,38.0,37.0,13.0,0.0,0.0,0.0,0.0,41.1364,64.0,29.5706,0.0,0.0
8706.0,1.7437,0.093,1.0,0.0795,1.2008,2.0558,1.0558,2.1856,1.1856,26.6226,2.0649,26.3618,2.0545,100.0,0.0,0.0,0.0,25.0,0.0,26.125,0.0,26.125,0.0,25.125,10.0,0.0,0.0081,52.5098,5.251,2.0,6.4059,1.3226,0.0929,1.3738,0.1441,1.3794,1.064e-05,1.0143,0.0001,1.9419,12.0,0.0623,1.0017,0.1222,2.3088,0.0171,1.4545,0.0752,2.0982,0.0,0.0,0.0,-0.1514,25.0,25.0,38.0,37.0,13.0,0.0,0.0,0.0,0.0,41.1365,64.0,29.7311,0.0,0.0
8707.0,1.7427,0.0928,1.0,0.0794,1.2006,2.0557,1.0557,2.1854,1.1854,26.5666,2.0627,26.3718,2.0549,100.0,0.0,0.0,0.0,24.875,0.0,26.0,0.0,26.125,0.0,25.125,10.0,0.0,0.0082,52.5099,5.251,2.0,6.3971,1.3224,0.1038,1.375,0.1491,1.3799,1.071e-05,1.0159,0.0001,1.9443,12.0,0.0647,1.0017,0.1108,2.2663,0.076,2.1028,0.0706,2.0707,0.0,0.0,0.0,-0.1513,25.0,25.0,38.0,37.0,15.0,0.0,0.0,0.0,0.0,41.1361,64.0,29.9432,0.0,0.0
8708.0,1.7426,0.0928,1.0,0.0797,1.2013,2.0552,1.0552,2.1853,1.1853,26.7106,2.0684,26.3792,2.0552,100.0,0.0,0.0,0.0,25.0,0.0,26.0,0.0,26.125,0.0,25.0,10.0,0.0,0.0085,52.51,5.251,2.0,6.4537,1.3239,0.109,1.3755,0.1542,1.3805,1.078e-05,1.0174,0.0001,1.9452,12.0,0.0703,1.0019,0.1771,2.47,0.069,2.0606,0.0627,2.0192,0.0,0.0,0.0,-0.1518,25.0,25.0,38.0,37.0,13.0,0.0,0.0,0.0,0.0,41.1362,64.0,30.1247,0.0,0.0
8709.0,1.7426,0.0928,1.0,0.0795,1.2008,2.0549,1.0549,2.1857,1.1857,26.8168,2.0727,26.3686,2.0547,100.0,0.0,0.0,0.0,24.875,0.0,26.25,0.0,26.125,0.0,25.125,10.0,0.0,0.0085,52.5095,5.251,2.0,6.3468,1.321,0.0338,1.3673,0.1566,1.3807,1.083e-05,1.0186,0.0001,1.9416,12.0,0.0709,1.0019,0.1953,2.5125,0.0617,2.0121,0.0768,2.1072,0.0,0.0,0.0,-0.1518,25.0,25.0,38.0,37.0,14.0,0.0,0.0,0.0,0.0,41.1364,64.0,30.3093,0.0,0.0
8710.0,1.7426,0.0928,1.0,0.0796,1.2012,2.0554,1.0554,2.1858,1.1858,26.7635,2.0705,26.3589,2.0544,100.0,0.0,0.0,0.0,24.875,0.0,26.125,0.0,26.125,0.0,25.125,10.0,0.0,0.008,52.5099,5.251,2.0,6.3654,1.3215,0.0699,1.3713,0.1631,1.3814,1.09e-05,1.0201,0.0001,1.9396,12.0,0.0651,1.0017,0.1649,2.439,0.0608,2.0057,0.0761,2.1034,0.0,0.0,0.0,-0.1513,25.0,25.0,38.0,37.0,14.0,0.0,0.0,0.0,0.0,41.1362,64.0,30.5028,0.0,0.0
8711.0,1.7436,0.0929,1.0,0.0797,1.2014,2.0555,1.0555,2.1856,1.1856,26.662,2.0665,26.3535,2.0541,100.0,0.0,0.0,0.0,25.0,0.0,26.125,0.0,26.125,0.0,25.125,10.0,0.0,0.0083,52.51,5.251,2.0,6.518,1.3256,0.2027,1.3858,0.165,1.3816,1.094e-05,1.021,0.0001,1.9454,12.0,0.0626,1.0017,0.1731,2.4601,0.0603,2.0019,0.0712,2.0744,0.0,0.0,0.0,-0.1514,25.0,25.0,38.0,37.0,13.0,0.0,0.0,0.0,0.0,41.1373,64.0,30.6774,0.0,0.0
8712.0,1.7437,0.093,1.0,0.0794,1.2005,2.0554,1.0554,2.1854,1.1854,26.5685,2.0627,26.3579,2.0543,100.0,0.0,0.0,0.0,25.0,0.0,26.125,0.0,26.125,0.0,25.0,10.0,0.0,0.0076,52.5097,5.251,2.0,6.6716,1.3297,0.3226,1.3988,0.1652,1.3817,1.095e-05,1.0211,0.0001,1.9475,12.0,0.0625,1.0017,0.1696,2.4514,0.0591,1.9935,0.0625,2.018,0.0,0.0,0.0,-0.1517,25.0,25.0,38.0,37.0,13.0,0.0,0.0,0.0,0.0,41.1368,64.0,30.8259,0.0,0.0
8713.0,1.7436,0.093,1.0,0.0794,1.2006,2.0552,1.0552,2.1853,1.1853,26.7185,2.0687,26.3789,2.0552,100.0,0.0,0.0,0.0,24.875,0.0,26.125,0.0,26.125,0.0,25.0,10.0,0.0,0.0076,52.5094,5.251,2.0,6.8783,1.335,0.383,1.4054,0.1686,1.382,1.104e-05,1.0231,0.0001,1.9406,12.0,0.0614,1.0016,0.1734,2.4608,0.0556,1.9672,0.0629,2.0208,0.0,0.0,0.0,-0.1516,25.0,25.0,38.0,37.0,14.0,0.0,0.0,0.0,0.0,41.1365,64.0,31.0166,0.0,0.0
8714.0,1.7439,0.093,1.0,0.0794,1.2005,2.055,1.055,2.1856,1.1856,26.8182,2.0727,26.3697,2.0548,100.0,0.0,0.0,0.0,25.0,0.0,26.125,0.0,26.25,0.0,25.0,10.0,0.0,0.0081,52.5097,5.2509,2.0,7.0701,1.3398,0.4354,1.4111,0.1688,1.3821,1.103e-05,1.0228,0.0001,1.9464,12.0,0.0603,1.0016,0.1241,2.3155,0.0479,1.902,0.0621,2.0149,0.0,0.0,0.0,-0.1512,25.0,25.0,38.0,37.0,14.0,0.0,0.0,0.0,0.0,41.1366,64.0,31.2147,0.0,0.0
8715.0,1.7447,0.0931,1.0,0.0794,1.2006,2.0557,1.0557,2.1858,1.1858,26.7678,2.0707,26.362,2.0545,100.0,0.0,0.0,0.0,24.875,0.0,26.125,0.0,26.125,0.0,25.125,10.0,0.0,0.0084,52.5096,5.251,2.0,7.0871,1.3402,0.4939,1.4175,0.1751,1.3827,1.114e-05,1.025,0.0001,1.9501,12.0,0.0641,1.0017,0.2003,2.5236,0.0488,1.9099,0.0575,1.9816,0.0,0.0,0.0,-0.1517,25.0,25.0,38.0,37.0,13.0,0.0,0.0,0.0,0.0,41.1365,64.0,31.385,0.0,0.0
8716.0,1.7447,0.0931,1.0,0.0794,1.2007,2.0558,1.0558,2.1857,1.1857,26.6573,2.0663,26.364,2.0546,100.0,0.0,0.0,0.0,24.875,0.0,26.0,0.0,26.25,0.0,25.0,10.0,0.0,0.0085,52.5095,5.2509,2.0,7.1724,1.3423,0.4884,1.4169,0.1714,1.3823,1.111e-05,1.0244,0.0001,1.948,12.0,0.0675,1.0018,0.2183,2.5609,0.0444,1.8692,0.056,1.9697,0.0,0.0,0.0,-0.1514,25.0,25.0,38.0,37.0,15.0,0.0,0.0,0.0,0.0,41.1364,64.0,31.6044,0.0,0.0
8717.0,1.7446,0.0931,1.0,0.0795,1.2009,2.0558,1.0558,2.1854,1.1854,26.5661,2.0626,26.3652,2.0546,100.0,0.0,0.0,0.0,25.0,0.0,26.125,0.0,26.125,0.0,25.0,10.0,0.0,0.0083,52.5095,5.251,2.0,7.2889,1.3451,0.5494,1.4236,0.1754,1.3828,1.115e-05,1.0253,0.0001,1.9443,12.0,0.0688,1.0018,0.2219,2.5679,0.0396,1.8196,0.0592,1.9939,0.0,0.0,0.0,-0.1516,25.0,25.0,38.0,37.0,16.0,0.0,0.0,0.0,0.0,41.1365,64.0,31.7734,0.0,0.0
8718.0,1.7436,0.093,1.0,0.0795,1.201,2.0549,1.0549,2.1854,1.1854,26.6812,2.0672,26.3774,2.0551,100.0,0.0,0.0,0.0,25.0,0.0,26.125,0.0,26.25,0.0,25.0,10.0,0.0,0.0081,52.5095,5.2509,2.0,7.3633,1.3468,0.5335,1.4218,0.1808,1.3834,1.124e-05,1.0271,0.0001,1.952,12.0,0.0699,1.0019,0.1822,2.4823,0.0414,1.8385,0.0524,1.9412,0.0,0.0,0.0,-0.1512,25.0,25.0,38.0,37.0,14.0,0.0,0.0,0.0,0.0,41.1362,64.0,31.9616,0.0,0.0
8719.0,1.7436,0.093,1.0,0.0795,1.201,2.0547,1.0547,2.1857,1.1857,26.8239,2.073,26.3732,2.0549,100.0,0.0,0.0,0.0,24.875,0.0,26.125,0.0,26.125,0.0,25.125,10.0,0.0,0.0074,52.5096,5.2509,2.0,7.3822,1.3473,0.566,1.4254,0.1779,1.383,1.124e-05,1.0271,0.0001,1.952,12.0,0.0657,1.0018,0.1571,2.4179,0.0418,1.8431,0.0642,2.0296,0.0,0.0,0.0,-0.1518,25.0,25.0,38.0,37.0,14.0,0.0,0.0,0.0,0.0,41.1364,64.0,32.1421,0.0,0.0
8720.0,1.7436,0.0929,1.0,0.0796,1.2013,2.0553,1.0553,2.1858,1.1858,26.8017,2.0721,26.3622,2.0545,100.0,0.0,0.0,0.0,25.0,0.0,26.125,0.0,26.125,0.0,25.25,10.0,0.0,0.0087,52.5096,5.2509,2.0,7.4299,1.3484,0.5534,1.424,0.1755,1.3828,1.129e-05,1.0282,0.0001,1.9518,12.0,0.0633,1.0017,0.1551,2.4125,0.0332,1.7426,0.0675,2.0513,0.0,0.0,0.0,-0.1514,26.0,25.0,38.0,37.0,13.0,0.0,0.0,0.0,0.0,41.1367,64.0,32.3288,0.0,0.0
8721.0,1.7426,0.0928,1.0,0.0794,1.2007,2.0558,1.0558,2.1857,1.1857,26.6934,2.0677,26.366,2.0546,100.0,0.0,0.0,0.0,25.0,0.0,26.0,0.0,26.125,0.0,25.125,10.0,0.0,0.008,52.5094,5.2509,2.0,7.3394,1.3463,0.4655,1.4144,0.1798,1.3833,1.137e-05,1.0298,0.0001,1.9489,12.0,0.0633,1.0017,0.1379,2.3615,0.0367,1.7871,0.0614,2.0098,0.0,0.0,0.0,-0.1517,26.0,25.0,38.0,37.0,13.0,0.0,0.0,0.0,0.0,41.1366,64.0,32.5019,0.0,0.0
8722.0,1.7427,0.0928,1.0,0.0793,1.2002,2.0557,1.0557,2.1856,1.1856,26.5648,2.0626,26.3536,2.0541,100.0,0.0,0.0,0.0,24.875,0.0,26.0,0.0,26.125,0.0,25.125,10.0,0.0,0.0079,52.509,5.2509,2.0,7.3687,1.347,0.4887,1.4169,0.1836,1.3837,1.139e-05,1.0303,0.0001,1.9524,12.0,0.0621,1.0017,0.1327,2.3448,0.0322,1.7292,0.0561,1.971,0.0,0.0,0.0,-0.1512,26.0,25.0,38.0,37.0,15.0,0.0,0.0,0.0,0.0,41.1367,64.0,32.6458,0.0,0.0
8723.0,1.7426,0.0928,1.0,0.0792,1.2001,2.0551,1.0551,2.1854,1.1854,26.6176,2.0647,26.3732,2.0549,100.0,0.0,0.0,0.0,24.875,0.0,26.0,0.0,26.125,0.0,25.0,10.0,0.0,0.0085,52.509,5.2509,2.0,7.3942,1.3476,0.4921,1.4173,0.1848,1.3838,1.148e-05,1.032,0.0001,1.9537,12.0,0.0622,1.0017,0.1519,2.4034,0.0324,1.7317,0.0571,1.9788,0.0,0.0,0.0,-0.1511,26.0,25.0,38.0,37.0,14.0,0.0,0.0,0.0,0.0,41.1365,64.0,32.8723,0.0,0.0
8724.0,1.7384,0.0923,1.0,0.0794,1.2006,2.0555,1.0555,2.1852,1.1852,26.8096,2.0724,26.394,2.0558,100.0,0.0,0.0,0.0,25.0,0.0,26.125,0.0,26.125,0.0,25.0,10.0,0.0,0.008,52.5088,5.2509,2.0,7.4489,1.3488,0.4747,1.4154,0.194,1.3848,1.155e-05,1.0335,0.0001,1.9542,12.0,0.0615,1.0016,0.1334,2.3469,0.0298,1.6967,0.0541,1.955,0.0,0.0,0.0,-0.1518,25.0,25.0,38.0,37.0,14.0,0.0,0.0,0.0,0.0,41.1366,64.0,33.0329,0.0,0.0
8725.0,1.7364,0.0921,1.0,0.0793,1.2004,2.056,1.056,2.1854,1.1854,26.7946,2.0718,26.3821,2.0553,100.0,0.0,0.0,0.0,25.0,0.0,26.125,0.0,26.125,0.0,25.0,10.0,0.0,0.0081,52.509,5.2509,2.0,7.5235,1.3506,0.5337,1.4219,0.1938,1.3848,1.156e-05,1.0337,0.0001,1.9551,12.0,0.065,1.0017,0.1252,2.3194,0.0287,1.6796,0.0552,1.964,0.0,0.0,0.0,-0.1513,25.0,25.0,38.0,37.0,13.0,0.0,0.0,0.0,0.0,41.1365,64.0,33.2188,0.0,0.0
8726.0,1.7364,0.092,1.0,0.0794,1.2007,2.0562,1.0562,2.1857,1.1857,26.6973,2.0679,26.3653,2.0546,100.0,0.0,0.0,0.0,25.0,0.0,26.125,0.0,26.125,0.0,25.125,10.0,0.0,0.0088,52.5089,5.2509,2.0,7.6547,1.3536,0.5232,1.4207,0.1967,1.3851,1.162e-05,1.0349,0.0001,1.9575,12.0,0.0683,1.0018,0.1347,2.3512,0.0281,1.6698,0.063,2.0214,0.0,0.0,0.0,-0.1511,25.0,25.0,38.0,37.0,13.0,0.0,0.0,0.0,0.0,41.1362,64.0,33.4043,0.0,0.0
8727.0,1.7373,0.0922,1.0,0.0795,1.201,2.056,1.056,2.1855,1.1855,26.5701,2.0628,26.3624,2.0545,100.0,0.0,0.0,0.0,25.0,0.0,26.0,0.0,26.25,0.0,25.0,10.0,0.0,0.0077,52.5094,5.2509,2.0,7.6129,1.3526,0.4521,1.413,0.1994,1.3854,1.169e-05,1.0362,0.0001,1.9561,12.0,0.0711,1.0019,0.12,2.3011,0.0267,1.6491,0.0621,2.0149,0.0,0.0,0.0,-0.1518,25.0,25.0,38.0,37.0,14.0,0.0,0.0,0.0,0.0,41.1362,64.0,33.5809,0.0,0.0
8728.0,1.7384,0.0923,1.0,0.0795,1.2009,2.0554,1.0554,2.1854,1.1854,26.6173,2.0647,26.3835,2.0553,100.0,0.0,0.0,0.0,25.0,0.0,26.125,0.0,26.125,0.0,25.25,10.0,0.0,0.0085,52.5088,5.2509,2.0,7.5837,1.352,0.4888,1.417,0.2012,1.3856,1.175e-05,1.0374,0.0001,1.9576,12.0,0.0708,1.0019,0.1069,2.2509,0.0262,1.6403,0.0638,2.0265,0.0,0.0,0.0,-0.1514,25.0,25.0,38.0,37.0,13.0,0.0,0.0,0.0,0.0,41.1362,64.0,33.7691,0.0,0.0
8729.0,1.7395,0.0924,1.0,0.0798,1.2017,2.0551,1.0551,2.1854,1.1854,26.7974,2.0719,26.3789,2.0552,100.0,0.0,0.0,0.0,24.875,0.0,26.125,0.0,26.125,0.0,25.0,10.0,0.0,0.0085,52.5091,5.2509,2.0,7.6435,1.3533,0.4869,1.4168,0.2116,1.3867,1.189e-05,1.0402,0.0001,1.9604,12.0,0.0722,1.0019,0.1125,2.2729,0.0221,1.5666,0.0521,1.9386,0.0,0.0,0.0,-0.1515,25.0,25.0,38.0,37.0,13.0,0.0,0.0,0.0,0.0,41.1364,64.0,33.9499,0.0,0.0
8730.0,1.74,0.0925,1.0,0.0795,1.2009,2.0554,1.0554,2.1858,1.1858,26.8097,2.0724,26.3676,2.0547,100.0,0.0,0.0,0.0,25.0,0.0,26.0,0.0,26.125,0.0,25.125,10.0,0.0,0.008,52.5089,5.2509,2.0,7.7072,1.3548,0.4675,1.4146,0.2044,1.3859,1.185e-05,1.0395,0.0001,1.9606,12.0,0.0612,1.0016,0.078,2.1138,0.0213,1.5506,0.0554,1.9651,0.0,0.0,0.0,-0.1516,25.0,25.0,38.0,37.0,14.0,0.0,0.0,0.0,0.0,41.1364,64.0,34.1327,0.0,0.0
8731.0,1.7416,0.0927,1.0,0.0791,1.1997,2.0558,1.0558,2.1857,1.1857,26.714,2.0686,26.3659,2.0546,100.0,0.0,0.0,0.0,25.0,0.0,26.25,0.0,26.125,0.0,25.0,10.0,0.0,0.0086,52.5085,5.2509,2.0,7.5474,1.3511,0.3867,1.4058,0.2123,1.3868,1.198e-05,1.042,0.0001,1.9558,12.0,0.0608,1.0016,0.1831,2.4846,0.0226,1.5754,0.0536,1.9506,0.0,0.0,0.0,-0.1514,25.0,25.0,38.0,37.0,16.0,0.0,0.0,0.0,0.0,41.137,64.0,34.3181,0.0,0.0
8732.0,1.7415,0.0927,1.0,0.0794,1.2007,2.0558,1.0558,2.1856,1.1856,26.6039,2.0642,26.3614,2.0545,100.0,0.0,0.0,0.0,24.875,0.0,26.125,0.0,26.125,0.0,25.0,10.0,0.0,0.0082,52.5085,5.2509,2.0,7.6623,1.3537,0.448,1.4125,0.2165,1.3872,1.204e-05,1.0431,0.0001,1.9604,12.0,0.0595,1.0016,0.1259,2.3217,0.0196,1.5144,0.0698,2.0654,0.0,0.0,0.0,-0.1514,25.0,25.0,38.0,37.0,15.0,0.0,0.0,0.0,0.0,41.1366,64.0,34.4715,0.0,0.0
8733.0,1.7416,0.0927,1.0,0.0794,1.2005,2.0555,1.0555,2.1852,1.1852,26.5889,2.0636,26.3793,2.0552,100.0,0.0,0.0,0.0,24.875,0.0,26.125,0.0,26.0,0.0,25.0,10.0,0.0,0.0086,52.5086,5.2508,2.0,7.734,1.3554,0.4334,1.4109,0.2183,1.3874,1.211e-05,1.0444,0.0001,1.9632,12.0,0.0638,1.0017,0.1464,2.3873,0.0196,1.5151,0.0618,2.013,0.0,0.0,0.0,-0.1516,25.0,25.0,38.0,37.0,15.0,0.0,0.0,0.0,0.0,41.136,64.0,34.6945,0.0,0.0
8734.0,1.7427,0.0928,1.0,0.0793,1.2004,2.0552,1.0552,2.185,1.185,26.7632,2.0705,26.3899,2.0556,100.0,0.0,0.0,0.0,25.0,0.0,26.0,0.0,26.125,0.0,25.0,10.0,0.0,0.0079,52.5085,5.2509,2.0,7.6767,1.3541,0.3736,1.4044,0.2205,1.3877,1.216e-05,1.0455,0.0001,1.9615,12.0,0.0673,1.0018,0.1249,2.3184,0.0176,1.4671,0.065,2.0351,0.0,0.0,0.0,-0.1515,25.0,25.0,38.0,37.0,13.0,0.0,0.0,0.0,0.0,41.1361,64.0,34.8562,0.0,0.0
8735.0,1.7427,0.0928,1.0,0.0795,1.2007,2.0556,1.0556,2.1856,1.1856,26.8197,2.0728,26.3748,2.055,100.0,0.0,0.0,0.0,25.0,0.0,26.125,0.0,26.125,0.0,25.0,10.0,0.0,0.0085,52.5089,5.2509,2.0,7.7089,1.3548,0.3728,1.4043,0.2271,1.3884,1.228e-05,1.0476,0.0001,1.9584,12.0,0.07,1.0019,0.129,2.3326,0.0167,1.4449,0.0549,1.9615,0.0,0.0,0.0,-0.1518,25.0,25.0,38.0,37.0,14.0,0.0,0.0,0.0,0.0,41.1364,64.0,35.0466,0.0,0.0
8736.0,1.7426,0.0928,1.0,0.0795,1.2007,2.0558,1.0558,2.1857,1.1857,26.7283,2.0691,26.3662,2.0546,100.0,0.0,0.0,0.0,25.0,0.0,26.125,0.0,26.125,0.0,25.125,10.0,0.0,0.0082,52.5088,5.2509,2.0,7.6173,1.3527,0.3329,1.4,0.231,1.3888,1.235e-05,1.049,0.0001,1.9619,12.0,0.0696,1.0019,0.1486,2.394,0.0158,1.4212,0.0569,1.977,0.0,0.0,0.0,-0.1517,25.0,25.0,38.0,37.0,14.0,0.0,0.0,0.0,0.0,41.1366,64.0,35.2395,0.0,0.0
8737.0,1.7426,0.0928,1.0,0.0799,1.202,2.0558,1.0558,2.1855,1.1855,26.6027,2.0641,26.3627,2.0545,100.0,0.0,0.0,0.0,25.0,0.0,26.125,0.0,26.125,0.0,25.0,10.0,0.0,0.0082,52.5082,5.2508,2.0,7.7461,1.3556,0.4454,1.4122,0.2319,1.3889,1.242e-05,1.0503,0.0001,1.9653,12.0,0.0713,1.0019,0.1213,2.3055,0.0145,1.3828,0.0511,1.9301,0.0,0.0,0.0,-0.1512,25.0,25.0,38.0,37.0,12.0,0.0,0.0,0.0,0.0,41.1364,64.0,35.4183,0.0,0.0
8738.0,1.7426,0.0928,1.0,0.0798,1.2017,2.0558,1.0558,2.1853,1.1853,26.5782,2.0631,26.3762,2.055,100.0,0.0,0.0,0.0,25.0,0.0,26.125,0.0,26.125,0.0,25.0,10.0,0.0,0.0083,52.5084,5.2508,2.0,7.9231,1.3596,0.4975,1.4179,0.2312,1.3889,1.245e-05,1.051,0.0001,1.9622,12.0,0.0717,1.0019,0.1092,2.2601,0.0148,1.3914,0.053,1.946,0.0,0.0,0.0,-0.1514,25.0,25.0,38.0,37.0,15.0,0.0,0.0,0.0,0.0,41.1366,64.0,35.6107,0.0,0.0
8739.0,1.7417,0.0927,1.0,0.0794,1.2007,2.0556,1.0556,2.185,1.185,26.7438,2.0698,26.3916,2.0557,100.0,0.0,0.0,0.0,25.0,0.0,26.125,0.0,26.125,0.0,25.0,10.0,0.0,0.0075,52.5086,5.2509,2.0,7.9573,1.3603,0.4355,1.4111,0.2305,1.3888,1.249e-05,1.0517,0.0001,1.9637,12.0,0.0683,1.0018,0.1084,2.2568,0.0136,1.3548,0.0465,1.889,0.0,0.0,0.0,-0.1518,25.0,25.0,38.0,37.0,16.0,0.0,0.0,0.0,0.0,41.1371,64.0,35.7977,0.0,0.0
8740.0,1.7421,0.0928,1.0,0.0798,1.2016,2.0556,1.0556,2.1853,1.1853,26.835,2.0734,26.3797,2.0552,100.0,0.0,0.0,0.0,25.0,0.0,26.125,0.0,26.25,0.0,25.0,10.0,0.0,0.0084,52.5086,5.2509,2.0,7.8089,1.357,0.3216,1.3987,0.2359,1.3894,1.256e-05,1.053,0.0001,1.9639,12.0,0.0634,1.0017,0.11,2.2633,0.0146,1.3868,0.0514,1.933,0.0,0.0,0.0,-0.1512,25.0,25.0,38.0,37.0,14.0,0.0,0.0,0.0,0.0,41.1363,64.0,35.9957,0.0,0.0
8741.0,1.7426,0.0928,1.0,0.0794,1.2006,2.0558,1.0558,2.1857,1.1857,26.7595,2.0704,26.3599,2.0544,100.0,0.0,0.0,0.0,25.0,0.0,26.125,0.0,26.125,0.0,25.125,10.0,0.0,0.0081,52.5082,5.2508,2.0,7.8276,1.3575,0.4061,1.4079,0.2351,1.3893,1.258e-05,1.0533,0.0001,1.9649,12.0,0.0645,1.0017,0.1089,2.2589,0.0132,1.3417,0.0597,1.9982,0.0,0.0,0.0,-0.1516,25.0,25.0,38.0,37.0,12.0,0.0,0.0,0.0,0.0,41.137,64.0,36.1826,0.0,0.0
8742.0,1.7437,0.093,1.0,0.0796,1.2011,2.0557,1.0557,2.1859,1.1859,26.638,2.0655,26.3528,2.0541,100.0,0.0,0.0,0.0,24.875,0.0,26.125,0.0,26.125,0.0,25.0,10.0,0.0,0.0075,52.5083,5.2508,2.0,7.9745,1.3607,0.4488,1.4126,0.2377,1.3896,1.263e-05,1.0543,0.0001,1.9626,12.0,0.0687,1.0018,0.0951,2.2002,0.0115,1.2808,0.0551,1.9631,0.0,0.0,0.0,-0.1515,25.0,25.0,38.0,37.0,15.0,0.0,0.0,0.0,0.0,41.1363,64.0,36.3405,0.0,0.0
8743.0,1.7443,0.093,1.0,0.0794,1.2005,2.0558,1.0558,2.1854,1.1854,26.5633,2.0625,26.3616,2.0545,100.0,0.0,0.0,0.0,25.0,0.0,26.125,0.0,26.125,0.0,25.0,10.0,0.0,0.0081,52.5083,5.2509,2.0,8.1813,1.3651,0.5488,1.4235,0.2434,1.3902,1.272e-05,1.0559,0.0001,1.9663,12.0,0.0686,1.0018,0.0857,2.155,0.0101,1.2278,0.0707,2.0715,0.0,0.0,0.0,-0.1513,25.0,25.0,38.0,37.0,15.0,0.0,0.0,0.0,0.0,41.137,64.0,36.535,0.0,0.0
8744.0,1.7436,0.093,1.0,0.0795,1.201,2.0553,1.0553,2.1854,1.1854,26.7118,2.0685,26.3843,2.0554,100.0,0.0,0.0,0.0,25.0,0.0,26.125,0.0,26.125,0.0,25.125,10.0,0.0,0.0083,52.5082,5.2508,2.0,8.2386,1.3663,0.5595,1.4247,0.2564,1.3916,1.293e-05,1.0597,0.0001,1.9687,12.0,0.0704,1.0019,0.0754,2.0995,0.0109,1.2595,0.0638,2.0266,0.0,0.0,0.0,-0.1516,25.0,25.0,38.0,37.0,13.0,0.0,0.0,0.0,0.0,41.1367,64.0,36.7208,0.0,0.0
8745.0,1.7438,0.093,1.0,0.0798,1.2017,2.0554,1.0554,2.1855,1.1855,26.8263,2.0731,26.3811,2.0552,100.0,0.0,0.0,0.0,25.0,0.0,26.0,0.0,26.25,0.0,25.0,10.0,0.0,0.0082,52.5084,5.2509,2.0,8.32,1.368,0.5706,1.4259,0.2567,1.3916,1.299e-05,1.0608,0.0001,1.9672,12.0,0.0724,1.0019,0.0758,2.1016,0.0095,1.2015,0.0618,2.013,0.0,0.0,0.0,-0.1515,25.0,25.0,38.0,37.0,14.0,0.0,0.0,0.0,0.0,41.1365,64.0,36.9128,0.0,0.0
8746.0,1.7437,0.093,1.0,0.0796,1.201,2.0561,1.0561,2.1853,1.1853,26.7726,2.0709,26.369,2.0548,100.0,0.0,0.0,0.0,25.0,0.0,26.125,0.0,26.125,0.0,25.125,10.0,0.0,0.0085,52.5085,5.2509,2.0,8.5271,1.3723,0.7573,1.4463,0.2549,1.3914,1.303e-05,1.0615,0.0001,1.9682,12.0,0.071,1.0019,0.0926,2.1886,0.01,1.2197,0.0599,1.9991,0.0,0.0,0.0,-0.1516,25.0,25.0,38.0,37.0,14.0,0.0,0.0,0.0,0.0,41.1366,64.0,37.1066,0.0,0.0
8747.0,1.7437,0.093,1.0,0.0796,1.2012,2.0561,1.0561,2.1856,1.1856,26.6543,2.0662,26.3637,2.0545,100.0,0.0,0.0,0.0,25.0,0.0,26.125,0.0,26.125,0.0,25.25,10.0,0.0,0.0079,52.5081,5.2508,2.0,8.8403,1.3786,0.7829,1.449,0.253,1.3912,1.306e-05,1.062,0.0001,1.9703,12.0,0.0672,1.0018,0.0764,2.1049,0.0096,1.2047,0.0726,2.0827,0.0,0.0,0.0,-0.1516,25.0,25.0,38.0,37.0,14.0,0.0,0.0,0.0,0.0,41.137,64.0,37.2916,0.0,0.0
8748.0,1.7446,0.0931,1.0,0.0795,1.201,2.056,1.056,2.1854,1.1854,26.5684,2.0627,26.3696,2.0548,100.0,0.0,0.0,0.0,25.0,0.0,26.125,0.0,26.125,0.0,25.0,10.0,0.0,0.0084,52.5082,5.2508,2.0,8.7132,1.3761,0.6418,1.4336,0.2532,1.3913,1.309e-05,1.0626,0.0001,1.9708,12.0,0.0655,1.0017,0.0677,2.0523,0.0091,1.183,0.0652,2.0359,0.0,0.0,0.0,-0.1515,25.0,25.0,38.0,37.0,14.0,0.0,0.0,0.0,0.0,41.1364,64.0,37.4844,0.0,0.0
8749.0,1.7427,0.0928,1.0,0.0794,1.2007,2.0554,1.0554,2.1853,1.1853,26.6803,2.0672,26.3874,2.0555,100.0,0.0,0.0,0.0,25.0,0.0,26.125,0.0,26.125,0.0,25.0,10.0,0.0,0.0083,52.5082,5.2508,2.0,8.7081,1.376,0.6706,1.4368,0.258,1.3918,1.316e-05,1.0638,0.0001,1.9731,12.0,0.0634,1.0017,0.1425,2.3757,0.0086,1.1543,0.0627,2.0192,0.0,0.0,0.0,-0.1514,25.0,25.0,38.0,37.0,16.0,0.0,0.0,0.0,0.0,41.1365,64.0,37.673,0.0,0.0
8750.0,1.7426,0.0928,1.0,0.0794,1.2007,2.0551,1.0551,2.1856,1.1856,26.8112,2.0724,26.3856,2.0554,100.0,0.0,0.0,0.0,25.0,0.0,26.125,0.0,26.125,0.0,25.0,10.0,0.0,0.0079,52.5082,5.2509,2.0,8.8131,1.3781,0.6761,1.4374,0.2657,1.3926,1.328e-05,1.0658,0.0001,1.9736,12.0,0.0619,1.0017,0.1211,2.3049,0.0077,1.1092,0.0602,2.0017,0.0,0.0,0.0,-0.1517,25.0,25.0,38.0,37.0,13.0,0.0,0.0,0.0,0.0,41.1361,64.0,37.8641,0.0,0.0
8751.0,1.7426,0.0928,1.0,0.0794,1.2007,2.0557,1.0557,2.1859,1.1859,26.7896,2.0716,26.3605,2.0544,100.0,0.0,0.0,0.0,25.0,0.0,26.125,0.0,26.375,0.0,25.125,10.0,0.0,0.0079,52.5078,5.2508,2.0,8.7821,1.3774,0.5913,1.4281,0.2681,1.3929,1.338e-05,1.0676,0.0001,1.9748,12.0,0.0625,1.0017,0.1373,2.3596,0.0074,1.089,0.0646,2.032,0.0,0.0,0.0,-0.1515,25.0,25.0,38.0,37.0,16.0,0.0,0.0,0.0,0.0,41.1366,64.0,38.0354,0.0,0.0
8752.0,1.7436,0.093,1.0,0.0797,1.2014,2.0555,1.0555,2.1859,1.1859,26.6887,2.0675,26.3552,2.0542,100.0,0.0,0.0,0.0,25.0,0.0,26.125,0.0,26.125,0.0,25.125,10.0,0.0,0.0077,52.5077,5.2508,2.0,8.9176,1.3801,0.6388,1.4333,0.2712,1.3932,1.348e-05,1.0694,0.0001,1.9714,12.0,0.071,1.0019,0.1099,2.2627,0.0074,1.0897,0.0594,1.9956,0.0,0.0,0.0,-0.1515,25.0,25.0,38.0,37.0,14.0,0.0,0.0,0.0,0.0,41.1361,64.0,38.2137,0.0,0.0
8753.0,1.7433,0.0929,1.0,0.0798,1.2016,2.0558,1.0558,2.1855,1.1855,26.5683,2.0627,26.3662,2.0546,100.0,0.0,0.0,0.0,25.0,0.0,26.125,0.0,26.125,0.0,25.0,10.0,0.0,0.009,52.508,5.2508,2.0,8.973,1.3812,0.6363,1.4331,0.2723,1.3933,1.354e-05,1.0704,0.0001,1.9746,12.0,0.071,1.0019,0.108,2.2552,0.0064,1.0248,0.0549,1.9612,0.0,0.0,0.0,-0.1517,25.0,25.0,38.0,37.0,16.0,0.0,0.0,0.0,0.0,41.1361,64.0,38.4048,0.0,0.0
8754.0,1.7426,0.0928,1.0,0.0796,1.2011,2.0554,1.0554,2.1854,1.1854,26.6457,2.0658,26.386,2.0554,100.0,0.0,0.0,0.0,25.0,0.0,26.125,0.0,26.125,0.0,25.125,10.0,0.0,0.008,52.5081,5.2508,2.0,8.9251,1.3802,0.585,1.4275,0.2804,1.3942,1.362e-05,1.0717,0.0001,1.9784,12.0,0.0729,1.0019,0.101,2.2264,0.0068,1.0534,0.0547,1.9602,0.0,0.0,0.0,-0.1514,25.0,25.0,38.0,37.0,12.0,0.0,0.0,0.0,0.0,41.1365,64.0,38.5835,0.0,0.0
8755.0,1.7436,0.0929,1.0,0.0795,1.2009,2.0551,1.0551,2.1855,1.1855,26.8112,2.0724,26.3859,2.0554,100.0,0.0,0.0,0.0,25.0,0.0,26.125,0.0,26.125,0.0,25.125,10.0,0.0,0.0085,52.5079,5.2508,2.0,9.0586,1.3828,0.6814,1.438,0.2879,1.395,1.376e-05,1.0742,0.0001,1.9752,12.0,0.0688,1.0018,0.0981,2.2134,0.006,1.003,0.0511,1.9303,0.0,0.0,0.0,-0.1513,25.0,25.0,38.0,37.0,13.0,0.0,0.0,0.0,0.0,41.1368,64.0,38.7754,0.0,0.0
8756.0,1.7446,0.0931,1.0,0.0796,1.2012,2.0557,1.0557,2.1858,1.1858,26.7998,2.072,26.3714,2.0549,100.0,0.0,0.0,0.0,24.875,0.0,26.125,0.0,26.125,0.0,25.0,10.0,0.0,0.0081,52.5079,5.2508,2.0,9.1629,1.3848,0.6622,1.4359,0.2847,1.3947,1.382e-05,1.0752,0.0001,1.979,12.0,0.0643,1.0017,0.1037,2.2376,0.0066,1.0398,0.0466,1.8906,0.0,0.0,0.0,-0.1517,25.0,25.0,38.0,37.0,12.0,0.0,0.0,0.0,0.0,41.1364,64.0,38.9606,0.0,0.0
8757.0,1.7437,0.093,1.0,0.0797,1.2014,2.0562,1.0562,2.1858,1.1858,26.6845,2.0674,26.366,2.0546,100.0,0.0,0.0,0.0,24.875,0.0,26.125,0.0,26.125,0.0,25.125,10.0,0.0,0.0086,52.5078,5.2508,2.0,9.1854,1.3852,0.6107,1.4303,0.2845,1.3947,1.385e-05,1.0756,0.0001,1.9802,12.0,0.0659,1.0018,0.0884,2.1684,0.0053,0.9452,0.0457,1.8822,0.0,0.0,0.0,-0.1518,25.0,25.0,38.0,37.0,13.0,0.0,0.0,0.0,0.0,41.1368,64.0,39.1402,0.0,0.0
8758.0,1.7447,0.0931,1.0,0.0792,1.2002,2.0562,1.0562,2.1855,1.1855,26.57,2.0628,26.3651,2.0546,100.0,0.0,0.0,0.0,25.0,0.0,26.125,0.0,26.125,0.0,25.125,10.0,0.0,0.0079,52.5076,5.2508,2.0,9.0738,1.3831,0.5563,1.4243,0.2854,1.3948,1.389e-05,1.0763,0.0001,1.9776,12.0,0.0649,1.0017,0.0801,2.1255,0.0067,1.0508,0.0588,1.9911,0.0,0.0,0.0,-0.1517,25.0,25.0,38.0,37.0,15.0,0.0,0.0,0.0,0.0,41.1364,64.0,39.3307,0.0,0.0
8759.0,1.7455,0.0932,1.0,0.0793,1.2004,2.0554,1.0554,2.1854,1.1854,26.622,2.0649,26.3817,2.0553,100.0,0.0,0.0,0.0,25.0,0.0,26.125,0.0,26.125,0.0,25.125,10.0,0.0,0.0086,52.5077,5.2508,2.0,9.2204,1.3859,0.6876,1.4386,0.2923,1.3955,1.403e-05,1.0786,0.0001,1.9749,12.0,0.0622,1.0017,0.0888,2.1701,0.0054,0.9568,0.0579,1.9846,0.0,0.0,0.0,-0.1518,25.0,25.0,38.0,37.0,14.0,0.0,0.0,0.0,0.0,41.1376,64.0,39.4939,0.0,0.0
8760.0,1.7474,0.0934,1.0,0.0794,1.2006,2.0554,1.0554,2.1851,1.1851,26.7894,2.0716,26.3907,2.0556,100.0,0.0,0.0,0.0,25.0,0.0,26.125,0.0,26.125,0.0,25.125,10.0,0.0,0.0088,52.5083,5.2508,2.0,9.5645,1.3923,0.8087,1.4519,0.2956,1.3959,1.414e-05,1.0805,0.0001,1.98,12.0,0.063,1.0017,0.1445,2.3816,0.0062,1.0131,0.0511,1.93,0.0,0.0,0.0,-0.1517,25.0,25.0,38.0,37.0,14.0,0.0,0.0,0.0,0.0,41.1366,64.0,39.6987,0.0,0.0
8761.0,1.7478,0.0935,1.0,0.0794,1.2007,2.0559,1.0559,2.1854,1.1854,26.8141,2.0726,26.3785,2.0551,100.0,0.0,0.0,0.0,25.0,0.0,26.125,0.0,26.125,0.0,25.125,10.0,0.0,0.0079,52.5078,5.2507,2.0,9.7247,1.3952,0.8045,1.4514,0.2956,1.3959,1.42e-05,1.0815,0.0001,1.9809,12.0,0.0614,1.0016,0.13,2.3358,0.0058,0.9852,0.0541,1.9547,0.0,0.0,0.0,-0.1513,25.0,25.0,38.0,37.0,15.0,0.0,0.0,0.0,0.0,41.1363,64.0,39.866,0.0,0.0
8762.0,1.7489,0.0936,1.0,0.0794,1.2007,2.0561,1.0561,2.1856,1.1856,26.719,2.0688,26.3711,2.0548,100.0,0.0,0.0,0.0,25.0,0.0,26.125,0.0,26.125,0.0,25.125,10.0,0.0,0.0077,52.5077,5.2508,2.0,9.9022,1.3983,0.8712,1.4587,0.3021,1.3966,1.429e-05,1.083,0.0001,1.9775,12.0,0.062,1.0017,0.1429,2.3769,0.0066,1.0415,0.0492,1.9141,0.0,0.0,0.0,-0.1514,25.0,25.0,38.0,37.0,14.0,0.0,0.0,0.0,0.0,41.1363,64.0,40.0375,0.0,0.0
8763.0,1.7509,0.0939,1.0,0.0795,1.201,2.0562,1.0562,2.1856,1.1856,26.5963,2.0639,26.3633,2.0545,100.0,0.0,0.0,0.0,25.0,0.0,26.125,0.0,26.125,0.0,25.125,10.0,0.0,0.0077,52.5077,5.2508,2.0,10.1066,1.4018,0.8756,1.4592,0.307,1.3971,1.445e-05,1.0855,0.0001,1.9806,12.0,0.0721,1.0019,0.1373,2.3596,0.0066,1.0444,0.049,1.9122,0.0,0.0,0.0,-0.1512,25.0,25.0,38.0,37.0,14.0,0.0,0.0,0.0,0.0,41.1365,64.0,40.2264,0.0,0.0
8764.0,1.7514,0.0939,1.0,0.0796,1.2013,2.0559,1.0559,2.1849,1.1849,26.6002,2.064,26.3912,2.0556,100.0,0.0,0.0,0.0,25.0,0.0,26.125,0.0,26.125,0.0,25.125,10.0,0.0,0.0081,52.5075,5.2507,2.0,9.9677,1.3994,0.7496,1.4454,0.3079,1.3972,1.451e-05,1.0865,0.0001,1.9845,12.0,0.0716,1.0019,0.2265,2.577,0.0061,1.0106,0.0484,1.9063,0.0,0.0,0.0,-0.1517,25.0,25.0,38.0,37.0,15.0,0.0,0.0,0.0,0.0,41.1363,64.0,40.4038,0.0,0.0
8765.0,1.753,0.0941,1.0,0.0795,1.201,2.0556,1.0556,2.1851,1.1851,26.7717,2.0709,26.3971,2.0559,100.0,0.0,0.0,0.0,25.0,0.0,26.125,0.0,26.125,0.0,25.125,10.0,0.0,0.0079,52.5074,5.2507,2.0,9.9977,1.4,0.7641,1.447,0.3085,1.3973,1.454e-05,1.0869,0.0001,1.9811,12.0,0.0693,1.0018,0.1957,2.5135,0.0066,1.0431,0.0611,2.0076,0.0,0.0,0.0,-0.1517,25.0,25.0,38.0,37.0,13.0,0.0,0.0,0.0,0.0,41.1362,64.0,40.5893,0.0,0.0
8766.0,1.753,0.0941,1.0,0.0797,1.2013,2.0557,1.0557,2.1858,1.1858,26.8182,2.0727,26.3752,2.055,100.0,0.0,0.0,0.0,25.0,0.0,26.125,0.0,26.125,0.0,25.125,10.0,0.0,0.0079,52.5072,5.2507,2.0,10.1908,1.4033,0.8195,1.453,0.3192,1.3985,1.475e-05,1.0904,0.0001,1.9846,12.0,0.0652,1.0017,0.1558,2.4144,0.006,0.999,0.0571,1.9786,0.0,0.0,0.0,-0.1513,25.0,25.0,38.0,37.0,13.0,0.0,0.0,0.0,0.0,41.1363,64.0,40.7673,0.0,0.0
8767.0,1.753,0.0941,1.0,0.0796,1.2012,2.0562,1.0562,2.1857,1.1857,26.7422,2.0697,26.3667,2.0547,100.0,0.0,0.0,0.0,24.875,0.0,26.125,0.0,26.125,0.0,25.0,10.0,0.0,0.0084,52.5072,5.2507,2.0,10.122,1.4021,0.6892,1.4388,0.3167,1.3982,1.479e-05,1.0909,0.0001,1.9859,12.0,0.0661,1.0018,0.1393,2.3659,0.0058,0.9861,0.0612,2.0086,0.0,0.0,0.0,-0.1517,25.0,25.0,38.0,38.0,14.0,0.0,0.0,0.0,0.0,41.1363,64.0,40.9519,0.0,0.0
8768.0,1.7509,0.0939,1.0,0.0794,1.2005,2.0562,1.0562,2.1853,1.1853,26.6117,2.0645,26.368,2.0547,100.0,0.0,0.0,0.0,25.0,0.0,26.125,0.0,26.25,0.0,25.0,10.0,0.0,0.0086,52.5075,5.2507,2.0,9.894,1.3981,0.5899,1.428,0.3166,1.3982,1.481e-05,1.0913,0.0001,1.9834,12.0,0.0596,1.0016,0.1659,2.4416,0.0525,1.9417,0.0689,2.0603,0.0,0.0,0.0,-0.1515,25.0,25.0,38.0,38.0,13.0,0.0,0.0,0.0,0.0,41.1369,0.0,41.1437,0.0,0.0
8769.0,1.7509,0.0939,1.0,0.0793,1.2004,2.0561,1.0561,2.185,1.185,26.5824,2.0633,26.3866,2.0555,100.0,0.0,0.0,0.0,25.0,0.0,26.125,0.0,26.125,0.0,25.125,10.0,0.0,0.0082,52.5075,5.2508,2.0,10.0185,1.4003,0.602,1.4293,0.3262,1.3992,1.502e-05,1.0945,0.0001,1.9799,12.0,0.0607,1.0016,0.1646,2.4382,0.0527,1.9433,0.0733,2.087,0.0,0.0,0.0,-0.1516,25.0,25.0,38.0,38.0,16.0,0.0,0.0,0.0,0.0,41.1368,0.0,41.187,0.0,0.0
8770.0,1.7509,0.0939,1.0,0.0792,1.2,2.0554,1.0554,2.1853,1.1853,26.7222,2.0689,26.389,2.0556,100.0,0.0,0.0,0.0,24.875,0.0,26.125,0.0,26.25,0.0,25.125,10.0,0.0,0.008,52.5073,5.2507,2.0,9.991,1.3998,0.5754,1.4264,0.3242,1.399,1.508e-05,1.0954,0.0001,1.9888,12.0,0.0604,1.0016,0.132,2.3425,0.0497,1.9178,0.0928,2.1893,0.0,0.0,0.0,-0.1517,25.0,25.0,38.0,38.0,14.0,0.0,0.0,0.0,0.0,41.1366,0.0,41.1876,0.0,0.0
8771.0,1.7509,0.0939,1.0,0.0793,1.2003,2.0553,1.0553,2.1857,1.1857,26.8251,2.073,26.3784,2.0551,100.0,0.0,0.0,0.0,25.125,0.0,26.125,0.0,26.125,0.0,25.125,10.0,0.0,0.0082,52.507,5.2507,2.0,10.189,1.4033,0.6334,1.4327,0.3342,1.4001,1.523e-05,1.0978,0.0001,1.9879,12.0,0.0617,1.0016,0.1706,2.4539,0.1013,2.2274,0.0792,2.1204,0.0,0.0,0.0,-0.1516,25.0,25.0,38.0,37.0,15.0,0.0,0.0,0.0,0.0,41.1362,0.0,41.1872,0.0,0.0
8772.0,1.75,0.0938,1.0,0.0793,1.2004,2.0561,1.0561,2.1857,1.1857,26.7501,2.07,26.3666,2.0547,100.0,0.0,0.0,0.0,24.875,0.0,26.125,0.0,26.125,0.0,25.0,10.0,0.0,0.0082,52.5071,5.2507,2.0,10.0011,1.4,0.4814,1.4162,0.3367,1.4004,1.532e-05,1.0991,0.0001,1.991,12.0,0.0627,1.0017,0.1876,2.4951,0.1085,2.2571,0.0838,2.1452,0.0,0.0,0.0,-0.1517,25.0,25.0,38.0,37.0,15.0,0.0,0.0,0.0,0.0,41.1363,0.0,41.1876,0.0,0.0
8773.0,1.7488,0.0936,1.0,0.0793,1.2004,2.056,1.056,2.1853,1.1853,26.6271,2.0651,26.364,2.0546,100.0,0.0,0.0,0.0,24.875,0.0,26.125,0.0,26.125,0.0,25.125,10.0,0.0,0.0075,52.5071,5.2507,2.0,9.9937,1.3999,0.4614,1.414,0.3349,1.4002,1.535e-05,1.0995,0.0001,1.9924,12.0,0.0664,1.0018,0.2004,2.5237,0.0838,2.145,0.0783,2.1154,0.0,0.0,0.0,-0.1512,25.0,25.0,38.0,37.0,15.0,0.0,0.0,0.0,0.0,41.1368,0.0,41.1871,0.0,0.0
8774.0,1.7478,0.0935,1.0,0.0796,1.2011,2.0562,1.0562,2.185,1.185,26.5661,2.0626,26.3747,2.055,100.0,0.0,0.0,0.0,25.0,0.0,26.25,0.0,26.125,0.0,25.125,10.0,0.0,0.008,52.507,5.2507,2.0,10.0276,1.4005,0.4895,1.417,0.3461,1.4014,1.557e-05,1.1028,0.0001,1.9903,12.0,0.0718,1.0019,0.2289,2.5814,0.0917,2.1844,0.071,2.0734,0.0,0.0,0.0,-0.1515,25.0,25.0,38.0,37.0,14.0,0.0,0.0,0.0,0.0,41.1357,0.0,41.1864,0.0,0.0
8775.0,1.7467,0.0933,1.0,0.0797,1.2014,2.0554,1.0554,2.1851,1.1851,26.7017,2.0681,26.3887,2.0555,100.0,0.0,0.0,0.0,25.0,0.0,26.125,0.0,26.125,0.0,25.0,10.0,0.0,0.0076,52.5072,5.2507,2.0,10.166,1.4029,0.5262,1.421,0.3428,1.401,1.562e-05,1.1035,0.0001,1.994,12.0,0.0676,1.0018,0.2189,2.562,0.0872,2.1622,0.0744,2.0936,0.0,0.0,0.0,-0.1519,25.0,25.0,38.0,37.0,13.0,0.0,0.0,0.0,0.0,41.1368,0.0,41.1871,0.0,0.0
8776.0,1.7467,0.0933,1.0,0.0796,1.2012,2.0552,1.0552,2.1857,1.1857,26.8177,2.0727,26.3745,2.055,100.0,0.0,0.0,0.0,25.0,0.0,26.125,0.0,26.125,0.0,25.0,10.0,0.0,0.0102,52.5072,5.2507,2.0,10.3057,1.4052,0.5622,1.425,0.3498,1.4018,1.577e-05,1.1058,0.0001,1.9951,12.0,0.066,1.0018,0.2278,2.5794,0.082,2.1356,0.0685,2.0578,0.0,0.0,0.0,-0.1515,25.0,25.0,38.0,37.0,15.0,0.0,0.0,0.0,0.0,41.1368,0.0,41.1874,0.0,0.0
8777.0,1.7477,0.0935,1.0,0.0794,1.2007,2.0557,1.0557,2.1858,1.1858,26.7689,2.0708,26.3692,2.0548,100.0,0.0,0.0,0.0,24.875,0.0,26.125,0.0,26.125,0.0,25.0,10.0,0.0,0.0084,52.5069,5.2507,2.0,11.3739,1.4224,1.3157,1.5072,0.3503,1.4019,1.586e-05,1.1072,0.0001,1.9949,12.0,0.0639,1.0017,0.202,2.5273,0.0893,2.1729,0.0686,2.0585,0.0,0.0,0.0,-0.1517,25.0,25.0,38.0,37.0,14.0,0.0,0.0,0.0,0.0,41.1369,0.0,41.1872,0.0,0.0
8778.0,1.7478,0.0935,1.0,0.0793,1.2003,2.0561,1.0561,2.1853,1.1853,26.6436,2.0657,26.3626,2.0545,100.0,0.0,0.0,0.0,24.875,0.0,26.125,0.0,26.125,0.0,25.125,10.0,0.0,0.0085,52.5074,5.2508,2.0,12.0369,1.4322,1.3312,1.5089,0.3538,1.4022,1.594e-05,1.1083,0.0001,1.9965,12.0,0.0621,1.0017,0.2078,2.5395,0.0729,2.0845,0.0576,1.9822,0.0,0.0,0.0,-0.1515,25.0,25.0,38.0,37.0,13.0,0.0,0.0,0.0,0.0,41.1364,0.0,41.1872,0.0,0.0
8779.0,1.748,0.0935,1.0,0.0795,1.2007,2.0558,1.0558,2.1852,1.1852,26.5571,2.0623,26.3669,2.0547,100.0,0.0,0.0,0.0,25.0,0.0,26.125,0.0,26.125,0.0,25.25,10.0,0.0,0.0084,52.507,5.2507,2.0,12.078,1.4328,1.2351,1.4984,0.3578,1.4027,1.608e-05,1.1103,0.0001,1.997,12.0,0.0626,1.0017,0.1933,2.5081,0.072,2.0789,0.0558,1.9688,0.0,0.0,0.0,-0.1514,25.0,25.0,38.0,37.0,14.0,0.0,0.0,0.0,0.0,41.1367,0.0,41.1872,0.0,0.0
8780.0,1.7493,0.0937,1.0,0.0794,1.2005,2.0553,1.0553,2.1854,1.1854,26.6809,2.0672,26.3872,2.0555,100.0,0.0,0.0,0.0,24.875,0.0,26.125,0.0,26.125,0.0,25.125,10.0,0.0,0.0084,52.5067,5.2507,2.0,12.1042,1.4332,1.2042,1.495,0.3551,1.4024,1.611e-05,1.1108,0.0001,1.9942,12.0,0.0587,1.0016,0.1868,2.4933,0.1211,2.3048,0.0571,1.9781,0.0,0.0,0.0,-0.1518,25.0,25.0,38.0,37.0,15.0,0.0,0.0,0.0,0.0,41.1367,0.0,41.187,0.0,0.0
8781.0,1.7509,0.0939,1.0,0.0794,1.2006,2.0551,1.0551,2.1856,1.1856,26.8116,2.0725,26.3815,2.0553,100.0,0.0,0.0,0.0,25.0,0.0,26.125,0.0,26.125,0.0,25.125,10.0,0.0,0.0082,52.5067,5.2507,2.0,12.1439,1.4337,1.0716,1.4805,0.3651,1.4035,1.633e-05,1.1139,0.0001,1.9909,12.0,0.0645,1.0017,0.2585,2.6344,0.1317,2.3413,0.052,1.9379,0.0,0.0,0.0,-0.1515,25.0,25.0,38.0,37.0,15.0,0.0,0.0,0.0,0.0,41.1363,0.0,41.1872,0.0,0.0
8782.0,1.7509,0.0939,1.0,0.0794,1.2006,2.0557,1.0557,2.1858,1.1858,26.7868,2.0715,26.3697,2.0548,100.0,0.0,0.0,0.0,25.0,0.0,26.125,0.0,26.125,0.0,25.125,10.0,0.0,0.0073,52.507,5.2507,2.0,12.0091,1.4318,0.9763,1.4701,0.3618,1.4031,1.635e-05,1.1142,0.0001,2.0,12.0,0.065,1.0017,0.2567,2.6312,0.1116,2.2695,0.0575,1.9813,0.0,0.0,0.0,-0.1517,25.0,25.0,38.0,37.0,13.0,0.0,0.0,0.0,0.0,41.1363,0.0,41.1867,0.0,0.0
8783.0,1.7509,0.0939,1.0,0.0794,1.2006,2.0558,1.0558,2.1855,1.1855,26.6693,2.0668,26.3657,2.0546,100.0,0.0,0.0,0.0,24.875,0.0,26.125,0.0,26.125,0.0,25.0,10.0,0.0,0.0084,52.5068,5.2507,2.0,12.0167,1.4319,0.9005,1.4619,0.3686,1.4038,1.654e-05,1.1169,0.0001,1.9979,12.0,0.0679,1.0018,0.2358,2.5944,0.1085,2.2573,0.0484,1.9063,0.0,0.0,0.0,-0.1516,25.0,25.0,38.0,37.0,14.0,0.0,0.0,0.0,0.0,41.1361,0.0,41.1866,0.0,0.0
8784.0,1.7509,0.0939,1.0,0.0797,1.2015,2.0562,1.0562,2.1851,1.1851,26.5576,2.0623,26.3705,2.0547,100.0,0.0,0.0,0.0,25.0,0.0,26.125,0.0,26.125,0.0,25.375,10.0,0.0,0.0089,52.5068,5.2506,2.0,11.8295,1.4292,0.7803,1.4488,0.3624,1.4032,1.655e-05,1.1173,0.0001,1.9936,12.0,0.0724,1.0019,0.1923,2.5059,0.1032,2.2357,0.0436,1.8613,0.0,0.0,0.0,-0.1514,25.0,25.0,38.0,37.0,15.0,0.0,0.0,0.0,0.0,41.1357,0.0,41.1868,0.0,0.0
8785.0,1.7519,0.094,1.0,0.0796,1.2012,2.0561,1.0561,2.185,1.185,26.6442,2.0658,26.3939,2.0558,100.0,0.0,0.0,0.0,25.0,0.0,26.125,0.0,26.125,0.0,25.0,10.0,0.0,0.0085,52.5066,5.2506,2.0,11.8088,1.4289,0.7271,1.443,0.3671,1.4037,1.667e-05,1.1188,0.0001,2.0023,12.0,0.062,1.0017,0.187,2.4937,0.0848,2.15,0.0504,1.9246,0.0,0.0,0.0,-0.1513,25.0,25.0,38.0,37.0,14.0,0.0,0.0,0.0,0.0,41.1368,0.0,41.1869,0.0,0.0
8786.0,1.7519,0.094,1.0,0.0794,1.2007,2.0555,1.0555,2.1852,1.1852,26.8176,2.0727,26.3895,2.0556,100.0,0.0,0.0,0.0,25.125,0.0,26.125,0.0,26.125,0.0,25.125,10.0,0.0,0.0078,52.5069,5.2507,2.0,11.7557,1.4281,0.6639,1.4361,0.3654,1.4035,1.677e-05,1.1201,0.0001,1.9993,12.0,0.0632,1.0017,0.1936,2.5088,0.0978,2.2121,0.0456,1.8808,0.0,0.0,0.0,-0.1515,25.0,25.0,38.0,37.0,15.0,0.0,0.0,0.0,0.0,41.1367,0.0,41.187,0.0,0.0
8787.0,1.7509,0.0939,1.0,0.0793,1.2004,2.056,1.056,2.1854,1.1854,26.8067,2.0723,26.3735,2.0549,100.0,0.0,0.0,0.0,25.0,0.0,26.125,0.0,26.125,0.0,25.125,10.0,0.0,0.0086,52.5068,5.2507,2.0,11.7501,1.428,0.6886,1.4388,0.368,1.4038,1.685e-05,1.1212,0.0001,1.9968,12.0,0.062,1.0017,0.2566,2.6311,0.0914,2.1828,0.0383,1.8047,0.0,0.0,0.0,-0.1512,25.0,25.0,38.0,37.0,14.0,0.0,0.0,0.0,0.0,41.1366,0.0,41.187,0.0,0.0
8788.0,1.7509,0.0939,1.0,0.0794,1.2007,2.0562,1.0562,2.1853,1.1853,26.683,2.0673,26.3654,2.0546,100.0,0.0,0.0,0.0,25.0,0.0,26.125,0.0,26.25,0.0,25.0,10.0,0.0,0.0081,52.5064,5.2506,2.0,11.7854,1.4285,0.6007,1.4292,0.3653,1.4035,1.697e-05,1.1228,0.0001,2.0046,12.0,0.0615,1.0016,0.2782,2.6663,0.0876,2.1641,0.0414,1.8393,0.0,0.0,0.0,-0.1513,25.0,25.0,38.0,37.0,14.0,0.0,0.0,0.0,0.0,41.1359,0.0,41.1866,0.0,0.0
8789.0,1.7509,0.0939,1.0,0.0795,1.2008,2.0561,1.0561,2.1852,1.1852,26.5706,2.0628,26.362,2.0545,100.0,0.0,0.0,0.0,25.0,0.0,26.125,0.0,26.125,0.0,25.125,10.0,0.0,0.0085,52.5065,5.2506,2.0,11.7146,1.4275,0.5427,1.4228,0.3668,1.4036,1.7e-05,1.1233,0.0001,2.0024,12.0,0.0632,1.0017,0.2369,2.5965,0.0767,2.1068,0.0403,1.8276,0.0,0.0,0.0,-0.1518,25.0,25.0,38.0,37.0,15.0,0.0,0.0,0.0,0.0,41.1366,0.0,41.1868,0.0,0.0
8790.0,1.7515,0.0939,1.0,0.0793,1.2004,2.0555,1.0555,2.1854,1.1854,26.5963,2.0639,26.3803,2.0552,100.0,0.0,0.0,0.0,24.875,0.0,26.125,0.0,26.125,0.0,25.0,10.0,0.0,0.0082,52.5065,5.2506,2.0,11.6599,1.4267,0.5201,1.4204,0.3736,1.4044,1.721e-05,1.1262,0.0001,2.0012,12.0,0.0669,1.0018,0.2411,2.6041,0.0727,2.0836,0.0547,1.9599,0.0,0.0,0.0,-0.1516,26.0,25.0,38.0,37.0,13.0,0.0,0.0,0.0,0.0,41.1365,0.0,41.1868,0.0,0.0
8791.0,1.7509,0.0939,1.0,0.0793,1.2004,2.0552,1.0552,2.1854,1.1854,26.7685,2.0707,26.3907,2.0556,100.0,0.0,0.0,0.0,25.0,0.0,26.125,0.0,26.125,0.0,25.125,10.0,0.0,0.0083,52.5065,5.2506,2.0,11.8859,1.43,0.599,1.429,0.3664,1.4036,1.72e-05,1.126,0.0001,2.0059,12.0,0.0681,1.0018,0.189,2.4984,0.0666,2.0454,0.0475,1.8989,0.0,0.0,0.0,-0.1514,26.0,25.0,38.0,37.0,14.0,0.0,0.0,0.0,0.0,41.1365,0.0,41.187,0.0,0.0
8792.0,1.7509,0.0939,1.0,0.0796,1.201,2.0559,1.0559,2.1858,1.1858,26.8096,2.0724,26.3755,2.055,100.0,0.0,0.0,0.0,25.0,0.0,26.125,0.0,26.25,0.0,25.125,10.0,0.0,0.0086,52.5064,5.2507,2.0,11.9406,1.4308,0.5704,1.4259,0.3702,1.404,1.735e-05,1.128,0.0001,2.0061,12.0,0.0687,1.0018,0.2038,2.5311,0.0628,2.02,0.0514,1.9328,0.0,0.0,0.0,-0.1515,26.0,25.0,38.0,38.0,13.0,0.0,0.0,0.0,0.0,41.1365,0.0,41.1867,0.0,0.0
8793.0,1.7509,0.0939,1.0,0.0797,1.2015,2.0561,1.0561,2.1855,1.1855,26.7084,2.0683,26.3662,2.0546,100.0,0.0,0.0,0.0,25.0,0.0,26.25,0.0,26.25,0.0,25.125,10.0,0.0,0.0085,52.5064,5.2506,2.0,11.9678,1.4312,0.5783,1.4267,0.3635,1.4033,1.736e-05,1.1281,0.0001,2.0078,12.0,0.0711,1.0019,0.2058,2.5352,0.0635,2.0248,0.0457,1.8822,0.0,0.0,0.0,-0.1515,26.0,25.0,38.0,38.0,13.0,0.0,0.0,0.0,0.0,41.1356,0.0,41.1868,0.0,0.0
8794.0,1.7512,0.0939,1.0,0.0796,1.2013,2.056,1.056,2.1854,1.1854,26.5934,2.0637,26.3622,2.0545,100.0,0.0,0.0,0.0,25.0,0.0,26.125,0.0,26.125,0.0,25.125,10.0,0.0,0.0085,52.5068,5.2507,2.0,12.1667,1.4341,0.6225,1.4315,0.3721,1.4042,1.758e-05,1.1311,0.0001,2.0086,12.0,0.0716,1.0019,0.1782,2.4728,0.0616,2.0114,0.046,1.8849,0.0,0.0,0.0,-0.1516,26.0,25.0,38.0,38.0,14.0,0.0,0.0,0.0,0.0,41.1366,0.0,41.1869,0.0,0.0
8795.0,1.7529,0.0941,1.0,0.0795,1.2008,2.0559,1.0559,2.1852,1.1852,26.6063,2.0643,26.3802,2.0552,100.0,0.0,0.0,0.0,24.875,0.0,26.25,0.0,26.125,0.0,25.125,10.0,0.0,0.0082,52.5068,5.2507,2.0,12.2364,1.4351,0.5742,1.4263,0.3574,1.4026,1.753e-05,1.1304,0.0001,2.0062,12.0,0.0701,1.0019,0.1753,2.4657,0.0642,2.0297,0.0421,1.8461,0.0,0.0,0.0,-0.1514,25.0,25.0,38.0,38.0,15.0,0.0,0.0,0.0,0.0,41.1363,0.0,41.1869,0.0,0.0
8796.0,1.7538,0.0942,1.0,0.0793,1.2003,2.0556,1.0556,2.185,1.185,26.7548,2.0702,26.3901,2.0556,100.0,0.0,0.0,0.0,25.0,0.0,26.125,0.0,26.25,0.0,25.125,10.0,0.0,0.0081,52.5064,5.2507,2.0,12.1428,1.4337,0.5141,1.4197,0.3641,1.4034,1.769e-05,1.1325,0.0001,2.0086,12.0,0.0615,1.0016,0.17,2.4523,0.0546,1.9588,0.0409,1.8336,0.0,0.0,0.0,-0.1515,25.0,25.0,38.0,37.0,15.0,0.0,0.0,0.0,0.0,41.1366,0.0,41.187,0.0,0.0
8797.0,1.752,0.094,1.0,0.0793,1.2004,2.0558,1.0558,2.1854,1.1854,26.8224,2.0729,26.3775,2.0551,100.0,0.0,0.0,0.0,24.875,0.0,26.25,0.0,26.125,0.0,25.0,10.0,0.0,0.0081,52.5063,5.2506,2.0,12.1062,1.4332,0.5083,1.4191,0.357,1.4026,1.773e-05,1.133,0.0001,2.0096,12.0,0.0597,1.0016,0.1499,2.3977,0.0502,1.9229,0.0427,1.8526,0.0,0.0,0.0,-0.1515,25.0,25.0,38.0,37.0,14.0,0.0,0.0,0.0,0.0,41.1363,0.0,41.1872,0.0,0.0
8798.0,1.7519,0.094,1.0,0.0794,1.2006,2.0562,1.0562,2.1853,1.1853,26.753,2.0701,26.3764,2.0551,100.0,0.0,0.0,0.0,25.0,0.0,26.125,0.0,26.125,0.0,25.0,10.0,0.0,0.0083,52.5065,5.2507,2.0,12.3455,1.4366,0.562,1.425,0.3565,1.4025,1.777e-05,1.1336,0.0001,2.0089,12.0,0.0607,1.0016,0.1302,2.3365,0.0437,1.8619,0.0358,1.7754,0.0,0.0,0.0,-0.1517,25.0,25.0,38.0,37.0,12.0,0.0,0.0,0.0,0.0,41.1363,0.0,41.1875,0.0,0.0
8799.0,1.751,0.0939,1.0,0.0793,1.2004,2.0562,1.0562,2.1854,1.1854,26.618,2.0647,26.3696,2.0548,100.0,0.0,0.0,0.0,25.0,0.0,26.25,0.0,26.125,0.0,25.125,10.0,0.0,0.008,52.5064,5.2507,2.0,12.3236,1.4363,0.4668,1.4146,0.3553,1.4024,1.788e-05,1.135,0.0001,2.0102,12.0,0.0636,1.0017,0.1346,2.3508,0.0459,1.8841,0.0493,1.9148,0.0,0.0,0.0,-0.1514,25.0,25.0,38.0,37.0,13.0,0.0,0.0,0.0,0.0,41.1359,0.0,41.1868,0.0,0.0
8800.0,1.7509,0.0939,1.0,0.0793,1.2005,2.0561,1.0561,2.1854,1.1854,26.5699,2.0628,26.3755,2.055,100.0,0.0,0.0,0.0,25.0,0.0,26.125,0.0,26.0,0.0,25.0,10.0,0.0,0.0086,52.5064,5.2506,2.0,12.1619,1.434,0.4583,1.4136,0.3555,1.4024,1.793e-05,1.1357,0.0001,2.014,12.0,0.0653,1.0017,0.1277,2.3282,0.0433,1.8586,0.0509,1.9283,0.0,0.0,0.0,-0.1514,25.0,25.0,38.0,37.0,14.0,0.0,0.0,0.0,0.0,41.1364,0.0,41.1871,0.0,0.0
8801.0,1.7509,0.0939,1.0,0.0794,1.2006,2.0556,1.0556,2.1852,1.1852,26.7092,2.0684,26.389,2.0556,100.0,0.0,0.0,0.0,25.0,0.0,26.125,0.0,26.125,0.0,25.0,10.0,0.0,0.0083,52.5065,5.2507,2.0,12.1588,1.434,0.3609,1.403,0.3541,1.4023,1.807e-05,1.1375,0.0001,2.0117,12.0,0.067,1.0018,0.119,2.2972,0.0422,1.8473,0.0614,2.0102,0.0,0.0,0.0,-0.1515,25.0,25.0,38.0,37.0,15.0,0.0,0.0,0.0,0.0,41.1365,0.0,41.1871,0.0,0.0
8802.0,1.7509,0.0939,1.0,0.0797,1.2015,2.0553,1.0553,2.1853,1.1853,26.815,2.0726,26.3793,2.0552,100.0,0.0,0.0,0.0,25.0,0.0,26.125,0.0,26.125,0.0,25.125,10.0,0.0,0.008,52.5063,5.2506,2.0,12.016,1.4319,0.3244,1.399,0.3467,1.4015,1.805e-05,1.1372,0.0001,2.014,12.0,0.0695,1.0019,0.1143,2.2798,0.0381,1.8025,0.0562,1.9718,0.0,0.0,0.0,-0.1514,25.0,25.0,38.0,37.0,13.0,0.0,0.0,0.0,0.0,41.1359,0.0,41.187,0.0,0.0
8803.0,1.7491,0.0936,1.0,0.0796,1.2011,2.0557,1.0557,2.1858,1.1858,26.755,2.0702,26.3684,2.0547,100.0,0.0,0.0,0.0,24.875,0.0,26.125,0.0,26.375,0.0,25.125,10.0,0.0,0.0075,52.5063,5.2506,2.0,12.0082,1.4318,0.2943,1.3957,0.3526,1.4021,1.824e-05,1.1396,0.0001,2.0154,12.0,0.0692,1.0018,0.1161,2.2865,0.0941,2.1953,0.0572,1.9794,0.0,0.0,0.0,-0.1516,25.0,25.0,38.0,37.0,14.0,0.0,0.0,0.0,0.0,41.1367,0.0,41.1867,0.0,0.0
8804.0,1.7496,0.0937,1.0,0.0797,1.2014,2.0558,1.0558,2.1856,1.1856,26.6231,2.0649,26.3629,2.0545,100.0,0.0,0.0,0.0,25.0,0.0,26.0,0.0,26.125,0.0,25.0,10.0,0.0,0.0084,52.5059,5.2506,2.0,11.9256,1.4306,0.269,1.393,0.3549,1.4024,1.835e-05,1.141,0.0001,2.0101,12.0,0.0715,1.0019,0.0909,2.1805,0.0817,2.1341,0.0514,1.9324,0.0,0.0,0.0,-0.1517,25.0,25.0,38.0,37.0,13.0,0.0,0.0,0.0,0.0,41.1365,0.0,41.1866,0.0,0.0
8805.0,1.7507,0.0938,1.0,0.0798,1.2017,2.0561,1.0561,2.1849,1.1849,26.5743,2.063,26.3769,2.0551,100.0,0.0,0.0,0.0,24.875,0.0,26.125,0.0,26.125,0.0,25.125,10.0,0.0,0.0079,52.5066,5.2507,2.0,11.9021,1.4303,0.195,1.3849,0.3449,1.4013,1.835e-05,1.141,0.0001,2.0176,12.0,0.0712,1.0019,0.1815,2.4807,0.1283,2.33,0.0692,2.0619,0.0,0.0,0.0,-0.1514,25.0,25.0,38.0,37.0,13.0,0.0,0.0,0.0,0.0,41.1357,0.0,41.1866,0.0,0.0
8806.0,1.7506,0.0938,1.0,0.0795,1.2009,2.0552,1.0552,2.1851,1.1851,26.714,2.0686,26.3889,2.0556,100.0,0.0,0.0,0.0,25.0,0.0,26.375,0.0,26.25,0.0,25.125,10.0,0.0,0.0089,52.5064,5.2506,2.0,11.7706,1.4283,0.1615,1.3813,0.3439,1.4011,1.84e-05,1.1417,0.0001,2.0154,12.0,0.0687,1.0018,0.1624,2.4323,0.1402,2.3686,0.069,2.0604,0.0,0.0,0.0,-0.1512,25.0,25.0,38.0,37.0,13.0,0.0,0.0,0.0,0.0,41.137,0.0,41.1868,0.0,0.0
8807.0,1.7509,0.0939,1.0,0.0792,1.2,2.0552,1.0552,2.1857,1.1857,26.8253,2.073,26.3685,2.0547,100.0,0.0,0.0,0.0,25.0,0.0,26.125,0.0,26.125,0.0,25.125,10.0,0.0,0.0079,52.5066,5.2507,2.0,11.6875,1.4271,0.1363,1.3785,0.3383,1.4005,1.849e-05,1.1428,0.0001,2.0169,12.0,0.0617,1.0016,0.1433,2.3782,0.12,2.3012,0.0605,2.0039,0.0,0.0,0.0,-0.1514,25.0,25.0,38.0,37.0,14.0,0.0,0.0,0.0,0.0,41.1366,0.0,41.187,0.0,0.0
8808.0,1.7509,0.0939,1.0,0.0795,1.2009,2.0553,1.0553,2.1861,1.1861,26.7547,2.0702,26.3574,2.0543,100.0,0.0,0.0,0.0,25.0,0.0,26.0,0.0,26.125,0.0,25.125,10.0,0.0,0.0087,52.5064,5.2506,2.0,11.7293,1.4277,0.1072,1.3753,0.3384,1.4006,1.855e-05,1.1435,0.0001,2.0182,12.0,0.0618,1.0016,0.1717,2.4565,0.1187,2.2964,0.0694,2.0633,0.0,0.0,0.0,-0.1513,25.0,25.0,38.0,37.0,14.0,0.0,0.0,0.0,0.0,41.1367,0.0,41.1865,0.0,0.0
8809.0,1.7507,0.0938,1.0,0.0794,1.2006,2.0554,1.0554,2.1861,1.1861,26.6644,2.0666,26.3533,2.0541,100.0,0.0,0.0,0.0,25.0,0.0,26.0,0.0,26.125,0.0,25.125,10.0,0.0,0.0082,52.5062,5.2506,2.0,11.6763,1.4269,0.0729,1.3716,0.3374,1.4004,1.863e-05,1.1445,0.0001,2.0197,12.0,0.0632,1.0017,0.1533,2.4074,0.1065,2.249,0.0707,2.0715,0.0,0.0,0.0,-0.1518,25.0,25.0,38.0,37.0,15.0,0.0,0.0,0.0,0.0,41.1359,0.0,41.1863,0.0,0.0
8810.0,1.7498,0.0937,1.0,0.0794,1.2006,2.0559,1.0559,2.1854,1.1854,26.5577,2.0623,26.3669,2.0547,100.0,0.0,0.0,0.0,25.0,0.0,26.125,0.0,26.125,0.0,25.0,10.0,0.0,0.0083,52.5062,5.2506,2.0,11.509,1.4244,0.0535,1.3695,0.3332,1.4,1.863e-05,1.1445,0.0001,2.0151,12.0,0.0644,1.0017,0.1345,2.3506,0.1081,2.2557,0.0668,2.0467,0.0,0.0,0.0,-0.1515,25.0,25.0,38.0,37.0,15.0,0.0,0.0,0.0,0.0,41.1363,0.0,41.187,0.0,0.0
8811.0,1.7499,0.0937,1.0,0.0795,1.2008,2.0553,1.0553,2.185,1.185,26.6506,2.066,26.3847,2.0554,100.0,0.0,0.0,0.0,25.0,0.0,26.125,0.0,26.125,0.0,25.0,10.0,0.0,0.0078,52.5062,5.2506,2.0,11.6677,1.4268,0.1118,1.3758,0.3338,1.4,1.877e-05,1.1463,0.0001,2.0211,12.0,0.0653,1.0017,0.1216,2.3067,0.0947,2.1981,0.0652,2.0359,0.0,0.0,0.0,-0.1517,25.0,25.0,38.0,37.0,14.0,0.0,0.0,0.0,0.0,41.1366,0.0,41.1872,0.0,0.0
8812.0,1.7493,0.0937,1.0,0.0793,1.2004,2.0552,1.0552,2.1861,1.1861,26.8154,2.0726,26.3705,2.0548,100.0,0.0,0.0,0.0,24.875,0.0,26.125,0.0,26.125,0.0,25.0,10.0,0.0,0.0086,52.5061,5.2506,2.0,11.6789,1.427,0.0893,1.3734,0.3252,1.3991,1.875e-05,1.1461,0.0001,2.0175,12.0,0.0696,1.0019,0.1228,2.311,0.0991,2.2181,0.0589,1.9921,0.0,0.0,0.0,-0.1515,25.0,25.0,38.0,37.0,15.0,0.0,0.0,0.0,0.0,41.1362,0.0,41.1865,0.0,0.0
8813.0,1.7508,0.0938,1.0,0.0795,1.2008,2.0557,1.0557,2.1858,1.1858,26.7749,2.071,26.368,2.0547,100.0,0.0,0.0,0.0,25.0,0.0,26.125,0.0,26.125,0.0,25.0,10.0,0.0,0.0087,52.5061,5.2506,2.0,11.6499,1.4265,0.0755,1.3719,0.3287,1.3995,1.893e-05,1.1482,0.0001,2.022,12.0,0.0681,1.0018,0.1131,2.2753,0.0919,2.1852,0.0554,1.9654,0.0,0.0,0.0,-0.1517,25.0,25.0,38.0,37.0,13.0,0.0,0.0,0.0,0.0,41.1363,0.0,41.1864,0.0,0.0
8814.0,1.7509,0.0939,1.0,0.0798,1.2018,2.0558,1.0558,2.1856,1.1856,26.6547,2.0662,26.3636,2.0545,100.0,0.0,0.0,0.0,24.875,0.0,26.125,0.0,26.125,0.0,25.0,10.0,0.0,0.0085,52.5061,5.2506,2.0,11.6264,1.4262,0.0331,1.3672,0.3228,1.3989,1.892e-05,1.1481,0.0001,2.0218,12.0,0.0725,1.0019,0.1761,2.4676,0.0948,2.1985,0.0717,2.0772,0.0,0.0,0.0,-0.1517,25.0,25.0,38.0,37.0,13.0,0.0,0.0,0.0,0.0,41.1362,0.0,41.1864,0.0,0.0
8815.0,1.7499,0.0937,1.0,0.0798,1.2018,2.0558,1.0558,2.1855,1.1855,26.5678,2.0627,26.3618,2.0545,100.0,0.0,0.0,0.0,24.875,0.0,26.0,0.0,26.25,0.0,25.125,10.0,0.0,0.0081,52.5061,5.2506,2.0,11.5577,1.4251,0.0477,1.3688,0.3236,1.3989,1.906e-05,1.1499,0.0001,2.0199,12.0,0.0712,1.0019,0.1801,2.4773,0.085,2.151,0.0658,2.0404,0.0,0.0,0.0,-0.1516,25.0,25.0,38.0,37.0,15.0,0.0,0.0,0.0,0.0,41.1359,0.0,41.1865,0.0,0.0
8816.0,1.7489,0.0936,1.0,0.0796,1.2012,2.0553,1.0553,2.1858,1.1858,26.6616,2.0665,26.376,2.055,100.0,0.0,0.0,0.0,24.875,0.0,26.0,0.0,26.125,0.0,25.125,10.0,0.0,0.0089,52.5062,5.2506,2.0,11.6542,1.4266,0.0837,1.3728,0.3151,1.398,1.9e-05,1.1491,0.0001,2.0199,12.0,0.0746,1.002,0.2526,2.6242,0.0848,2.1502,0.065,2.0345,0.0,0.0,0.0,-0.1515,25.0,25.0,38.0,37.0,12.0,0.0,0.0,0.0,0.0,41.1367,0.0,41.1869,0.0,0.0
8817.0,1.7497,0.0937,1.0,0.0795,1.201,2.0551,1.0551,2.1857,1.1857,26.8146,2.0726,26.3805,2.0552,100.0,0.0,0.0,0.0,25.0,0.0,26.125,0.0,26.125,0.0,25.125,10.0,0.0,0.0087,52.506,5.2506,2.0,11.6195,1.4261,0.0747,1.3718,0.3152,1.398,1.916e-05,1.1511,0.0001,2.023,12.0,0.0633,1.0017,0.2264,2.5766,0.081,2.1304,0.0775,2.1111,0.0,0.0,0.0,-0.1512,25.0,25.0,38.0,37.0,14.0,0.0,0.0,0.0,0.0,41.1365,0.0,41.1865,0.0,0.0
8818.0,1.7498,0.0937,1.0,0.0793,1.2003,2.0556,1.0556,2.1858,1.1858,26.7848,2.0714,26.3717,2.0549,100.0,0.0,0.0,0.0,24.875,0.0,26.125,0.0,26.125,0.0,25.125,10.0,0.0,0.0083,52.5058,5.2506,2.0,11.7871,1.4286,0.1665,1.3818,0.3164,1.3982,1.92e-05,1.1515,0.0001,2.0193,12.0,0.0608,1.0016,0.21,2.5441,0.0709,2.0724,0.0703,2.0689,0.0,0.0,0.0,-0.1513,25.0,25.0,38.0,37.0,15.0,0.0,0.0,0.0,0.0,41.1367,0.0,41.1872,0.0,0.0
8819.0,1.7507,0.0938,1.0,0.0794,1.2005,2.0558,1.0558,2.1857,1.1857,26.6826,2.0673,26.3596,2.0544,100.0,0.0,0.0,0.0,25.0,0.0,26.125,0.0,26.125,0.0,25.125,10.0,0.0,0.0081,52.5059,5.2506,2.0,12.0464,1.4323,0.209,1.3864,0.3104,1.3975,1.928e-05,1.1525,0.0001,2.0231,12.0,0.0626,1.0017,0.2074,2.5387,0.0669,2.0475,0.0859,2.1559,0.0,0.0,0.0,-0.1511,25.0,25.0,38.0,37.0,14.0,0.0,0.0,0.0,0.0,41.1367,0.0,41.1869,0.0,0.0
8820.0,1.7499,0.0937,1.0,0.0794,1.2006,2.0558,1.0558,2.1855,1.1855,26.5807,2.0632,26.3528,2.0541,100.0,0.0,0.0,0.0,24.875,0.0,26.125,0.0,26.125,0.0,25.125,10.0,0.0,0.0086,52.506,5.2506,2.0,12.0701,1.4327,0.2044,1.3859,0.3075,1.3972,1.926e-05,1.1523,0.0001,2.026,12.0,0.0641,1.0017,0.1914,2.5038,0.0671,2.0488,0.0793,2.121,0.0,0.0,0.0,-0.1515,25.0,25.0,38.0,37.0,13.0,0.0,0.0,0.0,0.0,41.1359,0.0,41.1865,0.0,0.0
8821.0,1.7509,0.0939,1.0,0.0795,1.2009,2.0554,1.0554,2.1854,1.1854,26.6032,2.0641,26.3788,2.0552,100.0,0.0,0.0,0.0,25.0,0.0,26.125,0.0,26.25,0.0,25.125,10.0,0.0,0.0081,52.5059,5.2506,2.0,11.8458,1.4294,0.0748,1.3718,0.3094,1.3974,1.939e-05,1.1539,0.0001,2.0236,12.0,0.0673,1.0018,0.1929,2.5071,0.0648,2.0333,0.0745,2.0939,0.0,0.0,0.0,-0.1513,25.0,25.0,38.0,37.0,13.0,0.0,0.0,0.0,0.0,41.1368,0.0,41.187,0.0,0.0
8822.0,1.7506,0.0938,1.0,0.0796,1.201,2.0551,1.0551,2.1855,1.1855,26.7964,2.0719,26.3873,2.0555,100.0,0.0,0.0,0.0,24.875,0.0,26.125,0.0,26.125,0.0,25.125,10.0,0.0,0.0089,52.506,5.2506,2.0,11.609,1.4259,-0.011,1.3624,0.3067,1.3971,1.945e-05,1.1545,0.0001,2.0243,12.0,0.0704,1.0019,0.1624,2.4323,0.0637,2.0261,0.0818,2.1345,0.0,0.0,0.0,-0.1515,25.0,25.0,38.0,37.0,15.0,0.0,0.0,0.0,0.0,41.1362,0.0,41.187,0.0,0.0
8823.0,1.7495,0.0937,1.0,0.0796,1.2011,2.0555,1.0555,2.1858,1.1858,26.8062,2.0722,26.3651,2.0546,100.0,0.0,0.0,0.0,25.0,0.0,26.0,0.0,26.125,0.0,25.0,10.0,0.0,0.0082,52.5059,5.2506,2.0,11.4641,1.4237,-0.0664,1.3564,0.303,1.3967,1.95e-05,1.1552,0.0001,2.0266,12.0,0.0701,1.0019,0.1718,2.457,0.0574,1.981,0.0777,2.1122,0.0,0.0,0.0,-0.1518,25.0,25.0,38.0,37.0,13.0,0.0,0.0,0.0,0.0,41.1361,0.0,41.1866,0.0,0.0
8824.0,1.7481,0.0935,1.0,0.0799,1.2019,2.0558,1.0558,2.1857,1.1857,26.7061,2.0682,26.3553,2.0542,100.0,0.0,0.0,0.0,25.0,0.0,26.125,0.0,26.125,0.0,25.125,10.0,0.0,0.0085,52.5057,5.2506,2.0,11.2773,1.4209,-0.1173,1.3508,0.301,1.3965,1.955e-05,1.1558,0.0001,2.0196,12.0,0.0727,1.0019,0.1698,2.4518,0.0629,2.0206,0.0799,2.1244,0.0,0.0,0.0,-0.1514,25.0,25.0,38.0,37.0,13.0,0.0,0.0,0.0,0.0,41.136,0.0,41.1873,0.0,0.0
8825.0,1.7462,0.0933,1.0,0.0798,1.2018,2.0558,1.0558,2.1855,1.1855,26.5794,2.0632,26.3524,2.0541,100.0,0.0,0.0,0.0,25.0,0.0,26.25,0.0,26.25,0.0,25.125,10.0,0.0,0.0086,52.506,5.2506,2.0,11.2366,1.4203,-0.0888,1.354,0.2946,1.3958,1.961e-05,1.1565,0.0001,2.0239,12.0,0.0727,1.0019,0.2244,2.5728,0.0514,1.9332,0.0709,2.0724,0.0,0.0,0.0,-0.1514,25.0,25.0,38.0,37.0,13.0,0.0,0.0,0.0,0.0,41.1364,0.0,41.1871,0.0,0.0
8826.0,1.7451,0.0931,1.0,0.0795,1.201,2.0557,1.0557,2.1851,1.1851,26.6118,2.0645,26.3806,2.0552,100.0,0.0,0.0,0.0,24.875,0.0,26.125,0.0,26.25,0.0,25.0,10.0,0.0,0.0084,52.5056,5.2506,2.0,11.3087,1.4214,-0.0757,1.3554,0.2931,1.3956,1.964e-05,1.1568,0.0001,2.026,12.0,0.0728,1.0019,0.2282,2.5802,0.0504,1.9242,0.0857,2.1549,0.0,0.0,0.0,-0.1512,25.0,25.0,38.0,37.0,13.0,0.0,0.0,0.0,0.0,41.1365,0.0,41.1872,0.0,0.0
8827.0,1.7447,0.0931,1.0,0.0797,1.2013,2.0553,1.0553,2.1851,1.1851,26.7709,2.0708,26.3958,2.0558,100.0,0.0,0.0,0.0,25.0,0.0,26.125,0.0,26.125,0.0,25.0,10.0,0.0,0.0083,52.5059,5.2506,2.0,11.3721,1.4223,-0.068,1.3562,0.2894,1.3952,1.971e-05,1.1577,0.0001,2.0212,12.0,0.064,1.0017,0.1635,2.4353,0.0445,1.8699,0.0796,2.1228,0.0,0.0,0.0,-0.1513,25.0,25.0,38.0,37.0,14.0,0.0,0.0,0.0,0.0,41.1367,0.0,41.1868,0.0,0.0
8828.0,1.7444,0.0931,1.0,0.0793,1.2004,2.0555,1.0555,2.1858,1.1858,26.8063,2.0723,26.3684,2.0547,100.0,0.0,0.0,0.0,25.0,0.0,26.0,0.0,26.125,0.0,25.0,10.0,0.0,0.0083,52.5057,5.2506,2.0,11.3252,1.4216,-0.0781,1.3551,0.2844,1.3947,1.972e-05,1.1578,0.0001,2.0281,12.0,0.06,1.0016,0.1616,2.4304,0.0443,1.8681,0.0828,2.14,0.0,0.0,0.0,-0.1514,25.0,25.0,38.0,37.0,14.0,0.0,0.0,0.0,0.0,41.1364,0.0,41.1873,0.0,0.0
8829.0,1.7456,0.0932,1.0,0.0795,1.2009,2.0558,1.0558,2.1858,1.1858,26.7204,2.0688,26.3612,2.0544,100.0,0.0,0.0,0.0,24.875,0.0,26.125,0.0,26.125,0.0,25.125,10.0,0.0,0.0084,52.5058,5.2506,2.0,11.2911,1.4211,-0.078,1.3551,0.2793,1.3941,1.979e-05,1.1585,0.0001,2.0262,12.0,0.0641,1.0017,0.1872,2.494,0.0461,1.8859,0.0737,2.0891,0.0,0.0,0.0,-0.1512,25.0,25.0,38.0,37.0,13.0,0.0,0.0,0.0,0.0,41.1368,0.0,41.1869,0.0,0.0
8830.0,1.746,0.0932,1.0,0.0793,1.2004,2.0559,1.0559,2.1856,1.1856,26.6217,2.0649,26.3634,2.0545,100.0,0.0,0.0,0.0,25.125,0.0,26.125,0.0,26.25,0.0,25.125,10.0,0.0,0.0083,52.5057,5.2505,2.0,11.3542,1.4221,-0.0128,1.3622,0.2769,1.3938,1.977e-05,1.1584,0.0001,2.0258,12.0,0.0673,1.0018,0.1624,2.4326,0.0412,1.8369,0.0731,2.0858,0.0,0.0,0.0,-0.1514,25.0,25.0,38.0,37.0,13.0,0.0,0.0,0.0,0.0,41.1367,0.0,41.1872,0.0,0.0
8831.0,1.7467,0.0933,1.0,0.0793,1.2003,2.0555,1.0555,2.1853,1.1853,26.59,2.0636,26.3798,2.0552,100.0,0.0,0.0,0.0,25.0,0.0,26.125,0.0,26.125,0.0,25.0,10.0,0.0,0.0082,52.5054,5.2505,2.0,11.7071,1.4274,0.1172,1.3764,0.2738,1.3935,1.986e-05,1.1594,0.0001,2.0289,12.0,0.0678,1.0018,0.1715,2.4562,0.0402,1.8265,0.0601,2.0009,0.0,0.0,0.0,-0.1515,25.0,25.0,38.0,37.0,15.0,0.0,0.0,0.0,0.0,41.1364,0.0,41.187,0.0,0.0
8832.0,1.7476,0.0935,1.0,0.0796,1.201,2.0551,1.0551,2.1853,1.1853,26.7615,2.0705,26.392,2.0557,100.0,0.0,0.0,0.0,25.0,0.0,26.25,0.0,26.125,0.0,25.0,10.0,0.0,0.0079,52.5057,5.2506,2.0,11.8975,1.4302,0.178,1.3831,0.274,1.3935,1.992e-05,1.1601,0.0001,2.026,12.0,0.0714,1.0019,0.1584,2.4215,0.0358,1.7752,0.0749,2.0964,0.0,0.0,0.0,-0.1515,25.0,25.0,38.0,37.0,15.0,0.0,0.0,0.0,0.0,41.1362,0.0,41.1867,0.0,0.0
8833.0,1.7486,0.0936,1.0,0.0797,1.2016,2.0554,1.0554,2.1858,1.1858,26.8234,2.0729,26.3722,2.0549,100.0,0.0,0.0,0.0,25.0,0.0,26.125,0.0,26.125,0.0,25.125,10.0,0.0,0.0089,52.5056,5.2505,2.0,11.9265,1.4306,0.2068,1.3862,0.2674,1.3928,1.997e-05,1.1606,0.0001,2.0225,12.0,0.0713,1.0019,0.1325,2.3442,0.0344,1.758,0.0784,2.1159,0.0,0.0,0.0,-0.151,25.0,25.0,38.0,37.0,14.0,0.0,0.0,0.0,0.0,41.1358,0.0,41.1862,0.0,0.0
8834.0,1.7497,0.0937,1.0,0.0797,1.2015,2.0554,1.0554,2.1859,1.1859,26.7333,2.0693,26.3582,2.0543,100.0,0.0,0.0,0.0,25.0,0.0,26.125,0.0,26.25,0.0,25.125,10.0,0.0,0.0084,52.5055,5.2506,2.0,12.0019,1.4317,0.1942,1.3848,0.2676,1.3928,2.001e-05,1.1612,0.0001,2.0293,12.0,0.0718,1.0019,0.1282,2.3298,0.0322,1.7297,0.0756,2.1004,0.0,0.0,0.0,-0.1513,25.0,25.0,38.0,37.0,14.0,0.0,0.0,0.0,0.0,41.1363,0.0,41.1864,0.0,0.0
8835.0,1.7509,0.0939,1.0,0.0796,1.201,2.0558,1.0558,2.1858,1.1858,26.623,2.0649,26.3526,2.0541,100.0,0.0,0.0,0.0,25.125,0.0,26.0,0.0,26.125,0.0,25.125,10.0,0.0,0.0083,52.5059,5.2506,2.0,12.0588,1.4325,0.2444,1.3903,0.2616,1.3922,2.004e-05,1.1615,0.0001,2.0281,12.0,0.0682,1.0018,0.16,2.4259,0.0327,1.7359,0.0882,2.1675,0.0,0.0,0.0,-0.1513,25.0,25.0,38.0,37.0,13.0,0.0,0.0,0.0,0.0,41.1368,0.0,41.1868,0.0,0.0
8836.0,1.7508,0.0939,1.0,0.0796,1.2011,2.0557,1.0557,2.1854,1.1854,26.5705,2.0628,26.3751,2.055,100.0,0.0,0.0,0.0,24.875,0.0,26.0,0.0,26.125,0.0,25.0,10.0,0.0,0.0085,52.5056,5.2506,2.0,12.2743,1.4356,0.3119,1.3977,0.2586,1.3919,2.006e-05,1.1617,0.0001,2.028,12.0,0.0659,1.0018,0.1361,2.3556,0.0301,1.7003,0.0852,2.1522,0.0,0.0,0.0,-0.1512,25.0,25.0,38.0,37.0,14.0,0.0,0.0,0.0,0.0,41.1366,0.0,41.1871,0.0,0.0
8837.0,1.7502,0.0938,1.0,0.0796,1.2012,2.0552,1.0552,2.1854,1.1854,26.7134,2.0685,26.3896,2.0556,100.0,0.0,0.0,0.0,24.875,0.0,26.125,0.0,26.125,0.0,25.125,10.0,0.0,0.0086,52.5057,5.2506,2.0,12.4057,1.4374,0.2878,1.395,0.2527,1.3912,2.01e-05,1.1622,0.0001,2.0289,12.0,0.0657,1.0018,0.1129,2.2745,0.0292,1.6879,0.0777,2.1125,0.0,0.0,0.0,-0.1513,25.0,25.0,38.0,37.0,14.0,0.0,0.0,0.0,0.0,41.1363,0.0,41.1874,0.0,0.0
8838.0,1.7492,0.0936,1.0,0.0796,1.2012,2.0553,1.0553,2.1862,1.1862,26.8177,2.0727,26.3698,2.0548,100.0,0.0,0.0,0.0,24.875,0.0,26.125,0.0,26.125,0.0,25.25,10.0,0.0,0.0084,52.5058,5.2506,2.0,12.2438,1.4352,0.2451,1.3904,0.2518,1.3911,2.013e-05,1.1625,0.0001,2.0272,12.0,0.0634,1.0017,0.106,2.2471,0.0264,1.6435,0.0767,2.1065,0.0,0.0,0.0,-0.1516,25.0,25.0,38.0,37.0,14.0,0.0,0.0,0.0,0.0,41.1366,0.0,41.1868,0.0,0.0
8839.0,1.7472,0.0934,1.0,0.0794,1.2006,2.0558,1.0558,2.1857,1.1857,26.7545,2.0702,26.3621,2.0545,100.0,0.0,0.0,0.0,25.0,0.0,26.25,0.0,26.125,0.0,25.125,10.0,0.0,0.0086,52.5059,5.2506,2.0,12.4357,1.4379,0.2736,1.3935,0.2469,1.3906,2.017e-05,1.1631,0.0001,2.0288,12.0,0.0679,1.0018,0.1209,2.3043,0.0258,1.6328,0.0749,2.0963,0.0,0.0,0.0,-0.1514,25.0,25.0,38.0,37.0,13.0,0.0,0.0,0.0,0.0,41.1367,0.0,41.1867,0.0,0.0
8840.0,1.7468,0.0933,1.0,0.0794,1.2006,2.0554,1.0554,2.1857,1.1857,26.6319,2.0653,26.3531,2.0541,100.0,0.0,0.0,0.0,24.875,0.0,26.375,0.0,26.125,0.0,25.125,10.0,0.0,0.0084,52.5057,5.2506,2.0,12.3012,1.436,0.2473,1.3906,0.2462,1.3905,2.021e-05,1.1635,0.0001,2.0292,12.0,0.0682,1.0018,0.105,2.2429,0.0216,1.5568,0.0823,2.1374,0.0,0.0,0.0,-0.1516,25.0,25.0,38.0,37.0,15.0,0.0,0.0,0.0,0.0,41.1367,0.0,41.1869,0.0,0.0
8841.0,1.7468,0.0933,1.0,0.0793,1.2005,2.0555,1.0555,2.1854,1.1854,26.557,2.0623,26.3606,2.0544,100.0,0.0,0.0,0.0,25.0,0.0,26.125,0.0,26.25,0.0,25.125,10.0,0.0,0.0081,52.5056,5.2505,2.0,12.2247,1.4349,0.162,1.3813,0.243,1.3901,2.028e-05,1.1643,0.0001,2.0284,12.0,0.0687,1.0018,0.1033,2.2359,0.025,1.6196,0.0751,2.0973,0.0,0.0,0.0,-0.151,25.0,25.0,38.0,37.0,13.0,0.0,0.0,0.0,0.0,41.1367,0.0,41.187,0.0,0.0
8842.0,1.7467,0.0933,1.0,0.0794,1.2007,2.0552,1.0552,2.1852,1.1852,26.6909,2.0676,26.3882,2.0555,100.0,0.0,0.0,0.0,25.0,0.0,26.125,0.0,26.25,0.0,25.125,10.0,0.0,0.0079,52.5058,5.2506,2.0,12.0195,1.432,0.1031,1.3749,0.2401,1.3898,2.03e-05,1.1645,0.0001,2.0286,12.0,0.0703,1.0019,0.0989,2.2172,0.0197,1.5169,0.0732,2.0866,0.0,0.0,0.0,-0.1517,25.0,25.0,38.0,37.0,14.0,0.0,0.0,0.0,0.0,41.1361,0.0,41.187,0.0,0.0
8843.0,1.7468,0.0933,1.0,0.0797,1.2013,2.0552,1.0552,2.1855,1.1855,26.8139,2.0726,26.3825,2.0553,100.0,0.0,0.0,0.0,25.0,0.0,26.125,0.0,26.125,0.0,25.125,10.0,0.0,0.0082,52.5055,5.2505,2.0,11.9742,1.4313,0.0516,1.3693,0.2369,1.3895,2.035e-05,1.165,0.0001,2.0287,12.0,0.0709,1.0019,0.0891,2.1717,0.0234,1.5915,0.093,2.1903,0.0,0.0,0.0,-0.1518,25.0,25.0,38.0,37.0,14.0,0.0,0.0,0.0,0.0,41.1359,0.0,41.1866,0.0,0.0
8844.0,1.7468,0.0933,1.0,0.0796,1.2011,2.0557,1.0557,2.1858,1.1858,26.7737,2.0709,26.3706,2.0548,100.0,0.0,0.0,0.0,25.0,0.0,26.125,0.0,26.125,0.0,25.125,10.0,0.0,0.0092,52.5055,5.2506,2.0,11.7598,1.4282,-0.0233,1.3611,0.232,1.3889,2.03e-05,1.1645,0.0001,2.0287,12.0,0.0713,1.0019,0.0953,2.201,0.0205,1.5345,0.0743,2.0926,0.0,0.0,0.0,-0.1518,25.0,25.0,38.0,37.0,15.0,0.0,0.0,0.0,0.0,41.1362,0.0,41.1866,0.0,0.0
8845.0,1.7498,0.0937,1.0,0.0795,1.2008,2.0558,1.0558,2.1857,1.1857,26.6613,2.0665,26.3545,2.0542,100.0,0.0,0.0,0.0,25.0,0.0,26.125,0.0,26.125,0.0,25.125,10.0,0.0,0.0086,52.5057,5.2506,2.0,11.7229,1.4276,-0.0544,1.3577,0.2331,1.3891,2.041e-05,1.1657,0.0001,2.0281,12.0,0.0733,1.002,0.1514,2.402,0.0184,1.4875,0.0881,2.1667,0.0,0.0,0.0,-0.1517,25.0,25.0,38.0,37.0,12.0,0.0,0.0,0.0,0.0,41.1368,0.0,41.1866,0.0,0.0
8846.0,1.7509,0.0939,1.0,0.0797,1.2013,2.0558,1.0558,2.1857,1.1857,26.559,2.0624,26.3563,2.0543,100.0,0.0,0.0,0.0,25.0,0.0,26.125,0.0,26.25,0.0,25.125,10.0,0.0,0.0082,52.5056,5.2506,2.0,11.7526,1.4281,0.0308,1.367,0.2334,1.3891,2.049e-05,1.1667,0.0001,2.0294,12.0,0.0737,1.002,0.1641,2.4368,0.0167,1.4458,0.0692,2.0621,0.0,0.0,0.0,-0.1516,25.0,25.0,38.0,37.0,15.0,0.0,0.0,0.0,0.0,41.1369,0.0,41.1869,0.0,0.0
8847.0,1.7459,0.0932,1.0,0.0795,1.2008,2.0553,1.0553,2.1855,1.1855,26.6538,2.0662,26.3752,2.055,100.0,0.0,0.0,0.0,25.0,0.0,26.0,0.0,26.125,0.0,25.125,10.0,0.0,0.0081,52.5056,5.2505,2.0,11.9907,1.4315,0.1189,1.3766,0.2225,1.3879,2.045e-05,1.1662,0.0001,2.0279,12.0,0.0699,1.0019,0.1396,2.3668,0.0158,1.4212,0.0768,2.107,0.0,0.0,0.0,-0.1518,25.0,25.0,38.0,37.0,13.0,0.0,0.0,0.0,0.0,41.1361,0.0,41.1867,0.0,0.0
8848.0,1.7435,0.0929,1.0,0.0794,1.2006,2.0551,1.0551,2.1855,1.1855,26.81,2.0724,26.3845,2.0554,100.0,0.0,0.0,0.0,25.0,0.0,26.125,0.0,26.375,0.0,25.0,10.0,0.0,0.0082,52.5055,5.2505,2.0,12.1473,1.4338,0.1452,1.3795,0.2256,1.3882,2.054e-05,1.1672,0.0001,2.0283,12.0,0.0656,1.0017,0.1166,2.2887,0.016,1.4263,0.0624,2.0167,0.0,0.0,0.0,-0.1513,25.0,25.0,38.0,37.0,13.0,0.0,0.0,0.0,0.0,41.1367,0.0,41.1871,0.0,0.0
8849.0,1.7431,0.0929,1.0,0.0796,1.2011,2.0559,1.0559,2.1854,1.1854,26.7971,2.0719,26.3717,2.0549,100.0,0.0,0.0,0.0,25.0,0.0,26.125,0.0,26.125,0.0,25.125,10.0,0.0,0.0086,52.5055,5.2506,2.0,12.1995,1.4345,0.1867,1.384,0.2193,1.3876,2.054e-05,1.1672,0.0001,2.031,12.0,0.066,1.0018,0.1215,2.3065,0.0157,1.4179,0.0738,2.0897,0.0,0.0,0.0,-0.1512,25.0,25.0,38.0,37.0,15.0,0.0,0.0,0.0,0.0,41.1371,0.0,41.1867,0.0,0.0
8850.0,1.7425,0.0928,1.0,0.0794,1.2006,2.0558,1.0558,2.1857,1.1857,26.6767,2.0671,26.3651,2.0546,100.0,0.0,0.0,0.0,25.0,0.0,26.125,0.0,26.25,0.0,25.0,10.0,0.0,0.0084,52.5058,5.2506,2.0,12.0597,1.4325,0.0517,1.3693,0.2189,1.3875,2.059e-05,1.1678,0.0001,2.027,12.0,0.0652,1.0017,0.1294,2.3339,0.0156,1.4163,0.0632,2.0225,0.0,0.0,0.0,-0.1514,25.0,25.0,38.0,37.0,13.0,0.0,0.0,0.0,0.0,41.1365,0.0,41.1868,0.0,0.0
8851.0,1.7432,0.0929,1.0,0.0795,1.2009,2.0557,1.0557,2.1855,1.1855,26.5576,2.0623,26.3626,2.0545,100.0,0.0,0.0,0.0,25.0,0.0,26.125,0.0,26.25,0.0,25.125,10.0,0.0,0.0084,52.5056,5.2506,2.0,11.883,1.43,-0.007,1.3629,0.2125,1.3868,2.056e-05,1.1675,0.0001,2.023,12.0,0.0695,1.0019,0.1086,2.2578,0.0141,1.3725,0.0593,1.9953,0.0,0.0,0.0,-0.1513,25.0,25.0,38.0,37.0,12.0,0.0,0.0,0.0,0.0,41.1363,0.0,41.1864,0.0,0.0
8852.0,1.7447,0.0931,1.0,0.0796,1.2011,2.0558,1.0558,2.1854,1.1854,26.6394,2.0656,26.392,2.0557,100.0,0.0,0.0,0.0,24.875,0.0,26.25,0.0,26.25,0.0,25.125,10.0,0.0,0.0079,52.5054,5.2505,2.0,11.6648,1.4268,-0.0487,1.3583,0.2135,1.3869,2.065e-05,1.1684,0.0001,2.0313,12.0,0.0686,1.0018,0.0922,2.1867,0.0142,1.3752,0.0618,2.0132,0.0,0.0,0.0,-0.1515,25.0,25.0,38.0,37.0,14.0,0.0,0.0,0.0,0.0,41.1367,0.0,41.1865,0.0,0.0
8853.0,1.7454,0.0932,1.0,0.0794,1.2006,2.0555,1.0555,2.1851,1.1851,26.8002,2.072,26.3922,2.0557,100.0,0.0,0.0,0.0,25.0,0.0,26.125,0.0,26.125,0.0,25.125,10.0,0.0,0.0083,52.5054,5.2505,2.0,11.6668,1.4268,-0.0652,1.3565,0.2069,1.3862,2.062e-05,1.1681,0.0001,2.0289,12.0,0.0717,1.0019,0.1788,2.4743,0.012,1.3013,0.0631,2.0221,0.0,0.0,0.0,-0.1514,25.0,25.0,38.0,37.0,12.0,0.0,0.0,0.0,0.0,41.1366,0.0,41.1868,0.0,0.0
8854.0,1.7424,0.0928,1.0,0.0798,1.2018,2.0557,1.0557,2.1854,1.1854,26.7966,2.0719,26.3715,2.0549,100.0,0.0,0.0,0.0,25.0,0.0,26.125,0.0,26.125,0.0,25.0,10.0,0.0,0.0082,52.5053,5.2505,2.0,11.6182,1.4261,-0.0839,1.3545,0.2079,1.3863,2.068e-05,1.1688,0.0001,2.0318,12.0,0.071,1.0019,0.1756,2.4664,0.0122,1.3092,0.0725,2.0822,0.0,0.0,0.0,-0.1516,25.0,25.0,38.0,37.0,15.0,0.0,0.0,0.0,0.0,41.1365,0.0,41.1867,0.0,0.0
8855.0,1.7425,0.0928,1.0,0.0795,1.2009,2.056,1.056,2.1855,1.1855,26.7024,2.0681,26.3653,2.0546,100.0,0.0,0.0,0.0,24.875,0.0,26.0,0.0,26.125,0.0,25.0,10.0,0.0,0.0086,52.5054,5.2505,2.0,11.6202,1.4261,-0.0751,1.3554,0.2007,1.3855,2.066e-05,1.1686,0.0001,2.0334,12.0,0.0738,1.002,0.1778,2.4717,0.0114,1.2787,0.0626,2.0181,0.0,0.0,0.0,-0.151,25.0,25.0,38.0,37.0,15.0,0.0,0.0,0.0,0.0,41.1363,0.0,41.1866,0.0,0.0
8856.0,1.7426,0.0928,1.0,0.0796,1.2012,2.056,1.056,2.1855,1.1855,26.5745,2.063,26.3623,2.0545,100.0,0.0,0.0,0.0,25.0,0.0,26.125,0.0,26.25,0.0,25.125,10.0,0.0,0.0081,52.5052,5.2505,2.0,11.4502,1.4235,-0.175,1.3445,0.2043,1.3859,2.078e-05,1.1699,0.0001,2.0277,12.0,0.0646,1.0017,0.1458,2.3856,0.0119,1.2973,0.0618,2.0131,0.0,0.0,0.0,-0.1514,25.0,25.0,38.0,37.0,15.0,0.0,0.0,0.0,0.0,41.1366,0.0,41.1872,0.0,0.0
8857.0,1.7437,0.093,1.0,0.0796,1.2011,2.0554,1.0554,2.1854,1.1854,26.6048,2.0642,26.3769,2.0551,100.0,0.0,0.0,0.0,24.875,0.0,26.125,0.0,26.125,0.0,25.125,10.0,0.0,0.0088,52.5052,5.2505,2.0,11.2752,1.4209,-0.1904,1.3429,0.193,1.3847,2.069e-05,1.1689,0.0001,2.0313,12.0,0.0637,1.0017,0.1315,2.3408,0.0106,1.246,0.0576,1.982,0.0,0.0,0.0,-0.1513,25.0,25.0,38.0,37.0,13.0,0.0,0.0,0.0,0.0,41.1369,0.0,41.187,0.0,0.0
8858.0,1.7438,0.093,1.0,0.0792,1.2001,2.0551,1.0551,2.1854,1.1854,26.7691,2.0708,26.3795,2.0552,100.0,0.0,0.0,0.0,24.875,0.0,26.125,0.0,26.125,0.0,25.125,10.0,0.0,0.0086,52.5053,5.2505,2.0,11.3124,1.4214,-0.1168,1.3509,0.1967,1.3851,2.081e-05,1.1703,0.0001,2.0326,12.0,0.0641,1.0017,0.1341,2.3493,0.0102,1.2287,0.0565,1.9739,0.0,0.0,0.0,-0.1516,25.0,25.0,38.0,37.0,14.0,0.0,0.0,0.0,0.0,41.1361,0.0,41.1867,0.0,0.0
8859.0,1.7466,0.0933,1.0,0.0792,1.2002,2.0556,1.0556,2.1859,1.1859,26.7983,2.0719,26.3645,2.0546,100.0,0.0,0.0,0.0,25.0,0.0,26.125,0.0,26.375,0.0,25.125,10.0,0.0,0.0081,52.5053,5.2505,2.0,11.5798,1.4255,0.0115,1.3649,0.1859,1.3839,2.07e-05,1.1691,0.0001,2.0262,12.0,0.0642,1.0017,0.1261,2.3225,0.0102,1.2312,0.0532,1.948,0.0,0.0,0.0,-0.1511,25.0,25.0,38.0,37.0,14.0,0.0,0.0,0.0,0.0,41.136,0.0,41.1868,0.0,0.0
8860.0,1.7461,0.0933,1.0,0.0795,1.2009,2.0558,1.0558,2.1857,1.1857,26.7266,2.0691,26.3654,2.0546,100.0,0.0,0.0,0.0,25.0,0.0,26.125,0.0,26.25,0.0,25.125,10.0,0.0,0.0082,52.5051,5.2505,2.0,11.631,1.4262,-0.0392,1.3594,0.1918,1.3846,2.086e-05,1.1708,0.0001,2.0307,12.0,0.063,1.0017,0.1445,2.3817,0.0094,1.1943,0.0631,2.0217,0.0,0.0,0.0,-0.1515,25.0,25.0,38.0,37.0,14.0,0.0,0.0,0.0,0.0,41.1366,0.0,41.1867,0.0,0.0
8861.0,1.7438,0.093,1.0,0.0799,1.2021,2.0558,1.0558,2.1858,1.1858,26.5918,2.0637,26.3564,2.0543,100.0,0.0,0.0,0.0,25.0,0.0,26.125,0.0,26.125,0.0,25.125,10.0,0.0,0.0083,52.5053,5.2505,2.0,11.4916,1.4242,-0.0746,1.3555,0.1822,1.3835,2.076e-05,1.1697,0.0001,2.032,12.0,0.0691,1.0018,0.1277,2.328,0.0086,1.1564,0.0691,2.0614,0.0,0.0,0.0,-0.1518,26.0,25.0,38.0,37.0,14.0,0.0,0.0,0.0,0.0,41.1361,0.0,41.1865,0.0,0.0
8862.0,1.7443,0.093,1.0,0.0798,1.2017,2.0556,1.0556,2.1854,1.1854,26.5882,2.0635,26.3773,2.0551,100.0,0.0,0.0,0.0,25.0,0.0,26.125,0.0,26.125,0.0,25.0,10.0,0.0,0.0082,52.5051,5.2505,2.0,11.5062,1.4244,-0.097,1.3531,0.1873,1.3841,2.091e-05,1.1714,0.0001,2.0289,12.0,0.0722,1.0019,0.1239,2.315,0.0084,1.1474,0.0749,2.0964,0.0,0.0,0.0,-0.1512,26.0,25.0,38.0,37.0,13.0,0.0,0.0,0.0,0.0,41.136,0.0,41.1868,0.0,0.0
8863.0,1.7447,0.0931,1.0,0.0794,1.2006,2.0551,1.0551,2.1853,1.1853,26.7424,2.0697,26.3897,2.0556,100.0,0.0,0.0,0.0,25.0,0.0,26.125,0.0,26.125,0.0,25.0,10.0,0.0,0.0085,52.5052,5.2505,2.0,11.3571,1.4221,-0.0854,1.3543,0.1751,1.3827,2.082e-05,1.1704,0.0001,2.0351,12.0,0.072,1.0019,0.1145,2.2805,0.0078,1.1126,0.0733,2.0872,0.0,0.0,0.0,-0.1514,26.0,25.0,38.0,37.0,13.0,0.0,0.0,0.0,0.0,41.1358,0.0,41.1866,0.0,0.0
8864.0,1.7456,0.0932,1.0,0.0796,1.2011,2.0554,1.0554,2.1857,1.1857,26.8127,2.0725,26.3764,2.0551,100.0,0.0,0.0,0.0,25.0,0.0,26.125,0.0,26.125,0.0,25.0,10.0,0.0,0.008,52.5053,5.2505,2.0,11.4566,1.4236,-0.1036,1.3523,0.1798,1.3832,2.094e-05,1.1717,0.0001,2.0335,12.0,0.0657,1.0018,0.1136,2.2773,0.0075,1.0946,0.0659,2.0408,0.0,0.0,0.0,-0.1514,26.0,25.0,38.0,37.0,13.0,0.0,0.0,0.0,0.0,41.1363,0.0,41.1866,0.0,0.0
8865.0,1.7459,0.0932,1.0,0.0797,1.2014,2.0557,1.0557,2.1857,1.1857,26.7382,2.0695,26.3674,2.0547,100.0,0.0,0.0,0.0,25.0,0.0,26.25,0.0,26.25,0.0,25.0,10.0,0.0,0.0084,52.505,5.2505,2.0,11.4698,1.4238,-0.016,1.3619,0.1682,1.382,2.084e-05,1.1706,0.0001,2.0335,12.0,0.0667,1.0018,0.0957,2.2026,0.0609,2.0065,0.0699,2.0663,0.0,0.0,0.0,-0.1514,25.0,25.0,38.0,37.0,13.0,0.0,0.0,0.0,0.0,41.1362,0.0,41.1867,0.0,0.0
8866.0,1.7469,0.0934,1.0,0.0794,1.2007,2.0559,1.0559,2.1855,1.1855,26.6147,2.0646,26.3628,2.0545,100.0,0.0,0.0,0.0,25.0,0.0,26.125,0.0,26.125,0.0,25.0,10.0,0.0,0.0081,52.5053,5.2505,2.0,11.5504,1.425,-0.0121,1.3623,0.1681,1.382,2.09e-05,1.1713,0.0001,2.0343,12.0,0.0626,1.0017,0.0938,2.1943,0.0584,1.9885,0.0606,2.004,0.0,0.0,0.0,-0.1511,25.0,25.0,38.0,37.0,14.0,0.0,0.0,0.0,0.0,41.137,0.0,41.1868,0.0,0.0
8867.0,1.7478,0.0935,1.0,0.0795,1.2009,2.0557,1.0557,2.1854,1.1854,26.5706,2.0628,26.3693,2.0548,100.0,0.0,0.0,0.0,25.125,0.0,26.125,0.0,26.25,0.0,25.125,10.0,0.0,0.0085,52.5054,5.2506,2.0,11.7467,1.428,0.0493,1.369,0.162,1.3813,2.087e-05,1.1709,0.0001,2.033,12.0,0.0631,1.0017,0.0884,2.1683,0.0559,1.9694,0.0592,1.9944,0.0,0.0,0.0,-0.1514,25.0,25.0,38.0,37.0,15.0,0.0,0.0,0.0,0.0,41.1363,0.0,41.1869,0.0,0.0
8868.0,1.7478,0.0935,1.0,0.0793,1.2002,2.0552,1.0552,2.1853,1.1853,26.7049,2.0682,26.3835,2.0553,100.0,0.0,0.0,0.0,25.0,0.0,26.125,0.0,26.25,0.0,25.125,10.0,0.0,0.0086,52.5054,5.2505,2.0,11.7336,1.4278,0.0105,1.3648,0.1615,1.3813,2.09e-05,1.1712,0.0001,2.0287,12.0,0.0621,1.0017,0.0899,2.1757,0.0498,1.9192,0.0592,1.9945,0.0,0.0,0.0,-0.1515,25.0,25.0,38.0,37.0,13.0,0.0,0.0,0.0,0.0,41.1366,0.0,41.1867,0.0,0.0
8869.0,1.7478,0.0935,1.0,0.0794,1.2006,2.0555,1.0555,2.1855,1.1855,26.819,2.0728,26.3784,2.0551,100.0,0.0,0.0,0.0,24.875,0.0,26.125,0.0,26.25,0.0,25.125,10.0,0.0,0.0078,52.505,5.2505,2.0,11.7173,1.4275,0.0617,1.3704,0.1565,1.3807,2.09e-05,1.1712,0.0001,2.034,12.0,0.0625,1.0017,0.0785,2.1169,0.0508,1.9275,0.0554,1.9656,0.0,0.0,0.0,-0.1515,25.0,25.0,38.0,37.0,13.0,0.0,0.0,0.0,0.0,41.137,0.0,41.1869,0.0,0.0
8870.0,1.7468,0.0933,1.0,0.0794,1.2006,2.0561,1.0561,2.1857,1.1857,26.7605,2.0704,26.3747,2.055,100.0,0.0,0.0,0.0,24.875,0.0,26.125,0.0,26.125,0.0,25.0,10.0,0.0,0.008,52.5048,5.2505,2.0,11.734,1.4278,0.0311,1.367,0.1632,1.3814,2.102e-05,1.1726,0.0001,2.0339,12.0,0.0617,1.0016,0.0753,2.0985,0.0466,1.8904,0.0485,1.908,0.0,0.0,0.0,-0.1509,25.0,25.0,38.0,37.0,14.0,0.0,0.0,0.0,0.0,41.1367,0.0,41.187,0.0,0.0
8871.0,1.7459,0.0932,1.0,0.0793,1.2004,2.0558,1.0558,2.1857,1.1857,26.6403,2.0656,26.3642,2.0546,100.0,0.0,0.0,0.0,24.875,0.0,26.125,0.0,26.125,0.0,25.0,10.0,0.0,0.0077,52.5051,5.2505,2.0,11.9028,1.4303,0.1428,1.3792,0.153,1.3803,2.094e-05,1.1717,0.0001,2.0276,12.0,0.0638,1.0017,0.0741,2.0915,0.0461,1.8854,0.0521,1.939,0.0,0.0,0.0,-0.1511,25.0,25.0,38.0,37.0,12.0,0.0,0.0,0.0,0.0,41.1365,0.0,41.1871,0.0,0.0
8872.0,1.7439,0.093,1.0,0.0796,1.201,2.0559,1.0559,2.1855,1.1855,26.5684,2.0627,26.3707,2.0548,100.0,0.0,0.0,0.0,25.0,0.0,26.125,0.0,26.25,0.0,25.0,10.0,0.0,0.0086,52.505,5.2505,2.0,12.0286,1.4321,0.1282,1.3776,0.1602,1.3811,2.108e-05,1.1733,0.0001,2.0332,12.0,0.0697,1.0019,0.1487,2.3942,0.045,1.8754,0.0528,1.9446,0.0,0.0,0.0,-0.1516,25.0,25.0,38.0,37.0,15.0,0.0,0.0,0.0,0.0,41.1364,0.0,41.1866,0.0,0.0
8873.0,1.7426,0.0928,1.0,0.0795,1.201,2.0556,1.0556,2.1849,1.1849,26.6927,2.0677,26.397,2.0559,100.0,0.0,0.0,0.0,24.875,0.0,26.125,0.0,26.25,0.0,25.0,10.0,0.0,0.0082,52.5053,5.2505,2.0,11.9621,1.4311,0.094,1.3739,0.1474,1.3797,2.099e-05,1.1722,0.0001,2.033,12.0,0.0716,1.0019,0.1334,2.3469,0.0401,1.8246,0.0466,1.8902,0.0,0.0,0.0,-0.1517,25.0,25.0,38.0,37.0,14.0,0.0,0.0,0.0,0.0,41.1367,0.0,41.1869,0.0,0.0
8874.0,1.742,0.0928,1.0,0.0795,1.201,2.0553,1.0553,2.1856,1.1856,26.8249,2.073,26.382,2.0553,100.0,0.0,0.0,0.0,25.0,0.0,26.125,0.0,26.125,0.0,25.0,10.0,0.0,0.008,52.5049,5.2505,2.0,11.8897,1.4301,0.0565,1.3698,0.1537,1.3804,2.109e-05,1.1734,0.0001,2.0277,12.0,0.0697,1.0019,0.1109,2.2667,0.0392,1.8157,0.0449,1.8744,0.0,0.0,0.0,-0.1512,25.0,25.0,38.0,37.0,14.0,0.0,0.0,0.0,0.0,41.1356,0.0,41.1869,0.0,0.0
8875.0,1.7406,0.0926,1.0,0.0797,1.2014,2.0559,1.0559,2.1858,1.1858,26.7796,2.0712,26.3741,2.055,100.0,0.0,0.0,0.0,24.875,0.0,26.125,0.0,26.25,0.0,25.125,10.0,0.0,0.0079,52.5049,5.2505,2.0,11.8085,1.4289,0.0115,1.3649,0.1427,1.3792,2.099e-05,1.1722,0.0001,2.0334,12.0,0.066,1.0018,0.1245,2.3168,0.0361,1.7788,0.0629,2.0206,0.0,0.0,0.0,-0.1512,25.0,25.0,38.0,37.0,13.0,0.0,0.0,0.0,0.0,41.1359,0.0,41.1864,0.0,0.0
8876.0,1.7416,0.0927,1.0,0.0796,1.201,2.0562,1.0562,2.1853,1.1853,26.6667,2.0667,26.3726,2.0549,100.0,0.0,0.0,0.0,25.0,0.0,26.125,0.0,26.125,0.0,25.125,10.0,0.0,0.0083,52.5051,5.2505,2.0,11.4704,1.4238,-0.0999,1.3527,0.1476,1.3797,2.112e-05,1.1736,0.0001,2.0317,12.0,0.0669,1.0018,0.0998,2.2209,0.0311,1.7142,0.0554,1.9654,0.0,0.0,0.0,-0.1519,25.0,25.0,38.0,37.0,13.0,0.0,0.0,0.0,0.0,41.1357,0.0,41.1862,0.0,0.0
8877.0,1.7418,0.0927,1.0,0.0795,1.2009,2.0559,1.0559,2.1853,1.1853,26.5658,2.0626,26.3676,2.0547,100.0,0.0,0.0,0.0,25.0,0.0,26.125,0.0,26.25,0.0,25.125,10.0,0.0,0.0082,52.5049,5.2505,2.0,11.336,1.4218,-0.132,1.3492,0.1429,1.3792,2.105e-05,1.1729,0.0001,2.0324,12.0,0.0679,1.0018,0.0898,2.1753,0.0338,1.751,0.0486,1.9081,0.0,0.0,0.0,-0.1518,25.0,25.0,38.0,37.0,15.0,0.0,0.0,0.0,0.0,41.1357,0.0,41.1865,0.0,0.0
8878.0,1.7426,0.0928,1.0,0.0795,1.2008,2.0553,1.0553,2.1854,1.1854,26.6466,2.0659,26.385,2.0554,100.0,0.0,0.0,0.0,25.0,0.0,26.0,0.0,26.125,0.0,25.0,10.0,0.0,0.0089,52.5054,5.2505,2.0,11.3158,1.4215,-0.1435,1.348,0.1428,1.3792,2.114e-05,1.1739,0.0001,2.0357,12.0,0.064,1.0017,0.1191,2.2979,0.0312,1.716,0.0634,2.024,0.0,0.0,0.0,-0.1517,25.0,25.0,38.0,37.0,14.0,0.0,0.0,0.0,0.0,41.1362,0.0,41.1864,0.0,0.0
8879.0,1.7436,0.0929,1.0,0.0794,1.2006,2.0551,1.0551,2.1856,1.1856,26.8075,2.0723,26.3864,2.0555,100.0,0.0,0.0,0.0,24.875,0.0,26.125,0.0,26.25,0.0,25.0,10.0,0.0,0.0082,52.5051,5.2505,2.0,11.3385,1.4218,-0.0937,1.3534,0.1377,1.3787,2.107e-05,1.1731,0.0001,2.0325,12.0,0.0643,1.0017,0.0988,2.2165,0.0313,1.7178,0.0606,2.0042,0.0,0.0,0.0,-0.1516,25.0,25.0,38.0,37.0,14.0,0.0,0.0,0.0,0.0,41.1359,0.0,41.1868,0.0,0.0
8880.0,1.7447,0.0931,1.0,0.0793,1.2004,2.0556,1.0556,2.1859,1.1859,26.7897,2.0716,26.3717,2.0549,100.0,0.0,0.0,0.0,25.0,0.0,26.25,0.0,26.125,0.0,25.125,10.0,0.0,0.0083,52.5049,5.2505,2.0,11.3312,1.4217,-0.1554,1.3467,0.1379,1.3787,2.115e-05,1.1741,0.0001,2.0349,12.0,0.0643,1.0017,0.0885,2.1686,0.0307,1.7091,0.0641,2.0284,0.0,0.0,0.0,-0.1518,25.0,25.0,38.0,37.0,13.0,0.0,0.0,0.0,0.0,41.1364,0.0,41.1865,0.0,0.0
8881.0,1.7445,0.0931,1.0,0.0794,1.2005,2.0558,1.0558,2.1859,1.1859,26.6921,2.0677,26.3549,2.0542,100.0,0.0,0.0,0.0,24.875,0.0,26.0,0.0,26.375,0.0,25.125,10.0,0.0,0.009,52.5051,5.2505,2.0,11.33,1.4217,-0.0635,1.3567,0.1323,1.3781,2.108e-05,1.1733,0.0001,2.0355,12.0,0.0623,1.0017,0.089,2.1714,0.0273,1.6583,0.0553,1.965,0.0,0.0,0.0,-0.1517,25.0,25.0,38.0,37.0,14.0,0.0,0.0,0.0,0.0,41.1361,0.0,41.1863,0.0,0.0
8882.0,1.7439,0.093,1.0,0.0793,1.2003,2.0556,1.0556,2.1857,1.1857,26.574,2.063,26.357,2.0543,100.0,0.0,0.0,0.0,25.0,0.0,26.125,0.0,26.125,0.0,25.125,10.0,0.0,0.0089,52.5052,5.2505,2.0,11.6219,1.4261,0.0091,1.3646,0.1373,1.3786,2.122e-05,1.1748,0.0001,2.0329,12.0,0.062,1.0017,0.0727,2.0832,0.0288,1.6808,0.0562,1.9719,0.0,0.0,0.0,-0.1515,25.0,25.0,38.0,37.0,16.0,0.0,0.0,0.0,0.0,41.1354,0.0,41.1863,0.0,0.0
8883.0,1.743,0.0929,1.0,0.0793,1.2004,2.0554,1.0554,2.1854,1.1854,26.6302,2.0652,26.385,2.0554,100.0,0.0,0.0,0.0,25.0,0.0,26.125,0.0,26.125,0.0,25.125,10.0,0.0,0.0082,52.505,5.2505,2.0,11.6347,1.4263,0.0376,1.3677,0.1301,1.3778,2.112e-05,1.1737,0.0001,2.0353,12.0,0.0675,1.0018,0.1455,2.3848,0.0246,1.6124,0.0704,2.0691,0.0,0.0,0.0,-0.1516,25.0,25.0,38.0,37.0,14.0,0.0,0.0,0.0,0.0,41.1358,0.0,41.186,0.0,0.0
8884.0,1.7426,0.0928,1.0,0.0793,1.2003,2.0551,1.0551,2.1855,1.1855,26.7925,2.0717,26.3792,2.0552,100.0,0.0,0.0,0.0,24.875,0.0,26.125,0.0,26.125,0.0,25.125,10.0,0.0,0.0087,52.5047,5.2504,2.0,11.7274,1.4277,0.044,1.3684,0.134,1.3783,2.126e-05,1.1752,0.0001,2.0352,12.0,0.0698,1.0019,0.1266,2.3243,0.0219,1.5626,0.0662,2.0429,0.0,0.0,0.0,-0.1516,25.0,25.0,38.0,37.0,13.0,0.0,0.0,0.0,0.0,41.1362,0.0,41.1866,0.0,0.0
8885.0,1.7426,0.0928,1.0,0.0795,1.201,2.0556,1.0556,2.1858,1.1858,26.7993,2.072,26.3723,2.0549,100.0,0.0,0.0,0.0,25.0,0.0,26.25,0.0,26.125,0.0,25.125,10.0,0.0,0.0078,52.5044,5.2505,2.0,11.5293,1.4247,-0.0662,1.3564,0.1331,1.3782,2.124e-05,1.1751,0.0001,2.0316,12.0,0.0681,1.0018,0.2127,2.5495,0.0236,1.5952,0.0615,2.0106,0.0,0.0,0.0,-0.1514,25.0,25.0,38.0,37.0,13.0,0.0,0.0,0.0,0.0,41.1355,0.0,41.1869,0.0,0.0
8886.0,1.7413,0.0927,1.0,0.0796,1.2012,2.0558,1.0558,2.1857,1.1857,26.705,2.0682,26.3655,2.0546,100.0,0.0,0.0,0.0,25.0,0.0,26.125,0.0,26.125,0.0,25.125,10.0,0.0,0.0082,52.5046,5.2505,2.0,11.437,1.4233,-0.016,1.3619,0.1281,1.3776,2.126e-05,1.1753,0.0001,2.035,12.0,0.0708,1.0019,0.1793,2.4754,0.0211,1.5457,0.063,2.0213,0.0,0.0,0.0,-0.1515,25.0,25.0,38.0,37.0,13.0,0.0,0.0,0.0,0.0,41.1364,0.0,41.1863,0.0,0.0
8887.0,1.7406,0.0926,1.0,0.0793,1.2004,2.0558,1.0558,2.1855,1.1855,26.5948,2.0638,26.3529,2.0541,100.0,0.0,0.0,0.0,25.0,0.0,26.125,0.0,26.125,0.0,25.125,10.0,0.0,0.0076,52.5044,5.2504,2.0,11.7085,1.4274,0.1083,1.3754,0.1261,1.3774,2.121e-05,1.1747,0.0001,2.0374,12.0,0.0697,1.0019,0.1936,2.5087,0.0211,1.5452,0.0569,1.9773,0.0,0.0,0.0,-0.1516,25.0,25.0,38.0,37.0,13.0,0.0,0.0,0.0,0.0,41.1365,0.0,41.1864,0.0,0.0
8888.0,1.7406,0.0926,1.0,0.0793,1.2005,2.0555,1.0555,2.1854,1.1854,26.6077,2.0643,26.3709,2.0548,100.0,0.0,0.0,0.0,25.0,0.0,26.125,0.0,26.125,0.0,25.125,10.0,0.0,0.0084,52.5043,5.2504,2.0,11.9078,1.4303,0.1353,1.3784,0.1275,1.3775,2.133e-05,1.176,0.0001,2.0324,12.0,0.0682,1.0018,0.193,2.5073,0.0714,2.0754,0.0539,1.9533,0.0,0.0,0.0,-0.1517,25.0,25.0,38.0,37.0,14.0,0.0,0.0,0.0,0.0,41.1362,0.0,41.1863,0.0,0.0
8889.0,1.7405,0.0926,1.0,0.0793,1.2003,2.0551,1.0551,2.1854,1.1854,26.7737,2.0709,26.3867,2.0555,100.0,0.0,0.0,0.0,25.0,0.0,26.125,0.0,26.25,0.0,25.0,10.0,0.0,0.0079,52.5046,5.2505,2.0,11.9005,1.4302,0.1265,1.3774,0.122,1.377,2.123e-05,1.1749,0.0001,2.0341,12.0,0.0653,1.0017,0.1746,2.4639,0.0707,2.071,0.0538,1.9529,0.0,0.0,0.0,-0.1515,25.0,25.0,38.0,37.0,14.0,0.0,0.0,0.0,0.0,41.136,0.0,41.1866,0.0,0.0
8890.0,1.7406,0.0926,1.0,0.0795,1.2008,2.0555,1.0555,2.1858,1.1858,26.8083,2.0723,26.3643,2.0546,100.0,0.0,0.0,0.0,25.0,0.0,26.25,0.0,26.25,0.0,25.125,10.0,0.0,0.0081,52.5047,5.2505,2.0,11.956,1.431,0.1397,1.3789,0.1219,1.3769,2.133e-05,1.176,0.0001,2.0367,12.0,0.0681,1.0018,0.1292,2.3332,0.0673,2.05,0.058,1.9851,0.0,0.0,0.0,-0.1516,25.0,25.0,38.0,37.0,14.0,0.0,0.0,0.0,0.0,41.1361,0.0,41.1864,0.0,0.0
8891.0,1.74,0.0925,1.0,0.0795,1.201,2.0557,1.0557,2.1858,1.1858,26.7334,2.0693,26.3663,2.0547,100.0,0.0,0.0,0.0,24.875,0.0,26.125,0.0,26.125,0.0,25.0,10.0,0.0,0.0088,52.5046,5.2505,2.0,11.9729,1.4313,0.1425,1.3792,0.1156,1.3762,2.123e-05,1.175,0.0001,2.0342,12.0,0.0685,1.0018,0.1763,2.468,0.0626,2.0185,0.0626,2.0186,0.0,0.0,0.0,-0.1515,25.0,25.0,38.0,37.0,14.0,0.0,0.0,0.0,0.0,41.1364,0.0,41.1863,0.0,0.0
8892.0,1.7406,0.0926,1.0,0.0792,1.2002,2.0562,1.0562,2.1856,1.1856,26.6148,2.0646,26.3713,2.0549,100.0,0.0,0.0,0.0,25.0,0.0,26.0,0.0,26.125,0.0,25.0,10.0,0.0,0.0085,52.5045,5.2504,2.0,12.0745,1.4327,0.1868,1.384,0.1209,1.3768,2.137e-05,1.1765,0.0001,2.0363,12.0,0.0645,1.0017,0.1552,2.4126,0.0653,2.0364,0.0588,1.9912,0.0,0.0,0.0,-0.1513,25.0,25.0,38.0,37.0,14.0,0.0,0.0,0.0,0.0,41.1365,0.0,41.1867,0.0,0.0
8893.0,1.7416,0.0927,1.0,0.0794,1.2005,2.056,1.056,2.1854,1.1854,26.5739,2.063,26.3753,2.055,100.0,0.0,0.0,0.0,25.0,0.0,26.0,0.0,26.125,0.0,25.0,10.0,0.0,0.0083,52.5046,5.2505,2.0,11.9877,1.4315,0.1343,1.3783,0.111,1.3757,2.124e-05,1.175,0.0001,2.0365,12.0,0.0664,1.0018,0.1326,2.3445,0.0608,2.0058,0.0565,1.9737,0.0,0.0,0.0,-0.1514,25.0,25.0,38.0,37.0,14.0,0.0,0.0,0.0,0.0,41.1362,0.0,41.1863,0.0,0.0
8894.0,1.7415,0.0927,1.0,0.0796,1.2012,2.0556,1.0556,2.1853,1.1853,26.7222,2.0689,26.3912,2.0556,100.0,0.0,0.0,0.0,25.0,0.0,26.125,0.0,26.125,0.0,25.125,10.0,0.0,0.0083,52.5046,5.2504,2.0,11.9797,1.4314,0.1064,1.3752,0.1169,1.3764,2.139e-05,1.1767,0.0001,2.034,12.0,0.0701,1.0019,0.147,2.3892,0.0552,1.9635,0.0565,1.974,0.0,0.0,0.0,-0.1517,25.0,25.0,38.0,37.0,14.0,0.0,0.0,0.0,0.0,41.1366,0.0,41.1869,0.0,0.0
8895.0,1.7385,0.0923,1.0,0.0795,1.2008,2.0556,1.0556,2.1858,1.1858,26.8151,2.0726,26.3782,2.0551,100.0,0.0,0.0,0.0,24.875,0.0,26.125,0.0,26.25,0.0,25.125,10.0,0.0,0.0078,52.5045,5.2504,2.0,11.7842,1.4285,0.0215,1.366,0.1159,1.3763,2.137e-05,1.1764,0.0001,2.0364,12.0,0.0721,1.0019,0.2091,2.5422,0.0484,1.9065,0.0495,1.9164,0.0,0.0,0.0,-0.1518,25.0,25.0,38.0,37.0,14.0,0.0,0.0,0.0,0.0,41.1362,0.0,41.1866,0.0,0.0
8896.0,1.7375,0.0922,1.0,0.0795,1.2009,2.0557,1.0557,2.1857,1.1857,26.7432,2.0697,26.3576,2.0543,100.0,0.0,0.0,0.0,24.875,0.0,26.125,0.0,26.125,0.0,25.0,10.0,0.0,0.0085,52.5045,5.2504,2.0,11.7873,1.4286,0.072,1.3715,0.1094,1.3756,2.137e-05,1.1765,0.0001,2.0372,12.0,0.0676,1.0018,0.2112,2.5465,0.0512,1.9309,0.0536,1.9506,0.0,0.0,0.0,-0.1513,25.0,25.0,38.0,37.0,12.0,0.0,0.0,0.0,0.0,41.1363,0.0,41.1869,0.0,0.0
8897.0,1.7384,0.0923,1.0,0.0795,1.201,2.0558,1.0558,2.1856,1.1856,26.627,2.0651,26.3623,2.0545,100.0,0.0,0.0,0.0,25.0,0.0,26.125,0.0,26.125,0.0,25.125,10.0,0.0,0.0083,52.5049,5.2505,2.0,11.9503,1.431,0.1521,1.3802,0.1105,1.3757,2.138e-05,1.1765,0.0001,2.0319,12.0,0.0675,1.0018,0.1753,2.4657,0.0435,1.8608,0.0595,1.9964,0.0,0.0,0.0,-0.1513,25.0,25.0,38.0,37.0,15.0,0.0,0.0,0.0,0.0,41.1361,0.0,41.1869,0.0,0.0
8898.0,1.7385,0.0923,1.0,0.0794,1.2005,2.0557,1.0557,2.1854,1.1854,26.5679,2.0627,26.3709,2.0548,100.0,0.0,0.0,0.0,25.0,0.0,26.125,0.0,26.125,0.0,25.125,10.0,0.0,0.0082,52.5047,5.2505,2.0,12.1319,1.4336,0.1786,1.3831,0.106,1.3752,2.138e-05,1.1766,0.0001,2.0396,12.0,0.0672,1.0018,0.2145,2.5533,0.0447,1.8722,0.06,1.9999,0.0,0.0,0.0,-0.1515,25.0,25.0,38.0,37.0,14.0,0.0,0.0,0.0,0.0,41.1362,0.0,41.1863,0.0,0.0
8899.0,1.7395,0.0924,1.0,0.0794,1.2007,2.0549,1.0549,2.1853,1.1853,26.7014,2.0681,26.3782,2.0551,100.0,0.0,0.0,0.0,25.0,0.0,26.0,0.0,26.125,0.0,25.125,10.0,0.0,0.0083,52.5047,5.2505,2.0,12.0541,1.4325,0.1602,1.3811,0.1045,1.375,2.134e-05,1.1761,0.0001,2.0376,12.0,0.063,1.0017,0.2349,2.5928,0.044,1.8653,0.0602,2.0014,0.0,0.0,0.0,-0.1514,25.0,25.0,38.0,37.0,15.0,0.0,0.0,0.0,0.0,41.1371,0.0,41.1873,0.0,0.0
8900.0,1.7413,0.0927,1.0,0.0795,1.2008,2.0552,1.0552,2.1857,1.1857,26.8259,2.073,26.3733,2.0549,100.0,0.0,0.0,0.0,24.875,0.0,26.125,0.0,26.125,0.0,25.0,10.0,0.0,0.0079,52.5048,5.2505,2.0,12.0843,1.4329,0.0834,1.3727,0.1039,1.375,2.144e-05,1.1772,0.0001,2.0334,12.0,0.0623,1.0017,0.2118,2.5477,0.0424,1.8494,0.0513,1.9321,0.0,0.0,0.0,-0.1515,25.0,25.0,38.0,37.0,14.0,0.0,0.0,0.0,0.0,41.1363,0.0,41.1866,0.0,0.0
8901.0,1.7433,0.0929,1.0,0.0793,1.2003,2.0557,1.0557,2.1857,1.1857,26.7669,2.0707,26.3651,2.0546,100.0,0.0,0.0,0.0,24.875,0.0,26.125,0.0,26.125,0.0,25.125,10.0,0.0,0.0081,52.5046,5.2504,2.0,11.8832,1.43,0.0432,1.3684,0.0998,1.3745,2.134e-05,1.1761,0.0001,2.0382,12.0,0.0616,1.0016,0.206,2.5358,0.0386,1.8089,0.0708,2.072,0.0,0.0,0.0,-0.1518,25.0,25.0,38.0,37.0,14.0,0.0,0.0,0.0,0.0,41.1365,0.0,41.1874,0.0,0.0
8902.0,1.7442,0.093,1.0,0.0793,1.2004,2.0559,1.0559,2.1857,1.1857,26.6474,2.0659,26.3637,2.0545,100.0,0.0,0.0,0.0,24.875,0.0,26.125,0.0,26.125,0.0,25.125,10.0,0.0,0.0083,52.5048,5.2505,2.0,11.676,1.4269,-0.0332,1.36,0.0998,1.3745,2.143e-05,1.1771,0.0001,2.0382,12.0,0.0628,1.0017,0.1779,2.4721,0.0363,1.7823,0.0611,2.0079,0.0,0.0,0.0,-0.1519,25.0,25.0,38.0,37.0,15.0,0.0,0.0,0.0,0.0,41.1366,0.0,41.1868,0.0,0.0
8903.0,1.7447,0.0931,1.0,0.0796,1.2011,2.0558,1.0558,2.1854,1.1854,26.5605,2.0624,26.3701,2.0548,100.0,0.0,0.0,0.0,24.875,0.0,26.125,0.0,26.25,0.0,25.0,10.0,0.0,0.0082,52.505,5.2505,2.0,11.6884,1.4271,-0.0254,1.3609,0.1044,1.375,2.149e-05,1.1777,0.0001,2.0382,12.0,0.0656,1.0018,0.1994,2.5215,0.0334,1.7459,0.0577,1.9831,0.0,0.0,0.0,-0.1515,25.0,25.0,38.0,37.0,14.0,0.0,0.0,0.0,0.0,41.1362,0.0,41.1865,0.0,0.0
8904.0,1.7449,0.0931,1.0,0.0795,1.2008,2.0552,1.0552,2.1853,1.1853,26.6707,2.0668,26.3878,2.0555,100.0,0.0,0.0,0.0,25.0,0.0,26.125,0.0,26.25,0.0,25.125,10.0,0.0,0.0087,52.5049,5.2505,2.0,11.6811,1.427,0.0194,1.3657,0.097,1.3742,2.145e-05,1.1773,0.0001,2.0377,12.0,0.0648,1.0017,0.1642,2.4371,0.0333,1.7438,0.07,2.067,0.0,0.0,0.0,-0.1513,25.0,25.0,38.0,37.0,16.0,0.0,0.0,0.0,0.0,41.1364,0.0,41.1865,0.0,0.0
8905.0,1.7457,0.0932,1.0,0.0795,1.2009,2.0552,1.0552,2.1857,1.1857,26.8218,2.0729,26.3812,2.0552,100.0,0.0,0.0,0.0,24.875,0.0,26.125,0.0,26.125,0.0,25.0,10.0,0.0,0.0074,52.505,5.2505,2.0,11.8748,1.4298,0.0143,1.3652,0.0988,1.3744,2.15e-05,1.1778,0.0001,2.0341,12.0,0.0626,1.0017,0.2529,2.6249,0.0307,1.7093,0.068,2.0545,0.0,0.0,0.0,-0.1514,25.0,25.0,38.0,37.0,12.0,0.0,0.0,0.0,0.0,41.1363,0.0,41.1868,0.0,0.0
8906.0,1.7464,0.0933,1.0,0.0794,1.2006,2.0557,1.0557,2.1859,1.1859,26.7754,2.071,26.3682,2.0547,100.0,0.0,0.0,0.0,25.125,0.0,26.375,0.0,26.25,0.0,25.125,10.0,0.0,0.0087,52.505,5.2505,2.0,11.7242,1.4276,-0.0117,1.3624,0.0944,1.3739,2.142e-05,1.1769,0.0001,2.037,12.0,0.0634,1.0017,0.2274,2.5787,0.0286,1.6781,0.0654,2.0371,0.0,0.0,0.0,-0.1516,25.0,25.0,38.0,37.0,14.0,0.0,0.0,0.0,0.0,41.1365,0.0,41.1869,0.0,0.0
8907.0,1.7469,0.0934,1.0,0.0795,1.2009,2.0558,1.0558,2.1857,1.1857,26.6688,2.0668,26.3607,2.0544,100.0,0.0,0.0,0.0,25.0,0.0,26.25,0.0,26.25,0.0,25.125,10.0,0.0,0.0083,52.5048,5.2505,2.0,11.7488,1.428,0.0283,1.3667,0.0971,1.3742,2.15e-05,1.1779,0.0001,2.0401,12.0,0.0659,1.0018,0.1999,2.5226,0.0294,1.6908,0.0665,2.0444,0.0,0.0,0.0,-0.1514,25.0,25.0,38.0,37.0,14.0,0.0,0.0,0.0,0.0,41.1365,0.0,41.1862,0.0,0.0
8908.0,1.749,0.0936,1.0,0.0794,1.2007,2.0558,1.0558,2.1854,1.1854,26.5598,2.0624,26.3609,2.0544,100.0,0.0,0.0,0.0,25.0,0.0,26.125,0.0,26.125,0.0,25.125,10.0,0.0,0.0086,52.5048,5.2505,2.0,11.8638,1.4297,0.0406,1.3681,0.0927,1.3737,2.142e-05,1.177,0.0001,2.0353,12.0,0.0654,1.0017,0.1891,2.4985,0.0257,1.6311,0.0659,2.0407,0.0,0.0,0.0,-0.1516,25.0,25.0,38.0,37.0,14.0,0.0,0.0,0.0,0.0,41.136,0.0,41.1865,0.0,0.0
8909.0,1.7509,0.0939,1.0,0.0798,1.2017,2.0553,1.0553,2.1854,1.1854,26.6482,2.0659,26.3807,2.0552,100.0,0.0,0.0,0.0,25.0,0.0,26.125,0.0,26.25,0.0,25.0,10.0,0.0,0.0091,52.5047,5.2505,2.0,11.8241,1.4291,0.0365,1.3676,0.0933,1.3738,2.152e-05,1.178,0.0001,2.04,12.0,0.0716,1.0019,0.1772,2.4703,0.0275,1.6619,0.0717,2.0771,0.0,0.0,0.0,-0.1514,25.0,25.0,38.0,37.0,14.0,0.0,0.0,0.0,0.0,41.1364,0.0,41.1868,0.0,0.0
8910.0,1.7509,0.0939,1.0,0.0796,1.2013,2.0551,1.0551,2.1855,1.1855,26.7984,2.0719,26.3782,2.0551,100.0,0.0,0.0,0.0,24.875,0.0,26.125,0.0,26.25,0.0,25.0,10.0,0.0,0.0086,52.5051,5.2505,2.0,11.9548,1.431,0.0747,1.3718,0.0885,1.3733,2.149e-05,1.1777,0.0001,2.042,12.0,0.0744,1.002,0.1816,2.4809,0.0238,1.5988,0.0696,2.0642,0.0,0.0,0.0,-0.1514,25.0,25.0,38.0,37.0,15.0,0.0,0.0,0.0,0.0,41.1359,0.0,41.1868,0.0,0.0
8911.0,1.75,0.0937,1.0,0.0795,1.201,2.0555,1.0555,2.1858,1.1858,26.7929,2.0717,26.3646,2.0546,100.0,0.0,0.0,0.0,24.875,0.0,26.125,0.0,26.125,0.0,25.125,10.0,0.0,0.0086,52.505,5.2505,2.0,11.8303,1.4292,0.0412,1.3681,0.0903,1.3735,2.151e-05,1.1779,0.0001,2.0365,12.0,0.0717,1.0019,0.1489,2.3947,0.0616,2.0112,0.0693,2.0625,0.0,0.0,0.0,-0.1516,25.0,25.0,38.0,37.0,13.0,0.0,0.0,0.0,0.0,41.1362,0.0,41.1863,0.0,0.0
8912.0,1.7488,0.0936,1.0,0.0795,1.201,2.0562,1.0562,2.1857,1.1857,26.6958,2.0678,26.3661,2.0546,100.0,0.0,0.0,0.0,25.0,0.0,26.125,0.0,26.125,0.0,25.0,10.0,0.0,0.0082,52.5048,5.2504,2.0,11.9522,1.431,0.0758,1.3719,0.0856,1.373,2.15e-05,1.1778,0.0001,2.0385,12.0,0.0702,1.0019,0.1598,2.4255,0.0768,2.107,0.0635,2.0245,0.0,0.0,0.0,-0.1515,25.0,25.0,38.0,37.0,13.0,0.0,0.0,0.0,0.0,41.1363,0.0,41.1871,0.0,0.0
8913.0,1.7508,0.0938,1.0,0.0795,1.2009,2.0558,1.0558,2.1855,1.1855,26.5693,2.0628,26.3632,2.0545,100.0,0.0,0.0,0.0,25.0,0.0,26.125,0.0,26.125,0.0,25.125,10.0,0.0,0.0087,52.5048,5.2505,2.0,11.8454,1.4294,0.0191,1.3657,0.0853,1.3729,2.15e-05,1.1778,0.0001,2.0407,12.0,0.0671,1.0018,0.1707,2.4541,0.0722,2.0802,0.0638,2.0269,0.0,0.0,0.0,-0.1517,25.0,25.0,38.0,37.0,14.0,0.0,0.0,0.0,0.0,41.1368,0.0,41.187,0.0,0.0
8914.0,1.7489,0.0936,1.0,0.0795,1.2008,2.0554,1.0554,2.1854,1.1854,26.6223,2.0649,26.3741,2.055,100.0,0.0,0.0,0.0,24.875,0.0,26.125,0.0,26.125,0.0,25.0,10.0,0.0,0.0086,52.505,5.2505,2.0,11.6138,1.426,-0.0882,1.354,0.0811,1.3725,2.148e-05,1.1776,0.0001,2.036,12.0,0.0652,1.0017,0.1643,2.4376,0.0694,2.0632,0.0563,1.9725,0.0,0.0,0.0,-0.1519,25.0,25.0,38.0,37.0,12.0,0.0,0.0,0.0,0.0,41.1364,0.0,41.1871,0.0,0.0
8915.0,1.7499,0.0937,1.0,0.0794,1.2006,2.0552,1.0552,2.1854,1.1854,26.7883,2.0715,26.3796,2.0552,100.0,0.0,0.0,0.0,24.875,0.0,26.0,0.0,26.125,0.0,25.125,10.0,0.0,0.0083,52.5047,5.2504,2.0,11.3138,1.4214,-0.1679,1.3453,0.0815,1.3725,2.15e-05,1.1778,0.0001,2.0417,12.0,0.0623,1.0017,0.143,2.3772,0.0623,2.0163,0.0549,1.9614,0.0,0.0,0.0,-0.1515,25.0,25.0,38.0,37.0,16.0,0.0,0.0,0.0,0.0,41.1365,0.0,41.1864,0.0,0.0
8916.0,1.7506,0.0938,1.0,0.0794,1.2006,2.0555,1.0555,2.1858,1.1858,26.8013,2.0721,26.3673,2.0547,100.0,0.0,0.0,0.0,25.0,0.0,26.125,0.0,26.125,0.0,25.125,10.0,0.0,0.0078,52.5046,5.2505,2.0,11.2723,1.4208,-0.222,1.3394,0.0776,1.3721,2.145e-05,1.1773,0.0001,2.039,12.0,0.0674,1.0018,0.1298,2.3352,0.0614,2.0102,0.0564,1.9732,0.0,0.0,0.0,-0.1517,25.0,25.0,38.0,37.0,14.0,0.0,0.0,0.0,0.0,41.1361,0.0,41.187,0.0,0.0
8917.0,1.7509,0.0939,1.0,0.0793,1.2004,2.0561,1.0561,2.1858,1.1858,26.7072,2.0683,26.3666,2.0547,100.0,0.0,0.0,0.0,24.875,0.0,26.125,0.0,26.125,0.0,25.125,10.0,0.0,0.008,52.5047,5.2505,2.0,11.0883,1.4179,-0.2752,1.3336,0.0789,1.3722,2.152e-05,1.178,0.0001,2.0337,12.0,0.0655,1.0017,0.1217,2.307,0.0572,1.9789,0.0625,2.0176,0.0,0.0,0.0,-0.1514,25.0,25.0,38.0,37.0,14.0,0.0,0.0,0.0,0.0,41.1367,0.0,41.1867,0.0,0.0
8918.0,1.7509,0.0939,1.0,0.0795,1.2008,2.0558,1.0558,2.1856,1.1856,26.5699,2.0628,26.3641,2.0546,100.0,0.0,0.0,0.0,25.0,0.0,26.25,0.0,26.125,0.0,25.125,10.0,0.0,0.0075,52.5044,5.2505,2.0,11.0215,1.4169,-0.2404,1.3374,0.0758,1.3719,2.146e-05,1.1774,0.0001,2.0408,12.0,0.0632,1.0017,0.1259,2.3219,0.057,1.9776,0.0611,2.008,0.0,0.0,0.0,-0.1514,25.0,25.0,38.0,37.0,13.0,0.0,0.0,0.0,0.0,41.1361,0.0,41.1864,0.0,0.0
8919.0,1.7509,0.0939,1.0,0.0791,1.1997,2.0555,1.0555,2.1857,1.1857,26.5924,2.0637,26.3808,2.0552,100.0,0.0,0.0,0.0,24.875,0.0,26.0,0.0,26.25,0.0,25.125,10.0,0.0,0.0078,52.5046,5.2505,2.0,11.1263,1.4185,-0.1797,1.344,0.0746,1.3718,2.148e-05,1.1776,0.0001,2.0402,12.0,0.0622,1.0017,0.1175,2.292,0.0538,1.9524,0.0567,1.9755,0.0,0.0,0.0,-0.1514,25.0,25.0,38.0,37.0,12.0,0.0,0.0,0.0,0.0,41.1364,0.0,41.1868,0.0,0.0
8920.0,1.7508,0.0938,1.0,0.0794,1.2006,2.0552,1.0552,2.1853,1.1853,26.754,2.0702,26.3828,2.0553,100.0,0.0,0.0,0.0,25.0,0.0,26.0,0.0,26.125,0.0,25.125,10.0,0.0,0.0082,52.5049,5.2505,2.0,11.2842,1.421,-0.1333,1.3491,0.07,1.3713,2.149e-05,1.1777,0.0001,2.0349,12.0,0.0632,1.0017,0.1058,2.2464,0.0536,1.9507,0.0573,1.9802,0.0,0.0,0.0,-0.1517,25.0,25.0,38.0,37.0,13.0,0.0,0.0,0.0,0.0,41.1362,0.0,41.1864,0.0,0.0
8921.0,1.7488,0.0936,1.0,0.0794,1.2007,2.0555,1.0555,2.1858,1.1858,26.8063,2.0723,26.3694,2.0548,100.0,0.0,0.0,0.0,24.875,0.0,26.125,0.0,26.25,0.0,25.0,10.0,0.0,0.0087,52.5051,5.2505,2.0,11.2524,1.4205,-0.0759,1.3554,0.0716,1.3714,2.152e-05,1.1781,0.0001,2.0402,12.0,0.0633,1.0017,0.2032,2.5298,0.0438,1.8633,0.0542,1.9558,0.0,0.0,0.0,-0.1516,25.0,25.0,38.0,37.0,12.0,0.0,0.0,0.0,0.0,41.1369,0.0,41.1871,0.0,0.0
8922.0,1.7478,0.0935,1.0,0.0796,1.2012,2.0559,1.0559,2.1857,1.1857,26.7323,2.0693,26.3664,2.0547,100.0,0.0,0.0,0.0,25.0,0.0,26.125,0.0,26.125,0.0,25.125,10.0,0.0,0.0088,52.5049,5.2505,2.0,11.3523,1.422,-0.0948,1.3533,0.0676,1.371,2.148e-05,1.1776,0.0001,2.0397,12.0,0.0668,1.0018,0.156,2.415,0.0498,1.9195,0.0542,1.9559,0.0,0.0,0.0,-0.1518,25.0,25.0,38.0,37.0,13.0,0.0,0.0,0.0,0.0,41.136,0.0,41.1866,0.0,0.0
8923.0,1.7466,0.0933,1.0,0.0795,1.2008,2.0562,1.0562,2.1856,1.1856,26.6086,2.0643,26.3637,2.0545,100.0,0.0,0.0,0.0,25.0,0.0,26.125,0.0,26.25,0.0,25.125,10.0,0.0,0.0082,52.5047,5.2505,2.0,11.3758,1.4224,-0.0707,1.3559,0.0705,1.3713,2.151e-05,1.1779,0.0001,2.0386,12.0,0.0676,1.0018,0.1634,2.435,0.0384,1.8067,0.0643,2.0298,0.0,0.0,0.0,-0.1515,26.0,25.0,38.0,37.0,14.0,0.0,0.0,0.0,0.0,41.1357,0.0,41.1866,0.0,0.0
8924.0,1.743,0.0929,1.0,0.0796,1.2012,2.0556,1.0556,2.1854,1.1854,26.6084,2.0643,26.3804,2.0552,100.0,0.0,0.0,0.0,25.0,0.0,26.125,0.0,26.125,0.0,25.125,10.0,0.0,0.0088,52.5048,5.2505,2.0,11.4006,1.4228,-0.0706,1.3559,0.0704,1.3713,2.151e-05,1.1779,0.0001,2.0401,12.0,0.0704,1.0019,0.1303,2.3367,0.0413,1.838,0.0605,2.0033,0.0,0.0,0.0,-0.1517,26.0,25.0,38.0,37.0,13.0,0.0,0.0,0.0,0.0,41.136,0.0,41.1863,0.0,0.0
8925.0,1.7446,0.0931,1.0,0.0798,1.2017,2.0552,1.0552,2.1853,1.1853,26.7653,2.0706,26.3908,2.0556,100.0,0.0,0.0,0.0,24.875,0.0,26.125,0.0,26.125,0.0,25.125,10.0,0.0,0.0085,52.5047,5.2505,2.0,11.4785,1.424,-0.0268,1.3607,0.0687,1.3711,2.154e-05,1.1783,0.0001,2.0356,12.0,0.0721,1.0019,0.1684,2.4483,0.0379,1.8009,0.0744,2.0932,0.0,0.0,0.0,-0.1513,26.0,25.0,38.0,37.0,13.0,0.0,0.0,0.0,0.0,41.1358,0.0,41.1864,0.0,0.0
8926.0,1.7446,0.0931,1.0,0.0795,1.2007,2.0558,1.0558,2.1858,1.1858,26.8177,2.0727,26.3813,2.0553,100.0,0.0,0.0,0.0,24.875,0.0,26.125,0.0,26.125,0.0,25.0,10.0,0.0,0.008,52.5047,5.2505,2.0,11.4806,1.424,-0.0006,1.3636,0.0665,1.3709,2.148e-05,1.1776,0.0001,2.0394,12.0,0.0698,1.0019,0.1506,2.3998,0.0889,2.1707,0.0737,2.0895,0.0,0.0,0.0,-0.1517,26.0,25.0,38.0,37.0,13.0,0.0,0.0,0.0,0.0,41.1362,0.0,41.1864,0.0,0.0
8927.0,1.7436,0.0929,1.0,0.0796,1.2012,2.0559,1.0559,2.1857,1.1857,26.731,2.0692,26.3667,2.0547,100.0,0.0,0.0,0.0,25.0,0.0,26.125,0.0,26.125,0.0,25.0,10.0,0.0,0.008,52.5045,5.2504,2.0,11.6759,1.4269,0.0722,1.3715,0.0658,1.3708,2.154e-05,1.1783,0.0001,2.0402,12.0,0.0716,1.0019,0.1392,2.3656,0.0927,2.189,0.0635,2.0246,0.0,0.0,0.0,-0.1514,25.0,25.0,38.0,37.0,13.0,0.0,0.0,0.0,0.0,41.136,0.0,41.1868,0.0,0.0
8928.0,1.7428,0.0929,1.0,0.0796,1.2013,2.0558,1.0558,2.1857,1.1857,26.6186,2.0647,26.3594,2.0544,100.0,0.0,0.0,0.0,24.875,0.0,26.125,0.0,26.125,0.0,25.125,10.0,0.0,0.0079,52.5048,5.2505,2.0,11.7148,1.4275,0.0741,1.3717,0.0645,1.3707,2.15e-05,1.1778,0.0001,2.0339,12.0,0.0713,1.0019,0.1219,2.308,0.0778,2.1131,0.0634,2.0242,0.0,0.0,0.0,-0.1515,25.0,25.0,38.0,37.0,13.0,0.0,0.0,0.0,0.0,41.1365,0.0,41.1871,0.0,0.0
8929.0,1.7447,0.0931,1.0,0.0797,1.2014,2.0558,1.0558,2.1854,1.1854,26.5723,2.0629,26.3726,2.0549,100.0,0.0,0.0,0.0,25.0,0.0,26.125,0.0,26.125,0.0,25.0,10.0,0.0,0.0087,52.5049,5.2505,2.0,11.6687,1.4268,0.0445,1.3685,0.0697,1.3712,2.161e-05,1.179,0.0001,2.0403,12.0,0.0711,1.0019,0.103,2.2345,0.0866,2.1594,0.0603,2.002,0.0,0.0,0.0,-0.1514,25.0,25.0,38.0,37.0,13.0,0.0,0.0,0.0,0.0,41.1366,0.0,41.1872,0.0,0.0
8930.0,1.747,0.0934,1.0,0.0795,1.2009,2.0552,1.0552,2.1853,1.1853,26.6929,2.0677,26.3873,2.0555,100.0,0.0,0.0,0.0,24.875,0.0,26.125,0.0,26.125,0.0,25.125,10.0,0.0,0.0077,52.5048,5.2505,2.0,11.7271,1.4277,0.0863,1.3731,0.0658,1.3708,2.152e-05,1.178,0.0001,2.0404,12.0,0.0684,1.0018,0.1024,2.2319,0.0765,2.1055,0.0643,2.0301,0.0,0.0,0.0,-0.1512,25.0,25.0,38.0,37.0,16.0,0.0,0.0,0.0,0.0,41.137,0.0,41.1865,0.0,0.0
8931.0,1.7468,0.0933,1.0,0.0794,1.2006,2.0552,1.0552,2.1857,1.1857,26.8165,2.0727,26.3806,2.0552,100.0,0.0,0.0,0.0,24.875,0.0,26.125,0.0,26.125,0.0,25.0,10.0,0.0,0.0077,52.505,5.2505,2.0,11.8919,1.4301,0.1386,1.3788,0.0655,1.3708,2.161e-05,1.179,0.0001,2.0375,12.0,0.067,1.0018,0.1139,2.2783,0.0742,2.0924,0.0523,1.9403,0.0,0.0,0.0,-0.1516,25.0,25.0,38.0,37.0,14.0,0.0,0.0,0.0,0.0,41.1362,0.0,41.1865,0.0,0.0
8932.0,1.7458,0.0932,1.0,0.0794,1.2006,2.0561,1.0561,2.1854,1.1854,26.765,2.0706,26.3686,2.0547,100.0,0.0,0.0,0.0,25.0,0.0,26.0,0.0,26.25,0.0,25.0,10.0,0.0,0.0081,52.5046,5.2504,2.0,11.8177,1.429,0.0477,1.3688,0.0619,1.3704,2.15e-05,1.1779,0.0001,2.0429,12.0,0.066,1.0018,0.1208,2.304,0.0765,2.1056,0.0663,2.0435,0.0,0.0,0.0,-0.1515,25.0,25.0,38.0,37.0,13.0,0.0,0.0,0.0,0.0,41.136,0.0,41.1861,0.0,0.0
8933.0,1.744,0.093,1.0,0.0793,1.2002,2.0562,1.0562,2.1855,1.1855,26.6215,2.0649,26.3739,2.055,100.0,0.0,0.0,0.0,25.0,0.0,26.125,0.0,26.125,0.0,25.0,10.0,0.0,0.0083,52.5048,5.2504,2.0,11.5054,1.4244,-0.0324,1.3601,0.0598,1.3702,2.154e-05,1.1782,0.0001,2.0371,12.0,0.0627,1.0017,0.1051,2.2434,0.0617,2.0119,0.0651,2.0351,0.0,0.0,0.0,-0.1516,25.0,25.0,38.0,37.0,13.0,0.0,0.0,0.0,0.0,41.1363,0.0,41.1863,0.0,0.0
8934.0,1.7437,0.093,1.0,0.0793,1.2002,2.0562,1.0562,2.1854,1.1854,26.5629,2.0625,26.3832,2.0553,100.0,0.0,0.0,0.0,25.0,0.0,26.125,0.0,26.125,0.0,25.125,10.0,0.0,0.0081,52.5046,5.2504,2.0,11.4201,1.4231,-0.0451,1.3587,0.0602,1.3702,2.153e-05,1.1782,0.0001,2.0395,12.0,0.0626,1.0017,0.0887,2.1699,0.064,2.0281,0.0607,2.0052,0.0,0.0,0.0,-0.1513,25.0,25.0,38.0,37.0,13.0,0.0,0.0,0.0,0.0,41.1363,0.0,41.1869,0.0,0.0
8935.0,1.7436,0.093,1.0,0.0793,1.2003,2.0552,1.0552,2.1853,1.1853,26.6975,2.0679,26.3901,2.0556,100.0,0.0,0.0,0.0,25.0,0.0,26.125,0.0,26.5,0.0,25.125,10.0,0.0,0.0085,52.5047,5.2505,2.0,11.5059,1.4244,0.0155,1.3653,0.0578,1.3699,2.156e-05,1.1785,0.0001,2.0426,12.0,0.0613,1.0016,0.0963,2.2055,0.0576,1.9824,0.0597,1.9979,0.0,0.0,0.0,-0.1517,25.0,25.0,38.0,37.0,13.0,0.0,0.0,0.0,0.0,41.1366,0.0,41.1868,0.0,0.0
8936.0,1.7447,0.0931,1.0,0.0793,1.2004,2.0556,1.0556,2.1857,1.1857,26.8177,2.0727,26.3812,2.0552,100.0,0.0,0.0,0.0,24.875,0.0,26.25,0.0,26.125,0.0,25.125,10.0,0.0,0.0084,52.5047,5.2505,2.0,11.7299,1.4277,0.0966,1.3742,0.0602,1.3702,2.157e-05,1.1785,0.0001,2.038,12.0,0.0644,1.0017,0.0846,2.149,0.0556,1.9669,0.059,1.993,0.0,0.0,0.0,-0.1515,25.0,25.0,38.0,37.0,14.0,0.0,0.0,0.0,0.0,41.1368,0.0,41.1867,0.0,0.0
8937.0,1.7467,0.0933,1.0,0.0795,1.2009,2.0561,1.0561,2.1854,1.1854,26.7661,2.0706,26.3788,2.0552,100.0,0.0,0.0,0.0,25.0,0.0,26.125,0.0,26.125,0.0,25.125,10.0,0.0,0.0082,52.5047,5.2505,2.0,11.9768,1.4313,0.2334,1.3891,0.0577,1.3699,2.158e-05,1.1787,0.0001,2.0458,12.0,0.0666,1.0018,0.0834,2.1428,0.0513,1.9319,0.053,1.9464,0.0,0.0,0.0,-0.1514,25.0,25.0,38.0,37.0,13.0,0.0,0.0,0.0,0.0,41.1366,0.0,41.1872,0.0,0.0
8938.0,1.7468,0.0933,1.0,0.0794,1.2005,2.0562,1.0562,2.1857,1.1857,26.649,2.066,26.3642,2.0546,100.0,0.0,0.0,0.0,25.0,0.0,26.125,0.0,26.125,0.0,25.125,10.0,0.0,0.008,52.5048,5.2505,2.0,12.2365,1.4351,0.2734,1.3935,0.0639,1.3706,2.165e-05,1.1794,0.0001,2.0425,12.0,0.0628,1.0017,0.0678,2.0532,0.0498,1.9195,0.0538,1.9529,0.0,0.0,0.0,-0.1516,25.0,25.0,38.0,37.0,14.0,0.0,0.0,0.0,0.0,41.1371,0.0,41.1873,0.0,0.0
8939.0,1.7497,0.0937,1.0,0.0793,1.2004,2.0558,1.0558,2.1854,1.1854,26.5471,2.0619,26.3678,2.0547,100.0,0.0,0.0,0.0,25.0,0.0,26.125,0.0,26.125,0.0,25.0,10.0,0.0,0.0081,52.5046,5.2505,2.0,12.1749,1.4342,0.23,1.3887,0.0546,1.3696,2.155e-05,1.1784,0.0001,2.0372,12.0,0.0611,1.0016,0.0704,2.0692,0.0501,1.9218,0.0455,1.8802,0.0,0.0,0.0,-0.1516,25.0,25.0,38.0,37.0,15.0,0.0,0.0,0.0,0.0,41.1367,0.0,41.1868,0.0,0.0
8940.0,1.7508,0.0938,1.0,0.0792,1.2,2.0553,1.0553,2.1853,1.1853,26.6634,2.0665,26.3881,2.0555,100.0,0.0,0.0,0.0,25.0,0.0,26.125,0.0,26.125,0.0,25.125,10.0,0.0,0.0085,52.5046,5.2505,2.0,12.2059,1.4346,0.2499,1.3909,0.0613,1.3703,2.165e-05,1.1794,0.0001,2.045,12.0,0.0622,1.0017,0.0737,2.089,0.0427,1.8526,0.0618,2.0129,0.0,0.0,0.0,-0.1515,25.0,25.0,38.0,37.0,12.0,0.0,0.0,0.0,0.0,41.1368,0.0,41.1868,0.0,0.0
8941.0,1.7491,0.0936,1.0,0.0793,1.2004,2.0556,1.0556,2.1856,1.1856,26.8109,2.0724,26.3845,2.0554,100.0,0.0,0.0,0.0,25.0,0.0,26.125,0.0,26.125,0.0,25.125,10.0,0.0,0.0086,52.5049,5.2505,2.0,12.224,1.4349,0.2576,1.3917,0.0519,1.3693,2.159e-05,1.1788,0.0001,2.0424,12.0,0.0603,1.0016,0.07,2.0672,0.0385,1.8077,0.063,2.0212,0.0,0.0,0.0,-0.1515,25.0,25.0,38.0,37.0,12.0,0.0,0.0,0.0,0.0,41.1358,0.0,41.1867,0.0,0.0
8942.0,1.7481,0.0935,1.0,0.0793,1.2003,2.0556,1.0556,2.1856,1.1856,26.7846,2.0714,26.3708,2.0548,100.0,0.0,0.0,0.0,25.0,0.0,26.25,0.0,26.125,0.0,25.125,10.0,0.0,0.0088,52.5051,5.2505,2.0,12.3335,1.4364,0.2855,1.3948,0.0505,1.3691,2.153e-05,1.1782,0.0001,2.0431,12.0,0.0627,1.0017,0.0624,2.0174,0.0407,1.8315,0.0545,1.9585,0.0,0.0,0.0,-0.1514,25.0,25.0,38.0,37.0,15.0,0.0,0.0,0.0,0.0,41.1363,0.0,41.1864,0.0,0.0
8943.0,1.7471,0.0934,1.0,0.0795,1.201,2.0558,1.0558,2.1857,1.1857,26.6651,2.0666,26.3644,2.0546,100.0,0.0,0.0,0.0,24.875,0.0,26.125,0.0,26.125,0.0,25.125,10.0,0.0,0.0081,52.5047,5.2505,2.0,12.6526,1.4409,0.3597,1.4029,0.0507,1.3692,2.158e-05,1.1787,0.0001,2.0437,12.0,0.0637,1.0017,0.1107,2.266,0.0375,1.7958,0.0572,1.9796,0.0,0.0,0.0,-0.1512,25.0,25.0,38.0,37.0,16.0,0.0,0.0,0.0,0.0,41.1362,0.0,41.1862,0.0,0.0
8944.0,1.7435,0.0929,1.0,0.0795,1.2009,2.056,1.056,2.1855,1.1855,26.5527,2.0621,26.3696,2.0548,100.0,0.0,0.0,0.0,25.0,0.0,26.125,0.0,26.125,0.0,25.0,10.0,0.0,0.0081,52.5045,5.2505,2.0,12.5134,1.4389,0.2915,1.3954,0.0566,1.3698,2.163e-05,1.1792,0.0001,2.0415,12.0,0.0644,1.0017,0.1098,2.2626,0.0346,1.7614,0.0734,2.0874,0.0,0.0,0.0,-0.1516,25.0,25.0,38.0,37.0,14.0,0.0,0.0,0.0,0.0,41.1367,0.0,41.1869,0.0,0.0
8945.0,1.7431,0.0929,1.0,0.0796,1.2011,2.0558,1.0558,2.1854,1.1854,26.6372,2.0655,26.3892,2.0556,100.0,0.0,0.0,0.0,25.0,0.0,26.125,0.0,26.25,0.0,25.125,10.0,0.0,0.0083,52.5049,5.2505,2.0,12.4378,1.4379,0.2432,1.3902,0.0516,1.3693,2.157e-05,1.1786,0.0001,2.0357,12.0,0.0642,1.0017,0.1322,2.3431,0.0329,1.739,0.0626,2.0186,0.0,0.0,0.0,-0.1515,25.0,25.0,38.0,37.0,14.0,0.0,0.0,0.0,0.0,41.1366,0.0,41.1866,0.0,0.0
8946.0,1.7439,0.093,1.0,0.0796,1.2012,2.0555,1.0555,2.1851,1.1851,26.7982,2.0719,26.3929,2.0557,100.0,0.0,0.0,0.0,25.0,0.0,26.0,0.0,26.125,0.0,25.125,10.0,0.0,0.0076,52.5047,5.2504,2.0,12.3512,1.4367,0.2199,1.3876,0.0543,1.3696,2.164e-05,1.1794,0.0001,2.0427,12.0,0.065,1.0017,0.1284,2.3304,0.0335,1.7463,0.0592,1.9945,0.0,0.0,0.0,-0.1516,25.0,25.0,38.0,37.0,13.0,0.0,0.0,0.0,0.0,41.1366,0.0,41.187,0.0,0.0
8947.0,1.7457,0.0932,1.0,0.0795,1.2008,2.0556,1.0556,2.1858,1.1858,26.7933,2.0717,26.3718,2.0549,100.0,0.0,0.0,0.0,25.0,0.0,26.0,0.0,26.125,0.0,25.0,10.0,0.0,0.0086,52.5052,5.2505,2.0,12.4379,1.4379,0.2623,1.3923,0.0523,1.3693,2.156e-05,1.1785,0.0001,2.041,12.0,0.0651,1.0017,0.1012,2.2272,0.0284,1.6758,0.08,2.125,0.0,0.0,0.0,-0.1517,25.0,25.0,38.0,37.0,13.0,0.0,0.0,0.0,0.0,41.1366,0.0,41.1868,0.0,0.0
8948.0,1.7454,0.0932,1.0,0.0795,1.201,2.056,1.056,2.1857,1.1857,26.6894,2.0676,26.3662,2.0546,100.0,0.0,0.0,0.0,24.875,0.0,26.125,0.0,26.25,0.0,25.125,10.0,0.0,0.0086,52.5048,5.2505,2.0,12.6667,1.4411,0.2986,1.3962,0.0554,1.3697,2.169e-05,1.1799,0.0001,2.0415,12.0,0.0645,1.0017,0.0969,2.2084,0.0302,1.7014,0.0589,1.9922,0.0,0.0,0.0,-0.1512,25.0,25.0,38.0,37.0,15.0,0.0,0.0,0.0,0.0,41.1368,0.0,41.1869,0.0,0.0
8949.0,1.7437,0.093,1.0,0.079,1.1996,2.0562,1.0562,2.1853,1.1853,26.5894,2.0636,26.372,2.0549,100.0,0.0,0.0,0.0,25.125,0.0,26.125,0.0,26.125,0.0,25.125,10.0,0.0,0.0083,52.5048,5.2504,2.0,12.5964,1.4401,0.2452,1.3904,0.0477,1.3688,2.161e-05,1.179,0.0001,2.0412,12.0,0.0636,1.0017,0.1051,2.2436,0.0319,1.7254,0.0659,2.0405,0.0,0.0,0.0,-0.1516,25.0,25.0,38.0,37.0,16.0,0.0,0.0,0.0,0.0,41.1368,0.0,41.1871,0.0,0.0
8950.0,1.7416,0.0927,1.0,0.0795,1.2008,2.0558,1.0558,2.1849,1.1849,26.6313,2.0653,26.3935,2.0557,100.0,0.0,0.0,0.0,25.0,0.0,26.125,0.0,26.125,0.0,25.0,10.0,0.0,0.0085,52.5049,5.2505,2.0,12.345,1.4366,0.1718,1.3824,0.0527,1.3694,2.168e-05,1.1798,0.0001,2.039,12.0,0.0612,1.0016,0.1025,2.2328,0.0239,1.5996,0.0667,2.0457,0.0,0.0,0.0,-0.1518,25.0,25.0,38.0,37.0,14.0,0.0,0.0,0.0,0.0,41.1362,0.0,41.1867,0.0,0.0
8951.0,1.7406,0.0926,1.0,0.0794,1.2005,2.0555,1.0555,2.1854,1.1854,26.774,2.071,26.3902,2.0556,100.0,0.0,0.0,0.0,25.0,0.0,26.125,0.0,26.125,0.0,25.0,10.0,0.0,0.0083,52.5049,5.2505,2.0,12.3939,1.4373,0.1236,1.3771,0.0459,1.3686,2.16e-05,1.1789,0.0001,2.0354,12.0,0.0612,1.0016,0.0712,2.0742,0.0271,1.6542,0.0586,1.99,0.0,0.0,0.0,-0.1516,25.0,25.0,38.0,37.0,13.0,0.0,0.0,0.0,0.0,41.1366,0.0,41.1867,0.0,0.0
8952.0,1.7422,0.0928,1.0,0.0794,1.2006,2.0554,1.0554,2.1858,1.1858,26.8113,2.0725,26.3761,2.055,100.0,0.0,0.0,0.0,24.875,0.0,26.125,0.0,26.125,0.0,25.125,10.0,0.0,0.0085,52.5047,5.2505,2.0,12.1481,1.4338,0.0457,1.3686,0.052,1.3693,2.166e-05,1.1796,0.0001,2.039,12.0,0.063,1.0017,0.093,2.1903,0.0238,1.5979,0.0606,2.0044,0.0,0.0,0.0,-0.1514,25.0,25.0,38.0,37.0,13.0,0.0,0.0,0.0,0.0,41.1368,0.0,41.1862,0.0,0.0
8953.0,1.7431,0.0929,1.0,0.0794,1.2005,2.0557,1.0557,2.1856,1.1856,26.7278,2.0691,26.3675,2.0547,100.0,0.0,0.0,0.0,25.0,0.0,26.0,0.0,26.125,0.0,25.0,10.0,0.0,0.0081,52.5049,5.2505,2.0,12.0528,1.4324,0.0703,1.3713,0.0479,1.3689,2.162e-05,1.1791,0.0001,2.0413,12.0,0.0625,1.0017,0.1437,2.3793,0.0257,1.6314,0.054,1.9539,0.0,0.0,0.0,-0.1513,25.0,25.0,38.0,37.0,13.0,0.0,0.0,0.0,0.0,41.1362,0.0,41.1864,0.0,0.0
8954.0,1.7445,0.0931,1.0,0.0796,1.2012,2.0561,1.0561,2.1856,1.1856,26.5815,2.0633,26.3639,2.0546,100.0,0.0,0.0,0.0,25.0,0.0,26.0,0.0,26.125,0.0,25.0,10.0,0.0,0.0084,52.5048,5.2505,2.0,12.0465,1.4323,-0.0101,1.3625,0.0494,1.369,2.167e-05,1.1797,0.0001,2.0401,12.0,0.0653,1.0017,0.1286,2.3311,0.0225,1.5738,0.0534,1.9491,0.0,0.0,0.0,-0.1514,25.0,25.0,38.0,37.0,15.0,0.0,0.0,0.0,0.0,41.136,0.0,41.1864,0.0,0.0
8955.0,1.7437,0.093,1.0,0.0795,1.201,2.0557,1.0557,2.1854,1.1854,26.5914,2.0637,26.3815,2.0553,100.0,0.0,0.0,0.0,25.0,0.0,26.125,0.0,26.125,0.0,25.125,10.0,0.0,0.0087,52.505,5.2505,2.0,11.9515,1.431,-0.0025,1.3634,0.0485,1.3689,2.161e-05,1.1791,0.0001,2.0427,12.0,0.0637,1.0017,0.1524,2.4047,0.0217,1.5583,0.0544,1.9572,0.0,0.0,0.0,-0.1519,25.0,25.0,38.0,37.0,13.0,0.0,0.0,0.0,0.0,41.136,0.0,41.1867,0.0,0.0
8956.0,1.7422,0.0928,1.0,0.0796,1.2011,2.0555,1.0555,2.1853,1.1853,26.763,2.0705,26.3901,2.0556,100.0,0.0,0.0,0.0,25.0,0.0,26.125,0.0,26.125,0.0,25.0,10.0,0.0,0.0086,52.5047,5.2504,2.0,12.0807,1.4328,0.0447,1.3685,0.0489,1.369,2.17e-05,1.18,0.0001,2.0378,12.0,0.0664,1.0018,0.1189,2.297,0.0173,1.459,0.0646,2.0324,0.0,0.0,0.0,-0.1516,25.0,25.0,38.0,37.0,12.0,0.0,0.0,0.0,0.0,41.1365,0.0,41.1863,0.0,0.0
8957.0,1.7416,0.0927,1.0,0.0796,1.2012,2.0554,1.0554,2.1858,1.1858,26.8114,2.0725,26.3759,2.055,100.0,0.0,0.0,0.0,24.875,0.0,26.125,0.0,26.25,0.0,25.25,10.0,0.0,0.0085,52.5049,5.2505,2.0,12.0413,1.4323,0.0148,1.3653,0.0458,1.3686,2.16e-05,1.1789,0.0001,2.0424,12.0,0.0654,1.0017,0.174,2.4624,0.0191,1.5029,0.0566,1.9748,0.0,0.0,0.0,-0.1515,25.0,25.0,38.0,37.0,15.0,0.0,0.0,0.0,0.0,41.1363,0.0,41.1865,0.0,0.0
8958.0,1.744,0.093,1.0,0.0794,1.2005,2.0557,1.0557,2.1857,1.1857,26.7263,2.0691,26.3664,2.0547,100.0,0.0,0.0,0.0,24.875,0.0,26.125,0.0,26.25,0.0,25.0,10.0,0.0,0.0085,52.5048,5.2505,2.0,12.0634,1.4326,0.0562,1.3698,0.0469,1.3688,2.17e-05,1.18,0.0001,2.0416,12.0,0.0636,1.0017,0.1728,2.4595,0.0171,1.4544,0.0606,2.0045,0.0,0.0,0.0,-0.1516,25.0,25.0,38.0,37.0,14.0,0.0,0.0,0.0,0.0,41.1364,0.0,41.1866,0.0,0.0
8959.0,1.7475,0.0934,1.0,0.0796,1.201,2.0558,1.0558,2.1856,1.1856,26.6184,2.0647,26.3577,2.0543,100.0,0.0,0.0,0.0,25.0,0.0,26.125,0.0,26.125,0.0,25.125,10.0,0.0,0.008,52.5048,5.2504,2.0,12.0628,1.4326,0.0301,1.3669,0.0435,1.3684,2.16e-05,1.1789,0.0001,2.0396,12.0,0.0649,1.0017,0.1749,2.4645,0.0172,1.4571,0.067,2.0479,0.0,0.0,0.0,-0.1517,25.0,25.0,38.0,37.0,15.0,0.0,0.0,0.0,0.0,41.1361,0.0,41.1865,0.0,0.0
8960.0,1.7488,0.0936,1.0,0.0793,1.2003,2.0557,1.0557,2.1854,1.1854,26.5709,2.0628,26.375,2.055,100.0,0.0,0.0,0.0,25.0,0.0,26.125,0.0,26.125,0.0,25.0,10.0,0.0,0.0083,52.5045,5.2504,2.0,12.123,1.4334,0.0718,1.3715,0.0465,1.3687,2.17e-05,1.18,0.0001,2.0408,12.0,0.0634,1.0017,0.1406,2.3698,0.0169,1.4496,0.0657,2.0393,0.0,0.0,0.0,-0.1515,25.0,25.0,38.0,37.0,14.0,0.0,0.0,0.0,0.0,41.1366,0.0,41.1866,0.0,0.0
8961.0,1.7488,0.0936,1.0,0.0792,1.2,2.0556,1.0556,2.1853,1.1853,26.7264,2.0691,26.3903,2.0556,100.0,0.0,0.0,0.0,25.0,0.0,26.125,0.0,26.125,0.0,25.125,10.0,0.0,0.0085,52.5045,5.2505,2.0,12.1157,1.4333,0.0536,1.3695,0.0398,1.368,2.158e-05,1.1787,0.0001,2.0427,12.0,0.061,1.0016,0.1479,2.3917,0.0159,1.424,0.0663,2.0437,0.0,0.0,0.0,-0.1517,25.0,25.0,38.0,37.0,16.0,0.0,0.0,0.0,0.0,41.1363,0.0,41.1863,0.0,0.0
8962.0,1.7478,0.0935,1.0,0.0792,1.2002,2.0557,1.0557,2.1857,1.1857,26.8078,2.0723,26.3794,2.0552,100.0,0.0,0.0,0.0,25.0,0.0,26.125,0.0,26.25,0.0,25.0,10.0,0.0,0.0082,52.5045,5.2505,2.0,12.287,1.4358,0.1298,1.3778,0.0408,1.3681,2.165e-05,1.1795,0.0001,2.0377,12.0,0.061,1.0016,0.1631,2.4343,0.0152,1.405,0.0634,2.024,0.0,0.0,0.0,-0.1515,25.0,25.0,38.0,37.0,14.0,0.0,0.0,0.0,0.0,41.1362,0.0,41.1866,0.0,0.0
8963.0,1.7497,0.0937,1.0,0.0794,1.2007,2.0558,1.0558,2.1857,1.1857,26.7418,2.0697,26.3681,2.0547,100.0,0.0,0.0,0.0,25.0,0.0,26.125,0.0,26.125,0.0,25.0,10.0,0.0,0.0089,52.5046,5.2505,2.0,12.4724,1.4384,0.1774,1.383,0.0387,1.3679,2.158e-05,1.1787,0.0001,2.0403,12.0,0.0619,1.0017,0.1338,2.3483,0.0135,1.3517,0.058,1.985,0.0,0.0,0.0,-0.1515,25.0,25.0,38.0,37.0,13.0,0.0,0.0,0.0,0.0,41.1364,0.0,41.1869,0.0,0.0
8964.0,1.7521,0.094,1.0,0.0792,1.2002,2.0554,1.0554,2.1861,1.1861,26.6499,2.066,26.3553,2.0542,100.0,0.0,0.0,0.0,25.0,0.0,26.25,0.0,26.125,0.0,25.125,10.0,0.0,0.0083,52.5045,5.2504,2.0,12.4339,1.4378,0.1989,1.3853,0.0457,1.3686,2.17e-05,1.18,0.0001,2.0427,12.0,0.0607,1.0016,0.1302,2.3366,0.015,1.3965,0.0563,1.972,0.0,0.0,0.0,-0.1517,25.0,25.0,38.0,37.0,15.0,0.0,0.0,0.0,0.0,41.1371,0.0,41.1868,0.0,0.0
8965.0,1.7522,0.094,1.0,0.0793,1.2004,2.0555,1.0555,2.1854,1.1854,26.5618,2.0625,26.362,2.0545,100.0,0.0,0.0,0.0,25.0,0.0,26.125,0.0,26.125,0.0,25.125,10.0,0.0,0.009,52.5045,5.2505,2.0,12.4101,1.4375,0.1252,1.3773,0.0443,1.3685,2.168e-05,1.1797,0.0001,2.0357,12.0,0.0616,1.0016,0.1433,2.3782,0.0126,1.322,0.0744,2.0937,0.0,0.0,0.0,-0.1517,25.0,25.0,38.0,37.0,15.0,0.0,0.0,0.0,0.0,41.1362,0.0,41.1869,0.0,0.0
8966.0,1.752,0.094,1.0,0.0795,1.201,2.0552,1.0552,2.1853,1.1853,26.6759,2.067,26.3884,2.0555,100.0,0.0,0.0,0.0,25.0,0.0,26.125,0.0,26.25,0.0,25.125,10.0,0.0,0.008,52.5045,5.2505,2.0,12.4258,1.4377,0.117,1.3764,0.042,1.3682,2.169e-05,1.1799,0.0001,2.0428,12.0,0.0626,1.0017,0.1123,2.2722,0.0123,1.3133,0.0696,2.0646,0.0,0.0,0.0,-0.1517,25.0,25.0,38.0,37.0,16.0,0.0,0.0,0.0,0.0,41.1363,0.0,41.1864,0.0,0.0
8967.0,1.7509,0.0939,1.0,0.0792,1.2002,2.0554,1.0554,2.1857,1.1857,26.8095,2.0724,26.3801,2.0552,100.0,0.0,0.0,0.0,25.0,0.0,26.0,0.0,26.125,0.0,25.125,10.0,0.0,0.0077,52.5046,5.2505,2.0,12.5318,1.4392,0.1367,1.3785,0.0429,1.3683,2.167e-05,1.1797,0.0001,2.0411,12.0,0.0587,1.0016,0.0994,2.2193,0.0654,2.0377,0.0617,2.0122,0.0,0.0,0.0,-0.1516,25.0,25.0,38.0,37.0,14.0,0.0,0.0,0.0,0.0,41.1359,0.0,41.1865,0.0,0.0
8968.0,1.7491,0.0936,1.0,0.0794,1.2007,2.0557,1.0557,2.1857,1.1857,26.7658,2.0706,26.3684,2.0547,100.0,0.0,0.0,0.0,25.0,0.0,26.125,0.0,26.125,0.0,25.125,10.0,0.0,0.0087,52.5045,5.2504,2.0,12.4562,1.4382,0.1296,1.3778,0.0398,1.368,2.166e-05,1.1795,0.0001,2.0422,12.0,0.0626,1.0017,0.1152,2.2833,0.0664,2.0443,0.062,2.0143,0.0,0.0,0.0,-0.1516,25.0,25.0,38.0,37.0,13.0,0.0,0.0,0.0,0.0,41.1361,0.0,41.1862,0.0,0.0
8969.0,1.7489,0.0936,1.0,0.0791,1.1997,2.0558,1.0558,2.1857,1.1857,26.6787,2.0671,26.3574,2.0543,100.0,0.0,0.0,0.0,25.0,0.0,26.125,0.0,26.125,0.0,25.125,10.0,0.0,0.0084,52.5044,5.2504,2.0,12.4463,1.438,0.185,1.3838,0.0386,1.3678,2.161e-05,1.179,0.0001,2.0446,12.0,0.0637,1.0017,0.1055,2.2451,0.0553,1.9644,0.0574,1.9806,0.0,0.0,0.0,-0.1516,25.0,25.0,38.0,37.0,14.0,0.0,0.0,0.0,0.0,41.1372,0.0,41.1867,0.0,0.0
8970.0,1.7492,0.0937,1.0,0.0796,1.2011,2.0557,1.0557,2.1854,1.1854,26.5612,2.0624,26.3683,2.0547,100.0,0.0,0.0,0.0,25.0,0.0,26.125,0.0,26.125,0.0,25.0,10.0,0.0,0.0077,52.5046,5.2505,2.0,12.6186,1.4404,0.1548,1.3805,0.0378,1.3678,2.164e-05,1.1794,0.0001,2.0392,12.0,0.0632,1.0017,0.1105,2.2652,0.0563,1.9724,0.0628,2.0201,0.0,0.0,0.0,-0.1514,25.0,25.0,38.0,37.0,13.0,0.0,0.0,0.0,0.0,41.1363,0.0,41.1864,0.0,0.0
8971.0,1.7478,0.0935,1.0,0.0797,1.2014,2.0553,1.0553,2.1854,1.1854,26.6538,2.0662,26.3857,2.0554,100.0,0.0,0.0,0.0,24.875,0.0,26.125,0.0,26.125,0.0,25.125,10.0,0.0,0.0086,52.5046,5.2505,2.0,12.4008,1.4374,0.0706,1.3713,0.0387,1.3679,2.162e-05,1.1791,0.0001,2.0435,12.0,0.0696,1.0019,0.1183,2.2947,0.0555,1.966,0.0629,2.0206,0.0,0.0,0.0,-0.1513,25.0,25.0,38.0,37.0,13.0,0.0,0.0,0.0,0.0,41.137,0.0,41.1869,0.0,0.0
8972.0,1.7448,0.0931,1.0,0.0797,1.2015,2.0552,1.0552,2.1855,1.1855,26.8029,2.0721,26.3863,2.0555,100.0,0.0,0.0,0.0,25.125,0.0,26.375,0.0,26.25,0.0,25.125,10.0,0.0,0.0081,52.5047,5.2505,2.0,12.3634,1.4369,0.0905,1.3735,0.0437,1.3684,2.175e-05,1.1805,0.0001,2.0438,12.0,0.0701,1.0019,0.0943,2.1962,0.0513,1.9316,0.0667,2.0459,0.0,0.0,0.0,-0.1512,25.0,25.0,38.0,37.0,14.0,0.0,0.0,0.0,0.0,41.1366,0.0,41.187,0.0,0.0
8973.0,1.7436,0.093,1.0,0.0796,1.2012,2.0556,1.0556,2.1858,1.1858,26.7802,2.0712,26.3705,2.0548,100.0,0.0,0.0,0.0,25.0,0.0,26.125,0.0,26.125,0.0,25.125,10.0,0.0,0.0086,52.5046,5.2504,2.0,12.4211,1.4377,0.0987,1.3744,0.0404,1.368,2.166e-05,1.1795,0.0001,2.0401,12.0,0.0722,1.0019,0.0808,2.1294,0.0498,1.9193,0.0704,2.0693,0.0,0.0,0.0,-0.151,25.0,25.0,38.0,37.0,12.0,0.0,0.0,0.0,0.0,41.136,0.0,41.1861,0.0,0.0
8974.0,1.7417,0.0927,1.0,0.0796,1.2013,2.0562,1.0562,2.1857,1.1857,26.6742,2.067,26.3706,2.0548,100.0,0.0,0.0,0.0,24.875,0.0,26.125,0.0,26.125,0.0,25.125,10.0,0.0,0.0082,52.5045,5.2505,2.0,12.4708,1.4384,0.1305,1.3779,0.0386,1.3678,2.17e-05,1.18,0.0001,2.0435,12.0,0.072,1.0019,0.0858,2.1555,0.0475,1.8987,0.0847,2.1496,0.0,0.0,0.0,-0.1512,25.0,25.0,38.0,37.0,13.0,0.0,0.0,0.0,0.0,41.1365,0.0,41.1864,0.0,0.0
8975.0,1.7435,0.0929,1.0,0.0797,1.2013,2.0562,1.0562,2.185,1.185,26.5597,2.0624,26.3741,2.055,100.0,0.0,0.0,0.0,25.0,0.0,26.0,0.0,26.125,0.0,25.0,10.0,0.0,0.0091,52.5047,5.2505,2.0,12.6895,1.4414,0.2032,1.3858,0.0445,1.3685,2.175e-05,1.1806,0.0001,2.0445,12.0,0.0721,1.0019,0.0802,2.1259,0.046,1.8843,0.0729,2.0846,0.0,0.0,0.0,-0.1509,25.0,25.0,38.0,37.0,16.0,0.0,0.0,0.0,0.0,41.137,0.0,41.1869,0.0,0.0
8976.0,1.7445,0.0931,1.0,0.0795,1.201,2.0555,1.0555,2.1852,1.1852,26.6468,2.0659,26.3856,2.0554,100.0,0.0,0.0,0.0,25.0,0.0,26.125,0.0,26.125,0.0,25.125,10.0,0.0,0.0081,52.5045,5.2504,2.0,12.9746,1.4452,0.3289,1.3995,0.0395,1.3679,2.167e-05,1.1796,0.0001,2.046,12.0,0.0703,1.0019,0.0733,2.0867,0.0924,2.1874,0.0835,2.1435,0.0,0.0,0.0,-0.1514,25.0,25.0,38.0,37.0,13.0,0.0,0.0,0.0,0.0,41.1362,0.0,41.1862,0.0,0.0
8977.0,1.7485,0.0936,1.0,0.0794,1.2005,2.0551,1.0551,2.1857,1.1857,26.8035,2.0721,26.3774,2.0551,100.0,0.0,0.0,0.0,24.875,0.0,26.0,0.0,26.125,0.0,25.125,10.0,0.0,0.0083,52.5046,5.2504,2.0,13.0495,1.4462,0.2845,1.3947,0.0409,1.3681,2.174e-05,1.1804,0.0001,2.0462,12.0,0.0695,1.0019,0.0656,2.0387,0.0868,2.1604,0.0695,2.0638,0.0,0.0,0.0,-0.1512,25.0,25.0,38.0,37.0,12.0,0.0,0.0,0.0,0.0,41.1367,0.0,41.1868,0.0,0.0
8978.0,1.7518,0.094,1.0,0.0796,1.201,2.0556,1.0556,2.1858,1.1858,26.7946,2.0718,26.3713,2.0549,100.0,0.0,0.0,0.0,24.875,0.0,26.125,0.0,26.25,0.0,25.125,10.0,0.0,0.0084,52.5048,5.2505,2.0,12.8093,1.443,0.2206,1.3877,0.0388,1.3679,2.165e-05,1.1794,0.0001,2.0424,12.0,0.0627,1.0017,0.0555,1.966,0.0866,2.1595,0.0813,2.1319,0.0,0.0,0.0,-0.1517,25.0,25.0,38.0,37.0,13.0,0.0,0.0,0.0,0.0,41.1364,0.0,41.1869,0.0,0.0
8979.0,1.754,0.0943,1.0,0.0795,1.2009,2.0558,1.0558,2.1857,1.1857,26.7007,2.068,26.3618,2.0545,100.0,0.0,0.0,0.0,24.875,0.0,26.25,0.0,26.125,0.0,25.0,10.0,0.0,0.0088,52.505,5.2505,2.0,12.9268,1.4446,0.2793,1.3941,0.0387,1.3679,2.17e-05,1.18,0.0001,2.0394,12.0,0.0661,1.0018,0.0616,2.0117,0.076,2.1029,0.081,2.1302,0.0,0.0,0.0,-0.1517,25.0,25.0,38.0,37.0,13.0,0.0,0.0,0.0,0.0,41.1365,0.0,41.1864,0.0,0.0
8980.0,1.7554,0.0944,1.0,0.0794,1.2007,2.0558,1.0558,2.1856,1.1856,26.5869,2.0635,26.353,2.0541,100.0,0.0,0.0,0.0,25.0,0.0,26.125,0.0,26.25,0.0,25.0,10.0,0.0,0.0085,52.5051,5.2505,2.0,13.0472,1.4462,0.2674,1.3928,0.04,1.368,2.173e-05,1.1803,0.0001,2.0429,12.0,0.0621,1.0017,0.0563,1.9723,0.0793,2.1212,0.0763,2.1043,0.0,0.0,0.0,-0.1512,25.0,25.0,38.0,37.0,12.0,0.0,0.0,0.0,0.0,41.1363,0.0,41.1865,0.0,0.0
8981.0,1.757,0.0946,1.0,0.0794,1.2007,2.0555,1.0555,2.1854,1.1854,26.5992,2.064,26.3802,2.0552,100.0,0.0,0.0,0.0,25.0,0.0,26.125,0.0,26.125,0.0,25.0,10.0,0.0,0.0076,52.5047,5.2505,2.0,12.8272,1.4433,0.1778,1.383,0.0427,1.3683,2.177e-05,1.1807,0.0001,2.0433,12.0,0.0658,1.0018,0.1193,2.2986,0.0737,2.0892,0.0748,2.0956,0.0,0.0,0.0,-0.1517,25.0,25.0,38.0,37.0,14.0,0.0,0.0,0.0,0.0,41.1361,0.0,41.1862,0.0,0.0
8982.0,1.7551,0.0944,1.0,0.0795,1.201,2.0551,1.0551,2.1858,1.1858,26.7795,2.0712,26.389,2.0556,100.0,0.0,0.0,0.0,24.875,0.0,26.125,0.0,26.125,0.0,25.125,10.0,0.0,0.0087,52.5047,5.2505,2.0,12.9422,1.4448,0.1726,1.3825,0.0405,1.3681,2.171e-05,1.1801,0.0001,2.0376,12.0,0.0704,1.0019,0.1158,2.2855,0.0706,2.0709,0.0715,2.0763,0.0,0.0,0.0,-0.1519,25.0,25.0,38.0,37.0,14.0,0.0,0.0,0.0,0.0,41.1358,0.0,41.1861,0.0,0.0
8983.0,1.7561,0.0945,1.0,0.0797,1.2016,2.0555,1.0555,2.1858,1.1858,26.7973,2.0719,26.3729,2.0549,100.0,0.0,0.0,0.0,25.0,0.0,26.25,0.0,26.25,0.0,25.0,10.0,0.0,0.008,52.5049,5.2505,2.0,12.7435,1.4421,0.1039,1.375,0.0385,1.3678,2.177e-05,1.1807,0.0001,2.0438,12.0,0.0702,1.0019,0.1021,2.2308,0.0602,2.0011,0.0694,2.0633,0.0,0.0,0.0,-0.1514,25.0,25.0,38.0,37.0,13.0,0.0,0.0,0.0,0.0,41.1363,0.0,41.1862,0.0,0.0
8984.0,1.7562,0.0945,1.0,0.0795,1.201,2.056,1.056,2.1857,1.1857,26.7136,2.0685,26.3661,2.0546,100.0,0.0,0.0,0.0,25.0,0.0,26.125,0.0,26.125,0.0,25.125,10.0,0.0,0.009,52.5051,5.2505,2.0,12.6605,1.441,0.0794,1.3723,0.0381,1.3678,2.169e-05,1.1799,0.0001,2.0415,12.0,0.0692,1.0018,0.1196,2.2994,0.0607,2.0051,0.0654,2.0376,0.0,0.0,0.0,-0.1519,25.0,25.0,38.0,37.0,15.0,0.0,0.0,0.0,0.0,41.137,0.0,41.1868,0.0,0.0
8985.0,1.7551,0.0944,1.0,0.0796,1.2013,2.0562,1.0562,2.1854,1.1854,26.5867,2.0635,26.3689,2.0548,100.0,0.0,0.0,0.0,25.0,0.0,26.125,0.0,26.125,0.0,25.125,10.0,0.0,0.0092,52.505,5.2505,2.0,12.7733,1.4425,0.1212,1.3769,0.0399,1.368,2.18e-05,1.1811,0.0001,2.0354,12.0,0.0666,1.0018,0.0857,2.1547,0.0609,2.0067,0.0602,2.0012,0.0,0.0,0.0,-0.1512,25.0,25.0,38.0,37.0,13.0,0.0,0.0,0.0,0.0,41.1367,0.0,41.1866,0.0,0.0
8986.0,1.7553,0.0944,1.0,0.0795,1.2008,2.0556,1.0556,2.1853,1.1853,26.599,2.064,26.3805,2.0552,100.0,0.0,0.0,0.0,25.0,0.0,26.125,0.0,26.125,0.0,25.125,10.0,0.0,0.0078,52.505,5.2505,2.0,12.8621,1.4437,0.1723,1.3824,0.044,1.3684,2.18e-05,1.1811,0.0001,2.0429,12.0,0.0641,1.0017,0.1002,2.2225,0.0629,2.0207,0.0732,2.0862,0.0,0.0,0.0,-0.1512,25.0,25.0,38.0,37.0,14.0,0.0,0.0,0.0,0.0,41.1364,0.0,41.1864,0.0,0.0
8987.0,1.7602,0.095,1.0,0.0794,1.2006,2.0553,1.0553,2.1853,1.1853,26.7656,2.0706,26.3927,2.0557,100.0,0.0,0.0,0.0,25.0,0.0,26.125,0.0,26.125,0.0,25.125,10.0,0.0,0.0087,52.5047,5.2505,2.0,13.0823,1.4467,0.2546,1.3914,0.0371,1.3677,2.177e-05,1.1807,0.0001,2.0398,12.0,0.062,1.0017,0.0889,2.1709,0.0556,1.967,0.0704,2.0697,0.0,0.0,0.0,-0.1515,25.0,25.0,38.0,37.0,14.0,0.0,0.0,0.0,0.0,41.1363,0.0,41.1862,0.0,0.0
8988.0,1.7605,0.0951,1.0,0.0795,1.2009,2.0558,1.0558,2.1858,1.1858,26.8051,2.0722,26.3744,2.055,100.0,0.0,0.0,0.0,25.0,0.0,26.125,0.0,26.25,0.0,25.125,10.0,0.0,0.0086,52.5047,5.2505,2.0,13.045,1.4462,0.1768,1.3829,0.0403,1.368,2.178e-05,1.1809,0.0001,2.0416,12.0,0.0626,1.0017,0.0756,2.1002,0.0591,1.9931,0.064,2.0278,0.0,0.0,0.0,-0.1515,25.0,25.0,38.0,37.0,14.0,0.0,0.0,0.0,0.0,41.1358,0.0,41.1863,0.0,0.0
8989.0,1.7604,0.0951,1.0,0.0793,1.2003,2.0561,1.0561,2.1857,1.1857,26.7363,2.0695,26.368,2.0547,100.0,0.0,0.0,0.0,25.0,0.0,26.125,0.0,26.125,0.0,25.0,10.0,0.0,0.0086,52.5047,5.2505,2.0,12.8263,1.4432,0.1354,1.3784,0.038,1.3678,2.179e-05,1.181,0.0001,2.0412,12.0,0.064,1.0017,0.0821,2.136,0.0503,1.9238,0.0664,2.0443,0.0,0.0,0.0,-0.1517,25.0,25.0,38.0,37.0,13.0,0.0,0.0,0.0,0.0,41.1359,0.0,41.1866,0.0,0.0
8990.0,1.7595,0.0949,1.0,0.0793,1.2003,2.0558,1.0558,2.1856,1.1856,26.5987,2.0639,26.3564,2.0543,100.0,0.0,0.0,0.0,25.0,0.0,26.125,0.0,26.125,0.0,25.0,10.0,0.0,0.0086,52.5049,5.2505,2.0,13.0985,1.4469,0.2661,1.3927,0.0405,1.3681,2.179e-05,1.1809,0.0001,2.0388,12.0,0.0677,1.0018,0.0931,2.1908,0.0487,1.9092,0.0604,2.003,0.0,0.0,0.0,-0.1514,25.0,25.0,38.0,37.0,14.0,0.0,0.0,0.0,0.0,41.1359,0.0,41.1864,0.0,0.0
8991.0,1.7576,0.0947,1.0,0.0796,1.2012,2.0557,1.0557,2.1856,1.1856,26.5863,2.0635,26.3668,2.0547,100.0,0.0,0.0,0.0,25.0,0.0,26.125,0.0,26.125,0.0,25.125,10.0,0.0,0.0084,52.5049,5.2505,2.0,13.2858,1.4494,0.2274,1.3884,0.0354,1.3675,2.177e-05,1.1808,0.0001,2.0404,12.0,0.0709,1.0019,0.0726,2.0829,0.042,1.8449,0.0545,1.9582,0.0,0.0,0.0,-0.1513,25.0,25.0,38.0,37.0,15.0,0.0,0.0,0.0,0.0,41.1362,0.0,41.187,0.0,0.0
8992.0,1.7567,0.0946,1.0,0.0797,1.2015,2.0553,1.0553,2.1853,1.1853,26.7263,2.0691,26.3902,2.0556,100.0,0.0,0.0,0.0,25.125,0.0,26.0,0.0,26.125,0.0,25.0,10.0,0.0,0.0085,52.5046,5.2504,2.0,13.1932,1.4481,0.3177,1.3983,0.0376,1.3677,2.174e-05,1.1804,0.0001,2.0439,12.0,0.0681,1.0018,0.0672,2.0493,0.0415,1.8394,0.0678,2.0529,0.0,0.0,0.0,-0.1515,25.0,25.0,38.0,37.0,13.0,0.0,0.0,0.0,0.0,41.1368,0.0,41.1867,0.0,0.0
8993.0,1.7561,0.0945,1.0,0.0793,1.2002,2.0557,1.0557,2.1854,1.1854,26.8165,2.0727,26.3792,2.0552,100.0,0.0,0.0,0.0,24.875,0.0,26.125,0.0,26.125,0.0,25.125,10.0,0.0,0.0093,52.5048,5.2505,2.0,13.5154,1.4523,0.3197,1.3985,0.0349,1.3674,2.175e-05,1.1806,0.0001,2.0411,12.0,0.062,1.0017,0.0703,2.0688,0.0415,1.8401,0.0847,2.1498,0.0,0.0,0.0,-0.1516,25.0,25.0,38.0,37.0,16.0,0.0,0.0,0.0,0.0,41.1364,0.0,41.1866,0.0,0.0
8994.0,1.7551,0.0944,1.0,0.0795,1.2008,2.056,1.056,2.1858,1.1858,26.7593,2.0704,26.3692,2.0548,100.0,0.0,0.0,0.0,24.875,0.0,26.125,0.0,26.25,0.0,25.125,10.0,0.0,0.0082,52.505,5.2505,2.0,13.4678,1.4517,0.3063,1.3971,0.0318,1.3671,2.168e-05,1.1797,0.0001,2.0365,12.0,0.0632,1.0017,0.1293,2.3336,0.0342,1.7564,0.0766,2.1064,0.0,0.0,0.0,-0.1514,25.0,25.0,38.0,37.0,14.0,0.0,0.0,0.0,0.0,41.1363,0.0,41.1866,0.0,0.0
8995.0,1.757,0.0946,1.0,0.0793,1.2003,2.0558,1.0558,2.1856,1.1856,26.6267,2.0651,26.3646,2.0546,100.0,0.0,0.0,0.0,24.875,0.0,26.125,0.0,26.125,0.0,25.0,10.0,0.0,0.0087,52.5047,5.2505,2.0,13.4931,1.452,0.3268,1.3993,0.032,1.3671,2.172e-05,1.1802,0.0001,2.0426,12.0,0.0619,1.0017,0.1187,2.2964,0.0386,1.8088,0.0765,2.1053,0.0,0.0,0.0,-0.1513,25.0,25.0,38.0,37.0,14.0,0.0,0.0,0.0,0.0,41.1365,0.0,41.1867,0.0,0.0
8996.0,1.7617,0.0952,1.0,0.0794,1.2006,2.0557,1.0557,2.1857,1.1857,26.5673,2.0627,26.3742,2.055,100.0,0.0,0.0,0.0,25.0,0.0,26.25,0.0,26.125,0.0,25.0,10.0,0.0,0.0083,52.5048,5.2505,2.0,13.6932,1.4546,0.3415,1.4009,0.0348,1.3674,2.175e-05,1.1805,0.0001,2.0376,12.0,0.0651,1.0017,0.1328,2.345,0.0323,1.7307,0.0731,2.086,0.0,0.0,0.0,-0.1513,25.0,25.0,38.0,37.0,15.0,0.0,0.0,0.0,0.0,41.1361,0.0,41.1865,0.0,0.0
8997.0,1.7625,0.0953,1.0,0.0794,1.2006,2.0552,1.0552,2.1857,1.1857,26.7034,2.0681,26.3853,2.0554,100.0,0.0,0.0,0.0,25.0,0.0,26.125,0.0,26.125,0.0,25.125,10.0,0.0,0.0084,52.5049,5.2505,2.0,13.6349,1.4539,0.3279,1.3994,0.029,1.3668,2.172e-05,1.1802,0.0001,2.0429,12.0,0.0655,1.0017,0.1394,2.3662,0.0367,1.7867,0.0669,2.0471,0.0,0.0,0.0,-0.1514,25.0,25.0,38.0,37.0,13.0,0.0,0.0,0.0,0.0,41.1368,0.0,41.1864,0.0,0.0
8998.0,1.7603,0.095,1.0,0.0795,1.201,2.0552,1.0552,2.1858,1.1858,26.8206,2.0728,26.3683,2.0547,100.0,0.0,0.0,0.0,25.0,0.0,26.125,0.0,26.125,0.0,25.125,10.0,0.0,0.0085,52.5045,5.2505,2.0,13.7873,1.4558,0.3311,1.3998,0.0335,1.3673,2.175e-05,1.1806,0.0001,2.0424,12.0,0.0689,1.0018,0.1182,2.2946,0.0326,1.7351,0.0879,2.1656,0.0,0.0,0.0,-0.1517,25.0,25.0,38.0,37.0,12.0,0.0,0.0,0.0,0.0,41.1361,0.0,41.1864,0.0,0.0
8999.0,1.7574,0.0947,1.0,0.0794,1.2005,2.0556,1.0556,2.1857,1.1857,26.7785,2.0711,26.3682,2.0547,100.0,0.0,0.0,0.0,25.0,0.0,26.125,0.0,26.125,0.0,25.25,10.0,0.0,0.0084,52.5047,5.2505,2.0,13.5079,1.4522,0.2159,1.3872,0.0303,1.3669,2.174e-05,1.1804,0.0001,2.0392,12.0,0.0689,1.0018,0.1123,2.2722,0.0326,1.7347,0.0824,2.1377,0.0,0.0,0.0,-0.1516,25.0,25.0,38.0,37.0,13.0,0.0,0.0,0.0,0.0,41.1362,0.0,41.1863,0.0,0.0
9000.0,1.7591,0.0949,1.0,0.0798,1.2017,2.056,1.056,2.1856,1.1856,26.6489,2.066,26.3637,2.0545,100.0,0.0,0.0,0.0,25.0,0.0,26.125,0.0,26.125,0.0,25.125,10.0,0.0,0.0083,52.505,5.2505,2.0,13.6959,1.4546,0.3216,1.3987,0.0335,1.3673,2.174e-05,1.1804,0.0001,2.0425,12.0,0.0701,1.0019,0.1693,2.4504,0.0278,1.6662,0.0732,2.0864,0.0,0.0,0.0,-0.1511,25.0,25.0,38.0,37.0,13.0,0.0,0.0,0.0,0.0,41.1362,0.0,41.1866,0.0,0.0
9001.0,1.7548,0.0944,1.0,0.0797,1.2014,2.0557,1.0557,2.1854,1.1854,26.5576,2.0623,26.3682,2.0547,100.0,0.0,0.0,0.0,24.875,0.0,26.125,0.0,26.125,0.0,25.125,10.0,0.0,0.0093,52.5049,5.2505,2.0,13.7885,1.4558,0.2596,1.392,0.0287,1.3668,2.173e-05,1.1804,0.0001,2.0431,12.0,0.0691,1.0018,0.1701,2.4526,0.079,2.1196,0.0729,2.0848,0.0,0.0,0.0,-0.1517,25.0,25.0,38.0,37.0,13.0,0.0,0.0,0.0,0.0,41.1363,0.0,41.1865,0.0,0.0
9002.0,1.7509,0.0939,1.0,0.0795,1.2009,2.055,1.055,2.1858,1.1858,26.6646,2.0666,26.3817,2.0553,100.0,0.0,0.0,0.0,25.0,0.0,26.125,0.0,26.125,0.0,25.125,10.0,0.0,0.0082,52.5049,5.2505,2.0,13.6213,1.4537,0.2448,1.3903,0.0294,1.3668,2.169e-05,1.1799,0.0001,2.0374,12.0,0.0694,1.0019,0.1875,2.495,0.0738,2.0902,0.0672,2.049,0.0,0.0,0.0,-0.1513,25.0,25.0,38.0,37.0,13.0,0.0,0.0,0.0,0.0,41.1368,0.0,41.1863,0.0,0.0
9003.0,1.7519,0.094,1.0,0.0794,1.2007,2.0547,1.0547,2.186,1.186,26.8134,2.0725,26.3729,2.0549,100.0,0.0,0.0,0.0,25.0,0.0,26.125,0.0,26.125,0.0,25.125,10.0,0.0,0.0083,52.5048,5.2505,2.0,13.4255,1.4512,0.1195,1.3767,0.0267,1.3666,2.169e-05,1.1799,0.0001,2.0438,12.0,0.0603,1.0016,0.1594,2.4242,0.0722,2.0803,0.0616,2.0113,0.0,0.0,0.0,-0.1519,25.0,25.0,38.0,37.0,14.0,0.0,0.0,0.0,0.0,41.1364,0.0,41.1868,0.0,0.0
9004.0,1.7509,0.0939,1.0,0.0793,1.2004,2.0556,1.0556,2.1861,1.1861,26.7877,2.0715,26.3635,2.0545,100.0,0.0,0.0,0.0,24.875,0.0,26.125,0.0,26.125,0.0,25.125,10.0,0.0,0.0085,52.5049,5.2505,2.0,13.3439,1.4501,0.1284,1.3776,0.0257,1.3664,2.163e-05,1.1793,0.0001,2.0422,12.0,0.0618,1.0016,0.1702,2.4529,0.074,2.091,0.0619,2.0134,0.0,0.0,0.0,-0.1515,25.0,25.0,38.0,37.0,14.0,0.0,0.0,0.0,0.0,41.137,0.0,41.1869,0.0,0.0
9005.0,1.7505,0.0938,1.0,0.0794,1.2007,2.0559,1.0559,2.1857,1.1857,26.6804,2.0672,26.3649,2.0546,100.0,0.0,0.0,0.0,25.0,0.0,26.125,0.0,26.25,0.0,25.125,10.0,0.0,0.0086,52.5046,5.2505,2.0,13.265,1.4491,0.0473,1.3688,0.0295,1.3669,2.174e-05,1.1804,0.0001,2.0377,12.0,0.0651,1.0017,0.1437,2.3792,0.0639,2.0277,0.0726,2.0829,0.0,0.0,0.0,-0.1518,25.0,25.0,38.0,37.0,15.0,0.0,0.0,0.0,0.0,41.1365,0.0,41.1863,0.0,0.0
9006.0,1.7484,0.0936,1.0,0.0796,1.201,2.056,1.056,2.1854,1.1854,26.5615,2.0625,26.3653,2.0546,100.0,0.0,0.0,0.0,25.0,0.0,26.125,0.0,26.125,0.0,25.125,10.0,0.0,0.0089,52.5048,5.2505,2.0,13.1164,1.4471,0.0015,1.3638,0.0278,1.3667,2.169e-05,1.1799,0.0001,2.0428,12.0,0.0697,1.0019,0.1247,2.3178,0.0638,2.0265,0.0785,2.1165,0.0,0.0,0.0,-0.1515,25.0,25.0,38.0,37.0,14.0,0.0,0.0,0.0,0.0,41.1367,0.0,41.1868,0.0,0.0
9007.0,1.7478,0.0935,1.0,0.0793,1.2004,2.0553,1.0553,2.1853,1.1853,26.6564,2.0663,26.3856,2.0554,100.0,0.0,0.0,0.0,25.0,0.0,26.25,0.0,26.125,0.0,25.125,10.0,0.0,0.0079,52.505,5.2504,2.0,13.2456,1.4488,0.0622,1.3704,0.0307,1.367,2.17e-05,1.1799,0.0001,2.0398,12.0,0.0661,1.0018,0.1352,2.3527,0.0586,1.9899,0.0747,2.0955,0.0,0.0,0.0,-0.1515,25.0,25.0,38.0,37.0,14.0,0.0,0.0,0.0,0.0,41.1367,0.0,41.1865,0.0,0.0
9008.0,1.7509,0.0939,1.0,0.0795,1.2008,2.0555,1.0555,2.1855,1.1855,26.8141,2.0726,26.3844,2.0554,100.0,0.0,0.0,0.0,25.0,0.0,26.125,0.0,26.125,0.0,25.125,10.0,0.0,0.0083,52.5046,5.2505,2.0,12.982,1.4453,-0.0837,1.3545,0.0333,1.3673,2.18e-05,1.181,0.0001,2.0337,12.0,0.0706,1.0019,0.1614,2.4299,0.0616,2.0116,0.0834,2.143,0.0,0.0,0.0,-0.1515,25.0,25.0,38.0,37.0,13.0,0.0,0.0,0.0,0.0,41.1362,0.0,41.1868,0.0,0.0
9009.0,1.7509,0.0939,1.0,0.0793,1.2005,2.056,1.056,2.1857,1.1857,26.7923,2.0717,26.3764,2.0551,100.0,0.0,0.0,0.0,24.875,0.0,26.25,0.0,26.125,0.0,25.125,10.0,0.0,0.0086,52.5049,5.2505,2.0,12.7282,1.4419,-0.1279,1.3497,0.0309,1.367,2.17e-05,1.18,0.0001,2.0422,12.0,0.071,1.0019,0.1586,2.4221,0.0583,1.9873,0.0688,2.0594,0.0,0.0,0.0,-0.1515,25.0,25.0,38.0,37.0,14.0,0.0,0.0,0.0,0.0,41.1358,0.0,41.1863,0.0,0.0
9010.0,1.7509,0.0939,1.0,0.0799,1.202,2.0558,1.0558,2.1857,1.1857,26.7178,2.0687,26.3659,2.0546,100.0,0.0,0.0,0.0,24.875,0.0,26.125,0.0,26.125,0.0,25.125,10.0,0.0,0.0083,52.5046,5.2505,2.0,12.7075,1.4416,-0.1278,1.3497,0.0294,1.3668,2.171e-05,1.1801,0.0001,2.0408,12.0,0.0711,1.0019,0.1512,2.4015,0.0502,1.9224,0.0728,2.0841,0.0,0.0,0.0,-0.1514,25.0,25.0,38.0,37.0,14.0,0.0,0.0,0.0,0.0,41.1365,0.0,41.1865,0.0,0.0
9011.0,1.7509,0.0939,1.0,0.0795,1.201,2.0559,1.0559,2.1858,1.1858,26.5822,2.0633,26.3628,2.0545,100.0,0.0,0.0,0.0,25.0,0.0,26.125,0.0,26.25,0.0,25.125,10.0,0.0,0.0083,52.5051,5.2505,2.0,12.7442,1.4421,-0.1004,1.3527,0.0303,1.3669,2.177e-05,1.1807,0.0001,2.0372,12.0,0.0723,1.0019,0.1587,2.4225,0.05,1.9204,0.0693,2.0625,0.0,0.0,0.0,-0.1514,25.0,25.0,38.0,37.0,14.0,0.0,0.0,0.0,0.0,41.1362,0.0,41.1862,0.0,0.0
9012.0,1.7478,0.0935,1.0,0.0797,1.2015,2.0554,1.0554,2.1853,1.1853,26.6144,2.0646,26.3817,2.0553,100.0,0.0,0.0,0.0,25.0,0.0,26.125,0.0,26.25,0.0,25.0,10.0,0.0,0.0084,52.5051,5.2505,2.0,12.7138,1.4417,-0.1481,1.3475,0.0313,1.3671,2.175e-05,1.1805,0.0001,2.0412,12.0,0.0708,1.0019,0.1641,2.4368,0.0464,1.8884,0.0668,2.0464,0.0,0.0,0.0,-0.1516,25.0,25.0,38.0,37.0,14.0,0.0,0.0,0.0,0.0,41.1361,0.0,41.1866,0.0,0.0
9013.0,1.7419,0.0927,1.0,0.0798,1.2016,2.0552,1.0552,2.1854,1.1854,26.7874,2.0715,26.3891,2.0556,100.0,0.0,0.0,0.0,25.0,0.0,26.125,0.0,26.125,0.0,25.0,10.0,0.0,0.0084,52.5051,5.2505,2.0,12.5324,1.4392,-0.1661,1.3455,0.0273,1.3666,2.17e-05,1.18,0.0001,2.0394,12.0,0.0718,1.0019,0.1412,2.3718,0.0445,1.8699,0.0633,2.0232,0.0,0.0,0.0,-0.1515,25.0,25.0,38.0,37.0,14.0,0.0,0.0,0.0,0.0,41.1364,0.0,41.1866,0.0,0.0
9014.0,1.7367,0.0921,1.0,0.0794,1.2006,2.0555,1.0555,2.1858,1.1858,26.8037,2.0721,26.3735,2.0549,100.0,0.0,0.0,0.0,24.875,0.0,26.125,0.0,26.125,0.0,25.125,10.0,0.0,0.0084,52.5053,5.2505,2.0,12.7213,1.4418,0.0372,1.3677,0.032,1.3671,2.18e-05,1.181,0.0001,2.0399,12.0,0.0634,1.0017,0.1378,2.3611,0.043,1.8556,0.0578,1.9838,0.0,0.0,0.0,-0.1514,25.0,25.0,38.0,37.0,13.0,0.0,0.0,0.0,0.0,41.1366,0.0,41.187,0.0,0.0
9015.0,1.7381,0.0923,1.0,0.0795,1.2007,2.0557,1.0557,2.1857,1.1857,26.7075,2.0683,26.3557,2.0542,100.0,0.0,0.0,0.0,25.0,0.0,26.125,0.0,26.25,0.0,25.0,10.0,0.0,0.009,52.5052,5.2505,2.0,13.1443,1.4475,0.0663,1.3709,0.0241,1.3663,2.165e-05,1.1795,0.0001,2.0428,12.0,0.0622,1.0017,0.1088,2.2586,0.039,1.8132,0.0517,1.9356,0.0,0.0,0.0,-0.1512,25.0,25.0,38.0,37.0,14.0,0.0,0.0,0.0,0.0,41.1367,0.0,41.1863,0.0,0.0
9016.0,1.7419,0.0927,1.0,0.0794,1.2005,2.0558,1.0558,2.1855,1.1855,26.5836,2.0633,26.3617,2.0545,100.0,0.0,0.0,0.0,25.0,0.0,26.125,0.0,26.25,0.0,25.25,10.0,0.0,0.009,52.5053,5.2505,2.0,13.0407,1.4461,0.0334,1.3673,0.0303,1.3669,2.179e-05,1.1809,0.0001,2.0386,12.0,0.0614,1.0016,0.1373,2.3595,0.0386,1.8084,0.0591,1.9931,0.0,0.0,0.0,-0.1509,25.0,25.0,38.0,37.0,13.0,0.0,0.0,0.0,0.0,41.1361,0.0,41.1866,0.0,0.0
9017.0,1.7458,0.0932,1.0,0.0795,1.2008,2.0559,1.0559,2.1854,1.1854,26.5889,2.0636,26.379,2.0552,100.0,0.0,0.0,0.0,25.0,0.0,26.125,0.0,26.25,0.0,25.125,10.0,0.0,0.0085,52.5055,5.2505,2.0,13.196,1.4482,0.176,1.3828,0.0217,1.366,2.169e-05,1.1799,0.0001,2.042,12.0,0.0628,1.0017,0.105,2.2428,0.0381,1.8028,0.0541,1.9551,0.0,0.0,0.0,-0.1517,25.0,25.0,38.0,37.0,14.0,0.0,0.0,0.0,0.0,41.1366,0.0,41.1867,0.0,0.0
9018.0,1.7488,0.0936,1.0,0.0791,1.1997,2.0553,1.0553,2.1853,1.1853,26.7828,2.0713,26.3914,2.0557,100.0,0.0,0.0,0.0,24.875,0.0,26.25,0.0,26.125,0.0,25.0,10.0,0.0,0.0078,52.5051,5.2505,2.0,13.4413,1.4514,0.1607,1.3812,0.0239,1.3662,2.171e-05,1.1801,0.0001,2.0414,12.0,0.0619,1.0017,0.1095,2.2611,0.0359,1.7767,0.0625,2.0179,0.0,0.0,0.0,-0.1515,25.0,25.0,38.0,37.0,14.0,0.0,0.0,0.0,0.0,41.1364,0.0,41.1869,0.0,0.0
9019.0,1.7471,0.0934,1.0,0.0791,1.1998,2.0554,1.0554,2.1858,1.1858,26.8136,2.0725,26.3754,2.055,100.0,0.0,0.0,0.0,24.875,0.0,26.25,0.0,26.125,0.0,25.125,10.0,0.0,0.0088,52.5049,5.2504,2.0,13.3105,1.4497,0.1167,1.3764,0.0254,1.3664,2.168e-05,1.1798,0.0001,2.0394,12.0,0.0627,1.0017,0.116,2.2865,0.0861,2.1569,0.057,1.9778,0.0,0.0,0.0,-0.1513,25.0,25.0,38.0,37.0,13.0,0.0,0.0,0.0,0.0,41.1365,0.0,41.1869,0.0,0.0
9020.0,1.7457,0.0932,1.0,0.0794,1.2006,2.0557,1.0557,2.1857,1.1857,26.7521,2.0701,26.3606,2.0544,100.0,0.0,0.0,0.0,25.0,0.0,26.125,0.0,26.125,0.0,25.125,10.0,0.0,0.0086,52.5048,5.2505,2.0,13.1651,1.4478,0.0745,1.3718,0.0284,1.3667,2.174e-05,1.1804,0.0001,2.0353,12.0,0.0607,1.0016,0.0983,2.2145,0.0819,2.1351,0.0605,2.0037,0.0,0.0,0.0,-0.1516,25.0,25.0,38.0,37.0,13.0,0.0,0.0,0.0,0.0,41.1367,0.0,41.1863,0.0,0.0
9021.0,1.7473,0.0934,1.0,0.0794,1.2007,2.0557,1.0557,2.1855,1.1855,26.6028,2.0641,26.3599,2.0544,100.0,0.0,0.0,0.0,25.0,0.0,26.125,0.0,26.125,0.0,25.0,10.0,0.0,0.0085,52.5047,5.2505,2.0,13.0849,1.4467,-0.0088,1.3627,0.0287,1.3668,2.174e-05,1.1804,0.0001,2.0407,12.0,0.061,1.0016,0.153,2.4066,0.0808,2.1292,0.0893,2.1729,0.0,0.0,0.0,-0.1521,25.0,25.0,38.0,37.0,14.0,0.0,0.0,0.0,0.0,41.1364,0.0,41.1864,0.0,0.0
9022.0,1.7493,0.0937,1.0,0.0793,1.2003,2.0559,1.0559,2.1853,1.1853,26.5866,2.0635,26.3794,2.0552,100.0,0.0,0.0,0.0,25.0,0.0,26.125,0.0,26.125,0.0,25.125,10.0,0.0,0.0091,52.505,5.2505,2.0,12.8554,1.4436,-0.0399,1.3593,0.0251,1.3664,2.175e-05,1.1805,0.0001,2.0414,12.0,0.062,1.0017,0.163,2.4341,0.0719,2.0786,0.0897,2.1748,0.0,0.0,0.0,-0.1514,25.0,25.0,38.0,37.0,15.0,0.0,0.0,0.0,0.0,41.1364,0.0,41.1869,0.0,0.0
9023.0,1.75,0.0938,1.0,0.0793,1.2002,2.0555,1.0555,2.185,1.185,26.7336,2.0693,26.3966,2.0559,100.0,0.0,0.0,0.0,25.0,0.0,26.125,0.0,26.25,0.0,25.125,10.0,0.0,0.0089,52.5053,5.2505,2.0,12.9481,1.4449,-0.0093,1.3626,0.0258,1.3665,2.168e-05,1.1798,0.0001,2.041,12.0,0.0641,1.0017,0.1401,2.3683,0.0694,2.0634,0.0861,2.1567,0.0,0.0,0.0,-0.1516,25.0,25.0,38.0,37.0,13.0,0.0,0.0,0.0,0.0,41.1362,0.0,41.1862,0.0,0.0
9024.0,1.751,0.0939,1.0,0.0793,1.2002,2.0557,1.0557,2.1855,1.1855,26.8142,2.0726,26.3873,2.0555,100.0,0.0,0.0,0.0,25.0,0.0,26.125,0.0,26.125,0.0,25.125,10.0,0.0,0.0085,52.505,5.2505,2.0,12.9806,1.4453,0.0534,1.3695,0.027,1.3666,2.175e-05,1.1805,0.0001,2.0418,12.0,0.0655,1.0017,0.1384,2.363,0.0694,2.0633,0.0891,2.1715,0.0,0.0,0.0,-0.1517,25.0,25.0,38.0,37.0,15.0,0.0,0.0,0.0,0.0,41.1364,0.0,41.1872,0.0,0.0
9025.0,1.7571,0.0946,1.0,0.0799,1.202,2.0561,1.0561,2.1857,1.1857,26.7442,2.0698,26.3712,2.0548,100.0,0.0,0.0,0.0,25.0,0.0,26.0,0.0,26.25,0.0,25.125,10.0,0.0,0.0083,52.5052,5.2505,2.0,13.0833,1.4467,0.0465,1.3687,0.0256,1.3664,2.169e-05,1.1799,0.0001,2.0357,12.0,0.0697,1.0019,0.1453,2.384,0.0602,2.0015,0.098,2.2132,0.0,0.0,0.0,-0.1516,25.0,25.0,38.0,37.0,14.0,0.0,0.0,0.0,0.0,41.1367,0.0,41.1869,0.0,0.0
9026.0,1.7635,0.0954,1.0,0.0797,1.2014,2.0558,1.0558,2.1856,1.1856,26.6276,2.0651,26.3632,2.0545,100.0,0.0,0.0,0.0,25.0,0.0,26.125,0.0,26.25,0.0,25.125,10.0,0.0,0.0083,52.5052,5.2505,2.0,13.3803,1.4506,0.1531,1.3803,0.0245,1.3663,2.176e-05,1.1806,0.0001,2.044,12.0,0.0711,1.0019,0.1426,2.3761,0.0598,1.9986,0.1038,2.238,0.0,0.0,0.0,-0.1517,25.0,25.0,38.0,37.0,13.0,0.0,0.0,0.0,0.0,41.1361,0.0,41.1869,0.0,0.0
9027.0,1.7657,0.0957,1.0,0.0798,1.2017,2.0558,1.0558,2.1854,1.1854,26.5767,2.0631,26.3736,2.0549,100.0,0.0,0.0,0.0,25.0,0.0,26.125,0.0,26.125,0.0,25.125,10.0,0.0,0.0089,52.5053,5.2506,2.0,13.4115,1.451,0.1055,1.3751,0.0252,1.3664,2.168e-05,1.1797,0.0001,2.0404,12.0,0.0704,1.0019,0.1118,2.2701,0.0564,1.9732,0.0947,2.1983,0.0,0.0,0.0,-0.1517,25.0,25.0,38.0,37.0,12.0,0.0,0.0,0.0,0.0,41.1365,0.0,41.1869,0.0,0.0
9028.0,1.7658,0.0957,1.0,0.0796,1.2013,2.0556,1.0556,2.1853,1.1853,26.7049,2.0682,26.388,2.0555,100.0,0.0,0.0,0.0,25.0,0.0,26.25,0.0,26.125,0.0,25.125,10.0,0.0,0.0081,52.5053,5.2505,2.0,13.1929,1.4481,0.0425,1.3683,0.0258,1.3664,2.175e-05,1.1806,0.0001,2.0363,12.0,0.0715,1.0019,0.1228,2.3112,0.0491,1.9134,0.0933,2.1916,0.0,0.0,0.0,-0.1513,25.0,25.0,38.0,37.0,13.0,0.0,0.0,0.0,0.0,41.1365,0.0,41.1866,0.0,0.0
9029.0,1.7658,0.0957,1.0,0.0796,1.2011,2.0556,1.0556,2.1856,1.1856,26.8245,2.073,26.3806,2.0552,100.0,0.0,0.0,0.0,25.125,0.0,26.125,0.0,26.25,0.0,25.0,10.0,0.0,0.0087,52.5052,5.2505,2.0,13.1559,1.4476,0.045,1.3685,0.0232,1.3662,2.166e-05,1.1796,0.0001,2.0421,12.0,0.0723,1.0019,0.1063,2.2483,0.0511,1.9303,0.1073,2.2523,0.0,0.0,0.0,-0.1513,25.0,25.0,38.0,37.0,13.0,0.0,0.0,0.0,0.0,41.136,0.0,41.1862,0.0,0.0
9030.0,1.7632,0.0954,1.0,0.0797,1.2015,2.056,1.056,2.1858,1.1858,26.7847,2.0714,26.3711,2.0548,100.0,0.0,0.0,0.0,25.0,0.0,26.125,0.0,26.125,0.0,25.125,10.0,0.0,0.0088,52.5055,5.2505,2.0,13.353,1.4502,0.1803,1.3833,0.0241,1.3663,2.172e-05,1.1802,0.0001,2.0432,12.0,0.0739,1.002,0.108,2.2552,0.0502,1.9223,0.1013,2.2275,0.0,0.0,0.0,-0.1516,25.0,25.0,38.0,37.0,13.0,0.0,0.0,0.0,0.0,41.1363,0.0,41.1867,0.0,0.0
9031.0,1.7611,0.0951,1.0,0.0795,1.201,2.0562,1.0562,2.1856,1.1856,26.6705,2.0668,26.3671,2.0547,100.0,0.0,0.0,0.0,25.0,0.0,26.25,0.0,26.25,0.0,25.125,10.0,0.0,0.0084,52.5052,5.2505,2.0,13.4699,1.4517,0.142,1.3791,0.0215,1.366,2.167e-05,1.1796,0.0001,2.0374,12.0,0.0689,1.0018,0.144,2.3802,0.0459,1.8834,0.0971,2.2093,0.0,0.0,0.0,-0.1517,25.0,25.0,38.0,37.0,13.0,0.0,0.0,0.0,0.0,41.1357,0.0,41.1864,0.0,0.0
9032.0,1.7591,0.0949,1.0,0.0795,1.2008,2.0561,1.0561,2.1853,1.1853,26.5581,2.0623,26.3689,2.0548,100.0,0.0,0.0,0.0,25.0,0.0,26.25,0.0,26.125,0.0,25.125,10.0,0.0,0.0091,52.5051,5.2505,2.0,13.3738,1.4505,0.1152,1.3762,0.0282,1.3667,2.178e-05,1.1809,0.0001,2.0442,12.0,0.0673,1.0018,0.1525,2.405,0.0996,2.2201,0.1109,2.2668,0.0,0.0,0.0,-0.1518,25.0,25.0,38.0,37.0,15.0,0.0,0.0,0.0,0.0,41.1362,0.0,41.1865,0.0,0.0
9033.0,1.7568,0.0946,1.0,0.0796,1.2011,2.0556,1.0556,2.1851,1.1851,26.6935,2.0677,26.3975,2.0559,100.0,0.0,0.0,0.0,24.875,0.0,26.125,0.0,26.125,0.0,25.125,10.0,0.0,0.0081,52.5051,5.2505,2.0,13.3608,1.4503,0.0996,1.3745,0.0291,1.3668,2.178e-05,1.1809,0.0001,2.0372,12.0,0.0636,1.0017,0.1626,2.4329,0.091,2.1809,0.0939,2.1947,0.0,0.0,0.0,-0.1513,25.0,25.0,38.0,37.0,14.0,0.0,0.0,0.0,0.0,41.1357,0.0,41.1866,0.0,0.0
9034.0,1.7561,0.0945,1.0,0.0795,1.2008,2.0553,1.0553,2.1856,1.1856,26.8116,2.0725,26.382,2.0553,100.0,0.0,0.0,0.0,25.0,0.0,26.125,0.0,26.125,0.0,25.0,10.0,0.0,0.0088,52.5053,5.2505,2.0,13.2061,1.4483,0.0218,1.366,0.025,1.3664,2.175e-05,1.1805,0.0001,2.0399,12.0,0.0638,1.0017,0.1502,2.3985,0.0909,2.1803,0.1036,2.2373,0.0,0.0,0.0,-0.1518,25.0,25.0,38.0,37.0,13.0,0.0,0.0,0.0,0.0,41.1364,0.0,41.1867,0.0,0.0
9035.0,1.7551,0.0944,1.0,0.0798,1.2016,2.0556,1.0556,2.1857,1.1857,26.7745,2.071,26.3694,2.0548,100.0,0.0,0.0,0.0,25.0,0.0,26.125,0.0,26.125,0.0,25.0,10.0,0.0,0.0089,52.5052,5.2505,2.0,13.2634,1.4491,0.1126,1.3759,0.0264,1.3665,2.175e-05,1.1805,0.0001,2.043,12.0,0.0647,1.0017,0.1443,2.3812,0.0956,2.2022,0.0852,2.1522,0.0,0.0,0.0,-0.1515,25.0,25.0,38.0,37.0,14.0,0.0,0.0,0.0,0.0,41.1364,0.0,41.1869,0.0,0.0
9036.0,1.755,0.0944,1.0,0.0794,1.2005,2.056,1.056,2.1857,1.1857,26.6663,2.0667,26.3637,2.0545,100.0,0.0,0.0,0.0,24.875,0.0,26.125,0.0,26.125,0.0,25.125,10.0,0.0,0.0084,52.5053,5.2505,2.0,13.5342,1.4526,0.1322,1.3781,0.0243,1.3663,2.174e-05,1.1804,0.0001,2.0389,12.0,0.0635,1.0017,0.1838,2.4862,0.1438,2.3796,0.093,2.1902,0.0,0.0,0.0,-0.1517,25.0,25.0,38.0,37.0,14.0,0.0,0.0,0.0,0.0,41.1364,0.0,41.1869,0.0,0.0
9037.0,1.7519,0.094,1.0,0.0793,1.2004,2.0558,1.0558,2.1854,1.1854,26.559,2.0624,26.3656,2.0546,100.0,0.0,0.0,0.0,25.0,0.0,26.125,0.0,26.125,0.0,25.125,10.0,0.0,0.0081,52.5052,5.2505,2.0,13.4875,1.452,0.1183,1.3765,0.0322,1.3672,2.182e-05,1.1813,0.0001,2.043,12.0,0.0638,1.0017,0.248,2.6163,0.1342,2.3496,0.097,2.2088,0.0,0.0,0.0,-0.1512,25.0,25.0,38.0,37.0,13.0,0.0,0.0,0.0,0.0,41.1363,0.0,41.1867,0.0,0.0
9038.0,1.751,0.0939,1.0,0.0793,1.2004,2.0556,1.0556,2.1849,1.1849,26.6648,2.0666,26.3859,2.0554,100.0,0.0,0.0,0.0,25.125,0.0,26.125,0.0,26.125,0.0,25.125,10.0,0.0,0.0079,52.5053,5.2505,2.0,13.2347,1.4487,0.0334,1.3673,0.0286,1.3668,2.173e-05,1.1803,0.0001,2.0427,12.0,0.0657,1.0018,0.2462,2.6131,0.1326,2.3445,0.1054,2.2447,0.0,0.0,0.0,-0.1518,25.0,25.0,38.0,37.0,13.0,0.0,0.0,0.0,0.0,41.1365,0.0,41.1866,0.0,0.0
9039.0,1.7509,0.0939,1.0,0.0794,1.2006,2.0551,1.0551,2.1855,1.1855,26.7992,2.072,26.3862,2.0554,100.0,0.0,0.0,0.0,25.0,0.0,26.125,0.0,26.125,0.0,25.0,10.0,0.0,0.0086,52.5055,5.2506,2.0,13.2824,1.4493,0.0794,1.3723,0.0311,1.367,2.179e-05,1.181,0.0001,2.0393,12.0,0.0686,1.0018,0.2359,2.5946,0.1166,2.2885,0.0923,2.1869,0.0,0.0,0.0,-0.1512,25.0,25.0,38.0,37.0,13.0,0.0,0.0,0.0,0.0,41.1369,0.0,41.1868,0.0,0.0
9040.0,1.7518,0.094,1.0,0.0794,1.2007,2.0558,1.0558,2.1858,1.1858,26.7904,2.0716,26.3703,2.0548,100.0,0.0,0.0,0.0,24.875,0.0,26.125,0.0,26.125,0.0,25.125,10.0,0.0,0.0082,52.5049,5.2505,2.0,13.2217,1.4485,-0.0181,1.3617,0.0271,1.3666,2.175e-05,1.1805,0.0001,2.0414,12.0,0.0687,1.0018,0.2672,2.6487,0.1185,2.2957,0.1066,2.2496,0.0,0.0,0.0,-0.1515,25.0,25.0,38.0,37.0,15.0,0.0,0.0,0.0,0.0,41.1361,0.0,41.1867,0.0,0.0
9041.0,1.7537,0.0942,1.0,0.0794,1.2006,2.056,1.056,2.1857,1.1857,26.6939,2.0678,26.3654,2.0546,100.0,0.0,0.0,0.0,25.0,0.0,26.125,0.0,26.125,0.0,25.125,10.0,0.0,0.0083,52.5052,5.2506,2.0,13.0377,1.4461,-0.0731,1.3557,0.029,1.3668,2.178e-05,1.1808,0.0001,2.0434,12.0,0.0703,1.0019,0.199,2.5207,0.1105,2.2653,0.1012,2.2268,0.0,0.0,0.0,-0.1515,25.0,25.0,38.0,37.0,15.0,0.0,0.0,0.0,0.0,41.136,0.0,41.1868,0.0,0.0
9042.0,1.7543,0.0943,1.0,0.0794,1.2007,2.056,1.056,2.1855,1.1855,26.5683,2.0627,26.3622,2.0545,100.0,0.0,0.0,0.0,25.0,0.0,26.25,0.0,26.125,0.0,25.0,10.0,0.0,0.0082,52.5051,5.2505,2.0,12.9262,1.4446,-0.1062,1.352,0.0263,1.3665,2.174e-05,1.1804,0.0001,2.0376,12.0,0.0694,1.0019,0.2158,2.556,0.108,2.2551,0.0987,2.2163,0.0,0.0,0.0,-0.1515,25.0,25.0,38.0,37.0,14.0,0.0,0.0,0.0,0.0,41.136,0.0,41.1868,0.0,0.0
9043.0,1.7535,0.0942,1.0,0.0796,1.2012,2.0558,1.0558,2.1854,1.1854,26.6048,2.0642,26.3919,2.0557,100.0,0.0,0.0,0.0,25.0,0.0,26.0,0.0,26.0,0.0,25.125,10.0,0.0,0.008,52.5048,5.2505,2.0,12.8839,1.444,-0.1249,1.35,0.0336,1.3673,2.185e-05,1.1816,0.0001,2.0396,12.0,0.0721,1.0019,0.1825,2.4832,0.0963,2.2055,0.0993,2.219,0.0,0.0,0.0,-0.1514,25.0,25.0,38.0,37.0,14.0,0.0,0.0,0.0,0.0,41.1364,0.0,41.1864,0.0,0.0
9044.0,1.754,0.0943,1.0,0.0799,1.202,2.0556,1.0556,2.1854,1.1854,26.7721,2.0709,26.4004,2.056,100.0,0.0,0.0,0.0,25.0,0.0,26.125,0.0,26.125,0.0,25.125,10.0,0.0,0.0082,52.5052,5.2505,2.0,12.7135,1.4417,-0.162,1.346,0.0298,1.3669,2.179e-05,1.181,0.0001,2.0432,12.0,0.0718,1.0019,0.1839,2.4865,0.0901,2.1768,0.0983,2.2143,0.0,0.0,0.0,-0.1519,25.0,25.0,38.0,37.0,12.0,0.0,0.0,0.0,0.0,41.1361,0.0,41.187,0.0,0.0
9045.0,1.7522,0.094,1.0,0.0797,1.2015,2.0559,1.0559,2.1854,1.1854,26.8066,2.0723,26.3812,2.0552,100.0,0.0,0.0,0.0,25.0,0.0,26.0,0.0,26.125,0.0,25.0,10.0,0.0,0.0095,52.5055,5.2506,2.0,12.4943,1.4387,-0.2476,1.3366,0.0325,1.3672,2.184e-05,1.1815,0.0001,2.0383,12.0,0.0711,1.0019,0.1674,2.4455,0.0829,2.1406,0.0823,2.1372,0.0,0.0,0.0,-0.1517,25.0,25.0,38.0,37.0,14.0,0.0,0.0,0.0,0.0,41.1367,0.0,41.1868,0.0,0.0
9046.0,1.7498,0.0937,1.0,0.0798,1.2017,2.0561,1.0561,2.1855,1.1855,26.7054,2.0682,26.3751,2.055,100.0,0.0,0.0,0.0,25.0,0.0,26.125,0.0,26.125,0.0,25.125,10.0,0.0,0.0086,52.5056,5.2506,2.0,12.5013,1.4388,-0.2114,1.3406,0.0297,1.3669,2.177e-05,1.1807,0.0001,2.0435,12.0,0.0729,1.0019,0.1679,2.4468,0.0799,2.1243,0.0905,2.1787,0.0,0.0,0.0,-0.1511,25.0,25.0,38.0,37.0,14.0,0.0,0.0,0.0,0.0,41.1367,0.0,41.1864,0.0,0.0
9047.0,1.7514,0.0939,1.0,0.0795,1.2007,2.0561,1.0561,2.1852,1.1852,26.5784,2.0631,26.372,2.0549,100.0,0.0,0.0,0.0,25.0,0.0,26.125,0.0,26.125,0.0,25.0,10.0,0.0,0.0091,52.5055,5.2506,2.0,12.4469,1.438,-0.2163,1.34,0.029,1.3668,2.183e-05,1.1814,0.0001,2.0408,12.0,0.0615,1.0016,0.1618,2.4309,0.0834,2.1431,0.0854,2.1532,0.0,0.0,0.0,-0.1513,25.0,25.0,38.0,37.0,12.0,0.0,0.0,0.0,0.0,41.1366,0.0,41.1864,0.0,0.0
9048.0,1.7541,0.0943,1.0,0.0794,1.2006,2.0559,1.0559,2.1851,1.1851,26.5991,2.064,26.3853,2.0554,100.0,0.0,0.0,0.0,25.125,0.0,26.125,0.0,26.125,0.0,25.125,10.0,0.0,0.008,52.5058,5.2506,2.0,12.2616,1.4354,-0.2887,1.3321,0.0261,1.3665,2.174e-05,1.1804,0.0001,2.0421,12.0,0.0645,1.0017,0.1514,2.4019,0.1343,2.35,0.0744,2.0936,0.0,0.0,0.0,-0.1516,25.0,25.0,38.0,37.0,13.0,0.0,0.0,0.0,0.0,41.1364,0.0,41.1869,0.0,0.0
9049.0,1.7589,0.0949,1.0,0.0794,1.2007,2.0552,1.0552,2.1854,1.1854,26.7787,2.0711,26.3897,2.0556,100.0,0.0,0.0,0.0,25.0,0.0,26.125,0.0,26.25,0.0,25.125,10.0,0.0,0.0085,52.5057,5.2506,2.0,12.0233,1.432,-0.313,1.3295,0.0254,1.3664,2.181e-05,1.1812,0.0001,2.0446,12.0,0.0622,1.0017,0.155,2.4121,0.1181,2.2942,0.0829,2.1403,0.0,0.0,0.0,-0.1514,25.0,25.0,38.0,37.0,14.0,0.0,0.0,0.0,0.0,41.1365,0.0,41.1868,0.0,0.0
9050.0,1.7611,0.0951,1.0,0.0793,1.2003,2.0555,1.0555,2.1858,1.1858,26.8153,2.0726,26.3706,2.0548,100.0,0.0,0.0,0.0,25.0,0.0,26.125,0.0,26.125,0.0,25.125,10.0,0.0,0.008,52.5054,5.2505,2.0,12.0865,1.4329,-0.3318,1.3274,0.0319,1.3671,2.185e-05,1.1816,0.0001,2.0388,12.0,0.0607,1.0016,0.1937,2.5091,0.1154,2.2842,0.0752,2.0982,0.0,0.0,0.0,-0.1512,25.0,25.0,38.0,37.0,14.0,0.0,0.0,0.0,0.0,41.1365,0.0,41.1868,0.0,0.0
9051.0,1.7602,0.095,1.0,0.0792,1.2,2.0558,1.0558,2.1857,1.1857,26.7334,2.0693,26.3667,2.0547,100.0,0.0,0.0,0.0,25.0,0.0,26.125,0.0,26.125,0.0,25.125,10.0,0.0,0.008,52.5056,5.2506,2.0,12.0304,1.4321,-0.3177,1.329,0.0271,1.3666,2.179e-05,1.181,0.0001,2.0454,12.0,0.0623,1.0017,0.194,2.5096,0.1075,2.2531,0.065,2.0349,0.0,0.0,0.0,-0.1517,25.0,25.0,38.0,37.0,14.0,0.0,0.0,0.0,0.0,41.1363,0.0,41.1864,0.0,0.0
9052.0,1.7574,0.0947,1.0,0.0794,1.2006,2.0558,1.0558,2.1855,1.1855,26.615,2.0646,26.358,2.0543,100.0,0.0,0.0,0.0,24.875,0.0,26.125,0.0,26.125,0.0,25.125,10.0,0.0,0.0084,52.505,5.2505,2.0,12.0698,1.4327,-0.3066,1.3302,0.0287,1.3668,2.179e-05,1.181,0.0001,2.0439,12.0,0.0611,1.0016,0.1609,2.4285,0.1116,2.2695,0.077,2.1086,0.0,0.0,0.0,-0.1516,25.0,25.0,38.0,37.0,14.0,0.0,0.0,0.0,0.0,41.1363,0.0,41.1865,0.0,0.0
9053.0,1.7562,0.0945,1.0,0.0794,1.2007,2.0556,1.0556,2.1853,1.1853,26.5808,2.0632,26.3732,2.0549,100.0,0.0,0.0,0.0,25.0,0.0,26.125,0.0,26.125,0.0,25.125,10.0,0.0,0.0086,52.5054,5.2505,2.0,11.8066,1.4288,-0.3702,1.3232,0.0254,1.3664,2.179e-05,1.1809,0.0001,2.0392,12.0,0.0626,1.0017,0.1894,2.4992,0.1029,2.2344,0.0743,2.0926,0.0,0.0,0.0,-0.1516,25.0,25.0,38.0,37.0,13.0,0.0,0.0,0.0,0.0,41.1367,0.0,41.1865,0.0,0.0
9054.0,1.7542,0.0943,1.0,0.0796,1.2011,2.0552,1.0552,2.1853,1.1853,26.7459,2.0698,26.3912,2.0556,100.0,0.0,0.0,0.0,24.875,0.0,26.125,0.0,26.125,0.0,25.0,10.0,0.0,0.0087,52.5055,5.2506,2.0,11.8212,1.4291,-0.3437,1.3261,0.0278,1.3667,2.178e-05,1.1809,0.0001,2.0437,12.0,0.0631,1.0017,0.1892,2.4988,0.0927,2.189,0.0783,2.1157,0.0,0.0,0.0,-0.1516,25.0,25.0,38.0,37.0,14.0,0.0,0.0,0.0,0.0,41.1362,0.0,41.1867,0.0,0.0
9055.0,1.753,0.0941,1.0,0.0792,1.2,2.0558,1.0558,2.1855,1.1855,26.8233,2.0729,26.3763,2.0551,100.0,0.0,0.0,0.0,25.0,0.0,26.125,0.0,26.25,0.0,25.125,10.0,0.0,0.0087,52.5058,5.2506,2.0,11.7663,1.4283,-0.3203,1.3287,0.0242,1.3663,2.178e-05,1.1809,0.0001,2.0439,12.0,0.0603,1.0016,0.2229,2.5699,0.0848,2.1505,0.0733,2.0868,0.0,0.0,0.0,-0.1518,25.0,25.0,38.0,37.0,14.0,0.0,0.0,0.0,0.0,41.1363,0.0,41.1863,0.0,0.0
9056.0,1.754,0.0943,1.0,0.0793,1.2003,2.0561,1.0561,2.1853,1.1853,26.7643,2.0706,26.3672,2.0547,100.0,0.0,0.0,0.0,25.0,0.0,26.125,0.0,26.25,0.0,25.125,10.0,0.0,0.0085,52.5056,5.2505,2.0,11.9381,1.4308,-0.2805,1.333,0.0241,1.3663,2.173e-05,1.1804,0.0001,2.0415,12.0,0.0637,1.0017,0.2469,2.6144,0.0817,2.1343,0.07,2.0668,0.0,0.0,0.0,-0.1514,25.0,25.0,38.0,37.0,13.0,0.0,0.0,0.0,0.0,41.1366,0.0,41.1869,0.0,0.0
9057.0,1.754,0.0943,1.0,0.0794,1.2007,2.0558,1.0558,2.1852,1.1852,26.6413,2.0657,26.3621,2.0545,100.0,0.0,0.0,0.0,24.875,0.0,26.125,0.0,26.25,0.0,25.125,10.0,0.0,0.0081,52.5057,5.2506,2.0,11.8956,1.4302,-0.2636,1.3349,0.0231,1.3662,2.18e-05,1.1811,0.0001,2.0458,12.0,0.0672,1.0018,0.211,2.5461,0.0827,2.1394,0.0696,2.0642,0.0,0.0,0.0,-0.1512,25.0,25.0,38.0,37.0,13.0,0.0,0.0,0.0,0.0,41.1364,0.0,41.1869,0.0,0.0
9058.0,1.7534,0.0942,1.0,0.0799,1.202,2.0557,1.0557,2.1854,1.1854,26.5747,2.063,26.373,2.0549,100.0,0.0,0.0,0.0,24.875,0.0,26.125,0.0,26.125,0.0,25.125,10.0,0.0,0.0084,52.5056,5.2505,2.0,11.9076,1.4303,-0.1618,1.346,0.0266,1.3665,2.177e-05,1.1807,0.0001,2.0438,12.0,0.0715,1.0019,0.173,2.4599,0.0833,2.1422,0.069,2.0609,0.0,0.0,0.0,-0.1515,25.0,25.0,38.0,37.0,14.0,0.0,0.0,0.0,0.0,41.1366,0.0,41.1867,0.0,0.0
9059.0,1.752,0.094,1.0,0.0796,1.2012,2.0552,1.0552,2.1853,1.1853,26.7243,2.069,26.3902,2.0556,100.0,0.0,0.0,0.0,25.0,0.0,26.125,0.0,26.125,0.0,25.125,10.0,0.0,0.0084,52.5054,5.2505,2.0,12.3131,1.4361,-0.0018,1.3634,0.0246,1.3663,2.178e-05,1.1809,0.0001,2.0367,12.0,0.0752,1.002,0.1828,2.4838,0.0741,2.0917,0.0723,2.0811,0.0,0.0,0.0,-0.1515,25.0,25.0,38.0,37.0,13.0,0.0,0.0,0.0,0.0,41.1366,0.0,41.187,0.0,0.0
9060.0,1.7509,0.0939,1.0,0.0798,1.2018,2.0552,1.0552,2.1857,1.1857,26.8225,2.0729,26.3781,2.0551,100.0,0.0,0.0,0.0,25.0,0.0,26.125,0.0,26.25,0.0,25.125,10.0,0.0,0.0083,52.5052,5.2505,2.0,12.6601,1.441,0.0644,1.3707,0.0312,1.367,2.188e-05,1.1819,0.0001,2.0453,12.0,0.0722,1.0019,0.1877,2.4953,0.0664,2.0443,0.0682,2.0555,0.0,0.0,0.0,-0.1516,25.0,25.0,38.0,37.0,14.0,0.0,0.0,0.0,0.0,41.137,0.0,41.1866,0.0,0.0
9061.0,1.7511,0.0939,1.0,0.0798,1.2016,2.0557,1.0557,2.1857,1.1857,26.7698,2.0708,26.3694,2.0548,100.0,0.0,0.0,0.0,24.875,0.0,26.125,0.0,26.125,0.0,25.125,10.0,0.0,0.0081,52.5055,5.2505,2.0,12.648,1.4408,0.0017,1.3638,0.0262,1.3665,2.184e-05,1.1814,0.0001,2.0435,12.0,0.0712,1.0019,0.1782,2.4728,0.0658,2.04,0.0725,2.0819,0.0,0.0,0.0,-0.1515,25.0,25.0,38.0,37.0,14.0,0.0,0.0,0.0,0.0,41.1362,0.0,41.1862,0.0,0.0
9062.0,1.7546,0.0943,1.0,0.0794,1.2007,2.0562,1.0562,2.1857,1.1857,26.6346,2.0654,26.3635,2.0545,100.0,0.0,0.0,0.0,25.0,0.0,26.0,0.0,26.125,0.0,25.0,10.0,0.0,0.0082,52.5054,5.2505,2.0,12.5599,1.4396,0.0542,1.3696,0.0286,1.3668,2.185e-05,1.1816,0.0001,2.0449,12.0,0.0696,1.0019,0.1568,2.4172,0.0649,2.034,0.0615,2.0109,0.0,0.0,0.0,-0.1516,25.0,25.0,38.0,37.0,15.0,0.0,0.0,0.0,0.0,41.1364,0.0,41.1866,0.0,0.0
9063.0,1.7576,0.0947,1.0,0.0794,1.2005,2.056,1.056,2.1854,1.1854,26.5592,2.0624,26.3712,2.0548,100.0,0.0,0.0,0.0,25.0,0.0,26.25,0.0,26.25,0.0,25.125,10.0,0.0,0.0078,52.5054,5.2506,2.0,12.6552,1.4409,0.0455,1.3686,0.0247,1.3663,2.176e-05,1.1806,0.0001,2.0442,12.0,0.0669,1.0018,0.1333,2.3468,0.0645,2.0313,0.0679,2.0534,0.0,0.0,0.0,-0.1512,25.0,25.0,38.0,37.0,16.0,0.0,0.0,0.0,0.0,41.1363,0.0,41.1866,0.0,0.0
9064.0,1.7603,0.095,1.0,0.0795,1.201,2.0554,1.0554,2.1853,1.1853,26.6849,2.0674,26.3859,2.0554,100.0,0.0,0.0,0.0,24.875,0.0,26.125,0.0,26.125,0.0,25.125,10.0,0.0,0.0083,52.5055,5.2505,2.0,12.527,1.4391,-0.0324,1.3601,0.0282,1.3667,2.183e-05,1.1813,0.0001,2.042,12.0,0.0657,1.0018,0.1403,2.3689,0.0577,1.9833,0.0585,1.9887,0.0,0.0,0.0,-0.1516,26.0,25.0,38.0,37.0,12.0,0.0,0.0,0.0,0.0,41.1361,0.0,41.1864,0.0,0.0
9065.0,1.7604,0.095,1.0,0.0797,1.2014,2.0554,1.0554,2.1854,1.1854,26.8246,2.073,26.3821,2.0553,100.0,0.0,0.0,0.0,25.0,0.0,26.125,0.0,26.375,0.0,25.0,10.0,0.0,0.0083,52.5056,5.2506,2.0,12.3746,1.437,-0.0673,1.3563,0.0237,1.3662,2.175e-05,1.1805,0.0001,2.0424,12.0,0.0666,1.0018,0.2222,2.5687,0.0557,1.9679,0.0562,1.9717,0.0,0.0,0.0,-0.1517,26.0,25.0,38.0,37.0,13.0,0.0,0.0,0.0,0.0,41.1366,0.0,41.1867,0.0,0.0
9066.0,1.7603,0.095,1.0,0.0795,1.2009,2.056,1.056,2.1858,1.1858,26.7846,2.0714,26.3683,2.0547,100.0,0.0,0.0,0.0,25.0,0.0,26.25,0.0,26.25,0.0,25.125,10.0,0.0,0.0084,52.5056,5.2506,2.0,12.1984,1.4345,-0.1174,1.3508,0.0251,1.3664,2.181e-05,1.1811,0.0001,2.0453,12.0,0.0639,1.0017,0.1953,2.5125,0.0555,1.9665,0.0617,2.012,0.0,0.0,0.0,-0.1517,26.0,25.0,38.0,37.0,14.0,0.0,0.0,0.0,0.0,41.136,0.0,41.1868,0.0,0.0
9067.0,1.7623,0.0953,1.0,0.0796,1.201,2.056,1.056,2.1857,1.1857,26.6745,2.067,26.3649,2.0546,100.0,0.0,0.0,0.0,25.0,0.0,26.125,0.0,26.125,0.0,25.125,10.0,0.0,0.0086,52.5057,5.2506,2.0,12.3758,1.437,-0.038,1.3595,0.0216,1.366,2.177e-05,1.1808,0.0001,2.0426,12.0,0.0664,1.0018,0.2039,2.5313,0.0487,1.909,0.056,1.9697,0.0,0.0,0.0,-0.1511,26.0,25.0,38.0,37.0,13.0,0.0,0.0,0.0,0.0,41.1361,0.0,41.1865,0.0,0.0
9068.0,1.7636,0.0955,1.0,0.0795,1.201,2.0557,1.0557,2.1854,1.1854,26.5579,2.0623,26.3688,2.0548,100.0,0.0,0.0,0.0,25.0,0.0,26.125,0.0,26.125,0.0,25.125,10.0,0.0,0.0083,52.5057,5.2505,2.0,12.3483,1.4366,-0.0755,1.3554,0.023,1.3661,2.181e-05,1.1811,0.0001,2.0456,12.0,0.0679,1.0018,0.1876,2.495,0.0461,1.8858,0.0637,2.0257,0.0,0.0,0.0,-0.1514,25.0,25.0,38.0,37.0,13.0,0.0,0.0,0.0,0.0,41.1359,0.0,41.1866,0.0,0.0
9069.0,1.7629,0.0954,1.0,0.0795,1.201,2.0553,1.0553,2.1853,1.1853,26.639,2.0656,26.3838,2.0554,100.0,0.0,0.0,0.0,25.0,0.0,26.25,0.0,26.125,0.0,25.125,10.0,0.0,0.008,52.5055,5.2506,2.0,12.1416,1.4337,-0.128,1.3497,0.0196,1.3658,2.174e-05,1.1805,0.0001,2.0463,12.0,0.0633,1.0017,0.1778,2.4717,0.0435,1.8604,0.0691,2.0616,0.0,0.0,0.0,-0.1518,25.0,25.0,38.0,37.0,14.0,0.0,0.0,0.0,0.0,41.1358,0.0,41.1865,0.0,0.0
9070.0,1.7622,0.0953,1.0,0.0793,1.2003,2.0551,1.0551,2.1854,1.1854,26.7936,2.0717,26.3889,2.0556,100.0,0.0,0.0,0.0,25.0,0.0,26.125,0.0,26.125,0.0,25.125,10.0,0.0,0.0077,52.5055,5.2506,2.0,12.2817,1.4357,-0.0491,1.3583,0.0263,1.3665,2.181e-05,1.1812,0.0001,2.0429,12.0,0.0621,1.0017,0.1736,2.4614,0.0458,1.8824,0.065,2.035,0.0,0.0,0.0,-0.1517,25.0,25.0,38.0,37.0,13.0,0.0,0.0,0.0,0.0,41.1363,0.0,41.186,0.0,0.0
9071.0,1.7612,0.0951,1.0,0.0793,1.2003,2.0556,1.0556,2.1858,1.1858,26.7974,2.0719,26.3709,2.0548,100.0,0.0,0.0,0.0,25.0,0.0,26.125,0.0,26.25,0.0,25.125,10.0,0.0,0.0078,52.5052,5.2505,2.0,12.4156,1.4376,0.0005,1.3637,0.0198,1.3658,2.176e-05,1.1806,0.0001,2.0424,12.0,0.063,1.0017,0.141,2.3711,0.0428,1.8533,0.0572,1.9792,0.0,0.0,0.0,-0.1514,25.0,25.0,38.0,37.0,14.0,0.0,0.0,0.0,0.0,41.1358,0.0,41.1863,0.0,0.0
9072.0,1.7589,0.0949,1.0,0.0794,1.2006,2.0558,1.0558,2.1857,1.1857,26.6883,2.0675,26.3649,2.0546,100.0,0.0,0.0,0.0,25.0,0.0,26.125,0.0,26.125,0.0,25.125,10.0,0.0,0.0081,52.5056,5.2506,2.0,12.4977,1.4387,-0.0209,1.3614,0.0241,1.3663,2.183e-05,1.1814,0.0001,2.0446,12.0,0.0617,1.0016,0.1551,2.4124,0.0432,1.8569,0.0589,1.992,0.0,0.0,0.0,-0.1513,25.0,25.0,38.0,37.0,14.0,0.0,0.0,0.0,0.0,41.1361,0.0,41.1866,0.0,0.0
9073.0,1.7559,0.0945,1.0,0.0794,1.2006,2.0558,1.0558,2.1855,1.1855,26.5706,2.0628,26.3579,2.0543,100.0,0.0,0.0,0.0,25.0,0.0,26.125,0.0,26.125,0.0,25.0,10.0,0.0,0.0084,52.5054,5.2505,2.0,12.433,1.4378,-0.0237,1.3611,0.0175,1.3655,2.17e-05,1.18,0.0001,2.0431,12.0,0.0631,1.0017,0.1526,2.4054,0.0382,1.8045,0.0484,1.9067,0.0,0.0,0.0,-0.1513,25.0,25.0,38.0,37.0,12.0,0.0,0.0,0.0,0.0,41.1362,0.0,41.1867,0.0,0.0
9074.0,1.7535,0.0942,1.0,0.0796,1.2012,2.055,1.055,2.1856,1.1856,26.6305,2.0652,26.3738,2.055,100.0,0.0,0.0,0.0,25.0,0.0,26.125,0.0,26.125,0.0,25.125,10.0,0.0,0.0083,52.5056,5.2506,2.0,12.2468,1.4352,-0.0792,1.355,0.0239,1.3662,2.182e-05,1.1812,0.0001,2.046,12.0,0.0609,1.0016,0.1359,2.355,0.0395,1.8187,0.0473,1.8964,0.0,0.0,0.0,-0.1513,25.0,25.0,38.0,37.0,14.0,0.0,0.0,0.0,0.0,41.1365,0.0,41.1867,0.0,0.0
9075.0,1.7509,0.0939,1.0,0.0795,1.2008,2.0551,1.0551,2.1854,1.1854,26.7966,2.0719,26.3837,2.0553,100.0,0.0,0.0,0.0,25.0,0.0,26.125,0.0,26.125,0.0,25.125,10.0,0.0,0.0079,52.5057,5.2505,2.0,12.2258,1.4349,-0.0881,1.354,0.0225,1.3661,2.174e-05,1.1804,0.0001,2.0427,12.0,0.0604,1.0016,0.2128,2.5498,0.0325,1.7332,0.0731,2.0857,0.0,0.0,0.0,-0.1517,25.0,25.0,38.0,37.0,12.0,0.0,0.0,0.0,0.0,41.1364,0.0,41.1871,0.0,0.0
9076.0,1.7509,0.0939,1.0,0.0793,1.2002,2.0559,1.0559,2.1856,1.1856,26.8093,2.0724,26.3734,2.0549,100.0,0.0,0.0,0.0,25.0,0.0,26.125,0.0,26.125,0.0,25.125,10.0,0.0,0.0078,52.5055,5.2506,2.0,12.1822,1.4343,-0.1026,1.3524,0.0224,1.3661,2.18e-05,1.181,0.0001,2.0374,12.0,0.0593,1.0016,0.2125,2.5491,0.0329,1.7392,0.0747,2.0953,0.0,0.0,0.0,-0.1514,25.0,25.0,38.0,37.0,15.0,0.0,0.0,0.0,0.0,41.1363,0.0,41.1864,0.0,0.0
9077.0,1.7509,0.0939,1.0,0.0792,1.2,2.0558,1.0558,2.1857,1.1857,26.7106,2.0684,26.3604,2.0544,100.0,0.0,0.0,0.0,24.875,0.0,26.125,0.0,26.125,0.0,25.125,10.0,0.0,0.0085,52.5057,5.2505,2.0,12.0758,1.4328,-0.1124,1.3514,0.0216,1.366,2.174e-05,1.1805,0.0001,2.0452,12.0,0.0622,1.0017,0.1669,2.4443,0.0294,1.6895,0.0715,2.0762,0.0,0.0,0.0,-0.1511,25.0,25.0,38.0,37.0,15.0,0.0,0.0,0.0,0.0,41.1363,0.0,41.1861,0.0,0.0
9078.0,1.7498,0.0937,1.0,0.0792,1.2,2.0558,1.0558,2.1854,1.1854,26.5757,2.063,26.3579,2.0543,100.0,0.0,0.0,0.0,25.0,0.0,26.25,0.0,26.125,0.0,25.125,10.0,0.0,0.0079,52.5054,5.2506,2.0,12.2048,1.4346,-0.0201,1.3614,0.0198,1.3658,2.178e-05,1.1808,0.0001,2.0409,12.0,0.0612,1.0016,0.2047,2.5329,0.0323,1.7305,0.0699,2.0661,0.0,0.0,0.0,-0.1513,25.0,25.0,38.0,37.0,15.0,0.0,0.0,0.0,0.0,41.1362,0.0,41.1868,0.0,0.0
9079.0,1.7479,0.0935,1.0,0.0794,1.2006,2.0557,1.0557,2.1852,1.1852,26.5952,2.0638,26.3811,2.0552,100.0,0.0,0.0,0.0,25.0,0.0,26.125,0.0,26.125,0.0,25.125,10.0,0.0,0.0087,52.5059,5.2506,2.0,12.4141,1.4376,0.0287,1.3668,0.0187,1.3657,2.171e-05,1.18,0.0001,2.0378,12.0,0.062,1.0017,0.1547,2.4112,0.0279,1.6669,0.062,2.0141,0.0,0.0,0.0,-0.1516,25.0,25.0,38.0,37.0,14.0,0.0,0.0,0.0,0.0,41.1368,0.0,41.1872,0.0,0.0
9080.0,1.744,0.093,1.0,0.0794,1.2007,2.0555,1.0555,2.1849,1.1849,26.7658,2.0706,26.3956,2.0558,100.0,0.0,0.0,0.0,25.0,0.0,26.125,0.0,26.125,0.0,25.125,10.0,0.0,0.0083,52.5061,5.2506,2.0,12.5383,1.4393,0.0377,1.3678,0.0244,1.3663,2.183e-05,1.1814,0.0001,2.0438,12.0,0.0689,1.0018,0.2231,2.5703,0.0256,1.6293,0.0566,1.9746,0.0,0.0,0.0,-0.1511,25.0,25.0,38.0,37.0,14.0,0.0,0.0,0.0,0.0,41.137,0.0,41.1866,0.0,0.0
9081.0,1.7427,0.0928,1.0,0.0794,1.2006,2.0555,1.0555,2.1857,1.1857,26.8134,2.0725,26.3767,2.0551,100.0,0.0,0.0,0.0,25.0,0.0,26.125,0.0,26.125,0.0,25.125,10.0,0.0,0.008,52.5058,5.2506,2.0,12.5543,1.4395,0.0753,1.3719,0.018,1.3656,2.171e-05,1.1802,0.0001,2.0425,12.0,0.0635,1.0017,0.2258,2.5755,0.0249,1.6173,0.0754,2.0992,0.0,0.0,0.0,-0.1512,25.0,25.0,38.0,37.0,14.0,0.0,0.0,0.0,0.0,41.1365,0.0,41.187,0.0,0.0
9082.0,1.7436,0.0929,1.0,0.0793,1.2003,2.0558,1.0558,2.1857,1.1857,26.7468,2.0699,26.366,2.0546,100.0,0.0,0.0,0.0,25.0,0.0,26.125,0.0,26.125,0.0,25.0,10.0,0.0,0.008,52.5058,5.2506,2.0,12.4316,1.4378,0.021,1.3659,0.026,1.3665,2.183e-05,1.1814,0.0001,2.0384,12.0,0.0613,1.0016,0.2184,2.5612,0.0231,1.5855,0.073,2.0854,0.0,0.0,0.0,-0.1515,25.0,25.0,38.0,37.0,14.0,0.0,0.0,0.0,0.0,41.136,0.0,41.1866,0.0,0.0
9083.0,1.747,0.0934,1.0,0.0794,1.2007,2.0562,1.0562,2.1856,1.1856,26.6311,2.0652,26.363,2.0545,100.0,0.0,0.0,0.0,25.0,0.0,26.125,0.0,26.125,0.0,25.125,10.0,0.0,0.0082,52.5057,5.2506,2.0,12.4018,1.4374,-0.0092,1.3626,0.0217,1.366,2.173e-05,1.1803,0.0001,2.033,12.0,0.0638,1.0017,0.1714,2.4559,0.0231,1.5848,0.0635,2.0248,0.0,0.0,0.0,-0.151,25.0,25.0,38.0,37.0,14.0,0.0,0.0,0.0,0.0,41.137,0.0,41.1866,0.0,0.0
9084.0,1.7506,0.0938,1.0,0.0795,1.2009,2.0559,1.0559,2.1849,1.1849,26.5924,2.0637,26.3814,2.0553,100.0,0.0,0.0,0.0,25.0,0.0,26.25,0.0,26.125,0.0,25.125,10.0,0.0,0.0079,52.506,5.2506,2.0,12.3655,1.4369,-0.0112,1.3624,0.0217,1.366,2.175e-05,1.1805,0.0001,2.0384,12.0,0.0626,1.0017,0.1531,2.4068,0.0218,1.5598,0.0722,2.0803,0.0,0.0,0.0,-0.1515,25.0,25.0,38.0,37.0,14.0,0.0,0.0,0.0,0.0,41.1367,0.0,41.1868,0.0,0.0
9085.0,1.7538,0.0942,1.0,0.0795,1.2008,2.0548,1.0548,2.1853,1.1853,26.7633,2.0705,26.3808,2.0552,100.0,0.0,0.0,0.0,25.0,0.0,26.25,0.0,26.375,0.0,25.0,10.0,0.0,0.0087,52.5062,5.2506,2.0,12.1438,1.4337,-0.1308,1.3494,0.0238,1.3662,2.182e-05,1.1813,0.0001,2.0314,12.0,0.0611,1.0016,0.1866,2.4927,0.0202,1.5273,0.0802,2.1262,0.0,0.0,0.0,-0.1516,25.0,25.0,38.0,37.0,13.0,0.0,0.0,0.0,0.0,41.1361,0.0,41.1867,0.0,0.0
9086.0,1.7541,0.0943,1.0,0.0793,1.2003,2.0551,1.0551,2.1857,1.1857,26.8243,2.073,26.3667,2.0547,100.0,0.0,0.0,0.0,25.0,0.0,26.125,0.0,26.125,0.0,25.125,10.0,0.0,0.0089,52.5059,5.2505,2.0,12.2065,1.4346,-0.0017,1.3635,0.021,1.3659,2.179e-05,1.181,0.0001,2.0387,12.0,0.0617,1.0016,0.153,2.4066,0.0181,1.4789,0.0732,2.0866,0.0,0.0,0.0,-0.1515,25.0,25.0,38.0,37.0,13.0,0.0,0.0,0.0,0.0,41.1363,0.0,41.1868,0.0,0.0
9087.0,1.7536,0.0942,1.0,0.0795,1.2009,2.0557,1.0557,2.1857,1.1857,26.7372,2.0695,26.3675,2.0547,100.0,0.0,0.0,0.0,25.0,0.0,26.125,0.0,26.125,0.0,25.25,10.0,0.0,0.0087,52.506,5.2507,2.0,12.509,1.4389,0.0884,1.3733,0.0223,1.3661,2.178e-05,1.1809,0.0001,2.0377,12.0,0.0644,1.0017,0.1384,2.363,0.0206,1.535,0.073,2.0855,0.0,0.0,0.0,-0.1513,25.0,25.0,38.0,37.0,13.0,0.0,0.0,0.0,0.0,41.1367,0.0,41.1866,0.0,0.0
9088.0,1.7543,0.0943,1.0,0.0797,1.2013,2.0558,1.0558,2.1856,1.1856,26.6201,2.0648,26.3576,2.0543,100.0,0.0,0.0,0.0,25.0,0.0,26.25,0.0,26.125,0.0,25.125,10.0,0.0,0.0086,52.5063,5.2506,2.0,12.5697,1.4397,0.0889,1.3733,0.0205,1.3659,2.178e-05,1.1808,0.0001,2.0335,12.0,0.0664,1.0018,0.147,2.3893,0.0178,1.4712,0.0944,2.1967,0.0,0.0,0.0,-0.1516,25.0,25.0,38.0,37.0,14.0,0.0,0.0,0.0,0.0,41.1363,0.0,41.1861,0.0,0.0
9089.0,1.7554,0.0944,1.0,0.0793,1.2004,2.0557,1.0557,2.1854,1.1854,26.5811,2.0632,26.3652,2.0546,100.0,0.0,0.0,0.0,25.0,0.0,26.125,0.0,26.125,0.0,25.125,10.0,0.0,0.0084,52.506,5.2506,2.0,12.773,1.4425,0.0994,1.3745,0.0281,1.3667,2.186e-05,1.1817,0.0001,2.0388,12.0,0.0674,1.0018,0.1251,2.3192,0.0175,1.464,0.1002,2.2227,0.0,0.0,0.0,-0.1516,25.0,25.0,38.0,37.0,13.0,0.0,0.0,0.0,0.0,41.136,0.0,41.1863,0.0,0.0
9090.0,1.7572,0.0946,1.0,0.0797,1.2015,2.0552,1.0552,2.185,1.185,26.7309,2.0692,26.3899,2.0556,100.0,0.0,0.0,0.0,25.0,0.0,26.125,0.0,26.25,0.0,25.25,10.0,0.0,0.0091,52.5062,5.2507,2.0,12.7861,1.4427,0.1568,1.3807,0.02,1.3658,2.175e-05,1.1805,0.0001,2.0378,12.0,0.0713,1.0019,0.1244,2.3167,0.0154,1.4101,0.0945,2.1973,0.0,0.0,0.0,-0.1515,25.0,25.0,38.0,37.0,16.0,0.0,0.0,0.0,0.0,41.136,0.0,41.1863,0.0,0.0
9091.0,1.7572,0.0947,1.0,0.0795,1.2009,2.0556,1.0556,2.1853,1.1853,26.8143,2.0726,26.3802,2.0552,100.0,0.0,0.0,0.0,25.0,0.0,26.125,0.0,26.125,0.0,25.125,10.0,0.0,0.0086,52.5062,5.2507,2.0,12.7242,1.4419,0.1063,1.3752,0.0248,1.3663,2.178e-05,1.1809,0.0001,2.0357,12.0,0.0633,1.0017,0.1223,2.3093,0.0149,1.3937,0.0944,2.197,0.0,0.0,0.0,-0.1516,25.0,25.0,38.0,37.0,15.0,0.0,0.0,0.0,0.0,41.136,0.0,41.1862,0.0,0.0
9092.0,1.7572,0.0947,1.0,0.0795,1.201,2.0557,1.0557,2.1857,1.1857,26.7613,2.0705,26.3691,2.0548,100.0,0.0,0.0,0.0,25.0,0.0,26.125,0.0,26.25,0.0,25.125,10.0,0.0,0.009,52.506,5.2506,2.0,12.7217,1.4418,0.1253,1.3773,0.0178,1.3656,2.176e-05,1.1807,0.0001,2.0373,12.0,0.066,1.0018,0.1065,2.2492,0.0152,1.4025,0.0967,2.2074,0.0,0.0,0.0,-0.1514,25.0,25.0,38.0,37.0,13.0,0.0,0.0,0.0,0.0,41.1362,0.0,41.1867,0.0,0.0
9093.0,1.7562,0.0945,1.0,0.0796,1.2012,2.056,1.056,2.1856,1.1856,26.6579,2.0663,26.363,2.0545,100.0,0.0,0.0,0.0,25.125,0.0,26.25,0.0,26.125,0.0,25.0,10.0,0.0,0.0083,52.5058,5.2506,2.0,12.6009,1.4402,0.1084,1.3755,0.026,1.3665,2.182e-05,1.1813,0.0001,2.0389,12.0,0.0675,1.0018,0.1953,2.5125,0.0133,1.3466,0.0855,2.1539,0.0,0.0,0.0,-0.1515,25.0,25.0,38.0,37.0,12.0,0.0,0.0,0.0,0.0,41.1361,0.0,41.1861,0.0,0.0
9094.0,1.7543,0.0943,1.0,0.0797,1.2014,2.0562,1.0562,2.1854,1.1854,26.5709,2.0628,26.3703,2.0548,100.0,0.0,0.0,0.0,24.875,0.0,26.375,0.0,26.125,0.0,25.0,10.0,0.0,0.0083,52.506,5.2506,2.0,12.882,1.444,0.1867,1.384,0.0219,1.366,2.176e-05,1.1806,0.0001,2.0329,12.0,0.0723,1.0019,0.1958,2.5138,0.0143,1.3772,0.0833,2.1426,0.0,0.0,0.0,-0.1513,25.0,25.0,38.0,37.0,14.0,0.0,0.0,0.0,0.0,41.1362,0.0,41.1862,0.0,0.0
9095.0,1.7533,0.0942,1.0,0.0799,1.202,2.0553,1.0553,2.1853,1.1853,26.6853,2.0674,26.3874,2.0555,100.0,0.0,0.0,0.0,25.0,0.0,26.125,0.0,26.125,0.0,25.0,10.0,0.0,0.0085,52.506,5.2506,2.0,12.8389,1.4434,0.1082,1.3754,0.025,1.3664,2.184e-05,1.1815,0.0001,2.0401,12.0,0.0703,1.0019,0.1642,2.4373,0.0118,1.2921,0.0882,2.1674,0.0,0.0,0.0,-0.1511,25.0,25.0,38.0,37.0,14.0,0.0,0.0,0.0,0.0,41.1358,0.0,41.1863,0.0,0.0
9096.0,1.753,0.0941,1.0,0.0796,1.2013,2.0552,1.0552,2.1855,1.1855,26.8193,2.0728,26.3738,2.055,100.0,0.0,0.0,0.0,25.0,0.0,26.25,0.0,26.125,0.0,25.125,10.0,0.0,0.0086,52.5061,5.2506,2.0,12.7269,1.4419,0.1182,1.3765,0.0223,1.3661,2.18e-05,1.1811,0.0001,2.0405,12.0,0.069,1.0018,0.1809,2.4794,0.0131,1.3399,0.095,2.1996,0.0,0.0,0.0,-0.1516,25.0,25.0,38.0,37.0,13.0,0.0,0.0,0.0,0.0,41.136,0.0,41.1864,0.0,0.0
9097.0,1.753,0.0941,1.0,0.0795,1.2008,2.0557,1.0557,2.1857,1.1857,26.7792,2.0712,26.3652,2.0546,100.0,0.0,0.0,0.0,25.0,0.0,26.125,0.0,26.25,0.0,25.125,10.0,0.0,0.008,52.5063,5.2507,2.0,12.7161,1.4417,0.072,1.3715,0.0238,1.3662,2.181e-05,1.1812,0.0001,2.0392,12.0,0.0704,1.0019,0.1546,2.4111,0.0112,1.2707,0.094,2.195,0.0,0.0,0.0,-0.1514,25.0,25.0,38.0,37.0,15.0,0.0,0.0,0.0,0.0,41.136,0.0,41.1863,0.0,0.0
9098.0,1.7526,0.0941,1.0,0.0795,1.2009,2.0558,1.0558,2.1857,1.1857,26.6818,2.0673,26.3629,2.0545,100.0,0.0,0.0,0.0,24.875,0.0,26.125,0.0,26.25,0.0,25.125,10.0,0.0,0.0088,52.5066,5.2507,2.0,12.751,1.4422,0.1039,1.375,0.02,1.3658,2.177e-05,1.1807,0.0001,2.0424,12.0,0.0691,1.0018,0.1361,2.3557,0.062,2.0142,0.0888,2.1702,0.0,0.0,0.0,-0.1513,25.0,25.0,38.0,37.0,15.0,0.0,0.0,0.0,0.0,41.1367,0.0,41.1867,0.0,0.0
9099.0,1.7509,0.0939,1.0,0.0793,1.2004,2.0561,1.0561,2.1854,1.1854,26.5649,2.0626,26.367,2.0547,100.0,0.0,0.0,0.0,25.0,0.0,26.125,0.0,26.125,0.0,25.125,10.0,0.0,0.009,52.5065,5.2507,2.0,12.5899,1.44,0.0771,1.3721,0.0205,1.3659,2.18e-05,1.1811,0.0001,2.0363,12.0,0.067,1.0018,0.2402,2.6024,0.059,1.993,0.0934,2.1924,0.0,0.0,0.0,-0.1512,25.0,25.0,38.0,37.0,15.0,0.0,0.0,0.0,0.0,41.136,0.0,41.1862,0.0,0.0
9100.0,1.7496,0.0937,1.0,0.0794,1.2006,2.0558,1.0558,2.1853,1.1853,26.64,2.0656,26.385,2.0554,100.0,0.0,0.0,0.0,25.0,0.0,26.125,0.0,26.125,0.0,25.0,10.0,0.0,0.0086,52.5061,5.2506,2.0,12.8421,1.4435,0.1403,1.3789,0.0162,1.3654,2.175e-05,1.1805,0.0001,2.041,12.0,0.0633,1.0017,0.1953,2.5125,0.0562,1.9718,0.0804,2.127,0.0,0.0,0.0,-0.1515,25.0,25.0,38.0,37.0,13.0,0.0,0.0,0.0,0.0,41.1361,0.0,41.186,0.0,0.0
9101.0,1.7488,0.0936,1.0,0.0794,1.2007,2.0554,1.0554,2.1855,1.1855,26.8148,2.0726,26.3864,2.0555,100.0,0.0,0.0,0.0,25.0,0.0,26.25,0.0,26.25,0.0,25.125,10.0,0.0,0.0084,52.5063,5.2506,2.0,12.843,1.4435,0.0982,1.3744,0.0184,1.3656,2.176e-05,1.1807,0.0001,2.0412,12.0,0.0608,1.0016,0.1932,2.5078,0.0572,1.979,0.1062,2.2479,0.0,0.0,0.0,-0.1513,25.0,25.0,38.0,37.0,15.0,0.0,0.0,0.0,0.0,41.1366,0.0,41.1867,0.0,0.0
9102.0,1.7498,0.0937,1.0,0.0795,1.2009,2.0556,1.0556,2.1858,1.1858,26.8075,2.0723,26.3729,2.0549,100.0,0.0,0.0,0.0,25.0,0.0,26.25,0.0,26.125,0.0,25.125,10.0,0.0,0.0085,52.5062,5.2506,2.0,12.6987,1.4415,0.0096,1.3647,0.0178,1.3656,2.178e-05,1.1808,0.0001,2.04,12.0,0.0689,1.0018,0.1669,2.4443,0.0528,1.9445,0.1016,2.2287,0.0,0.0,0.0,-0.1517,25.0,25.0,38.0,37.0,13.0,0.0,0.0,0.0,0.0,41.1362,0.0,41.1865,0.0,0.0
9103.0,1.75,0.0937,1.0,0.0794,1.2006,2.0562,1.0562,2.1853,1.1853,26.7005,2.068,26.3643,2.0546,100.0,0.0,0.0,0.0,25.0,0.0,26.125,0.0,26.25,0.0,25.125,10.0,0.0,0.008,52.5064,5.2506,2.0,12.4354,1.4379,-0.0643,1.3566,0.0243,1.3663,2.182e-05,1.1813,0.0001,2.0428,12.0,0.0677,1.0018,0.1843,2.4873,0.0555,1.9665,0.0945,2.1974,0.0,0.0,0.0,-0.1513,25.0,25.0,38.0,37.0,14.0,0.0,0.0,0.0,0.0,41.1365,0.0,41.1864,0.0,0.0
9104.0,1.7498,0.0937,1.0,0.0794,1.2006,2.0561,1.0561,2.1852,1.1852,26.5829,2.0633,26.36,2.0544,100.0,0.0,0.0,0.0,25.0,0.0,26.125,0.0,26.125,0.0,25.125,10.0,0.0,0.0083,52.5065,5.2506,2.0,12.3296,1.4364,-0.058,1.3573,0.0161,1.3654,2.175e-05,1.1805,0.0001,2.043,12.0,0.0654,1.0017,0.1537,2.4085,0.0447,1.8718,0.1026,2.233,0.0,0.0,0.0,-0.151,25.0,25.0,38.0,37.0,14.0,0.0,0.0,0.0,0.0,41.1362,0.0,41.1867,0.0,0.0
9105.0,1.7488,0.0936,1.0,0.0794,1.2005,2.0555,1.0555,2.1853,1.1853,26.6148,2.0646,26.3804,2.0552,100.0,0.0,0.0,0.0,25.0,0.0,26.125,0.0,26.125,0.0,25.125,10.0,0.0,0.0083,52.5063,5.2506,2.0,12.404,1.4374,0.01,1.3647,0.0162,1.3654,2.168e-05,1.1798,0.0001,2.0395,12.0,0.0631,1.0017,0.162,2.4314,0.0482,1.905,0.1058,2.2462,0.0,0.0,0.0,-0.1515,25.0,25.0,38.0,37.0,13.0,0.0,0.0,0.0,0.0,41.1362,0.0,41.1864,0.0,0.0
9106.0,1.7497,0.0937,1.0,0.0796,1.2011,2.0551,1.0551,2.1854,1.1854,26.7796,2.0712,26.3825,2.0553,100.0,0.0,0.0,0.0,25.0,0.0,26.25,0.0,26.125,0.0,25.0,10.0,0.0,0.0078,52.5061,5.2506,2.0,12.5806,1.4399,0.0765,1.372,0.0151,1.3653,2.172e-05,1.1802,0.0001,2.0426,12.0,0.0618,1.0016,0.1663,2.4428,0.0408,1.8328,0.0947,2.1984,0.0,0.0,0.0,-0.1511,25.0,25.0,38.0,37.0,14.0,0.0,0.0,0.0,0.0,41.1366,0.0,41.1866,0.0,0.0
9107.0,1.7509,0.0939,1.0,0.0795,1.2009,2.0556,1.0556,2.1858,1.1858,26.8061,2.0722,26.3713,2.0549,100.0,0.0,0.0,0.0,25.0,0.0,26.125,0.0,26.25,0.0,25.125,10.0,0.0,0.0082,52.5062,5.2506,2.0,12.803,1.4429,0.0896,1.3734,0.02,1.3658,2.178e-05,1.1809,0.0001,2.04,12.0,0.0614,1.0016,0.1273,2.3268,0.047,1.8942,0.1007,2.225,0.0,0.0,0.0,-0.1513,25.0,25.0,38.0,37.0,14.0,0.0,0.0,0.0,0.0,41.1363,0.0,41.1869,0.0,0.0
9108.0,1.7509,0.0939,1.0,0.0793,1.2003,2.056,1.056,2.1857,1.1857,26.7102,2.0684,26.3658,2.0546,100.0,0.0,0.0,0.0,25.0,0.0,26.25,0.0,26.25,0.0,25.125,10.0,0.0,0.0086,52.5059,5.2506,2.0,12.7204,1.4418,0.0744,1.3718,0.0125,1.365,2.166e-05,1.1795,0.0001,2.0344,12.0,0.0618,1.0016,0.1321,2.3427,0.0385,1.8075,0.0834,2.1433,0.0,0.0,0.0,-0.1516,25.0,25.0,38.0,37.0,14.0,0.0,0.0,0.0,0.0,41.1365,0.0,41.1869,0.0,0.0
9109.0,1.7519,0.094,1.0,0.0792,1.2001,2.0562,1.0562,2.1851,1.1851,26.583,2.0633,26.3672,2.0547,100.0,0.0,0.0,0.0,25.125,0.0,26.125,0.0,26.25,0.0,25.125,10.0,0.0,0.0088,52.5062,5.2507,2.0,12.8983,1.4442,0.1337,1.3782,0.0175,1.3655,2.178e-05,1.1808,0.0001,2.0428,12.0,0.0603,1.0016,0.1389,2.3645,0.0408,1.8326,0.0922,2.1864,0.0,0.0,0.0,-0.1512,26.0,25.0,38.0,37.0,14.0,0.0,0.0,0.0,0.0,41.1365,0.0,41.1861,0.0,0.0
9110.0,1.7509,0.0939,1.0,0.0793,1.2004,2.0558,1.0558,2.1849,1.1849,26.6165,2.0647,26.3909,2.0556,100.0,0.0,0.0,0.0,25.0,0.0,26.125,0.0,26.25,0.0,25.125,10.0,0.0,0.0082,52.5065,5.2506,2.0,12.7832,1.4427,0.0694,1.3712,0.0118,1.3649,2.164e-05,1.1794,0.0001,2.0397,12.0,0.0617,1.0016,0.1022,2.2312,0.0373,1.7936,0.0881,2.1667,0.0,0.0,0.0,-0.1512,26.0,25.0,38.0,37.0,12.0,0.0,0.0,0.0,0.0,41.1365,0.0,41.1865,0.0,0.0
9111.0,1.7509,0.0939,1.0,0.0793,1.2003,2.0553,1.0553,2.1853,1.1853,26.7894,2.0716,26.3905,2.0556,100.0,0.0,0.0,0.0,24.875,0.0,26.125,0.0,26.125,0.0,25.125,10.0,0.0,0.0092,52.5066,5.2507,2.0,12.6469,1.4408,0.0002,1.3637,0.017,1.3655,2.176e-05,1.1806,0.0001,2.042,12.0,0.0633,1.0017,0.1799,2.477,0.0357,1.775,0.0731,2.0858,0.0,0.0,0.0,-0.1516,26.0,25.0,38.0,37.0,13.0,0.0,0.0,0.0,0.0,41.1362,0.0,41.1867,0.0,0.0
9112.0,1.7509,0.0939,1.0,0.0794,1.2005,2.0554,1.0554,2.1858,1.1858,26.8211,2.0728,26.3756,2.055,100.0,0.0,0.0,0.0,25.0,0.0,26.25,0.0,26.125,0.0,25.25,10.0,0.0,0.0087,52.5068,5.2507,2.0,12.5792,1.4399,0.0229,1.3661,0.0154,1.3653,2.17e-05,1.18,0.0001,2.0406,12.0,0.0614,1.0016,0.184,2.4866,0.0317,1.7225,0.0759,2.1021,0.0,0.0,0.0,-0.1515,26.0,25.0,38.0,37.0,14.0,0.0,0.0,0.0,0.0,41.1364,0.0,41.1863,0.0,0.0
9113.0,1.7499,0.0937,1.0,0.0794,1.2006,2.0558,1.0558,2.1857,1.1857,26.7576,2.0703,26.3676,2.0547,100.0,0.0,0.0,0.0,25.0,0.0,26.125,0.0,26.125,0.0,25.25,10.0,0.0,0.0087,52.5067,5.2507,2.0,12.6178,1.4404,0.0152,1.3653,0.0188,1.3657,2.177e-05,1.1807,0.0001,2.0422,12.0,0.0655,1.0017,0.1535,2.4081,0.0313,1.718,0.0895,2.1735,0.0,0.0,0.0,-0.1514,25.0,25.0,38.0,37.0,15.0,0.0,0.0,0.0,0.0,41.1364,0.0,41.1865,0.0,0.0
9114.0,1.7489,0.0936,1.0,0.0795,1.2009,2.0562,1.0562,2.1856,1.1856,26.6246,2.065,26.373,2.0549,100.0,0.0,0.0,0.0,25.0,0.0,26.125,0.0,26.125,0.0,25.125,10.0,0.0,0.0085,52.5064,5.2506,2.0,12.6365,1.4407,0.0466,1.3687,0.012,1.3649,2.169e-05,1.1798,0.0001,2.0362,12.0,0.0664,1.0018,0.1829,2.4841,0.0305,1.7068,0.0779,2.1132,0.0,0.0,0.0,-0.1515,25.0,25.0,38.0,37.0,14.0,0.0,0.0,0.0,0.0,41.1361,0.0,41.1865,0.0,0.0
9115.0,1.7508,0.0939,1.0,0.0792,1.2002,2.0561,1.0561,2.1854,1.1854,26.5795,2.0632,26.3825,2.0553,100.0,0.0,0.0,0.0,25.0,0.0,26.25,0.0,26.125,0.0,25.125,10.0,0.0,0.0089,52.5064,5.2506,2.0,12.7178,1.4418,0.0531,1.3694,0.0188,1.3657,2.175e-05,1.1805,0.0001,2.0432,12.0,0.0621,1.0017,0.1634,2.4351,0.0276,1.6625,0.0787,2.1178,0.0,0.0,0.0,-0.1516,25.0,25.0,38.0,37.0,13.0,0.0,0.0,0.0,0.0,41.1357,0.0,41.1862,0.0,0.0
9116.0,1.7509,0.0939,1.0,0.0795,1.2007,2.0553,1.0553,2.1854,1.1854,26.7793,2.0712,26.3914,2.0557,100.0,0.0,0.0,0.0,25.0,0.0,26.375,0.0,26.125,0.0,25.125,10.0,0.0,0.0084,52.5064,5.2507,2.0,12.7435,1.4421,0.0556,1.3697,0.0198,1.3658,2.175e-05,1.1805,0.0001,2.0359,12.0,0.0627,1.0017,0.1442,2.3808,0.0294,1.6898,0.082,2.1359,0.0,0.0,0.0,-0.1514,25.0,25.0,38.0,37.0,14.0,0.0,0.0,0.0,0.0,41.1362,0.0,41.1861,0.0,0.0
9117.0,1.7509,0.0939,1.0,0.0793,1.2003,2.0554,1.0554,2.1858,1.1858,26.8235,2.0729,26.3762,2.055,100.0,0.0,0.0,0.0,25.0,0.0,26.25,0.0,26.125,0.0,25.125,10.0,0.0,0.0081,52.5063,5.2506,2.0,12.5271,1.4391,-0.0792,1.355,0.0156,1.3653,2.174e-05,1.1804,0.0001,2.0398,12.0,0.063,1.0017,0.1461,2.3864,0.0267,1.6481,0.0751,2.0976,0.0,0.0,0.0,-0.1516,25.0,25.0,38.0,37.0,14.0,0.0,0.0,0.0,0.0,41.1359,0.0,41.1866,0.0,0.0
9118.0,1.7499,0.0937,1.0,0.0793,1.2004,2.0557,1.0557,2.1857,1.1857,26.7458,2.0698,26.3665,2.0547,100.0,0.0,0.0,0.0,25.0,0.0,26.125,0.0,26.125,0.0,25.0,10.0,0.0,0.008,52.5062,5.2506,2.0,12.2911,1.4358,-0.0534,1.3578,0.0167,1.3655,2.168e-05,1.1798,0.0001,2.0421,12.0,0.0601,1.0016,0.1457,2.3852,0.0239,1.5998,0.0684,2.0568,0.0,0.0,0.0,-0.1515,25.0,25.0,38.0,37.0,14.0,0.0,0.0,0.0,0.0,41.1359,0.0,41.1863,0.0,0.0
9119.0,1.7506,0.0938,1.0,0.0792,1.2002,2.0558,1.0558,2.1855,1.1855,26.6132,2.0645,26.3634,2.0545,100.0,0.0,0.0,0.0,25.0,0.0,26.25,0.0,26.125,0.0,25.25,10.0,0.0,0.0082,52.5065,5.2506,2.0,12.2062,1.4346,-0.1581,1.3464,0.0156,1.3653,2.173e-05,1.1803,0.0001,2.0366,12.0,0.0623,1.0017,0.1311,2.3393,0.0238,1.5977,0.071,2.0729,0.0,0.0,0.0,-0.1516,25.0,25.0,38.0,37.0,13.0,0.0,0.0,0.0,0.0,41.1359,0.0,41.1863,0.0,0.0
9120.0,1.751,0.0939,1.0,0.0794,1.2007,2.0561,1.0561,2.1854,1.1854,26.5712,2.0628,26.3818,2.0553,100.0,0.0,0.0,0.0,25.0,0.0,26.125,0.0,26.25,0.0,25.125,10.0,0.0,0.0086,52.5063,5.2506,2.0,12.1268,1.4335,-0.1645,1.3457,0.0156,1.3653,2.167e-05,1.1797,0.0001,2.0426,12.0,0.0619,1.0017,0.1062,2.248,0.0209,1.5423,0.0625,2.0179,0.0,0.0,0.0,-0.1515,25.0,25.0,38.0,37.0,14.0,0.0,0.0,0.0,0.0,41.1361,0.0,41.1867,0.0,0.0
9121.0,1.7531,0.0941,1.0,0.0794,1.2005,2.0558,1.0558,2.185,1.185,26.727,2.0691,26.3991,2.056,100.0,0.0,0.0,0.0,25.0,0.0,26.125,0.0,26.125,0.0,25.125,10.0,0.0,0.0079,52.5062,5.2506,2.0,12.1198,1.4334,-0.1506,1.3472,0.0158,1.3654,2.173e-05,1.1803,0.0001,2.0407,12.0,0.0598,1.0016,0.1631,2.4343,0.0216,1.5554,0.0598,1.9985,0.0,0.0,0.0,-0.1517,25.0,25.0,38.0,37.0,14.0,0.0,0.0,0.0,0.0,41.1361,0.0,41.1863,0.0,0.0
9122.0,1.7541,0.0943,1.0,0.0793,1.2004,2.0559,1.0559,2.1852,1.1852,26.8162,2.0726,26.3934,2.0557,100.0,0.0,0.0,0.0,25.125,0.0,26.125,0.0,26.125,0.0,25.125,10.0,0.0,0.0085,52.5062,5.2506,2.0,12.0261,1.432,-0.1528,1.347,0.0123,1.365,2.166e-05,1.1795,0.0001,2.0399,12.0,0.0634,1.0017,0.1543,2.4102,0.0198,1.5179,0.0654,2.0373,0.0,0.0,0.0,-0.1518,25.0,25.0,38.0,37.0,14.0,0.0,0.0,0.0,0.0,41.1363,0.0,41.1864,0.0,0.0
9123.0,1.7551,0.0944,1.0,0.0794,1.2006,2.0562,1.0562,2.1853,1.1853,26.7585,2.0703,26.378,2.0551,100.0,0.0,0.0,0.0,25.0,0.0,26.125,0.0,26.25,0.0,25.125,10.0,0.0,0.0079,52.5062,5.2506,2.0,12.1357,1.4336,-0.1296,1.3495,0.0157,1.3654,2.173e-05,1.1803,0.0001,2.0421,12.0,0.0637,1.0017,0.1549,2.412,0.0189,1.4978,0.0609,2.0066,0.0,0.0,0.0,-0.1515,25.0,25.0,38.0,37.0,14.0,0.0,0.0,0.0,0.0,41.1365,0.0,41.1865,0.0,0.0
9124.0,1.7558,0.0945,1.0,0.0794,1.2005,2.0563,1.0563,2.1856,1.1856,26.6662,2.0666,26.3629,2.0545,100.0,0.0,0.0,0.0,25.0,0.0,26.25,0.0,26.125,0.0,25.125,10.0,0.0,0.0075,52.5062,5.2507,2.0,12.0876,1.4329,-0.1533,1.3469,0.0203,1.3658,2.17e-05,1.18,0.0001,2.0434,12.0,0.07,1.0019,0.1611,2.429,0.0189,1.4974,0.0522,1.9399,0.0,0.0,0.0,-0.1516,25.0,25.0,38.0,37.0,13.0,0.0,0.0,0.0,0.0,41.1362,0.0,41.1863,0.0,0.0
9125.0,1.7601,0.095,1.0,0.0796,1.2011,2.0562,1.0562,2.1854,1.1854,26.5691,2.0628,26.3749,2.055,100.0,0.0,0.0,0.0,25.0,0.0,26.125,0.0,26.125,0.0,25.25,10.0,0.0,0.0087,52.5066,5.2507,2.0,11.7999,1.4288,-0.2645,1.3348,0.019,1.3657,2.176e-05,1.1806,0.0001,2.0366,12.0,0.067,1.0018,0.1521,2.4041,0.0187,1.4931,0.0556,1.967,0.0,0.0,0.0,-0.1517,25.0,25.0,38.0,37.0,15.0,0.0,0.0,0.0,0.0,41.1362,0.0,41.1865,0.0,0.0
9126.0,1.7605,0.0951,1.0,0.0795,1.2008,2.0556,1.0556,2.1852,1.1852,26.7111,2.0684,26.3989,2.056,100.0,0.0,0.0,0.0,25.0,0.0,26.25,0.0,26.125,0.0,25.125,10.0,0.0,0.0083,52.5065,5.2507,2.0,11.6824,1.427,-0.2552,1.3358,0.0226,1.3661,2.178e-05,1.1809,0.0001,2.0437,12.0,0.0647,1.0017,0.2241,2.5722,0.0165,1.4405,0.0541,1.9553,0.0,0.0,0.0,-0.1514,25.0,25.0,38.0,37.0,14.0,0.0,0.0,0.0,0.0,41.1362,0.0,41.1867,0.0,0.0
9127.0,1.757,0.0946,1.0,0.0793,1.2003,2.0556,1.0556,2.1857,1.1857,26.816,2.0726,26.3902,2.0556,100.0,0.0,0.0,0.0,25.0,0.0,26.125,0.0,26.25,0.0,25.25,10.0,0.0,0.0085,52.5066,5.2507,2.0,11.7594,1.4282,-0.2593,1.3353,0.0188,1.3657,2.172e-05,1.1802,0.0001,2.0403,12.0,0.0662,1.0018,0.2134,2.551,0.0154,1.4082,0.0504,1.9244,0.0,0.0,0.0,-0.1518,25.0,25.0,38.0,37.0,13.0,0.0,0.0,0.0,0.0,41.1358,0.0,41.1863,0.0,0.0
9128.0,1.7546,0.0943,1.0,0.0793,1.2004,2.0561,1.0561,2.1856,1.1856,26.7711,2.0708,26.3787,2.0551,100.0,0.0,0.0,0.0,25.0,0.0,26.375,0.0,26.25,0.0,25.125,10.0,0.0,0.0078,52.5065,5.2507,2.0,11.7079,1.4274,-0.2029,1.3415,0.0206,1.3659,2.175e-05,1.1805,0.0001,2.0431,12.0,0.0639,1.0017,0.177,2.4698,0.0656,2.0385,0.0637,2.026,0.0,0.0,0.0,-0.1512,25.0,25.0,38.0,37.0,14.0,0.0,0.0,0.0,0.0,41.1363,0.0,41.1865,0.0,0.0
9129.0,1.753,0.0941,1.0,0.0792,1.2001,2.0562,1.0562,2.1853,1.1853,26.6643,2.0666,26.3745,2.055,100.0,0.0,0.0,0.0,25.0,0.0,26.25,0.0,26.125,0.0,25.125,10.0,0.0,0.0082,52.5067,5.2507,2.0,11.8102,1.4289,-0.1923,1.3427,0.0167,1.3655,2.171e-05,1.1801,0.0001,2.0431,12.0,0.0626,1.0017,0.161,2.4287,0.0641,2.0286,0.057,1.9777,0.0,0.0,0.0,-0.1516,25.0,25.0,38.0,37.0,14.0,0.0,0.0,0.0,0.0,41.1359,0.0,41.1869,0.0,0.0
9130.0,1.753,0.0941,1.0,0.0793,1.2004,2.0562,1.0562,2.1851,1.1851,26.5663,2.0627,26.3676,2.0547,100.0,0.0,0.0,0.0,25.0,0.0,26.125,0.0,26.125,0.0,25.125,10.0,0.0,0.008,52.5065,5.2507,2.0,11.6725,1.4269,-0.2271,1.3389,0.0241,1.3663,2.182e-05,1.1813,0.0001,2.0399,12.0,0.0616,1.0016,0.1605,2.4274,0.0602,2.0015,0.0559,1.9693,0.0,0.0,0.0,-0.1518,25.0,25.0,38.0,37.0,13.0,0.0,0.0,0.0,0.0,41.136,0.0,41.1866,0.0,0.0
9131.0,1.754,0.0942,1.0,0.0794,1.2005,2.0552,1.0552,2.1853,1.1853,26.673,2.0669,26.3858,2.0554,100.0,0.0,0.0,0.0,25.0,0.0,26.25,0.0,26.125,0.0,25.125,10.0,0.0,0.0078,52.5065,5.2506,2.0,11.7273,1.4277,-0.1788,1.3441,0.0149,1.3653,2.169e-05,1.1799,0.0001,2.0423,12.0,0.0614,1.0016,0.1839,2.4865,0.0601,2.001,0.0521,1.9387,0.0,0.0,0.0,-0.1517,25.0,25.0,38.0,37.0,15.0,0.0,0.0,0.0,0.0,41.1368,0.0,41.1864,0.0,0.0
9132.0,1.7537,0.0942,1.0,0.0793,1.2003,2.0551,1.0551,2.1856,1.1856,26.8215,2.0729,26.3839,2.0554,100.0,0.0,0.0,0.0,25.0,0.0,26.125,0.0,26.125,0.0,25.125,10.0,0.0,0.0079,52.5065,5.2507,2.0,11.7203,1.4276,-0.2334,1.3382,0.0223,1.3661,2.181e-05,1.1811,0.0001,2.0432,12.0,0.0607,1.0016,0.1699,2.4521,0.0579,1.9844,0.0555,1.9662,0.0,0.0,0.0,-0.1516,25.0,25.0,38.0,37.0,14.0,0.0,0.0,0.0,0.0,41.136,0.0,41.1863,0.0,0.0
9133.0,1.753,0.0941,1.0,0.0792,1.2001,2.0559,1.0559,2.1855,1.1855,26.8063,2.0723,26.3723,2.0549,100.0,0.0,0.0,0.0,25.0,0.0,26.25,0.0,26.25,0.0,25.125,10.0,0.0,0.0079,52.5065,5.2507,2.0,11.5548,1.4251,-0.2653,1.3347,0.019,1.3657,2.176e-05,1.1806,0.0001,2.0432,12.0,0.0629,1.0017,0.1505,2.3993,0.0528,1.9445,0.0491,1.9133,0.0,0.0,0.0,-0.1509,25.0,25.0,38.0,37.0,14.0,0.0,0.0,0.0,0.0,41.1359,0.0,41.1864,0.0,0.0
9134.0,1.7564,0.0945,1.0,0.0794,1.2005,2.0558,1.0558,2.1857,1.1857,26.6686,2.0667,26.3642,2.0546,100.0,0.0,0.0,0.0,25.0,0.0,26.125,0.0,26.125,0.0,25.125,10.0,0.0,0.008,52.5069,5.2507,2.0,11.5177,1.4245,-0.2429,1.3371,0.0218,1.366,2.179e-05,1.181,0.0001,2.0451,12.0,0.065,1.0017,0.2248,2.5737,0.053,1.9461,0.0588,1.9915,0.0,0.0,0.0,-0.1515,25.0,25.0,38.0,37.0,13.0,0.0,0.0,0.0,0.0,41.1368,0.0,41.1866,0.0,0.0
9135.0,1.7591,0.0949,1.0,0.0793,1.2002,2.056,1.056,2.1854,1.1854,26.5738,2.063,26.3634,2.0545,100.0,0.0,0.0,0.0,25.0,0.0,26.125,0.0,26.125,0.0,25.125,10.0,0.0,0.0083,52.5068,5.2507,2.0,11.5711,1.4253,-0.1897,1.3429,0.0198,1.3658,2.172e-05,1.1802,0.0001,2.045,12.0,0.0673,1.0018,0.1728,2.4594,0.0489,1.9115,0.0616,2.0114,0.0,0.0,0.0,-0.1518,25.0,25.0,38.0,37.0,14.0,0.0,0.0,0.0,0.0,41.1363,0.0,41.187,0.0,0.0
9136.0,1.7594,0.0949,1.0,0.0796,1.201,2.0557,1.0557,2.1852,1.1852,26.6397,2.0656,26.392,2.0557,100.0,0.0,0.0,0.0,25.125,0.0,26.125,0.0,26.25,0.0,25.125,10.0,0.0,0.0083,52.5069,5.2507,2.0,11.6196,1.4261,-0.1086,1.3518,0.0223,1.3661,2.179e-05,1.1809,0.0001,2.0386,12.0,0.0675,1.0018,0.1904,2.5015,0.0433,1.858,0.0762,2.1037,0.0,0.0,0.0,-0.1514,25.0,25.0,38.0,37.0,12.0,0.0,0.0,0.0,0.0,41.1368,0.0,41.1867,0.0,0.0
9137.0,1.7614,0.0952,1.0,0.0793,1.2004,2.0555,1.0555,2.1855,1.1855,26.8066,2.0723,26.387,2.0555,100.0,0.0,0.0,0.0,25.0,0.0,26.125,0.0,26.25,0.0,25.125,10.0,0.0,0.0081,52.5069,5.2507,2.0,11.9895,1.4315,-0.002,1.3634,0.0194,1.3658,2.169e-05,1.1799,0.0001,2.0437,12.0,0.0642,1.0017,0.154,2.4093,0.0483,1.9057,0.0618,2.0126,0.0,0.0,0.0,-0.1517,25.0,25.0,38.0,37.0,13.0,0.0,0.0,0.0,0.0,41.1362,0.0,41.1866,0.0,0.0
9138.0,1.7626,0.0953,1.0,0.0794,1.2006,2.0556,1.0556,2.1858,1.1858,26.8044,2.0722,26.3709,2.0548,100.0,0.0,0.0,0.0,25.0,0.0,26.125,0.0,26.25,0.0,25.125,10.0,0.0,0.0082,52.5065,5.2506,2.0,12.1493,1.4338,0.0395,1.3679,0.0231,1.3662,2.183e-05,1.1814,0.0001,2.0432,12.0,0.0653,1.0017,0.2436,2.6085,0.0409,1.8338,0.0656,2.0387,0.0,0.0,0.0,-0.1514,25.0,25.0,38.0,37.0,14.0,0.0,0.0,0.0,0.0,41.1356,0.0,41.1862,0.0,0.0
9139.0,1.7626,0.0953,1.0,0.0793,1.2003,2.0558,1.0558,2.1857,1.1857,26.7026,2.0681,26.3656,2.0546,100.0,0.0,0.0,0.0,25.0,0.0,26.125,0.0,26.125,0.0,25.125,10.0,0.0,0.0084,52.5066,5.2507,2.0,12.1544,1.4339,0.0406,1.3681,0.0238,1.3662,2.177e-05,1.1807,0.0001,2.0422,12.0,0.0607,1.0016,0.2282,2.5801,0.0404,1.8282,0.0621,2.0148,0.0,0.0,0.0,-0.1514,25.0,25.0,38.0,37.0,14.0,0.0,0.0,0.0,0.0,41.1361,0.0,41.1868,0.0,0.0
9140.0,1.7615,0.0952,1.0,0.0792,1.2001,2.056,1.056,2.1855,1.1855,26.5833,2.0633,26.3617,2.0545,100.0,0.0,0.0,0.0,25.0,0.0,26.125,0.0,26.25,0.0,25.125,10.0,0.0,0.0088,52.5065,5.2506,2.0,12.3172,1.4362,0.1524,1.3803,0.022,1.366,2.181e-05,1.1812,0.0001,2.0457,12.0,0.0612,1.0016,0.1985,2.5197,0.0386,1.8088,0.0778,2.1126,0.0,0.0,0.0,-0.1519,25.0,25.0,38.0,37.0,14.0,0.0,0.0,0.0,0.0,41.1363,0.0,41.1869,0.0,0.0
9141.0,1.7607,0.0951,1.0,0.0794,1.2005,2.0559,1.0559,2.185,1.185,26.6236,2.0649,26.384,2.0554,100.0,0.0,0.0,0.0,25.125,0.0,26.125,0.0,26.125,0.0,25.125,10.0,0.0,0.0078,52.5068,5.2507,2.0,12.4459,1.438,0.1082,1.3754,0.0239,1.3662,2.177e-05,1.1807,0.0001,2.0413,12.0,0.0628,1.0017,0.249,2.618,0.0384,1.8064,0.0684,2.0568,0.0,0.0,0.0,-0.1516,25.0,25.0,38.0,37.0,12.0,0.0,0.0,0.0,0.0,41.1368,0.0,41.1867,0.0,0.0
9142.0,1.7598,0.095,1.0,0.0793,1.2004,2.0556,1.0556,2.1852,1.1852,26.7906,2.0716,26.3933,2.0557,100.0,0.0,0.0,0.0,25.0,0.0,26.125,0.0,26.125,0.0,25.125,10.0,0.0,0.0083,52.5071,5.2507,2.0,12.2856,1.4358,0.0766,1.372,0.0209,1.3659,2.18e-05,1.1811,0.0001,2.041,12.0,0.0631,1.0017,0.1831,2.4845,0.0359,1.7775,0.0695,2.0637,0.0,0.0,0.0,-0.1513,26.0,25.0,38.0,37.0,14.0,0.0,0.0,0.0,0.0,41.1367,0.0,41.1867,0.0,0.0
9143.0,1.7572,0.0947,1.0,0.0795,1.2009,2.0559,1.0559,2.1855,1.1855,26.8134,2.0725,26.3803,2.0552,100.0,0.0,0.0,0.0,25.0,0.0,26.125,0.0,26.125,0.0,25.125,10.0,0.0,0.0082,52.507,5.2507,2.0,12.195,1.4345,0.0049,1.3642,0.0232,1.3662,2.177e-05,1.1807,0.0001,2.0444,12.0,0.0619,1.0017,0.1786,2.4737,0.0332,1.743,0.0685,2.0574,0.0,0.0,0.0,-0.1516,26.0,25.0,38.0,37.0,14.0,0.0,0.0,0.0,0.0,41.1365,0.0,41.1863,0.0,0.0
9144.0,1.7556,0.0945,1.0,0.0796,1.2011,2.0562,1.0562,2.1853,1.1853,26.7064,2.0683,26.3749,2.055,100.0,0.0,0.0,0.0,25.0,0.0,26.125,0.0,26.25,0.0,25.0,10.0,0.0,0.0083,52.507,5.2507,2.0,12.1708,1.4341,0.0446,1.3685,0.0181,1.3656,2.176e-05,1.1807,0.0001,2.0394,12.0,0.0663,1.0018,0.1677,2.4464,0.0336,1.7487,0.0608,2.0061,0.0,0.0,0.0,-0.1514,26.0,25.0,38.0,37.0,16.0,0.0,0.0,0.0,0.0,41.1366,0.0,41.1863,0.0,0.0
9145.0,1.7571,0.0946,1.0,0.0795,1.2009,2.0563,1.0563,2.1855,1.1855,26.6084,2.0643,26.363,2.0545,100.0,0.0,0.0,0.0,25.0,0.0,26.125,0.0,26.125,0.0,25.125,10.0,0.0,0.008,52.5067,5.2507,2.0,12.2824,1.4357,0.0625,1.3705,0.0179,1.3656,2.17e-05,1.18,0.0001,2.036,12.0,0.0609,1.0016,0.1547,2.4114,0.0323,1.7311,0.0693,2.0628,0.0,0.0,0.0,-0.151,26.0,25.0,38.0,37.0,11.0,0.0,0.0,0.0,0.0,41.1362,0.0,41.1866,0.0,0.0
9146.0,1.7583,0.0948,1.0,0.0792,1.1999,2.056,1.056,2.1854,1.1854,26.5969,2.0639,26.3787,2.0551,100.0,0.0,0.0,0.0,24.875,0.0,26.125,0.0,26.125,0.0,25.125,10.0,0.0,0.0081,52.5068,5.2507,2.0,12.0733,1.4327,-0.0448,1.3588,0.0192,1.3657,2.177e-05,1.1808,0.0001,2.0434,12.0,0.0612,1.0016,0.2589,2.6349,0.0284,1.6756,0.0684,2.0568,0.0,0.0,0.0,-0.1514,25.0,25.0,38.0,37.0,14.0,0.0,0.0,0.0,0.0,41.1361,0.0,41.1865,0.0,0.0
9147.0,1.7603,0.095,1.0,0.0794,1.2007,2.0553,1.0553,2.1853,1.1853,26.7555,2.0702,26.3902,2.0556,100.0,0.0,0.0,0.0,24.875,0.0,26.125,0.0,26.125,0.0,25.125,10.0,0.0,0.0084,52.5071,5.2507,2.0,12.1023,1.4331,0.0204,1.3659,0.018,1.3656,2.17e-05,1.18,0.0001,2.0406,12.0,0.0624,1.0017,0.2594,2.6359,0.028,1.6685,0.061,2.0069,0.0,0.0,0.0,-0.1514,25.0,25.0,38.0,37.0,14.0,0.0,0.0,0.0,0.0,41.1363,0.0,41.1864,0.0,0.0
9148.0,1.7614,0.0952,1.0,0.0794,1.2007,2.0554,1.0554,2.1858,1.1858,26.8216,2.0729,26.3737,2.0549,100.0,0.0,0.0,0.0,25.0,0.0,26.125,0.0,26.125,0.0,25.125,10.0,0.0,0.0085,52.5072,5.2507,2.0,12.2886,1.4358,0.0556,1.3697,0.0189,1.3657,2.176e-05,1.1807,0.0001,2.0342,12.0,0.0632,1.0017,0.233,2.5892,0.0262,1.64,0.066,2.0416,0.0,0.0,0.0,-0.1513,25.0,25.0,38.0,37.0,14.0,0.0,0.0,0.0,0.0,41.1365,0.0,41.1866,0.0,0.0
9149.0,1.7626,0.0953,1.0,0.0796,1.2012,2.0561,1.0561,2.1856,1.1856,26.7477,2.0699,26.3725,2.0549,100.0,0.0,0.0,0.0,24.875,0.0,26.0,0.0,26.125,0.0,25.0,10.0,0.0,0.0082,52.5074,5.2507,2.0,12.0148,1.4319,-0.0445,1.3588,0.0183,1.3656,2.17e-05,1.18,0.0001,2.0425,12.0,0.0654,1.0017,0.196,2.5141,0.0254,1.6261,0.0797,2.1233,0.0,0.0,0.0,-0.1518,25.0,25.0,38.0,37.0,14.0,0.0,0.0,0.0,0.0,41.137,0.0,41.1867,0.0,0.0
9150.0,1.7617,0.0952,1.0,0.0797,1.2014,2.0562,1.0562,2.1855,1.1855,26.6229,2.0649,26.3671,2.0547,100.0,0.0,0.0,0.0,25.0,0.0,26.125,0.0,26.125,0.0,25.125,10.0,0.0,0.0087,52.5071,5.2507,2.0,11.9082,1.4303,-0.0664,1.3564,0.0178,1.3656,2.175e-05,1.1806,0.0001,2.039,12.0,0.0637,1.0017,0.1838,2.4863,0.0229,1.581,0.0667,2.0462,0.0,0.0,0.0,-0.1515,25.0,25.0,38.0,37.0,14.0,0.0,0.0,0.0,0.0,41.1366,0.0,41.1867,0.0,0.0
9151.0,1.7607,0.0951,1.0,0.0797,1.2013,2.0557,1.0557,2.1854,1.1854,26.5821,2.0633,26.3763,2.0551,100.0,0.0,0.0,0.0,25.0,0.0,26.125,0.0,26.125,0.0,25.0,10.0,0.0,0.0078,52.5071,5.2507,2.0,11.9897,1.4315,-0.023,1.3611,0.0187,1.3657,2.17e-05,1.18,0.0001,2.0335,12.0,0.0669,1.0018,0.1998,2.5225,0.0213,1.5509,0.0846,2.149,0.0,0.0,0.0,-0.1515,25.0,25.0,38.0,37.0,14.0,0.0,0.0,0.0,0.0,41.1366,0.0,41.1868,0.0,0.0
9152.0,1.7587,0.0948,1.0,0.0796,1.201,2.0551,1.0551,2.1853,1.1853,26.7337,2.0693,26.3906,2.0556,100.0,0.0,0.0,0.0,25.0,0.0,26.125,0.0,26.125,0.0,25.125,10.0,0.0,0.0082,52.5068,5.2506,2.0,11.9688,1.4312,-0.0866,1.3542,0.0188,1.3657,2.177e-05,1.1807,0.0001,2.0419,12.0,0.0675,1.0018,0.1668,2.4441,0.0215,1.5545,0.0768,2.1074,0.0,0.0,0.0,-0.1516,25.0,25.0,38.0,37.0,14.0,0.0,0.0,0.0,0.0,41.1366,0.0,41.1867,0.0,0.0
9153.0,1.7546,0.0943,1.0,0.0795,1.2008,2.0553,1.0553,2.1857,1.1857,26.8273,2.0731,26.3797,2.0552,100.0,0.0,0.0,0.0,25.0,0.0,26.125,0.0,26.125,0.0,25.0,10.0,0.0,0.0081,52.507,5.2507,2.0,11.986,1.4315,0.0067,1.3644,0.0254,1.3664,2.182e-05,1.1812,0.0001,2.0389,12.0,0.0722,1.0019,0.1813,2.4803,0.0205,1.5332,0.0802,2.1261,0.0,0.0,0.0,-0.1514,25.0,25.0,38.0,37.0,14.0,0.0,0.0,0.0,0.0,41.1361,0.0,41.1865,0.0,0.0
9154.0,1.7547,0.0943,1.0,0.0796,1.2012,2.0559,1.0559,2.1857,1.1857,26.7508,2.07,26.3678,2.0547,100.0,0.0,0.0,0.0,25.0,0.0,26.125,0.0,26.125,0.0,25.125,10.0,0.0,0.0082,52.5073,5.2507,2.0,12.1963,1.4345,0.0658,1.3708,0.0219,1.366,2.176e-05,1.1806,0.0001,2.0413,12.0,0.0687,1.0018,0.2398,2.6017,0.0192,1.506,0.0752,2.0981,0.0,0.0,0.0,-0.1514,25.0,25.0,38.0,37.0,16.0,0.0,0.0,0.0,0.0,41.1363,0.0,41.1866,0.0,0.0
9155.0,1.7561,0.0945,1.0,0.0798,1.2018,2.0562,1.0562,2.1856,1.1856,26.6385,2.0655,26.3639,2.0546,100.0,0.0,0.0,0.0,25.0,0.0,26.125,0.0,26.125,0.0,25.125,10.0,0.0,0.0085,52.5073,5.2507,2.0,12.1927,1.4344,0.0663,1.3709,0.0253,1.3664,2.183e-05,1.1813,0.0001,2.0409,12.0,0.0713,1.0019,0.2038,2.531,0.018,1.4771,0.0644,2.0304,0.0,0.0,0.0,-0.1511,25.0,25.0,38.0,37.0,14.0,0.0,0.0,0.0,0.0,41.1364,0.0,41.1863,0.0,0.0
9156.0,1.7552,0.0944,1.0,0.0796,1.201,2.0558,1.0558,2.1854,1.1854,26.578,2.0631,26.3673,2.0547,100.0,0.0,0.0,0.0,25.0,0.0,26.125,0.0,26.125,0.0,25.125,10.0,0.0,0.0082,52.5076,5.2508,2.0,12.2945,1.4359,0.1207,1.3768,0.0207,1.3659,2.178e-05,1.1809,0.0001,2.0394,12.0,0.0656,1.0017,0.2031,2.5295,0.0178,1.4734,0.0605,2.0034,0.0,0.0,0.0,-0.1517,25.0,25.0,38.0,37.0,14.0,0.0,0.0,0.0,0.0,41.1365,0.0,41.1869,0.0,0.0
9157.0,1.7551,0.0944,1.0,0.0795,1.2009,2.0552,1.0552,2.1853,1.1853,26.6926,2.0677,26.38,2.0552,100.0,0.0,0.0,0.0,25.0,0.0,26.125,0.0,26.125,0.0,25.125,10.0,0.0,0.0081,52.5072,5.2507,2.0,12.5076,1.4389,0.1354,1.3784,0.028,1.3667,2.185e-05,1.1816,0.0001,2.0395,12.0,0.0656,1.0017,0.1779,2.4719,0.0163,1.4329,0.0661,2.0419,0.0,0.0,0.0,-0.1514,25.0,25.0,38.0,37.0,13.0,0.0,0.0,0.0,0.0,41.1367,0.0,41.1866,0.0,0.0
9158.0,1.755,0.0944,1.0,0.0795,1.2009,2.0551,1.0551,2.1856,1.1856,26.8153,2.0726,26.3714,2.0549,100.0,0.0,0.0,0.0,25.0,0.0,26.125,0.0,26.25,0.0,25.125,10.0,0.0,0.008,52.5073,5.2508,2.0,12.2854,1.4358,0.0528,1.3694,0.0241,1.3663,2.177e-05,1.1808,0.0001,2.0428,12.0,0.0655,1.0017,0.1694,2.4506,0.0169,1.4494,0.0769,2.1075,0.0,0.0,0.0,-0.1514,25.0,25.0,38.0,37.0,14.0,0.0,0.0,0.0,0.0,41.1363,0.0,41.1867,0.0,0.0
9159.0,1.7531,0.0941,1.0,0.0796,1.2012,2.0557,1.0557,2.1858,1.1858,26.7784,2.0711,26.3644,2.0546,100.0,0.0,0.0,0.0,25.0,0.0,26.125,0.0,26.125,0.0,25.125,10.0,0.0,0.0078,52.5072,5.2507,2.0,12.2556,1.4353,0.0849,1.3729,0.0264,1.3665,2.185e-05,1.1816,0.0001,2.038,12.0,0.0685,1.0018,0.1867,2.493,0.0142,1.3728,0.0607,2.0047,0.0,0.0,0.0,-0.1514,25.0,25.0,38.0,37.0,13.0,0.0,0.0,0.0,0.0,41.1362,0.0,41.1862,0.0,0.0
9160.0,1.7511,0.0939,1.0,0.0796,1.2011,2.0561,1.0561,2.1857,1.1857,26.6793,2.0672,26.364,2.0546,100.0,0.0,0.0,0.0,25.0,0.0,26.125,0.0,26.25,0.0,25.125,10.0,0.0,0.0079,52.5073,5.2507,2.0,12.1372,1.4336,-0.0575,1.3574,0.023,1.3661,2.177e-05,1.1808,0.0001,2.0422,12.0,0.0692,1.0018,0.1728,2.4594,0.0148,1.3908,0.0639,2.0273,0.0,0.0,0.0,-0.1511,25.0,25.0,38.0,37.0,13.0,0.0,0.0,0.0,0.0,41.1366,0.0,41.1864,0.0,0.0
9161.0,1.7509,0.0939,1.0,0.0795,1.2009,2.0559,1.0559,2.1854,1.1854,26.568,2.0627,26.3665,2.0547,100.0,0.0,0.0,0.0,24.875,0.0,26.125,0.0,26.25,0.0,25.125,10.0,0.0,0.0083,52.5071,5.2507,2.0,11.9622,1.4311,-0.08,1.3549,0.0278,1.3667,2.189e-05,1.1821,0.0001,2.0426,12.0,0.07,1.0019,0.1793,2.4755,0.0127,1.3271,0.0774,2.1104,0.0,0.0,64.0,-0.1512,25.0,25.0,38.0,37.0,12.0,0.0,0.0,0.0,0.0,41.1362,0.0,41.1866,0.0,0.0
9162.0,1.7509,0.0939,1.0,0.0795,1.201,2.0553,1.0553,2.1853,1.1853,26.6745,2.067,26.388,2.0555,100.0,0.0,0.0,0.0,25.0,0.0,26.125,0.0,26.125,0.0,25.125,10.0,0.0,0.0075,52.5072,5.2507,2.0,11.8648,1.4297,-0.0801,1.3549,0.0216,1.366,2.174e-05,1.1804,0.0001,2.0414,12.0,0.0698,1.0019,0.2029,2.5292,0.0128,1.3281,0.0818,2.1346,0.0,0.0,64.0,0.5085,25.0,25.0,38.0,37.0,15.0,0.0,0.0,0.0,0.0,41.136,0.0,41.1863,0.0,0.0
9163.0,1.7509,0.0939,1.0,0.0795,1.2009,2.0551,1.0551,2.1855,1.1855,26.8209,2.0728,26.3849,2.0554,100.0,0.0,0.0,0.0,25.0,0.0,26.125,0.0,26.25,0.0,25.125,10.0,0.0,0.008,52.5072,5.2507,2.0,12.1003,1.4331,0.001,1.3637,0.0278,1.3667,2.187e-05,1.1819,0.0001,2.0452,12.0,0.07,1.0019,0.1997,2.5222,0.0117,1.2884,0.0767,2.1069,0.0,0.0,64.0,1.2613,26.0,25.0,38.0,37.0,13.0,0.0,0.0,0.0,0.0,41.1361,0.0,41.1866,0.0,0.0
9164.0,1.7509,0.0939,1.0,0.0794,1.2007,2.0558,1.0558,2.1855,1.1855,26.7895,2.0716,26.3699,2.0548,100.0,0.0,0.0,0.0,24.875,0.0,26.125,0.0,26.125,0.0,25.125,10.0,0.0,0.0084,52.5071,5.2507,2.0,12.1562,1.4339,0.0549,1.3696,0.0205,1.3659,2.174e-05,1.1804,0.0001,2.0412,12.0,0.0718,1.0019,0.1979,2.5184,0.0123,1.3119,0.0626,2.0182,0.0,0.0,64.0,2.0113,26.0,25.0,38.0,37.0,15.0,0.0,0.0,0.0,0.0,41.1362,0.0,41.1869,0.0,0.0
9165.0,1.7509,0.0939,1.0,0.0797,1.2014,2.0558,1.0558,2.1857,1.1857,26.6839,2.0674,26.3655,2.0546,100.0,0.0,0.0,0.0,25.0,0.0,26.25,0.0,26.125,0.0,25.0,10.0,0.0,0.0082,52.5072,5.2507,2.0,12.4175,1.4376,0.1152,1.3762,0.0261,1.3665,2.186e-05,1.1817,0.0001,2.0438,12.0,0.0721,1.0019,0.2807,2.67,0.0109,1.2598,0.0708,2.0717,0.0,0.0,64.0,2.7651,26.0,25.0,38.0,37.0,13.0,0.0,0.0,0.0,0.0,41.136,0.0,41.1867,0.0,0.0
9166.0,1.7509,0.0939,1.0,0.0796,1.2011,2.0558,1.0558,2.1855,1.1855,26.5694,2.0628,26.3582,2.0543,100.0,0.0,0.0,0.0,25.0,0.0,26.125,0.0,26.125,0.0,25.125,10.0,0.0,0.0082,52.5075,5.2508,2.0,12.3664,1.4369,0.0895,1.3734,0.027,1.3666,2.183e-05,1.1814,0.0001,2.0439,12.0,0.0719,1.0019,0.2746,2.6606,0.0106,1.2482,0.0797,2.1232,0.0,0.0,64.0,3.4684,26.0,25.0,38.0,37.0,13.0,0.0,0.0,0.0,0.0,41.1366,0.0,41.1865,0.0,0.0
9167.0,1.7514,0.0939,1.0,0.0793,1.2002,2.0553,1.0553,2.1853,1.1853,26.6403,2.0656,26.3747,2.055,100.0,0.0,0.0,0.0,25.0,0.0,26.125,0.0,26.25,0.0,25.125,10.0,0.0,0.0087,52.5074,5.2507,2.0,12.4124,1.4375,0.1,1.3745,0.0235,1.3662,2.183e-05,1.1814,0.0001,2.0413,12.0,0.0644,1.0017,0.2496,2.6192,0.0092,1.1879,0.0708,2.0719,0.0,0.0,64.0,4.2613,26.0,25.0,38.0,37.0,15.0,0.0,0.0,0.0,0.0,41.136,0.0,41.1865,0.0,0.0
9168.0,1.7516,0.0939,1.0,0.0794,1.2005,2.0549,1.0549,2.1854,1.1854,26.8033,2.0721,26.379,2.0552,100.0,0.0,0.0,0.0,25.0,0.0,26.125,0.0,26.125,0.0,25.125,10.0,0.0,0.0086,52.5072,5.2507,2.0,12.2954,1.4359,0.0532,1.3694,0.0221,1.366,2.175e-05,1.1805,0.0001,2.0421,12.0,0.062,1.0017,0.2125,2.5493,0.0102,1.2287,0.0703,2.0687,0.0,0.0,64.0,4.9302,26.0,25.0,38.0,37.0,14.0,0.0,0.0,0.0,0.0,41.136,0.0,41.1867,0.0,0.0
9169.0,1.7509,0.0939,1.0,0.0793,1.2002,2.0554,1.0554,2.1858,1.1858,26.8055,2.0722,26.3618,2.0545,100.0,0.0,0.0,0.0,25.0,0.0,26.125,0.0,26.125,0.0,25.125,10.0,0.0,0.008,52.5074,5.2508,2.0,12.5137,1.439,0.1672,1.3819,0.0222,1.3661,2.182e-05,1.1813,0.0001,2.045,12.0,0.0628,1.0017,0.2152,2.5546,0.0083,1.1387,0.07,2.0671,0.0,0.0,64.0,5.6844,26.0,25.0,38.0,37.0,14.0,0.0,0.0,0.0,0.0,41.1363,0.0,41.1867,0.0,0.0
9170.0,1.7499,0.0937,1.0,0.0794,1.2007,2.0556,1.0556,2.1857,1.1857,26.7118,2.0685,26.3563,2.0543,100.0,0.0,0.0,0.0,25.0,0.0,26.125,0.0,26.25,0.0,25.125,10.0,0.0,0.0078,52.5078,5.2508,2.0,12.8497,1.4436,0.4461,1.4123,0.0209,1.3659,2.173e-05,1.1803,0.0001,2.0407,12.0,0.0617,1.0016,0.2066,2.537,0.0081,1.1314,0.0683,2.0563,0.0,0.0,64.0,6.4363,26.0,25.0,38.0,37.0,13.0,0.0,0.0,0.0,0.0,41.1354,0.0,41.1856,0.0,0.0
9171.0,1.7509,0.0939,1.0,0.0794,1.2006,2.0554,1.0554,2.1855,1.1855,26.594,2.0638,26.3529,2.0541,100.0,0.0,0.0,0.0,25.0,0.0,26.125,0.0,26.125,0.0,25.125,10.0,0.0,0.0084,52.5079,5.2508,2.0,13.3626,1.4504,0.4511,1.4128,0.0212,1.3659,2.183e-05,1.1814,0.0001,2.0453,12.0,0.0634,1.0017,0.1697,2.4515,0.008,1.1265,0.0653,2.0371,0.0,0.0,64.0,7.1901,25.0,25.0,38.0,37.0,14.0,0.0,0.0,0.0,0.0,41.1358,0.0,41.1862,0.0,0.0
9172.0,1.7507,0.0938,1.0,0.0793,1.2003,2.0552,1.0552,2.1853,1.1853,26.6315,2.0653,26.3725,2.0549,100.0,0.0,0.0,0.0,25.0,0.0,26.125,0.0,26.25,0.0,25.125,10.0,0.0,0.0089,52.5076,5.2508,2.0,13.23,1.4486,0.3726,1.4043,0.0204,1.3659,2.176e-05,1.1806,0.0001,2.0433,12.0,0.0625,1.0017,0.1871,2.494,0.0087,1.162,0.0546,1.9594,0.0,0.0,64.0,7.8903,25.0,25.0,38.0,37.0,15.0,0.0,0.0,0.0,0.0,41.1362,0.0,41.1861,0.0,0.0
9173.0,1.7498,0.0937,1.0,0.0793,1.2003,2.0551,1.0551,2.1854,1.1854,26.7897,2.0716,26.3891,2.0556,100.0,0.0,0.0,0.0,25.0,0.0,26.125,0.0,26.25,0.0,25.125,10.0,0.0,0.008,52.5079,5.2508,2.0,13.1818,1.448,0.3252,1.3991,0.0203,1.3659,2.181e-05,1.1811,0.0001,2.0386,12.0,0.0615,1.0016,0.2546,2.6277,0.0076,1.1038,0.0584,1.9884,0.0,0.0,64.0,8.6719,25.0,25.0,38.0,37.0,12.0,0.0,0.0,0.0,0.0,41.1362,0.0,41.1859,0.0,0.0
9174.0,1.7488,0.0936,1.0,0.0794,1.2006,2.0556,1.0556,2.1854,1.1854,26.8186,2.0727,26.3743,2.055,100.0,0.0,0.0,0.0,25.25,0.0,26.125,0.0,26.125,0.0,25.125,10.0,0.0,0.0083,52.5077,5.2508,2.0,13.0433,1.4462,0.2415,1.39,0.0165,1.3654,2.171e-05,1.1801,0.0001,2.0433,12.0,0.0605,1.0016,0.2246,2.5733,0.0071,1.0754,0.0525,1.9422,0.0,0.0,64.0,9.385,25.0,25.0,38.0,37.0,16.0,0.0,0.0,0.0,0.0,41.1359,0.0,41.186,0.0,0.0
9175.0,1.7498,0.0937,1.0,0.0794,1.2007,2.0562,1.0562,2.1852,1.1852,26.7227,2.0689,26.3719,2.0549,100.0,0.0,0.0,0.0,25.0,0.0,26.375,0.0,26.125,0.0,25.125,10.0,0.0,0.0091,52.5076,5.2508,2.0,12.8937,1.4442,0.2378,1.3896,0.0187,1.3657,2.178e-05,1.1809,0.0001,2.0423,12.0,0.0639,1.0017,0.2313,2.586,0.0069,1.0605,0.0528,1.9448,0.0,0.0,64.0,10.1401,25.0,25.0,38.0,37.0,13.0,0.0,0.0,0.0,0.0,41.1363,0.0,41.1861,0.0,0.0
9176.0,1.7488,0.0936,1.0,0.0793,1.2004,2.0562,1.0562,2.1851,1.1851,26.6079,2.0643,26.3679,2.0547,100.0,0.0,0.0,0.0,25.0,0.0,26.125,0.0,26.125,0.0,25.125,10.0,0.0,0.0084,52.5081,5.2508,2.0,12.9639,1.4451,0.2257,1.3883,0.0236,1.3662,2.18e-05,1.1811,0.0001,2.0388,12.0,0.0635,1.0017,0.2245,2.5731,0.0061,1.0095,0.0494,1.9152,0.0,0.0,64.0,10.8525,25.0,25.0,38.0,37.0,14.0,0.0,0.0,0.0,0.0,41.1361,0.0,41.1862,0.0,0.0
9177.0,1.7488,0.0936,1.0,0.0794,1.2005,2.0556,1.0556,2.1851,1.1851,26.5883,2.0635,26.3793,2.0552,100.0,0.0,0.0,0.0,25.0,0.0,26.25,0.0,26.125,0.0,25.125,10.0,0.0,0.0085,52.5078,5.2508,2.0,13.0511,1.4463,0.2373,1.3895,0.0216,1.366,2.179e-05,1.181,0.0001,2.0429,12.0,0.0638,1.0017,0.2081,2.5402,0.0059,0.9931,0.0472,1.8957,0.0,0.0,64.0,11.5523,25.0,25.0,38.0,37.0,12.0,0.0,0.0,0.0,0.0,41.1357,0.0,41.1866,0.0,0.0
9178.0,1.747,0.0934,1.0,0.0793,1.2004,2.0551,1.0551,2.1853,1.1853,26.7556,2.0702,26.3869,2.0555,100.0,0.0,0.0,0.0,25.0,0.0,26.125,0.0,26.125,0.0,25.125,10.0,0.0,0.0082,52.5078,5.2508,2.0,12.9077,1.4443,0.1764,1.3829,0.0235,1.3662,2.179e-05,1.181,0.0001,2.0435,12.0,0.0666,1.0018,0.2,2.5229,0.0058,0.9862,0.0441,1.8661,0.0,0.0,64.0,12.3311,25.0,25.0,38.0,37.0,14.0,0.0,0.0,0.0,0.0,41.1355,0.0,41.1865,0.0,0.0
9179.0,1.7448,0.0931,1.0,0.0794,1.2006,2.0554,1.0554,2.1856,1.1856,26.8241,2.073,26.3661,2.0546,100.0,0.0,0.0,0.0,25.0,0.0,26.125,0.0,26.125,0.0,25.125,10.0,0.0,0.0082,52.5079,5.2508,2.0,12.838,1.4434,0.1588,1.381,0.0202,1.3658,2.18e-05,1.181,0.0001,2.0371,12.0,0.068,1.0018,0.1613,2.4295,0.0056,0.9702,0.0478,1.9011,0.0,0.0,64.0,13.0528,25.0,25.0,38.0,37.0,15.0,0.0,0.0,0.0,0.0,41.1355,0.0,41.1859,0.0,0.0
9180.0,1.7451,0.0931,1.0,0.0793,1.2004,2.0559,1.0559,2.1855,1.1855,26.7568,2.0703,26.3615,2.0545,100.0,0.0,0.0,0.0,25.0,0.0,26.125,0.0,26.125,0.0,25.0,10.0,0.0,0.0084,52.5079,5.2508,2.0,12.7427,1.4421,0.1088,1.3755,0.023,1.3661,2.18e-05,1.1811,0.0001,2.0417,12.0,0.0661,1.0018,0.2341,2.5913,0.0061,1.0084,0.0422,1.8469,0.0,0.0,64.0,13.8046,25.0,25.0,38.0,37.0,13.0,0.0,0.0,0.0,0.0,41.1361,0.0,41.1867,0.0,0.0
9181.0,1.7449,0.0931,1.0,0.0793,1.2002,2.0562,1.0562,2.1852,1.1852,26.6229,2.0649,26.3727,2.0549,100.0,0.0,0.0,0.0,25.0,0.0,26.125,0.0,26.125,0.0,25.25,10.0,0.0,0.0077,52.5079,5.2508,2.0,12.9425,1.4448,0.1985,1.3853,0.0209,1.3659,2.178e-05,1.1808,0.0001,2.0419,12.0,0.0684,1.0018,0.2838,2.6749,0.0058,0.986,0.0411,1.8353,0.0,0.0,64.0,14.5545,25.0,25.0,38.0,37.0,14.0,0.0,0.0,0.0,0.0,41.1365,0.0,41.1869,0.0,0.0
9182.0,1.7447,0.0931,1.0,0.0794,1.2007,2.0561,1.0561,2.185,1.185,26.5859,2.0634,26.3764,2.0551,100.0,0.0,0.0,0.0,25.0,0.0,26.125,0.0,26.125,0.0,25.125,10.0,0.0,0.0084,52.5079,5.2508,2.0,13.0281,1.446,0.1805,1.3833,0.0287,1.3668,2.188e-05,1.1819,0.0001,2.0412,12.0,0.0671,1.0018,0.3342,2.7459,0.006,0.9985,0.0403,1.8274,0.0,0.0,64.0,15.1812,25.0,25.0,38.0,37.0,14.0,0.0,0.0,0.0,0.0,41.1366,0.0,41.1866,0.0,0.0
9183.0,1.7447,0.0931,1.0,0.0794,1.2005,2.0554,1.0554,2.1849,1.1849,26.7361,2.0694,26.3909,2.0556,100.0,0.0,0.0,0.0,25.0,0.0,26.125,0.0,26.25,0.0,25.125,10.0,0.0,0.0078,52.5081,5.2508,2.0,12.9375,1.4447,0.1453,1.3795,0.0248,1.3663,2.177e-05,1.1808,0.0001,2.0446,12.0,0.0638,1.0017,0.288,2.6813,0.0057,0.9754,0.0407,1.8313,0.0,0.0,64.0,16.0568,25.0,25.0,38.0,37.0,14.0,0.0,0.0,0.0,0.0,41.1361,0.0,41.1866,0.0,0.0
9184.0,1.7447,0.0931,1.0,0.0794,1.2006,2.0552,1.0552,2.1853,1.1853,26.8273,2.0731,26.3794,2.0552,100.0,0.0,0.0,0.0,25.0,0.0,26.125,0.0,26.25,0.0,25.0,10.0,0.0,0.0081,52.5082,5.2508,2.0,12.8759,1.4439,0.1106,1.3757,0.0262,1.3665,2.185e-05,1.1816,0.0001,2.0427,12.0,0.0691,1.0018,0.2839,2.6749,0.0062,1.0123,0.0346,1.7614,0.0,0.0,64.0,16.7657,26.0,25.0,38.0,37.0,13.0,0.0,0.0,0.0,0.0,41.1362,0.0,41.1863,0.0,0.0
9185.0,1.7447,0.0931,1.0,0.0794,1.2006,2.0557,1.0557,2.1853,1.1853,26.7678,2.0707,26.3676,2.0547,100.0,0.0,0.0,0.0,25.0,0.0,26.125,0.0,26.125,0.0,25.125,10.0,0.0,0.0081,52.5081,5.2508,2.0,12.8964,1.4442,0.1018,1.3747,0.0217,1.366,2.18e-05,1.1811,0.0001,2.0428,12.0,0.0668,1.0018,0.2563,2.6305,0.0059,0.9901,0.0489,1.9113,0.0,0.0,64.0,17.4704,26.0,25.0,38.0,37.0,14.0,0.0,0.0,0.0,0.0,41.136,0.0,41.1862,0.0,0.0
9186.0,1.7477,0.0935,1.0,0.0793,1.2003,2.0562,1.0562,2.1853,1.1853,26.6492,2.066,26.3637,2.0545,100.0,0.0,0.0,0.0,25.0,0.0,26.125,0.0,26.125,0.0,25.125,10.0,0.0,0.0085,52.5083,5.2508,2.0,12.6851,1.4413,0.0203,1.3658,0.0291,1.3668,2.19e-05,1.1822,0.0001,2.046,12.0,0.0673,1.0018,0.2378,2.5981,0.006,1.0034,0.0636,2.0253,0.0,0.0,64.0,18.1825,26.0,25.0,38.0,37.0,16.0,0.0,0.0,0.0,0.0,41.1361,0.0,41.1862,0.0,0.0
9187.0,1.7507,0.0938,1.0,0.0794,1.2007,2.0561,1.0561,2.185,1.185,26.5712,2.0628,26.3702,2.0548,100.0,0.0,0.0,0.0,24.875,0.0,26.125,0.0,26.125,0.0,25.0,10.0,0.0,0.0078,52.5084,5.2508,2.0,12.5908,1.44,0.0166,1.3654,0.021,1.3659,2.175e-05,1.1805,0.0001,2.0409,12.0,0.0681,1.0018,0.2564,2.6307,0.0061,1.0072,0.0578,1.9839,0.0,0.0,64.0,19.0186,26.0,25.0,38.0,37.0,13.0,0.0,0.0,0.0,0.0,41.1359,0.0,41.1865,0.0,0.0
9188.0,1.751,0.0939,1.0,0.0795,1.2009,2.0556,1.0556,2.1849,1.1849,26.6945,2.0678,26.387,2.0555,100.0,0.0,0.0,0.0,25.0,0.0,26.25,0.0,26.125,0.0,25.125,10.0,0.0,0.0081,52.5083,5.2508,2.0,12.6426,1.4407,0.013,1.3651,0.0273,1.3666,2.189e-05,1.1821,0.0001,2.0456,12.0,0.0684,1.0018,0.2217,2.5676,0.0059,0.9921,0.0578,1.9835,0.0,0.0,64.0,19.6856,25.0,25.0,38.0,37.0,14.0,0.0,0.0,0.0,0.0,41.1365,0.0,41.1863,0.0,0.0
9189.0,1.7509,0.0939,1.0,0.0798,1.2016,2.0553,1.0553,2.1854,1.1854,26.8181,2.0727,26.3814,2.0553,100.0,0.0,0.0,0.0,24.875,0.0,26.125,0.0,26.25,0.0,25.125,10.0,0.0,0.0083,52.5084,5.2508,2.0,12.4855,1.4386,-0.074,1.3556,0.0272,1.3666,2.182e-05,1.1812,0.0001,2.0458,12.0,0.0708,1.0019,0.264,2.6434,0.0065,1.0316,0.0531,1.947,0.0,0.0,64.0,20.3556,25.0,25.0,38.0,37.0,13.0,0.0,0.0,0.0,0.0,41.1362,0.0,41.1865,0.0,0.0
9190.0,1.7509,0.0939,1.0,0.0798,1.2018,2.0559,1.0559,2.1854,1.1854,26.7806,2.0712,26.3701,2.0548,100.0,0.0,0.0,0.0,25.0,0.0,26.125,0.0,26.25,0.0,25.125,10.0,0.0,0.0082,52.5085,5.2509,2.0,12.3593,1.4368,-0.0864,1.3542,0.0325,1.3672,2.194e-05,1.1825,0.0001,2.043,12.0,0.0706,1.0019,0.2662,2.6471,0.0061,1.0092,0.0547,1.96,0.0,0.0,64.0,21.077,25.0,25.0,38.0,37.0,12.0,0.0,0.0,0.0,0.0,41.1362,0.0,41.1862,0.0,0.0
9191.0,1.7519,0.094,1.0,0.0798,1.2016,2.0562,1.0562,2.1853,1.1853,26.6573,2.0663,26.3698,2.0548,100.0,0.0,0.0,0.0,24.875,0.0,26.25,0.0,26.125,0.0,25.125,10.0,0.0,0.0086,52.5085,5.2508,2.0,12.3625,1.4368,-0.0996,1.3528,0.0255,1.3664,2.182e-05,1.1813,0.0001,2.0482,12.0,0.0706,1.0019,0.2268,2.5775,0.0066,1.039,0.0543,1.9564,0.0,0.0,64.0,21.8603,25.0,25.0,38.0,37.0,13.0,0.0,0.0,0.0,0.0,41.1368,0.0,41.1868,0.0,0.0
9192.0,1.7527,0.0941,1.0,0.0796,1.2011,2.0561,1.0561,2.185,1.185,26.5566,2.0623,26.3746,2.055,100.0,0.0,0.0,0.0,25.0,0.0,26.125,0.0,26.125,0.0,25.125,10.0,0.0,0.0081,52.5084,5.2508,2.0,12.1557,1.4339,-0.1456,1.3478,0.0253,1.3664,2.188e-05,1.1819,0.0001,2.0442,12.0,0.0701,1.0019,0.2572,2.6322,0.0063,1.0235,0.0492,1.914,0.0,0.0,64.0,22.5635,25.0,25.0,38.0,37.0,13.0,0.0,0.0,0.0,0.0,41.1363,0.0,41.1865,0.0,0.0
9193.0,1.7525,0.0941,1.0,0.0794,1.2005,2.0557,1.0557,2.1849,1.1849,26.6491,2.066,26.3952,2.0558,100.0,0.0,0.0,0.0,24.875,0.0,26.125,0.0,26.125,0.0,25.125,10.0,0.0,0.0076,52.5084,5.2508,2.0,12.0761,1.4328,-0.2185,1.3398,0.029,1.3668,2.187e-05,1.1818,0.0001,2.046,12.0,0.0715,1.0019,0.2059,2.5355,0.0061,1.0054,0.0455,1.88,0.0,0.0,64.0,23.3471,25.0,25.0,38.0,37.0,13.0,0.0,0.0,0.0,0.0,41.1361,0.0,41.186,0.0,0.0
9194.0,1.7509,0.0939,1.0,0.0796,1.2011,2.0555,1.0555,2.1851,1.1851,26.8076,2.0723,26.3909,2.0556,100.0,0.0,0.0,0.0,25.0,0.0,26.125,0.0,26.25,0.0,25.125,10.0,0.0,0.0086,52.5086,5.2509,2.0,11.839,1.4293,-0.2647,1.3348,0.0281,1.3667,2.19e-05,1.1821,0.0001,2.0493,12.0,0.069,1.0018,0.2396,2.6013,0.0061,1.0042,0.046,1.8848,0.0,0.0,64.0,24.0542,25.0,25.0,38.0,37.0,15.0,0.0,0.0,0.0,0.0,41.1367,0.0,41.1871,0.0,0.0
9195.0,1.751,0.0939,1.0,0.0795,1.2008,2.0558,1.0558,2.1854,1.1854,26.7868,2.0715,26.3719,2.0549,100.0,0.0,0.0,0.0,25.0,0.0,26.125,0.0,26.125,0.0,25.125,10.0,0.0,0.0082,52.5086,5.2509,2.0,11.8804,1.4299,-0.2384,1.3376,0.0283,1.3667,2.187e-05,1.1819,0.0001,2.0431,12.0,0.0651,1.0017,0.2023,2.5279,0.0058,0.9882,0.0424,1.849,0.0,0.0,64.0,24.821,25.0,25.0,38.0,37.0,12.0,0.0,0.0,0.0,0.0,41.1367,0.0,41.1866,0.0,0.0
9196.0,1.7496,0.0937,1.0,0.0795,1.2008,2.056,1.056,2.1857,1.1857,26.6809,2.0672,26.3648,2.0546,100.0,0.0,0.0,0.0,25.0,0.0,26.125,0.0,26.125,0.0,25.125,10.0,0.0,0.0077,52.5087,5.2509,2.0,11.973,1.4313,-0.1557,1.3466,0.0288,1.3668,2.188e-05,1.1819,0.0001,2.0487,12.0,0.0675,1.0018,0.1938,2.5093,0.0061,1.0039,0.0418,1.8427,0.0,0.0,64.0,25.5383,25.0,25.0,38.0,37.0,15.0,0.0,0.0,0.0,0.0,41.1362,0.0,41.1867,0.0,0.0
9197.0,1.7488,0.0936,1.0,0.0795,1.2009,2.0559,1.0559,2.1851,1.1851,26.5706,2.0628,26.363,2.0545,100.0,0.0,0.0,0.0,25.0,0.0,26.125,0.0,26.125,0.0,25.125,10.0,0.0,0.008,52.5086,5.2509,2.0,11.9417,1.4308,-0.2002,1.3418,0.0292,1.3668,2.189e-05,1.182,0.0001,2.0503,12.0,0.064,1.0017,0.1815,2.4808,0.0062,1.0129,0.0404,1.8284,0.0,0.0,64.0,26.3265,25.0,25.0,38.0,37.0,14.0,0.0,0.0,0.0,0.0,41.1365,0.0,41.1868,0.0,0.0
9198.0,1.7498,0.0937,1.0,0.0793,1.2003,2.0557,1.0557,2.1849,1.1849,26.6221,2.0649,26.3832,2.0553,100.0,0.0,0.0,0.0,25.125,0.0,26.125,0.0,26.25,0.0,25.125,10.0,0.0,0.0079,52.5086,5.2509,2.0,11.7152,1.4275,-0.2541,1.3359,0.026,1.3665,2.189e-05,1.182,0.0001,2.0458,12.0,0.0629,1.0017,0.1711,2.4552,0.0057,0.9805,0.0502,1.9228,0.0,0.0,64.0,27.0132,25.0,25.0,38.0,37.0,14.0,0.0,0.0,0.0,0.0,41.1362,0.0,41.1865,0.0,0.0
9199.0,1.7498,0.0937,1.0,0.0794,1.2006,2.0552,1.0552,2.1851,1.1851,26.7967,2.0719,26.3904,2.0556,100.0,0.0,0.0,0.0,25.0,0.0,26.125,0.0,26.125,0.0,25.125,10.0,0.0,0.0081,52.5089,5.2509,2.0,11.7362,1.4278,-0.1413,1.3482,0.0338,1.3673,2.197e-05,1.1829,0.0001,2.0459,12.0,0.063,1.0017,0.2428,2.6072,0.0059,0.9903,0.0502,1.9225,0.0,0.0,64.0,27.8058,25.0,25.0,38.0,37.0,13.0,0.0,0.0,0.0,0.0,41.1366,0.0,41.1863,0.0,0.0
9200.0,1.7509,0.0939,1.0,0.0794,1.2007,2.0556,1.0556,2.1857,1.1857,26.8137,2.0725,26.3748,2.055,100.0,0.0,0.0,0.0,25.0,0.0,26.25,0.0,26.125,0.0,25.125,10.0,0.0,0.0088,52.5089,5.2509,2.0,12.1063,1.4332,-0.0936,1.3534,0.0294,1.3668,2.188e-05,1.182,0.0001,2.0489,12.0,0.0627,1.0017,0.2177,2.5597,0.0057,0.9768,0.0485,1.908,0.0,0.0,64.0,28.3303,25.0,25.0,38.0,37.0,14.0,0.0,0.0,0.0,0.0,41.1361,0.0,41.1866,0.0,0.0
9201.0,1.7499,0.0937,1.0,0.0794,1.2005,2.0561,1.0561,2.1852,1.1852,26.7193,2.0688,26.3661,2.0546,100.0,0.0,0.0,0.0,25.0,0.0,26.25,0.0,26.125,0.0,25.0,10.0,0.0,0.0085,52.5089,5.2509,2.0,11.9902,1.4315,-0.1484,1.3474,0.0354,1.3675,2.2e-05,1.1832,0.0001,2.0438,12.0,0.0626,1.0017,0.194,2.5097,0.0062,1.0111,0.0434,1.8598,0.0,0.0,64.0,28.8095,25.0,25.0,38.0,37.0,14.0,0.0,0.0,0.0,0.0,41.1369,0.0,41.187,0.0,0.0
9202.0,1.7488,0.0936,1.0,0.0795,1.2009,2.0558,1.0558,2.1855,1.1855,26.5969,2.0639,26.3619,2.0545,100.0,0.0,0.0,0.0,25.0,0.0,26.125,0.0,26.25,0.0,25.0,10.0,0.0,0.0084,52.5089,5.2509,2.0,11.8551,1.4296,-0.1648,1.3457,0.0406,1.3681,2.203e-05,1.1835,0.0001,2.0481,12.0,0.0639,1.0017,0.1565,2.4164,0.0062,1.0118,0.0461,1.8855,0.0,0.0,64.0,29.5161,25.0,25.0,38.0,37.0,15.0,0.0,0.0,0.0,0.0,41.1361,0.0,41.1864,0.0,0.0
9203.0,1.7488,0.0936,1.0,0.0796,1.2012,2.0555,1.0555,2.1853,1.1853,26.6173,2.0647,26.3708,2.0548,100.0,0.0,0.0,0.0,25.0,0.0,26.25,0.0,26.375,0.0,25.125,10.0,0.0,0.0081,52.509,5.2509,2.0,11.8763,1.4299,-0.1183,1.3507,0.0377,1.3678,2.201e-05,1.1833,0.0001,2.0481,12.0,0.0682,1.0018,0.2473,2.6151,0.0056,0.97,0.0427,1.8521,0.0,0.0,0.0,30.0037,25.0,25.0,38.0,37.0,14.0,0.0,0.0,0.0,0.0,41.1365,0.0,41.1867,0.0,0.0
9204.0,1.7488,0.0936,1.0,0.0797,1.2014,2.0552,1.0552,2.1849,1.1849,26.7837,2.0713,26.3903,2.0556,100.0,0.0,0.0,0.0,25.0,0.0,26.125,0.0,26.125,0.0,25.125,10.0,0.0,0.0078,52.5092,5.2509,2.0,12.0755,1.4328,-0.0548,1.3577,0.0448,1.3685,2.212e-05,1.1845,0.0001,2.0472,12.0,0.0717,1.0019,0.2231,2.5704,0.0062,1.0117,0.0415,1.8396,0.0,0.0,0.0,30.0057,25.0,25.0,38.0,37.0,14.0,0.0,0.0,0.0,0.0,41.1363,0.0,41.1864,0.0,0.0
9205.0,1.7488,0.0936,1.0,0.0795,1.201,2.0559,1.0559,2.1854,1.1854,26.8183,2.0727,26.3781,2.0551,100.0,0.0,0.0,0.0,25.0,0.0,26.125,0.0,26.125,0.0,25.125,10.0,0.0,0.0082,52.5092,5.2509,2.0,12.2199,1.4348,0.0697,1.3712,0.0409,1.3681,2.202e-05,1.1834,0.0001,2.0505,12.0,0.0696,1.0019,0.2568,2.6315,0.0055,0.9655,0.0364,1.7824,0.0,0.0,0.0,30.0036,25.0,25.0,38.0,37.0,14.0,0.0,0.0,0.0,0.0,41.1362,0.0,41.1859,0.0,0.0
9206.0,1.7478,0.0935,1.0,0.0793,1.2004,2.056,1.056,2.1853,1.1853,26.7376,2.0695,26.3668,2.0547,100.0,0.0,0.0,0.0,24.875,0.0,26.125,0.0,26.375,0.0,25.25,10.0,0.0,0.0086,52.5091,5.2509,2.0,12.4856,1.4386,0.1073,1.3753,0.0452,1.3686,2.213e-05,1.1845,0.0001,2.0458,12.0,0.0674,1.0018,0.1982,2.5189,0.0061,1.0107,0.0381,1.8028,0.0,0.0,0.0,30.003,25.0,25.0,38.0,37.0,12.0,0.0,0.0,0.0,0.0,41.136,0.0,41.1865,0.0,0.0
9207.0,1.7476,0.0934,1.0,0.0795,1.2009,2.0559,1.0559,2.1851,1.1851,26.596,2.0638,26.362,2.0545,100.0,0.0,0.0,0.0,25.0,0.0,26.125,0.0,26.25,0.0,25.125,10.0,0.0,0.0083,52.5092,5.2509,2.0,12.5631,1.4396,0.1585,1.3809,0.0497,1.3691,2.22e-05,1.1853,0.0001,2.0503,12.0,0.0615,1.0016,0.204,2.5314,0.0056,0.9676,0.0385,1.8076,0.0,0.0,0.0,30.0025,25.0,25.0,38.0,37.0,13.0,0.0,0.0,0.0,0.0,41.1359,0.0,41.187,0.0,0.0
9208.0,1.7477,0.0935,1.0,0.0792,1.2001,2.0558,1.0558,2.1849,1.1849,26.608,2.0643,26.3797,2.0552,100.0,0.0,0.0,0.0,25.0,0.0,26.125,0.0,26.125,0.0,25.0,10.0,0.0,0.0087,52.5093,5.251,2.0,12.5569,1.4396,0.0997,1.3745,0.0454,1.3686,2.21e-05,1.1842,0.0001,2.048,12.0,0.0629,1.0017,0.2198,2.5639,0.0065,1.0343,0.0501,1.9213,0.0,0.0,0.0,30.0024,25.0,25.0,38.0,37.0,12.0,0.0,0.0,0.0,0.0,41.136,0.0,41.1867,0.0,0.0
9209.0,1.7501,0.0938,1.0,0.0796,1.2012,2.0552,1.0552,2.1852,1.1852,26.744,2.0698,26.3895,2.0556,100.0,0.0,0.0,0.0,25.0,0.0,26.125,0.0,26.125,0.0,25.125,10.0,0.0,0.0082,52.5094,5.2509,2.0,12.6244,1.4405,0.1527,1.3803,0.0515,1.3693,2.222e-05,1.1855,0.0001,2.0465,12.0,0.0663,1.0018,0.2206,2.5654,0.0058,0.9874,0.0499,1.9197,0.0,0.0,0.0,30.0024,25.0,25.0,38.0,37.0,13.0,0.0,0.0,0.0,0.0,41.1364,0.0,41.1867,0.0,0.0
9210.0,1.751,0.0939,1.0,0.0795,1.2008,2.0553,1.0553,2.1858,1.1858,26.8341,2.0734,26.3755,2.055,100.0,0.0,0.0,0.0,25.0,0.0,26.125,0.0,26.125,0.0,25.125,10.0,0.0,0.0079,52.5091,5.2509,2.0,12.6358,1.4406,0.1607,1.3812,0.0539,1.3695,2.221e-05,1.1853,0.0001,2.051,12.0,0.0701,1.0019,0.2103,2.5448,0.0062,1.0109,0.0578,1.9836,0.0,0.0,0.0,30.0014,25.0,25.0,38.0,37.0,14.0,0.0,0.0,0.0,0.0,41.1358,0.0,41.1864,0.0,0.0
9211.0,1.7527,0.0941,1.0,0.0796,1.2012,2.0557,1.0557,2.1857,1.1857,26.7303,2.0692,26.3673,2.0547,100.0,0.0,0.0,0.0,25.0,0.0,26.25,0.0,26.125,0.0,25.125,10.0,0.0,0.0127,52.5096,5.251,2.0,12.9698,1.4452,0.8699,1.4585,0.0576,1.3699,2.227e-05,1.186,0.0001,2.0459,12.0,0.0674,1.0018,0.1678,2.4465,0.0058,0.9843,0.0586,1.9901,0.0,0.0,0.0,30.0014,25.0,25.0,38.0,37.0,16.0,0.0,0.0,0.0,0.0,41.1366,0.0,41.1868,0.0,0.0
9212.0,1.7539,0.0942,1.0,0.0797,1.2014,2.0562,1.0562,2.1853,1.1853,26.6385,2.0655,26.3643,2.0546,100.0,0.0,0.0,0.0,25.0,0.0,26.125,0.0,26.25,0.0,25.125,10.0,0.0,0.008,52.5098,5.251,2.0,14.5565,1.4652,0.9286,1.4649,0.0631,1.3705,2.237e-05,1.187,0.0001,2.0452,12.0,0.0727,1.0019,0.2661,2.6469,0.0054,0.9574,0.0505,1.9253,0.0,0.0,0.0,30.0008,25.0,25.0,38.0,37.0,15.0,0.0,0.0,0.0,0.0,41.1361,0.0,41.1865,0.0,0.0
9213.0,1.753,0.0941,1.0,0.0795,1.201,2.056,1.056,2.1853,1.1853,26.5956,2.0638,26.3781,2.0551,100.0,0.0,0.0,0.0,25.0,0.0,26.125,0.0,26.125,0.0,25.125,10.0,0.0,0.0078,52.5094,5.251,2.0,14.6888,1.4668,0.807,1.4517,0.0665,1.3709,2.243e-05,1.1877,0.0001,2.0505,12.0,0.0693,1.0018,0.2428,2.6071,0.0062,1.016,0.0514,1.9326,0.0,0.0,0.0,30.0005,26.0,25.0,38.0,37.0,13.0,0.0,0.0,0.0,0.0,41.1362,0.0,41.1863,0.0,0.0
9214.0,1.7528,0.0941,1.0,0.0795,1.2008,2.0556,1.0556,2.1849,1.1849,26.7355,2.0694,26.3904,2.0556,100.0,0.0,0.0,0.0,25.0,0.0,26.125,0.0,26.25,0.0,25.125,10.0,0.0,0.0088,52.5095,5.251,2.0,14.5497,1.4651,0.6675,1.4365,0.0657,1.3708,2.238e-05,1.1871,0.0001,2.0471,12.0,0.0683,1.0018,0.2178,2.5599,0.006,0.9989,0.0518,1.9361,0.0,0.0,0.0,29.9996,26.0,25.0,38.0,37.0,14.0,0.0,0.0,0.0,0.0,41.1359,0.0,41.1865,0.0,0.0
9215.0,1.7509,0.0939,1.0,0.0794,1.2006,2.0557,1.0557,2.1854,1.1854,26.8238,2.073,26.3848,2.0554,100.0,0.0,0.0,0.0,25.0,0.0,26.125,0.0,26.125,0.0,25.0,10.0,0.0,0.0086,52.5093,5.2509,2.0,14.1267,1.46,0.5023,1.4184,0.0677,1.371,2.243e-05,1.1877,0.0001,2.0527,12.0,0.06,1.0016,0.2087,2.5414,0.0063,1.0234,0.0493,1.9146,0.0,0.0,0.0,30.0,26.0,25.0,38.0,37.0,14.0,0.0,0.0,0.0,0.0,41.1358,0.0,41.1867,0.0,0.0
9216.0,1.7497,0.0937,1.0,0.0794,1.2005,2.0559,1.0559,2.1853,1.1853,26.7527,2.0701,26.3674,2.0547,100.0,0.0,0.0,0.0,25.0,0.0,26.125,0.0,26.25,0.0,25.125,10.0,0.0,0.0082,52.5097,5.251,2.0,13.8015,1.456,0.3771,1.4048,0.0721,1.3715,2.252e-05,1.1886,0.0001,2.0504,12.0,0.0635,1.0017,0.2309,2.5853,0.0062,1.0158,0.0491,1.913,0.0,0.0,0.0,29.9997,26.0,25.0,38.0,37.0,16.0,0.0,0.0,0.0,0.0,41.1362,0.0,41.1864,0.0,0.0
9217.0,1.7488,0.0936,1.0,0.0795,1.201,2.0562,1.0562,2.1853,1.1853,26.6464,2.0659,26.3631,2.0545,100.0,0.0,0.0,0.0,25.0,0.0,26.125,0.0,26.25,0.0,25.125,10.0,0.0,0.0084,52.5099,5.251,2.0,13.8802,1.457,0.418,1.4092,0.0717,1.3715,2.248e-05,1.1882,0.0001,2.0506,12.0,0.0643,1.0017,0.2128,2.5497,0.0064,1.0308,0.0438,1.8638,0.0,0.0,0.0,29.9996,25.0,25.0,38.0,37.0,15.0,0.0,0.0,0.0,0.0,41.1364,0.0,41.1862,0.0,0.0
9218.0,1.7488,0.0936,1.0,0.0795,1.2008,2.0557,1.0557,2.1852,1.1852,26.577,2.0631,26.3742,2.055,100.0,0.0,0.0,0.0,24.875,0.0,26.125,0.0,26.25,0.0,25.125,10.0,0.0,0.0086,52.5097,5.251,2.0,13.7984,1.4559,0.3629,1.4032,0.0753,1.3719,2.259e-05,1.1893,0.0001,2.0537,12.0,0.0708,1.0019,0.1738,2.4619,0.0059,0.9913,0.0413,1.8373,0.0,0.0,0.0,29.9994,25.0,25.0,38.0,37.0,15.0,0.0,0.0,0.0,0.0,41.1364,0.0,41.1866,0.0,0.0
9219.0,1.7499,0.0937,1.0,0.0796,1.2012,2.0553,1.0553,2.185,1.185,26.6815,2.0673,26.3884,2.0555,100.0,0.0,0.0,0.0,25.0,0.0,26.25,0.0,26.125,0.0,25.125,10.0,0.0,0.0081,52.5101,5.2511,2.0,13.8917,1.4571,0.3591,1.4028,0.0788,1.3722,2.259e-05,1.1893,0.0001,2.0533,12.0,0.0712,1.0019,0.1628,2.4336,0.006,1.0012,0.0403,1.8275,0.0,0.0,0.0,29.9992,25.0,25.0,38.0,37.0,15.0,0.0,0.0,0.0,0.0,41.1365,0.0,41.1865,0.0,0.0
9220.0,1.7495,0.0937,1.0,0.0795,1.2009,2.0555,1.0555,2.1856,1.1856,26.823,2.0729,26.3835,2.0553,100.0,0.0,0.0,0.0,25.0,0.0,26.125,0.0,26.125,0.0,25.125,10.0,0.0,0.0087,52.5096,5.2509,2.0,13.9012,1.4572,0.326,1.3992,0.0763,1.372,2.262e-05,1.1897,0.0001,2.0474,12.0,0.0701,1.0019,0.1645,2.4381,0.0057,0.9782,0.0428,1.8529,0.0,0.0,0.0,29.9989,25.0,25.0,38.0,37.0,12.0,0.0,0.0,0.0,0.0,41.1359,0.0,41.1862,0.0,0.0
9221.0,1.7508,0.0939,1.0,0.0794,1.2007,2.0559,1.0559,2.1857,1.1857,26.7702,2.0708,26.3685,2.0547,100.0,0.0,0.0,0.0,24.875,0.0,26.125,0.0,26.25,0.0,25.125,10.0,0.0,0.0085,52.5099,5.251,2.0,13.7675,1.4555,0.2964,1.396,0.0772,1.3721,2.266e-05,1.19,0.0001,2.0534,12.0,0.0655,1.0017,0.1617,2.4305,0.0059,0.9954,0.0383,1.8048,0.0,0.0,0.0,29.9987,25.0,25.0,38.0,37.0,15.0,0.0,0.0,0.0,0.0,41.1361,0.0,41.1865,0.0,0.0
9222.0,1.7509,0.0939,1.0,0.0794,1.2005,2.0558,1.0558,2.1856,1.1856,26.665,2.0666,26.3638,2.0546,100.0,0.0,0.0,0.0,25.0,0.0,26.125,0.0,26.25,0.0,25.125,10.0,0.0,0.0074,52.5099,5.251,2.0,13.8214,1.4562,0.291,1.3954,0.0846,1.3729,2.274e-05,1.1909,0.0001,2.0493,12.0,0.0691,1.0018,0.2327,2.5887,0.0064,1.0252,0.0366,1.785,0.0,0.0,0.0,29.9988,25.0,25.0,38.0,37.0,13.0,0.0,0.0,0.0,0.0,41.1365,0.0,41.1863,0.0,0.0
9223.0,1.7509,0.0939,1.0,0.0794,1.2007,2.0554,1.0554,2.1854,1.1854,26.5713,2.0629,26.3625,2.0545,100.0,0.0,0.0,0.0,25.0,0.0,26.125,0.0,26.125,0.0,25.125,10.0,0.0,0.008,52.5098,5.251,2.0,13.8475,1.4565,0.2478,1.3907,0.0839,1.3728,2.274e-05,1.1909,0.0001,2.0549,12.0,0.0662,1.0018,0.1801,2.4774,0.0065,1.0358,0.0309,1.7125,0.0,0.0,0.0,29.9982,25.0,25.0,38.0,37.0,14.0,0.0,0.0,0.0,0.0,41.1363,0.0,41.1866,0.0,0.0
9224.0,1.7509,0.0939,1.0,0.0792,1.2002,2.0552,1.0552,2.1851,1.1851,26.685,2.0674,26.3877,2.0555,100.0,0.0,0.0,0.0,25.0,0.0,26.125,0.0,26.125,0.0,25.125,10.0,0.0,0.0076,52.5098,5.251,2.0,13.5919,1.4533,0.1562,1.3807,0.0837,1.3728,2.28e-05,1.1915,0.0001,2.0534,12.0,0.0643,1.0017,0.1927,2.5068,0.0066,1.0386,0.0497,1.9185,0.0,0.0,0.0,29.9984,25.0,25.0,38.0,37.0,15.0,0.0,0.0,0.0,0.0,41.1366,0.0,41.1868,0.0,0.0
9225.0,1.7509,0.0939,1.0,0.0796,1.2011,2.0554,1.0554,2.1855,1.1855,26.8332,2.0733,26.3847,2.0554,100.0,0.0,0.0,0.0,25.0,0.0,26.25,0.0,26.25,0.0,25.0,10.0,0.0,0.0082,52.51,5.251,2.0,13.3755,1.4505,0.0308,1.367,0.0873,1.3732,2.284e-05,1.1918,0.0001,2.0525,12.0,0.0662,1.0018,0.175,2.4649,0.0062,1.0147,0.0444,1.8696,0.0,0.0,0.0,29.998,26.0,25.0,38.0,37.0,13.0,0.0,0.0,0.0,0.0,41.1363,0.0,41.186,0.0,0.0
9226.0,1.752,0.094,1.0,0.0794,1.2006,2.0556,1.0556,2.1858,1.1858,26.79,2.0716,26.3703,2.0548,100.0,0.0,0.0,0.0,25.0,0.0,26.125,0.0,26.125,0.0,25.125,10.0,0.0,0.0086,52.51,5.251,2.0,13.0678,1.4465,0.021,1.3659,0.0861,1.373,2.279e-05,1.1914,0.0001,2.0557,12.0,0.0667,1.0018,0.1772,2.4703,0.0526,1.9432,0.0455,1.8797,0.0,0.0,0.0,29.998,26.0,25.0,38.0,37.0,13.0,0.0,0.0,0.0,0.0,41.1362,0.0,41.1865,0.0,0.0
9227.0,1.7514,0.0939,1.0,0.0797,1.2015,2.0558,1.0558,2.1857,1.1857,26.6791,2.0672,26.3658,2.0546,100.0,0.0,0.0,0.0,24.875,0.0,26.125,0.0,26.125,0.0,25.125,10.0,0.0,0.0081,52.51,5.251,2.0,13.2139,1.4484,0.0305,1.367,0.0887,1.3733,2.29e-05,1.1925,0.0001,2.0511,12.0,0.0729,1.0019,0.1624,2.4323,0.0494,1.9157,0.0441,1.8667,0.0,0.0,0.0,29.9978,26.0,25.0,38.0,37.0,13.0,0.0,0.0,0.0,0.0,41.1365,0.0,41.1869,0.0,0.0
9228.0,1.7509,0.0939,1.0,0.0794,1.2007,2.0557,1.0557,2.1855,1.1855,26.5674,2.0627,26.367,2.0547,100.0,0.0,0.0,0.0,24.875,0.0,26.125,0.0,26.25,0.0,25.125,10.0,0.0,0.0087,52.5101,5.251,2.0,13.2183,1.4485,0.0226,1.3661,0.091,1.3736,2.296e-05,1.1931,0.0001,2.0548,12.0,0.0714,1.0019,0.1528,2.4061,0.0487,1.9091,0.0417,1.8417,0.0,0.0,0.0,29.9978,26.0,25.0,38.0,37.0,15.0,0.0,0.0,0.0,0.0,41.1365,0.0,41.1867,0.0,0.0
9229.0,1.7506,0.0938,1.0,0.0794,1.2007,2.0557,1.0557,2.1851,1.1851,26.655,2.0662,26.386,2.0554,100.0,0.0,0.0,0.0,25.0,0.0,26.125,0.0,26.125,0.0,25.125,10.0,0.0,0.0079,52.5103,5.2511,2.0,13.2075,1.4483,0.1237,1.3771,0.0894,1.3734,2.289e-05,1.1924,0.0001,2.0535,12.0,0.0683,1.0018,0.1791,2.4749,0.0449,1.874,0.0437,1.8628,0.0,0.0,0.0,29.9977,26.0,25.0,38.0,37.0,14.0,0.0,0.0,0.0,0.0,41.136,0.0,41.1863,0.0,0.0
9230.0,1.7509,0.0939,1.0,0.0794,1.2007,2.0555,1.0555,2.1851,1.1851,26.8176,2.0727,26.3855,2.0554,100.0,0.0,0.0,0.0,24.875,0.0,26.125,0.0,26.25,0.0,25.125,10.0,0.0,0.008,52.51,5.251,2.0,13.6014,1.4534,0.1499,1.38,0.088,1.3732,2.296e-05,1.1931,0.0001,2.0484,12.0,0.0639,1.0017,0.1437,2.3794,0.0456,1.8811,0.0349,1.765,0.0,0.0,0.0,29.997,26.0,25.0,38.0,37.0,14.0,0.0,0.0,0.0,0.0,41.1368,0.0,41.1865,0.0,0.0
9231.0,1.7509,0.0939,1.0,0.0792,1.2001,2.0558,1.0558,2.1855,1.1855,26.8114,2.0725,26.3747,2.055,100.0,0.0,0.0,0.0,25.0,0.0,26.125,0.0,26.125,0.0,25.125,10.0,0.0,0.0079,52.51,5.251,2.0,13.4493,1.4515,0.1156,1.3762,0.0956,1.3741,2.304e-05,1.1939,0.0001,2.0463,12.0,0.0636,1.0017,0.1319,2.3423,0.0409,1.8332,0.0388,1.8106,0.0,0.0,0.0,29.9968,26.0,25.0,38.0,37.0,15.0,0.0,0.0,0.0,0.0,41.136,0.0,41.1862,0.0,0.0
9232.0,1.7486,0.0936,1.0,0.0794,1.2005,2.0562,1.0562,2.1853,1.1853,26.6928,2.0677,26.3662,2.0546,100.0,0.0,0.0,0.0,25.0,0.0,26.25,0.0,26.125,0.0,25.125,10.0,0.0,0.0089,52.5103,5.251,2.0,13.4743,1.4518,0.1425,1.3792,0.0978,1.3743,2.309e-05,1.1944,0.0001,2.0526,12.0,0.0636,1.0017,0.1124,2.2726,0.0429,1.8548,0.0394,1.8169,0.0,0.0,0.0,29.9972,26.0,25.0,38.0,37.0,13.0,0.0,0.0,0.0,0.0,41.1357,0.0,41.1864,0.0,0.0
9233.0,1.7478,0.0935,1.0,0.0794,1.2007,2.0562,1.0562,2.1851,1.1851,26.5761,2.063,26.363,2.0545,100.0,0.0,0.0,0.0,25.0,0.0,26.125,0.0,26.125,0.0,25.125,10.0,0.0,0.0089,52.5102,5.251,2.0,13.6821,1.4545,0.2008,1.3855,0.0935,1.3738,2.306e-05,1.1941,0.0001,2.048,12.0,0.0628,1.0017,0.1973,2.517,0.0394,1.8176,0.036,1.7785,0.0,0.0,0.0,29.9972,25.0,25.0,37.0,37.0,15.0,0.0,0.0,0.0,0.0,41.1361,0.0,41.1863,0.0,0.0
9234.0,1.7458,0.0932,1.0,0.0794,1.2007,2.0556,1.0556,2.1852,1.1852,26.6158,2.0646,26.3822,2.0553,100.0,0.0,0.0,0.0,25.0,0.0,26.125,0.0,26.25,0.0,25.125,10.0,0.0,0.0085,52.5103,5.251,2.0,13.9456,1.4578,0.2164,1.3872,0.0962,1.3741,2.315e-05,1.195,0.0001,2.0537,12.0,0.0641,1.0017,0.1759,2.4672,0.0328,1.7372,0.0446,1.8708,0.0,0.0,0.0,29.9966,25.0,25.0,37.0,37.0,13.0,0.0,0.0,0.0,0.0,41.1367,0.0,41.1863,0.0,0.0
9235.0,1.7477,0.0935,1.0,0.0797,1.2013,2.0555,1.0555,2.1854,1.1854,26.8082,2.0723,26.3877,2.0555,100.0,0.0,0.0,0.0,24.875,0.0,26.125,0.0,26.125,0.0,25.125,10.0,0.0,0.0088,52.5103,5.251,2.0,13.6607,1.4542,0.154,1.3804,0.0972,1.3742,2.316e-05,1.1952,0.0001,2.0504,12.0,0.065,1.0017,0.2733,2.6586,0.0319,1.7257,0.0453,1.8777,0.0,0.0,0.0,29.9971,25.0,25.0,37.0,37.0,13.0,0.0,0.0,0.0,0.0,41.1367,0.0,41.1861,0.0,0.0
9236.0,1.7478,0.0935,1.0,0.0795,1.2009,2.0557,1.0557,2.1854,1.1854,26.8129,2.0725,26.3732,2.0549,100.0,0.0,0.0,0.0,25.0,0.0,26.125,0.0,26.125,0.0,25.0,10.0,0.0,0.0082,52.5104,5.251,2.0,13.557,1.4529,0.1146,1.3761,0.0946,1.374,2.314e-05,1.1949,0.0001,2.0469,12.0,0.0668,1.0018,0.2513,2.6221,0.0309,1.7114,0.0469,1.8927,0.0,0.0,0.0,29.9966,25.0,25.0,37.0,37.0,12.0,0.0,0.0,0.0,0.0,41.1363,0.0,41.1865,0.0,0.0
9237.0,1.7496,0.0937,1.0,0.0796,1.2013,2.0558,1.0558,2.1855,1.1855,26.7183,2.0687,26.3663,2.0547,100.0,0.0,0.0,0.0,25.0,0.0,26.125,0.0,26.125,0.0,25.125,10.0,0.0,0.0082,52.5104,5.2511,2.0,13.6594,1.4542,0.1215,1.3769,0.0978,1.3743,2.323e-05,1.1959,0.0001,2.0553,12.0,0.0733,1.002,0.2399,2.6019,0.0336,1.7478,0.0385,1.8073,0.0,0.0,0.0,29.9966,26.0,25.0,38.0,37.0,15.0,0.0,0.0,0.0,0.0,41.1356,0.0,41.1861,0.0,0.0
9238.0,1.7499,0.0937,1.0,0.0796,1.2011,2.056,1.056,2.1853,1.1853,26.5857,2.0634,26.3621,2.0545,100.0,0.0,0.0,0.0,25.0,0.0,26.125,0.0,26.125,0.0,25.125,10.0,0.0,0.0083,52.5104,5.251,2.0,13.4681,1.4517,0.0465,1.3687,0.098,1.3743,2.323e-05,1.1958,0.0001,2.0503,12.0,0.0721,1.0019,0.2141,2.5524,0.0861,2.1569,0.0388,1.8108,0.0,0.0,0.0,29.9972,26.0,25.0,38.0,37.0,14.0,0.0,0.0,0.0,0.0,41.1365,0.0,41.1867,0.0,0.0
9239.0,1.7491,0.0936,1.0,0.0796,1.2011,2.0559,1.0559,2.1849,1.1849,26.6033,2.0641,26.3795,2.0552,100.0,0.0,0.0,0.0,25.0,0.0,26.25,0.0,26.125,0.0,25.125,10.0,0.0,0.0085,52.51,5.251,2.0,13.5171,1.4524,0.1248,1.3773,0.1018,1.3747,2.325e-05,1.196,0.0001,2.0579,12.0,0.0706,1.0019,0.195,2.512,0.0846,2.1493,0.0433,1.8581,0.0,0.0,0.0,29.9967,26.0,25.0,38.0,37.0,15.0,0.0,0.0,0.0,0.0,41.1367,0.0,41.1871,0.0,0.0
9240.0,1.7486,0.0936,1.0,0.0794,1.2007,2.0552,1.0552,2.185,1.185,26.7433,2.0697,26.3903,2.0556,100.0,0.0,0.0,0.0,25.0,0.0,26.125,0.0,26.125,0.0,25.125,10.0,0.0,0.0083,52.5103,5.251,2.0,13.6538,1.4541,0.1179,1.3765,0.102,1.3748,2.334e-05,1.1969,0.0001,2.0585,12.0,0.0682,1.0018,0.1829,2.4841,0.1243,2.3162,0.0543,1.9569,0.0,0.0,0.0,29.9961,26.0,25.0,38.0,37.0,12.0,0.0,0.0,0.0,0.0,41.1364,0.0,41.1866,0.0,0.0
9241.0,1.7467,0.0933,1.0,0.0794,1.2005,2.0556,1.0556,2.1853,1.1853,26.8231,2.0729,26.3747,2.055,100.0,0.0,0.0,0.0,25.0,0.0,26.0,0.0,26.375,0.0,25.0,10.0,0.0,0.0082,52.5102,5.251,2.0,13.4809,1.4519,0.0252,1.3664,0.1003,1.3746,2.332e-05,1.1967,0.0001,2.0509,12.0,0.0624,1.0017,0.1975,2.5175,0.1201,2.3014,0.0516,1.9342,0.0,0.0,0.0,29.9966,26.0,25.0,38.0,37.0,14.0,0.0,0.0,0.0,0.0,41.1366,0.0,41.1866,0.0,0.0
9242.0,1.7462,0.0933,1.0,0.0794,1.2006,2.0562,1.0562,2.1853,1.1853,26.7409,2.0696,26.3715,2.0549,100.0,0.0,0.0,0.0,25.0,0.0,26.125,0.0,26.125,0.0,25.125,10.0,0.0,0.0078,52.5104,5.2511,2.0,13.2493,1.4489,-0.0538,1.3578,0.0965,1.3742,2.328e-05,1.1963,0.0001,2.0585,12.0,0.0607,1.0016,0.156,2.415,0.1142,2.2795,0.0586,1.9897,0.0,0.0,0.0,29.9963,25.0,25.0,38.0,37.0,14.0,0.0,0.0,0.0,0.0,41.1363,0.0,41.1865,0.0,0.0
9243.0,1.7477,0.0935,1.0,0.0794,1.2007,2.0562,1.0562,2.1852,1.1852,26.6231,2.0649,26.3665,2.0547,100.0,0.0,0.0,0.0,25.0,0.0,26.125,0.0,26.125,0.0,25.0,10.0,0.0,0.0084,52.5106,5.2511,2.0,13.0361,1.4461,-0.1296,1.3495,0.098,1.3743,2.337e-05,1.1972,0.0001,2.0555,12.0,0.063,1.0017,0.1615,2.43,0.122,2.3083,0.0619,2.0138,0.0,0.0,0.0,29.9959,25.0,25.0,38.0,37.0,14.0,0.0,0.0,0.0,0.0,41.1365,0.0,41.1864,0.0,0.0
9244.0,1.7491,0.0936,1.0,0.0795,1.2009,2.0558,1.0558,2.1849,1.1849,26.5854,2.0634,26.3765,2.0551,100.0,0.0,0.0,0.0,25.0,0.0,26.125,0.0,26.125,0.0,25.125,10.0,0.0,0.0087,52.5103,5.2511,2.0,12.8252,1.4432,-0.1645,1.3457,0.0976,1.3743,2.338e-05,1.1974,0.0001,2.0569,12.0,0.0609,1.0016,0.1672,2.4451,0.1122,2.2719,0.0598,1.9988,0.0,0.0,0.0,29.9954,25.0,25.0,38.0,37.0,12.0,0.0,0.0,0.0,0.0,41.1357,0.0,41.1861,0.0,0.0
9245.0,1.7476,0.0934,1.0,0.079,1.1996,2.0552,1.0552,2.1849,1.1849,26.7452,2.0698,26.3915,2.0557,100.0,0.0,0.0,0.0,25.0,0.0,26.125,0.0,26.125,0.0,25.125,10.0,0.0,0.0089,52.5103,5.251,2.0,12.8038,1.4429,-0.1519,1.3471,0.1026,1.3748,2.342e-05,1.1978,0.0001,2.058,12.0,0.0619,1.0017,0.1342,2.3496,0.093,2.1902,0.0535,1.9502,0.0,0.0,0.0,29.9958,25.0,25.0,38.0,37.0,13.0,0.0,0.0,0.0,0.0,41.136,0.0,41.1859,0.0,0.0
9246.0,1.7466,0.0933,1.0,0.0794,1.2006,2.0556,1.0556,2.1853,1.1853,26.8253,2.073,26.3769,2.0551,100.0,0.0,0.0,0.0,25.0,0.0,26.0,0.0,26.125,0.0,25.125,10.0,0.0,0.0093,52.5105,5.251,2.0,12.7478,1.4422,-0.2039,1.3414,0.0992,1.3745,2.344e-05,1.1979,0.0001,2.0527,12.0,0.063,1.0017,0.1453,2.3842,0.0904,2.178,0.052,1.9375,0.0,0.0,0.0,29.9955,25.0,25.0,38.0,37.0,12.0,0.0,0.0,0.0,0.0,41.1357,0.0,41.1864,0.0,0.0
9247.0,1.7447,0.0931,1.0,0.0795,1.201,2.0561,1.0561,2.1853,1.1853,26.7525,2.0701,26.3761,2.055,100.0,0.0,0.0,0.0,25.0,0.0,26.0,0.0,26.125,0.0,25.0,10.0,0.0,0.0086,52.5105,5.2511,2.0,12.6361,1.4406,-0.2111,1.3406,0.1003,1.3746,2.351e-05,1.1986,0.0001,2.0587,12.0,0.0644,1.0017,0.1992,2.5211,0.0856,2.1546,0.0528,1.9444,0.0,0.0,0.0,29.9958,25.0,25.0,38.0,37.0,15.0,0.0,0.0,0.0,0.0,41.1365,0.0,41.1864,0.0,0.0
9248.0,1.7446,0.0931,1.0,0.0796,1.2012,2.056,1.056,2.1852,1.1852,26.6364,2.0655,26.3629,2.0545,100.0,0.0,0.0,0.0,25.0,0.0,26.125,0.0,26.125,0.0,25.125,10.0,0.0,0.0089,52.5107,5.251,2.0,12.922,1.4445,-0.0707,1.3559,0.0993,1.3745,2.347e-05,1.1982,0.0001,2.0571,12.0,0.0681,1.0018,0.1723,2.4581,0.0934,2.1921,0.0469,1.8926,0.0,0.0,0.0,29.9956,25.0,25.0,38.0,37.0,12.0,0.0,0.0,0.0,0.0,41.1361,0.0,41.1863,0.0,0.0
9249.0,1.7428,0.0928,1.0,0.0795,1.201,2.0557,1.0557,2.1852,1.1852,26.5811,2.0632,26.3707,2.0548,100.0,0.0,0.0,0.0,24.875,0.0,26.125,0.0,26.125,0.0,25.125,10.0,0.0,0.0084,52.5104,5.251,2.0,13.0913,1.4468,-0.027,1.3607,0.1018,1.3747,2.353e-05,1.1988,0.0001,2.0523,12.0,0.0721,1.0019,0.2243,2.5726,0.0803,2.1264,0.0461,1.8859,0.0,0.0,0.0,29.9954,25.0,25.0,38.0,37.0,13.0,0.0,0.0,0.0,0.0,41.1359,0.0,41.1861,0.0,0.0
9250.0,1.7426,0.0928,1.0,0.0798,1.2016,2.0556,1.0556,2.1849,1.1849,26.7144,2.0686,26.3926,2.0557,100.0,0.0,0.0,0.0,25.0,0.0,26.0,0.0,26.125,0.0,25.125,10.0,0.0,0.0087,52.5105,5.2511,2.0,13.0266,1.4459,-0.0325,1.3601,0.1045,1.375,2.362e-05,1.1997,0.0001,2.0595,12.0,0.0732,1.002,0.1721,2.4577,0.082,2.1356,0.0475,1.8988,0.0,0.0,0.0,29.9957,25.0,25.0,38.0,37.0,12.0,0.0,0.0,0.0,0.0,41.136,0.0,41.1866,0.0,0.0
9251.0,1.7416,0.0927,1.0,0.0796,1.2013,2.0556,1.0556,2.1853,1.1853,26.8269,2.0731,26.3907,2.0556,100.0,0.0,0.0,0.0,25.0,0.0,26.25,0.0,26.25,0.0,25.125,10.0,0.0,0.0088,52.5105,5.2511,2.0,13.2643,1.4491,0.0828,1.3727,0.1045,1.375,2.36e-05,1.1995,0.0001,2.0567,12.0,0.0704,1.0019,0.1701,2.4525,0.0696,2.0647,0.0568,1.9758,0.0,0.0,0.0,29.9957,25.0,25.0,38.0,37.0,13.0,0.0,0.0,0.0,0.0,41.1361,0.0,41.187,0.0,0.0
9252.0,1.7433,0.0929,1.0,0.0796,1.2011,2.0559,1.0559,2.1855,1.1855,26.7747,2.071,26.3686,2.0547,100.0,0.0,0.0,0.0,24.875,0.0,26.125,0.0,26.25,0.0,25.125,10.0,0.0,0.0087,52.5108,5.2511,2.0,13.4128,1.451,0.1053,1.3751,0.099,1.3744,2.356e-05,1.1991,0.0001,2.0572,12.0,0.0702,1.0019,0.2516,2.6225,0.0729,2.0845,0.0556,1.9672,0.0,0.0,0.0,29.9952,25.0,25.0,38.0,37.0,13.0,0.0,0.0,0.0,0.0,41.1365,0.0,41.1864,0.0,0.0
9253.0,1.7441,0.093,1.0,0.0795,1.2009,2.0558,1.0558,2.1857,1.1857,26.6672,2.0667,26.3603,2.0544,100.0,0.0,0.0,0.0,25.0,0.0,26.125,0.0,26.125,0.0,25.125,10.0,0.0,0.0083,52.5105,5.2511,2.0,13.45,1.4515,0.12,1.3767,0.0992,1.3745,2.363e-05,1.1998,0.0001,2.0595,12.0,0.0674,1.0018,0.2353,2.5934,0.0687,2.0589,0.0549,1.9612,0.0,0.0,0.0,29.9955,25.0,25.0,38.0,37.0,14.0,0.0,0.0,0.0,0.0,41.1356,0.0,41.1866,0.0,0.0
9254.0,1.7448,0.0931,1.0,0.0794,1.2006,2.0558,1.0558,2.1854,1.1854,26.5814,2.0633,26.3647,2.0546,100.0,0.0,0.0,0.0,25.0,0.0,26.125,0.0,26.25,0.0,25.125,10.0,0.0,0.0083,52.5103,5.251,2.0,13.5104,1.4523,0.1061,1.3752,0.0993,1.3745,2.364e-05,1.1998,0.0001,2.0593,12.0,0.0666,1.0018,0.2406,2.6031,0.0606,2.0045,0.0526,1.9427,0.0,0.0,0.0,29.9954,25.0,25.0,38.0,37.0,13.0,0.0,0.0,0.0,0.0,41.1366,0.0,41.1865,0.0,0.0
9255.0,1.7457,0.0932,1.0,0.0794,1.2007,2.0552,1.0552,2.1851,1.1851,26.6939,2.0678,26.3862,2.0554,100.0,0.0,0.0,0.0,25.0,0.0,26.125,0.0,26.125,0.0,25.125,10.0,0.0,0.0082,52.5103,5.251,2.0,13.5258,1.4525,0.1396,1.3789,0.0959,1.3741,2.359e-05,1.1994,0.0001,2.0622,12.0,0.0713,1.0019,0.1781,2.4725,0.0628,2.0198,0.0468,1.8921,0.0,0.0,0.0,29.9955,25.0,25.0,38.0,37.0,14.0,0.0,0.0,0.0,0.0,41.1366,0.0,41.1865,0.0,0.0
9256.0,1.7467,0.0933,1.0,0.0794,1.2007,2.0555,1.0555,2.1854,1.1854,26.8333,2.0733,26.3877,2.0555,100.0,0.0,0.0,0.0,25.0,0.0,26.125,0.0,26.125,0.0,25.125,10.0,0.0,0.0088,52.5105,5.251,2.0,13.5041,1.4522,0.0762,1.3719,0.0945,1.374,2.366e-05,1.2001,0.0001,2.0577,12.0,0.0704,1.0019,0.1993,2.5214,0.0607,2.0047,0.061,2.0073,0.0,0.0,0.0,29.9951,25.0,25.0,38.0,37.0,13.0,0.0,0.0,0.0,0.0,41.1367,0.0,41.1867,0.0,0.0
9257.0,1.7467,0.0933,1.0,0.0796,1.2012,2.056,1.056,2.1854,1.1854,26.7851,2.0714,26.3703,2.0548,100.0,0.0,0.0,0.0,25.0,0.0,26.125,0.0,26.25,0.0,25.25,10.0,0.0,0.0091,52.5105,5.251,2.0,13.3746,1.4505,0.1012,1.3747,0.0944,1.3739,2.368e-05,1.2003,0.0001,2.0569,12.0,0.0687,1.0018,0.1638,2.4362,0.0558,1.9683,0.0609,2.0065,0.0,0.0,0.0,29.9949,25.0,25.0,38.0,37.0,14.0,0.0,0.0,0.0,0.0,41.1362,0.0,41.1863,0.0,0.0
9258.0,1.7458,0.0932,1.0,0.0795,1.2008,2.0558,1.0558,2.1853,1.1853,26.678,2.0671,26.3654,2.0546,100.0,0.0,0.0,0.0,24.875,0.0,26.125,0.0,26.125,0.0,25.125,10.0,0.0,0.0087,52.5105,5.2511,2.0,13.4965,1.4521,0.0853,1.3729,0.0979,1.3743,2.37e-05,1.2004,0.0001,2.0598,12.0,0.0663,1.0018,0.1948,2.5115,0.0544,1.9574,0.0517,1.9356,0.0,0.0,0.0,29.995,25.0,25.0,38.0,37.0,13.0,0.0,0.0,0.0,0.0,41.1363,0.0,41.1864,0.0,0.0
9259.0,1.7467,0.0933,1.0,0.0795,1.2008,2.0558,1.0558,2.1852,1.1852,26.5819,2.0633,26.3639,2.0546,100.0,0.0,0.0,0.0,25.0,0.0,26.125,0.0,26.125,0.0,25.0,10.0,0.0,0.0082,52.5106,5.2511,2.0,13.3834,1.4506,0.0432,1.3684,0.0942,1.3739,2.371e-05,1.2006,0.0001,2.0572,12.0,0.0626,1.0017,0.1385,2.3633,0.0517,1.9355,0.0575,1.9814,0.0,0.0,0.0,29.995,25.0,25.0,38.0,37.0,13.0,0.0,0.0,0.0,0.0,41.1361,0.0,41.1865,0.0,0.0
9260.0,1.7487,0.0936,1.0,0.0793,1.2003,2.0553,1.0553,2.185,1.185,26.6651,2.0666,26.3863,2.0555,100.0,0.0,0.0,0.0,25.0,0.0,26.0,0.0,26.125,0.0,25.0,10.0,0.0,0.0082,52.5111,5.2511,2.0,13.262,1.449,-0.0059,1.363,0.0936,1.3738,2.376e-05,1.2011,0.0001,2.0582,12.0,0.061,1.0016,0.1387,2.3639,0.0468,1.8921,0.0507,1.927,0.0,0.0,0.0,29.9952,25.0,25.0,38.0,37.0,13.0,0.0,0.0,0.0,0.0,41.1366,0.0,41.1867,0.0,0.0
9261.0,1.7498,0.0937,1.0,0.0795,1.201,2.0555,1.0555,2.185,1.185,26.8196,2.0728,26.3922,2.0557,100.0,0.0,0.0,0.0,25.125,0.0,26.125,0.0,26.25,0.0,25.0,10.0,0.0,0.0085,52.5111,5.2511,2.0,13.0757,1.4466,-0.0683,1.3562,0.0908,1.3735,2.368e-05,1.2003,0.0001,2.0574,12.0,0.0618,1.0016,0.1481,2.3923,0.0503,1.9233,0.0477,1.9006,0.0,0.0,0.0,29.9947,25.0,25.0,38.0,37.0,13.0,0.0,0.0,0.0,0.0,41.1368,0.0,41.1863,0.0,0.0
9262.0,1.7509,0.0939,1.0,0.0794,1.2006,2.056,1.056,2.1854,1.1854,26.8055,2.0722,26.381,2.0552,100.0,0.0,0.0,0.0,25.0,0.0,26.125,0.0,26.25,0.0,25.125,10.0,0.0,0.0085,52.511,5.2511,2.0,12.9682,1.4452,-0.0656,1.3565,0.0895,1.3734,2.373e-05,1.2008,0.0001,2.0551,12.0,0.0635,1.0017,0.1428,2.3765,0.0429,1.854,0.0533,1.9486,0.0,0.0,0.0,29.9945,25.0,25.0,38.0,37.0,13.0,0.0,0.0,0.0,0.0,41.1367,0.0,41.1864,0.0,0.0
9263.0,1.7498,0.0937,1.0,0.0796,1.2011,2.0561,1.0561,2.1852,1.1852,26.7052,2.0682,26.3745,2.055,100.0,0.0,0.0,0.0,25.0,0.0,26.125,0.0,26.125,0.0,25.125,10.0,0.0,0.0089,52.5112,5.2511,2.0,13.1624,1.4477,-0.0128,1.3622,0.0909,1.3736,2.377e-05,1.2012,0.0001,2.0555,12.0,0.0647,1.0017,0.1349,2.3517,0.0441,1.8661,0.0477,1.9007,0.0,0.0,0.0,29.9947,25.0,25.0,38.0,37.0,14.0,0.0,0.0,0.0,0.0,41.136,0.0,41.1867,0.0,0.0
9264.0,1.7488,0.0936,1.0,0.0796,1.2011,2.0562,1.0562,2.1853,1.1853,26.5707,2.0628,26.3717,2.0549,100.0,0.0,0.0,0.0,25.0,0.0,26.125,0.0,26.125,0.0,25.125,10.0,0.0,0.0086,52.511,5.2511,2.0,13.29,1.4494,0.0549,1.3696,0.0959,1.3741,2.383e-05,1.2018,0.0001,2.0575,12.0,0.0676,1.0018,0.1341,2.3492,0.0422,1.8467,0.0449,1.874,0.0,0.0,0.0,29.9947,25.0,25.0,38.0,37.0,13.0,0.0,0.0,0.0,0.0,41.1362,0.0,41.1861,0.0,0.0
9265.0,1.7505,0.0938,1.0,0.0794,1.2007,2.0558,1.0558,2.1849,1.1849,26.6234,2.0649,26.3929,2.0557,100.0,0.0,0.0,0.0,25.0,0.0,26.125,0.0,26.125,0.0,25.0,10.0,0.0,0.0085,52.5112,5.2511,2.0,13.466,1.4517,0.1169,1.3764,0.0909,1.3736,2.376e-05,1.2011,0.0001,2.0525,12.0,0.0641,1.0017,0.1306,2.3379,0.0376,1.7971,0.0564,1.9729,0.0,0.0,0.0,29.9946,25.0,25.0,38.0,37.0,13.0,0.0,0.0,0.0,0.0,41.1366,0.0,41.1863,0.0,0.0
9266.0,1.7499,0.0937,1.0,0.0794,1.2005,2.0555,1.0555,2.1852,1.1852,26.7981,2.0719,26.4002,2.056,100.0,0.0,0.0,0.0,25.0,0.0,26.125,0.0,26.125,0.0,25.125,10.0,0.0,0.0084,52.511,5.2511,2.0,13.5776,1.4531,0.1353,1.3784,0.0883,1.3733,2.382e-05,1.2017,0.0001,2.0575,12.0,0.0635,1.0017,0.1973,2.517,0.0337,1.7494,0.0592,1.994,0.0,0.0,0.0,29.9943,25.0,25.0,38.0,37.0,15.0,0.0,0.0,0.0,0.0,41.1357,0.0,41.1864,0.0,0.0
9267.0,1.7499,0.0937,1.0,0.0794,1.2007,2.0559,1.0559,2.1854,1.1854,26.8118,2.0725,26.3842,2.0554,100.0,0.0,0.0,0.0,25.0,0.0,26.0,0.0,26.25,0.0,25.0,10.0,0.0,0.0077,52.5111,5.2511,2.0,13.6096,1.4535,0.1189,1.3766,0.09,1.3735,2.384e-05,1.2018,0.0001,2.0565,12.0,0.0631,1.0017,0.1469,2.389,0.0882,2.1674,0.0523,1.9405,0.0,0.0,0.0,29.9943,25.0,25.0,38.0,37.0,13.0,0.0,0.0,0.0,0.0,41.1359,0.0,41.1861,0.0,0.0
9268.0,1.7499,0.0937,1.0,0.0795,1.2009,2.0561,1.0561,2.1853,1.1853,26.7172,2.0687,26.3701,2.0548,100.0,0.0,0.0,0.0,25.0,0.0,26.125,0.0,26.125,0.0,25.125,10.0,0.0,0.0086,52.5111,5.2511,2.0,13.4361,1.4513,0.0248,1.3663,0.0932,1.3738,2.388e-05,1.2022,0.0001,2.0554,12.0,0.0652,1.0017,0.1798,2.4767,0.0802,2.1259,0.0505,1.9248,0.0,0.0,0.0,29.9943,25.0,25.0,38.0,37.0,13.0,0.0,0.0,0.0,0.0,41.1359,0.0,41.1865,0.0,0.0
9269.0,1.7494,0.0937,1.0,0.0795,1.201,2.0562,1.0562,2.1853,1.1853,26.5949,2.0638,26.3617,2.0545,100.0,0.0,0.0,0.0,25.0,0.0,26.125,0.0,26.125,0.0,25.125,10.0,0.0,0.0081,52.511,5.2511,2.0,13.321,1.4498,-0.0189,1.3616,0.085,1.3729,2.385e-05,1.2019,0.0001,2.0586,12.0,0.0662,1.0018,0.1442,2.3809,0.0805,2.1277,0.0663,2.0433,0.0,0.0,0.0,29.9943,25.0,25.0,38.0,37.0,13.0,0.0,0.0,0.0,0.0,41.1364,0.0,41.1863,0.0,0.0
9270.0,1.7488,0.0936,1.0,0.0795,1.201,2.0559,1.0559,2.1851,1.1851,26.6086,2.0643,26.3805,2.0552,100.0,0.0,0.0,0.0,25.0,0.0,26.125,0.0,26.125,0.0,25.0,10.0,0.0,0.0086,52.511,5.2511,2.0,13.2354,1.4487,-0.0314,1.3602,0.0912,1.3736,2.395e-05,1.2029,0.0001,2.0537,12.0,0.0722,1.0019,0.1638,2.4361,0.0736,2.0886,0.0594,1.9954,0.0,0.0,0.0,29.9942,25.0,25.0,38.0,37.0,14.0,0.0,0.0,0.0,0.0,41.136,0.0,41.1864,0.0,0.0
9271.0,1.7487,0.0936,1.0,0.0797,1.2015,2.0554,1.0554,2.185,1.185,26.7527,2.0701,26.3906,2.0556,100.0,0.0,0.0,0.0,25.0,0.0,26.0,0.0,26.125,0.0,25.125,10.0,0.0,0.0084,52.5111,5.2511,2.0,13.0389,1.4461,-0.1119,1.3514,0.0882,1.3733,2.386e-05,1.2021,0.0001,2.051,12.0,0.0722,1.0019,0.1266,2.3242,0.0767,2.1064,0.0541,1.9554,0.0,0.0,0.0,29.9941,25.0,25.0,38.0,37.0,14.0,0.0,0.0,0.0,0.0,41.136,0.0,41.1865,0.0,0.0
9272.0,1.7478,0.0935,1.0,0.0797,1.2015,2.0555,1.0555,2.1858,1.1858,26.8128,2.0725,26.3772,2.0551,100.0,0.0,0.0,0.0,25.0,0.0,26.125,0.0,26.125,0.0,25.125,10.0,0.0,0.0081,52.5113,5.2511,2.0,13.0603,1.4464,-0.0604,1.3571,0.086,1.373,2.391e-05,1.2026,0.0001,2.0591,12.0,0.0734,1.002,0.134,2.349,0.0721,2.0797,0.0611,2.0077,0.0,0.0,0.0,29.9939,25.0,25.0,38.0,37.0,13.0,0.0,0.0,0.0,0.0,41.136,0.0,41.1862,0.0,0.0
9273.0,1.7478,0.0935,1.0,0.0796,1.2012,2.0561,1.0561,2.1857,1.1857,26.7439,2.0698,26.3672,2.0547,100.0,0.0,0.0,0.0,25.125,0.0,26.125,0.0,26.125,0.0,25.125,10.0,0.0,0.0081,52.5111,5.2511,2.0,12.8709,1.4438,-0.1665,1.3455,0.0873,1.3732,2.395e-05,1.2029,0.0001,2.0538,12.0,0.0737,1.002,0.1214,2.3062,0.0674,2.0507,0.071,2.0733,0.0,0.0,0.0,29.9938,25.0,25.0,38.0,37.0,15.0,0.0,0.0,0.0,0.0,41.1356,0.0,41.1862,0.0,0.0
9274.0,1.7458,0.0932,1.0,0.0795,1.2008,2.0562,1.0562,2.1855,1.1855,26.641,2.0656,26.362,2.0545,100.0,0.0,0.0,0.0,24.875,0.0,26.125,0.0,26.125,0.0,25.0,10.0,0.0,0.0086,52.5112,5.2511,2.0,12.6662,1.4411,-0.1274,1.3497,0.0823,1.3726,2.386e-05,1.202,0.0001,2.0573,12.0,0.0687,1.0018,0.1134,2.2763,0.0649,2.0344,0.0575,1.9818,0.0,0.0,0.0,29.9942,25.0,25.0,38.0,37.0,13.0,0.0,0.0,0.0,0.0,41.136,0.0,41.1864,0.0,0.0
9275.0,1.7447,0.0931,1.0,0.0796,1.2011,2.0557,1.0557,2.1851,1.1851,26.5776,2.0631,26.373,2.0549,100.0,0.0,0.0,0.0,24.875,0.0,26.125,0.0,26.125,0.0,25.125,10.0,0.0,0.008,52.5114,5.2511,2.0,12.9946,1.4455,0.0295,1.3669,0.0843,1.3728,2.394e-05,1.2028,0.0001,2.0594,12.0,0.0709,1.0019,0.1118,2.2703,0.0668,2.0464,0.0758,2.1014,0.0,0.0,0.0,29.994,25.0,25.0,38.0,37.0,14.0,0.0,0.0,0.0,0.0,41.1361,0.0,41.1862,0.0,0.0
9276.0,1.7447,0.0931,1.0,0.0795,1.2009,2.0551,1.0551,2.1853,1.1853,26.7237,2.0689,26.3871,2.0555,100.0,0.0,0.0,0.0,25.0,0.0,26.125,0.0,26.125,0.0,25.0,10.0,0.0,0.0086,52.5114,5.2511,2.0,13.2842,1.4493,0.0288,1.3668,0.0868,1.3731,2.401e-05,1.2035,0.0001,2.0537,12.0,0.0665,1.0018,0.1127,2.2738,0.0612,2.0089,0.0703,2.0686,0.0,0.0,0.0,29.9941,25.0,25.0,38.0,37.0,13.0,0.0,0.0,0.0,0.0,41.1358,0.0,41.1863,0.0,0.0
9277.0,1.7479,0.0935,1.0,0.0796,1.2012,2.0552,1.0552,2.1857,1.1857,26.8265,2.0731,26.3715,2.0549,100.0,0.0,0.0,0.0,24.875,0.0,26.0,0.0,26.125,0.0,25.0,10.0,0.0,0.0087,52.5113,5.2511,2.0,13.294,1.4495,0.0705,1.3713,0.0843,1.3728,2.394e-05,1.2028,0.0001,2.0622,12.0,0.0719,1.0019,0.1145,2.2807,0.05,1.9204,0.067,2.048,0.0,0.0,0.0,29.9936,25.0,25.0,38.0,37.0,15.0,0.0,0.0,0.0,0.0,41.1365,0.0,41.1864,0.0,0.0
9278.0,1.7498,0.0937,1.0,0.0797,1.2015,2.0558,1.0558,2.1858,1.1858,26.7707,2.0708,26.3698,2.0548,100.0,0.0,0.0,0.0,25.0,0.0,26.0,0.0,26.125,0.0,25.125,10.0,0.0,0.0084,52.511,5.2511,2.0,13.3355,1.45,0.0146,1.3652,0.0809,1.3725,2.398e-05,1.2032,0.0001,2.0586,12.0,0.0723,1.0019,0.0961,2.2044,0.0557,1.9673,0.0643,2.0302,0.0,0.0,0.0,29.9943,25.0,25.0,38.0,37.0,14.0,0.0,0.0,0.0,0.0,41.1364,0.0,41.1862,0.0,0.0
9279.0,1.7517,0.094,1.0,0.0794,1.2005,2.0562,1.0562,2.1852,1.1852,26.6375,2.0655,26.369,2.0548,100.0,0.0,0.0,0.0,25.0,0.0,26.25,0.0,26.125,0.0,25.0,10.0,0.0,0.0088,52.5112,5.2511,2.0,13.4479,1.4515,0.1204,1.3768,0.079,1.3722,2.4e-05,1.2034,0.0001,2.0573,12.0,0.0703,1.0019,0.101,2.226,0.0493,1.9151,0.0729,2.0845,0.0,0.0,0.0,29.9943,25.0,25.0,38.0,37.0,15.0,0.0,0.0,0.0,0.0,41.1363,0.0,41.1867,0.0,0.0
9280.0,1.753,0.0941,1.0,0.0796,1.2011,2.0564,1.0564,2.185,1.185,26.5724,2.0629,26.3819,2.0553,100.0,0.0,0.0,0.0,25.0,0.0,26.0,0.0,26.125,0.0,25.0,10.0,0.0,0.0075,52.5112,5.2511,2.0,13.4865,1.452,0.1136,1.376,0.0801,1.3724,2.398e-05,1.2032,0.0001,2.0595,12.0,0.0698,1.0019,0.0881,2.1667,0.0437,1.8627,0.0726,2.083,0.0,0.0,0.0,29.9937,25.0,25.0,38.0,37.0,15.0,0.0,0.0,0.0,0.0,41.1363,0.0,41.1864,0.0,0.0
9281.0,1.7527,0.0941,1.0,0.0796,1.2012,2.0556,1.0556,2.1849,1.1849,26.6913,2.0677,26.3942,2.0558,100.0,0.0,0.0,0.0,25.0,0.0,26.125,0.0,26.125,0.0,25.0,10.0,0.0,0.0085,52.5112,5.2511,2.0,13.4966,1.4521,0.1315,1.378,0.0746,1.3718,2.396e-05,1.203,0.0001,2.056,12.0,0.0682,1.0018,0.0874,2.1636,0.0452,1.8774,0.0681,2.055,0.0,0.0,0.0,29.9935,25.0,25.0,38.0,37.0,13.0,0.0,0.0,0.0,0.0,41.1364,0.0,41.1865,0.0,0.0
9282.0,1.751,0.0939,1.0,0.0793,1.2003,2.0552,1.0552,2.1856,1.1856,26.8253,2.073,26.3802,2.0552,100.0,0.0,0.0,0.0,24.875,0.0,26.125,0.0,26.125,0.0,25.0,10.0,0.0,0.0084,52.5115,5.2512,2.0,13.4127,1.451,0.0322,1.3672,0.079,1.3723,2.404e-05,1.2037,0.0001,2.0581,12.0,0.0667,1.0018,0.0788,2.1182,0.0405,1.8291,0.0823,2.1371,0.0,0.0,0.0,29.9939,25.0,25.0,38.0,37.0,13.0,0.0,0.0,0.0,0.0,41.1359,0.0,41.1865,0.0,0.0
9283.0,1.7497,0.0937,1.0,0.0794,1.2006,2.0557,1.0557,2.1856,1.1856,26.7695,2.0708,26.3678,2.0547,100.0,0.0,0.0,0.0,24.875,0.0,26.0,0.0,26.125,0.0,25.125,10.0,0.0,0.0079,52.5116,5.2512,2.0,13.4831,1.4519,0.0811,1.3725,0.0794,1.3723,2.406e-05,1.204,0.0001,2.059,12.0,0.0649,1.0017,0.0789,2.119,0.0375,1.7961,0.0728,2.0838,0.0,0.0,0.0,29.9939,25.0,25.0,38.0,37.0,12.0,0.0,0.0,0.0,0.0,41.1363,0.0,41.186,0.0,0.0
9284.0,1.7488,0.0936,1.0,0.0795,1.2009,2.0559,1.0559,2.1853,1.1853,26.6456,2.0658,26.3642,2.0546,100.0,0.0,0.0,0.0,25.0,0.0,26.0,0.0,26.25,0.0,25.0,10.0,0.0,0.0085,52.5115,5.2511,2.0,13.2914,1.4494,-0.0048,1.3631,0.0763,1.372,2.401e-05,1.2035,0.0001,2.0569,12.0,0.0634,1.0017,0.0662,2.043,0.0361,1.7796,0.0711,2.0739,0.0,0.0,0.0,29.9933,25.0,25.0,38.0,37.0,13.0,0.0,0.0,0.0,0.0,41.1364,0.0,41.1866,0.0,0.0
9285.0,1.7488,0.0936,1.0,0.0793,1.2004,2.0562,1.0562,2.1851,1.1851,26.5685,2.0627,26.377,2.0551,100.0,0.0,0.0,0.0,24.875,0.0,26.0,0.0,26.125,0.0,25.0,10.0,0.0,0.008,52.5112,5.2511,2.0,13.1462,1.4475,-0.0348,1.3598,0.074,1.3717,2.404e-05,1.2038,0.0001,2.0551,12.0,0.0609,1.0016,0.1104,2.2649,0.0378,1.7994,0.078,2.1139,0.0,0.0,0.0,29.9936,25.0,25.0,38.0,37.0,14.0,0.0,0.0,0.0,0.0,41.1363,0.0,41.1871,0.0,0.0
9286.0,1.7478,0.0935,1.0,0.0794,1.2006,2.0559,1.0559,2.185,1.185,26.6635,2.0665,26.3958,2.0558,100.0,0.0,0.0,0.0,25.0,0.0,26.125,0.0,26.125,0.0,25.125,10.0,0.0,0.0082,52.5115,5.2512,2.0,13.2608,1.449,-0.01,1.3625,0.0737,1.3717,2.403e-05,1.2037,0.0001,2.0572,12.0,0.0657,1.0018,0.1455,2.3848,0.036,1.7783,0.0631,2.0217,0.0,0.0,0.0,29.9937,25.0,25.0,38.0,37.0,14.0,0.0,0.0,0.0,0.0,41.1369,0.0,41.1868,0.0,0.0
9287.0,1.7478,0.0935,1.0,0.0795,1.2008,2.0556,1.0556,2.1853,1.1853,26.8222,2.0729,26.3908,2.0556,100.0,0.0,0.0,0.0,25.0,0.0,26.125,0.0,26.125,0.0,25.0,10.0,0.0,0.0085,52.5114,5.2511,2.0,13.3517,1.4502,0.0543,1.3696,0.0784,1.3722,2.412e-05,1.2046,0.0001,2.0592,12.0,0.0649,1.0017,0.1039,2.2387,0.0338,1.751,0.0652,2.0359,0.0,0.0,0.0,29.9938,25.0,25.0,38.0,37.0,13.0,0.0,0.0,0.0,0.0,41.136,0.0,41.1866,0.0,0.0
9288.0,1.7478,0.0935,1.0,0.0793,1.2002,2.056,1.056,2.1853,1.1853,26.7978,2.0719,26.3779,2.0551,100.0,0.0,0.0,0.0,25.0,0.0,26.125,0.0,26.125,0.0,25.0,10.0,0.0,0.0082,52.5114,5.2511,2.0,13.2361,1.4487,-0.021,1.3613,0.074,1.3717,2.408e-05,1.2042,0.0001,2.0603,12.0,0.0635,1.0017,0.1236,2.3137,0.0344,1.7586,0.0662,2.0425,0.0,0.0,0.0,29.9936,25.0,25.0,38.0,37.0,14.0,0.0,0.0,0.0,0.0,41.1364,0.0,41.1867,0.0,0.0
9289.0,1.7478,0.0935,1.0,0.0794,1.2006,2.0561,1.0561,2.1854,1.1854,26.6926,2.0677,26.3657,2.0546,100.0,0.0,0.0,0.0,25.0,0.0,26.125,0.0,26.25,0.0,25.125,10.0,0.0,0.0086,52.5115,5.2512,2.0,13.1218,1.4472,-0.0312,1.3602,0.0738,1.3717,2.41e-05,1.2044,0.0001,2.0563,12.0,0.0611,1.0016,0.1163,2.2873,0.0309,1.7114,0.0802,2.126,0.0,0.0,0.0,29.9937,25.0,25.0,38.0,37.0,13.0,0.0,0.0,0.0,0.0,41.1368,0.0,41.1869,0.0,0.0
9290.0,1.7512,0.0939,1.0,0.0791,1.1997,2.0558,1.0558,2.1854,1.1854,26.5682,2.0627,26.3686,2.0547,100.0,0.0,0.0,0.0,25.0,0.0,26.125,0.0,26.25,0.0,25.0,10.0,0.0,0.0081,52.5116,5.2511,2.0,13.0388,1.4461,-0.0652,1.3565,0.0713,1.3714,2.409e-05,1.2043,0.0001,2.0599,12.0,0.0635,1.0017,0.1242,2.3161,0.0302,1.7023,0.0723,2.0812,0.0,0.0,0.0,29.9932,25.0,25.0,38.0,37.0,14.0,0.0,0.0,0.0,0.0,41.1365,0.0,41.1864,0.0,0.0
9291.0,1.753,0.0941,1.0,0.0794,1.2006,2.0553,1.0553,2.1854,1.1854,26.6542,2.0662,26.3853,2.0554,100.0,0.0,0.0,0.0,24.875,0.0,26.0,0.0,26.125,0.0,25.125,10.0,0.0,0.0089,52.5121,5.2513,2.0,13.1416,1.4475,-0.0119,1.3623,0.0752,1.3718,2.41e-05,1.2044,0.0001,2.0581,12.0,0.0624,1.0017,0.0889,2.1707,0.0263,1.6413,0.0829,2.1406,0.0,0.0,0.0,29.9937,25.0,25.0,38.0,37.0,13.0,0.0,0.0,0.0,0.0,41.1363,0.0,41.1868,0.0,0.0
9292.0,1.753,0.0941,1.0,0.0796,1.201,2.0554,1.0554,2.1852,1.1852,26.8113,2.0725,26.383,2.0553,100.0,0.0,0.0,0.0,25.0,0.0,26.0,0.0,26.25,0.0,25.125,10.0,0.0,0.0094,52.512,5.2512,2.0,13.0705,1.4465,-0.0535,1.3578,0.0719,1.3715,2.408e-05,1.2042,0.0001,2.0587,12.0,0.0628,1.0017,0.1006,2.2247,0.0263,1.6418,0.0713,2.075,0.0,0.0,0.0,29.9935,25.0,25.0,38.0,37.0,14.0,0.0,0.0,0.0,0.0,41.1365,0.0,41.1866,0.0,0.0
9293.0,1.752,0.094,1.0,0.0793,1.2004,2.056,1.056,2.1854,1.1854,26.7895,2.0716,26.3805,2.0552,100.0,0.0,0.0,0.0,25.0,0.0,26.125,0.0,26.0,0.0,25.0,10.0,0.0,0.0083,52.5122,5.2512,2.0,13.0701,1.4465,0.0038,1.3641,0.0716,1.3714,2.415e-05,1.2048,0.0001,2.0605,12.0,0.0652,1.0017,0.0852,2.152,0.025,1.6192,0.0701,2.0676,0.0,0.0,0.0,29.9935,25.0,25.0,38.0,37.0,13.0,0.0,0.0,0.0,64.0,41.1461,0.0,41.1866,0.0,0.0
9294.0,1.7519,0.094,1.0,0.0797,1.2014,2.0563,1.0563,2.1853,1.1853,26.6805,2.0672,26.3747,2.055,100.0,0.0,0.0,0.0,25.0,0.0,26.125,0.0,26.125,0.0,25.0,10.0,0.0,0.0093,52.5124,5.2512,2.0,13.172,1.4479,-0.0145,1.3621,0.0704,1.3713,2.412e-05,1.2046,0.0001,2.0553,12.0,0.0652,1.0017,0.1043,2.2402,0.0245,1.6111,0.0739,2.0905,0.0,0.0,0.0,29.9932,25.0,25.0,38.0,37.0,13.0,0.0,0.0,0.0,64.0,41.3024,0.0,41.1866,0.0,0.0
9295.0,1.7538,0.0942,1.0,0.0796,1.2013,2.0562,1.0562,2.1853,1.1853,26.564,2.0626,26.3673,2.0547,100.0,0.0,0.0,0.0,24.875,0.0,26.125,0.0,26.125,0.0,25.0,10.0,0.0,0.0084,52.5121,5.2512,2.0,13.3862,1.4507,0.1473,1.3797,0.0654,1.3708,2.407e-05,1.2041,0.0001,2.0626,12.0,0.0664,1.0018,0.0829,2.1402,0.0213,1.5504,0.0616,2.0114,0.0,0.0,0.0,29.9934,25.0,25.0,38.0,37.0,15.0,0.0,0.0,0.0,64.0,41.4802,0.0,41.1866,0.0,0.0
9296.0,1.7548,0.0944,1.0,0.0797,1.2014,2.0554,1.0554,2.185,1.185,26.6386,2.0655,26.3844,2.0554,100.0,0.0,0.0,0.0,25.0,0.0,26.125,0.0,26.125,0.0,25.125,10.0,0.0,0.0086,52.5121,5.2512,2.0,13.5457,1.4527,0.1077,1.3754,0.0659,1.3708,2.414e-05,1.2047,0.0001,2.0598,12.0,0.0685,1.0018,0.1472,2.3897,0.0237,1.5965,0.0611,2.0082,0.0,0.0,0.0,29.9936,25.0,25.0,38.0,37.0,12.0,0.0,0.0,0.0,64.0,41.6599,0.0,41.1867,0.0,0.0
9297.0,1.7551,0.0944,1.0,0.0796,1.2011,2.0551,1.0551,2.1851,1.1851,26.8136,2.0725,26.3871,2.0555,100.0,0.0,0.0,0.0,25.0,0.0,26.125,0.0,26.25,0.0,25.0,10.0,0.0,0.0088,52.5119,5.2512,2.0,13.512,1.4523,0.1482,1.3798,0.0719,1.3715,2.421e-05,1.2055,0.0001,2.0608,12.0,0.0695,1.0019,0.1273,2.3265,0.019,1.5003,0.0842,2.1469,0.0,0.0,0.0,29.9931,25.0,25.0,38.0,37.0,15.0,0.0,0.0,0.0,64.0,41.8494,0.0,41.1867,0.0,0.0
9298.0,1.7552,0.0944,1.0,0.0794,1.2006,2.0558,1.0558,2.1854,1.1854,26.8195,2.0728,26.3752,2.055,100.0,0.0,0.0,0.0,25.0,0.0,26.0,0.0,26.125,0.0,25.125,10.0,0.0,0.0078,52.5117,5.2512,2.0,13.5971,1.4534,0.1212,1.3769,0.0676,1.371,2.418e-05,1.2051,0.0001,2.0622,12.0,0.0689,1.0018,0.1415,2.3727,0.0193,1.5069,0.082,2.1359,0.0,0.0,0.0,29.9933,25.0,25.0,38.0,37.0,12.0,0.0,0.0,0.0,64.0,42.0377,0.0,41.1863,0.0,0.0
9299.0,1.7561,0.0945,1.0,0.0794,1.2005,2.0558,1.0558,2.1857,1.1857,26.731,2.0692,26.3669,2.0547,100.0,0.0,0.0,0.0,25.0,0.0,26.125,0.0,26.125,0.0,25.0,10.0,0.0,0.0091,52.5122,5.2512,2.0,13.407,1.4509,0.0762,1.372,0.0669,1.3709,2.419e-05,1.2052,0.0001,2.0616,12.0,0.0639,1.0017,0.1273,2.3267,0.0189,1.499,0.0837,2.1446,0.0,0.0,0.0,29.9931,25.0,25.0,38.0,37.0,14.0,0.0,0.0,0.0,64.0,42.2174,0.0,41.1861,0.0,0.0
9300.0,1.7547,0.0943,1.0,0.0793,1.2004,2.0555,1.0555,2.1855,1.1855,26.5857,2.0634,26.3535,2.0541,100.0,0.0,0.0,0.0,25.0,0.0,26.125,0.0,26.375,0.0,25.0,10.0,0.0,0.0089,52.5123,5.2512,2.0,13.5081,1.4522,0.08,1.3724,0.0645,1.3707,2.419e-05,1.2052,0.0001,2.062,12.0,0.0621,1.0017,0.1272,2.3262,0.0171,1.4539,0.1002,2.2226,0.0,0.0,0.0,29.993,25.0,25.0,38.0,37.0,12.0,0.0,0.0,0.0,64.0,42.3672,0.0,41.1865,0.0,0.0
9301.0,1.754,0.0943,1.0,0.0796,1.2012,2.0554,1.0554,2.1853,1.1853,26.6272,2.0651,26.3727,2.0549,100.0,0.0,0.0,0.0,24.875,0.0,26.125,0.0,26.125,0.0,25.0,10.0,0.0,0.0086,52.5122,5.2512,2.0,13.4208,1.4511,0.0613,1.3703,0.0698,1.3712,2.423e-05,1.2056,0.0001,2.0605,12.0,0.0645,1.0017,0.1059,2.2466,0.0172,1.4566,0.1014,2.2278,0.0,0.0,0.0,29.9934,25.0,25.0,38.0,37.0,14.0,0.0,0.0,0.0,64.0,42.5927,0.0,41.1864,0.0,0.0
9302.0,1.7531,0.0941,1.0,0.0794,1.2005,2.0556,1.0556,2.1851,1.1851,26.7766,2.0711,26.396,2.0558,100.0,0.0,0.0,0.0,25.0,0.0,26.125,0.0,26.25,0.0,25.125,10.0,0.0,0.0081,52.5122,5.2512,2.0,13.4367,1.4513,0.0582,1.37,0.0643,1.3707,2.418e-05,1.2051,0.0001,2.0567,12.0,0.0655,1.0017,0.1092,2.2602,0.016,1.4271,0.0963,2.2057,0.0,0.0,0.0,29.9932,25.0,25.0,38.0,37.0,16.0,0.0,0.0,0.0,64.0,42.7657,0.0,41.1865,0.0,0.0
9303.0,1.753,0.0941,1.0,0.0795,1.2009,2.0559,1.0559,2.1854,1.1854,26.8287,2.0731,26.384,2.0554,100.0,0.0,0.0,0.0,25.0,0.0,26.125,0.0,26.125,0.0,25.0,10.0,0.0,0.0086,52.5124,5.2512,2.0,13.3517,1.4502,0.042,1.3682,0.066,1.3708,2.423e-05,1.2056,0.0001,2.0627,12.0,0.0641,1.0017,0.1121,2.2715,0.0167,1.4444,0.0825,2.138,0.0,0.0,0.0,29.993,25.0,25.0,38.0,37.0,13.0,0.0,0.0,0.0,64.0,42.9812,0.0,41.1865,0.0,0.0
9304.0,1.755,0.0944,1.0,0.0797,1.2015,2.0559,1.0559,2.1853,1.1853,26.7436,2.0697,26.3669,2.0547,100.0,0.0,0.0,0.0,25.0,0.0,26.25,0.0,26.125,0.0,25.25,10.0,0.0,0.0081,52.5122,5.2512,2.0,13.6704,1.4543,0.1865,1.384,0.0694,1.3712,2.428e-05,1.2061,0.0001,2.061,12.0,0.0655,1.0017,0.1028,2.234,0.0151,1.3998,0.0852,2.1524,0.0,0.0,0.0,29.9925,25.0,25.0,38.0,37.0,14.0,0.0,0.0,0.0,64.0,43.1479,0.0,41.1863,0.0,0.0
9305.0,1.7551,0.0944,1.0,0.0796,1.2011,2.0558,1.0558,2.1854,1.1854,26.6095,2.0644,26.3629,2.0545,100.0,0.0,0.0,0.0,25.0,0.0,26.0,0.0,26.125,0.0,25.125,10.0,0.0,0.0086,52.5122,5.2512,2.0,13.7468,1.4553,0.1361,1.3785,0.0648,1.3707,2.42e-05,1.2054,0.0001,2.0602,12.0,0.0653,1.0017,0.0914,2.1828,0.0137,1.3572,0.0868,2.1602,0.0,0.0,0.0,29.9927,25.0,25.0,38.0,37.0,14.0,0.0,0.0,0.0,64.0,43.3435,0.0,41.1865,0.0,0.0
9306.0,1.7533,0.0942,1.0,0.0796,1.2012,2.0558,1.0558,2.1854,1.1854,26.5988,2.064,26.3784,2.0551,100.0,0.0,0.0,0.0,24.875,0.0,26.125,0.0,26.125,0.0,25.125,10.0,0.0,0.0084,52.5122,5.2512,2.0,13.9055,1.4573,0.2292,1.3886,0.068,1.3711,2.425e-05,1.2058,0.0001,2.0627,12.0,0.0674,1.0018,0.0834,2.1431,0.012,1.3022,0.0793,2.1209,0.0,0.0,0.0,29.9929,25.0,25.0,38.0,37.0,14.0,0.0,0.0,0.0,64.0,43.5316,0.0,41.1865,0.0,0.0
9307.0,1.7531,0.0941,1.0,0.0796,1.2011,2.0556,1.0556,2.1849,1.1849,26.7646,2.0706,26.401,2.056,100.0,0.0,0.0,0.0,25.0,0.0,26.125,0.0,26.125,0.0,25.0,10.0,0.0,0.0082,52.5123,5.2512,2.0,13.8183,1.4562,0.1657,1.3817,0.0694,1.3712,2.433e-05,1.2066,0.0001,2.058,12.0,0.0684,1.0018,0.0942,2.1961,0.0596,1.9974,0.0777,2.1123,0.0,0.0,0.0,29.9929,25.0,25.0,38.0,37.0,13.0,0.0,0.0,0.0,64.0,43.7371,0.0,41.1866,0.0,0.0
9308.0,1.751,0.0939,1.0,0.0796,1.2012,2.0556,1.0556,2.1852,1.1852,26.8368,2.0735,26.3809,2.0552,100.0,0.0,0.0,0.0,25.0,0.0,26.125,0.0,26.25,0.0,25.0,10.0,0.0,0.0083,52.512,5.2512,2.0,13.7454,1.4553,0.1557,1.3806,0.0712,1.3714,2.431e-05,1.2063,0.0001,2.0633,12.0,0.0659,1.0018,0.0852,2.1522,0.0663,2.0435,0.0708,2.072,0.0,0.0,0.0,29.9925,25.0,25.0,38.0,37.0,13.0,0.0,0.0,0.0,64.0,43.9377,0.0,41.1867,0.0,0.0
9309.0,1.7501,0.0938,1.0,0.0795,1.2008,2.0562,1.0562,2.1857,1.1857,26.7535,2.0701,26.3682,2.0547,100.0,0.0,0.0,0.0,25.0,0.0,26.125,0.0,26.125,0.0,25.0,10.0,0.0,0.0076,52.512,5.2513,2.0,13.8475,1.4565,0.171,1.3823,0.076,1.3719,2.441e-05,1.2074,0.0001,2.0623,12.0,0.0648,1.0017,0.0728,2.0841,0.06,2.0003,0.0751,2.0973,0.0,0.0,0.0,29.9929,25.0,25.0,38.0,37.0,14.0,0.0,0.0,0.0,64.0,44.1289,0.0,41.1865,0.0,0.0
9310.0,1.7495,0.0937,1.0,0.0793,1.2003,2.056,1.056,2.1854,1.1854,26.6461,2.0658,26.3631,2.0545,100.0,0.0,0.0,0.0,25.0,0.0,26.125,0.0,26.0,0.0,25.125,10.0,0.0,0.0076,52.5123,5.2512,2.0,13.7532,1.4554,0.0969,1.3742,0.0754,1.3719,2.44e-05,1.2072,0.0001,2.0623,12.0,0.0646,1.0017,0.0821,2.1363,0.0608,2.0058,0.0715,2.0764,0.0,0.0,0.0,29.9926,25.0,25.0,38.0,37.0,14.0,0.0,0.0,0.0,64.0,44.3255,0.0,41.1862,0.0,0.0
9311.0,1.7481,0.0935,1.0,0.0795,1.201,2.0559,1.0559,2.185,1.185,26.5907,2.0636,26.3768,2.0551,100.0,0.0,0.0,0.0,25.0,0.0,26.125,0.0,26.125,0.0,25.125,10.0,0.0,0.0083,52.5123,5.2512,2.0,13.5116,1.4523,0.0154,1.3653,0.0859,1.373,2.455e-05,1.2087,0.0001,2.0642,12.0,0.0634,1.0017,0.0617,2.0119,0.1172,2.2909,0.0691,2.0616,0.0,0.0,0.0,29.9927,25.0,25.0,38.0,37.0,15.0,0.0,0.0,0.0,64.0,44.4964,0.0,41.1858,0.0,0.0
9312.0,1.7459,0.0932,1.0,0.0793,1.2005,2.0556,1.0556,2.185,1.185,26.7247,2.069,26.39,2.0556,100.0,0.0,0.0,0.0,24.875,0.0,26.125,0.0,26.0,0.0,25.125,10.0,0.0,0.0083,52.5122,5.2512,2.0,13.5419,1.4527,0.0275,1.3666,0.0849,1.3729,2.458e-05,1.209,0.0001,2.0612,12.0,0.0614,1.0016,0.0606,2.0047,0.1056,2.2457,0.0599,1.9991,0.0,0.0,0.0,29.9924,25.0,25.0,38.0,37.0,15.0,0.0,0.0,0.0,64.0,44.6921,0.0,41.1862,0.0,0.0
9313.0,1.7437,0.093,1.0,0.0793,1.2002,2.0554,1.0554,2.1856,1.1856,26.8354,2.0734,26.3796,2.0552,100.0,0.0,0.0,0.0,25.0,0.0,26.125,0.0,26.125,0.0,25.0,10.0,0.0,0.0076,52.5122,5.2512,2.0,13.4072,1.4509,-0.0047,1.3631,0.0945,1.3739,2.467e-05,1.2098,0.0001,2.0672,12.0,0.0621,1.0017,0.0553,1.9645,0.1108,2.2663,0.0613,2.009,0.0,0.0,0.0,29.9929,25.0,25.0,38.0,37.0,13.0,0.0,0.0,0.0,64.0,44.8854,0.0,41.1865,0.0,0.0
9314.0,1.7437,0.093,1.0,0.0793,1.2005,2.0557,1.0557,2.1857,1.1857,26.7683,2.0707,26.3691,2.0548,100.0,0.0,0.0,0.0,25.0,0.0,26.125,0.0,26.125,0.0,25.0,10.0,0.0,0.0084,52.512,5.2512,2.0,13.5656,1.453,0.1263,1.3774,0.0981,1.3743,2.48e-05,1.2111,0.0001,2.0654,12.0,0.0638,1.0017,0.0587,1.9902,0.1033,2.2358,0.0587,1.9906,0.0,0.0,0.0,29.993,25.0,25.0,38.0,37.0,16.0,0.0,0.0,0.0,64.0,45.0841,0.0,41.1863,0.0,0.0
9315.0,1.7448,0.0931,1.0,0.0794,1.2006,2.0558,1.0558,2.1857,1.1857,26.6552,2.0662,26.3549,2.0542,100.0,0.0,0.0,0.0,25.0,0.0,26.0,0.0,26.125,0.0,25.0,10.0,0.0,0.0085,52.5118,5.2512,2.0,13.9479,1.4578,0.2149,1.3871,0.1035,1.3749,2.486e-05,1.2116,0.0001,2.0686,12.0,0.0634,1.0017,0.0521,1.9391,0.1364,2.3566,0.0496,1.9175,0.0,0.0,0.0,29.9925,25.0,25.0,38.0,37.0,13.0,0.0,0.0,0.0,64.0,45.2774,0.0,41.186,0.0,0.0
9316.0,1.7467,0.0933,1.0,0.0796,1.2011,2.0557,1.0557,2.1854,1.1854,26.5807,2.0632,26.3703,2.0548,100.0,0.0,0.0,0.0,24.875,0.0,26.125,0.0,26.125,0.0,25.0,10.0,0.0,0.0079,52.5125,5.2513,2.0,14.1375,1.4601,0.2568,1.3917,0.1104,1.3757,2.496e-05,1.2125,0.0001,2.0687,12.0,0.0645,1.0017,0.1424,2.3753,0.132,2.3424,0.0535,1.9503,0.0,0.0,0.0,29.9922,25.0,25.0,38.0,37.0,15.0,0.0,0.0,0.0,64.0,45.4685,0.0,41.1861,0.0,0.0
9317.0,1.7468,0.0933,1.0,0.0794,1.2005,2.0557,1.0557,2.1849,1.1849,26.7034,2.0681,26.3943,2.0558,100.0,0.0,0.0,0.0,25.125,0.0,26.0,0.0,26.125,0.0,25.125,10.0,0.0,0.0086,52.5125,5.2512,2.0,14.3817,1.4631,0.3176,1.3983,0.1175,1.3765,2.507e-05,1.2135,0.0001,2.0732,12.0,0.0642,1.0017,0.123,2.3117,0.1225,2.3099,0.055,1.9618,0.0,0.0,0.0,29.9925,25.0,25.0,38.0,37.0,14.0,0.0,0.0,0.0,64.0,45.6653,0.0,41.1862,0.0,0.0
9318.0,1.7457,0.0932,1.0,0.0796,1.201,2.0556,1.0556,2.1852,1.1852,26.8251,2.073,26.3814,2.0553,100.0,0.0,0.0,0.0,24.875,0.0,26.125,0.0,26.125,0.0,25.0,10.0,0.0,0.0082,52.5129,5.2513,2.0,14.0918,1.4596,0.1786,1.3831,0.1303,1.3779,2.521e-05,1.2148,0.0001,2.0723,12.0,0.0669,1.0018,0.1762,2.4679,0.1252,2.3195,0.0642,2.0291,0.0,0.0,0.0,29.9923,25.0,25.0,38.0,37.0,14.0,0.0,0.0,0.0,64.0,45.8479,0.0,41.1867,0.0,0.0
9319.0,1.7449,0.0931,1.0,0.0795,1.2008,2.056,1.056,2.1858,1.1858,26.7987,2.0719,26.37,2.0548,100.0,0.0,0.0,0.0,25.0,0.0,26.125,0.0,26.125,0.0,25.0,10.0,0.0,0.0082,52.5126,5.2513,2.0,14.0034,1.4585,0.2018,1.3856,0.136,1.3785,2.533e-05,1.2159,0.0001,2.0687,12.0,0.0652,1.0017,0.1722,2.4578,0.1253,2.3197,0.0642,2.0292,0.0,0.0,0.0,29.9921,25.0,25.0,38.0,37.0,13.0,0.0,0.0,0.0,64.0,46.0377,0.0,41.1866,0.0,0.0
9320.0,1.7444,0.0931,1.0,0.0796,1.2012,2.0562,1.0562,2.1855,1.1855,26.6884,2.0675,26.3699,2.0548,100.0,0.0,0.0,0.0,24.875,0.0,26.125,0.0,26.0,0.0,25.0,10.0,0.0,0.0083,52.5125,5.2512,2.0,14.2007,1.4609,0.2345,1.3892,0.1452,1.3795,2.545e-05,1.217,0.0001,2.0762,12.0,0.066,1.0018,0.1508,2.4002,0.1117,2.2697,0.0738,2.0901,0.0,0.0,0.0,29.9927,25.0,25.0,38.0,37.0,14.0,0.0,0.0,0.0,64.0,46.2285,0.0,41.1863,0.0,0.0
9321.0,1.7447,0.0931,1.0,0.0798,1.2017,2.0562,1.0562,2.1852,1.1852,26.5784,2.0631,26.3707,2.0548,100.0,0.0,0.0,0.0,24.875,0.0,26.125,0.0,26.125,0.0,25.125,10.0,0.0,0.0081,52.5126,5.2513,2.0,14.5135,1.4647,0.358,1.4027,0.1526,1.3803,2.558e-05,1.2182,0.0001,2.0726,12.0,0.0728,1.0019,0.1665,2.4432,0.0999,2.2213,0.0718,2.0782,0.0,0.0,0.0,29.9923,25.0,25.0,38.0,37.0,13.0,0.0,0.0,0.0,64.0,46.3831,0.0,41.1865,0.0,0.0
9322.0,1.7447,0.0931,1.0,0.0796,1.2011,2.0555,1.0555,2.1854,1.1854,26.6663,2.0667,26.3858,2.0554,100.0,0.0,0.0,0.0,25.0,0.0,26.125,0.0,26.25,0.0,25.125,10.0,0.0,0.0085,52.5127,5.2513,2.0,14.7732,1.4678,0.4309,1.4106,0.1658,1.3817,2.576e-05,1.2198,0.0001,2.0805,12.0,0.0725,1.0019,0.1708,2.4543,0.1062,2.2481,0.0656,2.0384,0.0,0.0,0.0,29.9926,25.0,25.0,38.0,37.0,14.0,0.0,0.0,0.0,64.0,46.5714,0.0,41.1867,0.0,0.0
9323.0,1.7437,0.093,1.0,0.0798,1.2017,2.0551,1.0551,2.1855,1.1855,26.8272,2.0731,26.3844,2.0554,100.0,0.0,0.0,0.0,24.875,0.0,26.125,0.0,26.25,0.0,25.0,10.0,0.0,0.0089,52.5129,5.2513,2.0,14.9947,1.4704,0.4569,1.4135,0.1763,1.3829,2.596e-05,1.2217,0.0001,2.0753,12.0,0.0711,1.0019,0.1582,2.4209,0.1094,2.2609,0.0687,2.0591,0.0,0.0,0.0,29.9923,25.0,25.0,38.0,37.0,14.0,0.0,0.0,0.0,64.0,46.7462,0.0,41.1863,0.0,0.0
9324.0,1.7437,0.093,1.0,0.0795,1.2009,2.0556,1.0556,2.1858,1.1858,26.8075,2.0723,26.3713,2.0549,100.0,0.0,0.0,0.0,25.0,0.0,26.125,0.0,26.25,0.0,25.0,10.0,0.0,0.0088,52.513,5.2513,2.0,14.8359,1.4685,0.3544,1.4023,0.1871,1.384,2.611e-05,1.2229,0.0001,2.0819,12.0,0.0702,1.0019,0.2176,2.5596,0.0968,2.2075,0.0694,2.0634,0.0,0.0,0.0,29.9924,25.0,25.0,38.0,37.0,13.0,0.0,0.0,0.0,64.0,46.933,0.0,41.1865,0.0,0.0
9325.0,1.7437,0.093,1.0,0.0795,1.2009,2.0558,1.0558,2.1857,1.1857,26.699,2.068,26.3617,2.0545,100.0,0.0,0.0,0.0,24.875,0.0,26.0,0.0,26.125,0.0,25.125,10.0,0.0,0.0083,52.5125,5.2513,2.0,15.0212,1.4707,0.503,1.4185,0.1974,1.3852,2.626e-05,1.2243,0.0001,2.0789,12.0,0.0685,1.0018,0.1721,2.4576,0.0829,2.1403,0.0692,2.0622,0.0,0.0,0.0,29.9923,25.0,25.0,38.0,37.0,13.0,0.0,0.0,0.0,64.0,47.1163,0.0,41.1864,0.0,0.0
9326.0,1.7427,0.0928,1.0,0.0795,1.2009,2.056,1.056,2.1853,1.1853,26.5838,2.0634,26.3642,2.0546,100.0,0.0,0.0,0.0,24.875,0.0,26.125,0.0,26.25,0.0,25.0,10.0,0.0,0.0083,52.5126,5.2513,2.0,15.229,1.4731,0.4671,1.4146,0.2062,1.3861,2.646e-05,1.226,0.0001,2.0857,12.0,0.068,1.0018,0.1966,2.5155,0.0807,2.1289,0.0628,2.0201,0.0,0.0,0.0,29.9926,25.0,25.0,38.0,37.0,15.0,0.0,0.0,0.0,64.0,47.3141,0.0,41.1861,0.0,0.0
9327.0,1.7436,0.093,1.0,0.0796,1.2012,2.0554,1.0554,2.1854,1.1854,26.649,2.066,26.3769,2.0551,100.0,0.0,0.0,0.0,25.0,0.0,26.0,0.0,26.125,0.0,25.0,10.0,0.0,0.0085,52.5127,5.2513,2.0,15.2544,1.4734,0.4929,1.4174,0.2152,1.3871,2.664e-05,1.2277,0.0001,2.0822,12.0,0.0676,1.0018,0.191,2.5029,0.0852,2.1522,0.0627,2.0191,0.0,0.0,0.0,29.992,25.0,25.0,38.0,37.0,14.0,0.0,0.0,0.0,64.0,47.4787,0.0,41.1863,0.0,0.0
9328.0,1.7446,0.0931,1.0,0.0795,1.2009,2.0547,1.0547,2.1855,1.1855,26.8079,2.0723,26.3775,2.0551,100.0,0.0,0.0,0.0,25.0,0.0,26.125,0.0,26.25,0.0,25.0,10.0,0.0,0.0087,52.5129,5.2513,2.0,15.3834,1.4748,0.4773,1.4157,0.2322,1.389,2.688e-05,1.2297,0.0001,2.0895,12.0,0.0684,1.0018,0.1824,2.4829,0.0838,2.1451,0.0629,2.0206,0.0,0.0,0.0,29.9919,25.0,25.0,38.0,37.0,14.0,0.0,0.0,0.0,64.0,47.6211,0.0,41.1858,0.0,0.0
9329.0,1.7455,0.0932,1.0,0.0794,1.2007,2.0555,1.0555,2.1856,1.1856,26.8122,2.0725,26.3683,2.0547,100.0,0.0,0.0,0.0,25.0,0.0,26.125,0.0,26.125,0.0,25.0,10.0,0.0,0.008,52.5129,5.2513,2.0,15.3476,1.4744,0.4553,1.4133,0.2374,1.3895,2.699e-05,1.2307,0.0001,2.0876,12.0,0.0646,1.0017,0.1564,2.4162,0.0775,2.1111,0.0634,2.0239,0.0,0.0,0.0,29.9919,26.0,25.0,38.0,37.0,12.0,0.0,0.0,0.0,64.0,47.8337,0.0,41.1861,0.0,0.0
9330.0,1.7467,0.0933,1.0,0.0796,1.2012,2.0562,1.0562,2.1853,1.1853,26.7096,2.0684,26.3655,2.0546,100.0,0.0,0.0,0.0,24.875,0.0,26.125,0.0,26.125,0.0,25.125,10.0,0.0,0.0083,52.513,5.2513,2.0,15.7095,1.4785,0.5581,1.4245,0.2449,1.3903,2.717e-05,1.2322,0.0001,2.0928,12.0,0.0659,1.0018,0.1392,2.3656,0.0693,2.0625,0.0581,1.9858,0.0,0.0,0.0,29.9915,26.0,25.0,38.0,37.0,13.0,0.0,0.0,0.0,64.0,48.0007,0.0,41.186,0.0,0.0
9331.0,1.7474,0.0934,1.0,0.0793,1.2002,2.0562,1.0562,2.1852,1.1852,26.5961,2.0638,26.3639,2.0546,100.0,0.0,0.0,0.0,24.875,0.0,26.125,0.0,26.125,0.0,25.0,10.0,0.0,0.0083,52.5127,5.2513,2.0,15.8482,1.48,0.5774,1.4266,0.2586,1.3919,2.737e-05,1.234,0.0001,2.0909,12.0,0.0631,1.0017,0.149,2.3949,0.0657,2.0392,0.0568,1.976,0.0,0.0,0.0,29.9917,26.0,25.0,38.0,37.0,13.0,0.0,0.0,0.0,64.0,48.1759,0.0,41.186,0.0,0.0
9332.0,1.7468,0.0934,1.0,0.0794,1.2007,2.0555,1.0555,2.1853,1.1853,26.6196,2.0648,26.3765,2.0551,100.0,0.0,0.0,0.0,24.875,0.0,26.25,0.0,26.125,0.0,25.125,10.0,0.0,0.0082,52.5129,5.2513,2.0,16.2208,1.484,0.7648,1.4471,0.2724,1.3934,2.766e-05,1.2364,0.0001,2.0962,12.0,0.0604,1.0016,0.1616,2.4304,0.0618,2.0127,0.0638,2.0268,0.0,0.0,0.0,29.9916,26.0,25.0,38.0,37.0,13.0,0.0,0.0,0.0,64.0,48.3597,0.0,41.1858,0.0,0.0
9333.0,1.745,0.0931,1.0,0.0793,1.2003,2.0551,1.0551,2.1854,1.1854,26.7985,2.0719,26.3807,2.0552,100.0,0.0,0.0,0.0,25.0,0.0,26.125,0.0,26.125,0.0,25.0,10.0,0.0,0.0084,52.5128,5.2512,2.0,16.7219,1.4893,0.8373,1.455,0.286,1.3948,2.786e-05,1.2381,0.0001,2.0929,12.0,0.0636,1.0017,0.1319,2.3421,0.0652,2.0364,0.062,2.0142,0.0,0.0,0.0,29.991,25.0,25.0,38.0,37.0,13.0,0.0,0.0,0.0,64.0,48.5368,0.0,41.186,0.0,0.0
9334.0,1.7442,0.093,1.0,0.0795,1.2008,2.0554,1.0554,2.1858,1.1858,26.8285,2.0731,26.3692,2.0548,100.0,0.0,0.0,0.0,25.0,0.0,26.125,0.0,26.125,0.0,25.0,10.0,0.0,0.0088,52.5133,5.2513,2.0,17.1579,1.4938,0.9001,1.4618,0.2961,1.3959,2.813e-05,1.2403,0.0001,2.0993,12.0,0.0639,1.0017,0.1279,2.3286,0.063,2.021,0.0666,2.045,0.0,0.0,0.0,29.9921,25.0,25.0,38.0,37.0,14.0,0.0,0.0,0.0,64.0,48.7174,0.0,41.1864,0.0,0.0
9335.0,1.7427,0.0928,1.0,0.0793,1.2002,2.0558,1.0558,2.1857,1.1857,26.7414,2.0697,26.3577,2.0543,100.0,0.0,0.0,0.0,25.0,0.0,26.125,0.0,26.125,0.0,25.0,10.0,0.0,0.0081,52.5131,5.2513,2.0,17.124,1.4934,0.8362,1.4549,0.3159,1.3981,2.844e-05,1.2428,0.0001,2.0964,12.0,0.0647,1.0017,0.1011,2.2265,0.063,2.021,0.0583,1.9872,0.0,0.0,0.0,29.9923,25.0,25.0,38.0,37.0,14.0,0.0,0.0,0.0,64.0,48.9017,0.0,41.1869,0.0,0.0
9336.0,1.7437,0.093,1.0,0.0794,1.2006,2.0558,1.0558,2.1856,1.1856,26.631,2.0652,26.3625,2.0545,100.0,0.0,0.0,0.0,24.875,0.0,26.125,0.0,26.125,0.0,25.125,10.0,0.0,0.0087,52.5131,5.2513,2.0,17.1688,1.4939,0.8291,1.4541,0.3242,1.399,2.863e-05,1.2444,0.0001,2.1019,12.0,0.0662,1.0018,0.1323,2.3433,0.0549,1.9617,0.0533,1.9482,0.0,0.0,0.0,29.9922,25.0,25.0,38.0,37.0,13.0,0.0,0.0,0.0,64.0,49.0758,0.0,41.1865,0.0,0.0
9337.0,1.7438,0.093,1.0,0.0793,1.2003,2.0555,1.0555,2.1853,1.1853,26.5959,2.0638,26.3783,2.0551,100.0,0.0,0.0,0.0,24.875,0.0,26.125,0.0,26.0,0.0,25.125,10.0,0.0,0.0081,52.5129,5.2513,2.0,17.3952,1.4962,0.7949,1.4504,0.3423,1.401,2.898e-05,1.2472,0.0001,2.0989,12.0,0.0691,1.0018,0.1165,2.2883,0.049,1.912,0.055,1.9621,0.0,0.0,0.0,29.9923,25.0,25.0,38.0,37.0,15.0,0.0,0.0,0.0,64.0,49.2483,0.0,41.1862,0.0,0.0
9338.0,1.7447,0.0931,1.0,0.0793,1.2002,2.0552,1.0552,2.1853,1.1853,26.7447,2.0698,26.3859,2.0554,100.0,0.0,0.0,0.0,25.0,0.0,26.125,0.0,26.125,0.0,25.0,10.0,0.0,0.0084,52.5133,5.2513,2.0,17.55,1.4977,0.8875,1.4605,0.3565,1.4025,2.923e-05,1.2492,0.0001,2.1081,12.0,0.0714,1.0019,0.1791,2.4749,0.0427,1.852,0.0699,2.0666,0.0,0.0,0.0,29.992,25.0,25.0,38.0,37.0,14.0,0.0,0.0,0.0,64.0,49.4437,0.0,41.1863,0.0,0.0
9339.0,1.7437,0.093,1.0,0.0795,1.2009,2.0553,1.0553,2.1858,1.1858,26.8252,2.073,26.3777,2.0551,100.0,0.0,0.0,0.0,25.0,0.0,26.125,0.0,26.125,0.0,25.0,10.0,0.0,0.0086,52.5131,5.2513,2.0,17.9693,1.5018,0.9224,1.4643,0.3707,1.4041,2.952e-05,1.2515,0.0001,2.104,12.0,0.0706,1.0019,0.1793,2.4754,0.0443,1.8684,0.0663,2.043,0.0,0.0,0.0,29.9916,25.0,25.0,38.0,37.0,15.0,0.0,0.0,0.0,64.0,49.6327,0.0,41.1865,0.0,0.0
9340.0,1.7426,0.0928,1.0,0.0793,1.2004,2.0557,1.0557,2.1857,1.1857,26.7602,2.0704,26.367,2.0547,100.0,0.0,0.0,0.0,25.0,0.0,26.125,0.0,26.125,0.0,25.125,10.0,0.0,0.008,52.5129,5.2513,2.0,18.0871,1.5029,0.8726,1.4588,0.3829,1.4054,2.984e-05,1.254,0.0001,2.1107,12.0,0.0705,1.0019,0.1569,2.4176,0.0421,1.8464,0.061,2.007,0.0,0.0,0.0,29.992,25.0,25.0,38.0,37.0,12.0,0.0,0.0,0.0,64.0,49.8133,0.0,41.1864,0.0,0.0
9341.0,1.7436,0.093,1.0,0.0795,1.201,2.0558,1.0558,2.1856,1.1856,26.6375,2.0655,26.3637,2.0545,100.0,0.0,0.0,0.0,25.0,0.0,26.125,0.0,26.125,0.0,25.0,10.0,0.0,0.0087,52.5131,5.2513,2.0,18.3598,1.5055,1.0333,1.4764,0.3997,1.4072,3.013e-05,1.2562,0.0001,2.1146,12.0,0.0719,1.0019,0.1618,2.4309,0.0407,1.8318,0.0565,1.9737,0.0,0.0,0.0,29.9917,25.0,25.0,38.0,37.0,14.0,0.0,0.0,0.0,64.0,49.9743,0.0,41.1865,0.0,0.0
9342.0,1.7426,0.0928,1.0,0.0795,1.2009,2.0559,1.0559,2.1854,1.1854,26.5783,2.0631,26.3738,2.055,100.0,0.0,0.0,0.0,25.125,0.0,26.125,0.0,26.125,0.0,25.0,10.0,0.0,0.0087,52.513,5.2513,2.0,19.0464,1.5119,1.0696,1.4803,0.4125,1.4086,3.047e-05,1.2588,0.0001,2.1149,12.0,0.0645,1.0017,0.1349,2.3519,0.0395,1.8185,0.0546,1.9592,0.0,0.0,0.0,29.992,25.0,25.0,38.0,37.0,13.0,0.0,0.0,0.0,64.0,50.1611,0.0,41.1864,0.0,0.0
9343.0,1.7426,0.0928,1.0,0.0798,1.2017,2.0554,1.0554,2.185,1.185,26.7334,2.0693,26.3892,2.0556,100.0,0.0,0.0,0.0,25.0,0.0,26.125,0.0,26.125,0.0,25.0,10.0,0.0,0.0089,52.5132,5.2513,2.0,18.9797,1.5113,1.0222,1.4751,0.4234,1.4098,3.073e-05,1.2608,0.0001,2.1212,12.0,0.066,1.0018,0.1704,2.4534,0.0391,1.8142,0.0542,1.9561,0.0,0.0,0.0,29.9917,25.0,25.0,38.0,37.0,13.0,0.0,0.0,0.0,64.0,50.3389,0.0,41.1864,0.0,0.0
9344.0,1.743,0.0929,1.0,0.0796,1.2012,2.0556,1.0556,2.1853,1.1853,26.8286,2.0731,26.3807,2.0552,100.0,0.0,0.0,0.0,25.0,0.0,26.125,0.0,26.0,0.0,25.125,10.0,0.0,0.0082,52.5133,5.2514,2.0,19.3138,1.5143,1.0355,1.4766,0.4407,1.4117,3.107e-05,1.2634,0.0001,2.1181,12.0,0.0653,1.0017,0.1818,2.4814,0.0325,1.7337,0.0569,1.9773,0.0,0.0,0.0,29.9919,25.0,25.0,38.0,37.0,13.0,0.0,0.0,0.0,64.0,50.5279,0.0,41.1863,0.0,0.0
9345.0,1.7426,0.0928,1.0,0.0794,1.2006,2.0561,1.0561,2.1857,1.1857,26.7736,2.0709,26.3695,2.0548,100.0,0.0,0.0,0.0,24.875,0.0,26.125,0.0,26.125,0.0,25.0,10.0,0.0,0.0087,52.5138,5.2514,2.0,19.2926,1.5142,1.0052,1.4733,0.4535,1.4131,3.137e-05,1.2656,0.0001,2.126,12.0,0.0646,1.0017,0.1882,2.4966,0.035,1.7655,0.0602,2.0011,0.0,0.0,0.0,29.9913,25.0,25.0,38.0,37.0,14.0,0.0,0.0,0.0,64.0,50.7129,0.0,41.1856,0.0,0.0
9346.0,1.7426,0.0928,1.0,0.0793,1.2005,2.0559,1.0559,2.1857,1.1857,26.6608,2.0664,26.3643,2.0546,100.0,0.0,0.0,0.0,25.0,0.0,26.0,0.0,26.25,0.0,25.0,10.0,0.0,0.0087,52.5134,5.2514,2.0,19.6248,1.5171,1.0527,1.4785,0.4663,1.4145,3.173e-05,1.2683,0.0001,2.13,12.0,0.064,1.0017,0.1892,2.4989,0.0799,2.1245,0.0588,1.9912,0.0,0.0,0.0,29.9915,25.0,25.0,38.0,37.0,14.0,0.0,0.0,0.0,64.0,50.8994,0.0,41.1862,0.0,0.0
9347.0,1.7427,0.0928,1.0,0.0794,1.2005,2.0557,1.0557,2.1854,1.1854,26.5715,2.0629,26.3726,2.0549,100.0,0.0,0.0,0.0,25.0,0.0,26.125,0.0,26.125,0.0,25.0,10.0,0.0,0.0088,52.5136,5.2514,2.0,20.1763,1.5219,1.1052,1.4842,0.4821,1.4162,3.209e-05,1.2709,0.0001,2.1294,12.0,0.062,1.0017,0.1765,2.4687,0.0849,2.1509,0.0572,1.9793,0.0,0.0,0.0,29.9916,25.0,25.0,38.0,37.0,15.0,0.0,0.0,0.0,64.0,51.0983,0.0,41.1865,0.0,0.0
9348.0,1.7446,0.0931,1.0,0.0793,1.2003,2.0554,1.0554,2.1851,1.1851,26.6853,2.0674,26.3877,2.0555,100.0,0.0,0.0,0.0,25.0,0.0,26.125,0.0,26.25,0.0,25.0,10.0,0.0,0.0087,52.5136,5.2514,2.0,20.0282,1.5207,1.0511,1.4783,0.5007,1.4183,3.249e-05,1.2738,0.0001,2.1384,12.0,0.064,1.0017,0.1489,2.3949,0.0734,2.0876,0.0593,1.995,0.0,0.0,0.0,29.9913,25.0,25.0,38.0,37.0,12.0,0.0,0.0,0.0,64.0,51.2852,0.0,41.186,0.0,0.0
9349.0,1.7437,0.093,1.0,0.0792,1.2001,2.0551,1.0551,2.1851,1.1851,26.8285,2.0731,26.3853,2.0554,100.0,0.0,0.0,0.0,25.0,0.0,26.0,0.0,26.125,0.0,25.0,10.0,0.0,0.0092,52.5135,5.2513,2.0,20.3513,1.5234,1.0679,1.4801,0.5165,1.42,3.289e-05,1.2766,0.0001,2.1409,12.0,0.063,1.0017,0.1799,2.4768,0.0684,2.0569,0.0546,1.9593,0.0,0.0,0.0,29.9916,25.0,25.0,38.0,37.0,15.0,0.0,0.0,0.0,64.0,51.4847,0.0,41.1862,0.0,0.0
9350.0,1.743,0.0929,1.0,0.0792,1.2002,2.0556,1.0556,2.1857,1.1857,26.7953,2.0718,26.3687,2.0547,100.0,0.0,0.0,0.0,24.875,0.0,26.0,0.0,26.0,0.0,25.0,10.0,0.0,0.009,52.5137,5.2514,2.0,20.8973,1.528,1.1606,1.4903,0.5259,1.421,3.318e-05,1.2786,0.0001,2.1445,12.0,0.0626,1.0017,0.1398,2.3674,0.0683,2.0562,0.0511,1.9303,0.0,0.0,0.0,29.9913,25.0,25.0,38.0,37.0,12.0,0.0,0.0,0.0,64.0,51.6777,0.0,41.1863,0.0,0.0
9351.0,1.7436,0.0929,1.0,0.0792,1.2002,2.0558,1.0558,2.1857,1.1857,26.6927,2.0677,26.3648,2.0546,100.0,0.0,0.0,0.0,25.0,0.0,26.125,0.0,26.0,0.0,25.125,10.0,0.0,0.008,52.5138,5.2514,2.0,21.0455,1.5293,1.2184,1.4966,0.5443,1.423,3.358e-05,1.2814,0.0001,2.1489,12.0,0.0639,1.0017,0.1368,2.3579,0.0639,2.0272,0.0643,2.0304,0.0,0.0,0.0,29.9911,25.0,25.0,38.0,37.0,15.0,0.0,0.0,0.0,64.0,51.8509,0.0,41.1862,0.0,0.0
9352.0,1.744,0.093,1.0,0.0792,1.2002,2.0557,1.0557,2.1854,1.1854,26.5724,2.0629,26.3634,2.0545,100.0,0.0,0.0,0.0,25.0,0.0,26.0,0.0,26.125,0.0,25.0,10.0,0.0,0.0092,52.5139,5.2514,2.0,21.6867,1.5345,1.2891,1.5043,0.5594,1.4247,3.401e-05,1.2844,0.0001,2.1468,12.0,0.0611,1.0016,0.1551,2.4123,0.0613,2.0095,0.0629,2.0207,0.0,0.0,0.0,29.9913,25.0,25.0,38.0,37.0,14.0,0.0,0.0,0.0,64.0,52.037,0.0,41.1861,0.0,0.0
9353.0,1.7449,0.0931,1.0,0.0794,1.2006,2.0553,1.0553,2.1853,1.1853,26.6382,2.0655,26.3839,2.0554,100.0,0.0,0.0,0.0,25.0,0.0,26.125,0.0,26.125,0.0,25.125,10.0,0.0,0.0084,52.5136,5.2514,2.0,21.8976,1.5362,1.1908,1.4935,0.5747,1.4263,3.442e-05,1.2872,0.0001,2.1555,12.0,0.0644,1.0017,0.1254,2.3201,0.0586,1.99,0.0625,2.0176,0.0,0.0,0.0,29.9912,25.0,25.0,38.0,37.0,13.0,0.0,0.0,0.0,64.0,52.2189,0.0,41.186,0.0,0.0
9354.0,1.7459,0.0932,1.0,0.0794,1.2007,2.0551,1.0551,2.1854,1.1854,26.8063,2.0723,26.3863,2.0555,100.0,0.0,0.0,0.0,25.0,0.0,26.0,0.0,26.125,0.0,25.125,10.0,0.0,0.0084,52.5133,5.2513,2.0,21.9107,1.5363,1.1015,1.4838,0.5882,1.4278,3.482e-05,1.2898,0.0001,2.16,12.0,0.0668,1.0018,0.1217,2.307,0.0576,1.9819,0.0557,1.968,0.0,0.0,0.0,29.9913,25.0,25.0,38.0,37.0,15.0,0.0,0.0,0.0,64.0,52.4166,0.0,41.1861,0.0,0.0
9355.0,1.7469,0.0934,1.0,0.0793,1.2004,2.0554,1.0554,2.1857,1.1857,26.8012,2.072,26.3617,2.0545,100.0,0.0,0.0,0.0,25.0,0.0,26.25,0.0,26.125,0.0,25.125,10.0,0.0,0.0085,52.5134,5.2513,2.0,22.3357,1.5396,1.2422,1.4991,0.6111,1.4303,3.537e-05,1.2935,0.0001,2.1624,12.0,0.0685,1.0018,0.1094,2.261,0.0562,1.9719,0.0492,1.9135,0.0,0.0,0.0,29.9914,25.0,25.0,38.0,37.0,14.0,0.0,0.0,0.0,64.0,52.6443,0.0,41.1859,0.0,0.0
9356.0,1.7467,0.0933,1.0,0.0796,1.2013,2.0554,1.0554,2.1857,1.1857,26.7033,2.0681,26.3553,2.0542,100.0,0.0,0.0,0.0,25.0,0.0,26.125,0.0,26.125,0.0,25.0,10.0,0.0,0.0087,52.5135,5.2514,2.0,22.7646,1.5429,1.2443,1.4994,0.6183,1.4311,3.572e-05,1.2958,0.0001,2.1647,12.0,0.0668,1.0018,0.1183,2.2949,0.0531,1.9467,0.0684,2.0567,0.0,0.0,0.0,29.9918,25.0,25.0,38.0,37.0,12.0,0.0,0.0,0.0,64.0,52.8112,0.0,41.1861,0.0,0.0
9357.0,1.7458,0.0932,1.0,0.0795,1.2009,2.0558,1.0558,2.1855,1.1855,26.5778,2.0631,26.3516,2.0541,100.0,0.0,0.0,0.0,24.875,0.0,26.125,0.0,26.125,0.0,25.125,10.0,0.0,0.008,52.5135,5.2513,2.0,23.1198,1.5456,1.2505,1.5001,0.6386,1.4333,3.624e-05,1.2991,0.0001,2.1725,12.0,0.0651,1.0017,0.1027,2.2336,0.0477,1.9004,0.0678,2.0533,0.0,0.0,0.0,29.9912,25.0,25.0,38.0,37.0,12.0,0.0,0.0,0.0,64.0,53.0041,0.0,41.1864,0.0,0.0
9358.0,1.7467,0.0933,1.0,0.0794,1.2007,2.0553,1.0553,2.1852,1.1852,26.632,2.0653,26.3744,2.055,100.0,0.0,0.0,0.0,25.0,0.0,26.0,0.0,26.125,0.0,25.0,10.0,0.0,0.0086,52.5135,5.2514,2.0,23.3869,1.5476,1.2443,1.4994,0.6597,1.4356,3.678e-05,1.3026,0.0001,2.1761,12.0,0.0657,1.0018,0.1962,2.5146,0.0468,1.8923,0.0602,2.0011,0.0,0.0,0.0,29.9914,25.0,25.0,38.0,37.0,14.0,0.0,0.0,0.0,64.0,53.1842,0.0,41.1858,0.0,0.0
9359.0,1.7467,0.0933,1.0,0.0795,1.2008,2.0551,1.0551,2.1853,1.1853,26.7879,2.0715,26.3817,2.0553,100.0,0.0,0.0,0.0,25.0,0.0,26.125,0.0,26.125,0.0,25.125,10.0,0.0,0.0083,52.5137,5.2513,2.0,23.7003,1.5499,1.2449,1.4994,0.6685,1.4366,3.717e-05,1.305,0.0001,2.176,12.0,0.0678,1.0018,0.1567,2.4168,0.0466,1.8903,0.0687,2.059,0.0,0.0,0.0,29.9913,25.0,25.0,38.0,37.0,15.0,0.0,0.0,0.0,64.0,53.3517,0.0,41.1862,0.0,0.0
9360.0,1.7487,0.0936,1.0,0.0795,1.2009,2.0558,1.0558,2.1853,1.1853,26.8161,2.0726,26.3753,2.055,100.0,0.0,0.0,0.0,25.0,0.0,26.125,0.0,26.0,0.0,25.125,10.0,0.0,0.0076,52.5135,5.2514,2.0,24.4298,1.5552,1.4247,1.5191,0.6917,1.4391,3.777e-05,1.3088,0.0001,2.1838,12.0,0.0667,1.0018,0.1645,2.4381,0.0477,1.9007,0.0625,2.0177,0.0,0.0,0.0,29.9913,25.0,25.0,38.0,37.0,13.0,0.0,0.0,0.0,64.0,53.5626,0.0,41.1864,0.0,0.0
9361.0,1.7478,0.0935,1.0,0.0796,1.2011,2.0562,1.0562,2.1853,1.1853,26.7312,2.0692,26.3667,2.0547,100.0,0.0,0.0,0.0,25.0,0.0,26.125,0.0,26.125,0.0,25.125,10.0,0.0,0.0083,52.5137,5.2514,2.0,24.9524,1.5588,1.399,1.5163,0.7028,1.4403,3.824e-05,1.3116,0.0001,2.1912,12.0,0.0665,1.0018,0.2138,2.5519,0.041,1.8347,0.0775,2.1109,0.0,0.0,0.0,29.991,25.0,25.0,38.0,37.0,13.0,0.0,0.0,0.0,64.0,53.7168,0.0,41.1865,0.0,0.0
9362.0,1.7475,0.0934,1.0,0.0794,1.2007,2.0557,1.0557,2.1855,1.1855,26.6012,2.064,26.3523,2.0541,100.0,0.0,0.0,0.0,25.0,0.0,26.25,0.0,26.125,0.0,25.125,10.0,0.0,0.0084,52.5139,5.2514,2.0,25.6811,1.5638,1.5472,1.5324,0.72,1.4422,3.882e-05,1.3151,0.0001,2.197,12.0,0.0668,1.0018,0.1726,2.459,0.0417,1.8416,0.0762,2.1037,0.0,0.0,0.0,29.9915,25.0,25.0,38.0,37.0,16.0,0.0,0.0,0.0,64.0,53.9012,0.0,41.1861,0.0,0.0
9363.0,1.7477,0.0935,1.0,0.0794,1.2006,2.055,1.055,2.1853,1.1853,26.6354,2.0654,26.3721,2.0549,100.0,0.0,0.0,0.0,25.0,0.0,26.125,0.0,26.125,0.0,25.125,10.0,0.0,0.0084,52.5143,5.2514,2.0,26.3324,1.5682,1.4582,1.5227,0.7415,1.4445,3.946e-05,1.3189,0.0001,2.2003,12.0,0.0679,1.0018,0.2287,2.5811,0.0324,1.733,0.0736,2.0887,0.0,0.0,0.0,29.9915,25.0,25.0,38.0,37.0,12.0,0.0,0.0,0.0,64.0,54.0741,0.0,41.1861,0.0,0.0
9364.0,1.7487,0.0936,1.0,0.0796,1.2012,2.0549,1.0549,2.1853,1.1853,26.7837,2.0713,26.381,2.0552,100.0,0.0,0.0,0.0,25.0,0.0,26.125,0.0,26.0,0.0,25.125,10.0,0.0,0.0087,52.5141,5.2514,2.0,26.1071,1.5667,1.3438,1.5102,0.7546,1.446,3.996e-05,1.3218,0.0001,2.2042,12.0,0.0743,1.002,0.2038,2.531,0.0321,1.7282,0.0774,2.1106,0.0,0.0,0.0,29.9917,25.0,25.0,38.0,37.0,14.0,0.0,0.0,0.0,64.0,54.2555,0.0,41.1866,0.0,0.0
9365.0,1.7488,0.0936,1.0,0.0793,1.2005,2.0555,1.0555,2.1858,1.1858,26.8225,2.0729,26.369,2.0548,100.0,0.0,0.0,0.0,25.0,0.0,26.125,0.0,26.125,0.0,25.0,10.0,0.0,0.0089,52.5141,5.2514,2.0,25.9022,1.5653,1.1669,1.4909,0.7659,1.4472,4.052e-05,1.3251,0.0001,2.2051,12.0,0.0701,1.0019,0.258,2.6335,0.0976,2.2113,0.0704,2.0695,0.0,0.0,0.0,29.9914,25.0,25.0,38.0,37.0,13.0,0.0,0.0,0.0,64.0,54.4424,0.0,41.1864,0.0,0.0
9366.0,1.7498,0.0937,1.0,0.0795,1.2009,2.0558,1.0558,2.1856,1.1856,26.7295,2.0692,26.3569,2.0543,100.0,0.0,0.0,0.0,25.0,0.0,26.125,0.0,26.125,0.0,25.125,10.0,0.0,0.0083,52.514,5.2514,2.0,26.0375,1.5662,1.1906,1.4935,0.787,1.4495,4.112e-05,1.3285,0.0001,2.2125,12.0,0.0675,1.0018,0.2417,2.6051,0.0784,2.1163,0.0597,1.9978,0.0,0.0,0.0,29.9909,25.0,25.0,38.0,37.0,15.0,0.0,0.0,0.0,64.0,54.6172,0.0,41.1862,0.0,0.0
9367.0,1.7498,0.0937,1.0,0.0794,1.2006,2.0558,1.0558,2.1856,1.1856,26.6164,2.0647,26.3628,2.0545,100.0,0.0,0.0,0.0,25.0,0.0,26.125,0.0,26.125,0.0,25.0,10.0,0.0,0.0083,52.5141,5.2514,2.0,26.2312,1.5675,1.1622,1.4904,0.7943,1.4503,4.16e-05,1.3312,0.0001,2.2183,12.0,0.0684,1.0018,0.2304,2.5843,0.0775,2.1109,0.0613,2.0091,0.0,0.0,0.0,29.9913,25.0,25.0,38.0,37.0,15.0,0.0,0.0,0.0,64.0,54.8064,0.0,41.1858,0.0,0.0
9368.0,1.7498,0.0937,1.0,0.0797,1.2015,2.0557,1.0557,2.1853,1.1853,26.6079,2.0643,26.3798,2.0552,100.0,0.0,0.0,0.0,24.875,0.0,26.125,0.0,26.125,0.0,25.0,10.0,0.0,0.0087,52.5142,5.2514,2.0,26.6199,1.5701,1.1421,1.4882,0.8079,1.4518,4.221e-05,1.3346,0.0001,2.227,12.0,0.0669,1.0018,0.228,2.5798,0.0731,2.0855,0.0596,1.9969,0.0,0.0,0.0,29.9912,25.0,25.0,38.0,37.0,15.0,0.0,0.0,0.0,64.0,54.9634,0.0,41.1862,0.0,0.0
9369.0,1.7498,0.0937,1.0,0.0795,1.2009,2.0552,1.0552,2.1853,1.1853,26.7469,2.0699,26.3859,2.0554,100.0,0.0,0.0,0.0,24.875,0.0,26.125,0.0,26.125,0.0,25.125,10.0,0.0,0.0088,52.5143,5.2514,2.0,26.6236,1.5701,1.057,1.4789,0.8218,1.4533,4.275e-05,1.3375,0.0001,2.2307,12.0,0.0686,1.0018,0.1911,2.5031,0.0715,2.076,0.0722,2.0803,0.0,0.0,0.0,29.9908,25.0,25.0,38.0,37.0,15.0,0.0,0.0,0.0,64.0,55.1452,0.0,41.186,0.0,0.0
9370.0,1.7499,0.0937,1.0,0.0793,1.2004,2.0553,1.0553,2.1858,1.1858,26.8236,2.0729,26.3671,2.0547,100.0,0.0,0.0,0.0,25.0,0.0,26.125,0.0,26.125,0.0,25.0,10.0,0.0,0.0092,52.5141,5.2514,2.0,26.8308,1.5715,1.1069,1.4844,0.839,1.4552,4.344e-05,1.3413,0.0001,2.2357,12.0,0.0659,1.0018,0.2013,2.5256,0.0696,2.0647,0.0598,1.9985,0.0,0.0,0.0,29.9911,26.0,25.0,38.0,37.0,15.0,0.0,0.0,0.0,64.0,55.3342,0.0,41.1858,0.0,0.0
9371.0,1.7488,0.0936,1.0,0.0798,1.2017,2.0557,1.0557,2.1857,1.1857,26.7519,2.0701,26.3608,2.0544,100.0,0.0,0.0,0.0,24.875,0.0,26.125,0.0,26.125,0.0,25.125,10.0,0.0,0.0091,52.5144,5.2515,2.0,27.2317,1.574,1.1101,1.4847,0.8519,1.4566,4.408e-05,1.3447,0.0001,2.238,12.0,0.0669,1.0018,0.1853,2.4897,0.0662,2.0426,0.068,2.0545,0.0,0.0,0.0,29.991,26.0,25.0,38.0,37.0,14.0,0.0,0.0,0.0,64.0,55.5105,0.0,41.1864,0.0,0.0
9372.0,1.7488,0.0936,1.0,0.0797,1.2014,2.0558,1.0558,2.1855,1.1855,26.6382,2.0655,26.3623,2.0545,100.0,0.0,0.0,0.0,24.875,0.0,26.125,0.0,26.125,0.0,25.0,10.0,0.0,0.0093,52.5145,5.2514,2.0,27.5392,1.576,1.0247,1.4754,0.8618,1.4577,4.467e-05,1.3477,0.0001,2.2442,12.0,0.0662,1.0018,0.1699,2.4519,0.0612,2.0083,0.0625,2.0175,0.0,0.0,0.0,29.9911,26.0,25.0,38.0,37.0,13.0,0.0,0.0,0.0,64.0,55.6904,0.0,41.1859,0.0,0.0
9373.0,1.7486,0.0936,1.0,0.0795,1.201,2.0557,1.0557,2.1853,1.1853,26.5874,2.0635,26.3754,2.055,100.0,0.0,0.0,0.0,25.0,0.0,26.125,0.0,26.125,0.0,25.0,10.0,0.0,0.0088,52.5146,5.2514,2.0,27.4339,1.5753,0.964,1.4688,0.8701,1.4586,4.525e-05,1.3507,0.0001,2.2499,12.0,0.067,1.0018,0.184,2.4866,0.1066,2.2496,0.0593,1.9951,0.0,0.0,0.0,29.9908,26.0,25.0,38.0,37.0,15.0,0.0,0.0,0.0,64.0,55.87,0.0,41.1859,0.0,0.0
9374.0,1.7479,0.0935,1.0,0.0794,1.2006,2.0552,1.0552,2.1852,1.1852,26.7272,2.0691,26.3894,2.0556,100.0,0.0,0.0,0.0,25.0,0.0,26.125,0.0,26.125,0.0,25.0,10.0,0.0,0.0089,52.5147,5.2515,2.0,27.6655,1.5768,1.0227,1.4752,0.8823,1.4599,4.592e-05,1.3542,0.0001,2.2576,12.0,0.0631,1.0017,0.1404,2.3692,0.1066,2.2496,0.0537,1.9516,0.0,0.0,0.0,29.9907,25.0,25.0,38.0,37.0,13.0,0.0,0.0,0.0,64.0,56.0579,0.0,41.1859,0.0,0.0
9375.0,1.749,0.0936,1.0,0.0792,1.2001,2.0553,1.0553,2.1857,1.1857,26.8363,2.0735,26.369,2.0548,100.0,0.0,0.0,0.0,25.0,0.0,26.25,0.0,26.125,0.0,25.0,10.0,0.0,0.0094,52.5143,5.2514,2.0,28.4046,1.5814,1.1253,1.4864,0.9014,1.462,4.666e-05,1.3579,0.0001,2.2625,12.0,0.0674,1.0018,0.1317,2.3414,0.0989,2.2171,0.0517,1.9352,0.0,0.0,0.0,29.9909,25.0,25.0,38.0,37.0,13.0,0.0,0.0,0.0,64.0,56.2485,0.0,41.1859,0.0,0.0
9376.0,1.7499,0.0937,1.0,0.0794,1.2007,2.0557,1.0557,2.1857,1.1857,26.7819,2.0713,26.362,2.0545,100.0,0.0,0.0,0.0,24.875,0.0,26.125,0.0,26.125,0.0,25.0,10.0,0.0,0.0092,52.5144,5.2514,2.0,28.8766,1.5842,1.1316,1.4871,0.9039,1.4622,4.716e-05,1.3603,0.0002,2.2696,12.0,0.0669,1.0018,0.1275,2.3275,0.0985,2.2155,0.0567,1.9752,0.0,0.0,0.0,29.991,25.0,25.0,38.0,37.0,14.0,0.0,0.0,0.0,64.0,56.429,0.0,41.1861,0.0,0.0
9377.0,1.7508,0.0939,1.0,0.0793,1.2003,2.0557,1.0557,2.1856,1.1856,26.6567,2.0663,26.3595,2.0544,100.0,0.0,0.0,0.0,24.875,0.0,26.125,0.0,26.125,0.0,25.125,10.0,0.0,0.0076,52.5141,5.2514,2.0,29.1751,1.586,1.0953,1.4831,0.924,1.4644,4.797e-05,1.3643,0.0002,2.2728,12.0,0.0649,1.0017,0.1144,2.2805,0.089,2.1713,0.0563,1.9727,0.0,0.0,0.0,29.9908,25.0,25.0,38.0,37.0,16.0,0.0,0.0,0.0,64.0,56.5995,0.0,41.186,0.0,0.0
9378.0,1.751,0.0939,1.0,0.0796,1.2012,2.0553,1.0553,2.1853,1.1853,26.5704,2.0628,26.3598,2.0544,100.0,0.0,0.0,0.0,24.875,0.0,26.125,0.0,26.125,0.0,25.125,10.0,0.0,0.0088,52.5145,5.2515,2.0,29.4487,1.5876,1.0903,1.4826,0.9412,1.4663,4.878e-05,1.3682,0.0002,2.2804,12.0,0.0668,1.0018,0.1186,2.2961,0.0795,2.1222,0.0546,1.9593,0.0,0.0,0.0,29.9911,26.0,25.0,38.0,37.0,13.0,0.0,0.0,0.0,64.0,56.8035,0.0,41.1858,0.0,0.0
9379.0,1.7509,0.0939,1.0,0.0795,1.2009,2.0548,1.0548,2.1857,1.1857,26.6857,2.0674,26.3754,2.055,100.0,0.0,0.0,0.0,25.0,0.0,26.125,0.0,26.125,0.0,25.125,10.0,0.0,0.0089,52.5145,5.2515,2.0,29.6919,1.5891,1.0555,1.4788,0.9394,1.4661,4.93e-05,1.3706,0.0002,2.2871,12.0,0.0668,1.0018,0.1357,2.3544,0.0778,2.1129,0.0597,1.9981,0.0,0.0,0.0,29.9906,26.0,25.0,38.0,37.0,14.0,0.0,0.0,0.0,64.0,56.972,0.0,41.1864,0.0,0.0
9380.0,1.7509,0.0939,1.0,0.0792,1.2001,2.0552,1.0552,2.1856,1.1856,26.8344,2.0734,26.3817,2.0553,100.0,0.0,0.0,0.0,25.0,0.0,26.125,0.0,26.125,0.0,25.0,10.0,0.0,0.0084,52.5147,5.2515,2.0,29.9376,1.5905,1.1271,1.4866,0.9489,1.4672,5e-05,1.3739,0.0002,2.2942,12.0,0.0663,1.0018,0.122,2.3081,0.0763,2.1045,0.0594,1.9959,0.0,0.0,0.0,29.9909,26.0,25.0,38.0,37.0,15.0,0.0,0.0,0.0,64.0,57.1826,0.0,41.1868,0.0,0.0
9381.0,1.7527,0.0941,1.0,0.0795,1.2008,2.0557,1.0557,2.1857,1.1857,26.794,2.0718,26.3688,2.0548,100.0,0.0,0.0,0.0,25.0,0.0,26.125,0.0,26.125,0.0,25.0,10.0,0.0,0.009,52.5147,5.2515,2.0,30.7489,1.5951,1.1826,1.4926,0.9669,1.4691,5.083e-05,1.3777,0.0002,2.3008,12.0,0.0675,1.0018,0.1147,2.2816,0.0686,2.0583,0.0543,1.957,0.0,0.0,0.0,29.9914,26.0,25.0,38.0,37.0,13.0,0.0,0.0,0.0,64.0,57.3479,0.0,41.1865,0.0,0.0
9382.0,1.7523,0.094,1.0,0.0795,1.201,2.0557,1.0557,2.1856,1.1856,26.6779,2.0671,26.3576,2.0543,100.0,0.0,0.0,0.0,25.0,0.0,26.125,0.0,26.125,0.0,25.0,10.0,0.0,0.0083,52.5146,5.2515,2.0,31.2778,1.5981,1.1908,1.4935,0.9836,1.4709,5.17e-05,1.3817,0.0002,2.3029,12.0,0.0688,1.0018,0.0984,2.2151,0.0737,2.0892,0.0534,1.9497,0.0,0.0,0.0,29.9907,25.0,25.0,38.0,37.0,13.0,0.0,0.0,0.0,64.0,57.5437,0.0,41.1865,0.0,0.0
9383.0,1.7509,0.0939,1.0,0.0796,1.2012,2.0555,1.0555,2.1854,1.1854,26.5671,2.0627,26.3573,2.0543,100.0,0.0,0.0,0.0,24.875,0.0,26.125,0.0,26.125,0.0,25.0,10.0,0.0,0.0083,52.5145,5.2515,2.0,32.0248,1.6022,1.3282,1.5085,0.9836,1.4709,5.237e-05,1.3847,0.0002,2.3095,12.0,0.0702,1.0019,0.0934,2.1924,0.0736,2.0887,0.0482,1.9048,0.0,0.0,0.0,29.9906,25.0,25.0,38.0,37.0,13.0,0.0,0.0,0.0,64.0,57.7227,0.0,41.1864,0.0,0.0
9384.0,1.7525,0.0941,1.0,0.0792,1.2001,2.0548,1.0548,2.1857,1.1857,26.6577,2.0663,26.3761,2.055,100.0,0.0,0.0,0.0,25.0,0.0,26.125,0.0,26.125,0.0,25.125,10.0,0.0,0.0082,52.5146,5.2514,2.0,32.9202,1.607,1.3223,1.5079,1.0041,1.4732,5.327e-05,1.3886,0.0002,2.3202,12.0,0.0702,1.0019,0.0964,2.206,0.0626,2.0184,0.0527,1.9439,0.0,0.0,0.0,29.9909,25.0,25.0,38.0,37.0,14.0,0.0,0.0,0.0,64.0,57.8934,0.0,41.1864,0.0,0.0
9385.0,1.7533,0.0942,1.0,0.0794,1.2006,2.0549,1.0549,2.1857,1.1857,26.8144,2.0726,26.3754,2.055,100.0,0.0,0.0,0.0,25.0,0.0,26.25,0.0,26.125,0.0,25.0,10.0,0.0,0.008,52.5147,5.2515,2.0,32.7371,1.606,1.2247,1.4972,1.0169,1.4746,5.406e-05,1.392,0.0002,2.3257,12.0,0.0693,1.0018,0.095,2.1997,0.06,2.0001,0.0499,1.9199,0.0,0.0,0.0,29.9907,25.0,25.0,38.0,37.0,14.0,0.0,0.0,0.0,64.0,58.1096,0.0,41.1861,0.0,0.0
9386.0,1.7541,0.0943,1.0,0.0795,1.2009,2.0556,1.0556,2.1858,1.1858,26.8033,2.0721,26.37,2.0548,100.0,0.0,0.0,0.0,24.875,0.0,26.125,0.0,26.125,0.0,25.0,10.0,0.0,0.008,52.5147,5.2515,2.0,33.3811,1.6094,1.3189,1.5075,1.0195,1.4749,5.478e-05,1.3951,0.0002,2.3321,12.0,0.0697,1.0019,0.0852,2.1522,0.0627,2.0189,0.0417,1.842,0.0,0.0,0.0,29.9909,25.0,25.0,38.0,37.0,13.0,0.0,0.0,0.0,64.0,58.2878,0.0,41.1863,0.0,0.0
9387.0,1.754,0.0942,1.0,0.0796,1.201,2.0558,1.0558,2.1858,1.1858,26.6975,2.0679,26.3616,2.0545,100.0,0.0,0.0,0.0,25.0,0.0,26.125,0.0,26.375,0.0,25.0,10.0,0.0,0.0085,52.5151,5.2515,2.0,33.8008,1.6116,1.3504,1.5109,1.0249,1.4754,5.553e-05,1.3983,0.0002,2.3369,12.0,0.0661,1.0018,0.082,2.1357,0.0567,1.9752,0.0408,1.833,0.0,0.0,0.0,29.9908,25.0,25.0,38.0,37.0,12.0,0.0,0.0,0.0,64.0,58.4345,0.0,41.1862,0.0,0.0
9388.0,1.7534,0.0942,1.0,0.0797,1.2013,2.0554,1.0554,2.1858,1.1858,26.5637,2.0625,26.3481,2.0539,100.0,0.0,0.0,0.0,24.875,0.0,26.25,0.0,26.125,0.0,25.125,10.0,0.0,0.0086,52.5149,5.2515,2.0,35.156,1.6184,1.438,1.5205,1.0378,1.4768,5.65e-05,1.4023,0.0002,2.3469,12.0,0.0649,1.0017,0.1189,2.297,0.0583,1.9877,0.0411,1.836,0.0,0.0,0.0,29.9907,25.0,25.0,38.0,37.0,12.0,0.0,0.0,0.0,64.0,58.5635,0.0,41.1862,0.0,0.0
9389.0,1.754,0.0943,1.0,0.0795,1.201,2.0549,1.0549,2.1857,1.1857,26.6228,2.0649,26.3722,2.0549,100.0,0.0,0.0,0.0,25.0,0.0,26.125,0.0,26.0,0.0,25.125,10.0,0.0,0.0087,52.5151,5.2515,2.0,35.2264,1.6187,1.3209,1.5077,1.0416,1.4773,5.721e-05,1.4052,0.0002,2.3522,12.0,0.0671,1.0018,0.1446,2.3822,0.0522,1.9392,0.0542,1.9559,0.0,0.0,0.0,29.9907,25.0,25.0,38.0,37.0,14.0,0.0,0.0,0.0,64.0,58.7409,0.0,41.1863,0.0,0.0
9390.0,1.754,0.0943,1.0,0.0796,1.2011,2.0549,1.0549,2.1858,1.1858,26.7959,2.0718,26.378,2.0551,100.0,0.0,0.0,0.0,25.0,0.0,26.125,0.0,26.125,0.0,25.0,10.0,0.0,0.009,52.5153,5.2515,2.0,35.202,1.6186,1.2639,1.5015,1.0526,1.4785,5.812e-05,1.4089,0.0002,2.3577,12.0,0.0639,1.0017,0.1318,2.3418,0.0496,1.9174,0.0509,1.9284,0.0,0.0,0.0,29.9908,25.0,25.0,38.0,37.0,13.0,0.0,0.0,0.0,64.0,58.9239,0.0,41.186,0.0,0.0
9391.0,1.753,0.0941,1.0,0.0796,1.2012,2.0553,1.0553,2.1862,1.1862,26.8099,2.0724,26.3628,2.0545,100.0,0.0,0.0,0.0,25.0,0.0,26.125,0.0,26.125,0.0,25.0,10.0,0.0,0.0082,52.5151,5.2515,2.0,35.5801,1.6205,1.1835,1.4927,1.0623,1.4795,5.9e-05,1.4124,0.0002,2.366,12.0,0.0648,1.0017,0.1095,2.2611,0.0459,1.8835,0.0481,1.9041,0.0,0.0,0.0,29.9905,26.0,25.0,38.0,37.0,14.0,0.0,0.0,0.0,64.0,59.0994,0.0,41.1862,0.0,0.0
9392.0,1.753,0.0941,1.0,0.0795,1.201,2.0558,1.0558,2.1861,1.1861,26.724,2.069,26.3561,2.0542,100.0,0.0,0.0,0.0,25.0,0.0,26.25,0.0,26.25,0.0,25.125,10.0,0.0,0.0093,52.5154,5.2515,2.0,35.7322,1.6212,1.1908,1.4935,1.0654,1.4799,5.978e-05,1.4154,0.0002,2.371,12.0,0.0633,1.0017,0.1477,2.3911,0.0435,1.8604,0.0522,1.9394,0.0,0.0,0.0,29.9904,26.0,25.0,38.0,37.0,14.0,0.0,0.0,0.0,64.0,59.2868,0.0,41.1859,0.0,0.0
9393.0,1.751,0.0939,1.0,0.0795,1.2008,2.0558,1.0558,2.1857,1.1857,26.5907,2.0636,26.3553,2.0542,100.0,0.0,0.0,0.0,24.875,0.0,26.25,0.0,26.125,0.0,25.0,10.0,0.0,0.0092,52.5153,5.2515,2.0,36.2319,1.6236,1.1131,1.4851,1.0759,1.481,6.085e-05,1.4196,0.0002,2.3763,12.0,0.064,1.0017,0.106,2.2472,0.0381,1.8031,0.0459,1.8839,0.0,0.0,0.0,29.9903,26.0,25.0,38.0,37.0,13.0,0.0,0.0,0.0,64.0,59.4756,0.0,41.1858,0.0,0.0
9394.0,1.7508,0.0939,1.0,0.0793,1.2005,2.0555,1.0555,2.1853,1.1853,26.6192,2.0648,26.3774,2.0551,100.0,0.0,0.0,0.0,25.0,0.0,26.125,0.0,26.125,0.0,25.0,10.0,0.0,0.0088,52.5152,5.2515,2.0,36.6383,1.6256,1.2652,1.5017,1.0809,1.4816,6.172e-05,1.4229,0.0002,2.3885,12.0,0.0646,1.0017,0.1216,2.307,0.0386,1.8085,0.0426,1.8508,0.0,0.0,0.0,29.9905,26.0,25.0,38.0,37.0,12.0,0.0,0.0,0.0,64.0,59.6664,0.0,41.1861,0.0,0.0
9395.0,1.7509,0.0939,1.0,0.0793,1.2004,2.0552,1.0552,2.1855,1.1855,26.7849,2.0714,26.3907,2.0556,100.0,0.0,0.0,0.0,25.0,0.0,26.125,0.0,26.0,0.0,25.125,10.0,0.0,0.0083,52.515,5.2515,2.0,37.4267,1.6293,1.1793,1.4923,1.0935,1.4829,6.268e-05,1.4264,0.0002,2.3882,12.0,0.0628,1.0017,0.09,2.1762,0.0353,1.7696,0.035,1.7653,0.0,0.0,0.0,29.9904,25.0,25.0,38.0,37.0,14.0,0.0,0.0,0.0,64.0,59.8894,0.0,41.1859,0.0,0.0
9396.0,1.7509,0.0939,1.0,0.0793,1.2002,2.0555,1.0555,2.1862,1.1862,26.8216,2.0729,26.365,2.0546,100.0,0.0,0.0,0.0,25.0,0.0,26.125,0.0,26.125,0.0,25.125,10.0,0.0,0.0083,52.5156,5.2516,2.0,37.6505,1.6303,1.2543,1.5005,1.0947,1.4831,6.353e-05,1.4296,0.0002,2.4006,12.0,0.0636,1.0017,0.097,2.2085,0.0364,1.7824,0.043,1.8558,0.0,0.0,0.0,29.9908,25.0,25.0,38.0,37.0,12.0,0.0,0.0,0.0,64.0,60.074,0.0,41.186,0.0,0.0
9397.0,1.7499,0.0937,1.0,0.0794,1.2007,2.0553,1.0553,2.1861,1.1861,26.7356,2.0694,26.3571,2.0543,100.0,0.0,0.0,0.0,25.0,0.0,26.125,0.0,26.125,0.0,25.0,10.0,0.0,0.0084,52.5154,5.2515,2.0,38.5565,1.6344,1.3187,1.5075,1.0949,1.4831,6.445e-05,1.4329,0.0002,2.4093,12.0,0.068,1.0018,0.1601,2.4263,0.0362,1.7809,0.0417,1.8419,0.0,0.0,0.0,29.9906,25.0,25.0,38.0,37.0,16.0,0.0,0.0,0.0,64.0,60.2494,0.0,41.1858,0.0,0.0
9398.0,1.7499,0.0937,1.0,0.0794,1.2005,2.0558,1.0558,2.1857,1.1857,26.609,2.0644,26.3519,2.0541,100.0,0.0,0.0,0.0,24.875,0.0,26.125,0.0,26.125,0.0,25.125,10.0,0.0,0.0084,52.5153,5.2515,2.0,39.6521,1.6393,1.3842,1.5146,1.1027,1.4839,6.543e-05,1.4364,0.0002,2.4164,12.0,0.0643,1.0017,0.1799,2.477,0.0298,1.6966,0.0384,1.8058,0.0,0.0,0.0,29.9906,25.0,25.0,38.0,37.0,16.0,0.0,0.0,0.0,64.0,60.4333,0.0,41.1861,0.0,0.0
9399.0,1.7499,0.0937,1.0,0.0794,1.2006,2.0557,1.0557,2.1853,1.1853,26.5766,2.0631,26.3755,2.055,100.0,0.0,0.0,0.0,24.875,0.0,26.125,0.0,26.125,0.0,25.125,10.0,0.0,0.0086,52.5152,5.2515,2.0,39.8171,1.64,1.2969,1.5051,1.1041,1.4841,6.628e-05,1.4394,0.0002,2.4237,12.0,0.0652,1.0017,0.1497,2.397,0.0292,1.6872,0.0356,1.7737,0.0,0.0,0.0,29.9901,25.0,25.0,38.0,37.0,13.0,0.0,0.0,0.0,64.0,60.6304,0.0,41.1863,0.0,0.0
9400.0,1.7489,0.0936,1.0,0.0794,1.2005,2.0551,1.0551,2.1856,1.1856,26.7331,2.0693,26.3874,2.0555,100.0,0.0,0.0,0.0,25.0,0.0,26.125,0.0,26.125,0.0,25.125,10.0,0.0,0.0091,52.5154,5.2515,2.0,39.9433,1.6406,1.2234,1.4971,1.1078,1.4845,6.733e-05,1.4431,0.0002,2.4296,12.0,0.0678,1.0018,0.1597,2.4252,0.0253,1.6255,0.0334,1.7461,0.0,0.0,0.0,29.9903,25.0,25.0,38.0,37.0,12.0,0.0,0.0,0.0,64.0,60.813,0.0,41.1862,0.0,0.0
9401.0,1.7479,0.0935,1.0,0.0795,1.2008,2.0552,1.0552,2.186,1.186,26.8359,2.0734,26.3668,2.0547,100.0,0.0,0.0,0.0,25.0,0.0,26.125,0.0,26.125,0.0,25.125,10.0,0.0,0.0085,52.5153,5.2515,2.0,40.3716,1.6424,1.2328,1.4981,1.1115,1.4849,6.823e-05,1.4462,0.0002,2.4344,12.0,0.065,1.0017,0.135,2.3521,0.0268,1.6498,0.0383,1.8055,0.0,0.0,0.0,29.9906,25.0,25.0,38.0,37.0,14.0,0.0,0.0,0.0,64.0,60.9817,0.0,41.1859,0.0,0.0
9402.0,1.7478,0.0935,1.0,0.0794,1.2006,2.0557,1.0557,2.1857,1.1857,26.7592,2.0704,26.3653,2.0546,100.0,0.0,0.0,0.0,25.0,0.0,26.125,0.0,26.125,0.0,25.0,10.0,0.0,0.0084,52.5154,5.2515,2.0,40.9497,1.6449,1.1965,1.4942,1.1169,1.4855,6.921e-05,1.4495,0.0002,2.4451,12.0,0.0649,1.0017,0.1608,2.4281,0.0774,2.1105,0.0311,1.7145,0.0,0.0,0.0,29.9904,25.0,25.0,38.0,37.0,12.0,0.0,0.0,0.0,64.0,61.1703,0.0,41.1863,0.0,0.0
9403.0,1.7468,0.0933,1.0,0.0795,1.2008,2.0562,1.0562,2.1856,1.1856,26.6228,2.0649,26.3632,2.0545,100.0,0.0,0.0,0.0,25.0,0.0,26.125,0.0,26.125,0.0,25.0,10.0,0.0,0.0091,52.5154,5.2515,2.0,41.3862,1.6467,1.2019,1.4948,1.1198,1.4858,7.033e-05,1.4532,0.0002,2.4518,12.0,0.0701,1.0019,0.2045,2.5326,0.0813,2.1317,0.0438,1.8635,0.0,0.0,0.0,29.9907,25.0,25.0,38.0,37.0,15.0,0.0,0.0,0.0,64.0,61.3489,0.0,41.1861,0.0,0.0
9404.0,1.7467,0.0933,1.0,0.0793,1.2005,2.0557,1.0557,2.1858,1.1858,26.5777,2.0631,26.3755,2.055,100.0,0.0,0.0,0.0,25.0,0.0,26.25,0.0,26.25,0.0,25.0,10.0,0.0,0.008,52.5152,5.2515,2.0,42.0349,1.6494,1.21,1.4956,1.1191,1.4857,7.134e-05,1.4565,0.0002,2.4624,12.0,0.0671,1.0018,0.1668,2.4441,0.0761,2.1031,0.0415,1.8399,0.0,0.0,0.0,29.9901,25.0,25.0,38.0,37.0,13.0,0.0,0.0,0.0,64.0,61.5359,0.0,41.1863,0.0,0.0
9405.0,1.7477,0.0935,1.0,0.0795,1.201,2.0552,1.0552,2.1853,1.1853,26.7053,2.0682,26.3849,2.0554,100.0,0.0,0.0,0.0,25.0,0.0,26.125,0.0,26.25,0.0,25.125,10.0,0.0,0.0084,52.5152,5.2515,2.0,41.9183,1.649,1.105,1.4842,1.117,1.4855,7.221e-05,1.4593,0.0002,2.4691,12.0,0.0635,1.0017,0.1882,2.4966,0.0686,2.0584,0.0472,1.8958,0.0,0.0,0.0,29.9906,25.0,25.0,38.0,37.0,15.0,0.0,0.0,0.0,64.0,61.7503,0.0,41.1863,0.0,0.0
9406.0,1.7469,0.0934,1.0,0.0793,1.2004,2.0551,1.0551,2.186,1.186,26.8179,2.0727,26.3699,2.0548,100.0,0.0,0.0,0.0,25.0,0.0,26.125,0.0,26.125,0.0,25.125,10.0,0.0,0.0086,52.5154,5.2516,2.0,42.3526,1.6508,1.0782,1.4813,1.1118,1.4849,7.31e-05,1.4622,0.0002,2.481,12.0,0.0645,1.0017,0.1638,2.4362,0.0665,2.0449,0.0449,1.874,0.0,0.0,0.0,29.9903,25.0,25.0,38.0,37.0,15.0,0.0,0.0,0.0,64.0,61.9154,0.0,41.1861,0.0,0.0
9407.0,1.7468,0.0933,1.0,0.0793,1.2003,2.0553,1.0553,2.1861,1.1861,26.7604,2.0704,26.3562,2.0542,100.0,0.0,0.0,0.0,25.0,0.0,26.125,0.0,26.125,0.0,25.125,10.0,0.0,0.0088,52.5153,5.2515,2.0,42.4962,1.6513,1.0215,1.4751,1.1158,1.4854,7.412e-05,1.4654,0.0002,2.4852,12.0,0.0625,1.0017,0.1773,2.4707,0.0627,2.019,0.0428,1.8533,0.0,0.0,0.0,29.9901,25.0,25.0,38.0,37.0,14.0,0.0,0.0,0.0,64.0,62.0924,0.0,41.1861,0.0,0.0
9408.0,1.7487,0.0936,1.0,0.0794,1.2007,2.0554,1.0554,2.186,1.186,26.6501,2.066,26.3541,2.0542,100.0,0.0,0.0,0.0,25.0,0.0,26.125,0.0,26.125,0.0,25.125,10.0,0.0,0.008,52.5155,5.2516,2.0,42.9836,1.6533,1.0665,1.48,1.1172,1.4855,7.525e-05,1.4689,0.0002,2.4967,12.0,0.0704,1.0019,0.1802,2.4776,0.0579,1.9848,0.0545,1.9585,0.0,0.0,0.0,29.9902,25.0,25.0,38.0,37.0,15.0,0.0,0.0,0.0,64.0,62.2638,0.0,41.1862,0.0,0.0
9409.0,1.7494,0.0937,1.0,0.0795,1.2009,2.0554,1.0554,2.1858,1.1858,26.5668,2.0627,26.3581,2.0543,100.0,0.0,0.0,0.0,25.0,0.0,26.125,0.0,26.125,0.0,25.125,10.0,0.0,0.0088,52.5158,5.2516,2.0,43.536,1.6555,1.0538,1.4786,1.126,1.4865,7.622e-05,1.4719,0.0002,2.5026,12.0,0.071,1.0019,0.1998,2.5224,0.0559,1.9692,0.05,1.9205,0.0,0.0,0.0,29.9906,25.0,25.0,38.0,37.0,13.0,0.0,0.0,0.0,0.0,62.4436,0.0,41.1861,0.0,0.0
9410.0,1.7488,0.0936,1.0,0.0794,1.2006,2.0553,1.0553,2.1853,1.1853,26.6738,2.067,26.3849,2.0554,100.0,0.0,0.0,0.0,25.0,0.0,26.125,0.0,26.125,0.0,25.125,10.0,0.0,0.0085,52.5154,5.2515,2.0,44.444,1.6591,1.1487,1.4889,1.1233,1.4862,7.726e-05,1.475,0.0002,2.512,12.0,0.0715,1.0019,0.193,2.5074,0.0566,1.9749,0.0435,1.8605,0.0,0.0,0.0,29.9904,25.0,25.0,38.0,37.0,14.0,0.0,0.0,0.0,0.0,62.4949,0.0,41.1861,0.0,0.0
9411.0,1.7478,0.0935,1.0,0.0795,1.2008,2.0551,1.0551,2.1858,1.1858,26.8188,2.0728,26.3759,2.055,100.0,0.0,0.0,0.0,25.0,0.0,26.125,0.0,26.125,0.0,25.125,10.0,0.0,0.0085,52.5155,5.2516,2.0,45.2624,1.6623,1.1389,1.4879,1.1152,1.4853,7.813e-05,1.4776,0.0002,2.5142,12.0,0.0696,1.0019,0.1704,2.4534,0.0524,1.9416,0.0518,1.9361,0.0,0.0,0.0,29.9902,25.0,25.0,38.0,37.0,13.0,0.0,0.0,0.0,0.0,62.4947,0.0,41.1863,0.0,0.0
9412.0,1.7478,0.0935,1.0,0.0792,1.2002,2.0557,1.0557,2.186,1.186,26.7789,2.0712,26.3592,2.0544,100.0,0.0,0.0,0.0,24.875,0.0,26.125,0.0,26.125,0.0,25.0,10.0,0.0,0.0078,52.5159,5.2516,2.0,45.2707,1.6623,1.1049,1.4842,1.113,1.4851,7.916e-05,1.4807,0.0002,2.5311,12.0,0.071,1.0019,0.2844,2.6758,0.0483,1.9057,0.0602,2.0014,0.0,0.0,0.0,29.9899,25.0,25.0,38.0,37.0,14.0,0.0,0.0,0.0,0.0,62.4955,0.0,41.1863,0.0,0.0
9413.0,1.7459,0.0932,1.0,0.0793,1.2004,2.0558,1.0558,2.1856,1.1856,26.6469,2.0659,26.356,2.0542,100.0,0.0,0.0,0.0,25.125,0.0,26.125,0.0,26.125,0.0,25.125,10.0,0.0,0.0081,52.5157,5.2515,2.0,46.0871,1.6654,1.1825,1.4926,1.1175,1.4855,8.049e-05,1.4845,0.0002,2.5392,12.0,0.0689,1.0018,0.2152,2.5547,0.045,1.8752,0.0545,1.9586,0.0,0.0,0.0,29.9903,25.0,25.0,38.0,37.0,14.0,0.0,0.0,0.0,0.0,62.4945,0.0,41.1864,0.0,0.0
9414.0,1.7451,0.0931,1.0,0.0795,1.201,2.0555,1.0555,2.1856,1.1856,26.5576,2.0623,26.3566,2.0543,100.0,0.0,0.0,0.0,25.0,0.0,26.125,0.0,26.125,0.0,25.25,10.0,0.0,0.0082,52.5155,5.2516,2.0,46.7694,1.668,1.1734,1.4916,1.1134,1.4851,8.148e-05,1.4874,0.0002,2.5487,12.0,0.0713,1.0019,0.1916,2.5043,0.0441,1.8663,0.0536,1.9514,0.0,0.0,0.0,29.9901,25.0,25.0,38.0,37.0,14.0,0.0,0.0,0.0,0.0,62.4954,0.0,41.1861,0.0,0.0
9415.0,1.7447,0.0931,1.0,0.0793,1.2003,2.0548,1.0548,2.1856,1.1856,26.6674,2.0667,26.375,2.055,100.0,0.0,0.0,0.0,25.0,0.0,26.125,0.0,26.125,0.0,25.125,10.0,0.0,0.0086,52.5157,5.2516,2.0,47.2131,1.6696,1.1224,1.4861,1.1056,1.4842,8.245e-05,1.4901,0.0002,2.5604,12.0,0.0717,1.0019,0.2769,2.6642,0.0407,1.8317,0.0634,2.0236,0.0,0.0,0.0,29.9901,25.0,25.0,38.0,37.0,14.0,0.0,0.0,0.0,0.0,62.4949,0.0,41.1864,0.0,0.0
9416.0,1.7441,0.093,1.0,0.0795,1.2007,2.0547,1.0547,2.1859,1.1859,26.8199,2.0728,26.3732,2.0549,100.0,0.0,0.0,0.0,25.0,0.0,26.125,0.0,26.125,0.0,25.0,10.0,0.0,0.0088,52.5157,5.2516,2.0,47.1311,1.6693,1.0072,1.4735,1.102,1.4839,8.347e-05,1.493,0.0002,2.5697,12.0,0.07,1.0019,0.2665,2.6475,0.04,1.8234,0.067,2.0476,0.0,0.0,0.0,29.9903,25.0,25.0,38.0,37.0,14.0,0.0,0.0,0.0,0.0,62.4947,0.0,41.1863,0.0,0.0
9417.0,1.7453,0.0932,1.0,0.0795,1.2008,2.0553,1.0553,2.186,1.186,26.7877,2.0715,26.3597,2.0544,100.0,0.0,0.0,0.0,25.0,0.0,26.125,0.0,26.125,0.0,25.0,10.0,0.0,0.0083,52.5158,5.2516,2.0,48.1265,1.673,1.1235,1.4862,1.1026,1.4839,8.459e-05,1.4961,0.0002,2.5713,12.0,0.07,1.0019,0.2601,2.6369,0.0355,1.7721,0.0609,2.0068,0.0,0.0,0.0,29.9901,25.0,25.0,38.0,37.0,14.0,0.0,0.0,0.0,0.0,62.4948,0.0,41.1863,0.0,0.0
9418.0,1.7478,0.0935,1.0,0.0795,1.2009,2.0554,1.0554,2.186,1.186,26.6835,2.0673,26.3534,2.0541,100.0,0.0,0.0,0.0,25.0,0.0,26.0,0.0,26.0,0.0,25.125,10.0,0.0,0.0084,52.5158,5.2516,2.0,49.1677,1.6767,1.227,1.4975,1.0932,1.4829,8.548e-05,1.4985,0.0002,2.5853,12.0,0.0709,1.0019,0.2842,2.6754,0.0341,1.754,0.0583,1.9877,0.0,0.0,0.0,29.9902,25.0,25.0,38.0,37.0,13.0,0.0,0.0,0.0,0.0,62.4951,0.0,41.1864,0.0,0.0
9419.0,1.7488,0.0936,1.0,0.0794,1.2006,2.0557,1.0557,2.1855,1.1855,26.5679,2.0627,26.3546,2.0542,100.0,0.0,0.0,0.0,24.875,0.0,26.125,0.0,26.125,0.0,25.25,10.0,0.0,0.008,52.516,5.2516,2.0,50.022,1.6797,1.2078,1.4954,1.0798,1.4814,8.642e-05,1.5011,0.0002,2.5881,12.0,0.0665,1.0018,0.2073,2.5384,0.0898,2.1753,0.0576,1.9822,0.0,0.0,0.0,29.9904,25.0,25.0,38.0,37.0,14.0,0.0,0.0,0.0,0.0,62.4952,0.0,41.1864,0.0,0.0
9420.0,1.7497,0.0937,1.0,0.0797,1.2014,2.055,1.055,2.1856,1.1856,26.622,2.0649,26.3709,2.0548,100.0,0.0,0.0,0.0,25.0,0.0,26.125,0.0,26.125,0.0,25.0,10.0,0.0,0.0086,52.5157,5.2516,2.0,50.5366,1.6814,1.2076,1.4954,1.0778,1.4812,8.727e-05,1.5033,0.0002,2.5955,12.0,0.0688,1.0018,0.1942,2.5101,0.0862,2.1575,0.0497,1.9179,0.0,0.0,0.0,29.99,25.0,25.0,38.0,37.0,13.0,0.0,0.0,0.0,0.0,62.4944,0.0,41.1862,0.0,0.0
9421.0,1.7509,0.0939,1.0,0.0795,1.2008,2.0547,1.0547,2.1857,1.1857,26.798,2.0719,26.3806,2.0552,100.0,0.0,0.0,0.0,25.0,0.0,26.125,0.0,26.25,0.0,25.0,10.0,0.0,0.0076,52.5157,5.2516,2.0,51.1214,1.6834,1.2316,1.498,1.0704,1.4804,8.819e-05,1.5058,0.0002,2.6068,12.0,0.0676,1.0018,0.193,2.5075,0.0863,2.1576,0.0514,1.9329,0.0,0.0,0.0,29.9906,25.0,25.0,38.0,37.0,14.0,0.0,0.0,0.0,0.0,62.4955,0.0,41.1863,0.0,0.0
9422.0,1.7508,0.0938,1.0,0.0797,1.2013,2.0552,1.0552,2.1861,1.1861,26.803,2.0721,26.3514,2.0541,100.0,0.0,0.0,0.0,24.875,0.0,26.125,0.0,26.125,0.0,25.0,10.0,0.0,0.0084,52.516,5.2516,2.0,51.9946,1.6864,1.188,1.4932,1.0548,1.4787,8.933e-05,1.5088,0.0002,2.6182,12.0,0.0671,1.0018,0.2014,2.5259,0.0784,2.116,0.0646,2.0319,0.0,0.0,0.0,29.99,25.0,25.0,38.0,37.0,14.0,0.0,0.0,0.0,0.0,62.4947,0.0,41.1863,0.0,0.0
9423.0,1.7509,0.0939,1.0,0.0795,1.201,2.0552,1.0552,2.186,1.186,26.7094,2.0684,26.3448,2.0538,100.0,0.0,0.0,0.0,25.0,0.0,26.125,0.0,26.125,0.0,25.125,10.0,0.0,0.0083,52.5162,5.2516,2.0,52.0862,1.6867,1.1135,1.4851,1.0396,1.477,9e-05,1.5105,0.0002,2.6243,12.0,0.0704,1.0019,0.1837,2.486,0.0747,2.0954,0.0634,2.0243,0.0,0.0,0.0,29.99,25.0,25.0,38.0,37.0,12.0,0.0,0.0,0.0,0.0,62.4949,0.0,41.186,0.0,0.0
9424.0,1.7517,0.094,1.0,0.0796,1.2012,2.0554,1.0554,2.1859,1.1859,26.5933,2.0637,26.3419,2.0537,100.0,0.0,0.0,0.0,25.0,0.0,26.125,0.0,26.375,0.0,25.25,10.0,0.0,0.0082,52.5162,5.2516,2.0,52.7931,1.689,1.1883,1.4933,1.0348,1.4765,9.104e-05,1.5132,0.0002,2.6348,12.0,0.068,1.0018,0.1633,2.4348,0.0622,2.0155,0.0564,1.973,0.0,0.0,0.0,29.9899,25.0,25.0,38.0,37.0,14.0,0.0,0.0,0.0,0.0,62.4949,0.0,41.1863,0.0,0.0
9425.0,1.7508,0.0939,1.0,0.0796,1.2011,2.0546,1.0546,2.1859,1.1859,26.6269,2.0651,26.3615,2.0545,100.0,0.0,0.0,0.0,25.125,0.0,26.125,0.0,26.25,0.0,25.125,10.0,0.0,0.0083,52.5161,5.2516,2.0,53.3362,1.6908,1.1254,1.4864,1.0286,1.4758,9.203e-05,1.5157,0.0002,2.6425,12.0,0.0675,1.0018,0.1671,2.4449,0.0631,2.0217,0.0552,1.9637,0.0,0.0,0.0,29.9902,25.0,25.0,38.0,37.0,14.0,0.0,0.0,0.0,0.0,62.4949,0.0,41.1859,0.0,0.0
9426.0,1.749,0.0936,1.0,0.0797,1.2014,2.0543,1.0543,2.1862,1.1862,26.7974,2.0719,26.3683,2.0547,100.0,0.0,0.0,0.0,25.0,0.0,26.125,0.0,26.25,0.0,25.125,10.0,0.0,0.0088,52.5162,5.2516,2.0,53.6038,1.6917,1.0789,1.4813,1.0188,1.4748,9.302e-05,1.5182,0.0002,2.6514,12.0,0.0685,1.0018,0.1659,2.4417,0.0591,1.9931,0.0537,1.9519,0.0,0.0,0.0,29.99,25.0,25.0,38.0,37.0,14.0,0.0,0.0,0.0,0.0,62.4948,0.0,41.1859,0.0,0.0
9427.0,1.7472,0.0934,1.0,0.0796,1.2012,2.0549,1.0549,2.1863,1.1863,26.811,2.0724,26.3538,2.0542,100.0,0.0,0.0,0.0,25.0,0.0,26.125,0.0,26.125,0.0,25.125,10.0,0.0,0.0083,52.5163,5.2516,2.0,53.5385,1.6915,0.92,1.464,1.0078,1.4736,9.383e-05,1.5202,0.0002,2.6579,12.0,0.0666,1.0018,0.1521,2.404,0.0608,2.0059,0.0619,2.0136,0.0,0.0,0.0,29.9895,25.0,25.0,38.0,37.0,14.0,0.0,0.0,0.0,0.0,62.4949,0.0,41.186,0.0,0.0
9428.0,1.745,0.0931,1.0,0.0796,1.2013,2.0554,1.0554,2.1861,1.1861,26.7225,2.0689,26.3453,2.0538,100.0,0.0,0.0,0.0,25.0,0.0,26.125,0.0,26.375,0.0,25.0,10.0,0.0,0.0074,52.5163,5.2516,2.0,53.1699,1.6903,0.8598,1.4574,0.9963,1.4723,9.482e-05,1.5226,0.0002,2.6653,12.0,0.0678,1.0018,0.2072,2.5383,0.0559,1.9695,0.0631,2.0219,0.0,0.0,0.0,29.9895,25.0,25.0,38.0,37.0,15.0,0.0,0.0,0.0,0.0,62.4946,0.0,41.1857,0.0,0.0
9429.0,1.7446,0.0931,1.0,0.0794,1.2006,2.0552,1.0552,2.1859,1.1859,26.5892,2.0636,26.342,2.0537,100.0,0.0,0.0,0.0,25.0,0.0,26.125,0.0,26.125,0.0,25.125,10.0,0.0,0.0081,52.5163,5.2516,2.0,53.6603,1.6919,0.8402,1.4553,0.9818,1.4707,9.561e-05,1.5245,0.0002,2.6723,12.0,0.0628,1.0017,0.2218,2.5678,0.0535,1.9502,0.057,1.9776,0.0,0.0,0.0,29.9901,25.0,25.0,38.0,37.0,13.0,0.0,0.0,0.0,0.0,62.495,0.0,41.1866,0.0,0.0
9430.0,1.7456,0.0932,1.0,0.0794,1.2006,2.0549,1.0549,2.1857,1.1857,26.6029,2.0641,26.3588,2.0544,100.0,0.0,0.0,0.0,25.0,0.0,26.25,0.0,26.125,0.0,25.0,10.0,0.0,0.0083,52.5161,5.2516,2.0,53.6897,1.692,0.7721,1.4479,0.9663,1.4691,9.642e-05,1.5265,0.0002,2.6818,12.0,0.0625,1.0017,0.1976,2.5177,0.0507,1.9271,0.0581,1.986,0.0,0.0,0.0,29.9901,25.0,25.0,38.0,37.0,13.0,0.0,0.0,0.0,4.0,62.4948,0.0,41.1862,0.0,0.0
9431.0,1.7461,0.0933,1.0,0.0792,1.2001,2.0547,1.0547,2.1858,1.1858,26.784,2.0714,26.3816,2.0553,100.0,0.0,0.0,0.0,25.0,0.0,26.125,0.0,26.25,0.0,25.125,10.0,0.0,0.0088,52.5163,5.2516,2.0,54.0053,1.693,0.7823,1.449,0.9637,1.4688,9.754e-05,1.5292,0.0002,2.6896,12.0,0.0602,1.0016,0.2006,2.5242,0.0467,1.8911,0.0548,1.9606,0.0,0.0,0.0,29.9899,25.0,25.0,38.0,37.0,14.0,0.0,0.0,0.0,0.0,62.5287,0.0,41.1862,0.0,0.0
9432.0,1.7467,0.0933,1.0,0.0795,1.201,2.055,1.055,2.1861,1.1861,26.8286,2.0731,26.3648,2.0546,100.0,0.0,0.0,0.0,25.0,0.0,26.25,0.0,26.125,0.0,25.0,10.0,0.0,0.0083,52.5167,5.2517,2.0,54.1742,1.6935,0.7511,1.4456,0.9501,1.4673,9.834e-05,1.5311,0.0002,2.6996,12.0,0.0646,1.0017,0.1778,2.4717,0.0452,1.8772,0.0616,2.0115,0.0,0.0,0.0,29.9898,25.0,25.0,38.0,37.0,15.0,0.0,0.0,0.0,0.0,62.53,0.0,41.1863,0.0,0.0
9433.0,1.746,0.0932,1.0,0.0793,1.2005,2.0553,1.0553,2.1861,1.1861,26.7452,2.0698,26.3552,2.0542,100.0,0.0,0.0,0.0,25.0,0.0,26.125,0.0,26.25,0.0,25.125,10.0,0.0,0.0086,52.5167,5.2517,2.0,54.7263,1.6953,0.7557,1.4461,0.9388,1.466,9.912e-05,1.5329,0.0002,2.705,12.0,0.0624,1.0017,0.1576,2.4194,0.0437,1.8621,0.0631,2.0218,0.0,0.0,0.0,29.9898,25.0,25.0,38.0,37.0,13.0,0.0,0.0,0.0,0.0,62.53,0.0,41.1862,0.0,0.0
9434.0,1.7468,0.0933,1.0,0.0793,1.2004,2.0554,1.0554,2.186,1.186,26.6298,2.0652,26.3525,2.0541,100.0,0.0,0.0,0.0,24.875,0.0,26.125,0.0,26.125,0.0,25.125,10.0,0.0,0.0086,52.5166,5.2517,2.0,54.7232,1.6953,0.7094,1.441,0.9208,1.4641,9.979e-05,1.5345,0.0002,2.7142,12.0,0.0667,1.0018,0.1585,2.4219,0.0408,1.8323,0.0636,2.0254,0.0,0.0,0.0,29.9901,25.0,25.0,38.0,37.0,14.0,0.0,0.0,0.0,4.0,62.5302,0.0,41.186,0.0,0.0
9435.0,1.7468,0.0933,1.0,0.0794,1.2007,2.0548,1.0548,2.1857,1.1857,26.5812,2.0632,26.3557,2.0542,100.0,0.0,0.0,0.0,25.0,0.0,26.125,0.0,26.125,0.0,25.125,10.0,0.0,0.008,52.5169,5.2517,2.0,55.5492,1.6979,0.7669,1.4473,0.9144,1.4634,0.0001,1.5368,0.0002,2.713,12.0,0.0665,1.0018,0.1429,2.3769,0.0375,1.7964,0.0639,2.0277,0.0,0.0,0.0,29.9896,25.0,25.0,38.0,37.0,14.0,0.0,0.0,0.0,0.0,62.5854,0.0,41.1859,0.0,0.0
9436.0,1.7467,0.0933,1.0,0.0796,1.201,2.0543,1.0543,2.186,1.186,26.7391,2.0696,26.369,2.0548,100.0,0.0,0.0,0.0,25.125,0.0,26.125,0.0,26.125,0.0,25.125,10.0,0.0,0.0084,52.5167,5.2517,2.0,56.1826,1.6998,0.7508,1.4455,0.8968,1.4615,0.0001,1.5386,0.0002,2.7266,12.0,0.0698,1.0019,0.1497,2.397,0.0378,1.799,0.0521,1.9385,0.0,0.0,0.0,29.9894,25.0,25.0,38.0,37.0,13.0,0.0,0.0,0.0,0.0,62.5859,0.0,41.186,0.0,0.0
9437.0,1.7476,0.0934,1.0,0.0795,1.2009,2.0544,1.0544,2.1865,1.1865,26.8363,2.0735,26.3576,2.0543,100.0,0.0,0.0,0.0,25.0,0.0,26.25,0.0,26.125,0.0,25.125,10.0,0.0,0.0084,52.5168,5.2517,2.0,56.2649,1.7001,0.735,1.4438,0.8817,1.4598,0.0001,1.5402,0.0002,2.7256,12.0,0.0698,1.0019,0.1506,2.3996,0.0367,1.7867,0.0552,1.9639,0.0,0.0,0.0,29.99,25.0,25.0,38.0,37.0,13.0,0.0,0.0,0.0,0.0,62.5861,0.0,41.1861,0.0,0.0
9438.0,1.7468,0.0934,1.0,0.0798,1.2017,2.0553,1.0553,2.1861,1.1861,26.7666,2.0707,26.3462,2.0538,100.0,0.0,0.0,0.0,25.0,0.0,26.125,0.0,26.125,0.0,25.125,10.0,0.0,0.0092,52.5166,5.2517,2.0,57.5303,1.704,0.8634,1.4578,0.8656,1.4581,0.0001,1.542,0.0002,2.737,12.0,0.069,1.0018,0.1861,2.4915,0.0345,1.7597,0.0544,1.9574,0.0,0.0,0.0,29.9901,25.0,25.0,38.0,37.0,15.0,0.0,0.0,0.0,0.0,62.5864,0.0,41.1863,0.0,0.0
9439.0,1.7458,0.0932,1.0,0.0796,1.2011,2.0554,1.0554,2.1857,1.1857,26.6466,2.0659,26.3524,2.0541,100.0,0.0,0.0,0.0,25.0,0.0,26.125,0.0,26.0,0.0,25.0,10.0,0.0,0.0101,52.5167,5.2517,2.0,58.5195,1.7069,1.5962,1.5378,0.8529,1.4567,0.0001,1.5439,0.0002,2.7478,12.0,0.0685,1.0018,0.2,2.523,0.0335,1.7468,0.0516,1.9342,0.0,0.0,0.0,29.9901,25.0,25.0,38.0,37.0,13.0,0.0,0.0,0.0,0.0,62.5857,0.0,41.1867,0.0,0.0
9440.0,1.7448,0.0931,1.0,0.0794,1.2007,2.0553,1.0553,2.1856,1.1856,26.5767,2.0631,26.3623,2.0545,100.0,0.0,0.0,0.0,25.0,0.0,26.125,0.0,26.125,0.0,25.125,10.0,0.0,0.0083,52.5168,5.2517,2.0,64.4281,1.7236,1.6761,1.5465,0.8348,1.4547,0.0001,1.545,0.0002,2.753,12.0,0.0652,1.0017,0.1797,2.4764,0.0308,1.7106,0.0518,1.9365,0.0,0.0,0.0,29.9897,26.0,25.0,38.0,37.0,14.0,0.0,0.0,0.0,0.0,62.5854,0.0,41.186,0.0,0.0
9441.0,1.7434,0.0929,1.0,0.0794,1.2005,2.0548,1.0548,2.1858,1.1858,26.6769,2.0671,26.3669,2.0547,100.0,0.0,0.0,0.0,25.0,0.0,26.125,0.0,26.125,0.0,25.125,10.0,0.0,0.0083,52.5169,5.2517,2.0,65.094,1.7254,1.5655,1.5344,0.824,1.4535,0.0001,1.5466,0.0002,2.7521,12.0,0.0638,1.0017,0.1529,2.4062,0.0301,1.7007,0.0498,1.9189,0.0,0.0,0.0,29.9897,26.0,25.0,38.0,37.0,14.0,0.0,0.0,0.0,0.0,62.5861,0.0,41.1863,0.0,0.0
9442.0,1.7425,0.0928,1.0,0.0794,1.2006,2.0543,1.0543,2.1863,1.1863,26.8217,2.0729,26.3561,2.0542,100.0,0.0,0.0,0.0,25.0,0.0,26.125,0.0,26.25,0.0,25.125,10.0,0.0,0.0088,52.5168,5.2517,2.0,65.7126,1.7271,1.4719,1.5242,0.8093,1.4519,0.0001,1.5478,0.0002,2.7687,12.0,0.0686,1.0018,0.1548,2.4115,0.0275,1.6616,0.0377,1.7985,0.0,0.0,0.0,29.9897,26.0,25.0,38.0,37.0,12.0,0.0,0.0,0.0,0.0,62.5858,0.0,41.1864,0.0,0.0
9443.0,1.7425,0.0928,1.0,0.0793,1.2004,2.0551,1.0551,2.1863,1.1863,26.7776,2.0711,26.3496,2.054,100.0,0.0,0.0,0.0,25.0,0.0,26.125,0.0,26.125,0.0,25.0,10.0,0.0,0.0081,52.5169,5.2517,2.0,65.8671,1.7275,1.3901,1.5153,0.792,1.45,0.0001,1.5497,0.0002,2.7748,12.0,0.0703,1.0019,0.1501,2.3982,0.027,1.6532,0.0454,1.8787,0.0,0.0,0.0,29.9895,26.0,25.0,38.0,37.0,13.0,0.0,0.0,0.0,0.0,62.5857,0.0,41.1865,0.0,0.0
9444.0,1.7438,0.093,1.0,0.0797,1.2015,2.0554,1.0554,2.1861,1.1861,26.6632,2.0665,26.3439,2.0538,100.0,0.0,0.0,0.0,25.0,0.0,26.125,0.0,26.125,0.0,25.0,10.0,0.0,0.0086,52.5169,5.2517,2.0,66.3151,1.7286,1.2851,1.5038,0.7823,1.449,0.0001,1.5515,0.0002,2.7837,12.0,0.0716,1.0019,0.1357,2.3546,0.0266,1.6464,0.0421,1.8461,0.0,0.0,0.0,29.9898,25.0,25.0,38.0,37.0,14.0,0.0,0.0,0.0,0.0,62.5858,0.0,41.1861,0.0,0.0
9445.0,1.7453,0.0932,1.0,0.0797,1.2014,2.0553,1.0553,2.1857,1.1857,26.5794,2.0632,26.3508,2.054,100.0,0.0,0.0,0.0,25.0,0.0,26.125,0.0,26.125,0.0,25.0,10.0,0.0,0.009,52.5172,5.2517,2.0,65.8374,1.7274,1.0931,1.4829,0.7633,1.4469,0.0001,1.5526,0.0002,2.7829,12.0,0.0719,1.0019,0.1555,2.4137,0.0249,1.6188,0.0446,1.8712,0.0,0.0,0.0,29.9899,25.0,25.0,38.0,37.0,14.0,0.0,0.0,0.0,0.0,62.5861,0.0,41.1863,0.0,0.0
9446.0,1.7446,0.0931,1.0,0.0796,1.2011,2.0544,1.0544,2.1857,1.1857,26.6876,2.0675,26.368,2.0547,100.0,0.0,0.0,0.0,25.0,0.0,26.125,0.0,26.125,0.0,25.25,10.0,0.0,0.0084,52.5172,5.2517,2.0,65.3956,1.7262,0.9185,1.4638,0.7542,1.4459,0.0001,1.5542,0.0002,2.7919,12.0,0.0693,1.0018,0.1395,2.3666,0.023,1.5844,0.0365,1.7846,0.0,0.0,0.0,29.9894,25.0,25.0,38.0,37.0,15.0,0.0,0.0,0.0,0.0,62.5857,0.0,41.1861,0.0,0.0
9447.0,1.7446,0.0931,1.0,0.0794,1.2007,2.0545,1.0545,2.1859,1.1859,26.8312,2.0732,26.365,2.0546,100.0,0.0,0.0,0.0,25.0,0.0,26.0,0.0,26.0,0.0,25.125,10.0,0.0,0.0084,52.5172,5.2518,2.0,65.0872,1.7254,0.8555,1.457,0.7369,1.444,0.0001,1.5552,0.0002,2.7959,12.0,0.0645,1.0017,0.2075,2.5388,0.0214,1.5515,0.0352,1.7682,0.0,0.0,0.0,29.9896,25.0,25.0,38.0,37.0,14.0,0.0,0.0,0.0,0.0,62.5861,0.0,41.1861,0.0,0.0
9448.0,1.7456,0.0932,1.0,0.0794,1.2005,2.0552,1.0552,2.1858,1.1858,26.799,2.072,26.3563,2.0543,100.0,0.0,0.0,0.0,25.0,0.0,26.125,0.0,26.25,0.0,25.125,10.0,0.0,0.0076,52.5174,5.2517,2.0,64.9793,1.7251,0.7642,1.447,0.7268,1.4429,0.0001,1.5568,0.0002,2.8054,12.0,0.065,1.0017,0.1621,2.4315,0.0211,1.546,0.0363,1.7816,0.0,0.0,0.0,29.9895,25.0,25.0,38.0,37.0,14.0,0.0,0.0,0.0,0.0,62.5851,0.0,41.1863,0.0,0.0
9449.0,1.7457,0.0932,1.0,0.0795,1.2009,2.0554,1.0554,2.186,1.186,26.6881,2.0675,26.3445,2.0538,100.0,0.0,0.0,0.0,25.0,0.0,26.125,0.0,26.125,0.0,25.125,10.0,0.0,0.0081,52.5172,5.2517,2.0,64.4308,1.7236,0.5717,1.426,0.7036,1.4404,0.0001,1.5576,0.0002,2.8076,12.0,0.0602,1.0016,0.1765,2.4686,0.0226,1.5759,0.0388,1.811,0.0,0.0,0.0,29.9896,26.0,25.0,38.0,37.0,14.0,0.0,0.0,0.0,0.0,62.5858,0.0,41.1863,0.0,0.0
9450.0,1.7466,0.0933,1.0,0.0796,1.2012,2.0549,1.0549,2.1858,1.1858,26.579,2.0632,26.3434,2.0537,100.0,0.0,0.0,0.0,25.0,0.0,26.25,0.0,26.0,0.0,25.0,10.0,0.0,0.0088,52.5172,5.2517,2.0,64.5639,1.724,0.5269,1.4211,0.7004,1.44,0.0001,1.5594,0.0002,2.818,12.0,0.0658,1.0018,0.2579,2.6333,0.0193,1.5065,0.0378,1.7988,0.0,0.0,0.0,29.9897,26.0,25.0,38.0,37.0,13.0,0.0,0.0,0.0,0.0,62.5857,0.0,41.1866,0.0,0.0
9451.0,1.7465,0.0933,1.0,0.0794,1.2007,2.0545,1.0545,2.1861,1.1861,26.6668,2.0667,26.3622,2.0545,100.0,0.0,0.0,0.0,25.0,0.0,26.125,0.0,26.125,0.0,25.125,10.0,0.0,0.0082,52.5173,5.2517,2.0,63.6561,1.7215,0.3783,1.4049,0.6872,1.4386,0.0001,1.561,0.0002,2.8214,12.0,0.067,1.0018,0.2336,2.5903,0.0169,1.4491,0.0495,1.9167,0.0,0.0,0.0,29.9895,26.0,25.0,38.0,37.0,14.0,0.0,0.0,0.0,0.0,62.5851,0.0,41.1858,0.0,0.0
9452.0,1.7459,0.0932,1.0,0.0796,1.2011,2.0543,1.0543,2.1863,1.1863,26.828,2.0731,26.3634,2.0545,100.0,0.0,0.0,0.0,25.0,0.0,26.125,0.0,26.125,0.0,25.0,10.0,0.0,0.0081,52.5171,5.2517,2.0,63.312,1.7206,0.3291,1.3995,0.668,1.4365,0.0001,1.5618,0.0002,2.8302,12.0,0.0672,1.0018,0.2091,2.5422,0.0175,1.4644,0.0417,1.8417,0.0,0.0,0.0,29.99,26.0,25.0,38.0,37.0,15.0,0.0,0.0,0.0,0.0,62.5862,0.0,41.1865,0.0,0.0
9453.0,1.7457,0.0932,1.0,0.0794,1.2005,2.0551,1.0551,2.1862,1.1862,26.8077,2.0723,26.3612,2.0544,100.0,0.0,0.0,0.0,24.875,0.0,26.125,0.0,26.125,0.0,25.125,10.0,0.0,0.0087,52.5173,5.2517,2.0,62.5,1.7184,0.2193,1.3876,0.6579,1.4354,0.0001,1.5627,0.0002,2.8329,12.0,0.0662,1.0018,0.2091,2.5422,0.016,1.4264,0.0455,1.8801,0.0,0.0,0.0,29.9901,25.0,25.0,38.0,37.0,12.0,0.0,0.0,0.0,0.0,62.5857,0.0,41.1865,0.0,0.0
9454.0,1.7456,0.0932,1.0,0.0793,1.2004,2.0553,1.0553,2.1861,1.1861,26.7125,2.0685,26.3546,2.0542,100.0,0.0,0.0,0.0,25.0,0.0,26.125,0.0,26.125,0.0,25.125,10.0,0.0,0.009,52.5173,5.2517,2.0,62.4715,1.7183,0.2298,1.3887,0.6438,1.4339,0.0001,1.5642,0.0002,2.8304,12.0,0.0623,1.0017,0.2344,2.5919,0.0164,1.4366,0.0424,1.8491,0.0,0.0,0.0,29.9898,25.0,25.0,38.0,37.0,14.0,0.0,0.0,0.0,0.0,62.5867,0.0,41.1863,0.0,0.0
9455.0,1.7457,0.0932,1.0,0.0794,1.2006,2.0554,1.0554,2.1859,1.1859,26.594,2.0638,26.3472,2.0539,100.0,0.0,0.0,0.0,25.0,0.0,26.125,0.0,26.125,0.0,25.125,10.0,0.0,0.0086,52.5173,5.2517,2.0,63.0087,1.7198,0.2693,1.393,0.6254,1.4319,0.0001,1.5648,0.0002,2.8451,12.0,0.062,1.0017,0.1956,2.5132,0.0145,1.3826,0.0406,1.8307,0.0,0.0,0.0,29.9895,25.0,25.0,38.0,37.0,13.0,0.0,0.0,0.0,0.0,62.5855,0.0,41.186,0.0,0.0
9456.0,1.7461,0.0933,1.0,0.0794,1.2007,2.055,1.055,2.1859,1.1859,26.6242,2.065,26.3677,2.0547,100.0,0.0,0.0,0.0,25.0,0.0,26.125,0.0,26.125,0.0,25.125,10.0,0.0,0.0082,52.5172,5.2517,2.0,63.3706,1.7208,0.3397,1.4007,0.6199,1.4313,0.0001,1.5662,0.0002,2.847,12.0,0.069,1.0018,0.1787,2.4739,0.0149,1.3947,0.0544,1.9574,0.0,0.0,0.0,29.9895,25.0,25.0,38.0,37.0,14.0,0.0,0.0,0.0,0.0,62.586,0.0,41.1862,0.0,0.0
9457.0,1.748,0.0935,1.0,0.0794,1.2005,2.0547,1.0547,2.1857,1.1857,26.7901,2.0716,26.3707,2.0548,100.0,0.0,0.0,0.0,25.0,0.0,26.125,0.0,26.125,0.0,25.0,10.0,0.0,0.0084,52.5174,5.2518,2.0,64.2522,1.7232,0.3861,1.4058,0.6131,1.4305,0.0001,1.5676,0.0002,2.8502,12.0,0.071,1.0019,0.16,2.426,0.013,1.336,0.0522,1.9396,0.0,0.0,0.0,29.9897,25.0,25.0,38.0,37.0,13.0,0.0,0.0,0.0,0.0,62.586,0.0,41.186,0.0,0.0
9458.0,1.7488,0.0936,1.0,0.0797,1.2013,2.0551,1.0551,2.1862,1.1862,26.8221,2.0729,26.3572,2.0543,100.0,0.0,0.0,0.0,25.0,0.0,26.125,0.0,26.125,0.0,25.125,10.0,0.0,0.0085,52.5173,5.2517,2.0,64.3744,1.7235,0.3038,1.3968,0.5998,1.4291,0.0001,1.5688,0.0002,2.8637,12.0,0.0714,1.0019,0.1422,2.3747,0.0126,1.3212,0.0449,1.8743,0.0,0.0,0.0,29.9895,25.0,25.0,38.0,37.0,14.0,0.0,0.0,0.0,0.0,62.5856,0.0,41.1865,0.0,0.0
9459.0,1.7498,0.0937,1.0,0.0796,1.2012,2.0554,1.0554,2.1861,1.1861,26.7395,2.0696,26.3513,2.0541,100.0,0.0,0.0,0.0,25.0,0.0,26.125,0.0,26.125,0.0,25.125,10.0,0.0,0.0082,52.5179,5.2518,2.0,64.096,1.7227,0.2675,1.3928,0.5901,1.428,0.0001,1.5698,0.0002,2.8652,12.0,0.0712,1.0019,0.1657,2.4411,0.0111,1.2656,0.0623,2.0161,0.0,0.0,0.0,29.9897,25.0,25.0,38.0,37.0,14.0,0.0,0.0,0.0,0.0,62.5863,0.0,41.1867,0.0,0.0
9460.0,1.748,0.0935,1.0,0.0794,1.2007,2.0554,1.0554,2.1859,1.1859,26.6165,2.0647,26.351,2.054,100.0,0.0,0.0,0.0,24.875,0.0,26.125,0.0,26.125,0.0,25.125,10.0,0.0,0.0083,52.5178,5.2518,2.0,63.5942,1.7214,0.2235,1.388,0.572,1.426,0.0001,1.5703,0.0002,2.8682,12.0,0.0683,1.0018,0.1518,2.403,0.0108,1.2572,0.0518,1.9359,0.0,0.0,0.0,29.9897,25.0,25.0,38.0,37.0,13.0,0.0,0.0,0.0,0.0,62.5862,0.0,41.1866,0.0,0.0
9461.0,1.7477,0.0935,1.0,0.0794,1.2006,2.0551,1.0551,2.1857,1.1857,26.6233,2.0649,26.3605,2.0544,100.0,0.0,0.0,0.0,25.0,0.0,26.125,0.0,26.125,0.0,25.125,10.0,0.0,0.0092,52.5177,5.2518,2.0,63.8223,1.722,0.2334,1.3891,0.5635,1.4251,0.0001,1.5715,0.0002,2.8747,12.0,0.0659,1.0018,0.1415,2.3726,0.0109,1.2593,0.0566,1.9746,0.0,0.0,0.0,29.9902,25.0,25.0,38.0,37.0,16.0,0.0,0.0,0.0,0.0,62.5859,0.0,41.1861,0.0,0.0
9462.0,1.7478,0.0935,1.0,0.0795,1.201,2.0544,1.0544,2.186,1.186,26.7959,2.0718,26.3706,2.0548,100.0,0.0,0.0,0.0,25.0,0.0,26.125,0.0,26.125,0.0,25.125,10.0,0.0,0.0087,52.518,5.2518,2.0,64.4862,1.7238,0.2855,1.3948,0.5554,1.4242,0.0001,1.5727,0.0002,2.8819,12.0,0.0694,1.0019,0.1185,2.2957,0.0107,1.2505,0.0503,1.9231,0.0,0.0,0.0,29.9893,25.0,25.0,38.0,37.0,16.0,0.0,0.0,0.0,0.0,62.5857,0.0,41.1861,0.0,0.0
9463.0,1.7468,0.0934,1.0,0.0795,1.2008,2.055,1.055,2.1865,1.1865,26.8401,2.0736,26.3549,2.0542,100.0,0.0,0.0,0.0,25.0,0.0,26.125,0.0,26.125,0.0,25.0,10.0,0.0,0.0084,52.5177,5.2518,2.0,64.835,1.7247,0.2824,1.3944,0.5463,1.4232,0.0001,1.5738,0.0002,2.884,12.0,0.0708,1.0019,0.1298,2.3351,0.0097,1.2107,0.0503,1.923,0.0,0.0,0.0,29.9893,25.0,25.0,38.0,37.0,14.0,0.0,0.0,0.0,0.0,62.5856,0.0,41.1863,0.0,0.0
9464.0,1.7467,0.0933,1.0,0.0797,1.2015,2.0553,1.0553,2.1861,1.1861,26.7507,2.07,26.3512,2.054,100.0,0.0,0.0,0.0,25.0,0.0,26.125,0.0,26.125,0.0,25.0,10.0,0.0,0.0079,52.5178,5.2518,2.0,64.5889,1.7241,0.2008,1.3855,0.5364,1.4221,0.0001,1.5749,0.0002,2.8911,12.0,0.0716,1.0019,0.1417,2.3731,0.0092,1.1868,0.0521,1.9385,0.0,0.0,0.0,29.9893,25.0,25.0,38.0,37.0,13.0,0.0,0.0,0.0,0.0,62.586,0.0,41.1862,0.0,0.0
9465.0,1.7465,0.0933,1.0,0.0797,1.2014,2.0554,1.0554,2.1861,1.1861,26.63,2.0652,26.3472,2.0539,100.0,0.0,0.0,0.0,25.0,0.0,26.125,0.0,26.25,0.0,25.125,10.0,0.0,0.0084,52.518,5.2518,2.0,63.5511,1.7212,0.069,1.3712,0.5244,1.4208,0.0001,1.5757,0.0002,2.8966,12.0,0.0749,1.002,0.1223,2.3093,0.0083,1.1402,0.0464,1.8883,0.0,0.0,0.0,29.9897,25.0,25.0,38.0,37.0,14.0,0.0,0.0,0.0,0.0,62.5862,0.0,41.1864,0.0,0.0
9466.0,1.7466,0.0933,1.0,0.0794,1.2007,2.0552,1.0552,2.1857,1.1857,26.5877,2.0635,26.3618,2.0545,100.0,0.0,0.0,0.0,25.0,0.0,26.125,0.0,26.125,0.0,25.125,10.0,0.0,0.0083,52.5178,5.2518,2.0,62.9884,1.7197,0.0189,1.3657,0.5075,1.419,0.0001,1.5762,0.0002,2.8985,12.0,0.0732,1.002,0.0994,2.2191,0.0078,1.1141,0.0466,1.8905,0.0,0.0,0.0,29.9898,25.0,25.0,38.0,37.0,14.0,0.0,0.0,0.0,0.0,62.586,0.0,41.186,0.0,0.0
9467.0,1.7474,0.0934,1.0,0.0796,1.201,2.0548,1.0548,2.1854,1.1854,26.7366,2.0695,26.3794,2.0552,100.0,0.0,0.0,0.0,24.875,0.0,26.125,0.0,26.125,0.0,25.125,10.0,0.0,0.008,52.5177,5.2518,2.0,63.055,1.7199,0.0654,1.3708,0.5003,1.4182,0.0001,1.577,0.0002,2.9054,12.0,0.0667,1.0018,0.1117,2.27,0.0077,1.108,0.0418,1.8434,0.0,0.0,0.0,29.9899,25.0,25.0,38.0,37.0,13.0,0.0,0.0,0.0,0.0,62.5856,0.0,41.1861,0.0,0.0
9468.0,1.7487,0.0936,1.0,0.0797,1.2014,2.0549,1.0549,2.1861,1.1861,26.8253,2.073,26.356,2.0542,100.0,0.0,0.0,0.0,25.0,0.0,26.125,0.0,26.125,0.0,25.125,10.0,0.0,0.0086,52.5182,5.2518,2.0,62.8568,1.7193,0.022,1.366,0.4845,1.4165,0.0001,1.5776,0.0002,2.9113,12.0,0.0673,1.0018,0.1161,2.2865,0.0071,1.0729,0.0564,1.973,0.0,0.0,0.0,29.9893,25.0,25.0,38.0,37.0,13.0,0.0,0.0,0.0,0.0,62.5856,0.0,41.186,0.0,0.0
9469.0,1.7488,0.0936,1.0,0.0793,1.2003,2.0554,1.0554,2.186,1.186,26.7616,2.0705,26.3531,2.0541,100.0,0.0,0.0,0.0,25.0,0.0,26.125,0.0,26.25,0.0,25.125,10.0,0.0,0.0087,52.5181,5.2518,2.0,62.8279,1.7193,-0.0115,1.3624,0.4707,1.415,0.0001,1.5782,0.0002,2.9066,12.0,0.0636,1.0017,0.092,2.1856,0.0077,1.1078,0.0532,1.9481,0.0,0.0,0.0,29.9897,25.0,25.0,38.0,37.0,13.0,0.0,0.0,0.0,0.0,62.5858,0.0,41.1862,0.0,0.0
9470.0,1.7492,0.0936,1.0,0.0793,1.2004,2.0552,1.0552,2.1862,1.1862,26.6589,2.0664,26.3428,2.0537,100.0,0.0,0.0,0.0,25.0,0.0,26.125,0.0,26.125,0.0,25.125,10.0,0.0,0.0085,52.5183,5.2518,2.0,62.315,1.7178,-0.0564,1.3575,0.461,1.4139,0.0001,1.5788,0.0002,2.918,12.0,0.0623,1.0017,0.0897,2.1745,0.0068,1.0519,0.0715,2.0762,0.0,0.0,0.0,29.9896,25.0,25.0,38.0,37.0,13.0,0.0,0.0,0.0,0.0,62.5854,0.0,41.1859,0.0,0.0
9471.0,1.7502,0.0938,1.0,0.0794,1.2005,2.0549,1.0549,2.1861,1.1861,26.5796,2.0632,26.3513,2.0541,100.0,0.0,0.0,0.0,25.0,0.0,26.125,0.0,26.0,0.0,25.125,10.0,0.0,0.0082,52.5181,5.2518,2.0,62.699,1.7189,0.0029,1.364,0.4521,1.413,0.0001,1.5796,0.0002,2.9236,12.0,0.0626,1.0017,0.0798,2.1237,0.0075,1.0989,0.0667,2.0463,0.0,0.0,0.0,29.9894,25.0,25.0,38.0,37.0,12.0,0.0,0.0,0.0,0.0,62.5859,0.0,41.1865,0.0,0.0
9472.0,1.7507,0.0938,1.0,0.0794,1.2007,2.0548,1.0548,2.1857,1.1857,26.6968,2.0679,26.3678,2.0547,100.0,0.0,0.0,0.0,25.0,0.0,26.125,0.0,26.125,0.0,25.125,10.0,0.0,0.009,52.5181,5.2518,2.0,62.7065,1.7189,-0.0022,1.3634,0.4429,1.4119,0.0001,1.5803,0.0002,2.9252,12.0,0.063,1.0017,0.0798,2.1239,0.0058,0.9818,0.063,2.0213,0.0,0.0,0.0,29.9898,25.0,25.0,38.0,37.0,14.0,0.0,0.0,0.0,0.0,62.586,0.0,41.1863,0.0,0.0
9473.0,1.7499,0.0937,1.0,0.0796,1.2013,2.0547,1.0547,2.186,1.186,26.8259,2.073,26.3698,2.0548,100.0,0.0,0.0,0.0,25.0,0.0,26.125,0.0,26.125,0.0,25.125,10.0,0.0,0.0084,52.5184,5.2518,2.0,63.4496,1.721,0.1252,1.3773,0.4353,1.4111,0.0001,1.5812,0.0002,2.9311,12.0,0.066,1.0018,0.0723,2.0812,0.0059,0.9958,0.0602,2.0014,0.0,0.0,0.0,29.9896,25.0,25.0,38.0,37.0,12.0,0.0,0.0,0.0,0.0,62.5853,0.0,41.1859,0.0,0.0
9474.0,1.7499,0.0937,1.0,0.0799,1.2021,2.0553,1.0553,2.1864,1.1864,26.7733,2.0709,26.3491,2.054,100.0,0.0,0.0,0.0,25.0,0.0,26.125,0.0,26.125,0.0,25.125,10.0,0.0,0.0085,52.5182,5.2518,2.0,64.4787,1.7238,0.2422,1.3901,0.428,1.4103,0.0001,1.5821,0.0002,2.9254,12.0,0.0735,1.002,0.0714,2.0756,0.0063,1.0187,0.0541,1.9552,0.0,0.0,0.0,29.9894,25.0,25.0,38.0,37.0,15.0,0.0,0.0,0.0,0.0,62.5857,0.0,41.1865,0.0,0.0
9475.0,1.7498,0.0937,1.0,0.0797,1.2013,2.0554,1.0554,2.1865,1.1865,26.6715,2.0669,26.343,2.0537,100.0,0.0,0.0,0.0,24.875,0.0,26.125,0.0,26.125,0.0,25.125,10.0,0.0,0.0081,52.5181,5.2518,2.0,64.7959,1.7246,0.2503,1.3909,0.4182,1.4093,0.0001,1.5826,0.0002,2.9374,12.0,0.074,1.002,0.0732,2.0863,0.0062,1.0159,0.0495,1.9168,0.0,0.0,0.0,29.9894,25.0,25.0,38.0,37.0,12.0,0.0,0.0,0.0,0.0,62.5862,0.0,41.1864,0.0,0.0
9476.0,1.7478,0.0935,1.0,0.0794,1.2005,2.0553,1.0553,2.1858,1.1858,26.5773,2.0631,26.3582,2.0543,100.0,0.0,0.0,0.0,25.0,0.0,26.125,0.0,26.125,0.0,25.125,10.0,0.0,0.0086,52.5182,5.2518,2.0,66.0933,1.7281,0.3681,1.4038,0.4089,1.4082,0.0001,1.5832,0.0002,2.943,12.0,0.0703,1.0019,0.0632,2.0224,0.0065,1.0343,0.0477,1.9007,0.0,0.0,0.0,29.9892,25.0,25.0,38.0,37.0,14.0,0.0,0.0,0.0,0.0,62.5853,0.0,41.1861,0.0,0.0
9477.0,1.7467,0.0933,1.0,0.0795,1.2008,2.0549,1.0549,2.1857,1.1857,26.6763,2.0671,26.3752,2.055,100.0,0.0,0.0,0.0,25.0,0.0,26.125,0.0,26.125,0.0,25.125,10.0,0.0,0.0086,52.5182,5.2518,2.0,66.0118,1.7278,0.2965,1.396,0.3981,1.4071,0.0001,1.5838,0.0002,2.9476,12.0,0.0672,1.0018,0.0639,2.0271,0.0059,0.9952,0.0476,1.8998,0.0,0.0,0.0,29.9892,25.0,25.0,38.0,37.0,13.0,0.0,0.0,0.0,0.0,62.5851,0.0,41.1855,0.0,0.0
9478.0,1.7467,0.0933,1.0,0.0797,1.2013,2.0547,1.0547,2.186,1.186,26.824,2.073,26.3669,2.0547,100.0,0.0,0.0,0.0,25.0,0.0,26.125,0.0,26.125,0.0,25.125,10.0,0.0,0.0091,52.5184,5.2518,2.0,65.3195,1.726,0.1746,1.3827,0.389,1.4061,0.0001,1.5844,0.0002,2.9473,12.0,0.0666,1.0018,0.0661,2.0422,0.0065,1.0369,0.0598,1.9988,0.0,0.0,0.0,29.989,25.0,25.0,38.0,37.0,13.0,0.0,0.0,0.0,0.0,62.5853,0.0,41.1862,0.0,0.0
9479.0,1.7438,0.093,1.0,0.0795,1.2009,2.0552,1.0552,2.1862,1.1862,26.7914,2.0717,26.35,2.054,100.0,0.0,0.0,0.0,24.875,0.0,26.25,0.0,26.125,0.0,25.125,10.0,0.0,0.009,52.5182,5.2518,2.0,64.711,1.7244,0.1384,1.3787,0.3812,1.4052,0.0001,1.5851,0.0002,2.9529,12.0,0.0658,1.0018,0.0574,1.9805,0.0059,0.9957,0.0587,1.9907,0.0,0.0,0.0,29.9894,25.0,25.0,38.0,37.0,14.0,0.0,0.0,0.0,0.0,62.5857,0.0,41.1861,0.0,0.0
9480.0,1.7447,0.0931,1.0,0.0796,1.2011,2.0551,1.0551,2.1861,1.1861,26.68,2.0672,26.3439,2.0538,100.0,0.0,0.0,0.0,25.125,0.0,26.125,0.0,26.125,0.0,25.25,10.0,0.0,0.0091,52.5188,5.2519,2.0,65.1706,1.7256,0.2004,1.3855,0.3829,1.4054,0.0001,1.5861,0.0002,2.9518,12.0,0.0666,1.0018,0.0584,1.9879,0.006,0.9996,0.0645,2.0315,0.0,0.0,0.0,29.9891,25.0,25.0,38.0,37.0,14.0,0.0,0.0,0.0,0.0,62.5859,0.0,41.1859,0.0,0.0
9481.0,1.7447,0.0931,1.0,0.0793,1.2004,2.0554,1.0554,2.1858,1.1858,26.5615,2.0625,26.353,2.0541,100.0,0.0,0.0,0.0,25.0,0.0,26.125,0.0,26.125,0.0,25.125,10.0,0.0,0.0089,52.519,5.2519,2.0,65.3906,1.7262,0.2311,1.3888,0.3753,1.4046,0.0001,1.587,0.0002,2.9576,12.0,0.0639,1.0017,0.1358,2.3546,0.0057,0.974,0.0566,1.9743,0.0,0.0,0.0,29.9892,25.0,25.0,38.0,37.0,14.0,0.0,0.0,0.0,0.0,62.5857,0.0,41.1864,0.0,0.0
9482.0,1.7436,0.0929,1.0,0.0795,1.2008,2.055,1.055,2.1857,1.1857,26.6332,2.0653,26.3747,2.055,100.0,0.0,0.0,0.0,25.0,0.0,26.125,0.0,26.375,0.0,25.0,10.0,0.0,0.0095,52.5187,5.2518,2.0,66.1634,1.7282,0.2781,1.394,0.3722,1.4042,0.0001,1.5874,0.0002,2.9621,12.0,0.0646,1.0017,0.1116,2.2696,0.0063,1.0227,0.0546,1.959,0.0,0.0,0.0,29.9891,25.0,25.0,38.0,38.0,14.0,0.0,0.0,0.0,0.0,62.5856,0.0,41.1863,0.0,0.0
9483.0,1.7437,0.093,1.0,0.0793,1.2003,2.0547,1.0547,2.1858,1.1858,26.7969,2.0719,26.3784,2.0551,100.0,0.0,0.0,0.0,25.0,0.0,26.125,0.0,26.125,0.0,25.125,10.0,0.0,0.0087,52.5187,5.2519,2.0,66.2219,1.7284,0.2654,1.3926,0.3595,1.4029,0.0001,1.5877,0.0002,2.9616,12.0,0.0632,1.0017,0.1186,2.2958,0.0063,1.0198,0.048,1.903,0.0,0.0,0.0,29.9894,25.0,25.0,38.0,38.0,15.0,0.0,0.0,0.0,0.0,62.5856,0.0,41.1861,0.0,0.0
9484.0,1.7447,0.0931,1.0,0.0794,1.2006,2.0552,1.0552,2.1862,1.1862,26.8098,2.0724,26.3634,2.0545,100.0,0.0,0.0,0.0,25.0,0.0,26.25,0.0,26.0,0.0,25.125,10.0,0.0,0.0087,52.5188,5.2519,2.0,66.0581,1.728,0.2253,1.3882,0.3493,1.4017,0.0001,1.5882,0.0002,2.9729,12.0,0.068,1.0018,0.1118,2.2704,0.0062,1.0176,0.0628,2.0198,0.0,0.0,0.0,29.9892,25.0,25.0,38.0,38.0,13.0,0.0,0.0,0.0,0.0,62.5861,0.0,41.1864,0.0,0.0
9485.0,1.7437,0.093,1.0,0.0793,1.2003,2.0554,1.0554,2.1864,1.1864,26.725,2.069,26.3554,2.0542,100.0,0.0,0.0,0.0,25.0,0.0,26.125,0.0,26.125,0.0,25.125,10.0,0.0,0.0087,52.5186,5.2519,2.0,67.2379,1.731,0.4235,1.4098,0.3415,1.4009,0.0001,1.5887,0.0002,2.9774,12.0,0.0693,1.0018,0.0987,2.2164,0.006,1.0028,0.061,2.0072,0.0,0.0,0.0,29.9891,25.0,25.0,38.0,38.0,12.0,0.0,0.0,0.0,0.0,62.5851,0.0,41.1865,0.0,0.0
9486.0,1.7436,0.0929,1.0,0.0794,1.2007,2.0553,1.0553,2.1859,1.1859,26.5905,2.0636,26.3531,2.0541,100.0,0.0,0.0,0.0,25.0,0.0,26.375,0.0,26.125,0.0,25.125,10.0,0.0,0.0085,52.5185,5.2518,2.0,68.5678,1.7344,0.4809,1.4161,0.3305,1.3997,0.0001,1.5893,0.0002,2.9821,12.0,0.0685,1.0018,0.1058,2.2465,0.006,0.9993,0.0581,1.9861,0.0,0.0,0.0,29.9896,25.0,25.0,38.0,37.0,16.0,0.0,0.0,0.0,0.0,62.5853,0.0,41.1863,0.0,0.0
9487.0,1.7426,0.0928,1.0,0.0796,1.2012,2.055,1.055,2.1857,1.1857,26.6185,2.0647,26.3708,2.0548,100.0,0.0,0.0,0.0,25.0,0.0,26.125,0.0,26.25,0.0,25.0,10.0,0.0,0.0077,52.5186,5.2519,2.0,68.7516,1.7349,0.4442,1.4121,0.3273,1.3993,0.0001,1.59,0.0002,2.9803,12.0,0.07,1.0019,0.0876,2.1644,0.0061,1.0068,0.0607,2.0052,0.0,0.0,0.0,29.9893,25.0,25.0,38.0,37.0,14.0,0.0,0.0,0.0,0.0,62.5863,0.0,41.1866,0.0,0.0
9488.0,1.7445,0.0931,1.0,0.0796,1.2011,2.0547,1.0547,2.1858,1.1858,26.7842,2.0714,26.3798,2.0552,100.0,0.0,0.0,0.0,25.0,0.0,26.125,0.0,26.125,0.0,25.125,10.0,0.0,0.0084,52.5189,5.2519,2.0,68.5712,1.7345,0.4028,1.4076,0.329,1.3995,0.0001,1.5908,0.0002,2.9851,12.0,0.0703,1.0019,0.0923,2.1872,0.0062,1.0159,0.0524,1.9415,0.0,0.0,0.0,29.9897,25.0,25.0,38.0,37.0,13.0,0.0,0.0,0.0,0.0,62.5861,0.0,41.1865,0.0,0.0
9489.0,1.7443,0.093,1.0,0.0794,1.2006,2.055,1.055,2.1862,1.1862,26.8186,2.0727,26.3647,2.0546,100.0,0.0,0.0,0.0,25.0,0.0,26.125,0.0,26.125,0.0,25.125,10.0,0.0,0.0079,52.5187,5.2518,2.0,68.3446,1.7339,0.3421,1.401,0.3185,1.3984,0.0001,1.591,0.0002,2.9885,12.0,0.0722,1.0019,0.0843,2.1476,0.006,0.9993,0.0691,2.0612,0.0,0.0,0.0,29.9899,25.0,25.0,38.0,37.0,13.0,0.0,0.0,0.0,0.0,62.5859,0.0,41.1865,0.0,0.0
9490.0,1.7446,0.0931,1.0,0.0793,1.2004,2.0554,1.0554,2.186,1.186,26.7277,2.0691,26.3493,2.054,100.0,0.0,0.0,0.0,25.0,0.0,26.125,0.0,26.125,0.0,25.125,10.0,0.0,0.0083,52.5188,5.2519,2.0,68.559,1.7344,0.3551,1.4024,0.3081,1.3972,0.0001,1.5913,0.0002,2.9868,12.0,0.0701,1.0019,0.0724,2.0818,0.0061,1.0068,0.0621,2.0152,0.0,0.0,0.0,29.9896,25.0,25.0,38.0,37.0,15.0,0.0,0.0,0.0,0.0,62.586,0.0,41.1866,0.0,0.0
9491.0,1.7443,0.093,1.0,0.0794,1.2007,2.0554,1.0554,2.1859,1.1859,26.6,2.064,26.3521,2.0541,100.0,0.0,0.0,0.0,25.0,0.0,26.125,0.0,26.25,0.0,25.0,10.0,0.0,0.0087,52.5188,5.2519,2.0,69.0079,1.7356,0.3534,1.4022,0.3031,1.3967,0.0001,1.592,0.0002,2.9913,12.0,0.0731,1.0019,0.0679,2.054,0.0061,1.0103,0.0576,1.982,0.0,0.0,0.0,29.9894,25.0,25.0,38.0,37.0,15.0,0.0,0.0,0.0,0.0,62.5859,0.0,41.1863,0.0,0.0
9492.0,1.7447,0.0931,1.0,0.0796,1.2011,2.0555,1.0555,2.1858,1.1858,26.5904,2.0636,26.3662,2.0546,100.0,0.0,0.0,0.0,25.0,0.0,26.25,0.0,26.125,0.0,25.125,10.0,0.0,0.0085,52.5188,5.2519,2.0,68.8461,1.7352,0.2979,1.3961,0.309,1.3973,0.0001,1.5929,0.0002,3.0015,12.0,0.0713,1.0019,0.1353,2.3532,0.0565,1.974,0.055,1.9621,0.0,0.0,0.0,29.989,25.0,25.0,38.0,37.0,14.0,0.0,0.0,0.0,0.0,62.5858,0.0,41.1862,0.0,0.0
9493.0,1.7446,0.0931,1.0,0.0797,1.2014,2.0547,1.0547,2.1857,1.1857,26.7549,2.0702,26.3791,2.0552,100.0,0.0,0.0,0.0,24.875,0.0,26.125,0.0,26.125,0.0,25.125,10.0,0.0,0.0088,52.519,5.2519,2.0,68.3766,1.734,0.2188,1.3875,0.2964,1.396,0.0001,1.5931,0.0002,3.0045,12.0,0.0711,1.0019,0.1158,2.2854,0.0533,1.9489,0.0589,1.9919,0.0,0.0,0.0,29.9888,25.0,25.0,38.0,37.0,16.0,0.0,0.0,0.0,0.0,62.586,0.0,41.1864,0.0,0.0
9494.0,1.7436,0.093,1.0,0.0797,1.2015,2.0549,1.0549,2.1861,1.1861,26.8249,2.073,26.3563,2.0543,100.0,0.0,0.0,0.0,25.0,0.0,26.125,0.0,26.125,0.0,25.125,10.0,0.0,0.0083,52.5188,5.2519,2.0,69.0648,1.7357,0.3698,1.404,0.2935,1.3957,0.0001,1.5938,0.0002,3.0028,12.0,0.0723,1.0019,0.1202,2.3016,0.0523,1.9404,0.0539,1.9535,0.0,0.0,0.0,29.9894,25.0,25.0,38.0,37.0,12.0,0.0,0.0,0.0,0.0,62.5862,0.0,41.1863,0.0,0.0
9495.0,1.7435,0.0929,1.0,0.0795,1.2009,2.0553,1.0553,2.186,1.186,26.7398,2.0696,26.3557,2.0542,100.0,0.0,0.0,0.0,25.0,0.0,26.125,0.0,26.125,0.0,25.0,10.0,0.0,0.0086,52.5189,5.2519,2.0,69.3804,1.7365,0.2964,1.396,0.2946,1.3958,0.0001,1.5944,0.0002,3.0059,12.0,0.0666,1.0018,0.0981,2.2134,0.0508,1.9281,0.0524,1.9408,0.0,0.0,0.0,29.9896,25.0,25.0,38.0,37.0,13.0,0.0,0.0,0.0,0.0,62.5854,0.0,41.1865,0.0,0.0
9496.0,1.7426,0.0928,1.0,0.0796,1.2011,2.0553,1.0553,2.1858,1.1858,26.5959,2.0638,26.3494,2.054,100.0,0.0,0.0,0.0,25.0,0.0,26.25,0.0,26.125,0.0,25.125,10.0,0.0,0.0087,52.5189,5.2519,2.0,69.8682,1.7377,0.3249,1.3991,0.2831,1.3945,0.0001,1.5946,0.0002,3.0087,12.0,0.0685,1.0018,0.1028,2.234,0.0453,1.878,0.0544,1.9571,0.0,0.0,0.0,29.9895,25.0,25.0,38.0,37.0,14.0,0.0,0.0,0.0,0.0,62.5853,0.0,41.1866,0.0,0.0
9497.0,1.7436,0.093,1.0,0.0796,1.2013,2.0552,1.0552,2.1857,1.1857,26.5762,2.063,26.3655,2.0546,100.0,0.0,0.0,0.0,25.0,0.0,26.125,0.0,26.125,0.0,25.125,10.0,0.0,0.0086,52.5194,5.2519,2.0,69.3174,1.7363,0.2398,1.3898,0.2695,1.393,0.0001,1.5947,0.0002,3.0189,12.0,0.0672,1.0018,0.1176,2.2924,0.0478,1.9014,0.0458,1.8823,0.0,0.0,0.0,29.9893,25.0,25.0,38.0,37.0,14.0,0.0,0.0,0.0,0.0,62.5857,0.0,41.1863,0.0,0.0
9498.0,1.7437,0.093,1.0,0.0797,1.2014,2.0548,1.0548,2.1857,1.1857,26.7614,2.0705,26.3806,2.0552,100.0,0.0,0.0,0.0,25.0,0.0,26.125,0.0,26.125,0.0,25.0,10.0,0.0,0.0087,52.5198,5.252,2.0,69.5582,1.7369,0.2726,1.3934,0.2818,1.3944,0.0001,1.596,0.0002,3.0221,12.0,0.0643,1.0017,0.174,2.4624,0.0423,1.8478,0.0483,1.9061,0.0,0.0,0.0,29.9885,25.0,25.0,38.0,37.0,13.0,0.0,0.0,0.0,0.0,62.5858,0.0,41.1858,0.0,0.0
9499.0,1.7445,0.0931,1.0,0.0796,1.2011,2.0549,1.0549,2.1861,1.1861,26.8258,2.073,26.3677,2.0547,100.0,0.0,0.0,0.0,25.0,0.0,26.125,0.0,26.125,0.0,25.125,10.0,0.0,0.0088,52.5197,5.2519,2.0,70.3934,1.739,0.4043,1.4077,0.2641,1.3925,0.0001,1.5957,0.0002,3.0191,12.0,0.0649,1.0017,0.1728,2.4593,0.0436,1.8616,0.0438,1.863,0.0,0.0,0.0,29.989,25.0,25.0,38.0,37.0,13.0,0.0,0.0,0.0,0.0,62.5859,0.0,41.186,0.0,0.0
9500.0,1.7439,0.093,1.0,0.0794,1.2007,2.0553,1.0553,2.1861,1.1861,26.7519,2.0701,26.358,2.0543,100.0,0.0,0.0,0.0,24.875,0.0,26.125,0.0,26.25,0.0,25.125,10.0,0.0,0.0079,52.5196,5.2519,2.0,71.121,1.7408,0.371,1.4041,0.2722,1.3933,0.0001,1.5971,0.0002,3.0223,12.0,0.0661,1.0018,0.1544,2.4104,0.0366,1.7856,0.0405,1.8291,0.0,0.0,0.0,29.989,25.0,25.0,38.0,37.0,14.0,0.0,0.0,0.0,0.0,62.5857,0.0,41.1864,0.0,0.0
9501.0,1.7436,0.093,1.0,0.0794,1.2005,2.0554,1.0554,2.1859,1.1859,26.6295,2.0652,26.3525,2.0541,100.0,0.0,0.0,0.0,25.0,0.0,26.25,0.0,26.125,0.0,25.125,10.0,0.0,0.0091,52.5194,5.252,2.0,70.4038,1.739,0.2423,1.3901,0.2632,1.3923,0.0001,1.597,0.0002,3.0248,12.0,0.0658,1.0018,0.174,2.4624,0.0345,1.7595,0.0361,1.7794,0.0,0.0,0.0,29.9892,25.0,25.0,38.0,37.0,13.0,0.0,0.0,0.0,0.0,62.5861,0.0,41.1863,0.0,0.0
9502.0,1.7436,0.093,1.0,0.0797,1.2015,2.0553,1.0553,2.1858,1.1858,26.5687,2.0627,26.3605,2.0544,100.0,0.0,0.0,0.0,25.125,0.0,26.125,0.0,26.125,0.0,25.125,10.0,0.0,0.009,52.5196,5.252,2.0,70.0357,1.7381,0.1302,1.3778,0.2576,1.3917,0.0001,1.5976,0.0002,3.029,12.0,0.0637,1.0017,0.1511,2.4012,0.0362,1.7811,0.0507,1.9268,0.0,0.0,0.0,29.989,25.0,25.0,38.0,37.0,13.0,0.0,0.0,0.0,0.0,62.5855,0.0,41.186,0.0,0.0
9503.0,1.744,0.093,1.0,0.0795,1.2008,2.0548,1.0548,2.1856,1.1856,26.7161,2.0686,26.3791,2.0552,100.0,0.0,0.0,0.0,25.0,0.0,26.125,0.0,26.125,0.0,25.0,10.0,0.0,0.0085,52.5195,5.2519,2.0,68.7827,1.735,0.1072,1.3753,0.2595,1.3919,0.0001,1.5981,0.0002,3.0247,12.0,0.0659,1.0018,0.1519,2.4035,0.0313,1.718,0.0609,2.0064,0.0,0.0,0.0,29.9891,25.0,25.0,38.0,37.0,14.0,0.0,0.0,0.0,0.0,62.5856,0.0,41.1861,0.0,0.0
9504.0,1.7438,0.093,1.0,0.0795,1.2009,2.0551,1.0551,2.186,1.186,26.8153,2.0726,26.3704,2.0548,100.0,0.0,0.0,0.0,25.0,0.0,26.125,0.0,26.125,0.0,25.0,10.0,0.0,0.0092,52.5193,5.2519,2.0,69.2214,1.7361,0.1296,1.3778,0.2423,1.3901,0.0001,1.5979,0.0002,3.0339,12.0,0.0644,1.0017,0.134,2.3489,0.0317,1.7226,0.063,2.0213,0.0,0.0,0.0,29.9887,25.0,25.0,38.0,37.0,14.0,0.0,0.0,0.0,0.0,62.5856,0.0,41.1859,0.0,0.0
9505.0,1.7457,0.0932,1.0,0.0794,1.2005,2.0557,1.0557,2.1861,1.1861,26.753,2.0701,26.3573,2.0543,100.0,0.0,0.0,0.0,25.0,0.0,26.125,0.0,26.125,0.0,25.125,10.0,0.0,0.009,52.5196,5.252,2.0,70.4766,1.7392,0.2921,1.3955,0.2546,1.3914,0.0001,1.5991,0.0002,3.0366,12.0,0.065,1.0017,0.1374,2.36,0.0298,1.6965,0.0598,1.9989,0.0,0.0,0.0,29.9887,25.0,25.0,38.0,37.0,14.0,0.0,0.0,0.0,0.0,62.5855,0.0,41.1858,0.0,0.0
9506.0,1.7467,0.0933,1.0,0.0792,1.2001,2.0558,1.0558,2.186,1.186,26.6331,2.0653,26.3528,2.0541,100.0,0.0,0.0,0.0,24.875,0.0,26.125,0.0,26.125,0.0,25.125,10.0,0.0,0.0084,52.5195,5.252,2.0,71.4672,1.7416,0.2846,1.3947,0.2372,1.3895,0.0001,1.5989,0.0002,3.0385,12.0,0.0619,1.0016,0.1349,2.3518,0.0269,1.6512,0.0583,1.9875,0.0,0.0,0.0,29.9887,25.0,25.0,38.0,37.0,13.0,0.0,0.0,0.0,0.0,62.5851,0.0,41.1861,0.0,0.0
9507.0,1.7458,0.0932,1.0,0.0792,1.2001,2.0557,1.0557,2.1858,1.1858,26.561,2.0624,26.3695,2.0548,100.0,0.0,0.0,0.0,24.875,0.0,26.125,0.0,26.125,0.0,25.125,10.0,0.0,0.0084,52.5195,5.252,2.0,70.7684,1.7399,0.2496,1.3909,0.2478,1.3907,0.0001,1.5999,0.0002,3.0361,12.0,0.0634,1.0017,0.1552,2.4126,0.0264,1.644,0.0557,1.9675,0.0,0.0,0.0,29.9887,25.0,25.0,38.0,37.0,14.0,0.0,0.0,0.0,0.0,62.5855,0.0,41.1863,0.0,0.0
9508.0,1.7468,0.0933,1.0,0.0794,1.2005,2.0552,1.0552,2.1857,1.1857,26.6863,2.0675,26.3814,2.0553,100.0,0.0,0.0,0.0,25.0,0.0,26.125,0.0,26.125,0.0,25.125,10.0,0.0,0.0084,52.5194,5.2519,2.0,71.3885,1.7415,0.3097,1.3974,0.229,1.3886,0.0001,1.5997,0.0002,3.0376,12.0,0.062,1.0017,0.169,2.4498,0.0266,1.6471,0.0637,2.0259,0.0,0.0,0.0,29.9883,25.0,25.0,38.0,37.0,14.0,0.0,0.0,0.0,0.0,62.5852,0.0,41.1861,0.0,0.0
9509.0,1.7468,0.0934,1.0,0.0793,1.2003,2.0551,1.0551,2.186,1.186,26.8229,2.0729,26.3737,2.0549,100.0,0.0,0.0,0.0,25.0,0.0,26.125,0.0,26.25,0.0,25.125,10.0,0.0,0.0081,52.5194,5.2519,2.0,71.728,1.7423,0.2204,1.3877,0.2231,1.388,0.0001,1.6001,0.0002,3.0346,12.0,0.0625,1.0017,0.2421,2.6058,0.0238,1.5984,0.0613,2.0094,0.0,0.0,0.0,29.989,25.0,25.0,38.0,37.0,14.0,0.0,0.0,0.0,0.0,62.5857,0.0,41.1859,0.0,0.0
9510.0,1.7467,0.0933,1.0,0.0793,1.2005,2.0557,1.0557,2.1861,1.1861,26.7841,2.0714,26.3653,2.0546,100.0,0.0,0.0,0.0,24.875,0.0,26.125,0.0,26.25,0.0,25.125,10.0,0.0,0.0084,52.5197,5.2519,2.0,70.6462,1.7396,0.143,1.3792,0.223,1.388,0.0001,1.6004,0.0002,3.0369,12.0,0.0638,1.0017,0.2246,2.5732,0.024,1.6028,0.0595,1.9963,0.0,0.0,0.0,29.9886,25.0,25.0,38.0,37.0,16.0,0.0,0.0,0.0,0.0,62.5857,0.0,41.1868,0.0,0.0
9511.0,1.7467,0.0933,1.0,0.0795,1.2008,2.0557,1.0557,2.1861,1.1861,26.6756,2.067,26.3576,2.0543,100.0,0.0,0.0,0.0,25.125,0.0,26.125,0.0,26.125,0.0,25.0,10.0,0.0,0.0083,52.5196,5.252,2.0,70.8525,1.7401,0.1684,1.382,0.21,1.3865,0.0001,1.6006,0.0002,3.0466,12.0,0.0621,1.0017,0.1904,2.5016,0.0225,1.5741,0.0494,1.9158,0.0,0.0,0.0,29.9886,25.0,25.0,38.0,37.0,13.0,0.0,0.0,0.0,0.0,62.5858,0.0,41.1862,0.0,0.0
9512.0,1.7447,0.0931,1.0,0.0795,1.2009,2.0557,1.0557,2.1858,1.1858,26.5666,2.0627,26.3563,2.0543,100.0,0.0,0.0,0.0,25.0,0.0,26.125,0.0,26.25,0.0,25.125,10.0,0.0,0.008,52.5197,5.2519,2.0,71.2743,1.7412,0.2501,1.3909,0.2166,1.3873,0.0001,1.6012,0.0002,3.0467,12.0,0.0647,1.0017,0.2184,2.5611,0.0202,1.5278,0.0566,1.9748,0.0,0.0,0.0,29.9888,25.0,25.0,38.0,37.0,12.0,0.0,0.0,0.0,0.0,62.5857,0.0,41.1861,0.0,0.0
9513.0,1.745,0.0931,1.0,0.0794,1.2006,2.0554,1.0554,2.1857,1.1857,26.6325,2.0653,26.3735,2.0549,100.0,0.0,0.0,0.0,25.0,0.0,26.125,0.0,26.125,0.0,25.0,10.0,0.0,0.0088,52.5195,5.2519,2.0,71.1778,1.7409,0.1858,1.3839,0.2047,1.386,0.0001,1.6012,0.0002,3.052,12.0,0.0619,1.0016,0.2003,2.5236,0.0188,1.4949,0.0546,1.9592,0.0,0.0,0.0,29.9885,25.0,25.0,38.0,37.0,15.0,0.0,0.0,0.0,0.0,62.5856,0.0,41.1858,0.0,0.0
9514.0,1.7441,0.093,1.0,0.0793,1.2003,2.0548,1.0548,2.1859,1.1859,26.8213,2.0729,26.3742,2.055,100.0,0.0,0.0,0.0,24.875,0.0,26.125,0.0,26.25,0.0,25.0,10.0,0.0,0.0079,52.5198,5.252,2.0,71.3825,1.7414,0.1495,1.3799,0.2097,1.3865,0.0001,1.6018,0.0002,3.0479,12.0,0.0627,1.0017,0.166,2.4419,0.0183,1.4851,0.0568,1.9765,0.0,0.0,0.0,29.9887,25.0,25.0,38.0,37.0,14.0,0.0,0.0,0.0,0.0,62.5859,0.0,41.1862,0.0,0.0
9515.0,1.7446,0.0931,1.0,0.0795,1.2008,2.0556,1.0556,2.1862,1.1862,26.8089,2.0724,26.3615,2.0545,100.0,0.0,0.0,0.0,24.875,0.0,26.125,0.0,26.125,0.0,25.0,10.0,0.0,0.0085,52.5196,5.2519,2.0,71.3215,1.7413,0.2054,1.386,0.1957,1.385,0.0001,1.6018,0.0002,3.0544,12.0,0.0623,1.0017,0.1844,2.4876,0.0173,1.4588,0.0522,1.9395,0.0,0.0,0.0,29.9886,25.0,25.0,38.0,37.0,15.0,0.0,0.0,0.0,0.0,62.586,0.0,41.1859,0.0,0.0
9516.0,1.7446,0.0931,1.0,0.0794,1.2007,2.0556,1.0556,2.1861,1.1861,26.7002,2.068,26.3539,2.0542,100.0,0.0,0.0,0.0,25.0,0.0,26.125,0.0,26.125,0.0,25.125,10.0,0.0,0.0082,52.5196,5.252,2.0,71.66,1.7421,0.2048,1.386,0.2001,1.3855,0.0001,1.6023,0.0002,3.0569,12.0,0.0627,1.0017,0.1771,2.4699,0.017,1.453,0.0536,1.9514,0.0,0.0,0.0,29.989,25.0,25.0,38.0,37.0,16.0,0.0,0.0,0.0,0.0,62.586,0.0,41.1863,0.0,0.0
9517.0,1.7446,0.0931,1.0,0.0795,1.2008,2.0556,1.0556,2.1858,1.1858,26.575,2.063,26.3515,2.0541,100.0,0.0,0.0,0.0,25.0,0.0,26.125,0.0,26.25,0.0,25.0,10.0,0.0,0.0083,52.5201,5.252,2.0,72.28,1.7436,0.2403,1.3898,0.1932,1.3847,0.0001,1.6029,0.0002,3.0538,12.0,0.0712,1.0019,0.1573,2.4185,0.0168,1.4475,0.0635,2.0249,0.0,0.0,0.0,29.9888,25.0,25.0,38.0,37.0,16.0,0.0,0.0,0.0,0.0,62.5856,0.0,41.1864,0.0,0.0
9518.0,1.7456,0.0932,1.0,0.0794,1.2005,2.0551,1.0551,2.1857,1.1857,26.6275,2.0651,26.3731,2.0549,100.0,0.0,0.0,0.0,25.0,0.0,26.125,0.0,26.25,0.0,25.0,10.0,0.0,0.0083,52.5202,5.252,2.0,71.768,1.7424,0.1408,1.379,0.1931,1.3847,0.0001,1.6031,0.0002,3.0621,12.0,0.0695,1.0019,0.1608,2.4281,0.0146,1.3871,0.0593,1.9949,0.0,0.0,0.0,29.9889,25.0,25.0,38.0,37.0,14.0,0.0,0.0,0.0,0.0,62.5858,0.0,41.1862,0.0,0.0
9519.0,1.7466,0.0933,1.0,0.0792,1.2,2.0547,1.0547,2.1857,1.1857,26.7989,2.072,26.3794,2.0552,100.0,0.0,0.0,0.0,25.0,0.0,26.25,0.0,26.125,0.0,25.125,10.0,0.0,0.0078,52.5202,5.252,2.0,71.3234,1.7413,0.1059,1.3752,0.184,1.3837,0.0001,1.6034,0.0002,3.0641,12.0,0.0707,1.0019,0.2179,2.5602,0.0138,1.3628,0.052,1.938,0.0,0.0,0.0,29.9889,25.0,25.0,38.0,37.0,14.0,0.0,0.0,0.0,0.0,62.5858,0.0,41.1862,0.0,0.0
9520.0,1.7438,0.093,1.0,0.0794,1.2005,2.0555,1.0555,2.1862,1.1862,26.7975,2.0719,26.3686,2.0547,100.0,0.0,0.0,0.0,25.0,0.0,26.125,0.0,26.125,0.0,25.0,10.0,0.0,0.0088,52.5205,5.2521,2.0,70.4061,1.739,-0.0405,1.3592,0.1854,1.3839,0.0001,1.6036,0.0002,3.0651,12.0,0.0706,1.0019,0.1972,2.5168,0.0134,1.3504,0.0495,1.916,0.0,0.0,0.0,29.9889,25.0,25.0,38.0,37.0,15.0,0.0,0.0,0.0,0.0,62.5853,0.0,41.1864,0.0,0.0
9521.0,1.7437,0.093,1.0,0.0796,1.2012,2.056,1.056,2.1861,1.1861,26.7119,2.0685,26.3646,2.0546,100.0,0.0,0.0,0.0,24.875,0.0,26.125,0.0,26.125,0.0,25.125,10.0,0.0,0.0082,52.5201,5.252,2.0,69.6695,1.7372,-0.093,1.3535,0.1928,1.3847,0.0001,1.6045,0.0002,3.0661,12.0,0.0714,1.0019,0.1803,2.4777,0.0673,2.0498,0.051,1.9294,0.0,0.0,0.0,29.9887,25.0,25.0,38.0,37.0,14.0,0.0,0.0,0.0,0.0,62.5856,0.0,41.1861,0.0,0.0
9522.0,1.7447,0.0931,1.0,0.0797,1.2015,2.0557,1.0557,2.1859,1.1859,26.5871,2.0635,26.362,2.0545,100.0,0.0,0.0,0.0,25.0,0.0,26.125,0.0,26.125,0.0,25.125,10.0,0.0,0.0088,52.5202,5.252,2.0,69.7116,1.7373,-0.0776,1.3552,0.1758,1.3828,0.0001,1.604,0.0002,3.0633,12.0,0.0721,1.0019,0.1874,2.4945,0.0655,2.0381,0.0547,1.96,0.0,0.0,0.0,29.989,25.0,25.0,38.0,37.0,14.0,0.0,0.0,0.0,0.0,62.5859,0.0,41.1863,0.0,0.0
9523.0,1.7436,0.093,1.0,0.0798,1.2017,2.0554,1.0554,2.1857,1.1857,26.6103,2.0644,26.3792,2.0552,100.0,0.0,0.0,0.0,25.0,0.0,26.125,0.0,26.125,0.0,25.125,10.0,0.0,0.0087,52.5201,5.252,2.0,68.7961,1.735,-0.2515,1.3362,0.1852,1.3838,0.0001,1.6049,0.0002,3.0717,12.0,0.0721,1.0019,0.1858,2.491,0.0635,2.0245,0.048,1.9031,0.0,0.0,0.0,29.9889,25.0,25.0,38.0,37.0,14.0,0.0,0.0,0.0,0.0,62.5858,0.0,41.1865,0.0,0.0
9524.0,1.7438,0.093,1.0,0.0797,1.2014,2.0553,1.0553,2.1857,1.1857,26.782,2.0713,26.3899,2.0556,100.0,0.0,0.0,0.0,25.0,0.0,26.25,0.0,26.125,0.0,25.125,10.0,0.0,0.0082,52.5203,5.252,2.0,68.3663,1.7339,-0.1836,1.3436,0.1675,1.3819,0.0001,1.6047,0.0002,3.0724,12.0,0.0731,1.0019,0.1796,2.4762,0.0614,2.0097,0.0474,1.8977,0.0,0.0,0.0,29.9888,25.0,25.0,38.0,37.0,14.0,0.0,0.0,0.0,0.0,62.5853,0.0,41.1861,0.0,0.0
9525.0,1.7438,0.093,1.0,0.0799,1.202,2.0556,1.0556,2.1861,1.1861,26.821,2.0728,26.375,2.055,100.0,0.0,0.0,0.0,25.0,0.0,26.125,0.0,26.125,0.0,25.125,10.0,0.0,0.0083,52.5202,5.252,2.0,68.7596,1.7349,-0.0767,1.3553,0.173,1.3825,0.0001,1.6051,0.0002,3.0692,12.0,0.0724,1.0019,0.1655,2.4408,0.0567,1.9755,0.0459,1.884,0.0,0.0,0.0,29.9883,25.0,25.0,38.0,37.0,13.0,0.0,0.0,0.0,0.0,62.5852,0.0,41.186,0.0,0.0
9526.0,1.7395,0.0924,1.0,0.0799,1.2021,2.0558,1.0558,2.1861,1.1861,26.7384,2.0695,26.3659,2.0546,100.0,0.0,0.0,0.0,25.0,0.0,26.125,0.0,26.125,0.0,25.0,10.0,0.0,0.0086,52.5204,5.252,2.0,69.3368,1.7364,-0.0825,1.3546,0.1827,1.3836,0.0001,1.606,0.0002,3.0766,12.0,0.0734,1.002,0.2488,2.6177,0.0542,1.9562,0.0381,1.8023,0.0,0.0,0.0,29.9887,25.0,25.0,38.0,37.0,14.0,0.0,0.0,0.0,0.0,62.5854,0.0,41.1864,0.0,0.0
9527.0,1.7368,0.0921,1.0,0.0798,1.2016,2.0556,1.0556,2.186,1.186,26.6131,2.0645,26.3517,2.0541,100.0,0.0,0.0,0.0,25.0,0.0,26.25,0.0,26.125,0.0,25.125,10.0,0.0,0.0091,52.5204,5.2521,2.0,69.269,1.7362,-0.0354,1.3598,0.161,1.3812,0.0001,1.6055,0.0002,3.0784,12.0,0.0724,1.0019,0.2113,2.5468,0.0512,1.9313,0.0346,1.7615,0.0,0.0,0.0,29.9885,25.0,25.0,38.0,37.0,14.0,0.0,0.0,0.0,0.0,62.5854,0.0,41.1857,0.0,0.0
9528.0,1.7386,0.0923,1.0,0.0795,1.201,2.0552,1.0552,2.1861,1.1861,26.5888,2.0636,26.3616,2.0545,100.0,0.0,0.0,0.0,25.0,0.0,26.25,0.0,26.25,0.0,25.125,10.0,0.0,0.0084,52.5206,5.2521,2.0,69.3303,1.7364,-0.0442,1.3588,0.1687,1.382,0.0001,1.6059,0.0002,3.078,12.0,0.0644,1.0017,0.1972,2.5167,0.0462,1.8865,0.0511,1.9306,0.0,0.0,0.0,29.9886,25.0,25.0,38.0,37.0,13.0,0.0,0.0,0.0,0.0,62.5859,0.0,41.186,0.0,0.0
9529.0,1.7386,0.0923,1.0,0.0795,1.2008,2.0548,1.0548,2.186,1.186,26.7525,2.0701,26.3797,2.0552,100.0,0.0,0.0,0.0,25.0,0.0,26.125,0.0,26.125,0.0,25.125,10.0,0.0,0.009,52.5209,5.2521,2.0,69.622,1.7371,-0.046,1.3586,0.147,1.3797,0.0001,1.6053,0.0002,3.0858,12.0,0.066,1.0018,0.1673,2.4453,0.0457,1.8818,0.05,1.9208,0.0,0.0,0.0,29.9887,25.0,25.0,38.0,37.0,15.0,0.0,0.0,0.0,0.0,62.5854,0.0,41.1861,0.0,0.0
9530.0,1.7405,0.0926,1.0,0.0794,1.2006,2.0549,1.0549,2.1866,1.1866,26.8251,2.073,26.366,2.0546,100.0,0.0,0.0,0.0,25.0,0.0,26.125,0.0,26.25,0.0,25.0,10.0,0.0,0.0086,52.5206,5.2521,2.0,69.1356,1.7359,-0.0745,1.3555,0.1565,1.3807,0.0001,1.6061,0.0002,3.0813,12.0,0.0641,1.0017,0.1765,2.4685,0.0429,1.8542,0.0511,1.9305,0.0,0.0,0.0,29.9887,25.0,25.0,38.0,37.0,13.0,0.0,0.0,0.0,0.0,62.5857,0.0,41.186,0.0,0.0
9531.0,1.7425,0.0928,1.0,0.0794,1.2006,2.0553,1.0553,2.1864,1.1864,26.7499,2.07,26.3499,2.054,100.0,0.0,0.0,0.0,25.0,0.0,26.125,0.0,26.125,0.0,25.0,10.0,0.0,0.0088,52.5204,5.252,2.0,69.0783,1.7357,0.0052,1.3642,0.1579,1.3809,0.0001,1.6067,0.0002,3.0827,12.0,0.0643,1.0017,0.193,2.5074,0.0386,1.8081,0.0479,1.9026,0.0,0.0,0.0,29.9888,25.0,25.0,37.0,37.0,14.0,0.0,0.0,0.0,0.0,62.5855,0.0,41.1863,0.0,0.0
9532.0,1.7445,0.0931,1.0,0.0794,1.2007,2.0555,1.0555,2.1864,1.1864,26.6306,2.0652,26.3516,2.0541,100.0,0.0,0.0,0.0,25.0,0.0,26.125,0.0,26.25,0.0,25.125,10.0,0.0,0.0088,52.5205,5.252,2.0,69.8864,1.7378,0.051,1.3692,0.1439,1.3793,0.0001,1.6062,0.0002,3.0898,12.0,0.0633,1.0017,0.1452,2.3838,0.0387,1.8097,0.0455,1.88,0.0,0.0,0.0,29.9886,25.0,25.0,37.0,37.0,14.0,0.0,0.0,0.0,0.0,62.5859,0.0,41.1863,0.0,0.0
9533.0,1.7457,0.0932,1.0,0.0792,1.2001,2.0557,1.0557,2.1857,1.1857,26.5853,2.0634,26.3727,2.0549,100.0,0.0,0.0,0.0,25.0,0.0,26.125,0.0,26.125,0.0,25.125,10.0,0.0,0.0085,52.5209,5.2521,2.0,69.9335,1.7379,0.0518,1.3693,0.1524,1.3803,0.0001,1.607,0.0002,3.0904,12.0,0.0621,1.0017,0.1349,2.352,0.0352,1.7685,0.0385,1.8075,0.0,0.0,0.0,29.989,25.0,25.0,37.0,37.0,14.0,0.0,0.0,0.0,0.0,62.5858,0.0,41.1862,0.0,0.0
9534.0,1.7442,0.093,1.0,0.0791,1.1999,2.0552,1.0552,2.1857,1.1857,26.7098,2.0684,26.388,2.0555,100.0,0.0,0.0,0.0,25.0,0.0,26.25,0.0,26.25,0.0,25.25,10.0,0.0,0.0086,52.5208,5.2521,2.0,69.7344,1.7374,-0.0065,1.3629,0.131,1.3779,0.0001,1.6063,0.0002,3.0854,12.0,0.0643,1.0017,0.1613,2.4295,0.0363,1.7818,0.0429,1.8545,0.0,0.0,0.0,29.9884,25.0,25.0,37.0,37.0,12.0,0.0,0.0,0.0,0.0,62.5858,0.0,41.1865,0.0,0.0
9535.0,1.7426,0.0928,1.0,0.0792,1.2001,2.055,1.055,2.1862,1.1862,26.8259,2.073,26.3708,2.0548,100.0,0.0,0.0,0.0,25.0,0.0,26.25,0.0,26.125,0.0,25.125,10.0,0.0,0.0081,52.5208,5.2521,2.0,69.1706,1.736,-0.0669,1.3563,0.1391,1.3788,0.0001,1.6071,0.0002,3.0934,12.0,0.0629,1.0017,0.1405,2.3694,0.0344,1.7581,0.0404,1.8287,0.0,0.0,0.0,29.9882,25.0,25.0,38.0,37.0,12.0,0.0,0.0,0.0,0.0,62.5856,0.0,41.1863,0.0,0.0
9536.0,1.7425,0.0928,1.0,0.0795,1.2008,2.0553,1.0553,2.1865,1.1865,26.7631,2.0705,26.3485,2.0539,100.0,0.0,0.0,0.0,25.0,0.0,26.25,0.0,26.125,0.0,25.125,10.0,0.0,0.0088,52.5206,5.2521,2.0,69.0574,1.7357,-0.0553,1.3576,0.1478,1.3798,0.0001,1.6077,0.0002,3.1005,12.0,0.0623,1.0017,0.1265,2.3241,0.0333,1.7448,0.0391,1.8142,0.0,0.0,0.0,29.989,26.0,25.0,38.0,37.0,16.0,0.0,0.0,0.0,0.0,62.5861,0.0,41.1861,0.0,0.0
9537.0,1.7426,0.0928,1.0,0.0794,1.2007,2.0553,1.0553,2.186,1.186,26.6542,2.0662,26.3539,2.0542,100.0,0.0,0.0,0.0,25.0,0.0,26.25,0.0,26.125,0.0,25.0,10.0,0.0,0.0087,52.5204,5.252,2.0,68.7455,1.7349,-0.0838,1.3545,0.1564,1.3807,0.0001,1.6082,0.0002,3.1012,12.0,0.0651,1.0017,0.1265,2.3241,0.028,1.6682,0.0365,1.7841,0.0,0.0,0.0,29.9885,26.0,25.0,38.0,37.0,13.0,0.0,0.0,0.0,0.0,62.5858,0.0,41.1863,0.0,0.0
9538.0,1.7434,0.0929,1.0,0.0794,1.2005,2.0556,1.0556,2.1858,1.1858,26.5672,2.0627,26.36,2.0544,100.0,0.0,0.0,0.0,25.0,0.0,26.125,0.0,26.25,0.0,25.125,10.0,0.0,0.0088,52.5209,5.2521,2.0,68.3381,1.7339,-0.138,1.3486,0.1322,1.3781,0.0001,1.6079,0.0002,3.1007,12.0,0.0671,1.0018,0.1926,2.5064,0.0274,1.6589,0.0385,1.8072,0.0,0.0,0.0,29.9891,26.0,25.0,38.0,37.0,14.0,0.0,0.0,0.0,0.0,62.5856,0.0,41.1864,0.0,0.0
9539.0,1.7434,0.0929,1.0,0.0796,1.2012,2.0552,1.0552,2.1856,1.1856,26.6882,2.0675,26.3872,2.0555,100.0,0.0,0.0,0.0,25.0,0.0,26.125,0.0,26.125,0.0,25.0,10.0,0.0,0.0084,52.5206,5.2521,2.0,68.4495,1.7341,-0.1118,1.3514,0.1415,1.3791,0.0001,1.6085,0.0002,3.1081,12.0,0.0722,1.0019,0.1961,2.5143,0.0274,1.6602,0.0364,1.7832,0.0,0.0,0.0,29.9885,26.0,25.0,38.0,37.0,14.0,0.0,0.0,0.0,0.0,62.5854,0.0,41.1863,0.0,0.0
9540.0,1.7426,0.0928,1.0,0.0798,1.2016,2.0551,1.0551,2.1859,1.1859,26.8242,2.073,26.3819,2.0553,100.0,0.0,0.0,0.0,25.0,0.0,26.125,0.0,26.125,0.0,25.25,10.0,0.0,0.0082,52.521,5.2521,2.0,68.1544,1.7334,-0.1554,1.3467,0.1496,1.38,0.0001,1.6091,0.0002,3.1025,12.0,0.0729,1.0019,0.1619,2.4312,0.0253,1.6244,0.0476,1.8999,0.0,0.0,0.0,29.9887,25.0,25.0,38.0,37.0,13.0,0.0,0.0,0.0,0.0,62.5859,0.0,41.1863,0.0,0.0
9541.0,1.7416,0.0927,1.0,0.0796,1.2013,2.0557,1.0557,2.1862,1.1862,26.7801,2.0712,26.3692,2.0548,100.0,0.0,0.0,0.0,25.0,0.0,26.125,0.0,26.25,0.0,25.125,10.0,0.0,0.0087,52.5211,5.2521,2.0,67.9842,1.733,-0.1388,1.3485,0.1259,1.3774,0.0001,1.6085,0.0002,3.1047,12.0,0.073,1.0019,0.1433,2.378,0.0258,1.6332,0.0433,1.8584,0.0,0.0,0.0,29.9887,25.0,25.0,38.0,37.0,12.0,0.0,0.0,0.0,0.0,62.586,0.0,41.1865,0.0,0.0
9542.0,1.7395,0.0924,1.0,0.0797,1.2014,2.0558,1.0558,2.1861,1.1861,26.6666,2.0667,26.3539,2.0542,100.0,0.0,0.0,0.0,25.0,0.0,26.375,0.0,26.125,0.0,25.125,10.0,0.0,0.0085,52.5212,5.2521,2.0,68.8935,1.7353,0.0203,1.3658,0.1324,1.3781,0.0001,1.609,0.0003,3.1096,12.0,0.074,1.002,0.155,2.4122,0.023,1.5827,0.0415,1.8399,0.0,0.0,0.0,29.9884,25.0,25.0,38.0,37.0,14.0,0.0,0.0,0.0,0.0,62.5857,0.0,41.1864,0.0,0.0
9543.0,1.7413,0.0927,1.0,0.0795,1.201,2.0554,1.0554,2.1862,1.1862,26.569,2.0628,26.3501,2.054,100.0,0.0,0.0,0.0,25.0,0.0,26.25,0.0,26.25,0.0,25.125,10.0,0.0,0.0082,52.5212,5.2521,2.0,69.1582,1.7359,-0.008,1.3628,0.1396,1.3789,0.0001,1.6095,0.0002,3.1082,12.0,0.0735,1.002,0.1439,2.38,0.0209,1.5419,0.0425,1.8506,0.0,0.0,0.0,29.9887,25.0,25.0,38.0,37.0,14.0,0.0,0.0,0.0,0.0,62.5852,0.0,41.1862,0.0,0.0
9544.0,1.7407,0.0926,1.0,0.0794,1.2007,2.0549,1.0549,2.1861,1.1861,26.6632,2.0665,26.3666,2.0547,100.0,0.0,0.0,0.0,25.0,0.0,26.125,0.0,26.25,0.0,25.125,10.0,0.0,0.0085,52.5211,5.2521,2.0,69.9965,1.738,0.1332,1.3782,0.1448,1.3794,0.0001,1.6099,0.0003,3.1151,12.0,0.0719,1.0019,0.1495,2.3964,0.0201,1.5248,0.0419,1.844,0.0,0.0,0.0,29.9883,25.0,25.0,38.0,37.0,16.0,0.0,0.0,0.0,0.0,62.5856,0.0,41.1861,0.0,0.0
9545.0,1.741,0.0926,1.0,0.0794,1.2007,2.0547,1.0547,2.1861,1.1861,26.8127,2.0725,26.3756,2.055,100.0,0.0,0.0,0.0,25.0,0.0,26.125,0.0,26.125,0.0,25.125,10.0,0.0,0.0081,52.5211,5.2521,2.0,69.9586,1.7379,0.0724,1.3715,0.1269,1.3775,0.0001,1.6098,0.0003,3.1104,12.0,0.0673,1.0018,0.2171,2.5585,0.0184,1.4871,0.038,1.8012,0.0,0.0,0.0,29.9884,25.0,25.0,38.0,37.0,15.0,0.0,0.0,0.0,0.0,62.5851,0.0,41.186,0.0,0.0
9546.0,1.7416,0.0927,1.0,0.0795,1.201,2.0552,1.0552,2.1861,1.1861,26.7991,2.072,26.3598,2.0544,100.0,0.0,0.0,0.0,25.0,0.0,26.0,0.0,26.125,0.0,25.0,10.0,0.0,0.0085,52.5214,5.2522,2.0,70.3399,1.7389,0.1358,1.3784,0.1251,1.3773,0.0001,1.6098,0.0003,3.1161,12.0,0.0685,1.0018,0.2027,2.5288,0.0192,1.5043,0.0492,1.9137,0.0,0.0,0.0,29.9885,25.0,25.0,38.0,37.0,14.0,0.0,0.0,0.0,0.0,62.5851,0.0,41.1859,0.0,0.0
9547.0,1.7405,0.0926,1.0,0.0795,1.2009,2.0554,1.0554,2.1863,1.1863,26.7,2.068,26.3551,2.0542,100.0,0.0,0.0,0.0,25.0,0.0,26.125,0.0,26.125,0.0,25.0,10.0,0.0,0.0085,52.5211,5.2521,2.0,69.9649,1.738,0.091,1.3736,0.1311,1.3779,0.0001,1.6103,0.0003,3.1174,12.0,0.0664,1.0018,0.1795,2.476,0.0175,1.4648,0.0456,1.8805,0.0,0.0,0.0,29.9886,25.0,25.0,38.0,37.0,14.0,0.0,0.0,0.0,0.0,62.5856,0.0,41.1861,0.0,0.0
9548.0,1.7415,0.0927,1.0,0.0796,1.2011,2.0553,1.0553,2.1859,1.1859,26.5765,2.0631,26.3522,2.0541,100.0,0.0,0.0,0.0,25.0,0.0,26.25,0.0,26.375,0.0,25.125,10.0,0.0,0.0084,52.5211,5.2521,2.0,69.5663,1.737,0.0178,1.3656,0.1358,1.3784,0.0001,1.6107,0.0003,3.1234,12.0,0.0669,1.0018,0.1906,2.5021,0.0181,1.4802,0.0634,2.024,0.0,0.0,0.0,29.9885,25.0,25.0,38.0,37.0,13.0,0.0,0.0,0.0,0.0,62.5855,0.0,41.1864,0.0,0.0
9549.0,1.7426,0.0928,1.0,0.0796,1.2013,2.0549,1.0549,2.1859,1.1859,26.6389,2.0656,26.3674,2.0547,100.0,0.0,0.0,0.0,25.0,0.0,26.125,0.0,26.125,0.0,25.125,10.0,0.0,0.0082,52.5216,5.2522,2.0,68.8893,1.7353,-0.053,1.3579,0.1114,1.3758,0.0001,1.61,0.0003,3.1204,12.0,0.065,1.0017,0.1697,2.4515,0.0165,1.4397,0.0653,2.0365,0.0,0.0,0.0,29.9886,25.0,25.0,38.0,37.0,13.0,0.0,0.0,0.0,0.0,62.5856,0.0,41.186,0.0,0.0
9550.0,1.7427,0.0928,1.0,0.0793,1.2004,2.0547,1.0547,2.186,1.186,26.801,2.072,26.3774,2.0551,100.0,0.0,0.0,0.0,25.0,0.0,26.125,0.0,26.125,0.0,25.125,10.0,0.0,0.0088,52.5215,5.2521,2.0,68.4308,1.7341,-0.0994,1.3528,0.1174,1.3764,0.0001,1.6103,0.0003,3.1125,12.0,0.0657,1.0018,0.1511,2.401,0.0163,1.4339,0.0571,1.9781,0.0,0.0,0.0,29.9886,25.0,25.0,38.0,37.0,15.0,0.0,0.0,0.0,0.0,62.586,0.0,41.1867,0.0,0.0
9551.0,1.7436,0.0929,1.0,0.0794,1.2006,2.0554,1.0554,2.1862,1.1862,26.8026,2.0721,26.3616,2.0545,100.0,0.0,0.0,0.0,25.0,0.0,26.125,0.0,26.25,0.0,25.125,10.0,0.0,0.0087,52.5214,5.2521,2.0,68.2011,1.7335,-0.0265,1.3607,0.1224,1.377,0.0001,1.6108,0.0003,3.1271,12.0,0.0688,1.0018,0.1479,2.3918,0.0146,1.3875,0.0547,1.9597,0.0,0.0,0.0,29.9883,25.0,25.0,38.0,37.0,13.0,0.0,0.0,0.0,0.0,62.5853,0.0,41.1864,0.0,0.0
9552.0,1.7436,0.093,1.0,0.0793,1.2003,2.0558,1.0558,2.186,1.186,26.7146,2.0686,26.3559,2.0542,100.0,0.0,0.0,0.0,25.0,0.0,26.125,0.0,26.125,0.0,25.125,10.0,0.0,0.0084,52.5214,5.2521,2.0,69.183,1.736,0.0313,1.367,0.1204,1.3768,0.0001,1.6113,0.0003,3.13,12.0,0.0671,1.0018,0.2449,2.6109,0.0133,1.3453,0.0496,1.9173,0.0,0.0,0.0,29.9883,25.0,25.0,38.0,37.0,12.0,0.0,0.0,0.0,0.0,62.5852,0.0,41.1866,0.0,0.0
9553.0,1.7446,0.0931,1.0,0.0795,1.2009,2.0556,1.0556,2.186,1.186,26.5759,2.063,26.352,2.0541,100.0,0.0,0.0,0.0,25.0,0.0,26.125,0.0,26.25,0.0,25.125,10.0,0.0,0.0082,52.5214,5.2522,2.0,69.4798,1.7367,0.0409,1.3681,0.1041,1.375,0.0001,1.6108,0.0003,3.129,12.0,0.0699,1.0019,0.1756,2.4665,0.0133,1.3445,0.0531,1.9467,0.0,0.0,0.0,29.988,25.0,25.0,38.0,37.0,12.0,0.0,0.0,0.0,0.0,62.5856,0.0,41.1861,0.0,0.0
9554.0,1.7447,0.0931,1.0,0.0792,1.2001,2.0555,1.0555,2.1857,1.1857,26.5916,2.0637,26.3718,2.0549,100.0,0.0,0.0,0.0,25.0,0.0,26.125,0.0,26.25,0.0,25.125,10.0,0.0,0.0078,52.5216,5.2522,2.0,69.2539,1.7362,-0.0139,1.3621,0.1094,1.3756,0.0001,1.6112,0.0003,3.1226,12.0,0.0704,1.0019,0.2038,2.5311,0.0121,1.3056,0.0607,2.0049,0.0,0.0,0.0,29.9883,25.0,25.0,38.0,37.0,14.0,0.0,0.0,0.0,0.0,62.5851,0.0,41.186,0.0,0.0
9555.0,1.7463,0.0933,1.0,0.0796,1.2011,2.0551,1.0551,2.1855,1.1855,26.7717,2.0709,26.3916,2.0557,100.0,0.0,0.0,0.0,25.0,0.0,26.125,0.0,26.125,0.0,25.125,10.0,0.0,0.0078,52.5217,5.2522,2.0,68.9389,1.7354,-0.0614,1.3569,0.1142,1.3761,0.0001,1.6116,0.0003,3.133,12.0,0.0709,1.0019,0.1931,2.5077,0.0123,1.3121,0.0608,2.0055,0.0,0.0,0.0,29.9885,25.0,25.0,38.0,37.0,13.0,0.0,0.0,0.0,0.0,62.5853,0.0,41.1861,0.0,0.0
9556.0,1.7478,0.0935,1.0,0.0794,1.2005,2.0554,1.0554,2.1861,1.1861,26.8188,2.0728,26.3655,2.0546,100.0,0.0,0.0,0.0,25.0,0.0,26.125,0.0,26.25,0.0,25.125,10.0,0.0,0.0082,52.5215,5.2522,2.0,68.6533,1.7347,-0.0305,1.3603,0.097,1.3742,0.0001,1.6112,0.0003,3.1274,12.0,0.0693,1.0018,0.1668,2.4442,0.0112,1.2702,0.0506,1.9256,0.0,0.0,0.0,29.9884,25.0,25.0,38.0,37.0,13.0,0.0,0.0,0.0,0.0,62.5855,0.0,41.186,0.0,0.0
9557.0,1.7482,0.0935,1.0,0.0798,1.2016,2.0558,1.0558,2.1861,1.1861,26.7371,2.0695,26.3611,2.0544,100.0,0.0,0.0,0.0,25.0,0.0,26.125,0.0,26.375,0.0,25.125,10.0,0.0,0.0084,52.5216,5.2522,2.0,69.351,1.7364,0.1066,1.3753,0.0965,1.3742,0.0001,1.6113,0.0003,3.1345,12.0,0.0736,1.002,0.1606,2.4276,0.0116,1.2852,0.0547,1.96,0.0,0.0,0.0,29.9882,25.0,25.0,38.0,37.0,14.0,0.0,0.0,0.0,0.0,62.5853,0.0,41.186,0.0,0.0
9558.0,1.7503,0.0938,1.0,0.0798,1.2017,2.0558,1.0558,2.1859,1.1859,26.6108,2.0644,26.3563,2.0543,100.0,0.0,0.0,0.0,25.125,0.0,26.125,0.0,26.125,0.0,25.125,10.0,0.0,0.0083,52.5218,5.2522,2.0,70.29,1.7388,0.1456,1.3795,0.1027,1.3748,0.0001,1.6117,0.0003,3.1339,12.0,0.0728,1.0019,0.1563,2.4157,0.0104,1.2407,0.0643,2.0298,0.0,0.0,0.0,29.9879,25.0,25.0,38.0,37.0,14.0,0.0,0.0,0.0,0.0,62.5857,0.0,41.1866,0.0,0.0
9559.0,1.7498,0.0937,1.0,0.0798,1.2017,2.0554,1.0554,2.1857,1.1857,26.5795,2.0632,26.3676,2.0547,100.0,0.0,0.0,0.0,25.0,0.0,26.125,0.0,26.25,0.0,25.0,10.0,0.0,0.0092,52.5219,5.2522,2.0,71.0345,1.7406,0.1826,1.3836,0.1083,1.3754,0.0001,1.6121,0.0003,3.1322,12.0,0.0751,1.002,0.1408,2.3705,0.0103,1.2351,0.0617,2.0121,0.0,0.0,0.0,29.988,25.0,25.0,38.0,37.0,14.0,0.0,0.0,0.0,0.0,62.5858,0.0,41.186,0.0,0.0
9560.0,1.7498,0.0937,1.0,0.0795,1.201,2.0547,1.0547,2.1859,1.1859,26.7224,2.0689,26.3809,2.0552,100.0,0.0,0.0,0.0,25.0,0.0,26.25,0.0,26.25,0.0,25.125,10.0,0.0,0.0087,52.522,5.2522,2.0,70.9604,1.7404,0.2117,1.3867,0.1042,1.375,0.0001,1.6123,0.0003,3.1286,12.0,0.0697,1.0019,0.1492,2.3955,0.009,1.1769,0.0765,2.1053,0.0,0.0,0.0,29.9879,26.0,25.0,38.0,37.0,13.0,0.0,0.0,0.0,0.0,62.5858,0.0,41.1863,0.0,0.0
9561.0,1.7501,0.0938,1.0,0.0793,1.2003,2.055,1.055,2.1861,1.1861,26.8171,2.0727,26.3635,2.0545,100.0,0.0,0.0,0.0,25.0,0.0,26.125,0.0,26.125,0.0,25.25,10.0,0.0,0.0085,52.5219,5.2522,2.0,71.0854,1.7407,0.1619,1.3813,0.0849,1.3729,0.0001,1.6115,0.0003,3.1367,12.0,0.0643,1.0017,0.1242,2.316,0.0595,1.9967,0.0762,2.1039,0.0,0.0,0.0,29.9881,26.0,25.0,38.0,37.0,15.0,0.0,0.0,0.0,0.0,62.5852,0.0,41.1864,0.0,0.0
9562.0,1.7509,0.0939,1.0,0.0794,1.2006,2.0553,1.0553,2.1861,1.1861,26.7476,2.0699,26.3517,2.0541,100.0,0.0,0.0,0.0,25.0,0.0,26.125,0.0,26.25,0.0,25.0,10.0,0.0,0.0082,52.5218,5.2522,2.0,70.4627,1.7392,0.1504,1.38,0.091,1.3736,0.0001,1.6118,0.0003,3.1331,12.0,0.0612,1.0016,0.1413,2.3719,0.0589,1.9922,0.0734,2.0877,0.0,0.0,0.0,29.9882,26.0,25.0,38.0,37.0,14.0,0.0,0.0,0.0,0.0,62.5855,0.0,41.1862,0.0,0.0
9563.0,1.7509,0.0939,1.0,0.0793,1.2004,2.0554,1.0554,2.1862,1.1862,26.6376,2.0655,26.3533,2.0541,100.0,0.0,0.0,0.0,25.125,0.0,26.25,0.0,26.125,0.0,25.125,10.0,0.0,0.0084,52.522,5.2522,2.0,71.2122,1.741,0.2071,1.3862,0.0973,1.3743,0.0001,1.6122,0.0003,3.1354,12.0,0.0645,1.0017,0.1161,2.2867,0.0552,1.964,0.0684,2.0572,0.0,0.0,0.0,29.9882,26.0,25.0,38.0,37.0,14.0,0.0,0.0,0.0,0.0,62.5856,0.0,41.1866,0.0,0.0
9564.0,1.7538,0.0942,1.0,0.0796,1.201,2.0553,1.0553,2.1861,1.1861,26.5733,2.0629,26.3631,2.0545,100.0,0.0,0.0,0.0,25.0,0.0,26.125,0.0,26.25,0.0,25.125,10.0,0.0,0.0085,52.522,5.2522,2.0,71.9429,1.7428,0.2916,1.3955,0.0731,1.3716,0.0001,1.6114,0.0003,3.1303,12.0,0.0663,1.0018,0.108,2.2553,0.0576,1.9819,0.0597,1.998,0.0,0.0,0.0,29.9884,26.0,25.0,38.0,37.0,14.0,0.0,0.0,0.0,0.0,62.5852,0.0,41.1864,0.0,0.0
9565.0,1.7549,0.0944,1.0,0.0794,1.2006,2.0552,1.0552,2.1857,1.1857,26.6892,2.0676,26.3872,2.0555,100.0,0.0,0.0,0.0,25.0,0.0,26.0,0.0,26.25,0.0,25.125,10.0,0.0,0.0085,52.5219,5.2522,2.0,72.7373,1.7447,0.3317,1.3998,0.0778,1.3721,0.0001,1.6118,0.0003,3.1383,12.0,0.0699,1.0019,0.1758,2.467,0.052,1.9381,0.0541,1.955,0.0,0.0,0.0,29.9882,25.0,25.0,38.0,37.0,15.0,0.0,0.0,0.0,0.0,62.586,0.0,41.1866,0.0,0.0
9566.0,1.7551,0.0944,1.0,0.0794,1.2006,2.0551,1.0551,2.186,1.186,26.8154,2.0726,26.3794,2.0552,100.0,0.0,0.0,0.0,25.0,0.0,26.25,0.0,26.25,0.0,25.125,10.0,0.0,0.0083,52.5219,5.2522,2.0,73.3872,1.7462,0.3898,1.4062,0.0857,1.373,0.0001,1.6123,0.0003,3.1356,12.0,0.0693,1.0018,0.1806,2.4785,0.0495,1.9167,0.0546,1.9592,0.0,0.0,0.0,29.9889,25.0,25.0,38.0,37.0,12.0,0.0,0.0,0.0,0.0,62.5852,0.0,41.1862,0.0,0.0
9567.0,1.7532,0.0942,1.0,0.0795,1.2009,2.0555,1.0555,2.1861,1.1861,26.7693,2.0708,26.3591,2.0544,100.0,0.0,0.0,0.0,25.125,0.0,26.125,0.0,26.25,0.0,25.0,10.0,0.0,0.0088,52.522,5.2522,2.0,73.4251,1.7463,0.3301,1.3996,0.0917,1.3736,0.0001,1.6129,0.0003,3.1421,12.0,0.072,1.0019,0.1832,2.4847,0.0456,1.8804,0.0576,1.9823,0.0,0.0,0.0,29.9876,25.0,25.0,38.0,37.0,14.0,0.0,0.0,0.0,0.0,62.5855,0.0,41.186,0.0,0.0
9568.0,1.7514,0.0939,1.0,0.0795,1.2008,2.0554,1.0554,2.186,1.186,26.6663,2.0667,26.3534,2.0541,100.0,0.0,0.0,0.0,25.0,0.0,26.125,0.0,26.125,0.0,25.125,10.0,0.0,0.0089,52.5218,5.2522,2.0,73.4343,1.7464,0.4088,1.4082,0.0964,1.3742,0.0001,1.6132,0.0003,3.1385,12.0,0.0718,1.0019,0.2462,2.6132,0.0413,1.8377,0.0667,2.0462,0.0,0.0,0.0,29.9877,25.0,25.0,38.0,37.0,13.0,0.0,0.0,0.0,0.0,62.585,0.0,41.1861,0.0,0.0
9569.0,1.7509,0.0939,1.0,0.0795,1.2009,2.0553,1.0553,2.1858,1.1858,26.5679,2.0627,26.3574,2.0543,100.0,0.0,0.0,0.0,25.0,0.0,26.25,0.0,26.125,0.0,25.125,10.0,0.0,0.0082,52.5222,5.2522,2.0,74.906,1.7498,0.5368,1.4222,0.1008,1.3746,0.0001,1.6134,0.0003,3.1457,12.0,0.0706,1.0019,0.2494,2.6188,0.0389,1.8118,0.0635,2.0248,0.0,0.0,0.0,29.988,25.0,25.0,38.0,37.0,14.0,0.0,0.0,0.0,0.0,62.5854,0.0,41.186,0.0,0.0
9570.0,1.7504,0.0938,1.0,0.0797,1.2014,2.0549,1.0549,2.1861,1.1861,26.6735,2.0669,26.3761,2.055,100.0,0.0,0.0,0.0,25.0,0.0,26.125,0.0,26.125,0.0,25.125,10.0,0.0,0.008,52.522,5.2522,2.0,76.0469,1.7524,0.5458,1.4232,0.1043,1.375,0.0001,1.6139,0.0003,3.1372,12.0,0.0726,1.0019,0.185,2.489,0.042,1.8451,0.0556,1.9671,0.0,0.0,0.0,29.9884,25.0,25.0,38.0,37.0,13.0,0.0,0.0,0.0,0.0,62.5859,0.0,41.1863,0.0,0.0
9571.0,1.7499,0.0937,1.0,0.0796,1.2013,2.0551,1.0551,2.1859,1.1859,26.8225,2.0729,26.3725,2.0549,100.0,0.0,0.0,0.0,25.0,0.0,26.125,0.0,26.25,0.0,25.125,10.0,0.0,0.0083,52.5223,5.2522,2.0,75.8405,1.752,0.4318,1.4107,0.1058,1.3752,0.0001,1.6143,0.0003,3.1497,12.0,0.0734,1.002,0.1873,2.4943,0.0372,1.7928,0.0582,1.9869,0.0,0.0,0.0,29.9884,25.0,25.0,38.0,37.0,15.0,0.0,0.0,0.0,0.0,62.5857,0.0,41.186,0.0,0.0
9572.0,1.7505,0.0938,1.0,0.0794,1.2007,2.0556,1.0556,2.1862,1.1862,26.7805,2.0712,26.3698,2.0548,100.0,0.0,0.0,0.0,25.0,0.0,26.125,0.0,26.25,0.0,25.125,10.0,0.0,0.0093,52.5228,5.2523,2.0,75.6803,1.7516,0.4078,1.4081,0.1073,1.3753,0.0001,1.6141,0.0003,3.1458,12.0,0.0662,1.0018,0.1742,2.4629,0.0334,1.7458,0.055,1.9621,0.0,0.0,0.0,29.9882,25.0,25.0,38.0,37.0,12.0,0.0,0.0,0.0,0.0,62.5857,0.0,41.186,0.0,0.0
9573.0,1.7502,0.0938,1.0,0.0793,1.2003,2.0556,1.0556,2.1861,1.1861,26.6691,2.0668,26.3551,2.0542,100.0,0.0,0.0,0.0,25.125,0.0,26.125,0.0,26.125,0.0,25.0,10.0,0.0,0.0083,52.5225,5.2522,2.0,75.0799,1.7502,0.2213,1.3878,0.1083,1.3754,0.0001,1.6146,0.0003,3.1497,12.0,0.0636,1.0017,0.1989,2.5205,0.034,1.7528,0.057,1.9778,0.0,0.0,0.0,29.9879,25.0,25.0,38.0,37.0,14.0,0.0,0.0,0.0,0.0,62.5858,0.0,41.1857,0.0,0.0
9574.0,1.7523,0.094,1.0,0.0794,1.2005,2.0558,1.0558,2.1858,1.1858,26.5596,2.0624,26.3528,2.0541,100.0,0.0,0.0,0.0,25.0,0.0,26.125,0.0,26.125,0.0,25.25,10.0,0.0,0.0085,52.5227,5.2523,2.0,74.022,1.7477,0.1918,1.3846,0.1076,1.3754,0.0001,1.6146,0.0003,3.1465,12.0,0.0631,1.0017,0.195,2.5118,0.0328,1.7373,0.0526,1.9428,0.0,0.0,0.0,29.9878,25.0,25.0,38.0,37.0,14.0,0.0,0.0,0.0,0.0,62.5854,0.0,41.186,0.0,0.0
9575.0,1.754,0.0943,1.0,0.0794,1.2007,2.0553,1.0553,2.1857,1.1857,26.6257,2.065,26.3742,2.055,100.0,0.0,0.0,0.0,25.0,0.0,26.125,0.0,26.125,0.0,25.0,10.0,0.0,0.008,52.5227,5.2523,2.0,74.0202,1.7477,0.1589,1.381,0.0807,1.3724,0.0001,1.6137,0.0003,3.153,12.0,0.0634,1.0017,0.1682,2.4476,0.0292,1.687,0.0491,1.9132,0.0,0.0,0.0,29.9883,25.0,25.0,38.0,37.0,13.0,0.0,0.0,0.0,0.0,62.5861,0.0,41.1866,0.0,0.0
9576.0,1.7521,0.094,1.0,0.0793,1.2003,2.0547,1.0547,2.1858,1.1858,26.7957,2.0718,26.3751,2.055,100.0,0.0,0.0,0.0,25.0,0.0,26.125,0.0,26.125,0.0,25.125,10.0,0.0,0.0086,52.5221,5.2522,2.0,74.1506,1.748,0.1821,1.3835,0.0824,1.3726,0.0001,1.6141,0.0003,3.1445,12.0,0.0622,1.0017,0.1489,2.3948,0.0315,1.7207,0.0489,1.9113,0.0,0.0,0.0,29.9885,25.0,25.0,38.0,37.0,13.0,0.0,0.0,0.0,0.0,62.5855,0.0,41.1861,0.0,0.0
9577.0,1.7529,0.0941,1.0,0.0794,1.2007,2.0552,1.0552,2.1863,1.1863,26.7959,2.0718,26.3615,2.0545,100.0,0.0,0.0,0.0,25.125,0.0,26.125,0.0,26.25,0.0,25.125,10.0,0.0,0.0082,52.5224,5.2523,2.0,74.2084,1.7482,0.0982,1.3744,0.0857,1.373,0.0001,1.6143,0.0003,3.1523,12.0,0.0629,1.0017,0.1387,2.364,0.0274,1.6593,0.0471,1.8951,0.0,0.0,0.0,29.9885,25.0,25.0,38.0,37.0,13.0,0.0,0.0,0.0,0.0,62.5852,0.0,41.1861,0.0,0.0
9578.0,1.753,0.0941,1.0,0.0794,1.2007,2.0556,1.0556,2.1861,1.1861,26.6924,2.0677,26.3539,2.0542,100.0,0.0,0.0,0.0,25.0,0.0,26.25,0.0,26.25,0.0,25.125,10.0,0.0,0.008,52.5223,5.2523,2.0,73.742,1.7471,0.1922,1.3846,0.0908,1.3735,0.0001,1.6147,0.0003,3.1477,12.0,0.066,1.0018,0.1504,2.3991,0.0294,1.6907,0.0417,1.8424,0.0,0.0,0.0,29.9879,25.0,25.0,38.0,37.0,13.0,0.0,0.0,0.0,0.0,62.5859,0.0,41.186,0.0,0.0
9579.0,1.7531,0.0941,1.0,0.0794,1.2007,2.0558,1.0558,2.1858,1.1858,26.5858,2.0634,26.3525,2.0541,100.0,0.0,0.0,0.0,25.0,0.0,26.25,0.0,26.25,0.0,25.125,10.0,0.0,0.0081,52.5224,5.2522,2.0,74.9952,1.75,0.2774,1.3939,0.0907,1.3735,0.0001,1.6151,0.0003,3.1562,12.0,0.0676,1.0018,0.134,2.3489,0.0249,1.6174,0.0415,1.8397,0.0,0.0,0.0,29.9882,25.0,25.0,38.0,37.0,14.0,0.0,0.0,0.0,0.0,62.5851,0.0,41.1858,0.0,0.0
9580.0,1.753,0.0941,1.0,0.0794,1.2006,2.055,1.055,2.1857,1.1857,26.6232,2.0649,26.3675,2.0547,100.0,0.0,0.0,0.0,25.0,0.0,26.125,0.0,26.125,0.0,25.25,10.0,0.0,0.0081,52.5225,5.2523,2.0,75.3748,1.7509,0.2937,1.3957,0.0956,1.3741,0.0001,1.6152,0.0003,3.1619,12.0,0.0689,1.0018,0.1227,2.3108,0.0239,1.6003,0.0495,1.9168,0.0,0.0,0.0,29.988,25.0,25.0,38.0,37.0,13.0,0.0,0.0,0.0,0.0,62.5861,0.0,41.186,0.0,0.0
9581.0,1.753,0.0941,1.0,0.0795,1.2009,2.0544,1.0544,2.1863,1.1863,26.8151,2.0726,26.365,2.0546,100.0,0.0,0.0,0.0,24.875,0.0,26.25,0.0,26.375,0.0,25.125,10.0,0.0,0.0081,52.5224,5.2522,2.0,76.657,1.7538,0.3165,1.3982,0.0964,1.3742,0.0001,1.6158,0.0003,3.1488,12.0,0.0705,1.0019,0.1255,2.3207,0.021,1.545,0.0532,1.9474,0.0,0.0,0.0,29.9877,26.0,25.0,38.0,37.0,15.0,0.0,0.0,0.0,0.0,62.5853,0.0,41.1862,0.0,0.0
9582.0,1.753,0.0941,1.0,0.0794,1.2007,2.0551,1.0551,2.1865,1.1865,26.8067,2.0723,26.3576,2.0543,100.0,0.0,0.0,0.0,25.0,0.0,26.125,0.0,26.125,0.0,25.125,10.0,0.0,0.0074,52.5224,5.2522,2.0,75.6906,1.7516,0.204,1.3859,0.0963,1.3741,0.0001,1.6158,0.0003,3.1558,12.0,0.0698,1.0019,0.1742,2.4628,0.0191,1.5023,0.0486,1.9086,0.0,0.0,0.0,29.9879,26.0,25.0,38.0,37.0,15.0,0.0,0.0,0.0,0.0,62.5848,0.0,41.1861,0.0,0.0
9583.0,1.754,0.0943,1.0,0.0795,1.2009,2.0553,1.0553,2.1861,1.1861,26.6957,2.0678,26.3551,2.0542,100.0,0.0,0.0,0.0,25.0,0.0,26.125,0.0,26.125,0.0,25.125,10.0,0.0,0.0085,52.5227,5.2522,2.0,75.4897,1.7512,0.183,1.3836,0.0954,1.374,0.0001,1.6158,0.0003,3.1552,12.0,0.0672,1.0018,0.1951,2.5122,0.02,1.5219,0.0492,1.9138,0.0,0.0,0.0,29.9885,26.0,25.0,38.0,37.0,15.0,0.0,0.0,0.0,0.0,62.5856,0.0,41.186,0.0,0.0
9584.0,1.753,0.0941,1.0,0.0796,1.201,2.0554,1.0554,2.1863,1.1863,26.5774,2.0631,26.3457,2.0538,100.0,0.0,0.0,0.0,25.0,0.0,26.25,0.0,26.125,0.0,25.125,10.0,0.0,0.0081,52.5231,5.2523,2.0,75.2837,1.7507,0.1751,1.3827,0.0945,1.3739,0.0001,1.6161,0.0003,3.1573,12.0,0.0642,1.0017,0.1756,2.4665,0.0201,1.5242,0.0503,1.9237,0.0,0.0,0.0,29.9882,26.0,25.0,38.0,37.0,13.0,0.0,0.0,0.0,0.0,62.5854,0.0,41.1864,0.0,0.0
9585.0,1.7533,0.0942,1.0,0.0793,1.2003,2.0551,1.0551,2.1861,1.1861,26.5952,2.0638,26.3588,2.0544,100.0,0.0,0.0,0.0,25.0,0.0,26.125,0.0,26.25,0.0,25.25,10.0,0.0,0.0086,52.5231,5.2523,2.0,75.8797,1.7521,0.2108,1.3866,0.0948,1.374,0.0001,1.6161,0.0003,3.1598,12.0,0.0645,1.0017,0.177,2.4699,0.0211,1.5469,0.0576,1.9823,0.0,0.0,0.0,29.9877,25.0,25.0,38.0,37.0,14.0,0.0,0.0,0.0,0.0,62.5856,0.0,41.1858,0.0,0.0
9586.0,1.753,0.0941,1.0,0.079,1.1996,2.0547,1.0547,2.1861,1.1861,26.7618,2.0705,26.3738,2.055,100.0,0.0,0.0,0.0,25.0,0.0,26.25,0.0,26.25,0.0,25.125,10.0,0.0,0.0078,52.523,5.2523,2.0,76.0452,1.7524,0.2138,1.387,0.0942,1.3739,0.0001,1.6165,0.0003,3.1667,12.0,0.0638,1.0017,0.1407,2.37,0.0191,1.5024,0.0612,2.0083,0.0,0.0,0.0,29.988,25.0,25.0,38.0,37.0,15.0,0.0,0.0,0.0,0.0,62.5858,0.0,41.1862,0.0,0.0
9587.0,1.7514,0.0939,1.0,0.0793,1.2004,2.0552,1.0552,2.1862,1.1862,26.8182,2.0727,26.3662,2.0546,100.0,0.0,0.0,0.0,25.0,0.0,26.125,0.0,26.125,0.0,25.125,10.0,0.0,0.008,52.5232,5.2523,2.0,75.9953,1.7523,0.1575,1.3808,0.0944,1.3739,0.0001,1.6165,0.0003,3.1628,12.0,0.0617,1.0016,0.1386,2.3636,0.0183,1.4841,0.0699,2.0666,0.0,0.0,0.0,29.988,25.0,25.0,38.0,37.0,13.0,0.0,0.0,0.0,0.0,62.5857,0.0,41.1863,0.0,0.0
9588.0,1.75,0.0938,1.0,0.0793,1.2002,2.0557,1.0557,2.1861,1.1861,26.7439,2.0698,26.36,2.0544,100.0,0.0,0.0,0.0,25.0,0.0,26.125,0.0,26.25,0.0,25.125,10.0,0.0,0.0084,52.5232,5.2523,2.0,75.3863,1.7509,0.0589,1.3701,0.0638,1.3706,0.0001,1.6155,0.0003,3.1545,12.0,0.0636,1.0017,0.1518,2.4032,0.0177,1.4704,0.0601,2.001,0.0,0.0,0.0,29.9887,25.0,25.0,38.0,37.0,14.0,0.0,0.0,0.0,0.0,62.5859,0.0,41.1863,0.0,0.0
9589.0,1.7513,0.0939,1.0,0.0794,1.2005,2.0558,1.0558,2.1859,1.1859,26.6004,2.064,26.3514,2.0541,100.0,0.0,0.0,0.0,25.0,0.0,26.125,0.0,26.125,0.0,25.0,10.0,0.0,0.0082,52.5234,5.2523,2.0,74.0112,1.7477,-0.0668,1.3563,0.0843,1.3728,0.0001,1.6162,0.0003,3.1667,12.0,0.0636,1.0017,0.1391,2.3652,0.0162,1.4326,0.0627,2.0191,0.0,0.0,0.0,29.9884,25.0,25.0,38.0,37.0,14.0,0.0,0.0,0.0,0.0,62.5855,0.0,41.1859,0.0,0.0
9590.0,1.7529,0.0941,1.0,0.0795,1.2009,2.0552,1.0552,2.1857,1.1857,26.5952,2.0638,26.3683,2.0547,100.0,0.0,0.0,0.0,25.0,0.0,26.125,0.0,26.125,0.0,25.125,10.0,0.0,0.0085,52.5229,5.2523,2.0,73.7069,1.747,-0.0294,1.3604,0.0954,1.374,0.0001,1.617,0.0003,3.1624,12.0,0.0613,1.0016,0.1204,2.3026,0.0146,1.3868,0.06,1.9999,0.0,0.0,0.0,29.9879,25.0,25.0,38.0,37.0,14.0,0.0,0.0,0.0,0.0,62.5855,0.0,41.1858,0.0,0.0
9591.0,1.753,0.0941,1.0,0.0795,1.2008,2.0551,1.0551,2.1856,1.1856,26.7619,2.0705,26.3805,2.0552,100.0,0.0,0.0,0.0,25.0,0.0,26.25,0.0,26.25,0.0,25.0,10.0,0.0,0.0082,52.5233,5.2523,2.0,74.8695,1.7497,0.0564,1.3698,0.0945,1.3739,0.0001,1.617,0.0003,3.1693,12.0,0.0635,1.0017,0.1348,2.3515,0.0143,1.3759,0.0735,2.0882,0.0,0.0,0.0,29.9876,25.0,25.0,38.0,37.0,14.0,0.0,0.0,0.0,0.0,62.5855,0.0,41.186,0.0,0.0
9592.0,1.7528,0.0941,1.0,0.0793,1.2004,2.055,1.055,2.1861,1.1861,26.8228,2.0729,26.3649,2.0546,100.0,0.0,0.0,0.0,25.0,0.0,26.125,0.0,26.25,0.0,25.0,10.0,0.0,0.0085,52.5233,5.2523,2.0,74.7701,1.7495,0.0731,1.3716,0.0948,1.374,0.0001,1.6176,0.0003,3.1591,12.0,0.0644,1.0017,0.1144,2.2803,0.0142,1.3741,0.0727,2.0834,0.0,0.0,0.0,29.9881,25.0,25.0,38.0,37.0,12.0,0.0,0.0,0.0,0.0,62.5851,0.0,41.1861,0.0,0.0
9593.0,1.7509,0.0939,1.0,0.0796,1.2011,2.0554,1.0554,2.1861,1.1861,26.7515,2.0701,26.3569,2.0543,100.0,0.0,0.0,0.0,25.0,0.0,26.125,0.0,26.125,0.0,25.125,10.0,0.0,0.0082,52.523,5.2523,2.0,75.3929,1.7509,0.1003,1.3746,0.0831,1.3727,0.0001,1.6175,0.0003,3.1669,12.0,0.0698,1.0019,0.1649,2.4392,0.0138,1.3622,0.072,2.0794,0.0,0.0,0.0,29.9883,25.0,25.0,38.0,37.0,13.0,0.0,0.0,0.0,0.0,62.5852,0.0,41.1858,0.0,0.0
9594.0,1.7508,0.0939,1.0,0.0799,1.202,2.0558,1.0558,2.186,1.186,26.6349,2.0654,26.3528,2.0541,100.0,0.0,0.0,0.0,25.0,0.0,26.25,0.0,26.125,0.0,25.125,10.0,0.0,0.0085,52.5233,5.2524,2.0,75.432,1.751,0.1138,1.3761,0.0648,1.3707,0.0001,1.6163,0.0003,3.1718,12.0,0.0715,1.0019,0.1456,2.385,0.0126,1.3234,0.0814,2.1325,0.0,0.0,0.0,29.9879,25.0,25.0,38.0,37.0,13.0,0.0,0.0,0.0,0.0,62.5859,0.0,41.1863,0.0,0.0
9595.0,1.7509,0.0939,1.0,0.0796,1.2013,2.0553,1.0553,2.1862,1.1862,26.5706,2.0628,26.3608,2.0544,100.0,0.0,0.0,0.0,25.0,0.0,26.125,0.0,26.125,0.0,25.125,10.0,0.0,0.0084,52.5234,5.2523,2.0,75.2999,1.7507,0.0634,1.3705,0.0651,1.3707,0.0001,1.6168,0.0003,3.1657,12.0,0.0732,1.002,0.159,2.4233,0.0129,1.333,0.0749,2.0965,0.0,0.0,0.0,29.9882,25.0,25.0,38.0,37.0,12.0,0.0,0.0,0.0,0.0,62.5855,0.0,41.1868,0.0,0.0
9596.0,1.7508,0.0939,1.0,0.0797,1.2014,2.0551,1.0551,2.1858,1.1858,26.7376,2.0695,26.3813,2.0553,100.0,0.0,0.0,0.0,25.0,0.0,26.125,0.0,26.25,0.0,25.0,10.0,0.0,0.0084,52.5236,5.2524,2.0,75.0713,1.7502,0.1211,1.3768,0.0657,1.3708,0.0001,1.6169,0.0003,3.1734,12.0,0.0755,1.002,0.1586,2.4221,0.0101,1.2258,0.0731,2.086,0.0,0.0,0.0,29.988,25.0,25.0,38.0,37.0,15.0,0.0,0.0,0.0,0.0,62.5852,0.0,41.186,0.0,0.0
9597.0,1.7489,0.0936,1.0,0.0797,1.2016,2.0552,1.0552,2.1861,1.1861,26.8153,2.0726,26.3789,2.0552,100.0,0.0,0.0,0.0,25.0,0.0,26.25,0.0,26.125,0.0,25.125,10.0,0.0,0.0081,52.5234,5.2523,2.0,75.6141,1.7514,0.1051,1.3751,0.0653,1.3708,0.0001,1.6168,0.0003,3.167,12.0,0.0753,1.002,0.1446,2.382,0.0108,1.2556,0.0703,2.0689,0.0,0.0,0.0,29.9877,25.0,25.0,38.0,37.0,15.0,0.0,0.0,0.0,0.0,62.5855,0.0,41.186,0.0,0.0
9598.0,1.7487,0.0936,1.0,0.0798,1.2017,2.0554,1.0554,2.1861,1.1861,26.744,2.0698,26.3598,2.0544,100.0,0.0,0.0,0.0,25.0,0.0,26.125,0.0,26.25,0.0,25.125,10.0,0.0,0.0083,52.5235,5.2523,2.0,74.6116,1.7491,-0.0095,1.3626,0.0694,1.3712,0.0001,1.6173,0.0003,3.174,12.0,0.0741,1.002,0.1348,2.3517,0.0092,1.1845,0.0704,2.0697,0.0,0.0,0.0,29.9876,25.0,25.0,38.0,37.0,15.0,0.0,0.0,0.0,0.0,62.5856,0.0,41.1858,0.0,0.0
9599.0,1.7496,0.0937,1.0,0.0796,1.201,2.0558,1.0558,2.186,1.186,26.6419,2.0657,26.3544,2.0542,100.0,0.0,0.0,0.0,25.0,0.0,26.125,0.0,26.375,0.0,25.125,10.0,0.0,0.0083,52.5234,5.2524,2.0,74.6617,1.7492,-0.0073,1.3628,0.0745,1.3718,0.0001,1.6174,0.0003,3.1725,12.0,0.0702,1.0019,0.1273,2.3266,0.0098,1.2114,0.0739,2.0903,0.0,0.0,0.0,29.9878,25.0,25.0,38.0,37.0,12.0,0.0,0.0,0.0,0.0,62.585,0.0,41.1862,0.0,0.0
9600.0,1.7508,0.0939,1.0,0.0795,1.2009,2.0557,1.0557,2.1858,1.1858,26.5624,2.0625,26.3667,2.0547,100.0,0.0,0.0,0.0,25.0,0.0,26.125,0.0,26.25,0.0,25.125,10.0,0.0,0.0078,52.5234,5.2523,2.0,74.3705,1.7486,-0.0059,1.363,0.08,1.3724,0.0001,1.618,0.0003,3.1752,12.0,0.0695,1.0019,0.1176,2.2923,0.0094,1.1934,0.0797,2.1231,0.0,0.0,0.0,29.988,25.0,25.0,38.0,37.0,13.0,0.0,0.0,0.0,0.0,62.5853,0.0,41.1864,0.0,0.0
9601.0,1.7505,0.0938,1.0,0.0794,1.2006,2.0548,1.0548,2.1861,1.1861,26.691,2.0676,26.3771,2.0551,100.0,0.0,0.0,0.0,25.0,0.0,26.125,0.0,26.125,0.0,25.125,10.0,0.0,0.0085,52.5233,5.2523,2.0,74.7901,1.7495,0.024,1.3663,0.0949,1.374,0.0001,1.6186,0.0003,3.1779,12.0,0.0683,1.0018,0.1086,2.2578,0.0094,1.1934,0.0789,2.1187,0.0,0.0,0.0,29.9883,25.0,25.0,38.0,37.0,13.0,0.0,0.0,0.0,0.0,62.5854,0.0,41.1862,0.0,0.0
9602.0,1.7508,0.0939,1.0,0.0795,1.201,2.0547,1.0547,2.1863,1.1863,26.8253,2.073,26.3705,2.0548,100.0,0.0,0.0,0.0,25.0,0.0,26.125,0.0,26.125,0.0,25.125,10.0,0.0,0.0081,52.5237,5.2524,2.0,74.7633,1.7495,-0.0215,1.3613,0.0913,1.3736,0.0001,1.6186,0.0003,3.1768,12.0,0.0691,1.0018,0.0946,2.1978,0.0082,1.1376,0.0801,2.1257,0.0,0.0,0.0,29.9878,25.0,25.0,38.0,37.0,13.0,0.0,0.0,0.0,0.0,62.5849,0.0,41.1858,0.0,0.0
9603.0,1.7508,0.0939,1.0,0.0797,1.2014,2.0552,1.0552,2.1865,1.1865,26.7758,2.071,26.3584,2.0543,100.0,0.0,0.0,0.0,25.0,0.0,26.125,0.0,26.125,0.0,25.125,10.0,0.0,0.0083,52.5235,5.2523,2.0,74.7233,1.7494,0.0178,1.3656,0.091,1.3736,0.0001,1.6186,0.0003,3.1793,12.0,0.0694,1.0019,0.1815,2.4807,0.0647,2.0328,0.0713,2.0752,0.0,0.0,0.0,29.9879,25.0,25.0,38.0,37.0,13.0,0.0,0.0,0.0,0.0,62.5856,0.0,41.1862,0.0,0.0
9604.0,1.7498,0.0937,1.0,0.0795,1.2009,2.0554,1.0554,2.186,1.186,26.6649,2.0666,26.3531,2.0541,100.0,0.0,0.0,0.0,25.0,0.0,26.125,0.0,26.25,0.0,25.125,10.0,0.0,0.009,52.5237,5.2524,2.0,74.1641,1.7481,0.0337,1.3673,0.0864,1.3731,0.0001,1.6186,0.0003,3.1758,12.0,0.0685,1.0018,0.1596,2.4248,0.0619,2.0133,0.0682,2.0556,0.0,0.0,0.0,29.9882,25.0,25.0,38.0,37.0,15.0,0.0,0.0,0.0,0.0,62.5853,0.0,41.1862,0.0,0.0
9605.0,1.7509,0.0939,1.0,0.0792,1.2001,2.0553,1.0553,2.186,1.186,26.5673,2.0627,26.3559,2.0542,100.0,0.0,0.0,0.0,24.875,0.0,26.125,0.0,26.125,0.0,25.125,10.0,0.0,0.0083,52.5237,5.2524,2.0,75.1791,1.7504,0.1368,1.3786,0.0814,1.3725,0.0001,1.6185,0.0003,3.1731,12.0,0.0637,1.0017,0.1563,2.4159,0.0565,1.9741,0.0674,2.0508,0.0,0.0,0.0,29.9878,25.0,25.0,38.0,37.0,13.0,0.0,0.0,0.0,0.0,62.5855,0.0,41.1858,0.0,0.0
9606.0,1.7508,0.0939,1.0,0.0794,1.2006,2.0548,1.0548,2.1861,1.1861,26.6712,2.0668,26.3694,2.0548,100.0,0.0,0.0,0.0,25.0,0.0,26.25,0.0,26.25,0.0,25.125,10.0,0.0,0.0084,52.524,5.2524,2.0,75.6766,1.7516,0.1383,1.3787,0.0806,1.3724,0.0001,1.6185,0.0003,3.1725,12.0,0.0626,1.0017,0.1654,2.4403,0.0579,1.9846,0.0656,2.0384,0.0,0.0,0.0,29.9882,26.0,25.0,38.0,37.0,14.0,0.0,0.0,0.0,0.0,62.5857,0.0,41.1865,0.0,0.0
9607.0,1.7519,0.094,1.0,0.0795,1.201,2.0549,1.0549,2.1859,1.1859,26.8152,2.0726,26.3735,2.0549,100.0,0.0,0.0,0.0,25.0,0.0,26.125,0.0,26.25,0.0,25.125,10.0,0.0,0.0087,52.5237,5.2523,2.0,75.6118,1.7514,0.0724,1.3715,0.0763,1.372,0.0001,1.6188,0.0003,3.1791,12.0,0.0615,1.0016,0.1673,2.4452,0.0469,1.8927,0.0619,2.0134,0.0,0.0,0.0,29.9879,26.0,25.0,38.0,37.0,14.0,0.0,0.0,0.0,0.0,62.5857,0.0,41.1864,0.0,0.0
9608.0,1.7519,0.094,1.0,0.0795,1.2009,2.0556,1.0556,2.1862,1.1862,26.7932,2.0717,26.3601,2.0544,100.0,0.0,0.0,0.0,25.0,0.0,26.125,0.0,26.125,0.0,25.125,10.0,0.0,0.008,52.5238,5.2524,2.0,75.3498,1.7508,0.1045,1.375,0.0749,1.3718,0.0001,1.619,0.0003,3.1752,12.0,0.0619,1.0017,0.1254,2.3201,0.0496,1.9174,0.0778,2.113,0.0,0.0,0.0,29.9877,26.0,25.0,38.0,37.0,14.0,0.0,0.0,0.0,0.0,62.5851,0.0,41.1857,0.0,0.0
9609.0,1.7509,0.0939,1.0,0.0796,1.2013,2.0556,1.0556,2.1861,1.1861,26.6915,2.0677,26.3541,2.0542,100.0,0.0,0.0,0.0,25.0,0.0,26.125,0.0,26.25,0.0,25.125,10.0,0.0,0.0085,52.524,5.2525,2.0,75.2743,1.7507,0.0151,1.3653,0.0721,1.3715,0.0001,1.619,0.0003,3.1813,12.0,0.0622,1.0017,0.1265,2.3238,0.043,1.8552,0.0722,2.0801,0.0,0.0,0.0,29.9879,26.0,25.0,38.0,37.0,13.0,0.0,0.0,0.0,0.0,62.5851,0.0,41.1859,0.0,0.0
9610.0,1.7509,0.0939,1.0,0.0793,1.2003,2.0553,1.0553,2.1862,1.1862,26.5707,2.0628,26.3433,2.0537,100.0,0.0,0.0,0.0,25.125,0.0,26.125,0.0,26.25,0.0,25.125,10.0,0.0,0.0086,52.5239,5.2524,2.0,74.3376,1.7485,-0.0435,1.3589,0.0725,1.3715,0.0001,1.619,0.0003,3.176,12.0,0.0636,1.0017,0.1393,2.366,0.0443,1.8679,0.0621,2.0152,0.0,0.0,0.0,29.9872,26.0,25.0,38.0,37.0,14.0,0.0,0.0,0.0,0.0,62.5854,0.0,41.1857,0.0,0.0
9611.0,1.7529,0.0941,1.0,0.0794,1.2007,2.055,1.055,2.1861,1.1861,26.6363,2.0655,26.3696,2.0548,100.0,0.0,0.0,0.0,25.0,0.0,26.125,0.0,26.25,0.0,25.25,10.0,0.0,0.0086,52.5239,5.2524,2.0,74.8521,1.7497,0.0203,1.3659,0.0956,1.3741,0.0001,1.62,0.0003,3.1775,12.0,0.0614,1.0016,0.133,2.3456,0.0393,1.8164,0.0711,2.074,0.0,0.0,0.0,29.9878,26.0,25.0,38.0,37.0,14.0,0.0,0.0,0.0,0.0,62.5853,0.0,41.1857,0.0,0.0
9612.0,1.753,0.0941,1.0,0.0794,1.2005,2.0551,1.0551,2.186,1.186,26.8066,2.0723,26.3768,2.0551,100.0,0.0,0.0,0.0,25.0,0.0,26.375,0.0,26.25,0.0,25.25,10.0,0.0,0.009,52.5241,5.2524,2.0,74.6677,1.7493,-0.0028,1.3633,0.0899,1.3734,0.0001,1.6199,0.0003,3.1729,12.0,0.0636,1.0017,0.116,2.2864,0.043,1.855,0.0652,2.0363,0.0,0.0,0.0,29.9875,26.0,25.0,38.0,37.0,13.0,0.0,0.0,0.0,0.0,62.5854,0.0,41.1859,0.0,0.0
9613.0,1.753,0.0941,1.0,0.0796,1.2012,2.0552,1.0552,2.1866,1.1866,26.8088,2.0724,26.357,2.0543,100.0,0.0,0.0,0.0,25.0,0.0,26.125,0.0,26.125,0.0,25.125,10.0,0.0,0.0077,52.5241,5.2524,2.0,75.0359,1.7501,0.0659,1.3708,0.0857,1.373,0.0001,1.62,0.0003,3.1797,12.0,0.0616,1.0016,0.1018,2.2297,0.0357,1.7741,0.0546,1.9593,0.0,0.0,0.0,29.9879,26.0,25.0,38.0,37.0,14.0,0.0,0.0,0.0,0.0,62.5857,0.0,41.1859,0.0,0.0
9614.0,1.7523,0.094,1.0,0.0794,1.2007,2.0553,1.0553,2.1865,1.1865,26.7164,2.0687,26.3554,2.0542,100.0,0.0,0.0,0.0,24.875,0.0,26.125,0.0,26.125,0.0,25.25,10.0,0.0,0.0084,52.5238,5.2524,2.0,75.2828,1.7507,0.0148,1.3652,0.0807,1.3724,0.0001,1.62,0.0003,3.1851,12.0,0.063,1.0017,0.1151,2.283,0.037,1.7901,0.0591,1.9937,0.0,0.0,0.0,29.9878,26.0,25.0,38.0,37.0,15.0,0.0,0.0,0.0,0.0,62.5857,0.0,41.1862,0.0,0.0
9615.0,1.753,0.0941,1.0,0.0795,1.201,2.0553,1.0553,2.1863,1.1863,26.5802,2.0632,26.3535,2.0541,100.0,0.0,0.0,0.0,25.0,0.0,26.375,0.0,26.25,0.0,25.25,10.0,0.0,0.0088,52.5241,5.2524,2.0,74.557,1.749,-0.0574,1.3574,0.0777,1.3721,0.0001,1.6202,0.0003,3.181,12.0,0.0693,1.0018,0.0942,2.1959,0.034,1.7536,0.0601,2.0005,0.0,0.0,0.0,29.9876,26.0,25.0,38.0,37.0,13.0,0.0,0.0,0.0,0.0,62.5856,0.0,41.1862,0.0,0.0
9616.0,1.7537,0.0942,1.0,0.0795,1.201,2.0553,1.0553,2.1857,1.1857,26.599,2.064,26.3704,2.0548,100.0,0.0,0.0,0.0,25.0,0.0,26.125,0.0,26.125,0.0,25.125,10.0,0.0,0.0085,52.5246,5.2525,2.0,74.9666,1.7499,0.0295,1.3669,0.0737,1.3717,0.0001,1.6202,0.0003,3.1859,12.0,0.0708,1.0019,0.0941,2.1954,0.0309,1.7115,0.0662,2.0426,0.0,0.0,0.0,29.988,26.0,25.0,38.0,37.0,13.0,0.0,0.0,0.0,0.0,62.585,0.0,41.1865,0.0,0.0
9617.0,1.7536,0.0942,1.0,0.0795,1.2009,2.0549,1.0549,2.1858,1.1858,26.7805,2.0712,26.3802,2.0552,100.0,0.0,0.0,0.0,25.0,0.0,26.125,0.0,26.125,0.0,25.125,10.0,0.0,0.0079,52.5243,5.2524,2.0,74.656,1.7492,-0.0232,1.3611,0.0698,1.3712,0.0001,1.6201,0.0003,3.1756,12.0,0.0712,1.0019,0.0778,2.1127,0.0332,1.7431,0.0596,1.9968,0.0,0.0,0.0,29.9881,26.0,25.0,38.0,37.0,13.0,0.0,0.0,0.0,0.0,62.5855,0.0,41.1863,0.0,0.0
9618.0,1.7563,0.0945,1.0,0.0795,1.201,2.0553,1.0553,2.1863,1.1863,26.8147,2.0726,26.3638,2.0546,100.0,0.0,0.0,0.0,25.0,0.0,26.125,0.0,26.125,0.0,25.25,10.0,0.0,0.0085,52.5239,5.2524,2.0,74.4997,1.7489,-0.0518,1.358,0.0664,1.3709,0.0001,1.6201,0.0003,3.1821,12.0,0.0704,1.0019,0.0873,2.1628,0.0288,1.6807,0.0591,1.9932,0.0,0.0,0.0,29.9885,25.0,25.0,38.0,37.0,14.0,0.0,0.0,0.0,0.0,62.5852,0.0,41.1863,0.0,0.0
9619.0,1.7581,0.0948,1.0,0.0794,1.2005,2.0558,1.0558,2.1861,1.1861,26.7281,2.0691,26.3557,2.0542,100.0,0.0,0.0,0.0,25.125,0.0,26.125,0.0,26.125,0.0,25.125,10.0,0.0,0.009,52.5241,5.2524,2.0,73.8271,1.7473,-0.122,1.3503,0.0644,1.3707,0.0001,1.6201,0.0003,3.1828,12.0,0.0681,1.0018,0.0915,2.1831,0.0284,1.6744,0.0697,2.0651,0.0,0.0,0.0,29.9878,25.0,25.0,38.0,37.0,16.0,0.0,0.0,0.0,0.0,62.5859,0.0,41.1865,0.0,0.0
9620.0,1.7604,0.095,1.0,0.0794,1.2005,2.0554,1.0554,2.1864,1.1864,26.602,2.0641,26.3516,2.0541,100.0,0.0,0.0,0.0,25.0,0.0,26.125,0.0,26.125,0.0,25.125,10.0,0.0,0.0082,52.5245,5.2524,2.0,73.6457,1.7469,-0.1067,1.352,0.0595,1.3701,0.0001,1.6201,0.0003,3.1844,12.0,0.068,1.0018,0.0852,2.1524,0.0259,1.6359,0.0662,2.0426,0.0,0.0,0.0,29.9879,25.0,25.0,38.0,37.0,13.0,0.0,0.0,0.0,0.0,62.5853,0.0,41.1859,0.0,0.0
9621.0,1.7601,0.095,1.0,0.0794,1.2006,2.0554,1.0554,2.1861,1.1861,26.6004,2.064,26.3681,2.0547,100.0,0.0,0.0,0.0,25.0,0.0,26.125,0.0,26.375,0.0,25.125,10.0,0.0,0.0087,52.5245,5.2524,2.0,73.4206,1.7463,-0.0693,1.3561,0.0863,1.3731,0.0001,1.6211,0.0003,3.1839,12.0,0.0689,1.0018,0.075,2.0972,0.0235,1.5937,0.0718,2.078,0.0,0.0,0.0,29.9876,25.0,25.0,38.0,37.0,14.0,0.0,0.0,0.0,0.0,62.5849,0.0,41.186,0.0,0.0
9622.0,1.7594,0.0949,1.0,0.0796,1.201,2.0551,1.0551,2.186,1.186,26.7344,2.0694,26.3794,2.0552,100.0,0.0,0.0,0.0,25.0,0.0,26.125,0.0,26.25,0.0,25.125,10.0,0.0,0.0085,52.5246,5.2524,2.0,74.7227,1.7494,0.0886,1.3733,0.082,1.3726,0.0001,1.621,0.0003,3.1936,12.0,0.0667,1.0018,0.0733,2.0869,0.022,1.5641,0.0625,2.0177,0.0,0.0,0.0,29.9877,26.0,25.0,38.0,37.0,15.0,0.0,0.0,0.0,0.0,62.5853,0.0,41.186,0.0,0.0
9623.0,1.7593,0.0949,1.0,0.0794,1.2006,2.0553,1.0553,2.1865,1.1865,26.8138,2.0726,26.3663,2.0547,100.0,0.0,0.0,0.0,25.0,0.0,26.125,0.0,26.125,0.0,25.25,10.0,0.0,0.0088,52.5243,5.2524,2.0,75.2255,1.7505,0.0855,1.373,0.0743,1.3717,0.0001,1.621,0.0003,3.1896,12.0,0.0675,1.0018,0.0671,2.0485,0.0237,1.5966,0.061,2.0069,0.0,0.0,0.0,29.9875,26.0,25.0,38.0,37.0,12.0,0.0,0.0,0.0,0.0,62.5857,0.0,41.1859,0.0,0.0
9624.0,1.7593,0.0949,1.0,0.0794,1.2005,2.0557,1.0557,2.1862,1.1862,26.7312,2.0692,26.3566,2.0543,100.0,0.0,0.0,0.0,25.0,0.0,26.125,0.0,26.25,0.0,25.125,10.0,0.0,0.0092,52.5246,5.2524,2.0,75.0499,1.7501,0.0291,1.3668,0.0679,1.371,0.0001,1.6211,0.0003,3.1841,12.0,0.066,1.0018,0.0654,2.0377,0.0238,1.5984,0.0539,1.9532,0.0,0.0,0.0,29.9875,26.0,25.0,38.0,37.0,15.0,0.0,0.0,0.0,0.0,62.5853,0.0,41.1859,0.0,0.0
9625.0,1.7589,0.0949,1.0,0.0794,1.2006,2.0557,1.0557,2.1863,1.1863,26.6351,2.0654,26.3528,2.0541,100.0,0.0,0.0,0.0,25.0,0.0,26.25,0.0,26.125,0.0,25.125,10.0,0.0,0.0088,52.5246,5.2525,2.0,74.7048,1.7493,0.0348,1.3674,0.0638,1.3706,0.0001,1.621,0.0003,3.1862,12.0,0.066,1.0018,0.064,2.028,0.0211,1.5468,0.0547,1.9602,0.0,0.0,0.0,29.9879,26.0,25.0,38.0,37.0,14.0,0.0,0.0,0.0,0.0,62.5854,0.0,41.1862,0.0,0.0
9626.0,1.7593,0.0949,1.0,0.0795,1.2009,2.0553,1.0553,2.1861,1.1861,26.562,2.0625,26.3631,2.0545,100.0,0.0,0.0,0.0,25.0,0.0,26.125,0.0,26.125,0.0,25.125,10.0,0.0,0.0089,52.5246,5.2525,2.0,75.3552,1.7508,0.093,1.3738,0.0608,1.3703,0.0001,1.6206,0.0003,3.1918,12.0,0.0677,1.0018,0.0643,2.0304,0.0194,1.5106,0.0535,1.9502,0.0,0.0,0.0,29.9874,26.0,25.0,38.0,37.0,13.0,0.0,0.0,0.0,0.0,62.5855,0.0,41.1863,0.0,0.0
9627.0,1.7572,0.0946,1.0,0.0795,1.2009,2.0551,1.0551,2.1857,1.1857,26.6885,2.0675,26.3874,2.0555,100.0,0.0,0.0,0.0,25.0,0.0,26.125,0.0,26.125,0.0,25.125,10.0,0.0,0.0088,52.5247,5.2525,2.0,74.8704,1.7497,-0.0089,1.3627,0.0574,1.3699,0.0001,1.6206,0.0003,3.1957,12.0,0.0712,1.0019,0.052,1.9376,0.0187,1.4928,0.0625,2.0179,0.0,0.0,0.0,29.9875,25.0,25.0,38.0,37.0,14.0,0.0,0.0,0.0,0.0,62.5853,0.0,41.1863,0.0,0.0
9628.0,1.7579,0.0947,1.0,0.0795,1.2009,2.055,1.055,2.186,1.186,26.8141,2.0726,26.3698,2.0548,100.0,0.0,0.0,0.0,25.0,0.0,26.125,0.0,26.125,0.0,25.125,10.0,0.0,0.0085,52.5246,5.2525,2.0,74.5638,1.749,0.0028,1.3639,0.0543,1.3696,0.0001,1.6207,0.0003,3.1904,12.0,0.0702,1.0019,0.1205,2.3029,0.0181,1.4799,0.0632,2.0224,0.0,0.0,0.0,29.9875,25.0,25.0,38.0,37.0,16.0,0.0,0.0,0.0,0.0,62.5854,0.0,41.186,0.0,0.0
9629.0,1.7593,0.0949,1.0,0.0793,1.2002,2.0556,1.0556,2.1861,1.1861,26.7655,2.0706,26.3575,2.0543,100.0,0.0,0.0,0.0,25.0,0.0,26.25,0.0,26.25,0.0,25.125,10.0,0.0,0.0084,52.5244,5.2525,2.0,73.8361,1.7473,-0.1223,1.3503,0.0509,1.3692,0.0001,1.6207,0.0003,3.1954,12.0,0.0695,1.0019,0.121,2.3046,0.0169,1.4502,0.0645,2.0312,0.0,0.0,0.0,29.9879,25.0,25.0,38.0,37.0,13.0,0.0,0.0,0.0,0.0,62.5858,0.0,41.1866,0.0,0.0
9630.0,1.759,0.0949,1.0,0.0794,1.2007,2.0556,1.0556,2.1865,1.1865,26.6466,2.0659,26.3538,2.0542,100.0,0.0,0.0,0.0,24.875,0.0,26.25,0.0,26.125,0.0,25.125,10.0,0.0,0.0086,52.525,5.2525,2.0,72.7486,1.7447,-0.1893,1.343,0.0461,1.3687,0.0001,1.6206,0.0003,3.1903,12.0,0.0676,1.0018,0.1051,2.2436,0.0161,1.4282,0.058,1.9853,0.0,0.0,0.0,29.9875,25.0,25.0,38.0,37.0,14.0,0.0,0.0,0.0,0.0,62.5854,0.0,41.1861,0.0,0.0
9631.0,1.7573,0.0947,1.0,0.0795,1.2009,2.0557,1.0557,2.1862,1.1862,26.5555,2.0622,26.3593,2.0544,100.0,0.0,0.0,0.0,25.0,0.0,26.125,0.0,26.125,0.0,25.125,10.0,0.0,0.0082,52.5248,5.2525,2.0,72.0688,1.7431,-0.2439,1.337,0.0463,1.3687,0.0001,1.6207,0.0003,3.1878,12.0,0.0698,1.0019,0.1072,2.252,0.0162,1.4306,0.0529,1.9456,0.0,0.0,0.0,29.9873,25.0,25.0,38.0,37.0,14.0,0.0,0.0,0.0,0.0,62.5853,0.0,41.1864,0.0,0.0
9632.0,1.7582,0.0948,1.0,0.0794,1.2006,2.0552,1.0552,2.1857,1.1857,26.6752,2.067,26.3867,2.0555,100.0,0.0,0.0,0.0,25.0,0.0,26.125,0.0,26.125,0.0,25.125,10.0,0.0,0.0084,52.525,5.2525,2.0,72.5111,1.7442,-0.1604,1.3461,0.0695,1.3712,0.0001,1.6216,0.0003,3.1999,12.0,0.0669,1.0018,0.0996,2.2202,0.0145,1.3838,0.0488,1.9103,0.0,0.0,0.0,29.9873,25.0,25.0,38.0,37.0,15.0,0.0,0.0,0.0,0.0,62.5847,0.0,41.186,0.0,0.0
9633.0,1.7583,0.0948,1.0,0.0795,1.2009,2.0551,1.0551,2.1859,1.1859,26.8124,2.0725,26.372,2.0549,100.0,0.0,0.0,0.0,25.0,0.0,26.375,0.0,26.125,0.0,25.125,10.0,0.0,0.0084,52.525,5.2525,2.0,71.896,1.7427,-0.2248,1.3391,0.064,1.3706,0.0001,1.6215,0.0003,3.2037,12.0,0.0656,1.0018,0.0919,2.1852,0.014,1.3676,0.0676,2.0518,0.0,0.0,0.0,29.9875,25.0,25.0,38.0,37.0,15.0,0.0,0.0,0.0,0.0,62.5853,0.0,41.1857,0.0,0.0
9634.0,1.7563,0.0945,1.0,0.0794,1.2007,2.0556,1.0556,2.1865,1.1865,26.7736,2.0709,26.3583,2.0543,100.0,0.0,0.0,0.0,25.0,0.0,26.125,0.0,26.125,0.0,25.125,10.0,0.0,0.0087,52.5251,5.2525,2.0,71.6744,1.7421,-0.232,1.3383,0.0592,1.3701,0.0001,1.6215,0.0003,3.1961,12.0,0.0657,1.0018,0.0904,2.1778,0.0124,1.3164,0.0624,2.017,0.0,0.0,0.0,29.9876,25.0,25.0,38.0,37.0,14.0,0.0,0.0,0.0,0.0,62.5852,64.0,41.201,0.0,0.0
9635.0,1.7542,0.0943,1.0,0.0792,1.2001,2.0554,1.0554,2.1865,1.1865,26.6641,2.0666,26.3555,2.0542,100.0,0.0,0.0,0.0,25.125,0.0,26.125,0.0,26.25,0.0,25.125,10.0,0.0,0.0085,52.5251,5.2525,2.0,71.4949,1.7417,-0.2211,1.3395,0.0551,1.3696,0.0001,1.6211,0.0003,3.1991,12.0,0.0678,1.0018,0.0776,2.1117,0.0121,1.3062,0.0634,2.024,0.0,0.0,0.0,29.9875,25.0,25.0,38.0,37.0,12.0,0.0,0.0,0.0,0.0,62.5853,64.0,41.3722,0.0,0.0
9636.0,1.754,0.0943,1.0,0.0795,1.2007,2.0558,1.0558,2.1858,1.1858,26.5601,2.0624,26.3556,2.0542,100.0,0.0,0.0,0.0,25.0,0.0,26.25,0.0,26.25,0.0,25.125,10.0,0.0,0.0086,52.5253,5.2525,2.0,72.2657,1.7436,-0.0797,1.3549,0.0498,1.3691,0.0001,1.621,0.0003,3.2049,12.0,0.0627,1.0017,0.0851,2.1519,0.0133,1.3463,0.0613,2.0096,0.0,0.0,0.0,29.9875,25.0,25.0,38.0,37.0,15.0,0.0,0.0,0.0,0.0,62.5857,64.0,41.5631,0.0,0.0
9637.0,1.7568,0.0946,1.0,0.0796,1.2011,2.0553,1.0553,2.1857,1.1857,26.6344,2.0654,26.3854,2.0554,100.0,0.0,0.0,0.0,25.125,0.0,26.125,0.0,26.25,0.0,25.125,10.0,0.0,0.0088,52.525,5.2525,2.0,72.9061,1.7451,-0.0684,1.3562,0.047,1.3688,0.0001,1.6212,0.0003,3.1989,12.0,0.0693,1.0018,0.0761,2.1035,0.0125,1.3195,0.0571,1.9788,0.0,0.0,0.0,29.9876,25.0,25.0,38.0,37.0,14.0,0.0,0.0,0.0,0.0,62.5853,64.0,41.7379,0.0,0.0
9638.0,1.7578,0.0947,1.0,0.0794,1.2005,2.0551,1.0551,2.1862,1.1862,26.8012,2.072,26.3758,2.055,100.0,0.0,0.0,0.0,25.0,0.0,26.25,0.0,26.25,0.0,25.125,10.0,0.0,0.008,52.5254,5.2526,2.0,74.2411,1.7483,0.1705,1.3822,0.0425,1.3683,0.0001,1.6211,0.0003,3.2043,12.0,0.0704,1.0019,0.0744,2.0936,0.0107,1.2516,0.055,1.9623,0.0,0.0,0.0,29.9877,25.0,25.0,38.0,37.0,13.0,0.0,0.0,0.0,0.0,62.5853,64.0,41.9003,0.0,0.0
9639.0,1.7567,0.0946,1.0,0.0795,1.201,2.0556,1.0556,2.1866,1.1866,26.7927,2.0717,26.362,2.0545,100.0,0.0,0.0,0.0,25.0,0.0,26.125,0.0,26.125,0.0,25.125,10.0,0.0,0.0081,52.5254,5.2525,2.0,75.3514,1.7508,0.2661,1.3927,0.04,1.368,0.0001,1.6211,0.0003,3.1923,12.0,0.0731,1.0019,0.0647,2.0329,0.0113,1.2766,0.0478,1.9013,0.0,0.0,0.0,29.9876,25.0,25.0,37.0,37.0,15.0,0.0,0.0,0.0,0.0,62.5856,64.0,42.0878,0.0,0.0
9640.0,1.7515,0.0939,1.0,0.0793,1.2004,2.0557,1.0557,2.186,1.186,26.6756,2.067,26.3653,2.0546,100.0,0.0,0.0,0.0,24.875,0.0,26.125,0.0,26.125,0.0,25.125,10.0,0.0,0.0088,52.5251,5.2525,2.0,76.119,1.7526,0.3507,1.4019,0.0375,1.3677,0.0001,1.6208,0.0003,3.2042,12.0,0.0704,1.0019,0.0688,2.0592,0.0089,1.173,0.0662,2.0429,0.0,0.0,0.0,29.9877,25.0,25.0,37.0,37.0,15.0,0.0,0.0,0.0,0.0,62.5858,64.0,42.2773,0.0,0.0
9641.0,1.7509,0.0939,1.0,0.0793,1.2004,2.0558,1.0558,2.1859,1.1859,26.5707,2.0628,26.362,2.0545,100.0,0.0,0.0,0.0,25.125,0.0,26.125,0.0,26.375,0.0,25.125,10.0,0.0,0.0077,52.5252,5.2526,2.0,76.5008,1.7535,0.2797,1.3941,0.0333,1.3673,0.0001,1.6206,0.0003,3.1976,12.0,0.0678,1.0018,0.065,2.035,0.0097,1.2068,0.0603,2.0018,0.0,0.0,0.0,29.988,25.0,25.0,37.0,37.0,12.0,0.0,0.0,0.0,0.0,62.5849,64.0,42.4575,0.0,0.0
9642.0,1.7505,0.0938,1.0,0.0796,1.2011,2.0554,1.0554,2.1859,1.1859,26.6198,2.0648,26.3742,2.055,100.0,0.0,0.0,0.0,25.0,0.0,26.125,0.0,26.25,0.0,25.125,10.0,0.0,0.0084,52.5253,5.2525,2.0,77.2207,1.7551,0.341,1.4008,0.0329,1.3672,0.0001,1.6206,0.0003,3.1997,12.0,0.0682,1.0018,0.0567,1.9751,0.0085,1.1506,0.0573,1.9797,0.0,0.0,0.0,29.9878,25.0,25.0,37.0,37.0,13.0,0.0,0.0,0.0,0.0,62.5853,64.0,42.6403,0.0,0.0
9643.0,1.7488,0.0936,1.0,0.0795,1.2008,2.0551,1.0551,2.1857,1.1857,26.7914,2.0717,26.3831,2.0553,100.0,0.0,0.0,0.0,25.0,0.0,26.125,0.0,26.25,0.0,25.125,10.0,0.0,0.0081,52.5255,5.2526,2.0,77.0201,1.7546,0.2845,1.3947,0.0393,1.3679,0.0001,1.6208,0.0003,3.1985,12.0,0.0672,1.0018,0.1472,2.3899,0.0265,1.6452,0.0525,1.9417,0.0,0.0,0.0,29.9877,25.0,25.0,38.0,37.0,13.0,0.0,0.0,0.0,0.0,62.5853,64.0,42.8499,0.0,0.0
9644.0,1.7488,0.0936,1.0,0.0793,1.2004,2.0555,1.0555,2.1862,1.1862,26.8004,2.072,26.3736,2.0549,100.0,0.0,0.0,0.0,25.0,0.0,26.125,0.0,26.25,0.0,25.125,10.0,0.0,0.0088,52.5255,5.2526,2.0,77.8898,1.7566,0.3912,1.4063,0.0547,1.3696,0.0001,1.6219,0.0003,3.2001,12.0,0.0682,1.0018,0.1254,2.3202,0.0658,2.0399,0.0671,2.0486,0.0,0.0,0.0,29.9877,25.0,25.0,38.0,37.0,13.0,0.0,0.0,0.0,0.0,62.5849,64.0,43.0349,0.0,0.0
9645.0,1.7487,0.0936,1.0,0.0793,1.2003,2.0558,1.0558,2.186,1.186,26.709,2.0684,26.3662,2.0546,100.0,0.0,0.0,0.0,25.0,0.0,26.125,0.0,26.125,0.0,25.125,10.0,0.0,0.0083,52.5253,5.2525,2.0,77.7478,1.7563,0.3141,1.3979,0.0499,1.3691,0.0001,1.6214,0.0003,3.2036,12.0,0.0639,1.0017,0.1102,2.2642,0.0607,2.0052,0.0695,2.0641,0.0,0.0,0.0,29.9879,25.0,25.0,38.0,37.0,13.0,0.0,0.0,0.0,0.0,62.5857,64.0,43.2208,0.0,0.0
9646.0,1.7478,0.0935,1.0,0.0796,1.2012,2.0555,1.0555,2.1861,1.1861,26.5867,2.0635,26.3509,2.054,100.0,0.0,0.0,0.0,25.0,0.0,26.125,0.0,26.25,0.0,25.25,10.0,0.0,0.0084,52.5253,5.2525,2.0,78.0125,1.7569,0.3313,1.3998,0.0562,1.3698,0.0001,1.6217,0.0003,3.2093,12.0,0.0641,1.0017,0.1475,2.3906,0.0532,1.948,0.0636,2.0254,0.0,0.0,0.0,29.9881,25.0,25.0,38.0,37.0,15.0,0.0,0.0,0.0,0.0,62.5857,64.0,43.4124,0.0,0.0
9647.0,1.7468,0.0933,1.0,0.0791,1.1998,2.0555,1.0555,2.1858,1.1858,26.5907,2.0636,26.3694,2.0548,100.0,0.0,0.0,0.0,25.125,0.0,26.125,0.0,26.125,0.0,25.125,10.0,0.0,0.0083,52.5257,5.2526,2.0,78.5733,1.7581,0.3557,1.4024,0.0686,1.3711,0.0001,1.6224,0.0003,3.2127,12.0,0.0641,1.0017,0.1876,2.4951,0.0508,1.9275,0.0568,1.9765,0.0,0.0,0.0,29.9875,25.0,25.0,38.0,37.0,13.0,0.0,0.0,0.0,0.0,62.5859,64.0,43.5965,0.0,0.0
9648.0,1.7476,0.0935,1.0,0.0794,1.2007,2.055,1.055,2.1858,1.1858,26.7693,2.0708,26.3821,2.0553,100.0,0.0,0.0,0.0,25.25,0.0,26.375,0.0,26.25,0.0,25.125,10.0,0.0,0.0086,52.526,5.2526,2.0,78.5219,1.758,0.3319,1.3998,0.0927,1.3738,0.0001,1.624,0.0003,3.2162,12.0,0.0688,1.0018,0.1421,2.3743,0.0483,1.9062,0.0697,2.0652,0.0,0.0,0.0,29.9874,25.0,25.0,38.0,37.0,14.0,0.0,0.0,0.0,0.0,62.5857,64.0,43.7786,0.0,0.0
9649.0,1.7486,0.0936,1.0,0.0795,1.2008,2.0554,1.0554,2.1864,1.1864,26.8101,2.0724,26.3676,2.0547,100.0,0.0,0.0,0.0,25.0,0.0,26.125,0.0,26.125,0.0,25.125,10.0,0.0,0.0082,52.5258,5.2525,2.0,78.7352,1.7585,0.3021,1.3966,0.1121,1.3759,0.0001,1.6249,0.0003,3.2195,12.0,0.0671,1.0018,0.1614,2.4298,0.0505,1.9249,0.0689,2.0598,0.0,0.0,0.0,29.9879,25.0,25.0,38.0,37.0,13.0,0.0,0.0,0.0,0.0,62.5859,64.0,43.9302,0.0,0.0
9650.0,1.7488,0.0936,1.0,0.0795,1.201,2.0557,1.0557,2.186,1.186,26.7242,2.069,26.3659,2.0546,100.0,0.0,0.0,0.0,25.0,0.0,26.125,0.0,26.25,0.0,25.125,10.0,0.0,0.0082,52.5258,5.2526,2.0,78.3289,1.7576,0.2691,1.393,0.1292,1.3777,0.0001,1.6258,0.0003,3.2204,12.0,0.0625,1.0017,0.1584,2.4217,0.0472,1.8958,0.0686,2.0579,0.0,0.0,0.0,29.9879,25.0,25.0,38.0,37.0,14.0,0.0,0.0,0.0,0.0,62.5857,64.0,44.1221,0.0,0.0
9651.0,1.7488,0.0936,1.0,0.0794,1.2006,2.0558,1.0558,2.1859,1.1859,26.5939,2.0638,26.3627,2.0545,100.0,0.0,0.0,0.0,25.0,0.0,26.125,0.0,26.375,0.0,25.125,10.0,0.0,0.0082,52.5259,5.2526,2.0,78.8584,1.7587,0.3389,1.4006,0.1622,1.3813,0.0001,1.6273,0.0003,3.2204,12.0,0.0633,1.0017,0.1401,2.3684,0.046,1.8847,0.0618,2.0132,0.0,0.0,0.0,29.9876,25.0,25.0,38.0,37.0,14.0,0.0,0.0,0.0,0.0,62.5849,64.0,44.3459,0.0,0.0
9652.0,1.7488,0.0936,1.0,0.0796,1.2012,2.0556,1.0556,2.1858,1.1858,26.5964,2.0639,26.3728,2.0549,100.0,0.0,0.0,0.0,25.0,0.0,26.125,0.0,26.25,0.0,25.125,10.0,0.0,0.0083,52.5256,5.2526,2.0,80.5061,1.7623,0.4429,1.4119,0.197,1.3851,0.0001,1.629,0.0003,3.238,12.0,0.0635,1.0017,0.1417,2.3733,0.0398,1.8217,0.0556,1.967,0.0,0.0,0.0,29.9879,25.0,25.0,38.0,37.0,14.0,0.0,0.0,0.0,0.0,62.586,64.0,44.5038,0.0,0.0
9653.0,1.7477,0.0935,1.0,0.0793,1.2003,2.0548,1.0548,2.1861,1.1861,26.7521,2.0701,26.3806,2.0552,100.0,0.0,0.0,0.0,25.0,0.0,26.25,0.0,26.25,0.0,25.125,10.0,0.0,0.008,52.526,5.2526,2.0,81.2633,1.764,0.5523,1.4239,0.2324,1.389,0.0002,1.631,0.0003,3.246,12.0,0.0631,1.0017,0.1446,2.3819,0.0406,1.8305,0.0555,1.9663,0.0,0.0,0.0,29.9877,25.0,25.0,38.0,37.0,14.0,0.0,0.0,0.0,0.0,62.585,64.0,44.6968,0.0,0.0
9654.0,1.7477,0.0935,1.0,0.0795,1.201,2.0553,1.0553,2.1866,1.1866,26.8128,2.0725,26.3648,2.0546,100.0,0.0,0.0,0.0,25.0,0.0,26.375,0.0,26.25,0.0,25.125,10.0,0.0,0.0091,52.5262,5.2526,2.0,82.4672,1.7665,0.5944,1.4285,0.2739,1.3935,0.0002,1.6333,0.0003,3.2488,12.0,0.0651,1.0017,0.1795,2.476,0.0327,1.7363,0.0479,1.9021,0.0,0.0,0.0,29.9877,25.0,25.0,38.0,37.0,13.0,0.0,0.0,0.0,0.0,62.5851,64.0,44.9057,0.0,0.0
9655.0,1.7478,0.0935,1.0,0.0795,1.2009,2.0554,1.0554,2.1864,1.1864,26.7299,2.0692,26.3558,2.0542,100.0,0.0,0.0,0.0,25.0,0.0,26.25,0.0,26.25,0.0,25.25,10.0,0.0,0.0084,52.5264,5.2526,2.0,83.5291,1.7687,0.6361,1.433,0.3153,1.398,0.0002,1.6356,0.0003,3.256,12.0,0.0679,1.0018,0.18,2.4772,0.0346,1.7607,0.0542,1.9561,0.0,0.0,0.0,29.9881,25.0,25.0,38.0,37.0,14.0,0.0,0.0,0.0,0.0,62.5854,0.0,44.9971,0.0,0.0
9656.0,1.7477,0.0935,1.0,0.0796,1.2011,2.0554,1.0554,2.1863,1.1863,26.602,2.0641,26.3514,2.0541,100.0,0.0,0.0,0.0,25.0,0.0,26.125,0.0,26.125,0.0,25.125,10.0,0.0,0.0086,52.5261,5.2526,2.0,84.3167,1.7704,0.6559,1.4352,0.3559,1.4025,0.0002,1.6379,0.0003,3.2734,12.0,0.0671,1.0018,0.1974,2.5172,0.0324,1.7325,0.0623,2.0162,0.0,0.0,0.0,29.9876,25.0,25.0,38.0,37.0,13.0,0.0,0.0,0.0,0.0,62.5851,0.0,44.9976,0.0,0.0
9657.0,1.7469,0.0934,1.0,0.0796,1.201,2.0557,1.0557,2.1862,1.1862,26.5509,2.062,26.3624,2.0545,100.0,0.0,0.0,0.0,25.0,0.0,26.25,0.0,26.25,0.0,25.125,10.0,0.0,0.0081,52.5257,5.2525,2.0,84.8448,1.7715,0.7105,1.4412,0.3947,1.4067,0.0002,1.6404,0.0003,3.2747,12.0,0.0709,1.0019,0.2013,2.5256,0.033,1.7406,0.0786,2.117,0.0,0.0,0.0,29.9873,25.0,25.0,38.0,37.0,13.0,0.0,0.0,0.0,0.0,62.5855,0.0,44.9972,0.0,0.0
9658.0,1.7477,0.0935,1.0,0.0794,1.2007,2.0551,1.0551,2.1861,1.1861,26.6879,2.0675,26.3783,2.0551,100.0,0.0,0.0,0.0,25.0,0.0,26.25,0.0,26.25,0.0,25.125,10.0,0.0,0.0084,52.526,5.2526,2.0,86.2356,1.7743,0.7544,1.4459,0.4459,1.4123,0.0002,1.6432,0.0003,3.2934,12.0,0.0708,1.0019,0.1501,2.3983,0.0359,1.7768,0.0843,2.1477,0.0,0.0,0.0,29.9873,25.0,25.0,38.0,37.0,14.0,0.0,0.0,0.0,0.0,62.5857,0.0,44.9976,0.0,0.0
9659.0,1.7478,0.0935,1.0,0.0795,1.201,2.0549,1.0549,2.1865,1.1865,26.8097,2.0724,26.3668,2.0547,100.0,0.0,0.0,0.0,25.0,0.0,26.25,0.0,26.125,0.0,25.125,10.0,0.0,0.0085,52.5261,5.2526,2.0,87.7627,1.7773,0.8355,1.4548,0.5001,1.4182,0.0002,1.6466,0.0003,3.3116,12.0,0.067,1.0018,0.1358,2.3549,0.0306,1.7072,0.0764,2.105,0.0,0.0,0.0,29.9875,25.0,25.0,38.0,37.0,14.0,0.0,0.0,0.0,0.0,62.586,0.0,44.9978,0.0,0.0
9660.0,1.7467,0.0933,1.0,0.0796,1.2013,2.0553,1.0553,2.1865,1.1865,26.7446,2.0698,26.3572,2.0543,100.0,0.0,0.0,0.0,25.0,0.0,26.125,0.0,26.25,0.0,25.125,10.0,0.0,0.0087,52.5263,5.2526,2.0,88.1502,1.7781,0.8189,1.453,0.5527,1.4239,0.0002,1.6497,0.0003,3.3144,12.0,0.0671,1.0018,0.1325,2.344,0.0277,1.6645,0.081,2.1302,0.0,0.0,0.0,29.9874,25.0,25.0,38.0,38.0,13.0,0.0,0.0,0.0,0.0,62.5856,0.0,44.997,0.0,0.0
9661.0,1.7479,0.0935,1.0,0.0796,1.2013,2.0558,1.0558,2.1862,1.1862,26.6347,2.0654,26.352,2.0541,100.0,0.0,0.0,0.0,25.0,0.0,26.25,0.0,26.25,0.0,25.125,10.0,0.0,0.0081,52.5266,5.2526,2.0,90.1395,1.782,0.9048,1.4623,0.6015,1.4293,0.0002,1.653,0.0003,3.3369,12.0,0.068,1.0018,0.1077,2.2542,0.0291,1.686,0.0812,2.1316,0.0,0.0,0.0,29.9871,25.0,25.0,38.0,38.0,14.0,0.0,0.0,0.0,0.0,62.5853,0.0,44.9972,0.0,0.0
9662.0,1.7477,0.0935,1.0,0.0797,1.2014,2.0556,1.0556,2.1858,1.1858,26.5782,2.0631,26.3718,2.0549,100.0,0.0,0.0,0.0,25.0,0.0,26.125,0.0,26.25,0.0,25.25,10.0,0.0,0.0083,52.5262,5.2526,2.0,91.0119,1.7836,0.9752,1.47,0.6595,1.4356,0.0002,1.6568,0.0003,3.3543,12.0,0.0665,1.0018,0.1181,2.2941,0.0258,1.6327,0.069,2.0607,0.0,0.0,0.0,29.9876,25.0,25.0,38.0,38.0,14.0,0.0,0.0,0.0,0.0,62.5852,0.0,44.9977,0.0,0.0
9663.0,1.7477,0.0935,1.0,0.0795,1.201,2.0551,1.0551,2.1856,1.1856,26.7006,2.068,26.388,2.0555,100.0,0.0,0.0,0.0,25.0,0.0,26.125,0.0,26.25,0.0,25.125,10.0,0.0,0.008,52.5261,5.2526,2.0,93.5708,1.7885,1.317,1.5073,0.7067,1.4407,0.0002,1.6601,0.0003,3.3657,12.0,0.0704,1.0019,0.2082,2.5404,0.0256,1.6294,0.0649,2.0339,0.0,0.0,0.0,29.9879,25.0,25.0,38.0,38.0,15.0,0.0,0.0,0.0,0.0,62.5854,0.0,44.9973,0.0,0.0
9664.0,1.7498,0.0937,1.0,0.0794,1.2006,2.0552,1.0552,2.186,1.186,26.8253,2.073,26.3711,2.0548,100.0,0.0,0.0,0.0,25.0,0.0,26.125,0.0,26.25,0.0,25.125,10.0,0.0,0.0085,52.5263,5.2526,2.0,98.0747,1.7966,1.4943,1.5267,0.7688,1.4475,0.0002,1.6642,0.0003,3.3868,12.0,0.0717,1.0019,0.176,2.4674,0.0241,1.6044,0.0718,2.078,0.0,0.0,0.0,29.9872,25.0,25.0,38.0,37.0,13.0,0.0,0.0,0.0,0.0,62.5848,0.0,44.9975,0.0,0.0
9665.0,1.7507,0.0938,1.0,0.0797,1.2016,2.0553,1.0553,2.1865,1.1865,26.764,2.0706,26.3581,2.0543,100.0,0.0,0.0,0.0,25.0,0.0,26.25,0.0,26.25,0.0,25.125,10.0,0.0,0.0084,52.5265,5.2527,2.0,100.6535,1.8011,1.5202,1.5295,0.8274,1.4539,0.0002,1.6682,0.0003,3.4128,12.0,0.0716,1.0019,0.1835,2.4854,0.0222,1.5687,0.0804,2.1269,0.0,0.0,0.0,29.9874,25.0,25.0,38.0,37.0,14.0,0.0,0.0,0.0,0.0,62.5848,0.0,44.9973,0.0,0.0
9666.0,1.7498,0.0937,1.0,0.0796,1.2013,2.0554,1.0554,2.1864,1.1864,26.6502,2.066,26.3529,2.0541,100.0,0.0,0.0,0.0,25.125,0.0,26.125,0.0,26.125,0.0,25.125,10.0,0.0,0.0085,52.5266,5.2527,2.0,102.507,1.8043,1.4792,1.525,0.8683,1.4584,0.0002,1.6718,0.0003,3.4363,12.0,0.0735,1.002,0.1637,2.4358,0.0231,1.5846,0.07,2.0668,0.0,0.0,0.0,29.987,25.0,25.0,38.0,37.0,15.0,0.0,0.0,0.0,0.0,62.5856,0.0,44.9974,0.0,0.0
9667.0,1.7508,0.0938,1.0,0.0795,1.201,2.0557,1.0557,2.1862,1.1862,26.5609,2.0624,26.3541,2.0542,100.0,0.0,0.0,0.0,25.125,0.0,26.125,0.0,26.125,0.0,25.25,10.0,0.0,0.0083,52.5264,5.2526,2.0,102.6098,1.8045,1.369,1.513,0.9018,1.462,0.0002,1.6747,0.0003,3.4492,12.0,0.0737,1.002,0.1615,2.43,0.0201,1.5252,0.0654,2.0376,0.0,0.0,0.0,29.9873,25.0,25.0,38.0,37.0,14.0,0.0,0.0,0.0,0.0,62.5845,0.0,44.9972,0.0,0.0
9668.0,1.7508,0.0939,1.0,0.0794,1.2005,2.0553,1.0553,2.1861,1.1861,26.652,2.0661,26.3818,2.0553,100.0,0.0,0.0,0.0,25.0,0.0,26.125,0.0,26.125,0.0,25.25,10.0,0.0,0.0088,52.5265,5.2526,2.0,103.2668,1.8056,1.3463,1.5105,0.942,1.4664,0.0002,1.6784,0.0003,3.4663,12.0,0.0717,1.0019,0.1506,2.3996,0.0782,2.1153,0.064,2.028,0.0,0.0,0.0,29.9873,25.0,25.0,38.0,37.0,15.0,0.0,0.0,0.0,0.0,62.5857,0.0,44.9974,0.0,0.0
9669.0,1.7508,0.0939,1.0,0.0795,1.2008,2.0551,1.0551,2.1864,1.1864,26.8161,2.0726,26.3798,2.0552,100.0,0.0,0.0,0.0,25.0,0.0,26.25,0.0,26.125,0.0,25.125,10.0,0.0,0.0079,52.5264,5.2526,2.0,103.3847,1.8058,1.1801,1.4924,0.9865,1.4713,0.0002,1.6823,0.0003,3.489,12.0,0.0698,1.0019,0.1447,2.3824,0.0732,2.0861,0.0605,2.0039,0.0,0.0,0.0,29.9875,25.0,25.0,38.0,37.0,12.0,0.0,0.0,0.0,0.0,62.5854,0.0,44.9976,0.0,0.0
9670.0,1.7505,0.0938,1.0,0.0797,1.2014,2.0556,1.0556,2.1866,1.1866,26.7944,2.0718,26.364,2.0546,100.0,0.0,0.0,0.0,25.0,0.0,26.25,0.0,26.25,0.0,25.125,10.0,0.0,0.0082,52.5265,5.2527,2.0,104.7491,1.8081,1.2947,1.5049,1.0153,1.4744,0.0002,1.6856,0.0003,3.5035,12.0,0.0721,1.0019,0.1405,2.3695,0.0687,2.0588,0.0616,2.0117,0.0,0.0,0.0,29.9876,25.0,25.0,38.0,37.0,13.0,0.0,0.0,0.0,0.0,62.5854,0.0,44.9977,0.0,0.0
9671.0,1.7498,0.0937,1.0,0.0797,1.2015,2.0558,1.0558,2.1865,1.1865,26.6626,2.0665,26.362,2.0545,100.0,0.0,0.0,0.0,25.0,0.0,26.25,0.0,26.25,0.0,25.125,10.0,0.0,0.0083,52.5266,5.2527,2.0,106.7967,1.8114,1.2967,1.5051,1.0557,1.4788,0.0002,1.6902,0.0003,3.532,12.0,0.0726,1.0019,0.1182,2.2943,0.0606,2.0047,0.0727,2.0832,0.0,0.0,0.0,29.9872,25.0,25.0,38.0,37.0,15.0,0.0,0.0,0.0,0.0,62.5854,0.0,44.9974,0.0,0.0
9672.0,1.7508,0.0939,1.0,0.0797,1.2014,2.0557,1.0557,2.1862,1.1862,26.5567,2.0623,26.3591,2.0544,100.0,0.0,0.0,0.0,25.0,0.0,26.25,0.0,26.125,0.0,25.125,10.0,0.0,0.0082,52.5266,5.2527,2.0,109.395,1.8156,1.4154,1.518,1.0804,1.4815,0.0002,1.6936,0.0003,3.5516,12.0,0.072,1.0019,0.1286,2.3312,0.0607,2.0052,0.0686,2.0581,0.0,0.0,0.0,29.9872,26.0,25.0,38.0,37.0,14.0,0.0,0.0,0.0,0.0,62.5857,0.0,44.9976,0.0,0.0
9673.0,1.7508,0.0939,1.0,0.0794,1.2006,2.0553,1.0553,2.1861,1.1861,26.6352,2.0654,26.3742,2.055,100.0,0.0,0.0,0.0,25.0,0.0,26.125,0.0,26.125,0.0,25.125,10.0,0.0,0.0083,52.5264,5.2526,2.0,111.2915,1.8186,1.4346,1.5201,1.0988,1.4835,0.0002,1.6966,0.0003,3.5817,12.0,0.0699,1.0019,0.1526,2.4054,0.0592,1.9945,0.0726,2.0827,0.0,0.0,0.0,29.9871,26.0,25.0,38.0,37.0,15.0,0.0,0.0,0.0,0.0,62.5855,0.0,44.9975,0.0,0.0
9674.0,1.7508,0.0939,1.0,0.0795,1.2008,2.0547,1.0547,2.1862,1.1862,26.8005,2.072,26.3744,2.055,100.0,0.0,0.0,0.0,25.0,0.0,26.125,0.0,26.125,0.0,25.125,10.0,0.0,0.0081,52.5266,5.2526,2.0,111.9842,1.8197,1.3245,1.5081,1.1193,1.4857,0.0002,1.7002,0.0003,3.5964,12.0,0.0686,1.0018,0.1696,2.4513,0.0546,1.959,0.0644,2.0311,0.0,0.0,0.0,29.9871,26.0,25.0,38.0,37.0,15.0,0.0,0.0,0.0,0.0,62.5856,0.0,44.9975,0.0,0.0
9675.0,1.7509,0.0939,1.0,0.0793,1.2003,2.0552,1.0552,2.1865,1.1865,26.7943,2.0718,26.3617,2.0545,100.0,0.0,0.0,0.0,25.0,0.0,26.125,0.0,26.25,0.0,25.125,10.0,0.0,0.0086,52.5266,5.2527,2.0,113.0402,1.8213,1.2979,1.5052,1.1357,1.4875,0.0002,1.7032,0.0003,3.6148,12.0,0.0687,1.0018,0.171,2.4549,0.1111,2.2675,0.0623,2.0166,0.0,0.0,0.0,29.9873,26.0,25.0,38.0,37.0,13.0,0.0,0.0,0.0,0.0,62.5853,0.0,44.9977,0.0,0.0
9676.0,1.7503,0.0938,1.0,0.0795,1.2008,2.0556,1.0556,2.1865,1.1865,26.6923,2.0677,26.3564,2.0543,100.0,0.0,0.0,0.0,25.0,0.0,26.125,0.0,26.25,0.0,25.125,10.0,0.0,0.0086,52.5268,5.2527,2.0,113.3213,1.8217,1.0929,1.4829,1.1446,1.4885,0.0002,1.7066,0.0003,3.6343,12.0,0.0679,1.0018,0.153,2.4066,0.1086,2.2579,0.0527,1.9438,0.0,0.0,0.0,29.9873,26.0,25.0,38.0,37.0,16.0,0.0,0.0,0.0,0.0,62.5855,0.0,44.9974,0.0,0.0
9677.0,1.7509,0.0939,1.0,0.0795,1.201,2.0558,1.0558,2.1862,1.1862,26.5751,2.063,26.3525,2.0541,100.0,0.0,0.0,0.0,25.125,0.0,26.25,0.0,26.125,0.0,25.125,10.0,0.0,0.0087,52.5269,5.2527,2.0,113.7067,1.8223,1.1181,1.4856,1.1553,1.4897,0.0002,1.71,0.0007,2.8685,12.0,0.0683,1.0018,0.1577,2.4197,0.0837,2.1446,0.054,1.9541,0.0,0.0,0.0,29.9872,26.0,25.0,38.0,37.0,14.0,0.0,0.0,0.0,0.0,62.5855,0.0,44.9972,0.0,0.0
9678.0,1.7498,0.0937,1.0,0.0794,1.2006,2.0554,1.0554,2.1862,1.1862,26.6241,2.065,26.3731,2.0549,100.0,0.0,0.0,0.0,25.0,0.0,26.25,0.0,26.25,0.0,25.125,10.0,0.0,0.0086,52.5268,5.2527,2.0,115.3111,1.8247,1.1183,1.4856,1.1554,1.4897,0.0002,1.7125,0.0003,1.8471,11.0,0.0629,1.0017,0.1535,2.408,0.0888,2.1704,0.0697,2.0653,0.0,0.0,0.0,29.987,26.0,25.0,38.0,37.0,14.0,0.0,0.0,0.0,0.0,62.585,0.0,44.9973,0.0,0.0
9679.0,1.748,0.0935,1.0,0.0794,1.2007,2.0548,1.0548,2.1861,1.1861,26.7611,2.0704,26.3806,2.0552,100.0,0.0,0.0,0.0,25.0,0.0,26.125,0.0,26.125,0.0,25.125,10.0,0.0,0.0082,52.5267,5.2527,2.0,115.9866,1.8258,1.1251,1.4864,1.1593,1.4901,0.0002,1.7149,0.0003,1.8524,11.0,0.0617,1.0016,0.1471,2.3896,0.0864,2.1586,0.0701,2.0673,0.0,0.0,0.0,29.987,26.0,25.0,38.0,37.0,15.0,0.0,0.0,0.0,0.0,62.5854,0.0,44.9972,0.0,0.0
9680.0,1.7477,0.0935,1.0,0.0794,1.2006,2.055,1.055,2.1865,1.1865,26.8101,2.0724,26.365,2.0546,100.0,0.0,0.0,0.0,25.0,0.0,26.125,0.0,26.125,0.0,25.125,10.0,0.0,0.0082,52.5268,5.2527,2.0,117.8212,1.8285,1.1431,1.4883,1.165,1.4907,0.0002,1.7179,0.0003,1.8598,11.0,0.0637,1.0017,0.138,2.3617,0.085,2.151,0.0548,1.9603,0.0,0.0,0.0,29.9872,25.0,25.0,38.0,37.0,13.0,0.0,0.0,0.0,0.0,62.5858,0.0,44.9973,0.0,0.0
9681.0,1.7487,0.0936,1.0,0.0795,1.201,2.0554,1.0554,2.1865,1.1865,26.7248,2.069,26.3574,2.0543,100.0,0.0,0.0,0.0,25.0,0.0,26.125,0.0,26.125,0.0,25.125,10.0,0.0,0.0078,52.5268,5.2527,2.0,120.2387,1.832,1.2114,1.4958,1.1698,1.4912,0.0002,1.7215,0.0003,1.8667,11.0,0.0681,1.0018,0.1191,2.2979,0.0773,2.11,0.0554,1.9657,0.0,0.0,0.0,29.9874,25.0,25.0,38.0,37.0,12.0,0.0,0.0,0.0,0.0,62.5861,0.0,44.9974,0.0,0.0
9682.0,1.7489,0.0936,1.0,0.0794,1.2007,2.0554,1.0554,2.1863,1.1863,26.5969,2.0639,26.3513,2.0541,100.0,0.0,0.0,0.0,25.0,0.0,26.125,0.0,26.125,0.0,25.0,10.0,0.0,0.0085,52.5271,5.2527,2.0,121.4717,1.8338,1.0918,1.4827,1.1769,1.492,0.0002,1.7247,0.0003,1.8749,11.0,0.0667,1.0018,0.1203,2.3021,0.0736,2.0888,0.0565,1.974,0.0,0.0,0.0,29.9874,25.0,25.0,38.0,37.0,14.0,0.0,0.0,0.0,0.0,62.5857,0.0,44.9973,0.0,0.0
9683.0,1.7479,0.0935,1.0,0.0793,1.2004,2.0556,1.0556,2.1861,1.1861,26.5969,2.0639,26.3685,2.0547,100.0,0.0,0.0,0.0,25.0,0.0,26.125,0.0,26.125,0.0,25.0,10.0,0.0,0.0087,52.5271,5.2527,2.0,121.9871,1.8345,1.1262,1.4865,1.1669,1.4909,0.0002,1.7272,0.0003,1.882,11.0,0.0662,1.0018,0.1299,2.3356,0.068,2.0544,0.0732,2.0861,0.0,0.0,0.0,29.9873,25.0,25.0,38.0,37.0,14.0,0.0,0.0,0.0,0.0,62.5854,0.0,44.9974,0.0,0.0
9684.0,1.7469,0.0934,1.0,0.0795,1.2008,2.0552,1.0552,2.1862,1.1862,26.7611,2.0704,26.3823,2.0553,100.0,0.0,0.0,0.0,25.0,0.0,26.0,0.0,26.125,0.0,25.25,10.0,0.0,0.008,52.5269,5.2527,2.0,123.5336,1.8367,1.1126,1.485,1.1617,1.4904,0.0002,1.7299,0.0003,1.8881,11.0,0.063,1.0017,0.1151,2.2831,0.0702,2.0684,0.0615,2.0111,0.0,0.0,0.0,29.9868,25.0,25.0,38.0,37.0,14.0,0.0,0.0,0.0,0.0,62.5857,0.0,44.997,0.0,0.0
9685.0,1.7446,0.0931,1.0,0.0794,1.2007,2.0554,1.0554,2.1865,1.1865,26.8117,2.0725,26.3644,2.0546,100.0,0.0,0.0,0.0,25.0,0.0,26.125,0.0,26.25,0.0,25.125,10.0,0.0,0.0078,52.527,5.2527,2.0,124.1683,1.8376,1.0527,1.4785,1.1505,1.4891,0.0002,1.7322,0.0003,1.8936,11.0,0.0611,1.0016,0.1092,2.26,0.0615,2.0108,0.0659,2.0406,0.0,0.0,0.0,29.9875,25.0,25.0,38.0,37.0,12.0,0.0,0.0,0.0,0.0,62.585,0.0,44.9969,0.0,0.0
9686.0,1.7436,0.093,1.0,0.0793,1.2004,2.0555,1.0555,2.1865,1.1865,26.7264,2.0691,26.3571,2.0543,100.0,0.0,0.0,0.0,25.0,0.0,26.125,0.0,26.25,0.0,25.125,10.0,0.0,0.0078,52.5273,5.2527,2.0,125.1254,1.8389,0.9412,1.4663,1.1409,1.4881,0.0002,1.7349,0.0003,1.901,11.0,0.0623,1.0017,0.1034,2.2363,0.0655,2.0381,0.0626,2.0187,0.0,0.0,0.0,29.9876,25.0,25.0,38.0,37.0,14.0,0.0,0.0,0.0,0.0,62.5851,0.0,44.9973,0.0,0.0
9687.0,1.7436,0.0929,1.0,0.0793,1.2004,2.0554,1.0554,2.1865,1.1865,26.6297,2.0652,26.3543,2.0542,100.0,0.0,0.0,0.0,25.0,0.0,26.25,0.0,26.125,0.0,25.125,10.0,0.0,0.0084,52.5275,5.2528,2.0,124.8939,1.8386,0.9456,1.4668,1.1362,1.4876,0.0002,1.737,0.0003,1.9059,11.0,0.0602,1.0016,0.1016,2.2288,0.0564,1.9731,0.0733,2.087,0.0,0.0,0.0,29.9875,25.0,25.0,38.0,37.0,13.0,0.0,0.0,0.0,0.0,62.5857,0.0,44.9972,0.0,0.0
9688.0,1.7426,0.0928,1.0,0.0792,1.2001,2.0552,1.0552,2.1862,1.1862,26.5798,2.0632,26.3686,2.0547,100.0,0.0,0.0,0.0,25.0,0.0,26.125,0.0,26.25,0.0,25.125,10.0,0.0,0.0084,52.5275,5.2528,2.0,127.1475,1.8417,0.9969,1.4724,1.1157,1.4853,0.0002,1.7396,0.0003,1.9143,11.0,0.0635,1.0017,0.0906,2.1788,0.0667,2.0458,0.0682,2.0558,0.0,0.0,0.0,29.9875,25.0,25.0,38.0,37.0,13.0,0.0,0.0,0.0,0.0,62.5855,0.0,44.997,0.0,0.0
9689.0,1.7425,0.0928,1.0,0.0796,1.2011,2.055,1.055,2.1863,1.1863,26.7226,2.0689,26.38,2.0552,100.0,0.0,0.0,0.0,25.0,0.0,26.125,0.0,26.25,0.0,25.25,10.0,0.0,0.0085,52.5276,5.2528,2.0,128.5953,1.8437,1.0029,1.473,1.1161,1.4854,0.0002,1.7422,0.0003,1.9196,11.0,0.0634,1.0017,0.0785,2.1166,0.1114,2.2686,0.0662,2.043,0.0,0.0,0.0,29.9874,25.0,25.0,38.0,37.0,16.0,0.0,0.0,0.0,0.0,62.5853,0.0,44.9976,0.0,0.0
9690.0,1.7433,0.0929,1.0,0.0797,1.2015,2.0552,1.0552,2.1866,1.1866,26.814,2.0726,26.3673,2.0547,100.0,0.0,0.0,0.0,25.125,0.0,26.125,0.0,26.25,0.0,25.125,10.0,0.0,0.0084,52.5274,5.2527,2.0,130.1776,1.8458,0.9473,1.467,1.0827,1.4818,0.0002,1.7442,0.0003,1.9273,11.0,0.065,1.0017,0.0856,2.1546,0.0961,2.2047,0.0678,2.0529,0.0,0.0,0.0,29.9873,25.0,25.0,38.0,37.0,13.0,0.0,0.0,0.0,0.0,62.5859,0.0,44.9978,0.0,0.0
9691.0,1.7425,0.0928,1.0,0.0796,1.2011,2.0555,1.0555,2.1865,1.1865,26.7587,2.0703,26.3563,2.0543,100.0,0.0,0.0,0.0,25.125,0.0,26.125,0.0,26.25,0.0,25.125,10.0,0.0,0.0082,52.5273,5.2528,2.0,129.9179,1.8455,0.8731,1.4589,1.0763,1.481,0.0002,1.7464,0.0004,1.9339,11.0,0.0664,1.0018,0.1387,2.3639,0.1048,2.2422,0.0575,1.9816,0.0,0.0,0.0,29.9873,25.0,25.0,38.0,37.0,14.0,0.0,0.0,0.0,0.0,62.5857,0.0,44.9976,0.0,0.0
9692.0,1.7436,0.0929,1.0,0.0791,1.1997,2.0558,1.0558,2.1864,1.1864,26.638,2.0655,26.3534,2.0541,100.0,0.0,0.0,0.0,25.0,0.0,26.125,0.0,26.125,0.0,25.125,10.0,0.0,0.0083,52.5272,5.2527,2.0,130.4638,1.8462,0.8922,1.461,1.0638,1.4797,0.0003,1.7487,0.0004,1.9399,11.0,0.0602,1.0016,0.153,2.4065,0.0909,2.1802,0.0586,1.9901,0.0,0.0,0.0,29.9874,25.0,25.0,38.0,37.0,14.0,0.0,0.0,0.0,0.0,62.5849,0.0,44.9973,0.0,0.0
9693.0,1.7427,0.0928,1.0,0.0793,1.2003,2.0557,1.0557,2.186,1.186,26.5638,2.0626,26.3673,2.0547,100.0,0.0,0.0,0.0,25.0,0.0,26.125,0.0,26.25,0.0,25.25,10.0,0.0,0.0085,52.5274,5.2528,2.0,132.5853,1.849,0.9821,1.4708,1.0479,1.478,0.0003,1.7508,0.0004,1.9457,11.0,0.0616,1.0016,0.1376,2.3606,0.0754,2.0994,0.0513,1.9323,0.0,0.0,0.0,29.9869,25.0,25.0,38.0,37.0,13.0,0.0,0.0,0.0,0.0,62.5855,0.0,44.9977,0.0,0.0
9694.0,1.7435,0.0929,1.0,0.0792,1.1999,2.0549,1.0549,2.1861,1.1861,26.7013,2.0681,26.3799,2.0552,100.0,0.0,0.0,0.0,25.125,0.0,26.125,0.0,26.25,0.0,25.0,10.0,0.0,0.0079,52.5276,5.2528,2.0,135.2061,1.8524,0.9906,1.4717,1.0297,1.476,0.0003,1.753,0.0004,1.9515,11.0,0.0612,1.0016,0.1175,2.2919,0.0863,2.1578,0.0527,1.9439,0.0,0.0,0.0,29.9873,25.0,25.0,38.0,37.0,14.0,0.0,0.0,0.0,0.0,62.5854,0.0,44.9973,0.0,0.0
9695.0,1.7429,0.0929,1.0,0.0792,1.2002,2.0548,1.0548,2.1865,1.1865,26.8265,2.0731,26.3653,2.0546,100.0,0.0,0.0,0.0,25.0,0.0,26.125,0.0,26.125,0.0,25.125,10.0,0.0,0.0086,52.5276,5.2528,2.0,135.8683,1.8532,1.0289,1.4759,1.0316,1.4762,0.0003,1.7554,0.0004,1.9583,11.0,0.0613,1.0016,0.1247,2.3177,0.0762,2.1038,0.0521,1.9383,0.0,0.0,0.0,29.9873,25.0,25.0,38.0,37.0,15.0,0.0,0.0,0.0,0.0,62.5857,0.0,44.9975,0.0,0.0
9696.0,1.7446,0.0931,1.0,0.0795,1.2009,2.0553,1.0553,2.1866,1.1866,26.7663,2.0707,26.3597,2.0544,100.0,0.0,0.0,0.0,25.125,0.0,26.125,0.0,26.25,0.0,25.0,10.0,0.0,0.0083,52.5278,5.2528,2.0,137.1561,1.8549,0.9411,1.4663,1.0068,1.4735,0.0003,1.7572,0.0004,1.9667,11.0,0.0653,1.0017,0.1216,2.3067,0.082,2.1359,0.0523,1.9404,0.0,0.0,0.0,29.9877,25.0,25.0,38.0,37.0,15.0,0.0,0.0,0.0,0.0,62.5856,0.0,44.9975,0.0,0.0
9697.0,1.745,0.0931,1.0,0.0797,1.2014,2.0558,1.0558,2.1865,1.1865,26.6475,2.0659,26.3548,2.0542,100.0,0.0,0.0,0.0,25.0,0.0,26.125,0.0,26.125,0.0,25.125,10.0,0.0,0.0081,52.5281,5.2528,2.0,138.795,1.8569,0.9398,1.4662,1.0005,1.4728,0.0003,1.7596,0.0004,1.9718,11.0,0.0644,1.0017,0.1148,2.2818,0.0753,2.0986,0.0504,1.9242,0.0,0.0,0.0,29.9874,25.0,25.0,38.0,37.0,15.0,0.0,0.0,0.0,0.0,62.5852,0.0,44.998,0.0,0.0
9698.0,1.7456,0.0932,1.0,0.0796,1.2013,2.0555,1.0555,2.1863,1.1863,26.5713,2.0629,26.3537,2.0541,100.0,0.0,0.0,0.0,25.0,0.0,26.125,0.0,26.125,0.0,25.125,10.0,0.0,0.0087,52.5277,5.2527,2.0,138.9229,1.8571,0.9213,1.4641,0.9928,1.4719,0.0003,1.7611,0.0004,1.9757,11.0,0.0652,1.0017,0.1232,2.3125,0.0725,2.0822,0.0477,1.8999,0.0,0.0,0.0,29.9875,25.0,25.0,38.0,37.0,13.0,0.0,0.0,0.0,0.0,62.5855,16.0,45.0952,0.0,0.0
9699.0,1.7451,0.0931,1.0,0.0795,1.2009,2.0552,1.0552,2.1861,1.1861,26.6901,2.0676,26.3772,2.0551,100.0,0.0,0.0,0.0,25.0,0.0,26.0,0.0,26.25,0.0,25.125,10.0,0.0,0.0087,52.5276,5.2528,2.0,141.251,1.86,0.9439,1.4666,0.9811,1.4707,0.0003,1.7639,0.0004,1.9855,11.0,0.0652,1.0017,0.1614,2.4296,0.0686,2.0582,0.0557,1.9677,0.0,0.0,0.0,29.9868,25.0,25.0,38.0,37.0,12.0,0.0,0.0,0.0,0.0,62.5854,16.0,45.2827,0.0,0.0
9700.0,1.7436,0.093,1.0,0.0798,1.2016,2.0551,1.0551,2.1863,1.1863,26.8114,2.0725,26.3741,2.055,100.0,0.0,0.0,0.0,24.875,0.0,26.125,0.0,26.125,0.0,25.125,10.0,0.0,0.0081,52.5277,5.2528,2.0,142.3159,1.8613,0.9488,1.4671,0.9649,1.4689,0.0003,1.7655,0.0004,1.9919,11.0,0.0683,1.0018,0.1709,2.4547,0.0611,2.0078,0.0488,1.9105,0.0,0.0,0.0,29.987,25.0,25.0,38.0,37.0,13.0,0.0,0.0,0.0,0.0,62.5853,0.0,45.3925,0.0,0.0
9701.0,1.7435,0.0929,1.0,0.0794,1.2007,2.0556,1.0556,2.1866,1.1866,26.7875,2.0715,26.3653,2.0546,100.0,0.0,0.0,0.0,25.125,0.0,26.125,0.0,26.25,0.0,25.0,10.0,0.0,0.0082,52.5278,5.2528,2.0,143.2641,1.8625,0.9059,1.4625,0.9523,1.4675,0.0003,1.7675,0.0004,1.9972,11.0,0.0648,1.0017,0.1564,2.4161,0.0667,2.0461,0.0524,1.9408,0.0,0.0,0.0,29.9875,25.0,25.0,38.0,37.0,13.0,0.0,0.0,0.0,0.0,62.5852,16.0,45.394,0.0,0.0
9702.0,1.7416,0.0927,1.0,0.0795,1.2009,2.056,1.056,2.186,1.186,26.6805,2.0672,26.3651,2.0546,100.0,0.0,0.0,0.0,25.0,0.0,26.125,0.0,26.125,0.0,25.0,10.0,0.0,0.0085,52.5278,5.2528,2.0,144.3532,1.8638,0.933,1.4654,0.9342,1.4656,0.0003,1.7694,0.0004,2.0018,11.0,0.0686,1.0018,0.1251,2.3192,0.0559,1.9695,0.0639,2.0275,0.0,0.0,0.0,29.9872,25.0,25.0,38.0,37.0,12.0,0.0,0.0,0.0,0.0,62.5858,16.0,45.5512,0.0,0.0
9703.0,1.7424,0.0928,1.0,0.0793,1.2004,2.0558,1.0558,2.1861,1.1861,26.5689,2.0628,26.3652,2.0546,100.0,0.0,0.0,0.0,25.0,0.0,26.125,0.0,26.125,0.0,25.125,10.0,0.0,0.0086,52.528,5.2528,2.0,146.7259,1.8666,0.9391,1.4661,0.9217,1.4642,0.0003,1.771,0.0004,2.0092,11.0,0.062,1.0017,0.1565,2.4164,0.0546,1.9591,0.0665,2.0446,0.0,0.0,0.0,29.987,25.0,25.0,38.0,37.0,13.0,0.0,0.0,0.0,0.0,62.5856,0.0,45.7407,0.0,0.0
9704.0,1.7426,0.0928,1.0,0.0795,1.201,2.0553,1.0553,2.1859,1.1859,26.6443,2.0658,26.3854,2.0554,100.0,0.0,0.0,0.0,25.0,0.0,26.125,0.0,26.125,0.0,25.125,10.0,0.0,0.0089,52.5282,5.2528,2.0,146.6727,1.8665,0.9176,1.4637,0.9048,1.4623,0.0003,1.773,0.0004,2.0173,11.0,0.0643,1.0017,0.2072,2.5383,0.0474,1.8978,0.0565,1.9736,0.0,0.0,0.0,29.9873,25.0,25.0,38.0,37.0,13.0,0.0,0.0,0.0,0.0,62.5853,0.0,45.7818,0.0,0.0
9705.0,1.7425,0.0928,1.0,0.0796,1.2012,2.0551,1.0551,2.186,1.186,26.7936,2.0717,26.3872,2.0555,100.0,0.0,0.0,0.0,25.0,0.0,26.125,0.0,26.25,0.0,25.125,10.0,0.0,0.0085,52.5283,5.2528,2.0,150.0635,1.8705,1.0812,1.4816,0.8907,1.4608,0.0003,1.7745,0.0004,2.0193,11.0,0.0663,1.0018,0.2249,2.5738,0.0477,1.9,0.0537,1.9514,0.0,0.0,0.0,29.9871,25.0,25.0,38.0,37.0,14.0,0.0,0.0,0.0,0.0,62.5854,0.0,45.7817,0.0,0.0
9706.0,1.7425,0.0928,1.0,0.0795,1.201,2.0556,1.0556,2.1866,1.1866,26.7958,2.0718,26.3671,2.0547,100.0,0.0,0.0,0.0,25.0,0.0,26.0,0.0,26.25,0.0,25.125,10.0,0.0,0.0083,52.5284,5.2528,2.0,152.5314,1.8733,1.1177,1.4856,0.879,1.4595,0.0003,1.7764,0.0004,2.0272,11.0,0.0668,1.0018,0.1674,2.4456,0.0508,1.9276,0.0662,2.0427,0.0,0.0,0.0,29.9874,25.0,25.0,38.0,37.0,13.0,0.0,0.0,0.0,0.0,62.5854,0.0,45.782,0.0,0.0
9707.0,1.7425,0.0928,1.0,0.0796,1.2012,2.0556,1.0556,2.1864,1.1864,26.6956,2.0678,26.3564,2.0543,100.0,0.0,0.0,0.0,24.875,0.0,26.125,0.0,26.125,0.0,25.125,10.0,0.0,0.0087,52.5281,5.2528,2.0,154.6566,1.8757,1.0363,1.4767,0.8754,1.4591,0.0003,1.7783,0.0004,2.0343,11.0,0.0672,1.0018,0.2736,2.659,0.0423,1.8477,0.0634,2.0238,0.0,0.0,0.0,29.9872,25.0,25.0,38.0,37.0,13.0,0.0,0.0,0.0,0.0,62.5857,0.0,45.7821,0.0,0.0
9708.0,1.7435,0.0929,1.0,0.0795,1.2009,2.0558,1.0558,2.1863,1.1863,26.5822,2.0633,26.3518,2.0541,100.0,0.0,0.0,0.0,25.0,0.0,26.125,0.0,26.25,0.0,25.0,10.0,0.0,0.0102,52.5282,5.2528,2.0,154.719,1.8758,1.2858,1.5039,0.8657,1.4581,0.0003,1.7802,0.0004,2.0391,11.0,0.0679,1.0018,0.2887,2.6823,0.0935,2.1925,0.0614,2.0097,0.0,0.0,0.0,29.9869,25.0,25.0,38.0,37.0,12.0,0.0,0.0,0.0,0.0,62.5852,0.0,45.7821,0.0,0.0
9709.0,1.7426,0.0928,1.0,0.0798,1.2016,2.0555,1.0555,2.1861,1.1861,26.5972,2.0639,26.3705,2.0548,100.0,0.0,0.0,0.0,24.875,0.0,26.125,0.0,26.25,0.0,25.125,10.0,0.0,0.0089,52.5283,5.2529,2.0,160.3167,1.882,1.1322,1.4871,0.8598,1.4574,0.0003,1.7823,0.0004,2.043,11.0,0.0725,1.0019,0.255,2.6283,0.086,2.1564,0.0592,1.994,0.0,0.0,0.0,29.987,26.0,25.0,38.0,37.0,13.0,0.0,0.0,0.0,0.0,62.5852,0.0,45.7822,0.0,0.0
9710.0,1.7423,0.0928,1.0,0.0796,1.2012,2.0548,1.0548,2.1863,1.1863,26.791,2.0716,26.3781,2.0551,100.0,0.0,0.0,0.0,25.125,0.0,26.0,0.0,26.125,0.0,25.0,10.0,0.0,0.0081,52.5283,5.2528,2.0,159.9588,1.8816,1.1396,1.488,0.8605,1.4575,0.0003,1.7846,0.0004,2.0509,11.0,0.071,1.0019,0.3656,2.7849,0.0864,2.1582,0.0699,2.0662,0.0,0.0,0.0,29.9871,26.0,25.0,38.0,37.0,11.0,0.0,0.0,0.0,0.0,62.5855,0.0,45.7821,0.0,0.0
9711.0,1.7426,0.0928,1.0,0.0794,1.2006,2.0551,1.0551,2.1866,1.1866,26.7972,2.0719,26.3608,2.0544,100.0,0.0,0.0,0.0,25.0,0.0,26.125,0.0,26.125,0.0,25.0,10.0,0.0,0.0789,52.5284,5.2529,2.0,163.974,1.8859,1.2015,1.4947,0.8667,1.4582,0.0003,1.787,0.0004,2.062,11.0,0.0698,1.0019,0.4002,2.8241,0.0822,2.137,0.0719,2.0789,0.0,0.0,0.0,29.9867,26.0,25.0,38.0,37.0,16.0,0.0,0.0,0.0,0.0,62.5849,0.0,45.7818,0.0,0.0
9712.0,1.7426,0.0928,1.0,0.0795,1.2009,2.0554,1.0554,2.1865,1.1865,26.7029,2.0681,26.3561,2.0542,100.0,0.0,0.0,0.0,25.0,0.0,26.125,0.0,26.125,0.0,25.0,10.0,0.0,0.0084,52.5283,5.2529,2.0,167.3486,1.8894,1.3483,1.5107,0.8783,1.4595,0.0003,1.7894,0.0004,2.0678,11.0,0.0692,1.0018,0.3535,2.7703,0.0725,2.0819,0.0642,2.0294,0.0,0.0,0.0,29.987,26.0,25.0,38.0,37.0,15.0,0.0,0.0,0.0,0.0,62.5855,0.0,45.7818,0.0,0.0
9713.0,1.7445,0.0931,1.0,0.0795,1.2009,2.0554,1.0554,2.1863,1.1863,26.587,2.0635,26.3521,2.0541,100.0,0.0,0.0,0.0,24.875,0.0,26.125,0.0,26.125,0.0,25.125,10.0,0.0,0.0089,52.5288,5.2529,2.0,169.0667,1.8912,1.2686,1.502,0.8839,1.4601,0.0003,1.7916,0.0004,2.073,11.0,0.0667,1.0018,0.3922,2.8154,0.0708,2.0721,0.0589,1.9921,0.0,0.0,0.0,29.9875,25.0,25.0,38.0,37.0,14.0,0.0,0.0,0.0,0.0,62.5855,0.0,45.7827,0.0,0.0
9714.0,1.7437,0.093,1.0,0.0799,1.2019,2.0553,1.0553,2.1862,1.1862,26.5971,2.0639,26.37,2.0548,100.0,0.0,0.0,0.0,25.25,0.0,26.125,0.0,26.125,0.0,25.125,10.0,0.0,0.0085,52.5284,5.2528,2.0,170.5115,1.8927,1.2587,1.501,0.8968,1.4615,0.0003,1.7942,0.0004,2.0836,11.0,0.0709,1.0019,0.3466,2.7616,0.0712,2.0742,0.0602,2.0016,0.0,0.0,0.0,29.9871,25.0,25.0,38.0,37.0,16.0,0.0,0.0,0.0,0.0,62.5853,0.0,45.7821,0.0,0.0
9715.0,1.7438,0.093,1.0,0.0794,1.2007,2.0551,1.0551,2.1861,1.1861,26.7602,2.0704,26.3859,2.0554,100.0,0.0,0.0,0.0,24.875,0.0,26.125,0.0,26.25,0.0,25.125,10.0,0.0,0.0083,52.5286,5.2528,2.0,171.0329,1.8932,1.0841,1.4819,0.905,1.4624,0.0003,1.7965,0.0004,2.0888,11.0,0.0698,1.0019,0.3156,2.721,0.0675,2.0514,0.0607,2.0047,0.0,0.0,0.0,29.9873,25.0,25.0,38.0,37.0,13.0,0.0,0.0,0.0,0.0,62.5853,0.0,45.7823,0.0,0.0
9716.0,1.7429,0.0929,1.0,0.0795,1.2008,2.0554,1.0554,2.1865,1.1865,26.8076,2.0723,26.3641,2.0546,100.0,0.0,0.0,0.0,25.0,0.0,26.25,0.0,26.125,0.0,25.125,10.0,0.0,0.0085,52.5287,5.2529,2.0,170.6478,1.8928,0.9569,1.468,0.9175,1.4637,0.0003,1.7992,0.0004,2.0981,11.0,0.0657,1.0018,0.3063,2.7081,0.0673,2.0499,0.0587,1.9902,0.0,0.0,0.0,29.9873,25.0,25.0,38.0,37.0,15.0,0.0,0.0,0.0,0.0,62.5851,0.0,45.7821,0.0,0.0
9717.0,1.7426,0.0928,1.0,0.0793,1.2003,2.0554,1.0554,2.1865,1.1865,26.7253,2.069,26.3566,2.0543,100.0,0.0,0.0,0.0,25.0,0.0,26.0,0.0,26.125,0.0,25.125,10.0,0.0,0.0083,52.5287,5.2529,2.0,171.4902,1.8937,0.9463,1.4669,0.924,1.4644,0.0003,1.8015,0.0004,2.1074,11.0,0.0663,1.0018,0.3026,2.7028,0.0586,1.9894,0.0616,2.0114,0.0,0.0,0.0,29.9876,25.0,25.0,38.0,37.0,13.0,0.0,0.0,0.0,0.0,62.5847,0.0,45.782,0.0,0.0
9718.0,1.7425,0.0928,1.0,0.0793,1.2002,2.0558,1.0558,2.1863,1.1863,26.6014,2.0641,26.3591,2.0544,100.0,0.0,0.0,0.0,25.125,0.0,26.125,0.0,26.125,0.0,25.125,10.0,0.0,0.0083,52.5288,5.2529,2.0,172.6253,1.8948,0.8604,1.4575,0.926,1.4647,0.0003,1.8038,0.0004,2.1162,11.0,0.0611,1.0016,0.2951,2.6918,0.0586,1.99,0.06,2.0,0.0,0.0,0.0,29.9873,26.0,25.0,38.0,37.0,15.0,0.0,0.0,0.0,0.0,62.5855,0.0,45.7825,0.0,0.0
9719.0,1.7416,0.0927,1.0,0.0793,1.2002,2.0557,1.0557,2.186,1.186,26.5638,2.0626,26.3724,2.0549,100.0,0.0,0.0,0.0,25.0,0.0,26.0,0.0,26.125,0.0,25.125,10.0,0.0,0.0089,52.5289,5.2529,2.0,172.3525,1.8946,0.8066,1.4516,0.9371,1.4659,0.0003,1.806,0.0004,2.1236,11.0,0.0642,1.0017,0.3309,2.7416,0.0535,1.9504,0.066,2.0411,0.0,0.0,0.0,29.9864,26.0,25.0,38.0,37.0,14.0,0.0,0.0,0.0,0.0,62.5851,0.0,45.7816,0.0,0.0
9720.0,1.7406,0.0926,1.0,0.0794,1.2006,2.0552,1.0552,2.1857,1.1857,26.7227,2.0689,26.3902,2.0556,100.0,0.0,0.0,0.0,25.0,0.0,26.125,0.0,26.125,0.0,25.125,10.0,0.0,0.0084,52.5291,5.2529,2.0,174.015,1.8962,0.8348,1.4547,0.9404,1.4662,0.0003,1.8087,0.0004,2.1329,11.0,0.0629,1.0017,0.3169,2.7228,0.0529,1.9449,0.059,1.9925,0.0,0.0,0.0,29.9867,26.0,25.0,38.0,37.0,16.0,0.0,0.0,0.0,0.0,62.5856,0.0,45.7819,0.0,0.0
9721.0,1.7425,0.0928,1.0,0.0795,1.2009,2.0551,1.0551,2.1865,1.1865,26.8118,2.0725,26.3677,2.0547,100.0,0.0,0.0,0.0,25.0,0.0,26.125,0.0,26.125,0.0,25.125,10.0,0.0,0.0086,52.529,5.2529,2.0,176.2632,1.8985,0.8516,1.4565,0.9469,1.4669,0.0003,1.8112,0.0004,2.1411,11.0,0.0654,1.0017,0.3808,2.8025,0.0444,1.8694,0.0573,1.9804,0.0,0.0,0.0,29.9868,26.0,25.0,38.0,37.0,15.0,0.0,0.0,0.0,0.0,62.5854,0.0,45.7817,0.0,0.0
9722.0,1.7446,0.0931,1.0,0.0796,1.2011,2.0554,1.0554,2.1865,1.1865,26.7381,2.0695,26.3473,2.0539,100.0,0.0,0.0,0.0,25.0,0.0,26.125,0.0,26.125,0.0,25.125,10.0,0.0,0.0089,52.5287,5.2528,2.0,176.7187,1.8989,0.7642,1.447,0.9478,1.467,0.0003,1.8136,0.0004,2.1488,11.0,0.0669,1.0018,0.2946,2.691,0.0484,1.9065,0.0682,2.0558,0.0,0.0,0.0,29.987,25.0,25.0,38.0,37.0,14.0,0.0,0.0,0.0,0.0,62.5855,0.0,45.7821,0.0,0.0
9723.0,1.7446,0.0931,1.0,0.0798,1.2016,2.0556,1.0556,2.1864,1.1864,26.6286,2.0651,26.3525,2.0541,100.0,0.0,0.0,0.0,25.0,0.0,26.125,0.0,26.125,0.0,25.0,10.0,0.0,0.0088,52.5288,5.2529,2.0,178.3286,1.9005,0.8316,1.4544,0.9466,1.4669,0.0003,1.8161,0.0004,2.1593,11.0,0.0736,1.002,0.2489,2.6179,0.0435,1.8599,0.0595,1.9965,0.0,0.0,0.0,29.987,25.0,25.0,38.0,37.0,13.0,0.0,0.0,0.0,0.0,62.5855,0.0,45.782,0.0,0.0
9724.0,1.7444,0.0931,1.0,0.0797,1.2014,2.0556,1.0556,2.1859,1.1859,26.5644,2.0626,26.3697,2.0548,100.0,0.0,0.0,0.0,25.0,0.0,26.125,0.0,26.125,0.0,25.0,10.0,0.0,0.0088,52.5292,5.2529,2.0,179.1759,1.9013,0.7715,1.4478,0.9488,1.4671,0.0003,1.8185,0.0004,2.1681,11.0,0.0695,1.0019,0.2387,2.5997,0.0456,1.8809,0.0629,2.0206,0.0,0.0,0.0,29.9871,25.0,25.0,38.0,37.0,16.0,0.0,0.0,0.0,0.0,62.586,0.0,45.7822,0.0,0.0
9725.0,1.7449,0.0931,1.0,0.0796,1.2011,2.0548,1.0548,2.1861,1.1861,26.6973,2.0679,26.3786,2.0551,100.0,0.0,0.0,0.0,25.0,0.0,26.125,0.0,26.25,0.0,25.125,10.0,0.0,0.0087,52.5291,5.2529,2.0,180.4498,1.9025,0.6342,1.4328,0.9439,1.4666,0.0003,1.8206,0.0004,2.1746,11.0,0.0679,1.0018,0.2979,2.6959,0.0431,1.8566,0.0562,1.9713,0.0,0.0,0.0,29.9866,25.0,25.0,38.0,37.0,13.0,0.0,0.0,0.0,0.0,62.585,0.0,45.7818,0.0,0.0
9726.0,1.7441,0.093,1.0,0.0797,1.2016,2.0551,1.0551,2.1862,1.1862,26.8063,2.0723,26.3761,2.055,100.0,0.0,0.0,0.0,25.0,0.0,26.25,0.0,26.125,0.0,25.125,10.0,0.0,0.0088,52.5291,5.253,2.0,178.4304,1.9006,0.5619,1.4249,0.9353,1.4657,0.0003,1.8226,0.0004,2.1835,11.0,0.0714,1.0019,0.2443,2.6097,0.0358,1.7761,0.0619,2.0134,0.0,0.0,0.0,29.9871,25.0,25.0,38.0,37.0,14.0,0.0,0.0,0.0,0.0,62.5851,0.0,45.7821,0.0,0.0
9727.0,1.7446,0.0931,1.0,0.0795,1.201,2.0555,1.0555,2.1865,1.1865,26.7654,2.0706,26.359,2.0544,100.0,0.0,0.0,0.0,25.0,0.0,26.125,0.0,26.25,0.0,25.0,10.0,0.0,0.0083,52.529,5.2529,2.0,179.9707,1.9021,0.666,1.4363,0.9364,1.4658,0.0003,1.8249,0.0004,2.1919,11.0,0.07,1.0019,0.2405,2.6029,0.038,1.8013,0.0601,2.0008,0.0,0.0,0.0,29.9873,25.0,25.0,38.0,37.0,16.0,0.0,0.0,0.0,0.0,62.5855,0.0,45.7823,0.0,0.0
9728.0,1.7446,0.0931,1.0,0.0793,1.2004,2.0554,1.0554,2.1864,1.1864,26.6421,2.0657,26.3547,2.0542,100.0,0.0,0.0,0.0,25.0,0.0,26.125,0.0,26.125,0.0,25.0,10.0,0.0,0.0084,52.5292,5.2529,2.0,182.3096,1.9043,0.7007,1.4401,0.9242,1.4645,0.0004,1.8271,0.0005,2.2004,11.0,0.0644,1.0017,0.2076,2.539,0.0376,1.797,0.0518,1.9359,0.0,0.0,0.0,29.9869,25.0,25.0,38.0,37.0,15.0,0.0,0.0,0.0,0.0,62.5852,0.0,45.7822,0.0,0.0
9729.0,1.7457,0.0932,1.0,0.0795,1.2008,2.0558,1.0558,2.1862,1.1862,26.5572,2.0623,26.3586,2.0543,100.0,0.0,0.0,0.0,24.875,0.0,26.125,0.0,26.125,0.0,25.125,10.0,0.0,0.008,52.5292,5.2529,2.0,183.5168,1.9055,0.6471,1.4342,0.9156,1.4635,0.0004,1.8287,0.0005,2.2074,11.0,0.0631,1.0017,0.3035,2.704,0.0336,1.7477,0.048,1.9034,0.0,0.0,0.0,29.9872,25.0,25.0,38.0,37.0,15.0,0.0,0.0,0.0,0.0,62.5854,0.0,45.7821,0.0,0.0
9730.0,1.7447,0.0931,1.0,0.0795,1.2008,2.0553,1.0553,2.1861,1.1861,26.6625,2.0665,26.386,2.0554,100.0,0.0,0.0,0.0,24.875,0.0,26.125,0.0,26.125,0.0,25.125,10.0,0.0,0.0078,52.5296,5.253,2.0,185.3515,1.9072,0.7767,1.4484,0.911,1.463,0.0004,1.8308,0.0005,2.2159,11.0,0.0645,1.0017,0.2839,2.675,0.0336,1.748,0.0492,1.9139,0.0,0.0,0.0,29.987,25.0,25.0,38.0,37.0,15.0,0.0,0.0,0.0,0.0,62.5856,0.0,45.7825,0.0,0.0
9731.0,1.7446,0.0931,1.0,0.0795,1.2008,2.0551,1.0551,2.1861,1.1861,26.8112,2.0724,26.3824,2.0553,100.0,0.0,0.0,0.0,24.875,0.0,26.0,0.0,26.125,0.0,25.0,10.0,0.0,0.0086,52.5297,5.2529,2.0,189.6454,1.9112,0.8968,1.4615,0.9045,1.4623,0.0004,1.833,0.0005,2.2231,11.0,0.0715,1.0019,0.2272,2.5782,0.0323,1.7317,0.0487,1.909,0.0,0.0,0.0,29.9872,25.0,25.0,38.0,37.0,15.0,0.0,0.0,0.0,0.0,62.5848,0.0,45.782,0.0,0.0
9732.0,1.7437,0.093,1.0,0.0796,1.2012,2.0557,1.0557,2.1862,1.1862,26.7848,2.0714,26.3645,2.0546,100.0,0.0,0.0,0.0,24.875,0.0,26.125,0.0,26.125,0.0,25.125,10.0,0.0,0.0093,52.5296,5.2529,2.0,190.4246,1.9119,0.8308,1.4543,0.9,1.4618,0.0004,1.8352,0.0005,2.233,11.0,0.0719,1.0019,0.304,2.7048,0.0298,1.6962,0.0494,1.9153,0.0,0.0,0.0,29.9867,25.0,25.0,38.0,37.0,13.0,0.0,0.0,0.0,0.0,62.5856,0.0,45.7819,0.0,0.0
9733.0,1.7436,0.093,1.0,0.0795,1.2009,2.0558,1.0558,2.1863,1.1863,26.6769,2.0671,26.355,2.0542,100.0,0.0,0.0,0.0,25.0,0.0,26.0,0.0,26.125,0.0,25.0,10.0,0.0,0.0082,52.5293,5.2529,2.0,192.7103,1.914,0.7769,1.4484,0.8934,1.4611,0.0004,1.8371,0.0005,2.2414,11.0,0.068,1.0018,0.3329,2.7441,0.0287,1.6801,0.0622,2.0157,0.0,0.0,0.0,29.9869,25.0,25.0,38.0,37.0,14.0,0.0,0.0,0.0,0.0,62.5855,0.0,45.7818,0.0,0.0
9734.0,1.7436,0.093,1.0,0.0795,1.2009,2.0557,1.0557,2.1862,1.1862,26.5486,2.0619,26.3561,2.0542,100.0,0.0,0.0,0.0,25.0,0.0,26.125,0.0,26.125,0.0,25.125,10.0,0.0,0.0082,52.5294,5.253,2.0,192.2915,1.9136,0.7731,1.448,0.8845,1.4601,0.0004,1.839,0.0005,2.2493,11.0,0.0626,1.0017,0.2805,2.6697,0.0275,1.6617,0.0711,2.0738,0.0,0.0,0.0,29.9869,25.0,25.0,38.0,37.0,14.0,0.0,0.0,0.0,0.0,62.585,0.0,45.7818,0.0,0.0
9735.0,1.7441,0.093,1.0,0.0794,1.2006,2.0552,1.0552,2.186,1.186,26.6187,2.0647,26.3744,2.055,100.0,0.0,0.0,0.0,24.875,0.0,26.125,0.0,26.125,0.0,25.125,10.0,0.0,0.0081,52.5293,5.2529,2.0,194.3582,1.9154,0.7966,1.4505,0.8752,1.4591,0.0004,1.8406,0.0005,2.2569,11.0,0.0636,1.0017,0.3017,2.7014,0.028,1.669,0.0614,2.0103,0.0,0.0,0.0,29.9871,25.0,25.0,38.0,37.0,13.0,0.0,0.0,0.0,0.0,62.5855,0.0,45.7817,0.0,0.0
9736.0,1.7426,0.0928,1.0,0.0795,1.2009,2.0547,1.0547,2.1862,1.1862,26.797,2.0719,26.3783,2.0551,100.0,0.0,0.0,0.0,25.0,0.0,26.125,0.0,26.125,0.0,25.0,10.0,0.0,0.009,52.5295,5.2529,2.0,195.2598,1.9162,0.7349,1.4438,0.8636,1.4578,0.0004,1.8425,0.0005,2.2654,11.0,0.063,1.0017,0.2705,2.6541,0.0242,1.605,0.059,1.9925,0.0,0.0,0.0,29.987,25.0,25.0,38.0,37.0,13.0,0.0,0.0,0.0,0.0,62.5855,0.0,45.7826,0.0,0.0
9737.0,1.7436,0.0929,1.0,0.0794,1.2005,2.0552,1.0552,2.1866,1.1866,26.8101,2.0724,26.3632,2.0545,100.0,0.0,0.0,0.0,25.0,0.0,26.125,0.0,26.125,0.0,25.125,10.0,0.0,0.0083,52.5296,5.2529,2.0,196.7465,1.9176,0.7708,1.4477,0.8556,1.457,0.0004,1.844,0.0005,2.2724,11.0,0.0622,1.0017,0.2064,2.5365,0.023,1.5845,0.0652,2.036,0.0,0.0,0.0,29.9875,25.0,25.0,38.0,37.0,13.0,0.0,0.0,0.0,0.0,62.5849,0.0,45.7823,0.0,0.0
9738.0,1.7445,0.0931,1.0,0.0795,1.201,2.0556,1.0556,2.1865,1.1865,26.7121,2.0685,26.3558,2.0542,100.0,0.0,0.0,0.0,25.0,0.0,26.125,0.0,26.125,0.0,25.0,10.0,0.0,0.0087,52.5297,5.253,2.0,198.7781,1.9193,0.802,1.4511,0.8459,1.4559,0.0004,1.8461,0.0005,2.2818,11.0,0.0672,1.0018,0.2393,2.6008,0.0214,1.5527,0.0661,2.0423,0.0,0.0,0.0,29.987,25.0,25.0,38.0,37.0,13.0,0.0,0.0,0.0,0.0,62.5851,0.0,45.7821,0.0,0.0
9739.0,1.7446,0.0931,1.0,0.0797,1.2014,2.0556,1.0556,2.1862,1.1862,26.5724,2.0629,26.3541,2.0542,100.0,0.0,0.0,0.0,25.0,0.0,26.125,0.0,26.125,0.0,25.125,10.0,0.0,0.0087,52.5297,5.253,2.0,201.0724,1.9213,0.7926,1.4501,0.8366,1.4549,0.0004,1.8485,0.0005,2.2932,11.0,0.0714,1.0019,0.2221,2.5684,0.0197,1.5156,0.0606,2.004,0.0,0.0,0.0,29.9871,25.0,25.0,38.0,37.0,13.0,0.0,0.0,0.0,0.0,62.5858,0.0,45.7818,0.0,0.0
9740.0,1.7438,0.093,1.0,0.0796,1.2012,2.0554,1.0554,2.1861,1.1861,26.6356,2.0654,26.3762,2.055,100.0,0.0,0.0,0.0,25.0,0.0,26.125,0.0,26.0,0.0,25.125,10.0,0.0,0.0079,52.5298,5.253,2.0,202.3416,1.9224,0.7456,1.445,0.8368,1.4549,0.0004,1.8504,0.0005,2.2998,11.0,0.0702,1.0019,0.1948,2.5113,0.0182,1.4829,0.0512,1.9313,0.0,0.0,0.0,29.9869,25.0,25.0,38.0,37.0,13.0,0.0,0.0,0.0,0.0,62.5848,0.0,45.7814,0.0,0.0
9741.0,1.7447,0.0931,1.0,0.0794,1.2005,2.0549,1.0549,2.1862,1.1862,26.7919,2.0717,26.3787,2.0551,100.0,0.0,0.0,0.0,25.0,0.0,26.125,0.0,26.125,0.0,25.125,10.0,0.0,0.0083,52.5297,5.253,2.0,202.0446,1.9222,0.7955,1.4504,0.8322,1.4544,0.0004,1.8521,0.0005,2.3091,11.0,0.0675,1.0018,0.2203,2.5649,0.0199,1.5206,0.0513,1.9318,0.0,0.0,0.0,29.9872,25.0,25.0,38.0,37.0,14.0,0.0,0.0,0.0,0.0,62.5854,0.0,45.7822,0.0,0.0
9742.0,1.7427,0.0928,1.0,0.0794,1.2006,2.0552,1.0552,2.1866,1.1866,26.8013,2.0721,26.3618,2.0545,100.0,0.0,0.0,0.0,24.875,0.0,26.0,0.0,26.125,0.0,25.125,10.0,0.0,0.0083,52.5298,5.253,2.0,205.794,1.9254,0.841,1.4554,0.8232,1.4534,0.0004,1.8538,0.0005,2.3178,11.0,0.0598,1.0016,0.1759,2.4671,0.0178,1.4722,0.0489,1.9115,0.0,0.0,0.0,29.9869,25.0,25.0,38.0,37.0,15.0,0.0,0.0,0.0,0.0,62.5852,0.0,45.782,0.0,0.0
9743.0,1.7426,0.0928,1.0,0.0795,1.2008,2.0558,1.0558,2.1865,1.1865,26.7088,2.0684,26.3563,2.0543,100.0,0.0,0.0,0.0,25.0,0.0,26.125,0.0,26.125,0.0,25.125,10.0,0.0,0.009,52.5298,5.253,2.0,208.9411,1.928,0.9099,1.4629,0.8128,1.4523,0.0004,1.8555,0.0005,2.3274,11.0,0.0655,1.0017,0.1765,2.4686,0.0175,1.4654,0.0475,1.8987,0.0,0.0,0.0,29.9869,25.0,25.0,38.0,37.0,13.0,0.0,0.0,0.0,0.0,62.5854,0.0,45.7821,0.0,0.0
9744.0,1.7434,0.0929,1.0,0.0797,1.2013,2.0558,1.0558,2.1863,1.1863,26.5803,2.0632,26.3575,2.0543,100.0,0.0,0.0,0.0,25.0,0.0,26.125,0.0,26.125,0.0,25.0,10.0,0.0,0.0088,52.5298,5.253,2.0,211.427,1.9301,0.8929,1.461,0.7961,1.4505,0.0004,1.8573,0.0005,2.3371,11.0,0.0708,1.0019,0.1604,2.4269,0.0156,1.4138,0.0593,1.9951,0.0,0.0,0.0,29.987,25.0,25.0,38.0,37.0,14.0,0.0,0.0,0.0,0.0,62.5853,0.0,45.7823,0.0,0.0
9745.0,1.7436,0.093,1.0,0.0797,1.2013,2.0555,1.0555,2.1861,1.1861,26.5975,2.0639,26.3807,2.0552,100.0,0.0,0.0,0.0,24.875,0.0,26.0,0.0,26.0,0.0,25.125,10.0,0.0,0.0089,52.5302,5.253,2.0,213.7568,1.932,1.013,1.4741,0.8006,1.451,0.0004,1.8593,0.0005,2.3443,11.0,0.0699,1.0019,0.1402,2.3685,0.0166,1.4425,0.0596,1.9972,0.0,0.0,0.0,29.9868,25.0,25.0,38.0,37.0,13.0,0.0,0.0,0.0,0.0,62.5852,0.0,45.7819,0.0,0.0
9746.0,1.7431,0.0929,1.0,0.0795,1.2009,2.0551,1.0551,2.1861,1.1861,26.7522,2.0701,26.3859,2.0554,100.0,0.0,0.0,0.0,25.0,0.0,26.125,0.0,26.125,0.0,25.125,10.0,0.0,0.0092,52.5298,5.253,2.0,218.0302,1.9354,1.0431,1.4774,0.7795,1.4487,0.0004,1.8606,0.0005,2.3499,11.0,0.07,1.0019,0.1538,2.4087,0.0149,1.3939,0.0564,1.9729,0.0,0.0,0.0,29.9868,25.0,25.0,38.0,37.0,14.0,0.0,0.0,0.0,0.0,62.5851,0.0,45.7819,0.0,0.0
9747.0,1.744,0.093,1.0,0.0794,1.2005,2.0551,1.0551,2.1866,1.1866,26.8057,2.0722,26.363,2.0545,100.0,0.0,0.0,0.0,25.0,0.0,26.125,0.0,26.125,0.0,25.125,10.0,0.0,0.0082,52.53,5.253,2.0,219.8822,1.9369,1.0203,1.4749,0.7717,1.4478,0.0004,1.8624,0.0005,2.3582,11.0,0.0702,1.0019,0.1778,2.4718,0.0687,2.0585,0.0704,2.0693,0.0,0.0,0.0,29.9871,25.0,25.0,38.0,37.0,14.0,0.0,0.0,0.0,0.0,62.5858,16.0,45.7817,0.0,0.0
9748.0,1.7437,0.093,1.0,0.0796,1.201,2.0555,1.0555,2.1865,1.1865,26.7308,2.0692,26.3561,2.0542,100.0,0.0,0.0,0.0,25.0,0.0,26.125,0.0,26.125,0.0,25.125,10.0,0.0,0.0082,52.5301,5.253,2.0,223.1412,1.9394,1.1555,1.4897,0.7669,1.4473,0.0004,1.8638,0.0005,2.3675,11.0,0.0651,1.0017,0.2003,2.5235,0.0722,2.0805,0.0645,2.0317,0.0,0.0,0.0,29.9868,25.0,25.0,38.0,37.0,14.0,0.0,0.0,0.0,0.0,62.5852,16.0,45.9064,0.0,0.0
9749.0,1.7437,0.093,1.0,0.0795,1.2009,2.0556,1.0556,2.1863,1.1863,26.6071,2.0643,26.3529,2.0541,100.0,0.0,0.0,0.0,25.0,0.0,26.125,0.0,26.125,0.0,25.25,10.0,0.0,0.0092,52.5299,5.253,2.0,225.2412,1.9411,1.0251,1.4755,0.7559,1.4461,0.0004,1.8653,0.0005,2.3753,11.0,0.0618,1.0016,0.227,2.5779,0.0609,2.0065,0.0645,2.0311,0.0,0.0,0.0,29.9869,25.0,25.0,38.0,37.0,13.0,0.0,0.0,0.0,0.0,62.5855,0.0,46.092,0.0,0.0
9750.0,1.7427,0.0928,1.0,0.0793,1.2003,2.0556,1.0556,2.1862,1.1862,26.5644,2.0626,26.362,2.0545,100.0,0.0,0.0,0.0,25.0,0.0,26.125,0.0,26.125,0.0,25.125,10.0,0.0,0.008,52.5303,5.253,2.0,224.9057,1.9408,0.9253,1.4646,0.7559,1.4461,0.0004,1.8668,0.0005,2.3841,11.0,0.0618,1.0016,0.1988,2.5203,0.0642,2.0295,0.0637,2.0262,0.0,0.0,0.0,29.9864,25.0,25.0,38.0,37.0,15.0,0.0,0.0,0.0,0.0,62.585,0.0,46.1674,0.0,0.0
9751.0,1.7425,0.0928,1.0,0.0797,1.2013,2.0551,1.0551,2.186,1.186,26.6981,2.0679,26.3785,2.0551,100.0,0.0,0.0,0.0,25.0,0.0,26.125,0.0,26.25,0.0,25.125,10.0,0.0,0.0083,52.5304,5.253,2.0,225.5812,1.9413,0.8352,1.4548,0.7446,1.4449,0.0004,1.8685,0.0005,2.3913,11.0,0.0663,1.0018,0.1866,2.4928,0.0514,1.9329,0.0571,1.9788,0.0,0.0,0.0,29.987,25.0,25.0,38.0,37.0,14.0,0.0,0.0,0.0,0.0,62.5853,0.0,46.1679,0.0,0.0
9752.0,1.7426,0.0928,1.0,0.0798,1.2017,2.0552,1.0552,2.1864,1.1864,26.816,2.0726,26.371,2.0548,100.0,0.0,0.0,0.0,24.875,0.0,26.125,0.0,26.125,0.0,25.0,10.0,0.0,0.0091,52.5302,5.253,2.0,226.0792,1.9417,0.7113,1.4412,0.7355,1.4439,0.0004,1.8702,0.0005,2.4007,11.0,0.0717,1.0019,0.1734,2.461,0.0548,1.9602,0.0536,1.9506,0.0,0.0,0.0,29.9868,25.0,25.0,38.0,37.0,15.0,0.0,0.0,0.0,0.0,62.5859,0.0,46.1683,0.0,0.0
9753.0,1.7434,0.0929,1.0,0.0795,1.2009,2.0558,1.0558,2.1865,1.1865,26.7426,2.0697,26.3604,2.0544,100.0,0.0,0.0,0.0,25.0,0.0,26.125,0.0,26.125,0.0,25.0,10.0,0.0,0.0083,52.5303,5.253,2.0,224.5721,1.9405,0.6191,1.4312,0.7279,1.443,0.0004,1.8721,0.0005,2.4115,11.0,0.0688,1.0018,0.238,2.5984,0.0446,1.8708,0.0555,1.9662,0.0,0.0,0.0,29.9866,25.0,25.0,38.0,37.0,12.0,0.0,0.0,0.0,0.0,62.5856,0.0,46.1677,0.0,0.0
9754.0,1.7436,0.0929,1.0,0.0793,1.2005,2.0557,1.0557,2.1864,1.1864,26.6358,2.0654,26.3568,2.0543,100.0,0.0,0.0,0.0,25.0,0.0,26.25,0.0,26.125,0.0,25.0,10.0,0.0,0.0089,52.5305,5.2531,2.0,226.7707,1.9422,0.6897,1.4389,0.7192,1.4421,0.0004,1.8733,0.0005,2.4158,11.0,0.0657,1.0018,0.1893,2.4989,0.0496,1.9176,0.0555,1.9663,0.0,0.0,0.0,29.9864,25.0,25.0,38.0,37.0,14.0,0.0,0.0,0.0,0.0,62.5858,0.0,46.1682,0.0,0.0
9755.0,1.7426,0.0928,1.0,0.0793,1.2004,2.0557,1.0557,2.1861,1.1861,26.5727,2.0629,26.3713,2.0549,100.0,0.0,0.0,0.0,25.0,0.0,26.125,0.0,26.125,0.0,25.125,10.0,0.0,0.0091,52.5305,5.253,2.0,229.0068,1.9439,0.6892,1.4388,0.7105,1.4411,0.0004,1.8747,0.0005,2.4256,11.0,0.0646,1.0017,0.2052,2.5341,0.0445,1.8705,0.0509,1.9286,0.0,0.0,0.0,29.9866,25.0,25.0,38.0,37.0,12.0,0.0,0.0,0.0,0.0,62.585,0.0,46.168,0.0,0.0
9756.0,1.7419,0.0927,1.0,0.0792,1.2001,2.0552,1.0552,2.186,1.186,26.7064,2.0683,26.3796,2.0552,100.0,0.0,0.0,0.0,25.0,0.0,26.125,0.0,26.125,0.0,25.125,10.0,0.0,0.0083,52.5307,5.2531,2.0,230.9178,1.9454,0.7403,1.4444,0.7139,1.4415,0.0004,1.8766,0.0005,2.4334,11.0,0.0617,1.0016,0.1977,2.5178,0.0444,1.8694,0.0424,1.8495,0.0,0.0,0.0,29.9867,25.0,25.0,38.0,37.0,14.0,0.0,0.0,0.0,0.0,62.5854,0.0,46.1677,0.0,0.0
9757.0,1.7436,0.0929,1.0,0.0794,1.2005,2.0547,1.0547,2.1863,1.1863,26.8124,2.0725,26.3678,2.0547,100.0,0.0,0.0,0.0,25.0,0.0,26.125,0.0,26.25,0.0,25.125,10.0,0.0,0.0095,52.5307,5.2531,2.0,233.6513,1.9474,0.7258,1.4428,0.7144,1.4416,0.0004,1.8786,0.0005,2.4422,11.0,0.0621,1.0017,0.1964,2.515,0.0385,1.8077,0.0453,1.8782,0.0,0.0,0.0,29.9868,25.0,25.0,38.0,37.0,15.0,0.0,0.0,0.0,0.0,62.5856,0.0,46.1678,0.0,0.0
9758.0,1.7436,0.093,1.0,0.0792,1.1999,2.0553,1.0553,2.1865,1.1865,26.7765,2.0711,26.3599,2.0544,100.0,0.0,0.0,0.0,25.0,0.0,26.125,0.0,26.125,0.0,25.125,10.0,0.0,0.0102,52.5305,5.253,2.0,233.954,1.9477,0.8365,1.4549,0.7151,1.4416,0.0004,1.8799,0.0005,2.4502,11.0,0.0617,1.0016,0.1707,2.4541,0.038,1.802,0.0422,1.8475,0.0,0.0,0.0,29.9865,25.0,25.0,38.0,37.0,15.0,0.0,0.0,0.0,0.0,62.5855,0.0,46.1681,0.0,0.0
9759.0,1.7436,0.0929,1.0,0.0796,1.2013,2.0558,1.0558,2.1864,1.1864,26.6515,2.0661,26.3635,2.0545,100.0,0.0,0.0,0.0,25.0,0.0,26.125,0.0,26.125,0.0,25.125,10.0,0.0,0.0086,52.5308,5.2531,2.0,238.917,1.9513,0.8382,1.4551,0.7266,1.4429,0.0004,1.8821,0.0005,2.46,11.0,0.0608,1.0016,0.2693,2.652,0.0404,1.8287,0.0414,1.8388,0.0,0.0,0.0,29.9867,25.0,25.0,38.0,37.0,15.0,0.0,0.0,0.0,0.0,62.5858,0.0,46.1681,0.0,0.0
9760.0,1.7436,0.0929,1.0,0.0795,1.2009,2.0557,1.0557,2.1862,1.1862,26.5666,2.0627,26.3677,2.0547,100.0,0.0,0.0,0.0,25.0,0.0,26.125,0.0,26.125,0.0,25.0,10.0,0.0,0.0082,52.5309,5.2531,2.0,241.1684,1.9529,0.8295,1.4541,0.7407,1.4444,0.0004,1.8843,0.0006,2.4699,11.0,0.0702,1.0019,0.2668,2.648,0.0346,1.7605,0.0411,1.8362,0.0,0.0,0.0,29.9867,25.0,25.0,38.0,37.0,13.0,0.0,0.0,0.0,0.0,62.5854,0.0,46.1681,0.0,0.0
9761.0,1.7436,0.0929,1.0,0.0796,1.2012,2.0552,1.0552,2.1861,1.1861,26.6797,2.0672,26.3805,2.0552,100.0,0.0,0.0,0.0,25.0,0.0,26.125,0.0,26.125,0.0,25.0,10.0,0.0,0.0085,52.5307,5.2531,2.0,242.0108,1.9535,0.7385,1.4442,0.749,1.4453,0.0005,1.8863,0.0006,2.4804,11.0,0.0721,1.0019,0.2065,2.5368,0.0351,1.7668,0.0399,1.8229,0.0,0.0,0.0,29.9869,25.0,25.0,38.0,37.0,15.0,0.0,0.0,0.0,0.0,62.5859,0.0,46.1678,0.0,0.0
9762.0,1.7445,0.0931,1.0,0.0796,1.2011,2.0551,1.0551,2.1864,1.1864,26.8155,2.0726,26.3717,2.0549,100.0,0.0,0.0,0.0,25.0,0.0,26.25,0.0,26.125,0.0,25.0,10.0,0.0,0.0085,52.5308,5.253,2.0,242.3576,1.9538,0.7217,1.4424,0.76,1.4465,0.0005,1.8886,0.0006,2.4899,11.0,0.0697,1.0019,0.2334,2.59,0.0306,1.7081,0.0528,1.9443,0.0,0.0,0.0,29.9868,25.0,25.0,38.0,37.0,13.0,0.0,0.0,0.0,0.0,62.5853,0.0,46.168,0.0,0.0
9763.0,1.7456,0.0932,1.0,0.0795,1.2009,2.0556,1.0556,2.1865,1.1865,26.7746,2.071,26.3603,2.0544,100.0,0.0,0.0,0.0,25.0,0.0,26.125,0.0,26.125,0.0,25.125,10.0,0.0,0.0079,52.5312,5.2531,2.0,244.2898,1.9552,0.7365,1.444,0.751,1.4456,0.0005,1.8901,0.0006,2.4994,11.0,0.0695,1.0019,0.1735,2.4611,0.032,1.7273,0.0493,1.9143,0.0,0.0,0.0,29.9871,25.0,25.0,38.0,37.0,14.0,0.0,0.0,0.0,0.0,62.5854,0.0,46.1684,0.0,0.0
9764.0,1.744,0.093,1.0,0.0794,1.2007,2.0555,1.0555,2.1865,1.1865,26.6627,2.0665,26.3535,2.0541,100.0,0.0,0.0,0.0,25.125,0.0,26.125,0.0,26.125,0.0,25.125,10.0,0.0,0.0091,52.531,5.2531,2.0,244.9401,1.9556,0.6543,1.435,0.7591,1.4465,0.0005,1.892,0.0006,2.5106,11.0,0.0641,1.0017,0.193,2.5074,0.0268,1.6494,0.0582,1.9865,0.0,0.0,0.0,29.9862,25.0,25.0,38.0,37.0,14.0,0.0,0.0,0.0,0.0,62.5852,0.0,46.1677,0.0,0.0
9765.0,1.7436,0.093,1.0,0.0792,1.2001,2.0557,1.0557,2.1863,1.1863,26.5712,2.0628,26.3538,2.0542,100.0,0.0,0.0,0.0,25.0,0.0,26.125,0.0,26.125,0.0,25.0,10.0,0.0,0.0084,52.531,5.2531,2.0,244.3851,1.9552,0.5943,1.4285,0.7617,1.4467,0.0005,1.8937,0.0006,2.521,11.0,0.0619,1.0017,0.1481,2.3925,0.0267,1.6485,0.0575,1.9816,0.0,0.0,0.0,29.9865,25.0,25.0,38.0,37.0,12.0,0.0,0.0,0.0,0.0,62.5855,0.0,46.1677,0.0,0.0
9766.0,1.7446,0.0931,1.0,0.0795,1.2007,2.0553,1.0553,2.1861,1.1861,26.646,2.0658,26.3738,2.055,100.0,0.0,0.0,0.0,25.0,0.0,26.125,0.0,26.125,0.0,25.0,10.0,0.0,0.0088,52.5313,5.2531,2.0,247.3703,1.9573,0.6429,1.4338,0.7699,1.4476,0.0005,1.8958,0.0006,2.5314,11.0,0.0636,1.0017,0.165,2.4393,0.0238,1.5988,0.054,1.9541,0.0,0.0,0.0,29.9867,25.0,25.0,38.0,37.0,14.0,0.0,0.0,0.0,0.0,62.5851,0.0,46.1682,0.0,0.0
9767.0,1.7446,0.0931,1.0,0.0795,1.2009,2.0551,1.0551,2.1859,1.1859,26.8003,2.072,26.3877,2.0555,100.0,0.0,0.0,0.0,25.0,0.0,26.125,0.0,26.125,0.0,25.125,10.0,0.0,0.0094,52.5314,5.2531,2.0,248.408,1.9581,0.5483,1.4235,0.7661,1.4472,0.0005,1.8975,0.0006,2.54,11.0,0.0646,1.0017,0.2199,2.5641,0.0269,1.651,0.0598,1.9986,0.0,0.0,0.0,29.9868,25.0,25.0,38.0,37.0,13.0,0.0,0.0,0.0,0.0,62.5855,0.0,46.1684,0.0,0.0
9768.0,1.7436,0.093,1.0,0.0794,1.2007,2.0558,1.0558,2.1862,1.1862,26.7989,2.072,26.3725,2.0549,100.0,0.0,0.0,0.0,24.875,0.0,26.125,0.0,26.125,0.0,25.125,10.0,0.0,0.0086,52.5313,5.2532,2.0,246.599,1.9568,0.4578,1.4136,0.7659,1.4472,0.0005,1.8993,0.0006,2.5505,11.0,0.0669,1.0018,0.2223,2.5688,0.0238,1.5988,0.0706,2.0709,0.0,0.0,0.0,29.9867,25.0,25.0,38.0,37.0,14.0,0.0,0.0,0.0,0.0,62.5852,0.0,46.1682,0.0,0.0
9769.0,1.7447,0.0931,1.0,0.0795,1.2009,2.0562,1.0562,2.1861,1.1861,26.6775,2.0671,26.3673,2.0547,100.0,0.0,0.0,0.0,25.0,0.0,26.0,0.0,26.125,0.0,25.125,10.0,0.0,0.0079,52.5313,5.2531,2.0,248.6625,1.9582,0.523,1.4207,0.7647,1.4471,0.0005,1.9014,0.0006,2.5613,11.0,0.0668,1.0018,0.2244,2.5728,0.025,1.6194,0.0575,1.9811,0.0,0.0,0.0,29.9869,25.0,25.0,38.0,37.0,14.0,0.0,0.0,0.0,0.0,62.5856,0.0,46.1679,0.0,0.0
9770.0,1.7445,0.0931,1.0,0.0795,1.2009,2.0557,1.0557,2.1862,1.1862,26.5626,2.0625,26.3644,2.0546,100.0,0.0,0.0,0.0,25.125,0.0,26.125,0.0,26.125,0.0,25.0,10.0,0.0,0.008,52.5313,5.2531,2.0,250.1942,1.9593,0.5179,1.4201,0.7634,1.4469,0.0005,1.9032,0.0006,2.5737,11.0,0.0697,1.0019,0.1958,2.5137,0.0226,1.5762,0.0706,2.0704,0.0,0.0,0.0,29.9865,25.0,25.0,38.0,37.0,15.0,0.0,0.0,0.0,0.0,62.5857,0.0,46.1681,0.0,0.0
9771.0,1.7436,0.0929,1.0,0.0798,1.2017,2.0554,1.0554,2.1859,1.1859,26.6203,2.0648,26.3823,2.0553,100.0,0.0,0.0,0.0,25.0,0.0,26.125,0.0,26.25,0.0,25.0,10.0,0.0,0.0084,52.5316,5.2531,2.0,253.3356,1.9615,0.6747,1.4372,0.7705,1.4477,0.0005,1.9053,0.0006,2.5836,11.0,0.073,1.0019,0.1579,2.4203,0.0193,1.5066,0.0698,2.0654,0.0,0.0,0.0,29.9868,25.0,25.0,38.0,37.0,13.0,0.0,0.0,0.0,0.0,62.5854,0.0,46.1684,0.0,0.0
9772.0,1.7427,0.0928,1.0,0.0793,1.2005,2.0551,1.0551,2.1862,1.1862,26.7966,2.0719,26.3878,2.0555,100.0,0.0,0.0,0.0,25.0,0.0,26.125,0.0,26.125,0.0,25.125,10.0,0.0,0.0083,52.5315,5.2532,2.0,255.7122,1.9631,0.641,1.4336,0.782,1.4489,0.0005,1.9074,0.0006,2.5962,11.0,0.069,1.0018,0.1859,2.4911,0.0202,1.5282,0.0663,2.0434,0.0,0.0,0.0,29.9867,26.0,25.0,38.0,37.0,14.0,0.0,0.0,0.0,0.0,62.5855,0.0,46.1676,0.0,0.0
9773.0,1.7434,0.0929,1.0,0.0794,1.2007,2.0555,1.0555,2.1867,1.1867,26.7999,2.072,26.3719,2.0549,100.0,0.0,0.0,0.0,25.0,0.0,26.125,0.0,26.125,0.0,25.125,10.0,0.0,0.0088,52.5318,5.2531,2.0,256.4904,1.9636,0.6409,1.4335,0.7846,1.4492,0.0005,1.9094,0.0006,2.6089,11.0,0.0661,1.0018,0.1644,2.4376,0.0177,1.469,0.0742,2.0925,0.0,0.0,0.0,29.9867,26.0,25.0,38.0,37.0,13.0,0.0,0.0,0.0,0.0,62.5854,0.0,46.168,0.0,0.0
9774.0,1.7436,0.093,1.0,0.0793,1.2004,2.0559,1.0559,2.1864,1.1864,26.703,2.0681,26.3662,2.0546,100.0,0.0,0.0,0.0,25.0,0.0,26.125,0.0,26.125,0.0,25.125,10.0,0.0,0.0086,52.5314,5.2532,2.0,261.0403,1.9667,0.7515,1.4456,0.7776,1.4485,0.0005,1.911,0.0006,2.6215,11.0,0.0633,1.0017,0.1593,2.4239,0.0188,1.4954,0.0647,2.0329,0.0,0.0,0.0,29.9864,26.0,25.0,38.0,37.0,15.0,0.0,0.0,0.0,0.0,62.585,0.0,46.1679,0.0,0.0
9775.0,1.7436,0.093,1.0,0.0795,1.2009,2.0556,1.0556,2.1863,1.1863,26.592,2.0637,26.358,2.0543,100.0,0.0,0.0,0.0,25.0,0.0,26.25,0.0,26.125,0.0,25.0,10.0,0.0,0.0087,52.5319,5.2532,2.0,262.5256,1.9677,0.7397,1.4443,0.7713,1.4478,0.0005,1.9125,0.0006,2.6294,11.0,0.0658,1.0018,0.1352,2.3527,0.0168,1.4478,0.0673,2.0501,0.0,0.0,0.0,29.9868,26.0,25.0,38.0,37.0,14.0,0.0,0.0,0.0,0.0,62.5859,0.0,46.1684,0.0,0.0
9776.0,1.744,0.093,1.0,0.0796,1.2011,2.0555,1.0555,2.1861,1.1861,26.5911,2.0636,26.3686,2.0547,100.0,0.0,0.0,0.0,24.875,0.0,26.125,0.0,26.125,0.0,25.25,10.0,0.0,0.0083,52.5314,5.2531,2.0,263.7784,1.9685,0.7554,1.446,0.7712,1.4478,0.0005,1.9144,0.0006,2.6407,11.0,0.0649,1.0017,0.1691,2.4499,0.0177,1.4709,0.0621,2.0146,0.0,0.0,0.0,29.9866,25.0,25.0,38.0,37.0,14.0,0.0,0.0,0.0,0.0,62.5855,0.0,46.1682,0.0,0.0
9777.0,1.7447,0.0931,1.0,0.0799,1.2019,2.0551,1.0551,2.1861,1.1861,26.7409,2.0696,26.3802,2.0552,100.0,0.0,0.0,0.0,25.0,0.0,26.125,0.0,26.25,0.0,25.125,10.0,0.0,0.0083,52.5316,5.2531,2.0,267.4424,1.9709,0.6797,1.4378,0.7718,1.4478,0.0005,1.9162,0.0006,2.6507,11.0,0.0716,1.0019,0.1381,2.3621,0.016,1.425,0.0574,1.9805,0.0,0.0,0.0,29.9863,25.0,25.0,38.0,37.0,14.0,0.0,0.0,0.0,0.0,62.585,0.0,46.1678,0.0,0.0
9778.0,1.7457,0.0932,1.0,0.0796,1.2011,2.055,1.055,2.1866,1.1866,26.8032,2.0721,26.3661,2.0546,100.0,0.0,0.0,0.0,25.0,0.0,26.125,0.0,26.125,0.0,25.125,10.0,0.0,0.0085,52.5317,5.2532,2.0,266.3886,1.9702,0.5853,1.4275,0.77,1.4476,0.0005,1.918,0.0006,2.6617,11.0,0.0713,1.0019,0.1273,2.3267,0.0148,1.3933,0.0568,1.9763,0.0,0.0,0.0,29.9864,25.0,25.0,38.0,37.0,14.0,0.0,0.0,0.0,0.0,62.5848,0.0,46.1675,0.0,0.0
9779.0,1.7458,0.0932,1.0,0.0796,1.2011,2.0558,1.0558,2.1865,1.1865,26.7389,2.0696,26.3571,2.0543,100.0,0.0,0.0,0.0,24.875,0.0,26.125,0.0,26.125,0.0,25.125,10.0,0.0,0.0084,52.5317,5.2532,2.0,265.9555,1.9699,0.5506,1.4237,0.7615,1.4467,0.0005,1.9197,0.0006,2.6722,11.0,0.0723,1.0019,0.1435,2.3786,0.0144,1.3791,0.0509,1.9286,0.0,0.0,0.0,29.9869,25.0,25.0,38.0,37.0,13.0,0.0,0.0,0.0,0.0,62.5853,0.0,46.1681,0.0,0.0
9780.0,1.7467,0.0933,1.0,0.0794,1.2006,2.0558,1.0558,2.1864,1.1864,26.6015,2.0641,26.3605,2.0544,100.0,0.0,0.0,0.0,25.0,0.0,26.125,0.0,26.125,0.0,25.125,10.0,0.0,0.0083,52.5318,5.2532,2.0,265.8515,1.9699,0.4593,1.4137,0.749,1.4453,0.0005,1.9213,0.0006,2.6823,11.0,0.0682,1.0018,0.1071,2.2518,0.0136,1.3553,0.0596,1.9973,0.0,0.0,0.0,29.9863,25.0,25.0,38.0,37.0,14.0,0.0,0.0,0.0,0.0,62.5849,0.0,46.1677,0.0,0.0
9781.0,1.747,0.0934,1.0,0.0793,1.2004,2.0555,1.0555,2.186,1.186,26.5913,2.0637,26.3792,2.0552,100.0,0.0,0.0,0.0,25.0,0.0,26.0,0.0,26.125,0.0,25.125,10.0,0.0,0.0085,52.532,5.2532,2.0,266.4932,1.9703,0.5604,1.4248,0.7493,1.4454,0.0005,1.9232,0.0006,2.6952,11.0,0.0648,1.0017,0.1829,2.4841,0.0131,1.3398,0.0585,1.9887,0.0,0.0,0.0,29.9874,25.0,25.0,38.0,37.0,14.0,0.0,0.0,0.0,0.0,62.5851,0.0,46.168,0.0,0.0
9782.0,1.7468,0.0933,1.0,0.0794,1.2006,2.0551,1.0551,2.1861,1.1861,26.7531,2.0701,26.3894,2.0556,100.0,0.0,0.0,0.0,25.0,0.0,26.0,0.0,26.125,0.0,25.125,10.0,0.0,0.0085,52.5319,5.2532,2.0,272.0086,1.9738,0.7141,1.4415,0.7456,1.445,0.0005,1.9247,0.0006,2.7041,11.0,0.0625,1.0017,0.166,2.4419,0.012,1.3013,0.0631,2.0216,0.0,0.0,0.0,29.9866,25.0,25.0,38.0,37.0,14.0,0.0,0.0,0.0,0.0,62.5854,0.0,46.1678,0.0,0.0
9783.0,1.7467,0.0933,1.0,0.0796,1.2011,2.0553,1.0553,2.1865,1.1865,26.8242,2.073,26.3701,2.0548,100.0,0.0,0.0,0.0,25.0,0.0,26.125,0.0,26.125,0.0,25.125,10.0,0.0,0.0089,52.5321,5.2532,2.0,275.9044,1.9763,0.7383,1.4442,0.7302,1.4433,0.0005,1.9261,0.0006,2.7147,11.0,0.0642,1.0017,0.1658,2.4415,0.0107,1.2516,0.0742,2.0923,0.0,0.0,0.0,29.987,25.0,25.0,38.0,37.0,13.0,0.0,0.0,0.0,0.0,62.5853,0.0,46.1679,0.0,0.0
9784.0,1.7477,0.0935,1.0,0.0795,1.2008,2.0557,1.0557,2.1862,1.1862,26.7481,2.0699,26.3661,2.0546,100.0,0.0,0.0,0.0,25.0,0.0,26.0,0.0,26.25,0.0,25.125,10.0,0.0,0.0089,52.5321,5.2532,2.0,276.3835,1.9766,0.5905,1.4281,0.7246,1.4427,0.0005,1.9279,0.0006,2.7261,11.0,0.0698,1.0019,0.2475,2.6154,0.012,1.2997,0.0633,2.023,0.0,0.0,0.0,29.9866,25.0,25.0,38.0,37.0,14.0,0.0,0.0,0.0,0.0,62.5855,0.0,46.168,0.0,0.0
9785.0,1.7467,0.0933,1.0,0.0796,1.2012,2.0558,1.0558,2.1861,1.1861,26.6369,2.0655,26.3634,2.0545,100.0,0.0,0.0,0.0,25.0,0.0,26.125,0.0,26.125,0.0,25.0,10.0,0.0,0.0082,52.532,5.2532,2.0,277.291,1.9772,0.6532,1.4349,0.7091,1.441,0.0005,1.9291,0.0007,2.7362,11.0,0.0716,1.0019,0.2032,2.5298,0.01,1.2208,0.0646,2.032,0.0,0.0,0.0,29.9869,25.0,25.0,38.0,37.0,12.0,0.0,0.0,0.0,0.0,62.5855,0.0,46.1683,0.0,0.0
9786.0,1.7483,0.0935,1.0,0.0797,1.2013,2.0557,1.0557,2.1859,1.1859,26.5606,2.0624,26.3708,2.0548,100.0,0.0,0.0,0.0,25.0,0.0,26.0,0.0,26.125,0.0,25.125,10.0,0.0,0.0089,52.532,5.2532,2.0,278.4214,1.9779,0.5609,1.4248,0.7118,1.4413,0.0005,1.9307,0.0007,2.7454,11.0,0.071,1.0019,0.2062,2.5361,0.0102,1.2309,0.0645,2.0314,0.0,0.0,0.0,29.9862,25.0,25.0,38.0,37.0,13.0,0.0,0.0,0.0,0.0,62.5851,0.0,46.1679,0.0,0.0
9787.0,1.7498,0.0937,1.0,0.0793,1.2003,2.0554,1.0554,2.1859,1.1859,26.7037,2.0681,26.3901,2.0556,100.0,0.0,0.0,0.0,25.0,0.0,26.25,0.0,26.125,0.0,25.125,10.0,0.0,0.0086,52.532,5.2532,2.0,279.6899,1.9787,0.6135,1.4306,0.7031,1.4403,0.0006,1.9322,0.0007,2.7547,11.0,0.0665,1.0018,0.1799,2.4768,0.009,1.1742,0.0603,2.0019,0.0,0.0,0.0,29.9868,25.0,25.0,38.0,37.0,13.0,0.0,0.0,0.0,0.0,62.5855,0.0,46.1681,0.0,0.0
9788.0,1.7498,0.0937,1.0,0.0793,1.2003,2.0552,1.0552,2.1864,1.1864,26.8254,2.073,26.3801,2.0552,100.0,0.0,0.0,0.0,25.0,0.0,26.125,0.0,26.125,0.0,25.125,10.0,0.0,0.008,52.5318,5.2532,2.0,283.1058,1.9808,0.7131,1.4414,0.6964,1.4396,0.0006,1.9335,0.0007,2.766,11.0,0.0618,1.0016,0.2236,2.5713,0.0545,1.9582,0.0571,1.9781,0.0,0.0,0.0,29.9865,25.0,25.0,38.0,37.0,14.0,0.0,0.0,0.0,0.0,62.5855,0.0,46.168,0.0,0.0
9789.0,1.7492,0.0936,1.0,0.0795,1.201,2.0557,1.0557,2.1865,1.1865,26.7698,2.0708,26.3687,2.0547,100.0,0.0,0.0,0.0,25.0,0.0,26.125,0.0,26.125,0.0,25.125,10.0,0.0,0.0082,52.532,5.2532,2.0,285.9339,1.9825,0.6882,1.4387,0.6953,1.4395,0.0006,1.9352,0.0007,2.7742,11.0,0.0657,1.0018,0.2442,2.6096,0.0625,2.0176,0.0504,1.924,0.0,0.0,0.0,29.9868,25.0,25.0,38.0,37.0,15.0,0.0,0.0,0.0,0.0,62.5853,0.0,46.1683,0.0,0.0
9790.0,1.7498,0.0937,1.0,0.0793,1.2004,2.0558,1.0558,2.1864,1.1864,26.6518,2.0661,26.3626,2.0545,100.0,0.0,0.0,0.0,24.875,0.0,26.125,0.0,26.125,0.0,25.0,10.0,0.0,0.0081,52.532,5.2532,2.0,286.5794,1.9829,0.6996,1.44,0.6928,1.4392,0.0006,1.9369,0.0007,2.7881,11.0,0.0628,1.0017,0.2728,2.6577,0.0591,1.9933,0.06,2.0003,0.0,0.0,0.0,29.9862,25.0,25.0,38.0,37.0,12.0,0.0,0.0,0.0,0.0,62.5855,0.0,46.1675,0.0,0.0
9791.0,1.7508,0.0939,1.0,0.0797,1.2014,2.0553,1.0553,2.1862,1.1862,26.5574,2.0623,26.3572,2.0543,100.0,0.0,0.0,0.0,25.0,0.0,26.0,0.0,26.25,0.0,25.125,10.0,0.0,0.0089,52.5323,5.2532,2.0,289.7699,1.9848,0.7101,1.4411,0.6907,1.439,0.0006,1.9382,0.0007,2.7935,11.0,0.0667,1.0018,0.2426,2.6068,0.0539,1.9536,0.0661,2.0419,0.0,0.0,0.0,29.9867,25.0,25.0,38.0,37.0,14.0,0.0,0.0,0.0,0.0,62.5856,0.0,46.1677,0.0,0.0
9792.0,1.7508,0.0939,1.0,0.0795,1.2009,2.0553,1.0553,2.1861,1.1861,26.6744,2.067,26.3816,2.0553,100.0,0.0,0.0,0.0,25.0,0.0,26.125,0.0,26.125,0.0,25.0,10.0,0.0,0.0086,52.5323,5.2532,2.0,291.8409,1.9861,0.7608,1.4466,0.6811,1.4379,0.0006,1.9398,0.0007,2.8048,11.0,0.07,1.0019,0.3736,2.7943,0.0475,1.8985,0.0651,2.0352,0.0,0.0,0.0,29.9866,25.0,25.0,38.0,37.0,13.0,0.0,0.0,0.0,0.0,62.5852,0.0,46.1678,0.0,0.0
9793.0,1.7509,0.0939,1.0,0.0796,1.2012,2.0552,1.0552,2.1861,1.1861,26.8179,2.0727,26.384,2.0554,100.0,0.0,0.0,0.0,25.0,0.0,26.0,0.0,26.25,0.0,25.125,10.0,0.0,0.0079,52.5323,5.2532,2.0,295.5395,1.9882,0.7401,1.4444,0.6727,1.437,0.0006,1.9413,0.0007,2.818,11.0,0.0724,1.0019,0.3626,2.7813,0.0469,1.8932,0.0785,2.1168,0.0,0.0,0.0,29.9869,25.0,25.0,38.0,37.0,13.0,0.0,0.0,0.0,0.0,62.5854,0.0,46.1682,0.0,0.0
9794.0,1.7533,0.0942,1.0,0.0793,1.2004,2.0558,1.0558,2.1861,1.1861,26.7664,2.0707,26.3686,2.0547,100.0,0.0,0.0,0.0,25.0,0.0,26.125,0.0,26.125,0.0,25.125,10.0,0.0,0.0083,52.5323,5.2532,2.0,297.382,1.9893,0.689,1.4388,0.6584,1.4355,0.0006,1.9426,0.0007,2.8283,11.0,0.068,1.0018,0.2536,2.6259,0.0498,1.9187,0.0724,2.0819,0.0,0.0,0.0,29.9868,25.0,25.0,38.0,37.0,14.0,0.0,0.0,0.0,0.0,62.5853,0.0,46.1681,0.0,0.0
9795.0,1.753,0.0941,1.0,0.0793,1.2003,2.0558,1.0558,2.1864,1.1864,26.6555,2.0662,26.3633,2.0545,100.0,0.0,0.0,0.0,25.0,0.0,26.125,0.0,26.125,0.0,25.125,10.0,0.0,0.0083,52.5323,5.2532,2.0,294.9295,1.9879,0.5608,1.4248,0.6538,1.435,0.0006,1.9441,0.0007,2.8369,11.0,0.0661,1.0018,0.2759,2.6626,0.0435,1.8604,0.0794,2.1218,0.0,0.0,0.0,29.9866,25.0,25.0,38.0,37.0,14.0,0.0,0.0,0.0,0.0,62.5849,0.0,46.1678,0.0,0.0
9796.0,1.753,0.0941,1.0,0.0795,1.201,2.0557,1.0557,2.1862,1.1862,26.5636,2.0625,26.3538,2.0542,100.0,0.0,0.0,0.0,25.0,0.0,26.125,0.0,26.125,0.0,25.125,10.0,0.0,0.0083,52.5325,5.2533,2.0,296.8588,1.989,0.5725,1.4261,0.6472,1.4342,0.0006,1.945,0.0007,2.8461,11.0,0.0622,1.0017,0.2743,2.6601,0.0415,1.8398,0.0812,2.1316,0.0,0.0,0.0,29.9864,25.0,25.0,38.0,37.0,18.0,0.0,0.0,0.0,0.0,62.5852,0.0,46.1678,0.0,0.0
9797.0,1.755,0.0944,1.0,0.0794,1.2006,2.0552,1.0552,2.1861,1.1861,26.6434,2.0657,26.3755,2.055,100.0,0.0,0.0,0.0,25.0,0.0,26.125,0.0,26.125,0.0,25.125,10.0,0.0,0.0091,52.533,5.2533,2.0,299.3289,1.9905,0.5946,1.4285,0.6353,1.4329,0.0006,1.9463,0.0007,2.8609,11.0,0.063,1.0017,0.2608,2.6381,0.0419,1.8444,0.0893,2.1729,0.0,0.0,0.0,29.9866,25.0,25.0,38.0,37.0,13.0,0.0,0.0,0.0,0.0,62.5857,0.0,46.1679,0.0,0.0
9798.0,1.755,0.0944,1.0,0.0795,1.2008,2.0554,1.0554,2.1859,1.1859,26.8133,2.0725,26.3898,2.0556,100.0,0.0,0.0,0.0,25.0,0.0,26.125,0.0,26.125,0.0,25.0,10.0,0.0,0.0086,52.5329,5.2533,2.0,299.2506,1.9904,0.4895,1.417,0.6395,1.4334,0.0006,1.9483,0.0007,2.8705,11.0,0.068,1.0018,0.2066,2.5369,0.0388,1.8105,0.0972,2.2095,0.0,0.0,0.0,29.9866,25.0,25.0,38.0,37.0,13.0,0.0,0.0,0.0,0.0,62.5856,0.0,46.1678,0.0,0.0
9799.0,1.754,0.0943,1.0,0.0796,1.2013,2.056,1.056,2.1862,1.1862,26.7909,2.0716,26.3751,2.055,100.0,0.0,0.0,0.0,25.0,0.0,26.125,0.0,26.125,0.0,25.0,10.0,0.0,0.0093,52.5329,5.2533,2.0,298.3018,1.9899,0.3468,1.4015,0.6354,1.4329,0.0006,1.9497,0.0007,2.8827,11.0,0.0725,1.0019,0.21,2.5441,0.0379,1.8003,0.0945,2.1971,0.0,0.0,0.0,29.9869,25.0,25.0,38.0,37.0,13.0,0.0,0.0,0.0,0.0,62.5852,0.0,46.1682,0.0,0.0
9800.0,1.753,0.0941,1.0,0.0794,1.2007,2.0557,1.0557,2.1864,1.1864,26.6913,2.0677,26.3578,2.0543,100.0,0.0,0.0,0.0,24.875,0.0,26.125,0.0,26.125,0.0,25.0,10.0,0.0,0.0087,52.5328,5.2533,2.0,296.1534,1.9886,0.1911,1.3845,0.628,1.4321,0.0006,1.9508,0.0007,2.8891,11.0,0.0709,1.0019,0.243,2.6074,0.034,1.7532,0.087,2.1616,0.0,0.0,0.0,29.987,25.0,25.0,38.0,37.0,14.0,0.0,0.0,0.0,0.0,62.5852,0.0,46.1683,0.0,0.0
9801.0,1.751,0.0939,1.0,0.0797,1.2014,2.0557,1.0557,2.1862,1.1862,26.5654,2.0626,26.3535,2.0541,100.0,0.0,0.0,0.0,25.125,0.0,26.125,0.0,26.125,0.0,25.0,10.0,0.0,0.0086,52.5329,5.2533,2.0,295.5009,1.9882,0.2882,1.3951,0.6286,1.4322,0.0006,1.9522,0.0007,2.9006,11.0,0.0726,1.0019,0.2231,2.5703,0.0311,1.7152,0.0849,2.1508,0.0,0.0,0.0,29.9862,25.0,25.0,38.0,37.0,15.0,0.0,0.0,0.0,0.0,62.5847,0.0,46.1678,0.0,0.0
9802.0,1.7509,0.0939,1.0,0.0796,1.2012,2.0556,1.0556,2.186,1.186,26.6304,2.0652,26.3848,2.0554,100.0,0.0,0.0,0.0,25.0,0.0,26.125,0.0,26.125,0.0,25.0,10.0,0.0,0.0082,52.5328,5.2533,2.0,296.9312,1.9891,0.3159,1.3981,0.6248,1.4318,0.0006,1.9537,0.0007,2.9147,11.0,0.0713,1.0019,0.2076,2.5391,0.0332,1.7432,0.0816,2.1333,0.0,0.0,0.0,29.9869,25.0,25.0,38.0,37.0,13.0,0.0,0.0,0.0,0.0,62.5856,0.0,46.1681,0.0,0.0
9803.0,1.7517,0.094,1.0,0.0794,1.2007,2.0553,1.0553,2.1862,1.1862,26.8003,2.072,26.3875,2.0555,100.0,0.0,0.0,0.0,25.0,0.0,26.125,0.0,26.125,0.0,25.0,10.0,0.0,0.0085,52.533,5.2533,2.0,298.3885,1.9899,0.3156,1.3981,0.6178,1.431,0.0006,1.955,0.0007,2.9206,11.0,0.0706,1.0019,0.2316,2.5866,0.0312,1.7166,0.0933,2.1916,0.0,0.0,0.0,29.9864,25.0,25.0,38.0,37.0,12.0,0.0,0.0,0.0,0.0,62.5852,0.0,46.1674,0.0,0.0
9804.0,1.7509,0.0939,1.0,0.0795,1.2008,2.0553,1.0553,2.1866,1.1866,26.8127,2.0725,26.368,2.0547,100.0,0.0,0.0,0.0,25.0,0.0,26.125,0.0,26.125,0.0,25.125,10.0,0.0,0.0093,52.5332,5.2533,2.0,300.349,1.9911,0.402,1.4075,0.6098,1.4302,0.0006,1.956,0.0007,2.9288,11.0,0.0653,1.0017,0.3353,2.7473,0.0276,1.6633,0.0886,2.1691,0.0,0.0,0.0,29.9872,25.0,25.0,38.0,37.0,14.0,0.0,0.0,0.0,0.0,62.5854,0.0,46.1679,0.0,0.0
9805.0,1.7509,0.0939,1.0,0.0793,1.2004,2.0554,1.0554,2.1864,1.1864,26.715,2.0686,26.3553,2.0542,100.0,0.0,0.0,0.0,25.0,0.0,26.25,0.0,26.125,0.0,25.125,10.0,0.0,0.0085,52.5331,5.2533,2.0,304.241,1.9933,0.5398,1.4225,0.6003,1.4291,0.0006,1.9572,0.0007,2.9406,11.0,0.0612,1.0016,0.266,2.6468,0.0271,1.6554,0.0875,2.1637,0.0,0.0,0.0,29.9865,25.0,25.0,38.0,37.0,14.0,0.0,0.0,0.0,0.0,62.5855,0.0,46.1684,0.0,0.0
9806.0,1.7496,0.0937,1.0,0.0795,1.2008,2.0557,1.0557,2.1862,1.1862,26.5932,2.0637,26.3545,2.0542,100.0,0.0,0.0,0.0,25.0,0.0,26.125,0.0,26.125,0.0,25.125,10.0,0.0,0.0091,52.5332,5.2533,2.0,309.1429,1.9961,0.6251,1.4318,0.5997,1.4291,0.0006,1.9585,0.0007,2.9498,11.0,0.0649,1.0017,0.3053,2.7065,0.0282,1.6718,0.0834,2.1432,0.0,0.0,0.0,29.9863,25.0,25.0,38.0,37.0,12.0,0.0,0.0,0.0,0.0,62.5847,0.0,46.1681,0.0,0.0
9807.0,1.7488,0.0936,1.0,0.0794,1.2005,2.0557,1.0557,2.1857,1.1857,26.5751,2.063,26.3765,2.0551,100.0,0.0,0.0,0.0,24.875,0.0,26.125,0.0,26.125,0.0,25.125,10.0,0.0,0.0078,52.5334,5.2534,2.0,312.3601,1.9979,0.6285,1.4322,0.5926,1.4283,0.0006,1.9597,0.0007,2.9606,11.0,0.0652,1.0017,0.3232,2.7313,0.0259,1.636,0.0698,2.0657,0.0,0.0,0.0,29.9861,25.0,25.0,38.0,37.0,15.0,0.0,0.0,0.0,0.0,62.5851,0.0,46.1681,0.0,0.0
9808.0,1.7488,0.0936,1.0,0.0796,1.2012,2.0555,1.0555,2.1857,1.1857,26.7411,2.0696,26.3909,2.0556,100.0,0.0,0.0,0.0,24.875,0.0,26.125,0.0,26.125,0.0,25.0,10.0,0.0,0.0082,52.5336,5.2533,2.0,313.9337,1.9987,0.6577,1.4354,0.5862,1.4276,0.0006,1.9609,0.0007,2.9714,11.0,0.0665,1.0018,0.2786,2.6668,0.0222,1.5682,0.0713,2.075,0.0,0.0,0.0,29.9865,25.0,25.0,38.0,37.0,14.0,0.0,0.0,0.0,0.0,62.5853,0.0,46.1678,0.0,0.0
9809.0,1.7488,0.0936,1.0,0.0796,1.2012,2.0553,1.0553,2.1862,1.1862,26.8224,2.0729,26.3762,2.055,100.0,0.0,0.0,0.0,25.0,0.0,26.125,0.0,26.125,0.0,25.125,10.0,0.0,0.0083,52.5332,5.2533,2.0,314.454,1.999,0.5051,1.4187,0.5782,1.4267,0.0006,1.9621,0.0007,2.9827,11.0,0.0706,1.0019,0.2531,2.6252,0.0235,1.5932,0.0819,2.1352,0.0,0.0,0.0,29.9862,25.0,25.0,38.0,37.0,12.0,0.0,0.0,0.0,0.0,62.5849,16.0,46.2324,0.0,0.0
9810.0,1.7484,0.0935,1.0,0.0798,1.2017,2.0557,1.0557,2.1865,1.1865,26.7299,2.0692,26.3592,2.0544,100.0,0.0,0.0,0.0,25.0,0.0,26.125,0.0,26.125,0.0,25.125,10.0,0.0,0.0089,52.5334,5.2533,2.0,313.2361,1.9983,0.4062,1.408,0.5731,1.4262,0.0006,1.9636,0.0007,2.9959,11.0,0.0718,1.0019,0.2897,2.6838,0.0205,1.5345,0.0874,2.1633,0.0,0.0,0.0,29.9863,25.0,25.0,38.0,37.0,15.0,0.0,0.0,0.0,0.0,62.5854,16.0,46.4097,0.0,0.0
9811.0,1.7466,0.0933,1.0,0.0796,1.2012,2.0558,1.0558,2.1861,1.1861,26.6094,2.0644,26.3585,2.0543,100.0,0.0,0.0,0.0,25.0,0.0,26.125,0.0,26.125,0.0,25.125,10.0,0.0,0.0087,52.5333,5.2533,2.0,315.0891,1.9994,0.53,1.4215,0.5654,1.4253,0.0006,1.9647,0.0008,3.005,11.0,0.0723,1.0019,0.2666,2.6477,0.0226,1.5768,0.0798,2.1236,0.0,0.0,0.0,29.9867,25.0,25.0,38.0,37.0,14.0,0.0,0.0,0.0,0.0,62.5857,0.0,46.5471,0.0,0.0
9812.0,1.7467,0.0933,1.0,0.0796,1.2013,2.0556,1.0556,2.1857,1.1857,26.5845,2.0634,26.379,2.0552,100.0,0.0,0.0,0.0,25.0,0.0,26.125,0.0,26.25,0.0,25.125,10.0,0.0,0.0086,52.5335,5.2534,2.0,317.8887,2.0009,0.5603,1.4248,0.5705,1.4259,0.0006,1.9663,0.0008,3.0148,11.0,0.073,1.0019,0.3074,2.7096,0.0196,1.5136,0.0785,2.1165,0.0,0.0,0.0,29.9866,25.0,25.0,38.0,37.0,14.0,0.0,0.0,0.0,0.0,62.5853,0.0,46.5488,0.0,0.0
9813.0,1.7487,0.0936,1.0,0.0799,1.2019,2.0551,1.0551,2.1859,1.1859,26.7429,2.0697,26.3894,2.0556,100.0,0.0,0.0,0.0,25.0,0.0,26.25,0.0,26.125,0.0,25.0,10.0,0.0,0.0078,52.5336,5.2533,2.0,321.8745,2.0031,0.6265,1.432,0.572,1.426,0.0006,1.9675,0.0008,3.023,11.0,0.0713,1.0019,0.2653,2.6455,0.0175,1.4653,0.0647,2.0326,0.0,0.0,0.0,29.9864,25.0,25.0,38.0,37.0,14.0,0.0,0.0,0.0,0.0,62.585,0.0,46.549,0.0,0.0
9814.0,1.7508,0.0938,1.0,0.0795,1.201,2.0553,1.0553,2.1865,1.1865,26.8109,2.0724,26.3756,2.055,100.0,0.0,0.0,0.0,24.875,0.0,26.125,0.0,26.125,0.0,25.0,10.0,0.0,0.0081,52.5333,5.2533,2.0,324.1314,2.0043,0.5888,1.4279,0.5675,1.4255,0.0006,1.9689,0.0008,3.0357,11.0,0.071,1.0019,0.3107,2.7142,0.0184,1.4862,0.0706,2.0708,0.0,0.0,0.0,29.9864,25.0,25.0,38.0,37.0,13.0,0.0,0.0,0.0,0.0,62.5855,0.0,46.5494,0.0,0.0
9815.0,1.7509,0.0939,1.0,0.0794,1.2006,2.0558,1.0558,2.1864,1.1864,26.7317,2.0693,26.3663,2.0547,100.0,0.0,0.0,0.0,24.875,0.0,26.125,0.0,26.125,0.0,25.125,10.0,0.0,0.0084,52.5335,5.2533,2.0,323.4368,2.0039,0.5099,1.4193,0.5656,1.4253,0.0007,1.9701,0.0008,3.0512,11.0,0.0695,1.0019,0.2638,2.6432,0.0167,1.4454,0.0715,2.0759,0.0,0.0,0.0,29.9866,25.0,25.0,38.0,37.0,14.0,0.0,0.0,0.0,0.0,62.5854,0.0,46.5493,0.0,0.0
9816.0,1.7509,0.0939,1.0,0.0795,1.201,2.0558,1.0558,2.1864,1.1864,26.6377,2.0655,26.3632,2.0545,100.0,0.0,0.0,0.0,25.0,0.0,26.125,0.0,26.125,0.0,25.0,10.0,0.0,0.0081,52.5337,5.2534,2.0,324.7049,2.0046,0.5201,1.4204,0.5539,1.4241,0.0007,1.9708,0.0008,3.0559,11.0,0.0681,1.0018,0.224,2.572,0.0157,1.4168,0.0775,2.1112,0.0,0.0,0.0,29.9868,25.0,25.0,38.0,37.0,13.0,0.0,0.0,0.0,0.0,62.5854,0.0,46.5495,0.0,0.0
9817.0,1.7508,0.0939,1.0,0.0794,1.2006,2.0557,1.0557,2.1861,1.1861,26.5755,2.063,26.3634,2.0545,100.0,0.0,0.0,0.0,25.0,0.0,26.125,0.0,26.125,0.0,25.125,10.0,0.0,0.0084,52.5333,5.2533,2.0,328.091,2.0064,0.587,1.4277,0.5536,1.424,0.0007,1.9721,0.0008,3.0631,11.0,0.0627,1.0017,0.2396,2.6013,0.014,1.3665,0.0763,2.1046,0.0,0.0,0.0,29.9866,25.0,25.0,38.0,37.0,14.0,0.0,0.0,0.0,0.0,62.5857,0.0,46.5493,0.0,0.0
9818.0,1.752,0.094,1.0,0.0793,1.2002,2.0552,1.0552,2.1859,1.1859,26.7026,2.0681,26.3883,2.0555,100.0,0.0,0.0,0.0,24.875,0.0,26.125,0.0,26.125,0.0,25.125,10.0,0.0,0.0089,52.5337,5.2534,2.0,330.4069,2.0076,0.6083,1.43,0.5509,1.4237,0.0007,1.9733,0.0008,3.0808,11.0,0.0648,1.0017,0.2293,2.5823,0.0143,1.3758,0.0719,2.0784,0.0,0.0,0.0,29.9863,25.0,25.0,38.0,37.0,15.0,0.0,0.0,0.0,0.0,62.5853,0.0,46.5487,0.0,0.0
9819.0,1.7512,0.0939,1.0,0.0794,1.2007,2.0556,1.0556,2.186,1.186,26.8248,2.073,26.3787,2.0551,100.0,0.0,0.0,0.0,25.0,0.0,26.125,0.0,26.125,0.0,25.125,10.0,0.0,0.0088,52.5338,5.2534,2.0,334.3215,2.0097,0.7295,1.4432,0.5683,1.4256,0.0007,1.9751,0.0008,3.0871,11.0,0.0644,1.0017,0.1605,2.4272,0.0133,1.3465,0.0666,2.0454,0.0,0.0,0.0,29.9862,25.0,25.0,38.0,37.0,14.0,0.0,0.0,0.0,0.0,62.5855,0.0,46.549,0.0,0.0
9820.0,1.7508,0.0939,1.0,0.0797,1.2014,2.0561,1.0561,2.1861,1.1861,26.7651,2.0706,26.3667,2.0547,100.0,0.0,0.0,0.0,25.0,0.0,26.125,0.0,26.125,0.0,25.0,10.0,0.0,0.0085,52.5339,5.2534,2.0,340.2218,2.0127,0.7723,1.4479,0.5965,1.4287,0.0007,1.9771,0.0008,3.1048,11.0,0.0676,1.0018,0.2544,2.6274,0.0129,1.3317,0.066,2.0414,0.0,0.0,0.0,29.9864,25.0,25.0,38.0,37.0,13.0,0.0,0.0,0.0,0.0,62.5851,0.0,46.5489,0.0,0.0
9821.0,1.7509,0.0939,1.0,0.0796,1.2011,2.0562,1.0562,2.1864,1.1864,26.6577,2.0663,26.3641,2.0546,100.0,0.0,0.0,0.0,24.875,0.0,26.125,0.0,26.125,0.0,25.125,10.0,0.0,0.0091,52.5338,5.2534,2.0,341.8736,2.0135,0.8265,1.4538,0.6064,1.4298,0.0007,1.9786,0.0008,3.1188,11.0,0.0687,1.0018,0.2602,2.6372,0.0118,1.2937,0.072,2.0792,0.0,0.0,0.0,29.9862,25.0,25.0,38.0,37.0,12.0,0.0,0.0,0.0,0.0,62.5853,0.0,46.5489,0.0,0.0
9822.0,1.7522,0.094,1.0,0.0796,1.2012,2.0559,1.0559,2.1861,1.1861,26.5552,2.0622,26.3682,2.0547,100.0,0.0,0.0,0.0,25.0,0.0,26.125,0.0,26.0,0.0,25.125,10.0,0.0,0.0084,52.5338,5.2534,2.0,345.9289,2.0156,0.9514,1.4674,0.6294,1.4323,0.0007,1.9806,0.0008,3.1237,11.0,0.0712,1.0019,0.243,2.6074,0.0112,1.2695,0.0774,2.1104,0.0,0.0,0.0,29.9866,25.0,25.0,38.0,37.0,13.0,0.0,0.0,0.0,0.0,62.5853,0.0,46.5492,0.0,0.0
9823.0,1.753,0.0941,1.0,0.0795,1.2009,2.0554,1.0554,2.1857,1.1857,26.6633,2.0665,26.3853,2.0554,100.0,0.0,0.0,0.0,25.0,0.0,26.0,0.0,26.25,0.0,25.125,10.0,0.0,0.009,52.5338,5.2534,2.0,352.019,2.0186,0.9127,1.4632,0.6402,1.4335,0.0007,1.9822,0.0008,3.1382,11.0,0.0658,1.0018,0.2382,2.5988,0.0116,1.2877,0.0838,2.145,0.0,0.0,0.0,29.9862,25.0,25.0,38.0,37.0,12.0,0.0,0.0,0.0,0.0,62.5851,0.0,46.5491,0.0,0.0
9824.0,1.7529,0.0941,1.0,0.0795,1.2008,2.0555,1.0555,2.186,1.186,26.8131,2.0725,26.3801,2.0552,100.0,0.0,0.0,0.0,25.0,0.0,26.0,0.0,26.125,0.0,25.125,10.0,0.0,0.0082,52.5338,5.2534,2.0,354.7291,2.02,0.8418,1.4555,0.6583,1.4355,0.0007,1.9844,0.0008,3.155,11.0,0.0692,1.0018,0.2711,2.655,0.0105,1.2436,0.0805,2.1276,0.0,0.0,0.0,29.9865,25.0,25.0,38.0,37.0,15.0,0.0,0.0,0.0,0.0,62.5852,0.0,46.5492,0.0,0.0
9825.0,1.753,0.0941,1.0,0.0797,1.2014,2.0559,1.0559,2.1862,1.1862,26.7839,2.0714,26.3695,2.0548,100.0,0.0,0.0,0.0,24.875,0.0,26.125,0.0,26.125,0.0,25.125,10.0,0.0,0.0083,52.5341,5.2534,2.0,354.6726,2.0199,0.7212,1.4423,0.665,1.4362,0.0007,1.9858,0.0008,3.1663,11.0,0.0742,1.002,0.3163,2.7219,0.0096,1.2026,0.0802,2.126,0.0,0.0,0.0,29.9865,25.0,25.0,38.0,37.0,12.0,0.0,0.0,0.0,0.0,62.5856,0.0,46.5492,0.0,0.0
9826.0,1.754,0.0943,1.0,0.0796,1.2012,2.0557,1.0557,2.1863,1.1863,26.6551,2.0662,26.3642,2.0546,100.0,0.0,0.0,0.0,25.0,0.0,26.125,0.0,26.125,0.0,25.125,10.0,0.0,0.0086,52.5339,5.2534,2.0,353.2197,2.0192,0.645,1.434,0.6702,1.4367,0.0007,1.9878,0.0008,3.1823,11.0,0.0727,1.0019,0.3025,2.7025,0.0096,1.205,0.0856,2.1541,0.0,0.0,0.0,29.9864,25.0,25.0,38.0,37.0,14.0,0.0,0.0,0.0,0.0,62.5853,0.0,46.5491,0.0,0.0
9827.0,1.754,0.0942,1.0,0.0794,1.2006,2.0559,1.0559,2.1859,1.1859,26.5547,2.0622,26.365,2.0546,100.0,0.0,0.0,0.0,25.0,0.0,26.125,0.0,26.125,0.0,25.125,10.0,0.0,0.0087,52.5338,5.2534,2.0,357.0022,2.0211,0.75,1.4455,0.6821,1.4381,0.0007,1.9893,0.0008,3.2002,11.0,0.0703,1.0019,0.2124,2.549,0.0094,1.1954,0.0935,2.1925,0.0,0.0,0.0,29.9863,25.0,25.0,38.0,37.0,14.0,0.0,0.0,0.0,0.0,62.585,0.0,46.549,0.0,0.0
9828.0,1.752,0.094,1.0,0.0793,1.2004,2.0555,1.0555,2.1857,1.1857,26.6521,2.0661,26.3844,2.0554,100.0,0.0,0.0,0.0,25.125,0.0,26.125,0.0,26.125,0.0,25.125,10.0,0.0,0.0078,52.5339,5.2534,2.0,362.0767,2.0235,0.8342,1.4546,0.6932,1.4393,0.0007,1.9913,0.0008,3.2186,11.0,0.0673,1.0018,0.2682,2.6503,0.0091,1.1808,0.0925,2.188,0.0,0.0,0.0,29.9866,25.0,25.0,38.0,37.0,13.0,0.0,0.0,0.0,0.0,62.5851,0.0,46.5489,0.0,0.0
9829.0,1.751,0.0939,1.0,0.0793,1.2004,2.0554,1.0554,2.1859,1.1859,26.8043,2.0722,26.3846,2.0554,100.0,0.0,0.0,0.0,25.0,0.0,26.125,0.0,26.125,0.0,25.0,10.0,0.0,0.0088,52.5341,5.2534,2.0,363.2678,2.0241,0.6974,1.4397,0.6972,1.4397,0.0007,1.9928,0.0008,3.2293,11.0,0.0672,1.0018,0.2754,2.6618,0.0648,2.0332,0.087,2.1612,0.0,0.0,0.0,29.9867,25.0,25.0,38.0,37.0,13.0,0.0,0.0,0.0,0.0,62.5856,0.0,46.5489,0.0,0.0
9830.0,1.7489,0.0936,1.0,0.0795,1.2008,2.056,1.056,2.1862,1.1862,26.7839,2.0714,26.373,2.0549,100.0,0.0,0.0,0.0,25.0,0.0,26.125,0.0,26.125,0.0,25.125,10.0,0.0,0.008,52.5341,5.2534,2.0,362.6481,2.0238,0.6405,1.4335,0.6992,1.4399,0.0007,1.9946,0.0008,3.2398,11.0,0.0621,1.0017,0.2032,2.5297,0.058,1.9853,0.0841,2.1464,0.0,0.0,0.0,29.9867,25.0,25.0,38.0,37.0,12.0,0.0,0.0,0.0,0.0,62.5854,0.0,46.5491,0.0,0.0
9831.0,1.7488,0.0936,1.0,0.0794,1.2005,2.0561,1.0561,2.186,1.186,26.6922,2.0677,26.3745,2.055,100.0,0.0,0.0,0.0,24.875,0.0,26.25,0.0,26.125,0.0,25.125,10.0,0.0,0.0082,52.5337,5.2534,2.0,364.0584,2.0245,0.5715,1.426,0.7002,1.44,0.0007,1.9961,0.0008,3.2494,11.0,0.0619,1.0016,0.1646,2.4382,0.0536,1.9512,0.0871,2.1618,0.0,0.0,0.0,29.9866,25.0,25.0,38.0,37.0,13.0,0.0,0.0,0.0,0.0,62.5851,0.0,46.5492,0.0,0.0
9832.0,1.7488,0.0936,1.0,0.0792,1.2001,2.0562,1.0562,2.1859,1.1859,26.5687,2.0627,26.3738,2.055,100.0,0.0,0.0,0.0,24.875,0.0,26.125,0.0,26.125,0.0,25.0,10.0,0.0,0.0089,52.5342,5.2534,2.0,363.9255,2.0244,0.5004,1.4182,0.7074,1.4408,0.0007,1.9979,0.0009,3.2715,11.0,0.0646,1.0017,0.1958,2.5136,0.0547,1.96,0.0752,2.0978,0.0,0.0,0.0,29.9863,25.0,25.0,38.0,37.0,15.0,0.0,0.0,0.0,0.0,62.585,0.0,46.5489,0.0,0.0
9833.0,1.7498,0.0937,1.0,0.0795,1.201,2.0558,1.0558,2.1857,1.1857,26.6166,2.0647,26.3805,2.0552,100.0,0.0,0.0,0.0,24.875,0.0,26.125,0.0,26.125,0.0,25.125,10.0,0.0,0.0087,52.5344,5.2535,2.0,366.0284,2.0254,0.703,1.4403,0.7047,1.4405,0.0007,1.9995,0.0009,3.2793,11.0,0.0656,1.0018,0.178,2.4723,0.0557,1.9678,0.0701,2.0677,0.0,0.0,0.0,29.9862,25.0,25.0,38.0,37.0,14.0,0.0,0.0,0.0,0.0,62.5849,0.0,46.5484,0.0,0.0
9834.0,1.7487,0.0936,1.0,0.0795,1.2007,2.0551,1.0551,2.1858,1.1858,26.7959,2.0718,26.3862,2.0554,100.0,0.0,0.0,0.0,25.125,0.0,26.0,0.0,26.125,0.0,25.0,10.0,0.0,0.008,52.5341,5.2534,2.0,376.1671,2.0302,0.8275,1.4539,0.6995,1.4399,0.0007,2.0012,0.0009,3.2997,11.0,0.063,1.0017,0.1765,2.4686,0.0511,1.9304,0.0664,2.0437,0.0,0.0,0.0,29.9864,25.0,25.0,38.0,37.0,15.0,0.0,0.0,0.0,0.0,62.585,0.0,46.5488,0.0,0.0
9835.0,1.7494,0.0937,1.0,0.0793,1.2002,2.0558,1.0558,2.1862,1.1862,26.8052,2.0722,26.373,2.0549,100.0,0.0,0.0,0.0,25.0,0.0,26.125,0.0,26.25,0.0,25.125,10.0,0.0,0.0085,52.5344,5.2534,2.0,380.1551,2.032,0.8214,1.4532,0.6954,1.4395,0.0007,2.0023,0.0009,3.3061,11.0,0.0638,1.0017,0.1702,2.4528,0.0452,1.8772,0.0628,2.0199,0.0,0.0,0.0,29.9864,25.0,25.0,38.0,37.0,14.0,0.0,0.0,0.0,0.0,62.5849,0.0,46.5493,0.0,0.0
9836.0,1.7508,0.0939,1.0,0.0794,1.2005,2.0561,1.0561,2.1861,1.1861,26.6955,2.0678,26.3647,2.0546,100.0,0.0,0.0,0.0,24.875,0.0,26.125,0.0,26.125,0.0,25.125,10.0,0.0,0.0085,52.5345,5.2535,2.0,380.9176,2.0323,0.7205,1.4422,0.6894,1.4388,0.0008,2.0042,0.0009,3.3265,11.0,0.0633,1.0017,0.1428,2.3764,0.0449,1.8743,0.0636,2.025,0.0,0.0,0.0,29.9864,25.0,25.0,38.0,37.0,13.0,0.0,0.0,0.0,0.0,62.5855,0.0,46.5486,0.0,0.0
9837.0,1.7512,0.0939,1.0,0.0797,1.2015,2.0558,1.0558,2.1859,1.1859,26.5933,2.0637,26.361,2.0544,100.0,0.0,0.0,0.0,25.0,0.0,26.125,0.0,26.125,0.0,25.125,10.0,0.0,0.0085,52.5346,5.2535,2.0,383.6701,2.0336,0.7326,1.4436,0.6885,1.4387,0.0008,2.0054,0.0009,3.3311,11.0,0.0647,1.0017,0.1405,2.3697,0.0408,1.8329,0.0632,2.0223,0.0,0.0,0.0,29.9861,25.0,25.0,38.0,37.0,13.0,0.0,0.0,0.0,0.0,62.5852,0.0,46.5486,0.0,0.0
9838.0,1.753,0.0941,1.0,0.0794,1.2006,2.0554,1.0554,2.1857,1.1857,26.6065,2.0643,26.3769,2.0551,100.0,0.0,0.0,0.0,25.0,0.0,26.125,0.0,26.125,0.0,25.125,10.0,0.0,0.0088,52.5343,5.2534,2.0,384.8461,2.0341,0.6233,1.4316,0.6888,1.4388,0.0008,2.0074,0.0009,3.3497,11.0,0.0715,1.0019,0.1388,2.3643,0.0409,1.8334,0.0791,2.1202,0.0,0.0,0.0,29.9862,26.0,25.0,38.0,37.0,14.0,0.0,0.0,0.0,0.0,62.5854,0.0,46.5489,0.0,0.0
9839.0,1.7516,0.094,1.0,0.0798,1.2016,2.0551,1.0551,2.1857,1.1857,26.7818,2.0713,26.3852,2.0554,100.0,0.0,0.0,0.0,25.0,0.0,26.125,0.0,26.125,0.0,25.125,10.0,0.0,0.0082,52.5346,5.2535,2.0,383.0061,2.0333,0.5135,1.4197,0.6892,1.4388,0.0008,2.009,0.0009,3.366,11.0,0.072,1.0019,0.1351,2.3524,0.0398,1.8221,0.0754,2.0992,0.0,0.0,0.0,29.9864,26.0,25.0,38.0,37.0,15.0,0.0,0.0,0.0,0.0,62.5854,0.0,46.5491,0.0,0.0
9840.0,1.7509,0.0939,1.0,0.0796,1.2013,2.0554,1.0554,2.1861,1.1861,26.8116,2.0725,26.3659,2.0546,100.0,0.0,0.0,0.0,25.0,0.0,26.125,0.0,26.125,0.0,25.0,10.0,0.0,0.0083,52.5348,5.2535,2.0,385.3937,2.0344,0.5433,1.4229,0.6771,1.4375,0.0008,2.0105,0.0009,3.3787,11.0,0.0736,1.002,0.1177,2.2926,0.0392,1.815,0.0723,2.0812,0.0,0.0,0.0,29.9863,26.0,25.0,38.0,37.0,14.0,0.0,0.0,0.0,0.0,62.5858,0.0,46.5492,0.0,0.0
9841.0,1.7509,0.0939,1.0,0.0794,1.2006,2.0559,1.0559,2.186,1.186,26.7196,2.0688,26.3649,2.0546,100.0,0.0,0.0,0.0,25.0,0.0,26.125,0.0,26.125,0.0,25.125,10.0,0.0,0.0082,52.5347,5.2535,2.0,388.5473,2.0358,0.6,1.4291,0.6699,1.4367,0.0008,2.0118,0.0009,3.3861,11.0,0.07,1.0019,0.1278,2.3285,0.0349,1.7642,0.0661,2.0421,0.0,0.0,0.0,29.9858,26.0,25.0,38.0,37.0,13.0,0.0,0.0,0.0,0.0,62.585,0.0,46.5488,0.0,0.0
9842.0,1.7509,0.0939,1.0,0.0793,1.2002,2.0562,1.0562,2.1859,1.1859,26.5931,2.0637,26.3679,2.0547,100.0,0.0,0.0,0.0,25.125,0.0,26.125,0.0,26.125,0.0,25.125,10.0,0.0,0.008,52.5348,5.2535,2.0,391.5833,2.0371,0.5844,1.4274,0.6682,1.4365,0.0008,2.0133,0.0009,3.4076,11.0,0.0657,1.0018,0.184,2.4867,0.0331,1.7414,0.0657,2.0393,0.0,0.0,0.0,29.986,25.0,25.0,38.0,37.0,14.0,0.0,0.0,0.0,0.0,62.5856,0.0,46.5492,0.0,0.0
9843.0,1.7509,0.0939,1.0,0.0793,1.2004,2.056,1.056,2.1857,1.1857,26.5926,2.0637,26.381,2.0552,100.0,0.0,0.0,0.0,25.0,0.0,26.0,0.0,26.125,0.0,25.125,10.0,0.0,0.0083,52.5347,5.2535,2.0,392.1808,2.0374,0.5787,1.4268,0.6658,1.4363,0.0008,2.0147,0.0009,3.4213,11.0,0.063,1.0017,0.1997,2.5222,0.0309,1.7111,0.066,2.0416,0.0,0.0,0.0,29.9859,25.0,25.0,38.0,37.0,14.0,0.0,0.0,0.0,0.0,62.5849,0.0,46.5486,0.0,0.0
9844.0,1.7509,0.0939,1.0,0.0793,1.2004,2.0551,1.0551,2.1857,1.1857,26.7344,2.0694,26.3896,2.0556,100.0,0.0,0.0,0.0,25.0,0.0,26.125,0.0,26.0,0.0,25.125,10.0,0.0,0.0087,52.5347,5.2535,2.0,396.9423,2.0395,0.6561,1.4352,0.6609,1.4357,0.0008,2.016,0.0009,3.4292,11.0,0.0651,1.0017,0.1663,2.4427,0.0313,1.7177,0.0568,1.9759,0.0,0.0,0.0,29.986,25.0,25.0,38.0,37.0,15.0,0.0,0.0,0.0,0.0,62.5851,0.0,46.5493,0.0,0.0
9845.0,1.7529,0.0941,1.0,0.0791,1.1997,2.0558,1.0558,2.1861,1.1861,26.8113,2.0725,26.375,2.055,100.0,0.0,0.0,0.0,25.0,0.0,26.25,0.0,26.125,0.0,25.125,10.0,0.0,0.0081,52.5346,5.2535,2.0,399.6404,2.0407,0.6824,1.4381,0.6558,1.4352,0.0008,2.0178,0.0009,3.4422,11.0,0.0621,1.0017,0.179,2.4748,0.0302,1.7018,0.0578,1.9837,0.0,0.0,0.0,29.9864,25.0,25.0,38.0,37.0,14.0,0.0,0.0,0.0,0.0,62.5855,0.0,46.5493,0.0,0.0
9846.0,1.7538,0.0942,1.0,0.0794,1.2007,2.0561,1.0561,2.1861,1.1861,26.7521,2.0701,26.3706,2.0548,100.0,0.0,0.0,0.0,25.0,0.0,26.125,0.0,26.25,0.0,25.125,10.0,0.0,0.0083,52.5348,5.2535,2.0,401.2992,2.0414,0.6323,1.4326,0.644,1.4339,0.0008,2.0187,0.0009,3.4546,11.0,0.064,1.0017,0.1483,2.3929,0.0273,1.6586,0.0677,2.0522,0.0,0.0,0.0,29.9861,25.0,25.0,38.0,37.0,15.0,0.0,0.0,0.0,0.0,62.5853,0.0,46.5492,0.0,0.0
9847.0,1.7531,0.0941,1.0,0.0795,1.2008,2.056,1.056,2.1859,1.1859,26.6202,2.0648,26.3616,2.0545,100.0,0.0,0.0,0.0,25.0,0.0,26.0,0.0,26.125,0.0,25.0,10.0,0.0,0.0074,52.5351,5.2535,2.0,403.0484,2.0421,0.5695,1.4258,0.6557,1.4352,0.0008,2.0205,0.0009,3.4754,11.0,0.0645,1.0017,0.1402,2.3686,0.0273,1.6582,0.0674,2.0506,0.0,0.0,0.0,29.9859,25.0,25.0,38.0,37.0,13.0,0.0,0.0,0.0,0.0,62.5849,0.0,46.5486,0.0,0.0
9848.0,1.7509,0.0939,1.0,0.0797,1.2015,2.056,1.056,2.1857,1.1857,26.5713,2.0629,26.3781,2.0551,100.0,0.0,0.0,0.0,24.875,0.0,26.125,0.0,26.125,0.0,25.125,10.0,0.0,0.0088,52.5349,5.2535,2.0,407.3258,2.044,0.7591,1.4464,0.6418,1.4336,0.0008,2.022,0.0009,3.4872,11.0,0.0735,1.002,0.1554,2.4134,0.0215,1.5551,0.0802,2.1262,0.0,0.0,0.0,29.9859,25.0,25.0,38.0,37.0,14.0,0.0,0.0,0.0,0.0,62.5856,0.0,46.5492,0.0,0.0
9849.0,1.7501,0.0938,1.0,0.0795,1.2008,2.0555,1.0555,2.1856,1.1856,26.7207,2.0688,26.3925,2.0557,100.0,0.0,0.0,0.0,25.125,0.0,26.125,0.0,26.25,0.0,25.0,10.0,0.0,0.0078,52.5347,5.2535,2.0,414.3251,2.0469,0.7325,1.4435,0.6419,1.4337,0.0008,2.0233,0.0009,3.5007,11.0,0.0717,1.0019,0.1962,2.5145,0.0238,1.5992,0.0878,2.1652,0.0,0.0,0.0,29.9859,25.0,25.0,38.0,37.0,14.0,0.0,0.0,0.0,0.0,62.5839,0.0,46.5485,0.0,0.0
9850.0,1.7481,0.0935,1.0,0.0794,1.2006,2.0558,1.0558,2.1858,1.1858,26.8218,2.0729,26.3864,2.0555,100.0,0.0,0.0,0.0,25.0,0.0,26.0,0.0,26.125,0.0,25.125,10.0,0.0,0.0085,52.5349,5.2535,2.0,414.332,2.0469,0.6488,1.4344,0.6475,1.4343,0.0008,2.0251,0.0009,3.5197,11.0,0.0697,1.0019,0.1893,2.499,0.0219,1.563,0.0819,2.1349,0.0,0.0,0.0,29.9861,25.0,25.0,38.0,37.0,13.0,0.0,0.0,0.0,0.0,62.5853,0.0,46.5487,0.0,0.0
9851.0,1.7481,0.0935,1.0,0.0794,1.2007,2.0561,1.0561,2.1861,1.1861,26.7747,2.071,26.3781,2.0551,100.0,0.0,0.0,0.0,25.0,0.0,26.0,0.0,26.25,0.0,25.0,10.0,0.0,0.0082,52.5346,5.2535,2.0,416.6374,2.0479,0.7408,1.4445,0.6367,1.4331,0.0008,2.0259,0.0009,3.5319,11.0,0.0619,1.0017,0.209,2.542,0.0201,1.5251,0.0836,2.1441,0.0,0.0,0.0,29.9865,25.0,25.0,38.0,37.0,14.0,0.0,0.0,0.0,0.0,62.5854,0.0,46.5487,0.0,0.0
9852.0,1.7488,0.0936,1.0,0.0794,1.2006,2.0559,1.0559,2.186,1.186,26.645,2.0658,26.366,2.0546,100.0,0.0,0.0,0.0,25.0,0.0,26.125,0.0,26.125,0.0,25.0,10.0,0.0,0.0083,52.5353,5.2536,2.0,423.8118,2.0509,0.8078,1.4518,0.6433,1.4338,0.0008,2.0278,0.001,3.5517,11.0,0.0647,1.0017,0.1724,2.4583,0.0194,1.5094,0.0772,2.1095,0.0,0.0,0.0,29.9867,25.0,25.0,38.0,37.0,14.0,0.0,0.0,0.0,0.0,62.5855,0.0,46.5496,0.0,0.0
9853.0,1.7488,0.0936,1.0,0.0796,1.2011,2.0561,1.0561,2.1857,1.1857,26.5624,2.0625,26.3717,2.0549,100.0,0.0,0.0,0.0,25.0,0.0,26.125,0.0,26.25,0.0,25.125,10.0,0.0,0.0077,52.5354,5.2535,2.0,421.4106,2.0499,0.5392,1.4225,0.6341,1.4328,0.0008,2.0292,0.001,3.5685,11.0,0.0689,1.0018,0.1765,2.4685,0.0198,1.5183,0.0678,2.0534,0.0,0.0,0.0,29.9868,25.0,25.0,38.0,37.0,13.0,0.0,0.0,0.0,0.0,62.5851,0.0,46.5489,0.0,0.0
9854.0,1.7488,0.0936,1.0,0.0797,1.2014,2.0554,1.0554,2.1856,1.1856,26.669,2.0668,26.3859,2.0554,100.0,0.0,0.0,0.0,25.0,0.0,26.0,0.0,26.125,0.0,25.125,10.0,0.0,0.0085,52.5353,5.2536,2.0,421.48,2.0499,0.5472,1.4233,0.6338,1.4328,0.0008,2.0305,0.001,3.5791,11.0,0.0729,1.0019,0.1631,2.4343,0.0165,1.4394,0.0665,2.0446,0.0,0.0,0.0,29.986,25.0,25.0,38.0,37.0,15.0,0.0,0.0,0.0,0.0,62.5855,0.0,46.5488,0.0,0.0
9855.0,1.7478,0.0935,1.0,0.0794,1.2007,2.0555,1.0555,2.1857,1.1857,26.8225,2.0729,26.3804,2.0552,100.0,0.0,0.0,0.0,25.0,0.0,26.125,0.0,26.125,0.0,25.0,10.0,0.0,0.0087,52.5354,5.2536,2.0,423.0406,2.0506,0.4767,1.4156,0.6385,1.4333,0.0009,2.0323,0.001,3.5969,11.0,0.0709,1.0019,0.2018,2.5268,0.0174,1.4636,0.0806,2.1284,0.0,0.0,0.0,29.9865,25.0,25.0,38.0,37.0,14.0,0.0,0.0,0.0,0.0,62.5849,0.0,46.549,0.0,0.0
9856.0,1.7476,0.0934,1.0,0.0795,1.201,2.0558,1.0558,2.1862,1.1862,26.7791,2.0712,26.3688,2.0548,100.0,0.0,0.0,0.0,24.875,0.0,26.0,0.0,26.375,0.0,25.0,10.0,0.0,0.0085,52.5355,5.2535,2.0,423.4845,2.0507,0.4645,1.4143,0.6304,1.4324,0.0009,2.0334,0.001,3.6123,11.0,0.0724,1.0019,0.2194,2.5631,0.0186,1.4919,0.0707,2.0713,0.0,0.0,0.0,29.986,25.0,25.0,38.0,37.0,13.0,0.0,0.0,0.0,0.0,62.585,0.0,46.5488,0.0,0.0
9857.0,1.7456,0.0932,1.0,0.0795,1.2009,2.056,1.056,2.186,1.186,26.6691,2.0668,26.363,2.0545,100.0,0.0,0.0,0.0,25.0,0.0,26.0,0.0,26.125,0.0,25.125,10.0,0.0,0.0079,52.5354,5.2536,2.0,424.6275,2.0512,0.4219,1.4097,0.621,1.4314,0.0009,2.0346,0.001,3.6266,11.0,0.0693,1.0018,0.198,2.5185,0.016,1.4266,0.0749,2.0963,0.0,0.0,0.0,29.9868,25.0,25.0,38.0,37.0,14.0,0.0,0.0,0.0,0.0,62.5858,0.0,46.5492,0.0,0.0
9858.0,1.7427,0.0928,1.0,0.0794,1.2006,2.0561,1.0561,2.1858,1.1858,26.5587,2.0623,26.3723,2.0549,100.0,0.0,0.0,0.0,25.0,0.0,26.125,0.0,26.125,0.0,25.125,10.0,0.0,0.0081,52.5354,5.2536,2.0,425.0006,2.0514,0.3983,1.4071,0.6118,1.4304,0.0009,2.0358,0.001,3.6432,11.0,0.064,1.0017,0.1978,2.518,0.0163,1.4344,0.0883,2.168,0.0,0.0,0.0,29.9859,25.0,25.0,38.0,37.0,13.0,0.0,0.0,0.0,0.0,62.586,0.0,46.5491,0.0,0.0
9859.0,1.7417,0.0927,1.0,0.0794,1.2005,2.0554,1.0554,2.1856,1.1856,26.6617,2.0665,26.386,2.0554,100.0,0.0,0.0,0.0,24.875,0.0,26.125,0.0,26.125,0.0,25.125,10.0,0.0,0.0086,52.5355,5.2535,2.0,425.0858,2.0514,0.3844,1.4056,0.607,1.4299,0.0009,2.0374,0.001,3.656,11.0,0.0647,1.0017,0.186,2.4914,0.0146,1.3876,0.0819,2.1352,0.0,0.0,0.0,29.9862,25.0,25.0,38.0,37.0,14.0,0.0,0.0,0.0,0.0,62.5856,0.0,46.5493,0.0,0.0
9860.0,1.7407,0.0926,1.0,0.0796,1.2012,2.055,1.055,2.1859,1.1859,26.8111,2.0724,26.3762,2.055,100.0,0.0,0.0,0.0,24.875,0.0,26.125,0.0,26.125,0.0,25.0,10.0,0.0,0.0084,52.5356,5.2536,2.0,429.3484,2.0531,0.4766,1.4156,0.6069,1.4298,0.0009,2.0386,0.001,3.6659,11.0,0.0686,1.0018,0.1871,2.4939,0.0126,1.321,0.0817,2.1343,0.0,0.0,0.0,29.9861,25.0,25.0,38.0,37.0,14.0,0.0,0.0,0.0,0.0,62.5852,0.0,46.5496,0.0,0.0
9861.0,1.7415,0.0927,1.0,0.0796,1.2013,2.0556,1.0556,2.1862,1.1862,26.7796,2.0712,26.3604,2.0544,100.0,0.0,0.0,0.0,25.0,0.0,26.125,0.0,26.125,0.0,25.125,10.0,0.0,0.0079,52.5354,5.2536,2.0,436.6171,2.056,0.5851,1.4275,0.6052,1.4297,0.0009,2.0403,0.001,1.8503,10.0,0.0731,1.0019,0.1731,2.4603,0.0124,1.3145,0.0724,2.0815,0.0,0.0,0.0,29.9864,25.0,25.0,38.0,37.0,13.0,0.0,0.0,0.0,0.0,62.585,0.0,46.549,0.0,0.0
9862.0,1.7426,0.0928,1.0,0.0794,1.2006,2.0558,1.0558,2.1861,1.1861,26.6755,2.067,26.3637,2.0545,100.0,0.0,0.0,0.0,25.0,0.0,26.125,0.0,26.125,0.0,25.125,10.0,0.0,0.0081,52.5355,5.2535,2.0,437.1831,2.0563,0.6036,1.4295,0.6106,1.4302,0.0009,2.0416,0.001,1.8539,10.0,0.07,1.0019,0.1544,2.4106,0.0112,1.2708,0.0662,2.0428,0.0,0.0,0.0,29.9859,25.0,25.0,38.0,37.0,16.0,0.0,0.0,0.0,0.0,62.5852,0.0,46.5486,0.0,0.0
9863.0,1.7431,0.0929,1.0,0.0794,1.2005,2.0557,1.0557,2.1858,1.1858,26.5681,2.0627,26.3651,2.0546,100.0,0.0,0.0,0.0,25.0,0.0,26.125,0.0,26.25,0.0,25.0,10.0,0.0,0.0088,52.5353,5.2535,2.0,443.0871,2.0586,0.6322,1.4326,0.6019,1.4293,0.0009,2.0429,0.001,1.859,10.0,0.0633,1.0017,0.1533,2.4074,0.0119,1.2977,0.0723,2.0811,0.0,0.0,0.0,29.9862,25.0,25.0,38.0,37.0,14.0,0.0,0.0,0.0,0.0,62.5854,0.0,46.5488,0.0,0.0
9864.0,1.7445,0.0931,1.0,0.0792,1.2001,2.0554,1.0554,2.1858,1.1858,26.6193,2.0648,26.3821,2.0553,100.0,0.0,0.0,0.0,25.0,0.0,26.125,0.0,26.125,0.0,25.125,10.0,0.0,0.0085,52.5357,5.2536,2.0,447.5481,2.0603,0.7476,1.4452,0.5921,1.4282,0.0009,2.0437,0.001,1.8615,10.0,0.0608,1.0016,0.2166,2.5574,0.0113,1.2753,0.0728,2.084,0.0,0.0,0.0,29.9859,25.0,25.0,38.0,37.0,16.0,0.0,0.0,0.0,0.0,62.585,0.0,46.5493,0.0,0.0
9865.0,1.7447,0.0931,1.0,0.0797,1.2016,2.0555,1.0555,2.1858,1.1858,26.811,2.0724,26.3865,2.0555,100.0,0.0,0.0,0.0,25.0,0.0,26.125,0.0,26.125,0.0,25.125,10.0,0.0,0.0088,52.5359,5.2536,2.0,449.7111,2.0612,0.6586,1.4355,0.5887,1.4279,0.0009,2.0454,0.001,1.8683,10.0,0.0667,1.0018,0.1895,2.4994,0.0107,1.2523,0.0785,2.1166,0.0,0.0,0.0,29.9865,25.0,25.0,38.0,37.0,13.0,0.0,0.0,0.0,0.0,62.5855,0.0,46.5492,0.0,0.0
9866.0,1.7457,0.0932,1.0,0.0796,1.2011,2.0559,1.0559,2.1862,1.1862,26.8024,2.0721,26.3714,2.0549,100.0,0.0,0.0,0.0,25.0,0.0,26.0,0.0,26.125,0.0,25.125,10.0,0.0,0.0079,52.5359,5.2536,2.0,453.4763,2.0626,0.7419,1.4446,0.5896,1.428,0.0009,2.0467,0.001,1.8731,10.0,0.0686,1.0018,0.2114,2.547,0.0099,1.2174,0.0727,2.0831,0.0,0.0,0.0,29.9863,25.0,25.0,38.0,37.0,13.0,0.0,0.0,0.0,0.0,62.5854,0.0,46.549,0.0,0.0
9867.0,1.7457,0.0932,1.0,0.0794,1.2006,2.0558,1.0558,2.1861,1.1861,26.7024,2.0681,26.3668,2.0547,100.0,0.0,0.0,0.0,25.0,0.0,26.125,0.0,26.125,0.0,25.125,10.0,0.0,0.0078,52.5362,5.2536,2.0,459.3563,2.0649,0.7555,1.4461,0.5791,1.4268,0.0009,2.0477,0.001,1.8779,10.0,0.0656,1.0017,0.182,2.482,0.0089,1.1725,0.0759,2.1019,0.0,0.0,0.0,29.9862,25.0,25.0,38.0,37.0,14.0,0.0,0.0,0.0,0.0,62.5857,0.0,46.5487,0.0,0.0
9868.0,1.7457,0.0932,1.0,0.0797,1.2015,2.0558,1.0558,2.1861,1.1861,26.5757,2.063,26.3538,2.0542,100.0,0.0,0.0,0.0,25.0,0.0,26.125,0.0,26.125,0.0,25.25,10.0,0.0,0.0085,52.5364,5.2537,2.0,460.9813,2.0655,0.7009,1.4401,0.5796,1.4269,0.0009,2.0493,0.001,1.8835,10.0,0.0721,1.0019,0.1846,2.4881,0.009,1.1741,0.0667,2.0459,0.0,0.0,0.0,29.9858,25.0,25.0,38.0,37.0,13.0,0.0,0.0,0.0,0.0,62.5849,0.0,46.5487,0.0,0.0
9869.0,1.7457,0.0932,1.0,0.0796,1.2011,2.0554,1.0554,2.1859,1.1859,26.6052,2.0642,26.3818,2.0553,100.0,0.0,0.0,0.0,25.0,0.0,26.125,0.0,26.25,0.0,25.0,10.0,0.0,0.0086,52.5361,5.2536,2.0,461.3357,2.0656,0.595,1.4285,0.5765,1.4265,0.0009,2.0506,0.0011,1.8886,10.0,0.0726,1.0019,0.2634,2.6425,0.0576,1.982,0.0625,2.018,0.0,0.0,0.0,29.9859,25.0,25.0,38.0,37.0,15.0,0.0,0.0,0.0,0.0,62.5849,16.0,46.5487,0.0,0.0
9870.0,1.7477,0.0935,1.0,0.0794,1.2005,2.0552,1.0552,2.1858,1.1858,26.7784,2.0711,26.3895,2.0556,100.0,0.0,0.0,0.0,25.0,0.0,26.125,0.0,26.125,0.0,25.0,10.0,0.0,0.008,52.5358,5.2536,2.0,460.4059,2.0653,0.5104,1.4193,0.5797,1.4269,0.0009,2.052,0.0011,1.8927,10.0,0.0666,1.0018,0.211,2.5461,0.0616,2.0111,0.0728,2.0839,0.0,0.0,0.0,29.9859,25.0,25.0,38.0,37.0,14.0,0.0,0.0,0.0,0.0,62.5854,16.0,46.6747,0.0,0.0
9871.0,1.7478,0.0935,1.0,0.0794,1.2007,2.0554,1.0554,2.1861,1.1861,26.8104,2.0724,26.3742,2.055,100.0,0.0,0.0,0.0,25.0,0.0,26.125,0.0,26.125,0.0,25.0,10.0,0.0,0.0078,52.5364,5.2536,2.0,465.3713,2.0671,0.6536,1.4349,0.5742,1.4263,0.0009,2.0529,0.0011,1.8971,10.0,0.063,1.0017,0.2033,2.53,0.0552,1.9639,0.0648,2.0336,0.0,0.0,0.0,29.9862,26.0,25.0,38.0,37.0,14.0,0.0,0.0,0.0,0.0,62.5851,0.0,46.8592,0.0,0.0
9872.0,1.7487,0.0936,1.0,0.0793,1.2004,2.0558,1.0558,2.1864,1.1864,26.7085,2.0683,26.3664,2.0547,100.0,0.0,0.0,0.0,25.0,0.0,26.125,0.0,26.25,0.0,25.125,10.0,0.0,0.0075,52.5364,5.2537,2.0,470.4767,2.069,0.6444,1.4339,0.5686,1.4257,0.0009,2.0542,0.0011,1.9025,10.0,0.0613,1.0016,0.2432,2.6077,0.0571,1.9787,0.0658,2.0403,0.0,0.0,0.0,29.986,26.0,25.0,38.0,37.0,13.0,0.0,0.0,0.0,0.0,62.5859,0.0,46.9257,0.0,0.0
9873.0,1.7467,0.0933,1.0,0.0797,1.2013,2.0558,1.0558,2.1864,1.1864,26.5936,2.0637,26.3515,2.0541,100.0,0.0,0.0,0.0,25.0,0.0,26.125,0.0,26.125,0.0,25.125,10.0,0.0,0.0084,52.5367,5.2537,2.0,469.4763,2.0686,0.5699,1.4258,0.5636,1.4251,0.0009,2.0554,0.0011,1.9064,10.0,0.0644,1.0017,0.199,2.5207,0.0529,1.9453,0.0794,2.1215,0.0,0.0,0.0,29.9862,26.0,25.0,38.0,37.0,12.0,0.0,0.0,0.0,0.0,62.5855,0.0,46.9256,0.0,0.0
9874.0,1.7486,0.0936,1.0,0.0795,1.201,2.0555,1.0555,2.1858,1.1858,26.5999,2.064,26.3781,2.0551,100.0,0.0,0.0,0.0,25.0,0.0,26.125,0.0,26.25,0.0,25.125,10.0,0.0,0.0085,52.5368,5.2537,2.0,475.6369,2.0709,0.7232,1.4425,0.5661,1.4254,0.0009,2.0569,0.0011,1.912,10.0,0.0699,1.0019,0.1621,2.4317,0.0498,1.9188,0.0796,2.123,0.0,0.0,0.0,29.9865,26.0,25.0,38.0,37.0,13.0,0.0,0.0,0.0,0.0,62.5855,0.0,46.926,0.0,0.0
9875.0,1.7488,0.0936,1.0,0.0798,1.2018,2.0553,1.0553,2.1857,1.1857,26.7711,2.0708,26.3907,2.0556,100.0,0.0,0.0,0.0,24.875,0.0,26.125,0.0,26.125,0.0,25.0,10.0,0.0,0.0085,52.5367,5.2537,2.0,483.8811,2.0739,0.7645,1.447,0.5664,1.4254,0.001,2.0584,0.0011,1.9174,10.0,0.0717,1.0019,0.1882,2.4964,0.0468,1.892,0.0648,2.0336,0.0,0.0,0.0,29.986,25.0,25.0,38.0,37.0,14.0,0.0,0.0,0.0,0.0,62.586,0.0,46.9252,0.0,0.0
9876.0,1.7504,0.0938,1.0,0.0794,1.2007,2.0554,1.0554,2.1861,1.1861,26.815,2.0726,26.3756,2.055,100.0,0.0,0.0,0.0,24.875,0.0,26.0,0.0,26.25,0.0,25.125,10.0,0.0,0.0083,52.5367,5.2537,2.0,486.8026,2.0749,0.7385,1.4442,0.5572,1.4244,0.001,2.0594,0.0011,1.9221,10.0,0.0679,1.0018,0.2016,2.5263,0.0435,1.8599,0.0728,2.0842,0.0,0.0,0.0,29.9861,25.0,25.0,38.0,37.0,13.0,0.0,0.0,0.0,0.0,62.5851,0.0,46.9254,0.0,0.0
9877.0,1.7509,0.0939,1.0,0.0795,1.201,2.0557,1.0557,2.1861,1.1861,26.7384,2.0695,26.366,2.0546,100.0,0.0,0.0,0.0,25.0,0.0,26.125,0.0,26.125,0.0,25.125,10.0,0.0,0.0084,52.5366,5.2537,2.0,487.0759,2.075,0.6878,1.4387,0.5561,1.4243,0.001,2.0605,0.0011,1.9257,10.0,0.0667,1.0018,0.1489,2.3946,0.0444,1.8696,0.0732,2.0863,0.0,0.0,0.0,29.9859,25.0,25.0,38.0,37.0,14.0,0.0,0.0,0.0,0.0,62.5852,0.0,46.925,0.0,0.0
9878.0,1.7514,0.0939,1.0,0.0794,1.2007,2.0558,1.0558,2.186,1.186,26.6207,2.0648,26.3623,2.0545,100.0,0.0,0.0,0.0,25.0,0.0,26.125,0.0,26.125,0.0,25.125,10.0,0.0,0.008,52.5367,5.2536,2.0,491.0226,2.0764,0.6983,1.4398,0.5442,1.423,0.001,2.0614,0.0011,1.9302,10.0,0.0698,1.0019,0.1427,2.3762,0.0397,1.8211,0.0697,2.0653,0.0,0.0,0.0,29.9861,25.0,25.0,38.0,37.0,15.0,0.0,0.0,0.0,0.0,62.585,0.0,46.9255,0.0,0.0
9879.0,1.752,0.094,1.0,0.0794,1.2007,2.0556,1.0556,2.1857,1.1857,26.5781,2.0631,26.3687,2.0547,100.0,0.0,0.0,0.0,25.0,0.0,26.0,0.0,26.125,0.0,25.0,10.0,0.0,0.0091,52.5369,5.2537,2.0,494.4193,2.0776,0.6896,1.4389,0.5569,1.4244,0.001,2.063,0.0011,1.9342,10.0,0.069,1.0018,0.1512,2.4013,0.0372,1.7922,0.0626,2.0185,0.0,0.0,0.0,29.9858,25.0,25.0,38.0,37.0,14.0,0.0,0.0,0.0,0.0,62.585,0.0,46.9252,0.0,0.0
9880.0,1.7519,0.094,1.0,0.0794,1.2006,2.0552,1.0552,2.1857,1.1857,26.733,2.0693,26.3896,2.0556,100.0,0.0,0.0,0.0,24.875,0.0,26.125,0.0,26.25,0.0,25.0,10.0,0.0,0.008,52.5322,5.2531,2.0,498.0158,2.0789,0.7755,1.4482,0.5868,1.4277,0.001,2.0649,0.0011,1.9409,10.0,0.0604,1.0016,0.1267,2.3246,0.0945,2.1971,0.0608,2.0058,0.0,0.0,0.0,29.9862,25.0,25.0,38.0,37.0,15.0,0.0,0.0,0.0,0.0,62.5846,0.0,46.9254,0.0,0.0
9881.0,1.7517,0.094,1.0,0.0792,1.2001,2.0555,1.0555,2.1861,1.1861,26.8156,2.0726,26.3783,2.0551,100.0,0.0,0.0,0.0,25.0,0.0,26.125,0.0,26.125,0.0,25.125,10.0,0.0,0.0086,52.5311,5.2531,2.0,501.0742,2.08,0.6213,1.4314,0.6085,1.43,0.001,2.0665,0.0011,1.947,10.0,0.0608,1.0016,0.1109,2.2669,0.0812,2.1313,0.0699,2.0666,0.0,0.0,0.0,29.9863,25.0,25.0,38.0,37.0,14.0,0.0,0.0,0.0,0.0,62.5853,0.0,46.9258,0.0,0.0
9882.0,1.7509,0.0939,1.0,0.0795,1.201,2.0561,1.0561,2.1861,1.1861,26.7492,2.07,26.3666,2.0547,100.0,0.0,0.0,0.0,24.875,0.0,26.125,0.0,26.125,0.0,25.0,10.0,0.0,0.0092,52.5312,5.2531,2.0,502.8482,2.0806,0.6395,1.4334,0.6293,1.4323,0.001,2.0687,0.0011,1.9531,10.0,0.0667,1.0018,0.1267,2.3247,0.0867,2.16,0.0612,2.0087,0.0,0.0,0.0,29.9862,25.0,25.0,38.0,37.0,12.0,0.0,0.0,0.0,0.0,62.5858,0.0,46.9252,0.0,0.0
9883.0,1.7509,0.0939,1.0,0.0796,1.2012,2.0559,1.0559,2.186,1.186,26.6345,2.0654,26.3621,2.0545,100.0,0.0,0.0,0.0,25.0,0.0,26.125,0.0,26.125,0.0,25.125,10.0,0.0,0.009,52.5314,5.2531,2.0,505.9432,2.0816,0.6662,1.4363,0.6417,1.4336,0.001,2.0703,0.0011,1.9596,10.0,0.0708,1.0019,0.1256,2.3207,0.0806,2.1283,0.0872,2.1626,0.0,0.0,0.0,29.9862,25.0,25.0,38.0,37.0,15.0,0.0,0.0,0.0,0.0,62.5852,0.0,46.9254,0.0,0.0
9884.0,1.7508,0.0939,1.0,0.0797,1.2013,2.0557,1.0557,2.186,1.186,26.5582,2.0623,26.3699,2.0548,100.0,0.0,0.0,0.0,25.0,0.0,26.125,0.0,26.125,0.0,25.125,10.0,0.0,0.0085,52.5312,5.2531,2.0,509.4893,2.0829,0.663,1.436,0.6633,1.436,0.001,2.0722,0.0011,1.9647,10.0,0.0717,1.0019,0.173,2.4599,0.0772,2.1096,0.078,2.1139,0.0,0.0,0.0,29.9861,25.0,25.0,38.0,37.0,13.0,0.0,0.0,0.0,0.0,62.5857,0.0,46.9255,0.0,0.0
9885.0,1.75,0.0937,1.0,0.0794,1.2007,2.0552,1.0552,2.1861,1.1861,26.6817,2.0673,26.3874,2.0555,100.0,0.0,0.0,0.0,25.0,0.0,26.25,0.0,26.125,0.0,25.0,10.0,0.0,0.0081,52.5314,5.2532,2.0,513.7479,2.0843,0.6195,1.4312,0.6746,1.4372,0.001,2.0739,0.0012,1.9712,10.0,0.0691,1.0018,0.1879,2.4957,0.0651,2.0356,0.0767,2.1067,0.0,0.0,0.0,29.9856,25.0,25.0,38.0,37.0,13.0,0.0,0.0,0.0,0.0,62.5853,0.0,46.9254,0.0,0.0
9886.0,1.7499,0.0937,1.0,0.0794,1.2005,2.0553,1.0553,2.1862,1.1862,26.8216,2.0729,26.382,2.0553,100.0,0.0,0.0,0.0,25.0,0.0,26.125,0.0,26.375,0.0,25.125,10.0,0.0,0.0089,52.5317,5.2532,2.0,512.4142,2.0838,0.6035,1.4295,0.6903,1.4389,0.001,2.0757,0.0012,1.9774,10.0,0.0652,1.0017,0.2497,2.6192,0.0675,2.051,0.0828,2.1399,0.0,0.0,0.0,29.9857,25.0,25.0,38.0,37.0,13.0,0.0,0.0,0.0,0.0,62.5852,0.0,46.926,0.0,0.0
9887.0,1.7502,0.0938,1.0,0.0792,1.2002,2.056,1.056,2.1862,1.1862,26.7824,2.0713,26.3724,2.0549,100.0,0.0,0.0,0.0,25.0,0.0,26.125,0.0,26.125,0.0,25.125,10.0,0.0,0.0085,52.5312,5.2532,2.0,518.9467,2.086,0.72,1.4422,0.7044,1.4405,0.001,2.0774,0.0012,1.9836,10.0,0.0607,1.0016,0.2272,2.5783,0.0612,2.0086,0.0692,2.0618,0.0,0.0,0.0,29.9863,25.0,25.0,38.0,37.0,16.0,0.0,0.0,0.0,0.0,62.5853,0.0,46.9254,0.0,0.0
9888.0,1.7509,0.0939,1.0,0.0795,1.2008,2.0561,1.0561,2.186,1.186,26.6486,2.0659,26.3663,2.0547,100.0,0.0,0.0,0.0,25.0,0.0,26.125,0.0,26.125,0.0,25.0,10.0,0.0,0.0087,52.5315,5.2532,2.0,527.4765,2.0889,0.7507,1.4455,0.7186,1.442,0.001,2.0797,0.0012,1.9911,10.0,0.0627,1.0017,0.2115,2.5472,0.0587,1.9904,0.0752,2.0983,0.0,0.0,0.0,29.9864,25.0,25.0,38.0,37.0,16.0,0.0,0.0,0.0,0.0,62.5856,0.0,46.9256,0.0,0.0
9889.0,1.7508,0.0939,1.0,0.0792,1.2001,2.0561,1.0561,2.1858,1.1858,26.5564,2.0623,26.3704,2.0548,100.0,0.0,0.0,0.0,24.875,0.0,26.125,0.0,26.125,0.0,25.0,10.0,0.0,0.0088,52.5315,5.2532,2.0,531.4528,2.0902,0.7443,1.4448,0.7196,1.4421,0.001,2.0812,0.0012,1.9977,10.0,0.0631,1.0017,0.1909,2.5027,0.0603,2.0019,0.0676,2.0518,0.0,0.0,0.0,29.9864,25.0,25.0,38.0,37.0,14.0,0.0,0.0,0.0,0.0,62.5852,0.0,46.9253,0.0,0.0
9890.0,1.7509,0.0939,1.0,0.0795,1.201,2.0556,1.0556,2.1859,1.1859,26.6611,2.0664,26.3863,2.0555,100.0,0.0,0.0,0.0,25.0,0.0,26.125,0.0,26.25,0.0,25.0,10.0,0.0,0.0093,52.5321,5.2532,2.0,530.9935,2.09,0.6209,1.4314,0.7282,1.4431,0.0011,2.0832,0.0012,2.0032,10.0,0.0646,1.0017,0.2163,2.5569,0.0512,1.9308,0.0641,2.0287,0.0,0.0,0.0,29.9858,25.0,25.0,38.0,37.0,15.0,0.0,0.0,0.0,0.0,62.5858,0.0,46.9259,0.0,0.0
9891.0,1.7509,0.0939,1.0,0.0795,1.2009,2.0555,1.0555,2.1861,1.1861,26.8093,2.0724,26.3829,2.0553,100.0,0.0,0.0,0.0,25.0,0.0,26.125,0.0,26.125,0.0,25.125,10.0,0.0,0.0083,52.5317,5.2532,2.0,532.2419,2.0904,0.5569,1.4244,0.7278,1.443,0.0011,2.085,0.0012,2.0102,10.0,0.0693,1.0018,0.1823,2.4826,0.0506,1.926,0.0662,2.0428,0.0,0.0,0.0,29.9863,25.0,25.0,38.0,37.0,16.0,0.0,0.0,0.0,0.0,62.5849,0.0,46.9254,0.0,0.0
9892.0,1.7509,0.0939,1.0,0.0797,1.2014,2.0556,1.0556,2.1863,1.1863,26.78,2.0712,26.3685,2.0547,100.0,0.0,0.0,0.0,25.0,0.0,26.125,0.0,26.25,0.0,25.125,10.0,0.0,0.0089,52.5318,5.2532,2.0,540.1304,2.093,0.7736,1.448,0.7315,1.4434,0.0011,2.0869,0.0012,2.018,10.0,0.0708,1.0019,0.1451,2.3834,0.0521,1.9385,0.0644,2.0308,0.0,0.0,0.0,29.9858,25.0,25.0,38.0,37.0,14.0,0.0,0.0,0.0,0.0,62.585,0.0,46.925,0.0,0.0
9893.0,1.7509,0.0939,1.0,0.0794,1.2006,2.0558,1.0558,2.1865,1.1865,26.6859,2.0674,26.355,2.0542,100.0,0.0,0.0,0.0,24.875,0.0,26.125,0.0,26.125,0.0,25.125,10.0,0.0,0.0082,52.5321,5.2532,2.0,545.5759,2.0947,0.8065,1.4516,0.7321,1.4435,0.0011,2.0884,0.0012,2.0235,10.0,0.065,1.0017,0.2215,2.5673,0.0462,1.8862,0.0641,2.0284,0.0,0.0,0.0,29.9857,25.0,25.0,38.0,37.0,16.0,0.0,0.0,0.0,0.0,62.5851,0.0,46.9249,0.0,0.0
9894.0,1.7499,0.0937,1.0,0.0794,1.2005,2.0558,1.0558,2.1863,1.1863,26.5746,2.063,26.3574,2.0543,100.0,0.0,0.0,0.0,25.0,0.0,26.125,0.0,26.125,0.0,25.25,10.0,0.0,0.0087,52.5319,5.2532,2.0,551.8467,2.0967,0.8059,1.4516,0.7282,1.4431,0.0011,2.0899,0.0012,2.0285,10.0,0.0638,1.0017,0.2055,2.5346,0.0424,1.8487,0.0636,2.0253,0.0,0.0,0.0,29.9861,25.0,25.0,38.0,37.0,13.0,0.0,0.0,0.0,0.0,62.5854,0.0,46.9258,0.0,0.0
9895.0,1.7488,0.0936,1.0,0.0792,1.2,2.0557,1.0557,2.1858,1.1858,26.6279,2.0651,26.3835,2.0553,100.0,0.0,0.0,0.0,25.0,0.0,26.125,0.0,26.25,0.0,25.0,10.0,0.0,0.0092,52.5322,5.2533,2.0,557.2917,2.0984,0.8783,1.4595,0.7334,1.4436,0.0011,2.0917,0.0012,2.0361,10.0,0.0599,1.0016,0.1719,2.457,0.0408,1.8327,0.061,2.0073,0.0,0.0,0.0,29.9864,25.0,25.0,38.0,37.0,14.0,0.0,0.0,0.0,0.0,62.5854,0.0,46.9253,0.0,0.0
9896.0,1.7478,0.0935,1.0,0.0796,1.2011,2.0553,1.0553,2.1858,1.1858,26.8006,2.072,26.388,2.0555,100.0,0.0,0.0,0.0,25.0,0.0,26.125,0.0,26.125,0.0,25.125,10.0,0.0,0.0083,52.5322,5.2532,2.0,562.2075,2.1,0.8373,1.455,0.7312,1.4434,0.0011,2.0933,0.0012,2.043,10.0,0.0662,1.0018,0.1974,2.5172,0.038,1.8015,0.0548,1.9609,0.0,0.0,0.0,29.986,25.0,25.0,38.0,37.0,14.0,0.0,0.0,0.0,0.0,62.5849,0.0,46.9261,0.0,0.0
9897.0,1.7469,0.0934,1.0,0.0796,1.2013,2.0555,1.0555,2.1866,1.1866,26.8065,2.0723,26.3622,2.0545,100.0,0.0,0.0,0.0,25.0,0.0,26.25,0.0,26.125,0.0,25.0,10.0,0.0,0.0082,52.5325,5.2533,2.0,562.5564,2.1001,0.6972,1.4397,0.7278,1.443,0.0011,2.0951,0.0012,2.0499,10.0,0.0717,1.0019,0.31,2.7132,0.0365,1.7837,0.0482,1.9051,0.0,0.0,0.0,29.986,25.0,25.0,38.0,37.0,15.0,0.0,0.0,0.0,0.0,62.5854,0.0,46.9254,0.0,0.0
9898.0,1.7478,0.0935,1.0,0.0796,1.2013,2.0557,1.0557,2.1864,1.1864,26.7082,2.0683,26.3539,2.0542,100.0,0.0,0.0,0.0,25.0,0.0,26.125,0.0,26.125,0.0,25.0,10.0,0.0,0.0085,52.5321,5.2532,2.0,566.9691,2.1014,0.7177,1.4419,0.7197,1.4421,0.0011,2.0967,0.0013,2.0559,10.0,0.0711,1.0019,0.2448,2.6106,0.0351,1.7666,0.0551,1.9631,0.0,0.0,0.0,29.9858,25.0,25.0,38.0,37.0,16.0,0.0,0.0,0.0,0.0,62.5853,0.0,46.9249,0.0,0.0
9899.0,1.7478,0.0935,1.0,0.0794,1.2006,2.0558,1.0558,2.1861,1.1861,26.5805,2.0632,26.3557,2.0542,100.0,0.0,0.0,0.0,25.0,0.0,26.125,0.0,26.125,0.0,25.0,10.0,0.0,0.0087,52.5322,5.2532,2.0,571.6352,2.1028,0.6589,1.4355,0.7113,1.4412,0.0011,2.0981,0.0013,2.062,10.0,0.0699,1.0019,0.2258,2.5755,0.034,1.7538,0.0499,1.9198,0.0,0.0,0.0,29.9859,25.0,25.0,38.0,37.0,15.0,0.0,0.0,0.0,0.0,62.5853,0.0,46.9254,0.0,0.0
9900.0,1.7458,0.0932,1.0,0.0795,1.2007,2.0552,1.0552,2.1862,1.1862,26.6059,2.0642,26.3709,2.0548,100.0,0.0,0.0,0.0,25.0,0.0,26.125,0.0,26.125,0.0,25.0,10.0,0.0,0.0083,52.5323,5.2532,2.0,571.5379,2.1028,0.6795,1.4378,0.7076,1.4408,0.0011,2.0997,0.0013,2.0697,10.0,0.069,1.0018,0.2533,2.6255,0.0298,1.696,0.0494,1.9156,0.0,0.0,0.0,29.986,26.0,25.0,38.0,37.0,13.0,0.0,0.0,0.0,0.0,62.5852,0.0,46.9253,0.0,0.0
9901.0,1.7447,0.0931,1.0,0.0795,1.2008,2.055,1.055,2.1862,1.1862,26.7803,2.0712,26.3799,2.0552,100.0,0.0,0.0,0.0,24.875,0.0,26.125,0.0,26.125,0.0,25.125,10.0,0.0,0.0092,52.5322,5.2532,2.0,577.8366,2.1047,0.685,1.4384,0.7063,1.4407,0.0011,2.1013,0.0013,2.0756,10.0,0.066,1.0018,0.2392,2.6005,0.0317,1.7222,0.0429,1.8542,0.0,0.0,0.0,29.9859,26.0,25.0,38.0,37.0,14.0,0.0,0.0,0.0,0.0,62.585,0.0,46.9253,0.0,0.0
9902.0,1.7437,0.093,1.0,0.0794,1.2007,2.0554,1.0554,2.1866,1.1866,26.8084,2.0723,26.3744,2.055,100.0,0.0,0.0,0.0,25.0,0.0,26.125,0.0,26.25,0.0,25.0,10.0,0.0,0.0086,52.5324,5.2532,2.0,577.743,2.1047,0.6507,1.4346,0.7044,1.4405,0.0012,2.1028,0.0013,2.0821,10.0,0.0591,1.0016,0.1782,2.4727,0.0269,1.6519,0.0398,1.8221,0.0,0.0,0.0,29.9861,26.0,25.0,38.0,37.0,16.0,0.0,0.0,0.0,0.0,62.5852,0.0,46.9252,0.0,0.0
9903.0,1.7447,0.0931,1.0,0.0794,1.2006,2.0557,1.0557,2.186,1.186,26.7268,2.0691,26.3655,2.0546,100.0,0.0,0.0,0.0,24.875,0.0,26.125,0.0,26.125,0.0,25.125,10.0,0.0,0.0082,52.5327,5.2533,2.0,582.7241,2.1062,0.602,1.4293,0.6968,1.4396,0.0012,2.1044,0.0013,2.0893,10.0,0.0623,1.0017,0.2155,2.5553,0.029,1.6847,0.0405,1.8295,0.0,0.0,0.0,29.9855,26.0,25.0,38.0,37.0,14.0,0.0,0.0,0.0,0.0,62.5851,0.0,46.9253,0.0,0.0
9904.0,1.7483,0.0935,1.0,0.0795,1.2008,2.0558,1.0558,2.1862,1.1862,26.5864,2.0635,26.3507,2.054,100.0,0.0,0.0,0.0,25.0,0.0,26.125,0.0,26.125,0.0,25.125,10.0,0.0,0.0092,52.5328,5.2533,2.0,582.6409,2.1062,0.6234,1.4316,0.6878,1.4387,0.0012,2.1059,0.0013,2.0971,10.0,0.0652,1.0017,0.1901,2.5008,0.0289,1.6825,0.0401,1.8245,0.0,0.0,0.0,29.9862,26.0,25.0,38.0,37.0,14.0,0.0,0.0,0.0,0.0,62.5854,0.0,46.9255,0.0,0.0
9905.0,1.7508,0.0939,1.0,0.0796,1.2011,2.0556,1.0556,2.1858,1.1858,26.5882,2.0635,26.3662,2.0546,100.0,0.0,0.0,0.0,25.0,0.0,26.125,0.0,26.125,0.0,25.125,10.0,0.0,0.0087,52.5326,5.2533,2.0,590.9471,2.1086,0.6827,1.4381,0.6813,1.438,0.0012,2.1074,0.0013,2.1027,10.0,0.0717,1.0019,0.1706,2.4537,0.0231,1.5855,0.041,1.8351,0.0,0.0,0.0,29.9866,26.0,25.0,38.0,37.0,14.0,0.0,0.0,0.0,0.0,62.5859,0.0,46.9254,0.0,0.0
9906.0,1.7509,0.0939,1.0,0.0796,1.2011,2.0551,1.0551,2.1859,1.1859,26.7528,2.0701,26.3848,2.0554,100.0,0.0,0.0,0.0,25.0,0.0,26.125,0.0,26.125,0.0,25.125,10.0,0.0,0.0082,52.5328,5.2533,2.0,594.7477,2.1097,0.6071,1.4299,0.6806,1.4379,0.0012,2.1089,0.0013,2.1083,10.0,0.069,1.0018,0.1561,2.4152,0.0263,1.6421,0.0365,1.7842,0.0,0.0,0.0,29.9859,26.0,25.0,38.0,37.0,13.0,0.0,0.0,0.0,0.0,62.5854,0.0,46.925,0.0,0.0
9907.0,1.7509,0.0939,1.0,0.0794,1.2007,2.0552,1.0552,2.1861,1.1861,26.8162,2.0726,26.3768,2.0551,100.0,0.0,0.0,0.0,25.0,0.0,26.125,0.0,26.125,0.0,25.0,10.0,0.0,0.0083,52.533,5.2533,2.0,595.5997,2.11,0.6374,1.4332,0.6819,1.438,0.0012,2.1104,0.0013,2.115,10.0,0.0693,1.0018,0.1532,2.4072,0.023,1.5828,0.05,1.9205,0.0,0.0,0.0,29.9858,26.0,25.0,38.0,37.0,14.0,0.0,0.0,0.0,0.0,62.5852,0.0,46.9253,0.0,0.0
9908.0,1.7509,0.0939,1.0,0.0794,1.2005,2.0557,1.0557,2.1865,1.1865,26.759,2.0704,26.3582,2.0543,100.0,0.0,0.0,0.0,24.875,0.0,26.125,0.0,26.125,0.0,25.125,10.0,0.0,0.0088,52.5327,5.2533,2.0,599.9569,2.1112,0.7368,1.444,0.679,1.4377,0.0012,2.1118,0.0013,2.123,10.0,0.065,1.0017,0.2032,2.5297,0.022,1.5649,0.047,1.8939,0.0,0.0,0.0,29.9858,25.0,25.0,38.0,37.0,13.0,0.0,0.0,0.0,0.0,62.585,0.0,46.925,0.0,0.0
9909.0,1.7509,0.0939,1.0,0.0794,1.2006,2.0558,1.0558,2.1864,1.1864,26.6391,2.0656,26.3533,2.0541,100.0,0.0,0.0,0.0,25.0,0.0,26.125,0.0,26.125,0.0,25.0,10.0,0.0,0.0086,52.5327,5.2533,2.0,607.5686,2.1134,0.7169,1.4418,0.6904,1.4389,0.0012,2.1135,0.0013,2.131,10.0,0.0631,1.0017,0.2956,2.6925,0.0202,1.5279,0.0482,1.9051,0.0,0.0,0.0,29.9862,25.0,25.0,38.0,37.0,14.0,0.0,0.0,0.0,0.0,62.5858,0.0,46.9249,0.0,0.0
9910.0,1.7508,0.0939,1.0,0.0793,1.2003,2.0556,1.0556,2.1861,1.1861,26.5794,2.0632,26.3742,2.055,100.0,0.0,0.0,0.0,25.0,0.0,26.125,0.0,26.125,0.0,25.125,10.0,0.0,0.0089,52.5331,5.2533,2.0,608.6327,2.1137,0.6488,1.4344,0.6941,1.4394,0.0012,2.1155,0.0014,2.1385,10.0,0.0642,1.0017,0.2887,2.6823,0.0181,1.4797,0.0477,1.8999,0.0,0.0,0.0,29.9856,25.0,25.0,38.0,37.0,15.0,0.0,0.0,0.0,0.0,62.5851,0.0,46.9251,0.0,0.0
9911.0,1.7532,0.0941,1.0,0.0794,1.2005,2.0554,1.0554,2.186,1.186,26.7225,2.0689,26.39,2.0556,100.0,0.0,0.0,0.0,25.0,0.0,26.125,0.0,26.125,0.0,25.125,10.0,0.0,0.0085,52.5333,5.2533,2.0,613.7537,2.1152,0.6685,1.4366,0.6777,1.4376,0.0012,2.1167,0.0014,2.1456,10.0,0.063,1.0017,0.2456,2.612,0.0189,1.4983,0.0423,1.8482,0.0,0.0,0.0,29.9863,25.0,25.0,38.0,37.0,14.0,0.0,0.0,0.0,0.0,62.5849,0.0,46.9255,0.0,0.0
9912.0,1.7541,0.0943,1.0,0.0796,1.2011,2.0554,1.0554,2.1861,1.1861,26.8162,2.0726,26.3805,2.0552,100.0,0.0,0.0,0.0,25.0,0.0,26.125,0.0,26.125,0.0,25.125,10.0,0.0,0.0087,52.5335,5.2534,2.0,617.4238,2.1162,0.6602,1.4357,0.6773,1.4375,0.0012,2.1181,0.0014,2.1515,10.0,0.0628,1.0017,0.2083,2.5406,0.0182,1.4827,0.0393,1.8167,0.0,0.0,0.0,29.986,25.0,25.0,38.0,37.0,14.0,0.0,0.0,0.0,0.0,62.5852,0.0,46.9255,0.0,0.0
9913.0,1.754,0.0943,1.0,0.0795,1.2009,2.0557,1.0557,2.1863,1.1863,26.7586,2.0703,26.3645,2.0546,100.0,0.0,0.0,0.0,25.0,0.0,26.125,0.0,26.125,0.0,25.125,10.0,0.0,0.0085,52.5335,5.2533,2.0,625.7327,2.1186,0.7583,1.4464,0.671,1.4368,0.0012,2.1197,0.0014,2.1596,10.0,0.0679,1.0018,0.271,2.6549,0.0189,1.4988,0.0354,1.7703,0.0,0.0,0.0,29.9858,25.0,25.0,38.0,37.0,14.0,0.0,0.0,0.0,0.0,62.5853,0.0,46.9252,0.0,0.0
9914.0,1.753,0.0941,1.0,0.0795,1.2008,2.0558,1.0558,2.1864,1.1864,26.6407,2.0656,26.3533,2.0541,100.0,0.0,0.0,0.0,25.0,0.0,26.125,0.0,26.25,0.0,25.0,10.0,0.0,0.0083,52.5333,5.2534,2.0,630.1625,2.1198,0.7067,1.4407,0.6732,1.4371,0.0012,2.1215,0.0014,2.1661,10.0,0.0727,1.0019,0.2666,2.6477,0.0152,1.4024,0.0377,1.7984,0.0,0.0,0.0,29.9864,25.0,25.0,38.0,37.0,14.0,0.0,0.0,0.0,0.0,62.5853,0.0,46.9255,0.0,0.0
9915.0,1.751,0.0939,1.0,0.0795,1.201,2.0555,1.0555,2.1862,1.1862,26.5673,2.0627,26.3647,2.0546,100.0,0.0,0.0,0.0,25.0,0.0,26.125,0.0,26.125,0.0,25.125,10.0,0.0,0.0081,52.5332,5.2534,2.0,630.1859,2.1198,0.6183,1.4311,0.663,1.436,0.0013,2.1229,0.0014,2.173,10.0,0.0712,1.0019,0.2157,2.5557,0.0159,1.4231,0.0366,1.785,0.0,0.0,0.0,29.9856,25.0,25.0,38.0,37.0,14.0,0.0,0.0,0.0,0.0,62.5851,0.0,46.9253,0.0,0.0
9916.0,1.7509,0.0939,1.0,0.0795,1.2008,2.0552,1.0552,2.186,1.186,26.6909,2.0676,26.388,2.0555,100.0,0.0,0.0,0.0,25.0,0.0,26.125,0.0,26.125,0.0,25.0,10.0,0.0,0.0083,52.5331,5.2533,2.0,632.3127,2.1204,0.6228,1.4316,0.6529,1.4349,0.0013,2.1241,0.0014,2.1813,10.0,0.068,1.0018,0.2359,2.5946,0.0139,1.3664,0.0349,1.7642,0.0,0.0,0.0,29.9856,25.0,25.0,38.0,37.0,14.0,0.0,0.0,0.0,0.0,62.5847,0.0,46.9253,0.0,0.0
9917.0,1.7483,0.0935,1.0,0.0793,1.2005,2.0551,1.0551,2.1864,1.1864,26.8146,2.0726,26.376,2.055,100.0,0.0,0.0,0.0,25.0,0.0,26.125,0.0,26.25,0.0,25.125,10.0,0.0,0.0084,52.5332,5.2533,2.0,636.6571,2.1216,0.6185,1.4311,0.6549,1.4351,0.0013,2.1258,0.0014,2.1876,10.0,0.0649,1.0017,0.3253,2.7341,0.014,1.3683,0.0335,1.747,0.0,0.0,0.0,29.9854,25.0,25.0,38.0,37.0,13.0,0.0,0.0,0.0,0.0,62.5853,0.0,46.9251,0.0,0.0
9918.0,1.7462,0.0933,1.0,0.0793,1.2002,2.0552,1.0552,2.1866,1.1866,26.7907,2.0716,26.3609,2.0544,100.0,0.0,0.0,0.0,25.0,0.0,26.125,0.0,26.125,0.0,25.125,10.0,0.0,0.0081,52.5333,5.2533,2.0,639.8395,2.1224,0.6009,1.4292,0.651,1.4347,0.0013,2.127,0.0014,2.194,10.0,0.0619,1.0016,0.2427,2.6069,0.0138,1.3632,0.0501,1.9213,0.0,0.0,0.0,29.9861,25.0,25.0,38.0,37.0,14.0,0.0,0.0,0.0,0.0,62.5853,0.0,46.9247,0.0,0.0
9919.0,1.7447,0.0931,1.0,0.0795,1.2009,2.0554,1.0554,2.1865,1.1865,26.6821,2.0673,26.3537,2.0541,100.0,0.0,0.0,0.0,24.875,0.0,26.125,0.0,26.25,0.0,25.0,10.0,0.0,0.0088,52.5338,5.2534,2.0,641.9523,2.123,0.6537,1.4349,0.6542,1.435,0.0013,2.1285,0.0014,2.2029,10.0,0.0639,1.0017,0.2826,2.673,0.0131,1.3392,0.0456,1.8813,0.0,0.0,0.0,29.9858,25.0,25.0,38.0,37.0,12.0,0.0,0.0,0.0,0.0,62.585,0.0,46.9251,0.0,0.0
9920.0,1.7438,0.093,1.0,0.0797,1.2014,2.0557,1.0557,2.1859,1.1859,26.5678,2.0627,26.3674,2.0547,100.0,0.0,0.0,0.0,25.0,0.0,26.25,0.0,26.125,0.0,25.0,10.0,0.0,0.0081,52.5334,5.2534,2.0,653.9708,2.1262,0.7073,1.4408,0.6502,1.4346,0.0013,2.1303,0.0014,2.2104,10.0,0.0662,1.0018,0.2537,2.6262,0.0127,1.3266,0.0414,1.8391,0.0,0.0,0.0,29.9864,25.0,25.0,38.0,37.0,15.0,0.0,0.0,0.0,0.0,62.5853,0.0,46.9254,0.0,0.0
9921.0,1.7435,0.0929,1.0,0.0796,1.2011,2.0554,1.0554,2.1858,1.1858,26.661,2.0664,26.384,2.0554,100.0,0.0,0.0,0.0,24.875,0.0,26.25,0.0,26.125,0.0,25.125,10.0,0.0,0.0085,52.5337,5.2534,2.0,654.2921,2.1263,0.6052,1.4297,0.6465,1.4342,0.0013,2.1315,0.0014,2.2158,10.0,0.0673,1.0018,0.3057,2.7071,0.0118,1.2929,0.0419,1.8445,0.0,0.0,0.0,29.9862,25.0,25.0,38.0,37.0,14.0,0.0,0.0,0.0,0.0,62.5855,0.0,46.9253,0.0,0.0
9922.0,1.7436,0.093,1.0,0.0796,1.2012,2.0551,1.0551,2.1864,1.1864,26.8236,2.0729,26.3755,2.055,100.0,0.0,0.0,0.0,25.0,0.0,26.125,0.0,26.125,0.0,25.125,10.0,0.0,0.0087,52.5335,5.2533,2.0,651.898,2.1257,0.4572,1.4135,0.6343,1.4328,0.0013,2.133,0.0015,2.2242,10.0,0.067,1.0018,0.2198,2.564,0.0108,1.2556,0.0379,1.8001,0.0,0.0,0.0,29.9858,25.0,25.0,38.0,37.0,13.0,0.0,0.0,0.0,0.0,62.5856,0.0,46.9258,0.0,0.0
9923.0,1.7436,0.0929,1.0,0.0796,1.2013,2.0556,1.0556,2.1866,1.1866,26.7897,2.0716,26.3627,2.0545,100.0,0.0,0.0,0.0,25.0,0.0,26.25,0.0,26.125,0.0,25.125,10.0,0.0,0.0087,52.5336,5.2534,2.0,655.6837,2.1267,0.5304,1.4215,0.6374,1.4332,0.0013,2.1347,0.0015,2.2316,10.0,0.073,1.0019,0.2625,2.641,0.0103,1.2334,0.0566,1.9748,0.0,0.0,0.0,29.9857,25.0,25.0,38.0,37.0,12.0,0.0,0.0,0.0,0.0,62.5852,0.0,46.9246,0.0,0.0
9924.0,1.7436,0.0929,1.0,0.0796,1.2011,2.0558,1.0558,2.1861,1.1861,26.6859,2.0674,26.3646,2.0546,100.0,0.0,0.0,0.0,25.0,0.0,26.25,0.0,26.125,0.0,25.0,10.0,0.0,0.0079,52.5337,5.2534,2.0,658.4088,2.1274,0.4661,1.4145,0.6467,1.4342,0.0013,2.1362,0.0015,2.2401,10.0,0.0703,1.0019,0.2089,2.5418,0.0097,1.2089,0.0506,1.9257,0.0,0.0,0.0,29.9857,25.0,25.0,38.0,37.0,14.0,0.0,0.0,0.0,0.0,62.5854,0.0,46.9253,0.0,0.0
9925.0,1.7417,0.0927,1.0,0.0794,1.2007,2.0558,1.0558,2.1858,1.1858,26.5596,2.0624,26.357,2.0543,100.0,0.0,0.0,0.0,25.0,0.0,26.125,0.0,26.125,0.0,25.125,10.0,0.0,0.0082,52.5335,5.2534,2.0,660.6201,2.128,0.4462,1.4123,0.6372,1.4332,0.0013,2.1376,0.0015,2.2463,10.0,0.0647,1.0017,0.2214,2.5669,0.0096,1.2054,0.05,1.9208,0.0,0.0,0.0,29.9855,25.0,25.0,38.0,37.0,13.0,0.0,0.0,0.0,0.0,62.5851,0.0,46.9253,0.0,0.0
9926.0,1.7416,0.0927,1.0,0.0796,1.2011,2.0553,1.0553,2.1859,1.1859,26.6518,2.0661,26.3814,2.0553,100.0,0.0,0.0,0.0,24.875,0.0,26.125,0.0,26.125,0.0,25.0,10.0,0.0,0.0079,52.5339,5.2534,2.0,660.5085,2.128,0.4494,1.4127,0.6346,1.4329,0.0013,2.139,0.0015,2.2543,10.0,0.0662,1.0018,0.3616,2.7801,0.0091,1.1821,0.0474,1.8973,0.0,0.0,0.0,29.986,25.0,25.0,38.0,37.0,14.0,0.0,0.0,0.0,0.0,62.585,0.0,46.9251,0.0,0.0
9927.0,1.7426,0.0928,1.0,0.0793,1.2004,2.0552,1.0552,2.1863,1.1863,26.8119,2.0725,26.3875,2.0555,100.0,0.0,0.0,0.0,25.0,0.0,26.125,0.0,26.125,0.0,25.125,10.0,0.0,0.0083,52.5339,5.2534,2.0,666.7877,2.1296,0.5122,1.4195,0.6357,1.433,0.0014,2.1404,0.0015,2.2619,10.0,0.0608,1.0016,0.3303,2.7408,0.0083,1.1428,0.0419,1.8436,0.0,0.0,0.0,29.9858,25.0,25.0,38.0,37.0,14.0,0.0,0.0,0.0,0.0,62.5853,0.0,46.9251,0.0,0.0
9928.0,1.7426,0.0928,1.0,0.0796,1.2012,2.0555,1.0555,2.1866,1.1866,26.8124,2.0725,26.37,2.0548,100.0,0.0,0.0,0.0,25.0,0.0,26.125,0.0,26.125,0.0,25.0,10.0,0.0,0.0087,52.534,5.2534,2.0,671.8668,2.1309,0.5846,1.4274,0.6357,1.433,0.0014,2.1415,0.0015,2.2675,10.0,0.0633,1.0017,0.3097,2.7127,0.0082,1.1344,0.0419,1.8436,0.0,0.0,0.0,29.986,25.0,25.0,38.0,37.0,14.0,0.0,0.0,0.0,0.0,62.5858,0.0,46.9259,0.0,0.0
9929.0,1.7455,0.0932,1.0,0.0794,1.2007,2.0557,1.0557,2.1864,1.1864,26.7179,2.0687,26.3641,2.0546,100.0,0.0,0.0,0.0,25.0,0.0,26.125,0.0,26.125,0.0,25.125,10.0,0.0,0.008,52.5341,5.2534,2.0,676.8191,2.1322,0.5449,1.4231,0.6319,1.4326,0.0014,2.143,0.0015,2.2755,10.0,0.068,1.0018,0.2766,2.6636,0.008,1.1238,0.0575,1.9816,0.0,0.0,0.0,29.9857,25.0,25.0,38.0,37.0,14.0,0.0,0.0,0.0,0.0,62.5852,0.0,46.9254,0.0,0.0
9930.0,1.7476,0.0934,1.0,0.0798,1.2018,2.0558,1.0558,2.1863,1.1863,26.5665,2.0627,26.3523,2.0541,100.0,0.0,0.0,0.0,25.125,0.0,26.125,0.0,26.125,0.0,25.0,10.0,0.0,0.0079,52.5339,5.2534,2.0,683.1173,2.1338,0.5907,1.4281,0.6181,1.4311,0.0014,2.1447,0.0015,2.2833,10.0,0.0739,1.002,0.2444,2.6099,0.007,1.0659,0.0682,2.0555,0.0,0.0,0.0,29.9862,25.0,25.0,38.0,37.0,13.0,0.0,0.0,0.0,0.0,62.5853,0.0,46.9254,0.0,0.0
9931.0,1.7471,0.0934,1.0,0.0796,1.2012,2.0555,1.0555,2.1861,1.1861,26.5947,2.0638,26.3699,2.0548,100.0,0.0,0.0,0.0,25.0,0.0,26.25,0.0,26.125,0.0,25.125,10.0,0.0,0.0092,52.5341,5.2534,2.0,688.2744,2.1351,0.661,1.4357,0.6116,1.4304,0.0014,2.1458,0.0015,2.289,10.0,0.0705,1.0019,0.2451,2.6113,0.0076,1.1001,0.06,2.0001,0.0,0.0,0.0,29.9854,25.0,25.0,38.0,37.0,13.0,0.0,0.0,0.0,0.0,62.5849,0.0,46.9256,0.0,0.0
9932.0,1.7482,0.0935,1.0,0.0796,1.2011,2.0551,1.0551,2.1861,1.1861,26.7783,2.0711,26.3882,2.0555,100.0,0.0,0.0,0.0,25.0,0.0,26.125,0.0,26.0,0.0,25.125,10.0,0.0,0.0085,52.5343,5.2534,2.0,698.1747,2.1376,0.6955,1.4395,0.5991,1.429,0.0014,2.147,0.0015,2.2975,10.0,0.068,1.0018,0.2365,2.5956,0.0067,1.0484,0.0611,2.0078,0.0,0.0,0.0,29.986,25.0,25.0,38.0,37.0,14.0,0.0,0.0,0.0,0.0,62.5851,0.0,46.9253,0.0,0.0
9933.0,1.7494,0.0937,1.0,0.0796,1.2011,2.0555,1.0555,2.1865,1.1865,26.8032,2.0721,26.3694,2.0548,100.0,0.0,0.0,0.0,25.0,0.0,26.25,0.0,26.25,0.0,25.0,10.0,0.0,0.0086,52.534,5.2534,2.0,696.7465,2.1372,0.6273,1.4321,0.6064,1.4298,0.0014,2.1486,0.0015,2.3066,10.0,0.068,1.0018,0.21,2.544,0.0062,1.0115,0.0585,1.9887,0.0,0.0,0.0,29.9858,25.0,25.0,38.0,37.0,15.0,0.0,0.0,0.0,0.0,62.5851,0.0,46.9249,0.0,0.0
9934.0,1.7488,0.0936,1.0,0.0793,1.2003,2.056,1.056,2.1861,1.1861,26.7094,2.0684,26.3663,2.0547,100.0,0.0,0.0,0.0,25.0,0.0,26.125,0.0,26.125,0.0,25.125,10.0,0.0,0.0081,52.5342,5.2534,2.0,701.8707,2.1385,0.5983,1.4289,0.5981,1.4289,0.0014,2.1496,0.0016,2.3124,10.0,0.0653,1.0017,0.2349,2.5927,0.0062,1.0145,0.0574,1.9806,0.0,0.0,0.0,29.9858,25.0,25.0,38.0,37.0,14.0,0.0,0.0,0.0,0.0,62.5855,0.0,46.9256,0.0,0.0
9935.0,1.7491,0.0936,1.0,0.0793,1.2004,2.0557,1.0557,2.1859,1.1859,26.5868,2.0635,26.3597,2.0544,100.0,0.0,0.0,0.0,25.0,0.0,26.25,0.0,26.125,0.0,25.125,10.0,0.0,0.0091,52.5346,5.2535,2.0,704.4899,2.1391,0.5626,1.425,0.5968,1.4287,0.0014,2.1512,0.0016,2.3212,10.0,0.0608,1.0016,0.2558,2.6297,0.0058,0.9845,0.0515,1.9339,0.0,0.0,0.0,29.986,25.0,25.0,38.0,37.0,14.0,0.0,0.0,0.0,0.0,62.5853,0.0,46.9255,0.0,0.0
9936.0,1.7509,0.0939,1.0,0.0796,1.2012,2.0555,1.0555,2.1858,1.1858,26.5959,2.0638,26.3783,2.0551,100.0,0.0,0.0,0.0,25.0,0.0,26.125,0.0,26.125,0.0,25.0,10.0,0.0,0.0081,52.5347,5.2535,2.0,705.3645,2.1394,0.5479,1.4234,0.604,1.4295,0.0014,2.1526,0.0016,2.3304,10.0,0.0644,1.0017,0.202,2.5273,0.0061,1.0042,0.0535,1.9505,0.0,0.0,0.0,29.9863,25.0,25.0,38.0,37.0,13.0,0.0,0.0,0.0,0.0,62.5856,0.0,46.9251,0.0,0.0
9937.0,1.7509,0.0939,1.0,0.0796,1.2012,2.0554,1.0554,2.1857,1.1857,26.7636,2.0705,26.3973,2.0559,100.0,0.0,0.0,0.0,24.875,0.0,26.125,0.0,26.125,0.0,25.125,10.0,0.0,0.0084,52.5342,5.2534,2.0,708.2766,2.1401,0.5209,1.4205,0.6074,1.4299,0.0014,2.1541,0.0016,2.3353,10.0,0.0704,1.0019,0.17,2.4524,0.0055,0.9598,0.0507,1.9265,0.0,0.0,0.0,29.9857,25.0,25.0,38.0,37.0,13.0,0.0,0.0,0.0,0.0,62.5851,0.0,46.9253,0.0,0.0
9938.0,1.7509,0.0939,1.0,0.0796,1.2012,2.0556,1.0556,2.1861,1.1861,26.8241,2.073,26.3856,2.0554,100.0,0.0,0.0,0.0,25.0,0.0,26.125,0.0,26.125,0.0,25.0,10.0,0.0,0.0082,52.5347,5.2535,2.0,712.6136,2.1411,0.5578,1.4245,0.6027,1.4294,0.0014,2.1552,0.0016,2.3411,10.0,0.0721,1.0019,0.1622,2.432,0.0605,2.0034,0.0488,1.9104,0.0,0.0,0.0,29.9854,25.0,25.0,38.0,37.0,13.0,0.0,0.0,0.0,0.0,62.585,0.0,46.9249,0.0,0.0
9939.0,1.7517,0.094,1.0,0.0795,1.2009,2.0559,1.0559,2.1862,1.1862,26.7554,2.0702,26.3649,2.0546,100.0,0.0,0.0,0.0,24.875,0.0,26.125,0.0,26.125,0.0,25.125,10.0,0.0,0.0085,52.5345,5.2534,2.0,718.8503,2.1427,0.5891,1.4279,0.6051,1.4296,0.0015,2.1566,0.0016,2.3489,10.0,0.0701,1.0019,0.2388,2.5999,0.0575,1.9818,0.0645,2.0317,0.0,0.0,0.0,29.9859,25.0,25.0,38.0,37.0,14.0,0.0,0.0,0.0,0.0,62.5855,0.0,46.9247,0.0,0.0
9940.0,1.7509,0.0939,1.0,0.0793,1.2004,2.0557,1.0557,2.1863,1.1863,26.602,2.0641,26.3515,2.0541,100.0,0.0,0.0,0.0,25.0,0.0,26.125,0.0,26.125,0.0,25.0,10.0,0.0,0.0086,52.5348,5.2535,2.0,721.025,2.1432,0.4566,1.4134,0.5963,1.4287,0.0015,2.1581,0.0016,2.3575,10.0,0.0621,1.0017,0.2431,2.6076,0.0551,1.9634,0.0622,2.0159,0.0,0.0,0.0,29.9861,25.0,25.0,38.0,37.0,14.0,0.0,0.0,0.0,0.0,62.585,0.0,46.9252,0.0,0.0
9941.0,1.7509,0.0939,1.0,0.0794,1.2007,2.0556,1.0556,2.1862,1.1862,26.5773,2.0631,26.3713,2.0549,100.0,0.0,0.0,0.0,25.0,0.0,26.125,0.0,26.125,0.0,25.125,10.0,0.0,0.0076,52.535,5.2535,2.0,723.0773,2.1437,0.6136,1.4306,0.5873,1.4277,0.0015,2.1591,0.0016,2.3635,10.0,0.0623,1.0017,0.2246,2.5733,0.0524,1.9411,0.0574,1.981,0.0,0.0,0.0,29.9863,25.0,25.0,38.0,37.0,13.0,0.0,0.0,0.0,0.0,62.5851,0.0,46.9252,0.0,0.0
9942.0,1.7508,0.0938,1.0,0.0796,1.2011,2.0551,1.0551,2.1861,1.1861,26.7455,2.0698,26.3899,2.0556,100.0,0.0,0.0,0.0,24.875,0.0,26.125,0.0,26.125,0.0,25.125,10.0,0.0,0.0085,52.5351,5.2535,2.0,734.3283,2.1464,0.6981,1.4398,0.5773,1.4266,0.0015,2.1607,0.0016,2.3714,10.0,0.0685,1.0018,0.2168,2.558,0.0461,1.8854,0.0571,1.9782,0.0,0.0,0.0,29.9858,25.0,25.0,38.0,37.0,13.0,0.0,0.0,0.0,0.0,62.5847,0.0,46.9251,0.0,0.0
9943.0,1.7509,0.0939,1.0,0.0794,1.2006,2.0553,1.0553,2.1865,1.1865,26.8149,2.0726,26.3774,2.0551,100.0,0.0,0.0,0.0,25.0,0.0,26.125,0.0,26.0,0.0,25.125,10.0,0.0,0.0084,52.535,5.2535,2.0,738.6018,2.1474,0.6384,1.4333,0.5679,1.4256,0.0015,2.1616,0.0016,2.3798,10.0,0.0638,1.0017,0.1862,2.4919,0.0476,1.8997,0.0642,2.0297,0.0,0.0,0.0,29.9856,25.0,25.0,38.0,37.0,14.0,0.0,0.0,0.0,0.0,62.5855,0.0,46.9252,0.0,0.0
9944.0,1.7509,0.0939,1.0,0.0797,1.2013,2.0557,1.0557,2.1865,1.1865,26.7444,2.0698,26.3662,2.0546,100.0,0.0,0.0,0.0,25.0,0.0,26.125,0.0,26.125,0.0,25.125,10.0,0.0,0.0083,52.535,5.2535,2.0,740.4196,2.1478,0.5885,1.4278,0.5647,1.4252,0.0015,2.163,0.0016,2.3864,10.0,0.0669,1.0018,0.1664,2.4429,0.0426,1.8513,0.0784,2.1162,0.0,0.0,0.0,29.9855,25.0,25.0,38.0,37.0,13.0,0.0,0.0,0.0,0.0,62.5857,0.0,46.925,0.0,0.0
9945.0,1.7527,0.0941,1.0,0.0799,1.2019,2.0559,1.0559,2.1864,1.1864,26.628,2.0651,26.3633,2.0545,100.0,0.0,0.0,0.0,25.0,0.0,26.0,0.0,26.125,0.0,25.125,10.0,0.0,0.0094,52.5349,5.2535,2.0,745.3461,2.1489,0.5909,1.4281,0.5632,1.4251,0.0015,2.1642,0.0017,2.3961,10.0,0.0717,1.0019,0.1808,2.4791,0.0403,1.8271,0.0874,2.1636,0.0,0.0,0.0,29.9857,25.0,25.0,38.0,37.0,13.0,0.0,0.0,0.0,0.0,62.5854,0.0,46.9253,0.0,0.0
9946.0,1.7522,0.094,1.0,0.0795,1.201,2.0558,1.0558,2.1862,1.1862,26.5645,2.0626,26.3721,2.0549,100.0,0.0,0.0,0.0,25.0,0.0,26.125,0.0,26.125,0.0,25.0,10.0,0.0,0.0092,52.5351,5.2535,2.0,749.6281,2.1499,0.6311,1.4325,0.5676,1.4256,0.0015,2.1657,0.0017,2.4009,10.0,0.0705,1.0019,0.1438,2.3796,0.0389,1.812,0.094,2.1951,0.0,0.0,0.0,29.9854,25.0,25.0,38.0,37.0,14.0,0.0,0.0,0.0,0.0,62.5854,0.0,46.9247,0.0,0.0
9947.0,1.751,0.0939,1.0,0.0794,1.2007,2.0553,1.0553,2.1861,1.1861,26.6774,2.0671,26.3861,2.0554,100.0,0.0,0.0,0.0,24.875,0.0,26.125,0.0,26.125,0.0,25.0,10.0,0.0,0.0092,52.5351,5.2535,2.0,754.705,2.1511,0.6466,1.4342,0.575,1.4264,0.0015,2.1667,0.0017,2.408,10.0,0.0632,1.0017,0.1637,2.436,0.0372,1.792,0.0951,2.2001,0.0,0.0,0.0,29.9858,25.0,25.0,38.0,37.0,12.0,0.0,0.0,0.0,0.0,62.5852,0.0,46.9252,0.0,0.0
9948.0,1.7516,0.0939,1.0,0.0793,1.2004,2.0552,1.0552,2.186,1.186,26.8147,2.0726,26.3781,2.0551,100.0,0.0,0.0,0.0,25.0,0.0,26.125,0.0,26.125,0.0,25.25,10.0,0.0,0.0084,52.5351,5.2535,2.0,764.3021,2.1533,0.6727,1.437,0.5727,1.4261,0.0015,2.1682,0.0017,2.4182,10.0,0.062,1.0017,0.1702,2.4527,0.0369,1.7893,0.0837,2.1447,0.0,0.0,0.0,29.9862,25.0,25.0,38.0,37.0,13.0,0.0,0.0,0.0,0.0,62.5858,0.0,46.9254,0.0,0.0
9949.0,1.7529,0.0941,1.0,0.0796,1.2011,2.0557,1.0557,2.1861,1.1861,26.7752,2.071,26.3692,2.0548,100.0,0.0,0.0,0.0,25.0,0.0,26.125,0.0,26.125,0.0,25.0,10.0,0.0,0.0087,52.5353,5.2535,2.0,764.5171,2.1534,0.563,1.4251,0.5694,1.4258,0.0015,2.1695,0.0017,2.4216,10.0,0.0659,1.0018,0.1439,2.3799,0.0365,1.7841,0.0866,2.1594,0.0,0.0,0.0,29.9857,26.0,25.0,38.0,37.0,14.0,0.0,0.0,0.0,0.0,62.5852,0.0,46.9251,0.0,0.0
9950.0,1.754,0.0942,1.0,0.0797,1.2014,2.0558,1.0558,2.1863,1.1863,26.6533,2.0661,26.3631,2.0545,100.0,0.0,0.0,0.0,25.0,0.0,26.25,0.0,26.125,0.0,24.875,10.0,0.0,0.0091,52.5353,5.2535,2.0,765.5493,2.1536,0.5749,1.4264,0.5677,1.4256,0.0015,2.1711,0.0017,2.434,10.0,0.0706,1.0019,0.1364,2.3567,0.0345,1.7601,0.0785,2.1168,0.0,0.0,0.0,29.9856,26.0,25.0,38.0,37.0,15.0,0.0,0.0,0.0,0.0,62.5853,0.0,46.9255,0.0,0.0
9951.0,1.7555,0.0944,1.0,0.0796,1.2012,2.0557,1.0557,2.1863,1.1863,26.5562,2.0622,26.3682,2.0547,100.0,0.0,0.0,0.0,25.0,0.0,26.125,0.0,26.25,0.0,25.0,10.0,0.0,0.0087,52.5351,5.2535,2.0,767.5818,2.154,0.4512,1.4129,0.5592,1.4246,0.0016,2.1721,0.0017,2.4405,10.0,0.0716,1.0019,0.1361,2.3556,0.0337,1.7491,0.0822,2.1365,0.0,0.0,0.0,29.9853,26.0,25.0,38.0,37.0,14.0,0.0,0.0,0.0,0.0,62.5848,0.0,46.9252,0.0,0.0
9952.0,1.7575,0.0947,1.0,0.0793,1.2004,2.0552,1.0552,2.1861,1.1861,26.6787,2.0671,26.3871,2.0555,100.0,0.0,0.0,0.0,25.0,0.0,26.125,0.0,26.125,0.0,25.125,10.0,0.0,0.0087,52.5353,5.2535,2.0,768.2743,2.1542,0.4779,1.4158,0.5565,1.4243,0.0016,2.1734,0.0017,2.4474,10.0,0.0668,1.0018,0.1412,2.3717,0.0297,1.695,0.0908,2.18,0.0,0.0,0.0,29.9854,26.0,25.0,38.0,37.0,13.0,0.0,0.0,0.0,0.0,62.5854,0.0,46.9251,0.0,0.0
9953.0,1.7593,0.0949,1.0,0.0794,1.2007,2.0551,1.0551,2.1863,1.1863,26.8099,2.0724,26.3814,2.0553,100.0,0.0,0.0,0.0,25.0,0.0,26.0,0.0,26.25,0.0,25.25,10.0,0.0,0.0085,52.5355,5.2536,2.0,773.9627,2.1555,0.5492,1.4235,0.5598,1.4247,0.0016,2.1743,0.0017,2.4529,10.0,0.0629,1.0017,0.1131,2.2752,0.0299,1.6971,0.0839,2.1457,0.0,0.0,0.0,29.9855,26.0,25.0,38.0,37.0,12.0,0.0,0.0,0.0,0.0,62.5849,0.0,46.9254,0.0,0.0
9954.0,1.7625,0.0953,1.0,0.0794,1.2005,2.0557,1.0557,2.1865,1.1865,26.7809,2.0712,26.3686,2.0547,100.0,0.0,0.0,0.0,24.875,0.0,26.125,0.0,26.125,0.0,25.0,10.0,0.0,0.0082,52.5355,5.2535,2.0,786.8463,2.1584,0.7523,1.4457,0.5611,1.4248,0.0016,2.1758,0.0017,2.4635,10.0,0.0648,1.0017,0.2116,2.5474,0.0292,1.6872,0.0837,2.1445,0.0,0.0,0.0,29.9857,25.0,25.0,38.0,37.0,14.0,0.0,0.0,0.0,0.0,62.5852,0.0,46.9254,0.0,0.0
9955.0,1.7626,0.0953,1.0,0.0792,1.2001,2.0558,1.0558,2.1865,1.1865,26.6792,2.0672,26.3532,2.0541,100.0,0.0,0.0,0.0,24.875,0.0,26.125,0.0,26.25,0.0,25.125,10.0,0.0,0.0095,52.5352,5.2535,2.0,795.2798,2.1602,0.6874,1.4386,0.5587,1.4246,0.0016,2.1768,0.0017,2.4696,10.0,0.0616,1.0016,0.1802,2.4775,0.0255,1.6283,0.0734,2.0877,0.0,0.0,0.0,29.9857,25.0,25.0,38.0,37.0,11.0,0.0,0.0,0.0,0.0,62.5858,0.0,46.9256,0.0,0.0
9956.0,1.7646,0.0956,1.0,0.0796,1.2011,2.0554,1.0554,2.1862,1.1862,26.5669,2.0627,26.3565,2.0543,100.0,0.0,0.0,0.0,25.0,0.0,26.125,0.0,26.125,0.0,25.125,10.0,0.0,0.0089,52.5358,5.2536,2.0,801.8502,2.1616,0.8065,1.4516,0.5581,1.4245,0.0016,2.1783,0.0018,2.4788,10.0,0.0639,1.0017,0.1382,2.3625,0.0244,1.6098,0.0703,2.0689,0.0,0.0,0.0,29.9859,25.0,25.0,38.0,37.0,14.0,0.0,0.0,0.0,0.0,62.5853,0.0,46.925,0.0,0.0
9957.0,1.7658,0.0957,1.0,0.0796,1.2011,2.0549,1.0549,2.1861,1.1861,26.642,2.0657,26.3729,2.0549,100.0,0.0,0.0,0.0,25.0,0.0,26.25,0.0,26.125,0.0,25.125,10.0,0.0,0.0083,52.5357,5.2536,2.0,806.8732,2.1627,0.6153,1.4308,0.5626,1.425,0.0016,2.1797,0.0018,2.4878,10.0,0.0672,1.0018,0.139,2.3648,0.0238,1.5983,0.0868,2.1604,0.0,0.0,0.0,29.9854,25.0,25.0,38.0,37.0,15.0,0.0,0.0,0.0,0.0,62.5854,0.0,46.925,0.0,0.0
9958.0,1.7658,0.0957,1.0,0.0797,1.2014,2.0547,1.0547,2.1861,1.1861,26.793,2.0717,26.3793,2.0552,100.0,0.0,0.0,0.0,25.0,0.0,26.125,0.0,26.25,0.0,25.125,10.0,0.0,0.0087,52.5357,5.2536,2.0,804.784,2.1623,0.5279,1.4212,0.5517,1.4238,0.0016,2.1807,0.0018,2.4936,10.0,0.0719,1.0019,0.1368,2.3579,0.0243,1.6069,0.0773,2.11,0.0,0.0,0.0,29.9859,25.0,25.0,38.0,37.0,15.0,0.0,0.0,0.0,0.0,62.5853,0.0,46.9253,0.0,0.0
9959.0,1.7658,0.0957,1.0,0.0793,1.2003,2.0556,1.0556,2.1865,1.1865,26.7944,2.0718,26.369,2.0548,100.0,0.0,0.0,0.0,24.875,0.0,26.125,0.0,26.125,0.0,25.0,10.0,0.0,0.0081,52.5358,5.2536,2.0,806.8699,2.1627,0.5208,1.4205,0.5417,1.4227,0.0016,2.182,0.0018,2.5003,10.0,0.0706,1.0019,0.1337,2.3479,0.0211,1.5456,0.0793,2.1214,0.0,0.0,0.0,29.9855,25.0,25.0,38.0,37.0,14.0,0.0,0.0,0.0,0.0,62.585,0.0,46.9251,0.0,0.0
9960.0,1.7659,0.0957,1.0,0.0794,1.2005,2.0558,1.0558,2.1864,1.1864,26.7046,2.0682,26.365,2.0546,100.0,0.0,0.0,0.0,24.875,0.0,26.25,0.0,26.25,0.0,25.0,10.0,0.0,0.0087,52.5357,5.2535,2.0,806.7215,2.1627,0.4644,1.4143,0.5374,1.4223,0.0016,2.1829,0.0018,2.507,10.0,0.0667,1.0018,0.1287,2.3315,0.02,1.5225,0.0723,2.0812,0.0,0.0,0.0,29.9858,25.0,25.0,38.0,37.0,14.0,0.0,0.0,0.0,0.0,62.5854,0.0,46.9251,0.0,0.0
9961.0,1.7647,0.0956,1.0,0.0791,1.1999,2.0558,1.0558,2.1862,1.1862,26.5764,2.0631,26.3622,2.0545,100.0,0.0,0.0,0.0,25.0,0.0,26.25,0.0,26.125,0.0,25.125,10.0,0.0,0.0085,52.5356,5.2536,2.0,813.1342,2.1641,0.5734,1.4262,0.5411,1.4227,0.0016,2.1842,0.0018,2.515,10.0,0.0608,1.0016,0.1391,2.3652,0.0213,1.551,0.0846,2.149,0.0,0.0,0.0,29.9855,25.0,25.0,38.0,37.0,16.0,0.0,0.0,0.0,0.0,62.585,0.0,46.9251,0.0,0.0
9962.0,1.7632,0.0954,1.0,0.0795,1.2008,2.0554,1.0554,2.1859,1.1859,26.6112,2.0644,26.3816,2.0553,100.0,0.0,0.0,0.0,25.0,0.0,26.125,0.0,26.25,0.0,25.125,10.0,0.0,0.0089,52.5363,5.2536,2.0,823.7546,2.1663,0.6516,1.4347,0.542,1.4228,0.0016,2.1855,0.0018,2.5228,10.0,0.0647,1.0017,0.1232,2.3126,0.0184,1.4859,0.0721,2.0795,0.0,0.0,0.0,29.9857,25.0,25.0,38.0,37.0,13.0,0.0,0.0,0.0,0.0,62.5854,0.0,46.9251,0.0,0.0
9963.0,1.7602,0.095,1.0,0.0796,1.2011,2.0551,1.0551,2.1862,1.1862,26.7875,2.0715,26.3884,2.0555,100.0,0.0,0.0,0.0,25.0,0.0,26.125,0.0,26.125,0.0,25.125,10.0,0.0,0.0076,52.5362,5.2536,2.0,832.2798,2.1681,0.6652,1.4362,0.5321,1.4217,0.0017,2.1866,0.0018,2.5318,10.0,0.071,1.0019,0.1213,2.3058,0.0189,1.4989,0.0761,2.1032,0.0,0.0,0.0,29.9858,25.0,25.0,38.0,37.0,14.0,0.0,0.0,0.0,0.0,62.5853,0.0,46.9249,0.0,0.0
9964.0,1.7582,0.0948,1.0,0.0797,1.2014,2.0555,1.0555,2.1861,1.1861,26.8101,2.0724,26.3721,2.0549,100.0,0.0,0.0,0.0,25.0,0.0,26.125,0.0,26.125,0.0,25.125,10.0,0.0,0.0085,52.5363,5.2537,2.0,834.5148,2.1686,0.6362,1.433,0.5435,1.4229,0.0017,2.1882,0.0018,2.5384,10.0,0.071,1.0019,0.1281,2.3294,0.0149,1.3964,0.0774,2.1107,0.0,0.0,0.0,29.986,25.0,25.0,38.0,37.0,14.0,0.0,0.0,0.0,0.0,62.585,0.0,46.9249,0.0,0.0
9965.0,1.7572,0.0947,1.0,0.0795,1.2009,2.0559,1.0559,2.1864,1.1864,26.7075,2.0683,26.3661,2.0546,100.0,0.0,0.0,0.0,25.0,0.0,26.0,0.0,26.125,0.0,25.125,10.0,0.0,0.0084,52.5361,5.2536,2.0,841.2408,2.17,0.6507,1.4346,0.5295,1.4214,0.0017,2.1891,0.0018,2.5481,10.0,0.0695,1.0019,0.1039,2.2383,0.0141,1.3708,0.0856,2.1544,0.0,0.0,0.0,29.9855,25.0,25.0,38.0,37.0,13.0,0.0,0.0,0.0,0.0,62.5853,0.0,46.9254,0.0,0.0
9966.0,1.7562,0.0945,1.0,0.0799,1.2019,2.0558,1.0558,2.1863,1.1863,26.5825,2.0633,26.3625,2.0545,100.0,0.0,0.0,0.0,25.0,0.0,26.125,0.0,26.125,0.0,25.125,10.0,0.0,0.0089,52.5362,5.2536,2.0,846.191,2.171,0.6032,1.4294,0.5396,1.4225,0.0017,2.1907,0.0018,2.5563,10.0,0.0712,1.0019,0.1149,2.2822,0.0722,2.0806,0.0787,2.1176,0.0,0.0,0.0,29.9851,25.0,25.0,38.0,37.0,14.0,0.0,0.0,0.0,0.0,62.5847,0.0,46.9252,0.0,0.0
9967.0,1.7551,0.0944,1.0,0.0797,1.2015,2.0554,1.0554,2.1858,1.1858,26.6048,2.0642,26.3781,2.0551,100.0,0.0,0.0,0.0,25.0,0.0,26.0,0.0,26.125,0.0,25.0,10.0,0.0,0.0087,52.5359,5.2536,2.0,846.5558,2.1711,0.66,1.4356,0.5381,1.4223,0.0017,2.1917,0.0019,2.5627,10.0,0.0701,1.0019,0.1829,2.484,0.065,2.0349,0.0626,2.0187,0.0,0.0,0.0,29.9854,25.0,25.0,38.0,37.0,13.0,0.0,0.0,0.0,0.0,62.5851,0.0,46.9253,0.0,0.0
9968.0,1.7542,0.0943,1.0,0.0794,1.2006,2.0551,1.0551,2.1858,1.1858,26.7817,2.0713,26.3885,2.0555,100.0,0.0,0.0,0.0,25.0,0.0,26.125,0.0,26.125,0.0,25.0,10.0,0.0,0.0086,52.5361,5.2537,2.0,861.4265,2.1741,0.8104,1.452,0.5441,1.423,0.0017,2.193,0.0019,2.5715,10.0,0.0687,1.0018,0.1252,2.3195,0.0618,2.0127,0.0708,2.0717,0.0,0.0,0.0,29.9855,25.0,25.0,38.0,37.0,15.0,0.0,0.0,0.0,0.0,62.5851,0.0,46.9254,0.0,0.0
9969.0,1.7541,0.0943,1.0,0.0793,1.2004,2.0557,1.0557,2.1861,1.1861,26.8228,2.0729,26.3751,2.055,100.0,0.0,0.0,0.0,25.0,0.0,26.125,0.0,26.125,0.0,25.125,10.0,0.0,0.0084,52.5363,5.2536,2.0,871.1112,2.176,0.6478,1.4343,0.5397,1.4225,0.0017,2.1939,0.0019,2.5793,10.0,0.0601,1.0016,0.2545,2.6275,0.0606,2.0046,0.0616,2.0116,0.0,0.0,0.0,29.9852,25.0,25.0,38.0,37.0,14.0,0.0,0.0,0.0,0.0,62.5848,0.0,46.9253,0.0,0.0
9970.0,1.7541,0.0943,1.0,0.0795,1.2008,2.0562,1.0562,2.1861,1.1861,26.7425,2.0697,26.3652,2.0546,100.0,0.0,0.0,0.0,24.875,0.0,26.125,0.0,26.125,0.0,25.0,10.0,0.0,0.0088,52.5363,5.2536,2.0,861.7848,2.1742,0.4108,1.4085,0.5397,1.4225,0.0017,2.1952,0.0019,2.5878,10.0,0.0647,1.0017,0.1995,2.5217,0.0545,1.9579,0.0728,2.0843,0.0,0.0,0.0,29.9857,25.0,25.0,38.0,37.0,14.0,0.0,0.0,0.0,0.0,62.5855,0.0,46.9252,0.0,0.0
9971.0,1.7551,0.0944,1.0,0.0796,1.2012,2.0561,1.0561,2.1859,1.1859,26.618,2.0647,26.3653,2.0546,100.0,0.0,0.0,0.0,25.0,0.0,26.125,0.0,26.125,0.0,25.0,10.0,0.0,0.0084,52.5364,5.2536,2.0,860.0538,2.1738,0.4318,1.4107,0.5393,1.4225,0.0017,2.1964,0.0019,2.597,10.0,0.0681,1.0018,0.1873,2.4944,0.0565,1.9739,0.086,2.1563,0.0,0.0,0.0,29.9855,25.0,25.0,38.0,37.0,14.0,0.0,0.0,0.0,0.0,62.5858,0.0,46.9251,0.0,0.0
9972.0,1.7551,0.0944,1.0,0.0796,1.2011,2.056,1.056,2.1857,1.1857,26.5849,2.0634,26.3751,2.055,100.0,0.0,0.0,0.0,24.875,0.0,26.125,0.0,26.125,0.0,24.875,10.0,0.0,0.0089,52.5365,5.2537,2.0,867.5308,2.1753,0.5101,1.4193,0.536,1.4221,0.0017,2.1978,0.0019,2.6057,10.0,0.0736,1.002,0.1982,2.5189,0.0502,1.9221,0.0756,2.1004,0.0,0.0,0.0,29.9855,25.0,25.0,38.0,37.0,14.0,0.0,0.0,0.0,0.0,62.5856,0.0,46.9253,0.0,0.0
9973.0,1.7551,0.0944,1.0,0.0796,1.2012,2.0551,1.0551,2.186,1.186,26.7411,2.0696,26.3837,2.0553,100.0,0.0,0.0,0.0,25.0,0.0,26.125,0.0,26.125,0.0,25.125,10.0,0.0,0.0081,52.5365,5.2536,2.0,872.6069,2.1763,0.5418,1.4227,0.5245,1.4208,0.0017,2.1988,0.0019,2.6133,10.0,0.0702,1.0019,0.1817,2.4812,0.0538,1.9526,0.0745,2.0939,0.0,0.0,0.0,29.9855,25.0,25.0,38.0,37.0,14.0,0.0,0.0,0.0,0.0,62.5849,0.0,46.9251,0.0,0.0
9974.0,1.7547,0.0943,1.0,0.0794,1.2007,2.0552,1.0552,2.1865,1.1865,26.8255,2.073,26.3718,2.0549,100.0,0.0,0.0,0.0,25.0,0.0,26.125,0.0,26.125,0.0,25.0,10.0,0.0,0.0088,52.5367,5.2537,2.0,877.1529,2.1772,0.4678,1.4147,0.5273,1.4212,0.0017,2.1999,0.0019,2.6216,10.0,0.0667,1.0018,0.1591,2.4236,0.0461,1.8859,0.0561,1.9708,0.0,0.0,0.0,29.9855,26.0,25.0,38.0,37.0,12.0,0.0,0.0,0.0,0.0,62.5853,0.0,46.9254,0.0,0.0
9975.0,1.753,0.0941,1.0,0.0794,1.2006,2.0557,1.0557,2.1865,1.1865,26.7537,2.0701,26.3657,2.0546,100.0,0.0,0.0,0.0,25.0,0.0,26.125,0.0,26.125,0.0,25.0,10.0,0.0,0.0086,52.5366,5.2536,2.0,883.1019,2.1784,0.5614,1.4249,0.5337,1.4219,0.0018,2.2012,0.0019,2.6304,10.0,0.0627,1.0017,0.1593,2.4241,0.0436,1.861,0.0648,2.0334,0.0,0.0,0.0,29.9853,26.0,25.0,38.0,37.0,15.0,0.0,0.0,0.0,0.0,62.5853,0.0,46.9252,0.0,0.0
9976.0,1.7525,0.0941,1.0,0.0794,1.2007,2.0558,1.0558,2.1864,1.1864,26.6326,2.0653,26.3627,2.0545,100.0,0.0,0.0,0.0,24.875,0.0,26.125,0.0,26.125,0.0,25.125,10.0,0.0,0.0085,52.5365,5.2536,2.0,894.1844,2.1806,0.6398,1.4334,0.5432,1.4229,0.0018,2.2026,0.0019,2.6387,10.0,0.0675,1.0018,0.1295,2.334,0.0416,1.8408,0.0614,2.01,0.0,0.0,0.0,29.9856,26.0,25.0,38.0,37.0,14.0,0.0,0.0,0.0,0.0,62.5846,0.0,46.9254,0.0,0.0
9977.0,1.7522,0.094,1.0,0.0791,1.1999,2.0557,1.0557,2.1862,1.1862,26.5749,2.063,26.364,2.0546,100.0,0.0,0.0,0.0,25.0,0.0,26.0,0.0,26.25,0.0,25.0,10.0,0.0,0.0084,52.5367,5.2537,2.0,897.626,2.1812,0.6183,1.4311,0.5454,1.4231,0.0018,2.2038,0.002,2.6462,10.0,0.0641,1.0017,0.1551,2.4124,0.037,1.7904,0.0577,1.9828,0.0,0.0,0.0,29.9861,26.0,25.0,38.0,37.0,13.0,0.0,0.0,0.0,0.0,62.5856,0.0,46.9255,0.0,0.0
9978.0,1.7529,0.0941,1.0,0.0795,1.201,2.0552,1.0552,2.1861,1.1861,26.7008,2.068,26.3826,2.0553,100.0,0.0,0.0,0.0,25.0,0.0,26.125,0.0,26.25,0.0,25.125,10.0,0.0,0.0084,52.5369,5.2537,2.0,903.2874,2.1823,0.6118,1.4304,0.5415,1.4227,0.0018,2.2049,0.002,2.6537,10.0,0.0631,1.0017,0.127,2.3258,0.0407,1.831,0.0565,1.974,0.0,0.0,0.0,29.9856,25.0,25.0,38.0,37.0,14.0,0.0,0.0,0.0,0.0,62.5853,0.0,46.9251,0.0,0.0
9979.0,1.7509,0.0939,1.0,0.0796,1.2013,2.0553,1.0553,2.1862,1.1862,26.8239,2.073,26.3797,2.0552,100.0,0.0,0.0,0.0,25.0,0.0,26.125,0.0,26.125,0.0,25.125,10.0,0.0,0.0083,52.5368,5.2537,2.0,905.897,2.1828,0.5415,1.4227,0.5392,1.4225,0.0018,2.2061,0.002,2.6618,10.0,0.0651,1.0017,0.1241,2.3158,0.0342,1.7563,0.0578,1.9841,0.0,0.0,0.0,29.9858,25.0,25.0,38.0,37.0,14.0,0.0,0.0,0.0,0.0,62.5853,0.0,46.9253,0.0,0.0
9980.0,1.7508,0.0939,1.0,0.0798,1.2016,2.0561,1.0561,2.1861,1.1861,26.7708,2.0708,26.368,2.0547,100.0,0.0,0.0,0.0,25.0,0.0,26.125,0.0,26.125,0.0,25.0,10.0,0.0,0.0084,52.5368,5.2537,2.0,907.5172,2.1831,0.4275,1.4103,0.5391,1.4225,0.0018,2.2076,0.002,2.6707,10.0,0.0713,1.0019,0.2162,2.5566,0.0356,1.7733,0.0523,1.9403,0.0,0.0,0.0,29.9857,25.0,25.0,38.0,37.0,14.0,0.0,0.0,0.0,0.0,62.5852,0.0,46.9254,0.0,0.0
9981.0,1.7499,0.0937,1.0,0.0794,1.2006,2.0558,1.0558,2.1863,1.1863,26.6635,2.0665,26.3639,2.0546,100.0,0.0,0.0,0.0,25.0,0.0,26.125,0.0,26.25,0.0,25.125,10.0,0.0,0.0079,52.5371,5.2537,2.0,904.0923,2.1825,0.3384,1.4006,0.5353,1.422,0.0018,2.2086,0.002,2.678,10.0,0.0707,1.0019,0.1917,2.5046,0.0333,1.7441,0.0564,1.9733,0.0,0.0,0.0,29.9856,25.0,25.0,38.0,37.0,14.0,0.0,0.0,0.0,0.0,62.5855,0.0,46.9253,0.0,0.0
9982.0,1.7509,0.0939,1.0,0.0793,1.2003,2.0557,1.0557,2.1862,1.1862,26.5663,2.0627,26.3672,2.0547,100.0,0.0,0.0,0.0,25.0,0.0,26.25,0.0,26.125,0.0,25.125,10.0,0.0,0.0092,52.5372,5.2537,2.0,898.844,2.1815,0.2607,1.3921,0.5334,1.4218,0.0018,2.2099,0.002,2.6882,10.0,0.0664,1.0018,0.1826,2.4833,0.0317,1.7233,0.0467,1.8909,0.0,0.0,0.0,29.9852,25.0,25.0,38.0,37.0,15.0,0.0,0.0,0.0,0.0,62.5854,0.0,46.9253,0.0,0.0
9983.0,1.7519,0.094,1.0,0.0796,1.2011,2.0552,1.0552,2.1861,1.1861,26.6743,2.067,26.3803,2.0552,100.0,0.0,0.0,0.0,25.0,0.0,26.25,0.0,26.125,0.0,25.125,10.0,0.0,0.0092,52.5369,5.2537,2.0,908.7885,2.1834,0.4105,1.4084,0.5375,1.4223,0.0018,2.211,0.002,2.6956,10.0,0.0621,1.0017,0.1587,2.4224,0.0282,1.6717,0.0499,1.9199,0.0,0.0,0.0,29.9855,25.0,25.0,38.0,37.0,13.0,0.0,0.0,0.0,0.0,62.5857,0.0,46.9253,0.0,0.0
9984.0,1.7528,0.0941,1.0,0.0794,1.2007,2.0551,1.0551,2.1863,1.1863,26.832,2.0733,26.3731,2.0549,100.0,0.0,0.0,0.0,25.0,0.0,26.125,0.0,26.125,0.0,25.125,10.0,0.0,0.0082,52.5374,5.2538,2.0,919.6316,2.1854,0.5322,1.4217,0.5302,1.4215,0.0018,2.2119,0.002,2.7047,10.0,0.0621,1.0017,0.1525,2.4051,0.0288,1.6811,0.0473,1.8969,0.0,0.0,0.0,29.985,25.0,25.0,38.0,37.0,12.0,0.0,0.0,0.0,0.0,62.5852,0.0,46.9249,0.0,0.0
9985.0,1.7519,0.094,1.0,0.0795,1.2008,2.0556,1.0556,2.1865,1.1865,26.8018,2.0721,26.3607,2.0544,100.0,0.0,0.0,0.0,25.0,0.0,26.125,0.0,26.25,0.0,25.125,10.0,0.0,0.0091,52.5374,5.2537,2.0,925.654,2.1866,0.5622,1.425,0.5267,1.4211,0.0019,2.2131,0.002,2.7117,10.0,0.0635,1.0017,0.1675,2.4458,0.0293,1.6885,0.0441,1.8665,0.0,0.0,0.0,29.9854,25.0,25.0,38.0,37.0,14.0,0.0,0.0,0.0,0.0,62.5852,0.0,46.9254,0.0,0.0
9986.0,1.7508,0.0939,1.0,0.0794,1.2007,2.0558,1.0558,2.1865,1.1865,26.6789,2.0672,26.3615,2.0545,100.0,0.0,0.0,0.0,25.0,0.0,26.125,0.0,26.125,0.0,25.125,10.0,0.0,0.0085,52.5374,5.2537,2.0,934.9926,2.1883,0.5165,1.42,0.5244,1.4208,0.0019,2.2145,0.002,2.7224,10.0,0.067,1.0018,0.148,2.3921,0.0278,1.6656,0.0465,1.8893,0.0,0.0,0.0,29.9857,25.0,25.0,38.0,37.0,14.0,0.0,0.0,0.0,0.0,62.5849,0.0,46.9249,0.0,0.0
9987.0,1.7509,0.0939,1.0,0.0794,1.2006,2.0557,1.0557,2.1859,1.1859,26.5703,2.0628,26.3641,2.0546,100.0,0.0,0.0,0.0,25.0,0.0,26.125,0.0,26.125,0.0,25.125,10.0,0.0,0.0086,52.5371,5.2537,2.0,935.1208,2.1883,0.4795,1.4159,0.5293,1.4214,0.0019,2.2158,0.0021,2.7305,10.0,0.0661,1.0018,0.1562,2.4156,0.0286,1.6778,0.0439,1.8647,0.0,0.0,0.0,29.9855,25.0,25.0,38.0,37.0,13.0,0.0,0.0,0.0,0.0,62.585,0.0,46.9249,0.0,0.0
9988.0,1.7508,0.0939,1.0,0.0795,1.2009,2.0553,1.0553,2.1857,1.1857,26.6449,2.0658,26.384,2.0554,100.0,0.0,0.0,0.0,25.0,0.0,26.125,0.0,26.25,0.0,25.125,10.0,0.0,0.0081,52.5371,5.2537,2.0,934.9874,2.1883,0.3957,1.4068,0.5204,1.4204,0.0019,2.2169,0.0021,2.7391,10.0,0.0673,1.0018,0.1283,2.33,0.0235,1.5923,0.0417,1.8424,0.0,0.0,0.0,29.9856,25.0,25.0,38.0,37.0,14.0,0.0,0.0,0.0,0.0,62.5856,0.0,46.9252,0.0,0.0
9989.0,1.7509,0.0939,1.0,0.0796,1.2011,2.0553,1.0553,2.1858,1.1858,26.809,2.0724,26.393,2.0557,100.0,0.0,0.0,0.0,25.0,0.0,26.25,0.0,26.125,0.0,25.0,10.0,0.0,0.0086,52.5372,5.2537,2.0,937.3348,2.1888,0.5084,1.4191,0.5352,1.422,0.0019,2.2182,0.0021,2.7473,10.0,0.0702,1.0019,0.1264,2.3234,0.0246,1.6122,0.0407,1.8312,0.0,0.0,0.0,29.9858,25.0,25.0,38.0,37.0,14.0,0.0,1.0,0.9,0.0,62.5857,0.0,46.9255,0.0,0.0
9990.0,1.7508,0.0939,1.0,0.0798,1.2016,2.056,1.056,2.1862,1.1862,26.8024,2.0721,26.3819,2.0553,100.0,0.0,0.0,0.0,25.0,0.0,26.125,0.0,26.125,0.0,25.0,10.0,0.0,0.0088,52.5372,5.2537,2.0,947.4177,2.1906,0.4872,1.4168,0.5294,1.4214,0.0019,2.2195,0.0021,2.7566,10.0,0.0718,1.0019,0.1248,2.318,0.0221,1.5672,0.0382,1.8034,0.0,0.0,0.0,29.9857,25.0,25.0,38.0,37.0,15.0,0.0,1.0,3.99,0.0,62.5848,0.0,46.9253,0.0,0.0
9991.0,1.7498,0.0937,1.0,0.0793,1.2003,2.0561,1.0561,2.1863,1.1863,26.7047,2.0682,26.3684,2.0547,100.0,0.0,0.0,0.0,25.0,0.0,26.125,0.0,26.25,0.0,25.125,10.0,0.0,0.0089,52.5379,5.2538,2.0,953.5305,2.1917,0.6489,1.4344,0.5316,1.4216,0.0019,2.2205,0.0021,2.7658,10.0,0.0725,1.0019,0.1106,2.2657,0.0245,1.6111,0.0345,1.7592,0.0,0.0,0.0,29.986,25.0,25.0,38.0,37.0,15.0,0.0,1.0,6.57,0.0,62.5855,0.0,46.9255,0.0,0.0
9992.0,1.7487,0.0936,1.0,0.0795,1.2009,2.0558,1.0558,2.1863,1.1863,26.5786,2.0631,26.3618,2.0545,100.0,0.0,0.0,0.0,25.0,0.0,26.125,0.0,26.25,0.0,25.125,10.0,0.0,0.0085,52.5372,5.2537,2.0,967.8651,2.1943,0.7489,1.4453,0.5301,1.4215,0.0019,2.2218,0.0021,2.7738,10.0,0.07,1.0019,0.0976,2.2115,0.0722,2.0806,0.0343,1.7568,0.0,0.0,0.0,29.9854,25.0,25.0,38.0,37.0,16.0,0.0,1.0,10.02,0.0,62.5855,0.0,46.9251,0.0,0.0
9993.0,1.7466,0.0933,1.0,0.0794,1.2007,2.0554,1.0554,2.1861,1.1861,26.626,2.065,26.3824,2.0553,100.0,0.0,0.0,0.0,25.0,0.0,26.125,0.0,26.125,0.0,25.0,10.0,0.0,0.0086,52.5377,5.2538,2.0,982.9262,2.197,0.8279,1.454,0.5349,1.422,0.0019,2.2232,0.0021,2.783,10.0,0.0642,1.0017,0.113,2.275,0.0701,2.0677,0.0337,1.75,0.0,0.0,0.0,29.9859,25.0,25.0,38.0,37.0,13.0,0.0,1.0,12.6,0.0,62.5857,0.0,46.9254,0.0,0.0
9994.0,1.7467,0.0933,1.0,0.0795,1.2008,2.0551,1.0551,2.1861,1.1861,26.7961,2.0718,26.3883,2.0555,100.0,0.0,0.0,0.0,25.0,0.0,26.125,0.0,26.25,0.0,25.125,10.0,0.0,0.0081,52.5377,5.2538,2.0,988.0239,2.1979,0.7069,1.4407,0.5393,1.4225,0.0019,2.2243,0.0021,2.7901,10.0,0.0628,1.0017,0.0919,2.1852,0.0611,2.0078,0.0278,1.6658,0.0,0.0,0.0,29.9859,25.0,25.0,38.0,37.0,13.0,0.0,1.0,16.05,0.0,62.5852,0.0,46.9249,0.0,0.0
9995.0,1.7487,0.0936,1.0,0.0793,1.2002,2.0555,1.0555,2.1866,1.1866,26.8056,2.0722,26.369,2.0548,100.0,0.0,0.0,0.0,25.0,0.0,26.125,0.0,26.125,0.0,25.0,10.0,0.0,0.008,52.5378,5.2538,2.0,985.1979,2.1974,0.6215,1.4314,0.5286,1.4213,0.002,2.2252,0.0021,2.8016,10.0,0.0628,1.0017,0.0946,2.1978,0.0656,2.039,0.03,1.6993,0.0,0.0,0.0,29.9858,25.0,25.0,38.0,37.0,13.0,0.0,1.0,18.84,0.0,62.5853,0.0,46.9252,0.0,0.0
9996.0,1.7498,0.0937,1.0,0.0796,1.201,2.0558,1.0558,2.1865,1.1865,26.7189,2.0688,26.3649,2.0546,100.0,0.0,0.0,0.0,24.875,0.0,26.125,0.0,26.25,0.0,25.125,10.0,0.0,0.0089,52.538,5.2538,2.0,991.2442,2.1985,0.6016,1.4293,0.5367,1.4222,0.002,2.2265,0.0021,2.8104,10.0,0.0644,1.0017,0.0912,2.1819,0.0614,2.0101,0.0286,1.6786,0.0,0.0,0.0,29.9855,25.0,25.0,38.0,37.0,13.0,0.0,1.0,21.72,0.0,62.5851,0.0,46.9251,0.0,0.0
9997.0,1.75,0.0937,1.0,0.0796,1.2011,2.0558,1.0558,2.1862,1.1862,26.5921,2.0637,26.3628,2.0545,100.0,0.0,0.0,0.0,25.0,0.0,26.0,0.0,26.125,0.0,25.125,10.0,0.0,0.0083,52.5377,5.2537,2.0,999.9893,2.2,0.706,1.4407,0.5331,1.4218,0.002,2.2277,0.0022,2.819,10.0,0.0696,1.0019,0.0857,2.1547,0.0573,1.9802,0.0265,1.6458,0.0,0.0,0.0,29.9855,25.0,25.0,38.0,37.0,14.0,0.0,1.0,24.9,0.0,62.5851,0.0,46.9251,0.0,0.0
