Unnamed: 0,adj neg air pressure raw,adj neg air pressure,current alarm mode,cont air counts raw,cont air counts,makeup wtr cond down raw,makeup wtr cond down,makeup wtr cond up raw,makeup wtr cond up,makeup wtr temp down,makeup wtr temp down raw,makeup wtr temp up,makeup wtr temp up raw,DAS health index,0-15 channel error,16-31 channel error status,error detection status 2,card temperature 2,error detection status 3,card temperature 3,error detection status 4,card temperature 4,error detection status 5,card temperature 5,fc positioning 10V supply,fiss-active-state,fiss-position,mag-current,mag-current-raw,mstat,nfd-1-cps,nfd-1cps-raw,nfd-1-cr,nfd-1-cr-raw,nfd-2-cr,nfd-2-cr-raw,nfd-2-log,nfd-2-log-raw,nfd-3-pwr,nfd-3-pwr-raw,nfd-3-pwr-rng,nfd-4-flux,nfd-4-flux-raw,ram-con-lvl,rom-con-lvl-raw,ram-pool-lvl,ram-pool-lvl-raw,ram-wtr-lvl,ram-wtr-lvl-raw,rcs-scram-rel-q,rcs-scram-st-q,rr-active-state,rr-position,rtpbtempa_00,rtpbtempb_00,rtpctempa_00,rtpctempb_00,rtphactcnta_00,rtphactcntb_00,src-active-state,src-position,ss1-active-state,ss1-position,ss2-active-state,ss2-position,ack-button,manual-scram
2139.0,1.7541,0.0943,1.0,0.0795,1.2008,1.8632,0.8632,2.2926,1.2926,22.1054,1.8842,21.5668,1.8627,100.0,0.0,0.0,0.0,24.25,0.0,25.5,0.0,25.375,0.0,24.375,10.0,0.0,0.0093,53.5711,5.357,2.0,4.2229,1.2502,0.197,1.3851,0.0262,1.3665,1.003e-05,1.0008,0.0003,1.7615,11.0,0.0608,1.0016,0.0889,2.1708,0.0063,1.0212,0.0693,2.0625,0.0,0.0,0.0,-0.1426,25.0,24.0,37.0,37.0,13.0,0.0,0.0,0.0,0.0,-0.0248,0.0,-0.0036,0.0,0.0
2140.0,1.7541,0.0943,1.0,0.0798,1.2017,1.8634,0.8634,2.2928,1.2928,22.0457,1.8818,21.5529,1.8621,100.0,0.0,0.0,0.0,24.375,0.0,25.375,0.0,25.375,0.0,24.375,10.0,0.0,0.0076,53.5696,5.3568,2.0,4.3467,1.2553,0.2673,1.3928,0.0182,1.3656,1.003e-05,1.0008,0.0003,1.7622,11.0,0.0624,1.0017,0.107,2.2511,0.0051,0.927,0.0616,2.0118,0.0,0.0,0.0,-0.1421,25.0,24.0,37.0,37.0,14.0,0.0,0.0,0.0,0.0,-0.025,0.0,-0.0036,0.0,0.0
2141.0,1.7541,0.0943,1.0,0.0796,1.201,1.8633,0.8633,2.2929,1.2929,21.9418,1.8777,21.5481,1.8619,100.0,0.0,0.0,0.0,24.375,0.0,25.5,0.0,25.5,0.0,24.5,10.0,0.0,0.0039,53.5678,5.3567,2.0,4.3281,1.2545,0.2431,1.3902,0.0118,1.3649,1.004e-05,1.0009,0.0003,1.7611,11.0,0.0643,1.0017,0.097,2.2087,0.0058,0.9882,0.0807,2.1286,0.0,0.0,0.0,-0.1423,25.0,24.0,37.0,37.0,13.0,0.0,0.0,0.0,0.0,-0.0253,0.0,-0.0039,0.0,0.0
2142.0,1.7536,0.0942,1.0,0.0797,1.2015,1.8634,0.8634,2.2924,1.2924,21.8845,1.8754,21.5576,1.8623,100.0,0.0,0.0,0.0,24.25,0.0,25.5,0.0,25.375,0.0,24.375,10.0,0.0,0.006,53.5662,5.3565,2.0,4.339,1.255,0.2297,1.3887,0.0282,1.3667,1.003e-05,1.0008,0.0003,1.7614,11.0,0.0615,1.0016,0.0782,2.1153,0.0051,0.9257,0.0743,2.093,0.0,0.0,0.0,-0.1424,25.0,24.0,37.0,36.0,13.0,0.0,0.0,0.0,0.0,-0.025,0.0,-0.0034,0.0,0.0
2143.0,1.7531,0.0941,1.0,0.0798,1.2016,1.8625,0.8625,2.2925,1.2925,22.0395,1.8816,21.5746,1.863,100.0,0.0,0.0,0.0,24.25,0.0,25.5,0.0,25.375,0.0,24.5,10.0,0.0,0.0092,53.5648,5.3564,2.0,4.3117,1.2539,0.2263,1.3883,0.0224,1.3661,1.003e-05,1.0008,0.0003,1.761,11.0,0.0608,1.0016,0.0878,2.1654,0.0064,1.0308,0.0747,2.095,0.0,0.0,0.0,-0.1423,25.0,24.0,37.0,36.0,13.0,0.0,0.0,0.0,0.0,-0.0246,0.0,-0.0034,0.0,0.0
2144.0,1.752,0.094,1.0,0.0798,1.2017,1.8626,0.8626,2.2929,1.2929,22.124,1.885,21.5612,1.8624,100.0,0.0,0.0,0.0,24.5,0.0,25.5,0.0,25.375,0.0,24.25,10.0,0.0,0.0073,53.5631,5.3562,2.0,4.2857,1.2528,0.1586,1.3809,0.0141,1.3652,1.004e-05,1.0008,0.0003,1.7615,11.0,0.0621,1.0017,0.1713,2.4555,0.0063,1.0237,0.0673,2.0501,0.0,0.0,0.0,-0.1428,25.0,24.0,37.0,36.0,13.0,0.0,0.0,0.0,64.0,0.0329,0.0,-0.0036,0.0,0.0
2145.0,1.753,0.0941,1.0,0.0797,1.2015,1.863,0.863,2.2929,1.2929,22.0639,1.8826,21.5515,1.8621,100.0,0.0,0.0,0.0,24.375,0.0,25.5,0.0,25.375,0.0,24.375,10.0,0.0,0.003,53.5616,5.3561,2.0,4.2856,1.2528,0.2096,1.3865,0.0089,1.3646,1.004e-05,1.0008,0.0003,1.7622,11.0,0.0641,1.0017,0.1553,2.413,0.0059,0.9937,0.0782,2.1151,0.0,0.0,0.0,-0.1426,25.0,24.0,37.0,36.0,13.0,0.0,0.0,0.0,64.0,0.1896,0.0,-0.0036,0.0,0.0
2146.0,1.7534,0.0942,1.0,0.0796,1.2011,1.8634,0.8634,2.2925,1.2925,21.9494,1.878,21.5579,1.8623,100.0,0.0,0.0,0.0,24.375,0.0,25.5,0.0,25.5,0.0,24.375,10.0,0.0,0.0082,53.5599,5.3559,2.0,4.4316,1.2586,0.289,1.3952,0.0275,1.3666,1.004e-05,1.0009,0.0003,1.7615,11.0,0.0641,1.0017,0.1459,2.3859,0.0059,0.9895,0.0754,2.0995,0.0,0.0,0.0,-0.1425,25.0,24.0,37.0,36.0,13.0,0.0,0.0,0.0,64.0,0.4703,0.0,-0.0035,0.0,0.0
2147.0,1.7541,0.0943,1.0,0.0799,1.2019,1.8633,0.8633,2.2926,1.2926,21.9,1.876,21.5693,1.8628,100.0,0.0,0.0,0.0,24.25,0.0,25.375,0.0,25.375,0.0,24.5,10.0,0.0,0.0082,53.5579,5.3557,2.0,4.4124,1.2579,0.2421,1.39,0.0183,1.3656,1.004e-05,1.001,0.0003,1.7613,11.0,0.0693,1.0018,0.1131,2.2753,0.0065,1.0354,0.0866,2.1595,0.0,0.0,0.0,-0.1426,25.0,24.0,37.0,36.0,14.0,0.0,0.0,0.0,64.0,0.6017,0.0,-0.0036,0.0,0.0
2148.0,1.7547,0.0943,1.0,0.0799,1.2019,1.8628,0.8628,2.2925,1.2925,22.0442,1.8818,21.5742,1.863,100.0,0.0,0.0,0.0,24.25,0.0,25.375,0.0,25.5,0.0,24.375,10.0,0.0,0.0068,53.5564,5.3556,2.0,4.4199,1.2582,0.2995,1.3963,0.0111,1.3648,1.004e-05,1.001,0.0003,1.7616,11.0,0.0704,1.0019,0.1212,2.3052,0.0059,0.9914,0.0735,2.088,0.0,0.0,0.0,-0.1422,25.0,24.0,37.0,36.0,14.0,0.0,0.0,0.0,64.0,0.8067,0.0,-0.0035,0.0,0.0
2149.0,1.7552,0.0944,1.0,0.0795,1.2009,1.863,0.863,2.2929,1.2929,22.1252,1.885,21.5614,1.8625,100.0,0.0,0.0,0.0,24.375,0.0,25.5,0.0,25.375,0.0,24.375,10.0,0.0,0.0043,53.5544,5.3554,2.0,4.4857,1.2607,0.3318,1.3998,0.0283,1.3667,1.004e-05,1.001,0.0003,1.7625,11.0,0.066,1.0018,0.1341,2.3492,0.0059,0.9945,0.076,2.1026,0.0,0.0,0.0,-0.1423,25.0,24.0,37.0,36.0,14.0,0.0,0.0,0.0,64.0,1.008,0.0,-0.0035,0.0,0.0
2150.0,1.7561,0.0945,1.0,0.0796,1.2012,1.8634,0.8634,2.2926,1.2926,22.0723,1.8829,21.5617,1.8625,100.0,0.0,0.0,0.0,24.25,0.0,25.5,0.0,25.375,0.0,24.375,10.0,0.0,0.0068,53.5529,5.3552,2.0,4.5698,1.264,0.3886,1.406,0.023,1.3661,1.004e-05,1.001,0.0003,1.7608,11.0,0.0659,1.0018,0.1768,2.4693,0.0056,0.9732,0.0791,2.1202,0.0,0.0,0.0,-0.1426,25.0,24.0,37.0,36.0,15.0,0.0,0.0,0.0,64.0,1.1537,0.0,-0.0036,0.0,0.0
2151.0,1.7562,0.0945,1.0,0.0796,1.2011,1.8634,0.8634,2.2925,1.2925,21.9525,1.8781,21.5579,1.8623,100.0,0.0,0.0,0.0,24.375,0.0,25.5,0.0,25.375,0.0,24.375,10.0,0.0,0.009,53.5513,5.3551,2.0,4.5907,1.2648,0.3403,1.4008,0.0145,1.3652,1.004e-05,1.0009,0.0003,1.7603,11.0,0.0654,1.0017,0.1449,2.383,0.0053,0.9478,0.0714,2.0753,0.0,0.0,0.0,-0.1424,25.0,24.0,37.0,36.0,14.0,0.0,0.0,0.0,64.0,1.34,0.0,-0.0038,0.0,0.0
2152.0,1.7553,0.0944,1.0,0.0795,1.2009,1.8635,0.8635,2.2923,1.2923,21.8759,1.875,21.5615,1.8625,100.0,0.0,0.0,0.0,24.25,0.0,25.5,0.0,25.375,0.0,24.5,10.0,0.0,0.0082,53.5502,5.3551,2.0,4.6736,1.2679,0.8719,1.4587,0.0133,1.3651,1.004e-05,1.0009,0.0003,1.7606,11.0,0.0623,1.0017,0.1427,2.3762,0.0057,0.9768,0.0657,2.0397,0.0,0.0,0.0,-0.1423,25.0,24.0,37.0,36.0,12.0,0.0,0.0,0.0,64.0,1.4973,0.0,-0.0038,0.0,0.0
2153.0,1.7543,0.0943,1.0,0.0797,1.2013,1.8629,0.8629,2.2922,1.2922,21.9796,1.8792,21.5805,1.8632,100.0,0.0,0.0,0.0,24.375,0.0,25.5,0.0,25.375,0.0,24.5,10.0,0.0,0.0075,53.5493,5.3547,2.0,5.2465,1.2879,0.8601,1.4575,0.0275,1.3666,1.004e-05,1.0009,0.0003,1.7617,11.0,0.0644,1.0017,0.1699,2.452,0.0056,0.9676,0.068,2.0544,0.0,0.0,0.0,-0.1424,25.0,24.0,37.0,36.0,14.0,0.0,0.0,0.0,64.0,1.6947,0.0,-0.0039,0.0,0.0
2154.0,1.7541,0.0943,1.0,0.0795,1.201,1.8628,0.8628,2.2927,1.2927,22.116,1.8846,21.5772,1.8631,100.0,0.0,0.0,0.0,24.25,0.0,25.375,0.0,25.375,0.0,24.375,10.0,0.0,0.0084,53.547,5.3546,2.0,5.2202,1.2871,0.8046,1.4514,0.0192,1.3657,1.004e-05,1.0009,0.0003,1.7606,11.0,0.0659,1.0018,0.1634,2.4352,0.0057,0.9754,0.077,2.1085,0.0,0.0,0.0,-0.1424,25.0,24.0,37.0,36.0,13.0,0.0,0.0,0.0,64.0,1.8491,0.0,-0.0037,0.0,0.0
2155.0,1.754,0.0943,1.0,0.0797,1.2015,1.8629,0.8629,2.2929,1.2929,22.0905,1.8836,21.5529,1.8621,100.0,0.0,0.0,0.0,24.5,0.0,25.5,0.0,25.375,0.0,24.5,10.0,0.0,0.0072,53.5451,5.3544,2.0,5.2165,1.287,0.7363,1.444,0.0106,1.3648,1.004e-05,1.001,0.0003,1.7615,11.0,0.0671,1.0018,0.1396,2.3666,0.0061,1.0084,0.0753,2.0988,0.0,0.0,0.0,-0.1421,25.0,24.0,37.0,37.0,13.0,0.0,0.0,0.0,64.0,2.0429,0.0,-0.0037,0.0,0.0
2156.0,1.7542,0.0943,1.0,0.0794,1.2007,1.8634,0.8634,2.2925,1.2925,21.9745,1.879,21.5583,1.8623,100.0,0.0,0.0,0.0,24.25,0.0,25.625,0.0,25.375,0.0,24.375,10.0,0.0,0.008,53.5437,5.3543,2.0,5.1949,1.2862,0.7225,1.4425,0.029,1.3668,1.004e-05,1.0009,0.0003,1.761,11.0,0.0642,1.0017,0.1118,2.2702,0.007,1.0694,0.0696,2.0642,0.0,0.0,0.0,-0.143,25.0,24.0,37.0,37.0,14.0,0.0,0.0,0.0,64.0,2.2111,0.0,-0.0035,0.0,0.0
2157.0,1.7552,0.0944,1.0,0.0795,1.201,1.8634,0.8634,2.2923,1.2923,21.8826,1.8753,21.5578,1.8623,100.0,0.0,0.0,0.0,24.375,0.0,25.625,0.0,25.5,0.0,24.375,10.0,0.0,0.0084,53.5421,5.3542,2.0,5.1713,1.2854,0.7082,1.4409,0.0223,1.3661,1.004e-05,1.0009,0.0003,1.761,11.0,0.0657,1.0018,0.117,2.29,0.0061,1.0042,0.0743,2.093,0.0,0.0,0.0,-0.1425,25.0,24.0,37.0,37.0,14.0,0.0,0.0,0.0,64.0,2.3756,0.0,-0.0036,0.0,0.0
2158.0,1.7568,0.0946,1.0,0.0795,1.2008,1.863,0.863,2.2922,1.2922,21.9717,1.8789,21.5804,1.8632,100.0,0.0,0.0,0.0,24.25,0.0,25.5,0.0,25.375,0.0,24.375,10.0,0.0,0.0082,53.5399,5.3539,2.0,5.309,1.29,0.7061,1.4407,0.0132,1.3651,1.004e-05,1.0008,0.0003,1.761,11.0,0.0643,1.0017,0.1147,2.2815,0.0064,1.0279,0.0612,2.0083,0.0,0.0,0.0,-0.1424,25.0,24.0,37.0,37.0,14.0,0.0,0.0,0.0,64.0,2.5678,0.0,-0.0043,0.0,0.0
2159.0,1.7586,0.0948,1.0,0.0795,1.201,1.8628,0.8628,2.2928,1.2928,22.1213,1.8849,21.5773,1.8631,100.0,0.0,0.0,0.0,24.25,0.0,25.375,0.0,25.375,0.0,24.375,10.0,0.0,0.0083,53.5386,5.3538,2.0,5.2963,1.2896,0.7024,1.4403,0.0243,1.3663,1.004e-05,1.0009,0.0003,1.7609,11.0,0.0645,1.0017,0.1241,2.3155,0.0056,0.9735,0.0654,2.0373,0.0,0.0,0.0,-0.1424,25.0,24.0,37.0,37.0,14.0,0.0,0.0,0.0,64.0,2.744,0.0,-0.004,0.0,0.0
2160.0,1.761,0.0951,1.0,0.0794,1.2007,1.8632,0.8632,2.2926,1.2926,22.1022,1.8841,21.5657,1.8626,100.0,0.0,0.0,0.0,24.375,0.0,25.375,0.0,25.375,0.0,24.25,10.0,0.0,0.0081,53.5371,5.3536,2.0,5.3017,1.2898,0.6611,1.4358,0.0253,1.3664,1.004e-05,1.0009,0.0003,1.7622,11.0,0.0601,1.0016,0.101,2.226,0.0058,0.9868,0.0612,2.0084,0.0,0.0,0.0,-0.1423,25.0,24.0,37.0,37.0,15.0,0.0,0.0,0.0,64.0,2.9422,0.0,-0.0037,0.0,0.0
2161.0,1.7637,0.0955,1.0,0.0793,1.2003,1.8634,0.8634,2.2926,1.2926,22.0116,1.8805,21.5607,1.8624,100.0,0.0,0.0,0.0,24.375,0.0,25.5,0.0,25.375,0.0,24.375,10.0,0.0,0.0083,53.5355,5.3535,2.0,5.2452,1.2879,0.6002,1.4291,0.017,1.3655,1.004e-05,1.0008,0.0003,1.761,11.0,0.061,1.0016,0.1165,2.2882,0.0062,1.0132,0.0583,1.9878,0.0,0.0,0.0,-0.1429,25.0,24.0,37.0,37.0,14.0,0.0,0.0,0.0,64.0,3.0835,0.0,-0.0034,0.0,0.0
2162.0,1.7637,0.0955,1.0,0.0794,1.2007,1.8634,0.8634,2.2924,1.2924,21.8989,1.876,21.5563,1.8623,100.0,0.0,0.0,0.0,24.375,0.0,25.625,0.0,25.625,0.0,24.5,10.0,0.0,0.008,53.5339,5.3534,2.0,5.1823,1.2858,0.498,1.418,0.0093,1.3647,1.004e-05,1.0008,0.0003,1.7616,11.0,0.0626,1.0017,0.1079,2.2551,0.0062,1.0109,0.0655,2.0382,0.0,0.0,0.0,-0.1426,25.0,24.0,37.0,37.0,13.0,0.0,0.0,0.0,64.0,3.2698,0.0,-0.0039,0.0,0.0
2163.0,1.7606,0.0951,1.0,0.0795,1.2008,1.8631,0.8631,2.2922,1.2922,21.9485,1.8779,21.5786,1.8631,100.0,0.0,0.0,0.0,24.375,0.0,25.375,0.0,25.375,0.0,24.375,10.0,0.0,0.008,53.5321,5.3531,2.0,5.1089,1.2833,0.4578,1.4136,0.027,1.3666,1.003e-05,1.0008,0.0003,1.7612,11.0,0.0584,1.0016,0.1815,2.4808,0.0064,1.028,0.0686,2.0582,0.0,0.0,0.0,-0.1425,25.0,24.0,37.0,36.0,13.0,0.0,0.0,0.0,64.0,3.448,0.0,-0.0037,0.0,0.0
2164.0,1.7595,0.0949,1.0,0.0796,1.2011,1.8628,0.8628,2.2926,1.2926,22.0959,1.8838,21.5729,1.8629,100.0,0.0,0.0,0.0,24.375,0.0,25.5,0.0,25.375,0.0,24.375,10.0,0.0,0.0077,53.5308,5.353,2.0,5.1364,1.2843,0.4162,1.409,0.021,1.3659,1.004e-05,1.001,0.0003,1.7603,11.0,0.0659,1.0018,0.1616,2.4302,0.0063,1.0193,0.0668,2.0464,0.0,0.0,0.0,-0.1424,25.0,24.0,37.0,36.0,12.0,0.0,0.0,0.0,64.0,3.6328,0.0,-0.003,0.0,0.0
2165.0,1.7584,0.0948,1.0,0.0794,1.2005,1.8632,0.8632,2.2929,1.2929,22.1026,1.8841,21.5563,1.8623,100.0,0.0,0.0,0.0,24.25,0.0,25.5,0.0,25.375,0.0,24.375,10.0,0.0,0.0079,53.5293,5.3529,2.0,4.9987,1.2795,0.2756,1.3937,0.0142,1.3652,1.004e-05,1.001,0.0003,1.7604,11.0,0.0652,1.0017,0.1418,2.3736,0.0067,1.048,0.0645,2.0315,0.0,0.0,0.0,-0.1422,25.0,24.0,37.0,36.0,13.0,0.0,0.0,0.0,64.0,3.8272,0.0,-0.0034,0.0,0.0
2166.0,1.7574,0.0947,1.0,0.0795,1.201,1.8634,0.8634,2.2925,1.2925,22.0094,1.8804,21.5601,1.8624,100.0,0.0,0.0,0.0,24.375,0.0,25.5,0.0,25.5,0.0,24.375,10.0,0.0,0.0073,53.5276,5.3527,2.0,4.851,1.2743,0.2032,1.3858,0.0303,1.3669,1.004e-05,1.0009,0.0003,1.7614,11.0,0.0659,1.0018,0.1339,2.3486,0.0058,0.9864,0.0571,1.9788,0.0,0.0,0.0,-0.1424,25.0,24.0,37.0,36.0,13.0,0.0,0.0,0.0,64.0,3.9664,0.0,-0.0035,0.0,0.0
2167.0,1.7565,0.0946,1.0,0.0798,1.2016,1.8637,0.8637,2.2921,1.2921,21.9035,1.8761,21.557,1.8623,100.0,0.0,0.0,0.0,24.25,0.0,25.625,0.0,25.5,0.0,24.375,10.0,0.0,0.0084,53.526,5.3525,2.0,4.8115,1.2729,0.1433,1.3793,0.0252,1.3664,1.004e-05,1.001,0.0003,1.7606,11.0,0.0675,1.0018,0.1585,2.4219,0.0058,0.9875,0.0598,1.9985,0.0,0.0,0.0,-0.1424,25.0,24.0,37.0,36.0,12.0,0.0,0.0,0.0,64.0,4.198,0.0,-0.0033,0.0,0.0
2168.0,1.7562,0.0945,1.0,0.0799,1.202,1.8635,0.8635,2.2922,1.2922,21.9408,1.8776,21.5772,1.8631,100.0,0.0,0.0,0.0,24.25,0.0,25.5,0.0,25.375,0.0,24.25,10.0,0.0,0.0075,53.5248,5.3524,2.0,4.6955,1.2687,0.0412,1.3681,0.0159,1.3654,1.005e-05,1.0011,0.0003,1.7617,11.0,0.07,1.0019,0.1259,2.3217,0.0063,1.0181,0.0548,1.9608,0.0,0.0,0.0,-0.1426,25.0,24.0,37.0,36.0,14.0,0.0,0.0,0.0,64.0,4.3927,0.0,-0.0033,0.0,0.0
2169.0,1.7572,0.0947,1.0,0.0798,1.2018,1.8629,0.8629,2.2922,1.2922,22.0879,1.8835,21.5847,1.8634,100.0,0.0,0.0,0.0,24.25,0.0,25.5,0.0,25.375,0.0,24.375,10.0,0.0,0.0074,53.5237,5.3523,2.0,4.7608,1.2711,0.128,1.3776,0.0129,1.365,1.004e-05,1.001,0.0003,1.7605,11.0,0.067,1.0018,0.1233,2.3127,0.0059,0.9951,0.0551,1.9629,0.0,0.0,0.0,-0.1423,25.0,24.0,37.0,36.0,15.0,0.0,0.0,0.0,64.0,4.5335,0.0,-0.0036,0.0,0.0
2170.0,1.7572,0.0947,1.0,0.0797,1.2015,1.8632,0.8632,2.2927,1.2927,22.1254,1.885,21.5677,1.8627,100.0,0.0,0.0,0.0,24.25,0.0,25.5,0.0,25.375,0.0,24.375,10.0,0.0,0.0078,53.5218,5.3521,2.0,4.7217,1.2696,0.0647,1.3707,0.0286,1.3668,1.004e-05,1.001,0.0003,1.7612,11.0,0.0687,1.0018,0.1029,2.2344,0.0062,1.0139,0.0473,1.8963,0.0,0.0,0.0,-0.1422,25.0,24.0,37.0,36.0,14.0,0.0,0.0,0.0,64.0,4.7386,0.0,-0.0035,0.0,0.0
2171.0,1.7572,0.0946,1.0,0.0799,1.2019,1.8634,0.8634,2.2925,1.2925,22.0525,1.8821,21.5529,1.8621,100.0,0.0,0.0,0.0,24.25,0.0,25.5,0.0,25.5,0.0,24.375,10.0,0.0,0.008,53.5206,5.352,2.0,4.7385,1.2703,0.0712,1.3714,0.02,1.3658,1.004e-05,1.001,0.0003,1.7616,11.0,0.0686,1.0018,0.1724,2.4584,0.0063,1.0186,0.0511,1.93,0.0,0.0,0.0,-0.1421,25.0,24.0,37.0,37.0,13.0,0.0,0.0,0.0,64.0,4.9124,0.0,-0.0038,0.0,0.0
2172.0,1.7582,0.0948,1.0,0.0796,1.2013,1.863,0.863,2.2928,1.2928,21.9275,1.8771,21.5488,1.862,100.0,0.0,0.0,0.0,24.25,0.0,25.5,0.0,25.5,0.0,24.375,10.0,0.0,0.0084,53.5186,5.3518,2.0,4.6883,1.2684,0.0996,1.3745,0.0112,1.3649,1.004e-05,1.001,0.0003,1.7605,11.0,0.0675,1.0018,0.159,2.4233,0.0058,0.9876,0.0437,1.862,0.0,0.0,0.0,-0.1427,25.0,24.0,37.0,37.0,13.0,0.0,0.0,0.0,64.0,5.09,0.0,-0.0036,0.0,0.0
2173.0,1.7572,0.0947,1.0,0.0797,1.2014,1.8632,0.8632,2.2926,1.2926,21.9022,1.8761,21.5695,1.8628,100.0,0.0,0.0,0.0,24.375,0.0,25.5,0.0,25.375,0.0,24.375,10.0,0.0,0.0082,53.5175,5.3517,2.0,4.8056,1.2727,0.1871,1.384,0.0296,1.3669,1.004e-05,1.0009,0.0003,1.7595,11.0,0.0666,1.0018,0.1772,2.4704,0.0062,1.0162,0.0428,1.8534,0.0,0.0,0.0,-0.1425,25.0,24.0,37.0,37.0,13.0,0.0,0.0,0.0,64.0,5.271,0.0,-0.0036,0.0,0.0
2174.0,1.7572,0.0946,1.0,0.0795,1.2009,1.8628,0.8628,2.2922,1.2922,22.0563,1.8823,21.5838,1.8634,100.0,0.0,0.0,0.0,24.25,0.0,25.5,0.0,25.375,0.0,24.25,10.0,0.0,0.0074,53.5162,5.3516,2.0,4.9982,1.2795,0.2687,1.393,0.0226,1.3661,1.004e-05,1.0008,0.0003,1.7602,11.0,0.0649,1.0017,0.1689,2.4495,0.0061,1.0053,0.045,1.8751,0.0,0.0,0.0,-0.1428,25.0,24.0,37.0,37.0,13.0,0.0,0.0,0.0,64.0,5.4626,0.0,-0.0035,0.0,0.0
2175.0,1.7573,0.0947,1.0,0.0796,1.2012,1.8631,0.8631,2.2926,1.2926,22.1238,1.885,21.57,1.8628,100.0,0.0,0.0,0.0,24.5,0.0,25.5,0.0,25.5,0.0,24.25,10.0,0.0,0.0082,53.5145,5.3514,2.0,4.8712,1.2751,0.1578,1.3808,0.0136,1.3651,1.003e-05,1.0008,0.0003,1.7595,11.0,0.0609,1.0016,0.1368,2.3579,0.0067,1.0451,0.0397,1.8206,0.0,0.0,0.0,-0.1424,25.0,24.0,37.0,36.0,13.0,0.0,0.0,0.0,64.0,5.6844,0.0,-0.0038,0.0,0.0
2176.0,1.7568,0.0946,1.0,0.0796,1.2011,1.8634,0.8634,2.2925,1.2925,22.0296,1.8812,21.5607,1.8624,100.0,0.0,0.0,0.0,24.375,0.0,25.5,0.0,25.375,0.0,24.375,10.0,0.0,0.0071,53.5127,5.3512,2.0,4.8294,1.2736,0.1656,1.3817,0.0291,1.3668,1.004e-05,1.0008,0.0003,1.761,11.0,0.0606,1.0016,0.1153,2.2838,0.0066,1.0419,0.0408,1.833,0.0,0.0,0.0,-0.1426,25.0,24.0,37.0,36.0,13.0,0.0,0.0,0.0,64.0,5.8319,0.0,-0.0037,0.0,0.0
2177.0,1.7562,0.0945,1.0,0.0796,1.2011,1.8634,0.8634,2.2924,1.2924,21.9425,1.8777,21.5592,1.8624,100.0,0.0,0.0,0.0,24.25,0.0,25.625,0.0,25.5,0.0,24.25,10.0,0.0,0.0077,53.5112,5.351,2.0,4.8255,1.2734,0.1187,1.3766,0.0271,1.3666,1.004e-05,1.0008,0.0003,1.7603,11.0,0.0628,1.0017,0.1249,2.3184,0.0067,1.0474,0.0376,1.7974,0.0,0.0,0.0,-0.1426,25.0,24.0,37.0,36.0,12.0,0.0,0.0,0.0,64.0,6.0512,0.0,-0.0037,0.0,0.0
2178.0,1.7563,0.0945,1.0,0.0796,1.2012,1.8636,0.8636,2.2922,1.2922,21.8936,1.8757,21.5705,1.8628,100.0,0.0,0.0,0.0,24.25,0.0,25.625,0.0,25.375,0.0,24.375,10.0,0.0,0.0081,53.5099,5.3509,2.0,4.8611,1.2747,0.1549,1.3805,0.0187,1.3657,1.004e-05,1.0009,0.0003,1.7601,11.0,0.0643,1.0017,0.2151,2.5545,0.0064,1.0247,0.0379,1.8,0.0,0.0,0.0,-0.1426,25.0,24.0,37.0,36.0,14.0,0.0,0.0,0.0,64.0,6.2416,0.0,-0.0036,0.0,0.0
2179.0,1.7573,0.0947,1.0,0.0796,1.2011,1.8628,0.8628,2.2921,1.2921,22.0502,1.882,21.585,1.8634,100.0,0.0,0.0,0.0,24.375,0.0,25.5,0.0,25.375,0.0,24.375,10.0,0.0,0.0073,53.5083,5.3507,2.0,4.8373,1.2738,0.1225,1.377,0.0099,1.3647,1.004e-05,1.0009,0.0003,1.7591,11.0,0.0642,1.0017,0.1721,2.4575,0.006,0.9976,0.0375,1.796,0.0,0.0,0.0,-0.1426,25.0,24.0,37.0,37.0,14.0,0.0,0.0,0.0,64.0,6.4279,0.0,-0.0035,0.0,0.0
2180.0,1.759,0.0949,1.0,0.0795,1.2008,1.863,0.863,2.2926,1.2926,22.1149,1.8846,21.5702,1.8628,100.0,0.0,0.0,0.0,24.25,0.0,25.375,0.0,25.375,0.0,24.375,10.0,0.0,0.0086,53.5069,5.3506,2.0,4.8809,1.2754,0.1918,1.3846,0.0292,1.3668,1.004e-05,1.0009,0.0003,1.7602,11.0,0.065,1.0017,0.2001,2.5231,0.0067,1.0505,0.0461,1.8854,0.0,0.0,0.0,-0.1424,25.0,24.0,37.0,37.0,16.0,0.0,0.0,0.0,64.0,6.6269,0.0,-0.004,0.0,0.0
2181.0,1.7588,0.0948,1.0,0.0796,1.2011,1.863,0.863,2.2928,1.2928,22.0616,1.8825,21.5534,1.8621,100.0,0.0,0.0,0.0,24.375,0.0,25.375,0.0,25.375,0.0,24.375,10.0,0.0,0.0077,53.5054,5.3504,2.0,4.9353,1.2773,0.1498,1.38,0.0234,1.3662,1.004e-05,1.001,0.0003,1.7591,11.0,0.0651,1.0017,0.1492,2.3955,0.0061,1.0052,0.0396,1.8199,0.0,0.0,0.0,-0.1423,25.0,24.0,37.0,37.0,12.0,0.0,0.0,0.0,64.0,6.8672,0.0,-0.0037,0.0,0.0
2182.0,1.7587,0.0948,1.0,0.0795,1.2009,1.8634,0.8634,2.2929,1.2929,21.9637,1.8785,21.5554,1.8622,100.0,0.0,0.0,0.0,24.375,0.0,25.625,0.0,25.375,0.0,24.375,10.0,0.0,0.0078,53.504,5.3503,2.0,4.8359,1.2738,0.1162,1.3763,0.0149,1.3653,1.004e-05,1.001,0.0003,1.7594,11.0,0.0658,1.0018,0.1433,2.3782,0.006,1.0019,0.0491,1.9127,0.0,0.0,0.0,-0.1426,25.0,24.0,37.0,37.0,14.0,0.0,0.0,0.0,64.0,7.0342,0.0,-0.0032,0.0,0.0
2183.0,1.759,0.0949,1.0,0.0796,1.2012,1.8633,0.8633,2.2922,1.2922,21.8827,1.8753,21.5624,1.8625,100.0,0.0,0.0,0.0,24.25,0.0,25.375,0.0,25.5,0.0,24.375,10.0,0.0,0.0078,53.5022,5.3502,2.0,4.8107,1.2729,0.0636,1.3706,0.0261,1.3665,1.004e-05,1.001,0.0003,1.7603,11.0,0.0674,1.0018,0.2167,2.5578,0.006,0.9989,0.0444,1.869,0.0,0.0,0.0,-0.1428,25.0,24.0,37.0,37.0,13.0,0.0,0.0,0.0,64.0,7.2355,0.0,-0.0033,0.0,0.0
2184.0,1.7583,0.0948,1.0,0.0795,1.2008,1.8629,0.8629,2.2921,1.2921,22.0,1.88,21.5812,1.8632,100.0,0.0,0.0,0.0,24.25,0.0,25.5,0.0,25.375,0.0,24.25,10.0,0.0,0.0076,53.5007,5.35,2.0,4.7566,1.2709,0.0228,1.3661,0.0267,1.3666,1.004e-05,1.0009,0.0003,1.7598,11.0,0.0657,1.0018,0.1958,2.5137,0.0064,1.025,0.0415,1.8401,0.0,0.0,0.0,-0.1427,25.0,24.0,37.0,37.0,14.0,0.0,0.0,0.0,64.0,7.4064,0.0,-0.0032,0.0,0.0
2185.0,1.7594,0.0949,1.0,0.0797,1.2014,1.8624,0.8624,2.2928,1.2928,22.1325,1.8853,21.5644,1.8626,100.0,0.0,0.0,0.0,24.25,0.0,25.5,0.0,25.375,0.0,24.375,10.0,0.0,0.0078,53.4994,5.3499,2.0,4.6792,1.2681,-0.0144,1.3621,0.0181,1.3656,1.004e-05,1.001,0.0003,1.7585,11.0,0.065,1.0017,0.1952,2.5123,0.0063,1.0242,0.0395,1.8182,0.0,0.0,0.0,-0.1427,25.0,24.0,37.0,37.0,14.0,0.0,0.0,0.0,64.0,7.6009,0.0,-0.0034,0.0,0.0
2186.0,1.7594,0.0949,1.0,0.0796,1.2012,1.8633,0.8633,2.293,1.293,22.0774,1.8831,21.5531,1.8621,100.0,0.0,0.0,0.0,24.375,0.0,25.375,0.0,25.5,0.0,24.375,10.0,0.0,0.008,53.498,5.3498,2.0,4.6032,1.2652,-0.0807,1.3548,0.0145,1.3652,1.004e-05,1.0008,0.0003,1.7597,11.0,0.0669,1.0018,0.243,2.6074,0.0064,1.0281,0.0386,1.8089,0.0,0.0,0.0,-0.1425,25.0,24.0,37.0,37.0,13.0,0.0,0.0,0.0,64.0,7.7785,0.0,-0.0037,0.0,0.0
2187.0,1.7593,0.0949,1.0,0.0797,1.2015,1.8635,0.8635,2.2925,1.2925,21.9668,1.8787,21.5575,1.8623,100.0,0.0,0.0,0.0,24.375,0.0,25.5,0.0,25.375,0.0,24.375,10.0,0.0,0.0081,53.4968,5.3496,2.0,4.6424,1.2667,-0.0187,1.3616,0.0276,1.3666,1.004e-05,1.0009,0.0003,1.7585,11.0,0.0644,1.0017,0.2185,2.5613,0.0064,1.0302,0.0373,1.7936,0.0,0.0,0.0,-0.1425,25.0,24.0,37.0,37.0,14.0,0.0,0.0,0.0,64.0,7.9519,0.0,-0.0037,0.0,0.0
2188.0,1.7594,0.0949,1.0,0.0796,1.2012,1.8634,0.8634,2.2927,1.2927,21.8811,1.8752,21.5624,1.8625,100.0,0.0,0.0,0.0,24.375,0.0,25.5,0.0,25.375,0.0,24.375,10.0,0.0,0.0084,53.4953,5.3495,2.0,4.5958,1.2649,-0.1073,1.3519,0.0194,1.3658,1.004e-05,1.0009,0.0003,1.7593,11.0,0.0641,1.0017,0.2107,2.5455,0.0062,1.0111,0.0354,1.7712,0.0,0.0,0.0,-0.1425,25.0,24.0,37.0,36.0,13.0,0.0,0.0,0.0,64.0,8.1348,0.0,-0.0034,0.0,0.0
2189.0,1.7593,0.0949,1.0,0.0797,1.2016,1.8628,0.8628,2.2921,1.2921,22.0118,1.8805,21.5821,1.8633,100.0,0.0,0.0,0.0,24.25,0.0,25.5,0.0,25.5,0.0,24.375,10.0,0.0,0.008,53.4938,5.3493,2.0,4.4623,1.2598,-0.1939,1.3425,0.0105,1.3648,1.003e-05,1.0008,0.0003,1.759,11.0,0.0584,1.0016,0.2561,2.6302,0.0056,0.9724,0.033,1.7404,0.0,0.0,0.0,-0.1423,25.0,24.0,37.0,36.0,14.0,0.0,0.0,0.0,64.0,8.3217,0.0,-0.0035,0.0,0.0
2190.0,1.7575,0.0947,1.0,0.0796,1.2011,1.8628,0.8628,2.2923,1.2923,22.11,1.8844,21.5755,1.863,100.0,0.0,0.0,0.0,24.25,0.0,25.5,0.0,25.375,0.0,24.375,10.0,0.0,0.0077,53.4927,5.3492,2.0,4.4014,1.2574,-0.2317,1.3384,0.0274,1.3666,1.003e-05,1.0008,0.0003,1.7592,11.0,0.0616,1.0016,0.2348,2.5926,0.0069,1.0633,0.0455,1.88,0.0,0.0,0.0,-0.1424,25.0,24.0,37.0,36.0,14.0,0.0,0.0,0.0,64.0,8.4221,0.0,-0.0033,0.0,0.0
2191.0,1.7555,0.0944,1.0,0.0795,1.201,1.8633,0.8633,2.2925,1.2925,22.0864,1.8835,21.5631,1.8625,100.0,0.0,0.0,0.0,24.375,0.0,25.5,0.0,25.375,0.0,24.375,10.0,0.0,0.0081,53.4911,5.349,2.0,4.3514,1.2555,-0.2027,1.3415,0.0235,1.3662,1.004e-05,1.0008,0.0003,1.7581,11.0,0.0602,1.0016,0.3095,2.7125,0.0065,1.0326,0.0592,1.9942,0.0,0.0,0.0,-0.1421,25.0,24.0,37.0,36.0,14.0,0.0,0.0,0.0,64.0,8.7129,0.0,-0.0037,0.0,0.0
2192.0,1.7549,0.0944,1.0,0.0797,1.2015,1.8634,0.8634,2.2924,1.2924,21.988,1.8795,21.5589,1.8624,100.0,0.0,0.0,0.0,24.375,0.0,25.5,0.0,25.375,0.0,24.375,10.0,0.0,0.0079,53.4897,5.3489,2.0,4.4059,1.2576,-0.1869,1.3432,0.0153,1.3653,1.004e-05,1.0008,0.0003,1.7594,11.0,0.0615,1.0016,0.2374,2.5974,0.0063,1.0235,0.0614,2.01,0.0,0.0,0.0,-0.1423,25.0,24.0,37.0,36.0,14.0,0.0,0.0,0.0,64.0,8.6132,0.0,-0.0037,0.0,0.0
2193.0,1.7541,0.0943,1.0,0.0797,1.2016,1.8634,0.8634,2.2924,1.2924,21.8807,1.8752,21.5579,1.8623,100.0,0.0,0.0,0.0,24.375,0.0,25.5,0.0,25.375,0.0,24.375,10.0,0.0,0.0087,53.4886,5.3488,2.0,4.3809,1.2566,-0.1883,1.3431,0.0097,1.3647,1.004e-05,1.0008,0.0003,1.7581,11.0,0.0634,1.0017,0.2449,2.6108,0.0061,1.0085,0.0561,1.9708,0.0,0.0,0.0,-0.1424,25.0,24.0,37.0,36.0,14.0,0.0,0.0,0.0,64.0,9.0506,0.0,-0.0037,0.0,0.0
2194.0,1.7551,0.0944,1.0,0.0795,1.201,1.8629,0.8629,2.2925,1.2925,21.9601,1.8784,21.5675,1.8627,100.0,0.0,0.0,0.0,24.25,0.0,25.5,0.0,25.375,0.0,24.375,10.0,0.0,0.0083,53.4873,5.3487,2.0,4.3431,1.2551,-0.2606,1.3352,0.0273,1.3666,1.004e-05,1.0009,0.0003,1.7588,11.0,0.0625,1.0017,0.2123,2.5487,0.0057,0.9774,0.0564,1.9731,0.0,0.0,0.0,-0.1422,25.0,24.0,37.0,36.0,15.0,0.0,0.0,0.0,64.0,9.1973,0.0,-0.0033,0.0,0.0
2195.0,1.7561,0.0945,1.0,0.0795,1.201,1.8628,0.8628,2.2923,1.2923,22.1119,1.8845,21.5766,1.8631,100.0,0.0,0.0,0.0,24.25,0.0,25.5,0.0,25.375,0.0,24.375,10.0,0.0,0.0082,53.4859,5.3485,2.0,4.2556,1.2516,-0.2222,1.3394,0.0183,1.3656,1.004e-05,1.0009,0.0003,1.7593,11.0,0.0631,1.0017,0.2396,2.6013,0.0055,0.9651,0.0499,1.92,0.0,0.0,0.0,-0.1429,25.0,24.0,37.0,36.0,14.0,0.0,0.0,0.0,64.0,9.3691,0.0,-0.0037,0.0,0.0
2196.0,1.7565,0.0946,1.0,0.0799,1.2019,1.8633,0.8633,2.2926,1.2926,22.1014,1.8841,21.565,1.8626,100.0,0.0,0.0,0.0,24.25,0.0,25.5,0.0,25.375,0.0,24.25,10.0,0.0,0.0079,53.4845,5.3484,2.0,4.3965,1.2572,-0.1771,1.3443,0.0112,1.3649,1.004e-05,1.0009,0.0003,1.7588,11.0,0.0627,1.0017,0.2194,2.563,0.0067,1.0481,0.0485,1.9074,0.0,0.0,0.0,-0.1424,25.0,24.0,37.0,36.0,14.0,0.0,0.0,0.0,64.0,9.5537,0.0,-0.0037,0.0,0.0
2197.0,1.7573,0.0947,1.0,0.0796,1.2011,1.8634,0.8634,2.2925,1.2925,22.0108,1.8804,21.5597,1.8624,100.0,0.0,0.0,0.0,24.375,0.0,25.375,0.0,25.375,0.0,24.375,10.0,0.0,0.0081,53.4831,5.3483,2.0,4.3829,1.2567,-0.1555,1.3467,0.0277,1.3667,1.003e-05,1.0007,0.0003,1.76,11.0,0.0589,1.0016,0.1883,2.4966,0.0058,0.9841,0.0674,2.0505,0.0,0.0,0.0,-0.1423,25.0,24.0,37.0,36.0,13.0,0.0,0.0,0.0,64.0,9.7203,0.0,-0.0036,0.0,0.0
2198.0,1.7573,0.0947,1.0,0.0794,1.2006,1.863,0.863,2.2927,1.2927,21.886,1.8754,21.5485,1.8619,100.0,0.0,0.0,0.0,24.375,0.0,25.5,0.0,25.375,0.0,24.375,10.0,0.0,0.0085,53.4816,5.3481,2.0,4.3946,1.2572,-0.1562,1.3466,0.0213,1.366,1.003e-05,1.0008,0.0003,1.7585,11.0,0.0598,1.0016,0.2108,2.5457,0.0055,0.9609,0.0598,1.9986,0.0,0.0,0.0,-0.1425,25.0,24.0,37.0,36.0,14.0,0.0,0.0,0.0,64.0,9.9009,0.0,-0.0039,0.0,0.0
2199.0,1.7563,0.0945,1.0,0.0795,1.2009,1.8628,0.8628,2.2922,1.2922,21.9282,1.8771,21.566,1.8626,100.0,0.0,0.0,0.0,24.375,0.0,25.5,0.0,25.375,0.0,24.375,10.0,0.0,0.0078,53.4803,5.348,2.0,4.3617,1.2559,-0.1458,1.3477,0.0139,1.3652,1.003e-05,1.0008,0.0003,1.7578,11.0,0.0581,1.0015,0.1958,2.5137,0.0062,1.016,0.0685,2.0576,0.0,0.0,0.0,-0.1426,25.0,24.0,37.0,36.0,15.0,0.0,0.0,0.0,64.0,10.0736,0.0,-0.0037,0.0,0.0
2200.0,1.7551,0.0944,1.0,0.0798,1.2017,1.8624,0.8624,2.2926,1.2926,22.0976,1.8839,21.572,1.8629,100.0,0.0,0.0,0.0,24.25,0.0,25.5,0.0,25.375,0.0,24.375,10.0,0.0,0.0081,53.479,5.3478,2.0,4.3892,1.257,-0.1388,1.3485,0.0118,1.3649,1.003e-05,1.0008,0.0003,1.7581,11.0,0.0616,1.0016,0.192,2.5052,0.0062,1.0152,0.0574,1.9808,0.0,0.0,0.0,-0.1423,25.0,24.0,37.0,36.0,13.0,0.0,0.0,0.0,64.0,10.2878,0.0,-0.0036,0.0,0.0
2201.0,1.7562,0.0945,1.0,0.0796,1.2013,1.8628,0.8628,2.293,1.293,22.1076,1.8843,21.5555,1.8622,100.0,0.0,0.0,0.0,24.375,0.0,25.5,0.0,25.375,0.0,24.375,10.0,0.0,0.0079,53.4774,5.3477,2.0,4.4674,1.26,-0.0701,1.356,0.0257,1.3664,1.004e-05,1.0008,0.0003,1.7581,11.0,0.0631,1.0017,0.1672,2.4451,0.0066,1.0438,0.0665,2.0447,0.0,0.0,0.0,-0.1427,25.0,24.0,37.0,36.0,13.0,0.0,0.0,0.0,64.0,10.4331,0.0,-0.0035,0.0,0.0
2202.0,1.7581,0.0948,1.0,0.0798,1.2016,1.863,0.863,2.2929,1.2929,22.025,1.881,21.5498,1.862,100.0,0.0,0.0,0.0,24.25,0.0,25.5,0.0,25.375,0.0,24.25,10.0,0.0,0.008,53.4761,5.3476,2.0,4.4141,1.2579,-0.1366,1.3487,0.0188,1.3657,1.004e-05,1.0008,0.0003,1.7587,11.0,0.0644,1.0017,0.1571,2.4181,0.0057,0.9761,0.0605,2.0036,0.0,0.0,0.0,-0.1426,25.0,24.0,37.0,36.0,13.0,0.0,0.0,0.0,64.0,10.5911,0.0,-0.004,0.0,0.0
2203.0,1.7573,0.0947,1.0,0.0796,1.2011,1.863,0.863,2.2924,1.2924,21.9127,1.8765,21.5465,1.8619,100.0,0.0,0.0,0.0,24.25,0.0,25.5,0.0,25.375,0.0,24.375,10.0,0.0,0.0078,53.4748,5.3474,2.0,4.3876,1.2569,-0.1395,1.3484,0.0118,1.3649,1.004e-05,1.0009,0.0003,1.7599,11.0,0.0654,1.0017,0.1422,2.3746,0.0065,1.0322,0.0519,1.9371,0.0,0.0,0.0,-0.1426,25.0,24.0,37.0,36.0,13.0,0.0,0.0,0.0,64.0,10.7614,0.0,-0.0035,0.0,0.0
2204.0,1.7583,0.0948,1.0,0.0797,1.2015,1.8628,0.8628,2.2922,1.2922,21.9159,1.8766,21.5641,1.8626,100.0,0.0,0.0,0.0,24.25,0.0,25.5,0.0,25.375,0.0,24.375,10.0,0.0,0.0079,53.4731,5.3473,2.0,4.4362,1.2588,-0.0818,1.3547,0.0308,1.367,1.004e-05,1.001,0.0003,1.7591,11.0,0.0668,1.0018,0.1999,2.5227,0.0057,0.9752,0.0589,1.9922,0.0,0.0,0.0,-0.1422,25.0,24.0,37.0,36.0,15.0,0.0,0.0,0.0,64.0,10.9413,0.0,-0.0035,0.0,0.0
2205.0,1.7583,0.0948,1.0,0.0798,1.2018,1.8628,0.8628,2.2921,1.2921,22.0759,1.883,21.5819,1.8633,100.0,0.0,0.0,0.0,24.25,0.0,25.5,0.0,25.25,0.0,24.375,10.0,0.0,0.0086,53.472,5.3472,2.0,4.4588,1.2597,-0.045,1.3587,0.0242,1.3663,1.004e-05,1.001,0.0003,1.7575,11.0,0.0686,1.0018,0.2161,2.5565,0.0058,0.9835,0.0538,1.9523,0.0,0.0,0.0,-0.1424,25.0,24.0,37.0,36.0,14.0,0.0,0.0,0.0,64.0,11.1439,0.0,-0.0036,0.0,0.0
2206.0,1.7601,0.095,1.0,0.0795,1.2008,1.8631,0.8631,2.2925,1.2925,22.1183,1.8847,21.5677,1.8627,100.0,0.0,0.0,0.0,24.375,0.0,25.375,0.0,25.5,0.0,24.375,10.0,0.0,0.0078,53.4704,5.347,2.0,4.4563,1.2596,-0.0775,1.3552,0.0145,1.3652,1.004e-05,1.0009,0.0003,1.7583,11.0,0.0654,1.0017,0.1764,2.4683,0.0065,1.0354,0.0512,1.9314,0.0,0.0,0.0,-0.1424,25.0,24.0,37.0,36.0,15.0,0.0,0.0,0.0,64.0,11.2926,0.0,-0.0036,0.0,0.0
2207.0,1.7611,0.0951,1.0,0.0798,1.2016,1.863,0.863,2.2929,1.2929,22.0447,1.8818,21.5506,1.862,100.0,0.0,0.0,0.0,24.25,0.0,25.5,0.0,25.375,0.0,24.125,10.0,0.0,0.0078,53.4689,5.3468,2.0,4.4234,1.2583,-0.0981,1.3529,0.0225,1.3661,1.004e-05,1.001,0.0003,1.7582,11.0,0.066,1.0018,0.2015,2.5261,0.0066,1.0424,0.0522,1.9395,0.0,0.0,0.0,-0.1422,25.0,24.0,37.0,36.0,14.0,0.0,0.0,0.0,64.0,11.4727,0.0,-0.004,0.0,0.0
2208.0,1.7636,0.0954,1.0,0.0798,1.2018,1.863,0.863,2.2928,1.2928,21.9018,1.8761,21.546,1.8618,100.0,0.0,0.0,0.0,24.25,0.0,25.5,0.0,25.375,0.0,24.375,10.0,0.0,0.0081,53.4675,5.3467,2.0,4.3922,1.2571,-0.1193,1.3506,0.0247,1.3663,1.004e-05,1.001,0.0003,1.7594,11.0,0.0666,1.0018,0.141,2.3712,0.0066,1.0396,0.0477,1.9,0.0,0.0,0.0,-0.1426,25.0,24.0,37.0,37.0,13.0,0.0,0.0,0.0,64.0,11.6589,0.0,-0.0037,0.0,0.0
2209.0,1.763,0.0954,1.0,0.0797,1.2013,1.8628,0.8628,2.2926,1.2926,21.9065,1.8763,21.5614,1.8625,100.0,0.0,0.0,0.0,24.375,0.0,25.5,0.0,25.375,0.0,24.375,10.0,0.0,0.0079,53.4664,5.3466,2.0,4.3456,1.2552,-0.1643,1.3457,0.0181,1.3656,1.004e-05,1.001,0.0003,1.7591,11.0,0.066,1.0018,0.1741,2.4625,0.0063,1.0216,0.0411,1.836,0.0,0.0,0.0,-0.1427,25.0,24.0,37.0,37.0,14.0,0.0,0.0,0.0,64.0,11.8444,0.0,-0.0039,0.0,0.0
2210.0,1.7615,0.0952,1.0,0.0797,1.2013,1.8627,0.8627,2.2925,1.2925,22.0517,1.8821,21.5741,1.863,100.0,0.0,0.0,0.0,24.25,0.0,25.5,0.0,25.375,0.0,24.25,10.0,0.0,0.0083,53.465,5.3464,2.0,4.254,1.2515,-0.2268,1.3389,0.0106,1.3648,1.004e-05,1.0009,0.0003,1.7585,11.0,0.0647,1.0017,0.1401,2.3683,0.0055,0.9656,0.041,1.8348,0.0,0.0,0.0,-0.1425,25.0,24.0,37.0,37.0,15.0,0.0,0.0,0.0,64.0,12.0088,0.0,-0.0034,0.0,0.0
2211.0,1.7625,0.0953,1.0,0.0797,1.2014,1.863,0.863,2.2925,1.2925,22.1252,1.885,21.5697,1.8628,100.0,0.0,0.0,0.0,24.25,0.0,25.5,0.0,25.375,0.0,24.375,10.0,0.0,0.0078,53.4637,5.3463,2.0,4.1952,1.2491,-0.2342,1.3381,0.0288,1.3668,1.004e-05,1.0009,0.0003,1.7593,11.0,0.0615,1.0016,0.2046,2.5328,0.0058,0.984,0.0482,1.905,0.0,0.0,0.0,-0.1425,25.0,24.0,37.0,37.0,13.0,0.0,0.0,0.0,64.0,12.1876,0.0,-0.0035,0.0,0.0
2212.0,1.7605,0.0951,1.0,0.0796,1.2011,1.863,0.863,2.2929,1.2929,22.0579,1.8823,21.5527,1.8621,100.0,0.0,0.0,0.0,24.25,0.0,25.5,0.0,25.375,0.0,24.375,10.0,0.0,0.008,53.4625,5.3462,2.0,4.1968,1.2492,-0.2046,1.3413,0.0192,1.3657,1.003e-05,1.0008,0.0003,1.7576,11.0,0.0604,1.0016,0.2183,2.5608,0.0058,0.9878,0.0401,1.8255,0.0,0.0,0.0,-0.1426,25.0,24.0,37.0,37.0,13.0,0.0,0.0,0.0,64.0,12.3721,0.0,-0.0038,0.0,0.0
2213.0,1.7595,0.0949,1.0,0.0795,1.2008,1.8631,0.8631,2.2928,1.2928,21.9281,1.8771,21.5487,1.8619,100.0,0.0,0.0,0.0,24.25,0.0,25.5,0.0,25.375,0.0,24.375,10.0,0.0,0.008,53.4614,5.3461,2.0,4.2618,1.2518,-0.1937,1.3425,0.0101,1.3647,1.004e-05,1.0008,0.0003,1.7577,11.0,0.0603,1.0016,0.1984,2.5193,0.0059,0.9898,0.0521,1.9384,0.0,0.0,0.0,-0.1427,25.0,24.0,37.0,37.0,13.0,0.0,0.0,0.0,64.0,12.562,0.0,-0.0033,0.0,0.0
2214.0,1.7573,0.0947,1.0,0.0796,1.2012,1.8633,0.8633,2.2922,1.2922,21.889,1.8756,21.5566,1.8623,100.0,0.0,0.0,0.0,24.375,0.0,25.5,0.0,25.375,0.0,24.5,10.0,0.0,0.0082,53.4602,5.3459,2.0,4.1904,1.2489,-0.2189,1.3398,0.0291,1.3668,1.004e-05,1.0008,0.0003,1.7578,11.0,0.061,1.0016,0.2438,2.6089,0.0054,0.9518,0.0529,1.9449,0.0,0.0,0.0,-0.1426,25.0,24.0,37.0,37.0,14.0,0.0,0.0,0.0,64.0,12.7617,0.0,-0.0035,0.0,0.0
2215.0,1.7562,0.0945,1.0,0.0797,1.2014,1.8626,0.8626,2.2924,1.2924,22.0281,1.8811,21.5759,1.863,100.0,0.0,0.0,0.0,24.25,0.0,25.5,0.0,25.375,0.0,24.375,10.0,0.0,0.0084,53.4587,5.3458,2.0,4.2973,1.2533,-0.1079,1.3519,0.0243,1.3663,1.004e-05,1.0009,0.0003,1.7593,11.0,0.064,1.0017,0.2286,2.5809,0.0064,1.0269,0.0521,1.939,0.0,0.0,0.0,-0.1421,25.0,24.0,37.0,37.0,13.0,0.0,0.0,0.0,64.0,12.9423,0.0,-0.0038,0.0,0.0
2216.0,1.7571,0.0946,1.0,0.0798,1.2018,1.8625,0.8625,2.2929,1.2929,22.1258,1.885,21.5626,1.8625,100.0,0.0,0.0,0.0,24.25,0.0,25.5,0.0,25.375,0.0,24.375,10.0,0.0,0.0085,53.4573,5.3457,2.0,4.2468,1.2512,-0.1851,1.3434,0.0168,1.3655,1.004e-05,1.001,0.0003,1.7585,11.0,0.069,1.0018,0.2208,2.5658,0.0061,1.0058,0.0514,1.9324,0.0,0.0,0.0,-0.142,25.0,24.0,37.0,37.0,12.0,0.0,0.0,0.0,64.0,13.1525,0.0,-0.0033,0.0,0.0
2217.0,1.7592,0.0949,1.0,0.0798,1.2017,1.8629,0.8629,2.293,1.293,22.0669,1.8827,21.5512,1.862,100.0,0.0,0.0,0.0,24.375,0.0,25.5,0.0,25.375,0.0,24.375,10.0,0.0,0.0078,53.4558,5.3455,2.0,4.251,1.2514,-0.1484,1.3475,0.0177,1.3656,1.004e-05,1.001,0.0003,1.7597,11.0,0.0653,1.0017,0.2172,2.5587,0.0058,0.9858,0.0449,1.8738,0.0,0.0,0.0,-0.1425,25.0,24.0,37.0,36.0,13.0,0.0,0.0,0.0,64.0,13.3281,0.0,-0.0037,0.0,0.0
2218.0,1.7594,0.0949,1.0,0.0795,1.201,1.8634,0.8634,2.2925,1.2925,21.9707,1.8788,21.5477,1.8619,100.0,0.0,0.0,0.0,24.25,0.0,25.375,0.0,25.375,0.0,24.375,10.0,0.0,0.0075,53.4548,5.3454,2.0,4.2517,1.2514,-0.1706,1.345,0.0284,1.3667,1.004e-05,1.0009,0.0003,1.7583,11.0,0.0657,1.0018,0.2139,2.552,0.0054,0.9573,0.0415,1.8399,0.0,0.0,0.0,-0.1422,25.0,24.0,37.0,36.0,13.0,0.0,0.0,0.0,64.0,13.5593,0.0,-0.0034,0.0,0.0
2219.0,1.7626,0.0953,1.0,0.08,1.2023,1.8633,0.8633,2.2923,1.2923,21.8809,1.8752,21.5521,1.8621,100.0,0.0,0.0,0.0,24.25,0.0,25.375,0.0,25.375,0.0,24.375,10.0,0.0,0.0077,53.4535,5.3453,2.0,4.2427,1.2511,-0.1147,1.3511,0.0206,1.3659,1.004e-05,1.001,0.0003,1.7587,11.0,0.0673,1.0018,0.1897,2.4998,0.0058,0.9881,0.047,1.8942,0.0,0.0,0.0,-0.1424,25.0,24.0,37.0,36.0,14.0,0.0,0.0,0.0,64.0,13.6796,0.0,-0.0033,0.0,0.0
2220.0,1.7632,0.0954,1.0,0.0795,1.2009,1.8629,0.8629,2.2921,1.2921,21.996,1.8798,21.5811,1.8632,100.0,0.0,0.0,0.0,24.25,0.0,25.375,0.0,25.375,0.0,24.375,10.0,0.0,0.0081,53.4522,5.3451,2.0,4.2909,1.253,-0.1257,1.3499,0.0124,1.365,1.004e-05,1.001,0.0003,1.7577,11.0,0.0664,1.0018,0.1711,2.4552,0.0056,0.9715,0.0548,1.9605,0.0,0.0,0.0,-0.1428,25.0,24.0,37.0,36.0,14.0,0.0,0.0,0.0,64.0,13.9012,0.0,-0.0036,0.0,0.0
2221.0,1.7609,0.0951,1.0,0.0795,1.2009,1.8628,0.8628,2.2924,1.2924,22.1223,1.8849,21.5744,1.863,100.0,0.0,0.0,0.0,24.25,0.0,25.375,0.0,25.375,0.0,24.25,10.0,0.0,0.0079,53.451,5.3451,2.0,4.257,1.2516,-0.1348,1.3489,0.0319,1.3671,1.004e-05,1.0009,0.0003,1.7589,11.0,0.0638,1.0017,0.1923,2.5058,0.0059,0.9906,0.0544,1.9578,0.0,0.0,0.0,-0.1423,25.0,24.0,37.0,36.0,14.0,0.0,0.0,0.0,64.0,14.111,0.0,-0.0034,0.0,0.0
2222.0,1.7602,0.095,1.0,0.0795,1.2008,1.8633,0.8633,2.2925,1.2925,22.0854,1.8834,21.5631,1.8625,100.0,0.0,0.0,0.0,24.25,0.0,25.5,0.0,25.625,0.0,24.375,10.0,0.0,0.0081,53.4497,5.3449,2.0,4.2255,1.2503,-0.1711,1.345,0.0232,1.3662,1.004e-05,1.0009,0.0003,1.758,11.0,0.0618,1.0016,0.1748,2.4644,0.0062,1.0146,0.0648,2.0332,0.0,0.0,0.0,-0.1426,25.0,24.0,37.0,36.0,13.0,0.0,0.0,0.0,64.0,14.3139,0.0,-0.0035,0.0,0.0
2223.0,1.7594,0.0949,1.0,0.0795,1.201,1.8634,0.8634,2.2926,1.2926,21.9861,1.8794,21.5564,1.8623,100.0,0.0,0.0,0.0,24.375,0.0,25.5,0.0,25.375,0.0,24.375,10.0,0.0,0.0078,53.4484,5.3448,2.0,4.1669,1.2479,-0.207,1.3411,0.0132,1.3651,1.003e-05,1.0008,0.0003,1.7587,11.0,0.0592,1.0016,0.1402,2.3687,0.0059,0.9941,0.0563,1.9721,0.0,0.0,0.0,-0.1426,25.0,24.0,37.0,36.0,14.0,0.0,0.0,0.0,64.0,14.4883,0.0,-0.0033,0.0,0.0
2224.0,1.7593,0.0949,1.0,0.0794,1.2005,1.8632,0.8632,2.2923,1.2923,21.8882,1.8755,21.5519,1.8621,100.0,0.0,0.0,0.0,24.25,0.0,25.5,0.0,25.375,0.0,24.375,10.0,0.0,0.0072,53.447,5.3447,2.0,4.0699,1.2438,-0.2677,1.3344,0.0277,1.3667,1.003e-05,1.0007,0.0003,1.758,11.0,0.0572,1.0015,0.1517,2.4028,0.0063,1.0205,0.0622,2.0153,0.0,0.0,0.0,-0.1428,25.0,24.0,37.0,36.0,15.0,0.0,0.0,0.0,64.0,14.6762,0.0,-0.0035,0.0,0.0
2225.0,1.7593,0.0949,1.0,0.0798,1.2018,1.8629,0.8629,2.2922,1.2922,21.9764,1.8791,21.5777,1.8631,100.0,0.0,0.0,0.0,24.25,0.0,25.375,0.0,25.375,0.0,24.25,10.0,0.0,0.0082,53.4459,5.3445,2.0,4.0614,1.2435,-0.2592,1.3354,0.0252,1.3664,1.003e-05,1.0008,0.0003,1.7573,11.0,0.0605,1.0016,0.2184,2.5611,0.0059,0.9922,0.0706,2.0705,0.0,0.0,0.0,-0.1426,25.0,24.0,37.0,37.0,12.0,0.0,0.0,0.0,64.0,14.884,0.0,-0.0038,0.0,0.0
2226.0,1.7593,0.0949,1.0,0.0797,1.2013,1.8629,0.8629,2.2925,1.2925,22.1274,1.8851,21.5729,1.8629,100.0,0.0,0.0,0.0,24.375,0.0,25.375,0.0,25.375,0.0,24.25,10.0,0.0,0.0081,53.4443,5.3444,2.0,3.962,1.2392,-0.3594,1.3244,0.0151,1.3653,1.004e-05,1.0008,0.0003,1.7585,11.0,0.0594,1.0016,0.1744,2.4633,0.0059,0.9938,0.0694,2.0632,0.0,0.0,0.0,-0.1424,25.0,24.0,37.0,37.0,14.0,0.0,0.0,0.0,64.0,14.6129,0.0,-0.0035,0.0,0.0
2227.0,1.7593,0.0949,1.0,0.0798,1.2018,1.8632,0.8632,2.2926,1.2926,22.1084,1.8843,21.5653,1.8626,100.0,0.0,0.0,0.0,24.25,0.0,25.375,0.0,25.25,0.0,24.375,10.0,0.0,0.0085,53.4437,5.3443,2.0,3.8707,1.2351,-0.4092,1.319,0.0113,1.3649,1.004e-05,1.0009,0.0003,1.7588,11.0,0.0654,1.0017,0.1779,2.4719,0.0064,1.0302,0.0609,2.0065,0.0,0.0,0.0,-0.1426,25.0,24.0,37.0,37.0,13.0,0.0,0.0,0.0,64.0,15.2564,0.0,-0.0035,0.0,0.0
2228.0,1.7593,0.0949,1.0,0.0799,1.2021,1.8634,0.8634,2.2925,1.2925,22.0138,1.8806,21.5593,1.8624,100.0,0.0,0.0,0.0,24.25,0.0,25.5,0.0,25.375,0.0,24.25,10.0,0.0,0.0089,53.4422,5.3441,2.0,3.8178,1.2327,-0.3852,1.3216,0.0305,1.367,1.004e-05,1.001,0.0003,1.7578,11.0,0.0685,1.0018,0.1773,2.4705,0.0057,0.9775,0.0569,1.9773,0.0,0.0,0.0,-0.1423,25.0,24.0,37.0,37.0,15.0,0.0,0.0,0.0,64.0,15.0988,0.0,-0.0033,0.0,0.0
2229.0,1.7583,0.0948,1.0,0.0798,1.2016,1.8634,0.8634,2.2923,1.2923,21.8942,1.8758,21.5572,1.8623,100.0,0.0,0.0,0.0,24.375,0.0,25.5,0.0,25.375,0.0,24.25,10.0,0.0,0.008,53.4409,5.3441,2.0,3.8392,1.2337,-0.3692,1.3234,0.0208,1.3659,1.004e-05,1.0009,0.0003,1.7567,11.0,0.0651,1.0017,0.1957,2.5134,0.0054,0.9534,0.057,1.9777,0.0,0.0,0.0,-0.1425,25.0,24.0,37.0,36.0,14.0,0.0,0.0,0.0,64.0,15.1094,0.0,-0.0034,0.0,0.0
2230.0,1.7583,0.0948,1.0,0.0797,1.2015,1.863,0.863,2.2922,1.2922,21.9573,1.8783,21.5781,1.8631,100.0,0.0,0.0,0.0,24.25,0.0,25.5,0.0,25.5,0.0,24.25,10.0,0.0,0.0075,53.4393,5.3439,2.0,3.895,1.2362,-0.3415,1.3264,0.0149,1.3653,1.004e-05,1.0009,0.0003,1.7574,11.0,0.0645,1.0017,0.1758,2.4668,0.0058,0.9867,0.057,1.9774,0.0,0.0,0.0,-0.1426,25.0,24.0,37.0,36.0,13.0,0.0,0.0,0.0,64.0,15.7701,0.0,-0.0033,0.0,0.0
2231.0,1.7583,0.0948,1.0,0.0801,1.2024,1.8628,0.8628,2.2922,1.2922,22.1053,1.8842,21.5786,1.8631,100.0,0.0,0.0,0.0,24.25,0.0,25.5,0.0,25.375,0.0,24.375,10.0,0.0,0.0085,53.4383,5.3438,2.0,3.8403,1.2337,-0.3648,1.3238,0.0339,1.3673,1.004e-05,1.001,0.0003,1.7579,11.0,0.0675,1.0018,0.1639,2.4364,0.0063,1.0185,0.0663,2.0432,0.0,0.0,0.0,-0.1426,25.0,24.0,37.0,36.0,14.0,0.0,0.0,0.0,64.0,15.6759,0.0,-0.0035,0.0,0.0
2232.0,1.7583,0.0948,1.0,0.0801,1.2026,1.8633,0.8633,2.2927,1.2927,22.1066,1.8843,21.5665,1.8627,100.0,0.0,0.0,0.0,24.375,0.0,25.375,0.0,25.375,0.0,24.375,10.0,0.0,0.0076,53.4372,5.3436,2.0,3.8412,1.2338,-0.3385,1.3267,0.0258,1.3665,1.004e-05,1.0009,0.0003,1.7573,11.0,0.0674,1.0018,0.1414,2.3724,0.0066,1.0439,0.0631,2.0216,0.0,0.0,0.0,-0.1425,25.0,24.0,37.0,36.0,14.0,0.0,0.0,0.0,64.0,15.9206,0.0,-0.0034,0.0,0.0
2233.0,1.7573,0.0947,1.0,0.0795,1.2009,1.8632,0.8632,2.2926,1.2926,22.0152,1.8806,21.5503,1.862,100.0,0.0,0.0,0.0,24.25,0.0,25.5,0.0,25.375,0.0,24.375,10.0,0.0,0.0078,53.4356,5.3435,2.0,3.9194,1.2373,-0.2852,1.3325,0.0175,1.3655,1.004e-05,1.001,0.0003,1.7587,11.0,0.0658,1.0018,0.1233,2.3127,0.0055,0.9619,0.0822,2.1369,0.0,0.0,0.0,-0.1425,25.0,24.0,37.0,36.0,15.0,0.0,0.0,0.0,64.0,16.2959,0.0,-0.0037,0.0,0.0
2234.0,1.756,0.0945,1.0,0.0795,1.2009,1.863,0.863,2.2924,1.2924,21.8956,1.8758,21.5463,1.8619,100.0,0.0,0.0,0.0,24.375,0.0,25.5,0.0,25.5,0.0,24.375,10.0,0.0,0.0085,53.4345,5.3434,2.0,3.9418,1.2383,-0.2241,1.3392,0.0337,1.3673,1.004e-05,1.0009,0.0003,1.7578,11.0,0.0646,1.0017,0.1414,2.3724,0.0063,1.0223,0.0825,2.1383,0.0,0.0,0.0,-0.1427,25.0,24.0,37.0,36.0,14.0,0.0,0.0,0.0,64.0,16.4711,0.0,-0.0035,0.0,0.0
2235.0,1.7559,0.0945,1.0,0.0797,1.2014,1.8631,0.8631,2.2922,1.2922,21.9424,1.8777,21.5767,1.8631,100.0,0.0,0.0,0.0,24.375,0.0,25.5,0.0,25.25,0.0,24.375,10.0,0.0,0.0079,53.4332,5.3432,2.0,4.0143,1.2414,-0.1352,1.3489,0.0281,1.3667,1.004e-05,1.0008,0.0003,1.7567,11.0,0.0628,1.0017,0.104,2.2389,0.0058,0.9849,0.0877,2.1649,0.0,0.0,0.0,-0.1423,25.0,24.0,37.0,36.0,13.0,0.0,0.0,0.0,64.0,16.6949,0.0,-0.0035,0.0,0.0
2236.0,1.7567,0.0946,1.0,0.0795,1.2008,1.8626,0.8626,2.2923,1.2923,22.1165,1.8847,21.5696,1.8628,100.0,0.0,0.0,0.0,24.25,0.0,25.5,0.0,25.375,0.0,24.25,10.0,0.0,0.0077,53.4318,5.3431,2.0,3.9782,1.2399,-0.2058,1.3412,0.0173,1.3655,1.004e-05,1.0009,0.0003,1.7577,11.0,0.0625,1.0017,0.1077,2.254,0.0065,1.0349,0.0733,2.0867,0.0,0.0,0.0,-0.1424,25.0,24.0,37.0,36.0,13.0,0.0,0.0,0.0,64.0,16.8224,0.0,-0.004,0.0,0.0
2237.0,1.7592,0.0949,1.0,0.0794,1.2007,1.8628,0.8628,2.2929,1.2929,22.1117,1.8845,21.5577,1.8623,100.0,0.0,0.0,0.0,24.25,0.0,25.375,0.0,25.375,0.0,24.25,10.0,0.0,0.0075,53.4311,5.3431,2.0,3.9436,1.2384,-0.2112,1.3406,0.0335,1.3673,1.003e-05,1.0007,0.0003,1.7566,11.0,0.0614,1.0016,0.1183,2.2949,0.0062,1.0148,0.0729,2.0845,0.0,0.0,0.0,-0.1426,25.0,24.0,37.0,36.0,14.0,0.0,0.0,0.0,64.0,17.0054,0.0,-0.004,0.0,0.0
2238.0,1.7596,0.095,1.0,0.0793,1.2003,1.863,0.863,2.2926,1.2926,22.0375,1.8815,21.5504,1.862,100.0,0.0,0.0,0.0,24.25,0.0,25.5,0.0,25.375,0.0,24.375,10.0,0.0,0.0077,53.4296,5.3429,2.0,4.0787,1.2442,-0.0942,1.3534,0.0293,1.3668,1.003e-05,1.0008,0.0003,1.757,11.0,0.059,1.0016,0.1136,2.2772,0.0059,0.9945,0.0739,2.0904,0.0,0.0,0.0,-0.1428,25.0,24.0,37.0,36.0,13.0,0.0,0.0,0.0,64.0,17.174,0.0,-0.0035,0.0,0.0
2239.0,1.7573,0.0947,1.0,0.0793,1.2003,1.8635,0.8635,2.2924,1.2924,21.9283,1.8771,21.5534,1.8621,100.0,0.0,0.0,0.0,24.25,0.0,25.5,0.0,25.375,0.0,24.25,10.0,0.0,0.0079,53.4284,5.3428,2.0,4.0905,1.2447,-0.0612,1.357,0.0221,1.3661,1.003e-05,1.0008,0.0003,1.7559,11.0,0.0582,1.0016,0.0943,2.1964,0.006,1.0004,0.0745,2.0938,0.0,0.0,0.0,-0.1428,25.0,24.0,37.0,36.0,14.0,0.0,0.0,0.0,64.0,17.3456,0.0,-0.0035,0.0,0.0
2240.0,1.7563,0.0945,1.0,0.0795,1.2009,1.8633,0.8633,2.2922,1.2922,21.8968,1.8759,21.5709,1.8628,100.0,0.0,0.0,0.0,24.25,0.0,25.5,0.0,25.375,0.0,24.375,10.0,0.0,0.0077,53.4274,5.3427,2.0,4.0915,1.2448,-0.0886,1.354,0.0213,1.366,1.004e-05,1.0009,0.0003,1.7566,11.0,0.0615,1.0016,0.1153,2.2836,0.0057,0.9784,0.0714,2.0757,0.0,0.0,0.0,-0.1428,25.0,24.0,37.0,36.0,13.0,0.0,0.0,0.0,64.0,17.4989,0.0,-0.0036,0.0,0.0
2241.0,1.7552,0.0944,1.0,0.0795,1.2009,1.8628,0.8628,2.2922,1.2922,22.0557,1.8822,21.5773,1.8631,100.0,0.0,0.0,0.0,24.25,0.0,25.375,0.0,25.375,0.0,24.375,10.0,0.0,0.0084,53.426,5.3426,2.0,4.1661,1.2479,0.0138,1.3651,0.0338,1.3673,1.004e-05,1.0008,0.0003,1.7563,11.0,0.0611,1.0016,0.0867,2.1597,0.0058,0.9848,0.077,2.1084,0.0,0.0,0.0,-0.1426,25.0,24.0,37.0,36.0,14.0,0.0,0.0,0.0,64.0,17.6702,0.0,-0.0037,0.0,0.0
2242.0,1.7573,0.0947,1.0,0.0794,1.2007,1.8627,0.8627,2.2926,1.2926,22.1213,1.8849,21.5588,1.8624,100.0,0.0,0.0,0.0,24.25,0.0,25.375,0.0,25.25,0.0,24.25,10.0,0.0,0.0081,53.4248,5.3424,2.0,4.249,1.2513,0.0848,1.3729,0.0241,1.3663,1.004e-05,1.0008,0.0003,1.7569,11.0,0.0613,1.0016,0.0981,2.2134,0.007,1.0657,0.084,2.1459,0.0,0.0,0.0,-0.1426,25.0,24.0,37.0,36.0,14.0,0.0,0.0,0.0,64.0,17.853,0.0,-0.0037,0.0,0.0
2243.0,1.7565,0.0946,1.0,0.0796,1.2011,1.8634,0.8634,2.2925,1.2925,22.0291,1.8812,21.5536,1.8621,100.0,0.0,0.0,0.0,24.375,0.0,25.5,0.0,25.375,0.0,24.375,10.0,0.0,0.0074,53.4233,5.3423,2.0,4.2529,1.2515,0.0541,1.3695,0.0253,1.3664,1.003e-05,1.0007,0.0003,1.757,11.0,0.0609,1.0016,0.0734,2.0878,0.0059,0.9907,0.0789,2.1187,0.0,0.0,0.0,-0.1424,25.0,24.0,37.0,36.0,13.0,0.0,0.0,0.0,64.0,18.0188,0.0,-0.0034,0.0,0.0
2244.0,1.7573,0.0947,1.0,0.0796,1.2011,1.8638,0.8638,2.2925,1.2925,21.9346,1.8774,21.5565,1.8623,100.0,0.0,0.0,0.0,24.25,0.0,25.375,0.0,25.375,0.0,24.375,10.0,0.0,0.0082,53.4224,5.3422,2.0,4.2627,1.2519,0.0437,1.3684,0.0356,1.3675,1.003e-05,1.0007,0.0003,1.757,11.0,0.0573,1.0015,0.0807,2.1289,0.0066,1.0399,0.0688,2.0595,0.0,0.0,0.0,-0.1428,25.0,24.0,37.0,36.0,13.0,0.0,0.0,0.0,64.0,18.2093,0.0,-0.0034,0.0,0.0
2245.0,1.7586,0.0948,1.0,0.0795,1.201,1.8632,0.8632,2.2922,1.2922,21.8979,1.8759,21.5697,1.8628,100.0,0.0,0.0,0.0,24.25,0.0,25.375,0.0,25.5,0.0,24.375,10.0,0.0,0.0076,53.421,5.3421,2.0,4.1941,1.2491,-0.0132,1.3622,0.0267,1.3665,1.003e-05,1.0007,0.0003,1.758,11.0,0.0576,1.0015,0.073,2.0849,0.0067,1.0465,0.0633,2.0232,0.0,0.0,0.0,-0.1429,25.0,24.0,37.0,36.0,14.0,0.0,0.0,0.0,64.0,18.3637,0.0,-0.0037,0.0,0.0
2246.0,1.7595,0.0949,1.0,0.0791,1.1997,1.8625,0.8625,2.2922,1.2922,22.0544,1.8822,21.5743,1.863,100.0,0.0,0.0,0.0,24.375,0.0,25.5,0.0,25.375,0.0,24.25,10.0,0.0,0.0084,53.42,5.3419,2.0,4.109,1.2455,-0.1001,1.3527,0.0183,1.3656,1.003e-05,1.0008,0.0003,1.7573,11.0,0.0591,1.0016,0.0665,2.0444,0.0061,1.0095,0.0635,2.0246,0.0,0.0,0.0,-0.1425,25.0,24.0,37.0,36.0,14.0,0.0,0.0,0.0,64.0,18.5338,0.0,-0.0038,0.0,0.0
2247.0,1.7605,0.0951,1.0,0.0791,1.1999,1.8627,0.8627,2.2926,1.2926,22.1246,1.885,21.5597,1.8624,100.0,0.0,0.0,0.0,24.375,0.0,25.5,0.0,25.375,0.0,24.25,10.0,0.0,0.0084,53.419,5.3418,2.0,4.0561,1.2432,-0.096,1.3532,0.0365,1.3676,1.003e-05,1.0008,0.0003,1.7564,11.0,0.0587,1.0016,0.1313,2.34,0.0062,1.0132,0.0666,2.0451,0.0,0.0,0.0,-0.1424,25.0,24.0,37.0,36.0,15.0,0.0,0.0,0.0,64.0,18.7555,0.0,-0.0035,0.0,0.0
2248.0,1.7605,0.0951,1.0,0.0793,1.2004,1.8634,0.8634,2.2926,1.2926,22.0548,1.8822,21.5516,1.8621,100.0,0.0,0.0,0.0,24.25,0.0,25.5,0.0,25.375,0.0,24.25,10.0,0.0,0.0074,53.4176,5.3417,2.0,4.1185,1.2459,-0.048,1.3584,0.0293,1.3668,1.003e-05,1.0008,0.0003,1.7566,11.0,0.058,1.0015,0.1367,2.3578,0.0066,1.0445,0.0603,2.002,0.0,0.0,0.0,-0.1425,25.0,24.0,37.0,36.0,14.0,0.0,0.0,0.0,64.0,18.893,0.0,-0.0036,0.0,0.0
2249.0,1.7602,0.095,1.0,0.0794,1.2006,1.8635,0.8635,2.2926,1.2926,21.9594,1.8784,21.5556,1.8622,100.0,0.0,0.0,0.0,24.25,0.0,25.625,0.0,25.375,0.0,24.25,10.0,0.0,0.0079,53.4166,5.3416,2.0,4.1059,1.2454,-0.0914,1.3537,0.0215,1.366,1.003e-05,1.0007,0.0003,1.7575,11.0,0.0599,1.0016,0.121,2.3048,0.006,1.0012,0.0683,2.0563,0.0,0.0,0.0,-0.1425,25.0,24.0,37.0,36.0,13.0,0.0,0.0,0.0,64.0,19.0534,0.0,-0.0036,0.0,0.0
2250.0,1.7607,0.0951,1.0,0.0794,1.2006,1.8634,0.8634,2.2923,1.2923,21.8853,1.8754,21.5658,1.8626,100.0,0.0,0.0,0.0,24.25,0.0,25.5,0.0,25.375,0.0,24.375,10.0,0.0,0.0079,53.4155,5.3415,2.0,4.0035,1.241,-0.1473,1.3476,0.0372,1.3677,1.003e-05,1.0008,0.0003,1.7571,11.0,0.0598,1.0016,0.1219,2.3077,0.0067,1.049,0.0685,2.0575,0.0,0.0,0.0,-0.1426,25.0,24.0,37.0,36.0,14.0,0.0,0.0,0.0,64.0,19.234,0.0,-0.0032,0.0,0.0
2251.0,1.7605,0.0951,1.0,0.0794,1.2007,1.8626,0.8626,2.2924,1.2924,22.0109,1.8804,21.5747,1.863,100.0,0.0,0.0,0.0,24.25,0.0,25.5,0.0,25.375,0.0,24.25,10.0,0.0,0.0079,53.4142,5.3413,2.0,4.0572,1.2433,-0.0888,1.3539,0.0327,1.3672,1.004e-05,1.0009,0.0003,1.7584,11.0,0.0625,1.0017,0.1259,2.3219,0.0056,0.9703,0.0644,2.0305,0.0,0.0,0.0,-0.1425,25.0,24.0,37.0,36.0,13.0,0.0,0.0,0.0,64.0,19.4104,0.0,-0.0035,0.0,0.0
2252.0,1.7613,0.0952,1.0,0.0795,1.2008,1.8629,0.8629,2.2925,1.2925,22.1336,1.8853,21.5713,1.8629,100.0,0.0,0.0,0.0,24.375,0.0,25.375,0.0,25.375,0.0,24.375,10.0,0.0,0.0083,53.4127,5.3412,2.0,4.1277,1.2463,-0.0501,1.3582,0.0231,1.3662,1.004e-05,1.0009,0.0003,1.7575,11.0,0.0626,1.0017,0.1001,2.2221,0.0067,1.046,0.0638,2.0264,0.0,0.0,0.0,-0.142,25.0,24.0,37.0,36.0,13.0,0.0,0.0,0.0,64.0,19.5998,0.0,-0.0037,0.0,0.0
2253.0,1.7605,0.0951,1.0,0.0794,1.2005,1.8633,0.8633,2.2926,1.2926,22.0779,1.8831,21.5636,1.8625,100.0,0.0,0.0,0.0,24.25,0.0,25.5,0.0,25.375,0.0,24.375,10.0,0.0,0.0076,53.4117,5.3411,2.0,4.0727,1.244,-0.108,1.3519,0.0264,1.3665,1.004e-05,1.0008,0.0003,1.7585,11.0,0.063,1.0017,0.1032,2.2357,0.0061,1.0039,0.0619,2.0137,0.0,0.0,0.0,-0.142,25.0,24.0,37.0,36.0,14.0,0.0,0.0,0.0,64.0,19.7702,0.0,-0.0037,0.0,0.0
2254.0,1.7585,0.0948,1.0,0.0796,1.201,1.8634,0.8634,2.2925,1.2925,21.9734,1.8789,21.5588,1.8624,100.0,0.0,0.0,0.0,24.25,0.0,25.375,0.0,25.375,0.0,24.375,10.0,0.0,0.0082,53.4107,5.341,2.0,4.1095,1.2455,-0.0615,1.3569,0.0355,1.3675,1.004e-05,1.0009,0.0003,1.7577,11.0,0.0609,1.0016,0.0989,2.2173,0.0059,0.9913,0.0563,1.9727,0.0,0.0,0.0,-0.143,25.0,24.0,37.0,36.0,15.0,0.0,0.0,0.0,64.0,19.961,0.0,-0.0037,0.0,0.0
2255.0,1.7602,0.095,1.0,0.0795,1.2009,1.8633,0.8633,2.2922,1.2922,21.8925,1.8757,21.5683,1.8627,100.0,0.0,0.0,0.0,24.25,0.0,25.375,0.0,25.375,0.0,24.375,10.0,0.0,0.0076,53.4092,5.3409,2.0,4.1315,1.2464,0.0169,1.3655,0.0243,1.3663,1.004e-05,1.0008,0.0003,1.757,11.0,0.0625,1.0017,0.0839,2.1455,0.0058,0.9864,0.0577,1.9828,0.0,0.0,0.0,-0.1423,25.0,24.0,37.0,36.0,13.0,0.0,0.0,0.0,64.0,20.1508,0.0,-0.0035,0.0,0.0
2256.0,1.7661,0.0958,1.0,0.0795,1.2008,1.8629,0.8629,2.2922,1.2922,21.9981,1.8799,21.5741,1.863,100.0,0.0,0.0,0.0,24.25,0.0,25.375,0.0,25.25,0.0,24.375,10.0,0.0,0.0084,53.4083,5.3408,2.0,4.1588,1.2476,-0.0035,1.3633,0.0181,1.3656,1.004e-05,1.0008,0.0003,1.7569,11.0,0.06,1.0016,0.1681,2.4474,0.0058,0.987,0.0523,1.9402,0.0,0.0,0.0,-0.1426,25.0,24.0,37.0,36.0,13.0,0.0,0.0,0.0,64.0,20.3351,0.0,-0.0034,0.0,0.0
2257.0,1.7689,0.0961,1.0,0.0795,1.201,1.8628,0.8628,2.2924,1.2924,22.1222,1.8849,21.5778,1.8631,100.0,0.0,0.0,0.0,24.375,0.0,25.5,0.0,25.375,0.0,24.375,10.0,0.0,0.0076,53.4073,5.3407,2.0,4.1496,1.2472,0.0422,1.3682,0.0371,1.3677,1.003e-05,1.0007,0.0003,1.7583,11.0,0.061,1.0016,0.1421,2.3744,0.0058,0.9819,0.0445,1.8703,0.0,0.0,0.0,-0.1425,25.0,24.0,37.0,36.0,13.0,0.0,0.0,0.0,64.0,20.5468,0.0,-0.0033,0.0,0.0
2258.0,1.7711,0.0964,1.0,0.0796,1.2011,1.8633,0.8633,2.2926,1.2926,22.1016,1.8841,21.5644,1.8626,100.0,0.0,0.0,0.0,24.25,0.0,25.5,0.0,25.375,0.0,24.375,10.0,0.0,0.008,53.4063,5.3406,2.0,4.2146,1.2499,0.1086,1.3755,0.0291,1.3668,1.003e-05,1.0008,0.0003,1.7573,11.0,0.0607,1.0016,0.1482,2.3927,0.0066,1.0442,0.0461,1.8857,0.0,0.0,0.0,-0.1426,25.0,24.0,37.0,36.0,14.0,0.0,0.0,0.0,64.0,20.6981,0.0,-0.0035,0.0,0.0
2259.0,1.772,0.0965,1.0,0.0795,1.2008,1.8635,0.8635,2.2926,1.2926,22.006,1.8802,21.5595,1.8624,100.0,0.0,0.0,0.0,24.25,0.0,25.5,0.0,25.375,0.0,24.25,10.0,0.0,0.0083,53.4051,5.3405,2.0,4.3611,1.2558,0.1656,1.3817,0.022,1.366,1.003e-05,1.0008,0.0003,1.7582,11.0,0.0591,1.0016,0.1366,2.3573,0.0058,0.9828,0.048,1.9031,0.0,0.0,0.0,-0.1426,25.0,24.0,37.0,36.0,12.0,0.0,0.0,0.0,64.0,20.8874,0.0,-0.0033,0.0,0.0
2260.0,1.7694,0.0962,1.0,0.0795,1.2009,1.8631,0.8631,2.2923,1.2923,21.8841,1.8754,21.5505,1.862,100.0,0.0,0.0,0.0,24.375,0.0,25.5,0.0,25.375,0.0,24.375,10.0,0.0,0.0078,53.404,5.3404,2.0,4.3289,1.2546,0.1529,1.3803,0.0394,1.3679,1.003e-05,1.0008,0.0003,1.7576,11.0,0.0591,1.0016,0.1249,2.3185,0.0067,1.0468,0.0459,1.8836,0.0,0.0,0.0,-0.1423,25.0,24.0,37.0,36.0,13.0,0.0,0.0,0.0,64.0,21.111,0.0,-0.0037,0.0,0.0
2261.0,1.7644,0.0956,1.0,0.0795,1.2008,1.8626,0.8626,2.2922,1.2922,21.9515,1.8781,21.5684,1.8627,100.0,0.0,0.0,0.0,24.375,0.0,25.375,0.0,25.375,0.0,24.25,10.0,0.0,0.0075,53.4032,5.3402,2.0,4.3497,1.2554,0.1358,1.3785,0.031,1.367,1.004e-05,1.0009,0.0003,1.7579,11.0,0.0607,1.0016,0.1236,2.314,0.0059,0.99,0.0459,1.8837,0.0,0.0,0.0,-0.1425,25.0,24.0,37.0,36.0,13.0,0.0,0.0,0.0,64.0,21.277,0.0,-0.0037,0.0,0.0
2262.0,1.7579,0.0947,1.0,0.0794,1.2006,1.8628,0.8628,2.2925,1.2925,22.1151,1.8846,21.567,1.8627,100.0,0.0,0.0,0.0,24.25,0.0,25.5,0.0,25.375,0.0,24.375,10.0,0.0,0.0081,53.4015,5.34,2.0,4.2724,1.2523,0.0659,1.3708,0.0242,1.3663,1.004e-05,1.0009,0.0003,1.7583,11.0,0.0646,1.0017,0.1157,2.2851,0.0065,1.0363,0.0416,1.8408,0.0,0.0,0.0,-0.1427,25.0,24.0,37.0,36.0,12.0,0.0,0.0,0.0,64.0,21.4783,0.0,-0.0036,0.0,0.0
2263.0,1.7558,0.0945,1.0,0.0794,1.2007,1.8633,0.8633,2.2926,1.2926,22.0968,1.8839,21.5648,1.8626,100.0,0.0,0.0,0.0,24.25,0.0,25.625,0.0,25.375,0.0,24.375,10.0,0.0,0.0078,53.4002,5.34,2.0,4.3606,1.2558,0.2095,1.3865,0.0404,1.368,1.004e-05,1.001,0.0003,1.7582,11.0,0.0676,1.0018,0.1018,2.2296,0.0064,1.0271,0.0409,1.8337,0.0,0.0,0.0,-0.1423,25.0,24.0,37.0,36.0,14.0,0.0,0.0,0.0,64.0,21.6665,0.0,-0.0033,0.0,0.0
2264.0,1.7536,0.0942,1.0,0.0797,1.2014,1.8634,0.8634,2.2926,1.2926,22.0034,1.8801,21.5588,1.8624,100.0,0.0,0.0,0.0,24.375,0.0,25.375,0.0,25.375,0.0,24.25,10.0,0.0,0.0071,53.3995,5.3399,2.0,4.4491,1.2593,0.1911,1.3845,0.035,1.3675,1.004e-05,1.001,0.0003,1.7576,11.0,0.0668,1.0018,0.0864,2.1586,0.0054,0.9547,0.0412,1.8365,0.0,0.0,0.0,-0.1422,25.0,24.0,37.0,36.0,14.0,0.0,0.0,0.0,64.0,21.8837,0.0,-0.0036,0.0,0.0
2265.0,1.7531,0.0941,1.0,0.0797,1.2015,1.8634,0.8634,2.292,1.292,21.8837,1.8753,21.5594,1.8624,100.0,0.0,0.0,0.0,24.25,0.0,25.375,0.0,25.375,0.0,24.25,10.0,0.0,0.0083,53.3979,5.3397,2.0,4.3907,1.257,0.1454,1.3795,0.0255,1.3664,1.004e-05,1.001,0.0003,1.7583,11.0,0.0687,1.0018,0.0946,2.1977,0.0055,0.963,0.0362,1.7802,0.0,0.0,0.0,-0.1424,25.0,24.0,37.0,36.0,11.0,0.0,0.0,0.0,64.0,22.1196,0.0,-0.0035,0.0,0.0
2266.0,1.7533,0.0942,1.0,0.0798,1.2017,1.8631,0.8631,2.2923,1.2923,21.9374,1.8775,21.5757,1.863,100.0,0.0,0.0,0.0,24.25,0.0,25.5,0.0,25.375,0.0,24.375,10.0,0.0,0.0077,53.3972,5.3397,2.0,4.4151,1.258,0.2075,1.3863,0.0433,1.3684,1.004e-05,1.001,0.0003,1.7575,11.0,0.0678,1.0018,0.0913,2.1821,0.0066,1.039,0.0513,1.9316,0.0,0.0,0.0,-0.1422,25.0,24.0,37.0,36.0,15.0,0.0,0.0,0.0,64.0,22.2826,0.0,-0.0038,0.0,0.0
2267.0,1.7541,0.0943,1.0,0.0798,1.2016,1.8625,0.8625,2.2922,1.2922,22.1004,1.884,21.5732,1.8629,100.0,0.0,0.0,0.0,24.25,0.0,25.5,0.0,25.25,0.0,24.375,10.0,0.0,0.0077,53.3961,5.3395,2.0,4.4718,1.2602,0.2243,1.3881,0.0386,1.3678,1.004e-05,1.001,0.0003,1.7579,11.0,0.0694,1.0019,0.0825,2.1382,0.0066,1.0387,0.0507,1.9271,0.0,0.0,0.0,-0.1425,25.0,24.0,37.0,36.0,13.0,0.0,0.0,0.0,64.0,22.4543,0.0,-0.0033,0.0,0.0
2268.0,1.7546,0.0943,1.0,0.0801,1.2025,1.8629,0.8629,2.2926,1.2926,22.1049,1.8842,21.5554,1.8622,100.0,0.0,0.0,0.0,24.25,0.0,25.5,0.0,25.375,0.0,24.375,10.0,0.0,0.008,53.3949,5.3394,2.0,4.4395,1.2589,0.132,1.378,0.0286,1.3668,1.004e-05,1.001,0.0003,1.757,11.0,0.069,1.0018,0.1613,2.4294,0.0066,1.0383,0.0479,1.9018,0.0,0.0,0.0,-0.1425,25.0,24.0,37.0,36.0,15.0,0.0,0.0,0.0,64.0,22.5347,0.0,-0.0033,0.0,0.0
2269.0,1.7552,0.0944,1.0,0.0799,1.202,1.8634,0.8634,2.2926,1.2926,22.0281,1.8811,21.5506,1.862,100.0,0.0,0.0,0.0,24.375,0.0,25.375,0.0,25.25,0.0,24.25,10.0,0.0,0.0081,53.3938,5.3393,2.0,4.2955,1.2532,0.0602,1.3702,0.0397,1.368,1.005e-05,1.0011,0.0003,1.7582,11.0,0.067,1.0018,0.1298,2.335,0.0056,0.9737,0.0467,1.8911,0.0,0.0,0.0,-0.1425,25.0,24.0,37.0,36.0,14.0,0.0,0.0,0.0,64.0,22.7925,0.0,-0.0035,0.0,0.0
2270.0,1.7561,0.0945,1.0,0.0797,1.2015,1.8631,0.8631,2.2924,1.2924,21.9073,1.8763,21.547,1.8619,100.0,0.0,0.0,0.0,24.25,0.0,25.375,0.0,25.375,0.0,24.25,10.0,0.0,0.008,53.3928,5.3392,2.0,4.2567,1.2516,0.0221,1.366,0.0397,1.368,1.004e-05,1.0009,0.0003,1.7574,11.0,0.0676,1.0018,0.1409,2.3709,0.0057,0.9746,0.039,1.8129,0.0,0.0,0.0,-0.1423,25.0,24.0,37.0,36.0,14.0,0.0,0.0,0.0,64.0,23.0159,0.0,-0.0039,0.0,0.0
2271.0,1.7553,0.0944,1.0,0.0797,1.2015,1.8628,0.8628,2.2922,1.2922,21.9113,1.8765,21.5642,1.8626,100.0,0.0,0.0,0.0,24.25,0.0,25.5,0.0,25.375,0.0,24.375,10.0,0.0,0.0082,53.3918,5.3391,2.0,4.2697,1.2522,0.0416,1.3682,0.0307,1.367,1.004e-05,1.001,0.0003,1.7582,11.0,0.0693,1.0018,0.1405,2.3695,0.0055,0.9616,0.0424,1.8495,0.0,0.0,0.0,-0.1425,25.0,24.0,37.0,36.0,14.0,0.0,0.0,0.0,64.0,23.1778,0.0,-0.0034,0.0,0.0
2272.0,1.756,0.0945,1.0,0.0795,1.2009,1.8628,0.8628,2.2921,1.2921,22.0818,1.8833,21.581,1.8632,100.0,0.0,0.0,0.0,24.25,0.0,25.5,0.0,25.375,0.0,24.375,10.0,0.0,0.0079,53.3906,5.339,2.0,4.3866,1.2569,0.1609,1.3812,0.0392,1.3679,1.004e-05,1.0009,0.0003,1.7575,11.0,0.0696,1.0019,0.1114,2.2687,0.0058,0.9885,0.0387,1.8096,0.0,0.0,0.0,-0.1422,25.0,24.0,37.0,36.0,13.0,0.0,0.0,0.0,64.0,23.3646,0.0,-0.0037,0.0,0.0
2273.0,1.7585,0.0948,1.0,0.0792,1.2001,1.8633,0.8633,2.2927,1.2927,22.0945,1.8838,21.5631,1.8625,100.0,0.0,0.0,0.0,24.25,0.0,25.5,0.0,25.375,0.0,24.375,10.0,0.0,0.0078,53.3894,5.3389,2.0,4.4498,1.2593,0.1415,1.3791,0.0366,1.3676,1.003e-05,1.0008,0.0003,1.7565,11.0,0.0582,1.0016,0.1738,2.462,0.0053,0.948,0.0398,1.8221,0.0,0.0,0.0,-0.1426,25.0,24.0,37.0,36.0,14.0,0.0,0.0,0.0,64.0,23.5379,0.0,-0.0038,0.0,0.0
2274.0,1.7604,0.095,1.0,0.0791,1.1998,1.8634,0.8634,2.2926,1.2926,22.0267,1.8811,21.5516,1.8621,100.0,0.0,0.0,0.0,24.25,0.0,25.5,0.0,25.375,0.0,24.375,10.0,0.0,0.0081,53.3884,5.3388,2.0,4.3756,1.2564,0.1158,1.3763,0.0291,1.3668,1.003e-05,1.0008,0.0003,1.757,11.0,0.0601,1.0016,0.1984,2.5193,0.0057,0.9772,0.039,1.8131,0.0,0.0,0.0,-0.1426,25.0,24.0,37.0,37.0,13.0,0.0,0.0,0.0,64.0,23.7448,0.0,-0.0038,0.0,0.0
2275.0,1.7643,0.0955,1.0,0.0795,1.2009,1.8634,0.8634,2.2924,1.2924,21.9154,1.8766,21.5553,1.8622,100.0,0.0,0.0,0.0,24.25,0.0,25.5,0.0,25.5,0.0,24.375,10.0,0.0,0.0085,53.3873,5.3387,2.0,4.3571,1.2557,0.0606,1.3702,0.0409,1.3681,1.003e-05,1.0008,0.0003,1.7573,11.0,0.0591,1.0016,0.1691,2.45,0.0053,0.9438,0.0337,1.749,0.0,0.0,0.0,-0.1422,25.0,24.0,37.0,37.0,15.0,0.0,0.0,0.0,64.0,23.9055,0.0,-0.0033,0.0,0.0
2276.0,1.7658,0.0957,1.0,0.0797,1.2015,1.8633,0.8633,2.2922,1.2922,21.9084,1.8763,21.5635,1.8625,100.0,0.0,0.0,0.0,24.25,0.0,25.375,0.0,25.375,0.0,24.375,10.0,0.0,0.0076,53.3863,5.3386,2.0,4.3075,1.2537,0.0633,1.3705,0.0408,1.3681,1.003e-05,1.0008,0.0003,1.7571,11.0,0.0594,1.0016,0.1459,2.3859,0.006,0.9979,0.0317,1.7228,0.0,0.0,0.0,-0.1426,24.0,24.0,37.0,37.0,13.0,0.0,0.0,0.0,64.0,24.0655,0.0,-0.0034,0.0,0.0
2277.0,1.7659,0.0957,1.0,0.0794,1.2007,1.8629,0.8629,2.2918,1.2918,22.0554,1.8822,21.5837,1.8633,100.0,0.0,0.0,0.0,24.25,0.0,25.5,0.0,25.5,0.0,24.375,10.0,0.0,0.0071,53.3853,5.3384,2.0,4.3142,1.254,0.0685,1.3711,0.0326,1.3672,1.004e-05,1.0008,0.0003,1.7578,11.0,0.0601,1.0016,0.1732,2.4604,0.0055,0.9634,0.0344,1.7589,0.0,0.0,0.0,-0.1427,24.0,24.0,37.0,37.0,14.0,0.0,0.0,0.0,64.0,24.2606,0.0,-0.0038,0.0,0.0
2278.0,1.7642,0.0955,1.0,0.0793,1.2004,1.8635,0.8635,2.2922,1.2922,22.1324,1.8853,21.5691,1.8628,100.0,0.0,0.0,0.0,24.25,0.0,25.375,0.0,25.375,0.0,24.375,10.0,0.0,0.008,53.3838,5.3383,2.0,4.3336,1.2547,0.075,1.3718,0.0448,1.3685,1.004e-05,1.0009,0.0003,1.7574,11.0,0.0613,1.0016,0.1388,2.3641,0.0066,1.0405,0.0437,1.8623,0.0,0.0,0.0,-0.1424,24.0,24.0,37.0,37.0,15.0,0.0,0.0,0.0,64.0,24.4162,0.0,-0.0034,0.0,0.0
2279.0,1.7626,0.0953,1.0,0.0795,1.2008,1.8639,0.8639,2.2922,1.2922,22.0629,1.8825,21.5722,1.8629,100.0,0.0,0.0,0.0,24.25,0.0,25.5,0.0,25.25,0.0,24.375,10.0,0.0,0.008,53.3827,5.3382,2.0,4.303,1.2535,0.0348,1.3674,0.0433,1.3684,1.004e-05,1.0009,0.0003,1.7576,11.0,0.0621,1.0017,0.1224,2.3098,0.0063,1.0183,0.0458,1.8825,0.0,0.0,0.0,-0.1426,24.0,24.0,37.0,36.0,15.0,0.0,0.0,0.0,64.0,24.5889,0.0,-0.0038,0.0,0.0
2280.0,1.7627,0.0953,1.0,0.0794,1.2006,1.8635,0.8635,2.2925,1.2925,21.9431,1.8777,21.5571,1.8623,100.0,0.0,0.0,0.0,24.25,0.0,25.5,0.0,25.375,0.0,24.375,10.0,0.0,0.0084,53.382,5.3381,2.0,4.2792,1.2525,0.024,1.3663,0.0345,1.3674,1.004e-05,1.0009,0.0003,1.7565,11.0,0.0629,1.0017,0.1264,2.3236,0.0063,1.0208,0.0458,1.8827,0.0,0.0,0.0,-0.1431,24.0,24.0,37.0,36.0,12.0,0.0,0.0,0.0,64.0,24.7666,0.0,-0.0034,0.0,0.0
2281.0,1.7627,0.0953,1.0,0.0793,1.2005,1.8633,0.8633,2.2922,1.2922,21.8917,1.8757,21.5672,1.8627,100.0,0.0,0.0,0.0,24.25,0.0,25.5,0.0,25.375,0.0,24.25,10.0,0.0,0.0079,53.3808,5.338,2.0,4.3659,1.256,0.093,1.3738,0.0464,1.3687,1.004e-05,1.0009,0.0003,1.758,11.0,0.0634,1.0017,0.1114,2.2689,0.0059,0.9921,0.043,1.855,0.0,0.0,0.0,-0.1424,25.0,24.0,37.0,36.0,14.0,0.0,0.0,0.0,64.0,24.9579,0.0,-0.0033,0.0,0.0
2282.0,1.7647,0.0956,1.0,0.0795,1.201,1.8628,0.8628,2.2921,1.2921,22.0592,1.8824,21.5838,1.8634,100.0,0.0,0.0,0.0,24.25,0.0,25.5,0.0,25.375,0.0,24.25,10.0,0.0,0.0076,53.3795,5.3379,2.0,4.4112,1.2578,0.0917,1.3736,0.044,1.3684,1.004e-05,1.0009,0.0003,1.757,11.0,0.0637,1.0017,0.118,2.2936,0.0054,0.9542,0.0583,1.9878,0.0,0.0,0.0,-0.1424,25.0,24.0,37.0,36.0,13.0,0.0,0.0,0.0,64.0,25.123,0.0,-0.0038,0.0,0.0
2283.0,1.7638,0.0955,1.0,0.0796,1.2011,1.8627,0.8627,2.2929,1.2929,22.1148,1.8846,21.5607,1.8624,100.0,0.0,0.0,0.0,24.25,0.0,25.5,0.0,25.375,0.0,24.375,10.0,0.0,0.0076,53.3786,5.3378,2.0,4.3137,1.2539,0.0157,1.3654,0.0361,1.3676,1.004e-05,1.0009,0.0003,1.7584,11.0,0.0627,1.0017,0.1057,2.246,0.0056,0.9696,0.0528,1.9447,0.0,0.0,0.0,-0.1428,25.0,24.0,37.0,37.0,13.0,0.0,0.0,0.0,64.0,25.2917,0.0,-0.0033,0.0,0.0
2284.0,1.7637,0.0955,1.0,0.0798,1.2017,1.863,0.863,2.2929,1.2929,22.0552,1.8822,21.5522,1.8621,100.0,0.0,0.0,0.0,24.25,0.0,25.375,0.0,25.375,0.0,24.25,10.0,0.0,0.0083,53.3777,5.3377,2.0,4.3009,1.2534,0.0181,1.3656,0.0508,1.3692,1.004e-05,1.001,0.0003,1.7574,11.0,0.0687,1.0018,0.1192,2.2982,0.0057,0.9769,0.0486,1.9082,0.0,0.0,0.0,-0.1426,25.0,24.0,37.0,37.0,15.0,0.0,0.0,0.0,64.0,25.476,0.0,-0.0035,0.0,0.0
2285.0,1.7639,0.0955,1.0,0.0799,1.2019,1.8635,0.8635,2.2925,1.2925,21.955,1.8782,21.5576,1.8623,100.0,0.0,0.0,0.0,24.25,0.0,25.375,0.0,25.5,0.0,24.25,10.0,0.0,0.0079,53.3764,5.3376,2.0,4.3083,1.2537,0.1661,1.3818,0.0469,1.3688,1.004e-05,1.001,0.0003,1.7562,11.0,0.0695,1.0019,0.0996,2.2201,0.0067,1.0477,0.0471,1.8946,0.0,0.0,0.0,-0.1425,25.0,24.0,37.0,37.0,13.0,0.0,0.0,0.0,64.0,25.6546,0.0,-0.0036,0.0,0.0
2286.0,1.7647,0.0956,1.0,0.0796,1.201,1.8634,0.8634,2.2923,1.2923,21.8817,1.8753,21.5642,1.8626,100.0,0.0,0.0,0.0,24.25,0.0,25.375,0.0,25.375,0.0,24.375,10.0,0.0,0.008,53.3752,5.3375,2.0,4.5686,1.2639,0.2433,1.3902,0.0382,1.3678,1.004e-05,1.001,0.0003,1.7566,11.0,0.0674,1.0018,0.1514,2.402,0.0063,1.0207,0.0577,1.9827,0.0,0.0,0.0,-0.142,25.0,24.0,37.0,37.0,14.0,0.0,0.0,0.0,64.0,25.843,0.0,-0.0036,0.0,0.0
2287.0,1.7642,0.0955,1.0,0.0797,1.2013,1.8629,0.8629,2.2922,1.2922,22.0006,1.88,21.5826,1.8633,100.0,0.0,0.0,0.0,24.25,0.0,25.625,0.0,25.375,0.0,24.25,10.0,0.0,0.0076,53.3745,5.3374,2.0,4.5923,1.2648,0.28,1.3942,0.0526,1.3694,1.004e-05,1.001,0.0003,1.7579,11.0,0.0672,1.0018,0.1493,2.3958,0.0063,1.0194,0.0579,1.9844,0.0,0.0,0.0,-0.1424,25.0,24.0,37.0,36.0,14.0,0.0,0.0,0.0,64.0,25.9825,0.0,-0.0035,0.0,0.0
2288.0,1.7643,0.0955,1.0,0.0796,1.2011,1.8629,0.8629,2.2924,1.2924,22.1262,1.885,21.5637,1.8625,100.0,0.0,0.0,0.0,24.25,0.0,25.5,0.0,25.375,0.0,24.25,10.0,0.0,0.0077,53.3736,5.3373,2.0,4.6134,1.2656,0.2586,1.3918,0.0465,1.3687,1.005e-05,1.0011,0.0003,1.7571,11.0,0.0682,1.0018,0.1623,2.4323,0.006,1.0031,0.0503,1.9233,0.0,0.0,0.0,-0.142,25.0,24.0,37.0,36.0,15.0,0.0,0.0,0.0,64.0,26.1832,0.0,-0.0031,0.0,0.0
2289.0,1.7619,0.0952,1.0,0.0797,1.2015,1.863,0.863,2.2927,1.2927,22.0738,1.883,21.5522,1.8621,100.0,0.0,0.0,0.0,24.25,0.0,25.5,0.0,25.25,0.0,24.375,10.0,0.0,0.008,53.3723,5.3372,2.0,4.5833,1.2645,0.2188,1.3875,0.0373,1.3677,1.004e-05,1.0009,0.0003,1.7584,11.0,0.0643,1.0017,0.1436,2.3789,0.0052,0.9408,0.0515,1.9337,0.0,0.0,0.0,-0.1424,25.0,24.0,37.0,36.0,14.0,0.0,0.0,0.0,64.0,26.3517,0.0,-0.0034,0.0,0.0
2290.0,1.7602,0.095,1.0,0.0798,1.2017,1.8634,0.8634,2.2922,1.2922,21.9707,1.8788,21.5589,1.8624,100.0,0.0,0.0,0.0,24.25,0.0,25.375,0.0,25.375,0.0,24.375,10.0,0.0,0.0081,53.3716,5.3371,2.0,4.5867,1.2646,0.2572,1.3917,0.0559,1.3697,1.004e-05,1.0009,0.0003,1.7572,11.0,0.0631,1.0017,0.119,2.2973,0.0053,0.9493,0.0459,1.8833,0.0,0.0,0.0,-0.1422,25.0,24.0,37.0,36.0,14.0,0.0,0.0,0.0,64.0,26.5133,0.0,-0.0034,0.0,0.0
2291.0,1.7564,0.0945,1.0,0.0796,1.2012,1.8638,0.8638,2.292,1.292,21.8816,1.8753,21.5699,1.8628,100.0,0.0,0.0,0.0,24.25,0.0,25.5,0.0,25.375,0.0,24.375,10.0,0.0,0.0077,53.3705,5.337,2.0,4.5721,1.264,0.1926,1.3846,0.0474,1.3688,1.004e-05,1.0009,0.0003,1.7576,11.0,0.0631,1.0017,0.1198,2.3004,0.0061,1.0084,0.0496,1.9173,0.0,0.0,0.0,-0.1426,25.0,24.0,37.0,37.0,12.0,0.0,0.0,0.0,64.0,26.6905,0.0,-0.0034,0.0,0.0
2292.0,1.7573,0.0947,1.0,0.0798,1.2016,1.8629,0.8629,2.2921,1.2921,21.9861,1.8794,21.5806,1.8632,100.0,0.0,0.0,0.0,24.375,0.0,25.5,0.0,25.375,0.0,24.25,10.0,0.0,0.0081,53.3693,5.3369,2.0,4.5308,1.2625,0.1443,1.3794,0.0376,1.3677,1.004e-05,1.0009,0.0003,1.7578,11.0,0.0628,1.0017,0.1344,2.3504,0.0065,1.0324,0.0641,2.0289,0.0,0.0,0.0,-0.1424,25.0,24.0,37.0,37.0,15.0,0.0,0.0,0.0,64.0,26.8833,0.0,-0.0034,0.0,0.0
2293.0,1.7573,0.0947,1.0,0.0798,1.2017,1.8625,0.8625,2.2924,1.2924,22.123,1.8849,21.5647,1.8626,100.0,0.0,0.0,0.0,24.25,0.0,25.5,0.0,25.375,0.0,24.25,10.0,0.0,0.0079,53.3683,5.3368,2.0,4.5181,1.262,0.2039,1.3859,0.0564,1.3698,1.003e-05,1.0008,0.0003,1.7574,11.0,0.0629,1.0017,0.1298,2.3351,0.0055,0.964,0.0545,1.9583,0.0,0.0,0.0,-0.1425,25.0,24.0,37.0,37.0,16.0,0.0,0.0,0.0,64.0,27.0727,0.0,-0.0037,0.0,0.0
2294.0,1.7561,0.0945,1.0,0.0796,1.2012,1.8634,0.8634,2.2923,1.2923,22.0824,1.8833,21.553,1.8621,100.0,0.0,0.0,0.0,24.375,0.0,25.5,0.0,25.5,0.0,24.375,10.0,0.0,0.0083,53.3676,5.3367,2.0,4.6052,1.2653,0.2264,1.3883,0.0457,1.3686,1.003e-05,1.0008,0.0003,1.7567,11.0,0.0587,1.0016,0.1102,2.2639,0.0055,0.9643,0.0609,2.0064,0.0,0.0,0.0,-0.1422,25.0,24.0,37.0,37.0,14.0,0.0,0.0,0.0,64.0,27.2705,0.0,-0.0035,0.0,0.0
2295.0,1.757,0.0946,1.0,0.0795,1.2008,1.8635,0.8635,2.2922,1.2922,22.0021,1.8801,21.5581,1.8623,100.0,0.0,0.0,0.0,24.25,0.0,25.375,0.0,25.375,0.0,24.25,10.0,0.0,0.0079,53.3665,5.3366,2.0,4.6331,1.2663,0.2247,1.3882,0.04,1.368,1.004e-05,1.0009,0.0003,1.7576,11.0,0.0623,1.0017,0.1138,2.2778,0.0063,1.0235,0.0592,1.9944,0.0,0.0,0.0,-0.1422,25.0,24.0,37.0,36.0,13.0,0.0,0.0,0.0,64.0,27.4446,0.0,-0.0036,0.0,0.0
2296.0,1.7574,0.0947,1.0,0.0795,1.2008,1.8634,0.8634,2.2923,1.2923,21.8823,1.8753,21.5599,1.8624,100.0,0.0,0.0,0.0,24.25,0.0,25.5,0.0,25.375,0.0,24.25,10.0,0.0,0.0081,53.3651,5.3364,2.0,4.5832,1.2645,0.1349,1.3783,0.0568,1.3698,1.004e-05,1.0009,0.0003,1.7573,11.0,0.0631,1.0017,0.0925,2.1879,0.0066,1.0385,0.0501,1.9219,0.0,0.0,0.0,-0.1426,25.0,24.0,37.0,36.0,12.0,0.0,0.0,0.0,64.0,27.6251,0.0,-0.0038,0.0,0.0
2297.0,1.7582,0.0948,1.0,0.0796,1.2012,1.8629,0.8629,2.2922,1.2922,21.9689,1.8788,21.571,1.8628,100.0,0.0,0.0,0.0,24.25,0.0,25.5,0.0,25.375,0.0,24.375,10.0,0.0,0.0079,53.3645,5.3364,2.0,4.482,1.2606,0.1214,1.3769,0.0469,1.3687,1.004e-05,1.0009,0.0003,1.7584,11.0,0.0657,1.0018,0.0979,2.2126,0.0062,1.0175,0.0648,2.0335,0.0,0.0,0.0,-0.1426,24.0,24.0,37.0,36.0,14.0,0.0,0.0,0.0,64.0,27.8159,0.0,-0.004,0.0,0.0
2298.0,1.7587,0.0948,1.0,0.0797,1.2015,1.8628,0.8628,2.2922,1.2922,22.1117,1.8845,21.5792,1.8632,100.0,0.0,0.0,0.0,24.25,0.0,25.375,0.0,25.375,0.0,24.25,10.0,0.0,0.0076,53.3636,5.3363,2.0,4.5075,1.2616,0.1187,1.3766,0.0496,1.369,1.004e-05,1.0009,0.0003,1.7579,11.0,0.0646,1.0017,0.0916,2.1836,0.0065,1.0376,0.0582,1.9864,0.0,0.0,0.0,-0.1423,24.0,24.0,37.0,36.0,13.0,0.0,0.0,0.0,64.0,27.986,0.0,-0.0035,0.0,0.0
2299.0,1.7573,0.0947,1.0,0.0797,1.2014,1.8636,0.8636,2.2922,1.2922,22.1062,1.8842,21.5669,1.8627,100.0,0.0,0.0,0.0,24.25,0.0,25.5,0.0,25.375,0.0,24.25,10.0,0.0,0.0077,53.3622,5.3362,2.0,4.6123,1.2656,0.2001,1.3855,0.0584,1.37,1.004e-05,1.0009,0.0003,1.7579,11.0,0.0657,1.0018,0.0815,2.1332,0.0066,1.0427,0.0558,1.9683,0.0,0.0,0.0,-0.1422,24.0,24.0,37.0,36.0,14.0,0.0,0.0,0.0,64.0,28.1617,0.0,-0.0028,0.0,0.0
2300.0,1.7566,0.0946,1.0,0.0797,1.2015,1.8635,0.8635,2.2922,1.2922,22.0114,1.8805,21.5605,1.8624,100.0,0.0,0.0,0.0,24.25,0.0,25.5,0.0,25.375,0.0,24.375,10.0,0.0,0.0082,53.3613,5.3361,2.0,4.6306,1.2663,0.163,1.3814,0.0478,1.3689,1.004e-05,1.0009,0.0003,1.7592,11.0,0.0668,1.0018,0.0759,2.1023,0.0065,1.0342,0.0604,2.0029,0.0,0.0,0.0,-0.1422,24.0,24.0,37.0,36.0,13.0,0.0,0.0,0.0,64.0,28.3497,0.0,-0.0034,0.0,0.0
2301.0,1.7567,0.0946,1.0,0.0795,1.2009,1.8634,0.8634,2.292,1.292,21.8938,1.8758,21.5582,1.8623,100.0,0.0,0.0,0.0,24.25,0.0,25.5,0.0,25.25,0.0,24.375,10.0,0.0,0.0075,53.3605,5.336,2.0,4.5411,1.2629,0.1106,1.3757,0.0574,1.3699,1.004e-05,1.001,0.0003,1.7584,11.0,0.0678,1.0018,0.0762,2.1037,0.0058,0.9887,0.0501,1.9214,0.0,0.0,0.0,-0.1423,25.0,24.0,37.0,36.0,14.0,0.0,0.0,0.0,64.0,28.5922,0.0,-0.0033,0.0,0.0
2302.0,1.7573,0.0947,1.0,0.0794,1.2007,1.863,0.863,2.2922,1.2922,21.9537,1.8781,21.5781,1.8631,100.0,0.0,0.0,0.0,24.25,0.0,25.375,0.0,25.25,0.0,24.375,10.0,0.0,0.0083,53.3593,5.3359,2.0,4.4717,1.2602,0.028,1.3667,0.0565,1.3698,1.004e-05,1.001,0.0003,1.7593,11.0,0.0678,1.0018,0.0617,2.0119,0.006,1.0027,0.0518,1.9364,0.0,0.0,0.0,-0.1421,25.0,24.0,37.0,36.0,14.0,0.0,0.0,0.0,64.0,28.7436,0.0,-0.0036,0.0,0.0
2303.0,1.7576,0.0947,1.0,0.0798,1.2016,1.8628,0.8628,2.2919,1.2919,22.1047,1.8842,21.5809,1.8632,100.0,0.0,0.0,0.0,24.25,0.0,25.375,0.0,25.25,0.0,24.25,10.0,0.0,0.0075,53.3582,5.3358,2.0,4.4848,1.2607,0.0919,1.3737,0.0485,1.3689,1.005e-05,1.001,0.0003,1.7586,11.0,0.067,1.0018,0.0694,2.0633,0.0065,1.0315,0.0484,1.907,0.0,0.0,0.0,-0.1425,25.0,24.0,37.0,37.0,12.0,0.0,0.0,0.0,64.0,28.9417,0.0,-0.0035,0.0,0.0
2304.0,1.7594,0.0949,1.0,0.0799,1.2019,1.8632,0.8632,2.2922,1.2922,22.1047,1.8842,21.5677,1.8627,100.0,0.0,0.0,0.0,24.25,0.0,25.375,0.0,25.375,0.0,24.25,10.0,0.0,0.0086,53.3574,5.3357,2.0,4.5237,1.2622,0.0946,1.374,0.0664,1.3709,1.004e-05,1.001,0.0003,1.7593,11.0,0.0672,1.0018,0.0719,2.0788,0.0065,1.0324,0.048,1.9029,0.0,0.0,0.0,-0.1425,25.0,24.0,37.0,37.0,13.0,0.0,0.0,0.0,64.0,29.1772,0.0,-0.0035,0.0,0.0
2305.0,1.7594,0.0949,1.0,0.0799,1.2019,1.8634,0.8634,2.2925,1.2925,22.0228,1.8809,21.5587,1.8623,100.0,0.0,0.0,0.0,24.25,0.0,25.375,0.0,25.375,0.0,24.375,10.0,0.0,0.0074,53.3565,5.3356,2.0,4.5181,1.262,0.1012,1.3747,0.0568,1.3698,1.004e-05,1.001,0.0003,1.7587,11.0,0.0683,1.0018,0.0728,2.0842,0.0068,1.0527,0.0424,1.8497,0.0,0.0,0.0,-0.1424,25.0,24.0,37.0,37.0,13.0,0.0,0.0,0.0,64.0,29.3284,0.0,-0.0037,0.0,0.0
2306.0,1.7566,0.0946,1.0,0.0796,1.2012,1.8634,0.8634,2.2921,1.2921,21.9171,1.8767,21.5543,1.8622,100.0,0.0,0.0,0.0,24.25,0.0,25.375,0.0,25.5,0.0,24.375,10.0,0.0,0.0082,53.3555,5.3356,2.0,4.5155,1.2619,0.0877,1.3732,0.0461,1.3687,1.004e-05,1.0008,0.0003,1.759,11.0,0.0613,1.0016,0.0562,1.9714,0.0058,0.9823,0.0513,1.9317,0.0,0.0,0.0,-0.1422,25.0,24.0,37.0,37.0,13.0,0.0,0.0,0.0,64.0,29.5017,0.0,-0.0036,0.0,0.0
2307.0,1.7571,0.0946,1.0,0.0796,1.2012,1.8635,0.8635,2.2921,1.2921,21.9094,1.8764,21.5726,1.8629,100.0,0.0,0.0,0.0,24.25,0.0,25.375,0.0,25.375,0.0,24.25,10.0,0.0,0.0085,53.355,5.3355,2.0,4.5529,1.2633,0.1657,1.3817,0.0646,1.3707,1.004e-05,1.0008,0.0003,1.7602,11.0,0.0598,1.0016,0.0573,1.9802,0.0068,1.0527,0.0601,2.0007,0.0,0.0,0.0,-0.1421,25.0,24.0,37.0,37.0,14.0,0.0,0.0,0.0,64.0,29.6848,0.0,-0.0033,0.0,0.0
2308.0,1.7573,0.0947,1.0,0.0795,1.2008,1.8629,0.8629,2.2918,1.2918,22.0779,1.8831,21.5831,1.8633,100.0,0.0,0.0,0.0,24.25,0.0,25.375,0.0,25.375,0.0,24.25,10.0,0.0,0.0079,53.3538,5.3353,2.0,4.6243,1.266,0.1506,1.3801,0.0544,1.3696,1.003e-05,1.0008,0.0003,1.7592,11.0,0.061,1.0016,0.0558,1.9683,0.0069,1.0632,0.0525,1.9418,0.0,0.0,0.0,-0.1427,25.0,24.0,37.0,36.0,13.0,0.0,0.0,0.0,64.0,29.9165,0.0,-0.0036,0.0,0.0
2309.0,1.7562,0.0945,1.0,0.0795,1.2009,1.8632,0.8632,2.2922,1.2922,22.1088,1.8844,21.5654,1.8626,100.0,0.0,0.0,0.0,24.25,0.0,25.375,0.0,25.375,0.0,24.375,10.0,0.0,0.0087,53.3526,5.3352,2.0,4.5789,1.2643,0.0971,1.3742,0.066,1.3708,1.003e-05,1.0007,0.0003,1.759,11.0,0.0577,1.0015,0.1263,2.3234,0.0069,1.0638,0.0542,1.956,0.0,0.0,0.0,-0.1426,25.0,24.0,37.0,36.0,15.0,0.0,0.0,0.0,64.0,30.075,0.0,-0.0035,0.0,0.0
2310.0,1.7562,0.0945,1.0,0.0793,1.2004,1.8631,0.8631,2.2924,1.2924,22.042,1.8817,21.5532,1.8621,100.0,0.0,0.0,0.0,24.25,0.0,25.375,0.0,25.375,0.0,24.25,10.0,0.0,0.0082,53.3518,5.3351,2.0,4.5191,1.262,0.0486,1.3689,0.0629,1.3705,1.003e-05,1.0008,0.0003,1.7592,11.0,0.0578,1.0015,0.1094,2.2609,0.0061,1.0036,0.0495,1.9167,0.0,0.0,0.0,-0.1425,25.0,24.0,37.0,36.0,14.0,0.0,0.0,0.0,64.0,30.2472,0.0,-0.0037,0.0,0.0
2311.0,1.7573,0.0947,1.0,0.0792,1.1999,1.863,0.863,2.2924,1.2924,21.9176,1.8767,21.5478,1.8619,100.0,0.0,0.0,0.0,24.25,0.0,25.5,0.0,25.375,0.0,24.375,10.0,0.0,0.0083,53.3507,5.335,2.0,4.407,1.2577,-0.0353,1.3598,0.0526,1.3694,1.003e-05,1.0008,0.0003,1.758,11.0,0.0594,1.0016,0.1189,2.2971,0.0059,0.9897,0.0459,1.8835,0.0,0.0,0.0,-0.1426,25.0,24.0,37.0,36.0,14.0,0.0,0.0,0.0,64.0,30.4358,0.0,-0.0034,0.0,0.0
2312.0,1.7553,0.0944,1.0,0.0793,1.2003,1.8628,0.8628,2.2921,1.2921,21.9151,1.8766,21.5682,1.8627,100.0,0.0,0.0,0.0,24.25,0.0,25.5,0.0,25.375,0.0,24.25,10.0,0.0,0.0073,53.349,5.3348,2.0,4.3976,1.2573,-0.0162,1.3619,0.0695,1.3712,1.003e-05,1.0007,0.0003,1.7595,11.0,0.0581,1.0015,0.0988,2.2164,0.0062,1.0115,0.0581,1.9857,0.0,0.0,0.0,-0.1427,25.0,24.0,37.0,36.0,14.0,0.0,0.0,0.0,64.0,30.6533,0.0,-0.0031,0.0,0.0
2313.0,1.7546,0.0943,1.0,0.0794,1.2006,1.8628,0.8628,2.2917,1.2917,22.0636,1.8825,21.5763,1.8631,100.0,0.0,0.0,0.0,24.375,0.0,25.75,0.0,25.5,0.0,24.375,10.0,0.0,0.008,53.348,5.3348,2.0,4.4184,1.2581,0.0148,1.3652,0.0616,1.3704,1.003e-05,1.0007,0.0003,1.7591,11.0,0.0581,1.0015,0.182,2.482,0.0066,1.0437,0.058,1.9851,0.0,0.0,0.0,-0.1424,25.0,24.0,37.0,36.0,14.0,0.0,0.0,0.0,64.0,30.821,0.0,-0.0033,0.0,0.0
2314.0,1.7541,0.0943,1.0,0.0794,1.2006,1.8626,0.8626,2.2925,1.2925,22.125,1.885,21.5608,1.8624,100.0,0.0,0.0,0.0,24.25,0.0,25.375,0.0,25.375,0.0,24.25,10.0,0.0,0.0082,53.3476,5.3347,2.0,4.4162,1.258,0.0088,1.3646,0.0567,1.3698,1.003e-05,1.0007,0.0003,1.7586,11.0,0.0591,1.0016,0.1471,2.3896,0.0062,1.0142,0.0572,1.9789,0.0,0.0,0.0,-0.1427,25.0,24.0,37.0,36.0,13.0,0.0,0.0,0.0,64.0,30.9794,0.0,-0.0037,0.0,0.0
2315.0,1.754,0.0943,1.0,0.0796,1.2011,1.8629,0.8629,2.2922,1.2922,22.0628,1.8825,21.552,1.8621,100.0,0.0,0.0,0.0,24.25,0.0,25.5,0.0,25.375,0.0,24.25,10.0,0.0,0.0076,53.3465,5.3346,2.0,4.5199,1.2621,0.1088,1.3755,0.0709,1.3714,1.003e-05,1.0007,0.0003,1.7595,11.0,0.0583,1.0016,0.1502,2.3987,0.0066,1.0409,0.0574,1.9805,0.0,0.0,0.0,-0.1427,25.0,24.0,37.0,36.0,14.0,0.0,0.0,0.0,64.0,31.1587,0.0,-0.0032,0.0,0.0
2316.0,1.7531,0.0941,1.0,0.0795,1.2008,1.8634,0.8634,2.2921,1.2921,21.938,1.8775,21.5567,1.8623,100.0,0.0,0.0,0.0,24.125,0.0,25.5,0.0,25.375,0.0,24.375,10.0,0.0,0.0077,53.3457,5.3345,2.0,4.5699,1.264,0.1328,1.3781,0.0602,1.3702,1.004e-05,1.001,0.0003,1.7592,11.0,0.0659,1.0018,0.1316,2.341,0.0054,0.9565,0.0601,2.0006,0.0,0.0,0.0,-0.1426,25.0,24.0,37.0,36.0,14.0,0.0,0.0,0.0,64.0,31.324,0.0,-0.0031,0.0,0.0
2317.0,1.7541,0.0943,1.0,0.0794,1.2006,1.8634,0.8634,2.2918,1.2918,21.8929,1.8757,21.5591,1.8624,100.0,0.0,0.0,0.0,24.25,0.0,25.375,0.0,25.5,0.0,24.375,10.0,0.0,0.0079,53.3447,5.3344,2.0,4.5181,1.262,0.0462,1.3687,0.0754,1.3719,1.004e-05,1.001,0.0003,1.7601,11.0,0.0654,1.0017,0.121,2.3048,0.0061,1.0048,0.0621,2.0152,0.0,0.0,0.0,-0.1426,25.0,24.0,37.0,36.0,13.0,0.0,0.0,0.0,64.0,31.493,0.0,-0.0036,0.0,0.0
2318.0,1.7541,0.0943,1.0,0.0795,1.2008,1.8624,0.8624,2.292,1.292,22.0186,1.8807,21.573,1.8629,100.0,0.0,0.0,0.0,24.375,0.0,25.375,0.0,25.5,0.0,24.375,10.0,0.0,0.008,53.3438,5.3343,2.0,4.4681,1.26,-0.0147,1.362,0.0695,1.3712,1.004e-05,1.0009,0.0003,1.7596,11.0,0.0655,1.0017,0.1957,2.5135,0.0054,0.9538,0.0575,1.9815,0.0,0.0,0.0,-0.1421,25.0,24.0,37.0,36.0,12.0,0.0,0.0,0.0,64.0,31.673,0.0,-0.0033,0.0,0.0
2319.0,1.7552,0.0944,1.0,0.0795,1.2008,1.8625,0.8625,2.2922,1.2922,22.1188,1.8848,21.5602,1.8624,100.0,0.0,0.0,0.0,24.25,0.0,25.5,0.0,25.375,0.0,24.375,10.0,0.0,0.0075,53.3429,5.3342,2.0,4.3406,1.255,-0.075,1.3555,0.0604,1.3702,1.004e-05,1.001,0.0003,1.7594,11.0,0.0654,1.0017,0.1564,2.4161,0.0055,0.9589,0.065,2.0349,0.0,0.0,0.0,-0.1423,25.0,24.0,37.0,36.0,15.0,0.0,0.0,0.0,64.0,31.8501,0.0,-0.0034,0.0,0.0
2320.0,1.7552,0.0944,1.0,0.0796,1.2011,1.863,0.863,2.2926,1.2926,22.0414,1.8817,21.5423,1.8617,100.0,0.0,0.0,0.0,24.25,0.0,25.375,0.0,25.25,0.0,24.375,10.0,0.0,0.0081,53.3417,5.3341,2.0,4.3367,1.2549,-0.0594,1.3572,0.0761,1.3719,1.004e-05,1.0009,0.0003,1.7594,11.0,0.0669,1.0018,0.1977,2.5179,0.0061,1.0107,0.0594,1.9959,0.0,0.0,0.0,-0.1424,25.0,24.0,37.0,36.0,14.0,0.0,0.0,0.0,64.0,32.0672,0.0,-0.0032,0.0,0.0
2321.0,1.7552,0.0944,1.0,0.0796,1.201,1.8627,0.8627,2.2924,1.2924,21.9402,1.8776,21.5388,1.8616,100.0,0.0,0.0,0.0,24.25,0.0,25.375,0.0,25.375,0.0,24.25,10.0,0.0,0.0081,53.3405,5.334,2.0,4.4144,1.2579,0.0016,1.3638,0.0655,1.3708,1.004e-05,1.0009,0.0003,1.7597,11.0,0.0661,1.0018,0.1515,2.4022,0.006,1.0019,0.0661,2.0418,0.0,0.0,0.0,-0.1427,25.0,24.0,37.0,36.0,14.0,0.0,0.0,0.0,64.0,32.209,0.0,-0.0033,0.0,0.0
2322.0,1.7541,0.0943,1.0,0.0796,1.2012,1.8633,0.8633,2.2923,1.2923,21.8803,1.8752,21.5542,1.8622,100.0,0.0,0.0,0.0,24.25,0.0,25.375,0.0,25.5,0.0,24.375,10.0,0.0,0.0079,53.3397,5.3339,2.0,4.4175,1.2581,0.0019,1.3638,0.0756,1.3719,1.004e-05,1.0009,0.0003,1.761,11.0,0.0656,1.0018,0.1747,2.4641,0.0062,1.0147,0.0632,2.0227,0.0,0.0,0.0,-0.1427,25.0,24.0,37.0,36.0,14.0,0.0,0.0,0.0,64.0,32.3833,0.0,-0.0037,0.0,0.0
2323.0,1.7522,0.094,1.0,0.0797,1.2013,1.8629,0.8629,2.2918,1.2918,22.0019,1.8801,21.5802,1.8632,100.0,0.0,0.0,0.0,24.25,0.0,25.5,0.0,25.375,0.0,24.25,10.0,0.0,0.0078,53.339,5.3338,2.0,4.4185,1.2581,0.0312,1.367,0.0744,1.3718,1.004e-05,1.0009,0.0003,1.76,11.0,0.0678,1.0018,0.2277,2.5793,0.0063,1.0195,0.0639,2.027,0.0,0.0,0.0,-0.1425,25.0,24.0,37.0,36.0,14.0,0.0,0.0,0.0,64.0,32.5657,0.0,-0.0033,0.0,0.0
2324.0,1.751,0.0939,1.0,0.0794,1.2007,1.8628,0.8628,2.292,1.292,22.1134,1.8845,21.5659,1.8626,100.0,0.0,0.0,0.0,24.25,0.0,25.5,0.0,25.375,0.0,24.125,10.0,0.0,0.008,53.3379,5.3337,2.0,4.4887,1.2608,0.0621,1.3704,0.0649,1.3707,1.004e-05,1.0009,0.0003,1.7602,11.0,0.0668,1.0018,0.1984,2.5194,0.005,0.92,0.0577,1.9831,0.0,0.0,0.0,-0.1425,25.0,24.0,37.0,37.0,13.0,0.0,0.0,0.0,64.0,32.7274,0.0,-0.0036,0.0,0.0
2325.0,1.7509,0.0939,1.0,0.0795,1.201,1.8633,0.8633,2.2922,1.2922,22.0852,1.8834,21.5615,1.8625,100.0,0.0,0.0,0.0,24.25,0.0,25.375,0.0,25.375,0.0,24.375,10.0,0.0,0.0079,53.3373,5.3337,2.0,4.5914,1.2648,0.1781,1.3831,0.0827,1.3727,1.004e-05,1.0009,0.0003,1.7591,11.0,0.0653,1.0017,0.1848,2.4885,0.006,1.001,0.06,2.0001,0.0,0.0,0.0,-0.1423,25.0,24.0,37.0,37.0,16.0,0.0,0.0,0.0,64.0,32.8967,0.0,-0.0037,0.0,0.0
2326.0,1.7509,0.0939,1.0,0.0796,1.2012,1.8634,0.8634,2.2921,1.2921,21.9774,1.8791,21.5598,1.8624,100.0,0.0,0.0,0.0,24.25,0.0,25.5,0.0,25.375,0.0,24.375,10.0,0.0,0.0082,53.3364,5.3336,2.0,4.6167,1.2657,0.153,1.3803,0.0717,1.3715,1.004e-05,1.0009,0.0003,1.7602,11.0,0.0657,1.0018,0.193,2.5074,0.0067,1.0494,0.0718,2.078,0.0,0.0,0.0,-0.1426,25.0,24.0,37.0,37.0,13.0,0.0,0.0,0.0,64.0,33.0796,0.0,-0.0036,0.0,0.0
2327.0,1.7512,0.0939,1.0,0.0798,1.2017,1.8634,0.8634,2.292,1.292,21.8788,1.8752,21.5598,1.8624,100.0,0.0,0.0,0.0,24.25,0.0,25.5,0.0,25.375,0.0,24.25,10.0,0.0,0.0074,53.3356,5.3335,2.0,4.5724,1.2641,0.0999,1.3745,0.0764,1.372,1.004e-05,1.0009,0.0003,1.7591,11.0,0.0658,1.0018,0.1738,2.462,0.0062,1.0152,0.0557,1.9678,0.0,0.0,0.0,-0.1427,25.0,24.0,37.0,37.0,15.0,0.0,0.0,0.0,64.0,33.2499,0.0,-0.0038,0.0,0.0
2328.0,1.7549,0.0944,1.0,0.0797,1.2014,1.8629,0.8629,2.2918,1.2918,22.0095,1.8804,21.5803,1.8632,100.0,0.0,0.0,0.0,24.25,0.0,25.5,0.0,25.25,0.0,24.375,10.0,0.0,0.0074,53.3344,5.3334,2.0,4.5376,1.2627,0.0439,1.3684,0.0771,1.372,1.004e-05,1.001,0.0003,1.7594,11.0,0.0657,1.0018,0.155,2.4121,0.0059,0.9911,0.0542,1.9561,0.0,0.0,0.0,-0.1428,25.0,24.0,37.0,36.0,15.0,0.0,0.0,0.0,64.0,33.4525,0.0,-0.0034,0.0,0.0
2329.0,1.7555,0.0944,1.0,0.0795,1.2009,1.8628,0.8628,2.2924,1.2924,22.1223,1.8849,21.5675,1.8627,100.0,0.0,0.0,0.0,24.375,0.0,25.375,0.0,25.375,0.0,24.375,10.0,0.0,0.0077,53.3336,5.3333,2.0,4.5441,1.263,0.102,1.3748,0.0685,1.3711,1.004e-05,1.001,0.0003,1.7593,11.0,0.0688,1.0018,0.1743,2.4631,0.0057,0.9778,0.0585,1.9891,0.0,0.0,0.0,-0.1429,25.0,24.0,37.0,36.0,15.0,0.0,0.0,0.0,64.0,33.6059,0.0,-0.0034,0.0,0.0
2330.0,1.7573,0.0947,1.0,0.0797,1.2015,1.8634,0.8634,2.2926,1.2926,22.0961,1.8838,21.556,1.8622,100.0,0.0,0.0,0.0,24.375,0.0,25.5,0.0,25.375,0.0,24.375,10.0,0.0,0.0078,53.3326,5.3332,2.0,4.5926,1.2648,0.1435,1.3793,0.087,1.3731,1.004e-05,1.001,0.0003,1.7601,11.0,0.0685,1.0018,0.152,2.4037,0.0061,1.0084,0.0594,1.9959,0.0,0.0,0.0,-0.1425,25.0,24.0,37.0,36.0,14.0,0.0,0.0,0.0,64.0,33.788,0.0,-0.0036,0.0,0.0
2331.0,1.7603,0.095,1.0,0.0797,1.2014,1.8634,0.8634,2.2923,1.2923,21.9958,1.8798,21.5601,1.8624,100.0,0.0,0.0,0.0,24.25,0.0,25.375,0.0,25.5,0.0,24.25,10.0,0.0,0.0074,53.3317,5.3332,2.0,4.5744,1.2641,0.0605,1.3702,0.0762,1.3719,1.004e-05,1.001,0.0003,1.7594,11.0,0.0676,1.0018,0.1896,2.4997,0.0057,0.9804,0.056,1.9701,0.0,0.0,0.0,-0.1422,25.0,24.0,37.0,36.0,12.0,0.0,0.0,0.0,64.0,33.9778,0.0,-0.0035,0.0,0.0
2332.0,1.7624,0.0953,1.0,0.0797,1.2016,1.8634,0.8634,2.292,1.292,21.8885,1.8755,21.5587,1.8623,100.0,0.0,0.0,0.0,24.25,0.0,25.5,0.0,25.5,0.0,24.25,10.0,0.0,0.0077,53.3307,5.333,2.0,4.5347,1.2626,0.1262,1.3774,0.0891,1.3734,1.004e-05,1.001,0.0003,1.7597,11.0,0.0664,1.0018,0.179,2.4746,0.0055,0.9584,0.061,2.0071,0.0,0.0,0.0,-0.1424,25.0,24.0,37.0,36.0,13.0,0.0,0.0,0.0,64.0,34.1747,0.0,-0.0035,0.0,0.0
2333.0,1.7625,0.0953,1.0,0.0799,1.2019,1.8631,0.8631,2.2918,1.2918,21.9402,1.8776,21.5765,1.8631,100.0,0.0,0.0,0.0,24.25,0.0,25.375,0.0,25.375,0.0,24.375,10.0,0.0,0.0083,53.3299,5.3329,2.0,4.6412,1.2667,0.1455,1.3795,0.0837,1.3728,1.004e-05,1.001,0.0003,1.7612,11.0,0.0689,1.0018,0.2152,2.5546,0.0058,0.982,0.0677,2.0522,0.0,0.0,0.0,-0.1427,25.0,24.0,37.0,36.0,15.0,0.0,0.0,0.0,64.0,34.3867,0.0,-0.0038,0.0,0.0
2334.0,1.7635,0.0954,1.0,0.0798,1.2017,1.8628,0.8628,2.2919,1.2919,22.1074,1.8843,21.5794,1.8632,100.0,0.0,0.0,0.0,24.25,0.0,25.5,0.0,25.25,0.0,24.25,10.0,0.0,0.0079,53.3291,5.3329,2.0,4.7487,1.2706,0.1946,1.3849,0.0748,1.3718,1.004e-05,1.001,0.0003,1.7602,11.0,0.068,1.0018,0.1779,2.472,0.0059,0.995,0.0642,2.0297,0.0,0.0,0.0,-0.1425,25.0,24.0,37.0,36.0,13.0,0.0,0.0,0.0,64.0,34.5572,0.0,-0.0033,0.0,0.0
2335.0,1.764,0.0955,1.0,0.08,1.2022,1.8632,0.8632,2.2922,1.2922,22.1116,1.8845,21.5669,1.8627,100.0,0.0,0.0,0.0,24.25,0.0,25.5,0.0,25.375,0.0,24.375,10.0,0.0,0.0076,53.3283,5.3328,2.0,4.6714,1.2678,0.1436,1.3793,0.0908,1.3735,1.004e-05,1.001,0.0003,1.7609,11.0,0.0686,1.0018,0.1567,2.4169,0.0064,1.025,0.0689,2.0599,0.0,0.0,0.0,-0.1426,25.0,24.0,37.0,36.0,14.0,0.0,0.0,0.0,64.0,34.7201,0.0,-0.0033,0.0,0.0
2336.0,1.7635,0.0954,1.0,0.0799,1.2019,1.8635,0.8635,2.2922,1.2922,22.0152,1.8806,21.559,1.8624,100.0,0.0,0.0,0.0,24.25,0.0,25.375,0.0,25.5,0.0,24.375,10.0,0.0,0.0069,53.327,5.3327,2.0,4.538,1.2627,0.0215,1.366,0.078,1.3721,1.004e-05,1.001,0.0003,1.7605,11.0,0.0693,1.0018,0.1585,2.422,0.0054,0.9537,0.0712,2.0746,0.0,0.0,0.0,-0.1421,25.0,24.0,37.0,36.0,14.0,0.0,0.0,0.0,64.0,34.9094,0.0,-0.0035,0.0,0.0
2337.0,1.7626,0.0953,1.0,0.0794,1.2006,1.8634,0.8634,2.2919,1.2919,21.9165,1.8767,21.5559,1.8622,100.0,0.0,0.0,0.0,24.25,0.0,25.375,0.0,25.375,0.0,24.25,10.0,0.0,0.0079,53.3263,5.3326,2.0,4.5576,1.2635,0.07,1.3713,0.0963,1.3741,1.004e-05,1.0009,0.0003,1.7605,11.0,0.0674,1.0018,0.1506,2.3995,0.0062,1.0167,0.0658,2.0402,0.0,0.0,0.0,-0.1425,25.0,24.0,37.0,36.0,14.0,0.0,0.0,0.0,64.0,35.0582,0.0,-0.0037,0.0,0.0
2338.0,1.7604,0.0951,1.0,0.0795,1.2009,1.8629,0.8629,2.2918,1.2918,21.9296,1.8772,21.5679,1.8627,100.0,0.0,0.0,0.0,24.25,0.0,25.375,0.0,25.375,0.0,24.25,10.0,0.0,0.0084,53.3251,5.3325,2.0,4.5768,1.2642,0.0634,1.3705,0.0846,1.3729,1.004e-05,1.0009,0.0003,1.7605,11.0,0.0652,1.0017,0.1398,2.3674,0.0057,0.9749,0.0774,2.1108,0.0,0.0,0.0,-0.1427,25.0,24.0,37.0,36.0,15.0,0.0,0.0,0.0,64.0,35.2556,0.0,-0.0036,0.0,0.0
2339.0,1.7594,0.0949,1.0,0.0798,1.2016,1.8624,0.8624,2.2922,1.2922,22.098,1.8839,21.5727,1.8629,100.0,0.0,0.0,0.0,24.25,0.0,25.375,0.0,25.375,0.0,24.25,10.0,0.0,0.0079,53.3243,5.3324,2.0,4.5287,1.2624,0.0305,1.367,0.1005,1.3746,1.004e-05,1.0009,0.0003,1.7605,11.0,0.0661,1.0018,0.1644,2.4377,0.0062,1.0112,0.0788,2.1183,0.0,0.0,0.0,-0.1423,25.0,24.0,37.0,36.0,15.0,0.0,0.0,0.0,64.0,35.4558,0.0,-0.0037,0.0,0.0
2340.0,1.7594,0.0949,1.0,0.0798,1.2016,1.8631,0.8631,2.2923,1.2923,22.1096,1.8844,21.565,1.8626,100.0,0.0,0.0,0.0,24.25,0.0,25.375,0.0,25.375,0.0,24.375,10.0,0.0,0.0079,53.3236,5.3323,2.0,4.5028,1.2614,0.0379,1.3678,0.0897,1.3734,1.005e-05,1.0011,0.0003,1.7606,11.0,0.0701,1.0019,0.1404,2.3692,0.0064,1.0266,0.0704,2.0692,0.0,0.0,0.0,-0.1425,25.0,24.0,37.0,36.0,13.0,0.0,0.0,0.0,64.0,35.6325,0.0,-0.0036,0.0,0.0
2341.0,1.7594,0.0949,1.0,0.0801,1.2025,1.8638,0.8638,2.2919,1.2919,22.0071,1.8803,21.5696,1.8628,100.0,0.0,0.0,0.0,24.5,0.0,25.5,0.0,25.375,0.0,24.375,10.0,0.0,0.008,53.3227,5.3322,2.0,4.59,1.2647,0.1066,1.3753,0.1014,1.3747,1.004e-05,1.001,0.0003,1.7615,11.0,0.07,1.0019,0.1293,2.3334,0.006,1.0006,0.0639,2.0274,0.0,0.0,0.0,-0.1427,25.0,24.0,37.0,36.0,14.0,0.0,0.0,0.0,64.0,35.8345,0.0,-0.0035,0.0,0.0
2342.0,1.7604,0.095,1.0,0.0797,1.2015,1.8638,0.8638,2.2919,1.2919,21.8993,1.876,21.5573,1.8623,100.0,0.0,0.0,0.0,24.25,0.0,25.375,0.0,25.375,0.0,24.25,10.0,0.0,0.0078,53.3215,5.3321,2.0,4.6073,1.2654,0.0709,1.3714,0.0952,1.374,1.004e-05,1.001,0.0003,1.7611,11.0,0.0681,1.0018,0.1222,2.3089,0.0063,1.0216,0.0595,1.9966,0.0,0.0,0.0,-0.1421,25.0,24.0,37.0,36.0,16.0,0.0,0.0,0.0,64.0,36.0628,0.0,-0.0037,0.0,0.0
2343.0,1.7595,0.0949,1.0,0.0797,1.2014,1.8628,0.8628,2.2918,1.2918,21.9162,1.8766,21.5656,1.8626,100.0,0.0,0.0,0.0,24.25,0.0,25.375,0.0,25.375,0.0,24.25,10.0,0.0,0.0072,53.3207,5.332,2.0,4.568,1.2639,0.0641,1.3706,0.0949,1.374,1.004e-05,1.0009,0.0003,1.7609,11.0,0.0679,1.0018,0.109,2.2594,0.0051,0.9257,0.0657,2.0394,0.0,0.0,0.0,-0.1424,25.0,24.0,37.0,36.0,13.0,0.0,0.0,0.0,64.0,36.2232,0.0,-0.0033,0.0,0.0
2344.0,1.7594,0.0949,1.0,0.0796,1.2011,1.8624,0.8624,2.2922,1.2922,22.0783,1.8831,21.5744,1.863,100.0,0.0,0.0,0.0,24.25,0.0,25.375,0.0,25.375,0.0,24.25,10.0,0.0,0.0077,53.3198,5.3319,2.0,4.6155,1.2657,0.1408,1.379,0.1006,1.3746,1.004e-05,1.001,0.0003,1.762,11.0,0.0643,1.0017,0.1176,2.2922,0.0064,1.0266,0.0717,2.0776,0.0,0.0,0.0,-0.1423,25.0,24.0,37.0,36.0,14.0,0.0,0.0,0.0,64.0,36.4457,0.0,-0.0036,0.0,0.0
2345.0,1.7597,0.095,1.0,0.0796,1.2012,1.8627,0.8627,2.2923,1.2923,22.1196,1.8848,21.5606,1.8624,100.0,0.0,0.0,0.0,24.25,0.0,25.375,0.0,25.375,0.0,24.25,10.0,0.0,0.0077,53.3193,5.3319,2.0,4.6411,1.2666,0.087,1.3731,0.0909,1.3735,1.004e-05,1.0009,0.0003,1.7616,11.0,0.0646,1.0017,0.1179,2.2933,0.0054,0.9563,0.0729,2.0846,0.0,0.0,0.0,-0.1425,25.0,24.0,37.0,36.0,13.0,0.0,0.0,0.0,64.0,36.5952,0.0,-0.0032,0.0,0.0
2346.0,1.7601,0.095,1.0,0.0795,1.2009,1.863,0.863,2.2925,1.2925,22.0499,1.882,21.5509,1.862,100.0,0.0,0.0,0.0,24.25,0.0,25.5,0.0,25.25,0.0,24.25,10.0,0.0,0.0078,53.3181,5.3318,2.0,4.612,1.2656,0.0674,1.371,0.1069,1.3753,1.004e-05,1.0008,0.0003,1.7627,11.0,0.0623,1.0017,0.1032,2.2357,0.0061,1.0063,0.0707,2.0713,0.0,0.0,0.0,-0.1424,25.0,24.0,37.0,36.0,14.0,0.0,0.0,0.0,64.0,35.4149,0.0,-0.0034,0.0,0.0
2347.0,1.7615,0.0952,1.0,0.0795,1.2009,1.8631,0.8631,2.2925,1.2925,21.9351,1.8774,21.5481,1.8619,100.0,0.0,0.0,0.0,24.375,0.0,25.5,0.0,25.375,0.0,24.375,10.0,0.0,0.0071,53.3173,5.3317,2.0,4.6784,1.268,0.1654,1.3817,0.0941,1.3739,1.003e-05,1.0007,0.0003,1.7621,11.0,0.0588,1.0016,0.1047,2.2418,0.0063,1.0216,0.0627,2.0188,0.0,0.0,0.0,-0.1425,25.0,24.0,37.0,36.0,14.0,0.0,0.0,0.0,64.0,36.9787,0.0,-0.0033,0.0,0.0
2348.0,1.7594,0.0949,1.0,0.0795,1.2009,1.8629,0.8629,2.292,1.292,21.8882,1.8755,21.5593,1.8624,100.0,0.0,0.0,0.0,24.25,0.0,25.5,0.0,25.375,0.0,24.375,10.0,0.0,0.0076,53.3165,5.3316,2.0,4.6749,1.2679,0.1316,1.378,0.111,1.3757,1.003e-05,1.0007,0.0003,1.7634,11.0,0.0595,1.0016,0.0952,2.2003,0.0058,0.9864,0.0616,2.0115,0.0,0.0,0.0,-0.1425,25.0,24.0,37.0,36.0,15.0,0.0,0.0,0.0,64.0,37.1704,0.0,-0.0037,0.0,0.0
2349.0,1.7574,0.0947,1.0,0.0796,1.201,1.8628,0.8628,2.2918,1.2918,22.0519,1.8821,21.5859,1.8634,100.0,0.0,0.0,0.0,24.25,0.0,25.5,0.0,25.25,0.0,24.25,10.0,0.0,0.0081,53.3157,5.3316,2.0,4.6008,1.2651,0.0431,1.3683,0.1005,1.3746,1.004e-05,1.0009,0.0003,1.7626,11.0,0.066,1.0018,0.0824,2.1378,0.0063,1.0244,0.0646,2.0323,0.0,0.0,0.0,-0.1422,25.0,24.0,37.0,37.0,14.0,0.0,0.0,0.0,64.0,37.3764,0.0,-0.0035,0.0,0.0
2350.0,1.7556,0.0945,1.0,0.0796,1.201,1.8631,0.8631,2.2923,1.2923,22.1287,1.8851,21.5686,1.8627,100.0,0.0,0.0,0.0,24.25,0.0,25.5,0.0,25.375,0.0,24.25,10.0,0.0,0.0078,53.3146,5.3314,2.0,4.6523,1.2671,0.1424,1.3792,0.1136,1.376,1.004e-05,1.0009,0.0003,1.7623,11.0,0.0615,1.0016,0.0762,2.1037,0.0059,0.9931,0.0603,2.002,0.0,0.0,0.0,-0.1424,25.0,24.0,37.0,37.0,14.0,0.0,0.0,0.0,64.0,36.3203,0.0,-0.0033,0.0,0.0
2351.0,1.7541,0.0943,1.0,0.0798,1.2016,1.863,0.863,2.2923,1.2923,22.0581,1.8823,21.5534,1.8621,100.0,0.0,0.0,0.0,24.375,0.0,25.375,0.0,25.375,0.0,24.375,10.0,0.0,0.0079,53.314,5.3314,2.0,4.7194,1.2696,0.1633,1.3815,0.1032,1.3749,1.003e-05,1.0008,0.0003,1.7624,11.0,0.0596,1.0016,0.0698,2.0658,0.0063,1.0213,0.0579,1.9844,0.0,0.0,0.0,-0.1425,25.0,24.0,37.0,37.0,13.0,0.0,0.0,0.0,64.0,37.738,0.0,-0.0032,0.0,0.0
2352.0,1.7541,0.0943,1.0,0.0793,1.2004,1.8631,0.8631,2.2925,1.2925,21.9468,1.8779,21.5494,1.862,100.0,0.0,0.0,0.0,24.25,0.0,25.5,0.0,25.375,0.0,24.25,10.0,0.0,0.008,53.3129,5.3312,2.0,4.8284,1.2735,0.2958,1.3959,0.1159,1.3763,1.003e-05,1.0008,0.0003,1.7634,11.0,0.0595,1.0016,0.0707,2.0713,0.0061,1.007,0.045,1.8749,0.0,0.0,0.0,-0.1427,25.0,24.0,37.0,37.0,15.0,0.0,0.0,0.0,64.0,37.9238,0.0,-0.0035,0.0,0.0
2353.0,1.7541,0.0943,1.0,0.0795,1.201,1.863,0.863,2.2922,1.2922,21.8853,1.8754,21.5555,1.8622,100.0,0.0,0.0,0.0,24.25,0.0,25.5,0.0,25.25,0.0,24.375,10.0,0.0,0.0082,53.3122,5.3312,2.0,4.8894,1.2757,0.2763,1.3938,0.1082,1.3754,1.003e-05,1.0008,0.0003,1.7626,11.0,0.0623,1.0017,0.0706,2.0706,0.0063,1.0181,0.0488,1.9102,0.0,0.0,0.0,-0.1426,25.0,24.0,37.0,36.0,13.0,0.0,0.0,0.0,64.0,38.1159,0.0,-0.0033,0.0,0.0
2354.0,1.755,0.0944,1.0,0.0796,1.2013,1.8625,0.8625,2.2922,1.2922,22.0349,1.8814,21.5742,1.863,100.0,0.0,0.0,0.0,24.375,0.0,25.5,0.0,25.375,0.0,24.25,10.0,0.0,0.0076,53.3113,5.331,2.0,4.9458,1.2777,0.3723,1.4042,0.1132,1.376,1.004e-05,1.0008,0.0003,1.7628,11.0,0.0623,1.0017,0.147,2.3893,0.0059,0.9937,0.0494,1.9159,0.0,0.0,0.0,-0.1425,25.0,24.0,37.0,36.0,12.0,0.0,0.0,0.0,64.0,38.3055,0.0,-0.0033,0.0,0.0
2355.0,1.754,0.0943,1.0,0.0798,1.2017,1.8624,0.8624,2.2925,1.2925,22.1261,1.885,21.5642,1.8626,100.0,0.0,0.0,0.0,24.25,0.0,25.5,0.0,25.375,0.0,24.25,10.0,0.0,0.0072,53.3106,5.331,2.0,5.1446,1.2845,0.474,1.4153,0.1134,1.376,1.004e-05,1.0009,0.0003,1.7637,11.0,0.0645,1.0017,0.12,2.3009,0.0064,1.0299,0.0455,1.8796,0.0,0.0,0.0,-0.1427,25.0,24.0,37.0,36.0,14.0,0.0,0.0,0.0,64.0,38.4888,0.0,-0.0032,0.0,0.0
2356.0,1.7541,0.0943,1.0,0.0796,1.2012,1.8632,0.8632,2.2926,1.2926,22.0801,1.8832,21.5522,1.8621,100.0,0.0,0.0,0.0,24.25,0.0,25.5,0.0,25.25,0.0,24.375,10.0,0.0,0.0076,53.3099,5.3309,2.0,5.0651,1.2818,0.3404,1.4008,0.1128,1.3759,1.004e-05,1.001,0.0003,1.7628,11.0,0.0679,1.0018,0.1089,2.2588,0.0062,1.016,0.0485,1.9074,0.0,0.0,0.0,-0.1424,25.0,24.0,37.0,36.0,14.0,0.0,0.0,0.0,64.0,38.6502,0.0,-0.0032,0.0,0.0
2357.0,1.7549,0.0944,1.0,0.0798,1.2018,1.8634,0.8634,2.2923,1.2923,21.9692,1.8788,21.5591,1.8624,100.0,0.0,0.0,0.0,24.25,0.0,25.5,0.0,25.375,0.0,24.375,10.0,0.0,0.0077,53.3087,5.3308,2.0,5.0611,1.2817,0.3555,1.4024,0.1182,1.3765,1.004e-05,1.001,0.0003,1.7639,11.0,0.0678,1.0018,0.1165,2.2882,0.0066,1.0401,0.0622,2.0158,0.0,0.0,0.0,-0.1423,25.0,24.0,37.0,36.0,14.0,0.0,0.0,0.0,64.0,38.8401,0.0,-0.0034,0.0,0.0
2358.0,1.7551,0.0944,1.0,0.0799,1.2019,1.8634,0.8634,2.2919,1.2919,21.881,1.8752,21.5626,1.8625,100.0,0.0,0.0,0.0,24.25,0.0,25.5,0.0,25.375,0.0,24.375,10.0,0.0,0.0076,53.3083,5.3308,2.0,5.0457,1.2812,0.3284,1.3995,0.1124,1.3759,1.004e-05,1.001,0.0003,1.7626,11.0,0.0678,1.0018,0.1183,2.2948,0.0067,1.0467,0.0651,2.0352,0.0,0.0,0.0,-0.1419,25.0,24.0,37.0,36.0,14.0,0.0,0.0,0.0,64.0,39.0095,0.0,-0.0033,0.0,0.0
2359.0,1.7551,0.0944,1.0,0.0795,1.201,1.8629,0.8629,2.2918,1.2918,21.9979,1.8799,21.5817,1.8633,100.0,0.0,0.0,0.0,24.25,0.0,25.625,0.0,25.375,0.0,24.25,10.0,0.0,0.0073,53.3071,5.3306,2.0,5.0303,1.2806,0.3065,1.3971,0.1207,1.3768,1.004e-05,1.001,0.0003,1.7633,11.0,0.0671,1.0018,0.0914,2.183,0.0067,1.0508,0.066,2.0417,0.0,0.0,0.0,-0.1422,25.0,24.0,37.0,36.0,14.0,0.0,0.0,0.0,64.0,39.194,0.0,-0.0032,0.0,0.0
2360.0,1.7562,0.0945,1.0,0.0796,1.2013,1.8628,0.8628,2.292,1.292,22.1178,1.8847,21.575,1.863,100.0,0.0,0.0,0.0,24.25,0.0,25.5,0.0,25.375,0.0,24.25,10.0,0.0,0.0077,53.306,5.3306,2.0,5.0701,1.282,0.3046,1.3969,0.1154,1.3762,1.004e-05,1.001,0.0003,1.7627,11.0,0.0655,1.0017,0.1052,2.244,0.006,0.9987,0.0748,2.0958,0.0,0.0,0.0,-0.1423,25.0,24.0,37.0,36.0,14.0,0.0,0.0,0.0,64.0,39.3834,0.0,-0.0035,0.0,0.0
2361.0,1.7559,0.0945,1.0,0.0799,1.2019,1.8634,0.8634,2.2922,1.2922,22.0851,1.8834,21.5639,1.8626,100.0,0.0,0.0,0.0,24.25,0.0,25.375,0.0,25.375,0.0,24.25,10.0,0.0,0.0077,53.3054,5.3305,2.0,5.0462,1.2812,0.2864,1.3949,0.1243,1.3772,1.004e-05,1.001,0.0003,1.7627,11.0,0.0696,1.0019,0.093,2.1905,0.0066,1.0434,0.0746,2.0948,0.0,0.0,0.0,-0.1423,25.0,24.0,37.0,37.0,13.0,0.0,0.0,0.0,64.0,39.5445,0.0,-0.0033,0.0,0.0
2362.0,1.7559,0.0945,1.0,0.0798,1.2018,1.8634,0.8634,2.2925,1.2925,21.9809,1.8792,21.5569,1.8623,100.0,0.0,0.0,0.0,24.375,0.0,25.5,0.0,25.375,0.0,24.375,10.0,0.0,0.0075,53.3044,5.3304,2.0,5.0266,1.2805,0.2625,1.3923,0.1275,1.3775,1.004e-05,1.001,0.0003,1.7642,11.0,0.0696,1.0019,0.0882,2.1673,0.0053,0.9474,0.07,2.0668,0.0,0.0,0.0,-0.1421,25.0,24.0,37.0,37.0,14.0,0.0,0.0,0.0,64.0,39.7235,0.0,-0.0036,0.0,0.0
2363.0,1.7551,0.0944,1.0,0.0794,1.2007,1.863,0.863,2.2923,1.2923,21.8813,1.8753,21.549,1.862,100.0,0.0,0.0,0.0,24.375,0.0,25.5,0.0,25.375,0.0,24.375,10.0,0.0,0.0081,53.3035,5.3303,2.0,5.1098,1.2834,0.2981,1.3962,0.1266,1.3774,1.004e-05,1.001,0.0003,1.7645,11.0,0.066,1.0018,0.0741,2.0916,0.006,1.0001,0.0749,2.0963,0.0,0.0,0.0,-0.1423,25.0,24.0,37.0,37.0,14.0,0.0,0.0,0.0,64.0,39.8888,0.0,-0.0035,0.0,0.0
2364.0,1.7553,0.0944,1.0,0.0795,1.2008,1.863,0.863,2.2922,1.2922,21.9596,1.8784,21.5782,1.8631,100.0,0.0,0.0,0.0,24.25,0.0,25.375,0.0,25.375,0.0,24.25,10.0,0.0,0.0078,53.3027,5.3303,2.0,4.9882,1.2792,0.1971,1.3851,0.131,1.3779,1.004e-05,1.001,0.0003,1.764,11.0,0.0666,1.0018,0.0914,2.1829,0.0065,1.0329,0.0725,2.0819,0.0,0.0,0.0,-0.1423,25.0,24.0,37.0,37.0,15.0,0.0,0.0,0.0,64.0,40.0512,0.0,-0.0034,0.0,0.0
2365.0,1.7561,0.0945,1.0,0.0796,1.2012,1.8628,0.8628,2.2919,1.2919,22.1176,1.8847,21.5776,1.8631,100.0,0.0,0.0,0.0,24.375,0.0,25.5,0.0,25.375,0.0,24.25,10.0,0.0,0.0082,53.3021,5.3302,2.0,4.9668,1.2784,0.1657,1.3817,0.1291,1.3777,1.004e-05,1.0009,0.0003,1.7652,11.0,0.0632,1.0017,0.0751,2.0973,0.0056,0.968,0.0949,2.1993,0.0,0.0,0.0,-0.1424,25.0,24.0,37.0,36.0,14.0,0.0,0.0,0.0,64.0,40.232,0.0,-0.0034,0.0,0.0
2366.0,1.7551,0.0944,1.0,0.0796,1.2012,1.8633,0.8633,2.2922,1.2922,22.1018,1.8841,21.5653,1.8626,100.0,0.0,0.0,0.0,24.25,0.0,25.5,0.0,25.375,0.0,24.25,10.0,0.0,0.0082,53.3011,5.33,2.0,4.8985,1.276,0.1332,1.3782,0.1269,1.3775,1.004e-05,1.0009,0.0003,1.7637,11.0,0.0627,1.0017,0.0716,2.077,0.0054,0.9572,0.0883,2.168,0.0,0.0,0.0,-0.1421,25.0,24.0,37.0,36.0,13.0,0.0,0.0,0.0,64.0,40.4015,0.0,-0.0033,0.0,0.0
2367.0,1.7552,0.0944,1.0,0.0793,1.2003,1.8634,0.8634,2.2925,1.2925,22.0022,1.8801,21.5567,1.8623,100.0,0.0,0.0,0.0,24.25,0.0,25.5,0.0,25.375,0.0,24.375,10.0,0.0,0.0073,53.3004,5.3301,2.0,4.9535,1.278,0.1838,1.3837,0.1301,1.3778,1.004e-05,1.0008,0.0003,1.7651,11.0,0.0615,1.0016,0.0765,2.1058,0.0062,1.0128,0.0927,2.1888,0.0,0.0,0.0,-0.1421,25.0,24.0,37.0,36.0,14.0,0.0,0.0,0.0,64.0,40.6244,0.0,-0.0034,0.0,0.0
2368.0,1.7562,0.0945,1.0,0.0795,1.2009,1.8634,0.8634,2.292,1.292,21.8861,1.8754,21.5588,1.8624,100.0,0.0,0.0,0.0,24.25,0.0,25.5,0.0,25.375,0.0,24.25,10.0,0.0,0.0083,53.2996,5.3299,2.0,5.0461,1.2812,0.2697,1.3931,0.1386,1.3788,1.003e-05,1.0008,0.0003,1.7661,11.0,0.061,1.0016,0.0669,2.0475,0.0053,0.9482,0.0903,2.1776,0.0,0.0,0.0,-0.1425,25.0,24.0,37.0,36.0,12.0,0.0,0.0,0.0,64.0,40.6653,0.0,-0.0036,0.0,0.0
2369.0,1.7562,0.0945,1.0,0.0794,1.2006,1.8631,0.8631,2.2918,1.2918,21.9481,1.8779,21.5788,1.8632,100.0,0.0,0.0,0.0,24.375,0.0,25.375,0.0,25.375,0.0,24.25,10.0,0.0,0.0074,53.2989,5.3298,2.0,5.0951,1.2829,0.2711,1.3932,0.1314,1.378,1.003e-05,1.0008,0.0003,1.7647,11.0,0.0595,1.0016,0.0567,1.9756,0.0057,0.9788,0.0733,2.0869,0.0,0.0,0.0,-0.1423,25.0,24.0,37.0,37.0,14.0,0.0,0.0,0.0,64.0,40.9441,0.0,-0.0035,0.0,0.0
2370.0,1.7562,0.0945,1.0,0.0794,1.2005,1.8629,0.8629,2.2919,1.2919,22.1125,1.8845,21.5717,1.8629,100.0,0.0,0.0,0.0,24.25,0.0,25.5,0.0,25.375,0.0,24.25,10.0,0.0,0.0076,53.2979,5.3298,2.0,5.1619,1.2851,0.3048,1.3969,0.1448,1.3794,1.003e-05,1.0007,0.0003,1.765,11.0,0.0601,1.0016,0.0571,1.9783,0.0061,1.0048,0.0827,2.1394,0.0,0.0,0.0,-0.1424,25.0,24.0,37.0,37.0,14.0,0.0,0.0,0.0,0.0,41.084,0.0,-0.0036,0.0,0.0
2371.0,1.7573,0.0947,1.0,0.0796,1.2011,1.8633,0.8633,2.2923,1.2923,22.108,1.8843,21.5655,1.8626,100.0,0.0,0.0,0.0,24.5,0.0,25.375,0.0,25.375,0.0,24.25,10.0,0.0,0.0079,53.2972,5.3297,2.0,5.2239,1.2872,0.3594,1.4028,0.1332,1.3782,1.004e-05,1.0009,0.0003,1.7662,11.0,0.0658,1.0018,0.138,2.3617,0.006,1.002,0.0776,2.1119,0.0,0.0,0.0,-0.1424,25.0,24.0,37.0,37.0,14.0,0.0,0.0,0.0,0.0,41.0865,0.0,-0.0034,0.0,0.0
2372.0,1.7578,0.0947,1.0,0.0794,1.2007,1.8634,0.8634,2.2922,1.2922,22.0276,1.8811,21.5609,1.8624,100.0,0.0,0.0,0.0,24.375,0.0,25.5,0.0,25.375,0.0,24.25,10.0,0.0,0.0079,53.2964,5.3296,2.0,5.2267,1.2873,0.3369,1.4004,0.1505,1.3801,1.004e-05,1.0008,0.0003,1.7674,11.0,0.0635,1.0017,0.1068,2.2505,0.0067,1.0469,0.0905,2.1784,0.0,0.0,0.0,-0.1421,25.0,24.0,37.0,37.0,13.0,0.0,0.0,0.0,0.0,41.0861,0.0,-0.0036,0.0,0.0
2373.0,1.7583,0.0948,1.0,0.0794,1.2005,1.8635,0.8635,2.2923,1.2923,21.915,1.8766,21.5573,1.8623,100.0,0.0,0.0,0.0,24.375,0.0,25.5,0.0,25.375,0.0,24.25,10.0,0.0,0.008,53.2955,5.3295,2.0,5.2129,1.2868,0.2723,1.3933,0.1356,1.3784,1.003e-05,1.0008,0.0003,1.7661,11.0,0.0602,1.0016,0.1055,2.2451,0.0063,1.0201,0.0829,2.1402,0.0,0.0,0.0,-0.1428,25.0,24.0,37.0,37.0,15.0,0.0,0.0,0.0,0.0,41.086,0.0,-0.0036,0.0,0.0
2374.0,1.7583,0.0948,1.0,0.0796,1.2011,1.8632,0.8632,2.2922,1.2922,21.9251,1.877,21.5747,1.863,100.0,0.0,0.0,0.0,24.25,0.0,25.5,0.0,25.375,0.0,24.375,10.0,0.0,0.0063,53.2949,5.3294,2.0,5.2679,1.2887,0.3855,1.4057,0.1499,1.38,1.003e-05,1.0008,0.0003,1.7668,11.0,0.0602,1.0016,0.1033,2.2358,0.0063,1.0188,0.0878,2.1652,0.0,0.0,0.0,-0.1424,25.0,24.0,37.0,36.0,14.0,0.0,0.0,0.0,0.0,41.0866,0.0,-0.0033,0.0,0.0
2375.0,1.7592,0.0949,1.0,0.0793,1.2002,1.8629,0.8629,2.292,1.292,22.1131,1.8845,21.5807,1.8632,100.0,0.0,0.0,0.0,24.375,0.0,25.375,0.0,25.375,0.0,24.25,10.0,0.0,0.0081,53.2938,5.3294,2.0,5.3637,1.2918,0.3501,1.4018,0.1455,1.3795,1.003e-05,1.0008,0.0003,1.7657,11.0,0.0606,1.0016,0.1816,2.4809,0.0057,0.9765,0.09,2.1761,0.0,0.0,0.0,-0.1423,25.0,24.0,37.0,36.0,14.0,0.0,0.0,0.0,0.0,41.0861,0.0,-0.0034,0.0,0.0
2376.0,1.7594,0.0949,1.0,0.0792,1.2,1.8629,0.8629,2.2926,1.2926,22.1191,1.8848,21.5598,1.8624,100.0,0.0,0.0,0.0,24.375,0.0,25.375,0.0,25.375,0.0,24.375,10.0,0.0,0.0079,53.2932,5.3293,2.0,5.3257,1.2905,0.3624,1.4032,0.1498,1.38,1.003e-05,1.0007,0.0003,1.7659,11.0,0.0592,1.0016,0.1695,2.4509,0.0061,1.0042,0.0859,2.156,0.0,0.0,0.0,-0.1425,25.0,24.0,37.0,36.0,14.0,0.0,0.0,0.0,0.0,41.0862,0.0,-0.0031,0.0,0.0
2377.0,1.7593,0.0949,1.0,0.0794,1.2007,1.863,0.863,2.2925,1.2925,22.0345,1.8814,21.5505,1.862,100.0,0.0,0.0,0.0,24.25,0.0,25.5,0.0,25.375,0.0,24.25,10.0,0.0,0.0081,53.2928,5.3293,2.0,5.3771,1.2922,0.3608,1.403,0.1501,1.38,1.003e-05,1.0007,0.0003,1.7653,11.0,0.0593,1.0016,0.1538,2.4089,0.0058,0.9853,0.078,2.1142,0.0,0.0,0.0,-0.1425,25.0,24.0,37.0,36.0,14.0,0.0,0.0,0.0,0.0,41.086,0.0,-0.0035,0.0,0.0
2378.0,1.7594,0.0949,1.0,0.0796,1.2012,1.8631,0.8631,2.2925,1.2925,21.9263,1.8771,21.5478,1.8619,100.0,0.0,0.0,0.0,24.25,0.0,25.375,0.0,25.25,0.0,24.25,10.0,0.0,0.0188,53.2919,5.3291,2.0,5.3581,1.2916,0.9916,1.4718,0.1495,1.3799,1.003e-05,1.0008,0.0003,1.7654,11.0,0.0614,1.0016,0.1621,2.4316,0.0059,0.9955,0.0745,2.0939,0.0,0.0,0.0,-0.1424,25.0,24.0,37.0,36.0,13.0,0.0,0.0,0.0,0.0,41.086,0.0,-0.0032,0.0,0.0
2379.0,1.7573,0.0947,1.0,0.0796,1.2012,1.8632,0.8632,2.2922,1.2922,21.9014,1.8761,21.5628,1.8625,100.0,0.0,0.0,0.0,24.25,0.0,25.5,0.0,25.375,0.0,24.25,10.0,0.0,0.009,53.2907,5.329,2.0,7.0382,1.339,1.5919,1.5373,0.1592,1.381,1.004e-05,1.0009,0.0003,1.7667,11.0,0.0629,1.0017,0.1532,2.4072,0.0056,0.9694,0.0853,2.153,0.0,0.0,0.0,-0.1424,25.0,24.0,37.0,36.0,14.0,0.0,0.0,0.0,0.0,41.0853,0.0,-0.0038,0.0,0.0
2380.0,1.7552,0.0944,1.0,0.0797,1.2014,1.8625,0.8625,2.2922,1.2922,22.0782,1.8831,21.5748,1.863,100.0,0.0,0.0,0.0,24.25,0.0,25.5,0.0,25.5,0.0,24.375,10.0,0.0,0.0078,53.2901,5.329,2.0,7.1423,1.3415,1.5269,1.5302,0.1497,1.38,1.004e-05,1.0009,0.0003,1.767,11.0,0.0685,1.0018,0.1515,2.4021,0.0061,1.0107,0.0726,2.0826,0.0,0.0,0.0,-0.1428,25.0,24.0,37.0,36.0,12.0,0.0,0.0,0.0,0.0,41.0861,0.0,-0.0033,0.0,0.0
2381.0,1.7551,0.0944,1.0,0.0797,1.2015,1.863,0.863,2.2926,1.2926,22.1228,1.8849,21.5683,1.8627,100.0,0.0,0.0,0.0,24.25,0.0,25.5,0.0,25.375,0.0,24.25,10.0,0.0,0.0076,53.2891,5.3289,2.0,7.1058,1.3406,1.3981,1.5162,0.1644,1.3816,1.004e-05,1.001,0.0003,1.7668,11.0,0.0656,1.0017,0.1062,2.2478,0.0063,1.02,0.0636,2.0255,0.0,0.0,0.0,-0.1419,25.0,24.0,37.0,36.0,15.0,0.0,0.0,0.0,0.0,41.0857,0.0,-0.0037,0.0,0.0
2382.0,1.7544,0.0943,1.0,0.0797,1.2014,1.8633,0.8633,2.2925,1.2925,22.0569,1.8823,21.5508,1.862,100.0,0.0,0.0,0.0,24.25,0.0,25.5,0.0,25.375,0.0,24.25,10.0,0.0,0.0083,53.2886,5.3289,2.0,7.0562,1.3394,1.3213,1.5078,0.1505,1.3801,1.004e-05,1.0009,0.0003,1.7673,11.0,0.0629,1.0017,0.1252,2.3196,0.0059,0.9958,0.0618,2.0127,0.0,0.0,0.0,-0.1423,25.0,24.0,37.0,37.0,13.0,0.0,0.0,0.0,0.0,41.0859,0.0,-0.0033,0.0,0.0
2383.0,1.7551,0.0944,1.0,0.0797,1.2014,1.8634,0.8634,2.2925,1.2925,21.9454,1.8778,21.548,1.8619,100.0,0.0,0.0,0.0,24.25,0.0,25.375,0.0,25.25,0.0,24.375,10.0,0.0,0.0083,53.2876,5.3287,2.0,7.177,1.3424,1.3941,1.5157,0.164,1.3815,1.004e-05,1.0008,0.0003,1.7662,11.0,0.0632,1.0017,0.1325,2.3441,0.0057,0.977,0.0595,1.9962,0.0,0.0,0.0,-0.1426,25.0,24.0,37.0,37.0,14.0,0.0,0.0,0.0,0.0,41.0859,0.0,-0.0035,0.0,0.0
2384.0,1.7555,0.0944,1.0,0.0798,1.2016,1.8633,0.8633,2.2923,1.2923,21.8937,1.8757,21.5678,1.8627,100.0,0.0,0.0,0.0,24.25,0.0,25.375,0.0,25.25,0.0,24.25,10.0,0.0,0.0085,53.287,5.3287,2.0,7.1666,1.3421,1.1748,1.4918,0.1554,1.3806,1.004e-05,1.001,0.0003,1.7665,11.0,0.0686,1.0018,0.1369,2.3582,0.0061,1.0097,0.0674,2.0504,0.0,0.0,0.0,-0.1424,25.0,24.0,37.0,37.0,12.0,0.0,0.0,0.0,0.0,41.0854,0.0,-0.0034,0.0,0.0
2385.0,1.7552,0.0944,1.0,0.0799,1.2021,1.8625,0.8625,2.2922,1.2922,22.0429,1.8817,21.5748,1.863,100.0,0.0,0.0,0.0,24.125,0.0,25.375,0.0,25.25,0.0,24.25,10.0,0.0,0.0082,53.2861,5.3286,2.0,7.0585,1.3395,1.0898,1.4825,0.1642,1.3815,1.004e-05,1.001,0.0003,1.766,11.0,0.0673,1.0018,0.1054,2.2447,0.0057,0.9747,0.0614,2.0104,0.0,0.0,0.0,-0.1427,25.0,24.0,37.0,37.0,14.0,0.0,0.0,0.0,0.0,41.0863,0.0,-0.0035,0.0,0.0
2386.0,1.7552,0.0944,1.0,0.0798,1.2018,1.863,0.863,2.2925,1.2925,22.1267,1.8851,21.5699,1.8628,100.0,0.0,0.0,0.0,24.25,0.0,25.375,0.0,25.375,0.0,24.25,10.0,0.0,0.0081,53.2853,5.3285,2.0,6.9804,1.3376,1.0139,1.4742,0.1724,1.3824,1.004e-05,1.001,0.0003,1.7661,11.0,0.0682,1.0018,0.09,2.1762,0.0057,0.9743,0.0787,2.1177,0.0,0.0,0.0,-0.1426,25.0,24.0,37.0,36.0,13.0,0.0,0.0,0.0,0.0,41.086,0.0,-0.0035,0.0,0.0
2387.0,1.7552,0.0944,1.0,0.0795,1.201,1.8633,0.8633,2.2925,1.2925,22.0652,1.8826,21.554,1.8622,100.0,0.0,0.0,0.0,24.25,0.0,25.375,0.0,25.5,0.0,24.375,10.0,0.0,0.0081,53.2846,5.3284,2.0,6.9537,1.3369,0.9144,1.4634,0.1608,1.3812,1.004e-05,1.001,0.0003,1.7672,11.0,0.0662,1.0018,0.0928,2.1895,0.0057,0.9779,0.0718,2.0779,0.0,0.0,0.0,-0.1423,25.0,24.0,37.0,36.0,13.0,0.0,0.0,0.0,0.0,41.0858,0.0,-0.0034,0.0,0.0
2388.0,1.755,0.0944,1.0,0.0796,1.201,1.863,0.863,2.2925,1.2925,21.9621,1.8785,21.549,1.862,100.0,0.0,0.0,0.0,24.25,0.0,25.375,0.0,25.25,0.0,24.25,10.0,0.0,0.0088,53.284,5.3283,2.0,6.8507,1.3343,0.8034,1.4513,0.1734,1.3826,1.004e-05,1.0009,0.0003,1.7681,11.0,0.0669,1.0018,0.1647,2.4384,0.0058,0.9883,0.0781,2.1144,0.0,0.0,0.0,-0.1422,25.0,24.0,37.0,36.0,14.0,0.0,0.0,0.0,0.0,41.0854,0.0,-0.0033,0.0,0.0
2389.0,1.7544,0.0943,1.0,0.0796,1.201,1.8634,0.8634,2.2923,1.2923,21.886,1.8754,21.5661,1.8626,100.0,0.0,0.0,0.0,24.25,0.0,25.375,0.0,25.375,0.0,24.375,10.0,0.0,0.0081,53.2829,5.3283,2.0,6.7666,1.3321,0.715,1.4416,0.159,1.381,1.003e-05,1.0008,0.0003,1.7669,11.0,0.0617,1.0016,0.1658,2.4415,0.0052,0.9415,0.0781,2.1144,0.0,0.0,0.0,-0.1422,25.0,24.0,37.0,36.0,13.0,0.0,0.0,0.0,0.0,41.0858,0.0,-0.0036,0.0,0.0
2390.0,1.7541,0.0943,1.0,0.0795,1.2009,1.8629,0.8629,2.2922,1.2922,22.0316,1.8813,21.575,1.863,100.0,0.0,0.0,0.0,24.25,0.0,25.5,0.0,25.375,0.0,24.25,10.0,0.0,0.0088,53.2822,5.3282,2.0,6.8803,1.335,0.7321,1.4435,0.1705,1.3822,1.003e-05,1.0007,0.0003,1.7678,11.0,0.0573,1.0015,0.1396,2.3669,0.0055,0.9613,0.0654,2.0374,0.0,0.0,0.0,-0.1424,25.0,24.0,37.0,36.0,15.0,0.0,0.0,0.0,0.0,41.0858,0.0,-0.0035,0.0,0.0
2391.0,1.7541,0.0943,1.0,0.0797,1.2015,1.8624,0.8624,2.2925,1.2925,22.1259,1.885,21.5635,1.8625,100.0,0.0,0.0,0.0,24.25,0.0,25.5,0.0,25.5,0.0,24.375,10.0,0.0,0.0078,53.2817,5.3281,2.0,6.7884,1.3327,0.6599,1.4356,0.1618,1.3813,1.003e-05,1.0008,0.0003,1.7688,11.0,0.0609,1.0016,0.1389,2.3647,0.0058,0.9864,0.0698,2.0657,0.0,0.0,0.0,-0.1425,25.0,24.0,37.0,36.0,13.0,0.0,0.0,0.0,0.0,41.0859,0.0,-0.0036,0.0,0.0
2392.0,1.7541,0.0943,1.0,0.0796,1.2011,1.8629,0.8629,2.2925,1.2925,22.0833,1.8833,21.5528,1.8621,100.0,0.0,0.0,0.0,24.25,0.0,25.375,0.0,25.375,0.0,24.25,10.0,0.0,0.0083,53.2805,5.328,2.0,6.7219,1.331,0.5912,1.4281,0.1697,1.3821,1.004e-05,1.0008,0.0003,1.7675,11.0,0.0591,1.0016,0.1404,2.3691,0.0058,0.9833,0.0712,2.0743,0.0,0.0,0.0,-0.1423,25.0,24.0,37.0,36.0,13.0,0.0,0.0,0.0,0.0,41.086,0.0,-0.0036,0.0,0.0
2393.0,1.7541,0.0943,1.0,0.0797,1.2014,1.8635,0.8635,2.2926,1.2926,21.9797,1.8792,21.5604,1.8624,100.0,0.0,0.0,0.0,24.25,0.0,25.375,0.0,25.375,0.0,24.375,10.0,0.0,0.0083,53.2799,5.328,2.0,6.626,1.3285,0.4897,1.4171,0.1717,1.3824,1.004e-05,1.0008,0.0003,1.768,11.0,0.0621,1.0017,0.1834,2.4852,0.0066,1.0398,0.0619,2.0139,0.0,0.0,0.0,-0.142,25.0,24.0,37.0,36.0,12.0,0.0,0.0,0.0,0.0,41.0857,0.0,-0.0033,0.0,0.0
2394.0,1.7562,0.0945,1.0,0.0797,1.2015,1.8633,0.8633,2.2918,1.2918,21.882,1.8753,21.5631,1.8625,100.0,0.0,0.0,0.0,24.25,0.0,25.375,0.0,25.5,0.0,24.25,10.0,0.0,0.0084,53.2791,5.3279,2.0,6.5595,1.3267,0.431,1.4107,0.1656,1.3817,1.004e-05,1.0008,0.0003,1.7672,11.0,0.0647,1.0017,0.1831,2.4845,0.0057,0.9748,0.0647,2.0326,0.0,0.0,0.0,-0.1424,25.0,24.0,37.0,37.0,13.0,0.0,0.0,0.0,0.0,41.0855,0.0,-0.0035,0.0,0.0
2395.0,1.7563,0.0945,1.0,0.08,1.2023,1.8629,0.8629,2.2921,1.2921,21.9875,1.8795,21.5725,1.8629,100.0,0.0,0.0,0.0,24.25,0.0,25.5,0.0,25.375,0.0,24.375,10.0,0.0,0.0083,53.2782,5.3278,2.0,6.4692,1.3243,0.3398,1.4007,0.1796,1.3832,1.004e-05,1.001,0.0003,1.7673,11.0,0.0674,1.0018,0.1859,2.4912,0.0062,1.0173,0.0649,2.0338,0.0,0.0,0.0,-0.1426,25.0,24.0,37.0,37.0,14.0,0.0,0.0,0.0,0.0,41.0856,0.0,-0.0038,0.0,0.0
2396.0,1.757,0.0946,1.0,0.0795,1.2009,1.8628,0.8628,2.2921,1.2921,22.1279,1.8851,21.5754,1.863,100.0,0.0,0.0,0.0,24.25,0.0,25.375,0.0,25.375,0.0,24.375,10.0,0.0,0.008,53.2779,5.3277,2.0,6.4808,1.3247,0.4304,1.4106,0.165,1.3816,1.004e-05,1.001,0.0003,1.7685,11.0,0.0654,1.0017,0.1595,2.4247,0.0063,1.0241,0.0588,1.9913,0.0,0.0,0.0,-0.1426,25.0,24.0,37.0,37.0,14.0,0.0,0.0,0.0,0.0,41.0856,0.0,-0.0035,0.0,0.0
2397.0,1.7573,0.0947,1.0,0.0795,1.2008,1.8633,0.8633,2.2926,1.2926,22.0998,1.884,21.5638,1.8626,100.0,0.0,0.0,0.0,24.25,0.0,25.375,0.0,25.375,0.0,24.375,10.0,0.0,0.0082,53.2771,5.3277,2.0,6.5487,1.3265,0.3705,1.4041,0.1768,1.3829,1.004e-05,1.0008,0.0003,1.7689,11.0,0.065,1.0017,0.1696,2.4513,0.006,1.0014,0.0708,2.0719,0.0,0.0,0.0,-0.1425,25.0,24.0,37.0,37.0,15.0,0.0,0.0,0.0,0.0,41.0858,0.0,-0.0035,0.0,0.0
2398.0,1.7572,0.0947,1.0,0.0795,1.201,1.863,0.863,2.2926,1.2926,22.0032,1.8801,21.5496,1.862,100.0,0.0,0.0,0.0,24.25,0.0,25.5,0.0,25.5,0.0,24.25,10.0,0.0,0.008,53.276,5.3275,2.0,6.5053,1.3253,0.3552,1.4024,0.1634,1.3815,1.003e-05,1.0007,0.0003,1.7682,11.0,0.059,1.0016,0.1481,2.3924,0.006,1.0024,0.0589,1.992,0.0,0.0,0.0,-0.1421,25.0,24.0,37.0,36.0,15.0,0.0,0.0,0.0,0.0,41.086,0.0,-0.0033,0.0,0.0
2399.0,1.7573,0.0947,1.0,0.0796,1.2011,1.8634,0.8634,2.2923,1.2923,21.8816,1.8753,21.5606,1.8624,100.0,0.0,0.0,0.0,24.25,0.0,25.375,0.0,25.5,0.0,24.25,10.0,0.0,0.0082,53.2753,5.3275,2.0,6.6038,1.3279,0.4113,1.4085,0.1713,1.3823,1.004e-05,1.0008,0.0003,1.7682,11.0,0.061,1.0016,0.1585,2.4219,0.0059,0.994,0.067,2.0478,0.0,0.0,0.0,-0.1427,25.0,24.0,37.0,36.0,13.0,0.0,0.0,0.0,0.0,41.0858,0.0,-0.0033,0.0,0.0
2400.0,1.7573,0.0947,1.0,0.0796,1.2012,1.863,0.863,2.2922,1.2922,21.9888,1.8796,21.5795,1.8632,100.0,0.0,0.0,0.0,24.25,0.0,25.5,0.0,25.375,0.0,24.25,10.0,0.0,0.008,53.2745,5.3274,2.0,6.5918,1.3276,0.363,1.4032,0.1806,1.3833,1.004e-05,1.0009,0.0003,1.768,11.0,0.0629,1.0017,0.1432,2.3779,0.0062,1.0167,0.058,1.9853,0.0,0.0,0.0,-0.1427,25.0,24.0,37.0,36.0,14.0,0.0,0.0,0.0,0.0,41.0852,0.0,-0.0035,0.0,0.0
2401.0,1.7581,0.0948,1.0,0.0797,1.2014,1.8628,0.8628,2.2923,1.2923,22.1148,1.8846,21.5803,1.8632,100.0,0.0,0.0,0.0,24.25,0.0,25.5,0.0,25.25,0.0,24.25,10.0,0.0,0.0085,53.274,5.3273,2.0,6.6386,1.3288,0.364,1.4033,0.1735,1.3826,1.004e-05,1.001,0.0003,1.7687,11.0,0.069,1.0018,0.1417,2.3731,0.0053,0.9486,0.0536,1.9509,0.0,0.0,0.0,-0.1428,25.0,24.0,37.0,36.0,14.0,0.0,0.0,0.0,0.0,41.0852,0.0,-0.0037,0.0,0.0
2402.0,1.7568,0.0946,1.0,0.0794,1.2006,1.8633,0.8633,2.2926,1.2926,22.1074,1.8843,21.5567,1.8623,100.0,0.0,0.0,0.0,24.25,0.0,25.375,0.0,25.375,0.0,24.25,10.0,0.0,0.0077,53.2732,5.3273,2.0,6.5839,1.3274,0.3757,1.4046,0.1821,1.3835,1.004e-05,1.0009,0.0003,1.7699,11.0,0.0645,1.0017,0.1283,2.3301,0.0065,1.0356,0.0572,1.9795,0.0,0.0,0.0,-0.1427,25.0,24.0,37.0,36.0,15.0,0.0,0.0,0.0,0.0,41.0854,0.0,-0.0033,0.0,0.0
2403.0,1.7562,0.0945,1.0,0.0795,1.2009,1.8634,0.8634,2.2925,1.2925,22.0135,1.8805,21.5488,1.862,100.0,0.0,0.0,0.0,24.375,0.0,25.375,0.0,25.375,0.0,24.375,10.0,0.0,0.0078,53.2724,5.3272,2.0,6.6779,1.3299,0.3915,1.4063,0.1692,1.3821,1.004e-05,1.001,0.0003,1.7683,11.0,0.0656,1.0017,0.1117,2.2699,0.0057,0.9802,0.0518,1.9364,0.0,0.0,0.0,-0.1427,25.0,24.0,37.0,36.0,14.0,0.0,0.0,0.0,0.0,41.0858,0.0,-0.0036,0.0,0.0
2404.0,1.7552,0.0944,1.0,0.0796,1.2011,1.8633,0.8633,2.2924,1.2924,21.8988,1.876,21.5539,1.8622,100.0,0.0,0.0,0.0,24.25,0.0,25.5,0.0,25.375,0.0,24.375,10.0,0.0,0.0083,53.2715,5.3271,2.0,6.7734,1.3323,0.4374,1.4113,0.1792,1.3832,1.004e-05,1.0008,0.0003,1.7682,11.0,0.0625,1.0017,0.1702,2.4529,0.0056,0.9683,0.0511,1.9304,0.0,0.0,0.0,-0.1426,25.0,24.0,37.0,36.0,15.0,0.0,0.0,0.0,0.0,41.0856,0.0,-0.0041,0.0,0.0
2405.0,1.7561,0.0945,1.0,0.0795,1.2008,1.8631,0.8631,2.2922,1.2922,21.9317,1.8773,21.5745,1.863,100.0,0.0,0.0,0.0,24.25,0.0,25.5,0.0,25.375,0.0,24.375,10.0,0.0,0.0094,53.2706,5.3271,2.0,6.7608,1.332,0.3969,1.4069,0.168,1.382,1.003e-05,1.0008,0.0003,1.7691,11.0,0.0602,1.0016,0.1743,2.4631,0.0063,1.0245,0.0644,2.031,0.0,0.0,0.0,-0.1423,25.0,24.0,37.0,36.0,13.0,0.0,0.0,0.0,0.0,41.1022,0.0,-0.0033,0.0,0.0
2406.0,1.7551,0.0944,1.0,0.0796,1.2011,1.8629,0.8629,2.2922,1.2922,22.0994,1.884,21.5805,1.8632,100.0,0.0,0.0,0.0,24.25,0.0,25.375,0.0,25.25,0.0,24.25,10.0,0.0,0.0079,53.2701,5.3269,2.0,6.7413,1.3315,0.4001,1.4073,0.175,1.3827,1.004e-05,1.0009,0.0003,1.7703,11.0,0.0639,1.0017,0.1676,2.4461,0.0063,1.0221,0.0577,1.983,0.0,0.0,0.0,-0.1423,25.0,24.0,37.0,36.0,13.0,0.0,0.0,0.0,0.0,41.1288,0.0,-0.0036,0.0,0.0
2407.0,1.7558,0.0945,1.0,0.0799,1.202,1.8633,0.8633,2.2926,1.2926,22.1063,1.8843,21.5645,1.8626,100.0,0.0,0.0,0.0,24.25,0.0,25.625,0.0,25.375,0.0,24.375,10.0,0.0,0.0084,53.2691,5.3269,2.0,6.8,1.333,0.3478,1.4016,0.1845,1.3838,1.004e-05,1.001,0.0003,1.7699,11.0,0.0679,1.0018,0.157,2.4177,0.0066,1.0406,0.0564,1.9732,0.0,0.0,0.0,-0.1422,25.0,24.0,37.0,37.0,13.0,0.0,0.0,0.0,0.0,41.1286,0.0,-0.0035,0.0,0.0
2408.0,1.7562,0.0945,1.0,0.0796,1.2012,1.8634,0.8634,2.2925,1.2925,22.003,1.8801,21.56,1.8624,100.0,0.0,0.0,0.0,24.25,0.0,25.375,0.0,25.375,0.0,24.25,10.0,0.0,0.0073,53.2683,5.3268,2.0,6.6447,1.329,0.3099,1.3974,0.1672,1.3819,1.004e-05,1.0009,0.0003,1.7686,11.0,0.0639,1.0017,0.14,2.3681,0.0061,1.0038,0.0525,1.9418,0.0,0.0,0.0,-0.1424,25.0,24.0,37.0,37.0,14.0,0.0,0.0,0.0,0.0,41.129,0.0,-0.0035,0.0,0.0
2409.0,1.7552,0.0944,1.0,0.0794,1.2007,1.8635,0.8635,2.2923,1.2923,21.8975,1.8759,21.5572,1.8623,100.0,0.0,0.0,0.0,24.25,0.0,25.5,0.0,25.5,0.0,24.375,10.0,0.0,0.0087,53.2678,5.3268,2.0,6.7146,1.3308,0.2875,1.395,0.1792,1.3832,1.003e-05,1.0008,0.0003,1.7687,11.0,0.0595,1.0016,0.1356,2.354,0.0059,0.9945,0.0517,1.9357,0.0,0.0,0.0,-0.1426,25.0,24.0,37.0,37.0,15.0,0.0,0.0,0.0,0.0,41.1293,0.0,-0.0034,0.0,0.0
2410.0,1.7552,0.0944,1.0,0.0795,1.2009,1.8632,0.8632,2.2922,1.2922,21.9208,1.8768,21.5743,1.863,100.0,0.0,0.0,0.0,24.125,0.0,25.5,0.0,25.5,0.0,24.25,10.0,0.0,0.0077,53.2673,5.3267,2.0,6.7141,1.3308,0.3,1.3964,0.1643,1.3816,1.003e-05,1.0008,0.0003,1.7696,11.0,0.0609,1.0016,0.1278,2.3285,0.0066,1.0399,0.0521,1.939,0.0,0.0,0.0,-0.1425,25.0,24.0,37.0,37.0,14.0,0.0,0.0,0.0,0.0,41.129,0.0,-0.0033,0.0,0.0
2411.0,1.7559,0.0945,1.0,0.0797,1.2014,1.8628,0.8628,2.2922,1.2922,22.0896,1.8836,21.5818,1.8633,100.0,0.0,0.0,0.0,24.25,0.0,25.375,0.0,25.375,0.0,24.25,10.0,0.0,0.0078,53.2665,5.3266,2.0,6.656,1.3293,0.2218,1.3878,0.1775,1.383,1.004e-05,1.0008,0.0003,1.7704,11.0,0.063,1.0017,0.1305,2.3373,0.0058,0.9821,0.046,1.8846,0.0,0.0,0.0,-0.1423,25.0,24.0,37.0,37.0,15.0,0.0,0.0,0.0,0.0,41.129,0.0,-0.0035,0.0,0.0
2412.0,1.7562,0.0945,1.0,0.0797,1.2015,1.8632,0.8632,2.2927,1.2927,22.1262,1.885,21.5569,1.8623,100.0,0.0,0.0,0.0,24.25,0.0,25.375,0.0,25.25,0.0,24.375,10.0,0.0,0.008,53.2655,5.3265,2.0,6.5233,1.3258,0.1125,1.3759,0.1735,1.3826,1.004e-05,1.001,0.0003,1.7692,11.0,0.0667,1.0018,0.0998,2.221,0.006,0.9971,0.05,1.921,0.0,0.0,0.0,-0.1427,25.0,24.0,37.0,37.0,13.0,0.0,0.0,0.0,0.0,41.1287,64.0,0.0086,0.0,0.0
2413.0,1.7548,0.0944,1.0,0.0797,1.2015,1.8634,0.8634,2.2926,1.2926,22.059,1.8824,21.5588,1.8624,100.0,0.0,0.0,0.0,24.25,0.0,25.5,0.0,25.375,0.0,24.25,10.0,0.0,0.0078,53.2647,5.3264,2.0,6.4033,1.3226,0.1462,1.3796,0.175,1.3827,1.004e-05,1.0009,0.0003,1.7693,11.0,0.0653,1.0017,0.1082,2.2561,0.0063,1.0226,0.0464,1.8886,0.0,0.0,0.0,-0.1425,25.0,24.0,37.0,37.0,11.0,0.0,0.0,0.0,0.0,41.129,64.0,0.1889,0.0,0.0
2414.0,1.7531,0.0941,1.0,0.0799,1.2019,1.8634,0.8634,2.2925,1.2925,21.9425,1.8777,21.5575,1.8623,100.0,0.0,0.0,0.0,24.25,0.0,25.5,0.0,25.375,0.0,24.25,10.0,0.0,0.008,53.2642,5.3264,2.0,6.7047,1.3306,0.297,1.396,0.1835,1.3837,1.004e-05,1.001,0.0003,1.7703,11.0,0.0657,1.0018,0.1039,2.2385,0.0054,0.9574,0.0419,1.844,0.0,0.0,0.0,-0.1425,25.0,24.0,37.0,37.0,13.0,0.0,0.0,0.0,0.0,41.1289,64.0,0.3623,0.0,0.0
2415.0,1.7541,0.0943,1.0,0.0797,1.2015,1.8633,0.8633,2.2923,1.2923,21.9007,1.876,21.5696,1.8628,100.0,0.0,0.0,0.0,24.25,0.0,25.375,0.0,25.375,0.0,24.375,10.0,0.0,0.008,53.2639,5.3264,2.0,6.7565,1.3319,0.2799,1.3942,0.1688,1.382,1.004e-05,1.0009,0.0003,1.7711,11.0,0.0641,1.0017,0.0973,2.2101,0.0054,0.9554,0.042,1.8451,0.0,0.0,0.0,-0.1425,25.0,24.0,37.0,37.0,14.0,0.0,0.0,0.0,0.0,41.1291,64.0,0.5418,0.0,0.0
2416.0,1.755,0.0944,1.0,0.0796,1.2011,1.8629,0.8629,2.2918,1.2918,22.0563,1.8823,21.5846,1.8634,100.0,0.0,0.0,0.0,24.25,0.0,25.5,0.0,25.25,0.0,24.25,10.0,0.0,0.0079,53.2627,5.3263,2.0,6.6563,1.3293,0.1773,1.383,0.1789,1.3831,1.003e-05,1.0008,0.0003,1.7698,11.0,0.059,1.0016,0.0851,2.1516,0.0067,1.0481,0.0397,1.8211,0.0,0.0,0.0,-0.1427,25.0,24.0,37.0,37.0,15.0,0.0,0.0,0.0,0.0,41.1289,64.0,0.7349,0.0,0.0
2417.0,1.7531,0.0941,1.0,0.0794,1.2007,1.8631,0.8631,2.2926,1.2926,22.1237,1.8849,21.5692,1.8628,100.0,0.0,0.0,0.0,24.375,0.0,25.5,0.0,25.5,0.0,24.375,10.0,0.0,0.0082,53.2622,5.3262,2.0,6.5615,1.3268,0.1115,1.3758,0.1659,1.3817,1.003e-05,1.0008,0.0003,1.7706,11.0,0.0618,1.0016,0.0891,2.1716,0.0053,0.9457,0.0386,1.8082,0.0,0.0,0.0,-0.1426,25.0,24.0,37.0,37.0,13.0,0.0,0.0,0.0,0.0,41.129,64.0,0.9192,0.0,0.0
2418.0,1.7533,0.0942,1.0,0.0796,1.201,1.863,0.863,2.2926,1.2926,22.0463,1.8819,21.5518,1.8621,100.0,0.0,0.0,0.0,24.25,0.0,25.375,0.0,25.375,0.0,24.25,10.0,0.0,0.0081,53.2616,5.3261,2.0,6.4939,1.325,0.1252,1.3773,0.1732,1.3825,1.004e-05,1.0009,0.0003,1.7714,11.0,0.0658,1.0018,0.0844,2.1482,0.0072,1.0765,0.0343,1.7565,0.0,0.0,0.0,-0.1425,25.0,24.0,37.0,37.0,14.0,0.0,0.0,0.0,0.0,41.129,64.0,1.1491,0.0,0.0
2419.0,1.7531,0.0941,1.0,0.0798,1.2017,1.8634,0.8634,2.2925,1.2925,21.9426,1.8777,21.557,1.8623,100.0,0.0,0.0,0.0,24.25,0.0,25.5,0.0,25.375,0.0,24.375,10.0,0.0,0.0079,53.2609,5.3261,2.0,6.4689,1.3243,0.0814,1.3725,0.1804,1.3833,1.005e-05,1.0011,0.0003,1.7705,11.0,0.0686,1.0018,0.073,2.0849,0.0064,1.0255,0.0376,1.7974,0.0,0.0,0.0,-0.1427,25.0,24.0,37.0,36.0,15.0,0.0,0.0,0.0,0.0,41.1281,64.0,1.3204,0.0,0.0
2420.0,1.7531,0.0941,1.0,0.0796,1.2012,1.8634,0.8634,2.2922,1.2922,21.8907,1.8756,21.568,1.8627,100.0,0.0,0.0,0.0,24.25,0.0,25.375,0.0,25.25,0.0,24.25,10.0,0.0,0.0079,53.2603,5.326,2.0,6.571,1.3271,0.1593,1.381,0.1694,1.3821,1.004e-05,1.0009,0.0003,1.7707,11.0,0.066,1.0018,0.0783,2.1155,0.006,0.9984,0.0352,1.7687,0.0,0.0,0.0,-0.1427,25.0,24.0,37.0,36.0,14.0,0.0,0.0,0.0,0.0,41.1292,64.0,1.4847,0.0,0.0
2421.0,1.7531,0.0941,1.0,0.0796,1.2011,1.8629,0.8629,2.2922,1.2922,22.0432,1.8817,21.5766,1.8631,100.0,0.0,0.0,0.0,24.25,0.0,25.5,0.0,25.375,0.0,24.375,10.0,0.0,0.0084,53.2925,5.3326,2.0,6.9553,1.3369,0.36,1.4029,0.1773,1.383,1.003e-05,1.0007,0.0003,1.7695,11.0,0.0594,1.0016,0.1537,2.4085,0.0068,1.0532,0.0489,1.9113,0.0,0.0,0.0,-0.1422,25.0,24.0,37.0,36.0,15.0,0.0,0.0,0.0,0.0,41.1292,64.0,1.6773,0.0,0.0
2422.0,1.753,0.0941,1.0,0.0795,1.2008,1.8626,0.8626,2.2925,1.2925,22.1274,1.8851,21.5631,1.8625,100.0,0.0,0.0,0.0,24.25,0.0,25.5,0.0,25.375,0.0,24.25,10.0,0.0,0.0077,53.2654,5.3257,2.0,6.8853,1.3352,0.2883,1.3951,0.1633,1.3815,1.003e-05,1.0008,0.0003,1.771,11.0,0.0613,1.0016,0.1335,2.3473,0.0063,1.0219,0.0476,1.8995,0.0,0.0,0.0,-0.1426,25.0,24.0,37.0,36.0,14.0,0.0,0.0,0.0,0.0,41.1287,64.0,1.8608,0.0,0.0
2423.0,1.7522,0.094,1.0,0.0799,1.2018,1.863,0.863,2.2927,1.2927,22.0759,1.883,21.5527,1.8621,100.0,0.0,0.0,0.0,24.375,0.0,25.375,0.0,25.25,0.0,24.375,10.0,0.0,0.0078,53.258,5.3255,2.0,6.8266,1.3337,0.2617,1.3922,0.1748,1.3827,1.004e-05,1.0009,0.0003,1.7708,11.0,0.0651,1.0017,0.1511,2.401,0.0067,1.0502,0.0576,1.9819,0.0,0.0,0.0,-0.1425,25.0,24.0,37.0,37.0,13.0,0.0,0.0,0.0,0.0,41.1291,64.0,2.0231,0.0,0.0
2424.0,1.753,0.0941,1.0,0.0799,1.202,1.8634,0.8634,2.2926,1.2926,21.9688,1.8787,21.5578,1.8623,100.0,0.0,0.0,0.0,24.375,0.0,25.5,0.0,25.25,0.0,24.375,10.0,0.0,0.008,53.2538,5.3256,2.0,6.8399,1.334,0.2521,1.3911,0.1617,1.3813,1.004e-05,1.0009,0.0003,1.7715,11.0,0.068,1.0018,0.1041,2.2394,0.0064,1.0311,0.0557,1.9674,0.0,0.0,0.0,-0.1426,25.0,24.0,37.0,37.0,14.0,0.0,0.0,0.0,0.0,41.1287,64.0,2.2248,0.0,0.0
2425.0,1.7531,0.0941,1.0,0.0797,1.2013,1.8634,0.8634,2.2923,1.2923,21.8818,1.8753,21.5567,1.8623,100.0,0.0,0.0,0.0,24.25,0.0,25.375,0.0,25.375,0.0,24.25,10.0,0.0,0.0081,53.2541,5.3253,2.0,6.7926,1.3328,0.2096,1.3865,0.1707,1.3823,1.004e-05,1.001,0.0003,1.7703,11.0,0.0653,1.0017,0.1098,2.2623,0.0066,1.0423,0.0532,1.9477,0.0,0.0,0.0,-0.1426,25.0,24.0,37.0,37.0,14.0,0.0,0.0,0.0,0.0,41.1288,64.0,2.393,0.0,0.0
2426.0,1.7531,0.0941,1.0,0.0794,1.2007,1.8629,0.8629,2.2922,1.2922,22.0413,1.8817,21.578,1.8631,100.0,0.0,0.0,0.0,24.25,0.0,25.375,0.0,25.375,0.0,24.375,10.0,0.0,0.0077,53.2543,5.3251,2.0,6.7798,1.3325,0.2349,1.3893,0.174,1.3826,1.004e-05,1.001,0.0003,1.7718,11.0,0.0679,1.0018,0.1141,2.279,0.0063,1.0216,0.0664,2.0441,0.0,0.0,0.0,-0.1422,25.0,24.0,37.0,37.0,13.0,0.0,0.0,0.0,0.0,41.1288,64.0,2.5805,0.0,0.0
2427.0,1.7531,0.0941,1.0,0.0795,1.2009,1.8629,0.8629,2.2925,1.2925,22.1266,1.8851,21.5735,1.8629,100.0,0.0,0.0,0.0,24.25,0.0,25.375,0.0,25.375,0.0,24.375,10.0,0.0,0.0079,53.256,5.3256,2.0,6.8658,1.3347,0.2307,1.3888,0.162,1.3813,1.004e-05,1.0009,0.0003,1.7713,11.0,0.0623,1.0017,0.095,2.1995,0.0057,0.9763,0.0626,2.0182,0.0,0.0,0.0,-0.142,25.0,24.0,37.0,36.0,12.0,0.0,0.0,0.0,0.0,41.1289,64.0,2.7586,0.0,0.0
2428.0,1.7531,0.0941,1.0,0.0796,1.2012,1.8634,0.8634,2.2926,1.2926,22.083,1.8833,21.5625,1.8625,100.0,0.0,0.0,0.0,24.25,0.0,25.5,0.0,25.25,0.0,24.25,10.0,0.0,0.0078,53.2536,5.3257,2.0,6.8505,1.3343,0.2611,1.3921,0.1724,1.3824,1.003e-05,1.0008,0.0003,1.7705,11.0,0.06,1.0016,0.1025,2.2324,0.0056,0.9714,0.0621,2.0152,0.0,0.0,0.0,-0.1423,25.0,24.0,37.0,36.0,13.0,0.0,0.0,0.0,0.0,41.1294,64.0,2.9843,0.0,0.0
2429.0,1.7541,0.0943,1.0,0.0797,1.2014,1.8635,0.8635,2.2925,1.2925,21.9865,1.8795,21.5577,1.8623,100.0,0.0,0.0,0.0,24.375,0.0,25.375,0.0,25.5,0.0,24.25,10.0,0.0,0.0079,53.2521,5.3251,2.0,6.8592,1.3345,0.1872,1.3841,0.1566,1.3807,1.004e-05,1.0008,0.0003,1.7712,11.0,0.061,1.0016,0.1832,2.4847,0.0058,0.9816,0.0574,1.9811,0.0,0.0,0.0,-0.1423,25.0,24.0,37.0,36.0,12.0,0.0,0.0,0.0,0.0,41.1291,64.0,3.125,0.0,0.0
2430.0,1.7545,0.0943,1.0,0.0798,1.2017,1.8634,0.8634,2.2924,1.2924,21.8831,1.8753,21.5609,1.8624,100.0,0.0,0.0,0.0,24.25,0.0,25.375,0.0,25.375,0.0,24.375,10.0,0.0,0.008,53.254,5.325,2.0,6.6836,1.33,0.1093,1.3756,0.169,1.3821,1.004e-05,1.0009,0.0003,1.77,11.0,0.0652,1.0017,0.1886,2.4973,0.0057,0.9814,0.0582,1.9871,0.0,0.0,0.0,-0.1424,25.0,24.0,37.0,36.0,15.0,0.0,0.0,0.0,0.0,41.1293,64.0,3.3196,0.0,0.0
2431.0,1.7551,0.0944,1.0,0.0799,1.2021,1.863,0.863,2.2922,1.2922,21.9718,1.8789,21.5734,1.8629,100.0,0.0,0.0,0.0,24.375,0.0,25.625,0.0,25.375,0.0,24.25,10.0,0.0,0.0076,53.253,5.3256,2.0,6.64,1.3289,0.0521,1.3693,0.1557,1.3806,1.004e-05,1.001,0.0003,1.7701,11.0,0.0699,1.0019,0.1226,2.3105,0.0062,1.011,0.054,1.9541,0.0,0.0,0.0,-0.1426,25.0,24.0,37.0,36.0,15.0,0.0,0.0,0.0,0.0,41.1288,64.0,3.5108,0.0,0.0
2432.0,1.7548,0.0943,1.0,0.0796,1.201,1.8624,0.8624,2.2924,1.2924,22.1236,1.8849,21.565,1.8626,100.0,0.0,0.0,0.0,24.125,0.0,25.375,0.0,25.25,0.0,24.375,10.0,0.0,0.0083,53.2508,5.3254,2.0,6.5712,1.3271,0.0451,1.3686,0.1629,1.3814,1.004e-05,1.0009,0.0003,1.7713,11.0,0.0643,1.0017,0.1414,2.3722,0.0049,0.916,0.0494,1.9159,0.0,0.0,0.0,-0.1422,25.0,24.0,37.0,36.0,13.0,0.0,0.0,0.0,0.0,41.1284,64.0,3.6918,0.0,0.0
2433.0,1.7531,0.0941,1.0,0.0795,1.2008,1.8633,0.8633,2.2926,1.2926,22.0996,1.884,21.5618,1.8625,100.0,0.0,0.0,0.0,24.25,0.0,25.375,0.0,25.375,0.0,24.25,10.0,0.0,0.0081,53.2499,5.3245,2.0,6.5777,1.3272,0.0427,1.3683,0.1628,1.3814,1.003e-05,1.0008,0.0003,1.7717,11.0,0.0598,1.0016,0.2031,2.5296,0.0058,0.9888,0.0495,1.9162,0.0,0.0,0.0,-0.1425,25.0,24.0,37.0,36.0,14.0,0.0,0.0,0.0,0.0,41.129,64.0,3.8808,0.0,0.0
2434.0,1.751,0.0939,1.0,0.0794,1.2006,1.8635,0.8635,2.2925,1.2925,22.0021,1.8801,21.5598,1.8624,100.0,0.0,0.0,0.0,24.25,0.0,25.5,0.0,25.375,0.0,24.25,10.0,0.0,0.0084,53.2524,5.3251,2.0,6.4884,1.3249,-0.0595,1.3571,0.1572,1.3808,1.003e-05,1.0008,0.0003,1.7704,11.0,0.0601,1.0016,0.2176,2.5595,0.0057,0.9787,0.0401,1.8255,0.0,0.0,0.0,-0.1423,25.0,24.0,37.0,36.0,13.0,0.0,0.0,0.0,0.0,41.1298,64.0,4.06,0.0,0.0
2435.0,1.7529,0.0941,1.0,0.0796,1.2012,1.8633,0.8633,2.2924,1.2924,21.8896,1.8756,21.5473,1.8619,100.0,0.0,0.0,0.0,24.25,0.0,25.5,0.0,25.5,0.0,24.5,10.0,0.0,0.0077,53.2502,5.3254,2.0,6.3147,1.3201,-0.1286,1.3496,0.1692,1.3821,1.004e-05,1.0008,0.0003,1.7713,11.0,0.0618,1.0016,0.1972,2.5169,0.0062,1.0174,0.0566,1.9745,0.0,0.0,0.0,-0.1421,25.0,24.0,37.0,36.0,15.0,0.0,0.0,0.0,0.0,41.1288,64.0,4.2285,0.0,0.0
2436.0,1.7541,0.0943,1.0,0.0796,1.2011,1.863,0.863,2.2922,1.2922,21.9875,1.8795,21.5798,1.8632,100.0,0.0,0.0,0.0,24.125,0.0,25.375,0.0,25.375,0.0,24.25,10.0,0.0,0.0081,53.2489,5.3252,2.0,6.3379,1.3208,-0.0863,1.3542,0.1512,1.3801,1.003e-05,1.0008,0.0003,1.7698,11.0,0.0613,1.0016,0.1597,2.4251,0.0059,0.9953,0.0546,1.959,0.0,0.0,0.0,-0.1425,25.0,24.0,37.0,36.0,13.0,0.0,0.0,0.0,0.0,41.129,64.0,4.4193,0.0,0.0
2437.0,1.755,0.0944,1.0,0.0797,1.2015,1.8628,0.8628,2.2923,1.2923,22.1144,1.8846,21.5796,1.8632,100.0,0.0,0.0,0.0,24.25,0.0,25.5,0.0,25.375,0.0,24.25,10.0,0.0,0.0084,53.2469,5.3243,2.0,6.3802,1.3219,-0.0382,1.3595,0.1618,1.3813,1.004e-05,1.0009,0.0003,1.7706,11.0,0.0623,1.0017,0.1421,2.3744,0.0063,1.02,0.0491,1.9133,0.0,0.0,0.0,-0.1427,25.0,24.0,37.0,36.0,15.0,0.0,0.0,0.0,0.0,41.1285,64.0,4.5971,0.0,0.0
2438.0,1.7542,0.0943,1.0,0.08,1.2022,1.8636,0.8636,2.2927,1.2927,22.1046,1.8842,21.566,1.8626,100.0,0.0,0.0,0.0,24.25,0.0,25.5,0.0,25.375,0.0,24.25,10.0,0.0,0.0077,53.2494,5.3248,2.0,6.4133,1.3228,-0.0547,1.3577,0.1504,1.38,1.004e-05,1.001,0.0003,1.7716,11.0,0.069,1.0018,0.1437,2.3794,0.006,0.9976,0.0653,2.0365,0.0,0.0,0.0,-0.1424,25.0,24.0,37.0,36.0,14.0,0.0,0.0,0.0,0.0,41.1288,64.0,4.7838,0.0,0.0
2439.0,1.755,0.0944,1.0,0.0797,1.2013,1.8638,0.8638,2.2921,1.2921,22.0111,1.8804,21.5601,1.8624,100.0,0.0,0.0,0.0,24.125,0.0,25.5,0.0,25.5,0.0,24.375,10.0,0.0,0.0076,53.2478,5.3252,2.0,6.4681,1.3243,0.0133,1.3651,0.1568,1.3807,1.004e-05,1.0009,0.0003,1.7703,11.0,0.0668,1.0018,0.1594,2.4244,0.0058,0.9859,0.055,1.9622,0.0,0.0,0.0,-0.1425,25.0,24.0,37.0,36.0,14.0,0.0,0.0,0.0,0.0,41.1285,64.0,5.0064,0.0,0.0
2440.0,1.7559,0.0945,1.0,0.0795,1.201,1.8635,0.8635,2.2924,1.2924,21.8996,1.876,21.5576,1.8623,100.0,0.0,0.0,0.0,24.25,0.0,25.375,0.0,25.375,0.0,24.25,10.0,0.0,0.0077,53.2444,5.3247,2.0,6.5636,1.3269,0.0855,1.373,0.1603,1.3811,1.004e-05,1.0009,0.0003,1.7701,11.0,0.0626,1.0017,0.2124,2.5489,0.0058,0.9826,0.0604,2.003,0.0,0.0,0.0,-0.1421,25.0,24.0,37.0,36.0,15.0,0.0,0.0,0.0,0.0,41.1286,64.0,5.1663,0.0,0.0
2441.0,1.7552,0.0944,1.0,0.0792,1.2001,1.8631,0.8631,2.2922,1.2922,21.9396,1.8776,21.5776,1.8631,100.0,0.0,0.0,0.0,24.25,0.0,25.375,0.0,25.25,0.0,24.375,10.0,0.0,0.0083,53.2441,5.3239,2.0,6.6343,1.3287,0.0883,1.3733,0.1486,1.3798,1.003e-05,1.0007,0.0003,1.77,11.0,0.0595,1.0016,0.1986,2.5199,0.0061,1.0046,0.07,2.067,0.0,0.0,0.0,-0.1425,25.0,24.0,37.0,36.0,14.0,0.0,0.0,0.0,0.0,41.1289,64.0,5.3591,0.0,0.0
2442.0,1.7552,0.0944,1.0,0.0797,1.2013,1.8628,0.8628,2.2923,1.2923,22.1055,1.8842,21.5714,1.8629,100.0,0.0,0.0,0.0,24.375,0.0,25.375,0.0,25.375,0.0,24.25,10.0,0.0,0.0083,53.2472,5.3244,2.0,6.6211,1.3284,0.1029,1.3749,0.1595,1.381,1.004e-05,1.0009,0.0003,1.7696,11.0,0.0619,1.0017,0.1521,2.4039,0.0058,0.9823,0.0663,2.0433,0.0,0.0,0.0,-0.1426,25.0,24.0,37.0,36.0,14.0,0.0,0.0,0.0,0.0,41.1295,64.0,5.5436,0.0,0.0
2443.0,1.7541,0.0943,1.0,0.0798,1.2017,1.8631,0.8631,2.293,1.293,22.1279,1.8851,21.5676,1.8627,100.0,0.0,0.0,0.0,24.25,0.0,25.5,0.0,25.25,0.0,24.25,10.0,0.0,0.0076,53.2452,5.3251,2.0,6.6542,1.3292,0.1129,1.3759,0.1455,1.3795,1.004e-05,1.0009,0.0003,1.7709,11.0,0.0648,1.0017,0.1845,2.488,0.0063,1.0218,0.0593,1.9952,0.0,0.0,0.0,-0.1427,25.0,24.0,37.0,36.0,14.0,0.0,0.0,0.0,0.0,41.1294,64.0,5.7199,0.0,0.0
2444.0,1.7551,0.0944,1.0,0.0801,1.2026,1.8634,0.8634,2.2926,1.2926,22.0439,1.8818,21.5622,1.8625,100.0,0.0,0.0,0.0,24.375,0.0,25.5,0.0,25.375,0.0,24.375,10.0,0.0,0.0085,53.241,5.3242,2.0,6.5783,1.3272,0.0099,1.3647,0.1579,1.3809,1.004e-05,1.001,0.0003,1.7718,11.0,0.069,1.0018,0.1908,2.5024,0.0059,0.9935,0.0647,2.0326,0.0,0.0,0.0,-0.1425,25.0,24.0,37.0,36.0,14.0,0.0,0.0,0.0,0.0,41.1286,64.0,5.9126,0.0,0.0
2445.0,1.7564,0.0945,1.0,0.0797,1.2015,1.8634,0.8634,2.2924,1.2924,21.9325,1.8773,21.5584,1.8623,100.0,0.0,0.0,0.0,24.25,0.0,25.5,0.0,25.375,0.0,24.25,10.0,0.0,0.0068,53.2431,5.3236,2.0,6.5083,1.3254,0.0018,1.3638,0.1458,1.3795,1.004e-05,1.0009,0.0003,1.7701,11.0,0.0664,1.0018,0.1598,2.4253,0.0066,1.0445,0.0581,1.9857,0.0,0.0,0.0,-0.1424,25.0,24.0,37.0,36.0,13.0,0.0,0.0,0.0,0.0,41.1289,64.0,6.1024,0.0,0.0
2446.0,1.7574,0.0947,1.0,0.0795,1.201,1.8632,0.8632,2.2926,1.2926,21.9207,1.8768,21.5742,1.863,100.0,0.0,0.0,0.0,24.25,0.0,25.375,0.0,25.375,0.0,24.375,10.0,0.0,0.0084,53.2448,5.3245,2.0,6.5671,1.3269,0.0188,1.3657,0.1499,1.38,1.004e-05,1.0009,0.0003,1.7704,11.0,0.0607,1.0016,0.1522,2.4044,0.0052,0.9384,0.0587,1.9904,0.0,0.0,0.0,-0.1425,25.0,24.0,37.0,36.0,14.0,0.0,0.0,0.0,0.0,41.1289,64.0,6.2816,0.0,0.0
2447.0,1.7573,0.0947,1.0,0.0796,1.2012,1.8628,0.8628,2.2923,1.2923,22.1061,1.8842,21.581,1.8632,100.0,0.0,0.0,0.0,24.25,0.0,25.5,0.0,25.375,0.0,24.25,10.0,0.0,0.0084,53.2435,5.3245,2.0,6.4592,1.3241,-0.0084,1.3627,0.1563,1.3807,1.004e-05,1.0009,0.0003,1.7698,11.0,0.0654,1.0017,0.1534,2.4076,0.0059,0.9937,0.0545,1.9582,0.0,0.0,0.0,-0.1421,25.0,24.0,37.0,36.0,14.0,0.0,0.0,0.0,0.0,41.1293,64.0,6.5067,0.0,0.0
2448.0,1.7563,0.0945,1.0,0.0795,1.2009,1.8631,0.8631,2.2926,1.2926,22.1206,1.8848,21.5695,1.8628,100.0,0.0,0.0,0.0,24.375,0.0,25.5,0.0,25.375,0.0,24.375,10.0,0.0,0.008,53.238,5.3239,2.0,6.436,1.3234,-0.0718,1.3558,0.1426,1.3792,1.004e-05,1.0008,0.0003,1.7705,11.0,0.0609,1.0016,0.1488,2.3945,0.0061,1.0038,0.0492,1.9143,0.0,0.0,0.0,-0.1423,25.0,24.0,37.0,36.0,14.0,0.0,0.0,0.0,0.0,41.129,64.0,6.6616,0.0,0.0
2449.0,1.7562,0.0945,1.0,0.0795,1.201,1.8634,0.8634,2.2925,1.2925,22.049,1.882,21.5618,1.8625,100.0,0.0,0.0,0.0,24.25,0.0,25.5,0.0,25.375,0.0,24.25,10.0,0.0,0.0083,53.24,5.3233,2.0,6.3569,1.3213,-0.073,1.3557,0.1528,1.3803,1.003e-05,1.0007,0.0003,1.7707,11.0,0.0586,1.0016,0.1336,2.3476,0.0056,0.9667,0.0524,1.9412,0.0,0.0,0.0,-0.1423,25.0,24.0,37.0,36.0,14.0,0.0,0.0,0.0,0.0,41.1291,64.0,6.8377,0.0,0.0
2450.0,1.7571,0.0946,1.0,0.0796,1.2012,1.8634,0.8634,2.2925,1.2925,21.9328,1.8773,21.5559,1.8622,100.0,0.0,0.0,0.0,24.25,0.0,25.375,0.0,25.375,0.0,24.25,10.0,0.0,0.0078,53.2415,5.3241,2.0,6.3551,1.3212,-0.0674,1.3563,0.1374,1.3786,1.004e-05,1.0008,0.0003,1.7708,11.0,0.0629,1.0017,0.1215,2.3064,0.0065,1.0331,0.0651,2.0354,0.0,0.0,0.0,-0.1422,25.0,24.0,37.0,36.0,14.0,0.0,0.0,0.0,0.0,41.1289,64.0,7.0463,0.0,0.0
2451.0,1.7572,0.0947,1.0,0.0796,1.2012,1.8633,0.8633,2.2922,1.2922,21.8925,1.8757,21.5609,1.8624,100.0,0.0,0.0,0.0,24.25,0.0,25.375,0.0,25.375,0.0,24.375,10.0,0.0,0.008,53.2379,5.3244,2.0,6.4014,1.3225,-0.0302,1.3603,0.1493,1.3799,1.004e-05,1.001,0.0003,1.7703,11.0,0.0678,1.0018,0.1319,2.342,0.0064,1.0307,0.0583,1.9875,0.0,0.0,0.0,-0.1427,25.0,24.0,37.0,36.0,14.0,0.0,0.0,0.0,0.0,41.1293,64.0,7.2389,0.0,0.0
2452.0,1.7562,0.0945,1.0,0.0799,1.2019,1.8629,0.8629,2.2921,1.2921,22.0503,1.882,21.5817,1.8633,100.0,0.0,0.0,0.0,24.25,0.0,25.375,0.0,25.375,0.0,24.25,10.0,0.0,0.0076,53.2367,5.3235,2.0,6.4614,1.3241,0.0187,1.3657,0.1505,1.3801,1.004e-05,1.001,0.0003,1.771,11.0,0.0685,1.0018,0.1124,2.2727,0.006,1.0022,0.0519,1.9372,0.0,0.0,0.0,-0.1425,25.0,24.0,37.0,36.0,13.0,0.0,0.0,0.0,0.0,41.1282,64.0,7.4578,0.0,0.0
2453.0,1.7562,0.0945,1.0,0.0796,1.2011,1.8627,0.8627,2.2925,1.2925,22.1363,1.8855,21.5605,1.8624,100.0,0.0,0.0,0.0,24.25,0.0,25.375,0.0,25.375,0.0,24.375,10.0,0.0,0.0081,53.2391,5.3235,2.0,6.6674,1.3296,0.134,1.3783,0.1425,1.3792,1.004e-05,1.0009,0.0003,1.7694,11.0,0.0661,1.0018,0.1672,2.4452,0.0055,0.9613,0.0565,1.9741,0.0,0.0,0.0,-0.1425,25.0,24.0,37.0,36.0,15.0,0.0,0.0,0.0,0.0,41.129,64.0,7.6192,0.0,0.0
2454.0,1.7551,0.0944,1.0,0.0794,1.2006,1.8629,0.8629,2.2928,1.2928,22.0672,1.8827,21.5526,1.8621,100.0,0.0,0.0,0.0,24.25,0.0,25.5,0.0,25.25,0.0,24.25,10.0,0.0,0.0079,53.2383,5.324,2.0,6.7067,1.3306,0.1575,1.3808,0.1522,1.3802,1.003e-05,1.0007,0.0003,1.7705,11.0,0.0578,1.0015,0.1932,2.5079,0.0057,0.9764,0.0591,1.9937,0.0,0.0,0.0,-0.1423,25.0,24.0,37.0,36.0,13.0,0.0,0.0,0.0,0.0,41.1289,64.0,7.7968,0.0,0.0
2455.0,1.7551,0.0944,1.0,0.0795,1.2009,1.8634,0.8634,2.2925,1.2925,21.9257,1.877,21.5566,1.8623,100.0,0.0,0.0,0.0,24.25,0.0,25.5,0.0,25.25,0.0,24.25,10.0,0.0,0.0084,53.2375,5.324,2.0,6.6041,1.3279,0.0399,1.368,0.1345,1.3783,1.003e-05,1.0008,0.0003,1.7707,11.0,0.0593,1.0016,0.1505,2.3994,0.006,0.9973,0.0631,2.0221,0.0,0.0,0.0,-0.1421,25.0,24.0,37.0,36.0,15.0,0.0,0.0,0.0,0.0,41.1292,64.0,7.9799,0.0,0.0
2456.0,1.7541,0.0943,1.0,0.0796,1.2012,1.8634,0.8634,2.2922,1.2922,21.8857,1.8754,21.5669,1.8627,100.0,0.0,0.0,0.0,24.375,0.0,25.5,0.0,25.375,0.0,24.25,10.0,0.0,0.0079,53.2346,5.3232,2.0,6.5014,1.3252,-0.0147,1.362,0.1462,1.3796,1.004e-05,1.0009,0.0003,1.7699,11.0,0.0621,1.0017,0.1612,2.4293,0.0055,0.9614,0.0617,2.0122,0.0,0.0,0.0,-0.1425,25.0,24.0,37.0,36.0,15.0,0.0,0.0,0.0,0.0,41.1289,64.0,8.1745,0.0,0.0
2457.0,1.7551,0.0944,1.0,0.0798,1.2016,1.8629,0.8629,2.2922,1.2922,22.0275,1.8811,21.5842,1.8634,100.0,0.0,0.0,0.0,24.25,0.0,25.5,0.0,25.5,0.0,24.25,10.0,0.0,0.0076,53.2359,5.3233,2.0,6.3867,1.3221,-0.0883,1.354,0.1387,1.3788,1.004e-05,1.001,0.0003,1.7701,11.0,0.0656,1.0017,0.2099,2.5439,0.0055,0.9642,0.0624,2.0168,0.0,0.0,0.0,-0.1426,25.0,24.0,37.0,36.0,13.0,0.0,0.0,0.0,0.0,41.129,64.0,8.3808,0.0,0.0
2458.0,1.7554,0.0944,1.0,0.0798,1.2018,1.8625,0.8625,2.2925,1.2925,22.1265,1.8851,21.5632,1.8625,100.0,0.0,0.0,0.0,24.25,0.0,25.75,0.0,25.375,0.0,24.25,10.0,0.0,0.008,53.2353,5.3236,2.0,6.3346,1.3207,-0.1235,1.3502,0.1399,1.3789,1.004e-05,1.0008,0.0003,1.7703,11.0,0.062,1.0017,0.2309,2.5852,0.0064,1.0246,0.0599,1.9993,0.0,0.0,0.0,-0.1427,25.0,24.0,37.0,36.0,13.0,0.0,0.0,0.0,0.0,41.1286,64.0,8.5704,0.0,0.0
2459.0,1.7562,0.0945,1.0,0.0797,1.2016,1.8633,0.8633,2.2926,1.2926,22.0702,1.8828,21.5524,1.8621,100.0,0.0,0.0,0.0,24.125,0.0,25.5,0.0,25.25,0.0,24.25,10.0,0.0,0.0073,53.2329,5.3237,2.0,6.3123,1.3201,-0.0815,1.3547,0.1443,1.3794,1.004e-05,1.001,0.0003,1.7696,11.0,0.0681,1.0018,0.2208,2.5658,0.0055,0.9641,0.0677,2.0528,0.0,0.0,0.0,-0.1427,25.0,24.0,37.0,36.0,15.0,0.0,0.0,0.0,0.0,41.1288,64.0,8.7263,0.0,0.0
2460.0,1.7558,0.0945,1.0,0.0796,1.2012,1.8634,0.8634,2.2924,1.2924,21.9524,1.8781,21.5573,1.8623,100.0,0.0,0.0,0.0,24.25,0.0,25.5,0.0,25.25,0.0,24.25,10.0,0.0,0.0072,53.2317,5.3232,2.0,6.4041,1.3226,-0.0039,1.3632,0.1293,1.3777,1.004e-05,1.001,0.0003,1.7689,11.0,0.0652,1.0017,0.1862,2.4919,0.0057,0.9776,0.0702,2.068,0.0,0.0,0.0,-0.1427,25.0,24.0,37.0,36.0,14.0,0.0,0.0,0.0,0.0,41.1288,64.0,8.9204,0.0,0.0
2461.0,1.7562,0.0945,1.0,0.0795,1.201,1.8634,0.8634,2.2923,1.2923,21.8827,1.8753,21.564,1.8626,100.0,0.0,0.0,0.0,24.25,0.0,25.375,0.0,25.375,0.0,24.25,10.0,0.0,0.0076,53.2332,5.3232,2.0,6.5074,1.3254,0.0418,1.3682,0.1433,1.3793,1.003e-05,1.0008,0.0003,1.7713,11.0,0.0618,1.0016,0.1624,2.4324,0.006,0.9982,0.0659,2.0408,0.0,0.0,0.0,-0.1428,25.0,24.0,37.0,36.0,15.0,0.0,0.0,0.0,0.0,41.1292,64.0,9.111,0.0,0.0
2462.0,1.7562,0.0945,1.0,0.0795,1.2008,1.863,0.863,2.2922,1.2922,21.9946,1.8798,21.5817,1.8633,100.0,0.0,0.0,0.0,24.25,0.0,25.375,0.0,25.25,0.0,24.375,10.0,0.0,0.0084,53.2323,5.3233,2.0,6.5776,1.3272,0.0547,1.3696,0.1248,1.3773,1.003e-05,1.0008,0.0003,1.7699,11.0,0.0587,1.0016,0.1856,2.4905,0.0054,0.9578,0.0605,2.0033,0.0,0.0,0.0,-0.1425,25.0,24.0,37.0,36.0,14.0,0.0,0.0,0.0,0.0,41.1291,64.0,9.2852,0.0,0.0
2463.0,1.7562,0.0945,1.0,0.0796,1.2012,1.8628,0.8628,2.2924,1.2924,22.1318,1.8853,21.5763,1.8631,100.0,0.0,0.0,0.0,24.25,0.0,25.375,0.0,25.375,0.0,24.25,10.0,0.0,0.0075,53.2303,5.3231,2.0,6.6252,1.3285,0.1129,1.3759,0.1382,1.3787,1.003e-05,1.0008,0.0003,1.77,11.0,0.0604,1.0016,0.1851,2.4893,0.006,1.0001,0.0572,1.9791,0.0,0.0,0.0,-0.1424,25.0,24.0,37.0,36.0,13.0,0.0,0.0,0.0,0.0,41.1285,64.0,9.4556,0.0,0.0
2464.0,1.7559,0.0945,1.0,0.0796,1.2012,1.8633,0.8633,2.2926,1.2926,22.0984,1.8839,21.5647,1.8626,100.0,0.0,0.0,0.0,24.25,0.0,25.5,0.0,25.375,0.0,24.375,10.0,0.0,0.0072,53.2307,5.3227,2.0,6.6469,1.329,0.0755,1.3719,0.1276,1.3776,1.004e-05,1.0009,0.0003,1.7697,11.0,0.0655,1.0017,0.155,2.4123,0.0053,0.9446,0.0606,2.0043,0.0,0.0,0.0,-0.1426,25.0,24.0,37.0,36.0,15.0,0.0,0.0,0.0,0.0,41.129,64.0,9.6356,0.0,0.0
2465.0,1.7542,0.0943,1.0,0.0799,1.2019,1.8634,0.8634,2.2926,1.2926,21.9805,1.8792,21.5493,1.862,100.0,0.0,0.0,0.0,24.25,0.0,25.5,0.0,25.25,0.0,24.375,10.0,0.0,0.0074,53.2309,5.3231,2.0,6.6686,1.3296,0.1444,1.3794,0.1313,1.378,1.004e-05,1.001,0.0003,1.7707,11.0,0.0671,1.0018,0.1546,2.4112,0.0065,1.0373,0.0557,1.9673,0.0,0.0,0.0,-0.1425,25.0,24.0,37.0,36.0,12.0,0.0,0.0,0.0,0.0,41.1286,64.0,9.8113,0.0,0.0
2466.0,1.7541,0.0943,1.0,0.0795,1.2008,1.863,0.863,2.2926,1.2926,21.8812,1.8752,21.5524,1.8621,100.0,0.0,0.0,0.0,24.25,0.0,25.5,0.0,25.25,0.0,24.25,10.0,0.0,0.0076,53.2295,5.3231,2.0,6.7241,1.3311,0.1391,1.3788,0.1385,1.3787,1.004e-05,1.0009,0.0003,1.7711,11.0,0.0651,1.0017,0.1245,2.3171,0.006,0.9975,0.0541,1.9552,0.0,0.0,0.0,-0.1426,25.0,24.0,37.0,36.0,14.0,0.0,0.0,0.0,0.0,41.1287,64.0,9.9992,0.0,0.0
2467.0,1.7541,0.0943,1.0,0.0794,1.2007,1.863,0.863,2.2922,1.2922,21.9755,1.879,21.5783,1.8631,100.0,0.0,0.0,0.0,24.375,0.0,25.375,0.0,25.375,0.0,24.25,10.0,0.0,0.0076,53.2282,5.3228,2.0,6.757,1.3319,0.1346,1.3783,0.1231,1.3771,1.003e-05,1.0008,0.0003,1.7704,11.0,0.0578,1.0015,0.1294,2.3337,0.0057,0.9812,0.0518,1.9361,0.0,0.0,0.0,-0.1424,25.0,24.0,37.0,36.0,13.0,0.0,0.0,0.0,0.0,41.129,64.0,10.1984,0.0,0.0
2468.0,1.7541,0.0943,1.0,0.0796,1.2011,1.8628,0.8628,2.2924,1.2924,22.1187,1.8847,21.5778,1.8631,100.0,0.0,0.0,0.0,24.25,0.0,25.5,0.0,25.375,0.0,24.25,10.0,0.0,0.0074,53.2284,5.3225,2.0,6.692,1.3302,0.1456,1.3795,0.1344,1.3783,1.004e-05,1.0008,0.0003,1.77,11.0,0.06,1.0016,0.129,2.3324,0.0054,0.9554,0.0601,2.0005,0.0,0.0,0.0,-0.1421,25.0,24.0,37.0,36.0,13.0,0.0,0.0,0.0,0.0,41.1288,64.0,10.363,0.0,0.0
2469.0,1.7541,0.0943,1.0,0.0792,1.2002,1.8633,0.8633,2.2925,1.2925,22.0948,1.8838,21.556,1.8622,100.0,0.0,0.0,0.0,24.25,0.0,25.5,0.0,25.375,0.0,24.25,10.0,0.0,0.008,53.2281,5.3228,2.0,6.8215,1.3336,0.1942,1.3848,0.1209,1.3768,1.003e-05,1.0007,0.0003,1.7707,11.0,0.0563,1.0015,0.1314,2.3405,0.006,1.0016,0.0628,2.0197,0.0,0.0,0.0,-0.1422,25.0,24.0,37.0,36.0,13.0,0.0,0.0,0.0,0.0,41.1288,64.0,10.5333,0.0,0.0
2470.0,1.7545,0.0943,1.0,0.0795,1.201,1.8633,0.8633,2.2925,1.2925,21.9999,1.88,21.5497,1.862,100.0,0.0,0.0,0.0,24.375,0.0,25.5,0.0,25.375,0.0,24.375,10.0,0.0,0.0075,53.2268,5.3228,2.0,6.8415,1.3341,0.1844,1.3838,0.1281,1.3776,1.004e-05,1.0008,0.0003,1.7694,11.0,0.063,1.0017,0.1144,2.2805,0.0063,1.0197,0.0596,1.9972,0.0,0.0,0.0,-0.1424,25.0,24.0,37.0,36.0,13.0,0.0,0.0,0.0,0.0,41.1284,64.0,10.7219,0.0,0.0
2471.0,1.7551,0.0944,1.0,0.0798,1.2016,1.8633,0.8633,2.2924,1.2924,21.8955,1.8758,21.5536,1.8621,100.0,0.0,0.0,0.0,24.375,0.0,25.375,0.0,25.5,0.0,24.25,10.0,0.0,0.0079,53.226,5.3225,2.0,6.9423,1.3366,0.242,1.39,0.1298,1.3778,1.004e-05,1.0009,0.0003,1.7704,11.0,0.0679,1.0018,0.1147,2.2815,0.0055,0.9624,0.0509,1.929,0.0,0.0,0.0,-0.1426,25.0,24.0,37.0,36.0,14.0,0.0,0.0,0.0,0.0,41.1284,64.0,10.9076,0.0,0.0
2472.0,1.7552,0.0944,1.0,0.0796,1.201,1.8631,0.8631,2.2922,1.2922,21.9414,1.8777,21.569,1.8628,100.0,0.0,0.0,0.0,24.25,0.0,25.375,0.0,25.375,0.0,24.375,10.0,0.0,0.0075,53.2261,5.3225,2.0,6.8634,1.3346,0.1874,1.3841,0.1237,1.3771,1.004e-05,1.001,0.0003,1.7708,11.0,0.0674,1.0018,0.1605,2.4274,0.0053,0.9445,0.0528,1.9447,0.0,0.0,0.0,-0.1424,25.0,24.0,37.0,36.0,15.0,0.0,0.0,0.0,0.0,41.1287,64.0,11.0735,0.0,0.0
2473.0,1.7551,0.0944,1.0,0.0796,1.2012,1.8628,0.8628,2.2922,1.2922,22.1029,1.8841,21.5823,1.8633,100.0,0.0,0.0,0.0,24.25,0.0,25.375,0.0,25.375,0.0,24.375,10.0,0.0,0.0069,53.2255,5.3226,2.0,6.8614,1.3346,0.1733,1.3825,0.135,1.3784,1.004e-05,1.0009,0.0003,1.7703,11.0,0.0645,1.0017,0.171,2.4548,0.0057,0.9778,0.0498,1.9194,0.0,0.0,0.0,-0.1423,25.0,24.0,37.0,37.0,14.0,0.0,0.0,0.0,0.0,41.1289,64.0,11.2487,0.0,0.0
2474.0,1.7552,0.0944,1.0,0.0792,1.2001,1.8632,0.8632,2.2926,1.2926,22.1169,1.8847,21.5672,1.8627,100.0,0.0,0.0,0.0,24.25,0.0,25.375,0.0,25.375,0.0,24.375,10.0,0.0,0.0077,53.2241,5.3224,2.0,6.8377,1.334,0.1506,1.3801,0.1138,1.3761,1.003e-05,1.0008,0.0003,1.7696,11.0,0.0577,1.0015,0.1737,2.4616,0.0055,0.9646,0.0713,2.0752,0.0,0.0,0.0,-0.1421,25.0,24.0,37.0,37.0,13.0,0.0,0.0,0.0,0.0,41.1293,64.0,11.4347,0.0,0.0
2475.0,1.7552,0.0944,1.0,0.0796,1.2012,1.863,0.863,2.2925,1.2925,22.0221,1.8809,21.5508,1.862,100.0,0.0,0.0,0.0,24.25,0.0,25.375,0.0,25.25,0.0,24.25,10.0,0.0,0.0082,53.2239,5.3223,2.0,6.9268,1.3362,0.2123,1.3868,0.1248,1.3772,1.004e-05,1.0009,0.0003,1.7695,11.0,0.0606,1.0016,0.1624,2.4323,0.0071,1.0737,0.0741,2.0917,0.0,0.0,0.0,-0.1422,25.0,24.0,37.0,37.0,14.0,0.0,0.0,0.0,0.0,41.1288,64.0,11.6119,0.0,0.0
2476.0,1.7542,0.0943,1.0,0.0797,1.2015,1.863,0.863,2.2924,1.2924,21.9148,1.8766,21.5478,1.8619,100.0,0.0,0.0,0.0,24.25,0.0,25.375,0.0,25.375,0.0,24.375,10.0,0.0,0.0072,53.2232,5.3222,2.0,6.9863,1.3377,0.222,1.3879,0.1177,1.3765,1.004e-05,1.0009,0.0003,1.7696,11.0,0.0665,1.0018,0.13,2.3359,0.0061,1.0106,0.0798,2.124,0.0,0.0,0.0,-0.1429,25.0,24.0,37.0,37.0,12.0,0.0,0.0,0.0,0.0,41.1287,64.0,11.8201,0.0,0.0
2477.0,1.7521,0.094,1.0,0.0797,1.2014,1.8627,0.8627,2.2922,1.2922,21.9393,1.8776,21.5655,1.8626,100.0,0.0,0.0,0.0,24.375,0.0,25.375,0.0,25.25,0.0,24.375,10.0,0.0,0.0075,53.2226,5.3222,2.0,6.9327,1.3364,0.1743,1.3826,0.1202,1.3768,1.004e-05,1.001,0.0003,1.7703,11.0,0.0664,1.0018,0.1364,2.3566,0.0058,0.9887,0.0781,2.1145,0.0,0.0,0.0,-0.1426,25.0,24.0,37.0,36.0,15.0,0.0,0.0,0.0,0.0,41.1289,64.0,11.9772,0.0,0.0
2478.0,1.754,0.0942,1.0,0.0797,1.2013,1.8628,0.8628,2.2922,1.2922,22.094,1.8838,21.5735,1.8629,100.0,0.0,0.0,0.0,24.25,0.0,25.375,0.0,25.375,0.0,24.25,10.0,0.0,0.0077,53.2219,5.3222,2.0,6.9269,1.3362,0.1852,1.3838,0.1266,1.3775,1.004e-05,1.0009,0.0003,1.7714,11.0,0.0621,1.0017,0.1225,2.3098,0.0055,0.9643,0.0757,2.1008,0.0,0.0,0.0,-0.1428,25.0,24.0,37.0,36.0,14.0,0.0,0.0,0.0,0.0,41.1298,64.0,12.1678,0.0,0.0
2479.0,1.7541,0.0943,1.0,0.0795,1.2008,1.8627,0.8627,2.2926,1.2926,22.1148,1.8846,21.5574,1.8623,100.0,0.0,0.0,0.0,24.375,0.0,25.375,0.0,25.375,0.0,24.375,10.0,0.0,0.0075,53.2215,5.3221,2.0,6.9222,1.3361,0.156,1.3807,0.1123,1.3759,1.004e-05,1.0009,0.0003,1.77,11.0,0.063,1.0017,0.1168,2.2894,0.0062,1.0132,0.0749,2.0963,0.0,0.0,0.0,-0.1425,25.0,24.0,37.0,36.0,15.0,0.0,0.0,0.0,0.0,41.1291,64.0,12.3558,0.0,0.0
2480.0,1.7538,0.0942,1.0,0.0796,1.201,1.8629,0.8629,2.2926,1.2926,22.0398,1.8816,21.5512,1.862,100.0,0.0,0.0,0.0,24.25,0.0,25.5,0.0,25.375,0.0,24.25,10.0,0.0,0.0074,53.2208,5.322,2.0,6.8855,1.3352,0.214,1.387,0.1245,1.3772,1.003e-05,1.0008,0.0003,1.77,11.0,0.0617,1.0016,0.1136,2.2772,0.0059,0.992,0.0697,2.0654,0.0,0.0,0.0,-0.1428,25.0,24.0,37.0,36.0,16.0,0.0,0.0,0.0,0.0,41.1291,64.0,12.5735,0.0,0.0
2481.0,1.7541,0.0943,1.0,0.0795,1.2009,1.8634,0.8634,2.2925,1.2925,21.9286,1.8771,21.5565,1.8623,100.0,0.0,0.0,0.0,24.25,0.0,25.5,0.0,25.375,0.0,24.5,10.0,0.0,0.0078,53.2202,5.322,2.0,6.9559,1.3369,0.1564,1.3807,0.108,1.3754,1.004e-05,1.0008,0.0003,1.7697,11.0,0.0604,1.0016,0.1368,2.358,0.0056,0.9728,0.072,2.0794,0.0,0.0,0.0,-0.1425,25.0,24.0,37.0,36.0,13.0,0.0,0.0,0.0,0.0,41.1286,64.0,12.7464,0.0,0.0
2482.0,1.7546,0.0943,1.0,0.0797,1.2015,1.8628,0.8628,2.2922,1.2922,21.9046,1.8762,21.5619,1.8625,100.0,0.0,0.0,0.0,24.25,0.0,25.375,0.0,25.375,0.0,24.25,10.0,0.0,0.0072,53.2194,5.3219,2.0,6.8641,1.3346,0.0907,1.3735,0.1188,1.3766,1.004e-05,1.0009,0.0003,1.7707,11.0,0.0637,1.0017,0.1434,2.3784,0.0061,1.0075,0.0706,2.0707,0.0,0.0,0.0,-0.1426,25.0,24.0,37.0,36.0,14.0,0.0,0.0,0.0,0.0,41.1281,64.0,12.9191,0.0,0.0
2483.0,1.7556,0.0944,1.0,0.0799,1.202,1.8624,0.8624,2.2924,1.2924,22.0604,1.8824,21.5756,1.863,100.0,0.0,0.0,0.0,24.25,0.0,25.5,0.0,25.375,0.0,24.25,10.0,0.0,0.0078,53.2192,5.3219,2.0,6.7327,1.3313,0.0222,1.3661,0.1187,1.3766,1.004e-05,1.001,0.0003,1.7705,11.0,0.069,1.0018,0.1603,2.4268,0.006,0.9996,0.0797,2.1235,0.0,0.0,0.0,-0.1425,25.0,24.0,37.0,36.0,15.0,0.0,0.0,0.0,0.0,41.1284,64.0,13.08,0.0,0.0
2484.0,1.7552,0.0944,1.0,0.0796,1.2011,1.8631,0.8631,2.2926,1.2926,22.1274,1.8851,21.5691,1.8628,100.0,0.0,0.0,0.0,24.25,0.0,25.5,0.0,25.5,0.0,24.25,10.0,0.0,0.0079,53.2184,5.3218,2.0,6.8305,1.3338,0.1148,1.3762,0.1099,1.3756,1.004e-05,1.0009,0.0003,1.7699,11.0,0.0644,1.0017,0.1482,2.3927,0.0062,1.0148,0.0712,2.0741,0.0,0.0,0.0,-0.1423,25.0,24.0,37.0,36.0,13.0,0.0,0.0,0.0,0.0,41.1288,64.0,13.3043,0.0,0.0
2485.0,1.7541,0.0943,1.0,0.0794,1.2006,1.8634,0.8634,2.2926,1.2926,22.0585,1.8823,21.5606,1.8624,100.0,0.0,0.0,0.0,24.25,0.0,25.5,0.0,25.375,0.0,24.375,10.0,0.0,0.008,53.218,5.3218,2.0,6.9393,1.3365,0.1445,1.3794,0.1204,1.3768,1.003e-05,1.0008,0.0003,1.7714,11.0,0.0605,1.0016,0.1352,2.353,0.006,0.9976,0.072,2.0792,0.0,0.0,0.0,-0.1424,25.0,24.0,37.0,36.0,15.0,0.0,0.0,0.0,0.0,41.1297,64.0,13.4648,0.0,0.0
2486.0,1.7544,0.0943,1.0,0.0796,1.2013,1.8634,0.8634,2.2925,1.2925,21.9401,1.8776,21.5567,1.8623,100.0,0.0,0.0,0.0,24.25,0.0,25.375,0.0,25.375,0.0,24.25,10.0,0.0,0.0079,53.2174,5.3217,2.0,6.861,1.3346,0.0759,1.3719,0.1069,1.3753,1.004e-05,1.0008,0.0003,1.7708,11.0,0.0614,1.0016,0.1328,2.3452,0.0063,1.0183,0.068,2.054,0.0,0.0,0.0,-0.1424,25.0,24.0,37.0,36.0,13.0,0.0,0.0,0.0,0.0,41.1291,64.0,13.6537,0.0,0.0
2487.0,1.7551,0.0944,1.0,0.0796,1.2012,1.8629,0.8629,2.2923,1.2923,21.8975,1.8759,21.5611,1.8624,100.0,0.0,0.0,0.0,24.25,0.0,25.375,0.0,25.375,0.0,24.375,10.0,0.0,0.0073,53.2166,5.3216,2.0,6.7353,1.3313,-0.0003,1.3636,0.1158,1.3763,1.004e-05,1.0009,0.0003,1.7718,11.0,0.0652,1.0017,0.124,2.3152,0.0061,1.0051,0.0653,2.0367,0.0,0.0,0.0,-0.1425,25.0,24.0,37.0,36.0,14.0,0.0,0.0,0.0,0.0,41.1289,64.0,13.8394,0.0,0.0
2488.0,1.7552,0.0944,1.0,0.0799,1.202,1.8623,0.8623,2.2924,1.2924,22.0873,1.8832,21.5737,1.863,100.0,0.0,0.0,0.0,24.375,0.0,25.375,0.0,25.375,0.0,24.25,10.0,0.0,0.0074,53.2159,5.3215,2.0,6.5726,1.3271,-0.0718,1.3558,0.1231,1.3771,1.004e-05,1.001,0.0003,1.7705,11.0,0.0666,1.0018,0.1276,2.3277,0.0064,1.0293,0.057,1.9777,0.0,0.0,0.0,-0.1425,25.0,24.0,37.0,36.0,12.0,0.0,0.0,0.0,0.0,41.1281,64.0,14.0449,0.0,0.0
2489.0,1.7555,0.0944,1.0,0.0796,1.2011,1.8627,0.8627,2.2926,1.2926,22.1231,1.8849,21.5601,1.8624,100.0,0.0,0.0,0.0,24.125,0.0,25.375,0.0,25.375,0.0,24.375,10.0,0.0,0.0072,53.2154,5.3215,2.0,6.5452,1.3264,-0.0699,1.356,0.1059,1.3752,1.004e-05,1.0009,0.0003,1.7712,11.0,0.0659,1.0018,0.167,2.4447,0.0063,1.0183,0.0602,2.0014,0.0,0.0,0.0,-0.1423,25.0,24.0,37.0,36.0,14.0,0.0,0.0,0.0,0.0,41.1292,64.0,14.2238,0.0,0.0
2490.0,1.7572,0.0946,1.0,0.0795,1.2009,1.8634,0.8634,2.2922,1.2922,22.0572,1.8823,21.5603,1.8624,100.0,0.0,0.0,0.0,24.25,0.0,25.375,0.0,25.375,0.0,24.25,10.0,0.0,0.0072,53.2146,5.3214,2.0,6.5225,1.3258,-0.1118,1.3514,0.1183,1.3765,1.004e-05,1.0009,0.0003,1.7723,11.0,0.0639,1.0017,0.186,2.4914,0.0067,1.0465,0.0544,1.9572,0.0,0.0,0.0,-0.1424,25.0,24.0,37.0,36.0,14.0,0.0,0.0,0.0,0.0,41.1288,64.0,14.4282,0.0,0.0
2491.0,1.7581,0.0948,1.0,0.0797,1.2015,1.8634,0.8634,2.2925,1.2925,21.969,1.8788,21.5595,1.8624,100.0,0.0,0.0,0.0,24.25,0.0,25.375,0.0,25.375,0.0,24.25,10.0,0.0,0.0084,53.2143,5.3214,2.0,6.4685,1.3243,-0.0866,1.3542,0.1045,1.375,1.004e-05,1.0009,0.0003,1.7712,11.0,0.0629,1.0017,0.1949,2.5116,0.0064,1.0307,0.0512,1.9308,0.0,0.0,0.0,-0.1423,25.0,24.0,37.0,36.0,14.0,0.0,0.0,0.0,0.0,41.1289,64.0,14.6124,0.0,0.0
2492.0,1.7572,0.0947,1.0,0.0794,1.2005,1.8633,0.8633,2.2923,1.2923,21.8891,1.8756,21.5692,1.8628,100.0,0.0,0.0,0.0,24.25,0.0,25.5,0.0,25.375,0.0,24.25,10.0,0.0,0.0081,53.2137,5.3213,2.0,6.6824,1.33,0.0215,1.366,0.1105,1.3757,1.003e-05,1.0008,0.0003,1.7711,11.0,0.0585,1.0016,0.2284,2.5805,0.0062,1.012,0.0504,1.9245,0.0,0.0,0.0,-0.1426,25.0,24.0,37.0,36.0,14.0,0.0,0.0,0.0,0.0,41.1285,64.0,14.7976,0.0,0.0
2493.0,1.7534,0.0942,1.0,0.0796,1.2013,1.8629,0.8629,2.2921,1.2921,22.0178,1.8807,21.5832,1.8633,100.0,0.0,0.0,0.0,24.25,0.0,25.375,0.0,25.25,0.0,24.375,10.0,0.0,0.0079,53.2136,5.3213,2.0,6.739,1.3314,0.019,1.3657,0.1151,1.3762,1.003e-05,1.0008,0.0003,1.7707,11.0,0.0619,1.0017,0.2434,2.6081,0.006,0.9997,0.0539,1.9533,0.0,0.0,0.0,-0.1423,25.0,24.0,37.0,36.0,14.0,0.0,0.0,0.0,0.0,41.1293,64.0,14.9655,0.0,0.0
2494.0,1.751,0.0939,1.0,0.0796,1.2012,1.8628,0.8628,2.2924,1.2924,22.1266,1.8851,21.5748,1.863,100.0,0.0,0.0,0.0,24.25,0.0,25.375,0.0,25.375,0.0,24.25,10.0,0.0,0.0076,53.2128,5.3212,2.0,6.5962,1.3277,-0.0734,1.3556,0.106,1.3752,1.004e-05,1.0009,0.0003,1.7703,11.0,0.0663,1.0018,0.216,2.5563,0.0066,1.044,0.049,1.9118,0.0,0.0,0.0,-0.1426,25.0,24.0,37.0,36.0,13.0,0.0,0.0,0.0,0.0,41.1294,64.0,15.1579,0.0,0.0
2495.0,1.7499,0.0937,1.0,0.0798,1.2018,1.863,0.863,2.293,1.293,22.0765,1.8831,21.5532,1.8621,100.0,0.0,0.0,0.0,24.375,0.0,25.375,0.0,25.375,0.0,24.25,10.0,0.0,0.0071,53.2121,5.3212,2.0,6.475,1.3245,-0.1361,1.3488,0.1179,1.3765,1.004e-05,1.001,0.0003,1.7714,11.0,0.0681,1.0018,0.2315,2.5865,0.0069,1.058,0.0479,1.9023,0.0,0.0,0.0,-0.1424,25.0,24.0,37.0,36.0,14.0,0.0,0.0,0.0,0.0,41.1287,64.0,15.3429,0.0,0.0
2496.0,1.7491,0.0936,1.0,0.0797,1.2015,1.8631,0.8631,2.2926,1.2926,21.9645,1.8786,21.5482,1.8619,100.0,0.0,0.0,0.0,24.25,0.0,25.375,0.0,25.5,0.0,24.375,10.0,0.0,0.0074,53.2114,5.3211,2.0,6.3299,1.3206,-0.2075,1.341,0.1019,1.3748,1.004e-05,1.0009,0.0003,1.7714,11.0,0.0668,1.0018,0.205,2.5337,0.0062,1.0169,0.04,1.8244,0.0,0.0,0.0,-0.1426,24.0,24.0,37.0,36.0,15.0,0.0,0.0,0.0,0.0,41.1288,64.0,15.543,0.0,0.0
2497.0,1.7512,0.0939,1.0,0.0796,1.201,1.8633,0.8633,2.2923,1.2923,21.8807,1.8752,21.5537,1.8621,100.0,0.0,0.0,0.0,24.25,0.0,25.375,0.0,25.25,0.0,24.25,10.0,0.0,0.0079,53.2111,5.3211,2.0,6.3282,1.3205,-0.179,1.3441,0.1093,1.3756,1.004e-05,1.0009,0.0003,1.7707,11.0,0.0641,1.0017,0.2134,2.551,0.0067,1.0453,0.0384,1.8057,0.0,0.0,0.0,-0.1423,24.0,24.0,37.0,36.0,11.0,0.0,0.0,0.0,0.0,41.1283,64.0,15.7216,0.0,0.0
2498.0,1.7541,0.0943,1.0,0.0795,1.2007,1.8625,0.8625,2.2922,1.2922,22.012,1.8805,21.572,1.8629,100.0,0.0,0.0,0.0,24.375,0.0,25.375,0.0,25.25,0.0,24.25,10.0,0.0,0.0071,53.2102,5.321,2.0,6.4316,1.3233,-0.0933,1.3535,0.1142,1.3761,1.003e-05,1.0007,0.0003,1.7713,11.0,0.0599,1.0016,0.2507,2.621,0.0062,1.0126,0.0536,1.9513,0.0,0.0,0.0,-0.1429,24.0,24.0,37.0,37.0,15.0,0.0,0.0,0.0,0.0,41.1285,64.0,15.9186,0.0,0.0
2499.0,1.7546,0.0943,1.0,0.0795,1.201,1.8624,0.8624,2.2924,1.2924,22.1324,1.8853,21.5646,1.8626,100.0,0.0,0.0,0.0,24.25,0.0,25.375,0.0,25.375,0.0,24.375,10.0,0.0,0.0082,53.21,5.321,2.0,6.4067,1.3227,-0.1241,1.3501,0.1008,1.3746,1.004e-05,1.0008,0.0003,1.7698,11.0,0.061,1.0016,0.2355,2.5939,0.0063,1.0183,0.0511,1.9301,0.0,0.0,0.0,-0.1424,24.0,24.0,37.0,37.0,13.0,0.0,0.0,0.0,0.0,41.1286,64.0,16.1278,0.0,0.0
2500.0,1.7551,0.0944,1.0,0.0797,1.2014,1.8629,0.8629,2.2926,1.2926,22.0946,1.8838,21.5533,1.8621,100.0,0.0,0.0,0.0,24.25,0.0,25.5,0.0,25.25,0.0,24.375,10.0,0.0,0.0077,53.2094,5.3209,2.0,6.463,1.3242,-0.053,1.3579,0.1132,1.376,1.003e-05,1.0008,0.0003,1.7712,11.0,0.0612,1.0016,0.2297,2.5831,0.0064,1.0284,0.0515,1.9333,0.0,0.0,0.0,-0.1421,25.0,24.0,37.0,37.0,14.0,0.0,0.0,0.0,0.0,41.1288,64.0,16.3069,0.0,0.0
2501.0,1.7552,0.0944,1.0,0.0796,1.2013,1.8634,0.8634,2.2925,1.2925,22.0085,1.8803,21.5605,1.8624,100.0,0.0,0.0,0.0,24.25,0.0,25.5,0.0,25.375,0.0,24.5,10.0,0.0,0.0076,53.2089,5.3209,2.0,6.5004,1.3252,-0.0817,1.3547,0.098,1.3743,1.004e-05,1.0009,0.0003,1.7708,11.0,0.061,1.0016,0.1864,2.4923,0.0058,0.9821,0.049,1.9122,0.0,0.0,0.0,-0.1421,25.0,24.0,37.0,37.0,14.0,0.0,0.0,0.0,0.0,41.129,64.0,16.4804,0.0,0.0
2502.0,1.7562,0.0945,1.0,0.0797,1.2014,1.8634,0.8634,2.292,1.292,21.8856,1.8754,21.5587,1.8623,100.0,0.0,0.0,0.0,24.375,0.0,25.5,0.0,25.25,0.0,24.25,10.0,0.0,0.0078,53.2084,5.3208,2.0,6.5138,1.3255,-0.0198,1.3615,0.1067,1.3753,1.004e-05,1.0009,0.0003,1.7715,11.0,0.0603,1.0016,0.2146,2.5536,0.0068,1.0526,0.0444,1.8691,0.0,0.0,0.0,-0.1422,25.0,24.0,37.0,37.0,14.0,0.0,0.0,0.0,0.0,41.1295,64.0,16.6646,0.0,0.0
2503.0,1.7562,0.0945,1.0,0.0797,1.2014,1.8627,0.8627,2.2922,1.2922,21.9563,1.8783,21.5693,1.8628,100.0,0.0,0.0,0.0,24.25,0.0,25.5,0.0,25.25,0.0,24.25,10.0,0.0,0.008,53.2079,5.3208,2.0,6.6139,1.3282,0.0195,1.3658,0.115,1.3762,1.004e-05,1.001,0.0003,1.7705,11.0,0.0684,1.0018,0.2232,2.5706,0.0065,1.0356,0.0415,1.8402,0.0,0.0,0.0,-0.1426,25.0,24.0,37.0,37.0,15.0,0.0,0.0,0.0,0.0,41.1291,64.0,16.8318,0.0,0.0
2504.0,1.7562,0.0945,1.0,0.0799,1.2021,1.8624,0.8624,2.2924,1.2924,22.1163,1.8847,21.5701,1.8628,100.0,0.0,0.0,0.0,24.25,0.0,25.5,0.0,25.25,0.0,24.375,10.0,0.0,0.0079,53.207,5.3207,2.0,6.6821,1.33,0.0564,1.3698,0.101,1.3747,1.004e-05,1.001,0.0003,1.7714,11.0,0.0683,1.0018,0.2254,2.5749,0.0062,1.0175,0.0441,1.8667,0.0,0.0,0.0,-0.1424,25.0,24.0,37.0,37.0,13.0,0.0,0.0,0.0,0.0,41.1293,64.0,17.0199,0.0,0.0
2505.0,1.7554,0.0944,1.0,0.0795,1.2009,1.8628,0.8628,2.2926,1.2926,22.1049,1.8842,21.5549,1.8622,100.0,0.0,0.0,0.0,24.25,0.0,25.5,0.0,25.375,0.0,24.25,10.0,0.0,0.0075,53.2067,5.3207,2.0,6.6141,1.3282,-0.0168,1.3618,0.1122,1.3759,1.004e-05,1.001,0.0003,1.7725,11.0,0.0673,1.0018,0.2302,2.584,0.0055,0.9605,0.0392,1.8148,0.0,0.0,0.0,-0.1423,25.0,24.0,37.0,37.0,13.0,0.0,0.0,0.0,0.0,41.1289,64.0,17.1943,0.0,0.0
2506.0,1.7563,0.0945,1.0,0.0796,1.2012,1.8634,0.8634,2.2925,1.2925,22.0098,1.8804,21.5503,1.862,100.0,0.0,0.0,0.0,24.25,0.0,25.5,0.0,25.375,0.0,24.375,10.0,0.0,0.0082,53.2061,5.3206,2.0,6.4608,1.3241,-0.0836,1.3545,0.0966,1.3742,1.004e-05,1.0009,0.0003,1.7709,11.0,0.0644,1.0017,0.2483,2.6169,0.0064,1.0298,0.0411,1.8352,0.0,0.0,0.0,-0.1424,25.0,24.0,37.0,36.0,15.0,0.0,0.0,0.0,0.0,41.1293,64.0,17.3827,0.0,0.0
2507.0,1.7563,0.0945,1.0,0.0796,1.201,1.8634,0.8634,2.2923,1.2923,21.8836,1.8753,21.5482,1.8619,100.0,0.0,0.0,0.0,24.25,0.0,25.375,0.0,25.375,0.0,24.375,10.0,0.0,0.0081,53.2052,5.3205,2.0,6.4749,1.3245,-0.1029,1.3524,0.1009,1.3746,1.004e-05,1.0008,0.0003,1.7716,11.0,0.058,1.0015,0.2353,2.5935,0.0056,0.9696,0.0378,1.7998,0.0,0.0,0.0,-0.1423,25.0,24.0,37.0,36.0,13.0,0.0,0.0,0.0,0.0,41.1289,64.0,17.552,0.0,0.0
2508.0,1.7562,0.0945,1.0,0.0791,1.1998,1.863,0.863,2.2922,1.2922,21.9597,1.8784,21.5785,1.8631,100.0,0.0,0.0,0.0,24.375,0.0,25.375,0.0,25.375,0.0,24.25,10.0,0.0,0.0076,53.2048,5.3204,2.0,6.3901,1.3222,-0.0818,1.3547,0.1076,1.3754,1.004e-05,1.0009,0.0003,1.7702,11.0,0.0617,1.0016,0.1972,2.5168,0.0056,0.9738,0.0367,1.786,0.0,0.0,0.0,-0.1421,25.0,24.0,37.0,36.0,14.0,0.0,0.0,0.0,0.0,41.1284,64.0,17.7605,0.0,0.0
2509.0,1.7562,0.0945,1.0,0.0796,1.2011,1.8628,0.8628,2.2923,1.2923,22.1086,1.8843,21.5716,1.8629,100.0,0.0,0.0,0.0,24.25,0.0,25.375,0.0,25.375,0.0,24.375,10.0,0.0,0.0081,53.2042,5.3204,2.0,6.502,1.3252,-0.0255,1.3609,0.0935,1.3738,1.003e-05,1.0008,0.0003,1.771,11.0,0.0607,1.0016,0.1585,2.4219,0.0063,1.02,0.0319,1.7253,0.0,0.0,0.0,-0.1427,25.0,24.0,37.0,36.0,13.0,0.0,0.0,0.0,0.0,41.1285,64.0,17.9264,0.0,0.0
2510.0,1.7568,0.0946,1.0,0.0798,1.2016,1.8628,0.8628,2.2926,1.2926,22.106,1.8842,21.5564,1.8623,100.0,0.0,0.0,0.0,24.375,0.0,25.5,0.0,25.375,0.0,24.375,10.0,0.0,0.0078,53.2038,5.3203,2.0,6.5221,1.3258,0.0273,1.3666,0.1061,1.3752,1.004e-05,1.0008,0.0003,1.7717,11.0,0.0616,1.0016,0.1646,2.4382,0.0064,1.0305,0.0333,1.7439,0.0,0.0,0.0,-0.1421,25.0,24.0,37.0,36.0,13.0,0.0,0.0,0.0,0.0,41.1285,64.0,18.101,0.0,0.0
2511.0,1.7573,0.0947,1.0,0.0797,1.2015,1.863,0.863,2.2925,1.2925,22.0288,1.8812,21.5503,1.862,100.0,0.0,0.0,0.0,24.125,0.0,25.5,0.0,25.375,0.0,24.25,10.0,0.0,0.008,53.2031,5.3203,2.0,6.6212,1.3284,0.0292,1.3668,0.097,1.3742,1.004e-05,1.0009,0.0003,1.7719,11.0,0.0643,1.0017,0.187,2.4937,0.0061,1.0068,0.032,1.7275,0.0,0.0,0.0,-0.1426,25.0,24.0,37.0,36.0,13.0,0.0,0.0,0.0,0.0,41.1286,64.0,18.2865,0.0,0.0
2512.0,1.7551,0.0944,1.0,0.0797,1.2014,1.8634,0.8634,2.2921,1.2921,21.9113,1.8765,21.5549,1.8622,100.0,0.0,0.0,0.0,24.25,0.0,25.5,0.0,25.375,0.0,24.375,10.0,0.0,0.0083,53.2029,5.3202,2.0,6.5624,1.3268,0.0012,1.3638,0.1009,1.3746,1.004e-05,1.0009,0.0003,1.7728,11.0,0.0638,1.0017,0.1577,2.4196,0.007,1.0646,0.0303,1.7037,0.0,0.0,0.0,-0.142,25.0,24.0,37.0,36.0,15.0,0.0,0.0,0.0,0.0,41.1285,64.0,18.466,0.0,0.0
2513.0,1.7532,0.0941,1.0,0.0796,1.2012,1.8632,0.8632,2.2921,1.2921,21.9149,1.8766,21.5637,1.8625,100.0,0.0,0.0,0.0,24.25,0.0,25.375,0.0,25.375,0.0,24.25,10.0,0.0,0.0079,53.2021,5.3202,2.0,6.4852,1.3248,-0.0559,1.3575,0.1087,1.3755,1.004e-05,1.0008,0.0003,1.7719,11.0,0.0643,1.0017,0.1549,2.412,0.0056,0.9736,0.0301,1.701,0.0,0.0,0.0,-0.1427,25.0,24.0,37.0,36.0,13.0,0.0,0.0,0.0,0.0,41.1282,64.0,18.6313,0.0,0.0
2514.0,1.753,0.0941,1.0,0.0797,1.2014,1.8624,0.8624,2.2921,1.2921,22.0867,1.8835,21.5735,1.8629,100.0,0.0,0.0,0.0,24.25,0.0,25.375,0.0,25.375,0.0,24.25,10.0,0.0,0.0084,53.2018,5.3201,2.0,6.4689,1.3243,-0.0764,1.3553,0.093,1.3738,1.004e-05,1.001,0.0003,1.7726,11.0,0.0679,1.0018,0.2036,2.5306,0.006,1.002,0.0281,1.6707,0.0,0.0,0.0,-0.1423,25.0,24.0,37.0,36.0,15.0,0.0,0.0,0.0,0.0,41.1286,64.0,18.8203,0.0,0.0
2515.0,1.754,0.0943,1.0,0.0797,1.2014,1.8627,0.8627,2.2926,1.2926,22.1166,1.8847,21.5585,1.8623,100.0,0.0,0.0,0.0,24.25,0.0,25.5,0.0,25.375,0.0,24.25,10.0,0.0,0.0084,53.2011,5.32,2.0,6.447,1.3237,-0.0273,1.3607,0.1051,1.3751,1.004e-05,1.001,0.0003,1.7714,11.0,0.0659,1.0018,0.1799,2.477,0.0063,1.0239,0.0446,1.8713,0.0,0.0,0.0,-0.1425,25.0,24.0,37.0,36.0,15.0,0.0,0.0,0.0,0.0,41.1287,64.0,19.0026,0.0,0.0
2516.0,1.7542,0.0943,1.0,0.0795,1.2008,1.8634,0.8634,2.2925,1.2925,22.0274,1.8811,21.5509,1.862,100.0,0.0,0.0,0.0,24.25,0.0,25.375,0.0,25.25,0.0,24.25,10.0,0.0,0.0079,53.2003,5.32,2.0,6.472,1.3244,0.0144,1.3652,0.1093,1.3756,1.004e-05,1.0009,0.0003,1.7721,11.0,0.0638,1.0017,0.1935,2.5086,0.0064,1.0291,0.0424,1.8493,0.0,0.0,0.0,-0.1429,25.0,24.0,37.0,36.0,15.0,0.0,0.0,0.0,0.0,41.1283,64.0,19.2285,0.0,0.0
2517.0,1.7552,0.0944,1.0,0.0795,1.2009,1.8631,0.8631,2.2924,1.2924,21.9294,1.8772,21.5484,1.8619,100.0,0.0,0.0,0.0,24.25,0.0,25.5,0.0,25.375,0.0,24.25,10.0,0.0,0.0083,53.1998,5.32,2.0,6.5338,1.3261,-0.0386,1.3594,0.0947,1.374,1.004e-05,1.0008,0.0003,1.7728,11.0,0.0612,1.0016,0.1876,2.4951,0.0066,1.042,0.0495,1.9164,0.0,0.0,0.0,-0.1426,25.0,24.0,37.0,36.0,13.0,0.0,0.0,0.0,0.0,41.1286,64.0,19.3668,0.0,0.0
2518.0,1.7571,0.0946,1.0,0.0793,1.2002,1.8629,0.8629,2.2923,1.2923,21.9047,1.8762,21.5623,1.8625,100.0,0.0,0.0,0.0,24.25,0.0,25.5,0.0,25.25,0.0,24.25,10.0,0.0,0.0077,53.199,5.3199,2.0,6.4942,1.325,-0.0326,1.3601,0.1053,1.3751,1.003e-05,1.0008,0.0003,1.7711,11.0,0.0589,1.0016,0.1859,2.4911,0.0059,0.9945,0.0533,1.9488,0.0,0.0,0.0,-0.1421,25.0,24.0,37.0,36.0,12.0,0.0,0.0,0.0,0.0,41.1289,64.0,19.5554,0.0,0.0
2519.0,1.7564,0.0945,1.0,0.0797,1.2013,1.8628,0.8628,2.2921,1.2921,22.0728,1.8829,21.576,1.863,100.0,0.0,0.0,0.0,24.25,0.0,25.5,0.0,25.25,0.0,24.5,10.0,0.0,0.0081,53.1987,5.3198,2.0,6.5285,1.3259,0.0335,1.3673,0.1057,1.3752,1.003e-05,1.0008,0.0003,1.7714,11.0,0.0601,1.0016,0.1767,2.4691,0.0056,0.9694,0.049,1.9122,0.0,0.0,0.0,-0.1425,25.0,24.0,37.0,36.0,12.0,0.0,0.0,0.0,0.0,41.1291,64.0,19.7434,0.0,0.0
2520.0,1.7571,0.0946,1.0,0.0797,1.2014,1.8631,0.8631,2.2922,1.2922,22.1218,1.8849,21.5686,1.8627,100.0,0.0,0.0,0.0,24.25,0.0,25.375,0.0,25.375,0.0,24.25,10.0,0.0,0.0077,53.1982,5.3198,2.0,6.6486,1.3291,0.0675,1.371,0.098,1.3743,1.004e-05,1.0008,0.0003,1.7728,11.0,0.0636,1.0017,0.1534,2.4078,0.0065,1.0364,0.0484,1.9071,0.0,0.0,0.0,-0.1423,25.0,24.0,37.0,36.0,14.0,0.0,0.0,0.0,0.0,41.129,64.0,19.9212,0.0,0.0
2521.0,1.7572,0.0947,1.0,0.0798,1.2017,1.8634,0.8634,2.2922,1.2922,22.0604,1.8824,21.5615,1.8625,100.0,0.0,0.0,0.0,24.375,0.0,25.375,0.0,25.5,0.0,24.25,10.0,0.0,0.0075,53.1979,5.3198,2.0,6.6404,1.3289,0.0871,1.3731,0.1128,1.3759,1.004e-05,1.001,0.0003,1.7731,11.0,0.0675,1.0018,0.138,2.3616,0.0064,1.0257,0.0454,1.8792,0.0,0.0,0.0,-0.1425,25.0,24.0,37.0,36.0,13.0,0.0,0.0,0.0,0.0,41.1289,64.0,20.0894,0.0,0.0
2522.0,1.7583,0.0948,1.0,0.0797,1.2014,1.863,0.863,2.2925,1.2925,21.9528,1.8781,21.5475,1.8619,100.0,0.0,0.0,0.0,24.25,0.0,25.5,0.0,25.375,0.0,24.25,10.0,0.0,0.0078,53.1976,5.3197,2.0,6.7218,1.331,0.0991,1.3744,0.1011,1.3747,1.004e-05,1.001,0.0003,1.772,11.0,0.067,1.0018,0.1547,2.4114,0.0065,1.0371,0.0459,1.8834,0.0,0.0,0.0,-0.1425,25.0,24.0,37.0,36.0,13.0,0.0,0.0,0.0,0.0,41.1286,64.0,20.2788,0.0,0.0
2523.0,1.7583,0.0948,1.0,0.0796,1.2013,1.8629,0.8629,2.2922,1.2922,21.8877,1.8755,21.5551,1.8622,100.0,0.0,0.0,0.0,24.25,0.0,25.375,0.0,25.25,0.0,24.25,10.0,0.0,0.0072,53.1968,5.3196,2.0,6.726,1.3311,0.0873,1.3732,0.1046,1.375,1.004e-05,1.001,0.0003,1.7726,11.0,0.0667,1.0018,0.1535,2.408,0.0058,0.9879,0.036,1.7781,0.0,0.0,0.0,-0.1426,25.0,24.0,37.0,36.0,13.0,0.0,0.0,0.0,0.0,41.1285,64.0,20.4593,0.0,0.0
2524.0,1.7575,0.0947,1.0,0.0795,1.2009,1.8624,0.8624,2.2921,1.2921,22.0711,1.8828,21.5743,1.863,100.0,0.0,0.0,0.0,24.25,0.0,25.375,0.0,25.25,0.0,24.375,10.0,0.0,0.0081,53.1959,5.3196,2.0,6.6062,1.328,0.0734,1.3716,0.1092,1.3756,1.004e-05,1.001,0.0003,1.7711,11.0,0.0672,1.0018,0.1361,2.3556,0.006,0.9982,0.0388,1.8109,0.0,0.0,0.0,-0.1422,25.0,24.0,37.0,36.0,13.0,0.0,0.0,0.0,0.0,41.1285,64.0,20.6402,0.0,0.0
2525.0,1.7573,0.0947,1.0,0.0796,1.2013,1.8626,0.8626,2.2926,1.2926,22.1265,1.8851,21.5611,1.8624,100.0,0.0,0.0,0.0,24.25,0.0,25.375,0.0,25.375,0.0,24.25,10.0,0.0,0.0076,53.1954,5.3195,2.0,6.7995,1.333,0.1624,1.3813,0.0987,1.3744,1.004e-05,1.001,0.0003,1.7722,11.0,0.0638,1.0017,0.1345,2.3505,0.0069,1.0633,0.0531,1.9466,0.0,0.0,0.0,-0.1426,25.0,24.0,37.0,36.0,13.0,0.0,0.0,0.0,0.0,41.1292,64.0,20.8637,0.0,0.0
2526.0,1.7573,0.0947,1.0,0.0795,1.2009,1.8629,0.8629,2.2925,1.2925,22.0673,1.8827,21.552,1.8621,100.0,0.0,0.0,0.0,24.25,0.0,25.5,0.0,25.375,0.0,24.25,10.0,0.0,0.0081,53.1951,5.3195,2.0,6.7597,1.332,0.1172,1.3764,0.1038,1.375,1.003e-05,1.0007,0.0003,1.7726,11.0,0.0596,1.0016,0.1149,2.282,0.0059,0.9929,0.0635,2.0244,0.0,0.0,0.0,-0.1426,25.0,24.0,37.0,36.0,13.0,0.0,0.0,0.0,0.0,41.129,64.0,21.0364,0.0,0.0
2527.0,1.7572,0.0946,1.0,0.0795,1.2008,1.863,0.863,2.2925,1.2925,21.9576,1.8783,21.5494,1.862,100.0,0.0,0.0,0.0,24.25,0.0,25.5,0.0,25.375,0.0,24.25,10.0,0.0,0.0076,53.1944,5.3194,2.0,6.712,1.3307,0.0783,1.3722,0.112,1.3759,1.003e-05,1.0008,0.0003,1.771,11.0,0.0621,1.0017,0.1025,2.2328,0.0061,1.0067,0.0627,2.0193,0.0,0.0,0.0,-0.1424,25.0,24.0,37.0,36.0,14.0,0.0,0.0,0.0,0.0,41.129,64.0,21.2123,0.0,0.0
2528.0,1.7552,0.0944,1.0,0.0796,1.2012,1.8634,0.8634,2.292,1.292,21.8725,1.8749,21.5635,1.8625,100.0,0.0,0.0,0.0,24.25,0.0,25.5,0.0,25.375,0.0,24.25,10.0,0.0,0.0078,53.1943,5.3194,2.0,6.6233,1.3284,0.0284,1.3667,0.0978,1.3743,1.003e-05,1.0008,0.0003,1.7714,11.0,0.0618,1.0016,0.0988,2.2165,0.0057,0.9758,0.0624,2.017,0.0,0.0,0.0,-0.1424,25.0,24.0,37.0,36.0,13.0,0.0,0.0,0.0,0.0,41.1287,64.0,21.4038,0.0,0.0
2529.0,1.7562,0.0945,1.0,0.0799,1.202,1.8633,0.8633,2.2918,1.2918,21.986,1.8794,21.5914,1.8637,100.0,0.0,0.0,0.0,24.375,0.0,25.5,0.0,25.375,0.0,24.25,10.0,0.0,0.0079,53.1936,5.3193,2.0,6.5715,1.3271,0.0084,1.3646,0.1099,1.3756,1.004e-05,1.001,0.0003,1.7721,11.0,0.0674,1.0018,0.1112,2.2678,0.0066,1.0385,0.0558,1.9687,0.0,0.0,0.0,-0.1423,25.0,24.0,37.0,36.0,14.0,0.0,0.0,0.0,0.0,41.129,64.0,21.5828,0.0,0.0
2530.0,1.7562,0.0945,1.0,0.0796,1.2012,1.8632,0.8632,2.292,1.292,22.1256,1.885,21.5851,1.8634,100.0,0.0,0.0,0.0,24.375,0.0,25.375,0.0,25.375,0.0,24.25,10.0,0.0,0.0073,53.193,5.3193,2.0,6.6101,1.3281,0.0249,1.3663,0.1132,1.376,1.004e-05,1.001,0.0003,1.7728,11.0,0.0664,1.0018,0.1099,2.263,0.0068,1.0536,0.055,1.9625,0.0,0.0,0.0,-0.1421,25.0,24.0,37.0,36.0,14.0,0.0,0.0,0.0,0.0,41.1284,64.0,21.7473,0.0,0.0
2531.0,1.7569,0.0946,1.0,0.0795,1.2009,1.8634,0.8634,2.2922,1.2922,22.0856,1.8834,21.564,1.8626,100.0,0.0,0.0,0.0,24.25,0.0,25.375,0.0,25.25,0.0,24.25,10.0,0.0,0.0081,53.1926,5.3192,2.0,6.5907,1.3276,0.0126,1.365,0.0991,1.3744,1.004e-05,1.0009,0.0003,1.7718,11.0,0.0629,1.0017,0.1025,2.2324,0.0065,1.0317,0.0576,1.9826,0.0,0.0,0.0,-0.1425,25.0,24.0,37.0,37.0,15.0,0.0,0.0,0.0,0.0,41.1282,64.0,21.9426,0.0,0.0
2532.0,1.7563,0.0945,1.0,0.0795,1.2008,1.8634,0.8634,2.2921,1.2921,21.9792,1.8792,21.5583,1.8623,100.0,0.0,0.0,0.0,24.25,0.0,25.5,0.0,25.375,0.0,24.25,10.0,0.0,0.0076,53.192,5.3192,2.0,6.6486,1.3291,0.0789,1.3722,0.1079,1.3754,1.003e-05,1.0008,0.0003,1.7724,11.0,0.0588,1.0016,0.0796,2.1228,0.007,1.0668,0.0499,1.9196,0.0,0.0,0.0,-0.1423,25.0,24.0,37.0,37.0,13.0,0.0,0.0,0.0,0.0,41.1284,64.0,22.1389,0.0,0.0
2533.0,1.7552,0.0944,1.0,0.0795,1.2009,1.8633,0.8633,2.2919,1.2919,21.8815,1.8753,21.5542,1.8622,100.0,0.0,0.0,0.0,24.125,0.0,25.375,0.0,25.25,0.0,24.375,10.0,0.0,0.0076,53.1914,5.3191,2.0,6.7474,1.3317,0.1283,1.3776,0.1146,1.3761,1.004e-05,1.0008,0.0003,1.7729,11.0,0.0614,1.0016,0.0835,2.1437,0.0059,0.9957,0.0669,2.0475,0.0,0.0,0.0,-0.142,25.0,24.0,37.0,37.0,14.0,0.0,0.0,0.0,0.0,41.129,64.0,22.3238,0.0,0.0
2534.0,1.7567,0.0946,1.0,0.0792,1.2,1.8625,0.8625,2.2921,1.2921,21.9847,1.8794,21.5714,1.8629,100.0,0.0,0.0,0.0,24.25,0.0,25.375,0.0,25.375,0.0,24.25,10.0,0.0,0.0073,53.1909,5.3191,2.0,6.8044,1.3331,0.1416,1.3791,0.0989,1.3744,1.004e-05,1.0008,0.0003,1.772,11.0,0.0579,1.0015,0.1494,2.3963,0.0067,1.051,0.0643,2.0298,0.0,0.0,0.0,-0.1424,25.0,24.0,37.0,37.0,13.0,0.0,0.0,0.0,0.0,41.1286,64.0,22.5274,0.0,0.0
2535.0,1.7573,0.0947,1.0,0.0795,1.201,1.8624,0.8624,2.2924,1.2924,22.1213,1.8849,21.567,1.8627,100.0,0.0,0.0,0.0,24.25,0.0,25.375,0.0,25.375,0.0,24.25,10.0,0.0,0.0077,53.1907,5.319,2.0,6.8116,1.3333,0.1487,1.3799,0.1084,1.3755,1.004e-05,1.0008,0.0003,1.7722,11.0,0.0605,1.0016,0.1613,2.4295,0.0063,1.0232,0.0594,1.9954,0.0,0.0,0.0,-0.1423,25.0,24.0,37.0,36.0,13.0,0.0,0.0,0.0,0.0,41.1288,64.0,22.6967,0.0,0.0
2536.0,1.7572,0.0947,1.0,0.0797,1.2013,1.8629,0.8629,2.2926,1.2926,22.0909,1.8836,21.5523,1.8621,100.0,0.0,0.0,0.0,24.375,0.0,25.5,0.0,25.375,0.0,24.375,10.0,0.0,0.007,53.1902,5.319,2.0,6.9072,1.3357,0.259,1.3919,0.1156,1.3762,1.006e-05,1.0013,0.0003,1.7712,11.0,0.0633,1.0017,0.1338,2.3482,0.0061,1.0062,0.0542,1.9557,0.0,0.0,0.0,-0.1425,25.0,24.0,37.0,36.0,12.0,0.0,0.0,0.0,0.0,41.1286,64.0,22.8952,0.0,0.0
2537.0,1.7573,0.0947,1.0,0.0797,1.2015,1.8631,0.8631,2.2926,1.2926,21.9908,1.8796,21.5507,1.862,100.0,0.0,0.0,0.0,24.25,0.0,25.5,0.0,25.375,0.0,24.375,10.0,0.0,0.0081,53.1892,5.3189,2.0,7.2497,1.3441,0.3751,1.4046,0.1033,1.3749,1.004e-05,1.001,0.0003,1.7724,11.0,0.0677,1.0018,0.1334,2.347,0.007,1.0641,0.0517,1.9353,0.0,0.0,0.0,-0.1424,25.0,24.0,37.0,36.0,14.0,0.0,0.0,0.0,0.0,41.1286,64.0,23.0756,0.0,0.0
2538.0,1.7573,0.0947,1.0,0.0796,1.2012,1.863,0.863,2.2924,1.2924,21.8885,1.8755,21.5475,1.8619,100.0,0.0,0.0,0.0,24.375,0.0,25.5,0.0,25.375,0.0,24.375,10.0,0.0,0.0078,53.1886,5.3189,2.0,7.296,1.3452,0.3659,1.4036,0.1128,1.3759,1.005e-05,1.001,0.0003,1.7722,11.0,0.0669,1.0018,0.1814,2.4806,0.0064,1.0303,0.0482,1.9048,0.0,0.0,0.0,-0.1425,25.0,24.0,37.0,36.0,13.0,0.0,0.0,0.0,0.0,41.1285,64.0,23.2685,0.0,0.0
2539.0,1.7573,0.0947,1.0,0.0796,1.2012,1.8627,0.8627,2.2922,1.2922,21.9469,1.8779,21.5678,1.8627,100.0,0.0,0.0,0.0,24.25,0.0,25.375,0.0,25.25,0.0,24.375,10.0,0.0,0.0079,53.1884,5.3188,2.0,7.3481,1.3465,0.457,1.4135,0.1169,1.3764,1.01e-05,1.0023,0.0003,1.7729,11.0,0.0647,1.0017,0.2074,2.5387,0.0066,1.0405,0.0523,1.9405,0.0,0.0,0.0,-0.1425,25.0,24.0,37.0,36.0,15.0,0.0,0.0,0.0,0.0,41.1287,64.0,23.4951,0.0,0.0
2540.0,1.7572,0.0947,1.0,0.0796,1.2013,1.8624,0.8624,2.2923,1.2923,22.1049,1.8842,21.5682,1.8627,100.0,0.0,0.0,0.0,24.375,0.0,25.5,0.0,25.375,0.0,24.25,10.0,0.0,0.0072,53.1877,5.3188,2.0,7.4833,1.3496,0.4901,1.4171,0.1005,1.3746,1.004e-05,1.0008,0.0003,1.7734,11.0,0.0599,1.0016,0.1652,2.4398,0.0065,1.0353,0.0632,2.0227,0.0,0.0,0.0,-0.1424,25.0,24.0,37.0,36.0,16.0,0.0,0.0,0.0,0.0,41.129,64.0,23.6171,0.0,0.0
2541.0,1.7573,0.0947,1.0,0.0794,1.2006,1.863,0.863,2.2927,1.2927,22.0977,1.8839,21.557,1.8623,100.0,0.0,0.0,0.0,24.25,0.0,25.375,0.0,25.25,0.0,24.25,10.0,0.0,0.007,53.1871,5.3187,2.0,7.5146,1.3504,0.4766,1.4156,0.1112,1.3758,1.007e-05,1.0016,0.0003,1.7725,11.0,0.0612,1.0016,0.1536,2.4082,0.0065,1.0358,0.059,1.9925,0.0,0.0,0.0,-0.142,25.0,24.0,37.0,36.0,15.0,0.0,0.0,0.0,0.0,41.1286,64.0,23.8083,0.0,0.0
2542.0,1.7561,0.0945,1.0,0.0796,1.2011,1.8631,0.8631,2.2925,1.2925,21.9997,1.88,21.5499,1.862,100.0,0.0,0.0,0.0,24.25,0.0,25.375,0.0,25.375,0.0,24.25,10.0,0.0,0.007,53.1869,5.3187,2.0,7.5877,1.352,0.4822,1.4162,0.1188,1.3766,1.016e-05,1.0036,0.0003,1.7734,11.0,0.0636,1.0017,0.1577,2.4196,0.0059,0.9923,0.0584,1.9879,0.0,0.0,0.0,-0.1422,25.0,24.0,37.0,36.0,11.0,0.0,0.0,0.0,0.0,41.1293,64.0,23.9991,0.0,0.0
2543.0,1.7562,0.0945,1.0,0.0798,1.2016,1.8633,0.8633,2.2924,1.2924,21.9012,1.876,21.5472,1.8619,100.0,0.0,0.0,0.0,24.25,0.0,25.375,0.0,25.25,0.0,24.375,10.0,0.0,0.008,53.1863,5.3186,2.0,7.6375,1.3532,0.5053,1.4188,0.1098,1.3756,1.006e-05,1.0014,0.0003,1.7745,11.0,0.0694,1.0019,0.1369,2.3583,0.0055,0.9647,0.0553,1.9645,0.0,0.0,0.0,-0.1422,25.0,24.0,37.0,36.0,13.0,0.0,0.0,0.0,0.0,41.1287,64.0,24.1992,0.0,0.0
2544.0,1.7554,0.0944,1.0,0.0797,1.2014,1.8631,0.8631,2.2918,1.2918,21.9363,1.8775,21.5668,1.8627,100.0,0.0,0.0,0.0,24.25,0.0,25.375,0.0,25.375,0.0,24.25,10.0,0.0,0.0077,53.1858,5.3185,2.0,7.7473,1.3557,0.5643,1.4252,0.1119,1.3758,1.012e-05,1.0029,0.0003,1.7728,11.0,0.0664,1.0018,0.1336,2.3475,0.0068,1.0525,0.0513,1.932,0.0,0.0,0.0,-0.1422,25.0,24.0,37.0,36.0,13.0,0.0,0.0,0.0,0.0,41.1284,64.0,24.3648,0.0,0.0
2545.0,1.7568,0.0946,1.0,0.0795,1.201,1.8628,0.8628,2.2918,1.2918,22.0987,1.8839,21.5831,1.8633,100.0,0.0,0.0,0.0,24.25,0.0,25.5,0.0,25.375,0.0,24.375,10.0,0.0,0.0075,53.1852,5.3185,2.0,7.723,1.3551,0.4854,1.4166,0.1222,1.377,1.023e-05,1.0054,0.0003,1.7732,11.0,0.0659,1.0018,0.1292,2.3332,0.0059,0.9896,0.0465,1.8895,0.0,0.0,0.0,-0.1424,25.0,24.0,37.0,36.0,15.0,0.0,0.0,0.0,0.0,41.1281,64.0,24.5458,0.0,0.0
2546.0,1.7565,0.0946,1.0,0.0797,1.2014,1.8632,0.8632,2.2923,1.2923,22.1121,1.8845,21.5649,1.8626,100.0,0.0,0.0,0.0,24.25,0.0,25.375,0.0,25.375,0.0,24.25,10.0,0.0,0.0074,53.1847,5.3184,2.0,7.8682,1.3584,0.634,1.4328,0.1186,1.3766,1.018e-05,1.0042,0.0003,1.7745,11.0,0.0686,1.0018,0.1333,2.3467,0.006,0.9981,0.0506,1.9262,0.0,0.0,0.0,-0.1425,25.0,24.0,37.0,36.0,14.0,0.0,0.0,0.0,0.0,41.1285,64.0,24.7314,0.0,0.0
2547.0,1.7563,0.0945,1.0,0.0796,1.2012,1.8634,0.8634,2.292,1.292,22.0098,1.8804,21.56,1.8624,100.0,0.0,0.0,0.0,24.25,0.0,25.375,0.0,25.375,0.0,24.25,10.0,0.0,0.0081,53.184,5.3184,2.0,7.9148,1.3594,0.4819,1.4162,0.112,1.3759,1.013e-05,1.0029,0.0003,1.7729,11.0,0.064,1.0017,0.1179,2.2933,0.005,0.9241,0.0477,1.9001,0.0,0.0,0.0,-0.1423,25.0,24.0,37.0,36.0,14.0,0.0,0.0,0.0,0.0,41.1286,64.0,24.9047,0.0,0.0
2548.0,1.756,0.0945,1.0,0.0794,1.2007,1.8634,0.8634,2.2919,1.2919,21.922,1.8769,21.558,1.8623,100.0,0.0,0.0,0.0,24.25,0.0,25.375,0.0,25.375,0.0,24.25,10.0,0.0,0.0081,53.1839,5.3184,2.0,7.8025,1.3569,0.4336,1.4109,0.1203,1.3768,1.028e-05,1.0063,0.0003,1.7725,11.0,0.0604,1.0016,0.1137,2.2776,0.0068,1.0535,0.0581,1.9863,0.0,0.0,0.0,-0.1423,25.0,24.0,37.0,36.0,13.0,0.0,0.0,0.0,0.0,41.1288,64.0,25.1123,0.0,0.0
2549.0,1.7552,0.0944,1.0,0.0795,1.2009,1.8633,0.8633,2.2918,1.2918,21.9129,1.8765,21.5702,1.8628,100.0,0.0,0.0,0.0,24.25,0.0,25.375,0.0,25.375,0.0,24.25,10.0,0.0,0.0082,53.1835,5.3183,2.0,7.6881,1.3543,0.4037,1.4077,0.1244,1.3772,1.032e-05,1.0074,0.0003,1.7733,11.0,0.0574,1.0015,0.1037,2.2376,0.0059,0.9896,0.0556,1.9671,0.0,0.0,0.0,-0.1424,25.0,24.0,37.0,36.0,14.0,0.0,0.0,0.0,0.0,41.1283,64.0,25.2886,0.0,0.0
2550.0,1.7552,0.0944,1.0,0.0797,1.2014,1.8628,0.8628,2.2918,1.2918,22.0872,1.8835,21.5846,1.8634,100.0,0.0,0.0,0.0,24.25,0.0,25.375,0.0,25.375,0.0,24.25,10.0,0.0,0.0077,53.1829,5.3182,2.0,7.6667,1.3538,0.3147,1.398,0.1118,1.3758,1.021e-05,1.0049,0.0003,1.774,11.0,0.0613,1.0016,0.1011,2.2266,0.0066,1.0395,0.0541,1.9547,0.0,0.0,0.0,-0.1426,25.0,24.0,37.0,36.0,15.0,0.0,0.0,0.0,0.0,41.129,64.0,25.437,0.0,0.0
2551.0,1.7551,0.0944,1.0,0.0796,1.2011,1.8632,0.8632,2.2923,1.2923,22.1272,1.8851,21.5665,1.8627,100.0,0.0,0.0,0.0,24.375,0.0,25.5,0.0,25.25,0.0,24.375,10.0,0.0,0.0082,53.1823,5.3182,2.0,7.6094,1.3525,0.275,1.3936,0.1166,1.3764,1.031e-05,1.007,0.0003,1.7741,11.0,0.0692,1.0018,0.0953,2.2007,0.0061,1.0061,0.0477,1.9,0.0,0.0,0.0,-0.1429,25.0,24.0,37.0,36.0,12.0,0.0,0.0,0.0,0.0,41.1291,64.0,25.6431,0.0,0.0
2552.0,1.7552,0.0944,1.0,0.0799,1.202,1.8634,0.8634,2.2922,1.2922,22.046,1.8818,21.5613,1.8625,100.0,0.0,0.0,0.0,24.25,0.0,25.375,0.0,25.375,0.0,24.375,10.0,0.0,0.0077,53.1822,5.3182,2.0,7.4981,1.35,0.2172,1.3873,0.129,1.3777,1.043e-05,1.0099,0.0003,1.7741,11.0,0.0695,1.0019,0.0835,2.1436,0.0063,1.0206,0.0517,1.9351,0.0,0.0,0.0,-0.1425,25.0,24.0,37.0,36.0,14.0,0.0,0.0,0.0,0.0,41.129,64.0,25.8216,0.0,0.0
2553.0,1.7553,0.0944,1.0,0.0796,1.201,1.8634,0.8634,2.2921,1.2921,21.9362,1.8774,21.55,1.862,100.0,0.0,0.0,0.0,24.375,0.0,25.5,0.0,25.375,0.0,24.375,10.0,0.0,0.0075,53.1814,5.3181,2.0,7.5022,1.3501,0.2416,1.39,0.1291,1.3777,1.043e-05,1.0098,0.0003,1.7747,11.0,0.0652,1.0017,0.0952,2.2007,0.0061,1.0075,0.0467,1.8914,0.0,0.0,0.0,-0.1425,25.0,24.0,37.0,36.0,14.0,0.0,0.0,0.0,0.0,41.1282,64.0,25.9878,0.0,0.0
2554.0,1.755,0.0944,1.0,0.0795,1.2009,1.8633,0.8633,2.2918,1.2918,21.9005,1.876,21.5631,1.8625,100.0,0.0,0.0,0.0,24.25,0.0,25.375,0.0,25.375,0.0,24.25,10.0,0.0,0.0077,53.1807,5.318,2.0,7.5384,1.3509,0.231,1.3888,0.1179,1.3765,1.036e-05,1.0082,0.0003,1.7732,11.0,0.0621,1.0017,0.0868,2.1606,0.0061,1.0103,0.0486,1.9086,0.0,0.0,0.0,-0.1425,25.0,24.0,37.0,36.0,16.0,0.0,0.0,0.0,0.0,41.1284,64.0,26.1668,0.0,0.0
2555.0,1.7562,0.0945,1.0,0.0795,1.2008,1.8625,0.8625,2.2921,1.2921,22.0529,1.8821,21.5748,1.863,100.0,0.0,0.0,0.0,24.25,0.0,25.375,0.0,25.375,0.0,24.375,10.0,0.0,0.0077,53.1802,5.318,2.0,7.5445,1.3511,0.2465,1.3905,0.1255,1.3773,1.047e-05,1.0108,0.0003,1.7741,11.0,0.0588,1.0016,0.0856,2.1543,0.0059,0.9912,0.046,1.8843,0.0,0.0,0.0,-0.1425,25.0,24.0,37.0,36.0,12.0,0.0,0.0,0.0,0.0,41.1282,64.0,26.3531,0.0,0.0
2556.0,1.7552,0.0944,1.0,0.0793,1.2004,1.8627,0.8627,2.2926,1.2926,22.1132,1.8845,21.5594,1.8624,100.0,0.0,0.0,0.0,24.25,0.0,25.625,0.0,25.375,0.0,24.375,10.0,0.0,0.0071,53.1797,5.3179,2.0,7.5608,1.3514,0.2246,1.3881,0.132,1.378,1.055e-05,1.0125,0.0003,1.7747,11.0,0.0629,1.0017,0.0788,2.1183,0.0055,0.9591,0.0549,1.9613,0.0,0.0,0.0,-0.1425,25.0,24.0,37.0,36.0,15.0,0.0,0.0,0.0,0.0,41.1293,64.0,26.5439,0.0,0.0
2557.0,1.7551,0.0944,1.0,0.0791,1.1998,1.863,0.863,2.2925,1.2925,22.0421,1.8817,21.551,1.862,100.0,0.0,0.0,0.0,24.25,0.0,25.5,0.0,25.375,0.0,24.375,10.0,0.0,0.008,53.1793,5.3179,2.0,7.5421,1.351,0.2195,1.3876,0.1342,1.3783,1.058e-05,1.0132,0.0003,1.7734,11.0,0.0596,1.0016,0.0717,2.0771,0.006,1.0008,0.0561,1.9704,0.0,0.0,0.0,-0.1422,25.0,24.0,37.0,36.0,14.0,0.0,0.0,0.0,0.0,41.1287,64.0,26.7153,0.0,0.0
2558.0,1.7547,0.0943,1.0,0.0797,1.2013,1.8634,0.8634,2.2921,1.2921,21.9524,1.8781,21.5569,1.8623,100.0,0.0,0.0,0.0,24.25,0.0,25.5,0.0,25.375,0.0,24.25,10.0,0.0,0.0076,53.1791,5.3179,2.0,7.4912,1.3498,0.1118,1.3758,0.1228,1.377,1.051e-05,1.0115,0.0003,1.7741,11.0,0.0634,1.0017,0.0623,2.0166,0.0061,1.0096,0.0707,2.0712,0.0,0.0,0.0,-0.1422,25.0,24.0,37.0,36.0,15.0,0.0,0.0,0.0,0.0,41.1286,64.0,26.9238,0.0,0.0
2559.0,1.7531,0.0941,1.0,0.0798,1.2016,1.863,0.863,2.2922,1.2922,21.8844,1.8754,21.5599,1.8624,100.0,0.0,0.0,0.0,24.25,0.0,25.5,0.0,25.375,0.0,24.375,10.0,0.0,0.008,53.1784,5.3178,2.0,7.3176,1.3457,0.0953,1.374,0.1296,1.3778,1.061e-05,1.0137,0.0003,1.7746,11.0,0.0656,1.0017,0.1391,2.3651,0.0064,1.0289,0.059,1.9925,0.0,0.0,0.0,-0.1422,25.0,24.0,37.0,36.0,13.0,0.0,0.0,0.0,0.0,41.1288,64.0,27.1027,0.0,0.0
2560.0,1.7536,0.0942,1.0,0.0798,1.2018,1.8625,0.8625,2.2921,1.2921,22.0369,1.8815,21.5757,1.863,100.0,0.0,0.0,0.0,24.25,0.0,25.5,0.0,25.375,0.0,24.375,10.0,0.0,0.0077,53.1779,5.3178,2.0,7.3639,1.3468,0.0888,1.3733,0.1392,1.3788,1.07e-05,1.0158,0.0003,1.7753,11.0,0.0663,1.0018,0.1338,2.3483,0.0059,0.9939,0.0758,2.1015,0.0,0.0,0.0,-0.1423,25.0,24.0,37.0,36.0,12.0,0.0,0.0,0.0,0.0,41.1287,64.0,27.2717,0.0,0.0
2561.0,1.7551,0.0944,1.0,0.0795,1.201,1.8625,0.8625,2.2921,1.2921,22.1263,1.8851,21.5643,1.8626,100.0,0.0,0.0,0.0,24.25,0.0,25.375,0.0,25.375,0.0,24.25,10.0,0.0,0.0074,53.1776,5.3178,2.0,7.3517,1.3466,0.0689,1.3712,0.1341,1.3783,1.062e-05,1.014,0.0003,1.7755,11.0,0.0648,1.0017,0.1191,2.2978,0.0058,0.989,0.0676,2.052,0.0,0.0,0.0,-0.1423,25.0,24.0,37.0,36.0,15.0,0.0,0.0,0.0,0.0,41.1285,64.0,27.4601,0.0,0.0
2562.0,1.7552,0.0944,1.0,0.0795,1.2008,1.8633,0.8633,2.2922,1.2922,22.0708,1.8828,21.5606,1.8624,100.0,0.0,0.0,0.0,24.25,0.0,25.375,0.0,25.375,0.0,24.25,10.0,0.0,0.0076,53.1767,5.3176,2.0,7.3015,1.3454,0.038,1.3678,0.1277,1.3776,1.063e-05,1.0142,0.0003,1.7741,11.0,0.0608,1.0016,0.1989,2.5206,0.0063,1.0214,0.062,2.0144,0.0,0.0,0.0,-0.1421,25.0,24.0,37.0,36.0,15.0,0.0,0.0,0.0,0.0,41.1288,64.0,27.6318,0.0,0.0
2563.0,1.7552,0.0944,1.0,0.0793,1.2002,1.8631,0.8631,2.2925,1.2925,21.9714,1.8789,21.5507,1.862,100.0,0.0,0.0,0.0,24.25,0.0,25.5,0.0,25.375,0.0,24.25,10.0,0.0,0.0075,53.1764,5.3176,2.0,7.3502,1.3465,0.1358,1.3785,0.1355,1.3784,1.074e-05,1.0166,0.0003,1.7751,11.0,0.0577,1.0015,0.1711,2.4551,0.0062,1.0108,0.0642,2.0293,0.0,0.0,0.0,-0.1422,25.0,24.0,37.0,36.0,13.0,0.0,0.0,0.0,0.0,41.1289,64.0,27.8125,0.0,0.0
2564.0,1.7552,0.0944,1.0,0.0797,1.2014,1.8631,0.8631,2.2923,1.2923,21.8823,1.8753,21.5532,1.8621,100.0,0.0,0.0,0.0,24.25,0.0,25.375,0.0,25.5,0.0,24.125,10.0,0.0,0.0078,53.1761,5.3176,2.0,7.5035,1.3501,0.1749,1.3827,0.1439,1.3793,1.084e-05,1.0188,0.0003,1.7758,11.0,0.0626,1.0017,0.174,2.4623,0.0056,0.9705,0.0661,2.0422,0.0,0.0,0.0,-0.1426,25.0,24.0,37.0,36.0,13.0,0.0,0.0,0.0,0.0,41.1289,64.0,27.9894,0.0,0.0
2565.0,1.7561,0.0945,1.0,0.0796,1.2011,1.8629,0.8629,2.2917,1.2917,21.9912,1.8796,21.5821,1.8633,100.0,0.0,0.0,0.0,24.25,0.0,25.5,0.0,25.375,0.0,24.375,10.0,0.0,0.0072,53.1757,5.3176,2.0,7.5053,1.3501,0.1558,1.3806,0.1499,1.38,1.09e-05,1.0201,0.0003,1.7769,11.0,0.0672,1.0018,0.1811,2.4797,0.0057,0.9757,0.0574,1.981,0.0,0.0,0.0,-0.1423,25.0,24.0,37.0,36.0,14.0,0.0,0.0,0.0,0.0,41.1286,64.0,28.1768,0.0,0.0
2566.0,1.7541,0.0943,1.0,0.0798,1.2017,1.8629,0.8629,2.2921,1.2921,22.1164,1.8847,21.5721,1.8629,100.0,0.0,0.0,0.0,24.25,0.0,25.375,0.0,25.375,0.0,24.25,10.0,0.0,0.0074,53.1751,5.3175,2.0,7.6662,1.3538,0.246,1.3905,0.1463,1.3796,1.088e-05,1.0196,0.0003,1.775,11.0,0.0646,1.0017,0.1587,2.4225,0.0061,1.0043,0.0564,1.9728,0.0,0.0,0.0,-0.1421,25.0,24.0,37.0,36.0,15.0,0.0,0.0,0.0,0.0,41.1282,64.0,28.3792,0.0,0.0
2567.0,1.7551,0.0944,1.0,0.0799,1.2019,1.8634,0.8634,2.2922,1.2922,22.0717,1.8829,21.5628,1.8625,100.0,0.0,0.0,0.0,24.375,0.0,25.375,0.0,25.375,0.0,24.375,10.0,0.0,0.0078,53.1744,5.3174,2.0,7.8857,1.3587,0.354,1.4023,0.139,1.3788,1.084e-05,1.0188,0.0003,1.7759,11.0,0.0697,1.0019,0.1627,2.4334,0.0061,1.005,0.0566,1.9746,0.0,0.0,0.0,-0.1421,25.0,24.0,37.0,36.0,13.0,0.0,0.0,0.0,0.0,41.1286,64.0,28.5783,0.0,0.0
2568.0,1.7552,0.0944,1.0,0.0798,1.2016,1.8634,0.8634,2.2921,1.2921,21.9799,1.8792,21.5587,1.8623,100.0,0.0,0.0,0.0,24.25,0.0,25.5,0.0,25.375,0.0,24.25,10.0,0.0,0.0072,53.174,5.3174,2.0,8.0534,1.3624,0.4157,1.409,0.1473,1.3797,1.096e-05,1.0214,0.0003,1.7769,11.0,0.0693,1.0018,0.1479,2.3919,0.0057,0.9764,0.0734,2.0877,0.0,0.0,0.0,-0.1422,25.0,24.0,37.0,37.0,15.0,0.0,0.0,0.0,0.0,41.1289,64.0,28.7621,0.0,0.0
2569.0,1.7561,0.0945,1.0,0.0796,1.2012,1.8634,0.8634,2.2919,1.2919,21.8813,1.8753,21.5622,1.8625,100.0,0.0,0.0,0.0,24.25,0.0,25.625,0.0,25.375,0.0,24.25,10.0,0.0,0.0082,53.1736,5.3173,2.0,8.0472,1.3623,0.4071,1.408,0.1519,1.3802,1.106e-05,1.0234,0.0003,1.775,11.0,0.0645,1.0017,0.1111,2.2674,0.0066,1.0394,0.0642,2.0294,0.0,0.0,0.0,-0.1421,25.0,24.0,37.0,37.0,15.0,0.0,0.0,0.0,0.0,41.1292,64.0,28.9242,0.0,0.0
2570.0,1.7552,0.0944,1.0,0.0794,1.2005,1.8627,0.8627,2.2921,1.2921,21.9708,1.8788,21.5701,1.8628,100.0,0.0,0.0,0.0,24.25,0.0,25.5,0.0,25.375,0.0,24.375,10.0,0.0,0.0075,53.1732,5.3173,2.0,7.9764,1.3607,0.3435,1.4011,0.1529,1.3803,1.105e-05,1.0232,0.0003,1.7758,11.0,0.0607,1.0016,0.1312,2.3398,0.006,0.9981,0.0628,2.02,0.0,0.0,0.0,-0.1422,25.0,24.0,37.0,37.0,14.0,0.0,0.0,0.0,0.0,41.129,64.0,29.1096,0.0,0.0
2571.0,1.7562,0.0945,1.0,0.0794,1.2005,1.8627,0.8627,2.2924,1.2924,22.118,1.8847,21.575,1.863,100.0,0.0,0.0,0.0,24.25,0.0,25.5,0.0,25.375,0.0,24.25,10.0,0.0,0.0081,53.1727,5.3172,2.0,7.8928,1.3589,0.2526,1.3912,0.1471,1.3797,1.099e-05,1.0219,0.0003,1.7754,11.0,0.0602,1.0016,0.1266,2.3244,0.0059,0.991,0.0609,2.0066,0.0,0.0,0.0,-0.1424,25.0,24.0,37.0,37.0,14.0,0.0,0.0,0.0,0.0,41.1288,64.0,29.2958,0.0,0.0
2572.0,1.7567,0.0946,1.0,0.0797,1.2015,1.8633,0.8633,2.2926,1.2926,22.0959,1.8838,21.5624,1.8625,100.0,0.0,0.0,0.0,24.375,0.0,25.5,0.0,25.375,0.0,24.25,10.0,0.0,0.0074,53.1723,5.3172,2.0,7.9438,1.36,0.3024,1.3966,0.146,1.3796,1.107e-05,1.0237,0.0003,1.7767,11.0,0.0626,1.0017,0.116,2.2863,0.0056,0.9733,0.0572,1.9789,0.0,0.0,0.0,-0.1424,25.0,24.0,37.0,36.0,12.0,0.0,0.0,0.0,0.0,41.1287,64.0,29.4676,0.0,0.0
2573.0,1.757,0.0946,1.0,0.0799,1.2019,1.8634,0.8634,2.2926,1.2926,22.0106,1.8804,21.557,1.8623,100.0,0.0,0.0,0.0,24.375,0.0,25.375,0.0,25.375,0.0,24.25,10.0,0.0,0.0076,53.1717,5.3171,2.0,8.1091,1.3636,0.4285,1.4104,0.1556,1.3806,1.118e-05,1.026,0.0003,1.777,11.0,0.0706,1.0019,0.1908,2.5024,0.0068,1.0563,0.0759,2.1021,0.0,0.0,0.0,-0.1422,25.0,24.0,37.0,36.0,13.0,0.0,0.0,0.0,0.0,41.1279,64.0,29.6551,0.0,0.0
2574.0,1.7549,0.0944,1.0,0.0797,1.2013,1.8634,0.8634,2.2919,1.2919,21.8986,1.8759,21.5564,1.8623,100.0,0.0,0.0,0.0,24.25,0.0,25.5,0.0,25.375,0.0,24.25,10.0,0.0,0.007,53.1714,5.3171,2.0,8.3244,1.3681,0.5811,1.427,0.1619,1.3813,1.127e-05,1.0277,0.0003,1.7772,11.0,0.0654,1.0017,0.1518,2.4032,0.0058,0.9827,0.0617,2.0121,0.0,0.0,0.0,-0.1421,25.0,24.0,37.0,36.0,12.0,0.0,0.0,0.0,0.0,41.1285,64.0,29.837,0.0,0.0
2575.0,1.7556,0.0945,1.0,0.0794,1.2005,1.8629,0.8629,2.2918,1.2918,21.9695,1.8788,21.5804,1.8632,100.0,0.0,0.0,0.0,24.25,0.0,25.375,0.0,25.375,0.0,24.375,10.0,0.0,0.0078,53.1706,5.3171,2.0,8.492,1.3716,0.558,1.4245,0.1653,1.3817,1.133e-05,1.029,0.0003,1.7763,11.0,0.061,1.0016,0.1699,2.452,0.0065,1.0331,0.0644,2.0304,0.0,0.0,0.0,-0.1426,25.0,24.0,37.0,36.0,13.0,0.0,0.0,0.0,0.0,41.1288,64.0,30.032,0.0,0.0
2576.0,1.7572,0.0947,1.0,0.0793,1.2005,1.8624,0.8624,2.2924,1.2924,22.1205,1.8848,21.5694,1.8628,100.0,0.0,0.0,0.0,24.375,0.0,25.375,0.0,25.375,0.0,24.375,10.0,0.0,0.0075,53.1703,5.317,2.0,8.4586,1.3709,0.5014,1.4183,0.165,1.3816,1.135e-05,1.0295,0.0003,1.7774,11.0,0.0582,1.0016,0.1918,2.5048,0.0063,1.0244,0.067,2.0476,0.0,0.0,0.0,-0.142,25.0,24.0,37.0,37.0,14.0,0.0,0.0,0.0,0.0,41.1285,64.0,30.2308,0.0,0.0
2577.0,1.7562,0.0945,1.0,0.0797,1.2014,1.8629,0.8629,2.2926,1.2926,22.1038,1.8842,21.5561,1.8622,100.0,0.0,0.0,0.0,24.25,0.0,25.5,0.0,25.375,0.0,24.375,10.0,0.0,0.007,53.1699,5.317,2.0,8.412,1.37,0.382,1.4053,0.1579,1.3809,1.127e-05,1.0277,0.0003,1.7775,11.0,0.0622,1.0017,0.206,2.5356,0.006,0.9968,0.0641,2.0287,0.0,0.0,0.0,-0.1421,25.0,24.0,37.0,37.0,15.0,0.0,0.0,0.0,0.0,41.1286,64.0,30.4115,0.0,0.0
2578.0,1.7552,0.0944,1.0,0.0795,1.2009,1.8631,0.8631,2.2926,1.2926,22.0206,1.8808,21.5504,1.862,100.0,0.0,0.0,0.0,24.25,0.0,25.5,0.0,25.375,0.0,24.25,10.0,0.0,0.0073,53.1694,5.3169,2.0,8.2577,1.3667,0.362,1.4031,0.1571,1.3808,1.135e-05,1.0295,0.0003,1.7786,11.0,0.0611,1.0016,0.1993,2.5213,0.0058,0.9816,0.0715,2.0763,0.0,0.0,0.0,-0.1425,25.0,24.0,37.0,37.0,13.0,0.0,0.0,0.0,0.0,41.1281,64.0,30.6027,0.0,0.0
2579.0,1.7551,0.0944,1.0,0.0798,1.2017,1.8634,0.8634,2.2923,1.2923,21.8947,1.8758,21.5548,1.8622,100.0,0.0,0.0,0.0,24.25,0.0,25.375,0.0,25.5,0.0,24.375,10.0,0.0,0.0078,53.1689,5.3169,2.0,8.3832,1.3694,0.4479,1.4125,0.1642,1.3815,1.144e-05,1.0313,0.0003,1.7773,11.0,0.0648,1.0017,0.187,2.4937,0.006,0.9985,0.0618,2.0127,0.0,0.0,0.0,-0.1421,25.0,24.0,37.0,37.0,14.0,0.0,0.0,0.0,0.0,41.1284,64.0,30.7805,0.0,0.0
2580.0,1.7541,0.0943,1.0,0.0799,1.2019,1.8631,0.8631,2.2918,1.2918,21.9261,1.877,21.5764,1.8631,100.0,0.0,0.0,0.0,24.25,0.0,25.5,0.0,25.25,0.0,24.25,10.0,0.0,0.0072,53.1684,5.3168,2.0,8.4223,1.3702,0.3912,1.4063,0.1735,1.3826,1.156e-05,1.0337,0.0003,1.7781,11.0,0.0686,1.0018,0.2647,2.6445,0.0058,0.9834,0.0609,2.0063,0.0,0.0,0.0,-0.1426,25.0,24.0,37.0,36.0,15.0,0.0,0.0,0.0,0.0,41.1284,64.0,30.9709,0.0,0.0
2581.0,1.7541,0.0943,1.0,0.0795,1.2008,1.8628,0.8628,2.2921,1.2921,22.0898,1.8836,21.5842,1.8634,100.0,0.0,0.0,0.0,24.25,0.0,25.375,0.0,25.5,0.0,24.25,10.0,0.0,0.0071,53.1682,5.3168,2.0,8.2783,1.3672,0.3219,1.3988,0.1782,1.3831,1.163e-05,1.0351,0.0003,1.7781,11.0,0.0669,1.0018,0.2475,2.6155,0.0065,1.032,0.0651,2.0353,0.0,0.0,0.0,-0.1424,25.0,24.0,37.0,36.0,14.0,0.0,0.0,0.0,0.0,41.129,64.0,31.1341,0.0,0.0
2582.0,1.7541,0.0943,1.0,0.0794,1.2006,1.8628,0.8628,2.2926,1.2926,22.116,1.8846,21.5594,1.8624,100.0,0.0,0.0,0.0,24.25,0.0,25.375,0.0,25.25,0.0,24.25,10.0,0.0,0.0079,53.1677,5.3167,2.0,8.4132,1.37,0.3487,1.4017,0.177,1.3829,1.164e-05,1.0353,0.0003,1.779,11.0,0.0609,1.0016,0.2278,2.5793,0.0059,0.9901,0.0551,1.9633,0.0,0.0,0.0,-0.1422,25.0,24.0,37.0,36.0,13.0,0.0,0.0,0.0,0.0,41.1292,64.0,31.3252,0.0,0.0
2583.0,1.754,0.0943,1.0,0.0795,1.2009,1.8634,0.8634,2.2925,1.2925,22.0353,1.8814,21.5604,1.8624,100.0,0.0,0.0,0.0,24.375,0.0,25.375,0.0,25.25,0.0,24.25,10.0,0.0,0.0075,53.167,5.3167,2.0,8.3277,1.3682,0.2992,1.3963,0.1685,1.382,1.156e-05,1.0336,0.0003,1.7796,11.0,0.059,1.0016,0.2261,2.5761,0.0061,1.008,0.0568,1.9762,0.0,0.0,0.0,-0.1427,25.0,24.0,37.0,36.0,13.0,0.0,0.0,0.0,0.0,41.1286,64.0,31.509,0.0,0.0
2584.0,1.7533,0.0942,1.0,0.0798,1.2018,1.8634,0.8634,2.2924,1.2924,21.9155,1.8766,21.5572,1.8623,100.0,0.0,0.0,0.0,24.25,0.0,25.375,0.0,25.375,0.0,24.375,10.0,0.0,0.008,53.1667,5.3166,2.0,8.1822,1.3651,0.1818,1.3835,0.1714,1.3823,1.163e-05,1.0351,0.0003,1.7783,11.0,0.0644,1.0017,0.1801,2.4773,0.006,0.9969,0.0542,1.9559,0.0,0.0,0.0,-0.1428,25.0,24.0,37.0,36.0,16.0,0.0,0.0,0.0,0.0,41.1288,64.0,31.6863,0.0,0.0
2585.0,1.7535,0.0942,1.0,0.0801,1.2024,1.8632,0.8632,2.2922,1.2922,21.9088,1.8764,21.5652,1.8626,100.0,0.0,0.0,0.0,24.25,0.0,25.375,0.0,25.375,0.0,24.375,10.0,0.0,0.0076,53.1662,5.3166,2.0,8.1646,1.3648,0.1737,1.3826,0.1755,1.3828,1.172e-05,1.0368,0.0003,1.7791,11.0,0.0683,1.0018,0.202,2.5271,0.0063,1.0183,0.0511,1.9301,0.0,0.0,0.0,-0.1423,25.0,24.0,37.0,36.0,15.0,0.0,0.0,0.0,0.0,41.1286,64.0,31.914,0.0,0.0
2586.0,1.753,0.0941,1.0,0.0797,1.2013,1.8627,0.8627,2.2922,1.2922,22.0714,1.8829,21.5834,1.8633,100.0,0.0,0.0,0.0,24.375,0.0,25.375,0.0,25.375,0.0,24.375,10.0,0.0,0.0076,53.1657,5.3166,2.0,8.0165,1.3616,0.103,1.3749,0.1775,1.383,1.18e-05,1.0384,0.0003,1.7791,11.0,0.0649,1.0017,0.1596,2.425,0.0061,1.0048,0.0473,1.8966,0.0,0.0,0.0,-0.1423,25.0,24.0,37.0,36.0,13.0,0.0,0.0,0.0,0.0,41.1282,64.0,32.0679,0.0,0.0
2587.0,1.7531,0.0941,1.0,0.0797,1.2013,1.8628,0.8628,2.2926,1.2926,22.119,1.8848,21.5598,1.8624,100.0,0.0,0.0,0.0,24.375,0.0,25.375,0.0,25.375,0.0,24.25,10.0,0.0,0.0076,53.1654,5.3165,2.0,8.0299,1.3619,0.0979,1.3743,0.1814,1.3834,1.188e-05,1.04,0.0003,1.7799,11.0,0.0604,1.0016,0.164,2.4367,0.0066,1.0402,0.0432,1.8578,0.0,0.0,0.0,-0.1426,25.0,24.0,37.0,36.0,14.0,0.0,0.0,0.0,0.0,41.1289,64.0,32.2447,0.0,0.0
2588.0,1.7531,0.0941,1.0,0.0795,1.2009,1.8634,0.8634,2.2925,1.2925,22.0409,1.8816,21.5598,1.8624,100.0,0.0,0.0,0.0,24.25,0.0,25.5,0.0,25.375,0.0,24.375,10.0,0.0,0.0079,53.1646,5.3164,2.0,7.9896,1.361,0.1056,1.3752,0.1876,1.3841,1.196e-05,1.0416,0.0003,1.779,11.0,0.0642,1.0017,0.1735,2.4611,0.0072,1.0818,0.0496,1.9173,0.0,0.0,0.0,-0.1422,25.0,24.0,37.0,36.0,15.0,0.0,0.0,0.0,0.0,41.1284,64.0,32.4325,0.0,0.0
2589.0,1.7531,0.0941,1.0,0.0795,1.2009,1.8637,0.8637,2.2921,1.2921,21.9431,1.8777,21.5585,1.8623,100.0,0.0,0.0,0.0,24.25,0.0,25.375,0.0,25.25,0.0,24.25,10.0,0.0,0.0077,53.1643,5.3164,2.0,8.0204,1.3617,0.1183,1.3765,0.1925,1.3846,1.205e-05,1.0432,0.0003,1.7806,11.0,0.0611,1.0016,0.141,2.371,0.0065,1.0319,0.0458,1.8825,0.0,0.0,0.0,-0.1424,25.0,24.0,37.0,36.0,12.0,0.0,0.0,0.0,0.0,41.1288,64.0,32.604,0.0,0.0
2590.0,1.7521,0.094,1.0,0.0796,1.2011,1.8637,0.8637,2.2919,1.2919,21.8933,1.8757,21.5789,1.8632,100.0,0.0,0.0,0.0,24.25,0.0,25.375,0.0,25.375,0.0,24.25,10.0,0.0,0.0074,53.1639,5.3164,2.0,8.0402,1.3621,0.1156,1.3762,0.1972,1.3852,1.212e-05,1.0447,0.0003,1.7793,11.0,0.061,1.0016,0.2006,2.5241,0.0056,0.9668,0.04,1.8235,0.0,0.0,0.0,-0.1424,25.0,24.0,37.0,36.0,13.0,0.0,0.0,0.0,0.0,41.128,64.0,32.7687,0.0,0.0
2591.0,1.753,0.0941,1.0,0.0797,1.2015,1.8629,0.8629,2.2917,1.2917,22.0396,1.8816,21.5871,1.8635,100.0,0.0,0.0,0.0,24.25,0.0,25.375,0.0,25.375,0.0,24.375,10.0,0.0,0.0075,53.1637,5.3163,2.0,8.1246,1.3639,0.1562,1.3807,0.1967,1.3851,1.212e-05,1.0447,0.0003,1.7802,11.0,0.0641,1.0017,0.1941,2.5099,0.0066,1.0386,0.04,1.8239,0.0,0.0,0.0,-0.1424,25.0,24.0,37.0,36.0,12.0,0.0,0.0,0.0,0.0,41.1285,64.0,32.959,0.0,0.0
2592.0,1.753,0.0941,1.0,0.0798,1.2018,1.8631,0.8631,2.2926,1.2926,22.1254,1.885,21.5717,1.8629,100.0,0.0,0.0,0.0,24.125,0.0,25.375,0.0,25.375,0.0,24.25,10.0,0.0,0.0074,53.1633,5.3163,2.0,8.0883,1.3631,0.1123,1.3759,0.1963,1.3851,1.215e-05,1.0453,0.0003,1.7806,11.0,0.0688,1.0018,0.2058,2.5354,0.0056,0.9702,0.0402,1.8259,0.0,0.0,0.0,-0.1419,25.0,24.0,37.0,36.0,13.0,0.0,0.0,0.0,0.0,41.1286,64.0,33.1419,0.0,0.0
2593.0,1.7531,0.0941,1.0,0.0797,1.2014,1.8634,0.8634,2.2926,1.2926,22.0334,1.8813,21.5585,1.8623,100.0,0.0,0.0,0.0,24.25,0.0,25.375,0.0,25.375,0.0,24.25,10.0,0.0,0.0079,53.1628,5.3163,2.0,8.1558,1.3646,0.2174,1.3874,0.2019,1.3857,1.226e-05,1.0474,0.0003,1.7798,11.0,0.0648,1.0017,0.1808,2.479,0.0059,0.9932,0.0366,1.785,0.0,0.0,0.0,-0.1423,25.0,24.0,37.0,37.0,13.0,0.0,0.0,0.0,0.0,41.1282,64.0,33.3223,0.0,0.0
2594.0,1.7531,0.0941,1.0,0.0796,1.2011,1.8635,0.8635,2.2926,1.2926,21.9426,1.8777,21.5499,1.862,100.0,0.0,0.0,0.0,24.25,0.0,25.375,0.0,25.375,0.0,24.25,10.0,0.0,0.0079,53.1623,5.3162,2.0,8.279,1.3672,0.1918,1.3846,0.1929,1.3847,1.218e-05,1.0458,0.0003,1.7819,11.0,0.06,1.0016,0.177,2.4699,0.0057,0.9799,0.0367,1.7867,0.0,0.0,0.0,-0.1421,25.0,24.0,37.0,37.0,12.0,0.0,0.0,0.0,0.0,41.1289,64.0,33.5476,0.0,0.0
2595.0,1.7531,0.0941,1.0,0.0794,1.2006,1.8634,0.8634,2.2923,1.2923,21.8751,1.875,21.557,1.8623,100.0,0.0,0.0,0.0,24.25,0.0,25.375,0.0,25.375,0.0,24.375,10.0,0.0,0.0076,53.162,5.3162,2.0,8.2524,1.3666,0.2042,1.3859,0.1956,1.385,1.226e-05,1.0473,0.0003,1.7801,11.0,0.0588,1.0016,0.1836,2.4857,0.0068,1.0541,0.0345,1.7598,0.0,0.0,0.0,-0.1424,25.0,24.0,37.0,37.0,16.0,0.0,0.0,0.0,0.0,41.1287,64.0,33.7093,0.0,0.0
2596.0,1.7521,0.094,1.0,0.0796,1.2012,1.8628,0.8628,2.2917,1.2917,22.0162,1.8806,21.584,1.8634,100.0,0.0,0.0,0.0,24.125,0.0,25.375,0.0,25.25,0.0,24.25,10.0,0.0,0.0071,53.1613,5.3161,2.0,8.3602,1.3689,0.2642,1.3925,0.2021,1.3857,1.234e-05,1.0489,0.0003,1.7812,11.0,0.0654,1.0017,0.1591,2.4237,0.0062,1.0137,0.033,1.7406,0.0,0.0,0.0,-0.1425,25.0,24.0,37.0,37.0,14.0,0.0,0.0,0.0,0.0,41.1279,64.0,33.8804,0.0,0.0
2597.0,1.752,0.094,1.0,0.0801,1.2026,1.863,0.863,2.2922,1.2922,22.1264,1.8851,21.5723,1.8629,100.0,0.0,0.0,0.0,24.25,0.0,25.375,0.0,25.375,0.0,24.25,10.0,0.0,0.0077,53.1611,5.3161,2.0,8.5565,1.3729,0.427,1.4102,0.2034,1.3858,1.242e-05,1.0504,0.0003,1.7815,11.0,0.0687,1.0018,0.1493,2.396,0.0057,0.9814,0.034,1.7531,0.0,0.0,0.0,-0.1423,25.0,24.0,37.0,36.0,14.0,0.0,0.0,0.0,0.0,41.1284,64.0,34.0527,0.0,0.0
2598.0,1.7509,0.0939,1.0,0.0795,1.2009,1.8634,0.8634,2.2926,1.2926,22.0849,1.8834,21.5536,1.8621,100.0,0.0,0.0,0.0,24.25,0.0,25.5,0.0,25.375,0.0,24.375,10.0,0.0,0.0069,53.1604,5.316,2.0,8.8293,1.3784,0.4363,1.4112,0.2063,1.3861,1.252e-05,1.0523,0.0003,1.7819,11.0,0.0662,1.0018,0.1467,2.3884,0.0058,0.9868,0.0304,1.7042,0.0,0.0,0.0,-0.1422,25.0,24.0,37.0,36.0,14.0,0.0,0.0,0.0,0.0,41.1292,64.0,34.2436,0.0,0.0
2599.0,1.7515,0.0939,1.0,0.0796,1.2013,1.8634,0.8634,2.2926,1.2926,21.9869,1.8795,21.5567,1.8623,100.0,0.0,0.0,0.0,24.25,0.0,25.375,0.0,25.375,0.0,24.25,10.0,0.0,0.0072,53.1603,5.316,2.0,8.6462,1.3747,0.3234,1.3989,0.2106,1.3866,1.26e-05,1.0536,0.0003,1.7823,11.0,0.0663,1.0018,0.141,2.3712,0.0063,1.021,0.0282,1.6719,0.0,0.0,0.0,-0.1423,25.0,24.0,37.0,36.0,13.0,0.0,0.0,0.0,0.0,41.1288,64.0,34.4249,0.0,0.0
2600.0,1.752,0.094,1.0,0.0795,1.2009,1.8634,0.8634,2.2919,1.2919,21.8843,1.8754,21.5623,1.8625,100.0,0.0,0.0,0.0,24.25,0.0,25.5,0.0,25.375,0.0,24.375,10.0,0.0,0.0073,53.1596,5.316,2.0,8.5493,1.3728,0.2529,1.3912,0.2129,1.3869,1.266e-05,1.0547,0.0003,1.7832,11.0,0.0632,1.0017,0.2079,2.5396,0.006,1.0027,0.0438,1.863,0.0,0.0,0.0,-0.1426,25.0,24.0,37.0,36.0,13.0,0.0,0.0,0.0,0.0,41.1286,64.0,34.5941,0.0,0.0
2601.0,1.752,0.094,1.0,0.0794,1.2006,1.8631,0.8631,2.2918,1.2918,21.9867,1.8795,21.5813,1.8633,100.0,0.0,0.0,0.0,24.25,0.0,25.375,0.0,25.375,0.0,24.5,10.0,0.0,0.0079,53.1593,5.3159,2.0,8.4921,1.3716,0.2473,1.3906,0.2147,1.3871,1.273e-05,1.0561,0.0003,1.7815,11.0,0.0587,1.0016,0.1565,2.4164,0.0057,0.9806,0.0452,1.8767,0.0,0.0,0.0,-0.1424,25.0,24.0,37.0,36.0,15.0,0.0,0.0,0.0,0.0,41.1285,64.0,34.784,0.0,0.0
2602.0,1.7519,0.094,1.0,0.0797,1.2013,1.863,0.863,2.2922,1.2922,22.1273,1.8851,21.5721,1.8629,100.0,0.0,0.0,0.0,24.25,0.0,25.375,0.0,25.5,0.0,24.375,10.0,0.0,0.0076,53.1588,5.3159,2.0,8.4023,1.3698,0.1926,1.3846,0.223,1.388,1.281e-05,1.0576,0.0003,1.7824,11.0,0.0655,1.0017,0.1684,2.4482,0.0059,0.991,0.0434,1.8597,0.0,0.0,0.0,-0.1418,25.0,24.0,37.0,36.0,15.0,0.0,0.0,0.0,0.0,41.1284,64.0,34.9737,0.0,0.0
2603.0,1.7509,0.0939,1.0,0.0797,1.2015,1.8634,0.8634,2.2926,1.2926,22.0816,1.8833,21.5627,1.8625,100.0,0.0,0.0,0.0,24.25,0.0,25.5,0.0,25.375,0.0,24.25,10.0,0.0,0.0075,53.1583,5.3158,2.0,8.4745,1.3712,0.1885,1.3842,0.2202,1.3877,1.287e-05,1.0586,0.0003,1.7832,11.0,0.0703,1.0019,0.1584,2.4216,0.0066,1.0436,0.0367,1.7866,0.0,0.0,0.0,-0.142,25.0,24.0,37.0,36.0,14.0,0.0,0.0,0.0,0.0,41.1288,64.0,35.1794,0.0,0.0
2604.0,1.7502,0.0938,1.0,0.0795,1.201,1.8635,0.8635,2.2925,1.2925,21.9862,1.8794,21.5493,1.862,100.0,0.0,0.0,0.0,24.25,0.0,25.375,0.0,25.375,0.0,24.25,10.0,0.0,0.0069,53.1581,5.3158,2.0,8.4289,1.3703,0.2158,1.3872,0.2224,1.3879,1.294e-05,1.0599,0.0003,1.7827,11.0,0.0644,1.0017,0.1659,2.4417,0.0066,1.0407,0.0371,1.791,0.0,0.0,0.0,-0.1424,25.0,24.0,37.0,36.0,14.0,0.0,0.0,0.0,0.0,41.1291,64.0,35.3584,0.0,0.0
2605.0,1.7511,0.0939,1.0,0.0795,1.2009,1.8631,0.8631,2.2923,1.2923,21.8825,1.8753,21.5503,1.862,100.0,0.0,0.0,0.0,24.25,0.0,25.375,0.0,25.375,0.0,24.375,10.0,0.0,0.0076,53.1575,5.3158,2.0,8.4602,1.371,0.1845,1.3838,0.2245,1.3881,1.303e-05,1.0614,0.0003,1.783,11.0,0.0601,1.0016,0.1602,2.4266,0.0066,1.0409,0.0329,1.7391,0.0,0.0,0.0,-0.1426,25.0,24.0,37.0,36.0,14.0,0.0,0.0,0.0,0.0,41.1285,64.0,35.5328,0.0,0.0
2606.0,1.752,0.094,1.0,0.0798,1.2016,1.8629,0.8629,2.2922,1.2922,21.9624,1.8785,21.58,1.8632,100.0,0.0,0.0,0.0,24.25,0.0,25.375,0.0,25.375,0.0,24.25,10.0,0.0,0.0076,53.1573,5.3157,2.0,8.5925,1.3736,0.2456,1.3904,0.2283,1.3885,1.307e-05,1.0622,0.0003,1.7839,11.0,0.0603,1.0016,0.1595,2.4247,0.0053,0.9428,0.0517,1.935,0.0,0.0,0.0,-0.1425,25.0,24.0,37.0,36.0,13.0,0.0,0.0,0.0,0.0,41.1284,64.0,35.7271,0.0,0.0
2607.0,1.7529,0.0941,1.0,0.0799,1.2019,1.8628,0.8628,2.2923,1.2923,22.1117,1.8845,21.578,1.8631,100.0,0.0,0.0,0.0,24.25,0.0,25.375,0.0,25.375,0.0,24.375,10.0,0.0,0.0072,53.1567,5.3157,2.0,8.8009,1.3778,0.3543,1.4023,0.2303,1.3888,1.316e-05,1.0638,0.0003,1.7848,11.0,0.0678,1.0018,0.1245,2.3168,0.0063,1.0177,0.0453,1.8784,0.0,0.0,0.0,-0.1422,25.0,24.0,37.0,36.0,14.0,0.0,0.0,0.0,0.0,41.1287,64.0,35.9108,0.0,0.0
2608.0,1.753,0.0941,1.0,0.0795,1.2008,1.8633,0.8633,2.2922,1.2922,22.0985,1.8839,21.5651,1.8626,100.0,0.0,0.0,0.0,24.25,0.0,25.375,0.0,25.375,0.0,24.25,10.0,0.0,0.0078,53.1563,5.3156,2.0,8.8349,1.3785,0.3677,1.4038,0.2348,1.3893,1.324e-05,1.0651,0.0003,1.7848,11.0,0.0659,1.0018,0.1402,2.3686,0.0064,1.0291,0.0434,1.859,0.0,0.0,0.0,-0.1422,25.0,24.0,37.0,36.0,13.0,0.0,0.0,0.0,0.0,41.1287,64.0,36.1449,0.0,0.0
2609.0,1.7549,0.0944,1.0,0.0796,1.201,1.8635,0.8635,2.2924,1.2924,22.0112,1.8804,21.5605,1.8624,100.0,0.0,0.0,0.0,24.375,0.0,25.5,0.0,25.5,0.0,24.25,10.0,0.0,0.0071,53.1559,5.3156,2.0,8.898,1.3797,0.3937,1.4066,0.2372,1.3895,1.329e-05,1.0661,0.0003,1.7851,11.0,0.0599,1.0016,0.1207,2.3035,0.0061,1.0072,0.0594,1.9959,0.0,0.0,0.0,-0.1423,25.0,24.0,37.0,36.0,14.0,0.0,0.0,0.0,0.0,41.1284,64.0,36.2732,0.0,0.0
2610.0,1.7561,0.0945,1.0,0.0795,1.201,1.8634,0.8634,2.292,1.292,21.903,1.8761,21.557,1.8623,100.0,0.0,0.0,0.0,24.25,0.0,25.375,0.0,25.375,0.0,24.25,10.0,0.0,0.008,53.1552,5.3155,2.0,9.0914,1.3835,0.4409,1.4117,0.245,1.3904,1.339e-05,1.0679,0.0003,1.7855,11.0,0.0655,1.0017,0.1179,2.2935,0.0068,1.0575,0.0535,1.9505,0.0,0.0,0.0,-0.1423,25.0,24.0,37.0,36.0,15.0,0.0,0.0,0.0,0.0,41.1289,64.0,36.4659,0.0,0.0
2611.0,1.7573,0.0947,1.0,0.0795,1.2009,1.863,0.863,2.2918,1.2918,21.9662,1.8786,21.5777,1.8631,100.0,0.0,0.0,0.0,24.25,0.0,25.375,0.0,25.375,0.0,24.25,10.0,0.0,0.007,53.1547,5.3154,2.0,9.1025,1.3837,0.4656,1.4144,0.247,1.3906,1.35e-05,1.0698,0.0003,1.7849,11.0,0.0574,1.0015,0.0892,2.1721,0.0063,1.018,0.0542,1.9561,0.0,0.0,0.0,-0.1427,25.0,24.0,37.0,36.0,14.0,0.0,0.0,0.0,0.0,41.1283,64.0,36.679,0.0,0.0
2612.0,1.7573,0.0947,1.0,0.0797,1.2013,1.8628,0.8628,2.2919,1.2919,22.1086,1.8843,21.5817,1.8633,100.0,0.0,0.0,0.0,24.25,0.0,25.375,0.0,25.375,0.0,24.25,10.0,0.0,0.0078,53.1548,5.3155,2.0,9.1145,1.3839,0.3912,1.4063,0.2522,1.3911,1.361e-05,1.0716,0.0003,1.7845,11.0,0.0622,1.0017,0.1099,2.2628,0.0063,1.0208,0.0533,1.9486,0.0,0.0,0.0,-0.1423,25.0,24.0,37.0,36.0,14.0,0.0,0.0,0.0,0.0,41.1285,64.0,36.8574,0.0,0.0
2613.0,1.7579,0.0947,1.0,0.0796,1.2011,1.8632,0.8632,2.2923,1.2923,22.1114,1.8845,21.5665,1.8627,100.0,0.0,0.0,0.0,24.25,0.0,25.375,0.0,25.375,0.0,24.375,10.0,0.0,0.0075,53.1541,5.3154,2.0,9.285,1.3871,0.5136,1.4197,0.2598,1.392,1.373e-05,1.0736,0.0003,1.7854,11.0,0.0666,1.0018,0.1065,2.2492,0.0059,0.9954,0.0455,1.88,0.0,0.0,0.0,-0.142,25.0,24.0,37.0,36.0,14.0,0.0,0.0,0.0,0.0,41.1286,64.0,37.023,0.0,0.0
2614.0,1.7583,0.0948,1.0,0.0797,1.2014,1.8634,0.8634,2.2922,1.2922,22.019,1.8808,21.5601,1.8624,100.0,0.0,0.0,0.0,24.25,0.0,25.375,0.0,25.375,0.0,24.25,10.0,0.0,0.0073,53.1534,5.3153,2.0,9.4277,1.3898,0.5381,1.4223,0.264,1.3924,1.385e-05,1.0757,0.0003,1.7859,11.0,0.0674,1.0018,0.1075,2.2533,0.0064,1.0312,0.0506,1.9257,0.0,0.0,0.0,-0.1423,25.0,24.0,37.0,36.0,13.0,0.0,0.0,0.0,0.0,41.1282,64.0,37.2195,0.0,0.0
2615.0,1.7573,0.0947,1.0,0.0795,1.2008,1.8634,0.8634,2.2921,1.2921,21.911,1.8764,21.5572,1.8623,100.0,0.0,0.0,0.0,24.25,0.0,25.375,0.0,25.375,0.0,24.25,10.0,0.0,0.0074,53.1533,5.3153,2.0,9.3775,1.3888,0.4653,1.4144,0.2635,1.3924,1.391e-05,1.0766,0.0003,1.7862,11.0,0.0641,1.0017,0.0918,2.1846,0.0059,0.9917,0.0521,1.9383,0.0,0.0,0.0,-0.1425,25.0,24.0,37.0,36.0,13.0,0.0,0.0,0.0,0.0,41.1287,64.0,37.4026,0.0,0.0
2616.0,1.7572,0.0947,1.0,0.0793,1.2004,1.863,0.863,2.2922,1.2922,21.9551,1.8782,21.5785,1.8631,100.0,0.0,0.0,0.0,24.25,0.0,25.375,0.0,25.375,0.0,24.25,10.0,0.0,0.0073,53.1526,5.3153,2.0,9.3488,1.3883,0.4954,1.4177,0.2608,1.3921,1.394e-05,1.0772,0.0003,1.7875,11.0,0.0603,1.0016,0.0877,2.1647,0.0065,1.0332,0.0556,1.9667,0.0,0.0,0.0,-0.1424,25.0,24.0,37.0,36.0,15.0,0.0,0.0,0.0,0.0,41.1286,64.0,37.6062,0.0,0.0
2617.0,1.7573,0.0947,1.0,0.0796,1.2012,1.8628,0.8628,2.2922,1.2922,22.0722,1.8829,21.5847,1.8634,100.0,0.0,0.0,0.0,24.25,0.0,25.5,0.0,25.375,0.0,24.375,10.0,0.0,0.0073,53.1525,5.3152,2.0,9.6075,1.393,0.6412,1.4336,0.2678,1.3928,1.408e-05,1.0796,0.0003,1.7871,11.0,0.0632,1.0017,0.086,2.1562,0.0061,1.0072,0.0512,1.9311,0.0,0.0,0.0,-0.1424,25.0,24.0,37.0,36.0,13.0,0.0,0.0,0.0,0.0,41.1291,64.0,37.8088,0.0,0.0
2618.0,1.7573,0.0947,1.0,0.0796,1.201,1.8629,0.8629,2.2925,1.2925,22.1122,1.8845,21.5617,1.8625,100.0,0.0,0.0,0.0,24.25,0.0,25.5,0.0,25.375,0.0,24.25,10.0,0.0,0.0069,53.1518,5.3151,2.0,9.9988,1.4,0.725,1.4427,0.2687,1.393,1.413e-05,1.0803,0.0003,1.7878,11.0,0.0671,1.0018,0.0688,2.0592,0.0061,1.0041,0.0533,1.9482,0.0,0.0,0.0,-0.142,25.0,24.0,37.0,36.0,12.0,0.0,0.0,0.0,0.0,41.1285,64.0,37.9997,0.0,0.0
2619.0,1.7573,0.0947,1.0,0.0796,1.2011,1.863,0.863,2.2926,1.2926,22.0299,1.8812,21.5504,1.862,100.0,0.0,0.0,0.0,24.25,0.0,25.375,0.0,25.375,0.0,24.375,10.0,0.0,0.0075,53.1515,5.3151,2.0,10.0018,1.4,0.7282,1.4431,0.2803,1.3942,1.427e-05,1.0826,0.0003,1.7881,11.0,0.0687,1.0018,0.0732,2.0866,0.0066,1.0428,0.0535,1.9502,0.0,0.0,0.0,-0.1423,25.0,24.0,37.0,36.0,15.0,0.0,0.0,0.0,0.0,41.1284,64.0,38.1465,0.0,0.0
2620.0,1.7573,0.0947,1.0,0.0795,1.201,1.8634,0.8634,2.292,1.292,21.9191,1.8768,21.5468,1.8619,100.0,0.0,0.0,0.0,24.25,0.0,25.375,0.0,25.375,0.0,24.375,10.0,0.0,0.0073,53.1512,5.3151,2.0,10.1342,1.4023,0.696,1.4396,0.2855,1.3948,1.442e-05,1.0851,0.0003,1.7887,11.0,0.0642,1.0017,0.0704,2.0697,0.0057,0.9743,0.0468,1.8918,0.0,0.0,0.0,-0.1424,25.0,24.0,37.0,36.0,15.0,0.0,0.0,0.0,0.0,41.128,64.0,38.3476,0.0,0.0
2621.0,1.7572,0.0947,1.0,0.0794,1.2006,1.8633,0.8633,2.2918,1.2918,21.9043,1.8762,21.5706,1.8628,100.0,0.0,0.0,0.0,24.25,0.0,25.5,0.0,25.375,0.0,24.375,10.0,0.0,0.0069,53.1506,5.315,2.0,10.2311,1.404,0.7327,1.4436,0.2867,1.3949,1.447e-05,1.0858,0.0003,1.7892,11.0,0.067,1.0018,0.0722,2.0803,0.0061,1.0105,0.0445,1.8702,0.0,0.0,0.0,-0.1424,25.0,24.0,37.0,36.0,14.0,0.0,0.0,0.0,0.0,41.1286,64.0,38.5157,0.0,0.0
2622.0,1.7583,0.0948,1.0,0.0796,1.2011,1.8632,0.8632,2.2917,1.2917,22.0604,1.8824,21.5867,1.8635,100.0,0.0,0.0,0.0,24.25,0.0,25.5,0.0,25.25,0.0,24.25,10.0,0.0,0.0073,53.15,5.315,2.0,10.2099,1.4036,0.6447,1.434,0.2888,1.3951,1.459e-05,1.0877,0.0003,1.7895,11.0,0.0626,1.0017,0.0647,2.0328,0.0059,0.9911,0.0414,1.8388,0.0,0.0,0.0,-0.1418,25.0,24.0,37.0,36.0,14.0,0.0,0.0,0.0,0.0,41.1285,64.0,38.7069,0.0,0.0
2623.0,1.7593,0.0949,1.0,0.0793,1.2004,1.8632,0.8632,2.2921,1.2921,22.1228,1.8849,21.5697,1.8628,100.0,0.0,0.0,0.0,24.25,0.0,25.375,0.0,25.25,0.0,24.25,10.0,0.0,0.007,53.1498,5.315,2.0,10.0484,1.4008,0.5919,1.4282,0.289,1.3952,1.467e-05,1.089,0.0003,1.79,11.0,0.0586,1.0016,0.122,2.3081,0.0058,0.9831,0.0564,1.9732,0.0,0.0,0.0,-0.142,25.0,24.0,37.0,36.0,13.0,0.0,0.0,0.0,0.0,41.1292,64.0,38.8902,0.0,0.0
2624.0,1.7604,0.0951,1.0,0.0796,1.2012,1.8634,0.8634,2.2925,1.2925,22.0572,1.8823,21.5535,1.8621,100.0,0.0,0.0,0.0,24.375,0.0,25.375,0.0,25.375,0.0,24.25,10.0,0.0,0.0079,53.1498,5.315,2.0,10.1897,1.4033,0.604,1.4295,0.2868,1.3949,1.469e-05,1.0894,0.0003,1.7902,11.0,0.0596,1.0016,0.1268,2.3249,0.0063,1.0231,0.0518,1.936,0.0,0.0,0.0,-0.1422,25.0,24.0,37.0,36.0,14.0,0.0,0.0,0.0,0.0,41.1287,64.0,39.0822,0.0,0.0
2625.0,1.7604,0.095,1.0,0.0798,1.2016,1.863,0.863,2.2925,1.2925,21.9234,1.8769,21.5466,1.8619,100.0,0.0,0.0,0.0,24.25,0.0,25.375,0.0,25.375,0.0,24.25,10.0,0.0,0.0078,53.149,5.3149,2.0,10.1721,1.403,0.5705,1.4259,0.3,1.3964,1.489e-05,1.0925,0.0003,1.7894,11.0,0.0629,1.0017,0.1265,2.3239,0.0062,1.0138,0.0522,1.9393,0.0,0.0,0.0,-0.1423,25.0,24.0,37.0,36.0,14.0,0.0,0.0,0.0,0.0,41.1288,64.0,39.2566,0.0,0.0
2626.0,1.7623,0.0953,1.0,0.0798,1.2017,1.8632,0.8632,2.2922,1.2922,21.8961,1.8758,21.571,1.8628,100.0,0.0,0.0,0.0,24.375,0.0,25.5,0.0,25.375,0.0,24.25,10.0,0.0,0.0072,53.1485,5.3148,2.0,10.0572,1.401,0.4262,1.4101,0.3043,1.3968,1.499e-05,1.0941,0.0003,1.7901,11.0,0.069,1.0018,0.1091,2.2595,0.0057,0.9772,0.047,1.8939,0.0,0.0,0.0,-0.1424,25.0,24.0,37.0,36.0,16.0,0.0,0.0,0.0,0.0,41.1285,64.0,39.4692,0.0,0.0
2627.0,1.7637,0.0955,1.0,0.0797,1.2015,1.8629,0.8629,2.2919,1.2919,22.0253,1.881,21.5841,1.8634,100.0,0.0,0.0,0.0,24.375,0.0,25.375,0.0,25.25,0.0,24.25,10.0,0.0,0.0072,53.1484,5.3148,2.0,9.8709,1.3977,0.384,1.4055,0.3073,1.3972,1.509e-05,1.0956,0.0003,1.7917,11.0,0.0684,1.0018,0.1096,2.2615,0.0066,1.04,0.0444,1.8693,0.0,0.0,0.0,-0.1424,25.0,24.0,37.0,36.0,12.0,0.0,0.0,0.0,0.0,41.1284,64.0,39.6516,0.0,0.0
2628.0,1.7634,0.0954,1.0,0.0794,1.2006,1.863,0.863,2.2925,1.2925,22.1265,1.8851,21.5707,1.8628,100.0,0.0,0.0,0.0,24.25,0.0,25.375,0.0,25.375,0.0,24.25,10.0,0.0,0.0076,53.1478,5.3147,2.0,9.901,1.3983,0.3915,1.4063,0.3059,1.397,1.516e-05,1.0967,0.0003,1.7917,11.0,0.0634,1.0017,0.1054,2.2446,0.0065,1.0316,0.0485,1.9074,0.0,0.0,0.0,-0.1426,25.0,24.0,37.0,36.0,13.0,0.0,0.0,0.0,0.0,41.1289,64.0,39.8167,0.0,0.0
2629.0,1.7616,0.0952,1.0,0.0794,1.2007,1.8633,0.8633,2.2925,1.2925,22.0709,1.8828,21.5636,1.8625,100.0,0.0,0.0,0.0,24.25,0.0,25.375,0.0,25.375,0.0,24.25,10.0,0.0,0.0075,53.1474,5.3147,2.0,10.2238,1.4038,0.6174,1.431,0.3067,1.3971,1.522e-05,1.0976,0.0003,1.7924,11.0,0.0616,1.0016,0.0895,2.1737,0.0058,0.9872,0.0449,1.8739,0.0,0.0,0.0,-0.1425,25.0,24.0,37.0,36.0,14.0,0.0,0.0,0.0,0.0,41.1286,64.0,40.0014,0.0,0.0
2630.0,1.7595,0.0949,1.0,0.0795,1.201,1.8634,0.8634,2.2925,1.2925,21.9624,1.8785,21.5582,1.8623,100.0,0.0,0.0,0.0,24.25,0.0,25.5,0.0,25.375,0.0,24.25,10.0,0.0,0.0078,53.1471,5.3147,2.0,10.631,1.4106,0.6795,1.4378,0.3143,1.3979,1.537e-05,1.0998,0.0003,1.7927,11.0,0.0595,1.0016,0.0826,2.139,0.0061,1.0091,0.0427,1.8521,0.0,0.0,0.0,-0.1424,25.0,24.0,37.0,36.0,13.0,0.0,0.0,0.0,0.0,41.1288,64.0,40.1647,0.0,0.0
2631.0,1.7584,0.0948,1.0,0.0797,1.2014,1.8634,0.8634,2.2923,1.2923,21.8823,1.8753,21.5643,1.8626,100.0,0.0,0.0,0.0,24.375,0.0,25.5,0.0,25.375,0.0,24.375,10.0,0.0,0.0078,53.1466,5.3146,2.0,10.728,1.4122,0.7053,1.4406,0.3224,1.3988,1.554e-05,1.1024,0.0003,1.793,11.0,0.0643,1.0017,0.0911,2.1815,0.0061,1.0042,0.0418,1.8429,0.0,0.0,0.0,-0.1422,25.0,24.0,37.0,36.0,14.0,0.0,0.0,0.0,0.0,41.1288,64.0,40.3434,0.0,0.0
2632.0,1.7583,0.0948,1.0,0.0794,1.2005,1.8629,0.8629,2.2922,1.2922,22.0141,1.8806,21.5819,1.8633,100.0,0.0,0.0,0.0,24.25,0.0,25.5,0.0,25.375,0.0,24.5,10.0,0.0,0.0073,53.1462,5.3146,2.0,10.7836,1.4131,0.6359,1.433,0.3195,1.3985,1.561e-05,1.1035,0.0003,1.7932,11.0,0.0594,1.0016,0.0826,2.1388,0.0053,0.9462,0.0401,1.8247,0.0,0.0,0.0,-0.1424,25.0,24.0,37.0,36.0,13.0,0.0,0.0,0.0,0.0,41.1283,64.0,40.5293,0.0,0.0
2633.0,1.7572,0.0947,1.0,0.0795,1.2009,1.8628,0.8628,2.2924,1.2924,22.1254,1.885,21.5731,1.8629,100.0,0.0,0.0,0.0,24.25,0.0,25.375,0.0,25.375,0.0,24.25,10.0,0.0,0.0079,53.1458,5.3145,2.0,10.643,1.4108,0.6014,1.4292,0.3186,1.3984,1.564e-05,1.104,0.0003,1.7939,11.0,0.0628,1.0017,0.0774,2.1106,0.0066,1.0427,0.0388,1.8107,0.0,0.0,0.0,-0.1422,25.0,24.0,37.0,36.0,14.0,0.0,0.0,0.0,0.0,41.128,64.0,40.7078,0.0,0.0
2634.0,1.7554,0.0944,1.0,0.0799,1.2019,1.8633,0.8633,2.2926,1.2926,22.0683,1.8827,21.5531,1.8621,100.0,0.0,0.0,0.0,24.25,0.0,25.375,0.0,25.375,0.0,24.25,10.0,0.0,0.0077,53.1458,5.3145,2.0,11.0395,1.4172,0.6829,1.4381,0.3322,1.3999,1.588e-05,1.1074,0.0003,1.793,11.0,0.0675,1.0018,0.0813,2.1318,0.0065,1.0355,0.0362,1.7805,0.0,0.0,0.0,-0.1424,25.0,24.0,37.0,36.0,14.0,0.0,0.0,0.0,0.0,41.1288,64.0,40.8994,0.0,0.0
2635.0,1.7552,0.0944,1.0,0.0797,1.2014,1.8634,0.8634,2.2925,1.2925,21.9513,1.8781,21.5489,1.862,100.0,0.0,0.0,0.0,24.25,0.0,25.5,0.0,25.5,0.0,24.25,10.0,0.0,0.0075,53.145,5.3145,2.0,11.0206,1.4169,0.6741,1.4372,0.328,1.3994,1.597e-05,1.1088,0.0003,1.7929,11.0,0.0656,1.0017,0.1614,2.4298,0.0059,0.9926,0.0363,1.7823,0.0,0.0,0.0,-0.1422,25.0,24.0,37.0,36.0,14.0,0.0,0.0,0.0,0.0,41.1285,64.0,41.0753,0.0,0.0
2636.0,1.7552,0.0944,1.0,0.0796,1.2011,1.8634,0.8634,2.2919,1.2919,21.8728,1.8749,21.5601,1.8624,100.0,0.0,0.0,0.0,24.25,0.0,25.5,0.0,25.25,0.0,24.375,10.0,0.0,0.0081,53.1447,5.3144,2.0,11.0924,1.418,0.6679,1.4365,0.3294,1.3996,1.601e-05,1.1094,0.0003,1.7945,11.0,0.064,1.0017,0.1188,2.2967,0.0064,1.0258,0.0343,1.7574,0.0,0.0,0.0,-0.1424,25.0,24.0,37.0,36.0,14.0,0.0,0.0,0.0,0.0,41.1286,0.0,41.1939,0.0,0.0
2637.0,1.7555,0.0944,1.0,0.0794,1.2006,1.8633,0.8633,2.2918,1.2918,21.9956,1.8798,21.5815,1.8633,100.0,0.0,0.0,0.0,24.25,0.0,25.375,0.0,25.375,0.0,24.25,10.0,0.0,0.0076,53.1443,5.3144,2.0,11.1614,1.4191,0.6674,1.4364,0.3292,1.3995,1.604e-05,1.1097,0.0003,1.7943,11.0,0.0603,1.0016,0.1124,2.2725,0.0059,0.9916,0.0442,1.8675,0.0,0.0,0.0,-0.1426,25.0,24.0,37.0,36.0,16.0,0.0,0.0,0.0,0.0,41.1292,0.0,41.1955,0.0,0.0
2638.0,1.7562,0.0945,1.0,0.0795,1.2008,1.8628,0.8628,2.292,1.292,22.1119,1.8845,21.5767,1.8631,100.0,0.0,0.0,0.0,24.25,0.0,25.375,0.0,25.375,0.0,24.25,10.0,0.0,0.008,53.1442,5.3144,2.0,11.2457,1.4204,0.6755,1.4373,0.3395,1.4007,1.628e-05,1.1133,0.0003,1.7952,11.0,0.0601,1.0016,0.1358,2.3548,0.0062,1.0142,0.052,1.9375,0.0,0.0,0.0,-0.142,25.0,24.0,37.0,36.0,13.0,0.0,0.0,0.0,0.0,41.1288,0.0,41.1946,0.0,0.0
2639.0,1.7562,0.0945,1.0,0.0796,1.2012,1.8632,0.8632,2.2925,1.2925,22.0859,1.8834,21.5563,1.8623,100.0,0.0,0.0,0.0,24.25,0.0,25.5,0.0,25.375,0.0,24.25,10.0,0.0,0.0077,53.1436,5.3143,2.0,11.4859,1.4241,0.7931,1.4502,0.3399,1.4007,1.639e-05,1.1148,0.0003,1.7955,11.0,0.0667,1.0018,0.1208,2.3041,0.0058,0.9817,0.0507,1.9266,0.0,0.0,0.0,-0.1424,25.0,24.0,37.0,36.0,15.0,0.0,0.0,0.0,0.0,41.1279,0.0,41.1951,0.0,0.0
2640.0,1.7553,0.0944,1.0,0.0799,1.202,1.8633,0.8633,2.2925,1.2925,21.9855,1.8794,21.5566,1.8623,100.0,0.0,0.0,0.0,24.25,0.0,25.5,0.0,25.375,0.0,24.25,10.0,0.0,0.0078,53.1428,5.3142,2.0,11.6124,1.426,0.762,1.4468,0.3428,1.401,1.643e-05,1.1153,0.0003,1.7959,11.0,0.0694,1.0019,0.1064,2.2486,0.0049,0.9148,0.0424,1.8488,0.0,0.0,0.0,-0.1426,25.0,24.0,37.0,36.0,13.0,0.0,0.0,0.0,0.0,41.1281,0.0,41.195,0.0,0.0
2641.0,1.7572,0.0947,1.0,0.0795,1.2008,1.8634,0.8634,2.2924,1.2924,21.8863,1.8755,21.557,1.8623,100.0,0.0,0.0,0.0,24.25,0.0,25.375,0.0,25.375,0.0,24.25,10.0,0.0,0.0075,53.1427,5.3143,2.0,11.7032,1.4273,0.7656,1.4472,0.3536,1.4022,1.664e-05,1.1183,0.0003,1.796,11.0,0.0636,1.0017,0.0918,2.1846,0.0062,1.0135,0.0603,2.0025,0.0,0.0,0.0,-0.1423,25.0,24.0,37.0,36.0,15.0,0.0,0.0,0.0,0.0,41.1282,0.0,41.1953,0.0,0.0
2642.0,1.7583,0.0948,1.0,0.0795,1.2008,1.8627,0.8627,2.2922,1.2922,21.9622,1.8785,21.5706,1.8628,100.0,0.0,0.0,0.0,24.25,0.0,25.5,0.0,25.375,0.0,24.25,10.0,0.0,0.0078,53.1424,5.3143,2.0,11.6109,1.4259,0.6915,1.4391,0.3512,1.402,1.675e-05,1.1198,0.0003,1.796,11.0,0.0648,1.0017,0.1471,2.3894,0.0061,1.0103,0.0533,1.9488,0.0,0.0,0.0,-0.1422,25.0,24.0,37.0,36.0,12.0,0.0,0.0,0.0,0.0,41.1288,0.0,41.195,0.0,0.0
2643.0,1.7595,0.0949,1.0,0.0794,1.2006,1.8624,0.8624,2.2923,1.2923,22.1123,1.8845,21.5706,1.8628,100.0,0.0,0.0,0.0,24.375,0.0,25.5,0.0,25.5,0.0,24.25,10.0,0.0,0.0077,53.142,5.3142,2.0,11.6389,1.4264,0.6467,1.4342,0.3606,1.403,1.689e-05,1.1218,0.0003,1.7965,11.0,0.0601,1.0016,0.1839,2.4864,0.0061,1.0047,0.0519,1.9368,0.0,0.0,0.0,-0.1426,25.0,24.0,37.0,36.0,14.0,0.0,0.0,0.0,0.0,41.1287,0.0,41.1954,0.0,0.0
2644.0,1.7604,0.095,1.0,0.0795,1.2009,1.8632,0.8632,2.2926,1.2926,22.1017,1.8841,21.5543,1.8622,100.0,0.0,0.0,0.0,24.25,0.0,25.375,0.0,25.375,0.0,24.25,10.0,0.0,0.008,53.1423,5.3143,2.0,11.6823,1.427,0.893,1.4611,0.3612,1.403,1.705e-05,1.1239,0.0003,1.7962,11.0,0.0584,1.0016,0.1596,2.4248,0.0059,0.9929,0.0508,1.9276,0.0,0.0,0.0,-0.1422,25.0,24.0,37.0,36.0,13.0,0.0,0.0,0.0,0.0,41.1278,0.0,41.1945,0.0,0.0
2645.0,1.7604,0.0951,1.0,0.0796,1.2011,1.8634,0.8634,2.2921,1.2921,22.0048,1.8802,21.5592,1.8624,100.0,0.0,0.0,0.0,24.25,0.0,25.5,0.0,25.375,0.0,24.25,10.0,0.0,0.0076,53.1425,5.3142,2.0,13.0046,1.4456,1.1121,1.485,0.3615,1.4031,1.709e-05,1.1245,0.0003,1.7967,11.0,0.0644,1.0017,0.1575,2.4191,0.0068,1.0514,0.0433,1.8587,0.0,0.0,0.0,-0.1422,25.0,24.0,37.0,36.0,13.0,0.0,0.0,0.0,0.0,41.1279,0.0,41.1948,0.0,0.0
2646.0,1.7596,0.095,1.0,0.0797,1.2014,1.8634,0.8634,2.2919,1.2919,21.8928,1.8757,21.5568,1.8623,100.0,0.0,0.0,0.0,24.375,0.0,25.5,0.0,25.25,0.0,24.25,10.0,0.0,0.0077,53.1421,5.3142,2.0,12.7243,1.4419,0.9514,1.4674,0.3724,1.4043,1.735e-05,1.128,0.0003,1.7971,11.0,0.0693,1.0018,0.1438,2.3797,0.0068,1.0512,0.0474,1.8975,0.0,0.0,0.0,-0.1423,25.0,24.0,37.0,36.0,13.0,0.0,0.0,0.0,0.0,41.1284,0.0,41.1948,0.0,0.0
2647.0,1.7589,0.0949,1.0,0.0795,1.2009,1.8635,0.8635,2.2918,1.2918,21.9465,1.8779,21.5779,1.8631,100.0,0.0,0.0,0.0,24.25,0.0,25.375,0.0,25.375,0.0,24.25,10.0,0.0,0.0074,53.1414,5.3141,2.0,12.7522,1.4422,0.9315,1.4653,0.3697,1.404,1.739e-05,1.1285,0.0003,1.797,11.0,0.0661,1.0018,0.1327,2.3447,0.0062,1.0108,0.0427,1.8519,0.0,0.0,0.0,-0.1426,25.0,24.0,37.0,36.0,15.0,0.0,0.0,0.0,0.0,41.1288,0.0,41.195,0.0,0.0
2648.0,1.7583,0.0948,1.0,0.0795,1.2008,1.8632,0.8632,2.2918,1.2918,22.0992,1.884,21.5919,1.8637,100.0,0.0,0.0,0.0,24.25,0.0,25.5,0.0,25.375,0.0,24.375,10.0,0.0,0.0078,53.141,5.3141,2.0,12.8292,1.4433,0.9373,1.4659,0.3775,1.4048,1.755e-05,1.1306,0.0003,1.7972,11.0,0.0612,1.0016,0.127,2.3257,0.0063,1.0242,0.0413,1.8382,0.0,0.0,0.0,-0.142,25.0,24.0,37.0,36.0,14.0,0.0,0.0,0.0,0.0,41.1286,0.0,41.195,0.0,0.0
2649.0,1.7584,0.0948,1.0,0.0795,1.2008,1.8636,0.8636,2.2922,1.2922,22.1149,1.8846,21.5676,1.8627,100.0,0.0,0.0,0.0,24.25,0.0,25.375,0.0,25.375,0.0,24.25,10.0,0.0,0.0076,53.141,5.3141,2.0,12.9808,1.4453,1.032,1.4762,0.3748,1.4045,1.766e-05,1.1322,0.0003,1.7977,11.0,0.0588,1.0016,0.1252,2.3194,0.0063,1.0215,0.0414,1.8387,0.0,0.0,0.0,-0.1427,25.0,24.0,37.0,36.0,12.0,0.0,0.0,0.0,0.0,41.1285,0.0,41.195,0.0,0.0
2650.0,1.7574,0.0947,1.0,0.0798,1.2016,1.8631,0.8631,2.2925,1.2925,22.0275,1.8811,21.5511,1.862,100.0,0.0,0.0,0.0,24.375,0.0,25.5,0.0,25.25,0.0,24.25,10.0,0.0,0.0083,53.1405,5.314,2.0,13.1334,1.4474,0.8795,1.4596,0.3725,1.4043,1.771e-05,1.1327,0.0003,1.7994,11.0,0.063,1.0017,0.1226,2.3105,0.0059,0.992,0.0367,1.786,0.0,0.0,0.0,-0.1423,25.0,24.0,37.0,36.0,13.0,0.0,0.0,0.0,0.0,41.1284,0.0,41.1948,0.0,0.0
2651.0,1.7579,0.0947,1.0,0.0803,1.2031,1.8631,0.8631,2.2923,1.2923,21.8915,1.8757,21.5459,1.8618,100.0,0.0,0.0,0.0,24.25,0.0,25.375,0.0,25.25,0.0,24.5,10.0,0.0,0.008,53.1399,5.314,2.0,13.0259,1.4459,0.8233,1.4535,0.3799,1.4051,1.795e-05,1.136,0.0003,1.7989,11.0,0.0671,1.0018,0.1611,2.4289,0.0067,1.0465,0.0489,1.9114,0.0,0.0,0.0,-0.1426,25.0,24.0,37.0,36.0,13.0,0.0,0.0,0.0,0.0,41.1284,0.0,41.1943,0.0,0.0
2652.0,1.7579,0.0947,1.0,0.0794,1.2007,1.8631,0.8631,2.2918,1.2918,21.9406,1.8776,21.5762,1.863,100.0,0.0,0.0,0.0,24.25,0.0,25.375,0.0,25.375,0.0,24.375,10.0,0.0,0.0078,53.1397,5.314,2.0,12.9279,1.4446,0.7229,1.4425,0.3741,1.4045,1.797e-05,1.1362,0.0003,1.7986,11.0,0.0671,1.0018,0.182,2.4819,0.006,1.0009,0.064,2.0278,0.0,0.0,0.0,-0.1421,25.0,24.0,37.0,36.0,16.0,0.0,0.0,0.0,0.0,41.1284,0.0,41.1946,0.0,0.0
2653.0,1.7553,0.0944,1.0,0.0796,1.2011,1.8628,0.8628,2.2918,1.2918,22.0877,1.8835,21.5828,1.8633,100.0,0.0,0.0,0.0,24.125,0.0,25.375,0.0,25.25,0.0,24.25,10.0,0.0,0.0083,53.1395,5.314,2.0,12.9662,1.4451,0.7398,1.4443,0.3856,1.4057,1.818e-05,1.1389,0.0003,1.8009,11.0,0.0676,1.0018,0.156,2.4149,0.006,0.9994,0.0582,1.9865,0.0,0.0,0.0,-0.1422,25.0,24.0,37.0,36.0,13.0,0.0,0.0,0.0,0.0,41.1285,0.0,41.1947,0.0,0.0
2654.0,1.7551,0.0944,1.0,0.0795,1.2009,1.8632,0.8632,2.2922,1.2922,22.1185,1.8847,21.5679,1.8627,100.0,0.0,0.0,0.0,24.25,0.0,25.5,0.0,25.375,0.0,24.25,10.0,0.0,0.0087,53.1391,5.3139,2.0,13.0299,1.446,0.7645,1.447,0.3833,1.4054,1.828e-05,1.1401,0.0003,1.8006,11.0,0.0652,1.0017,0.1608,2.4282,0.0059,0.9922,0.0747,2.0951,0.0,0.0,0.0,-0.1424,25.0,24.0,37.0,36.0,15.0,0.0,0.0,0.0,0.0,41.1281,0.0,41.1948,0.0,0.0
2655.0,1.7563,0.0945,1.0,0.0797,1.2013,1.8634,0.8634,2.2925,1.2925,22.0365,1.8815,21.5512,1.862,100.0,0.0,0.0,0.0,24.375,0.0,25.5,0.0,25.375,0.0,24.375,10.0,0.0,0.0076,53.1386,5.3139,2.0,13.1957,1.4482,0.7299,1.4433,0.3855,1.4057,1.836e-05,1.1412,0.0003,1.8008,11.0,0.0585,1.0016,0.1498,2.3975,0.0055,0.9653,0.0617,2.0124,0.0,0.0,64.0,-0.013,25.0,24.0,37.0,36.0,14.0,0.0,0.0,0.0,0.0,41.1287,0.0,41.1954,0.0,0.0
2656.0,1.7573,0.0947,1.0,0.0795,1.201,1.8634,0.8634,2.292,1.292,21.9245,1.877,21.5468,1.8619,100.0,0.0,0.0,0.0,24.25,0.0,25.5,0.0,25.25,0.0,24.25,10.0,0.0,0.0079,53.1385,5.3139,2.0,13.1785,1.4479,0.7365,1.444,0.3844,1.4056,1.85e-05,1.1429,0.0003,1.8009,11.0,0.0591,1.0016,0.1216,2.3068,0.0061,1.0055,0.0624,2.0171,0.0,0.0,64.0,0.6113,25.0,24.0,37.0,36.0,13.0,0.0,0.0,0.0,0.0,41.1287,0.0,41.1948,0.0,0.0
2657.0,1.76,0.095,1.0,0.0797,1.2015,1.8632,0.8632,2.2919,1.2919,21.9073,1.8763,21.5716,1.8629,100.0,0.0,0.0,0.0,24.25,0.0,25.5,0.0,25.375,0.0,24.5,10.0,0.0,0.0075,53.1382,5.3138,2.0,13.5967,1.4534,0.8262,1.4538,0.3861,1.4058,1.858e-05,1.1439,0.0003,1.8013,11.0,0.0636,1.0017,0.1205,2.3027,0.0065,1.0325,0.0614,2.0103,0.0,0.0,64.0,1.2809,25.0,24.0,37.0,36.0,13.0,0.0,0.0,0.0,0.0,41.1289,0.0,41.195,0.0,0.0
2658.0,1.7637,0.0955,1.0,0.0798,1.2018,1.8628,0.8628,2.2918,1.2918,22.0543,1.8822,21.5848,1.8634,100.0,0.0,0.0,0.0,24.25,0.0,25.375,0.0,25.375,0.0,24.375,10.0,0.0,0.0082,53.1373,5.3137,2.0,13.5255,1.4525,0.738,1.4442,0.3844,1.4056,1.868e-05,1.1452,0.0003,1.8007,11.0,0.0678,1.0018,0.1883,2.4966,0.0063,1.0189,0.0582,1.987,0.0,0.0,64.0,2.0753,25.0,24.0,37.0,36.0,14.0,0.0,0.0,0.0,0.0,41.1286,0.0,41.1948,0.0,0.0
2659.0,1.7616,0.0952,1.0,0.0796,1.2012,1.8633,0.8633,2.2922,1.2922,22.1256,1.885,21.571,1.8628,100.0,0.0,0.0,0.0,24.25,0.0,25.375,0.0,25.375,0.0,24.25,10.0,0.0,0.0083,53.1372,5.3137,2.0,13.3527,1.4502,0.6229,1.4316,0.3849,1.4056,1.884e-05,1.1472,0.0003,1.8007,11.0,0.0663,1.0018,0.1832,2.4848,0.0058,0.9885,0.0738,2.09,0.0,0.0,64.0,2.8194,25.0,24.0,37.0,36.0,14.0,0.0,0.0,0.0,0.0,41.1285,0.0,41.1954,0.0,0.0
2660.0,1.7601,0.095,1.0,0.0796,1.2012,1.8634,0.8634,2.2921,1.2921,22.0582,1.8823,21.5623,1.8625,100.0,0.0,0.0,0.0,24.25,0.0,25.375,0.0,25.375,0.0,24.25,10.0,0.0,0.0082,53.1367,5.3136,2.0,13.186,1.448,0.5185,1.4202,0.3814,1.4052,1.884e-05,1.1472,0.0003,1.8017,11.0,0.0647,1.0017,0.1772,2.4704,0.0055,0.9627,0.0706,2.0705,0.0,0.0,64.0,3.4877,25.0,24.0,37.0,36.0,14.0,0.0,0.0,0.0,0.0,41.1285,0.0,41.1944,0.0,0.0
2661.0,1.7586,0.0948,1.0,0.0795,1.201,1.8631,0.8631,2.2924,1.2924,21.9248,1.877,21.5468,1.8619,100.0,0.0,0.0,0.0,24.25,0.0,25.375,0.0,25.375,0.0,24.375,10.0,0.0,0.007,53.1362,5.3136,2.0,13.2513,1.4489,0.5406,1.4226,0.3796,1.405,1.901e-05,1.1492,0.0003,1.8015,11.0,0.0598,1.0016,0.178,2.4723,0.0065,1.0346,0.0662,2.0428,0.0,0.0,64.0,4.241,25.0,24.0,37.0,36.0,14.0,0.0,0.0,0.0,0.0,41.1283,0.0,41.1949,0.0,0.0
2662.0,1.7573,0.0947,1.0,0.0794,1.2006,1.8633,0.8633,2.2923,1.2923,21.8897,1.8756,21.5665,1.8627,100.0,0.0,0.0,0.0,24.375,0.0,25.5,0.0,25.375,0.0,24.25,10.0,0.0,0.0081,53.136,5.3136,2.0,13.2871,1.4494,0.4634,1.4142,0.3777,1.4048,1.904e-05,1.1497,0.0003,1.8014,11.0,0.0608,1.0016,0.1582,2.421,0.0064,1.0249,0.0614,2.0098,0.0,0.0,64.0,4.9928,25.0,24.0,37.0,36.0,14.0,0.0,0.0,0.0,0.0,41.1282,0.0,41.195,0.0,0.0
2663.0,1.7572,0.0947,1.0,0.0797,1.2015,1.8628,0.8628,2.2918,1.2918,22.0756,1.883,21.5846,1.8634,100.0,0.0,0.0,0.0,24.25,0.0,25.375,0.0,25.375,0.0,24.25,10.0,0.0,0.0061,53.1355,5.3135,2.0,12.8645,1.4438,0.5427,1.4228,0.3787,1.405,1.926e-05,1.1523,0.0003,1.8013,11.0,0.0629,1.0017,0.1608,2.4281,0.0065,1.0335,0.0755,2.0998,0.0,0.0,64.0,5.7055,25.0,24.0,37.0,36.0,14.0,0.0,0.0,0.0,0.0,41.1283,0.0,41.1946,0.0,0.0
2664.0,1.7573,0.0947,1.0,0.0795,1.201,1.863,0.863,2.2921,1.2921,22.1276,1.8851,21.5728,1.8629,100.0,0.0,0.0,0.0,24.25,0.0,25.5,0.0,25.375,0.0,24.25,10.0,0.0,0.007,53.1354,5.3136,2.0,13.6145,1.4536,0.9019,1.462,0.3765,1.4047,1.928e-05,1.1525,0.0003,1.8041,11.0,0.06,1.0016,0.1499,2.3978,0.0061,1.0094,0.0708,2.0718,0.0,0.0,64.0,6.6254,25.0,24.0,37.0,36.0,14.0,0.0,0.0,0.0,0.0,41.1286,0.0,41.195,0.0,0.0
2665.0,1.7573,0.0947,1.0,0.0796,1.2013,1.8634,0.8634,2.2926,1.2926,22.0649,1.8826,21.5529,1.8621,100.0,0.0,0.0,0.0,24.25,0.0,25.375,0.0,25.25,0.0,24.25,10.0,0.0,0.0079,53.135,5.3135,2.0,14.3146,1.4623,0.7777,1.4485,0.3812,1.4052,1.945e-05,1.1546,0.0003,1.8043,11.0,0.063,1.0017,0.1974,2.5171,0.0064,1.0262,0.0634,2.0242,0.0,0.0,64.0,7.249,25.0,24.0,37.0,36.0,16.0,0.0,0.0,0.0,0.0,41.1287,0.0,41.1948,0.0,0.0
2666.0,1.7572,0.0946,1.0,0.0797,1.2013,1.8633,0.8633,2.2922,1.2922,21.9611,1.8784,21.5487,1.8619,100.0,0.0,0.0,0.0,24.25,0.0,25.375,0.0,25.375,0.0,24.25,10.0,0.0,0.0076,53.135,5.3135,2.0,13.9911,1.4583,0.6368,1.4331,0.3767,1.4047,1.953e-05,1.1555,0.0003,1.8043,11.0,0.0659,1.0018,0.1883,2.4968,0.0055,0.9607,0.0671,2.0488,0.0,0.0,64.0,7.962,25.0,24.0,37.0,36.0,13.0,0.0,0.0,0.0,0.0,41.1283,0.0,41.1945,0.0,0.0
2667.0,1.7563,0.0945,1.0,0.0799,1.2019,1.8633,0.8633,2.2918,1.2918,21.8821,1.8753,21.5642,1.8626,100.0,0.0,0.0,0.0,24.25,0.0,25.375,0.0,25.375,0.0,24.125,10.0,0.0,0.0078,53.1345,5.3134,2.0,13.9172,1.4574,0.5642,1.4252,0.3792,1.405,1.962e-05,1.1565,0.0003,1.8044,11.0,0.0692,1.0018,0.1748,2.4645,0.0058,0.983,0.0607,2.0053,0.0,0.0,64.0,8.6629,25.0,24.0,37.0,36.0,14.0,0.0,0.0,0.0,0.0,41.1294,0.0,41.1953,0.0,0.0
2668.0,1.7554,0.0944,1.0,0.0797,1.2013,1.8628,0.8628,2.2917,1.2917,21.9894,1.8796,21.582,1.8633,100.0,0.0,0.0,0.0,24.125,0.0,25.625,0.0,25.375,0.0,24.25,10.0,0.0,0.0078,53.134,5.3134,2.0,13.7575,1.4554,0.528,1.4212,0.3779,1.4049,1.974e-05,1.158,0.0003,1.804,11.0,0.0651,1.0017,0.185,2.489,0.0057,0.9787,0.0644,2.0306,0.0,0.0,64.0,9.4177,25.0,24.0,37.0,36.0,13.0,0.0,0.0,0.0,0.0,41.1285,0.0,41.1949,0.0,0.0
2669.0,1.7541,0.0943,1.0,0.0797,1.2015,1.8628,0.8628,2.2921,1.2921,22.1144,1.8846,21.5751,1.863,100.0,0.0,0.0,0.0,24.25,0.0,25.5,0.0,25.5,0.0,24.25,10.0,0.0,0.0083,53.1335,5.3134,2.0,13.6789,1.4544,0.4415,1.4118,0.3701,1.404,1.975e-05,1.1581,0.0003,1.8035,11.0,0.0628,1.0017,0.1914,2.5038,0.006,0.9976,0.0585,1.9887,0.0,0.0,64.0,10.0869,25.0,24.0,37.0,36.0,12.0,0.0,0.0,0.0,0.0,41.1287,0.0,41.195,0.0,0.0
2670.0,1.7523,0.094,1.0,0.0796,1.2011,1.8636,0.8636,2.2922,1.2922,22.0682,1.8827,21.5638,1.8626,100.0,0.0,0.0,0.0,24.25,0.0,25.375,0.0,25.25,0.0,24.25,10.0,0.0,0.0076,53.1333,5.3133,2.0,13.7459,1.4553,0.453,1.4131,0.3732,1.4044,1.991e-05,1.16,0.0003,1.8041,11.0,0.0589,1.0016,0.1461,2.3866,0.0062,1.0168,0.062,2.0143,0.0,0.0,64.0,10.8507,25.0,24.0,37.0,36.0,15.0,0.0,0.0,0.0,0.0,41.1281,0.0,41.1947,0.0,0.0
2671.0,1.7521,0.094,1.0,0.0792,1.2001,1.8638,0.8638,2.2921,1.2921,21.9827,1.8793,21.5598,1.8624,100.0,0.0,0.0,0.0,24.25,0.0,25.5,0.0,25.5,0.0,24.25,10.0,0.0,0.0076,53.1329,5.3133,2.0,13.6939,1.4546,0.4196,1.4094,0.3654,1.4035,1.995e-05,1.1604,0.0003,1.8039,11.0,0.0606,1.0016,0.135,2.3521,0.0052,0.9386,0.057,1.9778,0.0,0.0,64.0,11.5611,25.0,24.0,37.0,36.0,12.0,0.0,0.0,0.0,0.0,41.1287,0.0,41.1943,0.0,0.0
2672.0,1.7532,0.0941,1.0,0.0796,1.2012,1.8633,0.8633,2.2919,1.2919,21.8933,1.8757,21.5646,1.8626,100.0,0.0,0.0,0.0,24.125,0.0,25.5,0.0,25.375,0.0,24.25,10.0,0.0,0.008,53.1329,5.3133,2.0,13.7614,1.4555,0.3706,1.4041,0.3666,1.4036,2.01e-05,1.1623,0.0003,1.8041,11.0,0.0634,1.0017,0.1222,2.3088,0.0064,1.0253,0.0533,1.9485,0.0,0.0,64.0,12.2731,25.0,24.0,37.0,36.0,13.0,0.0,0.0,0.0,0.0,41.1282,0.0,41.1947,0.0,0.0
2673.0,1.7522,0.094,1.0,0.0795,1.201,1.8629,0.8629,2.2918,1.2918,22.0023,1.8801,21.5805,1.8632,100.0,0.0,0.0,0.0,24.25,0.0,25.375,0.0,25.375,0.0,24.25,10.0,0.0,0.0079,53.1324,5.3132,2.0,13.66,1.4542,0.2991,1.3963,0.3604,1.403,2.012e-05,1.1625,0.0003,1.8051,11.0,0.0632,1.0017,0.1291,2.3328,0.0061,1.0059,0.0539,1.9538,0.0,0.0,64.0,13.0227,25.0,24.0,37.0,36.0,14.0,0.0,0.0,0.0,0.0,41.1284,0.0,41.1947,0.0,0.0
2674.0,1.7521,0.094,1.0,0.0797,1.2016,1.8624,0.8624,2.2923,1.2923,22.1315,1.8853,21.5669,1.8627,100.0,0.0,0.0,0.0,24.375,0.0,25.5,0.0,25.5,0.0,24.25,10.0,0.0,0.0072,53.1322,5.3132,2.0,13.3795,1.4506,0.1995,1.3854,0.3623,1.4032,2.018e-05,1.1632,0.0003,1.8059,11.0,0.064,1.0017,0.1124,2.2726,0.006,0.9977,0.0666,2.0454,0.0,0.0,64.0,13.8081,25.0,24.0,37.0,36.0,13.0,0.0,0.0,0.0,0.0,41.1282,0.0,41.195,0.0,0.0
2675.0,1.75,0.0938,1.0,0.0797,1.2013,1.8633,0.8633,2.2926,1.2926,22.0904,1.8836,21.5524,1.8621,100.0,0.0,0.0,0.0,24.375,0.0,25.5,0.0,25.375,0.0,24.25,10.0,0.0,0.0081,53.1318,5.3132,2.0,13.1524,1.4476,0.1438,1.3793,0.3571,1.4026,2.034e-05,1.165,0.0003,1.8055,11.0,0.0619,1.0017,0.2036,2.5306,0.0057,0.9778,0.0596,1.9969,0.0,0.0,64.0,14.5141,25.0,24.0,37.0,37.0,15.0,0.0,0.0,0.0,0.0,41.128,0.0,41.195,0.0,0.0
2676.0,1.7483,0.0935,1.0,0.0798,1.2018,1.8634,0.8634,2.2922,1.2922,21.985,1.8794,21.5591,1.8624,100.0,0.0,0.0,0.0,24.25,0.0,25.5,0.0,25.375,0.0,24.25,10.0,0.0,0.0076,53.1313,5.3131,2.0,13.2851,1.4493,0.2107,1.3866,0.3538,1.4022,2.031e-05,1.1646,0.0003,1.8058,11.0,0.0625,1.0017,0.2144,2.553,0.0055,0.9617,0.0568,1.9764,0.0,0.0,64.0,15.2894,25.0,24.0,37.0,37.0,17.0,0.0,0.0,0.0,0.0,41.1286,0.0,41.1953,0.0,0.0
2677.0,1.7508,0.0939,1.0,0.0796,1.2012,1.8634,0.8634,2.2923,1.2923,21.8867,1.8755,21.5498,1.862,100.0,0.0,0.0,0.0,24.25,0.0,25.5,0.0,25.375,0.0,24.375,10.0,0.0,0.0081,53.1309,5.313,2.0,13.7022,1.4547,0.3279,1.3994,0.3563,1.4025,2.049e-05,1.1666,0.0003,1.8058,11.0,0.0648,1.0017,0.164,2.4366,0.0056,0.9708,0.06,2.0003,0.0,0.0,64.0,15.9906,25.0,24.0,37.0,37.0,14.0,0.0,0.0,0.0,0.0,41.1288,0.0,41.1945,0.0,0.0
2678.0,1.7509,0.0939,1.0,0.0799,1.2021,1.8629,0.8629,2.2922,1.2922,21.9496,1.878,21.5691,1.8628,100.0,0.0,0.0,0.0,24.25,0.0,25.375,0.0,25.375,0.0,24.25,10.0,0.0,0.0085,53.1308,5.3131,2.0,13.6092,1.4535,0.281,1.3943,0.3486,1.4017,2.053e-05,1.1671,0.0003,1.8058,11.0,0.0692,1.0018,0.1599,2.4258,0.0063,1.0187,0.0533,1.9486,0.0,0.0,64.0,16.7391,25.0,24.0,37.0,37.0,13.0,0.0,0.0,0.0,0.0,41.1285,0.0,41.1951,0.0,0.0
2679.0,1.7509,0.0939,1.0,0.0797,1.2016,1.8628,0.8628,2.2922,1.2922,22.107,1.8843,21.5764,1.8631,100.0,0.0,0.0,0.0,24.25,0.0,25.375,0.0,25.375,0.0,24.375,10.0,0.0,0.0076,53.1305,5.313,2.0,13.7779,1.4557,0.3444,1.4012,0.356,1.4025,2.069e-05,1.1689,0.0003,1.8059,11.0,0.0672,1.0018,0.1564,2.4161,0.0059,0.9933,0.0658,2.0404,0.0,0.0,64.0,17.4397,25.0,24.0,37.0,37.0,16.0,0.0,0.0,0.0,0.0,41.1283,0.0,41.1946,0.0,0.0
2680.0,1.751,0.0939,1.0,0.0796,1.2011,1.8632,0.8632,2.2926,1.2926,22.1055,1.8842,21.5667,1.8627,100.0,0.0,0.0,0.0,24.125,0.0,25.375,0.0,25.375,0.0,24.25,10.0,0.0,0.0079,53.1302,5.313,2.0,13.8675,1.4568,0.3442,1.4012,0.3466,1.4014,2.071e-05,1.1692,0.0003,1.8052,11.0,0.0643,1.0017,0.1263,2.3231,0.0064,1.0312,0.0551,1.9632,0.0,0.0,64.0,18.1959,25.0,24.0,37.0,37.0,12.0,0.0,0.0,0.0,0.0,41.1282,0.0,41.1946,0.0,0.0
2681.0,1.75,0.0937,1.0,0.0794,1.2006,1.8634,0.8634,2.2922,1.2922,22.0185,1.8807,21.5601,1.8624,100.0,0.0,0.0,0.0,24.25,0.0,25.375,0.0,25.5,0.0,24.25,10.0,0.0,0.0083,53.1296,5.3129,2.0,13.8597,1.4567,0.2984,1.3962,0.347,1.4015,2.08e-05,1.1702,0.0003,1.8055,11.0,0.0613,1.0016,0.1504,2.3991,0.006,0.9967,0.0609,2.0067,0.0,0.0,64.0,18.9001,25.0,24.0,37.0,37.0,13.0,0.0,0.0,0.0,0.0,41.1284,0.0,41.1946,0.0,0.0
2682.0,1.7489,0.0936,1.0,0.0796,1.2011,1.8638,0.8638,2.292,1.292,21.8996,1.876,21.5574,1.8623,100.0,0.0,0.0,0.0,24.125,0.0,25.375,0.0,25.25,0.0,24.25,10.0,0.0,0.0079,53.1293,5.3129,2.0,13.7582,1.4554,0.2804,1.3942,0.3427,1.401,2.09e-05,1.1712,0.0003,1.8052,11.0,0.0594,1.0016,0.1257,2.321,0.0061,1.005,0.055,1.9623,0.0,0.0,64.0,19.6952,25.0,24.0,37.0,37.0,14.0,0.0,0.0,0.0,0.0,41.128,0.0,41.1939,0.0,0.0
2683.0,1.7488,0.0936,1.0,0.0794,1.2005,1.8632,0.8632,2.2922,1.2922,21.9288,1.8772,21.5676,1.8627,100.0,0.0,0.0,0.0,24.25,0.0,25.375,0.0,25.375,0.0,24.25,10.0,0.0,0.008,53.1292,5.3129,2.0,14.067,1.4593,0.3925,1.4064,0.344,1.4012,2.097e-05,1.172,0.0003,1.8051,11.0,0.0609,1.0016,0.1205,2.3028,0.0056,0.9737,0.0566,1.9747,0.0,0.0,64.0,20.3649,25.0,24.0,37.0,37.0,13.0,0.0,0.0,0.0,0.0,41.1287,0.0,41.1946,0.0,0.0
2684.0,1.7497,0.0937,1.0,0.0796,1.2012,1.8628,0.8628,2.2922,1.2922,22.1003,1.884,21.5805,1.8632,100.0,0.0,0.0,0.0,24.25,0.0,25.5,0.0,25.375,0.0,24.25,10.0,0.0,0.0074,53.1291,5.3129,2.0,14.0077,1.4585,0.2949,1.3958,0.3379,1.4005,2.107e-05,1.1732,0.0003,1.8061,11.0,0.061,1.0016,0.1355,2.3537,0.0061,1.0051,0.0517,1.9354,0.0,0.0,64.0,21.1408,25.0,24.0,37.0,37.0,13.0,0.0,0.0,0.0,0.0,41.1281,0.0,41.1947,0.0,0.0
2685.0,1.7507,0.0938,1.0,0.0797,1.2014,1.8632,0.8632,2.2923,1.2923,22.1039,1.8842,21.5681,1.8627,100.0,0.0,0.0,0.0,24.25,0.0,25.5,0.0,25.25,0.0,24.25,10.0,0.0,0.0078,53.1288,5.3129,2.0,13.8544,1.4566,0.22,1.3876,0.3372,1.4004,2.111e-05,1.1736,0.0003,1.8061,11.0,0.0671,1.0018,0.1119,2.2706,0.0063,1.0218,0.0542,1.9555,0.0,0.0,64.0,21.8448,25.0,24.0,37.0,37.0,15.0,0.0,0.0,0.0,0.0,41.129,0.0,41.1952,0.0,0.0
2686.0,1.751,0.0939,1.0,0.0797,1.2014,1.8634,0.8634,2.2921,1.2921,22.0272,1.8811,21.5603,1.8624,100.0,0.0,0.0,0.0,24.25,0.0,25.375,0.0,25.25,0.0,24.25,10.0,0.0,0.0082,53.1283,5.3128,2.0,13.6497,1.454,0.16,1.3811,0.334,1.4001,2.124e-05,1.175,0.0003,1.8076,11.0,0.0617,1.0016,0.0999,2.2213,0.0061,1.0046,0.0646,2.0319,0.0,0.0,64.0,22.5866,25.0,24.0,37.0,37.0,14.0,0.0,0.0,0.0,0.0,41.1288,0.0,41.195,0.0,0.0
2687.0,1.751,0.0939,1.0,0.0798,1.2018,1.8632,0.8632,2.2923,1.2923,21.9234,1.8769,21.5482,1.8619,100.0,0.0,0.0,0.0,24.125,0.0,25.375,0.0,25.25,0.0,24.25,10.0,0.0,0.0069,53.1279,5.3128,2.0,13.6851,1.4545,0.1778,1.383,0.3306,1.3997,2.123e-05,1.1749,0.0003,1.8071,11.0,0.0635,1.0017,0.0899,2.1758,0.0071,1.0736,0.0602,2.0013,0.0,0.0,64.0,23.3089,25.0,24.0,37.0,37.0,14.0,0.0,0.0,0.0,0.0,41.1285,0.0,41.1947,0.0,0.0
2688.0,1.7514,0.0939,1.0,0.0799,1.2019,1.8629,0.8629,2.2922,1.2922,21.8999,1.876,21.5626,1.8625,100.0,0.0,0.0,0.0,24.25,0.0,25.5,0.0,25.375,0.0,24.25,10.0,0.0,0.0082,53.1274,5.3127,2.0,13.6167,1.4536,0.1225,1.377,0.3339,1.4001,2.145e-05,1.1773,0.0003,1.807,11.0,0.069,1.0018,0.1035,2.2369,0.0059,0.9891,0.0605,2.0037,0.0,0.0,64.0,24.1526,25.0,24.0,37.0,36.0,14.0,0.0,0.0,0.0,0.0,41.1291,0.0,41.1947,0.0,0.0
2689.0,1.753,0.0941,1.0,0.0797,1.2013,1.8625,0.8625,2.2922,1.2922,22.06,1.8824,21.5751,1.863,100.0,0.0,0.0,0.0,24.25,0.0,25.375,0.0,25.25,0.0,24.25,10.0,0.0,0.0077,53.1273,5.3127,2.0,13.5185,1.4524,0.0488,1.369,0.3287,1.3995,2.141e-05,1.1769,0.0003,1.8069,11.0,0.069,1.0018,0.0991,2.2178,0.0059,0.9944,0.0567,1.9756,0.0,0.0,64.0,24.7392,25.0,24.0,37.0,36.0,14.0,0.0,0.0,0.0,0.0,41.1285,0.0,41.1946,0.0,0.0
2690.0,1.7548,0.0943,1.0,0.0795,1.201,1.8631,0.8631,2.2922,1.2922,22.1168,1.8847,21.5674,1.8627,100.0,0.0,0.0,0.0,24.25,0.0,25.375,0.0,25.375,0.0,24.25,10.0,0.0,0.008,53.1267,5.3127,2.0,13.1032,1.447,-0.0857,1.3543,0.322,1.3988,2.155e-05,1.1784,0.0003,1.8075,11.0,0.0649,1.0017,0.0946,2.1978,0.006,1.0009,0.0627,2.019,0.0,0.0,64.0,25.5269,25.0,24.0,37.0,36.0,15.0,0.0,0.0,0.0,0.0,41.1282,0.0,41.1947,0.0,0.0
2691.0,1.7553,0.0944,1.0,0.0795,1.2009,1.8634,0.8634,2.2921,1.2921,22.0489,1.882,21.5606,1.8624,100.0,0.0,0.0,0.0,24.25,0.0,25.375,0.0,25.25,0.0,24.25,10.0,0.0,0.0078,53.1266,5.3126,2.0,13.1552,1.4476,-0.0189,1.3616,0.3237,1.3989,2.156e-05,1.1785,0.0003,1.8073,11.0,0.0615,1.0016,0.0789,2.119,0.0053,0.9488,0.0655,2.0382,0.0,0.0,64.0,26.2473,25.0,24.0,37.0,36.0,14.0,0.0,0.0,0.0,0.0,41.1284,0.0,41.1946,0.0,0.0
2692.0,1.7552,0.0944,1.0,0.0793,1.2003,1.8634,0.8634,2.2921,1.2921,21.933,1.8773,21.5579,1.8623,100.0,0.0,0.0,0.0,24.375,0.0,25.375,0.0,25.375,0.0,24.25,10.0,0.0,0.0076,53.1262,5.3126,2.0,13.1771,1.4479,0.0188,1.3657,0.3237,1.3989,2.175e-05,1.1805,0.0003,1.8072,11.0,0.0601,1.0016,0.0805,2.1276,0.0062,1.012,0.0655,2.0384,0.0,0.0,64.0,26.9621,25.0,24.0,37.0,37.0,14.0,0.0,0.0,0.0,0.0,41.1279,0.0,41.1943,0.0,0.0
2693.0,1.7562,0.0945,1.0,0.0794,1.2006,1.8634,0.8634,2.2919,1.2919,21.8959,1.8758,21.5695,1.8628,100.0,0.0,0.0,0.0,24.375,0.0,25.5,0.0,25.25,0.0,24.25,10.0,0.0,0.0081,53.1261,5.3126,2.0,13.188,1.4481,-0.0079,1.3628,0.3184,1.3984,2.172e-05,1.1802,0.0003,1.8067,11.0,0.0608,1.0016,0.0771,2.1087,0.0065,1.0353,0.0566,1.9745,0.0,0.0,64.0,27.6566,25.0,24.0,37.0,37.0,16.0,0.0,0.0,0.0,0.0,41.1283,0.0,41.1941,0.0,0.0
2694.0,1.7572,0.0946,1.0,0.0798,1.2017,1.8628,0.8628,2.2921,1.2921,22.0555,1.8822,21.5848,1.8634,100.0,0.0,0.0,0.0,24.25,0.0,25.5,0.0,25.25,0.0,24.375,10.0,0.0,0.0079,53.1256,5.3125,2.0,13.2763,1.4492,0.0112,1.3649,0.3181,1.3983,2.19e-05,1.1821,0.0003,1.8095,11.0,0.0596,1.0016,0.0653,2.0369,0.0056,0.9718,0.0587,1.9908,0.0,0.0,64.0,28.2488,25.0,24.0,37.0,37.0,13.0,0.0,0.0,0.0,0.0,41.1286,0.0,41.1945,0.0,0.0
2695.0,1.7562,0.0945,1.0,0.0797,1.2015,1.8627,0.8627,2.2925,1.2925,22.1236,1.8849,21.5597,1.8624,100.0,0.0,0.0,0.0,24.375,0.0,25.375,0.0,25.5,0.0,24.25,10.0,0.0,0.0082,53.1252,5.3125,2.0,13.2155,1.4484,0.0337,1.3673,0.316,1.3981,2.192e-05,1.1824,0.0003,1.8093,11.0,0.0658,1.0018,0.0668,2.0466,0.0066,1.039,0.0731,2.0857,0.0,0.0,64.0,28.809,25.0,24.0,37.0,37.0,14.0,0.0,0.0,0.0,0.0,41.1288,0.0,41.1947,0.0,0.0
2696.0,1.7562,0.0945,1.0,0.0799,1.2019,1.863,0.863,2.2921,1.2921,22.0469,1.8819,21.5523,1.8621,100.0,0.0,0.0,0.0,24.25,0.0,25.375,0.0,25.25,0.0,24.25,10.0,0.0,0.008,53.1249,5.3125,2.0,13.6148,1.4536,0.1529,1.3803,0.3128,1.3978,2.201e-05,1.1833,0.0003,1.8091,11.0,0.0685,1.0018,0.0611,2.008,0.0056,0.9721,0.0692,2.0618,0.0,0.0,64.0,29.5336,25.0,24.0,37.0,36.0,13.0,0.0,0.0,0.0,0.0,41.1283,0.0,41.1949,0.0,0.0
2697.0,1.7555,0.0944,1.0,0.0796,1.2012,1.8634,0.8634,2.2921,1.2921,21.9589,1.8784,21.5583,1.8623,100.0,0.0,0.0,0.0,24.25,0.0,25.5,0.0,25.25,0.0,24.25,10.0,0.0,0.0082,53.1244,5.3124,2.0,13.6239,1.4537,0.1035,1.3749,0.3164,1.3981,2.211e-05,1.1843,0.0003,1.8083,11.0,0.0648,1.0017,0.0598,1.9986,0.0065,1.0344,0.0566,1.9748,0.0,0.0,0.0,29.9962,25.0,24.0,37.0,36.0,14.0,0.0,0.0,0.0,0.0,41.1283,0.0,41.195,0.0,0.0
2698.0,1.7541,0.0943,1.0,0.0799,1.2021,1.8633,0.8633,2.2918,1.2918,21.884,1.8754,21.5642,1.8626,100.0,0.0,0.0,0.0,24.375,0.0,25.5,0.0,25.5,0.0,24.25,10.0,0.0,0.0076,53.1243,5.3124,2.0,13.3748,1.4505,0.0733,1.3716,0.3125,1.3977,2.22e-05,1.1853,0.0003,1.8086,11.0,0.0685,1.0018,0.1275,2.3274,0.006,1.0032,0.0643,2.0299,0.0,0.0,0.0,29.9967,25.0,24.0,37.0,36.0,14.0,0.0,0.0,0.0,0.0,41.1278,0.0,41.194,0.0,0.0
2699.0,1.7546,0.0943,1.0,0.0797,1.2014,1.8626,0.8626,2.292,1.292,22.0151,1.8806,21.5746,1.863,100.0,0.0,0.0,0.0,24.25,0.0,25.5,0.0,25.375,0.0,24.25,10.0,0.0,0.0078,53.1239,5.3124,2.0,13.5835,1.4532,0.1039,1.375,0.3189,1.3984,2.237e-05,1.187,0.0003,1.8086,11.0,0.0682,1.0018,0.1192,2.298,0.0062,1.0109,0.0565,1.9737,0.0,0.0,0.0,29.9963,25.0,24.0,37.0,36.0,13.0,0.0,0.0,0.0,0.0,41.1282,0.0,41.1945,0.0,0.0
2700.0,1.7535,0.0942,1.0,0.0797,1.2013,1.8625,0.8625,2.2925,1.2925,22.1272,1.8851,21.5639,1.8626,100.0,0.0,0.0,0.0,24.25,0.0,25.5,0.0,25.375,0.0,24.25,10.0,0.0,0.0079,53.1237,5.3123,2.0,13.3343,1.45,0.0069,1.3644,0.3123,1.3977,2.234e-05,1.1868,0.0003,1.8084,11.0,0.0651,1.0017,0.105,2.2432,0.0062,1.017,0.0601,2.001,0.0,0.0,0.0,29.995,25.0,24.0,37.0,36.0,15.0,0.0,0.0,0.0,0.0,41.1281,0.0,41.1946,0.0,0.0
2701.0,1.7531,0.0941,1.0,0.0793,1.2003,1.8633,0.8633,2.2926,1.2926,22.0772,1.8831,21.5598,1.8624,100.0,0.0,0.0,0.0,24.25,0.0,25.5,0.0,25.375,0.0,24.25,10.0,0.0,0.0077,53.1232,5.3123,2.0,13.0376,1.4461,-0.1115,1.3515,0.3106,1.3975,2.247e-05,1.1881,0.0003,1.8105,11.0,0.0609,1.0016,0.1065,2.249,0.0066,1.0432,0.0518,1.9361,0.0,0.0,0.0,29.9948,25.0,24.0,37.0,36.0,13.0,0.0,0.0,0.0,0.0,41.128,0.0,41.1942,0.0,0.0
2702.0,1.7537,0.0942,1.0,0.0794,1.2006,1.8634,0.8634,2.2921,1.2921,21.9609,1.8784,21.5587,1.8623,100.0,0.0,0.0,0.0,24.25,0.0,25.5,0.0,25.25,0.0,24.25,10.0,0.0,0.0083,53.123,5.3123,2.0,13.2812,1.4493,0.0707,1.3714,0.3031,1.3967,2.245e-05,1.1879,0.0003,1.8097,11.0,0.0578,1.0015,0.1183,2.2947,0.0059,0.9935,0.0484,1.9065,0.0,0.0,0.0,29.9941,25.0,24.0,37.0,36.0,15.0,0.0,0.0,0.0,0.0,41.1285,0.0,41.1947,0.0,0.0
2703.0,1.7531,0.0941,1.0,0.0796,1.2012,1.8634,0.8634,2.2922,1.2922,21.8803,1.8752,21.5535,1.8621,100.0,0.0,0.0,0.0,24.25,0.0,25.375,0.0,25.5,0.0,24.25,10.0,0.0,0.0078,53.1228,5.3123,2.0,13.3583,1.4503,0.0085,1.3646,0.3077,1.3972,2.266e-05,1.1901,0.0003,1.81,11.0,0.0617,1.0016,0.1052,2.244,0.0067,1.0465,0.048,1.9033,0.0,0.0,0.0,29.9939,25.0,24.0,37.0,36.0,14.0,0.0,0.0,0.0,0.0,41.1283,0.0,41.1946,0.0,0.0
2704.0,1.7534,0.0942,1.0,0.0797,1.2014,1.8628,0.8628,2.2922,1.2922,22.0018,1.8801,21.5717,1.8629,100.0,0.0,0.0,0.0,24.25,0.0,25.375,0.0,25.5,0.0,24.25,10.0,0.0,0.0078,53.1226,5.3123,2.0,13.1706,1.4478,-0.0609,1.357,0.3054,1.397,2.267e-05,1.1902,0.0003,1.8096,11.0,0.0663,1.0018,0.0831,2.1415,0.0061,1.0077,0.0609,2.0066,0.0,0.0,0.0,29.9933,25.0,24.0,37.0,37.0,14.0,0.0,0.0,0.0,0.0,41.1288,0.0,41.1948,0.0,0.0
2705.0,1.7533,0.0942,1.0,0.08,1.2024,1.863,0.863,2.2925,1.2925,22.127,1.8851,21.5711,1.8628,100.0,0.0,0.0,0.0,24.375,0.0,25.375,0.0,25.375,0.0,24.25,10.0,0.0,0.008,53.1219,5.3122,2.0,13.169,1.4478,0.2351,1.3893,0.3016,1.3965,2.273e-05,1.1908,0.0003,1.8103,11.0,0.0688,1.0018,0.0861,2.1567,0.0058,0.9822,0.061,2.0071,0.0,0.0,0.0,29.9929,25.0,24.0,37.0,37.0,13.0,0.0,0.0,0.0,0.0,41.1285,0.0,41.1944,0.0,0.0
2706.0,1.7531,0.0941,1.0,0.0796,1.2013,1.8633,0.8633,2.2926,1.2926,22.0736,1.8829,21.5615,1.8625,100.0,0.0,0.0,0.0,24.25,0.0,25.375,0.0,25.25,0.0,24.25,10.0,0.0,0.0081,53.1219,5.3121,2.0,13.9033,1.4572,0.2512,1.391,0.3054,1.397,2.292e-05,1.1927,0.0003,1.8104,11.0,0.0665,1.0018,0.0837,2.1448,0.006,1.003,0.0519,1.9366,0.0,0.0,0.0,29.9928,25.0,24.0,37.0,37.0,13.0,0.0,0.0,0.0,0.0,41.1284,0.0,41.1948,0.0,0.0
2707.0,1.7521,0.094,1.0,0.0797,1.2016,1.8634,0.8634,2.2925,1.2925,21.9916,1.8797,21.5585,1.8623,100.0,0.0,0.0,0.0,24.25,0.0,25.375,0.0,25.375,0.0,24.25,10.0,0.0,0.0072,53.1216,5.3121,2.0,13.9017,1.4572,0.222,1.3879,0.3021,1.3966,2.294e-05,1.1929,0.0003,1.8109,11.0,0.0623,1.0017,0.0851,2.1518,0.0065,1.0321,0.0674,2.0508,0.0,0.0,0.0,29.9921,25.0,24.0,37.0,37.0,15.0,0.0,0.0,0.0,0.0,41.1284,0.0,41.1948,0.0,0.0
2708.0,1.7509,0.0939,1.0,0.0796,1.2012,1.8629,0.8629,2.2923,1.2923,21.8809,1.8752,21.5496,1.862,100.0,0.0,0.0,0.0,24.25,0.0,25.375,0.0,25.25,0.0,24.25,10.0,0.0,0.0073,53.1211,5.3121,2.0,13.7705,1.4556,0.2006,1.3855,0.3042,1.3968,2.312e-05,1.1947,0.0003,1.8118,11.0,0.0652,1.0017,0.0771,2.1086,0.007,1.0672,0.0593,1.9946,0.0,0.0,0.0,29.9919,25.0,24.0,37.0,36.0,15.0,0.0,0.0,0.0,0.0,41.1279,0.0,41.1945,0.0,0.0
2709.0,1.753,0.0941,1.0,0.0795,1.201,1.8626,0.8626,2.2922,1.2922,21.9624,1.8785,21.5699,1.8628,100.0,0.0,0.0,0.0,24.25,0.0,25.375,0.0,25.25,0.0,24.25,10.0,0.0,0.008,53.1211,5.3121,2.0,13.8106,1.4561,0.1624,1.3814,0.2997,1.3963,2.309e-05,1.1944,0.0003,1.811,11.0,0.0658,1.0018,0.157,2.4176,0.0063,1.021,0.0638,2.0268,0.0,0.0,0.0,29.9917,25.0,24.0,37.0,36.0,14.0,0.0,0.0,0.0,0.0,41.1282,0.0,41.1945,0.0,0.0
2710.0,1.753,0.0941,1.0,0.0795,1.2009,1.8628,0.8628,2.292,1.292,22.1334,1.8853,21.5759,1.863,100.0,0.0,0.0,0.0,24.25,0.0,25.375,0.0,25.375,0.0,24.25,10.0,0.0,0.0081,53.1205,5.3121,2.0,13.8158,1.4562,0.1813,1.3834,0.2949,1.3958,2.32e-05,1.1955,0.0003,1.8115,11.0,0.0599,1.0016,0.1178,2.2931,0.0061,1.0039,0.0549,1.9611,0.0,0.0,0.0,29.9911,25.0,24.0,37.0,36.0,15.0,0.0,0.0,0.0,0.0,41.1282,0.0,41.1945,0.0,0.0
2711.0,1.7531,0.0941,1.0,0.0793,1.2003,1.8629,0.8629,2.2926,1.2926,22.111,1.8844,21.5553,1.8622,100.0,0.0,0.0,0.0,24.25,0.0,25.375,0.0,25.25,0.0,24.25,10.0,0.0,0.0075,53.1202,5.312,2.0,13.8518,1.4566,0.2562,1.3916,0.2974,1.3961,2.328e-05,1.1963,0.0003,1.8102,11.0,0.0585,1.0016,0.1209,2.3044,0.0061,1.0045,0.0531,1.9472,0.0,0.0,0.0,29.9908,25.0,24.0,37.0,36.0,12.0,0.0,0.0,0.0,0.0,41.128,0.0,41.1944,0.0,0.0
2712.0,1.7541,0.0943,1.0,0.0796,1.2012,1.863,0.863,2.2929,1.2929,22.0006,1.88,21.5497,1.862,100.0,0.0,0.0,0.0,24.25,0.0,25.375,0.0,25.25,0.0,24.375,10.0,0.0,0.008,53.1201,5.312,2.0,14.1625,1.4605,0.2667,1.3927,0.2973,1.3961,2.334e-05,1.1969,0.0003,1.8111,11.0,0.0608,1.0016,0.1241,2.3158,0.0055,0.9624,0.0686,2.058,0.0,0.0,0.0,29.9908,25.0,24.0,37.0,36.0,13.0,0.0,0.0,0.0,64.0,41.2083,0.0,41.1943,0.0,0.0
2713.0,1.7533,0.0942,1.0,0.0796,1.2012,1.8634,0.8634,2.2924,1.2924,21.8916,1.8757,21.5545,1.8622,100.0,0.0,0.0,0.0,24.25,0.0,25.375,0.0,25.375,0.0,24.375,10.0,0.0,0.008,53.1198,5.312,2.0,14.0032,1.4585,0.2003,1.3855,0.2988,1.3962,2.353e-05,1.1988,0.0003,1.8108,11.0,0.0618,1.0016,0.1148,2.282,0.007,1.0666,0.0644,2.0308,0.0,0.0,0.0,29.9906,25.0,24.0,37.0,36.0,13.0,0.0,0.0,0.0,64.0,41.3913,0.0,41.1947,0.0,0.0
2714.0,1.753,0.0941,1.0,0.0797,1.2015,1.863,0.863,2.2922,1.2922,21.9512,1.878,21.5708,1.8628,100.0,0.0,0.0,0.0,24.125,0.0,25.5,0.0,25.375,0.0,24.25,10.0,0.0,0.0081,53.1191,5.3119,2.0,13.9771,1.4582,0.1843,1.3837,0.2945,1.3958,2.353e-05,1.1988,0.0003,1.8132,11.0,0.068,1.0018,0.089,2.1714,0.0055,0.9646,0.0697,2.0651,0.0,0.0,0.0,29.9905,25.0,24.0,37.0,36.0,15.0,0.0,0.0,0.0,64.0,41.5828,0.0,41.1942,0.0,0.0
2715.0,1.7531,0.0941,1.0,0.0799,1.2019,1.8624,0.8624,2.2926,1.2926,22.1334,1.8853,21.5652,1.8626,100.0,0.0,0.0,0.0,24.375,0.0,25.375,0.0,25.375,0.0,24.25,10.0,0.0,0.0071,53.1186,5.3118,2.0,13.9109,1.4573,0.1358,1.3784,0.2968,1.396,2.368e-05,1.2002,0.0003,1.8134,11.0,0.0683,1.0018,0.1846,2.4882,0.0065,1.0326,0.0653,2.0366,0.0,0.0,0.0,29.9901,25.0,24.0,37.0,36.0,14.0,0.0,0.0,0.0,64.0,41.7587,0.0,41.195,0.0,0.0
2716.0,1.7539,0.0942,1.0,0.0796,1.2011,1.8628,0.8628,2.293,1.293,22.1098,1.8844,21.5553,1.8622,100.0,0.0,0.0,0.0,24.125,0.0,25.375,0.0,25.375,0.0,24.25,10.0,0.0,0.008,53.1183,5.3118,2.0,13.9805,1.4582,0.1523,1.3803,0.2941,1.3957,2.378e-05,1.2012,0.0003,1.812,11.0,0.0656,1.0018,0.1601,2.4261,0.0068,1.0512,0.0691,2.0614,0.0,0.0,0.0,29.9905,25.0,24.0,37.0,36.0,12.0,0.0,0.0,0.0,64.0,41.951,0.0,41.1947,0.0,0.0
2717.0,1.7548,0.0944,1.0,0.0795,1.201,1.863,0.863,2.2926,1.2926,22.015,1.8806,21.5499,1.862,100.0,0.0,0.0,0.0,24.25,0.0,25.375,0.0,25.25,0.0,24.25,10.0,0.0,0.0082,53.1179,5.3118,2.0,13.8676,1.4568,0.1553,1.3806,0.2886,1.3951,2.373e-05,1.2008,0.0003,1.8121,11.0,0.0657,1.0018,0.1758,2.467,0.0057,0.9739,0.0712,2.0742,0.0,0.0,0.0,29.9898,25.0,24.0,37.0,36.0,12.0,0.0,0.0,0.0,64.0,42.1654,0.0,41.1943,0.0,0.0
2718.0,1.7568,0.0946,1.0,0.0795,1.2009,1.863,0.863,2.2925,1.2925,21.8981,1.8759,21.5474,1.8619,100.0,0.0,0.0,0.0,24.25,0.0,25.5,0.0,25.375,0.0,24.25,10.0,0.0,0.0076,53.1179,5.3118,2.0,14.1003,1.4597,0.1756,1.3828,0.2881,1.3951,2.388e-05,1.2023,0.0003,1.8139,11.0,0.0638,1.0017,0.146,2.3862,0.0068,1.0568,0.0718,2.0781,0.0,0.0,0.0,29.9896,25.0,24.0,37.0,36.0,14.0,0.0,0.0,0.0,64.0,42.3405,0.0,41.1951,0.0,0.0
2719.0,1.7572,0.0947,1.0,0.0795,1.2008,1.8631,0.8631,2.2923,1.2923,21.9206,1.8768,21.5728,1.8629,100.0,0.0,0.0,0.0,24.25,0.0,25.375,0.0,25.375,0.0,24.25,10.0,0.0,0.008,53.1174,5.3117,2.0,13.9463,1.4578,0.1513,1.3801,0.2903,1.3953,2.394e-05,1.2028,0.0003,1.814,11.0,0.0649,1.0017,0.1614,2.4297,0.0056,0.9727,0.0641,2.0285,0.0,0.0,0.0,29.9896,25.0,24.0,37.0,36.0,15.0,0.0,0.0,0.0,64.0,42.5301,0.0,41.1943,0.0,0.0
2720.0,1.7562,0.0945,1.0,0.0795,1.2008,1.8628,0.8628,2.2922,1.2922,22.0834,1.8833,21.5843,1.8634,100.0,0.0,0.0,0.0,24.25,0.0,25.375,0.0,25.375,0.0,24.25,10.0,0.0,0.0077,53.1173,5.3117,2.0,14.1746,1.4606,0.334,1.4001,0.287,1.3949,2.402e-05,1.2036,0.0003,1.8135,11.0,0.0622,1.0017,0.2466,2.6138,0.0065,1.032,0.0625,2.0174,0.0,0.0,0.0,29.9894,25.0,24.0,37.0,36.0,14.0,0.0,0.0,0.0,64.0,42.6922,0.0,41.1943,0.0,0.0
2721.0,1.7572,0.0947,1.0,0.0795,1.201,1.8631,0.8631,2.2926,1.2926,22.1172,1.8847,21.57,1.8628,100.0,0.0,0.0,0.0,24.25,0.0,25.375,0.0,25.25,0.0,24.25,10.0,0.0,0.0076,53.1167,5.3116,2.0,14.6457,1.4663,0.3838,1.4055,0.288,1.3951,2.416e-05,1.205,0.0003,1.813,11.0,0.0597,1.0016,0.1799,2.4769,0.0056,0.9733,0.055,1.9622,0.0,0.0,0.0,29.9897,25.0,24.0,37.0,36.0,14.0,0.0,0.0,0.0,64.0,42.8936,0.0,41.1943,0.0,0.0
2722.0,1.7572,0.0947,1.0,0.0794,1.2005,1.8634,0.8634,2.2925,1.2925,22.0339,1.8814,21.5616,1.8625,100.0,0.0,0.0,0.0,24.25,0.0,25.375,0.0,25.375,0.0,24.25,10.0,0.0,0.0078,53.1165,5.3116,2.0,14.477,1.4643,0.2653,1.3926,0.2892,1.3952,2.425e-05,1.2058,0.0003,1.8125,11.0,0.0596,1.0016,0.2106,2.5453,0.0059,0.9892,0.0701,2.0673,0.0,0.0,0.0,29.9892,25.0,24.0,37.0,36.0,13.0,0.0,0.0,0.0,64.0,43.0588,0.0,41.1944,0.0,0.0
2723.0,1.7563,0.0945,1.0,0.0797,1.2013,1.863,0.863,2.2928,1.2928,21.9241,1.877,21.5481,1.8619,100.0,0.0,0.0,0.0,24.125,0.0,25.375,0.0,25.25,0.0,24.25,10.0,0.0,0.0073,53.1163,5.3116,2.0,14.3935,1.4633,0.255,1.3915,0.2854,1.3948,2.427e-05,1.206,0.0003,1.8139,11.0,0.0641,1.0017,0.1691,2.45,0.006,0.999,0.0662,2.0427,0.0,0.0,0.0,29.9885,25.0,24.0,37.0,36.0,14.0,0.0,0.0,0.0,64.0,43.2551,0.0,41.1942,0.0,0.0
2724.0,1.7561,0.0945,1.0,0.0796,1.2012,1.8628,0.8628,2.2922,1.2922,21.9114,1.8765,21.5616,1.8625,100.0,0.0,0.0,0.0,24.375,0.0,25.5,0.0,25.375,0.0,24.25,10.0,0.0,0.0081,53.1161,5.3116,2.0,14.5612,1.4653,0.3013,1.3965,0.2857,1.3948,2.442e-05,1.2074,0.0003,1.815,11.0,0.0641,1.0017,0.1574,2.4188,0.0062,1.0131,0.0715,2.076,0.0,0.0,0.0,29.9886,25.0,24.0,37.0,36.0,12.0,0.0,0.0,0.0,64.0,43.4552,0.0,41.1941,0.0,0.0
2725.0,1.7552,0.0944,1.0,0.0799,1.202,1.8624,0.8624,2.2922,1.2922,22.0905,1.8836,21.5731,1.8629,100.0,0.0,0.0,0.0,24.25,0.0,25.375,0.0,25.25,0.0,24.25,10.0,0.0,0.0079,53.1157,5.3116,2.0,14.7635,1.4677,0.3293,1.3996,0.2856,1.3948,2.453e-05,1.2085,0.0003,1.815,11.0,0.0664,1.0018,0.1612,2.4293,0.0068,1.0548,0.0705,2.0702,0.0,0.0,0.0,29.9884,25.0,24.0,37.0,36.0,14.0,0.0,0.0,0.0,64.0,43.6454,0.0,41.194,0.0,0.0
2726.0,1.7551,0.0944,1.0,0.0799,1.2019,1.8627,0.8627,2.2926,1.2926,22.1094,1.8844,21.5592,1.8624,100.0,0.0,0.0,0.0,24.25,0.0,25.375,0.0,25.25,0.0,24.375,10.0,0.0,0.0076,53.1154,5.3115,2.0,14.6384,1.4662,0.2908,1.3954,0.2861,1.3949,2.457e-05,1.2088,0.0003,1.8147,11.0,0.0676,1.0018,0.1338,2.3484,0.0061,1.0078,0.0676,2.052,0.0,0.0,0.0,29.9882,25.0,24.0,37.0,36.0,13.0,0.0,0.0,0.0,64.0,43.8826,0.0,41.1944,0.0,0.0
2727.0,1.7522,0.094,1.0,0.0796,1.2012,1.863,0.863,2.2925,1.2925,22.0325,1.8813,21.55,1.862,100.0,0.0,0.0,0.0,24.125,0.0,25.375,0.0,25.375,0.0,24.25,10.0,0.0,0.0075,53.1152,5.3115,2.0,14.5536,1.4652,0.2279,1.3885,0.2883,1.3951,2.468e-05,1.2099,0.0003,1.8144,11.0,0.0673,1.0018,0.1335,2.3474,0.0056,0.9723,0.0756,2.1006,0.0,0.0,0.0,29.9881,25.0,24.0,37.0,36.0,14.0,0.0,0.0,0.0,64.0,44.0796,0.0,41.1944,0.0,0.0
2728.0,1.752,0.094,1.0,0.0795,1.2008,1.8634,0.8634,2.2925,1.2925,21.9415,1.8777,21.5475,1.8619,100.0,0.0,0.0,0.0,24.25,0.0,25.375,0.0,25.375,0.0,24.125,10.0,0.0,0.0073,53.1148,5.3114,2.0,14.4994,1.4645,0.1639,1.3815,0.2881,1.3951,2.482e-05,1.2112,0.0003,1.8165,11.0,0.0669,1.0018,0.1483,2.3929,0.0059,0.9956,0.074,2.0908,0.0,0.0,0.0,29.9879,25.0,24.0,37.0,36.0,15.0,0.0,0.0,0.0,64.0,44.2386,0.0,41.1944,0.0,0.0
2729.0,1.7512,0.0939,1.0,0.0803,1.203,1.8632,0.8632,2.2923,1.2923,21.9027,1.8761,21.5604,1.8624,100.0,0.0,0.0,0.0,24.375,0.0,25.5,0.0,25.25,0.0,24.25,10.0,0.0,0.0072,53.1145,5.3114,2.0,14.1364,1.4601,0.0469,1.3688,0.2936,1.3957,2.498e-05,1.2127,0.0003,1.8161,11.0,0.0668,1.0018,0.1364,2.3565,0.0054,0.9518,0.0698,2.0659,0.0,0.0,0.0,29.9882,25.0,24.0,37.0,37.0,14.0,0.0,0.0,0.0,64.0,44.4351,0.0,41.1946,0.0,0.0
2730.0,1.7524,0.0941,1.0,0.08,1.2023,1.8629,0.8629,2.2922,1.2922,22.0269,1.8811,21.5831,1.8633,100.0,0.0,0.0,0.0,24.25,0.0,25.5,0.0,25.25,0.0,24.25,10.0,0.0,0.0077,53.1143,5.3114,2.0,14.1248,1.46,0.0726,1.3716,0.2949,1.3958,2.502e-05,1.213,0.0003,1.8159,11.0,0.0711,1.0019,0.1176,2.2922,0.0059,0.9911,0.0632,2.0227,0.0,0.0,0.0,29.9881,25.0,24.0,37.0,37.0,14.0,0.0,0.0,0.0,64.0,44.6114,0.0,41.1945,0.0,0.0
2731.0,1.7535,0.0942,1.0,0.0795,1.201,1.863,0.863,2.2925,1.2925,22.1249,1.885,21.5722,1.8629,100.0,0.0,0.0,0.0,24.25,0.0,25.5,0.0,25.25,0.0,24.25,10.0,0.0,0.0071,53.1135,5.3113,2.0,14.0403,1.459,0.0176,1.3656,0.2973,1.3961,2.517e-05,1.2144,0.0003,1.818,11.0,0.0659,1.0018,0.104,2.2389,0.0062,1.0129,0.0611,2.0077,0.0,0.0,0.0,29.9882,25.0,24.0,37.0,37.0,14.0,0.0,0.0,0.0,64.0,44.7966,0.0,41.1948,0.0,0.0
2732.0,1.7541,0.0943,1.0,0.0796,1.201,1.8633,0.8633,2.2925,1.2925,22.0618,1.8825,21.5622,1.8625,100.0,0.0,0.0,0.0,24.25,0.0,25.375,0.0,25.375,0.0,24.25,10.0,0.0,0.0074,53.1135,5.3113,2.0,13.7976,1.4559,-0.0523,1.3579,0.3053,1.3969,2.534e-05,1.216,0.0003,1.8174,11.0,0.0646,1.0017,0.1021,2.231,0.0064,1.0314,0.0665,2.0449,0.0,0.0,0.0,29.9884,25.0,24.0,37.0,37.0,13.0,0.0,0.0,0.0,64.0,44.9898,0.0,41.1947,0.0,0.0
2733.0,1.7531,0.0941,1.0,0.0795,1.2007,1.8634,0.8634,2.2925,1.2925,21.9587,1.8783,21.5581,1.8623,100.0,0.0,0.0,0.0,24.25,0.0,25.375,0.0,25.375,0.0,24.25,10.0,0.0,0.0073,53.1127,5.3113,2.0,13.8317,1.4564,0.025,1.3664,0.3076,1.3972,2.553e-05,1.2178,0.0003,1.8168,11.0,0.0652,1.0017,0.0995,2.2196,0.005,0.9198,0.0616,2.0111,0.0,0.0,0.0,29.9875,25.0,24.0,37.0,36.0,14.0,0.0,0.0,0.0,64.0,45.1846,0.0,41.1943,0.0,0.0
2734.0,1.7532,0.0941,1.0,0.0797,1.2014,1.8633,0.8633,2.2922,1.2922,21.9008,1.876,21.5691,1.8628,100.0,0.0,0.0,0.0,24.375,0.0,25.375,0.0,25.25,0.0,24.125,10.0,0.0,0.007,53.1127,5.3113,2.0,14.2275,1.4613,0.133,1.3781,0.3157,1.3981,2.571e-05,1.2194,0.0003,1.8194,11.0,0.0642,1.0017,0.0935,2.1925,0.0052,0.9342,0.0567,1.9752,0.0,0.0,0.0,29.9873,25.0,24.0,37.0,36.0,15.0,0.0,0.0,0.0,64.0,45.3838,0.0,41.1944,0.0,0.0
2735.0,1.7542,0.0943,1.0,0.0796,1.2011,1.8624,0.8624,2.2925,1.2925,22.0539,1.8822,21.5743,1.863,100.0,0.0,0.0,0.0,24.25,0.0,25.375,0.0,25.25,0.0,24.25,10.0,0.0,0.008,53.1122,5.3112,2.0,14.3249,1.4624,0.1497,1.38,0.3219,1.3988,2.588e-05,1.221,0.0003,1.8192,11.0,0.0639,1.0017,0.0924,2.1875,0.0062,1.0164,0.0684,2.0567,0.0,0.0,0.0,29.9875,25.0,24.0,37.0,36.0,14.0,0.0,0.0,0.0,64.0,45.5659,0.0,41.1942,0.0,0.0
2736.0,1.7541,0.0943,1.0,0.0795,1.2008,1.8625,0.8625,2.2929,1.2929,22.1253,1.885,21.555,1.8622,100.0,0.0,0.0,0.0,24.25,0.0,25.375,0.0,25.25,0.0,24.125,10.0,0.0,0.0081,53.112,5.3112,2.0,14.3987,1.4633,0.1571,1.3808,0.3231,1.3989,2.605e-05,1.2224,0.0003,1.8217,11.0,0.0619,1.0017,0.084,2.1461,0.0057,0.9795,0.0705,2.0699,0.0,0.0,0.0,29.9873,25.0,24.0,37.0,36.0,13.0,0.0,0.0,0.0,64.0,45.779,0.0,41.1944,0.0,0.0
2737.0,1.754,0.0942,1.0,0.0796,1.2011,1.863,0.863,2.293,1.293,22.0714,1.8829,21.5436,1.8617,100.0,0.0,0.0,0.0,24.25,0.0,25.375,0.0,25.375,0.0,24.25,10.0,0.0,0.0076,53.1119,5.3112,2.0,14.2742,1.4618,0.077,1.372,0.3241,1.399,2.616e-05,1.2234,0.0003,1.8208,11.0,0.0586,1.0016,0.0896,2.1743,0.0061,1.0105,0.0659,2.0404,0.0,0.0,0.0,29.9874,25.0,24.0,37.0,36.0,14.0,0.0,0.0,0.0,64.0,45.9414,0.0,41.1945,0.0,0.0
2738.0,1.753,0.0941,1.0,0.0797,1.2014,1.863,0.863,2.293,1.293,21.9768,1.8791,21.549,1.862,100.0,0.0,0.0,0.0,24.125,0.0,25.5,0.0,25.375,0.0,24.25,10.0,0.0,0.0074,53.1116,5.3112,2.0,14.0946,1.4596,0.0215,1.366,0.3306,1.3997,2.635e-05,1.2251,0.0003,1.8207,11.0,0.0598,1.0016,0.0724,2.0817,0.0064,1.0253,0.0647,2.0329,0.0,0.0,0.0,29.9869,25.0,24.0,37.0,36.0,13.0,0.0,0.0,0.0,64.0,46.1277,0.0,41.1943,0.0,0.0
2739.0,1.7533,0.0942,1.0,0.0793,1.2004,1.863,0.863,2.2927,1.2927,21.8806,1.8752,21.5506,1.862,100.0,0.0,0.0,0.0,24.25,0.0,25.375,0.0,25.375,0.0,24.25,10.0,0.0,0.008,53.1113,5.3111,2.0,14.3046,1.4622,0.1443,1.3794,0.3366,1.4004,2.652e-05,1.2266,0.0003,1.8224,11.0,0.06,1.0016,0.0619,2.0137,0.0062,1.0161,0.0549,1.9617,0.0,0.0,0.0,29.9871,25.0,24.0,37.0,36.0,15.0,0.0,0.0,0.0,64.0,46.3195,0.0,41.1945,0.0,0.0
2740.0,1.7541,0.0943,1.0,0.0794,1.2006,1.8625,0.8625,2.2926,1.2926,21.9769,1.8791,21.5704,1.8628,100.0,0.0,0.0,0.0,24.25,0.0,25.375,0.0,25.375,0.0,24.25,10.0,0.0,0.008,53.1112,5.3111,2.0,14.5398,1.465,0.1644,1.3816,0.347,1.4015,2.678e-05,1.2289,0.0003,1.8219,11.0,0.0639,1.0017,0.0761,2.1031,0.0061,1.0042,0.0619,2.0136,0.0,0.0,0.0,29.9872,24.0,24.0,37.0,36.0,15.0,0.0,0.0,0.0,64.0,46.4915,0.0,41.1943,0.0,0.0
2741.0,1.7542,0.0943,1.0,0.0797,1.2014,1.8628,0.8628,2.2924,1.2924,22.115,1.8846,21.5727,1.8629,100.0,0.0,0.0,0.0,24.25,0.0,25.375,0.0,25.375,0.0,24.125,10.0,0.0,0.0077,53.1108,5.3111,2.0,14.4518,1.464,0.1629,1.3814,0.3562,1.4025,2.695e-05,1.2304,0.0003,1.8239,11.0,0.0637,1.0017,0.0638,2.0268,0.0064,1.0278,0.0533,1.9489,0.0,0.0,0.0,29.9873,24.0,24.0,37.0,36.0,13.0,0.0,0.0,0.0,64.0,46.6531,0.0,41.1947,0.0,0.0
2742.0,1.7552,0.0944,1.0,0.0797,1.2013,1.8633,0.8633,2.2926,1.2926,22.0784,1.8831,21.5633,1.8625,100.0,0.0,0.0,0.0,24.25,0.0,25.375,0.0,25.25,0.0,24.25,10.0,0.0,0.0084,53.1104,5.311,2.0,14.5546,1.4652,0.185,1.3838,0.3611,1.403,2.713e-05,1.2319,0.0003,1.8235,11.0,0.064,1.0017,0.0754,2.0992,0.0068,1.052,0.0495,1.9162,0.0,0.0,0.0,29.9871,24.0,24.0,37.0,36.0,13.0,0.0,0.0,0.0,64.0,46.8308,0.0,41.1945,0.0,0.0
2743.0,1.7552,0.0944,1.0,0.0795,1.2009,1.8634,0.8634,2.2925,1.2925,21.9941,1.8798,21.559,1.8624,100.0,0.0,0.0,0.0,24.25,0.0,25.375,0.0,25.25,0.0,24.25,10.0,0.0,0.0077,53.1101,5.311,2.0,14.6919,1.4668,0.2861,1.3948,0.3699,1.404,2.738e-05,1.234,0.0003,1.826,11.0,0.0614,1.0016,0.0693,2.0625,0.0061,1.0043,0.065,2.0351,0.0,0.0,0.0,29.987,24.0,24.0,37.0,36.0,13.0,0.0,0.0,0.0,64.0,47.0141,0.0,41.1946,0.0,0.0
2744.0,1.7531,0.0941,1.0,0.0795,1.201,1.8634,0.8634,2.2924,1.2924,21.8811,1.8752,21.5527,1.8621,100.0,0.0,0.0,0.0,24.25,0.0,25.375,0.0,25.25,0.0,24.25,10.0,0.0,0.0076,53.11,5.311,2.0,15.1389,1.472,0.3734,1.4044,0.3848,1.4056,2.774e-05,1.237,0.0003,1.825,11.0,0.0595,1.0016,0.0712,2.0742,0.0063,1.02,0.0616,2.0114,0.0,0.0,0.0,29.9868,25.0,24.0,37.0,36.0,14.0,0.0,0.0,0.0,64.0,47.2023,0.0,41.1945,0.0,0.0
2745.0,1.7531,0.0941,1.0,0.0795,1.2009,1.8626,0.8626,2.2926,1.2926,21.9662,1.8786,21.5699,1.8628,100.0,0.0,0.0,0.0,24.25,0.0,25.5,0.0,25.375,0.0,24.25,10.0,0.0,0.0086,53.1094,5.3109,2.0,15.3638,1.4746,0.4573,1.4135,0.3879,1.406,2.789e-05,1.2383,0.0003,1.827,11.0,0.0599,1.0016,0.1178,2.2928,0.0055,0.9611,0.0548,1.961,0.0,0.0,0.0,29.9872,25.0,24.0,37.0,36.0,13.0,0.0,0.0,0.0,64.0,47.4158,0.0,41.1943,0.0,0.0
2746.0,1.7538,0.0942,1.0,0.0792,1.2002,1.8624,0.8624,2.2927,1.2927,22.1192,1.8848,21.5688,1.8628,100.0,0.0,0.0,0.0,24.25,0.0,25.5,0.0,25.25,0.0,24.25,10.0,0.0,0.0077,53.1087,5.3109,2.0,15.5751,1.477,0.4694,1.4148,0.3968,1.4069,2.811e-05,1.2401,0.0003,1.8261,11.0,0.0571,1.0015,0.1135,2.2767,0.0059,0.9912,0.0542,1.9556,0.0,0.0,0.0,29.9867,25.0,24.0,37.0,36.0,15.0,0.0,0.0,0.0,64.0,47.5594,0.0,41.1948,0.0,0.0
2747.0,1.7552,0.0944,1.0,0.0795,1.201,1.8633,0.8633,2.2926,1.2926,22.1078,1.8843,21.5641,1.8626,100.0,0.0,0.0,0.0,24.25,0.0,25.375,0.0,25.25,0.0,24.25,10.0,0.0,0.0075,53.1089,5.3109,2.0,15.5526,1.4767,0.4638,1.4142,0.4046,1.4078,2.84e-05,1.2425,0.0003,1.829,11.0,0.0597,1.0016,0.1216,2.3067,0.0067,1.0452,0.0495,1.9169,0.0,0.0,0.0,29.9867,25.0,24.0,37.0,36.0,13.0,0.0,0.0,0.0,64.0,47.7335,0.0,41.1946,0.0,0.0
2748.0,1.7541,0.0943,1.0,0.0796,1.201,1.8635,0.8635,2.2926,1.2926,22.0022,1.8801,21.5576,1.8623,100.0,0.0,0.0,0.0,24.25,0.0,25.375,0.0,25.375,0.0,24.25,10.0,0.0,0.008,53.1087,5.3109,2.0,15.6259,1.4775,0.4366,1.4113,0.4168,1.4091,2.871e-05,1.2451,0.0003,1.8279,11.0,0.0604,1.0016,0.2021,2.5274,0.0055,0.9601,0.0537,1.9514,0.0,0.0,0.0,29.9868,25.0,24.0,37.0,36.0,13.0,0.0,0.0,0.0,64.0,47.9152,0.0,41.1946,0.0,0.0
2749.0,1.7554,0.0944,1.0,0.0797,1.2013,1.8634,0.8634,2.2927,1.2927,21.8969,1.8759,21.5463,1.8619,100.0,0.0,0.0,0.0,24.25,0.0,25.375,0.0,25.25,0.0,24.25,10.0,0.0,0.0078,53.1086,5.3108,2.0,15.9874,1.4815,0.6242,1.4317,0.4241,1.4099,2.891e-05,1.2466,0.0003,1.83,11.0,0.0623,1.0017,0.1697,2.4515,0.0069,1.0608,0.0432,1.8569,0.0,0.0,0.0,29.9866,25.0,24.0,37.0,36.0,15.0,0.0,0.0,0.0,64.0,48.0999,0.0,41.1946,0.0,0.0
2750.0,1.7572,0.0947,1.0,0.0799,1.202,1.8631,0.8631,2.2922,1.2922,21.9269,1.8771,21.5662,1.8626,100.0,0.0,0.0,0.0,24.25,0.0,25.375,0.0,25.375,0.0,24.25,10.0,0.0,0.0082,53.108,5.3107,2.0,16.552,1.4875,0.7177,1.4419,0.4382,1.4114,2.925e-05,1.2494,0.0003,1.8322,11.0,0.0631,1.0017,0.161,2.4287,0.0063,1.0204,0.0502,1.9221,0.0,0.0,0.0,29.9862,25.0,24.0,37.0,36.0,13.0,0.0,0.0,0.0,64.0,48.2624,0.0,41.1943,0.0,0.0
2751.0,1.7593,0.0949,1.0,0.0796,1.2013,1.8628,0.8628,2.2922,1.2922,22.1013,1.8841,21.5808,1.8632,100.0,0.0,0.0,0.0,24.25,0.0,25.5,0.0,25.375,0.0,24.25,10.0,0.0,0.0081,53.1074,5.3107,2.0,16.934,1.4915,0.7371,1.444,0.4513,1.4129,2.955e-05,1.2518,0.0003,1.831,11.0,0.0625,1.0017,0.138,2.3617,0.0064,1.0277,0.0611,2.0082,0.0,0.0,0.0,29.9865,25.0,24.0,37.0,36.0,13.0,0.0,0.0,0.0,64.0,48.4318,0.0,41.1948,0.0,0.0
2752.0,1.7595,0.0949,1.0,0.0794,1.2007,1.8633,0.8633,2.2926,1.2926,22.12,1.8848,21.5674,1.8627,100.0,0.0,0.0,0.0,24.25,0.0,25.375,0.0,25.25,0.0,24.25,10.0,0.0,0.0076,53.107,5.3107,2.0,16.6628,1.4887,0.6771,1.4375,0.4534,1.4131,2.979e-05,1.2536,0.0003,1.8332,11.0,0.0593,1.0016,0.144,2.3802,0.0059,0.9936,0.0557,1.9679,0.0,0.0,0.0,29.9856,25.0,24.0,37.0,36.0,15.0,0.0,0.0,0.0,64.0,48.5964,0.0,41.1945,0.0,0.0
2753.0,1.7572,0.0946,1.0,0.0796,1.2011,1.8631,0.8631,2.2929,1.2929,22.0034,1.8801,21.5505,1.862,100.0,0.0,0.0,0.0,24.25,0.0,25.5,0.0,25.25,0.0,24.25,10.0,0.0,0.0076,53.1068,5.3107,2.0,16.7084,1.4892,0.5826,1.4272,0.4666,1.4145,3.016e-05,1.2565,0.0003,1.8338,11.0,0.0607,1.0016,0.1305,2.3375,0.0064,1.0248,0.0547,1.96,0.0,0.0,0.0,29.9855,25.0,24.0,37.0,36.0,14.0,0.0,0.0,0.0,64.0,48.7891,0.0,41.1942,0.0,0.0
2754.0,1.7571,0.0946,1.0,0.0798,1.2016,1.863,0.863,2.2928,1.2928,21.905,1.8762,21.5378,1.8615,100.0,0.0,0.0,0.0,24.375,0.0,25.5,0.0,25.375,0.0,24.25,10.0,0.0,0.0083,53.1068,5.3107,2.0,16.5759,1.4878,0.5769,1.4266,0.4814,1.4162,3.052e-05,1.2592,0.0003,1.8344,11.0,0.0619,1.0017,0.118,2.2937,0.0067,1.0457,0.0521,1.9384,0.0,0.0,0.0,29.9859,25.0,24.0,37.0,36.0,14.0,0.0,0.0,0.0,64.0,48.9749,0.0,41.1946,0.0,0.0
2755.0,1.7583,0.0948,1.0,0.0798,1.2016,1.8627,0.8627,2.2926,1.2926,21.9284,1.8771,21.5627,1.8625,100.0,0.0,0.0,0.0,24.25,0.0,25.375,0.0,25.375,0.0,24.25,10.0,0.0,0.0076,53.1068,5.3107,2.0,16.7026,1.4891,0.5794,1.4268,0.4911,1.4172,3.078e-05,1.2612,0.0003,1.836,11.0,0.0624,1.0017,0.124,2.3154,0.0063,1.0232,0.064,2.0277,0.0,0.0,0.0,29.9857,25.0,24.0,37.0,36.0,15.0,0.0,0.0,0.0,64.0,49.1487,0.0,41.1943,0.0,0.0
2756.0,1.7583,0.0948,1.0,0.0798,1.2018,1.8625,0.8625,2.2927,1.2927,22.1002,1.884,21.5742,1.863,100.0,0.0,0.0,0.0,24.25,0.0,25.375,0.0,25.375,0.0,24.25,10.0,0.0,0.0079,53.1061,5.3106,2.0,17.0399,1.4926,0.7559,1.4461,0.5055,1.4188,3.119e-05,1.2643,0.0003,1.8383,11.0,0.0653,1.0017,0.1321,2.3429,0.0066,1.0414,0.0572,1.9794,0.0,0.0,0.0,29.9853,25.0,24.0,37.0,36.0,13.0,0.0,0.0,0.0,64.0,49.3413,0.0,41.1941,0.0,0.0
2757.0,1.7573,0.0947,1.0,0.0796,1.2011,1.8631,0.8631,2.293,1.293,22.1151,1.8846,21.5573,1.8623,100.0,0.0,0.0,0.0,24.25,0.0,25.5,0.0,25.25,0.0,24.25,10.0,0.0,0.0074,53.1061,5.3106,2.0,17.3867,1.4961,0.7627,1.4468,0.5141,1.4197,3.151e-05,1.2667,0.0003,1.8373,11.0,0.0683,1.0018,0.1223,2.3092,0.0063,1.0241,0.0788,2.1182,0.0,0.0,0.0,29.9856,25.0,24.0,37.0,36.0,14.0,0.0,0.0,0.0,64.0,49.5651,0.0,41.1941,0.0,0.0
2758.0,1.7553,0.0944,1.0,0.0796,1.2012,1.8633,0.8633,2.2927,1.2927,22.0399,1.8816,21.5568,1.8623,100.0,0.0,0.0,0.0,24.25,0.0,25.625,0.0,25.25,0.0,24.375,10.0,0.0,0.0078,53.1056,5.3106,2.0,17.734,1.4995,0.8672,1.4582,0.5258,1.421,3.185e-05,1.2691,0.0003,1.8391,11.0,0.0674,1.0018,0.1026,2.2331,0.0057,0.9777,0.0851,2.1517,0.0,0.0,0.0,29.9857,25.0,24.0,37.0,36.0,13.0,0.0,0.0,0.0,64.0,49.7276,0.0,41.1941,0.0,0.0
2759.0,1.7531,0.0941,1.0,0.08,1.2022,1.8634,0.8634,2.2927,1.2927,21.934,1.8774,21.5494,1.862,100.0,0.0,0.0,0.0,24.25,0.0,25.5,0.0,25.25,0.0,24.125,10.0,0.0,0.0073,53.1056,5.3105,2.0,18.1055,1.5031,0.8531,1.4567,0.5428,1.4228,3.225e-05,1.2721,0.0003,1.8408,11.0,0.0692,1.0018,0.1001,2.2223,0.0057,0.9791,0.0774,2.1107,0.0,0.0,0.0,29.9857,25.0,24.0,37.0,36.0,15.0,0.0,0.0,0.0,64.0,49.8769,0.0,41.1941,0.0,0.0
2760.0,1.7533,0.0942,1.0,0.0797,1.2015,1.8629,0.8629,2.2927,1.2927,21.8991,1.876,21.5598,1.8624,100.0,0.0,0.0,0.0,24.375,0.0,25.5,0.0,25.375,0.0,24.25,10.0,0.0,0.0079,53.1051,5.3105,2.0,18.1237,1.5033,0.8934,1.4611,0.549,1.4235,3.256e-05,1.2742,0.0003,1.8422,11.0,0.0673,1.0018,0.092,2.1856,0.0052,0.9368,0.081,2.1302,0.0,0.0,0.0,29.9855,25.0,24.0,37.0,36.0,14.0,0.0,0.0,0.0,64.0,50.0686,0.0,41.1944,0.0,0.0
2761.0,1.7533,0.0942,1.0,0.0797,1.2014,1.8624,0.8624,2.2925,1.2925,22.0606,1.8824,21.5741,1.863,100.0,0.0,0.0,0.0,24.25,0.0,25.375,0.0,25.375,0.0,24.25,10.0,0.0,0.0076,53.1047,5.3104,2.0,18.5703,1.5075,0.8795,1.4596,0.5663,1.4254,3.303e-05,1.2776,0.0003,1.8444,11.0,0.065,1.0017,0.1064,2.2487,0.0066,1.0404,0.0826,2.139,0.0,0.0,0.0,29.9858,25.0,24.0,37.0,36.0,14.0,0.0,0.0,0.0,64.0,50.2538,0.0,41.1948,0.0,0.0
2762.0,1.7541,0.0943,1.0,0.0799,1.2019,1.8627,0.8627,2.293,1.293,22.123,1.8849,21.5608,1.8624,100.0,0.0,0.0,0.0,24.25,0.0,25.375,0.0,25.25,0.0,24.25,10.0,0.0,0.0076,53.1045,5.3104,2.0,18.5925,1.5077,0.8804,1.4597,0.583,1.4272,3.35e-05,1.2809,0.0003,1.8434,11.0,0.067,1.0018,0.0901,2.1764,0.006,1.0021,0.0876,2.1643,0.0,0.0,0.0,29.9853,25.0,24.0,37.0,36.0,14.0,0.0,0.0,0.0,64.0,50.4396,0.0,41.1948,0.0,0.0
2763.0,1.7552,0.0944,1.0,0.0797,1.2013,1.863,0.863,2.293,1.293,22.0534,1.8821,21.5402,1.8616,100.0,0.0,0.0,0.0,24.25,0.0,25.375,0.0,25.375,0.0,24.25,10.0,0.0,0.0081,53.1042,5.3104,2.0,19.0214,1.5117,0.9824,1.4708,0.5893,1.4279,3.38e-05,1.283,0.0003,1.8444,11.0,0.069,1.0018,0.0886,2.1694,0.0069,1.0593,0.0753,2.0985,0.0,0.0,0.0,29.9855,25.0,24.0,37.0,36.0,11.0,0.0,0.0,0.0,64.0,50.6229,0.0,41.1945,0.0,0.0
2764.0,1.7562,0.0945,1.0,0.0796,1.2012,1.8634,0.8634,2.2929,1.2929,21.9407,1.8776,21.5474,1.8619,100.0,0.0,0.0,0.0,24.25,0.0,25.5,0.0,25.25,0.0,24.25,10.0,0.0,0.0078,53.1037,5.3104,2.0,19.5557,1.5165,1.088,1.4823,0.6106,1.4302,3.439e-05,1.287,0.0003,1.8462,11.0,0.0676,1.0018,0.0815,2.1332,0.0057,0.974,0.0761,2.1035,0.0,0.0,0.0,29.9856,25.0,24.0,37.0,36.0,13.0,0.0,0.0,0.0,64.0,50.8304,0.0,41.1945,0.0,0.0
2765.0,1.7547,0.0943,1.0,0.0796,1.2011,1.8628,0.8628,2.2926,1.2926,21.9162,1.8766,21.5641,1.8626,100.0,0.0,0.0,0.0,24.25,0.0,25.375,0.0,25.375,0.0,24.25,10.0,0.0,0.008,53.1033,5.3103,2.0,20.0288,1.5207,1.1562,1.4898,0.6218,1.4315,3.482e-05,1.2899,0.0003,1.8482,11.0,0.0633,1.0017,0.0701,2.0674,0.0054,0.9579,0.0694,2.0633,0.0,0.0,0.0,29.9854,25.0,24.0,37.0,36.0,13.0,0.0,0.0,0.0,64.0,50.998,0.0,41.1944,0.0,0.0
2766.0,1.7541,0.0943,1.0,0.0795,1.201,1.8621,0.8621,2.293,1.293,22.0638,1.8826,21.5656,1.8626,100.0,0.0,0.0,0.0,24.25,0.0,25.375,0.0,25.25,0.0,24.25,10.0,0.0,0.0079,53.103,5.3103,2.0,20.2551,1.5226,1.174,1.4917,0.6372,1.4332,3.523e-05,1.2926,0.0003,1.8494,11.0,0.0604,1.0016,0.0724,2.0818,0.0058,0.987,0.0717,2.0771,0.0,0.0,0.0,29.9857,25.0,24.0,37.0,36.0,13.0,0.0,0.0,0.0,64.0,51.1931,0.0,41.1941,0.0,0.0
2767.0,1.7541,0.0943,1.0,0.0793,1.2004,1.8626,0.8626,2.293,1.293,22.1263,1.8851,21.5593,1.8624,100.0,0.0,0.0,0.0,24.25,0.0,25.375,0.0,25.25,0.0,24.25,10.0,0.0,0.008,53.1028,5.3103,2.0,20.6712,1.5261,1.2354,1.4984,0.6425,1.4337,3.557e-05,1.2948,0.0003,1.8502,11.0,0.0604,1.0016,0.0719,2.0783,0.0066,1.0395,0.0714,2.0755,0.0,0.0,0.0,29.9852,25.0,24.0,37.0,36.0,14.0,0.0,0.0,0.0,64.0,51.4127,0.0,41.1942,0.0,0.0
2768.0,1.7542,0.0943,1.0,0.0792,1.2002,1.8633,0.8633,2.293,1.293,22.0629,1.8825,21.5596,1.8624,100.0,0.0,0.0,0.0,24.25,0.0,25.375,0.0,25.25,0.0,24.25,10.0,0.0,0.008,53.1025,5.3102,2.0,21.3842,1.532,1.3514,1.5111,0.6613,1.4358,3.609e-05,1.2982,0.0003,1.855,11.0,0.0602,1.0016,0.0716,2.0767,0.0064,1.0287,0.0663,2.0434,0.0,0.0,0.0,29.985,25.0,24.0,37.0,36.0,14.0,0.0,0.0,0.0,64.0,51.5682,0.0,41.1941,0.0,0.0
2769.0,1.7542,0.0943,1.0,0.0795,1.201,1.8632,0.8632,2.2929,1.2929,21.9559,1.8782,21.5499,1.862,100.0,0.0,0.0,0.0,24.25,0.0,25.375,0.0,25.375,0.0,24.25,10.0,0.0,0.0077,53.1027,5.3103,2.0,21.5078,1.533,1.2675,1.5019,0.6776,1.4376,3.659e-05,1.3014,0.0003,1.8563,11.0,0.0608,1.0016,0.068,2.0543,0.0061,1.0064,0.0618,2.0128,0.0,0.0,0.0,29.9851,25.0,24.0,37.0,36.0,13.0,0.0,0.0,0.0,64.0,51.7755,0.0,41.1944,0.0,0.0
2770.0,1.7541,0.0943,1.0,0.0796,1.2012,1.863,0.863,2.2927,1.2927,21.8828,1.8753,21.5518,1.8621,100.0,0.0,0.0,0.0,24.25,0.0,25.375,0.0,25.375,0.0,24.25,10.0,0.0,0.0078,53.1021,5.3102,2.0,21.6776,1.5344,1.2466,1.4996,0.6817,1.438,3.701e-05,1.304,0.0003,1.8581,11.0,0.0634,1.0017,0.0634,2.0241,0.0065,1.0325,0.0548,1.961,0.0,0.0,0.0,29.9848,25.0,24.0,37.0,37.0,13.0,0.0,0.0,0.0,64.0,51.9612,0.0,41.1945,0.0,0.0
2771.0,1.7542,0.0943,1.0,0.0798,1.2016,1.8625,0.8625,2.2926,1.2926,22.0048,1.8802,21.5732,1.8629,100.0,0.0,0.0,0.0,24.25,0.0,25.5,0.0,25.375,0.0,24.125,10.0,0.0,0.0079,53.1017,5.3101,2.0,21.9127,1.5363,1.2781,1.5031,0.7004,1.44,3.754e-05,1.3073,0.0003,1.859,11.0,0.0669,1.0018,0.0525,1.9417,0.006,1.0024,0.0584,1.9883,0.0,0.0,0.0,29.9846,25.0,24.0,37.0,37.0,13.0,0.0,0.0,0.0,64.0,52.1547,0.0,41.1941,0.0,0.0
2772.0,1.7534,0.0942,1.0,0.08,1.2022,1.8629,0.8629,2.2929,1.2929,22.1263,1.8851,21.5633,1.8625,100.0,0.0,0.0,0.0,24.25,0.0,25.5,0.0,25.25,0.0,24.25,10.0,0.0,0.0078,53.1014,5.3101,2.0,22.6311,1.5419,1.3535,1.5113,0.7211,1.4423,3.82e-05,1.3114,0.0003,1.8603,11.0,0.0678,1.0018,0.051,1.9298,0.0062,1.0155,0.0532,1.9481,0.0,0.0,0.0,29.9854,25.0,24.0,37.0,37.0,13.0,0.0,0.0,0.0,64.0,52.3285,0.0,41.1944,0.0,0.0
2773.0,1.7536,0.0942,1.0,0.0796,1.2012,1.8629,0.8629,2.293,1.293,22.0823,1.8833,21.5543,1.8622,100.0,0.0,0.0,0.0,24.25,0.0,25.375,0.0,25.25,0.0,24.125,10.0,0.0,0.0078,53.101,5.3101,2.0,22.5743,1.5414,1.2242,1.4972,0.7328,1.4436,3.863e-05,1.314,0.0003,1.8644,11.0,0.0626,1.0017,0.049,1.9118,0.0064,1.0302,0.0655,2.0384,0.0,0.0,0.0,29.9847,25.0,24.0,37.0,37.0,12.0,0.0,0.0,0.0,64.0,52.5067,0.0,41.1943,0.0,0.0
2774.0,1.7531,0.0941,1.0,0.0797,1.2014,1.863,0.863,2.2929,1.2929,21.9735,1.8789,21.5486,1.8619,100.0,0.0,0.0,0.0,24.25,0.0,25.375,0.0,25.25,0.0,24.125,10.0,0.0,0.0077,53.101,5.3101,2.0,22.6706,1.5422,1.1534,1.4895,0.7484,1.4453,3.931e-05,1.318,0.0003,1.8656,11.0,0.0681,1.0018,0.1236,2.314,0.0058,0.9831,0.0649,2.0343,0.0,0.0,0.0,29.9849,25.0,24.0,37.0,36.0,15.0,0.0,0.0,0.0,64.0,52.6999,0.0,41.1943,0.0,0.0
2775.0,1.7538,0.0942,1.0,0.08,1.2023,1.863,0.863,2.2927,1.2927,21.8836,1.8753,21.5554,1.8622,100.0,0.0,0.0,0.0,24.25,0.0,25.375,0.0,25.25,0.0,24.375,10.0,0.0,0.008,53.1005,5.31,2.0,22.9852,1.5446,1.1764,1.492,0.767,1.4473,3.996e-05,1.3219,0.0003,1.8664,11.0,0.0661,1.0018,0.0984,2.2147,0.0066,1.0427,0.0621,2.0147,0.0,0.0,0.0,29.9847,25.0,24.0,37.0,36.0,14.0,0.0,0.0,0.0,64.0,52.8771,0.0,41.194,0.0,0.0
2776.0,1.7541,0.0943,1.0,0.0796,1.2011,1.8625,0.8625,2.2926,1.2926,21.9776,1.8791,21.5689,1.8628,100.0,0.0,0.0,0.0,24.25,0.0,25.5,0.0,25.375,0.0,24.25,10.0,0.0,0.008,53.1,5.31,2.0,23.3059,1.547,1.1715,1.4914,0.7814,1.4489,4.047e-05,1.3248,0.0003,1.8703,11.0,0.0667,1.0018,0.1154,2.284,0.0064,1.0292,0.0569,1.977,0.0,0.0,0.0,29.984,25.0,24.0,37.0,36.0,14.0,0.0,0.0,0.0,64.0,53.1074,0.0,41.1944,0.0,0.0
2777.0,1.7535,0.0942,1.0,0.0795,1.2009,1.8624,0.8624,2.2928,1.2928,22.1244,1.885,21.5645,1.8626,100.0,0.0,0.0,0.0,24.25,0.0,25.375,0.0,25.375,0.0,24.25,10.0,0.0,0.0081,53.1002,5.31,2.0,23.1791,1.546,1.0786,1.4813,0.7936,1.4502,4.107e-05,1.3282,0.0003,1.8711,11.0,0.0652,1.0017,0.1069,2.2507,0.0066,1.0409,0.0624,2.0171,0.0,0.0,0.0,29.9849,25.0,24.0,37.0,36.0,15.0,0.0,0.0,0.0,64.0,53.2755,0.0,41.1943,0.0,0.0
2778.0,1.754,0.0942,1.0,0.0794,1.2007,1.8629,0.8629,2.2931,1.2931,22.0887,1.8835,21.5516,1.8621,100.0,0.0,0.0,0.0,24.25,0.0,25.375,0.0,25.375,0.0,24.125,10.0,0.0,0.0081,53.0994,5.3099,2.0,23.7262,1.5501,1.1757,1.4919,0.8053,1.4515,4.16e-05,1.3312,0.0003,1.874,11.0,0.0604,1.0016,0.1043,2.24,0.006,1.003,0.0707,2.0712,0.0,0.0,0.0,29.9845,25.0,24.0,37.0,36.0,14.0,0.0,0.0,0.0,64.0,53.4184,0.0,41.1943,0.0,0.0
2779.0,1.7531,0.0941,1.0,0.0795,1.201,1.8631,0.8631,2.293,1.293,21.9788,1.8792,21.549,1.862,100.0,0.0,0.0,0.0,24.25,0.0,25.5,0.0,25.25,0.0,24.25,10.0,0.0,0.0077,53.0992,5.3099,2.0,24.1273,1.553,1.1764,1.492,0.8186,1.4529,4.225e-05,1.3348,0.0003,1.8755,11.0,0.0606,1.0016,0.0871,2.1617,0.0067,1.0471,0.0613,2.0095,0.0,0.0,0.0,29.9843,25.0,24.0,37.0,36.0,14.0,0.0,0.0,0.0,64.0,53.5968,0.0,41.1943,0.0,0.0
2780.0,1.754,0.0943,1.0,0.0794,1.2005,1.863,0.863,2.2928,1.2928,21.8829,1.8753,21.54,1.8616,100.0,0.0,0.0,0.0,24.25,0.0,25.375,0.0,25.375,0.0,24.25,10.0,0.0,0.0081,53.0992,5.3099,2.0,24.6305,1.5566,1.3448,1.5103,0.8288,1.4541,4.28e-05,1.3378,0.0003,1.8759,11.0,0.0581,1.0015,0.0892,2.1722,0.0064,1.0255,0.0599,1.9996,0.0,0.0,0.0,29.9843,25.0,24.0,37.0,36.0,14.0,0.0,0.0,0.0,64.0,53.7938,0.0,41.194,0.0,0.0
2781.0,1.7541,0.0943,1.0,0.0796,1.2013,1.8626,0.8626,2.2927,1.2927,21.9536,1.8781,21.5588,1.8624,100.0,0.0,0.0,0.0,24.375,0.0,25.375,0.0,25.375,0.0,24.25,10.0,0.0,0.0082,53.099,5.3099,2.0,25.665,1.5637,1.5285,1.5304,0.8372,1.455,4.332e-05,1.3406,0.0003,1.8801,11.0,0.0624,1.0017,0.0949,2.1989,0.0064,1.0306,0.0784,2.1161,0.0,0.0,0.0,29.9845,25.0,24.0,37.0,36.0,14.0,0.0,0.0,0.0,64.0,53.9787,0.0,41.1944,0.0,0.0
2782.0,1.755,0.0944,1.0,0.0797,1.2014,1.8624,0.8624,2.2928,1.2928,22.1149,1.8846,21.568,1.8627,100.0,0.0,0.0,0.0,24.125,0.0,25.375,0.0,25.25,0.0,24.25,10.0,0.0,0.0078,53.0984,5.3098,2.0,26.8142,1.5713,1.6919,1.5482,0.8609,1.4576,4.418e-05,1.3452,0.0003,1.8802,11.0,0.063,1.0017,0.0847,2.1496,0.0061,1.0095,0.0722,2.0806,0.0,0.0,0.0,29.9846,25.0,24.0,37.0,36.0,13.0,0.0,0.0,0.0,64.0,54.14,0.0,41.1947,0.0,0.0
2783.0,1.7564,0.0946,1.0,0.0798,1.2018,1.8628,0.8628,2.2935,1.2935,22.1042,1.8842,21.5544,1.8622,100.0,0.0,0.0,0.0,24.25,0.0,25.375,0.0,25.25,0.0,24.25,10.0,0.0,0.0078,53.0982,5.3098,2.0,27.5121,1.5758,1.705,1.5496,0.8722,1.4588,4.481e-05,1.3485,0.0003,1.8836,11.0,0.0683,1.0018,0.0776,2.1119,0.0059,0.9918,0.0816,2.1337,0.0,0.0,0.0,29.9844,25.0,24.0,37.0,36.0,15.0,0.0,0.0,0.0,64.0,54.3051,0.0,41.1944,0.0,0.0
2784.0,1.7561,0.0945,1.0,0.0796,1.2012,1.8626,0.8626,2.2933,1.2933,21.9854,1.8794,21.5398,1.8616,100.0,0.0,0.0,0.0,24.25,0.0,25.375,0.0,25.25,0.0,24.0,10.0,0.0,0.0081,53.0976,5.3097,2.0,27.5912,1.5763,1.4656,1.5235,0.889,1.4606,4.565e-05,1.3528,0.0003,1.8845,11.0,0.061,1.0016,0.0802,2.1259,0.0062,1.0166,0.0841,2.1465,0.0,0.0,0.0,29.9845,25.0,24.0,37.0,36.0,13.0,0.0,0.0,0.0,64.0,54.4962,0.0,41.1941,0.0,0.0
2785.0,1.7552,0.0944,1.0,0.0797,1.2014,1.863,0.863,2.2931,1.2931,21.8854,1.8754,21.5398,1.8616,100.0,0.0,0.0,0.0,24.25,0.0,25.375,0.0,25.25,0.0,24.25,10.0,0.0,0.0077,53.0975,5.3097,2.0,27.5991,1.5764,1.4882,1.526,0.9039,1.4622,4.632e-05,1.3562,0.0003,1.8877,11.0,0.0669,1.0018,0.0761,2.1032,0.0057,0.9803,0.07,2.0667,0.0,0.0,0.0,29.9841,25.0,24.0,37.0,36.0,12.0,0.0,0.0,0.0,64.0,54.6658,0.0,41.1946,0.0,0.0
2786.0,1.7542,0.0943,1.0,0.0799,1.202,1.8627,0.8627,2.2927,1.2927,21.9317,1.8773,21.5659,1.8626,100.0,0.0,0.0,0.0,24.25,0.0,25.5,0.0,25.25,0.0,24.25,10.0,0.0,0.0077,53.0971,5.3097,2.0,28.2108,1.5802,1.5139,1.5288,0.9175,1.4637,4.692e-05,1.3592,0.0003,1.8892,11.0,0.0664,1.0018,0.064,2.0281,0.0058,0.9829,0.0676,2.052,0.0,0.0,0.0,29.9844,24.0,24.0,37.0,36.0,15.0,0.0,0.0,0.0,64.0,54.8579,0.0,41.1947,0.0,0.0
2787.0,1.7536,0.0942,1.0,0.0799,1.202,1.8624,0.8624,2.293,1.293,22.0956,1.8838,21.5734,1.8629,100.0,0.0,0.0,0.0,24.25,0.0,25.375,0.0,25.375,0.0,24.25,10.0,0.0,0.0078,53.0968,5.3097,2.0,28.4571,1.5817,1.4454,1.5213,0.93,1.4651,4.771e-05,1.363,0.0003,1.8914,11.0,0.0668,1.0018,0.0645,2.0317,0.0059,0.9932,0.0738,2.0897,0.0,0.0,0.0,29.9844,24.0,24.0,37.0,36.0,14.0,0.0,0.0,0.0,64.0,55.0571,0.0,41.1947,0.0,0.0
2788.0,1.7531,0.0941,1.0,0.0796,1.201,1.8628,0.8628,2.2934,1.2934,22.109,1.8844,21.5554,1.8622,100.0,0.0,0.0,0.0,24.25,0.0,25.375,0.0,25.25,0.0,24.25,10.0,0.0,0.0071,53.0967,5.3097,2.0,28.4128,1.5814,1.4143,1.5179,0.9421,1.4664,4.849e-05,1.3668,0.0003,1.8946,11.0,0.0646,1.0017,0.0623,2.0164,0.0063,1.0216,0.0644,2.0307,0.0,0.0,0.0,29.9842,24.0,24.0,37.0,36.0,14.0,0.0,0.0,0.0,64.0,55.2128,0.0,41.1942,0.0,0.0
2789.0,1.7531,0.0941,1.0,0.0796,1.201,1.863,0.863,2.2934,1.2934,22.0182,1.8807,21.5493,1.862,100.0,0.0,0.0,0.0,24.125,0.0,25.375,0.0,25.25,0.0,24.25,10.0,0.0,0.0073,53.0965,5.3096,2.0,29.3361,1.587,1.4496,1.5218,0.9525,1.4675,4.922e-05,1.3703,0.0003,1.8957,11.0,0.0646,1.0017,0.0665,2.0446,0.0058,0.9831,0.0699,2.0665,0.0,0.0,0.0,29.9838,24.0,24.0,37.0,36.0,14.0,0.0,0.0,0.0,64.0,55.4001,0.0,41.1941,0.0,0.0
2790.0,1.7542,0.0943,1.0,0.0798,1.2016,1.863,0.863,2.2936,1.2936,21.9011,1.876,21.5461,1.8618,100.0,0.0,0.0,0.0,24.25,0.0,25.5,0.0,25.25,0.0,24.25,10.0,0.0,0.0079,53.0963,5.3096,2.0,29.6688,1.5889,1.3984,1.5162,0.9736,1.4698,5.009e-05,1.3743,0.0003,1.8973,11.0,0.0615,1.0016,0.1165,2.2881,0.0058,0.9832,0.0578,1.984,0.0,0.0,0.0,29.9836,24.0,24.0,37.0,36.0,13.0,0.0,0.0,0.0,64.0,55.564,0.0,41.1942,0.0,0.0
2791.0,1.7543,0.0943,1.0,0.0795,1.2009,1.8628,0.8628,2.2932,1.2932,21.9133,1.8765,21.564,1.8626,100.0,0.0,0.0,0.0,24.25,0.0,25.5,0.0,25.25,0.0,24.25,10.0,0.0,0.0071,53.096,5.3096,2.0,29.8162,1.5898,1.3454,1.5104,0.984,1.471,5.078e-05,1.3775,0.0003,1.9001,11.0,0.0585,1.0016,0.1101,2.2637,0.006,1.0018,0.0582,1.9868,0.0,0.0,0.0,29.984,24.0,24.0,37.0,37.0,13.0,0.0,0.0,0.0,64.0,55.7409,0.0,41.194,0.0,0.0
2792.0,1.7552,0.0944,1.0,0.0796,1.2012,1.8624,0.8624,2.2929,1.2929,22.0848,1.8834,21.5653,1.8626,100.0,0.0,0.0,0.0,24.25,0.0,25.375,0.0,25.5,0.0,24.25,10.0,0.0,0.0072,53.0958,5.3095,2.0,30.0957,1.5914,1.4001,1.5164,0.9931,1.472,5.157e-05,1.3811,0.0003,1.9034,11.0,0.0597,1.0016,0.0964,2.2061,0.0063,1.0202,0.0543,1.9565,0.0,0.0,0.0,29.9842,24.0,24.0,37.0,37.0,14.0,0.0,0.0,0.0,64.0,55.9383,0.0,41.1943,0.0,0.0
2793.0,1.7551,0.0944,1.0,0.0797,1.2014,1.8627,0.8627,2.2934,1.2934,22.1143,1.8846,21.5555,1.8622,100.0,0.0,0.0,0.0,24.25,0.0,25.375,0.0,25.25,0.0,24.25,10.0,0.0,0.0079,53.0955,5.3095,2.0,30.7922,1.5954,1.3908,1.5154,0.9975,1.4725,5.231e-05,1.3844,0.0003,1.9058,11.0,0.0639,1.0017,0.1044,2.2404,0.0054,0.951,0.049,1.912,0.0,0.0,0.0,29.9843,24.0,24.0,37.0,37.0,13.0,0.0,0.0,0.0,64.0,56.1021,0.0,41.1941,0.0,0.0
2794.0,1.7521,0.094,1.0,0.0797,1.2013,1.863,0.863,2.2933,1.2933,22.0328,1.8813,21.55,1.862,100.0,0.0,0.0,0.0,24.375,0.0,25.375,0.0,25.375,0.0,24.25,10.0,0.0,0.0076,53.0952,5.3095,2.0,31.1007,1.5971,1.4293,1.5196,1.0162,1.4745,5.327e-05,1.3886,0.0003,1.9085,11.0,0.0645,1.0017,0.0996,2.2203,0.0066,1.0383,0.0674,2.0506,0.0,0.0,0.0,29.9842,25.0,24.0,37.0,37.0,14.0,0.0,0.0,0.0,64.0,56.2954,0.0,41.1943,0.0,0.0
2795.0,1.7527,0.0941,1.0,0.0797,1.2013,1.863,0.863,2.2933,1.2933,21.9107,1.8764,21.5448,1.8618,100.0,0.0,0.0,0.0,24.25,0.0,25.5,0.0,25.25,0.0,24.25,10.0,0.0,0.0072,53.0948,5.3095,2.0,31.9708,1.6019,1.4818,1.5253,1.0332,1.4763,5.43e-05,1.3931,0.0003,1.911,11.0,0.062,1.0017,0.1423,2.3751,0.0065,1.0338,0.0608,2.006,0.0,0.0,0.0,29.9837,25.0,24.0,37.0,36.0,14.0,0.0,0.0,0.0,64.0,56.5181,0.0,41.1946,0.0,0.0
2796.0,1.752,0.094,1.0,0.0798,1.2017,1.8628,0.8628,2.2931,1.2931,21.9127,1.8765,21.56,1.8624,100.0,0.0,0.0,0.0,24.25,0.0,25.375,0.0,25.25,0.0,24.25,10.0,0.0,0.0067,53.0947,5.3094,2.0,32.584,1.6052,1.4778,1.5248,1.0446,1.4776,5.512e-05,1.3966,0.0003,1.914,11.0,0.0668,1.0018,0.1654,2.4403,0.0062,1.0157,0.0555,1.9659,0.0,0.0,0.0,29.9834,25.0,24.0,37.0,36.0,14.0,0.0,0.0,0.0,64.0,56.6626,0.0,41.1947,0.0,0.0
2797.0,1.754,0.0943,1.0,0.0799,1.2019,1.8624,0.8624,2.2934,1.2934,22.0705,1.8828,21.5739,1.863,100.0,0.0,0.0,0.0,24.375,0.0,25.375,0.0,25.375,0.0,24.25,10.0,0.0,0.0078,53.0946,5.3094,2.0,33.3261,1.6091,1.6055,1.5388,1.0549,1.4787,5.604e-05,1.4004,0.0003,1.9164,11.0,0.0671,1.0018,0.1474,2.3903,0.0067,1.0494,0.0561,1.9705,0.0,0.0,0.0,29.9835,25.0,24.0,37.0,36.0,12.0,0.0,0.0,0.0,64.0,56.857,0.0,41.1941,0.0,0.0
2798.0,1.7514,0.0939,1.0,0.0795,1.2009,1.8622,0.8622,2.2938,1.2938,22.1187,1.8847,21.5504,1.862,100.0,0.0,0.0,0.0,24.375,0.0,25.5,0.0,25.25,0.0,24.25,10.0,0.0,0.0064,53.094,5.3094,2.0,34.6085,1.6157,1.7475,1.5543,1.0612,1.4794,5.679e-05,1.4035,0.0003,1.9189,11.0,0.0663,1.0018,0.1319,2.3421,0.0063,1.0237,0.0524,1.9415,0.0,0.0,0.0,29.9838,25.0,24.0,37.0,36.0,15.0,0.0,0.0,0.0,64.0,57.0316,0.0,41.1944,0.0,0.0
2799.0,1.7504,0.0938,1.0,0.0796,1.2011,1.8629,0.8629,2.2937,1.2937,22.0612,1.8824,21.5496,1.862,100.0,0.0,0.0,0.0,24.25,0.0,25.375,0.0,25.25,0.0,24.375,10.0,0.0,0.0071,53.0937,5.3093,2.0,35.6224,1.6207,1.7448,1.554,1.0653,1.4799,5.76e-05,1.4068,0.0003,1.9208,11.0,0.0634,1.0017,0.138,2.3617,0.007,1.0697,0.052,1.9378,0.0,0.0,0.0,29.983,25.0,24.0,37.0,37.0,14.0,0.0,0.0,0.0,64.0,57.224,0.0,41.1943,0.0,0.0
2800.0,1.7509,0.0939,1.0,0.0796,1.2011,1.8634,0.8634,2.2932,1.2932,21.9466,1.8779,21.5556,1.8622,100.0,0.0,0.0,0.0,24.25,0.0,25.375,0.0,25.25,0.0,24.25,10.0,0.0,0.0065,53.0937,5.3094,2.0,35.443,1.6198,1.5795,1.5359,1.0831,1.4818,5.867e-05,1.4111,0.0003,1.9248,11.0,0.0597,1.0016,0.1165,2.288,0.006,0.9968,0.0527,1.9439,0.0,0.0,0.0,29.9833,25.0,24.0,37.0,37.0,14.0,0.0,0.0,0.0,64.0,57.3965,0.0,41.1943,0.0,0.0
2801.0,1.7509,0.0939,1.0,0.0794,1.2007,1.8634,0.8634,2.2931,1.2931,21.8871,1.8755,21.5665,1.8627,100.0,0.0,0.0,0.0,24.25,0.0,25.375,0.0,25.25,0.0,24.25,10.0,0.0,0.0073,53.0933,5.3093,2.0,35.5874,1.6205,1.4946,1.5267,1.0955,1.4831,5.969e-05,1.4151,0.0003,1.9277,11.0,0.0597,1.0016,0.1144,2.2803,0.006,1.0017,0.0589,1.9919,0.0,0.0,0.0,29.9838,25.0,24.0,37.0,37.0,15.0,0.0,0.0,0.0,64.0,57.5827,0.0,41.1943,0.0,0.0
2802.0,1.7509,0.0939,1.0,0.0796,1.2012,1.8629,0.8629,2.293,1.293,22.0274,1.8811,21.584,1.8634,100.0,0.0,0.0,0.0,24.375,0.0,25.375,0.0,25.25,0.0,24.25,10.0,0.0,0.0069,53.0932,5.3093,2.0,35.7563,1.6213,1.3842,1.5146,1.104,1.4841,6.064e-05,1.4187,0.0003,1.9306,11.0,0.0622,1.0017,0.1272,2.3263,0.007,1.0657,0.0619,2.0136,0.0,0.0,0.0,29.9837,25.0,24.0,37.0,37.0,14.0,0.0,0.0,0.0,64.0,57.7737,0.0,41.1946,0.0,0.0
2803.0,1.7509,0.0939,1.0,0.0797,1.2014,1.8631,0.8631,2.2934,1.2934,22.1218,1.8849,21.5672,1.8627,100.0,0.0,0.0,0.0,24.25,0.0,25.375,0.0,25.375,0.0,24.25,10.0,0.0,0.0082,53.0929,5.3093,2.0,36.3183,1.6241,1.4145,1.5179,1.1191,1.4857,6.198e-05,1.4238,0.0004,1.9341,11.0,0.07,1.0019,0.1049,2.2428,0.0063,1.0194,0.0544,1.9574,0.0,0.0,0.0,29.9836,25.0,24.0,37.0,36.0,14.0,0.0,0.0,0.0,64.0,57.957,0.0,41.1943,0.0,0.0
2804.0,1.7509,0.0939,1.0,0.0799,1.2019,1.8634,0.8634,2.2933,1.2933,22.0776,1.8831,21.5624,1.8625,100.0,0.0,0.0,0.0,24.25,0.0,25.5,0.0,25.25,0.0,24.25,10.0,0.0,0.007,53.0925,5.3092,2.0,36.8627,1.6266,1.4918,1.5264,1.126,1.4865,6.28e-05,1.4269,0.0004,1.936,11.0,0.0684,1.0018,0.0911,2.1815,0.0065,1.0373,0.0562,1.9715,0.0,0.0,0.0,29.9836,25.0,24.0,37.0,36.0,16.0,0.0,0.0,0.0,64.0,58.1693,0.0,41.1945,0.0,0.0
2805.0,1.752,0.094,1.0,0.0798,1.2016,1.8635,0.8635,2.2934,1.2934,21.9699,1.8788,21.5582,1.8623,100.0,0.0,0.0,0.0,24.25,0.0,25.5,0.0,25.25,0.0,24.25,10.0,0.0,0.0077,53.0919,5.3092,2.0,37.8658,1.6313,1.5582,1.5336,1.1351,1.4875,6.378e-05,1.4305,0.0004,1.9383,11.0,0.065,1.0017,0.0832,2.1418,0.0062,1.0146,0.0447,1.8725,0.0,0.0,0.0,29.9832,25.0,24.0,37.0,36.0,16.0,0.0,0.0,0.0,64.0,58.3297,0.0,41.1943,0.0,0.0
2806.0,1.7534,0.0942,1.0,0.0799,1.202,1.863,0.863,2.2935,1.2935,21.8861,1.8754,21.5553,1.8622,100.0,0.0,0.0,0.0,24.25,0.0,25.5,0.0,25.375,0.0,24.125,10.0,0.0,0.0071,53.0921,5.3092,2.0,38.7383,1.6353,1.5459,1.5323,1.1452,1.4886,6.489e-05,1.4345,0.0004,1.9411,11.0,0.0679,1.0018,0.1569,2.4174,0.0056,0.9718,0.0533,1.9483,0.0,0.0,0.0,29.9832,25.0,24.0,37.0,36.0,13.0,0.0,0.0,0.0,64.0,58.478,0.0,41.1942,0.0,0.0
2807.0,1.7541,0.0943,1.0,0.0795,1.201,1.8625,0.8625,2.293,1.293,22.0158,1.8806,21.5738,1.863,100.0,0.0,0.0,0.0,24.25,0.0,25.375,0.0,25.375,0.0,24.25,10.0,0.0,0.007,53.0917,5.3092,2.0,38.9956,1.6364,1.4956,1.5268,1.1536,1.4895,6.595e-05,1.4382,0.0004,1.9444,11.0,0.0648,1.0017,0.1736,2.4614,0.0064,1.0306,0.0468,1.892,0.0,0.0,0.0,29.9835,25.0,24.0,37.0,37.0,14.0,0.0,0.0,0.0,64.0,58.6256,0.0,41.1944,0.0,0.0
2808.0,1.7541,0.0943,1.0,0.0796,1.2011,1.8627,0.8627,2.2932,1.2932,22.1248,1.885,21.5655,1.8626,100.0,0.0,0.0,0.0,24.125,0.0,25.375,0.0,25.375,0.0,24.25,10.0,0.0,0.0072,53.0912,5.3091,2.0,39.7266,1.6396,1.5486,1.5326,1.1567,1.4898,6.695e-05,1.4417,0.0004,1.9462,11.0,0.063,1.0017,0.1546,2.4111,0.0065,1.0339,0.0455,1.8802,0.0,0.0,0.0,29.9832,25.0,24.0,37.0,37.0,13.0,0.0,0.0,0.0,64.0,58.781,0.0,41.1938,0.0,0.0
2809.0,1.7541,0.0943,1.0,0.0796,1.2011,1.8633,0.8633,2.2934,1.2934,22.0871,1.8835,21.5525,1.8621,100.0,0.0,0.0,0.0,24.25,0.0,25.375,0.0,25.25,0.0,24.25,10.0,0.0,0.0073,53.0912,5.3091,2.0,40.5125,1.643,1.5651,1.5344,1.1603,1.4902,6.792e-05,1.4451,0.0004,1.9486,11.0,0.0585,1.0016,0.131,2.3392,0.0067,1.0458,0.0472,1.8953,0.0,0.0,0.0,29.9837,25.0,24.0,37.0,37.0,12.0,0.0,0.0,0.0,64.0,58.9583,0.0,41.1945,0.0,0.0
2810.0,1.7552,0.0944,1.0,0.0797,1.2014,1.8634,0.8634,2.2934,1.2934,21.9805,1.8792,21.5488,1.862,100.0,0.0,0.0,0.0,24.375,0.0,25.375,0.0,25.375,0.0,24.25,10.0,0.0,0.0074,53.0911,5.3091,2.0,41.2337,1.6461,1.5476,1.5325,1.1655,1.4908,6.911e-05,1.4491,0.0004,1.9516,11.0,0.0609,1.0016,0.117,2.2901,0.0059,0.9918,0.0448,1.8736,0.0,0.0,0.0,29.9835,25.0,24.0,37.0,37.0,14.0,0.0,0.0,0.0,64.0,59.1568,0.0,41.1945,0.0,0.0
2811.0,1.7551,0.0944,1.0,0.0796,1.2012,1.8634,0.8634,2.2931,1.2931,21.8822,1.8753,21.5494,1.862,100.0,0.0,0.0,0.0,24.25,0.0,25.375,0.0,25.375,0.0,24.25,10.0,0.0,0.0075,53.0909,5.3091,2.0,41.8463,1.6487,1.5872,1.5368,1.1776,1.4921,7.017e-05,1.4527,0.0004,1.9533,11.0,0.0627,1.0017,0.1157,2.2851,0.006,1.0029,0.0436,1.8614,0.0,0.0,0.0,29.9835,25.0,24.0,37.0,37.0,12.0,0.0,0.0,0.0,64.0,59.3445,0.0,41.1943,0.0,0.0
2812.0,1.7542,0.0943,1.0,0.0796,1.2012,1.8625,0.8625,2.293,1.293,21.9967,1.8799,21.5722,1.8629,100.0,0.0,0.0,0.0,24.25,0.0,25.375,0.0,25.375,0.0,24.25,10.0,0.0,0.0068,53.0904,5.3091,2.0,42.9721,1.6533,1.5416,1.5318,1.1826,1.4926,7.16e-05,1.4573,0.0004,1.9591,11.0,0.0684,1.0018,0.1054,2.2445,0.0069,1.0584,0.0428,1.8538,0.0,0.0,0.0,29.9834,25.0,24.0,37.0,36.0,16.0,0.0,0.0,0.0,64.0,59.5562,0.0,41.1942,0.0,0.0
2813.0,1.757,0.0946,1.0,0.0796,1.2011,1.8624,0.8624,2.2936,1.2936,22.1239,1.885,21.5644,1.8626,100.0,0.0,0.0,0.0,24.25,0.0,25.375,0.0,25.25,0.0,24.25,10.0,0.0,0.0074,53.0901,5.309,2.0,42.8728,1.6529,1.474,1.5244,1.1828,1.4927,7.257e-05,1.4605,0.0004,1.9612,11.0,0.0664,1.0018,0.1052,2.2438,0.0067,1.0506,0.0389,1.8122,0.0,0.0,0.0,29.9831,25.0,24.0,37.0,36.0,15.0,0.0,0.0,0.0,64.0,59.7236,0.0,41.1943,0.0,0.0
2814.0,1.7573,0.0947,1.0,0.0797,1.2014,1.8629,0.8629,2.2938,1.2938,22.0843,1.8834,21.5528,1.8621,100.0,0.0,0.0,0.0,24.25,0.0,25.5,0.0,25.375,0.0,24.125,10.0,0.0,0.0072,53.0899,5.309,2.0,43.671,1.6561,1.4611,1.523,1.1874,1.4932,7.374e-05,1.4642,0.0004,1.9646,11.0,0.0639,1.0017,0.1026,2.233,0.0061,1.0058,0.0388,1.8103,0.0,0.0,0.0,29.9827,25.0,24.0,37.0,36.0,14.0,0.0,0.0,0.0,64.0,59.9191,0.0,41.1941,0.0,0.0
2815.0,1.7583,0.0948,1.0,0.0797,1.2013,1.863,0.863,2.2934,1.2934,21.9923,1.8797,21.5491,1.862,100.0,0.0,0.0,0.0,24.25,0.0,25.375,0.0,25.375,0.0,24.25,10.0,0.0,0.007,53.0898,5.309,2.0,44.4139,1.659,1.5188,1.5293,1.1956,1.4941,7.496e-05,1.468,0.0004,1.9683,11.0,0.058,1.0015,0.1149,2.2821,0.0068,1.0529,0.0349,1.7652,0.0,0.0,0.0,29.9834,25.0,24.0,37.0,36.0,14.0,0.0,0.0,0.0,64.0,60.1125,0.0,41.194,0.0,0.0
2816.0,1.7583,0.0948,1.0,0.0795,1.2008,1.8631,0.8631,2.2931,1.2931,21.8889,1.8756,21.5465,1.8619,100.0,0.0,0.0,0.0,24.0,0.0,25.375,0.0,25.25,0.0,24.25,10.0,0.0,0.0065,53.0895,5.3089,2.0,45.274,1.6623,1.5553,1.5333,1.1973,1.4943,7.612e-05,1.4716,0.0004,1.9721,11.0,0.059,1.0016,0.1024,2.232,0.0057,0.9745,0.0356,1.7735,0.0,0.0,0.0,29.9832,25.0,24.0,37.0,36.0,13.0,0.0,0.0,0.0,64.0,60.2941,0.0,41.1941,0.0,0.0
2817.0,1.7573,0.0947,1.0,0.0795,1.201,1.8627,0.8627,2.2933,1.2933,21.9455,1.8778,21.5674,1.8627,100.0,0.0,0.0,0.0,24.25,0.0,25.375,0.0,25.25,0.0,24.25,10.0,0.0,0.0072,53.0892,5.3089,2.0,46.0178,1.6652,1.5412,1.5318,1.1962,1.4941,7.718e-05,1.4748,0.0004,1.9757,11.0,0.0589,1.0016,0.1039,2.2386,0.0066,1.0431,0.0359,1.7766,0.0,0.0,0.0,29.9831,25.0,24.0,37.0,36.0,14.0,0.0,0.0,0.0,64.0,60.4872,0.0,41.1945,0.0,0.0
2818.0,1.7601,0.095,1.0,0.0794,1.2006,1.8625,0.8625,2.2934,1.2934,22.1111,1.8844,21.5697,1.8628,100.0,0.0,0.0,0.0,24.25,0.0,25.375,0.0,25.25,0.0,24.25,10.0,0.0,0.0071,53.0888,5.3089,2.0,46.7492,1.6679,1.5026,1.5276,1.2093,1.4956,7.866e-05,1.4792,0.0004,1.9766,11.0,0.0575,1.0015,0.0843,2.1478,0.0058,0.9848,0.0293,1.6887,0.0,0.0,0.0,29.9828,25.0,24.0,37.0,36.0,13.0,0.0,0.0,0.0,64.0,60.6582,0.0,41.1941,0.0,0.0
2819.0,1.7649,0.0956,1.0,0.0797,1.2015,1.8632,0.8632,2.2938,1.2938,22.1087,1.8843,21.5558,1.8622,100.0,0.0,0.0,0.0,24.25,0.0,25.5,0.0,25.375,0.0,24.25,10.0,0.0,0.0075,53.0886,5.3088,2.0,47.0124,1.6689,1.441,1.5208,1.2084,1.4955,7.974e-05,1.4824,0.0004,1.9798,11.0,0.0633,1.0017,0.0969,2.2084,0.0065,1.0331,0.0332,1.7426,0.0,0.0,0.0,29.9831,25.0,24.0,37.0,36.0,13.0,0.0,0.0,0.0,64.0,60.8388,0.0,41.194,0.0,0.0
2820.0,1.7659,0.0957,1.0,0.0799,1.2019,1.8634,0.8634,2.2934,1.2934,22.004,1.8802,21.5489,1.862,100.0,0.0,0.0,0.0,24.25,0.0,25.375,0.0,25.25,0.0,24.25,10.0,0.0,0.0076,53.0883,5.3088,2.0,47.7212,1.6715,1.4482,1.5216,1.2123,1.4959,8.127e-05,1.4868,0.0004,1.9835,11.0,0.068,1.0018,0.1515,2.4023,0.0059,0.9952,0.0312,1.7166,0.0,0.0,0.0,29.9827,25.0,24.0,37.0,37.0,14.0,0.0,0.0,0.0,64.0,61.029,0.0,41.1941,0.0,0.0
2821.0,1.7658,0.0957,1.0,0.08,1.2022,1.8632,0.8632,2.2935,1.2935,21.9032,1.8761,21.5462,1.8618,100.0,0.0,0.0,0.0,24.25,0.0,25.375,0.0,25.25,0.0,24.25,10.0,0.0,0.0073,53.0884,5.3089,2.0,48.506,1.6743,1.4149,1.518,1.2154,1.4962,8.235e-05,1.4898,0.0004,1.9863,11.0,0.0695,1.0019,0.1786,2.4737,0.0058,0.983,0.0485,1.9077,0.0,0.0,0.0,29.983,25.0,24.0,37.0,37.0,13.0,0.0,0.0,0.0,64.0,61.204,0.0,41.194,0.0,0.0
2822.0,1.7648,0.0956,1.0,0.0796,1.2012,1.8627,0.8627,2.2934,1.2934,21.9337,1.8773,21.5654,1.8626,100.0,0.0,0.0,0.0,24.375,0.0,25.5,0.0,25.375,0.0,24.375,10.0,0.0,0.0077,53.088,5.3088,2.0,48.6866,1.675,1.3399,1.5098,1.2157,1.4963,8.367e-05,1.4935,0.0004,1.9924,11.0,0.0646,1.0017,0.2083,2.5404,0.0063,1.0202,0.042,1.8448,0.0,0.0,0.0,29.9829,25.0,24.0,37.0,37.0,13.0,0.0,0.0,0.0,64.0,61.3944,0.0,41.1941,0.0,0.0
2823.0,1.7606,0.0951,1.0,0.0795,1.201,1.8624,0.8624,2.2934,1.2934,22.1026,1.8841,21.5709,1.8628,100.0,0.0,0.0,0.0,24.25,0.0,25.625,0.0,25.375,0.0,24.125,10.0,0.0,0.0081,53.0876,5.3088,2.0,49.7351,1.6787,1.4716,1.5242,1.217,1.4964,8.503e-05,1.4973,0.0004,1.995,11.0,0.0605,1.0016,0.1973,2.5169,0.006,0.9976,0.0417,1.8422,0.0,0.0,0.0,29.9828,25.0,24.0,37.0,37.0,13.0,0.0,0.0,0.0,64.0,61.5671,0.0,41.1945,0.0,0.0
2824.0,1.7604,0.0951,1.0,0.0793,1.2004,1.8632,0.8632,2.2935,1.2935,22.1129,1.8845,21.5566,1.8623,100.0,0.0,0.0,0.0,24.25,0.0,25.375,0.0,25.25,0.0,24.25,10.0,0.0,0.0072,53.0876,5.3088,2.0,50.4595,1.6812,1.3786,1.514,1.2139,1.4961,8.611e-05,1.5002,0.0004,1.999,11.0,0.0584,1.0016,0.175,2.4649,0.0061,1.0081,0.0555,1.966,0.0,0.0,0.0,29.983,25.0,24.0,37.0,36.0,14.0,0.0,0.0,0.0,64.0,61.7548,0.0,41.1944,0.0,0.0
2825.0,1.7595,0.0949,1.0,0.0796,1.2012,1.8634,0.8634,2.2934,1.2934,22.0261,1.881,21.5598,1.8624,100.0,0.0,0.0,0.0,24.25,0.0,25.375,0.0,25.25,0.0,24.25,10.0,0.0,0.0076,53.0874,5.3088,2.0,50.5493,1.6815,1.3253,1.5082,1.2227,1.497,8.772e-05,1.5045,0.0004,2.002,11.0,0.0603,1.0016,0.2301,2.5838,0.0064,1.0283,0.0678,2.0528,0.0,0.0,0.0,29.983,25.0,24.0,37.0,36.0,13.0,0.0,0.0,0.0,64.0,61.9253,0.0,41.1943,0.0,0.0
2826.0,1.7587,0.0948,1.0,0.0796,1.2011,1.8634,0.8634,2.2932,1.2932,21.9196,1.8768,21.5575,1.8623,100.0,0.0,0.0,0.0,24.375,0.0,25.5,0.0,25.25,0.0,24.25,10.0,0.0,0.0075,53.0871,5.3087,2.0,51.5511,1.6849,1.272,1.5024,1.2193,1.4967,8.881e-05,1.5074,0.0004,2.0041,11.0,0.0667,1.0018,0.2743,2.66,0.0061,1.0104,0.0727,2.0832,0.0,0.0,0.0,29.9827,25.0,24.0,37.0,36.0,14.0,0.0,0.0,0.0,64.0,62.1038,0.0,41.1945,0.0,0.0
2827.0,1.7577,0.0947,1.0,0.0798,1.2017,1.8629,0.8629,2.293,1.293,21.9058,1.8762,21.5618,1.8625,100.0,0.0,0.0,0.0,24.25,0.0,25.5,0.0,25.5,0.0,24.25,10.0,0.0,0.0072,53.0866,5.3086,2.0,51.341,1.6842,1.1584,1.49,1.2079,1.4954,8.996e-05,1.5104,0.0004,2.0089,11.0,0.0626,1.0017,0.2048,2.5332,0.0063,1.0242,0.0645,2.0316,0.0,0.0,0.0,29.9829,24.0,24.0,37.0,36.0,15.0,0.0,0.0,0.0,64.0,62.3191,0.0,41.1943,0.0,0.0
2828.0,1.7558,0.0945,1.0,0.0798,1.2016,1.8627,0.8627,2.293,1.293,22.0722,1.8829,21.5735,1.8629,100.0,0.0,0.0,0.0,24.375,0.0,25.625,0.0,25.25,0.0,24.25,10.0,0.0,0.0071,53.0866,5.3087,2.0,50.9567,1.6829,1.0006,1.4728,1.2091,1.4955,9.143e-05,1.5141,0.0004,2.0131,11.0,0.067,1.0018,0.2105,2.5452,0.0061,1.0051,0.0689,2.0603,0.0,0.0,0.0,29.9826,24.0,24.0,37.0,37.0,16.0,0.0,0.0,0.0,64.0,62.4439,0.0,41.1941,0.0,0.0
2829.0,1.7572,0.0946,1.0,0.0797,1.2015,1.863,0.863,2.2934,1.2934,22.1186,1.8847,21.5674,1.8627,100.0,0.0,0.0,0.0,24.25,0.0,25.5,0.0,25.25,0.0,24.375,10.0,0.0,0.0077,53.0865,5.3086,2.0,51.4318,1.6845,1.0458,1.4777,1.2054,1.4951,9.263e-05,1.5172,0.0004,2.0153,11.0,0.0668,1.0018,0.2218,2.5678,0.0059,0.996,0.0637,2.0259,0.0,0.0,0.0,29.9829,24.0,24.0,37.0,37.0,14.0,0.0,0.0,0.0,0.0,62.5831,0.0,41.1946,0.0,0.0
2830.0,1.7573,0.0947,1.0,0.0796,1.2012,1.863,0.863,2.2936,1.2936,22.045,1.8818,21.5491,1.862,100.0,0.0,0.0,0.0,24.25,0.0,25.375,0.0,25.25,0.0,24.25,10.0,0.0,0.007,53.086,5.3086,2.0,52.3327,1.6875,1.0797,1.4814,1.2028,1.4949,9.398e-05,1.5205,0.0004,2.0189,11.0,0.0637,1.0017,0.1873,2.4944,0.0064,1.0267,0.0675,2.0511,0.0,0.0,0.0,29.9832,24.0,24.0,37.0,37.0,14.0,0.0,0.0,0.0,0.0,62.5867,0.0,41.1947,0.0,0.0
2831.0,1.7573,0.0947,1.0,0.0795,1.2009,1.8633,0.8633,2.2933,1.2933,21.9385,1.8775,21.546,1.8618,100.0,0.0,0.0,0.0,24.25,0.0,25.375,0.0,25.25,0.0,24.25,10.0,0.0,0.0077,53.0857,5.3085,2.0,52.8805,1.6893,1.0859,1.4821,1.1956,1.4941,9.519e-05,1.5235,0.0004,2.0236,11.0,0.058,1.0015,0.1727,2.4593,0.0059,0.9932,0.0604,2.0032,0.0,0.0,0.0,29.983,25.0,24.0,37.0,37.0,16.0,0.0,0.0,0.0,0.0,62.5862,0.0,41.1944,0.0,0.0
2832.0,1.7571,0.0946,1.0,0.0795,1.2009,1.8633,0.8633,2.293,1.293,21.898,1.8759,21.5611,1.8624,100.0,0.0,0.0,0.0,24.375,0.0,25.375,0.0,25.375,0.0,24.25,10.0,0.0,0.0073,53.0856,5.3086,2.0,53.1891,1.6903,1.0233,1.4753,1.1926,1.4937,9.65e-05,1.5267,0.0004,2.0264,11.0,0.0588,1.0016,0.1948,2.5114,0.0054,0.9579,0.0697,2.0651,0.0,0.0,0.0,29.9829,25.0,24.0,37.0,37.0,15.0,0.0,0.0,0.0,0.0,62.5864,0.0,41.1938,0.0,0.0
2833.0,1.7562,0.0945,1.0,0.0797,1.2015,1.8624,0.8624,2.2929,1.2929,22.0468,1.8819,21.5727,1.8629,100.0,0.0,0.0,0.0,24.25,0.0,25.375,0.0,25.25,0.0,24.125,10.0,0.0,0.0075,53.0854,5.3085,2.0,54.0043,1.693,1.0346,1.4765,1.1883,1.4933,9.778e-05,1.5298,0.0004,2.0302,11.0,0.0652,1.0017,0.1785,2.4734,0.0058,0.9855,0.0693,2.0626,0.0,0.0,0.0,29.9825,25.0,24.0,37.0,37.0,15.0,0.0,0.0,0.0,0.0,62.5863,0.0,41.1938,0.0,0.0
2834.0,1.7552,0.0944,1.0,0.0795,1.2009,1.8629,0.8629,2.2934,1.2934,22.1246,1.885,21.5675,1.8627,100.0,0.0,0.0,0.0,24.25,0.0,25.375,0.0,25.25,0.0,24.25,10.0,0.0,0.007,53.0852,5.3085,2.0,54.3431,1.6941,1.0156,1.4744,1.1882,1.4933,9.926e-05,1.5333,0.0004,2.0342,11.0,0.0699,1.0019,0.1585,2.4219,0.0059,0.9915,0.0588,1.9912,0.0,0.0,0.0,29.9828,25.0,24.0,37.0,37.0,14.0,0.0,0.0,0.0,0.0,62.5861,0.0,41.1941,0.0,0.0
2835.0,1.7573,0.0947,1.0,0.0797,1.2013,1.8634,0.8634,2.2933,1.2933,22.0264,1.8811,21.5605,1.8624,100.0,0.0,0.0,0.0,24.375,0.0,25.5,0.0,25.25,0.0,24.25,10.0,0.0,0.0072,53.0847,5.3085,2.0,54.7533,1.6954,1.0526,1.4785,1.181,1.4925,0.0001,1.537,0.0004,2.0382,11.0,0.062,1.0017,0.1279,2.3286,0.0063,1.0222,0.0797,2.1232,0.0,0.0,0.0,29.9832,25.0,24.0,37.0,37.0,13.0,0.0,0.0,0.0,0.0,62.586,0.0,41.1943,0.0,0.0
2836.0,1.7572,0.0947,1.0,0.0796,1.2012,1.8635,0.8635,2.2933,1.2933,21.9453,1.8778,21.5583,1.8623,100.0,0.0,0.0,0.0,24.25,0.0,25.375,0.0,25.25,0.0,24.25,10.0,0.0,0.0072,53.0844,5.3084,2.0,55.7394,1.6985,1.0721,1.4806,1.175,1.4918,0.0001,1.5389,0.0004,2.0409,11.0,0.0601,1.0016,0.1373,2.3595,0.0065,1.0318,0.0751,2.0975,0.0,0.0,0.0,29.9822,25.0,24.0,37.0,36.0,14.0,0.0,0.0,0.0,0.0,62.5859,0.0,41.1939,0.0,0.0
2837.0,1.7573,0.0947,1.0,0.0796,1.2012,1.8634,0.8634,2.2931,1.2931,21.8831,1.8753,21.5637,1.8625,100.0,0.0,0.0,0.0,24.25,0.0,25.5,0.0,25.25,0.0,24.125,10.0,0.0,0.0159,53.0844,5.3084,2.0,56.0213,1.6993,1.2735,1.5026,1.1723,1.4915,0.0001,1.542,0.0004,2.0429,11.0,0.0635,1.0017,0.1183,2.2949,0.0068,1.0534,0.0783,2.1158,0.0,0.0,0.0,29.9823,25.0,24.0,37.0,36.0,14.0,0.0,0.0,0.0,0.0,62.5863,0.0,41.194,0.0,0.0
2838.0,1.7572,0.0947,1.0,0.0796,1.2012,1.8629,0.8629,2.2929,1.2929,22.0199,1.8808,21.5803,1.8632,100.0,0.0,0.0,0.0,24.25,0.0,25.5,0.0,25.25,0.0,24.25,10.0,0.0,0.0086,53.0844,5.3084,2.0,59.7104,1.7104,1.5177,1.5292,1.1646,1.4907,0.0001,1.5452,0.0004,2.0481,11.0,0.0594,1.0016,0.1307,2.3382,0.0058,0.985,0.0801,2.1255,0.0,0.0,0.0,29.9824,25.0,24.0,37.0,36.0,13.0,0.0,0.0,0.0,0.0,62.586,0.0,41.194,0.0,0.0
2839.0,1.7583,0.0948,1.0,0.0796,1.201,1.8629,0.8629,2.2933,1.2933,22.127,1.8851,21.5724,1.8629,100.0,0.0,0.0,0.0,24.25,0.0,25.5,0.0,25.25,0.0,24.125,10.0,0.0,0.0079,53.0839,5.3084,2.0,60.8222,1.7136,1.4333,1.52,1.1565,1.4898,0.0001,1.5482,0.0004,2.0508,11.0,0.0649,1.0017,0.1316,2.3411,0.0066,1.0422,0.0776,2.112,0.0,0.0,0.0,29.9827,25.0,24.0,37.0,36.0,14.0,0.0,0.0,0.0,0.0,62.5863,0.0,41.1939,0.0,0.0
2840.0,1.7589,0.0949,1.0,0.0797,1.2014,1.8634,0.8634,2.2935,1.2935,22.077,1.8831,21.562,1.8625,100.0,0.0,0.0,0.0,24.25,0.0,25.375,0.0,25.375,0.0,24.25,10.0,0.0,0.0077,53.0837,5.3084,2.0,60.9811,1.7141,1.3785,1.514,1.1495,1.489,0.0001,1.551,0.0004,2.0551,11.0,0.067,1.0018,0.123,2.3118,0.0062,1.0108,0.0658,2.04,0.0,0.0,0.0,29.9824,25.0,24.0,37.0,36.0,15.0,0.0,0.0,0.0,0.0,62.586,0.0,41.194,0.0,0.0
2841.0,1.7595,0.0949,1.0,0.0795,1.2008,1.8634,0.8634,2.2933,1.2933,21.9727,1.8789,21.5583,1.8623,100.0,0.0,0.0,0.0,24.25,0.0,25.5,0.0,25.25,0.0,24.125,10.0,0.0,0.0076,53.0836,5.3083,2.0,61.549,1.7157,1.3368,1.5095,1.1382,1.4878,0.0001,1.5537,0.0004,2.0583,11.0,0.0641,1.0017,0.114,2.2787,0.0057,0.9763,0.072,2.0794,0.0,0.0,0.0,29.9827,25.0,24.0,37.0,36.0,13.0,0.0,0.0,0.0,0.0,62.5861,0.0,41.1944,0.0,0.0
2842.0,1.7594,0.0949,1.0,0.0794,1.2005,1.8631,0.8631,2.2934,1.2934,21.8827,1.8753,21.553,1.8621,100.0,0.0,0.0,0.0,24.25,0.0,25.375,0.0,25.25,0.0,24.25,10.0,0.0,0.0079,53.0832,5.3083,2.0,62.1723,1.7174,1.1913,1.4936,1.1326,1.4872,0.0001,1.5566,0.0004,2.0613,11.0,0.0595,1.0016,0.0975,2.2107,0.0057,0.9806,0.0672,2.049,0.0,0.0,0.0,29.9829,25.0,24.0,37.0,36.0,14.0,0.0,0.0,0.0,0.0,62.5858,0.0,41.1938,0.0,0.0
2843.0,1.7583,0.0948,1.0,0.0798,1.2017,1.8625,0.8625,2.2935,1.2935,21.9923,1.8797,21.5713,1.8629,100.0,0.0,0.0,0.0,24.25,0.0,25.375,0.0,25.25,0.0,24.25,10.0,0.0,0.0084,53.083,5.3083,2.0,61.6727,1.716,1.1121,1.485,1.1159,1.4854,0.0001,1.5588,0.0004,2.0655,11.0,0.0613,1.0016,0.0911,2.1815,0.0062,1.0138,0.0613,2.0091,0.0,0.0,0.0,29.9822,25.0,24.0,37.0,36.0,14.0,0.0,0.0,0.0,0.0,62.5862,0.0,41.1947,0.0,0.0
2844.0,1.7572,0.0947,1.0,0.0796,1.2012,1.8625,0.8625,2.2937,1.2937,22.1259,1.885,21.565,1.8626,100.0,0.0,0.0,0.0,24.25,0.0,25.375,0.0,25.25,0.0,24.25,10.0,0.0,0.0078,53.0825,5.3082,2.0,61.9177,1.7167,1.0017,1.4729,1.1022,1.4839,0.0001,1.5616,0.0004,2.0691,11.0,0.0666,1.0018,0.0885,2.1688,0.0059,0.9925,0.0594,1.9954,0.0,0.0,0.0,29.9825,25.0,24.0,37.0,36.0,14.0,0.0,0.0,0.0,0.0,62.5857,0.0,41.1947,0.0,0.0
2845.0,1.7578,0.0947,1.0,0.0796,1.2011,1.8633,0.8633,2.2933,1.2933,22.0637,1.8825,21.5618,1.8625,100.0,0.0,0.0,0.0,24.25,0.0,25.375,0.0,25.25,0.0,24.25,10.0,0.0,0.008,53.0826,5.3082,2.0,62.3724,1.718,0.9218,1.4642,1.0877,1.4823,0.0001,1.5646,0.0004,2.074,11.0,0.0671,1.0018,0.09,2.1762,0.0059,0.9892,0.0615,2.0109,0.0,0.0,0.0,29.982,25.0,24.0,37.0,37.0,13.0,0.0,0.0,0.0,0.0,62.5863,0.0,41.1943,0.0,0.0
2846.0,1.7592,0.0949,1.0,0.0796,1.2011,1.8635,0.8635,2.2934,1.2934,21.9898,1.8796,21.5593,1.8624,100.0,0.0,0.0,0.0,24.25,0.0,25.375,0.0,25.25,0.0,24.125,10.0,0.0,0.0082,53.0823,5.3082,2.0,62.0464,1.7171,0.8785,1.4595,1.078,1.4812,0.0001,1.5665,0.0004,2.0758,11.0,0.0651,1.0017,0.081,2.1303,0.0066,1.0423,0.0706,2.0706,0.0,0.0,0.0,29.9818,25.0,24.0,37.0,37.0,14.0,0.0,0.0,0.0,0.0,62.5861,64.0,41.1946,0.0,0.0
2847.0,1.7594,0.0949,1.0,0.0795,1.2009,1.8635,0.8635,2.2932,1.2932,21.8938,1.8758,21.5574,1.8623,100.0,0.0,0.0,0.0,24.25,0.0,25.375,0.0,25.375,0.0,24.125,10.0,0.0,0.008,53.0822,5.3082,2.0,61.754,1.7163,0.7268,1.4429,1.0632,1.4796,0.0001,1.5683,0.0004,2.0792,11.0,0.0598,1.0016,0.0762,2.1038,0.0059,0.9957,0.0647,2.0327,0.0,0.0,0.0,29.9823,24.0,24.0,37.0,37.0,16.0,0.0,0.0,0.0,0.0,62.5865,64.0,41.3551,0.0,0.0
2848.0,1.7573,0.0947,1.0,0.0795,1.201,1.8626,0.8626,2.2934,1.2934,21.9886,1.8795,21.5719,1.8629,100.0,0.0,0.0,0.0,24.25,0.0,25.375,0.0,25.25,0.0,24.125,10.0,0.0,0.0084,53.0818,5.3082,2.0,61.5666,1.7157,0.6992,1.4399,1.0476,1.4779,0.0001,1.5712,0.0004,2.0817,11.0,0.0603,1.0016,0.0731,2.0857,0.0061,1.0041,0.063,2.0213,0.0,0.0,0.0,29.9818,24.0,24.0,37.0,37.0,14.0,0.0,0.0,0.0,0.0,62.5859,64.0,41.5149,0.0,0.0
2849.0,1.7574,0.0947,1.0,0.0795,1.201,1.8624,0.8624,2.2935,1.2935,22.1239,1.885,21.5664,1.8627,100.0,0.0,0.0,0.0,24.25,0.0,25.375,0.0,25.375,0.0,24.25,10.0,0.0,0.0079,53.0815,5.3081,2.0,62.4504,1.7182,0.7324,1.4435,1.0389,1.477,0.0001,1.5735,0.0004,2.084,11.0,0.0589,1.0016,0.073,2.0854,0.0061,1.0104,0.0637,2.0262,0.0,0.0,0.0,29.9827,24.0,24.0,37.0,36.0,13.0,0.0,0.0,0.0,0.0,62.5865,64.0,41.6991,0.0,0.0
2850.0,1.7565,0.0946,1.0,0.0793,1.2004,1.8632,0.8632,2.2934,1.2934,22.0975,1.8839,21.5614,1.8625,100.0,0.0,0.0,0.0,24.25,0.0,25.5,0.0,25.25,0.0,24.25,10.0,0.0,0.0084,53.0816,5.3082,2.0,63.1636,1.7202,0.8454,1.4559,1.0239,1.4753,0.0001,1.5753,0.0004,2.0875,11.0,0.0581,1.0015,0.1296,2.3343,0.0067,1.0452,0.0589,1.9919,0.0,0.0,0.0,29.9822,24.0,24.0,37.0,36.0,15.0,0.0,0.0,0.0,0.0,62.5861,64.0,41.8753,0.0,0.0
2851.0,1.7562,0.0945,1.0,0.0797,1.2015,1.8634,0.8634,2.2933,1.2933,22.01,1.8804,21.5581,1.8623,100.0,0.0,0.0,0.0,24.25,0.0,25.375,0.0,25.25,0.0,24.25,10.0,0.0,0.0076,53.0814,5.3081,2.0,64.2213,1.7231,0.7889,1.4497,1.0129,1.4741,0.0001,1.5777,0.0004,2.0894,11.0,0.0631,1.0017,0.1543,2.4102,0.0064,1.0255,0.0554,1.9651,0.0,0.0,0.0,29.9824,24.0,24.0,37.0,36.0,14.0,0.0,0.0,0.0,0.0,62.5866,64.0,42.0399,0.0,0.0
2852.0,1.7573,0.0947,1.0,0.0798,1.2016,1.8634,0.8634,2.2932,1.2932,21.8892,1.8756,21.5576,1.8623,100.0,0.0,0.0,0.0,24.25,0.0,25.375,0.0,25.25,0.0,24.25,10.0,0.0,0.008,53.0807,5.3081,2.0,64.2021,1.723,0.7304,1.4433,0.9932,1.472,0.0001,1.5798,0.0004,2.0936,11.0,0.0661,1.0018,0.1203,2.302,0.0066,1.0409,0.0576,1.9821,0.0,0.0,0.0,29.9823,25.0,24.0,37.0,36.0,13.0,0.0,0.0,0.0,0.0,62.5864,64.0,42.2344,0.0,0.0
2853.0,1.7572,0.0947,1.0,0.08,1.2024,1.8631,0.8631,2.2931,1.2931,21.9436,1.8777,21.5771,1.8631,100.0,0.0,0.0,0.0,24.25,0.0,25.375,0.0,25.25,0.0,24.125,10.0,0.0,0.0083,53.0807,5.3081,2.0,63.8821,1.7222,0.6516,1.4347,0.9813,1.4707,0.0001,1.5818,0.0004,2.0956,11.0,0.0695,1.0019,0.1266,2.3242,0.0053,0.9463,0.0475,1.8986,0.0,0.0,0.0,29.9825,25.0,24.0,37.0,36.0,14.0,0.0,0.0,0.0,0.0,62.5858,64.0,42.4106,0.0,0.0
2854.0,1.7577,0.0947,1.0,0.0797,1.2013,1.8624,0.8624,2.2931,1.2931,22.1175,1.8847,21.5682,1.8627,100.0,0.0,0.0,0.0,24.25,0.0,25.5,0.0,25.25,0.0,24.125,10.0,0.0,0.0084,53.0803,5.308,2.0,63.6203,1.7214,0.5251,1.4209,0.9642,1.4688,0.0001,1.5839,0.0004,2.0984,11.0,0.0638,1.0017,0.1174,2.2915,0.0049,0.9157,0.0445,1.87,0.0,0.0,0.0,29.9819,25.0,24.0,37.0,36.0,14.0,0.0,0.0,0.0,0.0,62.5861,64.0,42.6069,0.0,0.0
2855.0,1.7573,0.0947,1.0,0.0796,1.201,1.8629,0.8629,2.2934,1.2934,22.0989,1.884,21.5543,1.8622,100.0,0.0,0.0,0.0,24.25,0.0,25.5,0.0,25.25,0.0,24.25,10.0,0.0,0.008,53.0798,5.308,2.0,64.2753,1.7232,0.7023,1.4403,0.9489,1.4672,0.0001,1.5861,0.0004,2.1019,11.0,0.0638,1.0017,0.1129,2.2745,0.0064,1.0265,0.0458,1.8827,0.0,0.0,0.0,29.9818,25.0,24.0,37.0,36.0,16.0,0.0,0.0,0.0,0.0,62.5858,64.0,42.8229,0.0,0.0
2856.0,1.7573,0.0947,1.0,0.0796,1.201,1.863,0.863,2.2933,1.2933,22.0144,1.8806,21.5498,1.862,100.0,0.0,0.0,0.0,24.25,0.0,25.375,0.0,25.375,0.0,24.25,10.0,0.0,0.0078,53.0798,5.308,2.0,65.3716,1.7262,0.7552,1.446,0.9367,1.4658,0.0001,1.5877,0.0004,2.1047,11.0,0.0597,1.0016,0.1034,2.2362,0.0063,1.0193,0.0507,1.9271,0.0,0.0,0.0,29.9815,25.0,24.0,37.0,36.0,14.0,0.0,0.0,0.0,0.0,62.5858,64.0,42.9905,0.0,0.0
2857.0,1.7563,0.0945,1.0,0.0796,1.2012,1.8634,0.8634,2.2932,1.2932,21.8889,1.8756,21.5472,1.8619,100.0,0.0,0.0,0.0,24.25,0.0,25.375,0.0,25.25,0.0,24.25,10.0,0.0,0.0081,53.0796,5.308,2.0,67.4294,1.7315,0.9445,1.4667,0.9249,1.4645,0.0001,1.5897,0.0004,2.107,11.0,0.0584,1.0016,0.1086,2.2577,0.0055,0.9597,0.0455,1.8801,0.0,0.0,0.0,29.9818,25.0,24.0,37.0,36.0,12.0,0.0,0.0,0.0,0.0,62.5856,64.0,43.1654,0.0,0.0
2858.0,1.7552,0.0944,1.0,0.0797,1.2015,1.863,0.863,2.293,1.293,21.9396,1.8776,21.5751,1.863,100.0,0.0,0.0,0.0,24.125,0.0,25.375,0.0,25.25,0.0,24.125,10.0,0.0,0.0078,53.0794,5.3079,2.0,68.2009,1.7335,0.9248,1.4645,0.9125,1.4632,0.0001,1.5919,0.0004,2.1092,11.0,0.0621,1.0017,0.0863,2.1577,0.0054,0.9565,0.0595,1.9965,0.0,0.0,0.0,29.9821,25.0,24.0,37.0,36.0,14.0,0.0,0.0,0.0,0.0,62.5856,64.0,43.3363,0.0,0.0
2859.0,1.7543,0.0943,1.0,0.0795,1.2009,1.8628,0.8628,2.293,1.293,22.086,1.8834,21.5758,1.863,100.0,0.0,0.0,0.0,24.25,0.0,25.375,0.0,25.25,0.0,24.25,10.0,0.0,0.0077,53.0794,5.3079,2.0,68.5939,1.7345,0.9383,1.466,0.9218,1.4642,0.0001,1.5945,0.0004,2.1149,11.0,0.0685,1.0018,0.0953,2.2009,0.0059,0.9908,0.0545,1.9586,0.0,0.0,0.0,29.9819,25.0,24.0,37.0,36.0,13.0,0.0,0.0,0.0,0.0,62.5859,64.0,43.5441,0.0,0.0
2860.0,1.7541,0.0943,1.0,0.0797,1.2014,1.8628,0.8628,2.2934,1.2934,22.1159,1.8846,21.5569,1.8623,100.0,0.0,0.0,0.0,24.25,0.0,25.5,0.0,25.25,0.0,24.125,10.0,0.0,0.008,53.0793,5.3079,2.0,69.8131,1.7376,0.9729,1.4698,0.9172,1.4637,0.0001,1.5969,0.0004,2.1165,11.0,0.0631,1.0017,0.0902,2.1773,0.0056,0.9679,0.0655,2.0381,0.0,0.0,0.0,29.9813,25.0,24.0,37.0,36.0,14.0,0.0,0.0,0.0,0.0,62.5856,64.0,43.707,0.0,0.0
2861.0,1.753,0.0941,1.0,0.0798,1.2017,1.8634,0.8634,2.2934,1.2934,22.0286,1.8811,21.551,1.862,100.0,0.0,0.0,0.0,24.375,0.0,25.5,0.0,25.25,0.0,24.25,10.0,0.0,0.0076,53.079,5.3079,2.0,70.8827,1.7402,1.0454,1.4777,0.9101,1.4629,0.0001,1.5989,0.0004,2.1219,11.0,0.0626,1.0017,0.0906,2.1792,0.0058,0.9879,0.0546,1.9593,0.0,0.0,0.0,29.9819,25.0,24.0,37.0,36.0,13.0,0.0,0.0,0.0,0.0,62.586,64.0,43.8862,0.0,0.0
2862.0,1.7549,0.0944,1.0,0.0798,1.2016,1.8631,0.8631,2.2932,1.2932,21.9183,1.8767,21.5465,1.8619,100.0,0.0,0.0,0.0,24.25,0.0,25.375,0.0,25.375,0.0,24.125,10.0,0.0,0.0079,53.0787,5.3078,2.0,71.8857,1.7427,1.0325,1.4763,0.9459,1.4668,0.0001,1.603,0.0004,2.1256,11.0,0.0698,1.0019,0.0837,2.1447,0.0062,1.0174,0.0629,2.0202,0.0,0.0,0.0,29.982,25.0,24.0,37.0,36.0,14.0,0.0,0.0,0.0,0.0,62.586,0.0,44.0072,0.0,0.0
2863.0,1.7573,0.0947,1.0,0.0796,1.2012,1.8627,0.8627,2.2931,1.2931,21.9477,1.8779,21.5672,1.8627,100.0,0.0,0.0,0.0,24.25,0.0,25.375,0.0,25.25,0.0,24.25,10.0,0.0,0.0081,53.0782,5.3078,2.0,73.0261,1.7454,1.0612,1.4794,0.9469,1.4669,0.0001,1.6064,0.0004,2.1303,11.0,0.067,1.0018,0.1385,2.3635,0.0055,0.9589,0.0748,2.0955,0.0,0.0,0.0,29.9819,25.0,24.0,37.0,36.0,15.0,0.0,0.0,0.0,0.0,62.5857,0.0,44.0079,0.0,0.0
2864.0,1.7602,0.095,1.0,0.0796,1.2013,1.8624,0.8624,2.293,1.293,22.0888,1.8836,21.5713,1.8629,100.0,0.0,0.0,0.0,24.25,0.0,25.5,0.0,25.25,0.0,24.25,10.0,0.0,0.008,53.0782,5.3078,2.0,73.6532,1.7469,1.0597,1.4792,0.9442,1.4666,0.0001,1.6084,0.0004,2.1346,11.0,0.0644,1.0017,0.1259,2.3219,0.0054,0.9532,0.0709,2.0724,0.0,0.0,0.0,29.9822,25.0,24.0,37.0,36.0,14.0,0.0,0.0,0.0,0.0,62.5861,0.0,44.0085,0.0,0.0
2865.0,1.7588,0.0948,1.0,0.0796,1.2011,1.8627,0.8627,2.2934,1.2934,22.1205,1.8848,21.5586,1.8623,100.0,0.0,0.0,0.0,24.25,0.0,25.375,0.0,25.25,0.0,24.25,10.0,0.0,0.0078,53.0781,5.3078,2.0,74.3051,1.7484,0.9906,1.4717,0.9658,1.469,0.0001,1.6117,0.0004,2.1393,11.0,0.0641,1.0017,0.1384,2.3629,0.0059,0.9904,0.0658,2.04,0.0,0.0,0.0,29.982,25.0,24.0,37.0,36.0,14.0,0.0,0.0,0.0,0.0,62.5855,0.0,44.0084,0.0,0.0
2866.0,1.7571,0.0946,1.0,0.0796,1.2013,1.863,0.863,2.2933,1.2933,22.053,1.8821,21.5491,1.862,100.0,0.0,0.0,0.0,24.25,0.0,25.5,0.0,25.25,0.0,24.25,10.0,0.0,0.0084,53.0777,5.3078,2.0,74.7133,1.7494,1.0236,1.4753,0.984,1.471,0.0001,1.6148,0.0004,2.1419,11.0,0.0608,1.0016,0.1263,2.3233,0.0062,1.0173,0.0602,2.0013,0.0,0.0,0.0,29.9819,25.0,24.0,37.0,36.0,14.0,0.0,0.0,0.0,0.0,62.5859,0.0,44.0084,0.0,0.0
2867.0,1.7548,0.0944,1.0,0.0796,1.2011,1.863,0.863,2.2932,1.2932,21.9213,1.8769,21.5467,1.8619,100.0,0.0,0.0,0.0,24.25,0.0,25.5,0.0,25.25,0.0,24.125,10.0,0.0,0.0082,53.0773,5.3077,2.0,75.2802,1.7507,0.9798,1.4705,1.002,1.4729,0.0001,1.6183,0.0004,2.149,11.0,0.0617,1.0016,0.1163,2.2874,0.0062,1.0153,0.0783,2.1157,0.0,0.0,0.0,29.9821,25.0,24.0,37.0,36.0,14.0,0.0,0.0,0.0,0.0,62.5857,0.0,44.008,0.0,0.0
2868.0,1.7511,0.0939,1.0,0.0794,1.2007,1.8629,0.8629,2.293,1.293,21.8897,1.8756,21.5584,1.8623,100.0,0.0,0.0,0.0,24.25,0.0,25.5,0.0,25.25,0.0,24.25,10.0,0.0,0.0084,53.0769,5.3077,2.0,76.0493,1.7524,0.9695,1.4694,1.0283,1.4758,0.0001,1.622,0.0004,2.1555,11.0,0.0589,1.0016,0.1266,2.3243,0.006,1.0016,0.0799,2.1242,0.0,0.0,0.0,29.9815,24.0,24.0,37.0,36.0,14.0,0.0,0.0,0.0,0.0,62.5859,0.0,44.0079,0.0,0.0
2869.0,1.7519,0.094,1.0,0.0794,1.2006,1.8624,0.8624,2.2929,1.2929,22.0372,1.8815,21.5734,1.8629,100.0,0.0,0.0,0.0,24.375,0.0,25.375,0.0,25.25,0.0,24.25,10.0,0.0,0.0085,53.077,5.3077,2.0,76.7069,1.7539,1.0101,1.4738,1.0548,1.4787,0.0001,1.6256,0.0004,2.1625,11.0,0.0584,1.0016,0.1085,2.2574,0.0063,1.0199,0.0715,2.0761,0.0,0.0,0.0,29.9815,24.0,24.0,37.0,36.0,14.0,0.0,0.0,0.0,0.0,62.5852,0.0,44.0077,0.0,0.0
2870.0,1.754,0.0943,1.0,0.0796,1.2011,1.8629,0.8629,2.2933,1.2933,22.1255,1.885,21.5609,1.8624,100.0,0.0,0.0,0.0,24.25,0.0,25.375,0.0,25.375,0.0,24.25,10.0,0.0,0.0087,53.0767,5.3077,2.0,78.7496,1.7585,1.3911,1.5154,1.0787,1.4813,0.0002,1.6296,0.0004,2.1646,11.0,0.0586,1.0016,0.0935,2.1926,0.0061,1.0098,0.0892,2.172,0.0,0.0,0.0,29.9813,24.0,24.0,37.0,36.0,13.0,0.0,0.0,0.0,0.0,62.5854,0.0,44.0076,0.0,0.0
2871.0,1.7541,0.0943,1.0,0.0794,1.2006,1.863,0.863,2.2933,1.2933,22.0674,1.8827,21.5514,1.8621,100.0,0.0,0.0,0.0,24.25,0.0,25.5,0.0,25.25,0.0,24.125,10.0,0.0,0.0081,53.0765,5.3076,2.0,82.7659,1.7671,1.4994,1.5272,1.1028,1.4839,0.0002,1.6334,0.0004,2.171,11.0,0.0584,1.0016,0.1727,2.4591,0.0063,1.0216,0.0948,2.1987,0.0,0.0,0.0,29.9816,24.0,24.0,37.0,36.0,12.0,0.0,0.0,0.0,0.0,62.5858,0.0,44.0079,0.0,0.0
2872.0,1.7541,0.0943,1.0,0.0796,1.2012,1.8632,0.8632,2.2933,1.2933,21.9213,1.8769,21.5506,1.862,100.0,0.0,0.0,0.0,24.25,0.0,25.5,0.0,25.25,0.0,24.25,10.0,0.0,0.0081,53.0766,5.3077,2.0,85.1165,1.772,1.5597,1.5338,1.1393,1.4879,0.0002,1.6383,0.0004,2.179,11.0,0.0609,1.0016,0.165,2.4393,0.0059,0.9938,0.0901,2.1765,0.0,0.0,0.0,29.9814,25.0,24.0,37.0,36.0,13.0,0.0,0.0,0.0,0.0,62.5855,0.0,44.0077,0.0,0.0
2873.0,1.7551,0.0944,1.0,0.0798,1.2018,1.8633,0.8633,2.2927,1.2927,21.8922,1.8757,21.5678,1.8627,100.0,0.0,0.0,0.0,24.25,0.0,25.5,0.0,25.25,0.0,24.25,10.0,0.0,0.0079,53.0763,5.3076,2.0,86.4431,1.7747,1.5037,1.5277,1.1685,1.4911,0.0002,1.6424,0.0004,2.1897,11.0,0.0614,1.0016,0.1288,2.3317,0.0061,1.0105,0.0787,2.1177,0.0,0.0,0.0,29.9818,25.0,24.0,37.0,36.0,14.0,0.0,0.0,0.0,0.0,62.5857,0.0,44.0081,0.0,0.0
2874.0,1.7551,0.0944,1.0,0.0797,1.2013,1.8629,0.8629,2.293,1.293,22.0219,1.8809,21.5734,1.8629,100.0,0.0,0.0,0.0,24.25,0.0,25.375,0.0,25.375,0.0,24.25,10.0,0.0,0.0082,53.0761,5.3076,2.0,86.8841,1.7756,1.4229,1.5189,1.1879,1.4932,0.0002,1.646,0.0004,2.1951,11.0,0.0655,1.0017,0.166,2.4418,0.0063,1.0201,0.0668,2.0465,0.0,0.0,0.0,29.9811,25.0,24.0,37.0,36.0,13.0,0.0,0.0,0.0,0.0,62.5851,0.0,44.0079,0.0,0.0
2875.0,1.7543,0.0943,1.0,0.0798,1.2018,1.8629,0.8629,2.2933,1.2933,22.1271,1.8851,21.5632,1.8625,100.0,0.0,0.0,0.0,24.25,0.0,25.375,0.0,25.25,0.0,24.25,10.0,0.0,0.008,53.0754,5.3076,2.0,87.6425,1.7771,1.501,1.5274,1.205,1.4951,0.0002,1.65,0.0005,2.2008,11.0,0.0687,1.0018,0.1271,2.3261,0.0062,1.0145,0.0725,2.0822,0.0,0.0,0.0,29.9818,25.0,24.0,37.0,36.0,14.0,0.0,0.0,0.0,0.0,62.5856,0.0,44.0074,0.0,0.0
2876.0,1.7541,0.0943,1.0,0.08,1.2022,1.863,0.863,2.2934,1.2934,22.0749,1.883,21.552,1.8621,100.0,0.0,0.0,0.0,24.25,0.0,25.375,0.0,25.25,0.0,24.25,10.0,0.0,0.0073,53.0754,5.3075,2.0,90.5391,1.7827,1.5698,1.5349,1.2252,1.4973,0.0002,1.6539,0.0005,2.2061,11.0,0.0681,1.0018,0.1343,2.3499,0.0063,1.0178,0.0599,1.999,0.0,0.0,0.0,29.9811,25.0,24.0,37.0,36.0,12.0,0.0,0.0,0.0,0.0,62.585,0.0,44.0076,0.0,0.0
2877.0,1.753,0.0941,1.0,0.0794,1.2007,1.863,0.863,2.2937,1.2937,21.979,1.8792,21.5474,1.8619,100.0,0.0,0.0,0.0,24.25,0.0,25.375,0.0,25.25,0.0,24.25,10.0,0.0,0.008,53.0751,5.3075,2.0,91.9181,1.7854,1.4822,1.5253,1.2448,1.4994,0.0002,1.6576,0.0005,2.2158,11.0,0.0669,1.0018,0.1168,2.2891,0.0055,0.96,0.0617,2.0119,0.0,0.0,0.0,29.982,24.0,24.0,37.0,36.0,15.0,0.0,0.0,0.0,0.0,62.5859,0.0,44.0079,0.0,0.0
2878.0,1.7498,0.0937,1.0,0.0795,1.201,1.863,0.863,2.2931,1.2931,21.875,1.875,21.5512,1.862,100.0,0.0,0.0,0.0,24.25,0.0,25.375,0.0,25.25,0.0,24.25,10.0,0.0,0.0076,53.0748,5.3075,2.0,91.6902,1.7849,1.377,1.5139,1.2526,1.5003,0.0002,1.6613,0.0005,2.2206,11.0,0.0632,1.0017,0.1035,2.2367,0.0058,0.9833,0.0747,2.095,0.0,0.0,0.0,29.9815,24.0,24.0,37.0,36.0,13.0,0.0,0.0,0.0,0.0,62.5859,0.0,44.0077,0.0,0.0
2879.0,1.7531,0.0941,1.0,0.0794,1.2006,1.8629,0.8629,2.293,1.293,21.9824,1.8793,21.5698,1.8628,100.0,0.0,0.0,0.0,24.25,0.0,25.375,0.0,25.375,0.0,24.125,10.0,0.0,0.0082,53.0747,5.3075,2.0,92.2896,1.7861,1.3651,1.5126,1.2731,1.5025,0.0002,1.6652,0.0005,2.23,11.0,0.0649,1.0017,0.1084,2.2567,0.006,1.0023,0.0641,2.0288,0.0,0.0,0.0,29.9811,24.0,24.0,37.0,36.0,14.0,0.0,0.0,0.0,0.0,62.5858,0.0,44.0081,0.0,0.0
2880.0,1.7623,0.0953,1.0,0.0796,1.2012,1.8624,0.8624,2.2932,1.2932,22.124,1.885,21.5653,1.8626,100.0,0.0,0.0,0.0,24.25,0.0,25.5,0.0,25.25,0.0,24.125,10.0,0.0,0.0073,53.0745,5.3075,2.0,94.3371,1.7899,1.4172,1.5182,1.2787,1.5031,0.0002,1.6692,0.0005,2.2346,11.0,0.0597,1.0016,0.1099,2.2629,0.006,1.0025,0.092,2.1857,0.0,0.0,0.0,29.9813,24.0,24.0,37.0,36.0,12.0,0.0,0.0,0.0,0.0,62.5855,0.0,44.008,0.0,0.0
2881.0,1.7642,0.0955,1.0,0.0795,1.2009,1.8633,0.8633,2.2934,1.2934,22.0838,1.8834,21.5624,1.8625,100.0,0.0,0.0,0.0,24.25,0.0,25.375,0.0,25.25,0.0,24.25,10.0,0.0,0.0084,53.074,5.3074,2.0,95.9849,1.7929,1.3492,1.5108,1.2922,1.5046,0.0002,1.6732,0.0005,2.2438,11.0,0.0621,1.0017,0.0875,2.164,0.0063,1.0215,0.0792,2.1205,0.0,0.0,0.0,29.9812,24.0,24.0,37.0,36.0,12.0,0.0,0.0,0.0,0.0,62.5852,0.0,44.0073,0.0,0.0
2882.0,1.7637,0.0955,1.0,0.0794,1.2005,1.8635,0.8635,2.2933,1.2933,21.9888,1.8796,21.5589,1.8624,100.0,0.0,0.0,0.0,24.25,0.0,25.375,0.0,25.25,0.0,24.125,10.0,0.0,0.0078,53.0739,5.3074,2.0,96.0667,1.793,1.2797,1.5032,1.3023,1.5057,0.0002,1.6767,0.0005,2.2476,11.0,0.0624,1.0017,0.1028,2.2338,0.0062,1.0137,0.0758,2.1014,0.0,0.0,0.0,29.9812,24.0,24.0,37.0,36.0,15.0,0.0,0.0,0.0,0.0,62.586,0.0,44.0076,0.0,0.0
2883.0,1.7633,0.0954,1.0,0.0796,1.2012,1.8634,0.8634,2.2932,1.2932,21.8825,1.8753,21.5583,1.8623,100.0,0.0,0.0,0.0,24.375,0.0,25.5,0.0,25.25,0.0,24.25,10.0,0.0,0.0079,53.074,5.3074,2.0,97.3717,1.7954,1.3181,1.5074,1.307,1.5062,0.0002,1.6806,0.0005,2.2564,11.0,0.0612,1.0016,0.0905,2.1785,0.0061,1.005,0.0712,2.0746,0.0,0.0,0.0,29.981,24.0,24.0,37.0,36.0,14.0,0.0,0.0,0.0,0.0,62.5856,0.0,44.0076,0.0,0.0
2884.0,1.7584,0.0948,1.0,0.0792,1.2,1.863,0.863,2.293,1.293,21.9605,1.8784,21.5789,1.8632,100.0,0.0,0.0,0.0,24.25,0.0,25.5,0.0,25.25,0.0,24.25,10.0,0.0,0.0083,53.0734,5.3073,2.0,98.9938,1.7982,1.3439,1.5102,1.3064,1.5061,0.0002,1.6839,0.0005,2.2642,11.0,0.0592,1.0016,0.0794,2.1218,0.0066,1.0434,0.0691,2.0616,0.0,0.0,0.0,29.9813,24.0,24.0,37.0,36.0,13.0,0.0,0.0,0.0,0.0,62.5857,0.0,44.0076,0.0,0.0
2885.0,1.7573,0.0947,1.0,0.0796,1.2011,1.8628,0.8628,2.2931,1.2931,22.1092,1.8844,21.5752,1.863,100.0,0.0,0.0,0.0,24.375,0.0,25.375,0.0,25.25,0.0,24.25,10.0,0.0,0.0084,53.0736,5.3074,2.0,100.6656,1.8012,1.3898,1.5153,1.315,1.5071,0.0002,1.6877,0.0005,2.2719,11.0,0.0614,1.0016,0.1382,2.3622,0.0064,1.0247,0.0671,2.0487,0.0,0.0,0.0,29.9813,24.0,24.0,37.0,36.0,16.0,0.0,0.0,0.0,0.0,62.586,0.0,44.0079,0.0,0.0
2886.0,1.7551,0.0944,1.0,0.0796,1.2012,1.8629,0.8629,2.2934,1.2934,22.0987,1.8839,21.5544,1.8622,100.0,0.0,0.0,0.0,24.25,0.0,25.375,0.0,25.375,0.0,24.25,10.0,0.0,0.0077,53.0733,5.3073,2.0,102.3757,1.8041,1.3618,1.5122,1.3032,1.5058,0.0002,1.6906,0.0005,2.2754,11.0,0.0636,1.0017,0.1501,2.3983,0.0057,0.9764,0.0633,2.0233,0.0,0.0,0.0,29.9811,24.0,24.0,37.0,36.0,14.0,0.0,0.0,0.0,0.0,62.5853,0.0,44.008,0.0,0.0
2887.0,1.7567,0.0946,1.0,0.0797,1.2015,1.8629,0.8629,2.2933,1.2933,22.0192,1.8808,21.548,1.8619,100.0,0.0,0.0,0.0,24.25,0.0,25.375,0.0,25.5,0.0,24.125,10.0,0.0,0.008,53.0728,5.3072,2.0,103.404,1.8058,1.3329,1.509,1.2993,1.5054,0.0002,1.694,0.0005,2.2833,11.0,0.0659,1.0018,0.2088,2.5416,0.0057,0.9811,0.0602,2.0012,0.0,0.0,0.0,29.9818,24.0,24.0,37.0,36.0,14.0,0.0,0.0,0.0,0.0,62.5859,0.0,44.0079,0.0,0.0
2888.0,1.758,0.0947,1.0,0.0798,1.2016,1.8634,0.8634,2.2931,1.2931,21.8961,1.8758,21.5534,1.8621,100.0,0.0,0.0,0.0,24.25,0.0,25.5,0.0,25.25,0.0,24.125,10.0,0.0,0.0084,53.0725,5.3072,2.0,104.2383,1.8072,1.2838,1.5037,1.3008,1.5055,0.0002,1.6976,0.0005,2.2904,11.0,0.0696,1.0019,0.2035,2.5305,0.0057,0.9803,0.0553,1.9649,0.0,0.0,0.0,29.9813,24.0,24.0,37.0,36.0,15.0,0.0,0.0,0.0,0.0,62.5856,0.0,44.0078,0.0,0.0
2889.0,1.7582,0.0948,1.0,0.0795,1.2008,1.8625,0.8625,2.293,1.293,21.9591,1.8784,21.5693,1.8628,100.0,0.0,0.0,0.0,24.25,0.0,25.375,0.0,25.25,0.0,24.125,10.0,0.0,0.0081,53.0723,5.3072,2.0,104.4559,1.8076,1.1089,1.4846,1.2887,1.5042,0.0002,1.7014,0.0005,2.2985,11.0,0.0665,1.0018,0.2046,2.5328,0.0066,1.0383,0.056,1.9703,0.0,0.0,0.0,29.9818,25.0,24.0,37.0,36.0,13.0,0.0,0.0,0.0,0.0,62.5857,0.0,44.0077,0.0,0.0
2890.0,1.7572,0.0947,1.0,0.0796,1.2012,1.8624,0.8624,2.293,1.293,22.1048,1.8842,21.5708,1.8628,100.0,0.0,0.0,0.0,24.25,0.0,25.375,0.0,25.25,0.0,24.25,10.0,0.0,0.0078,53.0724,5.3072,2.0,105.2578,1.8089,1.1701,1.4913,1.2734,1.5025,0.0002,1.7036,0.0005,2.3045,11.0,0.0646,1.0017,0.1743,2.4631,0.0066,1.0398,0.0727,2.0836,0.0,0.0,0.0,29.9809,25.0,24.0,37.0,36.0,14.0,0.0,0.0,0.0,0.0,62.5855,0.0,44.0078,0.0,0.0
2891.0,1.7572,0.0947,1.0,0.0797,1.2014,1.8628,0.8628,2.2935,1.2935,22.1118,1.8845,21.556,1.8622,100.0,0.0,0.0,0.0,24.25,0.0,25.375,0.0,25.25,0.0,24.25,10.0,0.0,0.007,53.0721,5.3072,2.0,106.6802,1.8112,1.1154,1.4853,1.2674,1.5019,0.0002,1.7066,0.0005,2.3111,11.0,0.0622,1.0017,0.163,2.4341,0.0059,0.995,0.0611,2.0082,0.0,0.0,0.0,29.981,25.0,24.0,37.0,36.0,13.0,0.0,0.0,0.0,0.0,62.586,0.0,44.0079,0.0,0.0
2892.0,1.7573,0.0947,1.0,0.0796,1.2011,1.863,0.863,2.2933,1.2933,22.0214,1.8809,21.5488,1.862,100.0,0.0,0.0,0.0,24.25,0.0,25.375,0.0,25.375,0.0,24.25,10.0,0.0,0.0076,53.0718,5.3072,2.0,107.2168,1.8121,1.1015,1.4838,1.2568,1.5007,0.0002,1.7098,0.0005,2.3172,11.0,0.0644,1.0017,0.1779,2.472,0.006,1.0021,0.0808,2.1293,0.0,0.0,0.0,29.981,25.0,24.0,37.0,36.0,16.0,0.0,0.0,0.0,0.0,62.586,0.0,44.0078,0.0,0.0
2893.0,1.7558,0.0945,1.0,0.0795,1.2008,1.8634,0.8634,2.2931,1.2931,21.9036,1.8761,21.556,1.8622,100.0,0.0,0.0,0.0,24.5,0.0,25.375,0.0,25.25,0.0,24.25,10.0,0.0,0.0082,53.0718,5.3072,2.0,109.7415,1.8161,1.204,1.495,1.2445,1.4994,0.0002,1.713,0.0005,2.3232,11.0,0.0626,1.0017,0.1607,2.4278,0.0062,1.0117,0.0827,2.1394,0.0,0.0,0.0,29.9812,25.0,24.0,37.0,36.0,13.0,0.0,0.0,0.0,0.0,62.5864,0.0,44.0079,0.0,0.0
2894.0,1.7561,0.0945,1.0,0.0794,1.2006,1.8632,0.8632,2.293,1.293,21.924,1.877,21.575,1.863,100.0,0.0,0.0,0.0,24.25,0.0,25.375,0.0,25.375,0.0,24.125,10.0,0.0,0.0085,53.0712,5.3071,2.0,110.7124,1.8177,1.1692,1.4912,1.2333,1.4982,0.0002,1.7157,0.0005,2.3291,11.0,0.0601,1.0016,0.1389,2.3644,0.006,0.9999,0.073,2.0851,0.0,0.0,0.0,29.9811,25.0,24.0,37.0,36.0,15.0,0.0,0.0,0.0,0.0,62.586,0.0,44.008,0.0,0.0
2895.0,1.7561,0.0945,1.0,0.0794,1.2007,1.8627,0.8627,2.293,1.293,22.0777,1.8831,21.5747,1.863,100.0,0.0,0.0,0.0,24.25,0.0,25.375,0.0,25.25,0.0,24.125,10.0,0.0,0.0086,53.0716,5.3072,2.0,110.8892,1.818,1.042,1.4773,1.2169,1.4964,0.0002,1.7181,0.0005,2.3347,11.0,0.0591,1.0016,0.1444,2.3813,0.006,0.9988,0.0803,2.1266,0.0,0.0,0.0,29.9813,25.0,24.0,37.0,36.0,14.0,0.0,0.0,0.0,0.0,62.5857,0.0,44.008,0.0,0.0
2896.0,1.7561,0.0945,1.0,0.0798,1.2017,1.8628,0.8628,2.2934,1.2934,22.1036,1.8841,21.5582,1.8623,100.0,0.0,0.0,0.0,24.25,0.0,25.375,0.0,25.25,0.0,24.125,10.0,0.0,0.0076,53.0712,5.3071,2.0,111.3846,1.8187,1.028,1.4758,1.2084,1.4955,0.0002,1.7212,0.0005,2.3446,11.0,0.0615,1.0016,0.1211,2.3049,0.0065,1.0324,0.0691,2.061,0.0,0.0,0.0,29.9807,25.0,24.0,37.0,36.0,13.0,0.0,0.0,0.0,0.0,62.5861,0.0,44.008,0.0,0.0
2897.0,1.7564,0.0945,1.0,0.08,1.2023,1.8629,0.8629,2.2934,1.2934,22.0306,1.8812,21.5489,1.862,100.0,0.0,0.0,0.0,24.25,0.0,25.375,0.0,25.25,0.0,24.25,10.0,0.0,0.0083,53.0711,5.3071,2.0,112.2895,1.8201,1.0183,1.4747,1.1911,1.4936,0.0002,1.7238,0.0005,2.3502,11.0,0.0675,1.0018,0.1271,2.326,0.0065,1.032,0.0771,2.1089,0.0,0.0,0.0,29.9808,25.0,24.0,37.0,36.0,16.0,0.0,0.0,0.0,0.0,62.5859,0.0,44.0079,0.0,0.0
2898.0,1.7575,0.0947,1.0,0.0798,1.2017,1.863,0.863,2.2932,1.2932,21.8927,1.8757,21.546,1.8618,100.0,0.0,0.0,0.0,24.25,0.0,25.5,0.0,25.25,0.0,24.125,10.0,0.0,0.0084,53.0706,5.307,2.0,115.2642,1.8247,1.136,1.4876,1.176,1.4919,0.0002,1.7271,0.0005,2.3591,11.0,0.0669,1.0018,0.1799,2.4769,0.0061,1.0078,0.0778,2.1131,0.0,0.0,0.0,29.9807,25.0,24.0,37.0,36.0,13.0,0.0,0.0,0.0,0.0,62.5856,0.0,44.0078,0.0,0.0
2899.0,1.7604,0.095,1.0,0.0796,1.2013,1.8632,0.8632,2.293,1.293,21.9101,1.8764,21.563,1.8625,100.0,0.0,0.0,0.0,24.125,0.0,25.375,0.0,25.25,0.0,24.125,10.0,0.0,0.0077,53.0705,5.307,2.0,116.4683,1.8265,1.0267,1.4756,1.1592,1.4901,0.0002,1.7293,0.0005,2.3647,11.0,0.0644,1.0017,0.1946,2.5109,0.0059,0.9916,0.0773,2.1103,0.0,0.0,0.0,29.9808,25.0,24.0,37.0,36.0,13.0,0.0,0.0,0.0,0.0,62.5857,0.0,44.0077,0.0,0.0
2900.0,1.7616,0.0952,1.0,0.0796,1.2013,1.8628,0.8628,2.2929,1.2929,22.0643,1.8826,21.574,1.863,100.0,0.0,0.0,0.0,24.25,0.0,25.375,0.0,25.25,0.0,24.25,10.0,0.0,0.0079,53.0701,5.307,2.0,116.2776,1.8262,1.0192,1.4748,1.1473,1.4888,0.0002,1.7316,0.0005,2.369,11.0,0.059,1.0016,0.181,2.4795,0.007,1.0653,0.0797,2.1231,0.0,0.0,0.0,29.981,25.0,24.0,37.0,36.0,14.0,0.0,0.0,0.0,0.0,62.5862,0.0,44.008,0.0,0.0
2901.0,1.7628,0.0953,1.0,0.0795,1.201,1.8627,0.8627,2.2933,1.2933,22.1247,1.885,21.5624,1.8625,100.0,0.0,0.0,0.0,24.125,0.0,25.375,0.0,25.25,0.0,24.25,10.0,0.0,0.0082,53.0698,5.307,2.0,118.1434,1.829,1.1243,1.4863,1.1337,1.4873,0.0002,1.7341,0.0005,2.3739,11.0,0.0603,1.0016,0.1619,2.4311,0.0054,0.955,0.0748,2.0959,0.0,0.0,0.0,29.9816,25.0,24.0,37.0,36.0,13.0,0.0,0.0,0.0,0.0,62.586,0.0,44.0083,0.0,0.0
2902.0,1.7681,0.096,1.0,0.0798,1.2018,1.863,0.863,2.2934,1.2934,22.0498,1.882,21.5512,1.862,100.0,0.0,0.0,0.0,24.25,0.0,25.375,0.0,25.375,0.0,24.375,10.0,0.0,0.0078,53.0696,5.3069,2.0,120.1873,1.8319,1.1765,1.492,1.1159,1.4854,0.0002,1.7365,0.0005,2.3824,11.0,0.0634,1.0017,0.1472,2.3898,0.0063,1.0192,0.0695,2.0639,0.0,0.0,0.0,29.981,25.0,24.0,37.0,36.0,14.0,0.0,0.0,0.0,0.0,62.585,0.0,44.0082,0.0,0.0
2903.0,1.7679,0.096,1.0,0.0796,1.2011,1.8634,0.8634,2.2933,1.2933,21.9473,1.8779,21.5556,1.8622,100.0,0.0,0.0,0.0,24.25,0.0,25.5,0.0,25.25,0.0,24.25,10.0,0.0,0.0079,53.0695,5.307,2.0,122.7205,1.8356,1.1817,1.4925,1.1004,1.4837,0.0002,1.7391,0.0005,2.3894,11.0,0.0611,1.0016,0.1476,2.3911,0.0067,1.0497,0.0812,2.1316,0.0,0.0,0.0,29.9807,25.0,24.0,37.0,37.0,15.0,0.0,0.0,0.0,0.0,62.5857,0.0,44.0077,0.0,0.0
2904.0,1.7691,0.0961,1.0,0.0795,1.201,1.8633,0.8633,2.2926,1.2926,21.9121,1.8765,21.5699,1.8628,100.0,0.0,0.0,0.0,24.25,0.0,25.5,0.0,25.25,0.0,24.25,10.0,0.0,0.0079,53.0693,5.3069,2.0,123.9903,1.8374,1.1446,1.4885,1.0945,1.483,0.0002,1.7417,0.0005,2.3948,11.0,0.0656,1.0017,0.2004,2.5237,0.0058,0.9857,0.0722,2.0802,0.0,0.0,0.0,29.9805,25.0,24.0,37.0,37.0,13.0,0.0,0.0,0.0,0.0,62.585,0.0,44.0079,0.0,0.0
2905.0,1.769,0.0961,1.0,0.0801,1.2025,1.8629,0.8629,2.2925,1.2925,22.0366,1.8815,21.5837,1.8633,100.0,0.0,0.0,0.0,24.25,0.0,25.375,0.0,25.375,0.0,24.25,10.0,0.0,0.0086,53.069,5.3069,2.0,124.4167,1.838,1.1062,1.4843,1.0804,1.4815,0.0002,1.7441,0.0005,2.3986,11.0,0.0686,1.0018,0.2055,2.5346,0.0067,1.0504,0.0668,2.0466,0.0,0.0,0.0,29.9809,25.0,24.0,37.0,37.0,15.0,0.0,0.0,0.0,0.0,62.5855,0.0,44.0076,0.0,0.0
2906.0,1.7689,0.0961,1.0,0.0797,1.2014,1.8629,0.8629,2.2933,1.2933,22.1355,1.8854,21.5711,1.8628,100.0,0.0,0.0,0.0,24.25,0.0,25.375,0.0,25.25,0.0,24.125,10.0,0.0,0.0082,53.0688,5.3069,2.0,126.2431,1.8405,1.1219,1.486,1.0632,1.4796,0.0002,1.7461,0.0005,2.4059,11.0,0.0666,1.0018,0.1794,2.4756,0.0056,0.9685,0.0804,2.1269,0.0,0.0,0.0,29.9808,25.0,24.0,37.0,37.0,16.0,0.0,0.0,0.0,0.0,62.586,0.0,44.0081,0.0,0.0
2907.0,1.7658,0.0957,1.0,0.0797,1.2013,1.8633,0.8633,2.2933,1.2933,22.0608,1.8824,21.5608,1.8624,100.0,0.0,0.0,0.0,24.25,0.0,25.625,0.0,25.25,0.0,24.25,10.0,0.0,0.008,53.0684,5.3069,2.0,126.0536,1.8402,0.8583,1.4573,1.0423,1.4773,0.0003,1.7484,0.0005,2.4123,11.0,0.0603,1.0016,0.1746,2.4639,0.0064,1.025,0.0754,2.0991,0.0,0.0,0.0,29.9803,25.0,24.0,37.0,36.0,14.0,0.0,0.0,0.0,0.0,62.5856,0.0,44.0075,0.0,0.0
2908.0,1.7609,0.0951,1.0,0.0794,1.2006,1.8634,0.8634,2.2929,1.2929,21.9547,1.8782,21.5578,1.8623,100.0,0.0,0.0,0.0,24.25,0.0,25.5,0.0,25.25,0.0,24.25,10.0,0.0,0.008,53.0686,5.3069,2.0,125.7458,1.8398,0.9591,1.4683,1.0212,1.475,0.0003,1.7499,0.0005,2.4164,11.0,0.0587,1.0016,0.2363,2.5953,0.0068,1.0564,0.0763,2.1041,0.0,0.0,0.0,29.9811,25.0,24.0,37.0,36.0,14.0,0.0,0.0,0.0,0.0,62.5857,0.0,44.0075,0.0,0.0
2909.0,1.7575,0.0947,1.0,0.0795,1.201,1.8634,0.8634,2.2931,1.2931,21.8824,1.8753,21.564,1.8626,100.0,0.0,0.0,0.0,24.25,0.0,25.5,0.0,25.25,0.0,24.125,10.0,0.0,0.0082,53.0686,5.3069,2.0,127.6762,1.8424,0.9118,1.4631,1.0039,1.4731,0.0003,1.7519,0.0005,2.4241,11.0,0.0619,1.0016,0.2626,2.6411,0.0062,1.0132,0.0761,2.103,0.0,0.0,0.0,29.981,25.0,24.0,37.0,36.0,14.0,0.0,0.0,0.0,0.0,62.5862,0.0,44.0075,0.0,0.0
2910.0,1.7572,0.0947,1.0,0.0797,1.2015,1.8624,0.8624,2.2933,1.2933,22.0168,1.8807,21.5721,1.8629,100.0,0.0,0.0,0.0,24.25,0.0,25.375,0.0,25.25,0.0,24.25,10.0,0.0,0.0074,53.0683,5.3068,2.0,127.5676,1.8423,0.834,1.4546,0.9876,1.4714,0.0003,1.7541,0.0005,2.4303,11.0,0.0612,1.0016,0.2399,2.6019,0.0069,1.0599,0.0716,2.0768,0.0,0.0,0.0,29.9809,25.0,24.0,37.0,36.0,13.0,0.0,0.0,0.0,0.0,62.5859,0.0,44.0076,0.0,0.0
2911.0,1.7562,0.0945,1.0,0.0799,1.2021,1.8624,0.8624,2.2932,1.2932,22.1358,1.8854,21.563,1.8625,100.0,0.0,0.0,0.0,24.25,0.0,25.375,0.0,25.25,0.0,24.25,10.0,0.0,0.0081,53.0677,5.3068,2.0,128.979,1.8442,0.9141,1.4634,0.9686,1.4693,0.0003,1.7559,0.0005,2.4342,11.0,0.0671,1.0018,0.2132,2.5507,0.0058,0.9846,0.0835,2.1434,0.0,0.0,0.0,29.981,25.0,24.0,37.0,36.0,14.0,0.0,0.0,0.0,0.0,62.5857,0.0,44.0077,0.0,0.0
2912.0,1.7562,0.0945,1.0,0.0796,1.2012,1.8629,0.8629,2.2933,1.2933,22.0811,1.8832,21.5527,1.8621,100.0,0.0,0.0,0.0,24.25,0.0,25.375,0.0,25.25,0.0,24.25,10.0,0.0,0.0077,53.0677,5.3067,2.0,131.0195,1.8469,0.8947,1.4612,0.952,1.4675,0.0003,1.7582,0.0005,2.4416,11.0,0.0677,1.0018,0.2061,2.5359,0.0062,1.0145,0.076,2.1027,0.0,0.0,0.0,29.9806,25.0,24.0,37.0,36.0,14.0,0.0,0.0,0.0,0.0,62.5858,0.0,44.0078,0.0,0.0
2913.0,1.7551,0.0944,1.0,0.0796,1.2012,1.863,0.863,2.2933,1.2933,21.9607,1.8784,21.5471,1.8619,100.0,0.0,0.0,0.0,24.25,0.0,25.375,0.0,25.375,0.0,24.25,10.0,0.0,0.0076,53.0677,5.3068,2.0,132.1964,1.8485,0.9477,1.467,0.936,1.4657,0.0003,1.7602,0.0005,2.4497,11.0,0.0638,1.0017,0.1803,2.4778,0.0062,1.0149,0.0817,2.1341,0.0,0.0,0.0,29.9807,25.0,24.0,37.0,36.0,14.0,0.0,0.0,0.0,0.0,62.586,0.0,44.008,0.0,0.0
2914.0,1.7565,0.0946,1.0,0.0797,1.2013,1.8633,0.8633,2.2928,1.2928,21.8713,1.8749,21.5577,1.8623,100.0,0.0,0.0,0.0,24.25,0.0,25.375,0.0,25.375,0.0,24.125,10.0,0.0,0.008,53.0673,5.3067,2.0,133.6448,1.8504,0.9199,1.464,0.9285,1.4649,0.0003,1.7618,0.0005,2.4538,11.0,0.0658,1.0018,0.253,2.625,0.0052,0.9345,0.0674,2.0503,0.0,0.0,0.0,29.9806,25.0,24.0,37.0,36.0,14.0,0.0,0.0,0.0,0.0,62.5858,0.0,44.0079,0.0,0.0
2915.0,1.7571,0.0946,1.0,0.0796,1.2011,1.863,0.863,2.2926,1.2926,21.9721,1.8789,21.5793,1.8632,100.0,0.0,0.0,0.0,24.25,0.0,25.5,0.0,25.25,0.0,24.25,10.0,0.0,0.0076,53.0671,5.3067,2.0,134.055,1.8509,0.9204,1.464,0.9153,1.4635,0.0003,1.7637,0.0005,2.4598,11.0,0.066,1.0018,0.2731,2.6581,0.007,1.0644,0.0592,1.994,0.0,0.0,0.0,29.9808,25.0,24.0,37.0,36.0,14.0,0.0,0.0,0.0,0.0,62.5862,0.0,44.008,0.0,0.0
2916.0,1.7552,0.0944,1.0,0.0796,1.2013,1.8625,0.8625,2.2928,1.2928,22.1254,1.885,21.5665,1.8627,100.0,0.0,0.0,0.0,24.25,0.0,25.375,0.0,25.25,0.0,24.125,10.0,0.0,0.0082,53.0667,5.3067,2.0,134.9638,1.8521,0.8194,1.453,0.9009,1.4619,0.0003,1.7657,0.0006,2.4674,11.0,0.0594,1.0016,0.2497,2.6192,0.0053,0.9436,0.0716,2.0766,0.0,0.0,0.0,29.9809,25.0,24.0,37.0,36.0,15.0,0.0,0.0,0.0,0.0,62.5855,0.0,44.0074,0.0,0.0
2917.0,1.7507,0.0938,1.0,0.0795,1.2009,1.8629,0.8629,2.2933,1.2933,22.0786,1.8831,21.552,1.8621,100.0,0.0,0.0,0.0,24.25,0.0,25.5,0.0,25.25,0.0,24.25,10.0,0.0,0.0081,53.0667,5.3067,2.0,135.0414,1.8522,0.7238,1.4426,0.8869,1.4604,0.0003,1.7676,0.0006,2.4728,11.0,0.0586,1.0016,0.2205,2.5653,0.0061,1.006,0.0627,2.0189,0.0,0.0,0.0,29.9808,25.0,24.0,37.0,36.0,14.0,0.0,0.0,0.0,0.0,62.586,0.0,44.0078,0.0,0.0
2918.0,1.7499,0.0937,1.0,0.0797,1.2014,1.863,0.863,2.2933,1.2933,21.9979,1.8799,21.5497,1.862,100.0,0.0,0.0,0.0,24.25,0.0,25.375,0.0,25.25,0.0,24.25,10.0,0.0,0.0076,53.0666,5.3067,2.0,134.8658,1.852,0.6419,1.4337,0.8708,1.4586,0.0003,1.7691,0.0006,2.477,11.0,0.0643,1.0017,0.2065,2.5368,0.0066,1.0435,0.0672,2.049,0.0,0.0,0.0,29.9807,25.0,24.0,37.0,36.0,11.0,0.0,0.0,0.0,0.0,62.5856,0.0,44.008,0.0,0.0
2919.0,1.7519,0.094,1.0,0.0798,1.2017,1.8633,0.8633,2.2928,1.2928,21.8891,1.8756,21.5479,1.8619,100.0,0.0,0.0,0.0,24.25,0.0,25.375,0.0,25.25,0.0,24.25,10.0,0.0,0.0083,53.0662,5.3066,2.0,133.9989,1.8508,0.5257,1.421,0.8517,1.4565,0.0003,1.7707,0.0006,2.4822,11.0,0.0695,1.0019,0.1847,2.4884,0.0059,0.9929,0.0688,2.0592,0.0,0.0,0.0,29.9802,25.0,24.0,37.0,37.0,15.0,0.0,0.0,0.0,0.0,62.5854,0.0,44.0073,0.0,0.0
2920.0,1.7531,0.0941,1.0,0.0798,1.2016,1.863,0.863,2.2926,1.2926,21.959,1.8784,21.5786,1.8631,100.0,0.0,0.0,0.0,24.375,0.0,25.375,0.0,25.125,0.0,24.25,10.0,0.0,0.0077,53.0662,5.3066,2.0,135.7757,1.8531,0.6168,1.4309,0.8283,1.454,0.0003,1.7723,0.0006,2.4879,11.0,0.0673,1.0018,0.1765,2.4686,0.0059,0.9902,0.068,2.0545,0.0,0.0,0.0,29.9806,25.0,24.0,37.0,37.0,15.0,0.0,0.0,0.0,0.0,62.5856,0.0,44.0079,0.0,0.0
2921.0,1.7531,0.0941,1.0,0.0796,1.201,1.8627,0.8627,2.2927,1.2927,22.1162,1.8846,21.5783,1.8631,100.0,0.0,0.0,0.0,24.25,0.0,25.375,0.0,25.25,0.0,24.25,10.0,0.0,0.0078,53.0661,5.3066,2.0,136.6193,1.8542,0.6621,1.4359,0.8152,1.4526,0.0003,1.7738,0.0006,2.4956,11.0,0.0645,1.0017,0.182,2.4819,0.0071,1.0711,0.0642,2.0294,0.0,0.0,0.0,29.9808,25.0,24.0,37.0,37.0,12.0,0.0,0.0,0.0,0.0,62.5855,16.0,44.0112,0.0,0.0
2922.0,1.7541,0.0943,1.0,0.0794,1.2005,1.8633,0.8633,2.2932,1.2932,22.0866,1.8835,21.563,1.8625,100.0,0.0,0.0,0.0,24.25,0.0,25.375,0.0,25.25,0.0,24.25,10.0,0.0,0.0081,53.0656,5.3065,2.0,138.6058,1.8567,0.6863,1.4385,0.7983,1.4507,0.0003,1.7756,0.0006,2.4998,11.0,0.0603,1.0016,0.1681,2.4474,0.0054,0.9543,0.062,2.0143,0.0,0.0,0.0,29.9805,25.0,24.0,37.0,37.0,12.0,0.0,0.0,0.0,0.0,62.5863,16.0,44.1827,0.0,0.0
2923.0,1.7546,0.0943,1.0,0.0797,1.2014,1.8634,0.8634,2.2929,1.2929,21.9927,1.8797,21.559,1.8624,100.0,0.0,0.0,0.0,24.25,0.0,25.5,0.0,25.25,0.0,24.25,10.0,0.0,0.0083,53.0657,5.3066,2.0,139.2969,1.8576,0.7108,1.4412,0.7839,1.4492,0.0003,1.777,0.0006,2.5041,11.0,0.0628,1.0017,0.1486,2.3938,0.0062,1.0144,0.0665,2.0448,0.0,0.0,0.0,29.9808,25.0,24.0,37.0,36.0,13.0,0.0,0.0,0.0,0.0,62.5857,0.0,44.3888,0.0,0.0
2924.0,1.7531,0.0941,1.0,0.0799,1.2019,1.8634,0.8634,2.2928,1.2928,21.9098,1.8764,21.5574,1.8623,100.0,0.0,0.0,0.0,24.25,0.0,25.375,0.0,25.25,0.0,24.25,10.0,0.0,0.0071,53.0656,5.3065,2.0,140.9545,1.8596,0.7651,1.4471,0.7824,1.449,0.0003,1.7784,0.0006,2.5082,11.0,0.0618,1.0016,0.1305,2.3374,0.0065,1.0346,0.0643,2.03,0.0,0.0,0.0,29.9809,25.0,24.0,37.0,36.0,13.0,0.0,0.0,0.0,0.0,62.5855,0.0,44.4011,0.0,0.0
2925.0,1.7526,0.0941,1.0,0.0797,1.2015,1.8631,0.8631,2.2926,1.2926,21.937,1.8775,21.5754,1.863,100.0,0.0,0.0,0.0,24.25,0.0,25.375,0.0,25.25,0.0,24.25,10.0,0.0,0.0073,53.0653,5.3065,2.0,141.6929,1.8605,0.6441,1.4339,0.7644,1.447,0.0003,1.7799,0.0006,2.5138,11.0,0.0614,1.0016,0.1376,2.3604,0.0069,1.061,0.062,2.014,0.0,0.0,0.0,29.9806,25.0,24.0,37.0,36.0,14.0,0.0,0.0,0.0,0.0,62.5854,16.0,44.521,0.0,0.0
2926.0,1.7536,0.0942,1.0,0.0796,1.2011,1.8628,0.8628,2.2926,1.2926,22.0977,1.8839,21.5824,1.8633,100.0,0.0,0.0,0.0,24.25,0.0,25.5,0.0,25.375,0.0,24.25,10.0,0.0,0.0081,53.0649,5.3065,2.0,141.2794,1.86,0.6206,1.4313,0.7648,1.4471,0.0003,1.782,0.0006,2.5203,11.0,0.0684,1.0018,0.1312,2.3399,0.006,1.0012,0.0552,1.9635,0.0,0.0,0.0,29.9806,25.0,24.0,37.0,36.0,13.0,0.0,0.0,0.0,0.0,62.5853,16.0,44.6735,0.0,0.0
2927.0,1.7551,0.0944,1.0,0.0796,1.2013,1.8632,0.8632,2.2929,1.2929,22.1087,1.8843,21.565,1.8626,100.0,0.0,0.0,0.0,24.25,0.0,25.375,0.0,25.25,0.0,24.25,10.0,0.0,0.0082,53.0645,5.3064,2.0,141.6421,1.8605,0.5528,1.4239,0.7527,1.4458,0.0003,1.7836,0.0006,2.5258,11.0,0.0693,1.0018,0.1203,2.302,0.0064,1.0268,0.056,1.97,0.0,0.0,0.0,29.9807,25.0,24.0,37.0,36.0,13.0,0.0,0.0,0.0,0.0,62.5857,0.0,44.7883,0.0,0.0
2928.0,1.7552,0.0944,1.0,0.0794,1.2007,1.8634,0.8634,2.2929,1.2929,22.0274,1.8811,21.5595,1.8624,100.0,0.0,0.0,0.0,24.25,0.0,25.5,0.0,25.25,0.0,24.25,10.0,0.0,0.0074,53.0642,5.3064,2.0,141.5791,1.8604,0.5355,1.4221,0.7317,1.4435,0.0003,1.7845,0.0006,2.5302,11.0,0.066,1.0018,0.1092,2.2599,0.0066,1.0426,0.0546,1.9593,0.0,0.0,0.0,29.9801,25.0,24.0,37.0,36.0,13.0,0.0,0.0,0.0,0.0,62.5854,16.0,44.7962,0.0,0.0
2929.0,1.7574,0.0947,1.0,0.0795,1.2009,1.8631,0.8631,2.2931,1.2931,21.9081,1.8763,21.5475,1.8619,100.0,0.0,0.0,0.0,24.25,0.0,25.375,0.0,25.25,0.0,24.125,10.0,0.0,0.0078,53.0643,5.3064,2.0,142.006,1.8609,0.4782,1.4158,0.7341,1.4437,0.0003,1.7863,0.0006,2.5334,11.0,0.0619,1.0017,0.1165,2.2882,0.0059,0.9948,0.0462,1.8865,0.0,0.0,0.0,29.9803,25.0,24.0,37.0,36.0,15.0,0.0,0.0,0.0,0.0,62.5861,16.0,44.981,0.0,0.0
2930.0,1.7596,0.095,1.0,0.0796,1.201,1.8628,0.8628,2.293,1.293,21.9086,1.8763,21.5633,1.8625,100.0,0.0,0.0,0.0,24.25,0.0,25.5,0.0,25.25,0.0,24.125,10.0,0.0,0.0076,53.0644,5.3064,2.0,142.3175,1.8613,0.4681,1.4147,0.7136,1.4415,0.0003,1.7876,0.0006,2.5399,11.0,0.0602,1.0016,0.1177,2.2925,0.0058,0.9879,0.0498,1.9187,0.0,0.0,0.0,29.9809,25.0,24.0,37.0,36.0,13.0,0.0,0.0,0.0,0.0,62.5863,0.0,45.1595,0.0,0.0
2931.0,1.7601,0.095,1.0,0.0796,1.2012,1.8628,0.8628,2.2927,1.2927,22.109,1.8844,21.5801,1.8632,100.0,0.0,0.0,0.0,24.25,0.0,25.375,0.0,25.25,0.0,24.125,10.0,0.0,0.0081,53.0642,5.3064,2.0,143.0246,1.8622,0.4796,1.416,0.7132,1.4414,0.0003,1.7898,0.0006,2.549,11.0,0.067,1.0018,0.1042,2.2399,0.0055,0.9607,0.0472,1.8962,0.0,0.0,0.0,29.9806,25.0,24.0,37.0,36.0,11.0,0.0,0.0,0.0,0.0,62.5857,16.0,45.192,0.0,0.0
2932.0,1.7604,0.0951,1.0,0.0798,1.2017,1.8631,0.8631,2.293,1.293,22.1277,1.8851,21.5669,1.8627,100.0,0.0,0.0,0.0,24.25,0.0,25.375,0.0,25.25,0.0,24.25,10.0,0.0,0.0082,53.0636,5.3064,2.0,144.5376,1.864,0.6228,1.4316,0.7107,1.4412,0.0003,1.7911,0.0006,2.5532,11.0,0.0679,1.0018,0.1008,2.2252,0.0058,0.9818,0.0597,1.9979,0.0,0.0,0.0,29.9807,25.0,24.0,37.0,36.0,16.0,0.0,0.0,0.0,0.0,62.5855,16.0,45.3266,0.0,0.0
2933.0,1.7604,0.0951,1.0,0.0794,1.2007,1.8634,0.8634,2.2929,1.2929,22.0273,1.8811,21.5597,1.8624,100.0,0.0,0.0,0.0,24.25,0.0,25.375,0.0,25.25,0.0,24.25,10.0,0.0,0.007,53.0632,5.3063,2.0,147.0395,1.867,0.6439,1.4339,0.7236,1.4426,0.0003,1.7934,0.0006,2.5604,11.0,0.0666,1.0018,0.1029,2.2342,0.0056,0.9663,0.0517,1.9357,0.0,0.0,0.0,29.9802,25.0,24.0,37.0,36.0,14.0,0.0,0.0,0.0,0.0,62.5859,0.0,45.4987,0.0,0.0
2934.0,1.7596,0.0949,1.0,0.0795,1.2009,1.8634,0.8634,2.2929,1.2929,21.9321,1.8773,21.5558,1.8622,100.0,0.0,0.0,0.0,24.25,0.0,25.375,0.0,25.25,0.0,24.125,10.0,0.0,0.0077,53.0633,5.3063,2.0,147.17,1.8671,0.5824,1.4272,0.7176,1.4419,0.0003,1.7947,0.0006,2.567,11.0,0.0639,1.0017,0.0835,2.1438,0.0066,1.0429,0.0516,1.9341,0.0,0.0,0.0,29.9805,25.0,24.0,37.0,36.0,13.0,0.0,0.0,0.0,0.0,62.5853,0.0,45.5811,0.0,0.0
2935.0,1.7583,0.0948,1.0,0.0794,1.2006,1.8632,0.8632,2.2926,1.2926,21.9054,1.8762,21.5605,1.8624,100.0,0.0,0.0,0.0,24.125,0.0,25.375,0.0,25.25,0.0,24.25,10.0,0.0,0.0076,53.0631,5.3063,2.0,149.8111,1.8702,1.0251,1.4755,0.7298,1.4432,0.0003,1.7968,0.0006,2.5734,11.0,0.0614,1.0016,0.0829,2.1405,0.0065,1.0368,0.0564,1.9733,0.0,0.0,0.0,29.9803,25.0,24.0,37.0,36.0,14.0,0.0,0.0,0.0,0.0,62.5856,16.0,45.6943,0.0,0.0
2936.0,1.7576,0.0947,1.0,0.0796,1.2011,1.8627,0.8627,2.2926,1.2926,22.0512,1.882,21.5825,1.8633,100.0,0.0,0.0,0.0,24.25,0.0,25.5,0.0,25.25,0.0,24.25,10.0,0.0,0.0077,53.0629,5.3063,2.0,155.3259,1.8765,1.01,1.4738,0.7437,1.4448,0.0003,1.799,0.0006,2.5783,11.0,0.0616,1.0016,0.0729,2.0846,0.007,1.0668,0.0504,1.9241,0.0,0.0,0.0,29.9806,25.0,24.0,37.0,36.0,13.0,0.0,0.0,0.0,0.0,62.5856,16.0,45.8459,0.0,0.0
2937.0,1.7572,0.0947,1.0,0.0794,1.2005,1.863,0.863,2.293,1.293,22.1135,1.8845,21.5691,1.8628,100.0,0.0,0.0,0.0,24.25,0.0,25.375,0.0,25.25,0.0,24.25,10.0,0.0,0.0075,53.0625,5.3062,2.0,157.0766,1.8784,1.0581,1.4791,0.7577,1.4463,0.0003,1.8013,0.0006,2.5872,11.0,0.0613,1.0016,0.1412,2.3718,0.0064,1.027,0.0506,1.926,0.0,0.0,0.0,29.9805,25.0,24.0,37.0,36.0,15.0,0.0,0.0,0.0,0.0,62.5859,0.0,45.9772,0.0,0.0
2938.0,1.759,0.0949,1.0,0.0797,1.2015,1.8634,0.8634,2.2929,1.2929,22.0545,1.8822,21.5604,1.8624,100.0,0.0,0.0,0.0,24.25,0.0,25.5,0.0,25.25,0.0,24.375,10.0,0.0,0.0662,53.0626,5.3062,2.0,158.7304,1.8803,1.0749,1.4809,0.784,1.4492,0.0003,1.804,0.0006,2.5952,11.0,0.0604,1.0016,0.1265,2.3238,0.0063,1.0227,0.0474,1.8975,0.0,0.0,0.0,29.9804,25.0,24.0,37.0,36.0,14.0,0.0,0.0,0.0,0.0,62.5853,0.0,45.9781,0.0,0.0
2939.0,1.7639,0.0955,1.0,0.0797,1.2015,1.8634,0.8634,2.2929,1.2929,21.9523,1.8781,21.5593,1.8624,100.0,0.0,0.0,0.0,24.125,0.0,25.375,0.0,25.25,0.0,24.125,10.0,0.0,0.0077,53.062,5.3062,2.0,162.7155,1.8846,1.3224,1.5079,0.8083,1.4518,0.0003,1.8066,0.0006,2.6033,11.0,0.0642,1.0017,0.1884,2.497,0.0059,0.9963,0.042,1.8448,0.0,0.0,0.0,29.9801,25.0,24.0,37.0,36.0,13.0,0.0,0.0,0.0,0.0,62.5863,0.0,45.9779,0.0,0.0
2940.0,1.7644,0.0955,1.0,0.0797,1.2015,1.8633,0.8633,2.2927,1.2927,21.8828,1.8753,21.567,1.8627,100.0,0.0,0.0,0.0,24.375,0.0,25.375,0.0,25.25,0.0,24.125,10.0,0.0,0.0074,53.0619,5.3062,2.0,167.0534,1.8891,1.2621,1.5013,0.8377,1.455,0.0003,1.8097,0.0006,2.6153,11.0,0.0686,1.0018,0.1857,2.4907,0.0058,0.9867,0.0596,1.9971,0.0,0.0,0.0,29.981,25.0,24.0,37.0,36.0,15.0,0.0,0.0,0.0,0.0,62.586,0.0,45.9787,0.0,0.0
2941.0,1.7613,0.0952,1.0,0.0796,1.2011,1.8629,0.8629,2.2925,1.2925,22.039,1.8816,21.5822,1.8633,100.0,0.0,0.0,0.0,24.25,0.0,25.5,0.0,25.375,0.0,24.125,10.0,0.0,0.0074,53.0621,5.3062,2.0,167.5489,1.8897,1.2033,1.4949,0.8631,1.4578,0.0003,1.8128,0.0006,2.6268,11.0,0.0684,1.0018,0.1643,2.4375,0.0071,1.0717,0.0539,1.9537,0.0,0.0,0.0,29.9802,25.0,24.0,37.0,36.0,15.0,0.0,0.0,0.0,0.0,62.586,0.0,45.9778,0.0,0.0
2942.0,1.7586,0.0948,1.0,0.0796,1.2012,1.863,0.863,2.2929,1.2929,22.124,1.885,21.569,1.8628,100.0,0.0,0.0,0.0,24.25,0.0,25.25,0.0,25.25,0.0,24.25,10.0,0.0,0.008,53.0617,5.3062,2.0,170.7291,1.8929,1.3398,1.5098,0.8975,1.4615,0.0003,1.8161,0.0006,2.6334,11.0,0.0641,1.0017,0.1482,2.3927,0.005,0.9166,0.0517,1.935,0.0,0.0,0.0,29.9804,25.0,24.0,37.0,36.0,14.0,0.0,0.0,0.0,0.0,62.5857,0.0,45.978,0.0,0.0
2943.0,1.7573,0.0947,1.0,0.0796,1.2012,1.8633,0.8633,2.293,1.293,22.058,1.8823,21.5522,1.8621,100.0,0.0,0.0,0.0,24.25,0.0,25.375,0.0,25.125,0.0,24.25,10.0,0.0,0.0071,53.0613,5.3061,2.0,174.2077,1.8964,1.3837,1.5146,0.9273,1.4648,0.0003,1.8193,0.0006,2.6467,11.0,0.0604,1.0016,0.1668,2.4441,0.0056,0.9671,0.0482,1.905,0.0,0.0,0.0,29.9806,25.0,24.0,37.0,36.0,14.0,0.0,0.0,0.0,0.0,62.5857,0.0,45.9781,0.0,0.0
2944.0,1.7572,0.0947,1.0,0.0794,1.2006,1.8633,0.8633,2.293,1.293,21.9716,1.8789,21.5567,1.8623,100.0,0.0,0.0,0.0,24.25,0.0,25.375,0.0,25.25,0.0,24.125,10.0,0.0,0.0084,53.061,5.3061,2.0,176.0901,1.8983,1.3577,1.5118,0.9545,1.4678,0.0003,1.8218,0.0006,2.6546,11.0,0.059,1.0016,0.1562,2.4156,0.0069,1.0591,0.0483,1.9062,0.0,0.0,0.0,29.9799,25.0,24.0,37.0,36.0,15.0,0.0,0.0,0.0,0.0,62.5853,0.0,45.9776,0.0,0.0
2945.0,1.7572,0.0947,1.0,0.0796,1.2013,1.8637,0.8637,2.2927,1.2927,21.8845,1.8754,21.566,1.8626,100.0,0.0,0.0,0.0,24.25,0.0,25.5,0.0,25.125,0.0,24.25,10.0,0.0,0.0081,53.061,5.3061,2.0,178.0695,1.9002,1.2963,1.5051,1.0021,1.473,0.0003,1.8258,0.0006,2.6684,11.0,0.0612,1.0016,0.1684,2.4481,0.0064,1.0277,0.0481,1.9041,0.0,0.0,0.0,29.9799,25.0,24.0,37.0,36.0,14.0,0.0,0.0,0.0,0.0,62.5854,0.0,45.978,0.0,0.0
2946.0,1.756,0.0945,1.0,0.0795,1.2009,1.8629,0.8629,2.2925,1.2925,21.997,1.8799,21.58,1.8632,100.0,0.0,0.0,0.0,24.25,0.0,25.375,0.0,25.125,0.0,24.125,10.0,0.0,0.0075,53.0609,5.3061,2.0,179.9283,1.902,1.3715,1.5133,1.0436,1.4775,0.0004,1.8292,0.0006,2.6781,11.0,0.0621,1.0017,0.1408,2.3706,0.0058,0.9853,0.0461,1.8852,0.0,0.0,0.0,29.9799,25.0,24.0,37.0,36.0,13.0,0.0,0.0,0.0,0.0,62.5854,0.0,45.978,0.0,0.0
2947.0,1.757,0.0946,1.0,0.0794,1.2006,1.8629,0.8629,2.2928,1.2928,22.1248,1.885,21.5656,1.8626,100.0,0.0,0.0,0.0,24.25,0.0,25.375,0.0,25.25,0.0,24.25,10.0,0.0,0.008,53.0608,5.3061,2.0,185.6738,1.9075,1.4762,1.5247,1.0838,1.4819,0.0004,1.833,0.0006,2.6925,11.0,0.0601,1.0016,0.1487,2.3942,0.006,0.9988,0.0412,1.8369,0.0,0.0,0.0,29.9801,25.0,24.0,37.0,36.0,13.0,0.0,0.0,0.0,0.0,62.5855,0.0,45.9781,0.0,0.0
2948.0,1.7564,0.0946,1.0,0.0796,1.2012,1.8629,0.8629,2.293,1.293,22.0833,1.8833,21.5522,1.8621,100.0,0.0,0.0,0.0,24.375,0.0,25.5,0.0,25.25,0.0,24.25,10.0,0.0,0.0079,53.0608,5.3061,2.0,187.1916,1.9089,1.4778,1.5249,1.1288,1.4868,0.0004,1.8373,0.0006,2.7056,11.0,0.0634,1.0017,0.2079,2.5396,0.0053,0.9447,0.0558,1.9687,0.0,0.0,0.0,29.9807,25.0,24.0,37.0,37.0,13.0,0.0,0.0,0.0,0.0,62.5856,0.0,45.978,0.0,0.0
2949.0,1.7555,0.0944,1.0,0.0797,1.2015,1.863,0.863,2.2932,1.2932,21.9941,1.8798,21.5484,1.8619,100.0,0.0,0.0,0.0,24.375,0.0,25.375,0.0,25.25,0.0,24.25,10.0,0.0,0.0077,53.0605,5.306,2.0,191.3517,1.9127,1.496,1.5268,1.162,1.4904,0.0004,1.8408,0.0006,2.722,11.0,0.0648,1.0017,0.1754,2.4658,0.0061,1.0089,0.0505,1.9251,0.0,0.0,0.0,29.98,25.0,24.0,37.0,37.0,14.0,0.0,0.0,0.0,0.0,62.5861,0.0,45.9782,0.0,0.0
2950.0,1.755,0.0944,1.0,0.0798,1.2018,1.8634,0.8634,2.2927,1.2927,21.8943,1.8758,21.559,1.8624,100.0,0.0,0.0,0.0,24.25,0.0,25.375,0.0,25.375,0.0,24.125,10.0,0.0,0.0089,53.0601,5.306,2.0,194.9023,1.9159,1.4921,1.5264,1.2001,1.4946,0.0004,1.8458,0.0007,2.7393,11.0,0.0714,1.0019,0.182,2.4819,0.0061,1.0053,0.0527,1.9435,0.0,0.0,0.0,29.98,25.0,24.0,37.0,37.0,14.0,0.0,0.0,0.0,0.0,62.5858,0.0,45.9777,0.0,0.0
2951.0,1.7551,0.0944,1.0,0.0797,1.2015,1.8629,0.8629,2.2926,1.2926,22.0022,1.8801,21.573,1.8629,100.0,0.0,0.0,0.0,24.375,0.0,25.375,0.0,25.25,0.0,24.25,10.0,0.0,0.0074,53.06,5.306,2.0,198.0183,1.9187,1.4761,1.5247,1.2188,1.4966,0.0004,1.8489,0.0007,2.7488,11.0,0.0692,1.0018,0.2364,2.5956,0.0065,1.032,0.0607,2.0052,0.0,0.0,0.0,29.9802,25.0,24.0,37.0,37.0,14.0,0.0,0.0,0.0,0.0,62.5856,0.0,45.9783,0.0,0.0
2952.0,1.7546,0.0943,1.0,0.0796,1.2011,1.8624,0.8624,2.2931,1.2931,22.1143,1.8846,21.5669,1.8627,100.0,0.0,0.0,0.0,24.25,0.0,25.5,0.0,25.375,0.0,24.25,10.0,0.0,0.0078,53.06,5.306,2.0,199.8167,1.9203,1.3771,1.5139,1.2285,1.4977,0.0004,1.8519,0.0007,2.761,11.0,0.0682,1.0018,0.2364,2.5955,0.0062,1.0157,0.0581,1.9859,0.0,0.0,0.0,29.98,25.0,24.0,37.0,36.0,13.0,0.0,0.0,0.0,0.0,62.5857,0.0,45.9776,0.0,0.0
2953.0,1.7552,0.0944,1.0,0.0795,1.201,1.8633,0.8633,2.293,1.293,22.0909,1.8836,21.5636,1.8625,100.0,0.0,0.0,0.0,24.25,0.0,25.5,0.0,25.25,0.0,24.25,10.0,0.0,0.0083,53.0595,5.3059,2.0,199.8878,1.9203,1.2975,1.5052,1.2499,1.5,0.0004,1.8557,0.0007,2.7747,11.0,0.0634,1.0017,0.2708,2.6545,0.0067,1.0486,0.0594,1.9953,0.0,0.0,0.0,29.9806,25.0,24.0,37.0,36.0,14.0,0.0,0.0,0.0,0.0,62.5852,0.0,45.9773,0.0,0.0
2954.0,1.7552,0.0944,1.0,0.0793,1.2004,1.8637,0.8637,2.2929,1.2929,21.9956,1.8798,21.5595,1.8624,100.0,0.0,0.0,0.0,24.25,0.0,25.375,0.0,25.25,0.0,24.25,10.0,0.0,0.0079,53.0594,5.3059,2.0,202.0473,1.9222,1.223,1.4971,1.2607,1.5012,0.0004,1.8589,0.0007,2.7872,11.0,0.0629,1.0017,0.2851,2.6768,0.0056,0.9719,0.0578,1.9838,0.0,0.0,0.0,29.9801,25.0,24.0,37.0,36.0,14.0,0.0,0.0,0.0,0.0,62.5852,0.0,45.9772,0.0,0.0
2955.0,1.7551,0.0944,1.0,0.0793,1.2003,1.8634,0.8634,2.2927,1.2927,21.8733,1.8749,21.5572,1.8623,100.0,0.0,0.0,0.0,24.25,0.0,25.375,0.0,25.375,0.0,24.25,10.0,0.0,0.0082,53.0593,5.3059,2.0,205.0961,1.9248,1.3956,1.5159,1.2832,1.5036,0.0004,1.8627,0.0007,2.8033,11.0,0.0591,1.0016,0.2568,2.6315,0.0067,1.0449,0.0508,1.9273,0.0,0.0,0.0,29.9802,25.0,24.0,37.0,36.0,14.0,0.0,0.0,0.0,0.0,62.5855,0.0,45.9772,0.0,0.0
2956.0,1.7552,0.0944,1.0,0.0796,1.2012,1.863,0.863,2.2926,1.2926,21.9373,1.8775,21.5778,1.8631,100.0,0.0,0.0,0.0,24.125,0.0,25.375,0.0,25.25,0.0,24.25,10.0,0.0,0.0085,53.0592,5.3059,2.0,210.8945,1.9296,1.4675,1.5237,1.2938,1.5048,0.0004,1.866,0.0007,2.8168,11.0,0.0599,1.0016,0.2257,2.5754,0.0066,1.0416,0.0498,1.9187,0.0,0.0,0.0,29.9801,25.0,24.0,37.0,36.0,13.0,0.0,0.0,0.0,0.0,62.5856,0.0,45.9776,0.0,0.0
2957.0,1.7582,0.0948,1.0,0.0795,1.2008,1.8628,0.8628,2.2927,1.2927,22.0964,1.8839,21.5799,1.8632,100.0,0.0,0.0,0.0,24.25,0.0,25.375,0.0,25.375,0.0,24.25,10.0,0.0,0.0087,53.0592,5.3059,2.0,213.2295,1.9315,1.3596,1.512,1.3025,1.5057,0.0004,1.8692,0.0007,2.8309,11.0,0.0609,1.0016,0.1963,2.5148,0.0069,1.0632,0.0484,1.9066,0.0,0.0,0.0,29.9801,25.0,24.0,37.0,36.0,13.0,0.0,0.0,0.0,0.0,62.5858,0.0,45.9778,0.0,0.0
2958.0,1.7583,0.0948,1.0,0.0795,1.2008,1.8632,0.8632,2.2927,1.2927,22.1061,1.8842,21.5651,1.8626,100.0,0.0,0.0,0.0,24.25,0.0,25.375,0.0,25.25,0.0,24.375,10.0,0.0,0.0076,53.0586,5.3059,2.0,214.7249,1.9328,1.3676,1.5128,1.3091,1.5064,0.0004,1.8729,0.0007,2.8449,11.0,0.0584,1.0016,0.2224,2.569,0.0057,0.9781,0.0436,1.861,0.0,0.0,0.0,29.9801,25.0,24.0,37.0,36.0,15.0,0.0,0.0,0.0,0.0,62.5859,0.0,45.9778,0.0,0.0
2959.0,1.7591,0.0949,1.0,0.0796,1.2013,1.8634,0.8634,2.2929,1.2929,22.0194,1.8808,21.5603,1.8624,100.0,0.0,0.0,0.0,24.25,0.0,25.375,0.0,25.375,0.0,24.25,10.0,0.0,0.0083,53.0586,5.3059,2.0,218.3841,1.9357,1.3697,1.5131,1.3111,1.5067,0.0004,1.876,0.0007,2.8611,11.0,0.0619,1.0017,0.2248,2.5737,0.0061,1.0071,0.0467,1.8909,0.0,0.0,0.0,29.9801,25.0,24.0,37.0,36.0,13.0,0.0,0.0,0.0,0.0,62.5857,0.0,45.9781,0.0,0.0
2960.0,1.7604,0.095,1.0,0.0797,1.2016,1.8634,0.8634,2.2928,1.2928,21.8998,1.876,21.5464,1.8619,100.0,0.0,0.0,0.0,24.25,0.0,25.375,0.0,25.25,0.0,24.25,10.0,0.0,0.0085,53.0584,5.3058,2.0,221.5208,1.9382,1.3155,1.5071,1.3071,1.5062,0.0004,1.8796,0.0007,2.8818,11.0,0.0659,1.0018,0.2,2.523,0.0061,1.0074,0.0412,1.8371,0.0,0.0,0.0,29.9803,25.0,24.0,37.0,36.0,13.0,0.0,0.0,0.0,0.0,62.5859,0.0,45.9777,0.0,0.0
2961.0,1.7593,0.0949,1.0,0.0799,1.202,1.8631,0.8631,2.2922,1.2922,21.9429,1.8777,21.5762,1.863,100.0,0.0,0.0,0.0,24.25,0.0,25.375,0.0,25.25,0.0,24.125,10.0,0.0,0.008,53.0582,5.3058,2.0,223.7194,1.9399,1.3112,1.5067,1.3069,1.5062,0.0004,1.8829,0.0007,2.8928,11.0,0.0687,1.0018,0.1974,2.5171,0.006,0.9965,0.0403,1.8277,0.0,0.0,0.0,29.9808,25.0,24.0,37.0,36.0,15.0,0.0,0.0,0.0,0.0,62.5858,0.0,45.9778,0.0,0.0
2962.0,1.76,0.095,1.0,0.0796,1.2012,1.8628,0.8628,2.2926,1.2926,22.1014,1.8841,21.5807,1.8632,100.0,0.0,0.0,0.0,24.25,0.0,25.5,0.0,25.25,0.0,24.25,10.0,0.0,0.0068,53.0579,5.3058,2.0,226.402,1.942,1.2528,1.5003,1.3008,1.5055,0.0005,1.8859,0.0007,2.9054,11.0,0.0698,1.0019,0.1747,2.4642,0.0067,1.0509,0.0397,1.8209,0.0,0.0,0.0,29.9803,25.0,24.0,37.0,36.0,13.0,0.0,0.0,0.0,0.0,62.5855,0.0,45.9778,0.0,0.0
2963.0,1.7572,0.0946,1.0,0.0796,1.2011,1.8628,0.8628,2.2933,1.2933,22.1117,1.8845,21.5571,1.8623,100.0,0.0,0.0,0.0,24.375,0.0,25.375,0.0,25.25,0.0,24.25,10.0,0.0,0.0072,53.0576,5.3058,2.0,227.92,1.9431,1.2651,1.5016,1.299,1.5053,0.0005,1.8892,0.0007,2.9294,11.0,0.0643,1.0017,0.184,2.4866,0.0066,1.0413,0.0359,1.7772,0.0,0.0,0.0,29.98,25.0,24.0,37.0,36.0,14.0,0.0,0.0,0.0,0.0,62.5853,0.0,45.9781,0.0,0.0
2964.0,1.7552,0.0944,1.0,0.0795,1.2008,1.8634,0.8634,2.2929,1.2929,22.0266,1.8811,21.5601,1.8624,100.0,0.0,0.0,0.0,24.375,0.0,25.5,0.0,25.25,0.0,24.25,10.0,0.0,0.0077,53.0576,5.3058,2.0,231.3236,1.9457,1.2821,1.5035,1.2901,1.5044,0.0005,1.8918,0.0007,2.9372,11.0,0.0648,1.0017,0.1446,2.382,0.0063,1.018,0.0365,1.7839,0.0,0.0,0.0,29.98,25.0,24.0,37.0,36.0,14.0,0.0,0.0,0.0,0.0,62.5859,0.0,45.9776,0.0,0.0
2965.0,1.7541,0.0943,1.0,0.0795,1.201,1.8633,0.8633,2.2928,1.2928,21.9132,1.8765,21.5469,1.8619,100.0,0.0,0.0,0.0,24.25,0.0,25.375,0.0,25.25,0.0,24.25,10.0,0.0,0.0076,53.0573,5.3057,2.0,236.1636,1.9493,1.3322,1.509,1.2862,1.504,0.0005,1.8947,0.0007,2.9525,11.0,0.0596,1.0016,0.15,2.3979,0.0066,1.0395,0.0372,1.792,0.0,0.0,0.0,29.9793,25.0,24.0,37.0,36.0,13.0,0.0,0.0,0.0,0.0,62.5855,0.0,45.9775,0.0,0.0
2966.0,1.754,0.0943,1.0,0.0795,1.2008,1.8632,0.8632,2.2926,1.2926,21.9075,1.8763,21.5724,1.8629,100.0,0.0,0.0,0.0,24.25,0.0,25.375,0.0,25.25,0.0,24.25,10.0,0.0,0.0078,53.057,5.3057,2.0,237.7183,1.9504,1.2488,1.4999,1.2717,1.5024,0.0005,1.8978,0.0007,2.9698,11.0,0.0596,1.0016,0.1427,2.3763,0.0058,0.9859,0.0314,1.7189,0.0,0.0,0.0,29.9795,25.0,24.0,37.0,36.0,15.0,0.0,0.0,0.0,0.0,62.5854,0.0,45.9775,0.0,0.0
2967.0,1.755,0.0944,1.0,0.0798,1.2018,1.8628,0.8628,2.2925,1.2925,22.0681,1.8827,21.5851,1.8634,100.0,0.0,0.0,0.0,24.25,0.0,25.375,0.0,25.25,0.0,24.25,10.0,0.0,0.0077,53.0573,5.3057,2.0,241.2719,1.953,1.3079,1.5063,1.2663,1.5018,0.0005,1.9007,0.0007,2.9819,11.0,0.0597,1.0016,0.1321,2.3429,0.0063,1.0187,0.0355,1.7723,0.0,0.0,0.0,29.9797,25.0,24.0,37.0,36.0,13.0,0.0,0.0,0.0,0.0,62.5858,0.0,45.9775,0.0,0.0
2968.0,1.755,0.0944,1.0,0.0797,1.2013,1.8631,0.8631,2.2926,1.2926,22.1213,1.8849,21.5679,1.8627,100.0,0.0,0.0,0.0,24.25,0.0,25.375,0.0,25.375,0.0,24.125,10.0,0.0,0.0069,53.0571,5.3057,2.0,243.6557,1.9547,1.2284,1.4976,1.2534,1.5004,0.0005,1.9037,0.0008,3.0012,11.0,0.061,1.0016,0.1209,2.3044,0.0051,0.9263,0.032,1.7276,0.0,0.0,0.0,29.9795,24.0,24.0,37.0,36.0,12.0,0.0,0.0,0.0,0.0,62.5852,0.0,45.9776,0.0,0.0
2969.0,1.7541,0.0943,1.0,0.0797,1.2015,1.8634,0.8634,2.2928,1.2928,22.0491,1.882,21.5616,1.8625,100.0,0.0,0.0,0.0,24.25,0.0,25.375,0.0,25.25,0.0,24.25,10.0,0.0,0.008,53.0568,5.3056,2.0,244.7449,1.9555,1.1329,1.4872,1.2491,1.4999,0.0005,1.9065,0.0008,3.0154,11.0,0.0591,1.0016,0.1118,2.2701,0.0065,1.0376,0.0258,1.6336,0.0,0.0,0.0,29.9799,24.0,24.0,37.0,36.0,13.0,0.0,0.0,0.0,0.0,62.5854,0.0,45.9779,0.0,0.0
2970.0,1.7511,0.0939,1.0,0.0797,1.2015,1.8635,0.8635,2.2928,1.2928,21.934,1.8774,21.5576,1.8623,100.0,0.0,0.0,0.0,24.25,0.0,25.375,0.0,25.25,0.0,24.25,10.0,0.0,0.0076,53.0564,5.3056,2.0,245.5901,1.9561,0.9976,1.4725,1.2422,1.4992,0.0005,1.9096,0.0008,3.0279,11.0,0.0642,1.0017,0.1279,2.3288,0.0066,1.0403,0.0294,1.6903,0.0,0.0,0.0,29.9798,24.0,24.0,37.0,36.0,14.0,0.0,0.0,0.0,0.0,62.5852,0.0,45.9776,0.0,0.0
2971.0,1.7518,0.094,1.0,0.0797,1.2014,1.8633,0.8633,2.2926,1.2926,21.8985,1.8759,21.5688,1.8628,100.0,0.0,0.0,0.0,24.25,0.0,25.5,0.0,25.25,0.0,24.25,10.0,0.0,0.0078,53.0564,5.3056,2.0,249.5654,1.9589,1.1323,1.4872,1.237,1.4986,0.0005,1.9127,0.0008,3.0445,11.0,0.0663,1.0018,0.1189,2.2971,0.0052,0.9414,0.025,1.6203,0.0,0.0,0.0,29.9798,24.0,24.0,37.0,36.0,13.0,0.0,0.0,0.0,0.0,62.5856,0.0,45.9778,0.0,0.0
2972.0,1.751,0.0939,1.0,0.0799,1.2021,1.8629,0.8629,2.2925,1.2925,22.0716,1.8829,21.5837,1.8633,100.0,0.0,0.0,0.0,24.25,0.0,25.5,0.0,25.25,0.0,24.125,10.0,0.0,0.0078,53.0561,5.3056,2.0,251.417,1.9602,1.0221,1.4751,1.2274,1.4975,0.0005,1.9161,0.0008,3.0631,11.0,0.0697,1.0019,0.1163,2.2875,0.0065,1.0323,0.0405,1.829,0.0,0.0,0.0,29.9802,25.0,24.0,37.0,36.0,14.0,0.0,0.0,0.0,0.0,62.5861,0.0,45.9778,0.0,0.0
2973.0,1.752,0.094,1.0,0.0796,1.2011,1.863,0.863,2.2929,1.2929,22.1253,1.885,21.5698,1.8628,100.0,0.0,0.0,0.0,24.25,0.0,25.5,0.0,25.25,0.0,24.25,10.0,0.0,0.0076,53.0559,5.3056,2.0,253.6739,1.9617,1.065,1.4798,1.2237,1.4971,0.0005,1.9188,0.0008,3.0771,11.0,0.0675,1.0018,0.0883,2.1678,0.0058,0.983,0.037,1.7899,0.0,0.0,0.0,29.9794,25.0,24.0,37.0,36.0,14.0,0.0,0.0,0.0,0.0,62.5859,0.0,45.978,0.0,0.0
2974.0,1.7513,0.0939,1.0,0.0795,1.2009,1.8633,0.8633,2.2929,1.2929,22.0632,1.8825,21.5601,1.8624,100.0,0.0,0.0,0.0,24.125,0.0,25.5,0.0,25.25,0.0,24.25,10.0,0.0,0.0079,53.0561,5.3056,2.0,257.9577,1.9646,1.1979,1.4943,1.2144,1.4961,0.0005,1.9211,0.0008,3.0901,11.0,0.0671,1.0018,0.1022,2.2311,0.0053,0.9476,0.0366,1.7856,0.0,0.0,0.0,29.98,25.0,24.0,37.0,36.0,13.0,0.0,0.0,0.0,0.0,62.5851,0.0,45.978,0.0,0.0
2975.0,1.7501,0.0938,1.0,0.0795,1.2008,1.8634,0.8634,2.2928,1.2928,21.9368,1.8775,21.5581,1.8623,100.0,0.0,0.0,0.0,24.25,0.0,25.375,0.0,25.25,0.0,24.125,10.0,0.0,0.0075,53.0555,5.3055,2.0,263.2775,1.9682,1.2327,1.4981,1.2003,1.4946,0.0005,1.9241,0.0008,3.1067,11.0,0.0591,1.0016,0.0899,2.1757,0.006,1.0024,0.0366,1.7848,0.0,0.0,0.0,29.9796,25.0,24.0,37.0,36.0,14.0,0.0,0.0,0.0,0.0,62.585,0.0,45.9776,0.0,0.0
2976.0,1.7514,0.0939,1.0,0.0794,1.2006,1.8634,0.8634,2.2922,1.2922,21.8747,1.875,21.5646,1.8626,100.0,0.0,0.0,0.0,24.25,0.0,25.375,0.0,25.25,0.0,24.25,10.0,0.0,0.0078,53.0555,5.3055,2.0,266.3926,1.9702,1.2655,1.5017,1.1857,1.493,0.0005,1.9264,0.0008,3.1197,11.0,0.0594,1.0016,0.0945,2.1974,0.0069,1.0601,0.0311,1.7143,0.0,0.0,0.0,29.9793,25.0,24.0,37.0,36.0,14.0,0.0,0.0,0.0,0.0,62.5848,0.0,45.9775,0.0,0.0
2977.0,1.7505,0.0938,1.0,0.0797,1.2015,1.8629,0.8629,2.2926,1.2926,22.011,1.8804,21.5834,1.8633,100.0,0.0,0.0,0.0,24.25,0.0,25.375,0.0,25.25,0.0,24.25,10.0,0.0,0.008,53.0552,5.3055,2.0,270.4664,1.9728,1.2663,1.5018,1.1748,1.4918,0.0005,1.929,0.0008,3.1371,11.0,0.0617,1.0016,0.0886,2.1691,0.0064,1.0282,0.0306,1.7077,0.0,0.0,0.0,29.9801,25.0,24.0,37.0,36.0,13.0,0.0,0.0,0.0,0.0,62.5856,0.0,45.9777,0.0,0.0
2978.0,1.7469,0.0934,1.0,0.0798,1.2018,1.8631,0.8631,2.2929,1.2929,22.1228,1.8849,21.5682,1.8627,100.0,0.0,0.0,0.0,24.25,0.0,25.375,0.0,25.25,0.0,24.125,10.0,0.0,0.0081,53.0551,5.3055,2.0,273.3814,1.9747,1.1657,1.4908,1.1605,1.4902,0.0006,1.9324,0.0008,3.1613,11.0,0.0623,1.0017,0.0703,2.0686,0.0059,0.9907,0.035,1.7655,0.0,0.0,0.0,29.9795,25.0,24.0,37.0,36.0,14.0,0.0,0.0,0.0,0.0,62.5857,0.0,45.9776,0.0,0.0
2979.0,1.7468,0.0933,1.0,0.0797,1.2013,1.8633,0.8633,2.2929,1.2929,22.0657,1.8826,21.5599,1.8624,100.0,0.0,0.0,0.0,24.25,0.0,25.5,0.0,25.375,0.0,24.25,10.0,0.0,0.0076,53.055,5.3055,2.0,275.745,1.9762,1.1182,1.4856,1.1455,1.4886,0.0006,1.9345,0.0008,3.1712,11.0,0.0654,1.0017,0.0733,2.0867,0.0062,1.012,0.0319,1.7259,0.0,0.0,0.0,29.9799,25.0,24.0,37.0,36.0,14.0,0.0,0.0,0.0,0.0,62.5857,0.0,45.9776,0.0,0.0
2980.0,1.7481,0.0935,1.0,0.0798,1.2018,1.8635,0.8635,2.2929,1.2929,21.9675,1.8787,21.5586,1.8623,100.0,0.0,0.0,0.0,24.375,0.0,25.375,0.0,25.375,0.0,24.25,10.0,0.0,0.008,53.0548,5.3055,2.0,275.9004,1.9763,0.9483,1.4671,1.1252,1.4864,0.0006,1.9367,0.0008,3.183,11.0,0.0622,1.0017,0.0712,2.0744,0.0058,0.9872,0.029,1.6848,0.0,0.0,0.0,29.9798,25.0,24.0,37.0,36.0,14.0,0.0,0.0,0.0,0.0,62.5854,0.0,45.9773,0.0,0.0
2981.0,1.7501,0.0938,1.0,0.0797,1.2015,1.8638,0.8638,2.2923,1.2923,21.8823,1.8753,21.5735,1.8629,100.0,0.0,0.0,0.0,24.25,0.0,25.5,0.0,25.25,0.0,24.25,10.0,0.0,0.0072,53.0549,5.3055,2.0,275.809,1.9762,0.8493,1.4563,1.1123,1.485,0.0006,1.9392,0.0008,3.2046,11.0,0.0639,1.0017,0.0595,1.9964,0.0059,0.9928,0.0291,1.6862,0.0,0.0,0.0,29.9796,25.0,24.0,37.0,36.0,13.0,0.0,0.0,0.0,0.0,62.5861,0.0,45.9778,0.0,0.0
2982.0,1.7516,0.0939,1.0,0.0798,1.2017,1.8631,0.8631,2.2923,1.2923,22.0359,1.8814,21.5898,1.8636,100.0,0.0,0.0,0.0,24.25,0.0,25.5,0.0,25.25,0.0,24.25,10.0,0.0,0.0075,53.0543,5.3054,2.0,276.7025,1.9768,0.7745,1.4481,1.0964,1.4832,0.0006,1.9423,0.0008,3.2182,11.0,0.0678,1.0018,0.0636,2.0252,0.0057,0.9747,0.0256,1.6304,0.0,0.0,0.0,29.9792,25.0,24.0,37.0,36.0,12.0,0.0,0.0,0.0,0.0,62.5854,0.0,45.9772,0.0,0.0
2983.0,1.7532,0.0941,1.0,0.0799,1.2019,1.8629,0.8629,2.2928,1.2928,22.1321,1.8853,21.5741,1.863,100.0,0.0,0.0,0.0,24.25,0.0,25.375,0.0,25.25,0.0,24.25,10.0,0.0,0.0073,53.054,5.3054,2.0,277.1173,1.9771,0.7652,1.4471,1.0902,1.4826,0.0006,1.9444,0.0008,3.2362,11.0,0.0683,1.0018,0.1076,2.2535,0.0061,1.008,0.0261,1.6389,0.0,0.0,0.0,29.9798,25.0,24.0,37.0,36.0,13.0,0.0,0.0,0.0,0.0,62.5857,0.0,45.9776,0.0,0.0
2984.0,1.7551,0.0944,1.0,0.0795,1.2008,1.8633,0.8633,2.2929,1.2929,22.0936,1.8837,21.5635,1.8625,100.0,0.0,0.0,0.0,24.25,0.0,25.375,0.0,25.25,0.0,24.25,10.0,0.0,0.0077,53.0535,5.3053,2.0,280.3717,1.9791,0.8515,1.4565,1.0718,1.4806,0.0006,1.9463,0.0008,3.2431,11.0,0.067,1.0018,0.1457,2.3852,0.006,1.0002,0.0233,1.5886,0.0,0.0,0.0,29.9797,25.0,24.0,37.0,36.0,15.0,0.0,0.0,0.0,0.0,62.5853,0.0,45.9781,0.0,0.0
2985.0,1.7552,0.0944,1.0,0.0797,1.2013,1.8637,0.8637,2.2924,1.2924,21.9927,1.8797,21.5592,1.8624,100.0,0.0,0.0,0.0,24.25,0.0,25.375,0.0,25.375,0.0,24.25,10.0,0.0,0.0084,53.0538,5.3054,2.0,283.8781,1.9813,0.8945,1.4612,1.0668,1.48,0.0006,1.9489,0.0008,3.2626,11.0,0.0662,1.0018,0.1052,2.2438,0.0065,1.0326,0.042,1.8454,0.0,0.0,0.0,29.9799,25.0,24.0,37.0,36.0,13.0,0.0,0.0,0.0,0.0,62.5852,0.0,45.9779,0.0,0.0
2986.0,1.756,0.0945,1.0,0.0795,1.201,1.8634,0.8634,2.2923,1.2923,21.88,1.8752,21.5578,1.8623,100.0,0.0,0.0,0.0,24.25,0.0,25.375,0.0,25.375,0.0,24.25,10.0,0.0,0.0075,53.0535,5.3053,2.0,289.8755,1.9849,1.0746,1.4809,1.0505,1.4782,0.0006,1.951,0.0009,3.2828,11.0,0.0619,1.0017,0.1125,2.2732,0.006,1.001,0.0334,1.7452,0.0,0.0,0.0,29.98,25.0,24.0,37.0,36.0,13.0,0.0,0.0,0.0,0.0,62.5856,0.0,45.9775,0.0,0.0
2987.0,1.7559,0.0945,1.0,0.0795,1.201,1.863,0.863,2.2926,1.2926,21.9619,1.8785,21.578,1.8631,100.0,0.0,0.0,0.0,24.25,0.0,25.375,0.0,25.25,0.0,24.25,10.0,0.0,0.0086,53.0532,5.3053,2.0,294.2074,1.9875,1.0826,1.4817,1.0345,1.4765,0.0006,1.9532,0.0009,3.2883,11.0,0.0599,1.0016,0.1021,2.2309,0.0061,1.0046,0.039,1.8132,0.0,0.0,0.0,29.9799,25.0,24.0,37.0,36.0,14.0,0.0,0.0,0.0,0.0,62.5859,0.0,45.9778,0.0,0.0
2988.0,1.758,0.0948,1.0,0.0792,1.2,1.8628,0.8628,2.2923,1.2923,22.1183,1.8847,21.5762,1.863,100.0,0.0,0.0,0.0,24.25,0.0,25.375,0.0,25.25,0.0,24.25,10.0,0.0,0.0085,53.0532,5.3053,2.0,297.7694,1.9896,1.0395,1.477,1.0124,1.4741,0.0006,1.9553,0.0009,3.3078,11.0,0.0588,1.0016,0.0876,2.1644,0.0065,1.0367,0.0336,1.7485,0.0,0.0,0.0,29.9796,25.0,24.0,37.0,36.0,14.0,0.0,0.0,0.0,0.0,62.5859,0.0,45.9777,0.0,0.0
2989.0,1.7604,0.0951,1.0,0.0795,1.2009,1.8632,0.8632,2.2929,1.2929,22.1019,1.8841,21.5654,1.8626,100.0,0.0,0.0,0.0,24.25,0.0,25.375,0.0,25.375,0.0,24.125,10.0,0.0,0.0077,53.0531,5.3053,2.0,300.2622,1.991,1.0253,1.4755,1.0011,1.4728,0.0006,1.9574,0.0009,3.3249,11.0,0.0616,1.0016,0.0948,2.1987,0.006,0.9972,0.0466,1.8899,0.0,0.0,0.0,29.9797,25.0,24.0,37.0,36.0,14.0,0.0,0.0,0.0,0.0,62.5856,0.0,45.9778,0.0,0.0
2990.0,1.7605,0.0951,1.0,0.0795,1.2009,1.8634,0.8634,2.2929,1.2929,22.0019,1.8801,21.5603,1.8624,100.0,0.0,0.0,0.0,24.25,0.0,25.375,0.0,25.25,0.0,24.25,10.0,0.0,0.008,53.0534,5.3053,2.0,301.7704,1.9919,0.955,1.4678,0.9922,1.4719,0.0006,1.9599,0.0009,3.3427,11.0,0.0583,1.0016,0.0854,2.1534,0.0058,0.9881,0.0495,1.9165,0.0,0.0,0.0,29.9799,25.0,24.0,37.0,36.0,14.0,0.0,0.0,0.0,0.0,62.5857,16.0,46.0389,0.0,0.0
2991.0,1.7604,0.0951,1.0,0.0796,1.2013,1.8634,0.8634,2.2924,1.2924,21.8793,1.8752,21.558,1.8623,100.0,0.0,0.0,0.0,24.25,0.0,25.625,0.0,25.25,0.0,24.25,10.0,0.0,0.008,53.053,5.3053,2.0,302.3163,1.9922,0.8703,1.4586,0.9898,1.4716,0.0006,1.9622,0.0009,3.3593,11.0,0.0617,1.0016,0.0817,2.1342,0.0061,1.0104,0.045,1.8751,0.0,0.0,0.0,29.9796,25.0,24.0,37.0,36.0,13.0,0.0,0.0,0.0,0.0,62.5855,16.0,46.2181,0.0,0.0
2992.0,1.7615,0.0952,1.0,0.0793,1.2003,1.8633,0.8633,2.2923,1.2923,21.9628,1.8785,21.5783,1.8631,100.0,0.0,0.0,0.0,24.25,0.0,25.375,0.0,25.25,0.0,24.25,10.0,0.0,0.0086,53.0526,5.3053,2.0,305.6428,1.9941,0.9061,1.4625,0.9805,1.4706,0.0006,1.9647,0.0009,3.3761,11.0,0.0588,1.0016,0.0721,2.0796,0.0065,1.0341,0.0443,1.8687,0.0,0.0,0.0,29.9796,25.0,24.0,37.0,36.0,13.0,0.0,0.0,0.0,0.0,62.5859,0.0,46.3678,0.0,0.0
2993.0,1.7605,0.0951,1.0,0.0795,1.2008,1.8631,0.8631,2.2924,1.2924,22.119,1.8848,21.5771,1.8631,100.0,0.0,0.0,0.0,24.25,0.0,25.375,0.0,25.25,0.0,24.25,10.0,0.0,0.0083,53.0525,5.3052,2.0,309.0888,1.996,0.9372,1.4659,0.97,1.4695,0.0006,1.9668,0.0009,3.391,11.0,0.0585,1.0016,0.0854,2.1532,0.0061,1.004,0.0441,1.8661,0.0,0.0,0.0,29.9798,25.0,24.0,37.0,36.0,11.0,0.0,0.0,0.0,0.0,62.5856,0.0,46.3684,0.0,0.0
2994.0,1.7594,0.0949,1.0,0.0793,1.2004,1.8633,0.8633,2.2931,1.2931,22.1139,1.8846,21.5675,1.8627,100.0,0.0,0.0,0.0,24.25,0.0,25.5,0.0,25.25,0.0,24.25,10.0,0.0,0.0084,53.0523,5.3052,2.0,311.1924,1.9972,0.9233,1.4644,0.9631,1.4687,0.0006,1.9686,0.0009,3.4024,11.0,0.0598,1.0016,0.0692,2.0617,0.0054,0.9579,0.0418,1.8426,0.0,0.0,0.0,29.9797,25.0,24.0,37.0,36.0,13.0,0.0,0.0,0.0,0.0,62.5854,0.0,46.3684,0.0,0.0
2995.0,1.7584,0.0948,1.0,0.0797,1.2014,1.8638,0.8638,2.2925,1.2925,22.0114,1.8805,21.5682,1.8627,100.0,0.0,0.0,0.0,24.25,0.0,25.375,0.0,25.25,0.0,24.125,10.0,0.0,0.0078,53.0522,5.3052,2.0,313.6021,1.9986,0.9145,1.4634,0.9513,1.4674,0.0007,1.9709,0.0009,3.4281,11.0,0.0618,1.0016,0.0749,2.0961,0.0064,1.0282,0.0526,1.9432,0.0,0.0,0.0,29.98,25.0,24.0,37.0,36.0,15.0,0.0,0.0,0.0,0.0,62.5863,0.0,46.368,0.0,0.0
2996.0,1.7594,0.0949,1.0,0.0798,1.2017,1.8638,0.8638,2.2924,1.2924,21.907,1.8763,21.5573,1.8623,100.0,0.0,0.0,0.0,24.25,0.0,25.375,0.0,25.375,0.0,24.25,10.0,0.0,0.0087,53.052,5.3052,2.0,316.5091,2.0002,0.7947,1.4503,0.9391,1.4661,0.0007,1.9729,0.0009,3.4419,11.0,0.0609,1.0016,0.0686,2.0579,0.0061,1.0052,0.0559,1.969,0.0,0.0,0.0,29.9798,25.0,24.0,37.0,36.0,14.0,0.0,0.0,0.0,0.0,62.5861,0.0,46.3687,0.0,0.0
2997.0,1.7603,0.095,1.0,0.0797,1.2014,1.8634,0.8634,2.2922,1.2922,21.9233,1.8769,21.5846,1.8634,100.0,0.0,0.0,0.0,24.25,0.0,25.375,0.0,25.25,0.0,24.25,10.0,0.0,0.0081,53.0518,5.3052,2.0,316.9965,2.0004,0.7774,1.4484,0.9256,1.4646,0.0007,1.9752,0.0009,3.4544,11.0,0.0636,1.0017,0.0646,2.0321,0.0069,1.0605,0.053,1.9461,0.0,0.0,0.0,29.9795,24.0,24.0,37.0,36.0,14.0,0.0,0.0,0.0,0.0,62.5857,0.0,46.3678,0.0,0.0
2998.0,1.7596,0.095,1.0,0.0798,1.2017,1.8632,0.8632,2.2922,1.2922,22.091,1.8836,21.5924,1.8637,100.0,0.0,0.0,0.0,24.25,0.0,25.375,0.0,25.25,0.0,24.125,10.0,0.0,0.0077,53.0521,5.3052,2.0,318.3397,2.0012,0.8019,1.4511,0.9165,1.4636,0.0007,1.9769,0.0009,3.4646,11.0,0.0647,1.0017,0.0665,2.0447,0.0063,1.0216,0.0543,1.9563,0.0,0.0,0.0,29.9792,24.0,24.0,37.0,36.0,16.0,0.0,0.0,0.0,0.0,62.5855,0.0,46.3685,0.0,0.0
2999.0,1.76,0.095,1.0,0.0796,1.2011,1.8635,0.8635,2.2926,1.2926,22.1183,1.8847,21.5769,1.8631,100.0,0.0,0.0,0.0,24.25,0.0,25.375,0.0,25.25,0.0,24.25,10.0,0.0,0.0078,53.0516,5.3051,2.0,323.1436,2.0038,0.8245,1.4536,0.9226,1.4643,0.0007,1.9792,0.0009,3.4881,11.0,0.0653,1.0017,0.1416,2.373,0.0062,1.0154,0.0583,1.9872,0.0,0.0,0.0,29.9797,24.0,24.0,37.0,36.0,13.0,0.0,0.0,0.0,0.0,62.5855,0.0,46.3679,0.0,0.0
3000.0,1.7625,0.0953,1.0,0.0797,1.2014,1.8638,0.8638,2.2925,1.2925,22.0108,1.8804,21.5656,1.8626,100.0,0.0,0.0,0.0,24.25,0.0,25.375,0.0,25.25,0.0,24.25,10.0,0.0,0.0082,53.0515,5.3051,2.0,324.9933,2.0047,0.9158,1.4635,0.9275,1.4648,0.0007,1.982,0.0009,3.5105,11.0,0.068,1.0018,0.1294,2.3337,0.007,1.066,0.0549,1.9611,0.0,0.0,0.0,29.9793,24.0,24.0,37.0,36.0,13.0,0.0,0.0,0.0,0.0,62.5853,0.0,46.3683,0.0,0.0
3001.0,1.7637,0.0955,1.0,0.0793,1.2004,1.8638,0.8638,2.2925,1.2925,21.9174,1.8767,21.5655,1.8626,100.0,0.0,0.0,0.0,24.25,0.0,25.375,0.0,25.375,0.0,24.25,10.0,0.0,0.008,53.0514,5.3051,2.0,330.2935,2.0076,0.8662,1.4581,0.9397,1.4661,0.0007,1.984,0.0009,3.52,11.0,0.0623,1.0017,0.1045,2.2412,0.0061,1.007,0.0535,1.9501,0.0,0.0,0.0,29.9792,24.0,24.0,37.0,36.0,13.0,0.0,0.0,0.0,0.0,62.5856,0.0,46.3681,0.0,0.0
3002.0,1.763,0.0954,1.0,0.0796,1.2012,1.8632,0.8632,2.2923,1.2923,21.9206,1.8768,21.5745,1.863,100.0,0.0,0.0,0.0,24.25,0.0,25.375,0.0,25.25,0.0,24.25,10.0,0.0,0.008,53.0514,5.3051,2.0,331.3605,2.0081,0.851,1.4565,0.9525,1.4675,0.0007,1.9868,0.001,3.542,11.0,0.0618,1.0016,0.1513,2.4016,0.0066,1.0384,0.056,1.9702,0.0,0.0,0.0,29.9793,24.0,24.0,37.0,36.0,13.0,0.0,0.0,0.0,0.0,62.5858,0.0,46.3679,0.0,0.0
3003.0,1.7621,0.0953,1.0,0.0797,1.2014,1.8632,0.8632,2.2926,1.2926,22.0765,1.8831,21.5946,1.8638,100.0,0.0,0.0,0.0,24.25,0.0,25.375,0.0,25.25,0.0,24.125,10.0,0.0,0.0082,53.0511,5.3051,2.0,336.6744,2.0109,0.9758,1.4701,0.9625,1.4686,0.0007,1.9891,0.001,3.5617,11.0,0.0616,1.0016,0.1624,2.4325,0.0061,1.0036,0.0501,1.9221,0.0,0.0,0.0,29.979,24.0,24.0,37.0,36.0,14.0,0.0,0.0,0.0,0.0,62.5861,0.0,46.3681,0.0,0.0
3004.0,1.7615,0.0952,1.0,0.0796,1.2011,1.8635,0.8635,2.2925,1.2925,22.1201,1.8848,21.5678,1.8627,100.0,0.0,0.0,0.0,24.25,0.0,25.5,0.0,25.25,0.0,24.25,10.0,0.0,0.0079,53.0509,5.305,2.0,340.9697,2.0131,0.9519,1.4675,0.9755,1.4701,0.0007,1.9917,0.001,3.581,11.0,0.0635,1.0017,0.1568,2.4171,0.0062,1.0139,0.059,1.9924,0.0,0.0,0.0,29.98,24.0,24.0,37.0,36.0,13.0,0.0,0.0,0.0,0.0,62.5854,0.0,46.3683,0.0,0.0
3005.0,1.7605,0.0951,1.0,0.0796,1.201,1.8638,0.8638,2.2925,1.2925,22.0516,1.8821,21.5699,1.8628,100.0,0.0,0.0,0.0,24.25,0.0,25.375,0.0,25.125,0.0,24.25,10.0,0.0,0.0077,53.0506,5.305,2.0,341.9027,2.0136,0.9197,1.464,0.9912,1.4718,0.0007,1.9942,0.001,3.5991,11.0,0.0631,1.0017,0.1552,2.4127,0.0059,0.9942,0.0643,2.0302,0.0,0.0,0.0,29.9797,25.0,24.0,37.0,36.0,14.0,0.0,0.0,0.0,0.0,62.5863,0.0,46.3679,0.0,0.0
3006.0,1.7604,0.0951,1.0,0.0798,1.2016,1.8638,0.8638,2.2924,1.2924,21.9415,1.8777,21.5661,1.8626,100.0,0.0,0.0,0.0,24.25,0.0,25.25,0.0,25.25,0.0,24.125,10.0,0.0,0.0076,53.0503,5.305,2.0,348.0404,2.0167,1.1027,1.4839,0.9917,1.4718,0.0007,1.9966,0.001,3.6229,11.0,0.0651,1.0017,0.1885,2.4972,0.0056,0.9706,0.0754,2.0991,0.0,0.0,0.0,29.9799,25.0,24.0,37.0,36.0,14.0,0.0,0.0,0.0,0.0,62.5857,0.0,46.3685,0.0,0.0
3007.0,1.7583,0.0948,1.0,0.0798,1.2016,1.8633,0.8633,2.2927,1.2927,21.8892,1.8756,21.5669,1.8627,100.0,0.0,0.0,0.0,24.25,0.0,25.25,0.0,25.25,0.0,24.25,10.0,0.0,0.0071,53.0502,5.305,2.0,354.0866,2.0196,1.0678,1.4801,1.0111,1.4739,0.0007,1.9994,0.001,3.643,11.0,0.0643,1.0017,0.1988,2.5202,0.006,1.0026,0.0697,2.0649,0.0,0.0,0.0,29.9791,25.0,24.0,37.0,36.0,13.0,0.0,0.0,0.0,0.0,62.5856,0.0,46.3684,0.0,0.0
3008.0,1.7573,0.0947,1.0,0.0796,1.2012,1.8628,0.8628,2.2925,1.2925,22.0615,1.8825,21.5838,1.8634,100.0,0.0,0.0,0.0,24.25,0.0,25.375,0.0,25.25,0.0,24.125,10.0,0.0,0.0073,53.0501,5.305,2.0,355.0983,2.0201,0.9786,1.4704,1.0021,1.473,0.0007,2.0021,0.001,3.6629,11.0,0.066,1.0018,0.1673,2.4455,0.0067,1.0453,0.0656,2.0384,0.0,0.0,0.0,29.9792,25.0,24.0,37.0,36.0,14.0,0.0,0.0,0.0,0.0,62.5854,0.0,46.3677,0.0,0.0
3009.0,1.7573,0.0947,1.0,0.0796,1.2011,1.8631,0.8631,2.293,1.293,22.1251,1.885,21.5694,1.8628,100.0,0.0,0.0,0.0,24.25,0.0,25.375,0.0,25.25,0.0,24.25,10.0,0.0,0.0084,53.0499,5.305,2.0,360.5088,2.0228,1.1218,1.486,1.0206,1.475,0.0008,2.0049,0.001,1.8494,10.0,0.0627,1.0017,0.1782,2.4728,0.0063,1.0234,0.0628,2.0198,0.0,0.0,0.0,29.9795,25.0,24.0,37.0,36.0,15.0,0.0,0.0,0.0,0.0,62.5856,0.0,46.3685,0.0,0.0
3010.0,1.7573,0.0947,1.0,0.0796,1.2012,1.8634,0.8634,2.2926,1.2926,22.0637,1.8825,21.5613,1.8625,100.0,0.0,0.0,0.0,24.25,0.0,25.375,0.0,25.25,0.0,24.25,10.0,0.0,0.0085,53.0495,5.305,2.0,367.176,2.0259,1.2423,1.4992,1.0101,1.4738,0.0008,2.0069,0.001,1.856,10.0,0.0661,1.0018,0.1595,2.4246,0.0062,1.0148,0.0628,2.0199,0.0,0.0,0.0,29.979,25.0,24.0,37.0,36.0,13.0,0.0,0.0,0.0,0.0,62.5855,0.0,46.3676,0.0,0.0
3011.0,1.7562,0.0945,1.0,0.0796,1.2012,1.8634,0.8634,2.2925,1.2925,21.943,1.8777,21.5577,1.8623,100.0,0.0,0.0,0.0,24.25,0.0,25.375,0.0,25.25,0.0,24.125,10.0,0.0,0.0074,53.0493,5.3049,2.0,375.4564,2.0298,1.272,1.5024,1.0088,1.4737,0.0008,2.0094,0.001,1.8624,10.0,0.0688,1.0018,0.1779,2.4721,0.0053,0.9487,0.0575,1.9813,0.0,0.0,0.0,29.979,25.0,24.0,37.0,36.0,13.0,0.0,0.0,0.0,0.0,62.5852,0.0,46.3681,0.0,0.0
3012.0,1.7582,0.0948,1.0,0.0797,1.2014,1.8637,0.8637,2.2922,1.2922,21.8898,1.8756,21.5795,1.8632,100.0,0.0,0.0,0.0,24.25,0.0,25.375,0.0,25.25,0.0,24.25,10.0,0.0,0.0079,53.0495,5.305,2.0,377.0168,2.0305,1.124,1.4863,1.0064,1.4734,0.0008,2.0121,0.001,1.8686,10.0,0.0607,1.0016,0.2422,2.606,0.0064,1.0272,0.0556,1.9668,0.0,0.0,0.0,29.9795,25.0,24.0,37.0,36.0,14.0,0.0,0.0,0.0,0.0,62.5856,0.0,46.368,0.0,0.0
3013.0,1.76,0.095,1.0,0.0795,1.201,1.8636,0.8636,2.2919,1.2919,21.996,1.8798,21.5916,1.8637,100.0,0.0,0.0,0.0,24.25,0.0,25.375,0.0,25.25,0.0,24.125,10.0,0.0,0.0081,53.0493,5.3049,2.0,378.576,2.0313,1.0675,1.4801,1.0107,1.4739,0.0008,2.0138,0.001,1.8746,10.0,0.0574,1.0015,0.1924,2.506,0.0061,1.0064,0.0546,1.9593,0.0,0.0,0.0,29.9788,24.0,24.0,37.0,36.0,14.0,0.0,0.0,0.0,0.0,62.5857,0.0,46.3681,0.0,0.0
3014.0,1.7604,0.0951,1.0,0.0797,1.2013,1.8633,0.8633,2.2923,1.2923,22.1179,1.8847,21.5828,1.8633,100.0,0.0,0.0,0.0,24.25,0.0,25.375,0.0,25.25,0.0,24.25,10.0,0.0,0.0079,53.0491,5.3049,2.0,382.8311,2.0332,1.1097,1.4847,0.9989,1.4726,0.0008,2.016,0.001,1.8814,10.0,0.0613,1.0016,0.2364,2.5955,0.0063,1.0222,0.0524,1.9409,0.0,0.0,0.0,29.9793,24.0,24.0,37.0,36.0,13.0,0.0,0.0,0.0,0.0,62.5848,0.0,46.368,0.0,0.0
3015.0,1.7604,0.0951,1.0,0.0797,1.2015,1.8637,0.8637,2.2926,1.2926,22.0608,1.8824,21.5636,1.8625,100.0,0.0,0.0,0.0,24.125,0.0,25.375,0.0,25.25,0.0,24.125,10.0,0.0,0.0078,53.0486,5.3049,2.0,386.3496,2.0348,1.0067,1.4735,1.0036,1.4731,0.0008,2.0188,0.0011,1.8884,10.0,0.0618,1.0016,0.2089,2.5417,0.006,1.002,0.0464,1.8884,0.0,0.0,0.0,29.979,24.0,24.0,37.0,36.0,14.0,0.0,0.0,0.0,0.0,62.5856,0.0,46.3677,0.0,0.0
3016.0,1.7604,0.0951,1.0,0.0796,1.2013,1.8634,0.8634,2.2925,1.2925,21.967,1.8787,21.5596,1.8624,100.0,0.0,0.0,0.0,24.25,0.0,25.5,0.0,25.25,0.0,24.25,10.0,0.0,0.0078,53.0485,5.3048,2.0,386.4127,2.0348,0.8859,1.4603,1.002,1.4729,0.0008,2.0208,0.0011,1.8955,10.0,0.0613,1.0016,0.1949,2.5118,0.0056,0.9726,0.0469,1.8927,0.0,0.0,0.0,29.9795,24.0,24.0,37.0,36.0,14.0,0.0,0.0,0.0,0.0,62.5849,0.0,46.3681,0.0,0.0
3017.0,1.7594,0.0949,1.0,0.0798,1.2016,1.8635,0.8635,2.2923,1.2923,21.8706,1.8748,21.5604,1.8624,100.0,0.0,0.0,0.0,24.125,0.0,25.375,0.0,25.25,0.0,24.25,10.0,0.0,0.0078,53.0485,5.3048,2.0,388.797,2.0359,0.8545,1.4569,1.0008,1.4728,0.0008,2.0232,0.0011,1.9017,10.0,0.064,1.0017,0.1885,2.4971,0.0061,1.0049,0.0422,1.847,0.0,0.0,0.0,29.979,25.0,24.0,37.0,36.0,13.0,0.0,0.0,0.0,0.0,62.5856,0.0,46.368,0.0,0.0
3018.0,1.7562,0.0945,1.0,0.0796,1.2011,1.8629,0.8629,2.2921,1.2921,21.9872,1.8795,21.5809,1.8632,100.0,0.0,0.0,0.0,24.125,0.0,25.375,0.0,25.25,0.0,24.25,10.0,0.0,0.0077,53.0484,5.3048,2.0,389.5511,2.0362,0.8273,1.4539,0.9991,1.4726,0.0008,2.0255,0.0011,1.9091,10.0,0.0637,1.0017,0.1669,2.4444,0.0061,1.0092,0.0481,1.904,0.0,0.0,0.0,29.9788,25.0,24.0,37.0,36.0,13.0,0.0,0.0,0.0,0.0,62.585,0.0,46.3674,0.0,0.0
3019.0,1.7555,0.0944,1.0,0.08,1.2022,1.8633,0.8633,2.2925,1.2925,22.1265,1.8851,21.5713,1.8629,100.0,0.0,0.0,0.0,24.25,0.0,25.375,0.0,25.25,0.0,24.25,10.0,0.0,0.0075,53.048,5.3048,2.0,395.8156,2.039,0.9855,1.4711,0.9944,1.4721,0.0008,2.0286,0.0011,1.9169,10.0,0.0666,1.0018,0.1582,2.4209,0.0055,0.9587,0.0449,1.8741,0.0,0.0,0.0,29.9788,25.0,24.0,37.0,36.0,14.0,0.0,0.0,0.0,0.0,62.5851,0.0,46.3677,0.0,0.0
3020.0,1.7572,0.0947,1.0,0.0798,1.2018,1.8637,0.8637,2.2926,1.2926,22.0717,1.8829,21.5636,1.8625,100.0,0.0,0.0,0.0,24.25,0.0,25.375,0.0,25.125,0.0,24.25,10.0,0.0,0.0069,53.0482,5.3048,2.0,405.1064,2.043,1.0833,1.4818,0.9917,1.4718,0.0008,2.0305,0.0011,1.9238,10.0,0.0671,1.0018,0.17,2.4524,0.0057,0.9743,0.0511,1.9305,0.0,0.0,0.0,29.9788,25.0,24.0,37.0,36.0,14.0,0.0,0.0,0.0,0.0,62.585,0.0,46.3675,0.0,0.0
3021.0,1.7563,0.0945,1.0,0.0799,1.2021,1.8638,0.8638,2.2926,1.2926,21.9862,1.8794,21.569,1.8628,100.0,0.0,0.0,0.0,24.25,0.0,25.375,0.0,25.375,0.0,24.25,10.0,0.0,0.0079,53.0478,5.3048,2.0,406.914,2.0438,0.9805,1.4706,0.988,1.4714,0.0009,2.0328,0.0011,1.9293,10.0,0.0691,1.0018,0.1319,2.342,0.0056,0.9705,0.0481,1.9039,0.0,0.0,0.0,29.979,25.0,24.0,37.0,36.0,13.0,0.0,0.0,0.0,0.0,62.5855,0.0,46.3678,0.0,0.0
3022.0,1.7562,0.0945,1.0,0.0795,1.2009,1.8637,0.8637,2.2923,1.2923,21.8826,1.8753,21.5683,1.8627,100.0,0.0,0.0,0.0,24.25,0.0,25.5,0.0,25.25,0.0,24.25,10.0,0.0,0.0082,53.0475,5.3047,2.0,409.313,2.0448,0.9472,1.467,0.9894,1.4716,0.0009,2.035,0.0011,1.9357,10.0,0.0656,1.0018,0.1432,2.3777,0.0058,0.9873,0.049,1.9117,0.0,0.0,0.0,29.9786,25.0,24.0,37.0,36.0,13.0,0.0,0.0,0.0,0.0,62.5851,0.0,46.3679,0.0,0.0
3023.0,1.7572,0.0947,1.0,0.0795,1.2009,1.8634,0.8634,2.2922,1.2922,21.9524,1.8781,21.5877,1.8635,100.0,0.0,0.0,0.0,24.25,0.0,25.5,0.0,25.25,0.0,24.125,10.0,0.0,0.0075,53.0473,5.3047,2.0,414.1017,2.0468,1.0417,1.4773,0.9876,1.4714,0.0009,2.0371,0.0011,1.9434,10.0,0.0641,1.0017,0.1251,2.319,0.0051,0.933,0.0513,1.932,0.0,0.0,0.0,29.9794,25.0,24.0,37.0,36.0,13.0,0.0,0.0,0.0,0.0,62.5856,0.0,46.3677,0.0,0.0
3024.0,1.7573,0.0947,1.0,0.0798,1.2016,1.8629,0.8629,2.2923,1.2923,22.1139,1.8846,21.5789,1.8632,100.0,0.0,0.0,0.0,24.25,0.0,25.375,0.0,25.125,0.0,24.25,10.0,0.0,0.0079,53.0473,5.3047,2.0,420.3097,2.0494,1.0392,1.477,0.9816,1.4707,0.0009,2.0395,0.0011,1.9509,10.0,0.0678,1.0018,0.1221,2.3087,0.0064,1.0307,0.0479,1.9024,0.0,0.0,0.0,29.9789,25.0,24.0,37.0,36.0,14.0,0.0,0.0,0.0,0.0,62.5854,0.0,46.368,0.0,0.0
3025.0,1.7582,0.0948,1.0,0.0799,1.2019,1.8632,0.8632,2.293,1.293,22.1041,1.8842,21.5642,1.8626,100.0,0.0,0.0,0.0,24.25,0.0,25.375,0.0,25.375,0.0,24.125,10.0,0.0,0.0082,53.0472,5.3047,2.0,425.2988,2.0515,1.0548,1.4787,0.9745,1.4699,0.0009,2.0415,0.0011,1.9575,10.0,0.0669,1.0018,0.1793,2.4755,0.0057,0.9789,0.0444,1.8691,0.0,0.0,0.0,29.9786,25.0,24.0,37.0,36.0,14.0,0.0,0.0,0.0,0.0,62.5851,0.0,46.3678,0.0,0.0
3026.0,1.7583,0.0948,1.0,0.0798,1.2016,1.8634,0.8634,2.293,1.293,21.9763,1.8791,21.5479,1.8619,100.0,0.0,0.0,0.0,24.25,0.0,25.375,0.0,25.25,0.0,24.125,10.0,0.0,0.0076,53.0468,5.3047,2.0,430.5014,2.0536,1.0558,1.4788,0.968,1.4692,0.0009,2.0444,0.0011,1.9669,10.0,0.0651,1.0017,0.1811,2.4797,0.0054,0.9503,0.0533,1.9484,0.0,0.0,0.0,29.9792,24.0,24.0,37.0,36.0,13.0,0.0,0.0,0.0,0.0,62.5853,0.0,46.3684,0.0,0.0
3027.0,1.7608,0.0951,1.0,0.0796,1.2012,1.8634,0.8634,2.2927,1.2927,21.889,1.8756,21.5553,1.8622,100.0,0.0,0.0,0.0,24.25,0.0,25.5,0.0,25.25,0.0,24.25,10.0,0.0,0.0075,53.0468,5.3047,2.0,434.4973,2.0552,1.0194,1.4748,0.9593,1.4683,0.0009,2.0461,0.0012,1.9739,10.0,0.0659,1.0018,0.16,2.4259,0.0054,0.9525,0.0521,1.9388,0.0,0.0,0.0,29.9792,24.0,24.0,37.0,36.0,13.0,0.0,0.0,0.0,0.0,62.5852,0.0,46.3675,0.0,0.0
3028.0,1.7616,0.0952,1.0,0.0797,1.2013,1.8631,0.8631,2.2922,1.2922,21.939,1.8776,21.5753,1.863,100.0,0.0,0.0,0.0,24.25,0.0,25.375,0.0,25.25,0.0,24.25,10.0,0.0,0.0078,53.0464,5.3046,2.0,437.6442,2.0564,1.0384,1.4769,0.9537,1.4677,0.0009,2.048,0.0012,1.9802,10.0,0.0644,1.0017,0.1603,2.4267,0.0054,0.9557,0.0518,1.9361,0.0,0.0,0.0,29.9789,24.0,24.0,37.0,36.0,13.0,0.0,0.0,0.0,0.0,62.5855,0.0,46.368,0.0,0.0
3029.0,1.7626,0.0953,1.0,0.0797,1.2013,1.8631,0.8631,2.2922,1.2922,22.0976,1.8839,21.5889,1.8636,100.0,0.0,0.0,0.0,24.125,0.0,25.375,0.0,25.25,0.0,24.125,10.0,0.0,0.008,53.0465,5.3046,2.0,439.9803,2.0574,0.9678,1.4692,0.9349,1.4656,0.0009,2.05,0.0012,1.9873,10.0,0.0647,1.0017,0.2637,2.6429,0.0068,1.0532,0.0429,1.854,0.0,0.0,0.0,29.9794,24.0,24.0,37.0,36.0,13.0,0.0,0.0,0.0,0.0,62.5849,0.0,46.3681,0.0,0.0
3030.0,1.7637,0.0955,1.0,0.0796,1.2011,1.8636,0.8636,2.2926,1.2926,22.0993,1.884,21.565,1.8626,100.0,0.0,0.0,0.0,24.25,0.0,25.375,0.0,25.25,0.0,24.25,10.0,0.0,0.0076,53.0461,5.3046,2.0,444.3313,2.0591,1.0025,1.473,0.9212,1.4641,0.0009,2.0518,0.0012,1.9934,10.0,0.0617,1.0016,0.1967,2.5156,0.0064,1.0273,0.0503,1.9236,0.0,0.0,0.0,29.9792,25.0,24.0,37.0,36.0,14.0,0.0,0.0,0.0,0.0,62.5857,0.0,46.3685,0.0,0.0
3031.0,1.7616,0.0952,1.0,0.0797,1.2014,1.8634,0.8634,2.2925,1.2925,22.0075,1.8803,21.5592,1.8624,100.0,0.0,0.0,0.0,24.25,0.0,25.375,0.0,25.25,0.0,24.25,10.0,0.0,0.0084,53.0463,5.3046,2.0,448.6089,2.0607,0.9317,1.4653,0.9165,1.4636,0.0009,2.0539,0.0012,2.0008,10.0,0.0602,1.0016,0.2014,2.526,0.0053,0.9455,0.0446,1.8709,0.0,0.0,0.0,29.9794,25.0,24.0,37.0,36.0,12.0,0.0,0.0,0.0,0.0,62.585,0.0,46.3678,0.0,0.0
3032.0,1.7616,0.0952,1.0,0.0794,1.2005,1.8634,0.8634,2.2924,1.2924,21.8768,1.8751,21.5563,1.8623,100.0,0.0,0.0,0.0,24.125,0.0,25.375,0.0,25.25,0.0,24.25,10.0,0.0,0.0077,53.046,5.3046,2.0,450.6539,2.0615,0.8785,1.4595,0.9084,1.4627,0.0009,2.056,0.0012,2.0087,10.0,0.0555,1.0015,0.2093,2.5427,0.0066,1.0429,0.0445,1.8707,0.0,0.0,0.0,29.9792,25.0,24.0,37.0,36.0,12.0,0.0,0.0,0.0,0.0,62.5852,0.0,46.3678,0.0,0.0
3033.0,1.7594,0.0949,1.0,0.0795,1.2009,1.8632,0.8632,2.2925,1.2925,21.8915,1.8757,21.5732,1.8629,100.0,0.0,0.0,0.0,24.25,0.0,25.375,0.0,25.375,0.0,24.25,10.0,0.0,0.0073,53.0458,5.3046,2.0,454.5019,2.063,0.9624,1.4686,0.8999,1.4618,0.0009,2.0576,0.0012,2.014,10.0,0.0587,1.0016,0.1801,2.4774,0.0055,0.9595,0.0412,1.8363,0.0,0.0,0.0,29.9788,25.0,24.0,37.0,36.0,14.0,0.0,0.0,0.0,0.0,62.5851,0.0,46.3678,0.0,0.0
3034.0,1.7584,0.0948,1.0,0.0795,1.2008,1.8628,0.8628,2.2922,1.2922,22.0875,1.8835,21.5825,1.8633,100.0,0.0,0.0,0.0,24.25,0.0,25.375,0.0,25.25,0.0,24.125,10.0,0.0,0.0087,53.0453,5.3045,2.0,463.9231,2.0666,1.05,1.4782,0.8936,1.4611,0.001,2.0602,0.0012,2.0212,10.0,0.0628,1.0017,0.1689,2.4496,0.0063,1.0214,0.0412,1.8364,0.0,0.0,0.0,29.9792,25.0,24.0,37.0,36.0,15.0,0.0,0.0,0.0,0.0,62.5857,0.0,46.3673,0.0,0.0
3035.0,1.7584,0.0948,1.0,0.0795,1.2008,1.8631,0.8631,2.2926,1.2926,22.1199,1.8848,21.5679,1.8627,100.0,0.0,0.0,0.0,24.25,0.0,25.375,0.0,25.125,0.0,24.125,10.0,0.0,0.0076,53.0452,5.3046,2.0,467.2747,2.0678,0.8946,1.4612,0.893,1.4611,0.001,2.0617,0.0012,2.0281,10.0,0.0595,1.0016,0.1885,2.4973,0.0055,0.965,0.0411,1.8353,0.0,0.0,0.0,29.9783,25.0,24.0,37.0,36.0,14.0,0.0,0.0,0.0,0.0,62.5851,0.0,46.3676,0.0,0.0
3036.0,1.7587,0.0948,1.0,0.0794,1.2007,1.8634,0.8634,2.2928,1.2928,22.0407,1.8816,21.5519,1.8621,100.0,0.0,0.0,0.0,24.25,0.0,25.5,0.0,25.25,0.0,24.25,10.0,0.0,0.0081,53.0453,5.3045,2.0,467.1298,2.0678,0.8306,1.4542,0.8941,1.4612,0.001,2.064,0.0012,2.0365,10.0,0.0588,1.0016,0.2291,2.5819,0.0059,0.9916,0.0556,1.9669,0.0,0.0,0.0,29.9793,25.0,24.0,37.0,36.0,12.0,0.0,0.0,0.0,0.0,62.5854,0.0,46.3678,0.0,0.0
3037.0,1.7604,0.0951,1.0,0.0795,1.2008,1.8631,0.8631,2.2928,1.2928,21.9303,1.8772,21.5457,1.8618,100.0,0.0,0.0,0.0,24.25,0.0,25.5,0.0,25.25,0.0,24.25,10.0,0.0,0.0071,53.0453,5.3045,2.0,465.3208,2.0671,0.6626,1.4359,0.8923,1.461,0.001,2.0658,0.0012,2.0435,10.0,0.0592,1.0016,0.2049,2.5334,0.0061,1.0067,0.0512,1.9311,0.0,0.0,0.0,29.9786,25.0,24.0,37.0,36.0,13.0,0.0,0.0,0.0,0.0,62.5851,0.0,46.3675,0.0,0.0
3038.0,1.7612,0.0952,1.0,0.0797,1.2013,1.8633,0.8633,2.2923,1.2923,21.9036,1.8761,21.5712,1.8628,100.0,0.0,0.0,0.0,24.125,0.0,25.5,0.0,25.25,0.0,24.125,10.0,0.0,0.008,53.045,5.3045,2.0,468.9637,2.0685,0.7417,1.4445,0.8846,1.4601,0.001,2.0681,0.0012,2.0504,10.0,0.061,1.0016,0.2297,2.5831,0.0057,0.98,0.0517,1.9352,0.0,0.0,0.0,29.9784,25.0,24.0,37.0,36.0,13.0,0.0,0.0,0.0,0.0,62.5853,0.0,46.3674,0.0,0.0
3039.0,1.7597,0.095,1.0,0.0796,1.2013,1.8628,0.8628,2.2924,1.2924,22.0969,1.8839,21.5825,1.8633,100.0,0.0,0.0,0.0,24.25,0.0,25.375,0.0,25.25,0.0,24.25,10.0,0.0,0.0076,53.0447,5.3045,2.0,472.9901,2.0699,0.7076,1.4408,0.8702,1.4586,0.001,2.0704,0.0013,2.0592,10.0,0.0627,1.0017,0.244,2.6092,0.0055,0.9656,0.0463,1.8877,0.0,0.0,0.0,29.9787,25.0,24.0,37.0,36.0,15.0,0.0,0.0,0.0,0.0,62.5854,0.0,46.3679,0.0,0.0
3040.0,1.7563,0.0945,1.0,0.0797,1.2015,1.863,0.863,2.2926,1.2926,22.1231,1.8849,21.5694,1.8628,100.0,0.0,0.0,0.0,24.25,0.0,25.375,0.0,25.25,0.0,24.25,10.0,0.0,0.0078,53.0446,5.3045,2.0,477.9973,2.0718,0.7944,1.4503,0.8733,1.4589,0.001,2.072,0.0013,2.0652,10.0,0.0653,1.0017,0.2693,2.652,0.0065,1.0338,0.045,1.8751,0.0,0.0,0.0,29.9787,25.0,24.0,37.0,36.0,12.0,0.0,0.0,0.0,0.0,62.5858,0.0,46.3683,0.0,0.0
3041.0,1.7551,0.0944,1.0,0.0799,1.2021,1.8634,0.8634,2.2925,1.2925,22.0491,1.882,21.5599,1.8624,100.0,0.0,0.0,0.0,24.25,0.0,25.375,0.0,25.25,0.0,24.125,10.0,0.0,0.0083,53.0445,5.3044,2.0,483.9588,2.0739,0.8686,1.4584,0.8715,1.4587,0.001,2.0742,0.0013,2.072,10.0,0.0684,1.0018,0.2392,2.6007,0.0059,0.9947,0.0381,1.8028,0.0,0.0,0.0,29.9786,25.0,24.0,37.0,36.0,14.0,0.0,0.0,0.0,0.0,62.5853,0.0,46.3679,0.0,0.0
3042.0,1.7541,0.0943,1.0,0.0799,1.2021,1.8631,0.8631,2.2928,1.2928,21.9495,1.878,21.5499,1.862,100.0,0.0,0.0,0.0,24.25,0.0,25.375,0.0,25.125,0.0,24.25,10.0,0.0,0.0077,53.0444,5.3044,2.0,488.6179,2.0756,0.8619,1.4577,0.8632,1.4578,0.001,2.0759,0.0013,2.0788,10.0,0.0683,1.0018,0.1968,2.516,0.0063,1.0192,0.0506,1.9257,0.0,0.0,0.0,29.9791,25.0,24.0,37.0,36.0,14.0,0.0,0.0,0.0,0.0,62.5853,0.0,46.3677,0.0,0.0
3043.0,1.7531,0.0941,1.0,0.0796,1.201,1.8629,0.8629,2.2926,1.2926,21.8868,1.8755,21.5546,1.8622,100.0,0.0,0.0,0.0,24.125,0.0,25.625,0.0,25.25,0.0,24.25,10.0,0.0,0.0076,53.0442,5.3044,2.0,492.3769,2.0769,0.8396,1.4552,0.8606,1.4575,0.001,2.0778,0.0013,2.0866,10.0,0.0656,1.0017,0.1965,2.5153,0.0056,0.9698,0.0522,1.9394,0.0,0.0,0.0,29.9792,25.0,24.0,37.0,36.0,15.0,0.0,0.0,0.0,0.0,62.5854,0.0,46.3682,0.0,0.0
3044.0,1.7531,0.0941,1.0,0.0797,1.2016,1.8629,0.8629,2.2922,1.2922,22.0289,1.8812,21.5805,1.8632,100.0,0.0,0.0,0.0,24.125,0.0,25.375,0.0,25.25,0.0,24.25,10.0,0.0,0.0084,53.044,5.3044,2.0,493.8015,2.0774,0.7103,1.4411,0.8552,1.4569,0.001,2.0798,0.0013,2.0931,10.0,0.0638,1.0017,0.2177,2.5596,0.0053,0.9429,0.0521,1.9385,0.0,0.0,0.0,29.9789,25.0,24.0,37.0,36.0,14.0,0.0,0.0,0.0,0.0,62.5855,0.0,46.3679,0.0,0.0
3045.0,1.753,0.0941,1.0,0.08,1.2022,1.8629,0.8629,2.2925,1.2925,22.1252,1.885,21.5719,1.8629,100.0,0.0,0.0,0.0,24.25,0.0,25.375,0.0,25.25,0.0,24.25,10.0,0.0,0.0075,53.0441,5.3044,2.0,496.4878,2.0784,0.7395,1.4443,0.8528,1.4567,0.0011,2.0819,0.0013,2.1004,10.0,0.068,1.0018,0.1958,2.5136,0.0059,0.9951,0.064,2.0281,0.0,0.0,0.0,29.9788,25.0,24.0,37.0,36.0,15.0,0.0,0.0,0.0,0.0,62.5854,0.0,46.3676,0.0,0.0
3046.0,1.753,0.0941,1.0,0.0796,1.2012,1.8634,0.8634,2.2925,1.2925,22.0393,1.8816,21.5597,1.8624,100.0,0.0,0.0,0.0,24.25,0.0,25.5,0.0,25.25,0.0,24.25,10.0,0.0,0.0078,53.0436,5.3044,2.0,501.1045,2.08,0.7474,1.4452,0.8447,1.4558,0.0011,2.0841,0.0013,2.1096,10.0,0.0641,1.0017,0.1913,2.5037,0.007,1.0665,0.0688,2.0592,0.0,0.0,0.0,29.9786,24.0,24.0,37.0,36.0,14.0,0.0,0.0,0.0,0.0,62.5853,0.0,46.367,0.0,0.0
3047.0,1.753,0.0941,1.0,0.0795,1.2008,1.8634,0.8634,2.2925,1.2925,21.9577,1.8783,21.5595,1.8624,100.0,0.0,0.0,0.0,24.25,0.0,25.5,0.0,25.25,0.0,24.125,10.0,0.0,0.0073,53.0436,5.3043,2.0,503.6978,2.0809,0.709,1.441,0.833,1.4545,0.0011,2.0853,0.0013,2.1143,10.0,0.0638,1.0017,0.2405,2.6029,0.0064,1.0253,0.0747,2.0951,0.0,0.0,0.0,29.9791,24.0,24.0,37.0,36.0,13.0,0.0,0.0,0.0,0.0,62.5863,0.0,46.3683,0.0,0.0
3048.0,1.7537,0.0942,1.0,0.0795,1.201,1.8631,0.8631,2.2927,1.2927,21.8834,1.8753,21.5543,1.8622,100.0,0.0,0.0,0.0,24.25,0.0,25.5,0.0,25.25,0.0,24.125,10.0,0.0,0.0079,53.0436,5.3044,2.0,505.5289,2.0815,0.682,1.438,0.8305,1.4542,0.0011,2.0873,0.0013,2.1233,10.0,0.0573,1.0015,0.2313,2.5861,0.0054,0.9559,0.0648,2.0335,0.0,0.0,0.0,29.9783,24.0,24.0,37.0,36.0,14.0,0.0,0.0,0.0,0.0,62.5845,0.0,46.3674,0.0,0.0
3049.0,1.7531,0.0941,1.0,0.0793,1.2003,1.8628,0.8628,2.2925,1.2925,22.0145,1.8806,21.5726,1.8629,100.0,0.0,0.0,0.0,24.125,0.0,25.375,0.0,25.25,0.0,24.25,10.0,0.0,0.008,53.0434,5.3043,2.0,506.6298,2.0819,0.5755,1.4264,0.812,1.4522,0.0011,2.0889,0.0013,2.1294,10.0,0.0588,1.0016,0.2284,2.5805,0.0055,0.9619,0.059,1.993,0.0,0.0,0.0,29.9787,24.0,24.0,37.0,36.0,13.0,0.0,0.0,0.0,0.0,62.5849,0.0,46.3674,0.0,0.0
3050.0,1.7535,0.0942,1.0,0.0796,1.2012,1.8629,0.8629,2.2924,1.2924,22.1152,1.8846,21.5733,1.8629,100.0,0.0,0.0,0.0,24.25,0.0,25.625,0.0,25.125,0.0,24.25,10.0,0.0,0.0084,53.0434,5.3043,2.0,509.8027,2.083,0.6767,1.4375,0.8172,1.4528,0.0011,2.091,0.0013,2.1373,10.0,0.0626,1.0017,0.2175,2.5593,0.0062,1.0133,0.0603,2.0025,0.0,0.0,0.0,29.9789,25.0,24.0,37.0,36.0,13.0,0.0,0.0,0.0,0.0,62.5855,0.0,46.3674,0.0,0.0
3051.0,1.7551,0.0944,1.0,0.0797,1.2014,1.8631,0.8631,2.2925,1.2925,22.0569,1.8823,21.5498,1.862,100.0,0.0,0.0,0.0,24.25,0.0,25.375,0.0,25.25,0.0,24.125,10.0,0.0,0.0076,53.0431,5.3043,2.0,516.9484,2.0854,0.6856,1.4384,0.8108,1.4521,0.0011,2.0933,0.0014,2.1468,10.0,0.0638,1.0017,0.2032,2.5298,0.0062,1.0149,0.0586,1.9895,0.0,0.0,0.0,29.9789,25.0,24.0,37.0,36.0,15.0,0.0,0.0,0.0,0.0,62.5856,0.0,46.3681,0.0,0.0
3052.0,1.7561,0.0945,1.0,0.0796,1.2011,1.8634,0.8634,2.2925,1.2925,21.9791,1.8792,21.5489,1.862,100.0,0.0,0.0,0.0,24.25,0.0,25.375,0.0,25.25,0.0,24.125,10.0,0.0,0.0082,53.0429,5.3043,2.0,520.2631,2.0865,0.7349,1.4438,0.8177,1.4528,0.0011,2.0948,0.0014,2.1522,10.0,0.0664,1.0018,0.199,2.5206,0.0062,1.0146,0.0633,2.0235,0.0,0.0,0.0,29.9786,25.0,24.0,37.0,36.0,13.0,0.0,0.0,0.0,0.0,62.5851,0.0,46.3677,0.0,0.0
3053.0,1.7572,0.0947,1.0,0.0797,1.2014,1.8634,0.8634,2.2923,1.2923,21.8811,1.8752,21.5602,1.8624,100.0,0.0,0.0,0.0,24.25,0.0,25.375,0.0,25.25,0.0,24.125,10.0,0.0,0.0076,53.0427,5.3042,2.0,524.4512,2.0879,0.7444,1.4448,0.8171,1.4528,0.0011,2.0968,0.0014,2.162,10.0,0.069,1.0018,0.1701,2.4526,0.0059,0.9894,0.0513,1.9316,0.0,0.0,0.0,29.9786,25.0,24.0,37.0,36.0,13.0,0.0,0.0,0.0,0.0,62.5852,0.0,46.368,0.0,0.0
3054.0,1.7563,0.0945,1.0,0.0796,1.2012,1.8625,0.8625,2.2925,1.2925,21.9754,1.879,21.5694,1.8628,100.0,0.0,0.0,0.0,24.125,0.0,25.375,0.0,25.25,0.0,24.25,10.0,0.0,0.0072,53.0425,5.3043,2.0,531.2515,2.0901,0.779,1.4486,0.8122,1.4522,0.0011,2.0984,0.0014,2.1675,10.0,0.0642,1.0017,0.1964,2.5149,0.0058,0.9872,0.069,2.0606,0.0,0.0,0.0,29.9782,25.0,24.0,37.0,36.0,14.0,0.0,0.0,0.0,0.0,62.5853,0.0,46.3677,0.0,0.0
3055.0,1.7541,0.0943,1.0,0.0797,1.2016,1.8623,0.8623,2.2926,1.2926,22.1191,1.8848,21.5668,1.8627,100.0,0.0,0.0,0.0,24.25,0.0,25.375,0.0,25.25,0.0,24.25,10.0,0.0,0.0071,53.0424,5.3042,2.0,530.9221,2.09,0.7385,1.4442,0.8129,1.4523,0.0011,2.1005,0.0014,2.176,10.0,0.0673,1.0018,0.1471,2.3893,0.006,0.9973,0.0671,2.0484,0.0,0.0,0.0,29.9784,25.0,24.0,37.0,36.0,14.0,0.0,0.0,0.0,0.0,62.5851,0.0,46.368,0.0,0.0
3056.0,1.7531,0.0941,1.0,0.0795,1.2008,1.8633,0.8633,2.2926,1.2926,22.0932,1.8837,21.5644,1.8626,100.0,0.0,0.0,0.0,24.25,0.0,25.375,0.0,25.25,0.0,24.25,10.0,0.0,0.0074,53.0423,5.3042,2.0,542.621,2.0938,0.9762,1.4701,0.8128,1.4523,0.0012,2.1025,0.0014,2.1837,10.0,0.0659,1.0018,0.1418,2.3736,0.0062,1.0107,0.0589,1.9918,0.0,0.0,0.0,29.9788,25.0,24.0,37.0,36.0,14.0,0.0,0.0,0.0,0.0,62.5847,0.0,46.3679,0.0,0.0
3057.0,1.752,0.094,1.0,0.0794,1.2005,1.8634,0.8634,2.2925,1.2925,21.992,1.8797,21.5593,1.8624,100.0,0.0,0.0,0.0,24.25,0.0,25.375,0.0,25.25,0.0,24.25,10.0,0.0,0.0082,53.0422,5.3042,2.0,553.015,2.0971,1.0319,1.4762,0.8065,1.4516,0.0012,2.104,0.0014,2.1913,10.0,0.0579,1.0015,0.1322,2.3432,0.0056,0.9686,0.0617,2.0121,0.0,0.0,0.0,29.9787,25.0,24.0,37.0,36.0,12.0,0.0,0.0,0.0,0.0,62.5859,0.0,46.3683,0.0,0.0
3058.0,1.7529,0.0941,1.0,0.0794,1.2006,1.8634,0.8634,2.2927,1.2927,21.8843,1.8754,21.5498,1.862,100.0,0.0,0.0,0.0,24.25,0.0,25.5,0.0,25.25,0.0,24.25,10.0,0.0,0.0077,53.0417,5.3041,2.0,554.4316,2.0975,0.9501,1.4673,0.7954,1.4504,0.0012,2.1057,0.0014,2.198,10.0,0.0577,1.0015,0.135,2.3522,0.0065,1.0338,0.0522,1.9397,0.0,0.0,0.0,29.9787,25.0,24.0,37.0,36.0,15.0,0.0,0.0,0.0,0.0,62.5852,0.0,46.368,0.0,0.0
3059.0,1.753,0.0941,1.0,0.0796,1.2012,1.8625,0.8625,2.2925,1.2925,21.9793,1.8792,21.5688,1.8628,100.0,0.0,0.0,0.0,24.25,0.0,25.5,0.0,25.25,0.0,24.125,10.0,0.0,0.0078,53.0419,5.3042,2.0,561.1214,2.0996,1.0103,1.4739,0.79,1.4498,0.0012,2.1077,0.0014,2.2059,10.0,0.0609,1.0016,0.1102,2.2638,0.0062,1.0156,0.0511,1.9301,0.0,0.0,0.0,29.9791,25.0,24.0,37.0,36.0,15.0,0.0,0.0,0.0,0.0,62.5852,0.0,46.3677,0.0,0.0
3060.0,1.7483,0.0935,1.0,0.0795,1.2009,1.8627,0.8627,2.2926,1.2926,22.1116,1.8845,21.5664,1.8627,100.0,0.0,0.0,0.0,24.25,0.0,25.375,0.0,25.25,0.0,24.25,10.0,0.0,0.0076,53.0417,5.3042,2.0,569.4489,2.1022,1.0227,1.4752,0.7844,1.4492,0.0012,2.1096,0.0014,2.214,10.0,0.0677,1.0018,0.1253,2.3198,0.0061,1.0089,0.0501,1.9218,0.0,0.0,0.0,29.9784,25.0,24.0,37.0,36.0,13.0,0.0,0.0,0.0,0.0,62.585,0.0,46.368,0.0,0.0
3061.0,1.7562,0.0945,1.0,0.0801,1.2024,1.8632,0.8632,2.2929,1.2929,22.0894,1.8836,21.5644,1.8626,100.0,0.0,0.0,0.0,24.25,0.0,25.375,0.0,25.25,0.0,24.25,10.0,0.0,0.0083,53.0413,5.3041,2.0,573.215,2.1033,0.9062,1.4625,0.7867,1.4495,0.0012,2.1114,0.0014,2.2219,10.0,0.0663,1.0018,0.1224,2.3096,0.0069,1.0606,0.05,1.9204,0.0,0.0,0.0,29.9788,25.0,24.0,37.0,36.0,14.0,0.0,0.0,0.0,0.0,62.5856,0.0,46.3675,0.0,0.0
3062.0,1.7642,0.0955,1.0,0.0795,1.2009,1.8633,0.8633,2.2929,1.2929,21.9929,1.8797,21.5498,1.862,100.0,0.0,0.0,0.0,24.25,0.0,25.375,0.0,25.25,0.0,24.25,10.0,0.0,0.0075,53.0414,5.3042,2.0,574.6763,2.1038,0.804,1.4513,0.7704,1.4477,0.0012,2.113,0.0015,2.2298,10.0,0.0665,1.0018,0.12,2.3012,0.0065,1.0363,0.0424,1.8494,0.0,0.0,0.0,29.9786,25.0,24.0,37.0,36.0,12.0,0.0,0.0,0.0,0.0,62.5855,0.0,46.3674,0.0,0.0
3063.0,1.7658,0.0957,1.0,0.0794,1.2007,1.8634,0.8634,2.2924,1.2924,21.9018,1.8761,21.5562,1.8622,100.0,0.0,0.0,0.0,24.125,0.0,25.5,0.0,25.375,0.0,24.125,10.0,0.0,0.0082,53.0411,5.3041,2.0,573.1647,2.1033,0.7175,1.4419,0.7715,1.4478,0.0012,2.1145,0.0015,2.2359,10.0,0.0631,1.0017,0.0989,2.2171,0.0066,1.0397,0.0577,1.9831,0.0,0.0,0.0,29.9786,24.0,24.0,37.0,36.0,14.0,0.0,0.0,0.0,0.0,62.5854,0.0,46.368,0.0,0.0
3064.0,1.7658,0.0957,1.0,0.0794,1.2005,1.8631,0.8631,2.2922,1.2922,21.9311,1.8772,21.5746,1.863,100.0,0.0,0.0,0.0,24.25,0.0,25.375,0.0,25.125,0.0,24.25,10.0,0.0,0.0075,53.0412,5.3041,2.0,576.9039,2.1044,0.7487,1.4453,0.7644,1.447,0.0012,2.1162,0.0015,2.2442,10.0,0.0595,1.0016,0.1054,2.2448,0.0067,1.0501,0.0581,1.986,0.0,0.0,0.0,29.9788,24.0,24.0,37.0,36.0,14.0,0.0,0.0,0.0,0.0,62.5852,0.0,46.3673,0.0,0.0
3065.0,1.7668,0.0959,1.0,0.0797,1.2014,1.8625,0.8625,2.2925,1.2925,22.0896,1.8836,21.572,1.8629,100.0,0.0,0.0,0.0,24.25,0.0,25.375,0.0,25.25,0.0,24.25,10.0,0.0,0.008,53.0413,5.3041,2.0,582.9529,2.1063,0.8027,1.4512,0.777,1.4484,0.0012,2.1181,0.0015,2.2513,10.0,0.0636,1.0017,0.1685,2.4483,0.0059,0.9961,0.0493,1.9143,0.0,0.0,0.0,29.9789,24.0,24.0,37.0,36.0,13.0,0.0,0.0,0.0,0.0,62.5859,0.0,46.368,0.0,0.0
3066.0,1.7659,0.0957,1.0,0.0795,1.2009,1.8631,0.8631,2.293,1.293,22.1137,1.8845,21.5565,1.8623,100.0,0.0,0.0,0.0,24.25,0.0,25.375,0.0,25.25,0.0,24.125,10.0,0.0,0.0075,53.0408,5.3041,2.0,588.6943,2.108,0.7384,1.4442,0.7754,1.4482,0.0012,2.12,0.0015,2.259,10.0,0.0607,1.0016,0.1591,2.4235,0.0061,1.0089,0.0583,1.9875,0.0,0.0,0.0,29.9787,24.0,24.0,37.0,36.0,13.0,0.0,0.0,0.0,0.0,62.5856,0.0,46.3679,0.0,0.0
3067.0,1.7658,0.0957,1.0,0.0798,1.2017,1.8634,0.8634,2.2925,1.2925,22.002,1.8801,21.5575,1.8623,100.0,0.0,0.0,0.0,24.25,0.0,25.375,0.0,25.125,0.0,24.125,10.0,0.0,0.0076,53.0408,5.3041,2.0,592.1763,2.109,0.7215,1.4423,0.7624,1.4468,0.0013,2.122,0.0015,2.2701,10.0,0.0611,1.0016,0.1401,2.3684,0.0065,1.0328,0.0514,1.9327,0.0,0.0,0.0,29.9785,25.0,24.0,37.0,36.0,16.0,0.0,0.0,0.0,0.0,62.5862,0.0,46.3679,0.0,0.0
3068.0,1.7629,0.0954,1.0,0.0796,1.2012,1.8634,0.8634,2.2924,1.2924,21.911,1.8764,21.5552,1.8622,100.0,0.0,0.0,0.0,24.375,0.0,25.375,0.0,25.25,0.0,24.25,10.0,0.0,0.0082,53.0406,5.304,2.0,594.4001,2.1096,0.7168,1.4418,0.7704,1.4477,0.0013,2.1237,0.0015,2.2765,10.0,0.0653,1.0017,0.1313,2.34,0.0062,1.0111,0.0517,1.9357,0.0,0.0,0.0,29.9785,25.0,24.0,37.0,36.0,13.0,0.0,0.0,0.0,0.0,62.5853,0.0,46.3674,0.0,0.0
3069.0,1.7584,0.0948,1.0,0.0799,1.2019,1.8632,0.8632,2.2922,1.2922,21.9191,1.8768,21.5732,1.8629,100.0,0.0,0.0,0.0,24.25,0.0,25.375,0.0,25.25,0.0,24.25,10.0,0.0,0.0077,53.0405,5.3041,2.0,604.6115,2.1126,0.9328,1.4654,0.7674,1.4474,0.0013,2.1256,0.0015,2.2851,10.0,0.0676,1.0018,0.1383,2.3626,0.0062,1.0152,0.0622,2.0153,0.0,0.0,0.0,29.9786,25.0,24.0,37.0,36.0,14.0,0.0,0.0,0.0,0.0,62.5855,0.0,46.3682,0.0,0.0
3070.0,1.757,0.0946,1.0,0.0797,1.2015,1.8628,0.8628,2.2924,1.2924,22.107,1.8843,21.5757,1.863,100.0,0.0,0.0,0.0,24.25,0.0,25.5,0.0,25.25,0.0,24.375,10.0,0.0,0.0081,53.0402,5.304,2.0,615.3157,2.1156,0.894,1.4612,0.7488,1.4453,0.0013,2.1272,0.0015,2.2938,10.0,0.0652,1.0017,0.1327,2.3447,0.0065,1.0361,0.0539,1.9535,0.0,0.0,0.0,29.9783,25.0,24.0,37.0,36.0,12.0,0.0,0.0,0.0,0.0,62.5851,0.0,46.3675,0.0,0.0
3071.0,1.7563,0.0945,1.0,0.0795,1.2008,1.8632,0.8632,2.2931,1.2931,22.1193,1.8848,21.5665,1.8627,100.0,0.0,0.0,0.0,24.25,0.0,25.375,0.0,25.25,0.0,24.25,10.0,0.0,0.0069,53.04,5.304,2.0,615.0388,2.1156,0.855,1.4569,0.7401,1.4444,0.0013,2.1283,0.0015,2.3016,10.0,0.0551,1.0015,0.1109,2.2666,0.006,1.0034,0.0593,1.9945,0.0,0.0,0.0,29.9784,25.0,24.0,37.0,36.0,14.0,0.0,0.0,0.0,0.0,62.5854,0.0,46.3675,0.0,0.0
3072.0,1.7551,0.0944,1.0,0.0793,1.2002,1.863,0.863,2.2929,1.2929,22.047,1.8819,21.5513,1.8621,100.0,0.0,0.0,0.0,24.375,0.0,25.375,0.0,25.375,0.0,24.25,10.0,0.0,0.0074,53.0399,5.304,2.0,619.9014,2.1169,0.8144,1.4525,0.7431,1.4447,0.0013,2.13,0.0016,2.3079,10.0,0.059,1.0016,0.1668,2.444,0.0066,1.0384,0.059,1.9925,0.0,0.0,0.0,29.9784,25.0,24.0,37.0,36.0,13.0,0.0,0.0,0.0,0.0,62.5849,0.0,46.3675,0.0,0.0
3073.0,1.7541,0.0943,1.0,0.0797,1.2014,1.8634,0.8634,2.2929,1.2929,21.9365,1.8775,21.5538,1.8622,100.0,0.0,0.0,0.0,24.25,0.0,25.5,0.0,25.125,0.0,24.125,10.0,0.0,0.0076,53.04,5.304,2.0,624.739,2.1183,0.8007,1.451,0.7411,1.4445,0.0013,2.1319,0.0016,2.3155,10.0,0.0612,1.0016,0.195,2.5119,0.0062,1.0113,0.0531,1.947,0.0,0.0,0.0,29.9787,25.0,24.0,37.0,36.0,14.0,0.0,0.0,0.0,0.0,62.5858,0.0,46.368,0.0,0.0
3074.0,1.7521,0.094,1.0,0.0799,1.2019,1.8631,0.8631,2.2922,1.2922,21.9193,1.8768,21.5744,1.863,100.0,0.0,0.0,0.0,24.25,0.0,25.375,0.0,25.25,0.0,24.25,10.0,0.0,0.0086,53.0397,5.3039,2.0,632.9422,2.1205,0.8914,1.4609,0.7423,1.4446,0.0013,2.1339,0.0016,2.3254,10.0,0.065,1.0017,0.1558,2.4145,0.0059,0.9942,0.0491,1.9131,0.0,0.0,0.0,29.9784,25.0,24.0,37.0,36.0,14.0,0.0,0.0,0.0,0.0,62.5856,0.0,46.3678,0.0,0.0
3075.0,1.7516,0.094,1.0,0.0798,1.2018,1.8628,0.8628,2.2925,1.2925,22.0689,1.8828,21.5752,1.863,100.0,0.0,0.0,0.0,24.25,0.0,25.375,0.0,25.25,0.0,24.25,10.0,0.0,0.0081,53.0396,5.304,2.0,639.7183,2.1224,0.8825,1.4599,0.7417,1.4445,0.0013,2.1356,0.0016,2.3325,10.0,0.0679,1.0018,0.1562,2.4155,0.0056,0.9696,0.0461,1.8858,0.0,0.0,0.0,29.9786,25.0,24.0,37.0,36.0,13.0,0.0,0.0,0.0,0.0,62.5852,0.0,46.3676,0.0,0.0
3076.0,1.752,0.094,1.0,0.0797,1.2013,1.863,0.863,2.293,1.293,22.1295,1.8852,21.5676,1.8627,100.0,0.0,0.0,0.0,24.25,0.0,25.375,0.0,25.375,0.0,24.125,10.0,0.0,0.0078,53.0395,5.3039,2.0,643.5878,2.1234,0.8857,1.4603,0.7408,1.4445,0.0013,2.1371,0.0016,2.3395,10.0,0.0667,1.0018,0.1546,2.411,0.0053,0.9474,0.0477,1.9006,0.0,0.0,0.0,29.9782,25.0,24.0,37.0,37.0,13.0,0.0,0.0,0.0,0.0,62.5855,0.0,46.3681,0.0,0.0
3077.0,1.753,0.0941,1.0,0.0799,1.2019,1.8634,0.8634,2.2929,1.2929,22.0614,1.8825,21.5604,1.8624,100.0,0.0,0.0,0.0,24.125,0.0,25.5,0.0,25.25,0.0,24.25,10.0,0.0,0.0078,53.0394,5.3039,2.0,650.7466,2.1254,0.9019,1.462,0.7386,1.4442,0.0013,2.1389,0.0016,2.3488,10.0,0.0671,1.0018,0.1235,2.3136,0.0064,1.031,0.0427,1.8525,0.0,0.0,0.0,29.9786,25.0,24.0,37.0,37.0,14.0,0.0,0.0,0.0,0.0,62.585,0.0,46.3678,0.0,0.0
3078.0,1.7533,0.0942,1.0,0.0797,1.2014,1.8631,0.8631,2.2929,1.2929,21.9557,1.8782,21.548,1.8619,100.0,0.0,0.0,0.0,24.25,0.0,25.375,0.0,25.25,0.0,24.125,10.0,0.0,0.0087,53.0392,5.304,2.0,653.0137,2.126,0.7676,1.4474,0.731,1.4434,0.0014,2.1404,0.0016,2.3577,10.0,0.0658,1.0018,0.1311,2.3393,0.0065,1.0331,0.0421,1.8463,0.0,0.0,0.0,29.9784,25.0,24.0,37.0,37.0,15.0,0.0,0.0,0.0,0.0,62.5853,0.0,46.3679,0.0,0.0
3079.0,1.7541,0.0943,1.0,0.0797,1.2013,1.8629,0.8629,2.2926,1.2926,21.8988,1.8759,21.5564,1.8623,100.0,0.0,0.0,0.0,24.25,0.0,25.375,0.0,25.25,0.0,24.25,10.0,0.0,0.0075,53.039,5.3039,2.0,651.8121,2.1256,0.6791,1.4377,0.7291,1.4432,0.0014,2.1421,0.0016,2.3651,10.0,0.0604,1.0016,0.1465,2.3876,0.0069,1.0605,0.0416,1.8414,0.0,0.0,0.0,29.9783,24.0,24.0,37.0,37.0,14.0,0.0,0.0,0.0,0.0,62.5852,0.0,46.3679,0.0,0.0
3080.0,1.7552,0.0944,1.0,0.0796,1.2011,1.8624,0.8625,2.2925,1.2924,22.0603,1.882,21.5767,1.863,100.0,0.0,0.0,0.0,24.125,0.0,25.5,0.0,25.25,0.0,24.375,10.0,0.0,0.0073,53.0388,5.3039,2.0,653.4485,2.1261,0.5864,1.4276,0.725,1.4427,0.0014,2.1437,0.0016,2.3742,10.0,0.0581,1.0015,0.1037,2.2377,0.0051,0.9306,0.0431,1.8561,0.0,0.0,0.0,29.9779,24.0,24.0,37.0,36.0,15.0,0.0,0.0,0.0,0.0,62.5849,0.0,46.3674,0.0,0.0
3081.0,1.7561,0.0945,1.0,0.0797,1.2015,1.8629,0.8629,2.2925,1.2925,22.1253,1.885,21.5716,1.8629,100.0,0.0,0.0,0.0,24.25,0.0,25.375,0.0,25.25,0.0,24.25,10.0,0.0,0.0081,53.0389,5.3039,2.0,654.6622,2.1264,0.5518,1.4238,0.7254,1.4428,0.0014,2.1451,0.0016,2.381,10.0,0.0613,1.0016,0.1151,2.2828,0.0068,1.0544,0.0351,1.7673,0.0,0.0,0.0,29.9782,24.0,24.0,37.0,36.0,14.0,0.0,0.0,0.0,0.0,62.5855,0.0,46.3676,0.0,0.0
3082.0,1.7552,0.0944,1.0,0.0797,1.2015,1.8633,0.8633,2.2926,1.2926,22.0771,1.8831,21.5609,1.8624,100.0,0.0,0.0,0.0,24.25,0.0,25.375,0.0,25.375,0.0,24.125,10.0,0.0,0.0079,53.0388,5.3039,2.0,658.755,2.1275,0.5773,1.4266,0.7331,1.4436,0.0014,2.1471,0.0016,2.3903,10.0,0.0643,1.0017,0.1132,2.2757,0.0057,0.9755,0.0351,1.7675,0.0,0.0,0.0,29.9783,24.0,24.0,37.0,36.0,12.0,0.0,0.0,0.0,0.0,62.5849,0.0,46.3676,0.0,0.0
3083.0,1.754,0.0943,1.0,0.08,1.2022,1.8634,0.8634,2.2926,1.2926,21.9589,1.8784,21.5479,1.8619,100.0,0.0,0.0,0.0,24.25,0.0,25.375,0.0,25.25,0.0,24.125,10.0,0.0,0.0081,53.0388,5.3039,2.0,665.5553,2.1293,0.6843,1.4383,0.7319,1.4435,0.0014,2.1492,0.0017,2.3999,10.0,0.0685,1.0018,0.1126,2.2732,0.0061,1.0042,0.0365,1.7845,0.0,0.0,0.0,29.9784,24.0,24.0,37.0,36.0,15.0,0.0,0.0,0.0,0.0,62.5853,0.0,46.3681,0.0,0.0
3084.0,1.7532,0.0942,1.0,0.0796,1.2012,1.8633,0.8633,2.2923,1.2923,21.8774,1.8751,21.5503,1.862,100.0,0.0,0.0,0.0,24.375,0.0,25.375,0.0,25.25,0.0,24.125,10.0,0.0,0.0077,53.0384,5.3038,2.0,675.0444,2.1317,0.7462,1.445,0.7187,1.442,0.0014,2.1505,0.0017,2.4071,10.0,0.0685,1.0018,0.1391,2.3651,0.0066,1.0387,0.0507,1.9269,0.0,0.0,0.0,29.9782,25.0,24.0,37.0,36.0,14.0,0.0,0.0,0.0,0.0,62.5849,0.0,46.3674,0.0,0.0
3085.0,1.753,0.0941,1.0,0.0795,1.201,1.8629,0.8629,2.2921,1.2921,21.99,1.8796,21.5797,1.8632,100.0,0.0,0.0,0.0,24.125,0.0,25.375,0.0,25.25,0.0,24.25,10.0,0.0,0.0083,53.038,5.3038,2.0,679.2609,2.1328,0.7522,1.4457,0.7295,1.4432,0.0014,2.1522,0.0017,2.4139,10.0,0.0657,1.0018,0.1628,2.4334,0.0057,0.9748,0.0457,1.8822,0.0,0.0,0.0,29.9784,25.0,24.0,37.0,36.0,13.0,0.0,0.0,0.0,0.0,62.5852,0.0,46.3676,0.0,0.0
3086.0,1.754,0.0943,1.0,0.0796,1.2012,1.8629,0.8629,2.2925,1.2925,22.1159,1.8846,21.5699,1.8628,100.0,0.0,0.0,0.0,24.375,0.0,25.5,0.0,25.375,0.0,24.25,10.0,0.0,0.008,53.038,5.3038,2.0,679.9007,2.133,0.5483,1.4235,0.713,1.4414,0.0014,2.1539,0.0017,2.4244,10.0,0.0619,1.0017,0.1573,2.4186,0.0052,0.9398,0.0458,1.8824,0.0,0.0,0.0,29.9787,25.0,24.0,37.0,36.0,14.0,0.0,0.0,0.0,0.0,62.5858,0.0,46.368,0.0,0.0
3087.0,1.7541,0.0943,1.0,0.0796,1.2012,1.8633,0.8633,2.2926,1.2926,22.0699,1.8828,21.5593,1.8624,100.0,0.0,0.0,0.0,24.25,0.0,25.375,0.0,25.375,0.0,24.25,10.0,0.0,0.0077,53.0379,5.3038,2.0,676.3102,2.1321,0.4379,1.4114,0.7151,1.4416,0.0014,2.1555,0.0017,2.4337,10.0,0.0595,1.0016,0.133,2.3457,0.0059,0.9908,0.0447,1.8718,0.0,0.0,0.0,29.9787,25.0,24.0,37.0,36.0,13.0,0.0,0.0,0.0,0.0,62.5853,0.0,46.3681,0.0,0.0
3088.0,1.7541,0.0943,1.0,0.0796,1.2013,1.8634,0.8634,2.2929,1.2929,21.9821,1.8793,21.5484,1.8619,100.0,0.0,0.0,0.0,24.25,0.0,25.375,0.0,25.25,0.0,24.125,10.0,0.0,0.0077,53.0376,5.3037,2.0,680.1182,2.133,0.4813,1.4161,0.712,1.4413,0.0015,2.157,0.0017,2.4391,10.0,0.0641,1.0017,0.1475,2.3905,0.0058,0.9835,0.0397,1.8204,0.0,0.0,0.0,29.9786,24.0,24.0,37.0,36.0,13.0,0.0,0.0,0.0,0.0,62.5852,0.0,46.3684,0.0,0.0
3089.0,1.5151,0.0644,1.0,0.0797,1.2015,1.8633,0.8633,2.2927,1.2927,21.8814,1.8753,21.5495,1.862,100.0,0.0,0.0,0.0,24.375,0.0,25.375,0.0,25.125,0.0,24.25,10.0,0.0,0.008,53.0377,5.3038,2.0,686.8156,2.1347,0.5882,1.4278,0.7095,1.441,0.0015,2.1587,0.0017,2.4488,10.0,0.0654,1.0017,0.1402,2.3687,0.0064,1.0283,0.0577,1.9828,0.0,0.0,0.0,29.9781,24.0,24.0,37.0,36.0,14.0,0.0,0.0,0.0,0.0,62.5855,0.0,46.3675,0.0,0.0
3090.0,1.3685,0.0461,1.0,0.0795,1.2008,1.8625,0.8625,2.2926,1.2926,22.0232,1.8809,21.5719,1.8629,100.0,0.0,0.0,0.0,24.25,0.0,25.375,0.0,25.25,0.0,24.25,10.0,0.0,0.0075,53.0377,5.3038,2.0,694.5411,2.1367,0.6965,1.4396,0.7053,1.4406,0.0015,2.1606,0.0017,2.4586,10.0,0.0605,1.0016,0.1098,2.2624,0.0061,1.005,0.0524,1.9409,0.0,0.0,0.0,29.9788,24.0,24.0,37.0,36.0,12.0,0.0,0.0,0.0,0.0,62.5856,0.0,46.368,0.0,0.0
3091.0,1.2925,0.0366,1.0,0.0796,1.2012,1.8623,0.8623,2.2927,1.2927,22.1149,1.8846,21.5674,1.8627,100.0,0.0,0.0,0.0,24.25,0.0,25.375,0.0,25.25,0.0,24.25,10.0,0.0,0.0083,53.0372,5.3037,2.0,700.3859,2.1381,0.7136,1.4415,0.7042,1.4405,0.0015,2.1617,0.0017,2.4659,10.0,0.0623,1.0017,0.1291,2.3329,0.0061,1.0056,0.0486,1.9088,0.0,0.0,0.0,29.9786,24.0,24.0,37.0,36.0,13.0,0.0,0.0,0.0,0.0,62.5851,0.0,46.3678,0.0,0.0
3092.0,1.4017,0.0502,1.0,0.0794,1.2006,1.8629,0.8629,2.293,1.293,22.1073,1.8843,21.554,1.8622,100.0,0.0,0.0,0.0,24.25,0.0,25.5,0.0,25.25,0.0,24.25,10.0,0.0,0.0078,53.0371,5.3037,2.0,703.7526,2.139,0.7123,1.4413,0.7064,1.4407,0.0015,2.1634,0.0017,2.4752,10.0,0.0592,1.0016,0.107,2.2514,0.0066,1.0413,0.0621,2.0152,0.0,0.0,0.0,29.9787,25.0,24.0,37.0,36.0,14.0,0.0,0.0,0.0,0.0,62.5856,0.0,46.368,0.0,0.0
3093.0,1.55,0.0688,1.0,0.0794,1.2006,1.8634,0.8634,2.2929,1.2929,22.0061,1.8802,21.5569,1.8623,100.0,0.0,0.0,0.0,24.25,0.0,25.5,0.0,25.375,0.0,24.25,10.0,0.0,0.0079,53.0371,5.3037,2.0,715.1699,2.1418,0.8458,1.4559,0.7089,1.441,0.0015,2.1649,0.0018,2.4834,10.0,0.0589,1.0016,0.1152,2.2834,0.0056,0.9708,0.0529,1.9457,0.0,0.0,0.0,29.9788,25.0,24.0,37.0,36.0,14.0,0.0,0.0,0.0,0.0,62.5856,0.0,46.3681,0.0,0.0
3094.0,1.6318,0.079,1.0,0.0794,1.2006,1.8629,0.8629,2.2927,1.2927,21.8898,1.8756,21.5461,1.8618,100.0,0.0,0.0,0.0,24.25,0.0,25.375,0.0,25.25,0.0,24.25,10.0,0.0,0.0086,53.0369,5.3037,2.0,720.2407,2.143,0.8272,1.4539,0.7078,1.4409,0.0015,2.1666,0.0018,2.4919,10.0,0.0609,1.0016,0.1001,2.2224,0.0056,0.9678,0.0548,1.9603,0.0,0.0,0.0,29.9787,25.0,24.0,37.0,36.0,14.0,0.0,0.0,0.0,0.0,62.5857,0.0,46.3687,0.0,0.0
3095.0,1.6769,0.0846,1.0,0.0796,1.2011,1.863,0.863,2.2926,1.2926,21.9535,1.8781,21.5662,1.8626,100.0,0.0,0.0,0.0,24.25,0.0,25.5,0.0,25.125,0.0,24.125,10.0,0.0,0.0085,53.0367,5.3036,2.0,728.3831,2.1449,0.8237,1.4535,0.702,1.4402,0.0015,2.1683,0.0018,2.5,10.0,0.0611,1.0016,0.0961,2.2045,0.0056,0.9673,0.0534,1.9494,0.0,0.0,0.0,29.9782,25.0,24.0,37.0,36.0,13.0,0.0,1.0,0.0,0.0,62.5849,0.0,46.3675,0.0,0.0
3096.0,1.7009,0.0876,1.0,0.0796,1.2012,1.8628,0.8628,2.2922,1.2922,22.1082,1.8843,21.5794,1.8632,100.0,0.0,0.0,0.0,24.125,0.0,25.5,0.0,25.25,0.0,24.125,10.0,0.0,0.0085,53.0367,5.3036,2.0,734.4341,2.1464,0.8318,1.4544,0.7007,1.4401,0.0015,2.1699,0.0018,2.5094,10.0,0.0605,1.0016,0.0832,2.1419,0.0063,1.0191,0.0559,1.9694,0.0,0.0,0.0,29.9788,24.0,24.0,37.0,36.0,15.0,0.0,1.0,2.94,0.0,62.5852,0.0,46.3681,0.0,0.0
3097.0,1.7218,0.0902,1.0,0.0797,1.2015,1.8632,0.8632,2.293,1.293,22.1025,1.8841,21.5564,1.8623,100.0,0.0,0.0,0.0,24.375,0.0,25.375,0.0,25.25,0.0,24.125,10.0,0.0,0.0079,53.0367,5.3037,2.0,739.262,2.1475,0.7626,1.4468,0.6948,1.4394,0.0015,2.1716,0.0018,2.5184,10.0,0.0612,1.0016,0.0978,2.2121,0.0065,1.0328,0.0453,1.8779,0.0,0.0,0.0,29.9787,24.0,24.0,37.0,36.0,14.0,0.0,1.0,5.88,0.0,62.5855,0.0,46.3681,0.0,0.0
3098.0,1.7371,0.0921,1.0,0.0797,1.2015,1.8633,0.8633,2.293,1.293,21.9929,1.8797,21.5549,1.8622,100.0,0.0,0.0,0.0,24.25,0.0,25.375,0.0,25.25,0.0,24.125,10.0,0.0,0.0083,53.0366,5.3036,2.0,743.5734,2.1485,0.7149,1.4416,0.6848,1.4383,0.0016,2.1733,0.0018,2.5303,10.0,0.0666,1.0018,0.0732,2.0861,0.0065,1.0366,0.0463,1.8877,0.0,0.0,0.0,29.9783,24.0,24.0,37.0,36.0,14.0,0.0,1.0,8.97,0.0,62.5859,0.0,46.3676,0.0,0.0
3099.0,1.7444,0.0931,1.0,0.0796,1.2011,1.863,0.863,2.2927,1.2927,21.889,1.8756,21.5469,1.8619,100.0,0.0,0.0,0.0,24.25,0.0,25.375,0.0,25.125,0.0,24.125,10.0,0.0,0.0074,53.0363,5.3036,2.0,743.947,2.1486,0.621,1.4314,0.6771,1.4375,0.0016,2.1745,0.0018,2.5353,10.0,0.0605,1.0016,0.1432,2.3779,0.0063,1.0213,0.046,1.8845,0.0,0.0,0.0,29.9787,24.0,24.0,37.0,36.0,12.0,0.0,1.0,12.72,0.0,62.585,0.0,46.3674,0.0,0.0
3100.0,1.7502,0.0938,1.0,0.0796,1.2012,1.8627,0.8627,2.2926,1.2926,21.9321,1.8773,21.5654,1.8626,100.0,0.0,0.0,0.0,24.125,0.0,25.375,0.0,25.25,0.0,24.25,10.0,0.0,0.0084,53.0364,5.3036,2.0,746.0164,2.1491,0.6321,1.4326,0.6784,1.4376,0.0016,2.176,0.0018,2.5445,10.0,0.0613,1.0016,0.1389,2.3647,0.0064,1.0281,0.0463,1.8873,0.0,0.0,0.0,29.9786,25.0,24.0,37.0,36.0,15.0,0.0,1.0,15.06,0.0,62.5854,0.0,46.3676,0.0,0.0
3101.0,1.7525,0.0941,1.0,0.0797,1.2015,1.8627,0.8627,2.2923,1.2923,22.1011,1.884,21.5814,1.8633,100.0,0.0,0.0,0.0,24.25,0.0,25.375,0.0,25.25,0.0,24.25,10.0,0.0,0.0079,53.0361,5.3036,2.0,753.0867,2.1507,0.676,1.4374,0.6789,1.4377,0.0016,2.1777,0.0018,2.5541,10.0,0.0614,1.0016,0.1192,2.2982,0.0056,0.9668,0.0416,1.8406,0.0,0.0,0.0,29.9789,25.0,24.0,37.0,36.0,14.0,0.0,1.0,18.15,0.0,62.5852,0.0,46.3676,0.0,0.0
3102.0,1.7541,0.0943,1.0,0.0798,1.2016,1.8632,0.8632,2.2926,1.2926,22.1122,1.8845,21.5667,1.8627,100.0,0.0,0.0,0.0,24.125,0.0,25.375,0.0,25.25,0.0,24.125,10.0,0.0,0.0079,53.0362,5.3036,2.0,758.1985,2.1519,0.6763,1.4374,0.6804,1.4379,0.0016,2.1793,0.0019,2.5627,10.0,0.0635,1.0017,0.1314,2.3404,0.0071,1.0701,0.0407,1.8316,0.0,0.0,0.0,29.9781,25.0,24.0,37.0,36.0,14.0,0.0,1.0,21.69,0.0,62.5855,0.0,46.3676,0.0,0.0
3103.0,1.7642,0.0955,1.0,0.0797,1.2015,1.8633,0.8633,2.2925,1.2925,22.0374,1.8815,21.5588,1.8624,100.0,0.0,0.0,0.0,24.125,0.0,25.25,0.0,25.25,0.0,24.125,10.0,0.0,0.0078,53.0356,5.3036,2.0,764.2034,2.1533,0.6463,1.4341,0.6807,1.4379,0.0016,2.1807,0.0019,2.5753,10.0,0.0644,1.0017,0.1073,2.2526,0.0062,1.0132,0.0368,1.7871,0.0,0.0,0.0,29.9778,25.0,24.0,37.0,36.0,13.0,0.0,1.0,24.18,0.0,62.5854,0.0,46.3677,0.0,0.0
