Unnamed: 0,adj neg air pressure raw,adj neg air pressure,current alarm mode,cont air counts raw,cont air counts,makeup wtr cond down raw,makeup wtr cond down,makeup wtr cond up raw,makeup wtr cond up,makeup wtr temp down,makeup wtr temp down raw,makeup wtr temp up,makeup wtr temp up raw,DAS health index,0-15 channel error,16-31 channel error status,error detection status 2,card temperature 2,error detection status 3,card temperature 3,error detection status 4,card temperature 4,error detection status 5,card temperature 5,fc positioning 10V supply,fiss-active-state,fiss-position,mag-current,mag-current-raw,mstat,nfd-1-cps,nfd-1cps-raw,nfd-1-cr,nfd-1-cr-raw,nfd-2-cr,nfd-2-cr-raw,nfd-2-log,nfd-2-log-raw,nfd-3-pwr,nfd-3-pwr-raw,nfd-3-pwr-rng,nfd-4-flux,nfd-4-flux-raw,ram-con-lvl,rom-con-lvl-raw,ram-pool-lvl,ram-pool-lvl-raw,ram-wtr-lvl,ram-wtr-lvl-raw,rcs-scram-rel-q,rcs-scram-st-q,rr-active-state,rr-position,rtpbtempa_00,rtpbtempb_00,rtpctempa_00,rtpctempb_00,rtphactcnta_00,rtphactcntb_00,src-active-state,src-position,ss1-active-state,ss1-position,ss2-active-state,ss2-position,ack-button,manual-scram
19904.0,1.6981,0.0873,1.0,2.5436,349.6472,1.798,0.798,2.374,1.374,20.5233,1.8209,19.9518,1.7981,100.0,0.0,0.0,0.0,25.125,0.0,26.375,0.0,26.125,0.0,25.25,10.0,0.0,0.0087,53.8578,5.3857,2.0,5.8404,1.3066,-0.1594,1.3463,0.0051,1.3642,1.003e-05,1.0007,0.0005,2.3454,11.0,0.0575,1.0015,0.2763,2.6633,0.0066,1.0389,0.0403,1.8276,0.0,0.0,0.0,-0.1549,25.0,25.0,38.0,37.0,13.0,0.0,0.0,0.0,0.0,0.921,0.0,0.0096,0.0,0.0
19905.0,1.6982,0.0873,1.0,2.5441,350.0536,1.7984,0.7984,2.3739,1.3739,20.4428,1.8177,19.9346,1.7974,100.0,0.0,0.0,0.0,25.125,0.0,26.375,0.0,26.125,0.0,25.25,10.0,0.0,0.009,53.8554,5.3854,2.0,5.7502,1.3039,-0.1915,1.3427,0.0216,1.366,1.003e-05,1.0007,0.0005,2.345,11.0,0.0571,1.0015,0.2831,2.6737,0.0063,1.0222,0.0541,1.955,0.0,0.0,0.0,-0.1549,25.0,25.0,38.0,37.0,14.0,0.0,0.0,0.0,0.0,0.9205,0.0,0.0103,0.0,0.0
19906.0,1.699,0.0874,1.0,2.5443,350.2223,1.7984,0.7984,2.3739,1.3739,20.3353,1.8134,19.9399,1.7976,100.0,0.0,0.0,0.0,25.125,0.0,26.5,0.0,26.125,0.0,25.25,10.0,0.0,0.0085,53.8535,5.3853,2.0,5.732,1.3033,-0.1683,1.3453,0.0178,1.3656,1.004e-05,1.0009,0.0005,2.3446,11.0,0.0609,1.0016,0.2164,2.5571,0.0059,0.9895,0.0513,1.9321,0.0,0.0,0.0,-0.1552,25.0,25.0,38.0,37.0,12.0,0.0,0.0,0.0,0.0,0.9207,0.0,0.0101,0.0,0.0
19907.0,1.6986,0.0873,1.0,2.5438,349.7969,1.7986,0.7986,2.3737,1.3737,20.2976,1.8119,19.9485,1.7979,100.0,0.0,0.0,0.0,25.125,0.0,26.5,0.0,26.25,0.0,25.25,10.0,0.0,0.008,53.8515,5.385,2.0,5.6986,1.3023,-0.2404,1.3374,0.0147,1.3652,1.003e-05,1.0008,0.0005,2.3492,11.0,0.0563,1.0015,0.2002,2.5234,0.006,1.0013,0.0559,1.9695,0.0,0.0,0.0,-0.1545,25.0,25.0,38.0,37.0,14.0,0.0,0.0,0.0,0.0,0.9208,0.0,0.0103,0.0,0.0
19908.0,1.6961,0.087,1.0,2.5441,350.0464,1.798,0.798,2.3736,1.3736,20.4328,1.8173,19.9606,1.7984,100.0,0.0,0.0,0.0,25.125,0.0,26.375,0.0,26.125,0.0,25.25,10.0,0.0,0.0078,53.849,5.3848,2.0,5.5997,1.2993,-0.2211,1.3395,0.0105,1.3648,1.003e-05,1.0008,0.0005,2.3491,11.0,0.0564,1.0015,0.2084,2.5407,0.0059,0.991,0.0491,1.9132,0.0,0.0,0.0,-0.1547,25.0,25.0,38.0,37.0,15.0,0.0,0.0,0.0,0.0,0.9208,0.0,0.0099,0.0,0.0
19909.0,1.696,0.087,1.0,2.5444,350.2405,1.7981,0.7981,2.374,1.374,20.527,1.8211,19.9453,1.7978,100.0,0.0,0.0,0.0,25.125,0.0,26.375,0.0,26.125,0.0,25.25,10.0,0.0,0.0082,53.8466,5.3846,2.0,5.611,1.2996,-0.2385,1.3376,0.0065,1.3643,1.003e-05,1.0008,0.0005,2.3486,11.0,0.0595,1.0016,0.1755,2.4662,0.007,1.0674,0.0484,1.9068,0.0,0.0,0.0,-0.1546,25.0,25.0,38.0,37.0,13.0,0.0,0.0,0.0,0.0,0.9207,0.0,0.0101,0.0,0.0
19910.0,1.695,0.0869,1.0,2.5442,350.1288,1.7983,0.7983,2.3743,1.3743,20.4766,1.8191,19.9351,1.7974,100.0,0.0,0.0,0.0,25.125,0.0,26.5,0.0,26.125,0.0,25.25,10.0,0.0,0.0086,53.8448,5.3843,2.0,5.5549,1.2979,-0.2824,1.3328,0.0253,1.3664,1.004e-05,1.0009,0.0005,2.3481,11.0,0.0595,1.0016,0.1727,2.4592,0.0065,1.0337,0.0424,1.8492,0.0,0.0,0.0,-0.1552,25.0,25.0,38.0,37.0,14.0,0.0,0.0,0.0,0.0,0.9209,0.0,0.0097,0.0,0.0
19911.0,1.6946,0.0868,1.0,2.5442,350.0947,1.7984,0.7984,2.3743,1.3743,20.3584,1.8143,19.9325,1.7973,100.0,0.0,0.0,0.0,25.125,0.0,26.375,0.0,26.0,0.0,25.25,10.0,0.0,0.0084,53.842,5.3841,2.0,5.4598,1.2949,-0.2818,1.3329,0.021,1.3659,1.004e-05,1.0009,0.0005,2.3477,11.0,0.0617,1.0016,0.151,2.4007,0.0063,1.0201,0.0421,1.8462,0.0,0.0,0.0,-0.1547,25.0,25.0,38.0,37.0,14.0,0.0,0.0,0.0,0.0,0.9208,0.0,0.01,0.0,0.0
19912.0,1.6939,0.0867,1.0,2.5445,350.3324,1.7983,0.7983,2.3741,1.3741,20.2935,1.8117,19.9389,1.7976,100.0,0.0,0.0,0.0,25.125,0.0,26.375,0.0,26.125,0.0,25.25,10.0,0.0,0.0079,53.8399,5.3839,2.0,5.5555,1.2979,-0.2363,1.3379,0.0182,1.3656,1.004e-05,1.001,0.0005,2.3471,11.0,0.0661,1.0018,0.1656,2.441,0.0063,1.0228,0.0419,1.8437,0.0,0.0,0.0,-0.1544,25.0,25.0,38.0,37.0,15.0,0.0,0.0,0.0,0.0,0.9206,0.0,0.0103,0.0,0.0
19913.0,1.6949,0.0869,1.0,2.5441,350.0531,1.7975,0.7975,2.3739,1.3739,20.4297,1.8172,19.9495,1.798,100.0,0.0,0.0,0.0,25.0,0.0,26.5,0.0,26.125,0.0,25.375,10.0,0.0,0.0086,53.8377,5.3836,2.0,5.6454,1.3007,-0.1068,1.352,0.0127,1.365,1.004e-05,1.001,0.0005,2.3468,11.0,0.0655,1.0017,0.1599,2.4256,0.0055,0.9639,0.0395,1.8182,0.0,0.0,0.0,-0.1549,25.0,25.0,38.0,37.0,15.0,0.0,0.0,0.0,64.0,0.9723,0.0,0.0106,0.0,0.0
19914.0,1.6959,0.087,1.0,2.5439,349.8653,1.7976,0.7976,2.3742,1.3742,20.5214,1.8209,19.9471,1.7979,100.0,0.0,0.0,0.0,25.125,0.0,26.375,0.0,26.125,0.0,25.25,10.0,0.0,0.0087,53.835,5.3834,2.0,5.6977,1.3023,-0.1283,1.3496,0.0087,1.3646,1.004e-05,1.0009,0.0005,2.3459,11.0,0.0603,1.0016,0.177,2.4698,0.0065,1.0361,0.0358,1.7752,0.0,0.0,0.0,-0.1548,25.0,25.0,38.0,37.0,12.0,0.0,0.0,0.0,64.0,1.0791,0.0,0.0101,0.0,0.0
19915.0,1.6951,0.0869,1.0,2.544,349.9839,1.7983,0.7983,2.374,1.374,20.4738,1.819,19.9369,1.7975,100.0,0.0,0.0,0.0,25.125,0.0,26.25,0.0,26.125,0.0,25.25,10.0,0.0,0.0089,53.8332,5.3832,2.0,5.6948,1.3022,-0.1023,1.3525,0.026,1.3665,1.004e-05,1.0009,0.0005,2.3457,11.0,0.0606,1.0016,0.2153,2.5548,0.0054,0.9575,0.0383,1.8055,0.0,0.0,0.0,-0.1548,25.0,25.0,38.0,37.0,14.0,0.0,0.0,0.0,64.0,1.3022,0.0,0.0108,0.0,0.0
19916.0,1.6932,0.0867,1.0,2.544,349.9854,1.7984,0.7984,2.3743,1.3743,20.3789,1.8152,19.933,1.7973,100.0,0.0,0.0,0.0,25.125,0.0,26.375,0.0,26.0,0.0,25.25,10.0,0.0,0.0084,53.8313,5.383,2.0,5.7198,1.303,-0.0706,1.3559,0.0213,1.366,1.004e-05,1.0008,0.0005,2.3451,11.0,0.0584,1.0016,0.1948,2.5115,0.0059,0.996,0.0495,1.9167,0.0,0.0,0.0,-0.1548,25.0,25.0,38.0,37.0,13.0,0.0,0.0,0.0,64.0,1.4741,0.0,0.0103,0.0,0.0
19917.0,1.6929,0.0866,1.0,2.5438,349.7916,1.7984,0.7984,2.3741,1.3741,20.2968,1.8119,19.9347,1.7974,100.0,0.0,0.0,0.0,25.125,0.0,26.375,0.0,26.125,0.0,25.25,10.0,0.0,0.008,53.8292,5.3828,2.0,5.6884,1.302,-0.14,1.3484,0.0163,1.3654,1.003e-05,1.0008,0.0005,2.3447,11.0,0.056,1.0015,0.1747,2.4642,0.0063,1.0196,0.0516,1.9344,0.0,0.0,0.0,-0.1545,25.0,25.0,38.0,37.0,14.0,0.0,0.0,0.0,64.0,1.6497,0.0,0.0101,0.0,0.0
19918.0,1.6929,0.0866,1.0,2.544,349.9165,1.798,0.798,2.3739,1.3739,20.3949,1.8158,19.9557,1.7982,100.0,0.0,0.0,0.0,25.125,0.0,26.375,0.0,26.125,0.0,25.25,10.0,0.0,0.0079,53.8272,5.3826,2.0,5.6439,1.3006,-0.1571,1.3465,0.0125,1.365,1.004e-05,1.0009,0.0005,2.3444,11.0,0.0601,1.0016,0.2646,2.6445,0.0059,0.9891,0.0645,2.0312,0.0,0.0,0.0,-0.1552,25.0,25.0,38.0,38.0,13.0,0.0,0.0,0.0,64.0,1.8787,0.0,0.0101,0.0,0.0
19919.0,1.693,0.0866,1.0,2.5436,349.609,1.7978,0.7978,2.3738,1.3738,20.5167,1.8207,19.9532,1.7981,100.0,0.0,0.0,0.0,25.125,0.0,26.25,0.0,26.125,0.0,25.25,10.0,0.0,0.0083,53.8248,5.3824,2.0,5.5159,1.2966,-0.2644,1.3348,0.0067,1.3644,1.003e-05,1.0008,0.0005,2.3439,11.0,0.0571,1.0015,0.2217,2.5677,0.006,0.9967,0.0695,2.064,0.0,0.0,0.0,-0.1542,25.0,25.0,38.0,38.0,14.0,0.0,0.0,0.0,64.0,2.0073,0.0,0.0102,0.0,0.0
19920.0,1.694,0.0867,1.0,2.5441,349.9914,1.7983,0.7983,2.3741,1.3741,20.491,1.8196,19.9387,1.7975,100.0,0.0,0.0,0.0,25.125,0.0,26.25,0.0,26.125,0.0,25.125,10.0,0.0,0.0085,53.8226,5.3822,2.0,5.3729,1.2921,-0.3176,1.329,0.0235,1.3662,1.003e-05,1.0008,0.0005,2.349,11.0,0.0571,1.0015,0.1993,2.5213,0.007,1.0675,0.0651,2.0355,0.0,0.0,0.0,-0.1551,25.0,25.0,38.0,38.0,14.0,0.0,0.0,0.0,64.0,2.173,0.0,0.0102,0.0,0.0
19921.0,1.6937,0.0867,1.0,2.5442,350.1341,1.7984,0.7984,2.3743,1.3743,20.3816,1.8153,19.9321,1.7973,100.0,0.0,0.0,0.0,25.125,0.0,26.375,0.0,26.125,0.0,25.125,10.0,0.0,0.0078,53.8207,5.382,2.0,5.3774,1.2922,-0.3091,1.3299,0.0216,1.366,1.004e-05,1.001,0.0005,2.3485,11.0,0.063,1.0017,0.1764,2.4683,0.0063,1.0237,0.0694,2.0635,0.0,0.0,0.0,-0.1545,25.0,25.0,38.0,38.0,15.0,0.0,0.0,0.0,64.0,2.3329,0.0,0.0104,0.0,0.0
19922.0,1.6882,0.086,1.0,2.5443,350.2052,1.7984,0.7984,2.3737,1.3737,20.2982,1.8119,19.9307,1.7972,100.0,0.0,0.0,0.0,25.125,0.0,26.25,0.0,26.25,0.0,25.125,10.0,0.0,0.0082,53.8186,5.3817,2.0,5.3843,1.2925,-0.3099,1.3298,0.0175,1.3655,1.003e-05,1.0008,0.0005,2.3481,11.0,0.0583,1.0016,0.2274,2.5786,0.0058,0.9872,0.0649,2.034,0.0,0.0,0.0,-0.1546,25.0,25.0,38.0,37.0,13.0,0.0,0.0,0.0,64.0,2.5335,0.0,0.0101,0.0,0.0
19923.0,1.6897,0.0862,1.0,2.5445,350.3504,1.798,0.798,2.3736,1.3736,20.3845,1.8154,19.9551,1.7982,100.0,0.0,0.0,0.0,25.0,0.0,26.375,0.0,26.0,0.0,25.25,10.0,0.0,0.0077,53.816,5.3815,2.0,5.3628,1.2918,-0.2312,1.3384,0.0143,1.3652,1.004e-05,1.001,0.0005,2.3475,11.0,0.0664,1.0018,0.2518,2.6229,0.0063,1.0206,0.0604,2.0025,0.0,0.0,0.0,-0.1547,25.0,25.0,38.0,37.0,13.0,0.0,0.0,0.0,64.0,2.7387,0.0,0.0099,0.0,0.0
19924.0,1.6939,0.0867,1.0,2.5441,350.0389,1.7975,0.7975,2.3738,1.3738,20.527,1.8211,19.9492,1.798,100.0,0.0,0.0,0.0,25.0,0.0,26.25,0.0,26.25,0.0,25.25,10.0,0.0,0.0075,53.8137,5.3812,2.0,5.4639,1.295,-0.2169,1.34,0.0092,1.3646,1.004e-05,1.001,0.0005,2.3471,11.0,0.0635,1.0017,0.2416,2.605,0.0062,1.0117,0.0583,1.9874,0.0,0.0,0.0,-0.1547,25.0,25.0,38.0,37.0,16.0,0.0,0.0,0.0,64.0,2.893,0.0,0.0099,0.0,0.0
19925.0,1.6939,0.0867,1.0,2.544,349.9282,1.7979,0.7979,2.3744,1.3744,20.5075,1.8203,19.9355,1.7974,100.0,0.0,0.0,0.0,25.125,0.0,26.25,0.0,26.125,0.0,25.25,10.0,0.0,0.0084,53.8117,5.3811,2.0,5.387,1.2925,-0.2635,1.3349,0.026,1.3665,1.004e-05,1.0008,0.0005,2.3464,11.0,0.061,1.0016,0.1967,2.5156,0.0063,1.0199,0.0529,1.9451,0.0,0.0,0.0,-0.1547,25.0,25.0,38.0,37.0,14.0,0.0,0.0,0.0,64.0,3.0735,0.0,0.0101,0.0,0.0
19926.0,1.6939,0.0867,1.0,2.5439,349.8728,1.7983,0.7983,2.3743,1.3743,20.416,1.8166,19.9333,1.7973,100.0,0.0,0.0,0.0,25.125,0.0,26.375,0.0,26.125,0.0,25.25,10.0,0.0,0.0079,53.8096,5.3808,2.0,5.3138,1.2902,-0.2918,1.3318,0.0223,1.3661,1.004e-05,1.0009,0.0005,2.346,11.0,0.06,1.0016,0.2315,2.5864,0.0061,1.0081,0.0589,1.9921,0.0,0.0,0.0,-0.1549,25.0,25.0,38.0,37.0,13.0,0.0,0.0,0.0,64.0,3.2931,0.0,0.0101,0.0,0.0
19927.0,1.695,0.0869,1.0,2.5438,349.8032,1.7984,0.7984,2.3738,1.3738,20.288,1.8115,19.9313,1.7973,100.0,0.0,0.0,0.0,25.125,0.0,26.375,0.0,26.125,0.0,25.375,10.0,0.0,0.008,53.8078,5.3807,2.0,5.3838,1.2924,-0.1403,1.3483,0.016,1.3654,1.003e-05,1.0008,0.0005,2.3454,11.0,0.0572,1.0015,0.1863,2.492,0.0055,0.9611,0.0565,1.9743,0.0,0.0,0.0,-0.1547,25.0,25.0,38.0,37.0,14.0,0.0,0.0,0.0,64.0,3.44,0.0,0.0101,0.0,0.0
19928.0,1.696,0.087,1.0,2.544,349.9316,1.7977,0.7977,2.374,1.374,20.3496,1.814,19.9507,1.798,100.0,0.0,0.0,0.0,25.125,0.0,26.375,0.0,26.125,0.0,25.125,10.0,0.0,0.0081,53.8059,5.3805,2.0,5.4753,1.2954,-0.1379,1.3486,0.0127,1.365,1.004e-05,1.0009,0.0005,2.3451,11.0,0.0592,1.0016,0.214,2.5523,0.0057,0.9811,0.0466,1.8905,0.0,0.0,0.0,-0.1548,25.0,25.0,38.0,37.0,14.0,0.0,0.0,0.0,64.0,3.6118,0.0,0.0102,0.0,0.0
19929.0,1.6958,0.087,1.0,2.544,349.9304,1.7977,0.7977,2.374,1.374,20.5039,1.8202,19.9567,1.7983,100.0,0.0,0.0,0.0,25.125,0.0,26.375,0.0,26.375,0.0,25.25,10.0,0.0,0.0081,53.8038,5.3802,2.0,5.52,1.2968,-0.1354,1.3489,0.0077,1.3645,1.003e-05,1.0008,0.0005,2.3447,11.0,0.0572,1.0015,0.2093,2.5426,0.1317,2.3414,0.0493,1.915,0.0,0.0,0.0,-0.1548,25.0,25.0,38.0,37.0,16.0,0.0,0.0,0.0,64.0,3.7945,0.0,0.0101,0.0,0.0
19930.0,1.6939,0.0867,1.0,2.5439,349.885,1.7983,0.7983,2.374,1.374,20.513,1.8205,19.9403,1.7976,100.0,0.0,0.0,0.0,25.125,0.0,26.375,0.0,26.125,0.0,25.25,10.0,0.0,0.0088,53.8014,5.3801,2.0,5.3965,1.2928,-0.2222,1.3394,0.0244,1.3663,1.003e-05,1.0007,0.0005,2.3441,11.0,0.059,1.0016,0.199,2.5207,0.1137,2.2776,0.0628,2.0202,0.0,0.0,0.0,-0.1549,25.0,25.0,38.0,37.0,13.0,0.0,0.0,0.0,64.0,3.9845,0.0,0.01,0.0,0.0
19931.0,1.6934,0.0867,1.0,2.5441,350.0135,1.7984,0.7984,2.374,1.374,20.4041,1.8162,19.936,1.7974,100.0,0.0,0.0,0.0,25.125,0.0,26.375,0.0,26.125,0.0,25.25,10.0,0.0,0.0087,53.7992,5.3798,2.0,5.2965,1.2896,-0.2968,1.3313,0.0206,1.3659,1.003e-05,1.0008,0.0005,2.3439,11.0,0.0597,1.0016,0.1685,2.4486,0.1302,2.3364,0.0543,1.9566,0.0,0.0,0.0,-0.1554,25.0,25.0,38.0,37.0,13.0,0.0,0.0,0.0,64.0,4.145,0.0,0.0099,0.0,0.0
19932.0,1.6927,0.0866,1.0,2.5442,350.137,1.7984,0.7984,2.3738,1.3738,20.3052,1.8122,19.9317,1.7973,100.0,0.0,0.0,0.0,25.125,0.0,26.375,0.0,26.125,0.0,25.25,10.0,0.0,0.0079,53.7975,5.3796,2.0,5.2404,1.2877,-0.2761,1.3335,0.0176,1.3656,1.004e-05,1.0009,0.0005,2.3491,11.0,0.0601,1.0016,0.1894,2.4992,0.1117,2.27,0.0549,1.9611,0.0,0.0,0.0,-0.1547,25.0,25.0,38.0,37.0,15.0,0.0,0.0,0.0,64.0,4.2898,0.0,0.0096,0.0,0.0
19933.0,1.6858,0.0857,1.0,2.5443,350.199,1.7981,0.7981,2.3736,1.3736,20.3303,1.8132,19.9488,1.798,100.0,0.0,0.0,0.0,25.0,0.0,26.375,0.0,26.125,0.0,25.25,10.0,0.0,0.0077,53.7951,5.3794,2.0,5.3208,1.2904,-0.2337,1.3381,0.0126,1.365,1.004e-05,1.0009,0.0005,2.3486,11.0,0.0627,1.0017,0.2225,2.5691,0.1105,2.2651,0.0519,1.9371,0.0,0.0,0.0,-0.1548,25.0,25.0,38.0,37.0,14.0,0.0,0.0,0.0,64.0,4.4778,0.0,0.0103,0.0,0.0
19934.0,1.6836,0.0855,1.0,2.5442,350.1379,1.7978,0.7978,2.3736,1.3736,20.4974,1.8199,19.9571,1.7983,100.0,0.0,0.0,0.0,25.125,0.0,26.375,0.0,26.125,0.0,25.25,10.0,0.0,0.0078,53.793,5.3792,2.0,5.2956,1.2896,-0.2419,1.3372,0.0095,1.3647,1.004e-05,1.0009,0.0005,2.3483,11.0,0.0647,1.0017,0.2121,2.5484,0.0902,2.1769,0.0519,1.9368,0.0,0.0,0.0,-0.1548,25.0,25.0,38.0,37.0,13.0,0.0,0.0,0.0,64.0,4.6788,0.0,0.0099,0.0,0.0
19935.0,1.6826,0.0853,1.0,2.5443,350.2062,1.7982,0.7982,2.374,1.374,20.5161,1.8206,19.9415,1.7977,100.0,0.0,0.0,0.0,25.0,0.0,26.375,0.0,26.125,0.0,25.25,10.0,0.0,0.0085,53.7912,5.379,2.0,5.2841,1.2892,-0.2547,1.3359,0.0268,1.3666,1.004e-05,1.001,0.0005,2.3478,11.0,0.065,1.0017,0.194,2.5096,0.1066,2.2496,0.0646,2.0323,0.0,0.0,0.0,-0.1546,25.0,25.0,38.0,37.0,14.0,0.0,0.0,0.0,64.0,4.8518,0.0,0.0102,0.0,0.0
19936.0,1.6805,0.0851,1.0,2.5441,350.062,1.7988,0.7988,2.3739,1.3739,20.426,1.817,19.9439,1.7978,100.0,0.0,0.0,0.0,25.0,0.0,26.25,0.0,26.125,0.0,25.25,10.0,0.0,0.0084,53.789,5.3788,2.0,5.2055,1.2866,-0.2335,1.3382,0.0229,1.3661,1.004e-05,1.001,0.0005,2.347,11.0,0.0653,1.0017,0.2283,2.5803,0.0907,2.1796,0.0592,1.9942,0.0,0.0,0.0,-0.1551,25.0,25.0,38.0,37.0,13.0,0.0,0.0,0.0,64.0,5.0788,0.0,0.0103,0.0,0.0
19937.0,1.6802,0.085,1.0,2.544,349.9381,1.7988,0.7988,2.3738,1.3738,20.3245,1.813,19.9389,1.7976,100.0,0.0,0.0,0.0,25.0,0.0,26.375,0.0,26.0,0.0,25.375,10.0,0.0,0.0078,53.787,5.3786,2.0,5.3045,1.2899,-0.2153,1.3401,0.0184,1.3656,1.004e-05,1.0009,0.0005,2.3466,11.0,0.0637,1.0017,0.248,2.6164,0.2099,2.5439,0.0673,2.0498,0.0,0.0,0.0,-0.1548,25.0,25.0,38.0,37.0,14.0,0.0,0.0,0.0,64.0,5.2356,0.0,0.0099,0.0,0.0
19938.0,1.6801,0.085,1.0,2.5439,349.8776,1.7985,0.7985,2.3736,1.3736,20.3258,1.813,19.9572,1.7983,100.0,0.0,0.0,0.0,25.0,0.0,26.375,0.0,26.125,0.0,25.25,10.0,0.0,0.0076,53.7842,5.3783,2.0,5.1649,1.2852,-0.3247,1.3282,0.0128,1.365,1.003e-05,1.0008,0.0005,2.3459,11.0,0.0583,1.0016,0.1892,2.4987,0.1745,2.4637,0.093,2.1902,0.0,0.0,0.0,-0.1548,25.0,25.0,38.0,37.0,12.0,0.0,0.0,0.0,64.0,5.4426,0.0,0.0103,0.0,0.0
19939.0,1.6797,0.085,1.0,2.5442,350.144,1.7982,0.7982,2.3735,1.3735,20.4877,1.8195,19.9663,1.7987,100.0,0.0,0.0,0.0,25.0,0.0,26.5,0.0,26.125,0.0,25.25,10.0,0.0,0.0076,53.7827,5.3782,2.0,5.1004,1.283,-0.2948,1.3315,0.0082,1.3645,1.004e-05,1.001,0.0005,2.3457,11.0,0.065,1.0017,0.27,2.6532,0.1615,2.43,0.0912,2.182,0.0,0.0,0.0,-0.1546,25.0,25.0,38.0,37.0,13.0,0.0,0.0,0.0,64.0,5.6384,0.0,0.0101,0.0,0.0
19940.0,1.6783,0.0848,1.0,2.5445,350.3672,1.7977,0.7977,2.3743,1.3743,20.5247,1.821,19.9445,1.7978,100.0,0.0,0.0,0.0,25.125,0.0,26.5,0.0,26.125,0.0,25.25,10.0,0.0,0.0081,53.7812,5.378,2.0,5.1366,1.2843,-0.1833,1.3436,0.0177,1.3656,1.004e-05,1.001,0.0005,2.3453,11.0,0.0662,1.0018,0.2257,2.5754,0.1373,2.3595,0.0949,2.1993,0.0,0.0,0.0,-0.1552,25.0,25.0,38.0,37.0,15.0,0.0,0.0,0.0,64.0,5.8306,0.0,0.0102,0.0,0.0
19941.0,1.6782,0.0848,1.0,2.5446,350.4028,1.798,0.798,2.3743,1.3743,20.4544,1.8182,19.9349,1.7974,100.0,0.0,0.0,0.0,25.25,0.0,26.375,0.0,26.125,0.0,25.25,10.0,0.0,0.0084,53.7792,5.3778,2.0,5.3995,1.2929,-0.0972,1.353,0.0241,1.3663,1.004e-05,1.001,0.0005,2.3447,11.0,0.0664,1.0018,0.2683,2.6505,0.137,2.3587,0.0928,2.1894,0.0,0.0,0.0,-0.1546,25.0,25.0,38.0,37.0,15.0,0.0,0.0,0.0,64.0,6.005,0.0,0.0103,0.0,0.0
19942.0,1.6794,0.0849,1.0,2.5443,350.2054,1.7984,0.7984,2.3739,1.3739,20.3368,1.8135,19.9315,1.7973,100.0,0.0,0.0,0.0,25.125,0.0,26.375,0.0,26.125,0.0,25.25,10.0,0.0,0.0082,53.777,5.3776,2.0,5.3908,1.2927,-0.08,1.3549,0.0189,1.3657,1.004e-05,1.001,0.0005,2.3445,11.0,0.066,1.0018,0.2445,2.6101,0.1328,2.345,0.0913,2.1822,0.0,0.0,0.0,-0.1547,25.0,25.0,38.0,37.0,14.0,0.0,0.0,0.0,64.0,6.2205,0.0,0.0098,0.0,0.0
19943.0,1.6823,0.0853,1.0,2.5444,350.3047,1.7984,0.7984,2.374,1.374,20.2918,1.8117,19.9402,1.7976,100.0,0.0,0.0,0.0,25.125,0.0,26.25,0.0,26.125,0.0,25.25,10.0,0.0,0.0075,53.7754,5.3775,2.0,5.3582,1.2916,-0.1268,1.3498,0.0151,1.3653,1.004e-05,1.001,0.0005,2.344,11.0,0.0652,1.0017,0.2047,2.533,0.1272,2.3265,0.09,2.1761,0.0,0.0,0.0,-0.1547,25.0,25.0,38.0,37.0,13.0,0.0,0.0,0.0,64.0,6.3806,0.0,0.0099,0.0,0.0
19944.0,1.6847,0.0856,1.0,2.5443,350.167,1.7978,0.7978,2.3739,1.3739,20.4653,1.8186,19.9597,1.7984,100.0,0.0,0.0,0.0,25.125,0.0,26.375,0.0,26.125,0.0,25.25,10.0,0.0,0.0081,53.7728,5.3772,2.0,5.2674,1.2886,-0.2054,1.3412,0.01,1.3647,1.004e-05,1.001,0.0005,2.349,11.0,0.0651,1.0017,0.2163,2.5569,0.121,2.3046,0.1023,2.2319,0.0,0.0,0.0,-0.1548,25.0,25.0,38.0,37.0,12.0,0.0,0.0,0.0,64.0,6.5582,0.0,0.0102,0.0,0.0
19945.0,1.6865,0.0858,1.0,2.5443,350.1999,1.798,0.798,2.3739,1.3739,20.521,1.8208,19.9461,1.7978,100.0,0.0,0.0,0.0,25.125,0.0,26.25,0.0,26.125,0.0,25.375,10.0,0.0,0.0082,53.7713,5.377,2.0,5.1366,1.2843,-0.2594,1.3353,0.026,1.3665,1.004e-05,1.001,0.0005,2.3488,11.0,0.0671,1.0018,0.1901,2.5008,0.1273,2.3268,0.0908,2.18,0.0,0.0,0.0,-0.1548,25.0,25.0,38.0,37.0,14.0,0.0,0.0,0.0,64.0,6.784,0.0,0.0102,0.0,0.0
19946.0,1.6875,0.0859,1.0,2.5443,350.2054,1.7983,0.7983,2.3739,1.3739,20.4569,1.8183,19.9343,1.7974,100.0,0.0,0.0,0.0,25.0,0.0,26.25,0.0,26.125,0.0,25.25,10.0,0.0,0.0085,53.7691,5.3768,2.0,5.2254,1.2872,-0.1188,1.3507,0.0243,1.3663,1.004e-05,1.001,0.0005,2.3481,11.0,0.0641,1.0017,0.2315,2.5864,0.1141,2.2792,0.086,2.1562,0.0,0.0,0.0,-0.1546,25.0,25.0,38.0,37.0,14.0,0.0,0.0,0.0,64.0,6.9812,0.0,0.0105,0.0,0.0
19947.0,1.6887,0.0861,1.0,2.5443,350.1809,1.7984,0.7984,2.3739,1.3739,20.359,1.8144,19.9397,1.7976,100.0,0.0,0.0,0.0,25.125,0.0,26.375,0.0,26.125,0.0,25.375,10.0,0.0,0.0089,53.7673,5.3767,2.0,5.3057,1.2899,-0.1088,1.3518,0.02,1.3658,1.004e-05,1.001,0.0005,2.3478,11.0,0.0666,1.0018,0.2047,2.5329,0.1176,2.2923,0.0855,2.1539,0.0,0.0,0.0,-0.1545,25.0,25.0,38.0,37.0,14.0,0.0,0.0,0.0,64.0,7.1657,0.0,0.0107,0.0,0.0
19948.0,1.6906,0.0863,1.0,2.5443,350.1927,1.7988,0.7988,2.3736,1.3736,20.2824,1.8113,19.9479,1.7979,100.0,0.0,0.0,0.0,25.0,0.0,26.375,0.0,26.125,0.0,25.25,10.0,0.0,0.0077,53.7651,5.3765,2.0,5.3214,1.2904,-0.1376,1.3486,0.015,1.3653,1.004e-05,1.001,0.0005,2.3471,11.0,0.0663,1.0018,0.2572,2.6322,0.1015,2.2282,0.0847,2.15,0.0,0.0,0.0,-0.1545,25.0,25.0,38.0,37.0,14.0,0.0,0.0,0.0,64.0,7.1415,0.0,0.0101,0.0,0.0
19949.0,1.6928,0.0866,1.0,2.5443,350.1526,1.798,0.798,2.3736,1.3736,20.4069,1.8163,19.966,1.7986,100.0,0.0,0.0,0.0,25.0,0.0,26.375,0.0,26.125,0.0,25.25,10.0,0.0,0.0085,53.7635,5.3762,2.0,5.1713,1.2854,-0.2472,1.3367,0.0109,1.3648,1.004e-05,1.001,0.0005,2.3467,11.0,0.0661,1.0018,0.2135,2.5513,0.09,2.1759,0.0741,2.0919,0.0,0.0,0.0,-0.1544,25.0,25.0,38.0,37.0,15.0,0.0,0.0,0.0,64.0,7.5648,0.0,0.01,0.0,0.0
19950.0,1.6938,0.0867,1.0,2.5441,350.0044,1.7979,0.7979,2.3743,1.3743,20.5215,1.8209,19.9439,1.7978,100.0,0.0,0.0,0.0,25.0,0.0,26.25,0.0,26.125,0.0,25.25,10.0,0.0,0.0081,53.7614,5.376,2.0,5.0126,1.28,-0.2779,1.3333,0.0268,1.3666,1.004e-05,1.0009,0.0005,2.3461,11.0,0.0589,1.0016,0.1888,2.4978,0.0957,2.2029,0.0749,2.0961,0.0,0.0,0.0,-0.1544,25.0,25.0,38.0,37.0,12.0,0.0,0.0,0.0,64.0,7.4236,0.0,0.0106,0.0,0.0
19951.0,1.6939,0.0867,1.0,2.5442,350.1343,1.7983,0.7983,2.3743,1.3743,20.4854,1.8194,19.9364,1.7975,100.0,0.0,0.0,0.0,25.125,0.0,26.375,0.0,26.125,0.0,25.25,10.0,0.0,0.0084,53.7597,5.3759,2.0,5.0704,1.282,-0.2473,1.3367,0.0235,1.3662,1.004e-05,1.0008,0.0005,2.3456,11.0,0.0587,1.0016,0.1538,2.4087,0.0888,2.1703,0.0734,2.0876,0.0,0.0,0.0,-0.1545,25.0,25.0,38.0,37.0,13.0,0.0,0.0,0.0,64.0,7.9172,0.0,0.0105,0.0,0.0
19952.0,1.6929,0.0866,1.0,2.5442,350.1235,1.7984,0.7984,2.374,1.374,20.3957,1.8158,19.9426,1.7977,100.0,0.0,0.0,0.0,25.0,0.0,26.375,0.0,26.125,0.0,25.375,10.0,0.0,0.0087,53.7578,5.3757,2.0,5.0808,1.2824,-0.2321,1.3383,0.0199,1.3658,1.004e-05,1.0009,0.0005,2.3453,11.0,0.061,1.0016,0.1628,2.4335,0.0801,2.1253,0.0671,2.0487,0.0,0.0,0.0,-0.1548,25.0,25.0,38.0,37.0,13.0,0.0,0.0,0.0,64.0,8.1183,0.0,0.0102,0.0,0.0
19953.0,1.6875,0.0859,1.0,2.5443,350.1766,1.7983,0.7983,2.3741,1.3741,20.2896,1.8116,19.9336,1.7973,100.0,0.0,0.0,0.0,25.125,0.0,26.25,0.0,26.0,0.0,25.25,10.0,0.0,0.0085,53.7554,5.3754,2.0,5.0762,1.2822,-0.0887,1.354,0.0155,1.3653,1.004e-05,1.0009,0.0005,2.3447,11.0,0.0612,1.0016,0.1798,2.4767,0.0824,2.1377,0.0692,2.062,0.0,0.0,0.0,-0.1547,25.0,25.0,38.0,37.0,14.0,0.0,0.0,0.0,64.0,8.2978,0.0,0.0104,0.0,0.0
19954.0,1.6845,0.0856,1.0,2.5444,350.2381,1.7979,0.7979,2.374,1.374,20.4012,1.816,19.9558,1.7982,100.0,0.0,0.0,0.0,25.125,0.0,26.25,0.0,26.125,0.0,25.25,10.0,0.0,0.0087,53.7537,5.3753,2.0,5.4088,1.2932,0.0921,1.3737,0.0109,1.3648,1.004e-05,1.001,0.0005,2.3443,11.0,0.0634,1.0017,0.1799,2.4768,0.0657,2.0392,0.0663,2.0434,0.0,0.0,0.0,-0.1547,26.0,25.0,38.0,37.0,12.0,0.0,0.0,0.0,64.0,8.4833,0.0,0.0103,0.0,0.0
19955.0,1.6836,0.0854,1.0,2.5444,350.2648,1.7978,0.7978,2.3743,1.3743,20.5287,1.8211,19.9488,1.798,100.0,0.0,0.0,0.0,25.125,0.0,26.25,0.0,26.125,0.0,25.25,10.0,0.0,0.0084,53.7521,5.3751,2.0,5.4874,1.2957,0.1099,1.3756,0.0275,1.3666,1.004e-05,1.0009,0.0005,2.3441,11.0,0.0646,1.0017,0.1725,2.4585,0.0664,2.0438,0.0565,1.9736,0.0,0.0,0.0,-0.1547,26.0,25.0,38.0,38.0,13.0,0.0,0.0,0.0,64.0,8.6321,0.0,0.0103,0.0,0.0
19956.0,1.6846,0.0856,1.0,2.5445,350.3098,1.7979,0.7979,2.3744,1.3744,20.4847,1.8194,19.9364,1.7975,100.0,0.0,0.0,0.0,25.125,0.0,26.375,0.0,26.25,0.0,25.25,10.0,0.0,0.0083,53.7502,5.3749,2.0,5.5847,1.2988,0.0916,1.3736,0.0234,1.3662,1.004e-05,1.0009,0.0005,2.3439,11.0,0.0634,1.0017,0.1467,2.3882,0.068,2.0546,0.072,2.0792,0.0,0.0,0.0,-0.1545,26.0,25.0,38.0,38.0,15.0,0.0,0.0,0.0,64.0,8.7483,0.0,0.01,0.0,0.0
19957.0,1.6856,0.0857,1.0,2.5444,350.2418,1.798,0.798,2.3744,1.3744,20.3995,1.816,19.9335,1.7973,100.0,0.0,0.0,0.0,25.0,0.0,26.25,0.0,26.25,0.0,25.25,10.0,0.0,0.0082,53.7487,5.3748,2.0,5.5117,1.2965,0.0603,1.3702,0.0189,1.3657,1.003e-05,1.0008,0.0005,2.3431,11.0,0.0636,1.0017,0.143,2.3773,0.065,2.0346,0.0618,2.0132,0.0,0.0,0.0,-0.155,26.0,25.0,38.0,38.0,16.0,0.0,0.0,0.0,64.0,8.9902,0.0,0.0099,0.0,0.0
19958.0,1.6866,0.0858,1.0,2.5444,350.26,1.7984,0.7984,2.3741,1.3741,20.2934,1.8117,19.9331,1.7973,100.0,0.0,0.0,0.0,25.0,0.0,26.375,0.0,26.125,0.0,25.25,10.0,0.0,0.0087,53.7466,5.3746,2.0,5.3879,1.2926,-0.0534,1.3578,0.0139,1.3651,1.003e-05,1.0007,0.0005,2.3428,11.0,0.0573,1.0015,0.1414,2.3723,0.0554,1.9653,0.07,2.0671,0.0,0.0,0.0,-0.155,25.0,25.0,38.0,38.0,14.0,0.0,0.0,0.0,64.0,9.1651,0.0,0.01,0.0,0.0
19959.0,1.6876,0.086,1.0,2.5443,350.149,1.7979,0.7979,2.3737,1.3737,20.3831,1.8153,19.9543,1.7982,100.0,0.0,0.0,0.0,25.0,0.0,26.5,0.0,26.125,0.0,25.25,10.0,0.0,0.0084,53.7448,5.3744,2.0,5.2593,1.2884,-0.1345,1.349,0.0097,1.3647,1.003e-05,1.0007,0.0005,2.3426,11.0,0.0585,1.0016,0.107,2.2512,0.1684,2.4483,0.0687,2.0587,0.0,0.0,0.0,-0.1551,25.0,25.0,38.0,37.0,14.0,0.0,0.0,0.0,64.0,9.341,0.0,0.0101,0.0,0.0
19960.0,1.6929,0.0866,1.0,2.5441,350.0315,1.7978,0.7978,2.3738,1.3738,20.5261,1.821,19.9518,1.7981,100.0,0.0,0.0,0.0,25.125,0.0,26.375,0.0,26.0,0.0,25.25,10.0,0.0,0.0083,53.7427,5.3742,2.0,5.1961,1.2863,-0.1348,1.3489,0.0276,1.3666,1.003e-05,1.0008,0.0005,2.3421,11.0,0.0575,1.0015,0.1181,2.2941,0.1325,2.344,0.0611,2.0079,0.0,0.0,0.0,-0.1551,25.0,25.0,38.0,37.0,12.0,0.0,0.0,0.0,64.0,9.492,0.0,0.01,0.0,0.0
19961.0,1.6951,0.0869,1.0,2.5442,350.0851,1.7983,0.7983,2.3741,1.3741,20.5074,1.8203,19.9384,1.7975,100.0,0.0,0.0,0.0,25.0,0.0,26.375,0.0,26.125,0.0,25.25,10.0,0.0,0.0081,53.7408,5.374,2.0,5.1673,1.2853,-0.1465,1.3477,0.0249,1.3664,1.004e-05,1.001,0.0005,2.3436,11.0,0.0627,1.0017,0.1091,2.2597,0.1501,2.3983,0.0687,2.0588,0.0,0.0,0.0,-0.1547,25.0,25.0,38.0,37.0,14.0,0.0,0.0,0.0,64.0,9.6744,0.0,0.0103,0.0,0.0
19962.0,1.6978,0.0872,1.0,2.5442,350.1091,1.7984,0.7984,2.3739,1.3739,20.408,1.8163,19.9428,1.7977,100.0,0.0,0.0,0.0,25.0,0.0,26.375,0.0,26.125,0.0,25.25,10.0,0.0,0.0077,53.7387,5.3738,2.0,5.1787,1.2857,-0.1564,1.3466,0.0193,1.3657,1.004e-05,1.0009,0.0005,2.3472,11.0,0.0625,1.0017,0.0988,2.2167,0.123,2.3117,0.0665,2.0445,0.0,0.0,0.0,-0.1549,25.0,25.0,38.0,37.0,15.0,0.0,0.0,0.0,64.0,9.8519,0.0,0.01,0.0,0.0
19963.0,1.6991,0.0874,1.0,2.5441,350.0137,1.7988,0.7988,2.3738,1.3738,20.3042,1.8122,19.9395,1.7976,100.0,0.0,0.0,0.0,25.125,0.0,26.375,0.0,26.125,0.0,25.25,10.0,0.0,0.0077,53.737,5.3736,2.0,5.1314,1.2841,-0.1432,1.348,0.0164,1.3654,1.004e-05,1.0009,0.0005,2.3467,11.0,0.0615,1.0016,0.1007,2.225,0.1301,2.3361,0.068,2.0541,0.0,0.0,0.0,-0.155,25.0,25.0,38.0,37.0,16.0,0.0,0.0,0.0,64.0,10.0159,0.0,0.0099,0.0,0.0
19964.0,1.6982,0.0873,1.0,2.544,349.9126,1.7981,0.7981,2.374,1.374,20.3336,1.8133,19.951,1.798,100.0,0.0,0.0,0.0,25.0,0.0,26.25,0.0,26.125,0.0,25.25,10.0,0.0,0.0075,53.7355,5.3735,2.0,5.13,1.284,-0.1794,1.3441,0.0121,1.365,1.004e-05,1.0008,0.0005,2.3462,11.0,0.0607,1.0016,0.156,2.4151,0.1174,2.2914,0.0668,2.0466,0.0,0.0,0.0,-0.1544,25.0,25.0,38.0,37.0,12.0,0.0,0.0,0.0,64.0,10.1949,0.0,0.0103,0.0,0.0
19965.0,1.6971,0.0871,1.0,2.5439,349.8466,1.7978,0.7978,2.374,1.374,20.5102,1.8204,19.9554,1.7982,100.0,0.0,0.0,0.0,25.0,0.0,26.375,0.0,26.375,0.0,25.25,10.0,0.0,0.0076,53.7335,5.3732,2.0,5.1128,1.2835,-0.1565,1.3466,0.0291,1.3668,1.003e-05,1.0008,0.0005,2.3457,11.0,0.0594,1.0016,0.1868,2.4932,0.1103,2.2643,0.0614,2.0103,0.0,0.0,0.0,-0.1542,25.0,25.0,38.0,37.0,13.0,0.0,0.0,0.0,64.0,10.3606,0.0,0.0101,0.0,0.0
19966.0,1.6961,0.087,1.0,2.5439,349.8874,1.7986,0.7986,2.374,1.374,20.5134,1.8205,19.9505,1.798,100.0,0.0,0.0,0.0,25.125,0.0,26.25,0.0,26.0,0.0,25.25,10.0,0.0,0.0081,53.7313,5.373,2.0,5.0828,1.2824,-0.2078,1.341,0.0249,1.3663,1.004e-05,1.0008,0.0005,2.3454,11.0,0.0576,1.0015,0.1522,2.4043,0.1227,2.3108,0.0595,1.9962,0.0,0.0,0.0,-0.1548,25.0,25.0,38.0,37.0,14.0,0.0,0.0,0.0,64.0,10.5355,0.0,0.0103,0.0,0.0
19967.0,1.6991,0.0874,1.0,2.5439,349.8605,1.7988,0.7988,2.3739,1.3739,20.4303,1.8172,19.9438,1.7978,100.0,0.0,0.0,0.0,25.0,0.0,26.25,0.0,26.125,0.0,25.375,10.0,0.0,0.0077,53.7294,5.3729,2.0,5.0846,1.2825,-0.1425,1.3481,0.0206,1.3659,1.003e-05,1.0008,0.0005,2.3449,11.0,0.0601,1.0016,0.1529,2.4062,0.0885,2.1689,0.059,1.993,0.0,0.0,0.0,-0.1545,25.0,25.0,38.0,37.0,13.0,0.0,0.0,0.0,64.0,10.6857,0.0,0.0101,0.0,0.0
19968.0,1.7012,0.0876,1.0,2.5437,349.7395,1.7984,0.7984,2.3741,1.3741,20.3139,1.8126,19.9308,1.7972,100.0,0.0,0.0,0.0,25.125,0.0,26.375,0.0,26.125,0.0,25.25,10.0,0.0,0.008,53.7273,5.3726,2.0,5.1771,1.2856,-0.0823,1.3547,0.0155,1.3653,1.004e-05,1.0008,0.0005,2.3445,11.0,0.0599,1.0016,0.1151,2.2829,0.1072,2.2519,0.0495,1.9167,0.0,0.0,0.0,-0.1547,25.0,25.0,38.0,37.0,15.0,0.0,0.0,0.0,64.0,10.8882,0.0,0.0101,0.0,0.0
19969.0,1.7032,0.0879,1.0,2.544,349.9073,1.7981,0.7981,2.374,1.374,20.337,1.8135,19.9491,1.798,100.0,0.0,0.0,0.0,25.0,0.0,26.375,0.0,26.125,0.0,25.25,10.0,0.0,0.0076,53.7254,5.3725,2.0,5.2347,1.2876,-0.0316,1.3602,0.0133,1.3651,1.004e-05,1.0009,0.0005,2.344,11.0,0.06,1.0016,0.1213,2.3057,0.0799,2.1246,0.0503,1.9238,0.0,0.0,0.0,-0.1552,25.0,25.0,38.0,37.0,12.0,0.0,0.0,0.0,64.0,11.0708,0.0,0.0102,0.0,0.0
19970.0,1.7046,0.0881,1.0,2.544,349.9275,1.7978,0.7978,2.374,1.374,20.4992,1.82,19.9566,1.7983,100.0,0.0,0.0,0.0,25.125,0.0,26.5,0.0,26.125,0.0,25.25,10.0,0.0,0.0083,53.7238,5.3723,2.0,5.2728,1.2888,-0.0253,1.3609,0.0298,1.3669,1.004e-05,1.0009,0.0005,2.3438,11.0,0.0621,1.0017,0.1179,2.2933,0.186,2.4913,0.0526,1.943,0.0,0.0,0.0,-0.1544,25.0,25.0,38.0,37.0,14.0,0.0,0.0,0.0,64.0,11.2252,0.0,0.0103,0.0,0.0
19971.0,1.7017,0.0877,1.0,2.544,349.9691,1.7981,0.7981,2.3743,1.3743,20.523,1.8209,19.9414,1.7977,100.0,0.0,0.0,0.0,25.125,0.0,26.375,0.0,26.125,0.0,25.25,10.0,0.0,0.008,53.7221,5.3721,2.0,5.2618,1.2885,-0.0119,1.3623,0.0267,1.3665,1.004e-05,1.0009,0.0005,2.3435,11.0,0.0617,1.0016,0.1191,2.2979,0.1827,2.4835,0.049,1.9116,0.0,0.0,0.0,-0.1547,25.0,25.0,38.0,37.0,14.0,0.0,0.0,0.0,64.0,11.4128,0.0,0.0101,0.0,0.0
19972.0,1.7006,0.0876,1.0,2.5444,350.2864,1.7983,0.7983,2.3743,1.3743,20.4401,1.8176,19.9342,1.7974,100.0,0.0,0.0,0.0,25.125,0.0,26.375,0.0,26.125,0.0,25.25,10.0,0.0,0.008,53.7203,5.372,2.0,5.2715,1.2888,-0.014,1.3621,0.0201,1.3658,1.004e-05,1.0008,0.0005,2.3432,11.0,0.059,1.0016,0.097,2.2088,0.168,2.4471,0.0583,1.9874,0.0,0.0,0.0,-0.1547,25.0,25.0,38.0,37.0,14.0,0.0,0.0,0.0,64.0,11.5908,0.0,0.0107,0.0,0.0
19973.0,1.6988,0.0874,1.0,2.5442,350.075,1.7984,0.7984,2.3739,1.3739,20.3383,1.8135,19.931,1.7972,100.0,0.0,0.0,0.0,25.125,0.0,26.5,0.0,26.0,0.0,25.25,10.0,0.0,0.008,53.7187,5.3718,2.0,5.2971,1.2896,-0.0005,1.3636,0.0164,1.3654,1.003e-05,1.0008,0.0005,2.3427,11.0,0.0575,1.0015,0.1042,2.2398,0.1414,2.3722,0.0565,1.9742,0.0,0.0,0.0,-0.1547,25.0,25.0,38.0,37.0,15.0,0.0,0.0,0.0,64.0,11.7706,0.0,0.0105,0.0,0.0
19974.0,1.6969,0.0871,1.0,2.5441,350.0553,1.7983,0.7983,2.3736,1.3736,20.3147,1.8126,19.9436,1.7977,100.0,0.0,0.0,0.0,25.25,0.0,26.375,0.0,26.125,0.0,25.25,10.0,0.0,0.0082,53.7166,5.3716,2.0,5.3612,1.2917,0.0669,1.3709,0.0122,1.365,1.004e-05,1.0009,0.0005,2.3424,11.0,0.0595,1.0016,0.1077,2.2539,0.1515,2.4023,0.0591,1.9935,0.0,0.0,0.0,-0.1543,25.0,25.0,38.0,37.0,14.0,0.0,0.0,0.0,64.0,11.9301,0.0,0.0103,0.0,0.0
19975.0,1.6951,0.0869,1.0,2.5443,350.1973,1.7979,0.7979,2.3735,1.3735,20.4499,1.818,19.9571,1.7983,100.0,0.0,0.0,0.0,25.125,0.0,26.25,0.0,26.125,0.0,25.125,10.0,0.0,0.0086,53.7152,5.3715,2.0,5.3488,1.2913,0.0177,1.3656,0.0293,1.3668,1.004e-05,1.0009,0.0005,2.3422,11.0,0.0603,1.0016,0.0973,2.21,0.1356,2.3542,0.0513,1.9321,0.0,0.0,0.0,-0.1545,25.0,25.0,38.0,37.0,12.0,0.0,0.0,0.0,64.0,12.1131,0.0,0.0102,0.0,0.0
19976.0,1.6938,0.0867,1.0,2.5444,350.2997,1.7981,0.7981,2.374,1.374,20.5203,1.8208,19.9429,1.7977,100.0,0.0,0.0,0.0,25.125,0.0,26.375,0.0,26.125,0.0,25.25,10.0,0.0,0.0084,53.7135,5.3713,2.0,5.2534,1.2882,-0.0222,1.3612,0.0245,1.3663,1.004e-05,1.0008,0.0005,2.3419,11.0,0.0609,1.0016,0.094,2.1948,0.1446,2.3819,0.0545,1.9579,0.0,0.0,0.0,-0.1546,25.0,25.0,38.0,37.0,13.0,0.0,0.0,0.0,64.0,12.2778,0.0,0.0103,0.0,0.0
19977.0,1.695,0.0869,1.0,2.5444,350.229,1.7985,0.7985,2.3739,1.3739,20.45,1.818,19.9437,1.7977,100.0,0.0,0.0,0.0,25.125,0.0,26.25,0.0,26.0,0.0,25.25,10.0,0.0,0.0079,53.7117,5.3711,2.0,5.2263,1.2873,-0.0796,1.3549,0.0185,1.3657,1.003e-05,1.0008,0.0005,2.3415,11.0,0.0578,1.0015,0.0954,2.2013,0.1183,2.2949,0.0536,1.9511,0.0,0.0,0.0,-0.1545,25.0,25.0,38.0,37.0,14.0,0.0,0.0,0.0,64.0,12.4542,0.0,0.0104,0.0,0.0
19978.0,1.6952,0.0869,1.0,2.544,349.9222,1.7984,0.7984,2.3739,1.3739,20.3492,1.814,19.9326,1.7973,100.0,0.0,0.0,0.0,25.125,0.0,26.375,0.0,26.125,0.0,25.25,10.0,0.0,0.0078,53.7099,5.3709,2.0,5.1362,1.2843,-0.1164,1.3509,0.015,1.3653,1.003e-05,1.0008,0.0005,2.3412,11.0,0.0567,1.0015,0.0821,2.1363,0.116,2.2862,0.0617,2.012,0.0,0.0,0.0,-0.1549,26.0,25.0,38.0,37.0,14.0,0.0,0.0,0.0,64.0,12.6565,0.0,0.01,0.0,0.0
19979.0,1.6931,0.0866,1.0,2.544,349.9109,1.798,0.798,2.3739,1.3739,20.3005,1.812,19.9416,1.7977,100.0,0.0,0.0,0.0,25.0,0.0,26.375,0.0,26.125,0.0,25.25,10.0,0.0,0.0075,53.7082,5.3707,2.0,5.1054,1.2832,-0.1463,1.3477,0.0115,1.3649,1.003e-05,1.0008,0.0005,2.3411,11.0,0.0568,1.0015,0.0866,2.1595,0.1014,2.2279,0.0533,1.9482,0.0,0.0,0.0,-0.1549,26.0,25.0,38.0,37.0,14.0,0.0,0.0,0.0,64.0,12.8217,0.0,0.0099,0.0,0.0
19980.0,1.6869,0.0859,1.0,2.5436,349.6124,1.7978,0.7978,2.3739,1.3739,20.454,1.8182,19.9586,1.7983,100.0,0.0,0.0,0.0,25.125,0.0,26.375,0.0,26.125,0.0,25.25,10.0,0.0,0.0079,53.7061,5.3705,2.0,5.1524,1.2848,-0.0555,1.3576,0.0293,1.3668,1.003e-05,1.0007,0.0005,2.3406,11.0,0.056,1.0015,0.1189,2.2969,0.0937,2.1936,0.0667,2.046,0.0,0.0,0.0,-0.154,26.0,25.0,38.0,37.0,15.0,0.0,0.0,0.0,64.0,13.03,0.0,0.0107,0.0,0.0
19981.0,1.683,0.0854,1.0,2.5441,350.0466,1.7984,0.7984,2.3739,1.3739,20.5211,1.8208,19.953,1.7981,100.0,0.0,0.0,0.0,25.0,0.0,26.375,0.0,26.125,0.0,25.25,10.0,0.0,0.0079,53.7045,5.3704,2.0,5.1705,1.2854,-0.1134,1.3513,0.0232,1.3662,1.003e-05,1.0008,0.0005,2.3404,11.0,0.0566,1.0015,0.1486,2.3939,0.097,2.2088,0.0684,2.0569,0.0,0.0,0.0,-0.1546,26.0,25.0,38.0,37.0,13.0,0.0,0.0,0.0,64.0,13.2106,0.0,0.0107,0.0,0.0
19982.0,1.68,0.085,1.0,2.544,349.9448,1.7987,0.7987,2.3736,1.3736,20.4667,1.8187,19.9457,1.7978,100.0,0.0,0.0,0.0,25.0,0.0,26.25,0.0,26.0,0.0,25.25,10.0,0.0,0.0086,53.7031,5.3702,2.0,5.0242,1.2804,-0.1767,1.3444,0.0211,1.3659,1.003e-05,1.0008,0.0005,2.3401,11.0,0.0577,1.0015,0.1387,2.3638,0.1022,2.2311,0.0616,2.0113,0.0,0.0,0.0,-0.1547,25.0,25.0,38.0,37.0,13.0,0.0,0.0,0.0,64.0,13.4001,0.0,0.0101,0.0,0.0
19983.0,1.6814,0.0852,1.0,2.5444,350.2766,1.7988,0.7988,2.3739,1.3739,20.3619,1.8145,19.9418,1.7977,100.0,0.0,0.0,0.0,25.25,0.0,26.375,0.0,26.0,0.0,25.25,10.0,0.0,0.008,53.7011,5.37,2.0,4.9962,1.2795,-0.2143,1.3403,0.0181,1.3656,1.004e-05,1.001,0.0005,2.3404,11.0,0.0651,1.0017,0.1261,2.3226,0.0971,2.209,0.0607,2.0047,0.0,0.0,0.0,-0.1545,25.0,25.0,38.0,37.0,14.0,0.0,0.0,0.0,64.0,13.5569,0.0,0.0104,0.0,0.0
19984.0,1.6885,0.0861,1.0,2.5445,350.3211,1.7984,0.7984,2.3741,1.3741,20.2898,1.8116,19.9378,1.7975,100.0,0.0,0.0,0.0,25.0,0.0,26.375,0.0,26.125,0.0,25.125,10.0,0.0,0.0086,53.6995,5.3699,2.0,5.002,1.2797,-0.1496,1.3473,0.0139,1.3652,1.004e-05,1.001,0.0005,2.34,11.0,0.0654,1.0017,0.1212,2.3054,0.0927,2.1887,0.0762,2.1037,0.0,0.0,0.0,-0.1549,25.0,25.0,38.0,37.0,15.0,0.0,0.0,0.0,64.0,13.7726,0.0,0.0105,0.0,0.0
19985.0,1.6938,0.0867,1.0,2.5442,350.1314,1.7979,0.7979,2.3739,1.3739,20.3948,1.8158,19.9543,1.7982,100.0,0.0,0.0,0.0,25.125,0.0,26.25,0.0,26.0,0.0,25.25,10.0,0.0,0.008,53.6976,5.3697,2.0,5.1188,1.2837,-0.1071,1.3519,0.0307,1.367,1.004e-05,1.0009,0.0005,2.3415,11.0,0.0632,1.0017,0.1903,2.5014,0.0846,2.1494,0.0729,2.0845,0.0,0.0,0.0,-0.1547,25.0,25.0,38.0,37.0,14.0,0.0,0.0,0.0,64.0,13.969,0.0,0.0107,0.0,0.0
19986.0,1.6949,0.0869,1.0,2.5444,350.2699,1.7979,0.7979,2.3738,1.3738,20.5312,1.8212,19.9466,1.7979,100.0,0.0,0.0,0.0,25.125,0.0,26.375,0.0,26.125,0.0,25.25,10.0,0.0,0.0078,53.6955,5.3695,2.0,4.9664,1.2784,-0.2276,1.3388,0.0253,1.3664,1.004e-05,1.0009,0.0005,2.345,11.0,0.0594,1.0016,0.1917,2.5045,0.084,2.1463,0.0713,2.0748,0.0,0.0,0.0,-0.155,25.0,25.0,38.0,37.0,14.0,0.0,0.0,0.0,64.0,14.1323,0.0,0.01,0.0,0.0
19987.0,1.694,0.0868,1.0,2.5442,350.1197,1.7983,0.7983,2.3739,1.3739,20.4901,1.8196,19.9371,1.7975,100.0,0.0,0.0,0.0,25.125,0.0,26.375,0.0,26.0,0.0,25.25,10.0,0.0,0.0085,53.6941,5.3693,2.0,4.9283,1.2771,-0.169,1.3452,0.0217,1.366,1.004e-05,1.0009,0.0005,2.3446,11.0,0.0579,1.0015,0.1588,2.4226,0.0705,2.0699,0.063,2.0209,0.0,0.0,0.0,-0.1547,26.0,25.0,38.0,37.0,13.0,0.0,0.0,0.0,64.0,14.3034,0.0,0.0101,0.0,0.0
19988.0,1.693,0.0866,1.0,2.5442,350.1447,1.7984,0.7984,2.3744,1.3744,20.383,1.8153,19.9343,1.7974,100.0,0.0,0.0,0.0,25.0,0.0,26.375,0.0,26.0,0.0,25.25,10.0,0.0,0.0074,53.6924,5.3692,2.0,4.9404,1.2775,-0.2104,1.3407,0.0161,1.3654,1.003e-05,1.0008,0.0005,2.344,11.0,0.0589,1.0016,0.1675,2.4458,0.078,2.1137,0.075,2.0966,0.0,0.0,0.0,-0.1545,26.0,25.0,38.0,37.0,13.0,0.0,0.0,0.0,64.0,14.5132,0.0,0.0104,0.0,0.0
19989.0,1.6929,0.0866,1.0,2.5441,350.0202,1.7984,0.7984,2.3744,1.3744,20.2907,1.8116,19.9346,1.7974,100.0,0.0,0.0,0.0,25.125,0.0,26.375,0.0,26.125,0.0,25.25,10.0,0.0,0.0082,53.6909,5.369,2.0,4.8163,1.2731,-0.285,1.3325,0.0182,1.3656,1.003e-05,1.0007,0.0005,2.3436,11.0,0.0559,1.0015,0.1344,2.3503,0.064,2.028,0.0687,2.0588,0.0,0.0,0.0,-0.155,26.0,25.0,38.0,37.0,15.0,0.0,0.0,0.0,64.0,14.6815,0.0,0.0101,0.0,0.0
19990.0,1.6939,0.0867,1.0,2.544,349.9655,1.7979,0.7979,2.3739,1.3739,20.3998,1.816,19.956,1.7982,100.0,0.0,0.0,0.0,25.125,0.0,26.25,0.0,26.125,0.0,25.25,10.0,0.0,0.0084,53.689,5.3688,2.0,4.8194,1.2732,-0.2508,1.3363,0.0279,1.3667,1.003e-05,1.0007,0.0005,2.3432,11.0,0.0551,1.0015,0.1267,2.3246,0.0593,1.9949,0.0583,1.9875,0.0,0.0,0.0,-0.1551,26.0,25.0,38.0,37.0,15.0,0.0,0.0,0.0,64.0,14.4635,0.0,0.0103,0.0,0.0
19991.0,1.6935,0.0867,1.0,2.5439,349.8699,1.7978,0.7978,2.3738,1.3738,20.5238,1.821,19.9523,1.7981,100.0,0.0,0.0,0.0,25.125,0.0,26.5,0.0,26.0,0.0,25.25,10.0,0.0,0.0084,53.6873,5.3686,2.0,4.8007,1.2725,-0.273,1.3339,0.0251,1.3664,1.003e-05,1.0008,0.0005,2.3431,11.0,0.059,1.0016,0.1308,2.3383,0.0625,2.0174,0.085,2.1511,0.0,0.0,0.0,-0.1546,26.0,25.0,38.0,37.0,13.0,0.0,0.0,0.0,64.0,15.0702,0.0,0.01,0.0,0.0
19992.0,1.6896,0.0862,1.0,2.544,349.946,1.7983,0.7983,2.3743,1.3743,20.494,1.8198,19.9364,1.7975,100.0,0.0,0.0,0.0,25.125,0.0,26.375,0.0,26.0,0.0,25.25,10.0,0.0,0.0082,53.6855,5.3685,2.0,4.778,1.2717,-0.2493,1.3364,0.0203,1.3659,1.004e-05,1.0009,0.0005,2.3426,11.0,0.0565,1.0015,0.1095,2.2612,0.0603,2.002,0.0748,2.096,0.0,0.0,0.0,-0.1552,26.0,25.0,38.0,37.0,14.0,0.0,0.0,0.0,64.0,15.3064,0.0,0.0104,0.0,0.0
19993.0,1.6877,0.086,1.0,2.5443,350.154,1.7984,0.7984,2.3746,1.3746,20.4061,1.8162,19.9333,1.7973,100.0,0.0,0.0,0.0,25.0,0.0,26.375,0.0,26.0,0.0,25.25,10.0,0.0,0.0073,53.6843,5.3683,2.0,4.8346,1.2737,-0.2129,1.3404,0.0164,1.3654,1.004e-05,1.0009,0.0005,2.3425,11.0,0.0609,1.0016,0.1384,2.363,0.0592,1.994,0.0702,2.0682,0.0,0.0,0.0,-0.155,26.0,25.0,38.0,37.0,15.0,0.0,0.0,0.0,64.0,15.3593,0.0,0.0101,0.0,0.0
19994.0,1.688,0.086,1.0,2.5443,350.2122,1.7984,0.7984,2.3746,1.3746,20.2971,1.8119,19.931,1.7972,100.0,0.0,0.0,0.0,25.0,0.0,26.25,0.0,26.125,0.0,25.25,10.0,0.0,0.0075,53.6823,5.3681,2.0,4.8728,1.2751,-0.1178,1.3508,0.0304,1.3669,1.004e-05,1.0009,0.0005,2.3422,11.0,0.0638,1.0017,0.1034,2.2364,0.0482,1.9047,0.0672,2.0494,0.0,0.0,0.0,-0.1549,26.0,25.0,38.0,37.0,14.0,0.0,0.0,0.0,64.0,15.6301,0.0,0.0099,0.0,0.0
19995.0,1.6927,0.0866,1.0,2.5442,350.123,1.7984,0.7984,2.3741,1.3741,20.3481,1.8139,19.9577,1.7983,100.0,0.0,0.0,0.0,25.125,0.0,26.375,0.0,26.0,0.0,25.25,10.0,0.0,0.0081,53.6807,5.368,2.0,4.9935,1.2794,-0.0619,1.3569,0.0302,1.3669,1.004e-05,1.0009,0.0005,2.342,11.0,0.0572,1.0015,0.0954,2.2013,0.0475,1.8981,0.0644,2.0305,0.0,0.0,0.0,-0.1549,25.0,25.0,38.0,37.0,14.0,0.0,0.0,0.0,64.0,15.7902,0.0,0.01,0.0,0.0
19996.0,1.6929,0.0866,1.0,2.5444,350.254,1.7978,0.7978,2.374,1.374,20.5126,1.8205,19.9564,1.7983,100.0,0.0,0.0,0.0,25.0,0.0,26.25,0.0,26.0,0.0,25.25,10.0,0.0,0.0084,53.6795,5.3679,2.0,5.107,1.2833,-0.0208,1.3614,0.0244,1.3663,1.003e-05,1.0008,0.0005,2.3417,11.0,0.0595,1.0016,0.1075,2.2531,0.052,1.9375,0.0637,2.0263,0.0,0.0,0.0,-0.1546,25.0,25.0,38.0,37.0,14.0,0.0,0.0,0.0,64.0,15.9781,0.0,0.0104,0.0,0.0
19997.0,1.6929,0.0866,1.0,2.544,349.9316,1.7982,0.7982,2.3741,1.3741,20.5158,1.8206,19.9401,1.7976,100.0,0.0,0.0,0.0,25.0,0.0,26.375,0.0,26.125,0.0,25.25,10.0,0.0,0.0083,53.6776,5.3677,2.0,5.0906,1.2827,-0.0135,1.3622,0.02,1.3658,1.003e-05,1.0007,0.0005,2.3412,11.0,0.0541,1.0014,0.0905,2.1786,0.0438,1.8632,0.064,2.028,0.0,0.0,0.0,-0.1545,25.0,25.0,38.0,37.0,13.0,0.0,0.0,0.0,64.0,16.164,0.0,0.01,0.0,0.0
19998.0,1.6938,0.0867,1.0,2.544,349.91,1.7984,0.7984,2.3739,1.3739,20.4205,1.8168,19.9415,1.7977,100.0,0.0,0.0,0.0,25.125,0.0,26.375,0.0,26.125,0.0,25.25,10.0,0.0,0.0085,53.6757,5.3675,2.0,5.111,1.2834,0.0697,1.3712,0.0156,1.3653,1.004e-05,1.0008,0.0005,2.3405,11.0,0.0593,1.0016,0.1059,2.2467,0.0415,1.8398,0.0622,2.0156,0.0,0.0,0.0,-0.1549,25.0,25.0,38.0,37.0,14.0,0.0,0.0,0.0,64.0,16.3079,0.0,0.01,0.0,0.0
19999.0,1.6939,0.0867,1.0,2.544,349.965,1.7984,0.7984,2.3737,1.3737,20.3046,1.8122,19.9316,1.7973,100.0,0.0,0.0,0.0,25.125,0.0,26.375,0.0,26.125,0.0,25.25,10.0,0.0,0.0085,53.6737,5.3673,2.0,5.2419,1.2878,0.1043,1.375,0.033,1.3672,1.004e-05,1.0009,0.0005,2.3355,11.0,0.0626,1.0017,0.085,2.1512,0.0397,1.8212,0.0748,2.0956,0.0,0.0,0.0,-0.1549,25.0,25.0,38.0,37.0,15.0,0.0,0.0,0.0,64.0,16.4887,0.0,0.0103,0.0,0.0
20000.0,1.6929,0.0866,1.0,2.5439,349.842,1.798,0.798,2.374,1.374,20.3647,1.8146,19.9594,1.7984,100.0,0.0,0.0,0.0,25.25,0.0,26.375,0.0,26.125,0.0,25.25,10.0,0.0,0.0075,53.6717,5.367,2.0,5.2149,1.2869,0.094,1.3739,0.0274,1.3666,1.004e-05,1.0008,0.0005,2.3352,11.0,0.0592,1.0016,0.0805,2.1278,0.0413,1.8381,0.067,2.0477,0.0,0.0,0.0,-0.155,25.0,25.0,38.0,37.0,13.0,0.0,0.0,0.0,64.0,16.6642,0.0,0.01,0.0,0.0
20001.0,1.6905,0.0863,1.0,2.5441,350.026,1.7978,0.7978,2.374,1.374,20.5166,1.8207,19.9626,1.7985,100.0,0.0,0.0,0.0,25.125,0.0,26.5,0.0,26.0,0.0,25.25,10.0,0.0,0.0081,53.6702,5.367,2.0,5.2612,1.2884,0.0853,1.3729,0.0243,1.3663,1.004e-05,1.0009,0.0005,2.3355,11.0,0.0646,1.0017,0.0774,2.1104,0.0337,1.7494,0.0597,1.9978,0.0,0.0,0.0,-0.155,25.0,25.0,38.0,37.0,14.0,0.0,0.0,0.0,64.0,16.8358,0.0,0.0102,0.0,0.0
20002.0,1.6885,0.0861,1.0,2.5444,350.2333,1.7982,0.7982,2.3747,1.3747,20.5166,1.8207,19.9403,1.7976,100.0,0.0,0.0,0.0,25.125,0.0,26.375,0.0,26.0,0.0,25.25,10.0,0.0,0.0083,53.6687,5.3668,2.0,5.2288,1.2874,0.07,1.3713,0.0189,1.3657,1.004e-05,1.001,0.0005,2.3354,11.0,0.0636,1.0017,0.1558,2.4143,0.1464,2.3875,0.0571,1.9785,0.0,0.0,0.0,-0.155,25.0,25.0,38.0,37.0,14.0,0.0,0.0,0.0,64.0,16.995,0.0,0.0104,0.0,0.0
20003.0,1.6874,0.0859,1.0,2.5443,350.1701,1.7984,0.7984,2.3743,1.3743,20.4391,1.8176,19.9335,1.7973,100.0,0.0,0.0,0.0,25.125,0.0,26.375,0.0,26.125,0.0,25.25,10.0,0.0,0.0078,53.667,5.3666,2.0,5.2081,1.2867,0.0619,1.3704,0.0247,1.3663,1.004e-05,1.0009,0.0005,2.3353,11.0,0.0636,1.0017,0.1539,2.4091,0.1396,2.3667,0.0567,1.9757,0.0,0.0,0.0,-0.1549,25.0,25.0,38.0,37.0,12.0,0.0,0.0,0.0,64.0,17.1732,0.0,0.0107,0.0,0.0
20004.0,1.6856,0.0857,1.0,2.5439,349.8296,1.7984,0.7984,2.3741,1.3741,20.3139,1.8126,19.9317,1.7973,100.0,0.0,0.0,0.0,25.125,0.0,26.375,0.0,26.0,0.0,25.25,10.0,0.0,0.0077,53.6654,5.3665,2.0,5.2489,1.288,0.0757,1.3719,0.0299,1.3669,1.003e-05,1.0007,0.0005,2.3351,11.0,0.0548,1.0015,0.1083,2.2564,0.1396,2.3668,0.0545,1.958,0.0,0.0,0.0,-0.1547,25.0,25.0,38.0,37.0,14.0,0.0,0.0,0.0,64.0,17.3428,0.0,0.0101,0.0,0.0
20005.0,1.6845,0.0856,1.0,2.5439,349.8992,1.7982,0.7982,2.3736,1.3736,20.3239,1.813,19.9486,1.7979,100.0,0.0,0.0,0.0,25.0,0.0,26.375,0.0,26.0,0.0,25.25,10.0,0.0,0.0081,53.6638,5.3662,2.0,5.2139,1.2869,0.0611,1.3703,0.0267,1.3665,1.004e-05,1.0008,0.0005,2.3353,11.0,0.0577,1.0015,0.19,2.5006,0.1207,2.3035,0.0513,1.932,0.0,0.0,0.0,-0.1546,25.0,25.0,38.0,37.0,13.0,0.0,0.0,0.0,64.0,17.4905,0.0,0.0104,0.0,0.0
20006.0,1.6836,0.0854,1.0,2.544,349.9746,1.7978,0.7978,2.3735,1.3735,20.4702,1.8188,19.9666,1.7987,100.0,0.0,0.0,0.0,25.125,0.0,26.375,0.0,26.0,0.0,25.125,10.0,0.0,0.0077,53.6624,5.3661,2.0,5.2978,1.2896,0.1343,1.3783,0.0228,1.3661,1.004e-05,1.0009,0.0005,2.3352,11.0,0.061,1.0016,0.1723,2.458,0.1217,2.3072,0.0511,1.9304,0.0,0.0,0.0,-0.1547,25.0,25.0,38.0,37.0,14.0,0.0,0.0,0.0,64.0,17.6838,0.0,0.0101,0.0,0.0
20007.0,1.6845,0.0856,1.0,2.5438,349.8,1.7981,0.7981,2.3744,1.3744,20.5215,1.8209,19.9493,1.798,100.0,0.0,0.0,0.0,25.125,0.0,26.375,0.0,26.125,0.0,25.25,10.0,0.0,0.0081,53.6608,5.366,2.0,5.3329,1.2908,0.1491,1.3799,0.0179,1.3656,1.004e-05,1.0009,0.0005,2.3353,11.0,0.057,1.0015,0.156,2.4151,0.1183,2.2948,0.0561,1.9711,0.0,0.0,0.0,-0.1549,25.0,25.0,38.0,37.0,14.0,0.0,0.0,0.0,64.0,17.8354,0.0,0.0102,0.0,0.0
20008.0,1.6836,0.0855,1.0,2.5442,350.1348,1.7984,0.7984,2.3743,1.3743,20.4397,1.8176,19.935,1.7974,100.0,0.0,0.0,0.0,25.125,0.0,26.375,0.0,26.125,0.0,25.25,10.0,0.0,0.0081,53.659,5.3658,2.0,5.4413,1.2943,0.2358,1.3894,0.0355,1.3675,1.004e-05,1.0009,0.0005,2.3355,11.0,0.0634,1.0017,0.1654,2.4403,0.1101,2.2637,0.0474,1.8974,0.0,0.0,0.0,-0.1546,25.0,25.0,38.0,37.0,15.0,0.0,0.0,0.0,64.0,18.0268,0.0,0.0101,0.0,0.0
20009.0,1.6816,0.0852,1.0,2.5445,350.3376,1.7985,0.7985,2.3742,1.3742,20.3367,1.8135,19.9409,1.7976,100.0,0.0,0.0,0.0,25.0,0.0,26.375,0.0,26.0,0.0,25.25,10.0,0.0,0.0076,53.6575,5.3657,2.0,5.4158,1.2935,0.1869,1.384,0.0318,1.3671,1.005e-05,1.001,0.0005,2.3355,11.0,0.066,1.0018,0.1538,2.4089,0.1141,2.279,0.0461,1.8857,0.0,0.0,0.0,-0.1548,25.0,25.0,38.0,37.0,13.0,0.0,0.0,0.0,64.0,18.1679,0.0,0.0105,0.0,0.0
20010.0,1.6831,0.0854,1.0,2.5441,350.0601,1.7983,0.7983,2.3741,1.3741,20.3071,1.8123,19.9539,1.7982,100.0,0.0,0.0,0.0,25.0,0.0,26.375,0.0,26.0,0.0,25.125,10.0,0.0,0.0078,53.6559,5.3655,2.0,5.3936,1.2928,0.1864,1.384,0.0268,1.3666,1.004e-05,1.0009,0.0005,2.3355,11.0,0.0633,1.0017,0.1567,2.4169,0.0832,2.142,0.0439,1.8641,0.0,0.0,0.0,-0.1546,25.0,25.0,38.0,37.0,15.0,0.0,0.0,0.0,64.0,18.3554,0.0,0.0103,0.0,0.0
20011.0,1.6917,0.0865,1.0,2.5442,350.1331,1.7982,0.7982,2.3735,1.3735,20.4804,1.8192,19.9672,1.7987,100.0,0.0,0.0,0.0,25.0,0.0,26.25,0.0,26.0,0.0,25.25,10.0,0.0,0.0074,53.6543,5.3653,2.0,5.5414,1.2974,0.2628,1.3923,0.0218,1.366,1.003e-05,1.0008,0.0005,2.3358,11.0,0.0599,1.0016,0.1405,2.3694,0.0961,2.2045,0.043,1.8555,0.0,0.0,0.0,-0.1546,25.0,25.0,38.0,37.0,14.0,0.0,0.0,0.0,64.0,18.5132,0.0,0.0104,0.0,0.0
20012.0,1.6955,0.0869,1.0,2.5443,350.2014,1.7984,0.7984,2.374,1.374,20.5377,1.8215,19.9524,1.7981,100.0,0.0,0.0,0.0,25.125,0.0,26.375,0.0,26.125,0.0,25.25,10.0,0.0,0.0084,53.6531,5.3653,2.0,5.482,1.2956,0.1909,1.3845,0.0171,1.3655,1.004e-05,1.0008,0.0005,2.3368,11.0,0.0607,1.0016,0.1315,2.3409,0.0788,2.1184,0.0431,1.8567,0.0,0.0,0.0,-0.1547,25.0,25.0,38.0,37.0,12.0,0.0,0.0,0.0,64.0,18.7129,0.0,0.0105,0.0,0.0
20013.0,1.6961,0.087,1.0,2.5441,350.032,1.7983,0.7983,2.3743,1.3743,20.4731,1.8189,19.9372,1.7975,100.0,0.0,0.0,0.0,25.125,0.0,26.375,0.0,26.0,0.0,25.125,10.0,0.0,0.0076,53.6519,5.3651,2.0,5.4328,1.294,0.1536,1.3804,0.0338,1.3673,1.003e-05,1.0008,0.0005,2.3406,11.0,0.0571,1.0015,0.1223,2.3094,0.0764,2.1048,0.0399,1.8229,0.0,0.0,0.0,-0.1547,25.0,25.0,38.0,37.0,14.0,0.0,0.0,0.0,64.0,18.8785,0.0,0.0099,0.0,0.0
20014.0,1.695,0.0869,1.0,2.5437,349.718,1.798,0.798,2.3751,1.3751,20.35,1.814,19.9234,1.7969,100.0,0.0,0.0,0.0,25.125,0.0,26.25,0.0,26.375,0.0,25.125,10.0,0.0,0.0078,53.6498,5.3648,2.0,5.435,1.2941,0.1797,1.3832,0.0296,1.3669,1.003e-05,1.0007,0.0005,2.3404,11.0,0.0554,1.0015,0.1254,2.3203,0.0723,2.0812,0.0387,1.8091,0.0,0.0,0.0,-0.1548,25.0,25.0,38.0,37.0,13.0,0.0,0.0,0.0,64.0,19.0488,0.0,0.0102,0.0,0.0
20015.0,1.695,0.0869,1.0,2.5442,350.1312,1.7979,0.7979,2.3748,1.3748,20.293,1.8117,19.9302,1.7972,100.0,0.0,0.0,0.0,25.0,0.0,26.375,0.0,26.125,0.0,25.25,10.0,0.0,0.0078,53.648,5.3647,2.0,5.4971,1.2961,0.1873,1.3841,0.0275,1.3666,1.004e-05,1.0009,0.0005,2.3404,11.0,0.0644,1.0017,0.1181,2.2942,0.0674,2.0506,0.0384,1.8059,0.0,0.0,0.0,-0.1544,25.0,25.0,38.0,37.0,13.0,0.0,0.0,0.0,64.0,19.2247,0.0,0.0101,0.0,0.0
20016.0,1.6728,0.0841,1.0,2.5446,350.4055,1.7978,0.7978,2.3743,1.3743,20.4523,1.8181,19.9583,1.7983,100.0,0.0,0.0,0.0,25.125,0.0,26.25,0.0,26.125,0.0,25.25,10.0,0.0,0.0083,53.6466,5.3646,2.0,5.5233,1.2969,0.2174,1.3874,0.0227,1.3661,1.004e-05,1.001,0.0005,2.3402,11.0,0.0673,1.0018,0.1147,2.2814,0.063,2.021,0.0332,1.7424,0.0,0.0,0.0,-0.1547,25.0,25.0,38.0,37.0,12.0,0.0,0.0,0.0,64.0,19.4054,0.0,0.0104,0.0,0.0
20017.0,1.4163,0.052,1.0,2.5442,350.1353,1.7979,0.7979,2.3743,1.3743,20.5334,1.8213,19.9539,1.7982,100.0,0.0,0.0,0.0,25.0,0.0,26.375,0.0,26.0,0.0,25.25,10.0,0.0,0.0074,53.6449,5.3644,2.0,5.5876,1.2989,0.2669,1.3928,0.0344,1.3674,1.004e-05,1.0009,0.0005,2.3398,11.0,0.064,1.0017,0.1195,2.2992,0.0658,2.04,0.0364,1.7828,0.0,0.0,0.0,-0.1548,25.0,25.0,38.0,37.0,13.0,0.0,0.0,0.0,64.0,19.561,0.0,0.0104,0.0,0.0
20018.0,1.3226,0.0403,1.0,2.5443,350.1593,1.7987,0.7987,2.3744,1.3744,20.4727,1.8189,19.9468,1.7979,100.0,0.0,0.0,0.0,25.125,0.0,26.375,0.0,26.125,0.0,25.125,10.0,0.0,0.0081,53.6436,5.3642,2.0,5.6646,1.3013,0.3057,1.397,0.0347,1.3674,1.004e-05,1.0008,0.0005,2.3396,11.0,0.0578,1.0015,0.0941,2.1953,0.0722,2.0806,0.0314,1.7192,0.0,0.0,0.0,-0.1548,25.0,25.0,38.0,37.0,14.0,0.0,0.0,0.0,64.0,19.7602,0.0,0.01,0.0,0.0
20019.0,1.2833,0.0354,1.0,2.5445,350.3408,1.7984,0.7984,2.3743,1.3743,20.3729,1.8149,19.9348,1.7974,100.0,0.0,0.0,0.0,25.0,0.0,26.25,0.0,26.125,0.0,25.125,10.0,0.0,0.0081,53.6418,5.3641,2.0,5.6723,1.3015,0.2532,1.3913,0.0305,1.367,1.004e-05,1.0009,0.0005,2.3395,11.0,0.0636,1.0017,0.1068,2.2506,0.0577,1.9828,0.029,1.6843,0.0,0.0,0.0,-0.1545,25.0,25.0,38.0,37.0,14.0,0.0,0.0,0.0,64.0,19.9176,0.0,0.0104,0.0,0.0
20020.0,1.4889,0.0611,1.0,2.5441,349.9919,1.7984,0.7984,2.3742,1.3742,20.2926,1.8117,19.9468,1.7979,100.0,0.0,0.0,0.0,25.125,0.0,26.25,0.0,26.125,0.0,25.125,10.0,0.0,0.0081,53.6404,5.364,2.0,5.6119,1.2996,0.1906,1.3844,0.0231,1.3662,1.003e-05,1.0008,0.0005,2.3392,11.0,0.0561,1.0015,0.09,2.1761,0.0611,2.0082,0.0288,1.6816,0.0,0.0,0.0,-0.1547,25.0,25.0,38.0,37.0,14.0,0.0,0.0,0.0,64.0,20.1011,0.0,0.0104,0.0,0.0
20021.0,1.538,0.0673,1.0,2.5438,349.7988,1.7979,0.7979,2.3744,1.3744,20.4157,1.8166,19.9667,1.7987,100.0,0.0,0.0,0.0,25.125,0.0,26.25,0.0,26.0,0.0,25.375,10.0,0.0,0.0079,53.6386,5.3638,2.0,5.475,1.2954,0.1065,1.3753,0.028,1.3667,1.003e-05,1.0007,0.0005,2.339,11.0,0.0551,1.0015,0.091,2.1807,0.0463,1.8878,0.0302,1.7019,0.0,0.0,0.0,-0.1545,25.0,25.0,38.0,37.0,14.0,0.0,0.0,0.0,64.0,20.2627,0.0,0.0107,0.0,0.0
20022.0,1.5987,0.0748,1.0,2.544,349.9777,1.7979,0.7979,2.3747,1.3747,20.5235,1.8209,19.9501,1.798,100.0,0.0,0.0,0.0,25.125,0.0,26.25,0.0,26.0,0.0,25.125,10.0,0.0,0.0087,53.6374,5.3637,2.0,5.4204,1.2936,0.1001,1.3746,0.0364,1.3676,1.004e-05,1.0009,0.0005,2.3388,11.0,0.0573,1.0015,0.0851,2.1517,0.044,1.8658,0.0277,1.6639,0.0,0.0,0.0,-0.1549,25.0,25.0,38.0,37.0,15.0,0.0,0.0,0.0,64.0,20.4412,0.0,0.0102,0.0,0.0
20023.0,1.6341,0.0793,1.0,2.5439,349.8982,1.7983,0.7983,2.3747,1.3747,20.4762,1.819,19.9384,1.7975,100.0,0.0,0.0,0.0,25.125,0.0,26.25,0.0,26.0,0.0,25.125,10.0,0.0,0.0081,53.6357,5.3635,2.0,5.5532,1.2978,0.2208,1.3877,0.032,1.3671,1.004e-05,1.0009,0.0005,2.3387,11.0,0.062,1.0017,0.0783,2.1154,0.0505,1.9255,0.0257,1.6314,0.0,0.0,0.0,-0.1542,25.0,25.0,38.0,37.0,14.0,0.0,0.0,0.0,64.0,20.651,0.0,0.0106,0.0,0.0
20024.0,1.6551,0.0819,1.0,2.544,349.9218,1.7984,0.7984,2.3743,1.3743,20.3833,1.8153,19.9418,1.7977,100.0,0.0,0.0,0.0,25.125,0.0,26.375,0.0,26.125,0.0,25.125,10.0,0.0,0.0079,53.6341,5.3633,2.0,5.6573,1.301,0.2595,1.3919,0.0258,1.3665,1.004e-05,1.0008,0.0005,2.3387,11.0,0.0615,1.0016,0.0675,2.0513,0.0488,1.9101,0.025,1.6201,0.0,0.0,0.0,-0.1544,25.0,25.0,38.0,37.0,14.0,0.0,0.0,0.0,64.0,20.8332,0.0,0.0103,0.0,0.0
20025.0,1.6639,0.083,1.0,2.5439,349.8689,1.7984,0.7984,2.3737,1.3737,20.2965,1.8119,19.9353,1.7974,100.0,0.0,0.0,0.0,25.0,0.0,26.25,0.0,26.0,0.0,25.25,10.0,0.0,0.0077,53.6325,5.3631,2.0,5.6849,1.3019,0.2425,1.3901,0.0235,1.3662,1.004e-05,1.0009,0.0005,2.3386,11.0,0.063,1.0017,0.0636,2.0256,0.1494,2.3963,0.0398,1.8222,0.0,0.0,0.0,-0.1546,25.0,25.0,38.0,37.0,14.0,0.0,0.0,0.0,64.0,21.0239,0.0,0.0104,0.0,0.0
20026.0,1.6794,0.0849,1.0,2.5442,350.0815,1.798,0.798,2.374,1.374,20.3976,1.8159,19.9549,1.7982,100.0,0.0,0.0,0.0,25.0,0.0,26.25,0.0,26.125,0.0,25.25,10.0,0.0,0.008,53.6311,5.363,2.0,5.5612,1.2981,0.1354,1.3784,0.0388,1.3679,1.004e-05,1.0008,0.0005,2.3384,11.0,0.0596,1.0016,0.0705,2.0701,0.1466,2.3881,0.0364,1.7828,0.0,0.0,0.0,-0.1548,25.0,25.0,38.0,37.0,13.0,0.0,0.0,0.0,64.0,21.2092,0.0,0.0103,0.0,0.0
20027.0,1.68,0.085,1.0,2.5445,350.3304,1.7978,0.7978,2.3745,1.3745,20.5243,1.821,19.9511,1.798,100.0,0.0,0.0,0.0,25.0,0.0,26.375,0.0,26.0,0.0,25.25,10.0,0.0,0.0088,53.6298,5.363,2.0,5.6205,1.2999,0.2282,1.3885,0.0354,1.3675,1.004e-05,1.0009,0.0005,2.3384,11.0,0.0615,1.0016,0.0662,2.0426,0.1342,2.3497,0.0351,1.7667,0.0,0.0,0.0,-0.1549,25.0,25.0,38.0,37.0,15.0,0.0,0.0,0.0,64.0,21.4177,0.0,0.0102,0.0,0.0
20028.0,1.6865,0.0858,1.0,2.5443,350.2088,1.7983,0.7983,2.3749,1.3749,20.5038,1.8202,19.9401,1.7976,100.0,0.0,0.0,0.0,25.0,0.0,26.25,0.0,26.0,0.0,25.25,10.0,0.0,0.0079,53.6285,5.3628,2.0,5.6446,1.3007,0.183,1.3836,0.0296,1.3669,1.003e-05,1.0008,0.0005,2.3381,11.0,0.0576,1.0015,0.0592,1.9942,0.1091,2.2598,0.036,1.7776,0.0,0.0,0.0,-0.1548,25.0,25.0,38.0,37.0,13.0,0.0,0.0,0.0,64.0,21.5878,0.0,0.0103,0.0,0.0
20029.0,1.6926,0.0866,1.0,2.5442,350.0884,1.7983,0.7983,2.3744,1.3744,20.4181,1.8167,19.9326,1.7973,100.0,0.0,0.0,0.0,25.125,0.0,26.25,0.0,26.125,0.0,25.25,10.0,0.0,0.0078,53.627,5.3626,2.0,5.6346,1.3003,0.1747,1.3827,0.0256,1.3664,1.003e-05,1.0008,0.0005,2.338,11.0,0.0567,1.0015,0.0527,1.9437,0.1141,2.2792,0.0436,1.8618,0.0,0.0,0.0,-0.1548,25.0,25.0,38.0,37.0,14.0,0.0,0.0,0.0,64.0,21.7716,0.0,0.0101,0.0,0.0
20030.0,1.6967,0.0871,1.0,2.5437,349.7374,1.7984,0.7984,2.3742,1.3742,20.3093,1.8124,19.9301,1.7972,100.0,0.0,0.0,0.0,25.0,0.0,26.5,0.0,26.125,0.0,25.25,10.0,0.0,0.008,53.6255,5.3625,2.0,5.6195,1.2999,0.1441,1.3794,0.0282,1.3667,1.003e-05,1.0007,0.0005,2.3377,11.0,0.0554,1.0015,0.0573,1.9797,0.112,2.2712,0.0497,1.9184,0.0,0.0,0.0,-0.155,25.0,25.0,38.0,37.0,14.0,0.0,0.0,0.0,64.0,21.7584,0.0,0.0105,0.0,0.0
20031.0,1.7001,0.0875,1.0,2.5438,349.8152,1.798,0.798,2.3744,1.3744,20.3644,1.8146,19.9522,1.7981,100.0,0.0,0.0,0.0,25.125,0.0,26.375,0.0,26.0,0.0,25.25,10.0,0.0,0.008,53.6235,5.3623,2.0,5.5547,1.2979,0.0743,1.3717,0.0389,1.3679,1.003e-05,1.0008,0.0005,2.3376,11.0,0.0559,1.0015,0.054,1.9544,0.1113,2.2683,0.0419,1.8441,0.0,0.0,0.0,-0.1546,25.0,25.0,38.0,37.0,14.0,0.0,0.0,0.0,64.0,22.1141,0.0,0.0106,0.0,0.0
20032.0,1.7012,0.0877,1.0,2.544,349.9419,1.7978,0.7978,2.3745,1.3745,20.5154,1.8206,19.961,1.7984,100.0,0.0,0.0,0.0,25.125,0.0,26.25,0.0,26.0,0.0,25.125,10.0,0.0,0.0079,53.622,5.3621,2.0,5.4691,1.2952,0.0619,1.3704,0.0347,1.3674,1.004e-05,1.0008,0.0005,2.3376,11.0,0.057,1.0015,0.0472,1.896,0.122,2.3083,0.0454,1.8793,0.0,0.0,0.0,-0.1546,25.0,25.0,38.0,37.0,13.0,0.0,0.0,0.0,64.0,22.3136,0.0,0.0104,0.0,0.0
20033.0,1.7013,0.0877,1.0,2.544,349.9174,1.7982,0.7982,2.3744,1.3744,20.5073,1.8203,19.9389,1.7976,100.0,0.0,0.0,0.0,25.125,0.0,26.25,0.0,26.0,0.0,25.25,10.0,0.0,0.0087,53.6203,5.3619,2.0,5.4316,1.294,0.0429,1.3683,0.0292,1.3668,1.004e-05,1.0008,0.0005,2.3375,11.0,0.062,1.0017,0.1222,2.3089,0.0987,2.216,0.061,2.0071,0.0,0.0,0.0,-0.1548,25.0,25.0,38.0,37.0,14.0,0.0,0.0,0.0,64.0,22.4763,0.0,0.0105,0.0,0.0
20034.0,1.6994,0.0874,1.0,2.5441,350.0284,1.7983,0.7983,2.3743,1.3743,20.4213,1.8169,19.9334,1.7973,100.0,0.0,0.0,0.0,25.125,0.0,26.25,0.0,26.125,0.0,25.25,10.0,0.0,0.0081,53.6189,5.3618,2.0,5.5051,1.2963,0.0625,1.3705,0.0276,1.3667,1.003e-05,1.0008,0.0005,2.3374,11.0,0.0602,1.0016,0.109,2.2592,0.1174,2.2915,0.0525,1.942,0.0,0.0,0.0,-0.1546,25.0,25.0,38.0,37.0,13.0,0.0,0.0,0.0,64.0,22.6817,0.0,0.0103,0.0,0.0
20035.0,1.7001,0.0875,1.0,2.544,349.9083,1.7984,0.7984,2.3746,1.3746,20.2987,1.8119,19.931,1.7972,100.0,0.0,0.0,0.0,25.0,0.0,26.25,0.0,26.0,0.0,25.25,10.0,0.0,0.0088,53.6173,5.3616,2.0,5.5347,1.2972,0.1121,1.3759,0.0411,1.3681,1.004e-05,1.0009,0.0005,2.3372,11.0,0.0603,1.0016,0.1822,2.4825,0.0979,2.2126,0.0546,1.9591,0.0,0.0,0.0,-0.1549,25.0,25.0,38.0,37.0,16.0,0.0,0.0,0.0,64.0,22.8914,0.0,0.01,0.0,0.0
20036.0,1.7019,0.0877,1.0,2.5441,350.0327,1.7981,0.7981,2.3743,1.3743,20.3403,1.8136,19.948,1.7979,100.0,0.0,0.0,0.0,25.0,0.0,26.25,0.0,26.125,0.0,25.25,10.0,0.0,0.0077,53.6158,5.3616,2.0,5.493,1.2959,0.0506,1.3692,0.0371,1.3677,1.004e-05,1.0009,0.0005,2.3373,11.0,0.0626,1.0017,0.1858,2.4909,0.0826,2.1388,0.0533,1.9483,0.0,0.0,0.0,-0.1551,25.0,25.0,38.0,37.0,13.0,0.0,0.0,0.0,64.0,23.0517,0.0,0.01,0.0,0.0
20037.0,1.7039,0.088,1.0,2.5443,350.1942,1.7977,0.7977,2.374,1.374,20.4977,1.8199,19.9531,1.7981,100.0,0.0,0.0,0.0,25.0,0.0,26.375,0.0,26.0,0.0,25.25,10.0,0.0,0.009,53.6145,5.3614,2.0,5.3973,1.2929,0.003,1.364,0.0315,1.3671,1.004e-05,1.0009,0.0005,2.3373,11.0,0.0622,1.0017,0.1502,2.3985,0.0849,2.1506,0.0465,1.8892,0.0,0.0,0.0,-0.1546,25.0,25.0,38.0,37.0,14.0,0.0,0.0,0.0,64.0,23.2202,0.0,0.0107,0.0,0.0
20038.0,1.7056,0.0882,1.0,2.5445,350.311,1.7981,0.7981,2.3744,1.3744,20.519,1.8208,19.9406,1.7976,100.0,0.0,0.0,0.0,25.0,0.0,26.25,0.0,26.125,0.0,25.25,10.0,0.0,0.0085,53.6138,5.3613,2.0,5.3734,1.2921,-0.0024,1.3634,0.0258,1.3665,1.004e-05,1.0008,0.0005,2.3371,11.0,0.0586,1.0016,0.1368,2.3579,0.0703,2.0686,0.0483,1.9061,0.0,0.0,0.0,-0.1547,25.0,25.0,38.0,37.0,14.0,0.0,0.0,0.0,64.0,23.4139,0.0,0.01,0.0,0.0
20039.0,1.7065,0.0883,1.0,2.5441,350.0063,1.7984,0.7984,2.3746,1.3746,20.4392,1.8176,19.9333,1.7973,100.0,0.0,0.0,0.0,25.0,0.0,26.375,0.0,26.0,0.0,25.25,10.0,0.0,0.0076,53.6121,5.3611,2.0,5.4343,1.2941,0.0261,1.3665,0.0404,1.368,1.003e-05,1.0007,0.0005,2.3419,11.0,0.0584,1.0016,0.1268,2.3251,0.0726,2.0829,0.0633,2.0235,0.0,0.0,0.0,-0.1546,25.0,25.0,38.0,37.0,15.0,0.0,0.0,0.0,64.0,23.596,0.0,0.01,0.0,0.0
20040.0,1.7065,0.0883,1.0,2.5437,349.6817,1.7984,0.7984,2.3746,1.3746,20.3178,1.8127,19.9415,1.7977,100.0,0.0,0.0,0.0,25.125,0.0,26.375,0.0,26.25,0.0,25.25,10.0,0.0,0.008,53.6104,5.361,2.0,5.479,1.2955,0.0312,1.367,0.0385,1.3678,1.003e-05,1.0008,0.0005,2.342,11.0,0.0568,1.0015,0.1371,2.3588,0.0822,2.1367,0.0541,1.9546,0.0,0.0,0.0,-0.1551,25.0,25.0,38.0,37.0,14.0,0.0,0.0,0.0,64.0,23.7679,0.0,0.0102,0.0,0.0
20041.0,1.7065,0.0883,1.0,2.5439,349.8334,1.7983,0.7983,2.3744,1.3744,20.301,1.812,19.9547,1.7982,100.0,0.0,0.0,0.0,25.125,0.0,26.375,0.0,26.125,0.0,25.25,10.0,0.0,0.0091,53.609,5.3608,2.0,5.3517,1.2914,-0.0766,1.3553,0.0339,1.3673,1.003e-05,1.0007,0.0005,2.342,11.0,0.0545,1.0015,0.1844,2.4876,0.0634,2.0241,0.0622,2.0154,0.0,0.0,0.0,-0.1547,25.0,25.0,38.0,37.0,16.0,0.0,0.0,0.0,64.0,23.9283,0.0,0.0101,0.0,0.0
20042.0,1.7055,0.0882,1.0,2.5441,350.0003,1.7978,0.7978,2.374,1.374,20.4756,1.819,19.9678,1.7987,100.0,0.0,0.0,0.0,25.25,0.0,26.25,0.0,26.125,0.0,25.25,10.0,0.0,0.0081,53.6075,5.3607,2.0,5.2681,1.2887,-0.0702,1.356,0.0305,1.367,1.004e-05,1.0008,0.0005,2.3417,11.0,0.0603,1.0016,0.1953,2.5125,0.0592,1.9944,0.0654,2.0377,0.0,0.0,0.0,-0.1547,25.0,25.0,38.0,37.0,14.0,0.0,0.0,0.0,64.0,24.1229,0.0,0.0103,0.0,0.0
20043.0,1.7046,0.0881,1.0,2.544,349.9621,1.7981,0.7981,2.3744,1.3744,20.5259,1.821,19.951,1.798,100.0,0.0,0.0,0.0,25.125,0.0,26.25,0.0,26.125,0.0,25.25,10.0,0.0,0.008,53.6057,5.3605,2.0,5.22,1.2871,-0.1359,1.3488,0.0384,1.3678,1.004e-05,1.0009,0.0005,2.3415,11.0,0.0643,1.0017,0.1866,2.4928,0.065,2.0344,0.0638,2.0266,0.0,0.0,0.0,-0.1549,25.0,25.0,38.0,37.0,14.0,0.0,0.0,0.0,64.0,24.2512,0.0,0.0103,0.0,0.0
20044.0,1.7037,0.088,1.0,2.5442,350.0918,1.7984,0.7984,2.3747,1.3747,20.4422,1.8177,19.9427,1.7977,100.0,0.0,0.0,0.0,25.125,0.0,26.25,0.0,26.0,0.0,25.25,10.0,0.0,0.008,53.6045,5.3604,2.0,5.2613,1.2884,-0.0904,1.3538,0.0429,1.3683,1.004e-05,1.0009,0.0005,2.3413,11.0,0.0597,1.0016,0.1756,2.4663,0.0624,2.0172,0.0565,1.9737,0.0,0.0,0.0,-0.1549,25.0,25.0,38.0,37.0,13.0,0.0,0.0,0.0,64.0,24.4459,0.0,0.0104,0.0,0.0
20045.0,1.7018,0.0877,1.0,2.5439,349.8255,1.7985,0.7985,2.3743,1.3743,20.342,1.8137,19.9413,1.7977,100.0,0.0,0.0,0.0,25.125,0.0,26.375,0.0,26.0,0.0,25.25,10.0,0.0,0.008,53.6037,5.3603,2.0,5.177,1.2856,-0.1787,1.3441,0.0365,1.3676,1.004e-05,1.0008,0.0005,2.3409,11.0,0.0596,1.0016,0.1487,2.3942,0.0552,1.9637,0.058,1.985,0.0,0.0,0.0,-0.1547,25.0,25.0,38.0,37.0,13.0,0.0,0.0,0.0,64.0,24.6136,0.0,0.0104,0.0,0.0
20046.0,1.7003,0.0875,1.0,2.5439,349.8797,1.7982,0.7982,2.3741,1.3741,20.3058,1.8122,19.9446,1.7978,100.0,0.0,0.0,0.0,25.125,0.0,26.25,0.0,26.125,0.0,25.25,10.0,0.0,0.0079,53.6015,5.3601,2.0,5.1242,1.2839,-0.1366,1.3487,0.0315,1.3671,1.004e-05,1.0009,0.0005,2.3407,11.0,0.0624,1.0017,0.171,2.4548,0.0585,1.9887,0.0578,1.9839,0.0,0.0,0.0,-0.1551,25.0,25.0,38.0,38.0,15.0,0.0,0.0,0.0,64.0,24.7891,0.0,0.0098,0.0,0.0
20047.0,1.6997,0.0875,1.0,2.5441,350.0245,1.7978,0.7978,2.3743,1.3743,20.4709,1.8188,19.958,1.7983,100.0,0.0,0.0,0.0,25.125,0.0,26.25,0.0,26.125,0.0,25.25,10.0,0.0,0.0086,53.6,5.3599,2.0,5.1661,1.2853,-0.1641,1.3457,0.0436,1.3684,1.004e-05,1.001,0.0005,2.3406,11.0,0.0629,1.0017,0.1384,2.3629,0.0449,1.874,0.0554,1.9655,0.0,0.0,0.0,-0.1549,25.0,25.0,38.0,38.0,13.0,0.0,0.0,0.0,64.0,24.9742,0.0,0.0104,0.0,0.0
20048.0,1.6991,0.0874,1.0,2.5442,350.0685,1.798,0.798,2.3747,1.3747,20.5318,1.8213,19.9415,1.7977,100.0,0.0,0.0,0.0,25.0,0.0,26.25,0.0,26.0,0.0,25.25,10.0,0.0,0.0085,53.5991,5.3598,2.0,5.1231,1.2838,-0.1483,1.3475,0.0443,1.3685,1.004e-05,1.0008,0.0005,2.3403,11.0,0.0589,1.0016,0.1152,2.2832,0.0551,1.9632,0.0514,1.9329,0.0,0.0,0.0,-0.1547,25.0,25.0,38.0,38.0,14.0,0.0,0.0,0.0,64.0,25.1361,0.0,0.0101,0.0,0.0
20049.0,1.6992,0.0874,1.0,2.5444,350.2605,1.7984,0.7984,2.3748,1.3748,20.4689,1.8188,19.9349,1.7974,100.0,0.0,0.0,0.0,25.0,0.0,26.375,0.0,26.0,0.0,25.25,10.0,0.0,0.0088,53.5974,5.3597,2.0,5.1872,1.286,-0.0757,1.3554,0.0402,1.368,1.004e-05,1.0009,0.0005,2.3403,11.0,0.0614,1.0016,0.1209,2.3044,0.0449,1.8743,0.0444,1.8695,0.0,0.0,0.0,-0.1549,25.0,25.0,38.0,38.0,14.0,0.0,0.0,0.0,64.0,25.3041,0.0,0.0101,0.0,0.0
20050.0,1.6991,0.0874,1.0,2.5443,350.2098,1.7984,0.7984,2.3747,1.3747,20.3574,1.8143,19.9301,1.7972,100.0,0.0,0.0,0.0,25.0,0.0,26.25,0.0,26.0,0.0,25.125,10.0,0.0,0.009,53.5963,5.3596,2.0,5.2176,1.287,-0.1059,1.3521,0.0346,1.3674,1.003e-05,1.0008,0.0005,2.3397,11.0,0.0604,1.0016,0.1137,2.2776,0.0464,1.8883,0.063,2.0213,0.0,0.0,0.0,-0.1544,25.0,25.0,38.0,37.0,14.0,0.0,0.0,0.0,64.0,25.4608,0.0,0.0101,0.0,0.0
20051.0,1.6991,0.0874,1.0,2.5443,350.2023,1.7984,0.7984,2.3748,1.3748,20.2917,1.8117,19.9347,1.7974,100.0,0.0,0.0,0.0,25.0,0.0,26.25,0.0,26.0,0.0,25.125,10.0,0.0,0.0084,53.5952,5.3595,2.0,5.1474,1.2846,-0.1501,1.3473,0.0393,1.3679,1.003e-05,1.0007,0.0005,2.3396,11.0,0.0596,1.0016,0.1256,2.3208,0.0378,1.799,0.0572,1.9789,0.0,0.0,0.0,-0.1548,25.0,25.0,38.0,37.0,13.0,0.0,0.0,0.0,64.0,25.6548,0.0,0.0101,0.0,0.0
20052.0,1.6984,0.0873,1.0,2.5442,350.0668,1.7978,0.7978,2.3744,1.3744,20.4325,1.8173,19.9559,1.7982,100.0,0.0,0.0,0.0,25.0,0.0,26.375,0.0,26.0,0.0,25.25,10.0,0.0,0.0083,53.5935,5.3593,2.0,5.0869,1.2826,-0.121,1.3504,0.0451,1.3686,1.003e-05,1.0008,0.0005,2.3395,11.0,0.0575,1.0015,0.128,2.329,0.037,1.7902,0.0556,1.9666,0.0,0.0,0.0,-0.1551,25.0,25.0,38.0,37.0,12.0,0.0,0.0,0.0,64.0,25.8225,0.0,0.0105,0.0,0.0
20053.0,1.6981,0.0873,1.0,2.544,349.916,1.7979,0.7979,2.3744,1.3744,20.5381,1.8215,19.9541,1.7982,100.0,0.0,0.0,0.0,25.125,0.0,26.375,0.0,26.25,0.0,25.125,10.0,0.0,0.0075,53.5921,5.3591,2.0,5.1182,1.2836,-0.1543,1.3468,0.0392,1.3679,1.003e-05,1.0007,0.0005,2.3392,11.0,0.0561,1.0015,0.0912,2.1816,0.0363,1.7816,0.0514,1.9327,0.0,0.0,0.0,-0.155,26.0,25.0,38.0,37.0,13.0,0.0,0.0,0.0,64.0,25.9978,0.0,0.01,0.0,0.0
20054.0,1.6989,0.0874,1.0,2.5438,349.7741,1.7984,0.7984,2.3751,1.3751,20.4802,1.8192,19.9354,1.7974,100.0,0.0,0.0,0.0,25.0,0.0,26.25,0.0,26.0,0.0,25.25,10.0,0.0,0.0079,53.5904,5.359,2.0,5.0313,1.2807,-0.2155,1.3401,0.035,1.3675,1.003e-05,1.0007,0.0005,2.3392,11.0,0.0568,1.0015,0.1749,2.4647,0.0332,1.7432,0.0619,2.0133,0.0,0.0,0.0,-0.1549,26.0,25.0,38.0,37.0,15.0,0.0,0.0,0.0,64.0,26.1496,0.0,0.0104,0.0,0.0
20055.0,1.6989,0.0874,1.0,2.544,349.963,1.7984,0.7984,2.3751,1.3751,20.3688,1.8148,19.9326,1.7973,100.0,0.0,0.0,0.0,25.125,0.0,26.375,0.0,26.125,0.0,25.25,10.0,0.0,0.0081,53.5887,5.3588,2.0,4.9734,1.2787,-0.2179,1.3399,0.0516,1.3693,1.003e-05,1.0008,0.0005,2.3388,11.0,0.0568,1.0015,0.1608,2.4281,0.0312,1.7155,0.0597,1.9975,0.0,0.0,0.0,-0.1551,26.0,25.0,38.0,37.0,15.0,0.0,0.0,0.0,64.0,26.3065,0.0,0.0102,0.0,0.0
20056.0,1.6982,0.0873,1.0,2.5441,350.0551,1.7984,0.7984,2.3745,1.3745,20.291,1.8116,19.9378,1.7975,100.0,0.0,0.0,0.0,25.0,0.0,26.25,0.0,26.0,0.0,25.125,10.0,0.0,0.008,53.588,5.3587,2.0,5.0432,1.2811,-0.1632,1.3458,0.0483,1.3689,1.003e-05,1.0008,0.0005,2.3388,11.0,0.0588,1.0016,0.1642,2.4371,0.0318,1.7244,0.0615,2.0106,0.0,0.0,0.0,-0.155,26.0,25.0,38.0,37.0,14.0,0.0,0.0,0.0,64.0,26.4865,0.0,0.0103,0.0,0.0
20057.0,1.6971,0.0871,1.0,2.544,349.9186,1.7979,0.7979,2.3744,1.3744,20.4014,1.8161,19.9561,1.7982,100.0,0.0,0.0,0.0,25.0,0.0,26.5,0.0,26.0,0.0,25.25,10.0,0.0,0.0078,53.5863,5.3585,2.0,5.0055,1.2798,-0.2128,1.3404,0.0437,1.3684,1.004e-05,1.0008,0.0005,2.3388,11.0,0.0608,1.0016,0.1544,2.4104,0.0282,1.6717,0.0617,2.0118,0.0,0.0,0.0,-0.1546,25.0,25.0,38.0,37.0,13.0,0.0,0.0,0.0,64.0,26.6565,0.0,0.0104,0.0,0.0
20058.0,1.6971,0.0871,1.0,2.544,349.9443,1.7978,0.7978,2.375,1.375,20.521,1.8208,19.9479,1.7979,100.0,0.0,0.0,0.0,25.0,0.0,26.375,0.0,26.25,0.0,25.25,10.0,0.0,0.0081,53.5851,5.3584,2.0,4.8783,1.2753,-0.3041,1.3305,0.0393,1.3679,1.004e-05,1.0009,0.0005,2.3385,11.0,0.0632,1.0017,0.1311,2.3395,0.0269,1.6521,0.0635,2.0244,0.0,0.0,0.0,-0.1553,25.0,25.0,38.0,38.0,15.0,0.0,0.0,0.0,64.0,26.8615,0.0,0.0102,0.0,0.0
20059.0,1.6959,0.087,1.0,2.5446,350.4408,1.7983,0.7983,2.3748,1.3748,20.4871,1.8195,19.9361,1.7974,100.0,0.0,0.0,0.0,25.125,0.0,26.375,0.0,26.125,0.0,25.25,10.0,0.0,0.0079,53.5835,5.3583,2.0,4.9224,1.2769,-0.1912,1.3428,0.055,1.3696,1.004e-05,1.001,0.0005,2.3383,11.0,0.0645,1.0017,0.1237,2.3141,0.0289,1.6823,0.067,2.0482,0.0,0.0,0.0,-0.1551,25.0,25.0,38.0,38.0,12.0,0.0,0.0,0.0,64.0,27.0339,0.0,0.0105,0.0,0.0
20060.0,1.6949,0.0869,1.0,2.5445,350.3165,1.798,0.798,2.3755,1.3755,20.3824,1.8153,19.9222,1.7969,100.0,0.0,0.0,0.0,25.125,0.0,26.25,0.0,26.125,0.0,25.25,10.0,0.0,0.0083,53.5822,5.3582,2.0,5.0404,1.281,-0.1065,1.352,0.0499,1.3691,1.004e-05,1.001,0.0005,2.3399,11.0,0.0654,1.0017,0.1295,2.3343,0.0304,1.7043,0.0577,1.9828,0.0,0.0,0.0,-0.1548,25.0,25.0,38.0,38.0,15.0,0.0,0.0,0.0,64.0,27.2197,0.0,0.0103,0.0,0.0
20061.0,1.4624,0.0578,1.0,2.5443,350.1939,1.798,0.798,2.3749,1.3749,20.2816,1.8113,19.9249,1.797,100.0,0.0,0.0,0.0,25.0,0.0,26.25,0.0,26.125,0.0,25.125,10.0,0.0,0.0081,53.5808,5.358,2.0,5.135,1.2842,-0.0555,1.3576,0.0453,1.3686,1.004e-05,1.0009,0.0005,2.3439,11.0,0.0667,1.0018,0.1115,2.269,0.0268,1.6505,0.0596,1.9972,0.0,0.0,0.0,-0.1547,26.0,25.0,38.0,38.0,12.0,0.0,0.0,0.0,64.0,27.3971,0.0,0.0105,0.0,0.0
20062.0,1.369,0.0461,1.0,2.5446,350.3951,1.7979,0.7979,2.3744,1.3744,20.3778,1.8151,19.9529,1.7981,100.0,0.0,0.0,0.0,25.125,0.0,26.25,0.0,26.125,0.0,25.25,10.0,0.0,0.008,53.5795,5.3579,2.0,5.1528,1.2848,-0.0503,1.3582,0.0403,1.368,1.004e-05,1.001,0.0005,2.3434,11.0,0.0646,1.0017,0.105,2.2431,0.0224,1.5712,0.0756,2.1006,0.0,0.0,0.0,-0.1547,26.0,25.0,38.0,37.0,16.0,0.0,0.0,0.0,64.0,27.5837,0.0,0.0105,0.0,0.0
20063.0,1.2856,0.0357,1.0,2.5443,350.1476,1.7975,0.7975,2.3747,1.3747,20.5244,1.821,19.9535,1.7981,100.0,0.0,0.0,0.0,25.125,0.0,26.375,0.0,26.125,0.0,25.25,10.0,0.0,0.0079,53.5781,5.3577,2.0,5.1205,1.2837,-0.0109,1.3624,0.0566,1.3698,1.004e-05,1.001,0.0005,2.3433,11.0,0.0657,1.0018,0.1012,2.227,0.0214,1.5531,0.0593,1.9949,0.0,0.0,0.0,-0.1546,26.0,25.0,38.0,37.0,14.0,0.0,0.0,0.0,64.0,27.7672,0.0,0.0102,0.0,0.0
20064.0,1.3694,0.0462,1.0,2.5443,350.1975,1.7981,0.7981,2.3749,1.3749,20.5213,1.8209,19.9367,1.7975,100.0,0.0,0.0,0.0,25.125,0.0,26.375,0.0,26.0,0.0,25.125,10.0,0.0,0.0081,53.5768,5.3576,2.0,5.2147,1.2869,-0.018,1.3617,0.0525,1.3694,1.004e-05,1.001,0.0005,2.3429,11.0,0.066,1.0018,0.1057,2.2458,0.0236,1.595,0.0645,2.0317,0.0,0.0,0.0,-0.1547,26.0,25.0,38.0,37.0,15.0,0.0,0.0,0.0,64.0,27.9255,0.0,0.0104,0.0,0.0
20065.0,1.5123,0.064,1.0,2.5444,350.299,1.7984,0.7984,2.3747,1.3747,20.4265,1.8171,19.9324,1.7973,100.0,0.0,0.0,0.0,25.0,0.0,26.25,0.0,26.0,0.0,25.25,10.0,0.0,0.0074,53.5753,5.3575,2.0,5.0852,1.2825,-0.098,1.3529,0.0461,1.3687,1.004e-05,1.0009,0.0005,2.3426,11.0,0.066,1.0018,0.0843,2.1476,0.0181,1.4805,0.0606,2.0041,0.0,0.0,0.0,-0.155,25.0,25.0,38.0,37.0,12.0,0.0,0.0,0.0,64.0,28.1266,0.0,0.0101,0.0,0.0
20066.0,1.5864,0.0733,1.0,2.5444,350.2514,1.7984,0.7984,2.3745,1.3745,20.299,1.812,19.9315,1.7973,100.0,0.0,0.0,0.0,25.125,0.0,26.25,0.0,26.0,0.0,25.125,10.0,0.0,0.0082,53.5738,5.3573,2.0,5.0835,1.2825,-0.0651,1.3565,0.0413,1.3681,1.004e-05,1.001,0.0005,2.3422,11.0,0.0669,1.0018,0.0847,2.1496,0.0207,1.5386,0.0608,2.0061,0.0,0.0,0.0,-0.1547,25.0,25.0,38.0,37.0,14.0,0.0,0.0,0.0,64.0,28.2864,0.0,0.0104,0.0,0.0
20067.0,1.6275,0.0784,1.0,2.5445,350.374,1.798,0.798,2.3744,1.3744,20.3666,1.8147,19.951,1.798,100.0,0.0,0.0,0.0,25.0,0.0,26.5,0.0,26.0,0.0,25.125,10.0,0.0,0.0078,53.5724,5.3572,2.0,5.2123,1.2868,0.0326,1.3672,0.0583,1.37,1.004e-05,1.001,0.0005,2.3417,11.0,0.0686,1.0018,0.093,2.1903,0.0187,1.4931,0.0683,2.056,0.0,0.0,0.0,-0.1551,25.0,25.0,38.0,37.0,13.0,0.0,0.0,0.0,64.0,28.4542,0.0,0.0103,0.0,0.0
20068.0,1.6495,0.0812,1.0,2.5446,350.41,1.7979,0.7979,2.3745,1.3745,20.518,1.8207,19.9639,1.7986,100.0,0.0,0.0,0.0,25.125,0.0,26.375,0.0,26.125,0.0,25.125,10.0,0.0,0.0086,53.5713,5.3571,2.0,5.2148,1.2869,-0.0135,1.3622,0.0527,1.3694,1.004e-05,1.001,0.0005,2.3416,11.0,0.0658,1.0018,0.0731,2.0857,0.0155,1.4135,0.0672,2.0493,0.0,0.0,0.0,-0.1547,25.0,25.0,38.0,37.0,14.0,0.0,0.0,0.0,64.0,28.6407,0.0,0.0103,0.0,0.0
20069.0,1.6655,0.0832,1.0,2.5445,350.3848,1.7979,0.7979,2.3752,1.3752,20.5137,1.8205,19.9304,1.7972,100.0,0.0,0.0,0.0,25.0,0.0,26.5,0.0,26.125,0.0,25.25,10.0,0.0,0.0082,53.57,5.357,2.0,5.0879,1.2826,-0.1127,1.3513,0.0467,1.3687,1.004e-05,1.001,0.0005,2.3412,11.0,0.0671,1.0018,0.0741,2.0915,0.0185,1.4885,0.0606,2.0045,0.0,0.0,0.0,-0.1548,25.0,25.0,38.0,37.0,14.0,0.0,0.0,0.0,64.0,28.8596,0.0,0.0102,0.0,0.0
20070.0,1.6772,0.0846,1.0,2.5444,350.2708,1.7981,0.7981,2.3752,1.3752,20.4242,1.817,19.9243,1.797,100.0,0.0,0.0,0.0,25.125,0.0,26.375,0.0,26.0,0.0,25.125,10.0,0.0,0.0082,53.5688,5.3568,2.0,5.0355,1.2808,-0.116,1.351,0.0593,1.3701,1.004e-05,1.0009,0.0005,2.341,11.0,0.0616,1.0016,0.0748,2.0959,0.0151,1.4003,0.0721,2.0797,0.0,0.0,0.0,-0.1551,25.0,25.0,38.0,37.0,14.0,0.0,0.0,0.0,64.0,29.0329,0.0,0.0103,0.0,0.0
20071.0,1.684,0.0855,1.0,2.5442,350.1009,1.7984,0.7984,2.3746,1.3746,20.3075,1.8123,19.93,1.7972,100.0,0.0,0.0,0.0,25.125,0.0,26.375,0.0,26.125,0.0,25.25,10.0,0.0,0.0089,53.5673,5.3567,2.0,4.9956,1.2794,-0.0775,1.3552,0.0582,1.37,1.004e-05,1.0008,0.0005,2.3408,11.0,0.0599,1.0016,0.0717,2.0771,0.0172,1.457,0.0701,2.0673,0.0,0.0,0.0,-0.1548,25.0,25.0,38.0,37.0,13.0,0.0,0.0,0.0,64.0,29.2046,0.0,0.0101,0.0,0.0
20072.0,1.6875,0.0859,1.0,2.5442,350.0856,1.7982,0.7982,2.3744,1.3744,20.328,1.8131,19.9471,1.7979,100.0,0.0,0.0,0.0,25.0,0.0,26.25,0.0,26.0,0.0,25.25,10.0,0.0,0.008,53.5659,5.3565,2.0,5.1271,1.2839,-0.008,1.3628,0.0524,1.3694,1.004e-05,1.0008,0.0005,2.3406,11.0,0.0593,1.0016,0.0641,2.0288,0.014,1.3692,0.0694,2.0632,0.0,0.0,0.0,-0.1549,25.0,25.0,38.0,37.0,13.0,0.0,0.0,0.0,64.0,29.403,0.0,0.0103,0.0,0.0
20073.0,1.6927,0.0866,1.0,2.5443,350.216,1.7979,0.7979,2.3744,1.3744,20.5085,1.8203,19.9567,1.7983,100.0,0.0,0.0,0.0,25.125,0.0,26.375,0.0,26.125,0.0,25.125,10.0,0.0,0.0075,53.5644,5.3564,2.0,5.193,1.2862,0.0575,1.3699,0.0448,1.3685,1.003e-05,1.0008,0.0005,2.3403,11.0,0.0594,1.0016,0.0649,2.0339,0.0122,1.3095,0.071,2.0734,0.0,0.0,0.0,-0.1549,25.0,25.0,38.0,37.0,16.0,0.0,0.0,0.0,64.0,29.5879,0.0,0.0102,0.0,0.0
20074.0,1.6929,0.0866,1.0,2.5442,350.1163,1.7982,0.7982,2.3748,1.3748,20.5138,1.8206,19.9507,1.798,100.0,0.0,0.0,0.0,25.125,0.0,26.5,0.0,26.0,0.0,25.25,10.0,0.0,0.0074,53.5632,5.3562,2.0,5.3391,1.291,0.1721,1.3824,0.0621,1.3704,1.004e-05,1.0009,0.0005,2.3401,11.0,0.0619,1.0017,0.0583,1.9874,0.0131,1.3375,0.0678,2.0531,0.0,0.0,0.0,-0.1548,25.0,25.0,38.0,37.0,15.0,0.0,0.0,0.0,64.0,29.7571,0.0,0.0103,0.0,0.0
20075.0,1.6933,0.0867,1.0,2.5443,350.16,1.7984,0.7984,2.3747,1.3747,20.4539,1.8182,19.935,1.7974,100.0,0.0,0.0,0.0,25.0,0.0,26.25,0.0,26.125,0.0,25.125,10.0,0.0,0.0072,53.562,5.3561,2.0,5.5168,1.2967,0.2645,1.3925,0.0581,1.37,1.004e-05,1.0009,0.0005,2.3401,11.0,0.0633,1.0017,0.0478,1.9011,0.0119,1.2973,0.0646,2.0324,0.0,0.0,0.0,-0.155,25.0,25.0,38.0,37.0,13.0,0.0,0.0,0.0,64.0,29.9485,0.0,0.0104,0.0,0.0
20076.0,1.6933,0.0867,1.0,2.5443,350.2252,1.7984,0.7984,2.3747,1.3747,20.3536,1.8141,19.9323,1.7973,100.0,0.0,0.0,0.0,25.125,0.0,26.375,0.0,26.125,0.0,25.25,10.0,0.0,0.0082,53.5608,5.356,2.0,5.4769,1.2954,0.1814,1.3834,0.054,1.3695,1.004e-05,1.001,0.0005,2.3406,11.0,0.0647,1.0017,0.0583,1.9872,0.0108,1.2551,0.0609,2.0067,0.0,0.0,0.0,-0.1548,25.0,25.0,38.0,37.0,14.0,0.0,0.0,0.0,64.0,30.1399,0.0,0.0103,0.0,0.0
20077.0,1.6968,0.0871,1.0,2.5444,350.2778,1.7982,0.7982,2.3748,1.3748,20.3375,1.8135,19.9472,1.7979,100.0,0.0,0.0,0.0,25.0,0.0,26.25,0.0,26.0,0.0,25.25,10.0,0.0,0.0078,53.5592,5.3559,2.0,5.4583,1.2948,0.1641,1.3815,0.0566,1.3698,1.004e-05,1.001,0.0005,2.345,11.0,0.0675,1.0018,0.0503,1.9232,0.01,1.2239,0.0719,2.0786,0.0,0.0,0.0,-0.1545,25.0,25.0,38.0,37.0,15.0,0.0,0.0,0.0,64.0,30.2877,0.0,0.01,0.0,0.0
20078.0,1.5031,0.0629,1.0,2.5447,350.4918,1.7979,0.7979,2.3748,1.3748,20.4834,1.8193,19.9582,1.7983,100.0,0.0,0.0,0.0,25.125,0.0,26.375,0.0,26.0,0.0,25.25,10.0,0.0,0.0084,53.5583,5.3557,2.0,5.4826,1.2956,0.1828,1.3836,0.0643,1.3707,1.004e-05,1.001,0.0005,2.3448,11.0,0.0653,1.0017,0.0441,1.8659,0.0104,1.2397,0.0675,2.0509,0.0,0.0,0.0,-0.1551,25.0,25.0,38.0,37.0,13.0,0.0,0.0,0.0,64.0,30.4864,0.0,0.0101,0.0,0.0
20079.0,1.3528,0.0441,1.0,2.5443,350.2245,1.7978,0.7978,2.3752,1.3752,20.5269,1.8211,19.9423,1.7977,100.0,0.0,0.0,0.0,25.125,0.0,26.25,0.0,26.0,0.0,25.25,10.0,0.0,0.0088,53.557,5.3557,2.0,5.438,1.2942,0.1505,1.38,0.059,1.3701,1.004e-05,1.001,0.0005,2.3444,11.0,0.067,1.0018,0.0471,1.8951,0.009,1.1766,0.0758,2.1016,0.0,0.0,0.0,-0.155,25.0,25.0,38.0,37.0,14.0,0.0,0.0,0.0,64.0,30.6722,0.0,0.01,0.0,0.0
20080.0,1.2784,0.0348,1.0,2.5442,350.1211,1.798,0.798,2.3751,1.3751,20.451,1.818,19.9247,1.797,100.0,0.0,0.0,0.0,25.125,0.0,26.375,0.0,26.125,0.0,25.25,10.0,0.0,0.0083,53.5554,5.3555,2.0,5.4098,1.2933,0.1855,1.3839,0.0528,1.3694,1.004e-05,1.0009,0.0005,2.3437,11.0,0.062,1.0017,0.0492,1.9141,0.0099,1.2182,0.0716,2.0765,0.0,0.0,0.0,-0.1548,25.0,25.0,38.0,37.0,15.0,0.0,0.0,0.0,64.0,30.8489,0.0,0.0104,0.0,0.0
20081.0,1.2557,0.032,1.0,2.5443,350.2206,1.7981,0.7981,2.3751,1.3751,20.3463,1.8139,19.923,1.7969,100.0,0.0,0.0,0.0,25.0,0.0,26.375,0.0,26.125,0.0,25.25,10.0,0.0,0.0078,53.554,5.3553,2.0,5.5575,1.298,0.2736,1.3935,0.0632,1.3705,1.003e-05,1.0008,0.0005,2.3435,11.0,0.0592,1.0016,0.035,1.7658,0.0094,1.1959,0.0656,2.0384,0.0,0.0,0.0,-0.1551,25.0,25.0,38.0,37.0,12.0,0.0,0.0,0.0,64.0,31.0367,0.0,0.01,0.0,0.0
20082.0,1.4664,0.0583,1.0,2.5443,350.1898,1.7982,0.7982,2.3745,1.3745,20.2996,1.812,19.9418,1.7977,100.0,0.0,0.0,0.0,25.125,0.0,26.375,0.0,26.125,0.0,25.125,10.0,0.0,0.0077,53.5531,5.3553,2.0,5.635,1.3004,0.263,1.3923,0.063,1.3705,1.004e-05,1.0008,0.0005,2.3433,11.0,0.0614,1.0016,0.0429,1.8544,0.0091,1.1826,0.0682,2.0554,0.0,0.0,0.0,-0.1546,25.0,25.0,38.0,37.0,14.0,0.0,0.0,0.0,64.0,31.2149,0.0,0.0102,0.0,0.0
20083.0,1.5605,0.0701,1.0,2.5443,350.18,1.7983,0.7983,2.3744,1.3744,20.4691,1.8188,19.9677,1.7987,100.0,0.0,0.0,0.0,25.125,0.0,26.375,0.0,26.0,0.0,25.25,10.0,0.0,0.0076,53.5516,5.3551,2.0,5.65,1.3008,0.2808,1.3943,0.0573,1.3699,1.004e-05,1.0009,0.0005,2.3426,11.0,0.0628,1.0017,0.1118,2.2702,0.008,1.1231,0.0835,2.1434,0.0,0.0,0.0,-0.155,25.0,25.0,38.0,37.0,14.0,0.0,0.0,0.0,64.0,31.3712,0.0,0.0102,0.0,0.0
20084.0,1.6111,0.0764,1.0,2.5442,350.0976,1.7983,0.7983,2.3748,1.3748,20.5288,1.8212,19.9539,1.7982,100.0,0.0,0.0,0.0,25.125,0.0,26.375,0.0,26.0,0.0,25.125,10.0,0.0,0.0076,53.5502,5.355,2.0,5.6416,1.3006,0.2564,1.3916,0.0534,1.3695,1.004e-05,1.0009,0.0005,2.3425,11.0,0.0646,1.0017,0.1055,2.2452,0.0069,1.0634,0.0704,2.0697,0.0,0.0,0.0,-0.1548,25.0,25.0,38.0,37.0,15.0,0.0,0.0,0.0,64.0,31.5645,0.0,0.0104,0.0,0.0
20085.0,1.6322,0.079,1.0,2.5445,350.3583,1.7983,0.7983,2.3748,1.3748,20.4796,1.8192,19.9462,1.7978,100.0,0.0,0.0,0.0,25.0,0.0,26.25,0.0,26.0,0.0,25.25,10.0,0.0,0.008,53.5493,5.3548,2.0,5.6479,1.3008,0.2894,1.3952,0.0692,1.3712,1.004e-05,1.001,0.0005,2.3422,11.0,0.0658,1.0018,0.0831,2.1415,0.0073,1.0844,0.0732,2.0864,0.0,0.0,0.0,-0.1547,25.0,25.0,38.0,37.0,13.0,0.0,0.0,0.0,64.0,31.7376,0.0,0.0097,0.0,0.0
20086.0,1.6596,0.0825,1.0,2.5446,350.4286,1.7984,0.7984,2.3748,1.3748,20.3689,1.8148,19.9418,1.7977,100.0,0.0,0.0,0.0,25.125,0.0,26.25,0.0,26.125,0.0,25.25,10.0,0.0,0.0083,53.548,5.3547,2.0,5.7921,1.3051,0.3548,1.4023,0.0639,1.3706,1.004e-05,1.001,0.0005,2.3421,11.0,0.0657,1.0018,0.0847,2.1497,0.0071,1.0702,0.073,2.0852,0.0,0.0,0.0,-0.1544,25.0,25.0,38.0,37.0,13.0,0.0,0.0,0.0,64.0,31.9144,0.0,0.0103,0.0,0.0
20087.0,1.675,0.0844,1.0,2.5445,350.316,1.7984,0.7984,2.3748,1.3748,20.2937,1.8117,19.9405,1.7976,100.0,0.0,0.0,0.0,25.125,0.0,26.375,0.0,26.0,0.0,25.25,10.0,0.0,0.0083,53.5469,5.3546,2.0,5.7539,1.304,0.3411,1.4008,0.0574,1.3699,1.004e-05,1.001,0.0005,2.3419,11.0,0.0668,1.0018,0.0994,2.2193,0.0065,1.0328,0.0667,2.046,0.0,0.0,0.0,-0.155,25.0,25.0,38.0,37.0,13.0,0.0,0.0,0.0,64.0,32.0674,0.0,0.0101,0.0,0.0
20088.0,1.6836,0.0854,1.0,2.5443,350.2108,1.7976,0.7976,2.3748,1.3748,20.423,1.8169,19.9569,1.7983,100.0,0.0,0.0,0.0,25.125,0.0,26.375,0.0,26.125,0.0,25.25,10.0,0.0,0.0082,53.5452,5.3544,2.0,5.8595,1.3071,0.3416,1.4009,0.0679,1.371,1.004e-05,1.001,0.0005,2.3415,11.0,0.065,1.0017,0.0813,2.1322,0.0054,0.9555,0.0742,2.0925,0.0,0.0,0.0,-0.1553,25.0,25.0,38.0,37.0,13.0,0.0,0.0,0.0,64.0,32.2606,0.0,0.01,0.0,0.0
20089.0,1.6908,0.0864,1.0,2.5442,350.0719,1.7979,0.7979,2.3752,1.3752,20.5329,1.8213,19.9459,1.7978,100.0,0.0,0.0,0.0,25.125,0.0,26.375,0.0,26.125,0.0,25.25,10.0,0.0,0.0075,53.5437,5.3543,2.0,5.9061,1.3085,0.3991,1.4072,0.068,1.3711,1.004e-05,1.001,0.0005,2.3413,11.0,0.0659,1.0018,0.083,2.1407,0.0064,1.0264,0.0711,2.0738,0.0,0.0,0.0,-0.1547,25.0,25.0,38.0,37.0,12.0,0.0,0.0,0.0,64.0,32.4039,0.0,0.0105,0.0,0.0
20090.0,1.6944,0.0868,1.0,2.5443,350.1521,1.7983,0.7983,2.3752,1.3752,20.479,1.8192,19.9365,1.7975,100.0,0.0,0.0,0.0,25.0,0.0,26.375,0.0,26.0,0.0,25.25,10.0,0.0,0.0079,53.5429,5.3543,2.0,5.9594,1.3101,0.3883,1.406,0.0625,1.3705,1.004e-05,1.001,0.0005,2.3408,11.0,0.0641,1.0017,0.0708,2.0719,0.0059,0.9909,0.0715,2.076,0.0,0.0,0.0,-0.1547,25.0,25.0,38.0,37.0,14.0,0.0,0.0,0.0,64.0,32.5972,0.0,0.0106,0.0,0.0
20091.0,1.6953,0.0869,1.0,2.5444,350.2715,1.7984,0.7984,2.3752,1.3752,20.3897,1.8156,19.9319,1.7973,100.0,0.0,0.0,0.0,25.125,0.0,26.25,0.0,26.0,0.0,25.25,10.0,0.0,0.0079,53.5416,5.3541,2.0,5.8758,1.3076,0.2854,1.3948,0.0625,1.3705,1.003e-05,1.0008,0.0005,2.3407,11.0,0.0613,1.0016,0.0741,2.0915,0.1321,2.3429,0.0714,2.0756,0.0,0.0,0.0,-0.1548,25.0,25.0,38.0,37.0,13.0,0.0,0.0,0.0,64.0,32.7779,0.0,0.0102,0.0,0.0
20092.0,1.6971,0.0871,1.0,2.5444,350.2879,1.7984,0.7984,2.3745,1.3745,20.2901,1.8116,19.9458,1.7978,100.0,0.0,0.0,0.0,25.0,0.0,26.375,0.0,26.125,0.0,25.125,10.0,0.0,0.0079,53.5404,5.354,2.0,5.7929,1.3052,0.2371,1.3895,0.0716,1.3714,1.004e-05,1.0008,0.0005,2.3402,11.0,0.0622,1.0017,0.0648,2.0331,0.1341,2.3491,0.0618,2.0125,0.0,0.0,0.0,-0.1549,25.0,25.0,38.0,37.0,14.0,0.0,0.0,0.0,64.0,32.9487,0.0,0.0102,0.0,0.0
20093.0,1.6973,0.0872,1.0,2.5442,350.1201,1.7982,0.7982,2.3744,1.3744,20.405,1.8162,19.9655,1.7986,100.0,0.0,0.0,0.0,25.0,0.0,26.25,0.0,26.0,0.0,25.125,10.0,0.0,0.0073,53.5392,5.3538,2.0,5.7608,1.3042,0.1942,1.3848,0.0661,1.3708,1.004e-05,1.0009,0.0005,2.3458,11.0,0.0626,1.0017,0.1291,2.3329,0.1222,2.3091,0.0798,2.1237,0.0,0.0,0.0,-0.155,25.0,25.0,38.0,37.0,13.0,0.0,0.0,0.0,64.0,33.1107,0.0,0.0106,0.0,0.0
20094.0,1.6981,0.0873,1.0,2.5443,350.1485,1.7978,0.7978,2.3746,1.3746,20.5308,1.8212,19.947,1.7979,100.0,0.0,0.0,0.0,25.125,0.0,26.375,0.0,26.0,0.0,25.25,10.0,0.0,0.0073,53.5374,5.3536,2.0,5.5899,1.299,0.1227,1.377,0.0679,1.371,1.004e-05,1.0009,0.0005,2.3455,11.0,0.063,1.0017,0.1269,2.3254,0.1032,2.2356,0.0723,2.0812,0.0,0.0,0.0,-0.1548,26.0,25.0,38.0,37.0,15.0,0.0,0.0,0.0,64.0,33.3089,0.0,0.0099,0.0,0.0
20095.0,1.6981,0.0873,1.0,2.5443,350.1752,1.7983,0.7983,2.3748,1.3748,20.4997,1.82,19.9394,1.7976,100.0,0.0,0.0,0.0,25.125,0.0,26.375,0.0,26.125,0.0,25.25,10.0,0.0,0.0078,53.5364,5.3536,2.0,5.6788,1.3017,0.1831,1.3836,0.0762,1.3719,1.004e-05,1.0009,0.0005,2.3449,11.0,0.0637,1.0017,0.1326,2.3443,0.0935,2.1925,0.0689,2.0601,0.0,0.0,0.0,-0.1546,26.0,25.0,38.0,37.0,13.0,0.0,0.0,0.0,64.0,33.462,0.0,0.0101,0.0,0.0
20096.0,1.6971,0.0871,1.0,2.5444,350.2314,1.7984,0.7984,2.3747,1.3747,20.3913,1.8157,19.9336,1.7973,100.0,0.0,0.0,0.0,25.125,0.0,26.375,0.0,26.0,0.0,25.25,10.0,0.0,0.0078,53.5348,5.3534,2.0,5.9147,1.3088,0.3523,1.4021,0.0699,1.3713,1.004e-05,1.0009,0.0005,2.3447,11.0,0.063,1.0017,0.1212,2.3054,0.0881,2.1669,0.0591,1.9937,0.0,0.0,0.0,-0.1549,26.0,25.0,38.0,37.0,12.0,0.0,0.0,0.0,64.0,33.6629,0.0,0.0102,0.0,0.0
20097.0,1.697,0.0871,1.0,2.5444,350.2942,1.7985,0.7985,2.3745,1.3745,20.3106,1.8124,19.9397,1.7976,100.0,0.0,0.0,0.0,25.125,0.0,26.375,0.0,26.125,0.0,25.125,10.0,0.0,0.0079,53.5341,5.3534,2.0,5.9988,1.3112,0.3698,1.404,0.0644,1.3707,1.004e-05,1.001,0.0005,2.3444,11.0,0.065,1.0017,0.1136,2.277,0.0944,2.1968,0.069,2.0604,0.0,0.0,0.0,-0.1546,26.0,25.0,38.0,37.0,14.0,0.0,0.0,0.0,64.0,33.8365,0.0,0.0099,0.0,0.0
20098.0,1.6962,0.087,1.0,2.5444,350.2845,1.7981,0.7981,2.3744,1.3744,20.3706,1.8148,19.9631,1.7985,100.0,0.0,0.0,0.0,25.125,0.0,26.375,0.0,26.125,0.0,25.25,10.0,0.0,0.0077,53.5329,5.3532,2.0,6.0076,1.3115,0.3213,1.3987,0.0818,1.3726,1.004e-05,1.001,0.0005,2.3437,11.0,0.0659,1.0018,0.11,2.2634,0.1845,2.4878,0.0665,2.0447,0.0,0.0,0.0,-0.1549,26.0,25.0,38.0,37.0,14.0,0.0,0.0,0.0,64.0,34.0217,0.0,0.0101,0.0,0.0
20099.0,1.696,0.087,1.0,2.5446,350.4045,1.7978,0.7978,2.3745,1.3745,20.5235,1.8209,19.952,1.7981,100.0,0.0,0.0,0.0,25.125,0.0,26.375,0.0,26.125,0.0,25.25,10.0,0.0,0.0084,53.5315,5.3531,2.0,5.9179,1.3089,0.2908,1.3954,0.0739,1.3717,1.004e-05,1.001,0.0005,2.3435,11.0,0.0661,1.0018,0.0926,2.1886,0.1713,2.4556,0.0638,2.0269,0.0,0.0,0.0,-0.1548,26.0,25.0,38.0,37.0,13.0,0.0,0.0,0.0,64.0,34.1693,0.0,0.0102,0.0,0.0
20100.0,1.6971,0.0871,1.0,2.5445,350.3617,1.7983,0.7983,2.3748,1.3748,20.5139,1.8206,19.9387,1.7975,100.0,0.0,0.0,0.0,25.0,0.0,26.375,0.0,26.125,0.0,25.375,10.0,0.0,0.0081,53.5307,5.353,2.0,6.1139,1.3145,0.4397,1.4116,0.0689,1.3711,1.004e-05,1.001,0.0005,2.3431,11.0,0.0664,1.0018,0.1013,2.2274,0.1756,2.4665,0.0565,1.9743,0.0,0.0,0.0,-0.1547,26.0,25.0,38.0,37.0,14.0,0.0,0.0,0.0,64.0,34.3687,0.0,0.01,0.0,0.0
20101.0,1.6967,0.0871,1.0,2.5444,350.2487,1.7987,0.7987,2.3747,1.3747,20.423,1.8169,19.9407,1.7976,100.0,0.0,0.0,0.0,25.125,0.0,26.375,0.0,26.125,0.0,25.125,10.0,0.0,0.0086,53.5296,5.3529,2.0,6.2459,1.3182,0.4938,1.4175,0.0853,1.3729,1.004e-05,1.001,0.0005,2.3428,11.0,0.0656,1.0018,0.1484,2.3932,0.1746,2.4638,0.0677,2.0525,0.0,0.0,0.0,-0.1548,26.0,25.0,38.0,37.0,14.0,0.0,0.0,0.0,64.0,34.531,0.0,0.0101,0.0,0.0
20102.0,1.6949,0.0869,1.0,2.5442,350.1408,1.7987,0.7987,2.3745,1.3745,20.2985,1.8119,19.9399,1.7976,100.0,0.0,0.0,0.0,25.125,0.0,26.375,0.0,26.125,0.0,25.25,10.0,0.0,0.0081,53.5282,5.3528,2.0,6.3167,1.3202,0.4705,1.415,0.0752,1.3718,1.004e-05,1.0008,0.0005,2.3425,11.0,0.0614,1.0016,0.1306,2.3379,0.159,2.4232,0.067,2.0478,0.0,0.0,0.0,-0.1547,26.0,25.0,38.0,37.0,14.0,0.0,0.0,0.0,64.0,34.7295,0.0,0.0103,0.0,0.0
20103.0,1.6949,0.0869,1.0,2.5442,350.0978,1.7982,0.7982,2.3744,1.3744,20.3404,1.8136,19.9512,1.798,100.0,0.0,0.0,0.0,25.125,0.0,26.375,0.0,26.25,0.0,25.125,10.0,0.0,0.008,53.5268,5.3526,2.0,6.3756,1.3218,0.5605,1.4248,0.0759,1.3719,1.003e-05,1.0008,0.0005,2.3422,11.0,0.0591,1.0016,0.1224,2.3095,0.1445,2.3817,0.0629,2.0204,0.0,0.0,0.0,-0.1548,25.0,25.0,38.0,37.0,14.0,0.0,0.0,0.0,64.0,34.8978,0.0,0.0102,0.0,0.0
20104.0,1.695,0.0869,1.0,2.5443,350.1468,1.7977,0.7977,2.3745,1.3745,20.5156,1.8206,19.9527,1.7981,100.0,0.0,0.0,0.0,25.0,0.0,26.375,0.0,26.0,0.0,25.25,10.0,0.0,0.0081,53.5256,5.3525,2.0,6.5164,1.3256,0.5804,1.4269,0.0851,1.3729,1.004e-05,1.0008,0.0005,2.3418,11.0,0.0586,1.0016,0.1106,2.2657,0.1449,2.3829,0.0545,1.9584,0.0,0.0,0.0,-0.1542,25.0,25.0,38.0,37.0,15.0,0.0,0.0,0.0,64.0,35.0942,0.0,0.0103,0.0,0.0
20105.0,1.693,0.0866,1.0,2.5443,350.1721,1.7982,0.7982,2.3748,1.3748,20.5127,1.8205,19.9391,1.7976,100.0,0.0,0.0,0.0,25.25,0.0,26.375,0.0,26.125,0.0,25.25,10.0,0.0,0.0087,53.5243,5.3523,2.0,6.5192,1.3257,0.5237,1.4208,0.0794,1.3723,1.003e-05,1.0008,0.0005,2.3417,11.0,0.0604,1.0016,0.1368,2.3579,0.117,2.29,0.0624,2.0168,0.0,0.0,0.0,-0.1546,25.0,25.0,38.0,37.0,13.0,0.0,0.0,0.0,64.0,35.2598,0.0,0.01,0.0,0.0
20106.0,1.6949,0.0869,1.0,2.5443,350.224,1.7983,0.7983,2.3747,1.3747,20.4212,1.8168,19.9334,1.7973,100.0,0.0,0.0,0.0,25.125,0.0,26.375,0.0,26.125,0.0,25.25,10.0,0.0,0.008,53.5229,5.3522,2.0,6.3586,1.3213,0.4118,1.4086,0.0884,1.3733,1.003e-05,1.0007,0.0005,2.3413,11.0,0.0588,1.0016,0.1232,2.3124,0.1208,2.3038,0.073,2.0851,0.0,0.0,0.0,-0.1547,25.0,25.0,38.0,37.0,15.0,0.0,0.0,0.0,64.0,35.4697,0.0,0.0104,0.0,0.0
20107.0,1.6967,0.0871,1.0,2.5443,350.1939,1.7984,0.7984,2.3746,1.3746,20.3323,1.8133,19.9292,1.7972,100.0,0.0,0.0,0.0,25.125,0.0,26.375,0.0,26.125,0.0,25.25,10.0,0.0,0.0078,53.522,5.3521,2.0,6.2982,1.3197,0.3283,1.3995,0.0894,1.3734,1.004e-05,1.0008,0.0005,2.3413,11.0,0.0601,1.0016,0.1202,2.3017,0.1297,2.3348,0.065,2.0348,0.0,0.0,0.0,-0.1549,26.0,25.0,38.0,37.0,15.0,0.0,0.0,0.0,64.0,35.6313,0.0,0.0104,0.0,0.0
20108.0,1.6971,0.0871,1.0,2.5443,350.1946,1.7981,0.7981,2.3743,1.3743,20.3307,1.8132,19.9464,1.7979,100.0,0.0,0.0,0.0,25.125,0.0,26.5,0.0,26.125,0.0,25.25,10.0,0.0,0.0073,53.5206,5.352,2.0,6.128,1.3149,0.2443,1.3903,0.0817,1.3725,1.004e-05,1.0008,0.0005,2.3464,11.0,0.0602,1.0016,0.1161,2.2866,0.117,2.2899,0.062,2.0146,0.0,0.0,0.0,-0.1547,26.0,25.0,38.0,37.0,13.0,0.0,0.0,0.0,64.0,35.8028,0.0,0.0104,0.0,0.0
20109.0,1.6965,0.0871,1.0,2.5444,350.2985,1.7978,0.7978,2.3739,1.3739,20.4788,1.8192,19.9659,1.7986,100.0,0.0,0.0,0.0,25.0,0.0,26.25,0.0,26.125,0.0,25.25,10.0,0.0,0.0071,53.5198,5.3519,2.0,6.1783,1.3163,0.247,1.3906,0.0901,1.3735,1.004e-05,1.0008,0.0005,2.3458,11.0,0.0597,1.0016,0.0974,2.2104,0.0994,2.2192,0.0633,2.0232,0.0,0.0,0.0,-0.1547,26.0,25.0,38.0,37.0,12.0,0.0,0.0,0.0,64.0,36.0107,0.0,0.0101,0.0,0.0
20110.0,1.6971,0.0871,1.0,2.5444,350.2463,1.7981,0.7981,2.3744,1.3744,20.5122,1.8205,19.9417,1.7977,100.0,0.0,0.0,0.0,25.0,0.0,26.375,0.0,26.125,0.0,25.25,10.0,0.0,0.0085,53.5185,5.3518,2.0,6.1253,1.3149,0.2425,1.3901,0.0902,1.3735,1.004e-05,1.0008,0.0005,2.3455,11.0,0.0604,1.0016,0.1068,2.2505,0.0913,2.1821,0.0594,1.9957,0.0,0.0,0.0,-0.1545,26.0,25.0,38.0,37.0,13.0,0.0,0.0,0.0,64.0,36.1813,0.0,0.0106,0.0,0.0
20111.0,1.696,0.087,1.0,2.5443,350.2216,1.7984,0.7984,2.3743,1.3743,20.4482,1.8179,19.9342,1.7974,100.0,0.0,0.0,0.0,25.125,0.0,26.375,0.0,26.125,0.0,25.25,10.0,0.0,0.0074,53.5175,5.3517,2.0,6.2136,1.3173,0.254,1.3913,0.0842,1.3728,1.004e-05,1.0009,0.0005,2.3451,11.0,0.0598,1.0016,0.1589,2.423,0.1029,2.2342,0.0559,1.9696,0.0,0.0,0.0,-0.1545,26.0,25.0,38.0,37.0,14.0,0.0,0.0,0.0,64.0,36.3931,0.0,0.01,0.0,0.0
20112.0,1.6952,0.0869,1.0,2.5443,350.1922,1.7984,0.7984,2.3742,1.3742,20.3266,1.8131,19.9316,1.7973,100.0,0.0,0.0,0.0,25.125,0.0,26.375,0.0,26.125,0.0,25.25,10.0,0.0,0.0078,53.516,5.3515,2.0,6.1475,1.3155,0.3077,1.3972,0.0984,1.3744,1.004e-05,1.0008,0.0005,2.3446,11.0,0.0617,1.0016,0.1699,2.4519,0.0833,2.1426,0.0485,1.9076,0.0,0.0,0.0,-0.1549,26.0,25.0,38.0,37.0,14.0,0.0,0.0,0.0,64.0,36.5835,0.0,0.0108,0.0,0.0
20113.0,1.696,0.087,1.0,2.544,349.9275,1.7987,0.7987,2.374,1.374,20.2963,1.8119,19.9527,1.7981,100.0,0.0,0.0,0.0,25.125,0.0,26.375,0.0,26.125,0.0,25.25,10.0,0.0,0.0077,53.5149,5.3514,2.0,6.4417,1.3236,0.4239,1.4099,0.0925,1.3737,1.003e-05,1.0007,0.0005,2.3441,11.0,0.0565,1.0015,0.133,2.3457,0.0908,2.18,0.0527,1.9433,0.0,0.0,0.0,-0.1547,26.0,25.0,38.0,37.0,14.0,0.0,0.0,0.0,64.0,36.7634,0.0,0.0102,0.0,0.0
20114.0,1.696,0.087,1.0,2.5438,349.7573,1.7981,0.7981,2.374,1.374,20.4804,1.8192,19.9664,1.7987,100.0,0.0,0.0,0.0,25.125,0.0,26.375,0.0,26.125,0.0,25.25,10.0,0.0,0.0085,53.5137,5.3513,2.0,6.5612,1.3268,0.4624,1.4141,0.084,1.3728,1.003e-05,1.0007,0.0005,2.3435,11.0,0.0573,1.0015,0.1303,2.3369,0.1913,2.5036,0.0654,2.0372,0.0,0.0,0.0,-0.1546,26.0,25.0,38.0,37.0,13.0,0.0,0.0,0.0,64.0,36.939,0.0,0.0104,0.0,0.0
20115.0,1.696,0.087,1.0,2.5437,349.6923,1.798,0.798,2.3747,1.3747,20.5298,1.8212,19.945,1.7978,100.0,0.0,0.0,0.0,25.125,0.0,26.375,0.0,26.125,0.0,25.25,10.0,0.0,0.0078,53.5127,5.3512,2.0,6.5057,1.3253,0.3969,1.4069,0.1004,1.3746,1.003e-05,1.0008,0.0005,2.3435,11.0,0.0548,1.0015,0.1293,2.3334,0.1677,2.4464,0.0607,2.0051,0.0,0.0,0.0,-0.1544,26.0,25.0,38.0,37.0,13.0,0.0,0.0,0.0,64.0,37.1398,0.0,0.0103,0.0,0.0
20116.0,1.6964,0.087,1.0,2.5437,349.6721,1.7983,0.7983,2.3745,1.3745,20.4727,1.8189,19.9348,1.7974,100.0,0.0,0.0,0.0,25.0,0.0,26.375,0.0,26.125,0.0,25.375,10.0,0.0,0.0086,53.5111,5.351,2.0,6.5253,1.3258,0.4056,1.4079,0.0948,1.374,1.003e-05,1.0007,0.0005,2.3429,11.0,0.0558,1.0015,0.1271,2.3261,0.1715,2.456,0.0605,2.0036,0.0,0.0,0.0,-0.1547,26.0,25.0,38.0,37.0,14.0,0.0,0.0,0.0,64.0,37.316,0.0,0.0101,0.0,0.0
20117.0,1.6961,0.087,1.0,2.5438,349.8055,1.7987,0.7987,2.3743,1.3743,20.3574,1.8143,19.9403,1.7976,100.0,0.0,0.0,0.0,25.125,0.0,26.375,0.0,26.0,0.0,25.25,10.0,0.0,0.0083,53.51,5.3509,2.0,6.6009,1.3278,0.4512,1.4129,0.0892,1.3734,1.003e-05,1.0008,0.0005,2.3431,11.0,0.0545,1.0015,0.1965,2.5152,0.1578,2.4199,0.0676,2.052,0.0,0.0,0.0,-0.155,26.0,25.0,38.0,37.0,13.0,0.0,0.0,0.0,64.0,37.5111,0.0,0.0104,0.0,0.0
20118.0,1.697,0.0871,1.0,2.5437,349.7259,1.7987,0.7987,2.374,1.374,20.2914,1.8117,19.9476,1.7979,100.0,0.0,0.0,0.0,25.0,0.0,26.375,0.0,26.125,0.0,25.25,10.0,0.0,0.0081,53.509,5.3509,2.0,6.6045,1.3279,0.4285,1.4104,0.1041,1.375,1.003e-05,1.0007,0.0005,2.348,11.0,0.0578,1.0015,0.1877,2.4953,0.1291,2.3327,0.0605,2.0037,0.0,0.0,0.0,-0.1546,26.0,25.0,38.0,37.0,14.0,0.0,0.0,0.0,64.0,37.6112,0.0,0.0099,0.0,0.0
20119.0,1.6964,0.0871,1.0,2.5438,349.7511,1.7979,0.7979,2.374,1.374,20.4484,1.8179,19.9573,1.7983,100.0,0.0,0.0,0.0,25.125,0.0,26.375,0.0,26.125,0.0,25.375,10.0,0.0,0.0083,53.5077,5.3507,2.0,6.5687,1.327,0.3623,1.4032,0.094,1.3739,1.003e-05,1.0008,0.0005,2.3474,11.0,0.0562,1.0015,0.1521,2.404,0.1346,2.3509,0.0675,2.0514,0.0,0.0,0.0,-0.1547,26.0,25.0,38.0,37.0,14.0,0.0,0.0,0.0,64.0,37.8888,0.0,0.0104,0.0,0.0
20120.0,1.695,0.0869,1.0,2.5436,349.6474,1.7979,0.7979,2.3747,1.3747,20.5207,1.8208,19.9459,1.7978,100.0,0.0,0.0,0.0,25.125,0.0,26.375,0.0,26.0,0.0,25.25,10.0,0.0,0.0082,53.5064,5.3506,2.0,6.4942,1.325,0.2632,1.3924,0.1081,1.3754,1.003e-05,1.0008,0.0005,2.3467,11.0,0.0574,1.0015,0.1654,2.4403,0.1338,2.3484,0.0713,2.0748,0.0,0.0,0.0,-0.1549,26.0,25.0,38.0,37.0,13.0,0.0,0.0,0.0,64.0,38.0396,0.0,0.0106,0.0,0.0
20121.0,1.6945,0.0868,1.0,2.5437,349.6683,1.7983,0.7983,2.3744,1.3744,20.462,1.8185,19.9349,1.7974,100.0,0.0,0.0,0.0,25.125,0.0,26.375,0.0,26.25,0.0,25.5,10.0,0.0,0.0087,53.5053,5.3505,2.0,6.3348,1.3207,0.2133,1.3869,0.1016,1.3747,1.003e-05,1.0007,0.0005,2.3463,11.0,0.0545,1.0015,0.1491,2.3954,0.1263,2.3234,0.077,2.1086,0.0,0.0,0.0,-0.155,26.0,25.0,38.0,37.0,16.0,0.0,0.0,0.0,64.0,38.2596,0.0,0.0103,0.0,0.0
20122.0,1.6949,0.0869,1.0,2.5437,349.7019,1.7984,0.7984,2.3743,1.3743,20.3728,1.8149,19.9315,1.7973,100.0,0.0,0.0,0.0,25.125,0.0,26.5,0.0,26.25,0.0,25.375,10.0,0.0,0.0079,53.5046,5.3504,2.0,6.3507,1.3211,0.1809,1.3834,0.0972,1.3742,1.003e-05,1.0007,0.0005,2.346,11.0,0.0559,1.0015,0.1556,2.4138,0.1083,2.2567,0.0748,2.0959,0.0,0.0,0.0,-0.1545,26.0,25.0,38.0,37.0,14.0,0.0,0.0,0.0,64.0,38.4328,0.0,0.0103,0.0,0.0
20123.0,1.694,0.0868,1.0,2.5439,349.8656,1.7984,0.7984,2.374,1.374,20.292,1.8117,19.9417,1.7977,100.0,0.0,0.0,0.0,25.125,0.0,26.375,0.0,26.0,0.0,25.375,10.0,0.0,0.0086,53.5033,5.3503,2.0,6.3201,1.3203,0.1987,1.3853,0.1104,1.3757,1.003e-05,1.0008,0.0005,2.3455,11.0,0.0577,1.0015,0.1391,2.3652,0.0999,2.2216,0.0613,2.0095,0.0,0.0,0.0,-0.1547,26.0,25.0,38.0,37.0,14.0,0.0,0.0,0.0,64.0,38.6294,0.0,0.0103,0.0,0.0
20124.0,1.694,0.0867,1.0,2.544,349.9352,1.7979,0.7979,2.374,1.374,20.4199,1.8168,19.956,1.7982,100.0,0.0,0.0,0.0,25.125,0.0,26.375,0.0,26.0,0.0,25.5,10.0,0.0,0.0074,53.5026,5.3502,2.0,6.4541,1.3239,0.2367,1.3895,0.1031,1.3749,1.004e-05,1.0008,0.0005,2.3451,11.0,0.0615,1.0016,0.1602,2.4266,0.1145,2.2807,0.0667,2.0463,0.0,0.0,0.0,-0.1547,26.0,25.0,38.0,37.0,15.0,0.0,0.0,0.0,64.0,38.775,0.0,0.0103,0.0,0.0
20125.0,1.695,0.0869,1.0,2.5441,350.0428,1.7983,0.7983,2.3743,1.3743,20.5306,1.8212,19.956,1.7982,100.0,0.0,0.0,0.0,25.125,0.0,26.375,0.0,26.125,0.0,25.25,10.0,0.0,0.0077,53.5013,5.35,2.0,6.3545,1.3212,0.1567,1.3807,0.1182,1.3765,1.003e-05,1.0008,0.0005,2.3446,11.0,0.0609,1.0016,0.1313,2.3402,0.1073,2.2522,0.0596,1.9972,0.0,0.0,0.0,-0.1545,26.0,25.0,38.0,37.0,13.0,0.0,0.0,0.0,64.0,38.9805,0.0,0.0104,0.0,0.0
20126.0,1.6952,0.0869,1.0,2.5442,350.112,1.7987,0.7987,2.3744,1.3744,20.4986,1.8199,19.9467,1.7979,100.0,0.0,0.0,0.0,25.125,0.0,26.375,0.0,26.125,0.0,25.25,10.0,0.0,0.0084,53.5002,5.35,2.0,6.336,1.3207,0.1611,1.3812,0.1119,1.3758,1.004e-05,1.0009,0.0005,2.3441,11.0,0.0622,1.0017,0.1227,2.3106,0.0854,2.1534,0.0606,2.0046,0.0,0.0,0.0,-0.1548,26.0,25.0,38.0,37.0,13.0,0.0,0.0,0.0,64.0,39.1298,0.0,0.0105,0.0,0.0
20127.0,1.694,0.0867,1.0,2.5441,350.0219,1.7984,0.7984,2.3744,1.3744,20.3825,1.8153,19.9334,1.7973,100.0,0.0,0.0,0.0,25.125,0.0,26.375,0.0,26.125,0.0,25.25,10.0,0.0,0.008,53.4989,5.3498,2.0,6.3292,1.3205,0.1276,1.3776,0.1035,1.3749,1.004e-05,1.0009,0.0005,2.344,11.0,0.0606,1.0016,0.1941,2.5099,0.076,2.1029,0.0559,1.9695,0.0,0.0,0.0,-0.1543,25.0,25.0,38.0,37.0,14.0,0.0,0.0,0.0,64.0,39.3317,0.0,0.0106,0.0,0.0
20128.0,1.6948,0.0869,1.0,2.5441,350.0255,1.7984,0.7984,2.3741,1.3741,20.2991,1.812,19.9385,1.7975,100.0,0.0,0.0,0.0,25.125,0.0,26.375,0.0,26.125,0.0,25.375,10.0,0.0,0.0077,53.4978,5.3497,2.0,6.3611,1.3214,0.2018,1.3857,0.1205,1.3768,1.004e-05,1.0009,0.0005,2.3489,11.0,0.0616,1.0016,0.1874,2.4946,0.0945,2.1972,0.0645,2.0312,0.0,0.0,0.0,-0.1549,25.0,25.0,38.0,38.0,14.0,0.0,0.0,0.0,64.0,39.4899,0.0,0.01,0.0,0.0
20129.0,1.6976,0.0872,1.0,2.544,349.947,1.7982,0.7982,2.374,1.374,20.4021,1.8161,19.9647,1.7986,100.0,0.0,0.0,0.0,25.125,0.0,26.375,0.0,26.125,0.0,25.25,10.0,0.0,0.008,53.4961,5.3495,2.0,6.2797,1.3192,0.0984,1.3744,0.1107,1.3757,1.004e-05,1.0009,0.0005,2.3485,11.0,0.0626,1.0017,0.1714,2.4557,0.0743,2.0929,0.0619,2.0135,0.0,0.0,0.0,-0.1546,25.0,25.0,38.0,38.0,14.0,0.0,0.0,0.0,64.0,39.6757,0.0,0.0101,0.0,0.0
20130.0,1.6997,0.0875,1.0,2.5439,349.8708,1.7981,0.7981,2.3742,1.3742,20.5271,1.8211,19.9604,1.7984,100.0,0.0,0.0,0.0,25.125,0.0,26.375,0.0,26.25,0.0,25.25,10.0,0.0,0.0079,53.4952,5.3495,2.0,6.2838,1.3193,0.1194,1.3767,0.126,1.3774,1.004e-05,1.0009,0.0005,2.3481,11.0,0.0592,1.0016,0.1754,2.4658,0.0742,2.092,0.061,2.007,0.0,0.0,0.0,-0.1544,25.0,25.0,38.0,38.0,12.0,0.0,0.0,0.0,64.0,39.831,0.0,0.0104,0.0,0.0
20131.0,1.7013,0.0877,1.0,2.5441,350.0125,1.7987,0.7987,2.3743,1.3743,20.4926,1.8197,19.9477,1.7979,100.0,0.0,0.0,0.0,25.0,0.0,26.375,0.0,26.0,0.0,25.25,10.0,0.0,0.0085,53.4942,5.3493,2.0,6.3868,1.3221,0.234,1.3892,0.1165,1.3763,1.003e-05,1.0008,0.0005,2.3474,11.0,0.0593,1.0016,0.2241,2.5723,0.0702,2.0679,0.0703,2.0688,0.0,0.0,0.0,-0.1547,25.0,25.0,38.0,38.0,13.0,0.0,0.0,0.0,64.0,40.0211,0.0,0.0102,0.0,0.0
20132.0,1.7013,0.0877,1.0,2.544,349.976,1.7984,0.7984,2.3743,1.3743,20.4151,1.8166,19.9438,1.7978,100.0,0.0,0.0,0.0,25.125,0.0,26.5,0.0,26.125,0.0,25.375,10.0,0.0,0.0084,53.4936,5.3493,2.0,6.5525,1.3266,0.2411,1.3899,0.1193,1.3767,1.003e-05,1.0008,0.0005,2.3469,11.0,0.0584,1.0016,0.2289,2.5814,0.0718,2.0777,0.07,2.0671,0.0,0.0,0.0,-0.1548,25.0,25.0,38.0,38.0,15.0,0.0,0.0,0.0,64.0,40.185,0.0,0.0098,0.0,0.0
20133.0,1.7013,0.0877,1.0,2.5435,349.5574,1.7983,0.7983,2.3741,1.3741,20.294,1.8118,19.9329,1.7973,100.0,0.0,0.0,0.0,25.25,0.0,26.5,0.0,26.125,0.0,25.375,10.0,0.0,0.008,53.4921,5.3491,2.0,6.4108,1.3228,0.1373,1.3786,0.1238,1.3771,1.003e-05,1.0008,0.0005,2.3464,11.0,0.0568,1.0015,0.1941,2.51,0.0767,2.1064,0.0686,2.0581,0.0,0.0,0.0,-0.1545,25.0,25.0,38.0,37.0,13.0,0.0,0.0,0.0,64.0,40.3546,0.0,0.0102,0.0,0.0
20134.0,1.7013,0.0877,1.0,2.5439,349.8279,1.798,0.798,2.3744,1.3744,20.3556,1.8142,19.9501,1.798,100.0,0.0,0.0,0.0,25.125,0.0,26.375,0.0,26.125,0.0,25.25,10.0,0.0,0.008,53.491,5.349,2.0,6.3775,1.3219,0.1376,1.3786,0.1156,1.3763,1.003e-05,1.0007,0.0005,2.3459,11.0,0.0586,1.0016,0.2025,2.5283,0.0596,1.9972,0.0604,2.003,0.0,0.0,0.0,-0.1543,25.0,25.0,38.0,37.0,15.0,0.0,0.0,0.0,64.0,39.8133,0.0,0.0106,0.0,0.0
20135.0,1.7004,0.0875,1.0,2.5441,350.0505,1.7978,0.7978,2.3742,1.3742,20.5324,1.8213,19.9513,1.7981,100.0,0.0,0.0,0.0,25.125,0.0,26.375,0.0,26.125,0.0,25.375,10.0,0.0,0.0079,53.4903,5.349,2.0,6.3542,1.3212,0.1023,1.3748,0.1307,1.3779,1.004e-05,1.0009,0.0005,2.3455,11.0,0.0643,1.0017,0.1934,2.5083,0.0664,2.0437,0.0592,1.994,0.0,0.0,0.0,-0.1544,25.0,25.0,38.0,37.0,14.0,0.0,0.0,0.0,64.0,40.7002,0.0,0.0105,0.0,0.0
20136.0,1.7003,0.0875,1.0,2.5441,349.9883,1.7982,0.7982,2.3748,1.3748,20.5213,1.8209,19.9385,1.7975,100.0,0.0,0.0,0.0,25.125,0.0,26.375,0.0,26.125,0.0,25.25,10.0,0.0,0.0082,53.4889,5.3489,2.0,6.3,1.3197,0.0895,1.3734,0.1224,1.377,1.004e-05,1.0009,0.0005,2.3452,11.0,0.0606,1.0016,0.1737,2.4616,0.0561,1.9709,0.0575,1.9817,0.0,0.0,0.0,-0.1543,26.0,25.0,38.0,37.0,14.0,0.0,0.0,0.0,64.0,40.8689,0.0,0.0107,0.0,0.0
20137.0,1.7003,0.0875,1.0,2.544,349.9177,1.7984,0.7984,2.3747,1.3747,20.4156,1.8166,19.9327,1.7973,100.0,0.0,0.0,0.0,25.25,0.0,26.5,0.0,26.125,0.0,25.5,10.0,0.0,0.0085,53.4878,5.3487,2.0,6.3639,1.3215,0.1295,1.3778,0.1364,1.3785,1.004e-05,1.0009,0.0005,2.3503,11.0,0.0598,1.0016,0.1687,2.4489,0.0572,1.979,0.0575,1.9814,0.0,0.0,0.0,-0.1549,26.0,25.0,38.0,37.0,15.0,0.0,0.0,0.0,0.0,41.0707,0.0,0.0104,0.0,0.0
20138.0,1.7002,0.0875,1.0,2.5439,349.8975,1.7987,0.7987,2.3742,1.3742,20.3001,1.812,19.9387,1.7975,100.0,0.0,0.0,0.0,25.125,0.0,26.5,0.0,26.125,0.0,25.5,10.0,0.0,0.0083,53.4868,5.3486,2.0,6.3664,1.3216,0.108,1.3754,0.1284,1.3776,1.004e-05,1.0008,0.0005,2.3494,11.0,0.0602,1.0016,0.1482,2.3928,0.0512,1.9314,0.0562,1.9713,0.0,0.0,0.0,-0.1549,26.0,25.0,38.0,37.0,13.0,0.0,0.0,0.0,0.0,41.0865,0.0,0.0104,0.0,0.0
20139.0,1.6992,0.0874,1.0,2.5438,349.813,1.7984,0.7984,2.374,1.374,20.3517,1.8141,19.9614,1.7985,100.0,0.0,0.0,0.0,25.125,0.0,26.5,0.0,26.0,0.0,25.25,10.0,0.0,0.0077,53.4857,5.3485,2.0,6.3649,1.3215,0.1062,1.3752,0.1373,1.3786,1.003e-05,1.0007,0.0005,2.349,11.0,0.0559,1.0015,0.1417,2.3731,0.1367,2.3577,0.0499,1.9198,0.0,0.0,0.0,-0.1549,26.0,25.0,38.0,37.0,14.0,0.0,0.0,0.0,0.0,41.0857,0.0,0.0104,0.0,0.0
20140.0,1.6991,0.0874,1.0,2.5439,349.8317,1.7978,0.7978,2.374,1.374,20.5077,1.8203,19.9655,1.7986,100.0,0.0,0.0,0.0,25.125,0.0,26.375,0.0,26.125,0.0,25.25,10.0,0.0,0.0084,53.4843,5.3484,2.0,6.4939,1.325,0.1976,1.3852,0.1336,1.3782,1.003e-05,1.0008,0.0005,2.3483,11.0,0.0569,1.0015,0.2002,2.5233,0.1477,2.3911,0.0492,1.9141,0.0,0.0,0.0,-0.1542,26.0,25.0,38.0,37.0,13.0,0.0,0.0,0.0,0.0,41.0861,0.0,0.0103,0.0,0.0
20141.0,1.6992,0.0874,1.0,2.544,349.9571,1.7982,0.7982,2.3744,1.3744,20.5095,1.8204,19.9408,1.7976,100.0,0.0,0.0,0.0,25.125,0.0,26.375,0.0,26.125,0.0,25.375,10.0,0.0,0.0087,53.4833,5.3483,2.0,6.4635,1.3242,0.1715,1.3823,0.1291,1.3777,1.003e-05,1.0008,0.0005,2.3478,11.0,0.0571,1.0015,0.215,2.5542,0.1541,2.4097,0.049,1.912,0.0,0.0,0.0,-0.1545,26.0,25.0,38.0,37.0,14.0,0.0,0.0,0.0,0.0,41.0861,0.0,0.0102,0.0,0.0
20142.0,1.6991,0.0874,1.0,2.5441,349.9986,1.7984,0.7984,2.3744,1.3744,20.4374,1.8175,19.9345,1.7974,100.0,0.0,0.0,0.0,25.125,0.0,26.5,0.0,26.0,0.0,25.25,10.0,0.0,0.0087,53.4825,5.3482,2.0,6.6582,1.3293,0.2804,1.3942,0.1406,1.379,1.003e-05,1.0007,0.0005,2.3474,11.0,0.0567,1.0015,0.2001,2.5231,0.1381,2.3621,0.0445,1.8697,0.0,0.0,0.0,-0.1544,26.0,25.0,38.0,37.0,12.0,0.0,0.0,0.0,0.0,41.0863,0.0,0.0105,0.0,0.0
20143.0,1.6981,0.0873,1.0,2.5444,350.2764,1.7984,0.7984,2.3743,1.3743,20.3181,1.8127,19.9317,1.7973,100.0,0.0,0.0,0.0,25.125,0.0,26.375,0.0,26.0,0.0,25.25,10.0,0.0,0.0089,53.4815,5.3481,2.0,6.5377,1.3262,0.2117,1.3867,0.1315,1.378,1.003e-05,1.0008,0.0005,2.3467,11.0,0.0612,1.0016,0.2075,2.5388,0.1407,2.3702,0.0452,1.877,0.0,0.0,0.0,-0.154,26.0,25.0,38.0,37.0,13.0,0.0,0.0,0.0,0.0,41.0865,0.0,0.0106,0.0,0.0
20144.0,1.6981,0.0873,1.0,2.5444,350.2355,1.7983,0.7983,2.3744,1.3744,20.3054,1.8122,19.9439,1.7978,100.0,0.0,0.0,0.0,25.125,0.0,26.625,0.0,26.125,0.0,25.25,10.0,0.0,0.0089,53.4806,5.348,2.0,6.6463,1.329,0.2897,1.3952,0.1473,1.3797,1.004e-05,1.0009,0.0005,2.3477,11.0,0.0646,1.0017,0.194,2.5096,0.1129,2.2747,0.0463,1.8873,0.0,0.0,0.0,-0.1546,26.0,25.0,38.0,37.0,14.0,0.0,0.0,0.0,0.0,41.0869,0.0,0.0105,0.0,0.0
20145.0,1.6971,0.0871,1.0,2.544,349.9198,1.7978,0.7978,2.3744,1.3744,20.4918,1.8197,19.9554,1.7982,100.0,0.0,0.0,0.0,25.125,0.0,26.375,0.0,26.125,0.0,25.25,10.0,0.0,0.0503,53.4787,5.3477,2.0,6.8136,1.3334,0.6479,1.4343,0.1355,1.3784,1.004e-05,1.0008,0.0005,2.3513,11.0,0.0588,1.0016,0.179,2.4747,0.112,2.271,0.0414,1.8387,0.0,0.0,0.0,-0.1547,26.0,25.0,38.0,37.0,13.0,0.0,0.0,0.0,0.0,41.1294,0.0,0.0101,0.0,0.0
20146.0,1.6942,0.0868,1.0,2.5435,349.5375,1.7981,0.7981,2.3748,1.3748,20.5235,1.8209,19.9405,1.7976,100.0,0.0,0.0,0.0,25.25,0.0,26.5,0.0,26.125,0.0,25.25,10.0,0.0,0.0085,53.4766,5.3476,2.0,8.0536,1.3624,1.2947,1.5049,0.1489,1.3799,1.003e-05,1.0007,0.0005,2.3505,11.0,0.0566,1.0015,0.2587,2.6347,0.1068,2.2503,0.04,1.8237,0.0,0.0,0.0,-0.1546,26.0,25.0,38.0,37.0,15.0,0.0,0.0,0.0,0.0,41.1292,0.0,0.0105,0.0,0.0
20147.0,1.692,0.0865,1.0,2.5439,349.892,1.7988,0.7988,2.3744,1.3744,20.4429,1.8177,19.9434,1.7977,100.0,0.0,0.0,0.0,25.125,0.0,26.375,0.0,26.0,0.0,25.25,10.0,0.0,0.0079,53.4759,5.3476,2.0,8.2979,1.3676,1.14,1.488,0.1383,1.3787,1.003e-05,1.0007,0.0005,2.3498,11.0,0.0554,1.0015,0.2067,2.5371,0.1075,2.2534,0.0404,1.8283,0.0,0.0,0.0,-0.155,26.0,25.0,38.0,37.0,13.0,0.0,0.0,0.0,0.0,41.1293,0.0,0.0104,0.0,0.0
20148.0,1.6898,0.0862,1.0,2.5441,350.0171,1.7984,0.7984,2.3743,1.3743,20.3369,1.8135,19.932,1.7973,100.0,0.0,0.0,0.0,25.125,0.0,26.5,0.0,26.125,0.0,25.375,10.0,0.0,0.0082,53.4752,5.3475,2.0,8.2286,1.3661,1.0757,1.481,0.1543,1.3805,1.003e-05,1.0008,0.0005,2.3493,11.0,0.0579,1.0015,0.2253,2.5746,0.1004,2.2235,0.0373,1.7941,0.0,0.0,0.0,-0.1544,26.0,25.0,38.0,37.0,14.0,0.0,0.0,0.0,0.0,41.1293,0.0,0.0102,0.0,0.0
20149.0,1.6896,0.0862,1.0,2.5441,350.0145,1.7983,0.7983,2.3745,1.3745,20.2922,1.8117,19.9403,1.7976,100.0,0.0,0.0,0.0,25.125,0.0,26.375,0.0,26.125,0.0,25.375,10.0,0.0,0.008,53.474,5.3473,2.0,8.1932,1.3654,1.0138,1.4742,0.1457,1.3795,1.003e-05,1.0007,0.0005,2.3487,11.0,0.0581,1.0016,0.1758,2.4668,0.1015,2.2283,0.0359,1.7772,0.0,0.0,0.0,-0.1547,26.0,25.0,38.0,37.0,15.0,0.0,0.0,0.0,0.0,41.1302,0.0,0.0104,0.0,0.0
20150.0,1.69,0.0863,1.0,2.5444,350.2552,1.7978,0.7978,2.3744,1.3744,20.4489,1.818,19.9595,1.7984,100.0,0.0,0.0,0.0,25.125,0.0,26.5,0.0,26.0,0.0,25.25,10.0,0.0,0.0085,53.4732,5.3473,2.0,8.1466,1.3644,0.9182,1.4638,0.158,1.3809,1.003e-05,1.0007,0.0005,2.3483,11.0,0.0575,1.0015,0.179,2.4747,0.0953,2.201,0.0348,1.7629,0.0,0.0,0.0,-0.1547,26.0,25.0,38.0,37.0,13.0,0.0,0.0,0.0,0.0,41.1306,0.0,0.0101,0.0,0.0
20151.0,1.6927,0.0866,1.0,2.5445,350.3319,1.7979,0.7979,2.375,1.375,20.5315,1.8213,19.9458,1.7978,100.0,0.0,0.0,0.0,25.125,0.0,26.375,0.0,26.0,0.0,25.25,10.0,0.0,0.008,53.4727,5.3472,2.0,8.1147,1.3637,0.8577,1.4572,0.1507,1.3801,1.004e-05,1.0009,0.0005,2.3478,11.0,0.0638,1.0017,0.1621,2.4317,0.1001,2.2222,0.0482,1.9047,0.0,0.0,0.0,-0.1549,26.0,25.0,38.0,37.0,14.0,0.0,0.0,0.0,0.0,41.1299,0.0,0.0105,0.0,0.0
20152.0,1.693,0.0866,1.0,2.5442,350.0661,1.7983,0.7983,2.3747,1.3747,20.4534,1.8181,19.9332,1.7973,100.0,0.0,0.0,0.0,25.125,0.0,26.625,0.0,26.0,0.0,25.25,10.0,0.0,0.0088,53.471,5.347,2.0,8.0143,1.3615,0.7722,1.4479,0.1617,1.3813,1.004e-05,1.0009,0.0005,2.3514,11.0,0.0612,1.0016,0.1655,2.4407,0.0867,2.1597,0.0439,1.8642,0.0,0.0,0.0,-0.1546,25.0,25.0,38.0,37.0,14.0,0.0,0.0,0.0,0.0,41.1294,0.0,0.0103,0.0,0.0
20153.0,1.6939,0.0867,1.0,2.5443,350.1721,1.7984,0.7984,2.3747,1.3747,20.339,1.8136,19.9304,1.7972,100.0,0.0,0.0,0.0,25.25,0.0,26.5,0.0,26.125,0.0,25.25,10.0,0.0,0.0094,53.4634,5.346,2.0,9.2536,1.3865,2.567,1.6437,0.1514,1.3802,1.003e-05,1.0008,0.0005,2.3521,11.0,0.0604,1.0016,0.1576,2.4193,0.0676,2.0517,0.0454,1.8793,0.0,0.0,0.0,-0.1545,25.0,25.0,38.0,38.0,13.0,0.0,0.0,0.0,0.0,41.1288,0.0,0.0102,0.0,0.0
20154.0,1.694,0.0867,1.0,2.5443,350.1898,1.7984,0.7984,2.3748,1.3748,20.2974,1.8119,19.9405,1.7976,100.0,0.0,0.0,0.0,25.25,0.0,26.5,0.0,26.125,0.0,25.25,10.0,0.0,0.0079,53.4612,5.3461,2.0,11.2795,1.4209,2.4619,1.6322,0.1628,1.3814,1.004e-05,1.0009,0.0005,2.3516,11.0,0.0626,1.0017,0.1492,2.3957,0.0783,2.1156,0.0393,1.8159,0.0,0.0,0.0,-0.1548,25.0,25.0,38.0,38.0,15.0,0.0,0.0,0.0,0.0,41.1288,0.0,0.0107,0.0,0.0
20155.0,1.6941,0.0868,1.0,2.5442,350.1026,1.7978,0.7978,2.3747,1.3747,20.4271,1.8171,19.9572,1.7983,100.0,0.0,0.0,0.0,25.125,0.0,26.375,0.0,26.0,0.0,25.375,10.0,0.0,0.0083,53.4604,5.346,2.0,11.2637,1.4207,2.3464,1.6196,0.1578,1.3809,1.004e-05,1.0009,0.0005,2.3509,11.0,0.061,1.0016,0.1497,2.3971,0.167,2.4444,0.0387,1.8099,0.0,0.0,0.0,-0.1548,25.0,25.0,38.0,38.0,13.0,0.0,0.0,0.0,0.0,41.129,0.0,0.0107,0.0,0.0
20156.0,1.695,0.0869,1.0,2.5444,350.2326,1.798,0.798,2.3747,1.3747,20.5221,1.8209,19.9455,1.7978,100.0,0.0,0.0,0.0,25.125,0.0,26.5,0.0,26.0,0.0,25.25,10.0,0.0,0.0087,53.4603,5.3461,2.0,11.3138,1.4214,2.1184,1.5947,0.1641,1.3815,1.004e-05,1.0009,0.0005,2.3502,11.0,0.0654,1.0017,0.1331,2.3459,0.1747,2.464,0.0564,1.9731,0.0,0.0,0.0,-0.1551,26.0,25.0,38.0,38.0,13.0,0.0,0.0,0.0,0.0,41.1288,0.0,0.0102,0.0,0.0
20157.0,1.695,0.0869,1.0,2.5444,350.2365,1.7984,0.7984,2.3752,1.3752,20.4668,1.8187,19.9357,1.7974,100.0,0.0,0.0,0.0,25.125,0.0,26.375,0.0,26.0,0.0,25.375,10.0,0.0,0.0085,53.4601,5.346,2.0,11.0872,1.4179,1.8691,1.5675,0.1601,1.3811,1.004e-05,1.0009,0.0005,2.3496,11.0,0.0632,1.0017,0.129,2.3323,0.1394,2.3661,0.0481,1.9042,0.0,0.0,0.0,-0.1549,26.0,25.0,38.0,38.0,13.0,0.0,0.0,0.0,0.0,41.1287,0.0,0.0102,0.0,0.0
20158.0,1.696,0.087,1.0,2.5443,350.1985,1.7984,0.7984,2.3748,1.3748,20.3602,1.8144,19.9322,1.7973,100.0,0.0,0.0,0.0,25.25,0.0,26.375,0.0,26.125,0.0,25.5,10.0,0.0,0.0083,53.4595,5.3459,2.0,10.8466,1.4141,1.668,1.5456,0.1621,1.3813,1.004e-05,1.0009,0.0005,2.349,11.0,0.0617,1.0016,0.1258,2.3217,0.145,2.3833,0.0485,1.9074,0.0,0.0,0.0,-0.1547,26.0,25.0,38.0,38.0,14.0,0.0,0.0,0.0,0.0,41.1281,0.0,0.0103,0.0,0.0
20159.0,1.696,0.087,1.0,2.5443,350.1533,1.7986,0.7986,2.3745,1.3745,20.2847,1.8114,19.9487,1.7979,100.0,0.0,0.0,0.0,25.125,0.0,26.375,0.0,26.25,0.0,25.25,10.0,0.0,0.0084,53.4581,5.3457,2.0,10.7644,1.4128,1.4732,1.5244,0.1621,1.3813,1.004e-05,1.0008,0.0005,2.3482,11.0,0.0588,1.0016,0.1173,2.291,0.1158,2.2855,0.0492,1.9136,0.0,0.0,0.0,-0.1548,26.0,25.0,38.0,38.0,14.0,0.0,0.0,0.0,0.0,41.1291,0.0,0.0105,0.0,0.0
20160.0,1.696,0.087,1.0,2.5442,350.1122,1.7979,0.7979,2.3748,1.3748,20.3994,1.816,19.9664,1.7987,100.0,0.0,0.0,0.0,25.125,0.0,26.5,0.0,26.0,0.0,25.25,10.0,0.0,0.0082,53.4573,5.3457,2.0,10.6109,1.4103,1.3121,1.5068,0.1536,1.3804,1.003e-05,1.0008,0.0005,2.3478,11.0,0.0618,1.0016,0.0987,2.216,0.1149,2.2822,0.0489,1.9115,0.0,0.0,0.0,-0.1545,25.0,25.0,38.0,38.0,13.0,0.0,0.0,0.0,0.0,41.1289,0.0,0.0102,0.0,0.0
20161.0,1.6961,0.087,1.0,2.5442,350.1266,1.7978,0.7978,2.375,1.375,20.5309,1.8212,19.9495,1.798,100.0,0.0,0.0,0.0,25.125,0.0,26.375,0.0,26.0,0.0,25.375,10.0,0.0,0.0083,53.4564,5.3456,2.0,10.4256,1.4072,1.2139,1.4961,0.1668,1.3818,1.004e-05,1.0009,0.0005,2.3529,11.0,0.0641,1.0017,0.0816,2.1336,0.1029,2.2343,0.057,1.9775,0.0,0.0,0.0,-0.1548,25.0,25.0,38.0,37.0,14.0,0.0,0.0,0.0,0.0,41.1287,0.0,0.0102,0.0,0.0
20162.0,1.698,0.0873,1.0,2.5445,350.3879,1.7983,0.7983,2.3752,1.3752,20.5003,1.82,19.9377,1.7975,100.0,0.0,0.0,0.0,25.125,0.0,26.375,0.0,26.125,0.0,25.25,10.0,0.0,0.0083,53.4556,5.3456,2.0,10.4112,1.407,1.1251,1.4864,0.1577,1.3808,1.004e-05,1.001,0.0005,2.3522,11.0,0.0655,1.0017,0.0843,2.1475,0.1238,2.3144,0.0751,2.0972,0.0,0.0,0.0,-0.1548,25.0,25.0,38.0,37.0,14.0,0.0,0.0,0.0,0.0,41.1286,0.0,0.0106,0.0,0.0
20163.0,1.6971,0.0871,1.0,2.5444,350.2809,1.7984,0.7984,2.3752,1.3752,20.3908,1.8156,19.9346,1.7974,100.0,0.0,0.0,0.0,25.125,0.0,26.5,0.0,26.0,0.0,25.25,10.0,0.0,0.0089,53.4546,5.3454,2.0,10.3172,1.4054,0.9988,1.4726,0.1709,1.3823,1.004e-05,1.001,0.0005,2.3514,11.0,0.0663,1.0018,0.0831,2.1415,0.0944,2.1966,0.0613,2.0091,0.0,0.0,0.0,-0.1546,25.0,25.0,38.0,37.0,14.0,0.0,0.0,0.0,0.0,41.1281,0.0,0.0102,0.0,0.0
20164.0,1.6971,0.0871,1.0,2.5441,350.0649,1.7983,0.7983,2.3749,1.3749,20.2975,1.8119,19.9301,1.7972,100.0,0.0,0.0,0.0,25.25,0.0,26.375,0.0,26.0,0.0,25.375,10.0,0.0,0.0082,53.4541,5.3454,2.0,10.1416,1.4024,0.8562,1.457,0.1593,1.381,1.004e-05,1.001,0.0005,2.3508,11.0,0.0641,1.0017,0.0871,2.1617,0.1129,2.2747,0.0875,2.1641,0.0,0.0,0.0,-0.155,25.0,25.0,38.0,37.0,14.0,0.0,0.0,0.0,0.0,41.1285,0.0,0.0103,0.0,0.0
20165.0,1.4774,0.0597,1.0,2.5439,349.8792,1.7979,0.7979,2.3748,1.3748,20.3745,1.815,19.9536,1.7981,100.0,0.0,0.0,0.0,25.125,0.0,26.5,0.0,26.0,0.0,25.375,10.0,0.0,0.0086,53.453,5.3452,2.0,10.0,1.4,0.7694,1.4476,0.1716,1.3824,1.004e-05,1.0009,0.0005,2.3499,11.0,0.0618,1.0016,0.0838,2.1452,0.1777,2.4715,0.0821,2.136,0.0,0.0,0.0,-0.155,25.0,25.0,38.0,37.0,13.0,0.0,0.0,0.0,0.0,41.129,0.0,0.0102,0.0,0.0
20166.0,1.3467,0.0433,1.0,2.5439,349.8857,1.7977,0.7977,2.3749,1.3749,20.5147,1.8206,19.9506,1.798,100.0,0.0,0.0,0.0,25.25,0.0,26.375,0.0,26.125,0.0,25.375,10.0,0.0,0.0081,53.4518,5.3452,2.0,9.8992,1.3982,0.6756,1.4373,0.159,1.381,1.003e-05,1.0008,0.0005,2.3494,11.0,0.0597,1.0016,0.0911,2.1813,0.1732,2.4604,0.0786,2.1172,0.0,0.0,0.0,-0.1546,25.0,25.0,38.0,37.0,13.0,0.0,0.0,0.0,0.0,41.1289,0.0,0.0108,0.0,0.0
20167.0,1.2736,0.0342,1.0,2.5445,350.3417,1.7982,0.7982,2.3756,1.3756,20.5001,1.82,19.9367,1.7975,100.0,0.0,0.0,0.0,25.25,0.0,26.375,0.0,26.0,0.0,25.25,10.0,0.0,0.0086,53.4512,5.3451,2.0,9.8304,1.397,0.5767,1.4265,0.1748,1.3827,1.004e-05,1.001,0.0005,2.3489,11.0,0.0666,1.0018,0.0854,2.1534,0.1716,2.4565,0.0669,2.0471,0.0,0.0,0.0,-0.1543,25.0,25.0,38.0,37.0,13.0,0.0,0.0,0.0,0.0,41.129,0.0,0.0107,0.0,0.0
20168.0,1.1707,0.0213,1.0,2.5444,350.2732,1.7984,0.7984,2.3751,1.3751,20.3957,1.8158,19.9424,1.7977,100.0,0.0,0.0,0.0,25.25,0.0,26.375,0.0,26.125,0.0,25.25,10.0,0.0,0.0088,53.4501,5.345,2.0,9.7199,1.3951,0.5242,1.4208,0.1625,1.3814,1.004e-05,1.001,0.0005,2.3482,11.0,0.0644,1.0017,0.072,2.0789,0.1518,2.4031,0.0711,2.074,0.0,0.0,0.0,-0.1548,25.0,25.0,38.0,37.0,13.0,0.0,0.0,0.0,0.0,41.1299,0.0,0.0105,0.0,0.0
20169.0,1.1559,0.0195,1.0,2.5442,350.1154,1.7984,0.7984,2.3749,1.3749,20.2869,1.8115,19.9385,1.7975,100.0,0.0,0.0,0.0,25.125,0.0,26.375,0.0,26.0,0.0,25.25,10.0,0.0,0.0076,53.449,5.3448,2.0,9.6182,1.3932,0.4128,1.4087,0.1757,1.3828,1.004e-05,1.001,0.0005,2.3534,11.0,0.0646,1.0017,0.07,2.0671,0.136,2.3553,0.0847,2.1497,0.0,0.0,0.0,-0.1545,25.0,25.0,38.0,37.0,13.0,0.0,0.0,0.0,0.0,41.1294,0.0,0.0105,0.0,0.0
20170.0,1.1481,0.0185,1.0,2.5439,349.904,1.798,0.798,2.3748,1.3748,20.3673,1.8147,19.9521,1.7981,100.0,0.0,0.0,0.0,25.0,0.0,26.375,0.0,26.0,0.0,25.25,10.0,0.0,0.0082,53.4479,5.3448,2.0,9.4226,1.3897,0.2909,1.3954,0.1639,1.3815,1.004e-05,1.001,0.0005,2.3526,11.0,0.0621,1.0017,0.0665,2.0448,0.139,2.3648,0.0792,2.1208,0.0,0.0,0.0,-0.1543,25.0,25.0,38.0,38.0,14.0,0.0,0.0,0.0,0.0,41.128,0.0,0.0106,0.0,0.0
20171.0,1.1593,0.0199,1.0,2.5439,349.8872,1.7978,0.7978,2.3748,1.3748,20.52,1.8208,19.9623,1.7985,100.0,0.0,0.0,0.0,25.125,0.0,26.5,0.0,26.0,0.0,25.375,10.0,0.0,0.0086,53.4471,5.3447,2.0,9.2283,1.386,0.1774,1.383,0.1752,1.3828,1.003e-05,1.0008,0.0005,2.3518,11.0,0.0604,1.0016,0.1229,2.3115,0.1681,2.4474,0.0813,2.1322,0.0,0.0,0.0,-0.1547,25.0,25.0,38.0,38.0,14.0,0.0,0.0,0.0,0.0,41.129,0.0,0.0102,0.0,0.0
20172.0,1.3604,0.0451,1.0,2.544,349.9679,1.7987,0.7987,2.3752,1.3752,20.5158,1.8206,19.9485,1.7979,100.0,0.0,0.0,0.0,25.125,0.0,26.375,0.0,26.125,0.0,25.375,10.0,0.0,0.0085,53.4466,5.3446,2.0,9.0372,1.3824,0.108,1.3754,0.1649,1.3816,1.004e-05,1.0009,0.0005,2.3512,11.0,0.0634,1.0017,0.1128,2.274,0.1349,2.3519,0.0742,2.0922,0.0,0.0,0.0,-0.1548,25.0,25.0,38.0,38.0,14.0,0.0,0.0,0.0,0.0,41.1287,64.0,0.0103,0.0,0.0
20173.0,1.5015,0.0627,1.0,2.5441,350.0142,1.7984,0.7984,2.3751,1.3751,20.4264,1.8171,19.9425,1.7977,100.0,0.0,0.0,0.0,25.125,0.0,26.375,0.0,26.0,0.0,25.25,10.0,0.0,0.0086,53.4456,5.3445,2.0,9.0096,1.3819,0.0973,1.3742,0.1778,1.383,1.004e-05,1.0009,0.0005,2.3504,11.0,0.0613,1.0016,0.1289,2.3322,0.1315,2.3409,0.0775,2.1113,0.0,0.0,0.0,-0.1546,25.0,25.0,38.0,38.0,14.0,0.0,0.0,0.0,0.0,41.129,64.0,0.0961,0.0,0.0
20174.0,1.5791,0.0724,1.0,2.5438,349.8238,1.7984,0.7984,2.375,1.375,20.3246,1.813,19.9313,1.7973,100.0,0.0,0.0,0.0,25.125,0.0,26.25,0.0,26.0,0.0,25.25,10.0,0.0,0.0086,53.4447,5.3444,2.0,9.0305,1.3823,0.1231,1.3771,0.1686,1.382,1.004e-05,1.0009,0.0005,2.3499,11.0,0.0612,1.0016,0.114,2.2789,0.1237,2.3141,0.0897,2.1748,0.0,0.0,0.0,-0.1547,25.0,25.0,38.0,37.0,15.0,0.0,0.0,0.0,0.0,41.1293,64.0,0.2911,0.0,0.0
20175.0,1.6249,0.0781,1.0,2.5439,349.9042,1.7981,0.7981,2.3748,1.3748,20.3364,1.8135,19.9485,1.7979,100.0,0.0,0.0,0.0,25.25,0.0,26.375,0.0,26.0,0.0,25.25,10.0,0.0,0.008,53.4436,5.3443,2.0,9.0239,1.3822,0.0958,1.3741,0.1759,1.3828,1.004e-05,1.0008,0.0005,2.3491,11.0,0.0579,1.0015,0.1199,2.3008,0.1228,2.3111,0.0828,2.1398,0.0,0.0,0.0,-0.1547,25.0,25.0,38.0,37.0,14.0,0.0,0.0,0.0,0.0,41.1292,64.0,0.4571,0.0,0.0
20176.0,1.6499,0.0812,1.0,2.544,349.9561,1.7978,0.7978,2.3748,1.3748,20.4892,1.8196,19.9553,1.7982,100.0,0.0,0.0,0.0,25.25,0.0,26.375,0.0,26.125,0.0,25.25,10.0,0.0,0.0082,53.4428,5.3442,2.0,8.8391,1.3786,-0.0254,1.3609,0.1679,1.382,1.003e-05,1.0008,0.0005,2.3484,11.0,0.0569,1.0015,0.0972,2.2097,0.0803,2.1266,0.0739,2.0908,0.0,0.0,0.0,-0.1545,25.0,25.0,38.0,37.0,12.0,0.0,0.0,0.0,0.0,41.1295,64.0,0.6234,0.0,0.0
20177.0,1.6644,0.083,1.0,2.5436,349.6347,1.7986,0.7986,2.3749,1.3749,20.5181,1.8207,19.9509,1.798,100.0,0.0,0.0,0.0,25.25,0.0,26.5,0.0,26.125,0.0,25.25,10.0,0.0,0.0083,53.4414,5.3441,2.0,8.6605,1.375,-0.1217,1.3504,0.1727,1.3825,1.003e-05,1.0007,0.0005,2.3534,11.0,0.0579,1.0015,0.106,2.2473,0.098,2.2132,0.0664,2.0442,0.0,0.0,0.0,-0.1547,25.0,25.0,38.0,37.0,14.0,0.0,0.0,0.0,0.0,41.1288,64.0,0.8351,0.0,0.0
20178.0,1.68,0.085,1.0,2.5439,349.8824,1.7988,0.7988,2.3748,1.3748,20.4348,1.8174,19.9527,1.7981,100.0,0.0,0.0,0.0,25.125,0.0,26.5,0.0,26.0,0.0,25.25,10.0,0.0,0.0083,53.4408,5.3441,2.0,8.5974,1.3737,-0.1443,1.3479,0.1689,1.3821,1.003e-05,1.0008,0.0005,2.3528,11.0,0.0614,1.0016,0.0995,2.2195,0.0989,2.217,0.0857,2.1548,0.0,0.0,0.0,-0.1547,25.0,25.0,38.0,37.0,15.0,0.0,0.0,0.0,0.0,41.1294,64.0,1.0405,0.0,0.0
20179.0,1.6849,0.0856,1.0,2.5441,350.0459,1.7984,0.7984,2.375,1.375,20.3268,1.8131,19.9392,1.7976,100.0,0.0,0.0,0.0,25.125,0.0,26.375,0.0,26.0,0.0,25.375,10.0,0.0,0.0077,53.4399,5.344,2.0,8.5785,1.3734,-0.0428,1.359,0.1698,1.3822,1.004e-05,1.0009,0.0005,2.3521,11.0,0.0642,1.0017,0.0843,2.1476,0.104,2.2387,0.0771,2.109,0.0,0.0,0.0,-0.1546,25.0,25.0,38.0,37.0,16.0,0.0,0.0,0.0,0.0,41.1296,64.0,1.2075,0.0,0.0
20180.0,1.698,0.0872,1.0,2.544,349.9143,1.7981,0.7981,2.3749,1.3749,20.344,1.8138,19.9584,1.7983,100.0,0.0,0.0,0.0,25.125,0.0,26.375,0.0,26.125,0.0,25.375,10.0,0.0,0.0082,53.4389,5.3438,2.0,8.6521,1.3748,-0.0619,1.3569,0.169,1.3821,1.004e-05,1.0009,0.0005,2.3515,11.0,0.0623,1.0017,0.0861,2.157,0.0833,2.1426,0.0808,2.1293,0.0,0.0,0.0,-0.1544,25.0,25.0,38.0,37.0,14.0,0.0,0.0,0.0,0.0,41.1294,64.0,1.3705,0.0,0.0
20181.0,1.7061,0.0883,1.0,2.5439,349.9026,1.7978,0.7978,2.3748,1.3748,20.4861,1.8194,19.9592,1.7984,100.0,0.0,0.0,0.0,25.125,0.0,26.375,0.0,26.0,0.0,25.25,10.0,0.0,0.0085,53.4379,5.3438,2.0,8.8693,1.3792,0.2331,1.3891,0.1727,1.3825,1.004e-05,1.0009,0.0005,2.3507,11.0,0.0588,1.0016,0.082,2.1356,0.081,2.1304,0.092,2.1855,0.0,0.0,0.0,-0.1547,25.0,25.0,38.0,37.0,13.0,0.0,0.0,0.0,0.0,41.1284,64.0,1.5795,0.0,0.0
20182.0,1.7103,0.0888,1.0,2.5441,350.0168,1.7981,0.7981,2.3753,1.3753,20.5242,1.821,19.9418,1.7977,100.0,0.0,0.0,0.0,25.125,0.0,26.375,0.0,26.0,0.0,25.25,10.0,0.0,0.0083,53.4543,5.344,2.0,9.1883,1.3853,0.2235,1.388,0.1707,1.3823,1.003e-05,1.0008,0.0005,2.3498,11.0,0.0575,1.0015,0.0632,2.0228,0.0753,2.0987,0.0808,2.1291,0.0,0.0,0.0,-0.1546,25.0,25.0,38.0,37.0,13.0,0.0,0.0,0.0,0.0,41.1295,64.0,1.7554,0.0,0.0
20183.0,1.7119,0.089,1.0,2.5439,349.8853,1.7984,0.7984,2.3751,1.3751,20.4561,1.8182,19.9433,1.7977,100.0,0.0,0.0,0.0,25.125,0.0,26.375,0.0,26.125,0.0,25.125,10.0,0.0,0.0084,53.4383,5.3434,2.0,9.2667,1.3868,0.2137,1.3869,0.1647,1.3816,1.003e-05,1.0007,0.0005,2.3506,11.0,0.0564,1.0015,0.0712,2.074,0.07,2.0668,0.081,2.1306,0.0,0.0,0.0,-0.1545,25.0,25.0,38.0,37.0,13.0,0.0,0.0,0.0,0.0,41.1288,64.0,1.9534,0.0,0.0
20184.0,1.7128,0.0891,1.0,2.5437,349.6817,1.7984,0.7984,2.3751,1.3751,20.3638,1.8146,19.9312,1.7972,100.0,0.0,0.0,0.0,25.125,0.0,26.375,0.0,26.0,0.0,25.25,10.0,0.0,0.0081,53.4336,5.343,2.0,9.2099,1.3857,0.1944,1.3848,0.1732,1.3825,1.003e-05,1.0008,0.0005,2.3545,11.0,0.0558,1.0015,0.1198,2.3002,0.0716,2.0767,0.0826,2.139,0.0,0.0,0.0,-0.1548,25.0,25.0,38.0,37.0,14.0,0.0,0.0,0.0,0.0,41.129,64.0,2.1205,0.0,0.0
20185.0,1.7136,0.0892,1.0,2.5439,349.8641,1.7983,0.7983,2.3749,1.3749,20.3045,1.8122,19.9503,1.798,100.0,0.0,0.0,0.0,25.125,0.0,26.375,0.0,26.0,0.0,25.25,10.0,0.0,0.0081,53.4339,5.3434,2.0,9.0826,1.3833,0.0665,1.3709,0.1615,1.3813,1.003e-05,1.0008,0.0005,2.3534,11.0,0.0577,1.0015,0.1299,2.3356,0.066,2.0414,0.0743,2.0929,0.0,0.0,0.0,-0.1547,25.0,25.0,38.0,37.0,15.0,0.0,0.0,0.0,0.0,41.1292,64.0,2.2877,0.0,0.0
20186.0,1.7113,0.0889,1.0,2.544,349.9849,1.7982,0.7982,2.3745,1.3745,20.47,1.8188,19.9688,1.7988,100.0,0.0,0.0,0.0,25.25,0.0,26.375,0.0,26.0,0.0,25.25,10.0,0.0,0.0086,53.4344,5.3434,2.0,8.8489,1.3788,-0.0011,1.3635,0.1711,1.3823,1.003e-05,1.0008,0.0005,2.3528,11.0,0.0584,1.0016,0.1105,2.2651,0.0741,2.0914,0.0666,2.0452,0.0,0.0,0.0,-0.1546,25.0,25.0,38.0,37.0,12.0,0.0,0.0,0.0,0.0,41.1291,64.0,2.4839,0.0,0.0
20187.0,1.7087,0.0886,1.0,2.5441,350.0245,1.798,0.798,2.3752,1.3752,20.5198,1.8208,19.9451,1.7978,100.0,0.0,0.0,0.0,25.25,0.0,26.375,0.0,26.125,0.0,25.25,10.0,0.0,0.0082,53.4295,5.3431,2.0,8.7676,1.3772,-0.1019,1.3525,0.1597,1.3811,1.003e-05,1.0008,0.0005,2.352,11.0,0.0547,1.0015,0.1146,2.2809,0.0587,1.9908,0.0628,2.0199,0.0,0.0,0.0,-0.155,25.0,25.0,38.0,37.0,13.0,0.0,0.0,0.0,0.0,41.1293,64.0,2.6499,0.0,0.0
20188.0,1.7076,0.0885,1.0,2.5443,350.1833,1.7983,0.7983,2.3752,1.3752,20.4709,1.8188,19.943,1.7977,100.0,0.0,0.0,0.0,25.125,0.0,26.375,0.0,26.125,0.0,25.25,10.0,0.0,0.0085,53.4322,5.3428,2.0,8.5948,1.3737,-0.1265,1.3498,0.1738,1.3826,1.003e-05,1.0007,0.0005,2.3515,11.0,0.0588,1.0016,0.0941,2.1956,0.0703,2.0689,0.0612,2.0089,0.0,0.0,0.0,-0.1548,25.0,25.0,38.0,37.0,13.0,0.0,0.0,0.0,0.0,41.1287,64.0,2.8508,0.0,0.0
20189.0,1.7076,0.0884,1.0,2.5439,349.8564,1.7988,0.7988,2.3751,1.3751,20.3521,1.8141,19.9423,1.7977,100.0,0.0,0.0,0.0,25.125,0.0,26.375,0.0,26.125,0.0,25.25,10.0,0.0,0.0074,53.432,5.3431,2.0,8.4953,1.3717,-0.1526,1.347,0.1595,1.381,1.004e-05,1.0008,0.0005,2.3508,11.0,0.0599,1.0016,0.1125,2.2729,0.055,1.9624,0.0587,1.9908,0.0,0.0,0.0,-0.1543,25.0,25.0,38.0,37.0,13.0,0.0,0.0,0.0,0.0,41.1291,64.0,3.0182,0.0,0.0
20190.0,1.7079,0.0885,1.0,2.5439,349.8864,1.7984,0.7984,2.3749,1.3749,20.292,1.8117,19.9483,1.7979,100.0,0.0,0.0,0.0,25.125,0.0,26.5,0.0,26.125,0.0,25.25,10.0,0.0,0.0084,53.4297,5.3435,2.0,8.4618,1.371,-0.2018,1.3416,0.1744,1.3827,1.004e-05,1.0009,0.0005,2.3499,11.0,0.0601,1.0016,0.0957,2.2029,0.0564,1.9733,0.0614,2.0097,0.0,0.0,0.0,-0.1549,25.0,25.0,38.0,37.0,14.0,0.0,0.0,0.0,0.0,41.1288,64.0,3.2208,0.0,0.0
20191.0,1.7076,0.0884,1.0,2.5442,350.0829,1.7979,0.7979,2.3748,1.3748,20.4335,1.8173,19.9581,1.7983,100.0,0.0,0.0,0.0,25.25,0.0,26.25,0.0,26.125,0.0,25.125,10.0,0.0,0.0079,53.4263,5.3427,2.0,8.3993,1.3697,-0.2214,1.3395,0.1597,1.3811,1.003e-05,1.0008,0.0005,2.3548,11.0,0.0594,1.0016,0.093,2.1905,0.0544,1.9571,0.0619,2.0133,0.0,0.0,0.0,-0.1547,25.0,25.0,38.0,37.0,17.0,0.0,0.0,0.0,0.0,41.1287,64.0,3.3924,0.0,0.0
20192.0,1.7065,0.0883,1.0,2.5441,350.0087,1.7979,0.7979,2.3751,1.3751,20.5311,1.8212,19.9465,1.7979,100.0,0.0,0.0,0.0,25.25,0.0,26.375,0.0,26.125,0.0,25.25,10.0,0.0,0.0082,53.4279,5.3421,2.0,8.3463,1.3686,-0.2183,1.3398,0.1733,1.3825,1.003e-05,1.0008,0.0005,2.3543,11.0,0.0568,1.0015,0.0813,2.1321,0.0527,1.9433,0.0566,1.9746,0.0,0.0,0.0,-0.155,25.0,25.0,38.0,37.0,14.0,0.0,0.0,0.0,0.0,41.1287,64.0,3.5914,0.0,0.0
20193.0,1.7055,0.0882,1.0,2.544,349.9362,1.7983,0.7983,2.3753,1.3753,20.4931,1.8197,19.938,1.7975,100.0,0.0,0.0,0.0,25.125,0.0,26.375,0.0,26.0,0.0,25.25,10.0,0.0,0.0081,53.4287,5.3431,2.0,8.2231,1.366,-0.2728,1.3339,0.161,1.3812,1.004e-05,1.0009,0.0005,2.3533,11.0,0.058,1.0015,0.0745,2.0938,0.0511,1.9305,0.0645,2.0315,0.0,0.0,0.0,-0.1548,25.0,25.0,38.0,37.0,14.0,0.0,0.0,0.0,0.0,41.129,64.0,3.7815,0.0,0.0
20194.0,1.7034,0.0879,1.0,2.5439,349.8773,1.7985,0.7985,2.3752,1.3752,20.3839,1.8154,19.9426,1.7977,100.0,0.0,0.0,0.0,25.125,0.0,26.375,0.0,26.125,0.0,25.375,10.0,0.0,0.0083,53.4256,5.3433,2.0,8.1025,1.3634,-0.3307,1.3276,0.1713,1.3823,1.004e-05,1.0008,0.0005,2.3527,11.0,0.0577,1.0015,0.0739,2.0904,0.05,1.9206,0.0608,2.0055,0.0,0.0,0.0,-0.1547,25.0,25.0,38.0,37.0,14.0,0.0,0.0,0.0,0.0,41.129,64.0,3.9386,0.0,0.0
20195.0,1.7034,0.0879,1.0,2.544,349.9078,1.7984,0.7984,2.375,1.375,20.2924,1.8117,19.9332,1.7973,100.0,0.0,0.0,0.0,25.125,0.0,26.375,0.0,26.125,0.0,25.25,10.0,0.0,0.0078,53.4227,5.3417,2.0,8.085,1.3631,-0.3144,1.3293,0.1622,1.3813,1.004e-05,1.0008,0.0005,2.3518,11.0,0.0577,1.0015,0.073,2.085,0.0459,1.8833,0.0596,1.9974,0.0,0.0,0.0,-0.1551,25.0,25.0,38.0,37.0,13.0,0.0,0.0,0.0,0.0,41.1285,64.0,4.1485,0.0,0.0
20196.0,1.7024,0.0878,1.0,2.5441,350.0125,1.7979,0.7979,2.3748,1.3748,20.3977,1.8159,19.9563,1.7983,100.0,0.0,0.0,0.0,25.125,0.0,26.375,0.0,26.125,0.0,25.375,10.0,0.0,0.0077,53.4253,5.3417,2.0,8.1187,1.3638,-0.2204,1.3396,0.1695,1.3821,1.003e-05,1.0008,0.0005,2.3513,11.0,0.0575,1.0015,0.0735,2.0882,0.0407,1.8313,0.0586,1.9897,0.0,0.0,0.0,-0.1552,25.0,25.0,38.0,37.0,13.0,0.0,0.0,0.0,0.0,41.1285,64.0,4.3394,0.0,0.0
20197.0,1.7005,0.0876,1.0,2.544,349.964,1.7978,0.7978,2.375,1.375,20.5253,1.821,19.9531,1.7981,100.0,0.0,0.0,0.0,25.125,0.0,26.375,0.0,26.0,0.0,25.25,10.0,0.0,0.0076,53.4254,5.3429,2.0,8.2309,1.3662,-0.2087,1.3409,0.1627,1.3814,1.004e-05,1.0008,0.0005,2.3505,11.0,0.0592,1.0016,0.0743,2.0926,0.0356,1.773,0.0713,2.0747,0.0,0.0,0.0,-0.1551,25.0,25.0,38.0,37.0,15.0,0.0,0.0,0.0,0.0,41.1289,64.0,4.4888,0.0,0.0
20198.0,1.6984,0.0873,1.0,2.544,349.9522,1.7983,0.7983,2.3748,1.3748,20.4942,1.8198,19.9471,1.7979,100.0,0.0,0.0,0.0,25.0,0.0,26.375,0.0,26.125,0.0,25.25,10.0,0.0,0.0082,53.4208,5.3427,2.0,8.1675,1.3648,-0.2353,1.338,0.1701,1.3822,1.003e-05,1.0008,0.0005,2.3512,11.0,0.0593,1.0016,0.0679,2.0538,0.0307,1.7089,0.0664,2.0438,0.0,0.0,0.0,-0.1551,26.0,25.0,38.0,37.0,13.0,0.0,0.0,0.0,0.0,41.1289,64.0,4.6857,0.0,0.0
20199.0,1.6964,0.087,1.0,2.5441,349.9936,1.7984,0.7984,2.3747,1.3747,20.4064,1.8163,19.9433,1.7977,100.0,0.0,0.0,0.0,25.125,0.0,26.5,0.0,26.0,0.0,25.25,10.0,0.0,0.0083,53.419,5.3414,2.0,8.1829,1.3652,-0.1875,1.3432,0.1622,1.3813,1.004e-05,1.0008,0.0005,2.3548,11.0,0.0583,1.0016,0.0727,2.0833,0.0348,1.7633,0.0627,2.0193,0.0,0.0,0.0,-0.1551,26.0,25.0,38.0,37.0,16.0,0.0,0.0,0.0,0.0,41.129,64.0,4.852,0.0,0.0
20200.0,1.696,0.087,1.0,2.5443,350.1512,1.7984,0.7984,2.3746,1.3746,20.2917,1.8117,19.9316,1.7973,100.0,0.0,0.0,0.0,25.125,0.0,26.5,0.0,26.25,0.0,25.25,10.0,0.0,0.0078,53.4219,5.3414,2.0,8.2598,1.3668,-0.1886,1.3431,0.1676,1.3819,1.004e-05,1.001,0.0005,2.354,11.0,0.065,1.0017,0.0575,1.9816,0.0332,1.7434,0.0616,2.0117,0.0,0.0,0.0,-0.1549,26.0,25.0,38.0,37.0,14.0,0.0,0.0,0.0,0.0,41.1295,64.0,5.0556,0.0,0.0
20201.0,1.6961,0.087,1.0,2.5443,350.2083,1.798,0.798,2.3744,1.3744,20.3802,1.8152,19.9543,1.7982,100.0,0.0,0.0,0.0,25.125,0.0,26.375,0.0,26.125,0.0,25.375,10.0,0.0,0.0077,53.4225,5.3424,2.0,8.081,1.363,-0.2396,1.3375,0.1623,1.3813,1.004e-05,1.001,0.0005,2.3535,11.0,0.0645,1.0017,0.0628,2.0201,0.0339,1.7515,0.0594,1.9959,0.0,0.0,0.0,-0.1551,26.0,25.0,38.0,37.0,14.0,0.0,0.0,0.0,0.0,41.1296,64.0,5.2353,0.0,0.0
20202.0,1.6961,0.087,1.0,2.5444,350.2872,1.7978,0.7978,2.3745,1.3745,20.5209,1.8208,19.9509,1.798,100.0,0.0,0.0,0.0,25.25,0.0,26.5,0.0,26.0,0.0,25.25,10.0,0.0,0.0079,53.4168,5.3422,2.0,8.0439,1.3622,-0.2676,1.3344,0.1596,1.381,1.004e-05,1.001,0.0005,2.3525,11.0,0.0652,1.0017,0.0608,2.0059,0.0318,1.7241,0.0556,1.9673,0.0,0.0,0.0,-0.1543,25.0,25.0,38.0,37.0,14.0,0.0,0.0,0.0,0.0,41.1304,64.0,5.4353,0.0,0.0
20203.0,1.6961,0.087,1.0,2.5444,350.2655,1.7983,0.7983,2.3748,1.3748,20.5036,1.8201,19.9384,1.7975,100.0,0.0,0.0,0.0,25.125,0.0,26.5,0.0,26.0,0.0,25.25,10.0,0.0,0.0081,53.4148,5.3412,2.0,8.0439,1.3622,-0.2719,1.334,0.1621,1.3813,1.004e-05,1.001,0.0005,2.352,11.0,0.0666,1.0018,0.0559,1.9693,0.0248,1.6165,0.0528,1.9441,0.0,0.0,0.0,-0.1548,25.0,25.0,38.0,38.0,15.0,0.0,0.0,0.0,0.0,41.1285,64.0,5.6127,0.0,0.0
20204.0,1.696,0.087,1.0,2.5445,350.3542,1.7984,0.7984,2.3748,1.3748,20.4074,1.8163,19.9324,1.7973,100.0,0.0,0.0,0.0,25.125,0.0,26.375,0.0,26.25,0.0,25.25,10.0,0.0,0.0082,53.4177,5.3409,2.0,7.8475,1.3579,-0.3202,1.3287,0.1582,1.3809,1.004e-05,1.001,0.0005,2.3521,11.0,0.0668,1.0018,0.0544,1.9574,0.026,1.6363,0.0501,1.922,0.0,0.0,0.0,-0.1549,25.0,25.0,38.0,38.0,16.0,0.0,0.0,0.0,0.0,41.1285,64.0,5.8129,0.0,0.0
20205.0,1.696,0.087,1.0,2.5443,350.1908,1.7984,0.7984,2.3746,1.3746,20.3137,1.8125,19.9303,1.7972,100.0,0.0,0.0,0.0,25.125,0.0,26.375,0.0,26.25,0.0,25.375,10.0,0.0,0.0079,53.4167,5.3423,2.0,7.8529,1.358,-0.2933,1.3316,0.1637,1.3815,1.004e-05,1.001,0.0005,2.3561,11.0,0.0649,1.0017,0.1004,2.2234,0.0295,1.6915,0.0589,1.9922,0.0,0.0,0.0,-0.1544,25.0,25.0,38.0,38.0,14.0,0.0,0.0,0.0,0.0,41.1278,64.0,5.9899,0.0,0.0
20206.0,1.6981,0.0873,1.0,2.5442,350.1005,1.798,0.798,2.3744,1.3744,20.35,1.814,19.9508,1.798,100.0,0.0,0.0,0.0,25.125,0.0,26.375,0.0,26.0,0.0,25.25,10.0,0.0,0.0079,53.4127,5.3415,2.0,7.8094,1.357,-0.3507,1.3254,0.1507,1.3801,1.004e-05,1.0009,0.0005,2.3551,11.0,0.0645,1.0017,0.0967,2.2075,0.028,1.6691,0.0694,2.063,0.0,0.0,0.0,-0.1549,25.0,25.0,38.0,38.0,13.0,0.0,0.0,0.0,0.0,41.1286,64.0,6.1945,0.0,0.0
20207.0,1.6989,0.0874,1.0,2.5441,350.0363,1.7978,0.7978,2.3748,1.3748,20.5024,1.8201,19.956,1.7982,100.0,0.0,0.0,0.0,25.125,0.0,26.375,0.0,26.0,0.0,25.25,10.0,0.0,0.0074,53.4136,5.3405,2.0,7.7448,1.3556,-0.3092,1.3299,0.1623,1.3813,1.004e-05,1.0009,0.0005,2.3543,11.0,0.062,1.0017,0.0891,2.1715,0.0234,1.5909,0.0594,1.996,0.0,0.0,0.0,-0.1547,25.0,25.0,38.0,37.0,15.0,0.0,0.0,0.0,0.0,41.1288,64.0,6.3573,0.0,0.0
20208.0,1.7,0.0875,1.0,2.5442,350.1273,1.7982,0.7982,2.3748,1.3748,20.5177,1.8207,19.9392,1.7976,100.0,0.0,0.0,0.0,25.125,0.0,26.375,0.0,26.0,0.0,25.25,10.0,0.0,0.008,53.4161,5.3414,2.0,7.7986,1.3568,-0.2844,1.3326,0.1493,1.3799,1.004e-05,1.0009,0.0005,2.3534,11.0,0.0612,1.0016,0.0817,2.1342,0.0234,1.5908,0.0534,1.9497,0.0,0.0,0.0,-0.155,25.0,25.0,38.0,37.0,12.0,0.0,0.0,0.0,0.0,41.129,64.0,6.527,0.0,0.0
20209.0,1.7019,0.0877,1.0,2.5442,350.0856,1.7984,0.7984,2.3747,1.3747,20.4364,1.8175,19.9345,1.7974,100.0,0.0,0.0,0.0,25.125,0.0,26.375,0.0,26.0,0.0,25.25,10.0,0.0,0.0085,53.4128,5.3418,2.0,7.8918,1.3589,-0.2646,1.3348,0.1605,1.3811,1.004e-05,1.0008,0.0005,2.3528,11.0,0.0614,1.0016,0.0935,2.1926,0.0201,1.5248,0.059,1.9928,0.0,0.0,0.0,-0.155,25.0,25.0,38.0,37.0,12.0,0.0,0.0,0.0,0.0,41.1284,64.0,6.7304,0.0,0.0
20210.0,1.7031,0.0879,1.0,2.5443,350.1521,1.7984,0.7984,2.3746,1.3746,20.318,1.8127,19.9396,1.7976,100.0,0.0,0.0,0.0,25.125,0.0,26.375,0.0,26.125,0.0,25.25,10.0,0.0,0.0079,53.4093,5.3411,2.0,7.671,1.3539,-0.3582,1.3246,0.1457,1.3795,1.004e-05,1.0009,0.0005,2.352,11.0,0.0638,1.0017,0.0846,2.1494,0.02,1.5236,0.0546,1.9593,0.0,0.0,0.0,-0.1551,25.0,25.0,38.0,37.0,14.0,0.0,0.0,0.0,0.0,41.1286,64.0,6.9076,0.0,0.0
20211.0,1.7019,0.0877,1.0,2.5439,349.8802,1.7986,0.7986,2.3744,1.3744,20.3302,1.8132,19.9571,1.7983,100.0,0.0,0.0,0.0,25.25,0.0,26.5,0.0,26.125,0.0,25.25,10.0,0.0,0.0081,53.4104,5.3403,2.0,7.7562,1.3559,-0.2901,1.332,0.1608,1.3812,1.004e-05,1.0008,0.0005,2.3563,11.0,0.0611,1.0016,0.0972,2.2095,0.0188,1.4962,0.0594,1.9954,0.0,0.0,0.0,-0.1548,25.0,25.0,38.0,37.0,13.0,0.0,0.0,0.0,0.0,41.1291,64.0,7.1149,0.0,0.0
20212.0,1.701,0.0876,1.0,2.5441,350.0486,1.7978,0.7978,2.3744,1.3744,20.5041,1.8202,19.9563,1.7983,100.0,0.0,0.0,0.0,25.125,0.0,26.375,0.0,26.125,0.0,25.25,10.0,0.0,0.0079,53.4119,5.341,2.0,7.6404,1.3532,-0.3498,1.3255,0.1442,1.3794,1.004e-05,1.0009,0.0005,2.356,11.0,0.0616,1.0016,0.0933,2.1917,0.0195,1.5108,0.0599,1.9992,0.0,0.0,0.0,-0.1549,25.0,25.0,38.0,37.0,15.0,0.0,0.0,0.0,0.0,41.1291,64.0,7.3353,0.0,0.0
20213.0,1.7018,0.0877,1.0,2.5437,349.7088,1.7981,0.7981,2.3748,1.3748,20.524,1.821,19.9406,1.7976,100.0,0.0,0.0,0.0,25.125,0.0,26.5,0.0,26.0,0.0,25.25,10.0,0.0,0.0079,53.4084,5.3412,2.0,7.5315,1.3508,-0.3581,1.3246,0.16,1.3811,1.003e-05,1.0008,0.0005,2.3549,11.0,0.0611,1.0016,0.0882,2.1675,0.1254,2.3203,0.066,2.0416,0.0,0.0,0.0,-0.1546,25.0,25.0,38.0,37.0,14.0,0.0,0.0,0.0,0.0,41.1299,64.0,7.5021,0.0,0.0
20214.0,1.6973,0.0872,1.0,2.5438,349.7926,1.7984,0.7984,2.3751,1.3751,20.4367,1.8175,19.9342,1.7974,100.0,0.0,0.0,0.0,25.125,0.0,26.375,0.0,26.0,0.0,25.25,10.0,0.0,0.0078,53.4058,5.3407,2.0,7.5396,1.3509,-0.3734,1.3229,0.1447,1.3794,1.004e-05,1.0009,0.0005,2.3544,11.0,0.0628,1.0017,0.1421,2.3746,0.136,2.3553,0.0581,1.9858,0.0,0.0,0.0,-0.1546,25.0,25.0,38.0,37.0,12.0,0.0,0.0,0.0,0.0,41.1293,64.0,7.6928,0.0,0.0
20215.0,1.696,0.087,1.0,2.5442,350.1237,1.7984,0.7984,2.3751,1.3751,20.3409,1.8136,19.9312,1.7972,100.0,0.0,0.0,0.0,25.125,0.0,26.375,0.0,26.125,0.0,25.25,10.0,0.0,0.0077,53.4076,5.3401,2.0,7.437,1.3486,-0.3612,1.3242,0.16,1.3811,1.004e-05,1.001,0.0005,2.3535,11.0,0.0655,1.0017,0.1367,2.3576,0.1171,2.2905,0.0547,1.9595,0.0,0.0,0.0,-0.155,25.0,25.0,38.0,37.0,14.0,0.0,0.0,0.0,0.0,41.1284,64.0,7.8723,0.0,0.0
20216.0,1.6967,0.0871,1.0,2.5444,350.2492,1.7983,0.7983,2.3745,1.3745,20.3018,1.8121,19.9411,1.7976,100.0,0.0,0.0,0.0,25.125,0.0,26.375,0.0,26.0,0.0,25.25,10.0,0.0,0.0078,53.4075,5.3411,2.0,7.5924,1.3522,-0.2674,1.3345,0.1463,1.3796,1.004e-05,1.001,0.0005,2.353,11.0,0.0671,1.0018,0.1143,2.2799,0.1212,2.3053,0.0573,1.9796,0.0,0.0,0.0,-0.155,25.0,25.0,38.0,37.0,12.0,0.0,0.0,0.0,0.0,41.1287,64.0,8.0724,0.0,0.0
20217.0,1.7021,0.0878,1.0,2.5444,350.2715,1.7978,0.7978,2.3744,1.3744,20.4682,1.8187,19.9663,1.7987,100.0,0.0,0.0,0.0,25.125,0.0,26.375,0.0,26.0,0.0,25.25,10.0,0.0,0.0076,53.4054,5.3409,2.0,7.555,1.3513,-0.2963,1.3313,0.159,1.381,1.004e-05,1.001,0.0005,2.352,11.0,0.0681,1.0018,0.1212,2.3054,0.1223,2.3092,0.0555,1.966,0.0,0.0,0.0,-0.1549,25.0,25.0,38.0,37.0,12.0,0.0,0.0,0.0,0.0,41.1287,64.0,8.2464,0.0,0.0
20218.0,1.7041,0.088,1.0,2.5443,350.1471,1.7979,0.7979,2.3751,1.3751,20.5309,1.8212,19.9548,1.7982,100.0,0.0,0.0,0.0,25.125,0.0,26.375,0.0,26.125,0.0,25.375,10.0,0.0,0.008,53.4035,5.3401,2.0,7.6908,1.3544,-0.1765,1.3444,0.1458,1.3795,1.004e-05,1.001,0.0005,2.3569,11.0,0.0654,1.0017,0.1097,2.2619,0.1067,2.2502,0.0493,1.9147,0.0,0.0,0.0,-0.1547,25.0,25.0,38.0,37.0,13.0,0.0,0.0,0.0,0.0,41.1284,64.0,8.4557,0.0,0.0
20219.0,1.7035,0.0879,1.0,2.544,349.9573,1.7984,0.7984,2.3751,1.3751,20.457,1.8183,19.9341,1.7974,100.0,0.0,0.0,0.0,25.125,0.0,26.375,0.0,26.125,0.0,25.375,10.0,0.0,0.0076,53.4041,5.3399,2.0,7.7195,1.355,-0.1853,1.3434,0.1566,1.3807,1.004e-05,1.0009,0.0005,2.3558,11.0,0.062,1.0017,0.1012,2.227,0.1058,2.2465,0.0601,2.0004,0.0,0.0,0.0,-0.1552,25.0,25.0,38.0,37.0,13.0,0.0,0.0,0.0,0.0,41.128,64.0,8.615,0.0,0.0
20220.0,1.7033,0.0879,1.0,2.5443,350.1487,1.7984,0.7984,2.3746,1.3746,20.3386,1.8135,19.9303,1.7972,100.0,0.0,0.0,0.0,25.125,0.0,26.375,0.0,26.125,0.0,25.25,10.0,0.0,0.0076,53.4036,5.3404,2.0,7.6038,1.3524,-0.265,1.3347,0.1411,1.379,1.004e-05,1.0009,0.0005,2.355,11.0,0.0626,1.0017,0.0934,2.1923,0.1023,2.2317,0.0728,2.0842,0.0,0.0,0.0,-0.1548,25.0,25.0,38.0,37.0,13.0,0.0,0.0,0.0,0.0,41.1288,64.0,8.8038,0.0,0.0
20221.0,1.7033,0.0879,1.0,2.544,349.9832,1.7983,0.7983,2.3749,1.3749,20.2921,1.8117,19.9431,1.7977,100.0,0.0,0.0,0.0,25.125,0.0,26.375,0.0,26.0,0.0,25.25,10.0,0.0,0.0086,53.4018,5.3404,2.0,7.7208,1.3551,-0.1145,1.3511,0.1545,1.3805,1.003e-05,1.0008,0.0005,2.3539,11.0,0.0614,1.0016,0.1049,2.2428,0.0878,2.1652,0.0814,2.1324,0.0,0.0,0.0,-0.155,25.0,25.0,38.0,37.0,13.0,0.0,0.0,0.0,0.0,41.1285,64.0,8.9848,0.0,0.0
20222.0,1.7044,0.0881,1.0,2.5441,350.0397,1.7978,0.7978,2.3748,1.3748,20.4392,1.8176,19.9666,1.7987,100.0,0.0,0.0,0.0,25.125,0.0,26.375,0.0,26.0,0.0,25.25,10.0,0.0,0.008,53.4006,5.3399,2.0,7.863,1.3582,-0.1057,1.3521,0.1411,1.379,1.003e-05,1.0008,0.0005,2.3533,11.0,0.0588,1.0016,0.0774,2.1107,0.091,2.1807,0.0721,2.0797,0.0,0.0,0.0,-0.1549,25.0,25.0,38.0,37.0,13.0,0.0,0.0,0.0,0.0,41.1285,64.0,9.1904,0.0,0.0
20223.0,1.7044,0.0881,1.0,2.544,349.9402,1.7979,0.7979,2.3748,1.3748,20.5312,1.8212,19.9455,1.7978,100.0,0.0,0.0,0.0,25.125,0.0,26.375,0.0,26.125,0.0,25.25,10.0,0.0,0.0083,53.401,5.3401,2.0,7.7022,1.3546,-0.204,1.3414,0.1493,1.3799,1.004e-05,1.0009,0.0005,2.3527,11.0,0.0592,1.0016,0.0933,2.1918,0.0731,2.0857,0.072,2.0792,0.0,0.0,0.0,-0.1551,25.0,25.0,38.0,37.0,13.0,0.0,0.0,0.0,0.0,41.1289,64.0,9.3471,0.0,0.0
20224.0,1.7034,0.0879,1.0,2.5437,349.7292,1.7983,0.7983,2.3748,1.3748,20.4674,1.8187,19.9345,1.7974,100.0,0.0,0.0,0.0,25.125,0.0,26.375,0.0,26.0,0.0,25.375,10.0,0.0,0.0084,53.4,5.34,2.0,7.5424,1.351,-0.2692,1.3343,0.1407,1.379,1.004e-05,1.0009,0.0005,2.3573,11.0,0.0604,1.0016,0.0927,2.1888,0.0723,2.0811,0.0853,2.153,0.0,0.0,0.0,-0.1545,25.0,25.0,38.0,37.0,14.0,0.0,0.0,0.0,0.0,41.1294,64.0,9.521,0.0,0.0
20225.0,1.7034,0.0879,1.0,2.5441,350.0224,1.7984,0.7984,2.3751,1.3751,20.3743,1.815,19.9316,1.7973,100.0,0.0,0.0,0.0,25.125,0.0,26.375,0.0,26.0,0.0,25.25,10.0,0.0,0.0083,53.3983,5.3398,2.0,7.5438,1.351,-0.1099,1.3516,0.1498,1.38,1.004e-05,1.0009,0.0005,2.3566,11.0,0.0603,1.0016,0.1526,2.4053,0.0719,2.0788,0.0786,2.1172,0.0,0.0,0.0,-0.1548,25.0,25.0,38.0,37.0,14.0,0.0,0.0,0.0,0.0,41.1292,64.0,9.7157,0.0,0.0
20226.0,1.7013,0.0877,1.0,2.544,349.9659,1.7986,0.7986,2.3745,1.3745,20.2968,1.8119,19.9488,1.798,100.0,0.0,0.0,0.0,25.125,0.0,26.375,0.0,26.0,0.0,25.25,10.0,0.0,0.0075,53.3976,5.3396,2.0,7.918,1.3594,-0.0315,1.3602,0.1392,1.3788,1.004e-05,1.0009,0.0005,2.3557,11.0,0.0613,1.0016,0.1554,2.4134,0.0642,2.0295,0.0924,2.1875,0.0,0.0,0.0,-0.1544,25.0,25.0,38.0,37.0,13.0,0.0,0.0,0.0,0.0,41.1288,64.0,9.875,0.0,0.0
20227.0,1.7003,0.0875,1.0,2.5437,349.7391,1.7978,0.7978,2.3744,1.3744,20.4122,1.8165,19.9571,1.7983,100.0,0.0,0.0,0.0,25.125,0.0,26.375,0.0,26.125,0.0,25.25,10.0,0.0,0.0072,53.3972,5.3397,2.0,8.0412,1.3621,0.0616,1.3704,0.1481,1.3798,1.004e-05,1.0008,0.0005,2.3548,11.0,0.0591,1.0016,0.1364,2.3567,0.0688,2.0592,0.0932,2.1914,0.0,0.0,0.0,-0.1547,26.0,25.0,38.0,37.0,14.0,0.0,0.0,0.0,0.0,41.129,64.0,10.0731,0.0,0.0
20228.0,1.6993,0.0874,1.0,2.5438,349.7916,1.7978,0.7978,2.375,1.375,20.5304,1.8212,19.9459,1.7978,100.0,0.0,0.0,0.0,25.125,0.0,26.375,0.0,26.0,0.0,25.25,10.0,0.0,0.0076,53.3958,5.3396,2.0,8.1078,1.3636,0.0863,1.3731,0.1409,1.379,1.004e-05,1.0009,0.0005,2.354,11.0,0.0601,1.0016,0.1108,2.2666,0.065,2.0346,0.0827,2.1394,0.0,0.0,0.0,-0.1548,26.0,25.0,38.0,37.0,14.0,0.0,0.0,0.0,0.0,41.1284,64.0,10.2567,0.0,0.0
20229.0,1.6992,0.0874,1.0,2.544,349.9311,1.7983,0.7983,2.3752,1.3752,20.4839,1.8194,19.9454,1.7978,100.0,0.0,0.0,0.0,25.125,0.0,26.25,0.0,26.125,0.0,25.125,10.0,0.0,0.008,53.395,5.3395,2.0,8.2717,1.367,0.1585,1.3809,0.1499,1.38,1.004e-05,1.001,0.0005,2.3535,11.0,0.0637,1.0017,0.1327,2.3446,0.0594,1.9959,0.0726,2.0825,0.0,0.0,0.0,-0.1548,26.0,25.0,38.0,37.0,15.0,0.0,0.0,0.0,0.0,41.129,64.0,10.4377,0.0,0.0
20230.0,1.6981,0.0873,1.0,2.5441,350.0634,1.7985,0.7985,2.3748,1.3748,20.3824,1.8153,19.9407,1.7976,100.0,0.0,0.0,0.0,25.125,0.0,26.375,0.0,26.0,0.0,25.375,10.0,0.0,0.008,53.3945,5.3393,2.0,8.3483,1.3686,0.18,1.3833,0.138,1.3787,1.004e-05,1.001,0.0005,2.3525,11.0,0.0658,1.0018,0.1101,2.2637,0.0515,1.9339,0.0759,2.1023,0.0,0.0,0.0,-0.1548,26.0,25.0,38.0,37.0,14.0,0.0,0.0,0.0,0.0,41.1292,64.0,10.5989,0.0,0.0
20231.0,1.6981,0.0873,1.0,2.5444,350.2812,1.7988,0.7988,2.3745,1.3745,20.2929,1.8117,19.9448,1.7978,100.0,0.0,0.0,0.0,25.125,0.0,26.375,0.0,26.0,0.0,25.375,10.0,0.0,0.0085,53.3939,5.3394,2.0,8.2749,1.3671,0.1259,1.3774,0.15,1.38,1.004e-05,1.001,0.0005,2.3524,11.0,0.0662,1.0018,0.1929,2.5072,0.0556,1.9669,0.086,2.1562,0.0,0.0,0.0,-0.1547,25.0,25.0,38.0,37.0,14.0,0.0,0.0,0.0,0.0,41.1287,64.0,10.7597,0.0,0.0
20232.0,1.6982,0.0873,1.0,2.5443,350.2086,1.7983,0.7983,2.3744,1.3744,20.3757,1.815,19.9633,1.7985,100.0,0.0,0.0,0.0,25.125,0.0,26.375,0.0,26.125,0.0,25.125,10.0,0.0,0.0088,53.3933,5.3393,2.0,8.2745,1.3671,0.1187,1.3766,0.1391,1.3788,1.004e-05,1.0009,0.0005,2.3568,11.0,0.0614,1.0016,0.1596,2.4249,0.0588,1.9913,0.09,2.1761,0.0,0.0,0.0,-0.1548,25.0,25.0,38.0,37.0,13.0,0.0,0.0,0.0,0.0,41.1287,64.0,10.9581,0.0,0.0
20233.0,1.6981,0.0873,1.0,2.5444,350.2381,1.7982,0.7982,2.3746,1.3746,20.5307,1.8212,19.958,1.7983,100.0,0.0,0.0,0.0,25.125,0.0,26.375,0.0,26.0,0.0,25.25,10.0,0.0,0.0081,53.3924,5.3392,2.0,8.1758,1.365,0.0616,1.3704,0.1428,1.3792,1.003e-05,1.0008,0.0005,2.3555,11.0,0.0589,1.0016,0.1494,2.3963,0.0497,1.9184,0.0955,2.202,0.0,0.0,0.0,-0.1547,25.0,25.0,38.0,37.0,14.0,0.0,0.0,0.0,0.0,41.1285,64.0,11.1228,0.0,0.0
20234.0,1.6981,0.0873,1.0,2.544,349.9801,1.7983,0.7983,2.3751,1.3751,20.5028,1.8201,19.9383,1.7975,100.0,0.0,0.0,0.0,25.125,0.0,26.375,0.0,26.0,0.0,25.375,10.0,0.0,0.0081,53.3915,5.3391,2.0,8.0957,1.3633,0.0354,1.3675,0.1373,1.3786,1.003e-05,1.0008,0.0005,2.3549,11.0,0.0566,1.0015,0.1604,2.4272,0.0436,1.861,0.0944,2.1967,0.0,0.0,0.0,-0.1549,25.0,25.0,38.0,37.0,14.0,0.0,0.0,0.0,0.0,41.1284,64.0,11.3302,0.0,0.0
20235.0,1.6981,0.0873,1.0,2.5441,350.0123,1.7984,0.7984,2.3751,1.3751,20.3954,1.8158,19.9335,1.7973,100.0,0.0,0.0,0.0,25.25,0.0,26.25,0.0,26.0,0.0,25.25,10.0,0.0,0.008,53.3905,5.339,2.0,7.9949,1.3611,0.0046,1.3641,0.1419,1.3791,1.003e-05,1.0007,0.0005,2.3538,11.0,0.0562,1.0015,0.1485,2.3936,0.0442,1.8677,0.0926,2.1882,0.0,0.0,0.0,-0.1548,25.0,25.0,38.0,37.0,13.0,0.0,0.0,0.0,0.0,41.1285,64.0,11.4842,0.0,0.0
20236.0,1.698,0.0872,1.0,2.5439,349.8404,1.7988,0.7988,2.3745,1.3745,20.3044,1.8122,19.9419,1.7977,100.0,0.0,0.0,0.0,25.0,0.0,26.375,0.0,26.125,0.0,25.25,10.0,0.0,0.0075,53.3895,5.3389,2.0,8.1121,1.3637,0.058,1.37,0.1339,1.3782,1.003e-05,1.0007,0.0005,2.3529,11.0,0.0549,1.0015,0.1394,2.3661,0.0447,1.8723,0.0873,2.163,0.0,0.0,0.0,-0.1546,25.0,25.0,38.0,37.0,13.0,0.0,0.0,0.0,0.0,41.1292,64.0,11.6902,0.0,0.0
20237.0,1.6981,0.0873,1.0,2.5437,349.711,1.7979,0.7979,2.3744,1.3744,20.3777,1.8151,19.9538,1.7982,100.0,0.0,0.0,0.0,25.125,0.0,26.25,0.0,26.0,0.0,25.25,10.0,0.0,0.0086,53.3884,5.3388,2.0,8.0823,1.363,0.0173,1.3655,0.1423,1.3792,1.003e-05,1.0007,0.0005,2.3522,11.0,0.0574,1.0015,0.2006,2.5241,0.0445,1.87,0.09,2.176,0.0,0.0,0.0,-0.1551,25.0,25.0,38.0,37.0,13.0,0.0,0.0,0.0,0.0,41.1288,64.0,11.8471,0.0,0.0
20238.0,1.6982,0.0873,1.0,2.5439,349.8411,1.7978,0.7978,2.3749,1.3749,20.5069,1.8203,19.9538,1.7982,100.0,0.0,0.0,0.0,25.125,0.0,26.375,0.0,26.0,0.0,25.5,10.0,0.0,0.0078,53.3879,5.3388,2.0,7.969,1.3606,-0.0421,1.359,0.1349,1.3784,1.003e-05,1.0008,0.0005,2.3555,11.0,0.0576,1.0015,0.1786,2.4736,0.0374,1.7952,0.0864,2.1586,0.0,0.0,0.0,-0.1545,25.0,25.0,38.0,37.0,13.0,0.0,0.0,0.0,0.0,41.1296,64.0,12.0537,0.0,0.0
20239.0,1.6982,0.0873,1.0,2.5442,350.0706,1.7982,0.7982,2.3749,1.3749,20.5131,1.8205,19.9403,1.7976,100.0,0.0,0.0,0.0,25.125,0.0,26.5,0.0,26.0,0.0,25.375,10.0,0.0,0.0076,53.3873,5.3387,2.0,7.9439,1.36,-0.0098,1.3626,0.1279,1.3776,1.003e-05,1.0008,0.0005,2.3567,11.0,0.0579,1.0015,0.1705,2.4537,0.0374,1.7945,0.0877,2.1651,0.0,0.0,0.0,-0.1545,25.0,25.0,38.0,37.0,13.0,0.0,0.0,0.0,0.0,41.1302,64.0,12.2124,0.0,0.0
20240.0,1.6971,0.0871,1.0,2.544,349.929,1.7984,0.7984,2.3747,1.3747,20.4174,1.8167,19.9325,1.7973,100.0,0.0,0.0,0.0,25.0,0.0,26.25,0.0,26.0,0.0,25.25,10.0,0.0,0.0077,53.3863,5.3386,2.0,8.0735,1.3628,0.0674,1.371,0.133,1.3781,1.004e-05,1.0008,0.0005,2.3557,11.0,0.0596,1.0016,0.1592,2.4238,0.0342,1.7559,0.0831,2.1414,0.0,0.0,0.0,-0.1541,25.0,25.0,38.0,37.0,13.0,0.0,0.0,0.0,0.0,41.1299,64.0,12.4186,0.0,0.0
20241.0,1.6966,0.0871,1.0,2.544,349.9453,1.7984,0.7984,2.3746,1.3746,20.3199,1.8128,19.93,1.7972,100.0,0.0,0.0,0.0,25.125,0.0,26.25,0.0,26.0,0.0,25.25,10.0,0.0,0.0083,53.3857,5.3385,2.0,8.0963,1.3633,0.0144,1.3652,0.1262,1.3774,1.004e-05,1.0009,0.0005,2.3549,11.0,0.0601,1.0016,0.1628,2.4335,0.0266,1.6469,0.0863,2.1578,0.0,0.0,0.0,-0.1545,25.0,25.0,38.0,37.0,13.0,0.0,0.0,0.0,0.0,41.1289,64.0,12.5682,0.0,0.0
20242.0,1.696,0.087,1.0,2.544,349.9558,1.7981,0.7981,2.3744,1.3744,20.3575,1.8143,19.9508,1.798,100.0,0.0,0.0,0.0,25.125,0.0,26.25,0.0,26.0,0.0,25.25,10.0,0.0,0.008,53.3849,5.3385,2.0,7.9938,1.3611,-0.0458,1.3586,0.1316,1.378,1.004e-05,1.0009,0.0005,2.354,11.0,0.0619,1.0017,0.1448,2.3827,0.0317,1.7235,0.0965,2.2063,0.0,0.0,0.0,-0.1546,25.0,25.0,38.0,37.0,14.0,0.0,0.0,0.0,0.0,41.129,64.0,12.7709,0.0,0.0
20243.0,1.6958,0.087,1.0,2.5442,350.1043,1.7978,0.7978,2.3744,1.3744,20.5042,1.8202,19.955,1.7982,100.0,0.0,0.0,0.0,25.125,0.0,26.375,0.0,26.0,0.0,25.25,10.0,0.0,0.0072,53.3839,5.3383,2.0,7.9118,1.3593,-0.0701,1.356,0.1259,1.3774,1.004e-05,1.0009,0.0005,2.3533,11.0,0.0625,1.0017,0.1643,2.4374,0.0296,1.6933,0.0929,2.1899,0.0,0.0,0.0,-0.1545,25.0,25.0,38.0,37.0,13.0,0.0,0.0,0.0,0.0,41.1284,64.0,12.9394,0.0,0.0
20244.0,1.695,0.0869,1.0,2.5442,350.1175,1.7982,0.7982,2.3748,1.3748,20.515,1.8206,19.9397,1.7976,100.0,0.0,0.0,0.0,25.0,0.0,26.25,0.0,26.0,0.0,25.25,10.0,0.0,0.0072,53.3828,5.3382,2.0,7.8511,1.358,-0.1079,1.3519,0.1309,1.3779,1.004e-05,1.0009,0.0005,2.3525,11.0,0.0642,1.0017,0.2098,2.5437,0.0277,1.6648,0.0898,2.1751,0.0,0.0,0.0,-0.1548,25.0,25.0,38.0,37.0,14.0,0.0,0.0,0.0,0.0,41.1287,64.0,13.1435,0.0,0.0
20245.0,1.6959,0.087,1.0,2.5444,350.249,1.7984,0.7983,2.3747,1.3747,20.4383,1.8178,19.933,1.7973,100.0,0.0,0.0,0.0,25.25,0.0,26.375,0.0,26.0,0.0,25.25,10.0,0.0,0.0073,53.3825,5.3383,2.0,7.8066,1.357,-0.137,1.3487,0.129,1.3774,1.004e-05,1.0008,0.0005,2.3518,11.0,0.0605,1.0016,0.2,2.5228,0.023,1.5828,0.0847,2.1496,0.0,0.0,0.0,-0.1549,25.0,25.0,38.0,37.0,13.0,0.0,0.0,0.0,0.0,41.1293,64.0,13.3456,0.0,0.0
20246.0,1.695,0.0869,1.0,2.5442,350.1204,1.7984,0.7984,2.3745,1.3745,20.317,1.8127,19.932,1.7973,100.0,0.0,0.0,0.0,25.125,0.0,26.375,0.0,26.125,0.0,25.25,10.0,0.0,0.008,53.3816,5.3382,2.0,7.6848,1.3543,-0.1825,1.3437,0.1287,1.3777,1.003e-05,1.0008,0.0005,2.3564,11.0,0.0589,1.0016,0.1988,2.5202,0.0233,1.5892,0.0829,2.1407,0.0,0.0,0.0,-0.1547,25.0,25.0,38.0,37.0,12.0,0.0,0.0,0.0,0.0,41.1287,64.0,13.5363,0.0,0.0
20247.0,1.6949,0.0869,1.0,2.5443,350.1572,1.7986,0.7986,2.3744,1.3744,20.3211,1.8128,19.9554,1.7982,100.0,0.0,0.0,0.0,25.125,0.0,26.375,0.0,26.125,0.0,25.25,10.0,0.0,0.008,53.3808,5.3381,2.0,7.5898,1.3521,-0.2078,1.341,0.1344,1.3783,1.004e-05,1.0009,0.0005,2.3558,11.0,0.0588,1.0016,0.1721,2.4577,0.0216,1.5553,0.0924,2.1876,0.0,0.0,0.0,-0.1552,25.0,25.0,38.0,37.0,11.0,0.0,0.0,0.0,0.0,41.1293,64.0,13.7046,0.0,0.0
20248.0,1.695,0.0869,1.0,2.5443,350.2028,1.7982,0.7982,2.3744,1.3744,20.5072,1.8203,19.9661,1.7986,100.0,0.0,0.0,0.0,25.125,0.0,26.25,0.0,26.0,0.0,25.25,10.0,0.0,0.0087,53.3803,5.338,2.0,7.6405,1.3532,-0.1501,1.3473,0.1268,1.3775,1.004e-05,1.0009,0.0005,2.3548,11.0,0.0635,1.0017,0.1819,2.4816,0.0212,1.5474,0.0866,2.1591,0.0,0.0,0.0,-0.1549,25.0,25.0,38.0,37.0,14.0,0.0,0.0,0.0,0.0,41.1285,64.0,13.8737,0.0,0.0
20249.0,1.695,0.0869,1.0,2.5444,350.2398,1.7982,0.7982,2.3748,1.3748,20.5303,1.8212,19.9539,1.7982,100.0,0.0,0.0,0.0,25.125,0.0,26.375,0.0,26.0,0.0,25.25,10.0,0.0,0.0084,53.3795,5.3379,2.0,7.6964,1.3545,-0.0952,1.3532,0.1332,1.3782,1.003e-05,1.0008,0.0005,2.3539,11.0,0.0595,1.0016,0.1509,2.4007,0.0251,1.6213,0.0881,2.167,0.0,0.0,0.0,-0.1547,25.0,25.0,38.0,37.0,13.0,0.0,0.0,0.0,0.0,41.1282,64.0,14.0858,0.0,0.0
20250.0,1.695,0.0869,1.0,2.5442,350.0675,1.7983,0.7983,2.3748,1.3748,20.4522,1.8181,19.9348,1.7974,100.0,0.0,0.0,0.0,25.125,0.0,26.375,0.0,26.125,0.0,25.25,10.0,0.0,0.0084,53.3785,5.3378,2.0,7.7953,1.3567,-0.0784,1.3551,0.1261,1.3774,1.003e-05,1.0007,0.0005,2.3532,11.0,0.0561,1.0015,0.1551,2.4125,0.0222,1.569,0.0918,2.1845,0.0,0.0,0.0,-0.1547,25.0,25.0,38.0,37.0,14.0,0.0,0.0,0.0,0.0,41.1285,64.0,14.2341,0.0,0.0
20251.0,1.696,0.087,1.0,2.5441,350.0567,1.7985,0.7985,2.3752,1.3752,20.3555,1.8142,19.9313,1.7973,100.0,0.0,0.0,0.0,25.125,0.0,26.25,0.0,26.0,0.0,25.25,10.0,0.0,0.0082,53.3778,5.3377,2.0,7.7337,1.3554,-0.1297,1.3495,0.1315,1.378,1.003e-05,1.0008,0.0005,2.3524,11.0,0.0583,1.0016,0.1558,2.4143,0.0212,1.5487,0.0851,2.152,0.0,0.0,0.0,-0.1548,25.0,25.0,38.0,37.0,14.0,0.0,0.0,0.0,0.0,41.1284,64.0,14.4289,0.0,0.0
20252.0,1.6971,0.0871,1.0,2.5439,349.8245,1.7983,0.7983,2.3744,1.3744,20.3114,1.8125,19.9547,1.7982,100.0,0.0,0.0,0.0,25.125,0.0,26.25,0.0,26.125,0.0,25.25,10.0,0.0,0.0081,53.3768,5.3376,2.0,7.6989,1.3546,-0.1,1.3527,0.1233,1.3771,1.003e-05,1.0007,0.0005,2.3515,11.0,0.0568,1.0015,0.2152,2.5546,0.0191,1.5031,0.091,2.181,0.0,0.0,0.0,-0.1548,25.0,25.0,38.0,37.0,13.0,0.0,0.0,0.0,0.0,41.1289,64.0,14.6418,0.0,0.0
20253.0,1.6982,0.0873,1.0,2.5438,349.7544,1.7982,0.7982,2.374,1.374,20.4664,1.8187,19.9687,1.7987,100.0,0.0,0.0,0.0,25.125,0.0,26.375,0.0,26.0,0.0,25.25,10.0,0.0,0.0085,53.3754,5.3375,2.0,7.6659,1.3538,-0.1654,1.3456,0.1336,1.3782,1.003e-05,1.0008,0.0005,2.3529,11.0,0.0563,1.0015,0.1836,2.4858,0.0192,1.5049,0.0801,2.1255,0.0,0.0,0.0,-0.1549,25.0,25.0,38.0,37.0,13.0,0.0,0.0,0.0,0.0,41.1293,64.0,14.8356,0.0,0.0
20254.0,1.6981,0.0873,1.0,2.544,349.9323,1.7984,0.7984,2.3748,1.3748,20.5288,1.8212,19.9529,1.7981,100.0,0.0,0.0,0.0,25.125,0.0,26.25,0.0,26.125,0.0,25.25,10.0,0.0,0.008,53.3744,5.3374,2.0,7.6843,1.3542,-0.0873,1.3541,0.1238,1.3771,1.004e-05,1.001,0.0005,2.3562,11.0,0.0637,1.0017,0.1874,2.4945,0.0156,1.415,0.0861,2.1567,0.0,0.0,0.0,-0.1549,25.0,25.0,38.0,37.0,11.0,0.0,0.0,0.0,0.0,41.13,64.0,15.0147,0.0,0.0
20255.0,1.6986,0.0873,1.0,2.5442,350.1271,1.7987,0.7987,2.3751,1.3751,20.4568,1.8183,19.9449,1.7978,100.0,0.0,0.0,0.0,25.125,0.0,26.25,0.0,26.0,0.0,25.375,10.0,0.0,0.0079,53.3739,5.3374,2.0,7.7337,1.3554,0.009,1.3646,0.1369,1.3786,1.004e-05,1.001,0.0005,2.3552,11.0,0.0647,1.0017,0.1903,2.5012,0.0136,1.3559,0.0814,2.1324,0.0,0.0,0.0,-0.1545,25.0,25.0,38.0,37.0,15.0,0.0,0.0,0.0,0.0,41.1298,64.0,15.1873,0.0,0.0
20256.0,1.6992,0.0874,1.0,2.5443,350.2264,1.7984,0.7984,2.3748,1.3748,20.3637,1.8145,19.9419,1.7977,100.0,0.0,0.0,0.0,25.125,0.0,26.375,0.0,26.0,0.0,25.375,10.0,0.0,0.0082,53.3738,5.3374,2.0,8.0118,1.3615,0.091,1.3736,0.1239,1.3772,1.004e-05,1.001,0.0005,2.3544,11.0,0.0633,1.0017,0.1943,2.5104,0.0151,1.4019,0.0731,2.0856,0.0,0.0,0.0,-0.1548,26.0,25.0,38.0,37.0,14.0,0.0,0.0,0.0,0.0,41.1288,64.0,15.4037,0.0,0.0
20257.0,1.7,0.0875,1.0,2.5444,350.2691,1.7987,0.7987,2.3749,1.3749,20.3014,1.8121,19.9515,1.7981,100.0,0.0,0.0,0.0,25.0,0.0,26.25,0.0,26.0,0.0,25.375,10.0,0.0,0.0083,53.3728,5.3373,2.0,8.0625,1.3626,0.0925,1.3737,0.1335,1.3782,1.004e-05,1.001,0.0005,2.3536,11.0,0.0646,1.0017,0.1599,2.4256,0.0152,1.404,0.0739,2.0905,0.0,0.0,0.0,-0.1548,26.0,25.0,38.0,37.0,12.0,0.0,0.0,0.0,0.0,41.1281,64.0,15.5682,0.0,0.0
20258.0,1.7,0.0875,1.0,2.5444,350.2504,1.7983,0.7983,2.3748,1.3748,20.416,1.8166,19.9664,1.7987,100.0,0.0,0.0,0.0,25.125,0.0,26.375,0.0,26.0,0.0,25.25,10.0,0.0,0.0087,53.3718,5.3371,2.0,7.9399,1.3599,-0.0289,1.3605,0.1228,1.377,1.004e-05,1.001,0.0005,2.3529,11.0,0.0648,1.0017,0.1449,2.383,0.013,1.3354,0.0808,2.1291,0.0,0.0,0.0,-0.155,26.0,25.0,38.0,37.0,12.0,0.0,0.0,0.0,0.0,41.1279,64.0,15.7801,0.0,0.0
20259.0,1.701,0.0876,1.0,2.5442,350.1269,1.7979,0.7979,2.3751,1.3751,20.5252,1.821,19.9581,1.7983,100.0,0.0,0.0,0.0,25.125,0.0,26.375,0.0,26.0,0.0,25.25,10.0,0.0,0.0071,53.3708,5.337,2.0,7.6925,1.3544,-0.1066,1.352,0.1315,1.378,1.004e-05,1.0009,0.0005,2.3521,11.0,0.0619,1.0017,0.1516,2.4025,0.0128,1.3278,0.0777,2.1124,0.0,0.0,0.0,-0.1544,26.0,25.0,38.0,37.0,14.0,0.0,0.0,0.0,0.0,41.1281,64.0,15.9416,0.0,0.0
20260.0,1.7012,0.0877,1.0,2.5443,350.1677,1.7983,0.7983,2.3752,1.3752,20.4694,1.8188,19.9372,1.7975,100.0,0.0,0.0,0.0,25.125,0.0,26.25,0.0,26.125,0.0,25.25,10.0,0.0,0.0081,53.3704,5.337,2.0,7.6854,1.3543,-0.0957,1.3532,0.119,1.3766,1.004e-05,1.0008,0.0005,2.3512,11.0,0.0613,1.0016,0.1232,2.3123,0.0128,1.3294,0.0724,2.0818,0.0,0.0,0.0,-0.1548,25.0,25.0,38.0,37.0,15.0,0.0,0.0,0.0,0.0,41.1287,64.0,16.1501,0.0,0.0
20261.0,1.7013,0.0877,1.0,2.5442,350.1021,1.7984,0.7984,2.3755,1.3755,20.3736,1.8149,19.9421,1.7977,100.0,0.0,0.0,0.0,25.0,0.0,26.375,0.0,26.125,0.0,25.375,10.0,0.0,0.0088,53.3695,5.3369,2.0,7.7612,1.356,-0.059,1.3572,0.132,1.378,1.004e-05,1.0008,0.0005,2.3561,11.0,0.0584,1.0016,0.1316,2.3412,0.0102,1.2317,0.0761,2.1032,0.0,0.0,0.0,-0.1544,25.0,25.0,38.0,37.0,13.0,0.0,0.0,0.0,0.0,41.1285,64.0,16.3089,0.0,0.0
20262.0,1.7002,0.0875,1.0,2.5443,350.2256,1.7988,0.7988,2.3753,1.3753,20.3011,1.812,19.9456,1.7978,100.0,0.0,0.0,0.0,25.375,0.0,26.25,0.0,26.125,0.0,25.125,10.0,0.0,0.0094,53.3686,5.3368,2.0,7.6315,1.353,-0.1381,1.3486,0.1163,1.3763,1.004e-05,1.0009,0.0005,2.3553,11.0,0.0611,1.0016,0.1336,2.3477,0.011,1.2619,0.0681,2.0549,0.0,0.0,0.0,-0.155,25.0,25.0,38.0,37.0,15.0,0.0,0.0,0.0,0.0,41.1289,64.0,16.4771,0.0,0.0
20263.0,1.7002,0.0875,1.0,2.5445,350.3756,1.7983,0.7983,2.3748,1.3748,20.3947,1.8158,19.9658,1.7986,100.0,0.0,0.0,0.0,25.125,0.0,26.375,0.0,26.125,0.0,25.25,10.0,0.0,0.0084,53.3685,5.3368,2.0,7.5621,1.3515,-0.0964,1.3531,0.1314,1.378,1.004e-05,1.0008,0.0005,2.3546,11.0,0.0606,1.0016,0.125,2.3187,0.0117,1.2894,0.0698,2.0658,0.0,0.0,0.0,-0.1548,25.0,25.0,38.0,37.0,13.0,0.0,0.0,0.0,0.0,41.1287,64.0,16.6929,0.0,0.0
20264.0,1.7012,0.0877,1.0,2.5442,350.1312,1.7979,0.7979,2.3755,1.3755,20.5236,1.8209,19.9498,1.798,100.0,0.0,0.0,0.0,25.125,0.0,26.375,0.0,26.0,0.0,25.25,10.0,0.0,0.0078,53.3672,5.3366,2.0,7.7152,1.3549,-0.0846,1.3544,0.1128,1.3759,1.003e-05,1.0007,0.0005,2.3534,11.0,0.0569,1.0015,0.1266,2.3244,0.0106,1.2478,0.0575,1.9813,0.0,0.0,0.0,-0.1545,25.0,25.0,38.0,37.0,14.0,0.0,0.0,0.0,0.0,41.1291,64.0,16.8716,0.0,0.0
20265.0,1.7003,0.0875,1.0,2.5441,349.9924,1.7982,0.7982,2.3761,1.3761,20.4883,1.8195,19.9402,1.7976,100.0,0.0,0.0,0.0,25.125,0.0,26.375,0.0,26.0,0.0,25.25,10.0,0.0,0.0074,53.3665,5.3366,2.0,7.6159,1.3527,-0.1219,1.3503,0.13,1.3778,1.003e-05,1.0008,0.0005,2.353,11.0,0.0596,1.0016,0.1214,2.3061,0.0092,1.1872,0.0647,2.0326,0.0,0.0,0.0,-0.1545,25.0,25.0,38.0,37.0,13.0,0.0,0.0,0.0,0.0,41.1286,64.0,17.0595,0.0,0.0
20266.0,1.6971,0.0871,1.0,2.5439,349.8555,1.7988,0.7988,2.3756,1.3756,20.3869,1.8155,19.9434,1.7977,100.0,0.0,0.0,0.0,25.125,0.0,26.25,0.0,26.0,0.0,25.25,10.0,0.0,0.0074,53.3654,5.3365,2.0,7.5134,1.3503,-0.1987,1.342,0.1135,1.376,1.003e-05,1.0008,0.0005,2.3519,11.0,0.062,1.0017,0.1188,2.2966,0.0094,1.1949,0.0508,1.9273,0.0,0.0,0.0,-0.1549,25.0,25.0,38.0,37.0,13.0,0.0,0.0,0.0,0.0,41.1285,64.0,17.2337,0.0,0.0
20267.0,1.6981,0.0873,1.0,2.544,349.9715,1.7985,0.7985,2.3754,1.3754,20.2948,1.8118,19.9342,1.7974,100.0,0.0,0.0,0.0,25.125,0.0,26.375,0.0,26.0,0.0,25.25,10.0,0.0,0.008,53.3647,5.3364,2.0,7.5007,1.35,-0.1675,1.3454,0.1279,1.3776,1.004e-05,1.0008,0.0005,2.3516,11.0,0.0616,1.0016,0.1111,2.2675,0.0092,1.1833,0.0534,1.9493,0.0,0.0,0.0,-0.1548,25.0,25.0,38.0,37.0,15.0,0.0,0.0,0.0,0.0,41.1286,64.0,17.4162,0.0,0.0
20268.0,1.6982,0.0873,1.0,2.544,349.9623,1.798,0.798,2.3752,1.3752,20.393,1.8157,19.9634,1.7985,100.0,0.0,0.0,0.0,25.125,0.0,26.375,0.0,26.125,0.0,25.375,10.0,0.0,0.0074,53.3641,5.3364,2.0,7.5022,1.3501,-0.1687,1.3452,0.1167,1.3764,1.004e-05,1.001,0.0005,2.3564,11.0,0.0644,1.0017,0.1013,2.2275,0.007,1.0664,0.0533,1.9488,0.0,0.0,0.0,-0.1547,25.0,25.0,38.0,37.0,15.0,0.0,0.0,0.0,0.0,41.1292,64.0,17.5859,0.0,0.0
20269.0,1.6982,0.0873,1.0,2.5442,350.0767,1.7982,0.7982,2.3757,1.3757,20.5253,1.821,19.9605,1.7984,100.0,0.0,0.0,0.0,25.0,0.0,26.25,0.0,26.0,0.0,25.375,10.0,0.0,0.0074,53.3638,5.3363,2.0,7.4767,1.3495,-0.1691,1.3452,0.125,1.3773,1.004e-05,1.001,0.0005,2.3555,11.0,0.0656,1.0017,0.0944,2.1966,0.0078,1.1137,0.0499,1.9197,0.0,0.0,0.0,-0.1545,25.0,25.0,38.0,37.0,14.0,0.0,0.0,0.0,0.0,41.1285,64.0,17.7557,0.0,0.0
20270.0,1.6981,0.0873,1.0,2.5442,350.1466,1.7982,0.7982,2.3756,1.3756,20.498,1.8199,19.9395,1.7976,100.0,0.0,0.0,0.0,25.125,0.0,26.375,0.0,26.125,0.0,25.375,10.0,0.0,0.0084,53.3627,5.3362,2.0,7.4763,1.3495,-0.1651,1.3456,0.115,1.3762,1.004e-05,1.001,0.0005,2.3547,11.0,0.065,1.0017,0.0922,2.1865,0.007,1.0678,0.0496,1.917,0.0,0.0,0.0,-0.1547,25.0,25.0,38.0,37.0,14.0,0.0,0.0,0.0,0.0,41.1284,64.0,17.946,0.0,0.0
20271.0,1.6981,0.0873,1.0,2.5443,350.2014,1.7984,0.7984,2.3756,1.3756,20.4019,1.8161,19.9432,1.7977,100.0,0.0,0.0,0.0,25.125,0.0,26.375,0.0,26.125,0.0,25.25,10.0,0.0,0.0083,53.3614,5.3361,2.0,7.5271,1.3507,-0.0973,1.353,0.123,1.3771,1.004e-05,1.001,0.0005,2.354,11.0,0.0648,1.0017,0.0876,2.1645,0.0066,1.043,0.0469,1.8933,0.0,0.0,0.0,-0.1548,25.0,25.0,38.0,37.0,15.0,0.0,0.0,0.0,0.0,41.1286,64.0,18.1122,0.0,0.0
20272.0,1.6981,0.0873,1.0,2.5446,350.4283,1.7988,0.7988,2.3755,1.3755,20.2976,1.8119,19.9415,1.7977,100.0,0.0,0.0,0.0,25.125,0.0,26.25,0.0,26.125,0.0,25.25,10.0,0.0,0.0084,53.361,5.3361,2.0,7.6379,1.3532,-0.0634,1.3567,0.1208,1.3768,1.004e-05,1.001,0.0005,2.3531,11.0,0.0673,1.0018,0.0792,2.1206,0.0058,0.987,0.0597,1.9976,0.0,0.0,0.0,-0.1546,25.0,25.0,38.0,37.0,14.0,0.0,0.0,0.0,0.0,41.129,64.0,18.3155,0.0,0.0
20273.0,1.6989,0.0874,1.0,2.5443,350.1725,1.798,0.798,2.3753,1.3753,20.3596,1.8144,19.9514,1.7981,100.0,0.0,0.0,0.0,25.0,0.0,26.375,0.0,26.0,0.0,25.375,10.0,0.0,0.0082,53.3602,5.336,2.0,7.6232,1.3529,-0.0355,1.3598,0.1198,1.3767,1.004e-05,1.001,0.0005,2.3525,11.0,0.0654,1.0017,0.0813,2.1317,0.0058,0.9884,0.0571,1.9785,0.0,0.0,0.0,-0.1546,25.0,25.0,38.0,37.0,15.0,0.0,0.0,0.0,0.0,41.1292,64.0,18.495,0.0,0.0
20274.0,1.6991,0.0874,1.0,2.5443,350.2264,1.7977,0.7977,2.3753,1.3753,20.5186,1.8207,19.9525,1.7981,100.0,0.0,0.0,0.0,25.0,0.0,26.375,0.0,26.0,0.0,25.25,10.0,0.0,0.0082,53.3595,5.336,2.0,7.6295,1.353,-0.0292,1.3604,0.1302,1.3778,1.004e-05,1.0009,0.0005,2.3517,11.0,0.0634,1.0017,0.0746,2.0948,0.0053,0.9482,0.0539,1.9538,0.0,0.0,0.0,-0.1549,25.0,25.0,38.0,37.0,13.0,0.0,0.0,0.0,0.0,41.1292,64.0,18.6415,0.0,0.0
20275.0,1.6997,0.0875,1.0,2.5442,350.1043,1.7982,0.7982,2.376,1.376,20.511,1.8204,19.9393,1.7976,100.0,0.0,0.0,0.0,25.0,0.0,26.375,0.0,26.125,0.0,25.125,10.0,0.0,0.0079,53.3586,5.3358,2.0,7.7579,1.3559,0.029,1.3668,0.1174,1.3764,1.004e-05,1.001,0.0005,2.3564,11.0,0.0631,1.0017,0.0717,2.0774,0.0065,1.0379,0.0554,1.9651,0.0,0.0,0.0,-0.1545,25.0,25.0,38.0,37.0,14.0,0.0,0.0,0.0,0.0,41.1291,64.0,18.8299,0.0,0.0
20276.0,1.7006,0.0876,1.0,2.544,349.965,1.7984,0.7984,2.376,1.376,20.4248,1.817,19.9334,1.7973,100.0,0.0,0.0,0.0,25.25,0.0,26.375,0.0,26.125,0.0,25.25,10.0,0.0,0.0082,53.358,5.3358,2.0,7.8974,1.359,0.1619,1.3813,0.1289,1.3777,1.003e-05,1.0008,0.0005,2.3553,11.0,0.0571,1.0015,0.072,2.0793,0.006,1.0003,0.065,2.0344,0.0,0.0,0.0,-0.1546,25.0,25.0,38.0,37.0,14.0,0.0,0.0,0.0,0.0,41.1289,64.0,19.0327,0.0,0.0
20277.0,1.7013,0.0877,1.0,2.5441,350.0332,1.7984,0.7984,2.3759,1.3759,20.3184,1.8127,19.93,1.7972,100.0,0.0,0.0,0.0,25.125,0.0,26.375,0.0,26.0,0.0,25.25,10.0,0.0,0.008,53.3574,5.3357,2.0,7.9958,1.3611,0.1258,1.3774,0.1143,1.3761,1.003e-05,1.0008,0.0005,2.3547,11.0,0.0588,1.0016,0.0528,1.9447,0.0054,0.9529,0.0636,2.0253,0.0,0.0,0.0,-0.1545,25.0,25.0,38.0,37.0,12.0,0.0,0.0,0.0,0.0,41.1284,64.0,19.1964,0.0,0.0
20278.0,1.7023,0.0878,1.0,2.544,349.946,1.7981,0.7981,2.376,1.376,20.3464,1.8139,19.9512,1.798,100.0,0.0,0.0,0.0,25.125,0.0,26.375,0.0,26.0,0.0,25.375,10.0,0.0,0.0086,53.3568,5.3357,2.0,7.9177,1.3594,0.0706,1.3713,0.1261,1.3774,1.003e-05,1.0008,0.0005,2.3537,11.0,0.0586,1.0016,0.0455,1.8794,0.0058,0.9881,0.0624,2.0172,0.0,0.0,0.0,-0.1546,25.0,25.0,38.0,37.0,14.0,0.0,0.0,0.0,0.0,41.1284,64.0,19.3961,0.0,0.0
20279.0,1.7023,0.0878,1.0,2.5439,349.8819,1.7978,0.7978,2.3756,1.3756,20.4989,1.82,19.9585,1.7983,100.0,0.0,0.0,0.0,25.125,0.0,26.25,0.0,26.125,0.0,25.375,10.0,0.0,0.0083,53.3558,5.3355,2.0,7.8831,1.3587,0.0662,1.3709,0.1113,1.3758,1.003e-05,1.0007,0.0005,2.353,11.0,0.0553,1.0015,0.0444,1.8688,0.0059,0.9936,0.0561,1.9705,0.0,0.0,0.0,-0.1547,25.0,25.0,38.0,37.0,13.0,0.0,0.0,0.0,0.0,41.1291,64.0,19.5974,0.0,0.0
20280.0,1.7033,0.0879,1.0,2.5436,349.6424,1.7983,0.7983,2.376,1.376,20.5188,1.8208,19.9509,1.798,100.0,0.0,0.0,0.0,25.125,0.0,26.375,0.0,26.125,0.0,25.375,10.0,0.0,0.0082,53.3549,5.3354,2.0,7.9021,1.3591,0.1044,1.375,0.1227,1.377,1.003e-05,1.0008,0.0005,2.3576,11.0,0.0558,1.0015,0.0413,1.8378,0.0062,1.0127,0.0546,1.9588,0.0,0.0,0.0,-0.1547,25.0,25.0,38.0,37.0,13.0,0.0,0.0,0.0,0.0,41.1286,64.0,19.7572,0.0,0.0
20281.0,1.7024,0.0878,1.0,2.5434,349.4279,1.7988,0.7988,2.3759,1.3759,20.4444,1.8178,19.9439,1.7978,100.0,0.0,0.0,0.0,25.125,0.0,26.375,0.0,26.125,0.0,25.375,10.0,0.0,0.0079,53.3542,5.3354,2.0,7.7883,1.3566,-0.0245,1.361,0.1247,1.3772,1.003e-05,1.0008,0.0005,2.3569,11.0,0.0578,1.0015,0.0479,1.902,0.0058,0.9822,0.0706,2.0708,0.0,0.0,0.0,-0.1546,25.0,25.0,38.0,37.0,13.0,0.0,0.0,0.0,0.0,41.1283,64.0,19.9438,0.0,0.0
20282.0,1.7019,0.0877,1.0,2.5439,349.8336,1.7988,0.7988,2.3755,1.3755,20.3551,1.8142,19.9402,1.7976,100.0,0.0,0.0,0.0,25.125,0.0,26.5,0.0,26.0,0.0,25.375,10.0,0.0,0.0079,53.3533,5.3353,2.0,7.7017,1.3546,-0.0335,1.36,0.1229,1.377,1.003e-05,1.0008,0.0005,2.3561,11.0,0.0556,1.0015,0.0462,1.8867,0.0072,1.0791,0.0601,2.001,0.0,0.0,0.0,-0.1551,25.0,25.0,38.0,37.0,12.0,0.0,0.0,0.0,0.0,41.1286,64.0,20.102,0.0,0.0
20283.0,1.7023,0.0878,1.0,2.5441,350.001,1.7986,0.7986,2.376,1.376,20.3109,1.8124,19.954,1.7982,100.0,0.0,0.0,0.0,25.125,0.0,26.5,0.0,26.125,0.0,25.25,10.0,0.0,0.0077,53.3525,5.3352,2.0,7.6427,1.3533,-0.0862,1.3542,0.1257,1.3773,1.003e-05,1.0008,0.0005,2.3552,11.0,0.0588,1.0016,0.0467,1.8912,0.006,1.0033,0.0583,1.9878,0.0,0.0,0.0,-0.1552,25.0,25.0,38.0,37.0,12.0,0.0,0.0,0.0,0.0,41.1285,64.0,20.3122,0.0,0.0
20284.0,1.7034,0.0879,1.0,2.544,349.9544,1.7978,0.7978,2.376,1.376,20.4883,1.8195,19.9694,1.7988,100.0,0.0,0.0,0.0,25.125,0.0,26.375,0.0,26.25,0.0,25.375,10.0,0.0,0.0082,53.3517,5.3351,2.0,7.5728,1.3517,-0.0775,1.3552,0.1183,1.3765,1.004e-05,1.0008,0.0005,2.3544,11.0,0.0578,1.0015,0.0466,1.8901,0.0059,0.991,0.0613,2.0091,0.0,0.0,0.0,-0.1548,25.0,25.0,38.0,37.0,14.0,0.0,0.0,0.0,0.0,41.128,64.0,20.4991,0.0,0.0
20285.0,1.7044,0.0881,1.0,2.544,349.9676,1.7981,0.7981,2.376,1.376,20.54,1.8216,19.9542,1.7982,100.0,0.0,0.0,0.0,25.125,0.0,26.375,0.0,26.0,0.0,25.375,10.0,0.0,0.0084,53.3515,5.3351,2.0,7.6135,1.3526,-0.0497,1.3582,0.1312,1.378,1.003e-05,1.0008,0.0005,2.3536,11.0,0.056,1.0015,0.0422,1.847,0.0064,1.0262,0.0548,1.9606,0.0,0.0,0.0,-0.1546,25.0,25.0,38.0,37.0,14.0,0.0,0.0,0.0,0.0,41.1283,64.0,20.6482,0.0,0.0
20286.0,1.7045,0.0881,1.0,2.5438,349.7729,1.7985,0.7985,2.3764,1.3764,20.4638,1.8186,19.9361,1.7974,100.0,0.0,0.0,0.0,25.125,0.0,26.375,0.0,26.125,0.0,25.25,10.0,0.0,0.0082,53.3507,5.3351,2.0,7.666,1.3538,-0.0497,1.3582,0.1158,1.3763,1.004e-05,1.0008,0.0005,2.3578,11.0,0.0586,1.0016,0.041,1.8344,0.0054,0.9552,0.0845,2.1488,0.0,0.0,0.0,-0.1546,25.0,25.0,38.0,37.0,15.0,0.0,0.0,0.0,0.0,41.1286,64.0,20.8632,0.0,0.0
20287.0,1.7029,0.0879,1.0,2.5442,350.1425,1.7984,0.7984,2.3763,1.3763,20.341,1.8136,19.9409,1.7976,100.0,0.0,0.0,0.0,25.125,0.0,26.375,0.0,26.125,0.0,25.375,10.0,0.0,0.0083,53.3497,5.3349,2.0,7.6649,1.3538,-0.0466,1.3586,0.1272,1.3775,1.005e-05,1.0011,0.0005,2.3577,11.0,0.0662,1.0018,0.0365,1.7837,0.0056,0.973,0.0855,2.1538,0.0,0.0,0.0,-0.1549,25.0,25.0,38.0,37.0,13.0,0.0,0.0,0.0,0.0,41.1282,64.0,21.0446,0.0,0.0
20288.0,1.7014,0.0877,1.0,2.5445,350.3668,1.7983,0.7983,2.3761,1.3761,20.306,1.8122,19.9539,1.7982,100.0,0.0,0.0,0.0,25.0,0.0,26.375,0.0,26.0,0.0,25.375,10.0,0.0,0.0084,53.3488,5.3348,2.0,7.5644,1.3515,-0.1064,1.352,0.1228,1.377,1.004e-05,1.001,0.0005,2.3567,11.0,0.0642,1.0017,0.0341,1.7547,0.006,0.9974,0.076,2.1028,0.0,0.0,0.0,-0.1546,25.0,25.0,38.0,37.0,12.0,0.0,0.0,0.0,0.0,41.1284,64.0,21.2299,0.0,0.0
20289.0,1.7013,0.0877,1.0,2.5446,350.4639,1.7978,0.7978,2.376,1.376,20.4648,1.8186,19.9586,1.7983,100.0,0.0,0.0,0.0,25.125,0.0,26.375,0.0,26.0,0.0,25.25,10.0,0.0,0.0074,53.3482,5.3348,2.0,7.5919,1.3521,-0.0508,1.3581,0.1252,1.3773,1.004e-05,1.001,0.0005,2.3556,11.0,0.065,1.0017,0.0289,1.6828,0.0062,1.014,0.0709,2.0725,0.0,0.0,0.0,-0.1549,25.0,25.0,38.0,37.0,13.0,0.0,0.0,0.0,0.0,41.1291,64.0,21.4184,0.0,0.0
20290.0,1.6993,0.0874,1.0,2.5442,350.0995,1.798,0.798,2.3761,1.3761,20.5311,1.8212,19.9534,1.7981,100.0,0.0,0.0,0.0,25.25,0.0,26.375,0.0,26.125,0.0,25.25,10.0,0.0,0.007,53.3476,5.3347,2.0,7.6247,1.3529,-0.021,1.3614,0.1292,1.3777,1.005e-05,1.001,0.0005,2.355,11.0,0.0678,1.0018,0.0297,1.6945,0.0069,1.062,0.067,2.0479,0.0,0.0,0.0,-0.1547,25.0,25.0,38.0,37.0,14.0,0.0,0.0,0.0,0.0,41.129,64.0,21.5955,0.0,0.0
20291.0,1.6981,0.0873,1.0,2.5442,350.1411,1.7988,0.7988,2.3764,1.3764,20.4636,1.8185,19.9454,1.7978,100.0,0.0,0.0,0.0,25.125,0.0,26.375,0.0,26.125,0.0,25.25,10.0,0.0,0.0074,53.3469,5.3347,2.0,7.6086,1.3525,-0.047,1.3585,0.1207,1.3768,1.004e-05,1.001,0.0005,2.354,11.0,0.0678,1.0018,0.026,1.637,0.0057,0.9808,0.0706,2.0708,0.0,0.0,0.0,-0.1542,25.0,25.0,38.0,37.0,13.0,0.0,0.0,0.0,0.0,41.1288,64.0,21.8045,0.0,0.0
20292.0,1.7011,0.0876,1.0,2.5445,350.348,1.7985,0.7985,2.3764,1.3764,20.3629,1.8145,19.934,1.7974,100.0,0.0,0.0,0.0,25.125,0.0,26.375,0.0,26.125,0.0,25.375,10.0,0.0,0.0083,53.346,5.3346,2.0,7.6289,1.353,-0.0009,1.3635,0.1327,1.3781,1.004e-05,1.001,0.0005,2.3532,11.0,0.0672,1.0018,0.0294,1.69,0.006,0.9998,0.0665,2.0444,0.0,0.0,0.0,-0.1543,25.0,25.0,38.0,37.0,13.0,0.0,0.0,0.0,0.0,41.1287,64.0,21.9701,0.0,0.0
20293.0,1.7013,0.0877,1.0,2.5444,350.2994,1.7981,0.7981,2.3762,1.3762,20.3007,1.812,19.9285,1.7971,100.0,0.0,0.0,0.0,25.0,0.0,26.25,0.0,26.0,0.0,25.25,10.0,0.0,0.0079,53.3451,5.3345,2.0,7.6983,1.3546,0.0108,1.3648,0.1196,1.3767,1.004e-05,1.001,0.0005,2.358,11.0,0.0647,1.0017,0.0261,1.6378,0.0055,0.9647,0.0584,1.9881,0.0,0.0,0.0,-0.1547,25.0,25.0,38.0,37.0,14.0,0.0,0.0,0.0,0.0,41.1289,64.0,22.1654,0.0,0.0
20294.0,1.7003,0.0875,1.0,2.5444,350.2307,1.7979,0.7979,2.3759,1.3759,20.438,1.8175,19.9569,1.7983,100.0,0.0,0.0,0.0,25.25,0.0,26.375,0.0,26.125,0.0,25.25,10.0,0.0,0.008,53.3445,5.3344,2.0,7.8382,1.3577,0.0947,1.374,0.1307,1.3779,1.004e-05,1.001,0.0005,2.3573,11.0,0.0658,1.0018,0.0249,1.6182,0.005,0.9208,0.0619,2.0137,0.0,0.0,0.0,-0.1545,25.0,25.0,38.0,37.0,13.0,0.0,0.0,0.0,0.0,41.1297,64.0,22.3589,0.0,0.0
20295.0,1.7002,0.0875,1.0,2.5442,350.0726,1.7983,0.7983,2.376,1.376,20.5243,1.821,19.9554,1.7982,100.0,0.0,0.0,0.0,25.125,0.0,26.375,0.0,26.0,0.0,25.375,10.0,0.0,0.0074,53.3439,5.3343,2.0,7.8664,1.3583,0.0797,1.3723,0.1191,1.3766,1.004e-05,1.0009,0.0005,2.3564,11.0,0.0645,1.0017,0.0239,1.6,0.1325,2.344,0.0544,1.9577,0.0,0.0,0.0,-0.1547,25.0,25.0,38.0,37.0,14.0,0.0,0.0,0.0,0.0,41.1298,64.0,22.506,0.0,0.0
20296.0,1.7002,0.0875,1.0,2.5443,350.1749,1.7983,0.7983,2.3764,1.3764,20.4798,1.8192,19.945,1.7978,100.0,0.0,0.0,0.0,25.0,0.0,26.25,0.0,26.0,0.0,25.375,10.0,0.0,0.0077,53.3434,5.3343,2.0,7.8442,1.3578,0.0825,1.3726,0.1267,1.3775,1.004e-05,1.001,0.0005,2.3555,11.0,0.0652,1.0017,0.0219,1.5624,0.1147,2.2815,0.0659,2.0409,0.0,0.0,0.0,-0.1544,25.0,25.0,38.0,37.0,12.0,0.0,0.0,0.0,0.0,41.1299,64.0,22.7293,0.0,0.0
20297.0,1.7002,0.0875,1.0,2.5443,350.1466,1.7984,0.7984,2.3764,1.3764,20.377,1.8151,19.9304,1.7972,100.0,0.0,0.0,0.0,25.125,0.0,26.375,0.0,26.125,0.0,25.25,10.0,0.0,0.008,53.3425,5.3342,2.0,7.7561,1.3559,0.039,1.3679,0.1301,1.3778,1.004e-05,1.0009,0.0005,2.3545,11.0,0.0611,1.0016,0.0219,1.5615,0.139,2.3648,0.0673,2.05,0.0,0.0,0.0,-0.1544,25.0,25.0,38.0,37.0,12.0,0.0,0.0,0.0,0.0,41.1291,64.0,22.8958,0.0,0.0
20298.0,1.7002,0.0875,1.0,2.5443,350.1718,1.7984,0.7984,2.3765,1.3765,20.2922,1.8117,19.9361,1.7974,100.0,0.0,0.0,0.0,25.125,0.0,26.375,0.0,26.0,0.0,25.25,10.0,0.0,0.0084,53.3421,5.3342,2.0,7.8563,1.3581,0.0894,1.3734,0.1201,1.3767,1.003e-05,1.0008,0.0005,2.354,11.0,0.0593,1.0016,0.0196,1.5149,0.1023,2.2317,0.056,1.9697,0.0,0.0,0.0,-0.1544,25.0,25.0,38.0,37.0,12.0,0.0,0.0,0.0,0.0,41.1287,64.0,23.0665,0.0,0.0
20299.0,1.7001,0.0875,1.0,2.5443,350.2023,1.798,0.798,2.376,1.376,20.4268,1.8171,19.9601,1.7984,100.0,0.0,0.0,0.0,25.0,0.0,26.5,0.0,26.125,0.0,25.25,10.0,0.0,0.0082,53.3413,5.3341,2.0,7.8786,1.3586,0.0969,1.3742,0.1309,1.3779,1.004e-05,1.0008,0.0005,2.3583,11.0,0.0589,1.0016,0.0701,2.0674,0.103,2.2348,0.0587,1.9902,0.0,0.0,0.0,-0.1548,25.0,25.0,38.0,37.0,14.0,0.0,0.0,0.0,0.0,41.1288,64.0,23.2768,0.0,0.0
20300.0,1.6992,0.0874,1.0,2.5442,350.1363,1.798,0.798,2.3764,1.3764,20.5319,1.8213,19.9579,1.7983,100.0,0.0,0.0,0.0,25.0,0.0,26.25,0.0,26.0,0.0,25.25,10.0,0.0,0.0084,53.3403,5.334,2.0,7.8686,1.3584,0.1037,1.375,0.1229,1.377,1.003e-05,1.0008,0.0005,2.3573,11.0,0.0593,1.0016,0.0821,2.136,0.0991,2.2177,0.0707,2.0713,0.0,0.0,0.0,-0.1546,25.0,25.0,38.0,37.0,14.0,0.0,0.0,0.0,0.0,41.1297,64.0,23.4571,0.0,0.0
20301.0,1.6994,0.0874,1.0,2.5442,350.0851,1.7987,0.7987,2.3765,1.3765,20.4909,1.8196,19.9463,1.7979,100.0,0.0,0.0,0.0,25.125,0.0,26.375,0.0,26.125,0.0,25.25,10.0,0.0,0.0081,53.3402,5.334,2.0,8.0484,1.3623,0.1658,1.3817,0.1277,1.3776,1.004e-05,1.0009,0.0005,2.3563,11.0,0.0629,1.0017,0.0888,2.1703,0.0963,2.2053,0.0728,2.0837,0.0,0.0,0.0,-0.1545,25.0,25.0,38.0,37.0,14.0,0.0,0.0,0.0,0.0,41.1287,64.0,23.6451,0.0,0.0
20302.0,1.6992,0.0874,1.0,2.5444,350.2341,1.7987,0.7987,2.3764,1.3764,20.3885,1.8155,19.9414,1.7977,100.0,0.0,0.0,0.0,25.125,0.0,26.375,0.0,26.0,0.0,25.25,10.0,0.0,0.008,53.3396,5.334,2.0,8.0758,1.3629,0.1836,1.3837,0.1356,1.3784,1.004e-05,1.0009,0.0005,2.3556,11.0,0.0651,1.0017,0.0702,2.0682,0.0843,2.1476,0.0616,2.0116,0.0,0.0,0.0,-0.1544,25.0,24.0,38.0,37.0,13.0,0.0,0.0,0.0,0.0,41.1293,64.0,23.8254,0.0,0.0
20303.0,1.6991,0.0874,1.0,2.5444,350.2792,1.7984,0.7984,2.3762,1.3762,20.2988,1.812,19.9315,1.7973,100.0,0.0,0.0,0.0,25.125,0.0,26.5,0.0,26.0,0.0,25.25,10.0,0.0,0.0083,53.3389,5.3338,2.0,8.1907,1.3653,0.2649,1.3925,0.1269,1.3775,1.004e-05,1.0009,0.0005,2.3549,11.0,0.063,1.0017,0.063,2.0212,0.0949,2.199,0.0651,2.0353,0.0,0.0,0.0,-0.1544,25.0,24.0,38.0,37.0,15.0,0.0,0.0,0.0,0.0,41.1298,64.0,24.0167,0.0,0.0
20304.0,1.6975,0.0872,1.0,2.5441,350.0036,1.7976,0.7976,2.3763,1.3763,20.3905,1.8156,19.9537,1.7981,100.0,0.0,0.0,0.0,25.125,0.0,26.375,0.0,26.0,0.0,25.25,10.0,0.0,0.0083,53.3377,5.3337,2.0,8.2342,1.3662,0.2511,1.391,0.1355,1.3784,1.004e-05,1.0009,0.0005,2.3571,11.0,0.0616,1.0016,0.0628,2.0196,0.0715,2.0761,0.074,2.0913,0.0,0.0,0.0,-0.1549,25.0,24.0,38.0,37.0,14.0,0.0,0.0,0.0,0.0,41.129,64.0,24.1934,0.0,0.0
20305.0,1.6968,0.0871,1.0,2.5441,350.0089,1.7978,0.7978,2.3761,1.3761,20.5276,1.8211,19.9598,1.7984,100.0,0.0,0.0,0.0,25.0,0.0,26.375,0.0,26.0,0.0,25.25,10.0,0.0,0.0082,53.3372,5.3337,2.0,8.1966,1.3655,0.2327,1.389,0.1287,1.3777,1.004e-05,1.0008,0.0005,2.3587,11.0,0.0594,1.0016,0.0742,2.0921,0.0699,2.0662,0.0704,2.0693,0.0,0.0,0.0,-0.155,25.0,24.0,38.0,37.0,13.0,0.0,0.0,0.0,0.0,41.1287,64.0,24.3589,0.0,0.0
20306.0,1.696,0.087,1.0,2.5443,350.2014,1.7986,0.7986,2.3765,1.3765,20.5126,1.8205,19.9489,1.798,100.0,0.0,0.0,0.0,25.125,0.0,26.375,0.0,26.0,0.0,25.25,10.0,0.0,0.0083,53.3363,5.3336,2.0,8.2206,1.366,0.2145,1.387,0.1342,1.3783,1.003e-05,1.0008,0.0005,2.3579,11.0,0.058,1.0015,0.0694,2.0635,0.0768,2.107,0.0795,2.1223,0.0,0.0,0.0,-0.155,25.0,25.0,38.0,37.0,13.0,0.0,0.0,0.0,0.0,41.1287,64.0,24.53,0.0,0.0
20307.0,1.696,0.087,1.0,2.5442,350.1028,1.7987,0.7987,2.3763,1.3763,20.3997,1.816,19.9419,1.7977,100.0,0.0,0.0,0.0,25.125,0.0,26.375,0.0,26.0,0.0,25.25,10.0,0.0,0.0084,53.3354,5.3335,2.0,8.2829,1.3673,0.2349,1.3893,0.1399,1.3789,1.004e-05,1.0009,0.0005,2.3569,11.0,0.0608,1.0016,0.1494,2.3961,0.0692,2.0619,0.0841,2.1464,0.0,0.0,0.0,-0.1543,25.0,25.0,38.0,37.0,14.0,0.0,0.0,0.0,0.0,41.1285,64.0,24.7239,0.0,0.0
20308.0,1.697,0.0871,1.0,2.5441,349.9996,1.7984,0.7984,2.3762,1.3762,20.2923,1.8117,19.9327,1.7973,100.0,0.0,0.0,0.0,25.125,0.0,26.375,0.0,26.0,0.0,25.25,10.0,0.0,0.0071,53.3348,5.3334,2.0,8.2115,1.3658,0.2093,1.3865,0.1262,1.3774,1.004e-05,1.0008,0.0005,2.356,11.0,0.0594,1.0016,0.132,2.3423,0.0702,2.0682,0.0948,2.1988,0.0,0.0,0.0,-0.155,25.0,25.0,38.0,37.0,14.0,0.0,0.0,0.0,0.0,41.1287,64.0,24.886,0.0,0.0
20309.0,1.6981,0.0873,1.0,2.5442,350.1072,1.798,0.798,2.3761,1.3761,20.3584,1.8143,19.953,1.7981,100.0,0.0,0.0,0.0,25.125,0.0,26.375,0.0,26.25,0.0,25.25,10.0,0.0,0.0079,53.3343,5.3334,2.0,8.247,1.3665,0.2165,1.3873,0.1365,1.3785,1.003e-05,1.0007,0.0005,2.3549,11.0,0.0579,1.0015,0.1147,2.2812,0.0651,2.0357,0.0974,2.2104,0.0,0.0,0.0,-0.1548,25.0,25.0,38.0,37.0,15.0,0.0,0.0,0.0,0.0,41.1285,64.0,25.0834,0.0,0.0
20310.0,1.7003,0.0875,1.0,2.5443,350.1677,1.7978,0.7978,2.3761,1.3761,20.5033,1.8201,19.9549,1.7982,100.0,0.0,0.0,0.0,25.125,0.0,26.25,0.0,26.0,0.0,25.25,10.0,0.0,0.0089,53.3338,5.3333,2.0,8.2872,1.3674,0.2094,1.3865,0.1414,1.3791,1.003e-05,1.0008,0.0005,2.3596,11.0,0.0623,1.0017,0.1145,2.2806,0.051,1.9298,0.0912,2.1819,0.0,0.0,0.0,-0.1549,25.0,25.0,38.0,37.0,13.0,0.0,0.0,0.0,0.0,41.1283,64.0,25.2465,0.0,0.0
20311.0,1.6968,0.0871,1.0,2.5442,350.1014,1.7982,0.7982,2.3764,1.3764,20.5008,1.82,19.9383,1.7975,100.0,0.0,0.0,0.0,25.125,0.0,26.25,0.0,26.0,0.0,25.25,10.0,0.0,0.0083,53.3327,5.3332,2.0,8.2399,1.3664,0.2119,1.3868,0.1314,1.378,1.004e-05,1.0009,0.0005,2.3587,11.0,0.0603,1.0016,0.1001,2.2222,0.0586,1.99,0.0928,2.1895,0.0,0.0,0.0,-0.1552,25.0,25.0,38.0,37.0,13.0,0.0,0.0,0.0,0.0,41.1287,64.0,25.4457,0.0,0.0
20312.0,1.6954,0.0869,1.0,2.5441,350.0541,1.7984,0.7984,2.3763,1.3763,20.4208,1.8168,19.9352,1.7974,100.0,0.0,0.0,0.0,25.125,0.0,26.375,0.0,26.0,0.0,25.375,10.0,0.0,0.0084,53.332,5.3332,2.0,8.3178,1.368,0.2138,1.387,0.1417,1.3791,1.004e-05,1.0008,0.0005,2.3577,11.0,0.0578,1.0015,0.1094,2.2609,0.0541,1.9552,0.0837,2.1443,0.0,0.0,0.0,-0.1547,25.0,25.0,38.0,37.0,14.0,0.0,0.0,0.0,0.0,41.129,64.0,25.6083,0.0,0.0
20313.0,1.7015,0.0877,1.0,2.5442,350.0937,1.7988,0.7988,2.3763,1.3763,20.3196,1.8128,19.941,1.7976,100.0,0.0,0.0,0.0,25.125,0.0,26.375,0.0,26.0,0.0,25.375,10.0,0.0,0.0079,53.3316,5.3331,2.0,8.295,1.3675,0.2118,1.3867,0.1335,1.3782,1.004e-05,1.0009,0.0005,2.3569,11.0,0.0616,1.0016,0.0961,2.2045,0.0461,1.8853,0.086,2.1561,0.0,0.0,0.0,-0.1546,25.0,25.0,38.0,37.0,13.0,0.0,0.0,0.0,0.0,41.1289,64.0,25.818,0.0,0.0
20314.0,1.7054,0.0882,1.0,2.5441,349.9878,1.7983,0.7983,2.3761,1.3761,20.3137,1.8125,19.9548,1.7982,100.0,0.0,0.0,0.0,25.125,0.0,26.375,0.0,26.125,0.0,25.25,10.0,0.0,0.0079,53.3311,5.3331,2.0,8.285,1.3673,0.2019,1.3857,0.1401,1.3789,1.004e-05,1.0009,0.0005,2.3561,11.0,0.0626,1.0017,0.1027,2.2336,0.0436,1.8612,0.0731,2.0856,0.0,0.0,0.0,-0.1548,25.0,25.0,37.0,37.0,14.0,0.0,0.0,0.0,0.0,41.1282,64.0,26.0126,0.0,0.0
20315.0,1.7086,0.0886,1.0,2.5443,350.2043,1.7978,0.7978,2.376,1.376,20.4917,1.8197,19.9564,1.7983,100.0,0.0,0.0,0.0,25.125,0.0,26.375,0.0,26.0,0.0,25.25,10.0,0.0,0.008,53.3302,5.333,2.0,8.3573,1.3688,0.2434,1.3902,0.1487,1.3799,1.004e-05,1.001,0.0005,2.3594,11.0,0.065,1.0017,0.0844,2.1482,0.0476,1.8994,0.0756,2.1004,0.0,0.0,0.0,-0.1546,25.0,25.0,37.0,37.0,12.0,0.0,0.0,0.0,0.0,41.1277,64.0,26.1831,0.0,0.0
20316.0,1.7096,0.0887,1.0,2.5443,350.1966,1.7981,0.7981,2.3764,1.3764,20.5263,1.8211,19.9434,1.7977,100.0,0.0,0.0,0.0,25.0,0.0,26.375,0.0,26.0,0.0,25.375,10.0,0.0,0.0081,53.3296,5.3329,2.0,8.4348,1.3704,0.2376,1.3896,0.1351,1.3784,1.004e-05,1.001,0.0005,2.36,11.0,0.0666,1.0018,0.0946,2.1979,0.0433,1.8579,0.0687,2.0588,0.0,0.0,0.0,-0.1545,25.0,25.0,37.0,37.0,15.0,0.0,0.0,0.0,0.0,41.1284,64.0,26.3403,0.0,0.0
20317.0,1.7076,0.0885,1.0,2.5443,350.1716,1.7987,0.7987,2.3763,1.3763,20.4519,1.8181,19.9432,1.7977,100.0,0.0,0.0,0.0,25.0,0.0,26.25,0.0,26.125,0.0,25.25,10.0,0.0,0.0072,53.3283,5.3328,2.0,8.4597,1.3709,0.2381,1.3896,0.1431,1.3792,1.004e-05,1.001,0.0005,2.3589,11.0,0.0652,1.0017,0.0891,2.1716,0.0429,1.8543,0.0683,2.0562,0.0,0.0,0.0,-0.1541,25.0,25.0,37.0,37.0,15.0,0.0,0.0,0.0,0.0,41.1285,64.0,26.5454,0.0,0.0
20318.0,1.7054,0.0882,1.0,2.5439,349.8569,1.7988,0.7988,2.3763,1.3763,20.3527,1.8141,19.9413,1.7977,100.0,0.0,0.0,0.0,25.125,0.0,26.375,0.0,26.0,0.0,25.25,10.0,0.0,0.0079,53.3281,5.3328,2.0,8.3969,1.3696,0.1825,1.3835,0.1525,1.3803,1.004e-05,1.0009,0.0005,2.3578,11.0,0.061,1.0016,0.0809,2.1298,0.0469,1.8931,0.0729,2.0843,0.0,0.0,0.0,-0.1545,26.0,25.0,38.0,37.0,14.0,0.0,0.0,0.0,0.0,41.1291,64.0,26.6899,0.0,0.0
20319.0,1.7055,0.0882,1.0,2.5443,350.162,1.7982,0.7982,2.3761,1.3761,20.3186,1.8127,19.9455,1.7978,100.0,0.0,0.0,0.0,25.125,0.0,26.25,0.0,26.125,0.0,25.25,10.0,0.0,0.0076,53.3272,5.3327,2.0,8.2965,1.3676,0.1733,1.3825,0.1369,1.3786,1.004e-05,1.001,0.0005,2.3569,11.0,0.0653,1.0017,0.0706,2.0705,0.0362,1.7809,0.0852,2.1521,0.0,0.0,0.0,-0.1547,26.0,25.0,38.0,37.0,12.0,0.0,0.0,0.0,0.0,41.129,64.0,26.9062,0.0,0.0
20320.0,1.7055,0.0882,1.0,2.5445,350.3458,1.7978,0.7978,2.376,1.376,20.4571,1.8183,19.9583,1.7983,100.0,0.0,0.0,0.0,25.125,0.0,26.375,0.0,26.0,0.0,25.25,10.0,0.0,0.0079,53.3263,5.3326,2.0,8.3238,1.3681,0.1425,1.3792,0.1495,1.3799,1.004e-05,1.001,0.0005,2.3581,11.0,0.0656,1.0017,0.0701,2.0676,0.0407,1.8319,0.0676,2.0515,0.0,0.0,0.0,-0.1546,26.0,25.0,38.0,37.0,15.0,0.0,0.0,0.0,0.0,41.1287,64.0,27.0745,0.0,0.0
20321.0,1.7063,0.0883,1.0,2.5442,350.0668,1.7984,0.7984,2.3761,1.3761,20.5257,1.821,19.9527,1.7981,100.0,0.0,0.0,0.0,25.0,0.0,26.25,0.0,26.125,0.0,25.25,10.0,0.0,0.0083,53.3258,5.3326,2.0,8.2551,1.3667,0.1318,1.378,0.1555,1.3806,1.004e-05,1.001,0.0005,2.3605,11.0,0.0643,1.0017,0.066,2.0417,0.0349,1.7649,0.0849,2.1506,0.0,0.0,0.0,-0.1547,26.0,25.0,38.0,37.0,12.0,0.0,0.0,0.0,0.0,41.1284,64.0,27.2293,0.0,0.0
20322.0,1.7076,0.0884,1.0,2.5439,349.867,1.7984,0.7984,2.376,1.376,20.4452,1.8178,19.9353,1.7974,100.0,0.0,0.0,0.0,25.125,0.0,26.375,0.0,26.0,0.0,25.25,10.0,0.0,0.0075,53.3249,5.3324,2.0,8.3624,1.3689,0.1332,1.3782,0.1477,1.3798,1.004e-05,1.0009,0.0005,2.3594,11.0,0.0613,1.0016,0.0628,2.0198,0.1334,2.3472,0.0839,2.1454,0.0,0.0,0.0,-0.1547,26.0,25.0,38.0,37.0,13.0,0.0,0.0,0.0,0.0,41.1284,64.0,27.4379,0.0,0.0
20323.0,1.708,0.0885,1.0,2.5441,350.0106,1.7984,0.7984,2.3763,1.3763,20.3435,1.8137,19.9309,1.7972,100.0,0.0,0.0,0.0,25.125,0.0,26.25,0.0,26.0,0.0,25.375,10.0,0.0,0.0077,53.3244,5.3324,2.0,8.2168,1.3659,0.072,1.3715,0.148,1.3798,1.004e-05,1.0008,0.0005,2.3583,11.0,0.0617,1.0016,0.1298,2.3351,0.1325,2.344,0.0772,2.1094,0.0,0.0,0.0,-0.1548,26.0,25.0,38.0,37.0,12.0,0.0,0.0,0.0,0.0,41.1284,64.0,27.6205,0.0,0.0
20324.0,1.7073,0.0884,1.0,2.5439,349.8749,1.7984,0.7984,2.3761,1.3761,20.2965,1.8119,19.941,1.7976,100.0,0.0,0.0,0.0,25.125,0.0,26.25,0.0,26.0,0.0,25.25,10.0,0.0,0.0082,53.3237,5.3323,2.0,8.2448,1.3665,0.0788,1.3722,0.1586,1.3809,1.004e-05,1.0009,0.0005,2.3575,11.0,0.0622,1.0017,0.1178,2.293,0.136,2.3553,0.0779,2.1134,0.0,0.0,0.0,-0.1547,26.0,25.0,38.0,37.0,14.0,0.0,0.0,0.0,0.0,41.1283,64.0,27.8104,0.0,0.0
20325.0,1.703,0.0879,1.0,2.5439,349.8459,1.7978,0.7978,2.3759,1.3759,20.4603,1.8184,19.9596,1.7984,100.0,0.0,0.0,0.0,25.125,0.0,26.375,0.0,26.0,0.0,25.25,10.0,0.0,0.0077,53.3232,5.3323,2.0,8.1531,1.3645,0.0866,1.3731,0.1424,1.3792,1.003e-05,1.0008,0.0005,2.3594,11.0,0.0578,1.0015,0.1188,2.2967,0.1402,2.3686,0.0707,2.0711,0.0,0.0,0.0,-0.1545,26.0,25.0,38.0,37.0,14.0,0.0,0.0,0.0,0.0,41.1289,64.0,27.986,0.0,0.0
20326.0,1.7023,0.0878,1.0,2.544,349.9484,1.7982,0.7982,2.3759,1.3759,20.5411,1.8216,19.9537,1.7981,100.0,0.0,0.0,0.0,25.125,0.0,26.375,0.0,26.0,0.0,25.25,10.0,0.0,0.0082,53.3228,5.3322,2.0,8.3549,1.3688,0.1851,1.3838,0.1539,1.3804,1.003e-05,1.0008,0.0005,2.3612,11.0,0.0584,1.0016,0.1098,2.2623,0.1175,2.292,0.0827,2.1396,0.0,0.0,0.0,-0.1544,25.0,25.0,38.0,37.0,14.0,0.0,0.0,0.0,0.0,41.129,64.0,28.1724,0.0,0.0
20327.0,1.7022,0.0878,1.0,2.5437,349.7033,1.7983,0.7983,2.376,1.376,20.4643,1.8186,19.9456,1.7978,100.0,0.0,0.0,0.0,25.0,0.0,26.375,0.0,26.0,0.0,25.25,10.0,0.0,0.0079,53.322,5.3322,2.0,8.4294,1.3703,0.2401,1.3898,0.1578,1.3809,1.003e-05,1.0007,0.0005,2.3597,11.0,0.0555,1.0015,0.1014,2.2278,0.1282,2.3297,0.0865,2.159,0.0,0.0,0.0,-0.1546,25.0,25.0,38.0,38.0,14.0,0.0,0.0,0.0,0.0,41.1288,64.0,28.3703,0.0,0.0
20328.0,1.7013,0.0877,1.0,2.5438,349.8127,1.7985,0.7985,2.3763,1.3763,20.3632,1.8145,19.9335,1.7973,100.0,0.0,0.0,0.0,25.125,0.0,26.375,0.0,26.0,0.0,25.25,10.0,0.0,0.0078,53.3209,5.332,2.0,8.6685,1.3752,0.2899,1.3953,0.1431,1.3793,1.003e-05,1.0008,0.0005,2.3589,11.0,0.0568,1.0015,0.1099,2.2627,0.1105,2.2652,0.0904,2.1783,0.0,0.0,0.0,-0.1547,25.0,25.0,38.0,38.0,13.0,0.0,0.0,0.0,0.0,41.1289,64.0,28.5324,0.0,0.0
20329.0,1.702,0.0877,1.0,2.5442,350.0745,1.7984,0.7984,2.3762,1.3762,20.2786,1.8111,19.9352,1.7974,100.0,0.0,0.0,0.0,25.125,0.0,26.375,0.0,26.0,0.0,25.25,10.0,0.0,0.0079,53.3207,5.3321,2.0,8.6333,1.3745,0.2606,1.3921,0.1542,1.3805,1.004e-05,1.0008,0.0005,2.358,11.0,0.0583,1.0016,0.0958,2.2031,0.1117,2.2698,0.085,2.1513,0.0,0.0,0.0,-0.1549,25.0,25.0,38.0,38.0,13.0,0.0,0.0,0.0,0.0,41.1288,64.0,28.6996,0.0,0.0
20330.0,1.7032,0.0879,1.0,2.5439,349.8363,1.7979,0.7979,2.3756,1.3756,20.4229,1.8169,19.966,1.7986,100.0,0.0,0.0,0.0,25.0,0.0,26.375,0.0,26.0,0.0,25.25,10.0,0.0,0.008,53.32,5.332,2.0,8.7144,1.3761,0.3379,1.4005,0.1617,1.3813,1.004e-05,1.0009,0.0005,2.3575,11.0,0.0602,1.0016,0.0926,2.1887,0.0997,2.2204,0.0843,2.1478,0.0,0.0,0.0,-0.1547,26.0,25.0,38.0,38.0,14.0,0.0,0.0,0.0,0.0,41.1287,64.0,28.8931,0.0,0.0
20331.0,1.7052,0.0881,1.0,2.544,349.9724,1.7979,0.7979,2.3758,1.3758,20.5314,1.8213,19.9541,1.7982,100.0,0.0,0.0,0.0,25.125,0.0,26.375,0.0,26.0,0.0,25.25,10.0,0.0,0.0075,53.3195,5.3319,2.0,8.7761,1.3773,0.3323,1.3999,0.1543,1.3805,1.004e-05,1.0009,0.0005,2.3616,11.0,0.0586,1.0016,0.0902,2.1772,0.0877,2.1647,0.0922,2.1868,0.0,0.0,0.0,-0.1548,26.0,25.0,38.0,38.0,16.0,0.0,0.0,0.0,0.0,41.129,64.0,29.0524,0.0,0.0
20332.0,1.7072,0.0884,1.0,2.5441,350.0053,1.7984,0.7984,2.3763,1.3763,20.4834,1.8193,19.9355,1.7974,100.0,0.0,0.0,0.0,25.0,0.0,26.375,0.0,26.0,0.0,25.25,10.0,0.0,0.0086,53.3184,5.3318,2.0,8.8044,1.3779,0.3031,1.3967,0.154,1.3804,1.004e-05,1.0008,0.0005,2.3603,11.0,0.061,1.0016,0.0847,2.15,0.0839,2.1454,0.0889,2.1706,0.0,0.0,0.0,-0.1549,26.0,25.0,38.0,38.0,13.0,0.0,0.0,0.0,0.0,41.1293,64.0,29.2574,0.0,0.0
20333.0,1.7097,0.0887,1.0,2.544,349.9182,1.7984,0.7984,2.3759,1.3759,20.3789,1.8152,19.9335,1.7973,100.0,0.0,0.0,0.0,25.0,0.0,26.375,0.0,26.125,0.0,25.375,10.0,0.0,0.0082,53.3176,5.3317,2.0,8.9529,1.3808,0.4003,1.4073,0.1636,1.3815,1.004e-05,1.0008,0.0005,2.3594,11.0,0.0567,1.0015,0.0633,2.0234,0.0722,2.0807,0.0764,2.1051,0.0,0.0,0.0,-0.1548,26.0,25.0,38.0,38.0,14.0,0.0,0.0,0.0,0.0,41.1282,64.0,29.4462,0.0,0.0
20334.0,1.7076,0.0885,1.0,2.5438,349.7719,1.7984,0.7984,2.3757,1.3757,20.2902,1.8116,19.9432,1.7977,100.0,0.0,0.0,0.0,25.125,0.0,26.375,0.0,26.125,0.0,25.25,10.0,0.0,0.0079,53.3175,5.3317,2.0,9.0976,1.3836,0.5236,1.4208,0.1628,1.3814,1.003e-05,1.0008,0.0005,2.3581,11.0,0.0572,1.0015,0.0692,2.0617,0.0749,2.0965,0.0797,2.1234,0.0,0.0,0.0,-0.1552,25.0,25.0,38.0,38.0,16.0,0.0,0.0,0.0,0.0,41.1283,64.0,29.6403,0.0,0.0
20335.0,1.7082,0.0885,1.0,2.5439,349.8593,1.7979,0.7979,2.3756,1.3756,20.4038,1.8162,19.955,1.7982,100.0,0.0,0.0,0.0,25.0,0.0,26.375,0.0,26.0,0.0,25.25,10.0,0.0,0.0077,53.3162,5.3316,2.0,9.3714,1.3887,0.5458,1.4232,0.1537,1.3804,1.003e-05,1.0007,0.0005,2.3605,11.0,0.0564,1.0015,0.0608,2.0054,0.0689,2.06,0.0909,2.1805,0.0,0.0,0.0,-0.1549,25.0,25.0,38.0,37.0,15.0,0.0,0.0,0.0,0.0,41.1284,64.0,29.8396,0.0,0.0
20336.0,1.7097,0.0887,1.0,2.5438,349.7931,1.7978,0.7978,2.3758,1.3758,20.5265,1.8211,19.9507,1.798,100.0,0.0,0.0,0.0,25.25,0.0,26.375,0.0,26.125,0.0,25.25,10.0,0.0,0.0082,53.3159,5.3316,2.0,9.3125,1.3876,0.4693,1.4148,0.1655,1.3817,1.003e-05,1.0007,0.0005,2.362,11.0,0.0571,1.0015,0.0577,1.983,0.0682,2.0559,0.0907,2.1795,0.0,0.0,0.0,-0.1549,25.0,25.0,38.0,37.0,12.0,0.0,0.0,0.0,0.0,41.1284,64.0,30.0119,0.0,0.0
20337.0,1.7124,0.089,1.0,2.5435,349.5243,1.7983,0.7983,2.376,1.376,20.5082,1.8203,19.9378,1.7975,100.0,0.0,0.0,0.0,25.125,0.0,26.5,0.0,26.25,0.0,25.375,10.0,0.0,0.0079,53.3154,5.3315,2.0,9.2724,1.3869,0.4952,1.4177,0.1709,1.3823,1.003e-05,1.0008,0.0005,2.361,11.0,0.056,1.0015,0.0544,1.9572,0.0679,2.0538,0.0809,2.13,0.0,0.0,0.0,-0.1544,25.0,25.0,38.0,37.0,13.0,0.0,0.0,0.0,0.0,41.1284,64.0,30.1974,0.0,0.0
20338.0,1.713,0.0891,1.0,2.5436,349.6483,1.7984,0.7984,2.376,1.376,20.4013,1.8161,19.9315,1.7973,100.0,0.0,0.0,0.0,25.125,0.0,26.375,0.0,26.125,0.0,25.25,10.0,0.0,0.008,53.3144,5.3314,2.0,9.2432,1.3863,0.388,1.406,0.1704,1.3822,1.003e-05,1.0007,0.0005,2.3598,11.0,0.0543,1.0014,0.0602,2.0011,0.0625,2.0178,0.0727,2.0832,0.0,0.0,0.0,-0.1547,26.0,25.0,38.0,37.0,14.0,0.0,0.0,0.0,0.0,41.128,64.0,30.3901,0.0,0.0
20339.0,1.7118,0.089,1.0,2.5438,349.7621,1.7984,0.7984,2.3758,1.3758,20.3044,1.8122,19.929,1.7972,100.0,0.0,0.0,0.0,25.125,0.0,26.25,0.0,26.0,0.0,25.25,10.0,0.0,0.0078,53.3139,5.3314,2.0,9.1541,1.3846,0.3467,1.4015,0.1661,1.3818,1.003e-05,1.0008,0.0005,2.3588,11.0,0.0556,1.0015,0.1173,2.2911,0.0714,2.0754,0.0726,2.0827,0.0,0.0,0.0,-0.1547,26.0,25.0,38.0,37.0,15.0,0.0,0.0,0.0,0.0,41.1286,64.0,30.5706,0.0,0.0
20340.0,1.7118,0.089,1.0,2.5436,349.5994,1.798,0.798,2.3756,1.3756,20.3697,1.8148,19.9531,1.7981,100.0,0.0,0.0,0.0,25.125,0.0,26.375,0.0,26.125,0.0,25.25,10.0,0.0,0.0081,53.3131,5.3313,2.0,9.0697,1.383,0.2613,1.3921,0.1709,1.3823,1.003e-05,1.0007,0.0005,2.3627,11.0,0.0566,1.0015,0.099,2.2174,0.063,2.0211,0.0779,2.1135,0.0,0.0,0.0,-0.1549,26.0,25.0,38.0,37.0,15.0,0.0,0.0,0.0,0.0,41.1285,64.0,30.7351,0.0,0.0
20341.0,1.7101,0.0888,1.0,2.544,349.9244,1.7978,0.7978,2.3757,1.3757,20.5199,1.8208,19.9526,1.7981,100.0,0.0,0.0,0.0,25.125,0.0,26.25,0.0,26.0,0.0,25.375,10.0,0.0,0.0073,53.3126,5.3312,2.0,8.9072,1.3799,0.1966,1.3851,0.1795,1.3832,1.004e-05,1.0009,0.0005,2.3621,11.0,0.0614,1.0016,0.103,2.2346,0.0468,1.8922,0.0768,2.1071,0.0,0.0,0.0,-0.1545,26.0,25.0,38.0,37.0,12.0,0.0,0.0,0.0,0.0,41.1289,64.0,30.9013,0.0,0.0
20342.0,1.7085,0.0886,1.0,2.544,349.9352,1.7982,0.7982,2.376,1.376,20.507,1.8203,19.9374,1.7975,100.0,0.0,0.0,0.0,25.125,0.0,26.375,0.0,26.0,0.0,25.25,10.0,0.0,0.0077,53.3119,5.3311,2.0,8.8815,1.3794,0.1277,1.3776,0.1677,1.3819,1.004e-05,1.0009,0.0005,2.3612,11.0,0.0624,1.0017,0.1098,2.2624,0.0581,1.986,0.0838,2.1451,0.0,0.0,0.0,-0.1544,26.0,25.0,38.0,37.0,14.0,0.0,0.0,0.0,0.0,41.1286,64.0,31.1169,0.0,0.0
20343.0,1.7058,0.0882,1.0,2.5439,349.8792,1.7983,0.7983,2.376,1.376,20.4065,1.8163,19.9323,1.7973,100.0,0.0,0.0,0.0,25.125,0.0,26.375,0.0,26.0,0.0,25.375,10.0,0.0,0.0074,53.3108,5.331,2.0,8.6517,1.3748,0.0402,1.368,0.1707,1.3823,1.004e-05,1.001,0.0005,2.36,11.0,0.0613,1.0016,0.1018,2.2298,0.0513,1.932,0.0763,2.1045,0.0,0.0,0.0,-0.1549,25.0,25.0,38.0,37.0,15.0,0.0,0.0,0.0,0.0,41.1286,64.0,31.2876,0.0,0.0
20344.0,1.7041,0.088,1.0,2.5439,349.8432,1.7984,0.7984,2.3758,1.3758,20.2943,1.8118,19.9309,1.7972,100.0,0.0,0.0,0.0,25.0,0.0,26.375,0.0,26.0,0.0,25.25,10.0,0.0,0.0082,53.3103,5.331,2.0,8.6004,1.3738,0.0329,1.3672,0.179,1.3832,1.004e-05,1.001,0.0005,2.359,11.0,0.0607,1.0016,0.0956,2.2024,0.0473,1.8972,0.0731,2.0855,0.0,0.0,0.0,-0.155,25.0,25.0,38.0,37.0,13.0,0.0,0.0,0.0,0.0,41.1299,64.0,31.471,0.0,0.0
20345.0,1.7021,0.0878,1.0,2.544,349.9301,1.7977,0.7977,2.3756,1.3756,20.3476,1.8139,19.9427,1.7977,100.0,0.0,0.0,0.0,25.0,0.0,26.375,0.0,26.125,0.0,25.25,10.0,0.0,0.0081,53.3097,5.3309,2.0,8.5812,1.3734,0.0418,1.3682,0.1867,1.384,1.011e-05,1.0026,0.0005,2.3637,11.0,0.0639,1.0017,0.1092,2.26,0.0486,1.9088,0.0661,2.042,0.0,0.0,0.0,-0.1545,25.0,25.0,38.0,37.0,13.0,0.0,0.0,0.0,0.0,41.1297,64.0,31.656,0.0,0.0
20346.0,1.6992,0.0874,1.0,2.544,349.9496,1.7978,0.7978,2.3753,1.3753,20.5196,1.8208,19.9634,1.7985,100.0,0.0,0.0,0.0,25.125,0.0,26.25,0.0,26.125,0.0,25.25,10.0,0.0,0.0079,53.309,5.3309,2.0,8.6919,1.3756,0.0466,1.3687,0.1858,1.3839,1.013e-05,1.003,0.0005,2.3624,11.0,0.0639,1.0017,0.0864,2.1585,0.0472,1.8955,0.0611,2.008,0.0,0.0,0.0,-0.1545,25.0,25.0,38.0,37.0,14.0,0.0,0.0,0.0,0.0,41.1292,64.0,31.8371,0.0,0.0
20347.0,1.6971,0.0871,1.0,2.5442,350.1245,1.7986,0.7986,2.3753,1.3753,20.5128,1.8205,19.9496,1.798,100.0,0.0,0.0,0.0,25.125,0.0,26.25,0.0,26.0,0.0,25.25,10.0,0.0,0.0079,53.3087,5.3308,2.0,8.6619,1.375,0.0572,1.3699,0.1787,1.3831,1.006e-05,1.0013,0.0005,2.3613,11.0,0.065,1.0017,0.0765,2.1057,0.0431,1.856,0.0659,2.0406,0.0,0.0,0.0,-0.1548,25.0,25.0,38.0,37.0,14.0,0.0,0.0,0.0,0.0,41.1282,64.0,31.9984,0.0,0.0
20348.0,1.6961,0.087,1.0,2.5441,350.0584,1.7984,0.7984,2.3755,1.3755,20.4378,1.8175,19.9423,1.7977,100.0,0.0,0.0,0.0,25.0,0.0,26.25,0.0,26.125,0.0,25.25,10.0,0.0,0.0077,53.3081,5.3308,2.0,8.6157,1.3741,0.0166,1.3654,0.1865,1.384,1.018e-05,1.0041,0.0005,2.3604,11.0,0.0635,1.0017,0.1528,2.4058,0.0406,1.8302,0.076,2.1025,0.0,0.0,0.0,-0.1545,25.0,25.0,38.0,37.0,14.0,0.0,0.0,0.0,0.0,41.1291,64.0,32.2082,0.0,0.0
20349.0,1.6949,0.0869,1.0,2.5443,350.1521,1.7988,0.7988,2.3755,1.3755,20.3375,1.8135,19.9405,1.7976,100.0,0.0,0.0,0.0,25.125,0.0,26.25,0.0,26.125,0.0,25.125,10.0,0.0,0.0081,53.3077,5.3307,2.0,8.6093,1.374,0.0566,1.3698,0.1958,1.385,1.03e-05,1.0068,0.0005,2.3649,11.0,0.0675,1.0018,0.1324,2.3436,0.0403,1.827,0.074,2.0911,0.0,0.0,0.0,-0.1547,25.0,25.0,38.0,37.0,13.0,0.0,0.0,0.0,0.0,41.1285,64.0,32.3669,0.0,0.0
20350.0,1.696,0.087,1.0,2.5444,350.2511,1.7981,0.7981,2.3752,1.3752,20.3344,1.8134,19.9572,1.7983,100.0,0.0,0.0,0.0,25.125,0.0,26.375,0.0,26.125,0.0,25.25,10.0,0.0,0.0078,53.3069,5.3307,2.0,8.789,1.3776,0.1297,1.3778,0.2004,1.3855,1.037e-05,1.0085,0.0005,2.3635,11.0,0.0644,1.0017,0.1217,2.3073,0.0321,1.7284,0.0629,2.0208,0.0,0.0,0.0,-0.1549,25.0,25.0,38.0,37.0,13.0,0.0,0.0,0.0,0.0,41.1285,64.0,32.5217,0.0,0.0
20351.0,1.696,0.087,1.0,2.5444,350.2682,1.7979,0.7979,2.3752,1.3752,20.4892,1.8196,19.9579,1.7983,100.0,0.0,0.0,0.0,25.0,0.0,26.375,0.0,26.0,0.0,25.25,10.0,0.0,0.0081,53.3063,5.3306,2.0,8.7702,1.3772,0.0839,1.3728,0.196,1.385,1.033e-05,1.0076,0.0005,2.3623,11.0,0.0663,1.0018,0.133,2.3457,0.0313,1.7171,0.0702,2.0682,0.0,0.0,0.0,-0.1549,25.0,25.0,38.0,37.0,14.0,0.0,0.0,0.0,0.0,41.1288,64.0,32.7446,0.0,0.0
20352.0,1.6966,0.0871,1.0,2.5444,350.2797,1.7981,0.7981,2.3756,1.3756,20.5132,1.8205,19.9412,1.7976,100.0,0.0,0.0,0.0,25.125,0.0,26.375,0.0,26.125,0.0,25.25,10.0,0.0,0.0077,53.3059,5.3305,2.0,8.7566,1.3769,0.0918,1.3736,0.1923,1.3846,1.033e-05,1.0074,0.0005,2.3638,11.0,0.0637,1.0017,0.1256,2.3209,0.0296,1.6928,0.0591,1.9936,0.0,0.0,0.0,-0.1545,25.0,25.0,38.0,37.0,13.0,0.0,0.0,0.0,0.0,41.1288,64.0,32.8944,0.0,0.0
20353.0,1.6994,0.0874,1.0,2.5442,350.1331,1.7984,0.7984,2.3755,1.3755,20.4473,1.8179,19.9341,1.7974,100.0,0.0,0.0,0.0,25.25,0.0,26.25,0.0,26.0,0.0,25.25,10.0,0.0,0.0081,53.3054,5.3305,2.0,8.8752,1.3793,0.1549,1.3805,0.1935,1.3847,1.043e-05,1.0098,0.0005,2.3656,11.0,0.0632,1.0017,0.132,2.3424,0.0332,1.7431,0.0556,1.9671,0.0,0.0,0.0,-0.1545,25.0,25.0,38.0,37.0,14.0,0.0,0.0,0.0,0.0,41.1288,64.0,33.0932,0.0,0.0
20354.0,1.7036,0.088,1.0,2.5443,350.198,1.7984,0.7984,2.3755,1.3755,20.3247,1.813,19.9318,1.7973,100.0,0.0,0.0,0.0,25.0,0.0,26.375,0.0,26.125,0.0,25.25,10.0,0.0,0.0081,53.3046,5.3304,2.0,8.8777,1.3793,0.179,1.3832,0.2003,1.3855,1.053e-05,1.0119,0.0005,2.3643,11.0,0.0582,1.0016,0.1898,2.5003,0.0315,1.7205,0.0585,1.9891,0.0,0.0,0.0,-0.1545,25.0,25.0,38.0,37.0,13.0,0.0,0.0,0.0,0.0,41.1293,64.0,33.27,0.0,0.0
20355.0,1.7063,0.0883,1.0,2.5443,350.1968,1.798,0.798,2.3753,1.3753,20.2896,1.8116,19.9428,1.7977,100.0,0.0,0.0,0.0,25.125,0.0,26.25,0.0,26.0,0.0,25.25,10.0,0.0,0.0079,53.3044,5.3304,2.0,8.9626,1.381,0.1817,1.3835,0.2079,1.3863,1.064e-05,1.0143,0.0005,2.363,11.0,0.057,1.0015,0.1628,2.4334,0.0285,1.6774,0.0541,1.9552,0.0,0.0,0.0,-0.1546,25.0,25.0,38.0,37.0,13.0,0.0,0.0,0.0,0.0,41.1284,64.0,33.4554,0.0,0.0
20356.0,1.7096,0.0887,1.0,2.5441,349.9967,1.7974,0.7974,2.3755,1.3755,20.4757,1.819,19.9491,1.798,100.0,0.0,0.0,0.0,25.0,0.0,26.25,0.0,26.375,0.0,25.25,10.0,0.0,0.0079,53.303,5.3302,2.0,8.9717,1.3812,0.1843,1.3837,0.2127,1.3868,1.072e-05,1.0162,0.0005,2.367,11.0,0.0575,1.0015,0.1573,2.4186,0.0273,1.6575,0.0589,1.9917,0.0,0.0,0.0,-0.1549,25.0,25.0,38.0,37.0,14.0,0.0,0.0,0.0,0.0,41.1287,64.0,33.6215,0.0,0.0
20357.0,1.7107,0.0888,1.0,2.544,349.9813,1.798,0.798,2.376,1.376,20.5399,1.8216,19.9428,1.7977,100.0,0.0,0.0,0.0,25.0,0.0,26.25,0.0,26.0,0.0,25.25,10.0,0.0,0.008,53.3024,5.3302,2.0,9.0889,1.3834,0.257,1.3917,0.2138,1.387,1.075e-05,1.0167,0.0005,2.366,11.0,0.0574,1.0015,0.1669,2.4444,0.1329,2.3454,0.0699,2.0663,0.0,0.0,0.0,-0.1547,25.0,25.0,38.0,37.0,12.0,0.0,0.0,0.0,0.0,41.1289,64.0,33.8181,0.0,0.0
20358.0,1.7104,0.0888,1.0,2.544,349.9119,1.7983,0.7983,2.3756,1.3756,20.4782,1.8191,19.9362,1.7974,100.0,0.0,0.0,0.0,25.0,0.0,26.375,0.0,26.0,0.0,25.25,10.0,0.0,0.008,53.302,5.3302,2.0,9.1969,1.3855,0.2969,1.396,0.2102,1.3866,1.072e-05,1.0161,0.0005,2.365,11.0,0.0571,1.0015,0.1512,2.4013,0.1435,2.3785,0.0665,2.0447,0.0,0.0,0.0,-0.1545,25.0,25.0,38.0,37.0,12.0,0.0,0.0,0.0,0.0,41.1287,64.0,34.0066,0.0,0.0
20359.0,1.715,0.0894,1.0,2.5434,349.485,1.7983,0.7983,2.3755,1.3755,20.3454,1.8138,19.9384,1.7975,100.0,0.0,0.0,0.0,25.0,0.0,26.25,0.0,26.0,0.0,25.25,10.0,0.0,0.0076,53.301,5.33,2.0,9.218,1.3859,0.2736,1.3935,0.2125,1.3868,1.078e-05,1.0175,0.0005,2.3635,11.0,0.0557,1.0015,0.13,2.3356,0.117,2.29,0.0782,2.1152,0.0,0.0,0.0,-0.1549,25.0,25.0,38.0,37.0,14.0,0.0,0.0,0.0,0.0,41.1287,64.0,34.1804,0.0,0.0
20360.0,1.7134,0.0892,1.0,2.5437,349.7199,1.7984,0.7984,2.3753,1.3753,20.2986,1.8119,19.9387,1.7975,100.0,0.0,0.0,0.0,25.0,0.0,26.375,0.0,26.0,0.0,25.25,10.0,0.0,0.008,53.3004,5.33,2.0,9.302,1.3874,0.3324,1.3999,0.2158,1.3872,1.089e-05,1.0198,0.0005,2.3678,11.0,0.0549,1.0015,0.1977,2.5178,0.1206,2.3033,0.0706,2.0708,0.0,0.0,0.0,-0.1549,25.0,25.0,38.0,37.0,13.0,0.0,0.0,0.0,0.0,41.1287,64.0,34.3496,0.0,0.0
20361.0,1.7146,0.0893,1.0,2.5437,349.7191,1.7978,0.7978,2.3752,1.3752,20.4394,1.8176,19.9578,1.7983,100.0,0.0,0.0,0.0,25.125,0.0,26.25,0.0,26.0,0.0,25.25,10.0,0.0,0.0081,53.3,5.33,2.0,9.3688,1.3887,0.2936,1.3957,0.2172,1.3873,1.098e-05,1.0217,0.0005,2.3666,11.0,0.0565,1.0015,0.1987,2.52,0.1081,2.2555,0.0813,2.1321,0.0,0.0,0.0,-0.1549,25.0,25.0,38.0,37.0,15.0,0.0,0.0,0.0,0.0,41.1287,64.0,34.5468,0.0,0.0
20362.0,1.7171,0.0896,1.0,2.5438,349.7967,1.7979,0.7979,2.3756,1.3756,20.531,1.8212,19.9451,1.7978,100.0,0.0,0.0,0.0,25.0,0.0,26.25,0.0,26.125,0.0,25.25,10.0,0.0,0.008,53.2994,5.3299,2.0,9.3938,1.3891,0.2986,1.3962,0.2234,1.388,1.107e-05,1.0237,0.0005,2.3652,11.0,0.0593,1.0016,0.2061,2.5358,0.1146,2.281,0.0821,2.1365,0.0,0.0,0.0,-0.1549,25.0,25.0,38.0,37.0,14.0,0.0,0.0,0.0,0.0,41.1286,64.0,34.7,0.0,0.0
20363.0,1.7122,0.089,1.0,2.5441,349.9861,1.7984,0.7984,2.3756,1.3756,20.4754,1.819,19.9359,1.7974,100.0,0.0,0.0,0.0,25.0,0.0,26.25,0.0,26.0,0.0,25.25,10.0,0.0,0.0079,53.2989,5.3299,2.0,9.2513,1.3865,0.2096,1.3865,0.231,1.3888,1.117e-05,1.0257,0.0005,2.3647,11.0,0.0648,1.0017,0.1632,2.4346,0.1144,2.2803,0.0802,2.126,0.0,0.0,0.0,-0.1551,25.0,25.0,38.0,37.0,14.0,0.0,0.0,0.0,0.0,41.1285,64.0,34.8874,0.0,0.0
20364.0,1.7087,0.0886,1.0,2.5441,350.0507,1.7988,0.7988,2.3752,1.3752,20.3901,1.8156,19.9429,1.7977,100.0,0.0,0.0,0.0,25.125,0.0,26.375,0.0,26.125,0.0,25.25,10.0,0.0,0.0074,53.2982,5.3298,2.0,9.0778,1.3832,0.1145,1.3761,0.2373,1.3895,1.127e-05,1.0277,0.0005,2.3686,11.0,0.0655,1.0017,0.1233,2.3129,0.0947,2.1983,0.0693,2.0625,0.0,0.0,0.0,-0.1547,25.0,25.0,38.0,37.0,13.0,0.0,0.0,0.0,0.0,41.1288,64.0,35.0916,0.0,0.0
20365.0,1.7075,0.0884,1.0,2.5441,350.0627,1.7987,0.7987,2.3749,1.3749,20.3012,1.812,19.9462,1.7978,100.0,0.0,0.0,0.0,25.125,0.0,26.375,0.0,26.0,0.0,25.25,10.0,0.0,0.0087,53.2974,5.3298,2.0,8.9164,1.3801,0.057,1.3699,0.2412,1.3899,1.135e-05,1.0295,0.0005,2.367,11.0,0.0638,1.0017,0.1525,2.405,0.0807,2.1285,0.0593,1.995,0.0,0.0,0.0,-0.1546,25.0,25.0,38.0,37.0,12.0,0.0,0.0,0.0,0.0,41.1292,64.0,35.3027,0.0,0.0
20366.0,1.7054,0.0882,1.0,2.5442,350.1336,1.7979,0.7979,2.3752,1.3752,20.4209,1.8168,19.9569,1.7983,100.0,0.0,0.0,0.0,25.125,0.0,26.25,0.0,26.0,0.0,25.25,10.0,0.0,0.0083,53.2969,5.3297,2.0,8.9082,1.3799,0.0422,1.3682,0.2448,1.3903,1.145e-05,1.0314,0.0005,2.3657,11.0,0.0651,1.0017,0.1451,2.3835,0.0811,2.1308,0.0592,1.9943,0.0,0.0,0.0,-0.1545,25.0,25.0,38.0,37.0,14.0,0.0,0.0,0.0,0.0,41.1292,64.0,35.4617,0.0,0.0
20367.0,1.7003,0.0875,1.0,2.5441,350.0627,1.7979,0.7979,2.3755,1.3755,20.5308,1.8212,19.9474,1.7979,100.0,0.0,0.0,0.0,25.125,0.0,26.25,0.0,26.0,0.0,25.25,10.0,0.0,0.0077,53.2963,5.3296,2.0,8.8013,1.3778,0.0308,1.367,0.2491,1.3908,1.152e-05,1.0329,0.0005,2.37,11.0,0.0663,1.0018,0.1241,2.3157,0.0857,2.1549,0.0858,2.1552,0.0,0.0,0.0,-0.1546,26.0,25.0,38.0,37.0,14.0,0.0,0.0,0.0,0.0,41.1288,64.0,35.6489,0.0,0.0
20368.0,1.701,0.0876,1.0,2.5442,350.1259,1.7983,0.7983,2.3756,1.3756,20.4986,1.8199,19.9455,1.7978,100.0,0.0,0.0,0.0,25.125,0.0,26.375,0.0,26.125,0.0,25.25,10.0,0.0,0.0087,53.2959,5.3296,2.0,8.9849,1.3814,0.1016,1.3747,0.2487,1.3908,1.154e-05,1.0332,0.0005,2.3687,11.0,0.0647,1.0017,0.1189,2.2971,0.0839,2.1456,0.075,2.0967,0.0,0.0,0.0,-0.1546,26.0,25.0,38.0,37.0,13.0,0.0,0.0,0.0,0.0,41.1285,64.0,35.874,0.0,0.0
20369.0,1.7004,0.0875,1.0,2.5441,350.0551,1.7984,0.7984,2.3752,1.3752,20.3796,1.8152,19.9318,1.7973,100.0,0.0,0.0,0.0,25.125,0.0,26.375,0.0,26.0,0.0,25.25,10.0,0.0,0.0081,53.2952,5.3294,2.0,8.9922,1.3815,0.0741,1.3717,0.2509,1.391,1.162e-05,1.0349,0.0005,2.3672,11.0,0.0652,1.0017,0.1139,2.2783,0.0733,2.0869,0.0686,2.0581,0.0,0.0,0.0,-0.155,26.0,25.0,38.0,37.0,14.0,0.0,0.0,0.0,0.0,41.1289,64.0,36.0535,0.0,0.0
20370.0,1.7005,0.0876,1.0,2.5443,350.1838,1.7985,0.7985,2.3753,1.3753,20.2935,1.8117,19.9305,1.7972,100.0,0.0,0.0,0.0,25.125,0.0,26.375,0.0,26.0,0.0,25.125,10.0,0.0,0.0079,53.2944,5.3294,2.0,9.0434,1.3825,0.1043,1.375,0.2475,1.3906,1.159e-05,1.0342,0.0005,2.366,11.0,0.0659,1.0018,0.1341,2.3494,0.0701,2.0676,0.0801,2.1257,0.0,0.0,0.0,-0.1549,26.0,25.0,38.0,37.0,13.0,0.0,0.0,0.0,0.0,41.1289,64.0,36.2113,0.0,0.0
20371.0,1.7025,0.0878,1.0,2.5441,349.9972,1.798,0.798,2.3752,1.3752,20.3641,1.8146,19.9594,1.7984,100.0,0.0,0.0,0.0,25.125,0.0,26.375,0.0,26.125,0.0,25.25,10.0,0.0,0.0086,53.294,5.3294,2.0,9.0168,1.382,0.0591,1.3701,0.2523,1.3912,1.169e-05,1.0363,0.0005,2.3704,11.0,0.0648,1.0017,0.1069,2.2508,0.0685,2.0574,0.0753,2.0988,0.0,0.0,0.0,-0.1546,26.0,25.0,38.0,37.0,14.0,0.0,0.0,0.0,0.0,41.1288,64.0,36.3979,0.0,0.0
20372.0,1.7048,0.0881,1.0,2.5442,350.0755,1.7978,0.7978,2.3753,1.3753,20.5247,1.821,19.9587,1.7983,100.0,0.0,0.0,0.0,25.125,0.0,26.375,0.0,26.0,0.0,25.25,10.0,0.0,0.0082,53.2931,5.3293,2.0,8.9737,1.3812,0.1226,1.377,0.2603,1.392,1.184e-05,1.0391,0.0005,2.3687,11.0,0.0646,1.0017,0.095,2.1994,0.0706,2.0707,0.0722,2.0803,0.0,0.0,0.0,-0.1547,25.0,25.0,38.0,37.0,14.0,0.0,0.0,0.0,0.0,41.1285,64.0,36.5832,0.0,0.0
20373.0,1.7044,0.0881,1.0,2.5442,350.0735,1.7987,0.7987,2.3752,1.3752,20.4936,1.8197,19.9469,1.7979,100.0,0.0,0.0,0.0,25.125,0.0,26.375,0.0,26.125,0.0,25.25,10.0,0.0,0.0073,53.2926,5.3292,2.0,9.1532,1.3846,0.1507,1.3801,0.2672,1.3928,1.199e-05,1.0422,0.0005,2.3672,11.0,0.0626,1.0017,0.1807,2.4787,0.0662,2.0426,0.0663,2.0432,0.0,0.0,0.0,-0.1548,25.0,25.0,38.0,37.0,13.0,0.0,0.0,0.0,0.0,41.1288,64.0,36.7761,0.0,0.0
20374.0,1.7033,0.0879,1.0,2.5442,350.0937,1.7988,0.7988,2.3751,1.3751,20.4174,1.8167,19.9431,1.7977,100.0,0.0,0.0,0.0,25.125,0.0,26.375,0.0,26.125,0.0,25.125,10.0,0.0,0.0079,53.2921,5.3292,2.0,9.1718,1.385,0.169,1.3821,0.2664,1.3927,1.2e-05,1.0423,0.0005,2.3716,11.0,0.0607,1.0016,0.1716,2.4563,0.0545,1.9584,0.0555,1.9663,0.0,0.0,0.0,-0.1545,25.0,25.0,38.0,37.0,14.0,0.0,0.0,0.0,0.0,41.1287,64.0,36.9472,0.0,0.0
20375.0,1.7033,0.0879,1.0,2.5443,350.1495,1.7985,0.7985,2.375,1.375,20.3041,1.8122,19.9412,1.7976,100.0,0.0,0.0,0.0,25.125,0.0,26.375,0.0,26.125,0.0,25.375,10.0,0.0,0.0079,53.2914,5.3291,2.0,9.3557,1.3884,0.2709,1.3932,0.2697,1.3931,1.211e-05,1.0445,0.0005,2.37,11.0,0.0582,1.0016,0.1572,2.4183,0.0519,1.9371,0.0679,2.0535,0.0,0.0,0.0,-0.1549,25.0,25.0,38.0,37.0,14.0,0.0,0.0,0.0,0.0,41.1289,64.0,37.1186,0.0,0.0
20376.0,1.7044,0.088,1.0,2.5444,350.2283,1.7979,0.7979,2.3748,1.3748,20.403,1.8161,19.9643,1.7986,100.0,0.0,0.0,0.0,25.125,0.0,26.375,0.0,26.0,0.0,25.25,10.0,0.0,0.0077,53.2909,5.3291,2.0,9.8767,1.3978,0.5717,1.426,0.2765,1.3938,1.225e-05,1.0472,0.0005,2.3683,11.0,0.0612,1.0016,0.135,2.3522,0.0531,1.9471,0.0665,2.0443,0.0,0.0,0.0,-0.1548,26.0,25.0,38.0,37.0,13.0,0.0,0.0,0.0,0.0,41.1291,64.0,37.3266,0.0,0.0
20377.0,1.7073,0.0884,1.0,2.5442,350.1024,1.7978,0.7978,2.375,1.375,20.5365,1.8215,19.9503,1.798,100.0,0.0,0.0,0.0,25.125,0.0,26.25,0.0,26.0,0.0,25.25,10.0,0.0,0.0077,53.2902,5.329,2.0,10.2142,1.4037,0.6439,1.4339,0.2791,1.3941,1.233e-05,1.0487,0.0005,2.3726,11.0,0.0615,1.0016,0.1557,2.4141,0.044,1.8651,0.0628,2.02,0.0,0.0,0.0,-0.1546,26.0,25.0,38.0,37.0,15.0,0.0,0.0,0.0,0.0,41.1283,64.0,37.5311,0.0,0.0
20378.0,1.7065,0.0883,1.0,2.5441,349.9873,1.7983,0.7983,2.3752,1.3752,20.5174,1.8207,19.9378,1.7975,100.0,0.0,0.0,0.0,25.0,0.0,26.375,0.0,26.0,0.0,25.25,10.0,0.0,0.0077,53.2897,5.3289,2.0,10.5302,1.409,0.8653,1.458,0.2844,1.3947,1.244e-05,1.0507,0.0005,2.3711,11.0,0.0634,1.0017,0.2028,2.5289,0.0501,1.9218,0.0571,1.9784,0.0,0.0,0.0,-0.1547,26.0,25.0,38.0,37.0,13.0,0.0,0.0,0.0,0.0,41.1288,64.0,37.7079,0.0,0.0
20379.0,1.704,0.088,1.0,2.5441,350.0476,1.7983,0.7983,2.3755,1.3755,20.4197,1.8168,19.933,1.7973,100.0,0.0,0.0,0.0,25.125,0.0,26.375,0.0,26.125,0.0,25.25,10.0,0.0,0.0075,53.2889,5.3288,2.0,10.8945,1.4149,0.8726,1.4588,0.2811,1.3943,1.245e-05,1.0508,0.0005,2.3695,11.0,0.0639,1.0017,0.1785,2.4736,0.0475,1.8982,0.0555,1.9659,0.0,0.0,0.0,-0.1548,26.0,25.0,38.0,37.0,14.0,0.0,0.0,0.0,0.0,41.1291,64.0,37.8971,0.0,0.0
20380.0,1.7013,0.0877,1.0,2.5442,350.1319,1.7984,0.7984,2.3753,1.3753,20.3041,1.8122,19.9298,1.7972,100.0,0.0,0.0,0.0,25.125,0.0,26.375,0.0,26.0,0.0,25.25,10.0,0.0,0.0084,53.2885,5.3288,2.0,10.9264,1.4154,0.8341,1.4546,0.2896,1.3952,1.259e-05,1.0535,0.0005,2.3731,11.0,0.064,1.0017,0.1874,2.4947,0.0395,1.818,0.05,1.9212,0.0,0.0,0.0,-0.1547,26.0,25.0,38.0,37.0,13.0,0.0,0.0,0.0,0.0,41.1284,64.0,38.0741,0.0,0.0
20381.0,1.7005,0.0876,1.0,2.5443,350.1656,1.798,0.798,2.3751,1.3751,20.3464,1.8139,19.9503,1.798,100.0,0.0,0.0,0.0,25.125,0.0,26.25,0.0,26.125,0.0,25.25,10.0,0.0,0.0082,53.288,5.3288,2.0,10.9503,1.4158,0.8072,1.4517,0.293,1.3956,1.271e-05,1.0557,0.0005,2.3723,11.0,0.0636,1.0017,0.1436,2.3791,0.0371,1.7911,0.0492,1.9142,0.0,0.0,0.0,-0.1544,26.0,25.0,38.0,37.0,13.0,0.0,0.0,0.0,0.0,41.1283,64.0,38.2587,0.0,0.0
20382.0,1.6985,0.0873,1.0,2.5441,350.0452,1.7977,0.7977,2.3752,1.3752,20.5001,1.82,19.9549,1.7982,100.0,0.0,0.0,0.0,25.125,0.0,26.25,0.0,26.125,0.0,25.125,10.0,0.0,0.0079,53.2876,5.3287,2.0,10.8196,1.4137,0.7266,1.4429,0.298,1.3961,1.281e-05,1.0575,0.0005,2.3707,11.0,0.0601,1.0016,0.1818,2.4815,0.0379,1.8007,0.0502,1.9223,0.0,0.0,0.0,-0.1546,26.0,25.0,38.0,37.0,12.0,0.0,0.0,0.0,0.0,41.1298,64.0,38.4476,0.0,0.0
20383.0,1.696,0.087,1.0,2.5443,350.198,1.7981,0.7981,2.3752,1.3752,20.5241,1.821,19.9421,1.7977,100.0,0.0,0.0,0.0,25.125,0.0,26.25,0.0,26.0,0.0,25.25,10.0,0.0,0.0071,53.2867,5.3286,2.0,10.8925,1.4149,0.6956,1.4395,0.2988,1.3962,1.286e-05,1.0585,0.0005,2.3692,11.0,0.0627,1.0017,0.1572,2.4182,0.0339,1.7518,0.0451,1.8761,0.0,0.0,0.0,-0.1546,26.0,25.0,38.0,37.0,14.0,0.0,0.0,0.0,0.0,41.1293,64.0,38.6354,0.0,0.0
20384.0,1.696,0.087,1.0,2.5441,350.0142,1.7988,0.7988,2.3751,1.3751,20.438,1.8175,19.9447,1.7978,100.0,0.0,0.0,0.0,25.0,0.0,26.375,0.0,26.0,0.0,25.25,10.0,0.0,0.0075,53.2861,5.3286,2.0,10.6919,1.4116,0.5888,1.4279,0.2994,1.3963,1.296e-05,1.0602,0.0005,2.373,11.0,0.0588,1.0016,0.2391,2.6003,0.0326,1.735,0.042,1.8449,0.0,0.0,0.0,-0.1548,25.0,25.0,38.0,37.0,15.0,0.0,0.0,0.0,0.0,41.1286,64.0,38.8178,0.0,0.0
20385.0,1.696,0.087,1.0,2.5439,349.8929,1.7985,0.7985,2.3751,1.3751,20.3133,1.8125,19.9301,1.7972,100.0,0.0,0.0,0.0,25.0,0.0,26.25,0.0,26.0,0.0,25.25,10.0,0.0,0.0081,53.2858,5.3286,2.0,10.7916,1.4132,0.6271,1.432,0.2979,1.3961,1.301e-05,1.0611,0.0005,2.3715,11.0,0.0563,1.0015,0.2264,2.5768,0.0314,1.7188,0.0463,1.8877,0.0,0.0,0.0,-0.1545,25.0,25.0,38.0,37.0,13.0,0.0,0.0,0.0,0.0,41.1289,64.0,38.964,0.0,0.0
20386.0,1.697,0.0871,1.0,2.544,349.9513,1.7983,0.7983,2.3753,1.3753,20.3197,1.8128,19.945,1.7978,100.0,0.0,0.0,0.0,25.125,0.0,26.375,0.0,26.0,0.0,25.25,10.0,0.0,0.0079,53.2851,5.3285,2.0,11.0514,1.4174,0.6736,1.4371,0.2999,1.3963,1.31e-05,1.0628,0.0005,2.3725,11.0,0.0564,1.0015,0.2225,2.5693,0.0284,1.675,0.0419,1.8442,0.0,0.0,0.0,-0.1548,25.0,25.0,38.0,37.0,14.0,0.0,0.0,0.0,0.0,41.128,64.0,39.1729,0.0,0.0
20387.0,1.6944,0.0868,1.0,2.5439,349.8735,1.7978,0.7978,2.3751,1.3751,20.4884,1.8195,19.9578,1.7983,100.0,0.0,0.0,0.0,25.125,0.0,26.375,0.0,26.125,0.0,25.25,10.0,0.0,0.0079,53.2848,5.3285,2.0,11.066,1.4176,0.6513,1.4347,0.3017,1.3966,1.315e-05,1.0636,0.0005,2.3742,11.0,0.0569,1.0015,0.1993,2.5215,0.031,1.7132,0.0405,1.8295,0.0,0.0,0.0,-0.1549,25.0,25.0,38.0,37.0,13.0,0.0,0.0,0.0,0.0,41.1292,64.0,39.333,0.0,0.0
20388.0,1.6984,0.0873,1.0,2.5442,350.1002,1.7981,0.7981,2.3752,1.3752,20.5157,1.8206,19.942,1.7977,100.0,0.0,0.0,0.0,25.125,0.0,26.25,0.0,26.25,0.0,25.25,10.0,0.0,0.0081,53.2841,5.3284,2.0,11.0756,1.4177,0.617,1.4309,0.3047,1.3969,1.323e-05,1.0651,0.0005,2.3726,11.0,0.0581,1.0015,0.1964,2.5149,0.0312,1.7156,0.0401,1.8255,0.0,0.0,0.0,-0.1549,25.0,25.0,38.0,37.0,14.0,0.0,0.0,0.0,0.0,41.1299,64.0,39.5461,0.0,0.0
20389.0,1.7042,0.088,1.0,2.5443,350.1771,1.7985,0.7985,2.3752,1.3752,20.4393,1.8176,19.935,1.7974,100.0,0.0,0.0,0.0,25.125,0.0,26.375,0.0,26.0,0.0,25.25,10.0,0.0,0.0083,53.2837,5.3284,2.0,11.0191,1.4169,0.5393,1.4225,0.3117,1.3976,1.336e-05,1.0674,0.0005,2.3721,11.0,0.0593,1.0016,0.2524,2.6239,0.0276,1.6629,0.0396,1.8191,0.0,0.0,0.0,-0.1548,25.0,25.0,38.0,37.0,13.0,0.0,0.0,0.0,0.0,41.1287,64.0,39.7231,0.0,0.0
20390.0,1.7063,0.0883,1.0,2.5444,350.2677,1.7984,0.7984,2.3751,1.3751,20.3265,1.8131,19.9311,1.7972,100.0,0.0,0.0,0.0,25.125,0.0,26.375,0.0,26.125,0.0,25.125,10.0,0.0,0.009,53.2829,5.3282,2.0,11.1226,1.4185,0.613,1.4305,0.3257,1.3992,1.359e-05,1.0712,0.0005,2.3751,11.0,0.0617,1.0016,0.2225,2.5692,0.0292,1.6872,0.0355,1.7717,0.0,0.0,0.0,-0.1546,25.0,25.0,38.0,37.0,15.0,0.0,0.0,0.0,0.0,41.1286,64.0,39.9093,0.0,0.0
20391.0,1.7094,0.0887,1.0,2.5441,349.9864,1.7983,0.7983,2.3748,1.3748,20.3092,1.8124,19.9522,1.7981,100.0,0.0,0.0,0.0,25.125,0.0,26.25,0.0,26.125,0.0,25.25,10.0,0.0,0.0079,53.2823,5.3282,2.0,11.1335,1.4187,0.6369,1.4331,0.3245,1.399,1.367e-05,1.0726,0.0005,2.3733,11.0,0.0579,1.0015,0.2348,2.5925,0.0248,1.6158,0.034,1.7531,0.0,0.0,0.0,-0.1543,25.0,25.0,38.0,37.0,13.0,0.0,0.0,0.0,0.0,41.1278,64.0,40.0793,0.0,0.0
20392.0,1.7117,0.089,1.0,2.5442,350.1007,1.7978,0.7978,2.3747,1.3747,20.4737,1.8189,19.9606,1.7984,100.0,0.0,0.0,0.0,25.125,0.0,26.25,0.0,26.125,0.0,25.25,10.0,0.0,0.0079,53.2819,5.3282,2.0,11.5312,1.4247,0.7224,1.4424,0.325,1.3991,1.375e-05,1.074,0.0005,2.3766,11.0,0.0605,1.0016,0.1894,2.4993,0.1578,2.42,0.0514,1.9328,0.0,0.0,0.0,-0.1547,25.0,25.0,38.0,37.0,12.0,0.0,0.0,0.0,0.0,41.1285,64.0,40.2689,0.0,0.0
20393.0,1.7108,0.0888,1.0,2.5442,350.1273,1.7979,0.7979,2.3751,1.3751,20.5349,1.8214,19.9467,1.7979,100.0,0.0,0.0,0.0,25.125,0.0,26.25,0.0,26.0,0.0,25.25,10.0,0.0,0.008,53.2812,5.3281,2.0,11.5021,1.4243,0.6852,1.4384,0.3292,1.3995,1.386e-05,1.0758,0.0005,2.3759,11.0,0.0639,1.0017,0.1995,2.5219,0.1328,2.345,0.043,1.8552,0.0,0.0,0.0,-0.1547,25.0,25.0,38.0,37.0,13.0,0.0,0.0,0.0,0.0,41.1288,64.0,40.4549,0.0,0.0
20394.0,1.7096,0.0887,1.0,2.5443,350.1682,1.7984,0.7984,2.3749,1.3749,20.4678,1.8187,19.9433,1.7977,100.0,0.0,0.0,0.0,25.125,0.0,26.375,0.0,26.0,0.0,25.25,10.0,0.0,0.0083,53.2802,5.328,2.0,11.5917,1.4257,0.6379,1.4332,0.3309,1.3997,1.391e-05,1.0766,0.0005,2.3741,11.0,0.0671,1.0018,0.2017,2.5265,0.1272,2.3264,0.0472,1.8961,0.0,0.0,0.0,-0.1544,25.0,25.0,38.0,37.0,13.0,0.0,0.0,0.0,0.0,41.1286,64.0,40.6334,0.0,0.0
20395.0,1.7075,0.0884,1.0,2.5442,350.1144,1.7988,0.7988,2.3749,1.3749,20.3806,1.8152,19.9436,1.7977,100.0,0.0,0.0,0.0,25.125,0.0,26.375,0.0,26.0,0.0,25.25,10.0,0.0,0.0088,53.2798,5.328,2.0,11.5677,1.4253,0.6161,1.4308,0.3361,1.4003,1.399e-05,1.078,0.0005,2.378,11.0,0.0636,1.0017,0.1872,2.4942,0.121,2.3048,0.0382,1.8042,0.0,0.0,0.0,-0.1545,25.0,25.0,38.0,37.0,14.0,0.0,0.0,0.0,0.0,41.1285,64.0,40.8235,0.0,0.0
20396.0,1.7085,0.0886,1.0,2.5443,350.1807,1.7987,0.7987,2.3748,1.3748,20.295,1.8118,19.9474,1.7979,100.0,0.0,0.0,0.0,25.125,0.0,26.25,0.0,26.0,0.0,25.25,10.0,0.0,0.0079,53.2792,5.3279,2.0,11.5528,1.4251,0.5482,1.4234,0.3436,1.4011,1.42e-05,1.0815,0.0005,2.3761,11.0,0.058,1.0015,0.1533,2.4074,0.1076,2.2538,0.0414,1.8384,0.0,0.0,0.0,-0.1549,25.0,25.0,38.0,37.0,13.0,0.0,0.0,0.0,0.0,41.1279,64.0,40.9682,0.0,0.0
20397.0,1.7094,0.0887,1.0,2.5443,350.1523,1.7982,0.7982,2.3744,1.3744,20.4261,1.817,19.9654,1.7986,100.0,0.0,0.0,0.0,25.25,0.0,26.5,0.0,26.0,0.0,25.25,10.0,0.0,0.008,53.2784,5.3278,2.0,11.5024,1.4243,0.563,1.4251,0.3457,1.4013,1.433e-05,1.0835,0.0005,2.3744,11.0,0.0606,1.0016,0.158,2.4206,0.2353,2.5935,0.0367,1.7868,0.0,0.0,0.0,-0.1549,25.0,25.0,38.0,37.0,13.0,0.0,0.0,0.0,0.0,41.1278,0.0,41.1646,0.0,0.0
20398.0,1.7126,0.0891,1.0,2.5441,350.0351,1.7983,0.7983,2.375,1.375,20.5312,1.8212,19.9568,1.7983,100.0,0.0,0.0,0.0,25.125,0.0,26.25,0.0,26.0,0.0,25.25,10.0,0.0,0.0078,53.2779,5.3278,2.0,11.5489,1.425,0.5586,1.4246,0.3425,1.401,1.44e-05,1.0846,0.0005,2.3785,11.0,0.0618,1.0016,0.144,2.3802,0.1862,2.4919,0.0354,1.7708,0.0,0.0,0.0,-0.155,25.0,25.0,38.0,37.0,14.0,0.0,0.0,0.0,0.0,41.1287,0.0,41.1836,0.0,0.0
20399.0,1.7107,0.0888,1.0,2.5444,350.2643,1.7987,0.7987,2.3748,1.3748,20.4774,1.8191,19.9458,1.7978,100.0,0.0,0.0,0.0,25.125,0.0,26.375,0.0,26.0,0.0,25.25,10.0,0.0,0.0078,53.2775,5.3277,2.0,11.6083,1.4259,0.48,1.416,0.3464,1.4014,1.444e-05,1.0854,0.0005,2.3767,11.0,0.0642,1.0017,0.1504,2.399,0.194,2.5097,0.0362,1.7806,0.0,0.0,0.0,-0.1549,25.0,25.0,38.0,37.0,15.0,0.0,0.0,0.0,0.0,41.1284,0.0,41.1833,0.0,0.0
20400.0,1.7079,0.0885,1.0,2.5445,350.3646,1.7984,0.7984,2.3751,1.3751,20.377,1.8151,19.9319,1.7973,100.0,0.0,0.0,0.0,25.125,0.0,26.375,0.0,26.125,0.0,25.25,10.0,0.0,0.0079,53.2767,5.3277,2.0,11.7234,1.4276,0.6046,1.4296,0.3569,1.4026,1.464e-05,1.0886,0.0005,2.3751,11.0,0.066,1.0018,0.1316,2.3412,0.1498,2.3972,0.0512,1.9307,0.0,0.0,0.0,-0.1547,25.0,25.0,38.0,37.0,13.0,0.0,0.0,0.0,0.0,41.1288,0.0,41.1837,0.0,0.0
20401.0,1.707,0.0884,1.0,2.5443,350.2247,1.7984,0.7984,2.3749,1.3749,20.2905,1.8116,19.937,1.7975,100.0,0.0,0.0,0.0,25.0,0.0,26.25,0.0,26.0,0.0,25.25,10.0,0.0,0.0083,53.2762,5.3276,2.0,12.0345,1.4322,0.6099,1.4302,0.3616,1.4031,1.481e-05,1.0913,0.0005,2.3788,11.0,0.0668,1.0018,0.1448,2.3827,0.1643,2.4376,0.0644,2.0309,0.0,0.0,0.0,-0.1546,25.0,25.0,38.0,37.0,13.0,0.0,0.0,0.0,0.0,41.1282,0.0,41.1834,0.0,0.0
20402.0,1.7055,0.0882,1.0,2.5442,350.1353,1.7979,0.7979,2.3748,1.3748,20.4081,1.8163,19.9545,1.7982,100.0,0.0,0.0,0.0,25.125,0.0,26.25,0.0,26.125,0.0,25.25,10.0,0.0,0.0087,53.2757,5.3275,2.0,12.0585,1.4325,0.6485,1.4344,0.3599,1.4029,1.488e-05,1.0924,0.0005,2.377,11.0,0.0655,1.0017,0.1176,2.2922,0.1187,2.2963,0.0537,1.9517,0.0,0.0,0.0,-0.1548,25.0,25.0,38.0,37.0,16.0,0.0,0.0,0.0,0.0,41.128,0.0,41.1828,0.0,0.0
20403.0,1.7054,0.0882,1.0,2.5441,350.0207,1.7979,0.7979,2.375,1.375,20.5306,1.8212,19.9546,1.7982,100.0,0.0,0.0,0.0,25.125,0.0,26.375,0.0,26.125,0.0,25.25,10.0,0.0,0.0082,53.2751,5.3275,2.0,12.2739,1.4356,0.7058,1.4406,0.3676,1.4037,1.501e-05,1.0944,0.0005,2.3806,11.0,0.0659,1.0018,0.1185,2.2955,0.1441,2.3806,0.0511,1.9301,0.0,0.0,0.0,-0.1544,25.0,25.0,38.0,37.0,16.0,0.0,0.0,0.0,0.0,41.1276,0.0,41.1833,0.0,0.0
20404.0,1.7055,0.0882,1.0,2.5438,349.7808,1.7986,0.7986,2.3749,1.3749,20.5027,1.8201,19.9468,1.7979,100.0,0.0,0.0,0.0,24.875,0.0,26.375,0.0,26.0,0.0,25.25,10.0,0.0,0.0078,53.2746,5.3274,2.0,12.4552,1.4381,0.7532,1.4458,0.3726,1.4043,1.511e-05,1.0959,0.0005,2.3791,11.0,0.0647,1.0017,0.1151,2.2829,0.1967,2.5156,0.0559,1.9694,0.0,0.0,0.0,-0.1549,25.0,25.0,38.0,37.0,13.0,0.0,0.0,0.0,0.0,41.1286,0.0,41.1829,0.0,0.0
20405.0,1.7018,0.0877,1.0,2.5439,349.868,1.7984,0.7984,2.3751,1.3751,20.4061,1.8162,19.9333,1.7973,100.0,0.0,0.0,0.0,25.125,0.0,26.375,0.0,26.125,0.0,25.25,10.0,0.0,0.0083,53.2737,5.3273,2.0,12.725,1.4419,0.8604,1.4575,0.3733,1.4044,1.528e-05,1.0985,0.0005,2.3771,11.0,0.0564,1.0015,0.0964,2.2061,0.1852,2.4894,0.0537,1.9515,0.0,0.0,0.0,-0.1545,25.0,25.0,38.0,37.0,14.0,0.0,0.0,0.0,0.0,41.1291,0.0,41.1835,0.0,0.0
20406.0,1.7061,0.0883,1.0,2.5443,350.1822,1.7984,0.7984,2.375,1.375,20.3025,1.8121,19.9305,1.7972,100.0,0.0,0.0,0.0,25.125,0.0,26.375,0.0,26.0,0.0,25.25,10.0,0.0,0.0088,53.2734,5.3273,2.0,13.224,1.4485,1.0581,1.4791,0.3732,1.4044,1.538e-05,1.0999,0.0005,2.3814,11.0,0.0675,1.0018,0.1715,2.4562,0.1885,2.4971,0.0499,1.9203,0.0,0.0,0.0,-0.1546,25.0,25.0,38.0,37.0,14.0,0.0,0.0,0.0,0.0,41.128,0.0,41.1827,0.0,0.0
20407.0,1.716,0.0895,1.0,2.5446,350.4531,1.7979,0.7979,2.3748,1.3748,20.3737,1.8149,19.9525,1.7981,100.0,0.0,0.0,0.0,25.125,0.0,26.25,0.0,26.125,0.0,25.25,10.0,0.0,0.0079,53.2731,5.3273,2.0,13.4569,1.4516,1.0468,1.4778,0.3826,1.4054,1.549e-05,1.1017,0.0005,2.3791,11.0,0.0651,1.0017,0.1742,2.463,0.1843,2.4874,0.0591,1.9932,0.0,0.0,0.0,-0.1546,25.0,25.0,38.0,37.0,14.0,0.0,0.0,0.0,0.0,41.1289,0.0,41.1834,0.0,0.0
20408.0,1.7198,0.09,1.0,2.5444,350.2689,1.7978,0.7978,2.3748,1.3748,20.5231,1.8209,19.9535,1.7981,100.0,0.0,0.0,0.0,25.125,0.0,26.375,0.0,26.0,0.0,25.25,10.0,0.0,0.009,53.2726,5.3272,2.0,13.7923,1.4559,1.088,1.4823,0.3842,1.4055,1.563e-05,1.1038,0.0005,2.3811,11.0,0.0648,1.0017,0.1716,2.4564,0.1665,2.4433,0.0542,1.9558,0.0,0.0,0.0,-0.1545,25.0,25.0,38.0,37.0,16.0,0.0,0.0,0.0,0.0,41.1292,0.0,41.1836,0.0,0.0
20409.0,1.7205,0.0901,1.0,2.5442,350.0892,1.7987,0.7987,2.3749,1.3749,20.5092,1.8204,19.9482,1.7979,100.0,0.0,0.0,0.0,25.125,0.0,26.25,0.0,26.125,0.0,25.25,10.0,0.0,0.0083,53.2718,5.3271,2.0,13.8257,1.4563,1.0619,1.4795,0.3818,1.4053,1.573e-05,1.1052,0.0005,2.3808,11.0,0.0648,1.0017,0.1464,2.3874,0.1791,2.4748,0.0724,2.0818,0.0,0.0,0.0,-0.1548,25.0,25.0,38.0,37.0,13.0,0.0,0.0,0.0,0.0,41.1289,0.0,41.1838,0.0,0.0
20410.0,1.7096,0.0887,1.0,2.5439,349.8356,1.7987,0.7987,2.3748,1.3748,20.4102,1.8164,19.9435,1.7977,100.0,0.0,0.0,0.0,25.125,0.0,26.375,0.0,26.0,0.0,25.25,10.0,0.0,0.0081,53.271,5.327,2.0,14.0152,1.4586,1.0158,1.4745,0.3916,1.4064,1.59e-05,1.1078,0.0005,2.379,11.0,0.0613,1.0016,0.145,2.3831,0.1699,2.452,0.0683,2.0563,0.0,0.0,0.0,-0.1548,25.0,25.0,38.0,37.0,14.0,0.0,0.0,0.0,0.0,41.1299,0.0,41.1982,0.0,0.0
20411.0,1.6964,0.087,1.0,2.5439,349.8401,1.7984,0.7984,2.3746,1.3746,20.2969,1.8119,19.93,1.7972,100.0,0.0,0.0,0.0,25.0,0.0,26.5,0.0,26.0,0.0,25.25,10.0,0.0,0.0075,53.2705,5.3271,2.0,13.9658,1.458,0.9416,1.4664,0.3913,1.4063,1.604e-05,1.1098,0.0005,2.3825,11.0,0.0609,1.0016,0.127,2.3255,0.1416,2.373,0.0658,2.0403,0.0,0.0,0.0,-0.155,25.0,25.0,38.0,37.0,13.0,0.0,0.0,0.0,0.0,41.1289,0.0,41.2425,0.0,0.0
20412.0,1.6875,0.0859,1.0,2.544,349.9489,1.7981,0.7981,2.3748,1.3748,20.3445,1.8138,19.9487,1.7979,100.0,0.0,0.0,0.0,25.125,0.0,26.375,0.0,26.0,0.0,25.25,10.0,0.0,0.0077,53.2705,5.327,2.0,13.9535,1.4579,0.9228,1.4643,0.3901,1.4062,1.61e-05,1.1107,0.0005,2.3809,11.0,0.0611,1.0016,0.1289,2.3323,0.1406,2.3697,0.059,1.9924,0.0,0.0,0.0,-0.1546,25.0,25.0,38.0,37.0,14.0,0.0,0.0,0.0,0.0,41.1289,0.0,41.2424,0.0,0.0
20413.0,1.6796,0.085,1.0,2.544,349.9751,1.7978,0.7978,2.3749,1.3749,20.5187,1.8207,19.9528,1.7981,100.0,0.0,0.0,0.0,25.125,0.0,26.375,0.0,26.125,0.0,25.25,10.0,0.0,0.0086,53.2699,5.327,2.0,14.1063,1.4598,0.9009,1.4619,0.3933,1.4065,1.618e-05,1.1119,0.0005,2.3836,11.0,0.0573,1.0015,0.0974,2.2103,0.1177,2.2927,0.0615,2.0105,0.0,0.0,0.0,-0.1547,25.0,25.0,38.0,37.0,12.0,0.0,0.0,0.0,0.0,41.1275,0.0,41.2417,0.0,0.0
20414.0,1.6762,0.0845,1.0,2.5439,349.8958,1.7986,0.7986,2.3749,1.3749,20.5106,1.8204,19.948,1.7979,100.0,0.0,0.0,0.0,25.125,0.0,26.25,0.0,26.0,0.0,25.25,10.0,0.0,0.009,53.2692,5.3269,2.0,13.9887,1.4583,0.7975,1.4506,0.3952,1.4068,1.641e-05,1.115,0.0005,2.3821,11.0,0.0577,1.0015,0.1113,2.2684,0.127,2.3257,0.0591,1.9931,0.0,0.0,0.0,-0.1544,25.0,25.0,38.0,37.0,13.0,0.0,0.0,0.0,0.0,41.1284,0.0,41.2424,0.0,0.0
20415.0,1.6752,0.0844,1.0,2.5442,350.1216,1.7988,0.7988,2.3747,1.3747,20.4332,1.8173,19.9422,1.7977,100.0,0.0,0.0,0.0,25.0,0.0,26.25,0.0,26.0,0.0,25.25,10.0,0.0,0.0086,53.269,5.3269,2.0,13.9859,1.4583,0.7751,1.4482,0.3943,1.4067,1.648e-05,1.1161,0.0005,2.3805,11.0,0.0588,1.0016,0.0978,2.2123,0.1141,2.2791,0.0544,1.9573,0.0,0.0,0.0,-0.1546,25.0,25.0,38.0,37.0,13.0,0.0,0.0,0.0,0.0,41.1288,0.0,41.2427,0.0,0.0
20416.0,1.676,0.0845,1.0,2.5441,349.9984,1.7988,0.7988,2.3746,1.3746,20.3156,1.8126,19.9402,1.7976,100.0,0.0,0.0,0.0,25.125,0.0,26.375,0.0,26.0,0.0,25.375,10.0,0.0,0.0078,53.268,5.3268,2.0,14.2811,1.4619,0.7757,1.4483,0.39,1.4062,1.648e-05,1.1161,0.0005,2.3839,11.0,0.0596,1.0016,0.096,2.2039,0.0988,2.2168,0.0685,2.0576,0.0,0.0,0.0,-0.1546,25.0,25.0,38.0,37.0,14.0,0.0,0.0,0.0,0.0,41.1291,0.0,41.243,0.0,0.0
20417.0,1.6782,0.0848,1.0,2.5441,350.0443,1.7981,0.7981,2.3745,1.3745,20.3441,1.8138,19.9577,1.7983,100.0,0.0,0.0,0.0,25.125,0.0,26.25,0.0,26.0,0.0,25.25,10.0,0.0,0.0087,53.2676,5.3268,2.0,14.1796,1.4607,0.7552,1.446,0.3963,1.4069,1.673e-05,1.1195,0.0005,2.3818,11.0,0.0569,1.0015,0.0917,2.1844,0.1026,2.2332,0.0615,2.0104,0.0,0.0,0.0,-0.1544,25.0,25.0,38.0,37.0,14.0,0.0,0.0,0.0,0.0,41.1287,0.0,41.2427,0.0,0.0
20418.0,1.68,0.085,1.0,2.5442,350.0906,1.7978,0.7978,2.3748,1.3748,20.5084,1.8203,19.957,1.7983,100.0,0.0,0.0,0.0,25.0,0.0,26.375,0.0,26.0,0.0,25.375,10.0,0.0,0.0075,53.267,5.3266,2.0,14.1322,1.4601,0.6799,1.4378,0.3944,1.4067,1.677e-05,1.1201,0.0005,2.385,11.0,0.0594,1.0016,0.103,2.2346,0.0988,2.2166,0.0595,1.9965,0.0,0.0,0.0,-0.1549,25.0,25.0,38.0,37.0,13.0,0.0,0.0,0.0,0.0,41.1287,0.0,41.2423,0.0,0.0
20419.0,1.6845,0.0856,1.0,2.5441,349.9974,1.7981,0.7981,2.3752,1.3752,20.527,1.8211,19.9428,1.7977,100.0,0.0,0.0,0.0,25.125,0.0,26.375,0.0,26.0,0.0,25.25,10.0,0.0,0.0084,53.2595,5.3257,2.0,14.972,1.4701,1.3097,1.5065,0.3909,1.4063,1.684e-05,1.1211,0.0005,2.384,11.0,0.0641,1.0017,0.1754,2.466,0.1026,2.233,0.0609,2.0063,0.0,0.0,64.0,-0.1516,25.0,25.0,38.0,37.0,13.0,0.0,0.0,0.0,0.0,41.1281,0.0,41.2426,0.0,0.0
20420.0,1.6893,0.0862,1.0,2.5443,350.1879,1.7984,0.7984,2.3751,1.3751,20.4414,1.8177,19.9332,1.7973,100.0,0.0,0.0,0.0,25.0,0.0,26.375,0.0,26.0,0.0,25.125,10.0,0.0,0.0081,53.258,5.3258,2.0,15.9585,1.4812,1.2568,1.5007,0.4025,1.4076,1.705e-05,1.1239,0.0005,2.3828,11.0,0.0654,1.0017,0.1657,2.4413,0.0932,2.1912,0.0554,1.9657,0.0,0.0,64.0,0.6406,25.0,25.0,38.0,37.0,13.0,0.0,0.0,0.0,0.0,41.1288,0.0,41.2427,0.0,0.0
20421.0,1.6936,0.0867,1.0,2.5438,349.801,1.7984,0.7984,2.375,1.375,20.3363,1.8135,19.9305,1.7972,100.0,0.0,0.0,0.0,25.125,0.0,26.375,0.0,26.125,0.0,25.25,10.0,0.0,0.0082,53.2579,5.3258,2.0,15.9186,1.4808,1.1399,1.488,0.393,1.4065,1.712e-05,1.1249,0.0005,2.3851,11.0,0.0605,1.0016,0.1431,2.3776,0.0985,2.2152,0.0536,1.9513,0.0,0.0,64.0,1.3923,25.0,25.0,38.0,37.0,14.0,0.0,0.0,0.0,0.0,41.1277,0.0,41.2418,0.0,0.0
20422.0,1.6971,0.0871,1.0,2.544,349.9628,1.7983,0.7983,2.3748,1.3748,20.3185,1.8127,19.9551,1.7982,100.0,0.0,0.0,0.0,25.125,0.0,26.375,0.0,26.125,0.0,25.25,10.0,0.0,0.0089,53.2581,5.3258,2.0,15.7723,1.4792,1.0035,1.4731,0.3904,1.4062,1.711e-05,1.1248,0.0005,2.383,11.0,0.0612,1.0016,0.1368,2.358,0.0964,2.2058,0.0528,1.9443,0.0,0.0,64.0,2.1742,25.0,25.0,38.0,38.0,13.0,0.0,0.0,0.0,0.0,41.1283,0.0,41.2427,0.0,0.0
20423.0,1.7012,0.0877,1.0,2.5439,349.8483,1.7982,0.7982,2.3744,1.3744,20.4856,1.8194,19.9676,1.7987,100.0,0.0,0.0,0.0,25.125,0.0,26.375,0.0,26.125,0.0,25.25,10.0,0.0,0.0083,53.2581,5.3258,2.0,15.5764,1.477,0.8742,1.459,0.3971,1.407,1.737e-05,1.1282,0.0005,2.3863,11.0,0.0565,1.0015,0.1269,2.3253,0.0941,2.1956,0.0532,1.9475,0.0,0.0,64.0,2.8009,25.0,25.0,38.0,38.0,14.0,0.0,0.0,0.0,0.0,41.1288,0.0,41.2425,0.0,0.0
20424.0,1.7061,0.0883,1.0,2.5444,350.2437,1.7985,0.7985,2.3749,1.3749,20.526,1.821,19.9529,1.7981,100.0,0.0,0.0,0.0,25.0,0.0,26.375,0.0,26.0,0.0,25.125,10.0,0.0,0.0087,53.2582,5.3258,2.0,15.3657,1.4746,0.7698,1.4476,0.3939,1.4066,1.741e-05,1.1288,0.0005,2.3846,11.0,0.0625,1.0017,0.1196,2.2995,0.0718,2.0781,0.048,1.903,0.0,0.0,64.0,3.6267,25.0,25.0,38.0,38.0,13.0,0.0,0.0,0.0,0.0,41.1291,0.0,41.2432,0.0,0.0
20425.0,1.7054,0.0882,1.0,2.5442,350.1295,1.7987,0.7987,2.3751,1.3751,20.4761,1.819,19.9439,1.7978,100.0,0.0,0.0,0.0,25.0,0.0,26.25,0.0,26.0,0.0,25.25,10.0,0.0,0.0079,53.2576,5.3257,2.0,15.1625,1.4723,0.6123,1.4304,0.3899,1.4062,1.748e-05,1.1298,0.0005,2.3873,11.0,0.06,1.0016,0.1277,2.3281,0.0867,2.1601,0.0571,1.9787,0.0,0.0,64.0,4.2547,25.0,25.0,38.0,38.0,15.0,0.0,0.0,0.0,0.0,41.1284,0.0,41.2427,0.0,0.0
20426.0,1.7045,0.0881,1.0,2.5443,350.2139,1.7984,0.7984,2.3747,1.3747,20.366,1.8146,19.9411,1.7976,100.0,0.0,0.0,0.0,25.125,0.0,26.25,0.0,26.0,0.0,25.25,10.0,0.0,0.0084,53.2569,5.3257,2.0,14.8807,1.469,0.4779,1.4158,0.3974,1.407,1.764e-05,1.1319,0.0005,2.3861,11.0,0.066,1.0018,0.1038,2.238,0.0767,2.1069,0.0556,1.9673,0.0,0.0,64.0,5.0906,25.0,25.0,38.0,37.0,14.0,0.0,0.0,0.0,0.0,41.1286,0.0,41.2423,0.0,0.0
20427.0,1.7034,0.0879,1.0,2.544,349.9165,1.7983,0.7983,2.3747,1.3747,20.2934,1.8117,19.941,1.7976,100.0,0.0,0.0,0.0,25.125,0.0,26.375,0.0,26.0,0.0,25.25,10.0,0.0,0.0086,53.2563,5.3256,2.0,14.6263,1.4661,0.3708,1.4041,0.3969,1.4069,1.776e-05,1.1334,0.0005,2.3843,11.0,0.0638,1.0017,0.1154,2.2839,0.1507,2.3999,0.0595,1.9964,0.0,0.0,64.0,5.7579,25.0,25.0,38.0,37.0,13.0,0.0,0.0,0.0,0.0,41.1278,0.0,41.242,0.0,0.0
20428.0,1.7014,0.0877,1.0,2.5443,350.1658,1.7978,0.7978,2.3747,1.3747,20.4535,1.8181,19.9679,1.7987,100.0,0.0,0.0,0.0,25.125,0.0,26.25,0.0,26.0,0.0,25.25,10.0,0.0,0.008,53.2559,5.3256,2.0,15.2925,1.4738,0.7268,1.4429,0.3939,1.4066,1.778e-05,1.1337,0.0005,2.3875,11.0,0.0668,1.0018,0.099,2.2173,0.154,2.4093,0.0581,1.9862,0.0,0.0,64.0,6.5548,25.0,25.0,38.0,37.0,15.0,0.0,0.0,0.0,0.0,41.1288,0.0,41.2424,0.0,0.0
20429.0,1.7013,0.0877,1.0,2.5439,349.8807,1.7983,0.7983,2.3751,1.3751,20.5317,1.8213,19.9552,1.7982,100.0,0.0,0.0,0.0,25.125,0.0,26.25,0.0,26.0,0.0,25.25,10.0,0.0,0.0077,53.2555,5.3255,2.0,15.6244,1.4775,0.6147,1.4307,0.3925,1.4065,1.793e-05,1.1356,0.0005,2.3852,11.0,0.0599,1.0016,0.1018,2.2297,0.1489,2.3948,0.0617,2.0124,0.0,0.0,64.0,7.1806,25.0,25.0,38.0,37.0,15.0,0.0,0.0,0.0,0.0,41.1283,0.0,41.2424,0.0,0.0
20430.0,1.7002,0.0875,1.0,2.5439,349.9018,1.7988,0.7988,2.3748,1.3748,20.469,1.8188,19.9458,1.7978,100.0,0.0,0.0,0.0,25.125,0.0,26.5,0.0,26.0,0.0,25.25,10.0,0.0,0.008,53.2551,5.3255,2.0,15.0299,1.4708,0.4392,1.4115,0.3859,1.4057,1.797e-05,1.1361,0.0005,2.3884,11.0,0.0581,1.0015,0.094,2.195,0.1553,2.413,0.0641,2.0287,0.0,0.0,64.0,7.9625,25.0,25.0,38.0,37.0,15.0,0.0,0.0,0.0,0.0,41.1293,0.0,41.2427,0.0,0.0
20431.0,1.7005,0.0876,1.0,2.5439,349.8812,1.7985,0.7985,2.3748,1.3748,20.3806,1.8152,19.9419,1.7977,100.0,0.0,0.0,0.0,25.125,0.0,26.5,0.0,26.0,0.0,25.125,10.0,0.0,0.0076,53.2548,5.3255,2.0,14.9039,1.4693,0.3905,1.4062,0.3795,1.405,1.802e-05,1.1368,0.0005,2.3867,11.0,0.056,1.0015,0.0871,2.1618,0.1303,2.3368,0.0601,2.0008,0.0,0.0,64.0,8.6228,25.0,25.0,38.0,37.0,13.0,0.0,0.0,0.0,0.0,41.1282,0.0,41.2426,0.0,0.0
20432.0,1.7022,0.0878,1.0,2.5442,350.1399,1.7987,0.7987,2.3745,1.3745,20.2933,1.8117,19.947,1.7979,100.0,0.0,0.0,0.0,25.125,0.0,26.375,0.0,26.0,0.0,25.375,10.0,0.0,0.0085,53.2548,5.3254,2.0,14.9264,1.4696,0.3512,1.402,0.3871,1.4059,1.821e-05,1.1392,0.0005,2.3872,11.0,0.0597,1.0016,0.0868,2.1605,0.1341,2.3494,0.0584,1.9879,0.0,0.0,64.0,9.4199,25.0,25.0,38.0,37.0,14.0,0.0,0.0,0.0,0.0,41.1289,0.0,41.2427,0.0,0.0
20433.0,1.7025,0.0878,1.0,2.5442,350.0892,1.7982,0.7982,2.3744,1.3744,20.4168,1.8167,19.9648,1.7986,100.0,0.0,0.0,0.0,25.125,0.0,26.25,0.0,26.125,0.0,25.25,10.0,0.0,0.0076,53.2539,5.3254,2.0,14.962,1.47,0.3967,1.4069,0.3816,1.4053,1.827e-05,1.1401,0.0005,2.3879,11.0,0.0635,1.0017,0.1552,2.4127,0.1231,2.3122,0.0557,1.9679,0.0,0.0,64.0,10.2008,25.0,25.0,38.0,37.0,14.0,0.0,0.0,0.0,0.0,41.1283,0.0,41.2423,0.0,0.0
20434.0,1.7033,0.0879,1.0,2.5442,350.0925,1.798,0.798,2.3748,1.3748,20.5317,1.8213,19.9459,1.7978,100.0,0.0,0.0,0.0,25.125,0.0,26.25,0.0,26.0,0.0,25.125,10.0,0.0,0.0081,53.2533,5.3253,2.0,15.0152,1.4706,0.3354,1.4002,0.3818,1.4053,1.833e-05,1.1408,0.0005,2.3855,11.0,0.0657,1.0018,0.1405,2.3695,0.1101,2.2638,0.0558,1.9685,0.0,0.0,64.0,10.997,25.0,25.0,38.0,38.0,14.0,0.0,0.0,0.0,0.0,41.1286,0.0,41.2422,0.0,0.0
20435.0,1.7034,0.0879,1.0,2.544,349.9172,1.7983,0.7983,2.3752,1.3752,20.487,1.8195,19.9375,1.7975,100.0,0.0,0.0,0.0,25.125,0.0,26.5,0.0,26.125,0.0,25.25,10.0,0.0,0.0075,53.253,5.3253,2.0,15.0361,1.4709,0.3617,1.4031,0.3788,1.405,1.844e-05,1.1422,0.0005,2.3888,11.0,0.058,1.0015,0.1444,2.3814,0.1231,2.312,0.0518,1.9363,0.0,0.0,64.0,11.6589,25.0,25.0,38.0,38.0,14.0,0.0,0.0,0.0,0.0,41.1277,0.0,41.2421,0.0,0.0
20436.0,1.7034,0.0879,1.0,2.544,349.9278,1.7985,0.7985,2.3748,1.3748,20.3781,1.8151,19.9417,1.7977,100.0,0.0,0.0,0.0,25.125,0.0,26.375,0.0,26.0,0.0,25.25,10.0,0.0,0.0084,53.2523,5.3252,2.0,15.1403,1.4721,0.3861,1.4058,0.3699,1.404,1.849e-05,1.1428,0.0005,2.3864,11.0,0.059,1.0016,0.131,2.339,0.1119,2.2706,0.0498,1.9195,0.0,0.0,64.0,12.4098,25.0,25.0,38.0,38.0,12.0,0.0,0.0,0.0,0.0,41.1286,0.0,41.2428,0.0,0.0
20437.0,1.7026,0.0878,1.0,2.544,349.922,1.7988,0.7988,2.3745,1.3745,20.2931,1.8117,19.9417,1.7977,100.0,0.0,0.0,0.0,25.125,0.0,26.25,0.0,26.0,0.0,25.25,10.0,0.0,0.0085,53.2518,5.3252,2.0,15.1085,1.4717,0.3272,1.3993,0.37,1.404,1.852e-05,1.1431,0.0005,2.3896,11.0,0.0568,1.0015,0.1286,2.331,0.0988,2.2167,0.0489,1.9112,0.0,0.0,64.0,13.1238,25.0,25.0,38.0,38.0,13.0,0.0,0.0,0.0,0.0,41.1286,0.0,41.2425,0.0,0.0
20438.0,1.7024,0.0878,1.0,2.5443,350.1773,1.7983,0.7983,2.3743,1.3743,20.3878,1.8155,19.9645,1.7986,100.0,0.0,0.0,0.0,25.125,0.0,26.375,0.0,26.0,0.0,25.25,10.0,0.0,0.0081,53.2517,5.3251,2.0,14.9683,1.4701,0.2445,1.3903,0.3702,1.404,1.868e-05,1.1451,0.0005,2.388,11.0,0.0618,1.0016,0.1107,2.2658,0.1024,2.2323,0.0482,1.905,0.0,0.0,64.0,13.7909,25.0,25.0,38.0,37.0,14.0,0.0,0.0,0.0,0.0,41.1292,0.0,41.2425,0.0,0.0
20439.0,1.6942,0.0868,1.0,2.544,349.9604,1.7982,0.7982,2.3745,1.3745,20.5128,1.8205,19.9615,1.7985,100.0,0.0,0.0,0.0,25.125,0.0,26.375,0.0,26.0,0.0,25.25,10.0,0.0,0.0077,53.2512,5.3251,2.0,14.7293,1.4673,0.2018,1.3857,0.3683,1.4038,1.876e-05,1.1462,0.0005,2.3858,11.0,0.0568,1.0015,0.1188,2.2966,0.0845,2.1487,0.043,1.8551,0.0,0.0,64.0,14.5797,25.0,25.0,38.0,37.0,14.0,0.0,0.0,0.0,0.0,41.1281,0.0,41.2422,0.0,0.0
20440.0,1.6826,0.0853,1.0,2.5441,350.0584,1.7987,0.7987,2.3748,1.3748,20.4987,1.8199,19.9476,1.7979,100.0,0.0,0.0,0.0,25.0,0.0,26.375,0.0,26.0,0.0,25.25,10.0,0.0,0.0083,53.251,5.3251,2.0,14.7132,1.4671,0.1521,1.3802,0.3613,1.403,1.875e-05,1.146,0.0005,2.389,11.0,0.0594,1.0016,0.1091,2.2598,0.0802,2.126,0.0454,1.8787,0.0,0.0,64.0,15.2579,25.0,25.0,38.0,37.0,14.0,0.0,0.0,0.0,0.0,41.1282,0.0,41.2423,0.0,0.0
20441.0,1.6772,0.0846,1.0,2.5442,350.1307,1.7984,0.7984,2.3751,1.3751,20.4102,1.8164,19.9337,1.7973,100.0,0.0,0.0,0.0,25.125,0.0,26.375,0.0,26.0,0.0,25.375,10.0,0.0,0.0079,53.2503,5.325,2.0,14.8322,1.4685,0.1981,1.3852,0.3666,1.4036,1.896e-05,1.1487,0.0005,2.3869,11.0,0.0628,1.0017,0.1,2.2216,0.0807,2.129,0.0394,1.8179,0.0,0.0,64.0,15.9294,25.0,25.0,38.0,37.0,14.0,0.0,0.0,0.0,0.0,41.1279,0.0,41.2423,0.0,0.0
20442.0,1.6729,0.0841,1.0,2.544,349.9419,1.7988,0.7988,2.3745,1.3745,20.2911,1.8116,19.9456,1.7978,100.0,0.0,0.0,0.0,25.25,0.0,26.375,0.0,26.125,0.0,25.25,10.0,0.0,0.0076,53.2497,5.3249,2.0,14.8247,1.4684,0.1377,1.3787,0.3578,1.4027,1.894e-05,1.1484,0.0005,2.3898,11.0,0.064,1.0017,0.0988,2.2165,0.0775,2.1109,0.0546,1.959,0.0,0.0,64.0,16.8055,25.0,25.0,38.0,37.0,16.0,0.0,0.0,0.0,0.0,41.1279,0.0,41.2421,0.0,0.0
20443.0,1.6692,0.0837,1.0,2.5441,350.0466,1.7987,0.7987,2.3741,1.3741,20.372,1.8149,19.9732,1.7989,100.0,0.0,0.0,0.0,25.125,0.0,26.375,0.0,26.0,0.0,25.25,10.0,0.0,0.0081,53.249,5.3249,2.0,14.8102,1.4682,0.1936,1.3848,0.3526,1.4021,1.901e-05,1.1492,0.0005,2.3879,11.0,0.0617,1.0016,0.0952,2.2003,0.0692,2.062,0.051,1.9297,0.0,0.0,64.0,17.3938,25.0,25.0,38.0,37.0,13.0,0.0,0.0,0.0,0.0,41.1281,0.0,41.2424,0.0,0.0
20444.0,1.6705,0.0838,1.0,2.5439,349.8315,1.7982,0.7982,2.3745,1.3745,20.5346,1.8214,19.9609,1.7984,100.0,0.0,0.0,0.0,25.25,0.0,26.5,0.0,26.125,0.0,25.375,10.0,0.0,0.0084,53.2488,5.3249,2.0,14.9421,1.4698,0.1967,1.3851,0.3545,1.4023,1.916e-05,1.1511,0.0005,2.391,11.0,0.0571,1.0015,0.0806,2.128,0.0818,2.1344,0.0524,1.9412,0.0,0.0,64.0,18.224,25.0,25.0,38.0,37.0,15.0,0.0,0.0,0.0,0.0,41.1287,0.0,41.2424,0.0,0.0
20445.0,1.6764,0.0846,1.0,2.5441,349.9938,1.7983,0.7983,2.3748,1.3748,20.5062,1.8202,19.9395,1.7976,100.0,0.0,0.0,0.0,25.25,0.0,26.375,0.0,26.0,0.0,25.25,10.0,0.0,0.0085,53.2485,5.3248,2.0,14.7636,1.4677,0.1346,1.3783,0.3445,1.4012,1.915e-05,1.1509,0.0005,2.3886,11.0,0.058,1.0015,0.1573,2.4186,0.0628,2.0199,0.0475,1.8988,0.0,0.0,64.0,18.894,25.0,25.0,38.0,37.0,13.0,0.0,0.0,0.0,0.0,41.129,0.0,41.2431,0.0,0.0
20446.0,1.6802,0.085,1.0,2.5443,350.1826,1.7983,0.7983,2.375,1.375,20.4203,1.8168,19.933,1.7973,100.0,0.0,0.0,0.0,25.125,0.0,26.375,0.0,26.0,0.0,25.25,10.0,0.0,0.0084,53.2479,5.3248,2.0,14.9213,1.4695,0.1975,1.3852,0.3495,1.4018,1.926e-05,1.1523,0.0005,2.3924,11.0,0.0575,1.0015,0.1277,2.328,0.0546,1.9591,0.0436,1.8617,0.0,0.0,64.0,19.609,25.0,25.0,38.0,37.0,13.0,0.0,0.0,0.0,0.0,41.1291,0.0,41.2428,0.0,0.0
20447.0,1.6882,0.086,1.0,2.5444,350.273,1.7984,0.7984,2.3749,1.3749,20.2983,1.8119,19.9319,1.7973,100.0,0.0,0.0,0.0,25.125,0.0,26.375,0.0,26.0,0.0,25.25,10.0,0.0,0.0086,53.2475,5.3247,2.0,14.8744,1.469,0.1463,1.3796,0.3457,1.4013,1.936e-05,1.1535,0.0005,2.3899,11.0,0.0646,1.0017,0.1168,2.2894,0.0505,1.9249,0.0399,1.8223,0.0,0.0,64.0,20.3612,25.0,25.0,38.0,37.0,14.0,0.0,0.0,0.0,0.0,41.1287,0.0,41.2428,0.0,0.0
20448.0,1.6965,0.0871,1.0,2.5439,349.9018,1.7981,0.7981,2.3745,1.3745,20.3413,1.8137,19.9499,1.798,100.0,0.0,0.0,0.0,25.125,0.0,26.375,0.0,26.125,0.0,25.375,10.0,0.0,0.0079,53.2471,5.3247,2.0,14.9307,1.4696,0.1702,1.3822,0.342,1.4009,1.94e-05,1.1539,0.0005,2.3911,11.0,0.0656,1.0018,0.111,2.2671,0.0512,1.9308,0.0431,1.8562,0.0,0.0,64.0,21.1513,25.0,25.0,38.0,37.0,15.0,0.0,0.0,0.0,0.0,41.1276,0.0,41.2417,0.0,0.0
20449.0,1.7023,0.0878,1.0,2.5441,350.0558,1.7978,0.7978,2.3744,1.3744,20.4948,1.8198,19.9578,1.7983,100.0,0.0,0.0,0.0,25.125,0.0,26.375,0.0,26.0,0.0,25.25,10.0,0.0,0.0086,53.2467,5.3246,2.0,15.0815,1.4714,0.2583,1.3918,0.3441,1.4012,1.95e-05,1.1552,0.0005,2.3912,11.0,0.0616,1.0016,0.1119,2.2708,0.1233,2.3128,0.0418,1.8433,0.0,0.0,64.0,21.8301,25.0,25.0,38.0,37.0,14.0,0.0,0.0,0.0,0.0,41.1286,0.0,41.2427,0.0,0.0
20450.0,1.7064,0.0883,1.0,2.5437,349.7376,1.7983,0.7983,2.3748,1.3748,20.5116,1.8205,19.9385,1.7975,100.0,0.0,0.0,0.0,25.125,0.0,26.375,0.0,26.125,0.0,25.25,10.0,0.0,0.0083,53.2459,5.3245,2.0,15.0782,1.4713,0.2469,1.3906,0.3344,1.4001,1.958e-05,1.1561,0.0005,2.3887,11.0,0.0599,1.0016,0.1748,2.4644,0.1419,2.374,0.0384,1.8057,0.0,0.0,64.0,22.6382,25.0,25.0,38.0,37.0,13.0,0.0,0.0,0.0,0.0,41.1288,0.0,41.2422,0.0,0.0
20451.0,1.7076,0.0884,1.0,2.544,349.9261,1.7984,0.7984,2.3747,1.3747,20.4438,1.8178,19.9336,1.7973,100.0,0.0,0.0,0.0,25.125,0.0,26.375,0.0,26.125,0.0,25.25,10.0,0.0,0.0082,53.2457,5.3246,2.0,15.3765,1.4747,0.3112,1.3976,0.3326,1.3999,1.959e-05,1.1562,0.0005,2.3922,11.0,0.0615,1.0016,0.1946,2.5109,0.1243,2.3164,0.0386,1.8089,0.0,0.0,64.0,23.2991,25.0,25.0,38.0,37.0,15.0,0.0,0.0,0.0,0.0,41.1289,0.0,41.2424,0.0,0.0
20452.0,1.7092,0.0887,1.0,2.5437,349.7129,1.7988,0.7988,2.3746,1.3746,20.3338,1.8134,19.9401,1.7976,100.0,0.0,0.0,0.0,25.125,0.0,26.375,0.0,26.0,0.0,25.25,10.0,0.0,0.0077,53.2452,5.3245,2.0,15.6349,1.4776,0.3748,1.4045,0.3366,1.4004,1.979e-05,1.1586,0.0005,2.3896,11.0,0.056,1.0015,0.1671,2.4449,0.1273,2.3267,0.0494,1.9153,0.0,0.0,64.0,23.968,25.0,25.0,38.0,37.0,15.0,0.0,0.0,0.0,0.0,41.1291,0.0,41.2428,0.0,0.0
20453.0,1.7107,0.0888,1.0,2.5443,350.2252,1.7987,0.7987,2.3741,1.3741,20.3152,1.8126,19.9557,1.7982,100.0,0.0,0.0,0.0,25.125,0.0,26.375,0.0,26.0,0.0,25.25,10.0,0.0,0.0083,53.245,5.3245,2.0,15.7051,1.4784,0.3997,1.4072,0.3289,1.3995,1.982e-05,1.1589,0.0005,2.3928,11.0,0.0588,1.0016,0.1912,2.5033,0.1232,2.3126,0.0484,1.9071,0.0,0.0,64.0,24.7644,25.0,25.0,38.0,37.0,15.0,0.0,0.0,0.0,0.0,41.1286,0.0,41.2426,0.0,0.0
20454.0,1.7107,0.0888,1.0,2.5442,350.0947,1.7982,0.7982,2.374,1.374,20.4838,1.8194,19.9689,1.7988,100.0,0.0,0.0,0.0,25.125,0.0,26.5,0.0,26.0,0.0,25.25,10.0,0.0,0.0082,53.2444,5.3244,2.0,15.8878,1.4804,0.3983,1.4071,0.3273,1.3993,1.984e-05,1.1592,0.0005,2.3905,11.0,0.0647,1.0017,0.1528,2.4059,0.1413,2.372,0.0481,1.9042,0.0,0.0,64.0,25.5146,25.0,25.0,38.0,37.0,14.0,0.0,0.0,0.0,0.0,41.1285,0.0,41.242,0.0,0.0
20455.0,1.7108,0.0888,1.0,2.5444,350.2778,1.7981,0.7981,2.3744,1.3744,20.526,1.821,19.944,1.7978,100.0,0.0,0.0,0.0,25.125,0.0,26.375,0.0,26.125,0.0,25.375,10.0,0.0,0.0081,53.2439,5.3244,2.0,15.8151,1.4796,0.3652,1.4035,0.329,1.3995,2.001e-05,1.1612,0.0005,2.3926,11.0,0.0644,1.0017,0.1485,2.3935,0.1128,2.2743,0.0418,1.8431,0.0,0.0,64.0,26.2569,25.0,25.0,38.0,37.0,15.0,0.0,0.0,0.0,0.0,41.1282,0.0,41.2415,0.0,0.0
20456.0,1.7108,0.0888,1.0,2.544,349.9102,1.7985,0.7985,2.3746,1.3746,20.4407,1.8176,19.9344,1.7974,100.0,0.0,0.0,0.0,25.0,0.0,26.375,0.0,26.125,0.0,25.25,10.0,0.0,0.0082,53.2433,5.3243,2.0,15.922,1.4808,0.3828,1.4054,0.3269,1.3993,2.005e-05,1.1616,0.0005,2.3911,11.0,0.06,1.0016,0.1195,2.2993,0.1193,2.2986,0.0395,1.8188,0.0,0.0,64.0,26.9802,25.0,25.0,38.0,37.0,14.0,0.0,0.0,0.0,0.0,41.1281,0.0,41.2421,0.0,0.0
20457.0,1.7107,0.0888,1.0,2.5441,349.9931,1.7988,0.7988,2.3743,1.3743,20.3462,1.8138,19.9408,1.7976,100.0,0.0,0.0,0.0,25.125,0.0,26.375,0.0,26.0,0.0,25.25,10.0,0.0,0.0081,53.2429,5.3243,2.0,15.8658,1.4802,0.3359,1.4003,0.3265,1.3993,2.018e-05,1.1632,0.0005,2.3922,11.0,0.0601,1.0016,0.1148,2.2818,0.1193,2.2984,0.0403,1.8276,0.0,0.0,64.0,27.6888,25.0,25.0,38.0,37.0,14.0,0.0,0.0,0.0,0.0,41.1285,0.0,41.2423,0.0,0.0
20458.0,1.7097,0.0887,1.0,2.5441,350.0543,1.7983,0.7983,2.3745,1.3745,20.3162,1.8126,19.946,1.7978,100.0,0.0,0.0,0.0,25.125,0.0,26.375,0.0,26.125,0.0,25.25,10.0,0.0,0.008,53.2427,5.3243,2.0,15.6702,1.478,0.2423,1.3901,0.3193,1.3985,2.016e-05,1.1629,0.0005,2.392,11.0,0.0572,1.0015,0.0989,2.2169,0.1064,2.2486,0.0413,1.8381,0.0,0.0,64.0,28.2856,25.0,25.0,38.0,37.0,12.0,0.0,0.0,0.0,0.0,41.1289,0.0,41.2427,0.0,0.0
20459.0,1.7114,0.0889,1.0,2.5443,350.2043,1.7978,0.7978,2.3744,1.3744,20.4497,1.818,19.9594,1.7984,100.0,0.0,0.0,0.0,25.125,0.0,26.5,0.0,26.0,0.0,25.25,10.0,0.0,0.008,53.2423,5.3242,2.0,15.5174,1.4763,0.1526,1.3803,0.3242,1.399,2.032e-05,1.1648,0.0005,2.3943,11.0,0.0608,1.0016,0.0993,2.2187,0.1112,2.2679,0.0362,1.7806,0.0,0.0,64.0,28.8073,25.0,25.0,38.0,37.0,15.0,0.0,0.0,0.0,0.0,41.1289,0.0,41.2427,0.0,0.0
20460.0,1.7133,0.0892,1.0,2.5444,350.2369,1.798,0.798,2.3747,1.3747,20.5218,1.8209,19.9453,1.7978,100.0,0.0,0.0,0.0,25.0,0.0,26.375,0.0,26.0,0.0,25.375,10.0,0.0,0.0082,53.2416,5.3241,2.0,15.3239,1.4741,0.1177,1.3765,0.3218,1.3987,2.041e-05,1.1658,0.0005,2.3934,11.0,0.0652,1.0017,0.1228,2.3112,0.0978,2.212,0.036,1.7786,0.0,0.0,64.0,29.6129,25.0,25.0,38.0,37.0,15.0,0.0,0.0,0.0,0.0,41.1281,0.0,41.2421,0.0,0.0
20461.0,1.7149,0.0894,1.0,2.5442,350.1312,1.7984,0.7984,2.3747,1.3747,20.461,1.8184,19.9348,1.7974,100.0,0.0,0.0,0.0,25.0,0.0,26.375,0.0,26.0,0.0,25.25,10.0,0.0,0.0078,53.2415,5.3241,2.0,15.24,1.4732,0.069,1.3712,0.3189,1.3984,2.047e-05,1.1665,0.0005,2.3914,11.0,0.0628,1.0017,0.1156,2.2849,0.0869,2.161,0.0336,1.7479,0.0,0.0,0.0,29.9921,25.0,25.0,38.0,37.0,12.0,0.0,0.0,0.0,0.0,41.1282,0.0,41.2422,0.0,0.0
20462.0,1.7133,0.0892,1.0,2.5444,350.2961,1.7984,0.7984,2.3747,1.3747,20.3673,1.8147,19.9322,1.7973,100.0,0.0,0.0,0.0,25.125,0.0,26.375,0.0,26.25,0.0,25.25,10.0,0.0,0.0085,53.2408,5.324,2.0,15.1305,1.4719,0.0903,1.3735,0.3167,1.3982,2.058e-05,1.1677,0.0005,2.3938,11.0,0.0653,1.0017,0.0986,2.2155,0.0756,2.1003,0.047,1.8941,0.0,0.0,0.0,30.0004,25.0,25.0,38.0,37.0,13.0,0.0,0.0,0.0,0.0,41.1275,0.0,41.2415,0.0,0.0
20463.0,1.7112,0.0889,1.0,2.5439,349.8334,1.7979,0.7979,2.3745,1.3745,20.3094,1.8124,19.9408,1.7976,100.0,0.0,0.0,0.0,25.125,0.0,26.375,0.0,26.0,0.0,25.375,10.0,0.0,0.0077,53.24,5.324,2.0,15.5217,1.4764,0.1904,1.3844,0.3204,1.3986,2.068e-05,1.1689,0.0005,2.3911,11.0,0.0621,1.0017,0.0942,2.196,0.0902,2.1771,0.0476,1.8999,0.0,0.0,0.0,29.9992,26.0,25.0,38.0,38.0,13.0,0.0,0.0,0.0,0.0,41.1277,0.0,41.2422,0.0,0.0
20464.0,1.7064,0.0883,1.0,2.5439,349.8653,1.7979,0.7979,2.3743,1.3743,20.4507,1.818,19.9578,1.7983,100.0,0.0,0.0,0.0,25.125,0.0,26.375,0.0,26.0,0.0,25.25,10.0,0.0,0.0081,53.2397,5.324,2.0,15.5309,1.4765,0.2467,1.3905,0.3156,1.3981,2.076e-05,1.1697,0.0005,2.3945,11.0,0.0607,1.0016,0.0975,2.2109,0.0739,2.0904,0.0399,1.8225,0.0,0.0,0.0,29.9982,26.0,25.0,38.0,38.0,13.0,0.0,0.0,0.0,0.0,41.1272,0.0,41.2415,0.0,0.0
20465.0,1.7,0.0875,1.0,2.5436,349.6447,1.798,0.798,2.3748,1.3748,20.5412,1.8216,19.9459,1.7978,100.0,0.0,0.0,0.0,25.125,0.0,26.375,0.0,26.0,0.0,25.25,10.0,0.0,0.008,53.2394,5.3239,2.0,15.7554,1.479,0.2122,1.3868,0.3115,1.3976,2.076e-05,1.1698,0.0005,2.3919,11.0,0.055,1.0015,0.0792,2.1206,0.0738,2.0898,0.0381,1.8031,0.0,0.0,0.0,29.998,26.0,25.0,38.0,38.0,13.0,0.0,0.0,0.0,0.0,41.1283,0.0,41.242,0.0,0.0
20466.0,1.6993,0.0874,1.0,2.5443,350.1752,1.7983,0.7983,2.3748,1.3748,20.4697,1.8188,19.9352,1.7974,100.0,0.0,0.0,0.0,25.125,0.0,26.375,0.0,26.0,0.0,25.25,10.0,0.0,0.0085,53.2388,5.3239,2.0,15.7454,1.4789,0.2615,1.3922,0.3138,1.3979,2.094e-05,1.1717,0.0005,2.395,11.0,0.0591,1.0016,0.0883,2.1676,0.0589,1.9921,0.0378,1.799,0.0,0.0,0.0,29.9984,26.0,25.0,38.0,38.0,14.0,0.0,0.0,0.0,0.0,41.1283,0.0,41.2423,0.0,0.0
20467.0,1.7011,0.0876,1.0,2.5442,350.1185,1.7988,0.7988,2.3744,1.3744,20.3794,1.8152,19.9414,1.7977,100.0,0.0,0.0,0.0,25.125,0.0,26.5,0.0,26.0,0.0,25.125,10.0,0.0,0.0083,53.2383,5.3238,2.0,15.822,1.4797,0.2096,1.3865,0.3109,1.3976,2.093e-05,1.1716,0.0005,2.3928,11.0,0.0579,1.0015,0.0816,2.1333,0.0633,2.023,0.0377,1.7987,0.0,0.0,0.0,29.9976,26.0,25.0,38.0,37.0,14.0,0.0,0.0,0.0,0.0,41.1281,0.0,41.2425,0.0,0.0
20468.0,1.7053,0.0882,1.0,2.5443,350.1922,1.7987,0.7987,2.3741,1.3741,20.2951,1.8118,19.9491,1.798,100.0,0.0,0.0,0.0,25.125,0.0,26.375,0.0,26.0,0.0,25.25,10.0,0.0,0.008,53.2378,5.3238,2.0,15.5859,1.4771,0.136,1.3785,0.3141,1.3979,2.113e-05,1.1738,0.0005,2.3953,11.0,0.0637,1.0017,0.0682,2.0554,0.0519,1.9369,0.037,1.7903,0.0,0.0,0.0,29.9977,26.0,25.0,38.0,37.0,14.0,0.0,0.0,0.0,0.0,41.1293,0.0,41.2425,0.0,0.0
20469.0,1.7083,0.0885,1.0,2.5442,350.1461,1.7983,0.7983,2.374,1.374,20.4041,1.8162,19.9647,1.7986,100.0,0.0,0.0,0.0,25.125,0.0,26.625,0.0,26.0,0.0,25.25,10.0,0.0,0.0234,53.2374,5.3237,2.0,15.6582,1.4779,0.1686,1.382,0.312,1.3977,2.112e-05,1.1737,0.0005,2.3938,11.0,0.0658,1.0018,0.0701,2.0675,0.058,1.9855,0.0374,1.7942,0.0,0.0,0.0,29.9968,26.0,25.0,38.0,37.0,13.0,0.0,0.0,0.0,0.0,41.1283,0.0,41.2424,0.0,0.0
20470.0,1.7117,0.089,1.0,2.544,349.9551,1.7979,0.7979,2.3745,1.3745,20.5329,1.8213,19.9613,1.7985,100.0,0.0,0.0,0.0,25.0,0.0,26.5,0.0,26.0,0.0,25.25,10.0,0.0,0.0084,53.2371,5.3237,2.0,18.0487,1.5026,0.9699,1.4694,0.3165,1.3982,2.133e-05,1.176,0.0005,2.3958,11.0,0.0581,1.0015,0.064,2.0277,0.0587,1.9905,0.0315,1.7195,0.0,0.0,0.0,29.9959,26.0,25.0,38.0,37.0,14.0,0.0,0.0,0.0,0.0,41.1287,0.0,41.242,0.0,0.0
20471.0,1.7168,0.0896,1.0,2.5441,350.0082,1.7983,0.7983,2.3748,1.3748,20.4889,1.8196,19.9379,1.7975,100.0,0.0,0.0,0.0,25.125,0.0,26.375,0.0,26.0,0.0,25.25,10.0,0.0,0.0078,53.2365,5.3236,2.0,17.7087,1.4993,0.7092,1.441,0.3098,1.3974,2.132e-05,1.1759,0.0005,2.3943,11.0,0.0639,1.0017,0.0725,2.0822,0.0503,1.9234,0.0334,1.7461,0.0,0.0,0.0,29.9959,26.0,25.0,38.0,37.0,14.0,0.0,0.0,0.0,0.0,41.1278,0.0,41.2424,0.0,0.0
20472.0,1.7174,0.0897,1.0,2.5439,349.8756,1.7987,0.7987,2.3743,1.3743,20.3798,1.8152,19.9422,1.7977,100.0,0.0,0.0,0.0,25.125,0.0,26.375,0.0,26.0,0.0,25.25,10.0,0.0,0.0078,53.2358,5.3235,2.0,17.4426,1.4966,0.5922,1.4282,0.3078,1.3972,2.144e-05,1.1772,0.0005,2.3964,11.0,0.0608,1.0016,0.1366,2.3572,0.0548,1.9604,0.0328,1.7382,0.0,0.0,0.0,29.9954,26.0,25.0,38.0,37.0,15.0,0.0,0.0,0.0,0.0,41.128,0.0,41.242,0.0,0.0
20473.0,1.7178,0.0897,1.0,2.544,349.9049,1.7987,0.7987,2.3742,1.3742,20.2937,1.8117,19.9408,1.7976,100.0,0.0,0.0,0.0,25.125,0.0,26.375,0.0,26.0,0.0,25.25,10.0,0.0,0.0084,53.2358,5.3236,2.0,17.1507,1.4937,0.5013,1.4183,0.3057,1.397,2.145e-05,1.1773,0.0005,2.3948,11.0,0.0612,1.0016,0.137,2.3585,0.0508,1.9275,0.0307,1.7084,0.0,0.0,0.0,29.9945,26.0,25.0,38.0,37.0,14.0,0.0,0.0,0.0,0.0,41.1274,0.0,41.2416,0.0,0.0
20474.0,1.7181,0.0898,1.0,2.544,349.9398,1.798,0.798,2.3743,1.3743,20.3672,1.8147,19.9543,1.7982,100.0,0.0,0.0,0.0,25.125,0.0,26.375,0.0,26.0,0.0,25.25,10.0,0.0,0.0083,53.2353,5.3235,2.0,16.9809,1.492,0.431,1.4107,0.3104,1.3975,2.166e-05,1.1796,0.0005,2.3972,11.0,0.0589,1.0016,0.126,2.3222,0.0525,1.9419,0.0307,1.709,0.0,0.0,0.0,29.995,26.0,25.0,38.0,37.0,15.0,0.0,0.0,0.0,0.0,41.1286,0.0,41.2423,0.0,0.0
20475.0,1.7186,0.0898,1.0,2.5441,350.0414,1.7979,0.7979,2.3745,1.3745,20.5287,1.8211,19.95,1.798,100.0,0.0,0.0,0.0,25.125,0.0,26.5,0.0,26.0,0.0,25.375,10.0,0.0,0.0077,53.2347,5.3235,2.0,16.7296,1.4894,0.3451,1.4013,0.3107,1.3975,2.175e-05,1.1805,0.0005,2.395,11.0,0.0574,1.0015,0.1023,2.2319,0.0471,1.8949,0.0463,1.8873,0.0,0.0,0.0,29.9946,25.0,25.0,38.0,37.0,14.0,0.0,0.0,0.0,0.0,41.1283,0.0,41.2421,0.0,0.0
20476.0,1.7214,0.0902,1.0,2.5443,350.185,1.7984,0.7984,2.3744,1.3744,20.5068,1.8203,19.9391,1.7976,100.0,0.0,0.0,0.0,25.125,0.0,26.375,0.0,26.125,0.0,25.25,10.0,0.0,0.0083,53.2348,5.3235,2.0,16.9367,1.4915,0.3758,1.4046,0.3067,1.3971,2.183e-05,1.1813,0.0005,2.3973,11.0,0.0612,1.0016,0.1714,2.456,0.0387,1.8098,0.0409,1.8338,0.0,0.0,0.0,29.9938,25.0,25.0,38.0,37.0,13.0,0.0,0.0,0.0,0.0,41.1277,0.0,41.2413,0.0,0.0
20477.0,1.7244,0.0906,1.0,2.5443,350.1485,1.7984,0.7984,2.3744,1.3744,20.4107,1.8164,19.9329,1.7973,100.0,0.0,0.0,0.0,25.125,0.0,26.375,0.0,26.0,0.0,25.25,10.0,0.0,0.0081,53.234,5.3234,2.0,16.774,1.4899,0.2531,1.3912,0.3077,1.3972,2.192e-05,1.1824,0.0005,2.3958,11.0,0.0622,1.0017,0.1624,2.4323,0.037,1.7904,0.0411,1.836,0.0,0.0,0.0,29.9939,25.0,25.0,38.0,37.0,13.0,0.0,0.0,0.0,0.0,41.1281,0.0,41.242,0.0,0.0
20478.0,1.7235,0.0904,1.0,2.5441,350.0572,1.7984,0.7984,2.3746,1.3746,20.3117,1.8125,19.9308,1.7972,100.0,0.0,0.0,0.0,25.125,0.0,26.25,0.0,26.0,0.0,25.25,10.0,0.0,0.0074,53.2335,5.3233,2.0,16.7329,1.4894,0.2309,1.3888,0.303,1.3967,2.197e-05,1.1829,0.0005,2.3989,11.0,0.0597,1.0016,0.1484,2.3933,0.0382,1.8035,0.0405,1.8297,0.0,0.0,0.0,29.9939,25.0,25.0,38.0,37.0,12.0,0.0,0.0,0.0,0.0,41.1282,0.0,41.2422,0.0,0.0
20479.0,1.727,0.0909,1.0,2.5444,350.2554,1.798,0.798,2.374,1.374,20.3732,1.8149,19.9534,1.7981,100.0,0.0,0.0,0.0,25.25,0.0,26.25,0.0,26.0,0.0,25.25,10.0,0.0,0.0088,53.233,5.3233,2.0,16.6004,1.488,0.2374,1.3895,0.3095,1.3974,2.216e-05,1.1849,0.0005,2.3963,11.0,0.066,1.0018,0.1497,2.3971,0.0356,1.7738,0.0346,1.7607,0.0,0.0,0.0,29.9935,26.0,25.0,38.0,37.0,15.0,0.0,0.0,0.0,0.0,41.1286,0.0,41.2422,0.0,0.0
20480.0,1.7338,0.0917,1.0,2.5442,350.0925,1.7977,0.7977,2.374,1.374,20.5255,1.821,19.954,1.7982,100.0,0.0,0.0,0.0,25.125,0.0,26.375,0.0,26.125,0.0,25.375,10.0,0.0,0.0083,53.2322,5.3232,2.0,16.7905,1.49,0.2495,1.3909,0.2995,1.3963,2.213e-05,1.1846,0.0005,2.3994,11.0,0.065,1.0017,0.1522,2.4044,0.0341,1.7551,0.0494,1.9158,0.0,0.0,0.0,29.9939,26.0,25.0,38.0,38.0,13.0,0.0,0.0,0.0,0.0,41.1283,0.0,41.2425,0.0,0.0
20481.0,1.7352,0.0919,1.0,2.5437,349.7299,1.7982,0.7982,2.3744,1.3744,20.5271,1.8211,19.9479,1.7979,100.0,0.0,0.0,0.0,25.125,0.0,26.375,0.0,26.0,0.0,25.25,10.0,0.0,0.0072,53.2315,5.3232,2.0,16.6444,1.4885,0.2052,1.386,0.3028,1.3967,2.222e-05,1.1855,0.0005,2.3967,11.0,0.0597,1.0016,0.1402,2.3687,0.0338,1.7503,0.0504,1.9247,0.0,0.0,0.0,29.9945,26.0,25.0,38.0,38.0,14.0,0.0,0.0,0.0,0.0,41.1291,0.0,41.2428,0.0,0.0
20482.0,1.7342,0.0918,1.0,2.5444,350.2665,1.7984,0.7984,2.3743,1.3743,20.4334,1.8173,19.9437,1.7977,100.0,0.0,0.0,0.0,25.125,0.0,26.25,0.0,26.0,0.0,25.25,10.0,0.0,0.0075,53.2313,5.3231,2.0,16.9812,1.492,0.3206,1.3986,0.2993,1.3963,2.227e-05,1.186,0.0005,2.3992,11.0,0.0647,1.0017,0.1116,2.2695,0.0324,1.7329,0.0476,1.8995,0.0,0.0,0.0,29.9941,26.0,25.0,38.0,38.0,14.0,0.0,0.0,0.0,0.0,41.1286,0.0,41.2427,0.0,0.0
20483.0,1.7356,0.0919,1.0,2.5443,350.149,1.7988,0.7988,2.3742,1.3742,20.3211,1.8128,19.941,1.7976,100.0,0.0,0.0,0.0,25.125,0.0,26.5,0.0,26.0,0.0,25.25,10.0,0.0,0.0081,53.2308,5.323,2.0,16.8694,1.4908,0.2302,1.3888,0.3055,1.397,2.245e-05,1.1879,0.0005,2.3974,11.0,0.0659,1.0018,0.1836,2.4857,0.028,1.6696,0.0413,1.8381,0.0,0.0,0.0,29.993,25.0,25.0,38.0,38.0,12.0,0.0,0.0,0.0,0.0,41.1282,0.0,41.2418,0.0,0.0
20484.0,1.7362,0.092,1.0,2.5439,349.8315,1.7985,0.7985,2.3741,1.3741,20.3407,1.8136,19.9583,1.7983,100.0,0.0,0.0,0.0,25.125,0.0,26.375,0.0,26.0,0.0,25.25,10.0,0.0,0.0084,53.2299,5.323,2.0,16.7975,1.4901,0.2411,1.3899,0.298,1.3961,2.244e-05,1.1878,0.0005,2.3999,11.0,0.0586,1.0016,0.1566,2.4167,0.0272,1.6566,0.0422,1.8476,0.0,0.0,0.0,29.9929,25.0,25.0,38.0,37.0,13.0,0.0,0.0,0.0,0.0,41.1281,0.0,41.242,0.0,0.0
20485.0,1.7358,0.092,1.0,2.5441,350.0111,1.7978,0.7978,2.3744,1.3744,20.497,1.8199,19.9667,1.7987,100.0,0.0,0.0,0.0,25.375,0.0,26.5,0.0,26.0,0.0,25.25,10.0,0.0,0.0082,53.23,5.323,2.0,16.9562,1.4917,0.2876,1.395,0.301,1.3965,2.262e-05,1.1897,0.0005,2.3975,11.0,0.0614,1.0016,0.1628,2.4334,0.0268,1.6495,0.04,1.8238,0.0,0.0,0.0,29.9931,25.0,25.0,38.0,37.0,15.0,0.0,0.0,0.0,64.0,41.1867,0.0,41.2423,0.0,0.0
20486.0,1.7336,0.0917,1.0,2.5439,349.8954,1.7981,0.7981,2.3748,1.3748,20.5254,1.821,19.9541,1.7982,100.0,0.0,0.0,0.0,25.25,0.0,26.375,0.0,26.0,0.0,25.375,10.0,0.0,0.0079,53.2297,5.323,2.0,16.968,1.4919,0.2308,1.3888,0.2984,1.3962,2.261e-05,1.1895,0.0005,2.3975,11.0,0.0573,1.0015,0.1847,2.4884,0.1297,2.3347,0.0367,1.7869,0.0,0.0,0.0,29.9923,25.0,25.0,38.0,37.0,14.0,0.0,0.0,0.0,64.0,41.3885,0.0,41.242,0.0,0.0
20487.0,1.7293,0.0912,1.0,2.5436,349.6457,1.7984,0.7984,2.3747,1.3747,20.4318,1.8173,19.9344,1.7974,100.0,0.0,0.0,0.0,25.125,0.0,26.375,0.0,26.125,0.0,25.25,10.0,0.0,0.0087,53.2289,5.3229,2.0,16.6404,1.4885,0.1272,1.3775,0.2923,1.3955,2.269e-05,1.1903,0.0005,2.3974,11.0,0.056,1.0015,0.1691,2.45,0.1348,2.3515,0.0375,1.7956,0.0,0.0,0.0,29.9927,26.0,25.0,38.0,37.0,17.0,0.0,0.0,0.0,64.0,41.5575,0.0,41.2423,0.0,0.0
20488.0,1.7272,0.0909,1.0,2.544,349.9436,1.7984,0.7984,2.3742,1.3742,20.3192,1.8128,19.9311,1.7972,100.0,0.0,0.0,0.0,25.125,0.0,26.375,0.0,26.0,0.0,25.25,10.0,0.0,0.0075,53.2287,5.3228,2.0,16.5371,1.4874,0.0917,1.3736,0.2927,1.3956,2.28e-05,1.1914,0.0005,2.3984,11.0,0.0559,1.0015,0.1376,2.3605,0.1327,2.3446,0.0342,1.7559,0.0,0.0,0.0,29.9924,26.0,25.0,38.0,38.0,12.0,0.0,0.0,0.0,64.0,41.713,0.0,41.242,0.0,0.0
20489.0,1.7244,0.0905,1.0,2.5444,350.2586,1.7982,0.7982,2.3744,1.3744,20.3166,1.8127,19.9454,1.7978,100.0,0.0,0.0,0.0,25.25,0.0,26.375,0.0,26.0,0.0,25.25,10.0,0.0,0.009,53.2285,5.3228,2.0,16.555,1.4876,0.0863,1.373,0.2879,1.395,2.286e-05,1.192,0.0005,2.3982,11.0,0.0638,1.0017,0.1365,2.3571,0.1221,2.3086,0.0346,1.7605,0.0,0.0,0.0,29.9921,26.0,25.0,38.0,38.0,13.0,0.0,0.0,0.0,64.0,41.9211,0.0,41.2412,0.0,0.0
20490.0,1.7209,0.0901,1.0,2.5443,350.2091,1.7978,0.7978,2.3741,1.3741,20.4955,1.8198,19.9659,1.7986,100.0,0.0,0.0,0.0,25.125,0.0,26.375,0.0,26.0,0.0,25.25,10.0,0.0,0.0083,53.2278,5.3227,2.0,16.4111,1.4861,0.0629,1.3705,0.2893,1.3952,2.297e-05,1.1932,0.0005,2.4,11.0,0.0608,1.0016,0.1358,2.3547,0.1035,2.2369,0.0495,1.9165,0.0,0.0,0.0,29.9922,26.0,25.0,38.0,38.0,13.0,0.0,0.0,0.0,64.0,42.0774,0.0,41.2423,0.0,0.0
20491.0,1.7202,0.09,1.0,2.5441,350.0517,1.7984,0.7984,2.3743,1.3743,20.5283,1.8211,19.9521,1.7981,100.0,0.0,0.0,0.0,25.25,0.0,26.375,0.0,26.125,0.0,25.25,10.0,0.0,0.0076,53.2274,5.3227,2.0,16.4766,1.4867,0.0433,1.3684,0.2839,1.3946,2.297e-05,1.1932,0.0005,2.3985,11.0,0.0636,1.0017,0.1373,2.3595,0.1068,2.2504,0.0473,1.8969,0.0,0.0,0.0,29.9921,26.0,25.0,38.0,38.0,15.0,0.0,0.0,0.0,64.0,42.2894,0.0,41.2424,0.0,0.0
20492.0,1.7172,0.0896,1.0,2.5446,350.4273,1.7987,0.7987,2.3743,1.3743,20.4646,1.8186,19.9448,1.7978,100.0,0.0,0.0,0.0,25.125,0.0,26.375,0.0,26.0,0.0,25.25,10.0,0.0,0.0082,53.2269,5.3227,2.0,16.5347,1.4874,0.074,1.3717,0.2838,1.3946,2.303e-05,1.1938,0.0005,2.3996,11.0,0.0654,1.0017,0.1376,2.3603,0.0941,2.1956,0.0437,1.8626,0.0,0.0,0.0,29.9918,25.0,25.0,38.0,38.0,15.0,0.0,0.0,0.0,64.0,42.4793,0.0,41.2421,0.0,0.0
20493.0,1.713,0.0891,1.0,2.5442,350.1223,1.7988,0.7988,2.3746,1.3746,20.3468,1.8139,19.9416,1.7977,100.0,0.0,0.0,0.0,25.125,0.0,26.375,0.0,25.875,0.0,25.375,10.0,0.0,0.0082,53.2266,5.3227,2.0,16.4917,1.4869,0.0823,1.3726,0.2817,1.3944,2.308e-05,1.1943,0.0005,2.3988,11.0,0.0604,1.0016,0.1071,2.2516,0.0993,2.2188,0.04,1.8242,0.0,0.0,0.0,29.9919,25.0,25.0,38.0,38.0,15.0,0.0,0.0,0.0,64.0,42.6622,0.0,41.2425,0.0,0.0
20494.0,1.7087,0.0886,1.0,2.5443,350.2016,1.7983,0.7983,2.3742,1.3742,20.3265,1.8131,19.9457,1.7978,100.0,0.0,0.0,0.0,25.25,0.0,26.375,0.0,26.0,0.0,25.375,10.0,0.0,0.0079,53.2256,5.3225,2.0,16.6108,1.4882,0.0441,1.3685,0.2792,1.3941,2.323e-05,1.1958,0.0005,2.4006,11.0,0.067,1.0018,0.1047,2.2419,0.0927,2.189,0.0422,1.8471,0.0,0.0,0.0,29.9922,25.0,25.0,38.0,38.0,14.0,0.0,0.0,0.0,64.0,42.8133,0.0,41.2424,0.0,0.0
20495.0,1.7047,0.0881,1.0,2.5443,350.218,1.7979,0.7979,2.374,1.374,20.4763,1.8191,19.9683,1.7987,100.0,0.0,0.0,0.0,25.25,0.0,26.5,0.0,26.0,0.0,25.25,10.0,0.0,0.008,53.2253,5.3225,2.0,16.1256,1.483,-0.0889,1.3539,0.2845,1.3947,2.333e-05,1.1968,0.0005,2.399,11.0,0.0664,1.0018,0.1029,2.2343,0.0754,2.0994,0.0365,1.7845,0.0,0.0,0.0,29.9919,25.0,25.0,38.0,38.0,13.0,0.0,0.0,0.0,64.0,43.0212,0.0,41.2425,0.0,0.0
20496.0,1.705,0.0881,1.0,2.544,349.9806,1.7983,0.7983,2.3743,1.3743,20.5353,1.8214,19.9545,1.7982,100.0,0.0,0.0,0.0,25.125,0.0,26.375,0.0,26.0,0.0,25.375,10.0,0.0,0.0083,53.2249,5.3225,2.0,16.0905,1.4826,-0.0642,1.3566,0.2769,1.3938,2.337e-05,1.1972,0.0005,2.4003,11.0,0.0659,1.0018,0.102,2.2306,0.0897,2.1744,0.0395,1.819,0.0,0.0,0.0,29.9915,25.0,25.0,38.0,37.0,14.0,0.0,0.0,0.0,64.0,43.2171,0.0,41.2421,0.0,0.0
20497.0,1.7065,0.0883,1.0,2.5438,349.8207,1.7984,0.7984,2.3747,1.3747,20.4733,1.8189,19.9352,1.7974,100.0,0.0,0.0,0.0,25.25,0.0,26.5,0.0,25.875,0.0,25.25,10.0,0.0,0.0074,53.2244,5.3224,2.0,16.2108,1.4839,0.0161,1.3654,0.2787,1.394,2.349e-05,1.1984,0.0005,2.3989,11.0,0.0587,1.0016,0.0985,2.2154,0.0766,2.1061,0.0362,1.7807,0.0,0.0,0.0,29.9918,25.0,25.0,38.0,37.0,13.0,0.0,0.0,0.0,64.0,43.4326,0.0,41.2423,0.0,0.0
20498.0,1.7055,0.0882,1.0,2.5441,350.0303,1.7984,0.7984,2.3744,1.3744,20.3777,1.8151,19.9315,1.7973,100.0,0.0,0.0,0.0,25.25,0.0,26.375,0.0,26.0,0.0,25.25,10.0,0.0,0.0086,53.2241,5.3224,2.0,16.2114,1.4839,-0.0428,1.359,0.2726,1.3934,2.348e-05,1.1983,0.0005,2.4016,11.0,0.0633,1.0017,0.0905,2.1786,0.0804,2.1271,0.0327,1.7361,0.0,0.0,0.0,29.9918,25.0,25.0,38.0,37.0,14.0,0.0,0.0,0.0,64.0,43.6022,0.0,41.2428,0.0,0.0
20499.0,1.7039,0.088,1.0,2.5441,350.0046,1.7985,0.7985,2.3741,1.3741,20.3069,1.8123,19.9497,1.798,100.0,0.0,0.0,0.0,25.125,0.0,26.375,0.0,26.0,0.0,25.375,10.0,0.0,0.0082,53.2238,5.3224,2.0,16.1787,1.4836,-0.0271,1.3607,0.276,1.3937,2.36e-05,1.1995,0.0005,2.3991,11.0,0.06,1.0016,0.0884,2.1681,0.0718,2.0781,0.0318,1.7246,0.0,0.0,0.0,29.9916,25.0,25.0,38.0,37.0,15.0,0.0,0.0,0.0,64.0,43.7984,0.0,41.2426,0.0,0.0
20500.0,1.7018,0.0877,1.0,2.5437,349.7067,1.7983,0.7983,2.374,1.374,20.4507,1.818,19.9687,1.7987,100.0,0.0,0.0,0.0,25.125,0.0,26.5,0.0,26.125,0.0,25.375,10.0,0.0,0.0081,53.223,5.3223,2.0,16.0765,1.4825,-0.0244,1.361,0.2813,1.3943,2.379e-05,1.2013,0.0005,2.4017,11.0,0.0563,1.0015,0.0908,2.1799,0.0799,2.1242,0.0332,1.7427,0.0,0.0,0.0,29.9912,25.0,25.0,38.0,37.0,13.0,0.0,0.0,0.0,64.0,43.9717,0.0,41.2426,0.0,0.0
20501.0,1.699,0.0874,1.0,2.5441,349.99,1.798,0.798,2.3743,1.3743,20.5325,1.8213,19.9537,1.7981,100.0,0.0,0.0,0.0,25.25,0.0,26.5,0.0,26.0,0.0,25.375,10.0,0.0,0.0077,53.2227,5.3223,2.0,16.6725,1.4888,0.1497,1.38,0.282,1.3944,2.383e-05,1.2017,0.0005,2.399,11.0,0.0566,1.0015,0.0815,2.1329,0.0586,1.9895,0.0316,1.7209,0.0,0.0,0.0,29.9907,25.0,25.0,38.0,37.0,13.0,0.0,0.0,0.0,64.0,44.181,0.0,41.2421,0.0,0.0
20502.0,1.6972,0.0871,1.0,2.5443,350.2168,1.7984,0.7984,2.3744,1.3744,20.4973,1.8199,19.939,1.7976,100.0,0.0,0.0,0.0,25.25,0.0,26.375,0.0,26.0,0.0,25.375,10.0,0.0,0.0088,53.2226,5.3222,2.0,16.7949,1.4901,0.1857,1.3839,0.2811,1.3943,2.396e-05,1.203,0.0005,2.4027,11.0,0.0594,1.0016,0.0749,2.0966,0.075,2.0969,0.0326,1.7355,0.0,0.0,0.0,29.9906,25.0,25.0,38.0,37.0,13.0,0.0,0.0,0.0,64.0,44.3675,0.0,41.2417,0.0,0.0
20503.0,1.6952,0.0869,1.0,2.5442,350.1105,1.7984,0.7984,2.3744,1.3744,20.3816,1.8153,19.9311,1.7972,100.0,0.0,0.0,0.0,25.125,0.0,26.375,0.0,26.0,0.0,25.25,10.0,0.0,0.008,53.2222,5.3222,2.0,16.7862,1.49,0.1363,1.3785,0.2885,1.3951,2.415e-05,1.2049,0.0005,2.4019,11.0,0.0607,1.0016,0.0769,2.1077,0.0549,1.9615,0.0432,1.857,0.0,0.0,0.0,29.9907,25.0,25.0,38.0,37.0,12.0,0.0,0.0,0.0,64.0,44.5653,0.0,41.242,0.0,0.0
20504.0,1.6959,0.087,1.0,2.5439,349.9021,1.7984,0.7984,2.3742,1.3742,20.2984,1.8119,19.9367,1.7975,100.0,0.0,0.0,0.0,25.125,0.0,26.375,0.0,26.125,0.0,25.25,10.0,0.0,0.0081,53.2213,5.3221,2.0,16.8191,1.4903,0.0735,1.3717,0.2878,1.395,2.42e-05,1.2053,0.0005,2.4023,11.0,0.0562,1.0015,0.0746,2.0947,0.0556,1.967,0.0419,1.8437,0.0,0.0,0.0,29.9906,25.0,25.0,38.0,38.0,14.0,0.0,0.0,0.0,64.0,44.7341,0.0,41.2418,0.0,0.0
20505.0,1.6981,0.0873,1.0,2.5441,349.9945,1.798,0.798,2.3739,1.3739,20.4407,1.8176,19.9659,1.7986,100.0,0.0,0.0,0.0,25.125,0.0,26.375,0.0,26.125,0.0,25.25,10.0,0.0,0.0079,53.2207,5.3221,2.0,16.3935,1.4859,0.0679,1.371,0.2928,1.3956,2.437e-05,1.207,0.0005,2.4045,11.0,0.0553,1.0015,0.0574,1.981,0.0429,1.8543,0.0441,1.8664,0.0,0.0,0.0,29.9898,25.0,25.0,38.0,38.0,14.0,0.0,0.0,0.0,64.0,44.9063,0.0,41.2415,0.0,0.0
20506.0,1.7008,0.0876,1.0,2.5443,350.1963,1.7979,0.7979,2.3739,1.3739,20.5329,1.8213,19.9581,1.7983,100.0,0.0,0.0,0.0,25.125,0.0,26.375,0.0,26.0,0.0,25.375,10.0,0.0,0.0085,53.2208,5.322,2.0,16.6326,1.4884,0.1047,1.3751,0.295,1.3958,2.443e-05,1.2075,0.0005,2.4021,11.0,0.0588,1.0016,0.0513,1.9317,0.0506,1.9258,0.0428,1.8534,0.0,0.0,0.0,29.9908,25.0,25.0,38.0,38.0,14.0,0.0,0.0,0.0,64.0,45.1012,0.0,41.2414,0.0,0.0
20507.0,1.7031,0.0879,1.0,2.5441,350.063,1.7983,0.7983,2.374,1.374,20.4963,1.8199,19.9361,1.7974,100.0,0.0,0.0,0.0,25.125,0.0,26.375,0.0,26.0,0.0,25.375,10.0,0.0,0.0084,53.2202,5.322,2.0,16.7785,1.4899,0.1027,1.3748,0.2989,1.3962,2.461e-05,1.2093,0.0005,2.4049,11.0,0.0623,1.0017,0.0612,2.0083,0.0486,1.9084,0.0371,1.791,0.0,0.0,0.0,29.9903,25.0,25.0,38.0,38.0,14.0,0.0,0.0,0.0,64.0,45.3273,0.0,41.2414,0.0,0.0
20508.0,1.703,0.0879,1.0,2.5443,350.1485,1.7987,0.7987,2.3739,1.3739,20.4088,1.8164,19.9425,1.7977,100.0,0.0,0.0,0.0,25.125,0.0,26.375,0.0,26.0,0.0,25.375,10.0,0.0,0.0078,53.2196,5.322,2.0,16.732,1.4894,0.1083,1.3754,0.3071,1.3971,2.482e-05,1.2112,0.0005,2.4023,11.0,0.0602,1.0016,0.0631,2.0219,0.0408,1.8328,0.0543,1.9569,0.0,0.0,0.0,29.9902,25.0,25.0,38.0,38.0,15.0,0.0,0.0,0.0,64.0,45.5048,0.0,41.2419,0.0,0.0
20509.0,1.7049,0.0881,1.0,2.5442,350.0906,1.7985,0.7985,2.3738,1.3738,20.2914,1.8117,19.9431,1.7977,100.0,0.0,0.0,0.0,25.125,0.0,26.375,0.0,26.0,0.0,25.25,10.0,0.0,0.0085,53.2192,5.3219,2.0,16.745,1.4896,0.0855,1.373,0.3125,1.3977,2.499e-05,1.2128,0.0005,2.4048,11.0,0.0625,1.0017,0.0555,1.9665,0.0378,1.7992,0.0513,1.932,0.0,0.0,0.0,29.9899,25.0,25.0,38.0,37.0,13.0,0.0,0.0,0.0,64.0,45.6977,0.0,41.2415,0.0,0.0
20510.0,1.7075,0.0884,1.0,2.5442,350.1394,1.7983,0.7983,2.3736,1.3736,20.3847,1.8154,19.9623,1.7985,100.0,0.0,0.0,0.0,25.125,0.0,26.375,0.0,26.0,0.0,25.25,10.0,0.0,0.0084,53.2186,5.3219,2.0,16.5972,1.488,0.0496,1.369,0.3148,1.398,2.513e-05,1.214,0.0005,2.4069,11.0,0.0658,1.0018,0.0508,1.9276,0.0429,1.8539,0.0488,1.9106,0.0,0.0,0.0,29.9899,25.0,25.0,38.0,37.0,13.0,0.0,0.0,0.0,64.0,45.8582,0.0,41.2416,0.0,0.0
20511.0,1.7092,0.0886,1.0,2.5444,350.2302,1.7982,0.7982,2.3738,1.3738,20.5268,1.8211,19.9602,1.7984,100.0,0.0,0.0,0.0,25.125,0.0,26.375,0.0,26.0,0.0,25.375,10.0,0.0,0.0084,53.2178,5.3217,2.0,16.5948,1.488,0.0356,1.3675,0.3228,1.3988,2.534e-05,1.216,0.0005,2.4044,11.0,0.0639,1.0017,0.0448,1.873,0.0374,1.7952,0.0583,1.9873,0.0,0.0,0.0,29.9898,25.0,25.0,38.0,37.0,14.0,0.0,0.0,0.0,64.0,45.9206,0.0,41.2418,0.0,0.0
20512.0,1.7127,0.0891,1.0,2.5441,349.996,1.7983,0.7983,2.374,1.374,20.5076,1.8203,19.9486,1.7979,100.0,0.0,0.0,0.0,25.125,0.0,26.375,0.0,26.125,0.0,25.375,10.0,0.0,0.008,53.2177,5.3218,2.0,16.5211,1.4872,0.022,1.366,0.3292,1.3995,2.547e-05,1.2172,0.0005,2.4076,11.0,0.0654,1.0017,0.0413,1.8381,0.036,1.7776,0.0613,2.0094,0.0,0.0,0.0,29.9899,26.0,25.0,38.0,37.0,15.0,0.0,0.0,0.0,64.0,46.2293,0.0,41.242,0.0,0.0
20513.0,1.7156,0.0894,1.0,2.5439,349.872,1.7987,0.7987,2.374,1.374,20.4268,1.8171,19.9407,1.7976,100.0,0.0,0.0,0.0,25.125,0.0,26.375,0.0,26.0,0.0,25.375,10.0,0.0,0.007,53.217,5.3216,2.0,16.4612,1.4866,0.0449,1.3685,0.3358,1.4003,2.561e-05,1.2185,0.0005,2.408,11.0,0.0575,1.0015,0.0405,1.8288,0.0393,1.8159,0.0532,1.9475,0.0,0.0,0.0,29.99,26.0,25.0,38.0,38.0,14.0,0.0,0.0,0.0,64.0,46.4335,0.0,41.2419,0.0,0.0
20514.0,1.7171,0.0896,1.0,2.544,349.9823,1.7985,0.7985,2.3741,1.3741,20.3108,1.8124,19.9317,1.7973,100.0,0.0,0.0,0.0,25.125,0.0,26.375,0.0,26.0,0.0,25.375,10.0,0.0,0.0074,53.2171,5.3217,2.0,16.6184,1.4882,0.0572,1.3699,0.3422,1.401,2.581e-05,1.2203,0.0005,2.407,11.0,0.0607,1.0016,0.043,1.8557,0.0382,1.8036,0.0455,1.8802,0.0,0.0,0.0,29.9902,26.0,25.0,38.0,38.0,13.0,0.0,0.0,0.0,64.0,46.5894,0.0,41.2423,0.0,0.0
20515.0,1.715,0.0894,1.0,2.5444,350.2458,1.798,0.798,2.3737,1.3737,20.3679,1.8147,19.9537,1.7981,100.0,0.0,0.0,0.0,25.25,0.0,26.375,0.0,26.0,0.0,25.375,10.0,0.0,0.0083,53.2165,5.3216,2.0,16.8309,1.4904,0.1477,1.3797,0.3499,1.4018,2.612e-05,1.2231,0.0005,2.4092,11.0,0.066,1.0018,0.0386,1.809,0.0318,1.7246,0.0492,1.9135,0.0,0.0,0.0,29.9897,26.0,25.0,38.0,38.0,14.0,0.0,0.0,0.0,64.0,46.7894,0.0,41.2426,0.0,0.0
20516.0,1.7139,0.0892,1.0,2.5441,350.0337,1.7981,0.7981,2.3737,1.3737,20.5138,1.8206,19.9625,1.7985,100.0,0.0,0.0,0.0,25.25,0.0,26.375,0.0,26.0,0.0,25.375,10.0,0.0,0.0081,53.2162,5.3216,2.0,16.8174,1.4903,0.0797,1.3723,0.3605,1.403,2.635e-05,1.2251,0.0005,2.4118,11.0,0.0649,1.0017,0.0353,1.7694,0.0275,1.6613,0.048,1.9035,0.0,0.0,0.0,29.9898,26.0,25.0,38.0,38.0,13.0,0.0,0.0,0.0,64.0,46.9562,0.0,41.2418,0.0,0.0
20517.0,1.712,0.089,1.0,2.5439,349.8488,1.7987,0.7987,2.374,1.374,20.5127,1.8205,19.9481,1.7979,100.0,0.0,0.0,0.0,25.125,0.0,26.5,0.0,26.0,0.0,25.25,10.0,0.0,0.0077,53.2156,5.3215,2.0,16.7317,1.4894,0.0859,1.373,0.3681,1.4038,2.652e-05,1.2266,0.0005,2.4103,11.0,0.062,1.0017,0.0326,1.7352,0.0303,1.7032,0.0481,1.9037,0.0,0.0,0.0,29.9899,26.0,25.0,38.0,37.0,14.0,0.0,0.0,0.0,64.0,47.1071,0.0,41.2419,0.0,0.0
20518.0,1.7104,0.0888,1.0,2.544,349.9607,1.7987,0.7987,2.3738,1.3738,20.4457,1.8178,19.9432,1.7977,100.0,0.0,0.0,0.0,25.125,0.0,26.375,0.0,26.0,0.0,25.25,10.0,0.0,0.0082,53.2152,5.3215,2.0,16.7078,1.4892,0.0669,1.3709,0.3772,1.4048,2.676e-05,1.2287,0.0005,2.4114,11.0,0.0598,1.0016,0.0348,1.7638,0.0594,1.9953,0.0429,1.8539,0.0,0.0,0.0,29.9894,26.0,25.0,38.0,37.0,13.0,0.0,0.0,0.0,64.0,47.3242,0.0,41.2417,0.0,0.0
20519.0,1.7114,0.0889,1.0,2.544,349.9285,1.7988,0.7988,2.3738,1.3738,20.3192,1.8128,19.9397,1.7976,100.0,0.0,0.0,0.0,25.125,0.0,26.375,0.0,26.0,0.0,25.5,10.0,0.0,0.0078,53.2148,5.3215,2.0,16.7842,1.49,0.0998,1.3745,0.3922,1.4064,2.709e-05,1.2315,0.0005,2.4131,11.0,0.0611,1.0016,0.0301,1.7008,0.1559,2.4147,0.0384,1.8064,0.0,0.0,0.0,29.9899,26.0,25.0,38.0,37.0,15.0,0.0,0.0,0.0,64.0,47.4874,0.0,41.2418,0.0,0.0
20520.0,1.7106,0.0888,1.0,2.5439,349.8449,1.7982,0.7982,2.374,1.374,20.3271,1.8131,19.9475,1.7979,100.0,0.0,0.0,0.0,25.25,0.0,26.375,0.0,26.0,0.0,25.625,10.0,0.0,0.008,53.2143,5.3214,2.0,16.852,1.4907,0.2018,1.3857,0.4005,1.4073,2.73e-05,1.2334,0.0005,2.4137,11.0,0.0607,1.0016,0.0284,1.6757,0.1233,2.3129,0.0431,1.8559,0.0,0.0,0.0,29.9892,26.0,25.0,38.0,37.0,13.0,0.0,0.0,0.0,64.0,47.6622,0.0,41.242,0.0,0.0
20521.0,1.7083,0.0885,1.0,2.544,349.9129,1.7978,0.7978,2.374,1.374,20.5051,1.8202,19.9547,1.7982,100.0,0.0,0.0,0.0,25.125,0.0,26.375,0.0,26.0,0.0,25.25,10.0,0.0,0.0079,53.2137,5.3213,2.0,17.5258,1.4975,0.3521,1.402,0.4105,1.4084,2.758e-05,1.2357,0.0005,2.4127,11.0,0.0582,1.0016,0.1024,2.232,0.1204,2.3023,0.0412,1.8363,0.0,0.0,0.0,29.9892,25.0,25.0,38.0,37.0,13.0,0.0,0.0,0.0,64.0,47.8287,0.0,41.2414,0.0,0.0
20522.0,1.7076,0.0884,1.0,2.544,349.9417,1.7985,0.7985,2.374,1.374,20.5238,1.821,19.9492,1.798,100.0,0.0,0.0,0.0,25.125,0.0,26.375,0.0,25.875,0.0,25.25,10.0,0.0,0.0085,53.2134,5.3214,2.0,17.6484,1.4987,0.3071,1.3971,0.4252,1.41,2.787e-05,1.2381,0.0005,2.4151,11.0,0.0568,1.0015,0.0892,2.172,0.1116,2.2694,0.0373,1.7941,0.0,0.0,0.0,29.9894,25.0,25.0,38.0,37.0,12.0,0.0,0.0,0.0,64.0,48.0184,0.0,41.2417,0.0,0.0
20523.0,1.7044,0.0881,1.0,2.5435,349.5783,1.7984,0.7984,2.3739,1.3739,20.4348,1.8174,19.9419,1.7977,100.0,0.0,0.0,0.0,25.25,0.0,26.5,0.0,26.0,0.0,25.375,10.0,0.0,0.0078,53.2127,5.3212,2.0,17.6498,1.4987,0.2864,1.3949,0.4345,1.411,2.82e-05,1.2409,0.0005,2.4169,11.0,0.0563,1.0015,0.0896,2.1741,0.1066,2.2498,0.0385,1.8078,0.0,0.0,0.0,29.9889,25.0,25.0,38.0,37.0,14.0,0.0,0.0,0.0,64.0,48.1805,0.0,41.2416,0.0,0.0
20524.0,1.7034,0.0879,1.0,2.5439,349.8488,1.7987,0.7987,2.3739,1.3739,20.341,1.8136,19.9394,1.7976,100.0,0.0,0.0,0.0,25.125,0.0,26.375,0.0,26.25,0.0,25.25,10.0,0.0,0.0078,53.2125,5.3212,2.0,17.6357,1.4986,0.2773,1.3939,0.443,1.412,2.846e-05,1.243,0.0005,2.4186,11.0,0.0574,1.0015,0.0959,2.2036,0.1027,2.2335,0.0519,1.9373,0.0,0.0,0.0,29.9896,25.0,25.0,38.0,37.0,13.0,0.0,0.0,0.0,64.0,48.1653,0.0,41.2426,0.0,0.0
20525.0,1.7044,0.0881,1.0,2.5441,350.019,1.7987,0.7987,2.3737,1.3737,20.3071,1.8123,19.9518,1.7981,100.0,0.0,0.0,0.0,25.125,0.0,26.5,0.0,26.0,0.0,25.25,10.0,0.0,0.0088,53.2122,5.3212,2.0,17.5895,1.4981,0.2985,1.3962,0.4523,1.413,2.867e-05,1.2447,0.0005,2.4185,11.0,0.0547,1.0015,0.0822,2.1369,0.0977,2.2118,0.0483,1.9057,0.0,0.0,0.0,29.9893,25.0,25.0,38.0,38.0,15.0,0.0,0.0,0.0,64.0,48.5211,0.0,41.2414,0.0,0.0
20526.0,1.6994,0.0874,1.0,2.5439,349.8586,1.7978,0.7978,2.3739,1.3739,20.4722,1.8189,19.9578,1.7983,100.0,0.0,0.0,0.0,25.0,0.0,26.375,0.0,26.0,0.0,25.25,10.0,0.0,0.0082,53.2118,5.3211,2.0,18.2391,1.5044,0.4715,1.4151,0.469,1.4148,2.91e-05,1.2481,0.0005,2.418,11.0,0.0606,1.0016,0.1567,2.4169,0.1003,2.2231,0.0454,1.8785,0.0,0.0,0.0,29.9892,25.0,25.0,38.0,38.0,13.0,0.0,0.0,0.0,64.0,48.7228,0.0,41.2418,0.0,0.0
20527.0,1.7003,0.0875,1.0,2.5439,349.8836,1.7981,0.7981,2.3743,1.3743,20.5276,1.8211,19.9421,1.7977,100.0,0.0,0.0,0.0,25.125,0.0,26.375,0.0,26.125,0.0,25.25,10.0,0.0,0.0087,53.2111,5.3211,2.0,18.4299,1.5062,0.5572,1.4244,0.4793,1.4159,2.939e-05,1.2505,0.0005,2.4201,11.0,0.0616,1.0016,0.1255,2.3205,0.0801,2.1254,0.0548,1.9603,0.0,0.0,0.0,29.9888,25.0,25.0,38.0,38.0,15.0,0.0,0.0,0.0,64.0,48.8867,0.0,41.2418,0.0,0.0
20528.0,1.703,0.0879,1.0,2.5439,349.8723,1.7987,0.7987,2.3739,1.3739,20.4611,1.8184,19.9441,1.7978,100.0,0.0,0.0,0.0,25.125,0.0,26.5,0.0,26.0,0.0,25.25,10.0,0.0,0.0084,53.2108,5.3211,2.0,18.8982,1.5106,0.6086,1.43,0.5003,1.4182,2.981e-05,1.2538,0.0005,2.422,11.0,0.0603,1.0016,0.1395,2.3663,0.0871,2.1619,0.0574,1.9811,0.0,0.0,0.0,29.9896,25.0,25.0,38.0,38.0,12.0,0.0,0.0,0.0,64.0,49.0885,0.0,41.2418,0.0,0.0
20529.0,1.7044,0.0881,1.0,2.5439,349.8706,1.7988,0.7988,2.3738,1.3738,20.356,1.8142,19.9411,1.7976,100.0,0.0,0.0,0.0,25.125,0.0,26.375,0.0,26.125,0.0,25.25,10.0,0.0,0.0085,53.2103,5.321,2.0,19.0299,1.5118,0.615,1.4307,0.5088,1.4191,3.012e-05,1.2562,0.0005,2.4241,11.0,0.0603,1.0016,0.1239,2.3149,0.0949,2.1991,0.0544,1.9574,0.0,0.0,0.0,29.9893,25.0,25.0,38.0,38.0,14.0,0.0,0.0,0.0,64.0,49.2257,0.0,41.2422,0.0,0.0
20530.0,1.7055,0.0882,1.0,2.5439,349.8536,1.7983,0.7983,2.374,1.374,20.3058,1.8122,19.9425,1.7977,100.0,0.0,0.0,0.0,25.25,0.0,26.375,0.0,26.25,0.0,25.25,10.0,0.0,0.0088,53.2098,5.3209,2.0,19.3321,1.5145,0.6877,1.4387,0.516,1.4199,3.041e-05,1.2584,0.0005,2.4256,11.0,0.0584,1.0016,0.1355,2.3538,0.0716,2.0768,0.0492,1.9134,0.0,0.0,0.0,29.9892,25.0,25.0,38.0,38.0,13.0,0.0,0.0,0.0,64.0,49.4464,0.0,41.2419,0.0,0.0
20531.0,1.7054,0.0882,1.0,2.5439,349.8562,1.7978,0.7978,2.3739,1.3739,20.4462,1.8178,19.9588,1.7984,100.0,0.0,0.0,0.0,25.125,0.0,26.5,0.0,26.0,0.0,25.25,10.0,0.0,0.0086,53.2095,5.3209,2.0,19.644,1.5173,0.7288,1.4431,0.5312,1.4216,3.084e-05,1.2617,0.0005,2.427,11.0,0.0608,1.0016,0.1011,2.2268,0.0662,2.0426,0.0519,1.9374,0.0,0.0,0.0,29.9891,25.0,25.0,38.0,38.0,14.0,0.0,0.0,0.0,64.0,49.6051,0.0,41.2421,0.0,0.0
20532.0,1.4706,0.0588,1.0,2.5439,349.8411,1.798,0.798,2.3744,1.3744,20.5294,1.8212,19.9437,1.7977,100.0,0.0,0.0,0.0,25.125,0.0,26.375,0.0,26.125,0.0,25.375,10.0,0.0,0.0078,53.2093,5.3209,2.0,19.7019,1.5178,0.7164,1.4418,0.5374,1.4223,3.112e-05,1.2638,0.0005,2.4293,11.0,0.061,1.0016,0.1103,2.2644,0.0619,2.0135,0.0595,1.9961,0.0,0.0,0.0,29.9889,25.0,25.0,38.0,38.0,15.0,0.0,0.0,0.0,64.0,49.8049,0.0,41.242,0.0,0.0
20533.0,1.3519,0.044,1.0,2.5439,349.8833,1.7987,0.7987,2.3743,1.3743,20.475,1.819,19.9445,1.7978,100.0,0.0,0.0,0.0,25.125,0.0,26.5,0.0,26.0,0.0,25.25,10.0,0.0,0.0083,53.2087,5.3209,2.0,19.7591,1.5183,0.6691,1.4366,0.55,1.4236,3.146e-05,1.2663,0.0005,2.4308,11.0,0.0566,1.0015,0.0869,2.1609,0.0682,2.0558,0.0596,1.9972,0.0,0.0,0.0,29.9883,25.0,25.0,38.0,37.0,12.0,0.0,0.0,0.0,64.0,49.9691,0.0,41.2417,0.0,0.0
20534.0,1.239,0.0299,1.0,2.544,349.9724,1.7987,0.7987,2.3743,1.3743,20.3633,1.8145,19.9422,1.7977,100.0,0.0,0.0,0.0,25.125,0.0,26.375,0.0,26.0,0.0,25.375,10.0,0.0,0.0085,53.2081,5.3208,2.0,19.7615,1.5183,0.6664,1.4363,0.5629,1.425,3.188e-05,1.2694,0.0005,2.4318,11.0,0.0612,1.0016,0.0881,2.167,0.0627,2.0194,0.057,1.9774,0.0,0.0,0.0,29.9886,25.0,25.0,38.0,37.0,15.0,0.0,0.0,0.0,64.0,50.1609,0.0,41.242,0.0,0.0
20535.0,1.2039,0.0255,1.0,2.5439,349.8677,1.7984,0.7984,2.3741,1.3741,20.2913,1.8117,19.9395,1.7976,100.0,0.0,0.0,0.0,25.125,0.0,26.375,0.0,26.0,0.0,25.375,10.0,0.0,0.0083,53.2077,5.3208,2.0,20.0176,1.5206,0.7433,1.4447,0.5746,1.4263,3.224e-05,1.272,0.0005,2.434,11.0,0.0604,1.0016,0.0999,2.2215,0.0539,1.9535,0.0598,1.9989,0.0,0.0,0.0,29.9885,25.0,25.0,38.0,37.0,14.0,0.0,0.0,0.0,64.0,50.3451,0.0,41.2416,0.0,0.0
20536.0,1.157,0.0196,1.0,2.5442,350.1223,1.798,0.798,2.374,1.374,20.4461,1.8178,19.9613,1.7985,100.0,0.0,0.0,0.0,25.25,0.0,26.375,0.0,26.125,0.0,25.25,10.0,0.0,0.0074,53.2074,5.3207,2.0,20.3781,1.5237,0.7693,1.4476,0.5911,1.4281,3.274e-05,1.2756,0.0005,2.4353,11.0,0.0665,1.0018,0.0773,2.1101,0.0469,1.8929,0.0525,1.9423,0.0,0.0,0.0,29.9885,25.0,25.0,38.0,37.0,13.0,0.0,0.0,0.0,64.0,50.5028,0.0,41.2417,0.0,0.0
20537.0,1.1489,0.0186,1.0,2.5444,350.2559,1.7979,0.7979,2.3742,1.3742,20.529,1.8212,19.9595,1.7984,100.0,0.0,0.0,0.0,25.125,0.0,26.375,0.0,26.0,0.0,25.375,10.0,0.0,0.0084,53.2068,5.3207,2.0,20.756,1.5269,0.8667,1.4582,0.6007,1.4292,3.302e-05,1.2775,0.0005,2.4334,11.0,0.0655,1.0017,0.0906,2.179,0.0523,1.9407,0.0499,1.9204,0.0,0.0,0.0,29.9887,25.0,25.0,38.0,37.0,14.0,0.0,0.0,0.0,64.0,50.7084,0.0,41.2416,0.0,0.0
20538.0,1.1431,0.0179,1.0,2.5444,350.2648,1.7983,0.7983,2.3745,1.3745,20.4733,1.8189,19.9363,1.7975,100.0,0.0,0.0,0.0,25.125,0.0,26.375,0.0,26.0,0.0,25.25,10.0,0.0,0.0085,53.2064,5.3206,2.0,21.2599,1.531,0.8892,1.4606,0.6179,1.431,3.356e-05,1.2813,0.0005,2.4364,11.0,0.0665,1.0018,0.0718,2.078,0.1516,2.4024,0.0645,2.0317,0.0,0.0,0.0,29.9881,25.0,25.0,38.0,37.0,14.0,0.0,0.0,0.0,64.0,50.869,0.0,41.2419,0.0,0.0
20539.0,1.1501,0.0188,1.0,2.5446,350.4117,1.7984,0.7984,2.3747,1.3747,20.3925,1.8157,19.9395,1.7976,100.0,0.0,0.0,0.0,25.125,0.0,26.25,0.0,26.0,0.0,25.25,10.0,0.0,0.0081,53.2063,5.3206,2.0,21.5311,1.5332,0.9949,1.4722,0.6264,1.432,3.39e-05,1.2836,0.0005,2.4379,11.0,0.0679,1.0018,0.0732,2.0866,0.1317,2.3414,0.0632,2.0227,0.0,0.0,0.0,29.9893,25.0,25.0,38.0,37.0,12.0,0.0,0.0,0.0,64.0,51.0347,0.0,41.2426,0.0,0.0
20540.0,1.3854,0.0482,1.0,2.5446,350.4086,1.7984,0.7984,2.3742,1.3742,20.2987,1.8119,19.936,1.7974,100.0,0.0,0.0,0.0,25.125,0.0,26.5,0.0,26.0,0.0,25.25,10.0,0.0,0.008,53.2059,5.3206,2.0,21.7771,1.5352,0.9013,1.462,0.6389,1.4333,3.437e-05,1.2868,0.0005,2.4407,11.0,0.0651,1.0017,0.0746,2.0948,0.1417,2.3733,0.0887,2.17,0.0,0.0,0.0,29.9886,25.0,25.0,38.0,37.0,14.0,0.0,0.0,0.0,64.0,51.2263,0.0,41.242,0.0,0.0
20541.0,1.5117,0.064,1.0,2.5441,350.056,1.7979,0.7979,2.3743,1.3743,20.399,1.816,19.9644,1.7986,100.0,0.0,0.0,0.0,25.25,0.0,26.375,0.0,25.875,0.0,25.25,10.0,0.0,0.0081,53.2055,5.3205,2.0,21.8005,1.5354,0.9068,1.4626,0.6605,1.4357,3.49e-05,1.2904,0.0005,2.4408,11.0,0.0638,1.0017,0.1399,2.3677,0.1295,2.334,0.0884,2.1683,0.0,0.0,0.0,29.9885,25.0,25.0,38.0,37.0,14.0,0.0,0.0,0.0,64.0,51.4343,0.0,41.2424,0.0,0.0
20542.0,1.5848,0.0731,1.0,2.5443,350.1636,1.7982,0.7982,2.3746,1.3746,20.53,1.8212,19.9578,1.7983,100.0,0.0,0.0,0.0,25.125,0.0,26.375,0.0,26.0,0.0,25.25,10.0,0.0,0.0082,53.2048,5.3204,2.0,22.0894,1.5377,0.8971,1.4615,0.6689,1.4366,3.533e-05,1.2932,0.0005,2.4432,11.0,0.0653,1.0017,0.121,2.3045,0.1322,2.3431,0.0888,2.1703,0.0,0.0,0.0,29.9883,25.0,25.0,38.0,37.0,14.0,0.0,0.0,0.0,64.0,51.6076,0.0,41.2424,0.0,0.0
20543.0,1.6277,0.0785,1.0,2.5443,350.2074,1.7983,0.7983,2.3748,1.3748,20.4904,1.8196,19.9444,1.7978,100.0,0.0,0.0,0.0,25.125,0.0,26.375,0.0,26.0,0.0,25.375,10.0,0.0,0.0077,53.2046,5.3204,2.0,22.0946,1.5377,0.8565,1.4571,0.6867,1.4386,3.587e-05,1.2968,0.0005,2.4446,11.0,0.0659,1.0018,0.1333,2.3467,0.1177,2.2925,0.0918,2.1848,0.0,0.0,0.0,29.9885,25.0,25.0,38.0,37.0,12.0,0.0,0.0,0.0,64.0,51.8077,0.0,41.2419,0.0,0.0
20544.0,1.6528,0.0816,1.0,2.5443,350.1663,1.7984,0.7984,2.3751,1.3751,20.4047,1.8162,19.9336,1.7973,100.0,0.0,0.0,0.0,25.0,0.0,26.375,0.0,26.0,0.0,25.375,10.0,0.0,0.0081,53.2038,5.3204,2.0,22.6062,1.5417,0.961,1.4685,0.702,1.4402,3.633e-05,1.2997,0.0005,2.4464,11.0,0.0674,1.0018,0.1234,2.313,0.109,2.2594,0.0978,2.2121,0.0,0.0,0.0,29.9886,25.0,25.0,38.0,37.0,14.0,0.0,0.0,0.0,64.0,52.0113,0.0,41.2422,0.0,0.0
20545.0,1.6698,0.0837,1.0,2.5443,350.2072,1.7984,0.7984,2.3745,1.3745,20.2815,1.8113,19.9335,1.7973,100.0,0.0,0.0,0.0,25.25,0.0,26.5,0.0,26.0,0.0,25.25,10.0,0.0,0.0085,53.2033,5.3203,2.0,23.0997,1.5454,1.032,1.4762,0.7189,1.4421,3.691e-05,1.3034,0.0005,2.447,11.0,0.0627,1.0017,0.1164,2.2877,0.0892,2.1721,0.0815,2.1328,0.0,0.0,0.0,29.9884,25.0,25.0,38.0,37.0,13.0,0.0,0.0,0.0,64.0,52.1868,0.0,41.2421,0.0,0.0
20546.0,1.6791,0.0849,1.0,2.5442,350.1132,1.798,0.798,2.3741,1.3741,20.3579,1.8143,19.96,1.7984,100.0,0.0,0.0,0.0,25.125,0.0,26.375,0.0,26.0,0.0,25.25,10.0,0.0,0.008,53.2029,5.3203,2.0,23.2487,1.5466,1.0235,1.4753,0.729,1.4432,3.738e-05,1.3064,0.0005,2.4485,11.0,0.0629,1.0017,0.1931,2.5075,0.1093,2.2606,0.0882,2.1672,0.0,0.0,0.0,29.9881,25.0,25.0,38.0,37.0,13.0,0.0,0.0,0.0,64.0,52.3487,0.0,41.2426,0.0,0.0
20547.0,1.6861,0.0858,1.0,2.5442,350.1341,1.7978,0.7978,2.3745,1.3745,20.508,1.8203,19.9543,1.7982,100.0,0.0,0.0,0.0,25.125,0.0,26.375,0.0,26.125,0.0,25.25,10.0,0.0,0.0087,53.2027,5.3203,2.0,23.6401,1.5495,1.1208,1.4859,0.7375,1.4441,3.781e-05,1.309,0.0005,2.4525,11.0,0.057,1.0015,0.1815,2.4808,0.0923,2.187,0.0913,2.1825,0.0,0.0,0.0,29.9886,25.0,25.0,38.0,37.0,14.0,0.0,0.0,0.0,64.0,52.512,0.0,41.2422,0.0,0.0
20548.0,1.6925,0.0866,1.0,2.5441,349.9878,1.7979,0.7979,2.3749,1.3749,20.5136,1.8205,19.9403,1.7976,100.0,0.0,0.0,0.0,25.125,0.0,26.375,0.0,26.0,0.0,25.375,10.0,0.0,0.0079,53.2026,5.3202,2.0,24.253,1.5539,1.1814,1.4925,0.7596,1.4465,3.845e-05,1.3129,0.0005,2.4545,11.0,0.0566,1.0015,0.1458,2.3855,0.1052,2.2439,0.0874,2.1634,0.0,0.0,0.0,29.9881,25.0,25.0,38.0,37.0,15.0,0.0,0.0,0.0,64.0,52.7142,0.0,41.2423,0.0,0.0
20549.0,1.6958,0.087,1.0,2.5439,349.9037,1.7984,0.7984,2.3748,1.3748,20.4151,1.8166,19.9328,1.7973,100.0,0.0,0.0,0.0,25.125,0.0,26.375,0.0,25.875,0.0,25.25,10.0,0.0,0.0082,53.2021,5.3202,2.0,24.8069,1.5578,1.2081,1.4954,0.7756,1.4482,3.91e-05,1.3168,0.0005,2.4561,11.0,0.0576,1.0015,0.1321,2.3427,0.0993,2.2187,0.0912,2.1816,0.0,0.0,0.0,29.9882,25.0,25.0,38.0,37.0,14.0,0.0,0.0,0.0,64.0,52.8787,0.0,41.242,0.0,0.0
20550.0,1.6988,0.0874,1.0,2.544,349.9736,1.7988,0.7988,2.3742,1.3742,20.3177,1.8127,19.9394,1.7976,100.0,0.0,0.0,0.0,25.125,0.0,26.25,0.0,26.0,0.0,25.25,10.0,0.0,0.0081,53.2016,5.3201,2.0,25.1166,1.56,1.2228,1.497,0.7882,1.4496,3.956e-05,1.3195,0.0005,2.457,11.0,0.0574,1.0015,0.1444,2.3815,0.0925,2.1879,0.0839,2.1459,0.0,0.0,0.0,29.9877,25.0,25.0,38.0,37.0,13.0,0.0,0.0,0.0,64.0,53.0903,0.0,41.2423,0.0,0.0
20551.0,1.6992,0.0874,1.0,2.5441,349.9938,1.7984,0.7984,2.374,1.374,20.3602,1.8144,19.9605,1.7984,100.0,0.0,0.0,0.0,25.125,0.0,26.375,0.0,26.0,0.0,25.25,10.0,0.0,0.0086,53.2011,5.3201,2.0,25.3328,1.5615,1.1923,1.4937,0.8023,1.4512,4.021e-05,1.3233,0.0005,2.4621,11.0,0.0568,1.0015,0.1371,2.3589,0.0757,2.1009,0.0975,2.2109,0.0,0.0,0.0,29.9884,25.0,25.0,38.0,37.0,13.0,0.0,0.0,0.0,64.0,53.267,0.0,41.2422,0.0,0.0
20552.0,1.7,0.0875,1.0,2.544,349.9311,1.7977,0.7977,2.3745,1.3745,20.5308,1.8212,19.9509,1.798,100.0,0.0,0.0,0.0,25.125,0.0,26.375,0.0,26.0,0.0,25.25,10.0,0.0,0.0082,53.2005,5.32,2.0,25.761,1.5644,1.1791,1.4923,0.8189,1.453,4.093e-05,1.3274,0.0005,2.4621,11.0,0.0579,1.0015,0.1329,2.3452,0.0781,2.1146,0.0836,2.1442,0.0,0.0,0.0,29.9878,25.0,25.0,38.0,37.0,13.0,0.0,0.0,0.0,64.0,53.4588,0.0,41.2419,0.0,0.0
20553.0,1.7005,0.0876,1.0,2.5441,350.0063,1.7982,0.7982,2.3744,1.3744,20.5199,1.8208,19.9409,1.7976,100.0,0.0,0.0,0.0,25.0,0.0,26.375,0.0,26.0,0.0,25.25,10.0,0.0,0.0077,53.2002,5.32,2.0,25.9979,1.566,1.2293,1.4977,0.8296,1.4541,4.15e-05,1.3306,0.0005,2.4628,11.0,0.0555,1.0015,0.1289,2.3321,0.0652,2.0362,0.0804,2.1269,0.0,0.0,0.0,29.9882,25.0,25.0,38.0,37.0,14.0,0.0,0.0,0.0,64.0,53.6273,0.0,41.2423,0.0,0.0
20554.0,1.7002,0.0875,1.0,2.544,349.9506,1.7984,0.7984,2.3743,1.3743,20.4368,1.8175,19.9438,1.7978,100.0,0.0,0.0,0.0,25.125,0.0,26.375,0.0,26.0,0.0,25.25,10.0,0.0,0.0082,53.2,5.32,2.0,26.5912,1.5699,1.2632,1.5014,0.8383,1.4551,4.199e-05,1.3334,0.0005,2.4661,11.0,0.0559,1.0015,0.119,2.2974,0.0673,2.0499,0.0935,2.1927,0.0,0.0,0.0,29.9882,25.0,25.0,38.0,37.0,13.0,0.0,0.0,0.0,64.0,53.8117,0.0,41.2424,0.0,0.0
20555.0,1.7002,0.0875,1.0,2.5442,350.1031,1.7988,0.7988,2.3742,1.3742,20.3355,1.8134,19.941,1.7976,100.0,0.0,0.0,0.0,25.125,0.0,26.375,0.0,26.0,0.0,25.25,10.0,0.0,0.0081,53.1995,5.3199,2.0,26.9512,1.5722,1.2814,1.5034,0.8543,1.4568,4.262e-05,1.3368,0.0006,2.4693,11.0,0.0567,1.0015,0.1233,2.3128,0.0646,2.0322,0.0934,2.1921,0.0,0.0,0.0,29.988,25.0,25.0,38.0,37.0,14.0,0.0,0.0,0.0,64.0,53.984,0.0,41.2419,0.0,0.0
20556.0,1.6992,0.0874,1.0,2.5443,350.1783,1.7985,0.7985,2.3743,1.3743,20.3213,1.8129,19.9572,1.7983,100.0,0.0,0.0,0.0,25.0,0.0,26.25,0.0,26.0,0.0,25.25,10.0,0.0,0.008,53.1992,5.3199,2.0,27.3662,1.5749,1.288,1.5041,0.8692,1.4585,4.335e-05,1.3408,0.0006,2.47,11.0,0.0596,1.0016,0.1155,2.2844,0.0585,1.9889,0.0815,2.1329,0.0,0.0,0.0,29.9881,25.0,25.0,38.0,37.0,15.0,0.0,0.0,0.0,64.0,54.1648,0.0,41.242,0.0,0.0
20557.0,1.6992,0.0874,1.0,2.5443,350.1944,1.7981,0.7981,2.3741,1.3741,20.4754,1.819,19.9687,1.7987,100.0,0.0,0.0,0.0,25.125,0.0,26.375,0.0,26.0,0.0,25.25,10.0,0.0,0.0083,53.199,5.3199,2.0,27.698,1.577,1.2553,1.5006,0.8827,1.4599,4.396e-05,1.344,0.0006,2.4739,11.0,0.0592,1.0016,0.1088,2.2584,0.0534,1.9495,0.0885,2.1689,0.0,0.0,0.0,29.9878,25.0,25.0,38.0,37.0,13.0,0.0,0.0,0.0,64.0,54.3416,0.0,41.2419,0.0,0.0
20558.0,1.7012,0.0876,1.0,2.5441,350.0219,1.7982,0.7982,2.3748,1.3748,20.529,1.8212,19.9502,1.798,100.0,0.0,0.0,0.0,25.125,0.0,26.375,0.0,26.0,0.0,25.25,10.0,0.0,0.0084,53.1984,5.3198,2.0,27.9739,1.5787,1.2971,1.5051,0.9019,1.462,4.479e-05,1.3484,0.0006,2.4748,11.0,0.0572,1.0015,0.1841,2.4869,0.0519,1.937,0.0958,2.2032,0.0,0.0,0.0,29.9878,25.0,25.0,38.0,37.0,12.0,0.0,0.0,0.0,64.0,54.4994,0.0,41.2421,0.0,0.0
20559.0,1.7041,0.088,1.0,2.5439,349.8857,1.7988,0.7988,2.3743,1.3743,20.4482,1.8179,19.9447,1.7978,100.0,0.0,0.0,0.0,25.125,0.0,26.375,0.0,26.0,0.0,25.25,10.0,0.0,0.009,53.198,5.3198,2.0,28.4783,1.5818,1.2635,1.5015,0.9159,1.4636,4.547e-05,1.3518,0.0006,2.4787,11.0,0.0621,1.0017,0.1409,2.3707,0.0614,2.0098,0.0887,2.17,0.0,0.0,0.0,29.9879,25.0,25.0,38.0,37.0,15.0,0.0,0.0,0.0,64.0,54.6588,0.0,41.242,0.0,0.0
20560.0,1.7071,0.0884,1.0,2.544,349.917,1.7988,0.7988,2.3743,1.3743,20.3333,1.8133,19.9413,1.7977,100.0,0.0,0.0,0.0,25.125,0.0,26.375,0.0,26.0,0.0,25.25,10.0,0.0,0.0085,53.1973,5.3197,2.0,28.526,1.5821,1.2023,1.4948,0.9342,1.4655,4.628e-05,1.3559,0.0006,2.4795,11.0,0.0567,1.0015,0.1678,2.4466,0.0576,1.9819,0.0796,2.1227,0.0,0.0,0.0,29.9873,25.0,25.0,38.0,37.0,12.0,0.0,0.0,0.0,64.0,54.8673,0.0,41.2423,0.0,0.0
20561.0,1.7093,0.0887,1.0,2.544,349.9196,1.7982,0.7982,2.3741,1.3741,20.3136,1.8125,19.9463,1.7979,100.0,0.0,0.0,0.0,25.125,0.0,26.25,0.0,26.125,0.0,25.25,10.0,0.0,0.0078,53.1968,5.3197,2.0,28.981,1.5848,1.4071,1.5171,0.9398,1.4662,4.688e-05,1.359,0.0006,2.4824,11.0,0.0581,1.0015,0.1334,2.347,0.0555,1.9663,0.085,2.1512,0.0,0.0,0.0,29.9873,25.0,25.0,38.0,37.0,13.0,0.0,0.0,0.0,64.0,55.0184,0.0,41.2415,0.0,0.0
20562.0,1.709,0.0886,1.0,2.544,349.9251,1.7979,0.7979,2.374,1.374,20.4868,1.8195,19.9683,1.7987,100.0,0.0,0.0,0.0,25.125,0.0,26.25,0.0,26.0,0.0,25.25,10.0,0.0,0.0078,53.1964,5.3196,2.0,30.4245,1.5933,1.48,1.5251,0.9559,1.4679,4.769e-05,1.3629,0.0006,2.4843,11.0,0.0585,1.0016,0.1507,2.3999,0.0479,1.9019,0.08,2.1251,0.0,0.0,0.0,29.9872,25.0,25.0,38.0,37.0,14.0,0.0,0.0,0.0,64.0,55.2053,0.0,41.2415,0.0,0.0
20563.0,1.7101,0.0888,1.0,2.5437,349.7336,1.7984,0.7984,2.3744,1.3744,20.5387,1.8215,19.9531,1.7981,100.0,0.0,0.0,0.0,25.0,0.0,26.375,0.0,26.125,0.0,25.125,10.0,0.0,0.0081,53.1962,5.3196,2.0,30.683,1.5948,1.3974,1.5161,0.9695,1.4694,4.846e-05,1.3666,0.0006,2.4881,11.0,0.0568,1.0015,0.1409,2.3708,0.0499,1.9201,0.0746,2.0946,0.0,0.0,0.0,29.9874,25.0,25.0,38.0,37.0,15.0,0.0,0.0,0.0,64.0,55.3796,0.0,41.2416,0.0,0.0
20564.0,1.7097,0.0887,1.0,2.5437,349.6944,1.7988,0.7988,2.3743,1.3743,20.4551,1.8182,19.9439,1.7978,100.0,0.0,0.0,0.0,25.125,0.0,26.25,0.0,26.0,0.0,25.25,10.0,0.0,0.0085,53.1955,5.3196,2.0,31.1104,1.5972,1.4359,1.5203,0.983,1.4709,4.927e-05,1.3705,0.0006,2.4905,11.0,0.0581,1.0015,0.113,2.2751,0.042,1.8454,0.0722,2.0801,0.0,0.0,0.0,29.9871,25.0,25.0,38.0,37.0,14.0,0.0,0.0,0.0,64.0,55.5672,0.0,41.2416,0.0,0.0
20565.0,1.7107,0.0888,1.0,2.5435,349.5315,1.7988,0.7988,2.3743,1.3743,20.346,1.8138,19.941,1.7976,100.0,0.0,0.0,0.0,25.0,0.0,26.375,0.0,26.0,0.0,25.25,10.0,0.0,0.008,53.1949,5.3195,2.0,31.6491,1.6001,1.4682,1.5238,0.9942,1.4721,5.008e-05,1.3743,0.0006,2.4927,11.0,0.0555,1.0015,0.1811,2.4798,0.0454,1.879,0.0875,2.1638,0.0,0.0,0.0,29.9875,25.0,25.0,38.0,37.0,14.0,0.0,0.0,0.0,64.0,55.7405,0.0,41.242,0.0,0.0
20566.0,1.7097,0.0887,1.0,2.5437,349.7064,1.7988,0.7988,2.3741,1.3741,20.3062,1.8122,19.9507,1.798,100.0,0.0,0.0,0.0,25.0,0.0,26.25,0.0,26.0,0.0,25.125,10.0,0.0,0.0087,53.1949,5.3195,2.0,32.2484,1.6034,1.4669,1.5237,1.01,1.4738,5.094e-05,1.3783,0.0006,2.4975,11.0,0.0568,1.0015,0.1805,2.4784,0.0431,1.8559,0.08,2.1249,0.0,0.0,0.0,29.9876,25.0,25.0,38.0,37.0,13.0,0.0,0.0,0.0,64.0,55.9507,0.0,41.2423,0.0,0.0
20567.0,1.7115,0.0889,1.0,2.5438,349.7998,1.7983,0.7983,2.3744,1.3744,20.4218,1.8169,19.9655,1.7986,100.0,0.0,0.0,0.0,25.0,0.0,26.375,0.0,26.0,0.0,25.25,10.0,0.0,0.0081,53.1945,5.3194,2.0,32.7816,1.6063,1.5047,1.5278,1.018,1.4747,5.156e-05,1.3811,0.0006,2.4983,11.0,0.0565,1.0015,0.1998,2.5224,0.0417,1.8424,0.0825,2.1381,0.0,0.0,0.0,29.9882,25.0,25.0,38.0,37.0,11.0,0.0,0.0,0.0,64.0,56.1158,0.0,41.2423,0.0,0.0
20568.0,1.7107,0.0888,1.0,2.544,349.9503,1.798,0.798,2.3751,1.3751,20.5308,1.8212,19.9451,1.7978,100.0,0.0,0.0,0.0,25.0,0.0,26.25,0.0,26.0,0.0,25.125,10.0,0.0,0.0077,53.1942,5.3194,2.0,33.2971,1.609,1.4351,1.5202,1.0292,1.4759,5.253e-05,1.3854,0.0006,2.5011,11.0,0.058,1.0015,0.1557,2.4143,0.0387,1.8092,0.091,2.181,0.0,0.0,0.0,29.9874,25.0,25.0,38.0,37.0,14.0,0.0,0.0,0.0,64.0,56.2842,0.0,41.2422,0.0,0.0
20569.0,1.7107,0.0888,1.0,2.544,349.982,1.7986,0.7986,2.3752,1.3752,20.4836,1.8193,19.9464,1.7979,100.0,0.0,0.0,0.0,25.0,0.0,26.375,0.0,26.0,0.0,25.125,10.0,0.0,0.0072,53.1937,5.3194,2.0,33.5111,1.6101,1.4029,1.5167,1.0376,1.4768,5.325e-05,1.3886,0.0006,2.5059,11.0,0.061,1.0016,0.1472,2.3896,0.038,1.8014,0.0805,2.1276,0.0,0.0,0.0,29.9872,25.0,25.0,38.0,37.0,14.0,0.0,0.0,0.0,64.0,56.4845,0.0,41.2421,0.0,0.0
20570.0,1.7091,0.0886,1.0,2.544,349.9124,1.7988,0.7988,2.3751,1.3751,20.3783,1.8151,19.9423,1.7977,100.0,0.0,0.0,0.0,25.125,0.0,26.375,0.0,26.0,0.0,25.25,10.0,0.0,0.0085,53.1934,5.3193,2.0,33.6194,1.6106,1.325,1.5082,1.0515,1.4783,5.421e-05,1.3927,0.0006,2.5081,11.0,0.0619,1.0016,0.1287,2.3314,0.0302,1.7013,0.0861,2.1566,0.0,0.0,0.0,29.9873,25.0,25.0,38.0,37.0,12.0,0.0,0.0,0.0,64.0,56.6911,0.0,41.2416,0.0,0.0
20571.0,1.7076,0.0884,1.0,2.544,349.9391,1.7984,0.7984,2.3752,1.3752,20.2903,1.8116,19.9351,1.7974,100.0,0.0,0.0,0.0,25.125,0.0,26.375,0.0,26.0,0.0,25.25,10.0,0.0,0.0084,53.193,5.3193,2.0,34.1392,1.6133,1.3239,1.5081,1.064,1.4797,5.509e-05,1.3965,0.0006,2.5089,11.0,0.0625,1.0017,0.1559,2.4148,0.0297,1.694,0.0838,2.1451,0.0,0.0,0.0,29.9868,25.0,25.0,38.0,37.0,14.0,0.0,0.0,0.0,64.0,56.8357,0.0,41.2414,0.0,0.0
20572.0,1.7076,0.0884,1.0,2.5439,349.8401,1.7979,0.7979,2.3752,1.3752,20.4072,1.8163,19.9578,1.7983,100.0,0.0,0.0,0.0,25.0,0.0,26.25,0.0,26.0,0.0,25.25,10.0,0.0,0.0085,53.1927,5.3192,2.0,33.9645,1.6124,1.1759,1.4919,1.0701,1.4804,5.603e-05,1.4004,0.0006,2.5127,11.0,0.0619,1.0016,0.1294,2.3338,0.0266,1.6465,0.0793,2.1213,0.0,0.0,0.0,29.9867,25.0,25.0,38.0,37.0,12.0,0.0,0.0,0.0,64.0,57.0391,0.0,41.2413,0.0,0.0
20573.0,1.7077,0.0885,1.0,2.5439,349.8749,1.7982,0.7982,2.375,1.375,20.5253,1.821,19.9585,1.7983,100.0,0.0,0.0,0.0,25.125,0.0,26.375,0.0,26.0,0.0,25.25,10.0,0.0,0.0093,53.1921,5.3192,2.0,34.1894,1.6136,1.1783,1.4922,1.0918,1.4827,5.705e-05,1.4046,0.0006,2.5163,11.0,0.0591,1.0016,0.1363,2.3565,0.0259,1.6351,0.072,2.079,0.0,0.0,0.0,29.9871,25.0,25.0,38.0,37.0,13.0,0.0,0.0,0.0,64.0,57.2218,0.0,41.2419,0.0,0.0
20574.0,1.7087,0.0886,1.0,2.5439,349.8608,1.7987,0.7987,2.3753,1.3753,20.4928,1.8197,19.9543,1.7982,100.0,0.0,0.0,0.0,25.125,0.0,26.5,0.0,26.0,0.0,25.25,10.0,0.0,0.0085,53.192,5.3192,2.0,35.1564,1.6184,1.2813,1.5034,1.0959,1.4832,5.799e-05,1.4084,0.0006,2.5185,11.0,0.0601,1.0016,0.1195,2.2991,0.0256,1.6307,0.0772,2.1092,0.0,0.0,0.0,29.987,26.0,25.0,38.0,37.0,14.0,0.0,0.0,0.0,64.0,57.4321,0.0,41.2418,0.0,0.0
20575.0,1.7097,0.0887,1.0,2.544,349.9136,1.7988,0.7988,2.3755,1.3755,20.3913,1.8157,19.9424,1.7977,100.0,0.0,0.0,0.0,25.125,0.0,26.375,0.0,26.0,0.0,25.375,10.0,0.0,0.008,53.1915,5.3191,2.0,35.924,1.6222,1.3147,1.5071,1.1105,1.4848,5.896e-05,1.4122,0.0006,2.5226,11.0,0.0573,1.0015,0.1045,2.2411,0.0265,1.6448,0.0768,2.1073,0.0,0.0,0.0,29.9871,26.0,25.0,38.0,37.0,14.0,0.0,0.0,0.0,64.0,57.5979,0.0,41.2418,0.0,0.0
20576.0,1.7087,0.0886,1.0,2.5439,349.8468,1.7988,0.7988,2.3753,1.3753,20.2935,1.8117,19.9427,1.7977,100.0,0.0,0.0,0.0,25.125,0.0,26.25,0.0,26.0,0.0,25.25,10.0,0.0,0.0082,53.191,5.3191,2.0,36.4088,1.6245,1.3424,1.5101,1.1139,1.4851,5.971e-05,1.4151,0.0006,2.5258,11.0,0.0562,1.0015,0.1028,2.2337,0.0235,1.5921,0.0819,2.1353,0.0,0.0,0.0,29.9869,26.0,25.0,38.0,37.0,13.0,0.0,0.0,0.0,64.0,57.7843,0.0,41.2415,0.0,0.0
20577.0,1.7077,0.0885,1.0,2.5436,349.6186,1.798,0.798,2.3756,1.3756,20.3922,1.8157,19.9552,1.7982,100.0,0.0,0.0,0.0,25.125,0.0,26.375,0.0,26.0,0.0,25.25,10.0,0.0,0.0079,53.1904,5.319,2.0,37.1156,1.6278,1.3642,1.5125,1.13,1.4869,6.095e-05,1.4199,0.0006,2.5294,11.0,0.0553,1.0015,0.0921,2.186,0.0191,1.5034,0.0727,2.0835,0.0,0.0,0.0,29.9863,26.0,25.0,38.0,37.0,13.0,0.0,0.0,0.0,64.0,57.9571,0.0,41.2416,0.0,0.0
20578.0,1.7014,0.0877,1.0,2.5437,349.6923,1.7979,0.7979,2.3758,1.3758,20.5321,1.8213,19.9472,1.7979,100.0,0.0,0.0,0.0,25.125,0.0,26.375,0.0,26.125,0.0,25.25,10.0,0.0,0.0081,53.1899,5.319,2.0,37.7471,1.6308,1.371,1.5132,1.139,1.4879,6.214e-05,1.4244,0.0006,2.5318,11.0,0.0564,1.0015,0.0997,2.2207,0.0197,1.5153,0.0729,2.0846,0.0,0.0,0.0,29.9865,26.0,25.0,38.0,37.0,15.0,0.0,0.0,0.0,64.0,58.1369,0.0,41.2419,0.0,0.0
20579.0,1.6958,0.087,1.0,2.5439,349.8939,1.7983,0.7983,2.376,1.376,20.5008,1.82,19.9378,1.7975,100.0,0.0,0.0,0.0,25.0,0.0,26.375,0.0,26.0,0.0,25.25,10.0,0.0,0.0078,53.1896,5.319,2.0,38.2622,1.6331,1.3631,1.5123,1.1466,1.4887,6.293e-05,1.4274,0.0006,2.5354,11.0,0.0553,1.0015,0.1015,2.2284,0.0244,1.6092,0.0654,2.0377,0.0,0.0,0.0,29.9864,26.0,25.0,38.0,37.0,13.0,0.0,0.0,0.0,64.0,58.2978,0.0,41.2417,0.0,0.0
20580.0,1.6932,0.0866,1.0,2.544,349.9335,1.7984,0.7984,2.376,1.376,20.381,1.8152,19.9323,1.7973,100.0,0.0,0.0,0.0,25.125,0.0,26.375,0.0,26.0,0.0,25.25,10.0,0.0,0.0082,53.1896,5.319,2.0,38.3499,1.6335,1.3328,1.509,1.162,1.4904,6.426e-05,1.4322,0.0006,2.5381,11.0,0.0603,1.0016,0.0912,2.1821,0.0222,1.5684,0.0659,2.0406,0.0,0.0,0.0,29.9867,26.0,25.0,38.0,37.0,14.0,0.0,0.0,0.0,64.0,58.4647,0.0,41.2418,0.0,0.0
20581.0,1.694,0.0867,1.0,2.5441,349.9993,1.7984,0.7984,2.3757,1.3757,20.2863,1.8115,19.9319,1.7973,100.0,0.0,0.0,0.0,25.125,0.0,26.375,0.0,26.0,0.0,25.25,10.0,0.0,0.0073,53.189,5.3189,2.0,39.8573,1.6402,1.5453,1.5322,1.1675,1.491,6.519e-05,1.4355,0.0006,2.5428,11.0,0.0592,1.0016,0.087,2.1615,0.0164,1.4375,0.0719,2.0787,0.0,0.0,0.0,29.9863,26.0,25.0,38.0,37.0,15.0,0.0,0.0,0.0,64.0,58.5804,0.0,41.2416,0.0,0.0
20582.0,1.694,0.0867,1.0,2.544,349.9789,1.798,0.798,2.3755,1.3755,20.3969,1.8159,19.963,1.7985,100.0,0.0,0.0,0.0,25.0,0.0,26.25,0.0,26.0,0.0,25.375,10.0,0.0,0.0071,53.1887,5.3188,2.0,40.5855,1.6433,1.4272,1.5193,1.173,1.4916,6.641e-05,1.4399,0.0006,2.5468,11.0,0.0616,1.0016,0.0758,2.1013,0.0166,1.4425,0.0724,2.0815,0.0,0.0,0.0,29.987,26.0,25.0,38.0,37.0,14.0,0.0,0.0,0.0,64.0,58.7624,0.0,41.2418,0.0,0.0
20583.0,1.6939,0.0867,1.0,2.544,349.9246,1.7982,0.7982,2.3757,1.3757,20.5204,1.8208,19.9609,1.7984,100.0,0.0,0.0,0.0,25.125,0.0,26.375,0.0,26.0,0.0,25.25,10.0,0.0,0.0086,53.1881,5.3188,2.0,40.9854,1.6451,1.464,1.5233,1.1862,1.493,6.751e-05,1.4437,0.0006,2.5485,11.0,0.0616,1.0016,0.0654,2.0372,0.0165,1.4392,0.0691,2.0616,0.0,0.0,0.0,29.9868,26.0,25.0,38.0,37.0,12.0,0.0,0.0,0.0,64.0,58.9309,0.0,41.2421,0.0,0.0
20584.0,1.6943,0.0868,1.0,2.544,349.9131,1.7987,0.7987,2.3757,1.3757,20.5156,1.8206,19.9477,1.7979,100.0,0.0,0.0,0.0,25.125,0.0,26.375,0.0,26.0,0.0,25.25,10.0,0.0,0.0071,53.1877,5.3187,2.0,42.0831,1.6496,1.5602,1.5338,1.1915,1.4936,6.864e-05,1.4475,0.0006,2.5535,11.0,0.0629,1.0017,0.0738,2.0899,0.0157,1.4187,0.0705,2.0699,0.0,0.0,0.0,29.9865,26.0,25.0,38.0,37.0,14.0,0.0,0.0,0.0,64.0,59.1443,0.0,41.2415,0.0,0.0
20585.0,1.6959,0.087,1.0,2.5441,349.988,1.7988,0.7988,2.3759,1.3759,20.4319,1.8173,19.9423,1.7977,100.0,0.0,0.0,0.0,25.125,0.0,26.375,0.0,26.0,0.0,25.25,10.0,0.0,0.008,53.1873,5.3187,2.0,43.1743,1.6541,1.6444,1.543,1.1985,1.4944,6.976e-05,1.4513,0.0006,2.5557,11.0,0.0622,1.0017,0.0624,2.0168,0.1298,2.3353,0.0695,2.0638,0.0,0.0,0.0,29.9866,26.0,25.0,38.0,37.0,12.0,0.0,0.0,0.0,64.0,59.3086,0.0,41.2419,0.0,0.0
20586.0,1.6951,0.0869,1.0,2.544,349.9129,1.7984,0.7984,2.3758,1.3758,20.311,1.8124,19.929,1.7972,100.0,0.0,0.0,0.0,25.0,0.0,26.25,0.0,26.0,0.0,25.25,10.0,0.0,0.0084,53.187,5.3187,2.0,44.0943,1.6578,1.6122,1.5395,1.1987,1.4944,7.079e-05,1.4547,0.0006,2.559,11.0,0.0596,1.0016,0.0659,2.0405,0.1214,2.306,0.061,2.007,0.0,0.0,0.0,29.9862,26.0,25.0,38.0,37.0,13.0,0.0,0.0,0.0,64.0,59.5226,0.0,41.2419,0.0,0.0
20587.0,1.6932,0.0866,1.0,2.5439,349.9016,1.7986,0.7986,2.3756,1.3756,20.3317,1.8133,19.9568,1.7983,100.0,0.0,0.0,0.0,25.0,0.0,26.375,0.0,26.0,0.0,25.25,10.0,0.0,0.0083,53.1865,5.3186,2.0,44.4462,1.6591,1.5049,1.5278,1.2046,1.495,7.181e-05,1.458,0.0006,2.5624,11.0,0.0621,1.0017,0.0649,2.0342,0.1363,2.3565,0.0616,2.0113,0.0,0.0,0.0,29.986,26.0,25.0,38.0,37.0,13.0,0.0,0.0,0.0,64.0,59.6876,0.0,41.2414,0.0,0.0
20588.0,1.6868,0.0859,1.0,2.5439,349.8704,1.7982,0.7982,2.3756,1.3756,20.5112,1.8204,19.9651,1.7986,100.0,0.0,0.0,0.0,25.125,0.0,26.25,0.0,26.0,0.0,25.25,10.0,0.0,0.0087,53.1861,5.3186,2.0,43.7895,1.6565,1.2831,1.5036,1.2095,1.4956,7.314e-05,1.4623,0.0006,2.5657,11.0,0.0623,1.0017,0.0594,1.9953,0.1194,2.299,0.0739,2.0906,0.0,0.0,0.0,29.9858,26.0,25.0,38.0,37.0,13.0,0.0,0.0,0.0,64.0,59.8994,0.0,41.2414,0.0,0.0
20589.0,1.6867,0.0858,1.0,2.544,349.9417,1.7985,0.7985,2.3757,1.3757,20.5285,1.8211,19.9498,1.798,100.0,0.0,0.0,0.0,25.25,0.0,26.375,0.0,26.0,0.0,25.25,10.0,0.0,0.0076,53.1859,5.3186,2.0,43.886,1.6569,1.2058,1.4952,1.2077,1.4954,7.422e-05,1.4657,0.0006,2.5695,11.0,0.0598,1.0016,0.0646,2.0321,0.12,2.301,0.068,2.0541,0.0,0.0,0.0,29.9859,26.0,25.0,38.0,37.0,12.0,0.0,0.0,0.0,64.0,60.065,0.0,41.2411,0.0,0.0
20590.0,1.6856,0.0857,1.0,2.5439,349.8756,1.7988,0.7988,2.3755,1.3755,20.4412,1.8176,19.943,1.7977,100.0,0.0,0.0,0.0,24.875,0.0,26.25,0.0,26.0,0.0,25.25,10.0,0.0,0.0082,53.1854,5.3185,2.0,44.1228,1.6579,1.222,1.4969,1.216,1.4963,7.55e-05,1.4697,0.0006,2.5714,11.0,0.0621,1.0017,0.0527,1.9433,0.1044,2.2406,0.064,2.0283,0.0,0.0,0.0,29.9858,26.0,25.0,38.0,37.0,14.0,0.0,0.0,0.0,64.0,60.2346,0.0,41.2415,0.0,0.0
20591.0,1.6842,0.0855,1.0,2.5444,350.266,1.7988,0.7988,2.3758,1.3758,20.3377,1.8135,19.9416,1.7977,100.0,0.0,0.0,0.0,25.125,0.0,26.375,0.0,26.0,0.0,25.25,10.0,0.0,0.0084,53.185,5.3185,2.0,45.0154,1.6613,1.2329,1.4981,1.2245,1.4972,7.681e-05,1.4737,0.0006,2.5768,11.0,0.0662,1.0018,0.0492,1.9139,0.1066,2.2497,0.065,2.0347,0.0,0.0,0.0,29.9861,25.0,25.0,38.0,37.0,14.0,0.0,0.0,0.0,64.0,60.4486,0.0,41.2411,0.0,0.0
20592.0,1.6835,0.0854,1.0,2.5442,350.0735,1.7986,0.7986,2.3756,1.3756,20.3283,1.8131,19.9572,1.7983,100.0,0.0,0.0,0.0,25.0,0.0,26.375,0.0,26.0,0.0,25.25,10.0,0.0,0.0081,53.1847,5.3184,2.0,45.7943,1.6643,1.247,1.4997,1.2185,1.4966,7.808e-05,1.4775,0.0006,2.579,11.0,0.0658,1.0018,0.0481,1.9036,0.1036,2.2373,0.0597,1.9977,0.0,0.0,0.0,29.9852,25.0,25.0,38.0,37.0,14.0,0.0,0.0,0.0,64.0,60.6115,0.0,41.2415,0.0,0.0
20593.0,1.6835,0.0854,1.0,2.5441,350.0049,1.7982,0.7982,2.3755,1.3755,20.4733,1.8189,19.9684,1.7987,100.0,0.0,0.0,0.0,25.125,0.0,26.375,0.0,26.0,0.0,25.25,10.0,0.0,0.0081,53.1841,5.3184,2.0,46.2162,1.6659,1.3342,1.5092,1.2249,1.4973,7.92e-05,1.4808,0.0006,2.5829,11.0,0.0649,1.0017,0.0882,2.1674,0.0889,2.171,0.0586,1.9898,0.0,0.0,0.0,29.9858,25.0,25.0,38.0,37.0,14.0,0.0,0.0,0.0,64.0,60.8242,0.0,41.2418,0.0,0.0
20594.0,1.684,0.0855,1.0,2.5438,349.7724,1.7981,0.7981,2.3763,1.3763,20.5219,1.8209,19.9418,1.7977,100.0,0.0,0.0,0.0,25.125,0.0,26.375,0.0,26.0,0.0,25.25,10.0,0.0,0.008,53.184,5.3184,2.0,47.5643,1.6709,1.3458,1.5105,1.2297,1.4978,8.074e-05,1.4853,0.0006,2.5865,11.0,0.0631,1.0017,0.1145,2.2807,0.08,2.1249,0.0491,1.9126,0.0,0.0,0.0,29.9865,25.0,25.0,38.0,37.0,15.0,0.0,0.0,0.0,64.0,61.0066,0.0,41.2419,0.0,0.0
20595.0,1.6834,0.0854,1.0,2.5439,349.8951,1.7983,0.7983,2.3759,1.3759,20.4657,1.8186,19.9434,1.7977,100.0,0.0,0.0,0.0,25.0,0.0,26.375,0.0,26.0,0.0,25.25,10.0,0.0,0.0074,53.1831,5.3183,2.0,48.5633,1.6745,1.4613,1.5231,1.2331,1.4982,8.19e-05,1.4886,0.0006,2.5925,11.0,0.0634,1.0017,0.1067,2.2502,0.0881,2.1671,0.0584,1.9881,0.0,0.0,0.0,29.986,26.0,25.0,38.0,37.0,12.0,0.0,0.0,0.0,64.0,61.1718,0.0,41.2417,0.0,0.0
20596.0,1.6828,0.0854,1.0,2.544,349.9119,1.7984,0.7984,2.3759,1.3759,20.3355,1.8134,19.9394,1.7976,100.0,0.0,0.0,0.0,25.125,0.0,26.375,0.0,26.0,0.0,25.25,10.0,0.0,0.0071,53.1828,5.3182,2.0,49.4405,1.6776,1.3028,1.5058,1.2316,1.498,8.335e-05,1.4926,0.0006,2.5944,11.0,0.0593,1.0016,0.1027,2.2333,0.0819,2.1349,0.0471,1.8946,0.0,0.0,0.0,29.9857,26.0,25.0,38.0,37.0,15.0,0.0,0.0,0.0,64.0,61.3809,0.0,41.2412,0.0,0.0
20597.0,1.6835,0.0854,1.0,2.5439,349.8478,1.7987,0.7987,2.3756,1.3756,20.3092,1.8124,19.9506,1.798,100.0,0.0,0.0,0.0,25.125,0.0,26.375,0.0,26.0,0.0,25.25,10.0,0.0,0.0081,53.1824,5.3182,2.0,49.4159,1.6775,1.3038,1.5059,1.2329,1.4981,8.441e-05,1.4956,0.0006,2.5977,11.0,0.0619,1.0017,0.1675,2.446,0.0666,2.0455,0.0425,1.8498,0.0,0.0,0.0,29.9862,26.0,25.0,38.0,37.0,14.0,0.0,0.0,0.0,64.0,61.5395,0.0,41.2417,0.0,0.0
20598.0,1.6833,0.0854,1.0,2.5439,349.86,1.7982,0.7982,2.3758,1.3758,20.4478,1.8179,19.9674,1.7987,100.0,0.0,0.0,0.0,25.0,0.0,26.375,0.0,26.0,0.0,25.25,10.0,0.0,0.0077,53.1817,5.3182,2.0,49.6189,1.6783,1.2471,1.4997,1.233,1.4981,8.563e-05,1.4989,0.0006,2.6019,11.0,0.0593,1.0016,0.1811,2.4797,0.0711,2.0738,0.063,2.0212,0.0,0.0,0.0,29.9859,26.0,25.0,38.0,37.0,15.0,0.0,0.0,0.0,64.0,61.7405,0.0,41.2417,0.0,0.0
20599.0,1.6835,0.0854,1.0,2.5438,349.7895,1.7984,0.7984,2.3764,1.3764,20.5222,1.8209,19.9533,1.7981,100.0,0.0,0.0,0.0,25.125,0.0,26.25,0.0,26.0,0.0,25.25,10.0,0.0,0.008,53.1813,5.3181,2.0,50.3044,1.6806,1.1978,1.4943,1.2406,1.499,8.728e-05,1.5033,0.0006,2.6063,11.0,0.0598,1.0016,0.1444,2.3814,0.0599,1.9991,0.0672,2.0493,0.0,0.0,0.0,29.9865,25.0,25.0,38.0,37.0,13.0,0.0,0.0,0.0,64.0,61.9155,0.0,41.2419,0.0,0.0
20600.0,1.6827,0.0853,1.0,2.5438,349.7748,1.7987,0.7987,2.3764,1.3764,20.4674,1.8187,19.946,1.7978,100.0,0.0,0.0,0.0,25.125,0.0,26.375,0.0,26.0,0.0,25.25,10.0,0.0,0.0077,53.1812,5.3181,2.0,50.8823,1.6826,1.3184,1.5075,1.2355,1.4984,8.837e-05,1.5062,0.0006,2.6086,11.0,0.0577,1.0015,0.1712,2.4554,0.0691,2.0616,0.072,2.0791,0.0,0.0,0.0,29.9861,25.0,25.0,38.0,37.0,12.0,0.0,0.0,0.0,64.0,62.0921,0.0,41.2418,0.0,0.0
20601.0,1.6853,0.0857,1.0,2.5441,349.9933,1.7988,0.7988,2.3759,1.3759,20.3563,1.8143,19.9422,1.7977,100.0,0.0,0.0,0.0,25.125,0.0,26.375,0.0,26.0,0.0,25.5,10.0,0.0,0.0076,53.181,5.3181,2.0,52.7403,1.6889,1.405,1.5169,1.2358,1.4984,8.999e-05,1.5105,0.0006,2.6136,11.0,0.064,1.0017,0.1543,2.4102,0.062,2.0139,0.0593,1.9952,0.0,0.0,0.0,29.9861,25.0,25.0,38.0,37.0,13.0,0.0,0.0,0.0,64.0,62.2637,0.0,41.2414,0.0,0.0
20602.0,1.6864,0.0858,1.0,2.5442,350.1005,1.7987,0.7987,2.3756,1.3756,20.2955,1.8118,19.9503,1.798,100.0,0.0,0.0,0.0,25.25,0.0,26.375,0.0,26.125,0.0,25.375,10.0,0.0,0.0076,53.1809,5.3181,2.0,52.9428,1.6895,1.3445,1.5103,1.2417,1.4991,9.141e-05,1.5141,0.0006,2.6171,11.0,0.0631,1.0017,0.1351,2.3525,0.0572,1.979,0.0592,1.9945,0.0,0.0,0.0,29.986,25.0,25.0,38.0,37.0,14.0,0.0,0.0,0.0,64.0,62.4075,0.0,41.2414,0.0,0.0
20603.0,1.6921,0.0865,1.0,2.5441,349.9974,1.7979,0.7979,2.3759,1.3759,20.4175,1.8167,19.9657,1.7986,100.0,0.0,0.0,0.0,25.375,0.0,26.375,0.0,26.0,0.0,25.25,10.0,0.0,0.0086,53.1804,5.318,2.0,53.5687,1.6916,1.2945,1.5049,1.2366,1.4985,9.254e-05,1.517,0.0006,2.6222,11.0,0.0629,1.0017,0.1171,2.2903,0.0523,1.9403,0.0576,1.9822,0.0,0.0,0.0,29.9863,25.0,25.0,38.0,37.0,14.0,0.0,0.0,0.0,0.0,62.5796,0.0,41.2419,0.0,0.0
20604.0,1.6976,0.0872,1.0,2.5443,350.1641,1.7979,0.7979,2.3763,1.3763,20.5309,1.8212,19.946,1.7978,100.0,0.0,0.0,0.0,25.125,0.0,26.375,0.0,26.0,0.0,25.25,10.0,0.0,0.0087,53.1803,5.318,2.0,53.8709,1.6925,1.216,1.4963,1.2394,1.4988,9.426e-05,1.5212,0.0006,2.6265,11.0,0.0628,1.0017,0.0984,2.2147,0.0464,1.8888,0.0745,2.0942,0.0,0.0,0.0,29.987,25.0,25.0,38.0,37.0,15.0,0.0,0.0,0.0,0.0,62.5846,0.0,41.2423,0.0,0.0
20605.0,1.6987,0.0873,1.0,2.5444,350.248,1.7986,0.7986,2.3764,1.3764,20.4733,1.8189,19.9464,1.7979,100.0,0.0,0.0,0.0,25.0,0.0,26.375,0.0,26.0,0.0,25.25,10.0,0.0,0.0084,53.1799,5.318,2.0,54.4591,1.6944,1.1937,1.4939,1.2363,1.4985,9.543e-05,1.5241,0.0006,2.6291,11.0,0.0625,1.0017,0.1001,2.2224,0.0463,1.887,0.0652,2.0359,0.0,0.0,0.0,29.9866,25.0,25.0,38.0,37.0,14.0,0.0,0.0,0.0,0.0,62.5847,0.0,41.2428,0.0,0.0
20606.0,1.6993,0.0874,1.0,2.5444,350.2672,1.7984,0.7984,2.3763,1.3763,20.3589,1.8144,19.9329,1.7973,100.0,0.0,0.0,0.0,25.125,0.0,26.375,0.0,26.0,0.0,25.125,10.0,0.0,0.0081,53.1795,5.3179,2.0,54.565,1.6948,1.1197,1.4858,1.2354,1.4984,9.712e-05,1.5282,0.0006,2.6354,11.0,0.0674,1.0018,0.1012,2.2268,0.0487,1.9091,0.0676,2.0516,0.0,0.0,0.0,29.9864,25.0,25.0,38.0,37.0,15.0,0.0,0.0,0.0,0.0,62.5848,0.0,41.2425,0.0,0.0
20607.0,1.7002,0.0875,1.0,2.5444,350.2891,1.7983,0.7983,2.3761,1.3761,20.2907,1.8116,19.9384,1.7975,100.0,0.0,0.0,0.0,25.125,0.0,26.375,0.0,26.0,0.0,25.25,10.0,0.0,0.0079,53.179,5.3178,2.0,54.6334,1.695,1.0594,1.4792,1.233,1.4981,9.847e-05,1.5314,0.0006,2.6386,11.0,0.0653,1.0017,0.1723,2.4583,0.0409,1.8334,0.0661,2.042,0.0,0.0,0.0,29.9863,25.0,25.0,38.0,37.0,13.0,0.0,0.0,0.0,0.0,62.5848,0.0,41.2419,0.0,0.0
20608.0,1.6988,0.0874,1.0,2.5445,350.3261,1.7983,0.7983,2.3756,1.3756,20.4214,1.8169,19.9665,1.7987,100.0,0.0,0.0,0.0,25.125,0.0,26.25,0.0,26.0,0.0,25.25,10.0,0.0,0.008,53.1784,5.3178,2.0,55.6296,1.6981,1.1088,1.4846,1.233,1.4981,9.998e-05,1.5349,0.0006,2.6419,11.0,0.067,1.0018,0.1449,2.383,0.0424,1.8493,0.067,2.0478,0.0,0.0,0.0,29.986,25.0,25.0,38.0,37.0,13.0,0.0,0.0,0.0,0.0,62.584,0.0,41.2421,0.0,0.0
20609.0,1.6981,0.0873,1.0,2.5444,350.2953,1.7982,0.7982,2.3758,1.3758,20.5315,1.8213,19.9584,1.7983,100.0,0.0,0.0,0.0,25.125,0.0,26.5,0.0,26.0,0.0,25.25,10.0,0.0,0.0079,53.1785,5.3178,2.0,56.1041,1.6996,1.1305,1.487,1.2245,1.4972,0.0001,1.5379,0.0006,2.6471,11.0,0.0657,1.0018,0.1459,2.386,0.0358,1.7759,0.0552,1.9635,0.0,0.0,0.0,29.9862,25.0,25.0,38.0,37.0,13.0,0.0,0.0,0.0,0.0,62.5835,0.0,41.2424,0.0,0.0
20610.0,1.6981,0.0873,1.0,2.5445,350.3441,1.7986,0.7986,2.3759,1.3759,20.5017,1.8201,19.9576,1.7983,100.0,0.0,0.0,0.0,25.125,0.0,26.375,0.0,26.0,0.0,25.375,10.0,0.0,0.0084,53.1782,5.3178,2.0,56.9671,1.7022,1.1402,1.488,1.2134,1.496,0.0001,1.5401,0.0006,2.6481,11.0,0.0665,1.0018,0.1507,2.4,0.0385,1.8071,0.0692,2.0617,0.0,0.0,0.0,29.9862,25.0,25.0,38.0,37.0,15.0,0.0,0.0,0.0,0.0,62.5839,0.0,41.242,0.0,0.0
20611.0,1.697,0.0871,1.0,2.5446,350.4254,1.7988,0.7988,2.376,1.376,20.391,1.8156,19.9421,1.7977,100.0,0.0,0.0,0.0,25.125,0.0,26.375,0.0,26.0,0.0,25.25,10.0,0.0,0.0191,53.1756,5.3172,2.0,57.958,1.7052,1.6291,1.5414,1.2103,1.4957,0.0001,1.5438,0.0006,2.6549,11.0,0.0659,1.0018,0.1385,2.3632,0.0356,1.7735,0.0708,2.0718,0.0,0.0,0.0,29.9864,25.0,25.0,38.0,37.0,14.0,0.0,0.0,0.0,0.0,62.5842,0.0,41.2423,0.0,0.0
20612.0,1.6971,0.0871,1.0,2.5443,350.2004,1.7984,0.7984,2.3761,1.3761,20.2996,1.812,19.9341,1.7974,100.0,0.0,0.0,0.0,25.125,0.0,26.375,0.0,26.0,0.0,25.25,10.0,0.0,0.0087,53.174,5.3174,2.0,61.6429,1.716,1.5734,1.5353,1.2065,1.4953,0.0001,1.5471,0.0006,2.6569,11.0,0.0638,1.0017,0.1811,2.4798,0.0363,1.7812,0.0668,2.0466,0.0,0.0,0.0,29.9863,25.0,25.0,38.0,37.0,15.0,0.0,0.0,0.0,0.0,62.5841,0.0,41.2423,0.0,0.0
20613.0,1.6962,0.087,1.0,2.5443,350.1829,1.7979,0.7979,2.376,1.376,20.3965,1.8159,19.9556,1.7982,100.0,0.0,0.0,0.0,25.25,0.0,26.375,0.0,26.0,0.0,25.375,10.0,0.0,0.0086,53.1743,5.3174,2.0,61.8431,1.7165,1.4406,1.5208,1.1971,1.4942,0.0001,1.55,0.0006,2.6618,11.0,0.0597,1.0016,0.1725,2.4587,0.1606,2.4277,0.0594,1.9955,0.0,0.0,0.0,29.9866,25.0,25.0,38.0,37.0,14.0,0.0,0.0,0.0,0.0,62.5839,0.0,41.2418,0.0,0.0
20614.0,1.696,0.087,1.0,2.5443,350.187,1.7981,0.7981,2.3758,1.3758,20.5277,1.8211,19.9592,1.7984,100.0,0.0,0.0,0.0,25.125,0.0,26.375,0.0,25.875,0.0,25.25,10.0,0.0,0.0087,53.1743,5.3175,2.0,62.2171,1.7176,1.3205,1.5077,1.1861,1.493,0.0001,1.5523,0.0006,2.6666,11.0,0.0605,1.0016,0.2007,2.5244,0.1443,2.3811,0.0599,1.9993,0.0,0.0,0.0,29.986,25.0,25.0,38.0,37.0,16.0,0.0,0.0,0.0,0.0,62.5838,0.0,41.2424,0.0,0.0
20615.0,1.6953,0.0869,1.0,2.5441,350.0486,1.7987,0.7987,2.376,1.376,20.5094,1.8204,19.9568,1.7983,100.0,0.0,0.0,0.0,25.125,0.0,26.375,0.0,26.0,0.0,25.25,10.0,0.0,0.0081,53.1744,5.3175,2.0,61.9699,1.7169,1.2574,1.5008,1.18,1.4924,0.0001,1.5557,0.0006,2.6722,11.0,0.0557,1.0015,0.1484,2.3932,0.1342,2.3496,0.059,1.9928,0.0,0.0,0.0,29.9864,25.0,25.0,38.0,37.0,13.0,0.0,0.0,0.0,0.0,62.5846,0.0,41.2426,0.0,0.0
20616.0,1.6943,0.0868,1.0,2.5442,350.0949,1.7988,0.7988,2.3759,1.3759,20.4107,1.8164,19.9503,1.798,100.0,0.0,0.0,0.0,25.125,0.0,26.375,0.0,26.125,0.0,25.25,10.0,0.0,0.0078,53.1742,5.3174,2.0,62.6788,1.7188,1.2224,1.497,1.1663,1.4909,0.0001,1.5586,0.0006,2.6769,11.0,0.059,1.0016,0.2461,2.613,0.1116,2.2694,0.0726,2.0826,0.0,0.0,0.0,29.9859,26.0,25.0,38.0,38.0,14.0,0.0,0.0,0.0,0.0,62.5841,0.0,41.2422,0.0,0.0
20617.0,1.6928,0.0866,1.0,2.544,349.9842,1.7988,0.7988,2.3757,1.3757,20.2957,1.8118,19.9416,1.7977,100.0,0.0,0.0,0.0,25.25,0.0,26.375,0.0,26.0,0.0,25.25,10.0,0.0,0.0088,53.1742,5.3174,2.0,63.1015,1.72,1.1617,1.4904,1.1572,1.4899,0.0001,1.5612,0.0006,2.6779,11.0,0.0585,1.0016,0.2056,2.5348,0.1271,2.3261,0.0647,2.0328,0.0,0.0,0.0,29.9862,26.0,25.0,38.0,38.0,15.0,0.0,0.0,0.0,0.0,62.5844,0.0,41.2425,0.0,0.0
20618.0,1.6915,0.0864,1.0,2.5442,350.0661,1.7979,0.7979,2.3756,1.3756,20.378,1.8151,19.9596,1.7984,100.0,0.0,0.0,0.0,25.125,0.0,26.375,0.0,26.0,0.0,25.375,10.0,0.0,0.008,53.1739,5.3174,2.0,63.7841,1.7219,1.1262,1.4865,1.1431,1.4883,0.0001,1.5641,0.0006,2.6821,11.0,0.0597,1.0016,0.2242,2.5725,0.1023,2.2317,0.0646,2.0319,0.0,0.0,0.0,29.9859,26.0,25.0,38.0,38.0,14.0,0.0,0.0,0.0,0.0,62.584,0.0,41.2419,0.0,0.0
20619.0,1.689,0.0861,1.0,2.5442,350.1158,1.7978,0.7978,2.3756,1.3756,20.5126,1.8205,19.9558,1.7982,100.0,0.0,0.0,0.0,25.125,0.0,26.375,0.0,26.0,0.0,25.5,10.0,0.0,0.0086,53.1737,5.3173,2.0,64.5015,1.7238,1.1556,1.4897,1.1342,1.4874,0.0001,1.5663,0.0006,2.6861,11.0,0.0588,1.0016,0.2026,2.5284,0.1032,2.2354,0.0628,2.0196,0.0,0.0,0.0,29.9859,26.0,25.0,38.0,38.0,13.0,0.0,0.0,0.0,0.0,62.5835,0.0,41.2416,0.0,0.0
20620.0,1.6851,0.0856,1.0,2.5442,350.1139,1.7984,0.7984,2.376,1.376,20.5291,1.8212,19.9486,1.7979,100.0,0.0,0.0,0.0,25.25,0.0,26.375,0.0,26.0,0.0,25.25,10.0,0.0,0.0085,53.1736,5.3174,2.0,64.9076,1.7249,1.0907,1.4826,1.1199,1.4858,0.0001,1.5685,0.0006,2.6899,11.0,0.0579,1.0015,0.2061,2.5359,0.0858,2.1552,0.0677,2.0527,0.0,0.0,0.0,29.986,25.0,25.0,38.0,37.0,14.0,0.0,0.0,0.0,0.0,62.5838,0.0,41.2418,0.0,0.0
20621.0,1.6824,0.0853,1.0,2.5442,350.0774,1.7988,0.7988,2.376,1.376,20.4231,1.8169,19.9417,1.7977,100.0,0.0,0.0,0.0,25.25,0.0,26.375,0.0,26.0,0.0,25.25,10.0,0.0,0.0089,53.1733,5.3173,2.0,65.55,1.7266,1.0477,1.4779,1.1101,1.4847,0.0001,1.5717,0.0006,2.6947,11.0,0.0611,1.0016,0.2074,2.5386,0.0889,2.1705,0.0651,2.0354,0.0,0.0,0.0,29.9856,25.0,25.0,38.0,37.0,13.0,0.0,0.0,0.0,0.0,62.5839,0.0,41.2416,0.0,0.0
20622.0,1.6852,0.0857,1.0,2.5442,350.0945,1.7984,0.7984,2.3758,1.3758,20.3268,1.8131,19.9398,1.7976,100.0,0.0,0.0,0.0,25.125,0.0,26.5,0.0,26.0,0.0,25.25,10.0,0.0,0.0091,53.1731,5.3173,2.0,65.6082,1.7268,1.0007,1.4728,1.099,1.4835,0.0001,1.5737,0.0006,2.6937,11.0,0.0586,1.0016,0.2553,2.6289,0.0916,2.1837,0.0693,2.0624,0.0,0.0,0.0,29.9856,25.0,25.0,38.0,37.0,14.0,0.0,0.0,0.0,0.0,62.5836,0.0,41.2422,0.0,0.0
20623.0,1.6856,0.0857,1.0,2.5439,349.8918,1.7981,0.7981,2.3756,1.3756,20.3489,1.814,19.9595,1.7984,100.0,0.0,0.0,0.0,25.25,0.0,26.375,0.0,26.25,0.0,25.25,10.0,0.0,0.0085,53.1726,5.3173,2.0,66.7937,1.7299,0.9689,1.4693,1.0834,1.4818,0.0001,1.5768,0.0006,2.7003,11.0,0.059,1.0016,0.2423,2.6061,0.0772,2.1092,0.0601,2.0005,0.0,0.0,0.0,29.9856,25.0,25.0,38.0,37.0,15.0,0.0,0.0,0.0,0.0,62.5836,0.0,41.2417,0.0,0.0
20624.0,1.6864,0.0858,1.0,2.5439,349.8776,1.7986,0.7986,2.3752,1.3752,20.5117,1.8205,19.973,1.7989,100.0,0.0,0.0,0.0,25.25,0.0,26.375,0.0,26.0,0.0,25.25,10.0,0.0,0.0085,53.1724,5.3172,2.0,66.2403,1.7284,0.8747,1.4591,1.0596,1.4792,0.0001,1.5786,0.0006,2.7017,11.0,0.055,1.0015,0.2063,2.5363,0.0858,2.1555,0.0637,2.0257,0.0,0.0,0.0,29.9852,26.0,25.0,38.0,37.0,14.0,0.0,0.0,0.0,0.0,62.5831,0.0,41.2419,0.0,0.0
20625.0,1.6866,0.0858,1.0,2.5441,350.0269,1.7989,0.7989,2.3756,1.3756,20.5298,1.8212,19.9605,1.7984,100.0,0.0,0.0,0.0,25.125,0.0,26.375,0.0,26.125,0.0,25.25,10.0,0.0,0.0089,53.1724,5.3173,2.0,66.6357,1.7295,0.855,1.4569,1.0411,1.4772,0.0001,1.5807,0.0006,2.7056,11.0,0.0583,1.0016,0.2111,2.5463,0.0722,2.0805,0.0567,1.9754,0.0,0.0,0.0,29.9849,26.0,25.0,38.0,37.0,15.0,0.0,0.0,0.0,0.0,62.5825,0.0,41.2412,0.0,0.0
20626.0,1.6856,0.0857,1.0,2.5441,350.0166,1.7984,0.7984,2.3759,1.3759,20.4436,1.8177,19.9427,1.7977,100.0,0.0,0.0,0.0,25.125,0.0,26.375,0.0,26.0,0.0,25.25,10.0,0.0,0.0082,53.172,5.3172,2.0,66.8606,1.7301,0.8333,1.4545,1.026,1.4756,0.0001,1.5829,0.0006,2.7084,11.0,0.0586,1.0016,0.1754,2.4659,0.0748,2.0959,0.068,2.0542,0.0,0.0,0.0,29.9852,26.0,25.0,38.0,37.0,15.0,0.0,0.0,0.0,0.0,62.5835,0.0,41.2418,0.0,0.0
20627.0,1.6866,0.0858,1.0,2.5441,349.9878,1.7984,0.7984,2.3762,1.3762,20.3349,1.8134,19.9313,1.7973,100.0,0.0,0.0,0.0,25.125,0.0,26.375,0.0,26.0,0.0,25.25,10.0,0.0,0.008,53.1716,5.3172,2.0,68.1086,1.7333,0.9672,1.4692,1.0102,1.4738,0.0001,1.585,0.0006,2.7116,11.0,0.0576,1.0015,0.1867,2.493,0.064,2.0282,0.0677,2.0527,0.0,0.0,0.0,29.9859,26.0,25.0,38.0,37.0,14.0,0.0,0.0,0.0,0.0,62.5841,0.0,41.2418,0.0,0.0
20628.0,1.6874,0.0859,1.0,2.544,349.952,1.7986,0.7986,2.3756,1.3756,20.3256,1.813,19.9545,1.7982,100.0,0.0,0.0,0.0,25.25,0.0,26.375,0.0,26.0,0.0,25.25,10.0,0.0,0.0076,53.1714,5.3171,2.0,68.8454,1.7351,0.8709,1.4586,0.994,1.4721,0.0001,1.5868,0.0006,2.7148,11.0,0.0592,1.0016,0.193,2.5074,0.0618,2.0126,0.0683,2.0561,0.0,0.0,0.0,29.9854,26.0,25.0,38.0,37.0,15.0,0.0,0.0,0.0,0.0,62.5844,0.0,41.2423,0.0,0.0
20629.0,1.6877,0.086,1.0,2.5439,349.8992,1.7982,0.7982,2.3752,1.3752,20.4988,1.82,19.967,1.7987,100.0,0.0,0.0,0.0,25.25,0.0,26.5,0.0,26.0,0.0,25.25,10.0,0.0,0.0082,53.171,5.3171,2.0,68.6681,1.7347,0.8058,1.4515,0.9789,1.4704,0.0001,1.5892,0.0006,2.7179,11.0,0.0588,1.0016,0.1645,2.4379,0.0708,2.0716,0.0774,2.1106,0.0,0.0,0.0,29.9855,26.0,25.0,38.0,37.0,16.0,0.0,0.0,0.0,0.0,62.584,0.0,41.2419,0.0,0.0
20630.0,1.6877,0.086,1.0,2.544,349.9458,1.7985,0.7985,2.3759,1.3759,20.5268,1.8211,19.9523,1.7981,100.0,0.0,0.0,0.0,25.25,0.0,26.375,0.0,26.0,0.0,25.25,10.0,0.0,0.0082,53.1706,5.317,2.0,69.4422,1.7366,0.8287,1.454,0.9627,1.4687,0.0001,1.5911,0.0006,2.7203,11.0,0.0631,1.0017,0.1596,2.4248,0.0627,2.0193,0.0696,2.0644,0.0,0.0,0.0,29.9854,26.0,25.0,38.0,37.0,14.0,0.0,0.0,0.0,0.0,62.5838,0.0,41.2413,0.0,0.0
20631.0,1.6886,0.0861,1.0,2.544,349.9679,1.7984,0.7984,2.376,1.376,20.4721,1.8189,19.9366,1.7975,100.0,0.0,0.0,0.0,25.125,0.0,26.375,0.0,26.0,0.0,25.25,10.0,0.0,0.0085,53.1704,5.317,2.0,69.2942,1.7363,0.7478,1.4452,0.9591,1.4683,0.0001,1.5935,0.0006,2.7227,11.0,0.0633,1.0017,0.1273,2.3267,0.0636,2.0256,0.0711,2.0735,0.0,0.0,0.0,29.9855,26.0,25.0,38.0,37.0,12.0,0.0,0.0,0.0,0.0,62.5835,0.0,41.2418,0.0,0.0
20632.0,1.6929,0.0866,1.0,2.5441,350.0015,1.7984,0.7984,2.3758,1.3758,20.3587,1.8143,19.9311,1.7972,100.0,0.0,0.0,0.0,25.125,0.0,26.375,0.0,26.0,0.0,25.25,10.0,0.0,0.0078,53.17,5.317,2.0,69.3138,1.7363,0.732,1.4435,0.9381,1.466,0.0001,1.5955,0.0006,2.7263,11.0,0.0631,1.0017,0.1474,2.3904,0.0642,2.0294,0.0683,2.0565,0.0,0.0,0.0,29.9854,25.0,25.0,38.0,37.0,12.0,0.0,0.0,0.0,0.0,62.5836,0.0,41.2416,0.0,0.0
20633.0,1.6927,0.0866,1.0,2.544,349.9628,1.7987,0.7987,2.3757,1.3757,20.3117,1.8125,19.9524,1.7981,100.0,0.0,0.0,0.0,25.125,0.0,26.25,0.0,26.0,0.0,25.25,10.0,0.0,0.0081,53.1704,5.317,2.0,69.8299,1.7376,0.7302,1.4433,0.925,1.4645,0.0001,1.5969,0.0006,2.7312,11.0,0.0587,1.0016,0.1585,2.4219,0.048,1.9033,0.0651,2.0355,0.0,0.0,0.0,29.9855,25.0,25.0,38.0,37.0,13.0,0.0,0.0,0.0,0.0,62.584,0.0,41.2422,0.0,0.0
20634.0,1.6912,0.0864,1.0,2.5442,350.1024,1.7982,0.7982,2.3755,1.3755,20.4585,1.8183,19.9673,1.7987,100.0,0.0,0.0,0.0,25.125,0.0,26.375,0.0,26.0,0.0,25.25,10.0,0.0,0.0082,53.1696,5.3169,2.0,71.1921,1.741,0.7834,1.4491,0.9045,1.4623,0.0001,1.5987,0.0007,2.7343,11.0,0.0641,1.0017,0.1398,2.3672,0.053,1.9458,0.06,2.0002,0.0,0.0,0.0,29.9854,25.0,25.0,38.0,37.0,13.0,0.0,0.0,0.0,0.0,62.5836,0.0,41.2421,0.0,0.0
20635.0,1.6881,0.086,1.0,2.5441,350.0481,1.798,0.798,2.3759,1.3759,20.54,1.8216,19.9537,1.7981,100.0,0.0,0.0,0.0,25.125,0.0,26.375,0.0,26.0,0.0,25.25,10.0,0.0,0.0081,53.1687,5.3168,2.0,72.0564,1.7431,0.881,1.4597,0.8915,1.4609,0.0001,1.6007,0.0007,2.7364,11.0,0.0643,1.0017,0.1267,2.3247,0.1316,2.3411,0.0625,2.0178,0.0,0.0,0.0,29.9855,25.0,25.0,38.0,37.0,14.0,0.0,0.0,0.0,0.0,62.5833,0.0,41.242,0.0,0.0
20636.0,1.6879,0.086,1.0,2.5442,350.1384,1.7984,0.7984,2.3759,1.3759,20.4766,1.8191,19.9345,1.7974,100.0,0.0,0.0,0.0,25.125,0.0,26.375,0.0,26.0,0.0,25.25,10.0,0.0,0.0082,53.1687,5.3169,2.0,73.1925,1.7458,0.8699,1.4585,0.8816,1.4598,0.0001,1.6028,0.0007,2.739,11.0,0.0641,1.0017,0.1382,2.3623,0.1515,2.4022,0.0533,1.9483,0.0,0.0,0.0,29.9854,25.0,25.0,38.0,37.0,12.0,0.0,0.0,0.0,0.0,62.5833,0.0,41.2417,0.0,0.0
20637.0,1.6876,0.086,1.0,2.5443,350.1814,1.7988,0.7988,2.3756,1.3756,20.3804,1.8152,19.9418,1.7977,100.0,0.0,0.0,0.0,25.125,0.0,26.375,0.0,26.125,0.0,25.375,10.0,0.0,0.008,53.1682,5.3168,2.0,73.4405,1.7464,0.8127,1.4523,0.8575,1.4572,0.0001,1.6039,0.0007,2.7403,11.0,0.0626,1.0017,0.1337,2.348,0.1373,2.3594,0.0506,1.9257,0.0,0.0,0.0,29.9855,25.0,25.0,38.0,38.0,14.0,0.0,0.0,0.0,0.0,62.5838,0.0,41.2418,0.0,0.0
20638.0,1.6872,0.0859,1.0,2.5443,350.1958,1.7984,0.7984,2.3757,1.3757,20.3028,1.8121,19.9476,1.7979,100.0,0.0,0.0,0.0,25.125,0.0,26.375,0.0,26.0,0.0,25.25,10.0,0.0,0.008,53.1683,5.3168,2.0,74.0739,1.7479,0.8631,1.4578,0.8504,1.4564,0.0001,1.6063,0.0007,2.7427,11.0,0.0627,1.0017,0.1929,2.5072,0.1256,2.3209,0.0687,2.0587,0.0,0.0,0.0,29.9858,25.0,25.0,38.0,38.0,15.0,0.0,0.0,0.0,0.0,62.5839,0.0,41.2421,0.0,0.0
20639.0,1.6857,0.0857,1.0,2.5443,350.1927,1.7978,0.7978,2.3756,1.3756,20.429,1.8172,19.9557,1.7982,100.0,0.0,0.0,0.0,25.125,0.0,26.375,0.0,26.0,0.0,25.25,10.0,0.0,0.0081,53.168,5.3168,2.0,75.3255,1.7508,0.918,1.4638,0.8337,1.4546,0.0001,1.6073,0.0007,2.7443,11.0,0.0618,1.0016,0.2026,2.5285,0.1362,2.3562,0.0622,2.0159,0.0,0.0,0.0,29.9853,25.0,25.0,38.0,38.0,13.0,0.0,0.0,0.0,0.0,62.5834,0.0,41.2421,0.0,0.0
20640.0,1.688,0.086,1.0,2.5443,350.1718,1.798,0.798,2.3759,1.3759,20.5333,1.8213,19.9463,1.7979,100.0,0.0,0.0,0.0,25.25,0.0,26.375,0.0,26.0,0.0,25.25,10.0,0.0,0.0077,53.1674,5.3167,2.0,76.1722,1.7527,0.9121,1.4631,0.8043,1.4514,0.0001,1.6088,0.0007,2.7464,11.0,0.0631,1.0017,0.1826,2.4835,0.1162,2.287,0.0647,2.0325,0.0,0.0,0.0,29.9856,25.0,25.0,38.0,38.0,14.0,0.0,0.0,0.0,0.0,62.5835,0.0,41.2417,0.0,0.0
20641.0,1.6925,0.0866,1.0,2.5442,350.076,1.7983,0.7983,2.376,1.376,20.4843,1.8194,19.938,1.7975,100.0,0.0,0.0,0.0,25.25,0.0,26.375,0.0,26.125,0.0,25.25,10.0,0.0,0.0079,53.1672,5.3167,2.0,76.3807,1.7532,0.821,1.4532,0.8057,1.4515,0.0001,1.6108,0.0007,2.751,11.0,0.0628,1.0017,0.1751,2.4651,0.1127,2.2738,0.057,1.9776,0.0,0.0,0.0,29.9853,26.0,25.0,38.0,37.0,14.0,0.0,0.0,0.0,0.0,62.5837,0.0,41.2421,0.0,0.0
20642.0,1.6928,0.0866,1.0,2.5442,350.1132,1.7988,0.7988,2.3756,1.3756,20.3902,1.8156,19.941,1.7976,100.0,0.0,0.0,0.0,25.125,0.0,26.375,0.0,26.125,0.0,25.25,10.0,0.0,0.0075,53.1669,5.3167,2.0,75.8902,1.7521,0.7519,1.4457,0.7775,1.4485,0.0001,1.6118,0.0007,2.7525,11.0,0.0647,1.0017,0.1574,2.4187,0.1008,2.2254,0.0627,2.019,0.0,0.0,0.0,29.9858,26.0,25.0,38.0,37.0,13.0,0.0,0.0,0.0,0.0,62.5835,0.0,41.242,0.0,0.0
20643.0,1.6936,0.0867,1.0,2.5442,350.1379,1.7987,0.7987,2.3756,1.3756,20.3029,1.8121,19.9413,1.7977,100.0,0.0,0.0,0.0,25.25,0.0,26.625,0.0,26.0,0.0,25.25,10.0,0.0,0.0078,53.1663,5.3166,2.0,76.4875,1.7534,0.7486,1.4453,0.7745,1.4481,0.0001,1.6134,0.0007,2.7533,11.0,0.0642,1.0017,0.137,2.3585,0.1823,2.4825,0.0564,1.9733,0.0,0.0,0.0,29.9846,26.0,25.0,38.0,37.0,14.0,0.0,0.0,0.0,0.0,62.5831,0.0,41.242,0.0,0.0
20644.0,1.6939,0.0867,1.0,2.5442,350.0916,1.7983,0.7983,2.3756,1.3756,20.3801,1.8152,19.9631,1.7985,100.0,0.0,0.0,0.0,25.125,0.0,26.375,0.0,26.0,0.0,25.125,10.0,0.0,0.0084,53.166,5.3166,2.0,77.1242,1.7549,0.7498,1.4454,0.7597,1.4465,0.0001,1.6151,0.0007,2.7551,11.0,0.0617,1.0016,0.1341,2.3492,0.1667,2.4438,0.0547,1.9595,0.0,0.0,0.0,29.9854,26.0,25.0,38.0,37.0,14.0,0.0,0.0,0.0,0.0,62.5834,0.0,41.242,0.0,0.0
20645.0,1.695,0.0869,1.0,2.544,349.9813,1.7982,0.7982,2.3755,1.3755,20.5281,1.8211,19.959,1.7984,100.0,0.0,0.0,0.0,25.25,0.0,26.375,0.0,26.0,0.0,25.125,10.0,0.0,0.0079,53.166,5.3166,2.0,77.5499,1.7558,0.7316,1.4434,0.7377,1.4441,0.0001,1.6162,0.0007,2.759,11.0,0.0578,1.0015,0.1291,2.3327,0.1955,2.513,0.0541,1.9551,0.0,0.0,0.0,29.9853,26.0,25.0,38.0,37.0,14.0,0.0,0.0,0.0,0.0,62.5836,0.0,41.2417,0.0,0.0
20646.0,1.6949,0.0869,1.0,2.5441,350.0505,1.7983,0.7983,2.376,1.376,20.4917,1.8197,19.9464,1.7979,100.0,0.0,0.0,0.0,25.125,0.0,26.375,0.0,26.125,0.0,25.25,10.0,0.0,0.0084,53.1657,5.3166,2.0,77.2895,1.7552,0.6249,1.4318,0.7197,1.4422,0.0001,1.6176,0.0007,2.7612,11.0,0.0585,1.0016,0.143,2.3773,0.1704,2.4532,0.0494,1.9155,0.0,0.0,0.0,29.9852,26.0,25.0,38.0,37.0,14.0,0.0,0.0,0.0,0.0,62.5836,0.0,41.2416,0.0,0.0
20647.0,1.6943,0.0868,1.0,2.544,349.9837,1.7984,0.7984,2.3759,1.3759,20.4002,1.816,19.9336,1.7973,100.0,0.0,0.0,0.0,25.125,0.0,26.375,0.0,26.125,0.0,25.25,10.0,0.0,0.0084,53.1654,5.3165,2.0,77.6957,1.7562,0.6157,1.4308,0.7028,1.4403,0.0001,1.6187,0.0007,2.7617,11.0,0.0581,1.0015,0.1128,2.2743,0.1559,2.4146,0.0461,1.8856,0.0,0.0,0.0,29.9854,26.0,25.0,38.0,37.0,15.0,0.0,0.0,0.0,0.0,62.5841,0.0,41.2414,0.0,0.0
20648.0,1.6954,0.0869,1.0,2.5441,350.0505,1.7984,0.7984,2.3757,1.3757,20.3018,1.8121,19.9331,1.7973,100.0,0.0,0.0,0.0,25.375,0.0,26.375,0.0,26.125,0.0,25.25,10.0,0.0,0.0079,53.1655,5.3165,2.0,77.4332,1.7556,0.5172,1.4201,0.7018,1.4402,0.0001,1.6204,0.0007,2.7623,11.0,0.058,1.0015,0.1155,2.2846,0.1238,2.3145,0.0435,1.8607,0.0,0.0,0.0,29.9846,26.0,25.0,38.0,37.0,14.0,0.0,0.0,0.0,0.0,62.5834,0.0,41.2412,0.0,0.0
20649.0,1.6954,0.0869,1.0,2.5442,350.0774,1.7984,0.7984,2.3752,1.3752,20.3844,1.8154,19.9635,1.7985,100.0,0.0,0.0,0.0,25.125,0.0,26.375,0.0,26.125,0.0,25.25,10.0,0.0,0.0085,53.1648,5.3165,2.0,77.3877,1.7555,0.4885,1.4169,0.6663,1.4363,0.0001,1.6209,0.0007,2.7672,11.0,0.0558,1.0015,0.094,2.1951,0.1401,2.3681,0.0395,1.8179,0.0,0.0,0.0,29.9849,25.0,25.0,38.0,37.0,13.0,0.0,0.0,0.0,0.0,62.5827,0.0,41.2413,0.0,0.0
20650.0,1.696,0.087,1.0,2.544,349.9832,1.7982,0.7982,2.3753,1.3753,20.5186,1.8207,19.9626,1.7985,100.0,0.0,0.0,0.0,25.125,0.0,26.375,0.0,26.125,0.0,25.25,10.0,0.0,0.0088,53.1647,5.3164,2.0,77.5315,1.7558,0.4577,1.4136,0.6626,1.4359,0.0001,1.6224,0.0007,2.7676,11.0,0.0565,1.0015,0.096,2.2042,0.1497,2.397,0.0396,1.8196,0.0,0.0,0.0,29.9845,25.0,25.0,38.0,37.0,14.0,0.0,0.0,0.0,0.0,62.5833,0.0,41.2412,0.0,0.0
20651.0,1.6959,0.087,1.0,2.5441,350.0036,1.7987,0.7987,2.3759,1.3759,20.4996,1.82,19.9486,1.7979,100.0,0.0,0.0,0.0,25.125,0.0,26.375,0.0,26.0,0.0,25.375,10.0,0.0,0.008,53.1642,5.3164,2.0,77.8248,1.7564,0.5024,1.4184,0.6571,1.4353,0.0001,1.6241,0.0007,2.7684,11.0,0.056,1.0015,0.0884,2.1684,0.1317,2.3413,0.0414,1.8393,0.0,0.0,0.0,29.9845,25.0,25.0,38.0,37.0,13.0,0.0,0.0,0.0,0.0,62.5836,0.0,41.2419,0.0,0.0
20652.0,1.694,0.0868,1.0,2.5441,350.0524,1.7988,0.7988,2.3755,1.3755,20.4195,1.8168,19.9434,1.7977,100.0,0.0,0.0,0.0,25.25,0.0,26.375,0.0,26.0,0.0,25.25,10.0,0.0,0.0085,53.1637,5.3164,2.0,78.8582,1.7587,0.5054,1.4188,0.6224,1.4315,0.0001,1.6241,0.0007,2.7733,11.0,0.0585,1.0016,0.0875,2.1639,0.1152,2.2832,0.0386,1.8089,0.0,0.0,0.0,29.9848,25.0,25.0,38.0,37.0,15.0,0.0,0.0,0.0,0.0,62.5836,0.0,41.2416,0.0,0.0
20653.0,1.6939,0.0867,1.0,2.544,349.9333,1.7988,0.7988,2.3754,1.3754,20.3222,1.8129,19.9391,1.7976,100.0,0.0,0.0,0.0,25.125,0.0,26.5,0.0,26.0,0.0,25.25,10.0,0.0,0.0084,53.1635,5.3163,2.0,78.4657,1.7579,0.4623,1.4141,0.6181,1.4311,0.0001,1.6254,0.0007,2.7738,11.0,0.0564,1.0015,0.0904,2.178,0.2002,2.5234,0.0371,1.7909,0.0,0.0,0.0,29.985,26.0,25.0,38.0,38.0,14.0,0.0,0.0,0.0,0.0,62.5837,0.0,41.242,0.0,0.0
20654.0,1.6929,0.0866,1.0,2.5438,349.782,1.7986,0.7986,2.3752,1.3752,20.3457,1.8138,19.9579,1.7983,100.0,0.0,0.0,0.0,25.125,0.0,26.5,0.0,26.0,0.0,25.25,10.0,0.0,0.0083,53.1631,5.3163,2.0,78.4219,1.7578,0.4033,1.4076,0.6127,1.4305,0.0001,1.6269,0.0007,2.7734,11.0,0.0566,1.0015,0.0703,2.0687,0.1712,2.4554,0.0356,1.773,0.0,0.0,0.0,29.9849,26.0,25.0,38.0,38.0,15.0,0.0,0.0,0.0,0.0,62.5833,0.0,41.242,0.0,0.0
20655.0,1.6936,0.0867,1.0,2.5436,349.6424,1.7982,0.7982,2.3752,1.3752,20.5217,1.8209,19.9649,1.7986,100.0,0.0,0.0,0.0,25.125,0.0,26.375,0.0,26.0,0.0,25.25,10.0,0.0,0.0072,53.1624,5.3162,2.0,78.4707,1.7579,0.3481,1.4016,0.6059,1.4297,0.0001,1.6283,0.0007,2.7781,11.0,0.0555,1.0015,0.0703,2.069,0.159,2.4232,0.0315,1.7203,0.0,0.0,0.0,29.9846,26.0,25.0,38.0,38.0,14.0,0.0,0.0,0.0,0.0,62.5833,0.0,41.2416,0.0,0.0
20656.0,1.6939,0.0867,1.0,2.5438,349.7818,1.7985,0.7985,2.3756,1.3756,20.5214,1.8209,19.9486,1.7979,100.0,0.0,0.0,0.0,25.125,0.0,26.375,0.0,26.125,0.0,25.25,10.0,0.0,0.0075,53.162,5.3162,2.0,77.7505,1.7563,0.2147,1.3871,0.6002,1.4291,0.0002,1.6296,0.0007,2.7783,11.0,0.0579,1.0015,0.1585,2.4219,0.1517,2.4029,0.0424,1.8489,0.0,0.0,0.0,29.9851,26.0,25.0,38.0,38.0,13.0,0.0,0.0,0.0,0.0,62.5834,0.0,41.2422,0.0,0.0
20657.0,1.6939,0.0867,1.0,2.5439,349.8708,1.7988,0.7988,2.3755,1.3755,20.4299,1.8172,19.9433,1.7977,100.0,0.0,0.0,0.0,25.125,0.0,26.5,0.0,26.0,0.0,25.375,10.0,0.0,0.008,53.1617,5.3161,2.0,77.2192,1.7551,0.2499,1.3909,0.5908,1.4281,0.0002,1.6311,0.0007,2.7826,11.0,0.06,1.0016,0.1454,2.3843,0.1473,2.3899,0.0475,1.8988,0.0,0.0,0.0,29.9851,26.0,25.0,38.0,37.0,13.0,0.0,0.0,0.0,0.0,62.5836,0.0,41.2416,0.0,0.0
20658.0,1.6938,0.0867,1.0,2.544,349.9549,1.7988,0.7988,2.3754,1.3754,20.3259,1.813,19.9394,1.7976,100.0,0.0,0.0,0.0,25.25,0.0,26.5,0.0,26.0,0.0,25.25,10.0,0.0,0.0077,53.1614,5.3161,2.0,77.9072,1.7566,0.2418,1.39,0.5819,1.4271,0.0002,1.6321,0.0007,2.7822,11.0,0.063,1.0017,0.1299,2.3353,0.1509,2.4005,0.0406,1.8299,0.0,0.0,0.0,29.9851,26.0,25.0,38.0,37.0,13.0,0.0,0.0,0.0,0.0,62.5832,0.0,41.2416,0.0,0.0
20659.0,1.6929,0.0866,1.0,2.544,349.9182,1.7983,0.7983,2.3752,1.3752,20.3157,1.8126,19.9468,1.7979,100.0,0.0,0.0,0.0,25.25,0.0,26.375,0.0,26.0,0.0,25.25,10.0,0.0,0.0078,53.1611,5.3162,2.0,77.8428,1.7565,0.2531,1.3913,0.5455,1.4231,0.0002,1.632,0.0007,2.7864,11.0,0.0624,1.0017,0.1261,2.3227,0.1426,2.3761,0.0414,1.8393,0.0,0.0,0.0,29.9856,26.0,25.0,38.0,37.0,14.0,0.0,0.0,0.0,0.0,62.5841,0.0,41.2425,0.0,0.0
20660.0,1.6929,0.0866,1.0,2.5441,350.0039,1.7978,0.7978,2.3752,1.3752,20.4988,1.82,19.9573,1.7983,100.0,0.0,0.0,0.0,25.25,0.0,26.375,0.0,26.0,0.0,25.25,10.0,0.0,0.0081,53.1609,5.3161,2.0,78.2893,1.7575,0.2711,1.3932,0.5334,1.4218,0.0002,1.6331,0.0007,2.7864,11.0,0.0663,1.0018,0.0975,2.211,0.1355,2.3537,0.0423,1.8481,0.0,0.0,0.0,29.9856,26.0,25.0,38.0,37.0,14.0,0.0,0.0,0.0,0.0,62.5838,0.0,41.2422,0.0,0.0
20661.0,1.6928,0.0866,1.0,2.5442,350.0863,1.7985,0.7985,2.376,1.376,20.5225,1.8209,19.9504,1.798,100.0,0.0,0.0,0.0,25.125,0.0,26.5,0.0,26.0,0.0,25.25,10.0,0.0,0.0086,53.1607,5.316,2.0,78.8394,1.7587,0.2831,1.3945,0.5255,1.421,0.0002,1.6341,0.0007,2.7871,11.0,0.063,1.0017,0.1102,2.264,0.1378,2.3611,0.0513,1.9317,0.0,0.0,0.0,29.985,25.0,25.0,38.0,37.0,15.0,0.0,0.0,0.0,0.0,62.5837,0.0,41.2417,0.0,0.0
20662.0,1.6937,0.0867,1.0,2.5441,350.0642,1.7984,0.7984,2.3755,1.3755,20.4566,1.8183,19.9349,1.7974,100.0,0.0,0.0,0.0,25.125,0.0,26.375,0.0,26.0,0.0,25.25,10.0,0.0,0.0086,53.1606,5.316,2.0,78.3877,1.7577,0.2155,1.3871,0.5435,1.4229,0.0002,1.6361,0.0007,2.7898,11.0,0.0641,1.0017,0.1145,2.2808,0.1197,2.2999,0.0506,1.9261,0.0,0.0,0.0,29.9849,25.0,25.0,38.0,37.0,14.0,0.0,0.0,0.0,0.0,62.5838,0.0,41.2418,0.0,0.0
20663.0,1.6939,0.0867,1.0,2.5445,350.3119,1.7984,0.7984,2.3755,1.3755,20.361,1.8144,19.9317,1.7973,100.0,0.0,0.0,0.0,25.25,0.0,26.375,0.0,26.0,0.0,25.25,10.0,0.0,0.0085,53.1601,5.316,2.0,78.913,1.7589,0.2736,1.3935,0.5291,1.4214,0.0002,1.6367,0.0007,2.7926,11.0,0.0658,1.0018,0.1099,2.2629,0.1012,2.2272,0.0487,1.909,0.0,0.0,0.0,29.9847,25.0,25.0,38.0,37.0,12.0,0.0,0.0,0.0,0.0,62.5834,0.0,41.2419,0.0,0.0
20664.0,1.6939,0.0867,1.0,2.5444,350.2634,1.7983,0.7983,2.3756,1.3756,20.3091,1.8124,19.9437,1.7977,100.0,0.0,0.0,0.0,25.0,0.0,26.5,0.0,26.0,0.0,25.125,10.0,0.0,0.0081,53.1597,5.316,2.0,79.2806,1.7597,0.2722,1.3933,0.5224,1.4206,0.0002,1.6381,0.0007,2.7925,11.0,0.0651,1.0017,0.0982,2.2142,0.0909,2.1806,0.0454,1.8791,0.0,0.0,0.0,29.9851,25.0,25.0,38.0,37.0,12.0,0.0,0.0,0.0,0.0,62.5841,0.0,41.2421,0.0,0.0
20665.0,1.6948,0.0868,1.0,2.5445,350.3754,1.7979,0.7979,2.3752,1.3752,20.4863,1.8195,19.9666,1.7987,100.0,0.0,0.0,0.0,25.125,0.0,26.375,0.0,26.0,0.0,25.25,10.0,0.0,0.009,53.1594,5.3159,2.0,78.6978,1.7584,0.1714,1.3823,0.5071,1.419,0.0002,1.639,0.0007,2.7962,11.0,0.0666,1.0018,0.0992,2.2182,0.1064,2.249,0.0453,1.8777,0.0,0.0,0.0,29.985,25.0,25.0,38.0,37.0,14.0,0.0,0.0,0.0,0.0,62.5834,0.0,41.242,0.0,0.0
20666.0,1.6949,0.0869,1.0,2.5445,350.3264,1.7984,0.7984,2.3755,1.3755,20.5305,1.8212,19.9546,1.7982,100.0,0.0,0.0,0.0,25.25,0.0,26.375,0.0,26.125,0.0,25.25,10.0,0.0,0.009,53.1593,5.3159,2.0,78.3976,1.7577,0.1387,1.3788,0.4956,1.4177,0.0002,1.6396,0.0007,2.7951,11.0,0.0663,1.0018,0.0832,2.1421,0.1034,2.2364,0.0441,1.8659,0.0,0.0,0.0,29.9846,25.0,25.0,38.0,37.0,13.0,0.0,0.0,0.0,0.0,62.5837,0.0,41.2419,0.0,0.0
20667.0,1.6939,0.0867,1.0,2.5443,350.2014,1.7984,0.7984,2.3755,1.3755,20.4595,1.8184,19.9356,1.7974,100.0,0.0,0.0,0.0,25.25,0.0,26.5,0.0,26.0,0.0,25.25,10.0,0.0,0.0082,53.1593,5.3159,2.0,78.1697,1.7572,0.1833,1.3836,0.4793,1.4159,0.0002,1.6402,0.0007,2.7986,11.0,0.0609,1.0016,0.1761,2.4677,0.1034,2.2363,0.0439,1.8639,0.0,0.0,0.0,29.9849,25.0,25.0,38.0,37.0,13.0,0.0,0.0,0.0,0.0,62.5837,0.0,41.2421,0.0,0.0
20668.0,1.6929,0.0866,1.0,2.5444,350.2425,1.7985,0.7985,2.3755,1.3755,20.3612,1.8144,19.9421,1.7977,100.0,0.0,0.0,0.0,25.125,0.0,26.375,0.0,26.0,0.0,25.25,10.0,0.0,0.0089,53.1591,5.3159,2.0,79.3048,1.7597,0.2054,1.386,0.4656,1.4144,0.0002,1.6408,0.0007,2.7982,11.0,0.0592,1.0016,0.138,2.3618,0.0932,2.1912,0.0414,1.8385,0.0,0.0,0.0,29.9846,25.0,25.0,38.0,37.0,14.0,0.0,0.0,0.0,0.0,62.5833,0.0,41.2417,0.0,0.0
20669.0,1.6929,0.0866,1.0,2.5443,350.2045,1.7988,0.7988,2.3753,1.3753,20.3016,1.8121,19.9518,1.7981,100.0,0.0,0.0,0.0,25.125,0.0,26.5,0.0,26.0,0.0,25.125,10.0,0.0,0.0085,53.1585,5.3158,2.0,79.5404,1.7602,0.2569,1.3917,0.4515,1.4129,0.0002,1.6413,0.0007,2.8009,11.0,0.0583,1.0016,0.159,2.4233,0.072,2.079,0.0372,1.7919,0.0,0.0,0.0,29.9844,25.0,25.0,38.0,37.0,13.0,0.0,0.0,0.0,0.0,62.5832,0.0,41.2416,0.0,0.0
20670.0,1.692,0.0865,1.0,2.544,349.9796,1.7981,0.7981,2.3748,1.3748,20.4559,1.8182,19.9686,1.7987,100.0,0.0,0.0,0.0,25.125,0.0,26.5,0.0,26.0,0.0,25.25,10.0,0.0,0.0082,53.1582,5.3158,2.0,79.9459,1.7611,0.2267,1.3884,0.4646,1.4143,0.0002,1.643,0.0007,2.7998,11.0,0.0573,1.0015,0.1206,2.3032,0.0745,2.0938,0.0359,1.7772,0.0,0.0,0.0,29.9835,25.0,25.0,38.0,37.0,14.0,0.0,0.0,0.0,0.0,62.583,0.0,41.2408,0.0,0.0
20671.0,1.689,0.0861,1.0,2.544,349.9381,1.7979,0.7979,2.3755,1.3755,20.5318,1.8213,19.9546,1.7982,100.0,0.0,0.0,0.0,25.25,0.0,26.375,0.0,26.0,0.0,25.25,10.0,0.0,0.008,53.158,5.3158,2.0,80.0023,1.7612,0.2749,1.3936,0.452,1.4129,0.0002,1.6438,0.0007,2.8029,11.0,0.0572,1.0015,0.1332,2.3463,0.0692,2.0617,0.0526,1.9428,0.0,0.0,0.0,29.9835,25.0,25.0,38.0,37.0,15.0,0.0,0.0,0.0,0.0,62.5828,0.0,41.2414,0.0,0.0
20672.0,1.6877,0.086,1.0,2.5441,349.9986,1.7987,0.7987,2.3756,1.3756,20.4802,1.8192,19.945,1.7978,100.0,0.0,0.0,0.0,25.125,0.0,26.375,0.0,26.125,0.0,25.25,10.0,0.0,0.0085,53.1574,5.3157,2.0,81.0036,1.7634,0.2888,1.3951,0.4367,1.4113,0.0002,1.6442,0.0007,2.8021,11.0,0.0584,1.0016,0.1353,2.3532,0.0694,2.0629,0.06,2.0002,0.0,0.0,0.0,29.9835,25.0,25.0,38.0,37.0,14.0,0.0,0.0,0.0,0.0,62.5827,0.0,41.2413,0.0,0.0
20673.0,1.6877,0.086,1.0,2.5442,350.0906,1.7987,0.7987,2.3752,1.3752,20.3671,1.8147,19.9411,1.7976,100.0,0.0,0.0,0.0,25.125,0.0,26.5,0.0,26.0,0.0,25.25,10.0,0.0,0.0082,53.1571,5.3157,2.0,80.4695,1.7623,0.2338,1.3891,0.4188,1.4093,0.0002,1.6448,0.0007,2.8055,11.0,0.0578,1.0015,0.1166,2.2886,0.0689,2.0603,0.0589,1.9919,0.0,0.0,0.0,29.9836,25.0,25.0,38.0,37.0,12.0,0.0,0.0,0.0,0.0,62.5831,0.0,41.241,0.0,0.0
20674.0,1.6877,0.086,1.0,2.5439,349.8478,1.7987,0.7987,2.3753,1.3753,20.2897,1.8116,19.946,1.7978,100.0,0.0,0.0,0.0,25.25,0.0,26.375,0.0,26.0,0.0,25.25,10.0,0.0,0.0089,53.157,5.3157,2.0,80.1807,1.7616,0.1926,1.3846,0.4072,1.4081,0.0002,1.6452,0.0007,2.8043,11.0,0.0565,1.0015,0.1285,2.3306,0.0616,2.0113,0.0561,1.9711,0.0,0.0,0.0,29.9841,25.0,25.0,38.0,37.0,14.0,0.0,0.0,0.0,0.0,62.5828,0.0,41.2414,0.0,0.0
20675.0,1.6894,0.0862,1.0,2.5441,349.994,1.7983,0.7983,2.3749,1.3749,20.3961,1.8158,19.9654,1.7986,100.0,0.0,0.0,0.0,25.25,0.0,26.5,0.0,26.0,0.0,25.25,10.0,0.0,0.0083,53.1563,5.3156,2.0,80.2954,1.7619,0.1906,1.3844,0.4204,1.4095,0.0002,1.6467,0.0007,2.8071,11.0,0.0561,1.0015,0.1119,2.2706,0.0582,1.9869,0.0552,1.9636,0.0,0.0,0.0,29.9841,25.0,25.0,38.0,37.0,13.0,0.0,0.0,0.0,0.0,62.5836,0.0,41.2412,0.0,0.0
20676.0,1.6928,0.0866,1.0,2.5439,349.8394,1.7979,0.7979,2.3754,1.3754,20.5198,1.8208,19.9575,1.7983,100.0,0.0,0.0,0.0,25.25,0.0,26.375,0.0,26.125,0.0,25.25,10.0,0.0,0.0077,53.1558,5.3156,2.0,79.9816,1.7612,0.1295,1.3778,0.4009,1.4074,0.0002,1.6471,0.0007,2.8088,11.0,0.058,1.0015,0.1112,2.2679,0.0608,2.006,0.0521,1.9386,0.0,0.0,0.0,29.9842,25.0,25.0,38.0,37.0,14.0,0.0,0.0,0.0,0.0,62.5829,0.0,41.2416,0.0,0.0
20677.0,1.6929,0.0866,1.0,2.5439,349.8478,1.7983,0.7983,2.3756,1.3756,20.4896,1.8196,19.9382,1.7975,100.0,0.0,0.0,0.0,25.25,0.0,26.5,0.0,26.125,0.0,25.25,10.0,0.0,0.0076,53.1557,5.3155,2.0,80.3701,1.762,0.2149,1.3871,0.3857,1.4057,0.0002,1.6472,0.0007,2.8089,11.0,0.0575,1.0015,0.092,2.1856,0.0543,1.9567,0.0505,1.9256,0.0,0.0,0.0,29.984,25.0,25.0,38.0,37.0,13.0,0.0,0.0,0.0,0.0,62.5835,0.0,41.2416,0.0,0.0
20678.0,1.6941,0.0868,1.0,2.5439,349.8997,1.7984,0.7984,2.3756,1.3756,20.3877,1.8155,19.9416,1.7977,100.0,0.0,0.0,0.0,25.25,0.0,26.375,0.0,26.0,0.0,25.25,10.0,0.0,0.0069,53.1548,5.3155,2.0,80.6373,1.7626,0.2158,1.3872,0.3891,1.4061,0.0002,1.6485,0.0007,2.8104,11.0,0.0608,1.0016,0.0874,2.1633,0.0552,1.9641,0.0538,1.9524,0.0,0.0,0.0,29.9844,25.0,25.0,38.0,37.0,13.0,0.0,0.0,0.0,0.0,62.5835,0.0,41.2417,0.0,0.0
20679.0,1.696,0.087,1.0,2.5438,349.7703,1.7984,0.7984,2.3753,1.3753,20.2997,1.812,19.9442,1.7978,100.0,0.0,0.0,0.0,25.125,0.0,26.375,0.0,26.25,0.0,25.25,10.0,0.0,0.0084,53.1544,5.3154,2.0,80.6094,1.7626,0.1043,1.375,0.3801,1.4051,0.0002,1.6492,0.0007,2.8104,11.0,0.0583,1.0016,0.0921,2.186,0.0518,1.9364,0.0493,1.9151,0.0,0.0,0.0,29.9842,25.0,25.0,38.0,37.0,15.0,0.0,0.0,0.0,0.0,62.5831,0.0,41.2418,0.0,0.0
20680.0,1.697,0.0871,1.0,2.5438,349.7945,1.7979,0.7979,2.3752,1.3752,20.4094,1.8164,19.9637,1.7985,100.0,0.0,0.0,0.0,25.25,0.0,26.375,0.0,26.0,0.0,25.25,10.0,0.0,0.0076,53.1543,5.3154,2.0,80.8887,1.7632,0.129,1.3777,0.362,1.4031,0.0002,1.6492,0.0007,2.813,11.0,0.0593,1.0016,0.0756,2.1004,0.0489,1.9107,0.048,1.903,0.0,0.0,0.0,29.985,25.0,25.0,38.0,37.0,14.0,0.0,0.0,0.0,0.0,62.5836,0.0,41.2422,0.0,0.0
20681.0,1.6981,0.0873,1.0,2.5439,349.8262,1.7978,0.7978,2.3753,1.3753,20.5378,1.8215,19.9487,1.7979,100.0,0.0,0.0,0.0,25.125,0.0,26.5,0.0,26.0,0.0,25.25,10.0,0.0,0.0074,53.1532,5.3153,2.0,80.0155,1.7613,0.099,1.3744,0.368,1.4038,0.0002,1.6503,0.0007,2.8137,11.0,0.0585,1.0016,0.0796,2.1226,0.0439,1.8646,0.0545,1.958,0.0,0.0,0.0,29.9843,25.0,25.0,38.0,37.0,13.0,0.0,0.0,0.0,0.0,62.5835,0.0,41.2419,0.0,0.0
20682.0,1.699,0.0874,1.0,2.5441,350.0161,1.7983,0.7983,2.3756,1.3756,20.5008,1.82,19.9373,1.7975,100.0,0.0,0.0,0.0,25.125,0.0,26.375,0.0,26.0,0.0,25.25,10.0,0.0,0.0083,53.153,5.3153,2.0,80.2049,1.7617,0.0766,1.372,0.3578,1.4027,0.0002,1.6513,0.0007,2.8142,11.0,0.0596,1.0016,0.0698,2.0658,0.043,1.8555,0.0533,1.9487,0.0,0.0,0.0,29.9846,26.0,25.0,38.0,37.0,13.0,0.0,0.0,0.0,0.0,62.5838,0.0,41.2424,0.0,0.0
20683.0,1.6992,0.0874,1.0,2.5441,350.0113,1.7984,0.7984,2.3755,1.3755,20.3993,1.816,19.934,1.7974,100.0,0.0,0.0,0.0,25.125,0.0,26.375,0.0,26.0,0.0,25.375,10.0,0.0,0.0089,53.1531,5.3153,2.0,79.9513,1.7611,0.0568,1.3698,0.3376,1.4005,0.0002,1.6513,0.0007,2.8162,11.0,0.0613,1.0016,0.0657,2.0392,0.0399,1.823,0.0665,2.0446,0.0,0.0,0.0,29.9848,26.0,25.0,38.0,37.0,14.0,0.0,0.0,0.0,0.0,62.5842,0.0,41.2423,0.0,0.0
20684.0,1.6981,0.0873,1.0,2.5439,349.8581,1.7984,0.7984,2.3754,1.3754,20.297,1.8119,19.9315,1.7973,100.0,0.0,0.0,0.0,25.125,0.0,26.375,0.0,26.0,0.0,25.25,10.0,0.0,0.0081,53.1529,5.3153,2.0,80.3439,1.762,0.1473,1.3797,0.3494,1.4018,0.0002,1.6526,0.0007,2.819,11.0,0.0641,1.0017,0.0581,1.9861,0.0363,1.7817,0.0652,2.0363,0.0,0.0,0.0,29.985,26.0,25.0,38.0,37.0,15.0,0.0,0.0,0.0,0.0,62.5839,0.0,41.2425,0.0,0.0
20685.0,1.6968,0.0871,1.0,2.5441,349.9938,1.798,0.798,2.3752,1.3752,20.3372,1.8135,19.9491,1.798,100.0,0.0,0.0,0.0,25.125,0.0,26.375,0.0,26.0,0.0,25.25,10.0,0.0,0.0075,53.1527,5.3152,2.0,81.4386,1.7643,0.1867,1.384,0.3325,1.3999,0.0002,1.6527,0.0007,2.8212,11.0,0.0638,1.0017,0.0547,1.9601,0.0354,1.7711,0.0611,2.0078,0.0,0.0,0.0,29.9851,26.0,25.0,38.0,37.0,13.0,0.0,0.0,0.0,0.0,62.5844,0.0,41.2424,0.0,0.0
20686.0,1.6949,0.0869,1.0,2.5441,350.0313,1.7978,0.7978,2.3749,1.3749,20.508,1.8203,19.9551,1.7982,100.0,0.0,0.0,0.0,25.125,0.0,26.5,0.0,26.0,0.0,25.25,10.0,0.0,0.0086,53.1525,5.3152,2.0,81.8316,1.7652,0.2365,1.3894,0.3374,1.4004,0.0002,1.6535,0.0007,2.8199,11.0,0.0632,1.0017,0.0599,1.9996,0.0359,1.7768,0.0617,2.0121,0.0,0.0,0.0,29.9847,25.0,25.0,38.0,37.0,13.0,0.0,0.0,0.0,0.0,62.5847,0.0,41.2424,0.0,0.0
20687.0,1.6946,0.0868,1.0,2.5442,350.1055,1.7982,0.7982,2.3756,1.3756,20.5081,1.8203,19.9472,1.7979,100.0,0.0,0.0,0.0,25.125,0.0,26.375,0.0,26.0,0.0,25.25,10.0,0.0,0.0082,53.1524,5.3152,2.0,83.149,1.7679,0.3775,1.4048,0.3197,1.3985,0.0002,1.6537,0.0007,2.8212,11.0,0.0654,1.0017,0.1275,2.3275,0.0328,1.7376,0.0564,1.9728,0.0,0.0,0.0,29.9848,25.0,25.0,38.0,37.0,14.0,0.0,0.0,0.0,0.0,62.5844,0.0,41.2419,0.0,0.0
20688.0,1.6939,0.0867,1.0,2.5443,350.1966,1.7984,0.7984,2.3751,1.3751,20.4185,1.8167,19.932,1.7973,100.0,0.0,0.0,0.0,25.25,0.0,26.375,0.0,26.0,0.0,25.25,10.0,0.0,0.0082,53.152,5.3152,2.0,83.3648,1.7684,0.3158,1.3981,0.3297,1.3996,0.0002,1.655,0.0007,2.823,11.0,0.063,1.0017,0.1261,2.3227,0.0303,1.704,0.056,1.9699,0.0,0.0,0.0,29.9846,25.0,25.0,38.0,37.0,14.0,0.0,0.0,0.0,0.0,62.5847,0.0,41.2425,0.0,0.0
20689.0,1.6938,0.0867,1.0,2.5443,350.1572,1.7984,0.7984,2.3753,1.3753,20.3137,1.8125,19.9399,1.7976,100.0,0.0,0.0,0.0,25.125,0.0,26.375,0.0,26.0,0.0,25.375,10.0,0.0,0.0081,53.1516,5.3152,2.0,83.2922,1.7682,0.3133,1.3978,0.3071,1.3971,0.0002,1.6546,0.0007,2.825,11.0,0.0595,1.0016,0.1024,2.2324,0.0283,1.6731,0.0528,1.9447,0.0,0.0,0.0,29.985,25.0,25.0,38.0,37.0,14.0,0.0,0.0,0.0,0.0,62.5838,0.0,41.2427,0.0,0.0
20690.0,1.6928,0.0866,1.0,2.5441,349.9895,1.7981,0.7981,2.3752,1.3752,20.3521,1.8141,19.9602,1.7984,100.0,0.0,0.0,0.0,25.125,0.0,26.375,0.0,26.0,0.0,25.25,10.0,0.0,0.008,53.1512,5.3151,2.0,83.4008,1.7685,0.2557,1.3915,0.3155,1.3981,0.0002,1.656,0.0007,2.824,11.0,0.059,1.0016,0.1163,2.2876,0.0307,1.7086,0.0523,1.9406,0.0,0.0,0.0,29.9847,25.0,25.0,38.0,37.0,16.0,0.0,0.0,0.0,0.0,62.584,0.0,41.2426,0.0,0.0
20691.0,1.6928,0.0866,1.0,2.5442,350.1312,1.7982,0.7982,2.3752,1.3752,20.5021,1.8201,19.9665,1.7987,100.0,0.0,0.0,0.0,25.125,0.0,26.5,0.0,26.0,0.0,25.25,10.0,0.0,0.0087,53.1511,5.3151,2.0,82.8381,1.7673,0.2367,1.3895,0.3007,1.3964,0.0002,1.6556,0.0007,2.8257,11.0,0.0598,1.0016,0.1085,2.2572,0.0289,1.6828,0.0442,1.8669,0.0,0.0,0.0,29.984,25.0,25.0,38.0,37.0,14.0,0.0,0.0,0.0,0.0,62.583,0.0,41.2422,0.0,0.0
20692.0,1.6929,0.0866,1.0,2.5442,350.0743,1.7982,0.7982,2.3757,1.3757,20.5132,1.8205,19.9463,1.7979,100.0,0.0,0.0,0.0,25.125,0.0,26.375,0.0,26.125,0.0,25.25,10.0,0.0,0.0086,53.1506,5.315,2.0,83.61,1.7689,0.3097,1.3974,0.2997,1.3963,0.0002,1.6567,0.0007,2.8281,11.0,0.0605,1.0016,0.0982,2.2141,0.0285,1.6769,0.0634,2.0239,0.0,0.0,0.0,29.9846,25.0,25.0,38.0,37.0,13.0,0.0,0.0,0.0,0.0,62.5838,0.0,41.2417,0.0,0.0
20693.0,1.6909,0.0864,1.0,2.5443,350.2136,1.7984,0.7984,2.3755,1.3755,20.4212,1.8168,19.9314,1.7973,100.0,0.0,0.0,0.0,25.25,0.0,26.375,0.0,26.0,0.0,25.25,10.0,0.0,0.0087,53.1502,5.315,2.0,84.4449,1.7706,0.3414,1.4009,0.3049,1.3969,0.0002,1.6577,0.0007,2.8295,11.0,0.0598,1.0016,0.1001,2.2221,0.0254,1.6259,0.0549,1.9613,0.0,0.0,0.0,29.9844,25.0,25.0,38.0,37.0,13.0,0.0,0.0,0.0,0.0,62.5834,0.0,41.2423,0.0,0.0
20694.0,1.6898,0.0862,1.0,2.5442,350.1341,1.7984,0.7984,2.3755,1.3755,20.3251,1.813,19.9295,1.7972,100.0,0.0,0.0,0.0,25.125,0.0,26.375,0.0,26.125,0.0,25.25,10.0,0.0,0.0087,53.1501,5.315,2.0,84.3791,1.7705,0.3437,1.4011,0.2913,1.3954,0.0002,1.6575,0.0007,2.8306,11.0,0.0598,1.0016,0.0846,2.1491,0.0251,1.6212,0.0708,2.072,0.0,0.0,0.0,29.9845,25.0,25.0,38.0,37.0,13.0,0.0,0.0,0.0,0.0,62.5833,0.0,41.2418,0.0,0.0
20695.0,1.6895,0.0862,1.0,2.5441,350.0517,1.7982,0.7982,2.3751,1.3751,20.3317,1.8133,19.9574,1.7983,100.0,0.0,0.0,0.0,25.125,0.0,26.375,0.0,26.0,0.0,25.25,10.0,0.0,0.009,53.1494,5.3149,2.0,85.6091,1.773,0.4127,1.4087,0.2901,1.3953,0.0002,1.6586,0.0007,2.8323,11.0,0.0611,1.0016,0.1544,2.4105,0.0265,1.6447,0.0718,2.078,0.0,0.0,0.0,29.9838,25.0,25.0,38.0,37.0,13.0,0.0,0.0,0.0,0.0,62.5838,0.0,41.2418,0.0,0.0
20696.0,1.6905,0.0863,1.0,2.5442,350.1427,1.7982,0.7982,2.3749,1.3749,20.4906,1.8196,19.9656,1.7986,100.0,0.0,0.0,0.0,25.125,0.0,26.375,0.0,26.0,0.0,25.25,10.0,0.0,0.0081,53.1492,5.3149,2.0,86.5428,1.7749,0.4291,1.4104,0.2897,1.3952,0.0002,1.6592,0.0007,2.8307,11.0,0.0592,1.0016,0.1608,2.4282,0.0229,1.5823,0.0632,2.0223,0.0,0.0,0.0,29.9845,25.0,25.0,38.0,37.0,14.0,0.0,0.0,0.0,0.0,62.5837,0.0,41.2417,0.0,0.0
20697.0,1.6928,0.0866,1.0,2.5443,350.2067,1.7985,0.7985,2.3755,1.3755,20.5246,1.821,19.953,1.7981,100.0,0.0,0.0,0.0,25.125,0.0,26.375,0.0,26.0,0.0,25.25,10.0,0.0,0.0086,53.1489,5.3149,2.0,86.075,1.774,0.3498,1.4018,0.275,1.3936,0.0002,1.6591,0.0007,2.8332,11.0,0.0629,1.0017,0.1346,2.3509,0.0219,1.5625,0.0554,1.9651,0.0,0.0,0.0,29.9841,25.0,25.0,38.0,37.0,12.0,0.0,0.0,0.0,0.0,62.5832,0.0,41.2416,0.0,0.0
20698.0,1.6929,0.0866,1.0,2.5442,350.124,1.7984,0.7984,2.3755,1.3755,20.4592,1.8184,19.9448,1.7978,100.0,0.0,0.0,0.0,25.125,0.0,26.375,0.0,26.125,0.0,25.25,10.0,0.0,0.0086,53.1483,5.3148,2.0,86.2477,1.7743,0.4066,1.408,0.2763,1.3938,0.0002,1.66,0.0007,2.8335,11.0,0.0618,1.0016,0.1276,2.3276,0.0207,1.5385,0.06,1.9999,0.0,0.0,0.0,29.9843,25.0,25.0,38.0,37.0,14.0,0.0,0.0,0.0,0.0,62.5833,0.0,41.2422,0.0,0.0
20699.0,1.6939,0.0867,1.0,2.5439,349.8704,1.7988,0.7988,2.3751,1.3751,20.3623,1.8145,19.9409,1.7976,100.0,0.0,0.0,0.0,25.125,0.0,26.375,0.0,26.0,0.0,25.25,10.0,0.0,0.0087,53.1481,5.3148,2.0,87.4145,1.7766,0.4241,1.4099,0.2696,1.3931,0.0002,1.66,0.0007,2.8325,11.0,0.06,1.0016,0.1199,2.3007,0.0215,1.5546,0.058,1.9851,0.0,0.0,0.0,29.9843,25.0,25.0,38.0,37.0,13.0,0.0,0.0,0.0,0.0,62.5835,0.0,41.242,0.0,0.0
20700.0,1.694,0.0867,1.0,2.5438,349.7837,1.7986,0.7986,2.3749,1.3749,20.3078,1.8123,19.952,1.7981,100.0,0.0,0.0,0.0,25.125,0.0,26.375,0.0,26.0,0.0,25.25,10.0,0.0,0.0084,53.1483,5.3148,2.0,87.1789,1.7762,0.3983,1.4071,0.2557,1.3915,0.0002,1.6604,0.0007,2.8333,11.0,0.0564,1.0015,0.1227,2.3105,0.0183,1.4844,0.0619,2.0134,0.0,0.0,0.0,29.9847,25.0,25.0,38.0,37.0,13.0,0.0,0.0,0.0,0.0,62.5842,0.0,41.2421,0.0,0.0
20701.0,1.694,0.0867,1.0,2.5438,349.8099,1.7978,0.7978,2.3752,1.3752,20.4528,1.8181,19.9681,1.7987,100.0,0.0,0.0,0.0,25.125,0.0,26.375,0.0,26.0,0.0,25.5,10.0,0.0,0.0085,53.1476,5.3147,2.0,87.4758,1.7768,0.3744,1.4045,0.2613,1.3921,0.0002,1.6613,0.0007,2.8352,11.0,0.0569,1.0015,0.1025,2.2326,0.0185,1.4881,0.0594,1.9959,0.0,0.0,0.0,29.9849,25.0,25.0,38.0,37.0,15.0,0.0,0.0,0.0,0.0,62.5846,0.0,41.2425,0.0,0.0
20702.0,1.6939,0.0867,1.0,2.5438,349.8008,1.7985,0.7985,2.3755,1.3755,20.5298,1.8212,19.9528,1.7981,100.0,0.0,0.0,0.0,25.125,0.0,26.5,0.0,26.125,0.0,25.25,10.0,0.0,0.0085,53.1473,5.3147,2.0,87.8471,1.7775,0.3265,1.3993,0.2596,1.392,0.0002,1.6616,0.0007,2.8363,11.0,0.0555,1.0015,0.1887,2.4976,0.0155,1.4112,0.0601,2.0004,0.0,0.0,0.0,29.984,25.0,25.0,38.0,37.0,12.0,0.0,0.0,0.0,0.0,62.5833,0.0,41.2413,0.0,0.0
20703.0,1.6948,0.0869,1.0,2.5435,349.5594,1.7988,0.7988,2.3752,1.3752,20.4602,1.8184,19.9531,1.7981,100.0,0.0,0.0,0.0,25.125,0.0,26.375,0.0,26.125,0.0,25.25,10.0,0.0,0.0077,53.147,5.3146,2.0,86.9641,1.7757,0.2502,1.3909,0.2606,1.3921,0.0002,1.6623,0.0007,2.8379,11.0,0.0567,1.0015,0.1597,2.425,0.0159,1.4243,0.0552,1.9634,0.0,0.0,0.0,29.9845,25.0,25.0,38.0,37.0,15.0,0.0,0.0,0.0,0.0,62.5831,0.0,41.2419,0.0,0.0
20704.0,1.6949,0.0869,1.0,2.5438,349.7499,1.7988,0.7988,2.3754,1.3754,20.3503,1.814,19.9406,1.7976,100.0,0.0,0.0,0.0,25.125,0.0,26.375,0.0,26.0,0.0,25.25,10.0,0.0,0.0088,53.1469,5.3147,2.0,86.6079,1.775,0.1813,1.3834,0.2456,1.3904,0.0002,1.6622,0.0007,2.8394,11.0,0.0577,1.0015,0.1465,2.3876,0.0137,1.3601,0.052,1.9374,0.0,0.0,0.0,29.9846,25.0,25.0,38.0,37.0,15.0,0.0,0.0,0.0,0.0,62.5838,0.0,41.242,0.0,0.0
20705.0,1.695,0.0869,1.0,2.544,349.9832,1.7985,0.7985,2.3753,1.3753,20.2941,1.8118,19.9395,1.7976,100.0,0.0,0.0,0.0,25.25,0.0,26.375,0.0,26.0,0.0,25.25,10.0,0.0,0.0088,53.1469,5.3147,2.0,86.6002,1.775,0.2416,1.39,0.2442,1.3903,0.0002,1.6629,0.0007,2.8409,11.0,0.0575,1.0015,0.1551,2.4123,0.0124,1.3137,0.0487,1.9092,0.0,0.0,0.0,29.9846,25.0,25.0,38.0,37.0,12.0,0.0,0.0,0.0,0.0,62.5836,0.0,41.2422,0.0,0.0
20706.0,1.695,0.0869,1.0,2.544,349.9258,1.7983,0.7983,2.3751,1.3751,20.4542,1.8182,19.9685,1.7987,100.0,0.0,0.0,0.0,25.125,0.0,26.375,0.0,26.0,0.0,25.25,10.0,0.0,0.0083,53.1465,5.3146,2.0,86.8478,1.7755,0.2501,1.3909,0.243,1.3901,0.0002,1.6635,0.0007,2.8422,11.0,0.0575,1.0015,0.1324,2.3436,0.0119,1.2958,0.0534,1.9491,0.0,0.0,0.0,29.9847,25.0,25.0,38.0,37.0,14.0,0.0,0.0,0.0,0.0,62.5841,0.0,41.2428,0.0,0.0
20707.0,1.6952,0.0869,1.0,2.5442,350.087,1.7983,0.7983,2.3755,1.3755,20.5331,1.8213,19.9559,1.7982,100.0,0.0,0.0,0.0,25.25,0.0,26.375,0.0,26.125,0.0,25.25,10.0,0.0,0.0085,53.1461,5.3147,2.0,87.7403,1.7773,0.3215,1.3987,0.2465,1.3905,0.0002,1.6642,0.0007,2.8433,11.0,0.0579,1.0015,0.1385,2.3634,0.0115,1.283,0.0536,1.9513,0.0,0.0,0.0,29.9847,25.0,25.0,38.0,37.0,14.0,0.0,0.0,0.0,0.0,62.584,0.0,41.2425,0.0,0.0
20708.0,1.696,0.087,1.0,2.5443,350.1932,1.7983,0.7983,2.3756,1.3756,20.4989,1.82,19.9391,1.7976,100.0,0.0,0.0,0.0,25.125,0.0,26.375,0.0,26.0,0.0,25.25,10.0,0.0,0.0088,53.146,5.3146,2.0,87.8073,1.7774,0.1946,1.3849,0.2454,1.3904,0.0002,1.6646,0.0007,2.8442,11.0,0.0611,1.0016,0.1074,2.2529,0.0124,1.3146,0.0613,2.0096,0.0,0.0,0.0,29.9841,25.0,25.0,38.0,37.0,12.0,0.0,0.0,0.0,0.0,62.5842,0.0,41.242,0.0,0.0
20709.0,1.695,0.0869,1.0,2.5442,350.1165,1.7988,0.7988,2.3756,1.3756,20.3887,1.8155,19.9411,1.7976,100.0,0.0,0.0,0.0,25.125,0.0,26.375,0.0,26.125,0.0,25.25,10.0,0.0,0.0081,53.1455,5.3145,2.0,86.8176,1.7754,0.0894,1.3734,0.2393,1.3897,0.0002,1.665,0.0007,2.8458,11.0,0.0606,1.0016,0.1266,2.3244,0.0116,1.2852,0.0565,1.9738,0.0,0.0,0.0,29.9841,25.0,25.0,38.0,37.0,12.0,0.0,0.0,0.0,0.0,62.5834,0.0,41.2422,0.0,0.0
20710.0,1.6941,0.0868,1.0,2.5438,349.7643,1.7987,0.7987,2.3753,1.3753,20.3003,1.812,19.9431,1.7977,100.0,0.0,0.0,0.0,25.25,0.0,26.5,0.0,26.0,0.0,25.125,10.0,0.0,0.0081,53.145,5.3145,2.0,85.7645,1.7733,0.0364,1.3676,0.2287,1.3886,0.0002,1.6649,0.0007,2.8474,11.0,0.0572,1.0015,0.1134,2.2764,0.011,1.265,0.0643,2.0302,0.0,0.0,0.0,29.9841,25.0,25.0,38.0,37.0,15.0,0.0,0.0,0.0,0.0,62.5837,0.0,41.2423,0.0,0.0
20711.0,1.694,0.0868,1.0,2.544,349.9758,1.7979,0.7979,2.3752,1.3752,20.4169,1.8167,19.9656,1.7986,100.0,0.0,0.0,0.0,25.125,0.0,26.375,0.0,26.125,0.0,25.25,10.0,0.0,0.0082,53.1445,5.3144,2.0,85.9884,1.7738,0.0822,1.3726,0.2393,1.3897,0.0002,1.666,0.0007,2.8474,11.0,0.0567,1.0015,0.1166,2.2886,0.0098,1.2113,0.0676,2.0519,0.0,0.0,0.0,29.984,25.0,25.0,38.0,37.0,14.0,0.0,0.0,0.0,0.0,62.5834,0.0,41.2414,0.0,0.0
20712.0,1.692,0.0865,1.0,2.544,349.9811,1.798,0.798,2.3755,1.3755,20.5311,1.8212,19.957,1.7983,100.0,0.0,0.0,0.0,25.125,0.0,26.25,0.0,26.125,0.0,25.25,10.0,0.0,0.0077,53.1445,5.3144,2.0,86.6093,1.775,0.1111,1.3758,0.2387,1.3897,0.0002,1.6666,0.0007,2.8488,11.0,0.0583,1.0016,0.1214,2.3062,0.0119,1.2985,0.0622,2.0154,0.0,0.0,0.0,29.9835,25.0,25.0,38.0,37.0,15.0,0.0,0.0,0.0,0.0,62.5832,0.0,41.2418,0.0,0.0
20713.0,1.6929,0.0866,1.0,2.5443,350.2163,1.7984,0.7984,2.3756,1.3756,20.487,1.8195,19.9465,1.7979,100.0,0.0,0.0,0.0,25.125,0.0,26.375,0.0,26.0,0.0,25.25,10.0,0.0,0.0088,53.1445,5.3144,2.0,86.6495,1.7751,0.1466,1.3796,0.2252,1.3882,0.0002,1.6665,0.0007,2.8495,11.0,0.0597,1.0016,0.1025,2.2328,0.0099,1.2187,0.0785,2.1165,0.0,0.0,0.0,29.9851,25.0,25.0,38.0,37.0,13.0,0.0,0.0,0.0,0.0,62.5842,0.0,41.2425,0.0,0.0
20714.0,1.6929,0.0866,1.0,2.5443,350.2086,1.7984,0.7984,2.376,1.376,20.4,1.816,19.9343,1.7974,100.0,0.0,0.0,0.0,25.125,0.0,26.375,0.0,26.0,0.0,25.125,10.0,0.0,0.0082,53.1444,5.3144,2.0,87.6046,1.777,0.1895,1.3843,0.219,1.3875,0.0002,1.6669,0.0007,2.8506,11.0,0.062,1.0017,0.0891,2.172,0.0087,1.1625,0.0788,2.1181,0.0,0.0,0.0,29.9843,25.0,25.0,38.0,37.0,14.0,0.0,0.0,0.0,0.0,62.5836,0.0,41.2427,0.0,0.0
20715.0,1.6939,0.0867,1.0,2.5444,350.2304,1.7984,0.7984,2.3757,1.3757,20.3009,1.812,19.9338,1.7974,100.0,0.0,0.0,0.0,25.125,0.0,26.375,0.0,26.0,0.0,25.25,10.0,0.0,0.0081,53.1435,5.3143,2.0,86.7967,1.7754,0.0564,1.3698,0.2135,1.3869,0.0002,1.6673,0.0007,2.8516,11.0,0.063,1.0017,0.1031,2.2352,0.0095,1.2007,0.0747,2.0952,0.0,0.0,0.0,29.9842,26.0,25.0,38.0,37.0,14.0,0.0,0.0,0.0,0.0,62.5837,0.0,41.2419,0.0,0.0
20716.0,1.6941,0.0868,1.0,2.5442,350.0724,1.798,0.798,2.3756,1.3756,20.3814,1.8153,19.9531,1.7981,100.0,0.0,0.0,0.0,25.125,0.0,26.375,0.0,26.0,0.0,25.25,10.0,0.0,0.0083,53.143,5.3143,2.0,85.9554,1.7737,0.0351,1.3675,0.2128,1.3868,0.0002,1.6678,0.0007,2.8527,11.0,0.0609,1.0016,0.0954,2.2015,0.008,1.1263,0.0667,2.0458,0.0,0.0,0.0,29.9838,26.0,25.0,38.0,37.0,14.0,0.0,0.0,0.0,0.0,62.5835,0.0,41.2417,0.0,0.0
20717.0,1.6951,0.0869,1.0,2.5442,350.1036,1.7978,0.7978,2.3754,1.3754,20.5348,1.8214,19.9613,1.7985,100.0,0.0,0.0,0.0,25.25,0.0,26.375,0.0,26.0,0.0,25.25,10.0,0.0,0.0083,53.1427,5.3142,2.0,87.3092,1.7764,0.1724,1.3824,0.2105,1.3866,0.0002,1.6682,0.0007,2.8531,11.0,0.0611,1.0016,0.0835,2.1435,0.0079,1.118,0.0667,2.046,0.0,0.0,0.0,29.9834,26.0,25.0,38.0,37.0,14.0,0.0,0.0,0.0,0.0,62.5833,0.0,41.2416,0.0,0.0
20718.0,1.696,0.087,1.0,2.5442,350.1187,1.7987,0.7987,2.3756,1.3756,20.5066,1.8203,19.9486,1.7979,100.0,0.0,0.0,0.0,25.25,0.0,26.375,0.0,26.0,0.0,25.25,10.0,0.0,0.0081,53.1424,5.3142,2.0,88.2875,1.7784,0.1986,1.3853,0.209,1.3864,0.0002,1.6685,0.0007,2.8534,11.0,0.0624,1.0017,0.0902,2.1769,0.1367,2.3575,0.0798,2.1241,0.0,0.0,0.0,29.9838,26.0,25.0,38.0,37.0,15.0,0.0,0.0,0.0,0.0,62.5836,0.0,41.2416,0.0,0.0
20719.0,1.6951,0.0869,1.0,2.5441,349.9873,1.7987,0.7987,2.3756,1.3756,20.3996,1.816,19.9417,1.7977,100.0,0.0,0.0,0.0,25.125,0.0,26.375,0.0,26.0,0.0,25.125,10.0,0.0,0.008,53.1419,5.3142,2.0,89.1964,1.7801,0.2795,1.3941,0.2017,1.3856,0.0002,1.6688,0.0007,2.8546,11.0,0.0662,1.0018,0.0873,2.1631,0.1008,2.2253,0.0733,2.0871,0.0,0.0,0.0,29.9834,26.0,25.0,38.0,37.0,13.0,0.0,0.0,0.0,0.0,62.5831,0.0,41.2415,0.0,0.0
20720.0,1.696,0.087,1.0,2.5443,350.1754,1.7984,0.7984,2.3754,1.3754,20.2969,1.8119,19.9324,1.7973,100.0,0.0,0.0,0.0,25.0,0.0,26.375,0.0,26.125,0.0,25.375,10.0,0.0,0.0081,53.1416,5.3141,2.0,89.0587,1.7799,0.2027,1.3858,0.1978,1.3852,0.0002,1.6692,0.0007,2.8549,11.0,0.0655,1.0017,0.0639,2.0275,0.1173,2.291,0.0743,2.0926,0.0,0.0,0.0,29.9828,26.0,25.0,38.0,37.0,13.0,0.0,0.0,0.0,0.0,62.5832,0.0,41.2412,0.0,0.0
20721.0,1.6967,0.0871,1.0,2.5445,350.3206,1.7984,0.7984,2.3756,1.3756,20.3381,1.8135,19.9575,1.7983,100.0,0.0,0.0,0.0,25.125,0.0,26.375,0.0,26.0,0.0,25.25,10.0,0.0,0.0086,53.1417,5.3142,2.0,88.5675,1.7789,0.1555,1.3806,0.199,1.3853,0.0002,1.6697,0.0007,2.8556,11.0,0.0658,1.0018,0.0658,2.0398,0.1168,2.2892,0.0622,2.0154,0.0,0.0,0.0,29.984,26.0,25.0,38.0,37.0,14.0,0.0,0.0,0.0,0.0,62.5839,0.0,41.2415,0.0,0.0
20722.0,1.6981,0.0873,1.0,2.5442,350.1086,1.7982,0.7982,2.3753,1.3753,20.5186,1.8207,19.9638,1.7986,100.0,0.0,0.0,0.0,25.125,0.0,26.375,0.0,26.125,0.0,25.125,10.0,0.0,0.0085,53.1413,5.3141,2.0,87.9119,1.7776,0.0991,1.3744,0.1905,1.3844,0.0002,1.6698,0.0007,2.856,11.0,0.0602,1.0016,0.062,2.0139,0.0974,2.2105,0.0644,2.0304,0.0,0.0,0.0,29.9843,26.0,25.0,38.0,37.0,13.0,0.0,0.0,0.0,0.0,62.5833,0.0,41.2418,0.0,0.0
20723.0,1.6981,0.0873,1.0,2.5443,350.1572,1.7986,0.7986,2.3756,1.3756,20.5204,1.8208,19.9501,1.798,100.0,0.0,0.0,0.0,25.25,0.0,26.375,0.0,26.0,0.0,25.25,10.0,0.0,0.0081,53.141,5.3141,2.0,87.9143,1.7776,0.0761,1.3719,0.1918,1.3846,0.0002,1.6702,0.0007,2.857,11.0,0.0577,1.0015,0.0603,2.0021,0.0857,2.1551,0.0653,2.0366,0.0,0.0,0.0,29.9836,26.0,25.0,38.0,37.0,12.0,0.0,0.0,0.0,0.0,62.5835,0.0,41.2417,0.0,0.0
20724.0,1.697,0.0871,1.0,2.5442,350.1461,1.7988,0.7988,2.3756,1.3756,20.4217,1.8169,19.9422,1.7977,100.0,0.0,0.0,0.0,25.0,0.0,26.375,0.0,26.0,0.0,25.25,10.0,0.0,0.0073,53.1407,5.3141,2.0,87.4075,1.7766,0.0233,1.3662,0.1841,1.3837,0.0002,1.6703,0.0007,2.8575,11.0,0.0634,1.0017,0.0572,1.9789,0.0948,2.1987,0.06,1.9998,0.0,0.0,0.0,29.9835,25.0,25.0,38.0,37.0,14.0,0.0,0.0,0.0,0.0,62.5837,0.0,41.2418,0.0,0.0
20725.0,1.696,0.087,1.0,2.5445,350.3506,1.7988,0.7988,2.3754,1.3754,20.3107,1.8124,19.9399,1.7976,100.0,0.0,0.0,0.0,25.125,0.0,26.375,0.0,26.0,0.0,25.25,10.0,0.0,0.0082,53.1404,5.314,2.0,87.7944,1.7774,0.111,1.3757,0.1818,1.3835,0.0002,1.6706,0.0007,2.8579,11.0,0.065,1.0017,0.0502,1.9226,0.0854,2.1531,0.0587,1.9907,0.0,0.0,0.0,29.9834,25.0,25.0,38.0,37.0,13.0,0.0,0.0,0.0,0.0,62.5837,0.0,41.2423,0.0,0.0
20726.0,1.6955,0.0869,1.0,2.5444,350.2985,1.7985,0.7985,2.3752,1.3752,20.3523,1.8141,19.9588,1.7984,100.0,0.0,0.0,0.0,25.125,0.0,26.375,0.0,26.125,0.0,25.25,10.0,0.0,0.0087,53.14,5.314,2.0,88.08,1.778,0.1262,1.3774,0.1874,1.3841,0.0002,1.6711,0.0007,2.859,11.0,0.0654,1.0017,0.0589,1.9921,0.096,2.204,0.0747,2.0952,0.0,0.0,0.0,29.9839,25.0,25.0,38.0,37.0,14.0,0.0,0.0,0.0,0.0,62.5834,0.0,41.2419,0.0,0.0
20727.0,1.696,0.087,1.0,2.544,349.9484,1.7981,0.7981,2.3752,1.3752,20.5184,1.8207,19.9633,1.7985,100.0,0.0,0.0,0.0,25.25,0.0,26.25,0.0,26.125,0.0,25.25,10.0,0.0,0.0083,53.1397,5.3139,2.0,89.0003,1.7798,0.228,1.3885,0.1879,1.3841,0.0002,1.6718,0.0007,2.8596,11.0,0.0623,1.0017,0.0519,1.9372,0.0789,2.1192,0.0823,2.1374,0.0,0.0,0.0,29.9845,25.0,25.0,38.0,37.0,15.0,0.0,0.0,0.0,0.0,62.5834,0.0,41.2421,0.0,0.0
20728.0,1.697,0.0871,1.0,2.5438,349.7895,1.7985,0.7985,2.3756,1.3756,20.533,1.8213,19.9515,1.7981,100.0,0.0,0.0,0.0,25.25,0.0,26.375,0.0,26.125,0.0,25.25,10.0,0.0,0.0076,53.1392,5.3139,2.0,89.8699,1.7814,0.2484,1.3907,0.1769,1.3829,0.0002,1.6714,0.0007,2.86,11.0,0.0579,1.0015,0.1109,2.2669,0.0686,2.0579,0.0742,2.0922,0.0,0.0,0.0,29.9842,25.0,25.0,38.0,37.0,13.0,0.0,0.0,0.0,0.0,62.5833,0.0,41.2424,0.0,0.0
20729.0,1.6991,0.0874,1.0,2.5439,349.892,1.7988,0.7988,2.3755,1.3755,20.4414,1.8177,19.9509,1.798,100.0,0.0,0.0,0.0,25.125,0.0,26.375,0.0,26.125,0.0,25.25,10.0,0.0,0.0084,53.1389,5.3139,2.0,89.4504,1.7806,0.1974,1.3852,0.1821,1.3835,0.0002,1.6723,0.0007,2.8635,11.0,0.063,1.0017,0.1084,2.257,0.0745,2.0939,0.0656,2.0389,0.0,0.0,0.0,29.9832,25.0,25.0,38.0,37.0,13.0,0.0,0.0,0.0,0.0,62.5838,0.0,41.2421,0.0,0.0
20730.0,1.6982,0.0873,1.0,2.5441,350.0269,1.7984,0.7984,2.3758,1.3758,20.323,1.8129,19.9331,1.7973,100.0,0.0,0.0,0.0,25.125,0.0,26.375,0.0,26.125,0.0,25.25,10.0,0.0,0.0085,53.1391,5.3139,2.0,89.1053,1.78,0.1506,1.3801,0.1745,1.3827,0.0002,1.6724,0.0007,2.8603,11.0,0.061,1.0016,0.1183,2.2949,0.0745,2.0941,0.0704,2.0693,0.0,0.0,0.0,29.9838,25.0,25.0,38.0,37.0,14.0,0.0,0.0,0.0,0.0,62.583,0.0,41.2417,0.0,0.0
20731.0,1.6998,0.0875,1.0,2.5437,349.6827,1.7983,0.7983,2.3754,1.3754,20.3041,1.8122,19.9428,1.7977,100.0,0.0,0.0,0.0,25.125,0.0,26.375,0.0,26.0,0.0,25.25,10.0,0.0,0.0084,53.1384,5.3138,2.0,89.2082,1.7802,0.1108,1.3757,0.1761,1.3828,0.0002,1.6726,0.0007,2.8619,11.0,0.055,1.0015,0.0883,2.1679,0.0712,2.0746,0.0773,2.1102,0.0,0.0,0.0,29.983,25.0,25.0,38.0,37.0,12.0,0.0,0.0,0.0,0.0,62.5834,0.0,41.2417,0.0,0.0
20732.0,1.7004,0.0875,1.0,2.5438,349.8202,1.7982,0.7982,2.3751,1.3751,20.4861,1.8194,19.9676,1.7987,100.0,0.0,0.0,0.0,25.25,0.0,26.375,0.0,26.25,0.0,25.25,10.0,0.0,0.008,53.1383,5.3138,2.0,88.8176,1.7794,0.1384,1.3787,0.1701,1.3822,0.0002,1.6729,0.0007,2.861,11.0,0.0591,1.0016,0.1594,2.4244,0.0641,2.0285,0.0772,2.1096,0.0,0.0,0.0,29.9826,25.0,25.0,38.0,37.0,13.0,0.0,0.0,0.0,0.0,62.5826,0.0,41.2411,0.0,0.0
20733.0,1.6993,0.0874,1.0,2.5441,350.0411,1.7984,0.7984,2.3755,1.3755,20.5258,1.821,19.9618,1.7985,100.0,0.0,0.0,0.0,25.125,0.0,26.375,0.0,26.125,0.0,25.25,10.0,0.0,0.0085,53.1381,5.3138,2.0,90.0783,1.7818,0.2311,1.3888,0.168,1.382,0.0002,1.6732,0.0007,2.8639,11.0,0.0578,1.0015,0.1537,2.4085,0.0521,1.9385,0.0713,2.0747,0.0,0.0,0.0,29.9836,25.0,25.0,38.0,37.0,15.0,0.0,0.0,0.0,0.0,62.5828,0.0,41.2418,0.0,0.0
20734.0,1.6953,0.0869,1.0,2.544,349.922,1.7991,0.7991,2.3751,1.3751,20.4512,1.818,19.9541,1.7982,100.0,0.0,0.0,0.0,25.125,0.0,26.375,0.0,26.0,0.0,25.25,10.0,0.0,0.0076,53.1379,5.3138,2.0,90.0904,1.7819,0.1804,1.3833,0.1564,1.3807,0.0002,1.6731,0.0007,2.865,11.0,0.0572,1.0015,0.1486,2.3939,0.0562,1.9715,0.0752,2.098,0.0,0.0,0.0,29.9836,25.0,25.0,38.0,37.0,12.0,0.0,0.0,0.0,0.0,62.5834,0.0,41.2421,0.0,0.0
20735.0,1.5021,0.0628,1.0,2.5444,350.2514,1.7988,0.7988,2.3751,1.3751,20.3694,1.8148,19.9438,1.7978,100.0,0.0,0.0,0.0,25.125,0.0,26.375,0.0,26.0,0.0,25.25,10.0,0.0,0.0093,53.1373,5.3137,2.0,89.8502,1.7814,0.1621,1.3813,0.1557,1.3806,0.0002,1.6732,0.0007,2.8667,11.0,0.0603,1.0016,0.1497,2.397,0.062,2.014,0.0689,2.0599,0.0,0.0,0.0,29.9832,25.0,25.0,38.0,37.0,13.0,0.0,0.0,0.0,0.0,62.583,0.0,41.2416,0.0,0.0
20736.0,1.3654,0.0457,1.0,2.5442,350.0771,1.7987,0.7987,2.3752,1.3752,20.2992,1.812,19.9526,1.7981,100.0,0.0,0.0,0.0,25.125,0.0,26.375,0.0,26.0,0.0,25.375,10.0,0.0,0.0085,53.1373,5.3137,2.0,89.8443,1.7814,0.1752,1.3827,0.1624,1.3814,0.0002,1.6738,0.0007,2.8661,11.0,0.0585,1.0016,0.1448,2.3826,0.0569,1.9772,0.0734,2.0874,0.0,0.0,0.0,29.9842,26.0,25.0,38.0,37.0,14.0,0.0,0.0,0.0,0.0,62.5831,0.0,41.2417,0.0,0.0
20737.0,1.2914,0.0364,1.0,2.5441,350.0303,1.7982,0.7982,2.3751,1.3751,20.4401,1.8176,19.9675,1.7987,100.0,0.0,0.0,0.0,25.25,0.0,26.375,0.0,26.0,0.0,25.375,10.0,0.0,0.008,53.1367,5.3136,2.0,90.3744,1.7824,0.2246,1.3881,0.1659,1.3817,0.0002,1.6746,0.0007,2.8671,11.0,0.0645,1.0017,0.1064,2.2489,0.0454,1.8786,0.0751,2.0975,0.0,0.0,0.0,29.9836,26.0,25.0,38.0,37.0,13.0,0.0,0.0,0.0,0.0,62.5834,0.0,41.2421,0.0,0.0
20738.0,1.3046,0.0381,1.0,2.5445,350.3412,1.798,0.798,2.3755,1.3755,20.5301,1.8212,19.9446,1.7978,100.0,0.0,0.0,0.0,25.125,0.0,26.375,0.0,26.0,0.0,25.25,10.0,0.0,0.0082,53.1364,5.3136,2.0,90.0259,1.7817,0.0446,1.3685,0.1591,1.381,0.0002,1.6749,0.0007,2.8666,11.0,0.0688,1.0018,0.1819,2.4818,0.0517,1.9351,0.0791,2.12,0.0,0.0,0.0,29.9838,26.0,25.0,38.0,37.0,13.0,0.0,0.0,0.0,0.0,62.584,0.0,41.2418,0.0,0.0
20739.0,1.4901,0.0613,1.0,2.5442,350.0697,1.7983,0.7983,2.3755,1.3755,20.4775,1.8191,19.9356,1.7974,100.0,0.0,0.0,0.0,25.125,0.0,26.375,0.0,26.125,0.0,25.25,10.0,0.0,0.0087,53.136,5.3136,2.0,89.2701,1.7803,0.1269,1.3775,0.1538,1.3804,0.0002,1.6749,0.0007,2.869,11.0,0.0647,1.0017,0.1695,2.451,0.0472,1.8961,0.0661,2.0418,0.0,0.0,0.0,29.9835,26.0,25.0,38.0,37.0,14.0,0.0,0.0,0.0,0.0,62.5838,0.0,41.2426,0.0,0.0
20740.0,1.5433,0.0679,1.0,2.5439,349.8562,1.7987,0.7987,2.3755,1.3755,20.3865,1.8155,19.9434,1.7977,100.0,0.0,0.0,0.0,25.125,0.0,26.5,0.0,26.125,0.0,25.25,10.0,0.0,0.0088,53.1357,5.3135,2.0,90.8448,1.7833,0.2277,1.3885,0.1505,1.3801,0.0002,1.6748,0.0007,2.8676,11.0,0.0611,1.0016,0.1519,2.4035,0.0453,1.878,0.0575,1.9812,0.0,0.0,0.0,29.9837,26.0,25.0,38.0,37.0,12.0,0.0,0.0,0.0,0.0,62.5828,0.0,41.2414,0.0,0.0
20741.0,1.5978,0.0747,1.0,2.5439,349.843,1.7987,0.7987,2.3748,1.3748,20.2999,1.812,19.9442,1.7978,100.0,0.0,0.0,0.0,25.25,0.0,26.375,0.0,26.0,0.0,25.25,10.0,0.0,0.0086,53.1359,5.3136,2.0,92.1423,1.7858,0.3391,1.4006,0.1456,1.3795,0.0002,1.6748,0.0007,2.8675,11.0,0.0615,1.0016,0.2355,2.5938,0.0352,1.7686,0.0619,2.0139,0.0,0.0,0.0,29.9836,26.0,25.0,38.0,37.0,13.0,0.0,0.0,0.0,0.0,62.5827,0.0,41.2417,0.0,0.0
20742.0,1.6327,0.0791,1.0,2.544,349.9549,1.7983,0.7983,2.3749,1.3749,20.4127,1.8165,19.9764,1.7991,100.0,0.0,0.0,0.0,25.125,0.0,26.375,0.0,26.0,0.0,25.25,10.0,0.0,0.0079,53.1355,5.3135,2.0,91.7601,1.7851,0.1875,1.3841,0.1376,1.3786,0.0002,1.6747,0.0007,2.8705,11.0,0.0585,1.0016,0.1987,2.52,0.0393,1.8168,0.0586,1.9896,0.0,0.0,0.0,29.9835,26.0,25.0,38.0,37.0,14.0,0.0,0.0,0.0,0.0,62.5828,0.0,41.2421,0.0,0.0
20743.0,1.6564,0.0821,1.0,2.544,349.9592,1.7983,0.7983,2.3751,1.3751,20.5395,1.8216,19.9583,1.7983,100.0,0.0,0.0,0.0,25.25,0.0,26.375,0.0,26.125,0.0,25.25,10.0,0.0,0.0075,53.1351,5.3135,2.0,90.5506,1.7828,0.0832,1.3727,0.1383,1.3787,0.0002,1.6753,0.0007,2.8711,11.0,0.0622,1.0017,0.2149,2.5541,0.0409,1.834,0.0767,2.1067,0.0,0.0,0.0,29.983,26.0,25.0,38.0,37.0,12.0,0.0,0.0,0.0,0.0,62.5831,0.0,41.2416,0.0,0.0
20744.0,1.6696,0.0837,1.0,2.544,349.9679,1.7984,0.7984,2.3754,1.3754,20.4795,1.8192,19.9457,1.7978,100.0,0.0,0.0,0.0,25.125,0.0,26.375,0.0,26.0,0.0,25.25,10.0,0.0,0.0088,53.1347,5.3134,2.0,89.8997,1.7815,-0.0042,1.3632,0.1335,1.3782,0.0002,1.6756,0.0007,2.8702,11.0,0.0612,1.0016,0.2209,2.5661,0.0356,1.7731,0.0799,2.1246,0.0,0.0,0.0,29.9833,26.0,25.0,38.0,37.0,13.0,0.0,0.0,0.0,0.0,62.5837,0.0,41.2418,0.0,0.0
20745.0,1.68,0.085,1.0,2.5437,349.6975,1.7987,0.7987,2.3751,1.3751,20.3801,1.8152,19.9418,1.7977,100.0,0.0,0.0,0.0,25.125,0.0,26.375,0.0,26.25,0.0,25.25,10.0,0.0,0.0079,53.1344,5.3134,2.0,89.1803,1.7801,-0.0062,1.363,0.1291,1.3777,0.0002,1.6756,0.0007,2.8709,11.0,0.0588,1.0016,0.198,2.5186,0.1422,2.3747,0.081,2.1303,0.0,0.0,0.0,29.9834,26.0,25.0,38.0,37.0,13.0,0.0,0.0,0.0,0.0,62.5831,0.0,41.2414,0.0,0.0
20746.0,1.6901,0.0863,1.0,2.5441,350.031,1.7987,0.7987,2.3749,1.3749,20.2916,1.8117,19.9469,1.7979,100.0,0.0,0.0,0.0,25.125,0.0,26.375,0.0,26.0,0.0,25.25,10.0,0.0,0.0083,53.1342,5.3134,2.0,89.3633,1.7805,0.0176,1.3656,0.1255,1.3773,0.0002,1.6756,0.0007,2.8708,11.0,0.0566,1.0015,0.1594,2.4242,0.1244,2.3166,0.075,2.0969,0.0,0.0,0.0,29.9835,26.0,25.0,38.0,37.0,13.0,0.0,0.0,0.0,0.0,62.5833,0.0,41.2418,0.0,0.0
20747.0,1.6926,0.0866,1.0,2.5441,350.0298,1.7982,0.7982,2.3748,1.3748,20.4118,1.8165,19.9664,1.7987,100.0,0.0,0.0,0.0,25.125,0.0,26.5,0.0,26.0,0.0,25.125,10.0,0.0,0.0084,53.134,5.3134,2.0,89.7994,1.7813,0.0356,1.3675,0.1314,1.378,0.0002,1.6762,0.0007,2.8722,11.0,0.0605,1.0016,0.1988,2.5203,0.1384,2.363,0.069,2.0608,0.0,0.0,0.0,29.9831,26.0,25.0,38.0,37.0,12.0,0.0,0.0,0.0,0.0,62.5829,0.0,41.2417,0.0,0.0
20748.0,1.6935,0.0867,1.0,2.5441,350.026,1.7978,0.7978,2.3754,1.3754,20.5303,1.8212,19.9579,1.7983,100.0,0.0,0.0,0.0,25.125,0.0,26.375,0.0,26.0,0.0,25.25,10.0,0.0,0.008,53.1335,5.3133,2.0,89.8138,1.7813,-0.0278,1.3606,0.1332,1.3782,0.0002,1.6767,0.0007,2.8717,11.0,0.0615,1.0016,0.1613,2.4295,0.1247,2.3178,0.0819,2.1349,0.0,0.0,0.0,29.9842,25.0,25.0,38.0,37.0,14.0,0.0,0.0,0.0,0.0,62.5836,0.0,41.2422,0.0,0.0
20749.0,1.6875,0.0859,1.0,2.5445,350.3417,1.7987,0.7987,2.3753,1.3753,20.4961,1.8198,19.9476,1.7979,100.0,0.0,0.0,0.0,25.125,0.0,26.5,0.0,26.125,0.0,25.25,10.0,0.0,0.0082,53.1332,5.3133,2.0,89.0349,1.7798,-0.0362,1.3597,0.1308,1.3779,0.0002,1.6768,0.0007,2.8706,11.0,0.0638,1.0017,0.1556,2.4137,0.1148,2.2817,0.0791,2.1202,0.0,0.0,0.0,29.9836,25.0,25.0,38.0,37.0,15.0,0.0,0.0,0.0,0.0,62.5835,0.0,41.2418,0.0,0.0
20750.0,1.6866,0.0858,1.0,2.5442,350.1379,1.7988,0.7988,2.3751,1.3751,20.4085,1.8163,19.9431,1.7977,100.0,0.0,0.0,0.0,25.125,0.0,26.375,0.0,26.0,0.0,25.25,10.0,0.0,0.0079,53.133,5.3133,2.0,89.5083,1.7807,-0.019,1.3616,0.1364,1.3785,0.0002,1.6772,0.0007,2.8705,11.0,0.0665,1.0018,0.1489,2.3947,0.0968,2.2076,0.0794,2.1217,0.0,0.0,0.0,29.9834,25.0,25.0,38.0,37.0,14.0,0.0,0.0,0.0,0.0,62.5834,0.0,41.2415,0.0,0.0
20751.0,1.6854,0.0857,1.0,2.544,349.9515,1.7987,0.7987,2.3749,1.3749,20.2935,1.8117,19.9425,1.7977,100.0,0.0,0.0,0.0,25.125,0.0,26.375,0.0,26.0,0.0,25.125,10.0,0.0,0.008,53.1322,5.3132,2.0,89.3342,1.7804,0.0074,1.3644,0.1339,1.3782,0.0002,1.6775,0.0007,2.8733,11.0,0.0601,1.0016,0.224,2.5721,0.1075,2.2533,0.072,2.079,0.0,0.0,0.0,29.9834,25.0,25.0,38.0,37.0,13.0,0.0,0.0,0.0,0.0,62.5825,0.0,41.2417,0.0,0.0
20752.0,1.6826,0.0853,1.0,2.5439,349.8404,1.7984,0.7984,2.3748,1.3748,20.3641,1.8146,19.9617,1.7985,100.0,0.0,0.0,0.0,25.0,0.0,26.375,0.0,26.125,0.0,25.25,10.0,0.0,0.0087,53.1321,5.3132,2.0,89.0907,1.7799,-0.0396,1.3593,0.1302,1.3778,0.0002,1.6776,0.0007,2.8735,11.0,0.0596,1.0016,0.2046,2.5328,0.1097,2.2622,0.0673,2.0498,0.0,0.0,0.0,29.9829,25.0,25.0,38.0,37.0,13.0,0.0,0.0,0.0,0.0,62.5829,0.0,41.2412,0.0,0.0
20753.0,1.4032,0.0504,1.0,2.5439,349.8922,1.7982,0.7982,2.3749,1.3749,20.532,1.8213,19.9603,1.7984,100.0,0.0,0.0,0.0,25.125,0.0,26.25,0.0,26.125,0.0,25.25,10.0,0.0,0.0085,53.1322,5.3132,2.0,89.2459,1.7802,-0.0145,1.3621,0.1334,1.3782,0.0002,1.678,0.0007,2.8733,11.0,0.0562,1.0015,0.2071,2.5381,0.1001,2.2222,0.0671,2.0484,0.0,0.0,0.0,29.9837,25.0,25.0,38.0,37.0,14.0,0.0,0.0,0.0,0.0,62.5838,64.0,41.242,0.0,0.0
20754.0,1.3043,0.038,1.0,2.544,349.9679,1.7987,0.7987,2.3752,1.3752,20.5123,1.8205,19.947,1.7979,100.0,0.0,0.0,0.0,25.125,0.0,26.375,0.0,26.125,0.0,25.25,10.0,0.0,0.0085,53.132,5.3132,2.0,88.5904,1.779,-0.041,1.3592,0.1306,1.3779,0.0002,1.6783,0.0007,2.8732,11.0,0.0587,1.0016,0.1779,2.4721,0.0863,2.1579,0.0612,2.0084,0.0,0.0,0.0,29.9833,25.0,25.0,38.0,37.0,12.0,0.0,0.0,0.0,0.0,62.5831,64.0,41.343,0.0,0.0
20755.0,1.2673,0.0334,1.0,2.5439,349.8898,1.7988,0.7988,2.3751,1.3751,20.4233,1.8169,19.9421,1.7977,100.0,0.0,0.0,0.0,25.125,0.0,26.25,0.0,26.125,0.0,25.25,10.0,0.0,0.008,53.1314,5.3131,2.0,89.1675,1.7801,0.0158,1.3654,0.1286,1.3777,0.0002,1.6781,0.0007,2.8729,11.0,0.057,1.0015,0.1748,2.4643,0.0922,2.1864,0.0674,2.0502,0.0,0.0,0.0,29.9836,25.0,25.0,38.0,37.0,14.0,0.0,0.0,0.0,0.0,62.5835,64.0,41.5426,0.0,0.0
20756.0,1.2325,0.0291,1.0,2.5443,350.1716,1.7988,0.7988,2.375,1.375,20.3103,1.8124,19.9413,1.7977,100.0,0.0,0.0,0.0,25.125,0.0,26.375,0.0,26.0,0.0,25.25,10.0,0.0,0.0082,53.1314,5.3131,2.0,89.6776,1.7811,0.03,1.3669,0.1288,1.3777,0.0002,1.6788,0.0007,2.8763,11.0,0.0611,1.0016,0.1598,2.4255,0.0754,2.099,0.0677,2.0522,0.0,0.0,0.0,29.9841,25.0,25.0,38.0,37.0,12.0,0.0,0.0,0.0,0.0,62.5841,64.0,41.7262,0.0,0.0
20757.0,1.4257,0.0532,1.0,2.5442,350.0764,1.7984,0.7984,2.3748,1.3748,20.3578,1.8143,19.9595,1.7984,100.0,0.0,0.0,0.0,25.125,0.0,26.5,0.0,26.0,0.0,25.25,10.0,0.0,0.0079,53.131,5.3131,2.0,90.1223,1.7819,0.0993,1.3745,0.1254,1.3773,0.0002,1.6789,0.0007,2.8773,11.0,0.0611,1.0016,0.1883,2.4967,0.0733,2.0867,0.0589,1.9916,0.0,0.0,0.0,29.9832,25.0,25.0,38.0,37.0,13.0,0.0,0.0,0.0,0.0,62.5826,64.0,41.9023,0.0,0.0
20758.0,1.5282,0.066,1.0,2.5445,350.3148,1.7983,0.7983,2.3748,1.3748,20.5265,1.8211,19.9726,1.7989,100.0,0.0,0.0,0.0,25.125,0.0,26.25,0.0,26.0,0.0,25.125,10.0,0.0,0.0085,53.1306,5.3131,2.0,90.8224,1.7833,0.2036,1.3858,0.1311,1.3779,0.0002,1.6792,0.0007,2.8762,11.0,0.0679,1.0018,0.1509,2.4004,0.0717,2.0772,0.0661,2.0422,0.0,0.0,0.0,29.9837,25.0,25.0,38.0,37.0,14.0,0.0,0.0,0.0,0.0,62.5831,64.0,42.0902,0.0,0.0
20759.0,1.5864,0.0733,1.0,2.5442,350.1101,1.799,0.799,2.3748,1.3748,20.5186,1.8207,19.9598,1.7984,100.0,0.0,0.0,0.0,25.125,0.0,26.375,0.0,26.0,0.0,25.25,10.0,0.0,0.0082,53.1303,5.313,2.0,91.722,1.785,0.2213,1.3878,0.1271,1.3775,0.0002,1.6795,0.0007,2.8784,11.0,0.066,1.0018,0.1577,2.4196,0.0587,1.9907,0.07,2.0672,0.0,0.0,0.0,29.9842,25.0,25.0,38.0,37.0,13.0,0.0,0.0,0.0,0.0,62.5837,64.0,42.2708,0.0,0.0
20760.0,1.623,0.0779,1.0,2.544,349.9854,1.7988,0.7988,2.3748,1.3748,20.4224,1.8169,19.9449,1.7978,100.0,0.0,0.0,0.0,25.125,0.0,26.375,0.0,26.125,0.0,25.25,10.0,0.0,0.0086,53.13,5.313,2.0,91.0848,1.7838,0.114,1.3761,0.1212,1.3769,0.0002,1.6794,0.0007,2.8798,11.0,0.0617,1.0016,0.1339,2.3485,0.07,2.0668,0.0684,2.0572,0.0,0.0,0.0,29.9833,25.0,25.0,38.0,37.0,14.0,0.0,0.0,0.0,0.0,62.5834,64.0,42.4605,0.0,0.0
20761.0,1.6459,0.0807,1.0,2.544,349.9105,1.7988,0.7988,2.375,1.375,20.3189,1.8128,19.9408,1.7976,100.0,0.0,0.0,0.0,25.125,0.0,26.5,0.0,26.0,0.0,25.25,10.0,0.0,0.0086,53.1297,5.313,2.0,90.6282,1.7829,0.0704,1.3713,0.1247,1.3772,0.0002,1.6799,0.0007,2.8795,11.0,0.0604,1.0016,0.2023,2.5278,0.0675,2.0509,0.0628,2.0198,0.0,0.0,0.0,29.9831,25.0,25.0,38.0,37.0,13.0,0.0,0.0,0.0,0.0,62.5831,64.0,42.651,0.0,0.0
20762.0,1.6584,0.0823,1.0,2.5437,349.6819,1.7986,0.7986,2.3745,1.3745,20.3239,1.813,19.9566,1.7983,100.0,0.0,0.0,0.0,25.125,0.0,26.375,0.0,26.0,0.0,25.125,10.0,0.0,0.0083,53.1295,5.3129,2.0,90.6989,1.783,0.2003,1.3855,0.1191,1.3766,0.0002,1.6799,0.0007,2.8785,11.0,0.056,1.0015,0.1753,2.4657,0.0674,2.0506,0.0552,1.9636,0.0,0.0,0.0,29.9831,25.0,25.0,38.0,37.0,14.0,0.0,0.0,0.0,0.0,62.5833,64.0,42.8304,0.0,0.0
20763.0,1.6688,0.0836,1.0,2.5442,350.1156,1.7982,0.7982,2.3748,1.3748,20.4972,1.8199,19.9659,1.7986,100.0,0.0,0.0,0.0,25.125,0.0,26.375,0.0,26.25,0.0,25.25,10.0,0.0,0.0089,53.1291,5.3129,2.0,91.8485,1.7852,0.1395,1.3789,0.1216,1.3769,0.0002,1.68,0.0007,2.879,11.0,0.0564,1.0015,0.1924,2.506,0.0587,1.9902,0.0576,1.9826,0.0,0.0,0.0,29.9831,25.0,25.0,38.0,37.0,13.0,0.0,0.0,0.0,0.0,62.5835,64.0,42.999,0.0,0.0
20764.0,1.6736,0.0842,1.0,2.5444,350.2456,1.7986,0.7986,2.3752,1.3752,20.5307,1.8212,19.9499,1.798,100.0,0.0,0.0,0.0,25.125,0.0,26.5,0.0,26.0,0.0,25.25,10.0,0.0,0.0086,53.1291,5.3129,2.0,91.2538,1.7841,0.1017,1.3747,0.13,1.3778,0.0002,1.6807,0.0007,2.8816,11.0,0.0604,1.0016,0.1473,2.3899,0.05,1.9207,0.05,1.9208,0.0,0.0,0.0,29.9826,25.0,25.0,38.0,37.0,14.0,0.0,0.0,0.0,0.0,62.583,64.0,43.202,0.0,0.0
20765.0,1.6782,0.0848,1.0,2.5439,349.8821,1.7991,0.7991,2.3747,1.3747,20.4517,1.8181,19.9539,1.7982,100.0,0.0,0.0,0.0,25.125,0.0,26.375,0.0,26.125,0.0,25.25,10.0,0.0,0.008,53.1287,5.3129,2.0,90.7294,1.7831,0.0463,1.3687,0.1379,1.3787,0.0002,1.6813,0.0007,2.8812,11.0,0.0576,1.0015,0.1549,2.412,0.0619,2.0138,0.0502,1.9225,0.0,0.0,0.0,29.9826,25.0,25.0,38.0,37.0,14.0,0.0,0.0,0.0,0.0,62.5822,64.0,43.3778,0.0,0.0
20766.0,1.6805,0.0851,1.0,2.5441,350.0063,1.7992,0.7992,2.3743,1.3743,20.3293,1.8132,19.9503,1.798,100.0,0.0,0.0,0.0,25.0,0.0,26.375,0.0,26.0,0.0,25.25,10.0,0.0,0.0079,53.1283,5.3128,2.0,90.9828,1.7836,0.1195,1.3767,0.1497,1.38,0.0002,1.682,0.0007,2.884,11.0,0.0563,1.0015,0.1167,2.2891,0.0449,1.8744,0.0517,1.9351,0.0,0.0,0.0,29.9832,25.0,25.0,38.0,37.0,14.0,0.0,0.0,0.0,0.0,62.5834,64.0,43.5889,0.0,0.0
20767.0,1.6835,0.0854,1.0,2.5443,350.192,1.7989,0.7989,2.3744,1.3744,20.3213,1.8129,19.9651,1.7986,100.0,0.0,0.0,0.0,25.125,0.0,26.25,0.0,26.125,0.0,25.25,10.0,0.0,0.008,53.1282,5.3128,2.0,91.9651,1.7854,0.2269,1.3884,0.174,1.3826,0.0002,1.6835,0.0007,2.8838,11.0,0.063,1.0017,0.2236,2.5713,0.0522,1.9392,0.0515,1.9335,0.0,0.0,0.0,29.9835,25.0,25.0,38.0,37.0,13.0,0.0,0.0,0.0,0.0,62.5839,64.0,43.7448,0.0,0.0
20768.0,1.6855,0.0857,1.0,2.5443,350.1701,1.7982,0.7982,2.3744,1.3744,20.4841,1.8194,19.9703,1.7988,100.0,0.0,0.0,0.0,25.125,0.0,26.5,0.0,26.125,0.0,25.25,10.0,0.0,0.0077,53.1281,5.3128,2.0,93.3386,1.788,0.303,1.3967,0.1962,1.385,0.0002,1.6845,0.0007,2.8892,11.0,0.058,1.0015,0.1743,2.4632,0.0405,1.8291,0.0475,1.8985,0.0,0.0,0.0,29.9829,25.0,25.0,38.0,37.0,15.0,0.0,0.0,0.0,0.0,62.5832,64.0,43.9164,0.0,0.0
20769.0,1.6924,0.0865,1.0,2.5442,350.1031,1.7985,0.7985,2.3747,1.3747,20.5267,1.8211,19.9612,1.7984,100.0,0.0,0.0,0.0,25.125,0.0,26.375,0.0,26.375,0.0,25.125,10.0,0.0,0.0079,53.1275,5.3127,2.0,94.6263,1.7904,0.394,1.4066,0.2175,1.3874,0.0002,1.686,0.0007,2.8909,11.0,0.0637,1.0017,0.2019,2.5271,0.0424,1.8488,0.0393,1.8166,0.0,0.0,0.0,29.9819,26.0,25.0,38.0,37.0,13.0,0.0,0.0,0.0,0.0,62.5825,0.0,44.0062,0.0,0.0
20770.0,1.6939,0.0867,1.0,2.5445,350.3422,1.7992,0.7992,2.3747,1.3747,20.4526,1.8181,19.9536,1.7981,100.0,0.0,0.0,0.0,25.125,0.0,26.375,0.0,26.125,0.0,25.25,10.0,0.0,0.0076,53.1272,5.3127,2.0,95.63,1.7922,0.4686,1.4148,0.2469,1.3906,0.0002,1.6879,0.0007,2.8942,11.0,0.0674,1.0018,0.1478,2.3915,0.0407,1.8313,0.0567,1.9758,0.0,0.0,0.0,29.983,26.0,25.0,38.0,37.0,14.0,0.0,0.0,0.0,0.0,62.583,0.0,44.0065,0.0,0.0
20771.0,1.6953,0.0869,1.0,2.5443,350.1903,1.7992,0.7992,2.3743,1.3743,20.3532,1.8141,19.9498,1.798,100.0,0.0,0.0,0.0,25.25,0.0,26.375,0.0,26.125,0.0,25.125,10.0,0.0,0.0077,53.1266,5.3126,2.0,96.7171,1.7942,0.5159,1.4199,0.2797,1.3942,0.0002,1.6896,0.0007,2.8978,11.0,0.0637,1.0017,0.1778,2.4718,0.041,1.8351,0.0684,2.057,0.0,0.0,0.0,29.9827,26.0,25.0,38.0,37.0,13.0,0.0,0.0,0.0,0.0,62.5833,0.0,44.0071,0.0,0.0
20772.0,1.6968,0.0871,1.0,2.5439,349.8718,1.7986,0.7986,2.3744,1.3744,20.3208,1.8128,19.9541,1.7982,100.0,0.0,0.0,0.0,25.0,0.0,26.375,0.0,26.125,0.0,25.125,10.0,0.0,0.0078,53.1266,5.3126,2.0,98.0981,1.7967,0.5555,1.4242,0.313,1.3978,0.0002,1.6917,0.0007,2.9006,11.0,0.0624,1.0017,0.168,2.4472,0.0384,1.8063,0.065,2.0348,0.0,0.0,0.0,29.9832,26.0,25.0,38.0,37.0,14.0,0.0,0.0,0.0,0.0,62.5834,0.0,44.007,0.0,0.0
20773.0,1.696,0.087,1.0,2.5439,349.9011,1.7982,0.7982,2.3743,1.3743,20.4573,1.8183,19.9671,1.7987,100.0,0.0,0.0,0.0,25.125,0.0,26.375,0.0,26.125,0.0,25.25,10.0,0.0,0.0077,53.126,5.3126,2.0,98.2044,1.7969,0.5663,1.4254,0.3426,1.401,0.0002,1.6933,0.0007,2.9054,11.0,0.061,1.0016,0.1547,2.4112,0.0364,1.7832,0.0591,1.9936,0.0,0.0,0.0,29.9831,26.0,25.0,38.0,37.0,13.0,0.0,0.0,0.0,0.0,62.5837,0.0,44.0073,0.0,0.0
20774.0,1.696,0.087,1.0,2.544,349.9775,1.7984,0.7984,2.3747,1.3747,20.5279,1.8211,19.9578,1.7983,100.0,0.0,0.0,0.0,25.25,0.0,26.375,0.0,26.125,0.0,25.25,10.0,0.0,0.0081,53.1257,5.3125,2.0,100.2985,1.8005,0.7107,1.4412,0.3907,1.4063,0.0002,1.6962,0.0007,2.9125,11.0,0.0615,1.0016,0.1552,2.4127,0.035,1.7656,0.0641,2.029,0.0,0.0,0.0,29.9832,26.0,25.0,38.0,37.0,13.0,0.0,0.0,0.0,0.0,62.583,0.0,44.0067,0.0,0.0
20775.0,1.6958,0.087,1.0,2.5443,350.1507,1.7987,0.7987,2.3747,1.3747,20.4699,1.8188,19.945,1.7978,100.0,0.0,0.0,0.0,25.0,0.0,26.375,0.0,26.0,0.0,25.25,10.0,0.0,0.0077,53.1254,5.3125,2.0,101.8052,1.8031,0.8129,1.4523,0.4334,1.4109,0.0002,1.6986,0.0007,2.9168,11.0,0.065,1.0017,0.1393,2.3659,0.0326,1.7355,0.0571,1.9782,0.0,0.0,0.0,29.9832,26.0,25.0,38.0,37.0,13.0,0.0,0.0,0.0,0.0,62.5833,0.0,44.0069,0.0,0.0
20776.0,1.694,0.0868,1.0,2.5441,350.0111,1.7988,0.7988,2.3747,1.3747,20.386,1.8154,19.9418,1.7977,100.0,0.0,0.0,0.0,25.125,0.0,26.375,0.0,26.0,0.0,25.25,10.0,0.0,0.0077,53.1252,5.3125,2.0,103.2777,1.8056,0.8264,1.4538,0.4716,1.4151,0.0002,1.701,0.0007,2.9226,11.0,0.0642,1.0017,0.1158,2.2855,0.161,2.4286,0.0569,1.9771,0.0,0.0,0.0,29.9831,26.0,25.0,38.0,37.0,13.0,0.0,0.0,0.0,0.0,62.5838,0.0,44.0074,0.0,0.0
20777.0,1.693,0.0866,1.0,2.5438,349.7863,1.7986,0.7986,2.3745,1.3745,20.3047,1.8122,19.9482,1.7979,100.0,0.0,0.0,0.0,25.125,0.0,26.375,0.0,26.125,0.0,25.25,10.0,0.0,0.0075,53.1199,5.3119,2.0,105.7153,1.8097,1.0804,1.4815,0.5346,1.422,0.0002,1.7046,0.0007,2.9276,11.0,0.0597,1.0016,0.125,2.3187,0.1404,2.3693,0.0662,2.0428,0.0,0.0,0.0,29.9837,25.0,25.0,38.0,37.0,15.0,0.0,0.0,0.0,0.0,62.5838,0.0,44.0074,0.0,0.0
20778.0,1.6929,0.0866,1.0,2.5441,350.045,1.7979,0.7979,2.3747,1.3747,20.4208,1.8168,19.9654,1.7986,100.0,0.0,0.0,0.0,25.125,0.0,26.375,0.0,26.125,0.0,25.25,10.0,0.0,0.0078,53.1201,5.3121,2.0,108.2052,1.8137,1.1147,1.4852,0.5718,1.426,0.0002,1.7072,0.0007,2.9338,11.0,0.0614,1.0016,0.1144,2.2803,0.1298,2.3353,0.071,2.0733,0.0,0.0,0.0,29.983,25.0,25.0,38.0,37.0,13.0,0.0,0.0,0.0,0.0,62.5835,0.0,44.0075,0.0,0.0
20779.0,1.6889,0.0861,1.0,2.5439,349.88,1.7983,0.7983,2.3748,1.3748,20.5424,1.8217,19.9554,1.7982,100.0,0.0,0.0,0.0,25.125,0.0,26.375,0.0,26.0,0.0,25.25,10.0,0.0,0.0083,53.1204,5.3121,2.0,109.062,1.8151,1.1045,1.4841,0.6256,1.4319,0.0002,1.7109,0.0007,2.9419,11.0,0.0619,1.0017,0.1181,2.294,0.1378,2.361,0.0691,2.0614,0.0,0.0,0.0,29.9828,25.0,25.0,38.0,37.0,14.0,0.0,0.0,0.0,0.0,62.5833,0.0,44.0068,0.0,0.0
20780.0,1.6876,0.0859,1.0,2.5439,349.8824,1.7986,0.7986,2.3748,1.3748,20.5037,1.8201,19.9463,1.7979,100.0,0.0,0.0,0.0,25.125,0.0,26.375,0.0,26.25,0.0,25.25,10.0,0.0,0.0085,53.1204,5.3121,2.0,111.5096,1.8189,1.2115,1.4958,0.6579,1.4354,0.0002,1.7132,0.0007,2.9476,11.0,0.0585,1.0016,0.104,2.2388,0.1146,2.2812,0.0676,2.0515,0.0,0.0,0.0,29.9834,25.0,25.0,38.0,37.0,15.0,0.0,0.0,0.0,0.0,62.5832,0.0,44.0069,0.0,0.0
20781.0,1.6866,0.0858,1.0,2.5439,349.8531,1.7988,0.7988,2.3748,1.3748,20.398,1.8159,19.9424,1.7977,100.0,0.0,0.0,0.0,25.125,0.0,26.375,0.0,26.125,0.0,25.25,10.0,0.0,0.0083,53.1209,5.3121,2.0,113.4366,1.8219,1.1993,1.4945,0.7038,1.4404,0.0002,1.7166,0.0007,2.9559,11.0,0.0578,1.0015,0.106,2.2471,0.1077,2.2542,0.0698,2.0659,0.0,0.0,0.0,29.9832,26.0,25.0,38.0,37.0,14.0,0.0,0.0,0.0,0.0,62.5835,0.0,44.0069,0.0,0.0
20782.0,1.6876,0.086,1.0,2.5437,349.7124,1.7988,0.7988,2.3742,1.3742,20.2965,1.8119,19.9425,1.7977,100.0,0.0,0.0,0.0,25.125,0.0,26.375,0.0,26.0,0.0,25.25,10.0,0.0,0.0086,53.1204,5.312,2.0,113.7907,1.8224,1.1835,1.4927,0.7386,1.4442,0.0002,1.7194,0.0007,2.9642,11.0,0.0559,1.0015,0.098,2.2132,0.1075,2.2533,0.0619,2.0135,0.0,0.0,0.0,29.9835,26.0,25.0,38.0,37.0,14.0,0.0,0.0,0.0,0.0,62.5836,0.0,44.0072,0.0,0.0
20783.0,1.6866,0.0858,1.0,2.5441,349.9926,1.7983,0.7983,2.3744,1.3744,20.4009,1.816,19.973,1.7989,100.0,0.0,0.0,0.0,25.125,0.0,26.375,0.0,26.125,0.0,25.25,10.0,0.0,0.0077,53.1204,5.3121,2.0,116.301,1.8262,1.2152,1.4962,0.7775,1.4485,0.0002,1.7228,0.0007,2.969,11.0,0.057,1.0015,0.0865,2.1589,0.1059,2.2467,0.077,2.1083,0.0,0.0,0.0,29.9836,26.0,25.0,38.0,37.0,13.0,0.0,0.0,0.0,0.0,62.5831,0.0,44.0071,0.0,0.0
20784.0,1.6865,0.0858,1.0,2.5441,350.0046,1.7981,0.7981,2.3745,1.3745,20.5296,1.8212,19.9627,1.7985,100.0,0.0,0.0,0.0,25.25,0.0,26.375,0.0,26.0,0.0,25.25,10.0,0.0,0.0089,53.1206,5.312,2.0,117.0205,1.8273,1.1597,1.4902,0.8085,1.4518,0.0002,1.7257,0.0007,2.9738,11.0,0.0551,1.0015,0.0824,2.138,0.0956,2.2022,0.093,2.1904,0.0,0.0,0.0,29.9835,26.0,25.0,38.0,37.0,14.0,0.0,0.0,0.0,0.0,62.584,0.0,44.0076,0.0,0.0
20785.0,1.6856,0.0857,1.0,2.5444,350.2281,1.7987,0.7987,2.3748,1.3748,20.4924,1.8197,19.9471,1.7979,100.0,0.0,0.0,0.0,25.125,0.0,26.375,0.0,26.0,0.0,25.25,10.0,0.0,0.0086,53.1208,5.3121,2.0,118.7022,1.8298,1.1815,1.4925,0.8405,1.4553,0.0002,1.729,0.0007,2.9848,11.0,0.062,1.0017,0.0967,2.2072,0.0835,2.1436,0.0859,2.1557,0.0,0.0,0.0,29.9834,25.0,25.0,38.0,37.0,14.0,0.0,0.0,0.0,0.0,62.5841,0.0,44.0078,0.0,0.0
20786.0,1.6866,0.0858,1.0,2.544,349.9136,1.7988,0.7988,2.3748,1.3748,20.408,1.8163,19.9432,1.7977,100.0,0.0,0.0,0.0,25.125,0.0,26.375,0.0,26.0,0.0,25.25,10.0,0.0,0.0075,53.1202,5.312,2.0,119.8003,1.8314,1.1645,1.4907,0.8586,1.4573,0.0002,1.7315,0.0007,2.9923,11.0,0.0593,1.0016,0.0921,2.186,0.0927,2.1889,0.081,2.1304,0.0,0.0,0.0,29.9833,25.0,25.0,38.0,37.0,15.0,0.0,0.0,0.0,0.0,62.5835,0.0,44.0075,0.0,0.0
20787.0,1.688,0.086,1.0,2.5437,349.699,1.7987,0.7987,2.3745,1.3745,20.3003,1.812,19.9441,1.7978,100.0,0.0,0.0,0.0,25.0,0.0,26.375,0.0,26.125,0.0,25.25,10.0,0.0,0.0086,53.1199,5.312,2.0,121.2005,1.8334,1.2057,1.4952,0.8845,1.4601,0.0002,1.7346,0.0007,2.9989,11.0,0.0555,1.0015,0.0737,2.0894,0.0838,2.145,0.0862,2.1574,0.0,0.0,0.0,29.9833,25.0,25.0,38.0,37.0,14.0,0.0,0.0,0.0,0.0,62.5836,0.0,44.0077,0.0,0.0
20788.0,1.6927,0.0866,1.0,2.5439,349.8728,1.7984,0.7984,2.3747,1.3747,20.3855,1.8154,19.963,1.7985,100.0,0.0,0.0,0.0,25.125,0.0,26.375,0.0,26.125,0.0,25.125,10.0,0.0,0.0076,53.1199,5.312,2.0,123.0362,1.836,1.1728,1.4916,0.9055,1.4624,0.0002,1.7376,0.0008,3.0052,11.0,0.0576,1.0015,0.0745,2.094,0.0724,2.0817,0.0841,2.1469,0.0,0.0,0.0,29.9835,25.0,25.0,38.0,37.0,13.0,0.0,0.0,0.0,0.0,62.5834,0.0,44.0075,0.0,0.0
20789.0,1.6929,0.0866,1.0,2.5441,350.0435,1.7982,0.7982,2.3745,1.3745,20.5262,1.821,19.9593,1.7984,100.0,0.0,0.0,0.0,25.125,0.0,26.375,0.0,26.125,0.0,25.25,10.0,0.0,0.0086,53.12,5.312,2.0,124.6576,1.8383,1.1824,1.4926,0.9197,1.464,0.0002,1.7404,0.0008,3.0117,11.0,0.0569,1.0015,0.1321,2.3426,0.0708,2.0722,0.0805,2.1277,0.0,0.0,0.0,29.9831,25.0,25.0,38.0,37.0,13.0,0.0,0.0,0.0,0.0,62.5833,0.0,44.0066,0.0,0.0
20790.0,1.6929,0.0866,1.0,2.544,349.9436,1.7986,0.7986,2.3748,1.3748,20.5253,1.821,19.9576,1.7983,100.0,0.0,0.0,0.0,25.125,0.0,26.5,0.0,26.125,0.0,25.25,10.0,0.0,0.0082,53.1197,5.312,2.0,125.9547,1.8401,1.1947,1.494,0.9318,1.4653,0.0002,1.7425,0.0008,3.0206,11.0,0.0591,1.0016,0.1312,2.3398,0.0596,1.9968,0.0702,2.0681,0.0,0.0,0.0,29.9828,26.0,25.0,38.0,38.0,15.0,0.0,0.0,0.0,0.0,62.5833,0.0,44.007,0.0,0.0
20791.0,1.6939,0.0867,1.0,2.5442,350.135,1.7987,0.7987,2.3747,1.3747,20.4283,1.8171,19.9434,1.7977,100.0,0.0,0.0,0.0,25.25,0.0,26.5,0.0,26.125,0.0,25.25,10.0,0.0,0.0092,53.1198,5.312,2.0,128.2931,1.8433,1.2648,1.5016,0.9426,1.4665,0.0002,1.7458,0.0008,3.0294,11.0,0.059,1.0016,0.1519,2.4035,0.0555,1.9665,0.0695,2.0639,0.0,0.0,0.0,29.9833,26.0,25.0,38.0,38.0,13.0,0.0,0.0,0.0,0.0,62.5835,0.0,44.0074,0.0,0.0
20792.0,1.6935,0.0867,1.0,2.5444,350.2852,1.7984,0.7984,2.3746,1.3746,20.3169,1.8127,19.9321,1.7973,100.0,0.0,0.0,0.0,25.125,0.0,26.375,0.0,26.0,0.0,25.25,10.0,0.0,0.0085,53.1198,5.312,2.0,129.5035,1.8449,1.22,1.4967,0.9508,1.4674,0.0003,1.7479,0.0008,3.0335,11.0,0.0607,1.0016,0.1857,2.4907,0.0641,2.0287,0.0777,2.1123,0.0,0.0,0.0,29.9832,26.0,25.0,38.0,38.0,13.0,0.0,0.0,0.0,0.0,62.5836,0.0,44.0069,0.0,0.0
20793.0,1.6929,0.0866,1.0,2.5444,350.2833,1.7985,0.7985,2.3744,1.3744,20.3453,1.8138,19.9602,1.7984,100.0,0.0,0.0,0.0,25.125,0.0,26.375,0.0,26.125,0.0,25.25,10.0,0.0,0.0095,53.1192,5.3119,2.0,131.9801,1.8482,1.257,1.5008,0.9626,1.4686,0.0003,1.751,0.0008,3.0415,11.0,0.0608,1.0016,0.1819,2.4816,0.0614,2.0102,0.0681,2.0553,0.0,0.0,0.0,29.9832,26.0,25.0,38.0,38.0,15.0,0.0,0.0,0.0,0.0,62.5836,0.0,44.0072,0.0,0.0
20794.0,1.6944,0.0868,1.0,2.5442,350.0666,1.7985,0.7985,2.3741,1.3741,20.5289,1.8212,19.9719,1.7989,100.0,0.0,0.0,0.0,25.125,0.0,26.375,0.0,26.0,0.0,25.25,10.0,0.0,0.0088,53.1186,5.3119,2.0,132.857,1.8494,1.1992,1.4945,0.9651,1.4689,0.0003,1.7534,0.0008,3.0494,11.0,0.0591,1.0016,0.1579,2.4203,0.0579,1.9847,0.0825,2.1383,0.0,0.0,0.0,29.9833,26.0,25.0,38.0,37.0,13.0,0.0,0.0,0.0,0.0,62.583,0.0,44.0078,0.0,0.0
20795.0,1.6959,0.087,1.0,2.5442,350.0796,1.7986,0.7986,2.3747,1.3747,20.5238,1.821,19.958,1.7983,100.0,0.0,0.0,0.0,25.125,0.0,26.5,0.0,26.125,0.0,25.25,10.0,0.0,0.0082,53.1182,5.3118,2.0,133.6805,1.8504,1.126,1.4865,0.9662,1.469,0.0003,1.7559,0.0008,3.0547,11.0,0.0615,1.0016,0.1398,2.3672,0.0529,1.9456,0.0683,2.0562,0.0,0.0,0.0,29.9833,26.0,25.0,38.0,37.0,14.0,0.0,0.0,0.0,0.0,62.5838,0.0,44.0073,0.0,0.0
20796.0,1.6958,0.087,1.0,2.5442,350.1271,1.7988,0.7988,2.3747,1.3747,20.4391,1.8176,19.9442,1.7978,100.0,0.0,0.0,0.0,25.25,0.0,26.5,0.0,26.0,0.0,25.25,10.0,0.0,0.0086,53.1183,5.3118,2.0,134.2872,1.8512,1.0658,1.4799,0.9714,1.4696,0.0003,1.7585,0.0008,3.0655,11.0,0.0603,1.0016,0.2091,2.5422,0.0524,1.941,0.0742,2.0923,0.0,0.0,0.0,29.9838,26.0,25.0,38.0,37.0,14.0,0.0,0.0,0.0,0.0,62.5836,0.0,44.0079,0.0,0.0
20797.0,1.694,0.0868,1.0,2.5438,349.8202,1.7985,0.7985,2.3746,1.3746,20.3326,1.8133,19.9405,1.7976,100.0,0.0,0.0,0.0,25.125,0.0,26.5,0.0,26.125,0.0,25.25,10.0,0.0,0.008,53.1182,5.3118,2.0,135.5779,1.8529,1.0432,1.4774,0.9707,1.4695,0.0003,1.7605,0.0008,3.0687,11.0,0.0558,1.0015,0.2228,2.5697,0.0492,1.9141,0.0655,2.0378,0.0,0.0,0.0,29.984,26.0,25.0,38.0,37.0,13.0,0.0,0.0,0.0,0.0,62.584,0.0,44.0075,0.0,0.0
20798.0,1.693,0.0866,1.0,2.5441,350.0596,1.7982,0.7982,2.3748,1.3748,20.3418,1.8137,19.9471,1.7979,100.0,0.0,0.0,0.0,25.125,0.0,26.5,0.0,26.125,0.0,25.25,10.0,0.0,0.0086,53.1177,5.3118,2.0,135.9925,1.8534,0.8994,1.4618,0.965,1.4689,0.0003,1.763,0.0008,3.0757,11.0,0.0574,1.0015,0.1714,2.4558,0.0487,1.9094,0.0638,2.0267,0.0,0.0,0.0,29.983,26.0,25.0,38.0,37.0,13.0,0.0,0.0,0.0,0.0,62.5839,0.0,44.0079,0.0,0.0
20799.0,1.6929,0.0866,1.0,2.5441,350.0046,1.7982,0.7982,2.3744,1.3744,20.4978,1.8199,19.9654,1.7986,100.0,0.0,0.0,0.0,25.125,0.0,26.5,0.0,26.0,0.0,25.375,10.0,0.0,0.0081,53.1179,5.3118,2.0,135.9862,1.8534,0.8768,1.4593,0.9587,1.4682,0.0003,1.7648,0.0008,3.0849,11.0,0.0575,1.0015,0.2077,2.5394,0.0423,1.8477,0.0734,2.0874,0.0,0.0,0.0,29.983,26.0,25.0,38.0,37.0,15.0,0.0,0.0,0.0,0.0,62.5843,0.0,44.0078,0.0,0.0
20800.0,1.6908,0.0864,1.0,2.544,349.9753,1.7984,0.7984,2.3748,1.3748,20.5362,1.8214,19.9544,1.7982,100.0,0.0,0.0,0.0,25.125,0.0,26.375,0.0,26.0,0.0,25.25,10.0,0.0,0.0085,53.1175,5.3117,2.0,137.485,1.8553,0.9716,1.4696,0.9561,1.4679,0.0003,1.7669,0.0008,3.0889,11.0,0.0591,1.0016,0.189,2.4983,0.04,1.8238,0.0712,2.0743,0.0,0.0,0.0,29.9827,26.0,25.0,38.0,37.0,13.0,0.0,0.0,0.0,0.0,62.5838,0.0,44.0067,0.0,0.0
20801.0,1.6896,0.0862,1.0,2.5443,350.1677,1.7984,0.7984,2.3747,1.3747,20.4584,1.8183,19.9432,1.7977,100.0,0.0,0.0,0.0,25.25,0.0,26.375,0.0,26.125,0.0,25.375,10.0,0.0,0.0084,53.1175,5.3118,2.0,138.2249,1.8562,0.8392,1.4552,0.9566,1.468,0.0003,1.7694,0.0008,3.0958,11.0,0.058,1.0015,0.1766,2.4688,0.0435,1.8603,0.0673,2.0501,0.0,0.0,0.0,29.983,26.0,25.0,38.0,37.0,14.0,0.0,0.0,0.0,0.0,62.5834,0.0,44.0072,0.0,0.0
20802.0,1.6887,0.0861,1.0,2.5444,350.2768,1.7984,0.7984,2.3751,1.3751,20.3611,1.8144,19.9391,1.7976,100.0,0.0,0.0,0.0,25.25,0.0,26.375,0.0,26.0,0.0,25.25,10.0,0.0,0.009,53.1176,5.3118,2.0,138.6928,1.8568,0.8684,1.4584,0.95,1.4673,0.0003,1.7713,0.0008,3.1045,11.0,0.0584,1.0016,0.2309,2.5854,0.0395,1.8186,0.0708,2.0716,0.0,0.0,0.0,29.983,25.0,25.0,38.0,37.0,13.0,0.0,0.0,0.0,0.0,62.5835,0.0,44.007,0.0,0.0
20803.0,1.6887,0.0861,1.0,2.5443,350.1937,1.7986,0.7986,2.3746,1.3746,20.3243,1.813,19.9543,1.7982,100.0,0.0,0.0,0.0,25.25,0.0,26.5,0.0,26.125,0.0,25.25,10.0,0.0,0.0084,53.1174,5.3117,2.0,140.4959,1.8591,0.8547,1.4569,0.9416,1.4664,0.0003,1.7738,0.0008,3.1108,11.0,0.0628,1.0017,0.2231,2.5703,0.0408,1.8325,0.0635,2.0248,0.0,0.0,0.0,29.9829,25.0,25.0,38.0,37.0,13.0,0.0,0.0,0.0,0.0,62.5841,0.0,44.0069,0.0,0.0
20804.0,1.6888,0.0861,1.0,2.5444,350.2795,1.7978,0.7978,2.3748,1.3748,20.4834,1.8193,19.9685,1.7987,100.0,0.0,0.0,0.0,25.125,0.0,26.375,0.0,26.0,0.0,25.375,10.0,0.0,0.0084,53.1172,5.3117,2.0,142.3551,1.8613,0.8811,1.4598,0.9305,1.4651,0.0003,1.7757,0.0008,3.1166,11.0,0.0611,1.0016,0.1932,2.5078,0.0304,1.7049,0.078,2.114,0.0,0.0,0.0,29.9831,25.0,25.0,38.0,37.0,12.0,0.0,0.0,0.0,0.0,62.5836,0.0,44.0068,0.0,0.0
20805.0,1.6877,0.086,1.0,2.5442,350.135,1.7981,0.7981,2.3752,1.3752,20.5375,1.8215,19.9512,1.798,100.0,0.0,0.0,0.0,25.125,0.0,26.375,0.0,26.125,0.0,25.25,10.0,0.0,0.0093,53.117,5.3117,2.0,142.9855,1.8621,0.8509,1.4565,0.9183,1.4638,0.0003,1.7777,0.0008,3.1263,11.0,0.0623,1.0017,0.2185,2.5613,0.0329,1.7389,0.0692,2.0622,0.0,0.0,0.0,29.9832,25.0,25.0,38.0,37.0,13.0,0.0,0.0,0.0,0.0,62.5834,0.0,44.007,0.0,0.0
20806.0,1.6864,0.0858,1.0,2.5443,350.1898,1.7984,0.7984,2.3752,1.3752,20.4692,1.8188,19.9421,1.7977,100.0,0.0,0.0,0.0,25.125,0.0,26.375,0.0,26.125,0.0,25.25,10.0,0.0,0.0084,53.116,5.3115,2.0,144.0274,1.8634,0.7592,1.4465,0.9221,1.4642,0.0003,1.78,0.0008,3.1308,11.0,0.06,1.0016,0.178,2.4723,0.0344,1.7582,0.0747,2.0949,0.0,0.0,0.0,29.9828,25.0,25.0,38.0,37.0,14.0,0.0,0.0,0.0,0.0,62.5832,0.0,44.0068,0.0,0.0
20807.0,1.6856,0.0857,1.0,2.5443,350.1896,1.7984,0.7984,2.3751,1.3751,20.3689,1.8148,19.9314,1.7973,100.0,0.0,0.0,0.0,25.125,0.0,26.375,0.0,26.125,0.0,25.25,10.0,0.0,0.0089,53.1155,5.3116,2.0,142.6021,1.8617,0.6346,1.4329,0.9192,1.4639,0.0003,1.782,0.0008,3.1383,11.0,0.0594,1.0016,0.1924,2.5062,0.0294,1.6901,0.0597,1.998,0.0,0.0,0.0,29.9825,25.0,25.0,38.0,37.0,13.0,0.0,0.0,0.0,0.0,62.5834,0.0,44.0069,0.0,0.0
20808.0,1.6856,0.0857,1.0,2.5439,349.8982,1.7984,0.7984,2.3748,1.3748,20.3108,1.8124,19.9412,1.7976,100.0,0.0,0.0,0.0,25.125,0.0,26.5,0.0,26.0,0.0,25.25,10.0,0.0,0.0086,53.1152,5.3115,2.0,142.8006,1.8619,0.5958,1.4286,0.8946,1.4612,0.0003,1.7835,0.0008,3.1438,11.0,0.0576,1.0015,0.1746,2.4638,0.03,1.6988,0.0634,2.0237,0.0,0.0,0.0,29.9829,25.0,25.0,38.0,37.0,14.0,0.0,0.0,0.0,0.0,62.5831,0.0,44.0065,0.0,0.0
20809.0,1.6856,0.0857,1.0,2.5438,349.8091,1.7979,0.7979,2.3747,1.3747,20.4466,1.8179,19.9576,1.7983,100.0,0.0,0.0,0.0,25.25,0.0,26.375,0.0,26.0,0.0,25.25,10.0,0.0,0.0083,53.1153,5.3115,2.0,143.5917,1.8629,0.591,1.4281,0.8895,1.4607,0.0003,1.7854,0.0008,3.1509,11.0,0.0578,1.0015,0.2089,2.5417,0.0304,1.7045,0.0744,2.0932,0.0,0.0,0.0,29.9824,25.0,25.0,38.0,37.0,12.0,0.0,0.0,0.0,0.0,62.5829,0.0,44.0071,0.0,0.0
20810.0,1.6836,0.0855,1.0,2.5439,349.872,1.7985,0.7985,2.3749,1.3749,20.5397,1.8216,19.9531,1.7981,100.0,0.0,0.0,0.0,25.0,0.0,26.5,0.0,26.0,0.0,25.25,10.0,0.0,0.0084,53.115,5.3115,2.0,144.5734,1.864,0.6409,1.4336,0.8795,1.4596,0.0003,1.7874,0.0008,3.1541,11.0,0.0592,1.0016,0.1711,2.4551,0.0264,1.6431,0.0652,2.0359,0.0,0.0,0.0,29.982,25.0,25.0,38.0,37.0,12.0,0.0,0.0,0.0,0.0,62.5828,0.0,44.0064,0.0,0.0
20811.0,1.6835,0.0854,1.0,2.5439,349.8428,1.7988,0.7988,2.3752,1.3752,20.4861,1.8194,19.9453,1.7978,100.0,0.0,0.0,0.0,25.125,0.0,26.375,0.0,26.0,0.0,25.25,10.0,0.0,0.0089,53.1151,5.3115,2.0,146.5621,1.8664,0.6751,1.4373,0.8687,1.4584,0.0003,1.7891,0.0008,3.162,11.0,0.0586,1.0016,0.1929,2.5072,0.0249,1.6188,0.0647,2.033,0.0,0.0,0.0,29.9826,25.0,25.0,38.0,37.0,15.0,0.0,0.0,0.0,0.0,62.583,0.0,44.0071,0.0,0.0
20812.0,1.6845,0.0856,1.0,2.544,349.9823,1.7984,0.7984,2.3751,1.3751,20.3807,1.8152,19.9338,1.7974,100.0,0.0,0.0,0.0,25.125,0.0,26.375,0.0,26.125,0.0,25.25,10.0,0.0,0.0082,53.1148,5.3114,2.0,147.4497,1.8675,0.6733,1.4371,0.8557,1.457,0.0003,1.7908,0.0008,3.1668,11.0,0.0597,1.0016,0.2275,2.5789,0.0206,1.5354,0.0656,2.0385,0.0,0.0,0.0,29.9823,25.0,25.0,38.0,37.0,14.0,0.0,0.0,0.0,0.0,62.583,0.0,44.0066,0.0,0.0
20813.0,1.6928,0.0866,1.0,2.544,349.9782,1.7984,0.7984,2.3749,1.3749,20.3017,1.8121,19.947,1.7979,100.0,0.0,0.0,0.0,25.125,0.0,26.375,0.0,26.125,0.0,25.125,10.0,0.0,0.009,53.1144,5.3114,2.0,148.8798,1.8691,0.7628,1.4468,0.8393,1.4552,0.0003,1.7924,0.0008,3.1726,11.0,0.0588,1.0016,0.175,2.4649,0.0209,1.5413,0.0653,2.0366,0.0,0.0,0.0,29.9824,25.0,25.0,38.0,37.0,13.0,0.0,0.0,0.0,0.0,62.5832,0.0,44.007,0.0,0.0
20814.0,1.6967,0.0871,1.0,2.544,349.9556,1.7983,0.7983,2.3744,1.3744,20.4287,1.8171,19.9669,1.7987,100.0,0.0,0.0,0.0,25.125,0.0,26.5,0.0,26.0,0.0,25.25,10.0,0.0,0.0089,53.1143,5.3115,2.0,152.1837,1.8729,0.8558,1.457,0.8338,1.4546,0.0003,1.7942,0.0008,3.1836,11.0,0.0576,1.0015,0.2053,2.5342,0.0224,1.572,0.0762,2.1038,0.0,0.0,0.0,29.9825,26.0,25.0,38.0,37.0,15.0,0.0,0.0,0.0,0.0,62.5831,0.0,44.0067,0.0,0.0
20815.0,1.696,0.087,1.0,2.5439,349.8449,1.7983,0.7983,2.3747,1.3747,20.5418,1.8217,19.957,1.7983,100.0,0.0,0.0,0.0,25.125,0.0,26.375,0.0,26.0,0.0,25.25,10.0,0.0,0.0087,53.1142,5.3114,2.0,153.4867,1.8744,0.8367,1.4549,0.8212,1.4532,0.0003,1.796,0.0008,3.1853,11.0,0.0603,1.0016,0.1669,2.4444,0.02,1.5224,0.0711,2.0736,0.0,0.0,0.0,29.9826,26.0,25.0,38.0,37.0,13.0,0.0,0.0,0.0,0.0,62.583,0.0,44.0068,0.0,0.0
20816.0,1.6953,0.0869,1.0,2.5438,349.77,1.7987,0.7987,2.3752,1.3752,20.4948,1.8198,19.9471,1.7979,100.0,0.0,0.0,0.0,25.125,0.0,26.375,0.0,26.125,0.0,25.125,10.0,0.0,0.0087,53.1138,5.3114,2.0,155.4743,1.8767,0.8506,1.4564,0.8208,1.4532,0.0003,1.7979,0.0008,3.1936,11.0,0.0615,1.0016,0.1856,2.4905,0.0215,1.554,0.0682,2.0555,0.0,0.0,0.0,29.9828,26.0,25.0,38.0,37.0,13.0,0.0,0.0,0.0,0.0,62.5834,0.0,44.007,0.0,0.0
20817.0,1.6882,0.086,1.0,2.5439,349.892,1.7988,0.7988,2.3751,1.3751,20.3831,1.8153,19.9509,1.798,100.0,0.0,0.0,0.0,25.125,0.0,26.375,0.0,26.125,0.0,25.25,10.0,0.0,0.0086,53.1136,5.3114,2.0,155.0052,1.8761,0.7401,1.4444,0.8007,1.451,0.0003,1.7993,0.0008,3.1985,11.0,0.061,1.0016,0.1593,2.424,0.0183,1.4843,0.0641,2.0286,0.0,0.0,0.0,29.9825,26.0,25.0,38.0,37.0,14.0,0.0,0.0,0.0,0.0,62.5831,0.0,44.0072,0.0,0.0
20818.0,1.6867,0.0858,1.0,2.544,349.9391,1.7992,0.7992,2.3745,1.3745,20.2988,1.812,19.9537,1.7981,100.0,0.0,0.0,0.0,25.125,0.0,26.375,0.0,26.125,0.0,25.25,10.0,0.0,0.0085,53.1131,5.3113,2.0,155.178,1.8763,0.75,1.4455,0.7953,1.4504,0.0003,1.8009,0.0008,3.2032,11.0,0.0632,1.0017,0.2566,2.631,0.018,1.4775,0.0604,2.0028,0.0,0.0,0.0,29.983,26.0,25.0,38.0,37.0,13.0,0.0,0.0,0.0,0.0,62.5835,0.0,44.0073,0.0,0.0
20819.0,1.6866,0.0858,1.0,2.5443,350.2014,1.7987,0.7987,2.3748,1.3748,20.4012,1.816,19.9732,1.7989,100.0,0.0,0.0,0.0,25.125,0.0,26.375,0.0,26.125,0.0,25.25,10.0,0.0,0.008,53.1132,5.3113,2.0,157.2055,1.8786,0.8072,1.4517,0.7865,1.4494,0.0003,1.8027,0.0008,3.2102,11.0,0.0674,1.0018,0.1832,2.4848,0.0156,1.4139,0.0577,1.9833,0.0,0.0,0.0,29.9827,25.0,25.0,38.0,37.0,13.0,0.0,0.0,0.0,0.0,62.5833,0.0,44.0078,0.0,0.0
20820.0,1.6858,0.0857,1.0,2.5444,350.242,1.7982,0.7982,2.3749,1.3749,20.534,1.8214,19.9645,1.7986,100.0,0.0,0.0,0.0,25.125,0.0,26.25,0.0,26.125,0.0,25.25,10.0,0.0,0.008,53.1129,5.3113,2.0,158.9746,1.8805,0.7951,1.4504,0.7751,1.4482,0.0003,1.8041,0.0008,3.2171,11.0,0.0662,1.0018,0.2335,2.5901,0.0152,1.4049,0.0624,2.0171,0.0,0.0,0.0,29.9829,25.0,25.0,38.0,37.0,13.0,0.0,0.0,0.0,0.0,62.5842,0.0,44.0071,0.0,0.0
20821.0,1.6835,0.0854,1.0,2.5442,350.1019,1.7987,0.7987,2.3752,1.3752,20.5114,1.8205,19.9468,1.7979,100.0,0.0,0.0,0.0,25.125,0.0,26.375,0.0,26.0,0.0,25.125,10.0,0.0,0.0086,53.1125,5.3112,2.0,160.2409,1.8819,0.7667,1.4473,0.759,1.4464,0.0003,1.8056,0.0008,3.2253,11.0,0.0654,1.0017,0.2047,2.5329,0.0136,1.3552,0.0558,1.9687,0.0,0.0,0.0,29.9839,25.0,25.0,38.0,37.0,14.0,0.0,0.0,0.0,0.0,62.5835,0.0,44.0078,0.0,0.0
20822.0,1.6815,0.0852,1.0,2.5442,350.0976,1.7988,0.7988,2.3752,1.3752,20.4028,1.8161,19.943,1.7977,100.0,0.0,0.0,0.0,25.375,0.0,26.375,0.0,26.0,0.0,25.25,10.0,0.0,0.0077,53.1125,5.3112,2.0,159.5625,1.8812,0.622,1.4315,0.744,1.4448,0.0003,1.8071,0.0008,3.2281,11.0,0.0627,1.0017,0.187,2.4937,0.0128,1.3286,0.0596,1.9969,0.0,0.0,0.0,29.9826,25.0,25.0,38.0,37.0,14.0,0.0,0.0,0.0,0.0,62.583,0.0,44.0068,0.0,0.0
20823.0,1.6812,0.0852,1.0,2.5442,350.0793,1.7987,0.7987,2.3749,1.3749,20.3062,1.8123,19.9416,1.7977,100.0,0.0,0.0,0.0,25.25,0.0,26.375,0.0,26.125,0.0,25.25,10.0,0.0,0.0078,53.1122,5.3112,2.0,159.3384,1.8809,0.6034,1.4295,0.7359,1.4439,0.0003,1.8084,0.0008,3.2331,11.0,0.06,1.0016,0.1926,2.5066,0.0134,1.3482,0.054,1.9544,0.0,0.0,0.0,29.9822,25.0,25.0,38.0,37.0,13.0,0.0,0.0,0.0,0.0,62.583,0.0,44.0069,0.0,0.0
20824.0,1.6815,0.0852,1.0,2.5442,350.1319,1.7985,0.7985,2.3748,1.3748,20.3614,1.8145,19.9586,1.7983,100.0,0.0,0.0,0.0,25.125,0.0,26.375,0.0,26.0,0.0,25.25,10.0,0.0,0.0087,53.112,5.3112,2.0,160.4546,1.8821,0.5979,1.4289,0.7259,1.4428,0.0003,1.8098,0.0008,3.2397,11.0,0.0621,1.0017,0.165,2.4392,0.012,1.2997,0.0466,1.8899,0.0,0.0,0.0,29.9821,25.0,25.0,38.0,37.0,14.0,0.0,0.0,0.0,0.0,62.5834,0.0,44.0068,0.0,0.0
20825.0,1.6815,0.0852,1.0,2.5443,350.1523,1.7981,0.7981,2.3749,1.3749,20.5319,1.8213,19.962,1.7985,100.0,0.0,0.0,0.0,25.0,0.0,26.375,0.0,26.0,0.0,25.125,10.0,0.0,0.009,53.1117,5.3111,2.0,161.4756,1.8832,0.6023,1.4293,0.7184,1.442,0.0003,1.8115,0.0008,3.2418,11.0,0.0603,1.0016,0.1472,2.3898,0.0133,1.3453,0.0651,2.0355,0.0,0.0,0.0,29.9821,25.0,25.0,38.0,37.0,14.0,0.0,0.0,0.0,0.0,62.5832,0.0,44.0069,0.0,0.0
20826.0,1.6814,0.0852,1.0,2.5441,350.0654,1.7986,0.7986,2.3752,1.3752,20.519,1.8208,19.9478,1.7979,100.0,0.0,0.0,0.0,25.0,0.0,26.375,0.0,26.0,0.0,25.125,10.0,0.0,0.0085,53.111,5.3111,2.0,162.1019,1.8839,0.602,1.4293,0.7042,1.4405,0.0003,1.8129,0.0008,3.2461,11.0,0.061,1.0016,0.1486,2.3938,0.0118,1.2927,0.0584,1.9882,0.0,0.0,0.0,29.9824,25.0,25.0,38.0,37.0,15.0,0.0,0.0,0.0,0.0,62.5824,0.0,44.0067,0.0,0.0
20827.0,1.6829,0.0854,1.0,2.5441,350.0142,1.7988,0.7988,2.3752,1.3752,20.4233,1.8169,19.9493,1.798,100.0,0.0,0.0,0.0,25.0,0.0,26.5,0.0,26.125,0.0,25.25,10.0,0.0,0.0088,53.1111,5.3111,2.0,163.2447,1.8851,0.6211,1.4314,0.6946,1.4394,0.0003,1.8143,0.0008,3.2544,11.0,0.0623,1.0017,0.1247,2.3176,0.0108,1.2545,0.0598,1.9984,0.0,0.0,0.0,29.9818,25.0,25.0,38.0,37.0,13.0,0.0,0.0,0.0,0.0,62.5829,0.0,44.0064,0.0,0.0
20828.0,1.6835,0.0854,1.0,2.5443,350.1822,1.7988,0.7988,2.375,1.375,20.3139,1.8126,19.9396,1.7976,100.0,0.0,0.0,0.0,25.25,0.0,26.375,0.0,26.0,0.0,25.25,10.0,0.0,0.0093,53.1106,5.3111,2.0,163.443,1.8853,0.4768,1.4157,0.6875,1.4386,0.0003,1.8157,0.0008,3.2607,11.0,0.0633,1.0017,0.1334,2.3471,0.0107,1.2529,0.0544,1.9575,0.0,0.0,0.0,29.9815,25.0,25.0,38.0,37.0,14.0,0.0,0.0,0.0,0.0,62.5829,0.0,44.0059,0.0,0.0
20829.0,1.6836,0.0854,1.0,2.5443,350.2141,1.7985,0.7985,2.3748,1.3748,20.3495,1.814,19.9593,1.7984,100.0,0.0,0.0,0.0,25.125,0.0,26.375,0.0,26.0,0.0,25.25,10.0,0.0,0.01,53.1109,5.3111,2.0,164.3214,1.8863,0.5679,1.4256,0.6808,1.4379,0.0003,1.8171,0.0008,3.2666,11.0,0.0626,1.0017,0.1323,2.3434,0.0084,1.1439,0.0647,2.0331,0.0,0.0,0.0,29.9815,25.0,25.0,38.0,37.0,13.0,0.0,0.0,0.0,0.0,62.5825,0.0,44.0061,0.0,0.0
20830.0,1.6827,0.0853,1.0,2.544,349.9278,1.7982,0.7982,2.3751,1.3751,20.492,1.8197,19.9667,1.7987,100.0,0.0,0.0,0.0,25.125,0.0,26.375,0.0,26.0,0.0,25.25,10.0,0.0,0.0089,53.1105,5.311,2.0,164.9113,1.8869,0.5172,1.4201,0.6755,1.4373,0.0003,1.8183,0.0009,3.2716,11.0,0.0599,1.0016,0.1185,2.2957,0.0098,1.2147,0.0765,2.1058,0.0,0.0,0.0,29.9818,25.0,25.0,38.0,37.0,14.0,0.0,0.0,0.0,0.0,62.583,0.0,44.007,0.0,0.0
20831.0,1.6815,0.0852,1.0,2.5439,349.8833,1.7987,0.7987,2.3751,1.3751,20.4751,1.819,19.9442,1.7978,100.0,0.0,0.0,0.0,25.25,0.0,26.375,0.0,26.0,0.0,25.125,10.0,0.0,0.0082,53.11,5.311,2.0,169.8276,1.892,0.779,1.4486,0.6549,1.4351,0.0003,1.8206,0.0009,3.2805,11.0,0.062,1.0017,0.1164,2.2878,0.0082,1.1373,0.072,2.0795,0.0,0.0,0.0,29.9825,25.0,25.0,38.0,37.0,13.0,0.0,0.0,0.0,0.0,62.5831,0.0,44.0064,0.0,0.0
20832.0,1.6815,0.0852,1.0,2.544,349.9563,1.7987,0.7987,2.3751,1.3751,20.4548,1.8182,19.9439,1.7978,100.0,0.0,0.0,0.0,25.125,0.0,26.375,0.0,26.0,0.0,25.25,10.0,0.0,0.0083,53.1099,5.3109,2.0,170.7024,1.8929,0.7615,1.4467,0.6526,1.4348,0.0003,1.821,0.0009,3.2839,11.0,0.0618,1.0016,0.109,2.2594,0.0076,1.1018,0.0835,2.1437,0.0,0.0,0.0,29.983,25.0,25.0,38.0,37.0,14.0,0.0,0.0,0.0,0.0,62.5839,0.0,44.0075,0.0,0.0
20833.0,1.6806,0.0851,1.0,2.544,349.9525,1.7988,0.7988,2.375,1.375,20.3358,1.8134,19.9402,1.7976,100.0,0.0,0.0,0.0,25.125,0.0,26.375,0.0,26.0,0.0,25.25,10.0,0.0,0.0086,53.1095,5.3109,2.0,170.8653,1.8931,0.6495,1.4345,0.6379,1.4332,0.0003,1.8222,0.0009,3.2889,11.0,0.0635,1.0017,0.1044,2.2406,0.0075,1.0981,0.0829,2.1403,0.0,0.0,0.0,29.9828,25.0,25.0,38.0,37.0,14.0,0.0,0.0,0.0,0.0,62.5835,0.0,44.0068,0.0,0.0
20834.0,1.6796,0.0849,1.0,2.544,349.9544,1.7982,0.7982,2.3748,1.3748,20.3361,1.8134,19.9569,1.7983,100.0,0.0,0.0,0.0,25.125,0.0,26.375,0.0,26.125,0.0,25.25,10.0,0.0,0.0086,53.1091,5.3109,2.0,170.986,1.8932,0.6172,1.431,0.6276,1.4321,0.0003,1.8234,0.0009,3.2941,11.0,0.0629,1.0017,0.0875,2.1637,0.0072,1.0784,0.0742,2.0922,0.0,0.0,0.0,29.983,25.0,25.0,38.0,37.0,13.0,0.0,0.0,0.0,0.0,62.5837,0.0,44.0072,0.0,0.0
20835.0,1.6793,0.0849,1.0,2.544,349.9316,1.7982,0.7982,2.3748,1.3748,20.4897,1.8196,19.966,1.7986,100.0,0.0,0.0,0.0,25.25,0.0,26.375,0.0,26.0,0.0,25.25,10.0,0.0,0.0086,53.1089,5.3109,2.0,170.9675,1.8932,0.5653,1.4253,0.6174,1.431,0.0003,1.8246,0.0009,3.2964,11.0,0.0636,1.0017,0.0976,2.2113,0.0079,1.1189,0.0701,2.0674,0.0,0.0,0.0,29.9834,25.0,25.0,38.0,37.0,15.0,0.0,0.0,0.0,0.0,62.5839,0.0,44.0079,0.0,0.0
20836.0,1.679,0.0849,1.0,2.5438,349.7842,1.7985,0.7985,2.3752,1.3752,20.524,1.821,19.95,1.798,100.0,0.0,0.0,0.0,25.25,0.0,26.375,0.0,26.125,0.0,25.25,10.0,0.0,0.0077,53.1089,5.3109,2.0,170.2092,1.8924,0.4851,1.4166,0.6125,1.4305,0.0003,1.8259,0.0009,3.3013,11.0,0.0609,1.0016,0.0873,2.163,0.0067,1.051,0.0692,2.0621,0.0,0.0,0.0,29.9829,25.0,25.0,38.0,37.0,14.0,0.0,0.0,0.0,0.0,62.5833,0.0,44.0072,0.0,0.0
20837.0,1.6793,0.0849,1.0,2.5439,349.8449,1.7988,0.7988,2.3747,1.3747,20.445,1.8178,19.9417,1.7977,100.0,0.0,0.0,0.0,25.25,0.0,26.25,0.0,26.0,0.0,25.25,10.0,0.0,0.0082,53.1082,5.3108,2.0,171.2546,1.8935,0.4447,1.4121,0.6063,1.4298,0.0004,1.8273,0.0009,3.306,11.0,0.06,1.0016,0.081,2.1305,0.1492,2.3955,0.0678,2.0532,0.0,0.0,0.0,29.9827,25.0,25.0,38.0,37.0,12.0,0.0,0.0,0.0,0.0,62.5833,16.0,44.0087,0.0,0.0
20838.0,1.6798,0.085,1.0,2.5438,349.8039,1.7987,0.7987,2.375,1.375,20.3468,1.8139,19.9402,1.7976,100.0,0.0,0.0,0.0,25.125,0.0,26.375,0.0,26.125,0.0,25.25,10.0,0.0,0.0085,53.1082,5.3108,2.0,170.2937,1.8925,0.3535,1.4022,0.5968,1.4287,0.0004,1.8284,0.0009,3.3146,11.0,0.0628,1.0017,0.1399,2.3676,0.1233,2.3128,0.0686,2.0581,0.0,0.0,0.0,29.9823,25.0,25.0,38.0,37.0,14.0,0.0,0.0,0.0,0.0,62.5827,16.0,44.1737,0.0,0.0
20839.0,1.6804,0.085,1.0,2.5439,349.8939,1.7987,0.7987,2.3749,1.3749,20.312,1.8125,19.9512,1.798,100.0,0.0,0.0,0.0,25.125,0.0,26.375,0.0,26.125,0.0,25.125,10.0,0.0,0.009,53.108,5.3108,2.0,170.6214,1.8928,0.3815,1.4053,0.5934,1.4284,0.0004,1.8296,0.0009,3.3206,11.0,0.0634,1.0017,0.149,2.3951,0.1127,2.2738,0.0628,2.0201,0.0,0.0,0.0,29.9824,25.0,25.0,38.0,37.0,13.0,0.0,0.0,0.0,0.0,62.583,0.0,44.3455,0.0,0.0
20840.0,1.6794,0.0849,1.0,2.5443,350.167,1.7983,0.7983,2.3744,1.3744,20.4526,1.8181,19.9679,1.7987,100.0,0.0,0.0,0.0,25.125,0.0,26.375,0.0,26.125,0.0,25.25,10.0,0.0,0.0085,53.1079,5.3108,2.0,172.3269,1.8945,0.4479,1.4125,0.5849,1.4274,0.0004,1.8309,0.0009,3.3265,11.0,0.0672,1.0018,0.1983,2.5192,0.1083,2.2564,0.0622,2.0153,0.0,0.0,0.0,29.9823,25.0,25.0,38.0,37.0,15.0,0.0,0.0,0.0,0.0,62.5831,0.0,44.3984,0.0,0.0
20841.0,1.3938,0.0492,1.0,2.5442,350.0985,1.7984,0.7984,2.3751,1.3751,20.5389,1.8216,19.9526,1.7981,100.0,0.0,0.0,0.0,25.125,0.0,26.5,0.0,26.0,0.0,25.25,10.0,0.0,0.0082,53.1076,5.3108,2.0,172.5225,1.8947,0.3452,1.4013,0.5681,1.4256,0.0004,1.8317,0.0009,3.3323,11.0,0.0574,1.0015,0.1773,2.4706,0.0972,2.2096,0.075,2.0969,0.0,0.0,0.0,29.9825,25.0,25.0,38.0,37.0,14.0,0.0,0.0,0.0,0.0,62.5834,0.0,44.3986,0.0,0.0
20842.0,1.2977,0.0372,1.0,2.5442,350.087,1.7988,0.7988,2.3751,1.3751,20.473,1.8189,19.9442,1.7978,100.0,0.0,0.0,0.0,25.125,0.0,26.375,0.0,26.125,0.0,25.25,10.0,0.0,0.0085,53.1073,5.3107,2.0,172.6092,1.8948,0.3389,1.4006,0.5628,1.425,0.0004,1.8329,0.0009,3.3366,11.0,0.0611,1.0016,0.2007,2.5244,0.1139,2.2785,0.0728,2.0842,0.0,0.0,0.0,29.9822,25.0,25.0,38.0,37.0,14.0,0.0,0.0,0.0,0.0,62.5833,0.0,44.399,0.0,0.0
20843.0,1.2548,0.0319,1.0,2.5443,350.1735,1.7988,0.7988,2.3747,1.3747,20.3678,1.8147,19.9413,1.7977,100.0,0.0,0.0,0.0,25.125,0.0,26.25,0.0,26.0,0.0,25.25,10.0,0.0,0.0097,53.1073,5.3108,2.0,172.0384,1.8943,0.2973,1.3961,0.5537,1.424,0.0004,1.834,0.0009,3.3398,11.0,0.0645,1.0017,0.1677,2.4464,0.1081,2.2556,0.0641,2.029,0.0,0.0,0.0,29.9822,25.0,25.0,38.0,37.0,13.0,0.0,0.0,0.0,0.0,62.583,0.0,44.3986,0.0,0.0
20844.0,1.3079,0.0385,1.0,2.5442,350.1062,1.7987,0.7987,2.3749,1.3749,20.3065,1.8123,19.9502,1.798,100.0,0.0,0.0,0.0,25.125,0.0,26.375,0.0,26.125,0.0,25.25,10.0,0.0,0.0084,53.1075,5.3108,2.0,172.5023,1.8947,0.2891,1.3952,0.546,1.4232,0.0004,1.835,0.0009,3.3436,11.0,0.0612,1.0016,0.2695,2.6524,0.1007,2.2251,0.0647,2.0328,0.0,0.0,0.0,29.9821,25.0,25.0,38.0,37.0,14.0,0.0,0.0,0.0,0.0,62.5826,0.0,44.3982,0.0,0.0
20845.0,1.4852,0.0607,1.0,2.5442,350.1024,1.7982,0.7982,2.3746,1.3746,20.4483,1.8179,19.9685,1.7987,100.0,0.0,0.0,0.0,25.0,0.0,26.375,0.0,26.125,0.0,25.125,10.0,0.0,0.009,53.1071,5.3107,2.0,174.1993,1.8964,0.3477,1.4016,0.537,1.4222,0.0004,1.8361,0.0009,3.3472,11.0,0.0601,1.0016,0.2217,2.5676,0.0896,2.174,0.0609,2.0068,0.0,0.0,0.0,29.9824,25.0,25.0,38.0,37.0,14.0,0.0,0.0,0.0,0.0,62.5833,0.0,44.398,0.0,0.0
20846.0,1.5619,0.0702,1.0,2.5441,349.9988,1.7983,0.7983,2.3747,1.3747,20.5398,1.8216,19.9546,1.7982,100.0,0.0,0.0,0.0,25.125,0.0,26.375,0.0,26.125,0.0,25.25,10.0,0.0,0.0085,53.1065,5.3106,2.0,173.7875,1.896,0.3256,1.3992,0.5351,1.422,0.0004,1.8373,0.0009,3.3538,11.0,0.0557,1.0015,0.215,2.5543,0.0962,2.2048,0.055,1.9621,0.0,0.0,0.0,29.9821,25.0,25.0,38.0,37.0,14.0,0.0,0.0,0.0,0.0,62.5832,0.0,44.3991,0.0,0.0
20847.0,1.6065,0.0758,1.0,2.5441,349.996,1.7987,0.7987,2.3748,1.3748,20.4917,1.8197,19.9452,1.7978,100.0,0.0,0.0,0.0,25.125,0.0,26.25,0.0,26.125,0.0,25.25,10.0,0.0,0.0087,53.1062,5.3106,2.0,174.7001,1.8969,0.2993,1.3963,0.5331,1.4218,0.0004,1.8384,0.0009,3.3639,11.0,0.057,1.0015,0.1837,2.4859,0.0709,2.0724,0.0579,1.9842,0.0,0.0,0.0,29.9821,25.0,25.0,38.0,37.0,15.0,0.0,0.0,0.0,0.0,62.5836,0.0,44.3986,0.0,0.0
20848.0,1.6322,0.079,1.0,2.5438,349.7895,1.7988,0.7988,2.3751,1.3751,20.3897,1.8156,19.9419,1.7977,100.0,0.0,0.0,0.0,25.125,0.0,26.25,0.0,26.25,0.0,25.125,10.0,0.0,0.0084,53.1033,5.3103,2.0,176.2748,1.8985,0.4235,1.4098,0.5338,1.4219,0.0004,1.8394,0.0009,3.365,11.0,0.058,1.0015,0.1841,2.4868,0.0859,2.1558,0.0535,1.9499,0.0,0.0,0.0,29.9819,25.0,25.0,38.0,37.0,14.0,0.0,0.0,0.0,0.0,62.5827,0.0,44.3984,0.0,0.0
20849.0,1.6505,0.0813,1.0,2.5435,349.5294,1.7987,0.7987,2.3745,1.3745,20.2885,1.8115,19.945,1.7978,100.0,0.0,0.0,0.0,25.125,0.0,26.375,0.0,26.125,0.0,25.25,10.0,0.0,0.0081,53.1034,5.3104,2.0,179.4784,1.9016,0.641,1.4336,0.538,1.4223,0.0004,1.841,0.0009,3.3686,11.0,0.0567,1.0015,0.1733,2.4606,0.0803,2.1266,0.0544,1.9571,0.0,0.0,0.0,29.9819,25.0,25.0,38.0,37.0,14.0,0.0,0.0,0.0,0.0,62.5826,0.0,44.3981,0.0,0.0
20850.0,1.6577,0.0822,1.0,2.5437,349.6652,1.7983,0.7983,2.3744,1.3744,20.3941,1.8158,19.9624,1.7985,100.0,0.0,0.0,0.0,25.125,0.0,26.375,0.0,26.0,0.0,25.25,10.0,0.0,0.0088,53.1038,5.3104,2.0,182.6972,1.9047,0.6711,1.4369,0.5415,1.4227,0.0004,1.8423,0.0009,3.3769,11.0,0.058,1.0015,0.146,2.3861,0.0708,2.0719,0.0622,2.0154,0.0,0.0,0.0,29.9817,25.0,25.0,38.0,37.0,12.0,0.0,0.0,0.0,0.0,62.5835,0.0,44.3983,0.0,0.0
20851.0,1.6642,0.083,1.0,2.544,349.947,1.7982,0.7982,2.375,1.375,20.5398,1.8216,19.9583,1.7983,100.0,0.0,0.0,0.0,25.125,0.0,26.25,0.0,26.0,0.0,25.25,10.0,0.0,0.0084,53.1042,5.3104,2.0,182.2987,1.9043,0.5755,1.4264,0.5479,1.4234,0.0004,1.844,0.0009,3.3857,11.0,0.0616,1.0016,0.1765,2.4687,0.0659,2.041,0.0601,2.0007,0.0,0.0,0.0,29.9816,25.0,25.0,38.0,37.0,13.0,0.0,0.0,0.0,0.0,62.583,0.0,44.3986,0.0,0.0
20852.0,1.6678,0.0835,1.0,2.544,349.9121,1.7987,0.7987,2.3748,1.3748,20.5074,1.8203,19.947,1.7979,100.0,0.0,0.0,0.0,25.0,0.0,26.25,0.0,26.125,0.0,25.25,10.0,0.0,0.0083,53.1041,5.3104,2.0,183.7229,1.9057,0.5577,1.4245,0.5577,1.4245,0.0004,1.8456,0.0009,3.3868,11.0,0.0645,1.0017,0.1654,2.4405,0.0541,1.9553,0.0545,1.9582,0.0,0.0,0.0,29.9828,25.0,25.0,38.0,37.0,13.0,0.0,0.0,0.0,0.0,62.583,0.0,44.3985,0.0,0.0
20853.0,1.6719,0.084,1.0,2.544,349.9758,1.7983,0.7983,2.3751,1.3751,20.4028,1.8161,19.9419,1.7977,100.0,0.0,0.0,0.0,25.0,0.0,26.375,0.0,26.125,0.0,25.25,10.0,0.0,0.0088,53.1041,5.3104,2.0,185.3997,1.9072,0.7237,1.4426,0.5734,1.4262,0.0004,1.8475,0.0009,3.3953,11.0,0.0685,1.0018,0.1561,2.4152,0.0631,2.0222,0.0579,1.9846,0.0,0.0,0.0,29.9817,25.0,25.0,38.0,37.0,14.0,0.0,0.0,0.0,0.0,62.5834,0.0,44.3987,0.0,0.0
20854.0,1.6731,0.0841,1.0,2.5443,350.2004,1.7984,0.7984,2.3749,1.3749,20.3021,1.8121,19.9346,1.7974,100.0,0.0,0.0,0.0,25.0,0.0,26.375,0.0,26.0,0.0,25.25,10.0,0.0,0.0087,53.1042,5.3104,2.0,188.8401,1.9104,0.6648,1.4362,0.5753,1.4264,0.0004,1.849,0.0009,3.4021,11.0,0.0641,1.0017,0.1449,2.3829,0.1663,2.4427,0.0669,2.0473,0.0,0.0,0.0,29.9823,25.0,25.0,38.0,37.0,14.0,0.0,0.0,0.0,0.0,62.5828,0.0,44.3987,0.0,0.0
20855.0,1.6761,0.0845,1.0,2.5443,350.2095,1.7979,0.7979,2.3747,1.3747,20.3897,1.8156,19.9543,1.7982,100.0,0.0,0.0,0.0,25.125,0.0,26.375,0.0,26.0,0.0,25.25,10.0,0.0,0.0085,53.1041,5.3104,2.0,188.5673,1.9102,0.6735,1.4371,0.5826,1.4272,0.0004,1.8505,0.0009,3.4164,11.0,0.0671,1.0018,0.1142,2.2796,0.1377,2.3609,0.0599,1.9996,0.0,0.0,0.0,29.9825,25.0,25.0,38.0,37.0,14.0,0.0,0.0,0.0,0.0,62.5832,0.0,44.3988,0.0,0.0
20856.0,1.6781,0.0848,1.0,2.5445,350.3252,1.7978,0.7978,2.3748,1.3748,20.5269,1.8211,19.9589,1.7984,100.0,0.0,0.0,0.0,25.0,0.0,26.25,0.0,26.375,0.0,25.125,10.0,0.0,0.0082,53.1038,5.3104,2.0,190.7324,1.9122,0.7292,1.4432,0.5924,1.4283,0.0004,1.8522,0.0009,3.4156,11.0,0.0674,1.0018,0.1218,2.3074,0.1358,2.3546,0.0581,1.9859,0.0,0.0,0.0,29.9819,25.0,25.0,38.0,37.0,16.0,0.0,0.0,0.0,0.0,62.5838,0.0,44.3983,0.0,0.0
20857.0,1.6782,0.0848,1.0,2.5445,350.33,1.7983,0.7983,2.3748,1.3748,20.498,1.8199,19.9476,1.7979,100.0,0.0,0.0,0.0,25.125,0.0,26.375,0.0,26.125,0.0,25.25,10.0,0.0,0.0095,53.1039,5.3104,2.0,193.2085,1.9144,0.704,1.4404,0.5939,1.4284,0.0004,1.8538,0.0009,3.4287,11.0,0.0654,1.0017,0.1111,2.2675,0.1352,2.3528,0.0575,1.9818,0.0,0.0,0.0,29.9822,25.0,25.0,38.0,37.0,13.0,0.0,0.0,0.0,0.0,62.583,0.0,44.3984,0.0,0.0
20858.0,1.6782,0.0848,1.0,2.5445,350.3182,1.7987,0.7987,2.3747,1.3747,20.4288,1.8172,19.944,1.7978,100.0,0.0,0.0,0.0,25.0,0.0,26.375,0.0,26.125,0.0,25.25,10.0,0.0,0.0087,53.1038,5.3104,2.0,192.337,1.9136,0.6659,1.4363,0.5973,1.4288,0.0004,1.855,0.0009,3.4255,11.0,0.0656,1.0017,0.1982,2.5189,0.1301,2.3363,0.0585,1.9888,0.0,0.0,0.0,29.9823,25.0,25.0,38.0,37.0,13.0,0.0,0.0,0.0,0.0,62.5833,0.0,44.3987,0.0,0.0
20859.0,1.6789,0.0849,1.0,2.5445,350.3098,1.7988,0.7988,2.3749,1.3749,20.3112,1.8124,19.9407,1.7976,100.0,0.0,0.0,0.0,25.0,0.0,26.375,0.0,26.125,0.0,25.25,10.0,0.0,0.0084,53.1037,5.3103,2.0,194.7383,1.9158,0.7273,1.443,0.5944,1.4285,0.0004,1.8564,0.0009,3.4395,11.0,0.0669,1.0018,0.1916,2.5042,0.1119,2.2706,0.0523,1.94,0.0,0.0,0.0,29.9822,25.0,25.0,38.0,37.0,13.0,0.0,0.0,0.0,0.0,62.5832,0.0,44.3987,0.0,0.0
20860.0,1.6814,0.0852,1.0,2.5443,350.1471,1.7982,0.7982,2.3744,1.3744,20.3506,1.814,19.9583,1.7983,100.0,0.0,0.0,0.0,25.125,0.0,26.375,0.0,26.125,0.0,25.25,10.0,0.0,0.0088,53.1033,5.3103,2.0,195.0143,1.916,0.6647,1.4361,0.594,1.4284,0.0004,1.8578,0.0009,3.4368,11.0,0.0671,1.0018,0.1659,2.4416,0.117,2.2901,0.0478,1.9017,0.0,0.0,0.0,29.9821,25.0,25.0,38.0,37.0,13.0,0.0,0.0,0.0,0.0,62.5838,0.0,44.399,0.0,0.0
20861.0,1.6799,0.085,1.0,2.5442,350.0928,1.7978,0.7978,2.3744,1.3744,20.5249,1.821,19.9616,1.7985,100.0,0.0,0.0,0.0,25.0,0.0,26.5,0.0,26.125,0.0,25.125,10.0,0.0,0.0086,53.103,5.3103,2.0,196.3352,1.9172,0.625,1.4318,0.5895,1.4279,0.0004,1.8592,0.0009,3.4497,11.0,0.0662,1.0018,0.1831,2.4845,0.1094,2.2608,0.0666,2.0451,0.0,0.0,0.0,29.9822,25.0,25.0,38.0,37.0,14.0,0.0,0.0,0.0,0.0,62.5834,0.0,44.3988,0.0,0.0
20862.0,1.6793,0.0849,1.0,2.5441,350.014,1.7982,0.7982,2.3752,1.3752,20.5226,1.8209,19.9384,1.7975,100.0,0.0,0.0,0.0,25.125,0.0,26.25,0.0,26.125,0.0,25.25,10.0,0.0,0.0086,53.103,5.3103,2.0,196.6012,1.9174,0.6488,1.4344,0.588,1.4278,0.0004,1.8604,0.0009,3.4505,11.0,0.0567,1.0015,0.1551,2.4123,0.1022,2.2312,0.0599,1.9993,0.0,0.0,0.0,29.9824,25.0,25.0,38.0,37.0,13.0,0.0,0.0,0.0,0.0,62.5832,0.0,44.3987,0.0,0.0
20863.0,1.6804,0.085,1.0,2.544,349.9196,1.7984,0.7984,2.3747,1.3747,20.4348,1.8174,19.9416,1.7977,100.0,0.0,0.0,0.0,25.125,0.0,26.375,0.0,26.0,0.0,25.25,10.0,0.0,0.0081,53.1032,5.3103,2.0,198.9356,1.9195,0.7023,1.4402,0.5835,1.4273,0.0004,1.8617,0.0009,3.4584,11.0,0.0576,1.0015,0.1534,2.4077,0.0945,2.1971,0.0705,2.0703,0.0,0.0,0.0,29.9825,25.0,25.0,38.0,37.0,12.0,0.0,0.0,0.0,0.0,62.5836,0.0,44.3985,0.0,0.0
20864.0,1.6803,0.085,1.0,2.544,349.9494,1.7988,0.7988,2.3743,1.3743,20.3209,1.8128,19.941,1.7976,100.0,0.0,0.0,0.0,25.125,0.0,26.375,0.0,26.125,0.0,25.375,10.0,0.0,0.0086,53.1029,5.3103,2.0,201.6271,1.9218,0.7172,1.4419,0.5835,1.4273,0.0004,1.8633,0.0009,3.4699,11.0,0.0565,1.0015,0.1345,2.3505,0.0961,2.2045,0.0669,2.0471,0.0,0.0,0.0,29.9821,25.0,25.0,38.0,37.0,14.0,0.0,0.0,0.0,0.0,62.5829,0.0,44.398,0.0,0.0
20865.0,1.6804,0.085,1.0,2.5439,349.892,1.7985,0.7985,2.3743,1.3743,20.3538,1.8142,19.9684,1.7987,100.0,0.0,0.0,0.0,25.0,0.0,26.25,0.0,26.125,0.0,25.25,10.0,0.0,0.009,53.1024,5.3102,2.0,202.4647,1.9225,0.6996,1.44,0.5768,1.4266,0.0004,1.8643,0.0009,3.4677,11.0,0.0579,1.0015,0.1945,2.5107,0.0801,2.1256,0.0604,2.0025,0.0,0.0,0.0,29.9821,25.0,25.0,38.0,37.0,12.0,0.0,0.0,0.0,0.0,62.5832,0.0,44.3984,0.0,0.0
20866.0,1.6813,0.0852,1.0,2.5436,349.598,1.7986,0.7986,2.374,1.374,20.5059,1.8202,19.9755,1.799,100.0,0.0,0.0,0.0,25.0,0.0,26.25,0.0,26.125,0.0,25.25,10.0,0.0,0.0092,53.1021,5.3102,2.0,203.3272,1.9233,0.613,1.4305,0.5715,1.426,0.0004,1.8656,0.0009,3.4768,11.0,0.0576,1.0015,0.1746,2.4639,0.084,2.1459,0.064,2.0278,0.0,0.0,0.0,29.982,25.0,25.0,38.0,37.0,13.0,0.0,0.0,0.0,0.0,62.5831,0.0,44.3983,0.0,0.0
20867.0,1.6814,0.0852,1.0,2.5435,349.5387,1.7986,0.7986,2.3745,1.3745,20.5185,1.8207,19.9572,1.7983,100.0,0.0,0.0,0.0,25.125,0.0,26.375,0.0,26.0,0.0,25.125,10.0,0.0,0.0084,53.1014,5.3101,2.0,202.6384,1.9227,0.5635,1.4251,0.5788,1.4268,0.0004,1.8671,0.0009,3.4874,11.0,0.0571,1.0015,0.1801,2.4775,0.0835,2.1433,0.0648,2.0333,0.0,0.0,0.0,29.9821,25.0,25.0,38.0,37.0,15.0,0.0,0.0,0.0,0.0,62.5825,0.0,44.3981,0.0,0.0
20868.0,1.6814,0.0852,1.0,2.5437,349.6925,1.7988,0.7988,2.3747,1.3747,20.4626,1.8185,19.9442,1.7978,100.0,0.0,0.0,0.0,25.0,0.0,26.375,0.0,26.125,0.0,25.125,10.0,0.0,0.0082,53.1015,5.3101,2.0,204.0279,1.9239,0.5527,1.4239,0.5739,1.4262,0.0004,1.868,0.0009,3.4953,11.0,0.0555,1.0015,0.2616,2.6394,0.0766,2.106,0.0574,1.9807,0.0,0.0,0.0,29.982,26.0,25.0,38.0,37.0,13.0,0.0,0.0,0.0,0.0,62.5831,0.0,44.3983,0.0,0.0
20869.0,1.6834,0.0854,1.0,2.5438,349.7986,1.7988,0.7988,2.3743,1.3743,20.3215,1.8129,19.9478,1.7979,100.0,0.0,0.0,0.0,25.0,0.0,26.25,0.0,26.0,0.0,25.25,10.0,0.0,0.0082,53.1018,5.3102,2.0,204.7787,1.9245,0.6015,1.4293,0.5751,1.4264,0.0004,1.8697,0.0009,3.4921,11.0,0.0582,1.0016,0.2038,2.5311,0.0728,2.0837,0.0522,1.9392,0.0,0.0,0.0,29.9816,26.0,25.0,38.0,37.0,14.0,0.0,0.0,0.0,0.0,62.5836,16.0,44.4397,0.0,0.0
20870.0,1.6839,0.0855,1.0,2.544,349.9515,1.7986,0.7986,2.3744,1.3744,20.3175,1.8127,19.9555,1.7982,100.0,0.0,0.0,0.0,25.125,0.0,26.25,0.0,26.125,0.0,25.125,10.0,0.0,0.0084,53.1014,5.3101,2.0,204.9606,1.9247,0.5121,1.4195,0.5753,1.4264,0.0004,1.871,0.0009,3.5008,11.0,0.0592,1.0016,0.228,2.5799,0.0739,2.0904,0.0575,1.9813,0.0,0.0,0.0,29.9824,26.0,25.0,38.0,37.0,13.0,0.0,0.0,0.0,0.0,62.5832,16.0,44.6027,0.0,0.0
20871.0,1.6841,0.0855,1.0,2.5438,349.8113,1.7982,0.7982,2.3743,1.3743,20.4868,1.8195,19.9679,1.7987,100.0,0.0,0.0,0.0,25.125,0.0,26.375,0.0,26.375,0.0,25.125,10.0,0.0,0.0089,53.1014,5.3101,2.0,207.3157,1.9267,0.5906,1.4281,0.5683,1.4256,0.0004,1.8722,0.0009,3.5096,11.0,0.0581,1.0015,0.2017,2.5264,0.075,2.0969,0.0647,2.0324,0.0,0.0,0.0,29.9827,26.0,25.0,38.0,37.0,14.0,0.0,0.0,0.0,0.0,62.5832,0.0,44.7714,0.0,0.0
20872.0,1.6849,0.0856,1.0,2.5439,349.8327,1.7984,0.7984,2.3744,1.3744,20.5376,1.8215,19.9513,1.7981,100.0,0.0,0.0,0.0,25.125,0.0,26.25,0.0,26.125,0.0,25.25,10.0,0.0,0.0081,53.101,5.3101,2.0,208.7937,1.9279,0.6369,1.4331,0.5689,1.4257,0.0004,1.8737,0.0009,3.5174,11.0,0.0646,1.0017,0.1782,2.4728,0.0624,2.0173,0.0608,2.0059,0.0,0.0,0.0,29.9823,26.0,25.0,38.0,37.0,13.0,0.0,0.0,0.0,0.0,62.5837,0.0,44.7755,0.0,0.0
20873.0,1.4167,0.0521,1.0,2.5444,350.2612,1.7984,0.7984,2.3747,1.3747,20.4661,1.8186,19.9344,1.7974,100.0,0.0,0.0,0.0,25.25,0.0,26.25,0.0,26.125,0.0,25.25,10.0,0.0,0.0085,53.1007,5.3101,2.0,211.0726,1.9298,0.6427,1.4338,0.5617,1.4249,0.0004,1.8749,0.0009,3.5263,11.0,0.0686,1.0018,0.2102,2.5445,0.0651,2.0351,0.065,2.0345,0.0,0.0,0.0,29.9819,25.0,25.0,38.0,37.0,14.0,0.0,0.0,0.0,0.0,62.5839,0.0,44.7761,0.0,0.0
20874.0,1.3145,0.0393,1.0,2.5445,350.3331,1.7984,0.7984,2.3747,1.3747,20.3558,1.8142,19.9314,1.7973,100.0,0.0,0.0,0.0,25.125,0.0,26.375,0.0,26.125,0.0,25.25,10.0,0.0,0.0087,53.1007,5.3101,2.0,213.2265,1.9315,0.6485,1.4344,0.5585,1.4246,0.0004,1.876,0.001,3.5335,11.0,0.0664,1.0018,0.1607,2.4279,0.0589,1.9919,0.069,2.0607,0.0,0.0,0.0,29.9829,25.0,25.0,38.0,37.0,12.0,0.0,0.0,0.0,0.0,62.5844,0.0,44.7762,0.0,0.0
20875.0,1.271,0.0339,1.0,2.5443,350.1677,1.7987,0.7987,2.374,1.374,20.3173,1.8127,19.9524,1.7981,100.0,0.0,0.0,0.0,25.125,0.0,26.375,0.0,26.125,0.0,25.375,10.0,0.0,0.0079,53.1004,5.31,2.0,213.4739,1.9317,0.5785,1.4267,0.5484,1.4235,0.0004,1.8773,0.001,3.5416,11.0,0.0666,1.0018,0.1483,2.3929,0.0595,1.9967,0.0694,2.0631,0.0,0.0,0.0,29.9826,25.0,25.0,38.0,37.0,12.0,0.0,0.0,0.0,0.0,62.5831,0.0,44.7755,0.0,0.0
20876.0,1.4674,0.0584,1.0,2.5441,350.0524,1.7982,0.7982,2.3743,1.3743,20.4714,1.8189,19.9772,1.7991,100.0,0.0,0.0,0.0,25.0,0.0,26.25,0.0,26.125,0.0,25.25,10.0,0.0,0.0079,53.0996,5.31,2.0,213.8312,1.932,0.6094,1.4301,0.5386,1.4224,0.0004,1.8782,0.001,3.5347,11.0,0.0654,1.0017,0.1705,2.4535,0.0493,1.9146,0.0581,1.9861,0.0,0.0,0.0,29.982,26.0,25.0,38.0,37.0,13.0,0.0,0.0,0.0,0.0,62.5837,0.0,44.7752,0.0,0.0
20877.0,1.5202,0.065,1.0,2.5442,350.1339,1.7984,0.7984,2.3747,1.3747,20.5401,1.8216,19.9571,1.7983,100.0,0.0,0.0,0.0,25.125,0.0,26.25,0.0,26.25,0.0,25.125,10.0,0.0,0.0081,53.0998,5.31,2.0,215.3246,1.9332,0.5886,1.4278,0.5318,1.4217,0.0004,1.8791,0.001,3.5406,11.0,0.0623,1.0017,0.1539,2.4091,0.0542,1.9557,0.0592,1.994,0.0,0.0,0.0,29.9817,26.0,25.0,38.0,37.0,15.0,0.0,0.0,0.0,0.0,62.5832,0.0,44.7749,0.0,0.0
20878.0,1.5839,0.073,1.0,2.5443,350.2067,1.7987,0.7987,2.3743,1.3743,20.4893,1.8196,19.9444,1.7978,100.0,0.0,0.0,0.0,25.125,0.0,26.25,0.0,26.125,0.0,25.125,10.0,0.0,0.0076,53.0996,5.31,2.0,216.602,1.9343,0.5908,1.4281,0.5337,1.4219,0.0004,1.8801,0.001,3.5468,11.0,0.0605,1.0016,0.1628,2.4335,0.0508,1.9279,0.0731,2.086,0.0,0.0,0.0,29.9818,26.0,25.0,38.0,37.0,14.0,0.0,0.0,0.0,0.0,62.5828,0.0,44.7747,0.0,0.0
20879.0,1.6281,0.0785,1.0,2.5442,350.1312,1.7988,0.7988,2.3747,1.3747,20.3763,1.8151,19.9404,1.7976,100.0,0.0,0.0,0.0,25.0,0.0,26.25,0.0,26.0,0.0,25.25,10.0,0.0,0.0089,53.0997,5.3099,2.0,217.4133,1.9349,0.5452,1.4231,0.5473,1.4233,0.0004,1.882,0.001,3.554,11.0,0.06,1.0016,0.2066,2.5369,0.0404,1.828,0.0738,2.0898,0.0,0.0,0.0,29.9817,26.0,25.0,38.0,37.0,13.0,0.0,0.0,0.0,0.0,62.582,0.0,44.7746,0.0,0.0
20880.0,1.6552,0.0819,1.0,2.5441,350.0113,1.7988,0.7988,2.3745,1.3745,20.2992,1.812,19.9449,1.7978,100.0,0.0,0.0,0.0,25.125,0.0,26.375,0.0,26.125,0.0,25.25,10.0,0.0,0.009,53.0995,5.3099,2.0,216.9749,1.9346,0.4823,1.4162,0.5498,1.4236,0.0004,1.8833,0.001,3.5658,11.0,0.061,1.0016,0.2192,2.5627,0.0416,1.8413,0.0629,2.0205,0.0,0.0,0.0,29.9815,26.0,25.0,38.0,37.0,13.0,0.0,0.0,0.0,0.0,62.5825,0.0,44.7747,0.0,0.0
20881.0,1.6692,0.0836,1.0,2.5442,350.1082,1.7982,0.7982,2.3744,1.3744,20.4243,1.817,19.9662,1.7986,100.0,0.0,0.0,0.0,25.125,0.0,26.25,0.0,26.125,0.0,25.25,10.0,0.0,0.0088,53.099,5.3099,2.0,219.8225,1.9368,0.5906,1.4281,0.5771,1.4266,0.0005,1.8855,0.001,3.5804,11.0,0.0627,1.0017,0.1926,2.5064,0.0431,1.8568,0.0593,1.9952,0.0,0.0,0.0,29.981,25.0,25.0,38.0,37.0,14.0,0.0,0.0,0.0,0.0,62.583,0.0,44.7749,0.0,0.0
20882.0,1.6773,0.0847,1.0,2.5443,350.1927,1.7982,0.7982,2.3747,1.3747,20.5316,1.8213,19.9568,1.7983,100.0,0.0,0.0,0.0,25.25,0.0,26.25,0.0,26.125,0.0,25.125,10.0,0.0,0.0092,53.0993,5.31,2.0,221.7559,1.9384,0.6142,1.4306,0.5684,1.4256,0.0005,1.8866,0.001,3.5848,11.0,0.0646,1.0017,0.1676,2.4462,0.0435,1.86,0.0897,2.1747,0.0,0.0,0.0,29.9812,25.0,25.0,38.0,37.0,12.0,0.0,0.0,0.0,0.0,62.583,0.0,44.7751,0.0,0.0
20883.0,1.6737,0.0842,1.0,2.5443,350.1918,1.7987,0.7987,2.3747,1.3747,20.4934,1.8197,19.9463,1.7979,100.0,0.0,0.0,0.0,25.0,0.0,26.25,0.0,26.125,0.0,25.25,10.0,0.0,0.0096,53.0995,5.31,2.0,222.2516,1.9387,0.5762,1.4265,0.5812,1.427,0.0005,1.8884,0.001,3.5895,11.0,0.0583,1.0016,0.1846,2.4881,0.0443,1.8684,0.089,2.1714,0.0,0.0,0.0,29.9818,25.0,25.0,38.0,37.0,13.0,0.0,0.0,0.0,0.0,62.5831,0.0,44.7751,0.0,0.0
20884.0,1.6778,0.0847,1.0,2.5439,349.8905,1.7988,0.7988,2.3747,1.3747,20.3881,1.8155,19.9423,1.7977,100.0,0.0,0.0,0.0,25.0,0.0,26.25,0.0,26.125,0.0,25.25,10.0,0.0,0.0084,53.0988,5.3098,2.0,224.3625,1.9404,0.6435,1.4338,0.6121,1.4304,0.0005,1.8907,0.001,3.6003,11.0,0.0628,1.0017,0.191,2.5029,0.0344,1.7581,0.0805,2.1278,0.0,0.0,0.0,29.9817,25.0,25.0,38.0,37.0,13.0,0.0,0.0,0.0,0.0,62.583,0.0,44.775,0.0,0.0
20885.0,1.6788,0.0848,1.0,2.5439,349.9006,1.7991,0.7991,2.3745,1.3745,20.301,1.812,19.9564,1.7983,100.0,0.0,0.0,0.0,25.125,0.0,26.375,0.0,26.25,0.0,25.25,10.0,0.0,0.0083,53.0984,5.3098,2.0,228.3679,1.9435,0.7747,1.4482,0.6112,1.4303,0.0005,1.8922,0.001,3.6124,11.0,0.0629,1.0017,0.2184,2.5612,0.0329,1.7391,0.0805,2.1276,0.0,0.0,0.0,29.9818,25.0,25.0,38.0,37.0,14.0,0.0,0.0,0.0,0.0,62.5835,0.0,44.775,0.0,0.0
20886.0,1.6797,0.085,1.0,2.544,349.9571,1.7987,0.7987,2.3743,1.3743,20.4152,1.8166,19.9747,1.799,100.0,0.0,0.0,0.0,25.0,0.0,26.25,0.0,26.125,0.0,25.25,10.0,0.0,0.0075,53.0981,5.3098,2.0,231.0346,1.9455,0.7869,1.4495,0.6051,1.4296,0.0005,1.8935,0.001,3.6154,11.0,0.0616,1.0016,0.2306,2.5848,0.0294,1.6903,0.0767,2.1068,0.0,0.0,0.0,29.982,25.0,25.0,38.0,37.0,14.0,0.0,0.0,0.0,0.0,62.5831,0.0,44.7758,0.0,0.0
20887.0,1.6784,0.0848,1.0,2.5439,349.8332,1.7982,0.7982,2.3745,1.3745,20.5385,1.8215,19.969,1.7988,100.0,0.0,0.0,0.0,25.125,0.0,26.25,0.0,26.125,0.0,25.25,10.0,0.0,0.008,53.0979,5.3098,2.0,232.6014,1.9466,0.7581,1.4463,0.619,1.4312,0.0005,1.8951,0.001,3.6283,11.0,0.0616,1.0016,0.1903,2.5012,0.028,1.6697,0.0682,2.0554,0.0,0.0,0.0,29.9825,25.0,25.0,38.0,37.0,15.0,0.0,0.0,0.0,0.0,62.5834,0.0,44.7755,0.0,0.0
20888.0,1.6754,0.0844,1.0,2.5438,349.8132,1.7987,0.7987,2.3753,1.3753,20.5134,1.8205,19.9485,1.7979,100.0,0.0,0.0,0.0,25.125,0.0,26.25,0.0,26.125,0.0,25.25,10.0,0.0,0.0079,53.0975,5.3097,2.0,232.983,1.9469,0.6947,1.4394,0.6249,1.4318,0.0005,1.8966,0.001,3.6347,11.0,0.0605,1.0016,0.1802,2.4776,0.0278,1.6666,0.0746,2.0944,0.0,0.0,0.0,29.9824,25.0,25.0,38.0,37.0,14.0,0.0,0.0,0.0,0.0,62.5841,0.0,44.7756,0.0,0.0
20889.0,1.6751,0.0844,1.0,2.5439,349.85,1.7988,0.7988,2.3747,1.3747,20.4109,1.8164,19.9434,1.7977,100.0,0.0,0.0,0.0,25.125,0.0,26.375,0.0,26.125,0.0,25.25,10.0,0.0,0.0084,53.0969,5.3097,2.0,232.7334,1.9467,0.5851,1.4275,0.6263,1.432,0.0005,1.8982,0.001,3.6367,11.0,0.0606,1.0016,0.1636,2.4356,0.0284,1.6753,0.0685,2.0575,0.0,0.0,0.0,29.982,26.0,25.0,38.0,38.0,14.0,0.0,0.0,0.0,0.0,62.583,0.0,44.7751,0.0,0.0
20890.0,1.6767,0.0846,1.0,2.5438,349.8161,1.7988,0.7988,2.375,1.375,20.3093,1.8124,19.9403,1.7976,100.0,0.0,0.0,0.0,25.125,0.0,26.375,0.0,26.125,0.0,25.25,10.0,0.0,0.0088,53.0969,5.3097,2.0,234.817,1.9483,0.6387,1.4333,0.627,1.432,0.0005,1.8998,0.001,3.6529,11.0,0.0646,1.0017,0.1539,2.4091,0.029,1.6841,0.0684,2.0567,0.0,0.0,0.0,29.982,26.0,25.0,38.0,38.0,13.0,0.0,0.0,0.0,0.0,62.5837,0.0,44.7755,0.0,0.0
20891.0,1.6783,0.0848,1.0,2.544,349.9121,1.7984,0.7984,2.3748,1.3748,20.382,1.8153,19.962,1.7985,100.0,0.0,0.0,0.0,25.0,0.0,26.25,0.0,26.125,0.0,25.25,10.0,0.0,0.0086,53.0967,5.3097,2.0,237.1889,1.95,0.6711,1.4368,0.6235,1.4317,0.0005,1.9012,0.001,3.654,11.0,0.0631,1.0017,0.1554,2.4133,0.0279,1.6676,0.0715,2.076,0.0,0.0,0.0,29.982,26.0,25.0,38.0,38.0,12.0,0.0,0.0,0.0,0.0,62.5834,0.0,44.7754,0.0,0.0
20892.0,1.6782,0.0848,1.0,2.5441,349.9861,1.7982,0.7982,2.3746,1.3746,20.5337,1.8213,19.9606,1.7984,100.0,0.0,0.0,0.0,25.0,0.0,26.375,0.0,26.0,0.0,25.125,10.0,0.0,0.0085,53.0968,5.3097,2.0,238.1735,1.9508,0.6643,1.4361,0.6218,1.4315,0.0005,1.9027,0.001,1.8477,10.0,0.0633,1.0017,0.1605,2.4273,0.0254,1.6263,0.0789,2.1191,0.0,0.0,0.0,29.9815,26.0,25.0,38.0,38.0,14.0,0.0,0.0,0.0,0.0,62.5828,0.0,44.7749,0.0,0.0
20893.0,1.6789,0.0849,1.0,2.5442,350.1041,1.7987,0.7987,2.3752,1.3752,20.5158,1.8206,19.9484,1.7979,100.0,0.0,0.0,0.0,25.0,0.0,26.375,0.0,26.0,0.0,25.25,10.0,0.0,0.0082,53.0964,5.3096,2.0,240.5825,1.9525,0.6737,1.4371,0.6186,1.4311,0.0005,1.9041,0.001,1.8454,10.0,0.0657,1.0018,0.1357,2.3544,0.0232,1.5877,0.0797,2.1231,0.0,0.0,0.0,29.9815,26.0,25.0,38.0,37.0,13.0,0.0,0.0,0.0,0.0,62.5827,0.0,44.7751,0.0,0.0
20894.0,1.681,0.0851,1.0,2.5444,350.2687,1.7985,0.7985,2.3751,1.3751,20.4216,1.8169,19.9426,1.7977,100.0,0.0,0.0,0.0,25.0,0.0,26.375,0.0,26.125,0.0,25.25,10.0,0.0,0.0095,53.0962,5.3096,2.0,240.8069,1.9527,0.6245,1.4318,0.6202,1.4313,0.0005,1.9058,0.001,1.8497,10.0,0.0677,1.0018,0.1382,2.3625,0.0182,1.4821,0.069,2.0608,0.0,0.0,0.0,29.9811,26.0,25.0,38.0,37.0,13.0,0.0,0.0,0.0,0.0,62.5824,0.0,44.7739,0.0,0.0
20895.0,1.6831,0.0854,1.0,2.5443,350.1829,1.7984,0.7984,2.3746,1.3746,20.3164,1.8127,19.9408,1.7976,100.0,0.0,0.0,0.0,25.0,0.0,26.375,0.0,26.125,0.0,25.125,10.0,0.0,0.0084,53.0964,5.3097,2.0,240.9397,1.9528,0.5524,1.4239,0.6189,1.4312,0.0005,1.9069,0.001,1.8496,10.0,0.0577,1.0015,0.1978,2.5181,0.0196,1.5139,0.0651,2.0353,0.0,0.0,0.0,29.9813,26.0,25.0,38.0,37.0,14.0,0.0,0.0,0.0,0.0,62.5827,0.0,44.7749,0.0,0.0
20896.0,1.6856,0.0857,1.0,2.544,349.9282,1.7984,0.7984,2.3748,1.3748,20.358,1.8143,19.9608,1.7984,100.0,0.0,0.0,0.0,25.0,0.0,26.375,0.0,26.125,0.0,25.25,10.0,0.0,0.0086,53.0961,5.3096,2.0,243.329,1.9545,0.6164,1.4309,0.6159,1.4308,0.0005,1.9082,0.001,1.8536,10.0,0.0562,1.0015,0.1721,2.4577,0.0223,1.571,0.067,2.0482,0.0,0.0,0.0,29.9819,26.0,25.0,38.0,37.0,13.0,0.0,0.0,0.0,0.0,62.583,0.0,44.7748,0.0,0.0
20897.0,1.6854,0.0857,1.0,2.5438,349.7748,1.7982,0.7982,2.3749,1.3749,20.5152,1.8206,19.9651,1.7986,100.0,0.0,0.0,0.0,25.25,0.0,26.25,0.0,26.125,0.0,25.25,10.0,0.0,0.0081,53.0958,5.3096,2.0,241.9382,1.9535,0.496,1.4177,0.6132,1.4305,0.0005,1.9096,0.001,1.8544,10.0,0.055,1.0015,0.1714,2.4558,0.0208,1.5405,0.0637,2.0261,0.0,0.0,0.0,29.9819,25.0,25.0,38.0,37.0,14.0,0.0,0.0,0.0,0.0,62.5839,0.0,44.7754,0.0,0.0
20898.0,1.6846,0.0856,1.0,2.5438,349.8212,1.7986,0.7986,2.3752,1.3752,20.5259,1.8212,19.9501,1.798,100.0,0.0,0.0,0.0,25.0,0.0,26.25,0.0,26.125,0.0,25.125,10.0,0.0,0.0086,53.0955,5.3095,2.0,243.027,1.9543,0.3756,1.4046,0.6112,1.4303,0.0005,1.9109,0.001,1.8574,10.0,0.0542,1.0015,0.1683,2.4479,0.0187,1.4946,0.0656,2.0389,0.0,0.0,0.0,29.9828,25.0,25.0,38.0,37.0,15.0,0.0,0.0,0.0,0.0,62.5842,0.0,44.7756,0.0,0.0
20899.0,1.6835,0.0854,1.0,2.544,349.9362,1.7988,0.7988,2.3747,1.3747,20.4342,1.8174,19.9435,1.7977,100.0,0.0,0.0,0.0,25.0,0.0,26.25,0.0,26.125,0.0,25.25,10.0,0.0,0.0083,53.0953,5.3095,2.0,242.033,1.9535,0.443,1.412,0.5998,1.4291,0.0005,1.9123,0.001,1.8613,10.0,0.0592,1.0016,0.1521,2.4041,0.0188,1.4966,0.061,2.0072,0.0,0.0,0.0,29.9828,25.0,25.0,38.0,37.0,13.0,0.0,0.0,0.0,0.0,62.5831,0.0,44.7755,0.0,0.0
20900.0,1.6836,0.0854,1.0,2.5439,349.8286,1.7989,0.7989,2.3746,1.3746,20.3321,1.8133,19.9414,1.7977,100.0,0.0,0.0,0.0,25.125,0.0,26.25,0.0,26.0,0.0,25.375,10.0,0.0,0.0083,53.095,5.3094,2.0,244.8899,1.9556,0.4752,1.4155,0.5941,1.4284,0.0005,1.9133,0.001,1.8605,10.0,0.0593,1.0016,0.1682,2.4478,0.018,1.4765,0.0585,1.9888,0.0,0.0,0.0,29.9819,25.0,25.0,38.0,37.0,13.0,0.0,0.0,0.0,0.0,62.5829,0.0,44.7752,0.0,0.0
20901.0,1.6847,0.0856,1.0,2.544,349.9126,1.7986,0.7986,2.3748,1.3748,20.328,1.8131,19.9569,1.7983,100.0,0.0,0.0,0.0,25.125,0.0,26.375,0.0,26.0,0.0,25.125,10.0,0.0,0.0079,53.0947,5.3094,2.0,246.5604,1.9568,0.4905,1.4171,0.5921,1.4282,0.0005,1.9147,0.001,1.8643,10.0,0.061,1.0016,0.1362,2.3559,0.0163,1.4351,0.0716,2.0767,0.0,0.0,0.0,29.982,25.0,25.0,38.0,37.0,13.0,0.0,0.0,0.0,0.0,62.5832,0.0,44.7754,0.0,0.0
20902.0,1.6846,0.0856,1.0,2.5438,349.7676,1.7982,0.7982,2.3747,1.3747,20.5086,1.8203,19.966,1.7986,100.0,0.0,0.0,0.0,25.0,0.0,26.375,0.0,26.125,0.0,25.125,10.0,0.0,0.0087,53.0948,5.3095,2.0,247.8114,1.9576,0.5006,1.4183,0.5959,1.4286,0.0005,1.9163,0.001,1.8677,10.0,0.058,1.0015,0.1612,2.4293,0.0138,1.3619,0.0728,2.0838,0.0,0.0,0.0,29.9813,26.0,25.0,38.0,37.0,15.0,0.0,0.0,0.0,0.0,62.5832,0.0,44.775,0.0,0.0
20903.0,1.6845,0.0856,1.0,2.5439,349.832,1.7985,0.7985,2.3748,1.3748,20.5214,1.8209,19.9515,1.7981,100.0,0.0,0.0,0.0,25.125,0.0,26.375,0.0,26.0,0.0,25.25,10.0,0.0,0.0082,53.094,5.3094,2.0,251.451,1.9602,0.6397,1.4334,0.5945,1.4285,0.0005,1.918,0.001,1.8706,10.0,0.0615,1.0016,0.1281,2.3295,0.0129,1.3309,0.0643,2.0302,0.0,0.0,0.0,29.9814,26.0,25.0,38.0,37.0,13.0,0.0,0.0,0.0,0.0,62.5834,0.0,44.775,0.0,0.0
20904.0,1.6854,0.0857,1.0,2.5441,350.0531,1.7987,0.7987,2.3748,1.3748,20.4419,1.8177,19.9425,1.7977,100.0,0.0,0.0,0.0,25.0,0.0,26.375,0.0,26.0,0.0,25.25,10.0,0.0,0.0081,53.0939,5.3094,2.0,252.1499,1.9607,0.5472,1.4233,0.589,1.4279,0.0005,1.9193,0.001,1.87,10.0,0.0617,1.0016,0.1401,2.3682,0.0134,1.3481,0.0608,2.0057,0.0,0.0,0.0,29.9819,26.0,25.0,38.0,37.0,14.0,0.0,0.0,0.0,0.0,62.5832,0.0,44.775,0.0,0.0
20905.0,1.6856,0.0857,1.0,2.5442,350.0909,1.7988,0.7988,2.3751,1.3751,20.3402,1.8136,19.9407,1.7976,100.0,0.0,0.0,0.0,25.125,0.0,26.375,0.0,26.0,0.0,25.25,10.0,0.0,0.0093,53.0938,5.3094,2.0,252.3809,1.9608,0.4733,1.4153,0.5835,1.4273,0.0005,1.9203,0.001,1.8733,10.0,0.0636,1.0017,0.1151,2.2831,0.0118,1.294,0.0567,1.9758,0.0,0.0,0.0,29.9821,26.0,25.0,38.0,37.0,15.0,0.0,0.0,0.0,0.0,62.5833,0.0,44.7756,0.0,0.0
20906.0,1.6863,0.0858,1.0,2.5443,350.1997,1.7986,0.7986,2.3749,1.3749,20.3175,1.8127,19.9551,1.7982,100.0,0.0,0.0,0.0,25.125,0.0,26.5,0.0,26.125,0.0,25.25,10.0,0.0,0.0082,53.0935,5.3094,2.0,250.2265,1.9593,0.3513,1.402,0.5795,1.4269,0.0005,1.9218,0.001,1.8762,10.0,0.0616,1.0016,0.1137,2.2775,0.0114,1.277,0.0562,1.9718,0.0,0.0,0.0,29.9813,26.0,25.0,38.0,37.0,15.0,0.0,0.0,0.0,0.0,62.5834,0.0,44.7751,0.0,0.0
20907.0,1.6866,0.0858,1.0,2.5444,350.2699,1.7983,0.7983,2.3745,1.3745,20.4559,1.8182,19.9682,1.7987,100.0,0.0,0.0,0.0,25.0,0.0,26.375,0.0,26.125,0.0,25.25,10.0,0.0,0.009,53.0939,5.3094,2.0,251.2892,1.9601,0.4478,1.4125,0.5657,1.4253,0.0005,1.9225,0.001,1.8794,10.0,0.0611,1.0016,0.0997,2.2206,0.0104,1.2398,0.0574,1.981,0.0,0.0,0.0,29.9813,26.0,25.0,38.0,37.0,14.0,0.0,0.0,0.0,0.0,62.5832,16.0,44.7786,0.0,0.0
20908.0,1.6861,0.0858,1.0,2.5441,350.0154,1.7984,0.7984,2.3751,1.3751,20.5355,1.8214,19.9529,1.7981,100.0,0.0,0.0,0.0,25.125,0.0,26.375,0.0,26.125,0.0,25.25,10.0,0.0,0.008,53.0934,5.3093,2.0,253.911,1.9619,0.4702,1.4149,0.5596,1.4247,0.0005,1.9239,0.001,1.8815,10.0,0.057,1.0015,0.1007,2.2247,0.0091,1.1811,0.0626,2.0187,0.0,0.0,0.0,29.9817,26.0,25.0,38.0,37.0,14.0,0.0,0.0,0.0,0.0,62.5831,16.0,44.9441,0.0,0.0
20909.0,1.6856,0.0857,1.0,2.5441,350.0094,1.7988,0.7988,2.3752,1.3752,20.4823,1.8193,19.9448,1.7978,100.0,0.0,0.0,0.0,25.0,0.0,26.25,0.0,26.125,0.0,25.25,10.0,0.0,0.0082,53.0932,5.3093,2.0,257.0173,1.964,0.6626,1.4359,0.5561,1.4243,0.0005,1.9248,0.001,1.8847,10.0,0.0568,1.0015,0.0999,2.2212,0.0099,1.216,0.0691,2.0611,0.0,0.0,0.0,29.9813,26.0,25.0,38.0,37.0,14.0,0.0,0.0,0.0,0.0,62.5834,0.0,45.1043,0.0,0.0
20910.0,1.6863,0.0858,1.0,2.5438,349.7892,1.7988,0.7988,2.3751,1.3751,20.3627,1.8145,19.9422,1.7977,100.0,0.0,0.0,0.0,25.125,0.0,26.375,0.0,26.25,0.0,25.25,10.0,0.0,0.0088,53.0928,5.3093,2.0,260.7032,1.9665,0.6164,1.4309,0.5444,1.423,0.0005,1.9259,0.0011,1.8868,10.0,0.0551,1.0015,0.0849,2.151,0.0105,1.244,0.0686,2.0579,0.0,0.0,0.0,29.9817,25.0,25.0,38.0,37.0,15.0,0.0,0.0,0.0,0.0,62.5828,0.0,45.1728,0.0,0.0
20911.0,1.6599,0.0825,1.0,2.5433,349.4157,1.7986,0.7986,2.3748,1.3748,20.3167,1.8127,19.9524,1.7981,100.0,0.0,0.0,0.0,25.125,0.0,26.375,0.0,26.0,0.0,25.25,10.0,0.0,0.0082,53.0924,5.3092,2.0,259.9153,1.9659,0.5066,1.4189,0.5415,1.4227,0.0005,1.9271,0.0011,1.889,10.0,0.0562,1.0015,0.075,2.097,0.1356,2.3542,0.0774,2.1108,0.0,0.0,0.0,29.9814,25.0,25.0,38.0,37.0,12.0,0.0,0.0,0.0,0.0,62.5829,0.0,45.1732,0.0,0.0
20912.0,1.5763,0.072,1.0,2.5438,349.7626,1.7985,0.7985,2.3748,1.3748,20.4604,1.8184,19.9772,1.7991,100.0,0.0,0.0,0.0,25.0,0.0,26.375,0.0,26.25,0.0,25.25,10.0,0.0,0.0088,53.0921,5.3092,2.0,260.2403,1.9661,0.4636,1.4142,0.5357,1.4221,0.0005,1.9281,0.0011,1.8915,10.0,0.0547,1.0015,0.0769,2.1078,0.1295,2.334,0.079,2.1193,0.0,0.0,0.0,29.9816,25.0,25.0,38.0,37.0,13.0,0.0,0.0,0.0,0.0,62.583,0.0,45.1735,0.0,0.0
20913.0,1.4243,0.053,1.0,2.5441,350.0132,1.7983,0.7983,2.3751,1.3751,20.541,1.8216,19.9653,1.7986,100.0,0.0,0.0,0.0,25.125,0.0,26.375,0.0,26.125,0.0,25.25,10.0,0.0,0.0081,53.092,5.3092,2.0,261.1433,1.9668,0.4817,1.4162,0.5275,1.4212,0.0005,1.929,0.0011,1.8939,10.0,0.0554,1.0015,0.1449,2.383,0.1235,2.3136,0.0731,2.086,0.0,0.0,0.0,29.9817,25.0,25.0,38.0,37.0,13.0,0.0,0.0,0.0,0.0,62.583,0.0,45.1733,0.0,0.0
20914.0,1.3082,0.0385,1.0,2.5439,349.9026,1.7987,0.7987,2.3751,1.3751,20.4801,1.8192,19.9454,1.7978,100.0,0.0,0.0,0.0,25.0,0.0,26.25,0.0,26.0,0.0,25.25,10.0,0.0,0.0087,53.0918,5.3092,2.0,263.5398,1.9683,0.567,1.4255,0.5182,1.4202,0.0005,1.9304,0.0011,1.8955,10.0,0.058,1.0015,0.1301,2.3361,0.1216,2.3067,0.0743,2.0927,0.0,0.0,0.0,29.9812,25.0,25.0,38.0,37.0,14.0,0.0,0.0,0.0,0.0,62.5832,0.0,45.1731,0.0,0.0
20915.0,1.2453,0.0307,1.0,2.5441,350.0305,1.7988,0.7988,2.3751,1.3751,20.3728,1.8149,19.9407,1.7976,100.0,0.0,0.0,0.0,25.125,0.0,26.375,0.0,26.0,0.0,25.125,10.0,0.0,0.0086,53.0913,5.3091,2.0,263.5387,1.9683,0.4034,1.4076,0.5145,1.4198,0.0006,1.9316,0.0011,1.8975,10.0,0.0571,1.0015,0.156,2.415,0.104,2.2387,0.0726,2.0827,0.0,0.0,0.0,29.981,25.0,25.0,38.0,37.0,14.0,0.0,0.0,0.0,0.0,62.5827,0.0,45.1731,0.0,0.0
20916.0,1.2792,0.0349,1.0,2.5441,350.0502,1.7988,0.7988,2.3749,1.3749,20.2954,1.8118,19.9491,1.798,100.0,0.0,0.0,0.0,25.125,0.0,26.375,0.0,26.0,0.0,25.25,10.0,0.0,0.0085,53.0913,5.3091,2.0,264.4222,1.9689,0.4853,1.4166,0.5189,1.4202,0.0006,1.9329,0.0011,1.8994,10.0,0.0652,1.0017,0.1343,2.3499,0.0911,2.1814,0.0629,2.0208,0.0,0.0,0.0,29.9809,25.0,25.0,38.0,37.0,16.0,0.0,0.0,0.0,0.0,62.5828,0.0,45.1732,0.0,0.0
20917.0,1.4775,0.0597,1.0,2.5444,350.2509,1.7983,0.7983,2.3748,1.3748,20.3968,1.8159,19.9646,1.7986,100.0,0.0,0.0,0.0,25.125,0.0,26.25,0.0,26.125,0.0,25.25,10.0,0.0,0.008,53.091,5.3091,2.0,267.7779,1.9711,0.6473,1.4342,0.5255,1.421,0.0006,1.9341,0.0011,1.9027,10.0,0.0636,1.0017,0.104,2.2389,0.085,2.1515,0.0718,2.0778,0.0,0.0,0.0,29.9801,25.0,25.0,38.0,37.0,14.0,0.0,0.0,0.0,0.0,62.5825,0.0,45.1723,0.0,0.0
20918.0,1.5665,0.0708,1.0,2.5444,350.2535,1.7982,0.7982,2.375,1.375,20.5493,1.822,19.9582,1.7983,100.0,0.0,0.0,0.0,25.25,0.0,26.375,0.0,26.125,0.0,25.25,10.0,0.0,0.0085,53.0905,5.309,2.0,272.5696,1.9742,0.7063,1.4407,0.5394,1.4225,0.0006,1.9358,0.0011,1.9068,10.0,0.0655,1.0017,0.1004,2.2236,0.0837,2.1447,0.0711,2.0735,0.0,0.0,0.0,29.9812,25.0,25.0,38.0,37.0,13.0,0.0,0.0,0.0,0.0,62.5823,0.0,45.1725,0.0,0.0
20919.0,1.614,0.0768,1.0,2.5442,350.1072,1.7987,0.7987,2.3752,1.3752,20.5128,1.8205,19.9469,1.7979,100.0,0.0,0.0,0.0,25.125,0.0,26.375,0.0,26.125,0.0,25.25,10.0,0.0,0.0083,53.0905,5.309,2.0,275.9728,1.9763,0.7389,1.4442,0.5525,1.4239,0.0006,1.9372,0.0011,1.909,10.0,0.0654,1.0017,0.1009,2.2257,0.0877,2.1647,0.0798,2.1236,0.0,0.0,0.0,29.9815,25.0,25.0,38.0,37.0,16.0,0.0,0.0,0.0,0.0,62.5831,0.0,45.1735,0.0,0.0
20920.0,1.6458,0.0807,1.0,2.5441,349.9964,1.7988,0.7988,2.3748,1.3748,20.3988,1.816,19.9512,1.798,100.0,0.0,0.0,0.0,25.125,0.0,26.375,0.0,26.125,0.0,25.25,10.0,0.0,0.008,53.0905,5.309,2.0,277.278,1.9772,0.7021,1.4402,0.5782,1.4267,0.0006,1.9394,0.0011,1.9129,10.0,0.0642,1.0017,0.1782,2.4728,0.0718,2.0778,0.0686,2.0581,0.0,0.0,0.0,29.9815,25.0,25.0,38.0,37.0,13.0,0.0,0.0,0.0,0.0,62.5835,0.0,45.1734,0.0,0.0
20921.0,1.6611,0.0826,1.0,2.5441,350.0567,1.7991,0.7991,2.3745,1.3745,20.3019,1.8121,19.9529,1.7981,100.0,0.0,0.0,0.0,25.0,0.0,26.375,0.0,26.0,0.0,25.25,10.0,0.0,0.0075,53.0901,5.309,2.0,278.0125,1.9776,0.5967,1.4287,0.5907,1.4281,0.0006,1.9411,0.0011,1.9153,10.0,0.0658,1.0018,0.1621,2.4315,0.0737,2.0895,0.0641,2.0285,0.0,0.0,0.0,29.9815,26.0,25.0,38.0,37.0,12.0,0.0,0.0,0.0,0.0,62.5833,0.0,45.1733,0.0,0.0
20922.0,1.6719,0.084,1.0,2.5441,349.9938,1.7983,0.7983,2.3748,1.3748,20.3972,1.8159,19.964,1.7986,100.0,0.0,0.0,0.0,25.0,0.0,26.375,0.0,26.125,0.0,25.25,10.0,0.0,0.0082,53.09,5.309,2.0,278.4155,1.9779,0.6768,1.4375,0.6072,1.4299,0.0006,1.943,0.0011,1.9194,10.0,0.064,1.0017,0.1567,2.4169,0.0753,2.0984,0.0709,2.0725,0.0,0.0,0.0,29.9816,26.0,25.0,38.0,37.0,14.0,0.0,0.0,0.0,0.0,62.583,0.0,45.1731,0.0,0.0
20923.0,1.6777,0.0847,1.0,2.544,349.9525,1.7982,0.7982,2.3749,1.3749,20.5302,1.8212,19.9608,1.7984,100.0,0.0,0.0,0.0,25.125,0.0,26.25,0.0,26.125,0.0,25.25,10.0,0.0,0.0079,53.0894,5.3089,2.0,280.7672,1.9793,0.6504,1.4346,0.6182,1.4311,0.0006,1.9447,0.0011,1.9216,10.0,0.0616,1.0016,0.1343,2.3501,0.0717,2.0774,0.0627,2.0194,0.0,0.0,0.0,29.9815,26.0,25.0,38.0,37.0,12.0,0.0,0.0,0.0,0.0,62.5827,0.0,45.1734,0.0,0.0
20924.0,1.6751,0.0844,1.0,2.5441,349.9866,1.7987,0.7987,2.3752,1.3752,20.5038,1.8202,19.9474,1.7979,100.0,0.0,0.0,0.0,25.125,0.0,26.25,0.0,26.125,0.0,25.125,10.0,0.0,0.0088,53.0891,5.3089,2.0,283.1451,1.9808,0.6349,1.4329,0.6219,1.4315,0.0006,1.9462,0.0011,1.9264,10.0,0.0591,1.0016,0.1541,2.4096,0.0653,2.0365,0.069,2.0606,0.0,0.0,0.0,29.9805,26.0,25.0,38.0,37.0,13.0,0.0,0.0,0.0,0.0,62.5828,0.0,45.1728,0.0,0.0
20925.0,1.6762,0.0845,1.0,2.5438,349.7508,1.7984,0.7984,2.3752,1.3752,20.4075,1.8163,19.9406,1.7976,100.0,0.0,0.0,0.0,25.125,0.0,26.375,0.0,26.125,0.0,25.25,10.0,0.0,0.0087,53.0889,5.3089,2.0,284.9669,1.9819,0.6497,1.4345,0.6228,1.4316,0.0006,1.9476,0.0011,1.9302,10.0,0.0583,1.0016,0.1421,2.3744,0.0636,2.0253,0.068,2.0542,0.0,0.0,0.0,29.9811,26.0,25.0,38.0,37.0,13.0,0.0,0.0,0.0,0.0,62.583,0.0,45.1736,0.0,0.0
20926.0,1.6772,0.0846,1.0,2.5438,349.8027,1.7983,0.7983,2.3749,1.3749,20.3033,1.8121,19.9323,1.7973,100.0,0.0,0.0,0.0,25.125,0.0,26.375,0.0,26.25,0.0,25.25,10.0,0.0,0.0089,53.0887,5.3089,2.0,285.2255,1.9821,0.6302,1.4324,0.6238,1.4317,0.0006,1.9491,0.0011,1.9324,10.0,0.0617,1.0016,0.1389,2.3645,0.0599,1.9992,0.0623,2.0163,0.0,0.0,0.0,29.9817,25.0,25.0,38.0,37.0,15.0,0.0,0.0,0.0,0.0,62.5834,0.0,45.1739,0.0,0.0
20927.0,1.6773,0.0847,1.0,2.5443,350.2158,1.798,0.798,2.3748,1.3748,20.3791,1.8152,19.9548,1.7982,100.0,0.0,0.0,0.0,25.25,0.0,26.375,0.0,26.125,0.0,25.25,10.0,0.0,0.0082,53.0886,5.3089,2.0,289.2758,1.9845,0.7216,1.4424,0.63,1.4324,0.0006,1.951,0.0011,1.9355,10.0,0.0662,1.0018,0.1305,2.3375,0.0628,2.0197,0.068,2.0541,0.0,0.0,0.0,29.9813,25.0,25.0,38.0,37.0,15.0,0.0,0.0,0.0,0.0,62.5832,0.0,45.1732,0.0,0.0
20928.0,1.6772,0.0846,1.0,2.5444,350.2994,1.7978,0.7978,2.3749,1.3749,20.5264,1.8211,19.9536,1.7981,100.0,0.0,0.0,0.0,25.125,0.0,26.375,0.0,26.125,0.0,25.375,10.0,0.0,0.0089,53.0886,5.3089,2.0,291.8664,1.9861,0.6629,1.436,0.6348,1.4329,0.0006,1.9523,0.0011,1.9389,10.0,0.0642,1.0017,0.1234,2.3133,0.0564,1.9734,0.0641,2.029,0.0,0.0,0.0,29.9818,25.0,25.0,38.0,37.0,15.0,0.0,0.0,0.0,0.0,62.5836,0.0,45.1738,0.0,0.0
20929.0,1.6782,0.0848,1.0,2.5441,350.0524,1.7986,0.7986,2.3749,1.3749,20.4474,1.8179,19.9439,1.7978,100.0,0.0,0.0,0.0,25.25,0.0,26.25,0.0,26.125,0.0,25.125,10.0,0.0,0.0085,53.0882,5.3088,2.0,293.1582,1.9868,0.5858,1.4275,0.6473,1.4343,0.0006,1.9555,0.0011,1.9451,10.0,0.0636,1.0017,0.1823,2.4827,0.0509,1.9282,0.0556,1.9671,0.0,0.0,0.0,29.9814,25.0,25.0,38.0,37.0,14.0,0.0,0.0,0.0,0.0,62.5836,0.0,45.1738,0.0,0.0
20930.0,1.6782,0.0848,1.0,2.5441,349.9888,1.7987,0.7987,2.3748,1.3748,20.4198,1.8168,19.9441,1.7978,100.0,0.0,0.0,0.0,25.125,0.0,26.375,0.0,26.125,0.0,25.25,10.0,0.0,0.0083,53.088,5.3088,2.0,293.2186,1.9869,0.556,1.4243,0.6421,1.4337,0.0006,1.9557,0.0011,1.9463,10.0,0.0637,1.0017,0.1639,2.4365,0.0496,1.9173,0.0585,1.989,0.0,0.0,0.0,29.9807,25.0,25.0,38.0,37.0,15.0,0.0,0.0,0.0,0.0,62.5821,0.0,45.1727,0.0,0.0
20931.0,1.6797,0.085,1.0,2.5439,349.8262,1.7988,0.7988,2.3749,1.3749,20.3004,1.812,19.9429,1.7977,100.0,0.0,0.0,0.0,25.125,0.0,26.375,0.0,26.25,0.0,25.25,10.0,0.0,0.008,53.0877,5.3088,2.0,294.6855,1.9877,0.556,1.4243,0.6426,1.4337,0.0006,1.9572,0.0011,1.9493,10.0,0.0617,1.0016,0.1696,2.4514,0.0492,1.9135,0.0722,2.0802,0.0,0.0,0.0,29.9814,25.0,25.0,38.0,37.0,13.0,0.0,0.0,0.0,0.0,62.5828,0.0,45.1734,0.0,0.0
20932.0,1.6686,0.0836,1.0,2.5439,349.8356,1.7984,0.7984,2.3744,1.3744,20.3457,1.8138,19.9694,1.7988,100.0,0.0,0.0,0.0,25.125,0.0,26.375,0.0,26.125,0.0,25.25,10.0,0.0,0.008,53.0873,5.3087,2.0,294.3722,1.9876,0.5049,1.4187,0.6462,1.4341,0.0006,1.9585,0.0011,1.9522,10.0,0.0571,1.0015,0.1998,2.5224,0.0426,1.8508,0.0687,2.0587,0.0,0.0,0.0,29.9811,25.0,25.0,38.0,37.0,14.0,0.0,0.0,0.0,0.0,62.5827,0.0,45.1734,0.0,0.0
20933.0,1.6598,0.0825,1.0,2.5442,350.105,1.7981,0.7981,2.3744,1.3744,20.5071,1.8203,19.9741,1.799,100.0,0.0,0.0,0.0,25.125,0.0,26.375,0.0,26.0,0.0,25.25,10.0,0.0,0.008,53.0875,5.3088,2.0,295.9184,1.9885,0.5075,1.419,0.6272,1.4321,0.0006,1.9597,0.0011,1.9552,10.0,0.0604,1.0016,0.2269,2.5777,0.051,1.9298,0.0634,2.0238,0.0,0.0,0.0,29.9816,25.0,25.0,38.0,37.0,15.0,0.0,0.0,0.0,0.0,62.5831,0.0,45.1738,0.0,0.0
20934.0,1.6554,0.0819,1.0,2.544,349.9438,1.7986,0.7986,2.3752,1.3752,20.5205,1.8208,19.9524,1.7981,100.0,0.0,0.0,0.0,25.125,0.0,26.375,0.0,26.125,0.0,25.25,10.0,0.0,0.0091,53.0873,5.3087,2.0,294.4672,1.9876,0.4447,1.4122,0.6417,1.4336,0.0006,1.9614,0.0011,1.9584,10.0,0.0622,1.0017,0.2126,2.5493,0.0421,1.8461,0.0609,2.0062,0.0,0.0,0.0,29.9817,26.0,25.0,38.0,37.0,12.0,0.0,0.0,0.0,0.0,62.5833,0.0,45.1735,0.0,0.0
20935.0,1.6521,0.0815,1.0,2.544,349.916,1.7989,0.7989,2.3748,1.3748,20.4371,1.8175,19.9536,1.7981,100.0,0.0,0.0,0.0,25.125,0.0,26.375,0.0,26.125,0.0,25.25,10.0,0.0,0.0082,53.087,5.3087,2.0,297.0916,1.9892,0.4091,1.4083,0.6446,1.434,0.0006,1.963,0.0011,1.9625,10.0,0.0579,1.0015,0.1848,2.4885,0.0415,1.8398,0.0689,2.0602,0.0,0.0,0.0,29.9816,26.0,25.0,38.0,37.0,15.0,0.0,0.0,0.0,0.0,62.583,0.0,45.1733,0.0,0.0
20936.0,1.6513,0.0814,1.0,2.544,349.9472,1.7992,0.7992,2.3747,1.3747,20.341,1.8136,19.9506,1.798,100.0,0.0,0.0,0.0,25.125,0.0,26.375,0.0,26.125,0.0,25.25,10.0,0.0,0.0081,53.0867,5.3087,2.0,296.3378,1.9887,0.4217,1.4096,0.6377,1.4332,0.0006,1.9642,0.0011,1.9648,10.0,0.0565,1.0015,0.1864,2.4922,0.0363,1.7819,0.0658,2.0398,0.0,0.0,0.0,29.9811,26.0,25.0,38.0,37.0,13.0,0.0,0.0,0.0,0.0,62.5831,0.0,45.1734,0.0,0.0
20937.0,1.6532,0.0817,1.0,2.5436,349.6023,1.7987,0.7987,2.3747,1.3747,20.3227,1.8129,19.9551,1.7982,100.0,0.0,0.0,0.0,25.125,0.0,26.375,0.0,26.125,0.0,25.25,10.0,0.0,0.0093,53.0866,5.3086,2.0,300.3432,1.991,0.5863,1.4276,0.6379,1.4332,0.0006,1.9656,0.0011,1.9682,10.0,0.0556,1.0015,0.1488,2.3944,0.1447,2.3824,0.0712,2.0745,0.0,0.0,0.0,29.9813,26.0,25.0,38.0,37.0,15.0,0.0,0.0,0.0,0.0,62.5827,0.0,45.1733,0.0,0.0
20938.0,1.6565,0.0821,1.0,2.544,349.9182,1.7978,0.7978,2.3748,1.3748,20.5037,1.8201,19.9656,1.7986,100.0,0.0,0.0,0.0,25.125,0.0,26.375,0.0,26.0,0.0,25.25,10.0,0.0,0.0076,53.0865,5.3087,2.0,303.3092,1.9928,0.5584,1.4246,0.6332,1.4327,0.0006,1.9673,0.0012,1.972,10.0,0.0597,1.0016,0.1593,2.424,0.153,2.4064,0.0608,2.0055,0.0,0.0,0.0,29.9819,26.0,25.0,38.0,37.0,15.0,0.0,0.0,0.0,0.0,62.5831,0.0,45.174,0.0,0.0
20939.0,1.6596,0.0824,1.0,2.5441,350.051,1.7985,0.7985,2.3749,1.3749,20.5306,1.8212,19.9504,1.798,100.0,0.0,0.0,0.0,25.0,0.0,26.375,0.0,26.125,0.0,25.25,10.0,0.0,0.0081,53.0861,5.3086,2.0,305.9416,1.9943,0.62,1.4313,0.6408,1.4335,0.0006,1.9689,0.0012,1.9755,10.0,0.0635,1.0017,0.1713,2.4555,0.1343,2.35,0.054,1.954,0.0,0.0,0.0,29.9818,26.0,25.0,38.0,37.0,13.0,0.0,0.0,0.0,0.0,62.5832,16.0,45.1762,0.0,0.0
20940.0,1.6642,0.083,1.0,2.544,349.9119,1.7987,0.7987,2.3747,1.3747,20.4602,1.8184,19.9523,1.7981,100.0,0.0,0.0,0.0,25.125,0.0,26.375,0.0,26.125,0.0,25.25,10.0,0.0,0.0085,53.0858,5.3085,2.0,308.5965,1.9958,0.6315,1.4325,0.64,1.4335,0.0007,1.97,0.0012,1.9783,10.0,0.0581,1.0015,0.1376,2.3605,0.1184,2.2952,0.0595,1.9965,0.0,0.0,0.0,29.9824,26.0,25.0,38.0,37.0,13.0,0.0,0.0,0.0,0.0,62.5839,16.0,45.327,0.0,0.0
20941.0,1.6703,0.0838,1.0,2.5439,349.8805,1.7992,0.7992,2.3747,1.3747,20.3438,1.8138,19.9515,1.7981,100.0,0.0,0.0,0.0,25.125,0.0,26.375,0.0,26.125,0.0,25.25,10.0,0.0,0.0085,53.0858,5.3085,2.0,311.0199,1.9971,0.6446,1.434,0.6404,1.4335,0.0007,1.9717,0.0012,1.9815,10.0,0.0553,1.0015,0.1346,2.3509,0.1269,2.3252,0.0544,1.9574,0.0,0.0,0.0,29.9818,26.0,25.0,38.0,37.0,13.0,0.0,0.0,0.0,0.0,62.5838,0.0,45.5329,0.0,0.0
20942.0,1.6755,0.0844,1.0,2.544,349.9427,1.7986,0.7986,2.3744,1.3744,20.3208,1.8128,19.9616,1.7985,100.0,0.0,0.0,0.0,25.125,0.0,26.375,0.0,26.125,0.0,25.25,10.0,0.0,0.0082,53.0854,5.3085,2.0,315.0013,1.9993,0.7024,1.4403,0.6228,1.4316,0.0007,1.9728,0.0012,1.9852,10.0,0.0566,1.0015,0.139,2.3648,0.1057,2.2461,0.0499,1.9202,0.0,0.0,0.0,29.981,26.0,25.0,38.0,37.0,14.0,0.0,0.0,0.0,0.0,62.5834,0.0,45.5606,0.0,0.0
20943.0,1.679,0.0849,1.0,2.5436,349.6572,1.7982,0.7982,2.3743,1.3743,20.4756,1.819,19.9664,1.7987,100.0,0.0,0.0,0.0,25.125,0.0,26.375,0.0,26.125,0.0,25.25,10.0,0.0,0.0086,53.0853,5.3085,2.0,316.1086,1.9999,0.6846,1.4383,0.6118,1.4304,0.0007,1.9741,0.0012,1.9879,10.0,0.0532,1.0014,0.1357,2.3545,0.1085,2.2572,0.0518,1.9363,0.0,0.0,0.0,29.9813,25.0,25.0,38.0,37.0,14.0,0.0,0.0,0.0,0.0,62.5829,0.0,45.5606,0.0,0.0
20944.0,1.6832,0.0854,1.0,2.5438,349.8063,1.798,0.798,2.3748,1.3748,20.5383,1.8215,19.944,1.7978,100.0,0.0,0.0,0.0,25.25,0.0,26.25,0.0,26.0,0.0,25.25,10.0,0.0,0.0085,53.085,5.3085,2.0,318.8522,2.0014,0.6837,1.4382,0.6062,1.4298,0.0007,1.9753,0.0012,1.9914,10.0,0.0538,1.0014,0.1247,2.3178,0.1006,2.2245,0.0515,1.9332,0.0,0.0,0.0,29.9813,25.0,25.0,38.0,37.0,12.0,0.0,0.0,0.0,0.0,62.5833,0.0,45.5611,0.0,0.0
20945.0,1.6853,0.0857,1.0,2.544,349.9544,1.7984,0.7984,2.3751,1.3751,20.4591,1.8184,19.9362,1.7974,100.0,0.0,0.0,0.0,25.125,0.0,26.375,0.0,26.125,0.0,25.375,10.0,0.0,0.0085,53.0846,5.3084,2.0,319.5496,2.0018,0.5938,1.4284,0.6021,1.4293,0.0007,1.9766,0.0012,1.9946,10.0,0.0559,1.0015,0.1091,2.2597,0.1025,2.2326,0.0493,1.9144,0.0,0.0,0.0,29.9814,25.0,25.0,38.0,37.0,14.0,0.0,0.0,0.0,0.0,62.583,0.0,45.5608,0.0,0.0
20946.0,1.6866,0.0858,1.0,2.5439,349.8903,1.7988,0.7988,2.3747,1.3747,20.3731,1.8149,19.9416,1.7977,100.0,0.0,0.0,0.0,25.25,0.0,26.375,0.0,26.125,0.0,25.125,10.0,0.0,0.0083,53.0845,5.3084,2.0,319.7111,2.0019,0.578,1.4267,0.6014,1.4292,0.0007,1.9779,0.0012,1.9975,10.0,0.0568,1.0015,0.1046,2.2414,0.0985,2.2155,0.0482,1.9046,0.0,0.0,0.0,29.9823,25.0,25.0,38.0,37.0,13.0,0.0,0.0,0.0,0.0,62.5833,0.0,45.5606,0.0,0.0
20947.0,1.6866,0.0858,1.0,2.5443,350.1665,1.7987,0.7987,2.3745,1.3745,20.3054,1.8122,19.9485,1.7979,100.0,0.0,0.0,0.0,25.125,0.0,26.375,0.0,26.125,0.0,25.25,10.0,0.0,0.0091,53.0845,5.3085,2.0,320.6549,2.0024,0.5841,1.4274,0.5978,1.4288,0.0007,1.9794,0.0012,2.0009,10.0,0.0583,1.0016,0.1016,2.2287,0.1095,2.2614,0.0461,1.8857,0.0,0.0,0.0,29.9819,26.0,25.0,38.0,37.0,14.0,0.0,0.0,0.0,0.0,62.5837,0.0,45.561,0.0,0.0
20948.0,1.6866,0.0858,1.0,2.5443,350.1793,1.7983,0.7983,2.374,1.374,20.4258,1.817,19.9657,1.7986,100.0,0.0,0.0,0.0,25.125,0.0,26.375,0.0,26.0,0.0,25.25,10.0,0.0,0.0093,53.0844,5.3084,2.0,326.1318,2.0054,0.7246,1.4427,0.5971,1.4288,0.0007,1.9806,0.0012,2.0053,10.0,0.0618,1.0016,0.1105,2.2652,0.0802,2.1258,0.0444,1.8692,0.0,0.0,0.0,29.9826,26.0,25.0,38.0,37.0,13.0,0.0,0.0,0.0,0.0,62.5833,0.0,45.561,0.0,0.0
20949.0,1.6856,0.0857,1.0,2.5439,349.849,1.7983,0.7983,2.3747,1.3747,20.5408,1.8216,19.9545,1.7982,100.0,0.0,0.0,0.0,25.375,0.0,26.375,0.0,26.0,0.0,25.25,10.0,0.0,0.0754,53.0832,5.3079,2.0,330.0638,2.0074,0.7682,1.4474,0.5991,1.429,0.0007,1.982,0.0012,2.0073,10.0,0.0576,1.0015,0.0885,2.1686,0.0945,2.1974,0.0396,1.8192,0.0,0.0,0.0,29.9824,26.0,25.0,38.0,37.0,13.0,0.0,0.0,0.0,0.0,62.5841,0.0,45.5613,0.0,0.0
20950.0,1.6856,0.0857,1.0,2.5435,349.5075,1.7987,0.7987,2.3748,1.3748,20.4967,1.8199,19.9467,1.7979,100.0,0.0,0.0,0.0,25.125,0.0,26.375,0.0,26.125,0.0,25.0,10.0,0.0,0.0086,53.0748,5.3074,2.0,336.1661,2.0106,0.9085,1.4627,0.6106,1.4302,0.0007,1.9835,0.0012,2.0111,10.0,0.0538,1.0014,0.0801,2.1257,0.0832,2.142,0.0566,1.9749,0.0,0.0,0.0,29.9818,26.0,25.0,38.0,37.0,14.0,0.0,0.0,0.0,0.0,62.5842,0.0,45.5616,0.0,0.0
20951.0,1.6846,0.0856,1.0,2.544,349.9357,1.7988,0.7988,2.3747,1.3747,20.3865,1.8155,19.9412,1.7976,100.0,0.0,0.0,0.0,25.125,0.0,26.25,0.0,26.125,0.0,25.25,10.0,0.0,0.0078,53.0751,5.3076,2.0,340.0803,2.0126,0.904,1.4623,0.6298,1.4323,0.0007,1.9857,0.0012,2.0159,10.0,0.0549,1.0015,0.074,2.0911,0.0776,2.1115,0.0678,2.0533,0.0,0.0,0.0,29.9815,25.0,25.0,38.0,37.0,13.0,0.0,0.0,0.0,0.0,62.5842,0.0,45.5614,0.0,0.0
20952.0,1.6846,0.0856,1.0,2.544,349.9508,1.7987,0.7987,2.3745,1.3745,20.2942,1.8118,19.9534,1.7981,100.0,0.0,0.0,0.0,25.125,0.0,26.375,0.0,26.125,0.0,25.125,10.0,0.0,0.0089,53.0755,5.3076,2.0,342.1144,2.0137,0.845,1.4558,0.6345,1.4329,0.0007,1.9872,0.0012,2.0196,10.0,0.0561,1.0015,0.0826,2.1387,0.0707,2.0711,0.0751,2.0974,0.0,0.0,0.0,29.9815,25.0,25.0,38.0,37.0,14.0,0.0,0.0,0.0,0.0,62.5833,0.0,45.5609,0.0,0.0
20953.0,1.6854,0.0857,1.0,2.5442,350.0668,1.7982,0.7982,2.3744,1.3744,20.4198,1.8168,19.9665,1.7987,100.0,0.0,0.0,0.0,25.125,0.0,26.5,0.0,26.125,0.0,25.25,10.0,0.0,0.0092,53.0759,5.3076,2.0,342.8284,2.014,0.7953,1.4504,0.6423,1.4337,0.0007,1.989,0.0012,2.0246,10.0,0.0569,1.0015,0.1307,2.3381,0.0658,2.0398,0.0726,2.0826,0.0,0.0,0.0,29.9817,25.0,25.0,38.0,37.0,14.0,0.0,0.0,0.0,0.0,62.5832,0.0,45.5606,0.0,0.0
20954.0,1.6856,0.0857,1.0,2.5442,350.1276,1.7986,0.7986,2.3747,1.3747,20.5414,1.8217,19.9668,1.7987,100.0,0.0,0.0,0.0,25.0,0.0,26.375,0.0,26.125,0.0,25.25,10.0,0.0,0.0084,53.0764,5.3076,2.0,346.608,2.0159,0.8568,1.4571,0.6579,1.4354,0.0007,1.9909,0.0012,2.0282,10.0,0.0583,1.0016,0.1392,2.3655,0.0607,2.0047,0.0668,2.0468,0.0,0.0,0.0,29.9813,25.0,25.0,38.0,37.0,13.0,0.0,0.0,0.0,0.0,62.5836,0.0,45.5605,0.0,0.0
20955.0,1.6866,0.0858,1.0,2.5444,350.2571,1.7991,0.7991,2.3748,1.3748,20.499,1.82,19.9574,1.7983,100.0,0.0,0.0,0.0,25.125,0.0,26.375,0.0,26.125,0.0,25.125,10.0,0.0,0.0092,53.0766,5.3077,2.0,349.3675,2.0173,0.8075,1.4517,0.6704,1.4368,0.0007,1.9925,0.0012,2.0325,10.0,0.0611,1.0016,0.1308,2.3386,0.0677,2.0526,0.0605,2.0036,0.0,0.0,0.0,29.9818,26.0,25.0,38.0,37.0,15.0,0.0,0.0,0.0,0.0,62.5835,0.0,45.5605,0.0,0.0
20956.0,1.6856,0.0857,1.0,2.5444,350.2497,1.7988,0.7988,2.3748,1.3748,20.3963,1.8159,19.9428,1.7977,100.0,0.0,0.0,0.0,25.125,0.0,26.375,0.0,26.125,0.0,25.25,10.0,0.0,0.0088,53.0766,5.3076,2.0,350.0077,2.0176,0.7276,1.443,0.6906,1.439,0.0007,1.9948,0.0012,2.0372,10.0,0.0608,1.0016,0.1281,2.3295,0.0558,1.9684,0.0658,2.0401,0.0,0.0,0.0,29.9815,26.0,25.0,38.0,37.0,12.0,0.0,0.0,0.0,0.0,62.5832,0.0,45.5608,0.0,0.0
20957.0,1.6856,0.0857,1.0,2.5444,350.2353,1.7987,0.7987,2.3746,1.3746,20.3027,1.8121,19.9508,1.798,100.0,0.0,0.0,0.0,25.125,0.0,26.375,0.0,26.125,0.0,25.25,10.0,0.0,0.0087,53.0765,5.3077,2.0,353.1397,2.0192,0.8011,1.451,0.7027,1.4403,0.0007,1.9967,0.0012,2.0421,10.0,0.0619,1.0017,0.1267,2.3246,0.0495,1.9166,0.0611,2.0079,0.0,0.0,0.0,29.9814,26.0,25.0,38.0,37.0,14.0,0.0,0.0,0.0,0.0,62.5834,0.0,45.5605,0.0,0.0
20958.0,1.6856,0.0857,1.0,2.5443,350.2144,1.7983,0.7983,2.3744,1.3744,20.3725,1.8149,19.9611,1.7984,100.0,0.0,0.0,0.0,25.125,0.0,26.375,0.0,26.125,0.0,25.25,10.0,0.0,0.0085,53.0762,5.3076,2.0,357.6048,2.0214,0.7595,1.4465,0.7161,1.4418,0.0007,1.9985,0.0012,2.0467,10.0,0.0587,1.0016,0.1107,2.2659,0.1486,2.3938,0.0693,2.0627,0.0,0.0,0.0,29.9813,26.0,25.0,38.0,37.0,14.0,0.0,0.0,0.0,0.0,62.5827,0.0,45.5603,0.0,0.0
20959.0,1.6856,0.0857,1.0,2.5443,350.2129,1.7982,0.7982,2.3746,1.3746,20.5348,1.8214,19.9614,1.7985,100.0,0.0,0.0,0.0,25.125,0.0,26.375,0.0,26.125,0.0,25.25,10.0,0.0,0.0088,53.0757,5.3075,2.0,358.7039,2.0219,0.7356,1.4439,0.7184,1.442,0.0007,2.0003,0.0012,2.0514,10.0,0.0609,1.0016,0.1073,2.2523,0.1362,2.356,0.0754,2.099,0.0,0.0,0.0,29.981,25.0,25.0,38.0,38.0,12.0,0.0,0.0,0.0,0.0,62.5833,0.0,45.56,0.0,0.0
20960.0,1.6856,0.0857,1.0,2.544,349.963,1.7986,0.7986,2.3748,1.3748,20.5126,1.8205,19.9492,1.798,100.0,0.0,0.0,0.0,25.125,0.0,26.375,0.0,26.125,0.0,25.25,10.0,0.0,0.008,53.0761,5.3076,2.0,357.8365,2.0215,0.6731,1.4371,0.7267,1.4429,0.0007,2.002,0.0013,2.0567,10.0,0.0573,1.0015,0.1062,2.2478,0.1355,2.3537,0.0652,2.0359,0.0,0.0,0.0,29.9811,25.0,25.0,38.0,38.0,12.0,0.0,0.0,0.0,0.0,62.5832,0.0,45.5606,0.0,0.0
20961.0,1.6835,0.0854,1.0,2.544,349.9849,1.7988,0.7988,2.3748,1.3748,20.4089,1.8164,19.944,1.7978,100.0,0.0,0.0,0.0,25.125,0.0,26.375,0.0,26.125,0.0,25.25,10.0,0.0,0.0086,53.0762,5.3076,2.0,362.2039,2.0236,0.7109,1.4412,0.7418,1.4446,0.0008,2.0042,0.0013,2.0613,10.0,0.0568,1.0015,0.1042,2.2397,0.1345,2.3507,0.0603,2.0025,0.0,0.0,0.0,29.981,25.0,25.0,38.0,38.0,12.0,0.0,0.0,0.0,0.0,62.5831,0.0,45.5602,0.0,0.0
20962.0,1.6826,0.0853,1.0,2.544,349.9196,1.7988,0.7988,2.3743,1.3743,20.2964,1.8119,19.9415,1.7977,100.0,0.0,0.0,0.0,25.25,0.0,26.375,0.0,26.0,0.0,25.25,10.0,0.0,0.0088,53.0758,5.3076,2.0,366.4435,2.0256,0.7656,1.4472,0.7409,1.4445,0.0008,2.006,0.0013,2.0669,10.0,0.0579,1.0015,0.0811,2.1311,0.1073,2.2526,0.0648,2.0334,0.0,0.0,0.0,29.9811,25.0,25.0,38.0,38.0,13.0,0.0,0.0,0.0,0.0,62.5834,0.0,45.5601,0.0,0.0
20963.0,1.6805,0.0851,1.0,2.544,349.963,1.7984,0.7984,2.3745,1.3745,20.3685,1.8147,19.9614,1.7985,100.0,0.0,0.0,0.0,25.125,0.0,26.375,0.0,26.125,0.0,25.375,10.0,0.0,0.0083,53.0756,5.3075,2.0,369.4228,2.027,0.7954,1.4504,0.7337,1.4437,0.0008,2.0076,0.0013,2.0717,10.0,0.0573,1.0015,0.0888,2.1704,0.1202,2.3018,0.0766,2.1058,0.0,0.0,0.0,29.9809,25.0,25.0,38.0,37.0,14.0,0.0,0.0,0.0,0.0,62.583,0.0,45.5602,0.0,0.0
20964.0,1.6795,0.0849,1.0,2.544,349.9186,1.7982,0.7982,2.3745,1.3745,20.529,1.8212,19.9632,1.7985,100.0,0.0,0.0,0.0,25.25,0.0,26.375,0.0,26.125,0.0,25.25,10.0,0.0,0.0092,53.0757,5.3076,2.0,371.9196,2.0282,0.6914,1.4391,0.7377,1.4441,0.0008,2.0094,0.0013,2.0764,10.0,0.0576,1.0015,0.0702,2.0679,0.1106,2.2657,0.0744,2.0936,0.0,0.0,0.0,29.9812,25.0,25.0,38.0,37.0,13.0,0.0,0.0,0.0,0.0,62.5827,0.0,45.5602,0.0,0.0
20965.0,1.6793,0.0849,1.0,2.5441,349.9986,1.7986,0.7986,2.3748,1.3748,20.5247,1.821,19.9491,1.798,100.0,0.0,0.0,0.0,25.125,0.0,26.375,0.0,26.25,0.0,25.25,10.0,0.0,0.0088,53.0759,5.3076,2.0,373.8711,2.0291,0.736,1.4439,0.7342,1.4437,0.0008,2.0109,0.0013,2.0799,10.0,0.0598,1.0016,0.0799,2.1245,0.1068,2.2505,0.0649,2.0344,0.0,0.0,0.0,29.981,25.0,25.0,38.0,37.0,13.0,0.0,0.0,0.0,0.0,62.5832,0.0,45.5607,0.0,0.0
20966.0,1.6795,0.0849,1.0,2.5442,350.1031,1.7987,0.7987,2.3748,1.3748,20.4294,1.8172,19.9434,1.7977,100.0,0.0,0.0,0.0,25.125,0.0,26.375,0.0,26.125,0.0,25.25,10.0,0.0,0.0077,53.0758,5.3076,2.0,378.1071,2.031,0.8703,1.4586,0.7268,1.4429,0.0008,2.0126,0.0013,2.0859,10.0,0.0592,1.0016,0.0635,2.0247,0.1119,2.2706,0.0665,2.0449,0.0,0.0,0.0,29.9809,25.0,25.0,38.0,37.0,13.0,0.0,0.0,0.0,0.0,62.5827,0.0,45.5605,0.0,0.0
20967.0,1.6804,0.085,1.0,2.544,349.9131,1.7984,0.7984,2.3746,1.3746,20.3257,1.813,19.939,1.7976,100.0,0.0,0.0,0.0,25.125,0.0,26.375,0.0,26.125,0.0,25.25,10.0,0.0,0.0085,53.0752,5.3075,2.0,380.6589,2.0322,0.7408,1.4445,0.7139,1.4415,0.0008,2.0139,0.0013,2.0897,10.0,0.0576,1.0015,0.0768,2.1074,0.0908,2.1799,0.0716,2.0769,0.0,0.0,0.0,29.9806,25.0,25.0,38.0,38.0,14.0,0.0,0.0,0.0,0.0,62.5831,0.0,45.56,0.0,0.0
20968.0,1.6804,0.085,1.0,2.5438,349.8135,1.7981,0.7981,2.3744,1.3744,20.3412,1.8136,19.949,1.798,100.0,0.0,0.0,0.0,25.125,0.0,26.5,0.0,26.125,0.0,25.25,10.0,0.0,0.008,53.0751,5.3075,2.0,382.4105,2.033,0.7691,1.4475,0.7116,1.4413,0.0008,2.0155,0.0013,2.0941,10.0,0.0607,1.0016,0.155,2.4122,0.0822,2.1365,0.0644,2.0309,0.0,0.0,0.0,29.9804,25.0,25.0,38.0,38.0,15.0,0.0,0.0,0.0,0.0,62.5829,0.0,45.5604,0.0,0.0
20969.0,1.6804,0.085,1.0,2.544,349.9227,1.7978,0.7978,2.3744,1.3744,20.4926,1.8197,19.9653,1.7986,100.0,0.0,0.0,0.0,25.125,0.0,26.375,0.0,26.0,0.0,25.25,10.0,0.0,0.0082,53.0749,5.3074,2.0,386.6339,2.0349,0.7697,1.4476,0.7016,1.4402,0.0008,2.0168,0.0013,2.0983,10.0,0.06,1.0016,0.1414,2.3724,0.1998,2.5225,0.0665,2.0448,0.0,0.0,0.0,29.9807,25.0,25.0,38.0,38.0,14.0,0.0,0.0,0.0,0.0,62.5831,0.0,45.5603,0.0,0.0
20970.0,1.6796,0.0849,1.0,2.544,349.9587,1.7986,0.7986,2.3748,1.3748,20.5299,1.8212,19.9508,1.798,100.0,0.0,0.0,0.0,25.0,0.0,26.375,0.0,26.0,0.0,25.25,10.0,0.0,0.0081,53.0744,5.3074,2.0,388.6375,2.0358,0.7923,1.4501,0.7017,1.4402,0.0008,2.0187,0.0013,2.1026,10.0,0.062,1.0017,0.1388,2.3643,0.1837,2.4858,0.0661,2.042,0.0,0.0,0.0,29.9806,25.0,25.0,38.0,38.0,15.0,0.0,0.0,0.0,0.0,62.5835,0.0,45.56,0.0,0.0
20971.0,1.6849,0.0856,1.0,2.5445,350.3665,1.7988,0.7988,2.3747,1.3747,20.4632,1.8185,19.9454,1.7978,100.0,0.0,0.0,0.0,25.125,0.0,26.375,0.0,26.0,0.0,25.25,10.0,0.0,0.0082,53.0748,5.3075,2.0,393.3926,2.0379,0.7522,1.4457,0.6975,1.4397,0.0008,2.0199,0.0013,2.1069,10.0,0.0647,1.0017,0.127,2.3258,0.1601,2.4262,0.065,2.035,0.0,0.0,0.0,29.9812,25.0,25.0,38.0,37.0,13.0,0.0,0.0,0.0,0.0,62.5832,0.0,45.5605,0.0,0.0
20972.0,1.6761,0.0845,1.0,2.5445,350.3567,1.7988,0.7988,2.3747,1.3747,20.3364,1.8135,19.9483,1.7979,100.0,0.0,0.0,0.0,25.125,0.0,26.5,0.0,26.125,0.0,25.25,10.0,0.0,0.0081,53.0746,5.3075,2.0,395.2142,2.0387,0.7709,1.4477,0.6887,1.4388,0.0008,2.0218,0.0013,2.1119,10.0,0.0658,1.0018,0.1162,2.2872,0.1304,2.3372,0.0544,1.9577,0.0,0.0,0.0,29.9815,26.0,25.0,38.0,37.0,11.0,0.0,0.0,0.0,0.0,62.5837,16.0,45.6122,0.0,0.0
20973.0,1.6671,0.0834,1.0,2.5444,350.2427,1.7986,0.7986,2.3744,1.3744,20.3286,1.8131,19.9573,1.7983,100.0,0.0,0.0,0.0,25.0,0.0,26.375,0.0,26.0,0.0,25.25,10.0,0.0,0.0081,53.0743,5.3074,2.0,398.2278,2.0401,0.7603,1.4466,0.6853,1.4384,0.0008,2.023,0.0013,2.116,10.0,0.0639,1.0017,0.1073,2.2526,0.1458,2.3856,0.0567,1.9753,0.0,0.0,0.0,29.9811,26.0,25.0,38.0,37.0,12.0,0.0,0.0,0.0,0.0,62.5829,16.0,45.8113,0.0,0.0
20974.0,1.6627,0.0828,1.0,2.5443,350.1634,1.7981,0.7981,2.3744,1.3744,20.4973,1.8199,19.9687,1.7987,100.0,0.0,0.0,0.0,25.125,0.0,26.375,0.0,26.125,0.0,25.25,10.0,0.0,0.0079,53.074,5.3074,2.0,400.9969,2.0413,0.736,1.4439,0.6737,1.4371,0.0008,2.0246,0.0013,2.1212,10.0,0.0629,1.0017,0.0938,2.1939,0.1296,2.3343,0.0583,1.9877,0.0,0.0,0.0,29.9815,26.0,25.0,38.0,37.0,14.0,0.0,0.0,0.0,0.0,62.5833,0.0,45.9488,0.0,0.0
20975.0,1.6579,0.0822,1.0,2.5443,350.1492,1.7984,0.7984,2.3748,1.3748,20.5379,1.8215,19.9525,1.7981,100.0,0.0,0.0,0.0,25.125,0.0,26.375,0.0,26.0,0.0,25.25,10.0,0.0,0.008,53.0739,5.3074,2.0,400.3953,2.041,0.6397,1.4334,0.6706,1.4368,0.0008,2.0258,0.0013,2.1252,10.0,0.062,1.0017,0.1151,2.2831,0.1336,2.3476,0.0716,2.077,0.0,0.0,0.0,29.9813,26.0,25.0,38.0,37.0,14.0,0.0,0.0,0.0,0.0,62.5836,0.0,45.9509,0.0,0.0
20976.0,1.6583,0.0823,1.0,2.5441,350.062,1.7986,0.7986,2.375,1.375,20.4598,1.8184,19.9429,1.7977,100.0,0.0,0.0,0.0,25.125,0.0,26.375,0.0,26.0,0.0,25.25,10.0,0.0,0.0081,53.0737,5.3074,2.0,402.6337,2.042,0.6839,1.4382,0.6701,1.4367,0.0008,2.0276,0.0013,2.1315,10.0,0.0624,1.0017,0.0834,2.143,0.1196,2.2997,0.0712,2.0742,0.0,0.0,0.0,29.9816,25.0,25.0,38.0,37.0,13.0,0.0,0.0,0.0,0.0,62.5836,0.0,45.9504,0.0,0.0
20977.0,1.6601,0.0825,1.0,2.5442,350.092,1.7983,0.7983,2.3751,1.3751,20.3677,1.8147,19.942,1.7977,100.0,0.0,0.0,0.0,25.25,0.0,26.25,0.0,26.0,0.0,25.25,10.0,0.0,0.0079,53.0734,5.3073,2.0,406.8024,2.0438,0.6683,1.4365,0.6685,1.4366,0.0008,2.0289,0.0013,2.1348,10.0,0.0631,1.0017,0.0945,2.1973,0.1313,2.34,0.0713,2.0751,0.0,0.0,0.0,29.9811,25.0,25.0,38.0,37.0,12.0,0.0,0.0,0.0,0.0,62.5836,0.0,45.9507,0.0,0.0
20978.0,1.6636,0.083,1.0,2.5442,350.0726,1.7986,0.7986,2.3745,1.3745,20.3088,1.8124,19.9513,1.7981,100.0,0.0,0.0,0.0,25.125,0.0,26.375,0.0,26.0,0.0,25.25,10.0,0.0,0.008,53.0734,5.3073,2.0,410.7852,2.0454,0.6997,1.44,0.6612,1.4358,0.0008,2.0304,0.0014,2.1393,10.0,0.0617,1.0016,0.0845,2.1485,0.1185,2.2957,0.0812,2.1314,0.0,0.0,0.0,29.9816,25.0,25.0,38.0,37.0,13.0,0.0,0.0,0.0,0.0,62.5833,0.0,45.9504,0.0,0.0
20979.0,1.6643,0.083,1.0,2.5442,350.1089,1.7982,0.7982,2.3744,1.3744,20.4478,1.8179,19.9679,1.7987,100.0,0.0,0.0,0.0,25.125,0.0,26.375,0.0,26.125,0.0,25.25,10.0,0.0,0.0075,53.0729,5.3073,2.0,412.5468,2.0462,0.6863,1.4385,0.6595,1.4356,0.0008,2.0318,0.0014,2.1422,10.0,0.0638,1.0017,0.082,2.1358,0.1977,2.5179,0.0795,2.1223,0.0,0.0,0.0,29.9817,25.0,25.0,38.0,37.0,13.0,0.0,0.0,0.0,0.0,62.5835,0.0,45.9506,0.0,0.0
20980.0,1.6673,0.0834,1.0,2.5442,350.118,1.7983,0.7983,2.3747,1.3747,20.5413,1.8217,19.9554,1.7982,100.0,0.0,0.0,0.0,25.125,0.0,26.375,0.0,26.125,0.0,25.25,10.0,0.0,0.0083,53.0733,5.3073,2.0,417.1815,2.0481,0.7831,1.4491,0.6485,1.4344,0.0009,2.033,0.0014,2.1489,10.0,0.0615,1.0016,0.0656,2.0385,0.1953,2.5125,0.0781,2.1144,0.0,0.0,0.0,29.9812,26.0,25.0,38.0,37.0,13.0,0.0,0.0,0.0,0.0,62.5829,0.0,45.9503,0.0,0.0
20981.0,1.6703,0.0838,1.0,2.5439,349.8869,1.7987,0.7987,2.3747,1.3747,20.4793,1.8192,19.9451,1.7978,100.0,0.0,0.0,0.0,25.125,0.0,26.375,0.0,26.125,0.0,25.25,10.0,0.0,0.009,53.073,5.3072,2.0,421.2516,2.0498,0.721,1.4423,0.651,1.4347,0.0009,2.0348,0.0014,2.1542,10.0,0.058,1.0015,0.069,2.061,0.1734,2.461,0.0681,2.0551,0.0,0.0,0.0,29.9811,26.0,25.0,38.0,37.0,16.0,0.0,0.0,0.0,0.0,62.5829,0.0,45.9506,0.0,0.0
20982.0,1.6748,0.0843,1.0,2.5435,349.5243,1.7987,0.7987,2.375,1.375,20.37,1.8148,19.9412,1.7976,100.0,0.0,0.0,0.0,25.125,0.0,26.375,0.0,26.125,0.0,25.25,10.0,0.0,0.0088,53.0694,5.3067,2.0,422.4199,2.0503,0.6824,1.4381,0.67,1.4367,0.0009,2.0366,0.0014,2.1585,10.0,0.0543,1.0014,0.1227,2.3106,0.178,2.4723,0.061,2.0073,0.0,0.0,0.0,29.9811,26.0,25.0,38.0,37.0,13.0,0.0,0.0,0.0,0.0,62.583,0.0,45.9505,0.0,0.0
20983.0,1.678,0.0848,1.0,2.5437,349.6659,1.7987,0.7987,2.3745,1.3745,20.2906,1.8116,19.9536,1.7981,100.0,0.0,0.0,0.0,25.125,0.0,26.375,0.0,26.125,0.0,25.125,10.0,0.0,0.0084,53.0691,5.3069,2.0,422.8485,2.0505,0.651,1.4346,0.6898,1.4389,0.0009,2.0385,0.0014,2.1642,10.0,0.0558,1.0015,0.1228,2.3111,0.1761,2.4676,0.0703,2.0688,0.0,0.0,0.0,29.9813,26.0,25.0,38.0,37.0,15.0,0.0,0.0,0.0,0.0,62.5833,0.0,45.9505,0.0,0.0
20984.0,1.6805,0.0851,1.0,2.5439,349.8377,1.7982,0.7982,2.3748,1.3748,20.4342,1.8174,19.9766,1.7991,100.0,0.0,0.0,0.0,25.0,0.0,26.375,0.0,26.0,0.0,25.25,10.0,0.0,0.0089,53.0702,5.3071,2.0,427.6905,2.0525,0.7227,1.4425,0.7218,1.4424,0.0009,2.041,0.0014,2.1713,10.0,0.0536,1.0014,0.1047,2.2418,0.1553,2.4131,0.0656,2.0385,0.0,0.0,0.0,29.9809,25.0,25.0,38.0,37.0,13.0,0.0,0.0,0.0,0.0,62.5832,0.0,45.9502,0.0,0.0
20985.0,1.6815,0.0852,1.0,2.5441,350.0647,1.7983,0.7983,2.3751,1.3751,20.5411,1.8216,19.9663,1.7987,100.0,0.0,0.0,0.0,25.0,0.0,26.375,0.0,26.25,0.0,25.25,10.0,0.0,0.0088,53.0707,5.307,2.0,432.2432,2.0543,0.7705,1.4477,0.7444,1.4448,0.0009,2.043,0.0014,2.1766,10.0,0.0557,1.0015,0.1071,2.2515,0.1553,2.4131,0.0623,2.0161,0.0,0.0,0.0,29.9805,25.0,25.0,38.0,37.0,12.0,0.0,0.0,0.0,0.0,62.5826,0.0,45.9498,0.0,0.0
20986.0,1.6815,0.0852,1.0,2.544,349.9177,1.7987,0.7987,2.3748,1.3748,20.4878,1.8195,19.9553,1.7982,100.0,0.0,0.0,0.0,25.125,0.0,26.375,0.0,26.125,0.0,25.25,10.0,0.0,0.0088,53.0707,5.3071,2.0,435.8388,2.0557,0.7587,1.4464,0.7662,1.4472,0.0009,2.0456,0.0014,2.1851,10.0,0.0581,1.0015,0.0877,2.1648,0.1439,2.38,0.055,1.9619,0.0,0.0,0.0,29.9802,25.0,25.0,38.0,37.0,15.0,0.0,0.0,0.0,0.0,62.5829,0.0,45.9498,0.0,0.0
20987.0,1.6795,0.0849,1.0,2.544,349.9083,1.7987,0.7987,2.3751,1.3751,20.3929,1.8157,19.9517,1.7981,100.0,0.0,0.0,0.0,25.125,0.0,26.375,0.0,26.125,0.0,25.125,10.0,0.0,0.0084,53.0708,5.3071,2.0,440.6027,2.0576,0.8072,1.4517,0.7774,1.4484,0.0009,2.0474,0.0014,2.1897,10.0,0.0574,1.0015,0.0997,2.2204,0.1306,2.3378,0.0704,2.0692,0.0,0.0,0.0,29.9801,25.0,25.0,38.0,37.0,13.0,0.0,0.0,0.0,0.0,62.5824,0.0,45.9498,0.0,0.0
20988.0,1.6799,0.085,1.0,2.5441,350.0118,1.7988,0.7988,2.3746,1.3746,20.296,1.8118,19.953,1.7981,100.0,0.0,0.0,0.0,25.125,0.0,26.375,0.0,26.0,0.0,25.25,10.0,0.0,0.0086,53.0708,5.3071,2.0,444.5893,2.0592,0.8536,1.4568,0.7949,1.4504,0.0009,2.0494,0.0014,2.1962,10.0,0.0566,1.0015,0.0992,2.2182,0.1248,2.3182,0.0713,2.0748,0.0,0.0,0.0,29.9805,25.0,25.0,38.0,37.0,12.0,0.0,0.0,0.0,0.0,62.5824,0.0,45.9498,0.0,0.0
20989.0,1.6804,0.085,1.0,2.544,349.915,1.7982,0.7982,2.3747,1.3747,20.3962,1.8158,19.9643,1.7986,100.0,0.0,0.0,0.0,25.125,0.0,26.375,0.0,26.125,0.0,25.25,10.0,0.0,0.0091,53.0707,5.3071,2.0,453.0035,2.0624,0.957,1.468,0.8002,1.4509,0.0009,2.0516,0.0014,2.2036,10.0,0.0591,1.0016,0.1684,2.4482,0.1224,2.3096,0.0658,2.0398,0.0,0.0,0.0,29.9811,25.0,25.0,38.0,37.0,12.0,0.0,0.0,0.0,0.0,62.5827,0.0,45.9504,0.0,0.0
20990.0,1.6784,0.0848,1.0,2.5442,350.0807,1.7982,0.7982,2.3751,1.3751,20.5418,1.8217,19.957,1.7983,100.0,0.0,0.0,0.0,25.0,0.0,26.375,0.0,26.125,0.0,25.125,10.0,0.0,0.0088,53.0705,5.307,2.0,455.2279,2.0633,0.8324,1.4544,0.8135,1.4524,0.0009,2.0541,0.0014,2.2104,10.0,0.0581,1.0015,0.1493,2.3959,0.1074,2.2528,0.0633,2.023,0.0,0.0,0.0,29.9808,25.0,25.0,38.0,37.0,13.0,0.0,0.0,0.0,0.0,62.583,0.0,45.9503,0.0,0.0
20991.0,1.6783,0.0848,1.0,2.5439,349.8648,1.7987,0.7987,2.3752,1.3752,20.5047,1.8202,19.9472,1.7979,100.0,0.0,0.0,0.0,25.0,0.0,26.375,0.0,26.0,0.0,25.25,10.0,0.0,0.009,53.0706,5.3071,2.0,457.8382,2.0643,0.8714,1.4587,0.8176,1.4528,0.0009,2.0559,0.0014,2.2161,10.0,0.059,1.0016,0.1443,2.381,0.0936,2.1929,0.0585,1.9892,0.0,0.0,0.0,29.9811,25.0,25.0,38.0,37.0,13.0,0.0,0.0,0.0,0.0,62.5834,0.0,45.95,0.0,0.0
20992.0,1.6788,0.0849,1.0,2.544,349.9314,1.7988,0.7988,2.3751,1.3751,20.4036,1.8161,19.9416,1.7977,100.0,0.0,0.0,0.0,25.125,0.0,26.375,0.0,26.0,0.0,25.25,10.0,0.0,0.0083,53.0704,5.307,2.0,462.6635,2.0661,0.875,1.4591,0.8189,1.453,0.0009,2.0579,0.0015,2.2236,10.0,0.0579,1.0015,0.2283,2.5804,0.0987,2.2162,0.0712,2.0742,0.0,0.0,0.0,29.9809,26.0,25.0,38.0,37.0,15.0,0.0,0.0,0.0,0.0,62.5838,0.0,45.9503,0.0,0.0
20993.0,1.6784,0.0848,1.0,2.5438,349.7892,1.7987,0.7987,2.3749,1.3749,20.3028,1.8121,19.9425,1.7977,100.0,0.0,0.0,0.0,25.125,0.0,26.375,0.0,26.125,0.0,25.25,10.0,0.0,0.0082,53.07,5.307,2.0,468.7012,2.0684,0.8809,1.4597,0.8142,1.4525,0.001,2.0598,0.0015,2.2293,10.0,0.0637,1.0017,0.2151,2.5544,0.0902,2.1771,0.067,2.0477,0.0,0.0,0.0,29.9812,26.0,25.0,38.0,37.0,13.0,0.0,0.0,0.0,0.0,62.5832,0.0,45.9503,0.0,0.0
20994.0,1.6794,0.0849,1.0,2.5439,349.8291,1.798,0.798,2.3748,1.3748,20.3818,1.8153,19.9641,1.7986,100.0,0.0,0.0,0.0,25.0,0.0,26.375,0.0,26.25,0.0,25.125,10.0,0.0,0.0076,53.0696,5.3069,2.0,469.9327,2.0688,0.8581,1.4573,0.8157,1.4526,0.001,2.0618,0.0015,2.2345,10.0,0.0617,1.0016,0.1891,2.4986,0.0964,2.2059,0.0591,1.9936,0.0,0.0,0.0,29.9809,26.0,25.0,38.0,37.0,12.0,0.0,0.0,0.0,0.0,62.5837,0.0,45.9503,0.0,0.0
20995.0,1.6803,0.085,1.0,2.544,349.9146,1.7981,0.7981,2.3745,1.3745,20.5262,1.821,19.9644,1.7986,100.0,0.0,0.0,0.0,25.0,0.0,26.25,0.0,26.125,0.0,25.375,10.0,0.0,0.0083,53.0694,5.3069,2.0,473.5324,2.0701,0.8498,1.4563,0.8093,1.4519,0.001,2.0631,0.0015,2.2408,10.0,0.0585,1.0016,0.1703,2.4532,0.0912,2.1818,0.058,1.9851,0.0,0.0,0.0,29.9804,26.0,25.0,38.0,37.0,13.0,0.0,0.0,0.0,0.0,62.5824,0.0,45.9497,0.0,0.0
20996.0,1.6794,0.0849,1.0,2.5439,349.9035,1.7986,0.7986,2.3749,1.3749,20.5124,1.8205,19.9476,1.7979,100.0,0.0,0.0,0.0,25.25,0.0,26.5,0.0,26.125,0.0,25.125,10.0,0.0,0.0081,53.0697,5.307,2.0,475.263,2.0708,0.7623,1.4468,0.8117,1.4522,0.001,2.0654,0.0015,2.2475,10.0,0.0595,1.0016,0.2096,2.5433,0.0821,2.136,0.0599,1.9991,0.0,0.0,0.0,29.9806,26.0,25.0,38.0,37.0,14.0,0.0,0.0,0.0,0.0,62.5828,0.0,45.9501,0.0,0.0
20997.0,1.6794,0.0849,1.0,2.544,349.9337,1.7987,0.7987,2.3751,1.3751,20.4153,1.8166,19.9438,1.7978,100.0,0.0,0.0,0.0,25.125,0.0,26.375,0.0,26.25,0.0,25.125,10.0,0.0,0.0085,53.0697,5.307,2.0,480.8305,2.0728,0.8239,1.4535,0.8033,1.4513,0.001,2.0671,0.0015,2.2541,10.0,0.0624,1.0017,0.223,2.5702,0.0683,2.056,0.0718,2.0782,0.0,0.0,0.0,29.9804,25.0,25.0,38.0,37.0,12.0,0.0,0.0,0.0,0.0,62.5833,0.0,45.95,0.0,0.0
20998.0,1.6793,0.0849,1.0,2.544,349.9179,1.7987,0.7987,2.375,1.375,20.3224,1.8129,19.9404,1.7976,100.0,0.0,0.0,0.0,25.125,0.0,26.5,0.0,26.125,0.0,25.125,10.0,0.0,0.0081,53.0696,5.307,2.0,484.2591,2.074,0.8196,1.453,0.8065,1.4516,0.001,2.0688,0.0015,2.2599,10.0,0.0622,1.0017,0.2305,2.5845,0.0796,2.1225,0.0681,2.0551,0.0,0.0,0.0,29.9811,25.0,25.0,38.0,37.0,13.0,0.0,0.0,0.0,0.0,62.583,0.0,45.95,0.0,0.0
20999.0,1.4653,0.0582,1.0,2.5439,349.8682,1.7984,0.7984,2.3744,1.3744,20.3675,1.8147,19.9607,1.7984,100.0,0.0,0.0,0.0,25.125,0.0,26.5,0.0,26.125,0.0,25.375,10.0,0.0,0.0086,53.0692,5.3069,2.0,488.3544,2.0755,0.7685,1.4475,0.8085,1.4518,0.001,2.071,0.0015,2.2669,10.0,0.0594,1.0016,0.1973,2.5169,0.0605,2.0038,0.0857,2.1547,0.0,0.0,0.0,29.9812,25.0,25.0,38.0,37.0,15.0,0.0,0.0,0.0,0.0,62.5836,0.0,45.9508,0.0,0.0
21000.0,1.3231,0.0404,1.0,2.544,349.9602,1.7986,0.7986,2.3744,1.3744,20.5206,1.8208,19.9752,1.799,100.0,0.0,0.0,0.0,25.125,0.0,26.375,0.0,26.0,0.0,25.25,10.0,0.0,0.0082,53.069,5.3069,2.0,487.8748,2.0753,0.7405,1.4444,0.7974,1.4506,0.001,2.0726,0.0015,2.2733,10.0,0.0584,1.0016,0.2162,2.5567,0.0685,2.0574,0.0763,2.1046,0.0,0.0,0.0,29.9813,25.0,25.0,38.0,37.0,13.0,0.0,0.0,0.0,0.0,62.583,0.0,45.9504,0.0,0.0
21001.0,1.2464,0.0308,1.0,2.5439,349.8584,1.799,0.799,2.3749,1.3749,20.5247,1.821,19.9615,1.7985,100.0,0.0,0.0,0.0,25.125,0.0,26.375,0.0,26.125,0.0,25.25,10.0,0.0,0.0087,53.0692,5.3069,2.0,490.9194,2.0764,0.6539,1.435,0.7973,1.4506,0.001,2.0745,0.0015,2.2802,10.0,0.0555,1.0015,0.2257,2.5753,0.0634,2.0242,0.0756,2.1005,0.0,0.0,0.0,29.9813,25.0,25.0,38.0,37.0,14.0,0.0,0.0,0.0,0.0,62.5828,0.0,45.9503,0.0,0.0
21002.0,1.2133,0.0267,1.0,2.5437,349.6803,1.7988,0.7988,2.3747,1.3747,20.4266,1.8171,19.9442,1.7978,100.0,0.0,0.0,0.0,25.125,0.0,26.375,0.0,26.125,0.0,25.25,10.0,0.0,0.0087,53.0689,5.3069,2.0,490.8265,2.0764,0.5504,1.4237,0.7895,1.4498,0.001,2.0762,0.0015,2.2878,10.0,0.0546,1.0015,0.2416,2.605,0.0657,2.0395,0.0816,2.1335,0.0,0.0,0.0,29.9812,25.0,25.0,38.0,37.0,14.0,0.0,0.0,0.0,0.0,62.5828,0.0,45.9507,0.0,0.0
21003.0,1.3588,0.0448,1.0,2.5438,349.7537,1.7987,0.7987,2.3749,1.3749,20.3269,1.8131,19.9396,1.7976,100.0,0.0,0.0,0.0,25.125,0.0,26.5,0.0,26.125,0.0,25.25,10.0,0.0,0.0083,53.0691,5.3069,2.0,494.5848,2.0777,0.6481,1.4343,0.7875,1.4495,0.001,2.078,0.0015,2.2937,10.0,0.0566,1.0015,0.2429,2.6073,0.0513,1.9322,0.0722,2.0806,0.0,0.0,0.0,29.9812,25.0,25.0,38.0,37.0,15.0,0.0,0.0,0.0,0.0,62.5837,0.0,45.9509,0.0,0.0
21004.0,1.4903,0.0613,1.0,2.544,349.9751,1.7985,0.7985,2.3748,1.3748,20.3461,1.8138,19.9583,1.7983,100.0,0.0,0.0,0.0,25.125,0.0,26.375,0.0,26.125,0.0,25.25,10.0,0.0,0.009,53.0689,5.3069,2.0,500.5154,2.0798,0.7029,1.4403,0.7909,1.4499,0.001,2.08,0.0015,2.3008,10.0,0.061,1.0016,0.2154,2.555,0.0491,1.9126,0.0797,2.1233,0.0,0.0,0.0,29.9813,25.0,25.0,38.0,37.0,14.0,0.0,0.0,0.0,0.0,62.5831,0.0,45.9502,0.0,0.0
21005.0,1.5532,0.0692,1.0,2.544,349.934,1.7982,0.7982,2.3747,1.3747,20.4927,1.8194,19.9666,1.7987,100.0,0.0,0.0,0.0,25.125,0.0,26.375,0.0,26.125,0.0,25.25,10.0,0.0,0.0088,53.0684,5.3068,2.0,504.3736,2.0811,0.8264,1.4538,0.78,1.4488,0.0011,2.0815,0.0015,2.3064,10.0,0.0602,1.0016,0.2261,2.5761,0.0562,1.9716,0.0856,2.1545,0.0,0.0,0.0,29.9809,25.0,25.0,38.0,37.0,13.0,0.0,0.0,0.0,0.0,62.5826,0.0,45.9503,0.0,0.0
21006.0,1.6071,0.0759,1.0,2.544,349.9818,1.7986,0.7986,2.3753,1.3753,20.5221,1.8209,19.9514,1.7981,100.0,0.0,0.0,0.0,25.125,0.0,26.375,0.0,26.125,0.0,25.25,10.0,0.0,0.0091,53.0683,5.3068,2.0,513.5936,2.0842,0.8001,1.4509,0.7761,1.4483,0.0011,2.0834,0.0016,2.3138,10.0,0.0589,1.0016,0.2032,2.5297,0.0477,1.9002,0.0815,2.1331,0.0,0.0,0.0,29.9811,25.0,25.0,38.0,37.0,15.0,0.0,0.0,0.0,0.0,62.5839,0.0,45.9504,0.0,0.0
21007.0,1.6326,0.0791,1.0,2.5437,349.7331,1.7987,0.7987,2.3751,1.3751,20.4459,1.8178,19.9436,1.7977,100.0,0.0,0.0,0.0,25.125,0.0,26.375,0.0,26.125,0.0,25.25,10.0,0.0,0.0084,53.0679,5.3068,2.0,517.3182,2.0855,0.804,1.4513,0.7676,1.4474,0.0011,2.0851,0.0016,2.3214,10.0,0.0562,1.0015,0.2144,2.553,0.0531,1.9472,0.0964,2.206,0.0,0.0,0.0,29.9814,25.0,25.0,38.0,37.0,14.0,0.0,0.0,0.0,0.0,62.5833,0.0,45.9506,0.0,0.0
21008.0,1.648,0.081,1.0,2.5436,349.6241,1.7988,0.7988,2.375,1.375,20.3371,1.8135,19.9417,1.7977,100.0,0.0,0.0,0.0,25.125,0.0,26.375,0.0,26.125,0.0,25.25,10.0,0.0,0.0086,53.0677,5.3067,2.0,520.348,2.0865,0.8114,1.4522,0.7583,1.4464,0.0011,2.0867,0.0016,2.3283,10.0,0.0545,1.0015,0.1962,2.5146,0.0456,1.8813,0.0996,2.2202,0.0,0.0,0.0,29.9814,25.0,25.0,38.0,37.0,14.0,0.0,0.0,0.0,0.0,62.584,0.0,45.9506,0.0,0.0
21009.0,1.6573,0.0822,1.0,2.5441,350.0053,1.7988,0.7988,2.3749,1.3749,20.3104,1.8124,19.9508,1.798,100.0,0.0,0.0,0.0,25.0,0.0,26.375,0.0,26.125,0.0,25.25,10.0,0.0,0.0081,53.068,5.3068,2.0,522.2942,2.0872,0.7401,1.4444,0.7504,1.4455,0.0011,2.0879,0.0016,2.3331,10.0,0.0555,1.0015,0.17,2.4522,0.0445,1.8702,0.0926,2.1883,0.0,0.0,0.0,29.9807,25.0,25.0,38.0,37.0,13.0,0.0,0.0,0.0,0.0,62.5835,0.0,45.9505,0.0,0.0
21010.0,1.6672,0.0834,1.0,2.5442,350.124,1.7982,0.7982,2.3748,1.3748,20.4863,1.8195,19.9671,1.7987,100.0,0.0,0.0,0.0,25.125,0.0,26.375,0.0,26.125,0.0,25.25,10.0,0.0,0.008,53.0678,5.3068,2.0,527.2666,2.0888,0.7145,1.4416,0.7547,1.446,0.0011,2.0901,0.0016,2.3413,10.0,0.0575,1.0015,0.1425,2.3757,0.0428,1.8529,0.1015,2.2285,0.0,0.0,0.0,29.9809,25.0,25.0,38.0,37.0,12.0,0.0,0.0,0.0,0.0,62.583,0.0,45.9502,0.0,0.0
21011.0,1.6735,0.0842,1.0,2.5443,350.1836,1.7985,0.7985,2.3752,1.3752,20.5382,1.8215,19.9539,1.7982,100.0,0.0,0.0,0.0,25.125,0.0,26.375,0.0,26.125,0.0,25.25,10.0,0.0,0.0086,53.0679,5.3068,2.0,530.5477,2.0899,0.7576,1.4463,0.7482,1.4453,0.0011,2.0919,0.0016,2.348,10.0,0.0623,1.0017,0.16,2.4261,0.0385,1.8076,0.1065,2.2494,0.0,0.0,0.0,29.9807,25.0,25.0,38.0,37.0,13.0,0.0,0.0,0.0,0.0,62.5831,0.0,45.9505,0.0,0.0
21012.0,1.6776,0.0847,1.0,2.5441,350.0231,1.7988,0.7988,2.3751,1.3751,20.4667,1.8187,19.9527,1.7981,100.0,0.0,0.0,0.0,25.125,0.0,26.375,0.0,26.0,0.0,25.25,10.0,0.0,0.0079,53.0672,5.3067,2.0,538.3934,2.0924,0.8927,1.461,0.751,1.4456,0.0011,2.0935,0.0016,2.3547,10.0,0.0591,1.0016,0.122,2.3081,0.0394,1.8174,0.0956,2.2021,0.0,0.0,0.0,29.9807,25.0,25.0,38.0,37.0,13.0,0.0,0.0,0.0,0.0,62.5826,0.0,45.9499,0.0,0.0
21013.0,1.6801,0.085,1.0,2.5443,350.1716,1.7988,0.7988,2.375,1.375,20.3753,1.815,19.9416,1.7977,100.0,0.0,0.0,0.0,25.125,0.0,26.375,0.0,26.125,0.0,25.25,10.0,0.0,0.0078,53.0672,5.3068,2.0,543.6251,2.0941,0.8665,1.4582,0.7461,1.445,0.0011,2.095,0.0016,2.3605,10.0,0.0605,1.0016,0.2208,2.5658,0.0337,1.7493,0.0903,2.1775,0.0,0.0,0.0,29.9809,25.0,25.0,38.0,37.0,14.0,0.0,0.0,0.0,0.0,62.5828,0.0,45.95,0.0,0.0
21014.0,1.6824,0.0853,1.0,2.5442,350.0906,1.7983,0.7983,2.3748,1.3748,20.316,1.8126,19.9423,1.7977,100.0,0.0,0.0,0.0,25.125,0.0,26.5,0.0,26.125,0.0,25.375,10.0,0.0,0.0085,53.0671,5.3067,2.0,544.6848,2.0945,0.7566,1.4462,0.7305,1.4433,0.0011,2.0966,0.0016,2.3674,10.0,0.0577,1.0015,0.192,2.5051,0.1636,2.4357,0.09,2.1762,0.0,0.0,0.0,29.9809,25.0,25.0,38.0,37.0,15.0,0.0,0.0,0.0,0.0,62.5831,0.0,45.9502,0.0,0.0
21015.0,1.6824,0.0853,1.0,2.5443,350.1536,1.7982,0.7982,2.3748,1.3748,20.4532,1.8181,19.9663,1.7987,100.0,0.0,0.0,0.0,25.125,0.0,26.375,0.0,26.25,0.0,25.25,10.0,0.0,0.0088,53.0673,5.3067,2.0,548.1909,2.0956,0.7724,1.4479,0.7282,1.4431,0.0011,2.0982,0.0016,2.3734,10.0,0.0597,1.0016,0.2126,2.5494,0.1418,2.3736,0.092,2.1858,0.0,0.0,0.0,29.9807,25.0,25.0,38.0,37.0,15.0,0.0,0.0,0.0,0.0,62.5829,0.0,45.9502,0.0,0.0
21016.0,1.6824,0.0853,1.0,2.5442,350.1367,1.7984,0.7984,2.3752,1.3752,20.5393,1.8216,19.9543,1.7982,100.0,0.0,0.0,0.0,25.0,0.0,26.375,0.0,26.125,0.0,25.25,10.0,0.0,0.0092,53.0667,5.3066,2.0,550.0773,2.0962,0.6361,1.433,0.7295,1.4432,0.0011,2.1002,0.0016,2.3809,10.0,0.0631,1.0017,0.188,2.4961,0.1206,2.3031,0.0858,2.1554,0.0,0.0,0.0,29.9804,25.0,25.0,38.0,37.0,15.0,0.0,0.0,0.0,0.0,62.5827,0.0,45.9508,0.0,0.0
21017.0,1.6813,0.0852,1.0,2.5441,350.0049,1.7987,0.7987,2.3751,1.3751,20.4843,1.8194,19.9451,1.7978,100.0,0.0,0.0,0.0,25.125,0.0,26.375,0.0,26.125,0.0,25.25,10.0,0.0,0.0083,53.0662,5.3066,2.0,552.2141,2.0968,0.6957,1.4395,0.7303,1.4433,0.0011,2.1019,0.0016,2.3862,10.0,0.0599,1.0016,0.1925,2.5063,0.1339,2.3485,0.0792,2.1208,0.0,0.0,0.0,29.9806,25.0,25.0,38.0,37.0,12.0,0.0,0.0,0.0,0.0,62.5832,0.0,45.9509,0.0,0.0
21018.0,1.6813,0.0852,1.0,2.5444,350.2278,1.7988,0.7988,2.3747,1.3747,20.3842,1.8154,19.9416,1.7977,100.0,0.0,0.0,0.0,25.125,0.0,26.375,0.0,26.125,0.0,25.25,10.0,0.0,0.008,53.0663,5.3066,2.0,560.2565,2.0994,0.7677,1.4474,0.7226,1.4425,0.0012,2.1034,0.0017,2.3945,10.0,0.0582,1.0016,0.165,2.4393,0.1139,2.2783,0.0788,2.1186,0.0,0.0,0.0,29.9804,25.0,25.0,38.0,37.0,13.0,0.0,0.0,0.0,0.0,62.5833,0.0,45.9496,0.0,0.0
21019.0,1.6793,0.0849,1.0,2.5442,350.1293,1.7988,0.7988,2.3745,1.3745,20.3029,1.8121,19.9479,1.7979,100.0,0.0,0.0,0.0,25.0,0.0,26.375,0.0,26.25,0.0,25.25,10.0,0.0,0.0077,53.0661,5.3066,2.0,564.5007,2.1007,0.7517,1.4456,0.7226,1.4425,0.0012,2.105,0.0017,2.402,10.0,0.062,1.0017,0.1604,2.427,0.0981,2.2137,0.0759,2.1018,0.0,0.0,0.0,29.9808,25.0,25.0,38.0,37.0,13.0,0.0,0.0,0.0,0.0,62.5829,0.0,45.9505,0.0,0.0
21020.0,1.6803,0.085,1.0,2.5443,350.1559,1.7983,0.7983,2.3747,1.3747,20.4421,1.8177,19.9668,1.7987,100.0,0.0,0.0,0.0,25.125,0.0,26.375,0.0,26.125,0.0,25.25,10.0,0.0,0.0083,53.0659,5.3066,2.0,566.493,2.1013,0.6569,1.4353,0.7178,1.4419,0.0012,2.1068,0.0017,2.4081,10.0,0.0639,1.0017,0.1426,2.376,0.1148,2.2817,0.0864,2.1583,0.0,0.0,0.0,29.9804,25.0,25.0,38.0,37.0,13.0,0.0,0.0,0.0,0.0,62.5831,0.0,45.95,0.0,0.0
21021.0,1.6793,0.0849,1.0,2.5444,350.2612,1.7982,0.7982,2.3746,1.3746,20.5393,1.8216,19.9677,1.7987,100.0,0.0,0.0,0.0,25.125,0.0,26.375,0.0,26.125,0.0,25.25,10.0,0.0,0.0081,53.0655,5.3066,2.0,563.3019,2.1003,0.5499,1.4236,0.7159,1.4417,0.0012,2.1082,0.0017,2.4135,10.0,0.0663,1.0018,0.1407,2.3703,0.1306,2.3377,0.0914,2.1828,0.0,0.0,0.0,29.9806,25.0,25.0,38.0,37.0,14.0,0.0,0.0,0.0,0.0,62.5829,0.0,45.9503,0.0,0.0
21022.0,1.6782,0.0848,1.0,2.5442,350.0906,1.7987,0.7987,2.3749,1.3749,20.4927,1.8197,19.9465,1.7979,100.0,0.0,0.0,0.0,25.125,0.0,26.375,0.0,26.25,0.0,25.25,10.0,0.0,0.0083,53.0657,5.3066,2.0,568.4565,2.1019,0.5963,1.4287,0.706,1.4407,0.0012,2.1099,0.0017,2.4205,10.0,0.0635,1.0017,0.1321,2.3429,0.1017,2.2292,0.0888,2.17,0.0,0.0,0.0,29.9801,25.0,25.0,38.0,37.0,15.0,0.0,0.0,0.0,0.0,62.5829,0.0,45.9499,0.0,0.0
21023.0,1.6782,0.0848,1.0,2.5442,350.1322,1.7987,0.7987,2.3751,1.3751,20.4155,1.8166,19.943,1.7977,100.0,0.0,0.0,0.0,25.125,0.0,26.25,0.0,26.125,0.0,25.25,10.0,0.0,0.0082,53.0656,5.3065,2.0,575.0755,2.1039,0.7508,1.4455,0.7027,1.4403,0.0012,2.1112,0.0017,2.4275,10.0,0.0644,1.0017,0.1977,2.518,0.0976,2.2115,0.0783,2.1154,0.0,0.0,0.0,29.9798,25.0,25.0,38.0,37.0,12.0,0.0,0.0,0.0,0.0,62.5829,0.0,45.95,0.0,0.0
21024.0,1.6782,0.0848,1.0,2.5441,349.9919,1.7987,0.7987,2.3745,1.3745,20.3074,1.8123,19.9448,1.7978,100.0,0.0,0.0,0.0,25.125,0.0,26.375,0.0,26.125,0.0,25.375,10.0,0.0,0.0086,53.0652,5.3065,2.0,585.8459,2.1071,0.8025,1.4512,0.6941,1.4394,0.0012,2.1129,0.0017,2.4357,10.0,0.0629,1.0017,0.1719,2.4572,0.0808,2.1295,0.0954,2.2013,0.0,0.0,0.0,29.9807,25.0,25.0,38.0,37.0,15.0,0.0,0.0,0.0,0.0,62.5834,0.0,45.95,0.0,0.0
21025.0,1.6781,0.0848,1.0,2.544,349.9832,1.7983,0.7983,2.3747,1.3747,20.3949,1.8158,19.9638,1.7986,100.0,0.0,0.0,0.0,25.125,0.0,26.375,0.0,26.25,0.0,25.25,10.0,0.0,0.0085,53.0651,5.3065,2.0,585.2135,2.1069,0.687,1.4386,0.6821,1.438,0.0012,2.1142,0.0017,2.4403,10.0,0.0634,1.0017,0.1684,2.4482,0.0854,2.1532,0.0814,2.1323,0.0,0.0,0.0,29.9808,25.0,25.0,38.0,37.0,13.0,0.0,0.0,0.0,0.0,62.583,0.0,45.95,0.0,0.0
21026.0,1.6782,0.0848,1.0,2.5441,350.0515,1.7982,0.7982,2.3745,1.3745,20.5391,1.8216,19.9585,1.7983,100.0,0.0,0.0,0.0,25.0,0.0,26.375,0.0,26.125,0.0,25.25,10.0,0.0,0.0082,53.0648,5.3065,2.0,584.9902,2.1069,0.5159,1.4199,0.6876,1.4386,0.0012,2.116,0.0017,2.4486,10.0,0.0658,1.0018,0.1354,2.3535,0.0825,2.1384,0.078,2.1141,0.0,0.0,0.0,29.981,25.0,25.0,38.0,37.0,13.0,0.0,0.0,0.0,0.0,62.5833,0.0,45.9506,0.0,0.0
21027.0,1.6782,0.0848,1.0,2.5446,350.4615,1.7987,0.7987,2.3747,1.3747,20.5081,1.8203,19.9483,1.7979,100.0,0.0,0.0,0.0,25.125,0.0,26.375,0.0,26.125,0.0,25.25,10.0,0.0,0.0089,53.0648,5.3065,2.0,582.3508,2.1061,0.4437,1.412,0.6824,1.4381,0.0012,2.1175,0.0017,2.4554,10.0,0.0646,1.0017,0.1423,2.375,0.0796,2.1228,0.0819,2.1353,0.0,0.0,0.0,29.9807,25.0,25.0,38.0,37.0,11.0,0.0,0.0,0.0,0.0,62.5829,0.0,45.95,0.0,0.0
21028.0,1.6781,0.0848,1.0,2.5443,350.1495,1.7984,0.7984,2.3751,1.3751,20.4344,1.8174,19.9422,1.7977,100.0,0.0,0.0,0.0,25.125,0.0,26.25,0.0,26.125,0.0,25.25,10.0,0.0,0.0088,53.0647,5.3065,2.0,585.4424,2.107,0.4484,1.4126,0.6724,1.437,0.0012,2.1188,0.0017,2.4599,10.0,0.0646,1.0017,0.1292,2.3332,0.0841,2.1468,0.0811,2.1307,0.0,0.0,0.0,29.981,25.0,25.0,38.0,37.0,13.0,0.0,0.0,0.0,0.0,62.583,0.0,45.9495,0.0,0.0
21029.0,1.6793,0.0849,1.0,2.5441,350.0281,1.7983,0.7983,2.3749,1.3749,20.3063,1.8123,19.9317,1.7973,100.0,0.0,0.0,0.0,25.125,0.0,26.25,0.0,26.125,0.0,25.25,10.0,0.0,0.0076,53.0644,5.3064,2.0,588.9262,2.108,0.4695,1.4149,0.6656,1.4362,0.0012,2.1202,0.0017,2.4682,10.0,0.0646,1.0017,0.1425,2.3758,0.0725,2.0822,0.0787,2.1178,0.0,0.0,0.0,29.9807,25.0,25.0,38.0,37.0,13.0,0.0,0.0,0.0,0.0,62.5835,0.0,45.9504,0.0,0.0
21030.0,1.6793,0.0849,1.0,2.5438,349.7787,1.7984,0.7984,2.3747,1.3747,20.3692,1.8148,19.9592,1.7984,100.0,0.0,0.0,0.0,25.125,0.0,26.375,0.0,26.125,0.0,25.25,10.0,0.0,0.0081,53.0638,5.3063,2.0,589.9164,2.1083,0.5033,1.4185,0.6611,1.4358,0.0012,2.1215,0.0017,2.4739,10.0,0.0581,1.0015,0.1327,2.3448,0.0604,2.0029,0.0724,2.0815,0.0,0.0,0.0,29.9806,25.0,25.0,38.0,37.0,14.0,0.0,0.0,0.0,0.0,62.5833,0.0,45.9504,0.0,0.0
21031.0,1.6794,0.0849,1.0,2.5439,349.8792,1.7981,0.7981,2.3745,1.3745,20.5322,1.8213,19.9624,1.7985,100.0,0.0,0.0,0.0,25.125,0.0,26.375,0.0,26.125,0.0,25.125,10.0,0.0,0.0079,53.0639,5.3064,2.0,598.9302,2.111,0.6127,1.4305,0.6504,1.4346,0.0013,2.123,0.0018,2.481,10.0,0.0618,1.0016,0.1971,2.5166,0.0598,1.9989,0.0674,2.0506,0.0,0.0,0.0,29.9804,25.0,25.0,38.0,37.0,13.0,0.0,0.0,0.0,0.0,62.583,0.0,45.9498,0.0,0.0
21032.0,1.6783,0.0848,1.0,2.5438,349.7861,1.7987,0.7987,2.3748,1.3748,20.5081,1.8203,19.9564,1.7983,100.0,0.0,0.0,0.0,25.125,0.0,26.375,0.0,26.125,0.0,25.5,10.0,0.0,0.0086,53.0637,5.3064,2.0,605.1793,2.1128,0.6897,1.4389,0.6482,1.4344,0.0013,2.1247,0.0018,2.4901,10.0,0.0622,1.0017,0.1869,2.4933,0.059,1.9929,0.0658,2.0399,0.0,0.0,0.0,29.9809,25.0,25.0,38.0,37.0,13.0,0.0,0.0,0.0,0.0,62.5837,0.0,45.9505,0.0,0.0
21033.0,1.6782,0.0848,1.0,2.544,349.915,1.7991,0.7991,2.3748,1.3748,20.4213,1.8169,19.9529,1.7981,100.0,0.0,0.0,0.0,25.0,0.0,26.25,0.0,26.25,0.0,25.25,10.0,0.0,0.0085,53.0635,5.3064,2.0,609.4193,2.114,0.6143,1.4306,0.6468,1.4342,0.0013,2.126,0.0018,2.4966,10.0,0.0571,1.0015,0.185,2.489,0.0484,1.9064,0.0806,2.1282,0.0,0.0,0.0,29.9817,25.0,25.0,38.0,37.0,14.0,0.0,0.0,0.0,0.0,62.5837,0.0,45.9505,0.0,0.0
21034.0,1.6782,0.0848,1.0,2.5438,349.8156,1.7992,0.7992,2.3743,1.3743,20.3204,1.8128,19.95,1.798,100.0,0.0,0.0,0.0,25.125,0.0,26.375,0.0,26.125,0.0,25.25,10.0,0.0,0.0081,53.0636,5.3064,2.0,609.3348,2.1139,0.6099,1.4302,0.6406,1.4335,0.0013,2.1272,0.0018,2.5024,10.0,0.0555,1.0015,0.1844,2.4876,0.0457,1.882,0.0923,2.1869,0.0,0.0,0.0,29.981,25.0,25.0,38.0,37.0,14.0,0.0,0.0,0.0,0.0,62.5833,0.0,45.9503,0.0,0.0
21035.0,1.6782,0.0848,1.0,2.5439,349.8747,1.7984,0.7984,2.3744,1.3744,20.3652,1.8146,19.9616,1.7985,100.0,0.0,0.0,0.0,25.125,0.0,26.375,0.0,26.125,0.0,25.25,10.0,0.0,0.0079,53.0629,5.3063,2.0,615.2178,2.1156,0.6492,1.4345,0.6355,1.433,0.0013,2.1287,0.0018,2.5107,10.0,0.0556,1.0015,0.1346,2.3509,0.0391,1.8137,0.0837,2.1446,0.0,0.0,0.0,29.9805,25.0,25.0,38.0,37.0,12.0,0.0,0.0,0.0,0.0,62.5833,0.0,45.9497,0.0,0.0
21036.0,1.6782,0.0848,1.0,2.5441,350.0132,1.7982,0.7982,2.3744,1.3744,20.5123,1.8205,19.9667,1.7987,100.0,0.0,0.0,0.0,25.125,0.0,26.5,0.0,26.125,0.0,25.375,10.0,0.0,0.0082,53.0631,5.3063,2.0,619.3827,2.1168,0.6559,1.4352,0.6376,1.4332,0.0013,2.1302,0.0018,2.5149,10.0,0.0609,1.0016,0.172,2.4575,0.0545,1.9581,0.0714,2.0758,0.0,0.0,0.0,29.9807,25.0,25.0,38.0,37.0,13.0,0.0,0.0,0.0,0.0,62.5827,0.0,45.9504,0.0,0.0
21037.0,1.6792,0.0849,1.0,2.544,349.9203,1.7985,0.7985,2.3748,1.3748,20.5404,1.8216,19.9507,1.798,100.0,0.0,0.0,0.0,25.125,0.0,26.375,0.0,26.125,0.0,25.25,10.0,0.0,0.009,53.0629,5.3063,2.0,624.8334,2.1183,0.6264,1.432,0.6391,1.4334,0.0013,2.1317,0.0018,2.5206,10.0,0.0588,1.0016,0.1967,2.5156,0.0461,1.8853,0.0808,2.1291,0.0,0.0,0.0,29.9802,25.0,25.0,38.0,37.0,14.0,0.0,0.0,0.0,0.0,62.5828,0.0,45.95,0.0,0.0
21038.0,1.6783,0.0848,1.0,2.5439,349.8344,1.7988,0.7988,2.3748,1.3748,20.4652,1.8186,19.9538,1.7982,100.0,0.0,0.0,0.0,25.125,0.0,26.375,0.0,26.125,0.0,25.25,10.0,0.0,0.0085,53.0627,5.3062,2.0,624.0132,2.1181,0.5707,1.4259,0.6337,1.4328,0.0013,2.133,0.0018,2.5316,10.0,0.0584,1.0016,0.2046,2.5327,0.0474,1.8972,0.0736,2.0888,0.0,0.0,0.0,29.9801,25.0,25.0,38.0,37.0,14.0,0.0,0.0,0.0,0.0,62.5832,0.0,45.95,0.0,0.0
21039.0,1.6792,0.0849,1.0,2.5438,349.8104,1.7988,0.7988,2.3746,1.3746,20.3452,1.8138,19.9502,1.798,100.0,0.0,0.0,0.0,25.125,0.0,26.375,0.0,26.125,0.0,25.25,10.0,0.0,0.0089,53.0622,5.3062,2.0,629.4433,2.1196,0.5912,1.4281,0.6314,1.4325,0.0013,2.1347,0.0018,2.5374,10.0,0.0571,1.0015,0.1976,2.5177,0.0414,1.8391,0.0764,2.1052,0.0,0.0,0.0,29.9804,25.0,25.0,38.0,37.0,13.0,0.0,0.0,0.0,0.0,62.5826,0.0,45.9502,0.0,0.0
21040.0,1.6782,0.0848,1.0,2.5441,349.9861,1.7985,0.7985,2.3744,1.3744,20.3375,1.8135,19.965,1.7986,100.0,0.0,0.0,0.0,25.25,0.0,26.375,0.0,26.125,0.0,25.25,10.0,0.0,0.0088,53.0622,5.3062,2.0,628.2713,2.1193,0.5063,1.4189,0.6269,1.432,0.0013,2.136,0.0018,2.542,10.0,0.0567,1.0015,0.1901,2.5008,0.0409,1.8341,0.0646,2.0323,0.0,0.0,0.0,29.9806,25.0,25.0,38.0,37.0,13.0,0.0,0.0,0.0,0.0,62.5833,0.0,45.9501,0.0,0.0
21041.0,1.6791,0.0849,1.0,2.5443,350.1716,1.7982,0.7982,2.3744,1.3744,20.4993,1.82,19.9666,1.7987,100.0,0.0,0.0,0.0,25.125,0.0,26.375,0.0,26.125,0.0,25.25,10.0,0.0,0.0092,53.0622,5.3062,2.0,634.0482,2.1208,0.5256,1.421,0.6306,1.4324,0.0013,2.1375,0.0018,2.5517,10.0,0.062,1.0017,0.2457,2.6123,0.0374,1.7942,0.0653,2.0366,0.0,0.0,0.0,29.9802,25.0,25.0,38.0,37.0,13.0,0.0,0.0,0.0,0.0,62.583,0.0,45.95,0.0,0.0
21042.0,1.6782,0.0848,1.0,2.5442,350.1062,1.7985,0.7985,2.3749,1.3749,20.5345,1.8214,19.9517,1.7981,100.0,0.0,0.0,0.0,25.0,0.0,26.375,0.0,26.25,0.0,25.25,10.0,0.0,0.0087,53.0616,5.3061,2.0,639.462,2.1223,0.5772,1.4266,0.6298,1.4323,0.0013,2.1389,0.0018,2.5555,10.0,0.0611,1.0016,0.2096,2.5433,0.1686,2.4487,0.0642,2.0291,0.0,0.0,0.0,29.9797,26.0,25.0,38.0,37.0,14.0,0.0,0.0,0.0,0.0,62.5827,0.0,45.9493,0.0,0.0
21043.0,1.6782,0.0848,1.0,2.5441,350.0618,1.7987,0.7987,2.3751,1.3751,20.4532,1.8181,19.9431,1.7977,100.0,0.0,0.0,0.0,25.125,0.0,26.375,0.0,26.125,0.0,25.375,10.0,0.0,0.0085,53.0613,5.3061,2.0,645.1036,2.1239,0.5938,1.4284,0.6343,1.4328,0.0014,2.1407,0.0019,2.5645,10.0,0.0617,1.0016,0.2502,2.6201,0.1367,2.3577,0.0642,2.0295,0.0,0.0,0.0,29.9806,26.0,25.0,38.0,37.0,15.0,0.0,0.0,0.0,0.0,62.5828,0.0,45.95,0.0,0.0
21044.0,1.6782,0.0848,1.0,2.5446,350.3932,1.7988,0.7988,2.3749,1.3749,20.3452,1.8138,19.9401,1.7976,100.0,0.0,0.0,0.0,25.0,0.0,26.375,0.0,26.25,0.0,25.125,10.0,0.0,0.0083,53.0615,5.3061,2.0,644.0747,2.1236,0.5334,1.4218,0.6281,1.4322,0.0014,2.1421,0.0019,2.5726,10.0,0.0675,1.0018,0.2017,2.5265,0.1316,2.341,0.0566,1.975,0.0,0.0,0.0,29.9808,26.0,25.0,38.0,37.0,14.0,0.0,0.0,0.0,0.0,62.5828,0.0,45.9501,0.0,0.0
21045.0,1.6764,0.0845,1.0,2.5442,350.0947,1.7986,0.7986,2.3744,1.3744,20.3257,1.813,19.9556,1.7982,100.0,0.0,0.0,0.0,25.125,0.0,26.375,0.0,26.125,0.0,25.25,10.0,0.0,0.009,53.0611,5.3061,2.0,649.4235,2.125,0.5948,1.4285,0.6259,1.4319,0.0014,2.1435,0.0019,2.5806,10.0,0.0649,1.0017,0.1937,2.509,0.1143,2.2799,0.0584,1.9881,0.0,0.0,0.0,29.9808,26.0,25.0,38.0,37.0,14.0,0.0,0.0,0.0,0.0,62.5834,0.0,45.9502,0.0,0.0
21046.0,1.675,0.0844,1.0,2.544,349.9388,1.7982,0.7982,2.3743,1.3743,20.4663,1.8187,19.968,1.7987,100.0,0.0,0.0,0.0,25.125,0.0,26.25,0.0,26.125,0.0,25.25,10.0,0.0,0.0081,53.0609,5.3061,2.0,653.7464,2.1262,0.5681,1.4256,0.622,1.4315,0.0014,2.1447,0.0019,2.5869,10.0,0.063,1.0017,0.192,2.5053,0.1,2.222,0.0704,2.0693,0.0,0.0,0.0,29.9805,26.0,25.0,38.0,37.0,14.0,0.0,0.0,0.0,0.0,62.5836,0.0,45.9504,0.0,0.0
21047.0,1.676,0.0845,1.0,2.5443,350.1745,1.7983,0.7983,2.3747,1.3747,20.5513,1.8221,19.9546,1.7982,100.0,0.0,0.0,0.0,25.125,0.0,26.375,0.0,26.125,0.0,25.375,10.0,0.0,0.0085,53.0608,5.306,2.0,655.9663,2.1268,0.573,1.4261,0.6222,1.4315,0.0014,2.146,0.0019,2.593,10.0,0.0625,1.0017,0.1728,2.4595,0.0996,2.2202,0.0675,2.0514,0.0,0.0,0.0,29.9813,26.0,25.0,38.0,37.0,14.0,0.0,0.0,0.0,0.0,62.5836,0.0,45.9504,0.0,0.0
21048.0,1.676,0.0845,1.0,2.5443,350.2144,1.7987,0.7987,2.3747,1.3747,20.4934,1.8197,19.9455,1.7978,100.0,0.0,0.0,0.0,25.0,0.0,26.375,0.0,26.125,0.0,25.25,10.0,0.0,0.0088,53.0608,5.3061,2.0,660.572,2.128,0.5865,1.4276,0.6249,1.4318,0.0014,2.1475,0.0019,2.5997,10.0,0.0642,1.0017,0.2486,2.6174,0.1176,2.2923,0.0604,2.0028,0.0,0.0,0.0,29.9811,26.0,25.0,38.0,37.0,14.0,0.0,0.0,0.0,0.0,62.5836,0.0,45.9504,0.0,0.0
21049.0,1.676,0.0845,1.0,2.5441,350.0284,1.7988,0.7988,2.3747,1.3747,20.3681,1.8147,19.9409,1.7976,100.0,0.0,0.0,0.0,25.125,0.0,26.375,0.0,26.125,0.0,25.25,10.0,0.0,0.0075,53.0601,5.306,2.0,666.2352,2.1295,0.6701,1.4367,0.6254,1.4319,0.0014,2.1492,0.0019,2.6062,10.0,0.0633,1.0017,0.2115,2.5471,0.102,2.2303,0.0619,2.0135,0.0,0.0,0.0,29.9804,26.0,25.0,38.0,37.0,14.0,0.0,1.0,0.0,0.0,62.5829,0.0,45.9503,0.0,0.0
21050.0,1.6761,0.0845,1.0,2.5438,349.7998,1.7987,0.7987,2.3744,1.3744,20.3092,1.8124,19.9489,1.798,100.0,0.0,0.0,0.0,25.125,0.0,26.375,0.0,26.125,0.0,25.25,10.0,0.0,0.0085,53.0596,5.306,2.0,672.6132,2.1311,0.6249,1.4318,0.6288,1.4322,0.0014,2.1505,0.0019,2.6146,10.0,0.0593,1.0016,0.2106,2.5454,0.1043,2.2401,0.0581,1.9859,0.0,0.0,0.0,29.9812,26.0,25.0,38.0,37.0,14.0,0.0,1.0,2.37,0.0,62.5829,0.0,45.9504,0.0,0.0
21051.0,1.676,0.0845,1.0,2.5439,349.8605,1.7982,0.7982,2.3743,1.3743,20.4475,1.8179,19.9672,1.7987,100.0,0.0,0.0,0.0,25.125,0.0,26.375,0.0,26.125,0.0,25.25,10.0,0.0,0.008,53.0603,5.306,2.0,674.1649,2.1315,0.659,1.4355,0.6176,1.431,0.0014,2.1518,0.0019,2.6223,10.0,0.0622,1.0017,0.2071,2.5381,0.0886,2.1694,0.0547,1.9598,0.0,0.0,0.0,29.9815,26.0,25.0,38.0,37.0,12.0,0.0,1.0,5.67,0.0,62.5835,0.0,45.9505,0.0,0.0
21052.0,1.6771,0.0846,1.0,2.544,349.9486,1.7987,0.7987,2.3743,1.3743,20.5407,1.8216,19.9646,1.7986,100.0,0.0,0.0,0.0,25.125,0.0,26.375,0.0,26.125,0.0,25.625,10.0,0.0,0.0087,53.0601,5.306,2.0,680.8672,2.1332,0.6682,1.4365,0.6166,1.4309,0.0014,2.1532,0.0019,2.6271,10.0,0.0561,1.0015,0.24,2.6021,0.09,2.176,0.0559,1.9689,0.0,0.0,0.0,29.9808,26.0,25.0,38.0,37.0,14.0,0.0,1.0,8.46,0.0,62.5835,0.0,45.95,0.0,0.0
21053.0,1.6771,0.0846,1.0,2.5436,349.6563,1.7988,0.7988,2.3747,1.3747,20.4749,1.819,19.945,1.7978,100.0,0.0,0.0,0.0,25.125,0.0,26.375,0.0,26.125,0.0,25.25,10.0,0.0,0.0085,53.0597,5.306,2.0,686.6695,2.1347,0.6982,1.4398,0.6204,1.4313,0.0014,2.1547,0.0019,2.6366,10.0,0.0535,1.0014,0.1912,2.5032,0.0838,2.1452,0.0664,2.0441,0.0,0.0,0.0,29.9803,26.0,25.0,38.0,37.0,12.0,0.0,1.0,11.7,0.0,62.583,0.0,45.9501,0.0,0.0
21054.0,1.678,0.0848,1.0,2.544,349.9748,1.7984,0.7984,2.3747,1.3747,20.3807,1.8152,19.9415,1.7977,100.0,0.0,0.0,0.0,25.125,0.0,26.375,0.0,26.375,0.0,25.25,10.0,0.0,0.008,53.0594,5.306,2.0,690.1635,2.1356,0.6769,1.4375,0.6074,1.4299,0.0014,2.1559,0.002,2.6457,10.0,0.0555,1.0015,0.1882,2.4964,0.0878,2.1653,0.064,2.0283,0.0,0.0,0.0,29.9801,26.0,25.0,38.0,37.0,15.0,0.0,1.0,14.79,0.0,62.5831,0.0,45.9502,0.0,0.0
21055.0,1.6782,0.0848,1.0,2.5443,350.179,1.7987,0.7987,2.3745,1.3745,20.3001,1.812,19.9465,1.7979,100.0,0.0,0.0,0.0,25.125,0.0,26.375,0.0,26.125,0.0,25.25,10.0,0.0,0.0084,53.0599,5.306,2.0,694.4124,2.1366,0.6371,1.4331,0.6093,1.4301,0.0015,2.1574,0.002,2.6521,10.0,0.0613,1.0016,0.1781,2.4726,0.0763,2.1046,0.057,1.9778,0.0,0.0,0.0,29.9807,26.0,25.0,38.0,37.0,14.0,0.0,1.0,17.88,0.0,62.583,0.0,45.9503,0.0,0.0
21056.0,1.6782,0.0848,1.0,2.5442,350.0935,1.7983,0.7983,2.3744,1.3744,20.3891,1.8156,19.9635,1.7985,100.0,0.0,0.0,0.0,25.125,0.0,26.375,0.0,26.125,0.0,25.25,10.0,0.0,0.0089,53.0593,5.3059,2.0,698.6578,2.1377,0.6653,1.4362,0.6154,1.4308,0.0015,2.1587,0.002,2.6573,10.0,0.0598,1.0016,0.1842,2.4872,0.0781,2.1147,0.0537,1.9518,0.0,0.0,0.0,29.9807,26.0,25.0,38.0,37.0,13.0,0.0,1.0,20.82,0.0,62.5828,0.0,45.9499,0.0,0.0
21057.0,1.6782,0.0848,1.0,2.5441,349.9904,1.7983,0.7983,2.3747,1.3747,20.5418,1.8217,19.9552,1.7982,100.0,0.0,0.0,0.0,25.125,0.0,26.375,0.0,26.25,0.0,25.25,10.0,0.0,0.0075,53.0589,5.3059,2.0,704.723,2.1392,0.7131,1.4414,0.6156,1.4308,0.0015,2.1606,0.002,2.6685,10.0,0.0638,1.0017,0.1743,2.4631,0.0691,2.0612,0.0668,2.0465,0.0,0.0,0.0,29.9804,26.0,25.0,38.0,37.0,13.0,0.0,1.0,23.91,0.0,62.5827,0.0,45.9494,0.0,0.0
