Unnamed: 0,adj neg air pressure raw,adj neg air pressure,current alarm mode,cont air counts raw,cont air counts,makeup wtr cond down raw,makeup wtr cond down,makeup wtr cond up raw,makeup wtr cond up,makeup wtr temp down,makeup wtr temp down raw,makeup wtr temp up,makeup wtr temp up raw,DAS health index,0-15 channel error,16-31 channel error status,error detection status 2,card temperature 2,error detection status 3,card temperature 3,error detection status 4,card temperature 4,error detection status 5,card temperature 5,fc positioning 10V supply,fiss-active-state,fiss-position,mag-current,mag-current-raw,mstat,nfd-1-cps,nfd-1cps-raw,nfd-1-cr,nfd-1-cr-raw,nfd-2-cr,nfd-2-cr-raw,nfd-2-log,nfd-2-log-raw,nfd-3-pwr,nfd-3-pwr-raw,nfd-3-pwr-rng,nfd-4-flux,nfd-4-flux-raw,ram-con-lvl,rom-con-lvl-raw,ram-pool-lvl,ram-pool-lvl-raw,ram-wtr-lvl,ram-wtr-lvl-raw,rcs-scram-rel-q,rcs-scram-st-q,rr-active-state,rr-position,rtpbtempa_00,rtpbtempb_00,rtpctempa_00,rtpctempb_00,rtphactcnta_00,rtphactcntb_00,src-active-state,src-position,ss1-active-state,ss1-position,ss2-active-state,ss2-position,ack-button,manual-scram
13707.0,1.7678,0.096,1.0,0.0801,1.2024,2.055,1.055,2.352,1.352,26.5845,2.0634,26.36,2.0544,100.0,0.0,0.0,0.0,24.5,0.0,25.75,0.0,25.75,0.0,24.75,10.0,0.0,0.009,53.3612,5.336,2.0,4.5864,1.2646,0.0357,1.3675,0.0205,1.3659,1.005e-05,1.0011,0.0108,1.9075,8.0,0.0748,1.002,0.1492,2.3956,0.0068,1.0564,0.0696,2.0646,0.0,0.0,0.0,-0.1428,25.0,24.0,37.0,37.0,14.0,0.0,0.0,0.0,0.0,-0.053,0.0,0.0118,0.0,0.0
13708.0,1.7668,0.0959,1.0,0.0796,1.201,2.0544,1.0544,2.3519,1.3519,26.7343,2.0694,26.3727,2.0549,100.0,0.0,0.0,0.0,24.625,0.0,25.625,0.0,25.75,0.0,24.75,10.0,0.0,0.007,53.3586,5.3358,2.0,4.5241,1.2622,-0.019,1.3616,0.0203,1.3659,1.005e-05,1.0011,0.0108,1.9071,8.0,0.0711,1.0019,0.1415,2.3727,0.006,0.9965,0.0606,2.0041,0.0,0.0,0.0,-0.1424,25.0,24.0,37.0,37.0,14.0,0.0,0.0,0.0,0.0,-0.0533,0.0,0.0121,0.0,0.0
13709.0,1.7688,0.0961,1.0,0.0797,1.2015,2.0547,1.0547,2.3525,1.3525,26.8151,2.0726,26.3554,2.0542,100.0,0.0,0.0,0.0,24.625,0.0,25.75,0.0,25.75,0.0,24.75,10.0,0.0,0.0069,53.3558,5.3354,2.0,4.459,1.2597,-0.0584,1.3573,0.0199,1.3658,1.005e-05,1.0011,0.0108,1.9069,8.0,0.0714,1.0019,0.123,2.3119,0.0057,0.9761,0.0651,2.0355,0.0,0.0,0.0,-0.1424,25.0,24.0,37.0,37.0,14.0,0.0,0.0,0.0,0.0,-0.053,0.0,0.0121,0.0,0.0
13710.0,1.769,0.0961,1.0,0.0796,1.2013,2.055,1.055,2.3527,1.3527,26.7576,2.0703,26.3408,2.0536,100.0,0.0,0.0,0.0,24.625,0.0,25.75,0.0,25.75,0.0,24.75,10.0,0.0,0.0079,53.3537,5.3352,2.0,4.3844,1.2568,-0.1394,1.3484,0.0196,1.3658,1.004e-05,1.001,0.0108,1.9068,8.0,0.0715,1.0019,0.119,2.2973,0.0062,1.0143,0.0762,2.1037,0.0,0.0,0.0,-0.1424,25.0,24.0,37.0,37.0,13.0,0.0,0.0,0.0,0.0,-0.0534,0.0,0.0122,0.0,0.0
13711.0,1.77,0.0963,1.0,0.0797,1.2014,2.055,1.055,2.3526,1.3526,26.6355,2.0654,26.3454,2.0538,100.0,0.0,0.0,0.0,24.625,0.0,25.75,0.0,25.75,0.0,24.75,10.0,0.0,0.01,53.3508,5.3349,2.0,4.4455,1.2592,-0.0274,1.3606,0.019,1.3657,1.004e-05,1.001,0.0108,1.9068,8.0,0.0677,1.0018,0.1111,2.2675,0.0061,1.0058,0.063,2.0212,0.0,0.0,0.0,-0.1429,25.0,24.0,37.0,37.0,13.0,0.0,0.0,0.0,64.0,-0.0506,0.0,0.012,0.0,0.0
13712.0,1.769,0.0961,1.0,0.0796,1.201,2.055,1.055,2.3523,1.3523,26.5718,2.0629,26.345,2.0538,100.0,0.0,0.0,0.0,24.625,0.0,25.875,0.0,25.75,0.0,24.75,10.0,0.0,0.007,53.3485,5.3347,2.0,4.5575,1.2635,0.0658,1.3708,0.0183,1.3656,1.004e-05,1.0009,0.0107,1.9062,8.0,0.0652,1.0017,0.1026,2.2329,0.0065,1.0354,0.0629,2.0204,0.0,0.0,0.0,-0.1427,25.0,24.0,37.0,37.0,12.0,0.0,0.0,0.0,64.0,0.1554,0.0,0.0119,0.0,0.0
13713.0,1.7681,0.096,1.0,0.0796,1.2012,2.0546,1.0546,2.352,1.352,26.6952,2.0678,26.3713,2.0549,100.0,0.0,0.0,0.0,24.625,0.0,25.75,0.0,25.875,0.0,24.75,10.0,0.0,0.0069,53.3459,5.3344,2.0,4.6249,1.266,0.0665,1.3709,0.0191,1.3657,1.004e-05,1.0009,0.0107,1.9062,8.0,0.0681,1.0018,0.114,2.2788,0.0058,0.9836,0.0616,2.0111,0.0,0.0,0.0,-0.1422,25.0,24.0,37.0,37.0,13.0,0.0,0.0,0.0,64.0,0.3653,0.0,0.012,0.0,0.0
13714.0,1.7685,0.0961,1.0,0.0798,1.2017,2.0548,1.0548,2.3522,1.3522,26.816,2.0726,26.3638,2.0546,100.0,0.0,0.0,0.0,24.625,0.0,25.75,0.0,25.75,0.0,24.75,10.0,0.0,0.0082,53.3435,5.3342,2.0,4.5561,1.2634,0.0363,1.3676,0.0193,1.3657,1.004e-05,1.001,0.0107,1.9063,8.0,0.0689,1.0018,0.0954,2.2012,0.0061,1.0072,0.0634,2.0238,0.0,0.0,0.0,-0.1423,25.0,24.0,37.0,37.0,14.0,0.0,0.0,0.0,64.0,0.5346,0.0,0.0114,0.0,0.0
13715.0,1.77,0.0962,1.0,0.0797,1.2014,2.0553,1.0553,2.3523,1.3523,26.7751,2.071,26.3501,2.054,100.0,0.0,0.0,0.0,24.625,0.0,25.75,0.0,25.75,0.0,24.75,10.0,0.0,0.0093,53.3411,5.334,2.0,4.5398,1.2628,0.0657,1.3708,0.0196,1.3658,1.004e-05,1.001,0.0107,1.906,8.0,0.0692,1.0018,0.0888,2.1701,0.0067,1.0502,0.0607,2.0051,0.0,0.0,0.0,-0.1425,25.0,24.0,37.0,37.0,16.0,0.0,0.0,0.0,64.0,0.7078,0.0,0.0116,0.0,0.0
13716.0,1.7689,0.0961,1.0,0.0797,1.2014,2.0551,1.0551,2.3523,1.3523,26.6659,2.0666,26.3462,2.0538,100.0,0.0,0.0,0.0,24.625,0.0,25.75,0.0,25.75,0.0,24.75,10.0,0.0,0.0068,53.3388,5.3337,2.0,4.591,1.2648,0.0462,1.3687,0.0178,1.3656,1.004e-05,1.001,0.0107,1.9057,8.0,0.0643,1.0017,0.0791,2.1202,0.0062,1.017,0.0538,1.9523,0.0,0.0,0.0,-0.1424,25.0,24.0,37.0,37.0,13.0,0.0,0.0,0.0,64.0,0.8793,0.0,0.012,0.0,0.0
13717.0,1.7703,0.0963,1.0,0.0795,1.2008,2.0551,1.0551,2.3521,1.3521,26.5692,2.0628,26.3407,2.0536,100.0,0.0,0.0,0.0,24.625,0.0,25.75,0.0,25.875,0.0,24.75,10.0,0.0,0.0065,53.336,5.3335,2.0,4.5353,1.2626,-0.0066,1.3629,0.0185,1.3657,1.004e-05,1.0008,0.0107,1.9055,8.0,0.0635,1.0017,0.0792,2.1207,0.0058,0.9856,0.0656,2.0386,0.0,0.0,0.0,-0.1429,25.0,24.0,37.0,37.0,14.0,0.0,0.0,0.0,64.0,1.1307,0.0,0.0122,0.0,0.0
13718.0,1.772,0.0965,1.0,0.0793,1.2004,2.0545,1.0545,2.3519,1.3519,26.6843,2.0674,26.3697,2.0548,100.0,0.0,0.0,0.0,24.625,0.0,25.875,0.0,25.75,0.0,24.625,10.0,0.0,0.0104,53.3335,5.3332,2.0,4.5298,1.2624,-0.0002,1.3636,0.0189,1.3657,1.004e-05,1.0009,0.0107,1.9051,8.0,0.0654,1.0017,0.0779,2.1132,0.0062,1.0114,0.067,2.0481,0.0,0.0,0.0,-0.1428,25.0,24.0,37.0,37.0,13.0,0.0,0.0,0.0,64.0,1.2308,0.0,0.0116,0.0,0.0
13719.0,1.7722,0.0965,1.0,0.0797,1.2015,2.0548,1.0548,2.3521,1.3521,26.8136,2.0725,26.3651,2.0546,100.0,0.0,0.0,0.0,24.625,0.0,25.75,0.0,25.75,0.0,24.75,10.0,0.0,0.0083,53.3317,5.333,2.0,4.49,1.2609,-0.0406,1.3592,0.0188,1.3657,1.004e-05,1.0009,0.0107,1.9051,8.0,0.0681,1.0018,0.1306,2.3379,0.006,1.0025,0.0643,2.0301,0.0,0.0,0.0,-0.1424,25.0,24.0,37.0,37.0,13.0,0.0,0.0,0.0,64.0,1.4309,0.0,0.0124,0.0,0.0
13720.0,1.7722,0.0965,1.0,0.0798,1.2017,2.0549,1.0549,2.3524,1.3524,26.785,2.0714,26.353,2.0541,100.0,0.0,0.0,0.0,24.625,0.0,25.875,0.0,25.75,0.0,24.75,10.0,0.0,0.0084,53.3308,5.3329,2.0,5.4814,1.2956,0.8507,1.4564,0.0194,1.3658,1.004e-05,1.001,0.0107,1.905,8.0,0.0696,1.0019,0.1262,2.323,0.0063,1.0214,0.0649,2.0338,0.0,0.0,0.0,-0.1422,25.0,24.0,37.0,37.0,15.0,0.0,0.0,0.0,64.0,1.5954,0.0,0.0119,0.0,0.0
13721.0,1.7721,0.0965,1.0,0.0796,1.2012,2.0551,1.0551,2.3523,1.3523,26.6837,2.0673,26.3465,2.0539,100.0,0.0,0.0,0.0,24.75,0.0,25.75,0.0,25.75,0.0,24.75,10.0,0.0,0.0086,53.3272,5.3326,2.0,5.5383,1.2974,0.7298,1.4433,0.0208,1.3659,1.005e-05,1.0011,0.0107,1.9049,8.0,0.0737,1.002,0.1586,2.4222,0.0062,1.0108,0.0599,1.9993,0.0,0.0,0.0,-0.1422,25.0,24.0,37.0,37.0,13.0,0.0,0.0,0.0,64.0,1.6992,0.0,0.0117,0.0,0.0
13722.0,1.7707,0.0963,1.0,0.08,1.2022,2.055,1.055,2.3521,1.3521,26.5584,2.0623,26.3488,2.054,100.0,0.0,0.0,0.0,24.75,0.0,25.75,0.0,25.75,0.0,24.75,10.0,0.0,0.0087,53.3242,5.3323,2.0,5.5035,1.2963,0.6886,1.4388,0.021,1.3659,1.005e-05,1.0011,0.0107,1.905,8.0,0.0722,1.0019,0.1277,2.3282,0.0056,0.9699,0.0571,1.9781,0.0,0.0,0.0,-0.1423,25.0,24.0,37.0,37.0,14.0,0.0,0.0,0.0,64.0,1.9402,0.0,0.0117,0.0,0.0
13723.0,1.7769,0.0971,1.0,0.0797,1.2015,2.0546,1.0546,2.3519,1.3519,26.6391,2.0656,26.3663,2.0547,100.0,0.0,0.0,0.0,24.75,0.0,25.75,0.0,25.75,0.0,24.75,10.0,0.0,0.0086,53.3221,5.3321,2.0,5.5211,1.2968,0.662,1.4359,0.0205,1.3659,1.005e-05,1.0011,0.0107,1.9045,8.0,0.0741,1.002,0.1246,2.3175,0.006,1.0028,0.049,1.9123,0.0,0.0,0.0,-0.1424,25.0,24.0,37.0,37.0,13.0,0.0,0.0,0.0,64.0,2.1337,0.0,0.012,0.0,0.0
13724.0,1.7774,0.0972,1.0,0.0799,1.202,2.0544,1.0544,2.3521,1.3521,26.7977,2.0719,26.3605,2.0544,100.0,0.0,0.0,0.0,24.625,0.0,25.75,0.0,25.875,0.0,24.625,10.0,0.0,0.0083,53.3197,5.3319,2.0,5.4562,1.2948,0.5844,1.4274,0.021,1.3659,1.005e-05,1.0011,0.0107,1.9043,8.0,0.0728,1.0019,0.1177,2.2925,0.0055,0.9625,0.0478,1.901,0.0,0.0,0.0,-0.1424,25.0,24.0,37.0,37.0,14.0,0.0,0.0,0.0,64.0,2.3058,0.0,0.012,0.0,0.0
13725.0,1.7767,0.0971,1.0,0.0798,1.2018,2.0552,1.0552,2.3524,1.3524,26.7931,2.0717,26.353,2.0541,100.0,0.0,0.0,0.0,24.625,0.0,25.75,0.0,25.875,0.0,24.625,10.0,0.0,0.0082,53.3172,5.3316,2.0,5.4236,1.2937,0.5583,1.4245,0.0204,1.3659,1.005e-05,1.0011,0.0107,1.9041,8.0,0.0728,1.0019,0.107,2.2514,0.0056,0.9693,0.0475,1.8983,0.0,0.0,0.0,-0.1423,25.0,24.0,37.0,37.0,14.0,0.0,0.0,0.0,64.0,2.4705,0.0,0.0119,0.0,0.0
13726.0,1.7763,0.097,1.0,0.0796,1.2011,2.0554,1.0554,2.3522,1.3522,26.6938,2.0678,26.3474,2.0539,100.0,0.0,0.0,0.0,24.625,0.0,25.75,0.0,25.875,0.0,24.75,10.0,0.0,0.0086,53.3146,5.3314,2.0,5.3743,1.2921,0.4857,1.4166,0.0201,1.3658,1.005e-05,1.0011,0.0107,1.9038,8.0,0.0722,1.0019,0.1083,2.2567,0.0055,0.9621,0.0436,1.8609,0.0,0.0,0.0,-0.1426,25.0,25.0,37.0,37.0,12.0,0.0,0.0,0.0,64.0,2.6584,0.0,0.012,0.0,0.0
13727.0,1.7724,0.0966,1.0,0.0796,1.2012,2.055,1.055,2.3521,1.3521,26.5688,2.0628,26.3453,2.0538,100.0,0.0,0.0,0.0,24.875,0.0,25.625,0.0,25.875,0.0,24.625,10.0,0.0,0.0089,53.3124,5.3311,2.0,5.3961,1.2928,0.4955,1.4177,0.02,1.3658,1.004e-05,1.001,0.0107,1.9035,8.0,0.0677,1.0018,0.1063,2.2484,0.0069,1.0608,0.042,1.8448,0.0,0.0,0.0,-0.142,25.0,25.0,37.0,37.0,15.0,0.0,0.0,0.0,64.0,2.862,0.0,0.012,0.0,0.0
13728.0,1.7709,0.0964,1.0,0.0795,1.2009,2.0548,1.0548,2.3519,1.3519,26.6093,2.0644,26.3655,2.0546,100.0,0.0,0.0,0.0,24.625,0.0,25.75,0.0,25.75,0.0,24.75,10.0,0.0,0.0086,53.3104,5.3309,2.0,5.4117,1.2933,0.4642,1.4143,0.0183,1.3656,1.004e-05,1.0009,0.0107,1.903,8.0,0.0639,1.0017,0.0922,2.1864,0.0061,1.0037,0.0548,1.9603,0.0,0.0,0.0,-0.1424,25.0,25.0,37.0,37.0,14.0,0.0,0.0,0.0,64.0,3.0425,0.0,0.0123,0.0,0.0
13729.0,1.769,0.0961,1.0,0.0796,1.2011,2.0545,1.0545,2.3517,1.3517,26.7892,2.0716,26.3729,2.0549,100.0,0.0,0.0,0.0,24.625,0.0,25.75,0.0,25.75,0.0,24.75,10.0,0.0,0.0084,53.3082,5.3307,2.0,5.4433,1.2943,0.4791,1.4159,0.0187,1.3657,1.004e-05,1.0009,0.0107,1.9028,8.0,0.0643,1.0017,0.0804,2.1269,0.0054,0.9551,0.057,1.9775,0.0,0.0,0.0,-0.1427,25.0,25.0,37.0,37.0,16.0,0.0,0.0,0.0,64.0,3.191,0.0,0.0114,0.0,0.0
13730.0,1.7661,0.0958,1.0,0.0798,1.2017,2.0548,1.0548,2.3524,1.3524,26.8059,2.0722,26.3478,2.0539,100.0,0.0,0.0,0.0,24.625,0.0,25.75,0.0,25.875,0.0,24.75,10.0,0.0,0.0088,53.306,5.3305,2.0,5.424,1.2937,0.4379,1.4114,0.0196,1.3658,1.004e-05,1.001,0.0107,1.9025,8.0,0.0671,1.0018,0.0881,2.1667,0.0061,1.0087,0.0556,1.9668,0.0,0.0,0.0,-0.1423,25.0,24.0,37.0,37.0,16.0,0.0,0.0,0.0,64.0,3.3693,0.0,0.0119,0.0,0.0
13731.0,1.7687,0.0961,1.0,0.0799,1.2019,2.055,1.055,2.3523,1.3523,26.7072,2.0683,26.3393,2.0536,100.0,0.0,0.0,0.0,24.625,0.0,25.625,0.0,25.875,0.0,24.625,10.0,0.0,0.009,53.3035,5.3302,2.0,5.366,1.2919,0.3815,1.4053,0.0209,1.3659,1.004e-05,1.001,0.0107,1.9025,8.0,0.0702,1.0019,0.0883,2.1677,0.0057,0.9785,0.0525,1.942,0.0,0.0,0.0,-0.1424,25.0,24.0,37.0,37.0,14.0,0.0,0.0,0.0,64.0,3.5566,0.0,0.012,0.0,0.0
13732.0,1.7727,0.0966,1.0,0.0799,1.2019,2.0551,1.0551,2.3522,1.3522,26.5947,2.0638,26.3361,2.0534,100.0,0.0,0.0,0.0,24.625,0.0,25.75,0.0,25.75,0.0,24.75,10.0,0.0,0.0084,53.3013,5.33,2.0,5.31,1.29,0.3522,1.4021,0.0206,1.3659,1.005e-05,1.0011,0.0107,1.9021,8.0,0.0752,1.002,0.0758,2.1013,0.0057,0.9803,0.0483,1.9056,0.0,0.0,0.0,-0.1426,25.0,24.0,37.0,37.0,13.0,0.0,0.0,0.0,64.0,3.73,0.0,0.012,0.0,0.0
13733.0,1.7722,0.0965,1.0,0.0797,1.2014,2.0548,1.0548,2.3519,1.3519,26.5863,2.0635,26.362,2.0545,100.0,0.0,0.0,0.0,24.625,0.0,25.75,0.0,25.75,0.0,24.75,10.0,0.0,0.0088,53.2989,5.3298,2.0,5.2833,1.2892,0.2769,1.3938,0.0202,1.3658,1.005e-05,1.0011,0.0107,1.902,8.0,0.0725,1.0019,0.1466,2.3879,0.0067,1.0467,0.0603,2.002,0.0,0.0,0.0,-0.1425,25.0,24.0,37.0,37.0,15.0,0.0,0.0,0.0,64.0,3.9333,0.0,0.0121,0.0,0.0
13734.0,1.7732,0.0967,1.0,0.0797,1.2014,2.0548,1.0548,2.3515,1.3515,26.7566,2.0703,26.3744,2.055,100.0,0.0,0.0,0.0,24.5,0.0,25.625,0.0,25.75,0.0,24.75,10.0,0.0,0.0087,53.2969,5.3296,2.0,5.2383,1.2877,0.2678,1.3928,0.0195,1.3658,1.005e-05,1.0011,0.0107,1.9016,8.0,0.0704,1.0019,0.1454,2.3843,0.0056,0.9729,0.0569,1.9766,0.0,0.0,0.0,-0.1426,25.0,24.0,37.0,37.0,15.0,0.0,0.0,0.0,64.0,4.0989,0.0,0.0117,0.0,0.0
13735.0,1.7723,0.0965,1.0,0.0796,1.2012,2.055,1.055,2.352,1.352,26.8225,2.0729,26.3574,2.0543,100.0,0.0,0.0,0.0,24.625,0.0,25.875,0.0,25.75,0.0,24.75,10.0,0.0,0.0083,53.2947,5.3294,2.0,5.1929,1.2862,0.1877,1.3841,0.0203,1.3659,1.004e-05,1.001,0.0107,1.9013,8.0,0.0703,1.0019,0.119,2.2975,0.0063,1.0196,0.0599,1.9995,0.0,0.0,0.0,-0.1426,25.0,24.0,37.0,37.0,14.0,0.0,0.0,0.0,64.0,4.2752,0.0,0.0119,0.0,0.0
13736.0,1.7711,0.0964,1.0,0.0796,1.2012,2.0551,1.0551,2.3522,1.3522,26.7299,2.0692,26.3486,2.0539,100.0,0.0,0.0,0.0,24.625,0.0,25.75,0.0,25.75,0.0,24.75,10.0,0.0,0.0088,53.2926,5.3292,2.0,5.0513,1.2814,0.0679,1.371,0.0207,1.3659,1.004e-05,1.001,0.0107,1.9011,8.0,0.0682,1.0018,0.1101,2.2638,0.0067,1.0467,0.0527,1.944,0.0,0.0,0.0,-0.1425,25.0,24.0,37.0,37.0,12.0,0.0,0.0,0.0,64.0,4.4584,0.0,0.0116,0.0,0.0
13737.0,1.772,0.0965,1.0,0.0795,1.201,2.0551,1.0551,2.3521,1.3521,26.6144,2.0646,26.3449,2.0538,100.0,0.0,0.0,0.0,24.625,0.0,25.875,0.0,25.75,0.0,24.75,10.0,0.0,0.0076,53.2903,5.3289,2.0,4.9152,1.2766,-0.0061,1.363,0.0191,1.3657,1.004e-05,1.0009,0.0107,1.9009,8.0,0.066,1.0018,0.1119,2.2708,0.0058,0.9878,0.0458,1.8824,0.0,0.0,0.0,-0.1424,25.0,24.0,37.0,37.0,13.0,0.0,0.0,0.0,64.0,4.7006,0.0,0.0119,0.0,0.0
13738.0,1.7711,0.0964,1.0,0.0795,1.2009,2.0553,1.0553,2.3516,1.3516,26.5901,2.0636,26.3608,2.0544,100.0,0.0,0.0,0.0,24.625,0.0,25.75,0.0,25.75,0.0,24.75,10.0,0.0,0.0087,53.2879,5.3287,2.0,4.9169,1.2767,0.0108,1.3648,0.0183,1.3656,1.004e-05,1.0009,0.0107,1.9005,8.0,0.0638,1.0017,0.118,2.2938,0.006,0.9984,0.0527,1.9439,0.0,0.0,0.0,-0.1424,25.0,24.0,37.0,37.0,13.0,0.0,0.0,0.0,64.0,4.803,0.0,0.0118,0.0,0.0
13739.0,1.7711,0.0964,1.0,0.0797,1.2014,2.0548,1.0548,2.3515,1.3515,26.7431,2.0697,26.3811,2.0552,100.0,0.0,0.0,0.0,24.625,0.0,25.875,0.0,25.75,0.0,24.75,10.0,0.0,0.0085,53.2859,5.3285,2.0,4.8774,1.2753,-0.0524,1.3579,0.0182,1.3656,1.004e-05,1.0009,0.0107,1.9003,8.0,0.0659,1.0018,0.1154,2.2839,0.0068,1.0518,0.0491,1.9131,0.0,0.0,0.0,-0.1423,25.0,24.0,37.0,37.0,14.0,0.0,0.0,0.0,64.0,4.996,0.0,0.0118,0.0,0.0
13740.0,1.7721,0.0965,1.0,0.0798,1.2018,2.0546,1.0546,2.3523,1.3523,26.8055,2.0722,26.3572,2.0543,100.0,0.0,0.0,0.0,24.625,0.0,25.75,0.0,25.75,0.0,24.75,10.0,0.0,0.0081,53.2839,5.3283,2.0,4.8448,1.2741,-0.0513,1.358,0.0188,1.3657,1.004e-05,1.0009,0.0107,1.9005,8.0,0.0692,1.0018,0.1051,2.2436,0.006,1.0012,0.0431,1.8561,0.0,0.0,0.0,-0.1425,25.0,24.0,37.0,37.0,14.0,0.0,0.0,0.0,64.0,5.2232,0.0,0.0117,0.0,0.0
13741.0,1.772,0.0965,1.0,0.0799,1.2021,2.055,1.055,2.3523,1.3523,26.7281,2.0691,26.3494,2.054,100.0,0.0,0.0,0.0,24.625,0.0,25.75,0.0,25.75,0.0,24.75,10.0,0.0,0.0087,53.2811,5.3279,2.0,4.7704,1.2714,-0.1071,1.3519,0.0205,1.3659,1.005e-05,1.0011,0.0107,1.9001,8.0,0.0728,1.0019,0.1444,2.3814,0.0059,0.9892,0.0583,1.9877,0.0,0.0,0.0,-0.1422,25.0,24.0,37.0,37.0,14.0,0.0,0.0,0.0,64.0,5.3886,0.0,0.0118,0.0,0.0
13742.0,1.7721,0.0965,1.0,0.0798,1.2018,2.0555,1.0555,2.3519,1.3519,26.6245,2.065,26.3453,2.0538,100.0,0.0,0.0,0.0,24.625,0.0,25.75,0.0,25.875,0.0,24.875,10.0,0.0,0.0077,53.2789,5.3278,2.0,4.7474,1.2706,-0.1216,1.3504,0.0206,1.3659,1.005e-05,1.0011,0.0107,1.9,8.0,0.0741,1.002,0.1402,2.3684,0.0067,1.0486,0.0542,1.9558,0.0,0.0,0.0,-0.1424,25.0,24.0,37.0,37.0,11.0,0.0,0.0,0.0,64.0,5.5033,0.0,0.0119,0.0,0.0
13743.0,1.774,0.0968,1.0,0.0796,1.2011,2.0554,1.0554,2.3516,1.3516,26.5704,2.0628,26.3567,2.0543,100.0,0.0,0.0,0.0,24.625,0.0,25.75,0.0,25.75,0.0,24.75,10.0,0.0,0.0086,53.2768,5.3276,2.0,4.7314,1.27,-0.1386,1.3485,0.0204,1.3659,1.005e-05,1.0011,0.0107,1.8997,8.0,0.0714,1.0019,0.1289,2.3323,0.0058,0.984,0.0565,1.9737,0.0,0.0,0.0,-0.1425,25.0,24.0,37.0,37.0,14.0,0.0,0.0,0.0,64.0,5.7951,0.0,0.0118,0.0,0.0
13744.0,1.7751,0.0969,1.0,0.0799,1.2019,2.0546,1.0546,2.3518,1.3518,26.7202,2.0688,26.372,2.0549,100.0,0.0,0.0,0.0,24.625,0.0,25.875,0.0,25.75,0.0,24.75,10.0,0.0,0.0086,53.2748,5.3274,2.0,4.7153,1.2694,-0.1111,1.3515,0.0195,1.3658,1.004e-05,1.001,0.0107,1.8991,8.0,0.0678,1.0018,0.1268,2.3249,0.0061,1.0081,0.052,1.9375,0.0,0.0,0.0,-0.1427,25.0,24.0,37.0,37.0,13.0,0.0,0.0,0.0,64.0,5.9868,0.0,0.0116,0.0,0.0
13745.0,1.7753,0.0969,1.0,0.0797,1.2015,2.0549,1.0549,2.3524,1.3524,26.8183,2.0727,26.3603,2.0544,100.0,0.0,0.0,0.0,24.625,0.0,25.75,0.0,25.75,0.0,24.75,10.0,0.0,0.0086,53.2726,5.3272,2.0,4.6974,1.2687,-0.1672,1.3454,0.0185,1.3657,1.004e-05,1.0009,0.0107,1.8989,8.0,0.0645,1.0017,0.156,2.415,0.0063,1.019,0.0502,1.9228,0.0,0.0,0.0,-0.1424,25.0,24.0,37.0,37.0,14.0,0.0,0.0,0.0,64.0,6.1579,0.0,0.012,0.0,0.0
13746.0,1.7748,0.0968,1.0,0.0797,1.2014,2.0554,1.0554,2.3519,1.3519,26.7553,2.0702,26.3499,2.054,100.0,0.0,0.0,0.0,24.625,0.0,25.625,0.0,25.75,0.0,24.75,10.0,0.0,0.0081,53.2706,5.3269,2.0,4.6769,1.268,-0.1152,1.3511,0.0197,1.3658,1.004e-05,1.001,0.0107,1.8988,8.0,0.0674,1.0018,0.1004,2.2236,0.0055,0.9601,0.0477,1.9001,0.0,0.0,0.0,-0.1424,25.0,24.0,37.0,37.0,13.0,0.0,0.0,0.0,64.0,6.3588,0.0,0.0117,0.0,0.0
13747.0,1.7732,0.0966,1.0,0.0797,1.2013,2.0551,1.0551,2.3522,1.3522,26.6529,2.0661,26.345,2.0538,100.0,0.0,0.0,0.0,24.625,0.0,25.875,0.0,25.75,0.0,24.75,10.0,0.0,0.0088,53.2688,5.3268,2.0,4.7158,1.2694,-0.1068,1.352,0.0185,1.3657,1.004e-05,1.0009,0.0107,1.8986,8.0,0.0624,1.0017,0.1069,2.251,0.0064,1.0285,0.061,2.0074,0.0,0.0,0.0,-0.1426,25.0,24.0,37.0,37.0,14.0,0.0,0.0,0.0,64.0,6.593,0.0,0.0119,0.0,0.0
13748.0,1.7724,0.0966,1.0,0.0797,1.2013,2.0554,1.0554,2.3517,1.3517,26.568,2.0627,26.3519,2.0541,100.0,0.0,0.0,0.0,24.625,0.0,25.625,0.0,25.75,0.0,24.625,10.0,0.0,0.0089,53.2664,5.3266,2.0,4.6535,1.2671,-0.166,1.3455,0.0183,1.3656,1.003e-05,1.0008,0.0107,1.8982,8.0,0.065,1.0017,0.1052,2.2437,0.0068,1.055,0.0549,1.9616,0.0,0.0,0.0,-0.1424,25.0,24.0,37.0,37.0,13.0,0.0,0.0,0.0,64.0,6.4477,0.0,0.0117,0.0,0.0
13749.0,1.7772,0.0972,1.0,0.0798,1.2017,2.0546,1.0546,2.3519,1.3519,26.6786,2.0671,26.369,2.0548,100.0,0.0,0.0,0.0,24.625,0.0,25.75,0.0,25.75,0.0,24.75,10.0,0.0,0.0089,53.2642,5.3263,2.0,4.6298,1.2662,-0.1804,1.344,0.0189,1.3657,1.004e-05,1.0009,0.0107,1.8983,8.0,0.0651,1.0017,0.1211,2.3051,0.0062,1.0139,0.05,1.9212,0.0,0.0,0.0,-0.1424,25.0,24.0,37.0,37.0,13.0,0.0,0.0,0.0,64.0,6.9313,0.0,0.0118,0.0,0.0
13750.0,1.7763,0.097,1.0,0.0799,1.2019,2.0544,1.0544,2.3522,1.3522,26.825,2.073,26.3576,2.0543,100.0,0.0,0.0,0.0,24.625,0.0,25.75,0.0,25.75,0.0,24.625,10.0,0.0,0.008,53.2623,5.3261,2.0,4.5337,1.2626,-0.251,1.3363,0.0198,1.3658,1.004e-05,1.001,0.0106,1.8981,8.0,0.071,1.0019,0.109,2.2593,0.0061,1.0043,0.055,1.9619,0.0,0.0,0.0,-0.1423,25.0,24.0,37.0,37.0,13.0,0.0,0.0,0.0,64.0,6.9112,0.0,0.0119,0.0,0.0
13751.0,1.7784,0.0973,1.0,0.0799,1.202,2.0549,1.0549,2.3523,1.3523,26.7739,2.071,26.3512,2.054,100.0,0.0,0.0,0.0,24.625,0.0,25.625,0.0,25.75,0.0,24.875,10.0,0.0,0.0089,53.2601,5.3259,2.0,4.5032,1.2614,-0.2314,1.3384,0.0208,1.3659,1.005e-05,1.0011,0.0106,1.8981,8.0,0.0742,1.002,0.1071,2.2515,0.0062,1.0177,0.0551,1.9626,0.0,0.0,0.0,-0.1423,25.0,24.0,37.0,37.0,15.0,0.0,0.0,0.0,64.0,6.8761,0.0,0.0117,0.0,0.0
13752.0,1.7783,0.0973,1.0,0.0796,1.2012,2.055,1.055,2.3523,1.3523,26.6663,2.0667,26.3366,2.0535,100.0,0.0,0.0,0.0,24.625,0.0,25.75,0.0,25.75,0.0,24.75,10.0,0.0,0.0082,53.2581,5.3257,2.0,4.4439,1.2591,-0.297,1.3312,0.0206,1.3659,1.005e-05,1.0011,0.0106,1.8977,8.0,0.0733,1.002,0.095,2.1997,0.0063,1.0208,0.0487,1.9091,0.0,0.0,0.0,-0.1425,25.0,24.0,37.0,37.0,14.0,0.0,0.0,0.0,64.0,6.8928,0.0,0.0121,0.0,0.0
13753.0,1.7793,0.0974,1.0,0.0797,1.2014,2.0551,1.0551,2.3521,1.3521,26.5588,2.0624,26.3492,2.054,100.0,0.0,0.0,0.0,24.5,0.0,25.625,0.0,25.75,0.0,24.75,10.0,0.0,0.0086,53.2559,5.3255,2.0,4.4444,1.2591,-0.2546,1.3359,0.0198,1.3658,1.004e-05,1.001,0.0106,1.8974,8.0,0.07,1.0019,0.0923,2.1871,0.0064,1.0308,0.0576,1.9824,0.0,0.0,0.0,-0.1425,25.0,24.0,37.0,37.0,12.0,0.0,0.0,0.0,64.0,7.7071,0.0,0.012,0.0,0.0
13754.0,1.7777,0.0972,1.0,0.0796,1.2012,2.055,1.055,2.3516,1.3516,26.6523,2.0661,26.3772,2.0551,100.0,0.0,0.0,0.0,24.625,0.0,25.75,0.0,25.75,0.0,24.625,10.0,0.0,0.008,53.254,5.3253,2.0,4.4204,1.2582,-0.2778,1.3333,0.0191,1.3657,1.004e-05,1.0009,0.0106,1.897,8.0,0.0624,1.0017,0.0873,2.163,0.007,1.0656,0.0579,1.9845,0.0,0.0,0.0,-0.1422,25.0,24.0,37.0,37.0,13.0,0.0,0.0,0.0,64.0,7.9378,0.0,0.0119,0.0,0.0
13755.0,1.7724,0.0966,1.0,0.0795,1.2009,2.0548,1.0548,2.3518,1.3518,26.8103,2.0724,26.3665,2.0547,100.0,0.0,0.0,0.0,24.625,0.0,25.75,0.0,25.75,0.0,24.75,10.0,0.0,0.0086,53.2518,5.3251,2.0,4.3829,1.2567,-0.303,1.3306,0.0183,1.3656,1.004e-05,1.0008,0.0106,1.8969,8.0,0.0631,1.0017,0.0803,2.1263,0.0055,0.9637,0.0535,1.9501,0.0,0.0,0.0,-0.1423,25.0,24.0,37.0,37.0,13.0,0.0,0.0,0.0,64.0,8.0209,0.0,0.0122,0.0,0.0
13756.0,1.7705,0.0963,1.0,0.0796,1.2012,2.0549,1.0549,2.352,1.352,26.7998,2.072,26.3532,2.0541,100.0,0.0,0.0,0.0,24.625,0.0,25.75,0.0,25.875,0.0,24.75,10.0,0.0,0.0082,53.25,5.3249,2.0,4.3552,1.2556,-0.2932,1.3317,0.0187,1.3657,1.004e-05,1.0009,0.0106,1.8967,8.0,0.0666,1.0018,0.0691,2.0616,0.0063,1.0217,0.0526,1.9429,0.0,0.0,0.0,-0.1427,25.0,24.0,37.0,37.0,13.0,0.0,0.0,0.0,64.0,8.2768,0.0,0.0115,0.0,0.0
13757.0,1.7706,0.0963,1.0,0.0796,1.2011,2.0551,1.0551,2.352,1.352,26.7038,2.0682,26.3482,2.0539,100.0,0.0,0.0,0.0,24.625,0.0,25.75,0.0,25.75,0.0,24.75,10.0,0.0,0.0083,53.2473,5.3246,2.0,4.3286,1.2545,-0.339,1.3267,0.0182,1.3656,1.004e-05,1.0009,0.0106,1.8964,8.0,0.0622,1.0017,0.0782,2.1153,0.0057,0.9758,0.0497,1.9182,0.0,0.0,0.0,-0.1423,25.0,24.0,37.0,37.0,13.0,0.0,0.0,0.0,64.0,8.4617,0.0,0.0116,0.0,0.0
13758.0,1.7704,0.0963,1.0,0.0795,1.2009,2.0554,1.0554,2.3517,1.3517,26.5792,2.0632,26.344,2.0538,100.0,0.0,0.0,0.0,24.625,0.0,25.75,0.0,25.875,0.0,24.75,10.0,0.0,0.0087,53.2455,5.3245,2.0,4.2607,1.2518,-0.3709,1.3232,0.0186,1.3657,1.004e-05,1.0009,0.0106,1.8963,8.0,0.0649,1.0017,0.078,2.114,0.0063,1.0192,0.0466,1.89,0.0,0.0,0.0,-0.1424,25.0,24.0,37.0,37.0,14.0,0.0,0.0,0.0,64.0,8.6434,0.0,0.0118,0.0,0.0
13759.0,1.7742,0.0968,1.0,0.0798,1.2017,2.0551,1.0551,2.3516,1.3516,26.6283,2.0651,26.3638,2.0546,100.0,0.0,0.0,0.0,24.75,0.0,25.75,0.0,25.75,0.0,24.75,10.0,0.0,0.0087,53.2439,5.3243,2.0,4.1987,1.2492,-0.3953,1.3205,0.019,1.3657,1.004e-05,1.0009,0.0106,1.8962,8.0,0.0659,1.0018,0.0724,2.0816,0.0062,1.0163,0.0475,1.8984,0.0,0.0,0.0,-0.1424,25.0,24.0,37.0,36.0,13.0,0.0,0.0,0.0,64.0,8.8295,0.0,0.0117,0.0,0.0
13760.0,1.7753,0.0969,1.0,0.0798,1.2017,2.0544,1.0544,2.3517,1.3517,26.8017,2.0721,26.3699,2.0548,100.0,0.0,0.0,0.0,24.625,0.0,25.75,0.0,25.75,0.0,24.75,10.0,0.0,0.0091,53.2418,5.3241,2.0,4.2445,1.2511,-0.3141,1.3294,0.019,1.3657,1.004e-05,1.001,0.0106,1.896,8.0,0.0664,1.0018,0.064,2.0282,0.0059,0.9916,0.0618,2.013,0.0,0.0,0.0,-0.1426,25.0,24.0,37.0,36.0,13.0,0.0,0.0,0.0,64.0,8.999,0.0,0.012,0.0,0.0
13761.0,1.7726,0.0966,1.0,0.0796,1.2013,2.0549,1.0549,2.3524,1.3524,26.7933,2.0717,26.3482,2.0539,100.0,0.0,0.0,0.0,24.625,0.0,25.75,0.0,25.75,0.0,24.75,10.0,0.0,0.0084,53.2393,5.3238,2.0,4.3463,1.2552,-0.2447,1.3369,0.0208,1.3659,1.005e-05,1.0011,0.0106,1.8957,8.0,0.0738,1.002,0.0587,1.9906,0.0062,1.0161,0.0573,1.98,0.0,0.0,0.0,-0.1426,25.0,24.0,37.0,36.0,13.0,0.0,0.0,0.0,64.0,9.1723,0.0,0.0119,0.0,0.0
13762.0,1.7683,0.096,1.0,0.0799,1.202,2.055,1.055,2.3519,1.3519,26.7048,2.0682,26.3472,2.0539,100.0,0.0,0.0,0.0,24.625,0.0,26.0,0.0,25.75,0.0,24.625,10.0,0.0,0.0084,53.2376,5.3237,2.0,4.3061,1.2536,-0.2807,1.333,0.0207,1.3659,1.005e-05,1.0011,0.0106,1.8956,8.0,0.0761,1.002,0.0574,1.9808,0.0065,1.0336,0.057,1.9774,0.0,0.0,0.0,-0.1423,25.0,24.0,37.0,36.0,14.0,0.0,0.0,0.0,64.0,9.349,0.0,0.0115,0.0,0.0
13763.0,1.7658,0.0957,1.0,0.0797,1.2014,2.0551,1.0551,2.3518,1.3518,26.5822,2.0633,26.3427,2.0537,100.0,0.0,0.0,0.0,24.625,0.0,25.625,0.0,25.75,0.0,24.75,10.0,0.0,0.0086,53.2357,5.3234,2.0,4.2521,1.2514,-0.2943,1.3315,0.0212,1.3659,1.005e-05,1.0011,0.0106,1.8957,8.0,0.073,1.0019,0.0586,1.9901,0.0056,0.9701,0.0674,2.0503,0.0,0.0,0.0,-0.1423,25.0,24.0,37.0,37.0,15.0,0.0,0.0,0.0,64.0,9.5189,0.0,0.0121,0.0,0.0
13764.0,1.7644,0.0955,1.0,0.0796,1.2012,2.0548,1.0548,2.3515,1.3515,26.5975,2.0639,26.362,2.0545,100.0,0.0,0.0,0.0,24.625,0.0,25.75,0.0,25.875,0.0,24.625,10.0,0.0,0.0088,53.2335,5.3232,2.0,4.2856,1.2528,-0.2339,1.3381,0.0202,1.3658,1.005e-05,1.0011,0.0106,1.8953,8.0,0.072,1.0019,0.0562,1.9712,0.006,1.0002,0.0618,2.0131,0.0,0.0,0.0,-0.1422,25.0,24.0,37.0,37.0,14.0,0.0,0.0,0.0,64.0,9.7019,0.0,0.0122,0.0,0.0
13765.0,1.7636,0.0955,1.0,0.0796,1.2011,2.0545,1.0545,2.352,1.352,26.7615,2.0705,26.364,2.0546,100.0,0.0,0.0,0.0,24.625,0.0,25.75,0.0,25.75,0.0,24.75,10.0,0.0,0.0088,53.2316,5.3231,2.0,4.3095,1.2538,-0.2391,1.3376,0.0196,1.3658,1.005e-05,1.0011,0.0106,1.895,8.0,0.0708,1.0019,0.1089,2.259,0.0059,0.9962,0.0613,2.009,0.0,0.0,0.0,-0.1424,25.0,24.0,37.0,37.0,15.0,0.0,0.0,0.0,64.0,9.8541,0.0,0.0119,0.0,0.0
13766.0,1.7651,0.0956,1.0,0.0795,1.201,2.0547,1.0547,2.3524,1.3524,26.8136,2.0725,26.3558,2.0542,100.0,0.0,0.0,0.0,24.625,0.0,25.75,0.0,25.75,0.0,24.75,10.0,0.0,0.0084,53.2298,5.3229,2.0,4.3695,1.2562,-0.1474,1.3476,0.0191,1.3657,1.004e-05,1.0009,0.0106,1.8948,8.0,0.0662,1.0018,0.1082,2.2559,0.0058,0.9825,0.0583,1.9878,0.0,0.0,0.0,-0.1424,25.0,24.0,37.0,37.0,12.0,0.0,0.0,0.0,64.0,10.0387,0.0,0.0121,0.0,0.0
13767.0,1.7658,0.0957,1.0,0.0796,1.2012,2.0554,1.0554,2.3519,1.3519,26.7146,2.0686,26.3489,2.054,100.0,0.0,0.0,0.0,24.625,0.0,25.75,0.0,25.75,0.0,24.875,10.0,0.0,0.0081,53.2275,5.3226,2.0,4.3905,1.257,-0.1469,1.3476,0.0184,1.3656,1.004e-05,1.001,0.0106,1.8943,8.0,0.0646,1.0017,0.1094,2.2609,0.0067,1.0449,0.0564,1.973,0.0,0.0,0.0,-0.1428,25.0,24.0,37.0,37.0,15.0,0.0,0.0,0.0,64.0,10.2099,0.0,0.012,0.0,0.0
13768.0,1.7668,0.0958,1.0,0.0796,1.2012,2.0555,1.0555,2.3518,1.3518,26.5939,2.0638,26.3454,2.0538,100.0,0.0,0.0,0.0,24.625,0.0,25.75,0.0,25.875,0.0,24.75,10.0,0.0,0.0077,53.2253,5.3225,2.0,4.5364,1.2627,-0.002,1.3634,0.0201,1.3658,1.005e-05,1.001,0.0106,1.8943,8.0,0.0717,1.0019,0.1044,2.2406,0.0058,0.9887,0.069,2.0608,0.0,0.0,0.0,-0.1422,25.0,24.0,37.0,37.0,14.0,0.0,0.0,0.0,64.0,10.3923,0.0,0.0121,0.0,0.0
13769.0,1.7679,0.096,1.0,0.0797,1.2014,2.0552,1.0552,2.3515,1.3515,26.5927,2.0637,26.3614,2.0545,100.0,0.0,0.0,0.0,24.5,0.0,25.75,0.0,25.75,0.0,24.75,10.0,0.0,0.0087,53.2234,5.3222,2.0,4.6249,1.266,0.0405,1.3681,0.0193,1.3657,1.004e-05,1.001,0.0106,1.8942,8.0,0.0674,1.0018,0.0892,2.1723,0.0059,0.9898,0.0716,2.077,0.0,0.0,0.0,-0.1423,25.0,24.0,37.0,37.0,14.0,0.0,0.0,0.0,64.0,10.5739,0.0,0.0121,0.0,0.0
13770.0,1.7692,0.0962,1.0,0.0796,1.2011,2.0548,1.0548,2.3515,1.3515,26.771,2.0708,26.3779,2.0551,100.0,0.0,0.0,0.0,24.625,0.0,25.75,0.0,25.875,0.0,24.75,10.0,0.0,0.0084,53.2216,5.3221,2.0,4.6091,1.2654,-0.014,1.3621,0.0187,1.3657,1.004e-05,1.001,0.0106,1.8939,8.0,0.0656,1.0017,0.0777,2.1123,0.0066,1.0444,0.0641,2.0288,0.0,0.0,0.0,-0.1424,25.0,24.0,37.0,37.0,15.0,0.0,0.0,0.0,64.0,10.7455,0.0,0.0118,0.0,0.0
13771.0,1.769,0.0961,1.0,0.0797,1.2013,2.0551,1.0551,2.352,1.352,26.8111,2.0724,26.364,2.0546,100.0,0.0,0.0,0.0,24.625,0.0,25.75,0.0,25.875,0.0,24.75,10.0,0.0,0.0083,53.2197,5.3219,2.0,4.5337,1.2626,-0.0518,1.358,0.0183,1.3656,1.004e-05,1.0009,0.0106,1.8937,8.0,0.063,1.0017,0.0892,2.172,0.006,1.0013,0.0775,2.1113,0.0,0.0,0.0,-0.1421,25.0,24.0,37.0,37.0,14.0,0.0,0.0,0.0,64.0,10.9049,0.0,0.0121,0.0,0.0
13772.0,1.7689,0.0961,1.0,0.0796,1.2011,2.0551,1.0551,2.3519,1.3519,26.7175,2.0687,26.3482,2.0539,100.0,0.0,0.0,0.0,24.625,0.0,25.75,0.0,25.75,0.0,24.875,10.0,0.0,0.0082,53.2178,5.3217,2.0,4.5007,1.2613,-0.0717,1.3558,0.0187,1.3657,1.004e-05,1.0009,0.0106,1.8935,8.0,0.0628,1.0017,0.0907,2.1794,0.0061,1.0063,0.0748,2.0958,0.0,0.0,0.0,-0.1424,25.0,24.0,37.0,37.0,14.0,0.0,0.0,0.0,64.0,11.073,0.0,0.0117,0.0,0.0
13773.0,1.7689,0.0961,1.0,0.0796,1.2012,2.0552,1.0552,2.3518,1.3518,26.6108,2.0644,26.345,2.0538,100.0,0.0,0.0,0.0,24.625,0.0,25.625,0.0,25.75,0.0,24.625,10.0,0.0,0.0083,53.2161,5.3215,2.0,4.452,1.2594,-0.1052,1.3522,0.0179,1.3656,1.003e-05,1.0008,0.0106,1.8935,8.0,0.0659,1.0018,0.0914,2.1826,0.0052,0.9397,0.0689,2.0603,0.0,0.0,0.0,-0.1424,25.0,24.0,37.0,37.0,14.0,0.0,0.0,0.0,64.0,11.2603,0.0,0.012,0.0,0.0
13774.0,1.7689,0.0961,1.0,0.0796,1.2012,2.055,1.055,2.3516,1.3516,26.5724,2.0629,26.3558,2.0542,100.0,0.0,0.0,0.0,24.625,0.0,25.75,0.0,25.75,0.0,24.625,10.0,0.0,0.0084,53.2141,5.3213,2.0,4.4814,1.2606,-0.0368,1.3596,0.0185,1.3657,1.004e-05,1.0009,0.0106,1.8931,8.0,0.0668,1.0018,0.0796,2.1226,0.0064,1.0261,0.0608,2.0057,0.0,0.0,0.0,-0.1424,25.0,24.0,37.0,37.0,13.0,0.0,0.0,0.0,64.0,11.4335,0.0,0.0122,0.0,0.0
13775.0,1.7689,0.0961,1.0,0.0795,1.2009,2.0545,1.0545,2.3512,1.3512,26.7162,2.0686,26.3722,2.0549,100.0,0.0,0.0,0.0,24.625,0.0,25.75,0.0,25.75,0.0,24.875,10.0,0.0,0.009,53.2124,5.3211,2.0,4.542,1.2629,-0.0142,1.3621,0.0188,1.3657,1.004e-05,1.0009,0.0106,1.893,8.0,0.0653,1.0017,0.0668,2.0469,0.0056,0.9702,0.0652,2.0358,0.0,0.0,0.0,-0.1423,25.0,25.0,37.0,37.0,16.0,0.0,0.0,0.0,64.0,11.6235,0.0,0.012,0.0,0.0
13776.0,1.767,0.0959,1.0,0.0798,1.2017,2.0546,1.0546,2.3519,1.3519,26.8089,2.0724,26.3608,2.0544,100.0,0.0,0.0,0.0,24.625,0.0,25.75,0.0,25.75,0.0,24.75,10.0,0.0,0.0084,53.2103,5.321,2.0,4.5029,1.2614,-0.0832,1.3546,0.0191,1.3657,1.004e-05,1.001,0.0106,1.893,8.0,0.0659,1.0018,0.0671,2.0486,0.0059,0.9935,0.0595,1.9962,0.0,0.0,0.0,-0.1425,25.0,25.0,37.0,37.0,15.0,0.0,0.0,0.0,64.0,11.8377,0.0,0.0118,0.0,0.0
13777.0,1.7661,0.0958,1.0,0.0798,1.2016,2.055,1.055,2.3519,1.3519,26.7404,2.0696,26.34,2.0536,100.0,0.0,0.0,0.0,24.625,0.0,25.75,0.0,25.75,0.0,24.625,10.0,0.0,0.0092,53.2087,5.3207,2.0,4.393,1.2571,-0.1634,1.3458,0.0188,1.3657,1.004e-05,1.0009,0.0106,1.8927,8.0,0.0666,1.0018,0.0686,2.0582,0.0065,1.0363,0.0565,1.974,0.0,0.0,0.0,-0.1419,25.0,25.0,37.0,37.0,14.0,0.0,0.0,0.0,64.0,11.9874,0.0,0.0116,0.0,0.0
13778.0,1.7663,0.0958,1.0,0.0797,1.2016,2.0551,1.0551,2.3518,1.3518,26.6349,2.0654,26.3367,2.0535,100.0,0.0,0.0,0.0,24.625,0.0,25.75,0.0,25.75,0.0,24.75,10.0,0.0,0.0085,53.2063,5.3205,2.0,4.3024,1.2535,-0.2156,1.3401,0.0181,1.3656,1.004e-05,1.0009,0.0106,1.8923,8.0,0.0642,1.0017,0.0668,2.0468,0.0054,0.9552,0.0581,1.986,0.0,0.0,0.0,-0.142,25.0,25.0,37.0,37.0,15.0,0.0,0.0,0.0,64.0,12.2122,0.0,0.0119,0.0,0.0
13779.0,1.767,0.0959,1.0,0.0795,1.201,2.0551,1.0551,2.3517,1.3517,26.5621,2.0625,26.3509,2.054,100.0,0.0,0.0,0.0,24.625,0.0,25.75,0.0,25.75,0.0,24.75,10.0,0.0,0.0084,53.2047,5.3204,2.0,4.2537,1.2515,-0.2556,1.3358,0.0185,1.3657,1.004e-05,1.0009,0.0106,1.8924,8.0,0.0632,1.0017,0.05,1.921,0.0057,0.9755,0.0505,1.9253,0.0,0.0,0.0,-0.1426,25.0,24.0,37.0,37.0,15.0,0.0,0.0,0.0,64.0,12.3539,0.0,0.0121,0.0,0.0
13780.0,1.7689,0.0961,1.0,0.0794,1.2007,2.0546,1.0546,2.3512,1.3512,26.6747,2.067,26.3709,2.0548,100.0,0.0,0.0,0.0,24.625,0.0,25.875,0.0,25.75,0.0,24.75,10.0,0.0,0.0088,53.2029,5.3202,2.0,4.1593,1.2476,-0.3161,1.3291,0.0183,1.3656,1.004e-05,1.0008,0.0106,1.8921,8.0,0.0631,1.0017,0.0537,1.9522,0.0064,1.0305,0.0525,1.9419,0.0,0.0,0.0,-0.1421,25.0,24.0,37.0,37.0,15.0,0.0,0.0,0.0,64.0,12.5655,0.0,0.0119,0.0,0.0
13781.0,1.7669,0.0959,1.0,0.0795,1.201,2.0549,1.0549,2.3514,1.3514,26.8175,2.0727,26.3635,2.0545,100.0,0.0,0.0,0.0,24.625,0.0,25.625,0.0,25.75,0.0,24.75,10.0,0.0,0.0089,53.2012,5.32,2.0,4.0881,1.2446,-0.315,1.3293,0.0189,1.3657,1.004e-05,1.0008,0.0106,1.892,8.0,0.0647,1.0017,0.048,1.9029,0.0062,1.0129,0.0599,1.9993,0.0,0.0,0.0,-0.1423,25.0,24.0,37.0,37.0,14.0,0.0,0.0,0.0,64.0,12.7299,0.0,0.0121,0.0,0.0
13782.0,1.7677,0.096,1.0,0.0796,1.2011,2.0554,1.0554,2.3516,1.3516,26.7766,2.0711,26.3525,2.0541,100.0,0.0,0.0,0.0,24.5,0.0,25.875,0.0,25.75,0.0,24.625,10.0,0.0,0.0081,53.1992,5.3198,2.0,4.1733,1.2482,-0.2701,1.3342,0.0185,1.3657,1.004e-05,1.0009,0.0106,1.8918,8.0,0.064,1.0017,0.0524,1.9409,0.0055,0.9618,0.0635,2.0249,0.0,0.0,0.0,-0.1426,25.0,24.0,37.0,37.0,16.0,0.0,0.0,0.0,64.0,12.9194,0.0,0.0122,0.0,0.0
13783.0,1.7709,0.0964,1.0,0.0796,1.201,2.0555,1.0555,2.3515,1.3515,26.6618,2.0665,26.3568,2.0543,100.0,0.0,0.0,0.0,24.5,0.0,25.75,0.0,25.75,0.0,24.75,10.0,0.0,0.0087,53.1969,5.3196,2.0,4.1638,1.2478,-0.2817,1.3329,0.0187,1.3657,1.004e-05,1.0009,0.0106,1.8914,8.0,0.0662,1.0018,0.0548,1.9609,0.0056,0.971,0.0603,2.0019,0.0,0.0,0.0,-0.1425,25.0,24.0,37.0,37.0,15.0,0.0,0.0,0.0,64.0,13.1054,0.0,0.012,0.0,0.0
13784.0,1.7711,0.0964,1.0,0.0797,1.2015,2.0556,1.0556,2.351,1.351,26.5721,2.0629,26.3639,2.0546,100.0,0.0,0.0,0.0,24.5,0.0,25.75,0.0,25.75,0.0,24.625,10.0,0.0,0.0089,53.1948,5.3194,2.0,4.1069,1.2454,-0.2871,1.3323,0.0185,1.3657,1.004e-05,1.0009,0.0106,1.8914,8.0,0.0668,1.0018,0.0452,1.8765,0.0064,1.0313,0.0491,1.9126,0.0,0.0,0.0,-0.1429,25.0,24.0,37.0,37.0,14.0,0.0,0.0,0.0,64.0,13.3013,0.0,0.0121,0.0,0.0
13785.0,1.7728,0.0966,1.0,0.0798,1.2016,2.0549,1.0549,2.3512,1.3512,26.661,2.0664,26.3712,2.0548,100.0,0.0,0.0,0.0,24.625,0.0,25.75,0.0,25.75,0.0,24.75,10.0,0.0,0.0083,53.1937,5.3193,2.0,4.0962,1.245,-0.2699,1.3342,0.0188,1.3657,1.004e-05,1.0009,0.0106,1.8913,8.0,0.0679,1.0018,0.041,1.8346,0.0058,0.9848,0.0533,1.9484,0.0,0.0,0.0,-0.1427,25.0,24.0,37.0,37.0,16.0,0.0,0.0,0.0,64.0,13.4928,0.0,0.0118,0.0,0.0
13786.0,1.7711,0.0964,1.0,0.0797,1.2015,2.0548,1.0548,2.3515,1.3515,26.8185,2.0727,26.3633,2.0545,100.0,0.0,0.0,0.0,24.5,0.0,25.75,0.0,25.75,0.0,24.75,10.0,0.0,0.0087,53.1912,5.319,2.0,4.1688,1.248,-0.2105,1.3407,0.019,1.3657,1.004e-05,1.0009,0.0106,1.8909,8.0,0.0662,1.0018,0.0335,1.7467,0.0061,1.0094,0.0502,1.923,0.0,0.0,0.0,-0.1422,25.0,24.0,37.0,37.0,14.0,0.0,0.0,0.0,64.0,13.6648,0.0,0.012,0.0,0.0
13787.0,1.7682,0.096,1.0,0.0798,1.2017,2.0553,1.0553,2.3515,1.3515,26.7833,2.0713,26.3546,2.0542,100.0,0.0,0.0,0.0,24.625,0.0,25.75,0.0,25.75,0.0,24.75,10.0,0.0,0.0084,53.1898,5.3189,2.0,4.1836,1.2486,-0.1901,1.3429,0.0188,1.3657,1.004e-05,1.0009,0.0106,1.8908,8.0,0.0669,1.0018,0.0398,1.8218,0.0062,1.0159,0.0477,1.9006,0.0,0.0,0.0,-0.1423,25.0,24.0,37.0,37.0,14.0,0.0,0.0,0.0,64.0,13.8699,0.0,0.0123,0.0,0.0
13788.0,1.7681,0.096,1.0,0.0797,1.2014,2.0553,1.0553,2.3515,1.3515,26.665,2.0666,26.3476,2.0539,100.0,0.0,0.0,0.0,24.75,0.0,25.875,0.0,25.75,0.0,24.75,10.0,0.0,0.0094,53.1878,5.3187,2.0,4.2719,1.2522,-0.1023,1.3525,0.0193,1.3657,1.004e-05,1.0009,0.0106,1.8907,8.0,0.0661,1.0018,0.0332,1.7426,0.0068,1.0544,0.0648,2.0336,0.0,0.0,0.0,-0.1424,25.0,24.0,37.0,37.0,14.0,0.0,0.0,0.0,64.0,14.051,0.0,0.0118,0.0,0.0
13789.0,1.7675,0.0959,1.0,0.0797,1.2015,2.055,1.055,2.3513,1.3513,26.5641,2.0626,26.3447,2.0538,100.0,0.0,0.0,0.0,24.625,0.0,25.75,0.0,25.75,0.0,24.75,10.0,0.0,0.0077,53.186,5.3185,2.0,4.3495,1.2554,-0.0507,1.3581,0.0189,1.3657,1.004e-05,1.001,0.0106,1.8906,8.0,0.0669,1.0018,0.0349,1.7647,0.0063,1.0185,0.0723,2.0813,0.0,0.0,0.0,-0.1419,25.0,24.0,37.0,37.0,16.0,0.0,0.0,0.0,64.0,14.2514,0.0,0.0123,0.0,0.0
13790.0,1.7668,0.0959,1.0,0.0796,1.2011,2.0547,1.0547,2.3512,1.3512,26.6414,2.0657,26.3674,2.0547,100.0,0.0,0.0,0.0,24.75,0.0,25.75,0.0,25.875,0.0,24.75,10.0,0.0,0.0082,53.184,5.3183,2.0,4.3448,1.2552,-0.0774,1.3552,0.0202,1.3658,1.004e-05,1.001,0.0106,1.8903,8.0,0.0734,1.002,0.0339,1.7525,0.0062,1.0127,0.0621,2.0151,0.0,0.0,0.0,-0.1424,25.0,24.0,37.0,37.0,13.0,0.0,0.0,0.0,64.0,14.4382,0.0,0.012,0.0,0.0
13791.0,1.7668,0.0958,1.0,0.0796,1.201,2.0548,1.0548,2.3513,1.3513,26.7916,2.0717,26.3775,2.0551,100.0,0.0,0.0,0.0,24.625,0.0,25.75,0.0,25.875,0.0,24.75,10.0,0.0,0.0083,53.1824,5.3181,2.0,4.3025,1.2535,-0.1012,1.3526,0.0203,1.3658,1.005e-05,1.0011,0.0106,1.8903,8.0,0.0705,1.0019,0.0297,1.6946,0.0055,0.966,0.0656,2.0391,0.0,0.0,0.0,-0.1429,25.0,24.0,37.0,37.0,14.0,0.0,0.0,0.0,64.0,14.633,0.0,0.0118,0.0,0.0
13792.0,1.7659,0.0957,1.0,0.0797,1.2015,2.0553,1.0553,2.3516,1.3516,26.7833,2.0713,26.3614,2.0545,100.0,0.0,0.0,0.0,24.5,0.0,25.75,0.0,25.75,0.0,24.75,10.0,0.0,0.0087,53.1805,5.318,2.0,4.3467,1.2553,-0.0191,1.3616,0.0204,1.3659,1.005e-05,1.0011,0.0106,1.8902,8.0,0.0741,1.002,0.0305,1.7066,0.0059,0.9897,0.0612,2.0089,0.0,0.0,0.0,-0.1422,25.0,24.0,37.0,37.0,14.0,0.0,0.0,0.0,64.0,14.8086,0.0,0.0116,0.0,0.0
13793.0,1.7668,0.0959,1.0,0.0797,1.2014,2.0551,1.0551,2.3515,1.3515,26.6779,2.0671,26.3466,2.0539,100.0,0.0,0.0,0.0,24.75,0.0,25.625,0.0,25.75,0.0,24.75,10.0,0.0,0.0088,53.1787,5.3178,2.0,4.3555,1.2556,-0.07,1.356,0.0208,1.3659,1.005e-05,1.0011,0.0106,1.8899,8.0,0.0744,1.002,0.0302,1.702,0.0055,0.962,0.0582,1.987,0.0,0.0,0.0,-0.1422,25.0,24.0,37.0,37.0,14.0,0.0,0.0,0.0,64.0,14.8729,0.0,0.0119,0.0,0.0
13794.0,1.7677,0.096,1.0,0.08,1.2022,2.0551,1.0551,2.3514,1.3514,26.5783,2.0631,26.3439,2.0538,100.0,0.0,0.0,0.0,24.625,0.0,25.75,0.0,25.75,0.0,24.625,10.0,0.0,0.0077,53.1769,5.3176,2.0,4.2789,1.2525,-0.0915,1.3537,0.0212,1.3659,1.005e-05,1.0012,0.0106,1.8899,8.0,0.0783,1.0021,0.0274,1.6604,0.006,0.9996,0.0563,1.9726,0.0,0.0,0.0,-0.1422,25.0,24.0,37.0,37.0,13.0,0.0,0.0,0.0,64.0,15.2018,0.0,0.0121,0.0,0.0
13795.0,1.7678,0.096,1.0,0.0799,1.2021,2.0547,1.0547,2.3512,1.3512,26.6104,2.0644,26.3656,2.0546,100.0,0.0,0.0,0.0,24.625,0.0,25.75,0.0,25.75,0.0,24.625,10.0,0.0,0.0081,53.1752,5.3174,2.0,4.2909,1.253,-0.1081,1.3518,0.0209,1.3659,1.005e-05,1.0011,0.0106,1.8898,8.0,0.0755,1.002,0.0241,1.6046,0.0066,1.0427,0.0517,1.935,0.0,0.0,0.0,-0.1426,25.0,24.0,37.0,37.0,14.0,0.0,0.0,0.0,64.0,15.3755,0.0,0.0121,0.0,0.0
13796.0,1.7686,0.0961,1.0,0.0798,1.2018,2.0544,1.0544,2.3512,1.3512,26.7775,2.0711,26.3727,2.0549,100.0,0.0,0.0,0.0,24.625,0.0,25.75,0.0,25.875,0.0,24.625,10.0,0.0,0.0089,53.1737,5.3173,2.0,4.3202,1.2542,-0.0733,1.3556,0.0209,1.3659,1.005e-05,1.0011,0.0105,1.8896,8.0,0.0739,1.002,0.0224,1.5727,0.0064,1.0296,0.0507,1.9267,0.0,0.0,0.0,-0.1427,25.0,24.0,37.0,37.0,13.0,0.0,0.0,0.0,64.0,15.4512,0.0,0.012,0.0,0.0
13797.0,1.7689,0.0961,1.0,0.0799,1.2019,2.0548,1.0548,2.3516,1.3516,26.8039,2.0722,26.349,2.054,100.0,0.0,0.0,0.0,24.5,0.0,25.75,0.0,25.75,0.0,24.75,10.0,0.0,0.0096,53.1717,5.3171,2.0,4.2894,1.253,-0.0911,1.3537,0.02,1.3658,1.004e-05,1.001,0.0105,1.8894,8.0,0.0737,1.002,0.0218,1.5601,0.0058,0.9828,0.06,2.0001,0.0,0.0,0.0,-0.1428,25.0,24.0,37.0,37.0,15.0,0.0,0.0,0.0,64.0,15.7671,0.0,0.0116,0.0,0.0
13798.0,1.77,0.0962,1.0,0.0798,1.2016,2.0551,1.0551,2.3515,1.3515,26.7086,2.0683,26.3398,2.0536,100.0,0.0,0.0,0.0,24.625,0.0,25.75,0.0,25.75,0.0,24.625,10.0,0.0,0.0081,53.1697,5.3169,2.0,4.254,1.2515,-0.0916,1.3536,0.0195,1.3658,1.004e-05,1.001,0.0105,1.8891,8.0,0.0675,1.0018,0.0221,1.5665,0.0059,0.9894,0.0555,1.966,0.0,0.0,0.0,-0.1424,25.0,24.0,37.0,37.0,16.0,0.0,0.0,0.0,64.0,15.974,0.0,0.0115,0.0,0.0
13799.0,1.7698,0.0962,1.0,0.0796,1.2012,2.0554,1.0554,2.3514,1.3514,26.5953,2.0638,26.3453,2.0538,100.0,0.0,0.0,0.0,24.75,0.0,25.75,0.0,25.875,0.0,24.75,10.0,0.0,0.0077,53.1685,5.3167,2.0,4.2382,1.2509,-0.1358,1.3488,0.0196,1.3658,1.004e-05,1.0009,0.0105,1.889,8.0,0.0657,1.0018,0.0235,1.5923,0.0055,0.9659,0.0551,1.9631,0.0,0.0,0.0,-0.1427,25.0,24.0,37.0,37.0,12.0,0.0,0.0,0.0,64.0,16.1482,0.0,0.0123,0.0,0.0
13800.0,1.7669,0.0959,1.0,0.0796,1.2013,2.0553,1.0553,2.3511,1.3511,26.5725,2.0629,26.3592,2.0544,100.0,0.0,0.0,0.0,24.75,0.0,25.625,0.0,25.875,0.0,24.75,10.0,0.0,0.0076,53.1663,5.3166,2.0,4.1291,1.2463,-0.2086,1.3409,0.019,1.3657,1.004e-05,1.0009,0.0105,1.8885,8.0,0.0664,1.0018,0.0182,1.481,0.0065,1.0321,0.0613,2.0091,0.0,0.0,0.0,-0.1423,25.0,24.0,37.0,37.0,12.0,0.0,0.0,0.0,64.0,16.2946,0.0,0.0118,0.0,0.0
13801.0,1.7669,0.0959,1.0,0.0797,1.2014,2.0545,1.0545,2.3512,1.3512,26.7402,2.0696,26.3638,2.0546,100.0,0.0,0.0,0.0,24.625,0.0,25.625,0.0,25.75,0.0,24.625,10.0,0.0,0.0084,53.1647,5.3164,2.0,4.1524,1.2473,-0.1539,1.3469,0.0195,1.3658,1.004e-05,1.001,0.0105,1.8885,8.0,0.0694,1.0019,0.0215,1.5534,0.0064,1.0288,0.0555,1.9661,0.0,0.0,0.0,-0.1422,25.0,24.0,37.0,37.0,14.0,0.0,0.0,0.0,64.0,16.4845,0.0,0.0117,0.0,0.0
13802.0,1.7679,0.096,1.0,0.0796,1.2013,2.0546,1.0546,2.3515,1.3515,26.8042,2.0722,26.3482,2.0539,100.0,0.0,0.0,0.0,24.625,0.0,25.75,0.0,25.75,0.0,24.625,10.0,0.0,0.0079,53.1631,5.3162,2.0,4.1076,1.2454,-0.2379,1.3377,0.0196,1.3658,1.004e-05,1.001,0.0105,1.8882,8.0,0.0685,1.0018,0.0205,1.5335,0.0065,1.0364,0.0542,1.9558,0.0,0.0,0.0,-0.1424,25.0,24.0,37.0,37.0,14.0,0.0,0.0,0.0,64.0,16.6544,0.0,0.012,0.0,0.0
13803.0,1.7679,0.096,1.0,0.0796,1.2011,2.0554,1.0554,2.3511,1.3511,26.7316,2.0693,26.3579,2.0543,100.0,0.0,0.0,0.0,24.625,0.0,25.875,0.0,25.75,0.0,24.75,10.0,0.0,0.0086,53.1611,5.3161,2.0,4.017,1.2416,-0.2686,1.3343,0.0206,1.3659,1.004e-05,1.001,0.0105,1.888,8.0,0.0702,1.0019,0.0196,1.5144,0.0065,1.0335,0.0477,1.9007,0.0,0.0,0.0,-0.1425,25.0,24.0,37.0,37.0,15.0,0.0,0.0,0.0,64.0,16.8169,0.0,0.0121,0.0,0.0
13804.0,1.768,0.096,1.0,0.0797,1.2013,2.0554,1.0554,2.351,1.351,26.613,2.0645,26.3519,2.0541,100.0,0.0,0.0,0.0,24.625,0.0,25.75,0.0,25.75,0.0,24.625,10.0,0.0,0.0076,53.1591,5.3158,2.0,4.0615,1.2435,-0.185,1.3435,0.0205,1.3659,1.005e-05,1.0011,0.0105,1.8881,8.0,0.0727,1.0019,0.0187,1.4936,0.0064,1.03,0.052,1.938,0.0,0.0,0.0,-0.1424,25.0,24.0,37.0,37.0,13.0,0.0,0.0,0.0,64.0,16.9901,0.0,0.012,0.0,0.0
13805.0,1.7689,0.0961,1.0,0.0797,1.2013,2.0548,1.0548,2.3511,1.3511,26.5931,2.0637,26.3604,2.0544,100.0,0.0,0.0,0.0,24.625,0.0,25.625,0.0,25.75,0.0,24.75,10.0,0.0,0.0078,53.1573,5.3157,2.0,4.0558,1.2432,-0.2397,1.3375,0.0211,1.3659,1.005e-05,1.0011,0.0105,1.8877,8.0,0.0735,1.002,0.0166,1.4417,0.0063,1.0211,0.0503,1.9232,0.0,0.0,0.0,-0.1426,25.0,24.0,37.0,37.0,14.0,0.0,0.0,0.0,64.0,17.1375,0.0,0.0119,0.0,0.0
13806.0,1.7701,0.0963,1.0,0.0799,1.2019,2.0545,1.0545,2.3511,1.3511,26.7414,2.0697,26.3724,2.0549,100.0,0.0,0.0,0.0,24.625,0.0,25.625,0.0,25.75,0.0,24.75,10.0,0.0,0.0083,53.1559,5.3155,2.0,4.1031,1.2452,-0.1391,1.3485,0.0213,1.366,1.005e-05,1.0011,0.0105,1.8874,8.0,0.0734,1.002,0.0147,1.3892,0.0064,1.0301,0.0622,2.016,0.0,0.0,0.0,-0.1424,25.0,24.0,37.0,37.0,13.0,0.0,0.0,0.0,64.0,17.3113,0.0,0.0123,0.0,0.0
13807.0,1.7693,0.0962,1.0,0.0802,1.2027,2.0546,1.0546,2.3515,1.3515,26.8173,2.0727,26.3607,2.0544,100.0,0.0,0.0,0.0,24.625,0.0,25.625,0.0,25.75,0.0,24.75,10.0,0.0,0.0085,53.1543,5.3153,2.0,4.1107,1.2456,-0.1419,1.3482,0.0213,1.366,1.005e-05,1.0011,0.0105,1.8877,8.0,0.0729,1.0019,0.0157,1.419,0.0065,1.0341,0.0554,1.9653,0.0,0.0,0.0,-0.1426,25.0,24.0,37.0,37.0,13.0,0.0,0.0,0.0,64.0,17.489,0.0,0.012,0.0,0.0
13808.0,1.769,0.0961,1.0,0.0797,1.2015,2.055,1.055,2.3515,1.3515,26.7522,2.0701,26.3508,2.054,100.0,0.0,0.0,0.0,24.625,0.0,25.75,0.0,25.75,0.0,24.625,10.0,0.0,0.0088,53.1526,5.3152,2.0,4.2135,1.2499,-0.0165,1.3618,0.021,1.3659,1.005e-05,1.0011,0.0105,1.8873,8.0,0.0744,1.002,0.0146,1.3849,0.0061,1.0041,0.0573,1.9798,0.0,0.0,0.0,-0.1425,25.0,24.0,37.0,37.0,15.0,0.0,0.0,0.0,64.0,17.6602,0.0,0.012,0.0,0.0
13809.0,1.7674,0.0959,1.0,0.0796,1.2012,2.0551,1.0551,2.3515,1.3515,26.6299,2.0652,26.3457,2.0538,100.0,0.0,0.0,0.0,24.625,0.0,25.875,0.0,25.75,0.0,24.75,10.0,0.0,0.0085,53.151,5.315,2.0,4.2884,1.2529,-0.0401,1.3593,0.0196,1.3658,1.004e-05,1.001,0.0105,1.8872,8.0,0.0726,1.0019,0.0135,1.3538,0.006,0.998,0.052,1.9376,0.0,0.0,0.0,-0.1422,25.0,24.0,37.0,37.0,14.0,0.0,0.0,0.0,64.0,17.8392,0.0,0.0119,0.0,0.0
13810.0,1.7668,0.0959,1.0,0.0799,1.2019,2.0554,1.0554,2.3512,1.3512,26.5666,2.0627,26.3542,2.0542,100.0,0.0,0.0,0.0,24.625,0.0,25.75,0.0,25.75,0.0,24.75,10.0,0.0,0.0082,53.1494,5.3149,2.0,4.3336,1.2547,0.0424,1.3683,0.0201,1.3658,1.004e-05,1.001,0.0105,1.8868,8.0,0.0684,1.0018,0.0139,1.3652,0.0059,0.9945,0.0503,1.9238,0.0,0.0,0.0,-0.1421,25.0,24.0,37.0,37.0,13.0,0.0,0.0,0.0,64.0,18.0267,0.0,0.0115,0.0,0.0
13811.0,1.7673,0.0959,1.0,0.0798,1.2016,2.0545,1.0545,2.3511,1.3511,26.7026,2.0681,26.3708,2.0548,100.0,0.0,0.0,0.0,24.625,0.0,25.875,0.0,25.75,0.0,24.75,10.0,0.0,0.0084,53.1475,5.3146,2.0,4.3516,1.2555,0.0459,1.3686,0.0188,1.3657,1.004e-05,1.0009,0.0105,1.8864,8.0,0.0635,1.0017,0.0105,1.2437,0.006,1.0016,0.0523,1.9402,0.0,0.0,0.0,-0.1423,25.0,24.0,37.0,37.0,13.0,0.0,0.0,0.0,64.0,18.1876,0.0,0.0118,0.0,0.0
13812.0,1.77,0.0962,1.0,0.0796,1.2011,2.0546,1.0546,2.3515,1.3515,26.8176,2.0727,26.3622,2.0545,100.0,0.0,0.0,0.0,24.625,0.0,25.625,0.0,25.75,0.0,24.75,10.0,0.0,0.0087,53.1456,5.3145,2.0,4.4003,1.2574,0.11,1.3756,0.019,1.3657,1.004e-05,1.0009,0.0105,1.8864,8.0,0.0666,1.0018,0.0103,1.2352,0.0066,1.0397,0.0644,2.0305,0.0,0.0,0.0,-0.1427,25.0,24.0,37.0,37.0,15.0,0.0,0.0,0.0,64.0,18.3569,0.0,0.0122,0.0,0.0
13813.0,1.7691,0.0961,1.0,0.0796,1.2012,2.0554,1.0554,2.3516,1.3516,26.7739,2.071,26.3593,2.0544,100.0,0.0,0.0,0.0,24.625,0.0,25.75,0.0,25.75,0.0,24.75,10.0,0.0,0.0089,53.1441,5.3143,2.0,4.4403,1.259,0.0949,1.374,0.0197,1.3658,1.004e-05,1.001,0.0105,1.8861,8.0,0.0683,1.0018,0.0107,1.252,0.0065,1.0315,0.0614,2.0103,0.0,0.0,0.0,-0.1427,25.0,25.0,37.0,37.0,13.0,0.0,0.0,0.0,64.0,18.5339,0.0,0.0118,0.0,0.0
13814.0,1.7689,0.0961,1.0,0.0795,1.201,2.0555,1.0555,2.3515,1.3515,26.6588,2.0664,26.3451,2.0538,100.0,0.0,0.0,0.0,24.625,0.0,25.75,0.0,25.75,0.0,24.75,10.0,0.0,0.008,53.1425,5.3142,2.0,4.3581,1.2557,0.0624,1.3704,0.0203,1.3658,1.004e-05,1.001,0.0105,1.8861,8.0,0.0701,1.0019,0.0683,2.0561,0.006,0.9988,0.0552,1.964,0.0,0.0,0.0,-0.1423,25.0,25.0,37.0,37.0,14.0,0.0,0.0,0.0,64.0,18.702,0.0,0.0121,0.0,0.0
13815.0,1.7691,0.0961,1.0,0.0798,1.2016,2.0554,1.0554,2.3513,1.3513,26.5603,2.0624,26.3512,2.054,100.0,0.0,0.0,0.0,24.625,0.0,25.625,0.0,25.75,0.0,24.75,10.0,0.0,0.0083,53.1406,5.314,2.0,4.3182,1.2541,0.001,1.3637,0.0199,1.3658,1.004e-05,1.001,0.0105,1.8861,8.0,0.0708,1.0019,0.0646,2.0321,0.0067,1.0481,0.0696,2.0645,0.0,0.0,0.0,-0.1425,25.0,25.0,37.0,37.0,14.0,0.0,0.0,0.0,64.0,18.8826,0.0,0.0119,0.0,0.0
13816.0,1.7689,0.0961,1.0,0.0797,1.2014,2.0545,1.0545,2.3511,1.3511,26.6735,2.0669,26.3683,2.0547,100.0,0.0,0.0,0.0,24.625,0.0,25.75,0.0,25.75,0.0,24.75,10.0,0.0,0.0083,53.1392,5.3139,2.0,4.3121,1.2539,0.0437,1.3684,0.0199,1.3658,1.005e-05,1.0011,0.0105,1.8861,8.0,0.0711,1.0019,0.063,2.0209,0.0072,1.0772,0.0696,2.0646,0.0,0.0,0.0,-0.1422,25.0,25.0,37.0,37.0,14.0,0.0,0.0,0.0,64.0,19.0436,0.0,0.0122,0.0,0.0
13817.0,1.7689,0.0961,1.0,0.0797,1.2015,2.0544,1.0544,2.3515,1.3515,26.8122,2.0725,26.3662,2.0546,100.0,0.0,0.0,0.0,24.625,0.0,25.75,0.0,25.875,0.0,24.75,10.0,0.0,0.0084,53.1375,5.3136,2.0,4.3344,1.2548,-0.0025,1.3634,0.0208,1.3659,1.005e-05,1.0011,0.0105,1.8857,8.0,0.0717,1.0019,0.0594,1.9955,0.0054,0.9566,0.0671,2.0488,0.0,0.0,0.0,-0.1424,25.0,24.0,37.0,37.0,16.0,0.0,0.0,0.0,64.0,19.2152,0.0,0.0121,0.0,0.0
13818.0,1.7689,0.0961,1.0,0.0796,1.2012,2.0551,1.0551,2.352,1.352,26.762,2.0705,26.3517,2.0541,100.0,0.0,0.0,0.0,24.625,0.0,25.75,0.0,25.875,0.0,24.75,10.0,0.0,0.0083,53.1355,5.3135,2.0,4.3803,1.2566,0.0874,1.3732,0.0206,1.3659,1.005e-05,1.0011,0.0105,1.8857,8.0,0.0733,1.002,0.068,2.0546,0.006,0.9985,0.069,2.0608,0.0,0.0,0.0,-0.1422,25.0,24.0,37.0,37.0,13.0,0.0,0.0,0.0,64.0,19.405,0.0,0.0123,0.0,0.0
13819.0,1.7683,0.096,1.0,0.0796,1.2012,2.0552,1.0552,2.3519,1.3519,26.6601,2.0664,26.3467,2.0539,100.0,0.0,0.0,0.0,24.5,0.0,25.75,0.0,25.875,0.0,24.75,10.0,0.0,0.0089,53.1342,5.3133,2.0,4.4422,1.259,0.0908,1.3735,0.0205,1.3659,1.005e-05,1.0011,0.0105,1.8857,8.0,0.0709,1.0019,0.0702,2.0682,0.006,0.997,0.07,2.0669,0.0,0.0,0.0,-0.1424,25.0,24.0,37.0,37.0,14.0,0.0,0.0,0.0,64.0,19.5791,0.0,0.0122,0.0,0.0
13820.0,1.7668,0.0959,1.0,0.0799,1.2021,2.0551,1.0551,2.3517,1.3517,26.5591,2.0624,26.3458,2.0538,100.0,0.0,0.0,0.0,24.5,0.0,25.75,0.0,25.875,0.0,24.875,10.0,0.0,0.0078,53.1323,5.3131,2.0,4.3797,1.2566,0.0671,1.371,0.0209,1.3659,1.005e-05,1.0011,0.0105,1.8855,8.0,0.0744,1.002,0.0568,1.9762,0.0053,0.944,0.0615,2.0107,0.0,0.0,0.0,-0.1422,25.0,24.0,37.0,37.0,15.0,0.0,0.0,0.0,64.0,19.7651,0.0,0.0121,0.0,0.0
13821.0,1.7666,0.0958,1.0,0.0801,1.2024,2.0546,1.0546,2.3515,1.3515,26.6466,2.0659,26.3589,2.0544,100.0,0.0,0.0,0.0,24.625,0.0,25.75,0.0,25.75,0.0,24.75,10.0,0.0,0.0086,53.1307,5.313,2.0,4.4594,1.2597,0.1445,1.3794,0.0208,1.3659,1.005e-05,1.0011,0.0105,1.885,8.0,0.0741,1.002,0.0564,1.9734,0.0066,1.0437,0.0744,2.0936,0.0,0.0,0.0,-0.1425,25.0,24.0,37.0,37.0,14.0,0.0,0.0,0.0,64.0,19.9888,0.0,0.0119,0.0,0.0
13822.0,1.7658,0.0957,1.0,0.0798,1.2016,2.0542,1.0542,2.3517,1.3517,26.794,2.0718,26.3591,2.0544,100.0,0.0,0.0,0.0,24.625,0.0,25.75,0.0,25.875,0.0,24.75,10.0,0.0,0.0083,53.1294,5.3129,2.0,4.4775,1.2604,0.1526,1.3803,0.0198,1.3658,1.004e-05,1.0009,0.0105,1.8851,8.0,0.0671,1.0018,0.0517,1.9354,0.0061,1.0093,0.0713,2.0751,0.0,0.0,0.0,-0.1427,25.0,24.0,37.0,37.0,14.0,0.0,0.0,0.0,64.0,20.1495,0.0,0.0119,0.0,0.0
13823.0,1.7658,0.0957,1.0,0.0798,1.2016,2.0549,1.0549,2.352,1.352,26.7802,2.0712,26.3446,2.0538,100.0,0.0,0.0,0.0,24.625,0.0,25.875,0.0,25.75,0.0,24.75,10.0,0.0,0.0085,53.1277,5.3127,2.0,4.5574,1.2635,0.2052,1.386,0.0188,1.3657,1.004e-05,1.0009,0.0105,1.8846,8.0,0.0684,1.0018,0.0475,1.8981,0.0062,1.0126,0.0616,2.0116,0.0,0.0,0.0,-0.1423,25.0,24.0,37.0,37.0,14.0,0.0,0.0,0.0,64.0,20.3221,0.0,0.0122,0.0,0.0
13824.0,1.7677,0.096,1.0,0.0797,1.2016,2.0551,1.0551,2.3519,1.3519,26.698,2.0679,26.347,2.0539,100.0,0.0,0.0,0.0,24.625,0.0,25.75,0.0,25.75,0.0,24.625,10.0,0.0,0.0088,53.1263,5.3126,2.0,4.6661,1.2676,0.3082,1.3973,0.0186,1.3657,1.004e-05,1.001,0.0105,1.8846,8.0,0.0665,1.0018,0.0437,1.8622,0.0061,1.01,0.0653,2.0368,0.0,0.0,0.0,-0.1424,25.0,24.0,37.0,37.0,14.0,0.0,0.0,0.0,64.0,20.5043,0.0,0.012,0.0,0.0
13825.0,1.7679,0.096,1.0,0.0797,1.2015,2.0555,1.0555,2.3514,1.3514,26.5775,2.0631,26.3447,2.0538,100.0,0.0,0.0,0.0,24.625,0.0,25.75,0.0,25.75,0.0,24.75,10.0,0.0,0.0091,53.1247,5.3124,2.0,4.8112,1.2729,0.388,1.406,0.0184,1.3656,1.004e-05,1.0008,0.0105,1.884,8.0,0.0646,1.0017,0.0387,1.8095,0.0056,0.9706,0.065,2.0349,0.0,0.0,0.0,-0.1423,25.0,24.0,37.0,37.0,14.0,0.0,0.0,0.0,64.0,20.6996,0.0,0.0119,0.0,0.0
13826.0,1.7671,0.0959,1.0,0.0795,1.2008,2.0551,1.0551,2.3512,1.3512,26.6155,2.0646,26.3745,2.055,100.0,0.0,0.0,0.0,24.625,0.0,25.75,0.0,25.75,0.0,24.75,10.0,0.0,0.009,53.1229,5.3122,2.0,4.8878,1.2756,0.4263,1.4101,0.0183,1.3656,1.004e-05,1.0009,0.0105,1.8841,8.0,0.0638,1.0017,0.0405,1.8294,0.006,1.0012,0.066,2.0413,0.0,0.0,0.0,-0.1427,25.0,24.0,37.0,37.0,13.0,0.0,0.0,0.0,64.0,20.8947,0.0,0.0122,0.0,0.0
13827.0,1.7668,0.0959,1.0,0.0795,1.2009,2.0548,1.0548,2.3513,1.3513,26.7797,2.0712,26.3824,2.0553,100.0,0.0,0.0,0.0,24.625,0.0,25.625,0.0,25.75,0.0,24.75,10.0,0.0,0.0086,53.1213,5.312,2.0,4.9521,1.2779,0.4627,1.4141,0.0184,1.3656,1.004e-05,1.0009,0.0105,1.884,8.0,0.0649,1.0017,0.1226,2.3103,0.006,1.0025,0.0602,2.0015,0.0,0.0,0.0,-0.1426,25.0,24.0,37.0,37.0,14.0,0.0,0.0,0.0,64.0,21.0835,0.0,0.0118,0.0,0.0
13828.0,1.7726,0.0966,1.0,0.0794,1.2007,2.0551,1.0551,2.3516,1.3516,26.7951,2.0718,26.3555,2.0542,100.0,0.0,0.0,0.0,24.625,0.0,25.75,0.0,25.75,0.0,24.75,10.0,0.0,0.0085,53.1195,5.3119,2.0,4.9708,1.2786,0.5081,1.4191,0.0187,1.3657,1.004e-05,1.0009,0.0105,1.8835,8.0,0.0662,1.0018,0.1111,2.2675,0.006,1.0001,0.0577,1.9832,0.0,0.0,0.0,-0.1422,25.0,24.0,37.0,37.0,13.0,0.0,0.0,0.0,64.0,21.2625,0.0,0.012,0.0,0.0
13829.0,1.7732,0.0966,1.0,0.0795,1.2009,2.0555,1.0555,2.3516,1.3516,26.6816,2.0673,26.3474,2.0539,100.0,0.0,0.0,0.0,24.5,0.0,25.75,0.0,25.75,0.0,24.625,10.0,0.0,0.0087,53.1174,5.3117,2.0,5.1219,1.2838,0.5383,1.4224,0.0183,1.3656,1.004e-05,1.0009,0.0105,1.8834,8.0,0.0665,1.0018,0.1052,2.244,0.0064,1.0289,0.0576,1.982,0.0,0.0,0.0,-0.1425,25.0,24.0,37.0,37.0,15.0,0.0,0.0,0.0,64.0,21.4455,0.0,0.0118,0.0,0.0
13830.0,1.7742,0.0968,1.0,0.0797,1.2015,2.0553,1.0553,2.3512,1.3512,26.5665,2.0627,26.3481,2.0539,100.0,0.0,0.0,0.0,24.625,0.0,25.75,0.0,25.75,0.0,24.75,10.0,0.0,0.0088,53.1162,5.3116,2.0,5.0549,1.2815,0.44,1.4116,0.0185,1.3657,1.004e-05,1.0009,0.0105,1.8835,8.0,0.065,1.0017,0.0803,2.1263,0.0067,1.0497,0.0645,2.0311,0.0,0.0,0.0,-0.1423,25.0,24.0,37.0,37.0,14.0,0.0,0.0,0.0,64.0,21.6508,0.0,0.0115,0.0,0.0
13831.0,1.7742,0.0968,1.0,0.0797,1.2014,2.0551,1.0551,2.3512,1.3512,26.5918,2.0637,26.3624,2.0545,100.0,0.0,0.0,0.0,24.625,0.0,25.75,0.0,25.75,0.0,24.75,10.0,0.0,0.0081,53.115,5.3114,2.0,4.981,1.2789,0.3512,1.402,0.0179,1.3656,1.004e-05,1.0009,0.0105,1.8831,8.0,0.0635,1.0017,0.0979,2.2125,0.0054,0.956,0.0611,2.0079,0.0,0.0,0.0,-0.1423,25.0,24.0,37.0,37.0,11.0,0.0,0.0,0.0,64.0,21.8417,0.0,0.0123,0.0,0.0
13832.0,1.7742,0.0968,1.0,0.0796,1.2012,2.0549,1.0549,2.3512,1.3512,26.7562,2.0702,26.3815,2.0553,100.0,0.0,0.0,0.0,24.625,0.0,25.75,0.0,25.875,0.0,24.75,10.0,0.0,0.0082,53.1132,5.3112,2.0,4.9592,1.2782,0.3902,1.4062,0.0181,1.3656,1.004e-05,1.0009,0.0105,1.883,8.0,0.0636,1.0017,0.0921,2.1861,0.0055,0.9637,0.0601,2.0004,0.0,0.0,0.0,-0.1425,25.0,24.0,37.0,37.0,14.0,0.0,0.0,0.0,64.0,22.0405,0.0,0.0117,0.0,0.0
13833.0,1.7712,0.0964,1.0,0.0797,1.2014,2.0552,1.0552,2.3513,1.3513,26.7991,2.072,26.3565,2.0543,100.0,0.0,0.0,0.0,24.625,0.0,25.75,0.0,25.75,0.0,24.625,10.0,0.0,0.0086,53.1115,5.3111,2.0,4.9961,1.2795,0.3525,1.4021,0.0205,1.3659,1.004e-05,1.001,0.0105,1.8829,8.0,0.0705,1.0019,0.0722,2.0804,0.006,1.0013,0.0579,1.9847,0.0,0.0,0.0,-0.1425,25.0,24.0,37.0,37.0,12.0,0.0,0.0,0.0,64.0,22.2446,0.0,0.0119,0.0,0.0
13834.0,1.768,0.096,1.0,0.0796,1.2012,2.0554,1.0554,2.3515,1.3515,26.719,2.0688,26.3479,2.0539,100.0,0.0,0.0,0.0,24.5,0.0,25.75,0.0,25.75,0.0,24.75,10.0,0.0,0.0085,53.11,5.3109,2.0,4.8839,1.2755,0.272,1.3933,0.0206,1.3659,1.004e-05,1.001,0.0105,1.883,8.0,0.0708,1.0019,0.0617,2.0124,0.0064,1.0251,0.0554,1.965,0.0,0.0,0.0,-0.1428,25.0,24.0,37.0,37.0,14.0,0.0,0.0,0.0,64.0,22.4293,0.0,0.0121,0.0,0.0
13835.0,1.7668,0.0959,1.0,0.0796,1.2013,2.0552,1.0552,2.3515,1.3515,26.5908,2.0636,26.3442,2.0538,100.0,0.0,0.0,0.0,24.625,0.0,25.875,0.0,25.75,0.0,24.75,10.0,0.0,0.0082,53.1083,5.3107,2.0,4.8958,1.2759,0.261,1.3921,0.0204,1.3659,1.005e-05,1.0011,0.0105,1.883,8.0,0.0701,1.0019,0.0824,2.1376,0.006,0.9997,0.049,1.9118,0.0,0.0,0.0,-0.1422,25.0,24.0,37.0,37.0,15.0,0.0,0.0,0.0,64.0,22.4328,0.0,0.0122,0.0,0.0
13836.0,1.7658,0.0957,1.0,0.0798,1.2016,2.0552,1.0552,2.3511,1.3511,26.5764,2.0631,26.3573,2.0543,100.0,0.0,0.0,0.0,24.625,0.0,25.75,0.0,25.875,0.0,24.75,10.0,0.0,0.0089,53.1066,5.3106,2.0,4.8484,1.2742,0.2437,1.3902,0.0205,1.3659,1.005e-05,1.0011,0.0105,1.8826,8.0,0.0712,1.0019,0.0702,2.0679,0.0066,1.0411,0.0516,1.9347,0.0,0.0,0.0,-0.1422,25.0,24.0,37.0,37.0,14.0,0.0,0.0,0.0,64.0,22.7811,0.0,0.0123,0.0,0.0
13837.0,1.7658,0.0957,1.0,0.0798,1.2016,2.0545,1.0545,2.3511,1.3511,26.7258,2.069,26.3734,2.0549,100.0,0.0,0.0,0.0,24.75,0.0,25.75,0.0,25.75,0.0,24.75,10.0,0.0,0.0088,53.1051,5.3104,2.0,4.809,1.2728,0.186,1.3839,0.0198,1.3658,1.005e-05,1.0011,0.0105,1.8827,8.0,0.072,1.0019,0.0764,2.1047,0.0059,0.9956,0.0458,1.8829,0.0,0.0,0.0,-0.1422,25.0,24.0,37.0,37.0,12.0,0.0,0.0,0.0,64.0,22.9812,0.0,0.0118,0.0,0.0
13838.0,1.7658,0.0957,1.0,0.0797,1.2014,2.0546,1.0546,2.3516,1.3516,26.8157,2.0726,26.359,2.0544,100.0,0.0,0.0,0.0,24.625,0.0,25.75,0.0,25.75,0.0,24.75,10.0,0.0,0.0079,53.1036,5.3103,2.0,4.8242,1.2734,0.2054,1.386,0.0204,1.3659,1.005e-05,1.0011,0.0105,1.8826,8.0,0.0719,1.0019,0.1167,2.2891,0.006,1.0005,0.0484,1.9064,0.0,0.0,0.0,-0.1423,25.0,24.0,37.0,37.0,14.0,0.0,0.0,0.0,64.0,23.1778,0.0,0.0121,0.0,0.0
13839.0,1.7658,0.0957,1.0,0.0795,1.2009,2.0551,1.0551,2.3515,1.3515,26.7499,2.07,26.3502,2.054,100.0,0.0,0.0,0.0,24.625,0.0,25.75,0.0,25.75,0.0,24.75,10.0,0.0,0.0088,53.1024,5.3101,2.0,4.8541,1.2744,0.2087,1.3864,0.0199,1.3658,1.005e-05,1.0011,0.0105,1.8818,8.0,0.0723,1.0019,0.1234,2.3133,0.0051,0.9264,0.0484,1.9063,0.0,0.0,0.0,-0.1428,25.0,24.0,37.0,37.0,14.0,0.0,0.0,0.0,64.0,23.3503,0.0,0.012,0.0,0.0
13840.0,1.7657,0.0957,1.0,0.0797,1.2013,2.055,1.055,2.3514,1.3514,26.6249,2.065,26.3359,2.0534,100.0,0.0,0.0,0.0,24.625,0.0,25.75,0.0,25.75,0.0,24.75,10.0,0.0,0.0082,53.1005,5.31,2.0,4.8585,1.2746,0.1684,1.382,0.0206,1.3659,1.005e-05,1.001,0.0105,1.8818,8.0,0.0703,1.0019,0.1227,2.3107,0.0057,0.9773,0.0486,1.9089,0.0,0.0,0.0,-0.1424,25.0,24.0,37.0,37.0,13.0,0.0,0.0,0.0,64.0,23.5616,0.0,0.0121,0.0,0.0
13841.0,1.7657,0.0957,1.0,0.0797,1.2015,2.055,1.055,2.3512,1.3512,26.5675,2.0627,26.3468,2.0539,100.0,0.0,0.0,0.0,24.625,0.0,25.75,0.0,25.875,0.0,24.75,10.0,0.0,0.0081,53.099,5.3098,2.0,4.7335,1.2701,0.1081,1.3754,0.0204,1.3659,1.005e-05,1.0011,0.0105,1.8818,8.0,0.0713,1.0019,0.1305,2.3374,0.0063,1.0227,0.0559,1.9694,0.0,0.0,0.0,-0.1424,25.0,24.0,37.0,37.0,14.0,0.0,0.0,0.0,64.0,23.7397,0.0,0.0119,0.0,0.0
13842.0,1.7656,0.0957,1.0,0.0798,1.2016,2.0548,1.0548,2.3508,1.3508,26.6971,2.0679,26.3704,2.0548,100.0,0.0,0.0,0.0,24.625,0.0,25.875,0.0,25.75,0.0,24.75,10.0,0.0,0.0091,53.0972,5.3096,2.0,4.6778,1.268,0.0461,1.3687,0.0203,1.3659,1.005e-05,1.0011,0.0105,1.8815,8.0,0.0728,1.0019,0.113,2.2748,0.0065,1.0372,0.0552,1.9636,0.0,0.0,0.0,-0.1421,25.0,24.0,37.0,37.0,14.0,0.0,0.0,0.0,64.0,23.8969,0.0,0.0122,0.0,0.0
13843.0,1.7646,0.0956,1.0,0.0795,1.201,2.0548,1.0548,2.3511,1.3511,26.8142,2.0726,26.3712,2.0548,100.0,0.0,0.0,0.0,24.625,0.0,25.75,0.0,25.75,0.0,24.75,10.0,0.0,0.0084,53.0958,5.3095,2.0,4.6703,1.2677,0.0633,1.3705,0.0208,1.3659,1.005e-05,1.0011,0.0105,1.8815,8.0,0.0739,1.002,0.0987,2.2162,0.0051,0.9281,0.0568,1.976,0.0,0.0,0.0,-0.1422,25.0,24.0,37.0,37.0,14.0,0.0,0.0,0.0,64.0,23.9661,0.0,0.0117,0.0,0.0
13844.0,1.7647,0.0956,1.0,0.0797,1.2014,2.055,1.055,2.3515,1.3515,26.7562,2.0702,26.3505,2.054,100.0,0.0,0.0,0.0,24.5,0.0,25.75,0.0,25.875,0.0,24.625,10.0,0.0,0.0084,53.0944,5.3094,2.0,4.6164,1.2657,-0.017,1.3618,0.0196,1.3658,1.004e-05,1.0009,0.0105,1.8813,8.0,0.0669,1.0018,0.0898,2.1752,0.0062,1.0142,0.0562,1.9716,0.0,0.0,0.0,-0.1423,25.0,24.0,37.0,37.0,13.0,0.0,0.0,0.0,64.0,24.2538,0.0,0.0123,0.0,0.0
13845.0,1.7647,0.0956,1.0,0.0799,1.2021,2.0551,1.0551,2.3515,1.3515,26.6448,2.0658,26.3376,2.0535,100.0,0.0,0.0,0.0,24.625,0.0,25.75,0.0,25.75,0.0,24.75,10.0,0.0,0.0085,53.0931,5.3092,2.0,4.5404,1.2628,-0.0437,1.3589,0.0196,1.3658,1.004e-05,1.001,0.0104,1.8811,8.0,0.0693,1.0018,0.1088,2.2584,0.0056,0.969,0.05,1.9205,0.0,0.0,0.0,-0.1424,25.0,24.0,37.0,37.0,14.0,0.0,0.0,0.0,64.0,24.4324,0.0,0.012,0.0,0.0
13846.0,1.7646,0.0956,1.0,0.0798,1.2018,2.055,1.055,2.3512,1.3512,26.557,2.0623,26.3503,2.054,100.0,0.0,0.0,0.0,24.625,0.0,25.625,0.0,25.75,0.0,24.75,10.0,0.0,0.0083,53.0912,5.309,2.0,4.6468,1.2669,0.0711,1.3714,0.0193,1.3657,1.004e-05,1.001,0.0104,1.8808,8.0,0.0699,1.0019,0.0844,2.1484,0.0059,0.9896,0.0503,1.9236,0.0,0.0,0.0,-0.1423,25.0,24.0,37.0,37.0,15.0,0.0,0.0,0.0,64.0,24.6046,0.0,0.0123,0.0,0.0
13847.0,1.7636,0.0954,1.0,0.0798,1.2018,2.0545,1.0545,2.3511,1.3511,26.667,2.0667,26.368,2.0547,100.0,0.0,0.0,0.0,24.625,0.0,25.75,0.0,25.875,0.0,24.75,10.0,0.0,0.0086,53.0899,5.3089,2.0,4.6725,1.2678,0.0986,1.3744,0.0191,1.3657,1.004e-05,1.001,0.0104,1.8809,8.0,0.0661,1.0018,0.0777,2.1122,0.0066,1.0393,0.0416,1.8407,0.0,0.0,0.0,-0.1421,25.0,24.0,37.0,37.0,15.0,0.0,0.0,0.0,64.0,24.783,0.0,0.0118,0.0,0.0
13848.0,1.7636,0.0954,1.0,0.0797,1.2015,2.0548,1.0548,2.3514,1.3514,26.8057,2.0722,26.3633,2.0545,100.0,0.0,0.0,0.0,24.625,0.0,25.75,0.0,25.875,0.0,24.75,10.0,0.0,0.0085,53.0881,5.3087,2.0,4.7477,1.2706,0.1358,1.3784,0.0188,1.3657,1.004e-05,1.001,0.0104,1.8806,8.0,0.066,1.0018,0.0786,2.1174,0.0055,0.9649,0.058,1.9849,0.0,0.0,0.0,-0.1423,25.0,24.0,37.0,37.0,12.0,0.0,0.0,0.0,64.0,24.9562,0.0,0.0122,0.0,0.0
13849.0,1.7618,0.0952,1.0,0.0798,1.2017,2.0552,1.0552,2.3515,1.3515,26.7477,2.0699,26.3494,2.054,100.0,0.0,0.0,0.0,24.625,0.0,25.75,0.0,25.875,0.0,24.625,10.0,0.0,0.0087,53.0864,5.3086,2.0,4.7905,1.2722,0.1064,1.3752,0.0192,1.3657,1.004e-05,1.0009,0.0104,1.8806,8.0,0.0668,1.0018,0.0671,2.0487,0.0058,0.9851,0.0591,1.9937,0.0,0.0,0.0,-0.1423,25.0,24.0,37.0,37.0,15.0,0.0,0.0,0.0,64.0,25.1181,0.0,0.0121,0.0,0.0
13850.0,1.7614,0.0952,1.0,0.0797,1.2016,2.0553,1.0553,2.3514,1.3514,26.6539,2.0662,26.345,2.0538,100.0,0.0,0.0,0.0,24.625,0.0,25.75,0.0,25.75,0.0,24.75,10.0,0.0,0.009,53.0854,5.3085,2.0,4.8342,1.2737,0.2344,1.3892,0.0188,1.3657,1.004e-05,1.001,0.0104,1.8802,8.0,0.0685,1.0018,0.0737,2.0894,0.0061,1.0105,0.0535,1.9505,0.0,0.0,0.0,-0.1423,25.0,24.0,37.0,37.0,13.0,0.0,0.0,0.0,64.0,25.3037,0.0,0.0117,0.0,0.0
13851.0,1.7622,0.0953,1.0,0.0798,1.2018,2.0554,1.0554,2.3513,1.3513,26.5488,2.062,26.348,2.0539,100.0,0.0,0.0,0.0,24.625,0.0,25.75,0.0,25.75,0.0,24.75,10.0,0.0,0.0087,53.0841,5.3083,2.0,4.9214,1.2768,0.1975,1.3852,0.0195,1.3658,1.004e-05,1.001,0.0104,1.8802,8.0,0.0682,1.0018,0.0657,2.0397,0.0068,1.0541,0.0689,2.06,0.0,0.0,0.0,-0.1424,25.0,24.0,37.0,37.0,13.0,0.0,0.0,0.0,64.0,25.4679,0.0,0.0122,0.0,0.0
13852.0,1.7625,0.0953,1.0,0.0798,1.2016,2.0549,1.0549,2.3511,1.3511,26.642,2.0657,26.3679,2.0547,100.0,0.0,0.0,0.0,24.625,0.0,25.75,0.0,25.75,0.0,24.75,10.0,0.0,0.008,53.0823,5.3082,2.0,4.7922,1.2722,0.0944,1.3739,0.0197,1.3658,1.004e-05,1.0009,0.0104,1.8799,8.0,0.0668,1.0018,0.0583,1.9878,0.0062,1.0156,0.0633,2.0232,0.0,0.0,0.0,-0.1424,25.0,24.0,37.0,37.0,12.0,0.0,0.0,0.0,64.0,25.654,0.0,0.0124,0.0,0.0
13853.0,1.7625,0.0953,1.0,0.0799,1.2019,2.0543,1.0543,2.3513,1.3513,26.798,2.0719,26.3659,2.0546,100.0,0.0,0.0,0.0,24.625,0.0,25.75,0.0,25.875,0.0,24.625,10.0,0.0,0.0085,53.0807,5.308,2.0,4.6912,1.2685,0.0574,1.3699,0.0191,1.3657,1.004e-05,1.0009,0.0104,1.8797,8.0,0.0661,1.0018,0.0607,2.0053,0.0067,1.0485,0.0595,1.9964,0.0,0.0,0.0,-0.1422,25.0,24.0,37.0,37.0,13.0,0.0,0.0,0.0,64.0,25.8285,0.0,0.012,0.0,0.0
13854.0,1.7625,0.0953,1.0,0.0796,1.2013,2.0549,1.0549,2.3516,1.3516,26.7748,2.071,26.3525,2.0541,100.0,0.0,0.0,0.0,24.625,0.0,25.75,0.0,25.75,0.0,24.75,10.0,0.0,0.009,53.0794,5.3079,2.0,4.7703,1.2714,0.0877,1.3732,0.0198,1.3658,1.004e-05,1.0009,0.0104,1.8797,8.0,0.0682,1.0018,0.0631,2.0217,0.0061,1.01,0.0644,2.0306,0.0,0.0,0.0,-0.1428,25.0,24.0,37.0,37.0,13.0,0.0,0.0,0.0,64.0,26.0065,0.0,0.0121,0.0,0.0
13855.0,1.7626,0.0953,1.0,0.0796,1.2013,2.0554,1.0554,2.3516,1.3516,26.67,2.0668,26.3475,2.0539,100.0,0.0,0.0,0.0,24.75,0.0,25.75,0.0,25.75,0.0,24.75,10.0,0.0,0.0085,53.0779,5.3077,2.0,4.7526,1.2708,0.0561,1.3698,0.0193,1.3657,1.004e-05,1.0008,0.0104,1.8794,8.0,0.0641,1.0017,0.0546,1.9592,0.006,0.997,0.0532,1.9478,0.0,0.0,0.0,-0.1422,25.0,24.0,37.0,37.0,13.0,0.0,0.0,0.0,64.0,26.1863,0.0,0.012,0.0,0.0
13856.0,1.7625,0.0953,1.0,0.0794,1.2007,2.0554,1.0554,2.3509,1.3509,26.554,2.0622,26.3464,2.0539,100.0,0.0,0.0,0.0,24.625,0.0,25.75,0.0,25.875,0.0,24.75,10.0,0.0,0.0089,53.0765,5.3076,2.0,4.7259,1.2698,0.0875,1.3732,0.0187,1.3657,1.004e-05,1.0009,0.0104,1.8791,8.0,0.0662,1.0018,0.1037,2.2377,0.0058,0.9839,0.0509,1.9281,0.0,0.0,0.0,-0.1424,25.0,24.0,37.0,37.0,16.0,0.0,0.0,0.0,64.0,26.3349,0.0,0.012,0.0,0.0
13857.0,1.7635,0.0954,1.0,0.0796,1.201,2.055,1.055,2.3508,1.3508,26.6161,2.0646,26.3738,2.055,100.0,0.0,0.0,0.0,24.75,0.0,25.75,0.0,25.75,0.0,24.75,10.0,0.0,0.0091,53.0749,5.3074,2.0,4.7695,1.2714,0.0598,1.3702,0.0191,1.3657,1.004e-05,1.0009,0.0104,1.8792,8.0,0.0639,1.0017,0.1211,2.3051,0.0065,1.0326,0.0463,1.8871,0.0,0.0,0.0,-0.1422,25.0,24.0,37.0,37.0,13.0,0.0,0.0,0.0,64.0,26.515,0.0,0.0118,0.0,0.0
13858.0,1.7647,0.0956,1.0,0.0794,1.2007,2.0548,1.0548,2.3507,1.3507,26.7927,2.0717,26.3712,2.0548,100.0,0.0,0.0,0.0,24.625,0.0,25.75,0.0,25.75,0.0,24.75,10.0,0.0,0.0088,53.0735,5.3073,2.0,4.6758,1.2679,0.0178,1.3656,0.0189,1.3657,1.004e-05,1.001,0.0104,1.8791,8.0,0.065,1.0017,0.1871,2.4939,0.006,1.0022,0.0505,1.925,0.0,0.0,0.0,-0.1425,25.0,24.0,37.0,37.0,14.0,0.0,0.0,0.0,64.0,26.6957,0.0,0.0124,0.0,0.0
13859.0,1.7658,0.0957,1.0,0.0794,1.2007,2.0552,1.0552,2.3511,1.3511,26.7944,2.0718,26.3558,2.0542,100.0,0.0,0.0,0.0,24.625,0.0,25.875,0.0,25.875,0.0,24.75,10.0,0.0,0.0083,53.0724,5.3072,2.0,4.6607,1.2674,0.05,1.3691,0.019,1.3657,1.004e-05,1.001,0.0104,1.8788,8.0,0.0695,1.0019,0.1591,2.4236,0.0056,0.9669,0.0447,1.8723,0.0,0.0,0.0,-0.1426,25.0,24.0,37.0,37.0,15.0,0.0,0.0,0.0,64.0,26.909,0.0,0.0119,0.0,0.0
13860.0,1.7658,0.0957,1.0,0.0798,1.2017,2.0554,1.0554,2.3511,1.3511,26.6939,2.0678,26.3548,2.0542,100.0,0.0,0.0,0.0,24.625,0.0,25.75,0.0,25.75,0.0,24.75,10.0,0.0,0.0091,53.0705,5.307,2.0,4.7333,1.2701,0.0875,1.3732,0.0192,1.3657,1.004e-05,1.001,0.0104,1.8786,8.0,0.0677,1.0018,0.1328,2.3451,0.006,0.9979,0.0429,1.8543,0.0,0.0,0.0,-0.1424,25.0,24.0,37.0,37.0,14.0,0.0,0.0,0.0,64.0,27.0959,0.0,0.0124,0.0,0.0
13861.0,1.7658,0.0957,1.0,0.0796,1.2013,2.0555,1.0555,2.3509,1.3509,26.5732,2.0629,26.343,2.0537,100.0,0.0,0.0,0.0,24.625,0.0,25.75,0.0,25.875,0.0,24.75,10.0,0.0,0.0087,53.0692,5.3068,2.0,4.7696,1.2714,0.0738,1.3717,0.0197,1.3658,1.004e-05,1.001,0.0104,1.8786,8.0,0.0705,1.0019,0.1569,2.4176,0.0056,0.969,0.0424,1.849,0.0,0.0,0.0,-0.1421,25.0,24.0,37.0,37.0,14.0,0.0,0.0,0.0,64.0,27.2782,0.0,0.0123,0.0,0.0
13862.0,1.7658,0.0957,1.0,0.0796,1.201,2.0551,1.0551,2.3511,1.3511,26.5963,2.0639,26.3643,2.0546,100.0,0.0,0.0,0.0,24.75,0.0,25.75,0.0,25.75,0.0,24.625,10.0,0.0,0.0085,53.0678,5.3067,2.0,4.7546,1.2708,0.0938,1.3739,0.0193,1.3657,1.004e-05,1.001,0.0104,1.8784,8.0,0.0666,1.0018,0.1508,2.4004,0.0069,1.0634,0.0361,1.7797,0.0,0.0,0.0,-0.1425,25.0,24.0,37.0,37.0,14.0,0.0,0.0,0.0,64.0,27.4508,0.0,0.0118,0.0,0.0
13863.0,1.7658,0.0957,1.0,0.0797,1.2015,2.0547,1.0547,2.3509,1.3509,26.7791,2.0712,26.3718,2.0549,100.0,0.0,0.0,0.0,24.625,0.0,25.625,0.0,25.875,0.0,24.75,10.0,0.0,0.0091,53.0661,5.3066,2.0,4.9099,1.2764,0.179,1.3832,0.0196,1.3658,1.004e-05,1.001,0.0104,1.8784,8.0,0.0667,1.0018,0.1577,2.4196,0.0069,1.0589,0.0571,1.9784,0.0,0.0,0.0,-0.1424,25.0,24.0,37.0,37.0,14.0,0.0,0.0,0.0,64.0,27.6294,0.0,0.0118,0.0,0.0
13864.0,1.7658,0.0957,1.0,0.0796,1.2012,2.055,1.055,2.3516,1.3516,26.812,2.0725,26.3569,2.0543,100.0,0.0,0.0,0.0,24.5,0.0,25.75,0.0,25.75,0.0,24.75,10.0,0.0,0.0084,53.065,5.3064,2.0,4.991,1.2793,0.2348,1.3893,0.0199,1.3658,1.004e-05,1.0009,0.0104,1.8781,8.0,0.0664,1.0018,0.1322,2.3431,0.0058,0.9884,0.0559,1.9691,0.0,0.0,0.0,-0.1426,25.0,24.0,37.0,37.0,14.0,0.0,0.0,0.0,64.0,27.8169,0.0,0.012,0.0,0.0
13865.0,1.7658,0.0957,1.0,0.0797,1.2014,2.0554,1.0554,2.3511,1.3511,26.7225,2.0689,26.3582,2.0543,100.0,0.0,0.0,0.0,24.625,0.0,25.75,0.0,25.75,0.0,24.75,10.0,0.0,0.0089,53.0633,5.3063,2.0,5.0362,1.2808,0.3262,1.3992,0.0195,1.3658,1.004e-05,1.001,0.0104,1.8779,8.0,0.0702,1.0019,0.1074,2.2527,0.0056,0.9719,0.0521,1.9391,0.0,0.0,0.0,-0.1424,25.0,24.0,37.0,37.0,13.0,0.0,0.0,0.0,64.0,27.9995,0.0,0.0121,0.0,0.0
13866.0,1.7658,0.0957,1.0,0.0797,1.2014,2.0555,1.0555,2.3511,1.3511,26.6007,2.064,26.3548,2.0542,100.0,0.0,0.0,0.0,24.625,0.0,25.75,0.0,25.875,0.0,24.75,10.0,0.0,0.0083,53.0622,5.3061,2.0,5.1528,1.2848,0.3645,1.4034,0.0208,1.3659,1.005e-05,1.0012,0.0104,1.8781,8.0,0.0746,1.002,0.1337,2.348,0.0061,1.0041,0.0444,1.8694,0.0,0.0,0.0,-0.1428,25.0,24.0,37.0,37.0,14.0,0.0,0.0,0.0,64.0,28.1892,0.0,0.0118,0.0,0.0
13867.0,1.7658,0.0957,1.0,0.0798,1.2016,2.0548,1.0548,2.3512,1.3512,26.5902,2.0636,26.3613,2.0545,100.0,0.0,0.0,0.0,24.625,0.0,25.75,0.0,25.75,0.0,24.625,10.0,0.0,0.009,53.0604,5.3059,2.0,5.133,1.2841,0.2932,1.3956,0.0205,1.3659,1.005e-05,1.0011,0.0104,1.8778,8.0,0.0701,1.0019,0.1264,2.3236,0.0062,1.0165,0.0434,1.8597,0.0,0.0,0.0,-0.1424,25.0,24.0,37.0,37.0,12.0,0.0,0.0,0.0,64.0,28.3746,0.0,0.0119,0.0,0.0
13868.0,1.7658,0.0957,1.0,0.0797,1.2014,2.0546,1.0546,2.3512,1.3512,26.7601,2.0704,26.3729,2.0549,100.0,0.0,0.0,0.0,24.625,0.0,25.75,0.0,25.75,0.0,24.75,10.0,0.0,0.0088,53.059,5.3058,2.0,5.0448,1.2811,0.2166,1.3873,0.0198,1.3658,1.004e-05,1.001,0.0104,1.8778,8.0,0.0715,1.0019,0.112,2.271,0.0065,1.034,0.042,1.8455,0.0,0.0,0.0,-0.1421,25.0,24.0,37.0,37.0,14.0,0.0,0.0,0.0,64.0,28.5412,0.0,0.0118,0.0,0.0
13869.0,1.7637,0.0955,1.0,0.0797,1.2016,2.0551,1.0551,2.3516,1.3516,26.8023,2.0721,26.3582,2.0543,100.0,0.0,0.0,0.0,24.625,0.0,25.75,0.0,25.75,0.0,24.75,10.0,0.0,0.0085,53.0579,5.3057,2.0,4.9409,1.2775,0.151,1.3801,0.0191,1.3657,1.005e-05,1.0011,0.0104,1.8775,8.0,0.0715,1.0019,0.0975,2.2111,0.0065,1.0328,0.0574,1.9808,0.0,0.0,0.0,-0.1425,25.0,24.0,37.0,37.0,14.0,0.0,0.0,0.0,64.0,28.7353,0.0,0.0122,0.0,0.0
13870.0,1.7608,0.0951,1.0,0.0797,1.2015,2.0554,1.0554,2.3514,1.3514,26.7283,2.0691,26.3564,2.0543,100.0,0.0,0.0,0.0,24.625,0.0,25.75,0.0,25.75,0.0,24.75,10.0,0.0,0.0087,53.0567,5.3056,2.0,5.0313,1.2807,0.2359,1.3894,0.0191,1.3657,1.004e-05,1.001,0.0104,1.8773,8.0,0.0683,1.0018,0.191,2.5028,0.006,0.9986,0.0537,1.9521,0.0,0.0,0.0,-0.1424,25.0,24.0,37.0,37.0,14.0,0.0,0.0,0.0,64.0,28.8443,0.0,0.0122,0.0,0.0
13871.0,1.7615,0.0952,1.0,0.0798,1.2016,2.0551,1.0551,2.3514,1.3514,26.613,2.0645,26.3452,2.0538,100.0,0.0,0.0,0.0,24.625,0.0,25.75,0.0,25.75,0.0,24.75,10.0,0.0,0.0088,53.055,5.3054,2.0,5.028,1.2806,0.1915,1.3845,0.019,1.3657,1.004e-05,1.0009,0.0104,1.8773,8.0,0.0672,1.0018,0.1826,2.4833,0.0054,0.9532,0.0507,1.9265,0.0,0.0,0.0,-0.1423,25.0,24.0,37.0,37.0,13.0,0.0,0.0,0.0,64.0,29.1345,0.0,0.012,0.0,0.0
13872.0,1.7633,0.0954,1.0,0.0797,1.2014,2.0549,1.0549,2.3512,1.3512,26.5627,2.0625,26.3571,2.0543,100.0,0.0,0.0,0.0,24.625,0.0,25.75,0.0,25.875,0.0,24.75,10.0,0.0,0.0088,53.0534,5.3053,2.0,4.9899,1.2792,0.161,1.3812,0.0189,1.3657,1.004e-05,1.0009,0.0104,1.8769,8.0,0.0676,1.0018,0.1634,2.4351,0.0055,0.9628,0.0558,1.9685,0.0,0.0,0.0,-0.1424,25.0,24.0,37.0,37.0,14.0,0.0,0.0,0.0,64.0,29.309,0.0,0.0117,0.0,0.0
13873.0,1.7653,0.0957,1.0,0.0797,1.2013,2.0545,1.0545,2.3511,1.3511,26.7124,2.0685,26.3705,2.0548,100.0,0.0,0.0,0.0,24.625,0.0,25.75,0.0,25.75,0.0,24.75,10.0,0.0,0.0096,53.0521,5.3052,2.0,4.9031,1.2762,0.0542,1.3695,0.0183,1.3656,1.004e-05,1.0009,0.0104,1.8767,8.0,0.0648,1.0017,0.1321,2.3428,0.006,0.9983,0.0488,1.9105,0.0,0.0,0.0,-0.1428,25.0,24.0,37.0,37.0,13.0,0.0,0.0,0.0,64.0,29.5172,0.0,0.012,0.0,0.0
13874.0,1.7658,0.0957,1.0,0.0796,1.2012,2.055,1.055,2.3514,1.3514,26.8169,2.0727,26.363,2.0545,100.0,0.0,0.0,0.0,24.625,0.0,25.75,0.0,25.75,0.0,24.625,10.0,0.0,0.0089,53.051,5.305,2.0,4.7954,1.2723,0.0183,1.3656,0.0177,1.3656,1.004e-05,1.0009,0.0104,1.8765,8.0,0.0632,1.0017,0.1299,2.3355,0.0059,0.9952,0.0486,1.9084,0.0,0.0,0.0,-0.1424,25.0,24.0,37.0,37.0,15.0,0.0,0.0,0.0,64.0,29.7105,0.0,0.0116,0.0,0.0
13875.0,1.7658,0.0957,1.0,0.0794,1.2005,2.0554,1.0554,2.3511,1.3511,26.7412,2.0696,26.3584,2.0543,100.0,0.0,0.0,0.0,24.625,0.0,25.75,0.0,25.75,0.0,24.75,10.0,0.0,0.0088,53.0493,5.3048,2.0,4.7918,1.2722,-0.0067,1.3629,0.0185,1.3657,1.004e-05,1.0009,0.0104,1.8765,8.0,0.0643,1.0017,0.1866,2.4927,0.0061,1.0073,0.0399,1.823,0.0,0.0,0.0,-0.1423,25.0,24.0,37.0,37.0,12.0,0.0,0.0,0.0,64.0,29.894,0.0,0.0119,0.0,0.0
13876.0,1.7658,0.0957,1.0,0.0796,1.2013,2.0555,1.0555,2.3511,1.3511,26.6414,2.0657,26.3473,2.0539,100.0,0.0,0.0,0.0,24.625,0.0,25.75,0.0,25.75,0.0,24.75,10.0,0.0,0.0087,53.0478,5.3047,2.0,4.7977,1.2724,0.0455,1.3686,0.0196,1.3658,1.004e-05,1.001,0.0104,1.8765,8.0,0.0671,1.0018,0.1927,2.5067,0.0057,0.9801,0.0428,1.8535,0.0,0.0,0.0,-0.1428,25.0,24.0,37.0,37.0,12.0,0.0,0.0,0.0,64.0,30.1232,0.0,0.012,0.0,0.0
13877.0,1.7657,0.0957,1.0,0.0797,1.2014,2.0554,1.0554,2.3512,1.3512,26.5601,2.0624,26.3531,2.0541,100.0,0.0,0.0,0.0,24.625,0.0,25.625,0.0,25.875,0.0,24.75,10.0,0.0,0.0089,53.0467,5.3046,2.0,4.8394,1.2739,0.0537,1.3695,0.0207,1.3659,1.005e-05,1.0011,0.0104,1.8764,8.0,0.072,1.0019,0.1756,2.4663,0.0055,0.963,0.0444,1.8692,0.0,0.0,0.0,-0.1425,25.0,24.0,37.0,37.0,13.0,0.0,0.0,0.0,64.0,30.2866,0.0,0.0124,0.0,0.0
13878.0,1.7658,0.0957,1.0,0.0797,1.2015,2.0549,1.0549,2.3512,1.3512,26.6646,2.0666,26.3793,2.0552,100.0,0.0,0.0,0.0,24.625,0.0,25.75,0.0,25.75,0.0,24.75,10.0,0.0,0.0089,53.0454,5.3045,2.0,4.9086,1.2764,0.0949,1.374,0.0205,1.3659,1.005e-05,1.0011,0.0104,1.8762,8.0,0.0744,1.002,0.1625,2.4327,0.006,1.0029,0.0512,1.9308,0.0,0.0,0.0,-0.1424,25.0,24.0,37.0,37.0,12.0,0.0,0.0,0.0,64.0,30.4575,0.0,0.012,0.0,0.0
13879.0,1.7667,0.0958,1.0,0.0801,1.2025,2.0548,1.0548,2.3511,1.3511,26.8054,2.0722,26.3729,2.0549,100.0,0.0,0.0,0.0,24.625,0.0,25.75,0.0,25.75,0.0,24.75,10.0,0.0,0.0081,53.0441,5.3043,2.0,4.9879,1.2792,0.1567,1.3807,0.0211,1.3659,1.005e-05,1.0011,0.0104,1.8761,8.0,0.0726,1.0019,0.1518,2.4032,0.0061,1.0101,0.0649,2.0342,0.0,0.0,0.0,-0.1423,25.0,24.0,37.0,37.0,15.0,0.0,0.0,0.0,64.0,30.6391,0.0,0.0118,0.0,0.0
13880.0,1.7676,0.0959,1.0,0.08,1.2022,2.055,1.055,2.3516,1.3516,26.7706,2.0708,26.3519,2.0541,100.0,0.0,0.0,0.0,24.625,0.0,25.75,0.0,25.75,0.0,24.75,10.0,0.0,0.0086,53.0429,5.3042,2.0,4.9058,1.2763,0.0544,1.3696,0.0208,1.3659,1.005e-05,1.0011,0.0104,1.876,8.0,0.0744,1.002,0.1804,2.478,0.0057,0.9797,0.0643,2.0303,0.0,0.0,0.0,-0.1424,25.0,24.0,37.0,37.0,13.0,0.0,0.0,0.0,64.0,30.8282,0.0,0.0118,0.0,0.0
13881.0,1.7672,0.0959,1.0,0.0797,1.2014,2.0551,1.0551,2.3515,1.3515,26.6547,2.0662,26.3469,2.0539,100.0,0.0,0.0,0.0,24.625,0.0,25.75,0.0,25.75,0.0,24.75,10.0,0.0,0.0087,53.0412,5.3041,2.0,4.9299,1.2771,0.1128,1.3759,0.0202,1.3658,1.005e-05,1.0011,0.0104,1.8757,8.0,0.0736,1.002,0.1586,2.422,0.0053,0.9456,0.0686,2.0581,0.0,0.0,0.0,-0.1425,25.0,24.0,37.0,37.0,14.0,0.0,0.0,0.0,64.0,31.0083,0.0,0.0118,0.0,0.0
13882.0,1.7661,0.0958,1.0,0.0798,1.2016,2.055,1.055,2.3513,1.3513,26.5575,2.0623,26.3507,2.054,100.0,0.0,0.0,0.0,24.625,0.0,25.75,0.0,25.75,0.0,24.75,10.0,0.0,0.0083,53.0399,5.3039,2.0,4.9862,1.2791,0.1508,1.3801,0.0196,1.3658,1.004e-05,1.001,0.0104,1.8756,8.0,0.0711,1.0019,0.1534,2.4077,0.0053,0.9428,0.0594,1.9958,0.0,0.0,0.0,-0.1425,25.0,24.0,37.0,37.0,13.0,0.0,0.0,0.0,64.0,31.1923,0.0,0.0118,0.0,0.0
13883.0,1.7663,0.0958,1.0,0.0798,1.2018,2.0549,1.0549,2.3508,1.3508,26.6568,2.0663,26.3693,2.0548,100.0,0.0,0.0,0.0,24.625,0.0,25.75,0.0,25.875,0.0,24.625,10.0,0.0,0.0088,53.0383,5.3038,2.0,5.0064,1.2798,0.1073,1.3753,0.0192,1.3657,1.005e-05,1.0011,0.0104,1.8756,8.0,0.0717,1.0019,0.1369,2.3583,0.007,1.0693,0.0849,2.1506,0.0,0.0,0.0,-0.1427,25.0,24.0,37.0,37.0,13.0,0.0,0.0,0.0,64.0,31.376,0.0,0.012,0.0,0.0
13884.0,1.7677,0.096,1.0,0.0796,1.2012,2.0546,1.0546,2.3513,1.3513,26.8165,2.0727,26.3619,2.0545,100.0,0.0,0.0,0.0,24.625,0.0,25.75,0.0,25.75,0.0,24.75,10.0,0.0,0.0096,53.0371,5.3037,2.0,4.9242,1.2769,0.0885,1.3733,0.0192,1.3657,1.004e-05,1.001,0.0104,1.8754,8.0,0.0722,1.0019,0.1261,2.3226,0.0053,0.9488,0.0691,2.0611,0.0,0.0,0.0,-0.1426,25.0,24.0,37.0,37.0,13.0,0.0,0.0,0.0,64.0,31.5418,0.0,0.0117,0.0,0.0
13885.0,1.7679,0.096,1.0,0.0798,1.2016,2.0549,1.0549,2.3513,1.3513,26.7757,2.071,26.3522,2.0541,100.0,0.0,0.0,0.0,24.625,0.0,25.75,0.0,25.75,0.0,24.75,10.0,0.0,0.0081,53.0358,5.3035,2.0,4.9093,1.2764,0.0867,1.3731,0.0192,1.3657,1.004e-05,1.0009,0.0104,1.8754,8.0,0.0687,1.0018,0.1263,2.3232,0.0059,0.9927,0.0745,2.0942,0.0,0.0,0.0,-0.1424,25.0,24.0,37.0,37.0,14.0,0.0,0.0,0.0,64.0,31.7282,0.0,0.0118,0.0,0.0
13886.0,1.7689,0.0961,1.0,0.08,1.2022,2.0555,1.0555,2.3511,1.3511,26.675,2.067,26.3466,2.0539,100.0,0.0,0.0,0.0,24.625,0.0,25.75,0.0,25.75,0.0,24.75,10.0,0.0,0.0088,53.0344,5.3034,2.0,4.9518,1.2779,0.1275,1.3775,0.0192,1.3657,1.004e-05,1.0009,0.0104,1.8751,8.0,0.0673,1.0018,0.124,2.3153,0.0061,1.004,0.0607,2.0053,0.0,0.0,0.0,-0.1423,25.0,24.0,37.0,37.0,13.0,0.0,0.0,0.0,64.0,31.8832,0.0,0.0122,0.0,0.0
13887.0,1.77,0.0963,1.0,0.0796,1.2012,2.0554,1.0554,2.351,1.351,26.5627,2.0625,26.3459,2.0538,100.0,0.0,0.0,0.0,24.625,0.0,25.75,0.0,25.875,0.0,24.75,10.0,0.0,0.0083,53.0332,5.3032,2.0,5.0305,1.2806,0.1998,1.3854,0.0187,1.3657,1.004e-05,1.0009,0.0104,1.875,8.0,0.0682,1.0018,0.0895,2.1735,0.0055,0.9589,0.0665,2.0445,0.0,0.0,0.0,-0.1425,25.0,24.0,37.0,37.0,14.0,0.0,0.0,0.0,64.0,32.0603,0.0,0.0117,0.0,0.0
13888.0,1.771,0.0964,1.0,0.0798,1.2016,2.0547,1.0547,2.3511,1.3511,26.6406,2.0656,26.3659,2.0546,100.0,0.0,0.0,0.0,24.625,0.0,25.75,0.0,25.75,0.0,24.75,10.0,0.0,0.0087,53.0315,5.3031,2.0,5.1007,1.2831,0.2091,1.3865,0.0194,1.3658,1.004e-05,1.001,0.0104,1.875,8.0,0.066,1.0018,0.0958,2.2031,0.0069,1.061,0.0625,2.0178,0.0,0.0,0.0,-0.1424,25.0,24.0,37.0,37.0,14.0,0.0,0.0,0.0,64.0,32.2415,0.0,0.0118,0.0,0.0
13889.0,1.7711,0.0964,1.0,0.0795,1.2009,2.0544,1.0544,2.3508,1.3508,26.8004,2.072,26.3693,2.0548,100.0,0.0,0.0,0.0,24.75,0.0,25.875,0.0,25.875,0.0,24.75,10.0,0.0,0.0087,53.03,5.3029,2.0,5.1108,1.2834,0.2576,1.3917,0.0198,1.3658,1.004e-05,1.001,0.0104,1.8746,8.0,0.0678,1.0018,0.1901,2.5009,0.0066,1.0429,0.0598,1.9984,0.0,0.0,0.0,-0.1426,25.0,24.0,37.0,37.0,14.0,0.0,0.0,0.0,64.0,32.4174,0.0,0.0121,0.0,0.0
13890.0,1.7709,0.0964,1.0,0.0797,1.2015,2.0553,1.0553,2.3513,1.3513,26.7909,2.0716,26.3527,2.0541,100.0,0.0,0.0,0.0,24.625,0.0,25.75,0.0,25.875,0.0,24.75,10.0,0.0,0.0087,53.029,5.3029,2.0,5.1932,1.2862,0.2507,1.391,0.0198,1.3658,1.004e-05,1.001,0.0104,1.8747,8.0,0.068,1.0018,0.244,2.6093,0.0055,0.9644,0.0604,2.0029,0.0,0.0,0.0,-0.1426,25.0,24.0,37.0,37.0,15.0,0.0,0.0,0.0,64.0,32.5793,0.0,0.012,0.0,0.0
13891.0,1.7709,0.0964,1.0,0.0797,1.2015,2.0554,1.0554,2.3512,1.3512,26.6774,2.0671,26.352,2.0541,100.0,0.0,0.0,0.0,24.625,0.0,25.625,0.0,25.75,0.0,24.75,10.0,0.0,0.0084,53.0277,5.3027,2.0,5.1934,1.2862,0.2476,1.3906,0.0201,1.3658,1.004e-05,1.001,0.0104,1.8745,8.0,0.0713,1.0019,0.2057,2.5351,0.006,1.0006,0.0784,2.1163,0.0,0.0,0.0,-0.1427,25.0,24.0,37.0,37.0,13.0,0.0,0.0,0.0,64.0,32.771,0.0,0.0123,0.0,0.0
13892.0,1.7711,0.0964,1.0,0.0796,1.2011,2.0554,1.0554,2.3509,1.3509,26.5596,2.0624,26.3437,2.0537,100.0,0.0,0.0,0.0,24.625,0.0,25.75,0.0,25.75,0.0,24.625,10.0,0.0,0.0084,53.0263,5.3026,2.0,5.2297,1.2874,0.2518,1.3911,0.0204,1.3659,1.004e-05,1.001,0.0104,1.8745,8.0,0.0711,1.0019,0.1993,2.5213,0.0057,0.9772,0.0755,2.1,0.0,0.0,0.0,-0.142,25.0,24.0,37.0,37.0,13.0,0.0,0.0,0.0,64.0,32.9358,0.0,0.0119,0.0,0.0
13893.0,1.77,0.0962,1.0,0.0798,1.2016,2.055,1.055,2.3507,1.3507,26.6133,2.0645,26.3743,2.055,100.0,0.0,0.0,0.0,24.75,0.0,25.75,0.0,25.75,0.0,24.75,10.0,0.0,0.008,53.0249,5.3024,2.0,5.1796,1.2857,0.2282,1.3885,0.0202,1.3658,1.005e-05,1.0011,0.0104,1.8744,8.0,0.0709,1.0019,0.1982,2.519,0.0052,0.9412,0.0728,2.0839,0.0,0.0,0.0,-0.1424,25.0,24.0,37.0,37.0,15.0,0.0,0.0,0.0,64.0,33.1072,0.0,0.0121,0.0,0.0
13894.0,1.7687,0.0961,1.0,0.0796,1.2013,2.0548,1.0548,2.3508,1.3508,26.7738,2.071,26.3814,2.0553,100.0,0.0,0.0,0.0,24.625,0.0,25.75,0.0,25.75,0.0,24.75,10.0,0.0,0.0082,53.0236,5.3023,2.0,5.2149,1.2869,0.2408,1.3899,0.0203,1.3659,1.005e-05,1.0011,0.0104,1.8742,8.0,0.0713,1.0019,0.1556,2.4137,0.0057,0.9745,0.0782,2.1153,0.0,0.0,0.0,-0.1423,25.0,24.0,37.0,37.0,14.0,0.0,0.0,0.0,64.0,33.2901,0.0,0.0119,0.0,0.0
13895.0,1.768,0.096,1.0,0.0794,1.2007,2.0548,1.0548,2.3512,1.3512,26.8056,2.0722,26.3555,2.0542,100.0,0.0,0.0,0.0,24.625,0.0,25.75,0.0,25.75,0.0,24.75,10.0,0.0,0.0081,53.0229,5.3023,2.0,5.3673,1.2919,0.3657,1.4035,0.0203,1.3658,1.005e-05,1.0011,0.0104,1.8742,8.0,0.0693,1.0018,0.1909,2.5026,0.0061,1.0103,0.0748,2.0959,0.0,0.0,0.0,-0.1426,25.0,25.0,37.0,37.0,14.0,0.0,0.0,0.0,64.0,33.4763,0.0,0.012,0.0,0.0
13896.0,1.7701,0.0963,1.0,0.0796,1.2011,2.055,1.055,2.3511,1.3511,26.7111,2.0684,26.3483,2.0539,100.0,0.0,0.0,0.0,24.625,0.0,25.75,0.0,25.75,0.0,24.75,10.0,0.0,0.0078,53.0215,5.302,2.0,5.3938,1.2928,0.3623,1.4032,0.0206,1.3659,1.005e-05,1.0011,0.0104,1.8741,8.0,0.0719,1.0019,0.2184,2.5611,0.0057,0.9799,0.0674,2.0508,0.0,0.0,0.0,-0.1421,25.0,25.0,37.0,37.0,14.0,0.0,0.0,0.0,64.0,33.6529,0.0,0.012,0.0,0.0
13897.0,1.771,0.0964,1.0,0.0798,1.2017,2.0551,1.0551,2.351,1.351,26.5906,2.0636,26.3439,2.0538,100.0,0.0,0.0,0.0,24.625,0.0,25.75,0.0,25.75,0.0,24.75,10.0,0.0,0.0084,53.0199,5.3019,2.0,5.4425,1.2943,0.3691,1.4039,0.0208,1.3659,1.005e-05,1.0011,0.0104,1.8739,8.0,0.073,1.0019,0.2298,2.5833,0.0059,0.9945,0.0655,2.038,0.0,0.0,0.0,-0.1424,25.0,25.0,37.0,37.0,14.0,0.0,0.0,0.0,64.0,33.8354,0.0,0.0121,0.0,0.0
13898.0,1.7701,0.0963,1.0,0.0798,1.2018,2.0549,1.0549,2.3505,1.3505,26.5822,2.0633,26.3514,2.0541,100.0,0.0,0.0,0.0,24.625,0.0,25.75,0.0,25.75,0.0,24.75,10.0,0.0,0.0089,53.0186,5.3018,2.0,5.4457,1.2944,0.405,1.4078,0.0187,1.3657,1.004e-05,1.001,0.0104,1.8736,8.0,0.0655,1.0017,0.2007,2.5244,0.0061,1.0059,0.0615,2.0108,0.0,0.0,0.0,-0.1422,25.0,25.0,37.0,37.0,13.0,0.0,0.0,0.0,64.0,34.014,0.0,0.012,0.0,0.0
13899.0,1.7691,0.0961,1.0,0.08,1.2022,2.0544,1.0544,2.3508,1.3508,26.76,2.0704,26.3729,2.0549,100.0,0.0,0.0,0.0,24.625,0.0,25.75,0.0,25.75,0.0,24.75,10.0,0.0,0.0079,53.0173,5.3017,2.0,5.548,1.2977,0.4019,1.4075,0.0188,1.3657,1.004e-05,1.0009,0.0104,1.8734,8.0,0.068,1.0018,0.3005,2.6997,0.0063,1.0189,0.056,1.9704,0.0,0.0,0.0,-0.1429,25.0,24.0,37.0,37.0,13.0,0.0,0.0,0.0,64.0,34.2219,0.0,0.0118,0.0,0.0
13900.0,1.7689,0.0961,1.0,0.0798,1.2018,2.0549,1.0549,2.3508,1.3508,26.8145,2.0726,26.3563,2.0543,100.0,0.0,0.0,0.0,24.75,0.0,26.0,0.0,25.75,0.0,24.75,10.0,0.0,0.0086,53.0161,5.3016,2.0,5.5196,1.2968,0.3975,1.407,0.0187,1.3657,1.004e-05,1.0009,0.0104,1.8733,8.0,0.0667,1.0018,0.275,2.6611,0.0057,0.9752,0.0556,1.9668,0.0,0.0,0.0,-0.1424,25.0,24.0,37.0,37.0,13.0,0.0,0.0,0.0,64.0,34.4147,0.0,0.0117,0.0,0.0
13901.0,1.77,0.0962,1.0,0.0798,1.2017,2.0554,1.0554,2.3507,1.3507,26.7439,2.0698,26.349,2.054,100.0,0.0,0.0,0.0,24.625,0.0,25.875,0.0,25.75,0.0,24.75,10.0,0.0,0.0082,53.0152,5.3014,2.0,5.6277,1.3001,0.4173,1.4092,0.0187,1.3657,1.004e-05,1.001,0.0104,1.8732,8.0,0.0676,1.0018,0.3214,2.7289,0.0068,1.0556,0.0599,1.9995,0.0,0.0,0.0,-0.1425,25.0,24.0,37.0,37.0,15.0,0.0,0.0,0.0,64.0,34.5787,0.0,0.012,0.0,0.0
13902.0,1.771,0.0964,1.0,0.0798,1.2016,2.0551,1.0551,2.351,1.351,26.6208,2.0648,26.3449,2.0538,100.0,0.0,0.0,0.0,24.625,0.0,25.75,0.0,25.75,0.0,24.75,10.0,0.0,0.0087,53.0139,5.3013,2.0,5.4783,1.2955,0.2812,1.3943,0.0186,1.3657,1.004e-05,1.0009,0.0104,1.873,8.0,0.0663,1.0018,0.2515,2.6224,0.0067,1.0453,0.059,1.9926,0.0,0.0,0.0,-0.1426,25.0,24.0,37.0,37.0,14.0,0.0,0.0,0.0,64.0,34.7698,0.0,0.0117,0.0,0.0
13903.0,1.7715,0.0964,1.0,0.0797,1.2015,2.0549,1.0549,2.3508,1.3508,26.5733,2.0629,26.3591,2.0544,100.0,0.0,0.0,0.0,24.625,0.0,25.75,0.0,25.75,0.0,24.75,10.0,0.0,0.0089,53.013,5.3012,2.0,5.3035,1.2898,0.1783,1.3831,0.0192,1.3657,1.004e-05,1.0009,0.0104,1.873,8.0,0.0658,1.0018,0.2932,2.6891,0.0067,1.0471,0.0631,2.0221,0.0,0.0,0.0,-0.1424,25.0,24.0,37.0,37.0,15.0,0.0,0.0,0.0,64.0,34.949,0.0,0.0118,0.0,0.0
13904.0,1.7711,0.0964,1.0,0.0796,1.2012,2.0545,1.0545,2.3507,1.3507,26.7125,2.0685,26.372,2.0549,100.0,0.0,0.0,0.0,24.625,0.0,25.75,0.0,25.75,0.0,24.75,10.0,0.0,0.0091,53.0112,5.301,2.0,5.2579,1.2883,0.1098,1.3756,0.0184,1.3656,1.004e-05,1.0009,0.0104,1.8728,8.0,0.0666,1.0018,0.2672,2.6487,0.0065,1.0317,0.0629,2.0207,0.0,0.0,0.0,-0.1424,25.0,24.0,37.0,37.0,14.0,0.0,0.0,0.0,64.0,35.1685,0.0,0.0122,0.0,0.0
13905.0,1.7723,0.0965,1.0,0.0797,1.2015,2.0549,1.0549,2.3511,1.3511,26.8073,2.0723,26.3599,2.0544,100.0,0.0,0.0,0.0,24.625,0.0,25.75,0.0,25.75,0.0,24.75,10.0,0.0,0.0087,53.01,5.3009,2.0,5.2604,1.2884,0.1634,1.3815,0.0185,1.3657,1.004e-05,1.0009,0.0103,1.8725,8.0,0.065,1.0017,0.2303,2.5841,0.0054,0.9535,0.0627,2.0189,0.0,0.0,0.0,-0.1427,25.0,24.0,37.0,37.0,13.0,0.0,0.0,0.0,64.0,35.3281,0.0,0.012,0.0,0.0
13906.0,1.7731,0.0966,1.0,0.0797,1.2015,2.0554,1.0554,2.3507,1.3507,26.741,2.0696,26.3484,2.0539,100.0,0.0,0.0,0.0,24.5,0.0,25.75,0.0,25.875,0.0,24.75,10.0,0.0,0.0082,53.009,5.3009,2.0,5.3338,1.2908,0.2057,1.3861,0.0186,1.3657,1.004e-05,1.0009,0.0103,1.8725,8.0,0.0652,1.0017,0.2412,2.6042,0.0066,1.0397,0.0504,1.9243,0.0,0.0,0.0,-0.1423,25.0,24.0,37.0,37.0,13.0,0.0,0.0,0.0,64.0,35.5099,0.0,0.0119,0.0,0.0
13907.0,1.7713,0.0964,1.0,0.0797,1.2015,2.0551,1.0551,2.3508,1.3508,26.6203,2.0648,26.3441,2.0538,100.0,0.0,0.0,0.0,24.625,0.0,25.75,0.0,25.75,0.0,24.75,10.0,0.0,0.0087,53.007,5.3006,2.0,5.4316,1.294,0.2839,1.3946,0.0188,1.3657,1.004e-05,1.0009,0.0103,1.8723,8.0,0.0672,1.0018,0.213,2.5502,0.006,0.9983,0.0551,1.9627,0.0,0.0,0.0,-0.1426,25.0,24.0,37.0,37.0,14.0,0.0,0.0,0.0,64.0,35.6842,0.0,0.0117,0.0,0.0
13908.0,1.7721,0.0965,1.0,0.0798,1.2016,2.0549,1.0549,2.3505,1.3505,26.5725,2.0629,26.352,2.0541,100.0,0.0,0.0,0.0,24.625,0.0,25.75,0.0,25.75,0.0,24.75,10.0,0.0,0.0086,53.0061,5.3006,2.0,5.5219,1.2968,0.2903,1.3953,0.0188,1.3657,1.004e-05,1.0009,0.0103,1.872,8.0,0.0654,1.0017,0.2163,2.5568,0.0061,1.0082,0.0647,2.0328,0.0,0.0,0.0,-0.1423,25.0,24.0,37.0,37.0,14.0,0.0,0.0,0.0,64.0,35.8729,0.0,0.012,0.0,0.0
13909.0,1.7721,0.0965,1.0,0.0797,1.2015,2.0545,1.0545,2.3507,1.3507,26.7014,2.0681,26.3611,2.0544,100.0,0.0,0.0,0.0,24.5,0.0,25.75,0.0,25.875,0.0,24.75,10.0,0.0,0.008,53.0051,5.3004,2.0,5.5357,1.2973,0.2668,1.3927,0.0193,1.3657,1.004e-05,1.001,0.0103,1.8722,8.0,0.0659,1.0018,0.2146,2.5534,0.0064,1.0262,0.0669,2.0472,0.0,0.0,0.0,-0.1424,25.0,24.0,37.0,37.0,14.0,0.0,0.0,0.0,64.0,36.0727,0.0,0.0123,0.0,0.0
13910.0,1.7721,0.0965,1.0,0.0797,1.2013,2.0545,1.0545,2.3511,1.3511,26.8154,2.0726,26.3535,2.0541,100.0,0.0,0.0,0.0,24.625,0.0,25.75,0.0,25.75,0.0,24.75,10.0,0.0,0.0083,53.0034,5.3003,2.0,5.4647,1.295,0.2067,1.3862,0.0191,1.3657,1.004e-05,1.0009,0.0103,1.872,8.0,0.0665,1.0018,0.2146,2.5534,0.0058,0.9875,0.0758,2.1015,0.0,0.0,0.0,-0.1421,25.0,24.0,37.0,37.0,15.0,0.0,0.0,0.0,64.0,36.2628,0.0,0.0118,0.0,0.0
13911.0,1.7721,0.0965,1.0,0.0796,1.201,2.055,1.055,2.3512,1.3512,26.7533,2.0701,26.3486,2.0539,100.0,0.0,0.0,0.0,24.625,0.0,25.625,0.0,25.75,0.0,24.75,10.0,0.0,0.0091,53.0022,5.3001,2.0,5.3539,1.2915,0.1681,1.382,0.0191,1.3657,1.004e-05,1.001,0.0103,1.872,8.0,0.0664,1.0018,0.1801,2.4774,0.0061,1.0071,0.0722,2.0805,0.0,0.0,0.0,-0.1424,25.0,24.0,37.0,37.0,14.0,0.0,0.0,0.0,64.0,36.4401,0.0,0.0121,0.0,0.0
13912.0,1.7722,0.0965,1.0,0.0796,1.2012,2.0551,1.0551,2.351,1.351,26.6367,2.0655,26.3422,2.0537,100.0,0.0,0.0,0.0,24.5,0.0,25.75,0.0,25.75,0.0,24.75,10.0,0.0,0.0077,53.001,5.3001,2.0,5.3362,1.2909,0.0852,1.3729,0.0195,1.3658,1.004e-05,1.0009,0.0103,1.872,8.0,0.0651,1.0017,0.1582,2.4211,0.0058,0.9843,0.0609,2.0068,0.0,0.0,0.0,-0.1424,25.0,24.0,37.0,37.0,14.0,0.0,0.0,0.0,64.0,36.638,0.0,0.0119,0.0,0.0
13913.0,1.7721,0.0965,1.0,0.0797,1.2014,2.055,1.055,2.3509,1.3509,26.561,2.0624,26.3508,2.054,100.0,0.0,0.0,0.0,24.625,0.0,25.625,0.0,25.875,0.0,24.75,10.0,0.0,0.0086,52.9997,5.2999,2.0,5.1471,1.2846,-0.0058,1.363,0.0187,1.3657,1.004e-05,1.0009,0.0103,1.8716,8.0,0.0645,1.0017,0.1694,2.4509,0.0059,0.9915,0.0655,2.038,0.0,0.0,0.0,-0.1428,25.0,24.0,37.0,37.0,12.0,0.0,0.0,0.0,64.0,36.8645,0.0,0.0119,0.0,0.0
13914.0,1.7716,0.0965,1.0,0.0796,1.2012,2.0546,1.0546,2.3507,1.3507,26.6791,2.0672,26.3701,2.0548,100.0,0.0,0.0,0.0,24.625,0.0,25.75,0.0,25.875,0.0,24.75,10.0,0.0,0.0086,52.9985,5.2998,2.0,5.1865,1.286,0.0418,1.3682,0.0192,1.3657,1.004e-05,1.0009,0.0103,1.8715,8.0,0.0633,1.0017,0.1443,2.3813,0.0067,1.0459,0.0675,2.0514,0.0,0.0,0.0,-0.1424,25.0,24.0,37.0,37.0,12.0,0.0,0.0,0.0,64.0,37.0247,0.0,0.012,0.0,0.0
13915.0,1.771,0.0964,1.0,0.0797,1.2014,2.0544,1.0544,2.351,1.351,26.8044,2.0722,26.3648,2.0546,100.0,0.0,0.0,0.0,24.625,0.0,25.875,0.0,25.75,0.0,24.625,10.0,0.0,0.0081,52.9976,5.2997,2.0,5.3111,1.2901,0.116,1.3763,0.0187,1.3657,1.004e-05,1.0008,0.0103,1.8712,8.0,0.0625,1.0017,0.1567,2.417,0.0065,1.0369,0.0565,1.9737,0.0,0.0,0.0,-0.1423,25.0,24.0,37.0,37.0,13.0,0.0,0.0,0.0,64.0,37.2109,0.0,0.0119,0.0,0.0
13916.0,1.771,0.0964,1.0,0.0797,1.2015,2.055,1.055,2.3511,1.3511,26.7823,2.0713,26.3525,2.0541,100.0,0.0,0.0,0.0,24.625,0.0,25.875,0.0,25.75,0.0,24.75,10.0,0.0,0.0084,52.9965,5.2996,2.0,5.3934,1.2927,0.1454,1.3795,0.0186,1.3657,1.004e-05,1.0009,0.0103,1.8714,8.0,0.0633,1.0017,0.1189,2.2972,0.0059,0.9911,0.0619,2.0137,0.0,0.0,0.0,-0.1421,25.0,24.0,37.0,37.0,13.0,0.0,0.0,0.0,64.0,37.4094,0.0,0.012,0.0,0.0
13917.0,1.7681,0.096,1.0,0.0797,1.2015,2.0551,1.0551,2.3508,1.3508,26.6803,2.0672,26.3457,2.0538,100.0,0.0,0.0,0.0,24.625,0.0,25.75,0.0,25.75,0.0,24.75,10.0,0.0,0.0084,52.9953,5.2995,2.0,5.3219,1.2904,0.1178,1.3765,0.0186,1.3657,1.004e-05,1.0009,0.0103,1.8711,8.0,0.0641,1.0017,0.1198,2.3005,0.006,0.9998,0.0562,1.9718,0.0,0.0,0.0,-0.1425,25.0,24.0,37.0,37.0,14.0,0.0,0.0,0.0,64.0,37.5988,0.0,0.0117,0.0,0.0
13918.0,1.767,0.0959,1.0,0.0796,1.2011,2.055,1.055,2.3505,1.3505,26.5523,2.0621,26.3473,2.0539,100.0,0.0,0.0,0.0,24.5,0.0,25.625,0.0,25.75,0.0,24.625,10.0,0.0,0.0079,52.9938,5.2993,2.0,5.2661,1.2886,0.0515,1.3693,0.0188,1.3657,1.004e-05,1.0008,0.0103,1.871,8.0,0.0623,1.0017,0.1485,2.3935,0.0062,1.0139,0.0563,1.9722,0.0,0.0,0.0,-0.1425,25.0,24.0,37.0,37.0,13.0,0.0,0.0,0.0,64.0,37.7861,0.0,0.0117,0.0,0.0
13919.0,1.766,0.0958,1.0,0.0793,1.2004,2.055,1.055,2.3507,1.3507,26.6172,2.0647,26.3664,2.0547,100.0,0.0,0.0,0.0,24.625,0.0,25.75,0.0,25.75,0.0,24.75,10.0,0.0,0.0083,52.9929,5.2992,2.0,5.2656,1.2886,0.0815,1.3725,0.0188,1.3657,1.004e-05,1.0009,0.0103,1.8709,8.0,0.0637,1.0017,0.1851,2.4894,0.0064,1.0264,0.0465,1.8892,0.0,0.0,0.0,-0.1426,25.0,24.0,37.0,37.0,14.0,0.0,0.0,0.0,64.0,37.9834,0.0,0.0121,0.0,0.0
13920.0,1.7633,0.0954,1.0,0.0796,1.2011,2.0544,1.0544,2.3508,1.3508,26.7947,2.0718,26.3697,2.0548,100.0,0.0,0.0,0.0,24.625,0.0,25.875,0.0,25.875,0.0,24.75,10.0,0.0,0.0081,52.9917,5.2991,2.0,5.2844,1.2892,0.0865,1.3731,0.0198,1.3658,1.004e-05,1.001,0.0103,1.8708,8.0,0.0689,1.0018,0.17,2.4522,0.0063,1.018,0.0612,2.0085,0.0,0.0,0.0,-0.1424,25.0,24.0,37.0,37.0,13.0,0.0,0.0,0.0,64.0,38.1671,0.0,0.0118,0.0,0.0
13921.0,1.7704,0.0963,1.0,0.0798,1.2017,2.0548,1.0548,2.3511,1.3511,26.7898,2.0716,26.3527,2.0541,100.0,0.0,0.0,0.0,24.75,0.0,25.75,0.0,25.75,0.0,24.75,10.0,0.0,0.0087,52.9905,5.299,2.0,5.3424,1.2911,0.1551,1.3806,0.0201,1.3658,1.004e-05,1.001,0.0103,1.8708,8.0,0.0701,1.0019,0.1738,2.4619,0.0062,1.0155,0.0561,1.9711,0.0,0.0,0.0,-0.1428,25.0,24.0,37.0,37.0,13.0,0.0,0.0,0.0,64.0,38.3593,0.0,0.012,0.0,0.0
13922.0,1.7711,0.0964,1.0,0.0798,1.2018,2.0554,1.0554,2.3508,1.3508,26.6973,2.0679,26.3469,2.0539,100.0,0.0,0.0,0.0,24.625,0.0,25.75,0.0,25.75,0.0,24.75,10.0,0.0,0.0095,52.9896,5.2989,2.0,5.5086,1.2964,0.2409,1.3899,0.02,1.3658,1.005e-05,1.0011,0.0103,1.8706,8.0,0.071,1.0019,0.2256,2.5751,0.0061,1.01,0.0576,1.9821,0.0,0.0,0.0,-0.1425,25.0,24.0,37.0,37.0,15.0,0.0,0.0,0.0,64.0,38.529,0.0,0.012,0.0,0.0
13923.0,1.7711,0.0964,1.0,0.0796,1.2012,2.0551,1.0551,2.3505,1.3505,26.5778,2.0631,26.3443,2.0538,100.0,0.0,0.0,0.0,24.625,0.0,25.75,0.0,25.75,0.0,24.75,10.0,0.0,0.0084,52.9878,5.2987,2.0,5.4907,1.2959,0.179,1.3832,0.0202,1.3658,1.004e-05,1.001,0.0103,1.8705,8.0,0.068,1.0018,0.2421,2.6059,0.0063,1.0216,0.0548,1.9606,0.0,0.0,0.0,-0.1426,25.0,24.0,37.0,37.0,12.0,0.0,0.0,0.0,64.0,38.7084,0.0,0.0118,0.0,0.0
13924.0,1.7718,0.0965,1.0,0.0796,1.2011,2.0547,1.0547,2.3503,1.3503,26.6144,2.0646,26.3647,2.0546,100.0,0.0,0.0,0.0,24.625,0.0,25.75,0.0,25.75,0.0,24.75,10.0,0.0,0.0084,52.9867,5.2986,2.0,5.505,1.2963,0.2362,1.3894,0.0198,1.3658,1.004e-05,1.001,0.0103,1.8703,8.0,0.0684,1.0018,0.1722,2.458,0.0071,1.0714,0.0551,1.9628,0.0,0.0,0.0,-0.1425,25.0,24.0,37.0,37.0,12.0,0.0,0.0,0.0,64.0,38.8965,0.0,0.0122,0.0,0.0
13925.0,1.7668,0.0958,1.0,0.0795,1.201,2.0547,1.0547,2.3504,1.3504,26.7875,2.0715,26.3717,2.0549,100.0,0.0,0.0,0.0,24.625,0.0,25.75,0.0,25.75,0.0,24.75,10.0,0.0,0.0085,52.9855,5.2985,2.0,5.517,1.2967,0.1785,1.3831,0.019,1.3657,1.004e-05,1.001,0.0103,1.8702,8.0,0.0668,1.0018,0.2769,2.6642,0.0053,0.9449,0.0497,1.9179,0.0,0.0,0.0,-0.1425,25.0,24.0,37.0,37.0,13.0,0.0,0.0,0.0,64.0,39.0699,0.0,0.0122,0.0,0.0
13926.0,1.7648,0.0956,1.0,0.0796,1.2011,2.0552,1.0552,2.3508,1.3508,26.803,2.0721,26.3574,2.0543,100.0,0.0,0.0,0.0,24.625,0.0,25.75,0.0,25.75,0.0,24.625,10.0,0.0,0.0082,52.9844,5.2984,2.0,5.43,1.2939,0.1503,1.38,0.0191,1.3657,1.004e-05,1.001,0.0103,1.8701,8.0,0.0695,1.0019,0.2766,2.6637,0.0058,0.9823,0.0622,2.0156,0.0,0.0,0.0,-0.1422,25.0,24.0,37.0,37.0,14.0,0.0,0.0,0.0,64.0,39.2552,0.0,0.0119,0.0,0.0
13927.0,1.7658,0.0957,1.0,0.0797,1.2014,2.0554,1.0554,2.3507,1.3507,26.6987,2.0679,26.3578,2.0543,100.0,0.0,0.0,0.0,24.625,0.0,25.75,0.0,25.75,0.0,24.75,10.0,0.0,0.0087,52.9834,5.2983,2.0,5.3671,1.2919,0.0601,1.3702,0.0202,1.3658,1.004e-05,1.0009,0.0103,1.87,8.0,0.0684,1.0018,0.2511,2.6218,0.0061,1.0056,0.0578,1.9841,0.0,0.0,0.0,-0.1421,25.0,24.0,37.0,37.0,13.0,0.0,0.0,0.0,64.0,39.4233,0.0,0.0122,0.0,0.0
13928.0,1.7647,0.0956,1.0,0.0796,1.2011,2.0555,1.0555,2.3505,1.3505,26.5763,2.0631,26.3542,2.0542,100.0,0.0,0.0,0.0,24.625,0.0,25.75,0.0,25.75,0.0,24.75,10.0,0.0,0.0079,52.9823,5.2982,2.0,5.366,1.2919,0.0677,1.371,0.0197,1.3658,1.004e-05,1.001,0.0103,1.87,8.0,0.0678,1.0018,0.2147,2.5537,0.0054,0.9549,0.0619,2.0133,0.0,0.0,0.0,-0.1424,25.0,24.0,37.0,37.0,13.0,0.0,0.0,0.0,64.0,39.6082,0.0,0.012,0.0,0.0
13929.0,1.7639,0.0955,1.0,0.0795,1.2009,2.0552,1.0552,2.3507,1.3507,26.5908,2.0636,26.363,2.0545,100.0,0.0,0.0,0.0,24.75,0.0,25.625,0.0,25.75,0.0,24.625,10.0,0.0,0.0087,52.9809,5.2981,2.0,5.3199,1.2904,0.1014,1.3747,0.0193,1.3657,1.004e-05,1.001,0.0103,1.87,8.0,0.0678,1.0018,0.1977,2.5178,0.0054,0.9514,0.0501,1.9215,0.0,0.0,0.0,-0.142,25.0,24.0,37.0,37.0,13.0,0.0,0.0,0.0,64.0,39.7888,0.0,0.0119,0.0,0.0
13930.0,1.7637,0.0955,1.0,0.0795,1.201,2.0548,1.0548,2.3504,1.3504,26.7498,2.07,26.3735,2.0549,100.0,0.0,0.0,0.0,24.75,0.0,25.75,0.0,25.75,0.0,24.75,10.0,0.0,0.0092,52.9799,5.2979,2.0,5.3298,1.2907,0.0501,1.3691,0.0193,1.3657,1.004e-05,1.001,0.0103,1.8698,8.0,0.0708,1.0019,0.2947,2.6912,0.0062,1.0145,0.0536,1.9509,0.0,0.0,0.0,-0.1421,25.0,24.0,37.0,37.0,14.0,0.0,0.0,0.0,64.0,39.9588,0.0,0.0119,0.0,0.0
13931.0,1.7646,0.0956,1.0,0.08,1.2022,2.0551,1.0551,2.3508,1.3508,26.8141,2.0726,26.3672,2.0547,100.0,0.0,0.0,0.0,24.625,0.0,25.625,0.0,25.75,0.0,24.75,10.0,0.0,0.0084,52.9787,5.2978,2.0,5.2667,1.2886,-0.0037,1.3632,0.0212,1.3659,1.005e-05,1.0011,0.0103,1.87,8.0,0.0742,1.002,0.2473,2.6151,0.0061,1.0087,0.0507,1.9272,0.0,0.0,0.0,-0.1427,25.0,24.0,37.0,37.0,13.0,0.0,0.0,0.0,64.0,40.1396,0.0,0.012,0.0,0.0
13932.0,1.7652,0.0956,1.0,0.0801,1.2026,2.0551,1.0551,2.3511,1.3511,26.7343,2.0694,26.3489,2.054,100.0,0.0,0.0,0.0,24.625,0.0,25.75,0.0,25.75,0.0,24.75,10.0,0.0,0.0082,52.9774,5.2977,2.0,5.3551,1.2915,0.1055,1.3751,0.0208,1.3659,1.005e-05,1.0011,0.0103,1.8698,8.0,0.0741,1.002,0.2538,2.6263,0.0053,0.948,0.052,1.9377,0.0,0.0,0.0,-0.1426,25.0,24.0,37.0,37.0,14.0,0.0,0.0,0.0,64.0,40.3312,0.0,0.0118,0.0,0.0
13933.0,1.7636,0.0955,1.0,0.08,1.2023,2.0551,1.0551,2.351,1.351,26.6155,2.0646,26.3349,2.0534,100.0,0.0,0.0,0.0,24.75,0.0,25.75,0.0,25.625,0.0,24.75,10.0,0.0,0.0087,52.9766,5.2976,2.0,5.5192,1.2968,0.2329,1.389,0.0207,1.3659,1.005e-05,1.0011,0.0103,1.8695,8.0,0.0717,1.0019,0.2419,2.6055,0.0058,0.9888,0.0447,1.8717,0.0,0.0,0.0,-0.1427,25.0,24.0,37.0,37.0,13.0,0.0,0.0,0.0,64.0,40.4762,0.0,0.0121,0.0,0.0
13934.0,1.7631,0.0954,1.0,0.0799,1.2021,2.0549,1.0549,2.3508,1.3508,26.569,2.0628,26.3576,2.0543,100.0,0.0,0.0,0.0,24.625,0.0,25.75,0.0,25.75,0.0,24.75,10.0,0.0,0.0084,52.9754,5.2975,2.0,5.7137,1.3028,0.3712,1.4041,0.0213,1.366,1.005e-05,1.0011,0.0103,1.8694,8.0,0.0748,1.002,0.2381,2.5987,0.0056,0.9669,0.0454,1.8786,0.0,0.0,0.0,-0.1424,25.0,24.0,37.0,37.0,15.0,0.0,0.0,0.0,64.0,40.6591,0.0,0.0121,0.0,0.0
13935.0,1.7636,0.0954,1.0,0.0798,1.2018,2.0544,1.0544,2.3507,1.3507,26.7241,2.069,26.3629,2.0545,100.0,0.0,0.0,0.0,24.625,0.0,25.75,0.0,25.875,0.0,24.75,10.0,0.0,0.0083,52.9744,5.2974,2.0,5.7466,1.3038,0.295,1.3958,0.0208,1.3659,1.005e-05,1.0011,0.0103,1.8696,8.0,0.0737,1.002,0.2137,2.5517,0.0058,0.9846,0.0444,1.8697,0.0,0.0,0.0,-0.1419,25.0,24.0,37.0,37.0,13.0,0.0,0.0,0.0,64.0,40.8421,0.0,0.012,0.0,0.0
13936.0,1.7626,0.0953,1.0,0.0799,1.2019,2.0546,1.0546,2.3511,1.3511,26.8158,2.0726,26.3593,2.0544,100.0,0.0,0.0,0.0,24.625,0.0,25.625,0.0,25.75,0.0,24.75,10.0,0.0,0.0086,52.9728,5.2972,2.0,5.6175,1.2998,0.2068,1.3862,0.0203,1.3659,1.005e-05,1.0012,0.0103,1.8693,8.0,0.0732,1.002,0.1969,2.5161,0.0062,1.0121,0.0426,1.8508,0.0,0.0,0.0,-0.1425,25.0,24.0,37.0,37.0,15.0,0.0,0.0,0.0,64.0,41.0114,0.0,0.0121,0.0,0.0
13937.0,1.76,0.095,1.0,0.0799,1.202,2.0554,1.0554,2.3507,1.3507,26.744,2.0698,26.3571,2.0543,100.0,0.0,0.0,0.0,24.625,0.0,25.75,0.0,25.75,0.0,24.75,10.0,0.0,0.0085,52.9717,5.2971,2.0,5.6423,1.3006,0.2499,1.3909,0.0211,1.3659,1.005e-05,1.0011,0.0103,1.8692,8.0,0.0749,1.002,0.1684,2.4481,0.0059,0.9952,0.0427,1.8526,0.0,0.0,0.0,-0.1424,25.0,24.0,37.0,37.0,13.0,0.0,0.0,0.0,0.0,41.0933,0.0,0.0115,0.0,0.0
13938.0,1.7563,0.0945,1.0,0.0798,1.2018,2.0551,1.0551,2.351,1.351,26.6286,2.0651,26.336,2.0534,100.0,0.0,0.0,0.0,24.625,0.0,25.75,0.0,25.75,0.0,24.625,10.0,0.0,0.0085,52.9708,5.2971,2.0,5.7474,1.3038,0.3364,1.4003,0.0208,1.3659,1.005e-05,1.0012,0.0103,1.8693,8.0,0.0736,1.002,0.1788,2.4742,0.0064,1.0247,0.0566,1.9745,0.0,0.0,0.0,-0.1423,25.0,24.0,37.0,37.0,13.0,0.0,0.0,0.0,0.0,41.0937,0.0,0.012,0.0,0.0
13939.0,1.7551,0.0944,1.0,0.0797,1.2015,2.055,1.055,2.3508,1.3508,26.5608,2.0624,26.3464,2.0539,100.0,0.0,0.0,0.0,24.625,0.0,25.75,0.0,25.75,0.0,24.75,10.0,0.0,0.0084,52.9696,5.297,2.0,5.8833,1.3078,0.4458,1.4123,0.0207,1.3659,1.005e-05,1.0012,0.0103,1.8691,8.0,0.0735,1.002,0.1867,2.493,0.0055,0.966,0.0483,1.9056,0.0,0.0,0.0,-0.1424,25.0,24.0,37.0,37.0,14.0,0.0,0.0,0.0,0.0,41.0931,0.0,0.012,0.0,0.0
13940.0,1.7552,0.0944,1.0,0.0798,1.2017,2.0544,1.0544,2.3508,1.3508,26.7194,2.0688,26.3718,2.0549,100.0,0.0,0.0,0.0,24.625,0.0,25.75,0.0,25.75,0.0,24.75,10.0,0.0,0.0082,52.9683,5.2968,2.0,6.03,1.3121,0.4207,1.4095,0.0214,1.366,1.005e-05,1.0011,0.0103,1.8689,8.0,0.0738,1.002,0.173,2.4598,0.0057,0.9744,0.0438,1.8634,0.0,0.0,0.0,-0.1423,25.0,24.0,37.0,37.0,14.0,0.0,0.0,0.0,4.0,41.0937,0.0,0.0119,0.0,0.0
13941.0,1.7587,0.0948,1.0,0.0799,1.202,2.0544,1.0544,2.351,1.351,26.8176,2.0727,26.3546,2.0542,100.0,0.0,0.0,0.0,24.625,0.0,25.75,0.0,25.75,0.0,24.75,10.0,0.0,0.0081,52.9674,5.2967,2.0,5.9228,1.309,0.3911,1.4063,0.0208,1.3659,1.005e-05,1.0011,0.0103,1.8689,8.0,0.0741,1.002,0.1644,2.4377,0.0061,1.0053,0.0612,2.0084,0.0,0.0,0.0,-0.1424,25.0,24.0,37.0,37.0,16.0,0.0,0.0,0.0,0.0,41.1369,0.0,0.0119,0.0,0.0
13942.0,1.7612,0.0952,1.0,0.0797,1.2014,2.055,1.055,2.3512,1.3512,26.7742,2.071,26.3407,2.0536,100.0,0.0,0.0,0.0,24.625,0.0,25.75,0.0,25.875,0.0,24.625,10.0,0.0,0.0082,52.9662,5.2966,2.0,6.0291,1.3121,0.4336,1.4109,0.0188,1.3657,1.004e-05,1.0009,0.0103,1.8686,8.0,0.067,1.0018,0.1502,2.3985,0.0057,0.9745,0.0669,2.047,0.0,0.0,0.0,-0.1425,25.0,24.0,37.0,37.0,12.0,0.0,0.0,0.0,0.0,41.1376,0.0,0.0123,0.0,0.0
13943.0,1.7633,0.0954,1.0,0.0797,1.2015,2.055,1.055,2.3511,1.3511,26.6656,2.0666,26.346,2.0538,100.0,0.0,0.0,0.0,24.625,0.0,25.75,0.0,25.75,0.0,24.75,10.0,0.0,0.0088,52.9656,5.2965,2.0,5.9838,1.3108,0.3371,1.4004,0.0184,1.3656,1.004e-05,1.001,0.0103,1.8684,8.0,0.066,1.0018,0.1371,2.3588,0.0064,1.0254,0.0779,2.1135,0.0,0.0,0.0,-0.1424,25.0,24.0,37.0,37.0,15.0,0.0,0.0,0.0,0.0,41.1379,0.0,0.0121,0.0,0.0
13944.0,1.7647,0.0956,1.0,0.0798,1.2018,2.055,1.055,2.3509,1.3509,26.5606,2.0624,26.3497,2.054,100.0,0.0,0.0,0.0,24.625,0.0,25.625,0.0,25.75,0.0,24.75,10.0,0.0,0.0086,52.9643,5.2963,2.0,5.8775,1.3077,0.3232,1.3989,0.019,1.3657,1.004e-05,1.0009,0.0103,1.8685,8.0,0.0679,1.0018,0.1593,2.4241,0.0062,1.0136,0.0838,2.1453,0.0,0.0,0.0,-0.1422,25.0,24.0,37.0,37.0,13.0,0.0,0.0,0.0,0.0,41.1375,0.0,0.0121,0.0,0.0
13945.0,1.7647,0.0956,1.0,0.0798,1.2018,2.0545,1.0545,2.3508,1.3508,26.6964,2.0679,26.37,2.0548,100.0,0.0,0.0,0.0,24.625,0.0,25.625,0.0,25.75,0.0,24.75,10.0,0.0,0.0085,52.9628,5.2962,2.0,6.563,1.3268,1.1178,1.4856,0.0194,1.3658,1.004e-05,1.0009,0.0103,1.8685,8.0,0.0668,1.0018,0.1301,2.3362,0.006,0.9986,0.0719,2.0785,0.0,0.0,0.0,-0.1425,25.0,24.0,37.0,37.0,14.0,0.0,0.0,0.0,0.0,41.1379,0.0,0.0121,0.0,0.0
13946.0,1.7647,0.0956,1.0,0.0798,1.2016,2.0544,1.0544,2.3511,1.3511,26.8162,2.0726,26.3621,2.0545,100.0,0.0,0.0,0.0,24.625,0.0,25.75,0.0,25.75,0.0,24.625,10.0,0.0,0.008,52.9618,5.2961,2.0,7.0827,1.3401,1.0856,1.4821,0.0193,1.3657,1.004e-05,1.0009,0.0103,1.8683,8.0,0.0696,1.0019,0.1318,2.3418,0.006,0.9995,0.064,2.0278,0.0,0.0,0.0,-0.1424,25.0,24.0,37.0,37.0,14.0,0.0,0.0,0.0,0.0,41.1377,0.0,0.0122,0.0,0.0
13947.0,1.7647,0.0956,1.0,0.0796,1.2013,2.055,1.055,2.3513,1.3513,26.7693,2.0708,26.3416,2.0537,100.0,0.0,0.0,0.0,24.75,0.0,25.75,0.0,25.75,0.0,24.625,10.0,0.0,0.0092,52.9607,5.296,2.0,7.2362,1.3438,1.1657,1.4908,0.0196,1.3658,1.004e-05,1.0009,0.0103,1.8682,8.0,0.0678,1.0018,0.1196,2.2997,0.0058,0.9885,0.0723,2.081,0.0,0.0,0.0,-0.1426,25.0,24.0,37.0,37.0,13.0,0.0,0.0,0.0,0.0,41.1375,0.0,0.0121,0.0,0.0
13948.0,1.7657,0.0957,1.0,0.0799,1.2019,2.0553,1.0553,2.3511,1.3511,26.655,2.0662,26.3448,2.0538,100.0,0.0,0.0,0.0,24.625,0.0,25.625,0.0,25.75,0.0,24.75,10.0,0.0,0.0081,52.9598,5.296,2.0,7.4416,1.3487,1.1415,1.4882,0.0195,1.3658,1.004e-05,1.001,0.0103,1.868,8.0,0.0668,1.0018,0.1262,2.3229,0.006,0.9981,0.0599,1.9994,0.0,0.0,0.0,-0.1426,25.0,24.0,37.0,37.0,12.0,0.0,0.0,0.0,0.0,41.1374,0.0,0.0118,0.0,0.0
13949.0,1.7658,0.0957,1.0,0.0798,1.2017,2.0555,1.0555,2.3509,1.3509,26.5689,2.0628,26.3483,2.0539,100.0,0.0,0.0,0.0,24.75,0.0,25.75,0.0,25.75,0.0,24.625,10.0,0.0,0.0101,52.9587,5.2958,2.0,7.8212,1.3573,1.9218,1.5733,0.0196,1.3658,1.004e-05,1.001,0.0103,1.868,8.0,0.0687,1.0018,0.1095,2.2611,0.0053,0.9454,0.0696,2.0647,0.0,0.0,0.0,-0.1423,25.0,24.0,37.0,37.0,15.0,0.0,0.0,0.0,0.0,41.1377,0.0,0.0118,0.0,0.0
13950.0,1.7657,0.0957,1.0,0.0798,1.2016,2.0549,1.0549,2.3507,1.3507,26.6688,2.0668,26.3685,2.0547,100.0,0.0,0.0,0.0,24.625,0.0,25.75,0.0,25.75,0.0,24.75,10.0,0.0,0.0088,52.9574,5.2957,2.0,8.5079,1.3719,1.6445,1.543,0.0194,1.3658,1.005e-05,1.0011,0.0103,1.868,8.0,0.0702,1.0019,0.0965,2.2063,0.0063,1.0208,0.0947,2.1984,0.0,0.0,0.0,-0.1425,25.0,24.0,37.0,37.0,13.0,0.0,0.0,0.0,0.0,41.1372,0.0,0.0123,0.0,0.0
13951.0,1.7658,0.0957,1.0,0.0798,1.2017,2.0547,1.0547,2.3509,1.3509,26.7969,2.0719,26.3661,2.0546,100.0,0.0,0.0,0.0,24.625,0.0,25.75,0.0,25.75,0.0,24.75,10.0,0.0,0.0085,52.9565,5.2956,2.0,8.3147,1.3679,1.4673,1.5237,0.0198,1.3658,1.005e-05,1.0011,0.0103,1.8679,8.0,0.0728,1.0019,0.1452,2.3838,0.0069,1.0619,0.0908,2.1799,0.0,0.0,0.0,-0.1425,25.0,24.0,37.0,37.0,14.0,0.0,0.0,0.0,0.0,41.1376,0.0,0.0117,0.0,0.0
13952.0,1.7658,0.0957,1.0,0.0797,1.2014,2.0552,1.0552,2.3512,1.3512,26.7773,2.0711,26.353,2.0541,100.0,0.0,0.0,0.0,24.625,0.0,25.75,0.0,25.75,0.0,24.75,10.0,0.0,0.0087,52.9554,5.2955,2.0,8.1023,1.3634,1.2389,1.4988,0.0201,1.3658,1.005e-05,1.0011,0.0103,1.8676,8.0,0.0707,1.0019,0.1706,2.4539,0.0063,1.0219,0.0904,2.178,0.0,0.0,0.0,-0.1421,25.0,24.0,37.0,37.0,14.0,0.0,0.0,0.0,0.0,41.137,0.0,0.0123,0.0,0.0
13953.0,1.7667,0.0958,1.0,0.0798,1.2017,2.0554,1.0554,2.3511,1.3511,26.68,2.0672,26.3469,2.0539,100.0,0.0,0.0,0.0,24.625,0.0,25.625,0.0,25.75,0.0,24.75,10.0,0.0,0.009,52.9547,5.2954,2.0,7.9444,1.36,1.1314,1.4871,0.0191,1.3657,1.004e-05,1.001,0.0103,1.8673,8.0,0.0689,1.0018,0.1542,2.4099,0.0063,1.0206,0.0825,2.1385,0.0,0.0,0.0,-0.1423,25.0,24.0,37.0,37.0,15.0,0.0,0.0,0.0,0.0,41.137,0.0,0.0121,0.0,0.0
13954.0,1.7669,0.0959,1.0,0.0797,1.2014,2.0554,1.0554,2.3509,1.3509,26.5749,2.063,26.3463,2.0539,100.0,0.0,0.0,0.0,24.625,0.0,25.75,0.0,25.75,0.0,24.75,10.0,0.0,0.0087,52.9532,5.2952,2.0,7.9629,1.3604,1.1061,1.4843,0.0193,1.3657,1.004e-05,1.001,0.0103,1.8672,8.0,0.0662,1.0018,0.1153,2.2837,0.0052,0.938,0.0743,2.093,0.0,0.0,0.0,-0.1423,25.0,24.0,37.0,37.0,13.0,0.0,0.0,0.0,0.0,41.1372,0.0,0.0122,0.0,0.0
13955.0,1.7658,0.0957,1.0,0.0799,1.2019,2.0546,1.0546,2.3511,1.3511,26.6415,2.0657,26.3668,2.0547,100.0,0.0,0.0,0.0,24.5,0.0,25.625,0.0,25.75,0.0,24.75,10.0,0.0,0.0084,52.9523,5.2952,2.0,7.9101,1.3593,0.9558,1.4679,0.0197,1.3658,1.004e-05,1.001,0.0103,1.8672,8.0,0.0677,1.0018,0.1298,2.3352,0.0063,1.0209,0.0756,2.1001,0.0,0.0,0.0,-0.1424,25.0,24.0,37.0,37.0,15.0,0.0,0.0,0.0,0.0,41.1378,0.0,0.0118,0.0,0.0
13956.0,1.7657,0.0957,1.0,0.0796,1.2013,2.0543,1.0543,2.3512,1.3512,26.8045,2.0722,26.3703,2.0548,100.0,0.0,0.0,0.0,24.625,0.0,25.75,0.0,25.75,0.0,24.75,10.0,0.0,0.0083,52.9511,5.295,2.0,7.8414,1.3578,0.8691,1.4585,0.0204,1.3659,1.004e-05,1.001,0.0103,1.8673,8.0,0.0691,1.0018,0.234,2.5911,0.0069,1.058,0.0699,2.0661,0.0,0.0,0.0,-0.1426,25.0,24.0,37.0,37.0,14.0,0.0,0.0,0.0,0.0,41.1371,0.0,0.012,0.0,0.0
13957.0,1.7653,0.0957,1.0,0.08,1.2022,2.0549,1.0549,2.3516,1.3516,26.7959,2.0718,26.3511,2.054,100.0,0.0,0.0,0.0,24.625,0.0,25.75,0.0,25.75,0.0,24.75,10.0,0.0,0.0092,52.9498,5.295,2.0,7.8465,1.3579,0.885,1.4602,0.0211,1.3659,1.005e-05,1.0011,0.0103,1.8671,8.0,0.0749,1.002,0.202,2.5273,0.0056,0.9686,0.0718,2.0778,0.0,0.0,0.0,-0.1425,25.0,24.0,37.0,37.0,13.0,0.0,0.0,0.0,0.0,41.137,0.0,0.0123,0.0,0.0
13958.0,1.7642,0.0955,1.0,0.0799,1.2021,2.0551,1.0551,2.3515,1.3515,26.6933,2.0677,26.3429,2.0537,100.0,0.0,0.0,0.0,24.625,0.0,25.75,0.0,25.75,0.0,24.75,10.0,0.0,0.0091,52.9489,5.2948,2.0,7.8339,1.3576,0.7766,1.4484,0.0213,1.366,1.005e-05,1.0011,0.0103,1.8671,8.0,0.0738,1.002,0.1818,2.4814,0.0054,0.9576,0.0645,2.0311,0.0,0.0,0.0,-0.1428,25.0,24.0,37.0,37.0,15.0,0.0,0.0,0.0,0.0,41.1368,0.0,0.012,0.0,0.0
13959.0,1.764,0.0955,1.0,0.0797,1.2014,2.0552,1.0552,2.3513,1.3513,26.5748,2.063,26.3427,2.0537,100.0,0.0,0.0,0.0,24.625,0.0,25.75,0.0,25.75,0.0,24.625,10.0,0.0,0.0082,52.9479,5.2947,2.0,7.7538,1.3558,0.7177,1.4419,0.0207,1.3659,1.005e-05,1.0011,0.0103,1.8668,8.0,0.0712,1.0019,0.1584,2.4217,0.0064,1.025,0.0836,2.1439,0.0,0.0,0.0,-0.1427,25.0,24.0,37.0,37.0,14.0,0.0,0.0,0.0,0.0,41.1377,0.0,0.012,0.0,0.0
13960.0,1.7647,0.0956,1.0,0.0799,1.2019,2.0551,1.0551,2.3511,1.3511,26.623,2.0649,26.3718,2.0549,100.0,0.0,0.0,0.0,24.625,0.0,25.75,0.0,25.75,0.0,24.75,10.0,0.0,0.0083,52.9468,5.2946,2.0,7.7233,1.3551,0.6607,1.4357,0.0202,1.3658,1.005e-05,1.0011,0.0103,1.8666,8.0,0.0723,1.0019,0.1863,2.4921,0.0059,0.9962,0.0889,2.1707,0.0,0.0,0.0,-0.1425,25.0,24.0,37.0,37.0,16.0,0.0,0.0,0.0,0.0,41.137,0.0,0.012,0.0,0.0
13961.0,1.7658,0.0957,1.0,0.0798,1.2016,2.0548,1.0548,2.3512,1.3512,26.7945,2.0718,26.373,2.0549,100.0,0.0,0.0,0.0,24.625,0.0,25.625,0.0,25.875,0.0,24.75,10.0,0.0,0.0087,52.946,5.2946,2.0,7.6099,1.3526,0.5298,1.4214,0.0201,1.3658,1.004e-05,1.001,0.0103,1.8664,8.0,0.0697,1.0019,0.1584,2.4216,0.0062,1.0126,0.086,2.1563,0.0,0.0,0.0,-0.1423,25.0,24.0,37.0,37.0,13.0,0.0,0.0,0.0,0.0,41.1374,0.0,0.0122,0.0,0.0
13962.0,1.7658,0.0957,1.0,0.0796,1.2013,2.0548,1.0548,2.3516,1.3516,26.8173,2.0727,26.3552,2.0542,100.0,0.0,0.0,0.0,24.5,0.0,25.75,0.0,25.75,0.0,24.75,10.0,0.0,0.0084,52.9447,5.2944,2.0,7.4644,1.3492,0.4172,1.4092,0.0195,1.3658,1.004e-05,1.001,0.0103,1.8662,8.0,0.0675,1.0018,0.2001,2.5231,0.0068,1.0545,0.0722,2.0805,0.0,0.0,0.0,-0.1421,25.0,24.0,37.0,37.0,15.0,0.0,0.0,0.0,0.0,41.1378,64.0,0.0149,0.0,0.0
13963.0,1.7709,0.0964,1.0,0.0796,1.2012,2.0551,1.0551,2.3515,1.3515,26.726,2.069,26.348,2.0539,100.0,0.0,0.0,0.0,24.625,0.0,25.75,0.0,25.75,0.0,24.75,10.0,0.0,0.0084,52.9435,5.2943,2.0,7.3041,1.3454,0.3376,1.4005,0.0199,1.3658,1.005e-05,1.001,0.0103,1.8661,8.0,0.0712,1.0019,0.1887,2.4976,0.0062,1.0149,0.0742,2.092,0.0,0.0,0.0,-0.1422,25.0,24.0,37.0,37.0,13.0,0.0,0.0,0.0,0.0,41.1372,64.0,0.198,0.0,0.0
13964.0,1.7721,0.0965,1.0,0.0796,1.2012,2.0556,1.0556,2.351,1.351,26.5962,2.0638,26.3547,2.0542,100.0,0.0,0.0,0.0,24.75,0.0,25.75,0.0,25.75,0.0,24.875,10.0,0.0,0.0082,52.9427,5.2942,2.0,7.2501,1.3441,0.3093,1.3974,0.0201,1.3658,1.004e-05,1.001,0.0103,1.8659,8.0,0.0711,1.0019,0.2268,2.5775,0.0059,0.9909,0.0838,2.1448,0.0,0.0,0.0,-0.1425,25.0,24.0,37.0,37.0,14.0,0.0,0.0,0.0,0.0,41.1375,64.0,0.3743,0.0,0.0
13965.0,1.7751,0.0969,1.0,0.0797,1.2014,2.0552,1.0552,2.3512,1.3512,26.6007,2.064,26.3727,2.0549,100.0,0.0,0.0,0.0,24.625,0.0,25.75,0.0,25.75,0.0,24.625,10.0,0.0,0.0087,52.9418,5.2941,2.0,7.2241,1.3435,0.2743,1.3936,0.0199,1.3658,1.004e-05,1.001,0.0103,1.8658,8.0,0.0696,1.0019,0.2126,2.5493,0.0059,0.9937,0.0798,2.1236,0.0,0.0,0.0,-0.1425,25.0,25.0,37.0,37.0,13.0,0.0,0.0,0.0,0.0,41.1375,64.0,0.552,0.0,0.0
13966.0,1.7771,0.0971,1.0,0.0795,1.201,2.0547,1.0547,2.3511,1.3511,26.7617,2.0705,26.3738,2.055,100.0,0.0,0.0,0.0,24.625,0.0,25.75,0.0,25.75,0.0,24.75,10.0,0.0,0.0081,52.9406,5.294,2.0,7.2515,1.3442,0.2877,1.395,0.0192,1.3657,1.004e-05,1.0009,0.0103,1.8657,8.0,0.0652,1.0017,0.1595,2.4247,0.0059,0.9898,0.0861,2.1567,0.0,0.0,0.0,-0.1422,25.0,25.0,37.0,37.0,13.0,0.0,0.0,0.0,0.0,41.1379,64.0,0.7453,0.0,0.0
13967.0,1.7756,0.097,1.0,0.0797,1.2016,2.0547,1.0547,2.3516,1.3516,26.8224,2.0729,26.3581,2.0543,100.0,0.0,0.0,0.0,24.625,0.0,25.75,0.0,25.875,0.0,24.75,10.0,0.0,0.0077,52.9394,5.2939,2.0,7.1788,1.3424,0.2472,1.3906,0.0183,1.3656,1.004e-05,1.0009,0.0103,1.8654,8.0,0.0649,1.0017,0.1633,2.4349,0.0066,1.041,0.0861,2.1569,0.0,0.0,0.0,-0.1425,25.0,25.0,37.0,37.0,14.0,0.0,0.0,0.0,0.0,41.1375,64.0,0.9277,0.0,0.0
13968.0,1.7733,0.0967,1.0,0.0795,1.2009,2.0551,1.0551,2.3515,1.3515,26.7435,2.0697,26.3485,2.0539,100.0,0.0,0.0,0.0,24.625,0.0,25.75,0.0,25.875,0.0,24.75,10.0,0.0,0.0086,52.9383,5.2938,2.0,7.2223,1.3435,0.2417,1.39,0.0183,1.3656,1.003e-05,1.0008,0.0103,1.8653,8.0,0.0625,1.0017,0.1552,2.4129,0.0061,1.0084,0.0864,2.1586,0.0,0.0,0.0,-0.1426,25.0,25.0,37.0,37.0,14.0,0.0,0.0,0.0,0.0,41.1375,64.0,1.1198,0.0,0.0
13969.0,1.7685,0.0961,1.0,0.0796,1.2012,2.055,1.055,2.3515,1.3515,26.6107,2.0644,26.3401,2.0536,100.0,0.0,0.0,0.0,24.75,0.0,25.75,0.0,25.75,0.0,24.75,10.0,0.0,0.0093,52.9375,5.2937,2.0,7.265,1.3445,0.2473,1.3906,0.0186,1.3657,1.004e-05,1.0009,0.0103,1.8652,8.0,0.0654,1.0017,0.1557,2.4142,0.0058,0.9862,0.0798,2.1238,0.0,0.0,0.0,-0.143,25.0,25.0,37.0,37.0,14.0,0.0,0.0,0.0,0.0,41.137,64.0,1.3145,0.0,0.0
13970.0,1.7687,0.0961,1.0,0.0797,1.2015,2.055,1.055,2.3513,1.3513,26.5807,2.0632,26.3572,2.0543,100.0,0.0,0.0,0.0,24.625,0.0,25.625,0.0,25.75,0.0,24.625,10.0,0.0,0.0083,52.9362,5.2936,2.0,7.2595,1.3444,0.2491,1.3908,0.0191,1.3657,1.004e-05,1.001,0.0103,1.8651,8.0,0.0677,1.0018,0.1487,2.3943,0.0055,0.9615,0.0727,2.0833,0.0,0.0,0.0,-0.1423,25.0,25.0,37.0,37.0,14.0,0.0,0.0,0.0,0.0,41.1373,64.0,1.4883,0.0,0.0
13971.0,1.769,0.0961,1.0,0.0798,1.2017,2.0548,1.0548,2.3511,1.3511,26.753,2.0701,26.3835,2.0553,100.0,0.0,0.0,0.0,24.75,0.0,25.75,0.0,25.75,0.0,24.75,10.0,0.0,0.0078,52.9656,5.2952,2.0,7.4578,1.349,0.3239,1.399,0.0202,1.3658,1.004e-05,1.0009,0.0103,1.865,8.0,0.0685,1.0018,0.1141,2.279,0.0061,1.005,0.0705,2.0702,0.0,0.0,0.0,-0.1426,25.0,25.0,37.0,37.0,15.0,0.0,0.0,0.0,0.0,41.1368,64.0,1.6603,0.0,0.0
13972.0,1.769,0.0961,1.0,0.0798,1.2018,2.0549,1.0549,2.3515,1.3515,26.8373,2.0735,26.3636,2.0545,100.0,0.0,0.0,0.0,24.625,0.0,25.75,0.0,25.75,0.0,24.75,10.0,0.0,0.0083,52.9398,5.2932,2.0,7.4253,1.3483,0.2764,1.3938,0.0208,1.3659,1.005e-05,1.0011,0.0103,1.8648,8.0,0.0728,1.0019,0.1223,2.3093,0.0059,0.9956,0.0761,2.1032,0.0,0.0,0.0,-0.1426,25.0,25.0,37.0,37.0,14.0,0.0,0.0,0.0,0.0,41.1376,64.0,1.8415,0.0,0.0
13973.0,1.768,0.096,1.0,0.08,1.2022,2.055,1.055,2.3515,1.3515,26.768,2.0707,26.3519,2.0541,100.0,0.0,0.0,0.0,24.5,0.0,25.75,0.0,25.75,0.0,24.875,10.0,0.0,0.0079,52.9329,5.2931,2.0,7.2496,1.3441,0.1959,1.385,0.0209,1.3659,1.005e-05,1.0011,0.0103,1.8649,8.0,0.0737,1.002,0.1853,2.4898,0.0052,0.9369,0.0697,2.0652,0.0,0.0,0.0,-0.1422,25.0,25.0,37.0,37.0,13.0,0.0,0.0,0.0,0.0,41.1374,64.0,2.031,0.0,0.0
13974.0,1.7678,0.096,1.0,0.0798,1.2016,2.0551,1.0551,2.3515,1.3515,26.6384,2.0655,26.3454,2.0538,100.0,0.0,0.0,0.0,24.625,0.0,25.75,0.0,25.75,0.0,24.875,10.0,0.0,0.0075,52.9303,5.293,2.0,7.2684,1.3446,0.165,1.3816,0.0195,1.3658,1.004e-05,1.001,0.0103,1.8648,8.0,0.0703,1.0019,0.1676,2.4463,0.0062,1.0164,0.0678,2.0532,0.0,0.0,0.0,-0.1422,25.0,24.0,37.0,37.0,15.0,0.0,0.0,0.0,0.0,41.1368,64.0,2.2162,0.0,0.0
13975.0,1.7679,0.096,1.0,0.0797,1.2014,2.0551,1.0551,2.3512,1.3512,26.5657,2.0626,26.3537,2.0541,100.0,0.0,0.0,0.0,24.625,0.0,25.75,0.0,25.875,0.0,24.75,10.0,0.0,0.0084,52.9294,5.293,2.0,7.2075,1.3431,0.1456,1.3795,0.0199,1.3658,1.005e-05,1.0011,0.0103,1.8644,8.0,0.0729,1.0019,0.1797,2.4765,0.0058,0.9818,0.0658,2.0401,0.0,0.0,0.0,-0.1423,25.0,24.0,37.0,37.0,12.0,0.0,0.0,0.0,0.0,41.1371,64.0,2.3976,0.0,0.0
13976.0,1.7686,0.0961,1.0,0.0801,1.2024,2.0549,1.0549,2.3511,1.3511,26.7022,2.0681,26.3713,2.0549,100.0,0.0,0.0,0.0,24.75,0.0,25.75,0.0,25.75,0.0,24.75,10.0,0.0,0.0085,52.9306,5.2926,2.0,7.1341,1.3413,0.0862,1.373,0.021,1.3659,1.005e-05,1.0011,0.0103,1.8644,8.0,0.0728,1.0019,0.1643,2.4376,0.006,1.0025,0.0591,1.9936,0.0,0.0,0.0,-0.1425,25.0,24.0,37.0,37.0,14.0,0.0,0.0,0.0,0.0,41.1374,64.0,2.5858,0.0,0.0
13977.0,1.7689,0.0961,1.0,0.08,1.2021,2.0548,1.0548,2.3516,1.3516,26.8177,2.0727,26.3621,2.0545,100.0,0.0,0.0,0.0,24.625,0.0,25.75,0.0,25.75,0.0,24.75,10.0,0.0,0.0077,52.9297,5.2931,2.0,7.063,1.3396,0.0267,1.3665,0.0211,1.3659,1.005e-05,1.0012,0.0102,1.8642,8.0,0.0743,1.002,0.163,2.4341,0.0064,1.0307,0.0603,2.0022,0.0,0.0,0.0,-0.1421,25.0,24.0,37.0,37.0,13.0,0.0,0.0,0.0,0.0,41.1369,64.0,2.7622,0.0,0.0
13978.0,1.7689,0.0961,1.0,0.0797,1.2014,2.0553,1.0553,2.3519,1.3519,26.7663,2.0707,26.3503,2.054,100.0,0.0,0.0,0.0,24.625,0.0,25.75,0.0,25.875,0.0,24.75,10.0,0.0,0.0085,52.9271,5.293,2.0,6.9772,1.3375,0.0011,1.3638,0.0206,1.3659,1.005e-05,1.0011,0.0102,1.8639,8.0,0.0738,1.002,0.1224,2.3096,0.0055,0.9642,0.0516,1.9348,0.0,0.0,0.0,-0.1425,25.0,24.0,37.0,37.0,13.0,0.0,0.0,0.0,0.0,41.1369,64.0,2.9465,0.0,0.0
13979.0,1.7689,0.0961,1.0,0.0797,1.2014,2.0554,1.0554,2.3515,1.3515,26.6629,2.0665,26.3491,2.054,100.0,0.0,0.0,0.0,24.625,0.0,26.0,0.0,25.75,0.0,24.875,10.0,0.0,0.0078,52.9266,5.2924,2.0,6.8827,1.3351,-0.0644,1.3566,0.0202,1.3658,1.005e-05,1.001,0.0102,1.8638,8.0,0.0707,1.0019,0.2032,2.5298,0.0068,1.0512,0.0553,1.9644,0.0,0.0,0.0,-0.1422,25.0,24.0,37.0,37.0,13.0,0.0,0.0,0.0,0.0,41.1377,64.0,3.1136,0.0,0.0
13980.0,1.768,0.096,1.0,0.0797,1.2016,2.0554,1.0554,2.3516,1.3516,26.5568,2.0623,26.3508,2.054,100.0,0.0,0.0,0.0,24.625,0.0,25.75,0.0,25.75,0.0,24.75,10.0,0.0,0.0083,52.9276,5.2926,2.0,6.8739,1.3349,-0.0243,1.361,0.0193,1.3657,1.004e-05,1.001,0.0102,1.8636,8.0,0.0672,1.0018,0.2005,2.524,0.0056,0.972,0.0519,1.9368,0.0,0.0,0.0,-0.1424,25.0,24.0,37.0,37.0,13.0,0.0,0.0,0.0,0.0,41.1376,64.0,3.2946,0.0,0.0
13981.0,1.7689,0.0961,1.0,0.0798,1.2016,2.0549,1.0549,2.3516,1.3516,26.6472,2.0659,26.3691,2.0548,100.0,0.0,0.0,0.0,24.625,0.0,25.75,0.0,25.75,0.0,24.75,10.0,0.0,0.0077,52.9255,5.2928,2.0,6.8722,1.3348,-0.0666,1.3564,0.0189,1.3657,1.004e-05,1.0009,0.0102,1.8633,8.0,0.0638,1.0017,0.1873,2.4945,0.0057,0.9743,0.0504,1.9242,0.0,0.0,0.0,-0.1426,25.0,24.0,37.0,37.0,14.0,0.0,0.0,0.0,0.0,41.1371,64.0,3.4891,0.0,0.0
13982.0,1.7679,0.096,1.0,0.0794,1.2007,2.0544,1.0544,2.3518,1.3518,26.8117,2.0725,26.3675,2.0547,100.0,0.0,0.0,0.0,24.625,0.0,25.75,0.0,25.75,0.0,24.75,10.0,0.0,0.0084,52.9229,5.2924,2.0,6.8819,1.3351,0.0276,1.3666,0.0187,1.3657,1.004e-05,1.0009,0.0102,1.8632,8.0,0.0626,1.0017,0.1893,2.4989,0.0061,1.0086,0.0447,1.8723,0.0,0.0,0.0,-0.1423,25.0,24.0,37.0,37.0,13.0,0.0,0.0,0.0,0.0,41.1369,64.0,3.665,0.0,0.0
13983.0,1.7659,0.0957,1.0,0.0796,1.201,2.0549,1.0549,2.352,1.352,26.7945,2.0718,26.3529,2.0541,100.0,0.0,0.0,0.0,24.625,0.0,25.75,0.0,25.75,0.0,24.75,10.0,0.0,0.0089,52.9225,5.2918,2.0,7.0526,1.3393,0.0598,1.3702,0.0191,1.3657,1.004e-05,1.0009,0.0102,1.8631,8.0,0.0657,1.0018,0.151,2.4008,0.0058,0.9888,0.058,1.9851,0.0,0.0,0.0,-0.1426,25.0,24.0,37.0,37.0,15.0,0.0,0.0,0.0,0.0,41.1376,64.0,3.8573,0.0,0.0
13984.0,1.7659,0.0957,1.0,0.0798,1.2016,2.0551,1.0551,2.3519,1.3519,26.6766,2.0671,26.3468,2.0539,100.0,0.0,0.0,0.0,24.625,0.0,25.75,0.0,25.75,0.0,24.75,10.0,0.0,0.0082,52.924,5.2923,2.0,6.9833,1.3376,0.0071,1.3644,0.0189,1.3657,1.004e-05,1.001,0.0102,1.8633,8.0,0.0683,1.0018,0.1434,2.3784,0.0057,0.9767,0.0548,1.9603,0.0,0.0,0.0,-0.1425,25.0,24.0,37.0,37.0,13.0,0.0,0.0,0.0,0.0,41.1374,64.0,4.0453,0.0,0.0
13985.0,1.7636,0.0954,1.0,0.0794,1.2005,2.0554,1.0554,2.3517,1.3517,26.5603,2.0624,26.3491,2.054,100.0,0.0,0.0,0.0,24.625,0.0,25.75,0.0,25.75,0.0,24.75,10.0,0.0,0.0084,52.9221,5.2924,2.0,6.9003,1.3355,-0.0453,1.3587,0.0189,1.3657,1.004e-05,1.0009,0.0102,1.8628,8.0,0.0652,1.0017,0.1547,2.4114,0.0057,0.9794,0.0567,1.9752,0.0,0.0,0.0,-0.1426,25.0,24.0,37.0,37.0,12.0,0.0,0.0,0.0,0.0,41.1366,64.0,4.2253,0.0,0.0
13986.0,1.7657,0.0957,1.0,0.0797,1.2015,2.0546,1.0546,2.3515,1.3515,26.6379,2.0655,26.3664,2.0547,100.0,0.0,0.0,0.0,24.625,0.0,25.75,0.0,25.75,0.0,24.75,10.0,0.0,0.0083,52.9188,5.292,2.0,6.807,1.3332,-0.0052,1.3631,0.0184,1.3656,1.004e-05,1.0009,0.0102,1.8627,8.0,0.0651,1.0017,0.1358,2.3548,0.0054,0.9558,0.053,1.9463,0.0,0.0,0.0,-0.1424,25.0,24.0,37.0,37.0,14.0,0.0,0.0,0.0,0.0,41.1372,64.0,4.3937,0.0,0.0
13987.0,1.7663,0.0958,1.0,0.0798,1.2016,2.0544,1.0544,2.3517,1.3517,26.7917,2.0717,26.3713,2.0549,100.0,0.0,0.0,0.0,24.75,0.0,25.75,0.0,25.75,0.0,24.75,10.0,0.0,0.009,52.9195,5.2914,2.0,7.0142,1.3384,0.0058,1.3643,0.019,1.3657,1.004e-05,1.0009,0.0102,1.8626,8.0,0.0681,1.0018,0.1343,2.3499,0.0058,0.9872,0.0487,1.9098,0.0,0.0,0.0,-0.1422,25.0,24.0,37.0,37.0,15.0,0.0,0.0,0.0,0.0,41.1372,64.0,4.5936,0.0,0.0
13988.0,1.7657,0.0957,1.0,0.0797,1.2014,2.0552,1.0552,2.352,1.352,26.8021,2.0721,26.357,2.0543,100.0,0.0,0.0,0.0,24.625,0.0,25.75,0.0,25.75,0.0,24.75,10.0,0.0,0.0087,52.9203,5.2921,2.0,6.9426,1.3366,0.0322,1.3672,0.0194,1.3658,1.004e-05,1.001,0.0102,1.8625,8.0,0.0679,1.0018,0.1244,2.3167,0.0056,0.9708,0.0525,1.9421,0.0,0.0,0.0,-0.1424,25.0,24.0,37.0,37.0,15.0,0.0,0.0,0.0,0.0,41.1369,64.0,4.7567,0.0,0.0
13989.0,1.7644,0.0955,1.0,0.0798,1.2016,2.0554,1.0554,2.3519,1.3519,26.7008,2.068,26.3582,2.0543,100.0,0.0,0.0,0.0,24.5,0.0,25.75,0.0,25.75,0.0,24.875,10.0,0.0,0.0081,52.9176,5.292,2.0,6.9782,1.3375,0.0006,1.3637,0.0193,1.3657,1.005e-05,1.0011,0.0102,1.8625,8.0,0.0707,1.0019,0.2126,2.5495,0.0056,0.9726,0.0493,1.9144,0.0,0.0,0.0,-0.1424,25.0,24.0,38.0,37.0,14.0,0.0,0.0,0.0,0.0,41.1376,64.0,4.9486,0.0,0.0
13990.0,1.7642,0.0955,1.0,0.0799,1.202,2.0555,1.0555,2.3518,1.3518,26.5746,2.063,26.3549,2.0542,100.0,0.0,0.0,0.0,24.625,0.0,25.625,0.0,25.75,0.0,24.75,10.0,0.0,0.0089,52.9148,5.2915,2.0,6.9544,1.3369,-0.0125,1.3623,0.0211,1.3659,1.005e-05,1.0011,0.0102,1.8624,8.0,0.0732,1.002,0.1825,2.4832,0.0055,0.9656,0.0479,1.9017,0.0,0.0,0.0,-0.1423,25.0,24.0,38.0,37.0,14.0,0.0,0.0,0.0,0.0,41.1373,64.0,5.1326,0.0,0.0
13991.0,1.7667,0.0958,1.0,0.08,1.2022,2.0548,1.0548,2.3516,1.3516,26.6077,2.0643,26.3651,2.0546,100.0,0.0,0.0,0.0,24.625,0.0,25.875,0.0,25.75,0.0,24.75,10.0,0.0,0.0089,52.9156,5.291,2.0,6.9511,1.3368,-0.0245,1.361,0.0209,1.3659,1.005e-05,1.0011,0.0102,1.8623,8.0,0.0726,1.0019,0.1619,2.4311,0.007,1.07,0.0546,1.9594,0.0,0.0,0.0,-0.1425,25.0,24.0,38.0,37.0,14.0,0.0,0.0,0.0,0.0,41.137,64.0,5.331,0.0,0.0
13992.0,1.7668,0.0959,1.0,0.0794,1.2007,2.0545,1.0545,2.3519,1.3519,26.782,2.0713,26.3723,2.0549,100.0,0.0,0.0,0.0,24.625,0.0,25.75,0.0,26.0,0.0,24.75,10.0,0.0,0.0078,52.9167,5.2916,2.0,6.8865,1.3352,0.0049,1.3642,0.0203,1.3659,1.005e-05,1.0011,0.0102,1.8621,8.0,0.0723,1.0019,0.1623,2.4323,0.0061,1.0076,0.056,1.9703,0.0,0.0,0.0,-0.1423,25.0,24.0,38.0,37.0,16.0,0.0,0.0,0.0,0.0,41.1374,64.0,5.511,0.0,0.0
13993.0,1.7678,0.096,1.0,0.0796,1.2012,2.0551,1.0551,2.352,1.352,26.8057,2.0722,26.3556,2.0542,100.0,0.0,0.0,0.0,24.625,0.0,25.75,0.0,25.75,0.0,24.875,10.0,0.0,0.0088,52.9133,5.2917,2.0,7.0,1.338,0.0204,1.3659,0.0204,1.3659,1.004e-05,1.001,0.0102,1.8616,8.0,0.0717,1.0019,0.1415,2.3727,0.0052,0.9358,0.053,1.9462,0.0,0.0,0.0,-0.1424,25.0,24.0,37.0,37.0,14.0,0.0,0.0,0.0,0.0,41.1372,64.0,5.7132,0.0,0.0
13994.0,1.7679,0.096,1.0,0.0797,1.2014,2.0554,1.0554,2.3519,1.3519,26.7255,2.069,26.3573,2.0543,100.0,0.0,0.0,0.0,24.5,0.0,25.75,0.0,25.75,0.0,24.75,10.0,0.0,0.0081,52.9111,5.2908,2.0,6.9443,1.3367,-0.0244,1.361,0.0202,1.3658,1.004e-05,1.001,0.0102,1.8616,8.0,0.0676,1.0018,0.1644,2.4377,0.0063,1.0184,0.0655,2.038,0.0,0.0,0.0,-0.1423,25.0,24.0,37.0,37.0,15.0,0.0,0.0,0.0,0.0,41.1373,64.0,5.8919,0.0,0.0
13995.0,1.7668,0.0959,1.0,0.0797,1.2014,2.0555,1.0555,2.3518,1.3518,26.5923,2.0637,26.346,2.0538,100.0,0.0,0.0,0.0,24.625,0.0,25.75,0.0,25.875,0.0,25.0,10.0,0.0,0.0084,52.9121,5.2906,2.0,6.8612,1.3346,-0.0769,1.3552,0.0188,1.3657,1.004e-05,1.0009,0.0102,1.8615,8.0,0.0634,1.0017,0.1571,2.4181,0.0055,0.962,0.0608,2.0061,0.0,0.0,0.0,-0.1423,25.0,24.0,37.0,37.0,13.0,0.0,0.0,0.0,0.0,41.137,64.0,6.0921,0.0,0.0
13996.0,1.7658,0.0957,1.0,0.0795,1.2009,2.0553,1.0553,2.3516,1.3516,26.5804,2.0632,26.3697,2.0548,100.0,0.0,0.0,0.0,24.75,0.0,25.75,0.0,25.75,0.0,24.75,10.0,0.0,0.0084,52.9121,5.2915,2.0,6.6867,1.3301,-0.197,1.3421,0.0195,1.3658,1.004e-05,1.001,0.0102,1.8612,8.0,0.0695,1.0019,0.135,2.3522,0.0062,1.0168,0.0589,1.9923,0.0,0.0,0.0,-0.1423,25.0,24.0,37.0,37.0,14.0,0.0,0.0,0.0,0.0,41.1369,64.0,6.2651,0.0,0.0
13997.0,1.7658,0.0957,1.0,0.0795,1.201,2.0548,1.0548,2.3515,1.3515,26.7456,2.0698,26.3836,2.0553,100.0,0.0,0.0,0.0,24.75,0.0,25.75,0.0,25.75,0.0,24.75,10.0,0.0,0.0093,52.9085,5.2911,2.0,6.4955,1.325,-0.2311,1.3384,0.0193,1.3657,1.004e-05,1.0009,0.0102,1.861,8.0,0.0643,1.0017,0.1343,2.3498,0.006,0.9996,0.0575,1.9813,0.0,0.0,0.0,-0.1421,25.0,24.0,37.0,37.0,14.0,0.0,0.0,0.0,0.0,41.1367,64.0,6.4575,0.0,0.0
13998.0,1.7654,0.0957,1.0,0.0798,1.2016,2.055,1.055,2.352,1.352,26.816,2.0726,26.3688,2.0548,100.0,0.0,0.0,0.0,24.625,0.0,25.75,0.0,25.75,0.0,24.75,10.0,0.0,0.0081,52.9076,5.2903,2.0,6.553,1.3266,-0.2311,1.3384,0.0187,1.3657,1.004e-05,1.0009,0.0102,1.8609,8.0,0.0641,1.0017,0.141,2.371,0.0054,0.9573,0.0741,2.0915,0.0,0.0,0.0,-0.1423,25.0,24.0,37.0,37.0,13.0,0.0,0.0,0.0,0.0,41.1375,64.0,6.6261,0.0,0.0
13999.0,1.7636,0.0955,1.0,0.0796,1.2011,2.0554,1.0554,2.3519,1.3519,26.738,2.0695,26.3495,2.054,100.0,0.0,0.0,0.0,24.625,0.0,25.75,0.0,25.625,0.0,24.75,10.0,0.0,0.0086,52.9095,5.2906,2.0,6.3753,1.3218,-0.2733,1.3338,0.0186,1.3657,1.004e-05,1.0009,0.0102,1.8609,8.0,0.0656,1.0017,0.1347,2.3511,0.0064,1.0263,0.0656,2.039,0.0,0.0,0.0,-0.1422,25.0,24.0,37.0,37.0,14.0,0.0,0.0,0.0,0.0,41.137,64.0,6.8152,0.0,0.0
14000.0,1.7636,0.0954,1.0,0.0798,1.2016,2.0554,1.0554,2.3518,1.3518,26.6207,2.0648,26.3465,2.0539,100.0,0.0,0.0,0.0,24.75,0.0,25.75,0.0,25.75,0.0,24.75,10.0,0.0,0.0088,52.9081,5.2911,2.0,6.4576,1.324,-0.2352,1.338,0.0195,1.3658,1.004e-05,1.001,0.0102,1.8607,8.0,0.0668,1.0018,0.1015,2.2282,0.0064,1.0271,0.0812,2.1314,0.0,0.0,0.0,-0.1427,25.0,24.0,37.0,37.0,13.0,0.0,0.0,0.0,0.0,41.1374,64.0,7.0126,0.0,0.0
14001.0,1.7636,0.0954,1.0,0.0798,1.2017,2.0553,1.0553,2.3516,1.3516,26.5734,2.0629,26.3574,2.0543,100.0,0.0,0.0,0.0,24.625,0.0,25.625,0.0,25.75,0.0,24.875,10.0,0.0,0.0082,52.9048,5.2908,2.0,6.3724,1.3217,-0.2687,1.3343,0.0203,1.3659,1.005e-05,1.0011,0.0102,1.8607,8.0,0.0742,1.002,0.0998,2.221,0.0056,0.9724,0.0746,2.0947,0.0,0.0,0.0,-0.1422,25.0,24.0,37.0,37.0,14.0,0.0,0.0,0.0,0.0,41.1374,64.0,7.2144,0.0,0.0
14002.0,1.7636,0.0954,1.0,0.08,1.2021,2.0548,1.0548,2.3515,1.3515,26.7074,2.0683,26.3717,2.0549,100.0,0.0,0.0,0.0,24.625,0.0,25.75,0.0,25.75,0.0,24.875,10.0,0.0,0.0081,52.9044,5.29,2.0,6.3744,1.3218,-0.2586,1.3354,0.021,1.3659,1.005e-05,1.0012,0.0102,1.8607,8.0,0.0726,1.0019,0.084,2.1464,0.0063,1.0191,0.0685,2.0573,0.0,0.0,0.0,-0.1422,25.0,24.0,37.0,37.0,12.0,0.0,0.0,0.0,0.0,41.1371,64.0,7.4108,0.0,0.0
14003.0,1.7636,0.0955,1.0,0.0796,1.2012,2.0545,1.0545,2.3523,1.3523,26.8156,2.0726,26.3617,2.0545,100.0,0.0,0.0,0.0,24.625,0.0,25.75,0.0,25.75,0.0,24.75,10.0,0.0,0.0082,52.9059,5.2904,2.0,6.5314,1.326,-0.1654,1.3456,0.0206,1.3659,1.004e-05,1.001,0.0102,1.8602,8.0,0.07,1.0019,0.0977,2.2119,0.0067,1.0451,0.0693,2.0624,0.0,0.0,0.0,-0.1422,25.0,24.0,37.0,37.0,13.0,0.0,0.0,0.0,0.0,41.1366,64.0,7.5939,0.0,0.0
14004.0,1.7656,0.0957,1.0,0.0795,1.2009,2.055,1.055,2.3523,1.3523,26.7476,2.0699,26.3495,2.054,100.0,0.0,0.0,0.0,24.75,0.0,25.75,0.0,25.75,0.0,24.75,10.0,0.0,0.0087,52.9045,5.2906,2.0,6.5384,1.3262,-0.1258,1.3499,0.0194,1.3658,1.004e-05,1.0009,0.0102,1.8601,8.0,0.0673,1.0018,0.0939,2.1945,0.0058,0.9886,0.0759,2.1021,0.0,0.0,0.0,-0.1426,25.0,24.0,37.0,37.0,14.0,0.0,0.0,0.0,0.0,41.1369,64.0,7.7939,0.0,0.0
14005.0,1.7657,0.0957,1.0,0.0796,1.2011,2.0551,1.0551,2.3522,1.3522,26.6332,2.0653,26.3465,2.0539,100.0,0.0,0.0,0.0,24.875,0.0,25.875,0.0,25.75,0.0,24.75,10.0,0.0,0.0075,52.901,5.2902,2.0,6.6146,1.3282,-0.079,1.355,0.0185,1.3657,1.004e-05,1.0008,0.0102,1.8598,8.0,0.0629,1.0017,0.0849,2.151,0.0058,0.9867,0.0679,2.0537,0.0,0.0,0.0,-0.1425,25.0,24.0,37.0,37.0,13.0,0.0,0.0,0.0,0.0,41.1372,64.0,7.9679,0.0,0.0
14006.0,1.7665,0.0958,1.0,0.0796,1.2011,2.055,1.055,2.352,1.352,26.558,2.0623,26.3526,2.0541,100.0,0.0,0.0,0.0,24.625,0.0,25.875,0.0,25.75,0.0,24.875,10.0,0.0,0.0091,52.9016,5.2898,2.0,6.7087,1.3307,-0.0452,1.3587,0.0187,1.3657,1.004e-05,1.0009,0.0102,1.8598,8.0,0.0648,1.0017,0.077,2.1082,0.0063,1.0205,0.0659,2.041,0.0,0.0,0.0,-0.1422,25.0,24.0,37.0,37.0,15.0,0.0,0.0,0.0,0.0,41.1369,64.0,8.1519,0.0,0.0
14007.0,1.7664,0.0958,1.0,0.0795,1.2009,2.0546,1.0546,2.3515,1.3515,26.6792,2.0672,26.369,2.0548,100.0,0.0,0.0,0.0,24.625,0.0,25.75,0.0,25.75,0.0,24.75,10.0,0.0,0.0078,52.9024,5.2901,2.0,6.6831,1.33,-0.0705,1.356,0.0188,1.3657,1.004e-05,1.0009,0.0102,1.8597,8.0,0.0645,1.0017,0.0713,2.075,0.0065,1.0374,0.0746,2.0944,0.0,0.0,0.0,-0.1423,25.0,24.0,37.0,37.0,13.0,0.0,0.0,0.0,0.0,41.1374,64.0,8.3462,0.0,0.0
14008.0,1.7663,0.0958,1.0,0.0796,1.2012,2.0543,1.0543,2.3518,1.3518,26.806,2.0722,26.3635,2.0545,100.0,0.0,0.0,0.0,24.75,0.0,25.75,0.0,25.875,0.0,24.75,10.0,0.0,0.0089,52.9001,5.2903,2.0,6.6064,1.328,-0.1229,1.3502,0.0184,1.3656,1.004e-05,1.001,0.0102,1.8593,8.0,0.0649,1.0017,0.07,2.067,0.0057,0.9768,0.0838,2.1452,0.0,0.0,0.0,-0.1425,25.0,24.0,37.0,37.0,14.0,0.0,0.0,0.0,0.0,41.1375,64.0,8.5261,0.0,0.0
14009.0,1.7664,0.0958,1.0,0.0798,1.2017,2.0551,1.0551,2.3523,1.3523,26.75,2.07,26.351,2.054,100.0,0.0,0.0,0.0,24.875,0.0,25.625,0.0,25.75,0.0,24.625,10.0,0.0,0.0083,52.8976,5.2899,2.0,6.5434,1.3263,-0.1368,1.3487,0.0191,1.3657,1.004e-05,1.001,0.0102,1.8594,8.0,0.0702,1.0019,0.0719,2.0787,0.0066,1.0396,0.069,2.0608,0.0,0.0,0.0,-0.1427,25.0,24.0,37.0,37.0,14.0,0.0,0.0,0.0,0.0,41.1371,64.0,8.71,0.0,0.0
14010.0,1.7667,0.0958,1.0,0.08,1.2021,2.0551,1.0551,2.3523,1.3523,26.6371,2.0655,26.3435,2.0537,100.0,0.0,0.0,0.0,24.625,0.0,25.75,0.0,25.75,0.0,24.75,10.0,0.0,0.0089,52.8975,5.2896,2.0,6.5048,1.3253,-0.1273,1.3497,0.0207,1.3659,1.005e-05,1.0012,0.0102,1.8593,8.0,0.0751,1.002,0.0675,2.0511,0.006,1.0012,0.0668,2.0469,0.0,0.0,0.0,-0.1423,25.0,24.0,37.0,37.0,14.0,0.0,0.0,0.0,0.0,41.1373,64.0,8.9011,0.0,0.0
14011.0,1.7668,0.0959,1.0,0.0796,1.201,2.055,1.055,2.352,1.352,26.5526,2.0621,26.3486,2.0539,100.0,0.0,0.0,0.0,24.625,0.0,25.75,0.0,25.75,0.0,24.75,10.0,0.0,0.0087,52.8974,5.2897,2.0,6.4944,1.325,-0.1655,1.3456,0.0205,1.3659,1.005e-05,1.0011,0.0102,1.8593,8.0,0.0749,1.002,0.0634,2.0243,0.0064,1.0265,0.0667,2.0461,0.0,0.0,0.0,-0.1424,25.0,24.0,37.0,37.0,13.0,0.0,0.0,0.0,0.0,41.1374,64.0,9.0819,0.0,0.0
14012.0,1.7668,0.0959,1.0,0.0797,1.2015,2.0545,1.0545,2.3518,1.3518,26.6791,2.0672,26.369,2.0548,100.0,0.0,0.0,0.0,24.75,0.0,25.75,0.0,25.75,0.0,24.75,10.0,0.0,0.0077,52.8966,5.2898,2.0,6.3802,1.3219,-0.2059,1.3412,0.0197,1.3658,1.004e-05,1.001,0.0102,1.8588,8.0,0.0719,1.0019,0.0638,2.0265,0.006,1.001,0.0789,2.1189,0.0,0.0,0.0,-0.1426,25.0,24.0,37.0,37.0,13.0,0.0,0.0,0.0,0.0,41.1373,64.0,9.266,0.0,0.0
14013.0,1.7658,0.0957,1.0,0.0796,1.201,2.0544,1.0544,2.3521,1.3521,26.8122,2.0725,26.3654,2.0546,100.0,0.0,0.0,0.0,24.625,0.0,25.75,0.0,25.75,0.0,24.75,10.0,0.0,0.0087,52.8947,5.2893,2.0,6.3343,1.3207,-0.2622,1.335,0.0191,1.3657,1.004e-05,1.0009,0.0102,1.8587,8.0,0.0647,1.0017,0.1264,2.3235,0.0065,1.0347,0.0764,2.1047,0.0,0.0,0.0,-0.1427,25.0,24.0,37.0,37.0,14.0,0.0,0.0,0.0,0.0,41.1374,64.0,9.4482,0.0,0.0
14014.0,1.7616,0.0952,1.0,0.0794,1.2007,2.0549,1.0549,2.3524,1.3524,26.7821,2.0713,26.3527,2.0541,100.0,0.0,0.0,0.0,24.625,0.0,25.875,0.0,25.75,0.0,24.75,10.0,0.0,0.0088,52.8948,5.2893,2.0,6.1107,1.3144,-0.3664,1.3237,0.0183,1.3656,1.004e-05,1.0009,0.0102,1.8586,8.0,0.0636,1.0017,0.114,2.2786,0.0064,1.0278,0.0651,2.0357,0.0,0.0,0.0,-0.1428,25.0,24.0,37.0,37.0,16.0,0.0,0.0,0.0,0.0,41.1365,64.0,9.61,0.0,0.0
14015.0,1.7614,0.0952,1.0,0.0798,1.2016,2.0551,1.0551,2.3523,1.3523,26.6723,2.0669,26.3478,2.0539,100.0,0.0,0.0,0.0,24.625,0.0,25.75,0.0,25.875,0.0,24.75,10.0,0.0,0.0088,52.894,5.2893,2.0,5.9893,1.3109,-0.4451,1.3151,0.019,1.3657,1.004e-05,1.0009,0.0102,1.8584,8.0,0.0659,1.0018,0.1145,2.2807,0.0065,1.0321,0.0689,2.0598,0.0,0.0,0.0,-0.1421,25.0,24.0,37.0,37.0,13.0,0.0,0.0,0.0,0.0,41.1368,64.0,9.7839,0.0,0.0
14016.0,1.7614,0.0952,1.0,0.0797,1.2014,2.0554,1.0554,2.3517,1.3517,26.5598,2.0624,26.3496,2.054,100.0,0.0,0.0,0.0,24.625,0.0,25.75,0.0,25.75,0.0,24.75,10.0,0.0,0.008,52.8923,5.2894,2.0,5.9511,1.3098,-0.389,1.3212,0.0202,1.3658,1.004e-05,1.001,0.0102,1.8587,8.0,0.0697,1.0019,0.1077,2.2539,0.0064,1.0288,0.0694,2.0634,0.0,0.0,0.0,-0.1424,25.0,24.0,37.0,37.0,13.0,0.0,0.0,0.0,0.0,41.1368,64.0,9.9745,0.0,0.0
14017.0,1.7652,0.0957,1.0,0.0801,1.2026,2.0549,1.0549,2.3516,1.3516,26.644,2.0658,26.3671,2.0547,100.0,0.0,0.0,0.0,24.625,0.0,25.75,0.0,25.75,0.0,24.875,10.0,0.0,0.0084,52.8906,5.2889,2.0,6.0743,1.3134,-0.2955,1.3314,0.021,1.3659,1.005e-05,1.0011,0.0102,1.8584,8.0,0.0744,1.002,0.183,2.4843,0.0062,1.0164,0.0716,2.077,0.0,0.0,0.0,-0.1426,25.0,24.0,37.0,37.0,13.0,0.0,0.0,0.0,0.0,41.1374,64.0,10.1618,0.0,0.0
14018.0,1.7657,0.0957,1.0,0.0797,1.2014,2.0544,1.0544,2.3517,1.3517,26.8173,2.0727,26.3687,2.0547,100.0,0.0,0.0,0.0,24.625,0.0,25.75,0.0,25.75,0.0,24.75,10.0,0.0,0.0088,52.8907,5.289,2.0,6.0499,1.3127,-0.3572,1.3247,0.0203,1.3658,1.004e-05,1.001,0.0102,1.8583,8.0,0.0712,1.0019,0.1473,2.39,0.0062,1.0108,0.0637,2.0259,0.0,0.0,0.0,-0.1424,25.0,24.0,37.0,37.0,15.0,0.0,0.0,0.0,0.0,41.1369,64.0,10.3347,0.0,0.0
14019.0,1.7658,0.0957,1.0,0.0799,1.202,2.0551,1.0551,2.352,1.352,26.801,2.072,26.3547,2.0542,100.0,0.0,0.0,0.0,24.625,0.0,25.75,0.0,25.75,0.0,24.75,10.0,0.0,0.0088,52.8901,5.289,2.0,5.9184,1.3089,-0.3935,1.3207,0.0207,1.3659,1.005e-05,1.0012,0.0102,1.8582,8.0,0.0743,1.002,0.1332,2.3464,0.0066,1.0433,0.0661,2.0421,0.0,0.0,0.0,-0.1424,25.0,24.0,37.0,37.0,15.0,0.0,0.0,0.0,0.0,41.1365,64.0,10.5176,0.0,0.0
14020.0,1.7639,0.0955,1.0,0.0798,1.2016,2.055,1.055,2.3523,1.3523,26.6848,2.0674,26.3472,2.0539,100.0,0.0,0.0,0.0,24.625,0.0,25.75,0.0,25.875,0.0,24.75,10.0,0.0,0.0085,52.8887,5.289,2.0,5.9466,1.3097,-0.3742,1.3228,0.0205,1.3659,1.005e-05,1.0011,0.0102,1.8578,8.0,0.0722,1.0019,0.1428,2.3764,0.0058,0.9845,0.0674,2.0507,0.0,0.0,0.0,-0.1428,25.0,24.0,37.0,37.0,14.0,0.0,0.0,0.0,0.0,41.1374,64.0,10.6933,0.0,0.0
14021.0,1.7626,0.0953,1.0,0.0795,1.2009,2.0551,1.0551,2.3521,1.3521,26.5679,2.0627,26.342,2.0537,100.0,0.0,0.0,0.0,24.625,0.0,25.75,0.0,25.75,0.0,24.75,10.0,0.0,0.0091,52.8875,5.2885,2.0,5.8358,1.3064,-0.449,1.3146,0.0194,1.3658,1.004e-05,1.001,0.0102,1.8579,8.0,0.0709,1.0019,0.16,2.4259,0.0054,0.9564,0.0645,2.0314,0.0,0.0,0.0,-0.1423,25.0,24.0,37.0,37.0,13.0,0.0,0.0,0.0,0.0,41.1371,64.0,10.8795,0.0,0.0
14022.0,1.7625,0.0953,1.0,0.0797,1.2015,2.0547,1.0547,2.352,1.352,26.6108,2.0644,26.3547,2.0542,100.0,0.0,0.0,0.0,24.75,0.0,25.75,0.0,25.75,0.0,24.75,10.0,0.0,0.0084,52.8872,5.2886,2.0,5.7801,1.3048,-0.4529,1.3142,0.0188,1.3657,1.004e-05,1.0008,0.0102,1.8577,8.0,0.0626,1.0017,0.1254,2.32,0.0063,1.0243,0.0648,2.0336,0.0,0.0,0.0,-0.1424,25.0,24.0,38.0,37.0,13.0,0.0,0.0,0.0,0.0,41.1371,64.0,11.0672,0.0,0.0
14023.0,1.7626,0.0953,1.0,0.0795,1.201,2.0543,1.0543,2.352,1.352,26.7877,2.0715,26.3617,2.0545,100.0,0.0,0.0,0.0,24.625,0.0,25.75,0.0,25.75,0.0,24.75,10.0,0.0,0.0089,52.8869,5.2887,2.0,5.6906,1.3021,-0.4732,1.312,0.0186,1.3657,1.004e-05,1.0009,0.0102,1.8575,8.0,0.0647,1.0017,0.1202,2.3016,0.007,1.0652,0.0609,2.0067,0.0,0.0,0.0,-0.1424,25.0,24.0,38.0,37.0,12.0,0.0,0.0,0.0,0.0,41.1367,64.0,11.2425,0.0,0.0
14024.0,1.7625,0.0953,1.0,0.0797,1.2014,2.0548,1.0548,2.3523,1.3523,26.8153,2.0726,26.3524,2.0541,100.0,0.0,0.0,0.0,24.625,0.0,25.75,0.0,26.0,0.0,24.75,10.0,0.0,0.0084,52.8852,5.2886,2.0,5.8204,1.306,-0.3686,1.3234,0.0194,1.3658,1.004e-05,1.001,0.0102,1.8572,8.0,0.0679,1.0018,0.1036,2.2372,0.0054,0.9546,0.0592,1.9942,0.0,0.0,0.0,-0.1425,25.0,24.0,38.0,37.0,13.0,0.0,0.0,0.0,0.0,41.1371,64.0,11.4077,0.0,0.0
14025.0,1.7624,0.0953,1.0,0.0798,1.2017,2.0551,1.0551,2.3523,1.3523,26.7103,2.0684,26.3385,2.0535,100.0,0.0,0.0,0.0,24.625,0.0,25.75,0.0,25.75,0.0,24.75,10.0,0.0,0.0089,52.8844,5.2883,2.0,5.7722,1.3045,-0.4,1.32,0.0205,1.3659,1.005e-05,1.0011,0.0102,1.8575,8.0,0.072,1.0019,0.1043,2.2403,0.0057,0.9783,0.0521,1.9388,0.0,0.0,0.0,-0.1426,25.0,24.0,38.0,37.0,14.0,0.0,0.0,0.0,0.0,41.1373,64.0,11.6046,0.0,0.0
14026.0,1.7635,0.0954,1.0,0.0799,1.2021,2.0551,1.0551,2.3521,1.3521,26.5883,2.0635,26.3422,2.0537,100.0,0.0,0.0,0.0,24.75,0.0,25.75,0.0,25.75,0.0,24.75,10.0,0.0,0.0084,52.8842,5.2883,2.0,5.6954,1.3022,-0.4274,1.317,0.0214,1.366,1.005e-05,1.0012,0.0102,1.8574,8.0,0.071,1.0019,0.1214,2.306,0.0064,1.026,0.0552,1.9635,0.0,0.0,0.0,-0.1425,25.0,24.0,38.0,37.0,14.0,0.0,0.0,0.0,0.0,41.1369,64.0,11.7733,0.0,0.0
14027.0,1.7646,0.0956,1.0,0.0796,1.2011,2.0548,1.0548,2.3519,1.3519,26.5985,2.0639,26.3611,2.0544,100.0,0.0,0.0,0.0,24.625,0.0,25.75,0.0,25.75,0.0,24.75,10.0,0.0,0.0083,52.8835,5.2884,2.0,5.7894,1.3051,-0.3217,1.3285,0.02,1.3658,1.004e-05,1.001,0.0102,1.857,8.0,0.0699,1.0019,0.1006,2.2246,0.0054,0.9524,0.053,1.9464,0.0,0.0,0.0,-0.1428,25.0,24.0,37.0,37.0,14.0,0.0,0.0,0.0,0.0,41.1371,64.0,11.96,0.0,0.0
14028.0,1.7658,0.0957,1.0,0.0797,1.2014,2.0543,1.0543,2.3521,1.3521,26.772,2.0709,26.3629,2.0545,100.0,0.0,0.0,0.0,24.75,0.0,25.875,0.0,25.75,0.0,24.75,10.0,0.0,0.0085,52.8815,5.2882,2.0,5.8463,1.3068,-0.2597,1.3353,0.0207,1.3659,1.004e-05,1.001,0.0102,1.8567,8.0,0.0691,1.0018,0.0923,2.1871,0.0069,1.0612,0.0531,1.9466,0.0,0.0,0.0,-0.1424,25.0,24.0,37.0,37.0,13.0,0.0,0.0,0.0,0.0,41.1365,64.0,12.1375,0.0,0.0
14029.0,1.7667,0.0958,1.0,0.0795,1.201,2.0543,1.0543,2.3528,1.3528,26.8174,2.0727,26.3445,2.0538,100.0,0.0,0.0,0.0,24.625,0.0,25.625,0.0,25.75,0.0,24.75,10.0,0.0,0.008,52.8812,5.2881,2.0,6.0233,1.3119,-0.1086,1.3518,0.0203,1.3659,1.005e-05,1.0011,0.0102,1.8565,8.0,0.0683,1.0018,0.0941,2.1956,0.0062,1.0137,0.0459,1.884,0.0,0.0,0.0,-0.1424,25.0,24.0,37.0,37.0,13.0,0.0,0.0,0.0,0.0,41.1371,64.0,12.3256,0.0,0.0
14030.0,1.7668,0.0959,1.0,0.0796,1.201,2.0546,1.0546,2.3528,1.3528,26.7216,2.0689,26.3321,2.0533,100.0,0.0,0.0,0.0,24.625,0.0,25.75,0.0,25.75,0.0,24.75,10.0,0.0,0.0077,52.8806,5.288,2.0,6.1548,1.3157,-0.1172,1.3509,0.0195,1.3658,1.004e-05,1.0009,0.0102,1.8562,8.0,0.0683,1.0018,0.1674,2.4456,0.0056,0.9716,0.045,1.8755,0.0,0.0,0.0,-0.1425,25.0,24.0,37.0,37.0,14.0,0.0,0.0,0.0,0.0,41.1372,64.0,12.5059,0.0,0.0
14031.0,1.766,0.0958,1.0,0.0793,1.2004,2.0546,1.0546,2.3526,1.3526,26.6024,2.0641,26.3333,2.0533,100.0,0.0,0.0,0.0,24.5,0.0,25.625,0.0,25.75,0.0,24.75,10.0,0.0,0.0078,52.8799,5.288,2.0,6.0826,1.3136,-0.139,1.3485,0.0186,1.3657,1.004e-05,1.0009,0.0102,1.8561,8.0,0.0642,1.0017,0.131,2.3391,0.0062,1.0132,0.0606,2.0041,0.0,0.0,0.0,-0.1426,25.0,24.0,37.0,37.0,12.0,0.0,0.0,0.0,0.0,41.1365,64.0,12.6949,0.0,0.0
14032.0,1.7647,0.0956,1.0,0.0796,1.2013,2.0545,1.0545,2.3524,1.3524,26.5752,2.063,26.3479,2.0539,100.0,0.0,0.0,0.0,24.625,0.0,25.75,0.0,25.875,0.0,24.75,10.0,0.0,0.0083,52.8791,5.2878,2.0,6.1075,1.3143,-0.0618,1.3569,0.0186,1.3657,1.004e-05,1.0009,0.0101,1.8557,8.0,0.0652,1.0017,0.1406,2.3697,0.0069,1.0607,0.0766,2.1058,0.0,0.0,0.0,-0.1423,25.0,24.0,37.0,37.0,13.0,0.0,0.0,0.0,0.0,41.1372,64.0,12.8861,0.0,0.0
14033.0,1.7653,0.0957,1.0,0.0799,1.2019,2.054,1.054,2.3523,1.3523,26.753,2.0701,26.3626,2.0545,100.0,0.0,0.0,0.0,24.75,0.0,25.75,0.0,25.75,0.0,24.625,10.0,0.0,0.008,52.878,5.2877,2.0,6.1305,1.315,-0.0766,1.3553,0.0193,1.3657,1.004e-05,1.001,0.0102,1.856,8.0,0.0692,1.0018,0.1324,2.3436,0.0054,0.9503,0.0659,2.0405,0.0,0.0,0.0,-0.1425,25.0,24.0,37.0,37.0,14.0,0.0,0.0,0.0,0.0,41.1372,64.0,13.0473,0.0,0.0
14034.0,1.767,0.0959,1.0,0.0799,1.2019,2.0542,1.0542,2.3528,1.3528,26.8169,2.0727,26.3394,2.0536,100.0,0.0,0.0,0.0,24.625,0.0,25.75,0.0,25.75,0.0,24.75,10.0,0.0,0.0082,52.8775,5.2877,2.0,6.2196,1.3175,-0.032,1.3601,0.0208,1.3659,1.005e-05,1.0011,0.0102,1.856,8.0,0.073,1.0019,0.1353,2.3532,0.0058,0.9855,0.0586,1.9898,0.0,0.0,0.0,-0.1422,25.0,24.0,37.0,37.0,15.0,0.0,0.0,0.0,0.0,41.1375,64.0,13.245,0.0,0.0
14035.0,1.7679,0.096,1.0,0.0799,1.2019,2.0546,1.0546,2.3527,1.3527,26.7423,2.0697,26.3387,2.0535,100.0,0.0,0.0,0.0,24.625,0.0,25.875,0.0,25.75,0.0,24.75,10.0,0.0,0.0078,52.8768,5.2876,2.0,6.2791,1.3192,0.0333,1.3673,0.0207,1.3659,1.005e-05,1.0011,0.0102,1.8561,8.0,0.0733,1.002,0.2003,2.5234,0.0055,0.9584,0.0584,1.9881,0.0,0.0,0.0,-0.1425,25.0,24.0,37.0,37.0,13.0,0.0,0.0,0.0,0.0,41.1374,64.0,13.4333,0.0,0.0
14036.0,1.7678,0.096,1.0,0.0796,1.2012,2.0547,1.0547,2.3526,1.3526,26.6177,2.0647,26.3343,2.0534,100.0,0.0,0.0,0.0,24.625,0.0,25.75,0.0,25.75,0.0,24.75,10.0,0.0,0.0085,52.8754,5.2875,2.0,6.4199,1.323,0.1139,1.3761,0.0199,1.3658,1.004e-05,1.001,0.0101,1.8557,8.0,0.0678,1.0018,0.1529,2.4062,0.0064,1.0305,0.0716,2.0765,0.0,0.0,0.0,-0.1423,25.0,24.0,37.0,37.0,14.0,0.0,0.0,0.0,0.0,41.137,64.0,13.6275,0.0,0.0
14037.0,1.7669,0.0959,1.0,0.0796,1.2012,2.0546,1.0546,2.3524,1.3524,26.5676,2.0627,26.3467,2.0539,100.0,0.0,0.0,0.0,24.625,0.0,25.75,0.0,25.625,0.0,24.625,10.0,0.0,0.0081,52.8749,5.2874,2.0,6.4214,1.3231,0.1029,1.3749,0.0191,1.3657,1.004e-05,1.001,0.0101,1.8553,8.0,0.0681,1.0018,0.1675,2.446,0.0053,0.9458,0.0711,2.0736,0.0,0.0,0.0,-0.1425,25.0,24.0,37.0,37.0,15.0,0.0,0.0,0.0,0.0,41.137,64.0,13.796,0.0,0.0
14038.0,1.7687,0.0961,1.0,0.0795,1.201,2.0541,1.0541,2.3523,1.3523,26.7062,2.0682,26.3606,2.0544,100.0,0.0,0.0,0.0,24.75,0.0,25.875,0.0,25.75,0.0,24.625,10.0,0.0,0.0083,52.8738,5.2873,2.0,6.4347,1.3234,0.1301,1.3778,0.0182,1.3656,1.004e-05,1.0008,0.0101,1.8552,8.0,0.0629,1.0017,0.1604,2.4271,0.007,1.0648,0.0678,2.0531,0.0,0.0,0.0,-0.1427,25.0,24.0,37.0,37.0,14.0,0.0,0.0,0.0,0.0,41.1371,64.0,13.9924,0.0,0.0
14039.0,1.7698,0.0962,1.0,0.0796,1.2011,2.054,1.054,2.3527,1.3527,26.8168,2.0727,26.3518,2.0541,100.0,0.0,0.0,0.0,24.75,0.0,25.875,0.0,25.875,0.0,24.75,10.0,0.0,0.0085,52.8731,5.2872,2.0,6.4862,1.3248,0.1483,1.3798,0.0187,1.3657,1.004e-05,1.0008,0.0101,1.8548,8.0,0.0631,1.0017,0.2133,2.5509,0.0062,1.016,0.0675,2.0514,0.0,0.0,0.0,-0.1427,25.0,24.0,37.0,37.0,13.0,0.0,0.0,0.0,0.0,41.1368,64.0,14.1894,0.0,0.0
14040.0,1.7689,0.0961,1.0,0.0794,1.2007,2.0547,1.0547,2.3528,1.3528,26.7551,2.0702,26.3406,2.0536,100.0,0.0,0.0,0.0,24.75,0.0,25.75,0.0,25.75,0.0,24.75,10.0,0.0,0.0082,52.872,5.2872,2.0,6.5005,1.3252,0.0968,1.3742,0.0182,1.3656,1.004e-05,1.0009,0.0101,1.8545,8.0,0.0623,1.0017,0.2232,2.5706,0.0063,1.0211,0.0656,2.0386,0.0,0.0,0.0,-0.142,25.0,24.0,37.0,37.0,13.0,0.0,0.0,0.0,0.0,41.1367,64.0,14.3751,0.0,0.0
14041.0,1.769,0.0961,1.0,0.0796,1.201,2.0551,1.0551,2.3527,1.3527,26.6579,2.0663,26.3367,2.0535,100.0,0.0,0.0,0.0,25.0,0.0,25.75,0.0,25.75,0.0,24.625,10.0,0.0,0.0088,52.8717,5.2871,2.0,6.3487,1.3211,0.0132,1.3651,0.0186,1.3657,1.004e-05,1.0009,0.0101,1.8546,8.0,0.0646,1.0017,0.216,2.5563,0.0059,0.9954,0.0623,2.0165,0.0,0.0,0.0,-0.1423,25.0,24.0,37.0,37.0,15.0,0.0,0.0,0.0,0.0,41.1367,64.0,14.5759,0.0,0.0
14042.0,1.7679,0.096,1.0,0.0798,1.2016,2.0546,1.0546,2.3525,1.3525,26.5576,2.0623,26.3412,2.0536,100.0,0.0,0.0,0.0,24.625,0.0,25.75,0.0,25.75,0.0,24.75,10.0,0.0,0.0083,52.8707,5.287,2.0,6.373,1.3217,0.0767,1.372,0.0192,1.3657,1.004e-05,1.001,0.0101,1.8546,8.0,0.0675,1.0018,0.1988,2.5202,0.0062,1.0133,0.0761,2.1032,0.0,0.0,0.0,-0.1422,25.0,24.0,37.0,37.0,15.0,0.0,0.0,0.0,0.0,41.1369,64.0,14.7625,0.0,0.0
14043.0,1.7668,0.0959,1.0,0.0798,1.2017,2.0542,1.0542,2.3527,1.3527,26.6757,2.067,26.3601,2.0544,100.0,0.0,0.0,0.0,24.625,0.0,25.875,0.0,25.625,0.0,24.75,10.0,0.0,0.0081,52.8702,5.287,2.0,6.4834,1.3247,0.1625,1.3814,0.0201,1.3658,1.005e-05,1.0011,0.0101,1.8546,8.0,0.0701,1.0019,0.196,2.5142,0.0056,0.9716,0.0646,2.0319,0.0,0.0,0.0,-0.1424,25.0,24.0,37.0,37.0,14.0,0.0,0.0,0.0,0.0,41.1365,64.0,14.9519,0.0,0.0
14044.0,1.7666,0.0958,1.0,0.0801,1.2025,2.0541,1.0541,2.3529,1.3529,26.8144,2.0726,26.3563,2.0543,100.0,0.0,0.0,0.0,24.75,0.0,25.625,0.0,25.75,0.0,24.75,10.0,0.0,0.0079,52.8692,5.2869,2.0,6.5753,1.3272,0.1758,1.3828,0.0208,1.3659,1.005e-05,1.0011,0.0101,1.8548,8.0,0.0753,1.002,0.1593,2.424,0.0059,0.9911,0.0797,2.1233,0.0,0.0,0.0,-0.1422,25.0,24.0,37.0,37.0,15.0,0.0,0.0,0.0,0.0,41.1374,64.0,15.1189,0.0,0.0
14045.0,1.7658,0.0957,1.0,0.0798,1.2016,2.0548,1.0548,2.3528,1.3528,26.7741,2.071,26.342,2.0537,100.0,0.0,0.0,0.0,24.625,0.0,25.75,0.0,25.75,0.0,24.75,10.0,0.0,0.0084,52.8682,5.2868,2.0,6.5312,1.326,0.1029,1.3749,0.0202,1.3658,1.005e-05,1.0011,0.0101,1.8546,8.0,0.0718,1.0019,0.1532,2.4071,0.0054,0.9549,0.0788,2.1186,0.0,0.0,0.0,-0.1423,25.0,24.0,37.0,37.0,15.0,0.0,0.0,0.0,0.0,41.1376,64.0,15.3277,0.0,0.0
14046.0,1.7658,0.0957,1.0,0.0797,1.2015,2.055,1.055,2.3528,1.3528,26.667,2.0667,26.338,2.0535,100.0,0.0,0.0,0.0,24.875,0.0,25.75,0.0,25.75,0.0,24.625,10.0,0.0,0.0089,52.8673,5.2867,2.0,6.4589,1.3241,0.0714,1.3714,0.0201,1.3658,1.004e-05,1.001,0.0101,1.8543,8.0,0.0699,1.0019,0.1595,2.4247,0.0061,1.0061,0.0707,2.0712,0.0,0.0,0.0,-0.1423,25.0,24.0,37.0,37.0,14.0,0.0,0.0,0.0,0.0,41.1373,64.0,15.5034,0.0,0.0
14047.0,1.7669,0.0959,1.0,0.0797,1.2015,2.055,1.055,2.3525,1.3525,26.5576,2.0623,26.3385,2.0535,100.0,0.0,0.0,0.0,24.625,0.0,25.75,0.0,25.75,0.0,24.75,10.0,0.0,0.0086,52.8665,5.2866,2.0,6.3757,1.3218,0.0202,1.3658,0.0194,1.3657,1.004e-05,1.001,0.0101,1.8537,8.0,0.0653,1.0017,0.161,2.4286,0.0058,0.9824,0.0654,2.0372,0.0,0.0,0.0,-0.1426,25.0,24.0,37.0,37.0,13.0,0.0,0.0,0.0,0.0,41.1365,64.0,15.683,0.0,0.0
14048.0,1.7678,0.096,1.0,0.0793,1.2004,2.0542,1.0542,2.3527,1.3527,26.6406,2.0656,26.3592,2.0544,100.0,0.0,0.0,0.0,24.625,0.0,25.75,0.0,25.75,0.0,24.75,10.0,0.0,0.008,52.8656,5.2865,2.0,6.4156,1.3229,0.0759,1.3719,0.0182,1.3656,1.004e-05,1.0009,0.0101,1.8535,8.0,0.0641,1.0017,0.1274,2.3271,0.0063,1.0233,0.0755,2.1,0.0,0.0,0.0,-0.1422,25.0,24.0,37.0,37.0,13.0,0.0,0.0,0.0,0.0,41.137,64.0,15.8773,0.0,0.0
14049.0,1.7688,0.0961,1.0,0.0796,1.2011,2.054,1.054,2.3529,1.3529,26.8103,2.0724,26.3482,2.0539,100.0,0.0,0.0,0.0,24.625,0.0,25.75,0.0,25.75,0.0,24.75,10.0,0.0,0.0085,52.8649,5.2865,2.0,6.4192,1.323,0.0543,1.3696,0.019,1.3657,1.004e-05,1.0009,0.0101,1.8537,8.0,0.0649,1.0017,0.1131,2.2752,0.0055,0.9645,0.0772,2.1096,0.0,0.0,0.0,-0.1427,25.0,24.0,37.0,37.0,12.0,0.0,0.0,0.0,0.0,41.1369,64.0,16.0576,0.0,0.0
14050.0,1.77,0.0963,1.0,0.0798,1.2018,2.0545,1.0545,2.3529,1.3529,26.7831,2.0713,26.3417,2.0537,100.0,0.0,0.0,0.0,24.75,0.0,25.75,0.0,25.875,0.0,24.75,10.0,0.0,0.0077,52.8642,5.2864,2.0,6.4042,1.3226,0.0578,1.3699,0.0185,1.3657,1.004e-05,1.0009,0.0101,1.8538,8.0,0.0639,1.0017,0.1402,2.3686,0.0062,1.0151,0.0766,2.106,0.0,0.0,0.0,-0.1424,25.0,24.0,37.0,37.0,15.0,0.0,0.0,0.0,0.0,41.1368,64.0,16.248,0.0,0.0
14051.0,1.7721,0.0965,1.0,0.0795,1.2009,2.0547,1.0547,2.3527,1.3527,26.6803,2.0672,26.337,2.0535,100.0,0.0,0.0,0.0,24.625,0.0,25.75,0.0,25.75,0.0,24.625,10.0,0.0,0.0074,52.8634,5.2863,2.0,6.3965,1.3224,0.0143,1.3652,0.0182,1.3656,1.004e-05,1.0008,0.0101,1.853,8.0,0.0634,1.0017,0.2025,2.5282,0.006,0.9978,0.0681,2.0548,0.0,0.0,0.0,-0.1424,25.0,24.0,37.0,37.0,13.0,0.0,0.0,0.0,0.0,41.1369,64.0,16.431,0.0,0.0
14052.0,1.7727,0.0966,1.0,0.0796,1.2011,2.0546,1.0546,2.3525,1.3525,26.5711,2.0628,26.3358,2.0534,100.0,0.0,0.0,0.0,24.625,0.0,25.625,0.0,25.625,0.0,24.75,10.0,0.0,0.0082,52.8627,5.2862,2.0,6.2975,1.3197,-0.0204,1.3614,0.0183,1.3656,1.004e-05,1.0009,0.0101,1.8531,8.0,0.0653,1.0017,0.1992,2.5211,0.0066,1.0389,0.0714,2.0754,0.0,0.0,0.0,-0.1424,25.0,24.0,37.0,37.0,14.0,0.0,0.0,0.0,0.0,41.137,64.0,16.6233,0.0,0.0
14053.0,1.7732,0.0966,1.0,0.0798,1.2016,2.0544,1.0544,2.3524,1.3524,26.6332,2.0653,26.3574,2.0543,100.0,0.0,0.0,0.0,24.75,0.0,25.75,0.0,25.875,0.0,24.75,10.0,0.0,0.0083,52.8616,5.2861,2.0,6.3991,1.3224,0.0518,1.3693,0.0189,1.3657,1.004e-05,1.0009,0.0101,1.8532,8.0,0.0689,1.0018,0.1592,2.4238,0.0062,1.0121,0.079,2.1192,0.0,0.0,0.0,-0.142,25.0,24.0,37.0,37.0,15.0,0.0,0.0,0.0,0.0,41.1368,64.0,16.7897,0.0,0.0
14054.0,1.7735,0.0967,1.0,0.0797,1.2015,2.0544,1.0544,2.3524,1.3524,26.7903,2.0716,26.3604,2.0544,100.0,0.0,0.0,0.0,24.5,0.0,25.75,0.0,25.75,0.0,24.75,10.0,0.0,0.0083,52.8611,5.2861,2.0,6.5093,1.3254,0.1288,1.3777,0.0195,1.3658,1.004e-05,1.001,0.0101,1.8526,8.0,0.0704,1.0019,0.1843,2.4874,0.006,1.0033,0.077,2.1084,0.0,0.0,0.0,-0.1419,25.0,24.0,37.0,37.0,14.0,0.0,0.0,0.0,0.0,41.1366,64.0,16.99,0.0,0.0
14055.0,1.7753,0.0969,1.0,0.0797,1.2016,2.0547,1.0547,2.3528,1.3528,26.8036,2.0721,26.3454,2.0538,100.0,0.0,0.0,0.0,24.875,0.0,25.75,0.0,25.875,0.0,24.625,10.0,0.0,0.0088,52.8607,5.286,2.0,6.4717,1.3244,0.0733,1.3716,0.0209,1.3659,1.005e-05,1.0011,0.0101,1.8529,8.0,0.0731,1.0019,0.1537,2.4086,0.0053,0.9495,0.0851,2.1518,0.0,0.0,0.0,-0.1425,25.0,24.0,37.0,37.0,13.0,0.0,0.0,0.0,0.0,41.1367,64.0,17.1545,0.0,0.0
14056.0,1.7763,0.097,1.0,0.08,1.2023,2.0551,1.0551,2.3527,1.3527,26.7073,2.0683,26.3415,2.0537,100.0,0.0,0.0,0.0,24.625,0.0,25.75,0.0,25.875,0.0,24.625,10.0,0.0,0.0077,52.8599,5.2859,2.0,6.3917,1.3222,0.0341,1.3674,0.0206,1.3659,1.005e-05,1.0012,0.0101,1.8531,8.0,0.0737,1.002,0.2266,2.5771,0.0064,1.0278,0.0811,2.1311,0.0,0.0,0.0,-0.1421,25.0,24.0,37.0,37.0,13.0,0.0,0.0,0.0,0.0,41.1371,64.0,17.3287,0.0,0.0
14057.0,1.7723,0.0965,1.0,0.0797,1.2015,2.055,1.055,2.3526,1.3526,26.5783,2.0631,26.3426,2.0537,100.0,0.0,0.0,0.0,24.625,0.0,25.75,0.0,25.875,0.0,24.75,10.0,0.0,0.0086,52.8588,5.2859,2.0,6.432,1.3233,0.066,1.3708,0.0204,1.3659,1.005e-05,1.0012,0.0101,1.8522,8.0,0.0722,1.0019,0.2353,2.5935,0.0061,1.004,0.0795,2.1222,0.0,0.0,0.0,-0.1422,25.0,24.0,37.0,37.0,15.0,0.0,0.0,0.0,0.0,41.1367,64.0,17.5158,0.0,0.0
14058.0,1.7701,0.0963,1.0,0.0798,1.2017,2.0547,1.0547,2.3527,1.3527,26.6037,2.0641,26.3535,2.0541,100.0,0.0,0.0,0.0,24.625,0.0,25.75,0.0,25.75,0.0,24.75,10.0,0.0,0.0078,52.8586,5.2858,2.0,6.4416,1.3236,0.0616,1.3704,0.0206,1.3659,1.005e-05,1.0011,0.0101,1.8525,8.0,0.0698,1.0019,0.2483,2.6168,0.0066,1.0389,0.068,2.0546,0.0,0.0,0.0,-0.1424,25.0,24.0,37.0,37.0,12.0,0.0,0.0,0.0,0.0,41.1371,64.0,17.6873,0.0,0.0
14059.0,1.77,0.0962,1.0,0.0796,1.2012,2.0541,1.0541,2.3528,1.3528,26.7756,2.071,26.3611,2.0544,100.0,0.0,0.0,0.0,24.625,0.0,25.75,0.0,25.875,0.0,24.75,10.0,0.0,0.0079,52.8573,5.2857,2.0,6.4793,1.3246,0.1024,1.3748,0.0199,1.3658,1.004e-05,1.001,0.0101,1.8527,8.0,0.0677,1.0018,0.2106,2.5452,0.0066,1.0425,0.0707,2.0714,0.0,0.0,0.0,-0.1423,25.0,24.0,37.0,37.0,15.0,0.0,0.0,0.0,0.0,41.1375,64.0,17.8724,0.0,0.0
14060.0,1.77,0.0963,1.0,0.0795,1.2008,2.0547,1.0547,2.3529,1.3529,26.8086,2.0723,26.3562,2.0542,100.0,0.0,0.0,0.0,24.75,0.0,25.75,0.0,25.875,0.0,24.875,10.0,0.0,0.0086,52.8562,5.2856,2.0,6.4575,1.324,0.0902,1.3735,0.0192,1.3657,1.004e-05,1.0009,0.0101,1.852,8.0,0.065,1.0017,0.2739,2.6595,0.0063,1.0209,0.0723,2.0808,0.0,0.0,0.0,-0.1423,25.0,24.0,37.0,37.0,14.0,0.0,0.0,0.0,0.0,41.1375,64.0,18.0588,0.0,0.0
14061.0,1.7695,0.0962,1.0,0.0798,1.2016,2.055,1.055,2.3527,1.3527,26.7243,2.069,26.3499,2.054,100.0,0.0,0.0,0.0,24.625,0.0,25.875,0.0,25.75,0.0,24.75,10.0,0.0,0.008,52.8556,5.2855,2.0,6.5529,1.3266,0.2118,1.3867,0.0189,1.3657,1.004e-05,1.0009,0.0101,1.8523,8.0,0.0647,1.0017,0.2098,2.5437,0.0064,1.0311,0.0585,1.9893,0.0,0.0,0.0,-0.1425,25.0,24.0,37.0,37.0,15.0,0.0,0.0,0.0,0.0,41.1371,64.0,18.2336,0.0,0.0
14062.0,1.7694,0.0962,1.0,0.0796,1.2012,2.0551,1.0551,2.3529,1.3529,26.5971,2.0639,26.3372,2.0535,100.0,0.0,0.0,0.0,24.75,0.0,25.75,0.0,25.75,0.0,24.75,10.0,0.0,0.0079,52.855,5.2855,2.0,6.7471,1.3316,0.2245,1.3881,0.0196,1.3658,1.005e-05,1.0011,0.0101,1.8516,8.0,0.0685,1.0018,0.1826,2.4834,0.0066,1.0418,0.0775,2.1109,0.0,0.0,0.0,-0.1426,25.0,24.0,37.0,37.0,14.0,0.0,0.0,0.0,0.0,41.1368,64.0,18.4586,0.0,0.0
14063.0,1.7691,0.0961,1.0,0.0796,1.2011,2.0549,1.0549,2.3528,1.3528,26.5775,2.0631,26.3589,2.0544,100.0,0.0,0.0,0.0,24.625,0.0,25.75,0.0,25.75,0.0,24.625,10.0,0.0,0.0079,52.8541,5.2854,2.0,6.7047,1.3306,0.1887,1.3842,0.0193,1.3657,1.004e-05,1.001,0.0101,1.852,8.0,0.0661,1.0018,0.2134,2.5511,0.0058,0.9872,0.0675,2.0515,0.0,0.0,0.0,-0.1422,25.0,24.0,37.0,37.0,13.0,0.0,0.0,0.0,0.0,41.1372,64.0,18.6011,0.0,0.0
14064.0,1.771,0.0964,1.0,0.0795,1.201,2.0547,1.0547,2.3527,1.3527,26.7416,2.0697,26.3737,2.0549,100.0,0.0,0.0,0.0,24.625,0.0,25.75,0.0,25.875,0.0,24.75,10.0,0.0,0.0077,52.8532,5.2853,2.0,6.5902,1.3276,0.1215,1.3769,0.018,1.3656,1.004e-05,1.0008,0.0101,1.8512,8.0,0.0629,1.0017,0.203,2.5294,0.0065,1.0358,0.0763,2.1042,0.0,0.0,0.0,-0.1425,25.0,24.0,37.0,37.0,15.0,0.0,0.0,0.0,0.0,41.1375,64.0,18.7672,0.0,0.0
14065.0,1.7711,0.0964,1.0,0.0795,1.2009,2.0546,1.0546,2.3531,1.3531,26.8252,2.073,26.3597,2.0544,100.0,0.0,0.0,0.0,24.75,0.0,25.875,0.0,25.75,0.0,24.75,10.0,0.0,0.0076,52.8526,5.2852,2.0,6.5756,1.3272,0.0954,1.374,0.0179,1.3656,1.004e-05,1.0008,0.0101,1.8516,8.0,0.0626,1.0017,0.1533,2.4073,0.0058,0.9867,0.0777,2.1121,0.0,0.0,0.0,-0.1425,25.0,24.0,37.0,37.0,16.0,0.0,0.0,0.0,0.0,41.137,64.0,18.9582,0.0,0.0
14066.0,1.771,0.0964,1.0,0.0797,1.2015,2.055,1.055,2.3531,1.3531,26.7427,2.0697,26.338,2.0535,100.0,0.0,0.0,0.0,24.75,0.0,25.75,0.0,25.75,0.0,24.75,10.0,0.0,0.0084,52.8517,5.2852,2.0,6.5468,1.3264,0.1019,1.3748,0.0184,1.3656,1.004e-05,1.0009,0.0101,1.851,8.0,0.063,1.0017,0.2417,2.605,0.0058,0.9878,0.0795,2.122,0.0,0.0,0.0,-0.1425,25.0,24.0,37.0,37.0,13.0,0.0,0.0,0.0,0.0,41.1367,64.0,19.1368,0.0,0.0
14067.0,1.7691,0.0961,1.0,0.0798,1.2016,2.0551,1.0551,2.3531,1.3531,26.6273,2.0651,26.3338,2.0534,100.0,0.0,0.0,0.0,24.625,0.0,25.75,0.0,25.75,0.0,24.75,10.0,0.0,0.0083,52.8511,5.2851,2.0,6.5145,1.3256,0.0434,1.3684,0.0193,1.3657,1.004e-05,1.001,0.0101,1.8516,8.0,0.0668,1.0018,0.2618,2.6398,0.0068,1.0569,0.0851,2.1516,0.0,0.0,0.0,-0.1423,25.0,24.0,37.0,37.0,13.0,0.0,0.0,0.0,0.0,41.1368,64.0,19.3242,0.0,0.0
14068.0,1.7688,0.0961,1.0,0.0798,1.2016,2.0549,1.0549,2.3528,1.3528,26.5705,2.0628,26.3476,2.0539,100.0,0.0,0.0,0.0,24.625,0.0,25.75,0.0,25.875,0.0,24.75,10.0,0.0,0.0078,52.8505,5.285,2.0,6.4817,1.3247,0.0707,1.3714,0.0193,1.3657,1.005e-05,1.0011,0.0101,1.8509,8.0,0.072,1.0019,0.242,2.6057,0.0058,0.9848,0.0866,2.1591,0.0,0.0,0.0,-0.1423,25.0,24.0,37.0,37.0,14.0,0.0,0.0,0.0,0.0,41.1366,64.0,19.5009,0.0,0.0
14069.0,1.769,0.0961,1.0,0.0798,1.2017,2.0544,1.0544,2.3528,1.3528,26.7132,2.0685,26.3613,2.0545,100.0,0.0,0.0,0.0,24.625,0.0,26.0,0.0,25.75,0.0,24.75,10.0,0.0,0.0083,52.8497,5.285,2.0,6.4872,1.3248,0.0424,1.3683,0.0211,1.3659,1.005e-05,1.0011,0.0101,1.8514,8.0,0.0738,1.002,0.2905,2.6851,0.0054,0.9528,0.0892,2.1721,0.0,0.0,0.0,-0.1422,25.0,24.0,37.0,37.0,13.0,0.0,0.0,0.0,0.0,41.1364,64.0,19.6867,0.0,0.0
14070.0,1.7679,0.096,1.0,0.08,1.2023,2.0547,1.0547,2.3532,1.3532,26.8191,2.0728,26.3479,2.0539,100.0,0.0,0.0,0.0,24.625,0.0,25.75,0.0,25.875,0.0,24.75,10.0,0.0,0.0075,52.8489,5.2848,2.0,6.5314,1.326,0.097,1.3742,0.0208,1.3659,1.005e-05,1.0011,0.0101,1.8508,8.0,0.0739,1.002,0.2111,2.5463,0.0063,1.0238,0.0921,2.1862,0.0,0.0,0.0,-0.142,25.0,24.0,37.0,37.0,13.0,0.0,0.0,0.0,0.0,41.1373,64.0,19.877,0.0,0.0
14071.0,1.7652,0.0957,1.0,0.0797,1.2013,2.055,1.055,2.3532,1.3532,26.7588,2.0704,26.3495,2.054,100.0,0.0,0.0,0.0,24.75,0.0,25.75,0.0,25.75,0.0,24.75,10.0,0.0,0.008,52.8485,5.2848,2.0,6.6729,1.3297,0.1679,1.382,0.0205,1.3659,1.005e-05,1.0011,0.0101,1.8503,8.0,0.0716,1.0019,0.2725,2.6572,0.0066,1.0447,0.0883,2.1677,0.0,0.0,0.0,-0.142,25.0,24.0,37.0,37.0,15.0,0.0,0.0,0.0,0.0,41.1375,64.0,20.0587,0.0,0.0
14072.0,1.761,0.0951,1.0,0.0799,1.2021,2.055,1.055,2.353,1.353,26.645,2.0658,26.3377,2.0535,100.0,0.0,0.0,0.0,24.625,0.0,25.75,0.0,25.75,0.0,24.75,10.0,0.0,0.0078,52.8474,5.2847,2.0,6.7209,1.331,0.1862,1.3839,0.0211,1.3659,1.005e-05,1.0011,0.0101,1.851,8.0,0.0757,1.002,0.2363,2.5954,0.0066,1.0395,0.077,2.1083,0.0,0.0,0.0,-0.1423,25.0,24.0,37.0,37.0,13.0,0.0,0.0,0.0,0.0,41.1371,64.0,20.2856,0.0,0.0
14073.0,1.7604,0.0951,1.0,0.08,1.2023,2.055,1.055,2.3528,1.3528,26.5593,2.0624,26.3423,2.0537,100.0,0.0,0.0,0.0,24.625,0.0,25.75,0.0,25.75,0.0,24.75,10.0,0.0,0.0082,52.8469,5.2846,2.0,6.7743,1.3323,0.2179,1.3874,0.0206,1.3659,1.005e-05,1.0011,0.0101,1.8503,8.0,0.0728,1.0019,0.2176,2.5594,0.0063,1.0178,0.079,2.1195,0.0,0.0,0.0,-0.1422,25.0,25.0,37.0,37.0,13.0,0.0,0.0,0.0,0.0,41.1374,64.0,20.416,0.0,0.0
14074.0,1.7603,0.095,1.0,0.0797,1.2015,2.0548,1.0548,2.3527,1.3527,26.6781,2.0671,26.3689,2.0548,100.0,0.0,0.0,0.0,24.625,0.0,25.75,0.0,25.75,0.0,24.75,10.0,0.0,0.0079,52.8461,5.2845,2.0,6.8292,1.3337,0.2288,1.3886,0.0206,1.3659,1.005e-05,1.0011,0.0101,1.8499,8.0,0.0693,1.0018,0.2081,2.54,0.0064,1.0312,0.0712,2.0743,0.0,0.0,0.0,-0.1422,25.0,25.0,37.0,37.0,14.0,0.0,0.0,0.0,0.0,41.1369,64.0,20.5965,0.0,0.0
14075.0,1.7595,0.0949,1.0,0.0797,1.2013,2.0548,1.0548,2.353,1.353,26.8241,2.073,26.365,2.0546,100.0,0.0,0.0,0.0,24.625,0.0,25.75,0.0,25.75,0.0,24.75,10.0,0.0,0.0078,52.8452,5.2845,2.0,6.8498,1.3343,0.2539,1.3913,0.02,1.3658,1.005e-05,1.001,0.0101,1.8506,8.0,0.0715,1.0019,0.2561,2.6302,0.0059,0.994,0.0837,2.1445,0.0,0.0,0.0,-0.1424,25.0,25.0,37.0,37.0,14.0,0.0,0.0,0.0,0.0,41.1373,64.0,20.7964,0.0,0.0
14076.0,1.7614,0.0952,1.0,0.0797,1.2013,2.055,1.055,2.3532,1.3532,26.782,2.0713,26.3512,2.054,100.0,0.0,0.0,0.0,24.625,0.0,25.875,0.0,25.75,0.0,24.75,10.0,0.0,0.0081,52.8444,5.2844,2.0,6.8852,1.3352,0.2446,1.3903,0.0189,1.3657,1.004e-05,1.0009,0.0101,1.85,8.0,0.0619,1.0017,0.219,2.5623,0.0061,1.0082,0.0772,2.1097,0.0,0.0,0.0,-0.1425,25.0,25.0,37.0,37.0,15.0,0.0,0.0,0.0,0.0,41.1368,64.0,20.9786,0.0,0.0
14077.0,1.7624,0.0953,1.0,0.0795,1.2008,2.055,1.055,2.3531,1.3531,26.6665,2.0667,26.3476,2.0539,100.0,0.0,0.0,0.0,24.625,0.0,26.0,0.0,25.875,0.0,24.75,10.0,0.0,0.0081,52.8439,5.2844,2.0,6.9271,1.3362,0.2532,1.3913,0.0185,1.3657,1.004e-05,1.0008,0.0101,1.8495,8.0,0.0625,1.0017,0.2243,2.5727,0.0066,1.0415,0.083,2.1407,0.0,0.0,0.0,-0.1426,25.0,24.0,37.0,37.0,14.0,0.0,0.0,0.0,0.0,41.1366,64.0,21.172,0.0,0.0
14078.0,1.7655,0.0957,1.0,0.0795,1.201,2.055,1.055,2.3528,1.3528,26.5581,2.0623,26.3492,2.054,100.0,0.0,0.0,0.0,24.625,0.0,25.75,0.0,25.75,0.0,24.75,10.0,0.0,0.0082,52.8431,5.2843,2.0,6.8728,1.3349,0.2175,1.3874,0.0183,1.3656,1.004e-05,1.001,0.0101,1.8492,8.0,0.0685,1.0018,0.2415,2.6047,0.0053,0.9491,0.0735,2.0882,0.0,0.0,0.0,-0.1425,25.0,24.0,37.0,37.0,13.0,0.0,0.0,0.0,0.0,41.1368,64.0,21.3491,0.0,0.0
14079.0,1.7657,0.0957,1.0,0.0798,1.2018,2.0544,1.0544,2.3527,1.3527,26.6548,2.0662,26.3669,2.0547,100.0,0.0,0.0,0.0,24.75,0.0,25.625,0.0,25.75,0.0,24.75,10.0,0.0,0.0082,52.8423,5.2842,2.0,6.8921,1.3353,0.2417,1.39,0.0194,1.3657,1.004e-05,1.001,0.0101,1.8498,8.0,0.0679,1.0018,0.2566,2.6311,0.0057,0.9805,0.0684,2.0572,0.0,0.0,0.0,-0.1426,25.0,24.0,37.0,37.0,14.0,0.0,0.0,0.0,0.0,41.137,64.0,21.5374,0.0,0.0
14080.0,1.7659,0.0957,1.0,0.0799,1.2019,2.0544,1.0544,2.3532,1.3532,26.8309,2.0732,26.3603,2.0544,100.0,0.0,0.0,0.0,24.75,0.0,25.75,0.0,25.875,0.0,24.75,10.0,0.0,0.0084,52.8416,5.2841,2.0,6.8989,1.3355,0.1657,1.3817,0.0205,1.3659,1.005e-05,1.0011,0.0101,1.8495,8.0,0.0765,1.002,0.2624,2.6408,0.0059,0.9952,0.0685,2.0577,0.0,0.0,0.0,-0.1425,25.0,24.0,37.0,37.0,13.0,0.0,0.0,0.0,0.0,41.137,64.0,21.7491,0.0,0.0
14081.0,1.7668,0.0959,1.0,0.08,1.2021,2.0549,1.0549,2.3532,1.3532,26.8037,2.0721,26.3536,2.0541,100.0,0.0,0.0,0.0,24.625,0.0,25.75,0.0,25.75,0.0,24.75,10.0,0.0,0.0087,52.8413,5.2841,2.0,6.8461,1.3342,0.1571,1.3808,0.0212,1.3659,1.005e-05,1.0012,0.0101,1.8493,8.0,0.0732,1.002,0.2352,2.5933,0.0053,0.9497,0.0639,2.0276,0.0,0.0,0.0,-0.1424,25.0,24.0,37.0,37.0,15.0,0.0,0.0,0.0,0.0,41.1369,64.0,21.9166,0.0,0.0
14082.0,1.7668,0.0959,1.0,0.0796,1.2012,2.0554,1.0554,2.3531,1.3531,26.6946,2.0678,26.3467,2.0539,100.0,0.0,0.0,0.0,24.75,0.0,25.875,0.0,25.75,0.0,24.75,10.0,0.0,0.0079,52.8402,5.284,2.0,6.8181,1.3335,0.1737,1.3826,0.0201,1.3658,1.005e-05,1.0011,0.0101,1.8487,8.0,0.0692,1.0018,0.246,2.6128,0.0056,0.9704,0.0631,2.022,0.0,0.0,0.0,-0.1426,25.0,24.0,37.0,37.0,13.0,0.0,0.0,0.0,0.0,41.1367,64.0,22.1508,0.0,0.0
14083.0,1.7668,0.0959,1.0,0.0798,1.2017,2.055,1.055,2.3529,1.3529,26.5769,2.0631,26.3447,2.0538,100.0,0.0,0.0,0.0,24.625,0.0,25.75,0.0,25.875,0.0,24.75,10.0,0.0,0.0085,52.84,5.284,2.0,6.8627,1.3346,0.1235,1.3771,0.0206,1.3659,1.005e-05,1.0011,0.0101,1.8487,8.0,0.0762,1.002,0.2096,2.5433,0.0062,1.0141,0.0612,2.0086,0.0,0.0,0.0,-0.1422,25.0,24.0,37.0,37.0,15.0,0.0,0.0,0.0,0.0,41.1369,64.0,22.3175,0.0,0.0
14084.0,1.7668,0.0959,1.0,0.0797,1.2015,2.0546,1.0546,2.3528,1.3528,26.6303,2.0652,26.3555,2.0542,100.0,0.0,0.0,0.0,24.625,0.0,25.75,0.0,25.75,0.0,24.875,10.0,0.0,0.0081,52.8388,5.2838,2.0,6.7536,1.3318,0.065,1.3707,0.0205,1.3659,1.005e-05,1.0011,0.0101,1.8494,8.0,0.0718,1.0019,0.2465,2.6137,0.0064,1.0258,0.0588,1.9915,0.0,0.0,0.0,-0.1422,25.0,24.0,37.0,37.0,13.0,0.0,0.0,0.0,0.0,41.1366,64.0,22.4886,0.0,0.0
14085.0,1.7659,0.0957,1.0,0.0797,1.2014,2.0544,1.0544,2.3528,1.3528,26.802,2.0721,26.3617,2.0545,100.0,0.0,0.0,0.0,24.625,0.0,25.875,0.0,25.75,0.0,24.75,10.0,0.0,0.008,52.8382,5.2838,2.0,6.6581,1.3293,0.0724,1.3715,0.0194,1.3658,1.004e-05,1.001,0.0101,1.8491,8.0,0.0672,1.0018,0.2716,2.6558,0.0062,1.011,0.056,1.97,0.0,0.0,0.0,-0.1424,25.0,25.0,37.0,37.0,14.0,0.0,0.0,0.0,0.0,41.1372,64.0,22.682,0.0,0.0
14086.0,1.7658,0.0957,1.0,0.0796,1.2011,2.0548,1.0548,2.3531,1.3531,26.7984,2.0719,26.3548,2.0542,100.0,0.0,0.0,0.0,24.625,0.0,25.75,0.0,25.75,0.0,24.75,10.0,0.0,0.0081,52.8372,5.2837,2.0,6.8703,1.3348,0.2057,1.3861,0.0182,1.3656,1.004e-05,1.0008,0.0101,1.8485,8.0,0.0646,1.0017,0.2637,2.6429,0.0056,0.973,0.0692,2.0619,0.0,0.0,0.0,-0.1424,25.0,25.0,37.0,37.0,14.0,0.0,0.0,0.0,0.0,41.1368,64.0,22.8673,0.0,0.0
14087.0,1.7658,0.0957,1.0,0.0796,1.2012,2.055,1.055,2.3527,1.3527,26.7059,2.0682,26.3476,2.0539,100.0,0.0,0.0,0.0,24.75,0.0,25.75,0.0,25.75,0.0,24.75,10.0,0.0,0.0079,52.8367,5.2836,2.0,6.9242,1.3361,0.1646,1.3816,0.0186,1.3657,1.004e-05,1.0009,0.0101,1.8486,8.0,0.0649,1.0017,0.2685,2.6508,0.0058,0.9889,0.0609,2.0067,0.0,0.0,0.0,-0.1423,25.0,25.0,37.0,37.0,13.0,0.0,0.0,0.0,0.0,41.1368,64.0,23.0622,0.0,0.0
14088.0,1.7668,0.0958,1.0,0.0799,1.2019,2.055,1.055,2.3529,1.3529,26.5666,2.0627,26.3445,2.0538,100.0,0.0,0.0,0.0,24.875,0.0,25.75,0.0,25.75,0.0,24.75,10.0,0.0,0.0077,52.836,5.2835,2.0,6.8727,1.3349,0.1775,1.383,0.0192,1.3657,1.004e-05,1.001,0.0101,1.8482,8.0,0.0672,1.0018,0.2559,2.6299,0.0062,1.013,0.0617,2.0125,0.0,0.0,0.0,-0.1424,25.0,25.0,37.0,37.0,14.0,0.0,0.0,0.0,0.0,41.137,64.0,23.2408,0.0,0.0
14089.0,1.7659,0.0957,1.0,0.0798,1.2016,2.0547,1.0547,2.3528,1.3528,26.6168,2.0647,26.3635,2.0545,100.0,0.0,0.0,0.0,24.625,0.0,25.875,0.0,25.875,0.0,24.75,10.0,0.0,0.0081,52.8353,5.2835,2.0,6.9401,1.3365,0.1705,1.3822,0.0209,1.3659,1.005e-05,1.0012,0.0101,1.8483,8.0,0.0738,1.002,0.2399,2.6018,0.0056,0.9662,0.0734,2.0877,0.0,0.0,0.0,-0.1421,25.0,24.0,37.0,37.0,15.0,0.0,0.0,0.0,0.0,41.1369,64.0,23.4335,0.0,0.0
14090.0,1.7668,0.0958,1.0,0.0798,1.2017,2.0544,1.0544,2.3529,1.3529,26.8113,2.0725,26.3685,2.0547,100.0,0.0,0.0,0.0,24.625,0.0,25.75,0.0,25.875,0.0,24.75,10.0,0.0,0.008,52.8342,5.2833,2.0,6.8988,1.3355,0.1765,1.3829,0.0205,1.3659,1.005e-05,1.0011,0.0101,1.8479,8.0,0.0724,1.0019,0.2434,2.6082,0.0067,1.0471,0.0706,2.0705,0.0,0.0,0.0,-0.1426,25.0,24.0,37.0,37.0,14.0,0.0,0.0,0.0,0.0,41.1367,64.0,23.6234,0.0,0.0
14091.0,1.7678,0.096,1.0,0.0797,1.2015,2.0549,1.0549,2.3532,1.3532,26.7976,2.0719,26.3541,2.0542,100.0,0.0,0.0,0.0,24.625,0.0,25.75,0.0,25.75,0.0,24.75,10.0,0.0,0.008,52.8337,5.2833,2.0,6.8988,1.3355,0.1408,1.379,0.0202,1.3658,1.004e-05,1.001,0.0101,1.8476,8.0,0.0708,1.0019,0.1602,2.4266,0.0061,1.0103,0.0644,2.0305,0.0,0.0,0.0,-0.1423,25.0,24.0,37.0,37.0,14.0,0.0,0.0,0.0,0.0,41.1368,64.0,23.7865,0.0,0.0
14092.0,1.7686,0.0961,1.0,0.0796,1.2012,2.0554,1.0554,2.353,1.353,26.7146,2.0686,26.3484,2.0539,100.0,0.0,0.0,0.0,24.625,0.0,25.75,0.0,25.75,0.0,24.75,10.0,0.0,0.008,52.8331,5.2833,2.0,6.8956,1.3354,0.1532,1.3803,0.0185,1.3657,1.004e-05,1.0008,0.0101,1.8475,8.0,0.0658,1.0018,0.1956,2.5132,0.0059,0.9903,0.0641,2.029,0.0,0.0,0.0,-0.1422,25.0,24.0,37.0,37.0,14.0,0.0,0.0,0.0,0.0,41.1367,64.0,23.9777,0.0,0.0
14093.0,1.7673,0.0959,1.0,0.0797,1.2013,2.0553,1.0553,2.3525,1.3525,26.5872,2.0635,26.3445,2.0538,100.0,0.0,0.0,0.0,24.625,0.0,25.875,0.0,25.875,0.0,24.875,10.0,0.0,0.0081,52.8324,5.2832,2.0,6.9294,1.3363,0.1577,1.3808,0.0188,1.3657,1.004e-05,1.0009,0.0101,1.8476,8.0,0.0649,1.0017,0.1843,2.4873,0.0057,0.9759,0.0761,2.1032,0.0,0.0,0.0,-0.1424,25.0,24.0,37.0,37.0,17.0,0.0,0.0,0.0,0.0,41.1366,64.0,24.1767,0.0,0.0
14094.0,1.7668,0.0959,1.0,0.0797,1.2015,2.0548,1.0548,2.3525,1.3525,26.5958,2.0638,26.3624,2.0545,100.0,0.0,0.0,0.0,24.75,0.0,25.75,0.0,25.75,0.0,24.75,10.0,0.0,0.0077,52.8315,5.2831,2.0,6.8088,1.3332,0.0886,1.3733,0.0188,1.3657,1.004e-05,1.0009,0.0101,1.8475,8.0,0.0625,1.0017,0.1654,2.4405,0.0055,0.9644,0.0709,2.0726,0.0,0.0,0.0,-0.1424,25.0,24.0,37.0,37.0,12.0,0.0,0.0,0.0,0.0,41.1364,64.0,24.3465,0.0,0.0
14095.0,1.7665,0.0958,1.0,0.0795,1.201,2.0543,1.0543,2.3527,1.3527,26.7651,2.0706,26.3667,2.0547,100.0,0.0,0.0,0.0,24.625,0.0,25.75,0.0,25.75,0.0,24.875,10.0,0.0,0.008,52.8309,5.2831,2.0,6.7526,1.3318,0.0051,1.3642,0.0186,1.3657,1.004e-05,1.0009,0.01,1.8471,8.0,0.0642,1.0017,0.162,2.4313,0.006,0.9993,0.0678,2.0533,0.0,0.0,0.0,-0.1426,25.0,24.0,37.0,37.0,13.0,0.0,0.0,0.0,0.0,41.137,64.0,24.5279,0.0,0.0
14096.0,1.7658,0.0957,1.0,0.0798,1.2018,2.0547,1.0547,2.3532,1.3532,26.8087,2.0723,26.352,2.0541,100.0,0.0,0.0,0.0,24.625,0.0,25.75,0.0,25.75,0.0,24.75,10.0,0.0,0.0082,52.8303,5.283,2.0,6.6448,1.329,0.0331,1.3672,0.0188,1.3657,1.004e-05,1.001,0.01,1.8472,8.0,0.0673,1.0018,0.1734,2.461,0.006,0.998,0.0675,2.0509,0.0,0.0,0.0,-0.1426,25.0,24.0,37.0,37.0,14.0,0.0,0.0,0.0,0.0,41.137,64.0,24.7132,0.0,0.0
14097.0,1.7658,0.0957,1.0,0.0798,1.2017,2.055,1.055,2.3531,1.3531,26.7257,2.069,26.3455,2.0538,100.0,0.0,0.0,0.0,24.625,0.0,25.75,0.0,25.75,0.0,24.75,10.0,0.0,0.0078,52.8296,5.2829,2.0,6.7723,1.3323,0.0989,1.3744,0.0198,1.3658,1.004e-05,1.001,0.01,1.8473,8.0,0.0698,1.0019,0.1683,2.4479,0.006,0.9971,0.0712,2.0745,0.0,0.0,0.0,-0.1422,25.0,24.0,37.0,37.0,14.0,0.0,0.0,0.0,0.0,41.1369,64.0,24.8964,0.0,0.0
14098.0,1.7659,0.0957,1.0,0.08,1.2022,2.0551,1.0551,2.3532,1.3532,26.6089,2.0644,26.3399,2.0536,100.0,0.0,0.0,0.0,24.875,0.0,25.75,0.0,25.75,0.0,24.75,10.0,0.0,0.0077,52.829,5.2829,2.0,6.8567,1.3344,0.1075,1.3754,0.0208,1.3659,1.005e-05,1.0012,0.01,1.8473,8.0,0.0737,1.002,0.1455,2.3846,0.0061,1.0064,0.0569,1.977,0.0,0.0,0.0,-0.1424,25.0,24.0,37.0,37.0,14.0,0.0,0.0,0.0,0.0,41.1367,64.0,25.0751,0.0,0.0
14099.0,1.766,0.0957,1.0,0.0797,1.2013,2.0553,1.0553,2.3528,1.3528,26.5759,2.063,26.3577,2.0543,100.0,0.0,0.0,0.0,24.75,0.0,25.75,0.0,25.75,0.0,24.75,10.0,0.0,0.0078,52.8285,5.2828,2.0,6.9039,1.3356,0.1604,1.3811,0.0205,1.3659,1.005e-05,1.0011,0.01,1.8473,8.0,0.0727,1.0019,0.1415,2.3725,0.0063,1.0205,0.0606,2.0043,0.0,0.0,0.0,-0.1425,25.0,24.0,37.0,37.0,15.0,0.0,0.0,0.0,0.0,41.137,64.0,25.2621,0.0,0.0
14100.0,1.7661,0.0958,1.0,0.0798,1.2018,2.0549,1.0549,2.3527,1.3527,26.7302,2.0692,26.3731,2.0549,100.0,0.0,0.0,0.0,24.75,0.0,25.75,0.0,25.75,0.0,24.75,10.0,0.0,0.0085,52.8276,5.2827,2.0,7.1966,1.3429,0.3369,1.4004,0.02,1.3658,1.004e-05,1.001,0.01,1.8472,8.0,0.0684,1.0018,0.1372,2.3591,0.0061,1.0055,0.0732,2.0866,0.0,0.0,0.0,-0.1423,25.0,24.0,37.0,37.0,16.0,0.0,0.0,0.0,0.0,41.1369,64.0,25.4398,0.0,0.0
14101.0,1.7669,0.0959,1.0,0.0797,1.2015,2.0546,1.0546,2.3531,1.3531,26.8253,2.073,26.3576,2.0543,100.0,0.0,0.0,0.0,24.625,0.0,25.75,0.0,25.75,0.0,24.75,10.0,0.0,0.0078,52.8267,5.2826,2.0,7.2553,1.3443,0.3284,1.3995,0.0188,1.3657,1.004e-05,1.0009,0.01,1.8471,8.0,0.0651,1.0017,0.1261,2.3225,0.0056,0.9696,0.066,2.0415,0.0,0.0,0.0,-0.1422,25.0,24.0,37.0,37.0,13.0,0.0,0.0,0.0,0.0,41.137,64.0,25.6248,0.0,0.0
14102.0,1.7662,0.0958,1.0,0.0794,1.2005,2.055,1.055,2.3527,1.3527,26.7576,2.0703,26.3463,2.0539,100.0,0.0,0.0,0.0,24.75,0.0,25.75,0.0,25.75,0.0,24.75,10.0,0.0,0.0083,52.8259,5.2825,2.0,7.1934,1.3428,0.2936,1.3957,0.0181,1.3656,1.004e-05,1.0009,0.01,1.846,8.0,0.0615,1.0016,0.1236,2.314,0.0058,0.9864,0.0718,2.0782,0.0,0.0,0.0,-0.1423,25.0,24.0,37.0,37.0,13.0,0.0,0.0,0.0,0.0,41.1372,64.0,25.8055,0.0,0.0
14103.0,1.7657,0.0957,1.0,0.0797,1.2014,2.055,1.055,2.3526,1.3526,26.6266,2.0651,26.3446,2.0538,100.0,0.0,0.0,0.0,24.625,0.0,25.75,0.0,25.75,0.0,24.75,10.0,0.0,0.0081,52.8252,5.2825,2.0,7.2874,1.345,0.28,1.3942,0.0186,1.3657,1.004e-05,1.0009,0.01,1.8462,8.0,0.0655,1.0017,0.1283,2.3302,0.0055,0.9654,0.0744,2.0934,0.0,0.0,0.0,-0.1425,25.0,24.0,37.0,37.0,15.0,0.0,0.0,0.0,0.0,41.1367,64.0,25.9758,0.0,0.0
14104.0,1.7657,0.0957,1.0,0.0797,1.2016,2.055,1.055,2.3524,1.3524,26.5739,2.063,26.3551,2.0542,100.0,0.0,0.0,0.0,24.625,0.0,25.75,0.0,25.875,0.0,24.75,10.0,0.0,0.0081,52.8248,5.2825,2.0,7.1824,1.3425,0.2399,1.3898,0.0192,1.3657,1.004e-05,1.0009,0.01,1.8462,8.0,0.0645,1.0017,0.0944,2.1969,0.0057,0.9807,0.0727,2.0831,0.0,0.0,0.0,-0.1426,25.0,24.0,37.0,37.0,14.0,0.0,0.0,0.0,0.0,41.1365,64.0,26.1819,0.0,0.0
14105.0,1.7658,0.0957,1.0,0.0795,1.2009,2.0548,1.0548,2.3523,1.3523,26.71,2.0684,26.3711,2.0548,100.0,0.0,0.0,0.0,24.625,0.0,25.75,0.0,25.75,0.0,24.75,10.0,0.0,0.0081,52.8241,5.2824,2.0,7.1901,1.3427,0.2131,1.3869,0.0182,1.3656,1.004e-05,1.0009,0.01,1.8461,8.0,0.0658,1.0018,0.1037,2.2378,0.0064,1.027,0.0698,2.0659,0.0,0.0,0.0,-0.1423,25.0,24.0,37.0,37.0,14.0,0.0,0.0,0.0,0.0,41.1372,64.0,26.3407,0.0,0.0
14106.0,1.7658,0.0957,1.0,0.0798,1.2017,2.0546,1.0546,2.3527,1.3527,26.8269,2.0731,26.3615,2.0545,100.0,0.0,0.0,0.0,24.625,0.0,25.75,0.0,25.875,0.0,24.75,10.0,0.0,0.0084,52.8235,5.2823,2.0,6.9774,1.3375,0.0939,1.3739,0.0187,1.3657,1.004e-05,1.0009,0.01,1.8456,8.0,0.0648,1.0017,0.1068,2.2505,0.0061,1.01,0.0668,2.0466,0.0,0.0,0.0,-0.1425,25.0,25.0,37.0,37.0,13.0,0.0,0.0,0.0,0.0,41.1367,64.0,26.5275,0.0,0.0
14107.0,1.7657,0.0957,1.0,0.0798,1.2018,2.0551,1.0551,2.3528,1.3528,26.7693,2.0708,26.3504,2.054,100.0,0.0,0.0,0.0,24.75,0.0,25.75,0.0,25.875,0.0,24.75,10.0,0.0,0.0083,52.8228,5.2823,2.0,6.9437,1.3366,0.0916,1.3736,0.0194,1.3658,1.004e-05,1.0009,0.01,1.8457,8.0,0.0673,1.0018,0.0919,2.1851,0.0056,0.969,0.0646,2.032,0.0,0.0,0.0,-0.1423,25.0,25.0,37.0,37.0,14.0,0.0,0.0,0.0,0.0,41.1369,64.0,26.7038,0.0,0.0
14108.0,1.7658,0.0957,1.0,0.0798,1.2018,2.0555,1.0555,2.3527,1.3527,26.6564,2.0663,26.3517,2.0541,100.0,0.0,0.0,0.0,24.625,0.0,25.875,0.0,25.75,0.0,24.75,10.0,0.0,0.0082,52.822,5.2822,2.0,6.9171,1.336,0.0452,1.3686,0.0201,1.3658,1.004e-05,1.001,0.01,1.8459,8.0,0.0712,1.0019,0.1486,2.3939,0.0059,0.9947,0.0579,1.9848,0.0,0.0,0.0,-0.1424,25.0,25.0,37.0,37.0,15.0,0.0,0.0,0.0,0.0,41.1368,64.0,26.8901,0.0,0.0
14109.0,1.7657,0.0957,1.0,0.0799,1.202,2.055,1.055,2.3524,1.3524,26.571,2.0628,26.3535,2.0541,100.0,0.0,0.0,0.0,24.75,0.0,25.75,0.0,25.75,0.0,24.875,10.0,0.0,0.0079,52.8213,5.2821,2.0,6.8737,1.3349,0.073,1.3716,0.0204,1.3659,1.005e-05,1.0012,0.01,1.8459,8.0,0.0737,1.002,0.1421,2.3744,0.0061,1.0049,0.0556,1.9669,0.0,0.0,0.0,-0.1425,25.0,25.0,37.0,37.0,16.0,0.0,0.0,0.0,0.0,41.1366,64.0,27.0688,0.0,0.0
14110.0,1.7647,0.0956,1.0,0.08,1.2024,2.0545,1.0545,2.3527,1.3527,26.6898,2.0676,26.3615,2.0545,100.0,0.0,0.0,0.0,24.625,0.0,25.75,0.0,25.625,0.0,24.75,10.0,0.0,0.0074,52.821,5.2821,2.0,6.983,1.3376,0.1097,1.3756,0.0212,1.366,1.005e-05,1.0012,0.01,1.845,8.0,0.0744,1.002,0.1482,2.3926,0.0064,1.0268,0.0543,1.9565,0.0,0.0,0.0,-0.1423,25.0,24.0,37.0,37.0,14.0,0.0,0.0,0.0,0.0,41.1369,64.0,27.2561,0.0,0.0
14111.0,1.7646,0.0956,1.0,0.0795,1.201,2.0544,1.0544,2.3529,1.3529,26.8038,2.0722,26.3576,2.0543,100.0,0.0,0.0,0.0,24.625,0.0,25.625,0.0,25.75,0.0,24.75,10.0,0.0,0.009,52.8202,5.282,2.0,7.009,1.3383,0.1073,1.3753,0.0205,1.3659,1.005e-05,1.0011,0.01,1.8453,8.0,0.0723,1.0019,0.1585,2.4219,0.0067,1.0451,0.0493,1.9148,0.0,0.0,0.0,-0.1423,25.0,24.0,37.0,37.0,14.0,0.0,0.0,0.0,0.0,41.1366,64.0,27.444,0.0,0.0
14112.0,1.7646,0.0956,1.0,0.0796,1.2013,2.055,1.055,2.3527,1.3527,26.7661,2.0706,26.3497,2.054,100.0,0.0,0.0,0.0,24.75,0.0,25.875,0.0,25.75,0.0,24.75,10.0,0.0,0.0081,52.8192,5.2819,2.0,6.9383,1.3365,0.0731,1.3716,0.02,1.3658,1.004e-05,1.001,0.01,1.8453,8.0,0.0698,1.0019,0.1831,2.4846,0.0063,1.0225,0.0534,1.9492,0.0,0.0,0.0,-0.1424,25.0,24.0,37.0,37.0,13.0,0.0,0.0,0.0,0.0,41.1361,64.0,27.6051,0.0,0.0
14113.0,1.7637,0.0955,1.0,0.0796,1.2013,2.055,1.055,2.3531,1.3531,26.6726,2.0669,26.3379,2.0535,100.0,0.0,0.0,0.0,24.625,0.0,25.75,0.0,25.75,0.0,24.75,10.0,0.0,0.0079,52.8184,5.2818,2.0,6.9603,1.3371,0.0755,1.3719,0.0195,1.3658,1.004e-05,1.001,0.01,1.8449,8.0,0.0699,1.0019,0.1824,2.4829,0.0062,1.0122,0.0501,1.9219,0.0,0.0,0.0,-0.142,25.0,24.0,37.0,37.0,16.0,0.0,0.0,0.0,0.0,41.1364,64.0,27.8203,0.0,0.0
14114.0,1.7625,0.0953,1.0,0.0797,1.2014,2.0546,1.0546,2.3528,1.3528,26.5612,2.0624,26.3376,2.0535,100.0,0.0,0.0,0.0,24.625,0.0,25.875,0.0,25.75,0.0,25.0,10.0,0.0,0.0082,52.8179,5.2818,2.0,6.9586,1.337,0.0552,1.3697,0.019,1.3657,1.004e-05,1.001,0.01,1.8447,8.0,0.0683,1.0018,0.1803,2.4778,0.0064,1.0296,0.0482,1.9047,0.0,0.0,0.0,-0.1423,25.0,24.0,37.0,37.0,14.0,0.0,0.0,0.0,0.0,41.1368,64.0,27.9785,0.0,0.0
14115.0,1.7628,0.0953,1.0,0.0796,1.2011,2.0545,1.0545,2.3524,1.3524,26.6426,2.0657,26.3579,2.0543,100.0,0.0,0.0,0.0,24.625,0.0,25.875,0.0,25.75,0.0,24.75,10.0,0.0,0.0083,52.8176,5.2817,2.0,7.0411,1.3391,0.0889,1.3733,0.0186,1.3657,1.004e-05,1.0009,0.01,1.8451,8.0,0.0629,1.0017,0.171,2.4549,0.0061,1.01,0.06,1.9997,0.0,0.0,0.0,-0.1422,25.0,24.0,37.0,37.0,13.0,0.0,0.0,0.0,0.0,41.1371,64.0,28.1666,0.0,0.0
14116.0,1.7625,0.0953,1.0,0.0797,1.2014,2.0543,1.0543,2.3525,1.3525,26.797,2.0719,26.3609,2.0544,100.0,0.0,0.0,0.0,24.75,0.0,25.75,0.0,25.875,0.0,24.75,10.0,0.0,0.0079,52.8169,5.2817,2.0,6.8737,1.3349,-0.0322,1.3601,0.0205,1.3659,1.005e-05,1.0011,0.01,1.8443,8.0,0.0708,1.0019,0.2455,2.612,0.0054,0.9558,0.0533,1.9488,0.0,0.0,0.0,-0.1424,25.0,24.0,37.0,37.0,13.0,0.0,0.0,0.0,0.0,41.1375,64.0,28.366,0.0,0.0
14117.0,1.7625,0.0953,1.0,0.0797,1.2014,2.055,1.055,2.3527,1.3527,26.7772,2.0711,26.3513,2.0541,100.0,0.0,0.0,0.0,24.75,0.0,25.875,0.0,25.75,0.0,24.875,10.0,0.0,0.0078,52.8163,5.2816,2.0,6.6842,1.33,-0.0764,1.3553,0.0201,1.3658,1.004e-05,1.001,0.01,1.8448,8.0,0.0692,1.0018,0.2305,2.5844,0.0062,1.0172,0.0527,1.9439,0.0,0.0,0.0,-0.1424,25.0,24.0,37.0,37.0,15.0,0.0,0.0,0.0,0.0,41.1367,64.0,28.5479,0.0,0.0
14118.0,1.7624,0.0953,1.0,0.0795,1.2008,2.0553,1.0553,2.3525,1.3525,26.6763,2.0671,26.3472,2.0539,100.0,0.0,0.0,0.0,24.75,0.0,25.875,0.0,25.75,0.0,24.875,10.0,0.0,0.0078,52.8157,5.2815,2.0,6.7233,1.331,-0.0492,1.3583,0.0192,1.3657,1.004e-05,1.001,0.01,1.8441,8.0,0.0673,1.0018,0.2279,2.5796,0.0059,0.9958,0.0557,1.9679,0.0,0.0,0.0,-0.1426,25.0,25.0,37.0,37.0,13.0,0.0,0.0,0.0,0.0,41.137,64.0,28.7343,0.0,0.0
14119.0,1.7615,0.0952,1.0,0.0796,1.2013,2.0551,1.0551,2.3525,1.3525,26.5552,2.0622,26.347,2.0539,100.0,0.0,0.0,0.0,24.625,0.0,25.75,0.0,25.75,0.0,24.75,10.0,0.0,0.0083,52.8149,5.2814,2.0,6.719,1.3309,-0.0768,1.3553,0.0189,1.3657,1.004e-05,1.0009,0.01,1.8442,8.0,0.0644,1.0017,0.2313,2.5861,0.0061,1.007,0.0473,1.8964,0.0,0.0,0.0,-0.1423,25.0,25.0,37.0,37.0,15.0,0.0,0.0,0.0,0.0,41.1368,64.0,28.9144,0.0,0.0
14120.0,1.7623,0.0953,1.0,0.0796,1.2011,2.0547,1.0547,2.3524,1.3524,26.6081,2.0643,26.3653,2.0546,100.0,0.0,0.0,0.0,24.75,0.0,25.75,0.0,25.875,0.0,24.75,10.0,0.0,0.0078,52.8144,5.2814,2.0,6.6497,1.3291,-0.0982,1.3529,0.0185,1.3657,1.004e-05,1.0009,0.01,1.8446,8.0,0.0637,1.0017,0.1799,2.4769,0.0059,0.9896,0.047,1.8936,0.0,0.0,0.0,-0.1427,25.0,25.0,37.0,37.0,13.0,0.0,0.0,0.0,0.0,41.1374,64.0,29.0996,0.0,0.0
14121.0,1.7615,0.0952,1.0,0.0795,1.2009,2.0544,1.0544,2.3523,1.3523,26.8034,2.0721,26.3658,2.0546,100.0,0.0,0.0,0.0,24.625,0.0,25.75,0.0,25.75,0.0,24.75,10.0,0.0,0.008,52.8133,5.2813,2.0,6.6539,1.3292,-0.1094,1.3517,0.0184,1.3656,1.004e-05,1.0009,0.01,1.8437,8.0,0.0637,1.0017,0.1648,2.4389,0.0058,0.9886,0.0557,1.9679,0.0,0.0,0.0,-0.1424,25.0,25.0,37.0,37.0,14.0,0.0,0.0,0.0,0.0,41.1369,64.0,29.2881,0.0,0.0
14122.0,1.7626,0.0953,1.0,0.0796,1.2013,2.0548,1.0548,2.3527,1.3527,26.8027,2.0721,26.3556,2.0542,100.0,0.0,0.0,0.0,24.625,0.0,25.75,0.0,25.75,0.0,24.75,10.0,0.0,0.0082,52.813,5.2813,2.0,6.6559,1.3293,-0.0439,1.3588,0.0183,1.3656,1.004e-05,1.0009,0.01,1.8441,8.0,0.0628,1.0017,0.157,2.4178,0.006,0.9998,0.0686,2.0579,0.0,0.0,0.0,-0.1417,25.0,24.0,37.0,37.0,14.0,0.0,0.0,0.0,0.0,41.1372,64.0,29.4726,0.0,0.0
14123.0,1.7617,0.0952,1.0,0.0796,1.2012,2.0551,1.0551,2.3524,1.3524,26.7118,2.0685,26.3467,2.0539,100.0,0.0,0.0,0.0,24.625,0.0,25.75,0.0,25.75,0.0,24.75,10.0,0.0,0.0087,52.8125,5.2812,2.0,6.7486,1.3317,-0.0441,1.3588,0.0186,1.3657,1.004e-05,1.0009,0.01,1.8437,8.0,0.0645,1.0017,0.1887,2.4975,0.0058,0.9866,0.0689,2.0598,0.0,0.0,0.0,-0.1423,25.0,24.0,37.0,37.0,14.0,0.0,0.0,0.0,0.0,41.137,64.0,29.6523,0.0,0.0
14124.0,1.7614,0.0952,1.0,0.0797,1.2014,2.0551,1.0551,2.3525,1.3525,26.5829,2.0633,26.3429,2.0537,100.0,0.0,0.0,0.0,24.75,0.0,25.875,0.0,25.75,0.0,24.875,10.0,0.0,0.0088,52.8118,5.2811,2.0,6.6555,1.3293,-0.1028,1.3524,0.0193,1.3657,1.004e-05,1.001,0.01,1.8442,8.0,0.0681,1.0018,0.1666,2.4435,0.0062,1.0169,0.0618,2.0125,0.0,0.0,0.0,-0.1422,25.0,24.0,37.0,37.0,13.0,0.0,0.0,0.0,0.0,41.1371,64.0,29.8342,0.0,0.0
14125.0,1.7614,0.0952,1.0,0.08,1.2022,2.0548,1.0548,2.352,1.352,26.599,2.064,26.363,2.0545,100.0,0.0,0.0,0.0,24.625,0.0,25.75,0.0,25.75,0.0,24.875,10.0,0.0,0.0079,52.8113,5.2811,2.0,6.5661,1.3269,-0.1186,1.3507,0.0191,1.3657,1.004e-05,1.001,0.01,1.8435,8.0,0.0694,1.0018,0.1603,2.4268,0.0054,0.9525,0.0669,2.0474,0.0,0.0,0.0,-0.1424,25.0,24.0,37.0,37.0,13.0,0.0,0.0,0.0,0.0,41.1362,64.0,30.0282,0.0,0.0
14126.0,1.7622,0.0953,1.0,0.0798,1.2016,2.0544,1.0544,2.3523,1.3523,26.7632,2.0705,26.3708,2.0548,100.0,0.0,0.0,0.0,24.625,0.0,25.75,0.0,25.75,0.0,24.75,10.0,0.0,0.0087,52.8106,5.281,2.0,6.6122,1.3281,-0.1029,1.3524,0.0196,1.3658,1.004e-05,1.0009,0.01,1.8437,8.0,0.0662,1.0018,0.152,2.4038,0.0055,0.9656,0.0616,2.0114,0.0,0.0,0.0,-0.1422,25.0,24.0,37.0,37.0,14.0,0.0,0.0,0.0,0.0,41.1367,64.0,30.2147,0.0,0.0
14127.0,1.763,0.0954,1.0,0.0797,1.2015,2.0547,1.0547,2.3528,1.3528,26.8103,2.0724,26.3573,2.0543,100.0,0.0,0.0,0.0,24.75,0.0,25.875,0.0,25.875,0.0,24.75,10.0,0.0,0.0087,52.8101,5.281,2.0,6.665,1.3295,-0.0515,1.358,0.0185,1.3656,1.004e-05,1.0009,0.01,1.8432,8.0,0.066,1.0018,0.1228,2.3111,0.0069,1.0595,0.0566,1.975,0.0,0.0,0.0,-0.1422,25.0,24.0,37.0,37.0,13.0,0.0,0.0,0.0,0.0,41.1369,64.0,30.4079,0.0,0.0
14128.0,1.7615,0.0952,1.0,0.0796,1.2013,2.0551,1.0551,2.3526,1.3526,26.7321,2.0693,26.348,2.0539,100.0,0.0,0.0,0.0,24.625,0.0,25.75,0.0,25.75,0.0,24.75,10.0,0.0,0.0079,52.8091,5.2809,2.0,6.6118,1.3281,-0.1021,1.3525,0.0193,1.3657,1.004e-05,1.0009,0.01,1.8435,8.0,0.0683,1.0018,0.1185,2.2956,0.0057,0.9764,0.063,2.0211,0.0,0.0,0.0,-0.1422,25.0,24.0,37.0,37.0,14.0,0.0,0.0,0.0,0.0,41.1363,64.0,30.5978,0.0,0.0
14129.0,1.763,0.0954,1.0,0.0797,1.2016,2.0551,1.0551,2.3522,1.3522,26.6078,2.0643,26.3455,2.0538,100.0,0.0,0.0,0.0,24.625,0.0,25.875,0.0,25.75,0.0,24.75,10.0,0.0,0.0076,52.8087,5.2808,2.0,6.6482,1.3291,-0.0883,1.354,0.0197,1.3658,1.004e-05,1.001,0.01,1.8433,8.0,0.0706,1.0019,0.1744,2.4634,0.006,0.9985,0.0757,2.1007,0.0,0.0,0.0,-0.142,25.0,24.0,37.0,37.0,14.0,0.0,0.0,0.0,0.0,41.1372,64.0,30.774,0.0,0.0
14130.0,1.7646,0.0956,1.0,0.0798,1.2017,2.0549,1.0549,2.3524,1.3524,26.5945,2.0638,26.3592,2.0544,100.0,0.0,0.0,0.0,24.625,0.0,25.75,0.0,25.75,0.0,24.75,10.0,0.0,0.0081,52.808,5.2808,2.0,6.6123,1.3281,-0.0988,1.3529,0.0208,1.3659,1.005e-05,1.0011,0.01,1.8432,8.0,0.0722,1.0019,0.1638,2.4361,0.0059,0.9942,0.0767,2.1068,0.0,0.0,0.0,-0.1423,25.0,24.0,37.0,37.0,14.0,0.0,0.0,0.0,0.0,41.1368,64.0,30.9639,0.0,0.0
14131.0,1.7657,0.0957,1.0,0.0801,1.2026,2.0544,1.0544,2.3523,1.3523,26.7349,2.0694,26.373,2.0549,100.0,0.0,0.0,0.0,24.625,0.0,25.75,0.0,25.75,0.0,24.75,10.0,0.0,0.0079,52.8075,5.2807,2.0,6.5422,1.3263,-0.1103,1.3516,0.0207,1.3659,1.005e-05,1.0012,0.01,1.8434,8.0,0.0709,1.0019,0.1868,2.4933,0.0054,0.9518,0.0763,2.1046,0.0,0.0,0.0,-0.1422,25.0,24.0,37.0,37.0,12.0,0.0,0.0,0.0,0.0,41.1366,64.0,31.1416,0.0,0.0
14132.0,1.7648,0.0956,1.0,0.0797,1.2013,2.0549,1.0549,2.3527,1.3527,26.8069,2.0723,26.3621,2.0545,100.0,0.0,0.0,0.0,24.625,0.0,25.75,0.0,25.625,0.0,24.75,10.0,0.0,0.008,52.807,5.2807,2.0,6.7027,1.3305,0.0057,1.3643,0.0207,1.3659,1.005e-05,1.0011,0.01,1.8429,8.0,0.0729,1.0019,0.1565,2.4164,0.0057,0.975,0.0762,2.1037,0.0,0.0,0.0,-0.1421,25.0,24.0,37.0,37.0,14.0,0.0,0.0,0.0,0.0,41.1369,64.0,31.3095,0.0,0.0
14133.0,1.7636,0.0955,1.0,0.0797,1.2014,2.0554,1.0554,2.3527,1.3527,26.7339,2.0694,26.3511,2.054,100.0,0.0,0.0,0.0,24.625,0.0,25.75,0.0,25.75,0.0,24.625,10.0,0.0,0.0081,52.8062,5.2806,2.0,6.8908,1.3353,0.1218,1.3769,0.0203,1.3659,1.005e-05,1.0011,0.01,1.8431,8.0,0.0707,1.0019,0.1523,2.4046,0.0059,0.9931,0.0741,2.0916,0.0,0.0,0.0,-0.1425,25.0,24.0,37.0,37.0,14.0,0.0,0.0,0.0,0.0,41.1369,64.0,31.5072,0.0,0.0
14134.0,1.7626,0.0953,1.0,0.0798,1.2016,2.0554,1.0554,2.3526,1.3526,26.6199,2.0648,26.3457,2.0538,100.0,0.0,0.0,0.0,24.625,0.0,25.75,0.0,25.75,0.0,24.75,10.0,0.0,0.008,52.8056,5.2805,2.0,7.0279,1.3387,0.1956,1.385,0.0198,1.3658,1.004e-05,1.001,0.01,1.8427,8.0,0.0677,1.0018,0.1477,2.3911,0.0058,0.9884,0.0663,2.0431,0.0,0.0,0.0,-0.1427,25.0,24.0,37.0,37.0,14.0,0.0,0.0,0.0,0.0,41.1368,64.0,31.6845,0.0,0.0
14135.0,1.7635,0.0954,1.0,0.0796,1.2011,2.0553,1.0553,2.3523,1.3523,26.5567,2.0623,26.356,2.0542,100.0,0.0,0.0,0.0,24.75,0.0,25.75,0.0,25.75,0.0,24.625,10.0,0.0,0.0081,52.805,5.2805,2.0,7.114,1.3408,0.216,1.3872,0.018,1.3656,1.004e-05,1.0009,0.01,1.8422,8.0,0.0622,1.0017,0.1313,2.34,0.0055,0.965,0.0605,2.0035,0.0,0.0,0.0,-0.1421,25.0,24.0,37.0,37.0,13.0,0.0,0.0,0.0,0.0,41.137,64.0,31.8693,0.0,0.0
14136.0,1.7636,0.0955,1.0,0.0794,1.2005,2.0548,1.0548,2.3522,1.3522,26.7043,2.0682,26.3721,2.0549,100.0,0.0,0.0,0.0,24.625,0.0,25.625,0.0,25.75,0.0,24.75,10.0,0.0,0.0083,52.8044,5.2804,2.0,7.0956,1.3404,0.226,1.3883,0.0183,1.3656,1.004e-05,1.0009,0.01,1.8421,8.0,0.0629,1.0017,0.1877,2.4953,0.0057,0.9779,0.0589,1.9917,0.0,0.0,0.0,-0.1424,25.0,24.0,37.0,37.0,14.0,0.0,0.0,0.0,0.0,41.1367,64.0,32.0534,0.0,0.0
14137.0,1.7645,0.0956,1.0,0.0797,1.2015,2.0549,1.0549,2.3523,1.3523,26.8171,2.0727,26.37,2.0548,100.0,0.0,0.0,0.0,24.625,0.0,25.75,0.0,25.75,0.0,24.75,10.0,0.0,0.008,52.804,5.2804,2.0,7.2674,1.3446,0.3891,1.4061,0.02,1.3658,1.004e-05,1.0009,0.01,1.8424,8.0,0.0682,1.0018,0.1945,2.5107,0.0063,1.0192,0.056,1.9702,0.0,0.0,0.0,-0.1423,25.0,24.0,37.0,37.0,14.0,0.0,0.0,0.0,0.0,41.1364,64.0,32.2422,0.0,0.0
14138.0,1.7658,0.0957,1.0,0.0797,1.2014,2.055,1.055,2.3527,1.3527,26.7454,2.0698,26.3508,2.054,100.0,0.0,0.0,0.0,24.625,0.0,25.75,0.0,25.75,0.0,24.75,10.0,0.0,0.0083,52.8034,5.2803,2.0,7.3938,1.3475,0.3553,1.4024,0.0178,1.3656,1.004e-05,1.0009,0.01,1.842,8.0,0.0654,1.0017,0.1777,2.4716,0.0057,0.9747,0.0601,2.0011,0.0,0.0,0.0,-0.1422,25.0,24.0,37.0,37.0,12.0,0.0,0.0,0.0,0.0,41.1367,64.0,32.4259,0.0,0.0
14139.0,1.7647,0.0956,1.0,0.0796,1.2012,2.0551,1.0551,2.3526,1.3526,26.6286,2.0651,26.3371,2.0535,100.0,0.0,0.0,0.0,24.625,0.0,25.75,0.0,25.75,0.0,24.75,10.0,0.0,0.0084,52.8028,5.2803,2.0,7.4216,1.3482,0.321,1.3987,0.018,1.3656,1.004e-05,1.0009,0.01,1.8417,8.0,0.0641,1.0017,0.1856,2.4903,0.0062,1.0162,0.0539,1.9534,0.0,0.0,0.0,-0.1424,25.0,24.0,37.0,37.0,15.0,0.0,0.0,0.0,0.0,41.1367,64.0,32.5972,0.0,0.0
14140.0,1.7646,0.0956,1.0,0.0797,1.2016,2.055,1.055,2.3521,1.3521,26.5591,2.0624,26.3401,2.0536,100.0,0.0,0.0,0.0,24.625,0.0,25.75,0.0,25.75,0.0,24.875,10.0,0.0,0.0082,52.8024,5.2802,2.0,7.316,1.3457,0.2228,1.3879,0.0188,1.3657,1.004e-05,1.0009,0.01,1.842,8.0,0.0666,1.0018,0.1609,2.4284,0.0068,1.0551,0.0519,1.9367,0.0,0.0,0.0,-0.1422,25.0,24.0,37.0,37.0,15.0,0.0,0.0,0.0,0.0,41.1371,64.0,32.7852,0.0,0.0
14141.0,1.7649,0.0956,1.0,0.0796,1.2011,2.0545,1.0545,2.3519,1.3519,26.676,2.067,26.3599,2.0544,100.0,0.0,0.0,0.0,24.625,0.0,25.75,0.0,25.625,0.0,24.625,10.0,0.0,0.0081,52.8015,5.2801,2.0,7.2852,1.345,0.2774,1.3939,0.0195,1.3658,1.004e-05,1.001,0.01,1.8419,8.0,0.0697,1.0019,0.1536,2.4082,0.0063,1.0241,0.0583,1.9878,0.0,0.0,0.0,-0.1423,25.0,24.0,37.0,37.0,14.0,0.0,0.0,0.0,0.0,41.1366,64.0,32.941,0.0,0.0
14142.0,1.7647,0.0956,1.0,0.0798,1.2018,2.0544,1.0544,2.3523,1.3523,26.8152,2.0726,26.363,2.0545,100.0,0.0,0.0,0.0,24.625,0.0,25.75,0.0,25.875,0.0,24.875,10.0,0.0,0.0079,52.801,5.2801,2.0,7.4418,1.3487,0.3385,1.4006,0.0199,1.3658,1.005e-05,1.0011,0.01,1.8419,8.0,0.0715,1.0019,0.2146,2.5535,0.0057,0.9785,0.0778,2.1126,0.0,0.0,0.0,-0.1423,25.0,24.0,37.0,37.0,14.0,0.0,0.0,0.0,0.0,41.1367,64.0,33.1469,0.0,0.0
14143.0,1.7647,0.0956,1.0,0.0801,1.2024,2.0549,1.0549,2.3524,1.3524,26.776,2.071,26.3514,2.0541,100.0,0.0,0.0,0.0,24.625,0.0,25.75,0.0,25.75,0.0,24.75,10.0,0.0,0.0086,52.8003,5.28,2.0,7.5608,1.3514,0.3557,1.4024,0.0208,1.3659,1.005e-05,1.0011,0.01,1.8415,8.0,0.0733,1.002,0.2129,2.5499,0.0056,0.9669,0.0717,2.0772,0.0,0.0,0.0,-0.1424,25.0,24.0,37.0,37.0,14.0,0.0,0.0,0.0,0.0,41.137,64.0,33.3068,0.0,0.0
14144.0,1.7657,0.0957,1.0,0.0796,1.2013,2.0551,1.0551,2.3522,1.3522,26.6709,2.0668,26.3472,2.0539,100.0,0.0,0.0,0.0,24.625,0.0,25.75,0.0,25.75,0.0,24.75,10.0,0.0,0.0077,52.7997,5.28,2.0,7.5516,1.3512,0.3619,1.4031,0.0211,1.3659,1.005e-05,1.0011,0.01,1.8411,8.0,0.073,1.0019,0.2015,2.5262,0.006,1.0028,0.067,2.0481,0.0,0.0,0.0,-0.1425,25.0,24.0,37.0,37.0,14.0,0.0,0.0,0.0,0.0,41.1368,64.0,33.4966,0.0,0.0
14145.0,1.7637,0.0955,1.0,0.0798,1.2016,2.0551,1.0551,2.3521,1.3521,26.569,2.0628,26.34,2.0536,100.0,0.0,0.0,0.0,24.625,0.0,25.75,0.0,25.75,0.0,24.875,10.0,0.0,0.0083,52.799,5.2799,2.0,7.5518,1.3512,0.4035,1.4076,0.0203,1.3659,1.004e-05,1.001,0.01,1.8409,8.0,0.0702,1.0019,0.1542,2.4099,0.0055,0.9635,0.0828,2.1399,0.0,0.0,0.0,-0.1422,25.0,24.0,37.0,37.0,14.0,0.0,0.0,0.0,0.0,41.1367,64.0,33.6818,0.0,0.0
14146.0,1.7638,0.0955,1.0,0.0796,1.2011,2.0545,1.0545,2.352,1.352,26.6575,2.0663,26.3595,2.0544,100.0,0.0,0.0,0.0,24.625,0.0,25.625,0.0,25.75,0.0,24.75,10.0,0.0,0.008,52.7984,5.2798,2.0,7.6839,1.3542,0.3773,1.4048,0.0202,1.3658,1.005e-05,1.0011,0.01,1.8407,8.0,0.069,1.0018,0.1611,2.429,0.0059,0.9944,0.0749,2.0963,0.0,0.0,0.0,-0.1424,25.0,24.0,37.0,37.0,15.0,0.0,0.0,0.0,0.0,41.1369,64.0,33.8632,0.0,0.0
14147.0,1.7656,0.0957,1.0,0.0796,1.2011,2.0543,1.0543,2.3522,1.3522,26.8075,2.0723,26.3617,2.0545,100.0,0.0,0.0,0.0,24.625,0.0,25.75,0.0,25.75,0.0,24.875,10.0,0.0,0.0076,52.7977,5.2797,2.0,7.5844,1.352,0.3453,1.4013,0.0182,1.3656,1.004e-05,1.0009,0.01,1.8409,8.0,0.0644,1.0017,0.2345,2.592,0.0067,1.0467,0.0743,2.0926,0.0,0.0,0.0,-0.1425,25.0,24.0,37.0,37.0,13.0,0.0,0.0,0.0,0.0,41.1373,64.0,34.049,0.0,0.0
14148.0,1.7667,0.0958,1.0,0.0794,1.2007,2.0549,1.0549,2.3524,1.3524,26.7841,2.0714,26.3487,2.0539,100.0,0.0,0.0,0.0,24.75,0.0,25.75,0.0,25.75,0.0,24.75,10.0,0.0,0.0079,52.7973,5.2797,2.0,7.5456,1.3511,0.3082,1.3973,0.0197,1.3658,1.004e-05,1.001,0.01,1.841,8.0,0.0692,1.0018,0.2532,2.6253,0.0062,1.0126,0.0678,2.0533,0.0,0.0,0.0,-0.1424,25.0,24.0,37.0,37.0,13.0,0.0,0.0,0.0,0.0,41.1368,64.0,34.2261,0.0,0.0
14149.0,1.7659,0.0957,1.0,0.0797,1.2014,2.055,1.055,2.3523,1.3523,26.6973,2.0679,26.3382,2.0535,100.0,0.0,0.0,0.0,24.625,0.0,25.75,0.0,25.75,0.0,24.75,10.0,0.0,0.0078,52.7967,5.2796,2.0,7.6663,1.3538,0.3555,1.4024,0.02,1.3658,1.004e-05,1.001,0.01,1.8408,8.0,0.0697,1.0019,0.1903,2.5013,0.0059,0.9956,0.0908,2.1799,0.0,0.0,0.0,-0.1426,25.0,24.0,37.0,37.0,14.0,0.0,0.0,0.0,0.0,41.137,64.0,34.4166,0.0,0.0
14150.0,1.7658,0.0957,1.0,0.0797,1.2016,2.055,1.055,2.3521,1.3521,26.5633,2.0625,26.3372,2.0535,100.0,0.0,0.0,0.0,24.625,0.0,25.75,0.0,25.75,0.0,24.875,10.0,0.0,0.0077,52.796,5.2796,2.0,7.723,1.3551,0.3463,1.4014,0.0188,1.3657,1.004e-05,1.001,0.01,1.8407,8.0,0.0646,1.0017,0.1961,2.5144,0.0055,0.9625,0.0861,2.1571,0.0,0.0,0.0,-0.1421,25.0,24.0,37.0,37.0,13.0,0.0,0.0,0.0,0.0,41.1373,64.0,34.5844,0.0,0.0
14151.0,1.7658,0.0957,1.0,0.0796,1.2012,2.0546,1.0546,2.352,1.352,26.6231,2.0649,26.3575,2.0543,100.0,0.0,0.0,0.0,24.75,0.0,25.75,0.0,25.75,0.0,24.75,10.0,0.0,0.0074,52.7953,5.2795,2.0,7.6997,1.3546,0.3435,1.4011,0.0183,1.3656,1.004e-05,1.0009,0.01,1.8403,8.0,0.0648,1.0017,0.2196,2.5634,0.0057,0.9806,0.0857,2.155,0.0,0.0,0.0,-0.1424,25.0,24.0,37.0,37.0,14.0,0.0,0.0,0.0,0.0,41.1368,64.0,34.7883,0.0,0.0
14152.0,1.7649,0.0956,1.0,0.0794,1.2007,2.0544,1.0544,2.352,1.352,26.7893,2.0716,26.3618,2.0545,100.0,0.0,0.0,0.0,24.625,0.0,25.75,0.0,25.75,0.0,24.75,10.0,0.0,0.0077,52.7946,5.2794,2.0,7.919,1.3595,0.4715,1.4151,0.019,1.3657,1.004e-05,1.0009,0.01,1.8402,8.0,0.0627,1.0017,0.1977,2.5179,0.0059,0.9907,0.0927,2.1888,0.0,0.0,0.0,-0.1429,25.0,24.0,37.0,37.0,13.0,0.0,0.0,0.0,0.0,41.1374,64.0,34.9768,0.0,0.0
14153.0,1.7658,0.0957,1.0,0.0796,1.2012,2.0544,1.0544,2.3524,1.3524,26.79,2.0716,26.3458,2.0538,100.0,0.0,0.0,0.0,24.625,0.0,25.75,0.0,25.75,0.0,24.75,10.0,0.0,0.0079,52.7944,5.2794,2.0,7.9322,1.3598,0.4798,1.416,0.0183,1.3656,1.004e-05,1.0009,0.01,1.8401,8.0,0.0646,1.0017,0.16,2.426,0.0067,1.0471,0.0946,2.1975,0.0,0.0,0.0,-0.1426,25.0,24.0,37.0,37.0,13.0,0.0,0.0,0.0,0.0,41.1369,64.0,35.1458,0.0,0.0
14154.0,1.7658,0.0957,1.0,0.0798,1.2016,2.055,1.055,2.3526,1.3526,26.7041,2.0682,26.3403,2.0536,100.0,0.0,0.0,0.0,24.75,0.0,25.75,0.0,25.75,0.0,24.75,10.0,0.0,0.0085,52.7939,5.2794,2.0,8.1342,1.3641,0.5236,1.4208,0.0185,1.3657,1.004e-05,1.0009,0.01,1.84,8.0,0.0654,1.0017,0.135,2.352,0.0058,0.9846,0.0842,2.1469,0.0,0.0,0.0,-0.1423,25.0,24.0,37.0,37.0,14.0,0.0,0.0,0.0,0.0,41.1371,64.0,35.3398,0.0,0.0
14155.0,1.7648,0.0956,1.0,0.0797,1.2016,2.0551,1.0551,2.3521,1.3521,26.5869,2.0635,26.3354,2.0534,100.0,0.0,0.0,0.0,24.625,0.0,25.875,0.0,25.75,0.0,24.75,10.0,0.0,0.0079,52.7932,5.2793,2.0,8.0883,1.3631,0.4984,1.418,0.0191,1.3657,1.004e-05,1.0009,0.01,1.84,8.0,0.0697,1.0019,0.1312,2.3396,0.0062,1.0169,0.0803,2.1264,0.0,0.0,0.0,-0.1425,25.0,24.0,37.0,37.0,13.0,0.0,0.0,0.0,0.0,41.1366,64.0,35.5139,0.0,0.0
14156.0,1.7636,0.0955,1.0,0.0798,1.2018,2.0543,1.0543,2.3523,1.3523,26.6167,2.0647,26.3553,2.0542,100.0,0.0,0.0,0.0,24.625,0.0,25.75,0.0,25.75,0.0,24.75,10.0,0.0,0.0076,52.7927,5.2793,2.0,8.4263,1.3703,0.7072,1.4408,0.0199,1.3658,1.004e-05,1.0009,0.01,1.84,8.0,0.0681,1.0018,0.148,2.3922,0.0061,1.0061,0.0781,2.1145,0.0,0.0,0.0,-0.1425,25.0,24.0,37.0,37.0,14.0,0.0,0.0,0.0,0.0,41.1364,64.0,35.7068,0.0,0.0
14157.0,1.7634,0.0954,1.0,0.0797,1.2013,2.054,1.054,2.3524,1.3524,26.7763,2.0711,26.363,2.0545,100.0,0.0,0.0,0.0,24.75,0.0,25.75,0.0,25.75,0.0,24.75,10.0,0.0,0.0077,52.792,5.2792,2.0,8.6613,1.375,0.7554,1.446,0.0194,1.3657,1.004e-05,1.001,0.01,1.8398,8.0,0.0692,1.0018,0.1501,2.3983,0.0055,0.9607,0.0705,2.07,0.0,0.0,0.0,-0.1424,25.0,24.0,37.0,37.0,13.0,0.0,0.0,0.0,0.0,41.1368,64.0,35.8909,0.0,0.0
14158.0,1.7636,0.0955,1.0,0.0799,1.2021,2.0542,1.0542,2.3528,1.3528,26.8225,2.0729,26.3483,2.0539,100.0,0.0,0.0,0.0,24.625,0.0,25.75,0.0,25.75,0.0,24.75,10.0,0.0,0.0076,52.7913,5.2791,2.0,8.673,1.3753,0.7013,1.4401,0.0205,1.3659,1.005e-05,1.0011,0.01,1.8399,8.0,0.0718,1.0019,0.1182,2.2946,0.0059,0.9908,0.0692,2.062,0.0,0.0,0.0,-0.1425,25.0,24.0,37.0,37.0,14.0,0.0,0.0,0.0,0.0,41.1368,64.0,36.0884,0.0,0.0
14159.0,1.7645,0.0956,1.0,0.0798,1.2017,2.055,1.055,2.3524,1.3524,26.7293,2.0692,26.3453,2.0538,100.0,0.0,0.0,0.0,24.625,0.0,25.75,0.0,25.875,0.0,24.75,10.0,0.0,0.0079,52.791,5.2791,2.0,8.6105,1.374,0.6362,1.433,0.019,1.3657,1.004e-05,1.001,0.01,1.8394,8.0,0.0683,1.0018,0.1256,2.3209,0.0058,0.9845,0.0777,2.1123,0.0,0.0,0.0,-0.1427,25.0,24.0,37.0,37.0,15.0,0.0,0.0,0.0,0.0,41.1369,64.0,36.2774,0.0,0.0
14160.0,1.7636,0.0955,1.0,0.0798,1.2016,2.0549,1.0549,2.3522,1.3522,26.6011,2.064,26.3348,2.0534,100.0,0.0,0.0,0.0,24.625,0.0,25.75,0.0,25.75,0.0,24.75,10.0,0.0,0.008,52.7902,5.279,2.0,8.6537,1.3749,0.6232,1.4316,0.0194,1.3658,1.004e-05,1.0009,0.01,1.8393,8.0,0.0652,1.0017,0.126,2.3222,0.0062,1.0125,0.0796,2.1227,0.0,0.0,0.0,-0.1422,25.0,24.0,37.0,37.0,15.0,0.0,0.0,0.0,0.0,41.1368,64.0,36.4616,0.0,0.0
14161.0,1.7636,0.0954,1.0,0.0797,1.2014,2.0548,1.0548,2.3524,1.3524,26.5789,2.0632,26.3496,2.054,100.0,0.0,0.0,0.0,24.625,0.0,25.875,0.0,25.75,0.0,24.75,10.0,0.0,0.008,52.7896,5.2789,2.0,8.6441,1.3747,0.6817,1.438,0.0195,1.3658,1.004e-05,1.0009,0.01,1.8394,8.0,0.0695,1.0019,0.1132,2.2757,0.0066,1.0408,0.0793,2.1212,0.0,0.0,0.0,-0.1425,25.0,24.0,37.0,37.0,13.0,0.0,0.0,0.0,0.0,41.1368,64.0,36.6631,0.0,0.0
14162.0,1.7636,0.0955,1.0,0.0797,1.2015,2.0544,1.0544,2.3524,1.3524,26.7404,2.0696,26.3646,2.0546,100.0,0.0,0.0,0.0,24.625,0.0,25.75,0.0,25.75,0.0,24.75,10.0,0.0,0.0072,52.789,5.2789,2.0,9.0461,1.3826,0.8237,1.4535,0.0196,1.3658,1.005e-05,1.0011,0.0099,1.839,8.0,0.0703,1.0019,0.1127,2.2738,0.0064,1.0249,0.0762,2.104,0.0,0.0,0.0,-0.1426,25.0,24.0,37.0,37.0,13.0,0.0,0.0,0.0,0.0,41.1369,64.0,36.8413,0.0,0.0
14163.0,1.7647,0.0956,1.0,0.0799,1.2019,2.0542,1.0542,2.3527,1.3527,26.8153,2.0726,26.3503,2.054,100.0,0.0,0.0,0.0,24.625,0.0,25.75,0.0,25.75,0.0,24.75,10.0,0.0,0.0075,52.7884,5.2788,2.0,9.1394,1.3844,0.7898,1.4498,0.0202,1.3658,1.005e-05,1.0011,0.0099,1.8388,8.0,0.0719,1.0019,0.1098,2.2626,0.007,1.0663,0.0884,2.1685,0.0,0.0,0.0,-0.1425,25.0,24.0,37.0,37.0,13.0,0.0,0.0,0.0,0.0,41.1371,64.0,37.007,0.0,0.0
14164.0,1.7637,0.0955,1.0,0.08,1.2022,2.0547,1.0547,2.3526,1.3526,26.7503,2.07,26.3425,2.0537,100.0,0.0,0.0,0.0,24.625,0.0,25.75,0.0,25.75,0.0,24.75,10.0,0.0,0.008,52.7882,5.2788,2.0,9.2402,1.3863,0.7862,1.4494,0.0206,1.3659,1.005e-05,1.0011,0.0099,1.8389,8.0,0.073,1.0019,0.1737,2.4616,0.006,1.0016,0.0829,2.1405,0.0,0.0,0.0,-0.142,25.0,24.0,37.0,37.0,13.0,0.0,0.0,0.0,0.0,41.1368,64.0,37.2052,0.0,0.0
14165.0,1.7647,0.0956,1.0,0.08,1.2022,2.0551,1.0551,2.3522,1.3522,26.6191,2.0648,26.3388,2.0536,100.0,0.0,0.0,0.0,24.625,0.0,25.75,0.0,25.75,0.0,24.75,10.0,0.0,0.0082,52.7877,5.2787,2.0,9.2793,1.387,0.7863,1.4494,0.0212,1.3659,1.005e-05,1.0011,0.0099,1.8389,8.0,0.0734,1.002,0.1849,2.4889,0.0057,0.981,0.0665,2.0444,0.0,0.0,0.0,-0.1425,25.0,24.0,37.0,37.0,14.0,0.0,0.0,0.0,0.0,41.1372,64.0,37.3879,0.0,0.0
14166.0,1.7657,0.0957,1.0,0.0799,1.2019,2.0549,1.0549,2.352,1.352,26.569,2.0628,26.356,2.0542,100.0,0.0,0.0,0.0,24.75,0.0,25.75,0.0,25.75,0.0,24.625,10.0,0.0,0.0079,52.7872,5.2787,2.0,9.3693,1.3887,0.8741,1.459,0.0211,1.3659,1.005e-05,1.0011,0.0099,1.8388,8.0,0.0715,1.0019,0.2091,2.5422,0.0058,0.9886,0.074,2.0913,0.0,0.0,0.0,-0.142,25.0,24.0,37.0,37.0,11.0,0.0,0.0,0.0,0.0,41.1373,64.0,37.5911,0.0,0.0
14167.0,1.7658,0.0957,1.0,0.0798,1.2018,2.0543,1.0543,2.352,1.352,26.7196,2.0688,26.3622,2.0545,100.0,0.0,0.0,0.0,24.75,0.0,25.75,0.0,25.75,0.0,24.75,10.0,0.0,0.0082,52.7865,5.2787,2.0,9.6492,1.3938,0.9654,1.469,0.021,1.3659,1.005e-05,1.0011,0.0099,1.8382,8.0,0.0725,1.0019,0.1887,2.4975,0.0065,1.0342,0.0723,2.0808,0.0,0.0,0.0,-0.1424,25.0,24.0,37.0,37.0,12.0,0.0,0.0,0.0,0.0,41.1368,64.0,37.7722,0.0,0.0
14168.0,1.7658,0.0957,1.0,0.0796,1.2012,2.0541,1.0541,2.3527,1.3527,26.8166,2.0727,26.3515,2.0541,100.0,0.0,0.0,0.0,24.625,0.0,25.75,0.0,25.75,0.0,24.625,10.0,0.0,0.0088,52.7862,5.2786,2.0,9.8211,1.3969,0.9137,1.4633,0.0207,1.3659,1.005e-05,1.0011,0.0099,1.8382,8.0,0.0705,1.0019,0.1883,2.4966,0.0068,1.0563,0.0668,2.0467,0.0,0.0,0.0,-0.142,25.0,24.0,37.0,37.0,14.0,0.0,0.0,0.0,0.0,41.1369,64.0,37.9657,0.0,0.0
14169.0,1.7658,0.0957,1.0,0.0798,1.2016,2.0546,1.0546,2.3527,1.3527,26.7519,2.0701,26.3399,2.0536,100.0,0.0,0.0,0.0,24.625,0.0,25.75,0.0,25.75,0.0,24.75,10.0,0.0,0.0089,52.7853,5.2785,2.0,9.6839,1.3944,0.7643,1.447,0.0206,1.3659,1.005e-05,1.0011,0.0099,1.8383,8.0,0.07,1.0019,0.1847,2.4883,0.0068,1.0528,0.0728,2.0841,0.0,0.0,0.0,-0.1424,25.0,24.0,37.0,37.0,13.0,0.0,0.0,0.0,0.0,41.137,64.0,38.1539,0.0,0.0
14170.0,1.7658,0.0957,1.0,0.0798,1.2018,2.0548,1.0548,2.3523,1.3523,26.6323,2.0653,26.3358,2.0534,100.0,0.0,0.0,0.0,24.625,0.0,25.75,0.0,25.75,0.0,24.625,10.0,0.0,0.0082,52.7848,5.2785,2.0,9.5005,1.3911,0.7577,1.4463,0.0204,1.3659,1.005e-05,1.0011,0.0099,1.8381,8.0,0.0725,1.0019,0.1859,2.491,0.0053,0.9458,0.0759,2.102,0.0,0.0,0.0,-0.1427,25.0,24.0,37.0,37.0,14.0,0.0,0.0,0.0,0.0,41.1371,64.0,38.3314,0.0,0.0
14171.0,1.7661,0.0958,1.0,0.0798,1.2016,2.0546,1.0546,2.3524,1.3524,26.5591,2.0624,26.3422,2.0537,100.0,0.0,0.0,0.0,24.625,0.0,25.75,0.0,25.75,0.0,24.75,10.0,0.0,0.0076,52.7841,5.2784,2.0,9.6824,1.3944,0.7331,1.4436,0.0204,1.3659,1.005e-05,1.0011,0.0099,1.8379,8.0,0.0733,1.002,0.1981,2.5188,0.0062,1.0166,0.0754,2.0994,0.0,0.0,0.0,-0.1425,25.0,24.0,37.0,37.0,14.0,0.0,0.0,0.0,0.0,41.1368,64.0,38.501,0.0,0.0
14172.0,1.7661,0.0958,1.0,0.0799,1.2021,2.0541,1.0541,2.352,1.352,26.6812,2.0672,26.3596,2.0544,100.0,0.0,0.0,0.0,24.75,0.0,25.75,0.0,25.75,0.0,24.75,10.0,0.0,0.008,52.7839,5.2784,2.0,9.6819,1.3944,0.6952,1.4395,0.0206,1.3659,1.005e-05,1.0012,0.0099,1.8379,8.0,0.0739,1.002,0.1831,2.4847,0.0055,0.9629,0.0675,2.0515,0.0,0.0,0.0,-0.1424,25.0,24.0,37.0,37.0,14.0,0.0,0.0,0.0,0.0,41.1368,64.0,38.6926,0.0,0.0
14173.0,1.7658,0.0957,1.0,0.0801,1.2025,2.054,1.054,2.3526,1.3526,26.8158,2.0726,26.3463,2.0539,100.0,0.0,0.0,0.0,24.625,0.0,25.75,0.0,25.875,0.0,24.625,10.0,0.0,0.0079,52.7834,5.2783,2.0,9.7498,1.3956,0.7017,1.4402,0.0206,1.3659,1.005e-05,1.0012,0.0099,1.8379,8.0,0.0764,1.002,0.1508,2.4003,0.0057,0.9743,0.0614,2.0104,0.0,0.0,0.0,-0.1422,25.0,24.0,37.0,37.0,14.0,0.0,0.0,0.0,0.0,41.1368,64.0,38.8749,0.0,0.0
14174.0,1.7658,0.0957,1.0,0.0801,1.2025,2.0545,1.0545,2.3528,1.3528,26.7733,2.0709,26.3328,2.0533,100.0,0.0,0.0,0.0,24.75,0.0,25.75,0.0,25.75,0.0,24.625,10.0,0.0,0.0079,52.7827,5.2782,2.0,9.6133,1.3931,0.5879,1.4278,0.0207,1.3659,1.005e-05,1.0012,0.0099,1.8377,8.0,0.0732,1.002,0.1538,2.4087,0.0058,0.9821,0.0613,2.0095,0.0,0.0,0.0,-0.1425,25.0,24.0,37.0,37.0,14.0,0.0,0.0,0.0,0.0,41.1372,64.0,39.0576,0.0,0.0
14175.0,1.7658,0.0957,1.0,0.0798,1.2018,2.0546,1.0546,2.3523,1.3523,26.6577,2.0663,26.3367,2.0535,100.0,0.0,0.0,0.0,24.625,0.0,25.75,0.0,25.75,0.0,24.75,10.0,0.0,0.0083,52.782,5.2781,2.0,9.6774,1.3943,0.6031,1.4294,0.0208,1.3659,1.005e-05,1.0012,0.0099,1.8375,8.0,0.0738,1.002,0.1358,2.3546,0.0065,1.0315,0.0587,1.9907,0.0,0.0,0.0,-0.1422,25.0,24.0,37.0,37.0,14.0,0.0,0.0,0.0,0.0,41.1366,64.0,39.2415,0.0,0.0
14176.0,1.7648,0.0956,1.0,0.0797,1.2013,2.0546,1.0546,2.3524,1.3524,26.5587,2.0623,26.3386,2.0535,100.0,0.0,0.0,0.0,24.625,0.0,25.75,0.0,25.75,0.0,24.75,10.0,0.0,0.0082,52.7818,5.2782,2.0,9.7315,1.3953,0.595,1.4286,0.0208,1.3659,1.005e-05,1.0011,0.0099,1.8376,8.0,0.0726,1.0019,0.1324,2.3437,0.0066,1.0404,0.0617,2.0124,0.0,0.0,0.0,-0.142,25.0,24.0,37.0,37.0,15.0,0.0,0.0,0.0,0.0,41.1367,64.0,39.4342,0.0,0.0
14177.0,1.7616,0.0952,1.0,0.0796,1.2011,2.0541,1.0541,2.3519,1.3519,26.6613,2.0665,26.3589,2.0544,100.0,0.0,0.0,0.0,24.625,0.0,25.625,0.0,25.875,0.0,24.75,10.0,0.0,0.0076,52.7812,5.2781,2.0,9.651,1.3938,0.5481,1.4234,0.0207,1.3659,1.004e-05,1.001,0.0099,1.8373,8.0,0.0699,1.0019,0.2046,2.5327,0.0056,0.9673,0.0593,1.9948,0.0,0.0,0.0,-0.142,25.0,24.0,37.0,37.0,13.0,0.0,0.0,0.0,0.0,41.1369,64.0,39.6127,0.0,0.0
14178.0,1.7634,0.0954,1.0,0.0798,1.2017,2.054,1.054,2.3522,1.3522,26.81,2.0724,26.3572,2.0543,100.0,0.0,0.0,0.0,24.625,0.0,25.75,0.0,25.75,0.0,24.75,10.0,0.0,0.0075,52.7806,5.278,2.0,9.706,1.3948,0.5004,1.4182,0.0203,1.3659,1.005e-05,1.0011,0.0099,1.8371,8.0,0.0718,1.0019,0.1962,2.5145,0.0064,1.0306,0.0553,1.9645,0.0,0.0,0.0,-0.1424,25.0,24.0,37.0,37.0,13.0,0.0,0.0,0.0,0.0,41.1368,64.0,39.8031,0.0,0.0
14179.0,1.7637,0.0955,1.0,0.0797,1.2013,2.0545,1.0545,2.3524,1.3524,26.7914,2.0717,26.3447,2.0538,100.0,0.0,0.0,0.0,24.625,0.0,25.75,0.0,25.875,0.0,24.625,10.0,0.0,0.0073,52.7801,5.2779,2.0,9.5567,1.3921,0.3934,1.4066,0.0206,1.3659,1.005e-05,1.0011,0.0099,1.8372,8.0,0.0692,1.0018,0.1555,2.4135,0.0061,1.0086,0.0502,1.9226,0.0,0.0,0.0,-0.1421,25.0,24.0,37.0,37.0,13.0,0.0,0.0,0.0,0.0,41.1371,64.0,40.0128,0.0,0.0
14180.0,1.7653,0.0957,1.0,0.0796,1.2011,2.0547,1.0547,2.3523,1.3523,26.6882,2.0675,26.3379,2.0535,100.0,0.0,0.0,0.0,24.625,0.0,25.75,0.0,25.75,0.0,24.625,10.0,0.0,0.0078,52.7792,5.2779,2.0,9.585,1.3926,0.4153,1.4089,0.0202,1.3658,1.004e-05,1.001,0.0099,1.837,8.0,0.0717,1.0019,0.1677,2.4465,0.0053,0.948,0.0521,1.9389,0.0,0.0,0.0,-0.1423,25.0,24.0,37.0,37.0,14.0,0.0,0.0,0.0,0.0,41.1366,64.0,40.1401,0.0,0.0
14181.0,1.7658,0.0957,1.0,0.08,1.2022,2.0546,1.0546,2.3521,1.3521,26.5682,2.0627,26.336,2.0534,100.0,0.0,0.0,0.0,24.625,0.0,25.75,0.0,25.75,0.0,24.75,10.0,0.0,0.008,52.7792,5.2779,2.0,9.552,1.392,0.4056,1.4079,0.0207,1.3659,1.005e-05,1.0011,0.0099,1.8368,8.0,0.0735,1.002,0.1787,2.4739,0.0062,1.0151,0.0493,1.9145,0.0,0.0,0.0,-0.1423,25.0,24.0,37.0,37.0,13.0,0.0,0.0,0.0,0.0,41.1368,64.0,40.3301,0.0,0.0
14182.0,1.7658,0.0957,1.0,0.0801,1.2026,2.0547,1.0547,2.3517,1.3517,26.6182,2.0647,26.3569,2.0543,100.0,0.0,0.0,0.0,24.75,0.0,25.75,0.0,25.75,0.0,24.75,10.0,0.0,0.0077,52.7785,5.2778,2.0,9.6161,1.3932,0.406,1.4079,0.0209,1.3659,1.005e-05,1.0011,0.0099,1.8371,8.0,0.075,1.002,0.1448,2.3827,0.0059,0.9915,0.0566,1.9746,0.0,0.0,0.0,-0.142,25.0,24.0,37.0,37.0,15.0,0.0,0.0,0.0,0.0,41.1367,64.0,40.5145,0.0,0.0
14183.0,1.7658,0.0957,1.0,0.0799,1.202,2.0545,1.0545,2.3521,1.3521,26.7899,2.0716,26.3629,2.0545,100.0,0.0,0.0,0.0,24.625,0.0,25.75,0.0,25.75,0.0,24.75,10.0,0.0,0.0082,52.7781,5.2778,2.0,9.7668,1.3959,0.4986,1.418,0.0209,1.3659,1.005e-05,1.0011,0.0099,1.8369,8.0,0.0731,1.002,0.1383,2.3627,0.0065,1.0315,0.0641,2.0284,0.0,0.0,0.0,-0.1424,25.0,24.0,37.0,37.0,15.0,0.0,0.0,0.0,0.0,41.1368,64.0,40.6948,0.0,0.0
14184.0,1.7648,0.0956,1.0,0.0798,1.2017,2.0545,1.0545,2.3524,1.3524,26.7989,2.072,26.347,2.0539,100.0,0.0,0.0,0.0,24.625,0.0,25.875,0.0,25.875,0.0,24.75,10.0,0.0,0.0087,52.7776,5.2778,2.0,10.0245,1.4004,0.6107,1.4303,0.0212,1.3659,1.005e-05,1.0011,0.0099,1.8369,8.0,0.0719,1.0019,0.2049,2.5335,0.0061,1.0104,0.0579,1.9846,0.0,0.0,0.0,-0.1423,25.0,24.0,37.0,37.0,14.0,0.0,0.0,0.0,0.0,41.137,64.0,40.8746,0.0,0.0
14185.0,1.7647,0.0956,1.0,0.0799,1.2019,2.0547,1.0547,2.3523,1.3523,26.706,2.0682,26.3303,2.0532,100.0,0.0,0.0,0.0,24.625,0.0,25.75,0.0,25.75,0.0,24.75,10.0,0.0,0.0085,52.7771,5.2777,2.0,10.1636,1.4028,0.6093,1.4301,0.0211,1.3659,1.005e-05,1.0012,0.0099,1.8366,8.0,0.0731,1.0019,0.2073,2.5384,0.0052,0.9407,0.0524,1.9412,0.0,0.0,0.0,-0.1422,25.0,24.0,37.0,37.0,13.0,0.0,0.0,0.0,0.0,41.1369,64.0,41.0624,0.0,0.0
14186.0,1.7657,0.0957,1.0,0.08,1.2022,2.0546,1.0546,2.3521,1.3521,26.5764,2.0631,26.3242,2.053,100.0,0.0,0.0,0.0,24.625,0.0,25.75,0.0,25.75,0.0,24.75,10.0,0.0,0.0082,52.7766,5.2776,2.0,10.3063,1.4052,0.6367,1.4331,0.0211,1.3659,1.005e-05,1.0012,0.0099,1.8365,8.0,0.074,1.002,0.1999,2.5226,0.0059,0.9926,0.0515,1.9336,0.0,0.0,0.0,-0.1424,25.0,24.0,37.0,37.0,14.0,0.0,0.0,0.0,0.0,41.1365,0.0,41.1878,0.0,0.0
14187.0,1.7658,0.0957,1.0,0.0796,1.2012,2.0542,1.0542,2.352,1.352,26.6516,2.0661,26.349,2.054,100.0,0.0,0.0,0.0,24.625,0.0,25.75,0.0,25.75,0.0,24.75,10.0,0.0,0.0084,52.776,5.2776,2.0,10.2735,1.4047,0.601,1.4292,0.0209,1.3659,1.005e-05,1.0012,0.0099,1.8363,8.0,0.0724,1.0019,0.1967,2.5157,0.0058,0.9822,0.0443,1.8678,0.0,0.0,0.0,-0.1425,25.0,24.0,37.0,37.0,13.0,0.0,0.0,0.0,0.0,41.1367,0.0,41.1885,0.0,0.0
14188.0,1.7658,0.0957,1.0,0.0799,1.202,2.054,1.054,2.3519,1.3519,26.7793,2.0712,26.3639,2.0546,100.0,0.0,0.0,0.0,24.625,0.0,25.75,0.0,25.875,0.0,24.75,10.0,0.0,0.0075,52.7753,5.2775,2.0,10.3754,1.4064,0.6566,1.4353,0.0208,1.3659,1.005e-05,1.0011,0.0099,1.8363,8.0,0.0727,1.0019,0.1669,2.4443,0.0058,0.9855,0.0499,1.9197,0.0,0.0,0.0,-0.1424,25.0,24.0,37.0,37.0,15.0,0.0,0.0,0.0,0.0,41.1369,0.0,41.1879,0.0,0.0
14189.0,1.7647,0.0956,1.0,0.0798,1.2016,2.0543,1.0543,2.3524,1.3524,26.8117,2.0725,26.3474,2.0539,100.0,0.0,0.0,0.0,24.625,0.0,25.75,0.0,25.75,0.0,24.75,10.0,0.0,0.0082,52.7746,5.2774,2.0,10.5146,1.4087,0.6566,1.4353,0.021,1.3659,1.005e-05,1.0011,0.0099,1.8364,8.0,0.0745,1.002,0.1589,2.4231,0.0063,1.0239,0.0471,1.8948,0.0,0.0,0.0,-0.1423,25.0,24.0,37.0,37.0,15.0,0.0,0.0,0.0,0.0,41.1365,0.0,41.1882,0.0,0.0
14190.0,1.7647,0.0956,1.0,0.0798,1.2018,2.0546,1.0546,2.3523,1.3523,26.7241,2.069,26.3304,2.0532,100.0,0.0,0.0,0.0,24.625,0.0,25.75,0.0,25.75,0.0,24.75,10.0,0.0,0.0083,52.7742,5.2774,2.0,10.6736,1.4113,0.7083,1.4409,0.0207,1.3659,1.005e-05,1.0012,0.0099,1.836,8.0,0.0722,1.0019,0.1738,2.4618,0.0057,0.9789,0.0578,1.9839,0.0,0.0,0.0,-0.1422,25.0,24.0,37.0,37.0,14.0,0.0,0.0,0.0,0.0,41.1368,0.0,41.188,0.0,0.0
14191.0,1.7657,0.0957,1.0,0.0799,1.202,2.0547,1.0547,2.3518,1.3518,26.6121,2.0645,26.3241,2.053,100.0,0.0,0.0,0.0,24.625,0.0,25.75,0.0,25.75,0.0,24.75,10.0,0.0,0.0075,52.774,5.2774,2.0,10.7901,1.4132,0.7059,1.4406,0.0207,1.3659,1.005e-05,1.0012,0.0099,1.836,8.0,0.0738,1.002,0.1301,2.3363,0.0051,0.9302,0.0598,1.9984,0.0,0.0,0.0,-0.1419,25.0,24.0,37.0,37.0,13.0,0.0,0.0,0.0,0.0,41.1365,0.0,41.1882,0.0,0.0
14192.0,1.7658,0.0957,1.0,0.0797,1.2014,2.0541,1.0541,2.352,1.352,26.5872,2.0635,26.3407,2.0536,100.0,0.0,0.0,0.0,24.625,0.0,25.75,0.0,25.75,0.0,24.75,10.0,0.0,0.0071,52.7736,5.2773,2.0,10.7753,1.413,0.6614,1.4358,0.0191,1.3657,1.004e-05,1.0009,0.0099,1.8358,8.0,0.0676,1.0018,0.1417,2.3733,0.0065,1.0337,0.0677,2.0522,0.0,0.0,0.0,-0.1426,25.0,24.0,37.0,37.0,14.0,0.0,0.0,0.0,0.0,41.1373,0.0,41.1882,0.0,0.0
14193.0,1.7658,0.0957,1.0,0.0797,1.2015,2.054,1.054,2.352,1.352,26.7421,2.0697,26.3547,2.0542,100.0,0.0,0.0,0.0,24.625,0.0,25.875,0.0,25.75,0.0,24.75,10.0,0.0,0.0081,52.7732,5.2773,2.0,10.8531,1.4142,0.6741,1.4372,0.0188,1.3657,1.004e-05,1.0009,0.0099,1.8356,8.0,0.0662,1.0018,0.1387,2.3639,0.006,0.9972,0.0629,2.0204,0.0,0.0,0.0,-0.142,25.0,24.0,37.0,37.0,16.0,0.0,0.0,0.0,0.0,41.1374,0.0,41.1878,0.0,0.0
14194.0,1.7658,0.0957,1.0,0.0797,1.2016,2.0543,1.0543,2.3524,1.3524,26.8154,2.0726,26.3387,2.0535,100.0,0.0,0.0,0.0,24.625,0.0,25.75,0.0,25.875,0.0,24.75,10.0,0.0,0.0085,52.7727,5.2773,2.0,11.2552,1.4205,1.7878,1.5587,0.0189,1.3657,1.004e-05,1.001,0.0099,1.8355,8.0,0.0662,1.0018,0.222,2.5683,0.0058,0.9871,0.0559,1.9691,0.0,0.0,0.0,-0.1421,25.0,24.0,37.0,37.0,12.0,0.0,0.0,0.0,0.0,41.1366,0.0,41.1875,0.0,0.0
14195.0,1.7661,0.0958,1.0,0.0796,1.2012,2.0545,1.0545,2.3523,1.3523,26.7191,2.0688,26.3288,2.0532,100.0,0.0,0.0,0.0,24.625,0.0,25.875,0.0,25.75,0.0,24.75,10.0,0.0,0.0089,52.7719,5.2772,2.0,13.234,1.4487,1.6157,1.5399,0.0187,1.3657,1.004e-05,1.001,0.0099,1.8353,8.0,0.0626,1.0017,0.1605,2.4273,0.006,1.0023,0.0533,1.9487,0.0,0.0,0.0,-0.1426,25.0,24.0,37.0,37.0,16.0,0.0,0.0,0.0,0.0,41.1363,0.0,41.1877,0.0,0.0
14196.0,1.7679,0.096,1.0,0.0797,1.2015,2.0542,1.0542,2.3522,1.3522,26.6009,2.064,26.3252,2.053,100.0,0.0,0.0,0.0,24.625,0.0,25.75,0.0,25.75,0.0,24.75,10.0,0.0,0.0086,52.771,5.2771,2.0,13.1264,1.4473,1.4827,1.5254,0.0188,1.3657,1.004e-05,1.0009,0.0099,1.8352,8.0,0.0674,1.0018,0.1357,2.3546,0.0062,1.0126,0.0578,1.9839,0.0,0.0,0.0,-0.1421,25.0,24.0,37.0,37.0,14.0,0.0,0.0,0.0,0.0,41.1363,0.0,41.1877,0.0,0.0
14197.0,1.7679,0.096,1.0,0.0797,1.2013,2.0541,1.0541,2.3519,1.3519,26.5795,2.0632,26.3407,2.0536,100.0,0.0,0.0,0.0,24.625,0.0,25.75,0.0,25.75,0.0,24.625,10.0,0.0,0.0086,52.7709,5.2771,2.0,13.2371,1.4487,1.4703,1.524,0.0193,1.3657,1.004e-05,1.0009,0.0099,1.8351,8.0,0.0642,1.0017,0.1807,2.4788,0.0057,0.9785,0.0553,1.9648,0.0,0.0,0.0,-0.1426,25.0,24.0,37.0,37.0,12.0,0.0,0.0,0.0,0.0,41.1363,0.0,41.1875,0.0,0.0
14198.0,1.7679,0.096,1.0,0.0798,1.2017,2.0539,1.0539,2.3516,1.3516,26.7333,2.0693,26.3519,2.0541,100.0,0.0,0.0,0.0,24.625,0.0,25.75,0.0,25.75,0.0,24.75,10.0,0.0,0.008,52.7705,5.277,2.0,13.244,1.4488,1.3835,1.5146,0.0189,1.3657,1.004e-05,1.0009,0.0099,1.835,8.0,0.0638,1.0017,0.2073,2.5383,0.0064,1.0309,0.0631,2.0219,0.0,0.0,0.0,-0.1421,25.0,24.0,37.0,37.0,13.0,0.0,0.0,0.0,0.0,41.1367,0.0,41.1878,0.0,0.0
14199.0,1.768,0.096,1.0,0.0798,1.2016,2.0542,1.0542,2.3522,1.3522,26.8256,2.073,26.3417,2.0537,100.0,0.0,0.0,0.0,24.625,0.0,25.75,0.0,25.875,0.0,24.75,10.0,0.0,0.0083,52.7701,5.277,2.0,13.4518,1.4515,1.3736,1.5135,0.0193,1.3657,1.004e-05,1.0009,0.0099,1.8351,8.0,0.0678,1.0018,0.2089,2.5418,0.0056,0.9711,0.0656,2.0389,0.0,0.0,0.0,-0.1422,25.0,24.0,37.0,37.0,15.0,0.0,0.0,0.0,0.0,41.1363,0.0,41.1878,0.0,0.0
14200.0,1.7679,0.096,1.0,0.08,1.2022,2.0546,1.0546,2.3522,1.3522,26.7491,2.07,26.3317,2.0533,100.0,0.0,0.0,0.0,24.625,0.0,25.75,0.0,25.75,0.0,24.75,10.0,0.0,0.009,52.7695,5.2769,2.0,13.3973,1.4508,1.2592,1.501,0.0191,1.3657,1.004e-05,1.0009,0.0099,1.8348,8.0,0.0662,1.0018,0.1879,2.4958,0.006,1.0002,0.0659,2.0409,0.0,0.0,0.0,-0.1421,25.0,24.0,37.0,37.0,14.0,0.0,0.0,0.0,0.0,41.1365,0.0,41.1874,0.0,0.0
14201.0,1.7679,0.096,1.0,0.0798,1.2018,2.0546,1.0546,2.3518,1.3518,26.6288,2.0652,26.335,2.0534,100.0,0.0,0.0,0.0,24.625,0.0,25.75,0.0,25.75,0.0,24.625,10.0,0.0,0.0087,52.7688,5.2769,2.0,13.4598,1.4516,1.2099,1.4956,0.0186,1.3657,1.004e-05,1.001,0.0099,1.8346,8.0,0.0682,1.0018,0.1801,2.4774,0.0056,0.9714,0.0701,2.0678,0.0,0.0,0.0,-0.1422,25.0,25.0,37.0,37.0,13.0,0.0,0.0,0.0,0.0,41.1362,0.0,41.1876,0.0,0.0
14202.0,1.7679,0.096,1.0,0.0797,1.2013,2.0546,1.0546,2.3516,1.3516,26.5554,2.0622,26.3427,2.0537,100.0,0.0,0.0,0.0,24.75,0.0,25.75,0.0,25.875,0.0,24.75,10.0,0.0,0.0086,52.7685,5.2768,2.0,13.657,1.4541,1.2148,1.4962,0.019,1.3657,1.004e-05,1.0009,0.0099,1.8348,8.0,0.0662,1.0018,0.193,2.5074,0.0059,0.9954,0.0737,2.0896,0.0,0.0,0.0,-0.1424,25.0,25.0,37.0,37.0,13.0,0.0,0.0,0.0,0.0,41.1363,0.0,41.1878,0.0,0.0
14203.0,1.7675,0.0959,1.0,0.0796,1.2011,2.0538,1.0538,2.3519,1.3519,26.7025,2.0681,26.3524,2.0541,100.0,0.0,0.0,0.0,24.625,0.0,25.75,0.0,25.75,0.0,24.625,10.0,0.0,0.0087,52.7677,5.2767,2.0,13.4798,1.4519,1.0186,1.4748,0.0185,1.3657,1.004e-05,1.0009,0.0099,1.8344,8.0,0.0642,1.0017,0.1846,2.4881,0.0059,0.9926,0.0735,2.0881,0.0,0.0,0.0,-0.1422,25.0,25.0,37.0,37.0,13.0,0.0,0.0,0.0,0.0,41.1364,0.0,41.1876,0.0,0.0
14204.0,1.7679,0.096,1.0,0.0794,1.2007,2.0539,1.0539,2.3521,1.3521,26.818,2.0727,26.3425,2.0537,100.0,0.0,0.0,0.0,24.625,0.0,25.75,0.0,25.75,0.0,24.75,10.0,0.0,0.0087,52.7671,5.2767,2.0,13.3843,1.4506,0.967,1.4691,0.0181,1.3656,1.004e-05,1.0009,0.0099,1.8342,8.0,0.0635,1.0017,0.1653,2.4401,0.0059,0.996,0.0677,2.0522,0.0,0.0,0.0,-0.1424,25.0,25.0,37.0,37.0,13.0,0.0,0.0,0.0,0.0,41.1369,0.0,41.1881,0.0,0.0
14205.0,1.7679,0.096,1.0,0.0795,1.2009,2.0545,1.0545,2.352,1.352,26.7731,2.0709,26.3323,2.0533,100.0,0.0,0.0,0.0,24.625,0.0,25.75,0.0,25.75,0.0,24.75,10.0,0.0,0.0089,52.7668,5.2767,2.0,13.3573,1.4503,0.9144,1.4634,0.0185,1.3657,1.004e-05,1.0009,0.0099,1.8342,8.0,0.0629,1.0017,0.1502,2.3986,0.0055,0.9659,0.0604,2.0031,0.0,0.0,0.0,-0.1423,25.0,24.0,37.0,37.0,13.0,0.0,0.0,0.0,0.0,41.1373,0.0,41.1879,0.0,0.0
14206.0,1.767,0.0959,1.0,0.0796,1.201,2.0544,1.0544,2.3521,1.3521,26.6457,2.0658,26.3285,2.0531,100.0,0.0,0.0,0.0,24.625,0.0,25.75,0.0,25.75,0.0,24.75,10.0,0.0,0.009,52.7661,5.2766,2.0,13.2231,1.4485,0.8896,1.4607,0.0183,1.3656,1.004e-05,1.0008,0.0099,1.834,8.0,0.0635,1.0017,0.1367,2.3576,0.006,1.0008,0.0591,1.9936,0.0,0.0,0.0,-0.1423,25.0,24.0,37.0,37.0,15.0,0.0,0.0,0.0,0.0,41.1365,0.0,41.1877,0.0,0.0
14207.0,1.7669,0.0959,1.0,0.0796,1.2011,2.0542,1.0542,2.352,1.352,26.5589,2.0624,26.3291,2.0532,100.0,0.0,0.0,0.0,24.625,0.0,25.625,0.0,26.0,0.0,24.75,10.0,0.0,0.0086,52.7661,5.2766,2.0,13.562,1.4529,0.8741,1.459,0.0185,1.3657,1.004e-05,1.0008,0.0099,1.8339,8.0,0.0642,1.0017,0.1592,2.4238,0.0059,0.9961,0.0559,1.9695,0.0,0.0,0.0,-0.1423,25.0,24.0,37.0,37.0,16.0,0.0,0.0,0.0,0.0,41.1367,0.0,41.1876,0.0,0.0
14208.0,1.7659,0.0957,1.0,0.0796,1.2011,2.054,1.054,2.3517,1.3517,26.665,2.0666,26.3491,2.054,100.0,0.0,0.0,0.0,24.625,0.0,25.625,0.0,25.75,0.0,24.75,10.0,0.0,0.0089,52.7656,5.2765,2.0,13.4394,1.4514,0.7709,1.4477,0.0185,1.3657,1.004e-05,1.0009,0.0099,1.8337,8.0,0.064,1.0017,0.1962,2.5145,0.0057,0.978,0.0525,1.942,0.0,0.0,0.0,-0.1424,25.0,24.0,37.0,37.0,12.0,0.0,0.0,0.0,0.0,41.1363,0.0,41.1876,0.0,0.0
14209.0,1.7658,0.0957,1.0,0.0796,1.2012,2.0538,1.0538,2.3523,1.3523,26.8155,2.0726,26.3427,2.0537,100.0,0.0,0.0,0.0,24.625,0.0,25.75,0.0,25.75,0.0,24.625,10.0,0.0,0.0078,52.7652,5.2765,2.0,13.3316,1.45,0.6613,1.4358,0.0182,1.3656,1.004e-05,1.0009,0.0099,1.8336,8.0,0.0646,1.0017,0.1723,2.4581,0.0064,1.0264,0.0535,1.9503,0.0,0.0,0.0,-0.1424,25.0,24.0,37.0,37.0,14.0,0.0,0.0,0.0,0.0,41.1361,0.0,41.1873,0.0,0.0
14210.0,1.7639,0.0955,1.0,0.0796,1.2011,2.0545,1.0545,2.3523,1.3523,26.7785,2.0711,26.3319,2.0533,100.0,0.0,0.0,0.0,24.625,0.0,25.75,0.0,25.75,0.0,24.75,10.0,0.0,0.0087,52.7647,5.2764,2.0,13.2264,1.4486,0.6223,1.4315,0.0184,1.3656,1.004e-05,1.0009,0.0099,1.8335,8.0,0.066,1.0018,0.1703,2.453,0.0068,1.056,0.052,1.938,0.0,0.0,0.0,-0.1427,25.0,24.0,37.0,37.0,12.0,0.0,0.0,0.0,0.0,41.1364,0.0,41.187,0.0,0.0
14211.0,1.7639,0.0955,1.0,0.0797,1.2013,2.0545,1.0545,2.3522,1.3522,26.6601,2.0664,26.3268,2.0531,100.0,0.0,0.0,0.0,24.75,0.0,25.75,0.0,25.75,0.0,24.875,10.0,0.0,0.0087,52.7641,5.2764,2.0,13.3797,1.4506,0.6041,1.4295,0.0183,1.3656,1.004e-05,1.0008,0.0099,1.8333,8.0,0.0642,1.0017,0.172,2.4575,0.0059,0.9894,0.0505,1.9248,0.0,0.0,0.0,-0.1424,25.0,24.0,37.0,37.0,14.0,0.0,0.0,0.0,0.0,41.1365,0.0,41.1876,0.0,0.0
14212.0,1.7643,0.0955,1.0,0.0796,1.2011,2.0542,1.0542,2.3521,1.3521,26.5591,2.0624,26.3273,2.0531,100.0,0.0,0.0,0.0,24.75,0.0,25.75,0.0,25.75,0.0,24.75,10.0,0.0,0.0084,52.7638,5.2764,2.0,13.3586,1.4503,0.5829,1.4272,0.0189,1.3657,1.004e-05,1.0009,0.0099,1.8334,8.0,0.0656,1.0017,0.2011,2.5252,0.0058,0.9851,0.0444,1.8689,0.0,0.0,0.0,-0.1422,25.0,24.0,37.0,37.0,14.0,0.0,0.0,0.0,0.0,41.1364,0.0,41.1873,0.0,0.0
14213.0,1.7647,0.0956,1.0,0.0797,1.2014,2.0538,1.0538,2.352,1.352,26.6476,2.0659,26.3488,2.054,100.0,0.0,0.0,0.0,24.625,0.0,25.75,0.0,25.875,0.0,24.75,10.0,0.0,0.0079,52.7632,5.2763,2.0,13.4932,1.452,0.634,1.4328,0.0196,1.3658,1.004e-05,1.001,0.0099,1.8333,8.0,0.0679,1.0018,0.1479,2.3918,0.0059,0.9935,0.0465,1.8895,0.0,0.0,0.0,-0.1427,25.0,24.0,37.0,37.0,15.0,0.0,0.0,0.0,0.0,41.1365,0.0,41.1878,0.0,0.0
14214.0,1.7659,0.0957,1.0,0.0797,1.2014,2.0535,1.0535,2.352,1.352,26.8034,2.0721,26.349,2.054,100.0,0.0,0.0,0.0,24.75,0.0,25.75,0.0,25.75,0.0,24.75,10.0,0.0,0.0084,52.7627,5.2763,2.0,13.5906,1.4533,0.585,1.4274,0.0199,1.3658,1.004e-05,1.001,0.0099,1.833,8.0,0.0684,1.0018,0.1288,2.3319,0.0063,1.0234,0.0448,1.8729,0.0,0.0,0.0,-0.1426,25.0,24.0,37.0,37.0,14.0,0.0,0.0,0.0,0.0,41.1371,0.0,41.1876,0.0,0.0
14215.0,1.7648,0.0956,1.0,0.0797,1.2014,2.0542,1.0542,2.3524,1.3524,26.7889,2.0716,26.3327,2.0533,100.0,0.0,0.0,0.0,24.625,0.0,25.75,0.0,25.75,0.0,24.75,10.0,0.0,0.0082,52.7622,5.2762,2.0,13.3664,1.4504,0.455,1.4133,0.0197,1.3658,1.005e-05,1.001,0.0099,1.833,8.0,0.0699,1.0019,0.1296,2.3344,0.0064,1.0309,0.0538,1.9528,0.0,0.0,0.0,-0.1425,25.0,24.0,37.0,37.0,13.0,0.0,0.0,0.0,0.0,41.1369,0.0,41.188,0.0,0.0
14216.0,1.7637,0.0955,1.0,0.0798,1.2016,2.0547,1.0547,2.3523,1.3523,26.6967,2.0679,26.3379,2.0535,100.0,0.0,0.0,0.0,24.75,0.0,25.75,0.0,25.75,0.0,24.875,10.0,0.0,0.0081,52.762,5.2762,2.0,13.3644,1.4504,0.4697,1.4149,0.0203,1.3659,1.004e-05,1.001,0.0099,1.8329,8.0,0.0697,1.0019,0.153,2.4067,0.0058,0.984,0.0561,1.9705,0.0,0.0,0.0,-0.1423,25.0,24.0,37.0,37.0,14.0,0.0,0.0,0.0,0.0,41.1375,0.0,41.1879,0.0,0.0
14217.0,1.7647,0.0956,1.0,0.0796,1.2011,2.0545,1.0545,2.3521,1.3521,26.5647,2.0626,26.3248,2.053,100.0,0.0,0.0,0.0,24.625,0.0,25.75,0.0,25.75,0.0,24.75,10.0,0.0,0.0077,52.7614,5.2761,2.0,13.2418,1.4488,0.3727,1.4043,0.0198,1.3658,1.004e-05,1.001,0.0099,1.8326,8.0,0.0692,1.0018,0.149,2.3951,0.0059,0.9936,0.0537,1.952,0.0,0.0,0.0,-0.1421,25.0,24.0,37.0,37.0,14.0,0.0,0.0,0.0,0.0,41.1364,0.0,41.1879,0.0,0.0
14218.0,1.7647,0.0956,1.0,0.0795,1.2009,2.0539,1.0539,2.352,1.352,26.6066,2.0643,26.3444,2.0538,100.0,0.0,0.0,0.0,24.75,0.0,25.75,0.0,25.75,0.0,24.875,10.0,0.0,0.0079,52.7606,5.276,2.0,13.2796,1.4493,0.3615,1.4031,0.0207,1.3659,1.005e-05,1.0011,0.0099,1.8326,8.0,0.0692,1.0018,0.13,2.3359,0.0061,1.0084,0.0571,1.9784,0.0,0.0,0.0,-0.1423,25.0,24.0,37.0,37.0,14.0,0.0,0.0,0.0,0.0,41.1369,0.0,41.1879,0.0,0.0
14219.0,1.7658,0.0957,1.0,0.0796,1.2011,2.054,1.054,2.352,1.352,26.7947,2.0718,26.353,2.0541,100.0,0.0,0.0,0.0,24.75,0.0,25.75,0.0,25.875,0.0,24.75,10.0,0.0,0.0078,52.7602,5.276,2.0,13.077,1.4466,0.2687,1.3929,0.0206,1.3659,1.005e-05,1.0011,0.0099,1.8326,8.0,0.0729,1.0019,0.1123,2.2721,0.0059,0.9964,0.0565,1.9739,0.0,0.0,0.0,-0.1421,25.0,24.0,37.0,37.0,14.0,0.0,0.0,0.0,0.0,41.1362,0.0,41.1873,0.0,0.0
14220.0,1.7658,0.0957,1.0,0.0796,1.2012,2.0547,1.0547,2.352,1.352,26.8012,2.072,26.3444,2.0538,100.0,0.0,0.0,0.0,24.625,0.0,25.75,0.0,25.75,0.0,24.75,10.0,0.0,0.0075,52.7596,5.2759,2.0,12.8888,1.4441,0.1319,1.378,0.0206,1.3659,1.005e-05,1.0011,0.0099,1.8323,8.0,0.0722,1.0019,0.1152,2.2834,0.0068,1.0555,0.0643,2.0303,0.0,0.0,0.0,-0.1424,25.0,24.0,37.0,37.0,13.0,0.0,0.0,0.0,0.0,41.1368,0.0,41.1874,0.0,0.0
14221.0,1.7658,0.0957,1.0,0.0797,1.2015,2.0546,1.0546,2.3518,1.3518,26.7102,2.0684,26.3378,2.0535,100.0,0.0,0.0,0.0,24.625,0.0,25.75,0.0,25.75,0.0,24.625,10.0,0.0,0.0087,52.7593,5.2759,2.0,12.6489,1.4408,0.0987,1.3744,0.021,1.3659,1.005e-05,1.0011,0.0099,1.8322,8.0,0.0708,1.0019,0.1205,2.3028,0.0061,1.0055,0.0604,2.0028,0.0,0.0,0.0,-0.1424,25.0,24.0,37.0,37.0,13.0,0.0,0.0,0.0,0.0,41.1366,0.0,41.1875,0.0,0.0
14222.0,1.7672,0.0959,1.0,0.0798,1.2016,2.0547,1.0547,2.3521,1.3521,26.5854,2.0634,26.3252,2.053,100.0,0.0,0.0,0.0,24.625,0.0,25.75,0.0,25.75,0.0,24.875,10.0,0.0,0.0079,52.7588,5.2759,2.0,12.574,1.4398,0.0444,1.3685,0.0205,1.3659,1.005e-05,1.0012,0.0099,1.8321,8.0,0.0733,1.002,0.1118,2.2704,0.006,0.9985,0.0556,1.9673,0.0,0.0,0.0,-0.1421,25.0,24.0,37.0,37.0,13.0,0.0,0.0,0.0,0.0,41.1366,0.0,41.1874,0.0,0.0
14223.0,1.7679,0.096,1.0,0.08,1.2024,2.0544,1.0544,2.3519,1.3519,26.5959,2.0638,26.3527,2.0541,100.0,0.0,0.0,0.0,24.625,0.0,25.75,0.0,25.75,0.0,24.75,10.0,0.0,0.0088,52.7586,5.2759,2.0,12.4109,1.4375,-0.019,1.3616,0.0206,1.3659,1.005e-05,1.0012,0.0099,1.8321,8.0,0.0752,1.002,0.095,2.1996,0.0067,1.0473,0.0537,1.9517,0.0,0.0,0.0,-0.1422,25.0,24.0,37.0,37.0,14.0,0.0,0.0,0.0,0.0,41.1365,0.0,41.1875,0.0,0.0
14224.0,1.7665,0.0958,1.0,0.0799,1.2019,2.054,1.054,2.352,1.352,26.7666,2.0707,26.3634,2.0545,100.0,0.0,0.0,0.0,24.625,0.0,25.875,0.0,25.75,0.0,24.75,10.0,0.0,0.0089,52.7582,5.2758,2.0,12.2981,1.4359,-0.0727,1.3557,0.0199,1.3658,1.004e-05,1.001,0.0099,1.8318,8.0,0.0681,1.0018,0.0881,2.167,0.0056,0.9729,0.047,1.894,0.0,0.0,0.0,-0.1421,25.0,24.0,37.0,37.0,13.0,0.0,0.0,0.0,0.0,41.1366,0.0,41.1872,0.0,0.0
14225.0,1.7658,0.0957,1.0,0.0798,1.2018,2.0543,1.0543,2.3524,1.3524,26.8073,2.0723,26.3473,2.0539,100.0,0.0,0.0,0.0,24.75,0.0,25.75,0.0,25.75,0.0,24.75,10.0,0.0,0.0087,52.7575,5.2757,2.0,12.1333,1.4336,-0.1279,1.3497,0.0187,1.3657,1.004e-05,1.0009,0.0099,1.8315,8.0,0.0642,1.0017,0.0886,2.1694,0.0068,1.055,0.0585,1.9892,0.0,0.0,0.0,-0.142,25.0,24.0,37.0,37.0,16.0,0.0,0.0,0.0,0.0,41.1366,0.0,41.1875,0.0,0.0
14226.0,1.7658,0.0957,1.0,0.0795,1.2009,2.0546,1.0546,2.3523,1.3523,26.7255,2.069,26.337,2.0535,100.0,0.0,0.0,0.0,24.625,0.0,25.875,0.0,25.75,0.0,24.875,10.0,0.0,0.0086,52.757,5.2757,2.0,11.8742,1.4298,-0.24,1.3375,0.0185,1.3657,1.004e-05,1.0009,0.0099,1.8315,8.0,0.0645,1.0017,0.0985,2.2155,0.0063,1.0242,0.0698,2.0658,0.0,0.0,0.0,-0.1426,25.0,24.0,37.0,37.0,13.0,0.0,0.0,0.0,0.0,41.1367,0.0,41.1873,0.0,0.0
14227.0,1.7658,0.0957,1.0,0.0796,1.2012,2.0547,1.0547,2.3522,1.3522,26.611,2.0644,26.3254,2.053,100.0,0.0,0.0,0.0,24.625,0.0,25.75,0.0,25.75,0.0,24.75,10.0,0.0,0.0081,52.7567,5.2757,2.0,11.8144,1.429,-0.209,1.3408,0.018,1.3656,1.004e-05,1.0009,0.0099,1.8314,8.0,0.0645,1.0017,0.0723,2.081,0.0064,1.0281,0.0708,2.0716,0.0,0.0,0.0,-0.1422,25.0,24.0,37.0,37.0,12.0,0.0,0.0,0.0,0.0,41.1372,0.0,41.1879,0.0,0.0
14228.0,1.7657,0.0957,1.0,0.0795,1.2008,2.0546,1.0546,2.3519,1.3519,26.5729,2.0629,26.339,2.0536,100.0,0.0,0.0,0.0,24.75,0.0,25.75,0.0,25.75,0.0,24.75,10.0,0.0,0.0085,52.7562,5.2756,2.0,11.9185,1.4305,-0.1667,1.3454,0.0185,1.3657,1.004e-05,1.0009,0.0099,1.8313,8.0,0.0626,1.0017,0.0724,2.0818,0.0066,1.0386,0.0738,2.0896,0.0,0.0,0.0,-0.1422,25.0,24.0,37.0,37.0,14.0,0.0,0.0,0.0,0.0,41.1372,0.0,41.1874,0.0,0.0
14229.0,1.7658,0.0957,1.0,0.0796,1.2013,2.0541,1.0541,2.3519,1.3519,26.7301,2.0692,26.3636,2.0545,100.0,0.0,0.0,0.0,24.625,0.0,25.75,0.0,25.75,0.0,24.625,10.0,0.0,0.0085,52.7555,5.2755,2.0,11.821,1.4291,-0.1934,1.3425,0.0187,1.3657,1.004e-05,1.0008,0.0099,1.831,8.0,0.0638,1.0017,0.0766,2.1059,0.0063,1.0215,0.0793,2.1213,0.0,0.0,0.0,-0.1425,25.0,24.0,37.0,37.0,14.0,0.0,0.0,0.0,0.0,41.1366,0.0,41.1874,0.0,0.0
14230.0,1.7658,0.0957,1.0,0.0796,1.2011,2.0544,1.0544,2.3519,1.3519,26.8047,2.0722,26.3492,2.054,100.0,0.0,0.0,0.0,24.625,0.0,25.75,0.0,25.75,0.0,24.75,10.0,0.0,0.0086,52.7552,5.2755,2.0,11.792,1.4286,-0.2298,1.3386,0.019,1.3657,1.004e-05,1.0009,0.0099,1.8308,8.0,0.0639,1.0017,0.0735,2.0879,0.0056,0.9722,0.0783,2.1155,0.0,0.0,0.0,-0.1422,25.0,24.0,37.0,37.0,14.0,0.0,0.0,0.0,0.0,41.1365,0.0,41.188,0.0,0.0
14231.0,1.7659,0.0957,1.0,0.0797,1.2015,2.0546,1.0546,2.3519,1.3519,26.7364,2.0695,26.3379,2.0535,100.0,0.0,0.0,0.0,24.75,0.0,25.75,0.0,25.75,0.0,24.75,10.0,0.0,0.0085,52.7549,5.2755,2.0,11.6802,1.427,-0.2251,1.3391,0.0188,1.3657,1.005e-05,1.0011,0.0099,1.8309,8.0,0.0684,1.0018,0.0692,2.0622,0.0061,1.0057,0.0845,2.1486,0.0,0.0,0.0,-0.1423,25.0,24.0,37.0,37.0,12.0,0.0,0.0,0.0,0.0,41.137,0.0,41.1881,0.0,0.0
14232.0,1.7659,0.0957,1.0,0.0797,1.2016,2.0545,1.0545,2.3522,1.3522,26.624,2.065,26.3255,2.053,100.0,0.0,0.0,0.0,24.625,0.0,25.75,0.0,25.75,0.0,24.75,10.0,0.0,0.0085,52.7542,5.2754,2.0,11.7918,1.4286,-0.2069,1.3411,0.0198,1.3658,1.005e-05,1.0011,0.0099,1.8308,8.0,0.0683,1.0018,0.0699,2.0664,0.0062,1.0162,0.089,2.1714,0.0,0.0,0.0,-0.1427,25.0,24.0,37.0,37.0,13.0,0.0,0.0,0.0,0.0,41.1365,0.0,41.1874,0.0,0.0
14233.0,1.7642,0.0955,1.0,0.0796,1.2011,2.0543,1.0543,2.3519,1.3519,26.5666,2.0627,26.3351,2.0534,100.0,0.0,0.0,0.0,24.5,0.0,25.75,0.0,25.75,0.0,24.75,10.0,0.0,0.0081,52.7539,5.2754,2.0,11.7359,1.4278,-0.1985,1.342,0.0197,1.3658,1.004e-05,1.001,0.0098,1.8304,8.0,0.0701,1.0019,0.0581,1.9858,0.0057,0.9764,0.0938,2.194,0.0,0.0,0.0,-0.1423,25.0,24.0,37.0,37.0,14.0,0.0,0.0,0.0,0.0,41.1368,0.0,41.1877,0.0,0.0
14234.0,1.7631,0.0954,1.0,0.0796,1.2011,2.054,1.054,2.3516,1.3516,26.7087,2.0683,26.3517,2.0541,100.0,0.0,0.0,0.0,24.625,0.0,25.75,0.0,25.75,0.0,24.75,10.0,0.0,0.0084,52.7535,5.2753,2.0,11.6881,1.4271,-0.2167,1.34,0.0201,1.3658,1.004e-05,1.001,0.0098,1.8304,8.0,0.0718,1.0019,0.0452,1.8772,0.0057,0.9763,0.0811,2.1309,0.0,0.0,0.0,-0.1426,25.0,24.0,37.0,37.0,14.0,0.0,0.0,0.0,0.0,41.1367,0.0,41.1874,0.0,0.0
14235.0,1.7642,0.0955,1.0,0.0796,1.2012,2.0539,1.0539,2.3523,1.3523,26.8171,2.0727,26.3415,2.0537,100.0,0.0,0.0,0.0,24.75,0.0,25.75,0.0,25.75,0.0,24.75,10.0,0.0,0.0089,52.7529,5.2753,2.0,11.6514,1.4266,-0.2315,1.3384,0.0202,1.3658,1.005e-05,1.0011,0.0098,1.8303,8.0,0.0711,1.0019,0.0553,1.9644,0.0062,1.0133,0.0819,2.1351,0.0,0.0,0.0,-0.1424,25.0,24.0,37.0,37.0,13.0,0.0,0.0,0.0,0.0,41.1372,0.0,41.1876,0.0,0.0
14236.0,1.7657,0.0957,1.0,0.0798,1.2018,2.0546,1.0546,2.3523,1.3523,26.7579,2.0703,26.3306,2.0532,100.0,0.0,0.0,0.0,24.75,0.0,25.875,0.0,25.75,0.0,24.75,10.0,0.0,0.0076,52.7526,5.2752,2.0,11.6255,1.4262,-0.2454,1.3369,0.0191,1.3657,1.004e-05,1.001,0.0098,1.8301,8.0,0.0702,1.0019,0.0623,2.0164,0.0066,1.0439,0.0787,2.1177,0.0,0.0,0.0,-0.1424,25.0,24.0,37.0,37.0,13.0,0.0,0.0,0.0,0.0,41.1367,0.0,41.1875,0.0,0.0
14237.0,1.7657,0.0957,1.0,0.0797,1.2016,2.0547,1.0547,2.352,1.352,26.63,2.0652,26.3265,2.0531,100.0,0.0,0.0,0.0,24.625,0.0,25.75,0.0,25.75,0.0,24.75,10.0,0.0,0.0081,52.7519,5.2752,2.0,11.3741,1.4224,-0.3112,1.3297,0.0192,1.3657,1.004e-05,1.001,0.0098,1.8302,8.0,0.0697,1.0019,0.055,1.9622,0.0062,1.0145,0.0832,2.1418,0.0,0.0,0.0,-0.1423,25.0,24.0,37.0,37.0,14.0,0.0,0.0,0.0,0.0,41.1372,0.0,41.1879,0.0,0.0
14238.0,1.7658,0.0957,1.0,0.0799,1.202,2.0546,1.0546,2.352,1.352,26.5487,2.0619,26.3313,2.0533,100.0,0.0,0.0,0.0,24.625,0.0,25.75,0.0,25.875,0.0,24.75,10.0,0.0,0.0086,52.7517,5.2752,2.0,11.1287,1.4186,-0.4217,1.3176,0.0197,1.3658,1.004e-05,1.0009,0.0098,1.83,8.0,0.0682,1.0018,0.0447,1.8724,0.0065,1.0316,0.0733,2.0872,0.0,0.0,0.0,-0.1423,25.0,24.0,37.0,37.0,14.0,0.0,0.0,0.0,0.0,41.1371,0.0,41.1878,0.0,0.0
14239.0,1.7658,0.0957,1.0,0.0798,1.2017,2.0542,1.0542,2.3519,1.3519,26.6606,2.0664,26.359,2.0544,100.0,0.0,0.0,0.0,24.75,0.0,25.75,0.0,25.75,0.0,24.75,10.0,0.0,0.0078,52.7514,5.2751,2.0,10.945,1.4157,-0.4582,1.3137,0.019,1.3657,1.004e-05,1.001,0.0098,1.8299,8.0,0.0688,1.0018,0.0451,1.876,0.0055,0.9648,0.0689,2.06,0.0,0.0,0.0,-0.1422,25.0,24.0,37.0,37.0,14.0,0.0,0.0,0.0,0.0,41.1372,0.0,41.1878,0.0,0.0
14240.0,1.7637,0.0955,1.0,0.0798,1.2017,2.054,1.054,2.352,1.352,26.8055,2.0722,26.3509,2.054,100.0,0.0,0.0,0.0,24.75,0.0,25.75,0.0,25.75,0.0,24.75,10.0,0.0,0.0083,52.7509,5.2751,2.0,10.8232,1.4137,-0.4705,1.3123,0.0194,1.3658,1.004e-05,1.001,0.0098,1.8296,8.0,0.0692,1.0018,0.0372,1.7927,0.0058,0.9818,0.0814,2.1327,0.0,0.0,0.0,-0.142,25.0,24.0,37.0,37.0,13.0,0.0,0.0,0.0,0.0,41.1371,0.0,41.1874,0.0,0.0
14241.0,1.7655,0.0957,1.0,0.0798,1.2016,2.0545,1.0545,2.3524,1.3524,26.7677,2.0707,26.3327,2.0533,100.0,0.0,0.0,0.0,24.75,0.0,25.75,0.0,25.75,0.0,24.75,10.0,0.0,0.0084,52.7507,5.2751,2.0,10.7854,1.4131,-0.3931,1.3208,0.0198,1.3658,1.004e-05,1.001,0.0098,1.8296,8.0,0.0674,1.0018,0.043,1.8554,0.0063,1.0219,0.0785,2.1168,0.0,0.0,0.0,-0.142,25.0,24.0,37.0,37.0,13.0,0.0,0.0,0.0,0.0,41.1366,0.0,41.1876,0.0,0.0
14242.0,1.7658,0.0957,1.0,0.0798,1.2017,2.0543,1.0543,2.3523,1.3523,26.6543,2.0662,26.3301,2.0532,100.0,0.0,0.0,0.0,24.75,0.0,25.75,0.0,25.75,0.0,24.75,10.0,0.0,0.008,52.7502,5.275,2.0,11.1728,1.4193,-0.2896,1.332,0.0191,1.3657,1.004e-05,1.001,0.0098,1.8295,8.0,0.0688,1.0018,0.042,1.8447,0.0055,0.9583,0.066,2.0412,0.0,0.0,0.0,-0.1419,25.0,24.0,38.0,37.0,14.0,0.0,0.0,0.0,0.0,41.137,0.0,41.1878,0.0,0.0
14243.0,1.7658,0.0957,1.0,0.0798,1.2016,2.0546,1.0546,2.3521,1.3521,26.5498,2.062,26.33,2.0532,100.0,0.0,0.0,0.0,24.625,0.0,25.75,0.0,25.75,0.0,24.75,10.0,0.0,0.0088,52.7495,5.2749,2.0,10.9985,1.4165,-0.3598,1.3244,0.0197,1.3658,1.004e-05,1.001,0.0098,1.8294,8.0,0.0714,1.0019,0.0346,1.7615,0.0061,1.0082,0.0661,2.0421,0.0,0.0,0.0,-0.1422,25.0,24.0,38.0,37.0,15.0,0.0,0.0,0.0,0.0,41.1368,0.0,41.1878,0.0,0.0
14244.0,1.7658,0.0957,1.0,0.0797,1.2015,2.0542,1.0542,2.3519,1.3519,26.6502,2.066,26.3583,2.0543,100.0,0.0,0.0,0.0,24.75,0.0,25.875,0.0,25.75,0.0,24.75,10.0,0.0,0.0084,52.749,5.2749,2.0,10.9227,1.4153,-0.3353,1.3271,0.0198,1.3658,1.005e-05,1.0011,0.0098,1.8293,8.0,0.0734,1.002,0.0295,1.6924,0.0061,1.006,0.08,2.1251,0.0,0.0,0.0,-0.1424,25.0,24.0,38.0,37.0,14.0,0.0,0.0,0.0,0.0,41.1372,0.0,41.1876,0.0,0.0
14245.0,1.7658,0.0957,1.0,0.0799,1.2019,2.054,1.054,2.3521,1.3521,26.7969,2.0719,26.359,2.0544,100.0,0.0,0.0,0.0,24.625,0.0,25.875,0.0,25.75,0.0,24.75,10.0,0.0,0.0082,52.7488,5.2748,2.0,11.0244,1.4169,-0.3292,1.3277,0.0206,1.3659,1.005e-05,1.0011,0.0098,1.8291,8.0,0.073,1.0019,0.0335,1.7474,0.0055,0.9627,0.0729,2.0845,0.0,0.0,0.0,-0.1425,25.0,24.0,38.0,37.0,13.0,0.0,0.0,0.0,0.0,41.1367,0.0,41.1872,0.0,0.0
14246.0,1.7658,0.0957,1.0,0.0798,1.2017,2.0544,1.0544,2.3524,1.3524,26.768,2.0707,26.3345,2.0534,100.0,0.0,0.0,0.0,24.625,0.0,25.75,0.0,25.75,0.0,24.75,10.0,0.0,0.0087,52.7484,5.2748,2.0,10.9015,1.415,-0.3773,1.3225,0.0193,1.3657,1.004e-05,1.0009,0.0098,1.8291,8.0,0.0679,1.0018,0.0334,1.746,0.006,0.9972,0.0997,2.2204,0.0,0.0,0.0,-0.1424,25.0,25.0,37.0,37.0,13.0,0.0,0.0,0.0,0.0,41.1366,0.0,41.1874,0.0,0.0
14247.0,1.7658,0.0957,1.0,0.08,1.2023,2.0542,1.0542,2.3523,1.3523,26.6688,2.0668,26.3275,2.0531,100.0,0.0,0.0,0.0,24.75,0.0,25.75,0.0,25.625,0.0,24.875,10.0,0.0,0.0086,52.7483,5.2748,2.0,10.8074,1.4135,-0.3586,1.3245,0.0193,1.3657,1.004e-05,1.0009,0.0098,1.8288,8.0,0.0685,1.0018,0.0308,1.7099,0.0064,1.0292,0.1002,2.2227,0.0,0.0,0.0,-0.1426,25.0,25.0,37.0,37.0,12.0,0.0,0.0,0.0,0.0,41.1371,0.0,41.1874,0.0,0.0
14248.0,1.7658,0.0957,1.0,0.0796,1.2012,2.0546,1.0546,2.3521,1.3521,26.5718,2.0629,26.3262,2.053,100.0,0.0,0.0,0.0,24.625,0.0,25.75,0.0,25.75,0.0,24.75,10.0,0.0,0.0084,52.7475,5.2747,2.0,10.6717,1.4113,-0.4175,1.3181,0.0194,1.3658,1.004e-05,1.001,0.0098,1.8287,8.0,0.0658,1.0018,0.0275,1.6606,0.0071,1.0702,0.0904,2.1779,0.0,0.0,0.0,-0.1423,25.0,25.0,37.0,37.0,12.0,0.0,0.0,0.0,0.0,41.1369,0.0,41.1876,0.0,0.0
14249.0,1.7657,0.0957,1.0,0.0798,1.2017,2.0543,1.0543,2.3519,1.3519,26.6193,2.0648,26.3454,2.0538,100.0,0.0,0.0,0.0,24.625,0.0,25.75,0.0,25.75,0.0,24.75,10.0,0.0,0.0081,52.7469,5.2747,2.0,10.7518,1.4126,-0.276,1.3335,0.0198,1.3658,1.004e-05,1.0009,0.0098,1.8287,8.0,0.0672,1.0018,0.0264,1.6429,0.006,1.0025,0.0806,2.1282,0.0,0.0,0.0,-0.1424,25.0,25.0,37.0,37.0,13.0,0.0,0.0,0.0,0.0,41.1364,0.0,41.1873,0.0,0.0
14250.0,1.7658,0.0957,1.0,0.0798,1.2017,2.054,1.054,2.352,1.352,26.7831,2.0713,26.3512,2.054,100.0,0.0,0.0,0.0,24.625,0.0,25.75,0.0,25.75,0.0,24.75,10.0,0.0,0.008,52.7463,5.2746,2.0,11.0428,1.4172,-0.1891,1.343,0.0196,1.3658,1.005e-05,1.0011,0.0098,1.8285,8.0,0.0706,1.0019,0.0242,1.6048,0.0057,0.9743,0.0851,2.1516,0.0,0.0,0.0,-0.1422,25.0,25.0,37.0,37.0,13.0,0.0,0.0,0.0,0.0,41.1365,0.0,41.1873,0.0,0.0
14251.0,1.7657,0.0957,1.0,0.0799,1.202,2.0543,1.0543,2.3524,1.3524,26.7921,2.0717,26.3357,2.0534,100.0,0.0,0.0,0.0,24.625,0.0,25.75,0.0,25.75,0.0,24.75,10.0,0.0,0.008,52.746,5.2746,2.0,11.0931,1.418,-0.1984,1.342,0.0205,1.3659,1.005e-05,1.0012,0.0098,1.8286,8.0,0.0759,1.002,0.0238,1.5988,0.0059,0.9892,0.0712,2.0742,0.0,0.0,0.0,-0.1424,25.0,25.0,37.0,37.0,12.0,0.0,0.0,0.0,0.0,41.1366,0.0,41.187,0.0,0.0
14252.0,1.7658,0.0957,1.0,0.0798,1.2018,2.0547,1.0547,2.3523,1.3523,26.7103,2.0684,26.3381,2.0535,100.0,0.0,0.0,0.0,24.625,0.0,25.75,0.0,25.75,0.0,24.875,10.0,0.0,0.0082,52.7461,5.2746,2.0,11.2708,1.4208,-0.031,1.3602,0.0209,1.3659,1.005e-05,1.0011,0.0098,1.8282,8.0,0.0725,1.0019,0.0212,1.5491,0.0063,1.0223,0.0829,2.1406,0.0,0.0,0.0,-0.1423,25.0,25.0,37.0,37.0,16.0,0.0,0.0,0.0,0.0,41.1367,0.0,41.1874,0.0,0.0
14253.0,1.7648,0.0956,1.0,0.0796,1.201,2.0547,1.0547,2.3521,1.3521,26.5736,2.0629,26.3245,2.053,100.0,0.0,0.0,0.0,24.75,0.0,25.75,0.0,25.75,0.0,24.75,10.0,0.0,0.0078,52.7454,5.2745,2.0,11.4554,1.4236,-0.0012,1.3635,0.0205,1.3659,1.005e-05,1.0011,0.0098,1.828,8.0,0.0725,1.0019,0.08,2.1252,0.0058,0.9831,0.0814,2.1326,0.0,0.0,0.0,-0.1422,25.0,25.0,37.0,37.0,12.0,0.0,0.0,0.0,0.0,41.1364,0.0,41.1875,0.0,0.0
14254.0,1.7647,0.0956,1.0,0.0797,1.2014,2.0541,1.0541,2.3522,1.3522,26.5953,2.0638,26.3441,2.0538,100.0,0.0,0.0,0.0,24.75,0.0,25.875,0.0,25.875,0.0,24.75,10.0,0.0,0.0073,52.7449,5.2744,2.0,11.6125,1.426,0.0606,1.3702,0.0198,1.3658,1.005e-05,1.0011,0.0098,1.828,8.0,0.0705,1.0019,0.0883,2.1679,0.0064,1.0281,0.0798,2.1239,0.0,0.0,0.0,-0.1425,25.0,25.0,37.0,37.0,13.0,0.0,0.0,0.0,0.0,41.1374,0.0,41.1872,0.0,0.0
14255.0,1.7647,0.0956,1.0,0.0796,1.2012,2.054,1.054,2.3519,1.3519,26.7495,2.07,26.3536,2.0541,100.0,0.0,0.0,0.0,24.625,0.0,25.875,0.0,25.75,0.0,24.875,10.0,0.0,0.0075,52.7447,5.2745,2.0,11.5801,1.4255,0.0396,1.368,0.0196,1.3658,1.004e-05,1.001,0.0098,1.8279,8.0,0.0695,1.0019,0.1423,2.3749,0.0057,0.9804,0.0698,2.0656,0.0,0.0,0.0,-0.1421,25.0,24.0,37.0,37.0,13.0,0.0,0.0,0.0,0.0,41.1371,0.0,41.1875,0.0,0.0
14256.0,1.7643,0.0955,1.0,0.0796,1.2012,2.0543,1.0543,2.3524,1.3524,26.8079,2.0723,26.3461,2.0538,100.0,0.0,0.0,0.0,24.75,0.0,25.75,0.0,25.75,0.0,24.75,10.0,0.0,0.0079,52.7443,5.2744,2.0,11.6905,1.4271,0.0775,1.3721,0.0188,1.3657,1.004e-05,1.001,0.0098,1.8276,8.0,0.0652,1.0017,0.1412,2.3715,0.0054,0.9527,0.0769,2.1077,0.0,0.0,0.0,-0.1422,25.0,24.0,37.0,37.0,14.0,0.0,0.0,0.0,0.0,41.1366,0.0,41.188,0.0,0.0
14257.0,1.7641,0.0955,1.0,0.0797,1.2015,2.0546,1.0546,2.3522,1.3522,26.7169,2.0687,26.3386,2.0535,100.0,0.0,0.0,0.0,24.75,0.0,25.75,0.0,25.75,0.0,24.75,10.0,0.0,0.0081,52.7441,5.2744,2.0,11.7785,1.4284,0.1658,1.3817,0.0202,1.3658,1.005e-05,1.0011,0.0098,1.8275,8.0,0.0708,1.0019,0.1194,2.299,0.0063,1.0201,0.0747,2.0954,0.0,0.0,0.0,-0.1426,25.0,24.0,37.0,37.0,13.0,0.0,0.0,0.0,0.0,41.1372,0.0,41.1872,0.0,0.0
14258.0,1.7637,0.0955,1.0,0.0798,1.2016,2.0547,1.0547,2.3522,1.3522,26.6105,2.0644,26.3352,2.0534,100.0,0.0,0.0,0.0,24.625,0.0,25.875,0.0,25.625,0.0,24.75,10.0,0.0,0.0081,52.7435,5.2743,2.0,11.964,1.4312,0.1537,1.3804,0.0201,1.3658,1.005e-05,1.0011,0.0098,1.8274,8.0,0.0697,1.0019,0.138,2.3616,0.0056,0.9709,0.0704,2.0695,0.0,0.0,0.0,-0.1425,25.0,24.0,37.0,37.0,13.0,0.0,0.0,0.0,0.0,41.1368,0.0,41.1874,0.0,0.0
14259.0,1.7637,0.0955,1.0,0.0797,1.2014,2.0544,1.0544,2.352,1.352,26.5809,2.0632,26.3494,2.054,100.0,0.0,0.0,0.0,24.75,0.0,25.75,0.0,25.875,0.0,24.75,10.0,0.0,0.0082,52.7431,5.2743,2.0,11.7979,1.4287,0.1058,1.3752,0.0195,1.3658,1.004e-05,1.0009,0.0098,1.8272,8.0,0.0662,1.0018,0.1099,2.263,0.0057,0.9804,0.0644,2.0309,0.0,0.0,0.0,-0.1429,25.0,25.0,37.0,37.0,15.0,0.0,0.0,0.0,0.0,41.1367,0.0,41.1876,0.0,0.0
14260.0,1.7637,0.0955,1.0,0.0796,1.2012,2.0541,1.0541,2.352,1.352,26.7223,2.0689,26.3622,2.0545,100.0,0.0,0.0,0.0,24.625,0.0,25.75,0.0,25.75,0.0,24.875,10.0,0.0,0.0077,52.7424,5.2742,2.0,11.9583,1.4311,0.2145,1.387,0.0181,1.3656,1.004e-05,1.0009,0.0098,1.827,8.0,0.0651,1.0017,0.1205,2.3027,0.0066,1.0396,0.0668,2.0467,0.0,0.0,0.0,-0.1422,25.0,25.0,37.0,37.0,13.0,0.0,0.0,0.0,0.0,41.137,0.0,41.1875,0.0,0.0
14261.0,1.7636,0.0955,1.0,0.0794,1.2007,2.0542,1.0542,2.3523,1.3523,26.8075,2.0723,26.35,2.054,100.0,0.0,0.0,0.0,24.75,0.0,25.75,0.0,25.75,0.0,24.875,10.0,0.0,0.0081,52.7421,5.2742,2.0,12.3906,1.4372,0.378,1.4049,0.0181,1.3656,1.004e-05,1.0009,0.0098,1.827,8.0,0.0621,1.0017,0.1108,2.2663,0.0068,1.0512,0.0766,2.106,0.0,0.0,0.0,-0.1422,25.0,25.0,37.0,37.0,14.0,0.0,0.0,0.0,0.0,41.137,0.0,41.1873,0.0,0.0
14262.0,1.7626,0.0953,1.0,0.0795,1.2007,2.0546,1.0546,2.3523,1.3523,26.7441,2.0698,26.3399,2.0536,100.0,0.0,0.0,0.0,24.75,0.0,25.75,0.0,25.75,0.0,24.75,10.0,0.0,0.0077,52.7419,5.2742,2.0,12.6256,1.4405,0.4228,1.4098,0.0182,1.3656,1.004e-05,1.0008,0.0098,1.8269,8.0,0.0656,1.0017,0.1765,2.4687,0.0054,0.9557,0.0748,2.0959,0.0,0.0,0.0,-0.1423,25.0,25.0,37.0,37.0,15.0,0.0,0.0,0.0,0.0,41.1369,0.0,41.1878,0.0,0.0
14263.0,1.7605,0.0951,1.0,0.0799,1.2019,2.0547,1.0547,2.3522,1.3522,26.6234,2.0649,26.3345,2.0534,100.0,0.0,0.0,0.0,24.75,0.0,25.875,0.0,25.75,0.0,24.875,10.0,0.0,0.0079,52.7417,5.2742,2.0,12.6859,1.4413,0.4036,1.4077,0.0187,1.3657,1.004e-05,1.0009,0.0098,1.8267,8.0,0.0656,1.0018,0.1644,2.4377,0.0059,0.995,0.0735,2.0882,0.0,0.0,0.0,-0.1422,25.0,24.0,37.0,37.0,14.0,0.0,0.0,0.0,0.0,41.1366,0.0,41.187,0.0,0.0
14264.0,1.7603,0.095,1.0,0.0797,1.2015,2.0546,1.0546,2.352,1.352,26.5615,2.0625,26.3477,2.0539,100.0,0.0,0.0,0.0,24.75,0.0,25.75,0.0,25.75,0.0,24.75,10.0,0.0,0.0062,52.741,5.2741,2.0,12.612,1.4403,0.3854,1.4057,0.0192,1.3657,1.004e-05,1.001,0.0098,1.8268,8.0,0.0686,1.0018,0.1389,2.3644,0.0059,0.9939,0.0692,2.0617,0.0,0.0,0.0,-0.1425,25.0,24.0,37.0,37.0,14.0,0.0,0.0,0.0,0.0,41.1367,0.0,41.1874,0.0,0.0
14265.0,1.7631,0.0954,1.0,0.0798,1.2018,2.0544,1.0544,2.3518,1.3518,26.7049,2.0682,26.363,2.0545,100.0,0.0,0.0,0.0,24.625,0.0,25.75,0.0,25.75,0.0,24.75,10.0,0.0,0.0077,52.7404,5.274,2.0,12.6902,1.4414,0.4468,1.4124,0.0202,1.3658,1.005e-05,1.0011,0.0098,1.8265,8.0,0.0709,1.0019,0.1401,2.3682,0.0057,0.9762,0.0546,1.9592,0.0,0.0,0.0,-0.1426,25.0,24.0,37.0,37.0,15.0,0.0,0.0,0.0,0.0,41.1366,0.0,41.1869,0.0,0.0
14266.0,1.7621,0.0953,1.0,0.08,1.2022,2.0545,1.0545,2.3519,1.3519,26.8079,2.0723,26.3529,2.0541,100.0,0.0,0.0,0.0,24.625,0.0,25.875,0.0,25.75,0.0,24.75,10.0,0.0,0.0091,52.7397,5.2739,2.0,12.7208,1.4418,0.3302,1.3997,0.0206,1.3659,1.005e-05,1.0011,0.0098,1.8265,8.0,0.0728,1.0019,0.1429,2.3768,0.0058,0.9823,0.0586,1.9898,0.0,0.0,0.0,-0.1423,25.0,24.0,37.0,37.0,13.0,0.0,0.0,0.0,0.0,41.1366,0.0,41.1875,0.0,0.0
14267.0,1.7622,0.0953,1.0,0.0799,1.2019,2.0547,1.0547,2.352,1.352,26.7453,2.0698,26.3395,2.0536,100.0,0.0,0.0,0.0,24.75,0.0,25.75,0.0,25.75,0.0,24.75,10.0,0.0,0.0083,52.7397,5.274,2.0,12.4806,1.4385,0.2532,1.3913,0.0204,1.3659,1.005e-05,1.0011,0.0098,1.8263,8.0,0.0729,1.0019,0.1343,2.35,0.0069,1.0607,0.0617,2.0121,0.0,0.0,0.0,-0.1423,25.0,24.0,37.0,37.0,12.0,0.0,0.0,0.0,0.0,41.1363,0.0,41.1873,0.0,0.0
14268.0,1.7636,0.0955,1.0,0.0798,1.2018,2.055,1.055,2.3519,1.3519,26.642,2.0657,26.3369,2.0535,100.0,0.0,0.0,0.0,24.75,0.0,25.75,0.0,25.75,0.0,24.75,10.0,0.0,0.0063,52.7396,5.2739,2.0,12.5703,1.4397,0.327,1.3993,0.0201,1.3658,1.004e-05,1.001,0.0098,1.826,8.0,0.0713,1.0019,0.107,2.2513,0.0065,1.0327,0.0543,1.9563,0.0,0.0,0.0,-0.1421,25.0,24.0,37.0,37.0,13.0,0.0,0.0,0.0,0.0,41.1362,0.0,41.1871,0.0,0.0
14269.0,1.7636,0.0955,1.0,0.0799,1.2019,2.055,1.055,2.3521,1.3521,26.5477,2.0619,26.3405,2.0536,100.0,0.0,0.0,0.0,24.625,0.0,25.75,0.0,25.875,0.0,24.75,10.0,0.0,0.0096,52.7388,5.2739,2.0,12.7801,1.4426,0.3682,1.4038,0.0204,1.3659,1.005e-05,1.0011,0.0098,1.826,8.0,0.0751,1.002,0.1211,2.3051,0.0068,1.0529,0.0546,1.9592,0.0,0.0,0.0,-0.1425,25.0,24.0,37.0,37.0,14.0,0.0,0.0,0.0,0.0,41.1362,0.0,41.1872,0.0,0.0
14270.0,1.7637,0.0955,1.0,0.08,1.2022,2.0538,1.0538,2.3519,1.3519,26.6607,2.0664,26.3498,2.054,100.0,0.0,0.0,0.0,24.75,0.0,25.75,0.0,25.875,0.0,24.75,10.0,0.0,0.0091,52.7388,5.2739,2.0,12.7613,1.4424,0.3003,1.3964,0.0204,1.3659,1.005e-05,1.0011,0.0098,1.8258,8.0,0.0751,1.002,0.1185,2.2956,0.0064,1.028,0.0644,2.0311,0.0,0.0,0.0,-0.1422,25.0,24.0,37.0,37.0,14.0,0.0,0.0,0.0,0.0,41.1366,0.0,41.1873,0.0,0.0
14271.0,1.7647,0.0956,1.0,0.0797,1.2014,2.0537,1.0537,2.3522,1.3522,26.8011,2.072,26.3457,2.0538,100.0,0.0,0.0,0.0,24.625,0.0,25.75,0.0,25.75,0.0,24.875,10.0,0.0,0.0063,52.7381,5.2738,2.0,12.7549,1.4423,0.2677,1.3928,0.0207,1.3659,1.004e-05,1.001,0.0098,1.8258,8.0,0.0737,1.002,0.1119,2.2709,0.0062,1.0153,0.0616,2.0115,0.0,0.0,0.0,-0.1423,25.0,24.0,37.0,37.0,13.0,0.0,0.0,0.0,0.0,41.1365,0.0,41.1869,0.0,0.0
14272.0,1.7658,0.0957,1.0,0.0796,1.2012,2.0545,1.0545,2.3524,1.3524,26.7645,2.0706,26.332,2.0533,100.0,0.0,0.0,0.0,24.75,0.0,25.75,0.0,25.75,0.0,24.75,10.0,0.0,0.0065,52.7375,5.2737,2.0,12.6025,1.4402,0.2171,1.3873,0.0204,1.3659,1.005e-05,1.001,0.0098,1.8254,8.0,0.0715,1.0019,0.1114,2.2689,0.006,1.0008,0.0664,2.044,0.0,0.0,0.0,-0.1423,25.0,24.0,37.0,37.0,14.0,0.0,0.0,0.0,0.0,41.1364,0.0,41.1873,0.0,0.0
14273.0,1.7648,0.0956,1.0,0.0797,1.2014,2.0547,1.0547,2.3522,1.3522,26.6603,2.0664,26.3348,2.0534,100.0,0.0,0.0,0.0,24.625,0.0,25.75,0.0,25.75,0.0,24.75,10.0,0.0,0.0078,52.7373,5.2737,2.0,12.7433,1.4421,0.3234,1.3989,0.0198,1.3658,1.004e-05,1.001,0.0098,1.8252,8.0,0.069,1.0018,0.0961,2.2045,0.0061,1.0067,0.0611,2.0079,0.0,0.0,0.0,-0.1423,25.0,24.0,37.0,37.0,15.0,0.0,0.0,0.0,0.0,41.1364,0.0,41.1873,0.0,0.0
14274.0,1.7647,0.0956,1.0,0.0797,1.2014,2.055,1.055,2.3516,1.3516,26.5492,2.062,26.3393,2.0536,100.0,0.0,0.0,0.0,24.625,0.0,25.75,0.0,25.75,0.0,24.875,10.0,0.0,0.0107,52.737,5.2737,2.0,12.8018,1.4429,0.2737,1.3935,0.0191,1.3657,1.004e-05,1.001,0.0098,1.825,8.0,0.0675,1.0018,0.0857,2.1551,0.006,0.9989,0.0571,1.9786,0.0,0.0,0.0,-0.1422,25.0,24.0,37.0,37.0,14.0,0.0,0.0,0.0,0.0,41.1366,0.0,41.1871,0.0,0.0
14275.0,1.7647,0.0956,1.0,0.0795,1.2009,2.0542,1.0542,2.3516,1.3516,26.6479,2.0659,26.359,2.0544,100.0,0.0,0.0,0.0,24.625,0.0,25.75,0.0,25.75,0.0,24.75,10.0,0.0,0.0076,52.7365,5.2736,2.0,12.7523,1.4422,0.2544,1.3914,0.0181,1.3656,1.004e-05,1.0009,0.0098,1.8248,8.0,0.0631,1.0017,0.0836,2.1442,0.0063,1.021,0.0526,1.9431,0.0,0.0,0.0,-0.1422,25.0,24.0,38.0,37.0,13.0,0.0,0.0,0.0,0.0,41.1367,0.0,41.1875,0.0,0.0
14276.0,1.764,0.0955,1.0,0.0795,1.201,2.0539,1.0539,2.3517,1.3517,26.7969,2.0719,26.3498,2.054,100.0,0.0,0.0,0.0,24.625,0.0,25.75,0.0,25.875,0.0,24.75,10.0,0.0,0.0065,52.7362,5.2736,2.0,12.6808,1.4413,0.2092,1.3865,0.0186,1.3657,1.004e-05,1.0008,0.0098,1.8246,8.0,0.0629,1.0017,0.0992,2.2182,0.0065,1.0315,0.0507,1.927,0.0,0.0,0.0,-0.1424,25.0,24.0,38.0,37.0,12.0,0.0,0.0,0.0,0.0,41.1361,0.0,41.1875,0.0,0.0
14277.0,1.7637,0.0955,1.0,0.0795,1.2009,2.0548,1.0548,2.3521,1.3521,26.7754,2.071,26.3429,2.0537,100.0,0.0,0.0,0.0,24.625,0.0,25.875,0.0,25.75,0.0,24.75,10.0,0.0,0.007,52.7354,5.2735,2.0,12.6311,1.4406,0.158,1.3809,0.0182,1.3656,1.004e-05,1.0008,0.0098,1.8245,8.0,0.0643,1.0017,0.0937,2.1936,0.0063,1.021,0.052,1.9379,0.0,0.0,0.0,-0.1423,25.0,24.0,38.0,37.0,14.0,0.0,0.0,0.0,0.0,41.137,0.0,41.1873,0.0,0.0
14278.0,1.7641,0.0955,1.0,0.0794,1.2007,2.055,1.055,2.3519,1.3519,26.69,2.0676,26.3389,2.0536,100.0,0.0,0.0,0.0,24.75,0.0,25.75,0.0,25.75,0.0,24.875,10.0,0.0,0.01,52.7357,5.2736,2.0,12.457,1.4382,0.0561,1.3698,0.0187,1.3657,1.004e-05,1.0009,0.0098,1.8244,8.0,0.0635,1.0017,0.0821,2.1362,0.0059,0.9923,0.0456,1.8806,0.0,0.0,0.0,-0.1419,25.0,24.0,38.0,37.0,12.0,0.0,0.0,0.0,0.0,41.1367,0.0,41.1875,0.0,0.0
14279.0,1.7637,0.0955,1.0,0.0796,1.2011,2.0551,1.0551,2.3517,1.3517,26.5711,2.0628,26.3355,2.0534,100.0,0.0,0.0,0.0,24.75,0.0,25.875,0.0,25.75,0.0,24.75,10.0,0.0,0.009,52.7349,5.2735,2.0,12.1514,1.4339,-0.0163,1.3619,0.0191,1.3657,1.004e-05,1.0009,0.0098,1.8243,8.0,0.0659,1.0018,0.0737,2.0895,0.006,1.0035,0.0464,1.8887,0.0,0.0,0.0,-0.1424,25.0,24.0,37.0,37.0,13.0,0.0,0.0,0.0,0.0,41.1365,0.0,41.1872,0.0,0.0
14280.0,1.7647,0.0956,1.0,0.0796,1.2012,2.0543,1.0543,2.3516,1.3516,26.6108,2.0644,26.3565,2.0543,100.0,0.0,0.0,0.0,24.625,0.0,25.875,0.0,25.875,0.0,24.875,10.0,0.0,0.0067,52.7344,5.2734,2.0,12.0401,1.4323,-0.0734,1.3556,0.0188,1.3657,1.004e-05,1.0009,0.0098,1.8242,8.0,0.0641,1.0017,0.0756,2.1005,0.0066,1.0442,0.0444,1.8687,0.0,0.0,0.0,-0.1424,25.0,25.0,37.0,37.0,13.0,0.0,0.0,0.0,0.0,41.1368,0.0,41.1874,0.0,0.0
14281.0,1.7638,0.0955,1.0,0.0797,1.2014,2.054,1.054,2.352,1.352,26.777,2.0711,26.3525,2.0541,100.0,0.0,0.0,0.0,24.625,0.0,25.75,0.0,25.75,0.0,24.75,10.0,0.0,0.0062,52.7342,5.2734,2.0,12.0643,1.4326,-0.0429,1.359,0.0183,1.3656,1.004e-05,1.0008,0.0098,1.8241,8.0,0.063,1.0017,0.0735,2.0879,0.0059,0.9917,0.0453,1.8783,0.0,0.0,0.0,-0.1422,25.0,25.0,37.0,37.0,13.0,0.0,0.0,0.0,0.0,41.1369,0.0,41.1877,0.0,0.0
14282.0,1.7647,0.0956,1.0,0.0793,1.2003,2.0541,1.0541,2.3524,1.3524,26.7991,2.072,26.3346,2.0534,100.0,0.0,0.0,0.0,24.625,0.0,25.75,0.0,25.75,0.0,24.75,10.0,0.0,0.0064,52.7339,5.2734,2.0,12.1058,1.4332,-0.0037,1.3632,0.0184,1.3656,1.004e-05,1.0008,0.0098,1.8244,8.0,0.0641,1.0017,0.0653,2.0367,0.0059,0.9907,0.0453,1.8779,0.0,0.0,0.0,-0.1419,25.0,25.0,37.0,37.0,15.0,0.0,0.0,0.0,0.0,41.1367,0.0,41.1876,0.0,0.0
14283.0,1.7626,0.0953,1.0,0.0795,1.201,2.0547,1.0547,2.352,1.352,26.7104,2.0684,26.3379,2.0535,100.0,0.0,0.0,0.0,24.625,0.0,25.875,0.0,25.75,0.0,24.75,10.0,0.0,0.007,52.7334,5.2733,2.0,12.1139,1.4333,-0.0084,1.3627,0.0183,1.3656,1.004e-05,1.0009,0.0098,1.8239,8.0,0.0639,1.0017,0.0634,2.0239,0.0064,1.0293,0.0401,1.8254,0.0,0.0,0.0,-0.1419,25.0,25.0,37.0,37.0,15.0,0.0,0.0,0.0,0.0,41.1366,0.0,41.1873,0.0,0.0
14284.0,1.7656,0.0957,1.0,0.0797,1.2014,2.0543,1.0543,2.3521,1.3521,26.5722,2.0629,26.3233,2.0529,100.0,0.0,0.0,0.0,24.75,0.0,25.75,0.0,25.75,0.0,24.75,10.0,0.0,0.0085,52.7335,5.2734,2.0,12.025,1.432,-0.087,1.3541,0.0182,1.3656,1.004e-05,1.0009,0.0098,1.8238,8.0,0.0635,1.0017,0.1307,2.3381,0.0061,1.006,0.0366,1.7858,0.0,0.0,0.0,-0.142,25.0,25.0,37.0,37.0,15.0,0.0,0.0,0.0,0.0,41.1365,0.0,41.1874,0.0,0.0
14285.0,1.7658,0.0957,1.0,0.0795,1.2008,2.054,1.054,2.3516,1.3516,26.5911,2.0636,26.3427,2.0537,100.0,0.0,0.0,0.0,24.75,0.0,25.75,0.0,25.875,0.0,24.75,10.0,0.0,0.0085,52.7332,5.2733,2.0,11.9219,1.4305,-0.1053,1.3522,0.0185,1.3657,1.004e-05,1.0009,0.0098,1.8236,8.0,0.0646,1.0017,0.1396,2.3666,0.0062,1.0132,0.0373,1.7934,0.0,0.0,64.0,-0.1425,25.0,25.0,37.0,37.0,14.0,0.0,0.0,0.0,0.0,41.1365,0.0,41.1874,0.0,0.0
14286.0,1.7666,0.0958,1.0,0.0794,1.2006,2.0541,1.0541,2.3516,1.3516,26.7668,2.0707,26.3629,2.0545,100.0,0.0,0.0,0.0,24.625,0.0,25.75,0.0,25.75,0.0,24.75,10.0,0.0,0.0096,52.7323,5.2732,2.0,11.8698,1.4298,-0.1259,1.3499,0.0183,1.3656,1.004e-05,1.0009,0.0098,1.8236,8.0,0.0633,1.0017,0.1118,2.2703,0.0055,0.9633,0.0505,1.9248,0.0,0.0,64.0,0.4842,25.0,25.0,37.0,37.0,13.0,0.0,0.0,0.0,0.0,41.1364,0.0,41.1872,0.0,0.0
14287.0,1.7668,0.0959,1.0,0.0796,1.2012,2.0547,1.0547,2.352,1.352,26.8066,2.0723,26.3462,2.0538,100.0,0.0,0.0,0.0,24.625,0.0,25.75,0.0,25.75,0.0,24.75,10.0,0.0,0.0102,52.7321,5.2732,2.0,11.773,1.4284,-0.1646,1.3457,0.0183,1.3656,1.004e-05,1.0008,0.0098,1.8237,8.0,0.0644,1.0017,0.1126,2.2735,0.0069,1.0618,0.0591,1.9937,0.0,0.0,64.0,1.195,25.0,25.0,37.0,37.0,13.0,0.0,0.0,0.0,0.0,41.1363,0.0,41.1872,0.0,0.0
14288.0,1.7658,0.0957,1.0,0.0795,1.2009,2.055,1.055,2.3519,1.3519,26.727,2.0691,26.3392,2.0536,100.0,0.0,0.0,0.0,24.75,0.0,25.75,0.0,25.75,0.0,24.875,10.0,0.0,0.0094,52.7315,5.2732,2.0,11.4717,1.4239,-0.293,1.3317,0.019,1.3657,1.004e-05,1.0009,0.0098,1.8233,8.0,0.0632,1.0017,0.1059,2.2466,0.0053,0.9433,0.0595,1.9964,0.0,0.0,64.0,2.1048,25.0,25.0,37.0,37.0,13.0,0.0,0.0,0.0,0.0,41.1364,0.0,41.1872,0.0,0.0
14289.0,1.7647,0.0956,1.0,0.0795,1.2009,2.0547,1.0547,2.3518,1.3518,26.582,2.0633,26.3347,2.0534,100.0,0.0,0.0,0.0,24.75,0.0,25.875,0.0,25.75,0.0,24.875,10.0,0.0,0.0095,52.7312,5.2731,2.0,11.2771,1.4209,-0.3294,1.3277,0.0183,1.3656,1.004e-05,1.0009,0.0098,1.8232,8.0,0.0664,1.0018,0.1088,2.2586,0.0057,0.9773,0.0557,1.9676,0.0,0.0,64.0,2.7322,25.0,25.0,37.0,37.0,11.0,0.0,0.0,0.0,0.0,41.1368,0.0,41.1876,0.0,0.0
14290.0,1.7649,0.0956,1.0,0.0795,1.2008,2.0545,1.0545,2.3516,1.3516,26.5722,2.0629,26.342,2.0537,100.0,0.0,0.0,0.0,24.625,0.0,25.875,0.0,25.75,0.0,24.875,10.0,0.0,0.0106,52.7309,5.2731,2.0,11.2597,1.4206,-0.3288,1.3278,0.0198,1.3658,1.005e-05,1.0011,0.0098,1.8232,8.0,0.0715,1.0019,0.0828,2.14,0.0061,1.0092,0.0685,2.0576,0.0,0.0,64.0,3.4018,25.0,25.0,37.0,37.0,13.0,0.0,0.0,0.0,0.0,41.1366,0.0,41.1871,0.0,0.0
14291.0,1.7648,0.0956,1.0,0.0797,1.2014,2.054,1.054,2.3515,1.3515,26.7255,2.069,26.3628,2.0545,100.0,0.0,0.0,0.0,24.75,0.0,26.0,0.0,25.875,0.0,24.75,10.0,0.0,0.01,52.7306,5.273,2.0,11.0946,1.418,-0.3477,1.3257,0.0199,1.3658,1.005e-05,1.001,0.0098,1.8229,8.0,0.0679,1.0018,0.0901,2.1764,0.0064,1.0267,0.0794,2.1218,0.0,0.0,64.0,4.1028,25.0,25.0,37.0,37.0,14.0,0.0,0.0,0.0,0.0,41.137,0.0,41.1874,0.0,0.0
14292.0,1.7637,0.0955,1.0,0.0798,1.2016,2.0542,1.0542,2.3519,1.3519,26.8042,2.0722,26.3478,2.0539,100.0,0.0,0.0,0.0,24.625,0.0,25.75,0.0,25.75,0.0,24.75,10.0,0.0,0.0084,52.7304,5.273,2.0,11.3628,1.4222,-0.2111,1.3406,0.0195,1.3658,1.005e-05,1.0011,0.0098,1.823,8.0,0.0693,1.0018,0.093,2.1905,0.006,1.0003,0.0722,2.0804,0.0,0.0,64.0,4.8542,25.0,25.0,37.0,37.0,14.0,0.0,0.0,0.0,0.0,41.1372,0.0,41.1879,0.0,0.0
14293.0,1.7658,0.0957,1.0,0.0798,1.2016,2.0546,1.0546,2.3519,1.3519,26.7335,2.0693,26.3394,2.0536,100.0,0.0,0.0,0.0,24.625,0.0,25.875,0.0,25.875,0.0,24.75,10.0,0.0,0.0072,52.7299,5.273,2.0,11.3662,1.4222,-0.2209,1.3395,0.0201,1.3658,1.004e-05,1.001,0.0098,1.8228,8.0,0.0708,1.0019,0.1521,2.4039,0.0051,0.9323,0.0611,2.0081,0.0,0.0,64.0,5.5982,25.0,25.0,37.0,37.0,13.0,0.0,0.0,0.0,0.0,41.1369,0.0,41.1875,0.0,0.0
14294.0,1.7658,0.0957,1.0,0.0796,1.2011,2.0547,1.0547,2.3518,1.3518,26.6092,2.0644,26.3279,2.0531,100.0,0.0,0.0,0.0,24.625,0.0,25.875,0.0,25.75,0.0,24.75,10.0,0.0,0.0087,52.7295,5.2729,2.0,12.0124,1.4319,0.201,1.3856,0.0198,1.3658,1.004e-05,1.001,0.0098,1.8226,8.0,0.0696,1.0019,0.1451,2.3834,0.0061,1.0053,0.0771,2.1087,0.0,0.0,64.0,6.3065,25.0,25.0,37.0,37.0,14.0,0.0,0.0,0.0,0.0,41.1366,0.0,41.1871,0.0,0.0
14295.0,1.7658,0.0957,1.0,0.0797,1.2013,2.0545,1.0545,2.3515,1.3515,26.5634,2.0625,26.3388,2.0536,100.0,0.0,0.0,0.0,24.75,0.0,25.875,0.0,25.875,0.0,24.75,10.0,0.0,0.0081,52.7291,5.2729,2.0,12.5004,1.4388,0.2678,1.3929,0.0202,1.3658,1.004e-05,1.001,0.0098,1.8224,8.0,0.0714,1.0019,0.1244,2.3168,0.0065,1.032,0.0774,2.1105,0.0,0.0,64.0,7.0527,25.0,25.0,37.0,37.0,14.0,0.0,0.0,0.0,0.0,41.137,0.0,41.1877,0.0,0.0
14296.0,1.7658,0.0957,1.0,0.0797,1.2016,2.054,1.054,2.3515,1.3515,26.7413,2.0697,26.3539,2.0542,100.0,0.0,0.0,0.0,24.625,0.0,25.875,0.0,25.75,0.0,24.75,10.0,0.0,0.008,52.7285,5.2728,2.0,12.434,1.4378,0.1628,1.3814,0.0198,1.3658,1.005e-05,1.0011,0.0098,1.8224,8.0,0.0725,1.0019,0.1139,2.2782,0.0059,0.9946,0.0721,2.0798,0.0,0.0,64.0,7.8446,25.0,24.0,37.0,37.0,13.0,0.0,0.0,0.0,0.0,41.1368,0.0,41.1872,0.0,0.0
14297.0,1.7658,0.0957,1.0,0.0796,1.2013,2.0541,1.0541,2.3519,1.3519,26.7973,2.0719,26.3415,2.0537,100.0,0.0,0.0,0.0,24.75,0.0,25.75,0.0,25.75,0.0,24.75,10.0,0.0,0.0083,52.7282,5.2728,2.0,12.5059,1.4388,0.2218,1.3878,0.0202,1.3658,1.005e-05,1.001,0.0098,1.8222,8.0,0.0717,1.0019,0.1367,2.3575,0.0063,1.0202,0.0692,2.0621,0.0,0.0,64.0,8.5457,25.0,24.0,37.0,37.0,13.0,0.0,0.0,0.0,0.0,41.1367,0.0,41.1873,0.0,0.0
14298.0,1.7653,0.0957,1.0,0.0797,1.2015,2.055,1.055,2.3516,1.3516,26.7389,2.0696,26.3395,2.0536,100.0,0.0,0.0,0.0,24.625,0.0,25.875,0.0,25.75,0.0,24.75,10.0,0.0,0.0083,52.7278,5.2728,2.0,12.4448,1.438,0.1814,1.3834,0.0206,1.3659,1.005e-05,1.0011,0.0097,1.8221,8.0,0.0718,1.0019,0.1217,2.3072,0.0059,0.9907,0.0655,2.0384,0.0,0.0,64.0,9.3379,25.0,24.0,37.0,37.0,14.0,0.0,0.0,0.0,0.0,41.1366,0.0,41.1872,0.0,0.0
14299.0,1.7636,0.0955,1.0,0.0798,1.2017,2.0551,1.0551,2.3515,1.3515,26.6353,2.0654,26.3377,2.0535,100.0,0.0,0.0,0.0,24.625,0.0,25.75,0.0,25.75,0.0,24.875,10.0,0.0,0.0089,52.7276,5.2727,2.0,12.3315,1.4364,0.1044,1.375,0.021,1.3659,1.005e-05,1.0011,0.0097,1.8221,8.0,0.0739,1.002,0.1052,2.2437,0.0053,0.9498,0.0666,2.0454,0.0,0.0,64.0,10.2127,25.0,24.0,37.0,37.0,14.0,0.0,0.0,0.0,0.0,41.1367,0.0,41.1874,0.0,0.0
14300.0,1.7636,0.0955,1.0,0.0799,1.2019,2.0549,1.0549,2.3513,1.3513,26.5585,2.0623,26.3437,2.0537,100.0,0.0,0.0,0.0,24.625,0.0,25.75,0.0,25.75,0.0,24.75,10.0,0.0,0.0087,52.727,5.2727,2.0,12.3697,1.4369,0.1466,1.3796,0.0203,1.3659,1.005e-05,1.0011,0.0097,1.8218,8.0,0.0724,1.0019,0.1074,2.2528,0.006,0.9981,0.0601,2.001,0.0,0.0,64.0,10.7068,25.0,24.0,37.0,37.0,15.0,0.0,0.0,0.0,0.0,41.1365,0.0,41.187,0.0,0.0
14301.0,1.7635,0.0954,1.0,0.0798,1.2018,2.0541,1.0541,2.3515,1.3515,26.6763,2.0671,26.3598,2.0544,100.0,0.0,0.0,0.0,24.625,0.0,25.875,0.0,25.75,0.0,24.875,10.0,0.0,0.0087,52.727,5.2727,2.0,12.2601,1.4354,0.0817,1.3726,0.0182,1.3656,1.004e-05,1.0009,0.0097,1.8213,8.0,0.0665,1.0018,0.1073,2.2523,0.0058,0.9816,0.0646,2.0321,0.0,0.0,64.0,11.5761,25.0,24.0,37.0,37.0,16.0,0.0,0.0,0.0,0.0,41.1366,0.0,41.1873,0.0,0.0
14302.0,1.7635,0.0954,1.0,0.0797,1.2013,2.054,1.054,2.3518,1.3518,26.8049,2.0722,26.3453,2.0538,100.0,0.0,0.0,0.0,24.625,0.0,25.75,0.0,25.75,0.0,24.875,10.0,0.0,0.0085,52.7271,5.2727,2.0,12.4022,1.4374,0.1944,1.3848,0.0185,1.3657,1.004e-05,1.0009,0.0097,1.8212,8.0,0.0667,1.0018,0.1044,2.2407,0.0062,1.0156,0.0568,1.9759,0.0,0.0,64.0,12.2456,25.0,24.0,37.0,37.0,13.0,0.0,0.0,0.0,0.0,41.1366,0.0,41.1873,0.0,0.0
14303.0,1.7615,0.0952,1.0,0.0796,1.2013,2.0545,1.0545,2.3519,1.3519,26.7721,2.0709,26.342,2.0537,100.0,0.0,0.0,0.0,24.625,0.0,25.875,0.0,25.75,0.0,24.875,10.0,0.0,0.0094,52.7261,5.2726,2.0,12.5116,1.4389,0.1599,1.3811,0.0183,1.3656,1.004e-05,1.0009,0.0097,1.8213,8.0,0.066,1.0018,0.0783,2.1156,0.0064,1.0261,0.0563,1.9727,0.0,0.0,64.0,12.9679,25.0,24.0,37.0,37.0,13.0,0.0,0.0,0.0,0.0,41.1372,0.0,41.1874,0.0,0.0
14304.0,1.7624,0.0953,1.0,0.0797,1.2015,2.0547,1.0547,2.3518,1.3518,26.6598,2.0664,26.3367,2.0535,100.0,0.0,0.0,0.0,24.625,0.0,25.875,0.0,25.875,0.0,24.75,10.0,0.0,0.0084,52.7262,5.2726,2.0,12.3544,1.4367,0.1052,1.3751,0.018,1.3656,1.003e-05,1.0008,0.0097,1.8211,8.0,0.0645,1.0017,0.0707,2.0713,0.0059,0.9922,0.058,1.9854,0.0,0.0,64.0,13.6873,25.0,24.0,37.0,37.0,14.0,0.0,0.0,0.0,0.0,41.1368,0.0,41.1873,0.0,0.0
14305.0,1.7626,0.0953,1.0,0.0796,1.2012,2.055,1.055,2.3513,1.3513,26.5508,2.062,26.3386,2.0535,100.0,0.0,0.0,0.0,24.625,0.0,25.75,0.0,25.75,0.0,24.75,10.0,0.0,0.0083,52.7256,5.2725,2.0,12.2827,1.4357,0.0804,1.3724,0.0183,1.3656,1.004e-05,1.0009,0.0097,1.8209,8.0,0.0623,1.0017,0.0842,2.1472,0.0059,0.996,0.0517,1.9352,0.0,0.0,64.0,14.4399,25.0,24.0,37.0,37.0,14.0,0.0,0.0,0.0,0.0,41.1371,0.0,41.1877,0.0,0.0
14306.0,1.7658,0.0957,1.0,0.0797,1.2016,2.0541,1.0541,2.3515,1.3515,26.6515,2.0661,26.3586,2.0543,100.0,0.0,0.0,0.0,24.625,0.0,25.75,0.0,25.75,0.0,24.75,10.0,0.0,0.0086,52.7249,5.2725,2.0,12.2206,1.4348,0.0365,1.3676,0.0182,1.3656,1.004e-05,1.0009,0.0097,1.8209,8.0,0.0651,1.0017,0.0885,2.1686,0.0061,1.0107,0.0623,2.016,0.0,0.0,64.0,15.1469,25.0,24.0,37.0,37.0,14.0,0.0,0.0,0.0,0.0,41.1369,0.0,41.1878,0.0,0.0
14307.0,1.7669,0.0959,1.0,0.0794,1.2006,2.0542,1.0542,2.3514,1.3514,26.8133,2.0725,26.3526,2.0541,100.0,0.0,0.0,0.0,24.625,0.0,25.875,0.0,25.75,0.0,24.875,10.0,0.0,0.0087,52.7246,5.2724,2.0,11.999,1.4317,-0.0801,1.3549,0.0187,1.3657,1.004e-05,1.001,0.0097,1.8209,8.0,0.0669,1.0018,0.07,2.0668,0.0062,1.0119,0.0725,2.082,0.0,0.0,64.0,15.8929,25.0,24.0,37.0,37.0,13.0,0.0,0.0,0.0,0.0,41.1368,0.0,41.1875,0.0,0.0
14308.0,1.7662,0.0958,1.0,0.0796,1.2013,2.0545,1.0545,2.3516,1.3516,26.7803,2.0712,26.3434,2.0537,100.0,0.0,0.0,0.0,24.75,0.0,25.75,0.0,25.75,0.0,24.875,10.0,0.0,0.0084,52.7245,5.2724,2.0,11.83,1.4292,-0.0979,1.353,0.019,1.3657,1.004e-05,1.001,0.0097,1.8208,8.0,0.0692,1.0018,0.0724,2.0815,0.006,0.9995,0.0812,2.1316,0.0,0.0,64.0,16.6737,25.0,25.0,37.0,37.0,13.0,0.0,0.0,0.0,0.0,41.1369,0.0,41.1872,0.0,0.0
14309.0,1.7647,0.0956,1.0,0.0798,1.2017,2.0547,1.0547,2.3516,1.3516,26.6615,2.0665,26.3272,2.0531,100.0,0.0,0.0,0.0,24.75,0.0,25.75,0.0,25.75,0.0,24.875,10.0,0.0,0.0085,52.7242,5.2724,2.0,11.9065,1.4303,-0.0676,1.3563,0.0198,1.3658,1.004e-05,1.001,0.0097,1.8208,8.0,0.0702,1.0019,0.0636,2.0251,0.0054,0.9563,0.0624,2.0171,0.0,0.0,64.0,17.4168,25.0,25.0,37.0,37.0,13.0,0.0,0.0,0.0,0.0,41.1367,0.0,41.1872,0.0,0.0
14310.0,1.7644,0.0955,1.0,0.0796,1.2012,2.0546,1.0546,2.3517,1.3517,26.5539,2.0622,26.3339,2.0534,100.0,0.0,0.0,0.0,24.75,0.0,25.875,0.0,25.75,0.0,24.875,10.0,0.0,0.0085,52.7242,5.2724,2.0,12.0267,1.4321,0.036,1.3676,0.02,1.3658,1.004e-05,1.001,0.0097,1.8205,8.0,0.0701,1.0019,0.0649,2.0344,0.0057,0.9763,0.0829,2.1402,0.0,0.0,64.0,18.1717,25.0,25.0,37.0,37.0,14.0,0.0,0.0,0.0,0.0,41.1365,0.0,41.1868,0.0,0.0
14311.0,1.7647,0.0956,1.0,0.0798,1.2018,2.0542,1.0542,2.3515,1.3515,26.6147,2.0646,26.3544,2.0542,100.0,0.0,0.0,0.0,24.75,0.0,25.75,0.0,25.75,0.0,24.875,10.0,0.0,0.008,52.7237,5.2724,2.0,12.2359,1.4351,0.0399,1.368,0.0204,1.3659,1.005e-05,1.0012,0.0097,1.8207,8.0,0.0731,1.0019,0.1263,2.3231,0.0054,0.9582,0.0836,2.1441,0.0,0.0,64.0,19.0104,25.0,25.0,37.0,37.0,12.0,0.0,0.0,0.0,0.0,41.1368,0.0,41.1873,0.0,0.0
14312.0,1.7646,0.0956,1.0,0.0799,1.202,2.054,1.054,2.3516,1.3516,26.7893,2.0716,26.3595,2.0544,100.0,0.0,0.0,0.0,24.625,0.0,25.875,0.0,25.75,0.0,24.875,10.0,0.0,0.0078,52.7235,5.2723,2.0,12.1097,1.4333,-0.0028,1.3633,0.0189,1.3657,1.004e-05,1.001,0.0097,1.8206,8.0,0.0686,1.0018,0.1126,2.2734,0.0064,1.0248,0.0738,2.0897,0.0,0.0,64.0,19.5446,25.0,25.0,37.0,37.0,13.0,0.0,0.0,0.0,0.0,41.1365,0.0,41.1874,0.0,0.0
14313.0,1.7647,0.0956,1.0,0.0798,1.2017,2.0544,1.0544,2.352,1.352,26.7978,2.0719,26.3339,2.0534,100.0,0.0,0.0,0.0,24.75,0.0,25.75,0.0,25.75,0.0,24.75,10.0,0.0,0.0083,52.7233,5.2723,2.0,12.0691,1.4327,-0.0287,1.3605,0.0187,1.3657,1.004e-05,1.001,0.0097,1.8204,8.0,0.0679,1.0018,0.1089,2.2589,0.0061,1.01,0.0739,2.0907,0.0,0.0,64.0,20.317,25.0,24.0,37.0,37.0,14.0,0.0,0.0,0.0,0.0,41.1363,0.0,41.1873,0.0,0.0
14314.0,1.7636,0.0955,1.0,0.0799,1.202,2.0547,1.0547,2.3515,1.3515,26.6968,2.0679,26.3363,2.0535,100.0,0.0,0.0,0.0,24.75,0.0,25.875,0.0,25.75,0.0,24.875,10.0,0.0,0.0084,52.723,5.2723,2.0,11.9168,1.4305,-0.0644,1.3566,0.019,1.3657,1.004e-05,1.001,0.0097,1.8202,8.0,0.0673,1.0018,0.1035,2.2369,0.006,1.0018,0.0702,2.0684,0.0,0.0,64.0,21.036,25.0,24.0,37.0,37.0,14.0,0.0,0.0,0.0,0.0,41.1362,0.0,41.1874,0.0,0.0
14315.0,1.7634,0.0954,1.0,0.0796,1.2013,2.0547,1.0547,2.3514,1.3514,26.5777,2.0631,26.335,2.0534,100.0,0.0,0.0,0.0,24.625,0.0,25.75,0.0,25.75,0.0,24.75,10.0,0.0,0.0087,52.7226,5.2722,2.0,11.7337,1.4278,-0.1748,1.3446,0.0183,1.3656,1.004e-05,1.0009,0.0097,1.82,8.0,0.0651,1.0017,0.1105,2.2652,0.0069,1.0577,0.066,2.0415,0.0,0.0,64.0,21.7936,25.0,24.0,37.0,37.0,13.0,0.0,0.0,0.0,0.0,41.1364,0.0,41.1872,0.0,0.0
14316.0,1.7636,0.0955,1.0,0.0795,1.201,2.0543,1.0543,2.3512,1.3512,26.6121,2.0645,26.3542,2.0542,100.0,0.0,0.0,0.0,24.625,0.0,25.75,0.0,25.75,0.0,24.875,10.0,0.0,0.008,52.7222,5.2722,2.0,11.6369,1.4263,-0.1474,1.3476,0.0187,1.3657,1.004e-05,1.0009,0.0097,1.82,8.0,0.0637,1.0017,0.1075,2.2534,0.0065,1.0315,0.0747,2.0954,0.0,0.0,64.0,22.5076,25.0,24.0,37.0,37.0,12.0,0.0,0.0,0.0,0.0,41.1372,0.0,41.1871,0.0,0.0
14317.0,1.7645,0.0956,1.0,0.0796,1.2011,2.054,1.054,2.3512,1.3512,26.7792,2.0712,26.361,2.0544,100.0,0.0,0.0,0.0,24.75,0.0,25.75,0.0,25.75,0.0,24.875,10.0,0.0,0.0084,52.7221,5.2722,2.0,11.5401,1.4249,-0.1635,1.3458,0.0179,1.3656,1.003e-05,1.0008,0.0097,1.8197,8.0,0.0645,1.0017,0.0836,2.1442,0.0061,1.0089,0.0716,2.0769,0.0,0.0,64.0,23.2614,25.0,24.0,37.0,37.0,14.0,0.0,0.0,0.0,0.0,41.1367,0.0,41.1874,0.0,0.0
14318.0,1.7647,0.0956,1.0,0.0795,1.2009,2.0545,1.0545,2.3516,1.3516,26.8045,2.0722,26.3458,2.0538,100.0,0.0,0.0,0.0,24.75,0.0,25.875,0.0,25.75,0.0,24.75,10.0,0.0,0.0081,52.7219,5.2722,2.0,11.6073,1.4259,-0.1384,1.3485,0.0183,1.3656,1.004e-05,1.0008,0.0097,1.8196,8.0,0.064,1.0017,0.0771,2.109,0.0062,1.0121,0.0667,2.0458,0.0,0.0,64.0,24.0554,25.0,24.0,37.0,37.0,13.0,0.0,0.0,0.0,0.0,41.1369,0.0,41.1876,0.0,0.0
14319.0,1.7638,0.0955,1.0,0.0795,1.2009,2.0547,1.0547,2.3515,1.3515,26.6881,2.0675,26.3379,2.0535,100.0,0.0,0.0,0.0,24.75,0.0,26.0,0.0,25.75,0.0,24.75,10.0,0.0,0.0082,52.721,5.2721,2.0,11.6425,1.4264,-0.1431,1.348,0.018,1.3656,1.004e-05,1.0009,0.0097,1.8194,8.0,0.064,1.0017,0.078,2.1141,0.0059,0.9949,0.0811,2.1311,0.0,0.0,64.0,24.8488,25.0,24.0,37.0,37.0,13.0,0.0,0.0,0.0,0.0,41.1365,0.0,41.1873,0.0,0.0
14320.0,1.7645,0.0956,1.0,0.0795,1.2009,2.0547,1.0547,2.3514,1.3514,26.593,2.0637,26.335,2.0534,100.0,0.0,0.0,0.0,24.75,0.0,25.875,0.0,25.75,0.0,24.875,10.0,0.0,0.008,52.7209,5.2721,2.0,11.5727,1.4254,-0.1324,1.3492,0.0179,1.3656,1.004e-05,1.0009,0.0097,1.8195,8.0,0.0636,1.0017,0.0925,2.188,0.0055,0.9614,0.0749,2.0966,0.0,0.0,64.0,25.5641,25.0,24.0,37.0,37.0,14.0,0.0,0.0,0.0,0.0,41.1366,0.0,41.1873,0.0,0.0
14321.0,1.7656,0.0957,1.0,0.0798,1.2018,2.0548,1.0548,2.3511,1.3511,26.5741,2.063,26.3507,2.054,100.0,0.0,0.0,0.0,24.625,0.0,25.75,0.0,25.75,0.0,24.875,10.0,0.0,0.0086,52.7204,5.272,2.0,11.6127,1.426,-0.1296,1.3495,0.018,1.3656,1.004e-05,1.0009,0.0097,1.8193,8.0,0.0637,1.0017,0.0874,2.1636,0.0065,1.0359,0.0719,2.0785,0.0,0.0,64.0,26.3009,25.0,24.0,37.0,37.0,13.0,0.0,0.0,0.0,0.0,41.1365,0.0,41.1871,0.0,0.0
14322.0,1.7647,0.0956,1.0,0.0797,1.2015,2.054,1.054,2.3507,1.3507,26.743,2.0697,26.3628,2.0545,100.0,0.0,0.0,0.0,24.625,0.0,25.75,0.0,25.875,0.0,24.75,10.0,0.0,0.007,52.72,5.272,2.0,11.5294,1.4247,-0.131,1.3493,0.0184,1.3656,1.004e-05,1.0009,0.0097,1.8193,8.0,0.0631,1.0017,0.0735,2.0882,0.0065,1.0332,0.0697,2.0654,0.0,0.0,64.0,26.9719,25.0,24.0,37.0,37.0,13.0,0.0,0.0,0.0,0.0,41.1363,0.0,41.1875,0.0,0.0
14323.0,1.7647,0.0956,1.0,0.0797,1.2015,2.0542,1.0542,2.3512,1.3512,26.8148,2.0726,26.3496,2.054,100.0,0.0,0.0,0.0,24.75,0.0,25.75,0.0,25.75,0.0,24.75,10.0,0.0,0.008,52.7202,5.272,2.0,11.7719,1.4283,0.0026,1.3639,0.0207,1.3659,1.005e-05,1.0011,0.0097,1.8193,8.0,0.074,1.002,0.0762,2.104,0.0065,1.034,0.0648,2.0332,0.0,0.0,64.0,27.6914,25.0,24.0,37.0,37.0,14.0,0.0,0.0,0.0,0.0,41.1365,0.0,41.1871,0.0,0.0
14324.0,1.7628,0.0953,1.0,0.0795,1.2009,2.0546,1.0546,2.3515,1.3515,26.7322,2.0693,26.3375,2.0535,100.0,0.0,0.0,0.0,24.75,0.0,25.875,0.0,25.75,0.0,24.875,10.0,0.0,0.0083,52.7198,5.2719,2.0,11.8076,1.4289,-0.0337,1.36,0.0206,1.3659,1.005e-05,1.0011,0.0097,1.819,8.0,0.0724,1.0019,0.1445,2.3818,0.0059,0.9947,0.0684,2.0567,0.0,0.0,64.0,28.223,25.0,24.0,37.0,37.0,14.0,0.0,0.0,0.0,0.0,41.1365,0.0,41.1871,0.0,0.0
14325.0,1.7575,0.0947,1.0,0.0798,1.2016,2.0547,1.0547,2.3514,1.3514,26.6071,2.0643,26.324,2.053,100.0,0.0,0.0,0.0,24.75,0.0,25.875,0.0,25.875,0.0,24.875,10.0,0.0,0.0079,52.7194,5.272,2.0,11.7261,1.4277,-0.0729,1.3557,0.0209,1.3659,1.005e-05,1.0011,0.0097,1.819,8.0,0.0741,1.002,0.1203,2.3022,0.0054,0.9514,0.0691,2.0616,0.0,0.0,64.0,28.7942,25.0,24.0,37.0,37.0,13.0,0.0,0.0,0.0,0.0,41.1368,0.0,41.1872,0.0,0.0
14326.0,1.7572,0.0947,1.0,0.0798,1.2018,2.0545,1.0545,2.3516,1.3516,26.5731,2.0629,26.3391,2.0536,100.0,0.0,0.0,0.0,24.75,0.0,25.75,0.0,25.75,0.0,24.75,10.0,0.0,0.0083,52.719,5.2719,2.0,11.9242,1.4306,0.0216,1.366,0.0207,1.3659,1.005e-05,1.0012,0.0097,1.8189,8.0,0.0737,1.002,0.1362,2.3561,0.0051,0.9318,0.0587,1.9902,0.0,0.0,64.0,29.5054,25.0,24.0,37.0,37.0,14.0,0.0,0.0,0.0,0.0,41.1365,0.0,41.1872,0.0,0.0
14327.0,1.7572,0.0947,1.0,0.0798,1.2017,2.054,1.054,2.3512,1.3512,26.734,2.0694,26.3554,2.0542,100.0,0.0,0.0,0.0,24.625,0.0,25.75,0.0,25.75,0.0,24.75,10.0,0.0,0.0086,52.7184,5.2718,2.0,11.8554,1.4296,-0.0405,1.3592,0.0204,1.3659,1.005e-05,1.0011,0.0097,1.8187,8.0,0.0718,1.0019,0.1866,2.4927,0.0062,1.014,0.0562,1.9717,0.0,0.0,0.0,30.0096,25.0,24.0,37.0,37.0,15.0,0.0,0.0,0.0,0.0,41.1365,0.0,41.1876,0.0,0.0
14328.0,1.7601,0.095,1.0,0.0799,1.2021,2.0547,1.0547,2.3514,1.3514,26.8037,2.0721,26.348,2.0539,100.0,0.0,0.0,0.0,24.875,0.0,25.75,0.0,25.75,0.0,24.75,10.0,0.0,0.0087,52.7182,5.2718,2.0,11.8887,1.4301,0.0198,1.3658,0.0206,1.3659,1.005e-05,1.0011,0.0097,1.8187,8.0,0.072,1.0019,0.1781,2.4726,0.0058,0.9846,0.0564,1.9728,0.0,0.0,0.0,30.0199,25.0,24.0,37.0,37.0,14.0,0.0,0.0,0.0,0.0,41.1367,0.0,41.1877,0.0,0.0
14329.0,1.7613,0.0952,1.0,0.0797,1.2015,2.0549,1.0549,2.3512,1.3512,26.7307,2.0692,26.3393,2.0536,100.0,0.0,0.0,0.0,24.75,0.0,25.75,0.0,25.75,0.0,24.75,10.0,0.0,0.0085,52.7179,5.2718,2.0,11.9236,1.4306,0.0309,1.367,0.0203,1.3659,1.005e-05,1.0011,0.0097,1.8184,8.0,0.0712,1.0019,0.1706,2.454,0.0058,0.9888,0.053,1.9462,0.0,0.0,0.0,30.0186,25.0,24.0,38.0,37.0,16.0,0.0,0.0,0.0,0.0,41.1367,0.0,41.1872,0.0,0.0
14330.0,1.7632,0.0954,1.0,0.0796,1.2012,2.0546,1.0546,2.3512,1.3512,26.6187,2.0647,26.3258,2.053,100.0,0.0,0.0,0.0,24.625,0.0,25.75,0.0,25.75,0.0,24.875,10.0,0.0,0.0088,52.7175,5.2717,2.0,12.041,1.4323,0.0886,1.3733,0.0205,1.3659,1.005e-05,1.0011,0.0097,1.8184,8.0,0.0723,1.0019,0.1448,2.3825,0.0055,0.9652,0.0512,1.9314,0.0,0.0,0.0,30.0181,25.0,24.0,38.0,37.0,14.0,0.0,0.0,0.0,0.0,41.1369,0.0,41.1876,0.0,0.0
14331.0,1.7636,0.0955,1.0,0.0797,1.2015,2.0542,1.0542,2.3513,1.3513,26.5556,2.0622,26.3358,2.0534,100.0,0.0,0.0,0.0,24.625,0.0,25.75,0.0,25.75,0.0,24.875,10.0,0.0,0.0087,52.7174,5.2717,2.0,12.2027,1.4346,0.1548,1.3805,0.0208,1.3659,1.005e-05,1.0011,0.0097,1.8184,8.0,0.0729,1.0019,0.1232,2.3123,0.0064,1.0299,0.0506,1.9258,0.0,0.0,0.0,30.0173,25.0,24.0,38.0,37.0,13.0,0.0,0.0,0.0,0.0,41.1367,0.0,41.1872,0.0,0.0
14332.0,1.7651,0.0956,1.0,0.0799,1.2021,2.054,1.054,2.3511,1.3511,26.6942,2.0678,26.3539,2.0542,100.0,0.0,0.0,0.0,24.75,0.0,25.875,0.0,25.875,0.0,24.875,10.0,0.0,0.0084,52.717,5.2717,2.0,12.0681,1.4327,0.0829,1.3727,0.02,1.3658,1.005e-05,1.0011,0.0097,1.8182,8.0,0.071,1.0019,0.1383,2.3626,0.0059,0.9918,0.0484,1.9068,0.0,0.0,0.0,30.0165,25.0,24.0,38.0,37.0,15.0,0.0,0.0,0.0,0.0,41.1364,0.0,41.1869,0.0,0.0
14333.0,1.7661,0.0958,1.0,0.0799,1.202,2.0542,1.0542,2.3514,1.3514,26.815,2.0726,26.3506,2.054,100.0,0.0,0.0,0.0,24.875,0.0,25.75,0.0,25.75,0.0,24.75,10.0,0.0,0.0081,52.7171,5.2717,2.0,12.0938,1.433,0.094,1.3739,0.0202,1.3658,1.005e-05,1.0011,0.0097,1.8182,8.0,0.0718,1.0019,0.1473,2.3901,0.0062,1.0166,0.0617,2.0123,0.0,0.0,0.0,30.0163,25.0,25.0,37.0,37.0,15.0,0.0,0.0,0.0,0.0,41.1365,0.0,41.1873,0.0,0.0
14334.0,1.7658,0.0957,1.0,0.08,1.2023,2.055,1.055,2.3511,1.3511,26.7514,2.0701,26.3494,2.054,100.0,0.0,0.0,0.0,24.75,0.0,25.875,0.0,25.75,0.0,24.75,10.0,0.0,0.0087,52.7164,5.2716,2.0,12.0653,1.4326,0.0461,1.3687,0.0209,1.3659,1.005e-05,1.0011,0.0097,1.8181,8.0,0.0732,1.002,0.1254,2.3201,0.0064,1.03,0.0574,1.9806,0.0,0.0,0.0,30.0158,25.0,25.0,37.0,37.0,13.0,0.0,0.0,0.0,0.0,41.1368,0.0,41.1871,0.0,0.0
14335.0,1.7648,0.0956,1.0,0.0797,1.2015,2.0555,1.0555,2.3512,1.3512,26.6329,2.0653,26.3455,2.0538,100.0,0.0,0.0,0.0,24.625,0.0,25.75,0.0,25.75,0.0,24.75,10.0,0.0,0.0296,52.716,5.2716,2.0,12.0642,1.4326,0.3644,1.4034,0.0214,1.366,1.005e-05,1.0011,0.0097,1.8181,8.0,0.0732,1.002,0.1224,2.3096,0.0066,1.0418,0.0712,2.0742,0.0,0.0,0.0,30.0155,25.0,25.0,37.0,37.0,13.0,0.0,0.0,0.0,0.0,41.1365,0.0,41.1873,0.0,0.0
14336.0,1.7656,0.0957,1.0,0.08,1.2023,2.0551,1.0551,2.3509,1.3509,26.549,2.062,26.3486,2.0539,100.0,0.0,0.0,0.0,24.625,0.0,25.75,0.0,25.75,0.0,24.875,10.0,0.0,0.0086,52.7158,5.2716,2.0,13.2364,1.4487,0.7773,1.4484,0.0205,1.3659,1.005e-05,1.0011,0.0097,1.8178,8.0,0.0712,1.0019,0.1971,2.5166,0.0068,1.0559,0.0673,2.05,0.0,0.0,0.0,30.0148,25.0,25.0,37.0,37.0,12.0,0.0,0.0,0.0,0.0,41.1368,0.0,41.1872,0.0,0.0
14337.0,1.7658,0.0957,1.0,0.0801,1.2026,2.0541,1.0541,2.3511,1.3511,26.6761,2.067,26.3605,2.0544,100.0,0.0,0.0,0.0,24.75,0.0,25.75,0.0,25.75,0.0,24.875,10.0,0.0,0.0089,52.7156,5.2716,2.0,13.9223,1.4575,0.7417,1.4446,0.0211,1.3659,1.005e-05,1.0011,0.0097,1.8179,8.0,0.0742,1.002,0.1786,2.4738,0.0059,0.9911,0.0617,2.0118,0.0,0.0,0.0,30.0144,25.0,24.0,37.0,37.0,13.0,0.0,0.0,0.0,0.0,41.136,0.0,41.1871,0.0,0.0
14338.0,1.7658,0.0957,1.0,0.0798,1.2018,2.0541,1.0541,2.3514,1.3514,26.817,2.0727,26.3518,2.0541,100.0,0.0,0.0,0.0,24.75,0.0,25.875,0.0,25.75,0.0,24.75,10.0,0.0,0.0082,52.7151,5.2714,2.0,13.9509,1.4578,0.7595,1.4465,0.0207,1.3659,1.005e-05,1.0011,0.0097,1.8179,8.0,0.0739,1.002,0.1694,2.4506,0.006,0.999,0.0538,1.9527,0.0,0.0,0.0,30.0142,25.0,24.0,37.0,37.0,13.0,0.0,0.0,0.0,0.0,41.1367,0.0,41.1872,0.0,0.0
14339.0,1.7665,0.0958,1.0,0.0795,1.2009,2.0549,1.0549,2.3512,1.3512,26.7797,2.0712,26.3414,2.0537,100.0,0.0,0.0,0.0,24.625,0.0,25.75,0.0,25.75,0.0,24.75,10.0,0.0,0.0085,52.7149,5.2715,2.0,14.0159,1.4586,0.6832,1.4382,0.0202,1.3658,1.005e-05,1.0011,0.0097,1.8175,8.0,0.0715,1.0019,0.2226,2.5694,0.0057,0.9768,0.0603,2.0024,0.0,0.0,0.0,30.0142,25.0,24.0,37.0,37.0,12.0,0.0,0.0,0.0,0.0,41.1362,0.0,41.1871,0.0,0.0
14340.0,1.7658,0.0957,1.0,0.0797,1.2013,2.055,1.055,2.3511,1.3511,26.6679,2.0667,26.3367,2.0535,100.0,0.0,0.0,0.0,24.75,0.0,25.75,0.0,25.75,0.0,24.75,10.0,0.0,0.0083,52.7148,5.2715,2.0,14.0118,1.4586,0.6312,1.4325,0.0195,1.3658,1.004e-05,1.001,0.0097,1.8175,8.0,0.069,1.0018,0.1975,2.5175,0.0063,1.0225,0.0712,2.0744,0.0,0.0,0.0,30.0139,25.0,24.0,37.0,37.0,16.0,0.0,0.0,0.0,0.0,41.137,0.0,41.1873,0.0,0.0
14341.0,1.7642,0.0955,1.0,0.0799,1.2019,2.0549,1.0549,2.3512,1.3512,26.5508,2.062,26.3373,2.0535,100.0,0.0,0.0,0.0,24.625,0.0,25.75,0.0,25.75,0.0,24.75,10.0,0.0,0.0085,52.7146,5.2714,2.0,13.9446,1.4578,0.6327,1.4327,0.0198,1.3658,1.004e-05,1.001,0.0097,1.8172,8.0,0.0716,1.0019,0.2471,2.6147,0.0061,1.007,0.0634,2.0237,0.0,0.0,0.0,30.0131,25.0,24.0,37.0,37.0,15.0,0.0,0.0,0.0,0.0,41.1368,0.0,41.1868,0.0,0.0
14342.0,1.7641,0.0955,1.0,0.0798,1.2018,2.0541,1.0541,2.3511,1.3511,26.6485,2.0659,26.3576,2.0543,100.0,0.0,0.0,0.0,24.625,0.0,25.875,0.0,25.75,0.0,24.75,10.0,0.0,0.009,52.7138,5.2714,2.0,14.0587,1.4592,0.6238,1.4317,0.0199,1.3658,1.004e-05,1.0009,0.0097,1.8173,8.0,0.0674,1.0018,0.2087,2.5413,0.0063,1.0188,0.0624,2.0167,0.0,0.0,0.0,30.0133,25.0,24.0,37.0,37.0,13.0,0.0,0.0,0.0,0.0,41.1366,0.0,41.187,0.0,0.0
14343.0,1.7658,0.0957,1.0,0.0797,1.2014,2.054,1.054,2.3512,1.3512,26.8054,2.0722,26.3582,2.0543,100.0,0.0,0.0,0.0,24.625,0.0,25.875,0.0,25.75,0.0,24.75,10.0,0.0,0.0088,52.7135,5.2713,2.0,14.1146,1.4599,0.6302,1.4324,0.0195,1.3658,1.004e-05,1.0009,0.0097,1.8167,8.0,0.0636,1.0017,0.1774,2.4707,0.0063,1.0221,0.0611,2.0077,0.0,0.0,0.0,30.0139,25.0,24.0,37.0,37.0,16.0,0.0,0.0,0.0,0.0,41.1365,0.0,41.1872,0.0,0.0
14344.0,1.7658,0.0957,1.0,0.0798,1.2016,2.0549,1.0549,2.3512,1.3512,26.7787,2.0711,26.3429,2.0537,100.0,0.0,0.0,0.0,24.625,0.0,25.75,0.0,25.75,0.0,24.875,10.0,0.0,0.0081,52.7132,5.2713,2.0,14.1647,1.4605,0.6046,1.4296,0.0198,1.3658,1.004e-05,1.001,0.0097,1.8168,8.0,0.0712,1.0019,0.1822,2.4824,0.0062,1.0175,0.0578,1.9838,0.0,0.0,0.0,30.013,25.0,24.0,37.0,37.0,14.0,0.0,0.0,0.0,0.0,41.1365,0.0,41.1873,0.0,0.0
14345.0,1.7659,0.0957,1.0,0.0796,1.2013,2.0546,1.0546,2.3511,1.3511,26.6646,2.0666,26.3369,2.0535,100.0,0.0,0.0,0.0,24.625,0.0,25.875,0.0,25.75,0.0,24.75,10.0,0.0,0.0085,52.7131,5.2713,2.0,14.1813,1.4607,0.5868,1.4277,0.0198,1.3658,1.004e-05,1.001,0.0097,1.8167,8.0,0.0693,1.0018,0.1848,2.4886,0.0062,1.016,0.0579,1.9842,0.0,0.0,0.0,30.0127,25.0,24.0,37.0,37.0,14.0,0.0,0.0,0.0,0.0,41.1364,0.0,41.187,0.0,0.0
14346.0,1.7668,0.0959,1.0,0.0797,1.2014,2.0546,1.0546,2.3509,1.3509,26.5558,2.0622,26.3353,2.0534,100.0,0.0,0.0,0.0,24.625,0.0,26.0,0.0,25.75,0.0,24.75,10.0,0.0,0.0086,52.7126,5.2713,2.0,14.3395,1.4626,0.5766,1.4265,0.0198,1.3658,1.004e-05,1.001,0.0097,1.8165,8.0,0.0682,1.0018,0.1677,2.4464,0.0058,0.985,0.0772,2.1094,0.0,0.0,0.0,30.0129,25.0,24.0,37.0,37.0,13.0,0.0,0.0,0.0,0.0,41.1369,0.0,41.1873,0.0,0.0
14347.0,1.7667,0.0958,1.0,0.0797,1.2016,2.0547,1.0547,2.3507,1.3507,26.6146,2.0646,26.3571,2.0543,100.0,0.0,0.0,0.0,24.625,0.0,25.875,0.0,25.75,0.0,24.75,10.0,0.0,0.0089,52.7123,5.2712,2.0,14.2342,1.4613,0.5566,1.4244,0.0194,1.3658,1.004e-05,1.001,0.0097,1.8164,8.0,0.0671,1.0018,0.1414,2.3722,0.0056,0.9702,0.082,2.1354,0.0,0.0,0.0,30.0127,25.0,24.0,37.0,37.0,15.0,0.0,0.0,0.0,64.0,41.1368,0.0,41.187,0.0,0.0
14348.0,1.7665,0.0958,1.0,0.0796,1.2012,2.0543,1.0543,2.3508,1.3508,26.771,2.0708,26.3713,2.0549,100.0,0.0,0.0,0.0,24.875,0.0,25.75,0.0,25.875,0.0,24.875,10.0,0.0,0.0087,52.7121,5.2712,2.0,14.3908,1.4632,0.5394,1.4225,0.0184,1.3656,1.004e-05,1.0009,0.0097,1.8162,8.0,0.0625,1.0017,0.1305,2.3374,0.0058,0.9887,0.07,2.0669,0.0,0.0,0.0,30.0127,25.0,24.0,37.0,37.0,13.0,0.0,0.0,0.0,64.0,41.2304,0.0,41.1874,0.0,0.0
14349.0,1.7668,0.0959,1.0,0.0793,1.2004,2.0548,1.0548,2.3512,1.3512,26.7928,2.0717,26.3523,2.0541,100.0,0.0,0.0,0.0,24.75,0.0,25.75,0.0,25.75,0.0,24.75,10.0,0.0,0.0089,52.7117,5.2712,2.0,14.2272,1.4612,0.5168,1.42,0.0177,1.3656,1.004e-05,1.0009,0.0097,1.8162,8.0,0.0643,1.0017,0.1387,2.3639,0.0059,0.996,0.0735,2.0881,0.0,0.0,0.0,30.0124,25.0,24.0,37.0,37.0,13.0,0.0,0.0,0.0,64.0,41.4381,0.0,41.1872,0.0,0.0
14350.0,1.7661,0.0958,1.0,0.0794,1.2007,2.055,1.055,2.3511,1.3511,26.6959,2.0678,26.344,2.0538,100.0,0.0,0.0,0.0,24.625,0.0,25.75,0.0,25.75,0.0,24.75,10.0,0.0,0.0085,52.7112,5.2711,2.0,14.5495,1.4651,0.5861,1.4276,0.0187,1.3657,1.004e-05,1.0009,0.0097,1.8159,8.0,0.0635,1.0017,0.1408,2.3704,0.0065,1.0331,0.0859,2.156,0.0,0.0,0.0,30.0118,25.0,24.0,37.0,37.0,15.0,0.0,0.0,0.0,64.0,41.6,0.0,41.1872,0.0,0.0
14351.0,1.7678,0.096,1.0,0.0798,1.2018,2.0551,1.0551,2.351,1.351,26.5646,2.0626,26.3338,2.0534,100.0,0.0,0.0,0.0,24.75,0.0,25.875,0.0,25.75,0.0,24.875,10.0,0.0,0.0076,52.7111,5.2711,2.0,14.5561,1.4652,0.5216,1.4205,0.0185,1.3657,1.004e-05,1.0009,0.0097,1.816,8.0,0.0673,1.0018,0.1389,2.3644,0.0064,1.0294,0.0765,2.1055,0.0,0.0,0.0,30.0121,25.0,24.0,37.0,37.0,14.0,0.0,0.0,0.0,64.0,41.7893,0.0,41.1869,0.0,0.0
14352.0,1.7668,0.0958,1.0,0.0799,1.2021,2.0544,1.0544,2.3508,1.3508,26.583,2.0633,26.3522,2.0541,100.0,0.0,0.0,0.0,24.75,0.0,25.75,0.0,25.75,0.0,24.75,10.0,0.0,0.0086,52.7111,5.2711,2.0,14.705,1.467,0.5591,1.4246,0.0195,1.3658,1.004e-05,1.0009,0.0097,1.8158,8.0,0.0685,1.0018,0.1075,2.2534,0.0057,0.9771,0.0868,2.1605,0.0,0.0,0.0,30.0116,25.0,24.0,37.0,37.0,15.0,0.0,0.0,0.0,64.0,41.9682,0.0,41.1873,0.0,0.0
14353.0,1.7657,0.0957,1.0,0.0798,1.2018,2.0543,1.0543,2.3507,1.3507,26.7499,2.07,26.3626,2.0545,100.0,0.0,0.0,0.0,24.625,0.0,25.75,0.0,25.875,0.0,24.75,10.0,0.0,0.0085,52.7105,5.271,2.0,14.7866,1.4679,0.6004,1.4291,0.0196,1.3658,1.005e-05,1.0011,0.0097,1.8159,8.0,0.0708,1.0019,0.1175,2.2919,0.0055,0.9651,0.0846,2.149,0.0,0.0,0.0,30.0119,25.0,24.0,37.0,37.0,13.0,0.0,0.0,0.0,64.0,42.1556,0.0,41.1873,0.0,0.0
14354.0,1.7658,0.0957,1.0,0.0798,1.2018,2.0548,1.0548,2.3514,1.3514,26.7975,2.0719,26.3448,2.0538,100.0,0.0,0.0,0.0,24.75,0.0,25.75,0.0,25.75,0.0,24.75,10.0,0.0,0.0083,52.7106,5.271,2.0,14.945,1.4698,0.5672,1.4255,0.0204,1.3659,1.005e-05,1.0011,0.0097,1.8156,8.0,0.0735,1.002,0.1168,2.2894,0.005,0.9235,0.0766,2.1058,0.0,0.0,0.0,30.0112,25.0,25.0,37.0,37.0,14.0,0.0,0.0,0.0,64.0,42.3488,0.0,41.187,0.0,0.0
14355.0,1.7657,0.0957,1.0,0.0799,1.202,2.055,1.055,2.3514,1.3514,26.7145,2.0686,26.3377,2.0535,100.0,0.0,0.0,0.0,24.625,0.0,25.75,0.0,25.75,0.0,24.75,10.0,0.0,0.0085,52.7098,5.2709,2.0,14.7409,1.4674,0.4726,1.4152,0.0198,1.3658,1.004e-05,1.001,0.0097,1.8154,8.0,0.0683,1.0018,0.1055,2.2451,0.006,0.9996,0.0706,2.0707,0.0,0.0,0.0,30.0118,25.0,25.0,37.0,37.0,14.0,0.0,0.0,0.0,64.0,42.5317,0.0,41.1873,0.0,0.0
14356.0,1.7657,0.0957,1.0,0.0797,1.2015,2.0551,1.0551,2.351,1.351,26.6028,2.0641,26.3365,2.0535,100.0,0.0,0.0,0.0,24.75,0.0,25.75,0.0,25.75,0.0,24.875,10.0,0.0,0.0083,52.7095,5.271,2.0,14.7962,1.4681,0.841,1.4554,0.02,1.3658,1.005e-05,1.0011,0.0097,1.8154,8.0,0.0731,1.0019,0.1022,2.2314,0.0057,0.9796,0.0773,2.1099,0.0,0.0,0.0,30.0114,25.0,25.0,37.0,37.0,13.0,0.0,0.0,0.0,64.0,42.7262,0.0,41.1876,0.0,0.0
14357.0,1.7667,0.0958,1.0,0.08,1.2021,2.0549,1.0549,2.3508,1.3508,26.5785,2.0631,26.3609,2.0544,100.0,0.0,0.0,0.0,24.625,0.0,25.75,0.0,25.875,0.0,24.875,10.0,0.0,0.0085,52.7095,5.2709,2.0,15.9357,1.4809,0.8242,1.4536,0.0207,1.3659,1.005e-05,1.0011,0.0097,1.8154,8.0,0.0734,1.002,0.0905,2.1783,0.0064,1.029,0.081,2.1302,0.0,0.0,0.0,30.0111,25.0,25.0,37.0,37.0,16.0,0.0,0.0,0.0,64.0,42.9124,0.0,41.1875,0.0,0.0
14358.0,1.7676,0.0959,1.0,0.0797,1.2015,2.0544,1.0544,2.3507,1.3507,26.7128,2.0685,26.3709,2.0548,100.0,0.0,0.0,0.0,24.625,0.0,25.75,0.0,25.75,0.0,24.75,10.0,0.0,0.0081,52.7092,5.2709,2.0,15.6969,1.4783,0.6164,1.4309,0.0207,1.3659,1.005e-05,1.0011,0.0097,1.8153,8.0,0.0717,1.0019,0.0938,2.1939,0.0065,1.0376,0.0795,2.122,0.0,0.0,0.0,30.011,25.0,25.0,37.0,37.0,14.0,0.0,0.0,0.0,64.0,43.1075,0.0,41.1874,0.0,0.0
14359.0,1.7679,0.096,1.0,0.0797,1.2013,2.0546,1.0546,2.3511,1.3511,26.797,2.0719,26.3574,2.0543,100.0,0.0,0.0,0.0,24.625,0.0,25.75,0.0,25.75,0.0,24.75,10.0,0.0,0.0089,52.7086,5.2708,2.0,15.3475,1.4744,0.5574,1.4244,0.0198,1.3658,1.005e-05,1.0011,0.0097,1.815,8.0,0.0712,1.0019,0.0911,2.1813,0.006,1.003,0.0685,2.0575,0.0,0.0,0.0,30.0109,25.0,25.0,37.0,37.0,15.0,0.0,0.0,0.0,64.0,43.2935,0.0,41.1873,0.0,0.0
14360.0,1.768,0.096,1.0,0.0797,1.2013,2.055,1.055,2.3511,1.3511,26.7267,2.0691,26.3492,2.054,100.0,0.0,0.0,0.0,24.625,0.0,25.75,0.0,25.75,0.0,24.75,10.0,0.0,0.0083,52.7083,5.2708,2.0,15.4738,1.4758,0.5647,1.4252,0.0197,1.3658,1.004e-05,1.001,0.0097,1.8151,8.0,0.067,1.0018,0.1383,2.3626,0.0055,0.964,0.096,2.2042,0.0,0.0,0.0,30.0108,25.0,25.0,37.0,37.0,13.0,0.0,0.0,0.0,64.0,43.4721,0.0,41.1875,0.0,0.0
14361.0,1.7679,0.096,1.0,0.0798,1.2017,2.055,1.055,2.3513,1.3513,26.6133,2.0645,26.3361,2.0534,100.0,0.0,0.0,0.0,24.75,0.0,25.75,0.0,25.875,0.0,24.875,10.0,0.0,0.008,52.7081,5.2708,2.0,15.4938,1.4761,0.5533,1.424,0.0186,1.3657,1.004e-05,1.0009,0.0097,1.8149,8.0,0.0654,1.0017,0.1205,2.3028,0.0061,1.0042,0.0858,2.1555,0.0,0.0,0.0,30.011,25.0,25.0,37.0,37.0,13.0,0.0,0.0,0.0,64.0,43.6756,0.0,41.1872,0.0,0.0
14362.0,1.7679,0.096,1.0,0.0795,1.2009,2.0549,1.0549,2.3512,1.3512,26.5602,2.0624,26.3482,2.0539,100.0,0.0,0.0,0.0,24.75,0.0,25.75,0.0,25.75,0.0,24.875,10.0,0.0,0.0084,52.7077,5.2708,2.0,15.5486,1.4767,0.5574,1.4244,0.0181,1.3656,1.004e-05,1.0009,0.0097,1.8148,8.0,0.065,1.0017,0.1332,2.3465,0.0057,0.9784,0.0823,2.1371,0.0,0.0,0.0,30.0109,25.0,25.0,37.0,37.0,14.0,0.0,0.0,0.0,64.0,43.8659,0.0,41.187,0.0,0.0
14363.0,1.7703,0.0963,1.0,0.0797,1.2014,2.0544,1.0544,2.3507,1.3507,26.7001,2.068,26.3645,2.0546,100.0,0.0,0.0,0.0,24.625,0.0,25.75,0.0,25.75,0.0,24.875,10.0,0.0,0.0083,52.7078,5.2707,2.0,15.6114,1.4774,0.5,1.4182,0.0186,1.3657,1.004e-05,1.0009,0.0097,1.8146,8.0,0.0639,1.0017,0.1507,2.4,0.0058,0.9885,0.0853,2.153,0.0,0.0,0.0,30.0102,25.0,25.0,37.0,37.0,13.0,0.0,0.0,0.0,64.0,44.0696,0.0,41.1871,0.0,0.0
14364.0,1.7732,0.0967,1.0,0.0797,1.2015,2.0545,1.0545,2.3511,1.3511,26.8076,2.0723,26.3601,2.0544,100.0,0.0,0.0,0.0,24.75,0.0,25.75,0.0,25.75,0.0,24.875,10.0,0.0,0.009,52.7074,5.2707,2.0,15.7757,1.4792,0.6098,1.4302,0.0191,1.3657,1.004e-05,1.0009,0.0097,1.8147,8.0,0.0668,1.0018,0.1358,2.3546,0.0059,0.9956,0.0876,2.1643,0.0,0.0,0.0,30.0107,25.0,25.0,37.0,37.0,13.0,0.0,0.0,0.0,64.0,44.2581,0.0,41.1869,0.0,0.0
14365.0,1.7732,0.0966,1.0,0.0799,1.2019,2.055,1.055,2.3511,1.3511,26.7462,2.0698,26.3406,2.0536,100.0,0.0,0.0,0.0,24.75,0.0,25.75,0.0,25.75,0.0,24.875,10.0,0.0,0.0082,52.707,5.2707,2.0,15.8799,1.4803,0.5621,1.425,0.02,1.3658,1.004e-05,1.001,0.0097,1.8147,8.0,0.0683,1.0018,0.1103,2.2645,0.0063,1.018,0.0955,2.2017,0.0,0.0,0.0,30.0101,25.0,25.0,37.0,37.0,14.0,0.0,0.0,0.0,64.0,44.4547,0.0,41.1872,0.0,0.0
14366.0,1.7732,0.0966,1.0,0.0796,1.2011,2.0547,1.0547,2.3515,1.3515,26.6429,2.0657,26.3376,2.0535,100.0,0.0,0.0,0.0,24.625,0.0,25.75,0.0,25.75,0.0,24.75,10.0,0.0,0.0086,52.7068,5.2707,2.0,16.0118,1.4818,0.5603,1.4248,0.0183,1.3656,1.004e-05,1.0009,0.0097,1.8145,8.0,0.0657,1.0018,0.1162,2.2869,0.0057,0.9782,0.0873,2.1628,0.0,0.0,0.0,30.0098,25.0,24.0,37.0,37.0,13.0,0.0,0.0,0.0,64.0,44.6435,0.0,41.187,0.0,0.0
14367.0,1.7693,0.0962,1.0,0.0798,1.2018,2.055,1.055,2.351,1.351,26.5432,2.0617,26.3423,2.0537,100.0,0.0,0.0,0.0,24.75,0.0,25.75,0.0,25.75,0.0,24.875,10.0,0.0,0.0082,52.7069,5.2706,2.0,15.9458,1.4811,0.5373,1.4223,0.0185,1.3657,1.004e-05,1.001,0.0097,1.8142,8.0,0.0638,1.0017,0.108,2.2551,0.0061,1.0044,0.0854,2.1531,0.0,0.0,0.0,30.0102,25.0,24.0,37.0,37.0,13.0,0.0,0.0,0.0,64.0,44.8198,0.0,41.1876,0.0,0.0
14368.0,1.7686,0.0961,1.0,0.0798,1.2017,2.0542,1.0542,2.3511,1.3511,26.6619,2.0665,26.3602,2.0544,100.0,0.0,0.0,0.0,24.625,0.0,25.75,0.0,25.75,0.0,24.75,10.0,0.0,0.0086,52.7062,5.2706,2.0,15.9331,1.4809,0.476,1.4156,0.0199,1.3658,1.004e-05,1.001,0.0097,1.8147,8.0,0.0681,1.0018,0.1008,2.2255,0.0058,0.9829,0.0877,2.1648,0.0,0.0,0.0,30.0102,25.0,24.0,37.0,37.0,15.0,0.0,0.0,0.0,64.0,45.0201,0.0,41.1873,0.0,0.0
14369.0,1.7692,0.0962,1.0,0.0798,1.2018,2.0544,1.0544,2.3514,1.3514,26.8066,2.0723,26.3557,2.0542,100.0,0.0,0.0,0.0,24.625,0.0,25.75,0.0,25.75,0.0,24.875,10.0,0.0,0.0082,52.7062,5.2706,2.0,15.9217,1.4808,0.4357,1.4112,0.0209,1.3659,1.005e-05,1.0011,0.0097,1.8145,8.0,0.0746,1.002,0.0892,2.1724,0.0066,1.0402,0.0836,2.1441,0.0,0.0,0.0,30.0098,25.0,24.0,37.0,37.0,13.0,0.0,0.0,0.0,64.0,45.2315,0.0,41.1871,0.0,0.0
14370.0,1.7737,0.0967,1.0,0.0801,1.2024,2.055,1.055,2.3513,1.3513,26.7676,2.0707,26.3495,2.054,100.0,0.0,0.0,0.0,24.625,0.0,25.75,0.0,25.75,0.0,24.75,10.0,0.0,0.0085,52.7058,5.2706,2.0,15.7989,1.4795,0.3811,1.4052,0.0202,1.3658,1.005e-05,1.0011,0.0097,1.8146,8.0,0.0717,1.0019,0.0813,2.1318,0.0061,1.0051,0.0737,2.0895,0.0,0.0,0.0,30.0098,25.0,24.0,37.0,37.0,14.0,0.0,0.0,0.0,64.0,45.4112,0.0,41.1871,0.0,0.0
14371.0,1.7737,0.0967,1.0,0.0798,1.2018,2.055,1.055,2.3515,1.3515,26.6544,2.0662,26.3371,2.0535,100.0,0.0,0.0,0.0,24.75,0.0,25.75,0.0,25.875,0.0,24.75,10.0,0.0,0.0087,52.7056,5.2706,2.0,15.8647,1.4802,0.4216,1.4096,0.0203,1.3659,1.005e-05,1.0011,0.0097,1.8143,8.0,0.0689,1.0018,0.0857,2.1548,0.006,0.9975,0.0819,2.1353,0.0,0.0,0.0,30.0096,25.0,25.0,37.0,37.0,13.0,0.0,0.0,0.0,64.0,45.5945,0.0,41.1869,0.0,0.0
14372.0,1.7721,0.0965,1.0,0.0797,1.2015,2.055,1.055,2.3512,1.3512,26.5582,2.0623,26.3365,2.0535,100.0,0.0,0.0,0.0,24.625,0.0,25.875,0.0,25.875,0.0,24.875,10.0,0.0,0.0082,52.7053,5.2705,2.0,15.8591,1.4801,0.3295,1.3996,0.0197,1.3658,1.005e-05,1.001,0.0097,1.8144,8.0,0.0675,1.0018,0.0925,2.188,0.0063,1.0229,0.0877,2.165,0.0,0.0,0.0,30.0096,25.0,25.0,37.0,37.0,14.0,0.0,0.0,0.0,64.0,45.7915,0.0,41.187,0.0,0.0
14373.0,1.7717,0.0965,1.0,0.0794,1.2005,2.0545,1.0545,2.3511,1.3511,26.6452,2.0658,26.3576,2.0543,100.0,0.0,0.0,0.0,24.625,0.0,25.75,0.0,25.75,0.0,24.75,10.0,0.0,0.0085,52.7047,5.2704,2.0,15.5602,1.4768,0.2565,1.3916,0.0195,1.3658,1.004e-05,1.0009,0.0097,1.8143,8.0,0.0652,1.0017,0.0838,2.1449,0.0067,1.0449,0.0871,2.162,0.0,0.0,0.0,30.0095,25.0,25.0,37.0,37.0,14.0,0.0,0.0,0.0,64.0,45.9701,0.0,41.1874,0.0,0.0
14374.0,1.771,0.0964,1.0,0.0795,1.201,2.0544,1.0544,2.3513,1.3513,26.7971,2.0719,26.3577,2.0543,100.0,0.0,0.0,0.0,24.625,0.0,25.875,0.0,25.75,0.0,24.75,10.0,0.0,0.0081,52.7044,5.2704,2.0,15.6083,1.4773,0.2385,1.3896,0.0184,1.3656,1.004e-05,1.0009,0.0097,1.8142,8.0,0.0642,1.0017,0.0724,2.0817,0.0056,0.968,0.0725,2.0821,0.0,0.0,0.0,30.0093,25.0,25.0,37.0,37.0,14.0,0.0,0.0,0.0,64.0,46.1645,0.0,41.1871,0.0,0.0
14375.0,1.7709,0.0964,1.0,0.0797,1.2014,2.0548,1.0548,2.3512,1.3512,26.7837,2.0713,26.3448,2.0538,100.0,0.0,0.0,0.0,24.625,0.0,25.75,0.0,25.75,0.0,24.75,10.0,0.0,0.009,52.7044,5.2704,2.0,15.5845,1.4771,0.2353,1.3893,0.018,1.3656,1.004e-05,1.0009,0.0097,1.814,8.0,0.0634,1.0017,0.1407,2.37,0.0061,1.0059,0.0881,2.1669,0.0,0.0,0.0,30.0094,25.0,24.0,37.0,37.0,15.0,0.0,0.0,0.0,64.0,46.3425,0.0,41.187,0.0,0.0
14376.0,1.7701,0.0963,1.0,0.0799,1.2019,2.0551,1.0551,2.3515,1.3515,26.6911,2.0676,26.337,2.0535,100.0,0.0,0.0,0.0,24.625,0.0,25.75,0.0,25.75,0.0,24.75,10.0,0.0,0.0084,52.7044,5.2704,2.0,15.7409,1.4788,0.2857,1.3948,0.0183,1.3656,1.004e-05,1.001,0.0097,1.814,8.0,0.0661,1.0018,0.1508,2.4002,0.0065,1.0344,0.0846,2.1493,0.0,0.0,0.0,30.0093,25.0,24.0,37.0,37.0,13.0,0.0,0.0,0.0,64.0,46.5279,0.0,41.1867,0.0,0.0
14377.0,1.771,0.0964,1.0,0.0794,1.2006,2.0548,1.0548,2.3513,1.3513,26.5546,2.0622,26.3358,2.0534,100.0,0.0,0.0,0.0,24.625,0.0,25.75,0.0,25.875,0.0,24.75,10.0,0.0,0.0082,52.7037,5.2704,2.0,15.9048,1.4806,0.3347,1.4001,0.0179,1.3656,1.004e-05,1.0009,0.0097,1.814,8.0,0.0643,1.0017,0.1401,2.3683,0.0066,1.0439,0.0742,2.0923,0.0,0.0,0.0,30.0092,25.0,24.0,37.0,37.0,14.0,0.0,0.0,0.0,64.0,46.6902,0.0,41.1869,0.0,0.0
14378.0,1.7703,0.0963,1.0,0.0797,1.2015,2.0543,1.0543,2.3512,1.3512,26.6115,2.0645,26.3566,2.0543,100.0,0.0,0.0,0.0,24.75,0.0,25.75,0.0,25.75,0.0,24.75,10.0,0.0,0.0087,52.7034,5.2703,2.0,15.9641,1.4813,0.306,1.397,0.0185,1.3657,1.004e-05,1.0009,0.0096,1.8137,8.0,0.0639,1.0017,0.1004,2.2235,0.006,1.0036,0.0832,2.1421,0.0,0.0,0.0,30.0092,25.0,24.0,37.0,37.0,15.0,0.0,0.0,0.0,64.0,46.8919,0.0,41.1874,0.0,0.0
14379.0,1.7694,0.0962,1.0,0.0798,1.2016,2.0539,1.0539,2.3512,1.3512,26.7739,2.071,26.3607,2.0544,100.0,0.0,0.0,0.0,24.75,0.0,25.875,0.0,25.75,0.0,24.75,10.0,0.0,0.0085,52.703,5.2703,2.0,15.9053,1.4806,0.3454,1.4013,0.0187,1.3657,1.004e-05,1.0009,0.0097,1.8141,8.0,0.0671,1.0018,0.114,2.2787,0.0066,1.0404,0.0717,2.0772,0.0,0.0,0.0,30.0094,25.0,24.0,37.0,37.0,14.0,0.0,0.0,0.0,64.0,47.076,0.0,41.1869,0.0,0.0
14380.0,1.7663,0.0958,1.0,0.0797,1.2016,2.0548,1.0548,2.3515,1.3515,26.7917,2.0717,26.3475,2.0539,100.0,0.0,0.0,0.0,24.625,0.0,25.75,0.0,25.75,0.0,24.75,10.0,0.0,0.0087,52.7027,5.2702,2.0,16.3502,1.4854,0.451,1.4128,0.0197,1.3658,1.005e-05,1.001,0.0097,1.8141,8.0,0.07,1.0019,0.1188,2.2968,0.0057,0.9741,0.0734,2.0876,0.0,0.0,0.0,30.0089,25.0,24.0,37.0,37.0,14.0,0.0,0.0,0.0,64.0,47.2304,0.0,41.187,0.0,0.0
14381.0,1.7657,0.0957,1.0,0.08,1.2021,2.055,1.055,2.3511,1.3511,26.711,2.0684,26.3487,2.0539,100.0,0.0,0.0,0.0,24.625,0.0,25.75,0.0,25.75,0.0,24.75,10.0,0.0,0.0085,52.7023,5.2702,2.0,16.686,1.4889,0.4944,1.4176,0.0201,1.3658,1.005e-05,1.0011,0.0097,1.8143,8.0,0.0714,1.0019,0.0976,2.2112,0.0054,0.9554,0.075,2.0971,0.0,0.0,0.0,30.0087,25.0,24.0,37.0,37.0,13.0,0.0,0.0,0.0,64.0,47.4164,0.0,41.1869,0.0,0.0
14382.0,1.7662,0.0958,1.0,0.0799,1.202,2.055,1.055,2.3514,1.3514,26.5801,2.0632,26.3344,2.0534,100.0,0.0,0.0,0.0,24.625,0.0,25.75,0.0,25.75,0.0,24.75,10.0,0.0,0.0084,52.7023,5.2702,2.0,16.6462,1.4885,0.4404,1.4117,0.0206,1.3659,1.005e-05,1.0011,0.0097,1.8142,8.0,0.0732,1.002,0.095,2.1997,0.0062,1.0173,0.0707,2.0713,0.0,0.0,0.0,30.0091,25.0,24.0,37.0,37.0,13.0,0.0,0.0,0.0,64.0,47.5909,0.0,41.1873,0.0,0.0
14383.0,1.7689,0.0961,1.0,0.0797,1.2015,2.0544,1.0544,2.3511,1.3511,26.6066,2.0643,26.3538,2.0542,100.0,0.0,0.0,0.0,24.75,0.0,25.75,0.0,25.75,0.0,24.75,10.0,0.0,0.0079,52.7017,5.2701,2.0,16.6419,1.4885,0.3982,1.4071,0.0199,1.3658,1.005e-05,1.0011,0.0097,1.8143,8.0,0.0728,1.0019,0.0831,2.1413,0.006,1.0025,0.0741,2.0915,0.0,0.0,0.0,30.0096,25.0,24.0,37.0,37.0,15.0,0.0,0.0,0.0,64.0,47.7718,0.0,41.1872,0.0,0.0
14384.0,1.7689,0.0961,1.0,0.0797,1.2015,2.0544,1.0544,2.3512,1.3512,26.7645,2.0706,26.3639,2.0546,100.0,0.0,0.0,0.0,24.625,0.0,25.75,0.0,25.75,0.0,24.875,10.0,0.0,0.009,52.7018,5.2702,2.0,16.3826,1.4858,0.332,1.3999,0.0197,1.3658,1.004e-05,1.001,0.0097,1.814,8.0,0.0691,1.0018,0.0964,2.206,0.0061,1.0057,0.0781,2.1148,0.0,0.0,0.0,30.0088,25.0,24.0,37.0,37.0,14.0,0.0,0.0,0.0,64.0,47.9593,0.0,41.1873,0.0,0.0
14385.0,1.7679,0.096,1.0,0.0796,1.2012,2.0546,1.0546,2.3515,1.3515,26.8031,2.0721,26.3482,2.0539,100.0,0.0,0.0,0.0,24.75,0.0,25.75,0.0,25.75,0.0,24.75,10.0,0.0,0.0088,52.7015,5.2701,2.0,16.2327,1.4842,0.2337,1.3891,0.0185,1.3657,1.004e-05,1.001,0.0097,1.8141,8.0,0.0669,1.0018,0.0904,2.1782,0.006,1.0023,0.0722,2.0806,0.0,0.0,0.0,30.0091,25.0,24.0,37.0,37.0,14.0,0.0,0.0,0.0,64.0,48.1362,0.0,41.1868,0.0,0.0
14386.0,1.7679,0.096,1.0,0.0798,1.2017,2.055,1.055,2.3515,1.3515,26.7007,2.068,26.3495,2.054,100.0,0.0,0.0,0.0,24.75,0.0,25.75,0.0,25.75,0.0,24.75,10.0,0.0,0.0085,52.7012,5.2701,2.0,16.16,1.4834,0.2907,1.3953,0.0184,1.3656,1.004e-05,1.0009,0.0097,1.8143,8.0,0.0625,1.0017,0.0928,2.1896,0.0059,0.996,0.0802,2.1262,0.0,0.0,0.0,30.0086,25.0,24.0,37.0,37.0,14.0,0.0,0.0,0.0,64.0,48.3181,0.0,41.1868,0.0,0.0
14387.0,1.7679,0.096,1.0,0.0797,1.2013,2.0551,1.0551,2.3513,1.3513,26.5848,2.0634,26.344,2.0538,100.0,0.0,0.0,0.0,24.625,0.0,25.75,0.0,25.875,0.0,24.875,10.0,0.0,0.0087,52.7011,5.2701,2.0,16.2406,1.4842,0.2064,1.3861,0.0182,1.3656,1.004e-05,1.0009,0.0097,1.8141,8.0,0.0639,1.0017,0.0771,2.1089,0.0057,0.975,0.0901,2.1768,0.0,0.0,0.0,30.0088,25.0,24.0,37.0,37.0,15.0,0.0,0.0,0.0,64.0,48.5364,0.0,41.1868,0.0,0.0
14388.0,1.769,0.0961,1.0,0.0796,1.2013,2.0549,1.0549,2.3516,1.3516,26.576,2.063,26.3487,2.0539,100.0,0.0,0.0,0.0,24.625,0.0,25.875,0.0,25.625,0.0,24.75,10.0,0.0,0.0088,52.7007,5.27,2.0,16.2835,1.4847,0.2508,1.391,0.0189,1.3657,1.004e-05,1.001,0.0097,1.8144,8.0,0.0654,1.0017,0.0813,2.1321,0.0059,0.9911,0.0938,2.1938,0.0,0.0,0.0,30.0087,25.0,24.0,37.0,37.0,14.0,0.0,0.0,0.0,64.0,48.6753,0.0,41.1867,0.0,0.0
14389.0,1.7683,0.096,1.0,0.0798,1.2017,2.0544,1.0544,2.3512,1.3512,26.7245,2.069,26.373,2.0549,100.0,0.0,0.0,0.0,24.75,0.0,25.75,0.0,25.75,0.0,24.75,10.0,0.0,0.009,52.7003,5.27,2.0,16.1934,1.4837,0.2461,1.3905,0.0183,1.3656,1.004e-05,1.0009,0.0097,1.8141,8.0,0.0632,1.0017,0.0793,2.1212,0.0061,1.0102,0.1004,2.2235,0.0,0.0,0.0,30.0089,25.0,24.0,37.0,37.0,14.0,0.0,0.0,0.0,64.0,48.8608,0.0,41.1873,0.0,0.0
14390.0,1.7673,0.0959,1.0,0.0796,1.2011,2.0546,1.0546,2.3519,1.3519,26.8057,2.0722,26.351,2.054,100.0,0.0,0.0,0.0,24.75,0.0,25.75,0.0,25.75,0.0,24.75,10.0,0.0,0.0084,52.7004,5.27,2.0,16.5868,1.4879,0.3783,1.4049,0.019,1.3657,1.004e-05,1.0008,0.0097,1.8143,8.0,0.0638,1.0017,0.0746,2.0945,0.0062,1.016,0.0915,2.1833,0.0,0.0,0.0,30.0082,25.0,24.0,37.0,37.0,14.0,0.0,0.0,0.0,64.0,49.0112,0.0,41.187,0.0,0.0
14391.0,1.7664,0.0958,1.0,0.0798,1.2016,2.055,1.055,2.3519,1.3519,26.7426,2.0697,26.3395,2.0536,100.0,0.0,0.0,0.0,24.75,0.0,25.75,0.0,25.75,0.0,24.75,10.0,0.0,0.0092,52.7002,5.27,2.0,16.9296,1.4915,0.4392,1.4116,0.0189,1.3657,1.004e-05,1.0009,0.0097,1.8142,8.0,0.0656,1.0017,0.0643,2.0302,0.006,0.9977,0.0881,2.1667,0.0,0.0,0.0,30.0085,25.0,24.0,37.0,37.0,15.0,0.0,0.0,0.0,64.0,49.2003,0.0,41.1868,0.0,0.0
14392.0,1.7657,0.0957,1.0,0.0797,1.2014,2.0551,1.0551,2.3514,1.3514,26.6191,2.0648,26.3465,2.0539,100.0,0.0,0.0,0.0,24.75,0.0,25.875,0.0,25.75,0.0,24.75,10.0,0.0,0.0084,52.6997,5.27,2.0,17.1938,1.4941,0.4632,1.4142,0.0189,1.3657,1.004e-05,1.0009,0.0097,1.8143,8.0,0.0682,1.0018,0.062,2.0141,0.0067,1.0454,0.0867,2.16,0.0,0.0,0.0,30.0086,25.0,24.0,37.0,37.0,16.0,0.0,0.0,0.0,64.0,49.3929,0.0,41.187,0.0,0.0
14393.0,1.7658,0.0957,1.0,0.0799,1.2019,2.055,1.055,2.3513,1.3513,26.559,2.0624,26.3542,2.0542,100.0,0.0,0.0,0.0,24.75,0.0,25.875,0.0,25.75,0.0,24.75,10.0,0.0,0.0085,52.6996,5.2699,2.0,17.041,1.4926,0.3837,1.4055,0.02,1.3658,1.005e-05,1.0011,0.0097,1.8144,8.0,0.0731,1.0019,0.0521,1.9385,0.007,1.068,0.088,2.1666,0.0,0.0,0.0,30.0084,25.0,24.0,37.0,37.0,14.0,0.0,0.0,0.0,64.0,49.5673,0.0,41.1868,0.0,0.0
14394.0,1.7658,0.0957,1.0,0.0799,1.202,2.0544,1.0544,2.3515,1.3515,26.7083,2.0683,26.3657,2.0546,100.0,0.0,0.0,0.0,24.75,0.0,25.75,0.0,25.75,0.0,24.75,10.0,0.0,0.0093,52.6994,5.2699,2.0,17.2815,1.495,0.4616,1.414,0.0203,1.3658,1.005e-05,1.0011,0.0097,1.8145,8.0,0.0743,1.002,0.0565,1.9742,0.0057,0.9785,0.088,2.1665,0.0,0.0,0.0,30.0084,25.0,24.0,37.0,37.0,14.0,0.0,0.0,0.0,64.0,49.7618,0.0,41.1872,0.0,0.0
14395.0,1.7668,0.0958,1.0,0.0796,1.2011,2.0547,1.0547,2.352,1.352,26.8004,2.072,26.3579,2.0543,100.0,0.0,0.0,0.0,24.75,0.0,25.75,0.0,25.875,0.0,24.875,10.0,0.0,0.0087,52.6991,5.2699,2.0,17.4334,1.4966,0.5322,1.4217,0.0202,1.3658,1.005e-05,1.0011,0.0097,1.8143,8.0,0.0724,1.0019,0.0577,1.983,0.0055,0.9621,0.0794,2.1215,0.0,0.0,0.0,30.0085,25.0,24.0,37.0,37.0,12.0,0.0,0.0,0.0,64.0,49.9418,0.0,41.1874,0.0,0.0
14396.0,1.7668,0.0959,1.0,0.0798,1.2016,2.055,1.055,2.3516,1.3516,26.7436,2.0697,26.3498,2.054,100.0,0.0,0.0,0.0,24.75,0.0,25.75,0.0,25.75,0.0,24.625,10.0,0.0,0.0086,52.6986,5.2699,2.0,17.7143,1.4993,0.5709,1.4259,0.0199,1.3658,1.004e-05,1.001,0.0097,1.8143,8.0,0.0672,1.0018,0.049,1.9123,0.0059,0.9908,0.0851,2.152,0.0,0.0,0.0,30.0083,25.0,24.0,37.0,37.0,13.0,0.0,0.0,0.0,64.0,50.1383,0.0,41.1872,0.0,0.0
14397.0,1.7678,0.096,1.0,0.0797,1.2013,2.0551,1.0551,2.3519,1.3519,26.6239,2.065,26.3422,2.0537,100.0,0.0,0.0,0.0,24.625,0.0,25.75,0.0,25.875,0.0,24.75,10.0,0.0,0.0087,52.6984,5.2698,2.0,17.8376,1.5005,0.5562,1.4243,0.0198,1.3658,1.005e-05,1.0011,0.0097,1.8143,8.0,0.066,1.0018,0.0435,1.8604,0.006,1.0011,0.0795,2.122,0.0,0.0,0.0,30.0082,25.0,24.0,37.0,37.0,13.0,0.0,0.0,0.0,64.0,50.3171,0.0,41.1874,0.0,0.0
14398.0,1.769,0.0961,1.0,0.0798,1.2016,2.055,1.055,2.3516,1.3516,26.55,2.062,26.3501,2.054,100.0,0.0,0.0,0.0,24.625,0.0,25.75,0.0,25.75,0.0,24.875,10.0,0.0,0.0086,52.6981,5.2698,2.0,17.9726,1.5018,0.5625,1.425,0.0187,1.3657,1.004e-05,1.0009,0.0097,1.8142,8.0,0.065,1.0017,0.0497,1.9179,0.0062,1.0143,0.0722,2.0802,0.0,0.0,0.0,30.0081,25.0,24.0,37.0,37.0,13.0,0.0,0.0,0.0,64.0,50.5424,0.0,41.1869,0.0,0.0
14399.0,1.7683,0.096,1.0,0.0796,1.2012,2.0545,1.0545,2.3515,1.3515,26.6635,2.0665,26.3698,2.0548,100.0,0.0,0.0,0.0,24.75,0.0,25.75,0.0,25.75,0.0,24.875,10.0,0.0,0.0088,52.6977,5.2698,2.0,18.1087,1.5032,0.5869,1.4277,0.0198,1.3658,1.004e-05,1.001,0.0097,1.8143,8.0,0.0688,1.0018,0.0463,1.8878,0.006,1.0019,0.0904,2.1779,0.0,0.0,0.0,30.008,25.0,24.0,37.0,37.0,11.0,0.0,0.0,0.0,64.0,50.6727,0.0,41.1869,0.0,0.0
14400.0,1.7678,0.096,1.0,0.0797,1.2015,2.0544,1.0544,2.3518,1.3518,26.8053,2.0722,26.3609,2.0544,100.0,0.0,0.0,0.0,24.625,0.0,25.875,0.0,25.75,0.0,24.75,10.0,0.0,0.0084,52.6976,5.2697,2.0,18.6213,1.508,0.7309,1.4434,0.0192,1.3657,1.004e-05,1.0009,0.0097,1.8143,8.0,0.0646,1.0017,0.043,1.8552,0.0055,0.9605,0.0864,2.1585,0.0,0.0,0.0,30.0082,25.0,24.0,37.0,37.0,14.0,0.0,0.0,0.0,64.0,50.8773,0.0,41.1869,0.0,0.0
14401.0,1.7658,0.0957,1.0,0.0796,1.2012,2.0549,1.0549,2.352,1.352,26.7652,2.0706,26.3422,2.0537,100.0,0.0,0.0,0.0,24.75,0.0,25.75,0.0,25.75,0.0,24.75,10.0,0.0,0.0086,52.6973,5.2697,2.0,18.8116,1.5098,0.7534,1.4458,0.0187,1.3657,1.004e-05,1.0009,0.0097,1.8143,8.0,0.0635,1.0017,0.0332,1.7436,0.0054,0.9538,0.0748,2.0956,0.0,0.0,0.0,30.0084,25.0,24.0,37.0,37.0,14.0,0.0,0.0,0.0,64.0,51.0503,0.0,41.1869,0.0,0.0
14402.0,1.7672,0.0959,1.0,0.0795,1.2009,2.0551,1.0551,2.3519,1.3519,26.6527,2.0661,26.3358,2.0534,100.0,0.0,0.0,0.0,24.625,0.0,25.75,0.0,25.75,0.0,24.75,10.0,0.0,0.0085,52.6969,5.2697,2.0,19.2514,1.5138,0.8247,1.4536,0.0187,1.3657,1.004e-05,1.0009,0.0097,1.8142,8.0,0.0617,1.0016,0.0313,1.718,0.0062,1.0124,0.0813,2.132,0.0,0.0,0.0,30.0081,25.0,24.0,37.0,37.0,14.0,0.0,0.0,0.0,64.0,51.2345,0.0,41.1871,0.0,0.0
14403.0,1.7678,0.096,1.0,0.0798,1.2016,2.055,1.055,2.3516,1.3516,26.548,2.0619,26.348,2.0539,100.0,0.0,0.0,0.0,24.75,0.0,25.75,0.0,25.75,0.0,24.75,10.0,0.0,0.0083,52.697,5.2697,2.0,19.5966,1.5169,0.9067,1.4625,0.0184,1.3656,1.004e-05,1.0009,0.0097,1.8143,8.0,0.0654,1.0017,0.0363,1.7813,0.0066,1.0387,0.089,2.1711,0.0,0.0,0.0,30.0076,25.0,24.0,37.0,37.0,15.0,0.0,0.0,0.0,64.0,51.4324,0.0,41.187,0.0,0.0
14404.0,1.7667,0.0958,1.0,0.0799,1.2019,2.0546,1.0546,2.3515,1.3515,26.6486,2.0659,26.366,2.0546,100.0,0.0,0.0,0.0,24.75,0.0,25.75,0.0,25.75,0.0,24.75,10.0,0.0,0.0085,52.6966,5.2696,2.0,20.1193,1.5214,1.0414,1.4772,0.0196,1.3658,1.004e-05,1.0009,0.0097,1.8147,8.0,0.0679,1.0018,0.036,1.7778,0.0065,1.0332,0.0988,2.2166,0.0,0.0,0.0,30.0074,25.0,24.0,37.0,37.0,13.0,0.0,0.0,0.0,64.0,51.618,0.0,41.1867,0.0,0.0
14405.0,1.7657,0.0957,1.0,0.0797,1.2016,2.0544,1.0544,2.3517,1.3517,26.7984,2.0719,26.3659,2.0546,100.0,0.0,0.0,0.0,24.75,0.0,25.75,0.0,25.875,0.0,24.75,10.0,0.0,0.0097,52.6965,5.2696,2.0,20.569,1.5253,1.0659,1.4799,0.0194,1.3657,1.004e-05,1.001,0.0097,1.8144,8.0,0.0681,1.0018,0.103,2.2346,0.006,1.0023,0.0935,2.1929,0.0,0.0,0.0,30.0079,25.0,24.0,37.0,37.0,14.0,0.0,0.0,0.0,64.0,51.8177,0.0,41.1872,0.0,0.0
14406.0,1.7647,0.0956,1.0,0.08,1.2022,2.0549,1.0549,2.3519,1.3519,26.7559,2.0702,26.3514,2.0541,100.0,0.0,0.0,0.0,24.625,0.0,25.75,0.0,25.875,0.0,24.625,10.0,0.0,0.0088,52.6961,5.2696,2.0,20.7675,1.527,1.0279,1.4758,0.0207,1.3659,1.005e-05,1.0011,0.0097,1.8148,8.0,0.0721,1.0019,0.1046,2.2414,0.006,0.9969,0.0921,2.1859,0.0,0.0,0.0,30.0078,25.0,24.0,37.0,37.0,13.0,0.0,0.0,0.0,64.0,52.0123,0.0,41.1872,0.0,0.0
14407.0,1.7646,0.0956,1.0,0.08,1.2022,2.055,1.055,2.3519,1.3519,26.6787,2.0671,26.3465,2.0539,100.0,0.0,0.0,0.0,24.625,0.0,25.75,0.0,25.875,0.0,24.75,10.0,0.0,0.0085,52.6962,5.2697,2.0,21.0936,1.5297,1.1184,1.4856,0.0205,1.3659,1.005e-05,1.0011,0.0097,1.8147,8.0,0.0725,1.0019,0.0933,2.1916,0.0062,1.0118,0.079,2.1195,0.0,0.0,0.0,30.0074,25.0,24.0,38.0,37.0,13.0,0.0,0.0,0.0,64.0,52.1825,0.0,41.1867,0.0,0.0
14408.0,1.7686,0.0961,1.0,0.0797,1.2016,2.055,1.055,2.3516,1.3516,26.5509,2.062,26.3455,2.0538,100.0,0.0,0.0,0.0,24.625,0.0,25.75,0.0,25.75,0.0,24.875,10.0,0.0,0.0079,52.6954,5.2695,2.0,21.5468,1.5334,1.1122,1.485,0.0208,1.3659,1.005e-05,1.0011,0.0097,1.815,8.0,0.071,1.0019,0.0793,2.1214,0.0066,1.04,0.0787,2.118,0.0,0.0,0.0,30.0077,25.0,25.0,38.0,37.0,14.0,0.0,0.0,0.0,64.0,52.4289,0.0,41.1869,0.0,0.0
14409.0,1.7689,0.0961,1.0,0.0798,1.2018,2.055,1.055,2.3515,1.3515,26.612,2.0645,26.3649,2.0546,100.0,0.0,0.0,0.0,24.75,0.0,25.75,0.0,25.875,0.0,24.875,10.0,0.0,0.0092,52.6952,5.2695,2.0,21.5534,1.5334,1.0417,1.4773,0.0203,1.3659,1.005e-05,1.0011,0.0097,1.8147,8.0,0.0693,1.0018,0.0878,2.1651,0.0058,0.986,0.0758,2.1013,0.0,0.0,0.0,30.0074,25.0,25.0,38.0,37.0,14.0,0.0,0.0,0.0,64.0,52.571,0.0,41.1868,0.0,0.0
14410.0,1.7704,0.0963,1.0,0.0798,1.2018,2.0547,1.0547,2.3513,1.3513,26.7781,2.0711,26.3704,2.0548,100.0,0.0,0.0,0.0,24.625,0.0,25.75,0.0,25.75,0.0,24.75,10.0,0.0,0.0083,52.6954,5.2696,2.0,21.6259,1.534,1.0296,1.476,0.0209,1.3659,1.005e-05,1.0011,0.0097,1.8149,8.0,0.0738,1.002,0.0745,2.0939,0.0058,0.9841,0.0889,2.1708,0.0,0.0,0.0,30.008,25.0,25.0,38.0,37.0,14.0,0.0,0.0,0.0,64.0,52.7423,0.0,41.1869,0.0,0.0
14411.0,1.7714,0.0964,1.0,0.0796,1.2012,2.0548,1.0548,2.352,1.352,26.7911,2.0716,26.3541,2.0542,100.0,0.0,0.0,0.0,24.75,0.0,25.75,0.0,25.75,0.0,24.75,10.0,0.0,0.0085,52.6948,5.2694,2.0,21.6942,1.5345,0.9298,1.4651,0.0202,1.3658,1.005e-05,1.0011,0.0097,1.8151,8.0,0.0719,1.0019,0.0692,2.0619,0.0068,1.0557,0.0842,2.147,0.0,0.0,0.0,30.0076,25.0,25.0,38.0,37.0,13.0,0.0,0.0,0.0,64.0,52.9346,0.0,41.1873,0.0,0.0
14412.0,1.7722,0.0965,1.0,0.0796,1.2011,2.055,1.055,2.3519,1.3519,26.6964,2.0679,26.3386,2.0535,100.0,0.0,0.0,0.0,24.625,0.0,25.875,0.0,25.75,0.0,24.75,10.0,0.0,0.0086,52.6945,5.2695,2.0,21.7111,1.5347,0.9463,1.4669,0.0201,1.3658,1.004e-05,1.001,0.0097,1.8151,8.0,0.0681,1.0018,0.0756,2.1004,0.0058,0.9831,0.0726,2.0827,0.0,0.0,0.0,30.008,25.0,24.0,37.0,37.0,13.0,0.0,0.0,0.0,64.0,53.117,0.0,41.1874,0.0,0.0
14413.0,1.773,0.0966,1.0,0.0797,1.2014,2.0551,1.0551,2.3517,1.3517,26.5686,2.0627,26.3334,2.0533,100.0,0.0,0.0,0.0,24.625,0.0,25.75,0.0,25.75,0.0,24.75,10.0,0.0,0.0088,52.6944,5.2694,2.0,22.2449,1.5389,1.0078,1.4736,0.0191,1.3657,1.004e-05,1.001,0.0097,1.8152,8.0,0.0696,1.0019,0.0638,2.0264,0.0065,1.033,0.0741,2.0918,0.0,0.0,0.0,30.0075,25.0,24.0,37.0,37.0,14.0,0.0,0.0,0.0,64.0,53.3034,0.0,41.187,0.0,0.0
14414.0,1.772,0.0965,1.0,0.0796,1.2013,2.0547,1.0547,2.3516,1.3516,26.6002,2.064,26.3547,2.0542,100.0,0.0,0.0,0.0,24.625,0.0,25.875,0.0,25.875,0.0,24.75,10.0,0.0,0.0091,52.694,5.2694,2.0,22.7722,1.543,1.1565,1.4898,0.0186,1.3657,1.004e-05,1.0009,0.0097,1.8152,8.0,0.064,1.0017,0.0638,2.0265,0.0063,1.0244,0.0788,2.1184,0.0,0.0,0.0,30.0074,25.0,24.0,37.0,37.0,13.0,0.0,0.0,0.0,64.0,53.4809,0.0,41.1876,0.0,0.0
14415.0,1.7721,0.0965,1.0,0.0796,1.2011,2.0544,1.0544,2.3516,1.3516,26.7742,2.071,26.3638,2.0546,100.0,0.0,0.0,0.0,24.625,0.0,25.75,0.0,25.75,0.0,24.875,10.0,0.0,0.0086,52.6938,5.2694,2.0,23.5133,1.5485,1.2689,1.5021,0.018,1.3656,1.004e-05,1.0009,0.0097,1.8155,8.0,0.0636,1.0017,0.0603,2.0021,0.0058,0.9851,0.0696,2.0642,0.0,0.0,0.0,30.0071,25.0,24.0,37.0,37.0,13.0,0.0,0.0,0.0,64.0,53.6709,0.0,41.1875,0.0,0.0
14416.0,1.7707,0.0963,1.0,0.0798,1.2018,2.0549,1.0549,2.352,1.352,26.7937,2.0717,26.3557,2.0542,100.0,0.0,0.0,0.0,24.75,0.0,25.75,0.0,25.75,0.0,24.75,10.0,0.0,0.0087,52.6937,5.2694,2.0,23.7463,1.5502,1.1702,1.4913,0.0184,1.3656,1.004e-05,1.0009,0.0097,1.8154,8.0,0.0645,1.0017,0.1178,2.293,0.006,0.9984,0.0661,2.0419,0.0,0.0,0.0,30.0074,25.0,24.0,37.0,37.0,14.0,0.0,0.0,0.0,64.0,53.8615,0.0,41.1872,0.0,0.0
14417.0,1.7701,0.0963,1.0,0.0797,1.2015,2.0554,1.0554,2.3519,1.3519,26.7086,2.0683,26.3483,2.0539,100.0,0.0,0.0,0.0,24.625,0.0,25.75,0.0,25.75,0.0,24.75,10.0,0.0,0.0082,52.6934,5.2693,2.0,23.7937,1.5506,1.1944,1.4939,0.0186,1.3657,1.004e-05,1.0009,0.0097,1.8157,8.0,0.066,1.0018,0.1151,2.2828,0.0058,0.9819,0.0627,2.0189,0.0,0.0,0.0,30.0072,25.0,24.0,37.0,37.0,14.0,0.0,0.0,0.0,64.0,54.0467,0.0,41.1867,0.0,0.0
14418.0,1.7717,0.0965,1.0,0.0798,1.2017,2.0555,1.0555,2.3518,1.3518,26.5941,2.0638,26.3443,2.0538,100.0,0.0,0.0,0.0,24.75,0.0,25.75,0.0,25.75,0.0,24.75,10.0,0.0,0.0086,52.6931,5.2693,2.0,24.1929,1.5535,1.1597,1.4901,0.0199,1.3658,1.004e-05,1.001,0.0097,1.8157,8.0,0.0682,1.0018,0.1201,2.3013,0.0063,1.024,0.0606,2.0044,0.0,0.0,0.0,30.0075,25.0,24.0,37.0,37.0,13.0,0.0,0.0,0.0,64.0,54.228,0.0,41.1871,0.0,0.0
14419.0,1.7721,0.0965,1.0,0.08,1.2022,2.0552,1.0552,2.3516,1.3516,26.5725,2.0629,26.3602,2.0544,100.0,0.0,0.0,0.0,24.625,0.0,25.875,0.0,25.75,0.0,24.75,10.0,0.0,0.0079,52.6928,5.2692,2.0,24.7433,1.5574,1.2624,1.5014,0.0339,1.3673,1.005e-05,1.0012,0.0097,1.816,8.0,0.074,1.002,0.0878,2.1654,0.0062,1.0119,0.0546,1.9587,0.0,0.0,0.0,30.0075,25.0,24.0,37.0,37.0,14.0,0.0,0.0,0.0,64.0,54.3883,0.0,41.1876,0.0,0.0
14420.0,1.7682,0.096,1.0,0.0798,1.2017,2.0545,1.0545,2.3514,1.3514,26.729,2.0692,26.3722,2.0549,100.0,0.0,0.0,0.0,24.75,0.0,25.75,0.0,25.75,0.0,24.75,10.0,0.0,0.0086,52.6922,5.2692,2.0,25.141,1.5602,1.274,1.5026,0.0423,1.3682,1.005e-05,1.0011,0.0097,1.816,8.0,0.0714,1.0019,0.1117,2.27,0.0057,0.9776,0.0544,1.9573,0.0,0.0,0.0,30.0073,25.0,24.0,37.0,37.0,14.0,0.0,0.0,0.0,64.0,54.5736,0.0,41.1872,0.0,0.0
14421.0,1.7668,0.0958,1.0,0.0798,1.2016,2.0547,1.0547,2.352,1.352,26.8043,2.0722,26.3578,2.0543,100.0,0.0,0.0,0.0,24.625,0.0,25.875,0.0,25.75,0.0,24.75,10.0,0.0,0.0084,52.6924,5.2692,2.0,25.4018,1.5619,1.2191,1.4966,0.061,1.3703,1.004e-05,1.001,0.0097,1.816,8.0,0.0703,1.0019,0.1034,2.2365,0.0064,1.0303,0.051,1.9293,0.0,0.0,0.0,30.0073,25.0,24.0,37.0,37.0,12.0,0.0,0.0,0.0,64.0,54.751,0.0,41.1872,0.0,0.0
14422.0,1.7669,0.0959,1.0,0.0802,1.2028,2.055,1.055,2.3519,1.3519,26.7321,2.0693,26.3479,2.0539,100.0,0.0,0.0,0.0,24.625,0.0,25.75,0.0,25.875,0.0,24.75,10.0,0.0,0.009,52.6921,5.2692,2.0,25.526,1.5628,1.204,1.495,0.0679,1.371,1.005e-05,1.0011,0.0097,1.8161,8.0,0.0711,1.0019,0.1072,2.2522,0.0049,0.9145,0.0534,1.9496,0.0,0.0,0.0,30.007,25.0,24.0,37.0,37.0,14.0,0.0,0.0,0.0,64.0,54.9354,0.0,41.1871,0.0,0.0
14423.0,1.768,0.096,1.0,0.0799,1.202,2.0551,1.0551,2.3518,1.3518,26.6065,2.0643,26.3351,2.0534,100.0,0.0,0.0,0.0,24.75,0.0,25.875,0.0,25.875,0.0,24.75,10.0,0.0,0.0079,52.6919,5.2692,2.0,25.6126,1.5634,1.1328,1.4872,0.0793,1.3723,1.005e-05,1.0011,0.0097,1.8165,8.0,0.0705,1.0019,0.0981,2.2137,0.0062,1.014,0.0486,1.9089,0.0,0.0,0.0,30.0069,25.0,24.0,37.0,37.0,13.0,0.0,0.0,0.0,64.0,55.1183,0.0,41.1868,0.0,0.0
14424.0,1.768,0.096,1.0,0.0798,1.2016,2.0549,1.0549,2.3516,1.3516,26.5647,2.0626,26.3583,2.0543,100.0,0.0,0.0,0.0,24.625,0.0,25.75,0.0,25.75,0.0,24.75,10.0,0.0,0.0087,52.6918,5.2692,2.0,26.1844,1.5672,1.2629,1.5014,0.0969,1.3742,1.004e-05,1.001,0.0097,1.8164,8.0,0.0668,1.0018,0.0966,2.207,0.0066,1.0417,0.0467,1.8911,0.0,0.0,0.0,30.007,25.0,24.0,37.0,37.0,15.0,0.0,0.0,0.0,64.0,55.299,0.0,41.1872,0.0,0.0
14425.0,1.7678,0.096,1.0,0.0797,1.2014,2.0544,1.0544,2.3513,1.3513,26.7299,2.0692,26.3725,2.0549,100.0,0.0,0.0,0.0,24.75,0.0,25.75,0.0,25.75,0.0,24.875,10.0,0.0,0.0081,52.6917,5.2692,2.0,26.8769,1.5718,1.2854,1.5039,0.1128,1.3759,1.004e-05,1.0009,0.0097,1.8162,8.0,0.0631,1.0017,0.0757,2.1009,0.0064,1.0276,0.0432,1.8578,0.0,0.0,0.0,30.0071,25.0,24.0,37.0,37.0,13.0,0.0,0.0,0.0,64.0,55.4805,0.0,41.187,0.0,0.0
14426.0,1.7678,0.096,1.0,0.0794,1.2006,2.0547,1.0547,2.3519,1.3519,26.7939,2.0718,26.3536,2.0541,100.0,0.0,0.0,0.0,24.75,0.0,25.75,0.0,25.75,0.0,24.75,10.0,0.0,0.0083,52.6914,5.2691,2.0,27.7099,1.5771,1.4189,1.5184,0.13,1.3778,1.004e-05,1.0009,0.0097,1.8164,8.0,0.061,1.0016,0.1604,2.4272,0.006,1.0028,0.0452,1.8772,0.0,0.0,0.0,30.0068,25.0,24.0,37.0,37.0,15.0,0.0,0.0,0.0,64.0,55.6606,0.0,41.1866,0.0,0.0
14427.0,1.7678,0.096,1.0,0.0797,1.2014,2.0549,1.0549,2.352,1.352,26.7317,2.0693,26.3406,2.0536,100.0,0.0,0.0,0.0,24.625,0.0,25.75,0.0,25.75,0.0,24.875,10.0,0.0,0.0088,52.6913,5.2691,2.0,27.9865,1.5788,1.346,1.5105,0.1486,1.3798,1.004e-05,1.0009,0.0097,1.8165,8.0,0.0662,1.0018,0.1516,2.4024,0.0057,0.9756,0.042,1.8448,0.0,0.0,0.0,30.0066,25.0,24.0,37.0,37.0,13.0,0.0,0.0,0.0,64.0,55.8448,0.0,41.187,0.0,0.0
14428.0,1.7657,0.0957,1.0,0.0799,1.2019,2.0547,1.0547,2.3518,1.3518,26.6286,2.0651,26.3346,2.0534,100.0,0.0,0.0,0.0,24.75,0.0,25.75,0.0,25.75,0.0,24.875,10.0,0.0,0.0085,52.6907,5.2691,2.0,28.0014,1.5789,1.2429,1.4992,0.1672,1.3819,1.004e-05,1.001,0.0097,1.8169,8.0,0.066,1.0018,0.1352,2.3529,0.0055,0.9661,0.0375,1.7957,0.0,0.0,0.0,30.0072,25.0,25.0,37.0,37.0,14.0,0.0,0.0,0.0,64.0,56.0017,0.0,41.1873,0.0,0.0
14429.0,1.7658,0.0957,1.0,0.0799,1.202,2.0548,1.0548,2.3516,1.3516,26.5554,2.0622,26.3435,2.0537,100.0,0.0,0.0,0.0,24.625,0.0,25.75,0.0,25.75,0.0,24.75,10.0,0.0,0.0089,52.6903,5.269,2.0,28.4079,1.5814,1.3341,1.5092,0.1839,1.3837,1.005e-05,1.0011,0.0097,1.8172,8.0,0.0716,1.0019,0.1342,2.3495,0.0057,0.9808,0.0523,1.9404,0.0,0.0,0.0,30.0068,25.0,25.0,37.0,37.0,14.0,0.0,0.0,0.0,64.0,56.2132,0.0,41.187,0.0,0.0
14430.0,1.765,0.0956,1.0,0.0798,1.2017,2.0544,1.0544,2.3515,1.3515,26.6898,2.0676,26.365,2.0546,100.0,0.0,0.0,0.0,24.75,0.0,25.875,0.0,25.75,0.0,24.875,10.0,0.0,0.009,52.6903,5.269,2.0,28.8155,1.5839,1.2726,1.5025,0.2068,1.3862,1.005e-05,1.0011,0.0097,1.8171,8.0,0.07,1.0019,0.1336,2.3477,0.0062,1.0146,0.0586,1.9899,0.0,0.0,0.0,30.0068,25.0,25.0,37.0,37.0,14.0,0.0,0.0,0.0,64.0,56.3777,0.0,41.1867,0.0,0.0
14431.0,1.7647,0.0956,1.0,0.0798,1.2017,2.0546,1.0546,2.3515,1.3515,26.8083,2.0723,26.3625,2.0545,100.0,0.0,0.0,0.0,24.75,0.0,25.75,0.0,25.875,0.0,24.75,10.0,0.0,0.0084,52.6901,5.269,2.0,28.9204,1.5845,1.1744,1.4918,0.2325,1.389,1.005e-05,1.0011,0.0097,1.8174,8.0,0.0728,1.0019,0.1147,2.2815,0.0061,1.0073,0.0458,1.883,0.0,0.0,0.0,30.0064,25.0,25.0,37.0,37.0,13.0,0.0,0.0,0.0,64.0,56.5645,0.0,41.1871,0.0,0.0
14432.0,1.7647,0.0956,1.0,0.0798,1.2017,2.0552,1.0552,2.3516,1.3516,26.7541,2.0702,26.3502,2.054,100.0,0.0,0.0,0.0,24.75,0.0,25.875,0.0,25.75,0.0,24.75,10.0,0.0,0.0083,52.6901,5.269,2.0,29.2483,1.5864,1.2619,1.5013,0.2487,1.3908,1.005e-05,1.0011,0.0097,1.8176,8.0,0.0715,1.0019,0.1011,2.2266,0.0064,1.026,0.0519,1.9373,0.0,0.0,0.0,30.0066,25.0,24.0,37.0,37.0,15.0,0.0,0.0,0.0,64.0,56.7567,0.0,41.1869,0.0,0.0
14433.0,1.7637,0.0955,1.0,0.0798,1.2017,2.055,1.055,2.3514,1.3514,26.6457,2.0658,26.3462,2.0538,100.0,0.0,0.0,0.0,24.75,0.0,25.75,0.0,25.75,0.0,24.75,10.0,0.0,0.008,52.6896,5.269,2.0,29.9397,1.5905,1.2757,1.5028,0.2709,1.3932,1.005e-05,1.0011,0.0097,1.8175,8.0,0.0698,1.0019,0.0967,2.2074,0.0067,1.046,0.0458,1.883,0.0,0.0,0.0,30.0062,25.0,24.0,37.0,37.0,15.0,0.0,0.0,0.0,64.0,56.9382,0.0,41.1868,0.0,0.0
14434.0,1.7636,0.0955,1.0,0.0797,1.2014,2.055,1.055,2.3513,1.3513,26.5601,2.0624,26.3515,2.0541,100.0,0.0,0.0,0.0,24.625,0.0,25.875,0.0,25.75,0.0,24.75,10.0,0.0,0.0082,52.6895,5.2689,2.0,30.1202,1.5915,1.2527,1.5003,0.2927,1.3956,1.004e-05,1.0009,0.0097,1.8176,8.0,0.0627,1.0017,0.1144,2.2803,0.0061,1.0037,0.043,1.8552,0.0,0.0,0.0,30.0062,25.0,24.0,37.0,37.0,12.0,0.0,0.0,0.0,64.0,57.127,0.0,41.1868,0.0,0.0
14435.0,1.7613,0.0952,1.0,0.0794,1.2007,2.0544,1.0544,2.3515,1.3515,26.6807,2.0672,26.3611,2.0544,100.0,0.0,0.0,0.0,24.625,0.0,25.75,0.0,25.875,0.0,24.75,10.0,0.0,0.0078,52.6894,5.269,2.0,30.493,1.5937,1.3056,1.5061,0.3188,1.3984,1.004e-05,1.0009,0.0097,1.8177,8.0,0.0633,1.0017,0.1033,2.236,0.0061,1.0037,0.0358,1.7761,0.0,0.0,0.0,30.0062,25.0,24.0,37.0,37.0,14.0,0.0,0.0,0.0,64.0,57.3135,0.0,41.1872,0.0,0.0
14436.0,1.7658,0.0957,1.0,0.0799,1.2019,2.054,1.054,2.3517,1.3517,26.8086,2.0723,26.3571,2.0543,100.0,0.0,0.0,0.0,24.75,0.0,25.75,0.0,25.75,0.0,24.75,10.0,0.0,0.0084,52.689,5.2689,2.0,31.1527,1.5974,1.2499,1.5,0.3402,1.4008,1.004e-05,1.0009,0.0097,1.8178,8.0,0.065,1.0017,0.0825,2.1384,0.0057,0.9793,0.0381,1.8033,0.0,0.0,0.0,30.0066,25.0,24.0,37.0,37.0,15.0,0.0,0.0,0.0,64.0,57.5087,0.0,41.187,0.0,0.0
14437.0,1.7658,0.0957,1.0,0.0797,1.2015,2.0551,1.0551,2.3515,1.3515,26.7739,2.071,26.3504,2.054,100.0,0.0,0.0,0.0,24.625,0.0,25.75,0.0,25.75,0.0,24.75,10.0,0.0,0.0079,52.6886,5.2689,2.0,31.4675,1.5991,1.3078,1.5063,0.3684,1.4038,1.004e-05,1.001,0.0097,1.8181,8.0,0.0712,1.0019,0.0799,2.1242,0.0067,1.0471,0.0417,1.8418,0.0,0.0,0.0,30.0067,25.0,25.0,37.0,37.0,14.0,0.0,0.0,0.0,64.0,57.6962,0.0,41.187,0.0,0.0
14438.0,1.7676,0.096,1.0,0.08,1.2023,2.0555,1.0555,2.3515,1.3515,26.6786,2.0671,26.347,2.0539,100.0,0.0,0.0,0.0,24.625,0.0,25.75,0.0,25.75,0.0,24.75,10.0,0.0,0.0082,52.6886,5.2688,2.0,32.137,1.6028,1.3657,1.5126,0.3928,1.4065,1.005e-05,1.0011,0.0097,1.8183,8.0,0.0712,1.0019,0.082,2.1355,0.0065,1.0317,0.052,1.9379,0.0,0.0,0.0,30.0069,25.0,25.0,37.0,37.0,14.0,0.0,0.0,0.0,64.0,57.8806,0.0,41.1871,0.0,0.0
14439.0,1.7675,0.0959,1.0,0.0798,1.2018,2.0551,1.0551,2.3513,1.3513,26.5603,2.0624,26.3465,2.0539,100.0,0.0,0.0,0.0,24.625,0.0,25.75,0.0,25.75,0.0,24.75,10.0,0.0,0.0079,52.6881,5.2688,2.0,32.8402,1.6066,1.4156,1.5181,0.419,1.4093,1.005e-05,1.0011,0.0097,1.8185,8.0,0.0702,1.0019,0.0777,2.112,0.0066,1.0431,0.0517,1.9352,0.0,0.0,0.0,30.0064,25.0,25.0,37.0,37.0,16.0,0.0,0.0,0.0,64.0,58.0578,0.0,41.1873,0.0,0.0
14440.0,1.7686,0.0961,1.0,0.0796,1.2011,2.0545,1.0545,2.3513,1.3513,26.6459,2.0658,26.3643,2.0546,100.0,0.0,0.0,0.0,24.625,0.0,25.75,0.0,26.0,0.0,24.75,10.0,0.0,0.0081,52.6881,5.2688,2.0,33.4975,1.61,1.4303,1.5197,0.4437,1.412,1.004e-05,1.001,0.0097,1.8185,8.0,0.0677,1.0018,0.0796,2.1227,0.0071,1.0749,0.0493,1.9149,0.0,0.0,0.0,30.0062,25.0,25.0,37.0,37.0,13.0,0.0,0.0,0.0,64.0,58.2598,0.0,41.187,0.0,0.0
14441.0,1.7677,0.096,1.0,0.0794,1.2007,2.0544,1.0544,2.3517,1.3517,26.8032,2.0721,26.3674,2.0547,100.0,0.0,0.0,0.0,24.625,0.0,25.75,0.0,25.75,0.0,24.75,10.0,0.0,0.0086,52.6879,5.2688,2.0,33.7337,1.6112,1.3451,1.5104,0.4692,1.4148,1.004e-05,1.0008,0.0097,1.8185,8.0,0.0611,1.0016,0.0649,2.0339,0.0056,0.9729,0.0452,1.8771,0.0,0.0,0.0,30.0062,25.0,25.0,37.0,37.0,13.0,0.0,0.0,0.0,64.0,58.4041,0.0,41.1871,0.0,0.0
14442.0,1.7668,0.0959,1.0,0.0796,1.2011,2.0549,1.0549,2.3517,1.3517,26.7804,2.0712,26.3527,2.0541,100.0,0.0,0.0,0.0,24.625,0.0,25.875,0.0,25.875,0.0,24.75,10.0,0.0,0.0086,52.6876,5.2687,2.0,33.9517,1.6123,1.3632,1.5124,0.5012,1.4183,1.004e-05,1.001,0.0097,1.8188,8.0,0.0646,1.0017,0.135,2.3521,0.0064,1.0288,0.0412,1.8368,0.0,0.0,0.0,30.0066,25.0,25.0,37.0,37.0,14.0,0.0,0.0,0.0,64.0,58.5506,0.0,41.1871,0.0,0.0
14443.0,1.5842,0.073,1.0,0.0796,1.2012,2.055,1.055,2.3519,1.3519,26.6809,2.0672,26.3449,2.0538,100.0,0.0,0.0,0.0,24.75,0.0,25.75,0.0,25.875,0.0,24.75,10.0,0.0,0.0082,52.6873,5.2687,2.0,34.3342,1.6143,1.2088,1.4955,0.5251,1.4209,1.004e-05,1.0008,0.0097,1.8191,8.0,0.0626,1.0017,0.1594,2.4244,0.006,0.9996,0.043,1.8551,0.0,0.0,0.0,30.0064,25.0,25.0,37.0,37.0,13.0,0.0,0.0,0.0,64.0,58.7115,0.0,41.1871,0.0,0.0
14444.0,1.4079,0.051,1.0,0.0797,1.2016,2.0551,1.0551,2.3517,1.3517,26.5659,2.0626,26.3364,2.0535,100.0,0.0,0.0,0.0,24.75,0.0,25.75,0.0,25.75,0.0,24.75,10.0,0.0,0.0088,52.6872,5.2687,2.0,34.2755,1.614,1.1341,1.4874,0.5548,1.4242,1.004e-05,1.0009,0.0097,1.8194,8.0,0.0643,1.0017,0.1754,2.4658,0.0058,0.9839,0.0427,1.8518,0.0,0.0,0.0,30.0061,25.0,25.0,37.0,37.0,16.0,0.0,0.0,0.0,64.0,58.8876,0.0,41.1877,0.0,0.0
14445.0,1.29,0.0362,1.0,0.0797,1.2015,2.0546,1.0546,2.3516,1.3516,26.621,2.0648,26.3559,2.0542,100.0,0.0,0.0,0.0,24.625,0.0,25.75,0.0,25.875,0.0,24.75,10.0,0.0,0.0086,52.6873,5.2687,2.0,34.5568,1.6154,1.1661,1.4909,0.5842,1.4274,1.004e-05,1.0009,0.0097,1.8194,8.0,0.0662,1.0018,0.1598,2.4254,0.0066,1.0421,0.0537,1.9519,0.0,0.0,0.0,30.0065,25.0,24.0,37.0,37.0,15.0,0.0,0.0,0.0,64.0,59.0749,0.0,41.1869,0.0,0.0
14446.0,1.2348,0.0293,1.0,0.0798,1.2016,2.0542,1.0542,2.3516,1.3516,26.7832,2.0713,26.3605,2.0544,100.0,0.0,0.0,0.0,24.75,0.0,25.75,0.0,25.75,0.0,24.75,10.0,0.0,0.0082,52.687,5.2687,2.0,35.1986,1.6186,1.1568,1.4898,0.6166,1.4309,1.005e-05,1.0011,0.0097,1.8198,8.0,0.0727,1.0019,0.1474,2.3902,0.0062,1.0161,0.0473,1.8964,0.0,0.0,0.0,30.0059,25.0,24.0,37.0,37.0,13.0,0.0,0.0,0.0,64.0,59.275,0.0,41.1875,0.0,0.0
14447.0,1.1938,0.0242,1.0,0.0798,1.2017,2.0548,1.0548,2.352,1.352,26.7941,2.0718,26.3556,2.0542,100.0,0.0,0.0,0.0,24.625,0.0,25.75,0.0,25.875,0.0,24.75,10.0,0.0,0.0081,52.6867,5.2687,2.0,35.4234,1.6197,1.1388,1.4879,0.6441,1.4339,1.005e-05,1.0011,0.0097,1.82,8.0,0.0712,1.0019,0.1843,2.4875,0.0061,1.0041,0.0525,1.9424,0.0,0.0,0.0,30.006,25.0,24.0,37.0,37.0,14.0,0.0,0.0,0.0,64.0,59.4621,0.0,41.1868,0.0,0.0
14448.0,1.1664,0.0208,1.0,0.0797,1.2015,2.0555,1.0555,2.3518,1.3518,26.6914,2.0677,26.3562,2.0542,100.0,0.0,0.0,0.0,24.75,0.0,25.75,0.0,25.75,0.0,24.75,10.0,0.0,0.0079,52.6863,5.2686,2.0,35.3504,1.6194,1.0455,1.4777,0.6735,1.4371,1.005e-05,1.0011,0.0097,1.82,8.0,0.0692,1.0018,0.1698,2.4517,0.0066,1.0406,0.0492,1.9135,0.0,0.0,0.0,30.0061,25.0,24.0,37.0,37.0,12.0,0.0,0.0,0.0,64.0,59.6524,0.0,41.1871,0.0,0.0
14449.0,1.1521,0.019,1.0,0.0797,1.2015,2.0555,1.0555,2.3517,1.3517,26.5778,2.0631,26.3441,2.0538,100.0,0.0,0.0,0.0,24.625,0.0,25.875,0.0,25.75,0.0,24.875,10.0,0.0,0.0084,52.6863,5.2686,2.0,36.0508,1.6228,1.2846,1.5038,0.6991,1.4399,1.004e-05,1.0009,0.0097,1.8201,8.0,0.0639,1.0017,0.1552,2.4129,0.0061,1.0086,0.0412,1.8366,0.0,0.0,0.0,30.0058,25.0,24.0,37.0,37.0,14.0,0.0,0.0,0.0,64.0,59.832,0.0,41.1868,0.0,0.0
14450.0,1.1428,0.0179,1.0,0.0795,1.201,2.0552,1.0552,2.3512,1.3512,26.5919,2.0637,26.3635,2.0545,100.0,0.0,0.0,0.0,24.75,0.0,25.75,0.0,25.75,0.0,24.75,10.0,0.0,0.0089,52.6859,5.2686,2.0,38.1296,1.6325,1.5227,1.5298,0.7239,1.4426,1.004e-05,1.0009,0.0097,1.8206,8.0,0.0641,1.0017,0.1518,2.403,0.0058,0.9875,0.0444,1.8689,0.0,0.0,0.0,30.0062,25.0,24.0,37.0,37.0,15.0,0.0,0.0,0.0,64.0,60.0383,0.0,41.187,0.0,0.0
14451.0,1.1314,0.0164,1.0,0.0797,1.2013,2.0548,1.0548,2.3512,1.3512,26.7634,2.0705,26.3717,2.0549,100.0,0.0,0.0,0.0,24.625,0.0,25.75,0.0,25.75,0.0,24.75,10.0,0.0,0.0085,52.6858,5.2686,2.0,39.3402,1.6379,1.5548,1.5332,0.7574,1.4463,1.004e-05,1.0009,0.0097,1.8208,8.0,0.0651,1.0017,0.1351,2.3526,0.0057,0.9773,0.0463,1.887,0.0,0.0,0.0,30.006,25.0,24.0,37.0,37.0,14.0,0.0,0.0,0.0,64.0,60.2135,0.0,41.1868,0.0,0.0
14452.0,1.127,0.0159,1.0,0.0797,1.2015,2.0547,1.0547,2.352,1.352,26.8074,2.0723,26.3571,2.0543,100.0,0.0,0.0,0.0,24.625,0.0,25.75,0.0,25.75,0.0,24.75,10.0,0.0,0.0083,52.6857,5.2686,2.0,39.9567,1.6406,1.5323,1.5308,0.7916,1.45,1.005e-05,1.0011,0.0097,1.8208,8.0,0.0702,1.0019,0.1028,2.2338,0.0069,1.0601,0.0398,1.8217,0.0,0.0,0.0,30.0062,25.0,24.0,37.0,37.0,14.0,0.0,0.0,0.0,64.0,60.3985,0.0,41.1872,0.0,0.0
14453.0,1.1241,0.0155,1.0,0.0799,1.2019,2.055,1.055,2.3519,1.3519,26.717,2.0687,26.3475,2.0539,100.0,0.0,0.0,0.0,24.625,0.0,25.75,0.0,25.875,0.0,24.75,10.0,0.0,0.0088,52.6853,5.2685,2.0,40.1787,1.6416,1.4743,1.5245,0.817,1.4528,1.004e-05,1.001,0.0097,1.8212,8.0,0.0659,1.0018,0.0964,2.2058,0.0061,1.0093,0.0398,1.8218,0.0,0.0,0.0,30.0062,25.0,24.0,37.0,37.0,13.0,0.0,0.0,0.0,64.0,60.5945,0.0,41.1869,0.0,0.0
14454.0,1.1264,0.0158,1.0,0.0797,1.2014,2.0552,1.0552,2.3518,1.3518,26.5905,2.0636,26.3438,2.0538,100.0,0.0,0.0,0.0,24.75,0.0,25.625,0.0,25.75,0.0,24.875,10.0,0.0,0.0084,52.6852,5.2685,2.0,40.3938,1.6425,1.2927,1.5047,0.8461,1.4559,1.004e-05,1.001,0.0097,1.8212,8.0,0.0673,1.0018,0.1013,2.2275,0.0058,0.9889,0.0515,1.9337,0.0,0.0,0.0,30.0058,25.0,24.0,37.0,37.0,14.0,0.0,0.0,0.0,64.0,60.7878,0.0,41.187,0.0,0.0
14455.0,1.1295,0.0162,1.0,0.0799,1.2021,2.0553,1.0553,2.3515,1.3515,26.571,2.0628,26.3635,2.0545,100.0,0.0,0.0,0.0,24.75,0.0,25.75,0.0,25.75,0.0,24.75,10.0,0.0,0.0087,52.6853,5.2685,2.0,40.7036,1.6439,1.4544,1.5223,0.8754,1.4591,1.005e-05,1.0011,0.0097,1.8216,8.0,0.0733,1.002,0.1264,2.3237,0.0061,1.0042,0.0532,1.9478,0.0,0.0,0.0,30.0058,25.0,24.0,37.0,37.0,13.0,0.0,0.0,0.0,64.0,60.9695,0.0,41.1869,0.0,0.0
14456.0,1.1463,0.0183,1.0,0.0797,1.2015,2.0548,1.0548,2.3511,1.3511,26.7432,2.0697,26.3831,2.0553,100.0,0.0,0.0,0.0,24.625,0.0,25.75,0.0,25.625,0.0,24.875,10.0,0.0,0.0087,52.6849,5.2685,2.0,41.6914,1.648,1.3803,1.5142,0.9022,1.4621,1.005e-05,1.0011,0.0097,1.8219,8.0,0.0745,1.002,0.1146,2.2809,0.0059,0.9943,0.0476,1.8997,0.0,0.0,0.0,30.0058,25.0,24.0,37.0,37.0,14.0,0.0,0.0,0.0,64.0,61.1584,0.0,41.187,0.0,0.0
14457.0,1.4055,0.0507,1.0,0.0797,1.2014,2.0546,1.0546,2.3515,1.3515,26.8161,2.0726,26.3605,2.0544,100.0,0.0,0.0,0.0,24.75,0.0,25.75,0.0,25.75,0.0,24.75,10.0,0.0,0.0086,52.6848,5.2685,2.0,41.9545,1.6491,1.2935,1.5047,0.9283,1.4649,1.004e-05,1.001,0.0097,1.822,8.0,0.0722,1.0019,0.1048,2.242,0.0058,0.988,0.0442,1.8675,0.0,0.0,0.0,30.0057,25.0,25.0,37.0,37.0,14.0,0.0,0.0,0.0,64.0,61.3367,0.0,41.1871,0.0,0.0
14458.0,1.5476,0.0685,1.0,0.0797,1.2013,2.0552,1.0552,2.3519,1.3519,26.7289,2.0692,26.3497,2.054,100.0,0.0,0.0,0.0,24.625,0.0,25.75,0.0,25.75,0.0,24.75,10.0,0.0,0.0084,52.6844,5.2684,2.0,42.3029,1.6505,1.272,1.5024,0.9554,1.4679,1.004e-05,1.0009,0.0097,1.822,8.0,0.0666,1.0018,0.1004,2.2237,0.0064,1.0275,0.0429,1.8546,0.0,0.0,0.0,30.006,25.0,25.0,37.0,37.0,14.0,0.0,0.0,0.0,64.0,61.5234,0.0,41.1874,0.0,0.0
14459.0,1.6294,0.0787,1.0,0.0796,1.2013,2.0554,1.0554,2.3519,1.3519,26.6096,2.0644,26.3462,2.0538,100.0,0.0,0.0,0.0,24.75,0.0,25.75,0.0,25.75,0.0,24.75,10.0,0.0,0.0083,52.6841,5.2684,2.0,42.4249,1.651,1.2178,1.4965,0.9824,1.4708,1.004e-05,1.0009,0.0098,1.8224,8.0,0.0636,1.0017,0.1492,2.3957,0.0063,1.0204,0.0414,1.8387,0.0,0.0,0.0,30.0058,25.0,25.0,37.0,37.0,12.0,0.0,0.0,0.0,64.0,61.6999,0.0,41.1869,0.0,0.0
14460.0,1.679,0.0849,1.0,0.0795,1.2009,2.055,1.055,2.3516,1.3516,26.5554,2.0622,26.3539,2.0542,100.0,0.0,0.0,0.0,24.625,0.0,25.75,0.0,25.875,0.0,24.75,10.0,0.0,0.0083,52.6838,5.2683,2.0,42.4916,1.6513,1.18,1.4924,1.0071,1.4735,1.004e-05,1.0009,0.0098,1.8225,8.0,0.0632,1.0017,0.1618,2.4308,0.0068,1.0547,0.0396,1.8193,0.0,0.0,0.0,30.0061,25.0,25.0,37.0,37.0,14.0,0.0,0.0,0.0,64.0,61.8668,0.0,41.1868,0.0,0.0
14461.0,1.7057,0.0882,1.0,0.0797,1.2015,2.0545,1.0545,2.3515,1.3515,26.7027,2.0681,26.3714,2.0549,100.0,0.0,0.0,0.0,24.75,0.0,25.75,0.0,25.75,0.0,24.75,10.0,0.0,0.0093,52.6838,5.2684,2.0,42.8998,1.653,1.0569,1.4789,1.0316,1.4762,1.028e-05,1.0064,0.0098,1.8228,8.0,0.0651,1.0017,0.1391,2.3652,0.0059,0.9913,0.043,1.8556,0.0,0.0,0.0,30.0056,25.0,24.0,37.0,37.0,15.0,0.0,0.0,0.0,64.0,62.0308,0.0,41.187,0.0,0.0
14462.0,1.7245,0.0906,1.0,0.0799,1.202,2.0545,1.0545,2.3519,1.3519,26.8105,2.0724,26.3612,2.0544,100.0,0.0,0.0,0.0,24.75,0.0,25.75,0.0,25.75,0.0,24.75,10.0,0.0,0.0083,52.6834,5.2684,2.0,42.8698,1.6529,0.9862,1.4712,1.06,1.4793,1.07e-05,1.0156,0.0098,1.823,8.0,0.0713,1.0019,0.1305,2.3373,0.0052,0.9344,0.0401,1.8248,0.0,0.0,0.0,30.0055,25.0,24.0,37.0,37.0,12.0,0.0,0.0,0.0,64.0,62.2335,0.0,41.1869,0.0,0.0
14463.0,1.7369,0.0921,1.0,0.0799,1.2019,2.0549,1.0549,2.3519,1.3519,26.7509,2.07,26.351,2.054,100.0,0.0,0.0,0.0,24.75,0.0,25.75,0.0,25.75,0.0,24.75,10.0,0.0,0.0083,52.6833,5.2684,2.0,43.1276,1.6539,0.9776,1.4703,1.0837,1.4819,1.109e-05,1.0241,0.0098,1.8235,8.0,0.0727,1.0019,0.1385,2.3634,0.006,1.0007,0.0456,1.8806,0.0,0.0,0.0,30.0061,25.0,24.0,37.0,37.0,14.0,0.0,0.0,0.0,64.0,62.3857,0.0,41.1868,0.0,0.0
14464.0,1.7471,0.0934,1.0,0.0798,1.2017,2.0552,1.0552,2.3518,1.3518,26.6322,2.0653,26.3451,2.0538,100.0,0.0,0.0,0.0,24.625,0.0,25.75,0.0,25.875,0.0,24.75,10.0,0.0,0.0092,52.6832,5.2683,2.0,43.3457,1.6548,0.9555,1.4679,1.1072,1.4844,1.154e-05,1.0332,0.0098,1.8238,8.0,0.0668,1.0018,0.1295,2.3341,0.0061,1.0039,0.0474,1.8975,0.0,0.0,0.0,30.0054,25.0,24.0,37.0,37.0,14.0,0.0,0.0,0.0,0.0,62.4947,0.0,41.1871,0.0,0.0
14465.0,1.7526,0.0941,1.0,0.0797,1.2013,2.0554,1.0554,2.3516,1.3516,26.5501,2.062,26.3562,2.0542,100.0,0.0,0.0,0.0,24.625,0.0,25.75,0.0,25.875,0.0,24.75,10.0,0.0,0.0084,52.6827,5.2682,2.0,44.2128,1.6582,1.0091,1.4737,1.1339,1.4873,1.197e-05,1.0417,0.0098,1.8241,8.0,0.0707,1.0019,0.1091,2.2598,0.0068,1.0513,0.0456,1.8812,0.0,0.0,0.0,30.0056,25.0,24.0,37.0,37.0,14.0,0.0,0.0,0.0,0.0,62.4959,0.0,41.187,0.0,0.0
14466.0,1.757,0.0946,1.0,0.08,1.2023,2.0549,1.0549,2.3515,1.3515,26.6764,2.0671,26.3722,2.0549,100.0,0.0,0.0,0.0,24.625,0.0,25.75,0.0,25.75,0.0,24.75,10.0,0.0,0.0084,52.6828,5.2683,2.0,45.2794,1.6624,1.1251,1.4864,1.1572,1.4899,1.244e-05,1.0507,0.0098,1.8243,8.0,0.0738,1.002,0.1099,2.2627,0.0063,1.0237,0.0474,1.8975,0.0,0.0,0.0,30.0059,25.0,24.0,37.0,37.0,14.0,0.0,0.0,0.0,0.0,62.4961,0.0,41.1873,0.0,0.0
14467.0,1.7601,0.095,1.0,0.0797,1.2015,2.0544,1.0544,2.3521,1.3521,26.8057,2.0722,26.3634,2.0545,100.0,0.0,0.0,0.0,24.625,0.0,25.75,0.0,25.75,0.0,24.875,10.0,0.0,0.0086,52.6826,5.2682,2.0,45.7587,1.6642,1.0732,1.4807,1.1808,1.4925,1.292e-05,1.0596,0.0098,1.8245,8.0,0.0714,1.0019,0.1156,2.2849,0.0052,0.9348,0.0423,1.8483,0.0,0.0,0.0,30.0057,25.0,24.0,37.0,37.0,14.0,0.0,0.0,0.0,0.0,62.4964,0.0,41.1868,0.0,0.0
14468.0,1.7589,0.0949,1.0,0.0798,1.2016,2.0552,1.0552,2.3523,1.3523,26.7694,2.0708,26.3533,2.0541,100.0,0.0,0.0,0.0,24.75,0.0,25.625,0.0,25.75,0.0,24.75,10.0,0.0,0.009,52.6823,5.2682,2.0,45.5639,1.6634,1.0273,1.4757,1.2048,1.4951,1.337e-05,1.0676,0.0098,1.8246,8.0,0.0685,1.0018,0.1044,2.2406,0.0061,1.0097,0.0421,1.8465,0.0,0.0,0.0,30.0055,25.0,24.0,37.0,37.0,13.0,0.0,0.0,0.0,0.0,62.4961,0.0,41.1868,0.0,0.0
14469.0,1.7593,0.0949,1.0,0.0794,1.2007,2.0558,1.0558,2.352,1.352,26.6661,2.0666,26.3573,2.0543,100.0,0.0,0.0,0.0,24.75,0.0,25.875,0.0,25.75,0.0,24.875,10.0,0.0,0.0083,52.6819,5.2682,2.0,46.5275,1.6671,1.1033,1.484,1.2289,1.4977,1.387e-05,1.076,0.0098,1.8248,8.0,0.0654,1.0017,0.0859,2.156,0.0054,0.9572,0.0333,1.7446,0.0,0.0,0.0,30.0052,25.0,24.0,37.0,37.0,12.0,0.0,0.0,0.0,0.0,62.4956,0.0,41.1864,0.0,0.0
14470.0,1.7663,0.0958,1.0,0.0795,1.2008,2.0554,1.0554,2.3521,1.3521,26.5496,2.062,26.3554,2.0542,100.0,0.0,0.0,0.0,24.625,0.0,25.875,0.0,25.875,0.0,24.75,10.0,0.0,0.0083,52.6817,5.2682,2.0,48.2383,1.6734,1.2605,1.5011,1.2562,1.5007,1.445e-05,1.0856,0.0098,1.825,8.0,0.0629,1.0017,0.0869,2.1608,0.0061,1.0051,0.0379,1.8003,0.0,0.0,0.0,30.0052,25.0,24.0,37.0,37.0,13.0,0.0,0.0,0.0,0.0,62.4961,0.0,41.1869,0.0,0.0
14471.0,1.7679,0.096,1.0,0.0798,1.2016,2.0546,1.0546,2.3519,1.3519,26.6363,2.0655,26.3665,2.0547,100.0,0.0,0.0,0.0,24.75,0.0,25.75,0.0,25.875,0.0,24.75,10.0,0.0,0.0091,52.6818,5.2682,2.0,48.2975,1.6736,1.1668,1.4909,1.2754,1.5028,1.494e-05,1.0933,0.0098,1.8253,8.0,0.0659,1.0018,0.093,2.1902,0.0065,1.0321,0.0383,1.8051,0.0,0.0,0.0,30.005,25.0,24.0,37.0,37.0,14.0,0.0,0.0,0.0,0.0,62.4961,0.0,41.1866,0.0,0.0
14472.0,1.7699,0.0962,1.0,0.0799,1.2019,2.0544,1.0544,2.3521,1.3521,26.8039,2.0722,26.3675,2.0547,100.0,0.0,0.0,0.0,24.625,0.0,25.875,0.0,25.75,0.0,24.875,10.0,0.0,0.0097,52.6815,5.2681,2.0,48.7111,1.6751,1.451,1.5219,1.3007,1.5055,1.552e-05,1.1022,0.0098,1.8258,8.0,0.066,1.0018,0.0914,2.183,0.0067,1.0496,0.0328,1.7371,0.0,0.0,0.0,30.0057,25.0,24.0,37.0,37.0,13.0,0.0,0.0,0.0,0.0,62.4965,0.0,41.187,0.0,0.0
14473.0,1.771,0.0964,1.0,0.0799,1.2021,2.055,1.055,2.3524,1.3524,26.7878,2.0715,26.3521,2.0541,100.0,0.0,0.0,0.0,24.75,0.0,25.75,0.0,25.75,0.0,24.75,10.0,0.0,0.0089,52.6811,5.2681,2.0,50.9441,1.6828,1.3219,1.5078,1.3274,1.5084,1.615e-05,1.1114,0.0098,1.8259,8.0,0.0714,1.0019,0.0841,2.1466,0.0068,1.0525,0.0495,1.9166,0.0,0.0,0.0,30.0053,25.0,24.0,37.0,37.0,13.0,0.0,0.0,0.0,0.0,62.4962,0.0,41.1871,0.0,0.0
14474.0,1.772,0.0965,1.0,0.0799,1.2019,2.0555,1.0555,2.3523,1.3523,26.6874,2.0675,26.3569,2.0543,100.0,0.0,0.0,0.0,24.75,0.0,25.75,0.0,25.75,0.0,24.875,10.0,0.0,0.0086,52.6809,5.2681,2.0,50.8566,1.6825,1.256,1.5007,1.3413,1.51,1.669e-05,1.119,0.0098,1.826,8.0,0.0717,1.0019,0.0674,2.0503,0.0055,0.9652,0.0481,1.9038,0.0,0.0,0.0,30.0058,25.0,24.0,37.0,37.0,13.0,0.0,0.0,0.0,0.0,62.496,0.0,41.1871,0.0,0.0
14475.0,1.7712,0.0964,1.0,0.0797,1.2015,2.0554,1.0554,2.3522,1.3522,26.5644,2.0626,26.3534,2.0541,100.0,0.0,0.0,0.0,24.625,0.0,25.75,0.0,25.875,0.0,24.75,10.0,0.0,0.009,52.6807,5.268,2.0,51.1026,1.6834,1.1649,1.4907,1.3624,1.5123,1.732e-05,1.1276,0.0098,1.8263,8.0,0.0734,1.002,0.0751,2.0974,0.0059,0.9903,0.0459,1.8832,0.0,0.0,0.0,30.005,25.0,24.0,37.0,37.0,13.0,0.0,0.0,0.0,0.0,62.4956,0.0,41.1867,0.0,0.0
14476.0,1.7674,0.0959,1.0,0.0798,1.2017,2.0547,1.0547,2.3521,1.3521,26.6156,2.0646,26.3676,2.0547,100.0,0.0,0.0,0.0,24.75,0.0,25.75,0.0,25.75,0.0,24.75,10.0,0.0,0.0083,52.6807,5.268,2.0,51.0192,1.6831,1.122,1.486,1.3837,1.5146,1.795e-05,1.1359,0.0098,1.8265,8.0,0.0719,1.0019,0.0661,2.0418,0.0058,0.9858,0.0439,1.8646,0.0,0.0,0.0,30.0053,25.0,24.0,37.0,37.0,14.0,0.0,0.0,0.0,0.0,62.4959,0.0,41.1867,0.0,0.0
14477.0,1.7649,0.0956,1.0,0.0797,1.2014,2.0544,1.0544,2.3524,1.3524,26.7757,2.071,26.3704,2.0548,100.0,0.0,0.0,0.0,24.625,0.0,25.75,0.0,25.75,0.0,24.75,10.0,0.0,0.008,52.6803,5.2681,2.0,51.5954,1.685,1.0725,1.4806,1.4001,1.5164,1.861e-05,1.1442,0.0098,1.8267,8.0,0.0699,1.0019,0.0649,2.0338,0.0061,1.0102,0.0399,1.8233,0.0,0.0,0.0,30.0049,25.0,24.0,37.0,37.0,15.0,0.0,0.0,0.0,0.0,62.496,0.0,41.1866,0.0,0.0
14478.0,1.7636,0.0955,1.0,0.0796,1.2012,2.055,1.055,2.3527,1.3527,26.7799,2.0712,26.3549,2.0542,100.0,0.0,0.0,0.0,24.625,0.0,25.75,0.0,25.75,0.0,24.75,10.0,0.0,0.0085,52.6803,5.268,2.0,52.0168,1.6865,1.0539,1.4786,1.4097,1.5174,1.923e-05,1.1519,0.0098,1.8264,8.0,0.066,1.0018,0.064,2.0281,0.0067,1.0462,0.038,1.8013,0.0,0.0,0.0,30.0051,25.0,25.0,37.0,37.0,15.0,0.0,0.0,0.0,0.0,62.4957,0.0,41.1871,0.0,0.0
14479.0,1.6574,0.0822,1.0,0.0794,1.2007,2.0554,1.0554,2.3523,1.3523,26.7047,2.0682,26.3488,2.054,100.0,0.0,0.0,0.0,24.75,0.0,25.75,0.0,26.0,0.0,24.75,10.0,0.0,0.0085,52.6801,5.268,2.0,52.229,1.6872,0.9706,1.4695,1.4235,1.5189,1.982e-05,1.159,0.0098,1.8266,8.0,0.0622,1.0017,0.0618,2.0127,0.0063,1.0194,0.0488,1.9105,0.0,0.0,0.0,30.0052,25.0,25.0,37.0,37.0,13.0,0.0,0.0,0.0,0.0,62.4959,0.0,41.187,0.0,0.0
14480.0,1.4177,0.0522,1.0,0.0798,1.2018,2.0551,1.0551,2.3526,1.3526,26.5742,2.063,26.3425,2.0537,100.0,0.0,0.0,0.0,24.625,0.0,25.75,0.0,25.75,0.0,24.75,10.0,0.0,0.0088,52.6801,5.268,2.0,52.5208,1.6881,0.975,1.47,1.4327,1.5199,2.054e-05,1.1672,0.0098,1.8266,8.0,0.0658,1.0018,0.0583,1.9873,0.0064,1.0265,0.0667,2.0458,0.0,0.0,0.0,30.0058,25.0,25.0,37.0,37.0,14.0,0.0,0.0,0.0,0.0,62.4961,0.0,41.1873,0.0,0.0
14481.0,1.3028,0.0379,1.0,0.0797,1.2015,2.0544,1.0544,2.3524,1.3524,26.5916,2.0637,26.3526,2.0541,100.0,0.0,0.0,0.0,24.625,0.0,25.75,0.0,25.75,0.0,24.875,10.0,0.0,0.0089,52.6797,5.2679,2.0,53.3904,1.691,1.0812,1.4816,1.4401,1.5207,2.119e-05,1.1745,0.0098,1.8267,8.0,0.0702,1.0019,0.1201,2.3015,0.0061,1.0105,0.0657,2.0392,0.0,0.0,0.0,30.0056,25.0,25.0,37.0,37.0,13.0,0.0,0.0,0.0,0.0,62.4961,0.0,41.187,0.0,0.0
14482.0,1.2238,0.028,1.0,0.08,1.2024,2.0544,1.0544,2.3524,1.3524,26.7684,2.0707,26.3643,2.0546,100.0,0.0,0.0,0.0,24.75,0.0,25.75,0.0,25.75,0.0,24.75,10.0,0.0,0.0076,52.6793,5.2679,2.0,54.165,1.6935,1.0321,1.4762,1.4434,1.5211,2.185e-05,1.1816,0.0098,1.8267,8.0,0.0725,1.0019,0.1143,2.2799,0.0054,0.9519,0.0616,2.0114,0.0,0.0,0.0,30.0052,25.0,24.0,37.0,37.0,14.0,0.0,0.0,0.0,0.0,62.4957,0.0,41.1867,0.0,0.0
14483.0,1.1933,0.0242,1.0,0.0797,1.2014,2.0547,1.0547,2.3527,1.3527,26.8107,2.0724,26.3574,2.0543,100.0,0.0,0.0,0.0,24.75,0.0,25.75,0.0,25.75,0.0,24.875,10.0,0.0,0.008,52.6791,5.2679,2.0,54.0795,1.6932,0.9259,1.4646,1.4557,1.5224,2.257e-05,1.1892,0.0098,1.8267,8.0,0.0707,1.0019,0.1142,2.2796,0.0054,0.9509,0.0577,1.9832,0.0,0.0,0.0,30.0049,25.0,24.0,37.0,37.0,12.0,0.0,0.0,0.0,0.0,62.4957,0.0,41.1868,0.0,0.0
14484.0,1.1777,0.0222,1.0,0.0796,1.2012,2.0551,1.0551,2.3523,1.3523,26.7252,2.069,26.3493,2.054,100.0,0.0,0.0,0.0,24.625,0.0,25.875,0.0,26.0,0.0,24.75,10.0,0.0,0.008,52.6789,5.2679,2.0,54.6267,1.695,0.9494,1.4672,1.4558,1.5224,2.328e-05,1.1963,0.0098,1.8266,8.0,0.065,1.0017,0.1115,2.2691,0.0063,1.0184,0.0516,1.9347,0.0,0.0,0.0,30.0044,25.0,24.0,37.0,37.0,16.0,0.0,0.0,0.0,0.0,62.4961,0.0,41.1873,0.0,0.0
14485.0,1.1713,0.0214,1.0,0.0795,1.201,2.0553,1.0553,2.3522,1.3522,26.6032,2.0641,26.3445,2.0538,100.0,0.0,0.0,0.0,24.625,0.0,25.75,0.0,25.75,0.0,24.75,10.0,0.0,0.0088,52.6789,5.2679,2.0,55.2116,1.6968,1.0134,1.4742,1.4553,1.5224,2.396e-05,1.203,0.0098,1.8264,8.0,0.0642,1.0017,0.1034,2.2362,0.0059,0.9927,0.0668,2.0465,0.0,0.0,0.0,30.0049,25.0,24.0,37.0,37.0,13.0,0.0,0.0,0.0,0.0,62.4967,0.0,41.1869,0.0,0.0
14486.0,1.3141,0.0393,1.0,0.0797,1.2014,2.0549,1.0549,2.3523,1.3523,26.582,2.0633,26.3615,2.0545,100.0,0.0,0.0,0.0,24.75,0.0,25.75,0.0,25.75,0.0,24.875,10.0,0.0,0.0086,52.6783,5.2678,2.0,56.4371,1.7006,1.045,1.4776,1.4581,1.5227,2.47e-05,1.2101,0.0098,1.8263,8.0,0.0648,1.0017,0.0971,2.2092,0.0064,1.0253,0.0608,2.0061,0.0,0.0,0.0,30.005,25.0,24.0,37.0,37.0,13.0,0.0,0.0,0.0,0.0,62.5282,0.0,41.1869,0.0,0.0
14487.0,1.5076,0.0635,1.0,0.0796,1.2012,2.0549,1.0549,2.3519,1.3519,26.7402,2.0696,26.3738,2.055,100.0,0.0,0.0,0.0,24.625,0.0,25.75,0.0,25.75,0.0,24.75,10.0,0.0,0.0079,52.6782,5.2678,2.0,57.2456,1.7031,1.151,1.4892,1.4589,1.5228,2.541e-05,1.2166,0.0098,1.8263,8.0,0.0636,1.0017,0.0857,2.1549,0.0064,1.0279,0.0584,1.9881,0.0,0.0,0.0,30.0053,25.0,24.0,37.0,37.0,13.0,0.0,0.0,0.0,0.0,62.5288,0.0,41.1868,0.0,0.0
14488.0,1.5882,0.0735,1.0,0.0797,1.2014,2.055,1.055,2.3525,1.3525,26.8037,2.0721,26.3588,2.0544,100.0,0.0,0.0,0.0,24.625,0.0,25.75,0.0,25.75,0.0,24.75,10.0,0.0,0.0084,52.6781,5.2678,2.0,58.4945,1.7068,1.1752,1.4918,1.4551,1.5224,2.614e-05,1.2232,0.0098,1.8261,8.0,0.065,1.0017,0.1475,2.3908,0.0057,0.9797,0.0577,1.983,0.0,0.0,0.0,30.0046,25.0,24.0,37.0,37.0,15.0,0.0,0.0,0.0,0.0,62.5847,0.0,41.1869,0.0,0.0
14489.0,1.6525,0.0816,1.0,0.0798,1.2017,2.055,1.055,2.3527,1.3527,26.7386,2.0695,26.3412,2.0536,100.0,0.0,0.0,0.0,24.75,0.0,25.75,0.0,25.75,0.0,24.625,10.0,0.0,0.0081,52.6783,5.2678,2.0,59.1188,1.7087,1.1281,1.4867,1.4559,1.5225,2.682e-05,1.2292,0.0098,1.8263,8.0,0.0663,1.0018,0.1488,2.3945,0.0058,0.9852,0.0588,1.991,0.0,0.0,0.0,30.0055,25.0,24.0,37.0,37.0,13.0,0.0,0.0,0.0,0.0,62.5859,0.0,41.1868,0.0,0.0
14490.0,1.6936,0.0867,1.0,0.0801,1.2024,2.0551,1.0551,2.3531,1.3531,26.6221,2.0649,26.3468,2.0539,100.0,0.0,0.0,0.0,24.625,0.0,25.875,0.0,25.75,0.0,24.75,10.0,0.0,0.0083,52.6781,5.2678,2.0,59.3578,1.7094,1.0942,1.483,1.4447,1.5212,2.751e-05,1.2351,0.0098,1.8263,8.0,0.0751,1.002,0.1533,2.4074,0.0057,0.9779,0.0539,1.9534,0.0,0.0,0.0,30.0052,25.0,24.0,37.0,37.0,14.0,0.0,0.0,0.0,0.0,62.5858,0.0,41.187,0.0,0.0
14491.0,1.7166,0.0896,1.0,0.0796,1.2011,2.0554,1.0554,2.3524,1.3524,26.5638,2.0626,26.3556,2.0542,100.0,0.0,0.0,0.0,24.75,0.0,25.75,0.0,25.75,0.0,24.75,10.0,0.0,0.0079,52.6777,5.2677,2.0,59.7858,1.7106,1.1016,1.4838,1.4443,1.5212,2.831e-05,1.2418,0.0098,1.826,8.0,0.0713,1.0019,0.1294,2.3339,0.007,1.0671,0.0481,1.9039,0.0,0.0,0.0,30.005,25.0,24.0,37.0,37.0,13.0,0.0,0.0,0.0,0.0,62.5858,0.0,41.1871,0.0,0.0
14492.0,1.7315,0.0914,1.0,0.0798,1.2018,2.0545,1.0545,2.3524,1.3524,26.7009,2.068,26.3714,2.0549,100.0,0.0,0.0,0.0,24.625,0.0,25.75,0.0,25.75,0.0,24.75,10.0,0.0,0.0081,52.6775,5.2678,2.0,60.4218,1.7125,1.0099,1.4738,1.4417,1.5209,2.915e-05,1.2486,0.0098,1.8259,8.0,0.0673,1.0018,0.1303,2.337,0.0055,0.9639,0.0534,1.9492,0.0,0.0,0.0,30.0051,25.0,24.0,37.0,37.0,14.0,0.0,0.0,0.0,0.0,62.5857,0.0,41.1874,0.0,0.0
14493.0,1.7396,0.0924,1.0,0.0796,1.201,2.0545,1.0545,2.3531,1.3531,26.8073,2.0723,26.3628,2.0545,100.0,0.0,0.0,0.0,24.625,0.0,25.75,0.0,25.75,0.0,24.75,10.0,0.0,0.009,52.6773,5.2677,2.0,60.7526,1.7134,0.9637,1.4688,1.4226,1.5188,2.979e-05,1.2536,0.0098,1.8258,8.0,0.0623,1.0017,0.1232,2.3126,0.0065,1.0367,0.0452,1.877,0.0,0.0,0.0,30.0051,25.0,24.0,37.0,37.0,15.0,0.0,0.0,0.0,0.0,62.5856,0.0,41.187,0.0,0.0
14494.0,1.7471,0.0934,1.0,0.0795,1.2008,2.0551,1.0551,2.3528,1.3528,26.7472,2.0699,26.3505,2.054,100.0,0.0,0.0,0.0,24.625,0.0,25.75,0.0,25.75,0.0,24.75,10.0,0.0,0.0091,52.6771,5.2677,2.0,62.6261,1.7187,1.7239,1.5517,1.4315,1.5198,3.072e-05,1.2607,0.0098,1.8256,8.0,0.0638,1.0017,0.1242,2.3158,0.0062,1.0166,0.0553,1.9646,0.0,0.0,0.0,30.0049,25.0,24.0,37.0,37.0,14.0,0.0,0.0,0.0,0.0,62.586,0.0,41.1867,0.0,0.0
14495.0,1.748,0.0935,1.0,0.0798,1.2017,2.0555,1.0555,2.3527,1.3527,26.6335,2.0653,26.3459,2.0538,100.0,0.0,0.0,0.0,24.625,0.0,25.75,0.0,25.75,0.0,24.75,10.0,0.0,0.0088,52.6772,5.2677,2.0,67.3171,1.7313,1.6694,1.5457,1.4091,1.5174,3.139e-05,1.2657,0.0098,1.8258,8.0,0.0649,1.0017,0.1043,2.2399,0.0065,1.037,0.0597,1.998,0.0,0.0,0.0,30.005,25.0,24.0,37.0,36.0,15.0,0.0,0.0,0.0,0.0,62.586,0.0,41.1871,0.0,0.0
14496.0,1.7545,0.0943,1.0,0.0795,1.2008,2.0554,1.0554,2.3524,1.3524,26.5505,2.062,26.3537,2.0541,100.0,0.0,0.0,0.0,24.625,0.0,25.75,0.0,25.75,0.0,24.75,10.0,0.0,0.0112,52.6768,5.2677,2.0,67.8844,1.7327,2.0329,1.5854,1.4136,1.5178,3.231e-05,1.2725,0.0098,1.8255,8.0,0.0636,1.0017,0.1094,2.2608,0.0058,0.9833,0.0548,1.9609,0.0,0.0,0.0,30.0045,25.0,24.0,37.0,36.0,14.0,0.0,0.0,0.0,0.0,62.5857,0.0,41.1869,0.0,0.0
14497.0,1.7612,0.0951,1.0,0.0796,1.2012,2.0546,1.0546,2.3527,1.3527,26.6595,2.0664,26.3684,2.0547,100.0,0.0,0.0,0.0,24.75,0.0,25.75,0.0,25.875,0.0,24.75,10.0,0.0,0.0088,52.6768,5.2677,2.0,71.3949,1.7415,1.8176,1.5619,1.4036,1.5168,3.307e-05,1.2778,0.0098,1.8255,8.0,0.0651,1.0017,0.111,2.2671,0.0061,1.0056,0.0513,1.9318,0.0,0.0,0.0,30.0045,25.0,24.0,37.0,36.0,15.0,0.0,0.0,0.0,0.0,62.5849,0.0,41.1864,0.0,0.0
14498.0,1.7634,0.0954,1.0,0.0797,1.2016,2.0544,1.0544,2.3529,1.3529,26.8018,2.0721,26.3665,2.0547,100.0,0.0,0.0,0.0,24.625,0.0,25.75,0.0,25.75,0.0,24.75,10.0,0.0,0.0087,52.6766,5.2676,2.0,70.3773,1.739,1.475,1.5245,1.3909,1.5154,3.385e-05,1.2833,0.0098,1.8254,8.0,0.0676,1.0018,0.0996,2.2202,0.0062,1.012,0.0681,2.0553,0.0,0.0,0.0,30.0045,25.0,24.0,37.0,36.0,14.0,0.0,0.0,0.0,0.0,62.5866,0.0,41.1872,0.0,0.0
14499.0,1.7657,0.0957,1.0,0.0798,1.2018,2.0553,1.0553,2.3528,1.3528,26.769,2.0708,26.3534,2.0541,100.0,0.0,0.0,0.0,24.625,0.0,25.75,0.0,25.75,0.0,24.75,10.0,0.0,0.0079,52.6764,5.2676,2.0,69.5928,1.737,1.2429,1.4992,1.376,1.5137,3.469e-05,1.289,0.0098,1.8255,8.0,0.0693,1.0018,0.0865,2.1591,0.0067,1.0457,0.0646,2.0318,0.0,0.0,0.0,30.0051,25.0,24.0,37.0,37.0,14.0,0.0,0.0,0.0,0.0,62.5863,0.0,41.1875,0.0,0.0
14500.0,1.7657,0.0957,1.0,0.0799,1.2019,2.055,1.055,2.3531,1.3531,26.6646,2.0666,26.3465,2.0539,100.0,0.0,0.0,0.0,24.625,0.0,25.625,0.0,25.75,0.0,24.75,10.0,0.0,0.0086,52.6762,5.2677,2.0,68.6829,1.7347,1.0723,1.4806,1.3611,1.5121,3.55e-05,1.2943,0.0098,1.8256,8.0,0.0742,1.002,0.0802,2.1259,0.0063,1.0222,0.0554,1.965,0.0,0.0,0.0,30.0045,25.0,24.0,37.0,37.0,13.0,0.0,0.0,0.0,0.0,62.5854,0.0,41.1871,0.0,0.0
14501.0,1.7668,0.0958,1.0,0.08,1.2022,2.055,1.055,2.3532,1.3532,26.5396,2.0616,26.3466,2.0539,100.0,0.0,0.0,0.0,24.625,0.0,25.75,0.0,25.75,0.0,24.75,10.0,0.0,0.0079,52.6762,5.2676,2.0,68.2496,1.7336,0.9115,1.4631,1.3427,1.5101,3.627e-05,1.2994,0.0098,1.8253,8.0,0.0734,1.002,0.0847,2.1495,0.0054,0.9527,0.0599,1.9991,0.0,0.0,0.0,30.0049,25.0,24.0,37.0,37.0,12.0,0.0,0.0,0.0,0.0,62.5855,0.0,41.1867,0.0,0.0
14502.0,1.7641,0.0955,1.0,0.0797,1.2016,2.0546,1.0546,2.3528,1.3528,26.6326,2.0653,26.3664,2.0547,100.0,0.0,0.0,0.0,24.625,0.0,25.75,0.0,25.75,0.0,24.75,10.0,0.0,0.0079,52.6756,5.2675,2.0,67.7889,1.7325,0.7776,1.4485,1.3242,1.5081,3.703e-05,1.3042,0.0098,1.8253,8.0,0.0725,1.0019,0.1616,2.4304,0.0059,0.992,0.0546,1.959,0.0,0.0,0.0,30.0052,25.0,24.0,37.0,37.0,14.0,0.0,0.0,0.0,0.0,62.5863,0.0,41.1872,0.0,0.0
14503.0,1.7615,0.0952,1.0,0.0797,1.2015,2.0545,1.0545,2.3529,1.3529,26.7989,2.072,26.3689,2.0548,100.0,0.0,0.0,0.0,24.625,0.0,25.75,0.0,25.75,0.0,24.75,10.0,0.0,0.0085,52.6753,5.2675,2.0,67.4395,1.7316,0.6734,1.4371,1.3201,1.5077,3.804e-05,1.3104,0.0098,1.8252,8.0,0.0692,1.0018,0.1428,2.3766,0.0056,0.971,0.0466,1.8904,0.0,0.0,0.0,30.0048,25.0,25.0,37.0,37.0,15.0,0.0,0.0,0.0,0.0,62.586,0.0,41.1871,0.0,0.0
14504.0,1.7618,0.0952,1.0,0.0796,1.2012,2.0549,1.0549,2.3532,1.3532,26.7838,2.0714,26.3542,2.0542,100.0,0.0,0.0,0.0,24.75,0.0,25.75,0.0,25.75,0.0,24.75,10.0,0.0,0.0085,52.6753,5.2675,2.0,66.9219,1.7302,0.5727,1.4261,1.2952,1.5049,3.875e-05,1.3147,0.0098,1.8251,8.0,0.0644,1.0017,0.1475,2.3907,0.0063,1.0179,0.0492,1.9135,0.0,0.0,0.0,30.0043,25.0,25.0,37.0,37.0,15.0,0.0,0.0,0.0,0.0,62.5852,0.0,41.1872,0.0,0.0
14505.0,1.7617,0.0952,1.0,0.0795,1.2009,2.0554,1.0554,2.3531,1.3531,26.6825,2.0673,26.3473,2.0539,100.0,0.0,0.0,0.0,24.625,0.0,25.625,0.0,25.75,0.0,24.875,10.0,0.0,0.0089,52.675,5.2675,2.0,66.703,1.7297,0.5115,1.4194,1.288,1.5041,3.977e-05,1.3208,0.0098,1.8248,8.0,0.0622,1.0017,0.1351,2.3524,0.0056,0.9737,0.0516,1.9348,0.0,0.0,0.0,30.0049,25.0,25.0,37.0,37.0,14.0,0.0,0.0,0.0,0.0,62.5851,0.0,41.187,0.0,0.0
14506.0,1.7615,0.0952,1.0,0.0796,1.2013,2.0551,1.0551,2.353,1.353,26.5642,2.0626,26.3466,2.0539,100.0,0.0,0.0,0.0,24.625,0.0,25.75,0.0,25.75,0.0,24.75,10.0,0.0,0.0087,52.6749,5.2675,2.0,66.8075,1.7299,0.4572,1.4135,1.2711,1.5023,4.063e-05,1.3257,0.0098,1.825,8.0,0.064,1.0017,0.2042,2.5318,0.0061,1.0057,0.0621,2.0148,0.0,0.0,0.0,30.0043,25.0,25.0,37.0,37.0,13.0,0.0,0.0,0.0,0.0,62.586,0.0,41.1871,0.0,0.0
14507.0,1.762,0.0952,1.0,0.0797,1.2014,2.0547,1.0547,2.353,1.353,26.642,2.0657,26.3681,2.0547,100.0,0.0,0.0,0.0,24.625,0.0,25.625,0.0,25.875,0.0,24.875,10.0,0.0,0.0081,52.6748,5.2675,2.0,66.8216,1.73,0.3749,1.4045,1.2528,1.5003,4.154e-05,1.3309,0.0098,1.8249,8.0,0.0662,1.0018,0.1792,2.4752,0.0059,0.9929,0.0562,1.9717,0.0,0.0,0.0,30.0045,25.0,24.0,37.0,37.0,15.0,0.0,0.0,0.0,0.0,62.5856,0.0,41.1867,0.0,0.0
14508.0,1.7615,0.0952,1.0,0.0794,1.2005,2.0545,1.0545,2.3533,1.3533,26.7842,2.0714,26.3723,2.0549,100.0,0.0,0.0,0.0,24.75,0.0,25.75,0.0,25.875,0.0,24.75,10.0,0.0,0.0086,52.6744,5.2675,2.0,66.7538,1.7298,0.3729,1.4043,1.2445,1.4994,4.23e-05,1.3351,0.0098,1.8247,8.0,0.0627,1.0017,0.1807,2.4789,0.0061,1.0077,0.0504,1.9239,0.0,0.0,0.0,30.0047,25.0,24.0,37.0,37.0,14.0,0.0,0.0,0.0,0.0,62.5856,0.0,41.1877,0.0,0.0
14509.0,1.7615,0.0952,1.0,0.0796,1.2011,2.0549,1.0549,2.3534,1.3534,26.7851,2.0714,26.3548,2.0542,100.0,0.0,0.0,0.0,24.75,0.0,25.625,0.0,25.75,0.0,24.875,10.0,0.0,0.0089,52.6744,5.2674,2.0,66.5686,1.7293,0.2977,1.3961,1.211,1.4957,4.316e-05,1.3397,0.0098,1.8247,8.0,0.0665,1.0018,0.1717,2.4566,0.0056,0.9713,0.0513,1.9317,0.0,0.0,0.0,30.0043,25.0,24.0,37.0,37.0,12.0,0.0,0.0,0.0,0.0,62.5853,0.0,41.1866,0.0,0.0
14510.0,1.7635,0.0954,1.0,0.0799,1.202,2.055,1.055,2.3531,1.3531,26.6864,2.0675,26.348,2.0539,100.0,0.0,0.0,0.0,24.625,0.0,25.75,0.0,25.75,0.0,24.875,10.0,0.0,0.0081,52.6746,5.2675,2.0,66.0861,1.728,0.2833,1.3945,1.2009,1.4946,4.404e-05,1.3444,0.0098,1.8247,8.0,0.0682,1.0018,0.2403,2.6026,0.0053,0.9464,0.0497,1.918,0.0,0.0,0.0,30.0045,25.0,24.0,37.0,37.0,14.0,0.0,0.0,0.0,0.0,62.5858,0.0,41.1869,0.0,0.0
14511.0,1.7636,0.0954,1.0,0.0798,1.2018,2.0551,1.0551,2.3529,1.3529,26.5531,2.0621,26.3443,2.0538,100.0,0.0,0.0,0.0,24.625,0.0,25.75,0.0,25.75,0.0,24.625,10.0,0.0,0.0087,52.6741,5.2674,2.0,66.4021,1.7289,0.2618,1.3922,1.17,1.4913,4.477e-05,1.3483,0.0098,1.8246,8.0,0.0695,1.0019,0.1935,2.5085,0.0054,0.9536,0.0515,1.9336,0.0,0.0,0.0,30.004,25.0,24.0,37.0,37.0,15.0,0.0,0.0,0.0,0.0,62.5852,0.0,41.1868,0.0,0.0
14512.0,1.7626,0.0953,1.0,0.0799,1.202,2.0547,1.0547,2.3527,1.3527,26.6013,2.0641,26.3639,2.0546,100.0,0.0,0.0,0.0,24.625,0.0,25.75,0.0,25.75,0.0,24.75,10.0,0.0,0.0095,52.674,5.2674,2.0,66.2012,1.7283,0.1683,1.382,1.1593,1.4901,4.566e-05,1.3528,0.0098,1.8244,8.0,0.0743,1.002,0.1737,2.4617,0.0064,1.03,0.0465,1.8897,0.0,0.0,0.0,30.0048,25.0,24.0,37.0,37.0,14.0,0.0,0.0,0.0,0.0,62.5858,0.0,41.1871,0.0,0.0
14513.0,1.7636,0.0955,1.0,0.08,1.2023,2.0548,1.0548,2.3528,1.3528,26.7757,2.071,26.3719,2.0549,100.0,0.0,0.0,0.0,24.625,0.0,25.75,0.0,25.75,0.0,24.75,10.0,0.0,0.0084,52.6741,5.2674,2.0,66.2831,1.7286,0.2205,1.3877,1.1377,1.4877,4.647e-05,1.3569,0.0098,1.8243,8.0,0.0732,1.002,0.1869,2.4935,0.0054,0.9564,0.056,1.9697,0.0,0.0,0.0,30.0045,25.0,24.0,37.0,37.0,15.0,0.0,0.0,0.0,0.0,62.5847,0.0,41.187,0.0,0.0
14514.0,1.7636,0.0954,1.0,0.0798,1.2016,2.0548,1.0548,2.3533,1.3533,26.7932,2.0717,26.3554,2.0542,100.0,0.0,0.0,0.0,24.625,0.0,25.875,0.0,25.75,0.0,24.75,10.0,0.0,0.0082,52.6736,5.2674,2.0,66.8272,1.73,0.2178,1.3874,1.1134,1.4851,4.721e-05,1.3606,0.0098,1.8243,8.0,0.0713,1.0019,0.2683,2.6505,0.0057,0.9814,0.0598,1.9987,0.0,0.0,0.0,30.0042,25.0,24.0,37.0,37.0,15.0,0.0,0.0,0.0,0.0,62.5855,0.0,41.1874,0.0,0.0
14515.0,1.7636,0.0954,1.0,0.0798,1.2017,2.055,1.055,2.3531,1.3531,26.7026,2.0681,26.349,2.054,100.0,0.0,0.0,0.0,24.625,0.0,25.75,0.0,25.75,0.0,24.75,10.0,0.0,0.0089,52.6736,5.2673,2.0,66.5233,1.7292,0.1723,1.3824,1.0967,1.4833,4.804e-05,1.3646,0.0098,1.8242,8.0,0.0712,1.0019,0.221,2.5663,0.0065,1.0358,0.0537,1.9515,0.0,0.0,0.0,30.0048,25.0,24.0,37.0,37.0,14.0,0.0,0.0,0.0,0.0,62.5854,0.0,41.187,0.0,0.0
14516.0,1.7637,0.0955,1.0,0.0798,1.2017,2.0551,1.0551,2.3529,1.3529,26.5801,2.0632,26.3435,2.0537,100.0,0.0,0.0,0.0,24.625,0.0,25.75,0.0,25.875,0.0,24.75,10.0,0.0,0.0086,52.6733,5.2673,2.0,65.9319,1.7276,0.1354,1.3784,1.0752,1.4809,4.883e-05,1.3684,0.0098,1.8238,8.0,0.0698,1.0019,0.1898,2.5002,0.0059,0.9946,0.055,1.9624,0.0,0.0,0.0,30.0044,25.0,24.0,37.0,37.0,12.0,0.0,0.0,0.0,0.0,62.5851,0.0,41.1868,0.0,0.0
14517.0,1.7651,0.0956,1.0,0.0795,1.201,2.0548,1.0548,2.3528,1.3528,26.5761,2.063,26.3608,2.0544,100.0,0.0,0.0,0.0,24.75,0.0,25.75,0.0,25.875,0.0,24.625,10.0,0.0,0.0086,52.6733,5.2673,2.0,66.0662,1.728,0.1313,1.378,1.0558,1.4788,4.945e-05,1.3714,0.0098,1.8237,8.0,0.0665,1.0018,0.2174,2.5591,0.0065,1.0328,0.0595,1.9967,0.0,0.0,0.0,30.0045,25.0,24.0,37.0,37.0,13.0,0.0,0.0,0.0,0.0,62.5854,0.0,41.1873,0.0,0.0
14518.0,1.7651,0.0956,1.0,0.0797,1.2014,2.0544,1.0544,2.3528,1.3528,26.7453,2.0698,26.3726,2.0549,100.0,0.0,0.0,0.0,24.625,0.0,25.625,0.0,25.75,0.0,24.75,10.0,0.0,0.0081,52.6728,5.2673,2.0,66.5251,1.7292,0.1468,1.3796,1.044,1.4775,5.037e-05,1.3757,0.0098,1.8238,8.0,0.0738,1.002,0.1862,2.4919,0.0055,0.96,0.0745,2.0941,0.0,0.0,0.0,30.0044,25.0,24.0,37.0,37.0,14.0,0.0,0.0,0.0,0.0,62.5858,0.0,41.1871,0.0,0.0
14519.0,1.7658,0.0957,1.0,0.0798,1.2016,2.0546,1.0546,2.3532,1.3532,26.8234,2.0729,26.3586,2.0543,100.0,0.0,0.0,0.0,24.625,0.0,25.75,0.0,25.75,0.0,24.75,10.0,0.0,0.0086,52.6726,5.2673,2.0,66.9233,1.7302,0.1986,1.3853,1.0299,1.476,5.12e-05,1.3794,0.0098,1.8237,8.0,0.0713,1.0019,0.1953,2.5126,0.0066,1.0441,0.071,2.0731,0.0,0.0,0.0,30.0046,25.0,24.0,37.0,37.0,16.0,0.0,0.0,0.0,0.0,62.5858,0.0,41.1875,0.0,0.0
14520.0,1.7658,0.0957,1.0,0.0799,1.202,2.055,1.055,2.3531,1.3531,26.7322,2.0693,26.3485,2.0539,100.0,0.0,0.0,0.0,24.625,0.0,25.75,0.0,25.875,0.0,24.875,10.0,0.0,0.0078,52.6729,5.2673,2.0,67.2333,1.731,0.2,1.3855,1.0085,1.4737,5.195e-05,1.3828,0.0098,1.8235,8.0,0.0672,1.0018,0.2648,2.6447,0.006,1.0025,0.073,2.085,0.0,0.0,0.0,30.0046,25.0,24.0,37.0,37.0,13.0,0.0,0.0,0.0,0.0,62.5854,0.0,41.1873,0.0,0.0
14521.0,1.7647,0.0956,1.0,0.0797,1.2014,2.0552,1.0552,2.353,1.353,26.5985,2.0639,26.3437,2.0537,100.0,0.0,0.0,0.0,24.625,0.0,25.75,0.0,25.75,0.0,24.75,10.0,0.0,0.0081,52.6723,5.2672,2.0,66.8017,1.7299,0.1436,1.3793,0.993,1.472,5.277e-05,1.3865,0.0098,1.8234,8.0,0.0654,1.0017,0.2374,2.5974,0.0056,0.9695,0.0642,2.0297,0.0,0.0,0.0,30.0041,25.0,24.0,37.0,37.0,14.0,0.0,0.0,0.0,0.0,62.5851,0.0,41.1869,0.0,0.0
14522.0,1.7646,0.0956,1.0,0.0795,1.201,2.0549,1.0549,2.3528,1.3528,26.575,2.063,26.3572,2.0543,100.0,0.0,0.0,0.0,24.625,0.0,25.75,0.0,25.75,0.0,24.75,10.0,0.0,0.0084,52.672,5.2672,2.0,66.4895,1.7291,0.087,1.3731,0.9781,1.4703,5.358e-05,1.39,0.0098,1.8235,8.0,0.0642,1.0017,0.2544,2.6273,0.0061,1.0057,0.0643,2.0301,0.0,0.0,0.0,30.0042,25.0,24.0,37.0,37.0,14.0,0.0,0.0,0.0,0.0,62.5857,0.0,41.187,0.0,0.0
14523.0,1.7646,0.0956,1.0,0.0795,1.2009,2.0543,1.0543,2.3531,1.3531,26.7336,2.0693,26.3632,2.0545,100.0,0.0,0.0,0.0,24.625,0.0,25.75,0.0,25.75,0.0,24.75,10.0,0.0,0.0084,52.672,5.2672,2.0,66.2633,1.7285,0.075,1.3718,0.9568,1.468,5.431e-05,1.3931,0.0098,1.823,8.0,0.0621,1.0017,0.268,2.6499,0.006,0.9982,0.0637,2.0261,0.0,0.0,0.0,30.0041,25.0,24.0,37.0,37.0,14.0,0.0,0.0,0.0,0.0,62.5853,0.0,41.187,0.0,0.0
14524.0,1.7636,0.0954,1.0,0.0796,1.2012,2.0545,1.0545,2.3535,1.3535,26.8163,2.0727,26.3528,2.0541,100.0,0.0,0.0,0.0,24.625,0.0,25.75,0.0,25.75,0.0,24.75,10.0,0.0,0.0082,52.6718,5.2672,2.0,66.2822,1.7286,0.0177,1.3656,0.9425,1.4665,5.497e-05,1.3959,0.0098,1.8232,8.0,0.0614,1.0016,0.259,2.6352,0.006,0.9995,0.0632,2.0223,0.0,0.0,0.0,30.0038,25.0,24.0,37.0,37.0,14.0,0.0,0.0,0.0,0.0,62.585,0.0,41.1868,0.0,0.0
14525.0,1.7646,0.0956,1.0,0.0797,1.2014,2.055,1.055,2.3532,1.3532,26.7539,2.0702,26.3486,2.0539,100.0,0.0,0.0,0.0,24.75,0.0,25.75,0.0,25.75,0.0,24.75,10.0,0.0,0.0091,52.6718,5.2672,2.0,65.6312,1.7268,0.0244,1.3663,0.9287,1.4649,5.576e-05,1.3993,0.0098,1.823,8.0,0.0622,1.0017,0.2411,2.604,0.0059,0.9921,0.0628,2.0201,0.0,0.0,0.0,30.0043,25.0,24.0,37.0,37.0,13.0,0.0,0.0,0.0,0.0,62.5851,0.0,41.187,0.0,0.0
14526.0,1.7636,0.0955,1.0,0.0796,1.2012,2.055,1.055,2.353,1.353,26.6293,2.0652,26.3441,2.0538,100.0,0.0,0.0,0.0,24.625,0.0,25.75,0.0,25.75,0.0,24.75,10.0,0.0,0.0093,52.6716,5.2672,2.0,66.3603,1.7288,0.0682,1.3711,0.9139,1.4633,5.666e-05,1.403,0.0098,1.8231,8.0,0.0649,1.0017,0.2422,2.6061,0.006,1.0,0.0804,2.1272,0.0,0.0,0.0,30.0041,25.0,24.0,37.0,37.0,13.0,0.0,0.0,0.0,0.0,62.5855,0.0,41.187,0.0,0.0
14527.0,1.7644,0.0955,1.0,0.0797,1.2014,2.055,1.055,2.3528,1.3528,26.575,2.063,26.3561,2.0542,100.0,0.0,0.0,0.0,24.625,0.0,25.75,0.0,25.75,0.0,24.75,10.0,0.0,0.0092,52.6715,5.2672,2.0,66.6862,1.7296,0.1685,1.382,0.8931,1.4611,5.736e-05,1.4058,0.0098,1.8228,8.0,0.0666,1.0018,0.1914,2.5038,0.0056,0.9684,0.0814,2.1327,0.0,0.0,0.0,30.0044,25.0,24.0,37.0,37.0,13.0,0.0,0.0,0.0,0.0,62.5857,0.0,41.1873,0.0,0.0
14528.0,1.7693,0.0962,1.0,0.0799,1.202,2.0548,1.0548,2.3523,1.3523,26.7012,2.068,26.3704,2.0548,100.0,0.0,0.0,0.0,24.625,0.0,25.75,0.0,25.75,0.0,24.75,10.0,0.0,0.0087,52.6715,5.2672,2.0,68.1851,1.7335,0.2905,1.3953,0.8813,1.4598,5.807e-05,1.4087,0.0098,1.8227,8.0,0.0665,1.0018,0.2078,2.5396,0.0065,1.0322,0.0761,2.1033,0.0,0.0,0.0,30.0044,25.0,24.0,37.0,37.0,14.0,0.0,0.0,0.0,0.0,62.5853,0.0,41.1873,0.0,0.0
14529.0,1.7708,0.0963,1.0,0.0797,1.2015,2.0548,1.0548,2.3526,1.3526,26.8161,2.0726,26.3624,2.0545,100.0,0.0,0.0,0.0,24.625,0.0,25.875,0.0,25.75,0.0,24.75,10.0,0.0,0.0087,52.6712,5.2671,2.0,68.1536,1.7334,0.2398,1.3898,0.8709,1.4586,5.884e-05,1.4118,0.0098,1.8224,8.0,0.0651,1.0017,0.2042,2.5319,0.006,1.0011,0.0695,2.0641,0.0,0.0,0.0,30.0047,25.0,24.0,37.0,37.0,14.0,0.0,0.0,0.0,0.0,62.5856,0.0,41.1874,0.0,0.0
14530.0,1.7679,0.096,1.0,0.0797,1.2015,2.055,1.055,2.3532,1.3532,26.7656,2.0706,26.3473,2.0539,100.0,0.0,0.0,0.0,24.625,0.0,25.75,0.0,25.75,0.0,24.75,10.0,0.0,0.0083,52.6708,5.267,2.0,68.1432,1.7334,0.2663,1.3927,0.8488,1.4562,5.952e-05,1.4144,0.0098,1.8226,8.0,0.0633,1.0017,0.207,2.5378,0.0058,0.9843,0.0687,2.0591,0.0,0.0,0.0,30.0046,25.0,24.0,37.0,37.0,15.0,0.0,0.0,0.0,0.0,62.5851,0.0,41.1872,0.0,0.0
14531.0,1.7679,0.096,1.0,0.0796,1.2012,2.0551,1.0551,2.3531,1.3531,26.6468,2.0659,26.3352,2.0534,100.0,0.0,0.0,0.0,24.625,0.0,25.75,0.0,25.75,0.0,24.75,10.0,0.0,0.0084,52.6705,5.2671,2.0,68.8423,1.7351,0.2972,1.3961,0.8333,1.4545,6.028e-05,1.4174,0.0098,1.8224,8.0,0.0623,1.0017,0.1868,2.4933,0.0059,0.9936,0.0843,2.1476,0.0,0.0,0.0,30.0044,25.0,24.0,37.0,37.0,13.0,0.0,0.0,0.0,0.0,62.5854,0.0,41.1868,0.0,0.0
14532.0,1.7688,0.0961,1.0,0.0794,1.2006,2.055,1.055,2.3529,1.3529,26.549,2.062,26.3446,2.0538,100.0,0.0,0.0,0.0,24.625,0.0,25.75,0.0,25.75,0.0,24.75,10.0,0.0,0.0088,52.6706,5.2671,2.0,68.5011,1.7343,0.2357,1.3894,0.8167,1.4527,6.094e-05,1.4199,0.0097,1.8221,8.0,0.0645,1.0017,0.1529,2.4062,0.0064,1.0307,0.0724,2.0816,0.0,0.0,0.0,30.004,25.0,24.0,37.0,37.0,15.0,0.0,0.0,0.0,0.0,62.5855,0.0,41.187,0.0,0.0
14533.0,1.768,0.096,1.0,0.0796,1.2011,2.0549,1.0549,2.3524,1.3524,26.6634,2.0665,26.3691,2.0548,100.0,0.0,0.0,0.0,24.75,0.0,25.75,0.0,25.75,0.0,24.75,10.0,0.0,0.0085,52.6704,5.267,2.0,69.1345,1.7359,0.3171,1.3982,0.8083,1.4518,6.17e-05,1.4228,0.0097,1.8221,8.0,0.0622,1.0017,0.196,2.5141,0.0063,1.0188,0.0781,2.1145,0.0,0.0,0.0,30.0044,25.0,24.0,37.0,37.0,13.0,0.0,0.0,0.0,0.0,62.5856,0.0,41.1866,0.0,0.0
14534.0,1.7657,0.0957,1.0,0.0796,1.2011,2.0548,1.0548,2.3525,1.3525,26.8123,2.0725,26.3707,2.0548,100.0,0.0,0.0,0.0,24.625,0.0,25.625,0.0,25.75,0.0,24.75,10.0,0.0,0.0089,52.6707,5.2671,2.0,69.256,1.7362,0.2273,1.3884,0.7819,1.4489,6.231e-05,1.4251,0.0097,1.822,8.0,0.0653,1.0017,0.1763,2.468,0.0059,0.9963,0.0803,2.1263,0.0,0.0,0.0,30.0045,25.0,24.0,37.0,37.0,15.0,0.0,0.0,0.0,0.0,62.5855,0.0,41.187,0.0,0.0
14535.0,1.7649,0.0956,1.0,0.0797,1.2015,2.0553,1.0553,2.3528,1.3528,26.7758,2.071,26.3554,2.0542,100.0,0.0,0.0,0.0,24.625,0.0,25.75,0.0,25.75,0.0,24.75,10.0,0.0,0.0084,52.6701,5.267,2.0,68.906,1.7353,0.17,1.3822,0.7699,1.4476,6.291e-05,1.4273,0.0097,1.8219,8.0,0.0632,1.0017,0.1549,2.412,0.0066,1.0434,0.0818,2.1345,0.0,0.0,0.0,30.0042,25.0,24.0,37.0,37.0,13.0,0.0,0.0,0.0,0.0,62.5851,0.0,41.1872,0.0,0.0
14536.0,1.7647,0.0956,1.0,0.0797,1.2014,2.0554,1.0554,2.3527,1.3527,26.6725,2.0669,26.3476,2.0539,100.0,0.0,0.0,0.0,24.625,0.0,25.75,0.0,25.75,0.0,24.75,10.0,0.0,0.0084,52.6703,5.2671,2.0,68.0676,1.7332,0.0983,1.3744,0.7537,1.4459,6.357e-05,1.4297,0.0097,1.8217,8.0,0.0638,1.0017,0.1529,2.4062,0.0058,0.9848,0.0719,2.0786,0.0,0.0,0.0,30.004,25.0,24.0,37.0,37.0,13.0,0.0,0.0,0.0,0.0,62.586,0.0,41.1869,0.0,0.0
14537.0,1.7651,0.0956,1.0,0.0799,1.2019,2.0551,1.0551,2.3528,1.3528,26.5525,2.0621,26.3449,2.0538,100.0,0.0,0.0,0.0,24.625,0.0,25.75,0.0,25.875,0.0,24.75,10.0,0.0,0.0082,52.6699,5.267,2.0,67.9039,1.7328,0.0444,1.3685,0.7469,1.4451,6.441e-05,1.4327,0.0097,1.8218,8.0,0.066,1.0018,0.152,2.4037,0.0062,1.0132,0.0904,2.1782,0.0,0.0,0.0,30.0042,25.0,24.0,37.0,37.0,14.0,0.0,0.0,0.0,0.0,62.5856,0.0,41.1872,0.0,0.0
14538.0,1.7636,0.0954,1.0,0.0798,1.2017,2.0547,1.0547,2.3524,1.3524,26.6198,2.0648,26.3658,2.0546,100.0,0.0,0.0,0.0,24.625,0.0,25.75,0.0,25.75,0.0,24.75,10.0,0.0,0.0086,52.6695,5.2669,2.0,67.036,1.7305,-0.0637,1.3567,0.7342,1.4437,6.502e-05,1.435,0.0097,1.8218,8.0,0.0687,1.0018,0.1201,2.3015,0.0057,0.9786,0.0853,2.1527,0.0,0.0,0.0,30.0043,25.0,24.0,37.0,37.0,13.0,0.0,0.0,0.0,0.0,62.5852,0.0,41.1868,0.0,0.0
14539.0,1.7657,0.0957,1.0,0.0799,1.2019,2.0547,1.0547,2.3524,1.3524,26.7993,2.072,26.3787,2.0551,100.0,0.0,0.0,0.0,24.625,0.0,25.75,0.0,25.75,0.0,24.75,10.0,0.0,0.0078,52.6696,5.267,2.0,66.6754,1.7296,0.033,1.3672,0.7174,1.4419,6.565e-05,1.4372,0.0097,1.8216,8.0,0.0667,1.0018,0.1305,2.3373,0.0056,0.9685,0.0956,2.2023,0.0,0.0,0.0,30.0041,25.0,24.0,37.0,37.0,13.0,0.0,0.0,0.0,0.0,62.5855,0.0,41.1871,0.0,0.0
14540.0,1.7657,0.0957,1.0,0.0796,1.2012,2.0552,1.0552,2.3524,1.3524,26.7957,2.0718,26.3639,2.0546,100.0,0.0,0.0,0.0,24.625,0.0,25.625,0.0,25.75,0.0,25.0,10.0,0.0,0.0081,52.6697,5.267,2.0,67.9542,1.7329,0.0749,1.3718,0.6998,1.44,6.629e-05,1.4394,0.0097,1.8215,8.0,0.0615,1.0016,0.1221,2.3087,0.0062,1.0137,0.0813,2.1317,0.0,0.0,0.0,30.0042,25.0,24.0,37.0,37.0,14.0,0.0,0.0,0.0,0.0,62.5856,0.0,41.187,0.0,0.0
14541.0,1.7648,0.0956,1.0,0.0795,1.201,2.0553,1.0553,2.3526,1.3526,26.6937,2.0677,26.3474,2.0539,100.0,0.0,0.0,0.0,24.625,0.0,25.75,0.0,25.75,0.0,24.75,10.0,0.0,0.0094,52.6694,5.2669,2.0,67.7327,1.7323,0.0374,1.3677,0.6748,1.4373,6.68e-05,1.4412,0.0097,1.8215,8.0,0.0634,1.0017,0.1318,2.3417,0.0063,1.0219,0.0765,2.1058,0.0,0.0,0.0,30.0036,25.0,24.0,37.0,37.0,14.0,0.0,0.0,0.0,0.0,62.5855,0.0,41.1871,0.0,0.0
14542.0,1.7638,0.0955,1.0,0.0799,1.2019,2.055,1.055,2.3522,1.3522,26.5716,2.0629,26.3434,2.0537,100.0,0.0,0.0,0.0,24.75,0.0,25.75,0.0,25.75,0.0,24.75,10.0,0.0,0.0085,52.6694,5.2669,2.0,67.636,1.7321,0.1256,1.3773,0.6595,1.4356,6.723e-05,1.4427,0.0097,1.8211,8.0,0.0655,1.0017,0.1245,2.3171,0.0056,0.9717,0.0811,2.1307,0.0,0.0,0.0,30.0036,25.0,24.0,37.0,37.0,13.0,0.0,0.0,0.0,0.0,62.5851,0.0,41.1872,0.0,0.0
14543.0,1.7636,0.0955,1.0,0.0798,1.2017,2.0547,1.0547,2.352,1.352,26.5902,2.0636,26.3628,2.0545,100.0,0.0,0.0,0.0,24.625,0.0,25.75,0.0,25.875,0.0,24.875,10.0,0.0,0.0092,52.6689,5.2669,2.0,68.3677,1.7339,0.0973,1.3743,0.6507,1.4346,6.789e-05,1.445,0.0097,1.8213,8.0,0.0683,1.0018,0.0885,2.1686,0.0062,1.0136,0.0916,2.1837,0.0,0.0,0.0,30.0037,25.0,24.0,37.0,37.0,13.0,0.0,0.0,0.0,0.0,62.5858,0.0,41.1866,0.0,0.0
14544.0,1.7647,0.0956,1.0,0.0799,1.202,2.0544,1.0544,2.3523,1.3523,26.7721,2.0709,26.3636,2.0545,100.0,0.0,0.0,0.0,24.625,0.0,25.75,0.0,25.75,0.0,24.75,10.0,0.0,0.0086,52.6689,5.2669,2.0,68.0022,1.733,0.071,1.3714,0.6354,1.4329,6.856e-05,1.4473,0.0097,1.8213,8.0,0.0704,1.0019,0.1603,2.4268,0.0064,1.0303,0.1016,2.2286,0.0,0.0,0.0,30.0039,25.0,24.0,37.0,37.0,15.0,0.0,0.0,0.0,0.0,62.5854,0.0,41.187,0.0,0.0
14545.0,1.7639,0.0955,1.0,0.0797,1.2014,2.0547,1.0547,2.3528,1.3528,26.8096,2.0724,26.3472,2.0539,100.0,0.0,0.0,0.0,24.625,0.0,25.75,0.0,25.875,0.0,24.75,10.0,0.0,0.0084,52.6689,5.2669,2.0,67.8436,1.7326,0.057,1.3699,0.6311,1.4325,6.913e-05,1.4492,0.0097,1.8214,8.0,0.0701,1.0019,0.1665,2.4432,0.0058,0.9884,0.1059,2.2467,0.0,0.0,0.0,30.0041,25.0,24.0,37.0,37.0,12.0,0.0,0.0,0.0,0.0,62.5853,0.0,41.1871,0.0,0.0
14546.0,1.7653,0.0957,1.0,0.0798,1.2018,2.0551,1.0551,2.3523,1.3523,26.7215,2.0689,26.349,2.054,100.0,0.0,0.0,0.0,24.625,0.0,25.75,0.0,25.875,0.0,24.75,10.0,0.0,0.0083,52.6685,5.2669,2.0,69.4602,1.7367,0.2666,1.3927,0.6215,1.4314,6.987e-05,1.4517,0.0097,1.8209,8.0,0.0744,1.002,0.1417,2.3732,0.0059,0.9961,0.098,2.2131,0.0,0.0,0.0,30.0032,25.0,24.0,37.0,37.0,13.0,0.0,0.0,0.0,0.0,62.5855,0.0,41.1873,0.0,0.0
14547.0,1.7658,0.0957,1.0,0.0801,1.2026,2.0554,1.0554,2.3522,1.3522,26.6021,2.0641,26.3454,2.0538,100.0,0.0,0.0,0.0,24.625,0.0,25.875,0.0,25.75,0.0,24.75,10.0,0.0,0.0087,52.6687,5.2669,2.0,69.4269,1.7366,0.2437,1.3902,0.6139,1.4306,7.048e-05,1.4537,0.0097,1.821,8.0,0.0729,1.0019,0.1417,2.3733,0.006,0.9983,0.0857,2.1549,0.0,0.0,0.0,30.0039,25.0,24.0,37.0,37.0,15.0,0.0,0.0,0.0,0.0,62.5857,0.0,41.187,0.0,0.0
14548.0,1.7658,0.0957,1.0,0.08,1.2022,2.0549,1.0549,2.352,1.352,26.5893,2.0636,26.3606,2.0544,100.0,0.0,0.0,0.0,24.625,0.0,25.75,0.0,25.75,0.0,24.875,10.0,0.0,0.0095,52.6683,5.2668,2.0,70.5789,1.7395,0.3267,1.3993,0.6035,1.4295,7.112e-05,1.4558,0.0097,1.8208,8.0,0.0723,1.0019,0.1294,2.3336,0.0067,1.0483,0.0895,2.1735,0.0,0.0,0.0,30.0039,25.0,24.0,37.0,37.0,15.0,0.0,0.0,0.0,0.0,62.5853,0.0,41.1876,0.0,0.0
14549.0,1.7638,0.0955,1.0,0.0798,1.2017,2.0544,1.0544,2.3523,1.3523,26.7573,2.0703,26.3623,2.0545,100.0,0.0,0.0,0.0,24.625,0.0,25.75,0.0,25.75,0.0,24.75,10.0,0.0,0.008,52.668,5.2668,2.0,71.2088,1.741,0.3446,1.4012,0.5898,1.428,7.16e-05,1.4574,0.0097,1.8205,8.0,0.0726,1.0019,0.1242,2.3161,0.0059,0.9904,0.0698,2.0655,0.0,0.0,0.0,30.0039,25.0,24.0,37.0,37.0,13.0,0.0,0.0,0.0,0.0,62.586,0.0,41.1871,0.0,0.0
14550.0,1.7595,0.0949,1.0,0.0796,1.2013,2.0547,1.0547,2.3524,1.3524,26.8127,2.0725,26.3483,2.0539,100.0,0.0,0.0,0.0,24.625,0.0,25.75,0.0,25.75,0.0,24.75,10.0,0.0,0.0081,52.6678,5.2668,2.0,70.8609,1.7402,0.2257,1.3883,0.5814,1.4271,7.216e-05,1.4592,0.0097,1.8206,8.0,0.0725,1.0019,0.2071,2.5381,0.005,0.9237,0.077,2.1082,0.0,0.0,0.0,30.0039,25.0,24.0,37.0,37.0,13.0,0.0,0.0,0.0,0.0,62.5857,0.0,41.1864,0.0,0.0
14551.0,1.7634,0.0954,1.0,0.0799,1.2019,2.055,1.055,2.3523,1.3523,26.7194,2.0688,26.3476,2.0539,100.0,0.0,0.0,0.0,24.625,0.0,25.875,0.0,25.75,0.0,24.75,10.0,0.0,0.0082,52.6678,5.2668,2.0,69.8476,1.7377,0.1484,1.3798,0.5776,1.4266,7.284e-05,1.4613,0.0097,1.8204,8.0,0.0714,1.0019,0.2078,2.5395,0.0064,1.0314,0.0688,2.0597,0.0,0.0,0.0,30.0033,25.0,24.0,37.0,37.0,16.0,0.0,0.0,0.0,0.0,62.5855,0.0,41.1868,0.0,0.0
14552.0,1.7669,0.0959,1.0,0.0799,1.2021,2.055,1.055,2.3522,1.3522,26.6216,2.0649,26.3349,2.0534,100.0,0.0,0.0,0.0,24.75,0.0,25.75,0.0,25.75,0.0,24.75,10.0,0.0,0.008,52.6676,5.2667,2.0,69.7707,1.7375,0.1791,1.3832,0.5657,1.4254,7.331e-05,1.4628,0.0097,1.8203,8.0,0.0753,1.002,0.1669,2.4443,0.0058,0.9867,0.0827,2.1396,0.0,0.0,0.0,30.0039,25.0,24.0,37.0,37.0,13.0,0.0,0.0,0.0,0.0,62.5848,0.0,41.1868,0.0,0.0
14553.0,1.7709,0.0964,1.0,0.08,1.2024,2.0549,1.0549,2.352,1.352,26.5867,2.0635,26.352,2.0541,100.0,0.0,0.0,0.0,24.75,0.0,25.75,0.0,25.75,0.0,24.75,10.0,0.0,0.008,52.6673,5.2667,2.0,70.5306,1.7394,0.2391,1.3897,0.5542,1.4241,7.382e-05,1.4644,0.0097,1.82,8.0,0.0743,1.002,0.1683,2.448,0.0059,0.9929,0.0853,2.1526,0.0,0.0,0.0,30.0037,25.0,24.0,37.0,37.0,13.0,0.0,0.0,0.0,0.0,62.5858,0.0,41.1866,0.0,0.0
14554.0,1.7722,0.0965,1.0,0.0799,1.2021,2.0545,1.0545,2.3518,1.3518,26.7386,2.0695,26.3733,2.0549,100.0,0.0,0.0,0.0,24.625,0.0,25.75,0.0,26.0,0.0,24.875,10.0,0.0,0.0083,52.6674,5.2667,2.0,70.5984,1.7395,0.1705,1.3822,0.55,1.4236,7.446e-05,1.4665,0.0097,1.8199,8.0,0.0722,1.0019,0.1555,2.4135,0.0061,1.0082,0.0805,2.1277,0.0,0.0,0.0,30.0041,25.0,24.0,37.0,37.0,13.0,0.0,0.0,0.0,0.0,62.5855,0.0,41.187,0.0,0.0
14555.0,1.7692,0.0961,1.0,0.08,1.2024,2.0546,1.0546,2.3522,1.3522,26.8156,2.0726,26.3593,2.0544,100.0,0.0,0.0,0.0,24.625,0.0,25.75,0.0,25.75,0.0,24.75,10.0,0.0,0.0085,52.6673,5.2667,2.0,70.3919,1.739,0.1702,1.3822,0.5375,1.4223,7.493e-05,1.4679,0.0097,1.82,8.0,0.0737,1.002,0.2221,2.5684,0.0056,0.9734,0.0803,2.1264,0.0,0.0,0.0,30.0038,25.0,24.0,37.0,37.0,12.0,0.0,0.0,0.0,0.0,62.5856,0.0,41.1873,0.0,0.0
14556.0,1.768,0.096,1.0,0.0796,1.2013,2.055,1.055,2.3519,1.3519,26.744,2.0698,26.3485,2.0539,100.0,0.0,0.0,0.0,24.625,0.0,25.625,0.0,25.75,0.0,24.75,10.0,0.0,0.0092,52.667,5.2667,2.0,70.7163,1.7398,0.2641,1.3924,0.5232,1.4207,7.533e-05,1.4691,0.0097,1.8199,8.0,0.072,1.0019,0.1857,2.4906,0.0063,1.0215,0.079,2.1193,0.0,0.0,0.0,30.004,25.0,24.0,37.0,37.0,13.0,0.0,0.0,0.0,0.0,62.5857,64.0,41.1876,0.0,0.0
14557.0,1.7679,0.096,1.0,0.0797,1.2015,2.0554,1.0554,2.3518,1.3518,26.634,2.0654,26.347,2.0539,100.0,0.0,0.0,0.0,24.625,0.0,25.75,0.0,25.75,0.0,24.75,10.0,0.0,0.0085,52.6671,5.2666,2.0,71.312,1.7413,0.2391,1.3897,0.5146,1.4198,7.57e-05,1.4703,0.0097,1.8197,8.0,0.0717,1.0019,0.1715,2.456,0.0053,0.9465,0.0804,2.1269,0.0,0.0,0.0,30.0034,25.0,24.0,37.0,37.0,13.0,0.0,0.0,0.0,0.0,62.5851,64.0,41.3439,0.0,0.0
14558.0,1.7668,0.0959,1.0,0.0798,1.2017,2.0553,1.0553,2.3516,1.3516,26.5628,2.0625,26.3543,2.0542,100.0,0.0,0.0,0.0,24.625,0.0,25.75,0.0,25.75,0.0,24.75,10.0,0.0,0.0084,52.6666,5.2667,2.0,70.5548,1.7394,0.0747,1.3718,0.5017,1.4184,7.614e-05,1.4716,0.0097,1.8196,8.0,0.0704,1.0019,0.1733,2.4607,0.0065,1.0364,0.0906,2.1791,0.0,0.0,0.0,30.0037,25.0,24.0,37.0,37.0,12.0,0.0,0.0,0.0,0.0,62.5854,64.0,41.5302,0.0,0.0
14559.0,1.7658,0.0957,1.0,0.0797,1.2013,2.0545,1.0545,2.3516,1.3516,26.6977,2.0679,26.3706,2.0548,100.0,0.0,0.0,0.0,24.625,0.0,25.75,0.0,25.75,0.0,24.75,10.0,0.0,0.0089,52.6665,5.2666,2.0,69.4928,1.7368,0.0143,1.3652,0.4888,1.417,7.654e-05,1.4728,0.0097,1.8195,8.0,0.0724,1.0019,0.181,2.4795,0.0058,0.9828,0.0901,2.1767,0.0,0.0,0.0,30.0034,25.0,24.0,37.0,37.0,15.0,0.0,0.0,0.0,0.0,62.5851,64.0,41.7045,0.0,0.0
14560.0,1.7616,0.0952,1.0,0.0797,1.2014,2.0544,1.0544,2.3519,1.3519,26.8084,2.0723,26.3621,2.0545,100.0,0.0,0.0,0.0,24.625,0.0,25.75,0.0,25.75,0.0,24.75,10.0,0.0,0.0086,52.6665,5.2666,2.0,68.8694,1.7352,-0.0314,1.3602,0.4812,1.4161,7.696e-05,1.4741,0.0097,1.8193,8.0,0.0711,1.0019,0.1534,2.4076,0.0058,0.9858,0.0726,2.0831,0.0,0.0,0.0,30.0036,25.0,24.0,37.0,37.0,15.0,0.0,0.0,0.0,0.0,62.5857,64.0,41.911,0.0,0.0
14561.0,1.7615,0.0952,1.0,0.0798,1.2017,2.0549,1.0549,2.3519,1.3519,26.7535,2.0701,26.3496,2.054,100.0,0.0,0.0,0.0,24.75,0.0,25.875,0.0,25.75,0.0,24.75,10.0,0.0,0.0086,52.6662,5.2666,2.0,68.7837,1.735,-0.0518,1.358,0.4749,1.4154,7.75e-05,1.4757,0.0097,1.8193,8.0,0.07,1.0019,0.1603,2.4268,0.0067,1.0495,0.0846,2.1493,0.0,0.0,0.0,30.0039,25.0,24.0,37.0,37.0,14.0,0.0,0.0,0.0,0.0,62.5856,64.0,42.0901,0.0,0.0
14562.0,1.7625,0.0953,1.0,0.0801,1.2024,2.0551,1.0551,2.3518,1.3518,26.6178,2.0647,26.3452,2.0538,100.0,0.0,0.0,0.0,24.75,0.0,25.875,0.0,25.75,0.0,24.75,10.0,0.0,0.0089,52.6661,5.2666,2.0,69.3844,1.7365,0.0919,1.3737,0.4615,1.414,7.793e-05,1.477,0.0097,1.8193,8.0,0.0725,1.0019,0.1656,2.441,0.0056,0.9723,0.0914,2.1827,0.0,0.0,0.0,30.0032,25.0,24.0,37.0,37.0,12.0,0.0,0.0,0.0,0.0,62.5857,64.0,42.2791,0.0,0.0
14563.0,1.7625,0.0953,1.0,0.08,1.2021,2.0551,1.0551,2.3517,1.3517,26.5496,2.062,26.3395,2.0536,100.0,0.0,0.0,0.0,24.625,0.0,25.75,0.0,25.75,0.0,24.75,10.0,0.0,0.0086,52.6662,5.2666,2.0,70.0164,1.7381,0.0684,1.3711,0.4615,1.414,7.829e-05,1.4781,0.0097,1.8191,8.0,0.0723,1.0019,0.1278,2.3285,0.0058,0.9871,0.0879,2.1657,0.0,0.0,0.0,30.0038,25.0,24.0,37.0,37.0,13.0,0.0,0.0,0.0,0.0,62.5851,64.0,42.4421,0.0,0.0
14564.0,1.7625,0.0953,1.0,0.0799,1.202,2.0545,1.0545,2.3516,1.3516,26.6478,2.0659,26.369,2.0548,100.0,0.0,0.0,0.0,24.625,0.0,25.75,0.0,25.875,0.0,24.75,10.0,0.0,0.0086,52.6657,5.2666,2.0,69.5138,1.7368,0.0467,1.3687,0.4506,1.4128,7.864e-05,1.4791,0.0097,1.8191,8.0,0.0764,1.002,0.1867,2.4931,0.0066,1.0392,0.0954,2.2015,0.0,0.0,0.0,30.0034,25.0,24.0,37.0,37.0,13.0,0.0,0.0,0.0,0.0,62.5853,64.0,42.6343,0.0,0.0
14565.0,1.7625,0.0953,1.0,0.0796,1.2012,2.0544,1.0544,2.3517,1.3517,26.7983,2.0719,26.3666,2.0547,100.0,0.0,0.0,0.0,24.75,0.0,25.75,0.0,25.75,0.0,24.75,10.0,0.0,0.0082,52.6659,5.2666,2.0,70.6494,1.7396,0.2544,1.3914,0.4479,1.4125,7.912e-05,1.4806,0.0097,1.8191,8.0,0.0719,1.0019,0.2035,2.5303,0.0062,1.0114,0.0896,2.1741,0.0,0.0,0.0,30.003,25.0,24.0,37.0,37.0,14.0,0.0,0.0,0.0,0.0,62.5852,64.0,42.8116,0.0,0.0
14566.0,1.7643,0.0955,1.0,0.0797,1.2015,2.0545,1.0545,2.3523,1.3523,26.7741,2.071,26.3445,2.0538,100.0,0.0,0.0,0.0,24.625,0.0,25.75,0.0,25.875,0.0,24.75,10.0,0.0,0.0084,52.6653,5.2665,2.0,72.0049,1.7429,0.3014,1.3965,0.4435,1.412,7.961e-05,1.482,0.0097,1.8188,8.0,0.0719,1.0019,0.1893,2.499,0.0061,1.0077,0.0864,2.1586,0.0,0.0,0.0,30.0036,25.0,24.0,37.0,37.0,13.0,0.0,0.0,0.0,0.0,62.5852,64.0,42.9963,0.0,0.0
14567.0,1.765,0.0956,1.0,0.0798,1.2016,2.055,1.055,2.352,1.352,26.6796,2.0672,26.3374,2.0535,100.0,0.0,0.0,0.0,24.625,0.0,25.75,0.0,25.875,0.0,24.75,10.0,0.0,0.0082,52.665,5.2664,2.0,72.0662,1.7431,0.3179,1.3983,0.4413,1.4118,8.004e-05,1.4832,0.0097,1.8186,8.0,0.0704,1.0019,0.1959,2.514,0.0066,1.0405,0.0804,2.1272,0.0,0.0,0.0,30.0035,25.0,24.0,37.0,37.0,13.0,0.0,0.0,0.0,0.0,62.5855,64.0,43.1908,0.0,0.0
14568.0,1.7647,0.0956,1.0,0.0797,1.2013,2.0552,1.0552,2.3516,1.3516,26.5585,2.0623,26.3496,2.054,100.0,0.0,0.0,0.0,24.75,0.0,25.75,0.0,25.875,0.0,24.75,10.0,0.0,0.0088,52.6652,5.2665,2.0,73.2085,1.7458,0.4284,1.4104,0.4465,1.4123,8.079e-05,1.4854,0.0097,1.8187,8.0,0.0691,1.0018,0.1675,2.4458,0.0057,0.9799,0.0723,2.0809,0.0,0.0,0.0,30.003,25.0,24.0,37.0,37.0,14.0,0.0,0.0,0.0,0.0,62.5856,64.0,43.3746,0.0,0.0
14569.0,1.7683,0.096,1.0,0.0797,1.2013,2.0546,1.0546,2.3516,1.3516,26.6522,2.0661,26.3683,2.0547,100.0,0.0,0.0,0.0,24.625,0.0,25.75,0.0,25.875,0.0,24.75,10.0,0.0,0.0089,52.665,5.2665,2.0,74.5196,1.7489,0.4666,1.4145,0.4622,1.4141,8.151e-05,1.4875,0.0097,1.8186,8.0,0.0683,1.0018,0.2214,2.567,0.0062,1.0146,0.0784,2.116,0.0,0.0,0.0,30.0036,25.0,24.0,37.0,37.0,13.0,0.0,0.0,0.0,0.0,62.5857,64.0,43.5463,0.0,0.0
14570.0,1.7719,0.0965,1.0,0.0797,1.2015,2.0542,1.0542,2.3519,1.3519,26.8056,2.0722,26.357,2.0543,100.0,0.0,0.0,0.0,24.625,0.0,25.75,0.0,25.75,0.0,24.875,10.0,0.0,0.0085,52.6648,5.2665,2.0,74.4782,1.7488,0.4977,1.4179,0.4668,1.4146,8.206e-05,1.489,0.0097,1.8186,8.0,0.0666,1.0018,0.2578,2.6331,0.0062,1.0139,0.0642,2.0293,0.0,0.0,0.0,30.0032,25.0,24.0,37.0,37.0,15.0,0.0,0.0,0.0,0.0,62.5855,64.0,43.7425,0.0,0.0
14571.0,1.7732,0.0966,1.0,0.0795,1.2009,2.0545,1.0545,2.352,1.352,26.7943,2.0718,26.3465,2.0539,100.0,0.0,0.0,0.0,24.625,0.0,25.625,0.0,25.75,0.0,24.875,10.0,0.0,0.0088,52.6651,5.2665,2.0,75.6065,1.7514,0.5474,1.4234,0.4854,1.4166,8.298e-05,1.4916,0.0097,1.8185,8.0,0.0635,1.0017,0.229,2.5818,0.0064,1.0257,0.0689,2.0604,0.0,0.0,0.0,30.0033,25.0,24.0,37.0,37.0,14.0,0.0,0.0,0.0,0.0,62.5852,64.0,43.9111,0.0,0.0
14572.0,1.7714,0.0964,1.0,0.0798,1.2018,2.0551,1.0551,2.3519,1.3519,26.693,2.0677,26.3468,2.0539,100.0,0.0,0.0,0.0,24.625,0.0,25.75,0.0,25.75,0.0,24.75,10.0,0.0,0.0088,52.6651,5.2665,2.0,76.2794,1.753,0.5972,1.4288,0.5038,1.4186,8.387e-05,1.4941,0.0097,1.8185,8.0,0.0643,1.0017,0.1772,2.4703,0.0058,0.982,0.0841,2.1467,0.0,0.0,0.0,30.0038,25.0,24.0,37.0,37.0,13.0,0.0,0.0,0.0,0.0,62.5853,0.0,43.9997,0.0,0.0
14573.0,1.7726,0.0966,1.0,0.0798,1.2016,2.055,1.055,2.3517,1.3517,26.5683,2.0627,26.3449,2.0538,100.0,0.0,0.0,0.0,24.625,0.0,25.75,0.0,26.0,0.0,24.75,10.0,0.0,0.0082,52.6645,5.2665,2.0,77.2875,1.7552,0.6514,1.4347,0.5228,1.4207,8.485e-05,1.4968,0.0097,1.8188,8.0,0.0708,1.0019,0.2163,2.5569,0.0064,1.0303,0.0785,2.1165,0.0,0.0,0.0,30.0032,25.0,24.0,37.0,37.0,13.0,0.0,0.0,0.0,0.0,62.5853,0.0,43.9996,0.0,0.0
14574.0,1.7752,0.0969,1.0,0.0797,1.2014,2.0547,1.0547,2.3515,1.3515,26.6083,2.0643,26.3552,2.0542,100.0,0.0,0.0,0.0,24.625,0.0,25.75,0.0,25.75,0.0,24.75,10.0,0.0,0.0088,52.6642,5.2665,2.0,77.8183,1.7564,0.6302,1.4324,0.5569,1.4244,8.599e-05,1.4999,0.0097,1.819,8.0,0.0698,1.0019,0.2476,2.6156,0.0065,1.0321,0.0751,2.0973,0.0,0.0,0.0,30.003,25.0,24.0,37.0,37.0,15.0,0.0,0.0,0.0,0.0,62.585,0.0,43.9993,0.0,0.0
14575.0,1.7743,0.0968,1.0,0.0797,1.2014,2.0544,1.0544,2.3517,1.3517,26.7906,2.0716,26.3686,2.0547,100.0,0.0,0.0,0.0,24.75,0.0,25.75,0.0,25.875,0.0,24.875,10.0,0.0,0.0084,52.6642,5.2664,2.0,77.5991,1.7559,0.5331,1.4218,0.5807,1.427,8.704e-05,1.5027,0.0097,1.819,8.0,0.0706,1.0019,0.2217,2.5676,0.0055,0.9653,0.069,2.0609,0.0,0.0,0.0,30.0035,25.0,24.0,37.0,37.0,14.0,0.0,0.0,0.0,0.0,62.5853,0.0,43.9999,0.0,0.0
14576.0,1.7742,0.0968,1.0,0.0796,1.2012,2.0548,1.0548,2.352,1.352,26.8018,2.0721,26.3451,2.0538,100.0,0.0,0.0,0.0,24.75,0.0,26.0,0.0,25.75,0.0,24.75,10.0,0.0,0.0085,52.664,5.2664,2.0,78.0619,1.757,0.5383,1.4224,0.6137,1.4306,8.841e-05,1.5063,0.0097,1.8188,8.0,0.0695,1.0019,0.2372,2.597,0.0069,1.0612,0.0701,2.0678,0.0,0.0,0.0,30.0034,25.0,24.0,37.0,37.0,14.0,0.0,0.0,0.0,0.0,62.585,0.0,43.9997,0.0,0.0
14577.0,1.7708,0.0964,1.0,0.0797,1.2015,2.0546,1.0546,2.3519,1.3519,26.7202,2.0688,26.3377,2.0535,100.0,0.0,0.0,0.0,24.625,0.0,25.75,0.0,25.75,0.0,24.75,10.0,0.0,0.009,52.6641,5.2664,2.0,78.1854,1.7573,0.5359,1.4221,0.646,1.4341,8.948e-05,1.5091,0.0097,1.8192,8.0,0.0671,1.0018,0.232,2.5872,0.0063,1.0222,0.0646,2.0319,0.0,0.0,0.0,30.0031,25.0,24.0,37.0,37.0,14.0,0.0,0.0,0.0,0.0,62.5852,0.0,43.9999,0.0,0.0
14578.0,1.7659,0.0957,1.0,0.0796,1.2012,2.0548,1.0548,2.3518,1.3518,26.5786,2.0631,26.3352,2.0534,100.0,0.0,0.0,0.0,24.625,0.0,25.75,0.0,25.75,0.0,24.75,10.0,0.0,0.0088,52.6637,5.2663,2.0,78.529,1.758,0.5227,1.4207,0.6992,1.4399,9.133e-05,1.5139,0.0097,1.8193,8.0,0.0646,1.0017,0.2341,2.5912,0.006,1.0022,0.0614,2.01,0.0,0.0,0.0,30.003,25.0,24.0,37.0,37.0,14.0,0.0,0.0,0.0,0.0,62.5848,0.0,43.9995,0.0,0.0
14579.0,1.7669,0.0959,1.0,0.0797,1.2014,2.0549,1.0549,2.3516,1.3516,26.5894,2.0636,26.3616,2.0545,100.0,0.0,0.0,0.0,24.625,0.0,25.75,0.0,25.75,0.0,24.875,10.0,0.0,0.0087,52.6633,5.2663,2.0,78.4395,1.7578,0.478,1.4158,0.7322,1.4435,9.262e-05,1.5172,0.0097,1.8192,8.0,0.0647,1.0017,0.1602,2.4265,0.007,1.064,0.0654,2.0372,0.0,0.0,0.0,30.0035,25.0,24.0,37.0,37.0,13.0,0.0,0.0,0.0,0.0,62.585,0.0,43.9995,0.0,0.0
14580.0,1.7716,0.0965,1.0,0.0797,1.2015,2.0544,1.0544,2.3516,1.3516,26.76,2.0704,26.3726,2.0549,100.0,0.0,0.0,0.0,24.625,0.0,25.75,0.0,25.75,0.0,24.75,10.0,0.0,0.0083,52.663,5.2663,2.0,78.5144,1.758,0.4734,1.4153,0.7713,1.4478,9.428e-05,1.5213,0.0097,1.8195,8.0,0.0642,1.0017,0.1572,2.4183,0.0066,1.0401,0.0565,1.974,0.0,0.0,0.0,30.0032,25.0,24.0,37.0,37.0,15.0,0.0,0.0,0.0,0.0,62.5847,0.0,43.9991,0.0,0.0
14581.0,1.7732,0.0966,1.0,0.0796,1.201,2.0544,1.0544,2.3523,1.3523,26.8041,2.0722,26.3492,2.054,100.0,0.0,0.0,0.0,24.625,0.0,25.75,0.0,25.875,0.0,24.75,10.0,0.0,0.0088,52.6632,5.2664,2.0,79.7521,1.7607,0.5752,1.4264,0.8287,1.454,9.622e-05,1.526,0.0097,1.8197,8.0,0.0661,1.0018,0.2675,2.6492,0.0062,1.016,0.0592,1.994,0.0,0.0,0.0,30.0032,25.0,24.0,37.0,37.0,14.0,0.0,0.0,0.0,0.0,62.5852,0.0,43.9993,0.0,0.0
14582.0,1.7732,0.0966,1.0,0.0793,1.2002,2.0551,1.0551,2.3519,1.3519,26.7199,2.0688,26.3491,2.054,100.0,0.0,0.0,0.0,24.625,0.0,25.875,0.0,25.875,0.0,24.75,10.0,0.0,0.0086,52.6629,5.2663,2.0,80.8327,1.763,0.6816,1.438,0.853,1.4567,9.771e-05,1.5296,0.0097,1.8195,8.0,0.0629,1.0017,0.2515,2.6223,0.0059,0.9934,0.0562,1.9717,0.0,0.0,0.0,30.0033,25.0,24.0,37.0,37.0,14.0,0.0,0.0,0.0,0.0,62.5852,0.0,43.9995,0.0,0.0
14583.0,1.7723,0.0965,1.0,0.0794,1.2006,2.0555,1.0555,2.3518,1.3518,26.6005,2.064,26.3447,2.0538,100.0,0.0,0.0,0.0,24.625,0.0,25.75,0.0,25.75,0.0,24.75,10.0,0.0,0.0085,52.6631,5.2663,2.0,82.0978,1.7657,0.6988,1.4399,0.9016,1.462,9.977e-05,1.5344,0.0097,1.8198,8.0,0.0666,1.0018,0.2183,2.561,0.0065,1.0326,0.0626,2.0188,0.0,0.0,0.0,30.0036,25.0,24.0,37.0,37.0,14.0,0.0,0.0,0.0,0.0,62.5853,0.0,43.9996,0.0,0.0
14584.0,1.7742,0.0968,1.0,0.0797,1.2015,2.0549,1.0549,2.3516,1.3516,26.5798,2.0632,26.361,2.0544,100.0,0.0,0.0,0.0,24.625,0.0,25.75,0.0,25.75,0.0,24.75,10.0,0.0,0.0087,52.6632,5.2663,2.0,82.4598,1.7665,0.7097,1.4411,0.9416,1.4664,0.0001,1.5389,0.0097,1.8202,8.0,0.069,1.0018,0.1933,2.508,0.0061,1.0056,0.063,2.0214,0.0,0.0,0.0,30.0036,25.0,24.0,37.0,37.0,15.0,0.0,0.0,0.0,0.0,62.5852,0.0,43.9999,0.0,0.0
14585.0,1.7722,0.0965,1.0,0.0796,1.2012,2.0544,1.0544,2.3518,1.3518,26.7182,2.0687,26.3635,2.0545,100.0,0.0,0.0,0.0,24.75,0.0,25.75,0.0,25.875,0.0,24.75,10.0,0.0,0.0087,52.6631,5.2663,2.0,84.04,1.7698,0.7876,1.4496,0.9719,1.4697,0.0001,1.5426,0.0097,1.8203,8.0,0.0698,1.0019,0.2066,2.5369,0.0059,0.9897,0.0729,2.0843,0.0,0.0,0.0,30.0035,25.0,24.0,37.0,37.0,15.0,0.0,0.0,0.0,0.0,62.5849,0.0,43.9997,0.0,0.0
14586.0,1.767,0.0959,1.0,0.0796,1.2013,2.0546,1.0546,2.3522,1.3522,26.8149,2.0726,26.3523,2.0541,100.0,0.0,0.0,0.0,24.625,0.0,25.875,0.0,25.75,0.0,24.75,10.0,0.0,0.0088,52.6628,5.2663,2.0,85.3137,1.7724,0.8754,1.4591,1.0092,1.4737,0.0001,1.547,0.0097,1.8203,8.0,0.0685,1.0018,0.1899,2.5004,0.0062,1.0136,0.0717,2.0771,0.0,0.0,0.0,30.0038,25.0,24.0,37.0,37.0,15.0,0.0,0.0,0.0,0.0,62.5857,0.0,44.0004,0.0,0.0
14587.0,1.7657,0.0957,1.0,0.0797,1.2014,2.055,1.055,2.3519,1.3519,26.7446,2.0698,26.3501,2.054,100.0,0.0,0.0,0.0,24.625,0.0,25.75,0.0,25.875,0.0,24.75,10.0,0.0,0.009,52.6627,5.2663,2.0,86.358,1.7745,0.8614,1.4576,1.0497,1.4782,0.0001,1.5516,0.0097,1.8205,8.0,0.0694,1.0019,0.1667,2.4438,0.0067,1.0508,0.066,2.0413,0.0,0.0,0.0,30.0033,25.0,24.0,37.0,37.0,13.0,0.0,0.0,0.0,0.0,62.5852,0.0,43.9997,0.0,0.0
14588.0,1.7658,0.0957,1.0,0.0797,1.2014,2.0554,1.0554,2.3519,1.3519,26.6317,2.0653,26.346,2.0538,100.0,0.0,0.0,0.0,24.75,0.0,25.75,0.0,25.75,0.0,24.75,10.0,0.0,0.0085,52.6625,5.2663,2.0,87.0375,1.7759,0.8499,1.4564,1.0616,1.4795,0.0001,1.555,0.0097,1.8206,8.0,0.0711,1.0019,0.1712,2.4555,0.0057,0.9803,0.0747,2.0951,0.0,0.0,0.0,30.0031,25.0,24.0,37.0,37.0,13.0,0.0,0.0,0.0,0.0,62.5855,0.0,43.9999,0.0,0.0
14589.0,1.7657,0.0957,1.0,0.0796,1.2011,2.055,1.055,2.3519,1.3519,26.5625,2.0625,26.3453,2.0538,100.0,0.0,0.0,0.0,24.625,0.0,25.75,0.0,25.75,0.0,24.75,10.0,0.0,0.0089,52.6621,5.2662,2.0,87.344,1.7765,0.8371,1.455,1.0996,1.4836,0.0001,1.5596,0.0097,1.8206,8.0,0.0714,1.0019,0.1694,2.4508,0.0057,0.9762,0.0702,2.0682,0.0,0.0,0.0,30.0032,25.0,24.0,37.0,37.0,15.0,0.0,0.0,0.0,0.0,62.5854,0.0,43.9995,0.0,0.0
14590.0,1.7657,0.0957,1.0,0.0797,1.2014,2.0545,1.0545,2.3519,1.3519,26.6892,2.0676,26.3609,2.0544,100.0,0.0,0.0,0.0,24.5,0.0,25.75,0.0,25.75,0.0,24.75,10.0,0.0,0.0081,52.6621,5.2662,2.0,89.0144,1.7798,0.8878,1.4605,1.1204,1.4859,0.0001,1.5632,0.0097,1.8208,8.0,0.0711,1.0019,0.1522,2.4043,0.0062,1.0138,0.0673,2.0499,0.0,0.0,0.0,30.0028,25.0,24.0,37.0,37.0,14.0,0.0,0.0,0.0,0.0,62.5851,0.0,43.9989,0.0,0.0
14591.0,1.7651,0.0956,1.0,0.0798,1.2016,2.0545,1.0545,2.3523,1.3523,26.8175,2.0727,26.3531,2.0541,100.0,0.0,0.0,0.0,24.625,0.0,25.75,0.0,25.75,0.0,24.75,10.0,0.0,0.0086,52.6618,5.2662,2.0,90.0113,1.7817,0.9746,1.47,1.1346,1.4874,0.0001,1.5671,0.0097,1.8207,8.0,0.0716,1.0019,0.1385,2.3632,0.0055,0.9633,0.0675,2.0511,0.0,0.0,0.0,30.0028,25.0,24.0,37.0,37.0,14.0,0.0,0.0,0.0,0.0,62.585,0.0,43.9992,0.0,0.0
14592.0,1.7657,0.0957,1.0,0.0798,1.2017,2.0548,1.0548,2.3524,1.3524,26.7527,2.0701,26.3407,2.0536,100.0,0.0,0.0,0.0,24.625,0.0,25.75,0.0,25.75,0.0,24.875,10.0,0.0,0.009,52.6618,5.2662,2.0,92.6999,1.7868,1.0683,1.4802,1.1645,1.4907,0.0001,1.5721,0.0097,1.8208,8.0,0.0727,1.0019,0.1552,2.4128,0.0063,1.0182,0.0937,2.1937,0.0,0.0,0.0,30.0033,25.0,24.0,37.0,37.0,16.0,0.0,0.0,0.0,0.0,62.5852,0.0,43.9996,0.0,0.0
14593.0,1.7657,0.0957,1.0,0.08,1.2023,2.055,1.055,2.3523,1.3523,26.6501,2.066,26.3369,2.0535,100.0,0.0,0.0,0.0,24.625,0.0,25.75,0.0,25.75,0.0,24.75,10.0,0.0,0.0089,52.6616,5.2662,2.0,92.9834,1.7874,1.0572,1.479,1.1772,1.4921,0.0001,1.5754,0.0097,1.821,8.0,0.075,1.002,0.126,2.3223,0.0058,0.9821,0.1002,2.2226,0.0,0.0,0.0,30.0033,25.0,24.0,37.0,37.0,15.0,0.0,0.0,0.0,0.0,62.5851,0.0,43.9993,0.0,0.0
14594.0,1.7656,0.0957,1.0,0.08,1.2023,2.055,1.055,2.352,1.352,26.5588,2.0624,26.3445,2.0538,100.0,0.0,0.0,0.0,24.625,0.0,25.75,0.0,25.75,0.0,24.875,10.0,0.0,0.0089,52.6618,5.2662,2.0,95.0365,1.7912,1.1929,1.4938,1.1826,1.4926,0.0001,1.5788,0.0097,1.821,8.0,0.0689,1.0018,0.1442,2.3809,0.006,1.0002,0.0951,2.2,0.0,0.0,0.0,30.0031,25.0,24.0,37.0,37.0,12.0,0.0,0.0,0.0,0.0,62.5851,0.0,43.9994,0.0,0.0
14595.0,1.7626,0.0953,1.0,0.0797,1.2013,2.0544,1.0544,2.352,1.352,26.6734,2.0669,26.3599,2.0544,100.0,0.0,0.0,0.0,24.625,0.0,25.75,0.0,25.75,0.0,24.875,10.0,0.0,0.0083,52.6615,5.2662,2.0,97.845,1.7962,1.3301,1.5087,1.1881,1.4932,0.0001,1.5822,0.0097,1.8211,8.0,0.066,1.0018,0.127,2.3258,0.0059,0.9924,0.0997,2.2207,0.0,0.0,0.0,30.0032,25.0,24.0,37.0,37.0,15.0,0.0,0.0,0.0,0.0,62.5852,0.0,43.9998,0.0,0.0
14596.0,1.7626,0.0953,1.0,0.0796,1.2011,2.0544,1.0544,2.3519,1.3519,26.8147,2.0726,26.3584,2.0543,100.0,0.0,0.0,0.0,24.625,0.0,25.875,0.0,25.75,0.0,24.625,10.0,0.0,0.009,52.6613,5.2661,2.0,98.7371,1.7978,1.3024,1.5057,1.2036,1.4949,0.0001,1.586,0.0097,1.821,8.0,0.0657,1.0018,0.1174,2.2917,0.0062,1.0119,0.0905,2.1784,0.0,0.0,0.0,30.0032,25.0,24.0,37.0,37.0,13.0,0.0,0.0,0.0,0.0,62.5854,0.0,43.9992,0.0,0.0
14597.0,1.7646,0.0956,1.0,0.0797,1.2015,2.055,1.055,2.352,1.352,26.7769,2.0711,26.3513,2.0541,100.0,0.0,0.0,0.0,24.625,0.0,25.75,0.0,25.75,0.0,25.0,10.0,0.0,0.0087,52.6613,5.2661,2.0,100.7742,1.8013,1.3356,1.5093,1.2103,1.4957,0.0001,1.5895,0.0097,1.821,8.0,0.0634,1.0017,0.1116,2.2694,0.0059,0.9925,0.0908,2.1798,0.0,0.0,0.0,30.0039,25.0,24.0,37.0,37.0,14.0,0.0,0.0,0.0,0.0,62.5855,0.0,43.9998,0.0,0.0
14598.0,1.7647,0.0956,1.0,0.0795,1.2008,2.0553,1.0553,2.3519,1.3519,26.6648,2.0666,26.3476,2.0539,100.0,0.0,0.0,0.0,24.625,0.0,25.75,0.0,25.75,0.0,24.75,10.0,0.0,0.0088,52.6613,5.2661,2.0,100.6975,1.8012,1.1459,1.4886,1.2138,1.496,0.0001,1.5932,0.0097,1.821,8.0,0.063,1.0017,0.1956,2.5133,0.006,0.9979,0.0919,2.1852,0.0,0.0,0.0,30.0035,25.0,24.0,37.0,37.0,14.0,0.0,0.0,0.0,0.0,62.5854,0.0,43.9998,0.0,0.0
14599.0,1.7646,0.0956,1.0,0.0795,1.2009,2.055,1.055,2.3517,1.3517,26.5593,2.0624,26.3463,2.0539,100.0,0.0,0.0,0.0,24.625,0.0,25.75,0.0,25.875,0.0,24.75,10.0,0.0,0.0083,52.6611,5.2661,2.0,100.5419,1.8009,1.0379,1.4769,1.2059,1.4952,0.0001,1.5959,0.0097,1.8211,8.0,0.0654,1.0017,0.1676,2.4462,0.0061,1.0078,0.0987,2.2164,0.0,0.0,0.0,30.004,25.0,24.0,37.0,37.0,15.0,0.0,0.0,0.0,0.0,62.5856,0.0,43.9997,0.0,0.0
14600.0,1.7639,0.0955,1.0,0.0797,1.2015,2.0545,1.0545,2.3518,1.3518,26.6542,2.0662,26.3619,2.0545,100.0,0.0,0.0,0.0,24.625,0.0,25.875,0.0,25.875,0.0,24.875,10.0,0.0,0.0092,52.6607,5.2661,2.0,101.5513,1.8027,1.0397,1.4771,1.208,1.4954,0.0001,1.5994,0.0097,1.821,8.0,0.0659,1.0018,0.1409,2.3709,0.0064,1.0266,0.0889,2.1707,0.0,0.0,0.0,30.0032,25.0,24.0,37.0,37.0,13.0,0.0,0.0,0.0,0.0,62.5853,0.0,43.9996,0.0,0.0
14601.0,1.7637,0.0955,1.0,0.0795,1.201,2.0544,1.0544,2.3518,1.3518,26.8104,2.0724,26.3618,2.0545,100.0,0.0,0.0,0.0,24.625,0.0,25.75,0.0,25.75,0.0,24.75,10.0,0.0,0.0081,52.6606,5.2661,2.0,102.4779,1.8043,1.0486,1.478,1.205,1.4951,0.0001,1.6027,0.0097,1.821,8.0,0.0626,1.0017,0.1259,2.322,0.0064,1.0266,0.0826,2.139,0.0,0.0,0.0,30.0031,25.0,24.0,37.0,37.0,13.0,0.0,0.0,0.0,0.0,62.5853,0.0,43.9995,0.0,0.0
14602.0,1.7642,0.0955,1.0,0.0795,1.201,2.0549,1.0549,2.352,1.352,26.787,2.0715,26.3541,2.0542,100.0,0.0,0.0,0.0,24.75,0.0,25.875,0.0,25.875,0.0,24.75,10.0,0.0,0.0088,52.6602,5.266,2.0,102.9245,1.805,0.998,1.4725,1.2003,1.4946,0.0001,1.6059,0.0097,1.821,8.0,0.0637,1.0017,0.1356,2.3541,0.0056,0.9713,0.0903,2.1777,0.0,0.0,0.0,30.0033,25.0,24.0,37.0,37.0,15.0,0.0,0.0,0.0,0.0,62.5856,0.0,43.9997,0.0,0.0
14603.0,1.7644,0.0956,1.0,0.0797,1.2014,2.0551,1.0551,2.3519,1.3519,26.6901,2.0676,26.348,2.0539,100.0,0.0,0.0,0.0,24.625,0.0,25.75,0.0,25.75,0.0,24.75,10.0,0.0,0.0085,52.6604,5.2661,2.0,104.0728,1.8069,1.0283,1.4758,1.1967,1.4942,0.0001,1.6088,0.0097,1.8212,8.0,0.0624,1.0017,0.1421,2.3745,0.0064,1.029,0.0797,2.1233,0.0,0.0,0.0,30.0031,25.0,24.0,37.0,37.0,13.0,0.0,0.0,0.0,0.0,62.5852,0.0,43.9996,0.0,0.0
14604.0,1.7637,0.0955,1.0,0.0795,1.2009,2.055,1.055,2.3518,1.3518,26.5723,2.0629,26.3429,2.0537,100.0,0.0,0.0,0.0,24.625,0.0,25.75,0.0,25.75,0.0,24.875,10.0,0.0,0.0087,52.6603,5.266,2.0,105.2136,1.8088,1.0796,1.4814,1.1881,1.4933,0.0001,1.6116,0.0097,1.8212,8.0,0.0662,1.0018,0.1244,2.3166,0.0057,0.9789,0.084,2.1462,0.0,0.0,0.0,30.0035,25.0,24.0,37.0,37.0,12.0,0.0,0.0,0.0,0.0,62.5856,0.0,43.9995,0.0,0.0
14605.0,1.7597,0.095,1.0,0.0799,1.2019,2.0543,1.0543,2.3517,1.3517,26.6135,2.0645,26.3563,2.0543,100.0,0.0,0.0,0.0,24.625,0.0,25.75,0.0,25.875,0.0,24.75,10.0,0.0,0.009,52.6602,5.266,2.0,108.0154,1.8134,1.1487,1.4889,1.1813,1.4925,0.0001,1.6146,0.0097,1.8215,8.0,0.0736,1.002,0.1197,2.2998,0.0057,0.9772,0.0757,2.1012,0.0,0.0,0.0,30.0029,25.0,24.0,37.0,37.0,13.0,0.0,0.0,0.0,0.0,62.5848,0.0,43.9996,0.0,0.0
14606.0,1.7624,0.0953,1.0,0.0799,1.2021,2.054,1.054,2.3521,1.3521,26.794,2.0718,26.3612,2.0544,100.0,0.0,0.0,0.0,24.75,0.0,25.875,0.0,25.75,0.0,24.875,10.0,0.0,0.0085,52.6601,5.266,2.0,108.9957,1.815,1.0907,1.4826,1.1768,1.492,0.0001,1.6176,0.0097,1.8214,8.0,0.0736,1.002,0.2041,2.5316,0.0053,0.9494,0.0722,2.0802,0.0,0.0,0.0,30.0031,25.0,24.0,37.0,37.0,12.0,0.0,0.0,0.0,0.0,62.5851,0.0,43.9995,0.0,0.0
14607.0,1.7625,0.0953,1.0,0.0802,1.2029,2.0545,1.0545,2.3524,1.3524,26.7916,2.0717,26.3447,2.0538,100.0,0.0,0.0,0.0,24.625,0.0,25.75,0.0,25.75,0.0,24.875,10.0,0.0,0.0094,52.6599,5.266,2.0,108.9402,1.8149,0.9771,1.4702,1.1637,1.4906,0.0001,1.6205,0.0097,1.821,8.0,0.0757,1.002,0.2352,2.5933,0.0061,1.0105,0.0669,2.0474,0.0,0.0,0.0,30.0034,25.0,24.0,37.0,37.0,13.0,0.0,0.0,0.0,0.0,62.5855,0.0,43.9992,0.0,0.0
14608.0,1.7635,0.0954,1.0,0.08,1.2024,2.0547,1.0547,2.3522,1.3522,26.6938,2.0678,26.3383,2.0535,100.0,0.0,0.0,0.0,24.625,0.0,25.75,0.0,25.75,0.0,24.875,10.0,0.0,0.0088,52.66,5.266,2.0,108.9801,1.8149,0.9224,1.4643,1.1498,1.4891,0.0001,1.623,0.0097,1.8211,8.0,0.073,1.0019,0.2025,2.5284,0.0066,1.0442,0.063,2.0213,0.0,0.0,0.0,30.0033,25.0,24.0,37.0,37.0,14.0,0.0,0.0,0.0,0.0,62.5857,0.0,43.9993,0.0,0.0
14609.0,1.7656,0.0957,1.0,0.08,1.2021,2.0549,1.0549,2.3518,1.3518,26.5743,2.063,26.3359,2.0534,100.0,0.0,0.0,0.0,24.625,0.0,25.75,0.0,25.75,0.0,24.875,10.0,0.0,0.0085,52.6601,5.266,2.0,109.7253,1.8161,0.8655,1.4581,1.1372,1.4877,0.0001,1.6254,0.0097,1.8211,8.0,0.0725,1.0019,0.2112,2.5465,0.006,1.0035,0.061,2.0073,0.0,0.0,0.0,30.0029,25.0,24.0,37.0,37.0,16.0,0.0,0.0,0.0,0.0,62.5851,0.0,43.9992,0.0,0.0
14610.0,1.7667,0.0958,1.0,0.0798,1.2017,2.0545,1.0545,2.3515,1.3515,26.6062,2.0642,26.3549,2.0542,100.0,0.0,0.0,0.0,24.75,0.0,25.875,0.0,25.75,0.0,24.75,10.0,0.0,0.009,52.6596,5.2659,2.0,109.8585,1.8163,0.7943,1.4503,1.1233,1.4862,0.0001,1.6284,0.0097,1.8212,8.0,0.0733,1.002,0.1978,2.518,0.0061,1.0052,0.0733,2.0869,0.0,0.0,0.0,30.0029,25.0,24.0,38.0,37.0,13.0,0.0,0.0,0.0,0.0,62.5853,0.0,43.9995,0.0,0.0
14611.0,1.7651,0.0956,1.0,0.0798,1.2018,2.054,1.054,2.3516,1.3516,26.7539,2.0702,26.3631,2.0545,100.0,0.0,0.0,0.0,24.625,0.0,25.875,0.0,25.75,0.0,24.75,10.0,0.0,0.0082,52.6595,5.266,2.0,110.4328,1.8172,0.7564,1.4462,1.1077,1.4845,0.0002,1.6304,0.0097,1.8212,8.0,0.071,1.0019,0.2108,2.5458,0.0054,0.955,0.0709,2.0728,0.0,0.0,0.0,30.0033,25.0,24.0,38.0,37.0,13.0,0.0,0.0,0.0,0.0,62.5854,0.0,44.0,0.0,0.0
14612.0,1.7652,0.0956,1.0,0.08,1.2022,2.0544,1.0544,2.352,1.352,26.8123,2.0725,26.3499,2.054,100.0,0.0,0.0,0.0,24.625,0.0,25.75,0.0,25.875,0.0,24.875,10.0,0.0,0.0086,52.6596,5.266,2.0,110.6559,1.8176,0.7451,1.4449,1.0927,1.4828,0.0002,1.6325,0.0097,1.8213,8.0,0.0749,1.002,0.1729,2.4596,0.0058,0.9866,0.0868,2.1601,0.0,0.0,0.0,30.0027,25.0,24.0,38.0,37.0,13.0,0.0,0.0,0.0,0.0,62.5853,0.0,43.9989,0.0,0.0
14613.0,1.7657,0.0957,1.0,0.0799,1.2019,2.0554,1.0554,2.3515,1.3515,26.7293,2.0692,26.352,2.0541,100.0,0.0,0.0,0.0,24.5,0.0,25.75,0.0,25.75,0.0,24.875,10.0,0.0,0.0093,52.6594,5.2659,2.0,111.7877,1.8194,0.7393,1.4443,1.0854,1.482,0.0002,1.6355,0.0097,1.8213,8.0,0.0733,1.002,0.1541,2.4095,0.0059,0.9892,0.0733,2.0868,0.0,0.0,0.0,30.0028,25.0,24.0,38.0,37.0,16.0,0.0,0.0,0.0,0.0,62.585,0.0,43.9994,0.0,0.0
14614.0,1.7644,0.0956,1.0,0.0798,1.2017,2.0555,1.0555,2.3514,1.3514,26.6029,2.0641,26.3465,2.0539,100.0,0.0,0.0,0.0,24.625,0.0,25.75,0.0,25.75,0.0,24.75,10.0,0.0,0.0085,52.6592,5.266,2.0,112.2278,1.82,0.6769,1.4375,1.0739,1.4808,0.0002,1.6378,0.0097,1.821,8.0,0.0729,1.0019,0.1645,2.438,0.0063,1.0204,0.0717,2.0773,0.0,0.0,0.0,30.003,25.0,24.0,37.0,37.0,14.0,0.0,0.0,0.0,0.0,62.5854,0.0,43.9995,0.0,0.0
14615.0,1.7634,0.0954,1.0,0.0798,1.2018,2.0552,1.0552,2.3512,1.3512,26.58,2.0632,26.3605,2.0544,100.0,0.0,0.0,0.0,24.75,0.0,25.75,0.0,25.875,0.0,24.75,10.0,0.0,0.0085,52.6595,5.2659,2.0,112.1456,1.8199,0.6571,1.4353,1.0543,1.4786,0.0002,1.6402,0.0097,1.821,8.0,0.0728,1.0019,0.1666,2.4435,0.0066,1.0439,0.0707,2.071,0.0,0.0,0.0,30.0027,25.0,24.0,37.0,37.0,14.0,0.0,0.0,0.0,0.0,62.5856,0.0,43.9995,0.0,0.0
14616.0,1.7629,0.0954,1.0,0.0796,1.2012,2.0546,1.0546,2.3513,1.3513,26.7468,2.0699,26.3735,2.0549,100.0,0.0,0.0,0.0,24.625,0.0,25.75,0.0,25.75,0.0,24.75,10.0,0.0,0.008,52.6591,5.2659,2.0,113.6227,1.8222,0.734,1.4437,1.0372,1.4768,0.0002,1.6424,0.0097,1.8207,8.0,0.0635,1.0017,0.1358,2.3547,0.0063,1.0211,0.0684,2.0567,0.0,0.0,0.0,30.0028,25.0,24.0,37.0,37.0,16.0,0.0,0.0,0.0,0.0,62.5853,0.0,43.9995,0.0,0.0
14617.0,1.7636,0.0955,1.0,0.0796,1.2011,2.0546,1.0546,2.3518,1.3518,26.8132,2.0725,26.354,2.0542,100.0,0.0,0.0,0.0,24.625,0.0,25.875,0.0,25.75,0.0,24.75,10.0,0.0,0.0083,52.6589,5.2659,2.0,114.1394,1.823,0.699,1.4399,1.0205,1.475,0.0002,1.6447,0.0097,1.8206,8.0,0.0618,1.0016,0.1322,2.3431,0.0059,0.9941,0.0811,2.1309,0.0,0.0,0.0,30.0032,25.0,24.0,37.0,37.0,15.0,0.0,0.0,0.0,0.0,62.5848,0.0,43.999,0.0,0.0
14618.0,1.7636,0.0954,1.0,0.0796,1.2012,2.055,1.055,2.3515,1.3515,26.7437,2.0697,26.3499,2.054,100.0,0.0,0.0,0.0,24.625,0.0,25.625,0.0,25.75,0.0,24.875,10.0,0.0,0.0078,52.6586,5.2658,2.0,115.3516,1.8248,0.733,1.4436,1.0117,1.474,0.0002,1.6467,0.0097,1.8205,8.0,0.0616,1.0016,0.198,2.5185,0.0066,1.0389,0.0804,2.1271,0.0,0.0,0.0,30.0023,25.0,24.0,37.0,37.0,14.0,0.0,0.0,0.0,0.0,62.5845,0.0,43.9991,0.0,0.0
14619.0,1.7636,0.0955,1.0,0.0797,1.2014,2.055,1.055,2.3517,1.3517,26.6129,2.0645,26.3449,2.0538,100.0,0.0,0.0,0.0,24.625,0.0,25.75,0.0,25.875,0.0,24.875,10.0,0.0,0.0082,52.6588,5.2659,2.0,115.5254,1.8251,0.6457,1.4341,0.9998,1.4727,0.0002,1.6491,0.0097,1.8207,8.0,0.0646,1.0017,0.2061,2.5358,0.0059,0.9917,0.0855,2.1537,0.0,0.0,0.0,30.0029,25.0,24.0,37.0,37.0,13.0,0.0,0.0,0.0,0.0,62.5856,0.0,43.9993,0.0,0.0
14620.0,1.7656,0.0957,1.0,0.0795,1.201,2.0549,1.0549,2.3515,1.3515,26.5618,2.0625,26.3548,2.0542,100.0,0.0,0.0,0.0,24.75,0.0,25.75,0.0,25.75,0.0,24.75,10.0,0.0,0.0082,52.6587,5.2659,2.0,116.778,1.8269,0.6408,1.4335,0.9952,1.4722,0.0002,1.6518,0.0097,1.8205,8.0,0.0658,1.0018,0.2033,2.53,0.006,0.999,0.0807,2.1287,0.0,0.0,0.0,30.0031,25.0,24.0,37.0,37.0,14.0,0.0,0.0,0.0,0.0,62.5856,0.0,43.9998,0.0,0.0
14621.0,1.7658,0.0957,1.0,0.0797,1.2014,2.0545,1.0545,2.3511,1.3511,26.715,2.0686,26.3719,2.0549,100.0,0.0,0.0,0.0,24.625,0.0,25.625,0.0,26.0,0.0,24.875,10.0,0.0,0.0087,52.6582,5.2658,2.0,115.9722,1.8257,0.6056,1.4297,0.9778,1.4703,0.0002,1.6537,0.0097,1.8204,8.0,0.0638,1.0017,0.1685,2.4484,0.0062,1.012,0.0803,2.1266,0.0,0.0,0.0,30.0031,25.0,24.0,37.0,37.0,13.0,0.0,0.0,0.0,0.0,62.5849,0.0,43.9993,0.0,0.0
14622.0,1.7659,0.0957,1.0,0.0797,1.2015,2.0545,1.0545,2.3515,1.3515,26.8157,2.0726,26.3613,2.0545,100.0,0.0,0.0,0.0,24.625,0.0,25.75,0.0,25.875,0.0,24.75,10.0,0.0,0.0094,52.6579,5.2658,2.0,116.2131,1.8261,0.5167,1.42,0.9594,1.4683,0.0002,1.6557,0.0097,1.8207,8.0,0.0669,1.0018,0.1534,2.4077,0.0055,0.9595,0.0658,2.0401,0.0,0.0,0.0,30.0029,25.0,24.0,37.0,37.0,13.0,0.0,0.0,0.0,0.0,62.5859,0.0,43.999,0.0,0.0
14623.0,1.7662,0.0958,1.0,0.0796,1.2011,2.055,1.055,2.3515,1.3515,26.7552,2.0702,26.349,2.054,100.0,0.0,0.0,0.0,24.75,0.0,25.75,0.0,25.75,0.0,24.75,10.0,0.0,0.0087,52.6581,5.2658,2.0,115.8063,1.8255,0.4306,1.4106,0.9381,1.466,0.0002,1.6575,0.0097,1.8207,8.0,0.0677,1.0018,0.1875,2.495,0.006,1.0033,0.0802,2.1261,0.0,0.0,0.0,30.003,25.0,24.0,37.0,37.0,14.0,0.0,0.0,0.0,0.0,62.5852,0.0,43.9995,0.0,0.0
14624.0,1.7658,0.0957,1.0,0.0797,1.2014,2.0551,1.0551,2.3514,1.3514,26.652,2.0661,26.3445,2.0538,100.0,0.0,0.0,0.0,24.75,0.0,25.875,0.0,25.75,0.0,24.875,10.0,0.0,0.0087,52.6577,5.2658,2.0,116.8272,1.827,0.4764,1.4156,0.918,1.4638,0.0002,1.659,0.0097,1.8209,8.0,0.0685,1.0018,0.2161,2.5565,0.0068,1.0546,0.0689,2.0598,0.0,0.0,0.0,30.0028,25.0,24.0,37.0,37.0,16.0,0.0,0.0,0.0,0.0,62.5853,0.0,43.9995,0.0,0.0
14625.0,1.7658,0.0957,1.0,0.0796,1.2011,2.055,1.055,2.3512,1.3512,26.565,2.0626,26.3447,2.0538,100.0,0.0,0.0,0.0,24.625,0.0,25.75,0.0,25.75,0.0,24.875,10.0,0.0,0.0083,52.658,5.2658,2.0,117.4671,1.828,0.5582,1.4245,0.9005,1.4619,0.0002,1.6614,0.0097,1.8208,8.0,0.0698,1.0019,0.209,2.542,0.0057,0.9753,0.0641,2.0286,0.0,0.0,0.0,30.003,25.0,24.0,37.0,37.0,13.0,0.0,0.0,0.0,0.0,62.585,0.0,43.9994,0.0,0.0
14626.0,1.7669,0.0959,1.0,0.0797,1.2014,2.0545,1.0545,2.3511,1.3511,26.6771,2.0671,26.3696,2.0548,100.0,0.0,0.0,0.0,24.625,0.0,25.75,0.0,25.75,0.0,24.75,10.0,0.0,0.0085,52.6578,5.2658,2.0,119.3368,1.8307,0.6194,1.4312,0.893,1.461,0.0002,1.6631,0.0097,1.8205,8.0,0.0706,1.0019,0.1895,2.4994,0.0051,0.9265,0.0654,2.0373,0.0,0.0,0.0,30.0026,25.0,24.0,37.0,37.0,15.0,0.0,0.0,0.0,0.0,62.5854,0.0,43.9995,0.0,0.0
14627.0,1.7668,0.0958,1.0,0.0797,1.2015,2.0543,1.0543,2.3511,1.3511,26.8148,2.0726,26.3647,2.0546,100.0,0.0,0.0,0.0,24.75,0.0,25.75,0.0,25.875,0.0,24.75,10.0,0.0,0.0081,52.6575,5.2657,2.0,120.8362,1.8329,0.6549,1.4351,0.8844,1.4601,0.0002,1.6651,0.0097,1.8208,8.0,0.0701,1.0019,0.2048,2.5332,0.006,0.9968,0.0577,1.9827,0.0,0.0,0.0,30.0027,25.0,25.0,37.0,37.0,14.0,0.0,0.0,0.0,0.0,62.5851,0.0,43.9994,0.0,0.0
14628.0,1.7658,0.0957,1.0,0.0797,1.2015,2.0549,1.0549,2.3516,1.3516,26.7658,2.0706,26.3499,2.054,100.0,0.0,0.0,0.0,24.625,0.0,25.75,0.0,25.75,0.0,24.75,10.0,0.0,0.009,52.6576,5.2658,2.0,121.2873,1.8335,0.5732,1.4262,0.87,1.4585,0.0002,1.6669,0.0097,1.8209,8.0,0.0674,1.0018,0.2334,2.5899,0.0062,1.0119,0.0682,2.0557,0.0,0.0,0.0,30.003,25.0,25.0,37.0,37.0,13.0,0.0,0.0,0.0,0.0,62.5847,0.0,43.9991,0.0,0.0
14629.0,1.7658,0.0957,1.0,0.0798,1.2018,2.0551,1.0551,2.3514,1.3514,26.6531,2.0661,26.3471,2.0539,100.0,0.0,0.0,0.0,24.625,0.0,25.75,0.0,25.875,0.0,24.875,10.0,0.0,0.009,52.6578,5.2658,2.0,122.2263,1.8349,0.6714,1.4369,0.848,1.4561,0.0002,1.6685,0.0097,1.8208,8.0,0.0697,1.0019,0.2216,2.5674,0.0062,1.0121,0.0736,2.0889,0.0,0.0,0.0,30.0026,25.0,25.0,37.0,37.0,15.0,0.0,0.0,0.0,0.0,62.5853,0.0,43.9991,0.0,0.0
14630.0,1.7648,0.0956,1.0,0.0798,1.2018,2.0554,1.0554,2.3509,1.3509,26.5591,2.0624,26.3503,2.054,100.0,0.0,0.0,0.0,24.75,0.0,25.875,0.0,25.875,0.0,24.75,10.0,0.0,0.0085,52.6574,5.2657,2.0,123.8843,1.8372,0.8304,1.4542,0.8356,1.4548,0.0002,1.6703,0.0097,1.8209,8.0,0.0672,1.0018,0.308,2.7104,0.0057,0.9781,0.0619,2.0137,0.0,0.0,0.0,30.0026,25.0,25.0,37.0,37.0,14.0,0.0,0.0,0.0,0.0,62.5851,0.0,43.9992,0.0,0.0
14631.0,1.7657,0.0957,1.0,0.08,1.2022,2.0548,1.0548,2.3508,1.3508,26.6481,2.0659,26.3696,2.0548,100.0,0.0,0.0,0.0,24.75,0.0,25.75,0.0,25.75,0.0,24.75,10.0,0.0,0.0081,52.6573,5.2657,2.0,126.5876,1.841,0.7964,1.4505,0.8274,1.4539,0.0002,1.6723,0.0097,1.8205,8.0,0.0681,1.0018,0.263,2.6418,0.006,1.0,0.0612,2.0088,0.0,0.0,0.0,30.0025,25.0,24.0,37.0,37.0,15.0,0.0,0.0,0.0,0.0,62.585,0.0,43.9991,0.0,0.0
14632.0,1.7658,0.0957,1.0,0.0797,1.2015,2.0544,1.0544,2.3513,1.3513,26.7923,2.0717,26.3587,2.0543,100.0,0.0,0.0,0.0,24.625,0.0,25.75,0.0,25.75,0.0,24.75,10.0,0.0,0.0092,52.6574,5.2658,2.0,125.5396,1.8395,0.6744,1.4372,0.8178,1.4528,0.0002,1.6737,0.0097,1.8206,8.0,0.0654,1.0017,0.2897,2.6839,0.0062,1.0119,0.0659,2.0409,0.0,0.0,0.0,30.0027,25.0,24.0,37.0,37.0,14.0,0.0,0.0,0.0,0.0,62.5855,0.0,43.9995,0.0,0.0
14633.0,1.7647,0.0956,1.0,0.0797,1.2014,2.0548,1.0548,2.3515,1.3515,26.795,2.0718,26.3539,2.0542,100.0,0.0,0.0,0.0,24.625,0.0,25.875,0.0,25.75,0.0,24.875,10.0,0.0,0.0094,52.6571,5.2657,2.0,124.989,1.8387,0.5809,1.427,0.804,1.4514,0.0002,1.6754,0.0097,1.8208,8.0,0.0661,1.0018,0.2496,2.6191,0.0058,0.9848,0.0581,1.9861,0.0,0.0,0.0,30.0031,25.0,24.0,37.0,37.0,14.0,0.0,0.0,0.0,0.0,62.5851,0.0,43.9995,0.0,0.0
14634.0,1.7647,0.0956,1.0,0.0796,1.2011,2.0552,1.0552,2.3514,1.3514,26.6744,2.067,26.346,2.0538,100.0,0.0,0.0,0.0,24.625,0.0,25.75,0.0,25.75,0.0,24.875,10.0,0.0,0.0085,52.6571,5.2657,2.0,125.4523,1.8394,0.5369,1.4222,0.7894,1.4497,0.0002,1.6771,0.0097,1.8204,8.0,0.0644,1.0017,0.3089,2.7116,0.0064,1.0283,0.06,2.0001,0.0,0.0,0.0,30.0028,25.0,24.0,37.0,37.0,13.0,0.0,0.0,0.0,0.0,62.5851,0.0,43.9996,0.0,0.0
14635.0,1.7647,0.0956,1.0,0.0796,1.2012,2.0551,1.0551,2.3513,1.3513,26.5603,2.0624,26.3445,2.0538,100.0,0.0,0.0,0.0,24.625,0.0,25.75,0.0,25.875,0.0,24.75,10.0,0.0,0.0094,52.6571,5.2657,2.0,125.314,1.8392,0.5262,1.421,0.7807,1.4488,0.0002,1.6785,0.0097,1.8204,8.0,0.063,1.0017,0.2723,2.6569,0.0064,1.0253,0.06,1.9999,0.0,0.0,0.0,30.0026,25.0,24.0,37.0,37.0,16.0,0.0,0.0,0.0,0.0,62.5853,0.0,43.9994,0.0,0.0
14636.0,1.7647,0.0956,1.0,0.0797,1.2013,2.0544,1.0544,2.3512,1.3512,26.6303,2.0652,26.3581,2.0543,100.0,0.0,0.0,0.0,24.75,0.0,25.75,0.0,25.75,0.0,24.875,10.0,0.0,0.0086,52.657,5.2657,2.0,128.4381,1.8435,0.7188,1.4421,0.7666,1.4473,0.0002,1.6805,0.0097,1.8206,8.0,0.0631,1.0017,0.2362,2.5952,0.0059,0.9947,0.0496,1.9173,0.0,0.0,0.0,30.0024,25.0,24.0,37.0,37.0,13.0,0.0,0.0,0.0,0.0,62.5852,0.0,43.9995,0.0,0.0
14637.0,1.7649,0.0956,1.0,0.0794,1.2007,2.0539,1.0539,2.3512,1.3512,26.7859,2.0714,26.3518,2.0541,100.0,0.0,0.0,0.0,24.625,0.0,25.75,0.0,25.875,0.0,24.75,10.0,0.0,0.0092,52.6564,5.2656,2.0,129.306,1.8446,0.7044,1.4405,0.7523,1.4457,0.0002,1.6818,0.0097,1.8202,8.0,0.0611,1.0016,0.3008,2.7001,0.0068,1.0535,0.055,1.9624,0.0,0.0,0.0,30.0026,25.0,24.0,37.0,37.0,14.0,0.0,0.0,0.0,0.0,62.585,0.0,43.9993,0.0,0.0
14638.0,1.7648,0.0956,1.0,0.0797,1.2015,2.0544,1.0544,2.3516,1.3516,26.801,2.072,26.3445,2.0538,100.0,0.0,0.0,0.0,24.625,0.0,25.875,0.0,25.875,0.0,24.875,10.0,0.0,0.0084,52.6563,5.2656,2.0,130.099,1.8457,0.6862,1.4385,0.735,1.4438,0.0002,1.6832,0.0097,1.8206,8.0,0.0711,1.0019,0.2559,2.63,0.0063,1.0221,0.0487,1.909,0.0,0.0,0.0,30.0027,25.0,24.0,37.0,37.0,13.0,0.0,0.0,0.0,0.0,62.5851,0.0,43.9992,0.0,0.0
14639.0,1.7658,0.0957,1.0,0.0797,1.2014,2.0549,1.0549,2.3511,1.3511,26.6999,2.068,26.3379,2.0535,100.0,0.0,0.0,0.0,24.625,0.0,25.75,0.0,25.75,0.0,24.75,10.0,0.0,0.0086,52.6564,5.2657,2.0,130.7305,1.8466,0.6262,1.432,0.7204,1.4422,0.0002,1.6845,0.0097,1.8205,8.0,0.0711,1.0019,0.2662,2.6471,0.0059,0.9922,0.0433,1.8586,0.0,0.0,0.0,30.0026,25.0,24.0,37.0,37.0,12.0,0.0,0.0,0.0,0.0,62.5848,0.0,43.9993,0.0,0.0
14640.0,1.7669,0.0959,1.0,0.0798,1.2016,2.0546,1.0546,2.3513,1.3513,26.5692,2.0628,26.334,2.0534,100.0,0.0,0.0,0.0,24.625,0.0,25.75,0.0,25.75,0.0,24.75,10.0,0.0,0.0084,52.6562,5.2656,2.0,130.2691,1.8459,0.5922,1.4282,0.7104,1.4411,0.0002,1.6861,0.0097,1.8204,8.0,0.0716,1.0019,0.2816,2.6715,0.0059,0.9895,0.0417,1.8425,0.0,0.0,0.0,30.0026,25.0,24.0,37.0,37.0,12.0,0.0,0.0,0.0,0.0,62.5854,0.0,43.9992,0.0,0.0
14641.0,1.7669,0.0959,1.0,0.0798,1.2017,2.0547,1.0547,2.3508,1.3508,26.6073,2.0643,26.3551,2.0542,100.0,0.0,0.0,0.0,24.625,0.0,25.75,0.0,25.875,0.0,24.75,10.0,0.0,0.0084,52.6562,5.2656,2.0,132.0409,1.8483,0.6684,1.4365,0.6907,1.439,0.0002,1.6872,0.0097,1.8203,8.0,0.0719,1.0019,0.319,2.7257,0.0067,1.0449,0.0433,1.8584,0.0,0.0,0.0,30.0028,25.0,24.0,37.0,37.0,15.0,0.0,0.0,0.0,0.0,62.585,0.0,43.9996,0.0,0.0
14642.0,1.7677,0.096,1.0,0.0797,1.2015,2.0544,1.0544,2.3508,1.3508,26.7808,2.0712,26.3723,2.0549,100.0,0.0,0.0,0.0,24.75,0.0,25.75,0.0,25.75,0.0,24.75,10.0,0.0,0.0084,52.6559,5.2656,2.0,133.2186,1.8498,0.6738,1.4371,0.6707,1.4368,0.0002,1.6882,0.0097,1.8204,8.0,0.0724,1.0019,0.2784,2.6665,0.0064,1.0256,0.0581,1.9862,0.0,0.0,0.0,30.0028,25.0,24.0,37.0,37.0,15.0,0.0,0.0,0.0,0.0,62.5852,16.0,44.0793,0.0,0.0
14643.0,1.7668,0.0959,1.0,0.0795,1.201,2.0547,1.0547,2.3512,1.3512,26.8013,2.0721,26.3563,2.0543,100.0,0.0,0.0,0.0,24.625,0.0,25.75,0.0,25.75,0.0,24.75,10.0,0.0,0.0085,52.6562,5.2656,2.0,134.8459,1.8519,0.7662,1.4472,0.668,1.4365,0.0002,1.6895,0.0097,1.8204,8.0,0.0717,1.0019,0.2374,2.5974,0.0066,1.0428,0.0568,1.9761,0.0,0.0,0.0,30.0026,25.0,24.0,37.0,37.0,15.0,0.0,0.0,0.0,0.0,62.5852,16.0,44.2683,0.0,0.0
14644.0,1.7658,0.0957,1.0,0.0797,1.2015,2.055,1.055,2.3511,1.3511,26.7171,2.0687,26.3497,2.054,100.0,0.0,0.0,0.0,24.75,0.0,25.75,0.0,25.75,0.0,24.75,10.0,0.0,0.0086,52.656,5.2656,2.0,136.0152,1.8534,0.6798,1.4378,0.6489,1.4344,0.0002,1.6906,0.0097,1.8202,8.0,0.0732,1.002,0.2574,2.6324,0.0066,1.0411,0.062,2.0139,0.0,0.0,0.0,30.0024,25.0,24.0,37.0,37.0,14.0,0.0,0.0,0.0,0.0,62.585,0.0,44.386,0.0,0.0
14645.0,1.7658,0.0957,1.0,0.0797,1.2013,2.0551,1.0551,2.3509,1.3509,26.6081,2.0643,26.3454,2.0538,100.0,0.0,0.0,0.0,24.625,0.0,25.75,0.0,25.75,0.0,24.875,10.0,0.0,0.0083,52.6562,5.2656,2.0,135.7158,1.8531,0.6052,1.4297,0.6441,1.4339,0.0002,1.6921,0.0097,1.8204,8.0,0.0723,1.0019,0.2187,2.5617,0.0057,0.9754,0.0603,2.002,0.0,0.0,0.0,30.0021,25.0,24.0,37.0,37.0,13.0,0.0,0.0,0.0,0.0,62.5853,0.0,44.3873,0.0,0.0
14646.0,1.7668,0.0959,1.0,0.0798,1.2017,2.0548,1.0548,2.3508,1.3508,26.5835,2.0633,26.361,2.0544,100.0,0.0,0.0,0.0,24.625,0.0,25.75,0.0,25.875,0.0,24.75,10.0,0.0,0.0088,52.6558,5.2656,2.0,135.1388,1.8523,0.513,1.4196,0.6225,1.4315,0.0002,1.693,0.0097,1.8203,8.0,0.072,1.0019,0.1888,2.4978,0.0056,0.9722,0.0555,1.9664,0.0,0.0,0.0,30.0029,25.0,24.0,37.0,37.0,13.0,0.0,0.0,0.0,0.0,62.5855,0.0,44.3873,0.0,0.0
14647.0,1.7669,0.0959,1.0,0.0796,1.2013,2.0545,1.0545,2.3507,1.3507,26.7356,2.0694,26.3722,2.0549,100.0,0.0,0.0,0.0,24.75,0.0,25.75,0.0,25.75,0.0,24.75,10.0,0.0,0.0087,52.6556,5.2655,2.0,135.1042,1.8523,0.4547,1.4132,0.6062,1.4298,0.0002,1.6938,0.0097,1.8202,8.0,0.0713,1.0019,0.1887,2.4976,0.0061,1.0101,0.0574,1.9807,0.0,0.0,0.0,30.0024,25.0,24.0,37.0,37.0,12.0,0.0,0.0,0.0,0.0,62.5853,0.0,44.3873,0.0,0.0
14648.0,1.7668,0.0959,1.0,0.0797,1.2015,2.0547,1.0547,2.3516,1.3516,26.8109,2.0724,26.3479,2.0539,100.0,0.0,0.0,0.0,24.75,0.0,25.75,0.0,25.75,0.0,24.75,10.0,0.0,0.0082,52.6555,5.2655,2.0,135.584,1.8529,0.4841,1.4164,0.6047,1.4296,0.0002,1.6956,0.0097,1.8202,8.0,0.0711,1.0019,0.2194,2.563,0.0064,1.0268,0.0536,1.9507,0.0,0.0,0.0,30.0026,25.0,24.0,37.0,37.0,13.0,0.0,0.0,0.0,0.0,62.5855,0.0,44.3868,0.0,0.0
14649.0,1.7669,0.0959,1.0,0.0796,1.2012,2.0547,1.0547,2.3515,1.3515,26.7253,2.069,26.3377,2.0535,100.0,0.0,0.0,0.0,24.75,0.0,25.875,0.0,25.75,0.0,24.75,10.0,0.0,0.008,52.6552,5.2655,2.0,135.5607,1.8529,0.4218,1.4097,0.5948,1.4285,0.0002,1.6967,0.0097,1.8204,8.0,0.0724,1.0019,0.2021,2.5274,0.0063,1.021,0.0513,1.9322,0.0,0.0,0.0,30.0021,25.0,24.0,37.0,37.0,15.0,0.0,0.0,0.0,0.0,62.5854,0.0,44.3867,0.0,0.0
14650.0,1.7669,0.0959,1.0,0.0799,1.202,2.0551,1.0551,2.3514,1.3514,26.6194,2.0648,26.3358,2.0534,100.0,0.0,0.0,0.0,24.75,0.0,25.75,0.0,25.75,0.0,24.875,10.0,0.0,0.0091,52.6553,5.2655,2.0,135.7827,1.8531,0.426,1.4101,0.5835,1.4273,0.0002,1.6977,0.0097,1.8201,8.0,0.0729,1.0019,0.2057,2.5351,0.0062,1.0109,0.05,1.921,0.0,0.0,0.0,30.0022,25.0,24.0,37.0,37.0,13.0,0.0,0.0,0.0,0.0,62.5851,0.0,44.3869,0.0,0.0
14651.0,1.7658,0.0957,1.0,0.0799,1.2019,2.0548,1.0548,2.351,1.351,26.5734,2.0629,26.3543,2.0542,100.0,0.0,0.0,0.0,24.75,0.0,25.75,0.0,25.75,0.0,24.75,10.0,0.0,0.0092,52.6552,5.2655,2.0,136.8284,1.8545,0.4528,1.413,0.5813,1.4271,0.0002,1.6989,0.0097,1.82,8.0,0.0729,1.0019,0.1727,2.4591,0.0055,0.9661,0.0471,1.8946,0.0,0.0,0.0,30.0026,25.0,24.0,37.0,37.0,13.0,0.0,0.0,0.0,0.0,62.5846,0.0,44.3867,0.0,0.0
14652.0,1.7658,0.0957,1.0,0.0798,1.2018,2.054,1.054,2.351,1.351,26.7185,2.0687,26.3624,2.0545,100.0,0.0,0.0,0.0,24.625,0.0,25.75,0.0,25.75,0.0,24.875,10.0,0.0,0.0108,52.6552,5.2655,2.0,138.8591,1.857,0.7166,1.4418,0.5749,1.4264,0.0002,1.7001,0.0097,1.8201,8.0,0.0744,1.002,0.1388,2.3643,0.0056,0.9674,0.0456,1.881,0.0,0.0,0.0,30.0024,25.0,24.0,37.0,37.0,14.0,0.0,0.0,0.0,0.0,62.5853,0.0,44.3873,0.0,0.0
14653.0,1.7666,0.0958,1.0,0.08,1.2022,2.0545,1.0545,2.3515,1.3515,26.817,2.0727,26.3526,2.0541,100.0,0.0,0.0,0.0,24.625,0.0,25.75,0.0,26.0,0.0,24.75,10.0,0.0,0.0087,52.6551,5.2655,2.0,143.7223,1.863,0.8301,1.4542,0.5806,1.427,0.0002,1.702,0.0097,1.82,8.0,0.0724,1.0019,0.1442,2.3809,0.0056,0.9671,0.042,1.8446,0.0,0.0,0.0,30.0023,25.0,24.0,37.0,37.0,15.0,0.0,0.0,0.0,0.0,62.585,16.0,44.388,0.0,0.0
14654.0,1.7679,0.096,1.0,0.0801,1.2024,2.055,1.055,2.3515,1.3515,26.7589,2.0704,26.3419,2.0537,100.0,0.0,0.0,0.0,24.75,0.0,25.75,0.0,25.875,0.0,24.75,10.0,0.0,0.0087,52.6547,5.2655,2.0,144.0134,1.8634,0.7099,1.4411,0.5788,1.4268,0.0002,1.7031,0.0097,1.8202,8.0,0.074,1.002,0.1523,2.4046,0.0056,0.9729,0.0567,1.9755,0.0,0.0,0.0,30.0023,25.0,24.0,37.0,37.0,15.0,0.0,0.0,0.0,0.0,62.5854,16.0,44.5402,0.0,0.0
14655.0,1.7679,0.096,1.0,0.0801,1.2025,2.0551,1.0551,2.3515,1.3515,26.6333,2.0653,26.3352,2.0534,100.0,0.0,0.0,0.0,24.625,0.0,25.75,0.0,25.75,0.0,24.75,10.0,0.0,0.0088,52.6551,5.2655,2.0,142.726,1.8618,0.5619,1.4249,0.5846,1.4274,0.0002,1.7049,0.0097,1.82,8.0,0.0737,1.002,0.1535,2.4079,0.0064,1.0275,0.0583,1.9877,0.0,0.0,0.0,30.0026,25.0,24.0,37.0,37.0,15.0,0.0,0.0,0.0,0.0,62.5856,0.0,44.7046,0.0,0.0
14656.0,1.7658,0.0957,1.0,0.08,1.2024,2.055,1.055,2.351,1.351,26.561,2.0624,26.3534,2.0541,100.0,0.0,0.0,0.0,24.625,0.0,25.75,0.0,25.75,0.0,24.875,10.0,0.0,0.0092,52.655,5.2655,2.0,143.7346,1.863,0.6447,1.434,0.5914,1.4282,0.0002,1.7065,0.0097,1.8202,8.0,0.0749,1.002,0.136,2.3554,0.0066,1.0433,0.0481,1.9037,0.0,0.0,0.0,30.0028,25.0,24.0,37.0,37.0,13.0,0.0,0.0,0.0,0.0,62.5851,0.0,44.761,0.0,0.0
14657.0,1.7658,0.0957,1.0,0.0799,1.2019,2.0545,1.0545,2.3511,1.3511,26.6672,2.0667,26.3607,2.0544,100.0,0.0,0.0,0.0,24.75,0.0,25.75,0.0,25.75,0.0,24.75,10.0,0.0,0.0088,52.6549,5.2655,2.0,145.6882,1.8654,0.7267,1.4429,0.5923,1.4282,0.0002,1.7078,0.0097,1.8201,8.0,0.0742,1.002,0.1137,2.2776,0.0061,1.0088,0.0483,1.9062,0.0,0.0,0.0,30.0024,25.0,24.0,37.0,37.0,15.0,0.0,0.0,0.0,0.0,62.5853,0.0,44.7613,0.0,0.0
14658.0,1.7658,0.0957,1.0,0.0795,1.2008,2.054,1.054,2.3514,1.3514,26.8053,2.0722,26.3543,2.0542,100.0,0.0,0.0,0.0,24.625,0.0,25.75,0.0,25.875,0.0,24.75,10.0,0.0,0.0088,52.6546,5.2654,2.0,148.0152,1.8681,0.7658,1.4472,0.5883,1.4278,0.0002,1.7091,0.0097,1.8201,8.0,0.0717,1.0019,0.1073,2.2523,0.0051,0.9298,0.0543,1.9565,0.0,0.0,0.0,30.0022,25.0,24.0,37.0,37.0,14.0,0.0,0.0,0.0,0.0,62.5853,0.0,44.7614,0.0,0.0
14659.0,1.7658,0.0957,1.0,0.0797,1.2013,2.0546,1.0546,2.3516,1.3516,26.7653,2.0706,26.3422,2.0537,100.0,0.0,0.0,0.0,24.75,0.0,25.75,0.0,25.75,0.0,24.875,10.0,0.0,0.0082,52.6546,5.2655,2.0,149.0489,1.8693,0.7917,1.45,0.5903,1.428,0.0002,1.7108,0.0097,1.8203,8.0,0.0727,1.0019,0.1926,2.5065,0.0062,1.013,0.0467,1.8908,0.0,0.0,0.0,30.0022,25.0,24.0,37.0,37.0,15.0,0.0,0.0,0.0,0.0,62.5849,0.0,44.7614,0.0,0.0
14660.0,1.7668,0.0958,1.0,0.0799,1.202,2.055,1.055,2.3515,1.3515,26.6496,2.066,26.3392,2.0536,100.0,0.0,0.0,0.0,24.625,0.0,25.75,0.0,25.75,0.0,24.875,10.0,0.0,0.0094,52.6542,5.2654,2.0,149.7348,1.8701,0.684,1.4383,0.5997,1.4291,0.0002,1.7125,0.0097,1.8201,8.0,0.0722,1.0019,0.134,2.3488,0.0056,0.973,0.0439,1.8645,0.0,0.0,0.0,30.0022,25.0,24.0,37.0,37.0,12.0,0.0,0.0,0.0,0.0,62.5853,0.0,44.7613,0.0,0.0
14661.0,1.7658,0.0957,1.0,0.0799,1.2021,2.055,1.055,2.3513,1.3513,26.551,2.062,26.3485,2.0539,100.0,0.0,0.0,0.0,24.75,0.0,25.75,0.0,25.875,0.0,24.75,10.0,0.0,0.0089,52.654,5.2654,2.0,148.7938,1.869,0.5963,1.4287,0.5962,1.4287,0.0002,1.714,0.0097,1.8203,8.0,0.073,1.0019,0.1624,2.4326,0.0069,1.0603,0.0421,1.8465,0.0,0.0,0.0,30.002,25.0,24.0,37.0,37.0,13.0,0.0,0.0,0.0,0.0,62.5851,0.0,44.761,0.0,0.0
14662.0,1.7658,0.0957,1.0,0.08,1.2021,2.0542,1.0542,2.3511,1.3511,26.6688,2.0668,26.3595,2.0544,100.0,0.0,0.0,0.0,24.75,0.0,25.75,0.0,25.75,0.0,24.75,10.0,0.0,0.0085,52.6543,5.2655,2.0,149.5804,1.8699,0.5754,1.4264,0.6006,1.4292,0.0002,1.7156,0.0097,1.8204,8.0,0.0744,1.002,0.1565,2.4165,0.0055,0.9601,0.0568,1.9759,0.0,0.0,0.0,30.0019,25.0,24.0,37.0,37.0,14.0,0.0,0.0,0.0,0.0,62.5846,0.0,44.7608,0.0,0.0
14663.0,1.7658,0.0957,1.0,0.0798,1.2017,2.054,1.054,2.3514,1.3514,26.8019,2.0721,26.3565,2.0543,100.0,0.0,0.0,0.0,24.75,0.0,25.625,0.0,25.75,0.0,24.75,10.0,0.0,0.0092,52.6542,5.2654,2.0,149.4975,1.8699,0.5228,1.4207,0.6016,1.4293,0.0002,1.7171,0.0097,1.8203,8.0,0.0723,1.0019,0.1629,2.4337,0.0055,0.9605,0.052,1.9383,0.0,0.0,0.0,30.0021,25.0,24.0,37.0,37.0,13.0,0.0,0.0,0.0,0.0,62.5852,0.0,44.7609,0.0,0.0
14664.0,1.7658,0.0957,1.0,0.0801,1.2025,2.0549,1.0549,2.3516,1.3516,26.7726,2.0709,26.3454,2.0538,100.0,0.0,0.0,0.0,24.75,0.0,25.75,0.0,25.875,0.0,24.875,10.0,0.0,0.0082,52.6542,5.2654,2.0,150.9612,1.8715,0.8864,1.4603,0.6139,1.4306,0.0002,1.7189,0.0097,1.8204,8.0,0.0748,1.002,0.1236,2.3138,0.0057,0.9767,0.0529,1.9457,0.0,0.0,0.0,30.0023,25.0,24.0,37.0,37.0,13.0,0.0,0.0,0.0,0.0,62.5854,0.0,44.7615,0.0,0.0
14665.0,1.7658,0.0957,1.0,0.0802,1.2027,2.055,1.055,2.3515,1.3515,26.663,2.0665,26.3491,2.054,100.0,0.0,0.0,0.0,24.75,0.0,25.75,0.0,25.875,0.0,25.0,10.0,0.0,0.0089,52.6542,5.2654,2.0,155.9297,1.8772,0.727,1.4429,0.6231,1.4316,0.0002,1.7208,0.0097,1.8205,8.0,0.0727,1.0019,0.1174,2.2913,0.006,0.9979,0.0666,2.0451,0.0,0.0,0.0,30.0025,25.0,24.0,37.0,37.0,14.0,0.0,0.0,0.0,0.0,62.5856,0.0,44.7614,0.0,0.0
14666.0,1.7658,0.0957,1.0,0.0797,1.2015,2.055,1.055,2.3513,1.3513,26.5523,2.0621,26.3374,2.0535,100.0,0.0,0.0,0.0,24.625,0.0,25.75,0.0,25.75,0.0,24.75,10.0,0.0,0.0081,52.6537,5.2653,2.0,153.6654,1.8746,0.5896,1.428,0.6372,1.4331,0.0002,1.7227,0.0097,1.8207,8.0,0.0714,1.0019,0.1321,2.3428,0.0056,0.9678,0.059,1.9929,0.0,0.0,0.0,30.002,25.0,24.0,37.0,37.0,15.0,0.0,0.0,0.0,0.0,62.5852,0.0,44.761,0.0,0.0
14667.0,1.7658,0.0957,1.0,0.0795,1.2009,2.0546,1.0546,2.3512,1.3512,26.6255,2.065,26.3584,2.0543,100.0,0.0,0.0,0.0,24.625,0.0,25.875,0.0,25.75,0.0,24.75,10.0,0.0,0.008,52.6538,5.2654,2.0,153.2419,1.8742,0.4815,1.4162,0.645,1.434,0.0002,1.7244,0.0097,1.8208,8.0,0.072,1.0019,0.1331,2.3461,0.0059,0.9902,0.0513,1.9317,0.0,0.0,0.0,30.0022,25.0,24.0,37.0,37.0,14.0,0.0,0.0,0.0,0.0,62.5847,0.0,44.7606,0.0,0.0
14668.0,1.7648,0.0956,1.0,0.0798,1.2018,2.0543,1.0543,2.3515,1.3515,26.7709,2.0708,26.3616,2.0545,100.0,0.0,0.0,0.0,24.625,0.0,25.75,0.0,25.875,0.0,24.875,10.0,0.0,0.0082,52.654,5.2653,2.0,152.9899,1.8739,0.4312,1.4107,0.6522,1.4348,0.0002,1.726,0.0097,1.8205,8.0,0.0713,1.0019,0.1185,2.2954,0.0064,1.0253,0.0553,1.9644,0.0,0.0,0.0,30.0021,25.0,24.0,37.0,37.0,15.0,0.0,0.0,0.0,0.0,62.5856,0.0,44.7612,0.0,0.0
14669.0,1.7636,0.0955,1.0,0.0797,1.2015,2.0544,1.0544,2.352,1.352,26.7883,2.0715,26.3446,2.0538,100.0,0.0,0.0,0.0,24.75,0.0,25.75,0.0,26.0,0.0,24.75,10.0,0.0,0.0089,52.6533,5.2654,2.0,153.5772,1.8745,0.4615,1.414,0.6566,1.4353,0.0002,1.7279,0.0097,1.8205,8.0,0.0702,1.0019,0.0964,2.2058,0.0057,0.9775,0.054,1.9546,0.0,0.0,0.0,30.0024,25.0,24.0,37.0,37.0,13.0,0.0,0.0,0.0,0.0,62.5845,0.0,44.761,0.0,0.0
14670.0,1.7637,0.0955,1.0,0.0798,1.2016,2.0546,1.0546,2.3519,1.3519,26.6962,2.0678,26.3369,2.0535,100.0,0.0,0.0,0.0,24.75,0.0,25.75,0.0,25.75,0.0,24.75,10.0,0.0,0.0082,52.6535,5.2653,2.0,154.4415,1.8755,0.4576,1.4136,0.6639,1.4361,0.0002,1.7299,0.0097,1.8206,8.0,0.0696,1.0019,0.1053,2.2443,0.0066,1.0431,0.0495,1.9167,0.0,0.0,0.0,30.0018,25.0,24.0,37.0,37.0,13.0,0.0,0.0,0.0,0.0,62.5856,0.0,44.7612,0.0,0.0
14671.0,1.7636,0.0954,1.0,0.0798,1.2018,2.0547,1.0547,2.3518,1.3518,26.5769,2.0631,26.3355,2.0534,100.0,0.0,0.0,0.0,24.625,0.0,25.875,0.0,25.875,0.0,24.875,10.0,0.0,0.0088,52.6533,5.2654,2.0,156.2769,1.8776,0.4943,1.4176,0.6727,1.437,0.0002,1.7316,0.0097,1.8208,8.0,0.0731,1.0019,0.1039,2.2385,0.0062,1.0159,0.0505,1.9249,0.0,0.0,0.0,30.0019,25.0,24.0,37.0,37.0,13.0,0.0,0.0,0.0,0.0,62.585,0.0,44.7611,0.0,0.0
14672.0,1.7647,0.0956,1.0,0.0799,1.202,2.0547,1.0547,2.3512,1.3512,26.6041,2.0642,26.3583,2.0543,100.0,0.0,0.0,0.0,24.75,0.0,25.75,0.0,25.75,0.0,24.875,10.0,0.0,0.0077,52.6534,5.2654,2.0,154.8581,1.876,0.3324,1.3999,0.6773,1.4375,0.0002,1.7336,0.0097,1.8209,8.0,0.0742,1.002,0.0963,2.2054,0.0061,1.0062,0.0489,1.9113,0.0,0.0,0.0,30.0026,25.0,24.0,37.0,37.0,14.0,0.0,0.0,0.0,0.0,62.5855,0.0,44.7611,0.0,0.0
14673.0,1.7647,0.0956,1.0,0.0801,1.2025,2.0544,1.0544,2.3512,1.3512,26.7773,2.0711,26.3722,2.0549,100.0,0.0,0.0,0.0,24.625,0.0,25.75,0.0,25.75,0.0,24.875,10.0,0.0,0.0087,52.6535,5.2654,2.0,154.5646,1.8756,0.3378,1.4005,0.6828,1.4381,0.0002,1.7353,0.0097,1.821,8.0,0.0734,1.002,0.082,2.1356,0.0063,1.0244,0.0441,1.8659,0.0,0.0,0.0,30.0018,25.0,24.0,37.0,37.0,13.0,0.0,0.0,0.0,0.0,62.5852,0.0,44.7609,0.0,0.0
14674.0,1.7647,0.0956,1.0,0.0799,1.2019,2.0547,1.0547,2.3516,1.3516,26.8044,2.0722,26.3535,2.0541,100.0,0.0,0.0,0.0,24.625,0.0,25.75,0.0,25.75,0.0,24.875,10.0,0.0,0.0075,52.6532,5.2653,2.0,155.3889,1.8766,0.3736,1.4044,0.689,1.4388,0.0002,1.7371,0.0097,1.821,8.0,0.0723,1.0019,0.0751,2.0977,0.0055,0.959,0.0395,1.8189,0.0,0.0,0.0,30.0019,25.0,24.0,37.0,37.0,14.0,0.0,0.0,0.0,0.0,62.5859,0.0,44.7612,0.0,0.0
14675.0,1.7653,0.0957,1.0,0.0796,1.2012,2.0551,1.0551,2.3519,1.3519,26.7169,2.0687,26.3393,2.0536,100.0,0.0,0.0,0.0,24.75,0.0,25.875,0.0,25.875,0.0,24.875,10.0,0.0,0.0084,52.653,5.2653,2.0,156.3243,1.8776,0.3574,1.4026,0.6983,1.4398,0.0002,1.7391,0.0097,1.8209,8.0,0.0705,1.0019,0.0822,2.1367,0.0059,0.9931,0.0562,1.9718,0.0,0.0,0.0,30.0023,25.0,24.0,37.0,37.0,12.0,0.0,0.0,0.0,0.0,62.5854,0.0,44.7611,0.0,0.0
14676.0,1.7654,0.0957,1.0,0.0798,1.2016,2.055,1.055,2.3515,1.3515,26.6046,2.0642,26.3447,2.0538,100.0,0.0,0.0,0.0,24.75,0.0,25.75,0.0,25.75,0.0,24.75,10.0,0.0,0.0085,52.6529,5.2653,2.0,155.8667,1.8771,0.2768,1.3938,0.7045,1.4405,0.0002,1.7408,0.0097,1.821,8.0,0.0712,1.0019,0.0912,2.1819,0.0061,1.0053,0.0541,1.9549,0.0,0.0,0.0,30.0023,25.0,24.0,37.0,37.0,15.0,0.0,0.0,0.0,0.0,62.5856,0.0,44.7613,0.0,0.0
14677.0,1.7626,0.0953,1.0,0.0795,1.2009,2.0546,1.0546,2.3516,1.3516,26.5978,2.0639,26.3527,2.0541,100.0,0.0,0.0,0.0,24.75,0.0,25.75,0.0,26.0,0.0,24.875,10.0,0.0,0.0088,52.653,5.2653,2.0,154.9553,1.8761,0.2208,1.3877,0.7027,1.4403,0.0002,1.7429,0.0097,1.8207,8.0,0.0695,1.0019,0.0826,2.1388,0.0056,0.9692,0.0549,1.9612,0.0,0.0,0.0,30.0018,25.0,24.0,37.0,37.0,13.0,0.0,0.0,0.0,0.0,62.5848,0.0,44.7606,0.0,0.0
14678.0,1.7639,0.0955,1.0,0.0799,1.2021,2.054,1.054,2.3516,1.3516,26.7702,2.0708,26.3646,2.0546,100.0,0.0,0.0,0.0,24.75,0.0,25.875,0.0,25.75,0.0,24.875,10.0,0.0,0.0084,52.6528,5.2653,2.0,155.9585,1.8772,0.2785,1.394,0.704,1.4404,0.0002,1.7446,0.0097,1.8209,8.0,0.0697,1.0019,0.0669,2.0472,0.0062,1.0142,0.0539,1.9532,0.0,0.0,0.0,30.0023,25.0,24.0,37.0,37.0,12.0,0.0,0.0,0.0,0.0,62.5843,0.0,44.7612,0.0,0.0
14679.0,1.7637,0.0955,1.0,0.0797,1.2014,2.0545,1.0545,2.352,1.352,26.8109,2.0724,26.3474,2.0539,100.0,0.0,0.0,0.0,24.75,0.0,25.875,0.0,25.75,0.0,24.875,10.0,0.0,0.0094,52.6528,5.2653,2.0,157.0578,1.8784,0.3321,1.3999,0.7111,1.4412,0.0002,1.7464,0.0097,1.821,8.0,0.0671,1.0018,0.0576,1.9823,0.0062,1.0119,0.0719,2.0784,0.0,0.0,0.0,30.0021,25.0,24.0,37.0,37.0,14.0,0.0,0.0,0.0,0.0,62.5849,0.0,44.7613,0.0,0.0
14680.0,1.7626,0.0953,1.0,0.0796,1.2012,2.0546,1.0546,2.3517,1.3517,26.7205,2.0688,26.3393,2.0536,100.0,0.0,0.0,0.0,24.625,0.0,25.75,0.0,25.75,0.0,24.875,10.0,0.0,0.0091,52.6527,5.2653,2.0,158.3623,1.8799,0.3315,1.3998,0.704,1.4404,0.0002,1.7478,0.0097,1.8211,8.0,0.0687,1.0018,0.0692,2.0619,0.0055,0.9632,0.0712,2.0744,0.0,0.0,0.0,30.0023,25.0,24.0,37.0,37.0,14.0,0.0,0.0,0.0,0.0,62.5851,0.0,44.7613,0.0,0.0
14681.0,1.7636,0.0954,1.0,0.0798,1.2018,2.0551,1.0551,2.3514,1.3514,26.5916,2.0637,26.3345,2.0534,100.0,0.0,0.0,0.0,24.625,0.0,25.75,0.0,25.75,0.0,24.75,10.0,0.0,0.0084,52.6522,5.2652,2.0,158.9451,1.8805,0.3939,1.4066,0.6981,1.4398,0.0003,1.7495,0.0097,1.8213,8.0,0.0709,1.0019,0.0686,2.0584,0.0064,1.0311,0.0614,2.01,0.0,0.0,0.0,30.0019,25.0,24.0,37.0,37.0,13.0,0.0,0.0,0.0,0.0,62.5856,0.0,44.7609,0.0,0.0
14682.0,1.7657,0.0957,1.0,0.0798,1.2016,2.0549,1.0549,2.3512,1.3512,26.5625,2.0625,26.3536,2.0541,100.0,0.0,0.0,0.0,24.625,0.0,25.875,0.0,25.875,0.0,24.75,10.0,0.0,0.0093,52.6523,5.2652,2.0,160.5717,1.8823,0.4589,1.4137,0.7096,1.441,0.0003,1.7516,0.0097,1.8214,8.0,0.0725,1.0019,0.1274,2.3269,0.006,1.0003,0.0695,2.0641,0.0,0.0,0.0,30.0021,25.0,24.0,37.0,37.0,15.0,0.0,0.0,0.0,0.0,62.5851,0.0,44.761,0.0,0.0
14683.0,1.7638,0.0955,1.0,0.0797,1.2013,2.054,1.054,2.3515,1.3515,26.7131,2.0685,26.3641,2.0546,100.0,0.0,0.0,0.0,24.75,0.0,25.75,0.0,25.875,0.0,24.875,10.0,0.0,0.0082,52.6524,5.2653,2.0,160.8649,1.8826,0.3741,1.4044,0.6937,1.4393,0.0003,1.7525,0.0097,1.8214,8.0,0.0712,1.0019,0.1032,2.2357,0.0058,0.984,0.0605,2.0038,0.0,0.0,0.0,30.0021,25.0,24.0,37.0,37.0,14.0,0.0,0.0,0.0,0.0,62.5851,0.0,44.7613,0.0,0.0
14684.0,1.7645,0.0956,1.0,0.0798,1.2018,2.0542,1.0542,2.352,1.352,26.8173,2.0727,26.3483,2.0539,100.0,0.0,0.0,0.0,24.625,0.0,25.75,0.0,25.875,0.0,24.75,10.0,0.0,0.0091,52.6521,5.2652,2.0,161.8064,1.8836,0.4293,1.4105,0.6974,1.4397,0.0003,1.7544,0.0097,1.8214,8.0,0.0703,1.0019,0.1744,2.4634,0.0052,0.9395,0.0622,2.0158,0.0,0.0,0.0,30.0017,25.0,24.0,37.0,37.0,14.0,0.0,0.0,0.0,0.0,62.5853,0.0,44.7607,0.0,0.0
14685.0,1.7657,0.0957,1.0,0.0797,1.2014,2.0546,1.0546,2.3519,1.3519,26.749,2.07,26.3319,2.0533,100.0,0.0,0.0,0.0,24.75,0.0,25.75,0.0,25.75,0.0,24.75,10.0,0.0,0.0079,52.6519,5.2652,2.0,162.9776,1.8849,0.4949,1.4176,0.6966,1.4396,0.0003,1.7561,0.0097,1.8213,8.0,0.0702,1.0019,0.1963,2.5147,0.0064,1.0251,0.0706,2.0706,0.0,0.0,0.0,30.0014,25.0,25.0,37.0,37.0,15.0,0.0,0.0,0.0,0.0,62.5854,0.0,44.7606,0.0,0.0
14686.0,1.7647,0.0956,1.0,0.0797,1.2014,2.0547,1.0547,2.3518,1.3518,26.6323,2.0653,26.326,2.053,100.0,0.0,0.0,0.0,24.625,0.0,25.875,0.0,25.75,0.0,24.875,10.0,0.0,0.0085,52.6519,5.2652,2.0,165.3189,1.8873,0.6246,1.4318,0.6738,1.4371,0.0003,1.7569,0.0097,1.8213,8.0,0.0702,1.0019,0.1748,2.4643,0.0057,0.976,0.0675,2.0511,0.0,0.0,0.0,30.0015,25.0,25.0,37.0,37.0,13.0,0.0,0.0,0.0,0.0,62.5853,0.0,44.7611,0.0,0.0
14687.0,1.7642,0.0955,1.0,0.0798,1.2018,2.0546,1.0546,2.3516,1.3516,26.5642,2.0626,26.3346,2.0534,100.0,0.0,0.0,0.0,24.625,0.0,25.75,0.0,25.875,0.0,24.75,10.0,0.0,0.0087,52.652,5.2652,2.0,166.2653,1.8883,0.5014,1.4183,0.6741,1.4372,0.0003,1.7585,0.0097,1.8212,8.0,0.0702,1.0019,0.2447,2.6105,0.0061,1.0075,0.069,2.061,0.0,0.0,0.0,30.0017,25.0,25.0,37.0,37.0,15.0,0.0,0.0,0.0,0.0,62.5847,0.0,44.7607,0.0,0.0
14688.0,1.7636,0.0955,1.0,0.0796,1.2011,2.0542,1.0542,2.3514,1.3514,26.7024,2.0681,26.361,2.0544,100.0,0.0,0.0,0.0,24.625,0.0,25.875,0.0,26.0,0.0,24.875,10.0,0.0,0.0085,52.6517,5.2652,2.0,164.8552,1.8868,0.3672,1.4037,0.6708,1.4368,0.0003,1.7601,0.0097,1.8212,8.0,0.0689,1.0018,0.218,2.5602,0.0066,1.0394,0.0623,2.0164,0.0,0.0,0.0,30.0021,25.0,25.0,37.0,37.0,16.0,0.0,0.0,0.0,0.0,62.585,0.0,44.7609,0.0,0.0
14689.0,1.7636,0.0955,1.0,0.0797,1.2016,2.0544,1.0544,2.3515,1.3515,26.8089,2.0724,26.3517,2.0541,100.0,0.0,0.0,0.0,24.625,0.0,25.875,0.0,25.75,0.0,24.75,10.0,0.0,0.009,52.6517,5.2651,2.0,164.8009,1.8868,0.3842,1.4055,0.6648,1.4362,0.0003,1.7615,0.0097,1.8213,8.0,0.0683,1.0018,0.2426,2.6068,0.0058,0.9852,0.0625,2.0174,0.0,0.0,0.0,30.0019,25.0,24.0,37.0,37.0,13.0,0.0,0.0,0.0,0.0,62.5854,0.0,44.7613,0.0,0.0
14690.0,1.7639,0.0955,1.0,0.0796,1.2012,2.055,1.055,2.3515,1.3515,26.7618,2.0705,26.341,2.0536,100.0,0.0,0.0,0.0,24.625,0.0,25.75,0.0,25.75,0.0,24.75,10.0,0.0,0.0084,52.6514,5.2652,2.0,164.9498,1.8869,0.3131,1.3978,0.6554,1.4351,0.0003,1.7627,0.0097,1.8212,8.0,0.0649,1.0017,0.1962,2.5145,0.0062,1.0127,0.0577,1.9832,0.0,0.0,0.0,30.002,25.0,24.0,37.0,37.0,12.0,0.0,0.0,0.0,0.0,62.5853,0.0,44.7611,0.0,0.0
14691.0,1.7657,0.0957,1.0,0.0797,1.2013,2.0549,1.0549,2.3515,1.3515,26.6504,2.066,26.3377,2.0535,100.0,0.0,0.0,0.0,24.75,0.0,25.75,0.0,26.0,0.0,24.75,10.0,0.0,0.0087,52.651,5.2651,2.0,164.1882,1.8861,0.3244,1.399,0.6428,1.4338,0.0003,1.7639,0.0097,1.8212,8.0,0.0622,1.0017,0.1814,2.4806,0.0064,1.0257,0.056,1.9701,0.0,0.0,0.0,30.0021,25.0,24.0,37.0,37.0,12.0,0.0,0.0,0.0,0.0,62.5855,0.0,44.7612,0.0,0.0
14692.0,1.7657,0.0957,1.0,0.0796,1.2013,2.0546,1.0546,2.3516,1.3516,26.5602,2.0624,26.3414,2.0537,100.0,0.0,0.0,0.0,24.625,0.0,25.75,0.0,25.875,0.0,24.75,10.0,0.0,0.0085,52.6512,5.2651,2.0,166.0098,1.8881,0.325,1.3991,0.6374,1.4332,0.0003,1.7653,0.0097,1.8214,8.0,0.0704,1.0019,0.2122,2.5485,0.0062,1.0161,0.0511,1.9302,0.0,0.0,0.0,30.0017,25.0,24.0,37.0,37.0,13.0,0.0,0.0,0.0,0.0,62.5853,0.0,44.7612,0.0,0.0
14693.0,1.7657,0.0957,1.0,0.0798,1.2017,2.0545,1.0545,2.3513,1.3513,26.6816,2.0673,26.3658,2.0546,100.0,0.0,0.0,0.0,24.625,0.0,25.875,0.0,25.75,0.0,24.75,10.0,0.0,0.0082,52.6512,5.2651,2.0,167.3071,1.8894,0.355,1.4024,0.6407,1.4335,0.0003,1.7671,0.0097,1.8213,8.0,0.0696,1.0019,0.1811,2.4798,0.0066,1.0388,0.0529,1.9456,0.0,0.0,0.0,30.002,25.0,24.0,37.0,37.0,14.0,0.0,0.0,0.0,0.0,62.5852,0.0,44.7612,0.0,0.0
14694.0,1.7667,0.0958,1.0,0.0796,1.2012,2.0543,1.0543,2.3515,1.3515,26.8148,2.0726,26.3606,2.0544,100.0,0.0,0.0,0.0,24.75,0.0,25.75,0.0,25.75,0.0,24.875,10.0,0.0,0.0089,52.6508,5.2651,2.0,167.7094,1.8898,0.3968,1.4069,0.6465,1.4342,0.0003,1.7688,0.0097,1.8212,8.0,0.072,1.0019,0.2216,2.5674,0.0061,1.0073,0.0473,1.8964,0.0,0.0,0.0,30.0018,25.0,24.0,37.0,37.0,13.0,0.0,0.0,0.0,0.0,62.585,0.0,44.7609,0.0,0.0
14695.0,1.7671,0.0959,1.0,0.0797,1.2015,2.0548,1.0548,2.3517,1.3517,26.7802,2.0712,26.3423,2.0537,100.0,0.0,0.0,0.0,24.625,0.0,25.75,0.0,25.75,0.0,24.75,10.0,0.0,0.0087,52.6508,5.2651,2.0,168.5822,1.8907,0.391,1.4063,0.6313,1.4325,0.0003,1.7696,0.0097,1.821,8.0,0.0679,1.0018,0.218,2.5603,0.0065,1.0329,0.0472,1.8957,0.0,0.0,0.0,30.0015,25.0,24.0,37.0,37.0,14.0,0.0,0.0,0.0,0.0,62.585,0.0,44.7603,0.0,0.0
14696.0,1.7658,0.0957,1.0,0.0797,1.2013,2.0548,1.0548,2.3516,1.3516,26.6532,2.0661,26.3372,2.0535,100.0,0.0,0.0,0.0,24.75,0.0,25.875,0.0,25.75,0.0,24.875,10.0,0.0,0.0081,52.6515,5.2652,2.0,168.2945,1.8904,0.3884,1.406,0.6343,1.4328,0.0003,1.7714,0.0097,1.8212,8.0,0.0683,1.0018,0.2182,2.5607,0.0066,1.0433,0.0483,1.9059,0.0,0.0,0.0,30.002,25.0,24.0,37.0,37.0,14.0,0.0,0.0,0.0,0.0,62.5854,0.0,44.7612,0.0,0.0
14697.0,1.7651,0.0956,1.0,0.0797,1.2014,2.0551,1.0551,2.3513,1.3513,26.5509,2.062,26.3388,2.0536,100.0,0.0,0.0,0.0,24.625,0.0,25.875,0.0,25.75,0.0,24.875,10.0,0.0,0.0091,52.6512,5.2651,2.0,168.8507,1.891,0.3736,1.4044,0.6307,1.4324,0.0003,1.7726,0.0097,1.8212,8.0,0.0695,1.0019,0.195,2.512,0.006,0.9965,0.0573,1.9802,0.0,0.0,0.0,30.0022,25.0,24.0,37.0,37.0,14.0,0.0,0.0,0.0,0.0,62.5854,0.0,44.7614,0.0,0.0
14698.0,1.7632,0.0954,1.0,0.0798,1.2018,2.0546,1.0546,2.3512,1.3512,26.6288,2.0652,26.3574,2.0543,100.0,0.0,0.0,0.0,24.625,0.0,25.75,0.0,26.0,0.0,24.75,10.0,0.0,0.0089,52.651,5.2651,2.0,168.2897,1.8904,0.2174,1.3873,0.6181,1.4311,0.0003,1.7739,0.0097,1.8214,8.0,0.0692,1.0018,0.1806,2.4786,0.0066,1.0444,0.0586,1.9894,0.0,0.0,0.0,30.0019,25.0,24.0,37.0,37.0,14.0,0.0,0.0,0.0,0.0,62.5856,0.0,44.7612,0.0,0.0
14699.0,1.7625,0.0953,1.0,0.0797,1.2016,2.054,1.054,2.3513,1.3513,26.7942,2.0718,26.3584,2.0543,100.0,0.0,0.0,0.0,24.75,0.0,25.75,0.0,25.75,0.0,24.75,10.0,0.0,0.0083,52.6508,5.2651,2.0,167.9137,1.89,0.2449,1.3904,0.61,1.4302,0.0003,1.775,0.0097,1.8212,8.0,0.0673,1.0018,0.1827,2.4835,0.0055,0.9592,0.0553,1.9642,0.0,0.0,0.0,30.0022,25.0,24.0,37.0,37.0,13.0,0.0,0.0,0.0,0.0,62.5856,0.0,44.7609,0.0,0.0
14700.0,1.7636,0.0955,1.0,0.0796,1.2011,2.0548,1.0548,2.3516,1.3516,26.793,2.0717,26.3427,2.0537,100.0,0.0,0.0,0.0,24.625,0.0,25.75,0.0,25.75,0.0,24.75,10.0,0.0,0.0082,52.6506,5.2651,2.0,168.2473,1.8904,0.2529,1.3912,0.6018,1.4293,0.0003,1.7762,0.0097,1.8212,8.0,0.0684,1.0018,0.18,2.4772,0.0055,0.9631,0.0482,1.9046,0.0,0.0,0.0,30.0024,25.0,24.0,37.0,37.0,13.0,0.0,0.0,0.0,0.0,62.5851,0.0,44.7611,0.0,0.0
14701.0,1.7627,0.0953,1.0,0.0796,1.2013,2.055,1.055,2.3514,1.3514,26.6898,2.0676,26.347,2.0539,100.0,0.0,0.0,0.0,24.625,0.0,25.875,0.0,25.75,0.0,24.75,10.0,0.0,0.0091,52.6506,5.265,2.0,168.8683,1.891,0.25,1.3909,0.5972,1.4288,0.0003,1.7775,0.0097,1.8213,8.0,0.0662,1.0018,0.1671,2.4448,0.0067,1.0468,0.0634,2.0237,0.0,0.0,0.0,30.0019,25.0,24.0,37.0,37.0,15.0,0.0,0.0,0.0,0.0,62.585,0.0,44.7611,0.0,0.0
14702.0,1.7627,0.0953,1.0,0.0797,1.2014,2.055,1.055,2.351,1.351,26.5777,2.0631,26.3438,2.0538,100.0,0.0,0.0,0.0,24.625,0.0,25.75,0.0,25.875,0.0,24.875,10.0,0.0,0.008,52.6503,5.265,2.0,169.4786,1.8916,0.295,1.3958,0.5925,1.4283,0.0003,1.7787,0.0097,1.8213,8.0,0.0685,1.0018,0.1475,2.3907,0.0055,0.9609,0.0608,2.0056,0.0,0.0,0.0,30.002,25.0,24.0,37.0,37.0,13.0,0.0,0.0,0.0,0.0,62.5845,16.0,44.8056,0.0,0.0
14703.0,1.7615,0.0952,1.0,0.0797,1.2015,2.0544,1.0544,2.3512,1.3512,26.5947,2.0638,26.3528,2.0541,100.0,0.0,0.0,0.0,24.75,0.0,25.75,0.0,25.75,0.0,24.75,10.0,0.0,0.0088,52.6502,5.265,2.0,171.1757,1.8934,0.3082,1.3973,0.5815,1.4271,0.0003,1.7798,0.0097,1.8213,8.0,0.0722,1.0019,0.1492,2.3958,0.0061,1.0036,0.0649,2.0341,0.0,0.0,0.0,30.0022,25.0,24.0,37.0,37.0,14.0,0.0,0.0,0.0,0.0,62.5857,16.0,44.9676,0.0,0.0
14704.0,1.7635,0.0954,1.0,0.0801,1.2026,2.0541,1.0541,2.3516,1.3516,26.7689,2.0708,26.3621,2.0545,100.0,0.0,0.0,0.0,24.625,0.0,25.875,0.0,26.0,0.0,24.75,10.0,0.0,0.0088,52.65,5.265,2.0,171.493,1.8937,0.3918,1.4064,0.5726,1.4261,0.0003,1.7811,0.0097,1.8213,8.0,0.0709,1.0019,0.1385,2.3634,0.0065,1.0351,0.0574,1.981,0.0,0.0,0.0,30.0021,25.0,24.0,37.0,37.0,15.0,0.0,0.0,0.0,0.0,62.5853,0.0,45.1565,0.0,0.0
14705.0,1.7645,0.0956,1.0,0.0799,1.2019,2.0547,1.0547,2.352,1.352,26.808,2.0723,26.3463,2.0539,100.0,0.0,0.0,0.0,24.75,0.0,25.75,0.0,25.75,0.0,24.875,10.0,0.0,0.0083,52.6502,5.265,2.0,174.1486,1.8964,0.4578,1.4136,0.568,1.4256,0.0003,1.7822,0.0097,1.8211,8.0,0.074,1.002,0.1205,2.303,0.0062,1.0144,0.0593,1.9951,0.0,0.0,0.0,30.0022,25.0,25.0,37.0,37.0,14.0,0.0,0.0,0.0,0.0,62.5858,0.0,45.17,0.0,0.0
14706.0,1.7647,0.0956,1.0,0.08,1.2022,2.0546,1.0546,2.3519,1.3519,26.7133,2.0685,26.3375,2.0535,100.0,0.0,0.0,0.0,24.625,0.0,25.75,0.0,25.75,0.0,24.75,10.0,0.0,0.0091,52.6503,5.265,2.0,176.6871,1.8989,0.5074,1.419,0.5573,1.4244,0.0003,1.7834,0.0097,1.8214,8.0,0.0734,1.002,0.1111,2.2676,0.0057,0.9778,0.0664,2.0443,0.0,0.0,0.0,30.0018,25.0,25.0,37.0,37.0,14.0,0.0,0.0,0.0,0.0,62.5856,0.0,45.1698,0.0,0.0
14707.0,1.7649,0.0956,1.0,0.0799,1.2021,2.0546,1.0546,2.3517,1.3517,26.5876,2.0635,26.3345,2.0534,100.0,0.0,0.0,0.0,24.75,0.0,25.75,0.0,25.75,0.0,24.75,10.0,0.0,0.0085,52.6503,5.265,2.0,175.8633,1.8981,0.4594,1.4138,0.5499,1.4236,0.0003,1.7843,0.0097,1.8214,8.0,0.0731,1.002,0.1012,2.2272,0.0056,0.9736,0.0648,2.0336,0.0,0.0,0.0,30.0013,25.0,25.0,37.0,37.0,14.0,0.0,0.0,0.0,0.0,62.5852,0.0,45.1704,0.0,0.0
14708.0,1.7647,0.0956,1.0,0.08,1.2021,2.0544,1.0544,2.3515,1.3515,26.5936,2.0637,26.3518,2.0541,100.0,0.0,0.0,0.0,24.75,0.0,25.75,0.0,25.75,0.0,24.875,10.0,0.0,0.009,52.6502,5.265,2.0,177.8125,1.9,0.5157,1.4199,0.5291,1.4214,0.0003,1.7851,0.0097,1.8214,8.0,0.0754,1.002,0.1083,2.2565,0.0062,1.0147,0.0603,2.002,0.0,0.0,0.0,30.0018,25.0,25.0,37.0,37.0,13.0,0.0,0.0,0.0,0.0,62.5855,0.0,45.17,0.0,0.0
14709.0,1.7647,0.0956,1.0,0.0799,1.202,2.054,1.054,2.3511,1.3511,26.7533,2.0701,26.3631,2.0545,100.0,0.0,0.0,0.0,24.625,0.0,25.75,0.0,25.75,0.0,24.75,10.0,0.0,0.0081,52.65,5.265,2.0,177.3195,1.8995,0.4734,1.4153,0.5167,1.42,0.0003,1.7857,0.0097,1.8211,8.0,0.073,1.0019,0.1143,2.28,0.0057,0.9745,0.0595,1.9964,0.0,0.0,0.0,30.0014,25.0,24.0,37.0,37.0,13.0,0.0,0.0,0.0,0.0,62.5848,0.0,45.1699,0.0,0.0
14710.0,1.7651,0.0956,1.0,0.0798,1.2016,2.0546,1.0546,2.3517,1.3517,26.8003,2.072,26.3472,2.0539,100.0,0.0,0.0,0.0,24.75,0.0,25.75,0.0,25.75,0.0,24.75,10.0,0.0,0.0088,52.6499,5.265,2.0,177.8384,1.9,0.3867,1.4058,0.5079,1.419,0.0003,1.7868,0.0097,1.8211,8.0,0.0726,1.0019,0.0948,2.1985,0.0058,0.9888,0.0552,1.9638,0.0,0.0,0.0,30.0018,25.0,24.0,37.0,37.0,13.0,0.0,0.0,0.0,0.0,62.5851,0.0,45.1694,0.0,0.0
14711.0,1.7657,0.0957,1.0,0.0799,1.202,2.055,1.055,2.3515,1.3515,26.7282,2.0691,26.3364,2.0535,100.0,0.0,0.0,0.0,24.75,0.0,25.875,0.0,25.875,0.0,24.875,10.0,0.0,0.0089,52.6498,5.265,2.0,179.1105,1.9012,0.3649,1.4034,0.505,1.4187,0.0003,1.7876,0.0097,1.8209,8.0,0.0713,1.0019,0.099,2.2174,0.0064,1.0279,0.0529,1.9455,0.0,0.0,0.0,30.0013,25.0,24.0,37.0,37.0,13.0,0.0,0.0,0.0,0.0,62.5851,0.0,45.1699,0.0,0.0
14712.0,1.7657,0.0957,1.0,0.0799,1.202,2.0546,1.0546,2.3518,1.3518,26.616,2.0646,26.3261,2.053,100.0,0.0,0.0,0.0,24.625,0.0,25.875,0.0,25.875,0.0,24.75,10.0,0.0,0.0283,52.6499,5.265,2.0,179.32,1.9015,0.4615,1.414,0.5126,1.4196,0.0003,1.7891,0.0097,1.8209,8.0,0.0694,1.0019,0.0858,2.1556,0.0055,0.9632,0.0511,1.9299,0.0,0.0,0.0,30.0015,25.0,24.0,37.0,37.0,15.0,0.0,0.0,0.0,0.0,62.5854,0.0,45.1698,0.0,0.0
14713.0,1.7646,0.0956,1.0,0.0798,1.2016,2.0541,1.0541,2.3516,1.3516,26.5713,2.0629,26.3375,2.0535,100.0,0.0,0.0,0.0,24.75,0.0,25.75,0.0,25.75,0.0,24.75,10.0,0.0,0.0083,52.6495,5.2649,2.0,183.4014,1.9054,0.6004,1.4291,0.5199,1.4204,0.0003,1.7905,0.0097,1.8214,8.0,0.0678,1.0018,0.0869,2.161,0.0059,0.991,0.0443,1.8681,0.0,0.0,0.0,30.0015,25.0,24.0,37.0,37.0,14.0,0.0,0.0,0.0,0.0,62.5852,0.0,45.1702,0.0,0.0
14714.0,1.7635,0.0954,1.0,0.0797,1.2016,2.0539,1.0539,2.3511,1.3511,26.7438,2.0698,26.3621,2.0545,100.0,0.0,0.0,0.0,24.625,0.0,25.875,0.0,25.875,0.0,24.875,10.0,0.0,0.0082,52.6495,5.2649,2.0,184.9906,1.9069,0.6903,1.4389,0.5275,1.4212,0.0003,1.7919,0.0097,1.8212,8.0,0.0635,1.0017,0.0852,2.1524,0.0064,1.0253,0.0649,2.0342,0.0,0.0,0.0,30.0021,25.0,24.0,37.0,37.0,12.0,0.0,0.0,0.0,0.0,62.5852,0.0,45.1704,0.0,0.0
14715.0,1.7615,0.0952,1.0,0.0797,1.2013,2.0542,1.0542,2.3515,1.3515,26.816,2.0726,26.3491,2.054,100.0,0.0,0.0,0.0,24.625,0.0,25.875,0.0,25.75,0.0,24.75,10.0,0.0,0.0081,52.6492,5.2649,2.0,185.9441,1.9078,0.6435,1.4338,0.5342,1.4219,0.0003,1.7934,0.0097,1.8214,8.0,0.0644,1.0017,0.1345,2.3505,0.0056,0.9695,0.0567,1.9756,0.0,0.0,0.0,30.002,25.0,24.0,37.0,37.0,16.0,0.0,0.0,0.0,0.0,62.5853,0.0,45.1697,0.0,0.0
14716.0,1.7614,0.0952,1.0,0.0796,1.2013,2.0548,1.0548,2.3513,1.3513,26.74,2.0696,26.3398,2.0536,100.0,0.0,0.0,0.0,24.75,0.0,25.75,0.0,25.75,0.0,24.75,10.0,0.0,0.0081,52.6493,5.2649,2.0,187.1141,1.9088,0.6082,1.43,0.5467,1.4233,0.0003,1.7952,0.0097,1.8215,8.0,0.0658,1.0018,0.1512,2.4015,0.0066,1.0398,0.0581,1.9858,0.0,0.0,0.0,30.0019,25.0,24.0,37.0,37.0,15.0,0.0,0.0,0.0,0.0,62.5852,0.0,45.1703,0.0,0.0
14717.0,1.7623,0.0953,1.0,0.0796,1.2011,2.055,1.055,2.3514,1.3514,26.6273,2.0651,26.3338,2.0534,100.0,0.0,0.0,0.0,24.625,0.0,25.75,0.0,25.875,0.0,24.75,10.0,0.0,0.0082,52.6489,5.2649,2.0,187.3815,1.9091,0.567,1.4255,0.5528,1.4239,0.0003,1.7966,0.0097,1.8217,8.0,0.0683,1.0018,0.1494,2.3963,0.0068,1.0529,0.0523,1.9404,0.0,0.0,0.0,30.0011,25.0,24.0,37.0,37.0,16.0,0.0,0.0,0.0,0.0,62.585,16.0,45.2163,0.0,0.0
14718.0,1.7626,0.0953,1.0,0.0797,1.2013,2.0546,1.0546,2.3512,1.3512,26.5721,2.0629,26.3483,2.0539,100.0,0.0,0.0,0.0,24.625,0.0,25.75,0.0,25.75,0.0,24.75,10.0,0.0,0.0082,52.6488,5.2649,2.0,188.2689,1.9099,0.5722,1.4261,0.5644,1.4252,0.0003,1.7986,0.0097,1.8218,8.0,0.0687,1.0018,0.1344,2.3503,0.0055,0.9637,0.0622,2.0155,0.0,0.0,0.0,30.0019,25.0,24.0,37.0,37.0,14.0,0.0,0.0,0.0,0.0,62.5854,16.0,45.4096,0.0,0.0
14719.0,1.7636,0.0955,1.0,0.0796,1.2013,2.0542,1.0542,2.3511,1.3511,26.7046,2.0682,26.3619,2.0545,100.0,0.0,0.0,0.0,24.625,0.0,25.875,0.0,25.875,0.0,24.75,10.0,0.0,0.0085,52.6492,5.2649,2.0,189.326,1.9109,0.5595,1.4247,0.573,1.4261,0.0003,1.8001,0.0097,1.822,8.0,0.0717,1.0019,0.1939,2.5095,0.0061,1.0092,0.0634,2.0241,0.0,0.0,0.0,30.0017,25.0,24.0,37.0,37.0,12.0,0.0,0.0,0.0,0.0,62.585,0.0,45.5443,0.0,0.0
14720.0,1.7643,0.0955,1.0,0.0796,1.2011,2.0544,1.0544,2.3514,1.3514,26.816,2.0726,26.3523,2.0541,100.0,0.0,0.0,0.0,24.75,0.0,25.875,0.0,25.875,0.0,24.875,10.0,0.0,0.0084,52.6487,5.2649,2.0,190.6035,1.9121,0.5849,1.4274,0.5785,1.4268,0.0003,1.8017,0.0097,1.822,8.0,0.0709,1.0019,0.1624,2.4323,0.0061,1.0061,0.0552,1.964,0.0,0.0,0.0,30.0014,25.0,24.0,37.0,37.0,14.0,0.0,0.0,0.0,0.0,62.5852,0.0,45.547,0.0,0.0
14721.0,1.764,0.0955,1.0,0.0799,1.2019,2.0545,1.0545,2.3515,1.3515,26.7588,2.0704,26.3412,2.0536,100.0,0.0,0.0,0.0,24.75,0.0,25.75,0.0,25.75,0.0,24.875,10.0,0.0,0.0087,52.6488,5.2649,2.0,192.6147,1.9139,0.6123,1.4304,0.5843,1.4274,0.0003,1.8032,0.0098,1.8224,8.0,0.0713,1.0019,0.157,2.4177,0.0058,0.988,0.0557,1.968,0.0,0.0,0.0,30.0018,25.0,24.0,37.0,37.0,14.0,0.0,0.0,0.0,0.0,62.5851,16.0,45.561,0.0,0.0
14722.0,1.7636,0.0954,1.0,0.08,1.2023,2.0547,1.0547,2.3512,1.3512,26.6471,2.0659,26.3358,2.0534,100.0,0.0,0.0,0.0,24.625,0.0,25.875,0.0,25.75,0.0,24.75,10.0,0.0,0.0085,52.6487,5.2649,2.0,193.0468,1.9143,0.5558,1.4243,0.5931,1.4283,0.0003,1.8048,0.0098,1.8224,8.0,0.072,1.0019,0.1692,2.4504,0.0062,1.0158,0.0592,1.9942,0.0,0.0,0.0,30.0015,25.0,25.0,37.0,37.0,14.0,0.0,0.0,0.0,0.0,62.5851,16.0,45.7628,0.0,0.0
14723.0,1.7636,0.0955,1.0,0.0801,1.2025,2.0546,1.0546,2.3512,1.3512,26.5605,2.0624,26.3427,2.0537,100.0,0.0,0.0,0.0,24.625,0.0,25.75,0.0,25.75,0.0,24.75,10.0,0.0,0.0088,52.6488,5.2649,2.0,194.4946,1.9156,0.5944,1.4285,0.5915,1.4282,0.0003,1.8062,0.0098,1.8225,8.0,0.0726,1.0019,0.1609,2.4285,0.0063,1.0219,0.051,1.9295,0.0,0.0,0.0,30.0015,25.0,25.0,37.0,37.0,14.0,0.0,0.0,0.0,0.0,62.5849,0.0,45.9236,0.0,0.0
14724.0,1.7636,0.0954,1.0,0.0797,1.2014,2.0537,1.0537,2.3511,1.3511,26.6649,2.0666,26.3487,2.0539,100.0,0.0,0.0,0.0,24.625,0.0,25.75,0.0,25.75,0.0,24.75,10.0,0.0,0.0085,52.6488,5.2649,2.0,195.7423,1.9167,0.7306,1.4433,0.5895,1.4279,0.0003,1.8073,0.0098,1.8225,8.0,0.0717,1.0019,0.1867,2.4929,0.0059,0.9946,0.0633,2.023,0.0,0.0,0.0,30.0014,25.0,25.0,37.0,37.0,16.0,0.0,0.0,0.0,0.0,62.5851,0.0,45.9362,0.0,0.0
14725.0,1.7636,0.0954,1.0,0.0795,1.2009,2.0536,1.0536,2.3512,1.3512,26.811,2.0724,26.3456,2.0538,100.0,0.0,0.0,0.0,24.75,0.0,25.75,0.0,25.875,0.0,24.75,10.0,0.0,0.0086,52.6488,5.2649,2.0,199.5706,1.92,0.8062,1.4516,0.5917,1.4282,0.0003,1.8087,0.0098,1.8223,8.0,0.0647,1.0017,0.1745,2.4637,0.0058,0.9868,0.0664,2.0442,0.0,0.0,0.0,30.0016,25.0,25.0,37.0,37.0,13.0,0.0,0.0,0.0,0.0,62.5851,16.0,45.9815,0.0,0.0
14726.0,1.7626,0.0953,1.0,0.0796,1.2013,2.0544,1.0544,2.3511,1.3511,26.7781,2.0711,26.3301,2.0532,100.0,0.0,0.0,0.0,24.75,0.0,25.875,0.0,25.75,0.0,24.75,10.0,0.0,0.0081,52.6483,5.2648,2.0,201.4828,1.9217,0.7951,1.4504,0.6028,1.4294,0.0003,1.8106,0.0098,1.8223,8.0,0.0621,1.0017,0.1616,2.4303,0.0067,1.0461,0.0638,2.0266,0.0,0.0,0.0,30.0016,25.0,24.0,37.0,37.0,13.0,0.0,0.0,0.0,0.0,62.5856,16.0,46.1621,0.0,0.0
14727.0,1.7626,0.0953,1.0,0.0797,1.2014,2.0546,1.0546,2.3515,1.3515,26.6761,2.067,26.327,2.0531,100.0,0.0,0.0,0.0,24.75,0.0,25.875,0.0,25.875,0.0,24.875,10.0,0.0,0.0138,52.6484,5.2648,2.0,202.2593,1.9224,0.9826,1.4708,0.6173,1.431,0.0003,1.8122,0.0098,1.8226,8.0,0.0638,1.0017,0.1896,2.4997,0.0062,1.0114,0.0572,1.979,0.0,0.0,0.0,30.0019,25.0,24.0,37.0,37.0,12.0,0.0,0.0,0.0,0.0,62.5851,0.0,46.3185,0.0,0.0
14728.0,1.7625,0.0953,1.0,0.0796,1.2012,2.0546,1.0546,2.3511,1.3511,26.5588,2.0624,26.327,2.0531,100.0,0.0,0.0,0.0,24.75,0.0,25.875,0.0,25.75,0.0,24.75,10.0,0.0,0.0084,52.648,5.2648,2.0,209.1158,1.9282,1.0063,1.4734,0.6316,1.4325,0.0003,1.8143,0.0098,1.8227,8.0,0.0674,1.0018,0.2525,2.6241,0.0052,0.9414,0.0493,1.9146,0.0,0.0,0.0,30.0017,25.0,24.0,37.0,37.0,14.0,0.0,0.0,0.0,0.0,62.5846,0.0,46.3229,0.0,0.0
14729.0,1.7634,0.0954,1.0,0.0795,1.2009,2.0541,1.0541,2.3507,1.3507,26.6374,2.0655,26.3552,2.0542,100.0,0.0,0.0,0.0,24.75,0.0,25.875,0.0,25.875,0.0,24.75,10.0,0.0,0.0086,52.6482,5.2648,2.0,209.7143,1.9287,0.9077,1.4627,0.6419,1.4337,0.0003,1.8161,0.0098,1.8229,8.0,0.0666,1.0018,0.2083,2.5406,0.0063,1.0192,0.0506,1.9259,0.0,0.0,0.0,30.0016,25.0,24.0,37.0,37.0,14.0,0.0,0.0,0.0,0.0,62.5851,0.0,46.3229,0.0,0.0
14730.0,1.7626,0.0953,1.0,0.0796,1.2012,2.0539,1.0539,2.3509,1.3509,26.8084,2.0723,26.355,2.0542,100.0,0.0,0.0,0.0,24.875,0.0,25.875,0.0,25.875,0.0,24.875,10.0,0.0,0.0093,52.648,5.2648,2.0,209.8382,1.9288,0.877,1.4593,0.6567,1.4353,0.0003,1.8183,0.0098,1.8233,8.0,0.0682,1.0018,0.2395,2.6012,0.0058,0.9882,0.0519,1.9371,0.0,0.0,0.0,30.0017,25.0,24.0,37.0,37.0,15.0,0.0,0.0,0.0,0.0,62.5849,0.0,46.3226,0.0,0.0
14731.0,1.7625,0.0953,1.0,0.0796,1.2013,2.0544,1.0544,2.3512,1.3512,26.7802,2.0712,26.3424,2.0537,100.0,0.0,0.0,0.0,24.75,0.0,25.875,0.0,25.875,0.0,24.75,10.0,0.0,0.0087,52.648,5.2648,2.0,212.0517,1.9306,0.8272,1.4539,0.6853,1.4384,0.0003,1.8206,0.0098,1.8236,8.0,0.0679,1.0018,0.19,2.5005,0.0063,1.0194,0.0509,1.9289,0.0,0.0,0.0,30.0018,25.0,24.0,37.0,37.0,14.0,0.0,0.0,0.0,0.0,62.585,0.0,46.3228,0.0,0.0
14732.0,1.7633,0.0954,1.0,0.0797,1.2015,2.0546,1.0546,2.3511,1.3511,26.6871,2.0675,26.3366,2.0535,100.0,0.0,0.0,0.0,24.75,0.0,25.875,0.0,25.875,0.0,24.875,10.0,0.0,0.009,52.6478,5.2648,2.0,213.8624,1.9321,0.8613,1.4576,0.713,1.4414,0.0003,1.823,0.0098,1.8238,8.0,0.069,1.0018,0.2185,2.5613,0.0063,1.0224,0.057,1.978,0.0,0.0,0.0,30.0012,25.0,24.0,37.0,37.0,13.0,0.0,0.0,0.0,0.0,62.5853,0.0,46.3229,0.0,0.0
14733.0,1.7633,0.0954,1.0,0.0797,1.2014,2.0547,1.0547,2.3505,1.3505,26.5646,2.0626,26.3349,2.0534,100.0,0.0,0.0,0.0,24.625,0.0,25.875,0.0,25.75,0.0,24.75,10.0,0.0,0.0085,52.6479,5.2648,2.0,217.034,1.9346,0.9832,1.4709,0.7386,1.4442,0.0003,1.8255,0.0098,1.8243,8.0,0.069,1.0018,0.2163,2.5568,0.0057,0.9766,0.0685,2.0573,0.0,0.0,0.0,30.0015,25.0,24.0,37.0,37.0,15.0,0.0,0.0,0.0,0.0,62.5852,0.0,46.3226,0.0,0.0
14734.0,1.7636,0.0954,1.0,0.0798,1.2016,2.0543,1.0543,2.3507,1.3507,26.6236,2.0649,26.3553,2.0542,100.0,0.0,0.0,0.0,24.75,0.0,25.875,0.0,25.875,0.0,24.75,10.0,0.0,0.0085,52.6479,5.2648,2.0,220.099,1.937,0.9816,1.4707,0.7669,1.4473,0.0004,1.8282,0.0098,1.8247,8.0,0.0733,1.002,0.1836,2.4857,0.0057,0.9801,0.0729,2.0847,0.0,0.0,0.0,30.0014,25.0,24.0,37.0,37.0,13.0,0.0,0.0,0.0,0.0,62.5857,0.0,46.3227,0.0,0.0
14735.0,1.7631,0.0954,1.0,0.08,1.2023,2.0541,1.0541,2.3508,1.3508,26.7873,2.0715,26.3594,2.0544,100.0,0.0,0.0,0.0,24.75,0.0,25.875,0.0,25.75,0.0,24.75,10.0,0.0,0.0196,52.648,5.2648,2.0,221.9681,1.9385,1.0271,1.4757,0.8048,1.4514,0.0004,1.8311,0.0098,1.8248,8.0,0.0724,1.0019,0.2385,2.5994,0.0065,1.0347,0.0674,2.0508,0.0,0.0,0.0,30.0017,25.0,24.0,37.0,37.0,15.0,0.0,0.0,0.0,0.0,62.5844,0.0,46.3225,0.0,0.0
14736.0,1.7631,0.0954,1.0,0.0797,1.2013,2.0544,1.0544,2.351,1.351,26.795,2.0718,26.3441,2.0538,100.0,0.0,0.0,0.0,24.75,0.0,25.75,0.0,25.875,0.0,25.0,10.0,0.0,0.0092,52.648,5.2648,2.0,227.7601,1.943,1.1706,1.4913,0.8351,1.4547,0.0004,1.8337,0.0098,1.825,8.0,0.0658,1.0018,0.238,2.5985,0.006,0.9979,0.067,2.0481,0.0,0.0,0.0,30.0016,25.0,24.0,37.0,37.0,15.0,0.0,0.0,0.0,0.0,62.5848,0.0,46.3232,0.0,0.0
14737.0,1.7636,0.0954,1.0,0.0796,1.2012,2.0546,1.0546,2.3507,1.3507,26.7043,2.0682,26.3379,2.0535,100.0,0.0,0.0,0.0,24.75,0.0,25.875,0.0,25.75,0.0,24.75,10.0,0.0,0.0092,52.648,5.2648,2.0,229.3325,1.9442,1.0928,1.4829,0.8544,1.4568,0.0004,1.8362,0.0098,1.8252,8.0,0.0632,1.0017,0.2345,2.592,0.0067,1.048,0.0583,1.9878,0.0,0.0,0.0,30.0014,25.0,24.0,37.0,37.0,16.0,0.0,0.0,0.0,0.0,62.5854,0.0,46.3225,0.0,0.0
14738.0,1.7636,0.0954,1.0,0.0795,1.201,2.0546,1.0546,2.3509,1.3509,26.563,2.0625,26.3345,2.0534,100.0,0.0,0.0,0.0,24.75,0.0,26.0,0.0,26.0,0.0,24.75,10.0,0.0,0.0087,52.6479,5.2648,2.0,229.7464,1.9445,1.0151,1.4744,0.8877,1.4605,0.0004,1.8394,0.0098,1.8255,8.0,0.0633,1.0017,0.2796,2.6684,0.0064,1.0287,0.0603,2.0022,0.0,0.0,0.0,30.002,25.0,24.0,37.0,37.0,16.0,0.0,0.0,0.0,0.0,62.5856,0.0,46.3228,0.0,0.0
14739.0,1.7626,0.0953,1.0,0.0795,1.2009,2.0544,1.0544,2.3506,1.3506,26.5922,2.0637,26.3439,2.0538,100.0,0.0,0.0,0.0,24.625,0.0,25.875,0.0,25.75,0.0,24.875,10.0,0.0,0.0089,52.648,5.2648,2.0,232.1236,1.9463,0.9351,1.4657,0.9302,1.4651,0.0004,1.8425,0.0098,1.8261,8.0,0.0616,1.0016,0.2406,2.6032,0.0061,1.0042,0.061,2.0072,0.0,0.0,0.0,30.0017,25.0,24.0,37.0,37.0,14.0,0.0,0.0,0.0,0.0,62.5853,0.0,46.323,0.0,0.0
14740.0,1.7626,0.0953,1.0,0.0798,1.2018,2.0544,1.0544,2.3503,1.3503,26.758,2.0703,26.3644,2.0546,100.0,0.0,0.0,0.0,24.625,0.0,25.75,0.0,25.75,0.0,24.875,10.0,0.0,0.0092,52.6477,5.2648,2.0,233.5264,1.9473,0.9853,1.4711,0.9492,1.4672,0.0004,1.8453,0.0098,1.8265,8.0,0.0607,1.0016,0.2351,2.5931,0.0052,0.9347,0.0537,1.9517,0.0,0.0,0.0,30.0017,25.0,24.0,37.0,37.0,13.0,0.0,0.0,0.0,0.0,62.5854,0.0,46.3227,0.0,0.0
14741.0,1.7645,0.0956,1.0,0.0795,1.2009,2.0546,1.0546,2.3508,1.3508,26.7983,2.0719,26.3483,2.0539,100.0,0.0,0.0,0.0,24.625,0.0,25.875,0.0,25.75,0.0,24.75,10.0,0.0,0.0089,52.6477,5.2647,2.0,235.9761,1.9491,0.9482,1.4671,0.9791,1.4704,0.0004,1.8486,0.0098,1.8271,8.0,0.0644,1.0017,0.2298,2.5831,0.0053,0.949,0.055,1.9623,0.0,0.0,0.0,30.0016,25.0,24.0,37.0,37.0,13.0,0.0,0.0,0.0,0.0,62.5853,0.0,46.3233,0.0,0.0
14742.0,1.7658,0.0957,1.0,0.0797,1.2015,2.0546,1.0546,2.3511,1.3511,26.7136,2.0685,26.3281,2.0531,100.0,0.0,0.0,0.0,24.625,0.0,25.75,0.0,25.875,0.0,24.75,10.0,0.0,0.0083,52.6476,5.2648,2.0,238.0487,1.9507,0.9319,1.4653,0.9921,1.4719,0.0004,1.8513,0.0098,1.8274,8.0,0.0675,1.0018,0.2217,2.5676,0.0069,1.0579,0.0526,1.9429,0.0,0.0,0.0,30.0017,25.0,24.0,37.0,37.0,12.0,0.0,0.0,0.0,0.0,62.5845,0.0,46.3229,0.0,0.0
14743.0,1.7658,0.0957,1.0,0.0797,1.2014,2.0547,1.0547,2.3508,1.3508,26.5897,2.0636,26.3342,2.0534,100.0,0.0,0.0,0.0,24.75,0.0,25.75,0.0,25.875,0.0,24.875,10.0,0.0,0.009,52.6478,5.2648,2.0,240.1482,1.9522,0.9654,1.469,1.0091,1.4737,0.0004,1.8543,0.0098,1.8276,8.0,0.0697,1.0019,0.2295,2.5826,0.0064,1.0247,0.0493,1.9146,0.0,0.0,0.0,30.0016,25.0,24.0,37.0,37.0,14.0,0.0,0.0,0.0,0.0,62.5849,0.0,46.3229,0.0,0.0
14744.0,1.7657,0.0957,1.0,0.0797,1.2015,2.0547,1.0547,2.3503,1.3503,26.5859,2.0634,26.3502,2.054,100.0,0.0,0.0,0.0,24.75,0.0,25.875,0.0,25.75,0.0,24.875,10.0,0.0,0.0087,52.6476,5.2647,2.0,242.9556,1.9542,1.025,1.4754,1.0247,1.4754,0.0004,1.8571,0.0098,1.8281,8.0,0.0714,1.0019,0.2095,2.5429,0.006,1.0008,0.0477,1.9007,0.0,0.0,0.0,30.0013,25.0,24.0,37.0,37.0,15.0,0.0,0.0,0.0,0.0,62.5854,0.0,46.3228,0.0,0.0
14745.0,1.7636,0.0954,1.0,0.0796,1.2012,2.054,1.054,2.3503,1.3503,26.728,2.0691,26.3628,2.0545,100.0,0.0,0.0,0.0,24.75,0.0,25.75,0.0,25.875,0.0,24.75,10.0,0.0,0.0085,52.6477,5.2648,2.0,246.7684,1.9569,1.1058,1.4843,1.0304,1.476,0.0004,1.8596,0.0098,1.8287,8.0,0.0717,1.0019,0.2606,2.6378,0.0059,0.9891,0.0479,1.9021,0.0,0.0,0.0,30.0014,25.0,24.0,37.0,37.0,14.0,0.0,0.0,0.0,0.0,62.5852,0.0,46.3228,0.0,0.0
14746.0,1.7643,0.0955,1.0,0.08,1.2022,2.0543,1.0543,2.3511,1.3511,26.8014,2.0721,26.3381,2.0535,100.0,0.0,0.0,0.0,24.625,0.0,25.625,0.0,25.75,0.0,24.75,10.0,0.0,0.0093,52.6474,5.2647,2.0,250.6296,1.9596,1.0414,1.4772,1.0399,1.4771,0.0004,1.8627,0.0098,1.8291,8.0,0.0733,1.002,0.2264,2.5766,0.0056,0.9734,0.0413,1.8379,0.0,0.0,0.0,30.0014,25.0,24.0,37.0,37.0,15.0,0.0,0.0,0.0,0.0,62.5851,0.0,46.3231,0.0,0.0
14747.0,1.7638,0.0955,1.0,0.0798,1.2016,2.0545,1.0545,2.3511,1.3511,26.7377,2.0695,26.3389,2.0536,100.0,0.0,0.0,0.0,24.625,0.0,26.0,0.0,25.75,0.0,24.75,10.0,0.0,0.0095,52.6475,5.2647,2.0,252.3527,1.9608,1.043,1.4774,1.0474,1.4779,0.0004,1.865,0.0098,1.8293,8.0,0.0656,1.0017,0.2268,2.5776,0.0056,0.9671,0.0428,1.8529,0.0,0.0,0.0,30.0011,25.0,24.0,37.0,37.0,13.0,0.0,0.0,0.0,0.0,62.5848,0.0,46.3224,0.0,0.0
14748.0,1.765,0.0956,1.0,0.0796,1.2013,2.055,1.055,2.3507,1.3507,26.6138,2.0646,26.3382,2.0535,100.0,0.0,0.0,0.0,24.625,0.0,25.75,0.0,25.875,0.0,24.75,10.0,0.0,0.009,52.6472,5.2647,2.0,254.7594,1.9625,1.0969,1.4833,1.0555,1.4788,0.0004,1.8679,0.0098,1.8292,8.0,0.0641,1.0017,0.2979,2.6959,0.0054,0.9541,0.0399,1.8231,0.0,0.0,0.0,30.0011,25.0,24.0,37.0,37.0,14.0,0.0,0.0,0.0,0.0,62.5848,0.0,46.3228,0.0,0.0
14749.0,1.7656,0.0957,1.0,0.0795,1.2009,2.055,1.055,2.3504,1.3504,26.556,2.0622,26.3544,2.0542,100.0,0.0,0.0,0.0,24.75,0.0,25.875,0.0,25.875,0.0,24.75,10.0,0.0,0.0091,52.6473,5.2648,2.0,259.036,1.9653,1.0544,1.4787,1.0533,1.4785,0.0004,1.8704,0.0098,1.8294,8.0,0.0632,1.0017,0.2638,2.6432,0.006,0.9972,0.038,1.8021,0.0,0.0,0.0,30.0015,25.0,24.0,37.0,37.0,13.0,0.0,0.0,0.0,0.0,62.585,0.0,46.3225,0.0,0.0
14750.0,1.7647,0.0956,1.0,0.0794,1.2006,2.0544,1.0544,2.3503,1.3503,26.71,2.0684,26.3702,2.0548,100.0,0.0,0.0,0.0,24.75,0.0,25.75,0.0,25.75,0.0,24.75,10.0,0.0,0.0085,52.6472,5.2647,2.0,259.0591,1.9654,0.9957,1.4723,1.0483,1.478,0.0004,1.8729,0.0098,1.8297,8.0,0.0629,1.0017,0.2651,2.6453,0.0058,0.9858,0.0396,1.8197,0.0,0.0,0.0,30.0011,25.0,24.0,37.0,37.0,13.0,0.0,0.0,0.0,0.0,62.585,0.0,46.3228,0.0,0.0
14751.0,1.7647,0.0956,1.0,0.0799,1.2019,2.0543,1.0543,2.3506,1.3506,26.8147,2.0726,26.352,2.0541,100.0,0.0,0.0,0.0,24.75,0.0,25.875,0.0,25.875,0.0,24.75,10.0,0.0,0.0084,52.647,5.2647,2.0,261.1937,1.9668,0.8853,1.4602,1.0468,1.4778,0.0004,1.8755,0.0098,1.8302,8.0,0.0622,1.0017,0.2992,2.6979,0.0058,0.9875,0.0352,1.7686,0.0,0.0,0.0,30.0018,25.0,25.0,37.0,37.0,13.0,0.0,0.0,0.0,0.0,62.5851,0.0,46.3232,0.0,0.0
14752.0,1.7647,0.0956,1.0,0.0797,1.2014,2.0546,1.0546,2.3507,1.3507,26.7276,2.0691,26.3401,2.0536,100.0,0.0,0.0,0.0,24.75,0.0,25.875,0.0,25.875,0.0,24.75,10.0,0.0,0.0081,52.6467,5.2647,2.0,263.1852,1.9681,0.936,1.4657,1.0451,1.4776,0.0004,1.8786,0.0098,1.8305,8.0,0.0642,1.0017,0.2566,2.6311,0.0068,1.0575,0.0327,1.7365,0.0,0.0,0.0,30.0017,25.0,25.0,37.0,37.0,13.0,0.0,0.0,0.0,0.0,62.585,0.0,46.3229,0.0,0.0
14753.0,1.7647,0.0956,1.0,0.0797,1.2015,2.0549,1.0549,2.3506,1.3506,26.628,2.0651,26.3363,2.0535,100.0,0.0,0.0,0.0,24.75,0.0,25.75,0.0,25.875,0.0,24.75,10.0,0.0,0.0086,52.6469,5.2647,2.0,266.0578,1.97,0.9461,1.4669,1.0414,1.4772,0.0004,1.8805,0.0099,1.8308,8.0,0.067,1.0018,0.2479,2.6161,0.0063,1.0227,0.032,1.7271,0.0,0.0,0.0,30.0016,25.0,25.0,37.0,37.0,14.0,0.0,0.0,0.0,0.0,62.5855,0.0,46.3235,0.0,0.0
14754.0,1.7647,0.0956,1.0,0.0797,1.2015,2.055,1.055,2.3503,1.3503,26.548,2.0619,26.3422,2.0537,100.0,0.0,0.0,0.0,24.75,0.0,25.875,0.0,25.75,0.0,24.75,10.0,0.0,0.009,52.6468,5.2647,2.0,267.8152,1.9711,0.9107,1.463,1.0457,1.4777,0.0004,1.8829,0.0099,1.8311,8.0,0.0679,1.0018,0.2192,2.5626,0.0053,0.9422,0.029,1.6841,0.0,0.0,0.0,30.0018,25.0,25.0,37.0,37.0,14.0,0.0,0.0,0.0,0.0,62.5858,0.0,46.3232,0.0,0.0
14755.0,1.7636,0.0954,1.0,0.0798,1.2017,2.0545,1.0545,2.3499,1.3499,26.6589,2.0664,26.3703,2.0548,100.0,0.0,0.0,0.0,24.625,0.0,25.75,0.0,25.75,0.0,24.75,10.0,0.0,0.0083,52.6469,5.2647,2.0,271.1467,1.9733,1.0212,1.475,1.0428,1.4774,0.0005,1.8854,0.0099,1.8313,8.0,0.0699,1.0019,0.1756,2.4664,0.0068,1.0529,0.0482,1.9048,0.0,0.0,0.0,30.0011,25.0,24.0,37.0,37.0,15.0,0.0,0.0,0.0,0.0,62.5852,0.0,46.3233,0.0,0.0
14756.0,1.7636,0.0955,1.0,0.0798,1.2018,2.0544,1.0544,2.3502,1.3502,26.8012,2.072,26.3651,2.0546,100.0,0.0,0.0,0.0,24.625,0.0,25.875,0.0,25.875,0.0,24.875,10.0,0.0,0.0083,52.6467,5.2647,2.0,273.8149,1.975,0.8835,1.46,1.0385,1.4769,0.0005,1.8881,0.0099,1.8318,8.0,0.0709,1.0019,0.242,2.6056,0.0062,1.0148,0.0463,1.8878,0.0,0.0,0.0,30.0012,25.0,24.0,37.0,37.0,14.0,0.0,0.0,0.0,0.0,62.5856,0.0,46.3231,0.0,0.0
14757.0,1.7636,0.0954,1.0,0.0797,1.2014,2.0549,1.0549,2.3507,1.3507,26.7789,2.0712,26.3435,2.0537,100.0,0.0,0.0,0.0,24.625,0.0,25.75,0.0,25.75,0.0,24.75,10.0,0.0,0.008,52.6466,5.2647,2.0,273.4433,1.9747,0.7964,1.4505,1.0263,1.4756,0.0005,1.8901,0.0099,1.8322,8.0,0.0702,1.0019,0.2043,2.532,0.0063,1.021,0.0434,1.8591,0.0,0.0,0.0,30.0014,25.0,24.0,37.0,37.0,13.0,0.0,0.0,0.0,0.0,62.5854,0.0,46.3229,0.0,0.0
14758.0,1.7635,0.0954,1.0,0.0797,1.2016,2.055,1.055,2.3504,1.3504,26.6648,2.0666,26.3373,2.0535,100.0,0.0,0.0,0.0,24.625,0.0,25.875,0.0,25.75,0.0,24.75,10.0,0.0,0.009,52.6467,5.2647,2.0,275.1557,1.9758,0.8007,1.451,1.0204,1.475,0.0005,1.8926,0.0099,1.8322,8.0,0.0684,1.0018,0.1688,2.4491,0.0063,1.0217,0.0374,1.795,0.0,0.0,0.0,30.0015,25.0,24.0,37.0,37.0,12.0,0.0,0.0,0.0,0.0,62.5853,0.0,46.3229,0.0,0.0
14759.0,1.7632,0.0954,1.0,0.0797,1.2016,2.0549,1.0549,2.3504,1.3504,26.5584,2.0623,26.3365,2.0535,100.0,0.0,0.0,0.0,24.625,0.0,25.75,0.0,25.75,0.0,24.75,10.0,0.0,0.0084,52.6466,5.2647,2.0,277.0224,1.977,0.8148,1.4525,1.0178,1.4747,0.0005,1.8949,0.0099,1.8329,8.0,0.0678,1.0018,0.2025,2.5282,0.0051,0.9267,0.0376,1.7965,0.0,0.0,0.0,30.0014,25.0,25.0,37.0,37.0,15.0,0.0,0.0,0.0,0.0,62.585,0.0,46.3229,0.0,0.0
14760.0,1.7614,0.0952,1.0,0.0798,1.2016,2.0542,1.0542,2.3502,1.3502,26.6434,2.0657,26.358,2.0543,100.0,0.0,0.0,0.0,24.75,0.0,25.875,0.0,25.75,0.0,24.875,10.0,0.0,0.0091,52.6466,5.2647,2.0,282.0475,1.9801,0.9506,1.4673,1.0038,1.4731,0.0005,1.8973,0.0099,1.8329,8.0,0.0682,1.0018,0.2493,2.6185,0.0062,1.0176,0.0511,1.9299,0.0,0.0,0.0,30.0013,25.0,25.0,37.0,37.0,14.0,0.0,0.0,0.0,0.0,62.585,0.0,46.3227,0.0,0.0
14761.0,1.7625,0.0953,1.0,0.0798,1.2017,2.0543,1.0543,2.3501,1.3501,26.7968,2.0719,26.3662,2.0546,100.0,0.0,0.0,0.0,24.75,0.0,26.0,0.0,25.875,0.0,24.75,10.0,0.0,0.0086,52.6469,5.2647,2.0,286.0395,1.9826,1.0019,1.4729,0.99,1.4716,0.0005,1.8993,0.0099,1.833,8.0,0.0701,1.0019,0.2406,2.6032,0.0057,0.9799,0.0486,1.9083,0.0,0.0,0.0,30.0012,25.0,25.0,37.0,37.0,13.0,0.0,0.0,0.0,0.0,62.5853,0.0,46.3227,0.0,0.0
14762.0,1.7636,0.0955,1.0,0.0798,1.2016,2.0549,1.0549,2.3505,1.3505,26.7679,2.0707,26.3517,2.0541,100.0,0.0,0.0,0.0,24.75,0.0,25.75,0.0,26.0,0.0,24.75,10.0,0.0,0.0091,52.6464,5.2646,2.0,290.0562,1.985,0.9888,1.4715,0.9883,1.4714,0.0005,1.9019,0.0099,1.8335,8.0,0.0672,1.0018,0.2564,2.6308,0.0058,0.989,0.0666,2.0454,0.0,0.0,0.0,30.0012,25.0,25.0,37.0,37.0,14.0,0.0,0.0,0.0,0.0,62.5848,0.0,46.3229,0.0,0.0
14763.0,1.7615,0.0952,1.0,0.0798,1.2017,2.055,1.055,2.3507,1.3507,26.6732,2.0669,26.3442,2.0538,100.0,0.0,0.0,0.0,24.625,0.0,25.75,0.0,25.875,0.0,24.875,10.0,0.0,0.0089,52.6461,5.2646,2.0,292.186,1.9863,0.9288,1.465,0.9842,1.471,0.0005,1.904,0.0099,1.8335,8.0,0.0662,1.0018,0.3241,2.7326,0.0057,0.9803,0.0634,2.024,0.0,0.0,0.0,30.0011,25.0,24.0,37.0,37.0,13.0,0.0,0.0,0.0,0.0,62.5851,0.0,46.3229,0.0,0.0
14764.0,1.7614,0.0952,1.0,0.0799,1.202,2.055,1.055,2.3505,1.3505,26.5623,2.0625,26.3342,2.0534,100.0,0.0,0.0,0.0,24.75,0.0,25.875,0.0,25.75,0.0,24.75,10.0,0.0,0.0088,52.6459,5.2646,2.0,291.1798,1.9857,0.7745,1.4481,0.9637,1.4688,0.0005,1.9056,0.0099,1.8338,8.0,0.0674,1.0018,0.2663,2.6472,0.0061,1.0106,0.0557,1.9677,0.0,0.0,0.0,30.0014,25.0,24.0,37.0,37.0,14.0,0.0,0.0,0.0,0.0,62.5845,0.0,46.3226,0.0,0.0
14765.0,1.7633,0.0954,1.0,0.0798,1.2018,2.0542,1.0542,2.3503,1.3503,26.608,2.0643,26.3553,2.0542,100.0,0.0,0.0,0.0,24.75,0.0,26.0,0.0,25.875,0.0,24.875,10.0,0.0,0.0085,52.6458,5.2646,2.0,288.7599,1.9842,0.6293,1.4323,0.955,1.4678,0.0005,1.9079,0.0099,1.8345,8.0,0.0653,1.0017,0.2541,2.6268,0.0058,0.9874,0.0571,1.9783,0.0,0.0,0.0,30.0015,25.0,24.0,37.0,37.0,15.0,0.0,0.0,0.0,0.0,62.585,16.0,46.4032,0.0,0.0
14766.0,1.7636,0.0954,1.0,0.0799,1.2021,2.054,1.054,2.3504,1.3504,26.7735,2.0709,26.3616,2.0545,100.0,0.0,0.0,0.0,24.625,0.0,25.875,0.0,25.875,0.0,24.875,10.0,0.0,0.009,52.6459,5.2646,2.0,290.4229,1.9852,0.6514,1.4347,0.9479,1.467,0.0005,1.91,0.0099,1.8344,8.0,0.0671,1.0018,0.2409,2.6037,0.0057,0.9753,0.0458,1.8831,0.0,0.0,0.0,30.0017,25.0,24.0,37.0,37.0,15.0,0.0,0.0,0.0,0.0,62.5855,16.0,46.597,0.0,0.0
14767.0,1.7636,0.0954,1.0,0.0798,1.2016,2.0547,1.0547,2.3504,1.3504,26.7908,2.0716,26.3549,2.0542,100.0,0.0,0.0,0.0,24.5,0.0,25.875,0.0,25.75,0.0,24.75,10.0,0.0,0.0089,52.6461,5.2646,2.0,293.3251,1.9869,0.643,1.4338,0.9296,1.465,0.0005,1.9118,0.0099,1.8347,8.0,0.067,1.0018,0.2143,2.5528,0.0061,1.0098,0.0481,1.9038,0.0,0.0,0.0,30.0012,25.0,24.0,37.0,37.0,12.0,0.0,0.0,0.0,0.0,62.5853,0.0,46.702,0.0,0.0
14768.0,1.7635,0.0954,1.0,0.0797,1.2014,2.055,1.055,2.3502,1.3502,26.6869,2.0675,26.3464,2.0539,100.0,0.0,0.0,0.0,24.75,0.0,25.875,0.0,25.875,0.0,24.75,10.0,0.0,0.0084,52.6462,5.2646,2.0,296.2095,1.9886,0.6693,1.4366,0.9203,1.464,0.0005,1.9142,0.0099,1.8348,8.0,0.067,1.0018,0.2846,2.676,0.006,1.0012,0.0426,1.8515,0.0,0.0,0.0,30.0012,25.0,24.0,37.0,37.0,16.0,0.0,0.0,0.0,0.0,62.5858,0.0,46.7027,0.0,0.0
14769.0,1.7625,0.0953,1.0,0.0795,1.201,2.0549,1.0549,2.3502,1.3502,26.5614,2.0625,26.3356,2.0534,100.0,0.0,0.0,0.0,24.625,0.0,25.875,0.0,25.875,0.0,24.875,10.0,0.0,0.0086,52.6457,5.2646,2.0,296.6817,1.9889,0.5949,1.4285,0.913,1.4632,0.0005,1.9162,0.0099,1.835,8.0,0.0625,1.0017,0.2692,2.6519,0.0065,1.0319,0.0456,1.881,0.0,0.0,0.0,30.0014,25.0,24.0,37.0,37.0,14.0,0.0,0.0,0.0,0.0,62.5858,0.0,46.7029,0.0,0.0
14770.0,1.7625,0.0953,1.0,0.0794,1.2007,2.0542,1.0542,2.3503,1.3503,26.6125,2.0645,26.3553,2.0542,100.0,0.0,0.0,0.0,24.75,0.0,25.75,0.0,25.75,0.0,24.875,10.0,0.0,0.0094,52.6457,5.2646,2.0,297.0251,1.9891,0.574,1.4263,0.8926,1.461,0.0005,1.9179,0.0099,1.8356,8.0,0.0644,1.0017,0.3269,2.7362,0.0065,1.0362,0.0457,1.8814,0.0,0.0,0.0,30.0015,25.0,24.0,37.0,37.0,13.0,0.0,0.0,0.0,0.0,62.5854,0.0,46.7026,0.0,0.0
14771.0,1.7607,0.0951,1.0,0.0796,1.2012,2.0542,1.0542,2.35,1.35,26.7855,2.0714,26.3615,2.0545,100.0,0.0,0.0,0.0,24.75,0.0,25.875,0.0,25.75,0.0,24.75,10.0,0.0,0.0092,52.6462,5.2646,2.0,297.8215,1.9896,0.5349,1.422,0.8921,1.461,0.0005,1.9201,0.0099,1.8358,8.0,0.0639,1.0017,0.2949,2.6915,0.006,0.997,0.0438,1.8637,0.0,0.0,0.0,30.0011,25.0,24.0,37.0,37.0,13.0,0.0,0.0,0.0,0.0,62.585,0.0,46.7022,0.0,0.0
14772.0,1.7604,0.095,1.0,0.0796,1.2013,2.0547,1.0547,2.3503,1.3503,26.8044,2.0722,26.345,2.0538,100.0,0.0,0.0,0.0,24.75,0.0,25.875,0.0,25.875,0.0,24.75,10.0,0.0,0.0089,52.646,5.2646,2.0,300.9859,1.9914,0.6547,1.4351,0.8773,1.4593,0.0005,1.9218,0.0099,1.8355,8.0,0.0656,1.0018,0.279,2.6675,0.0061,1.0054,0.04,1.824,0.0,0.0,0.0,30.001,25.0,24.0,37.0,37.0,14.0,0.0,0.0,0.0,0.0,62.5853,0.0,46.7022,0.0,0.0
14773.0,1.7614,0.0952,1.0,0.0795,1.2009,2.055,1.055,2.3503,1.3503,26.7115,2.0685,26.3454,2.0538,100.0,0.0,0.0,0.0,24.75,0.0,25.75,0.0,25.75,0.0,24.875,10.0,0.0,0.0093,52.6456,5.2645,2.0,302.5533,1.9923,0.5189,1.4202,0.8507,1.4564,0.0005,1.9232,0.0099,1.8359,8.0,0.0632,1.0017,0.2597,2.6363,0.0062,1.0172,0.0417,1.8417,0.0,0.0,0.0,30.0013,25.0,24.0,37.0,37.0,14.0,0.0,0.0,0.0,0.0,62.585,0.0,46.7029,0.0,0.0
14774.0,1.7623,0.0953,1.0,0.0796,1.2012,2.0549,1.0549,2.3502,1.3502,26.5936,2.0637,26.3343,2.0534,100.0,0.0,0.0,0.0,24.625,0.0,25.75,0.0,25.75,0.0,24.875,10.0,0.0,0.0087,52.6459,5.2646,2.0,301.0012,1.9914,0.4334,1.4109,0.8589,1.4573,0.0005,1.9255,0.0099,1.8362,8.0,0.0646,1.0017,0.2973,2.6951,0.0065,1.0353,0.0533,1.9484,0.0,0.0,0.0,30.0012,25.0,24.0,37.0,37.0,13.0,0.0,0.0,0.0,0.0,62.5856,0.0,46.7021,0.0,0.0
14775.0,1.7615,0.0952,1.0,0.0799,1.202,2.0545,1.0545,2.3499,1.3499,26.5831,2.0633,26.3561,2.0542,100.0,0.0,0.0,0.0,24.75,0.0,25.75,0.0,25.875,0.0,24.75,10.0,0.0,0.0103,52.6455,5.2646,2.0,303.1246,1.9926,0.7656,1.4472,0.8774,1.4594,0.0005,1.928,0.0099,1.8367,8.0,0.0646,1.0017,0.289,2.6828,0.0058,0.9816,0.0445,1.8704,0.0,0.0,0.0,30.002,25.0,25.0,37.0,37.0,14.0,0.0,0.0,0.0,0.0,62.5854,0.0,46.7027,0.0,0.0
14776.0,1.7614,0.0952,1.0,0.08,1.2021,2.0544,1.0544,2.3499,1.3499,26.7436,2.0697,26.3731,2.0549,100.0,0.0,0.0,0.0,24.875,0.0,25.875,0.0,25.75,0.0,24.75,10.0,0.0,0.0089,52.6456,5.2646,2.0,312.8123,1.9981,0.7844,1.4492,0.8823,1.4599,0.0005,1.9303,0.0099,1.837,8.0,0.0668,1.0018,0.2262,2.5763,0.006,1.003,0.0494,1.9158,0.0,0.0,0.0,30.0011,25.0,25.0,37.0,37.0,15.0,0.0,0.0,0.0,0.0,62.586,0.0,46.7028,0.0,0.0
14777.0,1.7614,0.0952,1.0,0.0797,1.2016,2.0547,1.0547,2.3503,1.3503,26.8109,2.0724,26.3528,2.0541,100.0,0.0,0.0,0.0,24.625,0.0,25.875,0.0,25.875,0.0,24.75,10.0,0.0,0.009,52.6453,5.2645,2.0,315.3609,1.9995,0.78,1.4487,0.8972,1.4615,0.0006,1.9329,0.0099,1.8373,8.0,0.0675,1.0018,0.1734,2.4609,0.0064,1.0256,0.0497,1.9181,0.0,0.0,0.0,30.0012,25.0,25.0,37.0,37.0,13.0,0.0,0.0,0.0,0.0,62.5852,0.0,46.7028,0.0,0.0
14778.0,1.7624,0.0953,1.0,0.0798,1.2017,2.055,1.055,2.3502,1.3502,26.7324,2.0693,26.3487,2.0539,100.0,0.0,0.0,0.0,24.75,0.0,25.75,0.0,25.875,0.0,24.75,10.0,0.0,0.0093,52.6453,5.2645,2.0,316.8716,2.0004,0.8232,1.4534,0.9173,1.4637,0.0006,1.9353,0.0099,1.8377,8.0,0.066,1.0018,0.2338,2.5907,0.0059,0.9935,0.044,1.8653,0.0,0.0,0.0,30.0016,25.0,25.0,37.0,37.0,15.0,0.0,0.0,0.0,0.0,62.5852,0.0,46.7021,0.0,0.0
14779.0,1.7635,0.0954,1.0,0.0795,1.2009,2.0552,1.0552,2.3501,1.3501,26.6092,2.0644,26.3449,2.0538,100.0,0.0,0.0,0.0,24.625,0.0,25.75,0.0,25.875,0.0,24.75,10.0,0.0,0.0083,52.6452,5.2645,2.0,323.9019,2.0042,0.9625,1.4686,0.9285,1.4649,0.0006,1.9379,0.0099,1.8386,8.0,0.0627,1.0017,0.1818,2.4814,0.0063,1.0215,0.0586,1.9894,0.0,0.0,0.0,30.0012,25.0,25.0,37.0,37.0,13.0,0.0,0.0,0.0,0.0,62.5851,0.0,46.7026,0.0,0.0
14780.0,1.7638,0.0955,1.0,0.0797,1.2015,2.0551,1.0551,2.35,1.35,26.5813,2.0633,26.3599,2.0544,100.0,0.0,0.0,0.0,24.75,0.0,25.75,0.0,25.75,0.0,24.75,10.0,0.0,0.0094,52.645,5.2645,2.0,325.7319,2.0051,0.9282,1.4649,0.9331,1.4654,0.0006,1.9402,0.0099,1.8387,8.0,0.0637,1.0017,0.1948,2.5114,0.0059,0.993,0.07,2.0668,0.0,0.0,0.0,30.0012,25.0,25.0,37.0,37.0,16.0,0.0,0.0,0.0,0.0,62.5853,0.0,46.7028,0.0,0.0
14781.0,1.7636,0.0955,1.0,0.0797,1.2014,2.0545,1.0545,2.3498,1.3498,26.7061,2.0682,26.3692,2.0548,100.0,0.0,0.0,0.0,24.625,0.0,25.875,0.0,25.875,0.0,24.875,10.0,0.0,0.0088,52.6451,5.2645,2.0,328.7044,2.0067,0.9708,1.4695,0.9446,1.4667,0.0006,1.9425,0.01,1.8391,8.0,0.0642,1.0017,0.1851,2.4893,0.0066,1.0396,0.0685,2.0578,0.0,0.0,0.0,30.0014,25.0,25.0,37.0,37.0,13.0,0.0,0.0,0.0,0.0,62.585,0.0,46.7024,0.0,0.0
14782.0,1.7636,0.0955,1.0,0.0796,1.2012,2.0541,1.0541,2.3502,1.3502,26.8074,2.0723,26.351,2.054,100.0,0.0,0.0,0.0,24.75,0.0,25.75,0.0,25.75,0.0,24.875,10.0,0.0,0.0083,52.6452,5.2645,2.0,335.9189,2.0105,1.1268,1.4866,0.9496,1.4672,0.0006,1.9449,0.01,1.8398,8.0,0.0648,1.0017,0.188,2.4961,0.0054,0.9511,0.0648,2.0337,0.0,0.0,0.0,30.0013,25.0,25.0,37.0,37.0,12.0,0.0,0.0,0.0,0.0,62.5851,0.0,46.7025,0.0,0.0
14783.0,1.7622,0.0953,1.0,0.0797,1.2016,2.0546,1.0546,2.3505,1.3505,26.7395,2.0696,26.3349,2.0534,100.0,0.0,0.0,0.0,24.75,0.0,25.875,0.0,26.0,0.0,24.75,10.0,0.0,0.0092,52.645,5.2645,2.0,342.9258,2.0141,1.2035,1.4949,0.957,1.468,0.0006,1.9478,0.01,1.8405,8.0,0.0664,1.0018,0.2773,2.6648,0.0066,1.039,0.0614,2.0104,0.0,0.0,0.0,30.0018,25.0,25.0,37.0,37.0,14.0,0.0,0.0,0.0,0.0,62.5857,0.0,46.7031,0.0,0.0
14784.0,1.7636,0.0954,1.0,0.0799,1.202,2.0548,1.0548,2.3502,1.3502,26.6362,2.0654,26.336,2.0534,100.0,0.0,0.0,0.0,24.75,0.0,25.75,0.0,25.875,0.0,24.875,10.0,0.0,0.0092,52.6451,5.2645,2.0,349.9419,2.0176,1.3784,1.514,0.9521,1.4675,0.0006,1.9498,0.01,1.8406,8.0,0.0653,1.0017,0.1779,2.4721,0.0062,1.014,0.0545,1.9582,0.0,0.0,0.0,30.0012,25.0,24.0,37.0,37.0,14.0,0.0,0.0,0.0,0.0,62.5855,0.0,46.703,0.0,0.0
14785.0,1.7639,0.0955,1.0,0.0797,1.2016,2.055,1.055,2.3499,1.3499,26.5614,2.0625,26.3456,2.0538,100.0,0.0,0.0,0.0,24.625,0.0,25.875,0.0,25.75,0.0,24.75,10.0,0.0,0.0093,52.6447,5.2645,2.0,357.0041,2.0211,1.3734,1.5135,0.9495,1.4672,0.0006,1.9519,0.01,1.8414,8.0,0.0673,1.0018,0.2715,2.6557,0.0065,1.0318,0.056,1.9697,0.0,0.0,0.0,30.0016,25.0,24.0,37.0,37.0,15.0,0.0,0.0,0.0,0.0,62.5848,0.0,46.7026,0.0,0.0
14786.0,1.7636,0.0954,1.0,0.0798,1.2017,2.0547,1.0547,2.3495,1.3495,26.6835,2.0673,26.3701,2.0548,100.0,0.0,0.0,0.0,24.75,0.0,25.75,0.0,25.75,0.0,24.75,10.0,0.0,0.0088,52.6445,5.2644,2.0,360.9514,2.023,1.2717,1.5024,0.9459,1.4668,0.0006,1.9541,0.01,1.8412,8.0,0.0688,1.0018,0.2928,2.6885,0.0063,1.0206,0.0532,1.9482,0.0,0.0,0.0,30.001,25.0,24.0,37.0,37.0,13.0,0.0,0.0,0.0,0.0,62.5854,0.0,46.7026,0.0,0.0
14787.0,1.7626,0.0953,1.0,0.0799,1.2019,2.0544,1.0544,2.35,1.35,26.8154,2.0726,26.3574,2.0543,100.0,0.0,0.0,0.0,24.625,0.0,25.75,0.0,25.875,0.0,24.75,10.0,0.0,0.0083,52.6448,5.2644,2.0,361.9306,2.0235,1.1262,1.4865,0.9377,1.4659,0.0006,1.9563,0.01,1.8419,8.0,0.0718,1.0019,0.2654,2.6458,0.0062,1.0112,0.0432,1.8577,0.0,0.0,0.0,30.0016,25.0,24.0,37.0,37.0,13.0,0.0,0.0,0.0,0.0,62.5851,0.0,46.7028,0.0,0.0
14788.0,1.7616,0.0952,1.0,0.0798,1.2016,2.0549,1.0549,2.3501,1.3501,26.7565,2.0703,26.3422,2.0537,100.0,0.0,0.0,0.0,24.625,0.0,25.75,0.0,25.75,0.0,24.75,10.0,0.0,0.0094,52.6447,5.2645,2.0,363.4284,2.0242,0.9832,1.4709,0.9378,1.4659,0.0006,1.9585,0.01,1.8428,8.0,0.0737,1.002,0.3188,2.7254,0.0053,0.9487,0.0517,1.9351,0.0,0.0,0.0,30.0013,25.0,25.0,37.0,37.0,14.0,0.0,0.0,0.0,0.0,62.585,0.0,46.7025,0.0,0.0
14789.0,1.7625,0.0953,1.0,0.0799,1.2021,2.055,1.055,2.3499,1.3499,26.65,2.066,26.3455,2.0538,100.0,0.0,0.0,0.0,24.75,0.0,26.0,0.0,25.75,0.0,24.875,10.0,0.0,0.0074,52.6445,5.2645,2.0,361.4065,2.0232,0.8822,1.4599,0.9415,1.4663,0.0006,1.9608,0.01,1.8434,8.0,0.0723,1.0019,0.2413,2.6044,0.0063,1.0246,0.05,1.9208,0.0,0.0,0.0,30.001,25.0,25.0,37.0,37.0,12.0,0.0,0.0,0.0,0.0,62.5846,0.0,46.7026,0.0,0.0
14790.0,1.7625,0.0953,1.0,0.0799,1.2019,2.055,1.055,2.3496,1.3496,26.5577,2.0623,26.3497,2.054,100.0,0.0,0.0,0.0,24.75,0.0,25.75,0.0,25.75,0.0,24.75,10.0,0.0,0.0089,52.6446,5.2644,2.0,364.2193,2.0245,0.7828,1.449,0.9424,1.4664,0.0006,1.963,0.01,1.8426,8.0,0.0664,1.0018,0.2433,2.6079,0.0063,1.02,0.0443,1.8682,0.0,0.0,0.0,30.0012,25.0,25.0,37.0,37.0,14.0,0.0,0.0,0.0,0.0,62.5853,0.0,46.7024,0.0,0.0
14791.0,1.7635,0.0954,1.0,0.0799,1.2019,2.0545,1.0545,2.3497,1.3497,26.6715,2.0669,26.3601,2.0544,100.0,0.0,0.0,0.0,24.625,0.0,25.75,0.0,25.875,0.0,24.875,10.0,0.0,0.0088,52.6448,5.2645,2.0,365.4486,2.0251,0.8237,1.4535,0.9322,1.4653,0.0006,1.9651,0.01,1.8432,8.0,0.0657,1.0018,0.2487,2.6175,0.0058,0.987,0.0409,1.8333,0.0,0.0,0.0,30.0012,25.0,25.0,37.0,37.0,16.0,0.0,0.0,0.0,0.0,62.5848,0.0,46.7027,0.0,0.0
14792.0,1.7626,0.0953,1.0,0.0798,1.2017,2.0539,1.0539,2.3502,1.3502,26.8095,2.0724,26.3542,2.0542,100.0,0.0,0.0,0.0,24.625,0.0,25.75,0.0,25.875,0.0,24.75,10.0,0.0,0.0091,52.6447,5.2645,2.0,368.9673,2.0268,0.8339,1.4546,0.9336,1.4655,0.0006,1.9671,0.01,1.8437,8.0,0.0669,1.0018,0.1788,2.4743,0.006,1.0022,0.0422,1.8471,0.0,0.0,0.0,30.0008,25.0,25.0,37.0,37.0,13.0,0.0,0.0,0.0,0.0,62.5852,0.0,46.7021,0.0,0.0
14793.0,1.7616,0.0952,1.0,0.0797,1.2015,2.0549,1.0549,2.3499,1.3499,26.7756,2.071,26.3412,2.0536,100.0,0.0,0.0,0.0,24.75,0.0,25.75,0.0,25.75,0.0,24.75,10.0,0.0,0.0096,52.6443,5.2645,2.0,371.2123,2.0278,0.7962,1.4505,0.928,1.4649,0.0006,1.9694,0.01,1.8442,8.0,0.0668,1.0018,0.2053,2.5343,0.0055,0.9592,0.038,1.8019,0.0,0.0,0.0,30.0012,25.0,25.0,37.0,37.0,14.0,0.0,0.0,0.0,0.0,62.5851,0.0,46.7024,0.0,0.0
14794.0,1.7621,0.0953,1.0,0.0798,1.2017,2.0551,1.0551,2.3498,1.3498,26.6845,2.0674,26.348,2.0539,100.0,0.0,0.0,0.0,24.75,0.0,25.75,0.0,25.75,0.0,24.875,10.0,0.0,0.0087,52.6445,5.2644,2.0,373.1729,2.0288,0.786,1.4494,0.9152,1.4635,0.0007,1.971,0.01,1.8443,8.0,0.0678,1.0018,0.1977,2.5179,0.0063,1.0197,0.0511,1.9305,0.0,0.0,0.0,30.001,25.0,25.0,37.0,37.0,12.0,0.0,0.0,0.0,0.0,62.5848,0.0,46.7025,0.0,0.0
14795.0,1.7632,0.0954,1.0,0.0799,1.202,2.0554,1.0554,2.3496,1.3496,26.5615,2.0625,26.353,2.0541,100.0,0.0,0.0,0.0,24.75,0.0,25.75,0.0,25.875,0.0,24.875,10.0,0.0,0.0084,52.6443,5.2644,2.0,379.8344,2.0318,0.9156,1.4635,0.9114,1.4631,0.0007,1.9732,0.01,1.8448,8.0,0.0679,1.0018,0.2082,2.5404,0.0056,0.9738,0.0481,1.9037,0.0,0.0,0.0,30.0015,25.0,25.0,37.0,37.0,14.0,0.0,0.0,0.0,0.0,62.5855,0.0,46.7023,0.0,0.0
14796.0,1.7625,0.0953,1.0,0.0798,1.2018,2.0546,1.0546,2.3495,1.3495,26.6391,2.0656,26.3676,2.0547,100.0,0.0,0.0,0.0,24.875,0.0,25.75,0.0,25.75,0.0,24.875,10.0,0.0,0.0093,52.6445,5.2645,2.0,381.3062,2.0325,0.783,1.4491,0.904,1.4623,0.0007,1.9752,0.01,1.8461,8.0,0.0699,1.0019,0.1991,2.521,0.0061,1.0106,0.0495,1.9166,0.0,0.0,0.0,30.0018,25.0,24.0,37.0,37.0,14.0,0.0,0.0,0.0,0.0,62.5854,0.0,46.7025,0.0,0.0
14797.0,1.7625,0.0953,1.0,0.0796,1.2012,2.0542,1.0542,2.35,1.35,26.7995,2.072,26.3589,2.0544,100.0,0.0,0.0,0.0,24.75,0.0,25.875,0.0,25.875,0.0,24.75,10.0,0.0,0.0087,52.6445,5.2645,2.0,382.326,2.033,0.7411,1.4445,0.9078,1.4627,0.0007,1.9775,0.01,1.8463,8.0,0.07,1.0019,0.1528,2.406,0.006,0.9978,0.0459,1.8833,0.0,0.0,0.0,30.0014,25.0,24.0,37.0,37.0,14.0,0.0,0.0,0.0,0.0,62.5851,0.0,46.7026,0.0,0.0
14798.0,1.7629,0.0954,1.0,0.0799,1.202,2.0545,1.0545,2.3504,1.3504,26.7831,2.0713,26.3437,2.0537,100.0,0.0,0.0,0.0,24.75,0.0,25.75,0.0,25.75,0.0,24.75,10.0,0.0,0.0091,52.6441,5.2644,2.0,384.9613,2.0342,0.7152,1.4417,0.9011,1.4619,0.0007,1.9796,0.01,1.8463,8.0,0.0737,1.002,0.161,2.4288,0.0055,0.9661,0.0444,1.8691,0.0,0.0,0.0,30.0015,25.0,24.0,37.0,37.0,13.0,0.0,0.0,0.0,0.0,62.5856,0.0,46.7028,0.0,0.0
14799.0,1.7633,0.0954,1.0,0.08,1.2023,2.055,1.055,2.3499,1.3499,26.6929,2.0677,26.3455,2.0538,100.0,0.0,0.0,0.0,24.75,0.0,25.75,0.0,25.75,0.0,25.0,10.0,0.0,0.0087,52.644,5.2644,2.0,387.1888,2.0352,0.7012,1.4401,0.8942,1.4612,0.0007,1.9814,0.01,1.8463,8.0,0.0734,1.002,0.1547,2.4113,0.0065,1.0321,0.0428,1.8529,0.0,0.0,0.0,30.0011,25.0,24.0,37.0,37.0,14.0,0.0,0.0,0.0,0.0,62.5854,0.0,46.7024,0.0,0.0
14800.0,1.7612,0.0952,1.0,0.0799,1.202,2.055,1.055,2.3497,1.3497,26.5595,2.0624,26.343,2.0537,100.0,0.0,0.0,0.0,24.625,0.0,25.75,0.0,25.75,0.0,24.875,10.0,0.0,0.0089,52.6443,5.2644,2.0,390.4895,2.0366,0.7341,1.4437,0.8859,1.4603,0.0007,1.9835,0.01,1.8472,8.0,0.0729,1.0019,0.1274,2.3271,0.0067,1.0498,0.0556,1.9672,0.0,0.0,0.0,30.0009,25.0,24.0,37.0,37.0,14.0,0.0,0.0,0.0,0.0,62.5854,0.0,46.7022,0.0,0.0
14801.0,1.7614,0.0952,1.0,0.0799,1.202,2.0547,1.0547,2.3498,1.3498,26.6057,2.0642,26.3546,2.0542,100.0,0.0,0.0,0.0,24.875,0.0,25.875,0.0,25.75,0.0,24.875,10.0,0.0,0.008,52.6442,5.2644,2.0,392.561,2.0376,0.6675,1.4365,0.8802,1.4597,0.0007,1.9852,0.0101,1.8476,8.0,0.0676,1.0018,0.1128,2.274,0.0061,1.007,0.052,1.9382,0.0,0.0,0.0,30.0011,25.0,24.0,37.0,37.0,15.0,0.0,0.0,0.0,0.0,62.5854,0.0,46.7029,0.0,0.0
14802.0,1.7625,0.0953,1.0,0.0797,1.2014,2.0544,1.0544,2.3496,1.3496,26.7776,2.0711,26.3605,2.0544,100.0,0.0,0.0,0.0,24.625,0.0,25.75,0.0,25.875,0.0,24.75,10.0,0.0,0.0091,52.644,5.2644,2.0,393.7713,2.0381,0.7208,1.4423,0.8732,1.4589,0.0007,1.9874,0.0101,1.8475,8.0,0.0666,1.0018,0.1161,2.2866,0.0063,1.024,0.0537,1.952,0.0,0.0,0.0,30.0008,25.0,24.0,37.0,37.0,14.0,0.0,0.0,0.0,0.0,62.5853,0.0,46.7028,0.0,0.0
14803.0,1.7635,0.0954,1.0,0.0798,1.2018,2.0548,1.0548,2.35,1.35,26.7946,2.0718,26.3548,2.0542,100.0,0.0,0.0,0.0,24.625,0.0,25.75,0.0,25.875,0.0,24.75,10.0,0.0,0.0091,52.6443,5.2645,2.0,396.0982,2.0391,0.6423,1.4337,0.8691,1.4584,0.0007,1.9893,0.0101,1.8481,8.0,0.0649,1.0017,0.1271,2.326,0.0054,0.9555,0.0447,1.872,0.0,0.0,0.0,30.0009,25.0,24.0,37.0,37.0,15.0,0.0,0.0,0.0,0.0,62.5855,0.0,46.7028,0.0,0.0
14804.0,1.7636,0.0954,1.0,0.0799,1.202,2.055,1.055,2.3499,1.3499,26.7079,2.0683,26.3473,2.0539,100.0,0.0,0.0,0.0,24.625,0.0,25.875,0.0,25.875,0.0,24.75,10.0,0.0,0.0088,52.6443,5.2644,2.0,398.2475,2.0401,0.6131,1.4305,0.8553,1.4569,0.0007,1.9908,0.0101,1.8484,8.0,0.0686,1.0018,0.1278,2.3284,0.0053,0.9447,0.0449,1.874,0.0,0.0,0.0,30.0011,25.0,24.0,37.0,37.0,12.0,0.0,0.0,0.0,0.0,62.5849,0.0,46.7022,0.0,0.0
14805.0,1.7625,0.0953,1.0,0.08,1.2021,2.055,1.055,2.3497,1.3497,26.5902,2.0636,26.3424,2.0537,100.0,0.0,0.0,0.0,24.875,0.0,26.0,0.0,25.75,0.0,24.75,10.0,0.0,0.0088,52.6443,5.2644,2.0,398.8114,2.0403,0.591,1.4281,0.8491,1.4563,0.0007,1.9928,0.0101,1.8488,8.0,0.0657,1.0018,0.1169,2.2898,0.0063,1.0236,0.0416,1.8415,0.0,0.0,0.0,30.0009,25.0,24.0,37.0,37.0,14.0,0.0,0.0,0.0,0.0,62.5848,0.0,46.7021,0.0,0.0
14806.0,1.7625,0.0953,1.0,0.0798,1.2018,2.0552,1.0552,2.3495,1.3495,26.579,2.0632,26.3606,2.0544,100.0,0.0,0.0,0.0,24.75,0.0,25.875,0.0,25.875,0.0,24.875,10.0,0.0,0.0088,52.6439,5.2644,2.0,402.2073,2.0418,0.6157,1.4308,0.8487,1.4562,0.0007,1.9945,0.0101,1.8495,8.0,0.0655,1.0017,0.0945,2.1972,0.0065,1.0325,0.0564,1.9733,0.0,0.0,0.0,30.0004,25.0,24.0,37.0,37.0,14.0,0.0,0.0,0.0,0.0,62.5847,0.0,46.7021,0.0,0.0
14807.0,1.7616,0.0952,1.0,0.0798,1.2017,2.0544,1.0544,2.3493,1.3493,26.7718,2.0709,26.3722,2.0549,100.0,0.0,0.0,0.0,24.625,0.0,25.875,0.0,25.875,0.0,24.875,10.0,0.0,0.0093,52.6439,5.2644,2.0,403.6479,2.0424,0.544,1.423,0.8433,1.4556,0.0007,1.9968,0.0101,1.8498,8.0,0.065,1.0017,0.0842,2.1474,0.0054,0.9556,0.055,1.9623,0.0,0.0,0.0,30.0011,25.0,24.0,37.0,37.0,14.0,0.0,0.0,0.0,0.0,62.585,0.0,46.7026,0.0,0.0
14808.0,1.7614,0.0952,1.0,0.0798,1.2018,2.0549,1.0549,2.3496,1.3496,26.812,2.0725,26.3563,2.0543,100.0,0.0,0.0,0.0,24.75,0.0,25.875,0.0,25.75,0.0,24.75,10.0,0.0,0.0094,52.6437,5.2644,2.0,405.172,2.0431,0.6561,1.4352,0.8404,1.4553,0.0007,1.9985,0.0101,1.85,8.0,0.0645,1.0017,0.1005,2.224,0.0053,0.946,0.0485,1.9078,0.0,0.0,0.0,30.0009,25.0,24.0,37.0,37.0,14.0,0.0,0.0,0.0,0.0,62.5849,0.0,46.7021,0.0,0.0
14809.0,1.7614,0.0952,1.0,0.08,1.2022,2.055,1.055,2.3499,1.3499,26.7203,2.0688,26.3484,2.0539,100.0,0.0,0.0,0.0,24.625,0.0,26.0,0.0,25.875,0.0,24.875,10.0,0.0,0.0099,52.6436,5.2644,2.0,410.1036,2.0452,0.6921,1.4391,0.8302,1.4542,0.0007,2.0003,0.0101,1.8506,8.0,0.0665,1.0018,0.0869,2.1607,0.0058,0.9849,0.0488,1.9105,0.0,0.0,0.0,30.001,25.0,25.0,38.0,37.0,12.0,0.0,0.0,0.0,0.0,62.5854,0.0,46.7026,0.0,0.0
14810.0,1.7619,0.0952,1.0,0.0799,1.202,2.055,1.055,2.3498,1.3498,26.6018,2.0641,26.3437,2.0537,100.0,0.0,0.0,0.0,24.75,0.0,25.875,0.0,25.875,0.0,24.75,10.0,0.0,0.0084,52.6437,5.2644,2.0,415.8051,2.0476,0.7344,1.4438,0.8234,1.4535,0.0007,2.0021,0.0101,1.8511,8.0,0.0675,1.0018,0.0952,2.2004,0.0058,0.9857,0.0515,1.9334,0.0,0.0,0.0,30.0012,25.0,25.0,38.0,37.0,12.0,0.0,0.0,0.0,0.0,62.5851,0.0,46.7022,0.0,0.0
14811.0,1.7625,0.0953,1.0,0.0799,1.2019,2.0549,1.0549,2.3496,1.3496,26.5684,2.0627,26.3515,2.0541,100.0,0.0,0.0,0.0,24.75,0.0,25.75,0.0,25.75,0.0,24.75,10.0,0.0,0.0091,52.6436,5.2643,2.0,419.0667,2.0489,0.7388,1.4442,0.8123,1.4522,0.0008,2.0039,0.0101,1.8516,8.0,0.0664,1.0018,0.0754,2.099,0.006,1.0028,0.0472,1.8959,0.0,0.0,0.0,30.0006,25.0,25.0,38.0,37.0,14.0,0.0,0.0,0.0,0.0,62.5852,0.0,46.7026,0.0,0.0
14812.0,1.7636,0.0955,1.0,0.0795,1.2009,2.0544,1.0544,2.3495,1.3495,26.727,2.0691,26.3724,2.0549,100.0,0.0,0.0,0.0,24.75,0.0,25.875,0.0,25.75,0.0,24.875,10.0,0.0,0.0087,52.6436,5.2644,2.0,423.731,2.0508,0.8108,1.4521,0.8016,1.4511,0.0008,2.0056,0.0101,1.8518,8.0,0.0632,1.0017,0.1653,2.4401,0.006,0.9992,0.0563,1.9722,0.0,0.0,0.0,30.0009,25.0,25.0,38.0,37.0,13.0,0.0,0.0,0.0,0.0,62.5852,0.0,46.7024,0.0,0.0
14813.0,1.7633,0.0954,1.0,0.0797,1.2015,2.0545,1.0545,2.3499,1.3499,26.8045,2.0722,26.3584,2.0543,100.0,0.0,0.0,0.0,24.75,0.0,25.875,0.0,25.75,0.0,24.875,10.0,0.0,0.0089,52.6437,5.2644,2.0,424.3088,2.0511,0.6429,1.4338,0.7946,1.4503,0.0008,2.0072,0.0101,1.852,8.0,0.0637,1.0017,0.1409,2.3706,0.0057,0.9814,0.06,2.0002,0.0,0.0,0.0,30.0008,25.0,24.0,37.0,37.0,16.0,0.0,0.0,0.0,0.0,62.5848,0.0,46.7015,0.0,0.0
14814.0,1.7623,0.0953,1.0,0.0797,1.2015,2.055,1.055,2.3499,1.3499,26.734,2.0694,26.3427,2.0537,100.0,0.0,0.0,0.0,24.75,0.0,25.875,0.0,25.875,0.0,24.75,10.0,0.0,0.0086,52.6435,5.2643,2.0,423.8019,2.0509,0.5906,1.4281,0.7844,1.4492,0.0008,2.0089,0.0101,1.8524,8.0,0.0631,1.0017,0.1257,2.3213,0.0057,0.9814,0.0528,1.9449,0.0,0.0,0.0,30.0003,25.0,24.0,37.0,37.0,14.0,0.0,0.0,0.0,0.0,62.5849,0.0,46.7026,0.0,0.0
14815.0,1.7614,0.0952,1.0,0.0795,1.201,2.0551,1.0551,2.3498,1.3498,26.6406,2.0656,26.3466,2.0539,100.0,0.0,0.0,0.0,24.625,0.0,25.75,0.0,26.0,0.0,24.875,10.0,0.0,0.0085,52.6436,5.2644,2.0,428.7602,2.0529,0.6904,1.439,0.7771,1.4484,0.0008,2.0103,0.0101,1.8528,8.0,0.0631,1.0017,0.1386,2.3637,0.0054,0.9532,0.0677,2.0525,0.0,0.0,0.0,30.001,25.0,24.0,37.0,37.0,14.0,0.0,0.0,0.0,0.0,62.585,0.0,46.7024,0.0,0.0
14816.0,1.7614,0.0952,1.0,0.0795,1.201,2.0553,1.0553,2.3496,1.3496,26.5513,2.0621,26.3528,2.0541,100.0,0.0,0.0,0.0,24.75,0.0,25.875,0.0,25.875,0.0,24.875,10.0,0.0,0.0087,52.6432,5.2643,2.0,431.5123,2.054,0.708,1.4409,0.7691,1.4475,0.0008,2.0121,0.0101,1.853,8.0,0.0637,1.0017,0.1293,2.3333,0.0062,1.0143,0.0584,1.9884,0.0,0.0,0.0,30.0008,25.0,24.0,37.0,37.0,15.0,0.0,0.0,0.0,0.0,62.5854,0.0,46.7021,0.0,0.0
14817.0,1.7635,0.0954,1.0,0.0797,1.2013,2.0546,1.0546,2.3494,1.3494,26.686,2.0674,26.3734,2.0549,100.0,0.0,0.0,0.0,24.75,0.0,25.875,0.0,25.75,0.0,24.75,10.0,0.0,0.0087,52.643,5.2643,2.0,433.9169,2.055,0.6104,1.4302,0.7646,1.447,0.0008,2.014,0.0101,1.8539,8.0,0.0667,1.0018,0.1335,2.3474,0.0063,1.0219,0.0615,2.011,0.0,0.0,0.0,30.0009,25.0,24.0,37.0,37.0,14.0,0.0,0.0,0.0,0.0,62.5852,0.0,46.7022,0.0,0.0
14818.0,1.7616,0.0952,1.0,0.0797,1.2014,2.0548,1.0548,2.3494,1.3494,26.8151,2.0726,26.3637,2.0545,100.0,0.0,0.0,0.0,24.875,0.0,25.875,0.0,25.75,0.0,24.875,10.0,0.0,0.0085,52.6433,5.2643,2.0,435.9464,2.0558,0.6152,1.4308,0.7552,1.446,0.0008,2.0155,0.0101,1.8543,8.0,0.0664,1.0018,0.1695,2.4511,0.0062,1.0111,0.0607,2.0052,0.0,0.0,0.0,30.0012,25.0,24.0,37.0,37.0,14.0,0.0,0.0,0.0,0.0,62.586,0.0,46.7022,0.0,0.0
14819.0,1.7604,0.095,1.0,0.0798,1.2017,2.0552,1.0552,2.3496,1.3496,26.7626,2.0705,26.3453,2.0538,100.0,0.0,0.0,0.0,24.75,0.0,25.875,0.0,25.875,0.0,24.875,10.0,0.0,0.0084,52.6434,5.2644,2.0,436.7118,2.0561,0.5541,1.4241,0.7485,1.4453,0.0008,2.0171,0.0101,1.8545,8.0,0.0686,1.0018,0.1488,2.3946,0.0063,1.0191,0.0588,1.9909,0.0,0.0,0.0,30.0009,25.0,24.0,37.0,37.0,14.0,0.0,0.0,0.0,0.0,62.5853,0.0,46.7026,0.0,0.0
14820.0,1.7611,0.0951,1.0,0.0798,1.2017,2.0549,1.0549,2.3498,1.3498,26.6421,2.0657,26.3353,2.0534,100.0,0.0,0.0,0.0,24.75,0.0,25.75,0.0,25.75,0.0,24.875,10.0,0.0,0.0084,52.6433,5.2643,2.0,435.495,2.0556,0.4924,1.4173,0.7549,1.446,0.0008,2.0189,0.0101,1.8549,8.0,0.067,1.0018,0.1446,2.3819,0.006,1.0,0.0612,2.0084,0.0,0.0,0.0,30.0013,25.0,24.0,37.0,37.0,13.0,0.0,0.0,0.0,0.0,62.5852,0.0,46.7023,0.0,0.0
14821.0,1.7615,0.0952,1.0,0.0795,1.201,2.0551,1.0551,2.3494,1.3494,26.558,2.0623,26.3432,2.0537,100.0,0.0,0.0,0.0,24.625,0.0,26.0,0.0,25.875,0.0,24.875,10.0,0.0,0.0088,52.6434,5.2643,2.0,442.1917,2.0582,0.617,1.4309,0.7552,1.446,0.0008,2.0208,0.0101,1.8553,8.0,0.07,1.0019,0.1627,2.4333,0.0057,0.9812,0.063,2.0209,0.0,0.0,0.0,30.0008,25.0,25.0,37.0,37.0,15.0,0.0,0.0,0.0,0.0,62.5854,0.0,46.7022,0.0,0.0
14822.0,1.7615,0.0952,1.0,0.0797,1.2015,2.0547,1.0547,2.3491,1.3491,26.6777,2.0671,26.3693,2.0548,100.0,0.0,0.0,0.0,24.75,0.0,25.75,0.0,25.75,0.0,24.875,10.0,0.0,0.0082,52.6431,5.2643,2.0,448.3005,2.0606,0.7142,1.4416,0.7454,1.445,0.0008,2.0226,0.0102,1.856,8.0,0.0706,1.0019,0.1395,2.3663,0.0052,0.9383,0.0683,2.0563,0.0,0.0,0.0,30.0009,25.0,25.0,37.0,37.0,14.0,0.0,0.0,0.0,0.0,62.5849,0.0,46.7016,0.0,0.0
14823.0,1.7615,0.0952,1.0,0.0798,1.2016,2.0546,1.0546,2.3493,1.3493,26.8139,2.0726,26.364,2.0546,100.0,0.0,0.0,0.0,24.75,0.0,25.75,0.0,25.75,0.0,24.75,10.0,0.0,0.0079,52.6429,5.2643,2.0,452.1768,2.0621,0.7198,1.4422,0.7302,1.4433,0.0008,2.0237,0.0102,1.8561,8.0,0.0691,1.0018,0.1183,2.2947,0.0057,0.9805,0.0625,2.0176,0.0,0.0,0.0,30.0007,25.0,25.0,37.0,37.0,13.0,0.0,0.0,0.0,0.0,62.5852,0.0,46.702,0.0,0.0
14824.0,1.7625,0.0953,1.0,0.0799,1.202,2.0549,1.0549,2.3495,1.3495,26.7738,2.071,26.3505,2.054,100.0,0.0,0.0,0.0,24.75,0.0,25.875,0.0,25.875,0.0,24.875,10.0,0.0,0.0083,52.6433,5.2643,2.0,457.4952,2.0642,0.7771,1.4484,0.7251,1.4427,0.0008,2.0255,0.0102,1.8567,8.0,0.0698,1.0019,0.126,2.3222,0.0057,0.9762,0.0552,1.9635,0.0,0.0,0.0,30.0007,25.0,25.0,37.0,37.0,13.0,0.0,0.0,0.0,0.0,62.5854,0.0,46.7018,0.0,0.0
14825.0,1.7621,0.0953,1.0,0.0797,1.2015,2.055,1.055,2.3495,1.3495,26.6665,2.0667,26.3468,2.0539,100.0,0.0,0.0,0.0,24.75,0.0,25.875,0.0,25.875,0.0,24.875,10.0,0.0,0.0087,52.6432,5.2643,2.0,457.705,2.0642,0.6397,1.4334,0.7161,1.4418,0.0008,2.027,0.0102,1.8569,8.0,0.0676,1.0018,0.1321,2.3427,0.0067,1.0509,0.0687,2.0585,0.0,0.0,0.0,30.0011,25.0,25.0,37.0,37.0,12.0,0.0,0.0,0.0,0.0,62.5852,0.0,46.702,0.0,0.0
14826.0,1.7632,0.0954,1.0,0.0798,1.2018,2.0548,1.0548,2.3493,1.3493,26.5584,2.0623,26.3384,2.0535,100.0,0.0,0.0,0.0,24.75,0.0,25.875,0.0,26.0,0.0,24.875,10.0,0.0,0.0084,52.6428,5.2643,2.0,459.989,2.0651,0.6628,1.4359,0.7061,1.4407,0.0008,2.0282,0.0102,1.8572,8.0,0.0669,1.0018,0.1194,2.2989,0.0055,0.9616,0.0697,2.0649,0.0,0.0,0.0,30.0006,25.0,25.0,37.0,37.0,14.0,0.0,0.0,0.0,0.0,62.5847,0.0,46.7023,0.0,0.0
14827.0,1.7657,0.0957,1.0,0.0799,1.202,2.0542,1.0542,2.3492,1.3492,26.6302,2.0652,26.3569,2.0543,100.0,0.0,0.0,0.0,24.75,0.0,25.75,0.0,25.75,0.0,24.875,10.0,0.0,0.0093,52.643,5.2643,2.0,462.1228,2.0659,0.6435,1.4338,0.7001,1.44,0.0008,2.0295,0.0102,1.8575,8.0,0.0661,1.0018,0.1662,2.4426,0.0059,0.9955,0.0623,2.0165,0.0,0.0,0.0,30.0009,25.0,25.0,37.0,37.0,14.0,0.0,0.0,0.0,0.0,62.5851,0.0,46.7025,0.0,0.0
14828.0,1.7677,0.096,1.0,0.0798,1.2018,2.0543,1.0543,2.3492,1.3492,26.7997,2.072,26.358,2.0543,100.0,0.0,0.0,0.0,24.75,0.0,25.875,0.0,25.875,0.0,24.875,10.0,0.0,0.0087,52.6428,5.2643,2.0,465.8448,2.0673,0.6516,1.4347,0.7038,1.4404,0.0008,2.0314,0.0102,1.8579,8.0,0.0627,1.0017,0.165,2.4393,0.0059,0.9959,0.0708,2.0718,0.0,0.0,0.0,30.0008,25.0,25.0,37.0,37.0,13.0,0.0,0.0,0.0,0.0,62.5852,0.0,46.7031,0.0,0.0
14829.0,1.7679,0.096,1.0,0.0798,1.2016,2.0548,1.0548,2.35,1.35,26.7839,2.0714,26.3433,2.0537,100.0,0.0,0.0,0.0,24.75,0.0,25.875,0.0,25.875,0.0,24.875,10.0,0.0,0.009,52.6428,5.2643,2.0,466.0865,2.0674,0.6285,1.4322,0.7063,1.4407,0.0009,2.0333,0.0102,1.8581,8.0,0.0654,1.0017,0.1736,2.4614,0.0062,1.0168,0.0756,2.1001,0.0,0.0,0.0,30.0011,25.0,25.0,37.0,37.0,14.0,0.0,0.0,0.0,0.0,62.5854,0.0,46.7024,0.0,0.0
14830.0,1.7678,0.096,1.0,0.0795,1.2008,2.0548,1.0548,2.3495,1.3495,26.6813,2.0673,26.3359,2.0534,100.0,0.0,0.0,0.0,24.75,0.0,25.875,0.0,25.875,0.0,24.875,10.0,0.0,0.0084,52.6428,5.2643,2.0,470.4174,2.069,0.6292,1.4323,0.6983,1.4398,0.0009,2.0348,0.0102,1.8585,8.0,0.062,1.0017,0.1579,2.4201,0.0057,0.977,0.0684,2.0567,0.0,0.0,0.0,30.0006,25.0,25.0,37.0,37.0,14.0,0.0,0.0,0.0,0.0,62.5854,0.0,46.7023,0.0,0.0
14831.0,1.7687,0.0961,1.0,0.0794,1.2005,2.0552,1.0552,2.3493,1.3493,26.5584,2.0623,26.3438,2.0538,100.0,0.0,0.0,0.0,24.625,0.0,25.875,0.0,25.75,0.0,24.875,10.0,0.0,0.0085,52.6426,5.2642,2.0,472.9349,2.0699,0.6367,1.4331,0.6877,1.4387,0.0009,2.0359,0.0102,1.8589,8.0,0.0643,1.0017,0.1312,2.3398,0.0062,1.0112,0.0721,2.0796,0.0,0.0,0.0,30.0012,25.0,25.0,37.0,37.0,12.0,0.0,0.0,0.0,0.0,62.5852,0.0,46.7023,0.0,0.0
14832.0,1.7669,0.0959,1.0,0.0796,1.2011,2.0549,1.0549,2.3491,1.3491,26.6074,2.0643,26.3642,2.0546,100.0,0.0,0.0,0.0,24.75,0.0,25.875,0.0,25.875,0.0,24.875,10.0,0.0,0.0084,52.6425,5.2643,2.0,475.9856,2.071,0.7205,1.4422,0.685,1.4384,0.0009,2.0376,0.0102,1.8593,8.0,0.0628,1.0017,0.1404,2.3691,0.0066,1.0438,0.0804,2.1272,0.0,0.0,0.0,30.0009,25.0,25.0,37.0,37.0,16.0,0.0,0.0,0.0,0.0,62.585,0.0,46.7023,0.0,0.0
14833.0,1.7661,0.0958,1.0,0.0799,1.2019,2.0542,1.0542,2.3492,1.3492,26.7811,2.0712,26.361,2.0544,100.0,0.0,0.0,0.0,24.75,0.0,25.875,0.0,25.875,0.0,24.875,10.0,0.0,0.0087,52.6423,5.2642,2.0,486.3378,2.0748,0.8407,1.4554,0.6782,1.4376,0.0009,2.039,0.0102,1.8597,8.0,0.0645,1.0017,0.1307,2.3382,0.0064,1.0251,0.0729,2.0846,0.0,0.0,0.0,30.0006,25.0,25.0,37.0,37.0,13.0,0.0,1.0,0.69,0.0,62.5852,0.0,46.7021,0.0,0.0
14834.0,1.7657,0.0957,1.0,0.0798,1.2018,2.0545,1.0545,2.3499,1.3499,26.8009,2.072,26.3439,2.0538,100.0,0.0,0.0,0.0,24.75,0.0,25.75,0.0,25.75,0.0,24.875,10.0,0.0,0.0086,52.6427,5.2643,2.0,490.0638,2.0761,0.7822,1.449,0.6818,1.438,0.0009,2.0409,0.0102,1.8603,8.0,0.0729,1.0019,0.1273,2.3266,0.0061,1.0099,0.0698,2.0659,0.0,0.0,0.0,30.0008,25.0,25.0,38.0,37.0,13.0,0.0,1.0,3.78,0.0,62.5853,0.0,46.7024,0.0,0.0
14835.0,1.7658,0.0957,1.0,0.0797,1.2014,2.055,1.055,2.3499,1.3499,26.6953,2.0678,26.3373,2.0535,100.0,0.0,0.0,0.0,24.75,0.0,26.25,0.0,25.875,0.0,24.75,10.0,0.0,0.0091,52.6425,5.2642,2.0,493.916,2.0775,0.7843,1.4492,0.6716,1.4369,0.0009,2.0424,0.0102,1.8606,8.0,0.0732,1.002,0.1023,2.2317,0.0057,0.9787,0.067,2.0481,0.0,0.0,0.0,30.0004,25.0,25.0,38.0,37.0,13.0,0.0,1.0,6.72,0.0,62.5853,0.0,46.7021,0.0,0.0
14836.0,1.7653,0.0957,1.0,0.08,1.2022,2.055,1.055,2.3496,1.3496,26.5703,2.0628,26.3361,2.0534,100.0,0.0,0.0,0.0,24.75,0.0,25.875,0.0,25.875,0.0,24.875,10.0,0.0,0.009,52.6426,5.2642,2.0,494.5462,2.0777,0.6741,1.4372,0.6676,1.4365,0.0009,2.0436,0.0102,1.861,8.0,0.0718,1.0019,0.1111,2.2674,0.0054,0.952,0.0636,2.0253,0.0,0.0,0.0,30.0013,25.0,25.0,38.0,37.0,15.0,0.0,1.0,9.81,0.0,62.5846,0.0,46.7026,0.0,0.0
14837.0,1.7625,0.0953,1.0,0.0801,1.2024,2.0548,1.0548,2.3491,1.3491,26.5864,2.0635,26.3612,2.0544,100.0,0.0,0.0,0.0,24.75,0.0,25.875,0.0,25.75,0.0,24.875,10.0,0.0,0.0086,52.6424,5.2642,2.0,495.8517,2.0781,0.6744,1.4372,0.6611,1.4358,0.0009,2.045,0.0102,1.8615,8.0,0.072,1.0019,0.1177,2.2925,0.0058,0.9822,0.0568,1.9759,0.0,0.0,0.0,30.0008,25.0,25.0,38.0,37.0,15.0,0.0,1.0,12.75,0.0,62.585,0.0,46.7022,0.0,0.0
14838.0,1.7698,0.0962,1.0,0.0802,1.2028,2.0544,1.0544,2.3495,1.3495,26.7609,2.0704,26.3634,2.0545,100.0,0.0,0.0,0.0,24.75,0.0,25.875,0.0,25.875,0.0,24.875,10.0,0.0,0.0086,52.6424,5.2643,2.0,498.4541,2.0791,0.7,1.44,0.6647,1.4361,0.0009,2.0468,0.0102,1.862,8.0,0.0721,1.0019,0.1142,2.2796,0.0065,1.0347,0.0538,1.9524,0.0,0.0,0.0,30.0013,25.0,24.0,37.0,37.0,14.0,0.0,1.0,15.84,0.0,62.5853,0.0,46.7022,0.0,0.0
14839.0,1.772,0.0965,1.0,0.08,1.2022,2.0546,1.0546,2.3496,1.3496,26.8117,2.0725,26.356,2.0542,100.0,0.0,0.0,0.0,24.75,0.0,25.875,0.0,25.75,0.0,24.875,10.0,0.0,0.0086,52.6424,5.2642,2.0,505.1238,2.0814,0.7641,1.447,0.6617,1.4358,0.0009,2.0481,0.0102,1.8624,8.0,0.0747,1.002,0.0824,2.1379,0.006,0.9994,0.0587,1.9907,0.0,0.0,0.0,30.0004,25.0,24.0,37.0,37.0,14.0,0.0,1.0,18.57,0.0,62.5856,0.0,46.7027,0.0,0.0
14840.0,1.7722,0.0965,1.0,0.0801,1.2024,2.055,1.055,2.3494,1.3494,26.7196,2.0688,26.349,2.054,100.0,0.0,0.0,0.0,24.75,0.0,25.75,0.0,25.875,0.0,24.75,10.0,0.0,0.0088,52.6424,5.2643,2.0,509.7285,2.0829,0.782,1.4489,0.6606,1.4357,0.0009,2.0497,0.0102,1.8627,8.0,0.0746,1.002,0.0753,2.0986,0.0069,1.0608,0.0566,1.9746,0.0,0.0,0.0,30.0008,25.0,24.0,37.0,37.0,14.0,0.0,1.0,21.51,0.0,62.5854,0.0,46.7026,0.0,0.0
14841.0,1.7729,0.0966,1.0,0.0799,1.202,2.0548,1.0548,2.3498,1.3498,26.5983,2.0639,26.3348,2.0534,100.0,0.0,0.0,0.0,24.75,0.0,25.75,0.0,25.875,0.0,24.875,10.0,0.0,0.01,52.6426,5.2643,2.0,516.4159,2.0852,0.8168,1.4527,0.6547,1.4351,0.0009,2.0512,0.0102,1.8631,8.0,0.0719,1.0019,0.0902,2.1769,0.0062,1.0128,0.0494,1.9158,0.0,0.0,0.0,30.001,25.0,24.0,37.0,37.0,14.0,0.0,1.0,24.66,0.0,62.5853,0.0,46.702,0.0,0.0
