Unnamed: 0,adj neg air pressure raw,adj neg air pressure,current alarm mode,cont air counts raw,cont air counts,makeup wtr cond down raw,makeup wtr cond down,makeup wtr cond up raw,makeup wtr cond up,makeup wtr temp down,makeup wtr temp down raw,makeup wtr temp up,makeup wtr temp up raw,DAS health index,0-15 channel error,16-31 channel error status,error detection status 2,card temperature 2,error detection status 3,card temperature 3,error detection status 4,card temperature 4,error detection status 5,card temperature 5,fc positioning 10V supply,fiss-active-state,fiss-position,mag-current,mag-current-raw,mstat,nfd-1-cps,nfd-1cps-raw,nfd-1-cr,nfd-1-cr-raw,nfd-2-cr,nfd-2-cr-raw,nfd-2-log,nfd-2-log-raw,nfd-3-pwr,nfd-3-pwr-raw,nfd-3-pwr-rng,nfd-4-flux,nfd-4-flux-raw,ram-con-lvl,rom-con-lvl-raw,ram-pool-lvl,ram-pool-lvl-raw,ram-wtr-lvl,ram-wtr-lvl-raw,rcs-scram-rel-q,rcs-scram-st-q,rr-active-state,rr-position,rtpbtempa_00,rtpbtempb_00,rtpctempa_00,rtpctempb_00,rtphactcnta_00,rtphactcntb_00,src-active-state,src-position,ss1-active-state,ss1-position,ss2-active-state,ss2-position,ack-button,manual-scram
4845.0,1.7424,0.0928,1.0,0.08,1.2023,2.0533,1.0533,2.2785,1.2785,26.5683,2.0627,26.296,2.0518,100.0,0.0,0.0,0.0,24.25,0.0,25.375,0.0,25.25,0.0,24.25,10.0,0.0,0.0122,50.1113,5.3438,2.0,4.9022,1.2762,0.6069,1.4298,0.0186,1.3657,1.006e-05,1.0015,0.0006,2.5564,11.0,0.0837,1.0022,0.0848,2.1505,0.0058,0.9867,0.0535,1.9498,0.0,0.0,0.0,-0.1308,24.0,24.0,37.0,36.0,14.0,0.0,0.0,0.0,0.0,-0.0227,0.0,0.0684,0.0,0.0
4846.0,1.7441,0.093,1.0,0.0799,1.2019,2.0531,1.0531,2.2783,1.2783,26.5198,2.0608,26.3065,2.0523,100.0,0.0,0.0,0.0,24.25,0.0,25.375,0.0,25.375,0.0,24.25,10.0,0.0,0.0112,52.9586,5.3435,2.0,5.0147,1.2801,0.6266,1.432,0.0151,1.3653,1.006e-05,1.0015,0.0006,2.558,11.0,0.0841,1.0022,0.0846,2.1494,0.0061,1.0075,0.0507,1.9266,0.0,0.0,0.0,-0.1308,24.0,24.0,37.0,36.0,13.0,0.0,0.0,0.0,0.0,-0.0225,0.0,0.0685,0.0,0.0
4847.0,1.745,0.0931,1.0,0.08,1.2022,2.0523,1.0523,2.2782,1.2782,26.6543,2.0662,26.3202,2.0528,100.0,0.0,0.0,0.0,24.125,0.0,25.375,0.0,25.375,0.0,24.25,10.0,0.0,0.0116,53.3546,5.3431,2.0,4.9974,1.2795,0.5728,1.4261,0.033,1.3672,1.006e-05,1.0015,0.0006,2.5587,11.0,0.0864,1.0023,0.0736,2.0885,0.0063,1.0189,0.0434,1.8595,0.0,0.0,0.0,-0.1307,24.0,24.0,37.0,36.0,14.0,0.0,0.0,0.0,0.0,-0.0225,0.0,0.0685,0.0,0.0
4848.0,1.7461,0.0933,1.0,0.0801,1.2026,2.0524,1.0524,2.2786,1.2786,26.7716,2.0709,26.3107,2.0524,100.0,0.0,0.0,0.0,24.25,0.0,25.375,0.0,25.375,0.0,24.25,10.0,0.0,0.0122,53.4209,5.3428,2.0,5.0419,1.281,0.6006,1.4292,0.0277,1.3667,1.006e-05,1.0015,0.0006,2.5577,11.0,0.0845,1.0023,0.0586,1.9899,0.0055,0.9585,0.0411,1.8356,0.0,0.0,0.0,-0.1309,24.0,24.0,37.0,36.0,15.0,0.0,0.0,0.0,0.0,-0.0229,0.0,0.0684,0.0,0.0
4849.0,1.7425,0.0928,1.0,0.0803,1.2032,2.0528,1.0528,2.279,1.279,26.6994,2.068,26.301,2.052,100.0,0.0,0.0,0.0,24.25,0.0,25.375,0.0,25.375,0.0,24.25,10.0,0.0,0.0115,53.4255,5.3426,2.0,5.0017,1.2796,0.5344,1.4219,0.025,1.3664,1.006e-05,1.0015,0.0006,2.5566,11.0,0.0847,1.0023,0.0669,2.0474,0.006,1.0025,0.0559,1.969,0.0,0.0,0.0,-0.1308,24.0,24.0,37.0,36.0,13.0,0.0,0.0,0.0,64.0,-0.023,0.0,0.0682,0.0,0.0
4850.0,1.7392,0.0924,1.0,0.0803,1.2031,2.0528,1.0528,2.279,1.279,26.5878,2.0635,26.2967,2.0519,100.0,0.0,0.0,0.0,24.25,0.0,25.375,0.0,25.25,0.0,24.25,10.0,0.0,0.0119,53.4237,5.3423,2.0,4.9758,1.2787,0.4663,1.4145,0.0236,1.3662,1.006e-05,1.0014,0.0006,2.5573,11.0,0.0826,1.0022,0.1456,2.3851,0.006,1.0016,0.0574,1.9807,0.0,0.0,0.0,-0.1309,24.0,24.0,37.0,36.0,14.0,0.0,0.0,0.0,64.0,0.1494,0.0,0.0682,0.0,0.0
4851.0,1.7373,0.0922,1.0,0.0801,1.2025,2.0526,1.0526,2.2787,1.2787,26.5073,2.0603,26.2954,2.0518,100.0,0.0,0.0,0.0,24.25,0.0,25.375,0.0,25.375,0.0,24.25,10.0,0.0,0.0121,53.4208,5.3419,2.0,4.8579,1.2746,0.3538,1.4022,0.0189,1.3657,1.006e-05,1.0014,0.0006,2.556,11.0,0.0817,1.0022,0.1103,2.2645,0.0055,0.9595,0.052,1.9376,0.0,0.0,0.0,-0.1309,24.0,24.0,37.0,36.0,13.0,0.0,0.0,0.0,64.0,0.3318,0.0,0.0685,0.0,0.0
4852.0,1.7372,0.0921,1.0,0.08,1.2022,2.0523,1.0523,2.2787,1.2787,26.6198,2.0648,26.3085,2.0523,100.0,0.0,0.0,0.0,24.25,0.0,25.375,0.0,25.25,0.0,24.25,10.0,0.0,0.012,53.418,5.3417,2.0,4.7883,1.2721,0.3542,1.4023,0.0185,1.3657,1.006e-05,1.0014,0.0006,2.5564,11.0,0.0842,1.0022,0.1177,2.2925,0.0061,1.0104,0.0535,1.9499,0.0,0.0,0.0,-0.1308,25.0,24.0,37.0,36.0,13.0,0.0,0.0,0.0,64.0,0.4822,0.0,0.0683,0.0,0.0
4853.0,1.7369,0.0921,1.0,0.0797,1.2015,2.0523,1.0523,2.279,1.279,26.7619,2.0705,26.3061,2.0522,100.0,0.0,0.0,0.0,24.25,0.0,25.625,0.0,25.375,0.0,24.25,10.0,0.0,0.0122,53.415,5.3414,2.0,4.7928,1.2722,0.3267,1.3993,0.0207,1.3659,1.006e-05,1.0013,0.0006,2.5553,11.0,0.0774,1.0021,0.1039,2.2385,0.0062,1.0146,0.0462,1.8861,0.0,0.0,0.0,-0.131,25.0,24.0,37.0,36.0,14.0,0.0,0.0,0.0,64.0,0.6808,0.0,0.0683,0.0,0.0
4854.0,1.7369,0.0921,1.0,0.0798,1.2016,2.0532,1.0532,2.2787,1.2787,26.714,2.0686,26.3036,2.0521,100.0,0.0,0.0,0.0,24.25,0.0,25.375,0.0,25.25,0.0,24.25,10.0,0.0,0.0127,53.4121,5.3411,2.0,4.8804,1.2754,0.3565,1.4025,0.0307,1.367,1.006e-05,1.0014,0.0006,2.5567,11.0,0.0776,1.0021,0.1726,2.459,0.0058,0.9838,0.0464,1.8882,0.0,0.0,0.0,-0.1307,25.0,24.0,37.0,36.0,14.0,0.0,0.0,0.0,64.0,0.8943,0.0,0.0684,0.0,0.0
4855.0,1.7365,0.0921,1.0,0.0801,1.2025,2.0533,1.0533,2.2786,1.2786,26.6007,2.064,26.307,2.0523,100.0,0.0,0.0,0.0,24.25,0.0,25.375,0.0,25.375,0.0,24.25,10.0,0.0,0.0117,53.4095,5.3408,2.0,4.7817,1.2718,0.3011,1.3965,0.026,1.3665,1.006e-05,1.0013,0.0006,2.5583,11.0,0.0773,1.0021,0.1517,2.403,0.0061,1.0105,0.0445,1.8706,0.0,0.0,0.0,-0.1306,25.0,24.0,37.0,36.0,13.0,0.0,0.0,0.0,64.0,1.0214,0.0,0.0686,0.0,0.0
4856.0,1.7368,0.0921,1.0,0.0799,1.2021,2.0533,1.0533,2.2787,1.2787,26.5115,2.0605,26.2998,2.052,100.0,0.0,0.0,0.0,24.25,0.0,25.375,0.0,25.25,0.0,24.25,10.0,0.0,0.0123,53.407,5.3406,2.0,4.8616,1.2747,0.3325,1.3999,0.0261,1.3665,1.005e-05,1.0013,0.0006,2.5557,11.0,0.0781,1.0021,0.1838,2.4862,0.0062,1.0145,0.0462,1.8868,0.0,0.0,0.0,-0.1306,24.0,24.0,37.0,36.0,15.0,0.0,0.0,0.0,64.0,1.2541,0.0,0.0685,0.0,0.0
4857.0,1.7369,0.0921,1.0,0.0799,1.202,2.0526,1.0526,2.2783,1.2783,26.6169,2.0647,26.3194,2.0528,100.0,0.0,0.0,0.0,24.25,0.0,25.375,0.0,25.375,0.0,24.25,10.0,0.0,0.0122,53.4042,5.3403,2.0,4.8616,1.2747,0.3055,1.397,0.0222,1.3661,1.006e-05,1.0013,0.0006,2.558,11.0,0.0787,1.0021,0.1434,2.3784,0.0071,1.0711,0.0458,1.8826,0.0,0.0,0.0,-0.1303,24.0,24.0,37.0,36.0,15.0,0.0,0.0,0.0,64.0,1.4373,0.0,0.0685,0.0,0.0
4858.0,1.7369,0.0921,1.0,0.08,1.2024,2.0522,1.0522,2.2787,1.2787,26.771,2.0708,26.3138,2.0526,100.0,0.0,0.0,0.0,24.25,0.0,25.5,0.0,25.375,0.0,24.25,10.0,0.0,0.012,53.4021,5.34,2.0,5.3826,1.2924,0.9764,1.4702,0.0193,1.3657,1.006e-05,1.0013,0.0006,2.5565,11.0,0.0825,1.0022,0.1859,2.4911,0.0065,1.0363,0.0401,1.8254,0.0,0.0,0.0,-0.1306,24.0,24.0,37.0,36.0,15.0,0.0,0.0,0.0,64.0,1.5974,0.0,0.0686,0.0,0.0
4859.0,1.7378,0.0922,1.0,0.0799,1.2021,2.0527,1.0527,2.279,1.279,26.7221,2.0689,26.3011,2.052,100.0,0.0,0.0,0.0,24.125,0.0,25.5,0.0,25.375,0.0,24.375,10.0,0.0,0.0122,53.3987,5.3397,2.0,5.696,1.3022,0.8512,1.4565,0.0171,1.3655,1.006e-05,1.0013,0.0006,2.5573,11.0,0.0794,1.0021,0.2178,2.5599,0.0063,1.023,0.0522,1.9394,0.0,0.0,0.0,-0.1305,24.0,24.0,37.0,36.0,13.0,0.0,0.0,0.0,64.0,1.7042,0.0,0.0686,0.0,0.0
4860.0,1.737,0.0921,1.0,0.08,1.2023,2.0533,1.0533,2.2789,1.2789,26.6133,2.0645,26.2973,2.0519,100.0,0.0,0.0,0.0,24.25,0.0,25.375,0.0,25.375,0.0,24.25,10.0,0.0,0.0127,53.396,5.3395,2.0,5.5538,1.2978,0.7655,1.4471,0.015,1.3653,1.006e-05,1.0014,0.0006,2.5587,11.0,0.0825,1.0022,0.1621,2.4318,0.0064,1.0251,0.0524,1.9412,0.0,0.0,0.0,-0.1309,24.0,24.0,37.0,36.0,15.0,0.0,0.0,0.0,64.0,1.9358,0.0,0.0685,0.0,0.0
4861.0,1.7359,0.092,1.0,0.0799,1.2019,2.0532,1.0532,2.2783,1.2783,26.5021,2.0601,26.3033,2.0521,100.0,0.0,0.0,0.0,24.25,0.0,25.375,0.0,25.25,0.0,24.375,10.0,0.0,0.0122,53.3934,5.3392,2.0,5.5107,1.2965,0.6864,1.4385,0.0321,1.3671,1.006e-05,1.0014,0.0006,2.5573,11.0,0.0856,1.0023,0.2441,2.6093,0.0061,1.0088,0.0507,1.9271,0.0,0.0,0.0,-0.1304,25.0,24.0,37.0,36.0,12.0,0.0,0.0,0.0,64.0,2.1249,0.0,0.0688,0.0,0.0
4862.0,1.7364,0.0921,1.0,0.08,1.2022,2.0527,1.0527,2.2784,1.2784,26.5879,2.0635,26.3163,2.0527,100.0,0.0,0.0,0.0,24.25,0.0,25.375,0.0,25.25,0.0,24.25,10.0,0.0,0.0123,53.3908,5.339,2.0,5.3941,1.2928,0.5594,1.4247,0.0289,1.3668,1.006e-05,1.0014,0.0006,2.5587,11.0,0.0861,1.0023,0.2286,2.5809,0.0065,1.0379,0.0482,1.9053,0.0,0.0,0.0,-0.1303,25.0,24.0,37.0,36.0,15.0,0.0,0.0,0.0,64.0,2.3142,0.0,0.0684,0.0,0.0
4863.0,1.7369,0.0921,1.0,0.0803,1.2031,2.0522,1.0522,2.2788,1.2788,26.7338,2.0694,26.3206,2.0528,100.0,0.0,0.0,0.0,24.125,0.0,25.375,0.0,25.25,0.0,24.25,10.0,0.0,0.0119,53.3887,5.3388,2.0,5.3438,1.2911,0.5063,1.4189,0.0278,1.3667,1.006e-05,1.0015,0.0006,2.5566,11.0,0.0853,1.0023,0.2709,2.6547,0.0064,1.0264,0.0442,1.8675,0.0,0.0,0.0,-0.1308,25.0,24.0,37.0,36.0,13.0,0.0,0.0,0.0,64.0,2.4836,0.0,0.0687,0.0,0.0
4864.0,1.7375,0.0922,1.0,0.0801,1.2026,2.0527,1.0527,2.279,1.279,26.7385,2.0695,26.3043,2.0522,100.0,0.0,0.0,0.0,24.125,0.0,25.375,0.0,25.375,0.0,24.25,10.0,0.0,0.0117,53.386,5.3385,2.0,5.2611,1.2884,0.4394,1.4116,0.0223,1.3661,1.006e-05,1.0013,0.0006,2.5582,11.0,0.0808,1.0022,0.2164,2.5571,0.0053,0.9481,0.0486,1.9083,0.0,0.0,0.0,-0.1304,25.0,24.0,37.0,36.0,15.0,0.0,0.0,0.0,64.0,2.6648,0.0,0.0688,0.0,0.0
4865.0,1.7372,0.0921,1.0,0.0801,1.2025,2.0529,1.0529,2.279,1.279,26.6303,2.0652,26.2863,2.0515,100.0,0.0,0.0,0.0,24.25,0.0,25.5,0.0,25.375,0.0,24.25,10.0,0.0,0.0121,53.3836,5.3383,2.0,5.1762,1.2856,0.3726,1.4043,0.0214,1.366,1.005e-05,1.0013,0.0006,2.5562,11.0,0.079,1.0021,0.1672,2.4452,0.0059,0.9938,0.0427,1.8527,0.0,0.0,0.0,-0.1305,25.0,24.0,37.0,36.0,14.0,0.0,0.0,0.0,64.0,2.8231,0.0,0.0683,0.0,0.0
4866.0,1.7369,0.0921,1.0,0.0799,1.2019,2.0529,1.0529,2.2788,1.2788,26.5108,2.0604,26.2951,2.0518,100.0,0.0,0.0,0.0,24.25,0.0,25.5,0.0,25.375,0.0,24.125,10.0,0.0,0.0126,53.3814,5.338,2.0,5.1858,1.2859,0.3589,1.4028,0.0168,1.3655,1.005e-05,1.0012,0.0006,2.5575,11.0,0.0762,1.002,0.2316,2.5866,0.0061,1.0089,0.0525,1.9423,0.0,0.0,0.0,-0.1306,25.0,24.0,37.0,37.0,14.0,0.0,0.0,0.0,64.0,3.0048,0.0,0.0687,0.0,0.0
4867.0,1.7359,0.092,1.0,0.0798,1.2016,2.0525,1.0525,2.2786,1.2786,26.5685,2.0627,26.3143,2.0526,100.0,0.0,0.0,0.0,24.25,0.0,25.5,0.0,25.375,0.0,24.25,10.0,0.0,0.0122,53.3785,5.3377,2.0,5.2347,1.2876,0.353,1.4021,0.0203,1.3659,1.005e-05,1.0012,0.0006,2.556,11.0,0.0746,1.002,0.1884,2.497,0.0068,1.0568,0.0548,1.9609,0.0,0.0,0.0,-0.1307,25.0,24.0,37.0,37.0,13.0,0.0,0.0,0.0,64.0,3.1966,0.0,0.0687,0.0,0.0
4868.0,1.7359,0.092,1.0,0.0801,1.2025,2.0523,1.0523,2.2787,1.2787,26.7239,2.069,26.3226,2.0529,100.0,0.0,0.0,0.0,24.125,0.0,25.375,0.0,25.375,0.0,24.25,10.0,0.0,0.0124,53.3764,5.3375,2.0,5.1164,1.2836,0.2433,1.3902,0.0303,1.3669,1.005e-05,1.0013,0.0006,2.5546,11.0,0.0766,1.002,0.1798,2.4766,0.0059,0.9892,0.0509,1.9282,0.0,0.0,0.0,-0.1311,25.0,24.0,37.0,37.0,15.0,0.0,0.0,0.0,64.0,3.3788,0.0,0.0685,0.0,0.0
4869.0,1.7462,0.0933,1.0,0.08,1.2022,2.053,1.053,2.2791,1.2791,26.7378,2.0695,26.3052,2.0522,100.0,0.0,0.0,0.0,24.25,0.0,25.375,0.0,25.375,0.0,24.25,10.0,0.0,0.0121,53.3736,5.3372,2.0,5.1033,1.2831,0.2162,1.3872,0.0276,1.3666,1.005e-05,1.0012,0.0006,2.5559,11.0,0.0772,1.0021,0.1778,2.4718,0.0064,1.0283,0.0513,1.932,0.0,0.0,0.0,-0.1306,24.0,24.0,37.0,37.0,15.0,0.0,0.0,0.0,64.0,3.55,0.0,0.0688,0.0,0.0
4870.0,1.7524,0.094,1.0,0.08,1.2022,2.0532,1.0532,2.2788,1.2788,26.6342,2.0654,26.2983,2.0519,100.0,0.0,0.0,0.0,24.125,0.0,25.5,0.0,25.375,0.0,24.25,10.0,0.0,0.0123,53.3709,5.337,2.0,4.9759,1.2787,0.1234,1.3771,0.0261,1.3665,1.005e-05,1.0012,0.0006,2.5545,11.0,0.0764,1.002,0.1637,2.436,0.0057,0.975,0.0471,1.8949,0.0,0.0,0.0,-0.1305,24.0,24.0,37.0,37.0,13.0,0.0,0.0,0.0,64.0,3.714,0.0,0.0683,0.0,0.0
4871.0,1.7525,0.0941,1.0,0.0799,1.202,2.0533,1.0533,2.2788,1.2788,26.5226,2.0609,26.2956,2.0518,100.0,0.0,0.0,0.0,24.25,0.0,25.5,0.0,25.375,0.0,24.125,10.0,0.0,0.0125,53.3686,5.3367,2.0,4.8679,1.2749,0.0512,1.3692,0.0216,1.366,1.005e-05,1.0012,0.0006,2.5556,11.0,0.0796,1.0021,0.1722,2.4578,0.0062,1.0108,0.0438,1.8635,0.0,0.0,0.0,-0.1305,24.0,24.0,37.0,37.0,15.0,0.0,0.0,0.0,64.0,3.9351,0.0,0.0686,0.0,0.0
4872.0,1.7524,0.0941,1.0,0.0799,1.202,2.053,1.053,2.2787,1.2787,26.5511,2.062,26.3145,2.0526,100.0,0.0,0.0,0.0,24.25,0.0,25.375,0.0,25.25,0.0,24.125,10.0,0.0,0.0131,53.3662,5.3365,2.0,4.8862,1.2756,0.0413,1.3681,0.0219,1.366,1.005e-05,1.0013,0.0006,2.5545,11.0,0.076,1.002,0.1359,2.3551,0.006,0.9984,0.0436,1.8609,0.0,0.0,0.0,-0.1305,24.0,24.0,37.0,37.0,14.0,0.0,0.0,0.0,64.0,4.102,0.0,0.0685,0.0,0.0
4873.0,1.7543,0.0943,1.0,0.0799,1.2019,2.0527,1.0527,2.2783,1.2783,26.6915,2.0677,26.3246,2.053,100.0,0.0,0.0,0.0,24.125,0.0,25.5,0.0,25.375,0.0,24.25,10.0,0.0,0.0118,53.364,5.3363,2.0,4.7357,1.2702,-0.0764,1.3553,0.0166,1.3654,1.005e-05,1.0013,0.0006,2.5555,11.0,0.0758,1.002,0.1414,2.3722,0.0063,1.0198,0.0413,1.8381,0.0,0.0,0.0,-0.1308,25.0,24.0,37.0,37.0,15.0,0.0,0.0,0.0,64.0,4.2507,0.0,0.0686,0.0,0.0
4874.0,1.7537,0.0942,1.0,0.0799,1.202,2.0529,1.0529,2.2787,1.2787,26.7569,2.0703,26.3155,2.0526,100.0,0.0,0.0,0.0,24.125,0.0,25.375,0.0,25.375,0.0,24.25,10.0,0.0,0.0126,53.3617,5.336,2.0,4.6196,1.2658,-0.0949,1.3533,0.0167,1.3655,1.005e-05,1.0013,0.0006,2.5537,11.0,0.0759,1.002,0.1283,2.33,0.0057,0.9788,0.0592,1.994,0.0,0.0,0.0,-0.1308,25.0,24.0,37.0,36.0,14.0,0.0,0.0,0.0,64.0,4.4421,0.0,0.0687,0.0,0.0
4875.0,1.7525,0.0941,1.0,0.0798,1.2018,2.0533,1.0533,2.2788,1.2788,26.66,2.0664,26.2989,2.052,100.0,0.0,0.0,0.0,24.25,0.0,25.375,0.0,25.375,0.0,24.25,10.0,0.0,0.0123,53.3587,5.3357,2.0,4.5914,1.2648,-0.1456,1.3478,0.031,1.367,1.006e-05,1.0013,0.0006,2.5554,11.0,0.0793,1.0021,0.1072,2.2521,0.0063,1.0195,0.0522,1.9393,0.0,0.0,0.0,-0.1307,25.0,24.0,37.0,36.0,14.0,0.0,0.0,0.0,64.0,4.6127,0.0,0.0683,0.0,0.0
4876.0,1.7533,0.0942,1.0,0.0798,1.2018,2.0533,1.0533,2.2784,1.2784,26.5374,2.0615,26.2954,2.0518,100.0,0.0,0.0,0.0,24.125,0.0,25.375,0.0,25.375,0.0,24.25,10.0,0.0,0.0127,53.3565,5.3356,2.0,4.5633,1.2637,-0.165,1.3456,0.0303,1.3669,1.006e-05,1.0013,0.0006,2.5537,11.0,0.0811,1.0022,0.1164,2.2876,0.0059,0.9931,0.0496,1.9169,0.0,0.0,0.0,-0.1306,25.0,24.0,37.0,36.0,14.0,0.0,0.0,0.0,64.0,4.7826,0.0,0.0684,0.0,0.0
4877.0,1.7518,0.094,1.0,0.0799,1.2019,2.053,1.053,2.2783,1.2783,26.5369,2.0615,26.3105,2.0524,100.0,0.0,0.0,0.0,24.25,0.0,25.375,0.0,25.25,0.0,24.25,10.0,0.0,0.0124,53.3542,5.3353,2.0,4.4671,1.26,-0.2532,1.336,0.0264,1.3665,1.005e-05,1.0013,0.0006,2.5552,11.0,0.0776,1.0021,0.117,2.2901,0.0059,0.9905,0.047,1.8942,0.0,0.0,0.0,-0.1308,24.0,24.0,37.0,36.0,15.0,0.0,0.0,0.0,64.0,4.9933,0.0,0.0683,0.0,0.0
4878.0,1.7506,0.0938,1.0,0.0801,1.2026,2.0527,1.0527,2.2782,1.2782,26.683,2.0673,26.3288,2.0532,100.0,0.0,0.0,0.0,24.25,0.0,25.375,0.0,25.375,0.0,24.25,10.0,0.0,0.0123,53.3521,5.3351,2.0,4.3525,1.2555,-0.3204,1.3287,0.0227,1.3661,1.005e-05,1.0013,0.0006,2.5532,11.0,0.0786,1.0021,0.109,2.2591,0.0066,1.0444,0.0477,1.9007,0.0,0.0,0.0,-0.1307,24.0,24.0,37.0,36.0,14.0,0.0,0.0,0.0,64.0,5.1796,0.0,0.0686,0.0,0.0
4879.0,1.7436,0.093,1.0,0.0798,1.2018,2.0529,1.0529,2.2788,1.2788,26.762,2.0705,26.3099,2.0524,100.0,0.0,0.0,0.0,24.125,0.0,25.5,0.0,25.375,0.0,24.25,10.0,0.0,0.0126,53.3496,5.3348,2.0,4.3233,1.2543,-0.3078,1.3301,0.0215,1.366,1.006e-05,1.0013,0.0006,2.5551,11.0,0.0774,1.0021,0.1109,2.2668,0.0058,0.9842,0.0444,1.8696,0.0,0.0,0.0,-0.1306,24.0,24.0,37.0,36.0,14.0,0.0,0.0,0.0,64.0,5.3558,0.0,0.0687,0.0,0.0
4880.0,1.74,0.0925,1.0,0.0798,1.2018,2.0529,1.0529,2.279,1.279,26.6851,2.0674,26.2991,2.052,100.0,0.0,0.0,0.0,24.25,0.0,25.375,0.0,25.5,0.0,24.25,10.0,0.0,0.0123,53.3476,5.3347,2.0,4.2969,1.2533,-0.319,1.3288,0.0165,1.3654,1.005e-05,1.0012,0.0006,2.5535,11.0,0.0755,1.002,0.0915,2.1833,0.0063,1.0223,0.0543,1.9565,0.0,0.0,0.0,-0.1305,24.0,24.0,37.0,36.0,14.0,0.0,0.0,0.0,64.0,5.5706,0.0,0.0683,0.0,0.0
4881.0,1.739,0.0924,1.0,0.0799,1.202,2.0532,1.0532,2.2789,1.2789,26.5761,2.063,26.2952,2.0518,100.0,0.0,0.0,0.0,24.25,0.0,25.375,0.0,25.25,0.0,24.125,10.0,0.0,0.0125,53.3452,5.3344,2.0,4.2627,1.2519,-0.3293,1.3277,0.0164,1.3654,1.005e-05,1.0013,0.0006,2.5551,11.0,0.0753,1.002,0.0958,2.203,0.0061,1.0081,0.0525,1.9422,0.0,0.0,0.0,-0.1305,25.0,24.0,37.0,36.0,14.0,0.0,0.0,0.0,64.0,5.7905,0.0,0.0686,0.0,0.0
4882.0,1.738,0.0923,1.0,0.0802,1.2028,2.0531,1.0531,2.2783,1.2783,26.522,2.0609,26.308,2.0523,100.0,0.0,0.0,0.0,24.125,0.0,25.375,0.0,25.375,0.0,24.125,10.0,0.0,0.0119,53.343,5.3342,2.0,4.2226,1.2502,-0.3273,1.3279,0.03,1.3669,1.006e-05,1.0014,0.0006,2.5537,11.0,0.0804,1.0021,0.0846,2.1491,0.0055,0.9622,0.0529,1.9451,0.0,0.0,0.0,-0.1307,25.0,24.0,37.0,36.0,12.0,0.0,0.0,0.0,64.0,5.9864,0.0,0.0687,0.0,0.0
4883.0,1.7399,0.0925,1.0,0.0801,1.2026,2.0527,1.0527,2.2782,1.2782,26.6555,2.0662,26.321,2.0528,100.0,0.0,0.0,0.0,24.25,0.0,25.375,0.0,25.375,0.0,24.25,10.0,0.0,0.0118,53.3405,5.3339,2.0,4.2999,1.2534,-0.283,1.3328,0.0313,1.3671,1.006e-05,1.0013,0.0006,2.5552,11.0,0.0797,1.0021,0.0785,2.1168,0.0065,1.0349,0.0622,2.0155,0.0,0.0,0.0,-0.1306,25.0,24.0,37.0,36.0,15.0,0.0,0.0,0.0,64.0,6.1829,0.0,0.0684,0.0,0.0
4884.0,1.7392,0.0924,1.0,0.08,1.2024,2.0524,1.0524,2.2785,1.2785,26.7629,2.0705,26.3128,2.0525,100.0,0.0,0.0,0.0,24.25,0.0,25.375,0.0,25.375,0.0,24.375,10.0,0.0,0.0121,53.3384,5.3337,2.0,4.2649,1.252,-0.3008,1.3308,0.0277,1.3667,1.006e-05,1.0014,0.0006,2.5528,11.0,0.0827,1.0022,0.0883,2.1678,0.0065,1.0315,0.0575,1.9814,0.0,0.0,0.0,-0.1308,25.0,24.0,37.0,36.0,15.0,0.0,0.0,0.0,64.0,6.2766,0.0,0.0687,0.0,0.0
4885.0,1.739,0.0924,1.0,0.0801,1.2025,2.0533,1.0533,2.2786,1.2786,26.7051,2.0682,26.2993,2.052,100.0,0.0,0.0,0.0,24.25,0.0,25.5,0.0,25.375,0.0,24.25,10.0,0.0,0.0118,53.336,5.3335,2.0,4.209,1.2497,-0.3252,1.3282,0.0263,1.3665,1.007e-05,1.0015,0.0006,2.5553,11.0,0.0841,1.0022,0.076,2.1029,0.0054,0.9514,0.0704,2.0692,0.0,0.0,0.0,-0.1305,25.0,24.0,37.0,36.0,14.0,0.0,0.0,0.0,64.0,6.4967,0.0,0.0689,0.0,0.0
4886.0,1.7415,0.0927,1.0,0.0799,1.202,2.0533,1.0533,2.2786,1.2786,26.5956,2.0638,26.2952,2.0518,100.0,0.0,0.0,0.0,24.25,0.0,25.375,0.0,25.375,0.0,24.25,10.0,0.0,0.0122,53.3338,5.3333,2.0,4.2583,1.2517,-0.2341,1.3381,0.0232,1.3662,1.006e-05,1.0014,0.0006,2.5528,11.0,0.0797,1.0021,0.0669,2.0473,0.0054,0.9582,0.0673,2.0501,0.0,0.0,0.0,-0.1306,24.0,24.0,37.0,36.0,13.0,0.0,0.0,0.0,64.0,6.777,0.0,0.0684,0.0,0.0
4887.0,1.743,0.0929,1.0,0.0802,1.2028,2.0533,1.0533,2.2783,1.2783,26.5094,2.0604,26.3095,2.0524,100.0,0.0,0.0,0.0,24.25,0.0,25.375,0.0,25.375,0.0,24.125,10.0,0.0,0.0125,53.3317,5.3331,2.0,4.3076,1.2537,-0.2142,1.3403,0.0198,1.3658,1.006e-05,1.0014,0.0006,2.5548,11.0,0.0814,1.0022,0.07,2.0668,0.0057,0.9742,0.0701,2.0675,0.0,0.0,0.0,-0.131,24.0,24.0,37.0,36.0,14.0,0.0,0.0,0.0,64.0,6.9057,0.0,0.0685,0.0,0.0
4888.0,1.7381,0.0923,1.0,0.0802,1.2028,2.0526,1.0526,2.2785,1.2785,26.6204,2.0648,26.3209,2.0528,100.0,0.0,0.0,0.0,24.25,0.0,25.5,0.0,25.375,0.0,24.25,10.0,0.0,0.0123,53.3292,5.3328,2.0,4.3478,1.2553,-0.2031,1.3415,0.0183,1.3656,1.006e-05,1.0014,0.0006,2.5529,11.0,0.0823,1.0022,0.0677,2.0523,0.0072,1.078,0.0673,2.0498,0.0,0.0,0.0,-0.1304,24.0,24.0,37.0,36.0,13.0,0.0,0.0,0.0,64.0,7.1236,0.0,0.0684,0.0,0.0
4889.0,1.7408,0.0926,1.0,0.0804,1.2033,2.0523,1.0523,2.279,1.279,26.7631,2.0705,26.3076,2.0523,100.0,0.0,0.0,0.0,24.25,0.0,25.375,0.0,25.375,0.0,24.25,10.0,0.0,0.0127,53.3269,5.3326,2.0,4.2529,1.2515,-0.2463,1.3368,0.0318,1.3671,1.006e-05,1.0014,0.0006,2.5548,11.0,0.0838,1.0022,0.0696,2.0646,0.0054,0.9547,0.0782,2.1148,0.0,0.0,0.0,-0.1308,24.0,24.0,37.0,36.0,14.0,0.0,0.0,0.0,64.0,7.2964,0.0,0.0688,0.0,0.0
4890.0,1.742,0.0928,1.0,0.0798,1.2017,2.0528,1.0528,2.2791,1.2791,26.7186,2.0687,26.3007,2.052,100.0,0.0,0.0,0.0,24.375,0.0,25.5,0.0,25.25,0.0,24.25,10.0,0.0,0.0119,53.325,5.3323,2.0,4.2943,1.2532,-0.1832,1.3437,0.0326,1.3672,1.006e-05,1.0015,0.0006,2.553,11.0,0.0862,1.0023,0.1116,2.2697,0.0054,0.9503,0.0718,2.078,0.0,0.0,0.0,-0.1306,24.0,24.0,37.0,36.0,13.0,0.0,0.0,0.0,64.0,7.4836,0.0,0.0685,0.0,0.0
4891.0,1.7427,0.0928,1.0,0.08,1.2023,2.0528,1.0528,2.279,1.279,26.6072,2.0643,26.2959,2.0518,100.0,0.0,0.0,0.0,24.125,0.0,25.375,0.0,25.375,0.0,24.25,10.0,0.0,0.0122,53.3223,5.3321,2.0,4.2761,1.2524,-0.2397,1.3375,0.0278,1.3667,1.006e-05,1.0014,0.0006,2.552,11.0,0.0852,1.0023,0.1289,2.3322,0.0062,1.0154,0.0644,2.0305,0.0,0.0,0.0,-0.1307,24.0,24.0,37.0,36.0,15.0,0.0,0.0,0.0,64.0,7.4754,0.0,0.0685,0.0,0.0
4892.0,1.744,0.093,1.0,0.0798,1.2017,2.0529,1.0529,2.2788,1.2788,26.5098,2.0604,26.2963,2.0519,100.0,0.0,0.0,0.0,24.25,0.0,25.375,0.0,25.375,0.0,24.25,10.0,0.0,0.0119,53.3203,5.3319,2.0,4.1721,1.2481,-0.3301,1.3276,0.027,1.3666,1.006e-05,1.0013,0.0006,2.5523,11.0,0.0792,1.0021,0.1101,2.2637,0.0062,1.0111,0.0646,2.0319,0.0,0.0,0.0,-0.1304,24.0,24.0,37.0,36.0,15.0,0.0,0.0,0.0,64.0,7.8843,0.0,0.0683,0.0,0.0
4893.0,1.7461,0.0933,1.0,0.08,1.2021,2.0529,1.0529,2.2782,1.2782,26.5917,2.0637,26.3161,2.0526,100.0,0.0,0.0,0.0,24.125,0.0,25.375,0.0,25.375,0.0,24.375,10.0,0.0,0.0117,53.3185,5.3318,2.0,4.0737,1.244,-0.3738,1.3229,0.022,1.366,1.006e-05,1.0014,0.0006,2.5538,11.0,0.0788,1.0021,0.1013,2.2273,0.0062,1.0116,0.0681,2.0549,0.0,0.0,0.0,-0.131,24.0,24.0,37.0,36.0,15.0,0.0,0.0,0.0,64.0,8.0947,0.0,0.0685,0.0,0.0
4894.0,1.7418,0.0927,1.0,0.08,1.2023,2.0527,1.0527,2.2785,1.2785,26.7601,2.0704,26.3151,2.0526,100.0,0.0,0.0,0.0,24.125,0.0,25.375,0.0,25.375,0.0,24.125,10.0,0.0,0.0128,53.3158,5.3314,2.0,4.0408,1.2426,-0.3528,1.3251,0.0193,1.3657,1.006e-05,1.0013,0.0006,2.5534,11.0,0.0797,1.0021,0.1868,2.4932,0.0066,1.0413,0.0681,2.0548,0.0,0.0,0.0,-0.1304,24.0,24.0,37.0,36.0,12.0,0.0,0.0,0.0,64.0,8.1033,0.0,0.0685,0.0,0.0
4895.0,1.7391,0.0924,1.0,0.0799,1.2021,2.053,1.053,2.2788,1.2788,26.7313,2.0693,26.3029,2.0521,100.0,0.0,0.0,0.0,24.125,0.0,25.375,0.0,25.375,0.0,24.25,10.0,0.0,0.0125,53.3139,5.3313,2.0,4.0635,1.2436,-0.3448,1.326,0.0168,1.3655,1.006e-05,1.0013,0.0006,2.551,11.0,0.0781,1.0021,0.1446,2.3819,0.0062,1.016,0.0639,2.027,0.0,0.0,0.0,-0.1303,24.0,24.0,37.0,37.0,14.0,0.0,0.0,0.0,64.0,8.4129,0.0,0.0686,0.0,0.0
4896.0,1.7379,0.0922,1.0,0.08,1.2024,2.0529,1.0529,2.279,1.279,26.6267,2.0651,26.2871,2.0515,100.0,0.0,0.0,0.0,24.25,0.0,25.375,0.0,25.375,0.0,24.125,10.0,0.0,0.0125,53.3117,5.3311,2.0,4.0798,1.2443,-0.3291,1.3277,0.0151,1.3653,1.006e-05,1.0014,0.0006,2.5535,11.0,0.0819,1.0022,0.1533,2.4075,0.0059,0.9913,0.0535,1.9506,0.0,0.0,0.0,-0.1306,24.0,24.0,37.0,37.0,14.0,0.0,0.0,0.0,64.0,8.5893,0.0,0.0688,0.0,0.0
4897.0,1.7379,0.0922,1.0,0.0799,1.2019,2.0529,1.0529,2.2788,1.2788,26.5175,2.0607,26.2856,2.0514,100.0,0.0,0.0,0.0,24.25,0.0,25.375,0.0,25.375,0.0,24.25,10.0,0.0,0.0118,53.3095,5.3308,2.0,3.9957,1.2406,-0.317,1.3291,0.0315,1.3671,1.006e-05,1.0014,0.0006,2.5511,11.0,0.0809,1.0022,0.1419,2.374,0.0065,1.0334,0.054,1.9539,0.0,0.0,0.0,-0.1307,24.0,24.0,37.0,37.0,14.0,0.0,0.0,0.0,64.0,8.7432,0.0,0.0685,0.0,0.0
4898.0,1.7379,0.0922,1.0,0.0801,1.2025,2.0525,1.0525,2.2786,1.2786,26.5715,2.0629,26.306,2.0522,100.0,0.0,0.0,0.0,24.25,0.0,25.375,0.0,25.25,0.0,24.25,10.0,0.0,0.0122,53.3073,5.3307,2.0,4.0836,1.2444,-0.2373,1.3378,0.0283,1.3667,1.006e-05,1.0014,0.0006,2.5529,11.0,0.0802,1.0021,0.2025,2.5284,0.0068,1.0556,0.0525,1.9418,0.0,0.0,0.0,-0.1305,24.0,24.0,37.0,37.0,14.0,0.0,0.0,0.0,64.0,8.9689,0.0,0.0688,0.0,0.0
4899.0,1.7369,0.0921,1.0,0.08,1.2022,2.0523,1.0523,2.2788,1.2788,26.7386,2.0695,26.3197,2.0528,100.0,0.0,0.0,0.0,24.25,0.0,25.5,0.0,25.375,0.0,24.25,10.0,0.0,0.0122,53.3053,5.3304,2.0,4.2304,1.2506,-0.1306,1.3494,0.0268,1.3666,1.006e-05,1.0013,0.0006,2.551,11.0,0.0783,1.0021,0.1851,2.4892,0.0055,0.9655,0.0522,1.9395,0.0,0.0,0.0,-0.1306,24.0,24.0,37.0,36.0,12.0,0.0,0.0,0.0,64.0,9.128,0.0,0.0681,0.0,0.0
4900.0,1.7369,0.0921,1.0,0.0798,1.2018,2.0528,1.0528,2.2791,1.2791,26.7487,2.0699,26.3036,2.0521,100.0,0.0,0.0,0.0,24.25,0.0,25.5,0.0,25.375,0.0,24.25,10.0,0.0,0.0117,53.3029,5.3302,2.0,4.2168,1.25,-0.1436,1.348,0.0217,1.366,1.006e-05,1.0013,0.0006,2.5536,11.0,0.0764,1.002,0.1574,2.4187,0.0067,1.0451,0.0637,2.0257,0.0,0.0,0.0,-0.1309,24.0,24.0,37.0,36.0,14.0,0.0,0.0,0.0,64.0,9.2855,0.0,0.0682,0.0,0.0
4901.0,1.7369,0.0921,1.0,0.0797,1.2015,2.0531,1.0531,2.279,1.279,26.6385,2.0655,26.2984,2.0519,100.0,0.0,0.0,0.0,24.125,0.0,25.5,0.0,25.375,0.0,24.25,10.0,0.0,0.0113,53.301,5.33,2.0,4.1763,1.2483,-0.1463,1.3477,0.0216,1.366,1.005e-05,1.0012,0.0006,2.5516,11.0,0.0759,1.002,0.1857,2.4907,0.0052,0.9419,0.0582,1.9867,0.0,0.0,0.0,-0.1305,24.0,24.0,37.0,36.0,13.0,0.0,0.0,0.0,64.0,9.4759,0.0,0.0684,0.0,0.0
4902.0,1.7385,0.0923,1.0,0.0801,1.2025,2.0529,1.0529,2.2788,1.2788,26.5203,2.0608,26.284,2.0514,100.0,0.0,0.0,0.0,24.25,0.0,25.375,0.0,25.375,0.0,24.375,10.0,0.0,0.0123,53.299,5.3298,2.0,4.277,1.2525,-0.0798,1.3549,0.0169,1.3655,1.006e-05,1.0013,0.0006,2.5509,11.0,0.0764,1.002,0.2332,2.5897,0.0061,1.0054,0.0558,1.9686,0.0,0.0,0.0,-0.1308,24.0,24.0,37.0,36.0,15.0,0.0,0.0,0.0,64.0,9.6253,0.0,0.0682,0.0,0.0
4903.0,1.7393,0.0924,1.0,0.08,1.2022,2.0525,1.0525,2.2787,1.2787,26.5581,2.0623,26.305,2.0522,100.0,0.0,0.0,0.0,24.25,0.0,25.375,0.0,25.375,0.0,24.25,10.0,0.0,0.0127,53.2973,5.3296,2.0,4.2898,1.253,-0.0932,1.3535,0.0341,1.3674,1.005e-05,1.0012,0.0006,2.5514,11.0,0.0777,1.0021,0.2408,2.6035,0.0063,1.0238,0.051,1.9292,0.0,0.0,0.0,-0.1307,24.0,24.0,37.0,36.0,14.0,0.0,0.0,0.0,64.0,9.821,0.0,0.0683,0.0,0.0
4904.0,1.742,0.0928,1.0,0.08,1.2023,2.0522,1.0522,2.2787,1.2787,26.7218,2.0689,26.3189,2.0528,100.0,0.0,0.0,0.0,24.125,0.0,25.5,0.0,25.375,0.0,24.25,10.0,0.0,0.0122,53.2949,5.3294,2.0,4.2603,1.2518,-0.1225,1.3503,0.03,1.3669,1.005e-05,1.0013,0.0006,2.5532,11.0,0.0781,1.0021,0.1981,2.5188,0.0065,1.0366,0.0519,1.9368,0.0,0.0,0.0,-0.1307,24.0,24.0,37.0,36.0,12.0,0.0,0.0,0.0,64.0,9.9936,0.0,0.0686,0.0,0.0
4905.0,1.7403,0.0925,1.0,0.0798,1.2017,2.0525,1.0525,2.2791,1.2791,26.7559,2.0702,26.3064,2.0523,100.0,0.0,0.0,0.0,24.25,0.0,25.375,0.0,25.375,0.0,24.25,10.0,0.0,0.0121,53.2931,5.3292,2.0,4.1952,1.2491,-0.124,1.3501,0.0292,1.3668,1.006e-05,1.0013,0.0006,2.5517,11.0,0.0766,1.002,0.2122,2.5486,0.0055,0.9617,0.0543,1.9564,0.0,0.0,0.0,-0.1307,24.0,24.0,37.0,36.0,14.0,0.0,0.0,0.0,64.0,10.1778,0.0,0.0681,0.0,0.0
4906.0,1.7401,0.0925,1.0,0.0798,1.2017,2.0529,1.0529,2.279,1.279,26.6544,2.0662,26.2866,2.0515,100.0,0.0,0.0,0.0,24.125,0.0,25.375,0.0,25.375,0.0,24.25,10.0,0.0,0.0124,53.2903,5.3289,2.0,4.2589,1.2517,-0.0882,1.354,0.0259,1.3665,1.005e-05,1.0012,0.0006,2.5541,11.0,0.0782,1.0021,0.2111,2.5464,0.0065,1.0349,0.0516,1.9347,0.0,0.0,0.0,-0.1309,25.0,24.0,37.0,36.0,13.0,0.0,0.0,0.0,64.0,10.3284,0.0,0.0685,0.0,0.0
4907.0,1.742,0.0928,1.0,0.0799,1.2019,2.0526,1.0526,2.2791,1.2791,26.5397,2.0616,26.2838,2.0514,100.0,0.0,0.0,0.0,24.25,0.0,25.375,0.0,25.375,0.0,24.25,10.0,0.0,0.0114,53.2882,5.3287,2.0,4.2371,1.2508,-0.0863,1.3542,0.0228,1.3661,1.006e-05,1.0014,0.0006,2.5513,11.0,0.077,1.0021,0.199,2.5207,0.0061,1.008,0.0453,1.878,0.0,0.0,0.0,-0.1307,25.0,24.0,37.0,36.0,15.0,0.0,0.0,0.0,64.0,10.5116,0.0,0.0686,0.0,0.0
4908.0,1.7411,0.0926,1.0,0.0799,1.202,2.0526,1.0526,2.2786,1.2786,26.5306,2.0612,26.3016,2.0521,100.0,0.0,0.0,0.0,24.25,0.0,25.375,0.0,25.375,0.0,24.25,10.0,0.0,0.012,53.286,5.3285,2.0,4.2694,1.2521,-0.1123,1.3514,0.0224,1.3661,1.006e-05,1.0014,0.0006,2.5537,11.0,0.0799,1.0021,0.2595,2.636,0.0066,1.043,0.0786,2.1174,0.0,0.0,0.0,-0.1304,25.0,24.0,37.0,36.0,13.0,0.0,0.0,0.0,64.0,10.7008,0.0,0.0685,0.0,0.0
4909.0,1.7428,0.0929,1.0,0.08,1.2023,2.0522,1.0522,2.2786,1.2786,26.7057,2.0682,26.3184,2.0527,100.0,0.0,0.0,0.0,24.25,0.0,25.5,0.0,25.375,0.0,24.25,10.0,0.0,0.0127,53.2837,5.3283,2.0,4.1954,1.2491,-0.1349,1.3489,0.0183,1.3656,1.006e-05,1.0015,0.0006,2.5514,11.0,0.0821,1.0022,0.2034,2.5302,0.0062,1.0123,0.0768,2.1075,0.0,0.0,0.0,-0.1309,25.0,24.0,37.0,36.0,13.0,0.0,0.0,0.0,64.0,10.8781,0.0,0.0687,0.0,0.0
4910.0,1.7426,0.0928,1.0,0.0799,1.2021,2.0524,1.0524,2.279,1.279,26.7604,2.0704,26.2992,2.052,100.0,0.0,0.0,0.0,24.25,0.0,25.375,0.0,25.375,0.0,24.25,10.0,0.0,0.0119,53.2823,5.3281,2.0,4.1933,1.249,-0.1129,1.3513,0.0201,1.3658,1.006e-05,1.0015,0.0006,2.5534,11.0,0.0848,1.0023,0.2219,2.568,0.0069,1.0622,0.063,2.0215,0.0,0.0,0.0,-0.1311,25.0,24.0,37.0,36.0,16.0,0.0,0.0,0.0,64.0,11.0255,0.0,0.0684,0.0,0.0
4911.0,1.7387,0.0923,1.0,0.08,1.2023,2.0526,1.0526,2.2791,1.2791,26.6766,2.0671,26.2886,2.0515,100.0,0.0,0.0,0.0,24.25,0.0,25.375,0.0,25.375,0.0,24.25,10.0,0.0,0.0118,53.2803,5.3279,2.0,4.1845,1.2487,-0.1463,1.3477,0.0322,1.3671,1.006e-05,1.0015,0.0006,2.552,11.0,0.0864,1.0023,0.2207,2.5656,0.0062,1.013,0.0619,2.0133,0.0,0.0,0.0,-0.1307,25.0,24.0,37.0,36.0,14.0,0.0,0.0,0.0,64.0,11.218,0.0,0.0686,0.0,0.0
4912.0,1.7368,0.0921,1.0,0.0803,1.203,2.0529,1.0529,2.2789,1.2789,26.5612,2.0624,26.2891,2.0516,100.0,0.0,0.0,0.0,24.25,0.0,25.375,0.0,25.375,0.0,24.25,10.0,0.0,0.0126,53.2779,5.3277,2.0,4.1628,1.2478,-0.1681,1.3453,0.0319,1.3671,1.006e-05,1.0014,0.0006,2.5541,11.0,0.0845,1.0023,0.1963,2.5147,0.0066,1.039,0.0606,2.004,0.0,0.0,0.0,-0.1306,25.0,24.0,37.0,36.0,13.0,0.0,0.0,0.0,64.0,11.375,0.0,0.0686,0.0,0.0
4913.0,1.7365,0.0921,1.0,0.0801,1.2027,2.053,1.053,2.2783,1.2783,26.53,2.0612,26.3099,2.0524,100.0,0.0,0.0,0.0,24.25,0.0,25.5,0.0,25.375,0.0,24.25,10.0,0.0,0.0118,53.2759,5.3275,2.0,4.0531,1.2431,-0.2423,1.3372,0.0278,1.3667,1.006e-05,1.0014,0.0006,2.5521,11.0,0.0839,1.0022,0.1767,2.4691,0.0057,0.9799,0.0584,1.9884,0.0,0.0,0.0,-0.1304,25.0,24.0,37.0,36.0,14.0,0.0,0.0,0.0,64.0,11.572,0.0,0.0682,0.0,0.0
4914.0,1.7368,0.0921,1.0,0.08,1.2023,2.0523,1.0523,2.2782,1.2782,26.6576,2.0663,26.3219,2.0529,100.0,0.0,0.0,0.0,24.125,0.0,25.375,0.0,25.375,0.0,24.25,10.0,0.0,0.0127,53.2743,5.3273,2.0,4.0058,1.2411,-0.2368,1.3378,0.0243,1.3663,1.006e-05,1.0014,0.0006,2.5534,11.0,0.0801,1.0021,0.1783,2.473,0.0059,0.9932,0.0568,1.9765,0.0,0.0,0.0,-0.1305,25.0,24.0,37.0,36.0,13.0,0.0,0.0,0.0,64.0,11.7282,0.0,0.0687,0.0,0.0
4915.0,1.7369,0.0921,1.0,0.0799,1.2019,2.0524,1.0524,2.279,1.279,26.7628,2.0705,26.311,2.0524,100.0,0.0,0.0,0.0,24.125,0.0,25.375,0.0,25.25,0.0,24.25,10.0,0.0,0.0122,53.272,5.3271,2.0,4.0467,1.2428,-0.2031,1.3415,0.0225,1.3661,1.006e-05,1.0013,0.0006,2.552,11.0,0.0806,1.0021,0.2705,2.6541,0.0062,1.0122,0.0561,1.971,0.0,0.0,0.0,-0.1306,25.0,24.0,37.0,36.0,15.0,0.0,0.0,0.0,64.0,11.9318,0.0,0.0688,0.0,0.0
4916.0,1.7369,0.0921,1.0,0.0802,1.2029,2.0528,1.0528,2.2793,1.2793,26.6923,2.0677,26.3003,2.052,100.0,0.0,0.0,0.0,24.125,0.0,25.375,0.0,25.375,0.0,24.25,10.0,0.0,0.0125,53.2701,5.327,2.0,4.1685,1.248,-0.0825,1.3546,0.0174,1.3655,1.006e-05,1.0013,0.0006,2.5507,11.0,0.079,1.0021,0.2203,2.5648,0.0059,0.9898,0.0527,1.9437,0.0,0.0,0.0,-0.1309,25.0,24.0,37.0,36.0,13.0,0.0,0.0,0.0,64.0,12.1077,0.0,0.0681,0.0,0.0
4917.0,1.7359,0.092,1.0,0.08,1.2022,2.0528,1.0528,2.2789,1.2789,26.5834,2.0633,26.2964,2.0519,100.0,0.0,0.0,0.0,24.25,0.0,25.5,0.0,25.375,0.0,24.25,10.0,0.0,0.012,53.2683,5.3267,2.0,4.1456,1.247,-0.1151,1.3511,0.0265,1.3665,1.006e-05,1.0013,0.0006,2.5519,11.0,0.0747,1.002,0.268,2.65,0.0054,0.955,0.0474,1.8981,0.0,0.0,0.0,-0.1309,25.0,24.0,37.0,36.0,15.0,0.0,0.0,0.0,64.0,12.2975,0.0,0.0685,0.0,0.0
4918.0,1.735,0.0919,1.0,0.0799,1.2019,2.0531,1.0531,2.2786,1.2786,26.5215,2.0609,26.3034,2.0521,100.0,0.0,0.0,0.0,24.125,0.0,25.375,0.0,25.375,0.0,24.25,10.0,0.0,0.0116,53.2663,5.3265,2.0,4.1485,1.2472,-0.1465,1.3477,0.0319,1.3671,1.006e-05,1.0014,0.0006,2.5512,11.0,0.0802,1.0021,0.2169,2.558,0.0055,0.9623,0.0461,1.8851,0.0,0.0,0.0,-0.1311,25.0,24.0,37.0,36.0,14.0,0.0,0.0,0.0,64.0,12.4648,0.0,0.0683,0.0,0.0
4919.0,1.731,0.0914,1.0,0.08,1.2023,2.0524,1.0524,2.2782,1.2782,26.6439,2.0658,26.3213,2.0529,100.0,0.0,0.0,0.0,24.125,0.0,25.375,0.0,25.25,0.0,24.25,10.0,0.0,0.0119,53.2639,5.3263,2.0,4.1297,1.2464,-0.0811,1.3548,0.0327,1.3672,1.006e-05,1.0014,0.0006,2.5521,11.0,0.0841,1.0022,0.2696,2.6525,0.0061,1.0089,0.0461,1.8852,0.0,0.0,0.0,-0.1309,24.0,24.0,37.0,36.0,15.0,0.0,0.0,0.0,64.0,12.6909,0.0,0.0683,0.0,0.0
4920.0,1.734,0.0917,1.0,0.0802,1.2029,2.0523,1.0523,2.2786,1.2786,26.7622,2.0705,26.3137,2.0525,100.0,0.0,0.0,0.0,24.125,0.0,25.375,0.0,25.375,0.0,24.25,10.0,0.0,0.0124,53.2622,5.3261,2.0,4.2167,1.25,-0.039,1.3594,0.0274,1.3666,1.006e-05,1.0014,0.0006,2.5509,11.0,0.0842,1.0022,0.2288,2.5814,0.0063,1.0237,0.0461,1.8852,0.0,0.0,0.0,-0.1307,24.0,24.0,37.0,36.0,14.0,0.0,0.0,0.0,64.0,12.8572,0.0,0.0685,0.0,0.0
4921.0,1.7358,0.092,1.0,0.0802,1.2028,2.0528,1.0528,2.2787,1.2787,26.7123,2.0685,26.3008,2.052,100.0,0.0,0.0,0.0,24.125,0.0,25.375,0.0,25.375,0.0,24.25,10.0,0.0,0.0126,53.2604,5.3259,2.0,4.2881,1.2529,0.0324,1.3672,0.0237,1.3662,1.006e-05,1.0014,0.0006,2.5524,11.0,0.0803,1.0021,0.2613,2.6389,0.0061,1.0054,0.0457,1.8818,0.0,0.0,0.0,-0.1306,24.0,24.0,37.0,36.0,15.0,0.0,0.0,0.0,64.0,13.0487,0.0,0.0681,0.0,0.0
4922.0,1.7368,0.0921,1.0,0.0802,1.2029,2.0529,1.0529,2.279,1.279,26.6112,2.0644,26.2972,2.0519,100.0,0.0,0.0,0.0,24.125,0.0,25.375,0.0,25.375,0.0,24.25,10.0,0.0,0.0123,53.2588,5.3258,2.0,4.3283,1.2545,0.045,1.3685,0.0221,1.366,1.006e-05,1.0013,0.0006,2.5505,11.0,0.0785,1.0021,0.2562,2.6305,0.0067,1.0483,0.043,1.8553,0.0,0.0,0.0,-0.1308,24.0,24.0,37.0,36.0,13.0,0.0,0.0,0.0,64.0,13.2365,0.0,0.0687,0.0,0.0
4923.0,1.7369,0.0921,1.0,0.0799,1.2019,2.0532,1.0532,2.2787,1.2787,26.5096,2.0604,26.3008,2.052,100.0,0.0,0.0,0.0,24.125,0.0,25.375,0.0,25.25,0.0,24.25,10.0,0.0,0.0129,53.2565,5.3256,2.0,4.2642,1.2519,-0.0343,1.3599,0.0178,1.3656,1.005e-05,1.0012,0.0006,2.5522,11.0,0.077,1.0021,0.1969,2.516,0.0057,0.9813,0.04,1.8241,0.0,0.0,0.0,-0.1307,24.0,24.0,37.0,36.0,14.0,0.0,0.0,0.0,64.0,13.4092,0.0,0.0687,0.0,0.0
4924.0,1.7369,0.0921,1.0,0.0798,1.2017,2.0527,1.0527,2.2786,1.2786,26.6165,2.0647,26.3199,2.0528,100.0,0.0,0.0,0.0,24.25,0.0,25.375,0.0,25.375,0.0,24.25,10.0,0.0,0.0125,53.2544,5.3253,2.0,4.203,1.2494,-0.0481,1.3584,0.0309,1.367,1.006e-05,1.0013,0.0006,2.5512,11.0,0.0766,1.002,0.1891,2.4986,0.0056,0.9706,0.0363,1.7819,0.0,0.0,0.0,-0.1305,24.0,24.0,37.0,36.0,13.0,0.0,0.0,0.0,64.0,13.6216,0.0,0.0684,0.0,0.0
4925.0,1.7379,0.0922,1.0,0.0798,1.2017,2.0526,1.0526,2.2793,1.2793,26.7603,2.0704,26.3143,2.0526,100.0,0.0,0.0,0.0,24.25,0.0,25.5,0.0,25.375,0.0,24.375,10.0,0.0,0.0121,53.2522,5.3251,2.0,4.1704,1.2481,-0.0852,1.3543,0.0312,1.367,1.006e-05,1.0013,0.0006,2.5499,11.0,0.0783,1.0021,0.2113,2.5467,0.0067,1.0467,0.0349,1.7653,0.0,0.0,0.0,-0.131,24.0,24.0,37.0,36.0,15.0,0.0,0.0,0.0,64.0,13.8179,0.0,0.0684,0.0,0.0
4926.0,1.7379,0.0922,1.0,0.0799,1.2019,2.0528,1.0528,2.2795,1.2795,26.7403,2.0696,26.3012,2.052,100.0,0.0,0.0,0.0,24.25,0.0,25.5,0.0,25.375,0.0,24.25,10.0,0.0,0.0123,53.2507,5.325,2.0,4.1579,1.2475,-0.0875,1.3541,0.0312,1.367,1.006e-05,1.0014,0.0006,2.551,11.0,0.0808,1.0022,0.1743,2.4632,0.0059,0.996,0.0337,1.7497,0.0,0.0,0.0,-0.1311,24.0,24.0,37.0,36.0,15.0,0.0,0.0,0.0,64.0,13.9949,0.0,0.0686,0.0,0.0
4927.0,1.7385,0.0923,1.0,0.0801,1.2026,2.0529,1.0529,2.2794,1.2794,26.6125,2.0645,26.2871,2.0515,100.0,0.0,0.0,0.0,24.25,0.0,25.375,0.0,25.25,0.0,24.25,10.0,0.0,0.0128,53.2484,5.3247,2.0,4.1778,1.2484,-0.087,1.3541,0.0276,1.3666,1.006e-05,1.0015,0.0006,2.5498,11.0,0.0855,1.0023,0.2693,2.6521,0.0053,0.9501,0.0343,1.7567,0.0,0.0,0.0,-0.131,24.0,24.0,37.0,36.0,14.0,0.0,0.0,0.0,64.0,14.1909,0.0,0.0681,0.0,0.0
4928.0,1.7399,0.0925,1.0,0.0804,1.2033,2.0529,1.0529,2.2788,1.2788,26.5111,2.0604,26.2982,2.0519,100.0,0.0,0.0,0.0,24.25,0.0,25.5,0.0,25.375,0.0,24.25,10.0,0.0,0.0126,53.2463,5.3245,2.0,4.1294,1.2464,-0.1377,1.3486,0.0252,1.3664,1.006e-05,1.0014,0.0006,2.5518,11.0,0.0841,1.0022,0.2149,2.5541,0.0058,0.9831,0.0322,1.7302,0.0,0.0,0.0,-0.131,24.0,24.0,37.0,36.0,15.0,0.0,0.0,0.0,64.0,14.3742,0.0,0.0688,0.0,0.0
4929.0,1.7439,0.093,1.0,0.0797,1.2016,2.0528,1.0528,2.2786,1.2786,26.5997,2.064,26.3184,2.0527,100.0,0.0,0.0,0.0,24.125,0.0,25.375,0.0,25.375,0.0,24.25,10.0,0.0,0.0119,53.2445,5.3244,2.0,4.1648,1.2478,-0.0521,1.358,0.0214,1.366,1.005e-05,1.0012,0.0006,2.55,11.0,0.077,1.0021,0.2538,2.6264,0.0063,1.0228,0.0327,1.7363,0.0,0.0,0.0,-0.1309,24.0,24.0,37.0,36.0,16.0,0.0,0.0,0.0,64.0,14.5919,0.0,0.0683,0.0,0.0
4930.0,1.7393,0.0924,1.0,0.0798,1.2016,2.0526,1.0526,2.2788,1.2788,26.7616,2.0705,26.3188,2.0528,100.0,0.0,0.0,0.0,24.25,0.0,25.5,0.0,25.375,0.0,24.25,10.0,0.0,0.0122,53.2426,5.3242,2.0,4.1329,1.2465,-0.1136,1.3512,0.0177,1.3656,1.005e-05,1.0012,0.0006,2.5518,11.0,0.0764,1.002,0.2077,2.5392,0.0063,1.0192,0.0468,1.8917,0.0,0.0,0.0,-0.1301,24.0,24.0,37.0,36.0,14.0,0.0,0.0,0.0,64.0,14.7774,0.0,0.0686,0.0,0.0
4931.0,1.739,0.0924,1.0,0.0802,1.2027,2.0527,1.0527,2.2791,1.2791,26.7527,2.0701,26.3058,2.0522,100.0,0.0,0.0,0.0,24.25,0.0,25.5,0.0,25.375,0.0,24.25,10.0,0.0,0.0123,53.2409,5.324,2.0,4.026,1.2419,-0.1977,1.3421,0.0286,1.3668,1.006e-05,1.0013,0.0006,2.5493,11.0,0.0801,1.0021,0.2489,2.6178,0.0057,0.9756,0.0481,1.9041,0.0,0.0,0.0,-0.1307,25.0,24.0,37.0,36.0,13.0,0.0,0.0,0.0,64.0,14.4668,0.0,0.0686,0.0,0.0
4932.0,1.7384,0.0923,1.0,0.0799,1.2021,2.0529,1.0529,2.2791,1.2791,26.6341,2.0654,26.2967,2.0519,100.0,0.0,0.0,0.0,24.125,0.0,25.375,0.0,25.5,0.0,24.25,10.0,0.0,0.0119,53.2388,5.3238,2.0,4.037,1.2424,-0.1889,1.343,0.0317,1.3671,1.006e-05,1.0013,0.0006,2.5489,11.0,0.0782,1.0021,0.2103,2.5447,0.0066,1.0444,0.0448,1.8732,0.0,0.0,0.0,-0.1306,25.0,24.0,37.0,36.0,14.0,0.0,0.0,0.0,64.0,15.1672,0.0,0.0687,0.0,0.0
4933.0,1.7369,0.0921,1.0,0.0801,1.2026,2.0529,1.0529,2.2791,1.2791,26.5149,2.0606,26.2961,2.0518,100.0,0.0,0.0,0.0,24.25,0.0,25.375,0.0,25.375,0.0,24.25,10.0,0.0,0.012,53.2369,5.3236,2.0,3.9934,1.2405,-0.1958,1.3423,0.0313,1.367,1.006e-05,1.0014,0.0006,2.5507,11.0,0.0803,1.0021,0.19,2.5007,0.006,0.9984,0.0393,1.8158,0.0,0.0,0.0,-0.1306,25.0,24.0,37.0,36.0,13.0,0.0,0.0,0.0,64.0,15.3217,0.0,0.0688,0.0,0.0
4934.0,1.7369,0.0921,1.0,0.0798,1.2018,2.0525,1.0525,2.2787,1.2787,26.5761,2.063,26.3163,2.0527,100.0,0.0,0.0,0.0,24.125,0.0,25.5,0.0,25.25,0.0,24.25,10.0,0.0,0.0128,53.235,5.3234,2.0,3.9012,1.2365,-0.2658,1.3346,0.0274,1.3666,1.006e-05,1.0014,0.0006,2.5494,11.0,0.0807,1.0022,0.1915,2.504,0.0053,0.9474,0.0386,1.8082,0.0,0.0,0.0,-0.1304,25.0,24.0,37.0,36.0,14.0,0.0,0.0,0.0,64.0,14.878,0.0,0.0688,0.0,0.0
4935.0,1.7365,0.0921,1.0,0.08,1.2021,2.0523,1.0523,2.2787,1.2787,26.7315,2.0693,26.3137,2.0525,100.0,0.0,0.0,0.0,24.25,0.0,25.375,0.0,25.5,0.0,24.25,10.0,0.0,0.0123,53.233,5.3232,2.0,3.8813,1.2356,-0.2734,1.3338,0.0263,1.3665,1.006e-05,1.0014,0.0006,2.5504,11.0,0.084,1.0022,0.1515,2.4023,0.0066,1.0398,0.0395,1.8184,0.0,0.0,0.0,-0.1307,25.0,24.0,37.0,36.0,13.0,0.0,0.0,0.0,64.0,15.6438,0.0,0.0687,0.0,0.0
4936.0,1.7357,0.092,1.0,0.08,1.2023,2.0526,1.0526,2.2795,1.2795,26.7504,2.07,26.2959,2.0518,100.0,0.0,0.0,0.0,24.25,0.0,25.375,0.0,25.375,0.0,24.25,10.0,0.0,0.0126,53.2316,5.3231,2.0,3.8724,1.2352,-0.2011,1.3417,0.023,1.3661,1.006e-05,1.0015,0.0006,2.5488,11.0,0.0844,1.0023,0.1759,2.4671,0.0068,1.0523,0.0504,1.9243,0.0,0.0,0.0,-0.1307,25.0,24.0,37.0,36.0,14.0,0.0,0.0,0.0,64.0,15.8779,0.0,0.0685,0.0,0.0
4937.0,1.7348,0.0919,1.0,0.0803,1.2032,2.0529,1.0529,2.2792,1.2792,26.636,2.0654,26.2939,2.0518,100.0,0.0,0.0,0.0,24.25,0.0,25.375,0.0,25.375,0.0,24.25,10.0,0.0,0.0116,53.2293,5.3229,2.0,4.0297,1.2421,-0.1237,1.3501,0.0286,1.3668,1.006e-05,1.0014,0.0006,2.5514,11.0,0.0827,1.0022,0.1599,2.4256,0.0055,0.9601,0.0462,1.8861,0.0,0.0,0.0,-0.1305,25.0,24.0,37.0,36.0,14.0,0.0,0.0,0.0,64.0,16.0374,0.0,0.0685,0.0,0.0
4938.0,1.7351,0.0919,1.0,0.0802,1.2028,2.0528,1.0528,2.2788,1.2788,26.5276,2.0611,26.2938,2.0518,100.0,0.0,0.0,0.0,24.25,0.0,25.375,0.0,25.375,0.0,24.25,10.0,0.0,0.0119,53.2273,5.3227,2.0,4.1127,1.2456,-0.0134,1.3622,0.0365,1.3676,1.006e-05,1.0015,0.0006,2.5491,11.0,0.0818,1.0022,0.1422,2.3746,0.0063,1.0201,0.0506,1.9261,0.0,0.0,0.0,-0.1304,25.0,24.0,37.0,36.0,13.0,0.0,0.0,0.0,64.0,16.2379,0.0,0.0686,0.0,0.0
4939.0,1.7363,0.092,1.0,0.0801,1.2027,2.0525,1.0525,2.2787,1.2787,26.5731,2.0629,26.3095,2.0524,100.0,0.0,0.0,0.0,24.25,0.0,25.375,0.0,25.375,0.0,24.375,10.0,0.0,0.0125,53.2255,5.3224,2.0,4.1978,1.2492,0.0318,1.3671,0.0315,1.3671,1.006e-05,1.0014,0.0006,2.5477,11.0,0.0811,1.0022,0.1416,2.3729,0.0057,0.974,0.0451,1.8762,0.0,0.0,0.0,-0.1305,25.0,24.0,37.0,36.0,15.0,0.0,0.0,0.0,64.0,16.4027,0.0,0.0687,0.0,0.0
4940.0,1.7379,0.0922,1.0,0.0799,1.202,2.0523,1.0523,2.2787,1.2787,26.7262,2.069,26.3223,2.0529,100.0,0.0,0.0,0.0,24.25,0.0,25.5,0.0,25.5,0.0,24.25,10.0,0.0,0.0124,53.2237,5.3223,2.0,4.2214,1.2502,0.0379,1.3678,0.0297,1.3669,1.005e-05,1.0012,0.0006,2.5495,11.0,0.0759,1.002,0.1204,2.3023,0.0052,0.9402,0.039,1.8126,0.0,0.0,0.0,-0.1308,25.0,24.0,37.0,36.0,13.0,0.0,0.0,0.0,64.0,16.562,0.0,0.0688,0.0,0.0
4941.0,1.7379,0.0922,1.0,0.0799,1.202,2.0526,1.0526,2.2791,1.2791,26.7549,2.0702,26.3072,2.0523,100.0,0.0,0.0,0.0,24.25,0.0,25.375,0.0,25.5,0.0,24.25,10.0,0.0,0.0115,53.2219,5.3221,2.0,4.2052,1.2495,0.0121,1.365,0.0257,1.3664,1.005e-05,1.0012,0.0006,2.5481,11.0,0.0737,1.002,0.1331,2.3461,0.0064,1.0254,0.0568,1.9759,0.0,0.0,0.0,-0.1306,25.0,24.0,37.0,36.0,15.0,0.0,0.0,0.0,64.0,16.7386,0.0,0.0684,0.0,0.0
4942.0,1.7371,0.0921,1.0,0.0799,1.202,2.0528,1.0528,2.279,1.279,26.6737,2.0669,26.2991,2.052,100.0,0.0,0.0,0.0,24.25,0.0,25.375,0.0,25.375,0.0,24.25,10.0,0.0,0.0121,53.2203,5.3219,2.0,4.1257,1.2462,-0.0545,1.3577,0.0238,1.3662,1.005e-05,1.0013,0.0006,2.5498,11.0,0.0752,1.002,0.1695,2.4509,0.0065,1.0365,0.0486,1.9087,0.0,0.0,0.0,-0.1308,25.0,24.0,37.0,36.0,14.0,0.0,0.0,0.0,64.0,16.9182,0.0,0.0685,0.0,0.0
4943.0,1.7348,0.0918,1.0,0.0799,1.2019,2.0532,1.0532,2.2789,1.2789,26.5437,2.0617,26.2937,2.0517,100.0,0.0,0.0,0.0,24.25,0.0,25.375,0.0,25.5,0.0,24.25,10.0,0.0,0.0127,53.2185,5.3218,2.0,4.1305,1.2464,0.0409,1.3681,0.0216,1.366,1.005e-05,1.0012,0.0006,2.5485,11.0,0.0765,1.002,0.157,2.4178,0.0061,1.004,0.0522,1.9394,0.0,0.0,0.0,-0.1306,25.0,24.0,37.0,36.0,13.0,0.0,0.0,0.0,64.0,17.0865,0.0,0.0688,0.0,0.0
4944.0,1.7367,0.0921,1.0,0.0798,1.2018,2.0528,1.0528,2.2786,1.2786,26.5436,2.0617,26.3115,2.0525,100.0,0.0,0.0,0.0,24.125,0.0,25.5,0.0,25.375,0.0,24.25,10.0,0.0,0.0123,53.2166,5.3215,2.0,4.2072,1.2496,0.0164,1.3654,0.0358,1.3675,1.006e-05,1.0013,0.0006,2.5472,11.0,0.0767,1.002,0.1685,2.4484,0.0058,0.9859,0.0497,1.9185,0.0,0.0,0.0,-0.131,25.0,24.0,37.0,36.0,13.0,0.0,0.0,0.0,64.0,17.2629,0.0,0.0683,0.0,0.0
4945.0,1.7377,0.0922,1.0,0.0797,1.2014,2.0525,1.0525,2.2786,1.2786,26.7116,2.0685,26.3239,2.053,100.0,0.0,0.0,0.0,24.25,0.0,25.375,0.0,25.375,0.0,24.25,10.0,0.0,0.0114,53.2149,5.3214,2.0,4.164,1.2478,-0.024,1.361,0.0343,1.3674,1.005e-05,1.0012,0.0006,2.5489,11.0,0.0731,1.002,0.1435,2.3788,0.0056,0.9736,0.0494,1.9155,0.0,0.0,0.0,-0.1305,25.0,24.0,37.0,36.0,14.0,0.0,0.0,0.0,64.0,17.4189,0.0,0.0685,0.0,0.0
4946.0,1.7389,0.0924,1.0,0.0797,1.2016,2.0525,1.0525,2.279,1.279,26.7598,2.0704,26.3107,2.0524,100.0,0.0,0.0,0.0,24.25,0.0,25.375,0.0,25.5,0.0,24.25,10.0,0.0,0.0122,53.213,5.3212,2.0,4.1205,1.246,-0.0234,1.3611,0.0309,1.367,1.006e-05,1.0013,0.0006,2.5473,11.0,0.0759,1.002,0.1528,2.4059,0.0056,0.9731,0.0558,1.9688,0.0,0.0,0.0,-0.1306,25.0,24.0,37.0,36.0,13.0,0.0,0.0,0.0,64.0,17.6069,0.0,0.0685,0.0,0.0
4947.0,1.7405,0.0926,1.0,0.0797,1.2013,2.0529,1.0529,2.2791,1.2791,26.6809,2.0672,26.2994,2.052,100.0,0.0,0.0,0.0,24.25,0.0,25.375,0.0,25.25,0.0,24.25,10.0,0.0,0.012,53.2109,5.321,2.0,4.1658,1.2479,-0.0324,1.3601,0.0293,1.3668,1.005e-05,1.0013,0.0006,2.5468,11.0,0.0746,1.002,0.1346,2.3509,0.0055,0.9613,0.0579,1.9844,0.0,0.0,0.0,-0.1306,25.0,24.0,37.0,36.0,14.0,0.0,0.0,0.0,64.0,17.785,0.0,0.0686,0.0,0.0
4948.0,1.741,0.0926,1.0,0.0797,1.2015,2.0529,1.0529,2.2793,1.2793,26.582,2.0633,26.2967,2.0519,100.0,0.0,0.0,0.0,24.25,0.0,25.375,0.0,25.5,0.0,24.125,10.0,0.0,0.0123,53.2097,5.3209,2.0,4.0415,1.2426,-0.1425,1.3481,0.0259,1.3665,1.005e-05,1.0013,0.0006,2.5473,11.0,0.0763,1.002,0.1517,2.403,0.0068,1.0555,0.0583,1.9877,0.0,0.0,0.0,-0.1305,25.0,24.0,37.0,36.0,14.0,0.0,0.0,0.0,64.0,17.9349,0.0,0.0684,0.0,0.0
4949.0,1.7399,0.0925,1.0,0.0798,1.2018,2.0528,1.0528,2.2787,1.2787,26.5154,2.0606,26.3053,2.0522,100.0,0.0,0.0,0.0,24.25,0.0,25.5,0.0,25.25,0.0,24.25,10.0,0.0,0.0125,53.2079,5.3207,2.0,3.9465,1.2385,-0.1852,1.3434,0.0226,1.3661,1.006e-05,1.0013,0.0006,2.5482,11.0,0.0771,1.0021,0.1356,2.3541,0.0055,0.9644,0.064,2.0278,0.0,0.0,0.0,-0.1306,25.0,24.0,37.0,36.0,15.0,0.0,0.0,0.0,64.0,17.9665,0.0,0.0685,0.0,0.0
4950.0,1.7387,0.0923,1.0,0.0797,1.2014,2.0523,1.0523,2.2786,1.2786,26.6765,2.0671,26.3195,2.0528,100.0,0.0,0.0,0.0,24.25,0.0,25.5,0.0,25.375,0.0,24.25,10.0,0.0,0.0119,53.2059,5.3205,2.0,4.0258,1.2419,-0.0493,1.3583,0.0359,1.3676,1.006e-05,1.0013,0.0006,2.5485,11.0,0.0779,1.0021,0.1203,2.302,0.0051,0.9323,0.0829,2.1406,0.0,0.0,0.0,-0.1305,25.0,24.0,37.0,36.0,14.0,0.0,0.0,0.0,64.0,18.3022,0.0,0.0684,0.0,0.0
4951.0,1.7369,0.0921,1.0,0.08,1.2022,2.0524,1.0524,2.2791,1.2791,26.7717,2.0709,26.3077,2.0523,100.0,0.0,0.0,0.0,24.25,0.0,25.375,0.0,25.25,0.0,24.25,10.0,0.0,0.0119,53.2038,5.3203,2.0,4.0711,1.2439,-0.0407,1.3592,0.0367,1.3676,1.006e-05,1.0015,0.0006,2.5466,11.0,0.0798,1.0021,0.1189,2.297,0.0052,0.9387,0.0747,2.0954,0.0,0.0,0.0,-0.1305,25.0,24.0,37.0,36.0,15.0,0.0,0.0,0.0,64.0,18.4775,0.0,0.0686,0.0,0.0
4952.0,1.7368,0.0921,1.0,0.0797,1.2015,2.053,1.053,2.279,1.279,26.6994,2.068,26.3006,2.052,100.0,0.0,0.0,0.0,24.25,0.0,25.375,0.0,25.375,0.0,24.25,10.0,0.0,0.0116,53.202,5.3201,2.0,4.1995,1.2493,0.0426,1.3683,0.036,1.3676,1.006e-05,1.0014,0.0006,2.5471,11.0,0.0814,1.0022,0.1128,2.2741,0.0058,0.9868,0.0706,2.0705,0.0,0.0,0.0,-0.1306,24.0,24.0,37.0,36.0,13.0,0.0,0.0,0.0,64.0,18.6498,0.0,0.0685,0.0,0.0
4953.0,1.7377,0.0922,1.0,0.0797,1.2015,2.0533,1.0533,2.2789,1.2789,26.5938,2.0638,26.3065,2.0523,100.0,0.0,0.0,0.0,24.25,0.0,25.375,0.0,25.375,0.0,24.25,10.0,0.0,0.0123,53.2007,5.32,2.0,4.1268,1.2462,-0.0424,1.359,0.0314,1.3671,1.006e-05,1.0014,0.0006,2.547,11.0,0.0793,1.0021,0.1181,2.294,0.0061,1.0084,0.0697,2.0649,0.0,0.0,0.0,-0.1308,24.0,24.0,37.0,36.0,13.0,0.0,0.0,0.0,64.0,18.815,0.0,0.0685,0.0,0.0
4954.0,1.7389,0.0924,1.0,0.0799,1.2021,2.0531,1.0531,2.2787,1.2787,26.5132,2.0605,26.3054,2.0522,100.0,0.0,0.0,0.0,24.25,0.0,25.5,0.0,25.375,0.0,24.25,10.0,0.0,0.0125,53.1987,5.3198,2.0,4.047,1.2429,-0.1083,1.3518,0.0273,1.3666,1.006e-05,1.0013,0.0006,2.5457,11.0,0.0786,1.0021,0.1108,2.2662,0.0057,0.9775,0.069,2.0606,0.0,0.0,0.0,-0.1308,24.0,24.0,37.0,36.0,15.0,0.0,0.0,0.0,64.0,18.9886,0.0,0.0688,0.0,0.0
4955.0,1.738,0.0922,1.0,0.08,1.2021,2.0522,1.0522,2.2785,1.2785,26.6566,2.0663,26.3204,2.0528,100.0,0.0,0.0,0.0,24.25,0.0,25.375,0.0,25.375,0.0,24.25,10.0,0.0,0.0118,53.1971,5.3196,2.0,4.0076,1.2412,-0.0569,1.3574,0.0264,1.3665,1.006e-05,1.0013,0.0006,2.5478,11.0,0.0781,1.0021,0.1672,2.4451,0.0062,1.0146,0.0614,2.0103,0.0,0.0,0.0,-0.1306,24.0,24.0,37.0,36.0,13.0,0.0,0.0,0.0,64.0,19.1692,0.0,0.0685,0.0,0.0
4956.0,1.739,0.0924,1.0,0.0801,1.2026,2.0523,1.0523,2.2789,1.2789,26.7599,2.0704,26.3129,2.0525,100.0,0.0,0.0,0.0,24.375,0.0,25.375,0.0,25.375,0.0,24.25,10.0,0.0,0.0124,53.1953,5.3194,2.0,4.102,1.2452,-0.0176,1.3617,0.0222,1.3661,1.006e-05,1.0013,0.0006,2.5465,11.0,0.0777,1.0021,0.1795,2.4759,0.0066,1.0441,0.0548,1.9605,0.0,0.0,0.0,-0.1304,25.0,24.0,37.0,36.0,13.0,0.0,0.0,0.0,64.0,19.3617,0.0,0.0683,0.0,0.0
4957.0,1.7381,0.0923,1.0,0.08,1.2022,2.0528,1.0528,2.2792,1.2792,26.7182,2.0687,26.2911,2.0516,100.0,0.0,0.0,0.0,24.25,0.0,25.375,0.0,25.375,0.0,24.25,10.0,0.0,0.012,53.1932,5.3192,2.0,4.142,1.2469,0.0628,1.3705,0.0401,1.368,1.006e-05,1.0013,0.0006,2.5476,11.0,0.0797,1.0021,0.1604,2.4271,0.0054,0.9547,0.0525,1.9417,0.0,0.0,0.0,-0.1302,25.0,24.0,37.0,36.0,14.0,0.0,0.0,0.0,64.0,19.5294,0.0,0.0685,0.0,0.0
4958.0,1.7378,0.0922,1.0,0.0798,1.2018,2.0531,1.0531,2.2789,1.2789,26.6101,2.0644,26.2946,2.0518,100.0,0.0,0.0,0.0,24.125,0.0,25.375,0.0,25.375,0.0,24.25,10.0,0.0,0.0122,53.1915,5.3191,2.0,4.2008,1.2493,0.069,1.3712,0.0353,1.3675,1.006e-05,1.0014,0.0006,2.547,11.0,0.0788,1.0021,0.1228,2.311,0.0057,0.9776,0.0671,2.0488,0.0,0.0,0.0,-0.1304,25.0,24.0,37.0,36.0,14.0,0.0,0.0,0.0,64.0,19.7072,0.0,0.0686,0.0,0.0
4959.0,1.7371,0.0921,1.0,0.0798,1.2018,2.0532,1.0532,2.2787,1.2787,26.5076,2.0603,26.3017,2.0521,100.0,0.0,0.0,0.0,24.25,0.0,25.5,0.0,25.375,0.0,24.25,10.0,0.0,0.0124,53.1897,5.3189,2.0,4.2425,1.2511,0.1395,1.3789,0.0322,1.3671,1.006e-05,1.0013,0.0006,2.5461,11.0,0.0787,1.0021,0.1334,2.3469,0.0061,1.0061,0.0621,2.015,0.0,0.0,0.0,-0.1309,25.0,24.0,37.0,36.0,13.0,0.0,0.0,0.0,64.0,19.9094,0.0,0.0688,0.0,0.0
4960.0,1.7368,0.0921,1.0,0.08,1.2023,2.0526,1.0526,2.2786,1.2786,26.6219,2.0649,26.3187,2.0527,100.0,0.0,0.0,0.0,24.25,0.0,25.5,0.0,25.375,0.0,24.125,10.0,0.0,0.0121,53.1881,5.3187,2.0,4.2799,1.2526,0.0974,1.3743,0.0307,1.367,1.006e-05,1.0013,0.0006,2.5475,11.0,0.0772,1.0021,0.1365,2.3569,0.0058,0.9869,0.0579,1.9843,0.0,0.0,0.0,-0.1305,25.0,24.0,37.0,36.0,13.0,0.0,0.0,0.0,64.0,20.0688,0.0,0.0687,0.0,0.0
4961.0,1.7368,0.0921,1.0,0.08,1.2024,2.0523,1.0523,2.2788,1.2788,26.756,2.0702,26.3153,2.0526,100.0,0.0,0.0,0.0,24.25,0.0,25.375,0.0,25.375,0.0,24.25,10.0,0.0,0.0113,53.1867,5.3186,2.0,4.2312,1.2506,0.0841,1.3728,0.0278,1.3667,1.006e-05,1.0014,0.0006,2.5461,11.0,0.0823,1.0022,0.1463,2.3871,0.0068,1.0557,0.0617,2.0121,0.0,0.0,0.0,-0.1307,25.0,24.0,37.0,36.0,13.0,0.0,0.0,0.0,64.0,20.2572,0.0,0.0686,0.0,0.0
4962.0,1.7376,0.0922,1.0,0.08,1.2022,2.0527,1.0527,2.2791,1.2791,26.7297,2.0692,26.2958,2.0518,100.0,0.0,0.0,0.0,24.25,0.0,25.375,0.0,25.375,0.0,24.25,10.0,0.0,0.0116,53.185,5.3184,2.0,4.3528,1.2555,0.2331,1.3891,0.0278,1.3667,1.006e-05,1.0014,0.0006,2.5483,11.0,0.0838,1.0022,0.1289,2.3322,0.0063,1.0178,0.0618,2.0127,0.0,0.0,0.0,-0.1304,25.0,24.0,37.0,36.0,13.0,0.0,0.0,0.0,64.0,20.4398,0.0,0.0684,0.0,0.0
4963.0,1.7369,0.0921,1.0,0.0799,1.202,2.0529,1.0529,2.2789,1.2789,26.6331,2.0653,26.2967,2.0519,100.0,0.0,0.0,0.0,24.25,0.0,25.375,0.0,25.375,0.0,24.25,10.0,0.0,0.012,53.1832,5.3183,2.0,4.5082,1.2616,0.3765,1.4047,0.039,1.3679,1.006e-05,1.0014,0.0006,2.5466,11.0,0.0818,1.0022,0.1058,2.2461,0.0055,0.9608,0.0523,1.9402,0.0,0.0,0.0,-0.1304,25.0,24.0,37.0,36.0,13.0,0.0,0.0,0.0,64.0,20.6327,0.0,0.0686,0.0,0.0
4964.0,1.7369,0.0921,1.0,0.0799,1.2021,2.0533,1.0533,2.2787,1.2787,26.5084,2.0603,26.2984,2.0519,100.0,0.0,0.0,0.0,24.25,0.0,25.375,0.0,25.25,0.0,24.25,10.0,0.0,0.0122,53.1813,5.318,2.0,4.6313,1.2663,0.3763,1.4047,0.039,1.3679,1.006e-05,1.0014,0.0006,2.5458,11.0,0.0817,1.0022,0.112,2.2712,0.0062,1.0118,0.066,2.0413,0.0,0.0,0.0,-0.1307,24.0,24.0,37.0,36.0,14.0,0.0,0.0,0.0,64.0,20.8285,0.0,0.0687,0.0,0.0
4965.0,1.7368,0.0921,1.0,0.0797,1.2015,2.0528,1.0528,2.2786,1.2786,26.581,2.0632,26.3168,2.0527,100.0,0.0,0.0,0.0,24.25,0.0,25.375,0.0,25.5,0.0,24.25,10.0,0.0,0.0125,53.1796,5.3179,2.0,4.5602,1.2636,0.2994,1.3963,0.0351,1.3675,1.006e-05,1.0013,0.0006,2.5476,11.0,0.0777,1.0021,0.0975,2.2107,0.0065,1.0339,0.0629,2.0205,0.0,0.0,0.0,-0.1306,24.0,24.0,37.0,36.0,15.0,0.0,0.0,0.0,64.0,21.0149,0.0,0.0686,0.0,0.0
4966.0,1.7387,0.0923,1.0,0.0801,1.2025,2.0523,1.0523,2.2787,1.2787,26.7449,2.0698,26.3185,2.0527,100.0,0.0,0.0,0.0,24.25,0.0,25.375,0.0,25.375,0.0,24.25,10.0,0.0,0.0117,53.1782,5.3177,2.0,4.6253,1.2661,0.3902,1.4062,0.0311,1.367,1.005e-05,1.0012,0.0006,2.5455,11.0,0.0764,1.002,0.0975,2.2109,0.006,0.9995,0.0671,2.0483,0.0,0.0,0.0,-0.1309,24.0,24.0,37.0,36.0,15.0,0.0,0.0,0.0,64.0,21.2134,0.0,0.0685,0.0,0.0
4967.0,1.7379,0.0922,1.0,0.0798,1.2018,2.0528,1.0528,2.2793,1.2793,26.7295,2.0692,26.3022,2.0521,100.0,0.0,0.0,0.0,24.25,0.0,25.375,0.0,25.5,0.0,24.375,10.0,0.0,0.0117,53.1762,5.3175,2.0,4.6393,1.2666,0.3222,1.3988,0.03,1.3669,1.005e-05,1.0012,0.0006,2.5481,11.0,0.0764,1.002,0.0937,2.1937,0.0068,1.0544,0.0606,2.0041,0.0,0.0,0.0,-0.1306,24.0,24.0,37.0,36.0,13.0,0.0,0.0,0.0,64.0,21.3809,0.0,0.0686,0.0,0.0
4968.0,1.7389,0.0924,1.0,0.0799,1.2019,2.0529,1.0529,2.2792,1.2792,26.6408,2.0656,26.2968,2.0519,100.0,0.0,0.0,0.0,24.25,0.0,25.375,0.0,25.375,0.0,24.375,10.0,0.0,0.012,53.1748,5.3174,2.0,4.5291,1.2624,0.2069,1.3862,0.026,1.3665,1.005e-05,1.0013,0.0006,2.5459,11.0,0.0765,1.002,0.0861,2.1566,0.0062,1.015,0.0577,1.9829,0.0,0.0,0.0,-0.1303,25.0,24.0,37.0,36.0,14.0,0.0,0.0,0.0,64.0,21.5659,0.0,0.0683,0.0,0.0
4969.0,1.7379,0.0922,1.0,0.08,1.2022,2.0528,1.0528,2.279,1.279,26.5197,2.0608,26.2954,2.0518,100.0,0.0,0.0,0.0,24.125,0.0,25.5,0.0,25.25,0.0,24.25,10.0,0.0,0.0125,53.1733,5.3172,2.0,4.3733,1.2563,0.118,1.3765,0.0341,1.3674,1.005e-05,1.0012,0.0006,2.5463,11.0,0.076,1.002,0.078,2.1139,0.0059,0.9957,0.0565,1.9739,0.0,0.0,0.0,-0.1309,25.0,24.0,37.0,36.0,14.0,0.0,0.0,0.0,64.0,21.7874,0.0,0.0689,0.0,0.0
4970.0,1.7368,0.0921,1.0,0.0801,1.2026,2.0528,1.0528,2.2787,1.2787,26.5673,2.0627,26.3152,2.0526,100.0,0.0,0.0,0.0,24.25,0.0,25.375,0.0,25.375,0.0,24.375,10.0,0.0,0.0126,53.1715,5.3171,2.0,4.3586,1.2557,0.0794,1.3723,0.0389,1.3679,1.006e-05,1.0013,0.0006,2.5465,11.0,0.0767,1.002,0.0743,2.0931,0.0052,0.9419,0.0578,1.984,0.0,0.0,0.0,-0.1305,25.0,24.0,37.0,36.0,14.0,0.0,0.0,0.0,64.0,21.9686,0.0,0.0682,0.0,0.0
4971.0,1.7368,0.0921,1.0,0.08,1.2024,2.0526,1.0526,2.2785,1.2785,26.7359,2.0694,26.3298,2.0532,100.0,0.0,0.0,0.0,24.25,0.0,25.375,0.0,25.375,0.0,24.25,10.0,0.0,0.0122,53.1697,5.3169,2.0,4.3944,1.2572,0.0936,1.3738,0.0356,1.3675,1.006e-05,1.0014,0.0006,2.5456,11.0,0.0791,1.0021,0.0692,2.0621,0.0067,1.0482,0.0493,1.9147,0.0,0.0,0.0,-0.1304,25.0,24.0,37.0,36.0,13.0,0.0,0.0,0.0,64.0,22.1564,0.0,0.0687,0.0,0.0
4972.0,1.7369,0.0921,1.0,0.0797,1.2015,2.053,1.053,2.2791,1.2791,26.7453,2.0698,26.3102,2.0524,100.0,0.0,0.0,0.0,24.25,0.0,25.375,0.0,25.375,0.0,24.125,10.0,0.0,0.0124,53.1678,5.3167,2.0,4.3795,1.2566,0.1668,1.3818,0.0345,1.3674,1.005e-05,1.0013,0.0006,2.5476,11.0,0.0743,1.002,0.0705,2.0702,0.0059,0.9892,0.0532,1.9479,0.0,0.0,0.0,-0.1304,24.0,24.0,37.0,36.0,15.0,0.0,0.0,0.0,64.0,22.3897,0.0,0.0683,0.0,0.0
4973.0,1.7353,0.0919,1.0,0.08,1.2022,2.0528,1.0528,2.279,1.279,26.6536,2.0661,26.2972,2.0519,100.0,0.0,0.0,0.0,24.25,0.0,25.5,0.0,25.375,0.0,24.375,10.0,0.0,0.0127,53.1663,5.3165,2.0,4.5063,1.2615,0.2357,1.3894,0.03,1.3669,1.005e-05,1.0013,0.0006,2.5459,11.0,0.0762,1.002,0.062,2.0145,0.006,1.0026,0.06,1.9999,0.0,0.0,0.0,-0.1304,24.0,24.0,37.0,36.0,14.0,0.0,0.0,0.0,64.0,22.5533,0.0,0.0684,0.0,0.0
4974.0,1.7363,0.092,1.0,0.08,1.2024,2.0529,1.0529,2.279,1.279,26.5278,2.0611,26.2884,2.0515,100.0,0.0,0.0,0.0,24.25,0.0,25.375,0.0,25.375,0.0,24.25,10.0,0.0,0.0126,53.1648,5.3164,2.0,4.5788,1.2643,0.2469,1.3906,0.0259,1.3665,1.005e-05,1.0012,0.0006,2.545,11.0,0.0773,1.0021,0.0698,2.0657,0.0056,0.9703,0.0567,1.9755,0.0,0.0,0.0,-0.1304,24.0,24.0,37.0,36.0,14.0,0.0,0.0,0.0,64.0,22.7519,0.0,0.0689,0.0,0.0
4975.0,1.7368,0.0921,1.0,0.0803,1.203,2.053,1.053,2.2787,1.2787,26.5416,2.0617,26.3123,2.0525,100.0,0.0,0.0,0.0,24.25,0.0,25.5,0.0,25.5,0.0,24.25,10.0,0.0,0.0121,53.1635,5.3163,2.0,4.5057,1.2615,0.2076,1.3863,0.0417,1.3682,1.006e-05,1.0013,0.0006,2.5469,11.0,0.0792,1.0021,0.0548,1.9604,0.0058,0.9848,0.0622,2.0158,0.0,0.0,0.0,-0.1306,24.0,24.0,37.0,36.0,14.0,0.0,0.0,0.0,64.0,22.9171,0.0,0.0686,0.0,0.0
4976.0,1.7368,0.0921,1.0,0.08,1.2024,2.0526,1.0526,2.2786,1.2786,26.6974,2.0679,26.3226,2.0529,100.0,0.0,0.0,0.0,24.125,0.0,25.5,0.0,25.375,0.0,24.25,10.0,0.0,0.0119,53.1617,5.3161,2.0,4.5114,1.2617,0.1786,1.3831,0.0399,1.368,1.006e-05,1.0014,0.0006,2.5447,11.0,0.0781,1.0021,0.0569,1.9768,0.0065,1.0355,0.0488,1.9099,0.0,0.0,0.0,-0.1305,24.0,24.0,37.0,36.0,14.0,0.0,0.0,0.0,64.0,23.083,0.0,0.0684,0.0,0.0
4977.0,1.7378,0.0922,1.0,0.0801,1.2026,2.053,1.053,2.2791,1.2791,26.7558,2.0702,26.3065,2.0523,100.0,0.0,0.0,0.0,24.125,0.0,25.5,0.0,25.375,0.0,24.25,10.0,0.0,0.0119,53.1601,5.3159,2.0,4.4319,1.2586,0.0984,1.3744,0.0401,1.368,1.006e-05,1.0014,0.0006,2.5475,11.0,0.0833,1.0022,0.0529,1.945,0.0066,1.0425,0.0797,2.1235,0.0,0.0,0.0,-0.131,24.0,24.0,37.0,36.0,13.0,0.0,0.0,0.0,64.0,23.3014,0.0,0.0683,0.0,0.0
4978.0,1.7398,0.0925,1.0,0.0802,1.2029,2.0533,1.0533,2.279,1.279,26.6813,2.0673,26.3,2.052,100.0,0.0,0.0,0.0,24.125,0.0,25.5,0.0,25.25,0.0,24.25,10.0,0.0,0.0122,53.158,5.3157,2.0,4.3364,1.2549,0.0014,1.3638,0.0366,1.3676,1.006e-05,1.0015,0.0006,2.5464,11.0,0.0845,1.0023,0.0462,1.8865,0.0053,0.9501,0.0808,2.1291,0.0,0.0,0.0,-0.1303,24.0,24.0,37.0,36.0,13.0,0.0,0.0,0.0,64.0,23.4844,0.0,0.0687,0.0,0.0
4979.0,1.7391,0.0924,1.0,0.0802,1.2028,2.0533,1.0533,2.2789,1.2789,26.5689,2.0628,26.2954,2.0518,100.0,0.0,0.0,0.0,24.25,0.0,25.375,0.0,25.375,0.0,24.25,10.0,0.0,0.0128,53.1567,5.3156,2.0,4.235,1.2507,-0.0709,1.3559,0.0326,1.3672,1.006e-05,1.0014,0.0006,2.5454,11.0,0.0851,1.0023,0.0546,1.959,0.0058,0.9834,0.0722,2.0802,0.0,0.0,0.0,-0.1306,24.0,24.0,37.0,36.0,13.0,0.0,0.0,0.0,64.0,23.6512,0.0,0.0687,0.0,0.0
4980.0,1.739,0.0924,1.0,0.0799,1.2019,2.0525,1.0525,2.2791,1.2791,26.5633,2.0625,26.3132,2.0525,100.0,0.0,0.0,0.0,24.25,0.0,25.375,0.0,25.375,0.0,24.25,10.0,0.0,0.0123,53.1547,5.3154,2.0,4.2062,1.2496,-0.0307,1.3603,0.0452,1.3686,1.006e-05,1.0014,0.0006,2.547,11.0,0.0812,1.0022,0.0528,1.9448,0.0062,1.0117,0.0672,2.0489,0.0,0.0,0.0,-0.1302,24.0,24.0,37.0,36.0,13.0,0.0,0.0,0.0,64.0,23.8262,0.0,0.0687,0.0,0.0
4981.0,1.739,0.0924,1.0,0.08,1.2022,2.0523,1.0523,2.279,1.279,26.7006,2.068,26.3136,2.0525,100.0,0.0,0.0,0.0,24.25,0.0,25.375,0.0,25.25,0.0,24.25,10.0,0.0,0.0125,53.1533,5.3152,2.0,4.3132,1.2539,0.0375,1.3677,0.0442,1.3685,1.006e-05,1.0014,0.0006,2.5452,11.0,0.0802,1.0021,0.0409,1.8337,0.0067,1.0471,0.0744,2.0935,0.0,0.0,0.0,-0.1305,24.0,24.0,37.0,36.0,15.0,0.0,0.0,0.0,64.0,24.0063,0.0,0.0685,0.0,0.0
4982.0,1.7406,0.0926,1.0,0.0798,1.2018,2.0525,1.0525,2.2793,1.2793,26.7596,2.0704,26.3042,2.0522,100.0,0.0,0.0,0.0,24.25,0.0,25.375,0.0,25.25,0.0,24.125,10.0,0.0,0.0122,53.1516,5.3151,2.0,4.3481,1.2553,0.0381,1.3678,0.0414,1.3681,1.006e-05,1.0013,0.0006,2.5476,11.0,0.0806,1.0021,0.1071,2.2515,0.007,1.0642,0.071,2.0732,0.0,0.0,0.0,-0.1309,24.0,24.0,37.0,36.0,13.0,0.0,0.0,0.0,64.0,24.1776,0.0,0.0684,0.0,0.0
4983.0,1.741,0.0926,1.0,0.0801,1.2027,2.0529,1.0529,2.279,1.279,26.6912,2.0676,26.2993,2.052,100.0,0.0,0.0,0.0,24.25,0.0,25.375,0.0,25.375,0.0,24.25,10.0,0.0,0.0121,53.1502,5.3149,2.0,4.2684,1.2521,-0.0431,1.3589,0.0407,1.3681,1.006e-05,1.0014,0.0006,2.5455,11.0,0.0814,1.0022,0.0927,2.1888,0.0061,1.0066,0.0779,2.1135,0.0,0.0,0.0,-0.131,24.0,24.0,37.0,36.0,14.0,0.0,0.0,0.0,64.0,24.3598,0.0,0.0686,0.0,0.0
4984.0,1.7411,0.0926,1.0,0.0801,1.2025,2.0533,1.0533,2.2789,1.2789,26.5959,2.0638,26.296,2.0518,100.0,0.0,0.0,0.0,24.25,0.0,25.375,0.0,25.25,0.0,24.25,10.0,0.0,0.0125,53.1487,5.3148,2.0,4.2211,1.2502,-0.037,1.3596,0.0356,1.3675,1.006e-05,1.0014,0.0006,2.5473,11.0,0.079,1.0021,0.1117,2.2698,0.0063,1.0198,0.0762,2.104,0.0,0.0,0.0,-0.1305,24.0,24.0,37.0,36.0,14.0,0.0,0.0,0.0,64.0,24.5283,0.0,0.0687,0.0,0.0
4985.0,1.7399,0.0925,1.0,0.0799,1.2019,2.0528,1.0528,2.2787,1.2787,26.537,2.0615,26.3092,2.0524,100.0,0.0,0.0,0.0,24.25,0.0,25.5,0.0,25.5,0.0,24.375,10.0,0.0,0.0123,53.1468,5.3146,2.0,4.2673,1.2521,0.0395,1.3679,0.0315,1.3671,1.005e-05,1.0012,0.0006,2.5466,11.0,0.0777,1.0021,0.0842,2.1472,0.0058,0.9855,0.0672,2.049,0.0,0.0,0.0,-0.1306,24.0,24.0,37.0,36.0,14.0,0.0,0.0,0.0,64.0,24.6883,0.0,0.0686,0.0,0.0
4986.0,1.7389,0.0924,1.0,0.0798,1.2017,2.0525,1.0525,2.2786,1.2786,26.6808,2.0672,26.3225,2.0529,100.0,0.0,0.0,0.0,24.25,0.0,25.5,0.0,25.25,0.0,24.25,10.0,0.0,0.0121,53.1451,5.3144,2.0,4.3841,1.2568,0.1214,1.3769,0.0475,1.3688,1.005e-05,1.0013,0.0006,2.5447,11.0,0.0774,1.0021,0.0797,2.1234,0.0053,0.9484,0.0838,2.1453,0.0,0.0,0.0,-0.1304,24.0,24.0,37.0,36.0,14.0,0.0,0.0,0.0,64.0,24.8785,0.0,0.0687,0.0,0.0
4987.0,1.7389,0.0924,1.0,0.0799,1.2019,2.0527,1.0527,2.2789,1.2789,26.7634,2.0705,26.3202,2.0528,100.0,0.0,0.0,0.0,24.25,0.0,25.375,0.0,25.375,0.0,24.25,10.0,0.0,0.0123,53.144,5.3143,2.0,4.4317,1.2586,0.0894,1.3734,0.0438,1.3684,1.005e-05,1.0012,0.0006,2.5466,11.0,0.0763,1.002,0.0985,2.2152,0.0063,1.024,0.0704,2.0693,0.0,0.0,0.0,-0.1308,24.0,24.0,37.0,36.0,13.0,0.0,0.0,0.0,64.0,25.061,0.0,0.0688,0.0,0.0
4988.0,1.7389,0.0924,1.0,0.0802,1.2027,2.0532,1.0532,2.279,1.279,26.7149,2.0686,26.3,2.052,100.0,0.0,0.0,0.0,24.25,0.0,25.375,0.0,25.25,0.0,24.375,10.0,0.0,0.0119,53.1424,5.3142,2.0,4.3681,1.2561,0.0874,1.3732,0.0433,1.3684,1.005e-05,1.0013,0.0006,2.5457,11.0,0.0789,1.0021,0.0822,2.1369,0.0062,1.0146,0.0673,2.0498,0.0,0.0,0.0,-0.1308,24.0,24.0,37.0,36.0,15.0,0.0,0.0,0.0,64.0,25.2351,0.0,0.0684,0.0,0.0
4989.0,1.7389,0.0924,1.0,0.0801,1.2025,2.0531,1.0531,2.2789,1.2789,26.5906,2.0636,26.2964,2.0519,100.0,0.0,0.0,0.0,24.125,0.0,25.375,0.0,25.375,0.0,24.25,10.0,0.0,0.0123,53.1406,5.3139,2.0,4.442,1.259,0.1387,1.3788,0.0404,1.368,1.006e-05,1.0014,0.0006,2.5449,11.0,0.0814,1.0022,0.147,2.3892,0.0057,0.9761,0.0723,2.0812,0.0,0.0,0.0,-0.1308,25.0,24.0,37.0,36.0,14.0,0.0,0.0,0.0,64.0,25.4165,0.0,0.0687,0.0,0.0
4990.0,1.7389,0.0924,1.0,0.0799,1.202,2.0532,1.0532,2.2787,1.2787,26.5014,2.0601,26.3021,2.0521,100.0,0.0,0.0,0.0,24.25,0.0,25.375,0.0,25.5,0.0,24.25,10.0,0.0,0.0119,53.1391,5.3138,2.0,4.5069,1.2616,0.1447,1.3794,0.0367,1.3676,1.006e-05,1.0014,0.0006,2.5464,11.0,0.0819,1.0022,0.1307,2.3381,0.0058,0.9835,0.0709,2.0726,0.0,0.0,0.0,-0.1308,25.0,24.0,37.0,36.0,14.0,0.0,0.0,0.0,64.0,25.5843,0.0,0.0684,0.0,0.0
4991.0,1.7378,0.0922,1.0,0.0803,1.2031,2.0527,1.0527,2.2786,1.2786,26.6365,2.0655,26.3234,2.0529,100.0,0.0,0.0,0.0,24.125,0.0,25.5,0.0,25.375,0.0,24.375,10.0,0.0,0.012,53.1372,5.3137,2.0,4.5114,1.2617,0.2071,1.3862,0.0532,1.3694,1.006e-05,1.0014,0.0006,2.5455,11.0,0.0819,1.0022,0.1271,2.326,0.0065,1.032,0.0695,2.064,0.0,0.0,0.0,-0.1304,25.0,24.0,37.0,36.0,14.0,0.0,0.0,0.0,64.0,25.7676,0.0,0.0687,0.0,0.0
4992.0,1.7379,0.0922,1.0,0.0803,1.203,2.0527,1.0527,2.2789,1.2789,26.7707,2.0708,26.3236,2.0529,100.0,0.0,0.0,0.0,24.125,0.0,25.5,0.0,25.375,0.0,24.25,10.0,0.0,0.0122,53.136,5.3135,2.0,4.6027,1.2652,0.2326,1.389,0.0503,1.3691,1.006e-05,1.0015,0.0006,2.5473,11.0,0.0847,1.0023,0.1272,2.3263,0.0068,1.0518,0.0699,2.0665,0.0,0.0,0.0,-0.1306,25.0,24.0,37.0,36.0,13.0,0.0,0.0,0.0,64.0,25.9372,0.0,0.0686,0.0,0.0
4993.0,1.7403,0.0925,1.0,0.0801,1.2026,2.0532,1.0532,2.2791,1.2791,26.7236,2.0689,26.3102,2.0524,100.0,0.0,0.0,0.0,24.125,0.0,25.5,0.0,25.375,0.0,24.25,10.0,0.0,0.012,53.1344,5.3134,2.0,4.671,1.2678,0.2643,1.3925,0.0465,1.3687,1.006e-05,1.0015,0.0006,2.5454,11.0,0.0837,1.0022,0.108,2.2552,0.0053,0.9452,0.0655,2.0382,0.0,0.0,0.0,-0.1309,24.0,24.0,37.0,36.0,15.0,0.0,0.0,0.0,64.0,26.1028,0.0,0.0684,0.0,0.0
4994.0,1.742,0.0928,1.0,0.0801,1.2026,2.0531,1.0531,2.279,1.279,26.6182,2.0647,26.2969,2.0519,100.0,0.0,0.0,0.0,24.25,0.0,25.25,0.0,25.25,0.0,24.375,10.0,0.0,0.0122,53.1329,5.3132,2.0,4.5636,1.2637,0.1945,1.3849,0.0441,1.3684,1.006e-05,1.0014,0.0006,2.5445,11.0,0.081,1.0022,0.1244,2.3167,0.0059,0.9932,0.0728,2.084,0.0,0.0,0.0,-0.1308,24.0,24.0,37.0,36.0,13.0,0.0,0.0,0.0,64.0,26.2701,0.0,0.0683,0.0,0.0
4995.0,1.742,0.0927,1.0,0.0802,1.2028,2.0528,1.0528,2.2789,1.2789,26.5097,2.0604,26.2946,2.0518,100.0,0.0,0.0,0.0,24.125,0.0,25.375,0.0,25.375,0.0,24.25,10.0,0.0,0.0124,53.1311,5.313,2.0,4.5539,1.2634,0.1604,1.3811,0.0414,1.3682,1.006e-05,1.0014,0.0006,2.5468,11.0,0.0809,1.0022,0.1074,2.2527,0.0057,0.9801,0.0622,2.0157,0.0,0.0,0.0,-0.1304,24.0,24.0,37.0,36.0,15.0,0.0,0.0,0.0,64.0,26.4714,0.0,0.0688,0.0,0.0
4996.0,1.742,0.0928,1.0,0.0802,1.2027,2.0524,1.0524,2.2788,1.2788,26.61,2.0644,26.3136,2.0525,100.0,0.0,0.0,0.0,24.25,0.0,25.375,0.0,25.25,0.0,24.25,10.0,0.0,0.0122,53.1298,5.3129,2.0,4.5242,1.2622,0.1611,1.3812,0.0545,1.3696,1.006e-05,1.0014,0.0006,2.5455,11.0,0.0837,1.0022,0.1051,2.2436,0.0059,0.9913,0.0615,2.0107,0.0,0.0,0.0,-0.1306,24.0,24.0,37.0,36.0,13.0,0.0,0.0,0.0,64.0,26.6258,0.0,0.0687,0.0,0.0
4997.0,1.74,0.0925,1.0,0.0803,1.203,2.0522,1.0522,2.2788,1.2788,26.7582,2.0703,26.315,2.0526,100.0,0.0,0.0,0.0,24.25,0.0,25.375,0.0,25.5,0.0,24.25,10.0,0.0,0.0125,53.1283,5.3127,2.0,4.5846,1.2645,0.183,1.3836,0.0541,1.3695,1.006e-05,1.0015,0.0006,2.5474,11.0,0.0822,1.0022,0.1109,2.2669,0.0066,1.0427,0.0562,1.9718,0.0,0.0,0.0,-0.1308,25.0,24.0,37.0,36.0,13.0,0.0,0.0,0.0,64.0,26.8136,0.0,0.0683,0.0,0.0
4998.0,1.7369,0.0921,1.0,0.0802,1.2028,2.053,1.053,2.279,1.279,26.7289,2.0692,26.3024,2.0521,100.0,0.0,0.0,0.0,24.25,0.0,25.375,0.0,25.375,0.0,24.125,10.0,0.0,0.012,53.1266,5.3126,2.0,4.5815,1.2644,0.2079,1.3863,0.0498,1.3691,1.006e-05,1.0015,0.0006,2.5454,11.0,0.0847,1.0023,0.0977,2.2119,0.0057,0.9774,0.0546,1.9587,0.0,0.0,0.0,-0.1306,25.0,24.0,37.0,36.0,15.0,0.0,0.0,0.0,64.0,26.9924,0.0,0.0687,0.0,0.0
4999.0,1.7355,0.0919,1.0,0.0799,1.2021,2.053,1.053,2.279,1.279,26.6207,2.0648,26.2958,2.0518,100.0,0.0,0.0,0.0,24.25,0.0,25.375,0.0,25.25,0.0,24.25,10.0,0.0,0.0125,53.1251,5.3124,2.0,4.5994,1.2651,0.1839,1.3837,0.0461,1.3687,1.006e-05,1.0015,0.0006,2.5479,11.0,0.0861,1.0023,0.0864,2.1582,0.0057,0.9812,0.0532,1.9474,0.0,0.0,0.0,-0.1308,25.0,24.0,37.0,36.0,13.0,0.0,0.0,0.0,64.0,27.1583,0.0,0.0683,0.0,0.0
5000.0,1.7346,0.0918,1.0,0.0799,1.2021,2.0533,1.0533,2.2787,1.2787,26.5132,2.0605,26.2979,2.0519,100.0,0.0,0.0,0.0,24.25,0.0,25.375,0.0,25.5,0.0,24.25,10.0,0.0,0.0127,53.1234,5.3123,2.0,4.5952,1.2649,0.1824,1.3835,0.0425,1.3683,1.006e-05,1.0014,0.0006,2.5461,11.0,0.0852,1.0023,0.0792,2.1208,0.0061,1.0068,0.0664,2.0439,0.0,0.0,0.0,-0.1305,25.0,24.0,37.0,36.0,16.0,0.0,0.0,0.0,64.0,27.3614,0.0,0.0685,0.0,0.0
5001.0,1.7337,0.0917,1.0,0.0802,1.2027,2.0529,1.0529,2.2785,1.2785,26.5775,2.0631,26.3157,2.0526,100.0,0.0,0.0,0.0,24.25,0.0,25.375,0.0,25.375,0.0,24.25,10.0,0.0,0.0124,53.1222,5.3122,2.0,4.5874,1.2646,0.1607,1.3812,0.0571,1.3699,1.006e-05,1.0014,0.0006,2.5473,11.0,0.0816,1.0022,0.0838,2.1451,0.0058,0.9819,0.06,1.9999,0.0,0.0,0.0,-0.1307,24.0,24.0,37.0,36.0,14.0,0.0,0.0,0.0,64.0,27.5528,0.0,0.0684,0.0,0.0
5002.0,1.7307,0.0913,1.0,0.0799,1.2021,2.0526,1.0526,2.2787,1.2787,26.7484,2.0699,26.3279,2.0531,100.0,0.0,0.0,0.0,24.125,0.0,25.5,0.0,25.375,0.0,24.25,10.0,0.0,0.0121,53.1204,5.3119,2.0,4.5602,1.2636,0.1188,1.3766,0.0538,1.3695,1.006e-05,1.0014,0.0006,2.5464,11.0,0.08,1.0021,0.0795,2.1223,0.0062,1.0116,0.0589,1.9923,0.0,0.0,0.0,-0.1304,24.0,24.0,37.0,36.0,13.0,0.0,0.0,0.0,64.0,27.7296,0.0,0.0686,0.0,0.0
5003.0,1.7334,0.0917,1.0,0.0797,1.2015,2.0528,1.0528,2.2791,1.2791,26.7444,2.0698,26.3031,2.0521,100.0,0.0,0.0,0.0,24.375,0.0,25.375,0.0,25.25,0.0,24.125,10.0,0.0,0.0127,53.119,5.3118,2.0,4.4126,1.2579,-0.0053,1.3631,0.0502,1.3691,1.006e-05,1.0013,0.0006,2.545,11.0,0.0787,1.0021,0.0721,2.0799,0.0066,1.0427,0.0661,2.0422,0.0,0.0,0.0,-0.1307,24.0,24.0,37.0,36.0,15.0,0.0,0.0,0.0,64.0,27.9175,0.0,0.0684,0.0,0.0
5004.0,1.7366,0.0921,1.0,0.08,1.2022,2.0528,1.0528,2.279,1.279,26.6514,2.0661,26.2873,2.0515,100.0,0.0,0.0,0.0,24.25,0.0,25.375,0.0,25.375,0.0,24.375,10.0,0.0,0.0123,53.1179,5.3117,2.0,4.3189,1.2541,-0.0507,1.3581,0.049,1.369,1.006e-05,1.0013,0.0006,2.5469,11.0,0.0778,1.0021,0.0762,2.1035,0.0058,0.9882,0.0684,2.0567,0.0,0.0,0.0,-0.1308,24.0,24.0,37.0,36.0,13.0,0.0,0.0,0.0,64.0,28.1155,0.0,0.0684,0.0,0.0
5005.0,1.7368,0.0921,1.0,0.08,1.2023,2.0529,1.0529,2.2788,1.2788,26.5246,2.061,26.294,2.0518,100.0,0.0,0.0,0.0,24.25,0.0,25.25,0.0,25.375,0.0,24.25,10.0,0.0,0.0128,53.116,5.3115,2.0,4.357,1.2557,-0.0499,1.3582,0.045,1.3685,1.006e-05,1.0014,0.0006,2.5458,11.0,0.0826,1.0022,0.0559,1.9695,0.006,1.0017,0.0699,2.0666,0.0,0.0,0.0,-0.1307,25.0,24.0,37.0,36.0,14.0,0.0,0.0,0.0,64.0,28.2873,0.0,0.0686,0.0,0.0
5006.0,1.7378,0.0922,1.0,0.0802,1.2028,2.0525,1.0525,2.2786,1.2786,26.5556,2.0622,26.3115,2.0525,100.0,0.0,0.0,0.0,24.375,0.0,25.375,0.0,25.375,0.0,24.25,10.0,0.0,0.0116,53.1147,5.3114,2.0,4.3116,1.2539,-0.0465,1.3586,0.0618,1.3704,1.006e-05,1.0015,0.0006,2.5449,11.0,0.0844,1.0022,0.06,2.0001,0.0059,0.9942,0.0615,2.0105,0.0,0.0,0.0,-0.1304,25.0,24.0,37.0,36.0,14.0,0.0,0.0,0.0,64.0,28.4711,0.0,0.0685,0.0,0.0
5007.0,1.7388,0.0924,1.0,0.0803,1.2031,2.0523,1.0523,2.2787,1.2787,26.7107,2.0684,26.3217,2.0529,100.0,0.0,0.0,0.0,24.125,0.0,25.5,0.0,25.375,0.0,24.25,10.0,0.0,0.0119,53.1132,5.3112,2.0,4.3292,1.2546,0.0051,1.3642,0.0585,1.37,1.006e-05,1.0015,0.0006,2.5465,11.0,0.0834,1.0022,0.1405,2.3696,0.0055,0.9621,0.0732,2.0864,0.0,0.0,0.0,-0.1308,25.0,24.0,37.0,36.0,15.0,0.0,0.0,0.0,64.0,28.6405,0.0,0.0686,0.0,0.0
5008.0,1.7416,0.0927,1.0,0.0802,1.203,2.0529,1.0529,2.2791,1.2791,26.7521,2.0701,26.305,2.0522,100.0,0.0,0.0,0.0,24.25,0.0,25.375,0.0,25.375,0.0,24.25,10.0,0.0,0.0126,53.1116,5.3111,2.0,4.4359,1.2588,0.0731,1.3716,0.0544,1.3696,1.006e-05,1.0014,0.0006,2.5453,11.0,0.0842,1.0022,0.1117,2.2699,0.0065,1.0349,0.0694,2.0629,0.0,0.0,0.0,-0.1309,25.0,24.0,37.0,36.0,13.0,0.0,0.0,0.0,64.0,28.8263,0.0,0.0685,0.0,0.0
5009.0,1.7383,0.0923,1.0,0.0802,1.2029,2.0531,1.0531,2.2789,1.2789,26.662,2.0665,26.2981,2.0519,100.0,0.0,0.0,0.0,24.125,0.0,25.375,0.0,25.25,0.0,24.25,10.0,0.0,0.012,53.1102,5.3109,2.0,4.4882,1.2608,0.0704,1.3713,0.0503,1.3691,1.006e-05,1.0014,0.0006,2.5472,11.0,0.0835,1.0022,0.1357,2.3545,0.0057,0.9751,0.0722,2.0801,0.0,0.0,0.0,-0.1305,25.0,24.0,37.0,36.0,13.0,0.0,0.0,0.0,64.0,29.0251,0.0,0.0686,0.0,0.0
5010.0,1.734,0.0917,1.0,0.0801,1.2026,2.0529,1.0529,2.2788,1.2788,26.5511,2.062,26.2928,2.0517,100.0,0.0,0.0,0.0,24.25,0.0,25.375,0.0,25.375,0.0,24.25,10.0,0.0,0.0115,53.109,5.3109,2.0,4.4544,1.2595,0.0382,1.3678,0.0583,1.37,1.006e-05,1.0014,0.0006,2.546,11.0,0.0847,1.0023,0.1774,2.4709,0.0058,0.9823,0.0636,2.0256,0.0,0.0,0.0,-0.1303,24.0,24.0,37.0,36.0,14.0,0.0,0.0,0.0,64.0,29.2319,0.0,0.0689,0.0,0.0
5011.0,1.7347,0.0918,1.0,0.0801,1.2026,2.0526,1.0526,2.2788,1.2788,26.5564,2.0623,26.3111,2.0524,100.0,0.0,0.0,0.0,24.25,0.0,25.375,0.0,25.375,0.0,24.25,10.0,0.0,0.0125,53.1073,5.3106,2.0,4.4208,1.2582,0.0044,1.3641,0.0634,1.3706,1.006e-05,1.0015,0.0006,2.5449,11.0,0.0834,1.0022,0.1638,2.4362,0.0064,1.0281,0.0708,2.072,0.0,0.0,0.0,-0.1305,24.0,24.0,37.0,36.0,12.0,0.0,0.0,0.0,64.0,29.4058,0.0,0.0687,0.0,0.0
5012.0,1.734,0.0918,1.0,0.0801,1.2027,2.0523,1.0523,2.279,1.279,26.7404,2.0696,26.3123,2.0525,100.0,0.0,0.0,0.0,24.125,0.0,25.375,0.0,25.375,0.0,24.25,10.0,0.0,0.0127,53.1059,5.3105,2.0,4.3222,1.2543,-0.0517,1.358,0.0589,1.3701,1.007e-05,1.0015,0.0006,2.5468,11.0,0.0846,1.0023,0.1841,2.4869,0.0055,0.9656,0.072,2.0789,0.0,0.0,0.0,-0.1306,24.0,24.0,37.0,36.0,15.0,0.0,0.0,0.0,64.0,29.5916,0.0,0.0684,0.0,0.0
5013.0,1.7367,0.0921,1.0,0.0801,1.2025,2.0527,1.0527,2.2793,1.2793,26.7755,2.071,26.3062,2.0522,100.0,0.0,0.0,0.0,24.25,0.0,25.375,0.0,25.375,0.0,24.25,10.0,0.0,0.012,53.1047,5.3104,2.0,4.3149,1.254,-0.0542,1.3577,0.055,1.3696,1.006e-05,1.0015,0.0006,2.5456,11.0,0.0841,1.0022,0.1505,2.3995,0.006,1.0028,0.0629,2.0204,0.0,0.0,0.0,-0.1307,24.0,24.0,37.0,36.0,14.0,0.0,0.0,0.0,64.0,29.7608,0.0,0.0687,0.0,0.0
5014.0,1.7368,0.0921,1.0,0.0801,1.2027,2.0529,1.0529,2.279,1.279,26.6868,2.0675,26.2988,2.052,100.0,0.0,0.0,0.0,24.25,0.0,25.375,0.0,25.375,0.0,24.25,10.0,0.0,0.0121,53.1031,5.3102,2.0,4.2791,1.2525,-0.0911,1.3537,0.0519,1.3693,1.007e-05,1.0015,0.0006,2.5475,11.0,0.0847,1.0023,0.1538,2.4089,0.0055,0.966,0.0726,2.083,0.0,0.0,0.0,-0.1305,25.0,24.0,37.0,36.0,13.0,0.0,0.0,0.0,64.0,29.9636,0.0,0.0689,0.0,0.0
5015.0,1.7377,0.0922,1.0,0.0799,1.2021,2.0528,1.0528,2.2789,1.2789,26.5777,2.0631,26.2939,2.0518,100.0,0.0,0.0,0.0,24.25,0.0,25.375,0.0,25.375,0.0,24.25,10.0,0.0,0.0122,53.1012,5.31,2.0,4.2485,1.2513,-0.0478,1.3584,0.0639,1.3706,1.006e-05,1.0014,0.0006,2.5453,11.0,0.0837,1.0022,0.1217,2.3072,0.0061,1.0075,0.0773,2.11,0.0,0.0,0.0,-0.1307,25.0,24.0,37.0,36.0,15.0,0.0,0.0,0.0,64.0,30.1549,0.0,0.0683,0.0,0.0
5016.0,1.7382,0.0923,1.0,0.08,1.2024,2.0528,1.0528,2.2787,1.2787,26.5294,2.0612,26.3057,2.0522,100.0,0.0,0.0,0.0,24.125,0.0,25.375,0.0,25.375,0.0,24.25,10.0,0.0,0.0117,53.1,5.3099,2.0,4.3813,1.2566,0.073,1.3716,0.0631,1.3705,1.006e-05,1.0013,0.0006,2.5472,11.0,0.0812,1.0022,0.1315,2.3408,0.0063,1.022,0.0938,2.1939,0.0,0.0,0.0,-0.1304,25.0,24.0,37.0,36.0,15.0,0.0,0.0,0.0,64.0,30.3472,0.0,0.0683,0.0,0.0
5017.0,1.7372,0.0921,1.0,0.08,1.2022,2.0523,1.0523,2.2786,1.2786,26.6796,2.0672,26.3213,2.0529,100.0,0.0,0.0,0.0,24.25,0.0,25.375,0.0,25.375,0.0,24.25,10.0,0.0,0.0118,53.0985,5.3098,2.0,4.4266,1.2584,0.0239,1.3662,0.0592,1.3701,1.006e-05,1.0014,0.0006,2.5458,11.0,0.082,1.0022,0.1966,2.5154,0.0066,1.0397,0.0767,2.1068,0.0,0.0,0.0,-0.1307,25.0,24.0,37.0,36.0,13.0,0.0,0.0,0.0,64.0,30.5039,0.0,0.0684,0.0,0.0
5018.0,1.7407,0.0926,1.0,0.0803,1.2031,2.0525,1.0525,2.279,1.279,26.7712,2.0708,26.309,2.0524,100.0,0.0,0.0,0.0,24.125,0.0,25.375,0.0,25.5,0.0,24.25,10.0,0.0,0.0127,53.0969,5.3097,2.0,4.375,1.2564,0.0003,1.3637,0.0554,1.3697,1.006e-05,1.0014,0.0006,2.546,11.0,0.0835,1.0022,0.1904,2.5016,0.0066,1.0444,0.0815,2.133,0.0,0.0,0.0,-0.1304,25.0,24.0,37.0,36.0,15.0,0.0,0.0,0.0,64.0,30.7128,0.0,0.0685,0.0,0.0
5019.0,1.7405,0.0926,1.0,0.0802,1.2028,2.0528,1.0528,2.279,1.279,26.7077,2.0683,26.2997,2.052,100.0,0.0,0.0,0.0,24.125,0.0,25.5,0.0,25.375,0.0,24.25,10.0,0.0,0.0126,53.0956,5.3095,2.0,4.4264,1.2584,0.0505,1.3691,0.0556,1.3697,1.006e-05,1.0014,0.0006,2.5466,11.0,0.0837,1.0022,0.1576,2.4195,0.0058,0.9859,0.0729,2.0847,0.0,0.0,0.0,-0.1307,25.0,24.0,37.0,36.0,15.0,0.0,0.0,0.0,64.0,30.8916,0.0,0.0684,0.0,0.0
5020.0,1.7391,0.0924,1.0,0.0801,1.2024,2.0529,1.0529,2.2789,1.2789,26.5959,2.0638,26.2959,2.0518,100.0,0.0,0.0,0.0,24.25,0.0,25.375,0.0,25.375,0.0,24.25,10.0,0.0,0.012,53.0941,5.3093,2.0,4.4645,1.2599,0.1073,1.3753,0.0682,1.3711,1.006e-05,1.0014,0.0006,2.5457,11.0,0.0835,1.0022,0.1447,2.3822,0.0063,1.0211,0.0918,2.1845,0.0,0.0,0.0,-0.1312,25.0,24.0,37.0,36.0,12.0,0.0,0.0,0.0,64.0,31.0802,0.0,0.0686,0.0,0.0
5021.0,1.7349,0.0919,1.0,0.0802,1.2028,2.0529,1.0529,2.2787,1.2787,26.5108,2.0604,26.3021,2.0521,100.0,0.0,0.0,0.0,24.125,0.0,25.375,0.0,25.25,0.0,24.25,10.0,0.0,0.0123,53.0926,5.3092,2.0,4.5014,1.2613,0.1333,1.3782,0.0647,1.3707,1.006e-05,1.0015,0.0006,2.5474,11.0,0.0846,1.0023,0.1838,2.4863,0.006,1.002,0.0763,2.1046,0.0,0.0,0.0,-0.1306,25.0,24.0,37.0,36.0,14.0,0.0,0.0,0.0,64.0,31.2545,0.0,0.0689,0.0,0.0
5022.0,1.7357,0.092,1.0,0.08,1.2023,2.0524,1.0524,2.2785,1.2785,26.6496,2.0656,26.3207,2.0528,100.0,0.0,0.0,0.0,24.25,0.0,25.375,0.0,25.375,0.0,24.375,10.0,0.0,0.0122,53.0911,5.3091,2.0,4.4658,1.26,0.056,1.3697,0.0606,1.3703,1.006e-05,1.0014,0.0006,2.546,11.0,0.0851,1.0023,0.1592,2.4237,0.0065,1.0351,0.0788,2.1186,0.0,0.0,0.0,-0.1305,25.0,24.0,37.0,36.0,15.0,0.0,0.0,0.0,64.0,31.4187,0.0,0.0683,0.0,0.0
5023.0,1.7357,0.092,1.0,0.08,1.2023,2.0523,1.0523,2.2789,1.2789,26.7613,2.0705,26.3115,2.0525,100.0,0.0,0.0,0.0,24.25,0.0,25.375,0.0,25.375,0.0,24.25,10.0,0.0,0.0128,53.0897,5.3089,2.0,4.5112,1.2617,0.0965,1.3742,0.0582,1.37,1.006e-05,1.0014,0.0006,2.5476,11.0,0.0827,1.0022,0.1459,2.386,0.0065,1.0355,0.0929,2.1899,0.0,0.0,0.0,-0.1307,25.0,24.0,37.0,36.0,14.0,0.0,0.0,0.0,64.0,31.6043,0.0,0.0687,0.0,0.0
5024.0,1.7348,0.0918,1.0,0.08,1.2024,2.053,1.053,2.2789,1.2789,26.7077,2.0683,26.2997,2.052,100.0,0.0,0.0,0.0,24.25,0.0,25.375,0.0,25.25,0.0,24.25,10.0,0.0,0.0123,53.0884,5.3088,2.0,4.4255,1.2584,0.0083,1.3645,0.0709,1.3714,1.006e-05,1.0014,0.0006,2.5464,11.0,0.0797,1.0021,0.1318,2.3417,0.0063,1.0219,0.0847,2.1496,0.0,0.0,0.0,-0.1307,25.0,24.0,37.0,36.0,13.0,0.0,0.0,0.0,64.0,31.7898,0.0,0.0686,0.0,0.0
5025.0,1.7367,0.0921,1.0,0.0799,1.202,2.0533,1.0533,2.279,1.279,26.6116,2.0645,26.2967,2.0519,100.0,0.0,0.0,0.0,24.125,0.0,25.375,0.0,25.375,0.0,24.375,10.0,0.0,0.0122,53.087,5.3086,2.0,4.3949,1.2572,-0.0105,1.3625,0.0676,1.371,1.006e-05,1.0013,0.0006,2.5484,11.0,0.0794,1.0021,0.1326,2.3444,0.0059,0.9901,0.0857,2.1548,0.0,0.0,0.0,-0.1309,25.0,24.0,37.0,36.0,13.0,0.0,0.0,0.0,64.0,31.9592,0.0,0.0689,0.0,0.0
5026.0,1.7368,0.0921,1.0,0.08,1.2022,2.0532,1.0532,2.2786,1.2786,26.5096,2.0604,26.3023,2.0521,100.0,0.0,0.0,0.0,24.125,0.0,25.375,0.0,25.375,0.0,24.125,10.0,0.0,0.012,53.0855,5.3085,2.0,4.3723,1.2563,0.0018,1.3638,0.0645,1.3707,1.006e-05,1.0015,0.0006,2.5471,11.0,0.084,1.0022,0.1342,2.3498,0.0061,1.0053,0.0737,2.0896,0.0,0.0,0.0,-0.1305,25.0,24.0,37.0,36.0,12.0,0.0,0.0,0.0,64.0,32.121,0.0,0.0686,0.0,0.0
5027.0,1.7369,0.0921,1.0,0.0799,1.2021,2.0527,1.0527,2.2786,1.2786,26.6248,2.065,26.319,2.0528,100.0,0.0,0.0,0.0,24.125,0.0,25.375,0.0,25.375,0.0,24.25,10.0,0.0,0.012,53.0841,5.3083,2.0,4.3321,1.2547,-0.0323,1.3601,0.0609,1.3703,1.006e-05,1.0015,0.0006,2.5487,11.0,0.0828,1.0022,0.1189,2.2969,0.0055,0.9637,0.0706,2.0706,0.0,0.0,0.0,-0.1304,25.0,24.0,37.0,36.0,13.0,0.0,0.0,0.0,64.0,32.2933,0.0,0.0686,0.0,0.0
5028.0,1.7398,0.0925,1.0,0.0799,1.202,2.0527,1.0527,2.2789,1.2789,26.7607,2.0704,26.3124,2.0525,100.0,0.0,0.0,0.0,24.25,0.0,25.375,0.0,25.25,0.0,24.25,10.0,0.0,0.0118,53.0828,5.3082,2.0,4.2997,1.2534,-0.0702,1.356,0.0759,1.3719,1.006e-05,1.0014,0.0006,2.5474,11.0,0.0796,1.0021,0.1055,2.2451,0.0068,1.0558,0.0709,2.0727,0.0,0.0,0.0,-0.1304,25.0,24.0,37.0,36.0,14.0,0.0,0.0,0.0,64.0,32.4934,0.0,0.0687,0.0,0.0
5029.0,1.74,0.0925,1.0,0.0802,1.2027,2.0528,1.0528,2.279,1.279,26.7204,2.0688,26.2993,2.052,100.0,0.0,0.0,0.0,24.25,0.0,25.375,0.0,25.375,0.0,24.375,10.0,0.0,0.012,53.0815,5.3081,2.0,4.3251,1.2544,-0.0317,1.3602,0.0714,1.3714,1.006e-05,1.0013,0.0006,2.5467,11.0,0.0786,1.0021,0.1159,2.2859,0.0065,1.0374,0.0691,2.0612,0.0,0.0,0.0,-0.1305,25.0,24.0,37.0,36.0,13.0,0.0,0.0,0.0,64.0,32.6675,0.0,0.069,0.0,0.0
5030.0,1.7406,0.0926,1.0,0.0798,1.2017,2.0529,1.0529,2.2792,1.2792,26.6229,2.0649,26.2962,2.0518,100.0,0.0,0.0,0.0,24.25,0.0,25.375,0.0,25.375,0.0,24.25,10.0,0.0,0.012,53.0801,5.3079,2.0,4.2996,1.2534,-0.0733,1.3556,0.067,1.3709,1.006e-05,1.0014,0.0006,2.5482,11.0,0.0786,1.0021,0.1481,2.3924,0.0059,0.9916,0.0662,2.0426,0.0,0.0,0.0,-0.1306,24.0,24.0,37.0,36.0,14.0,0.0,0.0,0.0,64.0,32.8317,0.0,0.0684,0.0,0.0
5031.0,1.7389,0.0924,1.0,0.0799,1.2021,2.053,1.053,2.2787,1.2787,26.5109,2.0604,26.3,2.052,100.0,0.0,0.0,0.0,24.125,0.0,25.375,0.0,25.375,0.0,24.25,10.0,0.0,0.0121,53.0788,5.3078,2.0,4.2589,1.2517,-0.0843,1.3544,0.0626,1.3705,1.006e-05,1.0013,0.0006,2.5472,11.0,0.0756,1.002,0.172,2.4574,0.0061,1.007,0.0577,1.9833,0.0,0.0,0.0,-0.1308,24.0,24.0,37.0,36.0,13.0,0.0,0.0,0.0,64.0,33.0016,0.0,0.0687,0.0,0.0
5032.0,1.7389,0.0924,1.0,0.0799,1.2021,2.0528,1.0528,2.2786,1.2786,26.6076,2.0643,26.3226,2.0529,100.0,0.0,0.0,0.0,24.125,0.0,25.375,0.0,25.25,0.0,24.125,10.0,0.0,0.0116,53.0771,5.3076,2.0,4.2219,1.2502,-0.1274,1.3497,0.0793,1.3723,1.006e-05,1.0013,0.0006,2.5483,11.0,0.0793,1.0021,0.1601,2.4263,0.0059,0.9917,0.0642,2.0292,0.0,0.0,0.0,-0.1304,24.0,24.0,37.0,36.0,14.0,0.0,0.0,0.0,64.0,33.1649,0.0,0.0688,0.0,0.0
5033.0,1.7379,0.0922,1.0,0.0799,1.202,2.0525,1.0525,2.2788,1.2788,26.7537,2.0701,26.3179,2.0527,100.0,0.0,0.0,0.0,24.125,0.0,25.375,0.0,25.375,0.0,24.125,10.0,0.0,0.0121,53.076,5.3075,2.0,4.1883,1.2488,-0.1324,1.3492,0.0751,1.3718,1.005e-05,1.0012,0.0006,2.5497,11.0,0.0771,1.0021,0.1246,2.3172,0.0061,1.0049,0.0706,2.0705,0.0,0.0,0.0,-0.1304,24.0,24.0,37.0,36.0,12.0,0.0,0.0,0.0,64.0,33.3582,0.0,0.0685,0.0,0.0
5034.0,1.7378,0.0922,1.0,0.0799,1.202,2.0527,1.0527,2.2792,1.2792,26.7275,2.0691,26.3015,2.0521,100.0,0.0,0.0,0.0,24.25,0.0,25.25,0.0,25.25,0.0,24.25,10.0,0.0,0.0119,53.0749,5.3074,2.0,4.1955,1.2491,-0.094,1.3534,0.0704,1.3713,1.005e-05,1.0013,0.0006,2.5491,11.0,0.0754,1.002,0.1696,2.4512,0.0061,1.0092,0.0796,2.1229,0.0,0.0,0.0,-0.1307,24.0,24.0,37.0,36.0,14.0,0.0,0.0,0.0,64.0,33.5363,0.0,0.0681,0.0,0.0
5035.0,1.7368,0.0921,1.0,0.0801,1.2025,2.0529,1.0529,2.2793,1.2793,26.6318,2.0653,26.2896,2.0516,100.0,0.0,0.0,0.0,24.25,0.0,25.375,0.0,25.25,0.0,24.375,10.0,0.0,0.0121,53.0736,5.3073,2.0,4.194,1.2491,-0.1508,1.3472,0.0672,1.371,1.006e-05,1.0013,0.0006,2.5474,11.0,0.0784,1.0021,0.1362,2.3559,0.0055,0.959,0.0809,2.13,0.0,0.0,0.0,-0.1306,24.0,24.0,37.0,36.0,13.0,0.0,0.0,0.0,64.0,33.7202,0.0,0.0686,0.0,0.0
5036.0,1.7368,0.0921,1.0,0.08,1.2023,2.0531,1.0531,2.279,1.279,26.512,2.0605,26.2953,2.0518,100.0,0.0,0.0,0.0,24.25,0.0,25.375,0.0,25.25,0.0,24.25,10.0,0.0,0.0118,53.0719,5.3071,2.0,4.1253,1.2462,-0.1489,1.3474,0.0816,1.3725,1.006e-05,1.0014,0.0006,2.5494,11.0,0.0794,1.0021,0.1342,2.3496,0.0058,0.9869,0.0717,2.0772,0.0,0.0,0.0,-0.1306,24.0,24.0,37.0,36.0,15.0,0.0,0.0,0.0,64.0,33.8954,0.0,0.0688,0.0,0.0
5037.0,1.7368,0.0921,1.0,0.08,1.2022,2.0529,1.0529,2.2787,1.2787,26.583,2.0633,26.3156,2.0526,100.0,0.0,0.0,0.0,24.25,0.0,25.375,0.0,25.25,0.0,24.25,10.0,0.0,0.0117,53.0707,5.307,2.0,4.1804,1.2485,-0.1167,1.3509,0.0764,1.372,1.005e-05,1.0013,0.0006,2.5482,11.0,0.0768,1.002,0.1238,2.3147,0.0061,1.0053,0.0757,2.1008,0.0,0.0,0.0,-0.1305,24.0,24.0,37.0,36.0,13.0,0.0,0.0,0.0,64.0,34.0614,0.0,0.0688,0.0,0.0
5038.0,1.7379,0.0922,1.0,0.0802,1.2027,2.0525,1.0525,2.2787,1.2787,26.7371,2.0695,26.3207,2.0528,100.0,0.0,0.0,0.0,24.25,0.0,25.375,0.0,25.375,0.0,24.25,10.0,0.0,0.0126,53.0692,5.3069,2.0,4.1656,1.2479,-0.1185,1.3507,0.0731,1.3716,1.006e-05,1.0013,0.0006,2.547,11.0,0.0786,1.0021,0.1089,2.2587,0.0067,1.0487,0.0711,2.0737,0.0,0.0,0.0,-0.1304,24.0,24.0,37.0,36.0,13.0,0.0,0.0,0.0,64.0,34.2639,0.0,0.0689,0.0,0.0
5039.0,1.7399,0.0925,1.0,0.08,1.2024,2.0526,1.0526,2.2791,1.2791,26.7388,2.0696,26.304,2.0522,100.0,0.0,0.0,0.0,24.25,0.0,25.375,0.0,25.375,0.0,24.25,10.0,0.0,0.0122,53.0679,5.3067,2.0,4.1731,1.2482,-0.0775,1.3552,0.073,1.3716,1.006e-05,1.0014,0.0006,2.5486,11.0,0.0817,1.0022,0.107,2.2514,0.0056,0.9684,0.0729,2.0848,0.0,0.0,0.0,-0.1307,24.0,24.0,37.0,36.0,13.0,0.0,0.0,0.0,64.0,34.4525,0.0,0.0684,0.0,0.0
5040.0,1.74,0.0925,1.0,0.0802,1.2028,2.0529,1.0529,2.279,1.279,26.6558,2.0662,26.2899,2.0516,100.0,0.0,0.0,0.0,24.25,0.0,25.375,0.0,25.375,0.0,24.25,10.0,0.0,0.0126,53.0666,5.3066,2.0,4.3052,1.2536,-0.0199,1.3615,0.086,1.373,1.006e-05,1.0014,0.0006,2.5469,11.0,0.0843,1.0022,0.1008,2.2254,0.0056,0.9689,0.0606,2.0044,0.0,0.0,0.0,-0.1308,24.0,24.0,37.0,36.0,14.0,0.0,0.0,0.0,64.0,34.634,0.0,0.0685,0.0,0.0
5041.0,1.74,0.0925,1.0,0.0802,1.2029,2.0529,1.0529,2.2788,1.2788,26.5325,2.0613,26.2931,2.0517,100.0,0.0,0.0,0.0,24.125,0.0,25.375,0.0,25.25,0.0,24.25,10.0,0.0,0.0119,53.0653,5.3064,2.0,4.2014,1.2494,-0.0667,1.3564,0.0818,1.3726,1.006e-05,1.0015,0.0006,2.5492,11.0,0.0832,1.0022,0.1026,2.2329,0.0059,0.9956,0.062,2.0145,0.0,0.0,0.0,-0.1306,24.0,24.0,37.0,36.0,17.0,0.0,0.0,0.0,64.0,34.804,0.0,0.0689,0.0,0.0
5042.0,1.7394,0.0924,1.0,0.0801,1.2025,2.0526,1.0526,2.2786,1.2786,26.548,2.0619,26.3111,2.0524,100.0,0.0,0.0,0.0,24.25,0.0,25.375,0.0,25.25,0.0,24.25,10.0,0.0,0.0123,53.0639,5.3064,2.0,4.1755,1.2483,-0.0996,1.3528,0.0771,1.372,1.006e-05,1.0015,0.0006,2.5471,11.0,0.0814,1.0022,0.1025,2.2326,0.0057,0.9793,0.0591,1.9938,0.0,0.0,0.0,-0.1306,24.0,24.0,37.0,36.0,14.0,0.0,0.0,0.0,64.0,35.004,0.0,0.0685,0.0,0.0
5043.0,1.739,0.0924,1.0,0.0801,1.2027,2.0524,1.0524,2.2787,1.2787,26.718,2.0687,26.3218,2.0529,100.0,0.0,0.0,0.0,24.125,0.0,25.5,0.0,25.25,0.0,24.25,10.0,0.0,0.0123,53.0626,5.3062,2.0,4.1918,1.249,-0.08,1.3549,0.0864,1.3731,1.006e-05,1.0013,0.0006,2.5475,11.0,0.0791,1.0021,0.0876,2.1644,0.0051,0.9327,0.06,2.0001,0.0,0.0,0.0,-0.1306,25.0,24.0,37.0,36.0,14.0,0.0,0.0,0.0,64.0,35.1974,0.0,0.069,0.0,0.0
5044.0,1.7379,0.0922,1.0,0.0798,1.2016,2.053,1.053,2.2791,1.2791,26.7556,2.0702,26.3066,2.0523,100.0,0.0,0.0,0.0,24.25,0.0,25.5,0.0,25.375,0.0,24.25,10.0,0.0,0.0124,53.0611,5.3061,2.0,4.2384,1.2509,-0.0329,1.36,0.0853,1.3729,1.006e-05,1.0013,0.0006,2.5474,11.0,0.0796,1.0021,0.0831,2.1412,0.0067,1.0499,0.0722,2.0806,0.0,0.0,0.0,-0.1307,25.0,24.0,37.0,36.0,13.0,0.0,0.0,0.0,64.0,35.3727,0.0,0.0685,0.0,0.0
5045.0,1.7399,0.0925,1.0,0.08,1.2023,2.0533,1.0533,2.2789,1.2789,26.6823,2.0673,26.2983,2.0519,100.0,0.0,0.0,0.0,24.25,0.0,25.5,0.0,25.375,0.0,24.25,10.0,0.0,0.0122,53.0598,5.3059,2.0,4.33,1.2546,0.0819,1.3726,0.0816,1.3725,1.005e-05,1.0013,0.0006,2.5466,11.0,0.0789,1.0021,0.0788,2.1186,0.0054,0.9524,0.0739,2.0905,0.0,0.0,0.0,-0.1303,25.0,24.0,37.0,36.0,14.0,0.0,0.0,0.0,64.0,35.5686,0.0,0.0688,0.0,0.0
5046.0,1.7402,0.0925,1.0,0.0799,1.2021,2.0533,1.0533,2.2788,1.2788,26.5513,2.0621,26.295,2.0518,100.0,0.0,0.0,0.0,24.25,0.0,25.375,0.0,25.25,0.0,24.25,10.0,0.0,0.012,53.0589,5.3058,2.0,4.3827,1.2567,0.0653,1.3708,0.0763,1.372,1.005e-05,1.0012,0.0006,2.5478,11.0,0.0752,1.002,0.0746,2.0944,0.0056,0.9699,0.0825,2.1384,0.0,0.0,0.0,-0.1303,25.0,24.0,37.0,36.0,15.0,0.0,0.0,0.0,64.0,35.7306,0.0,0.0685,0.0,0.0
5047.0,1.745,0.0931,1.0,0.0801,1.2026,2.0531,1.0531,2.2784,1.2784,26.5278,2.0611,26.3181,2.0527,100.0,0.0,0.0,0.0,24.25,0.0,25.375,0.0,25.375,0.0,24.125,10.0,0.0,0.0126,53.0576,5.3057,2.0,4.4145,1.258,0.1146,1.3761,0.0928,1.3738,1.006e-05,1.0013,0.0006,2.5468,11.0,0.0764,1.002,0.0823,2.1373,0.0057,0.9772,0.0681,2.0548,0.0,0.0,0.0,-0.1305,24.0,24.0,37.0,36.0,15.0,0.0,0.0,0.0,64.0,35.9519,0.0,0.0686,0.0,0.0
5048.0,1.7451,0.0931,1.0,0.08,1.2023,2.0527,1.0527,2.2786,1.2786,26.6936,2.0677,26.3241,2.053,100.0,0.0,0.0,0.0,24.125,0.0,25.375,0.0,25.375,0.0,24.25,10.0,0.0,0.0118,53.0561,5.3055,2.0,4.4687,1.2601,0.16,1.3811,0.0886,1.3733,1.005e-05,1.0013,0.0006,2.5484,11.0,0.0786,1.0021,0.0648,2.0331,0.0057,0.9753,0.068,2.0545,0.0,0.0,0.0,-0.131,24.0,24.0,37.0,36.0,15.0,0.0,0.0,0.0,64.0,36.1394,0.0,0.0687,0.0,0.0
5049.0,1.7469,0.0934,1.0,0.0799,1.2021,2.0525,1.0525,2.279,1.279,26.7621,2.0705,26.3102,2.0524,100.0,0.0,0.0,0.0,24.25,0.0,25.375,0.0,25.375,0.0,24.25,10.0,0.0,0.0123,53.0547,5.3054,2.0,4.4729,1.2602,0.1408,1.379,0.0842,1.3728,1.006e-05,1.0013,0.0006,2.5472,11.0,0.0773,1.0021,0.062,2.0144,0.0063,1.0199,0.0679,2.0537,0.0,0.0,0.0,-0.1306,24.0,24.0,37.0,36.0,15.0,0.0,0.0,0.0,64.0,36.336,0.0,0.0686,0.0,0.0
5050.0,1.7511,0.0939,1.0,0.0799,1.2021,2.0528,1.0528,2.279,1.279,26.6767,2.0671,26.2956,2.0518,100.0,0.0,0.0,0.0,24.25,0.0,25.375,0.0,25.25,0.0,24.25,10.0,0.0,0.0118,53.0539,5.3053,2.0,4.4916,1.261,0.1706,1.3822,0.0966,1.3742,1.005e-05,1.0012,0.0006,2.5485,11.0,0.075,1.002,0.0613,2.0096,0.0067,1.048,0.0699,2.0661,0.0,0.0,0.0,-0.1307,24.0,24.0,37.0,36.0,14.0,0.0,0.0,0.0,64.0,36.504,0.0,0.0688,0.0,0.0
5051.0,1.7514,0.0939,1.0,0.0802,1.2028,2.0531,1.0531,2.2788,1.2788,26.5649,2.0626,26.2953,2.0518,100.0,0.0,0.0,0.0,24.125,0.0,25.375,0.0,25.375,0.0,24.375,10.0,0.0,0.0126,53.0526,5.3052,2.0,4.5505,1.2632,0.1896,1.3843,0.093,1.3738,1.006e-05,1.0014,0.0006,2.5474,11.0,0.0803,1.0021,0.0536,1.9513,0.0058,0.9855,0.0722,2.0805,0.0,0.0,0.0,-0.1305,24.0,24.0,37.0,36.0,14.0,0.0,0.0,0.0,64.0,36.7139,0.0,0.0686,0.0,0.0
5052.0,1.7486,0.0936,1.0,0.0799,1.2021,2.0531,1.0531,2.2786,1.2786,26.5228,2.0609,26.3075,2.0523,100.0,0.0,0.0,0.0,24.125,0.0,25.375,0.0,25.25,0.0,24.25,10.0,0.0,0.0121,53.0512,5.305,2.0,4.5905,1.2647,0.2127,1.3868,0.0895,1.3734,1.006e-05,1.0013,0.0006,2.5468,11.0,0.0811,1.0022,0.0609,2.0062,0.0059,0.9936,0.0723,2.081,0.0,0.0,0.0,-0.1307,24.0,24.0,37.0,36.0,15.0,0.0,0.0,0.0,64.0,36.9194,0.0,0.0687,0.0,0.0
5053.0,1.7429,0.0929,1.0,0.0801,1.2026,2.0525,1.0525,2.2784,1.2784,26.6766,2.0671,26.3231,2.0529,100.0,0.0,0.0,0.0,24.25,0.0,25.375,0.0,25.375,0.0,24.25,10.0,0.0,0.0121,53.0497,5.3049,2.0,4.6228,1.266,0.2379,1.3896,0.0987,1.3744,1.006e-05,1.0014,0.0006,2.5482,11.0,0.0818,1.0022,0.0572,1.9795,0.006,1.0024,0.0699,2.0661,0.0,0.0,0.0,-0.1306,24.0,24.0,37.0,36.0,14.0,0.0,0.0,0.0,64.0,37.1267,0.0,0.0689,0.0,0.0
5054.0,1.7401,0.0925,1.0,0.0802,1.2027,2.0523,1.0523,2.2789,1.2789,26.7628,2.0705,26.3113,2.0525,100.0,0.0,0.0,0.0,24.25,0.0,25.375,0.0,25.25,0.0,24.25,10.0,0.0,0.0127,53.0483,5.3047,2.0,4.6056,1.2653,0.2201,1.3876,0.0999,1.3745,1.006e-05,1.0014,0.0006,2.5471,11.0,0.0828,1.0022,0.0476,1.8994,0.0058,0.9826,0.0839,2.1459,0.0,0.0,0.0,-0.1307,24.0,24.0,37.0,36.0,13.0,0.0,0.0,0.0,64.0,37.2657,0.0,0.0688,0.0,0.0
5055.0,1.74,0.0925,1.0,0.08,1.2021,2.0528,1.0528,2.279,1.279,26.6947,2.0678,26.2994,2.052,100.0,0.0,0.0,0.0,24.25,0.0,25.375,0.0,25.375,0.0,24.25,10.0,0.0,0.0119,53.0467,5.3046,2.0,4.6263,1.2661,0.2207,1.3877,0.0948,1.374,1.007e-05,1.0015,0.0006,2.5486,11.0,0.0848,1.0023,0.0459,1.8837,0.0062,1.0122,0.0747,2.0952,0.0,0.0,0.0,-0.1307,24.0,24.0,37.0,36.0,13.0,0.0,0.0,0.0,64.0,37.4783,0.0,0.0686,0.0,0.0
5056.0,1.74,0.0925,1.0,0.0801,1.2024,2.0529,1.0529,2.2789,1.2789,26.5825,2.0633,26.2867,2.0515,100.0,0.0,0.0,0.0,24.25,0.0,25.375,0.0,25.375,0.0,24.25,10.0,0.0,0.0124,53.0454,5.3044,2.0,4.6092,1.2655,0.2191,1.3875,0.092,1.3737,1.006e-05,1.0015,0.0006,2.5476,11.0,0.0838,1.0022,0.1057,2.246,0.0064,1.0256,0.0781,2.1147,0.0,0.0,0.0,-0.1307,24.0,24.0,37.0,36.0,14.0,0.0,0.0,0.0,64.0,37.6415,0.0,0.0686,0.0,0.0
5057.0,1.7395,0.0924,1.0,0.08,1.2022,2.0528,1.0528,2.2787,1.2787,26.5066,2.0603,26.2945,2.0518,100.0,0.0,0.0,0.0,24.25,0.0,25.375,0.0,25.25,0.0,24.25,10.0,0.0,0.0125,53.0441,5.3044,2.0,4.6951,1.2687,0.2959,1.3959,0.1031,1.3749,1.006e-05,1.0014,0.0006,2.5489,11.0,0.0812,1.0022,0.1163,2.2874,0.0056,0.9667,0.0692,2.062,0.0,0.0,0.0,-0.1305,24.0,24.0,37.0,36.0,15.0,0.0,0.0,0.0,64.0,37.8388,0.0,0.0687,0.0,0.0
5058.0,1.74,0.0925,1.0,0.0799,1.2019,2.0524,1.0524,2.2786,1.2786,26.6309,2.0652,26.3117,2.0525,100.0,0.0,0.0,0.0,24.125,0.0,25.375,0.0,25.25,0.0,24.25,10.0,0.0,0.0127,53.043,5.3042,2.0,4.7433,1.2704,0.2713,1.3932,0.0987,1.3744,1.006e-05,1.0013,0.0006,2.5475,11.0,0.0799,1.0021,0.0875,2.1638,0.0056,0.9683,0.0961,2.2046,0.0,0.0,0.0,-0.1301,24.0,24.0,37.0,36.0,14.0,0.0,0.0,0.0,64.0,38.0026,0.0,0.0683,0.0,0.0
5059.0,1.7389,0.0924,1.0,0.0798,1.2018,2.0527,1.0527,2.2789,1.2789,26.7615,2.0705,26.3126,2.0525,100.0,0.0,0.0,0.0,24.125,0.0,25.375,0.0,25.375,0.0,24.125,10.0,0.0,0.0123,53.042,5.3041,2.0,4.7143,1.2694,0.238,1.3896,0.095,1.374,1.006e-05,1.0015,0.0006,2.5499,11.0,0.0838,1.0022,0.0995,2.2198,0.0066,1.041,0.0802,2.1259,0.0,0.0,0.0,-0.1304,24.0,24.0,37.0,36.0,14.0,0.0,0.0,0.0,64.0,38.1954,0.0,0.0689,0.0,0.0
5060.0,1.7369,0.0921,1.0,0.0797,1.2014,2.0532,1.0532,2.2787,1.2787,26.7108,2.0684,26.3017,2.0521,100.0,0.0,0.0,0.0,24.25,0.0,25.375,0.0,25.375,0.0,24.125,10.0,0.0,0.0122,53.0406,5.304,2.0,4.6434,1.2667,0.1923,1.3846,0.1078,1.3754,1.006e-05,1.0014,0.0006,2.5483,11.0,0.0807,1.0022,0.0974,2.2102,0.007,1.0667,0.0848,2.15,0.0,0.0,0.0,-0.1304,24.0,24.0,37.0,36.0,13.0,0.0,0.0,0.0,64.0,38.3996,0.0,0.0686,0.0,0.0
5061.0,1.7378,0.0922,1.0,0.0799,1.2019,2.0533,1.0533,2.2785,1.2785,26.5951,2.0638,26.2955,2.0518,100.0,0.0,0.0,0.0,24.25,0.0,25.375,0.0,25.375,0.0,24.25,10.0,0.0,0.0128,53.0394,5.3039,2.0,4.5668,1.2638,0.1064,1.3752,0.103,1.3749,1.006e-05,1.0013,0.0006,2.5499,11.0,0.0772,1.0021,0.0805,2.1279,0.0055,0.9623,0.0863,2.158,0.0,0.0,0.0,-0.1304,24.0,24.0,37.0,36.0,14.0,0.0,0.0,0.0,64.0,38.5906,0.0,0.0689,0.0,0.0
5062.0,1.7369,0.0921,1.0,0.0799,1.2021,2.0533,1.0533,2.2783,1.2783,26.5095,2.0604,26.299,2.052,100.0,0.0,0.0,0.0,24.25,0.0,25.375,0.0,25.25,0.0,24.25,10.0,0.0,0.0125,53.038,5.3037,2.0,4.5772,1.2642,0.1715,1.3823,0.0982,1.3744,1.006e-05,1.0013,0.0006,2.5485,11.0,0.0774,1.0021,0.0911,2.1815,0.0057,0.9744,0.0715,2.0762,0.0,0.0,0.0,-0.1304,24.0,24.0,37.0,36.0,14.0,0.0,0.0,0.0,64.0,38.7465,0.0,0.0688,0.0,0.0
5063.0,1.7379,0.0922,1.0,0.0798,1.2016,2.0527,1.0527,2.2782,1.2782,26.6295,2.0652,26.3194,2.0528,100.0,0.0,0.0,0.0,24.25,0.0,25.375,0.0,25.375,0.0,24.25,10.0,0.0,0.0125,53.0365,5.3035,2.0,4.8446,1.2741,0.3669,1.4037,0.1112,1.3758,1.005e-05,1.0013,0.0006,2.5504,11.0,0.0772,1.0021,0.0778,2.113,0.0066,1.042,0.0735,2.0881,0.0,0.0,0.0,-0.1304,24.0,24.0,37.0,36.0,14.0,0.0,0.0,0.0,64.0,38.9561,0.0,0.0686,0.0,0.0
5064.0,1.7387,0.0923,1.0,0.0798,1.2017,2.0527,1.0527,2.2788,1.2788,26.7574,2.0703,26.3165,2.0527,100.0,0.0,0.0,0.0,24.25,0.0,25.375,0.0,25.25,0.0,24.25,10.0,0.0,0.0128,53.0356,5.3035,2.0,4.8602,1.2747,0.3047,1.3969,0.1065,1.3753,1.005e-05,1.0013,0.0006,2.5489,11.0,0.0759,1.002,0.0905,2.1784,0.007,1.064,0.0756,2.1005,0.0,0.0,0.0,-0.1308,24.0,24.0,37.0,36.0,13.0,0.0,0.0,0.0,64.0,39.1372,0.0,0.069,0.0,0.0
5065.0,1.739,0.0924,1.0,0.0801,1.2025,2.0528,1.0528,2.2791,1.2791,26.7289,2.0692,26.2986,2.0519,100.0,0.0,0.0,0.0,24.25,0.0,25.375,0.0,25.25,0.0,24.25,10.0,0.0,0.0125,53.0343,5.3034,2.0,4.7377,1.2702,0.2524,1.3912,0.1027,1.3748,1.005e-05,1.0013,0.0006,2.5506,11.0,0.0759,1.002,0.1268,2.325,0.0063,1.0213,0.0715,2.0762,0.0,0.0,0.0,-0.1304,24.0,24.0,37.0,36.0,15.0,0.0,0.0,0.0,64.0,39.3093,0.0,0.0688,0.0,0.0
5066.0,1.7394,0.0924,1.0,0.0802,1.2028,2.0525,1.0525,2.2791,1.2791,26.6394,2.0656,26.2872,2.0515,100.0,0.0,0.0,0.0,24.125,0.0,25.25,0.0,25.375,0.0,24.25,10.0,0.0,0.012,53.0339,5.3033,2.0,4.9161,1.2766,0.3721,1.4042,0.1165,1.3763,1.006e-05,1.0013,0.0006,2.5485,11.0,0.0813,1.0022,0.1366,2.3573,0.0058,0.9863,0.0943,2.1964,0.0,0.0,0.0,-0.1305,24.0,24.0,37.0,36.0,14.0,0.0,0.0,0.0,64.0,39.4696,0.0,0.0689,0.0,0.0
5067.0,1.74,0.0925,1.0,0.0799,1.2021,2.0525,1.0525,2.2788,1.2788,26.5175,2.0607,26.2859,2.0514,100.0,0.0,0.0,0.0,24.125,0.0,25.375,0.0,25.375,0.0,24.25,10.0,0.0,0.0125,53.0323,5.3031,2.0,4.9302,1.2771,0.3489,1.4017,0.1122,1.3759,1.006e-05,1.0014,0.0006,2.5489,11.0,0.0806,1.0021,0.146,2.3861,0.006,1.002,0.0924,2.1875,0.0,0.0,0.0,-0.1304,24.0,24.0,37.0,36.0,13.0,0.0,0.0,0.0,64.0,39.6574,0.0,0.0689,0.0,0.0
5068.0,1.7394,0.0924,1.0,0.08,1.2024,2.0525,1.0525,2.2785,1.2785,26.5795,2.0632,26.3168,2.0527,100.0,0.0,0.0,0.0,24.25,0.0,25.375,0.0,25.375,0.0,24.25,10.0,0.0,0.0124,53.0312,5.3031,2.0,4.965,1.2784,0.3633,1.4033,0.1131,1.376,1.006e-05,1.0013,0.0006,2.5498,11.0,0.0783,1.0021,0.1211,2.3051,0.0059,0.9952,0.0742,2.0922,0.0,0.0,0.0,-0.1304,24.0,24.0,37.0,36.0,14.0,0.0,0.0,0.0,64.0,39.8207,0.0,0.0687,0.0,0.0
5069.0,1.74,0.0925,1.0,0.0801,1.2025,2.0525,1.0525,2.2785,1.2785,26.7505,2.07,26.318,2.0527,100.0,0.0,0.0,0.0,24.25,0.0,25.375,0.0,25.375,0.0,24.25,10.0,0.0,0.0117,53.0295,5.3028,2.0,4.9609,1.2782,0.3439,1.4012,0.12,1.3767,1.006e-05,1.0014,0.0006,2.5485,11.0,0.0812,1.0022,0.1267,2.3247,0.0067,1.0486,0.0846,2.1491,0.0,0.0,0.0,-0.1303,24.0,24.0,37.0,36.0,14.0,0.0,0.0,0.0,64.0,39.9776,0.0,0.0688,0.0,0.0
5070.0,1.738,0.0922,1.0,0.0799,1.202,2.0529,1.0529,2.2787,1.2787,26.7463,2.0699,26.305,2.0522,100.0,0.0,0.0,0.0,24.25,0.0,25.375,0.0,25.375,0.0,24.125,10.0,0.0,0.0123,53.0284,5.3028,2.0,4.9748,1.2787,0.371,1.4041,0.1136,1.376,1.005e-05,1.0013,0.0006,2.5493,11.0,0.0772,1.0021,0.1121,2.2716,0.0062,1.0143,0.08,2.1248,0.0,0.0,0.0,-0.1306,24.0,24.0,37.0,36.0,16.0,0.0,0.0,0.0,64.0,40.1719,0.0,0.0685,0.0,0.0
5071.0,1.7379,0.0922,1.0,0.08,1.2022,2.053,1.053,2.2788,1.2788,26.6368,2.0655,26.2968,2.0519,100.0,0.0,0.0,0.0,24.125,0.0,25.375,0.0,25.25,0.0,24.25,10.0,0.0,0.0123,53.0274,5.3027,2.0,4.9864,1.2791,0.3662,1.4036,0.1229,1.377,1.005e-05,1.0013,0.0006,2.5482,11.0,0.0767,1.002,0.111,2.2671,0.0056,0.9677,0.0882,2.1673,0.0,0.0,0.0,-0.1305,24.0,24.0,37.0,36.0,13.0,0.0,0.0,0.0,64.0,40.3615,0.0,0.0687,0.0,0.0
5072.0,1.7379,0.0922,1.0,0.0799,1.2019,2.0532,1.0532,2.2783,1.2783,26.5162,2.0606,26.2946,2.0518,100.0,0.0,0.0,0.0,24.25,0.0,25.5,0.0,25.375,0.0,24.25,10.0,0.0,0.0119,53.0261,5.3026,2.0,5.09,1.2827,0.4125,1.4086,0.12,1.3767,1.005e-05,1.0012,0.0006,2.5505,11.0,0.0755,1.002,0.0981,2.2137,0.0064,1.0284,0.0878,2.1654,0.0,0.0,0.0,-0.1305,24.0,24.0,37.0,36.0,13.0,0.0,0.0,0.0,64.0,39.9003,0.0,0.0685,0.0,0.0
5073.0,1.739,0.0924,1.0,0.0799,1.2019,2.0529,1.0529,2.2784,1.2784,26.573,2.0629,26.3147,2.0526,100.0,0.0,0.0,0.0,24.125,0.0,25.25,0.0,25.375,0.0,24.25,10.0,0.0,0.0124,53.0248,5.3024,2.0,5.0761,1.2822,0.3748,1.4045,0.1153,1.3762,1.006e-05,1.0013,0.0006,2.5485,11.0,0.0758,1.002,0.0872,2.1625,0.0063,1.0207,0.0804,2.1271,0.0,0.0,0.0,-0.1306,24.0,24.0,37.0,36.0,16.0,0.0,0.0,0.0,64.0,40.7038,0.0,0.0686,0.0,0.0
5074.0,1.7391,0.0924,1.0,0.08,1.2022,2.0526,1.0526,2.2783,1.2783,26.7292,2.0692,26.3201,2.0528,100.0,0.0,0.0,0.0,24.125,0.0,25.25,0.0,25.375,0.0,24.25,10.0,0.0,0.0121,53.0237,5.3023,2.0,5.1103,1.2834,0.3764,1.4047,0.129,1.3777,1.006e-05,1.0013,0.0006,2.5505,11.0,0.0761,1.002,0.0852,2.1522,0.0056,0.9701,0.0796,2.1228,0.0,0.0,0.0,-0.1307,24.0,24.0,37.0,36.0,13.0,0.0,0.0,0.0,64.0,40.8693,0.0,0.0688,0.0,0.0
5075.0,1.7379,0.0922,1.0,0.08,1.2023,2.0527,1.0527,2.2791,1.2791,26.7472,2.0699,26.3057,2.0522,100.0,0.0,0.0,0.0,24.125,0.0,25.375,0.0,25.375,0.0,24.25,10.0,0.0,0.0125,53.0224,5.3022,2.0,5.0493,1.2813,0.3128,1.3978,0.1243,1.3772,1.005e-05,1.0013,0.0006,2.5494,11.0,0.0749,1.002,0.1636,2.4355,0.0066,1.0434,0.0772,2.1095,0.0,0.0,0.0,-0.1306,24.0,24.0,37.0,36.0,14.0,0.0,0.0,0.0,0.0,41.0733,0.0,0.0689,0.0,0.0
5076.0,1.7369,0.0921,1.0,0.0799,1.2021,2.0529,1.0529,2.2789,1.2789,26.6588,2.0664,26.2894,2.0516,100.0,0.0,0.0,0.0,24.25,0.0,25.375,0.0,25.375,0.0,24.25,10.0,0.0,0.013,53.021,5.3021,2.0,5.0013,1.2796,0.2999,1.3964,0.1193,1.3767,1.005e-05,1.0012,0.0006,2.551,11.0,0.076,1.002,0.1552,2.4128,0.0067,1.0504,0.0886,2.1695,0.0,0.0,0.0,-0.1309,24.0,24.0,37.0,36.0,14.0,0.0,0.0,0.0,0.0,41.0867,0.0,0.0689,0.0,0.0
5077.0,1.7379,0.0922,1.0,0.0798,1.2018,2.0529,1.0529,2.2789,1.2789,26.5496,2.062,26.2842,2.0514,100.0,0.0,0.0,0.0,24.125,0.0,25.25,0.0,25.375,0.0,24.25,10.0,0.0,0.012,53.0202,5.302,2.0,5.0427,1.2811,0.3578,1.4027,0.1334,1.3782,1.005e-05,1.0012,0.0006,2.5503,11.0,0.0758,1.002,0.1301,2.3362,0.0066,1.043,0.0807,2.1285,0.0,0.0,0.0,-0.1305,24.0,24.0,37.0,36.0,13.0,0.0,0.0,0.0,0.0,41.0869,0.0,0.0684,0.0,0.0
5078.0,1.7387,0.0923,1.0,0.0799,1.2019,2.0527,1.0527,2.2786,1.2786,26.5473,2.0619,26.3131,2.0525,100.0,0.0,0.0,0.0,24.25,0.0,25.25,0.0,25.375,0.0,24.25,10.0,0.0,0.0123,53.0191,5.3019,2.0,5.1821,1.2858,0.4155,1.409,0.1255,1.3773,1.005e-05,1.0012,0.0006,2.5511,11.0,0.077,1.0021,0.1369,2.3583,0.0053,0.9501,0.0933,2.1919,0.0,0.0,0.0,-0.1304,24.0,24.0,37.0,36.0,15.0,0.0,0.0,0.0,0.0,41.0867,0.0,0.0686,0.0,0.0
5079.0,1.7389,0.0924,1.0,0.0799,1.2021,2.0526,1.0526,2.2782,1.2782,26.7227,2.0689,26.321,2.0528,100.0,0.0,0.0,0.0,24.25,0.0,25.375,0.0,25.25,0.0,24.25,10.0,0.0,0.0123,53.0177,5.3017,2.0,5.198,1.2863,0.4125,1.4086,0.1362,1.3785,1.005e-05,1.0012,0.0006,2.5526,11.0,0.0741,1.002,0.1277,2.3279,0.0061,1.0085,0.0938,2.1943,0.0,0.0,0.0,-0.1305,24.0,24.0,37.0,36.0,15.0,0.0,0.0,0.0,0.0,41.0872,0.0,0.0688,0.0,0.0
5080.0,1.7379,0.0922,1.0,0.08,1.2022,2.0529,1.0529,2.2788,1.2788,26.7481,2.0699,26.3073,2.0523,100.0,0.0,0.0,0.0,24.25,0.0,25.375,0.0,25.25,0.0,24.25,10.0,0.0,0.0117,53.0166,5.3016,2.0,5.2389,1.2877,0.4054,1.4079,0.1336,1.3782,1.005e-05,1.0013,0.0006,2.5516,11.0,0.0777,1.0021,0.1161,2.2867,0.0064,1.0304,0.0807,2.1288,0.0,0.0,0.0,-0.1308,25.0,24.0,37.0,36.0,13.0,0.0,0.0,0.0,0.0,41.0872,0.0,0.0684,0.0,0.0
5081.0,1.7394,0.0924,1.0,0.08,1.2021,2.0532,1.0532,2.2789,1.2789,26.6665,2.0667,26.2984,2.0519,100.0,0.0,0.0,0.0,24.25,0.0,25.375,0.0,25.25,0.0,24.25,10.0,0.0,0.0116,53.0151,5.3014,2.0,5.2816,1.2891,0.4571,1.4135,0.1273,1.3775,1.005e-05,1.0013,0.0006,2.553,11.0,0.0783,1.0021,0.1119,2.2708,0.0062,1.0168,0.0802,2.1258,0.0,0.0,0.0,-0.1309,25.0,24.0,37.0,36.0,13.0,0.0,0.0,0.0,0.0,41.1278,0.0,0.0687,0.0,0.0
5082.0,1.739,0.0924,1.0,0.0799,1.202,2.0533,1.0533,2.2789,1.2789,26.5692,2.0628,26.2949,2.0518,100.0,0.0,0.0,0.0,24.125,0.0,25.375,0.0,25.375,0.0,24.25,10.0,0.0,0.0121,53.0143,5.3014,2.0,5.2814,1.2891,0.442,1.4119,0.1424,1.3792,1.006e-05,1.0013,0.0006,2.551,11.0,0.0761,1.002,0.1051,2.2434,0.0063,1.0238,0.0803,2.1266,0.0,0.0,0.0,-0.1308,25.0,24.0,37.0,36.0,15.0,0.0,0.0,0.0,0.0,41.1308,0.0,0.0685,0.0,0.0
5083.0,1.7389,0.0924,1.0,0.0798,1.2016,2.0528,1.0528,2.2787,1.2787,26.5411,2.0616,26.3117,2.0525,100.0,0.0,0.0,0.0,24.25,0.0,25.375,0.0,25.25,0.0,24.25,10.0,0.0,0.0525,53.0125,5.3012,2.0,5.3265,1.2906,0.4406,1.4117,0.1343,1.3783,1.005e-05,1.0013,0.0006,2.553,11.0,0.0763,1.002,0.1051,2.2435,0.0064,1.0299,0.0702,2.0679,0.0,0.0,0.0,-0.1307,25.0,24.0,37.0,36.0,15.0,0.0,0.0,0.0,0.0,41.1299,0.0,0.0685,0.0,0.0
5084.0,1.739,0.0924,1.0,0.08,1.2021,2.0524,1.0524,2.2786,1.2786,26.6897,2.0676,26.3228,2.0529,100.0,0.0,0.0,0.0,24.125,0.0,25.25,0.0,25.375,0.0,24.25,10.0,0.0,0.0132,53.0114,5.3011,2.0,6.4612,1.3241,1.6524,1.5439,0.1447,1.3794,1.006e-05,1.0013,0.0006,2.5521,11.0,0.0775,1.0021,0.1041,2.2392,0.0059,0.9955,0.0737,2.0892,0.0,0.0,0.0,-0.1307,24.0,24.0,37.0,36.0,15.0,0.0,0.0,0.0,0.0,41.1296,0.0,0.0682,0.0,0.0
5085.0,1.7396,0.0925,1.0,0.0801,1.2025,2.0526,1.0526,2.2791,1.2791,26.7519,2.0701,26.3092,2.0524,100.0,0.0,0.0,0.0,24.25,0.0,25.375,0.0,25.25,0.0,24.125,10.0,0.0,0.0117,53.0106,5.301,2.0,6.9219,1.3361,1.4852,1.5257,0.1418,1.3791,1.006e-05,1.0013,0.0006,2.5531,11.0,0.0773,1.0021,0.0949,2.199,0.0069,1.0589,0.0736,2.0889,0.0,0.0,0.0,-0.1305,24.0,24.0,37.0,36.0,15.0,0.0,0.0,0.0,0.0,41.1299,0.0,0.0687,0.0,0.0
5086.0,1.7368,0.0921,1.0,0.08,1.2021,2.0533,1.0533,2.2787,1.2787,26.677,2.0671,26.3053,2.0522,100.0,0.0,0.0,0.0,24.125,0.0,25.375,0.0,25.25,0.0,24.25,10.0,0.0,0.0115,53.0092,5.3009,2.0,6.8416,1.3341,1.3813,1.5143,0.1348,1.3783,1.006e-05,1.0013,0.0006,2.552,11.0,0.0789,1.0021,0.0787,2.118,0.0063,1.0242,0.0683,2.0564,0.0,0.0,0.0,-0.1308,24.0,24.0,37.0,36.0,17.0,0.0,0.0,0.0,0.0,41.13,0.0,0.0685,0.0,0.0
5087.0,1.7406,0.0926,1.0,0.08,1.2022,2.0534,1.0534,2.2789,1.2789,26.5792,2.0632,26.2955,2.0518,100.0,0.0,0.0,0.0,24.125,0.0,25.375,0.0,25.375,0.0,24.25,10.0,0.0,0.0125,53.0083,5.3008,2.0,7.045,1.3392,1.494,1.5266,0.1486,1.3798,1.006e-05,1.0013,0.0006,2.5534,11.0,0.0765,1.002,0.0908,2.1798,0.0059,0.9961,0.0605,2.0037,0.0,0.0,0.0,-0.1307,24.0,24.0,37.0,36.0,15.0,0.0,0.0,0.0,0.0,41.1303,0.0,0.0687,0.0,0.0
5088.0,1.7459,0.0932,1.0,0.0799,1.202,2.053,1.053,2.2787,1.2787,26.5057,2.0602,26.3053,2.0522,100.0,0.0,0.0,0.0,24.125,0.0,25.375,0.0,25.375,0.0,24.25,10.0,0.0,0.0124,53.0069,5.3007,2.0,7.1006,1.3405,1.4292,1.5195,0.1426,1.3792,1.005e-05,1.0012,0.0006,2.5519,11.0,0.0786,1.0021,0.0799,2.1243,0.0062,1.0152,0.0736,2.0888,0.0,0.0,0.0,-0.1308,24.0,24.0,37.0,36.0,12.0,0.0,0.0,0.0,0.0,41.1304,0.0,0.0686,0.0,0.0
5089.0,1.7472,0.0934,1.0,0.0798,1.2017,2.0525,1.0525,2.2786,1.2786,26.6728,2.0669,26.3208,2.0528,100.0,0.0,0.0,0.0,24.25,0.0,25.375,0.0,25.25,0.0,24.25,10.0,0.0,0.0238,53.0055,5.3005,2.0,7.6205,1.3528,2.6002,1.6473,0.1551,1.3806,1.005e-05,1.0013,0.0006,2.5533,11.0,0.0771,1.0021,0.0793,2.1213,0.0054,0.958,0.07,2.067,0.0,0.0,0.0,-0.1308,24.0,24.0,37.0,37.0,14.0,0.0,0.0,0.0,0.0,41.1298,0.0,0.0684,0.0,0.0
5090.0,1.7454,0.0932,1.0,0.0799,1.2019,2.0528,1.0528,2.279,1.279,26.7617,2.0705,26.31,2.0524,100.0,0.0,0.0,0.0,24.125,0.0,25.625,0.0,25.25,0.0,24.25,10.0,0.0,0.0132,53.0044,5.3004,2.0,9.364,1.3886,2.7133,1.6596,0.1475,1.3797,1.005e-05,1.0013,0.0006,2.5537,11.0,0.0757,1.002,0.0805,2.1276,0.0055,0.9619,0.0713,2.075,0.0,0.0,0.0,-0.1308,24.0,24.0,37.0,37.0,13.0,0.0,0.0,0.0,0.0,41.1298,0.0,0.0687,0.0,0.0
5091.0,1.7422,0.0928,1.0,0.0801,1.2026,2.0533,1.0533,2.279,1.279,26.6864,2.0675,26.2994,2.052,100.0,0.0,0.0,0.0,24.125,0.0,25.375,0.0,25.375,0.0,24.25,10.0,0.0,0.0117,53.0032,5.3002,2.0,9.3146,1.3877,2.5554,1.6424,0.1523,1.3803,1.006e-05,1.0014,0.0006,2.5534,11.0,0.0814,1.0022,0.0691,2.0611,0.0066,1.0435,0.0631,2.0217,0.0,0.0,0.0,-0.1307,24.0,24.0,37.0,37.0,14.0,0.0,0.0,0.0,0.0,41.1305,0.0,0.0682,0.0,0.0
5092.0,1.7415,0.0927,1.0,0.0799,1.202,2.0533,1.0533,2.2788,1.2788,26.5871,2.0635,26.2967,2.0519,100.0,0.0,0.0,0.0,24.125,0.0,25.375,0.0,25.25,0.0,24.25,10.0,0.0,0.0123,53.0024,5.3002,2.0,9.3283,1.3879,2.3543,1.6205,0.157,1.3808,1.006e-05,1.0015,0.0006,2.555,11.0,0.0864,1.0023,0.0604,2.0029,0.0063,1.0222,0.0673,2.0499,0.0,0.0,0.0,-0.1309,24.0,24.0,37.0,37.0,14.0,0.0,0.0,0.0,0.0,41.1305,64.0,0.0705,0.0,0.0
5093.0,1.74,0.0925,1.0,0.08,1.2022,2.0532,1.0532,2.2783,1.2783,26.499,2.06,26.3023,2.0521,100.0,0.0,0.0,0.0,24.125,0.0,25.375,0.0,25.25,0.0,24.25,10.0,0.0,0.0118,53.0012,5.3001,2.0,9.1939,1.3854,2.0862,1.5912,0.1493,1.3799,1.006e-05,1.0015,0.0006,2.5533,11.0,0.0847,1.0023,0.1242,2.316,0.0064,1.0297,0.0744,2.0935,0.0,0.0,0.0,-0.1305,24.0,24.0,37.0,36.0,14.0,0.0,0.0,0.0,0.0,41.1307,64.0,0.2267,0.0,0.0
5094.0,1.739,0.0924,1.0,0.08,1.2023,2.0528,1.0528,2.2783,1.2783,26.6166,2.0647,26.3258,2.053,100.0,0.0,0.0,0.0,24.125,0.0,25.375,0.0,25.25,0.0,24.375,10.0,0.0,0.0124,52.9999,5.2999,2.0,9.073,1.3831,1.9384,1.5751,0.1628,1.3814,1.006e-05,1.0015,0.0006,2.555,11.0,0.0842,1.0022,0.1402,2.3686,0.0056,0.9681,0.07,2.0666,0.0,0.0,0.0,-0.1306,24.0,24.0,37.0,36.0,15.0,0.0,0.0,0.0,0.0,41.1303,64.0,0.4027,0.0,0.0
5095.0,1.7379,0.0922,1.0,0.0802,1.2027,2.0525,1.0525,2.2785,1.2785,26.7526,2.0701,26.3136,2.0525,100.0,0.0,0.0,0.0,24.125,0.0,25.5,0.0,25.25,0.0,24.125,10.0,0.0,0.0122,52.9986,5.2998,2.0,9.0037,1.3818,1.7384,1.5533,0.154,1.3804,1.006e-05,1.0014,0.0006,2.5531,11.0,0.084,1.0022,0.1162,2.2871,0.0058,0.9878,0.0661,2.0419,0.0,0.0,0.0,-0.1309,24.0,24.0,37.0,36.0,15.0,0.0,0.0,0.0,0.0,41.1301,64.0,0.5834,0.0,0.0
5096.0,1.7379,0.0922,1.0,0.0802,1.2028,2.0532,1.0532,2.2786,1.2786,26.7045,2.0682,26.3053,2.0522,100.0,0.0,0.0,0.0,24.125,0.0,25.25,0.0,25.375,0.0,24.125,10.0,0.0,0.0124,52.9975,5.2997,2.0,8.8073,1.3779,1.4525,1.5221,0.165,1.3816,1.006e-05,1.0014,0.0006,2.5556,11.0,0.0828,1.0022,0.1099,2.263,0.0059,0.991,0.0612,2.0087,0.0,0.0,0.0,-0.1309,24.0,24.0,37.0,36.0,15.0,0.0,0.0,0.0,0.0,41.13,64.0,0.751,0.0,0.0
5097.0,1.738,0.0922,1.0,0.0803,1.203,2.0533,1.0533,2.2789,1.2789,26.6164,2.0647,26.3072,2.0523,100.0,0.0,0.0,0.0,24.125,0.0,25.25,0.0,25.25,0.0,24.125,10.0,0.0,0.0118,52.9966,5.2996,2.0,8.6256,1.3743,1.2983,1.5053,0.1608,1.3812,1.006e-05,1.0015,0.0006,2.5534,11.0,0.0839,1.0022,0.1013,2.2273,0.0055,0.9645,0.0659,2.0406,0.0,0.0,0.0,-0.1308,24.0,24.0,37.0,36.0,14.0,0.0,0.0,0.0,0.0,41.1302,64.0,0.9556,0.0,0.0
5098.0,1.7389,0.0924,1.0,0.0801,1.2024,2.0532,1.0532,2.2783,1.2783,26.5079,2.0603,26.2989,2.052,100.0,0.0,0.0,0.0,24.25,0.0,25.375,0.0,25.25,0.0,24.25,10.0,0.0,0.0126,52.9955,5.2995,2.0,8.5333,1.3724,1.2327,1.4981,0.1584,1.3809,1.006e-05,1.0015,0.0006,2.5545,11.0,0.0847,1.0023,0.0903,2.1777,0.0062,1.0112,0.0569,1.9772,0.0,0.0,0.0,-0.1305,24.0,24.0,37.0,36.0,14.0,0.0,0.0,0.0,0.0,41.1295,64.0,1.1373,0.0,0.0
5099.0,1.7379,0.0922,1.0,0.0802,1.2027,2.0525,1.0525,2.2786,1.2786,26.5902,2.0636,26.3172,2.0527,100.0,0.0,0.0,0.0,24.125,0.0,25.375,0.0,25.375,0.0,24.25,10.0,0.0,0.0117,52.9946,5.2994,2.0,8.5839,1.3735,1.1719,1.4915,0.1666,1.3818,1.006e-05,1.0014,0.0006,2.556,11.0,0.0831,1.0022,0.088,2.1663,0.0057,0.9808,0.0578,1.984,0.0,0.0,0.0,-0.1305,24.0,24.0,37.0,36.0,13.0,0.0,0.0,0.0,0.0,41.1298,64.0,1.3334,0.0,0.0
5100.0,1.7368,0.0921,1.0,0.0801,1.2024,2.0527,1.0527,2.2788,1.2788,26.7577,2.0703,26.3137,2.0525,100.0,0.0,0.0,0.0,24.125,0.0,25.375,0.0,25.375,0.0,24.25,10.0,0.0,0.0116,52.9932,5.2993,2.0,8.598,1.3738,1.1707,1.4913,0.1564,1.3807,1.006e-05,1.0014,0.0006,2.5552,11.0,0.083,1.0022,0.0993,2.2189,0.0059,0.9951,0.0539,1.9532,0.0,0.0,0.0,-0.1308,24.0,24.0,37.0,36.0,15.0,0.0,0.0,0.0,0.0,41.1296,64.0,1.5079,0.0,0.0
5101.0,1.7378,0.0922,1.0,0.08,1.2024,2.0532,1.0532,2.2787,1.2787,26.7185,2.0687,26.3024,2.0521,100.0,0.0,0.0,0.0,24.25,0.0,25.375,0.0,25.375,0.0,24.25,10.0,0.0,0.0117,53.0227,5.2994,2.0,8.688,1.3756,1.0877,1.4823,0.17,1.3822,1.006e-05,1.0013,0.0006,2.5535,11.0,0.079,1.0021,0.0883,2.168,0.0066,1.0381,0.0503,1.9231,0.0,0.0,0.0,-0.1304,24.0,24.0,37.0,36.0,13.0,0.0,0.0,0.0,0.0,41.1301,64.0,1.6774,0.0,0.0
5102.0,1.7379,0.0922,1.0,0.0799,1.202,2.0534,1.0534,2.2786,1.2786,26.6285,2.0651,26.3006,2.052,100.0,0.0,0.0,0.0,24.25,0.0,25.25,0.0,25.375,0.0,24.125,10.0,0.0,0.0111,52.9967,5.299,2.0,8.6614,1.375,1.0181,1.4747,0.1612,1.3812,1.006e-05,1.0013,0.0006,2.5545,11.0,0.0783,1.0021,0.0935,2.1929,0.0053,0.9462,0.0619,2.0136,0.0,0.0,0.0,-0.1304,24.0,24.0,37.0,36.0,14.0,0.0,0.0,0.0,0.0,41.1304,64.0,1.8849,0.0,0.0
5103.0,1.7379,0.0922,1.0,0.0798,1.2018,2.0533,1.0533,2.2788,1.2788,26.5162,2.0606,26.3027,2.0521,100.0,0.0,0.0,0.0,24.25,0.0,25.375,0.0,25.375,0.0,24.25,10.0,0.0,0.012,52.9899,5.2988,2.0,8.5011,1.3718,0.8326,1.4545,0.171,1.3823,1.006e-05,1.0013,0.0006,2.554,11.0,0.0766,1.002,0.073,2.0851,0.0062,1.0167,0.0609,2.0063,0.0,0.0,0.0,-0.1304,24.0,24.0,37.0,36.0,14.0,0.0,0.0,0.0,0.0,41.1303,64.0,2.0694,0.0,0.0
5104.0,1.7379,0.0922,1.0,0.08,1.2022,2.0529,1.0529,2.2787,1.2787,26.5688,2.0628,26.3232,2.0529,100.0,0.0,0.0,0.0,24.125,0.0,25.375,0.0,25.25,0.0,24.25,10.0,0.0,0.0125,52.9862,5.2988,2.0,8.3987,1.3697,0.7691,1.4475,0.1666,1.3818,1.006e-05,1.0014,0.0006,2.5542,11.0,0.0776,1.0021,0.0818,2.1348,0.0069,1.0586,0.0577,1.9827,0.0,0.0,0.0,-0.1308,24.0,24.0,37.0,36.0,14.0,0.0,0.0,0.0,0.0,41.13,64.0,2.2253,0.0,0.0
5105.0,1.7369,0.0921,1.0,0.0801,1.2025,2.0526,1.0526,2.2788,1.2788,26.7343,2.0694,26.324,2.053,100.0,0.0,0.0,0.0,24.25,0.0,25.375,0.0,25.375,0.0,24.25,10.0,0.0,0.012,52.9856,5.2986,2.0,8.3474,1.3686,0.7078,1.4408,0.1609,1.3812,1.006e-05,1.0014,0.0006,2.5566,11.0,0.0814,1.0022,0.0708,2.0721,0.0065,1.0368,0.0529,1.9457,0.0,0.0,0.0,-0.1307,24.0,24.0,37.0,36.0,14.0,0.0,0.0,0.0,0.0,41.131,64.0,2.4368,0.0,0.0
5106.0,1.7369,0.0921,1.0,0.0798,1.2018,2.0527,1.0527,2.2791,1.2791,26.7318,2.0693,26.303,2.0521,100.0,0.0,0.0,0.0,24.125,0.0,25.375,0.0,25.5,0.0,24.25,10.0,0.0,0.0116,52.9851,5.298,2.0,8.4173,1.3701,0.6261,1.4319,0.1716,1.3824,1.006e-05,1.0014,0.0006,2.5542,11.0,0.081,1.0022,0.069,2.0609,0.0064,1.0296,0.0738,2.0901,0.0,0.0,0.0,-0.1305,24.0,24.0,37.0,36.0,14.0,0.0,0.0,0.0,0.0,41.1309,64.0,2.5941,0.0,0.0
5107.0,1.7378,0.0922,1.0,0.0799,1.2021,2.0529,1.0529,2.2793,1.2793,26.6447,2.0658,26.2903,2.0516,100.0,0.0,0.0,0.0,24.125,0.0,25.375,0.0,25.375,0.0,24.375,10.0,0.0,0.0122,52.9866,5.2987,2.0,8.177,1.365,0.4756,1.4155,0.1637,1.3815,1.006e-05,1.0015,0.0006,2.5566,11.0,0.0817,1.0022,0.0674,2.0506,0.0059,0.9931,0.0647,2.0327,0.0,0.0,0.0,-0.1307,24.0,24.0,37.0,36.0,14.0,0.0,0.0,0.0,0.0,41.1306,64.0,2.7822,0.0,0.0
5108.0,1.7379,0.0922,1.0,0.0799,1.2021,2.0529,1.0529,2.2788,1.2788,26.5213,2.0609,26.2945,2.0518,100.0,0.0,0.0,0.0,24.25,0.0,25.5,0.0,25.375,0.0,24.125,10.0,0.0,0.0121,52.985,5.2988,2.0,7.9777,1.3608,0.3636,1.4033,0.1767,1.3829,1.006e-05,1.0015,0.0006,2.5545,11.0,0.0838,1.0022,0.0602,2.0012,0.0055,0.9602,0.0626,2.0181,0.0,0.0,0.0,-0.1305,24.0,24.0,37.0,36.0,13.0,0.0,0.0,0.0,0.0,41.1304,64.0,2.9785,0.0,0.0
5109.0,1.7369,0.0921,1.0,0.0801,1.2026,2.0525,1.0525,2.2783,1.2783,26.5484,2.0619,26.3109,2.0524,100.0,0.0,0.0,0.0,24.25,0.0,25.375,0.0,25.25,0.0,24.125,10.0,0.0,0.012,52.9821,5.298,2.0,7.8329,1.3576,0.237,1.3895,0.1697,1.3821,1.007e-05,1.0015,0.0006,2.5556,11.0,0.0832,1.0022,0.0619,2.0136,0.0065,1.0346,0.063,2.0212,0.0,0.0,0.0,-0.1306,24.0,24.0,37.0,36.0,14.0,0.0,0.0,0.0,0.0,41.1305,64.0,3.1681,0.0,0.0
5110.0,1.7369,0.0921,1.0,0.0804,1.2033,2.0526,1.0526,2.2787,1.2787,26.7335,2.0693,26.3247,2.053,100.0,0.0,0.0,0.0,24.125,0.0,25.375,0.0,25.25,0.0,24.125,10.0,0.0,0.0116,52.9818,5.2977,2.0,7.6487,1.3534,0.1567,1.3807,0.1737,1.3826,1.006e-05,1.0015,0.0006,2.5543,11.0,0.0846,1.0023,0.1402,2.3685,0.0061,1.0058,0.0527,1.9434,0.0,0.0,0.0,-0.1306,24.0,24.0,37.0,36.0,14.0,0.0,0.0,0.0,0.0,41.1304,64.0,3.331,0.0,0.0
5111.0,1.7369,0.0921,1.0,0.0805,1.2036,2.0531,1.0531,2.279,1.279,26.7407,2.0696,26.31,2.0524,100.0,0.0,0.0,0.0,24.125,0.0,25.25,0.0,25.375,0.0,24.25,10.0,0.0,0.0122,52.9833,5.2983,2.0,7.6157,1.3527,0.1758,1.3828,0.1723,1.3824,1.006e-05,1.0015,0.0006,2.5562,11.0,0.0846,1.0023,0.1172,2.2909,0.0068,1.0537,0.0515,1.9337,0.0,0.0,0.0,-0.1305,24.0,24.0,37.0,36.0,15.0,0.0,0.0,0.0,0.0,41.1308,64.0,3.5219,0.0,0.0
5112.0,1.7379,0.0922,1.0,0.0803,1.203,2.0532,1.0532,2.2786,1.2786,26.6581,2.0663,26.3082,2.0523,100.0,0.0,0.0,0.0,24.125,0.0,25.375,0.0,25.375,0.0,24.25,10.0,0.0,0.0121,52.9798,5.2983,2.0,7.6105,1.3526,0.0729,1.3716,0.164,1.3815,1.006e-05,1.0015,0.0006,2.5545,11.0,0.0824,1.0022,0.1161,2.2868,0.0053,0.9485,0.0529,1.9454,0.0,0.0,0.0,-0.1306,24.0,24.0,37.0,36.0,14.0,0.0,0.0,0.0,0.0,41.1305,64.0,3.69,0.0,0.0
5113.0,1.7368,0.0921,1.0,0.08,1.2024,2.0533,1.0533,2.2786,1.2786,26.5269,2.0611,26.2996,2.052,100.0,0.0,0.0,0.0,24.125,0.0,25.25,0.0,25.25,0.0,24.25,10.0,0.0,0.0119,52.9774,5.2977,2.0,7.5109,1.3503,0.031,1.367,0.1749,1.3827,1.006e-05,1.0013,0.0006,2.5556,11.0,0.0792,1.0021,0.102,2.2304,0.0058,0.9877,0.0558,1.9684,0.0,0.0,0.0,-0.1305,24.0,24.0,37.0,36.0,15.0,0.0,0.0,0.0,0.0,41.1306,64.0,3.9104,0.0,0.0
5114.0,1.7398,0.0925,1.0,0.08,1.2024,2.0529,1.0529,2.2787,1.2787,26.5289,2.0612,26.3106,2.0524,100.0,0.0,0.0,0.0,24.125,0.0,25.375,0.0,25.375,0.0,24.25,10.0,0.0,0.0122,52.9794,5.2973,2.0,7.3096,1.3456,-0.0719,1.3558,0.1669,1.3818,1.005e-05,1.0013,0.0006,2.5573,11.0,0.0764,1.002,0.1757,2.4665,0.0063,1.0246,0.0521,1.9389,0.0,0.0,0.0,-0.1307,24.0,24.0,37.0,36.0,15.0,0.0,0.0,0.0,0.0,41.1309,64.0,4.0805,0.0,0.0
5115.0,1.74,0.0925,1.0,0.0801,1.2026,2.0526,1.0526,2.2786,1.2786,26.687,2.0675,26.3243,2.053,100.0,0.0,0.0,0.0,24.125,0.0,25.375,0.0,25.25,0.0,24.125,10.0,0.0,0.012,52.9796,5.2981,2.0,7.2599,1.3444,-0.0767,1.3553,0.1745,1.3827,1.006e-05,1.0013,0.0006,2.5553,11.0,0.0751,1.002,0.142,2.3743,0.0058,0.9873,0.0577,1.9827,0.0,0.0,0.0,-0.1303,24.0,24.0,37.0,36.0,15.0,0.0,0.0,0.0,0.0,41.1305,64.0,4.2612,0.0,0.0
5116.0,1.7389,0.0924,1.0,0.08,1.2021,2.0526,1.0526,2.2791,1.2791,26.7458,2.0698,26.3071,2.0523,100.0,0.0,0.0,0.0,24.125,0.0,25.375,0.0,25.25,0.0,24.25,10.0,0.0,0.012,52.976,5.298,2.0,7.1014,1.3405,-0.1663,1.3455,0.1699,1.3822,1.006e-05,1.0013,0.0006,2.5567,11.0,0.0744,1.002,0.1558,2.4145,0.0066,1.0437,0.0621,2.015,0.0,0.0,0.0,-0.1308,24.0,24.0,37.0,36.0,15.0,0.0,0.0,0.0,0.0,41.1296,64.0,4.4515,0.0,0.0
5117.0,1.7389,0.0924,1.0,0.0798,1.2017,2.0528,1.0528,2.279,1.279,26.666,2.0666,26.2954,2.0518,100.0,0.0,0.0,0.0,24.125,0.0,25.25,0.0,25.375,0.0,24.25,10.0,0.0,0.0118,52.9731,5.2971,2.0,7.0299,1.3388,-0.1829,1.3437,0.1652,1.3817,1.005e-05,1.0013,0.0006,2.5552,11.0,0.0757,1.002,0.1473,2.3901,0.007,1.0662,0.056,1.9699,0.0,0.0,0.0,-0.1306,24.0,24.0,37.0,36.0,15.0,0.0,0.0,0.0,0.0,41.1299,64.0,4.628,0.0,0.0
5118.0,1.739,0.0924,1.0,0.0798,1.2018,2.0529,1.0529,2.2789,1.2789,26.5613,2.0625,26.2911,2.0516,100.0,0.0,0.0,0.0,24.125,0.0,25.25,0.0,25.25,0.0,24.25,10.0,0.0,0.0122,52.9755,5.297,2.0,7.1371,1.3414,-0.0723,1.3557,0.1743,1.3826,1.005e-05,1.0012,0.0006,2.5566,11.0,0.0759,1.002,0.1311,2.3395,0.0056,0.9682,0.0531,1.9471,0.0,0.0,0.0,-0.1305,24.0,24.0,37.0,36.0,13.0,0.0,0.0,0.0,0.0,41.1296,64.0,4.8141,0.0,0.0
5119.0,1.7389,0.0924,1.0,0.0799,1.2019,2.0527,1.0527,2.2787,1.2787,26.5245,2.061,26.3017,2.0521,100.0,0.0,0.0,0.0,24.125,0.0,25.25,0.0,25.25,0.0,24.25,10.0,0.0,0.0121,52.9744,5.2977,2.0,7.1645,1.3421,-0.0851,1.3544,0.1652,1.3817,1.006e-05,1.0013,0.0006,2.5582,11.0,0.0762,1.002,0.1482,2.3926,0.0056,0.9699,0.0533,1.9485,0.0,0.0,0.0,-0.1305,24.0,24.0,37.0,36.0,14.0,0.0,0.0,0.0,0.0,41.1293,64.0,4.9963,0.0,0.0
5120.0,1.738,0.0922,1.0,0.0798,1.2016,2.0524,1.0524,2.2786,1.2786,26.6547,2.0662,26.3213,2.0529,100.0,0.0,0.0,0.0,24.25,0.0,25.25,0.0,25.375,0.0,24.125,10.0,0.0,0.0123,52.9702,5.2971,2.0,7.341,1.3463,0.0058,1.3643,0.175,1.3827,1.005e-05,1.0012,0.0006,2.5564,11.0,0.0751,1.002,0.1187,2.2964,0.0065,1.0357,0.062,2.014,0.0,0.0,0.0,-0.1305,24.0,24.0,37.0,36.0,13.0,0.0,0.0,0.0,0.0,41.1299,64.0,5.1929,0.0,0.0
5121.0,1.7389,0.0924,1.0,0.0798,1.2017,2.0526,1.0526,2.2789,1.2789,26.7606,2.0704,26.3089,2.0524,100.0,0.0,0.0,0.0,24.125,0.0,25.375,0.0,25.375,0.0,24.125,10.0,0.0,0.0124,52.9688,5.2966,2.0,7.2749,1.3447,-0.0568,1.3574,0.1686,1.382,1.005e-05,1.0012,0.0006,2.5585,11.0,0.0753,1.002,0.1179,2.2935,0.0058,0.9836,0.0589,1.9918,0.0,0.0,0.0,-0.1307,24.0,24.0,37.0,36.0,12.0,0.0,0.0,0.0,0.0,41.1302,64.0,5.3538,0.0,0.0
5122.0,1.7379,0.0922,1.0,0.0798,1.2016,2.053,1.053,2.279,1.279,26.6856,2.0674,26.2994,2.052,100.0,0.0,0.0,0.0,24.125,0.0,25.375,0.0,25.25,0.0,24.25,10.0,0.0,0.0122,52.9715,5.2967,2.0,7.1981,1.3429,-0.0864,1.3542,0.1725,1.3825,1.005e-05,1.0013,0.0006,2.5558,11.0,0.0771,1.0021,0.1627,2.4333,0.0061,1.0052,0.0566,1.9749,0.0,0.0,0.0,-0.1308,24.0,24.0,37.0,36.0,14.0,0.0,0.0,0.0,0.0,41.1299,64.0,5.5516,0.0,0.0
5123.0,1.7378,0.0922,1.0,0.0798,1.2018,2.0533,1.0533,2.2788,1.2788,26.5813,2.0633,26.2987,2.0519,100.0,0.0,0.0,0.0,24.125,0.0,25.375,0.0,25.25,0.0,24.25,10.0,0.0,0.0127,52.971,5.2975,2.0,7.2341,1.3438,-0.0414,1.3591,0.1735,1.3826,1.005e-05,1.0012,0.0006,2.5573,11.0,0.0767,1.002,0.1467,2.3882,0.0059,0.9952,0.0597,1.9975,0.0,0.0,0.0,-0.1305,24.0,24.0,37.0,36.0,14.0,0.0,0.0,0.0,0.0,41.13,64.0,5.7397,0.0,0.0
5124.0,1.7379,0.0922,1.0,0.0798,1.2018,2.0532,1.0532,2.2783,1.2783,26.5176,2.0607,26.3163,2.0527,100.0,0.0,0.0,0.0,24.25,0.0,25.375,0.0,25.25,0.0,24.25,10.0,0.0,0.0119,52.9661,5.297,2.0,7.1937,1.3428,-0.1013,1.3526,0.1648,1.3816,1.006e-05,1.0013,0.0006,2.5554,11.0,0.0783,1.0021,0.1585,2.422,0.0058,0.9827,0.0539,1.9533,0.0,0.0,0.0,-0.1305,24.0,24.0,37.0,36.0,13.0,0.0,0.0,0.0,0.0,41.1302,64.0,5.9504,0.0,0.0
5125.0,1.7379,0.0922,1.0,0.0799,1.2021,2.0527,1.0527,2.2783,1.2783,26.6512,2.066,26.3276,2.0531,100.0,0.0,0.0,0.0,24.125,0.0,25.375,0.0,25.25,0.0,24.125,10.0,0.0,0.012,52.9646,5.296,2.0,7.0605,1.3395,-0.1849,1.3435,0.1774,1.383,1.006e-05,1.0013,0.0006,2.5569,11.0,0.077,1.0021,0.1307,2.3381,0.006,0.9971,0.053,1.9457,0.0,0.0,0.0,-0.1306,24.0,24.0,37.0,36.0,13.0,0.0,0.0,0.0,0.0,41.1303,64.0,6.1368,0.0,0.0
5126.0,1.7369,0.0921,1.0,0.0799,1.2021,2.0524,1.0524,2.279,1.279,26.7641,2.0706,26.3121,2.0525,100.0,0.0,0.0,0.0,24.125,0.0,25.25,0.0,25.25,0.0,24.25,10.0,0.0,0.0125,52.9678,5.2964,2.0,7.0028,1.3381,-0.152,1.3471,0.1673,1.3819,1.006e-05,1.0013,0.0006,2.556,11.0,0.0779,1.0021,0.1552,2.4126,0.0065,1.0345,0.0523,1.94,0.0,0.0,0.0,-0.1301,24.0,24.0,37.0,36.0,14.0,0.0,0.0,0.0,0.0,41.1308,64.0,6.302,0.0,0.0
5127.0,1.7369,0.0921,1.0,0.0797,1.2015,2.0533,1.0533,2.2787,1.2787,26.7062,2.0682,26.3055,2.0522,100.0,0.0,0.0,0.0,24.25,0.0,25.375,0.0,25.375,0.0,24.25,10.0,0.0,0.0123,52.9668,5.297,2.0,7.0076,1.3382,-0.1318,1.3493,0.1794,1.3832,1.006e-05,1.0013,0.0006,2.5574,11.0,0.077,1.0021,0.1373,2.3594,0.0061,1.0041,0.0585,1.9888,0.0,0.0,0.0,-0.1306,24.0,24.0,37.0,36.0,14.0,0.0,0.0,0.0,0.0,41.1301,64.0,6.4851,0.0,0.0
5128.0,1.7378,0.0922,1.0,0.08,1.2023,2.0537,1.0537,2.2785,1.2785,26.6014,2.0641,26.3069,2.0523,100.0,0.0,0.0,0.0,24.125,0.0,25.375,0.0,25.375,0.0,24.125,10.0,0.0,0.012,52.9612,5.2967,2.0,7.0214,1.3386,-0.1504,1.3472,0.1696,1.3821,1.005e-05,1.0013,0.0006,2.559,11.0,0.0779,1.0021,0.1461,2.3866,0.0057,0.9781,0.0593,1.9948,0.0,0.0,0.0,-0.1308,24.0,24.0,37.0,36.0,13.0,0.0,0.0,0.0,0.0,41.1296,64.0,6.6769,0.0,0.0
5129.0,1.739,0.0924,1.0,0.0799,1.2021,2.0533,1.0533,2.2784,1.2784,26.5095,2.0604,26.3087,2.0523,100.0,0.0,0.0,0.0,24.25,0.0,25.375,0.0,25.375,0.0,24.125,10.0,0.0,0.0123,52.9614,5.2954,2.0,6.9584,1.337,-0.2244,1.3392,0.18,1.3833,1.006e-05,1.0013,0.0006,2.5564,11.0,0.0758,1.002,0.1288,2.3317,0.0064,1.0262,0.0556,1.9666,0.0,0.0,0.0,-0.1308,24.0,24.0,37.0,36.0,15.0,0.0,0.0,0.0,0.0,41.1301,64.0,6.8579,0.0,0.0
5130.0,1.7379,0.0922,1.0,0.0797,1.2015,2.0528,1.0528,2.2783,1.2783,26.6166,2.0647,26.3204,2.0528,100.0,0.0,0.0,0.0,24.125,0.0,25.375,0.0,25.375,0.0,24.125,10.0,0.0,0.0122,52.9639,5.2964,2.0,6.7468,1.3316,-0.3475,1.3257,0.1743,1.3827,1.006e-05,1.0013,0.0006,2.5583,11.0,0.0777,1.0021,0.1867,2.493,0.0064,1.0249,0.0568,1.9763,0.0,0.0,0.0,-0.1306,24.0,24.0,37.0,36.0,13.0,0.0,0.0,0.0,0.0,41.1303,64.0,7.0395,0.0,0.0
5131.0,1.7373,0.0922,1.0,0.0799,1.202,2.0527,1.0527,2.2788,1.2788,26.7592,2.0704,26.3192,2.0528,100.0,0.0,0.0,0.0,24.25,0.0,25.375,0.0,25.25,0.0,24.25,10.0,0.0,0.0124,52.9616,5.2967,2.0,6.5724,1.3271,-0.3817,1.322,0.1702,1.3822,1.006e-05,1.0013,0.0006,2.5566,11.0,0.0751,1.002,0.1968,2.5158,0.0062,1.0151,0.0721,2.0795,0.0,0.0,0.0,-0.1309,24.0,24.0,37.0,36.0,15.0,0.0,0.0,0.0,0.0,41.1307,64.0,7.2557,0.0,0.0
5132.0,1.7369,0.0921,1.0,0.0798,1.2018,2.0532,1.0532,2.2791,1.2791,26.7163,2.0687,26.3015,2.0521,100.0,0.0,0.0,0.0,24.125,0.0,25.5,0.0,25.25,0.0,24.375,10.0,0.0,0.0122,52.9572,5.2959,2.0,6.5639,1.3269,-0.3493,1.3255,0.1757,1.3828,1.006e-05,1.0013,0.0006,2.5579,11.0,0.0763,1.002,0.1771,2.47,0.0064,1.0277,0.0751,2.0975,0.0,0.0,0.0,-0.1308,24.0,24.0,37.0,36.0,15.0,0.0,0.0,0.0,0.0,41.1307,64.0,7.4364,0.0,0.0
5133.0,1.7362,0.092,1.0,0.0799,1.202,2.0533,1.0533,2.279,1.279,26.5939,2.0638,26.297,2.0519,100.0,0.0,0.0,0.0,24.125,0.0,25.25,0.0,25.25,0.0,24.25,10.0,0.0,0.0125,52.9575,5.2952,2.0,6.5801,1.3273,-0.376,1.3226,0.1652,1.3817,1.005e-05,1.0012,0.0006,2.5587,11.0,0.0758,1.002,0.1617,2.4306,0.0057,0.9746,0.0732,2.0861,0.0,0.0,0.0,-0.1305,24.0,24.0,37.0,36.0,14.0,0.0,0.0,0.0,0.0,41.13,64.0,7.6337,0.0,0.0
5134.0,1.7368,0.0921,1.0,0.08,1.2023,2.0529,1.0529,2.2788,1.2788,26.51,2.0604,26.2983,2.0519,100.0,0.0,0.0,0.0,24.125,0.0,25.375,0.0,25.25,0.0,24.125,10.0,0.0,0.0119,52.96,5.296,2.0,6.501,1.3252,-0.3971,1.3203,0.1799,1.3833,1.006e-05,1.0013,0.0006,2.5575,11.0,0.0786,1.0021,0.157,2.4177,0.0063,1.0201,0.0797,2.1231,0.0,0.0,0.0,-0.1309,24.0,24.0,37.0,36.0,14.0,0.0,0.0,0.0,0.0,41.1303,64.0,7.8248,0.0,0.0
5135.0,1.7368,0.0921,1.0,0.0799,1.202,2.0525,1.0525,2.2786,1.2786,26.598,2.0639,26.3187,2.0527,100.0,0.0,0.0,0.0,24.125,0.0,25.25,0.0,25.375,0.0,24.125,10.0,0.0,0.0118,52.9566,5.2962,2.0,6.3481,1.3211,-0.4879,1.3104,0.1696,1.3821,1.006e-05,1.0013,0.0006,2.5587,11.0,0.0766,1.002,0.1321,2.3426,0.0058,0.9828,0.0848,2.1501,0.0,0.0,0.0,-0.1304,24.0,24.0,37.0,36.0,15.0,0.0,0.0,0.0,0.0,41.1301,64.0,7.9967,0.0,0.0
5136.0,1.7358,0.092,1.0,0.0796,1.2013,2.0527,1.0527,2.2787,1.2787,26.751,2.07,26.3287,2.0531,100.0,0.0,0.0,0.0,24.125,0.0,25.375,0.0,25.25,0.0,24.125,10.0,0.0,0.0119,52.9532,5.295,2.0,6.1676,1.316,-0.5502,1.3036,0.1801,1.3833,1.006e-05,1.0013,0.0006,2.557,11.0,0.0771,1.0021,0.126,2.3221,0.0052,0.9375,0.0781,2.1144,0.0,0.0,0.0,-0.1309,24.0,24.0,37.0,36.0,14.0,0.0,0.0,0.0,0.0,41.1303,64.0,8.1984,0.0,0.0
5137.0,1.7338,0.0917,1.0,0.0799,1.2019,2.0532,1.0532,2.2789,1.2789,26.7439,2.0698,26.3114,2.0525,100.0,0.0,0.0,0.0,24.125,0.0,25.25,0.0,25.375,0.0,24.25,10.0,0.0,0.0125,52.9557,5.2951,2.0,6.2449,1.3182,-0.4692,1.3125,0.1719,1.3824,1.005e-05,1.0013,0.0006,2.5582,11.0,0.074,1.002,0.1231,2.312,0.0068,1.0544,0.0673,2.0502,0.0,0.0,0.0,-0.1304,24.0,24.0,37.0,36.0,14.0,0.0,0.0,0.0,0.0,41.1305,64.0,8.3916,0.0,0.0
5138.0,1.7364,0.092,1.0,0.0799,1.202,2.0529,1.0529,2.279,1.279,26.6603,2.0664,26.2994,2.052,100.0,0.0,0.0,0.0,24.125,0.0,25.25,0.0,25.375,0.0,24.25,10.0,0.0,0.0122,52.9553,5.2957,2.0,6.2418,1.3181,-0.4542,1.3141,0.1622,1.3813,1.005e-05,1.0013,0.0006,2.5567,11.0,0.0765,1.002,0.2106,2.5454,0.0062,1.0158,0.0679,2.0536,0.0,0.0,0.0,-0.1304,24.0,24.0,37.0,36.0,14.0,0.0,0.0,0.0,0.0,41.131,64.0,8.5719,0.0,0.0
5139.0,1.7368,0.0921,1.0,0.0802,1.2028,2.0533,1.0533,2.2785,1.2785,26.5149,2.0606,26.3001,2.052,100.0,0.0,0.0,0.0,24.25,0.0,25.375,0.0,25.25,0.0,24.125,10.0,0.0,0.0122,52.9521,5.2957,2.0,6.3991,1.3224,-0.3094,1.3299,0.1742,1.3826,1.006e-05,1.0013,0.0006,2.5577,11.0,0.0788,1.0021,0.1765,2.4686,0.006,1.0024,0.0637,2.0257,0.0,0.0,0.0,-0.1305,24.0,24.0,37.0,36.0,13.0,0.0,0.0,0.0,0.0,41.1309,64.0,8.7595,0.0,0.0
5140.0,1.7369,0.0921,1.0,0.0799,1.2021,2.053,1.053,2.2782,1.2782,26.5763,2.0631,26.3258,2.053,100.0,0.0,0.0,0.0,24.125,0.0,25.375,0.0,25.25,0.0,24.125,10.0,0.0,0.0128,52.9503,5.2946,2.0,6.5193,1.3257,-0.2849,1.3326,0.1656,1.3817,1.006e-05,1.0014,0.0006,2.5587,11.0,0.0807,1.0022,0.1902,2.5011,0.0064,1.0247,0.0631,2.0222,0.0,0.0,0.0,-0.1306,24.0,24.0,37.0,36.0,15.0,0.0,0.0,0.0,0.0,41.1301,64.0,8.921,0.0,0.0
5141.0,1.7377,0.0922,1.0,0.08,1.2023,2.0526,1.0526,2.2785,1.2785,26.7417,2.0697,26.3297,2.0532,100.0,0.0,0.0,0.0,24.25,0.0,25.375,0.0,25.25,0.0,24.125,10.0,0.0,0.0121,52.9523,5.295,2.0,6.5194,1.3257,-0.2736,1.3338,0.1784,1.3831,1.006e-05,1.0014,0.0006,2.5575,11.0,0.0802,1.0021,0.1526,2.4055,0.0061,1.0039,0.0706,2.0706,0.0,0.0,0.0,-0.1304,24.0,24.0,37.0,36.0,15.0,0.0,0.0,0.0,0.0,41.1305,64.0,9.0983,0.0,0.0
5142.0,1.7379,0.0922,1.0,0.0801,1.2026,2.0529,1.0529,2.2791,1.2791,26.7444,2.0698,26.3052,2.0522,100.0,0.0,0.0,0.0,24.125,0.0,25.375,0.0,25.25,0.0,24.25,10.0,0.0,0.0118,52.9508,5.2952,2.0,6.3814,1.322,-0.3526,1.3252,0.1674,1.3819,1.006e-05,1.0015,0.0006,2.5594,11.0,0.0836,1.0022,0.2154,2.5551,0.0062,1.0171,0.0631,2.0216,0.0,0.0,0.0,-0.1309,24.0,24.0,37.0,36.0,14.0,0.0,0.0,0.0,0.0,41.1303,64.0,9.3026,0.0,0.0
5143.0,1.7389,0.0924,1.0,0.0801,1.2025,2.0528,1.0528,2.279,1.279,26.6588,2.0664,26.2888,2.0516,100.0,0.0,0.0,0.0,24.125,0.0,25.375,0.0,25.25,0.0,24.125,10.0,0.0,0.012,52.9474,5.2949,2.0,6.3283,1.3205,-0.337,1.3269,0.1772,1.383,1.006e-05,1.0014,0.0006,2.5575,11.0,0.0855,1.0023,0.2635,2.6426,0.0055,0.9601,0.0731,2.086,0.0,0.0,0.0,-0.1306,24.0,24.0,37.0,36.0,13.0,0.0,0.0,0.0,0.0,41.1306,64.0,9.4691,0.0,0.0
5144.0,1.7389,0.0924,1.0,0.0801,1.2025,2.053,1.053,2.2788,1.2788,26.5279,2.0611,26.2882,2.0515,100.0,0.0,0.0,0.0,24.125,0.0,25.375,0.0,25.25,0.0,24.125,10.0,0.0,0.0121,52.9467,5.2941,2.0,6.29,1.3195,-0.3566,1.3247,0.1704,1.3822,1.006e-05,1.0015,0.0006,2.5592,11.0,0.0828,1.0022,0.2643,2.6439,0.0062,1.0145,0.0718,2.0781,0.0,0.0,0.0,-0.1304,24.0,24.0,37.0,36.0,13.0,0.0,0.0,0.0,0.0,41.1302,64.0,9.646,0.0,0.0
5145.0,1.739,0.0924,1.0,0.0801,1.2026,2.0529,1.0529,2.2783,1.2783,26.5624,2.0625,26.3136,2.0525,100.0,0.0,0.0,0.0,24.125,0.0,25.375,0.0,25.375,0.0,24.125,10.0,0.0,0.0122,52.9486,5.2948,2.0,6.2288,1.3178,-0.3466,1.3258,0.1642,1.3816,1.006e-05,1.0014,0.0006,2.5568,11.0,0.0821,1.0022,0.2918,2.6869,0.0062,1.014,0.0591,1.9934,0.0,0.0,0.0,-0.1311,24.0,24.0,37.0,36.0,14.0,0.0,0.0,0.0,0.0,41.1308,64.0,9.8226,0.0,0.0
5146.0,1.7376,0.0922,1.0,0.08,1.2023,2.0527,1.0527,2.2782,1.2782,26.7262,2.069,26.3275,2.0531,100.0,0.0,0.0,0.0,24.125,0.0,25.375,0.0,25.25,0.0,24.125,10.0,0.0,0.013,52.9467,5.2949,2.0,6.2608,1.3187,-0.3755,1.3227,0.1726,1.3825,1.006e-05,1.0014,0.0006,2.5588,11.0,0.0811,1.0022,0.2258,2.5755,0.0061,1.0081,0.072,2.079,0.0,0.0,0.0,-0.1307,24.0,24.0,37.0,36.0,14.0,0.0,0.0,0.0,0.0,41.1306,64.0,9.988,0.0,0.0
5147.0,1.7372,0.0921,1.0,0.08,1.2021,2.053,1.053,2.2787,1.2787,26.7503,2.07,26.3057,2.0522,100.0,0.0,0.0,0.0,24.125,0.0,25.375,0.0,25.375,0.0,24.25,10.0,0.0,0.0123,52.9436,5.2946,2.0,6.072,1.3133,-0.4966,1.3095,0.1614,1.3812,1.006e-05,1.0014,0.0006,2.5564,11.0,0.0817,1.0022,0.2317,2.5867,0.0055,0.966,0.0584,1.988,0.0,0.0,0.0,-0.1307,24.0,24.0,37.0,36.0,14.0,0.0,0.0,0.0,0.0,41.1303,64.0,10.1738,0.0,0.0
5148.0,1.7378,0.0922,1.0,0.08,1.2021,2.0532,1.0532,2.2787,1.2787,26.6743,2.067,26.2994,2.052,100.0,0.0,0.0,0.0,24.125,0.0,25.25,0.0,25.25,0.0,24.125,10.0,0.0,0.0115,52.9445,5.2939,2.0,5.8884,1.308,-0.5463,1.304,0.1729,1.3825,1.006e-05,1.0014,0.0006,2.5578,11.0,0.0816,1.0022,0.2022,2.5276,0.0057,0.9786,0.0716,2.077,0.0,0.0,0.0,-0.1308,24.0,24.0,37.0,36.0,14.0,0.0,0.0,0.0,0.0,41.131,64.0,10.369,0.0,0.0
5149.0,1.7379,0.0922,1.0,0.08,1.2024,2.0533,1.0533,2.2786,1.2786,26.5501,2.062,26.2948,2.0518,100.0,0.0,0.0,0.0,24.125,0.0,25.375,0.0,25.25,0.0,24.125,10.0,0.0,0.0119,52.9447,5.2945,2.0,5.7859,1.3049,-0.5993,1.2983,0.1645,1.3816,1.006e-05,1.0014,0.0006,2.5562,11.0,0.0787,1.0021,0.2288,2.5813,0.0059,0.9935,0.0751,2.0974,0.0,0.0,0.0,-0.1306,24.0,24.0,37.0,36.0,15.0,0.0,0.0,0.0,0.0,41.13,64.0,10.542,0.0,0.0
5150.0,1.7399,0.0925,1.0,0.0801,1.2025,2.053,1.053,2.2782,1.2782,26.5423,2.0617,26.3203,2.0528,100.0,0.0,0.0,0.0,24.125,0.0,25.375,0.0,25.25,0.0,24.25,10.0,0.0,0.0115,52.9423,5.2944,2.0,5.7506,1.3039,-0.5545,1.3031,0.1733,1.3825,1.006e-05,1.0014,0.0006,2.558,11.0,0.0805,1.0021,0.2092,2.5424,0.0051,0.9279,0.0663,2.0435,0.0,0.0,0.0,-0.1304,24.0,24.0,37.0,36.0,14.0,0.0,0.0,0.0,0.0,41.13,64.0,10.7263,0.0,0.0
5151.0,1.741,0.0926,1.0,0.08,1.2024,2.0527,1.0527,2.2782,1.2782,26.6874,2.0675,26.3341,2.0534,100.0,0.0,0.0,0.0,24.125,0.0,25.375,0.0,25.25,0.0,24.25,10.0,0.0,0.0116,52.9398,5.2939,2.0,5.7884,1.305,-0.4514,1.3144,0.1672,1.3819,1.006e-05,1.0013,0.0006,2.5557,11.0,0.0785,1.0021,0.1823,2.4828,0.0055,0.9598,0.0686,2.0579,0.0,0.0,0.0,-0.1311,24.0,24.0,37.0,36.0,14.0,0.0,0.0,0.0,0.0,41.1298,64.0,10.9037,0.0,0.0
5152.0,1.7418,0.0927,1.0,0.0801,1.2025,2.0528,1.0528,2.279,1.279,26.7615,2.0705,26.3104,2.0524,100.0,0.0,0.0,0.0,24.125,0.0,25.5,0.0,25.25,0.0,24.25,10.0,0.0,0.0117,52.9405,5.2938,2.0,6.0855,1.3137,-0.292,1.3318,0.1563,1.3807,1.006e-05,1.0014,0.0006,2.5571,11.0,0.0778,1.0021,0.1994,2.5216,0.0072,1.0803,0.0758,2.1014,0.0,0.0,0.0,-0.1308,24.0,24.0,37.0,36.0,14.0,0.0,0.0,0.0,0.0,41.13,64.0,11.0695,0.0,0.0
5153.0,1.7402,0.0925,1.0,0.0801,1.2025,2.0528,1.0528,2.279,1.279,26.694,2.0678,26.3002,2.052,100.0,0.0,0.0,0.0,24.125,0.0,25.375,0.0,25.5,0.0,24.25,10.0,0.0,0.0119,52.9404,5.2941,2.0,6.1773,1.3163,-0.1884,1.3431,0.1683,1.382,1.006e-05,1.0014,0.0006,2.5556,11.0,0.0819,1.0022,0.1573,2.4186,0.0061,1.0085,0.0676,2.0516,0.0,0.0,0.0,-0.1307,24.0,24.0,37.0,36.0,14.0,0.0,0.0,0.0,0.0,41.1299,64.0,11.2664,0.0,0.0
5154.0,1.7389,0.0924,1.0,0.08,1.2023,2.0533,1.0533,2.2789,1.2789,26.5778,2.0631,26.2967,2.0519,100.0,0.0,0.0,0.0,24.125,0.0,25.375,0.0,25.375,0.0,24.375,10.0,0.0,0.0118,52.9379,5.2938,2.0,6.3926,1.3223,-0.0818,1.3547,0.1583,1.3809,1.006e-05,1.0013,0.0006,2.5569,11.0,0.079,1.0021,0.1811,2.4797,0.0055,0.9586,0.0726,2.0831,0.0,0.0,0.0,-0.1308,24.0,24.0,37.0,36.0,14.0,0.0,0.0,0.0,0.0,41.13,64.0,11.4525,0.0,0.0
5155.0,1.7389,0.0924,1.0,0.0801,1.2024,2.0528,1.0528,2.2787,1.2787,26.5048,2.0602,26.3054,2.0522,100.0,0.0,0.0,0.0,24.125,0.0,25.375,0.0,25.25,0.0,24.125,10.0,0.0,0.0117,52.9373,5.2936,2.0,6.3818,1.322,-0.136,1.3488,0.1717,1.3824,1.006e-05,1.0013,0.0006,2.5557,11.0,0.0792,1.0021,0.1757,2.4665,0.0058,0.9863,0.0862,2.1576,0.0,0.0,0.0,-0.1303,24.0,24.0,37.0,36.0,15.0,0.0,0.0,0.0,0.0,41.1298,64.0,11.6287,0.0,0.0
5156.0,1.7379,0.0922,1.0,0.0799,1.202,2.0527,1.0527,2.2786,1.2786,26.6572,2.0663,26.3218,2.0529,100.0,0.0,0.0,0.0,24.25,0.0,25.375,0.0,25.25,0.0,24.125,10.0,0.0,0.0118,52.937,5.2935,2.0,6.3634,1.3215,-0.1149,1.3511,0.1595,1.381,1.006e-05,1.0014,0.0006,2.5564,11.0,0.0797,1.0021,0.1402,2.3686,0.0054,0.9555,0.0741,2.0918,0.0,0.0,0.0,-0.1305,24.0,24.0,37.0,36.0,15.0,0.0,0.0,0.0,0.0,41.1304,64.0,11.7938,0.0,0.0
5157.0,1.7379,0.0922,1.0,0.0798,1.2016,2.0529,1.0529,2.2788,1.2788,26.7632,2.0705,26.3168,2.0527,100.0,0.0,0.0,0.0,24.0,0.0,25.25,0.0,25.375,0.0,24.25,10.0,0.0,0.0119,52.9358,5.2936,2.0,6.4832,1.3247,-0.009,1.3627,0.1621,1.3813,1.006e-05,1.0013,0.0006,2.5547,11.0,0.0759,1.002,0.1449,2.3828,0.006,0.9981,0.0767,2.1068,0.0,0.0,0.0,-0.1308,24.0,24.0,37.0,36.0,14.0,0.0,0.0,0.0,0.0,41.13,64.0,11.9725,0.0,0.0
5158.0,1.7369,0.0921,1.0,0.0798,1.2018,2.053,1.053,2.279,1.279,26.7013,2.0681,26.3003,2.052,100.0,0.0,0.0,0.0,24.125,0.0,25.25,0.0,25.25,0.0,24.25,10.0,0.0,0.0122,52.9343,5.2934,2.0,6.6207,1.3284,0.0623,1.3704,0.1615,1.3813,1.005e-05,1.0012,0.0006,2.5563,11.0,0.0774,1.0021,0.1264,2.3238,0.007,1.0646,0.0676,2.052,0.0,0.0,0.0,-0.1306,24.0,24.0,37.0,36.0,15.0,0.0,0.0,0.0,0.0,41.1293,64.0,12.1806,0.0,0.0
5159.0,1.7368,0.0921,1.0,0.0797,1.2015,2.0531,1.0531,2.2788,1.2788,26.5826,2.0633,26.2964,2.0519,100.0,0.0,0.0,0.0,24.25,0.0,25.375,0.0,25.25,0.0,24.125,10.0,0.0,0.0116,52.9335,5.2933,2.0,6.6166,1.3283,0.0074,1.3644,0.1495,1.38,1.006e-05,1.0013,0.0006,2.5543,11.0,0.0775,1.0021,0.1301,2.336,0.0051,0.9318,0.0597,1.9978,0.0,0.0,0.0,-0.1308,24.0,24.0,37.0,36.0,14.0,0.0,0.0,0.0,0.0,41.1297,64.0,12.3586,0.0,0.0
5160.0,1.7368,0.0921,1.0,0.0797,1.2015,2.0529,1.0529,2.2787,1.2787,26.5108,2.0604,26.3017,2.0521,100.0,0.0,0.0,0.0,24.125,0.0,25.375,0.0,25.375,0.0,24.25,10.0,0.0,0.0116,52.9332,5.2933,2.0,6.5268,1.3259,-0.0344,1.3599,0.1653,1.3817,1.005e-05,1.0013,0.0006,2.5558,11.0,0.077,1.0021,0.1867,2.4931,0.0059,0.9941,0.0627,2.0194,0.0,0.0,0.0,-0.1307,24.0,24.0,37.0,36.0,14.0,0.0,0.0,0.0,0.0,41.1297,64.0,12.5317,0.0,0.0
5161.0,1.7379,0.0922,1.0,0.0796,1.2012,2.0527,1.0527,2.2783,1.2783,26.6492,2.066,26.3265,2.0531,100.0,0.0,0.0,0.0,24.25,0.0,25.375,0.0,25.375,0.0,24.125,10.0,0.0,0.0119,52.9319,5.2931,2.0,6.4375,1.3235,-0.0816,1.3547,0.1521,1.3802,1.005e-05,1.0013,0.0006,2.5544,11.0,0.0751,1.002,0.1552,2.4128,0.0063,1.0236,0.0635,2.0249,0.0,0.0,0.0,-0.1308,24.0,24.0,37.0,36.0,13.0,0.0,0.0,0.0,0.0,41.1295,64.0,12.721,0.0,0.0
5162.0,1.7379,0.0922,1.0,0.0797,1.2016,2.0526,1.0526,2.2789,1.2789,26.764,2.0706,26.313,2.0525,100.0,0.0,0.0,0.0,24.125,0.0,25.25,0.0,25.375,0.0,24.25,10.0,0.0,0.0119,52.9307,5.293,2.0,6.4294,1.3233,-0.0771,1.3552,0.1644,1.3816,1.006e-05,1.0013,0.0006,2.5561,11.0,0.0767,1.002,0.1779,2.472,0.0057,0.9769,0.0601,2.0004,0.0,0.0,0.0,-0.1307,24.0,24.0,37.0,36.0,13.0,0.0,0.0,0.0,0.0,41.1301,64.0,12.9028,0.0,0.0
5163.0,1.7379,0.0922,1.0,0.0799,1.2019,2.053,1.053,2.279,1.279,26.7103,2.0684,26.3013,2.0521,100.0,0.0,0.0,0.0,24.125,0.0,25.25,0.0,25.375,0.0,24.125,10.0,0.0,0.0119,52.9302,5.293,2.0,6.3885,1.3222,-0.0901,1.3538,0.1536,1.3804,1.006e-05,1.0013,0.0006,2.5549,11.0,0.0773,1.0021,0.1591,2.4235,0.0058,0.9842,0.054,1.9544,0.0,0.0,0.0,-0.1305,25.0,24.0,37.0,36.0,15.0,0.0,0.0,0.0,0.0,41.1298,64.0,13.1134,0.0,0.0
5164.0,1.7379,0.0922,1.0,0.0799,1.2019,2.0533,1.0533,2.2787,1.2787,26.6169,2.0647,26.3047,2.0522,100.0,0.0,0.0,0.0,24.125,0.0,25.375,0.0,25.25,0.0,24.25,10.0,0.0,0.0119,52.9292,5.2928,2.0,6.431,1.3233,-0.0468,1.3585,0.1527,1.3803,1.006e-05,1.0013,0.0006,2.5553,11.0,0.0761,1.002,0.1727,2.4592,0.0062,1.0133,0.052,1.9379,0.0,0.0,0.0,-0.1307,25.0,24.0,37.0,36.0,13.0,0.0,0.0,0.0,0.0,41.1302,64.0,13.2852,0.0,0.0
5165.0,1.7381,0.0923,1.0,0.08,1.2022,2.0533,1.0533,2.2783,1.2783,26.5085,2.0603,26.3011,2.052,100.0,0.0,0.0,0.0,24.125,0.0,25.375,0.0,25.5,0.0,24.25,10.0,0.0,0.0116,52.9283,5.2928,2.0,6.5716,1.3271,0.0021,1.3639,0.1568,1.3807,1.006e-05,1.0013,0.0006,2.5579,11.0,0.078,1.0021,0.1256,2.321,0.0062,1.0136,0.054,1.9544,0.0,0.0,0.0,-0.1308,25.0,24.0,37.0,36.0,13.0,0.0,0.0,0.0,0.0,41.1295,64.0,13.4793,0.0,0.0
5166.0,1.7377,0.0922,1.0,0.0798,1.2018,2.0528,1.0528,2.2782,1.2782,26.6216,2.0649,26.3185,2.0527,100.0,0.0,0.0,0.0,24.25,0.0,25.375,0.0,25.375,0.0,24.375,10.0,0.0,0.0117,52.9272,5.2927,2.0,6.4009,1.3225,-0.0755,1.3554,0.1454,1.3795,1.006e-05,1.0013,0.0006,2.5558,11.0,0.0769,1.0021,0.1303,2.3368,0.0055,0.9624,0.049,1.9124,0.0,0.0,0.0,-0.1308,25.0,24.0,37.0,36.0,14.0,0.0,0.0,0.0,0.0,41.1296,64.0,13.6568,0.0,0.0
5167.0,1.7379,0.0922,1.0,0.08,1.2022,2.0527,1.0527,2.2785,1.2785,26.7598,2.0704,26.3198,2.0528,100.0,0.0,0.0,0.0,24.125,0.0,25.375,0.0,25.375,0.0,24.25,10.0,0.0,0.0117,52.9264,5.2926,2.0,6.4672,1.3243,-0.0307,1.3603,0.1598,1.3811,1.006e-05,1.0015,0.0006,2.5575,11.0,0.0841,1.0022,0.1302,2.3365,0.0058,0.9845,0.061,2.0069,0.0,0.0,0.0,-0.1308,25.0,24.0,37.0,36.0,14.0,0.0,0.0,0.0,0.0,41.1301,64.0,13.8393,0.0,0.0
5168.0,1.7379,0.0922,1.0,0.0802,1.2027,2.0527,1.0527,2.279,1.279,26.7294,2.0692,26.3014,2.0521,100.0,0.0,0.0,0.0,24.25,0.0,25.375,0.0,25.25,0.0,24.25,10.0,0.0,0.0115,52.9254,5.2925,2.0,6.5672,1.327,0.0563,1.3698,0.1491,1.3799,1.006e-05,1.0015,0.0006,2.555,11.0,0.0836,1.0022,0.1238,2.3144,0.0066,1.0384,0.0644,2.0304,0.0,0.0,0.0,-0.1305,25.0,24.0,37.0,36.0,13.0,0.0,0.0,0.0,0.0,41.1297,64.0,14.0023,0.0,0.0
5169.0,1.7379,0.0922,1.0,0.08,1.2024,2.0529,1.0529,2.279,1.279,26.6252,2.065,26.297,2.0519,100.0,0.0,0.0,0.0,24.125,0.0,25.25,0.0,25.375,0.0,24.125,10.0,0.0,0.0112,52.9245,5.2924,2.0,6.5021,1.3252,-0.0298,1.3604,0.1634,1.3815,1.006e-05,1.0015,0.0006,2.5575,11.0,0.0852,1.0023,0.1287,2.3316,0.0057,0.9811,0.0559,1.9694,0.0,0.0,0.0,-0.1305,25.0,24.0,37.0,36.0,15.0,0.0,0.0,0.0,0.0,41.1298,64.0,14.2219,0.0,0.0
5170.0,1.7389,0.0924,1.0,0.0802,1.2029,2.0528,1.0528,2.2784,1.2784,26.5141,2.0606,26.2976,2.0519,100.0,0.0,0.0,0.0,24.125,0.0,25.375,0.0,25.25,0.0,24.25,10.0,0.0,0.0118,52.9238,5.2923,2.0,6.4658,1.3242,-0.0404,1.3592,0.1512,1.3801,1.006e-05,1.0015,0.0006,2.5559,11.0,0.0837,1.0022,0.1102,2.2639,0.0055,0.9627,0.0549,1.9614,0.0,0.0,0.0,-0.1308,25.0,24.0,37.0,36.0,14.0,0.0,0.0,0.0,0.0,41.1307,64.0,14.4087,0.0,0.0
5171.0,1.739,0.0924,1.0,0.08,1.2024,2.0524,1.0524,2.2786,1.2786,26.5945,2.0638,26.318,2.0527,100.0,0.0,0.0,0.0,24.125,0.0,25.375,0.0,25.375,0.0,24.25,10.0,0.0,0.0115,52.9228,5.2922,2.0,6.4585,1.3241,-0.0552,1.3576,0.1587,1.3809,1.006e-05,1.0015,0.0006,2.557,11.0,0.0841,1.0022,0.11,2.2632,0.0065,1.0357,0.053,1.9461,0.0,0.0,0.0,-0.1305,25.0,24.0,37.0,36.0,13.0,0.0,0.0,0.0,0.0,41.1299,64.0,14.6107,0.0,0.0
5172.0,1.7389,0.0924,1.0,0.0803,1.2031,2.0526,1.0526,2.2787,1.2787,26.7364,2.0695,26.3196,2.0528,100.0,0.0,0.0,0.0,24.125,0.0,25.375,0.0,25.25,0.0,24.25,10.0,0.0,0.0122,52.9219,5.2921,2.0,6.3345,1.3207,-0.1369,1.3487,0.1533,1.3804,1.006e-05,1.0014,0.0006,2.5554,11.0,0.0841,1.0022,0.1152,2.2834,0.0067,1.0453,0.0527,1.9437,0.0,0.0,0.0,-0.1306,25.0,24.0,37.0,36.0,15.0,0.0,0.0,0.0,0.0,41.1305,64.0,14.7743,0.0,0.0
5173.0,1.739,0.0924,1.0,0.0801,1.2026,2.0527,1.0527,2.2791,1.2791,26.7369,2.0695,26.3038,2.0522,100.0,0.0,0.0,0.0,24.125,0.0,25.375,0.0,25.25,0.0,24.125,10.0,0.0,0.0116,52.9212,5.2921,2.0,6.2071,1.3172,-0.205,1.3413,0.1442,1.3794,1.006e-05,1.0015,0.0006,2.5568,11.0,0.0853,1.0023,0.086,2.1565,0.0063,1.0206,0.0609,2.0066,0.0,0.0,0.0,-0.1305,25.0,24.0,37.0,36.0,13.0,0.0,0.0,0.0,0.0,41.13,64.0,14.9845,0.0,0.0
5174.0,1.739,0.0924,1.0,0.0802,1.2029,2.0529,1.0529,2.279,1.279,26.6427,2.0657,26.2893,2.0516,100.0,0.0,0.0,0.0,24.125,0.0,25.375,0.0,25.375,0.0,24.25,10.0,0.0,0.0114,52.9203,5.292,2.0,6.3053,1.3199,-0.0846,1.3544,0.1553,1.3806,1.006e-05,1.0015,0.0006,2.558,11.0,0.0847,1.0023,0.0916,2.1838,0.0063,1.0187,0.0569,1.9766,0.0,0.0,0.0,-0.1309,25.0,24.0,37.0,36.0,14.0,0.0,0.0,0.0,0.0,41.1301,64.0,15.1776,0.0,0.0
5175.0,1.7399,0.0925,1.0,0.0803,1.2032,2.0529,1.0529,2.2788,1.2788,26.5106,2.0604,26.2862,2.0514,100.0,0.0,0.0,0.0,24.125,0.0,25.25,0.0,25.25,0.0,24.125,10.0,0.0,0.0119,52.9193,5.2919,2.0,6.4526,1.3239,-0.0068,1.3629,0.1446,1.3794,1.006e-05,1.0015,0.0006,2.5567,11.0,0.0858,1.0023,0.0972,2.2095,0.0061,1.0047,0.0574,1.9809,0.0,0.0,0.0,-0.1305,24.0,24.0,37.0,36.0,13.0,0.0,0.0,0.0,0.0,41.1295,64.0,15.3444,0.0,0.0
5176.0,1.74,0.0925,1.0,0.0803,1.2032,2.0526,1.0526,2.2787,1.2787,26.5415,2.0617,26.3123,2.0525,100.0,0.0,0.0,0.0,24.25,0.0,25.375,0.0,25.375,0.0,24.25,10.0,0.0,0.0122,52.9185,5.2918,2.0,6.4705,1.3244,0.0141,1.3652,0.1595,1.381,1.006e-05,1.0014,0.0006,2.5582,11.0,0.084,1.0022,0.1687,2.449,0.0056,0.9719,0.0592,1.9942,0.0,0.0,0.0,-0.1306,24.0,24.0,37.0,36.0,13.0,0.0,0.0,0.0,0.0,41.1298,64.0,15.5404,0.0,0.0
5177.0,1.74,0.0925,1.0,0.0802,1.2028,2.0524,1.0524,2.2786,1.2786,26.7258,2.069,26.3201,2.0528,100.0,0.0,0.0,0.0,24.125,0.0,25.375,0.0,25.375,0.0,24.25,10.0,0.0,0.0116,52.9177,5.2917,2.0,6.4533,1.3239,-0.0132,1.3622,0.1444,1.3794,1.006e-05,1.0014,0.0006,2.5565,11.0,0.0845,1.0023,0.1641,2.4368,0.006,1.0021,0.0691,2.0612,0.0,0.0,0.0,-0.1309,24.0,24.0,37.0,36.0,13.0,0.0,0.0,0.0,0.0,41.1301,64.0,15.7416,0.0,0.0
5178.0,1.7417,0.0927,1.0,0.08,1.2023,2.0528,1.0528,2.2787,1.2787,26.7353,2.0694,26.3043,2.0522,100.0,0.0,0.0,0.0,24.125,0.0,25.375,0.0,25.375,0.0,24.25,10.0,0.0,0.0117,52.9169,5.2916,2.0,6.4537,1.3239,0.0047,1.3641,0.1577,1.3808,1.006e-05,1.0013,0.0006,2.5574,11.0,0.0787,1.0021,0.1396,2.3669,0.0063,1.0191,0.0593,1.9949,0.0,0.0,0.0,-0.1306,24.0,24.0,37.0,36.0,15.0,0.0,0.0,0.0,0.0,41.1295,64.0,15.9331,0.0,0.0
5179.0,1.7412,0.0927,1.0,0.08,1.2023,2.0531,1.0531,2.2788,1.2788,26.6427,2.0657,26.2974,2.0519,100.0,0.0,0.0,0.0,24.125,0.0,25.25,0.0,25.25,0.0,24.25,10.0,0.0,0.0116,52.9161,5.2916,2.0,6.6058,1.328,0.0943,1.3739,0.1449,1.3794,1.006e-05,1.0014,0.0006,2.5578,11.0,0.0816,1.0022,0.145,2.3833,0.0063,1.0244,0.0643,2.0299,0.0,0.0,0.0,-0.1307,25.0,24.0,37.0,36.0,13.0,0.0,0.0,0.0,0.0,41.1297,64.0,16.0961,0.0,0.0
5180.0,1.74,0.0925,1.0,0.0801,1.2026,2.0529,1.0529,2.2788,1.2788,26.5293,2.0612,26.2913,2.0517,100.0,0.0,0.0,0.0,24.0,0.0,25.375,0.0,25.375,0.0,24.25,10.0,0.0,0.0118,52.9153,5.2915,2.0,6.5402,1.3262,0.0249,1.3663,0.1587,1.381,1.006e-05,1.0015,0.0006,2.557,11.0,0.0818,1.0022,0.1191,2.2978,0.0059,0.9962,0.0587,1.9903,0.0,0.0,0.0,-0.1307,25.0,24.0,37.0,36.0,14.0,0.0,0.0,0.0,0.0,41.1294,64.0,16.2836,0.0,0.0
5181.0,1.7389,0.0924,1.0,0.0799,1.202,2.0526,1.0526,2.2786,1.2786,26.5435,2.0617,26.3079,2.0523,100.0,0.0,0.0,0.0,24.25,0.0,25.375,0.0,25.375,0.0,24.25,10.0,0.0,0.0118,52.9145,5.2914,2.0,6.5993,1.3278,0.0585,1.37,0.1468,1.3797,1.006e-05,1.0015,0.0006,2.5588,11.0,0.0828,1.0022,0.1062,2.2479,0.0062,1.016,0.0531,1.947,0.0,0.0,0.0,-0.1304,25.0,24.0,37.0,36.0,15.0,0.0,0.0,0.0,0.0,41.1297,64.0,16.4543,0.0,0.0
5182.0,1.7379,0.0922,1.0,0.08,1.2024,2.0523,1.0523,2.2785,1.2785,26.7143,2.0686,26.322,2.0529,100.0,0.0,0.0,0.0,24.125,0.0,25.25,0.0,25.375,0.0,24.25,10.0,0.0,0.0128,52.9131,5.2912,2.0,6.546,1.3264,0.0446,1.3685,0.1597,1.3811,1.006e-05,1.0015,0.0006,2.5565,11.0,0.0829,1.0022,0.1285,2.3306,0.0055,0.9642,0.0543,1.9563,0.0,0.0,0.0,-0.131,25.0,24.0,37.0,36.0,14.0,0.0,0.0,0.0,0.0,41.1303,64.0,16.6787,0.0,0.0
5183.0,1.7357,0.092,1.0,0.0802,1.2028,2.0525,1.0525,2.2787,1.2787,26.7475,2.0699,26.3094,2.0524,100.0,0.0,0.0,0.0,24.125,0.0,25.25,0.0,25.375,0.0,24.25,10.0,0.0,0.0116,52.9122,5.2912,2.0,6.5197,1.3257,-0.0037,1.3632,0.1501,1.38,1.006e-05,1.0014,0.0006,2.5578,11.0,0.0831,1.0022,0.1171,2.2905,0.0059,0.9903,0.0515,1.934,0.0,0.0,0.0,-0.1306,25.0,24.0,37.0,36.0,15.0,0.0,0.0,0.0,0.0,41.1295,64.0,16.8407,0.0,0.0
5184.0,1.7348,0.0918,1.0,0.0802,1.2028,2.0529,1.0529,2.279,1.279,26.656,2.0662,26.2973,2.0519,100.0,0.0,0.0,0.0,24.25,0.0,25.375,0.0,25.375,0.0,24.25,10.0,0.0,0.0114,52.9114,5.2911,2.0,6.5026,1.3252,0.0241,1.3663,0.1507,1.3801,1.006e-05,1.0014,0.0006,2.5576,11.0,0.0841,1.0022,0.1529,2.4063,0.0068,1.052,0.0565,1.9739,0.0,0.0,0.0,-0.131,25.0,24.0,37.0,36.0,13.0,0.0,0.0,0.0,0.0,41.1293,64.0,17.0285,0.0,0.0
5185.0,1.7347,0.0918,1.0,0.0801,1.2026,2.0529,1.0529,2.2789,1.2789,26.5343,2.0614,26.2829,2.0513,100.0,0.0,0.0,0.0,24.125,0.0,25.375,0.0,25.375,0.0,24.375,10.0,0.0,0.0117,52.9105,5.291,2.0,6.5184,1.3257,-0.0002,1.3636,0.1507,1.3801,1.007e-05,1.0015,0.0006,2.5581,11.0,0.0843,1.0022,0.1824,2.4829,0.0064,1.0252,0.0565,1.9738,0.0,0.0,0.0,-0.1307,25.0,24.0,37.0,36.0,15.0,0.0,0.0,0.0,0.0,41.1292,64.0,17.1816,0.0,0.0
5186.0,1.7358,0.092,1.0,0.0799,1.2021,2.0526,1.0526,2.2786,1.2786,26.5333,2.0613,26.302,2.0521,100.0,0.0,0.0,0.0,24.25,0.0,25.375,0.0,25.375,0.0,24.25,10.0,0.0,0.0122,52.9096,5.2909,2.0,6.5515,1.3265,0.112,1.3759,0.1518,1.3802,1.006e-05,1.0014,0.0006,2.5594,11.0,0.0848,1.0023,0.1378,2.3611,0.0063,1.0235,0.0574,1.9806,0.0,0.0,0.0,-0.1306,25.0,24.0,37.0,36.0,14.0,0.0,0.0,0.0,0.0,41.1297,64.0,17.3882,0.0,0.0
5187.0,1.7368,0.0921,1.0,0.0801,1.2025,2.0519,1.0519,2.2786,1.2786,26.6741,2.067,26.3119,2.0525,100.0,0.0,0.0,0.0,24.25,0.0,25.375,0.0,25.25,0.0,24.25,10.0,0.0,0.0119,52.909,5.2909,2.0,6.711,1.3307,0.1329,1.3781,0.153,1.3803,1.006e-05,1.0015,0.0006,2.557,11.0,0.0841,1.0022,0.16,2.4259,0.006,0.9995,0.06,1.9997,0.0,0.0,0.0,-0.1308,25.0,24.0,37.0,36.0,15.0,0.0,0.0,0.0,0.0,41.1295,64.0,17.561,0.0,0.0
5188.0,1.7369,0.0921,1.0,0.0799,1.202,2.0525,1.0525,2.2791,1.2791,26.7505,2.07,26.2995,2.052,100.0,0.0,0.0,0.0,24.125,0.0,25.375,0.0,25.25,0.0,24.25,10.0,0.0,0.0123,52.9081,5.2908,2.0,6.6121,1.3281,0.0205,1.3659,0.1424,1.3792,1.006e-05,1.0013,0.0006,2.559,11.0,0.0789,1.0021,0.1343,2.35,0.0053,0.944,0.051,1.9295,0.0,0.0,0.0,-0.131,25.0,24.0,37.0,36.0,12.0,0.0,0.0,0.0,0.0,41.1298,64.0,17.7489,0.0,0.0
5189.0,1.7369,0.0921,1.0,0.0802,1.2028,2.0528,1.0528,2.279,1.279,26.6873,2.0675,26.2897,2.0516,100.0,0.0,0.0,0.0,24.125,0.0,25.375,0.0,25.375,0.0,24.25,10.0,0.0,0.0117,52.9073,5.2907,2.0,6.5309,1.326,0.0501,1.3691,0.1552,1.3806,1.006e-05,1.0015,0.0006,2.5578,11.0,0.0819,1.0022,0.1227,2.3107,0.0064,1.0263,0.054,1.9544,0.0,0.0,0.0,-0.1306,25.0,24.0,37.0,36.0,15.0,0.0,0.0,0.0,0.0,41.1302,64.0,17.9009,0.0,0.0
5190.0,1.7368,0.0921,1.0,0.0801,1.2026,2.0525,1.0525,2.2789,1.2789,26.541,2.0616,26.2788,2.0512,100.0,0.0,0.0,0.0,24.25,0.0,25.375,0.0,25.375,0.0,24.25,10.0,0.0,0.0118,52.9064,5.2906,2.0,6.5285,1.3259,0.0235,1.3662,0.1442,1.3794,1.006e-05,1.0015,0.0006,2.5584,11.0,0.0835,1.0022,0.1279,2.3287,0.0065,1.0348,0.0487,1.9097,0.0,0.0,0.0,-0.1305,25.0,24.0,37.0,36.0,14.0,0.0,0.0,0.0,0.0,41.1303,64.0,18.0884,0.0,0.0
5191.0,1.7369,0.0921,1.0,0.0799,1.2019,2.0524,1.0524,2.2787,1.2787,26.4999,2.06,26.2868,2.0515,100.0,0.0,0.0,0.0,24.125,0.0,25.375,0.0,25.25,0.0,24.25,10.0,0.0,0.0115,52.9055,5.2905,2.0,6.6928,1.3302,0.1368,1.3786,0.1556,1.3806,1.006e-05,1.0015,0.0006,2.5599,11.0,0.0846,1.0023,0.1343,2.3499,0.006,1.0026,0.0469,1.8928,0.0,0.0,0.0,-0.1309,25.0,24.0,37.0,36.0,13.0,0.0,0.0,0.0,0.0,41.1299,64.0,18.2826,0.0,0.0
5192.0,1.7369,0.0921,1.0,0.0801,1.2025,2.0519,1.0519,2.2789,1.2789,26.6536,2.0661,26.301,2.052,100.0,0.0,0.0,0.0,24.25,0.0,25.375,0.0,25.375,0.0,24.375,10.0,0.0,0.0113,52.9051,5.2905,2.0,6.7322,1.3313,0.1233,1.3771,0.1414,1.3791,1.006e-05,1.0014,0.0006,2.5581,11.0,0.0835,1.0022,0.1665,2.4432,0.0063,1.024,0.0647,2.0326,0.0,0.0,0.0,-0.1302,24.0,24.0,37.0,36.0,14.0,0.0,0.0,0.0,0.0,41.129,64.0,18.4723,0.0,0.0
5193.0,1.7368,0.0921,1.0,0.0798,1.2018,2.052,1.052,2.2793,1.2793,26.7619,2.0705,26.3018,2.0521,100.0,0.0,0.0,0.0,24.25,0.0,25.375,0.0,25.375,0.0,24.25,10.0,0.0,0.0117,52.9041,5.2904,2.0,6.6706,1.3297,0.0908,1.3735,0.1552,1.3806,1.006e-05,1.0014,0.0006,2.5594,11.0,0.0801,1.0021,0.173,2.46,0.0056,0.9735,0.0695,2.0637,0.0,0.0,0.0,-0.1307,24.0,24.0,37.0,36.0,15.0,0.0,0.0,0.0,0.0,41.1292,64.0,18.6503,0.0,0.0
5194.0,1.7369,0.0921,1.0,0.0798,1.2017,2.0528,1.0528,2.279,1.279,26.701,2.068,26.2911,2.0516,100.0,0.0,0.0,0.0,24.25,0.0,25.375,0.0,25.375,0.0,24.25,10.0,0.0,0.0119,52.9031,5.2903,2.0,6.758,1.3319,0.1401,1.3789,0.1411,1.379,1.006e-05,1.0013,0.0006,2.5596,11.0,0.08,1.0021,0.2669,2.6482,0.0061,1.0041,0.0616,2.0112,0.0,0.0,0.0,-0.1306,24.0,24.0,37.0,36.0,13.0,0.0,0.0,0.0,0.0,41.1294,64.0,18.8214,0.0,0.0
5195.0,1.7368,0.0921,1.0,0.0798,1.2018,2.0527,1.0527,2.2789,1.2789,26.5832,2.0633,26.2855,2.0514,100.0,0.0,0.0,0.0,24.125,0.0,25.375,0.0,25.25,0.0,24.25,10.0,0.0,0.0115,52.9023,5.2902,2.0,6.8248,1.3336,0.2217,1.3878,0.1548,1.3805,1.006e-05,1.0013,0.0006,2.5587,11.0,0.0775,1.0021,0.2102,2.5445,0.0066,1.0419,0.0759,2.1018,0.0,0.0,0.0,-0.131,24.0,24.0,37.0,36.0,14.0,0.0,0.0,0.0,0.0,41.1299,64.0,19.0038,0.0,0.0
5196.0,1.7369,0.0921,1.0,0.0798,1.2017,2.0527,1.0527,2.2787,1.2787,26.5048,2.0602,26.2956,2.0518,100.0,0.0,0.0,0.0,24.25,0.0,25.375,0.0,25.375,0.0,24.25,10.0,0.0,0.012,52.9013,5.2901,2.0,6.8864,1.3352,0.2264,1.3883,0.1408,1.379,1.006e-05,1.0013,0.0006,2.5608,11.0,0.077,1.0021,0.225,2.574,0.0064,1.0283,0.0746,2.0948,0.0,0.0,0.0,-0.1305,24.0,24.0,37.0,36.0,14.0,0.0,0.0,0.0,0.0,41.1297,64.0,19.2082,0.0,0.0
5197.0,1.7369,0.0921,1.0,0.08,1.2022,2.052,1.052,2.279,1.279,26.6185,2.0647,26.3115,2.0525,100.0,0.0,0.0,0.0,24.25,0.0,25.375,0.0,25.375,0.0,24.25,10.0,0.0,0.012,52.9005,5.29,2.0,6.9434,1.3366,0.2673,1.3928,0.1571,1.3808,1.006e-05,1.0013,0.0006,2.5583,11.0,0.0767,1.002,0.1851,2.4891,0.0057,0.9742,0.0782,2.1153,0.0,0.0,0.0,-0.1305,24.0,24.0,37.0,36.0,14.0,0.0,0.0,0.0,0.0,41.1295,64.0,19.3688,0.0,0.0
5198.0,1.7368,0.0921,1.0,0.0799,1.2021,2.0519,1.0519,2.2792,1.2792,26.7485,2.0699,26.3032,2.0521,100.0,0.0,0.0,0.0,24.25,0.0,25.375,0.0,25.25,0.0,24.375,10.0,0.0,0.0111,52.8999,5.2899,2.0,7.0673,1.3397,0.2853,1.3948,0.1433,1.3793,1.006e-05,1.0013,0.0006,2.5597,11.0,0.0766,1.002,0.2123,2.5488,0.0057,0.9749,0.0739,2.0903,0.0,0.0,0.0,-0.1309,24.0,24.0,37.0,36.0,13.0,0.0,0.0,0.0,0.0,41.1295,64.0,19.5537,0.0,0.0
5199.0,1.7358,0.092,1.0,0.0798,1.2017,2.0528,1.0528,2.279,1.279,26.701,2.068,26.2949,2.0518,100.0,0.0,0.0,0.0,24.125,0.0,25.375,0.0,25.25,0.0,24.25,10.0,0.0,0.0114,52.8991,5.2899,2.0,7.0199,1.3385,0.2896,1.3952,0.1564,1.3807,1.006e-05,1.0014,0.0006,2.5579,11.0,0.0825,1.0022,0.1557,2.4141,0.0065,1.0363,0.064,2.0283,0.0,0.0,0.0,-0.1305,24.0,24.0,37.0,36.0,15.0,0.0,0.0,0.0,0.0,41.13,64.0,19.7323,0.0,0.0
5200.0,1.7359,0.092,1.0,0.0797,1.2014,2.0529,1.0529,2.2789,1.2789,26.5917,2.0637,26.2908,2.0516,100.0,0.0,0.0,0.0,24.25,0.0,25.5,0.0,25.25,0.0,24.25,10.0,0.0,0.0126,52.8984,5.2898,2.0,7.0591,1.3395,0.2609,1.3921,0.1424,1.3792,1.006e-05,1.0013,0.0006,2.5599,11.0,0.082,1.0022,0.2144,2.553,0.0064,1.0255,0.067,2.048,0.0,0.0,0.0,-0.1307,24.0,24.0,37.0,37.0,14.0,0.0,0.0,0.0,0.0,41.1297,64.0,19.8967,0.0,0.0
5201.0,1.7349,0.0919,1.0,0.08,1.2024,2.0527,1.0527,2.2791,1.2791,26.5081,2.0603,26.2903,2.0516,100.0,0.0,0.0,0.0,24.25,0.0,25.5,0.0,25.375,0.0,24.375,10.0,0.0,0.0113,52.8975,5.2897,2.0,7.0878,1.3402,0.2551,1.3915,0.156,1.3807,1.006e-05,1.0013,0.0006,2.5574,11.0,0.0789,1.0021,0.1943,2.5103,0.0055,0.9645,0.0611,2.0081,0.0,0.0,0.0,-0.1304,24.0,24.0,37.0,37.0,13.0,0.0,0.0,0.0,0.0,41.1298,64.0,20.0779,0.0,0.0
5202.0,1.7345,0.0918,1.0,0.08,1.2023,2.0524,1.0524,2.2786,1.2786,26.6032,2.0641,26.3079,2.0523,100.0,0.0,0.0,0.0,24.25,0.0,25.375,0.0,25.375,0.0,24.25,10.0,0.0,0.0116,52.8965,5.2896,2.0,6.9633,1.3371,0.1714,1.3823,0.1455,1.3795,1.006e-05,1.0014,0.0006,2.5588,11.0,0.08,1.0021,0.2191,2.5625,0.0057,0.9788,0.0764,2.1049,0.0,0.0,0.0,-0.1308,24.0,24.0,37.0,37.0,15.0,0.0,0.0,0.0,0.0,41.1294,64.0,20.2809,0.0,0.0
5203.0,1.7348,0.0919,1.0,0.0797,1.2015,2.0523,1.0523,2.2788,1.2788,26.7533,2.0701,26.3095,2.0524,100.0,0.0,0.0,0.0,24.125,0.0,25.5,0.0,25.5,0.0,24.25,10.0,0.0,0.0118,52.8958,5.2895,2.0,6.9926,1.3379,0.2238,1.3881,0.1545,1.3805,1.006e-05,1.0014,0.0006,2.5572,11.0,0.0796,1.0021,0.2061,2.536,0.0058,0.9879,0.068,2.0547,0.0,0.0,0.0,-0.1307,24.0,24.0,37.0,37.0,14.0,0.0,0.0,0.0,0.0,41.1296,64.0,20.4686,0.0,0.0
5204.0,1.7348,0.0919,1.0,0.0798,1.2016,2.0527,1.0527,2.279,1.279,26.721,2.0688,26.2919,2.0517,100.0,0.0,0.0,0.0,24.25,0.0,25.375,0.0,25.375,0.0,24.25,10.0,0.0,0.0123,52.8947,5.2894,2.0,7.0744,1.3399,0.2271,1.3884,0.1433,1.3793,1.006e-05,1.0013,0.0006,2.5591,11.0,0.0793,1.0021,0.2024,2.528,0.0059,0.9897,0.0741,2.0918,0.0,0.0,0.0,-0.1307,24.0,24.0,37.0,36.0,12.0,0.0,0.0,0.0,0.0,41.1298,64.0,20.6496,0.0,0.0
5205.0,1.7342,0.0918,1.0,0.0798,1.2018,2.0529,1.0529,2.2789,1.2789,26.6225,2.0649,26.2974,2.0519,100.0,0.0,0.0,0.0,24.125,0.0,25.375,0.0,25.375,0.0,24.25,10.0,0.0,0.0125,52.8941,5.2894,2.0,6.9954,1.3379,0.1795,1.3832,0.1542,1.3805,1.006e-05,1.0013,0.0006,2.5581,11.0,0.0784,1.0021,0.1975,2.5173,0.006,0.999,0.0823,2.1373,0.0,0.0,0.0,-0.1304,24.0,24.0,37.0,36.0,15.0,0.0,0.0,0.0,0.0,41.1296,64.0,20.8273,0.0,0.0
5206.0,1.7352,0.0919,1.0,0.0798,1.2017,2.0531,1.0531,2.2786,1.2786,26.513,2.0605,26.2965,2.0519,100.0,0.0,0.0,0.0,24.125,0.0,25.375,0.0,25.25,0.0,24.25,10.0,0.0,0.0115,52.8933,5.2893,2.0,6.9003,1.3355,0.1309,1.3779,0.1443,1.3794,1.006e-05,1.0013,0.0006,2.5579,11.0,0.0797,1.0021,0.2016,2.5264,0.0064,1.0263,0.0684,2.0569,0.0,0.0,0.0,-0.1308,24.0,24.0,37.0,36.0,13.0,0.0,0.0,0.0,0.0,41.1297,64.0,21.0328,0.0,0.0
5207.0,1.7369,0.0921,1.0,0.0797,1.2014,2.0528,1.0528,2.2787,1.2787,26.5804,2.0632,26.3164,2.0527,100.0,0.0,0.0,0.0,24.125,0.0,25.375,0.0,25.375,0.0,24.25,10.0,0.0,0.0116,52.8924,5.2892,2.0,7.0312,1.3388,0.2515,1.3911,0.1539,1.3804,1.006e-05,1.0013,0.0006,2.56,11.0,0.0793,1.0021,0.1774,2.4708,0.0059,0.9933,0.0758,2.1014,0.0,0.0,0.0,-0.1304,24.0,24.0,37.0,36.0,13.0,0.0,0.0,0.0,0.0,41.1302,64.0,21.2218,0.0,0.0
5208.0,1.7369,0.0921,1.0,0.08,1.2022,2.0522,1.0522,2.2787,1.2787,26.7223,2.0689,26.32,2.0528,100.0,0.0,0.0,0.0,24.25,0.0,25.375,0.0,25.375,0.0,24.25,10.0,0.0,0.0116,52.892,5.2892,2.0,7.119,1.341,0.2348,1.3893,0.1457,1.3795,1.005e-05,1.0012,0.0006,2.5573,11.0,0.0772,1.0021,0.1731,2.4602,0.0064,1.0272,0.0841,2.1465,0.0,0.0,0.0,-0.1306,24.0,24.0,37.0,36.0,14.0,0.0,0.0,0.0,0.0,41.1299,64.0,21.4014,0.0,0.0
5209.0,1.7369,0.0921,1.0,0.0801,1.2024,2.0523,1.0523,2.2791,1.2791,26.7475,2.0699,26.2947,2.0518,100.0,0.0,0.0,0.0,24.25,0.0,25.375,0.0,25.25,0.0,24.375,10.0,0.0,0.012,52.8915,5.2891,2.0,7.0636,1.3396,0.2263,1.3883,0.1571,1.3808,1.005e-05,1.0012,0.0006,2.5591,11.0,0.0775,1.0021,0.1617,2.4307,0.0057,0.976,0.0748,2.0955,0.0,0.0,0.0,-0.1306,24.0,24.0,37.0,36.0,15.0,0.0,0.0,0.0,0.0,41.1295,64.0,21.59,0.0,0.0
5210.0,1.7368,0.0921,1.0,0.0799,1.2019,2.0525,1.0525,2.2793,1.2793,26.6433,2.0657,26.2879,2.0515,100.0,0.0,0.0,0.0,24.125,0.0,25.375,0.0,25.25,0.0,24.25,10.0,0.0,0.0112,52.8903,5.289,2.0,7.0943,1.3404,0.2116,1.3867,0.1461,1.3796,1.006e-05,1.0015,0.0006,2.5574,11.0,0.0849,1.0023,0.1747,2.4641,0.0068,1.0574,0.0693,2.0627,0.0,0.0,0.0,-0.1305,24.0,24.0,37.0,36.0,13.0,0.0,0.0,0.0,0.0,41.13,64.0,21.7466,0.0,0.0
5211.0,1.7359,0.092,1.0,0.08,1.2023,2.0526,1.0526,2.2788,1.2788,26.5245,2.061,26.284,2.0514,100.0,0.0,0.0,0.0,24.125,0.0,25.375,0.0,25.25,0.0,24.25,10.0,0.0,0.0122,52.8895,5.2889,2.0,7.1069,1.3407,0.2228,1.3879,0.1598,1.3811,1.006e-05,1.0014,0.0006,2.5592,11.0,0.0834,1.0022,0.1417,2.3731,0.0064,1.0273,0.073,2.0853,0.0,0.0,0.0,-0.1307,24.0,24.0,37.0,36.0,15.0,0.0,0.0,0.0,0.0,41.13,64.0,21.9644,0.0,0.0
5212.0,1.7367,0.0921,1.0,0.0799,1.2021,2.0525,1.0525,2.2786,1.2786,26.5652,2.0626,26.3141,2.0526,100.0,0.0,0.0,0.0,24.125,0.0,25.375,0.0,25.5,0.0,24.25,10.0,0.0,0.0117,52.8887,5.2888,2.0,7.0202,1.3385,0.1118,1.3758,0.1456,1.3795,1.006e-05,1.0014,0.0006,2.5603,11.0,0.0849,1.0023,0.1182,2.2945,0.006,1.003,0.0679,2.0536,0.0,0.0,0.0,-0.1307,25.0,24.0,37.0,36.0,13.0,0.0,0.0,0.0,0.0,41.1294,64.0,22.1508,0.0,0.0
5213.0,1.7369,0.0921,1.0,0.0799,1.202,2.0523,1.0523,2.2786,1.2786,26.7017,2.0681,26.3225,2.0529,100.0,0.0,0.0,0.0,24.125,0.0,25.375,0.0,25.25,0.0,24.25,10.0,0.0,0.0117,52.8885,5.2888,2.0,6.9282,1.3362,0.1115,1.3758,0.1598,1.3811,1.006e-05,1.0015,0.0006,2.558,11.0,0.0834,1.0022,0.1339,2.3487,0.0065,1.0332,0.0676,2.0521,0.0,0.0,0.0,-0.1305,25.0,24.0,37.0,36.0,13.0,0.0,0.0,0.0,0.0,41.1306,64.0,22.3456,0.0,0.0
5214.0,1.7349,0.0919,1.0,0.08,1.2024,2.0526,1.0526,2.2792,1.2792,26.7388,2.0696,26.3043,2.0522,100.0,0.0,0.0,0.0,24.125,0.0,25.375,0.0,25.5,0.0,24.5,10.0,0.0,0.0121,52.8872,5.2887,2.0,7.0643,1.3396,0.2018,1.3857,0.1456,1.3795,1.006e-05,1.0015,0.0006,2.5598,11.0,0.0847,1.0023,0.1158,2.2856,0.0064,1.0256,0.0573,1.9803,0.0,0.0,0.0,-0.1304,25.0,24.0,37.0,36.0,14.0,0.0,0.0,0.0,0.0,41.1306,64.0,22.5024,0.0,0.0
5215.0,1.7355,0.0919,1.0,0.0801,1.2024,2.0529,1.0529,2.279,1.279,26.6508,2.066,26.2984,2.0519,100.0,0.0,0.0,0.0,24.25,0.0,25.375,0.0,25.5,0.0,24.25,10.0,0.0,0.012,52.8864,5.2886,2.0,7.0914,1.3403,0.171,1.3823,0.1592,1.381,1.006e-05,1.0015,0.0006,2.5585,11.0,0.0851,1.0023,0.1333,2.3465,0.0062,1.0141,0.0727,2.0835,0.0,0.0,0.0,-0.1305,25.0,24.0,37.0,36.0,14.0,0.0,0.0,0.0,0.0,41.1307,64.0,22.6994,0.0,0.0
5216.0,1.7348,0.0918,1.0,0.08,1.2023,2.0529,1.0529,2.2789,1.2789,26.5403,2.0616,26.284,2.0514,100.0,0.0,0.0,0.0,24.125,0.0,25.5,0.0,25.375,0.0,24.25,10.0,0.0,0.0112,52.8857,5.2885,2.0,7.0,1.338,0.0781,1.3722,0.1461,1.3796,1.006e-05,1.0015,0.0006,2.5594,11.0,0.0819,1.0022,0.1865,2.4925,0.0056,0.9723,0.0707,2.071,0.0,0.0,0.0,-0.1307,25.0,24.0,37.0,36.0,14.0,0.0,0.0,0.0,0.0,41.1306,64.0,22.9133,0.0,0.0
5217.0,1.7358,0.092,1.0,0.0802,1.2027,2.0526,1.0526,2.2788,1.2788,26.5465,2.0619,26.3017,2.0521,100.0,0.0,0.0,0.0,24.25,0.0,25.375,0.0,25.375,0.0,24.375,10.0,0.0,0.0117,52.8847,5.2884,2.0,6.8399,1.334,0.0016,1.3638,0.1587,1.381,1.006e-05,1.0014,0.0006,2.5594,11.0,0.0836,1.0022,0.1524,2.4048,0.0066,1.0387,0.0821,2.1361,0.0,0.0,0.0,-0.1301,25.0,24.0,37.0,36.0,13.0,0.0,0.0,0.0,0.0,41.1304,64.0,23.0785,0.0,0.0
5218.0,1.7355,0.0919,1.0,0.08,1.2023,2.0523,1.0523,2.2786,1.2786,26.6775,2.0671,26.3129,2.0525,100.0,0.0,0.0,0.0,24.125,0.0,25.375,0.0,25.5,0.0,24.25,10.0,0.0,0.0119,52.8842,5.2884,2.0,6.767,1.3322,-0.0536,1.3578,0.1458,1.3795,1.006e-05,1.0015,0.0006,2.559,11.0,0.0832,1.0022,0.1694,2.4508,0.0064,1.025,0.0821,2.136,0.0,0.0,0.0,-0.1306,25.0,24.0,37.0,36.0,15.0,0.0,0.0,0.0,0.0,41.1303,64.0,23.267,0.0,0.0
5219.0,1.7363,0.092,1.0,0.0801,1.2025,2.0526,1.0526,2.279,1.279,26.746,2.0698,26.3068,2.0523,100.0,0.0,0.0,0.0,24.125,0.0,25.375,0.0,25.25,0.0,24.375,10.0,0.0,0.0123,52.8835,5.2883,2.0,6.7434,1.3316,-0.0417,1.3591,0.157,1.3808,1.006e-05,1.0015,0.0006,2.5604,11.0,0.085,1.0023,0.1558,2.4145,0.0063,1.0182,0.07,2.0672,0.0,0.0,0.0,-0.1307,25.0,24.0,37.0,36.0,15.0,0.0,0.0,0.0,0.0,41.1306,64.0,23.4269,0.0,0.0
5220.0,1.7368,0.0921,1.0,0.0802,1.2028,2.0532,1.0532,2.279,1.279,26.66,2.0664,26.2978,2.0519,100.0,0.0,0.0,0.0,24.25,0.0,25.375,0.0,25.375,0.0,24.25,10.0,0.0,0.0126,52.8826,5.2882,2.0,6.7155,1.3308,-0.0593,1.3572,0.156,1.3807,1.006e-05,1.0014,0.0006,2.5579,11.0,0.083,1.0022,0.1524,2.405,0.0065,1.0345,0.0672,2.0493,0.0,0.0,0.0,-0.1302,25.0,24.0,37.0,36.0,13.0,0.0,0.0,0.0,0.0,41.1301,64.0,23.6557,0.0,0.0
5221.0,1.7368,0.0921,1.0,0.0799,1.2021,2.0533,1.0533,2.2788,1.2788,26.5537,2.0621,26.2943,2.0518,100.0,0.0,0.0,0.0,24.25,0.0,25.375,0.0,25.25,0.0,24.25,10.0,0.0,0.0119,52.882,5.2881,2.0,6.6541,1.3292,-0.0769,1.3553,0.1534,1.3804,1.005e-05,1.0012,0.0006,2.5599,11.0,0.0782,1.0021,0.131,2.3392,0.0054,0.951,0.0668,2.0466,0.0,0.0,0.0,-0.1306,25.0,24.0,37.0,36.0,13.0,0.0,0.0,0.0,0.0,41.1302,64.0,23.8187,0.0,0.0
5222.0,1.7369,0.0921,1.0,0.0799,1.202,2.0528,1.0528,2.2787,1.2787,26.5163,2.0607,26.3059,2.0522,100.0,0.0,0.0,0.0,24.25,0.0,25.375,0.0,25.375,0.0,24.25,10.0,0.0,0.0117,52.8816,5.2881,2.0,6.6828,1.33,-0.0692,1.3561,0.1606,1.3812,1.005e-05,1.0013,0.0006,2.5575,11.0,0.0783,1.0021,0.1295,2.3342,0.0067,1.0493,0.0659,2.0409,0.0,0.0,0.0,-0.1304,25.0,24.0,37.0,36.0,12.0,0.0,0.0,0.0,0.0,41.1295,64.0,24.0103,0.0,0.0
5223.0,1.7369,0.0921,1.0,0.0799,1.2021,2.0522,1.0522,2.2785,1.2785,26.6612,2.0664,26.3216,2.0529,100.0,0.0,0.0,0.0,24.25,0.0,25.375,0.0,25.375,0.0,24.25,10.0,0.0,0.012,52.8806,5.288,2.0,6.726,1.3311,-0.0599,1.3571,0.1533,1.3804,1.005e-05,1.0012,0.0006,2.5586,11.0,0.0773,1.0021,0.1193,2.2987,0.0067,1.046,0.0684,2.0569,0.0,0.0,0.0,-0.131,25.0,24.0,37.0,36.0,15.0,0.0,0.0,0.0,0.0,41.1299,64.0,24.1882,0.0,0.0
5224.0,1.7367,0.0921,1.0,0.0799,1.2021,2.0527,1.0527,2.2791,1.2791,26.7595,2.0704,26.3081,2.0523,100.0,0.0,0.0,0.0,24.125,0.0,25.5,0.0,25.375,0.0,24.25,10.0,0.0,0.0119,52.8798,5.288,2.0,6.5985,1.3278,-0.0517,1.358,0.1639,1.3815,1.005e-05,1.0013,0.0006,2.5607,11.0,0.0765,1.002,0.1056,2.2455,0.0059,0.9909,0.0767,2.1067,0.0,0.0,0.0,-0.1312,25.0,24.0,37.0,36.0,16.0,0.0,0.0,0.0,0.0,41.1299,64.0,24.3709,0.0,0.0
5225.0,1.7348,0.0918,1.0,0.08,1.2022,2.0532,1.0532,2.279,1.279,26.6978,2.0679,26.2998,2.052,100.0,0.0,0.0,0.0,24.25,0.0,25.5,0.0,25.375,0.0,24.25,10.0,0.0,0.0117,52.8792,5.2879,2.0,6.7071,1.3306,-0.0399,1.3593,0.1516,1.3802,1.005e-05,1.0013,0.0006,2.5582,11.0,0.0758,1.002,0.129,2.3325,0.0065,1.0339,0.0718,2.0779,0.0,0.0,0.0,-0.1307,25.0,24.0,37.0,36.0,13.0,0.0,0.0,0.0,0.0,41.1296,64.0,24.5541,0.0,0.0
5226.0,1.7348,0.0918,1.0,0.0799,1.202,2.053,1.053,2.279,1.279,26.569,2.0628,26.296,2.0518,100.0,0.0,0.0,0.0,24.125,0.0,25.375,0.0,25.375,0.0,24.25,10.0,0.0,0.0123,52.8785,5.2878,2.0,6.6994,1.3304,0.0052,1.3642,0.1643,1.3816,1.005e-05,1.0013,0.0006,2.5604,11.0,0.0751,1.002,0.0904,2.1782,0.0067,1.0467,0.0629,2.0202,0.0,0.0,0.0,-0.1308,25.0,24.0,37.0,36.0,14.0,0.0,0.0,0.0,0.0,41.1299,64.0,24.737,0.0,0.0
5227.0,1.7348,0.0919,1.0,0.08,1.2024,2.0529,1.0529,2.2787,1.2787,26.5109,2.0604,26.2946,2.0518,100.0,0.0,0.0,0.0,24.125,0.0,25.375,0.0,25.25,0.0,24.25,10.0,0.0,0.0122,52.8777,5.2877,2.0,6.882,1.3351,0.0813,1.3725,0.1516,1.3802,1.005e-05,1.0013,0.0006,2.559,11.0,0.0771,1.0021,0.1999,2.5226,0.0053,0.9485,0.0665,2.0445,0.0,0.0,0.0,-0.1305,25.0,24.0,37.0,36.0,13.0,0.0,0.0,0.0,0.0,41.1297,64.0,24.9152,0.0,0.0
5228.0,1.7347,0.0918,1.0,0.0798,1.2016,2.0521,1.0521,2.2786,1.2786,26.6723,2.0669,26.3124,2.0525,100.0,0.0,0.0,0.0,24.125,0.0,25.375,0.0,25.375,0.0,24.25,10.0,0.0,0.0123,52.8767,5.2877,2.0,6.8659,1.3347,0.0223,1.3661,0.1603,1.3811,1.005e-05,1.0012,0.0006,2.5596,11.0,0.0773,1.0021,0.1501,2.3983,0.0061,1.0102,0.0637,2.0257,0.0,0.0,0.0,-0.1306,25.0,24.0,37.0,36.0,15.0,0.0,0.0,0.0,0.0,41.1299,64.0,25.0823,0.0,0.0
5229.0,1.7368,0.0921,1.0,0.0799,1.2019,2.0523,1.0523,2.279,1.279,26.763,2.0705,26.306,2.0522,100.0,0.0,0.0,0.0,24.25,0.0,25.375,0.0,25.25,0.0,24.25,10.0,0.0,0.012,52.8763,5.2876,2.0,6.7587,1.3319,0.0097,1.3647,0.156,1.3807,1.005e-05,1.0012,0.0006,2.561,11.0,0.0753,1.002,0.1563,2.4157,0.0062,1.0169,0.0617,2.012,0.0,0.0,0.0,-0.1304,24.0,24.0,37.0,36.0,13.0,0.0,0.0,0.0,0.0,41.1301,64.0,25.2566,0.0,0.0
5230.0,1.7368,0.0921,1.0,0.0799,1.2021,2.053,1.053,2.279,1.279,26.7157,2.0686,26.3007,2.052,100.0,0.0,0.0,0.0,24.25,0.0,25.375,0.0,25.375,0.0,24.375,10.0,0.0,0.0125,52.8755,5.2875,2.0,6.8689,1.3348,0.0378,1.3678,0.1596,1.381,1.005e-05,1.0013,0.0006,2.559,11.0,0.0746,1.002,0.1472,2.3896,0.0052,0.9385,0.0674,2.0505,0.0,0.0,0.0,-0.1304,24.0,24.0,37.0,36.0,15.0,0.0,0.0,0.0,0.0,41.1301,64.0,25.448,0.0,0.0
5231.0,1.7378,0.0922,1.0,0.0795,1.2008,2.0529,1.0529,2.2789,1.2789,26.5978,2.0639,26.2964,2.0519,100.0,0.0,0.0,0.0,24.25,0.0,25.375,0.0,25.375,0.0,24.375,10.0,0.0,0.0119,52.8745,5.2874,2.0,6.7862,1.3327,0.0623,1.3704,0.1701,1.3822,1.005e-05,1.0012,0.0006,2.5601,11.0,0.0747,1.002,0.1819,2.4817,0.0062,1.0159,0.0732,2.0865,0.0,0.0,0.0,-0.1309,24.0,24.0,37.0,36.0,14.0,0.0,0.0,0.0,0.0,41.1305,64.0,25.6414,0.0,0.0
5232.0,1.7379,0.0922,1.0,0.08,1.2022,2.0529,1.0529,2.2787,1.2787,26.5109,2.0604,26.2931,2.0517,100.0,0.0,0.0,0.0,24.125,0.0,25.375,0.0,25.25,0.0,24.25,10.0,0.0,0.0118,52.8736,5.2873,2.0,6.8217,1.3336,0.0423,1.3683,0.1587,1.3809,1.006e-05,1.0014,0.0006,2.5586,11.0,0.0845,1.0023,0.2387,2.5997,0.0062,1.0162,0.0612,2.0084,0.0,0.0,0.0,-0.1303,24.0,24.0,37.0,36.0,13.0,0.0,0.0,0.0,0.0,41.1304,64.0,25.8117,0.0,0.0
5233.0,1.7369,0.0921,1.0,0.0796,1.2013,2.0523,1.0523,2.2785,1.2785,26.6369,2.0655,26.316,2.0526,100.0,0.0,0.0,0.0,24.25,0.0,25.375,0.0,25.375,0.0,24.25,10.0,0.0,0.0123,52.8729,5.2873,2.0,6.8933,1.3354,0.0666,1.3709,0.1716,1.3824,1.006e-05,1.0014,0.0006,2.5599,11.0,0.0846,1.0023,0.1712,2.4553,0.0061,1.0097,0.0625,2.0175,0.0,0.0,0.0,-0.1305,25.0,24.0,37.0,36.0,14.0,0.0,0.0,0.0,0.0,41.1303,64.0,25.99,0.0,0.0
5234.0,1.7366,0.0921,1.0,0.08,1.2023,2.0524,1.0524,2.2789,1.2789,26.7718,2.0709,26.3138,2.0526,100.0,0.0,0.0,0.0,24.125,0.0,25.375,0.0,25.375,0.0,24.25,10.0,0.0,0.0122,52.8725,5.2872,2.0,6.9264,1.3362,0.0791,1.3723,0.156,1.3807,1.006e-05,1.0014,0.0006,2.5601,11.0,0.0849,1.0023,0.1989,2.5206,0.006,0.9971,0.0602,2.0016,0.0,0.0,0.0,-0.1306,25.0,24.0,37.0,36.0,14.0,0.0,0.0,0.0,0.0,41.1302,64.0,26.1569,0.0,0.0
5235.0,1.7359,0.092,1.0,0.0801,1.2024,2.053,1.053,2.2791,1.2791,26.7266,2.0691,26.302,2.0521,100.0,0.0,0.0,0.0,24.125,0.0,25.375,0.0,25.375,0.0,24.125,10.0,0.0,0.0117,52.8718,5.2872,2.0,6.8839,1.3351,0.0457,1.3686,0.168,1.382,1.006e-05,1.0015,0.0006,2.5594,11.0,0.0847,1.0023,0.1934,2.5084,0.0058,0.9819,0.0563,1.9727,0.0,0.0,0.0,-0.1309,25.0,24.0,37.0,36.0,15.0,0.0,0.0,0.0,0.0,41.1297,64.0,26.3428,0.0,0.0
5236.0,1.7368,0.0921,1.0,0.08,1.2023,2.0529,1.0529,2.279,1.279,26.6224,2.0649,26.2972,2.0519,100.0,0.0,0.0,0.0,24.25,0.0,25.5,0.0,25.25,0.0,24.25,10.0,0.0,0.0114,52.8711,5.2871,2.0,6.8468,1.3342,0.0353,1.3675,0.162,1.3813,1.006e-05,1.0014,0.0006,2.5608,11.0,0.081,1.0022,0.159,2.4232,0.0065,1.0344,0.0568,1.9761,0.0,0.0,0.0,-0.1301,25.0,24.0,37.0,36.0,14.0,0.0,0.0,0.0,0.0,41.1293,64.0,26.5612,0.0,0.0
5237.0,1.7369,0.0921,1.0,0.0799,1.2021,2.0529,1.0529,2.2787,1.2787,26.5108,2.0604,26.2902,2.0516,100.0,0.0,0.0,0.0,24.25,0.0,25.375,0.0,25.25,0.0,24.25,10.0,0.0,0.0123,52.8704,5.287,2.0,6.8943,1.3354,0.0385,1.3678,0.1654,1.3817,1.006e-05,1.0014,0.0006,2.5601,11.0,0.0846,1.0023,0.1686,2.4486,0.0059,0.9892,0.0573,1.9799,0.0,0.0,0.0,-0.1302,24.0,24.0,37.0,36.0,14.0,0.0,0.0,0.0,0.0,41.1301,64.0,26.7284,0.0,0.0
5238.0,1.735,0.0919,1.0,0.0799,1.202,2.0525,1.0525,2.2786,1.2786,26.5938,2.0638,26.3178,2.0527,100.0,0.0,0.0,0.0,24.125,0.0,25.375,0.0,25.375,0.0,24.25,10.0,0.0,0.0122,52.8698,5.2869,2.0,6.8201,1.3335,-0.0068,1.3629,0.1728,1.3825,1.006e-05,1.0014,0.0006,2.5599,11.0,0.0802,1.0021,0.2253,2.5746,0.0061,1.0085,0.0657,2.0392,0.0,0.0,0.0,-0.1308,24.0,24.0,37.0,36.0,13.0,0.0,0.0,0.0,0.0,41.1299,64.0,26.906,0.0,0.0
5239.0,1.7357,0.092,1.0,0.0799,1.202,2.0525,1.0525,2.2788,1.2788,26.7582,2.0703,26.3161,2.0526,100.0,0.0,0.0,0.0,24.125,0.0,25.375,0.0,25.375,0.0,24.25,10.0,0.0,0.0119,52.8686,5.2868,2.0,6.666,1.3295,-0.0945,1.3533,0.1598,1.3811,1.006e-05,1.0013,0.0006,2.5618,11.0,0.0798,1.0021,0.209,2.542,0.0063,1.0244,0.0664,2.0437,0.0,0.0,0.0,-0.1305,24.0,24.0,37.0,36.0,14.0,0.0,0.0,0.0,0.0,41.1299,64.0,27.0932,0.0,0.0
5240.0,1.7375,0.0922,1.0,0.0802,1.2028,2.0527,1.0527,2.2791,1.2791,26.7366,2.0695,26.301,2.052,100.0,0.0,0.0,0.0,24.125,0.0,25.375,0.0,25.5,0.0,24.25,10.0,0.0,0.0121,52.8681,5.2868,2.0,6.7108,1.3307,-0.0269,1.3607,0.1731,1.3825,1.006e-05,1.0014,0.0006,2.5633,11.0,0.0814,1.0022,0.1735,2.4611,0.0056,0.968,0.0763,2.1041,0.0,0.0,0.0,-0.1303,24.0,24.0,37.0,36.0,13.0,0.0,0.0,0.0,0.0,41.1297,64.0,27.2715,0.0,0.0
5241.0,1.7433,0.0929,1.0,0.08,1.2023,2.053,1.053,2.2789,1.2789,26.6322,2.0653,26.2972,2.0519,100.0,0.0,0.0,0.0,24.125,0.0,25.375,0.0,25.25,0.0,24.125,10.0,0.0,0.0121,52.8678,5.2867,2.0,6.7055,1.3306,-0.0813,1.3548,0.1575,1.3808,1.005e-05,1.0012,0.0006,2.561,11.0,0.0771,1.0021,0.1947,2.5113,0.0064,1.0298,0.0663,2.043,0.0,0.0,0.0,-0.1304,24.0,24.0,37.0,36.0,13.0,0.0,0.0,0.0,0.0,41.1302,64.0,27.4594,0.0,0.0
5242.0,1.7451,0.0931,1.0,0.0798,1.2017,2.0529,1.0529,2.2788,1.2788,26.5224,2.0609,26.2953,2.0518,100.0,0.0,0.0,0.0,24.125,0.0,25.375,0.0,25.25,0.0,24.25,10.0,0.0,0.0122,52.8667,5.2866,2.0,6.5449,1.3264,-0.1782,1.3442,0.1707,1.3823,1.005e-05,1.0012,0.0006,2.5624,11.0,0.0771,1.0021,0.1633,2.4349,0.0056,0.9688,0.0775,2.111,0.0,0.0,0.0,-0.1302,24.0,24.0,37.0,36.0,14.0,0.0,0.0,0.0,0.0,41.1302,64.0,27.6434,0.0,0.0
5243.0,1.7462,0.0933,1.0,0.0799,1.202,2.0525,1.0525,2.2786,1.2786,26.5633,2.0625,26.3071,2.0523,100.0,0.0,0.0,0.0,24.25,0.0,25.25,0.0,25.25,0.0,24.25,10.0,0.0,0.0116,52.866,5.2866,2.0,6.3815,1.322,-0.1528,1.347,0.1709,1.3823,1.006e-05,1.0014,0.0006,2.5636,11.0,0.0809,1.0022,0.1721,2.4577,0.0056,0.9663,0.0841,2.1469,0.0,0.0,0.0,-0.1303,24.0,24.0,37.0,36.0,14.0,0.0,0.0,0.0,0.0,41.1306,64.0,27.8154,0.0,0.0
5244.0,1.7472,0.0934,1.0,0.0799,1.2019,2.0523,1.0523,2.2788,1.2788,26.7476,2.0699,26.3191,2.0528,100.0,0.0,0.0,0.0,24.25,0.0,25.375,0.0,25.375,0.0,24.125,10.0,0.0,0.0118,52.8648,5.2864,2.0,6.5384,1.3262,-0.1159,1.351,0.1653,1.3817,1.007e-05,1.0015,0.0006,2.5616,11.0,0.0842,1.0022,0.1676,2.4462,0.006,1.0026,0.072,2.079,0.0,0.0,0.0,-0.1305,24.0,24.0,37.0,36.0,14.0,0.0,0.0,0.0,0.0,41.1298,64.0,28.0109,0.0,0.0
5245.0,1.7467,0.0933,1.0,0.0802,1.2028,2.0527,1.0527,2.279,1.279,26.7437,2.0697,26.3014,2.0521,100.0,0.0,0.0,0.0,24.25,0.0,25.375,0.0,25.25,0.0,24.125,10.0,0.0,0.0116,52.8643,5.2864,2.0,6.6159,1.3282,-0.0466,1.3586,0.1782,1.3831,1.006e-05,1.0014,0.0006,2.5633,11.0,0.0835,1.0022,0.1259,2.3218,0.0062,1.0138,0.0755,2.0999,0.0,0.0,0.0,-0.1307,24.0,24.0,37.0,36.0,14.0,0.0,0.0,0.0,0.0,41.1296,64.0,28.1804,0.0,0.0
5246.0,1.7429,0.0929,1.0,0.0801,1.2025,2.0529,1.0529,2.279,1.279,26.6503,2.066,26.2897,2.0516,100.0,0.0,0.0,0.0,24.125,0.0,25.375,0.0,25.25,0.0,24.125,10.0,0.0,0.0124,52.8637,5.2863,2.0,6.7669,1.3322,0.0544,1.3696,0.1728,1.3825,1.006e-05,1.0015,0.0006,2.561,11.0,0.086,1.0023,0.2037,2.5309,0.0069,1.0628,0.0693,2.0627,0.0,0.0,0.0,-0.1303,24.0,24.0,37.0,36.0,15.0,0.0,0.0,0.0,0.0,41.1296,64.0,28.3868,0.0,0.0
5247.0,1.7389,0.0924,1.0,0.0799,1.2019,2.053,1.053,2.2788,1.2788,26.5252,2.061,26.2887,2.0515,100.0,0.0,0.0,0.0,24.125,0.0,25.5,0.0,25.25,0.0,24.25,10.0,0.0,0.012,52.8629,5.2863,2.0,6.85,1.3343,0.0696,1.3712,0.1733,1.3825,1.006e-05,1.0014,0.0006,2.5624,11.0,0.0819,1.0022,0.194,2.5095,0.0062,1.0128,0.0636,2.0252,0.0,0.0,0.0,-0.1305,24.0,24.0,37.0,36.0,14.0,0.0,0.0,0.0,0.0,41.1295,64.0,28.5669,0.0,0.0
5248.0,1.7369,0.0921,1.0,0.08,1.2023,2.053,1.053,2.2787,1.2787,26.5578,2.0623,26.3142,2.0526,100.0,0.0,0.0,0.0,24.125,0.0,25.375,0.0,25.25,0.0,24.25,10.0,0.0,0.012,52.8622,5.2862,2.0,6.7965,1.3329,0.0272,1.3666,0.1841,1.3837,1.006e-05,1.0013,0.0006,2.5641,11.0,0.0812,1.0022,0.1989,2.5206,0.0059,0.9892,0.0618,2.0129,0.0,0.0,0.0,-0.1308,24.0,24.0,37.0,36.0,14.0,0.0,0.0,0.0,0.0,41.129,64.0,28.7352,0.0,0.0
5249.0,1.7368,0.0921,1.0,0.0799,1.2019,2.0527,1.0527,2.2786,1.2786,26.7347,2.0694,26.3212,2.0528,100.0,0.0,0.0,0.0,24.125,0.0,25.375,0.0,25.375,0.0,24.25,10.0,0.0,0.0116,52.8614,5.2861,2.0,6.8903,1.3353,0.0809,1.3725,0.1741,1.3826,1.006e-05,1.0014,0.0006,2.5619,11.0,0.0801,1.0021,0.1707,2.4542,0.0066,1.0394,0.0651,2.0354,0.0,0.0,0.0,-0.1306,24.0,24.0,37.0,36.0,13.0,0.0,0.0,0.0,0.0,41.1296,64.0,28.9126,0.0,0.0
5250.0,1.7378,0.0922,1.0,0.0802,1.2027,2.0528,1.0528,2.2791,1.2791,26.7514,2.0701,26.3051,2.0522,100.0,0.0,0.0,0.0,24.125,0.0,25.375,0.0,25.25,0.0,24.25,10.0,0.0,0.0124,52.8612,5.2861,2.0,6.9127,1.3359,0.0956,1.3741,0.1787,1.3831,1.006e-05,1.0013,0.0006,2.5629,11.0,0.0782,1.0021,0.1456,2.3851,0.0058,0.9862,0.0764,2.1051,0.0,0.0,0.0,-0.1308,25.0,24.0,37.0,36.0,15.0,0.0,0.0,0.0,0.0,41.1296,64.0,29.1204,0.0,0.0
5251.0,1.7379,0.0922,1.0,0.0798,1.2017,2.0532,1.0532,2.2789,1.2789,26.6709,2.0668,26.2989,2.052,100.0,0.0,0.0,0.0,24.125,0.0,25.375,0.0,25.375,0.0,24.25,10.0,0.0,0.0127,52.8606,5.2861,2.0,6.9064,1.3357,0.1391,1.3788,0.1858,1.3839,1.005e-05,1.0013,0.0006,2.5612,11.0,0.0783,1.0021,0.2549,2.6282,0.0054,0.9579,0.0605,2.0034,0.0,0.0,0.0,-0.1306,25.0,24.0,37.0,36.0,14.0,0.0,0.0,0.0,0.0,41.1296,64.0,29.2973,0.0,0.0
5252.0,1.7379,0.0922,1.0,0.0797,1.2014,2.0533,1.0533,2.2784,1.2784,26.5423,2.0617,26.2951,2.0518,100.0,0.0,0.0,0.0,24.125,0.0,25.5,0.0,25.25,0.0,24.25,10.0,0.0,0.0124,52.8598,5.2859,2.0,6.8899,1.3353,0.0454,1.3686,0.1746,1.3827,1.005e-05,1.0012,0.0006,2.5622,11.0,0.0745,1.002,0.2191,2.5625,0.0065,1.0344,0.0698,2.0654,0.0,0.0,0.0,-0.1307,25.0,24.0,37.0,36.0,15.0,0.0,0.0,0.0,0.0,41.1294,64.0,29.4735,0.0,0.0
5253.0,1.7378,0.0922,1.0,0.0798,1.2018,2.0528,1.0528,2.2787,1.2787,26.5348,2.0614,26.3096,2.0524,100.0,0.0,0.0,0.0,24.125,0.0,25.375,0.0,25.25,0.0,24.25,10.0,0.0,0.0122,52.8592,5.2859,2.0,6.8418,1.3341,0.0518,1.3693,0.1843,1.3837,1.005e-05,1.0012,0.0006,2.5632,11.0,0.0763,1.002,0.2135,2.5513,0.0058,0.9874,0.0614,2.0101,0.0,0.0,0.0,-0.1306,25.0,24.0,37.0,36.0,13.0,0.0,0.0,0.0,0.0,41.1292,64.0,29.6606,0.0,0.0
5254.0,1.7393,0.0924,1.0,0.0796,1.2012,2.0523,1.0523,2.2786,1.2786,26.6953,2.0678,26.3149,2.0526,100.0,0.0,0.0,0.0,24.125,0.0,25.375,0.0,25.25,0.0,24.25,10.0,0.0,0.0122,52.8581,5.2857,2.0,6.8084,1.3332,0.0477,1.3688,0.1903,1.3844,1.006e-05,1.0014,0.0006,2.5614,11.0,0.0807,1.0022,0.2733,2.6585,0.0061,1.0061,0.0633,2.0235,0.0,0.0,0.0,-0.1307,24.0,24.0,37.0,36.0,15.0,0.0,0.0,0.0,0.0,41.1294,64.0,29.8702,0.0,0.0
5255.0,1.7389,0.0924,1.0,0.08,1.2021,2.0522,1.0522,2.2791,1.2791,26.7492,2.07,26.2976,2.0519,100.0,0.0,0.0,0.0,24.125,0.0,25.375,0.0,25.25,0.0,24.25,10.0,0.0,0.012,52.8572,5.2857,2.0,6.9185,1.336,0.1286,1.3777,0.1786,1.3831,1.006e-05,1.0014,0.0006,2.5624,11.0,0.0825,1.0022,0.2226,2.5694,0.0055,0.9637,0.0556,1.9666,0.0,0.0,0.0,-0.1305,24.0,24.0,37.0,36.0,14.0,0.0,0.0,0.0,0.0,41.1294,64.0,30.0375,0.0,0.0
5256.0,1.7377,0.0922,1.0,0.0799,1.2019,2.0528,1.0528,2.279,1.279,26.688,2.0675,26.2898,2.0516,100.0,0.0,0.0,0.0,24.125,0.0,25.375,0.0,25.25,0.0,24.125,10.0,0.0,0.0122,52.8564,5.2856,2.0,7.0484,1.3392,0.195,1.3849,0.1927,1.3847,1.006e-05,1.0015,0.0006,2.5638,11.0,0.0832,1.0022,0.25,2.6198,0.006,0.9981,0.0576,1.9824,0.0,0.0,0.0,-0.1307,24.0,24.0,37.0,36.0,14.0,0.0,0.0,0.0,0.0,41.1295,64.0,30.2332,0.0,0.0
5257.0,1.7357,0.092,1.0,0.08,1.2021,2.0529,1.0529,2.2789,1.2789,26.5573,2.0623,26.285,2.0514,100.0,0.0,0.0,0.0,24.125,0.0,25.375,0.0,25.25,0.0,24.25,10.0,0.0,0.0118,52.8557,5.2855,2.0,7.1439,1.3416,0.2778,1.3939,0.1992,1.3854,1.006e-05,1.0015,0.0006,2.5656,11.0,0.084,1.0022,0.222,2.5682,0.0059,0.9907,0.0628,2.02,0.0,0.0,0.0,-0.1305,24.0,24.0,37.0,36.0,14.0,0.0,0.0,0.0,0.0,41.1302,64.0,30.4028,0.0,0.0
5258.0,1.736,0.092,1.0,0.08,1.2022,2.0527,1.0527,2.2786,1.2786,26.5214,2.0609,26.3043,2.0522,100.0,0.0,0.0,0.0,24.125,0.0,25.375,0.0,25.25,0.0,24.25,10.0,0.0,0.0118,52.8552,5.2855,2.0,7.3299,1.346,0.3373,1.4004,0.1866,1.384,1.006e-05,1.0015,0.0006,2.5635,11.0,0.0836,1.0022,0.2499,2.6196,0.0056,0.9662,0.077,2.1084,0.0,0.0,0.0,-0.131,24.0,24.0,37.0,36.0,14.0,0.0,0.0,0.0,0.0,41.13,64.0,30.5834,0.0,0.0
5259.0,1.7368,0.0921,1.0,0.0799,1.2021,2.0523,1.0523,2.2786,1.2786,26.6792,2.0672,26.324,2.053,100.0,0.0,0.0,0.0,24.25,0.0,25.375,0.0,25.25,0.0,24.125,10.0,0.0,0.0114,52.8547,5.2855,2.0,7.5511,1.3512,0.4438,1.412,0.1922,1.3846,1.006e-05,1.0015,0.0006,2.5643,11.0,0.0849,1.0023,0.2148,2.554,0.0064,1.031,0.0772,2.1095,0.0,0.0,0.0,-0.1311,24.0,24.0,37.0,36.0,13.0,0.0,0.0,0.0,0.0,41.1296,64.0,30.8,0.0,0.0
5260.0,1.7368,0.0921,1.0,0.0799,1.2021,2.0524,1.0524,2.279,1.279,26.761,2.0704,26.3019,2.0521,100.0,0.0,0.0,0.0,24.125,0.0,25.375,0.0,25.25,0.0,24.125,10.0,0.0,0.012,52.854,5.2854,2.0,7.5684,1.3516,0.4034,1.4076,0.2053,1.386,1.007e-05,1.0015,0.0006,2.5658,11.0,0.0862,1.0023,0.2023,2.5278,0.0058,0.9869,0.0765,2.1055,0.0,0.0,0.0,-0.1304,24.0,24.0,37.0,36.0,14.0,0.0,0.0,0.0,0.0,41.1302,64.0,30.9715,0.0,0.0
5261.0,1.7368,0.0921,1.0,0.0799,1.2019,2.0525,1.0525,2.2791,1.2791,26.6978,2.0679,26.2896,2.0516,100.0,0.0,0.0,0.0,24.125,0.0,25.375,0.0,25.25,0.0,24.125,10.0,0.0,0.0123,52.8535,5.2853,2.0,7.511,1.3503,0.3543,1.4023,0.1967,1.3851,1.006e-05,1.0015,0.0006,2.5635,11.0,0.0835,1.0022,0.2051,2.5338,0.0058,0.9849,0.0767,2.1064,0.0,0.0,0.0,-0.1304,24.0,24.0,37.0,36.0,13.0,0.0,0.0,0.0,0.0,41.1301,64.0,31.1489,0.0,0.0
5262.0,1.7379,0.0922,1.0,0.0799,1.2019,2.0525,1.0525,2.2789,1.2789,26.564,2.0626,26.2854,2.0514,100.0,0.0,0.0,0.0,24.125,0.0,25.375,0.0,25.375,0.0,24.25,10.0,0.0,0.0117,52.8522,5.2852,2.0,7.3955,1.3476,0.2746,1.3936,0.1955,1.385,1.006e-05,1.0015,0.0006,2.5648,11.0,0.0853,1.0023,0.1726,2.4589,0.0063,1.0203,0.0764,2.105,0.0,0.0,0.0,-0.1303,24.0,24.0,37.0,36.0,14.0,0.0,0.0,0.0,0.0,41.1296,64.0,31.3299,0.0,0.0
5263.0,1.7387,0.0923,1.0,0.0799,1.202,2.0524,1.0524,2.2786,1.2786,26.511,2.0604,26.2941,2.0518,100.0,0.0,0.0,0.0,24.25,0.0,25.375,0.0,25.25,0.0,24.125,10.0,0.0,0.0116,52.8515,5.2851,2.0,7.4251,1.3483,0.4139,1.4088,0.2075,1.3863,1.006e-05,1.0015,0.0006,2.5657,11.0,0.0822,1.0022,0.1678,2.4465,0.0056,0.9738,0.0852,2.1522,0.0,0.0,0.0,-0.1309,24.0,24.0,37.0,36.0,15.0,0.0,0.0,0.0,0.0,41.1292,64.0,31.5006,0.0,0.0
5264.0,1.7389,0.0924,1.0,0.08,1.2022,2.0519,1.0519,2.2785,1.2785,26.6518,2.0661,26.3024,2.0521,100.0,0.0,0.0,0.0,24.25,0.0,25.375,0.0,25.375,0.0,24.25,10.0,0.0,0.0118,52.851,5.2851,2.0,7.5894,1.3521,0.3633,1.4033,0.2099,1.3865,1.006e-05,1.0014,0.0006,2.5635,11.0,0.0813,1.0022,0.1533,2.4074,0.0064,1.0267,0.0714,2.0757,0.0,0.0,0.0,-0.1306,24.0,24.0,37.0,36.0,14.0,0.0,0.0,0.0,0.0,41.1291,64.0,31.6982,0.0,0.0
5265.0,1.7385,0.0923,1.0,0.0799,1.202,2.0519,1.0519,2.2789,1.2789,26.7699,2.0708,26.3037,2.0521,100.0,0.0,0.0,0.0,24.25,0.0,25.375,0.0,25.25,0.0,24.125,10.0,0.0,0.0123,52.8505,5.2851,2.0,7.6242,1.3529,0.3638,1.4033,0.2013,1.3856,1.006e-05,1.0014,0.0006,2.5647,11.0,0.0827,1.0022,0.1642,2.4372,0.0063,1.0194,0.0713,2.0751,0.0,0.0,0.0,-0.1306,24.0,24.0,37.0,36.0,15.0,0.0,0.0,0.0,0.0,41.1292,64.0,31.8846,0.0,0.0
5266.0,1.7382,0.0923,1.0,0.08,1.2023,2.0527,1.0527,2.279,1.279,26.7317,2.0693,26.3006,2.052,100.0,0.0,0.0,0.0,24.125,0.0,25.375,0.0,25.5,0.0,24.125,10.0,0.0,0.0123,52.8499,5.285,2.0,7.5543,1.3513,0.3725,1.4043,0.2105,1.3866,1.006e-05,1.0014,0.0006,2.5661,11.0,0.0839,1.0022,0.1432,2.3779,0.0058,0.9859,0.0823,2.1373,0.0,0.0,0.0,-0.1308,24.0,24.0,37.0,36.0,14.0,0.0,0.0,0.0,0.0,41.1295,64.0,32.0657,0.0,0.0
5267.0,1.7389,0.0924,1.0,0.0799,1.2019,2.0528,1.0528,2.2789,1.2789,26.5914,2.0637,26.2975,2.0519,100.0,0.0,0.0,0.0,24.125,0.0,25.25,0.0,25.375,0.0,24.125,10.0,0.0,0.0121,52.849,5.2849,2.0,7.8449,1.3578,0.4905,1.4172,0.2163,1.3872,1.006e-05,1.0015,0.0006,2.5645,11.0,0.0827,1.0022,0.1301,2.3361,0.0059,0.9902,0.0772,2.1094,0.0,0.0,0.0,-0.1304,24.0,24.0,37.0,36.0,13.0,0.0,0.0,0.0,0.0,41.1295,64.0,32.2543,0.0,0.0
5268.0,1.7384,0.0923,1.0,0.0801,1.2026,2.0529,1.0529,2.2787,1.2787,26.5016,2.0601,26.2925,2.0517,100.0,0.0,0.0,0.0,24.125,0.0,25.375,0.0,25.25,0.0,24.125,10.0,0.0,0.0121,52.8486,5.2848,2.0,7.9215,1.3595,0.5127,1.4196,0.2168,1.3873,1.006e-05,1.0015,0.0006,2.5656,11.0,0.0847,1.0023,0.2316,2.5866,0.0057,0.977,0.0676,2.0517,0.0,0.0,0.0,-0.1304,24.0,24.0,37.0,36.0,14.0,0.0,0.0,0.0,0.0,41.1297,64.0,32.4372,0.0,0.0
5269.0,1.7381,0.0923,1.0,0.0803,1.2031,2.0524,1.0524,2.2786,1.2786,26.6073,2.0643,26.3122,2.0525,100.0,0.0,0.0,0.0,24.5,0.0,25.25,0.0,25.25,0.0,24.25,10.0,0.0,0.0118,52.848,5.2848,2.0,8.0243,1.3618,0.5377,1.4223,0.2082,1.3863,1.006e-05,1.0014,0.0006,2.5663,11.0,0.0858,1.0023,0.1732,2.4603,0.0061,1.0058,0.0718,2.0781,0.0,0.0,0.0,-0.1309,24.0,24.0,37.0,36.0,13.0,0.0,0.0,0.0,0.0,41.1291,64.0,32.6098,0.0,0.0
5270.0,1.7389,0.0924,1.0,0.0799,1.202,2.0523,1.0523,2.2789,1.2789,26.7595,2.0704,26.3147,2.0526,100.0,0.0,0.0,0.0,24.125,0.0,25.25,0.0,25.25,0.0,24.125,10.0,0.0,0.0118,52.8475,5.2847,2.0,8.098,1.3634,0.5372,1.4222,0.2183,1.3874,1.007e-05,1.0015,0.0006,2.5647,11.0,0.0854,1.0023,0.1917,2.5045,0.0066,1.0432,0.0825,2.1381,0.0,0.0,0.0,-0.1305,24.0,24.0,37.0,36.0,14.0,0.0,0.0,0.0,0.0,41.1295,64.0,32.7985,0.0,0.0
5271.0,1.7389,0.0924,1.0,0.0798,1.2017,2.0527,1.0527,2.2791,1.2791,26.7356,2.0694,26.3026,2.0521,100.0,0.0,0.0,0.0,24.125,0.0,25.375,0.0,25.25,0.0,24.125,10.0,0.0,0.0125,52.8468,5.2847,2.0,8.0687,1.3627,0.5156,1.4199,0.2255,1.3882,1.006e-05,1.0015,0.0006,2.5656,11.0,0.0845,1.0023,0.1795,2.4758,0.0055,0.9598,0.0811,2.131,0.0,0.0,0.0,-0.1303,24.0,24.0,37.0,36.0,15.0,0.0,0.0,0.0,0.0,41.1293,64.0,32.9774,0.0,0.0
5272.0,1.7379,0.0922,1.0,0.08,1.2021,2.0525,1.0525,2.2792,1.2792,26.617,2.0647,26.287,2.0515,100.0,0.0,0.0,0.0,24.125,0.0,25.25,0.0,25.25,0.0,24.125,10.0,0.0,0.0115,52.8462,5.2846,2.0,8.008,1.3614,0.4268,1.4102,0.225,1.3882,1.006e-05,1.0015,0.0006,2.5668,11.0,0.0844,1.0023,0.1702,2.4527,0.0063,1.0241,0.0789,2.1189,0.0,0.0,0.0,-0.1305,24.0,24.0,37.0,36.0,13.0,0.0,0.0,0.0,0.0,41.1296,64.0,33.142,0.0,0.0
5273.0,1.7379,0.0922,1.0,0.0798,1.2017,2.0524,1.0524,2.2791,1.2791,26.5105,2.0604,26.2852,2.0514,100.0,0.0,0.0,0.0,24.25,0.0,25.375,0.0,25.375,0.0,24.125,10.0,0.0,0.0124,52.8456,5.2846,2.0,7.9121,1.3593,0.3488,1.4017,0.2171,1.3873,1.006e-05,1.0013,0.0006,2.5679,11.0,0.0772,1.0021,0.1666,2.4434,0.0065,1.0317,0.0653,2.0368,0.0,0.0,0.0,-0.1304,24.0,24.0,37.0,36.0,14.0,0.0,0.0,0.0,0.0,41.1294,64.0,33.3399,0.0,0.0
5274.0,1.7369,0.0921,1.0,0.08,1.2022,2.052,1.052,2.2791,1.2791,26.6013,2.0641,26.3029,2.0521,100.0,0.0,0.0,0.0,24.25,0.0,25.375,0.0,25.25,0.0,24.25,10.0,0.0,0.0121,52.8449,5.2845,2.0,7.9052,1.3592,0.3893,1.4061,0.2238,1.3881,1.006e-05,1.0013,0.0006,2.5658,11.0,0.0793,1.0021,0.1404,2.3691,0.0058,0.9869,0.0697,2.0649,0.0,0.0,0.0,-0.1308,24.0,24.0,37.0,36.0,15.0,0.0,0.0,0.0,0.0,41.1296,64.0,33.5099,0.0,0.0
5275.0,1.7368,0.0921,1.0,0.0803,1.2031,2.0518,1.0518,2.2791,1.2791,26.7528,2.0701,26.3087,2.0523,100.0,0.0,0.0,0.0,24.125,0.0,25.375,0.0,25.25,0.0,24.375,10.0,0.0,0.0123,52.8442,5.2844,2.0,7.9158,1.3594,0.3494,1.4018,0.2329,1.389,1.006e-05,1.0015,0.0006,2.5669,11.0,0.0845,1.0023,0.169,2.4498,0.0065,1.0374,0.0782,2.1148,0.0,0.0,0.0,-0.1305,24.0,24.0,37.0,36.0,15.0,0.0,0.0,0.0,0.0,41.13,64.0,33.7054,0.0,0.0
5276.0,1.7368,0.0921,1.0,0.0799,1.2021,2.0527,1.0527,2.2795,1.2795,26.733,2.0693,26.2928,2.0517,100.0,0.0,0.0,0.0,24.25,0.0,25.375,0.0,25.25,0.0,24.25,10.0,0.0,0.0118,52.8432,5.2843,2.0,8.0054,1.3614,0.4006,1.4073,0.2391,1.3897,1.007e-05,1.0016,0.0006,2.5678,11.0,0.0853,1.0023,0.135,2.3523,0.0063,1.0208,0.0677,2.0527,0.0,0.0,0.0,-0.1302,24.0,24.0,37.0,36.0,14.0,0.0,0.0,0.0,0.0,41.1297,64.0,33.8759,0.0,0.0
5277.0,1.7368,0.0921,1.0,0.0798,1.2018,2.0526,1.0526,2.279,1.279,26.6345,2.0654,26.2883,2.0515,100.0,0.0,0.0,0.0,24.125,0.0,25.25,0.0,25.25,0.0,24.125,10.0,0.0,0.0119,52.8427,5.2843,2.0,8.1516,1.3645,0.4199,1.4094,0.2277,1.3885,1.007e-05,1.0015,0.0006,2.5658,11.0,0.0834,1.0022,0.1364,2.3567,0.0057,0.9787,0.0656,2.0386,0.0,0.0,0.0,-0.1304,24.0,24.0,37.0,36.0,16.0,0.0,0.0,0.0,0.0,41.13,64.0,34.0408,0.0,0.0
5278.0,1.7368,0.0921,1.0,0.0799,1.2021,2.0529,1.0529,2.2787,1.2787,26.5067,2.0603,26.2867,2.0515,100.0,0.0,0.0,0.0,24.125,0.0,25.25,0.0,25.25,0.0,24.125,10.0,0.0,0.0126,52.8423,5.2842,2.0,8.1091,1.3636,0.4204,1.4095,0.2277,1.3885,1.006e-05,1.0015,0.0006,2.5665,11.0,0.0814,1.0022,0.1433,2.3782,0.0061,1.0074,0.0733,2.0872,0.0,0.0,0.0,-0.1303,24.0,24.0,37.0,36.0,13.0,0.0,0.0,0.0,0.0,41.1294,64.0,34.256,0.0,0.0
5279.0,1.6791,0.0849,1.0,0.0796,1.2013,2.0525,1.0525,2.2787,1.2787,26.568,2.0627,26.3149,2.0526,100.0,0.0,0.0,0.0,24.125,0.0,25.25,0.0,25.25,0.0,24.25,10.0,0.0,0.0118,52.8414,5.2841,2.0,8.3544,1.3688,0.5524,1.4239,0.2354,1.3893,1.006e-05,1.0013,0.0006,2.5682,11.0,0.0805,1.0021,0.1142,2.2795,0.0055,0.9612,0.0657,2.0396,0.0,0.0,0.0,-0.1304,25.0,24.0,37.0,36.0,13.0,0.0,0.0,0.0,0.0,41.1294,64.0,34.4389,0.0,0.0
5280.0,1.4237,0.053,1.0,0.0798,1.2018,2.0523,1.0523,2.2787,1.2787,26.724,2.069,26.3202,2.0528,100.0,0.0,0.0,0.0,24.125,0.0,25.25,0.0,25.375,0.0,24.125,10.0,0.0,0.0121,52.8411,5.2841,2.0,8.4451,1.3706,0.537,1.4222,0.2442,1.3903,1.006e-05,1.0014,0.0006,2.5694,11.0,0.0791,1.0021,0.1812,2.4799,0.0061,1.0081,0.0815,2.1328,0.0,0.0,0.0,-0.1303,25.0,24.0,37.0,36.0,14.0,0.0,0.0,0.0,0.0,41.1299,64.0,34.6118,0.0,0.0
5281.0,1.2926,0.0366,1.0,0.0796,1.2011,2.0527,1.0527,2.2791,1.2791,26.7333,2.0693,26.3051,2.0522,100.0,0.0,0.0,0.0,24.125,0.0,25.375,0.0,25.25,0.0,24.25,10.0,0.0,0.0126,52.8403,5.284,2.0,8.6228,1.3743,0.6598,1.4356,0.2484,1.3907,1.006e-05,1.0013,0.0006,2.5672,11.0,0.079,1.0021,0.1539,2.409,0.0062,1.0114,0.0732,2.0861,0.0,0.0,0.0,-0.1303,25.0,24.0,37.0,36.0,15.0,0.0,0.0,0.0,0.0,41.1306,64.0,34.792,0.0,0.0
5282.0,1.2332,0.0292,1.0,0.0799,1.2021,2.0529,1.0529,2.279,1.279,26.6553,2.0662,26.2978,2.0519,100.0,0.0,0.0,0.0,24.125,0.0,25.375,0.0,25.25,0.0,24.25,10.0,0.0,0.0126,52.8399,5.284,2.0,8.7375,1.3766,0.6516,1.4347,0.2458,1.3905,1.006e-05,1.0013,0.0006,2.5678,11.0,0.0785,1.0021,0.1544,2.4105,0.0065,1.0345,0.0755,2.1,0.0,0.0,0.0,-0.1301,25.0,24.0,37.0,36.0,14.0,0.0,0.0,0.0,0.0,41.1304,64.0,34.9583,0.0,0.0
5283.0,1.1963,0.0245,1.0,0.0798,1.2018,2.0528,1.0528,2.279,1.279,26.5267,2.0611,26.2846,2.0514,100.0,0.0,0.0,0.0,24.125,0.0,25.25,0.0,25.25,0.0,24.25,10.0,0.0,0.0124,52.839,5.2839,2.0,8.817,1.3781,0.6404,1.4335,0.2501,1.3909,1.006e-05,1.0013,0.0006,2.5685,11.0,0.0779,1.0021,0.1516,2.4025,0.0054,0.951,0.0825,2.1382,0.0,0.0,0.0,-0.1307,25.0,24.0,37.0,36.0,14.0,0.0,0.0,0.0,0.0,41.1304,64.0,35.1741,0.0,0.0
5284.0,1.1844,0.023,1.0,0.0797,1.2015,2.0522,1.0522,2.2789,1.2789,26.5501,2.062,26.302,2.0521,100.0,0.0,0.0,0.0,24.125,0.0,25.375,0.0,25.25,0.0,24.25,10.0,0.0,0.0124,52.8385,5.2839,2.0,8.8441,1.3787,0.6552,1.4351,0.2457,1.3904,1.005e-05,1.0013,0.0006,2.5698,11.0,0.0767,1.002,0.1639,2.4363,0.0059,0.9932,0.0924,2.1875,0.0,0.0,0.0,-0.13,25.0,24.0,37.0,36.0,14.0,0.0,0.0,0.0,0.0,41.1296,64.0,35.3597,0.0,0.0
5285.0,1.1735,0.0217,1.0,0.0798,1.2017,2.0522,1.0522,2.2786,1.2786,26.7008,2.068,26.3133,2.0525,100.0,0.0,0.0,0.0,24.125,0.0,25.375,0.0,25.25,0.0,24.25,10.0,0.0,0.0123,52.8379,5.2837,2.0,8.9377,1.3805,0.6784,1.4376,0.2522,1.3911,1.006e-05,1.0013,0.0006,2.5676,11.0,0.0771,1.0021,0.1465,2.3878,0.0066,1.0391,0.0869,2.1609,0.0,0.0,0.0,-0.1307,25.0,24.0,37.0,36.0,15.0,0.0,0.0,0.0,0.0,41.1296,64.0,35.5289,0.0,0.0
5286.0,1.1675,0.0209,1.0,0.0798,1.2017,2.0526,1.0526,2.2791,1.2791,26.7487,2.0699,26.2962,2.0518,100.0,0.0,0.0,0.0,24.125,0.0,25.375,0.0,25.25,0.0,24.25,10.0,0.0,0.0116,52.8374,5.2837,2.0,8.9173,1.3801,0.6073,1.4299,0.2555,1.3915,1.006e-05,1.0014,0.0006,2.5688,11.0,0.0785,1.0021,0.1279,2.3287,0.0063,1.0232,0.0748,2.0959,0.0,0.0,0.0,-0.131,25.0,24.0,37.0,36.0,15.0,0.0,0.0,0.0,0.0,41.1292,64.0,35.71,0.0,0.0
5287.0,1.4186,0.0523,1.0,0.0796,1.2013,2.0527,1.0527,2.279,1.279,26.6568,2.0663,26.2881,2.0515,100.0,0.0,0.0,0.0,24.125,0.0,25.375,0.0,25.25,0.0,24.25,10.0,0.0,0.0122,52.8364,5.2836,2.0,8.8094,1.378,0.5963,1.4287,0.2615,1.3922,1.006e-05,1.0013,0.0006,2.5694,11.0,0.0767,1.002,0.1365,2.3571,0.0059,0.9912,0.0814,2.1326,0.0,0.0,0.0,-0.1305,24.0,24.0,37.0,36.0,15.0,0.0,0.0,0.0,0.0,41.1293,64.0,35.9281,0.0,0.0
5288.0,1.4947,0.0618,1.0,0.0799,1.2019,2.0529,1.0529,2.2789,1.2789,26.5486,2.0619,26.2919,2.0517,100.0,0.0,0.0,0.0,24.25,0.0,25.375,0.0,25.25,0.0,24.125,10.0,0.0,0.0128,52.8359,5.2836,2.0,9.0018,1.3817,0.6019,1.4293,0.2697,1.3931,1.005e-05,1.0012,0.0006,2.5676,11.0,0.0761,1.002,0.1763,2.4682,0.0059,0.9957,0.0706,2.0708,0.0,0.0,0.0,-0.1305,24.0,24.0,37.0,36.0,15.0,0.0,0.0,0.0,0.0,41.1296,64.0,36.11,0.0,0.0
5289.0,1.5964,0.0746,1.0,0.08,1.2023,2.0526,1.0526,2.2786,1.2786,26.5396,2.0616,26.3118,2.0525,100.0,0.0,0.0,0.0,24.125,0.0,25.375,0.0,25.5,0.0,24.25,10.0,0.0,0.0127,52.8355,5.2835,2.0,8.9978,1.3817,0.5982,1.4289,0.2733,1.3934,1.005e-05,1.0013,0.0006,2.5681,11.0,0.0763,1.002,0.1883,2.4966,0.0057,0.9803,0.0754,2.0992,0.0,0.0,0.0,-0.1306,24.0,24.0,37.0,36.0,15.0,0.0,0.0,0.0,0.0,41.1288,64.0,36.28,0.0,0.0
5290.0,1.6529,0.0816,1.0,0.08,1.2023,2.0523,1.0523,2.2786,1.2786,26.6666,2.0667,26.3144,2.0526,100.0,0.0,0.0,0.0,24.125,0.0,25.375,0.0,25.375,0.0,24.125,10.0,0.0,0.0119,52.8351,5.2835,2.0,9.1567,1.3847,0.636,1.433,0.2669,1.3927,1.006e-05,1.0014,0.0006,2.5694,11.0,0.079,1.0021,0.1632,2.4347,0.006,1.0026,0.0714,2.0754,0.0,0.0,0.0,-0.1304,24.0,24.0,37.0,36.0,15.0,0.0,0.0,0.0,0.0,41.1297,64.0,36.4647,0.0,0.0
5291.0,1.688,0.086,1.0,0.0799,1.202,2.0525,1.0525,2.2791,1.2791,26.7579,2.0703,26.3046,2.0522,100.0,0.0,0.0,0.0,24.125,0.0,25.25,0.0,25.5,0.0,24.25,10.0,0.0,0.0123,52.834,5.2834,2.0,9.22,1.3859,0.6309,1.4325,0.2727,1.3934,1.006e-05,1.0014,0.0006,2.5708,11.0,0.083,1.0022,0.1576,2.4193,0.0059,0.9937,0.0831,2.1415,0.0,0.0,0.0,-0.1304,25.0,24.0,37.0,36.0,14.0,0.0,0.0,0.0,0.0,41.1295,64.0,36.6413,0.0,0.0
5292.0,1.7083,0.0885,1.0,0.0801,1.2025,2.0529,1.0529,2.2792,1.2792,26.6833,2.0673,26.2897,2.0516,100.0,0.0,0.0,0.0,24.125,0.0,25.25,0.0,25.375,0.0,24.125,10.0,0.0,0.012,52.8331,5.2832,2.0,9.3333,1.388,0.6336,1.4328,0.2777,1.3939,1.007e-05,1.0015,0.0006,2.5677,11.0,0.0834,1.0022,0.1796,2.4761,0.0065,1.0378,0.0739,2.0905,0.0,0.0,0.0,-0.1302,25.0,24.0,37.0,36.0,15.0,0.0,0.0,0.0,0.0,41.1296,64.0,36.8309,0.0,0.0
5293.0,1.7194,0.0899,1.0,0.0802,1.2027,2.0526,1.0526,2.2789,1.2789,26.5748,2.063,26.286,2.0514,100.0,0.0,0.0,0.0,24.125,0.0,25.375,0.0,25.375,0.0,24.25,10.0,0.0,0.0123,52.8327,5.2832,2.0,9.3139,1.3877,0.5921,1.4282,0.2751,1.3936,1.006e-05,1.0015,0.0006,2.5688,11.0,0.0839,1.0022,0.15,2.398,0.0065,1.037,0.0731,2.0856,0.0,0.0,0.0,-0.1304,25.0,24.0,37.0,36.0,15.0,0.0,0.0,0.0,0.0,41.1293,64.0,37.0339,0.0,0.0
5294.0,1.7249,0.0906,1.0,0.0799,1.2019,2.0528,1.0528,2.2786,1.2786,26.516,2.0606,26.3017,2.0521,100.0,0.0,0.0,0.0,24.25,0.0,25.375,0.0,25.375,0.0,24.25,10.0,0.0,0.0118,52.832,5.2832,2.0,9.1997,1.3855,0.5058,1.4188,0.278,1.394,1.006e-05,1.0015,0.0006,2.5704,11.0,0.0823,1.0022,0.1649,2.439,0.0061,1.0092,0.0657,2.0397,0.0,0.0,0.0,-0.1302,25.0,24.0,37.0,36.0,15.0,0.0,0.0,0.0,0.0,41.1299,64.0,37.2178,0.0,0.0
5295.0,1.7326,0.0916,1.0,0.0799,1.2019,2.0523,1.0523,2.2785,1.2785,26.6877,2.0675,26.3218,2.0529,100.0,0.0,0.0,0.0,24.125,0.0,25.25,0.0,25.25,0.0,24.125,10.0,0.0,0.0126,52.8315,5.2831,2.0,9.1514,1.3846,0.5063,1.4189,0.2792,1.3941,1.006e-05,1.0014,0.0006,2.5711,11.0,0.0814,1.0022,0.1457,2.3854,0.0059,0.9902,0.0697,2.065,0.0,0.0,0.0,-0.1305,25.0,24.0,37.0,36.0,14.0,0.0,0.0,0.0,0.0,41.1308,64.0,37.4118,0.0,0.0
5296.0,1.7348,0.0918,1.0,0.0797,1.2013,2.0523,1.0523,2.279,1.279,26.7712,2.0708,26.3043,2.0522,100.0,0.0,0.0,0.0,24.125,0.0,25.5,0.0,25.25,0.0,24.125,10.0,0.0,0.0125,52.831,5.2831,2.0,9.1935,1.3854,0.4763,1.4156,0.2834,1.3946,1.006e-05,1.0013,0.0006,2.5684,11.0,0.0778,1.0021,0.1173,2.2912,0.0066,1.0384,0.0629,2.0206,0.0,0.0,0.0,-0.1307,25.0,24.0,37.0,36.0,13.0,0.0,0.0,0.0,0.0,41.1297,64.0,37.6037,0.0,0.0
5297.0,1.7358,0.092,1.0,0.0799,1.2021,2.0528,1.0528,2.2791,1.2791,26.7039,2.0682,26.3001,2.052,100.0,0.0,0.0,0.0,24.25,0.0,25.375,0.0,25.25,0.0,24.25,10.0,0.0,0.0123,52.8302,5.283,2.0,9.1608,1.3848,0.4646,1.4143,0.29,1.3953,1.007e-05,1.0015,0.0006,2.5696,11.0,0.0838,1.0022,0.1138,2.2779,0.0048,0.9073,0.0606,2.0042,0.0,0.0,0.0,-0.1311,25.0,24.0,37.0,36.0,15.0,0.0,0.0,0.0,0.0,41.13,64.0,37.7976,0.0,0.0
5298.0,1.7368,0.0921,1.0,0.0799,1.2021,2.0529,1.0529,2.2789,1.2789,26.5931,2.0637,26.2961,2.0518,100.0,0.0,0.0,0.0,24.125,0.0,25.375,0.0,25.25,0.0,24.125,10.0,0.0,0.0128,52.8297,5.283,2.0,9.1686,1.3849,0.4163,1.409,0.2938,1.3957,1.006e-05,1.0014,0.0006,2.5704,11.0,0.0791,1.0021,0.1226,2.3103,0.0061,1.0045,0.0544,1.9578,0.0,0.0,0.0,-0.1307,25.0,24.0,37.0,36.0,15.0,0.0,0.0,0.0,0.0,41.1297,64.0,37.9792,0.0,0.0
5299.0,1.7369,0.0921,1.0,0.0798,1.2017,2.0528,1.0528,2.2787,1.2787,26.5109,2.0604,26.2912,2.0516,100.0,0.0,0.0,0.0,24.125,0.0,25.375,0.0,25.375,0.0,24.25,10.0,0.0,0.0118,52.8291,5.2828,2.0,9.1546,1.3847,0.4078,1.4081,0.2988,1.3962,1.012e-05,1.0027,0.0006,2.5713,11.0,0.0804,1.0021,0.0981,2.2135,0.0062,1.0123,0.0566,1.9747,0.0,0.0,0.0,-0.1303,24.0,24.0,37.0,36.0,15.0,0.0,0.0,0.0,0.0,41.1295,64.0,38.1668,0.0,0.0
5300.0,1.7369,0.0921,1.0,0.0799,1.2021,2.0524,1.0524,2.2786,1.2786,26.6203,2.0648,26.3085,2.0523,100.0,0.0,0.0,0.0,24.125,0.0,25.375,0.0,25.375,0.0,24.125,10.0,0.0,0.0126,52.8286,5.2828,2.0,9.0435,1.3825,0.3714,1.4041,0.3021,1.3966,1.019e-05,1.0044,0.0006,2.5685,11.0,0.077,1.0021,0.1923,2.5058,0.005,0.9176,0.0566,1.9748,0.0,0.0,0.0,-0.1302,24.0,24.0,37.0,36.0,15.0,0.0,0.0,0.0,0.0,41.1298,64.0,38.3201,0.0,0.0
5301.0,1.7379,0.0922,1.0,0.0798,1.2018,2.0519,1.0519,2.2789,1.2789,26.7602,2.0704,26.3029,2.0521,100.0,0.0,0.0,0.0,24.125,0.0,25.375,0.0,25.25,0.0,24.25,10.0,0.0,0.0126,52.8278,5.2827,2.0,9.2063,1.3856,0.3838,1.4055,0.3026,1.3967,1.026e-05,1.006,0.0006,2.5702,11.0,0.0764,1.002,0.1881,2.4962,0.0064,1.0256,0.0522,1.9399,0.0,0.0,0.0,-0.1306,24.0,24.0,37.0,36.0,14.0,0.0,0.0,0.0,0.0,41.1299,64.0,38.5353,0.0,0.0
5302.0,1.7379,0.0922,1.0,0.0799,1.2021,2.0528,1.0528,2.2793,1.2793,26.7174,2.0687,26.2924,2.0517,100.0,0.0,0.0,0.0,24.125,0.0,25.375,0.0,25.25,0.0,24.25,10.0,0.0,0.0127,52.8273,5.2827,2.0,9.288,1.3872,0.4569,1.4135,0.3059,1.397,1.034e-05,1.0079,0.0006,2.5708,11.0,0.0778,1.0021,0.1531,2.4067,0.0063,1.0184,0.0516,1.9342,0.0,0.0,0.0,-0.1306,24.0,24.0,37.0,36.0,14.0,0.0,0.0,0.0,0.0,41.13,64.0,38.7165,0.0,0.0
5303.0,1.7387,0.0923,1.0,0.0801,1.2026,2.0529,1.0529,2.279,1.279,26.6059,2.0642,26.2966,2.0519,100.0,0.0,0.0,0.0,24.125,0.0,25.375,0.0,25.375,0.0,24.25,10.0,0.0,0.0128,52.827,5.2827,2.0,9.4179,1.3896,0.4938,1.4175,0.3089,1.3973,1.042e-05,1.0095,0.0006,2.5725,11.0,0.0815,1.0022,0.1412,2.3717,0.0051,0.9333,0.0485,1.9078,0.0,0.0,0.0,-0.1307,24.0,24.0,37.0,36.0,15.0,0.0,0.0,0.0,0.0,41.13,64.0,38.9067,0.0,0.0
5304.0,1.7399,0.0925,1.0,0.0799,1.202,2.0528,1.0528,2.2787,1.2787,26.5018,2.0601,26.3002,2.052,100.0,0.0,0.0,0.0,24.125,0.0,25.375,0.0,25.25,0.0,24.25,10.0,0.0,0.0118,52.8264,5.2826,2.0,9.5347,1.3917,0.4785,1.4158,0.3125,1.3977,1.051e-05,1.0115,0.0006,2.5695,11.0,0.0804,1.0021,0.1433,2.3782,0.0058,0.9863,0.0485,1.9073,0.0,0.0,0.0,-0.1302,24.0,24.0,37.0,36.0,14.0,0.0,0.0,0.0,0.0,41.1295,64.0,39.0689,0.0,0.0
5305.0,1.741,0.0926,1.0,0.0799,1.202,2.0527,1.0527,2.2786,1.2786,26.6167,2.0647,26.3191,2.0528,100.0,0.0,0.0,0.0,24.125,0.0,25.375,0.0,25.375,0.0,24.25,10.0,0.0,0.0122,52.8254,5.2825,2.0,9.5671,1.3923,0.4851,1.4166,0.3161,1.3981,1.058e-05,1.0132,0.0006,2.5709,11.0,0.0812,1.0022,0.1172,2.2909,0.0065,1.0323,0.0482,1.9049,0.0,0.0,0.0,-0.1306,24.0,24.0,37.0,36.0,15.0,0.0,0.0,0.0,0.0,41.1296,64.0,39.275,0.0,0.0
5306.0,1.7405,0.0926,1.0,0.0801,1.2024,2.0522,1.0522,2.2788,1.2788,26.7659,2.0706,26.3159,2.0526,100.0,0.0,0.0,0.0,24.125,0.0,25.375,0.0,25.375,0.0,24.125,10.0,0.0,0.0123,52.8246,5.2824,2.0,9.5572,1.3921,0.4725,1.4152,0.318,1.3983,1.067e-05,1.015,0.0006,2.5719,11.0,0.084,1.0022,0.1681,2.4475,0.0061,1.0093,0.0437,1.8622,0.0,0.0,0.0,-0.1303,24.0,24.0,37.0,36.0,14.0,0.0,0.0,0.0,0.0,41.1294,64.0,39.4557,0.0,0.0
5307.0,1.7395,0.0924,1.0,0.0801,1.2026,2.0527,1.0527,2.2793,1.2793,26.7262,2.069,26.292,2.0517,100.0,0.0,0.0,0.0,24.125,0.0,25.375,0.0,25.375,0.0,24.125,10.0,0.0,0.0109,52.8243,5.2824,2.0,9.6768,1.3943,0.515,1.4198,0.3225,1.3988,1.073e-05,1.0163,0.0006,2.5725,11.0,0.0841,1.0022,0.1654,2.4405,0.0059,0.9918,0.0414,1.8384,0.0,0.0,0.0,-0.1305,24.0,24.0,37.0,36.0,16.0,0.0,0.0,0.0,0.0,41.1296,64.0,39.6372,0.0,0.0
5308.0,1.738,0.0922,1.0,0.08,1.2023,2.0529,1.0529,2.2794,1.2794,26.6289,2.0652,26.2888,2.0516,100.0,0.0,0.0,0.0,24.125,0.0,25.375,0.0,25.25,0.0,24.125,10.0,0.0,0.0116,52.8238,5.2824,2.0,9.783,1.3962,0.5172,1.4201,0.3237,1.3989,1.083e-05,1.0185,0.0006,2.5701,11.0,0.078,1.0021,0.1748,2.4643,0.0057,0.9745,0.0395,1.8187,0.0,0.0,0.0,-0.1302,24.0,24.0,37.0,36.0,14.0,0.0,0.0,0.0,0.0,41.1294,64.0,39.8224,0.0,0.0
5309.0,1.7392,0.0924,1.0,0.08,1.2022,2.0529,1.0529,2.2789,1.2789,26.5109,2.0604,26.2869,2.0515,100.0,0.0,0.0,0.0,24.125,0.0,25.375,0.0,25.375,0.0,24.125,10.0,0.0,0.0121,52.8232,5.2823,2.0,9.7615,1.3958,0.5191,1.4203,0.3241,1.399,1.088e-05,1.0196,0.0006,2.5708,11.0,0.0843,1.0022,0.1668,2.444,0.006,0.9978,0.0365,1.7842,0.0,0.0,0.0,-0.1304,24.0,24.0,37.0,36.0,14.0,0.0,0.0,0.0,0.0,41.1297,64.0,39.977,0.0,0.0
5310.0,1.74,0.0925,1.0,0.0802,1.2028,2.0524,1.0524,2.2786,1.2786,26.5915,2.0637,26.31,2.0524,100.0,0.0,0.0,0.0,24.125,0.0,25.375,0.0,25.25,0.0,24.125,10.0,0.0,0.0124,52.8225,5.2822,2.0,9.7901,1.3963,0.456,1.4134,0.33,1.3996,1.096e-05,1.0214,0.0006,2.5723,11.0,0.0839,1.0022,0.1483,2.3929,0.006,1.0032,0.0475,1.8986,0.0,0.0,0.0,-0.1303,24.0,24.0,37.0,36.0,15.0,0.0,0.0,0.0,0.0,41.1295,64.0,40.1835,0.0,0.0
5311.0,1.74,0.0925,1.0,0.0799,1.2019,2.0521,1.0521,2.2792,1.2792,26.7431,2.0697,26.3076,2.0523,100.0,0.0,0.0,0.0,24.125,0.0,25.375,0.0,25.25,0.0,24.25,10.0,0.0,0.0119,52.8222,5.2822,2.0,9.8851,1.398,0.5457,1.4232,0.3386,1.4006,1.111e-05,1.0245,0.0006,2.5701,11.0,0.0847,1.0023,0.1549,2.4119,0.006,0.999,0.0493,1.915,0.0,0.0,0.0,-0.13,24.0,24.0,37.0,36.0,15.0,0.0,0.0,0.0,0.0,41.1292,64.0,40.3635,0.0,0.0
5312.0,1.74,0.0925,1.0,0.0799,1.202,2.0522,1.0522,2.2795,1.2795,26.7358,2.0694,26.2955,2.0518,100.0,0.0,0.0,0.0,24.125,0.0,25.375,0.0,25.375,0.0,24.25,10.0,0.0,0.0119,52.8213,5.2821,2.0,9.9029,1.3983,0.442,1.4119,0.3409,1.4008,1.117e-05,1.0257,0.0006,2.57,11.0,0.0834,1.0022,0.1754,2.4658,0.0058,0.9853,0.0466,1.8904,0.0,0.0,0.0,-0.1304,24.0,24.0,37.0,36.0,13.0,0.0,0.0,0.0,0.0,41.1294,64.0,40.5304,0.0,0.0
5313.0,1.7399,0.0925,1.0,0.0798,1.2017,2.0529,1.0529,2.279,1.279,26.6348,2.0654,26.2934,2.0517,100.0,0.0,0.0,0.0,24.125,0.0,25.375,0.0,25.25,0.0,24.25,10.0,0.0,0.0118,52.8206,5.2821,2.0,9.8401,1.3972,0.4206,1.4095,0.3496,1.4018,1.136e-05,1.0296,0.0006,2.5714,11.0,0.081,1.0022,0.1298,2.3352,0.0058,0.9855,0.0451,1.8759,0.0,0.0,0.0,-0.1301,24.0,24.0,37.0,36.0,15.0,0.0,0.0,0.0,0.0,41.1292,64.0,40.7101,0.0,0.0
5314.0,1.74,0.0925,1.0,0.0799,1.202,2.053,1.053,2.279,1.279,26.5195,2.0608,26.2957,2.0518,100.0,0.0,0.0,0.0,24.125,0.0,25.375,0.0,25.375,0.0,24.25,10.0,0.0,0.012,52.8203,5.282,2.0,9.9968,1.3999,0.5431,1.4229,0.3515,1.402,1.146e-05,1.0316,0.0006,2.572,11.0,0.0797,1.0021,0.1353,2.3532,0.0063,1.0198,0.0444,1.8693,0.0,0.0,0.0,-0.1305,24.0,24.0,37.0,36.0,13.0,0.0,0.0,0.0,0.0,41.1298,64.0,40.8983,0.0,0.0
5315.0,1.7409,0.0926,1.0,0.0797,1.2015,2.0525,1.0525,2.2788,1.2788,26.5747,2.063,26.3151,2.0526,100.0,0.0,0.0,0.0,24.125,0.0,25.375,0.0,25.25,0.0,24.25,10.0,0.0,0.0126,52.8198,5.282,2.0,10.1442,1.4025,0.5492,1.4235,0.3518,1.402,1.152e-05,1.0329,0.0006,2.5738,11.0,0.0795,1.0021,0.1295,2.3341,0.006,1.0,0.0413,1.8373,0.0,0.0,0.0,-0.1302,24.0,24.0,37.0,36.0,13.0,0.0,0.0,0.0,0.0,41.1299,64.0,41.0981,0.0,0.0
5316.0,1.74,0.0925,1.0,0.0797,1.2016,2.0523,1.0523,2.2791,1.2791,26.7275,2.0691,26.3199,2.0528,100.0,0.0,0.0,0.0,24.125,0.0,25.375,0.0,25.25,0.0,24.25,10.0,0.0,0.0123,52.8193,5.2819,2.0,10.4759,1.4081,0.6942,1.4394,0.352,1.402,1.16e-05,1.0345,0.0006,2.5711,11.0,0.0788,1.0021,0.1261,2.3227,0.0062,1.0158,0.0426,1.8516,0.0,0.0,0.0,-0.1305,24.0,24.0,37.0,36.0,14.0,0.0,0.0,0.0,0.0,41.1298,0.0,41.1908,0.0,0.0
5317.0,1.7405,0.0926,1.0,0.08,1.2022,2.0526,1.0526,2.2795,1.2795,26.7415,2.0697,26.2957,2.0518,100.0,0.0,0.0,0.0,24.25,0.0,25.25,0.0,25.375,0.0,24.25,10.0,0.0,0.0121,52.8186,5.2818,2.0,10.5741,1.4097,0.7018,1.4402,0.3544,1.4023,1.167e-05,1.0359,0.0006,2.5713,11.0,0.0765,1.002,0.1298,2.3351,0.0056,0.9717,0.0372,1.7923,0.0,0.0,0.0,-0.1307,24.0,24.0,37.0,36.0,13.0,0.0,0.0,0.0,0.0,41.1301,0.0,41.1924,0.0,0.0
5318.0,1.7394,0.0924,1.0,0.0797,1.2015,2.0529,1.0529,2.2794,1.2794,26.6519,2.0661,26.2923,2.0517,100.0,0.0,0.0,0.0,24.25,0.0,25.25,0.0,25.375,0.0,24.125,10.0,0.0,0.0121,52.818,5.2818,2.0,10.5477,1.4093,0.624,1.4317,0.3595,1.4029,1.175e-05,1.0374,0.0006,2.5724,11.0,0.0775,1.0021,0.1007,2.2247,0.006,1.0032,0.0373,1.7935,0.0,0.0,0.0,-0.1308,24.0,24.0,37.0,36.0,15.0,0.0,0.0,0.0,0.0,41.1306,0.0,41.1925,0.0,0.0
5319.0,1.7396,0.0925,1.0,0.0799,1.202,2.0533,1.0533,2.2792,1.2792,26.527,2.0611,26.2941,2.0518,100.0,0.0,0.0,0.0,24.25,0.0,25.25,0.0,25.25,0.0,24.125,10.0,0.0,0.0123,52.8176,5.2817,2.0,10.5223,1.4088,0.5461,1.4232,0.3705,1.4041,1.196e-05,1.0416,0.0006,2.5735,11.0,0.0799,1.0021,0.1032,2.2355,0.0062,1.0118,0.0346,1.7604,0.0,0.0,0.0,-0.1302,24.0,24.0,37.0,36.0,14.0,0.0,0.0,0.0,0.0,41.1298,0.0,41.1927,0.0,0.0
5320.0,1.74,0.0925,1.0,0.0799,1.2019,2.0526,1.0526,2.279,1.279,26.5431,2.0617,26.3117,2.0525,100.0,0.0,0.0,0.0,24.125,0.0,25.25,0.0,25.375,0.0,24.25,10.0,0.0,0.0122,52.8168,5.2816,2.0,10.305,1.4052,0.4797,1.416,0.3755,1.4046,1.207e-05,1.0438,0.0006,2.5741,11.0,0.0803,1.0021,0.1005,2.2242,0.0061,1.0096,0.0335,1.7465,0.0,0.0,0.0,-0.1302,24.0,24.0,37.0,36.0,14.0,0.0,0.0,0.0,0.0,41.1298,0.0,41.1924,0.0,0.0
5321.0,1.7401,0.0925,1.0,0.0798,1.2017,2.0523,1.0523,2.2793,1.2793,26.702,2.0681,26.3226,2.0529,100.0,0.0,0.0,0.0,24.125,0.0,25.375,0.0,25.25,0.0,24.125,10.0,0.0,0.012,52.8164,5.2816,2.0,10.5105,1.4086,0.5239,1.4208,0.3742,1.4045,1.215e-05,1.0452,0.0006,2.5753,11.0,0.0771,1.0021,0.1053,2.2445,0.0063,1.0244,0.031,1.7137,0.0,0.0,0.0,-0.1304,24.0,24.0,37.0,36.0,15.0,0.0,0.0,0.0,0.0,41.1304,0.0,41.1924,0.0,0.0
5322.0,1.7411,0.0926,1.0,0.0799,1.2019,2.0526,1.0526,2.2795,1.2795,26.7586,2.0703,26.3085,2.0523,100.0,0.0,0.0,0.0,24.125,0.0,25.375,0.0,25.375,0.0,24.125,10.0,0.0,0.0118,52.8159,5.2816,2.0,10.5746,1.4097,0.5559,1.4243,0.376,1.4047,1.222e-05,1.0466,0.0006,2.5757,11.0,0.0783,1.0021,0.0922,2.1866,0.0058,0.9885,0.0302,1.7024,0.0,0.0,0.0,-0.1305,24.0,24.0,37.0,36.0,14.0,0.0,0.0,0.0,0.0,41.1299,0.0,41.1923,0.0,0.0
5323.0,1.741,0.0926,1.0,0.0796,1.2012,2.0529,1.0529,2.2794,1.2794,26.6696,2.0668,26.2984,2.0519,100.0,0.0,0.0,0.0,24.25,0.0,25.375,0.0,25.25,0.0,24.125,10.0,0.0,0.0124,52.815,5.2814,2.0,10.6883,1.4116,0.5483,1.4235,0.3854,1.4057,1.236e-05,1.0493,0.0006,2.5771,11.0,0.0764,1.002,0.1719,2.4572,0.0054,0.9545,0.0302,1.7013,0.0,0.0,0.0,-0.1303,24.0,24.0,37.0,36.0,14.0,0.0,0.0,0.0,0.0,41.1304,0.0,41.1924,0.0,0.0
5324.0,1.74,0.0925,1.0,0.0796,1.2012,2.0529,1.0529,2.2796,1.2796,26.5567,2.0623,26.2919,2.0517,100.0,0.0,0.0,0.0,24.125,0.0,25.375,0.0,25.375,0.0,24.125,10.0,0.0,0.0123,52.8146,5.2815,2.0,10.7789,1.413,1.1396,1.488,0.3922,1.4064,1.251e-05,1.052,0.0006,2.5778,11.0,0.0757,1.002,0.1546,2.411,0.0062,1.0159,0.0267,1.6478,0.0,0.0,0.0,-0.1306,25.0,24.0,37.0,36.0,14.0,0.0,0.0,0.0,0.0,41.1301,0.0,41.1923,0.0,0.0
5325.0,1.7408,0.0926,1.0,0.0799,1.2019,2.0526,1.0526,2.2795,1.2795,26.5384,2.0615,26.2995,2.052,100.0,0.0,0.0,0.0,24.125,0.0,25.375,0.0,25.375,0.0,24.125,10.0,0.0,0.0121,52.8144,5.2814,2.0,12.0897,1.433,1.1477,1.4888,0.3931,1.4065,1.262e-05,1.0541,0.0006,2.5781,11.0,0.0775,1.0021,0.1569,2.4174,0.006,1.0013,0.0262,1.6402,0.0,0.0,0.0,-0.1307,25.0,24.0,37.0,36.0,13.0,0.0,0.0,0.0,0.0,41.1302,0.0,41.1925,0.0,0.0
5326.0,1.7411,0.0926,1.0,0.0801,1.2025,2.0519,1.0519,2.2794,1.2794,26.6856,2.0674,26.3133,2.0525,100.0,0.0,0.0,0.0,24.125,0.0,25.375,0.0,25.5,0.0,24.125,10.0,0.0,0.0126,52.8138,5.2813,2.0,12.1355,1.4336,1.0255,1.4755,0.391,1.4063,1.269e-05,1.0554,0.0006,2.5792,11.0,0.0785,1.0021,0.1294,2.3339,0.0061,1.0098,0.0267,1.6489,0.0,0.0,0.0,-0.1308,25.0,24.0,37.0,36.0,15.0,0.0,0.0,0.0,0.0,41.1299,0.0,41.1921,0.0,0.0
5327.0,1.74,0.0925,1.0,0.08,1.2022,2.0524,1.0524,2.2798,1.2798,26.763,2.0705,26.3033,2.0521,100.0,0.0,0.0,0.0,24.125,0.0,25.375,0.0,25.25,0.0,24.125,10.0,0.0,0.0125,52.8132,5.2813,2.0,11.9126,1.4304,0.9041,1.4623,0.3911,1.4063,1.273e-05,1.0561,0.0006,2.5759,11.0,0.0808,1.0022,0.2082,2.5403,0.0062,1.0122,0.0228,1.5793,0.0,0.0,0.0,-0.1303,25.0,24.0,37.0,36.0,16.0,0.0,0.0,0.0,0.0,41.1297,0.0,41.1922,0.0,0.0
5328.0,1.7384,0.0923,1.0,0.0799,1.2019,2.0528,1.0528,2.2798,1.2798,26.6896,2.0676,26.2909,2.0516,100.0,0.0,0.0,0.0,24.125,0.0,25.25,0.0,25.25,0.0,24.25,10.0,0.0,0.0127,52.8128,5.2813,2.0,11.9848,1.4315,0.9568,1.468,0.4016,1.4074,1.291e-05,1.0593,0.0006,2.577,11.0,0.0826,1.0022,0.1574,2.4188,0.0058,0.9875,0.0257,1.6315,0.0,0.0,0.0,-0.1305,24.0,24.0,37.0,36.0,13.0,0.0,0.0,0.0,0.0,41.1299,0.0,41.1924,0.0,0.0
5329.0,1.7369,0.0921,1.0,0.0799,1.2021,2.0525,1.0525,2.2801,1.2801,26.5756,2.063,26.2848,2.0514,100.0,0.0,0.0,0.0,24.125,0.0,25.25,0.0,25.375,0.0,24.25,10.0,0.0,0.0126,52.8121,5.2812,2.0,12.2472,1.4352,0.979,1.4704,0.4041,1.4077,1.306e-05,1.0621,0.0006,2.5777,11.0,0.0807,1.0022,0.1985,2.5196,0.006,0.9996,0.0226,1.5767,0.0,0.0,0.0,-0.1307,24.0,24.0,37.0,36.0,15.0,0.0,0.0,0.0,0.0,41.1295,0.0,41.1923,0.0,0.0
5330.0,1.7369,0.0921,1.0,0.0801,1.2024,2.0525,1.0525,2.2799,1.2799,26.5137,2.0605,26.2951,2.0518,100.0,0.0,0.0,0.0,24.125,0.0,25.25,0.0,25.5,0.0,24.125,10.0,0.0,0.0127,52.8115,5.2811,2.0,12.3655,1.4369,0.9991,1.4726,0.4032,1.4076,1.313e-05,1.0633,0.0006,2.5783,11.0,0.0773,1.0021,0.2341,2.5912,0.0068,1.0574,0.0246,1.6135,0.0,0.0,0.0,-0.1306,24.0,24.0,37.0,36.0,14.0,0.0,0.0,0.0,0.0,41.1293,0.0,41.1921,0.0,0.0
5331.0,1.7379,0.0922,1.0,0.0799,1.2021,2.0523,1.0523,2.2796,1.2796,26.6796,2.0672,26.3124,2.0525,100.0,0.0,0.0,0.0,24.125,0.0,25.25,0.0,25.375,0.0,24.125,10.0,0.0,0.0124,52.8108,5.281,2.0,12.5043,1.4388,0.9367,1.4658,0.4044,1.4078,1.321e-05,1.0647,0.0006,2.579,11.0,0.0807,1.0022,0.181,2.4795,0.0058,0.9824,0.0248,1.6165,0.0,0.0,0.0,-0.1306,24.0,24.0,37.0,36.0,15.0,0.0,0.0,0.0,0.0,41.1292,0.0,41.192,0.0,0.0
5332.0,1.7389,0.0924,1.0,0.08,1.2021,2.0524,1.0524,2.2802,1.2802,26.7549,2.0702,26.3016,2.0521,100.0,0.0,0.0,0.0,24.25,0.0,25.375,0.0,25.25,0.0,24.125,10.0,0.0,0.0123,52.8104,5.281,2.0,12.4732,1.4384,0.8725,1.4588,0.4103,1.4084,1.334e-05,1.0669,0.0006,2.5797,11.0,0.0806,1.0022,0.2301,2.5837,0.0058,0.989,0.0194,1.51,0.0,0.0,0.0,-0.1303,24.0,24.0,37.0,36.0,14.0,0.0,0.0,0.0,0.0,41.1297,0.0,41.1923,0.0,0.0
5333.0,1.7379,0.0922,1.0,0.08,1.2021,2.0525,1.0525,2.2802,1.2802,26.6976,2.0679,26.2901,2.0516,100.0,0.0,0.0,0.0,24.125,0.0,25.375,0.0,25.25,0.0,24.25,10.0,0.0,0.0122,52.8096,5.2809,2.0,12.4418,1.438,0.8255,1.4537,0.4099,1.4084,1.346e-05,1.069,0.0006,2.5801,11.0,0.083,1.0022,0.181,2.4796,0.0065,1.0357,0.0205,1.5341,0.0,0.0,0.0,-0.1308,24.0,24.0,37.0,36.0,15.0,0.0,0.0,0.0,0.0,41.1291,0.0,41.1922,0.0,0.0
5334.0,1.7379,0.0922,1.0,0.08,1.2023,2.0525,1.0525,2.2802,1.2802,26.601,2.064,26.2798,2.0512,100.0,0.0,0.0,0.0,24.125,0.0,25.375,0.0,25.375,0.0,24.25,10.0,0.0,0.012,52.8092,5.2809,2.0,12.2743,1.4356,0.6853,1.4384,0.4077,1.4081,1.353e-05,1.0703,0.0006,2.5805,11.0,0.082,1.0022,0.1892,2.4987,0.0069,1.0604,0.0202,1.5269,0.0,0.0,0.0,-0.1306,24.0,24.0,37.0,36.0,13.0,0.0,0.0,0.0,0.0,41.13,0.0,41.1919,0.0,0.0
5335.0,1.7379,0.0922,1.0,0.08,1.2023,2.0524,1.0524,2.2799,1.2799,26.5186,2.0607,26.2915,2.0517,100.0,0.0,0.0,0.0,24.125,0.0,25.25,0.0,25.25,0.0,24.25,10.0,0.0,0.0118,52.8086,5.2808,2.0,12.2439,1.4352,0.6686,1.4366,0.4089,1.4082,1.357e-05,1.0709,0.0006,2.5818,11.0,0.0835,1.0022,0.1737,2.4617,0.0063,1.0182,0.0182,1.4809,0.0,0.0,0.0,-0.1305,24.0,24.0,37.0,36.0,13.0,0.0,0.0,0.0,0.0,41.1293,0.0,41.192,0.0,0.0
5336.0,1.738,0.0922,1.0,0.0801,1.2024,2.0522,1.0522,2.2798,1.2798,26.6373,2.0655,26.3105,2.0524,100.0,0.0,0.0,0.0,24.125,0.0,25.25,0.0,25.375,0.0,24.125,10.0,0.0,0.0122,52.8083,5.2808,2.0,12.1181,1.4334,0.5947,1.4285,0.4094,1.4083,1.367e-05,1.0726,0.0006,2.5819,11.0,0.085,1.0023,0.1561,2.4151,0.0062,1.0171,0.0359,1.7768,0.0,0.0,64.0,0.247,24.0,24.0,37.0,36.0,14.0,0.0,0.0,0.0,0.0,41.1296,0.0,41.1921,0.0,0.0
5337.0,1.7379,0.0922,1.0,0.0801,1.2026,2.0519,1.0519,2.2801,1.2801,26.7553,2.0702,26.3017,2.0521,100.0,0.0,0.0,0.0,24.125,0.0,25.375,0.0,25.5,0.0,24.25,10.0,0.0,0.0115,52.8071,5.2806,2.0,12.1961,1.4345,0.6072,1.4299,0.4119,1.4086,1.383e-05,1.0753,0.0006,2.5828,11.0,0.0858,1.0023,0.183,2.4844,0.0054,0.9568,0.0353,1.7693,0.0,0.0,64.0,1.0805,24.0,24.0,37.0,36.0,14.0,0.0,0.0,0.0,0.0,41.1295,0.0,41.1914,0.0,0.0
5338.0,1.7382,0.0923,1.0,0.0798,1.2016,2.0524,1.0524,2.2802,1.2802,26.7239,2.069,26.2913,2.0517,100.0,0.0,0.0,0.0,24.125,0.0,25.375,0.0,25.375,0.0,24.125,10.0,0.0,0.0123,52.8068,5.2807,2.0,12.2821,1.4357,0.5971,1.4288,0.4108,1.4085,1.391e-05,1.0767,0.0006,2.5833,11.0,0.0846,1.0023,0.1461,2.3864,0.0056,0.9665,0.0306,1.7077,0.0,0.0,64.0,1.7825,24.0,24.0,37.0,36.0,15.0,0.0,0.0,0.0,0.0,41.1293,0.0,41.1915,0.0,0.0
5339.0,1.7382,0.0923,1.0,0.08,1.2024,2.0529,1.0529,2.2801,1.2801,26.6146,2.0646,26.2863,2.0515,100.0,0.0,0.0,0.0,24.125,0.0,25.25,0.0,25.25,0.0,24.125,10.0,0.0,0.0115,52.8066,5.2806,2.0,12.2289,1.435,0.5292,1.4214,0.4051,1.4078,1.393e-05,1.077,0.0006,2.5805,11.0,0.0861,1.0023,0.1595,2.4247,0.0064,1.0293,0.0305,1.706,0.0,0.0,64.0,2.5354,24.0,24.0,37.0,36.0,15.0,0.0,0.0,0.0,0.0,41.1291,0.0,41.1917,0.0,0.0
5340.0,1.7383,0.0923,1.0,0.08,1.2022,2.0529,1.0529,2.28,1.28,26.5138,2.0606,26.2959,2.0518,100.0,0.0,0.0,0.0,24.125,0.0,25.375,0.0,25.25,0.0,24.125,10.0,0.0,0.0122,52.8061,5.2806,2.0,12.1868,1.4344,0.474,1.4153,0.4064,1.408,1.4e-05,1.0781,0.0006,2.5806,11.0,0.0859,1.0023,0.1183,2.2948,0.0066,1.0404,0.0267,1.6489,0.0,0.0,64.0,3.164,24.0,24.0,37.0,36.0,13.0,0.0,0.0,0.0,0.0,41.1296,0.0,41.1921,0.0,0.0
5341.0,1.7389,0.0924,1.0,0.0801,1.2026,2.0524,1.0524,2.2794,1.2794,26.6047,2.0642,26.3088,2.0524,100.0,0.0,0.0,0.0,24.125,0.0,25.25,0.0,25.375,0.0,24.25,10.0,0.0,0.012,52.8055,5.2805,2.0,12.293,1.4359,0.5388,1.4224,0.4122,1.4086,1.417e-05,1.081,0.0006,2.5806,11.0,0.0865,1.0023,0.118,2.2939,0.0059,0.9901,0.0289,1.6833,0.0,0.0,64.0,4.0395,24.0,24.0,37.0,36.0,13.0,0.0,0.0,0.0,0.0,41.1294,0.0,41.1913,0.0,0.0
5342.0,1.7384,0.0923,1.0,0.0802,1.2029,2.0522,1.0522,2.2799,1.2799,26.7534,2.0701,26.3104,2.0524,100.0,0.0,0.0,0.0,24.125,0.0,25.25,0.0,25.25,0.0,24.25,10.0,0.0,0.0126,52.8051,5.2805,2.0,12.3666,1.4369,0.4633,1.4142,0.4094,1.4083,1.427e-05,1.0825,0.0006,2.5814,11.0,0.0857,1.0023,0.1294,2.3336,0.0062,1.0134,0.0452,1.8768,0.0,0.0,64.0,4.7509,24.0,24.0,37.0,36.0,15.0,0.0,0.0,0.0,0.0,41.1289,0.0,41.192,0.0,0.0
5343.0,1.7379,0.0922,1.0,0.0801,1.2025,2.0527,1.0527,2.2802,1.2802,26.7211,2.0688,26.2996,2.052,100.0,0.0,0.0,0.0,24.125,0.0,25.375,0.0,25.25,0.0,24.25,10.0,0.0,0.0118,52.8045,5.2804,2.0,12.2332,1.435,0.4586,1.4137,0.4047,1.4078,1.428e-05,1.0828,0.0006,2.5822,11.0,0.0844,1.0023,0.119,2.2974,0.007,1.0696,0.0406,1.8301,0.0,0.0,64.0,5.5025,24.0,24.0,37.0,36.0,14.0,0.0,0.0,0.0,0.0,41.1298,0.0,41.192,0.0,0.0
5344.0,1.7379,0.0922,1.0,0.08,1.2024,2.0529,1.0529,2.2798,1.2798,26.6352,2.0654,26.2969,2.0519,100.0,0.0,0.0,0.0,24.125,0.0,25.375,0.0,25.25,0.0,24.25,10.0,0.0,0.012,52.8043,5.2804,2.0,12.3626,1.4368,0.6361,1.433,0.4003,1.4073,1.434e-05,1.0837,0.0006,2.5828,11.0,0.0872,1.0023,0.1258,2.3214,0.0059,0.9924,0.0385,1.8076,0.0,0.0,64.0,6.1354,24.0,24.0,37.0,36.0,14.0,0.0,0.0,0.0,0.0,41.1296,0.0,41.1923,0.0,0.0
5345.0,1.7379,0.0922,1.0,0.0799,1.202,2.0525,1.0525,2.28,1.28,26.5138,2.0606,26.2862,2.0514,100.0,0.0,0.0,0.0,24.0,0.0,25.375,0.0,25.25,0.0,24.25,10.0,0.0,0.0117,52.8034,5.2803,2.0,13.2117,1.4484,0.8341,1.4546,0.4074,1.4081,1.454e-05,1.0869,0.0006,2.5833,11.0,0.0837,1.0022,0.1869,2.4935,0.0065,1.0352,0.0393,1.8159,0.0,0.0,64.0,6.9654,25.0,24.0,37.0,36.0,14.0,0.0,0.0,0.0,0.0,41.1299,0.0,41.1923,0.0,0.0
5346.0,1.7379,0.0922,1.0,0.0798,1.2016,2.0519,1.0519,2.2798,1.2798,26.5814,2.0633,26.2968,2.0519,100.0,0.0,0.0,0.0,24.125,0.0,25.375,0.0,25.5,0.0,24.0,10.0,0.0,0.0121,52.8028,5.2802,2.0,13.491,1.452,0.8629,1.4578,0.4064,1.408,1.461e-05,1.088,0.0006,2.5836,11.0,0.0824,1.0022,0.1758,2.4669,0.0059,0.9958,0.0337,1.7493,0.0,0.0,64.0,7.6735,25.0,24.0,37.0,36.0,14.0,0.0,0.0,0.0,0.0,41.1295,0.0,41.1922,0.0,0.0
5347.0,1.738,0.0923,1.0,0.0799,1.2021,2.0518,1.0518,2.2799,1.2799,26.7552,2.0702,26.3029,2.0521,100.0,0.0,0.0,0.0,24.25,0.0,25.375,0.0,25.375,0.0,24.25,10.0,0.0,0.0124,52.8025,5.2803,2.0,13.4047,1.4509,0.7752,1.4482,0.4015,1.4074,1.463e-05,1.0884,0.0006,2.5807,11.0,0.0852,1.0023,0.1655,2.4406,0.0061,1.0083,0.0346,1.7604,0.0,0.0,64.0,8.4568,25.0,24.0,37.0,36.0,13.0,0.0,0.0,0.0,0.0,41.1297,0.0,41.192,0.0,0.0
5348.0,1.7399,0.0925,1.0,0.0799,1.202,2.0522,1.0522,2.2803,1.2803,26.7564,2.0703,26.2958,2.0518,100.0,0.0,0.0,0.0,24.125,0.0,25.25,0.0,25.375,0.0,24.125,10.0,0.0,0.0123,52.8017,5.2801,2.0,13.4685,1.4517,0.7642,1.447,0.4052,1.4078,1.475e-05,1.0903,0.0006,2.5811,11.0,0.0832,1.0022,0.129,2.3326,0.0053,0.9471,0.0357,1.7744,0.0,0.0,64.0,9.085,25.0,24.0,37.0,36.0,15.0,0.0,0.0,0.0,0.0,41.1292,0.0,41.1916,0.0,0.0
5349.0,1.7399,0.0925,1.0,0.0797,1.2014,2.0525,1.0525,2.2803,1.2803,26.6516,2.0661,26.2889,2.0516,100.0,0.0,0.0,0.0,24.125,0.0,25.25,0.0,25.375,0.0,24.25,10.0,0.0,0.0123,52.8013,5.2801,2.0,13.3914,1.4507,0.6901,1.4389,0.4029,1.4076,1.489e-05,1.0925,0.0006,2.581,11.0,0.0794,1.0021,0.1439,2.38,0.0056,0.9725,0.0297,1.6947,0.0,0.0,64.0,9.7443,24.0,24.0,37.0,36.0,15.0,0.0,0.0,0.0,0.0,41.1294,0.0,41.1916,0.0,0.0
5350.0,1.74,0.0925,1.0,0.0798,1.2018,2.0529,1.0529,2.28,1.28,26.5178,2.0607,26.2854,2.0514,100.0,0.0,0.0,0.0,24.125,0.0,25.25,0.0,25.375,0.0,24.125,10.0,0.0,0.0115,52.8008,5.2801,2.0,13.3493,1.4502,0.6002,1.4291,0.3995,1.4072,1.49e-05,1.0926,0.0006,2.5822,11.0,0.0781,1.0021,0.1467,2.3884,0.0059,0.9922,0.0497,1.9179,0.0,0.0,64.0,10.647,24.0,24.0,37.0,36.0,14.0,0.0,0.0,0.0,0.0,41.1295,0.0,41.1919,0.0,0.0
5351.0,1.74,0.0925,1.0,0.0801,1.2027,2.0523,1.0523,2.2798,1.2798,26.5588,2.0624,26.3051,2.0522,100.0,0.0,0.0,0.0,24.125,0.0,25.25,0.0,25.375,0.0,24.25,10.0,0.0,0.0124,52.8002,5.28,2.0,13.4694,1.4517,0.6194,1.4312,0.4008,1.4074,1.503e-05,1.0946,0.0006,2.5825,11.0,0.0817,1.0022,0.1163,2.2875,0.0063,1.0192,0.0422,1.8476,0.0,0.0,64.0,11.3184,24.0,24.0,37.0,36.0,13.0,0.0,0.0,0.0,0.0,41.1292,0.0,41.1924,0.0,0.0
5352.0,1.741,0.0926,1.0,0.0801,1.2026,2.052,1.052,2.2799,1.2799,26.724,2.069,26.3129,2.0525,100.0,0.0,0.0,0.0,24.125,0.0,25.25,0.0,25.5,0.0,24.125,10.0,0.0,0.0123,52.8003,5.28,2.0,13.3959,1.4508,0.5331,1.4218,0.403,1.4076,1.512e-05,1.0961,0.0006,2.5828,11.0,0.0843,1.0022,0.1103,2.2645,0.0059,0.9963,0.0446,1.8715,0.0,0.0,64.0,12.031,24.0,24.0,37.0,36.0,15.0,0.0,0.0,0.0,0.0,41.1287,0.0,41.1917,0.0,0.0
5353.0,1.742,0.0928,1.0,0.0801,1.2026,2.0526,1.0526,2.2803,1.2803,26.7492,2.07,26.2959,2.0518,100.0,0.0,0.0,0.0,24.125,0.0,25.25,0.0,25.25,0.0,24.125,10.0,0.0,0.0124,52.7996,5.2799,2.0,13.1591,1.4477,0.4937,1.4175,0.3937,1.4066,1.518e-05,1.097,0.0006,2.5838,11.0,0.0842,1.0022,0.1136,2.2771,0.0062,1.0177,0.0381,1.8027,0.0,0.0,64.0,12.7794,24.0,24.0,37.0,36.0,13.0,0.0,0.0,0.0,0.0,41.129,0.0,41.1921,0.0,0.0
5354.0,1.7428,0.0929,1.0,0.0801,1.2024,2.0526,1.0526,2.2801,1.2801,26.6539,2.0662,26.2882,2.0515,100.0,0.0,0.0,0.0,24.125,0.0,25.25,0.0,25.375,0.0,24.25,10.0,0.0,0.012,52.7988,5.2798,2.0,13.208,1.4483,0.4156,1.409,0.389,1.4061,1.519e-05,1.0971,0.0006,2.5837,11.0,0.0853,1.0023,0.1168,2.2893,0.0062,1.0138,0.0396,1.8198,0.0,0.0,64.0,13.447,24.0,24.0,37.0,36.0,13.0,0.0,0.0,0.0,0.0,41.1301,0.0,41.1922,0.0,0.0
5355.0,1.7427,0.0928,1.0,0.0799,1.2021,2.0529,1.0529,2.2798,1.2798,26.5332,2.0613,26.2843,2.0514,100.0,0.0,0.0,0.0,24.125,0.0,25.25,0.0,25.375,0.0,24.125,10.0,0.0,0.0118,52.7981,5.2798,2.0,13.0721,1.4465,0.3463,1.4014,0.3927,1.4065,1.531e-05,1.099,0.0006,2.5843,11.0,0.0836,1.0022,0.1164,2.2878,0.0061,1.0036,0.0389,1.8121,0.0,0.0,64.0,14.2336,24.0,24.0,37.0,36.0,14.0,0.0,0.0,0.0,0.0,41.1295,0.0,41.1921,0.0,0.0
5356.0,1.7421,0.0928,1.0,0.0798,1.2017,2.0527,1.0527,2.2797,1.2797,26.5408,2.0616,26.3034,2.0521,100.0,0.0,0.0,0.0,24.125,0.0,25.25,0.0,25.375,0.0,24.25,10.0,0.0,0.0118,52.7975,5.2797,2.0,12.9804,1.4453,0.3137,1.3979,0.3903,1.4062,1.542e-05,1.1005,0.0006,2.5849,11.0,0.0853,1.0023,0.1003,2.2231,0.0057,0.9754,0.0348,1.7633,0.0,0.0,64.0,14.9741,24.0,24.0,37.0,36.0,14.0,0.0,0.0,0.0,0.0,41.1299,0.0,41.1919,0.0,0.0
5357.0,1.7411,0.0926,1.0,0.0799,1.2019,2.0523,1.0523,2.2797,1.2797,26.6874,2.0675,26.3141,2.0526,100.0,0.0,0.0,0.0,24.125,0.0,25.375,0.0,25.25,0.0,24.25,10.0,0.0,0.0122,52.7975,5.2797,2.0,12.9261,1.4446,0.2749,1.3936,0.389,1.4061,1.549e-05,1.1016,0.0006,2.585,11.0,0.0839,1.0022,0.0989,2.2172,0.0055,0.964,0.0364,1.7826,0.0,0.0,64.0,15.7245,24.0,24.0,37.0,36.0,15.0,0.0,0.0,0.0,0.0,41.1298,0.0,41.1921,0.0,0.0
5358.0,1.741,0.0926,1.0,0.0798,1.2017,2.0526,1.0526,2.2799,1.2799,26.7502,2.07,26.3063,2.0523,100.0,0.0,0.0,0.0,24.125,0.0,25.375,0.0,25.375,0.0,24.125,10.0,0.0,0.0121,52.7968,5.2796,2.0,12.768,1.4424,0.1794,1.3832,0.3791,1.405,1.544e-05,1.1009,0.0006,2.5858,11.0,0.0814,1.0022,0.0972,2.2094,0.006,0.9976,0.034,1.7535,0.0,0.0,64.0,16.4471,24.0,24.0,37.0,36.0,14.0,0.0,0.0,0.0,0.0,41.1295,0.0,41.1916,0.0,0.0
5359.0,1.7411,0.0926,1.0,0.0796,1.2013,2.0529,1.0529,2.2797,1.2797,26.6718,2.0669,26.2988,2.052,100.0,0.0,0.0,0.0,24.125,0.0,25.25,0.0,25.25,0.0,24.25,10.0,0.0,0.0121,52.7964,5.2796,2.0,12.5795,1.4399,0.1124,1.3759,0.3762,1.4047,1.554e-05,1.1024,0.0006,2.5824,11.0,0.0782,1.0021,0.0916,2.1838,0.006,1.0013,0.0452,1.8773,0.0,0.0,64.0,17.1153,24.0,24.0,37.0,36.0,16.0,0.0,0.0,0.0,0.0,41.1294,0.0,41.1918,0.0,0.0
5360.0,1.74,0.0925,1.0,0.0799,1.202,2.0529,1.0529,2.2796,1.2796,26.56,2.0624,26.2954,2.0518,100.0,0.0,0.0,0.0,24.125,0.0,25.375,0.0,25.375,0.0,24.125,10.0,0.0,0.0116,52.7961,5.2796,2.0,12.364,1.4369,0.0234,1.3662,0.3794,1.405,1.571e-05,1.105,0.0006,2.5823,11.0,0.0778,1.0021,0.0793,2.1209,0.0066,1.0392,0.0449,1.8738,0.0,0.0,64.0,17.9181,24.0,24.0,37.0,36.0,14.0,0.0,0.0,0.0,0.0,41.1289,0.0,41.1921,0.0,0.0
5361.0,1.7411,0.0926,1.0,0.0799,1.2021,2.053,1.053,2.2795,1.2795,26.5276,2.0611,26.308,2.0523,100.0,0.0,0.0,0.0,24.0,0.0,25.25,0.0,25.375,0.0,24.125,10.0,0.0,0.0118,52.7959,5.2796,2.0,12.3048,1.436,0.0402,1.368,0.3724,1.4043,1.573e-05,1.1052,0.0006,2.5832,11.0,0.0811,1.0022,0.0738,2.09,0.0063,1.0193,0.0418,1.8425,0.0,0.0,64.0,18.6812,24.0,24.0,37.0,36.0,15.0,0.0,0.0,0.0,0.0,41.1291,0.0,41.1919,0.0,0.0
5362.0,1.7414,0.0927,1.0,0.0803,1.203,2.0527,1.0527,2.2794,1.2794,26.6597,2.0664,26.3221,2.0529,100.0,0.0,0.0,0.0,24.0,0.0,25.25,0.0,25.375,0.0,24.125,10.0,0.0,0.0116,52.7956,5.2795,2.0,12.4725,1.4384,0.0523,1.3693,0.369,1.4039,1.576e-05,1.1057,0.0006,2.5837,11.0,0.0821,1.0022,0.0785,2.1164,0.0058,0.9877,0.0551,1.9627,0.0,0.0,64.0,19.3944,24.0,24.0,37.0,36.0,14.0,0.0,0.0,0.0,0.0,41.129,0.0,41.192,0.0,0.0
5363.0,1.74,0.0925,1.0,0.0801,1.2026,2.0524,1.0524,2.2802,1.2802,26.7636,2.0705,26.3047,2.0522,100.0,0.0,0.0,0.0,24.125,0.0,25.5,0.0,25.375,0.0,24.25,10.0,0.0,0.0122,52.7951,5.2795,2.0,12.2839,1.4357,-0.0101,1.3625,0.3709,1.4041,1.587e-05,1.1074,0.0006,2.5838,11.0,0.0845,1.0023,0.069,2.061,0.0064,1.0287,0.0529,1.9453,0.0,0.0,64.0,20.0598,24.0,24.0,37.0,36.0,14.0,0.0,0.0,0.0,0.0,41.1291,0.0,41.1917,0.0,0.0
5364.0,1.7399,0.0925,1.0,0.0802,1.2028,2.0528,1.0528,2.28,1.28,26.6975,2.0679,26.3004,2.052,100.0,0.0,0.0,0.0,24.125,0.0,25.25,0.0,25.375,0.0,24.25,10.0,0.0,0.0117,52.7942,5.2794,2.0,12.3866,1.4372,0.0202,1.3658,0.3696,1.404,1.598e-05,1.1089,0.0006,2.5845,11.0,0.084,1.0022,0.1558,2.4143,0.0056,0.9716,0.0494,1.9155,0.0,0.0,64.0,20.8324,24.0,24.0,37.0,36.0,16.0,0.0,0.0,0.0,0.0,41.1294,0.0,41.1917,0.0,0.0
5365.0,1.74,0.0925,1.0,0.08,1.2023,2.0529,1.0529,2.2797,1.2797,26.5779,2.0631,26.2954,2.0518,100.0,0.0,0.0,0.0,24.125,0.0,25.25,0.0,25.25,0.0,24.125,10.0,0.0,0.0126,52.7935,5.2793,2.0,12.3556,1.4367,0.0624,1.3704,0.3604,1.403,1.596e-05,1.1086,0.0006,2.5849,11.0,0.0848,1.0023,0.1271,2.3259,0.0054,0.9543,0.0446,1.8713,0.0,0.0,64.0,21.6186,24.0,24.0,37.0,36.0,12.0,0.0,0.0,0.0,0.0,41.1296,0.0,41.192,0.0,0.0
5366.0,1.741,0.0926,1.0,0.0799,1.2021,2.0528,1.0528,2.2794,1.2794,26.5151,2.0606,26.3045,2.0522,100.0,0.0,0.0,0.0,24.25,0.0,25.25,0.0,25.25,0.0,24.125,10.0,0.0,0.0126,52.7931,5.2793,2.0,12.5891,1.44,0.1279,1.3776,0.3673,1.4037,1.612e-05,1.111,0.0006,2.5851,11.0,0.0841,1.0022,0.1301,2.336,0.0062,1.0111,0.0586,1.9898,0.0,0.0,64.0,22.2459,24.0,24.0,37.0,36.0,15.0,0.0,0.0,0.0,0.0,41.1296,0.0,41.1921,0.0,0.0
5367.0,1.7401,0.0925,1.0,0.0799,1.202,2.0523,1.0523,2.2794,1.2794,26.6321,2.0653,26.3177,2.0527,100.0,0.0,0.0,0.0,24.125,0.0,25.25,0.0,25.25,0.0,24.25,10.0,0.0,0.0122,52.7926,5.2792,2.0,12.5658,1.4397,0.0827,1.3727,0.3655,1.4035,1.616e-05,1.1115,0.0006,2.5856,11.0,0.0861,1.0023,0.1172,2.2909,0.0061,1.0059,0.0549,1.9612,0.0,0.0,64.0,23.0349,24.0,24.0,37.0,36.0,15.0,0.0,0.0,0.0,0.0,41.1294,0.0,41.1918,0.0,0.0
5368.0,1.739,0.0924,1.0,0.0798,1.2018,2.0523,1.0523,2.2797,1.2797,26.7628,2.0705,26.3056,2.0522,100.0,0.0,0.0,0.0,24.125,0.0,25.25,0.0,25.25,0.0,24.125,10.0,0.0,0.0115,52.7922,5.2792,2.0,12.3149,1.4362,0.0079,1.3645,0.3571,1.4026,1.622e-05,1.1123,0.0006,2.586,11.0,0.0865,1.0023,0.0986,2.2158,0.0059,0.9933,0.0544,1.9578,0.0,0.0,64.0,23.7107,24.0,24.0,37.0,36.0,15.0,0.0,0.0,0.0,0.0,41.1295,0.0,41.1922,0.0,0.0
5369.0,1.7379,0.0922,1.0,0.0798,1.2018,2.0528,1.0528,2.2798,1.2798,26.6998,2.068,26.2965,2.0519,100.0,0.0,0.0,0.0,24.125,0.0,25.25,0.0,25.25,0.0,24.125,10.0,0.0,0.0117,52.792,5.2792,2.0,12.2183,1.4348,-0.0587,1.3572,0.3638,1.4033,1.638e-05,1.1146,0.0006,2.5862,11.0,0.0849,1.0023,0.1124,2.2727,0.0058,0.9856,0.0564,1.9731,0.0,0.0,64.0,24.5014,24.0,24.0,37.0,36.0,15.0,0.0,0.0,0.0,0.0,41.1295,0.0,41.1922,0.0,0.0
5370.0,1.7379,0.0922,1.0,0.08,1.2022,2.0525,1.0525,2.2801,1.2801,26.5975,2.0639,26.2868,2.0515,100.0,0.0,0.0,0.0,24.125,0.0,25.375,0.0,25.375,0.0,24.125,10.0,0.0,0.0123,52.7916,5.2791,2.0,12.1679,1.4341,-0.0378,1.3595,0.3585,1.4027,1.643e-05,1.1154,0.0006,2.5871,11.0,0.0857,1.0023,0.112,2.2711,0.0056,0.9725,0.0567,1.9756,0.0,0.0,64.0,25.256,24.0,24.0,36.0,36.0,14.0,0.0,0.0,0.0,0.0,41.1296,0.0,41.1917,0.0,0.0
5371.0,1.7387,0.0923,1.0,0.0799,1.202,2.0528,1.0528,2.2796,1.2796,26.5093,2.0604,26.2894,2.0516,100.0,0.0,0.0,0.0,24.125,0.0,25.375,0.0,25.25,0.0,24.125,10.0,0.0,0.0121,52.7906,5.279,2.0,12.1581,1.4339,-0.0211,1.3613,0.352,1.402,1.645e-05,1.1156,0.0006,2.5871,11.0,0.0831,1.0022,0.0992,2.2185,0.0059,0.995,0.052,1.9376,0.0,0.0,64.0,25.8899,24.0,24.0,36.0,36.0,15.0,0.0,0.0,0.0,0.0,41.1295,0.0,41.1916,0.0,0.0
5372.0,1.7409,0.0926,1.0,0.0798,1.2018,2.0523,1.0523,2.2794,1.2794,26.6274,2.0651,26.3102,2.0524,100.0,0.0,0.0,0.0,24.0,0.0,25.25,0.0,25.25,0.0,24.125,10.0,0.0,0.0125,52.7902,5.279,2.0,12.293,1.4359,0.0659,1.3708,0.3583,1.4027,1.659e-05,1.1176,0.0006,2.5869,11.0,0.0802,1.0021,0.091,2.181,0.0064,1.0269,0.0587,1.9905,0.0,0.0,64.0,26.679,24.0,24.0,36.0,36.0,15.0,0.0,0.0,0.0,0.0,41.1292,0.0,41.1918,0.0,0.0
5373.0,1.7401,0.0925,1.0,0.08,1.2022,2.0522,1.0522,2.2797,1.2797,26.7613,2.0705,26.3039,2.0522,100.0,0.0,0.0,0.0,24.125,0.0,25.25,0.0,25.375,0.0,24.125,10.0,0.0,0.0116,52.7902,5.279,2.0,12.464,1.4383,0.026,1.3665,0.3524,1.4021,1.664e-05,1.1183,0.0006,2.5911,11.0,0.0814,1.0022,0.1507,2.3999,0.0063,1.024,0.0631,2.0216,0.0,0.0,64.0,27.4004,24.0,24.0,36.0,36.0,13.0,0.0,0.0,0.0,0.0,41.1295,0.0,41.1917,0.0,0.0
5374.0,1.7399,0.0925,1.0,0.0803,1.203,2.0528,1.0528,2.2799,1.2799,26.738,2.0695,26.3014,2.0521,100.0,0.0,0.0,0.0,24.125,0.0,25.125,0.0,25.25,0.0,24.125,10.0,0.0,0.0126,52.7895,5.2789,2.0,12.3209,1.4363,0.0427,1.3683,0.3475,1.4015,1.667e-05,1.1187,0.0006,2.591,11.0,0.0833,1.0022,0.1472,2.3897,0.0055,0.9654,0.0564,1.9734,0.0,0.0,64.0,27.9463,24.0,24.0,37.0,36.0,15.0,0.0,0.0,0.0,0.0,41.1287,0.0,41.1915,0.0,0.0
5375.0,1.74,0.0925,1.0,0.08,1.2022,2.0529,1.0529,2.2797,1.2797,26.6098,2.0644,26.2969,2.0519,100.0,0.0,0.0,0.0,24.125,0.0,25.25,0.0,25.25,0.0,24.125,10.0,0.0,0.0119,52.7889,5.2789,2.0,12.4495,1.4381,0.0403,1.368,0.3538,1.4022,1.681e-05,1.1207,0.0006,2.5911,11.0,0.0829,1.0022,0.1448,2.3827,0.0056,0.968,0.0548,1.9604,0.0,0.0,64.0,28.5067,24.0,24.0,37.0,36.0,13.0,0.0,0.0,0.0,0.0,41.1293,0.0,41.1915,0.0,0.0
5376.0,1.7399,0.0925,1.0,0.0802,1.2027,2.0528,1.0528,2.2795,1.2795,26.5033,2.0601,26.2978,2.0519,100.0,0.0,0.0,0.0,24.125,0.0,25.25,0.0,25.375,0.0,24.125,10.0,0.0,0.012,52.7887,5.2789,2.0,12.4842,1.4385,0.0921,1.3737,0.349,1.4017,1.685e-05,1.1213,0.0006,2.5912,11.0,0.0839,1.0022,0.1437,2.3794,0.0059,0.9939,0.0537,1.9521,0.0,0.0,64.0,29.2251,24.0,24.0,37.0,36.0,13.0,0.0,0.0,0.0,0.0,41.13,0.0,41.1918,0.0,0.0
5377.0,1.74,0.0925,1.0,0.0802,1.2027,2.0524,1.0524,2.2794,1.2794,26.6108,2.0644,26.3141,2.0526,100.0,0.0,0.0,0.0,24.0,0.0,25.375,0.0,25.25,0.0,24.25,10.0,0.0,0.0117,52.7881,5.2788,2.0,12.5783,1.4398,0.1281,1.3776,0.3391,1.4006,1.684e-05,1.1211,0.0006,2.5918,11.0,0.0853,1.0023,0.1193,2.2985,0.0064,1.0295,0.0698,2.0655,0.0,0.0,0.0,29.9011,24.0,24.0,37.0,36.0,15.0,0.0,0.0,0.0,0.0,41.1294,0.0,41.1917,0.0,0.0
5378.0,1.74,0.0925,1.0,0.08,1.2021,2.0522,1.0522,2.2796,1.2796,26.7563,2.0703,26.3074,2.0523,100.0,0.0,0.0,0.0,24.125,0.0,25.25,0.0,25.25,0.0,24.125,10.0,0.0,0.0119,52.7878,5.2788,2.0,12.6114,1.4403,0.1101,1.3756,0.3455,1.4013,1.702e-05,1.1235,0.0006,2.5915,11.0,0.0832,1.0022,0.1009,2.2257,0.0059,0.9942,0.0611,2.008,0.0,0.0,0.0,29.9902,24.0,24.0,37.0,36.0,14.0,0.0,0.0,0.0,0.0,41.1292,0.0,41.1919,0.0,0.0
5379.0,1.74,0.0925,1.0,0.0798,1.2018,2.0527,1.0527,2.2799,1.2799,26.7384,2.0695,26.2928,2.0517,100.0,0.0,0.0,0.0,24.125,0.0,25.25,0.0,25.25,0.0,24.125,10.0,0.0,0.0125,52.7877,5.2788,2.0,12.5362,1.4393,0.0955,1.3741,0.341,1.4008,1.707e-05,1.1242,0.0006,2.5885,11.0,0.084,1.0022,0.1369,2.3581,0.0054,0.9554,0.06,1.9998,0.0,0.0,0.0,29.989,24.0,24.0,37.0,36.0,15.0,0.0,0.0,0.0,0.0,41.1286,0.0,41.1915,0.0,0.0
5380.0,1.74,0.0925,1.0,0.0799,1.2021,2.0528,1.0528,2.2798,1.2798,26.6389,2.0656,26.291,2.0516,100.0,0.0,0.0,0.0,24.125,0.0,25.25,0.0,25.25,0.0,24.125,10.0,0.0,0.0123,52.7871,5.2787,2.0,12.729,1.4419,0.1765,1.3829,0.3366,1.4004,1.705e-05,1.124,0.0006,2.5885,11.0,0.0817,1.0022,0.1608,2.4281,0.0058,0.9887,0.0502,1.9225,0.0,0.0,0.0,29.9883,24.0,24.0,37.0,36.0,15.0,0.0,0.0,0.0,0.0,41.1292,0.0,41.1916,0.0,0.0
5381.0,1.74,0.0925,1.0,0.0798,1.2016,2.0533,1.0533,2.2796,1.2796,26.5216,2.0609,26.2952,2.0518,100.0,0.0,0.0,0.0,24.125,0.0,25.25,0.0,25.25,0.0,24.125,10.0,0.0,0.0124,52.7865,5.2786,2.0,12.9443,1.4448,0.2328,1.389,0.3411,1.4009,1.723e-05,1.1264,0.0006,2.588,11.0,0.083,1.0022,0.1814,2.4805,0.0067,1.0452,0.0561,1.9707,0.0,0.0,0.0,29.9872,24.0,24.0,37.0,36.0,15.0,0.0,0.0,0.0,0.0,41.1293,0.0,41.192,0.0,0.0
5382.0,1.74,0.0925,1.0,0.0797,1.2015,2.0526,1.0526,2.2794,1.2794,26.5554,2.0622,26.3132,2.0525,100.0,0.0,0.0,0.0,24.125,0.0,25.25,0.0,25.25,0.0,24.125,10.0,0.0,0.0118,52.786,5.2786,2.0,13.043,1.4462,0.3119,1.3977,0.3356,1.4002,1.728e-05,1.1271,0.0006,2.5883,11.0,0.0763,1.002,0.1272,2.3262,0.0058,0.9886,0.051,1.929,0.0,0.0,0.0,29.9867,24.0,24.0,36.0,36.0,14.0,0.0,0.0,0.0,0.0,41.1293,0.0,41.192,0.0,0.0
5383.0,1.7382,0.0923,1.0,0.0799,1.202,2.0522,1.0522,2.2795,1.2795,26.74,2.0696,26.3193,2.0528,100.0,0.0,0.0,0.0,24.25,0.0,25.25,0.0,25.25,0.0,24.125,10.0,0.0,0.0115,52.7857,5.2786,2.0,13.2114,1.4484,0.2777,1.3939,0.3338,1.4,1.731e-05,1.1274,0.0006,2.5888,11.0,0.082,1.0022,0.1403,2.3688,0.0066,1.044,0.0715,2.0763,0.0,0.0,0.0,29.9862,24.0,24.0,36.0,36.0,15.0,0.0,0.0,0.0,0.0,41.1297,0.0,41.1917,0.0,0.0
5384.0,1.739,0.0924,1.0,0.0801,1.2024,2.0528,1.0528,2.28,1.28,26.7477,2.0699,26.3063,2.0523,100.0,0.0,0.0,0.0,24.0,0.0,25.25,0.0,25.25,0.0,24.125,10.0,0.0,0.0115,52.7852,5.2785,2.0,13.2377,1.4487,0.3228,1.3988,0.336,1.4003,1.747e-05,1.1296,0.0006,2.5887,11.0,0.0854,1.0023,0.1341,2.3492,0.0068,1.0528,0.0586,1.9898,0.0,0.0,0.0,29.9866,24.0,24.0,36.0,36.0,13.0,0.0,0.0,0.0,0.0,41.13,0.0,41.1923,0.0,0.0
5385.0,1.7396,0.0925,1.0,0.08,1.2022,2.0533,1.0533,2.2798,1.2798,26.6486,2.0659,26.2977,2.0519,100.0,0.0,0.0,0.0,24.0,0.0,25.25,0.0,25.25,0.0,24.125,10.0,0.0,0.0113,52.7847,5.2785,2.0,13.4248,1.4512,0.3647,1.4034,0.3333,1.4,1.746e-05,1.1295,0.0006,2.5896,11.0,0.0847,1.0023,0.1217,2.3073,0.0052,0.938,0.0601,2.0008,0.0,0.0,0.0,29.9859,24.0,24.0,36.0,36.0,13.0,0.0,0.0,0.0,0.0,41.1302,0.0,41.1925,0.0,0.0
5386.0,1.74,0.0925,1.0,0.0798,1.2018,2.053,1.053,2.2796,1.2796,26.5216,2.0609,26.2945,2.0518,100.0,0.0,0.0,0.0,24.125,0.0,25.25,0.0,25.25,0.0,24.125,10.0,0.0,0.0119,52.7843,5.2784,2.0,14.3121,1.4623,0.8704,1.4586,0.3357,1.4003,1.766e-05,1.1321,0.0006,2.5891,11.0,0.0862,1.0023,0.1361,2.3557,0.0059,0.9918,0.0526,1.9431,0.0,0.0,0.0,29.9858,24.0,24.0,36.0,36.0,15.0,0.0,0.0,0.0,0.0,41.1305,0.0,41.1928,0.0,0.0
5387.0,1.74,0.0925,1.0,0.0797,1.2014,2.0526,1.0526,2.2794,1.2794,26.5577,2.0623,26.3133,2.0525,100.0,0.0,0.0,0.0,24.125,0.0,25.375,0.0,25.25,0.0,24.125,10.0,0.0,0.0121,52.7837,5.2784,2.0,14.7955,1.4681,0.7896,1.4498,0.3283,1.3995,1.763e-05,1.1317,0.0006,2.5892,11.0,0.0787,1.0021,0.1168,2.2893,0.0066,1.0385,0.0555,1.9662,0.0,0.0,0.0,29.9851,24.0,24.0,36.0,36.0,15.0,0.0,0.0,0.0,0.0,41.1296,0.0,41.1924,0.0,0.0
5388.0,1.74,0.0925,1.0,0.0799,1.202,2.0522,1.0522,2.2794,1.2794,26.7215,2.0689,26.3125,2.0525,100.0,0.0,0.0,0.0,24.125,0.0,25.375,0.0,25.25,0.0,24.125,10.0,0.0,0.0124,52.7833,5.2783,2.0,14.9117,1.4694,0.8274,1.4539,0.335,1.4002,1.78e-05,1.1339,0.0006,2.5899,11.0,0.0798,1.0021,0.1205,2.303,0.0056,0.9682,0.049,1.9118,0.0,0.0,0.0,29.9853,24.0,24.0,36.0,36.0,13.0,0.0,0.0,0.0,64.0,41.1884,0.0,41.1925,0.0,0.0
5389.0,1.741,0.0926,1.0,0.0797,1.2014,2.0526,1.0526,2.2799,1.2799,26.7521,2.0701,26.307,2.0523,100.0,0.0,0.0,0.0,24.0,0.0,25.25,0.0,25.25,0.0,24.25,10.0,0.0,0.0118,52.783,5.2783,2.0,14.8803,1.469,0.7615,1.4467,0.3267,1.3993,1.784e-05,1.1345,0.0006,2.5895,11.0,0.0773,1.0021,0.2096,2.5432,0.0061,1.0058,0.0525,1.9424,0.0,0.0,0.0,29.9844,24.0,24.0,36.0,36.0,15.0,0.0,0.0,0.0,64.0,41.3249,0.0,41.192,0.0,0.0
5390.0,1.741,0.0926,1.0,0.0798,1.2018,2.0532,1.0532,2.2797,1.2797,26.671,2.0668,26.2995,2.052,100.0,0.0,0.0,0.0,24.125,0.0,25.25,0.0,25.25,0.0,24.125,10.0,0.0,0.0126,52.7825,5.2782,2.0,14.8192,1.4683,0.7118,1.4413,0.3219,1.3988,1.783e-05,1.1343,0.0006,2.59,11.0,0.0751,1.002,0.1677,2.4464,0.0063,1.0212,0.0634,2.0236,0.0,0.0,0.0,29.9841,24.0,24.0,36.0,36.0,14.0,0.0,0.0,0.0,64.0,41.5327,0.0,41.1919,0.0,0.0
5391.0,1.7401,0.0925,1.0,0.0796,1.2011,2.0529,1.0529,2.2795,1.2795,26.5429,2.0617,26.2953,2.0518,100.0,0.0,0.0,0.0,24.125,0.0,25.25,0.0,25.25,0.0,24.125,10.0,0.0,0.0123,52.7819,5.2782,2.0,14.8154,1.4683,0.6056,1.4297,0.326,1.3992,1.798e-05,1.1364,0.0006,2.5904,11.0,0.0771,1.0021,0.1692,2.4503,0.0054,0.9555,0.0622,2.0157,0.0,0.0,0.0,29.9836,24.0,24.0,36.0,36.0,14.0,0.0,0.0,0.0,64.0,41.7124,0.0,41.1919,0.0,0.0
5392.0,1.7401,0.0925,1.0,0.0798,1.2017,2.0531,1.0531,2.2792,1.2792,26.5409,2.0616,26.3106,2.0524,100.0,0.0,0.0,0.0,24.125,0.0,25.25,0.0,25.25,0.0,24.0,10.0,0.0,0.0123,52.7818,5.2782,2.0,14.6182,1.466,0.5196,1.4203,0.3186,1.3984,1.798e-05,1.1363,0.0006,2.5942,11.0,0.0762,1.002,0.1663,2.4428,0.0065,1.0379,0.0624,2.0171,0.0,0.0,0.0,29.9836,24.0,24.0,36.0,36.0,13.0,0.0,0.0,0.0,64.0,41.8998,0.0,41.1918,0.0,0.0
5393.0,1.7379,0.0922,1.0,0.08,1.2021,2.0527,1.0527,2.2794,1.2794,26.6997,2.068,26.3233,2.0529,100.0,0.0,0.0,0.0,24.0,0.0,25.25,0.0,25.25,0.0,24.125,10.0,0.0,0.0127,52.7812,5.2781,2.0,14.7122,1.4671,0.5987,1.429,0.3275,1.3994,1.819e-05,1.139,0.0006,2.5936,11.0,0.078,1.0021,0.1258,2.3216,0.0061,1.0052,0.0557,1.9677,0.0,0.0,0.0,29.9831,24.0,24.0,36.0,36.0,15.0,0.0,0.0,0.0,64.0,42.0556,0.0,41.1918,0.0,0.0
5394.0,1.7386,0.0923,1.0,0.0801,1.2025,2.0525,1.0525,2.2799,1.2799,26.7626,2.0705,26.3099,2.0524,100.0,0.0,0.0,0.0,24.125,0.0,25.25,0.0,25.375,0.0,24.125,10.0,0.0,0.0125,52.7808,5.2781,2.0,15.1033,1.4716,0.7142,1.4416,0.3213,1.3987,1.822e-05,1.1394,0.0006,2.5937,11.0,0.0786,1.0021,0.1224,2.3095,0.0059,0.9955,0.0548,1.9608,0.0,0.0,0.0,29.9827,24.0,24.0,37.0,36.0,12.0,0.0,0.0,0.0,64.0,42.2675,0.0,41.1913,0.0,0.0
5395.0,1.7389,0.0924,1.0,0.0796,1.2012,2.0533,1.0533,2.2798,1.2798,26.6969,2.0679,26.2993,2.052,100.0,0.0,0.0,0.0,24.125,0.0,25.25,0.0,25.375,0.0,24.125,10.0,0.0,0.012,52.7802,5.278,2.0,15.1022,1.4716,0.6021,1.4293,0.3162,1.3981,1.819e-05,1.1391,0.0006,2.5938,11.0,0.0755,1.002,0.1345,2.3506,0.0061,1.0051,0.0543,1.957,0.0,0.0,0.0,29.9824,24.0,24.0,37.0,36.0,15.0,0.0,0.0,0.0,64.0,42.4472,0.0,41.1918,0.0,0.0
5396.0,1.7389,0.0924,1.0,0.0797,1.2014,2.0533,1.0533,2.2794,1.2794,26.5636,2.0625,26.3045,2.0522,100.0,0.0,0.0,0.0,24.0,0.0,25.5,0.0,25.25,0.0,24.25,10.0,0.0,0.0122,52.7799,5.278,2.0,15.0016,1.4705,0.6836,1.4382,0.3178,1.3983,1.833e-05,1.1408,0.0006,2.5933,11.0,0.0743,1.002,0.1415,2.3725,0.0051,0.9332,0.0509,1.9284,0.0,0.0,0.0,29.9825,24.0,24.0,37.0,36.0,13.0,0.0,0.0,0.0,64.0,42.6412,0.0,41.192,0.0,0.0
5397.0,1.7387,0.0923,1.0,0.08,1.2022,2.0532,1.0532,2.2791,1.2791,26.5234,2.0609,26.3134,2.0525,100.0,0.0,0.0,0.0,24.125,0.0,25.25,0.0,25.25,0.0,24.125,10.0,0.0,0.0122,52.7798,5.2779,2.0,15.5131,1.4763,0.713,1.4414,0.3149,1.398,1.836e-05,1.1412,0.0006,2.5939,11.0,0.0773,1.0021,0.196,2.5141,0.0065,1.0325,0.0594,1.996,0.0,0.0,0.0,29.9826,24.0,24.0,37.0,36.0,13.0,0.0,0.0,0.0,64.0,42.8022,0.0,41.1921,0.0,0.0
5398.0,1.7378,0.0922,1.0,0.0799,1.2021,2.0526,1.0526,2.2794,1.2794,26.6704,2.0668,26.3207,2.0528,100.0,0.0,0.0,0.0,24.125,0.0,25.25,0.0,25.25,0.0,24.125,10.0,0.0,0.0125,52.7795,5.2779,2.0,15.3633,1.4746,0.5892,1.4279,0.3183,1.3984,1.853e-05,1.1433,0.0006,2.594,11.0,0.0802,1.0021,0.199,2.5207,0.006,1.0013,0.0576,1.9819,0.0,0.0,0.0,29.9818,24.0,24.0,36.0,36.0,14.0,0.0,0.0,0.0,64.0,43.0204,0.0,41.1914,0.0,0.0
5399.0,1.7378,0.0922,1.0,0.08,1.2023,2.0528,1.0528,2.2797,1.2797,26.7615,2.0705,26.315,2.0526,100.0,0.0,0.0,0.0,24.0,0.0,25.25,0.0,25.25,0.0,24.125,10.0,0.0,0.0117,52.7787,5.2779,2.0,15.2858,1.4737,0.5296,1.4214,0.3197,1.3985,1.858e-05,1.1439,0.0006,2.5938,11.0,0.0822,1.0022,0.1489,2.3947,0.0064,1.0303,0.0518,1.9359,0.0,0.0,0.0,29.9817,24.0,24.0,36.0,36.0,13.0,0.0,0.0,0.0,64.0,43.208,0.0,41.1914,0.0,0.0
5400.0,1.7378,0.0922,1.0,0.0801,1.2025,2.053,1.053,2.2798,1.2798,26.6878,2.0675,26.3011,2.052,100.0,0.0,0.0,0.0,24.0,0.0,25.25,0.0,25.25,0.0,24.125,10.0,0.0,0.0121,52.7783,5.2778,2.0,14.9911,1.4703,0.4017,1.4075,0.3196,1.3985,1.872e-05,1.1457,0.0006,2.5934,11.0,0.0843,1.0022,0.1724,2.4583,0.0065,1.0349,0.0537,1.9519,0.0,0.0,0.0,29.9816,24.0,24.0,36.0,36.0,14.0,0.0,0.0,0.0,64.0,43.3857,0.0,41.1916,0.0,0.0
5401.0,1.7388,0.0924,1.0,0.08,1.2022,2.0529,1.0529,2.2794,1.2794,26.5913,2.0637,26.2953,2.0518,100.0,0.0,0.0,0.0,24.0,0.0,25.25,0.0,25.25,0.0,24.125,10.0,0.0,0.0124,52.778,5.2778,2.0,14.9043,1.4693,0.3578,1.4027,0.3178,1.3983,1.872e-05,1.1457,0.0006,2.5934,11.0,0.0855,1.0023,0.2117,2.5475,0.0066,1.0409,0.0476,1.8991,0.0,0.0,0.0,29.9818,24.0,24.0,36.0,36.0,14.0,0.0,0.0,0.0,64.0,43.5772,0.0,41.1918,0.0,0.0
5402.0,1.7389,0.0924,1.0,0.0798,1.2018,2.053,1.053,2.2793,1.2793,26.5048,2.0602,26.3086,2.0523,100.0,0.0,0.0,0.0,24.125,0.0,25.25,0.0,25.375,0.0,24.125,10.0,0.0,0.0122,52.7772,5.2777,2.0,14.956,1.4699,0.3894,1.4061,0.3197,1.3985,1.889e-05,1.1477,0.0006,2.5936,11.0,0.0829,1.0022,0.1678,2.4467,0.0064,1.0309,0.0489,1.9108,0.0,0.0,0.0,29.9816,24.0,24.0,36.0,36.0,13.0,0.0,0.0,0.0,64.0,43.7931,0.0,41.1921,0.0,0.0
5403.0,1.739,0.0924,1.0,0.0801,1.2024,2.0527,1.0527,2.279,1.279,26.6431,2.0657,26.3236,2.0529,100.0,0.0,0.0,0.0,24.125,0.0,25.25,0.0,25.5,0.0,24.125,10.0,0.0,0.0117,52.7771,5.2777,2.0,15.0465,1.471,0.3578,1.4027,0.3185,1.3984,1.893e-05,1.1482,0.0006,2.5932,11.0,0.0794,1.0021,0.205,2.5337,0.0051,0.9268,0.0465,1.8891,0.0,0.0,0.0,29.982,25.0,24.0,36.0,36.0,14.0,0.0,0.0,0.0,64.0,43.9863,0.0,41.1922,0.0,0.0
5404.0,1.74,0.0925,1.0,0.0798,1.2018,2.0528,1.0528,2.2795,1.2795,26.7634,2.0705,26.3122,2.0525,100.0,0.0,0.0,0.0,24.0,0.0,25.25,0.0,25.375,0.0,24.25,10.0,0.0,0.0124,52.7766,5.2776,2.0,14.8044,1.4682,0.2662,1.3927,0.3217,1.3987,1.905e-05,1.1497,0.0006,2.5938,11.0,0.079,1.0021,0.1952,2.5123,0.006,0.9996,0.0471,1.8947,0.0,0.0,0.0,29.9816,25.0,24.0,36.0,36.0,15.0,0.0,0.0,0.0,64.0,44.1619,0.0,41.1924,0.0,0.0
5405.0,1.7408,0.0926,1.0,0.0798,1.2016,2.0531,1.0531,2.2798,1.2798,26.7235,2.0689,26.3031,2.0521,100.0,0.0,0.0,0.0,24.0,0.0,25.375,0.0,25.25,0.0,24.125,10.0,0.0,0.0126,52.7761,5.2776,2.0,14.7426,1.4674,0.1971,1.3851,0.3226,1.3988,1.913e-05,1.1507,0.0006,2.5939,11.0,0.0816,1.0022,0.2139,2.552,0.0061,1.008,0.055,1.9626,0.0,0.0,0.0,29.981,25.0,24.0,36.0,36.0,14.0,0.0,0.0,0.0,64.0,44.3489,0.0,41.1918,0.0,0.0
5406.0,1.7381,0.0923,1.0,0.0799,1.202,2.0533,1.0533,2.2793,1.2793,26.5984,2.0639,26.3008,2.052,100.0,0.0,0.0,0.0,24.125,0.0,25.25,0.0,25.5,0.0,24.125,10.0,0.0,0.0116,52.7756,5.2775,2.0,14.7114,1.4671,0.258,1.3918,0.3259,1.3992,1.926e-05,1.1522,0.0006,2.5934,11.0,0.0782,1.0021,0.1513,2.4016,0.0067,1.0504,0.0624,2.0171,0.0,0.0,0.0,29.9813,25.0,24.0,36.0,36.0,14.0,0.0,0.0,0.0,64.0,44.5677,0.0,41.1923,0.0,0.0
5407.0,1.7371,0.0921,1.0,0.0797,1.2014,2.0533,1.0533,2.2792,1.2792,26.5098,2.0604,26.3054,2.0522,100.0,0.0,0.0,0.0,24.125,0.0,25.25,0.0,25.25,0.0,24.125,10.0,0.0,0.0116,52.775,5.2775,2.0,15.0037,1.4705,0.3052,1.3969,0.33,1.3996,1.944e-05,1.1544,0.0006,2.5938,11.0,0.0802,1.0021,0.1538,2.4089,0.0069,1.0631,0.0505,1.925,0.0,0.0,0.0,29.9808,24.0,24.0,36.0,37.0,15.0,0.0,0.0,0.0,64.0,44.77,0.0,41.1919,0.0,0.0
5408.0,1.7368,0.0921,1.0,0.0799,1.202,2.0528,1.0528,2.279,1.279,26.6094,2.0644,26.3281,2.0531,100.0,0.0,0.0,0.0,24.125,0.0,25.25,0.0,25.25,0.0,24.125,10.0,0.0,0.012,52.7748,5.2775,2.0,14.8093,1.4682,0.1996,1.3854,0.3348,1.4002,1.954e-05,1.1557,0.0006,2.5949,11.0,0.0779,1.0021,0.149,2.395,0.0057,0.9771,0.0525,1.9421,0.0,0.0,0.0,29.9812,24.0,24.0,36.0,37.0,15.0,0.0,0.0,0.0,64.0,44.935,0.0,41.1919,0.0,0.0
5409.0,1.7379,0.0922,1.0,0.0798,1.2017,2.0529,1.0529,2.2792,1.2792,26.7555,2.0702,26.3246,2.053,100.0,0.0,0.0,0.0,24.125,0.0,25.25,0.0,25.375,0.0,24.25,10.0,0.0,0.0123,52.7745,5.2774,2.0,14.8492,1.4687,0.2381,1.3896,0.3431,1.4011,1.967e-05,1.1572,0.0006,2.5973,11.0,0.0769,1.002,0.1392,2.3654,0.0058,0.9857,0.0497,1.9186,0.0,0.0,0.0,29.9809,24.0,24.0,36.0,37.0,15.0,0.0,0.0,0.0,64.0,45.1082,0.0,41.1924,0.0,0.0
5410.0,1.7397,0.0925,1.0,0.0797,1.2016,2.053,1.053,2.2799,1.2799,26.7222,2.0689,26.3022,2.0521,100.0,0.0,0.0,0.0,24.25,0.0,25.25,0.0,25.25,0.0,24.25,10.0,0.0,0.0125,52.7739,5.2774,2.0,14.8694,1.4689,0.2358,1.3894,0.344,1.4012,1.981e-05,1.1589,0.0006,2.5969,11.0,0.0755,1.002,0.1481,2.3924,0.0062,1.0136,0.0502,1.9229,0.0,0.0,0.0,29.9808,24.0,24.0,36.0,37.0,13.0,0.0,0.0,0.0,64.0,45.3155,0.0,41.1921,0.0,0.0
5411.0,1.7406,0.0926,1.0,0.0798,1.2018,2.0533,1.0533,2.2798,1.2798,26.6052,2.0642,26.2957,2.0518,100.0,0.0,0.0,0.0,24.125,0.0,25.25,0.0,25.25,0.0,24.125,10.0,0.0,0.0121,52.7737,5.2774,2.0,15.0343,1.4708,0.2793,1.3941,0.3497,1.4018,2.001e-05,1.1612,0.0006,2.5969,11.0,0.0759,1.002,0.2086,2.5412,0.0058,0.9855,0.042,1.8452,0.0,0.0,0.0,29.9804,24.0,24.0,37.0,37.0,15.0,0.0,0.0,0.0,64.0,45.5049,0.0,41.1923,0.0,0.0
5412.0,1.7421,0.0928,1.0,0.0802,1.2028,2.0532,1.0532,2.2796,1.2796,26.503,2.0601,26.2973,2.0519,100.0,0.0,0.0,0.0,24.0,0.0,25.25,0.0,25.25,0.0,24.125,10.0,0.0,0.0122,52.7735,5.2773,2.0,15.0083,1.4705,0.227,1.3884,0.3575,1.4026,2.016e-05,1.1629,0.0006,2.5984,11.0,0.0803,1.0021,0.186,2.4914,0.0059,0.9951,0.0449,1.8745,0.0,0.0,0.0,29.9801,24.0,24.0,37.0,37.0,13.0,0.0,0.0,0.0,64.0,45.6993,0.0,41.1918,0.0,0.0
5413.0,1.74,0.0925,1.0,0.0799,1.2021,2.0528,1.0528,2.2794,1.2794,26.5751,2.063,26.319,2.0528,100.0,0.0,0.0,0.0,24.25,0.0,25.25,0.0,25.25,0.0,24.25,10.0,0.0,0.0114,52.7729,5.2773,2.0,14.9572,1.4699,0.278,1.394,0.3629,1.4032,2.027e-05,1.1642,0.0006,2.6003,11.0,0.0807,1.0022,0.1914,2.5038,0.0059,0.9928,0.0446,1.8713,0.0,0.0,0.0,29.9802,24.0,24.0,37.0,37.0,14.0,0.0,0.0,0.0,64.0,45.8821,0.0,41.192,0.0,0.0
5414.0,1.7386,0.0923,1.0,0.08,1.2022,2.0526,1.0526,2.2792,1.2792,26.7463,2.0699,26.3271,2.0531,100.0,0.0,0.0,0.0,24.0,0.0,25.25,0.0,25.25,0.0,24.125,10.0,0.0,0.011,52.7721,5.2771,2.0,15.3932,1.4749,0.3912,1.4063,0.3709,1.4041,2.048e-05,1.1666,0.0006,2.5999,11.0,0.0826,1.0022,0.1934,2.5084,0.0065,1.0377,0.0421,1.8456,0.0,0.0,0.0,29.9798,24.0,24.0,37.0,37.0,15.0,0.0,0.0,0.0,64.0,46.0898,0.0,41.1915,0.0,0.0
5415.0,1.7379,0.0922,1.0,0.08,1.2023,2.0533,1.0533,2.2797,1.2797,26.7233,2.0689,26.3132,2.0525,100.0,0.0,0.0,0.0,24.125,0.0,25.25,0.0,25.25,0.0,24.125,10.0,0.0,0.0115,52.772,5.2772,2.0,15.4565,1.4756,0.3428,1.401,0.3744,1.4045,2.062e-05,1.1681,0.0006,2.5998,11.0,0.0841,1.0022,0.1414,2.3722,0.0063,1.0231,0.0395,1.8188,0.0,0.0,0.0,29.9795,24.0,24.0,37.0,36.0,15.0,0.0,0.0,0.0,64.0,46.2537,0.0,41.1918,0.0,0.0
5416.0,1.7379,0.0922,1.0,0.0798,1.2018,2.0533,1.0533,2.2798,1.2798,26.6296,2.0652,26.2981,2.0519,100.0,0.0,0.0,0.0,24.125,0.0,25.5,0.0,25.375,0.0,24.125,10.0,0.0,0.0128,52.7715,5.2772,2.0,15.4137,1.4752,0.3278,1.3994,0.3827,1.4054,2.083e-05,1.1705,0.0006,2.6029,11.0,0.082,1.0022,0.1485,2.3936,0.0056,0.9705,0.0388,1.8112,0.0,0.0,0.0,29.9793,24.0,24.0,37.0,36.0,14.0,0.0,0.0,0.0,64.0,46.4282,0.0,41.1916,0.0,0.0
5417.0,1.7407,0.0926,1.0,0.08,1.2023,2.0529,1.0529,2.2796,1.2796,26.5087,2.0603,26.2918,2.0517,100.0,0.0,0.0,0.0,24.125,0.0,25.5,0.0,25.25,0.0,24.125,10.0,0.0,0.0119,52.7709,5.277,2.0,15.4765,1.4759,0.2972,1.3961,0.3873,1.4059,2.1e-05,1.1723,0.0006,2.6028,11.0,0.0821,1.0022,0.1354,2.3535,0.0061,1.005,0.0337,1.7497,0.0,0.0,0.0,29.979,24.0,24.0,37.0,36.0,14.0,0.0,0.0,0.0,64.0,46.5934,0.0,41.1914,0.0,0.0
5418.0,1.741,0.0926,1.0,0.0801,1.2025,2.0525,1.0525,2.2795,1.2795,26.561,2.0624,26.3151,2.0526,100.0,0.0,0.0,0.0,24.125,0.0,25.25,0.0,25.375,0.0,24.125,10.0,0.0,0.012,52.7706,5.277,2.0,15.4606,1.4757,0.38,1.4051,0.3977,1.407,2.122e-05,1.1748,0.0006,2.6017,11.0,0.0828,1.0022,0.1425,2.3756,0.0063,1.0233,0.0507,1.9272,0.0,0.0,0.0,29.9792,24.0,24.0,37.0,36.0,13.0,0.0,0.0,0.0,64.0,46.7675,0.0,41.1916,0.0,0.0
5419.0,1.741,0.0926,1.0,0.0798,1.2018,2.0524,1.0524,2.2794,1.2794,26.724,2.069,26.3198,2.0528,100.0,0.0,0.0,0.0,24.125,0.0,25.25,0.0,25.25,0.0,24.125,10.0,0.0,0.012,52.7702,5.277,2.0,15.8166,1.4796,0.4417,1.4118,0.4066,1.408,2.143e-05,1.1771,0.0006,2.6051,11.0,0.0841,1.0022,0.1361,2.3556,0.0057,0.976,0.0429,1.8541,0.0,0.0,0.0,29.9794,24.0,24.0,37.0,36.0,14.0,0.0,0.0,0.0,64.0,46.9763,0.0,41.1918,0.0,0.0
5420.0,1.7412,0.0927,1.0,0.08,1.2022,2.0531,1.0531,2.2794,1.2794,26.7376,2.0695,26.3055,2.0522,100.0,0.0,0.0,0.0,24.125,0.0,25.25,0.0,25.25,0.0,24.125,10.0,0.0,0.0118,52.7695,5.277,2.0,16.1527,1.4833,0.5062,1.4189,0.4146,1.4089,2.164e-05,1.1793,0.0006,2.6051,11.0,0.0842,1.0022,0.1431,2.3776,0.0059,0.996,0.0467,1.8916,0.0,0.0,0.0,29.9792,24.0,24.0,37.0,36.0,13.0,0.0,0.0,0.0,64.0,47.1513,0.0,41.1918,0.0,0.0
5421.0,1.741,0.0926,1.0,0.0801,1.2026,2.0533,1.0533,2.2794,1.2794,26.6467,2.0659,26.3015,2.0521,100.0,0.0,0.0,0.0,24.125,0.0,25.25,0.0,25.25,0.0,24.125,10.0,0.0,0.0122,52.7691,5.277,2.0,16.199,1.4838,0.4866,1.4167,0.4299,1.4105,2.189e-05,1.182,0.0006,2.6079,11.0,0.084,1.0022,0.1172,2.2908,0.0064,1.0285,0.0378,1.799,0.0,0.0,0.0,29.9788,24.0,24.0,37.0,36.0,14.0,0.0,0.0,0.0,64.0,47.3356,0.0,41.1915,0.0,0.0
5422.0,1.7417,0.0927,1.0,0.0799,1.2021,2.0533,1.0533,2.2792,1.2792,26.5143,2.0606,26.3042,2.0522,100.0,0.0,0.0,0.0,24.125,0.0,25.25,0.0,25.125,0.0,24.125,10.0,0.0,0.0118,52.769,5.2769,2.0,16.0322,1.482,0.4339,1.411,0.4366,1.4113,2.208e-05,1.1841,0.0006,2.6069,11.0,0.0841,1.0022,0.1093,2.2605,0.0054,0.9534,0.0568,1.9758,0.0,0.0,0.0,29.9785,24.0,24.0,37.0,36.0,13.0,0.0,0.0,0.0,64.0,47.4886,0.0,41.1913,0.0,0.0
5423.0,1.74,0.0925,1.0,0.0799,1.202,2.0534,1.0534,2.279,1.279,26.5528,2.0621,26.3228,2.0529,100.0,0.0,0.0,0.0,24.125,0.0,25.25,0.0,25.25,0.0,24.125,10.0,0.0,0.0117,52.7684,5.2768,2.0,16.1962,1.4838,0.4537,1.4131,0.4492,1.4126,2.231e-05,1.1864,0.0006,2.6064,11.0,0.0855,1.0023,0.1276,2.3276,0.0055,0.9587,0.0536,1.951,0.0,0.0,0.0,29.9785,25.0,24.0,37.0,36.0,13.0,0.0,0.0,0.0,64.0,47.6896,0.0,41.1916,0.0,0.0
5424.0,1.74,0.0925,1.0,0.0799,1.202,2.0531,1.0531,2.279,1.279,26.714,2.0686,26.332,2.0533,100.0,0.0,0.0,0.0,24.125,0.0,25.25,0.0,25.25,0.0,24.25,10.0,0.0,0.0114,52.7681,5.2767,2.0,16.2645,1.4845,0.4464,1.4123,0.4535,1.4131,2.249e-05,1.1883,0.0006,2.6093,11.0,0.081,1.0022,0.0943,2.1962,0.0053,0.9476,0.0496,1.9174,0.0,0.0,0.0,29.9786,25.0,24.0,37.0,36.0,14.0,0.0,0.0,0.0,64.0,47.8628,0.0,41.1914,0.0,0.0
5425.0,1.739,0.0924,1.0,0.0797,1.2013,2.0533,1.0533,2.2794,1.2794,26.7603,2.0704,26.317,2.0527,100.0,0.0,0.0,0.0,24.125,0.0,25.25,0.0,25.375,0.0,24.125,10.0,0.0,0.0121,52.7678,5.2768,2.0,16.3615,1.4855,0.4504,1.4128,0.464,1.4143,2.272e-05,1.1907,0.0006,2.6085,11.0,0.0812,1.0022,0.119,2.2974,0.0067,1.0448,0.0652,2.0361,0.0,0.0,0.0,29.9788,25.0,24.0,37.0,36.0,15.0,0.0,0.0,0.0,64.0,48.028,0.0,41.1915,0.0,0.0
5426.0,1.7381,0.0923,1.0,0.08,1.2024,2.0532,1.0532,2.2794,1.2794,26.6859,2.0674,26.3085,2.0523,100.0,0.0,0.0,0.0,24.125,0.0,25.375,0.0,25.25,0.0,24.25,10.0,0.0,0.0125,52.7674,5.2767,2.0,16.2005,1.4838,0.3554,1.4024,0.4738,1.4153,2.298e-05,1.1933,0.0006,2.6114,11.0,0.081,1.0022,0.0898,2.1754,0.0059,0.9944,0.0612,2.0083,0.0,0.0,0.0,29.9785,25.0,24.0,37.0,36.0,14.0,0.0,0.0,0.0,64.0,48.2019,0.0,41.1917,0.0,0.0
5427.0,1.7389,0.0924,1.0,0.0802,1.2029,2.0533,1.0533,2.2796,1.2796,26.5471,2.0619,26.2954,2.0518,100.0,0.0,0.0,0.0,24.125,0.0,25.25,0.0,25.25,0.0,24.125,10.0,0.0,0.0107,52.7669,5.2767,2.0,16.1259,1.483,0.3557,1.4024,0.4878,1.4169,2.329e-05,1.1964,0.0006,2.6107,11.0,0.0844,1.0023,0.0921,2.1862,0.0058,0.987,0.0646,2.032,0.0,0.0,0.0,29.9784,25.0,24.0,36.0,36.0,15.0,0.0,0.0,0.0,64.0,48.4074,0.0,41.1915,0.0,0.0
5428.0,1.7389,0.0924,1.0,0.0801,1.2024,2.0531,1.0531,2.2791,1.2791,26.5342,2.0614,26.3097,2.0524,100.0,0.0,0.0,0.0,24.125,0.0,25.25,0.0,25.25,0.0,24.125,10.0,0.0,0.0115,52.7663,5.2766,2.0,16.3945,1.4859,0.4393,1.4116,0.4992,1.4181,2.355e-05,1.199,0.0006,2.6137,11.0,0.0865,1.0023,0.0841,2.1466,0.0066,1.0446,0.0532,1.9479,0.0,0.0,0.0,29.9784,24.0,24.0,36.0,36.0,14.0,0.0,0.0,0.0,64.0,48.5704,0.0,41.192,0.0,0.0
5429.0,1.7399,0.0925,1.0,0.0798,1.2017,2.0524,1.0524,2.279,1.279,26.697,2.0679,26.3227,2.0529,100.0,0.0,0.0,0.0,24.125,0.0,25.25,0.0,25.25,0.0,24.125,10.0,0.0,0.0121,52.7658,5.2766,2.0,16.6978,1.4891,0.5135,1.4196,0.5132,1.4196,2.391e-05,1.2025,0.0006,2.6127,11.0,0.0853,1.0023,0.0855,2.1538,0.0061,1.0059,0.0684,2.0568,0.0,0.0,0.0,29.9785,24.0,24.0,36.0,36.0,13.0,0.0,0.0,0.0,64.0,48.7413,0.0,41.1919,0.0,0.0
5430.0,1.7393,0.0924,1.0,0.08,1.2022,2.0527,1.0527,2.2794,1.2794,26.7635,2.0705,26.3094,2.0524,100.0,0.0,0.0,0.0,24.125,0.0,25.25,0.0,25.25,0.0,24.125,10.0,0.0,0.0116,52.7657,5.2766,2.0,16.9309,1.4915,0.5284,1.4213,0.5201,1.4204,2.41e-05,1.2044,0.0006,2.6158,11.0,0.0833,1.0022,0.1516,2.4026,0.0056,0.9697,0.0617,2.0121,0.0,0.0,0.0,29.9781,24.0,24.0,36.0,36.0,14.0,0.0,0.0,0.0,64.0,48.9164,0.0,41.1917,0.0,0.0
5431.0,1.7398,0.0925,1.0,0.0797,1.2013,2.0534,1.0534,2.2794,1.2794,26.681,2.0672,26.3084,2.0523,100.0,0.0,0.0,0.0,24.125,0.0,25.25,0.0,25.25,0.0,24.125,10.0,0.0,0.0124,52.7649,5.2765,2.0,17.2055,1.4943,0.6106,1.4302,0.5365,1.4222,2.447e-05,1.2079,0.0006,2.6178,11.0,0.0799,1.0021,0.1569,2.4175,0.0056,0.9668,0.0634,2.0241,0.0,0.0,0.0,29.9783,24.0,24.0,36.0,36.0,15.0,0.0,0.0,0.0,64.0,49.1014,0.0,41.1915,0.0,0.0
5432.0,1.74,0.0925,1.0,0.0798,1.2018,2.0533,1.0533,2.2793,1.2793,26.5582,2.0623,26.3047,2.0522,100.0,0.0,0.0,0.0,24.0,0.0,25.25,0.0,25.25,0.0,24.25,10.0,0.0,0.0119,52.7648,5.2764,2.0,17.3189,1.4954,0.5751,1.4264,0.5404,1.4226,2.47e-05,1.21,0.0006,2.6172,11.0,0.0791,1.0021,0.1327,2.3447,0.0053,0.9438,0.0566,1.9745,0.0,0.0,0.0,29.9781,24.0,24.0,37.0,36.0,13.0,0.0,0.0,0.0,64.0,49.2992,0.0,41.1917,0.0,0.0
5433.0,1.74,0.0925,1.0,0.08,1.2022,2.0532,1.0532,2.2791,1.2791,26.5169,2.0607,26.3153,2.0526,100.0,0.0,0.0,0.0,24.125,0.0,25.25,0.0,25.25,0.0,24.125,10.0,0.0,0.0125,52.7644,5.2764,2.0,17.2417,1.4946,0.5663,1.4254,0.5529,1.424,2.494e-05,1.2124,0.0006,2.6196,11.0,0.0806,1.0021,0.1401,2.3683,0.0064,1.0313,0.0618,2.0128,0.0,0.0,0.0,29.9782,24.0,24.0,37.0,36.0,14.0,0.0,0.0,0.0,64.0,49.4856,0.0,41.1914,0.0,0.0
5434.0,1.7409,0.0926,1.0,0.0797,1.2015,2.0528,1.0528,2.279,1.279,26.6418,2.0657,26.3313,2.0533,100.0,0.0,0.0,0.0,24.0,0.0,25.25,0.0,25.375,0.0,24.125,10.0,0.0,0.0126,52.7638,5.2763,2.0,17.3738,1.496,0.5617,1.4249,0.5633,1.4251,2.526e-05,1.2153,0.0006,2.6196,11.0,0.0801,1.0021,0.1138,2.2782,0.0063,1.0223,0.0527,1.9434,0.0,0.0,0.0,29.9776,24.0,24.0,37.0,36.0,15.0,0.0,0.0,0.0,64.0,49.6463,0.0,41.1917,0.0,0.0
5435.0,1.7401,0.0925,1.0,0.0796,1.2013,2.0526,1.0526,2.2798,1.2798,26.754,2.0702,26.3104,2.0524,100.0,0.0,0.0,0.0,24.125,0.0,25.25,0.0,25.25,0.0,24.125,10.0,0.0,0.0119,52.7636,5.2763,2.0,17.5715,1.4979,0.5903,1.428,0.5759,1.4265,2.558e-05,1.2182,0.0006,2.6204,11.0,0.081,1.0022,0.0916,2.1837,0.0059,0.9917,0.0548,1.9606,0.0,0.0,0.0,29.978,24.0,24.0,37.0,36.0,15.0,0.0,0.0,0.0,64.0,49.8369,0.0,41.1916,0.0,0.0
5436.0,1.7395,0.0924,1.0,0.0797,1.2015,2.0532,1.0532,2.2798,1.2798,26.6985,2.0679,26.2997,2.052,100.0,0.0,0.0,0.0,24.0,0.0,25.375,0.0,25.25,0.0,24.25,10.0,0.0,0.0122,52.763,5.2763,2.0,18.12,1.5033,0.821,1.4532,0.5931,1.4283,2.597e-05,1.2217,0.0006,2.6228,11.0,0.0776,1.0021,0.1136,2.2774,0.0063,1.0246,0.0481,1.904,0.0,0.0,0.0,29.9778,24.0,24.0,37.0,36.0,15.0,0.0,0.0,0.0,64.0,49.9963,0.0,41.1917,0.0,0.0
5437.0,1.737,0.0921,1.0,0.0798,1.2018,2.0533,1.0533,2.2796,1.2796,26.5937,2.0637,26.3005,2.052,100.0,0.0,0.0,0.0,24.125,0.0,25.25,0.0,25.25,0.0,24.125,10.0,0.0,0.0124,52.7628,5.2762,2.0,18.4865,1.5067,0.8079,1.4518,0.5998,1.4291,2.624e-05,1.2242,0.0006,2.6256,11.0,0.0803,1.0021,0.1029,2.2342,0.0058,0.9861,0.0523,1.94,0.0,0.0,0.0,29.9781,24.0,24.0,37.0,36.0,15.0,0.0,0.0,0.0,64.0,50.2316,0.0,41.1917,0.0,0.0
5438.0,1.7369,0.0921,1.0,0.08,1.2023,2.0532,1.0532,2.2791,1.2791,26.5104,2.0604,26.3024,2.0521,100.0,0.0,0.0,0.0,24.125,0.0,25.375,0.0,25.25,0.0,24.125,10.0,0.0,0.0118,52.7623,5.2762,2.0,18.5983,1.5078,0.767,1.4473,0.6083,1.43,2.656e-05,1.227,0.0006,2.627,11.0,0.0867,1.0023,0.1011,2.2264,0.0058,0.9835,0.0466,1.89,0.0,0.0,0.0,29.9779,24.0,24.0,37.0,36.0,13.0,0.0,0.0,0.0,64.0,50.3914,0.0,41.1916,0.0,0.0
5439.0,1.7377,0.0922,1.0,0.0799,1.2021,2.0528,1.0528,2.2792,1.2792,26.644,2.0658,26.3206,2.0528,100.0,0.0,0.0,0.0,24.125,0.0,25.375,0.0,25.25,0.0,24.125,10.0,0.0,0.0126,52.762,5.2762,2.0,18.7992,1.5097,0.8101,1.452,0.6262,1.4319,2.693e-05,1.2302,0.0006,2.6261,11.0,0.0859,1.0023,0.1586,2.4222,0.0062,1.0123,0.0473,1.897,0.0,0.0,0.0,29.978,24.0,24.0,37.0,36.0,14.0,0.0,0.0,0.0,64.0,50.5822,0.0,41.1921,0.0,0.0
5440.0,1.7388,0.0923,1.0,0.0799,1.2021,2.0527,1.0527,2.2793,1.2793,26.7623,2.0705,26.3205,2.0528,100.0,0.0,0.0,0.0,24.125,0.0,25.25,0.0,25.25,0.0,24.125,10.0,0.0,0.0125,52.7615,5.2761,2.0,18.9722,1.5112,0.8225,1.4534,0.6356,1.433,2.731e-05,1.2334,0.0006,2.6286,11.0,0.0838,1.0022,0.1608,2.4281,0.0063,1.0218,0.0428,1.8532,0.0,0.0,0.0,29.9777,24.0,24.0,37.0,36.0,15.0,0.0,0.0,0.0,64.0,50.7427,0.0,41.1926,0.0,0.0
5441.0,1.7389,0.0924,1.0,0.08,1.2022,2.0534,1.0534,2.2794,1.2794,26.707,2.0683,26.3103,2.0524,100.0,0.0,0.0,0.0,24.125,0.0,25.25,0.0,25.25,0.0,24.125,10.0,0.0,0.012,52.7614,5.2761,2.0,19.1912,1.5132,0.8309,1.4543,0.6469,1.4342,2.766e-05,1.2364,0.0006,2.6306,11.0,0.0851,1.0023,0.1525,2.405,0.0059,0.9959,0.0425,1.8505,0.0,0.0,0.0,29.9783,24.0,24.0,37.0,36.0,15.0,0.0,0.0,0.0,64.0,50.9552,0.0,41.1922,0.0,0.0
5442.0,1.74,0.0925,1.0,0.0799,1.2021,2.0533,1.0533,2.2793,1.2793,26.61,2.0644,26.3017,2.0521,100.0,0.0,0.0,0.0,24.125,0.0,25.375,0.0,25.25,0.0,24.125,10.0,0.0,0.0122,52.7609,5.2761,2.0,19.6351,1.5172,0.948,1.4671,0.6605,1.4357,2.798e-05,1.2391,0.0006,2.6319,11.0,0.0844,1.0023,0.131,2.3391,0.0055,0.9623,0.0416,1.841,0.0,0.0,0.0,29.978,24.0,24.0,37.0,36.0,13.0,0.0,0.0,0.0,64.0,51.1608,0.0,41.1921,0.0,0.0
5443.0,1.7393,0.0924,1.0,0.0801,1.2027,2.0533,1.0533,2.2791,1.2791,26.501,2.06,26.3054,2.0522,100.0,0.0,0.0,0.0,24.125,0.0,25.25,0.0,25.25,0.0,24.125,10.0,0.0,0.0115,52.7607,5.276,2.0,19.8605,1.5192,1.0241,1.4754,0.6787,1.4377,2.843e-05,1.2428,0.0006,2.6311,11.0,0.0839,1.0022,0.1249,2.3183,0.0063,1.0208,0.0408,1.8328,0.0,0.0,0.0,29.9778,24.0,24.0,37.0,36.0,16.0,0.0,0.0,0.0,64.0,51.3383,0.0,41.1922,0.0,0.0
5444.0,1.7391,0.0924,1.0,0.0801,1.2026,2.0524,1.0524,2.279,1.279,26.5893,2.0636,26.317,2.0527,100.0,0.0,0.0,0.0,24.0,0.0,25.25,0.0,25.25,0.0,24.125,10.0,0.0,0.0123,52.7601,5.276,2.0,20.2968,1.523,1.0107,1.4739,0.6877,1.4387,2.882e-05,1.2459,0.0006,2.6327,11.0,0.0856,1.0023,0.12,2.3011,0.0062,1.0133,0.0343,1.7565,0.0,0.0,0.0,29.9778,24.0,24.0,37.0,36.0,12.0,0.0,0.0,0.0,64.0,51.5188,0.0,41.1918,0.0,0.0
5445.0,1.74,0.0925,1.0,0.08,1.2023,2.0522,1.0522,2.2792,1.2792,26.7725,2.0709,26.3137,2.0525,100.0,0.0,0.0,0.0,24.125,0.0,25.5,0.0,25.25,0.0,24.125,10.0,0.0,0.012,52.76,5.276,2.0,20.5773,1.5254,0.9904,1.4717,0.7005,1.4401,2.924e-05,1.2492,0.0006,2.6343,11.0,0.085,1.0023,0.1093,2.2606,0.006,1.0024,0.0366,1.785,0.0,0.0,0.0,29.9773,24.0,24.0,37.0,36.0,15.0,0.0,0.0,0.0,64.0,51.7015,0.0,41.1918,0.0,0.0
5446.0,1.74,0.0925,1.0,0.0802,1.2027,2.0531,1.0531,2.2795,1.2795,26.7409,2.0696,26.3039,2.0522,100.0,0.0,0.0,0.0,24.125,0.0,25.25,0.0,25.25,0.0,24.125,10.0,0.0,0.012,52.7597,5.2759,2.0,20.7885,1.5271,1.0155,1.4744,0.7194,1.4421,2.965e-05,1.2525,0.0006,2.6367,11.0,0.0834,1.0022,0.1069,2.2508,0.0059,0.9908,0.0466,1.8904,0.0,0.0,0.0,29.9776,24.0,24.0,37.0,36.0,15.0,0.0,0.0,0.0,64.0,51.8956,0.0,41.1917,0.0,0.0
5447.0,1.74,0.0925,1.0,0.0801,1.2025,2.0531,1.0531,2.2797,1.2797,26.6256,2.065,26.2971,2.0519,100.0,0.0,0.0,0.0,24.0,0.0,25.375,0.0,25.25,0.0,24.125,10.0,0.0,0.0122,52.7596,5.2759,2.0,21.1571,1.5302,1.0936,1.4829,0.7302,1.4433,3.008e-05,1.2558,0.0006,2.6384,11.0,0.0859,1.0023,0.1042,2.2395,0.0065,1.0334,0.045,1.8748,0.0,0.0,0.0,29.9776,24.0,24.0,37.0,36.0,14.0,0.0,0.0,0.0,64.0,52.0984,0.0,41.1919,0.0,0.0
5448.0,1.74,0.0925,1.0,0.0803,1.2031,2.0533,1.0533,2.2792,1.2792,26.5231,2.0609,26.297,2.0519,100.0,0.0,0.0,0.0,24.0,0.0,25.375,0.0,25.25,0.0,24.125,10.0,0.0,0.0127,52.759,5.2759,2.0,21.4827,1.5328,1.1551,1.4897,0.7368,1.444,3.041e-05,1.2584,0.0006,2.6393,11.0,0.0867,1.0023,0.1023,2.2317,0.0063,1.0245,0.0427,1.8523,0.0,0.0,0.0,29.9776,24.0,24.0,37.0,36.0,14.0,0.0,0.0,0.0,64.0,52.2756,0.0,41.1917,0.0,0.0
5449.0,1.74,0.0925,1.0,0.08,1.2022,2.0528,1.0528,2.279,1.279,26.5936,2.0637,26.3282,2.0531,100.0,0.0,0.0,0.0,24.0,0.0,25.375,0.0,25.375,0.0,24.125,10.0,0.0,0.0128,52.7588,5.2758,2.0,21.8802,1.536,1.162,1.4904,0.7536,1.4458,3.096e-05,1.2626,0.0006,2.6413,11.0,0.0781,1.0021,0.0987,2.2163,0.0057,0.9795,0.0441,1.8665,0.0,0.0,0.0,29.977,24.0,24.0,37.0,36.0,14.0,0.0,0.0,0.0,64.0,52.4603,0.0,41.1917,0.0,0.0
5450.0,1.7379,0.0922,1.0,0.08,1.2023,2.0526,1.0526,2.2792,1.2792,26.7529,2.0701,26.3172,2.0527,100.0,0.0,0.0,0.0,24.125,0.0,25.25,0.0,25.25,0.0,24.125,10.0,0.0,0.0116,52.7582,5.2758,2.0,22.4362,1.5404,1.2521,1.5002,0.7615,1.4467,3.134e-05,1.2654,0.0006,2.6426,11.0,0.076,1.002,0.0911,2.1814,0.0056,0.9691,0.0389,1.8117,0.0,0.0,0.0,29.9771,24.0,24.0,37.0,36.0,13.0,0.0,0.0,0.0,64.0,52.6518,0.0,41.1918,0.0,0.0
5451.0,1.7369,0.0921,1.0,0.0799,1.2021,2.0531,1.0531,2.2795,1.2795,26.7376,2.0695,26.3039,2.0522,100.0,0.0,0.0,0.0,24.125,0.0,25.25,0.0,25.5,0.0,24.125,10.0,0.0,0.0124,52.7578,5.2758,2.0,23.0003,1.5447,1.3245,1.5081,0.776,1.4483,3.179e-05,1.2687,0.0006,2.6454,11.0,0.0761,1.002,0.0938,2.1939,0.0064,1.0247,0.0537,1.9515,0.0,0.0,0.0,29.9773,24.0,24.0,37.0,36.0,14.0,0.0,0.0,0.0,64.0,52.8361,0.0,41.1919,0.0,0.0
5452.0,1.7376,0.0922,1.0,0.0798,1.2016,2.0533,1.0533,2.2798,1.2798,26.6456,2.0658,26.2985,2.0519,100.0,0.0,0.0,0.0,24.125,0.0,25.25,0.0,25.25,0.0,24.125,10.0,0.0,0.0113,52.7575,5.2757,2.0,23.3203,1.5471,1.3122,1.5068,0.7888,1.4497,3.222e-05,1.2719,0.0006,2.6457,11.0,0.0767,1.002,0.0868,2.1602,0.0053,0.9435,0.0648,2.0332,0.0,0.0,0.0,29.9769,24.0,24.0,37.0,36.0,15.0,0.0,0.0,0.0,64.0,53.0314,0.0,41.1919,0.0,0.0
5453.0,1.7389,0.0924,1.0,0.0797,1.2015,2.0533,1.0533,2.2795,1.2795,26.5265,2.0611,26.304,2.0522,100.0,0.0,0.0,0.0,24.125,0.0,25.25,0.0,25.25,0.0,24.125,10.0,0.0,0.0121,52.7572,5.2757,2.0,23.5667,1.5489,1.3527,1.5112,0.7993,1.4508,3.27e-05,1.2753,0.0006,2.6494,11.0,0.0769,1.0021,0.1664,2.4431,0.0065,1.0335,0.0565,1.9742,0.0,0.0,0.0,29.977,24.0,24.0,37.0,36.0,14.0,0.0,0.0,0.0,64.0,53.2127,0.0,41.1917,0.0,0.0
5454.0,1.7379,0.0922,1.0,0.0795,1.201,2.0529,1.0529,2.2791,1.2791,26.5645,2.0626,26.321,2.0528,100.0,0.0,0.0,0.0,24.125,0.0,25.25,0.0,25.25,0.0,24.125,10.0,0.0,0.012,52.7568,5.2756,2.0,24.1016,1.5528,1.4053,1.5169,0.8206,1.4532,3.329e-05,1.2794,0.0006,2.6507,11.0,0.0785,1.0021,0.146,2.3861,0.0068,1.0533,0.0603,2.0025,0.0,0.0,0.0,29.9772,24.0,24.0,37.0,36.0,14.0,0.0,0.0,0.0,64.0,53.4005,0.0,41.1919,0.0,0.0
5455.0,1.739,0.0924,1.0,0.0798,1.2018,2.0527,1.0527,2.2795,1.2795,26.7377,2.0695,26.3193,2.0528,100.0,0.0,0.0,0.0,24.125,0.0,25.375,0.0,25.375,0.0,24.25,10.0,0.0,0.0119,52.7562,5.2756,2.0,24.999,1.5592,1.5449,1.5322,0.83,1.4542,3.379e-05,1.2828,0.0006,2.6524,11.0,0.078,1.0021,0.1408,2.3704,0.0057,0.979,0.0561,1.9704,0.0,0.0,0.0,29.9773,24.0,24.0,37.0,36.0,15.0,0.0,0.0,0.0,64.0,53.5832,0.0,41.1922,0.0,0.0
5456.0,1.7386,0.0923,1.0,0.0799,1.202,2.0531,1.0531,2.2798,1.2798,26.7512,2.07,26.3051,2.0522,100.0,0.0,0.0,0.0,24.125,0.0,25.375,0.0,25.25,0.0,24.25,10.0,0.0,0.0112,52.7556,5.2755,2.0,25.52,1.5628,1.5295,1.5305,0.8451,1.4558,3.429e-05,1.2863,0.0006,2.6531,11.0,0.0804,1.0021,0.1776,2.4713,0.0058,0.9827,0.0569,1.977,0.0,0.0,0.0,29.9773,24.0,24.0,37.0,36.0,14.0,0.0,0.0,0.0,64.0,53.7517,0.0,41.1918,0.0,0.0
5457.0,1.7379,0.0922,1.0,0.0797,1.2016,2.053,1.053,2.2796,1.2796,26.6617,2.0665,26.2979,2.0519,100.0,0.0,0.0,0.0,24.125,0.0,25.5,0.0,25.25,0.0,24.125,10.0,0.0,0.0118,52.7554,5.2755,2.0,25.8794,1.5652,1.5469,1.5324,0.8495,1.4563,3.472e-05,1.2892,0.0006,2.657,11.0,0.0794,1.0021,0.1976,2.5177,0.0062,1.0172,0.0506,1.9263,0.0,0.0,0.0,29.9771,24.0,24.0,37.0,36.0,15.0,0.0,0.0,0.0,64.0,53.9271,0.0,41.1921,0.0,0.0
5458.0,1.7379,0.0922,1.0,0.0797,1.2015,2.0533,1.0533,2.2796,1.2796,26.5381,2.0615,26.2945,2.0518,100.0,0.0,0.0,0.0,24.0,0.0,25.25,0.0,25.375,0.0,24.125,10.0,0.0,0.0117,52.7548,5.2755,2.0,26.4714,1.5691,1.5529,1.533,0.8641,1.4579,3.528e-05,1.2929,0.0006,2.6587,11.0,0.0834,1.0022,0.2022,2.5277,0.0058,0.9853,0.0554,1.9655,0.0,0.0,0.0,29.9774,24.0,24.0,37.0,36.0,14.0,0.0,0.0,0.0,64.0,54.1356,0.0,41.192,0.0,0.0
5459.0,1.7379,0.0922,1.0,0.08,1.2021,2.0526,1.0526,2.2794,1.2794,26.5455,2.0618,26.3111,2.0524,100.0,0.0,0.0,0.0,24.125,0.0,25.25,0.0,25.125,0.0,24.125,10.0,0.0,0.0112,52.7548,5.2755,2.0,26.6122,1.57,1.453,1.5221,0.8816,1.4598,3.587e-05,1.2968,0.0006,2.6618,11.0,0.0852,1.0023,0.1735,2.4612,0.0063,1.0214,0.0501,1.9216,0.0,0.0,0.0,29.9775,24.0,24.0,37.0,36.0,13.0,0.0,0.0,0.0,64.0,54.3155,0.0,41.1923,0.0,0.0
5460.0,1.7378,0.0922,1.0,0.08,1.2024,2.0522,1.0522,2.2794,1.2794,26.7213,2.0689,26.3118,2.0525,100.0,0.0,0.0,0.0,24.125,0.0,25.25,0.0,25.25,0.0,24.25,10.0,0.0,0.012,52.7544,5.2754,2.0,26.7184,1.5707,1.3785,1.514,0.8944,1.4612,3.648e-05,1.3007,0.0006,2.6639,11.0,0.0838,1.0022,0.1682,2.4476,0.0068,1.0521,0.0439,1.8641,0.0,0.0,0.0,29.9774,24.0,24.0,37.0,36.0,13.0,0.0,0.0,0.0,64.0,54.4946,0.0,41.192,0.0,0.0
5461.0,1.7378,0.0922,1.0,0.0799,1.202,2.0525,1.0525,2.28,1.28,26.7683,2.0707,26.2983,2.0519,100.0,0.0,0.0,0.0,24.125,0.0,25.25,0.0,25.25,0.0,24.125,10.0,0.0,0.0119,52.7539,5.2754,2.0,26.8672,1.5717,1.3181,1.5074,0.9122,1.4632,3.711e-05,1.3047,0.0006,2.6649,11.0,0.0834,1.0022,0.1452,2.3838,0.0059,0.9925,0.0594,1.9957,0.0,0.0,0.0,29.9769,24.0,24.0,37.0,36.0,14.0,0.0,0.0,0.0,64.0,54.6506,0.0,41.1919,0.0,0.0
5462.0,1.7389,0.0924,1.0,0.0801,1.2026,2.0529,1.0529,2.2802,1.2802,26.6742,2.067,26.2878,2.0515,100.0,0.0,0.0,0.0,24.125,0.0,25.25,0.0,25.25,0.0,24.125,10.0,0.0,0.0117,52.7537,5.2754,2.0,26.7238,1.5708,1.248,1.4998,0.9225,1.4643,3.764e-05,1.3079,0.0006,2.6679,11.0,0.0823,1.0022,0.2007,2.5244,0.0065,1.0361,0.051,1.9296,0.0,0.0,0.0,29.9766,24.0,24.0,37.0,36.0,14.0,0.0,0.0,0.0,64.0,54.8399,0.0,41.1917,0.0,0.0
5463.0,1.738,0.0923,1.0,0.0801,1.2026,2.0529,1.0529,2.2799,1.2799,26.5558,2.0622,26.2847,2.0514,100.0,0.0,0.0,0.0,24.125,0.0,25.375,0.0,25.25,0.0,24.25,10.0,0.0,0.0113,52.7534,5.2753,2.0,27.4066,1.5751,1.326,1.5083,0.9356,1.4657,3.822e-05,1.3115,0.0006,2.6682,11.0,0.0828,1.0022,0.1687,2.449,0.0065,1.0329,0.0539,1.9535,0.0,0.0,0.0,29.9766,24.0,24.0,37.0,36.0,13.0,0.0,0.0,0.0,64.0,55.0325,0.0,41.1916,0.0,0.0
5464.0,1.7378,0.0922,1.0,0.08,1.2021,2.0524,1.0524,2.2798,1.2798,26.5248,2.061,26.2956,2.0518,100.0,0.0,0.0,0.0,24.125,0.0,25.25,0.0,25.25,0.0,24.125,10.0,0.0,0.0118,52.753,5.2753,2.0,27.8551,1.578,1.3217,1.5078,0.9438,1.4666,3.877e-05,1.3149,0.0006,2.6718,11.0,0.0804,1.0021,0.1862,2.4918,0.0062,1.0112,0.0496,1.917,0.0,0.0,0.0,29.9764,24.0,24.0,37.0,36.0,14.0,0.0,0.0,0.0,64.0,55.2012,0.0,41.1917,0.0,0.0
5465.0,1.7379,0.0922,1.0,0.0798,1.2018,2.0519,1.0519,2.2799,1.2799,26.6696,2.0668,26.3035,2.0521,100.0,0.0,0.0,0.0,24.125,0.0,25.375,0.0,25.25,0.0,24.125,10.0,0.0,0.0114,52.7528,5.2753,2.0,27.7384,1.5772,1.2148,1.4962,0.9528,1.4676,3.941e-05,1.3186,0.0006,2.6727,11.0,0.0807,1.0022,0.2012,2.5255,0.0061,1.0043,0.0556,1.9672,0.0,0.0,0.0,29.9761,25.0,24.0,37.0,36.0,16.0,0.0,0.0,0.0,64.0,55.3983,0.0,41.1913,0.0,0.0
5466.0,1.7387,0.0923,1.0,0.0799,1.2021,2.0521,1.0521,2.2803,1.2803,26.7584,2.0703,26.2939,2.0518,100.0,0.0,0.0,0.0,24.0,0.0,25.375,0.0,25.25,0.0,24.25,10.0,0.0,0.0119,52.7522,5.2752,2.0,28.1927,1.5801,1.2373,1.4986,0.9696,1.4694,4.009e-05,1.3226,0.0006,2.6753,11.0,0.0816,1.0022,0.1766,2.4687,0.0061,1.0058,0.0497,1.9181,0.0,0.0,0.0,29.976,25.0,24.0,37.0,36.0,14.0,0.0,0.0,0.0,64.0,55.5668,0.0,41.1918,0.0,0.0
5467.0,1.7381,0.0923,1.0,0.0803,1.2031,2.0528,1.0528,2.2801,1.2801,26.6795,2.0672,26.2888,2.0516,100.0,0.0,0.0,0.0,24.125,0.0,25.375,0.0,25.25,0.0,24.125,10.0,0.0,0.0119,52.7517,5.2752,2.0,29.0005,1.585,1.3525,1.5112,0.9805,1.4706,4.076e-05,1.3264,0.0006,2.6778,11.0,0.0804,1.0021,0.1621,2.4316,0.0057,0.9767,0.0486,1.9088,0.0,0.0,0.0,29.9762,25.0,24.0,37.0,36.0,15.0,0.0,0.0,0.0,64.0,55.7316,0.0,41.1915,0.0,0.0
5468.0,1.739,0.0924,1.0,0.0801,1.2026,2.0529,1.0529,2.2801,1.2801,26.5618,2.0625,26.2908,2.0516,100.0,0.0,0.0,0.0,24.125,0.0,25.25,0.0,25.25,0.0,24.125,10.0,0.0,0.0121,52.7516,5.2752,2.0,29.758,1.5894,1.435,1.5202,0.9886,1.4715,4.133e-05,1.3297,0.0006,2.6793,11.0,0.0822,1.0022,0.1521,2.404,0.006,0.9978,0.0609,2.0066,0.0,0.0,0.0,29.9766,25.0,24.0,37.0,36.0,13.0,0.0,0.0,0.0,64.0,55.8096,0.0,41.1923,0.0,0.0
5469.0,1.7394,0.0924,1.0,0.0799,1.2021,2.0525,1.0525,2.2798,1.2798,26.513,2.0605,26.2933,2.0517,100.0,0.0,0.0,0.0,24.25,0.0,25.375,0.0,25.25,0.0,24.25,10.0,0.0,0.0119,52.7517,5.2752,2.0,30.2691,1.5924,1.4126,1.5177,0.9975,1.4725,4.19e-05,1.3329,0.0006,2.6825,11.0,0.0801,1.0021,0.1685,2.4485,0.0064,1.0313,0.0549,1.9616,0.0,0.0,0.0,29.976,25.0,24.0,37.0,36.0,14.0,0.0,0.0,0.0,64.0,56.1098,0.0,41.1919,0.0,0.0
5470.0,1.74,0.0925,1.0,0.0799,1.2019,2.0523,1.0523,2.2798,1.2798,26.6507,2.066,26.3139,2.0526,100.0,0.0,0.0,0.0,24.125,0.0,25.375,0.0,25.25,0.0,24.125,10.0,0.0,0.0117,52.7513,5.2751,2.0,30.6288,1.5945,1.4419,1.5209,1.0126,1.4741,4.265e-05,1.337,0.0006,2.6849,11.0,0.077,1.0021,0.1572,2.4184,0.0059,0.9961,0.0541,1.9554,0.0,0.0,0.0,29.9762,25.0,24.0,37.0,36.0,14.0,0.0,0.0,0.0,64.0,56.3017,0.0,41.192,0.0,0.0
5471.0,1.7401,0.0925,1.0,0.0799,1.2019,2.0524,1.0524,2.2802,1.2802,26.7638,2.0706,26.3063,2.0523,100.0,0.0,0.0,0.0,24.125,0.0,25.375,0.0,25.25,0.0,24.125,10.0,0.0,0.0121,52.7505,5.275,2.0,31.3277,1.5984,1.4727,1.5243,1.0225,1.4752,4.34e-05,1.341,0.0006,2.687,11.0,0.0787,1.0021,0.1344,2.3502,0.0059,0.9901,0.0544,1.9576,0.0,0.0,0.0,29.9767,25.0,24.0,37.0,36.0,13.0,0.0,0.0,0.0,64.0,56.48,0.0,41.1925,0.0,0.0
5472.0,1.7391,0.0924,1.0,0.0797,1.2014,2.0527,1.0527,2.2802,1.2802,26.7091,2.0684,26.2899,2.0516,100.0,0.0,0.0,0.0,24.0,0.0,25.375,0.0,25.25,0.0,24.125,10.0,0.0,0.0122,52.7501,5.275,2.0,31.7013,1.6004,1.4792,1.525,1.0294,1.4759,4.401e-05,1.3443,0.0006,2.6887,11.0,0.0805,1.0021,0.1317,2.3413,0.0062,1.0114,0.0501,1.922,0.0,0.0,0.0,29.9763,25.0,24.0,37.0,36.0,13.0,0.0,0.0,0.0,64.0,56.6709,0.0,41.192,0.0,0.0
5473.0,1.7389,0.0924,1.0,0.0796,1.2013,2.0529,1.0529,2.28,1.28,26.588,2.0635,26.2914,2.0517,100.0,0.0,0.0,0.0,24.25,0.0,25.25,0.0,25.25,0.0,24.125,10.0,0.0,0.0117,52.75,5.275,2.0,32.2126,1.6032,1.4273,1.5193,1.0447,1.4776,4.48e-05,1.3484,0.0006,2.6908,11.0,0.0798,1.0021,0.14,2.368,0.0061,1.0091,0.0496,1.9171,0.0,0.0,0.0,29.9764,24.0,24.0,37.0,36.0,15.0,0.0,0.0,0.0,64.0,56.8354,0.0,41.192,0.0,0.0
5474.0,1.7389,0.0924,1.0,0.0797,1.2014,2.053,1.053,2.2796,1.2796,26.5107,2.0604,26.3013,2.0521,100.0,0.0,0.0,0.0,24.125,0.0,25.25,0.0,25.25,0.0,24.125,10.0,0.0,0.0119,52.7495,5.2749,2.0,32.2727,1.6035,1.3897,1.5152,1.0484,1.478,4.543e-05,1.3517,0.0006,2.6935,11.0,0.0762,1.002,0.1147,2.2816,0.0059,0.9909,0.0443,1.868,0.0,0.0,0.0,29.9768,24.0,24.0,37.0,36.0,14.0,0.0,0.0,0.0,64.0,57.0585,0.0,41.1921,0.0,0.0
5475.0,1.7389,0.0924,1.0,0.08,1.2023,2.0528,1.0528,2.2794,1.2794,26.6127,2.0645,26.3192,2.0528,100.0,0.0,0.0,0.0,24.125,0.0,25.5,0.0,25.25,0.0,24.125,10.0,0.0,0.0121,52.7495,5.2749,2.0,33.1258,1.6081,1.4807,1.5252,1.0644,1.4798,4.619e-05,1.3555,0.0006,2.697,11.0,0.0795,1.0021,0.1048,2.2423,0.0062,1.0113,0.0588,1.9915,0.0,0.0,0.0,29.976,24.0,24.0,37.0,36.0,15.0,0.0,0.0,0.0,64.0,57.2237,0.0,41.1922,0.0,0.0
5476.0,1.7378,0.0922,1.0,0.0799,1.202,2.0522,1.0522,2.28,1.28,26.7564,2.0703,26.3146,2.0526,100.0,0.0,0.0,0.0,24.125,0.0,25.25,0.0,25.25,0.0,24.125,10.0,0.0,0.0131,52.7491,5.2749,2.0,33.5012,1.61,1.3593,1.5119,1.081,1.4816,4.702e-05,1.3596,0.0006,2.6991,11.0,0.0778,1.0021,0.171,2.4549,0.0054,0.9541,0.0519,1.9371,0.0,0.0,0.0,29.976,24.0,24.0,37.0,36.0,15.0,0.0,0.0,0.0,64.0,57.4084,0.0,41.1916,0.0,0.0
5477.0,1.737,0.0921,1.0,0.0797,1.2015,2.0528,1.0528,2.2802,1.2802,26.7223,2.0689,26.2914,2.0517,100.0,0.0,0.0,0.0,24.125,0.0,25.375,0.0,25.25,0.0,24.25,10.0,0.0,0.0122,52.7485,5.2748,2.0,33.4628,1.6098,1.3122,1.5068,1.078,1.4812,4.771e-05,1.363,0.0006,2.7012,11.0,0.0796,1.0021,0.1664,2.4431,0.0061,1.0091,0.0561,1.9708,0.0,0.0,0.0,29.9756,24.0,24.0,37.0,36.0,15.0,0.0,0.0,0.0,64.0,57.6058,0.0,41.1912,0.0,0.0
5478.0,1.7379,0.0922,1.0,0.0798,1.2018,2.0529,1.0529,2.2802,1.2802,26.6118,2.0645,26.2975,2.0519,100.0,0.0,0.0,0.0,24.0,0.0,25.375,0.0,25.25,0.0,24.25,10.0,0.0,0.012,52.7483,5.2748,2.0,33.931,1.6122,1.2761,1.5029,1.0899,1.4825,4.852e-05,1.3669,0.0006,2.7045,11.0,0.0773,1.0021,0.1467,2.3882,0.006,1.0022,0.0504,1.924,0.0,0.0,0.0,29.9754,24.0,24.0,37.0,36.0,13.0,0.0,0.0,0.0,64.0,57.7607,0.0,41.192,0.0,0.0
5479.0,1.7379,0.0922,1.0,0.0799,1.2021,2.0533,1.0533,2.2797,1.2797,26.5191,2.0608,26.2974,2.0519,100.0,0.0,0.0,0.0,24.125,0.0,25.375,0.0,25.25,0.0,24.125,10.0,0.0,0.0119,52.7481,5.2748,2.0,33.9838,1.6125,1.2112,1.4958,1.0971,1.4833,4.934e-05,1.3708,0.0006,2.7065,11.0,0.0774,1.0021,0.139,2.3647,0.0054,0.9574,0.0535,1.9505,0.0,0.0,0.0,29.9758,24.0,24.0,37.0,36.0,15.0,0.0,0.0,0.0,64.0,57.9554,0.0,41.192,0.0,0.0
5480.0,1.7387,0.0923,1.0,0.08,1.2022,2.0524,1.0524,2.2798,1.2798,26.6094,2.0644,26.3174,2.0527,100.0,0.0,0.0,0.0,24.125,0.0,25.25,0.0,25.25,0.0,24.125,10.0,0.0,0.0122,52.7479,5.2748,2.0,34.207,1.6136,1.1569,1.4898,1.1077,1.4845,5.013e-05,1.3745,0.0006,2.7106,11.0,0.0817,1.0022,0.1577,2.4196,0.0064,1.0266,0.0481,1.9038,0.0,0.0,0.0,29.976,24.0,24.0,37.0,36.0,15.0,0.0,0.0,0.0,64.0,58.1583,0.0,41.1918,0.0,0.0
5481.0,1.7393,0.0924,1.0,0.0798,1.2018,2.0522,1.0522,2.28,1.28,26.7459,2.0698,26.3088,2.0524,100.0,0.0,0.0,0.0,24.125,0.0,25.375,0.0,25.25,0.0,24.125,10.0,0.0,0.0119,52.7474,5.2747,2.0,34.6552,1.6159,1.2063,1.4952,1.1234,1.4862,5.1e-05,1.3785,0.0006,2.7121,11.0,0.0756,1.002,0.1528,2.4059,0.0054,0.954,0.0545,1.9581,0.0,0.0,0.0,29.9758,25.0,24.0,37.0,36.0,13.0,0.0,0.0,0.0,64.0,58.3365,0.0,41.1919,0.0,0.0
5482.0,1.7419,0.0927,1.0,0.08,1.2024,2.0524,1.0524,2.2803,1.2803,26.7108,2.0684,26.2876,2.0515,100.0,0.0,0.0,0.0,24.125,0.0,25.25,0.0,25.375,0.0,24.125,10.0,0.0,0.0121,52.7472,5.2747,2.0,35.0907,1.6181,1.1497,1.4891,1.1265,1.4865,5.191e-05,1.3826,0.0006,2.7157,11.0,0.0807,1.0022,0.217,2.5583,0.006,0.9966,0.0393,1.8164,0.0,0.0,0.0,29.9757,25.0,24.0,37.0,36.0,13.0,0.0,0.0,0.0,64.0,58.4862,0.0,41.1919,0.0,0.0
5483.0,1.741,0.0926,1.0,0.08,1.2022,2.0527,1.0527,2.2802,1.2802,26.6194,2.0648,26.2804,2.0512,100.0,0.0,0.0,0.0,24.25,0.0,25.25,0.0,25.25,0.0,24.125,10.0,0.0,0.0115,52.7467,5.2746,2.0,35.4251,1.6197,1.1042,1.4841,1.1391,1.4879,5.279e-05,1.3866,0.0006,2.7185,11.0,0.0802,1.0021,0.1779,2.4721,0.0057,0.9759,0.0463,1.8878,0.0,0.0,0.0,29.9756,25.0,24.0,37.0,36.0,13.0,0.0,0.0,0.0,64.0,58.6173,0.0,41.1913,0.0,0.0
5484.0,1.739,0.0924,1.0,0.08,1.2023,2.0529,1.0529,2.2799,1.2799,26.5056,2.0602,26.2905,2.0516,100.0,0.0,0.0,0.0,24.125,0.0,25.375,0.0,25.25,0.0,24.125,10.0,0.0,0.0123,52.7462,5.2746,2.0,35.7044,1.6211,1.1527,1.4894,1.1498,1.4891,5.367e-05,1.3904,0.0006,2.7231,11.0,0.083,1.0022,0.1785,2.4735,0.005,0.9219,0.0434,1.8594,0.0,0.0,0.0,29.9756,25.0,24.0,37.0,36.0,15.0,0.0,0.0,0.0,64.0,58.7908,0.0,41.1916,0.0,0.0
5485.0,1.7377,0.0922,1.0,0.0799,1.202,2.0524,1.0524,2.2799,1.2799,26.5739,2.063,26.3121,2.0525,100.0,0.0,0.0,0.0,24.125,0.0,25.375,0.0,25.25,0.0,24.125,10.0,0.0,0.0117,52.7459,5.2746,2.0,36.7501,1.6261,1.2626,1.5014,1.1582,1.49,5.463e-05,1.3945,0.0006,2.7232,11.0,0.0882,1.0024,0.15,2.398,0.0064,1.0257,0.0528,1.9445,0.0,0.0,0.0,29.9752,25.0,24.0,37.0,36.0,15.0,0.0,0.0,0.0,64.0,58.9693,0.0,41.1912,0.0,0.0
5486.0,1.7368,0.0921,1.0,0.0799,1.2019,2.0519,1.0519,2.2799,1.2799,26.719,2.0688,26.3103,2.0524,100.0,0.0,0.0,0.0,24.0,0.0,25.375,0.0,25.25,0.0,24.125,10.0,0.0,0.0122,52.7458,5.2746,2.0,37.2096,1.6283,1.3234,1.508,1.1633,1.4905,5.54e-05,1.3978,0.0006,2.7262,11.0,0.082,1.0022,0.2701,2.6534,0.0057,0.9789,0.0551,1.9632,0.0,0.0,0.0,29.9756,25.0,24.0,37.0,36.0,13.0,0.0,0.0,0.0,64.0,59.1833,0.0,41.1915,0.0,0.0
5487.0,1.7388,0.0924,1.0,0.0798,1.2018,2.0523,1.0523,2.2803,1.2803,26.737,2.0695,26.2958,2.0518,100.0,0.0,0.0,0.0,24.125,0.0,25.25,0.0,25.25,0.0,24.125,10.0,0.0,0.0116,52.7453,5.2745,2.0,38.3492,1.6335,1.3783,1.514,1.1695,1.4912,5.628e-05,1.4014,0.0006,2.7284,11.0,0.0765,1.002,0.1918,2.5046,0.0055,0.9646,0.0519,1.9369,0.0,0.0,0.0,29.9756,25.0,24.0,37.0,36.0,13.0,0.0,0.0,0.0,64.0,59.3533,0.0,41.1921,0.0,0.0
5488.0,1.74,0.0925,1.0,0.0798,1.2018,2.0528,1.0528,2.2802,1.2802,26.6371,2.0655,26.2864,2.0515,100.0,0.0,0.0,0.0,24.125,0.0,25.25,0.0,25.25,0.0,24.125,10.0,0.0,0.0114,52.7451,5.2745,2.0,39.2311,1.6375,1.4794,1.525,1.1798,1.4923,5.738e-05,1.4059,0.0006,2.7322,11.0,0.0793,1.0021,0.1661,2.4422,0.0059,0.9935,0.0616,2.0115,0.0,0.0,0.0,29.9761,25.0,24.0,37.0,36.0,14.0,0.0,0.0,0.0,64.0,59.5446,0.0,41.1923,0.0,0.0
5489.0,1.7399,0.0925,1.0,0.0799,1.2021,2.0529,1.0529,2.28,1.28,26.5145,2.0606,26.2886,2.0515,100.0,0.0,0.0,0.0,24.125,0.0,25.25,0.0,25.25,0.0,24.125,10.0,0.0,0.0125,52.7447,5.2745,2.0,40.5509,1.6432,1.6,1.5382,1.1876,1.4932,5.84e-05,1.41,0.0007,2.7355,11.0,0.0806,1.0021,0.2179,2.5601,0.0062,1.0127,0.0584,1.988,0.0,0.0,0.0,29.9753,25.0,24.0,37.0,36.0,15.0,0.0,0.0,0.0,64.0,59.7332,0.0,41.1918,0.0,0.0
5490.0,1.739,0.0924,1.0,0.0802,1.2028,2.0528,1.0528,2.2795,1.2795,26.5628,2.0625,26.3133,2.0525,100.0,0.0,0.0,0.0,24.125,0.0,25.375,0.0,25.25,0.0,24.125,10.0,0.0,0.0119,52.7443,5.2744,2.0,40.8849,1.6446,1.5273,1.5303,1.19,1.4935,5.928e-05,1.4135,0.0007,2.738,11.0,0.0841,1.0022,0.1993,2.5213,0.0056,0.9686,0.0522,1.9395,0.0,0.0,0.0,29.9753,24.0,24.0,36.0,36.0,14.0,0.0,0.0,0.0,64.0,59.9051,0.0,41.1916,0.0,0.0
5491.0,1.739,0.0924,1.0,0.0799,1.202,2.0523,1.0523,2.2799,1.2799,26.7196,2.0688,26.3136,2.0525,100.0,0.0,0.0,0.0,24.125,0.0,25.375,0.0,25.25,0.0,24.125,10.0,0.0,0.0115,52.7438,5.2743,2.0,41.753,1.6483,1.5406,1.5317,1.195,1.494,6.025e-05,1.4172,0.0007,2.7398,11.0,0.0853,1.0023,0.192,2.5051,0.0061,1.009,0.0567,1.9755,0.0,0.0,0.0,29.9752,24.0,24.0,36.0,36.0,14.0,0.0,0.0,0.0,64.0,60.1326,0.0,41.1913,0.0,0.0
5492.0,1.7389,0.0924,1.0,0.0801,1.2026,2.0522,1.0522,2.2803,1.2803,26.7531,2.0701,26.2962,2.0518,100.0,0.0,0.0,0.0,24.125,0.0,25.375,0.0,25.25,0.0,24.125,10.0,0.0,0.0122,52.7436,5.2744,2.0,42.309,1.6506,1.5229,1.5298,1.1981,1.4943,6.124e-05,1.421,0.0007,2.7454,11.0,0.0829,1.0022,0.1864,2.4923,0.0066,1.0409,0.0536,1.9512,0.0,0.0,0.0,29.9755,24.0,24.0,36.0,36.0,14.0,0.0,0.0,0.0,64.0,60.3079,0.0,41.1919,0.0,0.0
5493.0,1.7389,0.0924,1.0,0.0799,1.202,2.0528,1.0528,2.2802,1.2802,26.66,2.0664,26.2881,2.0515,100.0,0.0,0.0,0.0,24.125,0.0,25.375,0.0,25.25,0.0,24.125,10.0,0.0,0.0123,52.7437,5.2744,2.0,42.8465,1.6528,1.4529,1.5221,1.2031,1.4949,6.218e-05,1.4246,0.0007,2.7476,11.0,0.0844,1.0022,0.1454,2.3844,0.0053,0.9463,0.0509,1.9286,0.0,0.0,0.0,29.9753,24.0,24.0,36.0,36.0,15.0,0.0,0.0,0.0,64.0,60.4933,0.0,41.1916,0.0,0.0
5494.0,1.7398,0.0925,1.0,0.0797,1.2015,2.0529,1.0529,2.2798,1.2798,26.5218,2.0609,26.2937,2.0517,100.0,0.0,0.0,0.0,24.125,0.0,25.25,0.0,25.25,0.0,24.125,10.0,0.0,0.0128,52.7427,5.2742,2.0,42.6295,1.6519,1.2822,1.5035,1.2066,1.4953,6.334e-05,1.4289,0.0007,2.7505,11.0,0.0789,1.0021,0.1466,2.3879,0.0064,1.0304,0.0505,1.9252,0.0,0.0,0.0,29.9753,25.0,24.0,37.0,36.0,13.0,0.0,0.0,0.0,64.0,60.6663,0.0,41.1923,0.0,0.0
5495.0,1.74,0.0925,1.0,0.0798,1.2017,2.0527,1.0527,2.2795,1.2795,26.5278,2.0611,26.3112,2.0524,100.0,0.0,0.0,0.0,24.125,0.0,25.25,0.0,25.375,0.0,24.125,10.0,0.0,0.0128,52.7426,5.2743,2.0,42.8296,1.6527,1.2449,1.4994,1.2092,1.4955,6.421e-05,1.4321,0.0007,2.7548,11.0,0.077,1.0021,0.1724,2.4584,0.0065,1.0327,0.045,1.8754,0.0,0.0,0.0,29.9756,25.0,24.0,37.0,36.0,14.0,0.0,0.0,0.0,64.0,60.848,0.0,41.1921,0.0,0.0
5496.0,1.74,0.0925,1.0,0.0802,1.2028,2.0522,1.0522,2.2798,1.2798,26.6935,2.0677,26.3127,2.0525,100.0,0.0,0.0,0.0,24.125,0.0,25.25,0.0,25.25,0.0,24.125,10.0,0.0,0.0125,52.7422,5.2742,2.0,43.129,1.6539,1.199,1.4944,1.2083,1.4954,6.522e-05,1.4357,0.0007,2.7566,11.0,0.081,1.0022,0.1373,2.3594,0.0053,0.9486,0.062,2.0145,0.0,0.0,0.0,29.9753,25.0,24.0,37.0,36.0,15.0,0.0,0.0,0.0,64.0,61.0611,0.0,41.1922,0.0,0.0
5497.0,1.7401,0.0925,1.0,0.08,1.2023,2.0525,1.0525,2.2802,1.2802,26.7575,2.0703,26.2982,2.0519,100.0,0.0,0.0,0.0,24.125,0.0,25.5,0.0,25.25,0.0,24.125,10.0,0.0,0.0119,52.7418,5.2742,2.0,43.7526,1.6564,1.253,1.5003,1.2097,1.4956,6.628e-05,1.4394,0.0007,2.7611,11.0,0.0841,1.0022,0.157,2.4176,0.0063,1.0187,0.0503,1.9235,0.0,0.0,0.0,29.9747,25.0,24.0,37.0,36.0,15.0,0.0,0.0,0.0,64.0,61.2499,0.0,41.1918,0.0,0.0
5498.0,1.743,0.0929,1.0,0.0801,1.2025,2.0525,1.0525,2.2802,1.2802,26.6895,2.0676,26.2897,2.0516,100.0,0.0,0.0,0.0,24.125,0.0,25.25,0.0,25.25,0.0,24.125,10.0,0.0,0.0123,52.7416,5.2741,2.0,44.3808,1.6589,1.2768,1.5029,1.2154,1.4962,6.728e-05,1.4429,0.0007,2.763,11.0,0.0834,1.0022,0.1312,2.3398,0.0061,1.0065,0.0577,1.9831,0.0,0.0,0.0,29.9749,25.0,24.0,37.0,36.0,14.0,0.0,0.0,0.0,64.0,61.4276,0.0,41.1919,0.0,0.0
5499.0,1.7399,0.0925,1.0,0.0798,1.2018,2.0527,1.0527,2.2801,1.2801,26.5395,2.0616,26.2834,2.0513,100.0,0.0,0.0,0.0,24.125,0.0,25.375,0.0,25.125,0.0,24.25,10.0,0.0,0.012,52.7411,5.2741,2.0,44.897,1.6609,1.2462,1.4996,1.2092,1.4956,6.845e-05,1.4469,0.0007,2.7671,11.0,0.0779,1.0021,0.1018,2.2297,0.0054,0.9511,0.0611,2.0082,0.0,0.0,0.0,29.9744,25.0,24.0,37.0,36.0,13.0,0.0,0.0,0.0,64.0,61.6125,0.0,41.1913,0.0,0.0
5500.0,1.7399,0.0925,1.0,0.0799,1.202,2.0528,1.0528,2.2798,1.2798,26.527,2.0611,26.2983,2.0519,100.0,0.0,0.0,0.0,24.125,0.0,25.375,0.0,25.25,0.0,24.125,10.0,0.0,0.0117,52.7412,5.2741,2.0,45.5086,1.6632,1.1637,1.4906,1.2114,1.4958,6.949e-05,1.4504,0.0007,2.7683,11.0,0.077,1.0021,0.1118,2.2705,0.0056,0.9698,0.0622,2.0157,0.0,0.0,0.0,29.9749,25.0,24.0,37.0,36.0,15.0,0.0,0.0,0.0,64.0,61.77,0.0,41.1918,0.0,0.0
5501.0,1.741,0.0926,1.0,0.0797,1.2015,2.0523,1.0523,2.2798,1.2798,26.679,2.0672,26.314,2.0526,100.0,0.0,0.0,0.0,24.125,0.0,25.25,0.0,25.25,0.0,24.125,10.0,0.0,0.0119,52.7409,5.2741,2.0,45.3675,1.6627,1.0633,1.4796,1.2118,1.4958,7.056e-05,1.4539,0.0007,2.7717,11.0,0.0755,1.002,0.109,2.2594,0.0067,1.0479,0.0552,1.964,0.0,0.0,0.0,29.9752,25.0,24.0,37.0,36.0,14.0,0.0,0.0,0.0,64.0,61.9525,0.0,41.1916,0.0,0.0
5502.0,1.7411,0.0926,1.0,0.0799,1.2019,2.0524,1.0524,2.2802,1.2802,26.7632,2.0705,26.3028,2.0521,100.0,0.0,0.0,0.0,24.0,0.0,25.25,0.0,25.25,0.0,24.125,10.0,0.0,0.012,52.7408,5.274,2.0,45.1835,1.662,0.9714,1.4696,1.2097,1.4956,7.151e-05,1.4571,0.0007,2.7755,11.0,0.078,1.0021,0.1116,2.2697,0.0059,0.9909,0.0585,1.989,0.0,0.0,0.0,29.9748,25.0,24.0,37.0,36.0,13.0,0.0,0.0,0.0,64.0,62.1197,0.0,41.1915,0.0,0.0
5503.0,1.74,0.0925,1.0,0.0797,1.2015,2.0528,1.0528,2.2802,1.2802,26.7054,2.0682,26.291,2.0516,100.0,0.0,0.0,0.0,24.125,0.0,25.375,0.0,25.25,0.0,24.125,10.0,0.0,0.0121,52.7401,5.274,2.0,45.1589,1.6619,0.938,1.466,1.2051,1.4951,7.247e-05,1.4602,0.0007,2.7777,11.0,0.0751,1.002,0.1058,2.2463,0.0061,1.0065,0.0547,1.96,0.0,0.0,0.0,29.9752,25.0,24.0,37.0,36.0,14.0,0.0,0.0,0.0,64.0,62.3184,0.0,41.1922,0.0,0.0
5504.0,1.7389,0.0924,1.0,0.0799,1.2021,2.0525,1.0525,2.2801,1.2801,26.5736,2.0629,26.2859,2.0514,100.0,0.0,0.0,0.0,24.125,0.0,25.375,0.0,25.25,0.0,24.125,10.0,0.0,0.0115,52.7401,5.274,2.0,45.9272,1.6648,0.9941,1.4721,1.1964,1.4942,7.372e-05,1.4641,0.0007,2.7831,11.0,0.0841,1.0022,0.0883,2.1679,0.0062,1.0132,0.0531,1.947,0.0,0.0,0.0,29.9752,25.0,24.0,37.0,36.0,14.0,0.0,0.0,0.0,0.0,62.4674,0.0,41.192,0.0,0.0
5505.0,1.7396,0.0925,1.0,0.08,1.2022,2.0528,1.0528,2.2799,1.2799,26.5195,2.0608,26.2958,2.0518,100.0,0.0,0.0,0.0,24.125,0.0,25.375,0.0,25.25,0.0,24.125,10.0,0.0,0.0112,52.7394,5.2739,2.0,46.6938,1.6677,1.0039,1.4732,1.1987,1.4944,7.484e-05,1.4676,0.0007,2.7848,11.0,0.0859,1.0023,0.1034,2.2364,0.0059,0.996,0.0518,1.9361,0.0,0.0,0.0,29.975,25.0,24.0,37.0,36.0,15.0,0.0,0.0,0.0,16.0,62.4871,0.0,41.1922,0.0,0.0
5506.0,1.74,0.0925,1.0,0.0802,1.2029,2.052,1.052,2.2798,1.2798,26.6586,2.0663,26.3113,2.0525,100.0,0.0,0.0,0.0,24.25,0.0,25.25,0.0,25.375,0.0,24.125,10.0,0.0,0.0121,52.7392,5.2739,2.0,47.1532,1.6694,0.9893,1.4716,1.1976,1.4943,7.594e-05,1.471,0.0007,2.7893,11.0,0.0849,1.0023,0.0803,2.1267,0.0069,1.0616,0.0585,1.9891,0.0,0.0,0.0,29.9747,24.0,24.0,37.0,36.0,14.0,0.0,0.0,0.0,0.0,62.5786,0.0,41.1919,0.0,0.0
5507.0,1.74,0.0925,1.0,0.0797,1.2013,2.052,1.052,2.2802,1.2802,26.763,2.0705,26.3015,2.0521,100.0,0.0,0.0,0.0,24.125,0.0,25.25,0.0,25.25,0.0,24.125,10.0,0.0,0.0121,52.7386,5.2738,2.0,47.7742,1.6717,1.0808,1.4815,1.1922,1.4937,7.697e-05,1.4742,0.0007,2.7895,11.0,0.0817,1.0022,0.0863,2.1578,0.0061,1.0086,0.0569,1.977,0.0,0.0,0.0,29.9748,24.0,24.0,37.0,36.0,14.0,0.0,0.0,0.0,0.0,62.5899,0.0,41.1918,0.0,0.0
5508.0,1.74,0.0925,1.0,0.0799,1.202,2.0524,1.0524,2.2802,1.2802,26.7033,2.0681,26.2902,2.0516,100.0,0.0,0.0,0.0,24.125,0.0,25.375,0.0,25.25,0.0,24.125,10.0,0.0,0.0112,52.7386,5.2738,2.0,48.328,1.6737,1.0329,1.4763,1.1846,1.4929,7.791e-05,1.477,0.0007,2.7925,11.0,0.08,1.0021,0.1229,2.3113,0.0067,1.0448,0.0735,2.0881,0.0,0.0,0.0,29.9754,24.0,24.0,37.0,36.0,13.0,0.0,0.0,0.0,0.0,62.5892,0.0,41.1919,0.0,0.0
5509.0,1.7389,0.0924,1.0,0.0799,1.2021,2.0529,1.0529,2.28,1.28,26.5884,2.0635,26.2895,2.0516,100.0,0.0,0.0,0.0,24.125,0.0,25.25,0.0,25.25,0.0,24.125,10.0,0.0,0.0119,52.7384,5.2738,2.0,48.8064,1.6754,1.0347,1.4765,1.18,1.4924,7.894e-05,1.48,0.0007,2.798,11.0,0.0768,1.002,0.1456,2.3849,0.0061,1.005,0.0737,2.0891,0.0,0.0,0.0,29.9751,24.0,24.0,37.0,36.0,15.0,0.0,0.0,0.0,0.0,62.59,0.0,41.1922,0.0,0.0
5510.0,1.7399,0.0925,1.0,0.0798,1.2016,2.053,1.053,2.2795,1.2795,26.4997,2.06,26.301,2.052,100.0,0.0,0.0,0.0,24.125,0.0,25.375,0.0,25.25,0.0,24.125,10.0,0.0,0.0122,52.7378,5.2738,2.0,49.4421,1.6776,1.0776,1.4812,1.1732,1.4916,7.997e-05,1.483,0.0007,2.8007,11.0,0.0761,1.002,0.1455,2.3848,0.0066,1.0411,0.0808,2.1294,0.0,0.0,0.0,29.9751,25.0,24.0,37.0,36.0,15.0,0.0,0.0,0.0,0.0,62.5891,0.0,41.1923,0.0,0.0
5511.0,1.7389,0.0924,1.0,0.0798,1.2018,2.0523,1.0523,2.2796,1.2796,26.6315,2.0653,26.3142,2.0526,100.0,0.0,0.0,0.0,24.125,0.0,25.25,0.0,25.25,0.0,24.125,10.0,0.0,0.012,52.7377,5.2738,2.0,50.1863,1.6802,1.1729,1.4916,1.1644,1.4907,8.117e-05,1.4865,0.0007,2.8063,11.0,0.0754,1.002,0.1059,2.2469,0.0052,0.9416,0.0771,2.109,0.0,0.0,0.0,29.9747,25.0,24.0,37.0,36.0,14.0,0.0,0.0,0.0,0.0,62.5894,0.0,41.192,0.0,0.0
5512.0,1.7398,0.0925,1.0,0.0798,1.2018,2.0519,1.0519,2.2801,1.2801,26.7471,2.0699,26.3027,2.0521,100.0,0.0,0.0,0.0,24.125,0.0,25.5,0.0,25.25,0.0,24.125,10.0,0.0,0.0512,52.7372,5.2737,2.0,51.5286,1.6848,1.2279,1.4976,1.1594,1.4901,8.213e-05,1.4892,0.0007,2.8096,11.0,0.0788,1.0021,0.1335,2.3474,0.0057,0.9777,0.0703,2.0687,0.0,0.0,0.0,29.9744,25.0,24.0,37.0,36.0,14.0,0.0,0.0,0.0,0.0,62.5893,0.0,41.192,0.0,0.0
5513.0,1.7391,0.0924,1.0,0.0799,1.2019,2.0524,1.0524,2.2803,1.2803,26.7116,2.0685,26.2905,2.0516,100.0,0.0,0.0,0.0,24.125,0.0,25.5,0.0,25.375,0.0,24.125,10.0,0.0,0.0126,52.7371,5.2737,2.0,56.053,1.6994,1.8289,1.5632,1.1562,1.4898,8.326e-05,1.4924,0.0007,2.811,11.0,0.0784,1.0021,0.1748,2.4645,0.0059,0.9951,0.0672,2.0495,0.0,0.0,0.0,29.9743,25.0,24.0,37.0,36.0,13.0,0.0,0.0,0.0,0.0,62.5892,0.0,41.1918,0.0,0.0
5514.0,1.7379,0.0922,1.0,0.0798,1.2016,2.0525,1.0525,2.2802,1.2802,26.622,2.0649,26.2878,2.0515,100.0,0.0,0.0,0.0,24.125,0.0,25.375,0.0,25.25,0.0,24.125,10.0,0.0,0.0443,52.7368,5.2736,2.0,56.8494,1.7019,2.0228,1.5843,1.1466,1.4887,8.411e-05,1.4948,0.0007,2.8156,11.0,0.076,1.002,0.159,2.4234,0.006,1.0035,0.0661,2.042,0.0,0.0,0.0,29.9748,24.0,24.0,37.0,36.0,14.0,0.0,0.0,0.0,0.0,62.5888,0.0,41.1916,0.0,0.0
5515.0,1.7379,0.0922,1.0,0.0797,1.2014,2.0529,1.0529,2.2798,1.2798,26.4999,2.06,26.2934,2.0517,100.0,0.0,0.0,0.0,24.125,0.0,25.375,0.0,25.375,0.0,24.125,10.0,0.0,0.0122,52.7367,5.2737,2.0,61.4423,1.7154,2.2379,1.6078,1.1378,1.4878,8.533e-05,1.4981,0.0007,2.8169,11.0,0.0766,1.002,0.1655,2.4407,0.0063,1.0194,0.0691,2.0616,0.0,0.0,0.0,29.9745,24.0,24.0,37.0,36.0,13.0,0.0,0.0,0.0,0.0,62.5895,0.0,41.1918,0.0,0.0
5516.0,1.7382,0.0923,1.0,0.0799,1.202,2.0527,1.0527,2.2794,1.2794,26.5791,2.0632,26.3171,2.0527,100.0,0.0,0.0,0.0,24.125,0.0,25.375,0.0,25.375,0.0,24.125,10.0,0.0,0.0114,52.7365,5.2736,2.0,61.3659,1.7152,2.0172,1.5837,1.129,1.4868,8.63e-05,1.5007,0.0007,2.8191,11.0,0.0765,1.002,0.1709,2.4546,0.0062,1.0114,0.0635,2.0245,0.0,0.0,0.0,29.9746,24.0,24.0,37.0,36.0,16.0,0.0,0.0,0.0,0.0,62.5898,0.0,41.1916,0.0,0.0
5517.0,1.7385,0.0923,1.0,0.0799,1.202,2.0523,1.0523,2.2798,1.2798,26.7341,2.0694,26.3107,2.0524,100.0,0.0,0.0,0.0,24.125,0.0,25.375,0.0,25.25,0.0,24.25,10.0,0.0,0.0126,52.7359,5.2735,2.0,61.7527,1.7163,1.8249,1.5627,1.1175,1.4855,8.739e-05,1.5036,0.0007,2.8239,11.0,0.0818,1.0022,0.1407,2.3703,0.0061,1.0072,0.0697,2.0649,0.0,0.0,0.0,29.9749,24.0,24.0,37.0,36.0,12.0,0.0,0.0,0.0,0.0,62.5898,0.0,41.192,0.0,0.0
5518.0,1.7399,0.0925,1.0,0.0801,1.2026,2.0527,1.0527,2.2803,1.2803,26.7311,2.0692,26.2945,2.0518,100.0,0.0,0.0,0.0,24.125,0.0,25.375,0.0,25.25,0.0,24.125,10.0,0.0,0.0122,52.7351,5.2735,2.0,61.1931,1.7147,1.6827,1.5472,1.1132,1.4851,8.822e-05,1.5058,0.0007,2.8251,11.0,0.0807,1.0022,0.2432,2.6079,0.0053,0.9494,0.078,2.1138,0.0,0.0,0.0,29.9745,24.0,24.0,37.0,36.0,13.0,0.0,0.0,0.0,0.0,62.5898,0.0,41.1924,0.0,0.0
5519.0,1.741,0.0926,1.0,0.08,1.2022,2.0529,1.0529,2.2798,1.2798,26.6318,2.0653,26.2974,2.0519,100.0,0.0,0.0,0.0,24.125,0.0,25.375,0.0,25.125,0.0,24.125,10.0,0.0,0.0121,52.7354,5.2735,2.0,61.6542,1.716,1.4369,1.5204,1.1002,1.4837,8.932e-05,1.5087,0.0007,2.8298,11.0,0.0824,1.0022,0.2058,2.5353,0.0056,0.9668,0.0618,2.0131,0.0,0.0,0.0,29.9743,24.0,24.0,37.0,36.0,14.0,0.0,0.0,0.0,0.0,62.5896,0.0,41.1921,0.0,0.0
5520.0,1.741,0.0926,1.0,0.0801,1.2024,2.0529,1.0529,2.2796,1.2796,26.4946,2.0598,26.2923,2.0517,100.0,0.0,0.0,0.0,24.125,0.0,25.375,0.0,25.25,0.0,24.125,10.0,0.0,0.0127,52.7348,5.2735,2.0,61.4345,1.7154,1.3872,1.515,1.0882,1.4823,9.04e-05,1.5115,0.0007,2.8332,11.0,0.0847,1.0023,0.177,2.4699,0.0058,0.9881,0.0608,2.006,0.0,0.0,0.0,29.975,24.0,24.0,37.0,36.0,13.0,0.0,0.0,0.0,0.0,62.5888,0.0,41.1916,0.0,0.0
5521.0,1.7408,0.0926,1.0,0.0802,1.2027,2.0525,1.0525,2.2798,1.2798,26.5648,2.0626,26.3067,2.0523,100.0,0.0,0.0,0.0,24.25,0.0,25.375,0.0,25.25,0.0,24.125,10.0,0.0,0.0117,52.7343,5.2735,2.0,61.5997,1.7158,1.2656,1.5017,1.0718,1.4806,9.129e-05,1.5138,0.0007,2.837,11.0,0.0837,1.0022,0.1905,2.5017,0.0068,1.0536,0.061,2.0074,0.0,0.0,0.0,29.9749,24.0,24.0,37.0,36.0,15.0,0.0,0.0,0.0,0.0,62.5888,0.0,41.1922,0.0,0.0
5522.0,1.74,0.0925,1.0,0.08,1.2023,2.052,1.052,2.28,1.28,26.7345,2.0694,26.3106,2.0524,100.0,0.0,0.0,0.0,24.375,0.0,25.25,0.0,25.25,0.0,24.375,10.0,0.0,0.0121,52.7344,5.2734,2.0,61.9417,1.7168,1.245,1.4994,1.0672,1.4801,9.243e-05,1.5167,0.0007,2.8409,11.0,0.0845,1.0023,0.1625,2.4326,0.0066,1.0399,0.0569,1.9773,0.0,0.0,0.0,29.9748,24.0,24.0,37.0,36.0,15.0,0.0,0.0,0.0,0.0,62.5889,64.0,41.2044,0.0,0.0
5523.0,1.74,0.0925,1.0,0.0801,1.2025,2.0527,1.0527,2.2803,1.2803,26.7409,2.0696,26.2955,2.0518,100.0,0.0,0.0,0.0,24.25,0.0,25.25,0.0,25.125,0.0,24.125,10.0,0.0,0.0113,52.734,5.2734,2.0,62.1621,1.7174,1.1181,1.4856,1.0564,1.4789,9.333e-05,1.5189,0.0007,2.8408,11.0,0.0849,1.0023,0.1578,2.4198,0.0057,0.9741,0.059,1.9923,0.0,0.0,0.0,29.9748,25.0,24.0,37.0,36.0,13.0,0.0,0.0,0.0,0.0,62.5892,64.0,41.3639,0.0,0.0
5524.0,1.74,0.0925,1.0,0.08,1.2021,2.0529,1.0529,2.2799,1.2799,26.658,2.0663,26.2968,2.0519,100.0,0.0,0.0,0.0,24.125,0.0,25.375,0.0,25.25,0.0,24.25,10.0,0.0,0.0121,52.7337,5.2734,2.0,62.1333,1.7173,0.9886,1.4715,1.0428,1.4774,9.411e-05,1.5208,0.0007,2.8451,11.0,0.082,1.0022,0.1697,2.4515,0.006,1.0016,0.0539,1.9532,0.0,0.0,0.0,29.974,25.0,24.0,37.0,36.0,13.0,0.0,0.0,0.0,0.0,62.5888,64.0,41.5636,0.0,0.0
5525.0,1.7399,0.0925,1.0,0.0798,1.2018,2.0529,1.0529,2.2796,1.2796,26.5333,2.0613,26.2858,2.0514,100.0,0.0,0.0,0.0,24.25,0.0,25.375,0.0,25.25,0.0,24.125,10.0,0.0,0.0122,52.7333,5.2733,2.0,61.5297,1.7156,0.8186,1.4529,1.0277,1.4758,9.511e-05,1.5233,0.0007,2.8481,11.0,0.0833,1.0022,0.1451,2.3834,0.0059,0.9955,0.0731,2.0858,0.0,0.0,0.0,29.9744,25.0,24.0,37.0,36.0,13.0,0.0,0.0,0.0,0.0,62.5893,64.0,41.7574,0.0,0.0
5526.0,1.74,0.0925,1.0,0.0798,1.2016,2.0526,1.0526,2.2795,1.2795,26.5407,2.0616,26.3128,2.0525,100.0,0.0,0.0,0.0,24.25,0.0,25.25,0.0,25.125,0.0,24.25,10.0,0.0,0.0121,52.7331,5.2733,2.0,61.2807,1.7149,0.7671,1.4473,1.018,1.4747,9.598e-05,1.5254,0.0007,2.8479,11.0,0.081,1.0022,0.1492,2.3958,0.0066,1.0418,0.0663,2.0435,0.0,0.0,0.0,29.9741,25.0,24.0,37.0,36.0,13.0,0.0,0.0,0.0,0.0,62.5892,64.0,41.9244,0.0,0.0
5527.0,1.7399,0.0925,1.0,0.0799,1.2019,2.0523,1.0523,2.2797,1.2797,26.7329,2.0693,26.3158,2.0526,100.0,0.0,0.0,0.0,24.125,0.0,25.25,0.0,25.25,0.0,24.125,10.0,0.0,0.0118,52.7326,5.2732,2.0,61.7261,1.7162,0.7503,1.4455,1.0055,1.4733,9.713e-05,1.5282,0.0007,2.8509,11.0,0.0823,1.0022,0.143,2.3773,0.0065,1.0366,0.0687,2.0585,0.0,0.0,0.0,29.9738,24.0,24.0,37.0,36.0,14.0,0.0,0.0,0.0,0.0,62.5891,64.0,42.09,0.0,0.0
5528.0,1.74,0.0925,1.0,0.0801,1.2025,2.0526,1.0526,2.2803,1.2803,26.7483,2.0699,26.3057,2.0522,100.0,0.0,0.0,0.0,24.125,0.0,25.5,0.0,25.25,0.0,24.25,10.0,0.0,0.0115,52.7325,5.2733,2.0,62.024,1.717,0.7115,1.4413,0.991,1.4718,9.809e-05,1.5305,0.0007,2.8537,11.0,0.0811,1.0022,0.2286,2.5808,0.0057,0.9815,0.0645,2.0315,0.0,0.0,0.0,29.9743,24.0,24.0,37.0,36.0,15.0,0.0,0.0,0.0,0.0,62.589,64.0,42.2926,0.0,0.0
5529.0,1.7389,0.0924,1.0,0.0799,1.2021,2.0529,1.0529,2.28,1.28,26.6587,2.0663,26.2984,2.0519,100.0,0.0,0.0,0.0,24.0,0.0,25.5,0.0,25.25,0.0,24.0,10.0,0.0,0.0117,52.7324,5.2732,2.0,62.0988,1.7172,0.7471,1.4451,0.9772,1.4702,9.885e-05,1.5323,0.0007,2.8563,11.0,0.0774,1.0021,0.1992,2.5211,0.0064,1.029,0.0667,2.0459,0.0,0.0,0.0,29.9742,24.0,24.0,37.0,36.0,13.0,0.0,0.0,0.0,0.0,62.5885,64.0,42.4736,0.0,0.0
5530.0,1.7389,0.0924,1.0,0.0798,1.2016,2.0529,1.0529,2.2796,1.2796,26.5403,2.0616,26.2945,2.0518,100.0,0.0,0.0,0.0,24.25,0.0,25.375,0.0,25.25,0.0,24.125,10.0,0.0,0.0125,52.7323,5.2732,2.0,62.8351,1.7193,0.7049,1.4405,0.9615,1.4685,9.962e-05,1.5341,0.0007,2.8565,11.0,0.0777,1.0021,0.1683,2.4479,0.0062,1.0124,0.0681,2.0551,0.0,0.0,0.0,29.9742,24.0,24.0,37.0,36.0,15.0,0.0,0.0,0.0,0.0,62.5896,64.0,42.6617,0.0,0.0
5531.0,1.7389,0.0924,1.0,0.0797,1.2015,2.0527,1.0527,2.2798,1.2798,26.5245,2.061,26.309,2.0524,100.0,0.0,0.0,0.0,24.125,0.0,25.25,0.0,25.25,0.0,24.125,10.0,0.0,0.012,52.7316,5.2731,2.0,63.196,1.7203,0.758,1.4463,0.9511,1.4674,0.0001,1.5361,0.0007,2.8591,11.0,0.077,1.0021,0.1894,2.4992,0.0064,1.0285,0.0682,2.0555,0.0,0.0,0.0,29.9744,24.0,24.0,37.0,36.0,15.0,0.0,0.0,0.0,0.0,62.5896,64.0,42.8436,0.0,0.0
5532.0,1.7389,0.0924,1.0,0.0797,1.2013,2.0523,1.0523,2.2798,1.2798,26.6938,2.0678,26.3135,2.0525,100.0,0.0,0.0,0.0,24.25,0.0,25.25,0.0,25.25,0.0,24.125,10.0,0.0,0.0116,52.7315,5.2731,2.0,63.4192,1.7209,0.6827,1.4381,0.9351,1.4656,0.0001,1.5377,0.0007,2.8601,11.0,0.0778,1.0021,0.1697,2.4516,0.0055,0.9583,0.0558,1.9682,0.0,0.0,0.0,29.9746,24.0,24.0,37.0,36.0,14.0,0.0,0.0,0.0,0.0,62.5888,64.0,43.0306,0.0,0.0
5533.0,1.7382,0.0923,1.0,0.0798,1.2016,2.0526,1.0526,2.2799,1.2799,26.7447,2.0698,26.2963,2.0519,100.0,0.0,0.0,0.0,24.125,0.0,25.375,0.0,25.25,0.0,24.125,10.0,0.0,0.0123,52.7308,5.2731,2.0,63.0042,1.7197,0.4789,1.4159,0.9235,1.4644,0.0001,1.5405,0.0007,2.865,11.0,0.0791,1.0021,0.1401,2.3683,0.0068,1.0541,0.0599,1.9995,0.0,0.0,0.0,29.9741,24.0,24.0,37.0,36.0,14.0,0.0,0.0,0.0,0.0,62.5898,64.0,43.2155,0.0,0.0
5534.0,1.738,0.0922,1.0,0.0799,1.202,2.0528,1.0528,2.2798,1.2798,26.6851,2.0674,26.2993,2.052,100.0,0.0,0.0,0.0,24.125,0.0,25.375,0.0,25.25,0.0,24.25,10.0,0.0,0.0121,52.7305,5.273,2.0,62.5543,1.7185,0.4897,1.4171,0.918,1.4638,0.0001,1.5424,0.0007,2.8666,11.0,0.0805,1.0021,0.2287,2.5812,0.0066,1.0401,0.057,1.978,0.0,0.0,0.0,29.9747,24.0,24.0,37.0,36.0,13.0,0.0,0.0,0.0,0.0,62.5895,64.0,43.4075,0.0,0.0
5535.0,1.7379,0.0922,1.0,0.0799,1.202,2.0529,1.0529,2.28,1.28,26.5788,2.0632,26.2951,2.0518,100.0,0.0,0.0,0.0,24.125,0.0,25.375,0.0,25.25,0.0,24.125,10.0,0.0,0.0109,52.7305,5.273,2.0,63.5714,1.7213,0.611,1.4303,0.9144,1.4634,0.0001,1.5445,0.0007,2.8689,11.0,0.0834,1.0022,0.2104,2.545,0.006,1.003,0.0627,2.0194,0.0,0.0,0.0,29.9747,25.0,24.0,37.0,36.0,13.0,0.0,0.0,0.0,0.0,62.589,64.0,43.5911,0.0,0.0
5536.0,1.7379,0.0922,1.0,0.0801,1.2026,2.0528,1.0528,2.2795,1.2795,26.5238,2.061,26.3076,2.0523,100.0,0.0,0.0,0.0,24.25,0.0,25.375,0.0,25.25,0.0,24.25,10.0,0.0,0.0117,52.7302,5.273,2.0,64.3126,1.7233,0.6242,1.4317,0.9115,1.4631,0.0001,1.547,0.0007,2.8712,11.0,0.0857,1.0023,0.1741,2.4626,0.0067,1.0448,0.0669,2.0474,0.0,0.0,0.0,29.9739,25.0,24.0,37.0,36.0,13.0,0.0,0.0,0.0,0.0,62.5892,64.0,43.7743,0.0,0.0
5537.0,1.7379,0.0922,1.0,0.08,1.2021,2.0527,1.0527,2.2794,1.2794,26.6661,2.0666,26.3226,2.0529,100.0,0.0,0.0,0.0,24.125,0.0,25.25,0.0,25.125,0.0,24.125,10.0,0.0,0.0119,52.7299,5.273,2.0,64.9518,1.725,0.5747,1.4263,0.9167,1.4636,0.0001,1.5497,0.0007,2.8753,11.0,0.0835,1.0022,0.191,2.5029,0.0058,0.9845,0.0605,2.0036,0.0,0.0,0.0,29.9742,25.0,24.0,37.0,36.0,14.0,0.0,0.0,0.0,0.0,62.5892,64.0,43.96,0.0,0.0
5538.0,1.7379,0.0922,1.0,0.08,1.2022,2.0528,1.0528,2.2798,1.2798,26.7522,2.0701,26.3203,2.0528,100.0,0.0,0.0,0.0,24.25,0.0,25.25,0.0,25.25,0.0,24.25,10.0,0.0,0.012,52.7295,5.2729,2.0,65.3473,1.7261,0.7066,1.4407,0.9167,1.4636,0.0001,1.5524,0.0007,2.8802,11.0,0.0835,1.0022,0.2054,2.5343,0.0061,1.0093,0.0585,1.9891,0.0,0.0,0.0,29.974,25.0,24.0,37.0,36.0,14.0,0.0,0.0,0.0,0.0,62.5886,64.0,44.1339,0.0,0.0
5539.0,1.7397,0.0925,1.0,0.0799,1.2019,2.0532,1.0532,2.2798,1.2798,26.6908,2.0676,26.3058,2.0522,100.0,0.0,0.0,0.0,24.125,0.0,25.5,0.0,25.25,0.0,24.25,10.0,0.0,0.012,52.7294,5.2729,2.0,66.5929,1.7294,0.7439,1.4448,0.917,1.4637,0.0001,1.5547,0.0007,2.8852,11.0,0.0818,1.0022,0.1342,2.3498,0.0066,1.0398,0.0554,1.9652,0.0,0.0,0.0,29.9738,24.0,24.0,37.0,36.0,14.0,0.0,0.0,0.0,0.0,62.5889,64.0,44.3156,0.0,0.0
5540.0,1.7399,0.0925,1.0,0.08,1.2022,2.0533,1.0533,2.2797,1.2797,26.574,2.063,26.3005,2.052,100.0,0.0,0.0,0.0,24.125,0.0,25.375,0.0,25.25,0.0,24.25,10.0,0.0,0.012,52.729,5.273,2.0,66.8704,1.7301,0.7104,1.4411,0.9419,1.4664,0.0001,1.5584,0.0007,2.8884,11.0,0.0823,1.0022,0.2705,2.654,0.0052,0.9349,0.053,1.9458,0.0,0.0,0.0,29.974,24.0,24.0,37.0,36.0,15.0,0.0,0.0,0.0,0.0,62.589,64.0,44.5223,0.0,0.0
5541.0,1.74,0.0925,1.0,0.08,1.2022,2.0533,1.0533,2.2793,1.2793,26.5065,2.0603,26.3041,2.0522,100.0,0.0,0.0,0.0,24.125,0.0,25.25,0.0,25.25,0.0,24.25,10.0,0.0,0.0114,52.729,5.2729,2.0,66.8735,1.7301,0.6121,1.4304,0.9335,1.4655,0.0001,1.5605,0.0007,2.8906,11.0,0.0824,1.0022,0.215,2.5544,0.0052,0.9378,0.0529,1.9456,0.0,0.0,0.0,29.974,24.0,24.0,37.0,36.0,13.0,0.0,0.0,0.0,0.0,62.5891,64.0,44.7065,0.0,0.0
5542.0,1.7378,0.0922,1.0,0.0799,1.2019,2.0527,1.0527,2.2794,1.2794,26.6474,2.0659,26.3314,2.0533,100.0,0.0,0.0,0.0,24.125,0.0,25.25,0.0,25.25,0.0,24.25,10.0,0.0,0.012,52.7288,5.2729,2.0,66.6846,1.7296,0.5856,1.4275,0.9518,1.4675,0.0001,1.5639,0.0007,2.8966,11.0,0.0779,1.0021,0.2019,2.5269,0.0071,1.0751,0.0507,1.9265,0.0,0.0,0.0,29.9744,24.0,24.0,37.0,36.0,13.0,0.0,0.0,0.0,0.0,62.5896,64.0,44.8801,0.0,0.0
5543.0,1.7369,0.0921,1.0,0.0799,1.2021,2.0527,1.0527,2.2797,1.2797,26.7623,2.0705,26.3227,2.0529,100.0,0.0,0.0,0.0,24.125,0.0,25.375,0.0,25.125,0.0,24.125,10.0,0.0,0.012,52.7284,5.2729,2.0,67.5412,1.7318,0.6428,1.4338,0.9925,1.4719,0.0001,1.5682,0.0007,2.9019,11.0,0.0763,1.002,0.2252,2.5744,0.0061,1.0074,0.0509,1.9282,0.0,0.0,0.0,29.9742,24.0,24.0,37.0,36.0,13.0,0.0,0.0,0.0,0.0,62.5892,64.0,45.0651,0.0,0.0
5544.0,1.7368,0.0921,1.0,0.0797,1.2013,2.0532,1.0532,2.2799,1.2799,26.7021,2.0681,26.3018,2.0521,100.0,0.0,0.0,0.0,24.125,0.0,25.375,0.0,25.25,0.0,24.125,10.0,0.0,0.0118,52.7282,5.2728,2.0,68.4983,1.7343,0.8293,1.4541,1.003,1.4731,0.0001,1.5715,0.0007,2.9048,11.0,0.0784,1.0021,0.195,2.5119,0.0054,0.9537,0.0593,1.9951,0.0,0.0,0.0,29.9741,24.0,24.0,37.0,36.0,13.0,0.0,0.0,0.0,0.0,62.5892,64.0,45.2651,0.0,0.0
5545.0,1.7368,0.0921,1.0,0.0799,1.2019,2.0533,1.0533,2.2798,1.2798,26.6006,2.064,26.2961,2.0518,100.0,0.0,0.0,0.0,24.125,0.0,25.5,0.0,25.25,0.0,24.125,10.0,0.0,0.0126,52.7274,5.2727,2.0,70.6012,1.7395,0.872,1.4588,1.0348,1.4765,0.0001,1.5754,0.0007,2.9131,11.0,0.0777,1.0021,0.1754,2.466,0.0056,0.969,0.0582,1.9871,0.0,0.0,0.0,29.9736,24.0,24.0,37.0,36.0,15.0,0.0,0.0,0.0,0.0,62.589,64.0,45.4323,0.0,0.0
5546.0,1.7368,0.0921,1.0,0.0801,1.2024,2.0532,1.0532,2.2795,1.2795,26.509,2.0604,26.2985,2.0519,100.0,0.0,0.0,0.0,24.125,0.0,25.5,0.0,25.25,0.0,24.25,10.0,0.0,0.0122,52.7272,5.2727,2.0,70.9996,1.7405,0.8927,1.461,1.061,1.4794,0.0001,1.5792,0.0007,2.9148,11.0,0.0853,1.0023,0.1415,2.3725,0.0062,1.0153,0.0546,1.9587,0.0,0.0,0.0,29.9732,24.0,24.0,37.0,36.0,15.0,0.0,0.0,0.0,0.0,62.5885,64.0,45.6317,0.0,0.0
5547.0,1.7369,0.0921,1.0,0.0801,1.2025,2.0524,1.0524,2.2795,1.2795,26.605,2.0642,26.3192,2.0528,100.0,0.0,0.0,0.0,24.125,0.0,25.375,0.0,25.25,0.0,24.125,10.0,0.0,0.0121,52.7271,5.2727,2.0,71.809,1.7425,0.9668,1.4691,1.0855,1.4821,0.0001,1.5831,0.0007,2.9226,11.0,0.0863,1.0023,0.1568,2.4173,0.0065,1.032,0.0526,1.9425,0.0,0.0,0.0,29.9735,24.0,24.0,37.0,36.0,14.0,0.0,0.0,0.0,0.0,62.5889,64.0,45.8143,0.0,0.0
5548.0,1.7369,0.0921,1.0,0.08,1.2022,2.0523,1.0523,2.2797,1.2797,26.7599,2.0704,26.3141,2.0526,100.0,0.0,0.0,0.0,24.125,0.0,25.375,0.0,25.25,0.0,24.0,10.0,0.0,0.0115,52.7267,5.2727,2.0,74.4335,1.7487,1.1471,1.4888,1.1221,1.486,0.0001,1.5878,0.0007,2.9274,11.0,0.0819,1.0022,0.1653,2.44,0.0063,1.023,0.0514,1.9328,0.0,0.0,0.0,29.9736,25.0,24.0,37.0,36.0,15.0,0.0,0.0,0.0,0.0,62.5889,0.0,45.992,0.0,0.0
5549.0,1.7368,0.0921,1.0,0.0799,1.2019,2.0528,1.0528,2.2798,1.2798,26.7175,2.0687,26.2913,2.0517,100.0,0.0,0.0,0.0,24.125,0.0,25.375,0.0,25.25,0.0,24.125,10.0,0.0,0.0117,52.7267,5.2726,2.0,76.0564,1.7525,1.2205,1.4968,1.1551,1.4896,0.0001,1.592,0.0007,2.9349,11.0,0.0823,1.0022,0.1282,2.3297,0.0056,0.9693,0.046,1.8847,0.0,0.0,0.0,29.9739,25.0,24.0,37.0,36.0,15.0,0.0,0.0,0.0,0.0,62.5893,0.0,46.0048,0.0,0.0
5550.0,1.7368,0.0921,1.0,0.08,1.2022,2.0529,1.0529,2.2798,1.2798,26.6246,2.065,26.2977,2.0519,100.0,0.0,0.0,0.0,24.125,0.0,25.375,0.0,25.25,0.0,24.125,10.0,0.0,0.0123,52.7265,5.2727,2.0,77.3354,1.7554,1.3085,1.5064,1.1904,1.4935,0.0001,1.5962,0.0007,2.9403,11.0,0.0787,1.0021,0.2372,2.5969,0.0068,1.0553,0.0489,1.9108,0.0,0.0,0.0,29.9743,25.0,24.0,37.0,36.0,13.0,0.0,0.0,0.0,0.0,62.5888,0.0,46.0044,0.0,0.0
5551.0,1.7369,0.0921,1.0,0.0797,1.2015,2.0529,1.0529,2.2796,1.2796,26.5131,2.0605,26.2981,2.0519,100.0,0.0,0.0,0.0,24.125,0.0,25.25,0.0,25.25,0.0,24.125,10.0,0.0,0.0123,52.7264,5.2727,2.0,79.8684,1.761,1.5393,1.5316,1.222,1.4969,0.0001,1.6007,0.0007,2.9462,11.0,0.0761,1.002,0.2026,2.5286,0.0064,1.0258,0.0472,1.896,0.0,0.0,0.0,29.9735,25.0,24.0,37.0,36.0,14.0,0.0,0.0,0.0,0.0,62.5891,16.0,46.0057,0.0,0.0
5552.0,1.7368,0.0921,1.0,0.0798,1.2018,2.0526,1.0526,2.2795,1.2795,26.5903,2.0636,26.318,2.0527,100.0,0.0,0.0,0.0,24.125,0.0,25.25,0.0,25.25,0.0,24.125,10.0,0.0,0.0127,52.7258,5.2726,2.0,82.9914,1.7676,1.6513,1.5438,1.2628,1.5014,0.0001,1.6059,0.0007,2.9554,11.0,0.0789,1.0021,0.1926,2.5065,0.006,1.0005,0.0587,1.9906,0.0,0.0,0.0,29.9738,24.0,24.0,37.0,36.0,14.0,0.0,0.0,0.0,0.0,62.5889,16.0,46.1638,0.0,0.0
5553.0,1.7369,0.0921,1.0,0.0799,1.2021,2.0527,1.0527,2.2795,1.2795,26.7479,2.0699,26.3222,2.0529,100.0,0.0,0.0,0.0,24.25,0.0,25.25,0.0,25.25,0.0,24.125,10.0,0.0,0.0121,52.7253,5.2725,2.0,84.1617,1.77,1.6403,1.5426,1.3007,1.5055,0.0001,1.6102,0.0007,2.9633,11.0,0.0759,1.002,0.1827,2.4836,0.0056,0.9694,0.0606,2.0043,0.0,0.0,0.0,29.9733,24.0,24.0,37.0,36.0,15.0,0.0,0.0,0.0,0.0,62.5888,0.0,46.3532,0.0,0.0
5554.0,1.7369,0.0921,1.0,0.0798,1.2018,2.0527,1.0527,2.2798,1.2798,26.7383,2.0695,26.3042,2.0522,100.0,0.0,0.0,0.0,24.125,0.0,25.375,0.0,25.25,0.0,24.125,10.0,0.0,0.0118,52.7254,5.2725,2.0,85.1633,1.7721,1.5599,1.5338,1.346,1.5105,0.0001,1.6159,0.0007,2.9745,11.0,0.08,1.0021,0.1623,2.4323,0.0063,1.0211,0.0678,2.0529,0.0,0.0,0.0,29.9731,24.0,24.0,37.0,36.0,15.0,0.0,0.0,0.0,0.0,62.5881,0.0,46.3961,0.0,0.0
5555.0,1.7382,0.0923,1.0,0.0798,1.2018,2.0529,1.0529,2.2798,1.2798,26.6352,2.0654,26.2923,2.0517,100.0,0.0,0.0,0.0,24.25,0.0,25.25,0.0,25.25,0.0,24.125,10.0,0.0,0.0117,52.7251,5.2725,2.0,85.8529,1.7735,1.4486,1.5217,1.3986,1.5162,0.0001,1.6218,0.0007,2.9842,11.0,0.0835,1.0022,0.1384,2.363,0.0058,0.9854,0.0678,2.0528,0.0,0.0,0.0,29.9734,24.0,24.0,37.0,36.0,13.0,0.0,0.0,0.0,0.0,62.5889,16.0,46.4527,0.0,0.0
5556.0,1.7388,0.0924,1.0,0.0801,1.2027,2.0529,1.0529,2.2796,1.2796,26.5182,2.0607,26.2848,2.0514,100.0,0.0,0.0,0.0,24.125,0.0,25.375,0.0,25.25,0.0,24.25,10.0,0.0,0.0248,52.7248,5.2725,2.0,86.9718,1.7758,1.666,1.5454,1.4475,1.5215,0.0001,1.6271,0.0007,2.9921,11.0,0.0832,1.0022,0.1588,2.4228,0.0064,1.0284,0.0568,1.9764,0.0,0.0,0.0,29.9735,24.0,24.0,37.0,36.0,13.0,0.0,0.0,0.0,0.0,62.5885,16.0,46.6523,0.0,0.0
5557.0,1.7369,0.0921,1.0,0.0799,1.2021,2.0525,1.0525,2.2795,1.2795,26.5775,2.0631,26.3148,2.0526,100.0,0.0,0.0,0.0,24.125,0.0,25.375,0.0,25.25,0.0,24.125,10.0,0.0,0.0121,52.725,5.2725,2.0,91.9087,1.7853,1.9797,1.5796,1.4898,1.5262,0.0002,1.6325,0.0008,3.0006,11.0,0.0767,1.002,0.1316,2.3411,0.0059,0.9909,0.06,2.0002,0.0,0.0,0.0,29.9736,24.0,24.0,37.0,36.0,14.0,0.0,0.0,0.0,0.0,62.5887,0.0,46.7721,0.0,0.0
5558.0,1.7368,0.0921,1.0,0.0798,1.2018,2.0522,1.0522,2.2795,1.2795,26.7224,2.0689,26.3207,2.0528,100.0,0.0,0.0,0.0,24.125,0.0,25.375,0.0,25.25,0.0,24.125,10.0,0.0,0.0124,52.7252,5.2725,2.0,95.3619,1.7917,2.029,1.585,1.5252,1.53,0.0002,1.6373,0.0008,3.0081,11.0,0.0765,1.002,0.1511,2.4012,0.0066,1.0412,0.0767,2.1068,0.0,0.0,0.0,29.9735,24.0,24.0,37.0,36.0,15.0,0.0,0.0,0.0,0.0,62.5887,0.0,46.7731,0.0,0.0
5559.0,1.7368,0.0921,1.0,0.0798,1.2017,2.0526,1.0526,2.2799,1.2799,26.7433,2.0697,26.3044,2.0522,100.0,0.0,0.0,0.0,24.125,0.0,25.375,0.0,25.25,0.0,24.25,10.0,0.0,0.0119,52.7243,5.2724,2.0,98.2494,1.7969,2.096,1.5923,1.5776,1.5357,0.0002,1.644,0.0008,3.0219,11.0,0.0775,1.0021,0.123,2.3117,0.0059,0.9941,0.0644,2.031,0.0,0.0,0.0,29.9737,24.0,24.0,37.0,36.0,14.0,0.0,0.0,0.0,0.0,62.5892,0.0,46.7736,0.0,0.0
5560.0,1.737,0.0921,1.0,0.0799,1.202,2.0531,1.0531,2.2798,1.2798,26.647,2.0659,26.2984,2.0519,100.0,0.0,0.0,0.0,24.125,0.0,25.25,0.0,25.25,0.0,24.125,10.0,0.0,0.0125,52.7242,5.2724,2.0,100.9433,1.8016,2.1882,1.6023,1.6123,1.5395,0.0002,1.6492,0.0008,3.0333,11.0,0.0778,1.0021,0.1237,2.3143,0.0057,0.9764,0.0689,2.0602,0.0,0.0,0.0,29.9735,24.0,24.0,37.0,36.0,15.0,0.0,0.0,0.0,0.0,62.5888,0.0,46.7735,0.0,0.0
5561.0,1.7368,0.0921,1.0,0.0797,1.2015,2.0533,1.0533,2.2797,1.2797,26.528,2.0611,26.2942,2.0518,100.0,0.0,0.0,0.0,24.125,0.0,25.375,0.0,25.25,0.0,24.25,10.0,0.0,0.07,52.7239,5.2724,2.0,103.2232,1.8055,2.169,1.6003,1.6495,1.5436,0.0002,1.6552,0.0008,3.0399,11.0,0.0791,1.0021,0.1188,2.2965,0.0063,1.0184,0.0665,2.0446,0.0,0.0,0.0,29.9736,24.0,24.0,37.0,36.0,14.0,0.0,0.0,0.0,0.0,62.5888,0.0,46.7733,0.0,0.0
5562.0,1.5897,0.0737,1.0,0.08,1.2023,2.0531,1.0531,2.2794,1.2794,26.5432,2.0617,26.3118,2.0525,100.0,0.0,0.0,0.0,24.125,0.0,25.375,0.0,25.25,0.0,24.125,10.0,0.0,0.0116,52.7242,5.2724,2.0,106.4179,1.8108,2.4123,1.6268,1.6868,1.5477,0.0002,1.6604,0.0008,3.0553,11.0,0.0797,1.0021,0.1143,2.2801,0.007,1.069,0.0708,2.072,0.0,0.0,0.0,29.9734,24.0,24.0,37.0,36.0,15.0,0.0,0.0,0.0,0.0,62.5888,0.0,46.7732,0.0,0.0
5563.0,1.3788,0.0474,1.0,0.08,1.2024,2.0523,1.0523,2.2794,1.2794,26.7006,2.068,26.3212,2.0528,100.0,0.0,0.0,0.0,24.125,0.0,25.375,0.0,25.125,0.0,24.125,10.0,0.0,0.012,52.7236,5.2724,2.0,109.7524,1.8162,2.2807,1.6124,1.7282,1.5522,0.0002,1.6664,0.0008,3.061,11.0,0.0817,1.0022,0.1173,2.2913,0.0064,1.0271,0.0742,2.0922,0.0,0.0,0.0,29.9735,24.0,24.0,37.0,36.0,15.0,0.0,0.0,0.0,0.0,62.5889,0.0,46.7733,0.0,0.0
5564.0,1.2777,0.0347,1.0,0.0798,1.2018,2.0526,1.0526,2.2803,1.2803,26.7439,2.0698,26.2964,2.0519,100.0,0.0,0.0,0.0,24.125,0.0,25.375,0.0,25.25,0.0,24.125,10.0,0.0,0.0118,52.7235,5.2723,2.0,112.7671,1.8209,2.2962,1.6141,1.7651,1.5562,0.0002,1.6727,0.0008,3.0787,11.0,0.0865,1.0023,0.1078,2.2545,0.0058,0.983,0.0801,2.1256,0.0,0.0,0.0,29.9733,24.0,24.0,37.0,36.0,15.0,0.0,0.0,0.0,0.0,62.5886,0.0,46.773,0.0,0.0
5565.0,1.216,0.027,1.0,0.0801,1.2025,2.0531,1.0531,2.2798,1.2798,26.6623,2.0665,26.2974,2.0519,100.0,0.0,0.0,0.0,24.25,0.0,25.375,0.0,25.25,0.0,24.125,10.0,0.0,0.0125,52.7234,5.2724,2.0,114.4325,1.8234,2.3822,1.6235,1.8059,1.5606,0.0002,1.6791,0.0008,3.0948,11.0,0.0859,1.0023,0.1472,2.3897,0.0064,1.0249,0.0731,2.0856,0.0,0.0,0.0,29.9729,24.0,24.0,37.0,36.0,14.0,0.0,0.0,0.0,0.0,62.5887,0.0,46.7732,0.0,0.0
5566.0,1.183,0.0229,1.0,0.0801,1.2026,2.0533,1.0533,2.2796,1.2796,26.5524,2.0621,26.2948,2.0518,100.0,0.0,0.0,0.0,24.125,0.0,25.25,0.0,25.25,0.0,24.125,10.0,0.0,0.0128,52.7235,5.2723,2.0,119.0369,1.8303,2.4172,1.6273,1.8376,1.5641,0.0002,1.6846,0.0008,3.0979,11.0,0.0854,1.0023,0.1624,2.4325,0.0055,0.9627,0.0803,2.1264,0.0,0.0,0.0,29.9729,24.0,24.0,37.0,36.0,14.0,0.0,0.0,0.0,0.0,62.5879,0.0,46.773,0.0,0.0
5567.0,1.1623,0.0203,1.0,0.08,1.2022,2.0527,1.0527,2.2794,1.2794,26.5314,2.0613,26.3103,2.0524,100.0,0.0,0.0,0.0,24.125,0.0,25.25,0.0,25.25,0.0,24.25,10.0,0.0,0.0122,52.7231,5.2723,2.0,122.4066,1.8351,2.4586,1.6318,1.8915,1.57,0.0002,1.6911,0.0008,3.111,11.0,0.0787,1.0021,0.1629,2.4338,0.0059,0.994,0.0695,2.0639,0.0,0.0,0.0,29.9729,24.0,24.0,37.0,36.0,15.0,0.0,0.0,0.0,0.0,62.589,0.0,46.7727,0.0,0.0
5568.0,1.1509,0.0189,1.0,0.0798,1.2018,2.0523,1.0523,2.2797,1.2797,26.6847,2.0674,26.3205,2.0528,100.0,0.0,0.0,0.0,24.25,0.0,25.375,0.0,25.25,0.0,24.125,10.0,0.0,0.0118,52.7228,5.2723,2.0,125.2332,1.8391,2.4572,1.6317,1.9039,1.5713,0.0002,1.6964,0.0008,3.1248,11.0,0.0744,1.002,0.133,2.3456,0.0066,1.0405,0.0725,2.0825,0.0,0.0,0.0,29.9732,24.0,24.0,37.0,36.0,15.0,0.0,0.0,0.0,0.0,62.5887,0.0,46.7725,0.0,0.0
5569.0,1.1468,0.0183,1.0,0.0796,1.2012,2.0524,1.0524,2.2801,1.2801,26.7634,2.0705,26.3019,2.0521,100.0,0.0,0.0,0.0,24.125,0.0,25.25,0.0,25.25,0.0,24.25,10.0,0.0,0.0127,52.7229,5.2723,2.0,128.553,1.8436,2.4506,1.631,1.9294,1.5741,0.0002,1.702,0.0008,3.1371,11.0,0.0789,1.0021,0.1245,2.3169,0.0059,0.9914,0.0845,2.1486,0.0,0.0,0.0,29.9732,24.0,24.0,37.0,36.0,16.0,0.0,0.0,0.0,0.0,62.5886,0.0,46.7732,0.0,0.0
5570.0,1.1506,0.0188,1.0,0.0797,1.2014,2.0532,1.0532,2.2797,1.2797,26.6911,2.0676,26.3022,2.0521,100.0,0.0,0.0,0.0,24.125,0.0,25.25,0.0,25.375,0.0,24.125,10.0,0.0,0.0116,52.7223,5.2722,2.0,131.7654,1.8479,2.4533,1.6313,1.9462,1.576,0.0002,1.7083,0.0008,3.1513,11.0,0.0787,1.0021,0.1169,2.2898,0.0058,0.988,0.0737,2.0891,0.0,0.0,0.0,29.9738,24.0,24.0,37.0,36.0,13.0,0.0,0.0,0.0,0.0,62.589,0.0,46.7737,0.0,0.0
5571.0,1.2989,0.0374,1.0,0.0799,1.202,2.0535,1.0535,2.2795,1.2795,26.5601,2.0624,26.3057,2.0522,100.0,0.0,0.0,0.0,24.125,0.0,25.375,0.0,25.25,0.0,24.125,10.0,0.0,0.0118,52.7225,5.2723,2.0,134.6599,1.8517,2.2552,1.6097,1.972,1.5788,0.0002,1.7145,0.0008,3.1638,11.0,0.0796,1.0021,0.141,2.371,0.0068,1.0517,0.0719,2.0786,0.0,0.0,0.0,29.9736,24.0,24.0,37.0,36.0,16.0,0.0,0.0,0.0,0.0,62.5889,0.0,46.7729,0.0,0.0
5572.0,1.489,0.0611,1.0,0.0798,1.2017,2.0528,1.0528,2.2795,1.2795,26.5244,2.061,26.3031,2.0521,100.0,0.0,0.0,0.0,24.125,0.0,25.375,0.0,25.25,0.0,24.125,10.0,0.0,0.0117,52.7221,5.2722,2.0,135.5836,1.8529,2.0931,1.592,1.9789,1.5795,0.0002,1.7203,0.0008,3.1858,11.0,0.0809,1.0022,0.1153,2.2838,0.0049,0.9097,0.0735,2.0884,0.0,0.0,0.0,29.973,25.0,24.0,37.0,36.0,14.0,0.0,0.0,0.0,0.0,62.5888,0.0,46.773,0.0,0.0
5573.0,1.5585,0.0698,1.0,0.0798,1.2018,2.0523,1.0523,2.2794,1.2794,26.6648,2.0666,26.3105,2.0524,100.0,0.0,0.0,0.0,24.125,0.0,25.375,0.0,25.25,0.0,24.125,10.0,0.0,0.0126,52.722,5.2722,2.0,137.6705,1.8555,2.0969,1.5924,1.983,1.58,0.0002,1.7256,0.0008,3.1986,11.0,0.0792,1.0021,0.1131,2.2754,0.006,0.9981,0.0637,2.0258,0.0,0.0,0.0,29.9732,25.0,24.0,37.0,36.0,13.0,0.0,0.0,0.0,0.0,62.5888,0.0,46.7728,0.0,0.0
5574.0,1.6264,0.0783,1.0,0.0798,1.2017,2.0524,1.0524,2.2798,1.2798,26.7521,2.0701,26.3107,2.0524,100.0,0.0,0.0,0.0,24.125,0.0,25.375,0.0,25.25,0.0,24.125,10.0,0.0,0.012,52.7217,5.2721,2.0,140.9439,1.8596,2.0613,1.5885,1.9892,1.5806,0.0002,1.7309,0.0008,3.2082,11.0,0.081,1.0022,0.1176,2.2924,0.0062,1.0109,0.0779,2.1135,0.0,0.0,0.0,29.9728,25.0,24.0,37.0,36.0,14.0,0.0,0.0,0.0,0.0,62.5889,0.0,46.7732,0.0,0.0
5575.0,1.6656,0.0832,1.0,0.08,1.2022,2.0527,1.0527,2.2798,1.2798,26.6934,2.0677,26.3014,2.0521,100.0,0.0,0.0,0.0,24.125,0.0,25.25,0.0,25.25,0.0,24.125,10.0,0.0,0.0124,52.7213,5.2722,2.0,143.1079,1.8623,2.0218,1.5842,1.9862,1.5803,0.0002,1.7358,0.0008,3.217,11.0,0.0832,1.0022,0.0996,2.22,0.0059,0.9908,0.0781,2.1142,0.0,0.0,0.0,29.973,25.0,24.0,37.0,36.0,13.0,0.0,0.0,0.0,0.0,62.5894,0.0,46.7731,0.0,0.0
5576.0,1.6931,0.0866,1.0,0.0799,1.202,2.0529,1.0529,2.2799,1.2799,26.5718,2.0629,26.2957,2.0518,100.0,0.0,0.0,0.0,24.125,0.0,25.25,0.0,25.25,0.0,24.125,10.0,0.0,0.012,52.7212,5.2721,2.0,146.4237,1.8662,1.9387,1.5751,1.9882,1.5805,0.0002,1.742,0.0008,3.2396,11.0,0.085,1.0023,0.081,2.1306,0.006,1.0023,0.0694,2.0633,0.0,0.0,0.0,29.9725,25.0,24.0,37.0,36.0,14.0,0.0,0.0,0.0,0.0,62.5886,0.0,46.7725,0.0,0.0
5577.0,1.7062,0.0883,1.0,0.0802,1.2028,2.0532,1.0532,2.2795,1.2795,26.5026,2.0601,26.3037,2.0521,100.0,0.0,0.0,0.0,24.125,0.0,25.25,0.0,25.375,0.0,24.125,10.0,0.0,0.0128,52.7209,5.2721,2.0,146.6333,1.8665,1.7088,1.5501,1.9784,1.5795,0.0002,1.7468,0.0008,3.2472,11.0,0.0843,1.0022,0.0975,2.211,0.0062,1.0126,0.0699,2.0663,0.0,0.0,0.0,29.9725,25.0,24.0,37.0,36.0,15.0,0.0,0.0,0.0,0.0,62.5878,0.0,46.7731,0.0,0.0
5578.0,1.7146,0.0893,1.0,0.08,1.2023,2.0525,1.0525,2.2792,1.2792,26.6306,2.0652,26.3202,2.0528,100.0,0.0,0.0,0.0,24.125,0.0,25.25,0.0,25.25,0.0,24.125,10.0,0.0,0.012,52.721,5.2721,2.0,148.2472,1.8684,1.7536,1.5549,1.9772,1.5793,0.0003,1.7519,0.0008,3.2652,11.0,0.078,1.0021,0.151,2.401,0.0061,1.0088,0.0618,2.0127,0.0,0.0,0.0,29.9725,25.0,24.0,37.0,36.0,15.0,0.0,0.0,0.0,0.0,62.5883,0.0,46.7729,0.0,0.0
5579.0,1.722,0.0902,1.0,0.0797,1.2015,2.0525,1.0525,2.2795,1.2795,26.7623,2.0705,26.3118,2.0525,100.0,0.0,0.0,0.0,24.125,0.0,25.25,0.0,25.25,0.0,24.25,10.0,0.0,0.0124,52.721,5.2721,2.0,151.3174,1.872,1.8084,1.5609,1.9678,1.5783,0.0003,1.7569,0.0009,3.2735,11.0,0.0762,1.002,0.1632,2.4346,0.0064,1.0308,0.0622,2.016,0.0,0.0,0.0,29.973,25.0,24.0,37.0,36.0,14.0,0.0,0.0,0.0,0.0,62.5883,0.0,46.7733,0.0,0.0
5580.0,1.7259,0.0907,1.0,0.0796,1.2012,2.0532,1.0532,2.2798,1.2798,26.7131,2.0685,26.3009,2.052,100.0,0.0,0.0,0.0,24.125,0.0,25.25,0.0,25.125,0.0,24.25,10.0,0.0,0.0116,52.7203,5.272,2.0,155.4048,1.8766,1.9102,1.572,1.9629,1.5778,0.0003,1.7618,0.0009,3.2916,11.0,0.0775,1.0021,0.1216,2.3068,0.0061,1.0081,0.0569,1.9766,0.0,0.0,0.0,29.9729,25.0,24.0,37.0,36.0,15.0,0.0,0.0,0.0,0.0,62.5889,0.0,46.7729,0.0,0.0
5581.0,1.7285,0.0911,1.0,0.0798,1.2016,2.0533,1.0533,2.2798,1.2798,26.6134,2.0645,26.296,2.0518,100.0,0.0,0.0,0.0,24.125,0.0,25.25,0.0,25.25,0.0,24.125,10.0,0.0,0.0122,52.7199,5.272,2.0,159.2135,1.8808,1.9186,1.5729,1.9542,1.5768,0.0003,1.7663,0.0009,3.3032,11.0,0.0778,1.0021,0.1286,2.3309,0.0053,0.9431,0.0729,2.0845,0.0,0.0,0.0,29.9727,24.0,24.0,37.0,36.0,15.0,0.0,0.0,0.0,0.0,62.5891,0.0,46.7735,0.0,0.0
5582.0,1.7307,0.0913,1.0,0.0798,1.2016,2.0531,1.0531,2.2795,1.2795,26.5108,2.0604,26.3055,2.0522,100.0,0.0,0.0,0.0,24.125,0.0,25.25,0.0,25.25,0.0,24.125,10.0,0.0,0.0125,52.7195,5.2719,2.0,162.0724,1.8839,1.8111,1.5612,1.941,1.5754,0.0003,1.7717,0.0009,3.3145,11.0,0.0793,1.0021,0.1063,2.2484,0.0056,0.97,0.0653,2.0367,0.0,0.0,0.0,29.9732,24.0,24.0,37.0,36.0,12.0,0.0,0.0,0.0,0.0,62.5891,0.0,46.7729,0.0,0.0
5583.0,1.7329,0.0916,1.0,0.0799,1.202,2.0524,1.0524,2.2792,1.2792,26.6191,2.0648,26.3178,2.0527,100.0,0.0,0.0,0.0,24.125,0.0,25.375,0.0,25.25,0.0,24.125,10.0,0.0,0.012,52.7194,5.272,2.0,164.2419,1.8862,1.7851,1.5584,1.9291,1.5741,0.0003,1.7767,0.0009,3.3311,11.0,0.078,1.0021,0.1239,2.3148,0.0061,1.0087,0.0692,2.0621,0.0,0.0,0.0,29.9735,24.0,24.0,37.0,36.0,13.0,0.0,0.0,0.0,0.0,62.5887,0.0,46.7734,0.0,0.0
5584.0,1.7337,0.0917,1.0,0.0796,1.2012,2.0523,1.0523,2.2796,1.2796,26.7433,2.0697,26.316,2.0526,100.0,0.0,0.0,0.0,24.125,0.0,25.375,0.0,25.125,0.0,24.25,10.0,0.0,0.0124,52.7192,5.2719,2.0,166.3309,1.8884,1.77,1.5567,1.9108,1.5721,0.0003,1.7806,0.0009,3.3454,11.0,0.0808,1.0022,0.1156,2.2849,0.0061,1.0074,0.0669,2.0473,0.0,0.0,0.0,29.9735,24.0,24.0,37.0,36.0,14.0,0.0,0.0,0.0,0.0,62.5886,0.0,46.7729,0.0,0.0
5585.0,1.7347,0.0918,1.0,0.0799,1.2019,2.053,1.053,2.2798,1.2798,26.7209,2.0688,26.3041,2.0522,100.0,0.0,0.0,0.0,24.0,0.0,25.375,0.0,25.25,0.0,24.125,10.0,0.0,0.0116,52.7187,5.2719,2.0,169.9944,1.8922,1.6906,1.5481,1.8802,1.5687,0.0003,1.7851,0.0009,3.3609,11.0,0.0847,1.0023,0.0952,2.2007,0.0061,1.0052,0.0734,2.0877,0.0,0.0,0.0,29.9732,24.0,24.0,37.0,36.0,13.0,0.0,0.0,0.0,0.0,62.5886,0.0,46.7733,0.0,0.0
5586.0,1.7356,0.0919,1.0,0.0799,1.2021,2.0529,1.0529,2.2798,1.2798,26.6209,2.0648,26.2945,2.0518,100.0,0.0,0.0,0.0,24.25,0.0,25.375,0.0,25.125,0.0,24.125,10.0,0.0,0.012,52.7185,5.2719,2.0,172.5854,1.8948,1.7623,1.5559,1.8715,1.5678,0.0003,1.7895,0.0009,3.375,11.0,0.0856,1.0023,0.1082,2.2562,0.0057,0.9798,0.0642,2.0297,0.0,0.0,0.0,29.9729,24.0,24.0,37.0,36.0,13.0,0.0,0.0,0.0,0.0,62.5887,0.0,46.7729,0.0,0.0
5587.0,1.7358,0.092,1.0,0.0803,1.2031,2.0529,1.0529,2.2795,1.2795,26.5119,2.0605,26.2958,2.0518,100.0,0.0,0.0,0.0,24.125,0.0,25.25,0.0,25.25,0.0,24.125,10.0,0.0,0.0119,52.7182,5.2718,2.0,175.7743,1.898,1.7142,1.5506,1.8467,1.5651,0.0003,1.794,0.0009,3.389,11.0,0.0857,1.0023,0.0992,2.2185,0.0054,0.952,0.0734,2.0874,0.0,0.0,0.0,29.9725,24.0,24.0,37.0,36.0,14.0,0.0,0.0,0.0,0.0,62.5889,0.0,46.7729,0.0,0.0
5588.0,1.7364,0.092,1.0,0.0802,1.2029,2.0525,1.0525,2.2794,1.2794,26.5628,2.0625,26.3153,2.0526,100.0,0.0,0.0,0.0,24.125,0.0,25.25,0.0,25.25,0.0,24.125,10.0,0.0,0.0121,52.7183,5.2719,2.0,177.1049,1.8993,1.5722,1.5352,1.8165,1.5618,0.0003,1.7975,0.0009,3.4019,11.0,0.0851,1.0023,0.0889,2.1708,0.006,0.9979,0.0838,2.1452,0.0,0.0,0.0,29.9726,24.0,24.0,37.0,36.0,14.0,0.0,0.0,0.0,0.0,62.5885,0.0,46.7731,0.0,0.0
5589.0,1.7368,0.0921,1.0,0.08,1.2022,2.0523,1.0523,2.2799,1.2799,26.7428,2.0697,26.3104,2.0524,100.0,0.0,0.0,0.0,24.125,0.0,25.25,0.0,25.25,0.0,24.125,10.0,0.0,0.0121,52.718,5.2718,2.0,180.1989,1.9023,1.6068,1.5389,1.778,1.5576,0.0003,1.802,0.0009,3.4147,11.0,0.0767,1.002,0.0771,2.1088,0.0069,1.0601,0.0761,2.1035,0.0,0.0,0.0,29.9727,24.0,24.0,37.0,36.0,13.0,0.0,0.0,0.0,0.0,62.5887,0.0,46.7732,0.0,0.0
5590.0,1.7368,0.0921,1.0,0.0799,1.2019,2.0526,1.0526,2.2799,1.2799,26.7315,2.0693,26.2929,2.0517,100.0,0.0,0.0,0.0,24.125,0.0,25.5,0.0,25.25,0.0,24.125,10.0,0.0,0.0125,52.718,5.2718,2.0,183.5595,1.9055,1.6803,1.5469,1.752,1.5548,0.0003,1.8053,0.0009,3.4261,11.0,0.0772,1.0021,0.0828,2.1398,0.0059,0.9962,0.0669,2.0474,0.0,0.0,0.0,29.9726,24.0,24.0,37.0,36.0,13.0,0.0,0.0,0.0,0.0,62.5889,0.0,46.7729,0.0,0.0
5591.0,1.7368,0.0921,1.0,0.0798,1.2017,2.0529,1.0529,2.2797,1.2797,26.6306,2.0652,26.2862,2.0514,100.0,0.0,0.0,0.0,24.125,0.0,25.25,0.0,25.25,0.0,24.125,10.0,0.0,0.0123,52.7179,5.2718,2.0,187.8014,1.9095,1.7075,1.5499,1.7325,1.5526,0.0003,1.8094,0.0009,3.4445,11.0,0.0761,1.002,0.0789,2.1191,0.0063,1.0184,0.0642,2.0294,0.0,0.0,0.0,29.9727,24.0,24.0,37.0,36.0,14.0,0.0,0.0,0.0,0.0,62.5889,0.0,46.7729,0.0,0.0
5592.0,1.7368,0.0921,1.0,0.0799,1.2019,2.0529,1.0529,2.2796,1.2796,26.5151,2.0606,26.2932,2.0517,100.0,0.0,0.0,0.0,24.125,0.0,25.25,0.0,25.25,0.0,24.125,10.0,0.0,0.0118,52.7176,5.2717,2.0,191.737,1.9131,1.6554,1.5442,1.7095,1.5501,0.0003,1.8133,0.0009,3.4582,11.0,0.0779,1.0021,0.0789,2.1191,0.0051,0.9286,0.0574,1.981,0.0,0.0,0.0,29.9724,24.0,24.0,37.0,36.0,15.0,0.0,0.0,0.0,0.0,62.5883,0.0,46.7732,0.0,0.0
5593.0,1.7359,0.092,1.0,0.0797,1.2015,2.0526,1.0526,2.2794,1.2794,26.5512,2.062,26.3111,2.0524,100.0,0.0,0.0,0.0,24.125,0.0,25.25,0.0,25.25,0.0,24.125,10.0,0.0,0.012,52.7171,5.2717,2.0,193.0167,1.9142,1.5143,1.5288,1.6904,1.548,0.0003,1.8168,0.0009,3.4691,11.0,0.076,1.002,0.0727,2.0836,0.0062,1.0124,0.0679,2.0537,0.0,0.0,0.0,29.9728,24.0,24.0,37.0,36.0,13.0,0.0,0.0,0.0,0.0,62.5884,0.0,46.7725,0.0,0.0
5594.0,1.7362,0.092,1.0,0.0797,1.2014,2.0527,1.0527,2.2794,1.2794,26.7324,2.0693,26.3191,2.0528,100.0,0.0,0.0,0.0,24.125,0.0,25.375,0.0,25.25,0.0,24.0,10.0,0.0,0.0124,52.7171,5.2717,2.0,194.7239,1.9158,1.5723,1.5352,1.6577,1.5445,0.0003,1.8211,0.0009,3.4873,11.0,0.0768,1.002,0.0713,2.0747,0.0058,0.9819,0.0642,2.0291,0.0,0.0,0.0,29.9721,24.0,24.0,37.0,36.0,13.0,0.0,0.0,0.0,0.0,62.5883,0.0,46.7723,0.0,0.0
5595.0,1.7369,0.0921,1.0,0.0795,1.2008,2.0531,1.0531,2.2799,1.2799,26.7283,2.0691,26.3048,2.0522,100.0,0.0,0.0,0.0,24.0,0.0,25.375,0.0,25.375,0.0,24.125,10.0,0.0,0.012,52.7166,5.2717,2.0,199.482,1.92,1.6146,1.5398,1.6375,1.5423,0.0003,1.8246,0.0009,3.498,11.0,0.0763,1.002,0.0735,2.088,0.0057,0.9791,0.0557,1.9678,0.0,0.0,0.0,29.9723,24.0,24.0,37.0,36.0,13.0,0.0,0.0,0.0,0.0,62.5888,0.0,46.773,0.0,0.0
5596.0,1.7369,0.0921,1.0,0.0796,1.2011,2.0532,1.0532,2.2796,1.2796,26.6376,2.0655,26.3029,2.0521,100.0,0.0,0.0,0.0,24.125,0.0,25.375,0.0,25.25,0.0,24.0,10.0,0.0,0.0127,52.7164,5.2716,2.0,202.2761,1.9224,1.5728,1.5352,1.6147,1.5398,0.0004,1.8281,0.0009,3.5138,11.0,0.0771,1.0021,0.0592,1.9939,0.0056,0.9694,0.0485,1.9072,0.0,0.0,0.0,29.9724,24.0,24.0,37.0,36.0,15.0,0.0,0.0,0.0,0.0,62.5889,0.0,46.7733,0.0,0.0
5597.0,1.7369,0.0921,1.0,0.0797,1.2014,2.0532,1.0532,2.2793,1.2793,26.5202,2.0608,26.2983,2.0519,100.0,0.0,0.0,0.0,24.0,0.0,25.25,0.0,25.25,0.0,24.125,10.0,0.0,0.0122,52.716,5.2716,2.0,204.5881,1.9244,1.5079,1.5281,1.6013,1.5383,0.0004,1.8321,0.0009,3.5311,11.0,0.0803,1.0021,0.0689,2.0602,0.0068,1.0556,0.0493,1.9146,0.0,0.0,0.0,29.9728,24.0,24.0,37.0,36.0,12.0,0.0,0.0,0.0,0.0,62.5887,0.0,46.7727,0.0,0.0
5598.0,1.7369,0.0921,1.0,0.0796,1.2013,2.0527,1.0527,2.2794,1.2794,26.5145,2.0606,26.3094,2.0524,100.0,0.0,0.0,0.0,24.125,0.0,25.25,0.0,25.25,0.0,24.125,10.0,0.0,0.0119,52.716,5.2716,2.0,207.4141,1.9267,1.5267,1.5302,1.5673,1.5346,0.0004,1.8348,0.001,3.5431,11.0,0.0786,1.0021,0.0526,1.943,0.0056,0.9731,0.0695,2.0636,0.0,0.0,0.0,29.9724,24.0,24.0,37.0,36.0,12.0,0.0,0.0,0.0,0.0,62.5885,0.0,46.7728,0.0,0.0
5599.0,1.7369,0.0921,1.0,0.0797,1.2013,2.0523,1.0523,2.2794,1.2794,26.6997,2.068,26.3173,2.0527,100.0,0.0,0.0,0.0,24.125,0.0,25.25,0.0,25.25,0.0,24.125,10.0,0.0,0.0117,52.7158,5.2716,2.0,211.8075,1.9304,1.4683,1.5238,1.5687,1.5348,0.0004,1.8396,0.001,3.5588,11.0,0.0795,1.0021,0.0581,1.9862,0.0055,0.9637,0.0632,2.0227,0.0,0.0,0.0,29.9728,24.0,24.0,37.0,36.0,15.0,0.0,0.0,0.0,0.0,62.5886,0.0,46.7731,0.0,0.0
5600.0,1.7369,0.0921,1.0,0.0798,1.2016,2.053,1.053,2.2799,1.2799,26.7451,2.0698,26.3068,2.0523,100.0,0.0,0.0,0.0,24.125,0.0,25.25,0.0,25.25,0.0,24.0,10.0,0.0,0.0122,52.7158,5.2715,2.0,212.2092,1.9307,1.3527,1.5112,1.5422,1.5319,0.0004,1.843,0.001,3.5721,11.0,0.0844,1.0023,0.0597,1.9976,0.0055,0.9617,0.0568,1.9762,0.0,0.0,0.0,29.9726,24.0,24.0,37.0,36.0,14.0,0.0,0.0,0.0,0.0,62.5891,0.0,46.7728,0.0,0.0
5601.0,1.7369,0.0921,1.0,0.0798,1.2017,2.0532,1.0532,2.2798,1.2798,26.6699,2.0668,26.299,2.052,100.0,0.0,0.0,0.0,24.125,0.0,25.25,0.0,25.25,0.0,24.125,10.0,0.0,0.0119,52.7152,5.2715,2.0,214.1538,1.9323,1.3216,1.5078,1.5207,1.5295,0.0004,1.8459,0.001,3.5883,11.0,0.0854,1.0023,0.0462,1.8868,0.0069,1.0589,0.0554,1.9657,0.0,0.0,0.0,29.9731,24.0,24.0,37.0,36.0,14.0,0.0,0.0,0.0,0.0,62.5891,0.0,46.7733,0.0,0.0
5602.0,1.7358,0.092,1.0,0.0799,1.2021,2.0533,1.0533,2.2797,1.2797,26.5544,2.0622,26.2971,2.0519,100.0,0.0,0.0,0.0,24.125,0.0,25.25,0.0,25.25,0.0,24.25,10.0,0.0,0.0116,52.7147,5.2715,2.0,215.7378,1.9336,1.2336,1.4982,1.5086,1.5282,0.0004,1.8495,0.001,3.5977,11.0,0.0845,1.0023,0.0518,1.9361,0.0056,0.971,0.0685,2.0572,0.0,0.0,0.0,29.9726,24.0,24.0,37.0,36.0,13.0,0.0,0.0,0.0,0.0,62.5891,0.0,46.7729,0.0,0.0
5603.0,1.7362,0.092,1.0,0.08,1.2022,2.0531,1.0531,2.2795,1.2795,26.5166,2.0607,26.3177,2.0527,100.0,0.0,0.0,0.0,24.125,0.0,25.25,0.0,25.25,0.0,24.125,10.0,0.0,0.0114,52.7146,5.2715,2.0,218.0476,1.9354,1.2171,1.4964,1.4825,1.5254,0.0004,1.8529,0.001,3.6125,11.0,0.0871,1.0023,0.1158,2.2854,0.0065,1.0339,0.0663,2.0434,0.0,0.0,0.0,29.9728,24.0,24.0,37.0,36.0,15.0,0.0,0.0,0.0,0.0,62.5888,0.0,46.7729,0.0,0.0
5604.0,1.7368,0.0921,1.0,0.08,1.2024,2.0526,1.0526,2.2794,1.2794,26.6821,2.0673,26.3279,2.0531,100.0,0.0,0.0,0.0,24.125,0.0,25.25,0.0,25.25,0.0,24.125,10.0,0.0,0.0126,52.7143,5.2714,2.0,220.626,1.9375,1.1778,1.4921,1.4498,1.5218,0.0004,1.8561,0.001,3.6257,11.0,0.0849,1.0023,0.1098,2.2625,0.0058,0.9837,0.062,2.014,0.0,0.0,0.0,29.9724,24.0,24.0,37.0,36.0,13.0,0.0,0.0,0.0,0.0,62.5889,0.0,46.7727,0.0,0.0
5605.0,1.7369,0.0921,1.0,0.0801,1.2027,2.0528,1.0528,2.2798,1.2798,26.7606,2.0704,26.3098,2.0524,100.0,0.0,0.0,0.0,24.125,0.0,25.25,0.0,25.25,0.0,24.125,10.0,0.0,0.0124,52.7144,5.2715,2.0,222.4805,1.9389,1.1596,1.4901,1.4289,1.5195,0.0004,1.859,0.001,3.6403,11.0,0.0842,1.0022,0.109,2.2592,0.0061,1.0057,0.059,1.9925,0.0,0.0,0.0,29.9721,24.0,24.0,37.0,36.0,15.0,0.0,0.0,0.0,0.0,62.589,0.0,46.7728,0.0,0.0
5606.0,1.7369,0.0921,1.0,0.0802,1.2029,2.0531,1.0531,2.2798,1.2798,26.6947,2.0678,26.3005,2.052,100.0,0.0,0.0,0.0,24.0,0.0,25.25,0.0,25.25,0.0,24.125,10.0,0.0,0.0123,52.7145,5.2714,2.0,224.088,1.9402,1.0881,1.4823,1.4062,1.517,0.0004,1.8621,0.001,3.6533,11.0,0.0824,1.0022,0.0982,2.2139,0.0066,1.039,0.0568,1.9764,0.0,0.0,0.0,29.9721,24.0,24.0,37.0,36.0,13.0,0.0,0.0,0.0,0.0,62.5883,0.0,46.7727,0.0,0.0
5607.0,1.7368,0.0921,1.0,0.08,1.2022,2.053,1.053,2.2797,1.2797,26.5764,2.0631,26.2957,2.0518,100.0,0.0,0.0,0.0,24.125,0.0,25.25,0.0,25.25,0.0,24.125,10.0,0.0,0.012,52.7141,5.2714,2.0,225.6959,1.9414,1.0169,1.4746,1.3842,1.5146,0.0004,1.8652,0.001,3.6711,11.0,0.0839,1.0022,0.1002,2.2229,0.0055,0.9651,0.0591,1.9937,0.0,0.0,0.0,29.9721,24.0,24.0,37.0,36.0,14.0,0.0,0.0,0.0,0.0,62.5885,0.0,46.7731,0.0,0.0
5608.0,1.7359,0.092,1.0,0.0799,1.2021,2.0532,1.0532,2.2795,1.2795,26.5045,2.0602,26.3046,2.0522,100.0,0.0,0.0,0.0,24.125,0.0,25.25,0.0,25.25,0.0,24.125,10.0,0.0,0.0126,52.7137,5.2714,2.0,226.2289,1.9418,0.9666,1.4691,1.3711,1.5132,0.0004,1.868,0.001,1.8481,10.0,0.0834,1.0022,0.0896,2.174,0.0057,0.9809,0.0653,2.0368,0.0,0.0,0.0,29.9723,24.0,24.0,37.0,36.0,14.0,0.0,0.0,0.0,0.0,62.5884,0.0,46.7727,0.0,0.0
5609.0,1.7358,0.092,1.0,0.0801,1.2026,2.0524,1.0524,2.2793,1.2793,26.6244,2.065,26.318,2.0527,100.0,0.0,0.0,0.0,24.125,0.0,25.25,0.0,25.25,0.0,24.0,10.0,0.0,0.0117,52.7132,5.2713,2.0,228.9287,1.9439,1.0356,1.4766,1.3533,1.5113,0.0004,1.8709,0.001,1.8528,10.0,0.0795,1.0021,0.0901,2.1766,0.0068,1.0526,0.0569,1.9767,0.0,0.0,0.0,29.9718,24.0,24.0,37.0,36.0,14.0,0.0,0.0,0.0,0.0,62.5887,0.0,46.7725,0.0,0.0
5610.0,1.735,0.0919,1.0,0.0799,1.202,2.0523,1.0523,2.2798,1.2798,26.7524,2.0701,26.3036,2.0521,100.0,0.0,0.0,0.0,24.125,0.0,25.25,0.0,25.125,0.0,24.0,10.0,0.0,0.0123,52.7134,5.2713,2.0,232.8168,1.9468,1.1164,1.4854,1.3293,1.5086,0.0004,1.8741,0.001,1.8575,10.0,0.0785,1.0021,0.1515,2.4021,0.0064,1.0306,0.0779,2.1135,0.0,0.0,0.0,29.9721,24.0,24.0,37.0,36.0,14.0,0.0,0.0,0.0,0.0,62.5884,0.0,46.7727,0.0,0.0
5611.0,1.7338,0.0917,1.0,0.0799,1.2019,2.0528,1.0528,2.2799,1.2799,26.7044,2.0682,26.299,2.052,100.0,0.0,0.0,0.0,24.125,0.0,25.25,0.0,25.25,0.0,24.125,10.0,0.0,0.0128,52.713,5.2713,2.0,236.4222,1.9495,1.1122,1.485,1.3067,1.5062,0.0004,1.8771,0.001,1.8611,10.0,0.0758,1.002,0.118,2.2939,0.0066,1.0435,0.0752,2.0982,0.0,0.0,0.0,29.9721,24.0,24.0,37.0,36.0,14.0,0.0,0.0,0.0,0.0,62.589,0.0,46.7727,0.0,0.0
5612.0,1.7356,0.092,1.0,0.0798,1.2017,2.0533,1.0533,2.2798,1.2798,26.5866,2.0635,26.2969,2.0519,100.0,0.0,0.0,0.0,24.125,0.0,25.25,0.0,25.25,0.0,24.125,10.0,0.0,0.0118,52.7132,5.2713,2.0,238.0863,1.9507,1.0864,1.4822,1.2862,1.504,0.0004,1.8797,0.001,1.8663,10.0,0.0765,1.002,0.146,2.3862,0.0064,1.0296,0.087,2.1615,0.0,0.0,0.0,29.9723,24.0,24.0,37.0,36.0,15.0,0.0,0.0,0.0,0.0,62.5888,0.0,46.7724,0.0,0.0
5613.0,1.7359,0.092,1.0,0.0798,1.2017,2.0533,1.0533,2.2794,1.2794,26.5002,2.06,26.3022,2.0521,100.0,0.0,0.0,0.0,24.0,0.0,25.25,0.0,25.25,0.0,24.125,10.0,0.0,0.012,52.7127,5.2713,2.0,241.4746,1.9531,1.1031,1.484,1.2764,1.5029,0.0004,1.8829,0.001,1.8705,10.0,0.078,1.0021,0.1207,2.3037,0.0056,0.9696,0.0785,2.1167,0.0,0.0,0.0,29.9722,24.0,24.0,37.0,36.0,15.0,0.0,0.0,0.0,0.0,62.5881,0.0,46.7724,0.0,0.0
5614.0,1.7359,0.092,1.0,0.0798,1.2017,2.0525,1.0525,2.2794,1.2794,26.6104,2.0644,26.3204,2.0528,100.0,0.0,0.0,0.0,24.125,0.0,25.25,0.0,25.25,0.0,24.0,10.0,0.0,0.0124,52.7123,5.2712,2.0,242.9713,1.9542,1.0299,1.476,1.2597,1.5011,0.0005,1.8856,0.001,1.8748,10.0,0.0783,1.0021,0.1158,2.2854,0.0055,0.9653,0.0734,2.0873,0.0,0.0,0.0,29.9728,24.0,24.0,37.0,36.0,14.0,0.0,0.0,0.0,0.0,62.5889,0.0,46.7732,0.0,0.0
5615.0,1.7359,0.092,1.0,0.0799,1.2021,2.0523,1.0523,2.2797,1.2797,26.7528,2.0701,26.3137,2.0525,100.0,0.0,0.0,0.0,24.0,0.0,25.25,0.0,25.25,0.0,24.125,10.0,0.0,0.0123,52.7118,5.2712,2.0,244.2126,1.9551,0.9606,1.4684,1.2435,1.4993,0.0005,1.8884,0.001,1.8788,10.0,0.0784,1.0021,0.1178,2.2931,0.0067,1.0462,0.074,2.0909,0.0,0.0,0.0,29.9723,24.0,24.0,37.0,36.0,14.0,0.0,0.0,0.0,0.0,62.5888,0.0,46.7733,0.0,0.0
5616.0,1.7359,0.092,1.0,0.0798,1.2016,2.0527,1.0527,2.2799,1.2799,26.7134,2.0685,26.303,2.0521,100.0,0.0,0.0,0.0,24.0,0.0,25.25,0.0,25.25,0.0,24.125,10.0,0.0,0.0128,52.7118,5.2712,2.0,246.1767,1.9565,0.9478,1.467,1.2309,1.4979,0.0005,1.8912,0.001,1.8838,10.0,0.079,1.0021,0.0971,2.2089,0.0064,1.0265,0.06,2.0003,0.0,0.0,0.0,29.9724,24.0,24.0,37.0,36.0,15.0,0.0,0.0,0.0,0.0,62.5892,0.0,46.773,0.0,0.0
5617.0,1.7359,0.092,1.0,0.0798,1.2017,2.053,1.053,2.2796,1.2796,26.5964,2.0639,26.2969,2.0519,100.0,0.0,0.0,0.0,24.125,0.0,25.375,0.0,25.25,0.0,24.125,10.0,0.0,0.0123,52.7116,5.2711,2.0,247.6717,1.9576,0.8918,1.4609,1.2148,1.4962,0.0005,1.8941,0.0011,1.8886,10.0,0.0814,1.0022,0.1907,2.5021,0.006,1.0023,0.0639,2.0276,0.0,0.0,0.0,29.9724,24.0,24.0,37.0,36.0,14.0,0.0,0.0,0.0,0.0,62.5884,0.0,46.7734,0.0,0.0
5618.0,1.7358,0.092,1.0,0.0799,1.2021,2.0528,1.0528,2.2795,1.2795,26.5007,2.06,26.2996,2.052,100.0,0.0,0.0,0.0,24.125,0.0,25.25,0.0,25.25,0.0,24.125,10.0,0.0,0.0124,52.7113,5.2711,2.0,249.495,1.9588,1.0118,1.474,1.2004,1.4946,0.0005,1.8967,0.0011,1.8913,10.0,0.084,1.0022,0.1787,2.4739,0.0058,0.985,0.0678,2.0529,0.0,0.0,0.0,29.9725,24.0,24.0,37.0,36.0,13.0,0.0,0.0,0.0,0.0,62.5889,0.0,46.7726,0.0,0.0
5619.0,1.7358,0.092,1.0,0.0798,1.2017,2.0523,1.0523,2.2794,1.2794,26.5928,2.0637,26.3137,2.0525,100.0,0.0,0.0,0.0,24.125,0.0,25.25,0.0,25.25,0.0,24.125,10.0,0.0,0.0123,52.7111,5.2711,2.0,255.1448,1.9627,1.0485,1.478,1.1863,1.493,0.0005,1.8996,0.0011,1.8958,10.0,0.083,1.0022,0.2402,2.6024,0.0059,0.9962,0.0789,2.1191,0.0,0.0,0.0,29.9727,24.0,24.0,37.0,36.0,13.0,0.0,0.0,0.0,0.0,62.5892,0.0,46.7735,0.0,0.0
5620.0,1.7358,0.092,1.0,0.0799,1.2019,2.0523,1.0523,2.2796,1.2796,26.7479,2.0699,26.315,2.0526,100.0,0.0,0.0,0.0,24.125,0.0,25.25,0.0,25.25,0.0,24.125,10.0,0.0,0.0126,52.7109,5.2711,2.0,260.1208,1.9661,1.1724,1.4915,1.1738,1.4917,0.0005,1.9026,0.0011,1.9009,10.0,0.0847,1.0023,0.2318,2.587,0.0064,1.0252,0.0703,2.0686,0.0,0.0,0.0,29.9726,24.0,24.0,37.0,36.0,15.0,0.0,0.0,0.0,0.0,62.5895,0.0,46.773,0.0,0.0
5621.0,1.7358,0.092,1.0,0.0799,1.2019,2.0531,1.0531,2.2798,1.2798,26.7193,2.0688,26.3029,2.0521,100.0,0.0,0.0,0.0,24.125,0.0,25.25,0.0,25.25,0.0,24.125,10.0,0.0,0.0123,52.7109,5.2711,2.0,262.3169,1.9675,1.1411,1.4881,1.1528,1.4894,0.0005,1.9048,0.0011,1.9048,10.0,0.0815,1.0022,0.1719,2.457,0.0057,0.9807,0.0721,2.0798,0.0,0.0,0.0,29.9726,24.0,24.0,37.0,36.0,13.0,0.0,0.0,0.0,0.0,62.5895,0.0,46.7735,0.0,0.0
5622.0,1.7358,0.092,1.0,0.0798,1.2018,2.0529,1.0529,2.2798,1.2798,26.621,2.0648,26.2979,2.0519,100.0,0.0,0.0,0.0,24.125,0.0,25.25,0.0,25.25,0.0,24.125,10.0,0.0,0.0114,52.7108,5.2711,2.0,266.1494,1.9701,1.1664,1.4909,1.1449,1.4885,0.0005,1.9073,0.0011,1.909,10.0,0.0805,1.0021,0.1706,2.4538,0.0066,1.0404,0.0808,2.1292,0.0,0.0,0.0,29.9727,24.0,24.0,37.0,36.0,14.0,0.0,0.0,0.0,0.0,62.5895,0.0,46.7737,0.0,0.0
5623.0,1.7368,0.0921,1.0,0.0799,1.2019,2.0529,1.0529,2.2796,1.2796,26.5067,2.0603,26.2936,2.0517,100.0,0.0,0.0,0.0,24.125,0.0,25.25,0.0,25.25,0.0,24.125,10.0,0.0,0.0117,52.7104,5.271,2.0,269.5544,1.9723,1.1935,1.4938,1.1378,1.4878,0.0005,1.9099,0.0011,1.9145,10.0,0.0793,1.0021,0.1676,2.4462,0.0059,0.9961,0.0722,2.0804,0.0,0.0,0.0,29.9726,24.0,24.0,37.0,36.0,13.0,0.0,0.0,0.0,0.0,62.5888,0.0,46.7739,0.0,0.0
5624.0,1.7369,0.0921,1.0,0.0799,1.2021,2.0525,1.0525,2.2794,1.2794,26.5532,2.0621,26.3137,2.0525,100.0,0.0,0.0,0.0,24.125,0.0,25.25,0.0,25.25,0.0,24.0,10.0,0.0,0.0119,52.7101,5.271,2.0,273.7543,1.9749,1.2471,1.4997,1.1226,1.4861,0.0005,1.9121,0.0011,1.9182,10.0,0.0814,1.0022,0.1714,2.4559,0.0063,1.0202,0.0651,2.0352,0.0,0.0,0.0,29.9719,24.0,24.0,37.0,36.0,15.0,0.0,0.0,0.0,0.0,62.5882,0.0,46.7721,0.0,0.0
5625.0,1.7368,0.0921,1.0,0.0798,1.2016,2.0527,1.0527,2.2795,1.2795,26.7147,2.0686,26.321,2.0528,100.0,0.0,0.0,0.0,24.125,0.0,25.25,0.0,25.25,0.0,24.125,10.0,0.0,0.0118,52.7099,5.271,2.0,277.3336,1.9772,1.2597,1.5011,1.109,1.4846,0.0005,1.9147,0.0011,1.922,10.0,0.0783,1.0021,0.1652,2.4399,0.0062,1.0115,0.0648,2.0336,0.0,0.0,0.0,29.9726,24.0,24.0,37.0,36.0,15.0,0.0,0.0,0.0,0.0,62.5889,0.0,46.7728,0.0,0.0
5626.0,1.7369,0.0921,1.0,0.0799,1.202,2.0529,1.0529,2.2799,1.2799,26.7232,2.0689,26.3052,2.0522,100.0,0.0,0.0,0.0,24.125,0.0,25.25,0.0,25.125,0.0,24.125,10.0,0.0,0.0125,52.7095,5.271,2.0,279.1226,1.9783,1.1395,1.4879,1.1033,1.484,0.0005,1.9177,0.0011,1.9277,10.0,0.0795,1.0021,0.141,2.371,0.0058,0.9876,0.0768,2.1073,0.0,0.0,0.0,29.9722,24.0,24.0,37.0,36.0,15.0,0.0,0.0,0.0,0.0,62.5884,0.0,46.7725,0.0,0.0
5627.0,1.7369,0.0921,1.0,0.0798,1.2018,2.0528,1.0528,2.2798,1.2798,26.6279,2.0651,26.298,2.0519,100.0,0.0,0.0,0.0,24.0,0.0,25.25,0.0,25.375,0.0,24.125,10.0,0.0,0.0124,52.7095,5.271,2.0,281.5157,1.9798,1.0968,1.4833,1.0893,1.4825,0.0005,1.92,0.0011,1.932,10.0,0.0793,1.0021,0.213,2.5503,0.0064,1.0282,0.0687,2.0588,0.0,0.0,0.0,29.9722,24.0,24.0,37.0,36.0,15.0,0.0,0.0,0.0,0.0,62.5893,0.0,46.7729,0.0,0.0
5628.0,1.7369,0.0921,1.0,0.0799,1.2019,2.0529,1.0529,2.2797,1.2797,26.5043,2.0602,26.2966,2.0519,100.0,0.0,0.0,0.0,24.125,0.0,25.25,0.0,25.125,0.0,24.0,10.0,0.0,0.0127,52.7094,5.2709,2.0,283.9635,1.9813,1.0368,1.4767,1.0849,1.482,0.0005,1.9227,0.0011,1.9364,10.0,0.0802,1.0021,0.2003,2.5236,0.0061,1.0072,0.0652,2.0358,0.0,0.0,0.0,29.9718,24.0,24.0,37.0,36.0,14.0,0.0,0.0,0.0,0.0,62.5885,0.0,46.7728,0.0,0.0
5629.0,1.7368,0.0921,1.0,0.0801,1.2025,2.0527,1.0527,2.2795,1.2795,26.5337,2.0613,26.3109,2.0524,100.0,0.0,0.0,0.0,24.125,0.0,25.25,0.0,25.25,0.0,24.125,10.0,0.0,0.012,52.7093,5.2709,2.0,284.8984,1.9819,1.0128,1.4741,1.074,1.4808,0.0005,1.9248,0.0011,1.9392,10.0,0.0785,1.0021,0.2072,2.5383,0.0059,0.9905,0.0726,2.0825,0.0,0.0,0.0,29.9721,24.0,24.0,37.0,36.0,13.0,0.0,0.0,0.0,0.0,62.5886,0.0,46.7725,0.0,0.0
5630.0,1.7361,0.092,1.0,0.0801,1.2026,2.0523,1.0523,2.2793,1.2793,26.7195,2.0688,26.3213,2.0529,100.0,0.0,0.0,0.0,24.125,0.0,25.375,0.0,25.25,0.0,24.125,10.0,0.0,0.0132,52.7086,5.2709,2.0,287.5196,1.9835,0.967,1.4691,1.0512,1.4783,0.0005,1.9273,0.0011,1.9447,10.0,0.0791,1.0021,0.2019,2.5269,0.0067,1.0465,0.0746,2.0944,0.0,0.0,0.0,29.9723,24.0,24.0,37.0,36.0,14.0,0.0,0.0,0.0,0.0,62.5889,0.0,46.773,0.0,0.0
5631.0,1.7359,0.092,1.0,0.0801,1.2026,2.053,1.053,2.2798,1.2798,26.7413,2.0697,26.3056,2.0522,100.0,0.0,0.0,0.0,24.125,0.0,25.375,0.0,25.25,0.0,24.125,10.0,0.0,0.0128,52.7087,5.2709,2.0,289.7349,1.9848,0.9781,1.4703,1.0462,1.4778,0.0005,1.9298,0.0011,1.9483,10.0,0.0803,1.0021,0.1647,2.4386,0.0066,1.0427,0.0829,2.1404,0.0,0.0,0.0,29.9723,24.0,24.0,37.0,36.0,14.0,0.0,0.0,0.0,0.0,62.5891,0.0,46.773,0.0,0.0
5632.0,1.7369,0.0921,1.0,0.0798,1.2017,2.0531,1.0531,2.2799,1.2799,26.6416,2.0657,26.2983,2.0519,100.0,0.0,0.0,0.0,24.125,0.0,25.375,0.0,25.25,0.0,24.125,10.0,0.0,0.0118,52.7084,5.2708,2.0,295.248,1.9881,1.104,1.4841,1.0173,1.4746,0.0006,1.9316,0.0011,1.9531,10.0,0.0796,1.0021,0.1957,2.5134,0.0061,1.0095,0.0968,2.2076,0.0,0.0,0.0,29.9721,24.0,24.0,37.0,36.0,14.0,0.0,0.0,0.0,0.0,62.5892,0.0,46.7729,0.0,0.0
5633.0,1.7369,0.0921,1.0,0.08,1.2022,2.053,1.053,2.2798,1.2798,26.5466,2.0619,26.2941,2.0518,100.0,0.0,0.0,0.0,24.125,0.0,25.375,0.0,25.25,0.0,24.0,10.0,0.0,0.0119,52.7087,5.2709,2.0,300.7031,1.9913,1.1994,1.4945,1.0141,1.4743,0.0006,1.9337,0.0011,1.9573,10.0,0.0757,1.002,0.1682,2.4476,0.006,1.0011,0.0837,2.1444,0.0,0.0,0.0,29.9719,24.0,24.0,37.0,36.0,15.0,0.0,0.0,0.0,0.0,62.5886,0.0,46.7728,0.0,0.0
5634.0,1.7369,0.0921,1.0,0.0799,1.202,2.0527,1.0527,2.2796,1.2796,26.5268,2.0611,26.3085,2.0523,100.0,0.0,0.0,0.0,24.125,0.0,25.375,0.0,25.25,0.0,24.125,10.0,0.0,0.0122,52.7082,5.2708,2.0,304.4183,1.9934,1.1567,1.4898,0.9986,1.4726,0.0006,1.936,0.0011,1.9621,10.0,0.0768,1.002,0.1865,2.4926,0.0051,0.9256,0.0929,2.1896,0.0,0.0,0.0,29.9719,24.0,24.0,37.0,36.0,15.0,0.0,0.0,0.0,0.0,62.5887,0.0,46.773,0.0,0.0
5635.0,1.7369,0.0921,1.0,0.0799,1.202,2.0523,1.0523,2.2794,1.2794,26.6909,2.0676,26.3237,2.0529,100.0,0.0,0.0,0.0,24.125,0.0,25.375,0.0,25.25,0.0,24.125,10.0,0.0,0.0124,52.7077,5.2708,2.0,305.1763,1.9938,1.0142,1.4743,0.994,1.4721,0.0006,1.9384,0.0011,1.9665,10.0,0.0763,1.002,0.1696,2.4513,0.0066,1.0431,0.0854,2.1531,0.0,0.0,0.0,29.9722,24.0,24.0,37.0,36.0,16.0,0.0,0.0,0.0,0.0,62.5891,0.0,46.7729,0.0,0.0
5636.0,1.7368,0.0921,1.0,0.0797,1.2014,2.0526,1.0526,2.2799,1.2799,26.7457,2.0698,26.3081,2.0523,100.0,0.0,0.0,0.0,24.125,0.0,25.375,0.0,25.25,0.0,24.125,10.0,0.0,0.0116,52.7076,5.2707,2.0,305.6476,1.9941,0.8877,1.4605,0.9909,1.4717,0.0006,1.9408,0.0012,1.9716,10.0,0.0756,1.002,0.1237,2.3143,0.0066,1.0402,0.0879,2.1657,0.0,0.0,0.0,29.9719,24.0,24.0,37.0,36.0,12.0,0.0,0.0,0.0,0.0,62.5887,0.0,46.773,0.0,0.0
5637.0,1.7353,0.0919,1.0,0.0798,1.2018,2.0527,1.0527,2.28,1.28,26.6656,2.0666,26.2908,2.0516,100.0,0.0,0.0,0.0,24.125,0.0,25.375,0.0,25.125,0.0,24.125,10.0,0.0,0.012,52.7074,5.2708,2.0,305.6885,1.9941,0.7684,1.4475,0.9843,1.471,0.0006,1.9431,0.0012,1.9757,10.0,0.0738,1.002,0.1467,2.3884,0.0065,1.0361,0.0914,2.1827,0.0,0.0,0.0,29.9715,24.0,24.0,37.0,36.0,15.0,0.0,0.0,0.0,0.0,62.5883,0.0,46.7726,0.0,0.0
5638.0,1.7338,0.0917,1.0,0.0797,1.2014,2.0527,1.0527,2.2801,1.2801,26.5426,2.0617,26.2851,2.0514,100.0,0.0,0.0,0.0,24.125,0.0,25.25,0.0,25.25,0.0,24.0,10.0,0.0,0.0122,52.7072,5.2707,2.0,308.0001,1.9954,0.8552,1.4569,0.9718,1.4697,0.0006,1.9452,0.0012,1.9805,10.0,0.0749,1.002,0.1279,2.3289,0.006,1.0003,0.0791,2.1198,0.0,0.0,0.0,29.9716,24.0,24.0,37.0,36.0,13.0,0.0,0.0,0.0,0.0,62.5887,0.0,46.7727,0.0,0.0
5639.0,1.7352,0.0919,1.0,0.0801,1.2025,2.0528,1.0528,2.2795,1.2795,26.5135,2.0605,26.3078,2.0523,100.0,0.0,0.0,0.0,24.125,0.0,25.25,0.0,25.25,0.0,24.125,10.0,0.0,0.0122,52.7073,5.2707,2.0,311.2669,1.9973,0.8785,1.4595,0.9679,1.4692,0.0006,1.9473,0.0012,1.9841,10.0,0.0778,1.0021,0.1378,2.3611,0.0059,0.9941,0.0725,2.0822,0.0,0.0,0.0,29.972,24.0,24.0,37.0,36.0,12.0,0.0,0.0,0.0,0.0,62.5884,0.0,46.7732,0.0,0.0
5640.0,1.7358,0.092,1.0,0.08,1.2022,2.0525,1.0525,2.2794,1.2794,26.6743,2.067,26.3239,2.053,100.0,0.0,0.0,0.0,24.0,0.0,25.25,0.0,25.375,0.0,24.125,10.0,0.0,0.0117,52.7072,5.2707,2.0,318.1934,2.0011,1.0056,1.4733,0.958,1.4681,0.0006,1.9499,0.0012,1.9892,10.0,0.0801,1.0021,0.136,2.3555,0.0062,1.013,0.0802,2.1261,0.0,0.0,0.0,29.9722,24.0,24.0,37.0,36.0,14.0,0.0,0.0,0.0,0.0,62.589,0.0,46.773,0.0,0.0
5641.0,1.7358,0.092,1.0,0.0799,1.202,2.0525,1.0525,2.2799,1.2799,26.7519,2.0701,26.309,2.0524,100.0,0.0,0.0,0.0,24.125,0.0,25.25,0.0,25.25,0.0,24.125,10.0,0.0,0.0119,52.7067,5.2707,2.0,321.6687,2.003,1.0396,1.477,0.9517,1.4675,0.0006,1.952,0.0012,1.994,10.0,0.0823,1.0022,0.1113,2.2685,0.007,1.0672,0.0818,2.1346,0.0,0.0,0.0,29.9722,24.0,24.0,37.0,36.0,14.0,0.0,0.0,0.0,0.0,62.5885,0.0,46.773,0.0,0.0
5642.0,1.7338,0.0917,1.0,0.0801,1.2024,2.0529,1.0529,2.2798,1.2798,26.6799,2.0672,26.2901,2.0516,100.0,0.0,0.0,0.0,24.125,0.0,25.25,0.0,25.25,0.0,24.0,10.0,0.0,0.0123,52.7066,5.2707,2.0,326.3001,2.0054,1.0466,1.4778,0.9392,1.4661,0.0006,1.954,0.0012,1.9986,10.0,0.0835,1.0022,0.1151,2.283,0.0062,1.0124,0.0759,2.1023,0.0,0.0,0.0,29.9717,24.0,24.0,37.0,36.0,14.0,0.0,0.0,0.0,0.0,62.5885,0.0,46.7729,0.0,0.0
5643.0,1.734,0.0918,1.0,0.0799,1.2019,2.053,1.053,2.2797,1.2797,26.5602,2.0624,26.2858,2.0514,100.0,0.0,0.0,0.0,24.125,0.0,25.25,0.0,25.25,0.0,24.0,10.0,0.0,0.0118,52.7062,5.2706,2.0,327.1894,2.0059,0.9228,1.4643,0.929,1.465,0.0006,1.956,0.0012,2.0033,10.0,0.0823,1.0022,0.1117,2.2698,0.0062,1.0172,0.0798,2.124,0.0,0.0,0.0,29.9717,24.0,24.0,37.0,36.0,14.0,0.0,0.0,0.0,0.0,62.5889,0.0,46.773,0.0,0.0
5644.0,1.7357,0.092,1.0,0.0801,1.2026,2.0528,1.0528,2.2795,1.2795,26.5048,2.0602,26.2971,2.0519,100.0,0.0,0.0,0.0,24.125,0.0,25.25,0.0,25.25,0.0,24.0,10.0,0.0,0.0121,52.7058,5.2706,2.0,328.972,2.0069,0.8931,1.4611,0.9195,1.4639,0.0006,1.9577,0.0012,2.008,10.0,0.0824,1.0022,0.0997,2.2206,0.006,1.0019,0.0755,2.0995,0.0,0.0,0.0,29.9718,24.0,24.0,37.0,36.0,14.0,0.0,0.0,0.0,0.0,62.5887,0.0,46.7727,0.0,0.0
5645.0,1.7358,0.092,1.0,0.0799,1.202,2.0525,1.0525,2.2792,1.2792,26.6379,2.0655,26.3239,2.053,100.0,0.0,0.0,0.0,24.125,0.0,25.25,0.0,25.375,0.0,24.125,10.0,0.0,0.0126,52.7055,5.2705,2.0,330.1902,2.0075,0.8314,1.4543,0.9113,1.4631,0.0006,1.9598,0.0012,2.013,10.0,0.0836,1.0022,0.084,2.1462,0.0059,0.996,0.0689,2.06,0.0,0.0,0.0,29.9719,24.0,24.0,37.0,36.0,13.0,0.0,0.0,0.0,0.0,62.5889,0.0,46.7724,0.0,0.0
5646.0,1.7349,0.0919,1.0,0.0798,1.2017,2.0528,1.0528,2.2794,1.2794,26.7628,2.0705,26.3209,2.0528,100.0,0.0,0.0,0.0,24.125,0.0,25.25,0.0,25.375,0.0,24.0,10.0,0.0,0.0127,52.7058,5.2706,2.0,334.1853,2.0096,0.9342,1.4655,0.9031,1.4622,0.0006,1.9619,0.0012,2.0174,10.0,0.079,1.0021,0.0793,2.1209,0.007,1.065,0.0783,2.1157,0.0,0.0,0.0,29.9717,24.0,24.0,37.0,36.0,14.0,0.0,0.0,0.0,0.0,62.5883,0.0,46.7726,0.0,0.0
5647.0,1.7338,0.0917,1.0,0.0798,1.2018,2.0533,1.0533,2.2794,1.2794,26.7001,2.068,26.3058,2.0522,100.0,0.0,0.0,0.0,24.125,0.0,25.25,0.0,25.125,0.0,24.125,10.0,0.0,0.0123,52.7056,5.2706,2.0,338.4511,2.0118,0.9482,1.4671,0.9014,1.462,0.0006,1.964,0.0012,2.0215,10.0,0.0742,1.002,0.0793,2.1214,0.0063,1.0233,0.0808,2.1293,0.0,0.0,0.0,29.9717,24.0,24.0,37.0,36.0,13.0,0.0,0.0,0.0,0.0,62.5892,0.0,46.7731,0.0,0.0
5648.0,1.7348,0.0918,1.0,0.08,1.2022,2.0532,1.0532,2.2798,1.2798,26.603,2.0641,26.2968,2.0519,100.0,0.0,0.0,0.0,24.125,0.0,25.375,0.0,25.25,0.0,24.0,10.0,0.0,0.0123,52.7054,5.2705,2.0,341.2173,2.0132,0.9182,1.4638,0.8951,1.4613,0.0006,1.9657,0.0012,2.0251,10.0,0.0761,1.002,0.079,2.1194,0.0064,1.0296,0.0731,2.0858,0.0,0.0,0.0,29.9717,24.0,24.0,37.0,36.0,13.0,0.0,0.0,0.0,0.0,62.5892,0.0,46.7728,0.0,0.0
5649.0,1.7366,0.0921,1.0,0.08,1.2022,2.053,1.053,2.2795,1.2795,26.5097,2.0604,26.302,2.0521,100.0,0.0,0.0,0.0,24.125,0.0,25.25,0.0,25.125,0.0,24.125,10.0,0.0,0.0123,52.7052,5.2705,2.0,345.0682,2.0152,0.9058,1.4624,0.8892,1.4606,0.0006,1.968,0.0012,2.0301,10.0,0.0768,1.002,0.0615,2.0107,0.0055,0.9584,0.0665,2.0444,0.0,0.0,0.0,29.9718,24.0,24.0,37.0,36.0,14.0,0.0,0.0,0.0,0.0,62.5892,0.0,46.7732,0.0,0.0
5650.0,1.7375,0.0922,1.0,0.08,1.2022,2.0528,1.0528,2.2794,1.2794,26.6214,2.0649,26.3197,2.0528,100.0,0.0,0.0,0.0,24.125,0.0,25.25,0.0,25.25,0.0,24.0,10.0,0.0,0.0124,52.7051,5.2705,2.0,344.8192,2.015,0.7989,1.4508,0.877,1.4593,0.0006,1.9698,0.0012,2.0359,10.0,0.084,1.0022,0.0715,2.0762,0.0066,1.0432,0.0698,2.066,0.0,0.0,0.0,29.9716,24.0,24.0,37.0,36.0,15.0,0.0,0.0,0.0,0.0,62.5891,0.0,46.7729,0.0,0.0
5651.0,1.7379,0.0922,1.0,0.0801,1.2025,2.0523,1.0523,2.2797,1.2797,26.7559,2.0702,26.3144,2.0526,100.0,0.0,0.0,0.0,24.25,0.0,25.25,0.0,25.125,0.0,24.0,10.0,0.0,0.0122,52.7047,5.2705,2.0,344.8524,2.0151,0.7296,1.4432,0.8685,1.4584,0.0007,1.9715,0.0012,2.039,10.0,0.0835,1.0022,0.0642,2.0295,0.0066,1.0409,0.0709,2.0726,0.0,0.0,0.0,29.9715,24.0,24.0,37.0,36.0,13.0,0.0,0.0,0.0,0.0,62.5885,0.0,46.7722,0.0,0.0
5652.0,1.7374,0.0922,1.0,0.0799,1.2019,2.0528,1.0528,2.2801,1.2801,26.7133,2.0685,26.2959,2.0518,100.0,0.0,0.0,0.0,24.125,0.0,25.25,0.0,25.25,0.0,24.125,10.0,0.0,0.0123,52.7045,5.2705,2.0,346.3098,2.0158,0.6483,1.4344,0.8671,1.4582,0.0007,1.9736,0.0012,2.045,10.0,0.0795,1.0021,0.12,2.3012,0.0058,0.9876,0.0638,2.0268,0.0,0.0,0.0,29.9716,24.0,24.0,37.0,36.0,16.0,0.0,0.0,0.0,0.0,62.5888,0.0,46.773,0.0,0.0
5653.0,1.7369,0.0921,1.0,0.0798,1.2018,2.0532,1.0532,2.2798,1.2798,26.5923,2.0637,26.2978,2.0519,100.0,0.0,0.0,0.0,24.125,0.0,25.25,0.0,25.25,0.0,24.0,10.0,0.0,0.0126,52.7046,5.2705,2.0,348.0786,2.0167,0.6411,1.4336,0.869,1.4584,0.0007,1.9758,0.0012,2.051,10.0,0.0773,1.0021,0.1328,2.345,0.0067,1.0447,0.0639,2.0271,0.0,0.0,0.0,29.9715,24.0,24.0,37.0,36.0,14.0,0.0,0.0,0.0,0.0,62.5883,0.0,46.773,0.0,0.0
5654.0,1.7359,0.092,1.0,0.0798,1.2018,2.0529,1.0529,2.2795,1.2795,26.4995,2.06,26.2985,2.0519,100.0,0.0,0.0,0.0,24.125,0.0,25.25,0.0,25.25,0.0,24.125,10.0,0.0,0.0118,52.7042,5.2704,2.0,349.3771,2.0173,0.6286,1.4322,0.8574,1.4572,0.0007,1.9775,0.0013,2.0553,10.0,0.0806,1.0021,0.1172,2.2909,0.0054,0.9575,0.0628,2.0197,0.0,0.0,0.0,29.9725,24.0,24.0,37.0,36.0,14.0,0.0,0.0,0.0,0.0,62.589,0.0,46.7731,0.0,0.0
5655.0,1.7349,0.0919,1.0,0.0798,1.2017,2.0524,1.0524,2.2795,1.2795,26.5947,2.0638,26.3081,2.0523,100.0,0.0,0.0,0.0,24.125,0.0,25.25,0.0,25.25,0.0,24.125,10.0,0.0,0.0123,52.704,5.2704,2.0,351.7626,2.0185,0.6558,1.4352,0.847,1.456,0.0007,1.9795,0.0013,2.0603,10.0,0.0776,1.0021,0.1244,2.3166,0.0056,0.9725,0.0643,2.0303,0.0,0.0,0.0,29.9716,24.0,24.0,37.0,36.0,16.0,0.0,0.0,0.0,0.0,62.5886,0.0,46.7726,0.0,0.0
5656.0,1.7358,0.092,1.0,0.0798,1.2017,2.0523,1.0523,2.2795,1.2795,26.7342,2.0694,26.3106,2.0524,100.0,0.0,0.0,0.0,24.125,0.0,25.25,0.0,25.25,0.0,24.125,10.0,0.0,0.0123,52.7041,5.2704,2.0,353.1901,2.0192,0.6037,1.4295,0.8422,1.4555,0.0007,1.9808,0.0013,2.064,10.0,0.0767,1.002,0.1036,2.2371,0.0067,1.0477,0.0867,2.1598,0.0,0.0,0.0,29.9717,24.0,24.0,37.0,36.0,13.0,0.0,0.0,0.0,0.0,62.5883,0.0,46.7728,0.0,0.0
5657.0,1.7368,0.0921,1.0,0.0799,1.2019,2.0526,1.0526,2.28,1.28,26.722,2.0689,26.2944,2.0518,100.0,0.0,0.0,0.0,24.0,0.0,25.25,0.0,25.125,0.0,24.125,10.0,0.0,0.0118,52.7039,5.2704,2.0,357.41,2.0213,0.703,1.4403,0.8419,1.4555,0.0007,1.9832,0.0013,2.069,10.0,0.083,1.0022,0.0948,2.1987,0.0057,0.9769,0.0796,2.1228,0.0,0.0,0.0,29.9716,24.0,24.0,37.0,36.0,15.0,0.0,0.0,0.0,0.0,62.5883,0.0,46.7728,0.0,0.0
5658.0,1.7369,0.0921,1.0,0.08,1.2022,2.0527,1.0527,2.28,1.28,26.622,2.0649,26.2862,2.0514,100.0,0.0,0.0,0.0,24.25,0.0,25.375,0.0,25.25,0.0,24.0,10.0,0.0,0.0123,52.7035,5.2703,2.0,359.4081,2.0222,0.651,1.4347,0.8291,1.4541,0.0007,1.985,0.0013,2.0729,10.0,0.0839,1.0022,0.1016,2.2285,0.0062,1.0166,0.0727,2.0832,0.0,0.0,0.0,29.9718,24.0,24.0,37.0,36.0,14.0,0.0,0.0,0.0,0.0,62.5888,0.0,46.7728,0.0,0.0
5659.0,1.7369,0.0921,1.0,0.0799,1.2019,2.0529,1.0529,2.2795,1.2795,26.5041,2.0602,26.2905,2.0516,100.0,0.0,0.0,0.0,24.125,0.0,25.375,0.0,25.25,0.0,24.0,10.0,0.0,0.0121,52.7032,5.2703,2.0,360.9068,2.023,0.6045,1.4296,0.8114,1.4522,0.0007,1.9865,0.0013,2.0769,10.0,0.0817,1.0022,0.0976,2.2112,0.0063,1.0198,0.0818,2.1346,0.0,0.0,0.0,29.9708,24.0,24.0,37.0,36.0,15.0,0.0,0.0,0.0,0.0,62.5885,0.0,46.7722,0.0,0.0
5660.0,1.7369,0.0921,1.0,0.0798,1.2017,2.0526,1.0526,2.2794,1.2794,26.5554,2.0622,26.3116,2.0525,100.0,0.0,0.0,0.0,24.0,0.0,25.25,0.0,25.25,0.0,24.125,10.0,0.0,0.012,52.7032,5.2703,2.0,363.1571,2.024,0.6755,1.4373,0.8117,1.4522,0.0007,1.9882,0.0013,2.0819,10.0,0.0793,1.0021,0.0929,2.1898,0.0052,0.938,0.0827,2.1392,0.0,0.0,0.0,29.9714,24.0,24.0,37.0,36.0,15.0,0.0,0.0,0.0,0.0,62.5885,0.0,46.7723,0.0,0.0
5661.0,1.7363,0.092,1.0,0.0796,1.2013,2.0522,1.0522,2.2795,1.2795,26.7263,2.0691,26.3139,2.0526,100.0,0.0,0.0,0.0,24.0,0.0,25.25,0.0,25.125,0.0,24.125,10.0,0.0,0.012,52.7032,5.2703,2.0,367.3287,2.026,0.6982,1.4398,0.806,1.4516,0.0007,1.9898,0.0013,2.0873,10.0,0.0744,1.002,0.101,2.2264,0.0055,0.9608,0.0784,2.1164,0.0,0.0,0.0,29.9713,24.0,24.0,37.0,36.0,14.0,0.0,0.0,0.0,0.0,62.5885,0.0,46.7724,0.0,0.0
5662.0,1.7359,0.092,1.0,0.0801,1.2025,2.0527,1.0527,2.2799,1.2799,26.7394,2.0696,26.2978,2.0519,100.0,0.0,0.0,0.0,24.125,0.0,25.25,0.0,25.25,0.0,24.0,10.0,0.0,0.0127,52.7031,5.2703,2.0,369.0539,2.0268,0.6978,1.4398,0.8053,1.4515,0.0007,1.9919,0.0013,2.0903,10.0,0.0782,1.0021,0.0707,2.0715,0.0057,0.9798,0.0858,2.1553,0.0,0.0,0.0,29.9722,24.0,24.0,37.0,36.0,13.0,0.0,0.0,0.0,0.0,62.5896,0.0,46.7733,0.0,0.0
5663.0,1.7355,0.0919,1.0,0.0799,1.202,2.0529,1.0529,2.2798,1.2798,26.6324,2.0653,26.288,2.0515,100.0,0.0,0.0,0.0,24.125,0.0,25.375,0.0,25.25,0.0,23.875,10.0,0.0,0.0123,52.7026,5.2703,2.0,372.5163,2.0285,0.7081,1.4409,0.7969,1.4506,0.0007,1.9939,0.0013,2.0956,10.0,0.0806,1.0021,0.0719,2.0785,0.0057,0.9781,0.1021,2.2308,0.0,0.0,0.0,29.9719,24.0,24.0,37.0,36.0,14.0,0.0,0.0,0.0,0.0,62.5893,0.0,46.7728,0.0,0.0
5664.0,1.7348,0.0918,1.0,0.0803,1.2031,2.0527,1.0527,2.28,1.28,26.5181,2.0607,26.2837,2.0513,100.0,0.0,0.0,0.0,24.0,0.0,25.375,0.0,25.25,0.0,24.0,10.0,0.0,0.0121,52.7027,5.2702,2.0,376.6553,2.0304,0.8099,1.452,0.7945,1.4503,0.0007,1.9955,0.0013,2.1001,10.0,0.0834,1.0022,0.1345,2.3504,0.0058,0.9854,0.1042,2.2399,0.0,0.0,0.0,29.9711,24.0,24.0,37.0,36.0,14.0,0.0,0.0,0.0,0.0,62.5881,0.0,46.7725,0.0,0.0
5665.0,1.7351,0.0919,1.0,0.08,1.2023,2.0526,1.0526,2.2795,1.2795,26.5434,2.0617,26.3034,2.0521,100.0,0.0,0.0,0.0,24.125,0.0,25.25,0.0,25.125,0.0,24.0,10.0,0.0,0.0123,52.7024,5.2702,2.0,381.7126,2.0327,0.8076,1.4517,0.7823,1.449,0.0007,1.9969,0.0013,2.1049,10.0,0.082,1.0022,0.115,2.2827,0.0054,0.9531,0.0975,2.211,0.0,0.0,0.0,29.9712,24.0,24.0,37.0,36.0,15.0,0.0,0.0,0.0,0.0,62.5889,0.0,46.7728,0.0,0.0
5666.0,1.7368,0.0921,1.0,0.0799,1.202,2.0521,1.0521,2.2796,1.2796,26.7141,2.0686,26.3115,2.0525,100.0,0.0,0.0,0.0,24.25,0.0,25.25,0.0,25.125,0.0,24.125,10.0,0.0,0.0123,52.7022,5.2702,2.0,385.0035,2.0342,0.8502,1.4564,0.7822,1.449,0.0007,1.9991,0.0013,2.1099,10.0,0.0838,1.0022,0.1531,2.4068,0.0062,1.0162,0.0951,2.2002,0.0,0.0,0.0,29.9714,24.0,24.0,37.0,36.0,14.0,0.0,0.0,0.0,0.0,62.5887,0.0,46.7724,0.0,0.0
5667.0,1.7377,0.0922,1.0,0.0798,1.2018,2.0526,1.0526,2.2799,1.2799,26.743,2.0697,26.2978,2.0519,100.0,0.0,0.0,0.0,24.125,0.0,25.25,0.0,25.25,0.0,24.0,10.0,0.0,0.0129,52.7019,5.2701,2.0,387.3307,2.0352,0.8091,1.4519,0.7796,1.4487,0.0007,2.0005,0.0013,2.1144,10.0,0.0814,1.0022,0.1076,2.2538,0.0063,1.024,0.0919,2.1849,0.0,0.0,0.0,29.9717,24.0,24.0,37.0,36.0,15.0,0.0,0.0,0.0,0.0,62.5889,0.0,46.773,0.0,0.0
5668.0,1.7365,0.0921,1.0,0.0797,1.2015,2.0531,1.0531,2.2797,1.2797,26.6436,2.0657,26.2979,2.0519,100.0,0.0,0.0,0.0,24.125,0.0,25.375,0.0,25.25,0.0,24.125,10.0,0.0,0.0118,52.7018,5.2702,2.0,391.5042,2.0371,0.8112,1.4521,0.7652,1.4471,0.0007,2.0022,0.0013,2.1195,10.0,0.0759,1.002,0.1154,2.2841,0.0063,1.0189,0.0837,2.1447,0.0,0.0,0.0,29.9711,24.0,24.0,37.0,36.0,14.0,0.0,0.0,0.0,0.0,62.5881,0.0,46.7728,0.0,0.0
5669.0,1.7368,0.0921,1.0,0.0797,1.2014,2.0529,1.0529,2.2798,1.2798,26.534,2.0614,26.2903,2.0516,100.0,0.0,0.0,0.0,24.125,0.0,25.375,0.0,25.125,0.0,24.0,10.0,0.0,0.0121,52.7016,5.2702,2.0,394.1617,2.0383,0.7982,1.4507,0.7658,1.4472,0.0008,2.0038,0.0013,2.1234,10.0,0.0764,1.002,0.1135,2.2768,0.006,0.9977,0.0841,2.1466,0.0,0.0,0.0,29.9713,24.0,24.0,37.0,36.0,15.0,0.0,0.0,0.0,0.0,62.5889,0.0,46.773,0.0,0.0
5670.0,1.7368,0.0921,1.0,0.0799,1.2019,2.0523,1.0523,2.2799,1.2799,26.532,2.0613,26.2972,2.0519,100.0,0.0,0.0,0.0,24.0,0.0,25.375,0.0,25.25,0.0,24.125,10.0,0.0,0.0123,52.7017,5.2702,2.0,395.0271,2.0387,0.7929,1.4501,0.762,1.4468,0.0008,2.0055,0.0013,2.1281,10.0,0.0756,1.002,0.1134,2.2763,0.006,1.0019,0.0797,2.1232,0.0,0.0,0.0,29.9719,24.0,24.0,37.0,36.0,14.0,0.0,0.0,0.0,0.0,62.5888,0.0,46.7728,0.0,0.0
5671.0,1.7368,0.0921,1.0,0.0799,1.2021,2.0519,1.0519,2.2798,1.2798,26.6815,2.0673,26.3039,2.0522,100.0,0.0,0.0,0.0,24.25,0.0,25.25,0.0,25.25,0.0,24.0,10.0,0.0,0.012,52.7013,5.2701,2.0,401.5565,2.0415,0.8754,1.4591,0.7535,1.4458,0.0008,2.0073,0.0013,2.1317,10.0,0.0811,1.0022,0.1157,2.2851,0.0062,1.0145,0.069,2.0607,0.0,0.0,0.0,29.9715,24.0,24.0,37.0,36.0,14.0,0.0,0.0,0.0,0.0,62.5887,0.0,46.7729,0.0,0.0
5672.0,1.7368,0.0921,1.0,0.08,1.2024,2.0521,1.0521,2.2801,1.2801,26.7482,2.0699,26.2982,2.0519,100.0,0.0,0.0,0.0,24.125,0.0,25.375,0.0,25.125,0.0,24.0,10.0,0.0,0.0123,52.7011,5.2701,2.0,404.4109,2.0427,0.835,1.4547,0.7483,1.4453,0.0008,2.009,0.0013,2.1368,10.0,0.0837,1.0022,0.1621,2.4316,0.0061,1.0074,0.0727,2.0835,0.0,0.0,0.0,29.9717,24.0,24.0,37.0,36.0,14.0,0.0,0.0,0.0,0.0,62.5889,0.0,46.7727,0.0,0.0
5673.0,1.7358,0.092,1.0,0.0799,1.202,2.0525,1.0525,2.2798,1.2798,26.6804,2.0672,26.2901,2.0516,100.0,0.0,0.0,0.0,24.0,0.0,25.375,0.0,25.375,0.0,24.125,10.0,0.0,0.0121,52.701,5.27,2.0,408.2112,2.0444,0.8624,1.4577,0.7503,1.4455,0.0008,2.0105,0.0014,2.1415,10.0,0.0853,1.0023,0.1442,2.3807,0.0059,0.9959,0.0643,2.0299,0.0,0.0,0.0,29.9714,24.0,24.0,37.0,36.0,14.0,0.0,0.0,0.0,0.0,62.5883,0.0,46.7726,0.0,0.0
5674.0,1.7338,0.0917,1.0,0.0799,1.2021,2.0527,1.0527,2.2797,1.2797,26.5498,2.062,26.2848,2.0514,100.0,0.0,0.0,0.0,24.0,0.0,25.25,0.0,25.25,0.0,24.0,10.0,0.0,0.0122,52.7008,5.27,2.0,411.7945,2.0459,0.7473,1.4452,0.7421,1.4446,0.0008,2.0123,0.0014,2.1454,10.0,0.079,1.0021,0.1631,2.4344,0.006,0.998,0.0673,2.05,0.0,0.0,0.0,29.9713,24.0,24.0,37.0,36.0,15.0,0.0,0.0,0.0,0.0,62.5885,0.0,46.7725,0.0,0.0
5675.0,1.7338,0.0917,1.0,0.0799,1.2019,2.0524,1.0524,2.2797,1.2797,26.5243,2.061,26.2974,2.0519,100.0,0.0,0.0,0.0,24.125,0.0,25.25,0.0,25.125,0.0,24.125,10.0,0.0,0.012,52.7004,5.2701,2.0,410.8106,2.0455,0.7347,1.4438,0.7376,1.4441,0.0008,2.0139,0.0014,2.1512,10.0,0.0795,1.0021,0.1507,2.4001,0.0066,1.0403,0.0662,2.0426,0.0,0.0,0.0,29.971,24.0,24.0,37.0,36.0,13.0,0.0,0.0,0.0,0.0,62.5887,0.0,46.7722,0.0,0.0
5676.0,1.7344,0.0918,1.0,0.0799,1.2019,2.0519,1.0519,2.2798,1.2798,26.6568,2.0663,26.3028,2.0521,100.0,0.0,0.0,0.0,24.125,0.0,25.25,0.0,25.25,0.0,24.125,10.0,0.0,0.0117,52.7001,5.27,2.0,413.0176,2.0464,0.6455,1.4341,0.7417,1.4445,0.0008,2.0156,0.0014,2.1554,10.0,0.078,1.0021,0.1329,2.3454,0.0065,1.036,0.0766,2.1059,0.0,0.0,0.0,29.9708,24.0,24.0,37.0,36.0,14.0,0.0,0.0,0.0,0.0,62.5886,0.0,46.7723,0.0,0.0
5677.0,1.7339,0.0917,1.0,0.0798,1.2018,2.0521,1.0521,2.2799,1.2799,26.7436,2.0697,26.3012,2.052,100.0,0.0,0.0,0.0,24.125,0.0,25.25,0.0,25.125,0.0,24.125,10.0,0.0,0.0119,52.7002,5.27,2.0,410.7283,2.0454,0.5376,1.4223,0.7429,1.4447,0.0008,2.0173,0.0014,2.1606,10.0,0.0759,1.002,0.1416,2.373,0.0061,1.0101,0.0713,2.0747,0.0,0.0,0.0,29.9712,24.0,24.0,37.0,36.0,13.0,0.0,0.0,0.0,0.0,62.5884,0.0,46.773,0.0,0.0
5678.0,1.735,0.0919,1.0,0.0798,1.2018,2.0529,1.0529,2.28,1.28,26.6897,2.0676,26.2889,2.0516,100.0,0.0,0.0,0.0,24.125,0.0,25.25,0.0,25.25,0.0,24.125,10.0,0.0,0.0124,52.7001,5.27,2.0,414.5566,2.047,0.5983,1.4289,0.7422,1.4446,0.0008,2.0189,0.0014,2.1662,10.0,0.0763,1.002,0.1264,2.3237,0.0057,0.9788,0.067,2.0482,0.0,0.0,0.0,29.9707,24.0,24.0,37.0,36.0,15.0,0.0,0.0,0.0,0.0,62.5885,0.0,46.7727,0.0,0.0
5679.0,1.7361,0.092,1.0,0.0799,1.202,2.0525,1.0525,2.2801,1.2801,26.5674,2.0627,26.2852,2.0514,100.0,0.0,0.0,0.0,24.125,0.0,25.25,0.0,25.125,0.0,24.125,10.0,0.0,0.0116,52.7002,5.27,2.0,417.5567,2.0483,0.5653,1.4253,0.7331,1.4436,0.0008,2.0206,0.0014,2.1709,10.0,0.0809,1.0022,0.1165,2.2883,0.0058,0.9838,0.0627,2.019,0.0,0.0,0.0,29.9717,24.0,24.0,37.0,36.0,13.0,0.0,0.0,0.0,0.0,62.5888,0.0,46.7727,0.0,0.0
5680.0,1.7368,0.0921,1.0,0.0799,1.202,2.0524,1.0524,2.2799,1.2799,26.503,2.0601,26.2934,2.0517,100.0,0.0,0.0,0.0,24.0,0.0,25.375,0.0,25.25,0.0,24.0,10.0,0.0,0.0117,52.6998,5.27,2.0,418.0201,2.0485,0.5661,1.4254,0.7331,1.4436,0.0008,2.0225,0.0014,2.1748,10.0,0.0831,1.0022,0.1052,2.244,0.0055,0.9654,0.0591,1.9936,0.0,0.0,0.0,29.9711,25.0,24.0,37.0,36.0,14.0,0.0,0.0,0.0,0.0,62.5889,0.0,46.7728,0.0,0.0
5681.0,1.735,0.0919,1.0,0.0801,1.2026,2.052,1.052,2.2798,1.2798,26.6281,2.0651,26.3099,2.0524,100.0,0.0,0.0,0.0,24.125,0.0,25.25,0.0,25.25,0.0,24.125,10.0,0.0,0.012,52.6997,5.27,2.0,422.2356,2.0502,0.5863,1.4276,0.722,1.4424,0.0008,2.0238,0.0014,2.1799,10.0,0.0834,1.0022,0.1141,2.2793,0.0061,1.0086,0.0573,1.9797,0.0,0.0,0.0,29.9719,25.0,24.0,37.0,36.0,15.0,0.0,0.0,0.0,0.0,62.5886,0.0,46.7733,0.0,0.0
5682.0,1.7327,0.0916,1.0,0.0798,1.2017,2.0522,1.0522,2.2801,1.2801,26.7619,2.0705,26.3022,2.0521,100.0,0.0,0.0,0.0,24.0,0.0,25.5,0.0,25.125,0.0,24.125,10.0,0.0,0.0125,52.6996,5.27,2.0,424.6578,2.0512,0.6032,1.4294,0.7196,1.4421,0.0008,2.0255,0.0014,2.185,10.0,0.0836,1.0022,0.0908,2.1798,0.0061,1.0106,0.0557,1.9677,0.0,0.0,0.0,29.9716,25.0,24.0,37.0,36.0,13.0,0.0,0.0,0.0,0.0,62.5884,0.0,46.7726,0.0,0.0
5683.0,1.7327,0.0916,1.0,0.0798,1.2018,2.0523,1.0523,2.2802,1.2802,26.7222,2.0689,26.2844,2.0514,100.0,0.0,0.0,0.0,24.0,0.0,25.5,0.0,25.125,0.0,24.125,10.0,0.0,0.0128,52.6994,5.2699,2.0,428.6925,2.0529,0.6406,1.4335,0.7208,1.4423,0.0008,2.0269,0.0014,2.1877,10.0,0.079,1.0021,0.0954,2.2016,0.0062,1.0135,0.0562,1.9713,0.0,0.0,0.0,29.9712,25.0,24.0,37.0,36.0,14.0,0.0,0.0,0.0,0.0,62.5883,0.0,46.7726,0.0,0.0
5684.0,1.7327,0.0916,1.0,0.0799,1.2019,2.0525,1.0525,2.2803,1.2803,26.6016,2.0641,26.2864,2.0515,100.0,0.0,0.0,0.0,24.125,0.0,25.5,0.0,25.25,0.0,24.125,10.0,0.0,0.0125,52.6992,5.27,2.0,431.8891,2.0541,0.7004,1.44,0.7077,1.4408,0.0008,2.0284,0.0014,2.1926,10.0,0.0787,1.0021,0.088,2.1662,0.0063,1.0216,0.0546,1.9588,0.0,0.0,0.0,29.9711,24.0,24.0,37.0,36.0,15.0,0.0,0.0,0.0,0.0,62.5889,0.0,46.7722,0.0,0.0
5685.0,1.7319,0.0915,1.0,0.0797,1.2015,2.0528,1.0528,2.2799,1.2799,26.5021,2.0601,26.2902,2.0516,100.0,0.0,0.0,0.0,24.0,0.0,25.25,0.0,25.25,0.0,24.0,10.0,0.0,0.0124,52.699,5.2699,2.0,437.3278,2.0563,0.7952,1.4504,0.7028,1.4403,0.0008,2.0301,0.0014,2.1972,10.0,0.077,1.0021,0.0814,2.1326,0.0061,1.0059,0.0523,1.94,0.0,0.0,0.0,29.971,24.0,24.0,37.0,36.0,13.0,0.0,0.0,0.0,0.0,62.5884,0.0,46.7724,0.0,0.0
5686.0,1.7335,0.0917,1.0,0.0797,1.2015,2.0524,1.0524,2.2798,1.2798,26.6198,2.0648,26.3088,2.0524,100.0,0.0,0.0,0.0,24.125,0.0,25.375,0.0,25.25,0.0,24.125,10.0,0.0,0.0127,52.6989,5.2699,2.0,439.9507,2.0574,0.7704,1.4477,0.7065,1.4407,0.0008,2.0317,0.0014,2.2023,10.0,0.0746,1.002,0.1415,2.3728,0.005,0.9241,0.0653,2.0366,0.0,0.0,0.0,29.9708,24.0,24.0,37.0,36.0,14.0,0.0,0.0,0.0,0.0,62.5886,0.0,46.7725,0.0,0.0
5687.0,1.7344,0.0918,1.0,0.0799,1.2021,2.0523,1.0523,2.2801,1.2801,26.7486,2.0699,26.3068,2.0523,100.0,0.0,0.0,0.0,24.125,0.0,25.25,0.0,25.25,0.0,24.0,10.0,0.0,0.0119,52.6986,5.2698,2.0,445.0252,2.0594,0.8112,1.4521,0.7053,1.4406,0.0009,2.0334,0.0014,2.2076,10.0,0.0761,1.002,0.1465,2.3878,0.0062,1.0149,0.062,2.0143,0.0,0.0,0.0,29.9714,24.0,24.0,37.0,36.0,15.0,0.0,0.0,0.0,0.0,62.5887,0.0,46.7727,0.0,0.0
5688.0,1.7358,0.092,1.0,0.0799,1.2019,2.0528,1.0528,2.2799,1.2799,26.7234,2.0689,26.2929,2.0517,100.0,0.0,0.0,0.0,24.125,0.0,25.25,0.0,25.25,0.0,24.0,10.0,0.0,0.0119,52.6982,5.2698,2.0,445.5721,2.0596,0.6361,1.433,0.7015,1.4402,0.0009,2.0348,0.0014,2.212,10.0,0.0755,1.002,0.1564,2.416,0.0059,0.9916,0.0614,2.0104,0.0,0.0,0.0,29.9717,24.0,24.0,37.0,36.0,14.0,0.0,0.0,0.0,0.0,62.589,0.0,46.7731,0.0,0.0
5689.0,1.7358,0.092,1.0,0.0801,1.2025,2.0529,1.0529,2.28,1.28,26.6178,2.0647,26.2873,2.0515,100.0,0.0,0.0,0.0,24.125,0.0,25.25,0.0,25.25,0.0,24.125,10.0,0.0,0.0119,52.6985,5.2699,2.0,446.735,2.06,0.666,1.4363,0.6963,1.4396,0.0009,2.0365,0.0014,2.217,10.0,0.0807,1.0022,0.1432,2.3778,0.0063,1.0193,0.0606,2.0044,0.0,0.0,0.0,29.9713,24.0,24.0,37.0,36.0,13.0,0.0,0.0,0.0,0.0,62.5885,0.0,46.7728,0.0,0.0
5690.0,1.7365,0.0921,1.0,0.08,1.2022,2.0525,1.0525,2.28,1.28,26.508,2.0603,26.2884,2.0515,100.0,0.0,0.0,0.0,24.0,0.0,25.25,0.0,25.125,0.0,24.125,10.0,0.0,0.0119,52.6982,5.2698,2.0,450.0186,2.0613,0.6915,1.4391,0.6902,1.4389,0.0009,2.0379,0.0014,2.2215,10.0,0.0797,1.0021,0.124,2.3152,0.0065,1.0323,0.0593,1.9945,0.0,0.0,0.0,29.9712,24.0,24.0,37.0,36.0,16.0,0.0,0.0,0.0,0.0,62.5889,0.0,46.7726,0.0,0.0
5691.0,1.7336,0.0917,1.0,0.08,1.2024,2.052,1.052,2.2798,1.2798,26.5869,2.0635,26.3073,2.0523,100.0,0.0,0.0,0.0,24.0,0.0,25.25,0.0,25.125,0.0,24.0,10.0,0.0,0.0121,52.6978,5.2698,2.0,454.0199,2.0628,0.6816,1.438,0.6882,1.4387,0.0009,2.0397,0.0015,2.227,10.0,0.0826,1.0022,0.137,2.3585,0.0066,1.0404,0.0539,1.9532,0.0,0.0,0.0,29.9718,24.0,24.0,37.0,36.0,14.0,0.0,0.0,0.0,0.0,62.5885,0.0,46.7732,0.0,0.0
5692.0,1.7337,0.0917,1.0,0.0801,1.2024,2.0518,1.0518,2.28,1.28,26.7335,2.0693,26.3029,2.0521,100.0,0.0,0.0,0.0,24.125,0.0,25.25,0.0,25.25,0.0,24.125,10.0,0.0,0.0122,52.6978,5.2698,2.0,456.3777,2.0637,0.6985,1.4398,0.686,1.4385,0.0009,2.0411,0.0015,2.2321,10.0,0.0846,1.0023,0.1071,2.2514,0.0059,0.9952,0.053,1.9464,0.0,0.0,0.0,29.9712,25.0,24.0,37.0,36.0,14.0,0.0,0.0,0.0,0.0,62.5887,0.0,46.7727,0.0,0.0
5693.0,1.7347,0.0918,1.0,0.0798,1.2017,2.0523,1.0523,2.2803,1.2803,26.7249,2.069,26.2874,2.0515,100.0,0.0,0.0,0.0,24.125,0.0,25.25,0.0,25.25,0.0,24.125,10.0,0.0,0.0131,52.6977,5.2698,2.0,460.7125,2.0654,0.6727,1.437,0.6777,1.4376,0.0009,2.0424,0.0015,2.2355,10.0,0.0816,1.0022,0.1955,2.513,0.0061,1.0081,0.0525,1.9416,0.0,0.0,0.0,29.971,25.0,24.0,37.0,36.0,13.0,0.0,0.0,0.0,0.0,62.5883,0.0,46.7726,0.0,0.0
5694.0,1.7338,0.0917,1.0,0.0799,1.2019,2.0525,1.0525,2.2802,1.2802,26.6215,2.0649,26.2872,2.0515,100.0,0.0,0.0,0.0,24.125,0.0,25.25,0.0,25.125,0.0,24.125,10.0,0.0,0.0123,52.6974,5.2697,2.0,460.8016,2.0654,0.5811,1.427,0.6712,1.4369,0.0009,2.044,0.0015,2.2414,10.0,0.0768,1.002,0.1791,2.4749,0.0068,1.0546,0.0478,1.901,0.0,0.0,0.0,29.9707,25.0,24.0,37.0,36.0,15.0,0.0,0.0,0.0,0.0,62.5886,0.0,46.7725,0.0,0.0
5695.0,1.7348,0.0918,1.0,0.0798,1.2017,2.0527,1.0527,2.28,1.28,26.5079,2.0603,26.2849,2.0514,100.0,0.0,0.0,0.0,24.125,0.0,25.25,0.0,25.25,0.0,24.0,10.0,0.0,0.0123,52.6973,5.2697,2.0,462.2947,2.066,0.587,1.4277,0.6689,1.4366,0.0009,2.0453,0.0015,2.2461,10.0,0.0765,1.002,0.1509,2.4005,0.0067,1.0495,0.0451,1.8757,0.0,0.0,0.0,29.9706,25.0,24.0,37.0,36.0,16.0,0.0,0.0,0.0,0.0,62.5884,0.0,46.7724,0.0,0.0
5696.0,1.7358,0.092,1.0,0.0797,1.2014,2.0521,1.0521,2.2797,1.2797,26.5724,2.0629,26.3061,2.0522,100.0,0.0,0.0,0.0,24.125,0.0,25.25,0.0,25.25,0.0,24.0,10.0,0.0,0.012,52.6974,5.2698,2.0,466.5775,2.0676,0.6189,1.4311,0.6684,1.4366,0.0009,2.047,0.0015,2.2516,10.0,0.0754,1.002,0.1428,2.3766,0.0057,0.978,0.0428,1.853,0.0,0.0,0.0,29.9708,25.0,24.0,37.0,36.0,13.0,0.0,0.0,0.0,0.0,62.5884,0.0,46.7725,0.0,0.0
5697.0,1.7369,0.0921,1.0,0.0798,1.2018,2.052,1.052,2.2795,1.2795,26.7298,2.0692,26.3087,2.0523,100.0,0.0,0.0,0.0,24.125,0.0,25.25,0.0,25.125,0.0,24.0,10.0,0.0,0.0122,52.697,5.2697,2.0,468.2248,2.0682,0.626,1.4319,0.6619,1.4358,0.0009,2.0483,0.0015,2.257,10.0,0.0761,1.002,0.1233,2.3129,0.006,1.0026,0.0431,1.8562,0.0,0.0,0.0,29.9709,24.0,24.0,37.0,36.0,14.0,0.0,0.0,0.0,0.0,62.5887,0.0,46.7729,0.0,0.0
5698.0,1.7369,0.0921,1.0,0.0798,1.2017,2.0525,1.0525,2.2803,1.2803,26.7291,2.0692,26.2958,2.0518,100.0,0.0,0.0,0.0,24.0,0.0,25.25,0.0,25.25,0.0,24.0,10.0,0.0,0.0122,52.6971,5.2697,2.0,474.9591,2.0707,0.6857,1.4384,0.6579,1.4354,0.0009,2.0496,0.0015,2.2619,10.0,0.0751,1.002,0.2279,2.5796,0.0065,1.0328,0.0397,1.8207,0.0,0.0,0.0,29.9712,24.0,24.0,37.0,36.0,16.0,0.0,0.0,0.0,0.0,62.5888,0.0,46.7729,0.0,0.0
5699.0,1.7369,0.0921,1.0,0.0798,1.2018,2.0525,1.0525,2.2802,1.2802,26.6478,2.0659,26.2881,2.0515,100.0,0.0,0.0,0.0,24.125,0.0,25.375,0.0,25.125,0.0,24.125,10.0,0.0,0.0121,52.697,5.2697,2.0,477.345,2.0715,0.6783,1.4376,0.6568,1.4353,0.0009,2.0512,0.0015,2.2667,10.0,0.078,1.0021,0.1708,2.4543,0.0065,1.0337,0.0376,1.7971,0.0,0.0,0.0,29.9711,24.0,24.0,37.0,36.0,14.0,0.0,0.0,0.0,0.0,62.5891,0.0,46.7735,0.0,0.0
5700.0,1.7368,0.0921,1.0,0.0799,1.2021,2.0527,1.0527,2.28,1.28,26.5183,2.0607,26.2844,2.0514,100.0,0.0,0.0,0.0,24.125,0.0,25.375,0.0,25.25,0.0,24.0,10.0,0.0,0.0123,52.6966,5.2697,2.0,482.9814,2.0736,0.7531,1.4458,0.6648,1.4362,0.0009,2.0532,0.0015,2.2725,10.0,0.0808,1.0022,0.162,2.4315,0.0064,1.0297,0.0391,1.8135,0.0,0.0,0.0,29.9714,24.0,24.0,37.0,36.0,13.0,0.0,0.0,0.0,0.0,62.589,0.0,46.773,0.0,0.0
5701.0,1.7363,0.092,1.0,0.0801,1.2025,2.0525,1.0525,2.2797,1.2797,26.55,2.062,26.3111,2.0524,100.0,0.0,0.0,0.0,24.0,0.0,25.375,0.0,25.25,0.0,24.0,10.0,0.0,0.0123,52.6962,5.2696,2.0,486.3398,2.0748,0.7164,1.4418,0.6589,1.4355,0.0009,2.0546,0.0015,2.278,10.0,0.0825,1.0022,0.1957,2.5135,0.0057,0.9752,0.0368,1.7882,0.0,0.0,0.0,29.9712,24.0,24.0,37.0,36.0,14.0,0.0,0.0,0.0,0.0,62.5891,0.0,46.7729,0.0,0.0
5702.0,1.7344,0.0918,1.0,0.08,1.2022,2.052,1.052,2.2799,1.2799,26.7153,2.0686,26.3131,2.0525,100.0,0.0,0.0,0.0,24.125,0.0,25.375,0.0,25.125,0.0,24.125,10.0,0.0,0.0126,52.6962,5.2696,2.0,491.7549,2.0767,0.8197,1.4531,0.6561,1.4352,0.0009,2.0561,0.0015,2.2821,10.0,0.0843,1.0022,0.1475,2.3906,0.0052,0.9419,0.0362,1.7808,0.0,0.0,0.0,29.9713,24.0,24.0,37.0,36.0,14.0,0.0,0.0,0.0,0.0,62.5888,0.0,46.7727,0.0,0.0
5703.0,1.7327,0.0916,1.0,0.0799,1.202,2.0521,1.0521,2.2802,1.2802,26.7469,2.0699,26.2941,2.0518,100.0,0.0,0.0,0.0,24.125,0.0,25.25,0.0,25.25,0.0,24.0,10.0,0.0,0.0121,52.6963,5.2696,2.0,497.8921,2.0789,0.8725,1.4588,0.653,1.4349,0.0009,2.0573,0.0015,2.2877,10.0,0.0806,1.0021,0.1533,2.4074,0.0063,1.0233,0.0357,1.7747,0.0,0.0,0.0,29.9709,24.0,24.0,37.0,36.0,13.0,0.0,0.0,0.0,0.0,62.5885,0.0,46.7724,0.0,0.0
5704.0,1.7337,0.0917,1.0,0.0798,1.2016,2.0524,1.0524,2.2802,1.2802,26.6662,2.0666,26.2816,2.0513,100.0,0.0,0.0,0.0,24.25,0.0,25.375,0.0,25.125,0.0,24.125,10.0,0.0,0.0125,52.6959,5.2696,2.0,499.5128,2.0794,0.7913,1.45,0.6494,1.4345,0.001,2.0587,0.0015,2.2925,10.0,0.0793,1.0021,0.1707,2.4541,0.0059,0.9961,0.0438,1.8632,0.0,0.0,0.0,29.9704,24.0,24.0,37.0,36.0,14.0,0.0,0.0,0.0,0.0,62.5882,0.0,46.7723,0.0,0.0
5705.0,1.7337,0.0917,1.0,0.0798,1.2017,2.0525,1.0525,2.28,1.28,26.5406,2.0616,26.2855,2.0514,100.0,0.0,0.0,0.0,24.125,0.0,25.375,0.0,25.25,0.0,24.0,10.0,0.0,0.0122,52.6961,5.2696,2.0,501.9056,2.0802,0.7035,1.4404,0.6449,1.434,0.001,2.06,0.0015,2.2971,10.0,0.0756,1.002,0.137,2.3587,0.0058,0.9825,0.0603,2.002,0.0,0.0,0.0,29.9707,24.0,24.0,37.0,36.0,15.0,0.0,0.0,0.0,0.0,62.5886,0.0,46.7725,0.0,0.0
5706.0,1.7347,0.0918,1.0,0.0798,1.2017,2.0524,1.0524,2.2798,1.2798,26.5327,2.0613,26.3018,2.0521,100.0,0.0,0.0,0.0,24.125,0.0,25.25,0.0,25.125,0.0,24.125,10.0,0.0,0.0122,52.6961,5.2696,2.0,502.8668,2.0806,0.6833,1.4382,0.6398,1.4334,0.001,2.0617,0.0015,2.3024,10.0,0.0763,1.002,0.1372,2.3593,0.0058,0.9881,0.0549,1.9617,0.0,0.0,0.0,29.9709,24.0,24.0,37.0,36.0,14.0,0.0,0.0,0.0,0.0,62.5884,0.0,46.7726,0.0,0.0
5707.0,1.7337,0.0917,1.0,0.08,1.2022,2.0523,1.0523,2.2798,1.2798,26.6824,2.0673,26.3141,2.0526,100.0,0.0,0.0,0.0,24.125,0.0,25.25,0.0,25.125,0.0,24.0,10.0,0.0,0.0128,52.6956,5.2696,2.0,506.3413,2.0818,0.756,1.4461,0.6332,1.4327,0.001,2.0629,0.0016,2.3072,10.0,0.0811,1.0022,0.1387,2.3638,0.0059,0.9894,0.0556,1.967,0.0,0.0,0.0,29.971,24.0,24.0,37.0,36.0,15.0,0.0,0.0,0.0,0.0,62.5889,0.0,46.773,0.0,0.0
5708.0,1.7326,0.0916,1.0,0.0799,1.2019,2.0523,1.0523,2.2803,1.2803,26.7508,2.07,26.2992,2.052,100.0,0.0,0.0,0.0,24.125,0.0,25.25,0.0,25.25,0.0,24.125,10.0,0.0,0.0127,52.6954,5.2695,2.0,512.1464,2.0838,0.7453,1.4449,0.6292,1.4323,0.001,2.0642,0.0016,2.3126,10.0,0.0766,1.002,0.141,2.3711,0.0067,1.0496,0.0478,1.9008,0.0,0.0,0.0,29.9711,24.0,24.0,37.0,36.0,14.0,0.0,0.0,0.0,0.0,62.5891,0.0,46.7727,0.0,0.0
5709.0,1.7298,0.0912,1.0,0.0799,1.2021,2.0525,1.0525,2.2802,1.2802,26.6764,2.0671,26.289,2.0516,100.0,0.0,0.0,0.0,24.25,0.0,25.25,0.0,25.25,0.0,24.125,10.0,0.0,0.0123,52.6951,5.2695,2.0,517.8183,2.0857,0.8141,1.4524,0.6397,1.4334,0.001,2.066,0.0016,2.3186,10.0,0.08,1.0021,0.1302,2.3364,0.0058,0.9849,0.0634,2.0239,0.0,0.0,0.0,29.9708,24.0,24.0,37.0,36.0,12.0,0.0,0.0,0.0,0.0,62.5885,0.0,46.7729,0.0,0.0
5710.0,1.7319,0.0915,1.0,0.0799,1.202,2.0525,1.0525,2.2805,1.2805,26.5686,2.0627,26.2757,2.051,100.0,0.0,0.0,0.0,24.25,0.0,25.375,0.0,25.25,0.0,24.0,10.0,0.0,0.0128,52.6948,5.2695,2.0,525.3661,2.0882,0.9294,1.465,0.6549,1.4351,0.001,2.0676,0.0016,2.3231,10.0,0.0822,1.0022,0.1616,2.4303,0.0065,1.0337,0.0541,1.9547,0.0,0.0,0.0,29.9705,24.0,24.0,37.0,36.0,15.0,0.0,0.0,0.0,0.0,62.5882,0.0,46.7723,0.0,0.0
5711.0,1.7327,0.0916,1.0,0.0801,1.2026,2.0524,1.0524,2.2799,1.2799,26.5114,2.0605,26.2978,2.0519,100.0,0.0,0.0,0.0,24.0,0.0,25.25,0.0,25.25,0.0,24.0,10.0,0.0,0.0116,52.6949,5.2695,2.0,532.4099,2.0905,0.9227,1.4643,0.6459,1.4341,0.001,2.0693,0.0016,2.3309,10.0,0.084,1.0022,0.1711,2.4551,0.007,1.0662,0.0599,1.9996,0.0,0.0,0.0,29.9711,24.0,24.0,37.0,36.0,12.0,0.0,0.0,0.0,0.0,62.5884,0.0,46.7725,0.0,0.0
5712.0,1.7337,0.0917,1.0,0.0798,1.2016,2.0519,1.0519,2.2798,1.2798,26.6457,2.0658,26.312,2.0525,100.0,0.0,0.0,0.0,24.125,0.0,25.25,0.0,25.125,0.0,24.0,10.0,0.0,0.012,52.6943,5.2694,2.0,533.278,2.0908,0.7417,1.4446,0.6426,1.4337,0.001,2.0705,0.0016,2.3355,10.0,0.0813,1.0022,0.15,2.398,0.0061,1.0058,0.056,1.9698,0.0,0.0,0.0,29.9707,24.0,24.0,37.0,36.0,12.0,0.0,0.0,0.0,0.0,62.5886,0.0,46.7725,0.0,0.0
5713.0,1.7337,0.0917,1.0,0.0798,1.2017,2.052,1.052,2.2802,1.2802,26.7429,2.0697,26.301,2.052,100.0,0.0,0.0,0.0,24.125,0.0,25.25,0.0,25.25,0.0,24.125,10.0,0.0,0.012,52.6944,5.2694,2.0,531.7957,2.0903,0.6255,1.4319,0.6355,1.433,0.001,2.0718,0.0016,2.34,10.0,0.077,1.0021,0.1265,2.3238,0.0053,0.942,0.0533,1.9483,0.0,0.0,0.0,29.9708,24.0,24.0,37.0,36.0,13.0,0.0,0.0,0.0,0.0,62.5884,0.0,46.7726,0.0,0.0
5714.0,1.7333,0.0917,1.0,0.0795,1.201,2.0522,1.0522,2.2804,1.2804,26.6768,2.0671,26.2806,2.0512,100.0,0.0,0.0,0.0,24.0,0.0,25.25,0.0,25.25,0.0,24.0,10.0,0.0,0.0125,52.6943,5.2694,2.0,530.3795,2.0898,0.5826,1.4272,0.6297,1.4323,0.001,2.0732,0.0016,2.346,10.0,0.0767,1.002,0.1715,2.4562,0.0062,1.0123,0.0544,1.9573,0.0,0.0,0.0,29.9712,24.0,24.0,37.0,36.0,14.0,0.0,0.0,0.0,0.0,62.5886,0.0,46.773,0.0,0.0
5715.0,1.7338,0.0917,1.0,0.0799,1.202,2.0521,1.0521,2.2805,1.2805,26.5863,2.0635,26.2656,2.0506,100.0,0.0,0.0,0.0,24.0,0.0,25.25,0.0,25.25,0.0,24.125,10.0,0.0,0.0119,52.6945,5.2695,2.0,534.572,2.0912,0.6109,1.4303,0.6262,1.4319,0.001,2.0743,0.0016,2.3506,10.0,0.0771,1.0021,0.204,2.5314,0.0056,0.9722,0.0478,1.9017,0.0,0.0,0.0,29.9708,24.0,24.0,37.0,36.0,14.0,0.0,0.0,0.0,0.0,62.5894,0.0,46.7729,0.0,0.0
5716.0,1.7337,0.0917,1.0,0.0799,1.2019,2.052,1.052,2.2804,1.2804,26.5061,2.0602,26.2862,2.0514,100.0,0.0,0.0,0.0,24.125,0.0,25.375,0.0,25.125,0.0,24.125,10.0,0.0,0.012,52.6943,5.2695,2.0,536.2327,2.0917,0.6046,1.4296,0.6276,1.4321,0.001,2.0762,0.0016,2.3575,10.0,0.0827,1.0022,0.2199,2.564,0.0057,0.9745,0.0792,2.1206,0.0,0.0,0.0,29.9706,24.0,24.0,37.0,36.0,14.0,0.0,0.0,0.0,0.0,62.5886,0.0,46.7726,0.0,0.0
5717.0,1.7347,0.0918,1.0,0.0801,1.2026,2.0519,1.0519,2.28,1.28,26.638,2.0655,26.3011,2.052,100.0,0.0,0.0,0.0,24.125,0.0,25.375,0.0,25.25,0.0,24.125,10.0,0.0,0.0126,52.6941,5.2694,2.0,546.4909,2.095,0.7495,1.4454,0.6172,1.431,0.001,2.0774,0.0016,2.3625,10.0,0.0849,1.0023,0.1948,2.5114,0.0056,0.9734,0.0739,2.0906,0.0,0.0,0.0,29.9706,24.0,24.0,37.0,36.0,13.0,0.0,0.0,0.0,0.0,62.5889,0.0,46.7727,0.0,0.0
5718.0,1.7349,0.0919,1.0,0.0796,1.2013,2.0519,1.0519,2.2805,1.2805,26.7524,2.0701,26.2894,2.0516,100.0,0.0,0.0,0.0,24.125,0.0,25.375,0.0,25.125,0.0,24.0,10.0,0.0,0.0118,52.6938,5.2693,2.0,547.5998,2.0954,0.6114,1.4303,0.6171,1.431,0.001,2.0789,0.0016,2.3676,10.0,0.0803,1.0021,0.175,2.4648,0.0062,1.0143,0.0724,2.0816,0.0,0.0,0.0,29.9706,24.0,24.0,37.0,36.0,16.0,0.0,0.0,0.0,0.0,62.5885,0.0,46.7724,0.0,0.0
5719.0,1.7358,0.092,1.0,0.0801,1.2024,2.0524,1.0524,2.2805,1.2805,26.7088,2.0684,26.2825,2.0513,100.0,0.0,0.0,0.0,24.0,0.0,25.25,0.0,25.125,0.0,24.0,10.0,0.0,0.0117,52.694,5.2694,2.0,550.2653,2.0962,0.6541,1.435,0.6117,1.4304,0.001,2.08,0.0016,2.3712,10.0,0.083,1.0022,0.1725,2.4586,0.0064,1.0249,0.0828,2.14,0.0,0.0,0.0,29.9707,24.0,24.0,37.0,36.0,16.0,0.0,1.0,1.62,0.0,62.5887,0.0,46.7723,0.0,0.0
5720.0,1.7369,0.0921,1.0,0.0799,1.2019,2.0525,1.0525,2.2801,1.2801,26.5961,2.0638,26.285,2.0514,100.0,0.0,0.0,0.0,24.125,0.0,25.25,0.0,25.125,0.0,24.0,10.0,0.0,0.0122,52.6933,5.2693,2.0,555.427,2.0979,0.5944,1.4285,0.6147,1.4307,0.0011,2.0816,0.0016,2.3768,10.0,0.0809,1.0022,0.1661,2.4421,0.0061,1.009,0.0793,2.1209,0.0,0.0,0.0,29.9712,24.0,24.0,37.0,36.0,14.0,0.0,1.0,4.56,0.0,62.5883,0.0,46.7728,0.0,0.0
5721.0,1.7369,0.0921,1.0,0.0798,1.2017,2.0524,1.0524,2.2799,1.2799,26.5102,2.0604,26.2921,2.0517,100.0,0.0,0.0,0.0,24.125,0.0,25.25,0.0,25.125,0.0,24.125,10.0,0.0,0.012,52.6934,5.2693,2.0,554.6378,2.0976,0.6045,1.4296,0.6092,1.4301,0.0011,2.0829,0.0016,2.3819,10.0,0.0771,1.0021,0.1525,2.4051,0.0055,0.9611,0.0787,2.1177,0.0,0.0,0.0,29.9714,24.0,24.0,37.0,36.0,16.0,0.0,1.0,7.35,0.0,62.5889,0.0,46.7732,0.0,0.0
5722.0,1.7369,0.0921,1.0,0.0799,1.2019,2.0519,1.0519,2.2799,1.2799,26.6124,2.0645,26.3046,2.0522,100.0,0.0,0.0,0.0,24.125,0.0,25.375,0.0,25.25,0.0,24.125,10.0,0.0,0.0118,52.6934,5.2693,2.0,555.8861,2.098,0.5108,1.4194,0.6078,1.4299,0.0011,2.0841,0.0016,2.3879,10.0,0.0754,1.002,0.1276,2.3278,0.0054,0.9535,0.0723,2.081,0.0,0.0,0.0,29.9708,24.0,24.0,37.0,36.0,14.0,0.0,1.0,10.23,0.0,62.5888,0.0,46.7726,0.0,0.0
5723.0,1.7364,0.0921,1.0,0.08,1.2021,2.0515,1.0515,2.2801,1.2801,26.7553,2.0702,26.2928,2.0517,100.0,0.0,0.0,0.0,24.0,0.0,25.375,0.0,25.125,0.0,24.0,10.0,0.0,0.0115,52.6933,5.2693,2.0,559.4067,2.0991,0.5904,1.428,0.6044,1.4296,0.0011,2.0855,0.0016,2.3913,10.0,0.0782,1.0021,0.129,2.3324,0.0068,1.0568,0.0715,2.0759,0.0,0.0,0.0,29.9712,24.0,24.0,37.0,36.0,14.0,0.0,1.0,13.68,0.0,62.5893,0.0,46.7729,0.0,0.0
5724.0,1.7358,0.092,1.0,0.0799,1.202,2.052,1.052,2.2807,1.2807,26.7189,2.0688,26.2726,2.0509,100.0,0.0,0.0,0.0,23.875,0.0,25.25,0.0,25.25,0.0,24.125,10.0,0.0,0.0126,52.6929,5.2693,2.0,569.1622,2.1021,0.7221,1.4424,0.6051,1.4296,0.0011,2.087,0.0017,2.3993,10.0,0.0847,1.0023,0.1541,2.4095,0.006,1.0008,0.0668,2.0464,0.0,0.0,0.0,29.9712,24.0,24.0,37.0,36.0,14.0,0.0,1.0,16.62,0.0,62.5888,0.0,46.7726,0.0,0.0
5725.0,1.7348,0.0919,1.0,0.0799,1.2021,2.0521,1.0521,2.2806,1.2806,26.6335,2.0653,26.2751,2.051,100.0,0.0,0.0,0.0,24.125,0.0,25.125,0.0,25.25,0.0,24.0,10.0,0.0,0.0115,52.6926,5.2693,2.0,570.0135,2.1024,0.5949,1.4285,0.6068,1.4298,0.0011,2.0883,0.0017,2.4051,10.0,0.0839,1.0022,0.1275,2.3274,0.0055,0.9636,0.0622,2.0155,0.0,0.0,0.0,29.9707,24.0,24.0,37.0,36.0,15.0,0.0,1.0,19.41,0.0,62.5885,0.0,46.7728,0.0,0.0
5726.0,1.7348,0.0919,1.0,0.0799,1.2021,2.0521,1.0521,2.2804,1.2804,26.5006,2.06,26.2762,2.051,100.0,0.0,0.0,0.0,24.0,0.0,25.375,0.0,25.125,0.0,24.0,10.0,0.0,0.0113,52.6926,5.2693,2.0,570.8535,2.1026,0.5825,1.4272,0.6089,1.4301,0.0011,2.0898,0.0017,2.4095,10.0,0.0801,1.0021,0.1106,2.2657,0.0064,1.0308,0.0607,2.0053,0.0,0.0,0.0,29.9702,24.0,24.0,37.0,36.0,14.0,0.0,1.0,22.35,0.0,62.5883,0.0,46.7724,0.0,0.0
5727.0,1.7348,0.0918,1.0,0.0798,1.2018,2.052,1.052,2.2801,1.2801,26.587,2.0635,26.296,2.0518,100.0,0.0,0.0,0.0,24.125,0.0,25.375,0.0,25.25,0.0,24.0,10.0,0.0,0.0126,52.6926,5.2693,2.0,577.2913,2.1046,0.7219,1.4424,0.6132,1.4305,0.0011,2.0912,0.0017,2.4158,10.0,0.0787,1.0021,0.1121,2.2714,0.0055,0.9634,0.0599,1.9991,0.0,0.0,0.0,29.9702,24.0,24.0,37.0,36.0,14.0,0.0,1.0,25.44,0.0,62.5882,0.0,46.7725,0.0,0.0
