Unnamed: 0,adj neg air pressure raw,adj neg air pressure,current alarm mode,cont air counts raw,cont air counts,makeup wtr cond down raw,makeup wtr cond down,makeup wtr cond up raw,makeup wtr cond up,makeup wtr temp down,makeup wtr temp down raw,makeup wtr temp up,makeup wtr temp up raw,DAS health index,0-15 channel error,16-31 channel error status,error detection status 2,card temperature 2,error detection status 3,card temperature 3,error detection status 4,card temperature 4,error detection status 5,card temperature 5,fc positioning 10V supply,fiss-active-state,fiss-position,mag-current,mag-current-raw,mstat,nfd-1-cps,nfd-1cps-raw,nfd-1-cr,nfd-1-cr-raw,nfd-2-cr,nfd-2-cr-raw,nfd-2-log,nfd-2-log-raw,nfd-3-pwr,nfd-3-pwr-raw,nfd-3-pwr-rng,nfd-4-flux,nfd-4-flux-raw,ram-con-lvl,rom-con-lvl-raw,ram-pool-lvl,ram-pool-lvl-raw,ram-wtr-lvl,ram-wtr-lvl-raw,rcs-scram-rel-q,rcs-scram-st-q,rr-active-state,rr-position,rtpbtempa_00,rtpbtempb_00,rtpctempa_00,rtpctempb_00,rtphactcnta_00,rtphactcntb_00,src-active-state,src-position,ss1-active-state,ss1-position,ss2-active-state,ss2-position,ack-button,manual-scram
21506.0,1.7384,0.0923,1.0,0.0798,1.2018,2.0559,1.0559,2.3087,1.3087,26.6354,2.0654,26.3812,2.0552,100.0,0.0,0.0,0.0,25.375,0.0,26.5,0.0,26.375,0.0,25.5,10.0,0.0,0.01,53.1726,5.3171,2.0,5.4756,1.2954,0.1001,1.3746,0.0205,1.3659,1.005e-05,1.0011,0.0177,2.491,8.0,0.0719,1.0019,0.0627,2.0194,0.0055,0.9626,0.0747,2.0952,0.0,0.0,0.0,-0.161,26.0,25.0,38.0,37.0,12.0,0.0,0.0,0.0,0.0,-0.052,0.0,0.0118,0.0,0.0
21507.0,1.7373,0.0922,1.0,0.0802,1.2028,2.0553,1.0553,2.3091,1.3091,26.8087,2.0723,26.3897,2.0556,100.0,0.0,0.0,0.0,25.25,0.0,26.5,0.0,26.375,0.0,25.375,10.0,0.0,0.0097,53.1701,5.3169,2.0,5.4124,1.2934,0.0519,1.3693,0.0214,1.366,1.005e-05,1.0012,0.0177,2.4903,8.0,0.0767,1.002,0.0692,2.062,0.0058,0.9865,0.0729,2.0846,0.0,0.0,0.0,-0.1608,26.0,25.0,38.0,37.0,14.0,0.0,0.0,0.0,0.0,-0.0521,0.0,0.0114,0.0,0.0
21508.0,1.7373,0.0922,1.0,0.0801,1.2025,2.0555,1.0555,2.3095,1.3095,26.84,2.0736,26.3759,2.055,100.0,0.0,0.0,0.0,25.375,0.0,26.5,0.0,26.375,0.0,25.5,10.0,0.0,0.0096,53.1684,5.3167,2.0,5.3455,1.2912,0.0104,1.3648,0.0213,1.366,1.005e-05,1.0012,0.0177,2.4898,8.0,0.0775,1.0021,0.1278,2.3285,0.0067,1.0497,0.0809,2.1299,0.0,0.0,0.0,-0.1611,26.0,25.0,38.0,37.0,14.0,0.0,0.0,0.0,0.0,-0.0524,0.0,0.0116,0.0,0.0
21509.0,1.7373,0.0922,1.0,0.0798,1.2018,2.0562,1.0562,2.3094,1.3094,26.7667,2.0707,26.3659,2.0546,100.0,0.0,0.0,0.0,25.25,0.0,26.375,0.0,26.5,0.0,25.5,10.0,0.0,0.0096,53.1665,5.3165,2.0,5.2623,1.2885,-0.0552,1.3576,0.0209,1.3659,1.005e-05,1.0012,0.0177,2.4889,8.0,0.0743,1.002,0.1283,2.3299,0.0062,1.0172,0.0643,2.03,0.0,0.0,0.0,-0.1612,26.0,25.0,38.0,37.0,13.0,0.0,0.0,0.0,0.0,-0.0525,0.0,0.0117,0.0,0.0
21510.0,1.7374,0.0922,1.0,0.08,1.2023,2.0559,1.0559,2.3094,1.3094,26.6583,2.0663,26.3647,2.0546,100.0,0.0,0.0,0.0,25.375,0.0,26.375,0.0,26.5,0.0,25.375,10.0,0.0,0.0107,53.1647,5.3164,2.0,5.2946,1.2895,-0.0435,1.3589,0.0197,1.3658,1.005e-05,1.0011,0.0176,2.4881,8.0,0.0723,1.0019,0.1208,2.3038,0.006,0.9968,0.0723,2.0808,0.0,0.0,0.0,-0.1609,26.0,25.0,38.0,37.0,13.0,0.0,0.0,0.0,64.0,-0.0382,0.0,0.0118,0.0,0.0
21511.0,1.7372,0.0922,1.0,0.0799,1.2019,2.0557,1.0557,2.3091,1.3091,26.6144,2.0646,26.3664,2.0547,100.0,0.0,0.0,0.0,25.375,0.0,26.375,0.0,26.375,0.0,25.375,10.0,0.0,0.01,53.163,5.3162,2.0,5.2038,1.2865,-0.1011,1.3526,0.0198,1.3658,1.004e-05,1.001,0.0176,2.4871,8.0,0.0702,1.0019,0.1225,2.31,0.0063,1.0184,0.0702,2.0679,0.0,0.0,0.0,-0.1608,26.0,25.0,38.0,37.0,13.0,0.0,0.0,0.0,64.0,0.1992,0.0,0.0116,0.0,0.0
21512.0,1.7363,0.092,1.0,0.0797,1.2015,2.0552,1.0552,2.309,1.309,26.76,2.0704,26.3895,2.0556,100.0,0.0,0.0,0.0,25.375,0.0,26.5,0.0,26.375,0.0,25.5,10.0,0.0,0.0104,53.161,5.316,2.0,5.1272,1.284,-0.1116,1.3515,0.0189,1.3657,1.004e-05,1.001,0.0176,2.4866,8.0,0.0681,1.0018,0.0983,2.2142,0.0056,0.9722,0.0636,2.0253,0.0,0.0,0.0,-0.1609,26.0,25.0,38.0,37.0,14.0,0.0,0.0,0.0,64.0,0.3568,0.0,0.0112,0.0,0.0
21513.0,1.7372,0.0922,1.0,0.0799,1.2019,2.0554,1.0554,2.3095,1.3095,26.8523,2.0741,26.368,2.0547,100.0,0.0,0.0,0.0,25.375,0.0,26.375,0.0,26.5,0.0,25.5,10.0,0.0,0.0104,53.1585,5.3158,2.0,5.1709,1.2854,-0.0604,1.3571,0.0191,1.3657,1.004e-05,1.001,0.0176,2.4856,8.0,0.0652,1.0017,0.1106,2.2656,0.0064,1.0273,0.0591,1.9937,0.0,0.0,0.0,-0.1608,26.0,25.0,38.0,37.0,14.0,0.0,0.0,0.0,64.0,0.6417,0.0,0.0115,0.0,0.0
21514.0,1.7373,0.0922,1.0,0.0798,1.2016,2.0558,1.0558,2.3091,1.3091,26.7692,2.0708,26.3648,2.0546,100.0,0.0,0.0,0.0,25.25,0.0,26.5,0.0,26.5,0.0,25.375,10.0,0.0,0.0104,53.1564,5.3155,2.0,5.2588,1.2884,0.0375,1.3677,0.02,1.3658,1.004e-05,1.001,0.0176,2.4851,8.0,0.0705,1.0019,0.1111,2.2676,0.0064,1.0271,0.058,1.985,0.0,0.0,0.0,-0.1609,26.0,25.0,38.0,37.0,13.0,0.0,0.0,0.0,64.0,0.7232,0.0,0.0116,0.0,0.0
21515.0,1.7373,0.0922,1.0,0.0798,1.2018,2.0562,1.0562,2.3093,1.3093,26.666,2.0666,26.3685,2.0547,100.0,0.0,0.0,0.0,25.25,0.0,26.375,0.0,26.5,0.0,25.375,10.0,0.0,0.0092,53.1548,5.3154,2.0,5.3862,1.2925,0.06,1.3702,0.02,1.3658,1.004e-05,1.001,0.0176,2.4846,8.0,0.0701,1.0019,0.0876,2.1643,0.0067,1.0452,0.0582,1.9868,0.0,0.0,0.0,-0.1609,26.0,25.0,38.0,37.0,14.0,0.0,0.0,0.0,64.0,0.882,0.0,0.0115,0.0,0.0
21516.0,1.7373,0.0922,1.0,0.0799,1.202,2.0562,1.0562,2.3091,1.3091,26.6024,2.0641,26.3776,2.0551,100.0,0.0,0.0,0.0,25.25,0.0,26.375,0.0,26.5,0.0,25.375,10.0,0.0,0.0101,53.1531,5.3152,2.0,5.3022,1.2898,-0.0078,1.3628,0.0206,1.3659,1.005e-05,1.0012,0.0176,2.484,8.0,0.0751,1.002,0.0908,2.1802,0.0059,0.9902,0.049,1.9119,0.0,0.0,0.0,-0.1607,26.0,25.0,38.0,37.0,14.0,0.0,0.0,0.0,64.0,1.0769,0.0,0.0116,0.0,0.0
21517.0,1.7373,0.0922,1.0,0.08,1.2022,2.0556,1.0556,2.309,1.309,26.7417,2.0697,26.3925,2.0557,100.0,0.0,0.0,0.0,25.375,0.0,26.375,0.0,26.5,0.0,25.5,10.0,0.0,0.0104,53.151,5.315,2.0,5.2337,1.2875,-0.0529,1.3579,0.0201,1.3658,1.005e-05,1.0011,0.0176,2.483,8.0,0.0718,1.0019,0.0954,2.2016,0.0063,1.0191,0.059,1.9927,0.0,0.0,0.0,-0.1607,26.0,25.0,38.0,38.0,13.0,0.0,0.0,0.0,64.0,1.25,0.0,0.0116,0.0,0.0
21518.0,1.7363,0.092,1.0,0.08,1.2022,2.0553,1.0553,2.3094,1.3094,26.8575,2.0743,26.3803,2.0552,100.0,0.0,0.0,0.0,25.25,0.0,26.375,0.0,26.5,0.0,25.375,10.0,0.0,0.0099,53.149,5.3148,2.0,5.2476,1.288,-0.0513,1.358,0.0195,1.3658,1.004e-05,1.001,0.0176,2.4821,8.0,0.0707,1.0019,0.1367,2.3576,0.0063,1.0206,0.0565,1.9743,0.0,0.0,0.0,-0.1608,26.0,25.0,38.0,38.0,15.0,0.0,0.0,0.0,64.0,1.4529,0.0,0.0114,0.0,0.0
21519.0,1.7372,0.0921,1.0,0.0799,1.2019,2.0561,1.0561,2.309,1.309,26.7868,2.0715,26.3681,2.0547,100.0,0.0,0.0,0.0,25.375,0.0,26.5,0.0,26.5,0.0,25.375,10.0,0.0,0.0102,53.1494,5.3147,2.0,5.3245,1.2905,0.0505,1.3691,0.0189,1.3657,1.004e-05,1.001,0.0176,2.481,8.0,0.0668,1.0018,0.127,2.3256,0.0059,0.9962,0.0571,1.9784,0.0,0.0,0.0,-0.1607,26.0,25.0,38.0,38.0,13.0,0.0,0.0,0.0,64.0,1.601,0.0,0.0115,0.0,0.0
21520.0,1.7375,0.0922,1.0,0.0797,1.2014,2.0562,1.0562,2.3089,1.3089,26.674,2.067,26.3648,2.0546,100.0,0.0,0.0,0.0,25.375,0.0,26.375,0.0,26.375,0.0,25.375,10.0,0.0,0.0096,53.1454,5.3144,2.0,5.3138,1.2902,0.0008,1.3637,0.0188,1.3657,1.004e-05,1.001,0.0176,2.4803,8.0,0.0651,1.0017,0.216,2.5563,0.0064,1.0254,0.0632,2.0224,0.0,0.0,0.0,-0.1607,26.0,25.0,38.0,38.0,14.0,0.0,0.0,0.0,64.0,1.8372,0.0,0.0112,0.0,0.0
21521.0,1.7383,0.0923,1.0,0.0797,1.2015,2.0558,1.0558,2.3092,1.3092,26.5942,2.0638,26.3732,2.0549,100.0,0.0,0.0,0.0,25.25,0.0,26.5,0.0,26.5,0.0,25.375,10.0,0.0,0.0096,53.1434,5.3143,2.0,5.2475,1.288,-0.0246,1.361,0.0194,1.3657,1.004e-05,1.001,0.0175,2.4796,8.0,0.0693,1.0018,0.2071,2.538,0.0061,1.0045,0.0497,1.9183,0.0,0.0,0.0,-0.1612,26.0,25.0,38.0,38.0,13.0,0.0,0.0,0.0,64.0,2.0511,0.0,0.0111,0.0,0.0
21522.0,1.7383,0.0923,1.0,0.0799,1.202,2.0557,1.0557,2.309,1.309,26.6951,2.0678,26.3879,2.0555,100.0,0.0,0.0,0.0,25.25,0.0,26.5,0.0,26.5,0.0,25.375,10.0,0.0,0.0097,53.1417,5.3141,2.0,5.2844,1.2892,0.0381,1.3678,0.0198,1.3658,1.005e-05,1.0011,0.0175,2.4788,8.0,0.0682,1.0018,0.1923,2.5059,0.0055,0.9599,0.0523,1.9401,0.0,0.0,0.0,-0.1609,26.0,25.0,38.0,38.0,15.0,0.0,0.0,0.0,64.0,2.162,0.0,0.0118,0.0,0.0
21523.0,1.7381,0.0923,1.0,0.0798,1.2018,2.0555,1.0555,2.3092,1.3092,26.845,2.0738,26.3852,2.0554,100.0,0.0,0.0,0.0,25.25,0.0,26.5,0.0,26.375,0.0,25.5,10.0,0.0,0.0103,53.1401,5.3139,2.0,5.4402,1.2942,0.1331,1.3782,0.0202,1.3658,1.005e-05,1.0011,0.0175,2.4783,8.0,0.0692,1.0018,0.1735,2.461,0.0057,0.9805,0.0606,2.0045,0.0,0.0,0.0,-0.1606,26.0,25.0,38.0,38.0,14.0,0.0,0.0,0.0,64.0,2.3429,0.0,0.0121,0.0,0.0
21524.0,1.7373,0.0922,1.0,0.0799,1.202,2.0561,1.0561,2.3095,1.3095,26.8124,2.0725,26.3705,2.0548,100.0,0.0,0.0,0.0,25.25,0.0,26.375,0.0,26.5,0.0,25.5,10.0,0.0,0.01,53.1381,5.3137,2.0,5.5718,1.2984,0.2092,1.3865,0.0206,1.3659,1.005e-05,1.0012,0.0175,2.4773,8.0,0.0732,1.002,0.1776,2.4712,0.0058,0.9877,0.0652,2.0363,0.0,0.0,0.0,-0.1607,26.0,25.0,38.0,38.0,14.0,0.0,0.0,0.0,64.0,2.502,0.0,0.0115,0.0,0.0
21525.0,1.7363,0.092,1.0,0.0801,1.2024,2.0562,1.0562,2.3094,1.3094,26.711,2.0684,26.366,2.0546,100.0,0.0,0.0,0.0,25.375,0.0,26.5,0.0,26.5,0.0,25.375,10.0,0.0,0.0097,53.1363,5.3136,2.0,5.6017,1.2993,0.2731,1.3934,0.0211,1.3659,1.005e-05,1.0012,0.0175,2.4763,8.0,0.0766,1.002,0.1271,2.3261,0.0059,0.9945,0.0634,2.024,0.0,0.0,0.0,-0.1608,26.0,25.0,38.0,37.0,14.0,0.0,0.0,0.0,64.0,2.6678,0.0,0.0117,0.0,0.0
21526.0,1.7362,0.092,1.0,0.0802,1.2028,2.0559,1.0559,2.3092,1.3092,26.5951,2.0638,26.3673,2.0547,100.0,0.0,0.0,0.0,25.375,0.0,26.375,0.0,26.5,0.0,25.5,10.0,0.0,0.0092,53.1341,5.3133,2.0,5.7562,1.3041,0.3814,1.4052,0.0211,1.3659,1.005e-05,1.0011,0.0175,2.4756,8.0,0.0758,1.002,0.1497,2.397,0.0064,1.0285,0.0556,1.9667,0.0,0.0,0.0,-0.161,26.0,25.0,38.0,37.0,13.0,0.0,0.0,0.0,64.0,2.8517,0.0,0.0115,0.0,0.0
21527.0,1.7362,0.092,1.0,0.0794,1.2006,2.0554,1.0554,2.3091,1.3091,26.6705,2.0668,26.3852,2.0554,100.0,0.0,0.0,0.0,25.375,0.0,26.5,0.0,26.375,0.0,25.5,10.0,0.0,0.0095,53.1325,5.3132,2.0,5.9538,1.3099,0.4773,1.4157,0.0182,1.3656,1.004e-05,1.001,0.0175,2.4742,8.0,0.0675,1.0018,0.14,2.368,0.0063,1.019,0.0681,2.0549,0.0,0.0,0.0,-0.1606,26.0,25.0,38.0,37.0,15.0,0.0,0.0,0.0,64.0,3.023,0.0,0.0113,0.0,0.0
21528.0,1.7362,0.092,1.0,0.08,1.2021,2.0552,1.0552,2.3096,1.3096,26.8439,2.0738,26.3833,2.0553,100.0,0.0,0.0,0.0,25.25,0.0,26.5,0.0,26.375,0.0,25.5,10.0,0.0,0.0099,53.13,5.3129,2.0,6.0145,1.3117,0.4463,1.4123,0.0189,1.3657,1.004e-05,1.001,0.0175,2.4736,8.0,0.0674,1.0018,0.1533,2.4075,0.0059,0.9917,0.0754,2.099,0.0,0.0,0.0,-0.161,26.0,25.0,38.0,37.0,14.0,0.0,0.0,0.0,64.0,3.2283,0.0,0.012,0.0,0.0
21529.0,1.7363,0.092,1.0,0.0797,1.2014,2.0557,1.0557,2.3099,1.3099,26.805,2.0722,26.3696,2.0548,100.0,0.0,0.0,0.0,25.25,0.0,26.5,0.0,26.375,0.0,25.375,10.0,0.0,0.0103,53.1279,5.3127,2.0,5.9678,1.3103,0.3623,1.4032,0.0198,1.3658,1.004e-05,1.001,0.0175,2.4723,8.0,0.0699,1.0019,0.1916,2.5043,0.0054,0.957,0.0744,2.0935,0.0,0.0,0.0,-0.161,26.0,25.0,38.0,38.0,12.0,0.0,0.0,0.0,64.0,3.3862,0.0,0.0116,0.0,0.0
21530.0,1.7363,0.092,1.0,0.0798,1.2018,2.0558,1.0558,2.3095,1.3095,26.711,2.0684,26.3657,2.0546,100.0,0.0,0.0,0.0,25.375,0.0,26.375,0.0,26.5,0.0,25.5,10.0,0.0,0.0096,53.1266,5.3126,2.0,5.8659,1.3073,0.3466,1.4014,0.0204,1.3659,1.005e-05,1.0011,0.0175,2.472,8.0,0.0712,1.0019,0.1858,2.4908,0.0055,0.9598,0.071,2.073,0.0,0.0,0.0,-0.161,26.0,25.0,38.0,38.0,14.0,0.0,0.0,0.0,64.0,3.5679,0.0,0.0117,0.0,0.0
21531.0,1.7362,0.092,1.0,0.0798,1.2018,2.0561,1.0561,2.3092,1.3092,26.6022,2.0641,26.364,2.0546,100.0,0.0,0.0,0.0,25.375,0.0,26.5,0.0,26.375,0.0,25.375,10.0,0.0,0.0095,53.1246,5.3123,2.0,5.8558,1.307,0.2796,1.3941,0.0211,1.3659,1.005e-05,1.0012,0.0174,2.4707,8.0,0.0735,1.002,0.1524,2.4048,0.0059,0.9914,0.0737,2.0892,0.0,0.0,0.0,-0.1611,26.0,25.0,38.0,38.0,13.0,0.0,0.0,0.0,64.0,3.7824,0.0,0.0117,0.0,0.0
21532.0,1.7362,0.092,1.0,0.0802,1.2029,2.0557,1.0557,2.3091,1.3091,26.6569,2.0663,26.3843,2.0554,100.0,0.0,0.0,0.0,25.375,0.0,26.375,0.0,26.5,0.0,25.5,10.0,0.0,0.0091,53.1228,5.3122,2.0,5.8409,1.3066,0.2807,1.3943,0.0216,1.366,1.005e-05,1.0012,0.0174,2.4702,8.0,0.0764,1.002,0.1768,2.4693,0.0058,0.982,0.0861,2.1567,0.0,0.0,0.0,-0.1608,26.0,25.0,38.0,38.0,13.0,0.0,0.0,0.0,64.0,3.9445,0.0,0.0117,0.0,0.0
21533.0,1.7363,0.092,1.0,0.08,1.2023,2.0551,1.0551,2.3092,1.3092,26.8121,2.0725,26.391,2.0556,100.0,0.0,0.0,0.0,25.375,0.0,26.375,0.0,26.375,0.0,25.375,10.0,0.0,0.0098,53.1214,5.3121,2.0,5.866,1.3073,0.2739,1.3935,0.0212,1.3659,1.005e-05,1.0012,0.0174,2.4696,8.0,0.0775,1.0021,0.1752,2.4654,0.0054,0.9578,0.0836,2.1441,0.0,0.0,0.0,-0.1605,26.0,25.0,38.0,37.0,15.0,0.0,0.0,0.0,64.0,4.1179,0.0,0.0118,0.0,0.0
21534.0,1.7372,0.0922,1.0,0.08,1.2024,2.0555,1.0555,2.3098,1.3098,26.8458,2.0738,26.375,2.055,100.0,0.0,0.0,0.0,25.375,0.0,26.5,0.0,26.375,0.0,25.5,10.0,0.0,0.0095,53.1195,5.3118,2.0,5.8123,1.3057,0.2025,1.3857,0.0204,1.3659,1.005e-05,1.0011,0.0174,2.4682,8.0,0.0721,1.0019,0.1683,2.448,0.006,0.9967,0.0731,2.0859,0.0,0.0,0.0,-0.1609,26.0,25.0,38.0,37.0,12.0,0.0,0.0,0.0,64.0,4.301,0.0,0.0118,0.0,0.0
21535.0,1.7373,0.0922,1.0,0.0801,1.2026,2.0561,1.0561,2.3098,1.3098,26.7599,2.0704,26.3678,2.0547,100.0,0.0,0.0,0.0,25.375,0.0,26.5,0.0,26.375,0.0,25.5,10.0,0.0,0.0095,53.1181,5.3118,2.0,5.6903,1.3021,0.1098,1.3756,0.0199,1.3658,1.005e-05,1.0011,0.0174,2.4674,8.0,0.0698,1.0019,0.2352,2.5932,0.0062,1.0168,0.0653,2.0365,0.0,0.0,0.0,-0.1606,26.0,25.0,38.0,37.0,13.0,0.0,0.0,0.0,64.0,4.5246,0.0,0.0116,0.0,0.0
21536.0,1.7394,0.0924,1.0,0.0797,1.2015,2.0558,1.0558,2.3096,1.3096,26.6208,2.0648,26.3561,2.0542,100.0,0.0,0.0,0.0,25.375,0.0,26.375,0.0,26.375,0.0,25.375,10.0,0.0,0.0097,53.1158,5.3115,2.0,5.5629,1.2981,0.014,1.3652,0.0189,1.3657,1.004e-05,1.001,0.0174,2.4663,8.0,0.0678,1.0018,0.1969,2.5161,0.0062,1.0163,0.0859,2.1561,0.0,0.0,0.0,-0.1607,26.0,25.0,38.0,37.0,15.0,0.0,0.0,0.0,64.0,4.6437,0.0,0.0114,0.0,0.0
21537.0,1.7394,0.0924,1.0,0.0797,1.2013,2.0556,1.0556,2.3095,1.3095,26.6265,2.0651,26.369,2.0548,100.0,0.0,0.0,0.0,25.25,0.0,26.5,0.0,26.375,0.0,25.5,10.0,0.0,0.0096,53.1143,5.3113,2.0,5.4033,1.2931,-0.0666,1.3564,0.0193,1.3657,1.004e-05,1.001,0.0174,2.4645,8.0,0.0687,1.0018,0.1751,2.4651,0.0057,0.9784,0.0753,2.0984,0.0,0.0,0.0,-0.1605,26.0,25.0,38.0,37.0,14.0,0.0,0.0,0.0,64.0,4.8838,0.0,0.0119,0.0,0.0
21538.0,1.7373,0.0922,1.0,0.0798,1.2018,2.0552,1.0552,2.3094,1.3094,26.7975,2.0719,26.3852,2.0554,100.0,0.0,0.0,0.0,25.375,0.0,26.375,0.0,26.375,0.0,25.375,10.0,0.0,0.0091,53.1123,5.3111,2.0,5.3809,1.2923,-0.0602,1.3571,0.0214,1.366,1.005e-05,1.0013,0.0174,2.4642,8.0,0.076,1.002,0.1695,2.451,0.0058,0.9859,0.0722,2.0804,0.0,0.0,0.0,-0.1608,26.0,25.0,38.0,37.0,14.0,0.0,0.0,0.0,64.0,4.9411,0.0,0.0115,0.0,0.0
21539.0,1.7373,0.0922,1.0,0.08,1.2022,2.0555,1.0555,2.3099,1.3099,26.8554,2.0742,26.3727,2.0549,100.0,0.0,0.0,0.0,25.375,0.0,26.375,0.0,26.375,0.0,25.375,10.0,0.0,0.0099,53.1109,5.311,2.0,5.3773,1.2922,-0.0684,1.3562,0.0215,1.366,1.005e-05,1.0013,0.0174,2.4641,8.0,0.0765,1.002,0.1986,2.5199,0.0064,1.0258,0.0744,2.0937,0.0,0.0,0.0,-0.1608,26.0,25.0,38.0,37.0,14.0,0.0,0.0,0.0,64.0,5.2505,0.0,0.0119,0.0,0.0
21540.0,1.7362,0.092,1.0,0.0799,1.2021,2.0559,1.0559,2.3098,1.3098,26.767,2.0707,26.3589,2.0544,100.0,0.0,0.0,0.0,25.375,0.0,26.375,0.0,26.5,0.0,25.5,10.0,0.0,0.0096,53.1085,5.3108,2.0,5.3254,1.2905,-0.1314,1.3493,0.0207,1.3659,1.005e-05,1.0012,0.0173,2.4626,8.0,0.0745,1.002,0.1753,2.4657,0.0062,1.0174,0.0962,2.205,0.0,0.0,0.0,-0.1609,26.0,25.0,38.0,37.0,14.0,0.0,0.0,0.0,64.0,5.4511,0.0,0.0119,0.0,0.0
21541.0,1.7371,0.0921,1.0,0.08,1.2022,2.0559,1.0559,2.3096,1.3096,26.6402,2.0656,26.3614,2.0545,100.0,0.0,0.0,0.0,25.25,0.0,26.5,0.0,26.5,0.0,25.375,10.0,0.0,0.0096,53.1068,5.3106,2.0,5.2359,1.2876,-0.1713,1.345,0.0198,1.3658,1.005e-05,1.0011,0.0173,2.4611,8.0,0.0711,1.0019,0.1768,2.4693,0.0059,0.9952,0.0879,2.1657,0.0,0.0,0.0,-0.1606,26.0,25.0,38.0,37.0,15.0,0.0,0.0,0.0,64.0,5.5791,0.0,0.012,0.0,0.0
21542.0,1.7373,0.0922,1.0,0.08,1.2023,2.0556,1.0556,2.3095,1.3095,26.6273,2.0651,26.3767,2.0551,100.0,0.0,0.0,0.0,25.25,0.0,26.5,0.0,26.5,0.0,25.375,10.0,0.0,0.0098,53.1053,5.3104,2.0,5.1908,1.2861,-0.1759,1.3444,0.0193,1.3657,1.005e-05,1.001,0.0173,2.4602,8.0,0.0688,1.0018,0.1425,2.3757,0.0064,1.0261,0.0815,2.1331,0.0,0.0,0.0,-0.1608,26.0,25.0,38.0,38.0,14.0,0.0,0.0,0.0,64.0,5.8053,0.0,0.0116,0.0,0.0
21543.0,1.7364,0.092,1.0,0.0798,1.2018,2.0549,1.0549,2.3098,1.3098,26.7976,2.0719,26.3811,2.0552,100.0,0.0,0.0,0.0,25.375,0.0,26.375,0.0,26.5,0.0,25.375,10.0,0.0,0.0105,53.1035,5.3102,2.0,5.1876,1.286,-0.1932,1.3426,0.0186,1.3657,1.004e-05,1.0009,0.0173,2.4595,8.0,0.0674,1.0018,0.1515,2.4024,0.0064,1.0277,0.0818,2.1348,0.0,0.0,0.0,-0.1607,26.0,25.0,38.0,38.0,13.0,0.0,0.0,0.0,64.0,6.044,0.0,0.0116,0.0,0.0
21544.0,1.7363,0.092,1.0,0.0797,1.2015,2.0553,1.0553,2.31,1.31,26.8563,2.0743,26.3687,2.0547,100.0,0.0,0.0,0.0,25.25,0.0,26.5,0.0,26.5,0.0,25.5,10.0,0.0,0.0104,53.1016,5.3101,2.0,5.0969,1.2829,-0.2537,1.336,0.0192,1.3657,1.004e-05,1.001,0.0173,2.4592,8.0,0.0677,1.0018,0.137,2.3586,0.0059,0.9927,0.0849,2.1507,0.0,0.0,0.0,-0.1612,26.0,25.0,38.0,38.0,14.0,0.0,0.0,0.0,64.0,6.2073,0.0,0.0116,0.0,0.0
21545.0,1.7363,0.092,1.0,0.0798,1.2017,2.0558,1.0558,2.3098,1.3098,26.7966,2.0719,26.368,2.0547,100.0,0.0,0.0,0.0,25.375,0.0,26.5,0.0,26.5,0.0,25.625,10.0,0.0,0.0095,53.0999,5.3099,2.0,5.0727,1.2821,-0.2475,1.3366,0.0191,1.3657,1.005e-05,1.0011,0.0173,2.4583,8.0,0.0649,1.0017,0.1878,2.4955,0.0065,1.0326,0.0905,2.1786,0.0,0.0,0.0,-0.1605,26.0,25.0,38.0,38.0,13.0,0.0,0.0,0.0,64.0,6.3929,0.0,0.0117,0.0,0.0
21546.0,1.7363,0.092,1.0,0.0797,1.2014,2.0558,1.0558,2.3098,1.3098,26.6858,2.0674,26.3543,2.0542,100.0,0.0,0.0,0.0,25.25,0.0,26.5,0.0,26.5,0.0,25.375,10.0,0.0,0.0093,53.0982,5.3097,2.0,5.0884,1.2826,-0.2167,1.34,0.02,1.3658,1.005e-05,1.0011,0.0173,2.4574,8.0,0.0714,1.0019,0.1691,2.4501,0.0063,1.019,0.0908,2.18,0.0,0.0,0.0,-0.1609,26.0,25.0,38.0,38.0,14.0,0.0,0.0,0.0,64.0,6.5965,0.0,0.0116,0.0,0.0
21547.0,1.7369,0.0921,1.0,0.08,1.2022,2.0557,1.0557,2.3095,1.3095,26.6162,2.0646,26.3653,2.0546,100.0,0.0,0.0,0.0,25.375,0.0,26.375,0.0,26.5,0.0,25.375,10.0,0.0,0.0092,53.0961,5.3095,2.0,5.2734,1.2888,-0.0621,1.3569,0.0203,1.3659,1.005e-05,1.0011,0.0173,2.4566,8.0,0.0739,1.002,0.1868,2.4932,0.0068,1.0513,0.0994,2.2191,0.0,0.0,0.0,-0.1606,26.0,25.0,38.0,38.0,14.0,0.0,0.0,0.0,64.0,6.7629,0.0,0.012,0.0,0.0
21548.0,1.7373,0.0922,1.0,0.08,1.2023,2.0552,1.0552,2.3094,1.3094,26.7548,2.0702,26.3865,2.0555,100.0,0.0,0.0,0.0,25.375,0.0,26.375,0.0,26.5,0.0,25.5,10.0,0.0,0.0092,53.0947,5.3094,2.0,5.2562,1.2883,-0.0953,1.3532,0.0215,1.366,1.005e-05,1.0012,0.0173,2.4562,8.0,0.075,1.002,0.1546,2.411,0.0062,1.0174,0.1001,2.2222,0.0,0.0,0.0,-0.1611,26.0,25.0,38.0,38.0,13.0,0.0,0.0,0.0,64.0,6.9548,0.0,0.0117,0.0,0.0
21549.0,1.7363,0.092,1.0,0.0801,1.2027,2.0556,1.0556,2.3099,1.3099,26.8555,2.0742,26.3811,2.0552,100.0,0.0,0.0,0.0,25.375,0.0,26.5,0.0,26.5,0.0,25.375,10.0,0.0,0.01,53.0931,5.3092,2.0,5.2711,1.2888,-0.0337,1.36,0.0196,1.3658,1.004e-05,1.001,0.0173,2.455,8.0,0.0682,1.0018,0.1752,2.4654,0.0054,0.9536,0.0893,2.1726,0.0,0.0,0.0,-0.1611,26.0,25.0,38.0,38.0,13.0,0.0,0.0,0.0,64.0,7.1567,0.0,0.0116,0.0,0.0
21550.0,1.7363,0.092,1.0,0.0798,1.2016,2.0562,1.0562,2.3102,1.3102,26.8059,2.0722,26.3685,2.0547,100.0,0.0,0.0,0.0,25.25,0.0,26.5,0.0,26.625,0.0,25.375,10.0,0.0,0.0095,53.0912,5.309,2.0,5.3527,1.2914,0.0023,1.3639,0.0186,1.3657,1.004e-05,1.0009,0.0172,2.4541,8.0,0.0661,1.0018,0.1612,2.4291,0.0059,0.9917,0.0812,2.1313,0.0,0.0,0.0,-0.1605,26.0,25.0,38.0,38.0,13.0,0.0,0.0,0.0,64.0,7.2833,0.0,0.0113,0.0,0.0
21551.0,1.7363,0.092,1.0,0.0799,1.2021,2.0559,1.0559,2.3102,1.3102,26.697,2.0679,26.365,2.0546,100.0,0.0,0.0,0.0,25.375,0.0,26.375,0.0,26.375,0.0,25.375,10.0,0.0,0.0096,53.0895,5.3088,2.0,5.5002,1.2962,0.1295,1.3778,0.0188,1.3657,1.004e-05,1.001,0.0172,2.4532,8.0,0.0667,1.0018,0.1508,2.4004,0.0056,0.9709,0.0812,2.1315,0.0,0.0,0.0,-0.1611,26.0,25.0,38.0,38.0,15.0,0.0,0.0,0.0,64.0,7.5133,0.0,0.0118,0.0,0.0
21552.0,1.7363,0.092,1.0,0.0798,1.2017,2.0557,1.0557,2.3099,1.3099,26.6029,2.0641,26.3723,2.0549,100.0,0.0,0.0,0.0,25.25,0.0,26.5,0.0,26.5,0.0,25.375,10.0,0.0,0.0099,53.0876,5.3087,2.0,5.6319,1.3003,0.1596,1.381,0.02,1.3658,1.005e-05,1.0011,0.0172,2.4525,8.0,0.0694,1.0019,0.1419,2.3739,0.0064,1.0296,0.0895,2.1735,0.0,0.0,0.0,-0.1607,26.0,25.0,38.0,38.0,13.0,0.0,0.0,0.0,64.0,7.7101,0.0,0.0118,0.0,0.0
21553.0,1.7372,0.0921,1.0,0.0798,1.2018,2.0553,1.0553,2.3098,1.3098,26.7212,2.0688,26.3881,2.0555,100.0,0.0,0.0,0.0,25.375,0.0,26.5,0.0,26.375,0.0,25.375,10.0,0.0,0.0095,53.0857,5.3085,2.0,5.5539,1.2978,0.1054,1.3751,0.0204,1.3659,1.005e-05,1.0011,0.0172,2.4517,8.0,0.0739,1.002,0.1484,2.3934,0.0059,0.9903,0.0896,2.1741,0.0,0.0,0.0,-0.1611,26.0,25.0,38.0,38.0,14.0,0.0,0.0,0.0,64.0,7.9156,0.0,0.0116,0.0,0.0
21554.0,1.7382,0.0923,1.0,0.0799,1.202,2.0552,1.0552,2.3101,1.3101,26.8556,2.0742,26.3732,2.0549,100.0,0.0,0.0,0.0,25.375,0.0,26.375,0.0,26.5,0.0,25.375,10.0,0.0,0.0097,53.0842,5.3084,2.0,5.496,1.296,0.0577,1.3699,0.0212,1.366,1.005e-05,1.0012,0.0172,2.4509,8.0,0.0749,1.002,0.1455,2.3847,0.0061,1.0099,0.0966,2.2069,0.0,0.0,0.0,-0.161,26.0,25.0,38.0,37.0,13.0,0.0,0.0,0.0,64.0,8.1312,0.0,0.0122,0.0,0.0
21555.0,1.7386,0.0923,1.0,0.0801,1.2025,2.0556,1.0556,2.3103,1.3103,26.8176,2.0727,26.3594,2.0544,100.0,0.0,0.0,0.0,25.375,0.0,26.375,0.0,26.5,0.0,25.375,10.0,0.0,0.0102,53.0829,5.3082,2.0,5.5165,1.2967,0.0649,1.3707,0.0218,1.366,1.005e-05,1.0012,0.0172,2.4505,8.0,0.0768,1.002,0.1135,2.2769,0.0066,1.0446,0.098,2.2131,0.0,0.0,0.0,-0.161,26.0,25.0,38.0,37.0,14.0,0.0,0.0,0.0,64.0,8.3104,0.0,0.0116,0.0,0.0
21556.0,1.739,0.0924,1.0,0.0799,1.202,2.0558,1.0558,2.3102,1.3102,26.7266,2.0691,26.3539,2.0542,100.0,0.0,0.0,0.0,25.25,0.0,26.375,0.0,26.5,0.0,25.5,10.0,0.0,0.01,53.0813,5.308,2.0,5.4673,1.2951,0.0553,1.3697,0.0207,1.3659,1.005e-05,1.0012,0.0172,2.4495,8.0,0.0745,1.002,0.1253,2.3198,0.0059,0.9918,0.0891,2.1717,0.0,0.0,0.0,-0.1608,26.0,25.0,38.0,37.0,15.0,0.0,0.0,0.0,64.0,8.4945,0.0,0.0118,0.0,0.0
21557.0,1.738,0.0922,1.0,0.08,1.2022,2.0558,1.0558,2.31,1.31,26.6055,2.0642,26.3575,2.0543,100.0,0.0,0.0,0.0,25.25,0.0,26.5,0.0,26.375,0.0,25.375,10.0,0.0,0.0104,53.0796,5.3079,2.0,5.5147,1.2966,0.0615,1.3703,0.0195,1.3658,1.004e-05,1.001,0.0172,2.4485,8.0,0.0721,1.0019,0.1183,2.2947,0.0061,1.0081,0.0887,2.1696,0.0,0.0,0.0,-0.1609,26.0,25.0,38.0,37.0,14.0,0.0,0.0,0.0,64.0,8.6949,0.0,0.0118,0.0,0.0
21558.0,1.7371,0.0921,1.0,0.0799,1.2019,2.0554,1.0554,2.3098,1.3098,26.6664,2.0667,26.3743,2.055,100.0,0.0,0.0,0.0,25.375,0.0,26.375,0.0,26.375,0.0,25.5,10.0,0.0,0.0095,53.078,5.3077,2.0,5.464,1.295,0.0857,1.373,0.0186,1.3657,1.004e-05,1.001,0.0172,2.4476,8.0,0.0673,1.0018,0.1113,2.2683,0.0064,1.0248,0.0907,2.1794,0.0,0.0,0.0,-0.1609,26.0,25.0,38.0,37.0,14.0,0.0,0.0,0.0,64.0,8.8563,0.0,0.0117,0.0,0.0
21559.0,1.7371,0.0921,1.0,0.0799,1.2021,2.055,1.055,2.3101,1.3101,26.837,2.0735,26.3732,2.0549,100.0,0.0,0.0,0.0,25.375,0.0,26.375,0.0,26.5,0.0,25.375,10.0,0.0,0.0097,53.0762,5.3076,2.0,5.5737,1.2985,0.096,1.3741,0.0206,1.3659,1.005e-05,1.0011,0.0172,2.4467,8.0,0.0731,1.002,0.1503,2.3987,0.0059,0.9946,0.087,2.1613,0.0,0.0,0.0,-0.1608,26.0,25.0,38.0,37.0,13.0,0.0,0.0,0.0,64.0,8.9996,0.0,0.0117,0.0,0.0
21560.0,1.7375,0.0922,1.0,0.0801,1.2025,2.0555,1.0555,2.3107,1.3107,26.8215,2.0729,26.3616,2.0545,100.0,0.0,0.0,0.0,25.25,0.0,26.5,0.0,26.5,0.0,25.375,10.0,0.0,0.0089,53.0745,5.3074,2.0,5.4807,1.2955,0.036,1.3676,0.0214,1.366,1.005e-05,1.0012,0.0171,2.4461,8.0,0.0771,1.0021,0.1786,2.4738,0.0064,1.0281,0.0854,2.1534,0.0,0.0,0.0,-0.1609,26.0,25.0,38.0,37.0,14.0,0.0,0.0,0.0,64.0,9.1651,0.0,0.0114,0.0,0.0
21561.0,1.7374,0.0922,1.0,0.0802,1.2027,2.0558,1.0558,2.3104,1.3104,26.7287,2.0691,26.3614,2.0545,100.0,0.0,0.0,0.0,25.25,0.0,26.5,0.0,26.5,0.0,25.375,10.0,0.0,0.0093,53.0731,5.3072,2.0,5.4051,1.2931,-0.0489,1.3583,0.0212,1.3659,1.005e-05,1.0012,0.0171,2.4454,8.0,0.0766,1.002,0.1417,2.3731,0.0056,0.9669,0.0944,2.1969,0.0,0.0,0.0,-0.1611,26.0,25.0,38.0,37.0,15.0,0.0,0.0,0.0,64.0,9.3421,0.0,0.0117,0.0,0.0
21562.0,1.7373,0.0922,1.0,0.08,1.2021,2.0558,1.0558,2.3104,1.3104,26.6025,2.0641,26.358,2.0543,100.0,0.0,0.0,0.0,25.25,0.0,26.5,0.0,26.625,0.0,25.375,10.0,0.0,0.009,53.071,5.3071,2.0,5.2634,1.2885,-0.1293,1.3495,0.0202,1.3658,1.005e-05,1.0011,0.0171,2.4444,8.0,0.0736,1.002,0.1302,2.3364,0.0066,1.0385,0.0911,2.1816,0.0,0.0,0.0,-0.1609,26.0,25.0,38.0,38.0,13.0,0.0,0.0,0.0,64.0,9.512,0.0,0.0114,0.0,0.0
21563.0,1.7373,0.0922,1.0,0.0799,1.202,2.0555,1.0555,2.3099,1.3099,26.6573,2.0663,26.3742,2.055,100.0,0.0,0.0,0.0,25.25,0.0,26.375,0.0,26.5,0.0,25.375,10.0,0.0,0.0098,53.0694,5.3068,2.0,5.1823,1.2858,-0.16,1.3462,0.0192,1.3657,1.004e-05,1.001,0.0171,2.4435,8.0,0.0694,1.0019,0.1466,2.3881,0.0063,1.0211,0.084,2.1462,0.0,0.0,0.0,-0.1605,26.0,25.0,38.0,38.0,14.0,0.0,0.0,0.0,64.0,9.7231,0.0,0.0117,0.0,0.0
21564.0,1.7373,0.0922,1.0,0.0799,1.202,2.0552,1.0552,2.31,1.31,26.8358,2.0734,26.3858,2.0554,100.0,0.0,0.0,0.0,25.5,0.0,26.5,0.0,26.5,0.0,25.375,10.0,0.0,0.01,53.0678,5.3067,2.0,5.1836,1.2859,-0.1874,1.3432,0.0186,1.3657,1.004e-05,1.001,0.0171,2.4424,8.0,0.0682,1.0018,0.1299,2.3355,0.0059,0.9909,0.0749,2.0964,0.0,0.0,0.0,-0.1608,26.0,25.0,38.0,38.0,13.0,0.0,0.0,0.0,64.0,9.885,0.0,0.012,0.0,0.0
21565.0,1.7373,0.0922,1.0,0.08,1.2021,2.0559,1.0559,2.3099,1.3099,26.8322,2.0733,26.3707,2.0548,100.0,0.0,0.0,0.0,25.25,0.0,26.375,0.0,26.625,0.0,25.375,10.0,0.0,0.0094,53.0659,5.3065,2.0,5.054,1.2815,-0.2261,1.339,0.019,1.3657,1.004e-05,1.001,0.0171,2.4419,8.0,0.0646,1.0017,0.1426,2.3761,0.0062,1.0135,0.0782,2.1152,0.0,0.0,0.0,-0.1611,26.0,25.0,38.0,38.0,14.0,0.0,0.0,0.0,64.0,10.0526,0.0,0.0117,0.0,0.0
21566.0,1.7374,0.0922,1.0,0.0799,1.202,2.0558,1.0558,2.3102,1.3102,26.73,2.0692,26.3662,2.0546,100.0,0.0,0.0,0.0,25.375,0.0,26.5,0.0,26.5,0.0,25.5,10.0,0.0,0.0101,53.0643,5.3063,2.0,5.1255,1.2839,-0.1707,1.345,0.0194,1.3657,1.005e-05,1.0011,0.0171,2.4411,8.0,0.0703,1.0019,0.1105,2.2651,0.0059,0.9961,0.0891,2.1717,0.0,0.0,0.0,-0.161,26.0,25.0,38.0,38.0,14.0,0.0,0.0,0.0,64.0,10.2202,0.0,0.0115,0.0,0.0
21567.0,1.7376,0.0922,1.0,0.0798,1.2017,2.0558,1.0558,2.31,1.31,26.6297,2.0652,26.3618,2.0545,100.0,0.0,0.0,0.0,25.5,0.0,26.375,0.0,26.5,0.0,25.375,10.0,0.0,0.0099,53.0629,5.3062,2.0,5.109,1.2833,-0.2041,1.3414,0.02,1.3658,1.005e-05,1.0011,0.0171,2.4403,8.0,0.0707,1.0019,0.1128,2.274,0.006,1.0011,0.0932,2.1912,0.0,0.0,0.0,-0.1611,26.0,25.0,38.0,38.0,16.0,0.0,0.0,0.0,64.0,10.4213,0.0,0.0117,0.0,0.0
21568.0,1.7362,0.092,1.0,0.0798,1.2016,2.0556,1.0556,2.3098,1.3098,26.6207,2.0648,26.3786,2.0551,100.0,0.0,0.0,0.0,25.25,0.0,26.375,0.0,26.5,0.0,25.375,10.0,0.0,0.0092,53.0614,5.3061,2.0,5.0967,1.2829,-0.134,1.349,0.0213,1.366,1.005e-05,1.0011,0.0171,2.4396,8.0,0.0766,1.002,0.0847,2.1495,0.0066,1.0396,0.0794,2.1217,0.0,0.0,0.0,-0.161,26.0,25.0,38.0,38.0,15.0,0.0,0.0,0.0,64.0,10.5938,0.0,0.0117,0.0,0.0
21569.0,1.7363,0.092,1.0,0.0803,1.2032,2.055,1.055,2.3102,1.3102,26.7789,2.0712,26.3807,2.0552,100.0,0.0,0.0,0.0,25.25,0.0,26.375,0.0,26.5,0.0,25.375,10.0,0.0,0.0095,53.0598,5.3059,2.0,5.2028,1.2865,-0.0914,1.3537,0.0214,1.366,1.005e-05,1.0012,0.0171,2.4389,8.0,0.0763,1.002,0.1661,2.4422,0.0056,0.9724,0.0765,2.1057,0.0,0.0,0.0,-0.1609,26.0,25.0,38.0,38.0,13.0,0.0,0.0,0.0,64.0,10.7743,0.0,0.0115,0.0,0.0
21570.0,1.7343,0.0918,1.0,0.0798,1.2018,2.0551,1.0551,2.3106,1.3106,26.8549,2.0742,26.3669,2.0547,100.0,0.0,0.0,0.0,25.375,0.0,26.5,0.0,26.5,0.0,25.375,10.0,0.0,0.0092,53.0585,5.3058,2.0,5.1273,1.284,-0.184,1.3436,0.0211,1.3659,1.005e-05,1.0012,0.0171,2.438,8.0,0.0777,1.0021,0.1608,2.4283,0.0065,1.034,0.076,2.1027,0.0,0.0,0.0,-0.1609,26.0,25.0,38.0,38.0,14.0,0.0,0.0,0.0,64.0,10.9267,0.0,0.0117,0.0,0.0
21571.0,1.736,0.092,1.0,0.0797,1.2013,2.0558,1.0558,2.3106,1.3106,26.7604,2.0704,26.3579,2.0543,100.0,0.0,0.0,0.0,25.25,0.0,26.5,0.0,26.375,0.0,25.375,10.0,0.0,0.0097,53.0563,5.3055,2.0,4.9611,1.2782,-0.2284,1.3387,0.0192,1.3657,1.004e-05,1.001,0.017,2.4371,8.0,0.0694,1.0019,0.1773,2.4707,0.0059,0.989,0.0852,2.1522,0.0,0.0,0.0,-0.161,26.0,25.0,38.0,38.0,12.0,0.0,0.0,0.0,64.0,11.1035,0.0,0.0115,0.0,0.0
21572.0,1.7362,0.092,1.0,0.0798,1.2016,2.0556,1.0556,2.3105,1.3105,26.6358,2.0654,26.3538,2.0542,100.0,0.0,0.0,0.0,25.375,0.0,26.375,0.0,26.375,0.0,25.375,10.0,0.0,0.0098,53.0552,5.3055,2.0,4.9199,1.2768,-0.2783,1.3333,0.0188,1.3657,1.004e-05,1.001,0.017,2.4361,8.0,0.0676,1.0018,0.1292,2.3333,0.006,0.9998,0.0886,2.1695,0.0,0.0,0.0,-0.1611,26.0,25.0,38.0,38.0,16.0,0.0,0.0,0.0,64.0,11.2673,0.0,0.0116,0.0,0.0
21573.0,1.736,0.092,1.0,0.0799,1.202,2.0553,1.0553,2.3103,1.3103,26.6038,2.0642,26.3656,2.0546,100.0,0.0,0.0,0.0,25.375,0.0,26.5,0.0,26.5,0.0,25.375,10.0,0.0,0.01,53.0535,5.3053,2.0,4.8861,1.2756,-0.2672,1.3345,0.0198,1.3658,1.005e-05,1.0011,0.017,2.4355,8.0,0.0702,1.0019,0.1478,2.3916,0.0059,0.9892,0.075,2.097,0.0,0.0,0.0,-0.1605,26.0,25.0,38.0,38.0,13.0,0.0,0.0,0.0,64.0,11.4435,0.0,0.0118,0.0,0.0
21574.0,1.7343,0.0918,1.0,0.0799,1.2019,2.055,1.055,2.3099,1.3099,26.7453,2.0698,26.3799,2.0552,100.0,0.0,0.0,0.0,25.25,0.0,26.5,0.0,26.5,0.0,25.375,10.0,0.0,0.0093,53.0518,5.3051,2.0,4.8549,1.2745,-0.2969,1.3312,0.0203,1.3659,1.004e-05,1.001,0.017,2.4347,8.0,0.0721,1.0019,0.1097,2.2621,0.0056,0.9718,0.0796,2.1229,0.0,0.0,0.0,-0.1608,26.0,25.0,38.0,38.0,14.0,0.0,0.0,0.0,64.0,11.6703,0.0,0.0118,0.0,0.0
21575.0,1.7352,0.0919,1.0,0.0798,1.2018,2.0554,1.0554,2.3103,1.3103,26.8503,2.074,26.3688,2.0548,100.0,0.0,0.0,0.0,25.25,0.0,26.5,0.0,26.5,0.0,25.375,10.0,0.0,0.0097,53.0499,5.3049,2.0,4.9016,1.2761,-0.2299,1.3386,0.0204,1.3659,1.005e-05,1.0012,0.017,2.434,8.0,0.0738,1.002,0.1236,2.3139,0.0061,1.0059,0.0764,2.1051,0.0,0.0,0.0,-0.1609,26.0,25.0,38.0,38.0,15.0,0.0,0.0,0.0,64.0,11.8468,0.0,0.012,0.0,0.0
21576.0,1.7352,0.0919,1.0,0.08,1.2022,2.0558,1.0558,2.3106,1.3106,26.7814,2.0713,26.3572,2.0543,100.0,0.0,0.0,0.0,25.375,0.0,26.5,0.0,26.5,0.0,25.25,10.0,0.0,0.0096,53.0481,5.3047,2.0,4.9031,1.2762,-0.2406,1.3374,0.0216,1.366,1.005e-05,1.0013,0.017,2.4333,8.0,0.0764,1.002,0.1926,2.5065,0.0062,1.0149,0.0706,2.0704,0.0,0.0,0.0,-0.1605,26.0,25.0,38.0,38.0,14.0,0.0,0.0,0.0,64.0,11.993,0.0,0.0118,0.0,0.0
21577.0,1.7362,0.092,1.0,0.08,1.2024,2.0555,1.0555,2.3105,1.3105,26.6551,2.0662,26.3555,2.0542,100.0,0.0,0.0,0.0,25.25,0.0,26.5,0.0,26.5,0.0,25.375,10.0,0.0,0.0096,53.0468,5.3046,2.0,4.8347,1.2737,-0.2799,1.3331,0.0212,1.366,1.005e-05,1.0012,0.017,2.4324,8.0,0.0753,1.002,0.1871,2.4939,0.0058,0.9825,0.0602,2.0013,0.0,0.0,0.0,-0.1607,26.0,25.0,38.0,38.0,13.0,0.0,0.0,0.0,64.0,12.1725,0.0,0.0118,0.0,0.0
21578.0,1.7362,0.092,1.0,0.0799,1.2021,2.0554,1.0554,2.3104,1.3104,26.5933,2.0637,26.3629,2.0545,100.0,0.0,0.0,0.0,25.25,0.0,26.375,0.0,26.375,0.0,25.5,10.0,0.0,0.0096,53.0453,5.3045,2.0,4.773,1.2715,-0.3291,1.3277,0.0209,1.3659,1.005e-05,1.0012,0.017,2.4317,8.0,0.0779,1.0021,0.1515,2.4024,0.0064,1.03,0.074,2.0912,0.0,0.0,0.0,-0.1609,26.0,25.0,38.0,38.0,14.0,0.0,0.0,0.0,64.0,12.3644,0.0,0.0114,0.0,0.0
21579.0,1.7362,0.092,1.0,0.0801,1.2025,2.0549,1.0549,2.3102,1.3102,26.7299,2.0692,26.3781,2.0551,100.0,0.0,0.0,0.0,25.25,0.0,26.375,0.0,26.5,0.0,25.375,10.0,0.0,0.0097,53.0437,5.3043,2.0,4.7903,1.2721,-0.2719,1.334,0.0206,1.3659,1.005e-05,1.0011,0.017,2.431,8.0,0.0721,1.0019,0.1446,2.382,0.0059,0.9953,0.0872,2.1625,0.0,0.0,0.0,-0.1608,26.0,25.0,38.0,38.0,15.0,0.0,0.0,0.0,64.0,12.5751,0.0,0.0116,0.0,0.0
21580.0,1.7362,0.092,1.0,0.0799,1.2019,2.0548,1.0548,2.3105,1.3105,26.8533,2.0741,26.3726,2.0549,100.0,0.0,0.0,0.0,25.25,0.0,26.5,0.0,26.625,0.0,25.375,10.0,0.0,0.0091,53.0423,5.3042,2.0,4.84,1.2739,-0.2434,1.3371,0.0201,1.3658,1.005e-05,1.0011,0.017,2.4299,8.0,0.0715,1.0019,0.1696,2.4513,0.0058,0.9845,0.0885,2.1687,0.0,0.0,0.0,-0.1612,26.0,25.0,38.0,38.0,13.0,0.0,0.0,0.0,64.0,12.7582,0.0,0.0119,0.0,0.0
21581.0,1.7362,0.092,1.0,0.0799,1.2019,2.0553,1.0553,2.3107,1.3107,26.8141,2.0726,26.3606,2.0544,100.0,0.0,0.0,0.0,25.25,0.0,26.375,0.0,26.625,0.0,25.375,10.0,0.0,0.0096,53.0407,5.304,2.0,4.8087,1.2728,-0.265,1.3347,0.0195,1.3658,1.004e-05,1.001,0.017,2.4295,8.0,0.0674,1.0018,0.1459,2.3859,0.0062,1.0171,0.0791,2.1202,0.0,0.0,0.0,-0.1607,26.0,25.0,38.0,38.0,14.0,0.0,0.0,0.0,64.0,12.9307,0.0,0.0118,0.0,0.0
21582.0,1.7362,0.092,1.0,0.0797,1.2016,2.0554,1.0554,2.3105,1.3105,26.6766,2.0671,26.3543,2.0542,100.0,0.0,0.0,0.0,25.25,0.0,26.5,0.0,26.5,0.0,25.5,10.0,0.0,0.0101,53.0391,5.3038,2.0,4.9144,1.2766,-0.1015,1.3526,0.0196,1.3658,1.005e-05,1.0011,0.0169,2.4284,8.0,0.0695,1.0019,0.1477,2.3912,0.0051,0.9282,0.0867,2.1601,0.0,0.0,0.0,-0.1613,26.0,25.0,38.0,38.0,15.0,0.0,0.0,0.0,64.0,13.1135,0.0,0.0119,0.0,0.0
21583.0,1.7363,0.092,1.0,0.0798,1.2018,2.0558,1.0558,2.3104,1.3104,26.5991,2.064,26.3622,2.0545,100.0,0.0,0.0,0.0,25.25,0.0,26.375,0.0,26.375,0.0,25.375,10.0,0.0,0.01,53.0374,5.3037,2.0,5.0187,1.2802,-0.1026,1.3524,0.0197,1.3658,1.005e-05,1.0011,0.0169,2.4283,8.0,0.0714,1.0019,0.1054,2.2445,0.0054,0.9522,0.0902,2.1771,0.0,0.0,0.0,-0.1604,26.0,25.0,38.0,37.0,13.0,0.0,0.0,0.0,64.0,13.2866,0.0,0.0116,0.0,0.0
21584.0,1.7362,0.092,1.0,0.0799,1.2019,2.0553,1.0553,2.3098,1.3098,26.6932,2.0677,26.3812,2.0552,100.0,0.0,0.0,0.0,25.25,0.0,26.375,0.0,26.375,0.0,25.375,10.0,0.0,0.0099,53.0363,5.3035,2.0,5.012,1.28,-0.081,1.3548,0.0207,1.3659,1.005e-05,1.0012,0.0169,2.4271,8.0,0.0708,1.0019,0.1286,2.3312,0.0056,0.9732,0.0894,2.1733,0.0,0.0,0.0,-0.161,26.0,25.0,38.0,37.0,13.0,0.0,0.0,0.0,64.0,13.5082,0.0,0.0112,0.0,0.0
21585.0,1.7362,0.092,1.0,0.0797,1.2014,2.0552,1.0552,2.3105,1.3105,26.8447,2.0738,26.375,2.055,100.0,0.0,0.0,0.0,25.25,0.0,26.5,0.0,26.5,0.0,25.375,10.0,0.0,0.0101,53.0349,5.3034,2.0,4.9987,1.2795,-0.1148,1.3511,0.0212,1.3659,1.005e-05,1.0012,0.0169,2.4267,8.0,0.074,1.002,0.1206,2.3031,0.0063,1.0206,0.0776,2.1117,0.0,0.0,0.0,-0.1607,26.0,25.0,38.0,37.0,13.0,0.0,0.0,0.0,64.0,13.666,0.0,0.012,0.0,0.0
21586.0,1.7371,0.0921,1.0,0.08,1.2022,2.0553,1.0553,2.3111,1.3111,26.8176,2.0727,26.36,2.0544,100.0,0.0,0.0,0.0,25.375,0.0,26.375,0.0,26.5,0.0,25.375,10.0,0.0,0.0096,53.0331,5.3032,2.0,5.0533,1.2814,-0.0547,1.3577,0.0215,1.366,1.005e-05,1.0012,0.0169,2.4261,8.0,0.0767,1.002,0.1127,2.2739,0.0059,0.9908,0.0645,2.0314,0.0,0.0,0.0,-0.1607,26.0,25.0,38.0,37.0,14.0,0.0,0.0,0.0,64.0,13.9144,0.0,0.012,0.0,0.0
21587.0,1.7363,0.092,1.0,0.0802,1.2027,2.0557,1.0557,2.3106,1.3106,26.702,2.0681,26.3548,2.0542,100.0,0.0,0.0,0.0,25.375,0.0,26.5,0.0,26.5,0.0,25.375,10.0,0.0,0.0099,53.0314,5.3031,2.0,5.0245,1.2804,-0.0829,1.3546,0.021,1.3659,1.005e-05,1.0012,0.0169,2.4253,8.0,0.0753,1.002,0.1238,2.3145,0.0058,0.9836,0.0683,2.0562,0.0,0.0,0.0,-0.1608,26.0,25.0,38.0,37.0,13.0,0.0,0.0,0.0,64.0,14.1075,0.0,0.0115,0.0,0.0
21588.0,1.7362,0.092,1.0,0.0801,1.2024,2.0555,1.0555,2.3107,1.3107,26.594,2.0638,26.3558,2.0542,100.0,0.0,0.0,0.0,25.25,0.0,26.375,0.0,26.5,0.0,25.375,10.0,0.0,0.0096,53.0302,5.3029,2.0,5.069,1.282,-0.0131,1.3622,0.0217,1.366,1.005e-05,1.0012,0.0169,2.4244,8.0,0.077,1.0021,0.1156,2.2849,0.0059,0.9963,0.0691,2.0614,0.0,0.0,0.0,-0.1608,26.0,25.0,38.0,37.0,14.0,0.0,0.0,0.0,64.0,14.2514,0.0,0.0114,0.0,0.0
21589.0,1.7354,0.0919,1.0,0.0801,1.2026,2.055,1.055,2.3107,1.3107,26.6672,2.0667,26.3712,2.0548,100.0,0.0,0.0,0.0,25.375,0.0,26.5,0.0,26.5,0.0,25.375,10.0,0.0,0.0094,53.0286,5.3028,2.0,5.1624,1.2851,0.0503,1.3691,0.0212,1.366,1.006e-05,1.0013,0.0169,2.4239,8.0,0.0771,1.0021,0.1484,2.3933,0.0059,0.9894,0.064,2.0282,0.0,0.0,0.0,-0.1608,26.0,25.0,38.0,37.0,14.0,0.0,0.0,0.0,64.0,14.4691,0.0,0.0117,0.0,0.0
21590.0,1.7359,0.092,1.0,0.0798,1.2018,2.0547,1.0547,2.3103,1.3103,26.8318,2.0733,26.3786,2.0551,100.0,0.0,0.0,0.0,25.375,0.0,26.375,0.0,26.5,0.0,25.5,10.0,0.0,0.0096,53.0269,5.3026,2.0,5.2445,1.2879,0.1229,1.377,0.0206,1.3659,1.005e-05,1.0012,0.0169,2.4228,8.0,0.0786,1.0021,0.1593,2.4242,0.0055,0.9617,0.0669,2.0476,0.0,0.0,0.0,-0.1611,26.0,25.0,38.0,37.0,16.0,0.0,0.0,0.0,64.0,14.6726,0.0,0.0115,0.0,0.0
21591.0,1.7311,0.0914,1.0,0.08,1.2022,2.0552,1.0552,2.3107,1.3107,26.8393,2.0736,26.3643,2.0546,100.0,0.0,0.0,0.0,25.25,0.0,26.5,0.0,26.375,0.0,25.375,10.0,0.0,0.0096,53.0257,5.3025,2.0,5.3212,1.2904,0.1763,1.3829,0.0209,1.3659,1.005e-05,1.0012,0.0169,2.4222,8.0,0.0742,1.002,0.1557,2.4141,0.0065,1.0349,0.0624,2.0168,0.0,0.0,0.0,-0.1611,26.0,25.0,38.0,38.0,13.0,0.0,0.0,0.0,64.0,14.2204,0.0,0.0117,0.0,0.0
21592.0,1.7385,0.0923,1.0,0.0796,1.2013,2.0554,1.0554,2.3106,1.3106,26.7429,2.0697,26.3554,2.0542,100.0,0.0,0.0,0.0,25.375,0.0,26.5,0.0,26.5,0.0,25.375,10.0,0.0,0.0096,53.0242,5.3024,2.0,5.4169,1.2935,0.2211,1.3878,0.0188,1.3657,1.004e-05,1.001,0.0169,2.4211,8.0,0.0668,1.0018,0.1489,2.3948,0.0064,1.0285,0.0574,1.981,0.0,0.0,0.0,-0.1611,26.0,25.0,38.0,38.0,15.0,0.0,0.0,0.0,64.0,15.0493,0.0,0.0114,0.0,0.0
21593.0,1.748,0.0935,1.0,0.0799,1.2021,2.0554,1.0554,2.3104,1.3104,26.6229,2.0649,26.3524,2.0541,100.0,0.0,0.0,0.0,25.25,0.0,26.5,0.0,26.375,0.0,25.5,10.0,0.0,0.0091,53.0229,5.3022,2.0,5.4311,1.294,0.2094,1.3865,0.0192,1.3657,1.004e-05,1.001,0.0168,2.4205,8.0,0.0672,1.0018,0.1325,2.3442,0.0061,1.0096,0.0748,2.0958,0.0,0.0,0.0,-0.1607,26.0,25.0,38.0,38.0,15.0,0.0,0.0,0.0,64.0,15.2423,0.0,0.0114,0.0,0.0
21594.0,1.7508,0.0938,1.0,0.0797,1.2015,2.0553,1.0553,2.3099,1.3099,26.6762,2.067,26.3743,2.055,100.0,0.0,0.0,0.0,25.25,0.0,26.375,0.0,26.375,0.0,25.375,10.0,0.0,0.0097,53.0212,5.302,2.0,5.411,1.2933,0.1573,1.3808,0.019,1.3657,1.004e-05,1.001,0.0168,2.4197,8.0,0.068,1.0018,0.1914,2.5038,0.006,1.0008,0.0663,2.0432,0.0,0.0,0.0,-0.161,26.0,25.0,38.0,38.0,16.0,0.0,0.0,0.0,64.0,15.3913,0.0,0.0122,0.0,0.0
21595.0,1.7524,0.0941,1.0,0.0799,1.2021,2.0548,1.0548,2.3106,1.3106,26.8377,2.0735,26.3702,2.0548,100.0,0.0,0.0,0.0,25.25,0.0,26.5,0.0,26.5,0.0,25.5,10.0,0.0,0.0098,53.0199,5.3019,2.0,5.357,1.2916,0.1515,1.3802,0.0196,1.3658,1.005e-05,1.0011,0.0168,2.4191,8.0,0.0697,1.0019,0.18,2.4771,0.0059,0.995,0.0659,2.0404,0.0,0.0,0.0,-0.1609,26.0,25.0,38.0,38.0,15.0,0.0,0.0,0.0,64.0,15.5779,0.0,0.0118,0.0,0.0
21596.0,1.7528,0.0941,1.0,0.0798,1.2017,2.0551,1.0551,2.3107,1.3107,26.8447,2.0738,26.3641,2.0546,100.0,0.0,0.0,0.0,25.25,0.0,26.375,0.0,26.5,0.0,25.375,10.0,0.0,0.0096,53.0184,5.3017,2.0,5.4065,1.2932,0.1832,1.3836,0.0203,1.3658,1.005e-05,1.0011,0.0168,2.4184,8.0,0.0697,1.0019,0.171,2.4549,0.0061,1.0072,0.0674,2.0506,0.0,0.0,0.0,-0.1612,26.0,25.0,38.0,38.0,13.0,0.0,0.0,0.0,64.0,15.7059,0.0,0.0114,0.0,0.0
21597.0,1.7509,0.0939,1.0,0.08,1.2022,2.0554,1.0554,2.3106,1.3106,26.7517,2.0701,26.3552,2.0542,100.0,0.0,0.0,0.0,25.375,0.0,26.5,0.0,26.375,0.0,25.375,10.0,0.0,0.0095,53.0167,5.3016,2.0,5.4622,1.2949,0.2591,1.3919,0.0202,1.3658,1.005e-05,1.0011,0.0168,2.4177,8.0,0.0714,1.0019,0.1804,2.4782,0.0061,1.0104,0.058,1.9849,0.0,0.0,0.0,-0.1606,26.0,25.0,38.0,38.0,13.0,0.0,0.0,0.0,64.0,15.9237,0.0,0.0113,0.0,0.0
21598.0,1.7424,0.0928,1.0,0.0797,1.2014,2.0554,1.0554,2.3104,1.3104,26.6095,2.0644,26.3428,2.0537,100.0,0.0,0.0,0.0,25.375,0.0,26.375,0.0,26.5,0.0,25.375,10.0,0.0,0.0099,53.0151,5.3014,2.0,5.5441,1.2975,0.2844,1.3947,0.0203,1.3658,1.005e-05,1.0011,0.0168,2.4168,8.0,0.0733,1.002,0.1354,2.3535,0.0058,0.9847,0.0597,1.998,0.0,0.0,0.0,-0.1609,26.0,25.0,38.0,38.0,14.0,0.0,0.0,0.0,64.0,16.1592,0.0,0.0118,0.0,0.0
21599.0,1.738,0.0923,1.0,0.08,1.2023,2.0551,1.0551,2.3103,1.3103,26.6579,2.0663,26.3636,2.0545,100.0,0.0,0.0,0.0,25.5,0.0,26.375,0.0,26.5,0.0,25.375,10.0,0.0,0.0096,53.0136,5.3012,2.0,5.6911,1.3021,0.3441,1.4012,0.0209,1.3659,1.005e-05,1.0012,0.0168,2.4163,8.0,0.0733,1.002,0.1596,2.4248,0.0068,1.0521,0.0542,1.9555,0.0,0.0,0.0,-0.1611,26.0,25.0,38.0,38.0,12.0,0.0,0.0,0.0,64.0,16.3238,0.0,0.0116,0.0,0.0
21600.0,1.7372,0.0922,1.0,0.0799,1.202,2.0548,1.0548,2.3103,1.3103,26.8002,2.072,26.381,2.0552,100.0,0.0,0.0,0.0,25.375,0.0,26.375,0.0,26.5,0.0,25.5,10.0,0.0,0.0096,53.0124,5.3012,2.0,5.6196,1.2999,0.2788,1.3941,0.021,1.3659,1.005e-05,1.0012,0.0168,2.4155,8.0,0.0738,1.002,0.1403,2.3688,0.0064,1.0252,0.0532,1.9475,0.0,0.0,0.0,-0.1613,26.0,25.0,38.0,38.0,13.0,0.0,0.0,0.0,64.0,16.4846,0.0,0.0118,0.0,0.0
21601.0,1.7353,0.0919,1.0,0.0798,1.2017,2.0551,1.0551,2.3107,1.3107,26.8371,2.0735,26.3645,2.0546,100.0,0.0,0.0,0.0,25.375,0.0,26.5,0.0,26.5,0.0,25.375,10.0,0.0,0.0094,53.0108,5.301,2.0,5.5921,1.299,0.2253,1.3882,0.0211,1.3659,1.005e-05,1.0012,0.0168,2.4148,8.0,0.0748,1.002,0.1534,2.4078,0.006,1.0,0.0455,1.8803,0.0,0.0,0.0,-0.1608,26.0,25.0,38.0,38.0,13.0,0.0,0.0,0.0,64.0,16.6837,0.0,0.0118,0.0,0.0
21602.0,1.7332,0.0916,1.0,0.08,1.2023,2.0554,1.0554,2.3106,1.3106,26.7705,2.0708,26.3533,2.0541,100.0,0.0,0.0,0.0,25.375,0.0,26.5,0.0,26.375,0.0,25.375,10.0,0.0,0.0094,53.0095,5.3009,2.0,5.5044,1.2963,0.1763,1.3829,0.0214,1.366,1.005e-05,1.0013,0.0168,2.4144,8.0,0.0758,1.002,0.1228,2.3112,0.0062,1.0113,0.0436,1.861,0.0,0.0,0.0,-0.1608,26.0,25.0,38.0,38.0,15.0,0.0,0.0,0.0,64.0,16.8554,0.0,0.0116,0.0,0.0
21603.0,1.7346,0.0918,1.0,0.08,1.2023,2.0553,1.0553,2.3105,1.3105,26.6565,2.0663,26.342,2.0537,100.0,0.0,0.0,0.0,25.375,0.0,26.375,0.0,26.5,0.0,25.375,10.0,0.0,0.0095,53.008,5.3007,2.0,5.4425,1.2943,0.0982,1.3743,0.02,1.3658,1.005e-05,1.0011,0.0168,2.4137,8.0,0.07,1.0019,0.1506,2.3997,0.0053,0.9499,0.0468,1.8923,0.0,0.0,0.0,-0.1612,26.0,25.0,38.0,38.0,15.0,0.0,0.0,0.0,64.0,17.0031,0.0,0.0116,0.0,0.0
21604.0,1.7347,0.0918,1.0,0.0799,1.2021,2.0553,1.0553,2.3103,1.3103,26.6111,2.0644,26.3591,2.0544,100.0,0.0,0.0,0.0,25.25,0.0,26.375,0.0,26.5,0.0,25.375,10.0,0.0,0.0099,53.0068,5.3006,2.0,5.4121,1.2933,0.1099,1.3756,0.0191,1.3657,1.004e-05,1.001,0.0168,2.4127,8.0,0.0709,1.0019,0.1198,2.3002,0.0063,1.02,0.0437,1.8627,0.0,0.0,0.0,-0.1608,26.0,25.0,38.0,38.0,14.0,0.0,0.0,0.0,64.0,17.1799,0.0,0.0121,0.0,0.0
21605.0,1.7352,0.0919,1.0,0.0798,1.2017,2.0548,1.0548,2.3103,1.3103,26.7477,2.0699,26.3749,2.055,100.0,0.0,0.0,0.0,25.375,0.0,26.5,0.0,26.5,0.0,25.5,10.0,0.0,0.01,53.0056,5.3005,2.0,5.4812,1.2955,0.1674,1.3819,0.0189,1.3657,1.004e-05,1.001,0.0167,2.4121,8.0,0.0683,1.0018,0.1242,2.3159,0.007,1.0647,0.0549,1.9614,0.0,0.0,0.0,-0.1607,26.0,25.0,38.0,38.0,14.0,0.0,0.0,0.0,64.0,17.3358,0.0,0.0117,0.0,0.0
21606.0,1.7352,0.0919,1.0,0.0798,1.2018,2.055,1.055,2.3111,1.3111,26.8457,2.0738,26.3587,2.0543,100.0,0.0,0.0,0.0,25.375,0.0,26.375,0.0,26.5,0.0,25.5,10.0,0.0,0.0099,53.0038,5.3003,2.0,5.6933,1.3021,0.3122,1.3977,0.0193,1.3657,1.004e-05,1.001,0.0167,2.4112,8.0,0.0685,1.0018,0.1122,2.2717,0.0064,1.0249,0.0544,1.9574,0.0,0.0,0.0,-0.1608,26.0,25.0,38.0,38.0,15.0,0.0,0.0,0.0,64.0,17.4898,0.0,0.0121,0.0,0.0
21607.0,1.7351,0.0919,1.0,0.0796,1.2012,2.0556,1.0556,2.3106,1.3106,26.7769,2.0711,26.3577,2.0543,100.0,0.0,0.0,0.0,25.25,0.0,26.375,0.0,26.5,0.0,25.375,10.0,0.0,0.0095,53.0023,5.3001,2.0,5.6892,1.302,0.2723,1.3933,0.0185,1.3657,1.004e-05,1.001,0.0167,2.4102,8.0,0.0649,1.0017,0.0973,2.2098,0.0058,0.9845,0.0495,1.9166,0.0,0.0,0.0,-0.1609,26.0,25.0,38.0,38.0,13.0,0.0,0.0,0.0,64.0,17.6606,0.0,0.0118,0.0,0.0
21608.0,1.7351,0.0919,1.0,0.0797,1.2015,2.0558,1.0558,2.3105,1.3105,26.6685,2.0667,26.3544,2.0542,100.0,0.0,0.0,0.0,25.375,0.0,26.625,0.0,26.5,0.0,25.5,10.0,0.0,0.0097,53.0006,5.3,2.0,5.6309,1.3002,0.2289,1.3886,0.019,1.3657,1.004e-05,1.001,0.0167,2.4096,8.0,0.0667,1.0018,0.1158,2.2856,0.0071,1.0705,0.0484,1.9069,0.0,0.0,0.0,-0.1613,26.0,25.0,38.0,37.0,14.0,0.0,0.0,0.0,64.0,17.83,0.0,0.0119,0.0,0.0
21609.0,1.7352,0.0919,1.0,0.08,1.2021,2.0553,1.0553,2.3103,1.3103,26.6029,2.0641,26.3664,2.0547,100.0,0.0,0.0,0.0,25.25,0.0,26.5,0.0,26.5,0.0,25.375,10.0,0.0,0.0099,52.9993,5.2999,2.0,5.581,1.2987,0.1913,1.3845,0.0192,1.3657,1.004e-05,1.001,0.0167,2.4087,8.0,0.0665,1.0018,0.0873,2.1629,0.0052,0.9407,0.0496,1.9169,0.0,0.0,0.0,-0.1606,26.0,25.0,38.0,37.0,14.0,0.0,0.0,0.0,64.0,18.0293,0.0,0.0111,0.0,0.0
21610.0,1.7352,0.0919,1.0,0.0798,1.2017,2.0548,1.0548,2.3102,1.3102,26.7662,2.0706,26.381,2.0552,100.0,0.0,0.0,0.0,25.25,0.0,26.625,0.0,26.5,0.0,25.375,10.0,0.0,0.0094,52.9979,5.2997,2.0,5.6599,1.3011,0.2542,1.3914,0.0188,1.3657,1.004e-05,1.001,0.0167,2.4079,8.0,0.0686,1.0018,0.0891,2.1717,0.0059,0.9932,0.0592,1.9942,0.0,0.0,0.0,-0.161,26.0,25.0,38.0,37.0,12.0,0.0,0.0,0.0,64.0,18.1781,0.0,0.0113,0.0,0.0
21611.0,1.7363,0.092,1.0,0.0798,1.2017,2.0553,1.0553,2.3102,1.3102,26.8572,2.0743,26.3703,2.0548,100.0,0.0,0.0,0.0,25.25,0.0,26.5,0.0,26.5,0.0,25.5,10.0,0.0,0.0093,52.9965,5.2996,2.0,5.6385,1.3005,0.1829,1.3836,0.0204,1.3659,1.005e-05,1.0011,0.0167,2.4074,8.0,0.0699,1.0019,0.1337,2.3481,0.0052,0.9393,0.0597,1.9981,0.0,0.0,0.0,-0.161,26.0,25.0,38.0,37.0,13.0,0.0,0.0,0.0,64.0,18.3559,0.0,0.0116,0.0,0.0
21612.0,1.7362,0.092,1.0,0.0799,1.202,2.0558,1.0558,2.3103,1.3103,26.7911,2.0716,26.3661,2.0546,100.0,0.0,0.0,0.0,25.25,0.0,26.5,0.0,26.5,0.0,25.375,10.0,0.0,0.01,52.995,5.2994,2.0,5.5947,1.2991,0.1789,1.3832,0.0207,1.3659,1.005e-05,1.0012,0.0167,2.4067,8.0,0.0725,1.0019,0.1484,2.3932,0.0063,1.0246,0.0551,1.9629,0.0,0.0,0.0,-0.1609,26.0,25.0,38.0,38.0,13.0,0.0,0.0,0.0,64.0,18.5364,0.0,0.0118,0.0,0.0
21613.0,1.7352,0.0919,1.0,0.08,1.2023,2.0558,1.0558,2.3106,1.3106,26.6826,2.0673,26.3611,2.0544,100.0,0.0,0.0,0.0,25.375,0.0,26.625,0.0,26.5,0.0,25.375,10.0,0.0,0.0098,52.9939,5.2993,2.0,5.6133,1.2997,0.1705,1.3822,0.0215,1.366,1.005e-05,1.0012,0.0167,2.4061,8.0,0.0756,1.002,0.1361,2.3556,0.006,0.9999,0.055,1.9624,0.0,0.0,0.0,-0.161,26.0,25.0,38.0,38.0,15.0,0.0,0.0,0.0,64.0,18.7228,0.0,0.0117,0.0,0.0
21614.0,1.7363,0.092,1.0,0.08,1.2021,2.0558,1.0558,2.3104,1.3104,26.5892,2.0636,26.3579,2.0543,100.0,0.0,0.0,0.0,25.375,0.0,26.375,0.0,26.5,0.0,25.5,10.0,0.0,0.0099,52.9927,5.2992,2.0,5.5687,1.2983,0.1507,1.3801,0.0202,1.3658,1.005e-05,1.0011,0.0167,2.4054,8.0,0.0733,1.002,0.1582,2.4211,0.006,0.9985,0.0644,2.0305,0.0,0.0,0.0,-0.1607,26.0,25.0,38.0,38.0,14.0,0.0,0.0,0.0,64.0,18.9034,0.0,0.0116,0.0,0.0
21615.0,1.7362,0.092,1.0,0.0799,1.202,2.055,1.055,2.3103,1.3103,26.6815,2.0673,26.3764,2.0551,100.0,0.0,0.0,0.0,25.25,0.0,26.375,0.0,26.5,0.0,25.375,10.0,0.0,0.0097,52.9913,5.299,2.0,5.5784,1.2986,0.1308,1.3779,0.0191,1.3657,1.004e-05,1.001,0.0167,2.4046,8.0,0.0684,1.0018,0.1105,2.2651,0.0065,1.0321,0.0635,2.0245,0.0,0.0,0.0,-0.1609,26.0,25.0,38.0,38.0,13.0,0.0,0.0,0.0,64.0,19.0759,0.0,0.0114,0.0,0.0
21616.0,1.7363,0.092,1.0,0.0794,1.2007,2.055,1.055,2.3104,1.3104,26.8455,2.0738,26.3774,2.0551,100.0,0.0,0.0,0.0,25.375,0.0,26.5,0.0,26.5,0.0,25.375,10.0,0.0,0.0097,52.9899,5.2989,2.0,5.4658,1.2951,0.0307,1.367,0.0188,1.3657,1.004e-05,1.001,0.0166,2.4039,8.0,0.0674,1.0018,0.1242,2.3161,0.0057,0.9745,0.0587,1.9902,0.0,0.0,0.0,-0.1611,26.0,25.0,38.0,38.0,13.0,0.0,0.0,0.0,64.0,19.2566,0.0,0.0119,0.0,0.0
21617.0,1.7363,0.092,1.0,0.0799,1.2019,2.0557,1.0557,2.3103,1.3103,26.8127,2.0725,26.3632,2.0545,100.0,0.0,0.0,0.0,25.25,0.0,26.375,0.0,26.5,0.0,25.5,10.0,0.0,0.0091,52.9883,5.2988,2.0,5.3844,1.2925,-0.01,1.3625,0.0192,1.3657,1.004e-05,1.001,0.0166,2.4031,8.0,0.0667,1.0018,0.1005,2.224,0.0064,1.0274,0.0608,2.0061,0.0,0.0,0.0,-0.1611,26.0,25.0,38.0,38.0,15.0,0.0,0.0,0.0,64.0,19.4165,0.0,0.0115,0.0,0.0
21618.0,1.7363,0.092,1.0,0.0798,1.2017,2.0558,1.0558,2.3102,1.3102,26.718,2.0687,26.3588,2.0544,100.0,0.0,0.0,0.0,25.375,0.0,26.5,0.0,26.375,0.0,25.375,10.0,0.0,0.0095,52.987,5.2986,2.0,5.3573,1.2916,-0.0292,1.3604,0.0205,1.3659,1.005e-05,1.0011,0.0166,2.4023,8.0,0.0697,1.0019,0.1012,2.2271,0.0063,1.0194,0.0614,2.0099,0.0,0.0,0.0,-0.1607,26.0,25.0,38.0,38.0,15.0,0.0,0.0,0.0,64.0,19.5812,0.0,0.0119,0.0,0.0
21619.0,1.7362,0.092,1.0,0.0797,1.2016,2.0558,1.0558,2.3104,1.3104,26.5967,2.0639,26.3543,2.0542,100.0,0.0,0.0,0.0,25.25,0.0,26.5,0.0,26.5,0.0,25.375,10.0,0.0,0.0093,52.9853,5.2985,2.0,5.2438,1.2879,-0.1269,1.3498,0.0204,1.3659,1.005e-05,1.0011,0.0166,2.4016,8.0,0.0719,1.0019,0.1022,2.2311,0.0063,1.0206,0.0575,1.9816,0.0,0.0,0.0,-0.161,26.0,25.0,38.0,38.0,15.0,0.0,0.0,0.0,64.0,19.7642,0.0,0.0116,0.0,0.0
21620.0,1.7362,0.092,1.0,0.0797,1.2015,2.0552,1.0552,2.3105,1.3105,26.6736,2.0669,26.3746,2.055,100.0,0.0,0.0,0.0,25.375,0.0,26.5,0.0,26.5,0.0,25.375,10.0,0.0,0.0097,52.9841,5.2984,2.0,5.2333,1.2875,-0.1046,1.3522,0.0208,1.3659,1.005e-05,1.0012,0.0166,2.4013,8.0,0.0755,1.002,0.1042,2.2399,0.0062,1.0119,0.0498,1.9191,0.0,0.0,0.0,-0.1608,26.0,25.0,38.0,38.0,14.0,0.0,0.0,0.0,64.0,19.9792,0.0,0.0118,0.0,0.0
21621.0,1.7352,0.0919,1.0,0.0805,1.2035,2.0549,1.0549,2.3108,1.3108,26.8437,2.0737,26.3768,2.0551,100.0,0.0,0.0,0.0,25.25,0.0,26.5,0.0,26.5,0.0,25.5,10.0,0.0,0.0095,52.9827,5.2982,2.0,5.2357,1.2876,-0.1087,1.3518,0.0217,1.366,1.005e-05,1.0012,0.0166,2.4001,8.0,0.0776,1.0021,0.0848,2.1501,0.006,1.002,0.0436,1.8617,0.0,0.0,0.0,-0.1607,26.0,25.0,38.0,38.0,14.0,0.0,0.0,0.0,64.0,20.1299,0.0,0.0116,0.0,0.0
21622.0,1.7342,0.0918,1.0,0.0801,1.2026,2.0557,1.0557,2.3108,1.3108,26.8179,2.0727,26.3703,2.0548,100.0,0.0,0.0,0.0,25.375,0.0,26.375,0.0,26.5,0.0,25.375,10.0,0.0,0.0099,52.9814,5.2981,2.0,5.2482,1.288,-0.0993,1.3528,0.021,1.3659,1.005e-05,1.0012,0.0166,2.3996,8.0,0.0763,1.002,0.0774,2.1108,0.0062,1.0142,0.0458,1.8831,0.0,0.0,0.0,-0.1609,26.0,25.0,38.0,38.0,15.0,0.0,0.0,0.0,64.0,20.3114,0.0,0.0117,0.0,0.0
21623.0,1.7331,0.0916,1.0,0.0802,1.2027,2.0558,1.0558,2.3103,1.3103,26.7279,2.0691,26.3655,2.0546,100.0,0.0,0.0,0.0,25.375,0.0,26.5,0.0,26.5,0.0,25.375,10.0,0.0,0.0093,52.9802,5.2979,2.0,5.2051,1.2866,-0.0377,1.3595,0.0209,1.3659,1.005e-05,1.0012,0.0166,2.399,8.0,0.073,1.0019,0.0775,2.1112,0.0063,1.0225,0.065,2.0348,0.0,0.0,0.0,-0.161,26.0,25.0,38.0,38.0,13.0,0.0,0.0,0.0,64.0,20.5074,0.0,0.0119,0.0,0.0
21624.0,1.7311,0.0914,1.0,0.08,1.2023,2.0558,1.0558,2.3101,1.3101,26.606,2.0642,26.3563,2.0543,100.0,0.0,0.0,0.0,25.5,0.0,26.625,0.0,26.5,0.0,25.375,10.0,0.0,0.01,52.9787,5.2978,2.0,5.3371,1.2909,0.0112,1.3649,0.0201,1.3658,1.005e-05,1.001,0.0166,2.3981,8.0,0.07,1.0019,0.0802,2.1262,0.0062,1.0154,0.0596,1.9974,0.0,0.0,0.0,-0.1605,26.0,25.0,38.0,38.0,14.0,0.0,0.0,0.0,64.0,20.7027,0.0,0.0119,0.0,0.0
21625.0,1.7321,0.0915,1.0,0.0799,1.2019,2.0555,1.0555,2.3101,1.3101,26.6405,2.0656,26.3771,2.0551,100.0,0.0,0.0,0.0,25.375,0.0,26.375,0.0,26.5,0.0,25.375,10.0,0.0,0.0098,52.9775,5.2977,2.0,5.3967,1.2929,0.0218,1.366,0.0197,1.3658,1.004e-05,1.001,0.0166,2.3975,8.0,0.0687,1.0018,0.0705,2.0698,0.0061,1.0056,0.0601,2.001,0.0,0.0,0.0,-0.1605,26.0,25.0,38.0,38.0,14.0,0.0,0.0,0.0,64.0,20.9075,0.0,0.0117,0.0,0.0
21626.0,1.7322,0.0915,1.0,0.0801,1.2024,2.0548,1.0548,2.3104,1.3104,26.7961,2.0718,26.3817,2.0553,100.0,0.0,0.0,0.0,25.375,0.0,26.5,0.0,26.5,0.0,25.375,10.0,0.0,0.0095,52.9763,5.2976,2.0,5.2608,1.2884,-0.1048,1.3522,0.0201,1.3658,1.005e-05,1.0012,0.0166,2.3971,8.0,0.0712,1.0019,0.0695,2.0637,0.006,1.0029,0.0678,2.0532,0.0,0.0,0.0,-0.1609,26.0,25.0,38.0,38.0,14.0,0.0,0.0,0.0,64.0,21.1059,0.0,0.0119,0.0,0.0
21627.0,1.7311,0.0914,1.0,0.0801,1.2024,2.0555,1.0555,2.3111,1.3111,26.8491,2.074,26.3655,2.0546,100.0,0.0,0.0,0.0,25.25,0.0,26.375,0.0,26.5,0.0,25.375,10.0,0.0,0.0101,52.9749,5.2974,2.0,5.1463,1.2846,-0.1449,1.3478,0.0205,1.3659,1.005e-05,1.0011,0.0166,2.3964,8.0,0.0735,1.002,0.0773,2.1102,0.006,1.0007,0.0622,2.016,0.0,0.0,0.0,-0.1606,26.0,25.0,38.0,38.0,13.0,0.0,0.0,0.0,64.0,21.2942,0.0,0.0119,0.0,0.0
21628.0,1.7312,0.0914,1.0,0.0803,1.203,2.0558,1.0558,2.3103,1.3103,26.7421,2.0697,26.3642,2.0546,100.0,0.0,0.0,0.0,25.25,0.0,26.375,0.0,26.5,0.0,25.375,10.0,0.0,0.0088,52.9733,5.2973,2.0,5.0919,1.2828,-0.1597,1.3462,0.0215,1.366,1.005e-05,1.0012,0.0166,2.3956,8.0,0.0751,1.002,0.0584,1.988,0.0064,1.0252,0.06,2.0,0.0,0.0,0.0,-0.1611,26.0,25.0,38.0,37.0,13.0,0.0,0.0,0.0,64.0,21.4704,0.0,0.012,0.0,0.0
21629.0,1.732,0.0915,1.0,0.0802,1.2027,2.0558,1.0558,2.3102,1.3102,26.6427,2.0657,26.3643,2.0546,100.0,0.0,0.0,0.0,25.375,0.0,26.5,0.0,26.375,0.0,25.375,10.0,0.0,0.0096,52.9723,5.2972,2.0,5.0556,1.2815,-0.2165,1.34,0.0212,1.366,1.005e-05,1.0012,0.0165,2.3944,8.0,0.0767,1.002,0.1205,2.3028,0.006,1.0031,0.0574,1.9804,0.0,0.0,0.0,-0.1607,26.0,25.0,38.0,37.0,13.0,0.0,0.0,0.0,64.0,21.6482,0.0,0.0117,0.0,0.0
21630.0,1.7361,0.092,1.0,0.0799,1.2019,2.0556,1.0556,2.3099,1.3099,26.6184,2.0647,26.3782,2.0551,100.0,0.0,0.0,0.0,25.375,0.0,26.5,0.0,26.375,0.0,25.375,10.0,0.0,0.0099,52.9711,5.2971,2.0,4.8942,1.2759,-0.2557,1.3357,0.021,1.3659,1.005e-05,1.0012,0.0165,2.3943,8.0,0.0735,1.002,0.1364,2.3566,0.006,0.9997,0.0662,2.0427,0.0,0.0,0.0,-0.1606,26.0,25.0,38.0,37.0,15.0,0.0,0.0,0.0,64.0,21.8339,0.0,0.0118,0.0,0.0
21631.0,1.7352,0.0919,1.0,0.08,1.2023,2.0552,1.0552,2.3098,1.3098,26.7814,2.0713,26.3888,2.0556,100.0,0.0,0.0,0.0,25.25,0.0,26.375,0.0,26.5,0.0,25.5,10.0,0.0,0.0101,52.9699,5.2969,2.0,4.9528,1.2779,-0.2219,1.3394,0.0196,1.3658,1.005e-05,1.0011,0.0165,2.3936,8.0,0.0727,1.0019,0.1036,2.2373,0.006,0.9989,0.0669,2.0473,0.0,0.0,0.0,-0.1608,26.0,25.0,38.0,37.0,14.0,0.0,0.0,0.0,64.0,22.0406,0.0,0.0118,0.0,0.0
21632.0,1.7342,0.0918,1.0,0.0801,1.2025,2.0559,1.0559,2.3103,1.3103,26.8422,2.0737,26.3763,2.0551,100.0,0.0,0.0,0.0,25.375,0.0,26.5,0.0,26.5,0.0,25.5,10.0,0.0,0.0099,52.9682,5.2968,2.0,4.9164,1.2767,-0.2618,1.3351,0.0196,1.3658,1.004e-05,1.001,0.0165,2.3925,8.0,0.0695,1.0019,0.167,2.4445,0.0057,0.9805,0.0638,2.0267,0.0,0.0,0.0,-0.1604,26.0,25.0,38.0,38.0,14.0,0.0,0.0,0.0,64.0,22.2729,0.0,0.0118,0.0,0.0
21633.0,1.7323,0.0915,1.0,0.0798,1.2017,2.0562,1.0562,2.3102,1.3102,26.7566,2.0703,26.3671,2.0547,100.0,0.0,0.0,0.0,25.25,0.0,26.375,0.0,26.5,0.0,25.375,10.0,0.0,0.0098,52.9668,5.2966,2.0,4.8281,1.2735,-0.3214,1.3286,0.0189,1.3657,1.004e-05,1.0009,0.0165,2.3912,8.0,0.0675,1.0018,0.1803,2.4778,0.0065,1.0375,0.0578,1.9841,0.0,0.0,0.0,-0.1607,26.0,25.0,38.0,38.0,13.0,0.0,0.0,0.0,64.0,22.4252,0.0,0.0118,0.0,0.0
21634.0,1.7329,0.0916,1.0,0.0799,1.2019,2.0558,1.0558,2.3101,1.3101,26.6303,2.0652,26.3627,2.0545,100.0,0.0,0.0,0.0,25.375,0.0,26.375,0.0,26.5,0.0,25.375,10.0,0.0,0.0093,52.9654,5.2965,2.0,4.822,1.2733,-0.2727,1.3339,0.0187,1.3657,1.004e-05,1.001,0.0165,2.3913,8.0,0.0666,1.0018,0.1768,2.4692,0.0062,1.0127,0.0762,2.1038,0.0,0.0,0.0,-0.1607,26.0,25.0,38.0,38.0,15.0,0.0,0.0,0.0,64.0,22.5398,0.0,0.0119,0.0,0.0
21635.0,1.7354,0.0919,1.0,0.0798,1.2016,2.0556,1.0556,2.3099,1.3099,26.6123,2.0645,26.3704,2.0548,100.0,0.0,0.0,0.0,25.375,0.0,26.375,0.0,26.5,0.0,25.375,10.0,0.0,0.0096,52.9642,5.2963,2.0,4.855,1.2745,-0.2715,1.334,0.0202,1.3658,1.005e-05,1.0011,0.0165,2.3907,8.0,0.0708,1.0019,0.1313,2.3401,0.0059,0.9963,0.0678,2.0528,0.0,0.0,0.0,-0.161,26.0,25.0,38.0,38.0,13.0,0.0,0.0,0.0,64.0,22.8454,0.0,0.0117,0.0,0.0
21636.0,1.7362,0.092,1.0,0.0802,1.2029,2.0553,1.0553,2.3099,1.3099,26.7556,2.0702,26.3901,2.0556,100.0,0.0,0.0,0.0,25.25,0.0,26.5,0.0,26.5,0.0,25.5,10.0,0.0,0.01,52.963,5.2962,2.0,4.8988,1.276,-0.1195,1.3506,0.0213,1.366,1.005e-05,1.0012,0.0165,2.3899,8.0,0.074,1.002,0.1679,2.4469,0.0055,0.9599,0.0645,2.0313,0.0,0.0,0.0,-0.161,26.0,25.0,38.0,38.0,14.0,0.0,0.0,0.0,64.0,22.9662,0.0,0.0119,0.0,0.0
21637.0,1.7362,0.092,1.0,0.0801,1.2024,2.0553,1.0553,2.3102,1.3102,26.8463,2.0739,26.3795,2.0552,100.0,0.0,0.0,0.0,25.375,0.0,26.375,0.0,26.5,0.0,25.375,10.0,0.0,0.0101,52.9618,5.2961,2.0,5.1123,1.2834,0.0112,1.3649,0.0216,1.366,1.005e-05,1.0012,0.0165,2.3893,8.0,0.0749,1.002,0.1221,2.3087,0.0059,0.9926,0.0784,2.1162,0.0,0.0,0.0,-0.1606,26.0,25.0,38.0,38.0,13.0,0.0,0.0,0.0,64.0,23.204,0.0,0.0115,0.0,0.0
21638.0,1.7355,0.0919,1.0,0.0798,1.2018,2.0557,1.0557,2.3103,1.3103,26.7904,2.0716,26.3654,2.0546,100.0,0.0,0.0,0.0,25.25,0.0,26.375,0.0,26.5,0.0,25.375,10.0,0.0,0.0093,52.9605,5.2959,2.0,5.2483,1.288,0.0402,1.368,0.0204,1.3659,1.005e-05,1.0011,0.0165,2.3887,8.0,0.073,1.0019,0.1324,2.3439,0.0065,1.0318,0.07,2.0669,0.0,0.0,0.0,-0.1607,26.0,25.0,38.0,38.0,14.0,0.0,0.0,0.0,64.0,23.3721,0.0,0.0118,0.0,0.0
21639.0,1.7342,0.0918,1.0,0.08,1.2022,2.0559,1.0559,2.3104,1.3104,26.6843,2.0674,26.3535,2.0541,100.0,0.0,0.0,0.0,25.25,0.0,26.5,0.0,26.5,0.0,25.375,10.0,0.0,0.0093,52.9593,5.2959,2.0,5.2115,1.2868,0.0002,1.3637,0.0198,1.3658,1.005e-05,1.001,0.0165,2.3882,8.0,0.0709,1.0019,0.1128,2.274,0.0064,1.0255,0.0754,2.099,0.0,0.0,0.0,-0.1609,26.0,25.0,38.0,38.0,12.0,0.0,0.0,0.0,64.0,23.5509,0.0,0.0114,0.0,0.0
21640.0,1.7331,0.0916,1.0,0.0799,1.2019,2.0557,1.0557,2.31,1.31,26.6016,2.0641,26.3748,2.055,100.0,0.0,0.0,0.0,25.375,0.0,26.375,0.0,26.375,0.0,25.375,10.0,0.0,0.0097,52.9579,5.2957,2.0,5.2313,1.2874,0.0364,1.3676,0.0195,1.3658,1.004e-05,1.001,0.0164,2.3862,8.0,0.0686,1.0018,0.1253,2.3197,0.0064,1.0257,0.0628,2.0199,0.0,0.0,0.0,-0.1609,26.0,25.0,38.0,38.0,14.0,0.0,0.0,0.0,64.0,23.7167,0.0,0.0118,0.0,0.0
21641.0,1.7325,0.0916,1.0,0.0799,1.2019,2.0557,1.0557,2.3094,1.3094,26.7146,2.0686,26.3875,2.0555,100.0,0.0,0.0,0.0,25.375,0.0,26.5,0.0,26.5,0.0,25.375,10.0,0.0,0.0097,52.9567,5.2956,2.0,5.2165,1.287,0.0181,1.3656,0.0188,1.3657,1.004e-05,1.0009,0.0164,2.3862,8.0,0.0665,1.0018,0.0922,2.1866,0.0058,0.9874,0.0659,2.0408,0.0,0.0,0.0,-0.1609,26.0,25.0,38.0,38.0,13.0,0.0,0.0,0.0,64.0,23.8959,0.0,0.0115,0.0,0.0
21642.0,1.7325,0.0916,1.0,0.0797,1.2014,2.0553,1.0553,2.3098,1.3098,26.8527,2.0741,26.3823,2.0553,100.0,0.0,0.0,0.0,25.25,0.0,26.375,0.0,26.5,0.0,25.375,10.0,0.0,0.01,52.955,5.2954,2.0,5.272,1.2888,0.025,1.3664,0.0188,1.3657,1.004e-05,1.0009,0.0164,2.3854,8.0,0.0659,1.0018,0.0983,2.2143,0.0059,0.9947,0.0598,1.9989,0.0,0.0,0.0,-0.1612,26.0,25.0,38.0,38.0,13.0,0.0,0.0,0.0,64.0,24.1037,0.0,0.0118,0.0,0.0
21643.0,1.7338,0.0917,1.0,0.0799,1.2019,2.0561,1.0561,2.3103,1.3103,26.8023,2.0721,26.3688,2.0548,100.0,0.0,0.0,0.0,25.25,0.0,26.375,0.0,26.375,0.0,25.5,10.0,0.0,0.01,52.9537,5.2953,2.0,5.1787,1.2857,0.0478,1.3689,0.0195,1.3658,1.004e-05,1.001,0.0164,2.3848,8.0,0.0677,1.0018,0.1068,2.2506,0.0065,1.0356,0.0591,1.9937,0.0,0.0,0.0,-0.1606,26.0,25.0,38.0,38.0,15.0,0.0,0.0,0.0,64.0,24.2885,0.0,0.0114,0.0,0.0
21644.0,1.7352,0.0919,1.0,0.0798,1.2017,2.0559,1.0559,2.3101,1.3101,26.679,2.0672,26.3666,2.0547,100.0,0.0,0.0,0.0,25.25,0.0,26.375,0.0,26.625,0.0,25.375,10.0,0.0,0.01,52.9524,5.2952,2.0,5.3639,1.2918,0.1028,1.3748,0.02,1.3658,1.005e-05,1.0011,0.0164,2.3839,8.0,0.0704,1.0019,0.158,2.4206,0.0058,0.9863,0.0526,1.9428,0.0,0.0,0.0,-0.1607,26.0,25.0,38.0,38.0,12.0,0.0,0.0,0.0,64.0,24.4177,0.0,0.0113,0.0,0.0
21645.0,1.7357,0.092,1.0,0.0798,1.2017,2.0558,1.0558,2.3099,1.3099,26.5997,2.064,26.3617,2.0545,100.0,0.0,0.0,0.0,25.25,0.0,26.375,0.0,26.5,0.0,25.5,10.0,0.0,0.0101,52.951,5.295,2.0,5.4432,1.2943,0.2385,1.3897,0.0204,1.3659,1.005e-05,1.0011,0.0164,2.3837,8.0,0.0709,1.0019,0.2193,2.5628,0.0059,0.9942,0.058,1.9855,0.0,0.0,0.0,-0.1608,26.0,25.0,38.0,38.0,14.0,0.0,0.0,0.0,64.0,24.6026,0.0,0.0121,0.0,0.0
21646.0,1.7354,0.0919,1.0,0.08,1.2024,2.0552,1.0552,2.3095,1.3095,26.6924,2.0677,26.3769,2.0551,100.0,0.0,0.0,0.0,25.25,0.0,26.5,0.0,26.5,0.0,25.375,10.0,0.0,0.0101,52.9501,5.295,2.0,5.6072,1.2995,0.2886,1.3951,0.02,1.3658,1.005e-05,1.0012,0.0164,2.383,8.0,0.0723,1.0019,0.2606,2.6379,0.0066,1.0421,0.0652,2.0362,0.0,0.0,0.0,-0.1611,26.0,25.0,38.0,38.0,13.0,0.0,0.0,0.0,64.0,24.8154,0.0,0.0116,0.0,0.0
21647.0,1.7362,0.092,1.0,0.08,1.2023,2.0549,1.0549,2.31,1.31,26.8402,2.0736,26.3739,2.055,100.0,0.0,0.0,0.0,25.25,0.0,26.5,0.0,26.5,0.0,25.375,10.0,0.0,0.0095,52.9487,5.2948,2.0,5.6083,1.2995,0.2634,1.3924,0.0196,1.3658,1.005e-05,1.0011,0.0164,2.3824,8.0,0.0718,1.0019,0.2108,2.5457,0.0057,0.9752,0.0602,2.0015,0.0,0.0,0.0,-0.1606,26.0,25.0,38.0,38.0,13.0,0.0,0.0,0.0,64.0,24.9708,0.0,0.0118,0.0,0.0
21648.0,1.7363,0.092,1.0,0.0801,1.2026,2.0556,1.0556,2.3103,1.3103,26.8184,2.0727,26.3712,2.0548,100.0,0.0,0.0,0.0,25.25,0.0,26.5,0.0,26.5,0.0,25.5,10.0,0.0,0.0095,52.9478,5.2947,2.0,5.5898,1.299,0.243,1.3901,0.0196,1.3658,1.004e-05,1.001,0.0164,2.3813,8.0,0.0716,1.0019,0.1871,2.4939,0.0067,1.0496,0.0626,2.0183,0.0,0.0,0.0,-0.1607,26.0,25.0,38.0,38.0,16.0,0.0,0.0,0.0,64.0,25.1543,0.0,0.0119,0.0,0.0
21649.0,1.7363,0.092,1.0,0.0798,1.2016,2.0558,1.0558,2.3102,1.3102,26.7166,2.0687,26.366,2.0546,100.0,0.0,0.0,0.0,25.25,0.0,26.375,0.0,26.5,0.0,25.375,10.0,0.0,0.0105,52.9468,5.2946,2.0,5.5507,1.2977,0.1891,1.3843,0.0192,1.3657,1.004e-05,1.001,0.0164,2.3808,8.0,0.0661,1.0018,0.1664,2.4431,0.0065,1.0339,0.0583,1.9876,0.0,0.0,0.0,-0.1606,26.0,25.0,38.0,37.0,14.0,0.0,0.0,0.0,64.0,25.2969,0.0,0.0114,0.0,0.0
21650.0,1.7341,0.0918,1.0,0.0797,1.2015,2.0558,1.0558,2.3096,1.3096,26.5888,2.0636,26.3663,2.0547,100.0,0.0,0.0,0.0,25.25,0.0,26.5,0.0,26.5,0.0,25.5,10.0,0.0,0.0091,52.945,5.2944,2.0,5.4451,1.2944,0.1083,1.3754,0.0188,1.3657,1.004e-05,1.0009,0.0164,2.3798,8.0,0.0648,1.0017,0.1803,2.4778,0.0053,0.9469,0.0576,1.9824,0.0,0.0,0.0,-0.1605,26.0,25.0,38.0,37.0,14.0,0.0,0.0,0.0,64.0,25.4599,0.0,0.0117,0.0,0.0
21651.0,1.7361,0.092,1.0,0.08,1.2022,2.0557,1.0557,2.3095,1.3095,26.6911,2.0676,26.386,2.0554,100.0,0.0,0.0,0.0,25.375,0.0,26.5,0.0,26.5,0.0,25.375,10.0,0.0,0.0099,52.9437,5.2943,2.0,5.3252,1.2905,0.0386,1.3678,0.0189,1.3657,1.004e-05,1.001,0.0164,2.3791,8.0,0.0679,1.0018,0.1699,2.452,0.0065,1.0366,0.0727,2.0835,0.0,0.0,0.0,-0.1606,26.0,25.0,38.0,37.0,13.0,0.0,0.0,0.0,64.0,25.6487,0.0,0.0118,0.0,0.0
21652.0,1.7363,0.092,1.0,0.0798,1.2016,2.0551,1.0551,2.3095,1.3095,26.8202,2.0728,26.3893,2.0556,100.0,0.0,0.0,0.0,25.375,0.0,26.5,0.0,26.625,0.0,25.5,10.0,0.0,0.0102,52.9428,5.2942,2.0,5.2911,1.2894,-0.0302,1.3603,0.0196,1.3658,1.004e-05,1.001,0.0163,2.3785,8.0,0.0671,1.0018,0.1479,2.3918,0.0068,1.057,0.0654,2.0373,0.0,0.0,0.0,-0.1607,26.0,25.0,38.0,37.0,14.0,0.0,0.0,0.0,64.0,25.8195,0.0,0.0119,0.0,0.0
21653.0,1.7369,0.0921,1.0,0.0798,1.2016,2.056,1.056,2.3099,1.3099,26.8287,2.0731,26.3718,2.0549,100.0,0.0,0.0,0.0,25.25,0.0,26.375,0.0,26.5,0.0,25.375,10.0,0.0,0.0092,52.9416,5.2941,2.0,5.1647,1.2852,-0.0775,1.3552,0.0205,1.3659,1.005e-05,1.0011,0.0163,2.378,8.0,0.0696,1.0019,0.1499,2.3976,0.0065,1.0359,0.066,2.0414,0.0,0.0,0.0,-0.1606,26.0,25.0,38.0,38.0,14.0,0.0,0.0,0.0,64.0,25.9891,0.0,0.0118,0.0,0.0
21654.0,1.7394,0.0924,1.0,0.0799,1.202,2.0562,1.0562,2.3098,1.3098,26.7039,2.0682,26.3643,2.0546,100.0,0.0,0.0,0.0,25.25,0.0,26.5,0.0,26.5,0.0,25.375,10.0,0.0,0.0093,52.94,5.2939,2.0,5.3474,1.2913,0.0277,1.3667,0.0208,1.3659,1.005e-05,1.0011,0.0163,2.3772,8.0,0.0706,1.0019,0.1433,2.3782,0.0064,1.0308,0.0648,2.0331,0.0,0.0,0.0,-0.161,26.0,25.0,38.0,38.0,14.0,0.0,0.0,0.0,64.0,26.19,0.0,0.012,0.0,0.0
21655.0,1.7404,0.0926,1.0,0.0799,1.2018,2.0558,1.0558,2.3096,1.3096,26.6014,2.0641,26.3615,2.0545,100.0,0.0,0.0,0.0,25.375,0.0,26.375,0.0,26.5,0.0,25.375,10.0,0.0,0.0105,52.9392,5.2938,2.0,5.2294,1.2874,0.0157,1.3653,0.0205,1.3659,1.005e-05,1.0012,0.0163,2.3764,8.0,0.0746,1.002,0.1294,2.3338,0.0056,0.9708,0.0594,1.9959,0.0,0.0,0.0,-0.1607,26.0,25.0,38.0,38.0,14.0,0.0,0.0,0.0,64.0,26.3533,0.0,0.0119,0.0,0.0
21656.0,1.7421,0.0928,1.0,0.0802,1.2028,2.0558,1.0558,2.3095,1.3095,26.6561,2.0662,26.383,2.0553,100.0,0.0,0.0,0.0,25.375,0.0,26.375,0.0,26.5,0.0,25.5,10.0,0.0,0.0099,52.9378,5.2937,2.0,5.4327,1.294,0.1325,1.3781,0.0213,1.366,1.005e-05,1.0012,0.0163,2.3759,8.0,0.0752,1.002,0.105,2.2431,0.0057,0.9811,0.0527,1.9433,0.0,0.0,0.0,-0.1609,26.0,25.0,38.0,38.0,15.0,0.0,0.0,0.0,64.0,26.5214,0.0,0.0118,0.0,0.0
21657.0,1.7424,0.0928,1.0,0.08,1.2022,2.0556,1.0556,2.3093,1.3093,26.7971,2.0719,26.395,2.0558,100.0,0.0,0.0,0.0,25.375,0.0,26.375,0.0,26.5,0.0,25.5,10.0,0.0,0.0089,52.9368,5.2936,2.0,5.4311,1.294,0.1352,1.3784,0.0197,1.3658,1.005e-05,1.0011,0.0163,2.3752,8.0,0.0718,1.0019,0.1438,2.3796,0.0058,0.9833,0.0549,1.9611,0.0,0.0,0.0,-0.1607,26.0,25.0,38.0,38.0,15.0,0.0,0.0,0.0,64.0,26.7489,0.0,0.0114,0.0,0.0
21658.0,1.7424,0.0928,1.0,0.0796,1.2011,2.0559,1.0559,2.31,1.31,26.8407,2.0736,26.3797,2.0552,100.0,0.0,0.0,0.0,25.25,0.0,26.375,0.0,26.5,0.0,25.375,10.0,0.0,0.0098,52.9357,5.2935,2.0,5.5054,1.2963,0.148,1.3798,0.0192,1.3657,1.004e-05,1.001,0.0163,2.3744,8.0,0.0679,1.0018,0.1156,2.2849,0.0064,1.0248,0.0567,1.9753,0.0,0.0,0.0,-0.1609,26.0,25.0,38.0,38.0,14.0,0.0,0.0,0.0,64.0,26.9134,0.0,0.0116,0.0,0.0
21659.0,1.7445,0.0931,1.0,0.0797,1.2014,2.056,1.056,2.3099,1.3099,26.7569,2.0703,26.3727,2.0549,100.0,0.0,0.0,0.0,25.375,0.0,26.375,0.0,26.5,0.0,25.375,10.0,0.0,0.0095,52.9341,5.2933,2.0,5.4604,1.2949,0.1359,1.3785,0.019,1.3657,1.004e-05,1.0009,0.0163,2.3737,8.0,0.0656,1.0018,0.1212,2.3055,0.0059,0.9923,0.0521,1.9388,0.0,0.0,0.0,-0.1606,26.0,25.0,38.0,38.0,13.0,0.0,0.0,0.0,64.0,27.1,0.0,0.0119,0.0,0.0
21660.0,1.7427,0.0928,1.0,0.0798,1.2018,2.0561,1.0561,2.3099,1.3099,26.6461,2.0658,26.3629,2.0545,100.0,0.0,0.0,0.0,25.375,0.0,26.5,0.0,26.5,0.0,25.5,10.0,0.0,0.0101,52.933,5.2932,2.0,5.4882,1.2958,0.1258,1.3774,0.0188,1.3657,1.004e-05,1.001,0.0163,2.3733,8.0,0.0666,1.0018,0.1017,2.229,0.0058,0.9884,0.0431,1.8566,0.0,0.0,0.0,-0.1609,26.0,25.0,38.0,38.0,12.0,0.0,0.0,0.0,64.0,27.2729,0.0,0.0117,0.0,0.0
21661.0,1.74,0.0925,1.0,0.08,1.2022,2.0557,1.0557,2.3095,1.3095,26.62,2.0648,26.3773,2.0551,100.0,0.0,0.0,0.0,25.5,0.0,26.5,0.0,26.375,0.0,25.375,10.0,0.0,0.01,52.9319,5.2931,2.0,5.4062,1.2932,0.0439,1.3684,0.0189,1.3657,1.004e-05,1.001,0.0163,2.3725,8.0,0.068,1.0018,0.1656,2.4408,0.0063,1.0212,0.0648,2.0334,0.0,0.0,0.0,-0.1609,26.0,25.0,38.0,38.0,15.0,0.0,0.0,0.0,64.0,27.4328,0.0,0.0119,0.0,0.0
21662.0,1.7374,0.0922,1.0,0.0798,1.2017,2.0552,1.0552,2.3094,1.3094,26.7944,2.0718,26.3845,2.0554,100.0,0.0,0.0,0.0,25.25,0.0,26.375,0.0,26.625,0.0,25.375,10.0,0.0,0.0099,52.9302,5.293,2.0,5.3794,1.2923,0.0649,1.3707,0.0203,1.3658,1.005e-05,1.0011,0.0163,2.3719,8.0,0.0681,1.0018,0.1424,2.3752,0.0057,0.9744,0.0587,1.9907,0.0,0.0,0.0,-0.161,26.0,25.0,38.0,38.0,12.0,0.0,0.0,0.0,64.0,27.6196,0.0,0.0118,0.0,0.0
21663.0,1.7363,0.092,1.0,0.0798,1.2018,2.0554,1.0554,2.3099,1.3099,26.8447,2.0738,26.3754,2.055,100.0,0.0,0.0,0.0,25.375,0.0,26.375,0.0,26.5,0.0,25.375,10.0,0.0,0.0098,52.9293,5.2929,2.0,5.371,1.292,0.0443,1.3685,0.0201,1.3658,1.005e-05,1.0011,0.0163,2.3711,8.0,0.0698,1.0019,0.1426,2.376,0.0058,0.9863,0.0492,1.9139,0.0,0.0,0.0,-0.1606,26.0,25.0,38.0,38.0,15.0,0.0,0.0,0.0,64.0,27.7983,0.0,0.0119,0.0,0.0
21664.0,1.735,0.0919,1.0,0.08,1.2023,2.056,1.056,2.3098,1.3098,26.7721,2.0709,26.3652,2.0546,100.0,0.0,0.0,0.0,25.375,0.0,26.375,0.0,26.625,0.0,25.375,10.0,0.0,0.0101,52.9279,5.2927,2.0,5.3737,1.2921,0.0672,1.371,0.0206,1.3659,1.005e-05,1.0011,0.0163,2.3708,8.0,0.0723,1.0019,0.1395,2.3663,0.0067,1.0463,0.0569,1.9766,0.0,0.0,0.0,-0.161,26.0,25.0,38.0,38.0,12.0,0.0,0.0,0.0,64.0,28.0112,0.0,0.0114,0.0,0.0
21665.0,1.7363,0.092,1.0,0.0799,1.202,2.0562,1.0562,2.3093,1.3093,26.6307,2.0652,26.3645,2.0546,100.0,0.0,0.0,0.0,25.375,0.0,26.5,0.0,26.5,0.0,25.375,10.0,0.0,0.0096,52.9266,5.2926,2.0,5.3529,1.2914,0.0039,1.3641,0.0213,1.366,1.005e-05,1.0012,0.0162,2.3699,8.0,0.0754,1.002,0.1428,2.3767,0.0063,1.0214,0.0453,1.8777,0.0,0.0,0.0,-0.161,26.0,25.0,38.0,38.0,14.0,0.0,0.0,0.0,64.0,28.1696,0.0,0.0117,0.0,0.0
21666.0,1.7362,0.092,1.0,0.0803,1.203,2.0561,1.0561,2.3095,1.3095,26.6128,2.0645,26.3768,2.0551,100.0,0.0,0.0,0.0,25.25,0.0,26.5,0.0,26.5,0.0,25.375,10.0,0.0,0.0102,52.9257,5.2925,2.0,5.2873,1.2893,-0.0283,1.3605,0.0214,1.366,1.005e-05,1.0012,0.0162,2.3695,8.0,0.075,1.002,0.1237,2.3143,0.0056,0.9726,0.0516,1.9343,0.0,0.0,0.0,-0.1606,26.0,25.0,38.0,38.0,14.0,0.0,0.0,0.0,64.0,28.3606,0.0,0.0116,0.0,0.0
21667.0,1.7368,0.0921,1.0,0.0803,1.2032,2.0556,1.0556,2.3094,1.3094,26.7687,2.0707,26.3914,2.0557,100.0,0.0,0.0,0.0,25.375,0.0,26.375,0.0,26.5,0.0,25.375,10.0,0.0,0.0096,52.9247,5.2924,2.0,5.1564,1.2849,-0.1206,1.3505,0.0212,1.366,1.005e-05,1.0013,0.0162,2.3687,8.0,0.0742,1.002,0.0964,2.2058,0.0059,0.9927,0.0448,1.8733,0.0,0.0,0.0,-0.161,26.0,25.0,38.0,38.0,14.0,0.0,0.0,0.0,64.0,28.5451,0.0,0.0116,0.0,0.0
21668.0,1.737,0.0921,1.0,0.0798,1.2018,2.0554,1.0554,2.3099,1.3099,26.8461,2.0738,26.3788,2.0552,100.0,0.0,0.0,0.0,25.25,0.0,26.5,0.0,26.5,0.0,25.375,10.0,0.0,0.0099,52.9236,5.2923,2.0,5.1807,1.2858,-0.0396,1.3593,0.0201,1.3658,1.004e-05,1.001,0.0162,2.3678,8.0,0.0708,1.0019,0.1041,2.2393,0.0059,0.9895,0.0481,1.9044,0.0,0.0,0.0,-0.1608,26.0,25.0,38.0,38.0,13.0,0.0,0.0,0.0,64.0,28.7633,0.0,0.0115,0.0,0.0
21669.0,1.7362,0.092,1.0,0.0798,1.2018,2.0557,1.0557,2.3099,1.3099,26.8034,2.0721,26.3635,2.0545,100.0,0.0,0.0,0.0,25.375,0.0,26.375,0.0,26.5,0.0,25.375,10.0,0.0,0.01,52.9224,5.2921,2.0,5.3276,1.2906,0.0325,1.3672,0.0188,1.3657,1.004e-05,1.001,0.0162,2.3672,8.0,0.0675,1.0018,0.1129,2.2745,0.0062,1.0174,0.0428,1.8528,0.0,0.0,0.0,-0.1608,26.0,25.0,38.0,38.0,15.0,0.0,0.0,0.0,64.0,28.9602,0.0,0.012,0.0,0.0
21670.0,1.7362,0.092,1.0,0.0799,1.202,2.0559,1.0559,2.3098,1.3098,26.6887,2.0675,26.3677,2.0547,100.0,0.0,0.0,0.0,25.25,0.0,26.5,0.0,26.375,0.0,25.375,10.0,0.0,0.0099,52.9211,5.2921,2.0,5.3499,1.2913,0.0161,1.3654,0.0191,1.3657,1.004e-05,1.001,0.0162,2.3666,8.0,0.0673,1.0018,0.1202,2.3016,0.0065,1.0346,0.0454,1.8786,0.0,0.0,0.0,-0.1609,26.0,25.0,38.0,38.0,14.0,0.0,0.0,0.0,64.0,29.1396,0.0,0.0121,0.0,0.0
21671.0,1.7363,0.092,1.0,0.0799,1.202,2.0562,1.0562,2.3097,1.3097,26.5997,2.064,26.3791,2.0552,100.0,0.0,0.0,0.0,25.375,0.0,26.375,0.0,26.5,0.0,25.375,10.0,0.0,0.0097,52.9201,5.2919,2.0,5.2415,1.2878,-0.0488,1.3583,0.0192,1.3657,1.004e-05,1.0009,0.0162,2.366,8.0,0.0676,1.0018,0.1503,2.3987,0.006,1.0015,0.0408,1.8323,0.0,0.0,0.0,-0.1607,26.0,25.0,38.0,38.0,14.0,0.0,0.0,0.0,64.0,29.3267,0.0,0.0124,0.0,0.0
21672.0,1.7363,0.092,1.0,0.0798,1.2016,2.0557,1.0557,2.3095,1.3095,26.7322,2.0693,26.3884,2.0555,100.0,0.0,0.0,0.0,25.25,0.0,26.5,0.0,26.5,0.0,25.5,10.0,0.0,0.01,52.9184,5.2918,2.0,5.3518,1.2914,0.0341,1.3674,0.0199,1.3658,1.005e-05,1.0011,0.0162,2.3652,8.0,0.0696,1.0019,0.1478,2.3915,0.0064,1.0313,0.0388,1.8111,0.0,0.0,0.0,-0.1607,26.0,25.0,38.0,38.0,14.0,0.0,0.0,0.0,64.0,29.5574,0.0,0.0117,0.0,0.0
21673.0,1.7362,0.092,1.0,0.0798,1.2018,2.0554,1.0554,2.3097,1.3097,26.8432,2.0737,26.3832,2.0553,100.0,0.0,0.0,0.0,25.25,0.0,26.375,0.0,26.5,0.0,25.375,10.0,0.0,0.0092,52.9174,5.2917,2.0,5.3104,1.2901,0.0409,1.3681,0.02,1.3658,1.005e-05,1.0011,0.0162,2.3648,8.0,0.0728,1.0019,0.1312,2.3399,0.006,1.0012,0.039,1.8131,0.0,0.0,0.0,-0.1607,26.0,25.0,38.0,38.0,14.0,0.0,0.0,0.0,64.0,29.7324,0.0,0.0119,0.0,0.0
21674.0,1.7366,0.0921,1.0,0.0799,1.2019,2.0557,1.0557,2.3101,1.3101,26.8065,2.0723,26.3703,2.0548,100.0,0.0,0.0,0.0,25.375,0.0,26.375,0.0,26.375,0.0,25.375,10.0,0.0,0.0102,52.9163,5.2915,2.0,5.4231,1.2937,0.0849,1.3729,0.0201,1.3658,1.005e-05,1.0011,0.0162,2.3639,8.0,0.0714,1.0019,0.1518,2.403,0.0057,0.9794,0.0349,1.7645,0.0,0.0,0.0,-0.1606,26.0,25.0,38.0,37.0,13.0,0.0,0.0,0.0,64.0,29.8836,0.0,0.0114,0.0,0.0
21675.0,1.7371,0.0921,1.0,0.0798,1.2018,2.0558,1.0558,2.3102,1.3102,26.7073,2.0683,26.3659,2.0546,100.0,0.0,0.0,0.0,25.375,0.0,26.375,0.0,26.5,0.0,25.375,10.0,0.0,0.0101,52.915,5.2914,2.0,5.4216,1.2937,0.1167,1.3764,0.0206,1.3659,1.005e-05,1.0012,0.0162,2.3635,8.0,0.0737,1.002,0.13,2.3356,0.006,0.9965,0.0316,1.721,0.0,0.0,0.0,-0.1608,26.0,25.0,38.0,37.0,14.0,0.0,0.0,0.0,64.0,30.0668,0.0,0.0117,0.0,0.0
21676.0,1.7383,0.0923,1.0,0.08,1.2024,2.0558,1.0558,2.31,1.31,26.5892,2.0636,26.3699,2.0548,100.0,0.0,0.0,0.0,25.375,0.0,26.375,0.0,26.5,0.0,25.375,10.0,0.0,0.0098,52.914,5.2914,2.0,5.525,1.2969,0.1841,1.3837,0.0213,1.366,1.005e-05,1.0012,0.0162,2.363,8.0,0.076,1.002,0.169,2.4497,0.0059,0.9953,0.0333,1.744,0.0,0.0,0.0,-0.1612,26.0,25.0,38.0,37.0,15.0,0.0,0.0,0.0,64.0,30.2818,0.0,0.0115,0.0,0.0
21677.0,1.7404,0.0925,1.0,0.0802,1.2028,2.0553,1.0553,2.3097,1.3097,26.7064,2.0683,26.3895,2.0556,100.0,0.0,0.0,0.0,25.25,0.0,26.375,0.0,26.5,0.0,25.375,10.0,0.0,0.0099,52.9133,5.2913,2.0,5.5959,1.2991,0.2349,1.3893,0.0215,1.366,1.006e-05,1.0013,0.0162,2.3621,8.0,0.0772,1.0021,0.1896,2.4997,0.0061,1.0053,0.0301,1.7007,0.0,0.0,0.0,-0.1606,26.0,25.0,38.0,37.0,13.0,0.0,0.0,0.0,64.0,30.4411,0.0,0.0117,0.0,0.0
21678.0,1.7408,0.0926,1.0,0.0799,1.2021,2.0555,1.0555,2.31,1.31,26.8385,2.0735,26.3827,2.0553,100.0,0.0,0.0,0.0,25.375,0.0,26.5,0.0,26.625,0.0,25.375,10.0,0.0,0.009,52.9121,5.2911,2.0,5.6854,1.3019,0.2238,1.388,0.0213,1.366,1.005e-05,1.0012,0.0161,2.3616,8.0,0.0764,1.002,0.1441,2.3806,0.0063,1.0229,0.0321,1.7289,0.0,0.0,0.0,-0.161,26.0,25.0,38.0,37.0,13.0,0.0,0.0,0.0,64.0,30.6333,0.0,0.0119,0.0,0.0
21679.0,1.7426,0.0928,1.0,0.0796,1.2012,2.0561,1.0561,2.31,1.31,26.8139,2.0726,26.3772,2.0551,100.0,0.0,0.0,0.0,25.25,0.0,26.5,0.0,26.375,0.0,25.5,10.0,0.0,0.0103,52.9107,5.291,2.0,5.5943,1.2991,0.1838,1.3837,0.0188,1.3657,1.004e-05,1.001,0.0161,2.3609,8.0,0.067,1.0018,0.1408,2.3704,0.0064,1.0253,0.0311,1.7149,0.0,0.0,0.0,-0.1608,26.0,25.0,38.0,37.0,13.0,0.0,0.0,0.0,64.0,30.8106,0.0,0.0114,0.0,0.0
21680.0,1.745,0.0931,1.0,0.0797,1.2014,2.0562,1.0562,2.3099,1.3099,26.6971,2.0679,26.3751,2.055,100.0,0.0,0.0,0.0,25.375,0.0,26.5,0.0,26.5,0.0,25.5,10.0,0.0,0.0096,52.9094,5.2909,2.0,5.6112,1.2996,0.2076,1.3863,0.0189,1.3657,1.004e-05,1.001,0.0161,2.3599,8.0,0.0649,1.0017,0.1466,2.3881,0.0066,1.0394,0.025,1.6191,0.0,0.0,0.0,-0.1609,26.0,25.0,38.0,37.0,13.0,0.0,0.0,0.0,64.0,31.0396,0.0,0.0115,0.0,0.0
21681.0,1.7466,0.0933,1.0,0.0799,1.2021,2.0559,1.0559,2.3096,1.3096,26.5903,2.0636,26.3674,2.0547,100.0,0.0,0.0,0.0,25.25,0.0,26.5,0.0,26.5,0.0,25.375,10.0,0.0,0.0094,52.9083,5.2908,2.0,5.6466,1.3007,0.2026,1.3857,0.0189,1.3657,1.004e-05,1.001,0.0161,2.3594,8.0,0.066,1.0018,0.1689,2.4494,0.006,0.9968,0.0428,1.8535,0.0,0.0,0.0,-0.1612,26.0,25.0,38.0,37.0,14.0,0.0,0.0,0.0,64.0,31.1972,0.0,0.0118,0.0,0.0
21682.0,1.7458,0.0932,1.0,0.0799,1.2019,2.0554,1.0554,2.3095,1.3095,26.6508,2.066,26.3838,2.0554,100.0,0.0,0.0,0.0,25.25,0.0,26.375,0.0,26.375,0.0,25.375,10.0,0.0,0.0098,52.9074,5.2907,2.0,5.5816,1.2987,0.1215,1.3769,0.0186,1.3657,1.004e-05,1.001,0.0161,2.3586,8.0,0.0672,1.0018,0.1459,2.3858,0.0057,0.974,0.0407,1.8316,0.0,0.0,0.0,-0.1607,26.0,25.0,38.0,38.0,14.0,0.0,0.0,0.0,64.0,31.3636,0.0,0.0116,0.0,0.0
21683.0,1.74,0.0925,1.0,0.0798,1.2018,2.0552,1.0552,2.3097,1.3097,26.817,2.0727,26.3861,2.0554,100.0,0.0,0.0,0.0,25.25,0.0,26.5,0.0,26.5,0.0,25.375,10.0,0.0,0.0094,52.9063,5.2906,2.0,5.4914,1.2959,0.0801,1.3724,0.0197,1.3658,1.004e-05,1.001,0.0161,2.3585,8.0,0.0679,1.0018,0.1569,2.4175,0.0057,0.9766,0.0372,1.7922,0.0,0.0,0.0,-0.1608,26.0,25.0,38.0,38.0,14.0,0.0,0.0,0.0,64.0,31.5597,0.0,0.0117,0.0,0.0
21684.0,1.7366,0.0921,1.0,0.0799,1.2019,2.0556,1.0556,2.3103,1.3103,26.823,2.0729,26.363,2.0545,100.0,0.0,0.0,0.0,25.375,0.0,26.375,0.0,26.375,0.0,25.375,10.0,0.0,0.0106,52.9049,5.2904,2.0,5.4567,1.2948,0.0702,1.3713,0.0202,1.3658,1.005e-05,1.0011,0.0161,2.3576,8.0,0.0708,1.0019,0.1909,2.5027,0.0071,1.072,0.0391,1.8141,0.0,0.0,0.0,-0.1612,26.0,25.0,38.0,38.0,15.0,0.0,0.0,0.0,64.0,31.7537,0.0,0.0113,0.0,0.0
21685.0,1.7357,0.092,1.0,0.0799,1.2021,2.056,1.056,2.3098,1.3098,26.7387,2.0695,26.3647,2.0546,100.0,0.0,0.0,0.0,25.375,0.0,26.375,0.0,26.5,0.0,25.5,10.0,0.0,0.0094,52.9038,5.2904,2.0,5.5246,1.2969,0.1681,1.382,0.0197,1.3658,1.005e-05,1.0011,0.0161,2.3571,8.0,0.072,1.0019,0.224,2.572,0.0061,1.0048,0.0515,1.9338,0.0,0.0,0.0,-0.1608,26.0,25.0,38.0,38.0,13.0,0.0,0.0,0.0,64.0,31.8777,0.0,0.0117,0.0,0.0
21686.0,1.733,0.0916,1.0,0.0799,1.202,2.0562,1.0562,2.3097,1.3097,26.6098,2.0644,26.3635,2.0545,100.0,0.0,0.0,0.0,25.375,0.0,26.375,0.0,26.5,0.0,25.5,10.0,0.0,0.0093,52.9028,5.2902,2.0,5.6156,1.2998,0.1452,1.3795,0.0211,1.3659,1.005e-05,1.0012,0.0161,2.3565,8.0,0.0716,1.0019,0.1785,2.4734,0.0056,0.9679,0.0469,1.8931,0.0,0.0,0.0,-0.1607,26.0,25.0,38.0,38.0,14.0,0.0,0.0,0.0,64.0,32.086,0.0,0.0119,0.0,0.0
21687.0,1.7304,0.0913,1.0,0.0797,1.2015,2.0559,1.0559,2.3094,1.3094,26.6279,2.0651,26.3799,2.0552,100.0,0.0,0.0,0.0,25.375,0.0,26.375,0.0,26.625,0.0,25.375,10.0,0.0,0.0098,52.9016,5.2901,2.0,5.5591,1.298,0.1668,1.3818,0.021,1.3659,1.005e-05,1.0012,0.0161,2.3559,8.0,0.0734,1.002,0.1903,2.5014,0.0067,1.045,0.0442,1.8677,0.0,0.0,0.0,-0.1606,26.0,25.0,38.0,38.0,15.0,0.0,0.0,0.0,64.0,32.2275,0.0,0.0116,0.0,0.0
21688.0,1.7319,0.0915,1.0,0.0801,1.2024,2.0556,1.0556,2.3096,1.3096,26.8268,2.0731,26.3963,2.0559,100.0,0.0,0.0,0.0,25.375,0.0,26.375,0.0,26.5,0.0,25.5,10.0,0.0,0.0097,52.9002,5.29,2.0,5.6513,1.3009,0.1694,1.3821,0.0216,1.366,1.005e-05,1.0012,0.0161,2.3554,8.0,0.0757,1.002,0.151,2.4009,0.0054,0.9545,0.0424,1.8497,0.0,0.0,0.0,-0.161,26.0,25.0,38.0,38.0,13.0,0.0,0.0,0.0,64.0,32.4039,0.0,0.0118,0.0,0.0
21689.0,1.731,0.0914,1.0,0.0803,1.2031,2.056,1.056,2.3098,1.3098,26.8335,2.0733,26.3778,2.0551,100.0,0.0,0.0,0.0,25.25,0.0,26.375,0.0,26.5,0.0,25.5,10.0,0.0,0.0099,52.8993,5.2899,2.0,5.6572,1.301,0.2137,1.3869,0.0215,1.366,1.005e-05,1.0012,0.0161,2.3549,8.0,0.0772,1.0021,0.1524,2.4047,0.0053,0.947,0.042,1.8447,0.0,0.0,0.0,-0.1612,26.0,25.0,38.0,38.0,15.0,0.0,0.0,0.0,64.0,32.5863,0.0,0.0119,0.0,0.0
21690.0,1.7321,0.0915,1.0,0.08,1.2023,2.0558,1.0558,2.3099,1.3099,26.7556,2.0702,26.3609,2.0544,100.0,0.0,0.0,0.0,25.375,0.0,26.375,0.0,26.5,0.0,25.375,10.0,0.0,0.0094,52.8983,5.2898,2.0,5.7739,1.3046,0.2683,1.3929,0.0198,1.3658,1.004e-05,1.001,0.0161,2.354,8.0,0.0691,1.0018,0.1468,2.3886,0.0062,1.0171,0.0409,1.8335,0.0,0.0,0.0,-0.1606,26.0,25.0,38.0,38.0,12.0,0.0,0.0,0.0,64.0,32.7706,0.0,0.0113,0.0,0.0
21691.0,1.7316,0.0914,1.0,0.0799,1.2019,2.0558,1.0558,2.3101,1.3101,26.6128,2.0645,26.3618,2.0545,100.0,0.0,0.0,0.0,25.375,0.0,26.375,0.0,26.5,0.0,25.5,10.0,0.0,0.0099,52.8975,5.2897,2.0,5.778,1.3047,0.264,1.3924,0.0196,1.3658,1.004e-05,1.001,0.016,2.3534,8.0,0.0676,1.0018,0.1338,2.3482,0.0055,0.9607,0.0391,1.8139,0.0,0.0,0.0,-0.161,26.0,25.0,38.0,38.0,13.0,0.0,0.0,0.0,64.0,32.9638,0.0,0.0114,0.0,0.0
21692.0,1.7338,0.0917,1.0,0.0795,1.201,2.0554,1.0554,2.3096,1.3096,26.6417,2.0657,26.3812,2.0552,100.0,0.0,0.0,0.0,25.375,0.0,26.375,0.0,26.375,0.0,25.5,10.0,0.0,0.0099,52.896,5.2895,2.0,5.8168,1.3059,0.2403,1.3898,0.0192,1.3657,1.004e-05,1.001,0.016,2.3523,8.0,0.0659,1.0018,0.1415,2.3727,0.0064,1.0306,0.0502,1.9224,0.0,0.0,0.0,-0.1607,26.0,25.0,38.0,38.0,13.0,0.0,0.0,0.0,64.0,33.1449,0.0,0.0115,0.0,0.0
21693.0,1.7342,0.0918,1.0,0.0797,1.2015,2.0553,1.0553,2.3094,1.3094,26.7709,2.0708,26.3915,2.0557,100.0,0.0,0.0,0.0,25.25,0.0,26.5,0.0,26.5,0.0,25.5,10.0,0.0,0.0096,52.895,5.2895,2.0,5.8736,1.3076,0.3151,1.398,0.0189,1.3657,1.004e-05,1.001,0.016,2.3522,8.0,0.0649,1.0017,0.146,2.3861,0.0069,1.0603,0.0502,1.9228,0.0,0.0,0.0,-0.1609,26.0,25.0,38.0,38.0,13.0,0.0,0.0,0.0,64.0,33.3189,0.0,0.012,0.0,0.0
21694.0,1.735,0.0919,1.0,0.0798,1.2017,2.0555,1.0555,2.31,1.31,26.8445,2.0738,26.3763,2.0551,100.0,0.0,0.0,0.0,25.375,0.0,26.5,0.0,26.5,0.0,25.375,10.0,0.0,0.0098,52.894,5.2894,2.0,5.9683,1.3103,0.3253,1.3991,0.0195,1.3658,1.004e-05,1.001,0.016,2.3514,8.0,0.0656,1.0017,0.1314,2.3404,0.0057,0.9772,0.048,1.9028,0.0,0.0,0.0,-0.1608,26.0,25.0,38.0,38.0,14.0,0.0,0.0,0.0,64.0,33.4829,0.0,0.0117,0.0,0.0
21695.0,1.7342,0.0918,1.0,0.0799,1.2019,2.0558,1.0558,2.3103,1.3103,26.7782,2.0711,26.3688,2.0548,100.0,0.0,0.0,0.0,25.25,0.0,26.625,0.0,26.5,0.0,25.375,10.0,0.0,0.0094,52.8933,5.2893,2.0,5.903,1.3084,0.2746,1.3936,0.0199,1.3658,1.005e-05,1.0011,0.016,2.3509,8.0,0.0694,1.0019,0.1229,2.3113,0.0062,1.0169,0.0588,1.9911,0.0,0.0,0.0,-0.1605,26.0,25.0,38.0,37.0,12.0,0.0,0.0,0.0,64.0,33.7058,0.0,0.0118,0.0,0.0
21696.0,1.7334,0.0917,1.0,0.0798,1.2017,2.0562,1.0562,2.3097,1.3097,26.6709,2.0668,26.3629,2.0545,100.0,0.0,0.0,0.0,25.25,0.0,26.5,0.0,26.375,0.0,25.375,10.0,0.0,0.0093,52.8919,5.2891,2.0,5.9511,1.3098,0.3242,1.399,0.0203,1.3658,1.005e-05,1.0011,0.016,2.3503,8.0,0.0697,1.0019,0.1379,2.3614,0.0064,1.0299,0.0605,2.0035,0.0,0.0,0.0,-0.1608,26.0,25.0,38.0,37.0,13.0,0.0,0.0,0.0,64.0,33.8223,0.0,0.0119,0.0,0.0
21697.0,1.7321,0.0915,1.0,0.0797,1.2015,2.0562,1.0562,2.3094,1.3094,26.6048,2.0642,26.3836,2.0553,100.0,0.0,0.0,0.0,25.25,0.0,26.5,0.0,26.5,0.0,25.5,10.0,0.0,0.0096,52.8911,5.289,2.0,6.0274,1.3121,0.3428,1.401,0.021,1.3659,1.005e-05,1.0011,0.016,2.3498,8.0,0.0736,1.002,0.1137,2.2775,0.0062,1.0108,0.0602,2.0014,0.0,0.0,0.0,-0.1611,26.0,25.0,38.0,37.0,14.0,0.0,0.0,0.0,64.0,34.0104,0.0,0.0118,0.0,0.0
21698.0,1.729,0.0911,1.0,0.0798,1.2018,2.0556,1.0556,2.3092,1.3092,26.7426,2.0697,26.3945,2.0558,100.0,0.0,0.0,0.0,25.25,0.0,26.375,0.0,26.5,0.0,25.375,10.0,0.0,0.0104,52.8898,5.2889,2.0,6.0225,1.3119,0.3222,1.3988,0.0211,1.3659,1.005e-05,1.0012,0.016,2.3493,8.0,0.0747,1.002,0.0987,2.2163,0.0056,0.9719,0.0529,1.945,0.0,0.0,0.0,-0.1609,26.0,25.0,38.0,37.0,13.0,0.0,0.0,0.0,64.0,34.2123,0.0,0.0118,0.0,0.0
21699.0,1.7366,0.0921,1.0,0.0803,1.203,2.0557,1.0557,2.3099,1.3099,26.8561,2.0742,26.3882,2.0555,100.0,0.0,0.0,0.0,25.375,0.0,26.375,0.0,26.375,0.0,25.375,10.0,0.0,0.0096,52.8886,5.2888,2.0,5.9437,1.3096,0.24,1.3898,0.0211,1.3659,1.005e-05,1.0013,0.016,2.3486,8.0,0.0757,1.002,0.1036,2.2374,0.0056,0.9672,0.0649,2.0341,0.0,0.0,0.0,-0.1608,26.0,25.0,38.0,38.0,13.0,0.0,0.0,0.0,64.0,34.4231,0.0,0.0119,0.0,0.0
21700.0,1.7421,0.0928,1.0,0.0801,1.2026,2.0559,1.0559,2.3102,1.3102,26.7812,2.0712,26.3678,2.0547,100.0,0.0,0.0,0.0,25.25,0.0,26.5,0.0,26.5,0.0,25.5,10.0,0.0,0.0091,52.8874,5.2887,2.0,5.926,1.3091,0.2592,1.3919,0.0214,1.366,1.005e-05,1.0012,0.016,2.3477,8.0,0.0784,1.0021,0.0925,2.188,0.0063,1.0208,0.0605,2.0036,0.0,0.0,0.0,-0.1609,26.0,25.0,38.0,38.0,13.0,0.0,0.0,0.0,64.0,34.5661,0.0,0.0118,0.0,0.0
21701.0,1.7413,0.0927,1.0,0.08,1.2023,2.0558,1.0558,2.3099,1.3099,26.6623,2.0665,26.3629,2.0545,100.0,0.0,0.0,0.0,25.375,0.0,26.375,0.0,26.375,0.0,25.375,10.0,0.0,0.0092,52.8866,5.2886,2.0,6.0473,1.3126,0.3617,1.4031,0.0191,1.3657,1.004e-05,1.001,0.016,2.3467,8.0,0.0675,1.0018,0.0807,2.1286,0.0063,1.0207,0.0562,1.9718,0.0,0.0,0.0,-0.1608,26.0,25.0,38.0,38.0,14.0,0.0,0.0,0.0,64.0,34.7563,0.0,0.0117,0.0,0.0
21702.0,1.7364,0.092,1.0,0.0794,1.2006,2.0558,1.0558,2.3096,1.3096,26.5938,2.0638,26.3717,2.0549,100.0,0.0,0.0,0.0,25.375,0.0,26.5,0.0,26.5,0.0,25.375,10.0,0.0,0.0098,52.8855,5.2884,2.0,6.2393,1.3181,0.4845,1.4165,0.0189,1.3657,1.004e-05,1.001,0.016,2.3461,8.0,0.0661,1.0018,0.0882,2.1673,0.0057,0.9783,0.056,1.9703,0.0,0.0,0.0,-0.161,26.0,25.0,39.0,38.0,15.0,0.0,0.0,0.0,64.0,34.937,0.0,0.012,0.0,0.0
21703.0,1.7353,0.0919,1.0,0.0798,1.2018,2.0555,1.0555,2.309,1.309,26.7584,2.0703,26.3909,2.0556,100.0,0.0,0.0,0.0,25.375,0.0,26.375,0.0,26.375,0.0,25.375,10.0,0.0,0.0094,52.8842,5.2884,2.0,6.2363,1.318,0.3839,1.4055,0.0189,1.3657,1.004e-05,1.001,0.016,2.3456,8.0,0.0685,1.0018,0.08,2.125,0.0061,1.0074,0.055,1.962,0.0,0.0,0.0,-0.161,26.0,25.0,39.0,38.0,13.0,0.0,0.0,0.0,64.0,35.1381,0.0,0.0119,0.0,0.0
21704.0,1.7352,0.0919,1.0,0.0798,1.2018,2.0555,1.0555,2.3097,1.3097,26.8408,2.0736,26.3841,2.0554,100.0,0.0,0.0,0.0,25.375,0.0,26.5,0.0,26.5,0.0,25.5,10.0,0.0,0.0092,52.8839,5.2884,2.0,6.1995,1.3169,0.3464,1.4014,0.0199,1.3658,1.005e-05,1.0012,0.016,2.3452,8.0,0.0704,1.0019,0.0717,2.0776,0.0057,0.9747,0.0522,1.9392,0.0,0.0,0.0,-0.1607,26.0,25.0,39.0,38.0,15.0,0.0,0.0,0.0,64.0,35.3358,0.0,0.0119,0.0,0.0
21705.0,1.7353,0.0919,1.0,0.0798,1.2018,2.0557,1.0557,2.3101,1.3101,26.8175,2.0727,26.3694,2.0548,100.0,0.0,0.0,0.0,25.375,0.0,26.5,0.0,26.5,0.0,25.5,10.0,0.0,0.0099,52.8828,5.2882,2.0,6.2117,1.3173,0.3891,1.4061,0.0202,1.3658,1.005e-05,1.0011,0.0159,2.3448,8.0,0.069,1.0018,0.0715,2.0761,0.0064,1.0267,0.0503,1.9237,0.0,0.0,0.0,-0.1611,26.0,25.0,39.0,38.0,15.0,0.0,0.0,0.0,64.0,35.521,0.0,0.0116,0.0,0.0
21706.0,1.7342,0.0918,1.0,0.0798,1.2016,2.0562,1.0562,2.3098,1.3098,26.6996,2.068,26.3711,2.0548,100.0,0.0,0.0,0.0,25.25,0.0,26.5,0.0,26.5,0.0,25.375,10.0,0.0,0.0093,52.8812,5.288,2.0,6.2185,1.3175,0.3526,1.4021,0.0217,1.366,1.005e-05,1.0012,0.0159,2.3442,8.0,0.0755,1.002,0.0761,2.1034,0.0057,0.9814,0.0489,1.9114,0.0,0.0,0.0,-0.1606,26.0,25.0,38.0,38.0,14.0,0.0,0.0,0.0,64.0,35.7337,0.0,0.0118,0.0,0.0
21707.0,1.7339,0.0917,1.0,0.0802,1.2029,2.0561,1.0561,2.3091,1.3091,26.5911,2.0636,26.3734,2.0549,100.0,0.0,0.0,0.0,25.375,0.0,26.5,0.0,26.5,0.0,25.375,10.0,0.0,0.01,52.8807,5.288,2.0,6.224,1.3176,0.2962,1.396,0.0213,1.366,1.005e-05,1.0012,0.0159,2.3435,8.0,0.0769,1.0021,0.1353,2.3533,0.0064,1.0279,0.0475,1.8984,0.0,0.0,0.0,-0.1607,26.0,25.0,38.0,38.0,13.0,0.0,0.0,0.0,64.0,35.8712,0.0,0.0121,0.0,0.0
21708.0,1.7332,0.0916,1.0,0.08,1.2023,2.0558,1.0558,2.3091,1.3091,26.6719,2.0669,26.3877,2.0555,100.0,0.0,0.0,0.0,25.375,0.0,26.5,0.0,26.5,0.0,25.5,10.0,0.0,0.0101,52.8795,5.2879,2.0,6.128,1.3149,0.2558,1.3915,0.0214,1.366,1.005e-05,1.0012,0.0159,2.343,8.0,0.0771,1.0021,0.1206,2.3032,0.0065,1.0342,0.057,1.9781,0.0,0.0,0.0,-0.1609,26.0,25.0,38.0,38.0,15.0,0.0,0.0,0.0,64.0,36.0603,0.0,0.0117,0.0,0.0
21709.0,1.7301,0.0913,1.0,0.0799,1.202,2.0556,1.0556,2.3092,1.3092,26.835,2.0734,26.3914,2.0557,100.0,0.0,0.0,0.0,25.375,0.0,26.375,0.0,26.5,0.0,25.5,10.0,0.0,0.0096,52.8785,5.2878,2.0,6.0339,1.3122,0.1887,1.3842,0.0209,1.3659,1.005e-05,1.0012,0.0159,2.3424,8.0,0.0734,1.002,0.1146,2.2809,0.0054,0.955,0.0571,1.9782,0.0,0.0,0.0,-0.1609,26.0,25.0,38.0,38.0,14.0,0.0,0.0,0.0,64.0,36.2608,0.0,0.0119,0.0,0.0
21710.0,1.7288,0.0911,1.0,0.0799,1.202,2.056,1.056,2.3095,1.3095,26.8216,2.0729,26.3828,2.0553,100.0,0.0,0.0,0.0,25.375,0.0,26.375,0.0,26.5,0.0,25.375,10.0,0.0,0.0098,52.8773,5.2877,2.0,6.0462,1.3126,0.2044,1.3859,0.0201,1.3658,1.005e-05,1.0011,0.0159,2.3416,8.0,0.0713,1.0019,0.1191,2.2978,0.0054,0.9545,0.054,1.9545,0.0,0.0,0.0,-0.161,26.0,25.0,38.0,38.0,14.0,0.0,0.0,0.0,64.0,36.4512,0.0,0.0118,0.0,0.0
21711.0,1.7309,0.0914,1.0,0.0799,1.202,2.0561,1.0561,2.3095,1.3095,26.7042,2.0682,26.3717,2.0549,100.0,0.0,0.0,0.0,25.25,0.0,26.5,0.0,26.625,0.0,25.375,10.0,0.0,0.0095,52.8764,5.2876,2.0,6.1525,1.3156,0.2651,1.3926,0.019,1.3657,1.004e-05,1.001,0.0159,2.3408,8.0,0.0684,1.0018,0.1043,2.2402,0.006,0.9979,0.0702,2.0685,0.0,0.0,0.0,-0.1609,26.0,25.0,38.0,38.0,13.0,0.0,0.0,0.0,64.0,36.6501,0.0,0.0121,0.0,0.0
21712.0,1.7321,0.0915,1.0,0.0799,1.2021,2.0562,1.0562,2.3092,1.3092,26.5936,2.0637,26.3736,2.0549,100.0,0.0,0.0,0.0,25.25,0.0,26.625,0.0,26.375,0.0,25.5,10.0,0.0,0.0102,52.8753,5.2875,2.0,6.1797,1.3164,0.2255,1.3882,0.0203,1.3658,1.005e-05,1.0011,0.0159,2.3402,8.0,0.0716,1.0019,0.0999,2.2216,0.0067,1.0451,0.0646,2.0318,0.0,0.0,0.0,-0.1607,26.0,25.0,38.0,38.0,14.0,0.0,0.0,0.0,64.0,36.8328,0.0,0.012,0.0,0.0
21713.0,1.7321,0.0915,1.0,0.08,1.2022,2.0554,1.0554,2.3091,1.3091,26.672,2.0669,26.3884,2.0555,100.0,0.0,0.0,0.0,25.375,0.0,26.5,0.0,26.5,0.0,25.375,10.0,0.0,0.0101,52.874,5.2874,2.0,6.0583,1.3129,0.1956,1.385,0.0207,1.3659,1.005e-05,1.0012,0.0159,2.3398,8.0,0.0725,1.0019,0.0861,2.1567,0.006,1.0029,0.073,2.0852,0.0,0.0,0.0,-0.1608,26.0,25.0,38.0,38.0,13.0,0.0,0.0,0.0,64.0,37.043,0.0,0.0118,0.0,0.0
21714.0,1.734,0.0917,1.0,0.0803,1.2032,2.0552,1.0552,2.3093,1.3093,26.8411,2.0736,26.3832,2.0553,100.0,0.0,0.0,0.0,25.375,0.0,26.5,0.0,26.5,0.0,25.5,10.0,0.0,0.0093,52.8731,5.2872,2.0,6.1081,1.3144,0.1744,1.3827,0.0218,1.366,1.005e-05,1.0012,0.0159,2.3392,8.0,0.0736,1.002,0.0955,2.2017,0.0058,0.9843,0.075,2.0971,0.0,0.0,0.0,-0.1609,26.0,25.0,38.0,38.0,15.0,0.0,0.0,0.0,64.0,37.2439,0.0,0.012,0.0,0.0
21715.0,1.736,0.092,1.0,0.0799,1.202,2.0557,1.0557,2.3095,1.3095,26.834,2.0734,26.3734,2.0549,100.0,0.0,0.0,0.0,25.375,0.0,26.5,0.0,26.5,0.0,25.375,10.0,0.0,0.0099,52.8724,5.2872,2.0,6.1222,1.3148,0.2316,1.3889,0.0211,1.3659,1.005e-05,1.0012,0.0159,2.3387,8.0,0.0768,1.002,0.0843,2.1474,0.0053,0.9431,0.0654,2.0375,0.0,0.0,0.0,-0.1608,26.0,25.0,38.0,38.0,15.0,0.0,0.0,0.0,64.0,37.4404,0.0,0.012,0.0,0.0
21716.0,1.7363,0.092,1.0,0.0799,1.2021,2.0561,1.0561,2.3094,1.3094,26.7447,2.0698,26.3669,2.0547,100.0,0.0,0.0,0.0,25.25,0.0,26.375,0.0,26.375,0.0,25.375,10.0,0.0,0.0093,52.8713,5.2871,2.0,6.2413,1.3181,0.2419,1.39,0.0214,1.366,1.005e-05,1.0012,0.0159,2.3384,8.0,0.0756,1.002,0.0758,2.1017,0.006,1.0022,0.0673,2.0498,0.0,0.0,0.0,-0.1608,26.0,25.0,38.0,38.0,13.0,0.0,0.0,0.0,64.0,37.5994,0.0,0.0119,0.0,0.0
21717.0,1.7372,0.0922,1.0,0.08,1.2022,2.0559,1.0559,2.3093,1.3093,26.618,2.0647,26.3623,2.0545,100.0,0.0,0.0,0.0,25.375,0.0,26.5,0.0,26.375,0.0,25.5,10.0,0.0,0.0099,52.8701,5.287,2.0,6.1154,1.3146,0.1506,1.3801,0.0199,1.3658,1.005e-05,1.0011,0.0159,2.3373,8.0,0.0714,1.0019,0.0701,2.0676,0.0063,1.0219,0.0589,1.9917,0.0,0.0,0.0,-0.1611,26.0,25.0,38.0,38.0,15.0,0.0,0.0,0.0,64.0,37.836,0.0,0.0114,0.0,0.0
21718.0,1.7373,0.0922,1.0,0.0801,1.2026,2.0557,1.0557,2.309,1.309,26.6245,2.065,26.3808,2.0552,100.0,0.0,0.0,0.0,25.375,0.0,26.375,0.0,26.5,0.0,25.375,10.0,0.0,0.0092,52.8695,5.2869,2.0,6.0728,1.3134,0.1729,1.3825,0.0187,1.3657,1.004e-05,1.001,0.0158,2.3365,8.0,0.0676,1.0018,0.072,2.079,0.0061,1.0064,0.0635,2.0243,0.0,0.0,0.0,-0.1605,26.0,25.0,38.0,38.0,14.0,0.0,0.0,0.0,64.0,37.9858,0.0,0.0118,0.0,0.0
21719.0,1.7363,0.092,1.0,0.0797,1.2014,2.0556,1.0556,2.3091,1.3091,26.7952,2.0718,26.3912,2.0556,100.0,0.0,0.0,0.0,25.375,0.0,26.5,0.0,26.5,0.0,25.375,10.0,0.0,0.0094,52.8682,5.2868,2.0,6.1958,1.3168,0.2766,1.3938,0.019,1.3657,1.004e-05,1.001,0.0158,2.3362,8.0,0.0688,1.0018,0.0679,2.054,0.0062,1.0171,0.0631,2.0216,0.0,0.0,0.0,-0.161,26.0,25.0,38.0,38.0,14.0,0.0,0.0,0.0,64.0,38.1979,0.0,0.0118,0.0,0.0
21720.0,1.7363,0.092,1.0,0.0797,1.2015,2.0559,1.0559,2.3095,1.3095,26.8492,2.074,26.3759,2.055,100.0,0.0,0.0,0.0,25.25,0.0,26.5,0.0,26.5,0.0,25.375,10.0,0.0,0.0092,52.8671,5.2867,2.0,6.2734,1.319,0.2258,1.3883,0.0185,1.3657,1.004e-05,1.001,0.0158,2.3354,8.0,0.0648,1.0017,0.0668,2.0467,0.0055,0.9589,0.053,1.9463,0.0,0.0,0.0,-0.1605,26.0,25.0,38.0,38.0,14.0,0.0,0.0,0.0,64.0,38.3896,0.0,0.0118,0.0,0.0
21721.0,1.7363,0.092,1.0,0.0798,1.2017,2.0557,1.0557,2.3094,1.3094,26.7536,2.0701,26.3623,2.0545,100.0,0.0,0.0,0.0,25.375,0.0,26.5,0.0,26.375,0.0,25.375,10.0,0.0,0.0093,52.866,5.2866,2.0,6.1636,1.3159,0.2148,1.3871,0.0199,1.3658,1.005e-05,1.0011,0.0158,2.3352,8.0,0.0693,1.0018,0.0709,2.0723,0.0066,1.0438,0.0509,1.9282,0.0,0.0,0.0,-0.1612,26.0,25.0,38.0,38.0,13.0,0.0,0.0,0.0,64.0,38.5533,0.0,0.0115,0.0,0.0
21722.0,1.7353,0.0919,1.0,0.0799,1.202,2.0558,1.0558,2.3093,1.3093,26.6235,2.0649,26.3566,2.0543,100.0,0.0,0.0,0.0,25.25,0.0,26.375,0.0,26.375,0.0,25.375,10.0,0.0,0.0094,52.8651,5.2865,2.0,6.2863,1.3194,0.2431,1.3902,0.0204,1.3659,1.005e-05,1.0011,0.0158,2.3344,8.0,0.0734,1.002,0.0633,2.0234,0.0064,1.0264,0.0481,1.9036,0.0,0.0,0.0,-0.1607,26.0,25.0,38.0,38.0,13.0,0.0,0.0,0.0,64.0,38.7216,0.0,0.0117,0.0,0.0
21723.0,1.7363,0.092,1.0,0.08,1.2023,2.0555,1.0555,2.309,1.309,26.6232,2.0649,26.3799,2.0552,100.0,0.0,0.0,0.0,25.125,0.0,26.375,0.0,26.5,0.0,25.5,10.0,0.0,0.0095,52.8642,5.2864,2.0,6.2715,1.3189,0.2009,1.3856,0.0203,1.3659,1.005e-05,1.0011,0.0158,2.3339,8.0,0.0726,1.0019,0.065,2.0348,0.0059,0.9913,0.0443,1.8679,0.0,0.0,0.0,-0.161,26.0,25.0,38.0,38.0,13.0,0.0,0.0,0.0,64.0,38.8995,0.0,0.0115,0.0,0.0
21724.0,1.7352,0.0919,1.0,0.08,1.2023,2.0552,1.0552,2.309,1.309,26.7643,2.0706,26.3914,2.0557,100.0,0.0,0.0,0.0,25.25,0.0,26.375,0.0,26.375,0.0,25.25,10.0,0.0,0.0096,52.8634,5.2863,2.0,6.2142,1.3174,0.2056,1.3861,0.0191,1.3657,1.004e-05,1.001,0.0158,2.3336,8.0,0.0691,1.0018,0.0632,2.0225,0.0064,1.0308,0.0432,1.8575,0.0,0.0,0.0,-0.1609,26.0,25.0,38.0,38.0,13.0,0.0,0.0,0.0,64.0,39.0836,0.0,0.0118,0.0,0.0
21725.0,1.736,0.092,1.0,0.0798,1.2018,2.0555,1.0555,2.3095,1.3095,26.8382,2.0735,26.3756,2.055,100.0,0.0,0.0,0.0,25.25,0.0,26.375,0.0,26.5,0.0,25.375,10.0,0.0,0.0092,52.862,5.2862,2.0,6.2797,1.3192,0.2347,1.3892,0.0191,1.3657,1.004e-05,1.001,0.0158,2.3325,8.0,0.067,1.0018,0.1156,2.2848,0.006,0.9974,0.0474,1.8978,0.0,0.0,0.0,-0.161,26.0,25.0,38.0,38.0,14.0,0.0,0.0,0.0,64.0,39.3033,0.0,0.0118,0.0,0.0
21726.0,1.7386,0.0923,1.0,0.0799,1.2019,2.0562,1.0562,2.3094,1.3094,26.7741,2.071,26.3686,2.0547,100.0,0.0,0.0,0.0,25.375,0.0,26.375,0.0,26.5,0.0,25.5,10.0,0.0,0.0097,52.8612,5.2861,2.0,6.3832,1.322,0.3195,1.3985,0.0187,1.3657,1.004e-05,1.001,0.0158,2.3322,8.0,0.0677,1.0018,0.1205,2.3028,0.006,1.0019,0.0465,1.8893,0.0,0.0,0.0,-0.1604,26.0,25.0,38.0,38.0,12.0,0.0,0.0,0.0,64.0,39.4576,0.0,0.0115,0.0,0.0
21727.0,1.7394,0.0924,1.0,0.0798,1.2017,2.0562,1.0562,2.3093,1.3093,26.635,2.0654,26.3633,2.0545,100.0,0.0,0.0,0.0,25.375,0.0,26.5,0.0,26.375,0.0,25.5,10.0,0.0,0.0098,52.8599,5.286,2.0,6.3965,1.3224,0.2383,1.3896,0.0197,1.3658,1.005e-05,1.001,0.0158,2.3315,8.0,0.0689,1.0018,0.1237,2.3142,0.0061,1.0036,0.0675,2.0513,0.0,0.0,0.0,-0.1608,26.0,25.0,38.0,38.0,14.0,0.0,0.0,0.0,64.0,39.6374,0.0,0.0117,0.0,0.0
21728.0,1.7388,0.0924,1.0,0.0798,1.2017,2.056,1.056,2.3091,1.3091,26.6109,2.0644,26.3848,2.0554,100.0,0.0,0.0,0.0,25.375,0.0,26.375,0.0,26.5,0.0,25.5,10.0,0.0,0.0095,52.8587,5.2858,2.0,6.3073,1.3199,0.1659,1.3817,0.0203,1.3658,1.005e-05,1.0011,0.0158,2.3312,8.0,0.072,1.0019,0.1072,2.2521,0.0065,1.0358,0.0768,2.1074,0.0,0.0,0.0,-0.1608,26.0,25.0,38.0,37.0,13.0,0.0,0.0,0.0,64.0,39.7924,0.0,0.012,0.0,0.0
21729.0,1.7373,0.0922,1.0,0.0798,1.2017,2.0556,1.0556,2.3087,1.3087,26.7446,2.0698,26.3942,2.0558,100.0,0.0,0.0,0.0,25.25,0.0,26.375,0.0,26.5,0.0,25.5,10.0,0.0,0.0094,52.8583,5.2858,2.0,6.2002,1.317,0.1159,1.3763,0.0213,1.366,1.005e-05,1.0012,0.0158,2.3307,8.0,0.0743,1.002,0.111,2.2671,0.0054,0.9548,0.0708,2.072,0.0,0.0,0.0,-0.1609,26.0,25.0,38.0,37.0,13.0,0.0,0.0,0.0,64.0,40.0067,0.0,0.0118,0.0,0.0
21730.0,1.7392,0.0924,1.0,0.0802,1.2028,2.0554,1.0554,2.3091,1.3091,26.8452,2.0738,26.3812,2.0552,100.0,0.0,0.0,0.0,25.25,0.0,26.375,0.0,26.5,0.0,25.5,10.0,0.0,0.0097,52.8573,5.2857,2.0,6.1586,1.3158,0.0987,1.3744,0.0213,1.366,1.005e-05,1.0012,0.0158,2.3303,8.0,0.076,1.002,0.0915,2.1833,0.0053,0.9475,0.0775,2.1113,0.0,0.0,0.0,-0.1608,26.0,25.0,38.0,37.0,14.0,0.0,0.0,0.0,64.0,40.1608,0.0,0.0118,0.0,0.0
21731.0,1.7394,0.0924,1.0,0.0801,1.2026,2.0557,1.0557,2.3091,1.3091,26.7864,2.0715,26.3698,2.0548,100.0,0.0,0.0,0.0,25.375,0.0,26.5,0.0,26.5,0.0,25.375,10.0,0.0,0.0095,52.8564,5.2856,2.0,6.1478,1.3155,0.0767,1.372,0.0214,1.366,1.005e-05,1.0012,0.0158,2.3297,8.0,0.076,1.002,0.0952,2.2006,0.0064,1.0277,0.0734,2.0873,0.0,0.0,0.0,-0.161,26.0,25.0,38.0,37.0,15.0,0.0,0.0,0.0,64.0,40.3042,0.0,0.0115,0.0,0.0
21732.0,1.7394,0.0924,1.0,0.0801,1.2024,2.0558,1.0558,2.3092,1.3092,26.673,2.0669,26.3637,2.0545,100.0,0.0,0.0,0.0,25.25,0.0,26.375,0.0,26.5,0.0,25.375,10.0,0.0,0.0091,52.8553,5.2855,2.0,6.1592,1.3158,0.0526,1.3694,0.021,1.3659,1.005e-05,1.0011,0.0158,2.3292,8.0,0.0734,1.002,0.0941,2.1955,0.006,0.9964,0.0673,2.0496,0.0,0.0,0.0,-0.1606,26.0,25.0,38.0,37.0,13.0,0.0,0.0,0.0,64.0,40.2683,0.0,0.0113,0.0,0.0
21733.0,1.7385,0.0923,1.0,0.0797,1.2014,2.0557,1.0557,2.3091,1.3091,26.6015,2.0641,26.375,2.055,100.0,0.0,0.0,0.0,25.25,0.0,26.375,0.0,26.375,0.0,25.375,10.0,0.0,0.0095,52.8542,5.2854,2.0,6.0355,1.3123,-0.0212,1.3613,0.0196,1.3658,1.004e-05,1.001,0.0158,2.3282,8.0,0.07,1.0019,0.0811,2.1307,0.0061,1.0106,0.0696,2.0642,0.0,0.0,0.0,-0.1608,26.0,25.0,38.0,37.0,14.0,0.0,0.0,0.0,64.0,40.7028,0.0,0.0118,0.0,0.0
21734.0,1.7394,0.0924,1.0,0.0798,1.2016,2.0552,1.0552,2.309,1.309,26.7236,2.0689,26.389,2.0556,100.0,0.0,0.0,0.0,25.375,0.0,26.375,0.0,26.5,0.0,25.375,10.0,0.0,0.0099,52.8535,5.2853,2.0,5.9855,1.3108,-0.0668,1.3564,0.0204,1.3659,1.005e-05,1.0011,0.0157,2.3276,8.0,0.0691,1.0018,0.0878,2.1653,0.0057,0.9813,0.0585,1.9888,0.0,0.0,0.0,-0.1606,26.0,25.0,38.0,37.0,14.0,0.0,0.0,0.0,64.0,40.8322,0.0,0.0121,0.0,0.0
21735.0,1.7403,0.0925,1.0,0.0799,1.202,2.0552,1.0552,2.3094,1.3094,26.8461,2.0738,26.3819,2.0553,100.0,0.0,0.0,0.0,25.375,0.0,26.375,0.0,26.5,0.0,25.5,10.0,0.0,0.0095,52.8523,5.2852,2.0,5.8231,1.3061,-0.1122,1.3514,0.0199,1.3658,1.005e-05,1.0011,0.0157,2.3273,8.0,0.0707,1.0019,0.079,2.1195,0.006,0.9965,0.0609,2.0066,0.0,0.0,0.0,-0.161,26.0,25.0,38.0,37.0,13.0,0.0,0.0,0.0,0.0,41.0235,0.0,0.0118,0.0,0.0
21736.0,1.7398,0.0925,1.0,0.08,1.2022,2.0557,1.0557,2.3095,1.3095,26.8051,2.0722,26.3701,2.0548,100.0,0.0,0.0,0.0,25.25,0.0,26.5,0.0,26.5,0.0,25.375,10.0,0.0,0.0094,52.8515,5.2851,2.0,5.8719,1.3075,-0.1051,1.3522,0.0209,1.3659,1.005e-05,1.0011,0.0157,2.3269,8.0,0.0734,1.002,0.0686,2.0583,0.006,1.0025,0.0548,1.9608,0.0,0.0,0.0,-0.1608,26.0,25.0,38.0,37.0,12.0,0.0,0.0,0.0,0.0,41.0948,0.0,0.0117,0.0,0.0
21737.0,1.7394,0.0924,1.0,0.0801,1.2025,2.0559,1.0559,2.3094,1.3094,26.6697,2.0668,26.3653,2.0546,100.0,0.0,0.0,0.0,25.5,0.0,26.5,0.0,26.5,0.0,25.5,10.0,0.0,0.0088,52.8501,5.285,2.0,5.8605,1.3072,-0.0844,1.3544,0.0212,1.366,1.005e-05,1.0012,0.0157,2.3261,8.0,0.0788,1.0021,0.0648,2.0337,0.0059,0.9952,0.0745,2.0938,0.0,0.0,0.0,-0.1609,26.0,25.0,38.0,37.0,14.0,0.0,0.0,0.0,0.0,41.095,0.0,0.0117,0.0,0.0
21738.0,1.7394,0.0924,1.0,0.0801,1.2025,2.0561,1.0561,2.3089,1.3089,26.5904,2.0636,26.3703,2.0548,100.0,0.0,0.0,0.0,25.375,0.0,26.375,0.0,26.375,0.0,25.5,10.0,0.0,0.0093,52.8493,5.2849,2.0,5.8872,1.308,-0.0374,1.3596,0.0209,1.3659,1.005e-05,1.0012,0.0157,2.3256,8.0,0.077,1.0021,0.0761,2.1031,0.0058,0.9817,0.0679,2.0538,0.0,0.0,0.0,-0.1608,26.0,25.0,38.0,37.0,13.0,0.0,0.0,0.0,0.0,41.0945,0.0,0.0118,0.0,0.0
21739.0,1.7394,0.0924,1.0,0.0799,1.202,2.0557,1.0557,2.3088,1.3088,26.6665,2.0667,26.3946,2.0558,100.0,0.0,0.0,0.0,25.375,0.0,26.375,0.0,26.5,0.0,25.375,10.0,0.0,0.0095,52.8485,5.2848,2.0,5.9408,1.3095,-0.0347,1.3599,0.0212,1.3659,1.005e-05,1.0012,0.0157,2.325,8.0,0.0764,1.002,0.0609,2.0065,0.0061,1.0074,0.0657,2.0397,0.0,0.0,0.0,-0.1609,26.0,25.0,38.0,37.0,12.0,0.0,0.0,0.0,0.0,41.0949,0.0,0.0119,0.0,0.0
21740.0,1.7384,0.0923,1.0,0.0799,1.2021,2.0555,1.0555,2.3093,1.3093,26.8514,2.0741,26.3848,2.0554,100.0,0.0,0.0,0.0,25.375,0.0,26.375,0.0,26.5,0.0,25.5,10.0,0.0,0.0098,52.8473,5.2847,2.0,6.064,1.3131,0.0927,1.3737,0.0201,1.3658,1.005e-05,1.0012,0.0157,2.3245,8.0,0.0723,1.0019,0.0488,1.9107,0.0062,1.0155,0.0577,1.9832,0.0,0.0,0.0,-0.1606,26.0,25.0,38.0,38.0,13.0,0.0,0.0,0.0,0.0,41.0952,0.0,0.0122,0.0,0.0
21741.0,1.7383,0.0923,1.0,0.0799,1.2019,2.0558,1.0558,2.309,1.309,26.8176,2.0727,26.3707,2.0548,100.0,0.0,0.0,0.0,25.25,0.0,26.375,0.0,26.5,0.0,25.625,10.0,0.0,0.0098,52.8464,5.2846,2.0,6.1984,1.3169,0.128,1.3776,0.0199,1.3658,1.005e-05,1.0011,0.0157,2.3238,8.0,0.0709,1.0019,0.0578,1.9835,0.0063,1.0182,0.0573,1.9802,0.0,0.0,0.0,-0.161,26.0,25.0,38.0,38.0,15.0,0.0,0.0,0.0,0.0,41.0947,0.0,0.0116,0.0,0.0
21742.0,1.7392,0.0924,1.0,0.0801,1.2024,2.0562,1.0562,2.309,1.309,26.7314,2.0693,26.3663,2.0547,100.0,0.0,0.0,0.0,25.25,0.0,26.375,0.0,26.5,0.0,25.5,10.0,0.0,0.0094,52.8456,5.2845,2.0,6.136,1.3152,0.1066,1.3753,0.0197,1.3658,1.004e-05,1.001,0.0157,2.3231,8.0,0.0702,1.0019,0.0522,1.9396,0.0066,1.0397,0.0706,2.0705,0.0,0.0,0.0,-0.1606,26.0,25.0,38.0,38.0,13.0,0.0,0.0,0.0,0.0,41.0952,0.0,0.0119,0.0,0.0
21743.0,1.7394,0.0924,1.0,0.0797,1.2013,2.0562,1.0562,2.3093,1.3093,26.6032,2.0641,26.3639,2.0546,100.0,0.0,0.0,0.0,25.25,0.0,26.375,0.0,26.375,0.0,25.5,10.0,0.0,0.0092,52.8447,5.2844,2.0,6.15,1.3155,0.1091,1.3755,0.0192,1.3657,1.004e-05,1.001,0.0157,2.323,8.0,0.068,1.0018,0.0617,2.0122,0.0058,0.9856,0.0777,2.1122,0.0,0.0,0.0,-0.1606,26.0,25.0,38.0,38.0,14.0,0.0,0.0,0.0,0.0,41.0949,0.0,0.0119,0.0,0.0
21744.0,1.7402,0.0925,1.0,0.0796,1.201,2.0558,1.0558,2.3089,1.3089,26.6482,2.0659,26.3827,2.0553,100.0,0.0,0.0,0.0,25.375,0.0,26.625,0.0,26.5,0.0,25.375,10.0,0.0,0.011,52.8437,5.2843,2.0,6.5526,1.3266,1.0789,1.4813,0.0197,1.3658,1.005e-05,1.0011,0.0157,2.3221,8.0,0.0714,1.0019,0.0475,1.8986,0.0062,1.0131,0.0781,2.1143,0.0,0.0,0.0,-0.1604,26.0,25.0,38.0,37.0,14.0,0.0,0.0,0.0,0.0,41.095,0.0,0.0119,0.0,0.0
21745.0,1.7412,0.0927,1.0,0.0797,1.2014,2.0551,1.0551,2.309,1.309,26.8225,2.0729,26.3877,2.0555,100.0,0.0,0.0,0.0,25.375,0.0,26.375,0.0,26.5,0.0,25.5,10.0,0.0,0.0098,52.8429,5.2842,2.0,7.6749,1.354,0.9752,1.47,0.0207,1.3659,1.005e-05,1.0011,0.0157,2.322,8.0,0.0702,1.0019,0.0412,1.8372,0.0057,0.9762,0.0682,2.0554,0.0,0.0,0.0,-0.161,26.0,25.0,38.0,37.0,15.0,0.0,0.0,0.0,0.0,41.0947,0.0,0.0116,0.0,0.0
21746.0,1.7423,0.0928,1.0,0.0798,1.2018,2.0556,1.0556,2.3095,1.3095,26.8244,2.073,26.3617,2.0545,100.0,0.0,0.0,0.0,25.25,0.0,26.375,0.0,26.5,0.0,25.375,10.0,0.0,0.01,52.8417,5.2841,2.0,7.5139,1.3503,0.8577,1.4572,0.0209,1.3659,1.005e-05,1.0011,0.0157,2.3213,8.0,0.0728,1.0019,0.1106,2.2658,0.0062,1.0169,0.0708,2.0719,0.0,0.0,0.0,-0.1609,26.0,25.0,38.0,37.0,13.0,0.0,0.0,0.0,0.0,41.1381,0.0,0.0115,0.0,0.0
21747.0,1.7435,0.0929,1.0,0.0803,1.2031,2.0561,1.0561,2.3091,1.3091,26.7221,2.0689,26.3725,2.0549,100.0,0.0,0.0,0.0,25.375,0.0,26.375,0.0,26.375,0.0,25.375,10.0,0.0,0.0107,52.841,5.284,2.0,7.3675,1.3469,0.7529,1.4458,0.0218,1.366,1.005e-05,1.0012,0.0157,2.3205,8.0,0.0767,1.002,0.1147,2.2814,0.0063,1.0196,0.0795,2.122,0.0,0.0,0.0,-0.1608,26.0,25.0,38.0,37.0,13.0,0.0,0.0,0.0,0.0,41.1376,0.0,0.0114,0.0,0.0
21748.0,1.7446,0.0931,1.0,0.0803,1.203,2.0563,1.0563,2.3089,1.3089,26.6029,2.0641,26.373,2.0549,100.0,0.0,0.0,0.0,25.375,0.0,26.375,0.0,26.5,0.0,25.5,10.0,0.0,0.0103,52.8404,5.284,2.0,7.3877,1.3474,0.7158,1.4417,0.0214,1.366,1.005e-05,1.0012,0.0157,2.3199,8.0,0.0753,1.002,0.0947,2.1981,0.0055,0.9611,0.077,2.1081,0.0,0.0,0.0,-0.1605,26.0,25.0,38.0,38.0,13.0,0.0,0.0,0.0,0.0,41.1385,0.0,0.0122,0.0,0.0
21749.0,1.7428,0.0929,1.0,0.0801,1.2024,2.0556,1.0556,2.3086,1.3086,26.6352,2.0654,26.3852,2.0554,100.0,0.0,0.0,0.0,25.25,0.0,26.375,0.0,26.5,0.0,25.5,10.0,0.0,0.0106,52.8393,5.2839,2.0,7.3655,1.3469,0.6737,1.4371,0.0215,1.366,1.005e-05,1.0012,0.0156,2.3193,8.0,0.0791,1.0021,0.1127,2.2738,0.0059,0.9895,0.0746,2.0947,0.0,0.0,0.0,-0.1609,26.0,25.0,38.0,38.0,14.0,0.0,0.0,0.0,0.0,41.1379,0.0,0.0119,0.0,0.0
21750.0,1.7419,0.0927,1.0,0.08,1.2022,2.0555,1.0555,2.3087,1.3087,26.8246,2.073,26.3901,2.0556,100.0,0.0,0.0,0.0,25.25,0.0,26.375,0.0,26.5,0.0,25.5,10.0,0.0,0.0095,52.8382,5.2838,2.0,7.3811,1.3472,0.6798,1.4378,0.0211,1.3659,1.005e-05,1.0012,0.0156,2.3187,8.0,0.0756,1.002,0.0828,2.1399,0.0063,1.0177,0.0691,2.0611,0.0,0.0,0.0,-0.1606,26.0,25.0,38.0,38.0,15.0,0.0,0.0,0.0,0.0,41.138,0.0,0.0119,0.0,0.0
21751.0,1.7415,0.0927,1.0,0.0799,1.2019,2.0558,1.0558,2.3093,1.3093,26.8521,2.0741,26.3792,2.0552,100.0,0.0,0.0,0.0,25.25,0.0,26.375,0.0,26.5,0.0,25.375,10.0,0.0,0.0107,52.8375,5.2837,2.0,7.443,1.3487,0.6706,1.4368,0.0203,1.3658,1.005e-05,1.0011,0.0156,2.3186,8.0,0.0754,1.002,0.0882,2.1672,0.0062,1.0114,0.0606,2.004,0.0,0.0,0.0,-0.1608,26.0,25.0,38.0,38.0,14.0,0.0,0.0,0.0,0.0,41.138,0.0,0.0118,0.0,0.0
21752.0,1.7425,0.0928,1.0,0.0799,1.202,2.0562,1.0562,2.309,1.309,26.7639,2.0706,26.3776,2.0551,100.0,0.0,0.0,0.0,25.375,0.0,26.625,0.0,26.375,0.0,25.375,10.0,0.0,0.0098,52.8364,5.2836,2.0,7.3425,1.3463,0.5725,1.4261,0.0204,1.3659,1.005e-05,1.0011,0.0156,2.318,8.0,0.0732,1.002,0.0809,2.1296,0.007,1.0685,0.0662,2.0428,0.0,0.0,0.0,-0.1606,26.0,25.0,38.0,38.0,14.0,0.0,0.0,0.0,0.0,41.1381,0.0,0.0115,0.0,0.0
21753.0,1.7414,0.0927,1.0,0.0799,1.2021,2.0562,1.0562,2.3088,1.3088,26.6508,2.066,26.3728,2.0549,100.0,0.0,0.0,0.0,25.375,0.0,26.5,0.0,26.375,0.0,25.375,10.0,0.0,0.0102,52.836,5.2836,2.0,7.2665,1.3445,0.5195,1.4203,0.0202,1.3658,1.005e-05,1.0011,0.0156,2.3167,8.0,0.0715,1.0019,0.1545,2.4108,0.0063,1.0181,0.0649,2.0342,0.0,0.0,0.0,-0.1609,26.0,25.0,38.0,38.0,14.0,0.0,0.0,0.0,0.0,41.1388,0.0,0.0119,0.0,0.0
21754.0,1.7398,0.0925,1.0,0.0799,1.202,2.0561,1.0561,2.3087,1.3087,26.6164,2.0647,26.3779,2.0551,100.0,0.0,0.0,0.0,25.25,0.0,26.5,0.0,26.5,0.0,25.375,10.0,0.0,0.0104,52.835,5.2834,2.0,7.2908,1.3451,0.5112,1.4194,0.0202,1.3658,1.005e-05,1.0011,0.0156,2.3166,8.0,0.0726,1.0019,0.1253,2.3199,0.0054,0.9568,0.0607,2.0049,0.0,0.0,0.0,-0.1606,26.0,25.0,38.0,38.0,13.0,0.0,0.0,0.0,0.0,41.138,0.0,0.0117,0.0,0.0
21755.0,1.7373,0.0922,1.0,0.0799,1.202,2.0552,1.0552,2.3086,1.3086,26.8002,2.072,26.3909,2.0556,100.0,0.0,0.0,0.0,25.25,0.0,26.5,0.0,26.375,0.0,25.375,10.0,0.0,0.0104,52.8336,5.2833,2.0,7.1907,1.3427,0.4013,1.4074,0.019,1.3657,1.004e-05,1.001,0.0156,2.3154,8.0,0.0651,1.0017,0.1049,2.2427,0.0061,1.0049,0.0585,1.9889,0.0,0.0,0.0,-0.161,26.0,25.0,38.0,38.0,15.0,0.0,0.0,0.0,0.0,41.1382,0.0,0.0119,0.0,0.0
21756.0,1.7373,0.0922,1.0,0.0799,1.2019,2.0554,1.0554,2.3091,1.3091,26.8484,2.0739,26.3688,2.0548,100.0,0.0,0.0,0.0,25.375,0.0,26.375,0.0,26.625,0.0,25.5,10.0,0.0,0.0106,52.8329,5.2832,2.0,7.2326,1.3437,0.4086,1.4082,0.0192,1.3657,1.005e-05,1.0011,0.0156,2.3151,8.0,0.0712,1.0019,0.1333,2.3465,0.0052,0.9405,0.0728,2.0841,0.0,0.0,0.0,-0.161,26.0,25.0,38.0,38.0,13.0,0.0,0.0,0.0,0.0,41.1385,0.0,0.0116,0.0,0.0
21757.0,1.7381,0.0923,1.0,0.0798,1.2017,2.0558,1.0558,2.3094,1.3094,26.7706,2.0708,26.3573,2.0543,100.0,0.0,0.0,0.0,25.375,0.0,26.375,0.0,26.5,0.0,25.375,10.0,0.0,0.0106,52.8322,5.2832,2.0,7.1364,1.3414,0.3348,1.4002,0.0199,1.3658,1.005e-05,1.0011,0.0156,2.3141,8.0,0.0708,1.0019,0.213,2.5502,0.0064,1.0251,0.0601,2.0009,0.0,0.0,0.0,-0.1607,26.0,25.0,38.0,37.0,13.0,0.0,0.0,0.0,0.0,41.1386,0.0,0.0121,0.0,0.0
21758.0,1.7384,0.0923,1.0,0.0798,1.2018,2.0558,1.0558,2.3094,1.3094,26.6555,2.0662,26.36,2.0544,100.0,0.0,0.0,0.0,25.375,0.0,26.375,0.0,26.5,0.0,25.5,10.0,0.0,0.0104,52.8311,5.2831,2.0,7.135,1.3414,0.4022,1.4075,0.0196,1.3658,1.005e-05,1.0011,0.0156,2.3138,8.0,0.0714,1.0019,0.1462,2.3869,0.0062,1.0161,0.0677,2.0527,0.0,0.0,0.0,-0.1608,26.0,25.0,38.0,37.0,15.0,0.0,0.0,0.0,0.0,41.1388,0.0,0.0118,0.0,0.0
21759.0,1.7386,0.0923,1.0,0.0798,1.2017,2.0557,1.0557,2.3087,1.3087,26.5947,2.0638,26.3718,2.0549,100.0,0.0,0.0,0.0,25.375,0.0,26.375,0.0,26.5,0.0,25.5,10.0,0.0,0.0102,52.8301,5.283,2.0,7.3715,1.347,0.4393,1.4116,0.0206,1.3659,1.005e-05,1.0011,0.0156,2.3137,8.0,0.0693,1.0018,0.1881,2.4962,0.0064,1.0291,0.0576,1.9824,0.0,0.0,0.0,-0.1608,26.0,25.0,38.0,37.0,14.0,0.0,0.0,0.0,0.0,41.1387,0.0,0.0119,0.0,0.0
21760.0,1.7404,0.0925,1.0,0.0797,1.2014,2.0556,1.0556,2.3086,1.3086,26.7572,2.0703,26.3899,2.0556,100.0,0.0,0.0,0.0,25.25,0.0,26.5,0.0,26.5,0.0,25.5,10.0,0.0,0.0106,52.8293,5.2829,2.0,7.4059,1.3478,0.4688,1.4148,0.0202,1.3658,1.005e-05,1.0011,0.0156,2.3127,8.0,0.07,1.0019,0.1671,2.4447,0.0064,1.0284,0.0601,2.0008,0.0,0.0,0.0,-0.1609,26.0,25.0,38.0,37.0,13.0,0.0,0.0,0.0,0.0,41.1386,0.0,0.0118,0.0,0.0
21761.0,1.7399,0.0925,1.0,0.0801,1.2025,2.0556,1.0556,2.309,1.309,26.8455,2.0738,26.3767,2.0551,100.0,0.0,0.0,0.0,25.375,0.0,26.5,0.0,26.5,0.0,25.375,10.0,0.0,0.0106,52.828,5.2828,2.0,7.338,1.3462,0.3807,1.4052,0.0205,1.3659,1.005e-05,1.0012,0.0156,2.3121,8.0,0.0751,1.002,0.1658,2.4415,0.0063,1.0234,0.0709,2.0728,0.0,0.0,0.0,-0.1611,26.0,25.0,38.0,38.0,13.0,0.0,0.0,0.0,0.0,41.1383,0.0,0.0115,0.0,0.0
21762.0,1.7393,0.0924,1.0,0.08,1.2021,2.0561,1.0561,2.3091,1.3091,26.7953,2.0718,26.3691,2.0548,100.0,0.0,0.0,0.0,25.25,0.0,26.5,0.0,26.5,0.0,25.5,10.0,0.0,0.0103,52.8278,5.2828,2.0,7.2712,1.3446,0.3287,1.3995,0.021,1.3659,1.005e-05,1.0011,0.0156,2.3117,8.0,0.0742,1.002,0.1497,2.3972,0.0063,1.0193,0.0642,2.0297,0.0,0.0,0.0,-0.161,26.0,25.0,38.0,38.0,12.0,0.0,0.0,0.0,0.0,41.1384,0.0,0.0118,0.0,0.0
21763.0,1.7383,0.0923,1.0,0.0798,1.2017,2.0562,1.0562,2.309,1.309,26.6712,2.0668,26.3747,2.055,100.0,0.0,0.0,0.0,25.25,0.0,26.375,0.0,26.5,0.0,25.5,10.0,0.0,0.0102,52.8266,5.2826,2.0,7.1706,1.3422,0.2606,1.3921,0.0213,1.366,1.005e-05,1.0012,0.0155,2.3111,8.0,0.0741,1.002,0.1488,2.3945,0.0061,1.004,0.0647,2.0324,0.0,0.0,0.0,-0.1608,26.0,25.0,38.0,38.0,13.0,0.0,0.0,0.0,0.0,41.1384,0.0,0.0119,0.0,0.0
21764.0,1.7354,0.0919,1.0,0.0798,1.2016,2.0562,1.0562,2.3088,1.3088,26.5905,2.0636,26.376,2.055,100.0,0.0,0.0,0.0,25.25,0.0,26.375,0.0,26.5,0.0,25.5,10.0,0.0,0.0103,52.8259,5.2826,2.0,7.0962,1.3404,0.2068,1.3862,0.0214,1.366,1.005e-05,1.0012,0.0155,2.3108,8.0,0.0752,1.002,0.1514,2.4019,0.0059,0.9943,0.0581,1.9859,0.0,0.0,0.0,-0.1612,26.0,25.0,38.0,38.0,14.0,0.0,0.0,0.0,0.0,41.1385,0.0,0.0119,0.0,0.0
21765.0,1.7342,0.0918,1.0,0.0802,1.2029,2.0555,1.0555,2.3087,1.3087,26.6956,2.0678,26.3868,2.0555,100.0,0.0,0.0,0.0,25.125,0.0,26.375,0.0,26.5,0.0,25.375,10.0,0.0,0.0101,52.825,5.2825,2.0,7.05,1.3393,0.1851,1.3838,0.0212,1.366,1.005e-05,1.0012,0.0155,2.3093,8.0,0.0759,1.002,0.1396,2.3669,0.006,1.0034,0.0563,1.9725,0.0,0.0,0.0,-0.1612,26.0,25.0,38.0,37.0,15.0,0.0,0.0,0.0,0.0,41.1383,0.0,0.0117,0.0,0.0
21766.0,1.735,0.0919,1.0,0.0799,1.2021,2.0552,1.0552,2.309,1.309,26.8541,2.0742,26.3782,2.0551,100.0,0.0,0.0,0.0,25.25,0.0,26.5,0.0,26.5,0.0,25.375,10.0,0.0,0.0109,52.8246,5.2824,2.0,7.0437,1.3391,0.1708,1.3823,0.0207,1.3659,1.005e-05,1.0011,0.0155,2.3091,8.0,0.0723,1.0019,0.1208,2.304,0.0063,1.022,0.0579,1.9844,0.0,0.0,0.0,-0.1608,26.0,25.0,38.0,37.0,16.0,0.0,0.0,0.0,0.0,41.1378,0.0,0.0118,0.0,0.0
21767.0,1.7362,0.092,1.0,0.0802,1.2027,2.0562,1.0562,2.309,1.309,26.8026,2.0721,26.3691,2.0548,100.0,0.0,0.0,0.0,25.25,0.0,26.375,0.0,26.375,0.0,25.5,10.0,0.0,0.0105,52.8234,5.2823,2.0,7.0399,1.339,0.2325,1.389,0.0199,1.3658,1.005e-05,1.0011,0.0155,2.308,8.0,0.0724,1.0019,0.1226,2.3104,0.0056,0.9734,0.0655,2.038,0.0,0.0,0.0,-0.1607,26.0,25.0,38.0,37.0,13.0,0.0,0.0,0.0,0.0,41.138,0.0,0.0119,0.0,0.0
21768.0,1.7381,0.0923,1.0,0.0801,1.2025,2.0562,1.0562,2.309,1.309,26.6951,2.0678,26.3643,2.0546,100.0,0.0,0.0,0.0,25.375,0.0,26.5,0.0,26.5,0.0,25.5,10.0,0.0,0.0105,52.8227,5.2822,2.0,7.2438,1.344,0.2639,1.3924,0.0193,1.3657,1.004e-05,1.001,0.0155,2.3076,8.0,0.0699,1.0019,0.0969,2.2081,0.0059,0.9948,0.0785,2.1166,0.0,0.0,0.0,-0.161,26.0,25.0,38.0,37.0,15.0,0.0,0.0,0.0,0.0,41.1382,0.0,0.0114,0.0,0.0
21769.0,1.7394,0.0924,1.0,0.0799,1.2019,2.056,1.056,2.3088,1.3088,26.594,2.0638,26.3669,2.0547,100.0,0.0,0.0,0.0,25.375,0.0,26.375,0.0,26.375,0.0,25.375,10.0,0.0,0.0107,52.8222,5.2822,2.0,7.1817,1.3425,0.1898,1.3843,0.0193,1.3657,1.004e-05,1.001,0.0155,2.3073,8.0,0.069,1.0018,0.1074,2.2528,0.0061,1.0092,0.0737,2.0892,0.0,0.0,0.0,-0.1609,26.0,25.0,38.0,38.0,14.0,0.0,0.0,0.0,0.0,41.1376,0.0,0.0112,0.0,0.0
21770.0,1.7394,0.0924,1.0,0.0798,1.2018,2.0557,1.0557,2.3087,1.3087,26.7048,2.0682,26.3883,2.0555,100.0,0.0,0.0,0.0,25.25,0.0,26.375,0.0,26.5,0.0,25.375,10.0,0.0,0.0105,52.8209,5.2821,2.0,7.072,1.3398,0.2296,1.3887,0.0193,1.3657,1.004e-05,1.001,0.0155,2.3069,8.0,0.068,1.0018,0.1022,2.2314,0.0062,1.0134,0.0689,2.0599,0.0,0.0,0.0,-0.1609,26.0,25.0,38.0,38.0,14.0,0.0,0.0,0.0,0.0,41.1376,0.0,0.0116,0.0,0.0
21771.0,1.7412,0.0927,1.0,0.0797,1.2015,2.0556,1.0556,2.3086,1.3086,26.8553,2.0742,26.3823,2.0553,100.0,0.0,0.0,0.0,25.25,0.0,26.5,0.0,26.5,0.0,25.375,10.0,0.0,0.01,52.8195,5.2819,2.0,7.1965,1.3428,0.1956,1.385,0.0192,1.3657,1.004e-05,1.001,0.0155,2.306,8.0,0.068,1.0018,0.0956,2.2023,0.0059,0.9961,0.0682,2.0558,0.0,0.0,0.0,-0.1606,26.0,25.0,38.0,38.0,12.0,0.0,0.0,0.0,0.0,41.1378,0.0,0.0118,0.0,0.0
21772.0,1.7404,0.0926,1.0,0.0797,1.2014,2.0561,1.0561,2.309,1.309,26.8101,2.0724,26.3714,2.0549,100.0,0.0,0.0,0.0,25.375,0.0,26.5,0.0,26.5,0.0,25.375,10.0,0.0,0.0101,52.8189,5.2818,2.0,7.1239,1.3411,0.1763,1.3829,0.0187,1.3657,1.004e-05,1.001,0.0155,2.3052,8.0,0.0667,1.0018,0.0862,2.1575,0.0066,1.0404,0.065,2.0346,0.0,0.0,0.0,-0.1609,26.0,25.0,38.0,38.0,13.0,0.0,0.0,0.0,0.0,41.1378,0.0,0.0116,0.0,0.0
21773.0,1.7405,0.0926,1.0,0.0798,1.2017,2.056,1.056,2.309,1.309,26.7267,2.0691,26.3648,2.0546,100.0,0.0,0.0,0.0,25.5,0.0,26.5,0.0,26.5,0.0,25.5,10.0,0.0,0.0105,52.8183,5.2818,2.0,7.2223,1.3435,0.2793,1.3941,0.019,1.3657,1.004e-05,1.001,0.0155,2.3047,8.0,0.0659,1.0018,0.0781,2.1145,0.006,1.0025,0.0625,2.0178,0.0,0.0,0.0,-0.1607,26.0,25.0,38.0,37.0,14.0,0.0,0.0,0.0,0.0,41.1378,0.0,0.0113,0.0,0.0
21774.0,1.7392,0.0924,1.0,0.0799,1.2021,2.0558,1.0558,2.3085,1.3085,26.5966,2.0639,26.3653,2.0546,100.0,0.0,0.0,0.0,25.375,0.0,26.5,0.0,26.5,0.0,25.5,10.0,0.0,0.0106,52.817,5.2816,2.0,7.3719,1.347,0.3073,1.3972,0.0189,1.3657,1.004e-05,1.001,0.0155,2.3038,8.0,0.0653,1.0017,0.0784,2.116,0.0054,0.9539,0.0614,2.0097,0.0,0.0,0.0,-0.1608,26.0,25.0,38.0,37.0,14.0,0.0,0.0,0.0,0.0,41.1385,0.0,0.0119,0.0,0.0
21775.0,1.7383,0.0923,1.0,0.0797,1.2014,2.0555,1.0555,2.3087,1.3087,26.6532,2.0661,26.3834,2.0553,100.0,0.0,0.0,0.0,25.375,0.0,26.375,0.0,26.5,0.0,25.375,10.0,0.0,0.0107,52.8162,5.2816,2.0,7.403,1.3478,0.3547,1.4023,0.0184,1.3656,1.004e-05,1.001,0.0155,2.3035,8.0,0.0673,1.0018,0.0686,2.0579,0.0061,1.0048,0.057,1.9775,0.0,0.0,0.0,-0.1608,26.0,25.0,38.0,37.0,14.0,0.0,0.0,0.0,0.0,41.1379,0.0,0.0114,0.0,0.0
21776.0,1.7393,0.0924,1.0,0.0797,1.2015,2.0551,1.0551,2.3086,1.3086,26.8197,2.0728,26.3898,2.0556,100.0,0.0,0.0,0.0,25.25,0.0,26.375,0.0,26.5,0.0,25.375,10.0,0.0,0.0103,52.8153,5.2815,2.0,7.4507,1.3489,0.3297,1.3996,0.0189,1.3657,1.004e-05,1.001,0.0154,2.3028,8.0,0.0666,1.0018,0.0736,2.089,0.0057,0.9756,0.0798,2.1239,0.0,0.0,0.0,-0.1612,26.0,25.0,38.0,37.0,13.0,0.0,0.0,0.0,0.0,41.138,0.0,0.0115,0.0,0.0
21777.0,1.7386,0.0923,1.0,0.0796,1.2012,2.0555,1.0555,2.3089,1.3089,26.8361,2.0734,26.3732,2.0549,100.0,0.0,0.0,0.0,25.375,0.0,26.5,0.0,26.375,0.0,25.5,10.0,0.0,0.0109,52.8148,5.2814,2.0,7.3643,1.3469,0.2136,1.3869,0.0205,1.3659,1.004e-05,1.001,0.0154,2.3024,8.0,0.0708,1.0019,0.0684,2.057,0.0055,0.9645,0.0759,2.1021,0.0,0.0,0.0,-0.1608,26.0,25.0,38.0,38.0,13.0,0.0,0.0,0.0,0.0,41.1382,0.0,0.0116,0.0,0.0
21778.0,1.7379,0.0922,1.0,0.0796,1.2012,2.0558,1.0558,2.309,1.309,26.7456,2.0698,26.3652,2.0546,100.0,0.0,0.0,0.0,25.25,0.0,26.625,0.0,26.375,0.0,25.5,10.0,0.0,0.0099,52.8139,5.2813,2.0,7.1939,1.3428,0.1028,1.3748,0.0204,1.3659,1.005e-05,1.0011,0.0154,2.3021,8.0,0.0699,1.0019,0.068,2.0545,0.0067,1.0506,0.0706,2.0706,0.0,0.0,0.0,-0.1609,26.0,25.0,38.0,38.0,15.0,0.0,0.0,0.0,0.0,41.1381,0.0,0.0116,0.0,0.0
21779.0,1.7396,0.0925,1.0,0.0798,1.2016,2.0562,1.0562,2.3085,1.3085,26.6057,2.0642,26.3679,2.0547,100.0,0.0,0.0,0.0,25.375,0.0,26.5,0.0,26.5,0.0,25.5,10.0,0.0,0.01,52.8127,5.2812,2.0,7.0624,1.3396,0.085,1.3729,0.0212,1.3659,1.005e-05,1.0011,0.0154,2.3011,8.0,0.0707,1.0019,0.0719,2.0784,0.0059,0.9901,0.077,2.1081,0.0,0.0,0.0,-0.161,26.0,25.0,38.0,38.0,15.0,0.0,0.0,0.0,0.0,41.1378,0.0,0.0118,0.0,0.0
21780.0,1.7394,0.0924,1.0,0.0798,1.2018,2.0559,1.0559,2.3083,1.3083,26.6448,2.0658,26.3853,2.0554,100.0,0.0,0.0,0.0,25.375,0.0,26.5,0.0,26.5,0.0,25.5,10.0,0.0,0.0103,52.8119,5.2811,2.0,7.1585,1.3419,0.1218,1.3769,0.0208,1.3659,1.005e-05,1.0012,0.0154,2.3006,8.0,0.0738,1.002,0.0586,1.9901,0.0061,1.0095,0.0823,2.137,0.0,0.0,0.0,-0.1607,26.0,25.0,38.0,38.0,14.0,0.0,0.0,0.0,0.0,41.1383,0.0,0.0119,0.0,0.0
21781.0,1.7404,0.0925,1.0,0.0799,1.202,2.0556,1.0556,2.3084,1.3084,26.7951,2.0718,26.391,2.0556,100.0,0.0,0.0,0.0,25.25,0.0,26.375,0.0,26.375,0.0,25.5,10.0,0.0,0.0099,52.8112,5.2811,2.0,7.1433,1.3416,0.081,1.3725,0.0209,1.3659,1.005e-05,1.0012,0.0154,2.3,8.0,0.0736,1.002,0.0631,2.0217,0.0062,1.0151,0.0712,2.0745,0.0,0.0,0.0,-0.161,26.0,25.0,38.0,37.0,14.0,0.0,0.0,0.0,0.0,41.1382,0.0,0.0119,0.0,0.0
21782.0,1.7417,0.0927,1.0,0.0799,1.2021,2.0556,1.0556,2.309,1.309,26.8386,2.0735,26.3746,2.055,100.0,0.0,0.0,0.0,25.375,0.0,26.375,0.0,26.5,0.0,25.375,10.0,0.0,0.0099,52.8105,5.281,2.0,7.0443,1.3391,0.0545,1.3696,0.0208,1.3659,1.005e-05,1.0012,0.0154,2.2995,8.0,0.074,1.002,0.0925,2.1878,0.0061,1.0087,0.0732,2.0866,0.0,0.0,0.0,-0.1606,26.0,25.0,38.0,37.0,15.0,0.0,0.0,0.0,0.0,41.1383,0.0,0.0117,0.0,0.0
21783.0,1.7431,0.0929,1.0,0.08,1.2021,2.0558,1.0558,2.309,1.309,26.7403,2.0696,26.3648,2.0546,100.0,0.0,0.0,0.0,25.25,0.0,26.5,0.0,26.5,0.0,25.375,10.0,0.0,0.0101,52.8093,5.2809,2.0,6.9804,1.3376,0.0095,1.3647,0.0208,1.3659,1.005e-05,1.0012,0.0154,2.2988,8.0,0.0767,1.002,0.1004,2.2236,0.006,0.9966,0.0711,2.0736,0.0,0.0,0.0,-0.1611,26.0,25.0,38.0,37.0,14.0,0.0,0.0,0.0,0.0,41.1386,0.0,0.0117,0.0,0.0
21784.0,1.7432,0.0929,1.0,0.0799,1.2019,2.0558,1.0558,2.3086,1.3086,26.6216,2.0649,26.3622,2.0545,100.0,0.0,0.0,0.0,25.375,0.0,26.5,0.0,26.5,0.0,25.375,10.0,0.0,0.0103,52.8088,5.2809,2.0,6.98,1.3375,-0.0055,1.363,0.021,1.3659,1.005e-05,1.0012,0.0154,2.2982,8.0,0.0745,1.002,0.1173,2.2911,0.0064,1.0283,0.0753,2.0988,0.0,0.0,0.0,-0.1607,26.0,25.0,38.0,37.0,14.0,0.0,0.0,0.0,0.0,41.1382,0.0,0.0117,0.0,0.0
21785.0,1.7424,0.0928,1.0,0.0798,1.2018,2.0558,1.0558,2.3083,1.3083,26.6226,2.0649,26.3798,2.0552,100.0,0.0,0.0,0.0,25.375,0.0,26.375,0.0,26.5,0.0,25.625,10.0,0.0,0.0096,52.808,5.2807,2.0,7.018,1.3385,0.0297,1.3669,0.0209,1.3659,1.005e-05,1.0011,0.0154,2.2975,8.0,0.075,1.002,0.1028,2.2337,0.0057,0.9783,0.0639,2.0276,0.0,0.0,0.0,-0.1611,26.0,25.0,38.0,37.0,13.0,0.0,0.0,0.0,0.0,41.1383,0.0,0.0116,0.0,0.0
21786.0,1.7415,0.0927,1.0,0.0799,1.2021,2.0555,1.0555,2.3082,1.3082,26.7921,2.0717,26.3992,2.056,100.0,0.0,0.0,0.0,25.375,0.0,26.375,0.0,26.5,0.0,25.5,10.0,0.0,0.01,52.8072,5.2807,2.0,7.022,1.3386,0.0385,1.3678,0.0213,1.366,1.005e-05,1.0012,0.0154,2.2969,8.0,0.0746,1.002,0.1059,2.2467,0.0055,0.965,0.0639,2.027,0.0,0.0,0.0,-0.161,26.0,25.0,38.0,37.0,14.0,0.0,0.0,0.0,0.0,41.1384,0.0,0.0115,0.0,0.0
21787.0,1.7405,0.0926,1.0,0.0799,1.202,2.0555,1.0555,2.309,1.309,26.8547,2.0742,26.3766,2.0551,100.0,0.0,0.0,0.0,25.25,0.0,26.5,0.0,26.5,0.0,25.5,10.0,0.0,0.0101,52.8063,5.2806,2.0,7.083,1.3401,0.0598,1.3702,0.021,1.3659,1.005e-05,1.0011,0.0154,2.2964,8.0,0.0742,1.002,0.1006,2.2243,0.0058,0.9825,0.0623,2.0161,0.0,0.0,0.0,-0.1612,26.0,25.0,38.0,37.0,15.0,0.0,0.0,0.0,0.0,41.1385,0.0,0.0118,0.0,0.0
21788.0,1.7405,0.0926,1.0,0.0799,1.202,2.0557,1.0557,2.3091,1.3091,26.7899,2.0716,26.3674,2.0547,100.0,0.0,0.0,0.0,25.5,0.0,26.375,0.0,26.375,0.0,25.375,10.0,0.0,0.0106,52.8055,5.2805,2.0,7.0834,1.3401,0.0865,1.3731,0.0207,1.3659,1.005e-05,1.0012,0.0154,2.296,8.0,0.0747,1.002,0.0942,2.196,0.0061,1.0083,0.0616,2.0112,0.0,0.0,0.0,-0.1608,26.0,25.0,38.0,37.0,12.0,0.0,0.0,0.0,0.0,41.1384,0.0,0.0114,0.0,0.0
21789.0,1.7394,0.0924,1.0,0.0799,1.2021,2.0563,1.0563,2.3086,1.3086,26.6677,2.0667,26.3669,2.0547,100.0,0.0,0.0,0.0,25.5,0.0,26.375,0.0,26.5,0.0,25.5,10.0,0.0,0.0109,52.8047,5.2804,2.0,7.1011,1.3405,0.0688,1.3711,0.0208,1.3659,1.005e-05,1.0012,0.0154,2.2954,8.0,0.0732,1.002,0.0966,2.2068,0.006,1.0008,0.0527,1.9438,0.0,0.0,0.0,-0.1607,26.0,25.0,38.0,37.0,12.0,0.0,0.0,0.0,0.0,41.1383,0.0,0.0119,0.0,0.0
21790.0,1.7383,0.0923,1.0,0.0799,1.202,2.056,1.056,2.3083,1.3083,26.6171,2.0647,26.3777,2.0551,100.0,0.0,0.0,0.0,25.375,0.0,26.5,0.0,26.5,0.0,25.625,10.0,0.0,0.01,52.804,5.2804,2.0,7.1407,1.3415,0.0776,1.3721,0.0211,1.3659,1.005e-05,1.0012,0.0154,2.2948,8.0,0.0744,1.002,0.0775,2.1113,0.0055,0.9585,0.058,1.9852,0.0,0.0,0.0,-0.161,26.0,25.0,38.0,38.0,13.0,0.0,0.0,0.0,0.0,41.1386,0.0,0.0121,0.0,0.0
21791.0,1.7373,0.0922,1.0,0.08,1.2023,2.0556,1.0556,2.3083,1.3083,26.7823,2.0713,26.3908,2.0556,100.0,0.0,0.0,0.0,25.375,0.0,26.5,0.0,26.375,0.0,25.375,10.0,0.0,0.0106,52.8031,5.2803,2.0,7.0759,1.3399,0.1113,1.3758,0.0212,1.366,1.005e-05,1.0012,0.0153,2.2939,8.0,0.0745,1.002,0.0697,2.065,0.0068,1.0534,0.0572,1.9795,0.0,0.0,0.0,-0.1612,26.0,25.0,38.0,38.0,16.0,0.0,0.0,0.0,0.0,41.1381,0.0,0.0116,0.0,0.0
21792.0,1.7363,0.092,1.0,0.08,1.2022,2.0557,1.0557,2.3086,1.3086,26.8577,2.0743,26.3795,2.0552,100.0,0.0,0.0,0.0,25.375,0.0,26.375,0.0,26.5,0.0,25.5,10.0,0.0,0.0102,52.8025,5.2802,2.0,7.2024,1.343,0.1208,1.3768,0.0206,1.3659,1.005e-05,1.0011,0.0153,2.2934,8.0,0.0738,1.002,0.0819,2.1351,0.0063,1.0228,0.0645,2.0312,0.0,0.0,0.0,-0.1611,26.0,25.0,38.0,38.0,14.0,0.0,0.0,0.0,0.0,41.1385,0.0,0.0116,0.0,0.0
21793.0,1.7362,0.092,1.0,0.0798,1.2016,2.0561,1.0561,2.3087,1.3087,26.8015,2.0721,26.3781,2.0551,100.0,0.0,0.0,0.0,25.25,0.0,26.5,0.0,26.5,0.0,25.5,10.0,0.0,0.0104,52.8019,5.2802,2.0,7.2268,1.3436,0.1872,1.3841,0.0207,1.3659,1.005e-05,1.0011,0.0153,2.2932,8.0,0.0753,1.002,0.1254,2.3201,0.0062,1.0177,0.0595,1.9967,0.0,0.0,0.0,-0.1609,26.0,25.0,38.0,38.0,13.0,0.0,0.0,0.0,0.0,41.1381,0.0,0.0114,0.0,0.0
21794.0,1.7365,0.0921,1.0,0.0798,1.2018,2.0563,1.0563,2.3086,1.3086,26.6671,2.0667,26.3727,2.0549,100.0,0.0,0.0,0.0,25.25,0.0,26.375,0.0,26.5,0.0,25.375,10.0,0.0,0.0099,52.8008,5.2801,2.0,7.3516,1.3466,0.2309,1.3888,0.0211,1.3659,1.005e-05,1.0011,0.0153,2.2924,8.0,0.075,1.002,0.1506,2.3998,0.0066,1.0439,0.0579,1.9842,0.0,0.0,0.0,-0.1608,26.0,25.0,38.0,37.0,14.0,0.0,0.0,0.0,0.0,41.1379,0.0,0.0115,0.0,0.0
21795.0,1.7358,0.092,1.0,0.0799,1.2021,2.0561,1.0561,2.3083,1.3083,26.6007,2.064,26.3843,2.0554,100.0,0.0,0.0,0.0,25.375,0.0,26.625,0.0,26.5,0.0,25.5,10.0,0.0,0.0107,52.8002,5.28,2.0,7.5103,1.3503,0.2588,1.3919,0.0208,1.3659,1.005e-05,1.0012,0.0153,2.2916,8.0,0.0746,1.002,0.119,2.2972,0.006,1.0023,0.0705,2.0698,0.0,0.0,0.0,-0.1609,26.0,25.0,38.0,37.0,13.0,0.0,0.0,0.0,0.0,41.1379,0.0,0.0117,0.0,0.0
21796.0,1.7362,0.092,1.0,0.0801,1.2024,2.0556,1.0556,2.3082,1.3082,26.7296,2.0692,26.3988,2.056,100.0,0.0,0.0,0.0,25.25,0.0,26.625,0.0,26.375,0.0,25.5,10.0,0.0,0.0098,52.7994,5.2799,2.0,7.3623,1.3468,0.1541,1.3804,0.0207,1.3659,1.005e-05,1.0011,0.0153,2.2911,8.0,0.0738,1.002,0.1146,2.2812,0.0064,1.0296,0.0674,2.0505,0.0,0.0,0.0,-0.161,26.0,25.0,38.0,37.0,13.0,0.0,0.0,0.0,0.0,41.138,0.0,0.0115,0.0,0.0
21797.0,1.7362,0.092,1.0,0.0799,1.2021,2.056,1.056,2.3085,1.3085,26.844,2.0738,26.394,2.0558,100.0,0.0,0.0,0.0,25.375,0.0,26.5,0.0,26.5,0.0,25.5,10.0,0.0,0.0104,52.7987,5.2799,2.0,7.4498,1.3489,0.252,1.3911,0.0205,1.3659,1.005e-05,1.0011,0.0153,2.2906,8.0,0.0722,1.0019,0.098,2.2132,0.0063,1.0226,0.0656,2.0385,0.0,0.0,0.0,-0.1607,26.0,25.0,38.0,37.0,14.0,0.0,0.0,0.0,0.0,41.1373,0.0,0.0118,0.0,0.0
21798.0,1.7362,0.092,1.0,0.0799,1.202,2.0562,1.0562,2.3087,1.3087,26.8123,2.0725,26.378,2.0551,100.0,0.0,0.0,0.0,25.375,0.0,26.375,0.0,26.5,0.0,25.5,10.0,0.0,0.0101,52.7979,5.2797,2.0,7.6398,1.3532,0.3798,1.4051,0.0201,1.3658,1.005e-05,1.0011,0.0153,2.2901,8.0,0.0725,1.0019,0.117,2.2901,0.0059,0.993,0.0587,1.9907,0.0,0.0,0.0,-0.161,26.0,25.0,38.0,38.0,14.0,0.0,0.0,0.0,0.0,41.1378,0.0,0.0116,0.0,0.0
21799.0,1.7362,0.092,1.0,0.0798,1.2017,2.0561,1.0561,2.3086,1.3086,26.7197,2.0688,26.3724,2.0549,100.0,0.0,0.0,0.0,25.375,0.0,26.625,0.0,26.5,0.0,25.5,10.0,0.0,0.0091,52.7971,5.2797,2.0,7.6492,1.3534,0.3373,1.4004,0.0193,1.3657,1.004e-05,1.001,0.0153,2.2894,8.0,0.068,1.0018,0.0903,2.1778,0.0062,1.0128,0.0632,2.0229,0.0,0.0,0.0,-0.1608,26.0,25.0,38.0,38.0,16.0,0.0,0.0,0.0,0.0,41.1379,0.0,0.0117,0.0,0.0
21800.0,1.7363,0.092,1.0,0.0798,1.2016,2.056,1.056,2.3084,1.3084,26.6018,2.0641,26.3645,2.0546,100.0,0.0,0.0,0.0,25.25,0.0,26.5,0.0,26.5,0.0,25.5,10.0,0.0,0.0092,52.796,5.2796,2.0,7.7445,1.3556,0.3829,1.4054,0.0192,1.3657,1.004e-05,1.001,0.0153,2.2888,8.0,0.0651,1.0017,0.1016,2.2287,0.0062,1.0127,0.0574,1.9808,0.0,0.0,0.0,-0.1611,26.0,25.0,38.0,38.0,15.0,0.0,0.0,0.0,0.0,41.1381,0.0,0.012,0.0,0.0
21801.0,1.7362,0.092,1.0,0.0799,1.2019,2.0556,1.0556,2.3083,1.3083,26.6815,2.0673,26.3869,2.0555,100.0,0.0,0.0,0.0,25.375,0.0,26.375,0.0,26.5,0.0,25.375,10.0,0.0,0.0106,52.7951,5.2795,2.0,7.7605,1.356,0.3499,1.4018,0.019,1.3657,1.004e-05,1.001,0.0153,2.2881,8.0,0.0658,1.0018,0.0965,2.2062,0.0065,1.0327,0.0633,2.0233,0.0,0.0,0.0,-0.1611,26.0,25.0,38.0,38.0,13.0,0.0,0.0,0.0,0.0,41.1378,0.0,0.0117,0.0,0.0
21802.0,1.736,0.092,1.0,0.0799,1.2019,2.0555,1.0555,2.3085,1.3085,26.8442,2.0738,26.3844,2.0554,100.0,0.0,0.0,0.0,25.375,0.0,26.5,0.0,26.5,0.0,25.375,10.0,0.0,0.0103,52.7941,5.2794,2.0,7.7262,1.3552,0.2775,1.3939,0.0191,1.3657,1.004e-05,1.001,0.0153,2.2874,8.0,0.0676,1.0018,0.1001,2.2224,0.006,0.9983,0.0609,2.0064,0.0,0.0,0.0,-0.1609,26.0,25.0,38.0,38.0,13.0,0.0,0.0,0.0,0.0,41.1381,0.0,0.0115,0.0,0.0
21803.0,1.7363,0.092,1.0,0.0798,1.2016,2.0561,1.0561,2.3087,1.3087,26.813,2.0725,26.3699,2.0548,100.0,0.0,0.0,0.0,25.375,0.0,26.375,0.0,26.5,0.0,25.5,10.0,0.0,0.0103,52.7936,5.2793,2.0,7.6137,1.3526,0.2368,1.3895,0.019,1.3657,1.004e-05,1.001,0.0153,2.2869,8.0,0.0665,1.0018,0.0884,2.1685,0.0055,0.9605,0.065,2.035,0.0,0.0,0.0,-0.1608,26.0,25.0,38.0,38.0,15.0,0.0,0.0,0.0,0.0,41.1384,0.0,0.0116,0.0,0.0
21804.0,1.7363,0.092,1.0,0.0798,1.2018,2.0562,1.0562,2.3086,1.3086,26.71,2.0684,26.3766,2.0551,100.0,0.0,0.0,0.0,25.375,0.0,26.5,0.0,26.5,0.0,25.375,10.0,0.0,0.0103,52.7929,5.2793,2.0,7.6847,1.3543,0.2743,1.3936,0.0192,1.3657,1.004e-05,1.001,0.0153,2.2863,8.0,0.0663,1.0018,0.0766,2.1058,0.007,1.065,0.0567,1.9753,0.0,0.0,0.0,-0.1606,26.0,25.0,38.0,38.0,12.0,0.0,0.0,0.0,0.0,41.1381,0.0,0.0116,0.0,0.0
21805.0,1.7363,0.092,1.0,0.08,1.2022,2.0562,1.0562,2.3084,1.3084,26.6,2.064,26.373,2.0549,100.0,0.0,0.0,0.0,25.25,0.0,26.375,0.0,26.625,0.0,25.375,10.0,0.0,0.0096,52.7918,5.2792,2.0,7.5742,1.3517,0.1634,1.3815,0.0201,1.3658,1.005e-05,1.0011,0.0152,2.2858,8.0,0.0702,1.0019,0.0851,2.1517,0.0056,0.9709,0.0579,1.9842,0.0,0.0,0.0,-0.1607,26.0,25.0,38.0,38.0,15.0,0.0,0.0,0.0,0.0,41.1385,0.0,0.0116,0.0,0.0
21806.0,1.7384,0.0923,1.0,0.0798,1.2018,2.0557,1.0557,2.3082,1.3082,26.6829,2.0673,26.3962,2.0558,100.0,0.0,0.0,0.0,25.375,0.0,26.5,0.0,26.375,0.0,25.375,10.0,0.0,0.0104,52.7913,5.2791,2.0,7.513,1.3503,0.1456,1.3795,0.0199,1.3658,1.005e-05,1.0011,0.0152,2.2853,8.0,0.0691,1.0018,0.0753,2.0984,0.0065,1.0379,0.0565,1.9743,0.0,0.0,0.0,-0.1606,26.0,25.0,38.0,38.0,13.0,0.0,0.0,0.0,0.0,41.1382,0.0,0.0116,0.0,0.0
21807.0,1.7394,0.0924,1.0,0.0798,1.2016,2.0555,1.0555,2.3083,1.3083,26.82,2.0728,26.389,2.0556,100.0,0.0,0.0,0.0,25.25,0.0,26.375,0.0,26.5,0.0,25.375,10.0,0.0,0.0105,52.7904,5.279,2.0,7.5615,1.3514,0.1815,1.3834,0.0201,1.3658,1.005e-05,1.0011,0.0152,2.2847,8.0,0.0695,1.0019,0.0754,2.099,0.0067,1.0464,0.0559,1.9694,0.0,0.0,0.0,-0.1607,26.0,25.0,38.0,38.0,15.0,0.0,0.0,0.0,0.0,41.1378,0.0,0.0119,0.0,0.0
21808.0,1.7391,0.0924,1.0,0.0798,1.2018,2.0559,1.0559,2.309,1.309,26.8368,2.0735,26.379,2.0552,100.0,0.0,0.0,0.0,25.25,0.0,26.375,0.0,26.5,0.0,25.5,10.0,0.0,0.0102,52.7897,5.2789,2.0,7.5233,1.3506,0.1765,1.3829,0.0202,1.3658,1.005e-05,1.0011,0.0152,2.2841,8.0,0.071,1.0019,0.0633,2.0234,0.0055,0.9592,0.0557,1.9678,0.0,0.0,0.0,-0.1609,26.0,25.0,38.0,38.0,14.0,0.0,0.0,0.0,0.0,41.1378,0.0,0.0118,0.0,0.0
21809.0,1.7394,0.0924,1.0,0.0799,1.2019,2.0561,1.0561,2.3087,1.3087,26.7493,2.07,26.3768,2.0551,100.0,0.0,0.0,0.0,25.25,0.0,26.5,0.0,26.5,0.0,25.5,10.0,0.0,0.0104,52.7889,5.2788,2.0,7.6044,1.3524,0.1652,1.3817,0.0205,1.3659,1.005e-05,1.0011,0.0152,2.2833,8.0,0.0723,1.0019,0.0717,2.0773,0.0068,1.0535,0.07,2.0672,0.0,0.0,0.0,-0.1608,26.0,25.0,38.0,38.0,13.0,0.0,0.0,0.0,0.0,41.138,0.0,0.0119,0.0,0.0
21810.0,1.7404,0.0926,1.0,0.0799,1.2021,2.0563,1.0563,2.3085,1.3085,26.6088,2.0644,26.3667,2.0547,100.0,0.0,0.0,0.0,25.5,0.0,26.375,0.0,26.5,0.0,25.375,10.0,0.0,0.0107,52.7883,5.2788,2.0,7.4892,1.3498,0.1171,1.3764,0.0203,1.3659,1.005e-05,1.0012,0.0152,2.2828,8.0,0.0741,1.002,0.0562,1.9719,0.0063,1.024,0.0831,2.1416,0.0,0.0,0.0,-0.1608,26.0,25.0,38.0,37.0,14.0,0.0,0.0,0.0,0.0,41.1379,0.0,0.0117,0.0,0.0
21811.0,1.7393,0.0924,1.0,0.0801,1.2025,2.0557,1.0557,2.3087,1.3087,26.6332,2.0653,26.3816,2.0553,100.0,0.0,0.0,0.0,25.375,0.0,26.375,0.0,26.5,0.0,25.5,10.0,0.0,0.0102,52.7876,5.2787,2.0,7.384,1.3473,0.0335,1.3673,0.02,1.3658,1.005e-05,1.0011,0.0152,2.2822,8.0,0.0746,1.002,0.0664,2.0441,0.0059,0.9937,0.0821,2.1363,0.0,0.0,0.0,-0.1605,26.0,25.0,38.0,37.0,14.0,0.0,0.0,0.0,0.0,41.1377,0.0,0.012,0.0,0.0
21812.0,1.7393,0.0924,1.0,0.0798,1.2017,2.0552,1.0552,2.3087,1.3087,26.7958,2.0718,26.392,2.0557,100.0,0.0,0.0,0.0,25.375,0.0,26.375,0.0,26.5,0.0,25.375,10.0,0.0,0.0098,52.787,5.2787,2.0,7.2767,1.3448,-0.0148,1.362,0.02,1.3658,1.005e-05,1.0011,0.0152,2.2819,8.0,0.0712,1.0019,0.047,1.8941,0.0062,1.0134,0.0805,2.1278,0.0,0.0,0.0,-0.1608,26.0,25.0,38.0,37.0,15.0,0.0,0.0,0.0,0.0,41.1372,0.0,0.0119,0.0,0.0
21813.0,1.7393,0.0924,1.0,0.0799,1.202,2.0554,1.0554,2.3091,1.3091,26.8464,2.0739,26.3699,2.0548,100.0,0.0,0.0,0.0,25.375,0.0,26.5,0.0,26.5,0.0,25.375,10.0,0.0,0.0099,52.7861,5.2786,2.0,7.2125,1.3432,-0.0426,1.359,0.0197,1.3658,1.004e-05,1.001,0.0152,2.2812,8.0,0.0699,1.0019,0.0541,1.9552,0.0066,1.0404,0.0768,2.1074,0.0,0.0,0.0,-0.161,26.0,25.0,38.0,37.0,14.0,0.0,0.0,0.0,0.0,41.1382,0.0,0.0117,0.0,0.0
21814.0,1.7393,0.0924,1.0,0.0798,1.2018,2.0557,1.0557,2.309,1.309,26.7481,2.0699,26.3626,2.0545,100.0,0.0,0.0,0.0,25.25,0.0,26.375,0.0,26.5,0.0,25.375,10.0,0.0,0.0104,52.7856,5.2785,2.0,7.3229,1.3459,0.0225,1.3661,0.0194,1.3657,1.004e-05,1.001,0.0152,2.2807,8.0,0.0679,1.0018,0.0492,1.9134,0.0066,1.0445,0.0752,2.0981,0.0,0.0,0.0,-0.1608,26.0,25.0,38.0,38.0,14.0,0.0,0.0,0.0,0.0,41.1379,0.0,0.0115,0.0,0.0
21815.0,1.7381,0.0923,1.0,0.0798,1.2016,2.0558,1.0558,2.3089,1.3089,26.6231,2.0649,26.3627,2.0545,100.0,0.0,0.0,0.0,25.375,0.0,26.625,0.0,26.5,0.0,25.5,10.0,0.0,0.0108,52.7848,5.2785,2.0,7.2707,1.3446,-0.0301,1.3604,0.0188,1.3657,1.004e-05,1.0009,0.0152,2.2801,8.0,0.0652,1.0017,0.0443,1.8686,0.0057,0.9751,0.078,2.1141,0.0,0.0,0.0,-0.161,26.0,25.0,38.0,38.0,15.0,0.0,0.0,0.0,0.0,41.1383,0.0,0.0118,0.0,0.0
21816.0,1.7363,0.092,1.0,0.0796,1.2012,2.0556,1.0556,2.3087,1.3087,26.623,2.0649,26.3791,2.0552,100.0,0.0,0.0,0.0,25.375,0.0,26.5,0.0,26.5,0.0,25.5,10.0,0.0,0.0105,52.7838,5.2783,2.0,7.1747,1.3423,-0.0638,1.3567,0.0188,1.3657,1.004e-05,1.001,0.0152,2.2792,8.0,0.0667,1.0018,0.0418,1.8429,0.0062,1.0149,0.0796,2.123,0.0,0.0,0.0,-0.1606,26.0,25.0,38.0,38.0,12.0,0.0,0.0,0.0,0.0,41.1384,0.0,0.012,0.0,0.0
21817.0,1.7353,0.0919,1.0,0.0799,1.202,2.0552,1.0552,2.3086,1.3086,26.7692,2.0708,26.3932,2.0557,100.0,0.0,0.0,0.0,25.25,0.0,26.5,0.0,26.5,0.0,25.375,10.0,0.0,0.0101,52.7832,5.2783,2.0,7.1334,1.3413,-0.0568,1.3574,0.019,1.3657,1.004e-05,1.001,0.0152,2.2788,8.0,0.0662,1.0018,0.0434,1.859,0.0063,1.0204,0.0753,2.0988,0.0,0.0,0.0,-0.1607,26.0,25.0,38.0,38.0,15.0,0.0,0.0,0.0,0.0,41.1376,0.0,0.0119,0.0,0.0
21818.0,1.7352,0.0919,1.0,0.0796,1.2012,2.0554,1.0554,2.309,1.309,26.8472,2.0739,26.3776,2.0551,100.0,0.0,0.0,0.0,25.375,0.0,26.5,0.0,26.5,0.0,25.375,10.0,0.0,0.0102,52.7823,5.2782,2.0,7.2809,1.3449,-0.0114,1.3624,0.0193,1.3657,1.004e-05,1.001,0.0152,2.2785,8.0,0.0672,1.0018,0.1089,2.2588,0.0057,0.9791,0.0736,2.0888,0.0,0.0,0.0,-0.161,26.0,25.0,38.0,37.0,12.0,0.0,0.0,0.0,0.0,41.1385,0.0,0.0117,0.0,0.0
21819.0,1.7363,0.092,1.0,0.0798,1.2018,2.0561,1.0561,2.3089,1.3089,26.7854,2.0714,26.3695,2.0548,100.0,0.0,0.0,0.0,25.375,0.0,26.375,0.0,26.375,0.0,25.375,10.0,0.0,0.0108,52.7818,5.2781,2.0,7.1926,1.3428,-0.058,1.3573,0.0202,1.3658,1.005e-05,1.0011,0.0152,2.2778,8.0,0.0703,1.0019,0.0879,2.1659,0.0061,1.0066,0.0807,2.1287,0.0,0.0,0.0,-0.1613,26.0,25.0,38.0,37.0,13.0,0.0,0.0,0.0,0.0,41.1379,0.0,0.0119,0.0,0.0
21820.0,1.7363,0.092,1.0,0.0799,1.2019,2.0558,1.0558,2.3089,1.3089,26.6648,2.0666,26.3645,2.0546,100.0,0.0,0.0,0.0,25.375,0.0,26.375,0.0,26.5,0.0,25.375,10.0,0.0,0.0098,52.7809,5.2781,2.0,7.1093,1.3407,-0.0668,1.3564,0.02,1.3658,1.005e-05,1.0011,0.0151,2.2772,8.0,0.0708,1.0019,0.1039,2.2386,0.0063,1.0201,0.0725,2.0821,0.0,0.0,0.0,-0.1606,26.0,25.0,38.0,37.0,13.0,0.0,0.0,0.0,0.0,41.1376,0.0,0.0119,0.0,0.0
21821.0,1.7382,0.0923,1.0,0.08,1.2021,2.0557,1.0557,2.3088,1.3088,26.6085,2.0643,26.3772,2.0551,100.0,0.0,0.0,0.0,25.375,0.0,26.5,0.0,26.625,0.0,25.5,10.0,0.0,0.0104,52.7803,5.278,2.0,7.0434,1.3391,-0.0903,1.3538,0.0214,1.366,1.005e-05,1.0012,0.0151,2.2767,8.0,0.0744,1.002,0.0927,2.1889,0.0053,0.9429,0.0639,2.027,0.0,0.0,0.0,-0.1608,26.0,25.0,38.0,37.0,13.0,0.0,0.0,0.0,0.0,41.1377,0.0,0.0118,0.0,0.0
21822.0,1.7383,0.0923,1.0,0.08,1.2022,2.0556,1.0556,2.3082,1.3082,26.7245,2.069,26.3969,2.0559,100.0,0.0,0.0,0.0,25.25,0.0,26.375,0.0,26.5,0.0,25.5,10.0,0.0,0.0098,52.7799,5.278,2.0,7.094,1.3404,-0.0554,1.3576,0.0198,1.3658,1.005e-05,1.0011,0.0151,2.2762,8.0,0.0733,1.002,0.1007,2.2251,0.006,1.0007,0.0627,2.019,0.0,0.0,0.0,-0.1608,26.0,25.0,38.0,37.0,15.0,0.0,0.0,0.0,0.0,41.1381,0.0,0.0117,0.0,0.0
21823.0,1.7384,0.0923,1.0,0.0799,1.2021,2.0554,1.0554,2.3089,1.3089,26.8513,2.0741,26.3806,2.0552,100.0,0.0,0.0,0.0,25.375,0.0,26.5,0.0,26.5,0.0,25.375,10.0,0.0,0.0101,52.779,5.2779,2.0,7.1783,1.3424,-0.048,1.3584,0.0192,1.3657,1.004e-05,1.001,0.0151,2.2753,8.0,0.0695,1.0019,0.1391,2.3652,0.0062,1.0165,0.0623,2.0163,0.0,0.0,0.0,-0.1609,26.0,25.0,38.0,38.0,13.0,0.0,0.0,0.0,0.0,41.1382,0.0,0.0115,0.0,0.0
21824.0,1.7348,0.0919,1.0,0.0797,1.2015,2.0558,1.0558,2.309,1.309,26.7848,2.0714,26.3678,2.0547,100.0,0.0,0.0,0.0,25.25,0.0,26.5,0.0,26.5,0.0,25.5,10.0,0.0,0.0103,52.7781,5.2778,2.0,7.074,1.3399,-0.0646,1.3566,0.0187,1.3657,1.004e-05,1.001,0.0151,2.2747,8.0,0.067,1.0018,0.1447,2.3823,0.0058,0.9844,0.0559,1.9693,0.0,0.0,0.0,-0.1606,26.0,25.0,38.0,38.0,15.0,0.0,0.0,0.0,0.0,41.1383,0.0,0.0115,0.0,0.0
21825.0,1.7362,0.092,1.0,0.0797,1.2015,2.0563,1.0563,2.309,1.309,26.6657,2.0666,26.3654,2.0546,100.0,0.0,0.0,0.0,25.375,0.0,26.375,0.0,26.625,0.0,25.5,10.0,0.0,0.0099,52.7773,5.2777,2.0,7.1311,1.3413,0.0248,1.3663,0.0186,1.3657,1.004e-05,1.001,0.0151,2.2741,8.0,0.0652,1.0017,0.1315,2.3409,0.006,1.0004,0.0568,1.9766,0.0,0.0,0.0,-0.1609,26.0,25.0,38.0,38.0,14.0,0.0,0.0,0.0,0.0,41.1387,0.0,0.0119,0.0,0.0
21826.0,1.7396,0.0924,1.0,0.08,1.2022,2.0559,1.0559,2.3084,1.3084,26.5927,2.0637,26.3697,2.0548,100.0,0.0,0.0,0.0,25.25,0.0,26.375,0.0,26.5,0.0,25.5,10.0,0.0,0.0099,52.7768,5.2776,2.0,7.3916,1.3475,0.1246,1.3772,0.0188,1.3657,1.004e-05,1.001,0.0151,2.2736,8.0,0.0664,1.0018,0.1298,2.3352,0.0058,0.9874,0.0501,1.9219,0.0,0.0,0.0,-0.1607,26.0,25.0,38.0,38.0,14.0,0.0,0.0,0.0,0.0,41.1382,0.0,0.0117,0.0,0.0
21827.0,1.7404,0.0926,1.0,0.0798,1.2017,2.0555,1.0555,2.3083,1.3083,26.7241,2.069,26.3887,2.0555,100.0,0.0,0.0,0.0,25.25,0.0,26.5,0.0,26.5,0.0,25.375,10.0,0.0,0.0101,52.7759,5.2776,2.0,7.4771,1.3495,0.1105,1.3757,0.0191,1.3657,1.004e-05,1.001,0.0151,2.273,8.0,0.0681,1.0018,0.1254,2.3202,0.0061,1.0095,0.0481,1.9039,0.0,0.0,0.0,-0.1603,26.0,25.0,38.0,38.0,13.0,0.0,0.0,0.0,0.0,41.1382,0.0,0.0115,0.0,0.0
21828.0,1.7404,0.0926,1.0,0.0799,1.202,2.0555,1.0555,2.3089,1.3089,26.8435,2.0737,26.3882,2.0555,100.0,0.0,0.0,0.0,25.375,0.0,26.375,0.0,26.5,0.0,25.375,10.0,0.0,0.0102,52.7754,5.2775,2.0,7.3621,1.3468,0.0719,1.3715,0.0202,1.3658,1.005e-05,1.0011,0.0151,2.2726,8.0,0.0708,1.0019,0.1204,2.3024,0.0057,0.9752,0.0618,2.013,0.0,0.0,0.0,-0.1605,26.0,25.0,38.0,38.0,15.0,0.0,0.0,0.0,0.0,41.1377,0.0,0.0116,0.0,0.0
21829.0,1.7423,0.0928,1.0,0.0799,1.2019,2.056,1.056,2.3091,1.3091,26.8134,2.0725,26.3695,2.0548,100.0,0.0,0.0,0.0,25.25,0.0,26.5,0.0,26.5,0.0,25.5,10.0,0.0,0.0105,52.7744,5.2774,2.0,7.4421,1.3487,0.1294,1.3778,0.0202,1.3658,1.005e-05,1.0011,0.0151,2.2718,8.0,0.0715,1.0019,0.102,2.2305,0.006,1.0007,0.0663,2.0433,0.0,0.0,0.0,-0.1605,26.0,25.0,38.0,38.0,13.0,0.0,0.0,0.0,0.0,41.1383,0.0,0.0113,0.0,0.0
21830.0,1.7418,0.0927,1.0,0.0798,1.2017,2.0558,1.0558,2.309,1.309,26.7071,2.0683,26.3643,2.0546,100.0,0.0,0.0,0.0,25.375,0.0,26.5,0.0,26.5,0.0,25.5,10.0,0.0,0.0104,52.7739,5.2773,2.0,7.4903,1.3498,0.1905,1.3844,0.0199,1.3658,1.005e-05,1.0011,0.0151,2.2713,8.0,0.0712,1.0019,0.0956,2.2023,0.0063,1.0207,0.0595,1.9962,0.0,0.0,0.0,-0.1611,26.0,25.0,38.0,38.0,16.0,0.0,0.0,0.0,0.0,41.1376,0.0,0.0118,0.0,0.0
21831.0,1.7403,0.0925,1.0,0.0798,1.2018,2.0558,1.0558,2.3088,1.3088,26.5897,2.0636,26.3589,2.0544,100.0,0.0,0.0,0.0,25.375,0.0,26.5,0.0,26.5,0.0,25.5,10.0,0.0,0.0102,52.7725,5.2772,2.0,7.6606,1.3537,0.2577,1.3917,0.02,1.3658,1.005e-05,1.0011,0.0151,2.2705,8.0,0.0736,1.002,0.1165,2.288,0.0056,0.9683,0.0528,1.9446,0.0,0.0,0.0,-0.1605,26.0,25.0,38.0,38.0,13.0,0.0,0.0,0.0,0.0,41.1374,0.0,0.0122,0.0,0.0
21832.0,1.7414,0.0927,1.0,0.0799,1.202,2.0553,1.0553,2.3086,1.3086,26.7038,2.0682,26.3844,2.0554,100.0,0.0,0.0,0.0,25.375,0.0,26.625,0.0,26.5,0.0,25.5,10.0,0.0,0.0097,52.7723,5.2772,2.0,7.7121,1.3549,0.2083,1.3864,0.0195,1.3658,1.005e-05,1.0011,0.0151,2.2699,8.0,0.0725,1.0019,0.0919,2.1852,0.0068,1.0573,0.0541,1.9552,0.0,0.0,0.0,-0.1606,26.0,25.0,38.0,38.0,15.0,0.0,0.0,0.0,0.0,41.1379,0.0,0.0117,0.0,0.0
21833.0,1.7401,0.0925,1.0,0.0799,1.2021,2.0551,1.0551,2.3088,1.3088,26.8209,2.0728,26.3869,2.0555,100.0,0.0,0.0,0.0,25.375,0.0,26.375,0.0,26.5,0.0,25.375,10.0,0.0,0.0102,52.7718,5.2772,2.0,7.5944,1.3522,0.1622,1.3813,0.0198,1.3658,1.004e-05,1.001,0.0151,2.2698,8.0,0.0713,1.0019,0.0992,2.2185,0.0054,0.9524,0.0598,1.9985,0.0,0.0,0.0,-0.1608,26.0,25.0,38.0,38.0,15.0,0.0,0.0,0.0,0.0,41.1377,0.0,0.0121,0.0,0.0
21834.0,1.7391,0.0924,1.0,0.0799,1.202,2.0556,1.0556,2.3087,1.3087,26.8236,2.0729,26.3718,2.0549,100.0,0.0,0.0,0.0,25.375,0.0,26.375,0.0,26.5,0.0,25.5,10.0,0.0,0.0102,52.7714,5.2771,2.0,7.6371,1.3532,0.1622,1.3813,0.0196,1.3658,1.004e-05,1.0009,0.0151,2.2692,8.0,0.0689,1.0018,0.0862,2.1576,0.0062,1.016,0.0555,1.966,0.0,0.0,0.0,-0.1611,26.0,25.0,38.0,38.0,14.0,0.0,0.0,0.0,0.0,41.1376,0.0,0.0118,0.0,0.0
21835.0,1.7394,0.0924,1.0,0.0797,1.2015,2.0562,1.0562,2.3087,1.3087,26.72,2.0688,26.3657,2.0546,100.0,0.0,0.0,0.0,25.375,0.0,26.5,0.0,26.5,0.0,25.375,10.0,0.0,0.01,52.7702,5.277,2.0,7.547,1.3511,0.1297,1.3778,0.019,1.3657,1.004e-05,1.0009,0.015,2.2682,8.0,0.0664,1.0018,0.0936,2.1931,0.0059,0.9936,0.062,2.0143,0.0,0.0,0.0,-0.161,26.0,25.0,38.0,38.0,13.0,0.0,0.0,0.0,0.0,41.1378,0.0,0.0118,0.0,0.0
21836.0,1.739,0.0924,1.0,0.0799,1.2019,2.0561,1.0561,2.3088,1.3088,26.5945,2.0638,26.3644,2.0546,100.0,0.0,0.0,0.0,25.375,0.0,26.5,0.0,26.5,0.0,25.375,10.0,0.0,0.0098,52.7695,5.2769,2.0,7.477,1.3495,0.0726,1.3716,0.0195,1.3658,1.004e-05,1.001,0.015,2.2676,8.0,0.0681,1.0018,0.0826,2.1388,0.0054,0.9544,0.0554,1.9656,0.0,0.0,0.0,-0.161,26.0,25.0,38.0,38.0,13.0,0.0,0.0,0.0,0.0,41.1379,0.0,0.0116,0.0,0.0
21837.0,1.737,0.0921,1.0,0.0799,1.202,2.0557,1.0557,2.3083,1.3083,26.6662,2.0666,26.3923,2.0557,100.0,0.0,0.0,0.0,25.125,0.0,26.375,0.0,26.5,0.0,25.25,10.0,0.0,0.0099,52.7688,5.2769,2.0,7.2697,1.3446,-0.0606,1.357,0.0188,1.3657,1.004e-05,1.001,0.015,2.2671,8.0,0.0675,1.0018,0.0844,2.1484,0.0063,1.02,0.0532,1.9481,0.0,0.0,0.0,-0.161,26.0,25.0,38.0,38.0,13.0,0.0,0.0,0.0,0.0,41.1377,0.0,0.0121,0.0,0.0
21838.0,1.7341,0.0918,1.0,0.0799,1.202,2.0553,1.0553,2.3087,1.3087,26.8281,2.0731,26.3912,2.0556,100.0,0.0,0.0,0.0,25.375,0.0,26.375,0.0,26.375,0.0,25.5,10.0,0.0,0.01,52.7682,5.2768,2.0,7.1172,1.3409,-0.1209,1.3505,0.019,1.3657,1.004e-05,1.001,0.015,2.2665,8.0,0.0661,1.0018,0.0786,2.1173,0.0062,1.0117,0.0536,1.9507,0.0,0.0,0.0,-0.1611,26.0,25.0,38.0,38.0,14.0,0.0,0.0,0.0,0.0,41.138,0.0,0.0118,0.0,0.0
21839.0,1.7332,0.0916,1.0,0.0798,1.2016,2.0557,1.0557,2.3092,1.3092,26.8311,2.0732,26.3661,2.0546,100.0,0.0,0.0,0.0,25.375,0.0,26.5,0.0,26.5,0.0,25.5,10.0,0.0,0.0095,52.7677,5.2767,2.0,7.1417,1.3415,-0.1047,1.3522,0.0196,1.3658,1.004e-05,1.001,0.015,2.2662,8.0,0.0661,1.0018,0.0694,2.0629,0.0058,0.9878,0.0527,1.9436,0.0,0.0,0.0,-0.1607,26.0,25.0,38.0,38.0,16.0,0.0,0.0,0.0,0.0,41.1379,0.0,0.0117,0.0,0.0
21840.0,1.7321,0.0915,1.0,0.0798,1.2018,2.056,1.056,2.309,1.309,26.7463,2.0699,26.3655,2.0546,100.0,0.0,0.0,0.0,25.375,0.0,26.5,0.0,26.5,0.0,25.5,10.0,0.0,0.0107,52.767,5.2767,2.0,7.0834,1.3401,-0.0944,1.3533,0.02,1.3658,1.005e-05,1.0011,0.015,2.2656,8.0,0.0685,1.0018,0.071,2.0729,0.0067,1.0482,0.0516,1.9348,0.0,0.0,0.0,-0.1606,26.0,25.0,38.0,38.0,13.0,0.0,0.0,0.0,0.0,41.1381,64.0,0.0746,0.0,0.0
21841.0,1.7319,0.0915,1.0,0.0798,1.2017,2.0562,1.0562,2.3085,1.3085,26.6271,2.0651,26.3625,2.0545,100.0,0.0,0.0,0.0,25.375,0.0,26.5,0.0,26.5,0.0,25.375,10.0,0.0,0.0105,52.7661,5.2766,2.0,7.1784,1.3424,-0.0533,1.3578,0.0204,1.3659,1.005e-05,1.0011,0.015,2.2651,8.0,0.0696,1.0019,0.1308,2.3384,0.0059,0.995,0.0518,1.9365,0.0,0.0,0.0,-0.1606,26.0,25.0,38.0,38.0,14.0,0.0,0.0,0.0,0.0,41.1381,64.0,0.2589,0.0,0.0
21842.0,1.7331,0.0916,1.0,0.0799,1.2019,2.0556,1.0556,2.3085,1.3085,26.6213,2.0649,26.376,2.055,100.0,0.0,0.0,0.0,25.375,0.0,26.5,0.0,26.5,0.0,25.375,10.0,0.0,0.0106,52.7652,5.2765,2.0,7.1381,1.3414,-0.082,1.3547,0.0211,1.3659,1.005e-05,1.0012,0.015,2.2648,8.0,0.0727,1.0019,0.1199,2.3005,0.0062,1.0115,0.0506,1.9257,0.0,0.0,0.0,-0.1605,26.0,25.0,38.0,38.0,14.0,0.0,0.0,0.0,0.0,41.1379,64.0,0.4518,0.0,0.0
21843.0,1.7347,0.0918,1.0,0.0801,1.2025,2.0548,1.0548,2.3087,1.3087,26.7738,2.071,26.3814,2.0553,100.0,0.0,0.0,0.0,25.25,0.0,26.375,0.0,26.5,0.0,25.5,10.0,0.0,0.0098,52.7651,5.2765,2.0,7.1317,1.3413,-0.1343,1.349,0.0216,1.366,1.005e-05,1.0012,0.015,2.2641,8.0,0.077,1.0021,0.1332,2.3463,0.006,1.0023,0.0426,1.8512,0.0,0.0,0.0,-0.1604,26.0,25.0,38.0,37.0,12.0,0.0,0.0,0.0,0.0,41.138,64.0,0.5969,0.0,0.0
21844.0,1.7352,0.0919,1.0,0.0801,1.2024,2.0556,1.0556,2.3092,1.3092,26.8315,2.0733,26.3704,2.0548,100.0,0.0,0.0,0.0,25.25,0.0,26.625,0.0,26.5,0.0,25.5,10.0,0.0,0.01,52.7641,5.2764,2.0,7.0712,1.3398,-0.1044,1.3522,0.0212,1.366,1.005e-05,1.0012,0.015,2.2634,8.0,0.0729,1.0019,0.1046,2.2414,0.006,0.9972,0.0501,1.9214,0.0,0.0,0.0,-0.1611,26.0,25.0,38.0,37.0,14.0,0.0,0.0,0.0,0.0,41.1376,64.0,0.7904,0.0,0.0
21845.0,1.7362,0.092,1.0,0.0801,1.2024,2.0559,1.0559,2.3089,1.3089,26.7518,2.0701,26.3659,2.0546,100.0,0.0,0.0,0.0,25.375,0.0,26.5,0.0,26.5,0.0,25.375,10.0,0.0,0.0101,52.7634,5.2763,2.0,7.1237,1.3411,-0.0713,1.3559,0.0215,1.366,1.005e-05,1.0012,0.015,2.2629,8.0,0.0741,1.002,0.1065,2.2491,0.0067,1.0489,0.0504,1.9243,0.0,0.0,0.0,-0.1611,26.0,25.0,38.0,37.0,14.0,0.0,0.0,0.0,0.0,41.1374,64.0,0.971,0.0,0.0
21846.0,1.7362,0.092,1.0,0.0798,1.2016,2.0559,1.0559,2.3087,1.3087,26.6345,2.0654,26.3644,2.0546,100.0,0.0,0.0,0.0,25.25,0.0,26.5,0.0,26.5,0.0,25.5,10.0,0.0,0.0096,52.7624,5.2762,2.0,7.1114,1.3408,-0.0804,1.3549,0.0212,1.3659,1.005e-05,1.0012,0.015,2.2623,8.0,0.076,1.002,0.1069,2.2509,0.0064,1.03,0.0545,1.958,0.0,0.0,0.0,-0.1609,26.0,25.0,38.0,37.0,13.0,0.0,0.0,0.0,0.0,41.1379,64.0,1.152,0.0,0.0
21847.0,1.7353,0.0919,1.0,0.0801,1.2027,2.0557,1.0557,2.3083,1.3083,26.605,2.0642,26.3768,2.0551,100.0,0.0,0.0,0.0,25.375,0.0,26.5,0.0,26.5,0.0,25.375,10.0,0.0,0.0102,52.7619,5.2761,2.0,7.0775,1.34,-0.1009,1.3526,0.0215,1.366,1.005e-05,1.0012,0.015,2.2619,8.0,0.0745,1.002,0.0868,2.1606,0.0056,0.973,0.0498,1.9192,0.0,0.0,0.0,-0.1606,26.0,25.0,38.0,38.0,14.0,0.0,0.0,0.0,0.0,41.1376,64.0,1.3837,0.0,0.0
21848.0,1.7352,0.0919,1.0,0.08,1.2022,2.0552,1.0552,2.3085,1.3085,26.7809,2.0712,26.3924,2.0557,100.0,0.0,0.0,0.0,25.375,0.0,26.5,0.0,26.625,0.0,25.5,10.0,0.0,0.0095,52.7611,5.2761,2.0,7.0323,1.3388,-0.0834,1.3545,0.0211,1.3659,1.005e-05,1.0012,0.015,2.261,8.0,0.0768,1.002,0.0995,2.2199,0.0065,1.0336,0.0635,2.0247,0.0,0.0,0.0,-0.1609,26.0,25.0,38.0,38.0,12.0,0.0,0.0,0.0,0.0,41.1382,64.0,1.544,0.0,0.0
21849.0,1.7363,0.092,1.0,0.08,1.2023,2.0554,1.0554,2.3091,1.3091,26.8428,2.0737,26.3766,2.0551,100.0,0.0,0.0,0.0,25.375,0.0,26.5,0.0,26.5,0.0,25.5,10.0,0.0,0.011,52.7905,5.2767,2.0,7.0885,1.3402,-0.0998,1.3527,0.0212,1.3659,1.005e-05,1.0012,0.0149,2.2604,8.0,0.0758,1.002,0.0937,2.1938,0.0063,1.0224,0.0608,2.0056,0.0,0.0,0.0,-0.1604,26.0,25.0,38.0,38.0,15.0,0.0,0.0,0.0,0.0,41.1378,64.0,1.714,0.0,0.0
21850.0,1.7363,0.092,1.0,0.08,1.2023,2.0558,1.0558,2.309,1.309,26.7673,2.0707,26.3681,2.0547,100.0,0.0,0.0,0.0,25.25,0.0,26.375,0.0,26.375,0.0,25.375,10.0,0.0,0.0104,52.7627,5.2758,2.0,7.032,1.3388,-0.0755,1.3554,0.0206,1.3659,1.005e-05,1.0012,0.0149,2.2599,8.0,0.0785,1.0021,0.0827,2.1395,0.006,0.9964,0.0541,1.9549,0.0,0.0,0.0,-0.1604,26.0,25.0,38.0,38.0,16.0,0.0,0.0,0.0,0.0,41.138,64.0,1.9091,0.0,0.0
21851.0,1.7362,0.092,1.0,0.0799,1.202,2.0555,1.0555,2.3089,1.3089,26.6716,2.0669,26.3541,2.0542,100.0,0.0,0.0,0.0,25.375,0.0,26.5,0.0,26.5,0.0,25.375,10.0,0.0,0.0103,52.7573,5.2755,2.0,7.0132,1.3384,-0.1271,1.3498,0.0207,1.3659,1.005e-05,1.0012,0.0149,2.2596,8.0,0.0749,1.002,0.0741,2.0916,0.0061,1.0048,0.0573,1.9799,0.0,0.0,0.0,-0.1609,26.0,25.0,38.0,38.0,13.0,0.0,0.0,0.0,0.0,41.1379,64.0,2.1212,0.0,0.0
21852.0,1.7345,0.0918,1.0,0.08,1.2021,2.0558,1.0558,2.3088,1.3088,26.6015,2.0641,26.3671,2.0547,100.0,0.0,0.0,0.0,25.375,0.0,26.5,0.0,26.5,0.0,25.5,10.0,0.0,0.0103,52.7568,5.2758,2.0,6.9498,1.3368,-0.1589,1.3463,0.0206,1.3659,1.005e-05,1.0011,0.0149,2.2589,8.0,0.0766,1.002,0.0749,2.0961,0.0059,0.9915,0.053,1.946,0.0,0.0,0.0,-0.161,26.0,25.0,38.0,38.0,14.0,0.0,0.0,0.0,0.0,41.1385,64.0,2.2931,0.0,0.0
21853.0,1.7348,0.0919,1.0,0.0797,1.2014,2.0553,1.0553,2.3082,1.3082,26.7172,2.0687,26.3869,2.0555,100.0,0.0,0.0,0.0,25.25,0.0,26.5,0.0,26.5,0.0,25.5,10.0,0.0,0.0104,52.7563,5.2758,2.0,6.8194,1.3335,-0.2008,1.3417,0.0195,1.3658,1.005e-05,1.0011,0.0149,2.2582,8.0,0.0738,1.002,0.0764,2.1052,0.0067,1.0508,0.0516,1.9343,0.0,0.0,0.0,-0.1608,26.0,25.0,38.0,38.0,13.0,0.0,0.0,0.0,0.0,41.138,64.0,2.4407,0.0,0.0
21854.0,1.7362,0.092,1.0,0.0798,1.2016,2.0552,1.0552,2.3086,1.3086,26.8416,2.0737,26.3798,2.0552,100.0,0.0,0.0,0.0,25.375,0.0,26.625,0.0,26.5,0.0,25.375,10.0,0.0,0.0107,52.7559,5.2754,2.0,6.8035,1.3331,-0.1942,1.3425,0.0192,1.3657,1.004e-05,1.0009,0.0149,2.2574,8.0,0.0653,1.0017,0.0568,1.9759,0.0062,1.0176,0.0552,1.9638,0.0,0.0,0.0,-0.1607,26.0,25.0,38.0,38.0,14.0,0.0,0.0,0.0,0.0,41.1378,64.0,2.6193,0.0,0.0
21855.0,1.7362,0.092,1.0,0.0798,1.2018,2.0557,1.0557,2.3086,1.3086,26.7759,2.071,26.3673,2.0547,100.0,0.0,0.0,0.0,25.375,0.0,26.375,0.0,26.625,0.0,25.5,10.0,0.0,0.0103,52.7567,5.2753,2.0,6.8271,1.3337,-0.1912,1.3428,0.0186,1.3657,1.004e-05,1.0009,0.0149,2.2568,8.0,0.0651,1.0017,0.0627,2.0191,0.0057,0.9809,0.0589,1.9916,0.0,0.0,0.0,-0.1606,26.0,25.0,38.0,38.0,14.0,0.0,0.0,0.0,0.0,41.138,64.0,2.804,0.0,0.0
21856.0,1.7356,0.0919,1.0,0.0798,1.2017,2.0563,1.0563,2.3086,1.3086,26.6702,2.0668,26.3642,2.0546,100.0,0.0,0.0,0.0,25.375,0.0,26.625,0.0,26.5,0.0,25.5,10.0,0.0,0.0101,52.757,5.2758,2.0,6.7742,1.3323,-0.2189,1.3398,0.019,1.3657,1.004e-05,1.001,0.0149,2.2561,8.0,0.0646,1.0017,0.0619,2.0133,0.0058,0.9884,0.0547,1.9599,0.0,0.0,0.0,-0.1607,26.0,25.0,38.0,38.0,15.0,0.0,0.0,0.0,0.0,41.1379,64.0,2.9805,0.0,0.0
21857.0,1.7354,0.0919,1.0,0.0798,1.2017,2.0562,1.0562,2.3084,1.3084,26.5897,2.0636,26.368,2.0547,100.0,0.0,0.0,0.0,25.375,0.0,26.5,0.0,26.5,0.0,25.375,10.0,0.0,0.0098,52.7541,5.2755,2.0,6.6445,1.329,-0.2799,1.3331,0.019,1.3657,1.004e-05,1.001,0.0149,2.2557,8.0,0.0664,1.0018,0.0582,1.9867,0.0062,1.0173,0.0507,1.9269,0.0,0.0,0.0,-0.1604,26.0,25.0,38.0,38.0,13.0,0.0,0.0,0.0,0.0,41.1379,64.0,3.1709,0.0,0.0
21858.0,1.7363,0.092,1.0,0.0798,1.2017,2.0558,1.0558,2.3083,1.3083,26.706,2.0682,26.3882,2.0555,100.0,0.0,0.0,0.0,25.25,0.0,26.5,0.0,26.5,0.0,25.5,10.0,0.0,0.0109,52.7539,5.2751,2.0,6.642,1.3289,-0.2294,1.3386,0.019,1.3657,1.004e-05,1.001,0.0149,2.255,8.0,0.067,1.0018,0.0546,1.9589,0.0066,1.0404,0.0525,1.942,0.0,0.0,0.0,-0.1608,26.0,25.0,38.0,38.0,14.0,0.0,0.0,0.0,0.0,41.138,64.0,3.3735,0.0,0.0
21859.0,1.7362,0.092,1.0,0.0798,1.2017,2.0557,1.0557,2.3087,1.3087,26.8478,2.0739,26.3896,2.0556,100.0,0.0,0.0,0.0,25.375,0.0,26.5,0.0,26.5,0.0,25.375,10.0,0.0,0.0112,52.7546,5.2751,2.0,6.6866,1.3301,-0.2569,1.3356,0.0193,1.3657,1.004e-05,1.0009,0.0149,2.2542,8.0,0.067,1.0018,0.0524,1.9412,0.0054,0.9513,0.0603,2.002,0.0,0.0,0.0,-0.1607,26.0,25.0,38.0,38.0,13.0,0.0,0.0,0.0,0.0,41.1385,64.0,3.5642,0.0,0.0
21860.0,1.7365,0.0921,1.0,0.0798,1.2018,2.0561,1.0561,2.3087,1.3087,26.7995,2.072,26.3708,2.0548,100.0,0.0,0.0,0.0,25.375,0.0,26.5,0.0,26.5,0.0,25.5,10.0,0.0,0.01,52.7545,5.2756,2.0,6.5879,1.3275,-0.3044,1.3304,0.0188,1.3657,1.004e-05,1.001,0.0149,2.2536,8.0,0.0666,1.0018,0.0564,1.9732,0.0069,1.0591,0.0663,2.0431,0.0,0.0,0.0,-0.1608,26.0,25.0,38.0,38.0,11.0,0.0,0.0,0.0,0.0,41.1381,64.0,3.7366,0.0,0.0
21861.0,1.7384,0.0923,1.0,0.0797,1.2015,2.0563,1.0563,2.3086,1.3086,26.7142,2.0686,26.3665,2.0547,100.0,0.0,0.0,0.0,25.375,0.0,26.5,0.0,26.375,0.0,25.5,10.0,0.0,0.0104,52.7516,5.2752,2.0,6.4472,1.3237,-0.3359,1.327,0.0195,1.3658,1.004e-05,1.001,0.0149,2.2533,8.0,0.0675,1.0018,0.0495,1.9163,0.0064,1.0247,0.0655,2.0381,0.0,0.0,0.0,-0.1612,26.0,25.0,38.0,38.0,13.0,0.0,0.0,0.0,0.0,41.1383,64.0,3.9519,0.0,0.0
21862.0,1.7392,0.0924,1.0,0.0799,1.202,2.0562,1.0562,2.3085,1.3085,26.5944,2.0638,26.3732,2.0549,100.0,0.0,0.0,0.0,25.375,0.0,26.5,0.0,26.5,0.0,25.5,10.0,0.0,0.0106,52.7522,5.2748,2.0,6.4072,1.3227,-0.3819,1.322,0.0193,1.3657,1.004e-05,1.001,0.0149,2.253,8.0,0.0689,1.0018,0.0494,1.9159,0.0058,0.9855,0.0598,1.9984,0.0,0.0,0.0,-0.1612,26.0,25.0,38.0,38.0,14.0,0.0,0.0,0.0,0.0,41.1382,64.0,4.1399,0.0,0.0
21863.0,1.7419,0.0927,1.0,0.0798,1.2017,2.0558,1.0558,2.3083,1.3083,26.6626,2.0665,26.3858,2.0554,100.0,0.0,0.0,0.0,25.25,0.0,26.375,0.0,26.5,0.0,25.625,10.0,0.0,0.0095,52.7534,5.2753,2.0,6.283,1.3193,-0.3963,1.3204,0.0198,1.3658,1.005e-05,1.001,0.0148,2.2522,8.0,0.0674,1.0018,0.0448,1.8729,0.0065,1.0354,0.0522,1.9395,0.0,0.0,0.0,-0.161,26.0,25.0,38.0,38.0,15.0,0.0,0.0,0.0,0.0,41.1376,64.0,4.3031,0.0,0.0
21864.0,1.7457,0.0932,1.0,0.0797,1.2015,2.0556,1.0556,2.3084,1.3084,26.8252,2.073,26.3888,2.0556,100.0,0.0,0.0,0.0,25.375,0.0,26.5,0.0,26.5,0.0,25.5,10.0,0.0,0.0105,52.7508,5.2754,2.0,6.2897,1.3195,-0.4131,1.3186,0.0199,1.3658,1.004e-05,1.001,0.0148,2.2517,8.0,0.0671,1.0018,0.0383,1.8047,0.0067,1.049,0.0554,1.965,0.0,0.0,0.0,-0.1609,26.0,25.0,38.0,38.0,13.0,0.0,0.0,0.0,0.0,41.1377,64.0,4.474,0.0,0.0
21865.0,1.744,0.093,1.0,0.0799,1.2019,2.056,1.056,2.3088,1.3088,26.8283,2.0731,26.3724,2.0549,100.0,0.0,0.0,0.0,25.375,0.0,26.5,0.0,26.5,0.0,25.5,10.0,0.0,0.0109,52.7488,5.2748,2.0,6.2994,1.3197,-0.3062,1.3302,0.019,1.3657,1.004e-05,1.001,0.0148,2.2509,8.0,0.0667,1.0018,0.0387,1.8095,0.0063,1.0213,0.0594,1.9957,0.0,0.0,0.0,-0.1605,26.0,25.0,38.0,38.0,14.0,0.0,0.0,0.0,0.0,41.138,64.0,4.6369,0.0,0.0
21866.0,1.744,0.093,1.0,0.0798,1.2018,2.0562,1.0562,2.3086,1.3086,26.7125,2.0685,26.365,2.0546,100.0,0.0,0.0,0.0,25.375,0.0,26.5,0.0,26.5,0.0,25.5,10.0,0.0,0.0102,52.7486,5.2744,2.0,6.4851,1.3248,-0.2267,1.3389,0.0195,1.3658,1.004e-05,1.001,0.0148,2.2504,8.0,0.0666,1.0018,0.0347,1.7625,0.0069,1.0602,0.0474,1.8974,0.0,0.0,0.0,-0.1607,26.0,25.0,38.0,38.0,15.0,0.0,0.0,0.0,0.0,41.1379,64.0,4.8154,0.0,0.0
21867.0,1.7527,0.0941,1.0,0.0798,1.2018,2.0562,1.0562,2.3085,1.3085,26.5924,2.0637,26.3698,2.0548,100.0,0.0,0.0,0.0,25.25,0.0,26.5,0.0,26.5,0.0,25.5,10.0,0.0,0.01,52.7502,5.275,2.0,6.4772,1.3246,-0.2161,1.3401,0.0192,1.3657,1.004e-05,1.001,0.0148,2.2499,8.0,0.0651,1.0017,0.0948,2.1984,0.0055,0.9608,0.0461,1.8856,0.0,0.0,0.0,-0.1611,26.0,25.0,38.0,38.0,15.0,0.0,0.0,0.0,0.0,41.138,64.0,5.0377,0.0,0.0
21868.0,1.7564,0.0946,1.0,0.0799,1.202,2.0559,1.0559,2.3083,1.3083,26.6381,2.0655,26.3833,2.0553,100.0,0.0,0.0,0.0,25.375,0.0,26.375,0.0,26.5,0.0,25.5,10.0,0.0,0.01,52.748,5.2751,2.0,6.5396,1.3262,-0.1771,1.3443,0.0189,1.3657,1.004e-05,1.0009,0.0148,2.249,8.0,0.0673,1.0018,0.1045,2.2408,0.0067,1.0458,0.0482,1.9051,0.0,0.0,0.0,-0.1607,26.0,25.0,38.0,38.0,13.0,0.0,0.0,0.0,0.0,41.138,64.0,5.1948,0.0,0.0
21869.0,1.7581,0.0948,1.0,0.0797,1.2013,2.0552,1.0552,2.3084,1.3084,26.8309,2.0732,26.3865,2.0555,100.0,0.0,0.0,0.0,25.25,0.0,26.375,0.0,26.5,0.0,25.375,10.0,0.0,0.0096,52.746,5.2749,2.0,6.5729,1.3271,-0.2123,1.3405,0.0189,1.3657,1.004e-05,1.001,0.0148,2.2484,8.0,0.0665,1.0018,0.1105,2.2653,0.0064,1.0284,0.0398,1.822,0.0,0.0,0.0,-0.1605,26.0,25.0,38.0,38.0,14.0,0.0,0.0,0.0,0.0,41.1375,64.0,5.3866,0.0,0.0
21870.0,1.7581,0.0948,1.0,0.0798,1.2016,2.0557,1.0557,2.3087,1.3087,26.8201,2.0728,26.3728,2.0549,100.0,0.0,0.0,0.0,25.375,0.0,26.5,0.0,26.5,0.0,25.375,10.0,0.0,0.0104,52.7457,5.2743,2.0,6.3769,1.3218,-0.2792,1.3332,0.0197,1.3658,1.004e-05,1.001,0.0148,2.2479,8.0,0.0654,1.0017,0.0757,2.1008,0.0057,0.9759,0.0438,1.863,0.0,0.0,0.0,-0.1608,26.0,25.0,38.0,38.0,13.0,0.0,0.0,0.0,0.0,41.138,64.0,5.5717,0.0,0.0
21871.0,1.7581,0.0948,1.0,0.0797,1.2016,2.0562,1.0562,2.3087,1.3087,26.7322,2.0693,26.3658,2.0546,100.0,0.0,0.0,0.0,25.375,0.0,26.5,0.0,26.5,0.0,25.375,10.0,0.0,0.0098,52.7478,5.2747,2.0,6.3427,1.3209,-0.2841,1.3326,0.0192,1.3657,1.004e-05,1.001,0.0148,2.2476,8.0,0.0653,1.0017,0.1614,2.4297,0.0064,1.0269,0.0391,1.8137,0.0,0.0,0.0,-0.1611,26.0,25.0,38.0,38.0,15.0,0.0,0.0,0.0,0.0,41.1375,64.0,5.7594,0.0,0.0
21872.0,1.7582,0.0948,1.0,0.0799,1.2021,2.0558,1.0558,2.3085,1.3085,26.6116,2.0645,26.3632,2.0545,100.0,0.0,0.0,0.0,25.375,0.0,26.5,0.0,26.5,0.0,25.5,10.0,0.0,0.0099,52.7455,5.2749,2.0,6.2976,1.3197,-0.3254,1.3281,0.0191,1.3657,1.004e-05,1.001,0.0148,2.2469,8.0,0.0655,1.0017,0.1396,2.3668,0.0058,0.9876,0.041,1.8348,0.0,0.0,0.0,-0.1609,26.0,25.0,38.0,38.0,14.0,0.0,0.0,0.0,0.0,41.1379,64.0,5.9762,0.0,0.0
21873.0,1.7563,0.0945,1.0,0.0798,1.2017,2.056,1.056,2.3083,1.3083,26.6192,2.0648,26.3821,2.0553,100.0,0.0,0.0,0.0,25.375,0.0,26.375,0.0,26.5,0.0,25.5,10.0,0.0,0.0104,52.7441,5.2742,2.0,6.1917,1.3167,-0.3267,1.328,0.0189,1.3657,1.004e-05,1.001,0.0148,2.2467,8.0,0.0663,1.0018,0.1457,2.3854,0.006,0.9983,0.0386,1.808,0.0,0.0,0.0,-0.1609,26.0,25.0,38.0,38.0,15.0,0.0,0.0,0.0,0.0,41.138,64.0,6.1653,0.0,0.0
21874.0,1.7571,0.0946,1.0,0.0797,1.2015,2.0556,1.0556,2.3082,1.3082,26.7752,2.071,26.4014,2.0561,100.0,0.0,0.0,0.0,25.375,0.0,26.5,0.0,26.5,0.0,25.375,10.0,0.0,0.0106,52.7459,5.2744,2.0,6.3233,1.3204,-0.2134,1.3404,0.0192,1.3657,1.004e-05,1.001,0.0148,2.2458,8.0,0.0657,1.0018,0.105,2.2432,0.0064,1.0301,0.0372,1.7922,0.0,0.0,0.0,-0.1606,26.0,25.0,38.0,38.0,13.0,0.0,0.0,0.0,0.0,41.1381,64.0,6.3266,0.0,0.0
21875.0,1.7611,0.0951,1.0,0.0798,1.2018,2.0559,1.0559,2.3087,1.3087,26.8264,2.0731,26.3729,2.0549,100.0,0.0,0.0,0.0,25.375,0.0,26.5,0.0,26.5,0.0,25.5,10.0,0.0,0.0102,52.7452,5.2744,2.0,6.4707,1.3244,-0.1811,1.3439,0.0202,1.3658,1.005e-05,1.0011,0.0148,2.2455,8.0,0.0675,1.0018,0.1224,2.3096,0.0055,0.9588,0.0318,1.7236,0.0,0.0,0.0,-0.1608,26.0,25.0,38.0,38.0,13.0,0.0,0.0,0.0,0.0,41.1381,64.0,6.5536,0.0,0.0
21876.0,1.7617,0.0952,1.0,0.0797,1.2015,2.0558,1.0558,2.3086,1.3086,26.7694,2.0708,26.3686,2.0547,100.0,0.0,0.0,0.0,25.375,0.0,26.5,0.0,26.5,0.0,25.375,10.0,0.0,0.0108,52.7421,5.2743,2.0,6.4557,1.324,-0.1828,1.3437,0.0197,1.3658,1.005e-05,1.0011,0.0148,2.245,8.0,0.0701,1.0019,0.1192,2.2982,0.0061,1.0094,0.0349,1.7649,0.0,0.0,0.0,-0.1609,26.0,25.0,38.0,38.0,15.0,0.0,0.0,0.0,0.0,41.138,64.0,6.7179,0.0,0.0
21877.0,1.7612,0.0952,1.0,0.0799,1.2019,2.0558,1.0558,2.3085,1.3085,26.6468,2.0659,26.3639,2.0546,100.0,0.0,0.0,0.0,25.25,0.0,26.5,0.0,26.5,0.0,25.25,10.0,0.0,0.01,52.7416,5.2739,2.0,6.4367,1.3235,-0.1222,1.3503,0.0198,1.3658,1.005e-05,1.0011,0.0148,2.2442,8.0,0.069,1.0018,0.2022,2.5276,0.0067,1.0455,0.0331,1.7414,0.0,0.0,0.0,-0.161,26.0,25.0,38.0,38.0,15.0,0.0,0.0,0.0,0.0,41.1379,64.0,6.8687,0.0,0.0
21878.0,1.7603,0.095,1.0,0.0798,1.2016,2.0561,1.0561,2.3083,1.3083,26.6031,2.0641,26.3764,2.0551,100.0,0.0,0.0,0.0,25.375,0.0,26.5,0.0,26.625,0.0,25.5,10.0,0.0,0.0096,52.743,5.2742,2.0,6.484,1.3247,-0.1441,1.3479,0.0199,1.3658,1.005e-05,1.0011,0.0147,2.2434,8.0,0.0682,1.0018,0.1837,2.4861,0.0061,1.0064,0.0292,1.6876,0.0,0.0,0.0,-0.1608,26.0,25.0,38.0,38.0,14.0,0.0,0.0,0.0,0.0,41.1376,64.0,7.0837,0.0,0.0
21879.0,1.7602,0.095,1.0,0.0798,1.2016,2.0556,1.0556,2.3083,1.3083,26.7587,2.0703,26.4008,2.056,100.0,0.0,0.0,0.0,25.25,0.0,26.625,0.0,26.5,0.0,25.5,10.0,0.0,0.0105,52.7417,5.2744,2.0,6.4574,1.324,-0.1277,1.3497,0.0192,1.3657,1.005e-05,1.001,0.0147,2.2428,8.0,0.0672,1.0018,0.1595,2.4247,0.0058,0.9832,0.0423,1.8485,0.0,0.0,0.0,-0.161,26.0,25.0,38.0,38.0,13.0,0.0,0.0,0.0,0.0,41.138,64.0,7.2563,0.0,0.0
21880.0,1.757,0.0946,1.0,0.08,1.2022,2.0558,1.0558,2.3091,1.3091,26.8458,2.0738,26.3772,2.0551,100.0,0.0,0.0,0.0,25.25,0.0,26.375,0.0,26.5,0.0,25.5,10.0,0.0,0.0102,52.7398,5.2742,2.0,6.5839,1.3274,-0.0175,1.3617,0.019,1.3657,1.004e-05,1.001,0.0147,2.2423,8.0,0.0638,1.0017,0.1877,2.4954,0.0057,0.9785,0.0396,1.8201,0.0,0.0,0.0,-0.1609,26.0,25.0,38.0,38.0,16.0,0.0,0.0,0.0,0.0,41.1377,64.0,7.4456,0.0,0.0
21881.0,1.7558,0.0945,1.0,0.08,1.2022,2.056,1.056,2.309,1.309,26.7727,2.0709,26.3667,2.0547,100.0,0.0,0.0,0.0,25.25,0.0,26.5,0.0,26.5,0.0,25.5,10.0,0.0,0.0107,52.739,5.2738,2.0,6.5677,1.327,-0.1093,1.3517,0.0191,1.3657,1.004e-05,1.001,0.0147,2.2419,8.0,0.0641,1.0017,0.2319,2.5871,0.0061,1.0084,0.0417,1.842,0.0,0.0,0.0,-0.1605,26.0,25.0,38.0,37.0,14.0,0.0,0.0,0.0,0.0,41.1374,64.0,7.6566,0.0,0.0
21882.0,1.7613,0.0952,1.0,0.0798,1.2016,2.0558,1.0558,2.3089,1.3089,26.6653,2.0666,26.3639,2.0546,100.0,0.0,0.0,0.0,25.375,0.0,26.5,0.0,26.5,0.0,25.375,10.0,0.0,0.0101,52.7403,5.274,2.0,6.3784,1.3219,-0.2001,1.3418,0.0188,1.3657,1.004e-05,1.001,0.0147,2.2412,8.0,0.064,1.0017,0.1567,2.417,0.0061,1.0065,0.0559,1.9693,0.0,0.0,0.0,-0.1608,26.0,25.0,38.0,37.0,13.0,0.0,0.0,0.0,0.0,41.1375,64.0,7.8766,0.0,0.0
21883.0,1.7656,0.0957,1.0,0.0795,1.201,2.056,1.056,2.3087,1.3087,26.6116,2.0645,26.3771,2.0551,100.0,0.0,0.0,0.0,25.375,0.0,26.5,0.0,26.375,0.0,25.375,10.0,0.0,0.0102,52.7393,5.2739,2.0,6.3329,1.3206,-0.1806,1.3439,0.0191,1.3657,1.004e-05,1.001,0.0147,2.2404,8.0,0.067,1.0018,0.196,2.5142,0.0055,0.962,0.0537,1.9519,0.0,0.0,0.0,-0.161,26.0,25.0,38.0,37.0,15.0,0.0,0.0,0.0,0.0,41.1374,64.0,8.0164,0.0,0.0
21884.0,1.7657,0.0957,1.0,0.0798,1.2017,2.0556,1.0556,2.3086,1.3086,26.7546,2.0702,26.3896,2.0556,100.0,0.0,0.0,0.0,25.375,0.0,26.5,0.0,26.5,0.0,25.5,10.0,0.0,0.0101,52.738,5.274,2.0,6.359,1.3214,-0.1543,1.3468,0.019,1.3657,1.004e-05,1.001,0.0147,2.2403,8.0,0.0661,1.0018,0.1712,2.4554,0.0057,0.9795,0.0512,1.9312,0.0,0.0,0.0,-0.1606,26.0,25.0,38.0,37.0,14.0,0.0,0.0,0.0,0.0,41.1378,64.0,8.2116,0.0,0.0
21885.0,1.7656,0.0957,1.0,0.0797,1.2014,2.0554,1.0554,2.3089,1.3089,26.8449,2.0738,26.3829,2.0553,100.0,0.0,0.0,0.0,25.375,0.0,26.375,0.0,26.5,0.0,25.5,10.0,0.0,0.0102,52.7377,5.2735,2.0,6.4112,1.3228,-0.1235,1.3502,0.0189,1.3657,1.004e-05,1.001,0.0147,2.2396,8.0,0.0655,1.0017,0.1894,2.4992,0.0058,0.9866,0.0535,1.9501,0.0,0.0,0.0,-0.1608,26.0,25.0,38.0,38.0,14.0,0.0,0.0,0.0,0.0,41.1376,64.0,8.4315,0.0,0.0
21886.0,1.7638,0.0955,1.0,0.0799,1.202,2.0557,1.0557,2.3091,1.3091,26.7899,2.0716,26.3685,2.0547,100.0,0.0,0.0,0.0,25.375,0.0,26.5,0.0,26.625,0.0,25.375,10.0,0.0,0.0095,52.7376,5.2737,2.0,6.5191,1.3257,-0.08,1.3549,0.02,1.3658,1.005e-05,1.0011,0.0147,2.2392,8.0,0.0717,1.0019,0.1326,2.3445,0.0057,0.9814,0.049,1.9123,0.0,0.0,0.0,-0.161,26.0,25.0,38.0,38.0,14.0,0.0,0.0,0.0,0.0,41.1377,64.0,8.6004,0.0,0.0
21887.0,1.7601,0.095,1.0,0.0799,1.2019,2.056,1.056,2.309,1.309,26.6952,2.0678,26.3646,2.0546,100.0,0.0,0.0,0.0,25.375,0.0,26.5,0.0,26.625,0.0,25.375,10.0,0.0,0.0095,52.7367,5.2738,2.0,6.442,1.3236,-0.1065,1.352,0.0196,1.3658,1.004e-05,1.001,0.0147,2.2392,8.0,0.0705,1.0019,0.1728,2.4594,0.0061,1.0042,0.0447,1.8724,0.0,0.0,0.0,-0.1608,26.0,25.0,38.0,38.0,12.0,0.0,0.0,0.0,0.0,41.1376,64.0,8.7809,0.0,0.0
21888.0,1.7587,0.0948,1.0,0.0798,1.2016,2.0558,1.0558,2.3088,1.3088,26.5894,2.0636,26.3664,2.0547,100.0,0.0,0.0,0.0,25.375,0.0,26.5,0.0,26.5,0.0,25.5,10.0,0.0,0.0098,52.7354,5.2735,2.0,6.4847,1.3248,-0.0529,1.3579,0.0199,1.3658,1.005e-05,1.0011,0.0147,2.2381,8.0,0.072,1.0019,0.1515,2.4023,0.0053,0.946,0.0468,1.8924,0.0,0.0,0.0,-0.1608,26.0,25.0,38.0,38.0,14.0,0.0,0.0,0.0,0.0,41.1371,64.0,8.9524,0.0,0.0
21889.0,1.7617,0.0952,1.0,0.0798,1.2017,2.0557,1.0557,2.3086,1.3086,26.7079,2.0683,26.3876,2.0555,100.0,0.0,0.0,0.0,25.375,0.0,26.5,0.0,26.5,0.0,25.375,10.0,0.0,0.01,52.7351,5.2734,2.0,6.5418,1.3263,-0.0377,1.3595,0.0202,1.3658,1.005e-05,1.0011,0.0147,2.2381,8.0,0.0675,1.0018,0.1252,2.3194,0.0057,0.9775,0.0439,1.8648,0.0,0.0,0.0,-0.1608,26.0,25.0,38.0,38.0,13.0,0.0,0.0,0.0,0.0,41.1386,64.0,9.159,0.0,0.0
21890.0,1.7641,0.0955,1.0,0.0799,1.2019,2.0556,1.0556,2.309,1.309,26.8475,2.0739,26.3805,2.0552,100.0,0.0,0.0,0.0,25.375,0.0,26.5,0.0,26.5,0.0,25.375,10.0,0.0,0.0101,52.7348,5.2734,2.0,6.4362,1.3235,-0.0826,1.3546,0.0198,1.3658,1.005e-05,1.0011,0.0147,2.2371,8.0,0.0695,1.0019,0.203,2.5293,0.0062,1.013,0.0399,1.8223,0.0,0.0,0.0,-0.161,26.0,25.0,38.0,38.0,16.0,0.0,0.0,0.0,0.0,41.138,64.0,9.2943,0.0,0.0
21891.0,1.7656,0.0957,1.0,0.0798,1.2017,2.0558,1.0558,2.3091,1.3091,26.8142,2.0726,26.3711,2.0548,100.0,0.0,0.0,0.0,25.375,0.0,26.5,0.0,26.5,0.0,25.375,10.0,0.0,0.0103,52.7339,5.2734,2.0,6.5029,1.3252,-0.0683,1.3562,0.0202,1.3658,1.004e-05,1.001,0.0147,2.2364,8.0,0.0696,1.0019,0.1896,2.4997,0.0059,0.9926,0.039,1.813,0.0,0.0,0.0,-0.1607,26.0,25.0,38.0,38.0,13.0,0.0,0.0,0.0,0.0,41.1384,64.0,9.4905,0.0,0.0
21892.0,1.7666,0.0958,1.0,0.08,1.2024,2.0558,1.0558,2.309,1.309,26.6963,2.0679,26.3655,2.0546,100.0,0.0,0.0,0.0,25.25,0.0,26.375,0.0,26.5,0.0,25.375,10.0,0.0,0.0102,52.7334,5.2733,2.0,6.4111,1.3228,-0.0736,1.3556,0.0201,1.3658,1.005e-05,1.0011,0.0147,2.2358,8.0,0.0698,1.0019,0.2188,2.5619,0.0058,0.9834,0.0355,1.7727,0.0,0.0,0.0,-0.1611,26.0,25.0,38.0,38.0,15.0,0.0,0.0,0.0,0.0,41.1383,64.0,9.6663,0.0,0.0
21893.0,1.7646,0.0956,1.0,0.08,1.2022,2.0558,1.0558,2.3089,1.3089,26.5883,2.0635,26.369,2.0548,100.0,0.0,0.0,0.0,25.375,0.0,26.375,0.0,26.5,0.0,25.5,10.0,0.0,0.0102,52.7326,5.2732,2.0,6.5524,1.3266,-0.0136,1.3622,0.0201,1.3658,1.005e-05,1.0011,0.0146,2.2349,8.0,0.0691,1.0018,0.157,2.4176,0.0058,0.9882,0.034,1.7534,0.0,0.0,0.0,-0.1609,26.0,25.0,38.0,38.0,14.0,0.0,0.0,0.0,0.0,41.1374,64.0,9.8445,0.0,0.0
21894.0,1.7599,0.095,1.0,0.0798,1.2017,2.0553,1.0553,2.309,1.309,26.6834,2.0673,26.3852,2.0554,100.0,0.0,0.0,0.0,25.375,0.0,26.5,0.0,26.625,0.0,25.5,10.0,0.0,0.0108,52.7324,5.2732,2.0,6.5365,1.3261,-0.0361,1.3597,0.0198,1.3658,1.005e-05,1.0011,0.0146,2.2344,8.0,0.0714,1.0019,0.1803,2.4778,0.0063,1.0216,0.0332,1.7428,0.0,0.0,0.0,-0.1606,26.0,25.0,38.0,38.0,15.0,0.0,0.0,0.0,0.0,41.138,64.0,10.0232,0.0,0.0
21895.0,1.7562,0.0945,1.0,0.0799,1.2021,2.0555,1.0555,2.3092,1.3092,26.8352,2.0734,26.3845,2.0554,100.0,0.0,0.0,0.0,25.375,0.0,26.5,0.0,26.5,0.0,25.5,10.0,0.0,0.0098,52.7318,5.2731,2.0,6.6052,1.328,0.0389,1.3679,0.0196,1.3658,1.004e-05,1.001,0.0146,2.2339,8.0,0.0695,1.0019,0.166,2.442,0.0051,0.9322,0.034,1.7538,0.0,0.0,0.0,-0.1606,26.0,25.0,38.0,38.0,15.0,0.0,0.0,0.0,0.0,41.1384,64.0,10.2097,0.0,0.0
21896.0,1.7571,0.0946,1.0,0.08,1.2024,2.056,1.056,2.3091,1.3091,26.8228,2.0729,26.3807,2.0552,100.0,0.0,0.0,0.0,25.375,0.0,26.375,0.0,26.5,0.0,25.375,10.0,0.0,0.0101,52.7308,5.273,2.0,6.6807,1.3299,0.1087,1.3755,0.0198,1.3658,1.004e-05,1.001,0.0146,2.2338,8.0,0.0687,1.0018,0.1506,2.3996,0.0059,0.9938,0.0324,1.733,0.0,0.0,0.0,-0.1608,26.0,25.0,38.0,38.0,13.0,0.0,0.0,0.0,0.0,41.1382,64.0,10.4102,0.0,0.0
21897.0,1.7561,0.0945,1.0,0.0803,1.2032,2.0562,1.0562,2.309,1.309,26.7098,2.0684,26.3668,2.0547,100.0,0.0,0.0,0.0,25.375,0.0,26.375,0.0,26.5,0.0,25.375,10.0,0.0,0.0098,52.7306,5.273,2.0,6.695,1.3303,0.0389,1.3679,0.0214,1.366,1.005e-05,1.0012,0.0146,2.2336,8.0,0.0771,1.0021,0.1298,2.3353,0.0061,1.0103,0.0281,1.67,0.0,0.0,0.0,-0.1607,26.0,25.0,38.0,37.0,13.0,0.0,0.0,0.0,0.0,41.1384,64.0,10.565,0.0,0.0
21898.0,1.7543,0.0943,1.0,0.0801,1.2025,2.0563,1.0563,2.3089,1.3089,26.6081,2.0643,26.3639,2.0546,100.0,0.0,0.0,0.0,25.25,0.0,26.5,0.0,26.5,0.0,25.5,10.0,0.0,0.0099,52.7303,5.273,2.0,6.5542,1.3266,-0.0249,1.3609,0.0215,1.366,1.005e-05,1.0012,0.0146,2.2331,8.0,0.0753,1.002,0.1248,2.3182,0.006,1.0,0.0263,1.6424,0.0,0.0,0.0,-0.1609,26.0,25.0,38.0,37.0,13.0,0.0,0.0,0.0,0.0,41.1385,64.0,10.7888,0.0,0.0
21899.0,1.7509,0.0939,1.0,0.0801,1.2027,2.0559,1.0559,2.3087,1.3087,26.633,2.0653,26.391,2.0556,100.0,0.0,0.0,0.0,25.375,0.0,26.375,0.0,26.5,0.0,25.375,10.0,0.0,0.0098,52.7297,5.2729,2.0,6.5508,1.3265,-0.0351,1.3598,0.0211,1.3659,1.005e-05,1.0012,0.0146,2.2321,8.0,0.0774,1.0021,0.1168,2.2892,0.0064,1.0302,0.0381,1.8025,0.0,0.0,0.0,-0.1607,26.0,25.0,38.0,37.0,14.0,0.0,0.0,0.0,0.0,41.1386,64.0,10.948,0.0,0.0
21900.0,1.7517,0.094,1.0,0.0804,1.2035,2.0556,1.0556,2.3087,1.3087,26.7996,2.072,26.3961,2.0558,100.0,0.0,0.0,0.0,25.375,0.0,26.375,0.0,26.5,0.0,25.375,10.0,0.0,0.0102,52.7288,5.2728,2.0,6.6042,1.3279,0.0344,1.3674,0.0211,1.3659,1.005e-05,1.0012,0.0146,2.232,8.0,0.0758,1.002,0.1229,2.3114,0.0055,0.9601,0.0397,1.8202,0.0,0.0,0.0,-0.1608,26.0,25.0,38.0,37.0,12.0,0.0,0.0,0.0,0.0,41.1384,64.0,11.1361,0.0,0.0
21901.0,1.7545,0.0943,1.0,0.0802,1.2029,2.0558,1.0558,2.3093,1.3093,26.8381,2.0735,26.3745,2.055,100.0,0.0,0.0,0.0,25.375,0.0,26.625,0.0,26.5,0.0,25.5,10.0,0.0,0.01,52.7283,5.2728,2.0,6.5988,1.3278,0.028,1.3667,0.0211,1.3659,1.005e-05,1.0012,0.0146,2.231,8.0,0.0755,1.002,0.1049,2.2425,0.0064,1.0276,0.0403,1.8266,0.0,0.0,0.0,-0.1607,26.0,25.0,38.0,38.0,14.0,0.0,0.0,0.0,0.0,41.138,64.0,11.3221,0.0,0.0
21902.0,1.7554,0.0944,1.0,0.0803,1.203,2.0558,1.0558,2.3094,1.3094,26.7478,2.0699,26.3618,2.0545,100.0,0.0,0.0,0.0,25.125,0.0,26.375,0.0,26.5,0.0,25.375,10.0,0.0,0.0105,52.728,5.2728,2.0,6.618,1.3283,0.0416,1.3682,0.0209,1.3659,1.005e-05,1.0012,0.0146,2.2306,8.0,0.0769,1.0021,0.1884,2.497,0.0063,1.0187,0.0393,1.816,0.0,0.0,0.0,-0.1606,26.0,25.0,38.0,38.0,14.0,0.0,0.0,0.0,0.0,41.1385,64.0,11.4574,0.0,0.0
21903.0,1.753,0.0941,1.0,0.0801,1.2026,2.0558,1.0558,2.3093,1.3093,26.6306,2.0652,26.3525,2.0541,100.0,0.0,0.0,0.0,25.375,0.0,26.5,0.0,26.625,0.0,25.375,10.0,0.0,0.0103,52.7274,5.2727,2.0,6.6969,1.3303,0.0884,1.3733,0.0213,1.366,1.005e-05,1.0013,0.0146,2.2297,8.0,0.0774,1.0021,0.1734,2.461,0.0052,0.9357,0.0377,1.7983,0.0,0.0,0.0,-0.1608,26.0,25.0,38.0,38.0,14.0,0.0,0.0,0.0,0.0,41.1382,64.0,11.6427,0.0,0.0
21904.0,1.7524,0.0941,1.0,0.0803,1.2031,2.0556,1.0556,2.309,1.309,26.6344,2.0654,26.381,2.0552,100.0,0.0,0.0,0.0,25.25,0.0,26.5,0.0,26.5,0.0,25.5,10.0,0.0,0.0102,52.7268,5.2727,2.0,6.7226,1.331,0.0619,1.3704,0.0216,1.366,1.005e-05,1.0012,0.0146,2.2292,8.0,0.0757,1.002,0.1486,2.3938,0.0058,0.9876,0.033,1.7403,0.0,0.0,0.0,-0.1608,26.0,25.0,38.0,38.0,13.0,0.0,0.0,0.0,0.0,41.1384,64.0,11.822,0.0,0.0
21905.0,1.7518,0.094,1.0,0.0803,1.2031,2.0554,1.0554,2.3089,1.3089,26.7793,2.0712,26.3917,2.0557,100.0,0.0,0.0,0.0,25.375,0.0,26.5,0.0,26.5,0.0,25.5,10.0,0.0,0.0105,52.7261,5.2726,2.0,6.6708,1.3297,0.0546,1.3696,0.0212,1.3659,1.005e-05,1.0012,0.0146,2.2291,8.0,0.0773,1.0021,0.1627,2.4331,0.0068,1.0536,0.0321,1.7288,0.0,0.0,0.0,-0.1608,26.0,25.0,38.0,38.0,13.0,0.0,0.0,0.0,0.0,41.1384,64.0,12.0478,0.0,0.0
21906.0,1.7508,0.0938,1.0,0.0801,1.2024,2.056,1.056,2.3091,1.3091,26.8328,2.0733,26.3753,2.055,100.0,0.0,0.0,0.0,25.375,0.0,26.375,0.0,26.5,0.0,25.5,10.0,0.0,0.0101,52.7254,5.2725,2.0,6.7481,1.3317,0.0767,1.372,0.0213,1.366,1.005e-05,1.0012,0.0146,2.2286,8.0,0.0749,1.002,0.2041,2.5317,0.0057,0.9776,0.032,1.7267,0.0,0.0,0.0,-0.1608,26.0,25.0,38.0,38.0,13.0,0.0,0.0,0.0,0.0,41.1384,64.0,12.2083,0.0,0.0
21907.0,1.7489,0.0936,1.0,0.0802,1.2027,2.0562,1.0562,2.309,1.309,26.7484,2.0699,26.3684,2.0547,100.0,0.0,0.0,0.0,25.25,0.0,26.375,0.0,26.5,0.0,25.375,10.0,0.0,0.0099,52.725,5.2725,2.0,6.7315,1.3312,0.1113,1.3758,0.0208,1.3659,1.005e-05,1.0011,0.0146,2.2277,8.0,0.073,1.0019,0.2019,2.5271,0.007,1.0682,0.0303,1.7036,0.0,0.0,0.0,-0.1607,26.0,25.0,38.0,38.0,14.0,0.0,0.0,0.0,0.0,41.138,64.0,12.4143,0.0,0.0
21908.0,1.7415,0.0927,1.0,0.08,1.2023,2.0562,1.0562,2.309,1.309,26.6288,2.0652,26.3699,2.0548,100.0,0.0,0.0,0.0,25.375,0.0,26.375,0.0,26.5,0.0,25.375,10.0,0.0,0.0103,52.7244,5.2724,2.0,6.9376,1.3365,0.2523,1.3912,0.0199,1.3658,1.005e-05,1.0011,0.0146,2.2271,8.0,0.073,1.0019,0.1992,2.5212,0.0059,0.9923,0.0293,1.6884,0.0,0.0,0.0,-0.1607,26.0,25.0,38.0,38.0,14.0,0.0,0.0,0.0,0.0,41.1383,64.0,12.6046,0.0,0.0
21909.0,1.7362,0.092,1.0,0.08,1.2022,2.0557,1.0557,2.309,1.309,26.6186,2.0647,26.3795,2.0552,100.0,0.0,0.0,0.0,25.375,0.0,26.5,0.0,26.5,0.0,25.375,10.0,0.0,0.0105,52.7238,5.2723,2.0,7.0004,1.3381,0.207,1.3862,0.0202,1.3658,1.005e-05,1.0011,0.0145,2.2267,8.0,0.0715,1.0019,0.158,2.4205,0.0063,1.0189,0.0277,1.6636,0.0,0.0,0.0,-0.1608,26.0,25.0,38.0,38.0,14.0,0.0,0.0,0.0,0.0,41.1387,64.0,12.7683,0.0,0.0
21910.0,1.7355,0.0919,1.0,0.08,1.2023,2.0552,1.0552,2.309,1.309,26.7472,2.0699,26.3885,2.0555,100.0,0.0,0.0,0.0,25.25,0.0,26.5,0.0,26.5,0.0,25.375,10.0,0.0,0.0101,52.7234,5.2723,2.0,7.0013,1.3381,0.2235,1.388,0.0204,1.3659,1.005e-05,1.0011,0.0145,2.2262,8.0,0.0704,1.0019,0.1582,2.421,0.0061,1.0053,0.0252,1.6237,0.0,0.0,0.0,-0.1608,26.0,25.0,38.0,38.0,15.0,0.0,0.0,0.0,0.0,41.1392,64.0,12.9598,0.0,0.0
21911.0,1.7336,0.0917,1.0,0.08,1.2022,2.0556,1.0556,2.3092,1.3092,26.8462,2.0738,26.3835,2.0553,100.0,0.0,0.0,0.0,25.375,0.0,26.5,0.0,26.5,0.0,25.5,10.0,0.0,0.0103,52.7228,5.2723,2.0,7.0001,1.338,0.2247,1.3881,0.0204,1.3659,1.005e-05,1.0011,0.0145,2.2258,8.0,0.0718,1.0019,0.1789,2.4744,0.0062,1.0154,0.0252,1.6236,0.0,0.0,0.0,-0.1603,26.0,25.0,38.0,38.0,14.0,0.0,0.0,0.0,0.0,41.138,64.0,13.1241,0.0,0.0
21912.0,1.731,0.0914,1.0,0.08,1.2023,2.0561,1.0561,2.3091,1.3091,26.7897,2.0716,26.3756,2.055,100.0,0.0,0.0,0.0,25.375,0.0,26.5,0.0,26.5,0.0,25.375,10.0,0.0,0.01,52.7221,5.2722,2.0,6.995,1.3379,0.1618,1.3813,0.0205,1.3659,1.005e-05,1.0011,0.0145,2.2252,8.0,0.072,1.0019,0.1737,2.4615,0.0063,1.0206,0.0239,1.6008,0.0,0.0,0.0,-0.1606,26.0,25.0,38.0,38.0,13.0,0.0,0.0,0.0,0.0,41.138,64.0,13.3034,0.0,0.0
21913.0,1.733,0.0916,1.0,0.08,1.2023,2.0563,1.0563,2.3089,1.3089,26.6429,2.0657,26.3717,2.0549,100.0,0.0,0.0,0.0,25.375,0.0,26.5,0.0,26.5,0.0,25.375,10.0,0.0,0.0106,52.7218,5.2722,2.0,6.9142,1.3359,0.1021,1.3748,0.0207,1.3659,1.005e-05,1.0011,0.0145,2.2245,8.0,0.0724,1.0019,0.2375,2.5976,0.0066,1.0418,0.0243,1.6073,0.0,0.0,0.0,-0.1607,26.0,25.0,38.0,38.0,14.0,0.0,0.0,0.0,0.0,41.1381,64.0,13.4994,0.0,0.0
21914.0,1.7349,0.0919,1.0,0.0799,1.202,2.0562,1.0562,2.3091,1.3091,26.6092,2.0644,26.3748,2.055,100.0,0.0,0.0,0.0,25.25,0.0,26.5,0.0,26.5,0.0,25.375,10.0,0.0,0.0104,52.7211,5.2721,2.0,6.807,1.3332,0.0712,1.3714,0.0195,1.3658,1.005e-05,1.0011,0.0145,2.2238,8.0,0.0717,1.0019,0.1832,2.4847,0.0067,1.0472,0.0216,1.5568,0.0,0.0,0.0,-0.1607,26.0,25.0,38.0,38.0,14.0,0.0,0.0,0.0,0.0,41.138,64.0,13.674,0.0,0.0
21915.0,1.7362,0.092,1.0,0.0799,1.202,2.0553,1.0553,2.309,1.309,26.7671,2.0707,26.3908,2.0556,100.0,0.0,0.0,0.0,25.375,0.0,26.5,0.0,26.5,0.0,25.375,10.0,0.0,0.0098,52.7202,5.272,2.0,6.8125,1.3333,0.073,1.3716,0.0198,1.3658,1.005e-05,1.0011,0.0145,2.2233,8.0,0.0701,1.0019,0.2138,2.5518,0.0062,1.0113,0.0223,1.5709,0.0,0.0,0.0,-0.1607,26.0,25.0,38.0,38.0,12.0,0.0,0.0,0.0,0.0,41.138,64.0,13.8793,0.0,0.0
21916.0,1.737,0.0921,1.0,0.08,1.2021,2.0553,1.0553,2.3095,1.3095,26.8557,2.0742,26.3768,2.0551,100.0,0.0,0.0,0.0,25.25,0.0,26.5,0.0,26.5,0.0,25.5,10.0,0.0,0.0106,52.7196,5.2719,2.0,6.7459,1.3316,0.0219,1.366,0.0203,1.3659,1.005e-05,1.0011,0.0145,2.2226,8.0,0.0737,1.002,0.2531,2.6252,0.0063,1.021,0.0224,1.5717,0.0,0.0,0.0,-0.1606,26.0,25.0,38.0,38.0,14.0,0.0,0.0,0.0,0.0,41.1382,64.0,14.0447,0.0,0.0
21917.0,1.7387,0.0923,1.0,0.08,1.2021,2.0558,1.0558,2.3094,1.3094,26.7993,2.072,26.3679,2.0547,100.0,0.0,0.0,0.0,25.25,0.0,26.5,0.0,26.375,0.0,25.5,10.0,0.0,0.0103,52.7193,5.2719,2.0,6.7503,1.3317,0.0578,1.3699,0.0202,1.3658,1.005e-05,1.0011,0.0145,2.2223,8.0,0.0705,1.0019,0.3392,2.7523,0.0065,1.0355,0.0202,1.528,0.0,0.0,0.0,-0.1604,26.0,25.0,38.0,38.0,13.0,0.0,0.0,0.0,0.0,41.1374,64.0,14.2386,0.0,0.0
21918.0,1.7387,0.0923,1.0,0.0802,1.2027,2.0559,1.0559,2.3093,1.3093,26.6794,2.0672,26.3651,2.0546,100.0,0.0,0.0,0.0,25.25,0.0,26.5,0.0,26.375,0.0,25.5,10.0,0.0,0.0101,52.7188,5.2718,2.0,6.7805,1.3325,0.1329,1.3781,0.0197,1.3658,1.004e-05,1.001,0.0145,2.2216,8.0,0.0696,1.0019,0.3023,2.7023,0.0062,1.0177,0.0359,1.777,0.0,0.0,0.0,-0.1611,26.0,25.0,38.0,38.0,12.0,0.0,0.0,0.0,0.0,41.1374,64.0,14.4258,0.0,0.0
21919.0,1.7363,0.092,1.0,0.0799,1.2021,2.0558,1.0558,2.3092,1.3092,26.5948,2.0638,26.3684,2.0547,100.0,0.0,0.0,0.0,25.375,0.0,26.5,0.0,26.5,0.0,25.5,10.0,0.0,0.01,52.7179,5.2717,2.0,6.9087,1.3358,0.1361,1.3785,0.0193,1.3657,1.004e-05,1.001,0.0145,2.2214,8.0,0.0674,1.0018,0.3476,2.763,0.0065,1.0372,0.0313,1.7173,0.0,0.0,0.0,-0.1606,26.0,25.0,38.0,38.0,13.0,0.0,0.0,0.0,0.0,41.1377,64.0,14.6492,0.0,0.0
21920.0,1.733,0.0916,1.0,0.08,1.2023,2.0554,1.0554,2.3091,1.3091,26.6775,2.0671,26.385,2.0554,100.0,0.0,0.0,0.0,25.25,0.0,26.375,0.0,26.375,0.0,25.5,10.0,0.0,0.01,52.7176,5.2717,2.0,6.9306,1.3363,0.115,1.3762,0.0193,1.3657,1.004e-05,1.001,0.0145,2.2205,8.0,0.0659,1.0018,0.2601,2.637,0.006,1.0034,0.0327,1.7363,0.0,0.0,0.0,-0.1608,26.0,25.0,38.0,38.0,14.0,0.0,0.0,0.0,0.0,41.1383,64.0,14.8323,0.0,0.0
21921.0,1.7427,0.0928,1.0,0.0798,1.2017,2.0552,1.0552,2.3093,1.3093,26.8357,2.0734,26.3849,2.0554,100.0,0.0,0.0,0.0,25.375,0.0,26.375,0.0,26.75,0.0,25.5,10.0,0.0,0.0107,52.7171,5.2717,2.0,6.894,1.3354,0.1568,1.3807,0.0189,1.3657,1.004e-05,1.0009,0.0145,2.2201,8.0,0.064,1.0017,0.28,2.669,0.0059,0.9935,0.0285,1.6774,0.0,0.0,0.0,-0.1608,26.0,25.0,38.0,38.0,14.0,0.0,0.0,0.0,0.0,41.138,64.0,15.0034,0.0,0.0
21922.0,1.7442,0.093,1.0,0.0798,1.2017,2.0557,1.0557,2.3096,1.3096,26.8279,2.0731,26.3719,2.0549,100.0,0.0,0.0,0.0,25.375,0.0,26.625,0.0,26.375,0.0,25.375,10.0,0.0,0.0104,52.7167,5.2716,2.0,6.9808,1.3376,0.2341,1.3892,0.0188,1.3657,1.004e-05,1.0009,0.0145,2.2194,8.0,0.0668,1.0018,0.221,2.5663,0.0065,1.0324,0.0466,1.8898,0.0,0.0,0.0,-0.1605,26.0,25.0,38.0,38.0,13.0,0.0,0.0,0.0,0.0,41.1378,64.0,15.226,0.0,0.0
21923.0,1.7466,0.0933,1.0,0.0797,1.2015,2.0558,1.0558,2.3095,1.3095,26.7097,2.0684,26.3555,2.0542,100.0,0.0,0.0,0.0,25.375,0.0,26.5,0.0,26.5,0.0,25.5,10.0,0.0,0.0102,52.7158,5.2715,2.0,7.1223,1.341,0.2436,1.3902,0.0189,1.3657,1.004e-05,1.0009,0.0145,2.219,8.0,0.0662,1.0018,0.2314,2.5862,0.0058,0.9832,0.0452,1.8773,0.0,0.0,0.0,-0.1611,26.0,25.0,38.0,38.0,13.0,0.0,0.0,0.0,0.0,41.1378,64.0,15.4027,0.0,0.0
21924.0,1.7425,0.0928,1.0,0.0797,1.2013,2.0558,1.0558,2.3092,1.3092,26.6064,2.0643,26.3552,2.0542,100.0,0.0,0.0,0.0,25.25,0.0,26.5,0.0,26.5,0.0,25.5,10.0,0.0,0.0107,52.7153,5.2715,2.0,7.1765,1.3424,0.2453,1.3904,0.0189,1.3657,1.004e-05,1.001,0.0144,2.2185,8.0,0.0658,1.0018,0.196,2.5142,0.0063,1.024,0.0373,1.7936,0.0,0.0,0.0,-0.1602,26.0,25.0,38.0,38.0,14.0,0.0,0.0,0.0,0.0,41.1381,64.0,15.5907,0.0,0.0
21925.0,1.7394,0.0924,1.0,0.0797,1.2015,2.0554,1.0554,2.3091,1.3091,26.6598,2.0664,26.3798,2.0552,100.0,0.0,0.0,0.0,25.375,0.0,26.5,0.0,26.5,0.0,25.5,10.0,0.0,0.0103,52.715,5.2715,2.0,7.2481,1.3441,0.4251,1.41,0.0187,1.3657,1.004e-05,1.0009,0.0144,2.218,8.0,0.067,1.0018,0.2118,2.5478,0.0064,1.0301,0.0546,1.9592,0.0,0.0,0.0,-0.1607,26.0,25.0,38.0,38.0,16.0,0.0,0.0,0.0,0.0,41.1381,64.0,15.7623,0.0,0.0
21926.0,1.7378,0.0922,1.0,0.0797,1.2014,2.0551,1.0551,2.3092,1.3092,26.8242,2.073,26.3873,2.0555,100.0,0.0,0.0,0.0,25.375,0.0,26.5,0.0,26.5,0.0,25.5,10.0,0.0,0.0104,52.7146,5.2715,2.0,7.6288,1.353,0.5164,1.42,0.0192,1.3657,1.004e-05,1.001,0.0144,2.2174,8.0,0.0661,1.0018,0.2164,2.557,0.0062,1.0176,0.0457,1.8822,0.0,0.0,0.0,-0.1605,26.0,25.0,38.0,38.0,15.0,0.0,0.0,0.0,0.0,41.1376,64.0,15.931,0.0,0.0
21927.0,1.7347,0.0918,1.0,0.0797,1.2015,2.056,1.056,2.3096,1.3096,26.8203,2.0728,26.3783,2.0551,100.0,0.0,0.0,0.0,25.25,0.0,26.5,0.0,26.5,0.0,25.5,10.0,0.0,0.01,52.7137,5.2713,2.0,7.7274,1.3552,0.5499,1.4236,0.0187,1.3657,1.004e-05,1.001,0.0144,2.2167,8.0,0.0671,1.0018,0.1801,2.4774,0.0061,1.0043,0.0647,2.0324,0.0,0.0,0.0,-0.1605,26.0,25.0,38.0,38.0,13.0,0.0,0.0,0.0,0.0,41.1383,64.0,16.1217,0.0,0.0
21928.0,1.7356,0.092,1.0,0.0797,1.2013,2.0562,1.0562,2.3093,1.3093,26.7194,2.0688,26.3682,2.0547,100.0,0.0,0.0,0.0,25.375,0.0,26.5,0.0,26.5,0.0,25.375,10.0,0.0,0.0102,52.7134,5.2713,2.0,7.7646,1.356,0.5509,1.4237,0.0194,1.3658,1.004e-05,1.001,0.0144,2.2165,8.0,0.067,1.0018,0.1706,2.4539,0.0063,1.0222,0.0642,2.0295,0.0,0.0,0.0,-0.1606,26.0,25.0,38.0,38.0,15.0,0.0,0.0,0.0,0.0,41.1381,64.0,16.3002,0.0,0.0
21929.0,1.7364,0.092,1.0,0.08,1.2023,2.0558,1.0558,2.3093,1.3093,26.6058,2.0642,26.3634,2.0545,100.0,0.0,0.0,0.0,25.25,0.0,26.375,0.0,26.5,0.0,25.625,10.0,0.0,0.0102,52.7128,5.2713,2.0,7.763,1.356,0.4966,1.4178,0.0194,1.3657,1.005e-05,1.0011,0.0144,2.2159,8.0,0.0704,1.0019,0.1628,2.4335,0.0057,0.9788,0.0751,2.0973,0.0,0.0,0.0,-0.1608,26.0,25.0,38.0,38.0,13.0,0.0,0.0,0.0,0.0,41.1383,64.0,16.5048,0.0,0.0
21930.0,1.7373,0.0922,1.0,0.0797,1.2013,2.0554,1.0554,2.3091,1.3091,26.6839,2.0674,26.3863,2.0555,100.0,0.0,0.0,0.0,25.375,0.0,26.5,0.0,26.5,0.0,25.5,10.0,0.0,0.0103,52.712,5.2711,2.0,7.8607,1.3582,0.5208,1.4205,0.019,1.3657,1.004e-05,1.001,0.0144,2.2151,8.0,0.0672,1.0018,0.1867,2.4931,0.0066,1.0436,0.0685,2.0574,0.0,0.0,0.0,-0.1609,26.0,25.0,38.0,38.0,14.0,0.0,0.0,0.0,0.0,41.1379,64.0,16.6986,0.0,0.0
21931.0,1.7384,0.0923,1.0,0.0799,1.2019,2.0554,1.0554,2.3091,1.3091,26.8327,2.0733,26.39,2.0556,100.0,0.0,0.0,0.0,25.375,0.0,26.5,0.0,26.5,0.0,25.5,10.0,0.0,0.0102,52.7116,5.2711,2.0,7.8293,1.3575,0.5388,1.4224,0.0191,1.3657,1.004e-05,1.001,0.0144,2.2147,8.0,0.0664,1.0018,0.1392,2.3655,0.0056,0.9666,0.0615,2.0109,0.0,0.0,0.0,-0.1605,26.0,25.0,38.0,38.0,14.0,0.0,0.0,0.0,0.0,41.1386,64.0,16.8685,0.0,0.0
21932.0,1.7384,0.0923,1.0,0.0799,1.2019,2.056,1.056,2.3095,1.3095,26.8386,2.0735,26.3832,2.0553,100.0,0.0,0.0,0.0,25.375,0.0,26.5,0.0,26.375,0.0,25.375,10.0,0.0,0.0103,52.7109,5.271,2.0,7.9236,1.3596,0.5409,1.4226,0.0189,1.3657,1.004e-05,1.001,0.0144,2.2141,8.0,0.0668,1.0018,0.1335,2.3474,0.0055,0.9606,0.0623,2.0165,0.0,0.0,0.0,-0.1604,26.0,25.0,38.0,38.0,13.0,0.0,0.0,0.0,0.0,41.1382,64.0,17.0425,0.0,0.0
21933.0,1.7374,0.0922,1.0,0.0794,1.2007,2.0562,1.0562,2.3094,1.3094,26.751,2.07,26.3665,2.0547,100.0,0.0,0.0,0.0,25.375,0.0,26.375,0.0,26.5,0.0,25.375,10.0,0.0,0.0097,52.7106,5.2711,2.0,7.9613,1.3604,0.5331,1.4218,0.0191,1.3657,1.004e-05,1.001,0.0144,2.2136,8.0,0.0673,1.0018,0.1289,2.3321,0.0053,0.9487,0.0795,2.1224,0.0,0.0,0.0,-0.1608,26.0,25.0,38.0,38.0,14.0,0.0,0.0,0.0,0.0,41.1386,64.0,17.2471,0.0,0.0
21934.0,1.7363,0.092,1.0,0.0798,1.2018,2.0562,1.0562,2.3093,1.3093,26.6325,2.0653,26.3669,2.0547,100.0,0.0,0.0,0.0,25.375,0.0,26.5,0.0,26.5,0.0,25.5,10.0,0.0,0.0104,52.7103,5.271,2.0,8.043,1.3622,0.5574,1.4244,0.0192,1.3657,1.004e-05,1.0009,0.0144,2.2131,8.0,0.0657,1.0018,0.2101,2.5443,0.006,0.9989,0.071,2.073,0.0,0.0,0.0,-0.1608,26.0,25.0,38.0,38.0,11.0,0.0,0.0,0.0,0.0,41.1384,64.0,17.4231,0.0,0.0
21935.0,1.7363,0.092,1.0,0.0798,1.2017,2.056,1.056,2.3091,1.3091,26.6156,2.0646,26.3851,2.0554,100.0,0.0,0.0,0.0,25.25,0.0,26.5,0.0,26.5,0.0,25.5,10.0,0.0,0.0108,52.7099,5.271,2.0,8.2379,1.3663,0.6589,1.4355,0.019,1.3657,1.004e-05,1.001,0.0144,2.2123,8.0,0.0665,1.0018,0.1624,2.4326,0.0061,1.0062,0.0893,2.1729,0.0,0.0,0.0,-0.1604,26.0,25.0,38.0,38.0,13.0,0.0,0.0,0.0,0.0,41.1383,64.0,17.5842,0.0,0.0
21936.0,1.7362,0.092,1.0,0.0798,1.2018,2.0552,1.0552,2.3091,1.3091,26.7804,2.0712,26.3876,2.0555,100.0,0.0,0.0,0.0,25.25,0.0,26.375,0.0,26.625,0.0,25.5,10.0,0.0,0.0098,52.7091,5.2709,2.0,8.2478,1.3665,0.5726,1.4261,0.0189,1.3657,1.004e-05,1.001,0.0144,2.2122,8.0,0.068,1.0018,0.1862,2.4918,0.0065,1.038,0.0773,2.1099,0.0,0.0,0.0,-0.1606,26.0,25.0,38.0,38.0,12.0,0.0,0.0,0.0,0.0,41.1379,64.0,17.7645,0.0,0.0
21937.0,1.7373,0.0922,1.0,0.0799,1.202,2.0555,1.0555,2.3095,1.3095,26.8501,2.074,26.3639,2.0546,100.0,0.0,0.0,0.0,25.5,0.0,26.375,0.0,26.5,0.0,25.375,10.0,0.0,0.0098,52.7087,5.2708,2.0,8.0817,1.363,0.477,1.4157,0.0201,1.3658,1.005e-05,1.0011,0.0144,2.2114,8.0,0.0702,1.0019,0.1766,2.4688,0.0056,0.9667,0.0701,2.0677,0.0,0.0,0.0,-0.1611,26.0,25.0,38.0,38.0,13.0,0.0,0.0,0.0,0.0,41.138,64.0,17.925,0.0,0.0
21938.0,1.7383,0.0923,1.0,0.0799,1.2019,2.0558,1.0558,2.3094,1.3094,26.7677,2.0707,26.3637,2.0545,100.0,0.0,0.0,0.0,25.25,0.0,26.5,0.0,26.5,0.0,25.5,10.0,0.0,0.01,52.7079,5.2708,2.0,8.1186,1.3638,0.5087,1.4191,0.02,1.3658,1.005e-05,1.0011,0.0144,2.2112,8.0,0.0733,1.002,0.2618,2.6398,0.0057,0.9786,0.0762,2.1037,0.0,0.0,0.0,-0.1607,26.0,25.0,38.0,38.0,15.0,0.0,0.0,0.0,0.0,41.1382,64.0,18.1077,0.0,0.0
21939.0,1.7373,0.0922,1.0,0.0799,1.202,2.0558,1.0558,2.3093,1.3093,26.6497,2.066,26.3631,2.0545,100.0,0.0,0.0,0.0,25.375,0.0,26.5,0.0,26.5,0.0,25.5,10.0,0.0,0.0101,52.7075,5.2707,2.0,8.1254,1.3639,0.4509,1.4128,0.0207,1.3659,1.005e-05,1.0012,0.0144,2.2109,8.0,0.075,1.002,0.207,2.5379,0.006,1.0005,0.0683,2.0563,0.0,0.0,0.0,-0.1608,26.0,25.0,38.0,38.0,13.0,0.0,0.0,0.0,0.0,41.138,64.0,18.3059,0.0,0.0
21940.0,1.7363,0.092,1.0,0.0797,1.2014,2.0562,1.0562,2.3091,1.3091,26.6097,2.0644,26.3747,2.055,100.0,0.0,0.0,0.0,25.375,0.0,26.5,0.0,26.5,0.0,25.5,10.0,0.0,0.0106,52.7071,5.2707,2.0,8.0647,1.3626,0.4089,1.4082,0.0191,1.3657,1.004e-05,1.001,0.0143,2.21,8.0,0.0674,1.0018,0.2234,2.5709,0.0063,1.021,0.0677,2.0524,0.0,0.0,0.0,-0.1611,26.0,25.0,38.0,38.0,13.0,0.0,0.0,0.0,0.0,41.1378,64.0,18.4729,0.0,0.0
21941.0,1.7377,0.0922,1.0,0.0801,1.2025,2.0552,1.0552,2.3093,1.3093,26.7878,2.0715,26.3906,2.0556,100.0,0.0,0.0,0.0,25.375,0.0,26.5,0.0,26.375,0.0,25.375,10.0,0.0,0.0104,52.7062,5.2706,2.0,7.9696,1.3606,0.3418,1.4009,0.0194,1.3658,1.005e-05,1.0011,0.0143,2.2094,8.0,0.0704,1.0019,0.1998,2.5224,0.0063,1.0199,0.0672,2.0491,0.0,0.0,0.0,-0.1609,26.0,25.0,38.0,38.0,14.0,0.0,0.0,0.0,0.0,41.1379,64.0,18.6506,0.0,0.0
21942.0,1.738,0.0922,1.0,0.0801,1.2025,2.0553,1.0553,2.3095,1.3095,26.8554,2.0742,26.3776,2.0551,100.0,0.0,0.0,0.0,25.375,0.0,26.375,0.0,26.5,0.0,25.375,10.0,0.0,0.0102,52.7059,5.2706,2.0,8.0141,1.3615,0.3472,1.4015,0.0203,1.3659,1.005e-05,1.0011,0.0143,2.2089,8.0,0.0724,1.0019,0.1814,2.4805,0.0053,0.9459,0.0626,2.0184,0.0,0.0,0.0,-0.1605,25.0,25.0,38.0,38.0,14.0,0.0,0.0,0.0,0.0,41.1375,64.0,18.8409,0.0,0.0
21943.0,1.7372,0.0922,1.0,0.08,1.2022,2.0561,1.0561,2.3094,1.3094,26.7868,2.0715,26.3685,2.0547,100.0,0.0,0.0,0.0,25.375,0.0,26.5,0.0,26.375,0.0,25.375,10.0,0.0,0.0104,52.7053,5.2705,2.0,8.0008,1.3613,0.3018,1.3966,0.02,1.3658,1.005e-05,1.0011,0.0143,2.2085,8.0,0.0733,1.002,0.2085,2.541,0.0057,0.9766,0.0751,2.0978,0.0,0.0,0.0,-0.1605,25.0,25.0,38.0,38.0,15.0,0.0,0.0,0.0,0.0,41.1384,64.0,19.0617,0.0,0.0
21944.0,1.7372,0.0922,1.0,0.0798,1.2018,2.056,1.056,2.3092,1.3092,26.6776,2.0671,26.3681,2.0547,100.0,0.0,0.0,0.0,25.375,0.0,26.5,0.0,26.5,0.0,25.5,10.0,0.0,0.0101,52.7047,5.2704,2.0,7.934,1.3598,0.2415,1.39,0.0204,1.3659,1.005e-05,1.0011,0.0143,2.2081,8.0,0.0764,1.002,0.1893,2.4989,0.0057,0.9756,0.0714,2.0756,0.0,0.0,0.0,-0.1608,25.0,25.0,38.0,38.0,14.0,0.0,0.0,0.0,0.0,41.1376,64.0,19.2305,0.0,0.0
21945.0,1.7391,0.0924,1.0,0.0801,1.2025,2.0558,1.0558,2.3091,1.3091,26.5997,2.064,26.3704,2.0548,100.0,0.0,0.0,0.0,25.375,0.0,26.375,0.0,26.375,0.0,25.375,10.0,0.0,0.0101,52.7044,5.2704,2.0,7.9447,1.36,0.2544,1.3914,0.0216,1.366,1.005e-05,1.0012,0.0143,2.2076,8.0,0.0756,1.002,0.1677,2.4464,0.0053,0.943,0.0727,2.0832,0.0,0.0,0.0,-0.1608,25.0,25.0,38.0,38.0,12.0,0.0,0.0,0.0,0.0,41.138,64.0,19.3872,0.0,0.0
21946.0,1.7391,0.0924,1.0,0.0799,1.2021,2.0553,1.0553,2.3093,1.3093,26.7096,2.0684,26.3871,2.0555,100.0,0.0,0.0,0.0,25.375,0.0,26.5,0.0,26.5,0.0,25.5,10.0,0.0,0.0102,52.7039,5.2704,2.0,7.8275,1.3574,0.1907,1.3844,0.0208,1.3659,1.005e-05,1.0012,0.0143,2.207,8.0,0.0758,1.002,0.1611,2.4291,0.0067,1.0451,0.0638,2.0268,0.0,0.0,0.0,-0.1608,26.0,25.0,38.0,38.0,15.0,0.0,0.0,0.0,0.0,41.1379,64.0,19.575,0.0,0.0
21947.0,1.7385,0.0923,1.0,0.0798,1.2018,2.0552,1.0552,2.3093,1.3093,26.8474,2.0739,26.381,2.0552,100.0,0.0,0.0,0.0,25.375,0.0,26.5,0.0,26.5,0.0,25.5,10.0,0.0,0.0098,52.7033,5.2703,2.0,7.9212,1.3595,0.2226,1.3879,0.0214,1.366,1.005e-05,1.0012,0.0143,2.2063,8.0,0.074,1.002,0.1478,2.3915,0.0061,1.0036,0.0771,2.1088,0.0,0.0,0.0,-0.161,26.0,25.0,38.0,38.0,14.0,0.0,0.0,0.0,0.0,41.1381,64.0,19.7811,0.0,0.0
21948.0,1.7383,0.0923,1.0,0.0799,1.2021,2.0557,1.0557,2.3095,1.3095,26.8049,2.0722,26.3706,2.0548,100.0,0.0,0.0,0.0,25.25,0.0,26.5,0.0,26.5,0.0,25.5,10.0,0.0,0.0101,52.7033,5.2703,2.0,7.9143,1.3594,0.2608,1.3921,0.0209,1.3659,1.005e-05,1.0011,0.0143,2.2059,8.0,0.0731,1.0019,0.1417,2.3734,0.0057,0.9805,0.0781,2.1148,0.0,0.0,0.0,-0.161,26.0,25.0,38.0,38.0,13.0,0.0,0.0,0.0,0.0,41.1373,64.0,19.9609,0.0,0.0
21949.0,1.7377,0.0922,1.0,0.0798,1.2018,2.0558,1.0558,2.3094,1.3094,26.6961,2.0678,26.3548,2.0542,100.0,0.0,0.0,0.0,25.375,0.0,26.375,0.0,26.5,0.0,25.5,10.0,0.0,0.0102,52.7027,5.2703,2.0,8.1058,1.3635,0.3531,1.4022,0.0203,1.3659,1.005e-05,1.0011,0.0143,2.205,8.0,0.0701,1.0019,0.2165,2.5574,0.0057,0.9748,0.0679,2.0535,0.0,0.0,0.0,-0.1609,26.0,25.0,38.0,38.0,14.0,0.0,0.0,0.0,0.0,41.1377,64.0,20.1115,0.0,0.0
21950.0,1.7426,0.0928,1.0,0.0799,1.2019,2.0558,1.0558,2.3091,1.3091,26.5892,2.0636,26.3674,2.0547,100.0,0.0,0.0,0.0,25.375,0.0,26.375,0.0,26.625,0.0,25.5,10.0,0.0,0.0102,52.702,5.2702,2.0,8.1095,1.3636,0.3051,1.3969,0.0203,1.3658,1.005e-05,1.0011,0.0143,2.2046,8.0,0.0703,1.0019,0.1845,2.4879,0.0057,0.9774,0.0721,2.0797,0.0,0.0,0.0,-0.1608,26.0,25.0,38.0,38.0,14.0,0.0,0.0,0.0,0.0,41.1373,64.0,20.3011,0.0,0.0
21951.0,1.7464,0.0933,1.0,0.0803,1.203,2.0557,1.0557,2.3091,1.3091,26.7245,2.069,26.3964,2.0559,100.0,0.0,0.0,0.0,25.375,0.0,26.5,0.0,26.5,0.0,25.375,10.0,0.0,0.01,52.7016,5.2701,2.0,8.1257,1.3639,0.2862,1.3949,0.0209,1.3659,1.005e-05,1.0012,0.0143,2.2043,8.0,0.0757,1.002,0.207,2.5378,0.0057,0.9786,0.0629,2.0206,0.0,0.0,0.0,-0.1609,26.0,25.0,38.0,37.0,16.0,0.0,0.0,0.0,0.0,41.138,64.0,20.4831,0.0,0.0
21952.0,1.7473,0.0934,1.0,0.0798,1.2018,2.0551,1.0551,2.3093,1.3093,26.8537,2.0741,26.3828,2.0553,100.0,0.0,0.0,0.0,25.375,0.0,26.5,0.0,26.5,0.0,25.375,10.0,0.0,0.0102,52.7007,5.27,2.0,7.9867,1.3609,0.2073,1.3862,0.0209,1.3659,1.005e-05,1.0012,0.0143,2.2036,8.0,0.0752,1.002,0.251,2.6215,0.006,1.0009,0.0631,2.0219,0.0,0.0,0.0,-0.1608,26.0,25.0,38.0,37.0,14.0,0.0,0.0,0.0,0.0,41.1376,64.0,20.6636,0.0,0.0
21953.0,1.7481,0.0935,1.0,0.0799,1.2019,2.0557,1.0557,2.3095,1.3095,26.8178,2.0727,26.3707,2.0548,100.0,0.0,0.0,0.0,25.375,0.0,26.5,0.0,26.5,0.0,25.375,10.0,0.0,0.0098,52.7005,5.2701,2.0,8.0493,1.3623,0.2288,1.3886,0.0207,1.3659,1.005e-05,1.0012,0.0143,2.2032,8.0,0.074,1.002,0.2155,2.5552,0.0057,0.9769,0.057,1.9776,0.0,0.0,0.0,-0.1607,26.0,25.0,38.0,37.0,13.0,0.0,0.0,0.0,0.0,41.138,64.0,20.866,0.0,0.0
21954.0,1.7484,0.0936,1.0,0.0798,1.2018,2.0562,1.0562,2.309,1.309,26.7099,2.0684,26.3709,2.0548,100.0,0.0,0.0,0.0,25.25,0.0,26.5,0.0,26.5,0.0,25.375,10.0,0.0,0.0098,52.7,5.27,2.0,7.9873,1.361,0.152,1.3802,0.0206,1.3659,1.005e-05,1.0011,0.0143,2.2025,8.0,0.0714,1.0019,0.1893,2.499,0.0058,0.9825,0.0481,1.9042,0.0,0.0,0.0,-0.1606,26.0,25.0,38.0,37.0,14.0,0.0,0.0,0.0,0.0,41.1384,64.0,21.0811,0.0,0.0
21955.0,1.746,0.0933,1.0,0.08,1.2021,2.0561,1.0561,2.3088,1.3088,26.5947,2.0638,26.3773,2.0551,100.0,0.0,0.0,0.0,25.375,0.0,26.375,0.0,26.5,0.0,25.5,10.0,0.0,0.0101,52.6994,5.2699,2.0,7.9384,1.3599,0.225,1.3882,0.0208,1.3659,1.005e-05,1.0011,0.0143,2.202,8.0,0.071,1.0019,0.2543,2.6272,0.0058,0.9887,0.0482,1.9051,0.0,0.0,0.0,-0.1605,26.0,25.0,38.0,38.0,13.0,0.0,0.0,0.0,0.0,41.1382,64.0,21.2368,0.0,0.0
21956.0,1.7396,0.0924,1.0,0.0799,1.2021,2.0554,1.0554,2.3091,1.3091,26.6799,2.0672,26.386,2.0554,100.0,0.0,0.0,0.0,25.375,0.0,26.5,0.0,26.5,0.0,25.5,10.0,0.0,0.0101,52.6988,5.2699,2.0,8.1242,1.3639,0.2635,1.3924,0.0199,1.3658,1.005e-05,1.0011,0.0142,2.2013,8.0,0.0701,1.0019,0.207,2.5378,0.0059,0.9935,0.0552,1.9637,0.0,0.0,0.0,-0.1606,26.0,25.0,38.0,38.0,15.0,0.0,0.0,0.0,0.0,41.1382,64.0,21.4293,0.0,0.0
21957.0,1.7373,0.0922,1.0,0.0797,1.2015,2.0555,1.0555,2.3091,1.3091,26.829,2.0732,26.3886,2.0555,100.0,0.0,0.0,0.0,25.375,0.0,26.5,0.0,26.375,0.0,25.5,10.0,0.0,0.0099,52.6985,5.2698,2.0,8.0639,1.3626,0.1996,1.3854,0.0199,1.3658,1.004e-05,1.001,0.0142,2.201,8.0,0.0708,1.0019,0.1914,2.5038,0.0059,0.9912,0.0666,2.0452,0.0,0.0,0.0,-0.1602,26.0,25.0,38.0,38.0,14.0,0.0,0.0,0.0,0.0,41.1385,64.0,21.6277,0.0,0.0
21958.0,1.7363,0.092,1.0,0.0799,1.2021,2.0555,1.0555,2.3095,1.3095,26.8502,2.074,26.3731,2.0549,100.0,0.0,0.0,0.0,25.375,0.0,26.375,0.0,26.5,0.0,25.5,10.0,0.0,0.0102,52.6977,5.2697,2.0,8.0215,1.3617,0.1413,1.379,0.0199,1.3658,1.004e-05,1.001,0.0142,2.2006,8.0,0.0699,1.0019,0.1759,2.4671,0.006,1.0031,0.0612,2.0088,0.0,0.0,0.0,-0.1608,26.0,25.0,38.0,38.0,13.0,0.0,0.0,0.0,0.0,41.1383,64.0,21.8207,0.0,0.0
21959.0,1.7354,0.0919,1.0,0.0799,1.2019,2.0558,1.0558,2.3094,1.3094,26.7547,2.0702,26.3665,2.0547,100.0,0.0,0.0,0.0,25.375,0.0,26.5,0.0,26.5,0.0,25.5,10.0,0.0,0.0106,52.6972,5.2697,2.0,7.8097,1.3571,0.049,1.369,0.0194,1.3657,1.004e-05,1.001,0.0142,2.2,8.0,0.0668,1.0018,0.1916,2.5043,0.0064,1.0261,0.0632,2.0225,0.0,0.0,0.0,-0.161,26.0,25.0,38.0,38.0,11.0,0.0,0.0,0.0,0.0,41.1382,64.0,21.9724,0.0,0.0
21960.0,1.7362,0.092,1.0,0.0796,1.201,2.0559,1.0559,2.3093,1.3093,26.6244,2.065,26.3628,2.0545,100.0,0.0,0.0,0.0,25.375,0.0,26.375,0.0,26.5,0.0,25.375,10.0,0.0,0.0101,52.6971,5.2697,2.0,7.8908,1.3588,0.1097,1.3756,0.0199,1.3658,1.004e-05,1.001,0.0142,2.1993,8.0,0.0667,1.0018,0.1686,2.4486,0.0054,0.9504,0.053,1.9461,0.0,0.0,0.0,-0.1604,26.0,25.0,38.0,38.0,13.0,0.0,0.0,0.0,0.0,41.1379,64.0,22.1595,0.0,0.0
21961.0,1.7362,0.092,1.0,0.0797,1.2014,2.0557,1.0557,2.3091,1.3091,26.6315,2.0653,26.3803,2.0552,100.0,0.0,0.0,0.0,25.25,0.0,26.5,0.0,26.5,0.0,25.5,10.0,0.0,0.0097,52.6964,5.2696,2.0,8.011,1.3615,0.2173,1.3873,0.0198,1.3658,1.004e-05,1.001,0.0142,2.1989,8.0,0.0673,1.0018,0.158,2.4205,0.0059,0.9956,0.0487,1.9097,0.0,0.0,0.0,-0.1608,26.0,25.0,38.0,38.0,16.0,0.0,0.0,0.0,0.0,41.1379,64.0,22.3548,0.0,0.0
21962.0,1.7362,0.092,1.0,0.0798,1.2018,2.0551,1.0551,2.3092,1.3092,26.8291,2.0732,26.3902,2.0556,100.0,0.0,0.0,0.0,25.375,0.0,26.5,0.0,26.5,0.0,25.375,10.0,0.0,0.0099,52.6961,5.2696,2.0,8.178,1.3651,0.3024,1.3966,0.0215,1.366,1.005e-05,1.0012,0.0142,2.1986,8.0,0.0735,1.002,0.1252,2.3195,0.0055,0.9642,0.051,1.9293,0.0,0.0,0.0,-0.1611,26.0,25.0,38.0,38.0,14.0,0.0,0.0,0.0,0.0,41.1381,64.0,22.5362,0.0,0.0
21963.0,1.7362,0.092,1.0,0.08,1.2022,2.0557,1.0557,2.3096,1.3096,26.8413,2.0737,26.3784,2.0551,100.0,0.0,0.0,0.0,25.375,0.0,26.375,0.0,26.375,0.0,25.375,10.0,0.0,0.0101,52.6958,5.2695,2.0,8.2995,1.3676,0.3113,1.3976,0.0213,1.366,1.005e-05,1.0012,0.0142,2.1982,8.0,0.0738,1.002,0.1267,2.3245,0.0064,1.0296,0.0519,1.9371,0.0,0.0,0.0,-0.1607,26.0,25.0,38.0,38.0,13.0,0.0,0.0,0.0,0.0,41.138,64.0,22.7513,0.0,0.0
21964.0,1.7362,0.092,1.0,0.08,1.2023,2.0562,1.0562,2.3094,1.3094,26.7579,2.0703,26.3696,2.0548,100.0,0.0,0.0,0.0,25.375,0.0,26.5,0.0,26.5,0.0,25.5,10.0,0.0,0.0106,52.695,5.2695,2.0,8.3577,1.3688,0.3151,1.398,0.0211,1.3659,1.005e-05,1.0012,0.0142,2.1976,8.0,0.0732,1.002,0.1345,2.3505,0.0057,0.9769,0.0474,1.8974,0.0,0.0,0.0,-0.1607,26.0,25.0,38.0,38.0,12.0,0.0,0.0,0.0,0.0,41.1381,64.0,22.9363,0.0,0.0
21965.0,1.7362,0.092,1.0,0.0801,1.2026,2.0559,1.0559,2.3093,1.3093,26.6349,2.0654,26.363,2.0545,100.0,0.0,0.0,0.0,25.25,0.0,26.5,0.0,26.5,0.0,25.5,10.0,0.0,0.0101,52.6947,5.2695,2.0,8.2009,1.3655,0.2092,1.3865,0.0216,1.366,1.005e-05,1.0012,0.0142,2.197,8.0,0.0738,1.002,0.1758,2.4669,0.0053,0.9475,0.0615,2.0104,0.0,0.0,0.0,-0.1608,26.0,25.0,38.0,38.0,14.0,0.0,0.0,0.0,0.0,41.1376,64.0,23.1089,0.0,0.0
21966.0,1.7362,0.092,1.0,0.08,1.2023,2.0558,1.0558,2.3091,1.3091,26.6468,2.0659,26.3829,2.0553,100.0,0.0,0.0,0.0,25.375,0.0,26.5,0.0,26.375,0.0,25.375,10.0,0.0,0.0103,52.6939,5.2694,2.0,8.2361,1.3663,0.2119,1.3867,0.0213,1.366,1.005e-05,1.0012,0.0142,2.1964,8.0,0.0761,1.002,0.1743,2.4631,0.0065,1.0354,0.0586,1.9901,0.0,0.0,0.0,-0.1605,26.0,25.0,38.0,38.0,14.0,0.0,0.0,0.0,0.0,41.1384,64.0,23.3219,0.0,0.0
21967.0,1.7353,0.0919,1.0,0.0801,1.2027,2.0552,1.0552,2.3091,1.3091,26.7782,2.0711,26.3913,2.0557,100.0,0.0,0.0,0.0,25.375,0.0,26.5,0.0,26.375,0.0,25.5,10.0,0.0,0.0099,52.6937,5.2694,2.0,8.1092,1.3636,0.1225,1.377,0.0215,1.366,1.005e-05,1.0013,0.0142,2.1961,8.0,0.0756,1.002,0.1432,2.3778,0.0059,0.9891,0.0527,1.9434,0.0,0.0,0.0,-0.1603,26.0,25.0,38.0,37.0,14.0,0.0,0.0,0.0,0.0,41.138,64.0,23.5025,0.0,0.0
21968.0,1.7362,0.092,1.0,0.0803,1.2031,2.0552,1.0552,2.3096,1.3096,26.8481,2.0739,26.3675,2.0547,100.0,0.0,0.0,0.0,25.25,0.0,26.375,0.0,26.5,0.0,25.375,10.0,0.0,0.0102,52.6936,5.2693,2.0,7.9101,1.3593,0.0136,1.3651,0.0212,1.3659,1.005e-05,1.0012,0.0142,2.1957,8.0,0.0757,1.002,0.1592,2.4238,0.0061,1.0037,0.0544,1.9571,0.0,0.0,0.0,-0.1607,26.0,25.0,38.0,37.0,13.0,0.0,0.0,0.0,0.0,41.1383,64.0,23.6935,0.0,0.0
21969.0,1.737,0.0921,1.0,0.0802,1.2029,2.0556,1.0556,2.3098,1.3098,26.7838,2.0714,26.3582,2.0543,100.0,0.0,0.0,0.0,25.375,0.0,26.375,0.0,26.375,0.0,25.5,10.0,0.0,0.0104,52.6932,5.2693,2.0,7.8809,1.3586,0.0189,1.3657,0.0214,1.366,1.005e-05,1.0012,0.0142,2.1947,8.0,0.076,1.002,0.135,2.3521,0.0064,1.0292,0.052,1.9377,0.0,0.0,0.0,-0.1606,26.0,25.0,38.0,37.0,15.0,0.0,0.0,0.0,0.0,41.1378,64.0,23.8558,0.0,0.0
21970.0,1.7373,0.0922,1.0,0.08,1.2021,2.056,1.056,2.3094,1.3094,26.6682,2.0667,26.3594,2.0544,100.0,0.0,0.0,0.0,25.5,0.0,26.5,0.0,26.5,0.0,25.5,10.0,0.0,0.0105,52.6925,5.2692,2.0,7.8177,1.3572,-0.0174,1.3617,0.0213,1.366,1.005e-05,1.0013,0.0142,2.1945,8.0,0.0742,1.002,0.1523,2.4046,0.0058,0.9825,0.044,1.8655,0.0,0.0,0.0,-0.1607,26.0,25.0,38.0,37.0,15.0,0.0,0.0,0.0,0.0,41.1378,64.0,24.0264,0.0,0.0
21971.0,1.7373,0.0922,1.0,0.08,1.2024,2.0561,1.0561,2.3091,1.3091,26.6175,2.0647,26.383,2.0553,100.0,0.0,0.0,0.0,25.375,0.0,26.625,0.0,26.5,0.0,25.5,10.0,0.0,0.0106,52.6918,5.2691,2.0,7.8376,1.3577,-0.0306,1.3603,0.021,1.3659,1.005e-05,1.0012,0.0142,2.1938,8.0,0.0743,1.002,0.1609,2.4285,0.006,1.0035,0.0468,1.8922,0.0,0.0,0.0,-0.1605,26.0,25.0,38.0,37.0,15.0,0.0,0.0,0.0,0.0,41.1377,64.0,24.2137,0.0,0.0
21972.0,1.7383,0.0923,1.0,0.08,1.2023,2.0556,1.0556,2.309,1.309,26.7787,2.0711,26.4004,2.056,100.0,0.0,0.0,0.0,25.375,0.0,26.5,0.0,26.375,0.0,25.5,10.0,0.0,0.0101,52.6912,5.2691,2.0,7.8113,1.3571,0.0378,1.3678,0.0212,1.3659,1.005e-05,1.0012,0.0141,2.1932,8.0,0.0746,1.002,0.122,2.3081,0.0062,1.0128,0.0447,1.8718,0.0,0.0,0.0,-0.1607,26.0,25.0,38.0,38.0,14.0,0.0,0.0,0.0,0.0,41.1375,64.0,24.4349,0.0,0.0
21973.0,1.7378,0.0922,1.0,0.0799,1.202,2.0555,1.0555,2.3094,1.3094,26.8554,2.0742,26.3798,2.0552,100.0,0.0,0.0,0.0,25.375,0.0,26.5,0.0,26.5,0.0,25.5,10.0,0.0,0.0104,52.6909,5.2691,2.0,7.8327,1.3576,0.0008,1.3637,0.0194,1.3658,1.004e-05,1.001,0.0141,2.1929,8.0,0.0657,1.0018,0.1231,2.312,0.0063,1.022,0.0547,1.9601,0.0,0.0,0.0,-0.1605,26.0,25.0,38.0,38.0,13.0,0.0,0.0,0.0,0.0,41.1375,64.0,24.6014,0.0,0.0
21974.0,1.7362,0.092,1.0,0.0796,1.2011,2.0555,1.0555,2.3098,1.3098,26.7827,2.0713,26.361,2.0544,100.0,0.0,0.0,0.0,25.375,0.0,26.5,0.0,26.375,0.0,25.5,10.0,0.0,0.01,52.6903,5.269,2.0,7.9591,1.3603,0.0738,1.3717,0.0189,1.3657,1.004e-05,1.001,0.0141,2.1919,8.0,0.065,1.0017,0.1887,2.4976,0.0057,0.975,0.053,1.9465,0.0,0.0,0.0,-0.1608,26.0,25.0,38.0,38.0,13.0,0.0,0.0,0.0,0.0,41.1375,64.0,24.7561,0.0,0.0
21975.0,1.7356,0.092,1.0,0.0799,1.202,2.0557,1.0557,2.3094,1.3094,26.6686,2.0667,26.3541,2.0542,100.0,0.0,0.0,0.0,25.375,0.0,26.625,0.0,26.5,0.0,25.5,10.0,0.0,0.0103,52.6898,5.2689,2.0,7.8894,1.3588,0.0642,1.3706,0.019,1.3657,1.004e-05,1.001,0.0141,2.1914,8.0,0.0672,1.0018,0.1922,2.5055,0.0067,1.0486,0.0658,2.0398,0.0,0.0,0.0,-0.1607,26.0,25.0,38.0,38.0,14.0,0.0,0.0,0.0,0.0,41.1378,64.0,24.9452,0.0,0.0
21976.0,1.7346,0.0918,1.0,0.08,1.2023,2.0557,1.0557,2.3092,1.3092,26.6029,2.0641,26.3741,2.055,100.0,0.0,0.0,0.0,25.375,0.0,26.5,0.0,26.5,0.0,25.5,10.0,0.0,0.0101,52.6897,5.2689,2.0,7.8453,1.3578,-0.0015,1.3635,0.0186,1.3657,1.004e-05,1.001,0.0141,2.1907,8.0,0.0663,1.0018,0.175,2.4648,0.0069,1.0586,0.0836,2.1439,0.0,0.0,0.0,-0.1607,26.0,25.0,38.0,38.0,14.0,0.0,0.0,0.0,0.0,41.1378,64.0,25.1622,0.0,0.0
21977.0,1.7348,0.0918,1.0,0.0798,1.2018,2.0552,1.0552,2.309,1.309,26.7209,2.0688,26.3895,2.0556,100.0,0.0,0.0,0.0,25.375,0.0,26.5,0.0,26.375,0.0,25.375,10.0,0.0,0.0096,52.6892,5.2689,2.0,7.7817,1.3564,-0.023,1.3611,0.0193,1.3657,1.004e-05,1.001,0.0141,2.1901,8.0,0.0652,1.0017,0.1538,2.4089,0.0061,1.0037,0.07,2.0672,0.0,0.0,0.0,-0.1609,26.0,25.0,38.0,38.0,13.0,0.0,0.0,0.0,0.0,41.1378,64.0,25.3289,0.0,0.0
21978.0,1.736,0.092,1.0,0.0798,1.2016,2.055,1.055,2.3093,1.3093,26.8634,2.0745,26.3751,2.055,100.0,0.0,0.0,0.0,25.25,0.0,26.625,0.0,26.375,0.0,25.375,10.0,0.0,0.0102,52.6891,5.2689,2.0,7.6641,1.3538,-0.1243,1.3501,0.0195,1.3658,1.004e-05,1.001,0.0141,2.1899,8.0,0.0666,1.0018,0.1569,2.4176,0.0056,0.9712,0.0684,2.0571,0.0,0.0,0.0,-0.1606,26.0,25.0,38.0,38.0,15.0,0.0,0.0,0.0,0.0,41.1378,64.0,25.5162,0.0,0.0
21979.0,1.7342,0.0918,1.0,0.0796,1.2011,2.0557,1.0557,2.3096,1.3096,26.8273,2.0731,26.3602,2.0544,100.0,0.0,0.0,0.0,25.375,0.0,26.5,0.0,26.5,0.0,25.5,10.0,0.0,0.01,52.6882,5.2688,2.0,7.5861,1.352,-0.1216,1.3504,0.0196,1.3658,1.004e-05,1.001,0.0141,2.1893,8.0,0.0663,1.0018,0.1733,2.4606,0.0063,1.0237,0.0657,2.0392,0.0,0.0,0.0,-0.1609,26.0,25.0,38.0,38.0,13.0,0.0,0.0,0.0,0.0,41.1382,64.0,25.698,0.0,0.0
21980.0,1.7352,0.0919,1.0,0.08,1.2022,2.0558,1.0558,2.3094,1.3094,26.6769,2.0671,26.3652,2.0546,100.0,0.0,0.0,0.0,25.5,0.0,26.5,0.0,26.5,0.0,25.375,10.0,0.0,0.0104,52.6879,5.2688,2.0,7.6256,1.3529,-0.0563,1.3575,0.0197,1.3658,1.005e-05,1.001,0.0141,2.1889,8.0,0.0679,1.0018,0.1462,2.3867,0.0055,0.9613,0.0829,2.1403,0.0,0.0,0.0,-0.1607,26.0,25.0,38.0,38.0,13.0,0.0,0.0,0.0,0.0,41.1384,64.0,25.8846,0.0,0.0
21981.0,1.7352,0.0919,1.0,0.0797,1.2015,2.0557,1.0557,2.3092,1.3092,26.5947,2.0638,26.3698,2.0548,100.0,0.0,0.0,0.0,25.25,0.0,26.5,0.0,26.5,0.0,25.5,10.0,0.0,0.0101,52.6872,5.2687,2.0,7.7831,1.3565,0.0066,1.3644,0.0192,1.3657,1.004e-05,1.001,0.0141,2.1882,8.0,0.0693,1.0018,0.1435,2.3786,0.0065,1.038,0.0806,2.1282,0.0,0.0,0.0,-0.1605,26.0,25.0,38.0,38.0,14.0,0.0,0.0,0.0,0.0,41.1382,64.0,26.0618,0.0,0.0
21982.0,1.7362,0.092,1.0,0.0798,1.2017,2.0555,1.0555,2.309,1.309,26.6864,2.0675,26.3872,2.0555,100.0,0.0,0.0,0.0,25.375,0.0,26.5,0.0,26.5,0.0,25.5,10.0,0.0,0.0106,52.687,5.2687,2.0,7.7609,1.356,-0.0422,1.359,0.0198,1.3658,1.005e-05,1.0011,0.0141,2.188,8.0,0.0697,1.0019,0.1354,2.3534,0.0066,1.0441,0.0786,2.1174,0.0,0.0,0.0,-0.1602,26.0,25.0,38.0,38.0,13.0,0.0,0.0,0.0,0.0,41.1383,64.0,26.2116,0.0,0.0
21983.0,1.7353,0.0919,1.0,0.0799,1.2021,2.0555,1.0555,2.3092,1.3092,26.8462,2.0738,26.3853,2.0554,100.0,0.0,0.0,0.0,25.375,0.0,26.375,0.0,26.5,0.0,25.5,10.0,0.0,0.0097,52.6863,5.2686,2.0,7.7205,1.3551,-0.0096,1.3626,0.0197,1.3658,1.005e-05,1.0011,0.0141,2.1874,8.0,0.0681,1.0018,0.2305,2.5846,0.006,0.9981,0.0688,2.0595,0.0,0.0,0.0,-0.1607,26.0,25.0,38.0,38.0,14.0,0.0,0.0,0.0,0.0,41.1381,64.0,26.3989,0.0,0.0
21984.0,1.7342,0.0918,1.0,0.0802,1.2029,2.0561,1.0561,2.3095,1.3095,26.8069,2.0723,26.3704,2.0548,100.0,0.0,0.0,0.0,25.375,0.0,26.375,0.0,26.625,0.0,25.375,10.0,0.0,0.0099,52.686,5.2686,2.0,7.8704,1.3584,0.0087,1.3646,0.0212,1.3659,1.005e-05,1.0012,0.0141,2.1867,8.0,0.0772,1.0021,0.1829,2.484,0.0058,0.9847,0.0677,2.0525,0.0,0.0,0.0,-0.1606,26.0,25.0,38.0,38.0,14.0,0.0,0.0,0.0,0.0,41.1379,64.0,26.5769,0.0,0.0
21985.0,1.7344,0.0918,1.0,0.0799,1.202,2.0565,1.0565,2.3095,1.3095,26.7143,2.0686,26.3753,2.055,100.0,0.0,0.0,0.0,25.25,0.0,26.5,0.0,26.5,0.0,25.5,10.0,0.0,0.0102,52.6854,5.2685,2.0,7.753,1.3558,-0.0015,1.3635,0.021,1.3659,1.005e-05,1.0012,0.0141,2.1862,8.0,0.0758,1.002,0.1726,2.459,0.0052,0.9408,0.067,2.0477,0.0,0.0,0.0,-0.1604,26.0,25.0,38.0,38.0,13.0,0.0,0.0,0.0,0.0,41.1384,64.0,26.8021,0.0,0.0
21986.0,1.7334,0.0917,1.0,0.0799,1.202,2.0562,1.0562,2.3093,1.3093,26.61,2.0644,26.3687,2.0547,100.0,0.0,0.0,0.0,25.375,0.0,26.375,0.0,26.5,0.0,25.375,10.0,0.0,0.0105,52.6847,5.2684,2.0,7.8868,1.3588,0.0869,1.3731,0.021,1.3659,1.005e-05,1.0012,0.0141,2.186,8.0,0.074,1.002,0.1606,2.4277,0.0055,0.9583,0.0727,2.0836,0.0,0.0,0.0,-0.1608,26.0,25.0,38.0,38.0,14.0,0.0,0.0,0.0,0.0,41.1385,64.0,26.9616,0.0,0.0
21987.0,1.7331,0.0916,1.0,0.08,1.2022,2.0553,1.0553,2.3094,1.3094,26.6905,2.0676,26.3866,2.0555,100.0,0.0,0.0,0.0,25.375,0.0,26.5,0.0,26.5,0.0,25.375,10.0,0.0,0.0099,52.6842,5.2684,2.0,8.0933,1.3633,0.1702,1.3822,0.0209,1.3659,1.005e-05,1.0012,0.0141,2.1855,8.0,0.0747,1.002,0.1561,2.4151,0.0063,1.0209,0.0768,2.107,0.0,0.0,0.0,-0.1608,26.0,25.0,38.0,38.0,14.0,0.0,0.0,0.0,0.0,41.1376,64.0,27.131,0.0,0.0
21988.0,1.7331,0.0916,1.0,0.08,1.2023,2.0551,1.0551,2.3096,1.3096,26.8556,2.0742,26.3782,2.0551,100.0,0.0,0.0,0.0,25.25,0.0,26.375,0.0,26.5,0.0,25.5,10.0,0.0,0.0095,52.684,5.2684,2.0,8.1161,1.3637,0.2067,1.3862,0.0205,1.3659,1.005e-05,1.0012,0.0141,2.185,8.0,0.0762,1.002,0.1421,2.3744,0.0058,0.9838,0.0648,2.0332,0.0,0.0,0.0,-0.1605,26.0,25.0,38.0,38.0,15.0,0.0,0.0,0.0,0.0,41.1374,64.0,27.3451,0.0,0.0
21989.0,1.7341,0.0918,1.0,0.08,1.2023,2.0556,1.0556,2.3095,1.3095,26.8309,2.0732,26.3617,2.0545,100.0,0.0,0.0,0.0,25.25,0.0,26.5,0.0,26.375,0.0,25.375,10.0,0.0,0.0101,52.6836,5.2684,2.0,8.0987,1.3634,0.1761,1.3828,0.0206,1.3659,1.005e-05,1.0012,0.014,2.1841,8.0,0.0743,1.002,0.2253,2.5746,0.0057,0.9791,0.0746,2.0948,0.0,0.0,0.0,-0.1606,26.0,25.0,38.0,38.0,14.0,0.0,0.0,0.0,0.0,41.1378,64.0,27.5385,0.0,0.0
21990.0,1.7322,0.0915,1.0,0.0799,1.202,2.0558,1.0558,2.3094,1.3094,26.7407,2.0696,26.3662,2.0546,100.0,0.0,0.0,0.0,25.375,0.0,26.375,0.0,26.375,0.0,25.375,10.0,0.0,0.0095,52.6836,5.2683,2.0,8.2005,1.3655,0.1674,1.3819,0.0201,1.3658,1.005e-05,1.0012,0.014,2.1842,8.0,0.0724,1.0019,0.1986,2.5198,0.0063,1.0183,0.0808,2.1293,0.0,0.0,0.0,-0.1605,26.0,25.0,38.0,38.0,14.0,0.0,0.0,0.0,0.0,41.1378,64.0,27.7073,0.0,0.0
21991.0,1.731,0.0914,1.0,0.0799,1.2021,2.0561,1.0561,2.3093,1.3093,26.6135,2.0645,26.3623,2.0545,100.0,0.0,0.0,0.0,25.375,0.0,26.375,0.0,26.375,0.0,25.5,10.0,0.0,0.0104,52.6828,5.2682,2.0,8.0595,1.3625,0.0848,1.3729,0.0206,1.3659,1.005e-05,1.0012,0.014,2.1835,8.0,0.0739,1.002,0.2105,2.545,0.0057,0.9802,0.0807,2.1286,0.0,0.0,0.0,-0.1604,26.0,25.0,38.0,38.0,15.0,0.0,0.0,0.0,0.0,41.1378,64.0,27.8737,0.0,0.0
21992.0,1.7301,0.0913,1.0,0.0801,1.2024,2.056,1.056,2.3089,1.3089,26.6298,2.0652,26.3803,2.0552,100.0,0.0,0.0,0.0,25.375,0.0,26.5,0.0,26.5,0.0,25.5,10.0,0.0,0.0098,52.6822,5.2682,2.0,7.9634,1.3604,0.0432,1.3683,0.0206,1.3659,1.005e-05,1.0011,0.014,2.1832,8.0,0.0727,1.0019,0.1811,2.4797,0.0058,0.9863,0.0794,2.1216,0.0,0.0,0.0,-0.1606,26.0,25.0,38.0,38.0,14.0,0.0,0.0,0.0,0.0,41.1383,64.0,28.0711,0.0,0.0
21993.0,1.7273,0.0909,1.0,0.0801,1.2025,2.0555,1.0555,2.3091,1.3091,26.8267,2.0731,26.3889,2.0556,100.0,0.0,0.0,0.0,25.25,0.0,26.375,0.0,26.375,0.0,25.375,10.0,0.0,0.0102,52.6818,5.2681,2.0,7.9241,1.3596,0.0848,1.3729,0.0203,1.3658,1.005e-05,1.0011,0.014,2.1822,8.0,0.0752,1.002,0.2119,2.5479,0.006,1.0005,0.0762,2.1035,0.0,0.0,0.0,-0.1609,26.0,25.0,38.0,38.0,14.0,0.0,0.0,0.0,0.0,41.1378,64.0,28.2216,0.0,0.0
21994.0,1.7308,0.0914,1.0,0.08,1.2021,2.0559,1.0559,2.3095,1.3095,26.834,2.0734,26.374,2.055,100.0,0.0,0.0,0.0,25.375,0.0,26.5,0.0,26.375,0.0,25.375,10.0,0.0,0.0097,52.6815,5.2681,2.0,8.078,1.3629,0.1216,1.3769,0.0211,1.3659,1.005e-05,1.0012,0.014,2.182,8.0,0.0732,1.002,0.2604,2.6375,0.0063,1.0238,0.0774,2.1108,0.0,0.0,0.0,-0.1609,26.0,25.0,38.0,38.0,15.0,0.0,0.0,0.0,0.0,41.1381,64.0,28.4199,0.0,0.0
21995.0,1.7339,0.0917,1.0,0.0795,1.2008,2.056,1.056,2.3094,1.3094,26.7509,2.07,26.3662,2.0546,100.0,0.0,0.0,0.0,25.25,0.0,26.5,0.0,26.375,0.0,25.5,10.0,0.0,0.0104,52.6815,5.2681,2.0,8.0574,1.3625,0.1325,1.3781,0.0186,1.3657,1.004e-05,1.001,0.014,2.1813,8.0,0.0655,1.0017,0.2318,2.587,0.0055,0.9605,0.0763,2.1044,0.0,0.0,0.0,-0.1609,26.0,25.0,38.0,38.0,12.0,0.0,0.0,0.0,0.0,41.1382,64.0,28.6017,0.0,0.0
21996.0,1.7352,0.0919,1.0,0.0799,1.2019,2.0563,1.0563,2.3093,1.3093,26.6152,2.0646,26.3629,2.0545,100.0,0.0,0.0,0.0,25.5,0.0,26.375,0.0,26.375,0.0,25.625,10.0,0.0,0.0102,52.6806,5.268,2.0,8.019,1.3616,0.0776,1.3721,0.0186,1.3657,1.004e-05,1.001,0.014,2.1806,8.0,0.0667,1.0018,0.2661,2.6469,0.0063,1.021,0.0667,2.0459,0.0,0.0,0.0,-0.1606,26.0,25.0,38.0,38.0,13.0,0.0,0.0,0.0,0.0,41.1384,64.0,28.7851,0.0,0.0
21997.0,1.7352,0.0919,1.0,0.0797,1.2015,2.0559,1.0559,2.309,1.309,26.6506,2.066,26.3815,2.0553,100.0,0.0,0.0,0.0,25.25,0.0,26.625,0.0,26.5,0.0,25.375,10.0,0.0,0.01,52.6801,5.268,2.0,8.0216,1.3617,0.0963,1.3741,0.0187,1.3657,1.004e-05,1.0009,0.014,2.1801,8.0,0.0646,1.0017,0.2721,2.6565,0.006,0.9993,0.0729,2.0846,0.0,0.0,0.0,-0.1605,26.0,25.0,38.0,38.0,15.0,0.0,0.0,0.0,0.0,41.1379,64.0,28.9642,0.0,0.0
21998.0,1.7361,0.092,1.0,0.0798,1.2018,2.0556,1.0556,2.3091,1.3091,26.8095,2.0724,26.3903,2.0556,100.0,0.0,0.0,0.0,25.375,0.0,26.375,0.0,26.375,0.0,25.5,10.0,0.0,0.0111,52.6798,5.2679,2.0,8.0274,1.3618,0.0759,1.3719,0.0187,1.3657,1.004e-05,1.0009,0.014,2.1797,8.0,0.067,1.0018,0.2437,2.6087,0.0056,0.9699,0.0659,2.041,0.0,0.0,0.0,-0.1608,26.0,25.0,38.0,38.0,14.0,0.0,0.0,0.0,0.0,41.1379,64.0,29.1529,0.0,0.0
21999.0,1.7384,0.0923,1.0,0.0799,1.2019,2.0557,1.0557,2.3095,1.3095,26.8546,2.0742,26.3768,2.0551,100.0,0.0,0.0,0.0,25.5,0.0,26.375,0.0,26.375,0.0,25.5,10.0,0.0,0.0109,52.6794,5.2679,2.0,8.1204,1.3638,0.1378,1.3787,0.0184,1.3656,1.004e-05,1.001,0.014,2.1795,8.0,0.0667,1.0018,0.2762,2.663,0.0059,0.9897,0.0563,1.9723,0.0,0.0,0.0,-0.1607,26.0,25.0,38.0,38.0,15.0,0.0,0.0,0.0,0.0,41.1373,64.0,29.375,0.0,0.0
22000.0,1.7404,0.0925,1.0,0.0799,1.2019,2.0562,1.0562,2.3094,1.3094,26.7546,2.0702,26.3758,2.055,100.0,0.0,0.0,0.0,25.375,0.0,26.5,0.0,26.375,0.0,25.5,10.0,0.0,0.0104,52.6792,5.2679,2.0,8.0591,1.3625,0.0788,1.3722,0.0191,1.3657,1.004e-05,1.001,0.014,2.1787,8.0,0.067,1.0018,0.2609,2.6383,0.0062,1.0144,0.0596,1.9968,0.0,0.0,0.0,-0.1608,26.0,25.0,38.0,38.0,14.0,0.0,0.0,0.0,0.0,41.1375,64.0,29.5482,0.0,0.0
22001.0,1.7393,0.0924,1.0,0.0799,1.2019,2.0567,1.0567,2.309,1.309,26.656,2.0662,26.3736,2.0549,100.0,0.0,0.0,0.0,25.375,0.0,26.625,0.0,26.375,0.0,25.5,10.0,0.0,0.0106,52.6786,5.2678,2.0,8.0037,1.3613,0.1169,1.3764,0.0191,1.3657,1.004e-05,1.001,0.014,2.1783,8.0,0.0684,1.0018,0.3112,2.7149,0.0055,0.965,0.0695,2.0641,0.0,0.0,0.0,-0.1609,26.0,25.0,38.0,38.0,14.0,0.0,0.0,0.0,0.0,41.1376,64.0,29.7208,0.0,0.0
22002.0,1.7384,0.0923,1.0,0.08,1.2021,2.0562,1.0562,2.3091,1.3091,26.5965,2.0639,26.3784,2.0551,100.0,0.0,0.0,0.0,25.375,0.0,26.375,0.0,26.5,0.0,25.375,10.0,0.0,0.0104,52.6781,5.2678,2.0,8.2333,1.3662,0.187,1.384,0.0191,1.3657,1.004e-05,1.001,0.014,2.1777,8.0,0.0698,1.0019,0.2826,2.673,0.0062,1.0134,0.0725,2.0824,0.0,0.0,0.0,-0.1612,26.0,25.0,38.0,38.0,15.0,0.0,0.0,0.0,0.0,41.1378,64.0,29.908,0.0,0.0
22003.0,1.7374,0.0922,1.0,0.0801,1.2026,2.0552,1.0552,2.309,1.309,26.7297,2.0692,26.3899,2.0556,100.0,0.0,0.0,0.0,25.375,0.0,26.5,0.0,26.5,0.0,25.375,10.0,0.0,0.0107,52.6777,5.2678,2.0,8.2221,1.366,0.1872,1.3841,0.0196,1.3658,1.005e-05,1.0011,0.014,2.1774,8.0,0.0689,1.0018,0.3162,2.7218,0.0059,0.9918,0.0636,2.0256,0.0,0.0,0.0,-0.1606,26.0,25.0,38.0,38.0,15.0,0.0,0.0,0.0,0.0,41.1381,64.0,30.125,0.0,0.0
22004.0,1.7372,0.0922,1.0,0.0799,1.202,2.0557,1.0557,2.309,1.309,26.8471,2.0739,26.3902,2.0556,100.0,0.0,0.0,0.0,25.375,0.0,26.5,0.0,26.375,0.0,25.375,10.0,0.0,0.01,52.6773,5.2677,2.0,8.3591,1.3689,0.275,1.3936,0.0197,1.3658,1.005e-05,1.0011,0.014,2.177,8.0,0.0706,1.0019,0.3146,2.7196,0.0056,0.9669,0.057,1.9779,0.0,0.0,0.0,-0.1605,26.0,25.0,38.0,38.0,14.0,0.0,0.0,0.0,0.0,41.1379,64.0,30.3096,0.0,0.0
22005.0,1.7364,0.092,1.0,0.0799,1.2019,2.0563,1.0563,2.309,1.309,26.794,2.0718,26.3788,2.0552,100.0,0.0,0.0,0.0,25.375,0.0,26.5,0.0,26.75,0.0,25.5,10.0,0.0,0.0101,52.6769,5.2677,2.0,8.5733,1.3733,0.3179,1.3983,0.0198,1.3658,1.004e-05,1.001,0.014,2.1764,8.0,0.073,1.0019,0.3229,2.7309,0.0061,1.0076,0.0601,2.0007,0.0,0.0,0.0,-0.161,26.0,25.0,38.0,38.0,14.0,0.0,0.0,0.0,0.0,41.1382,64.0,30.4629,0.0,0.0
22006.0,1.7362,0.092,1.0,0.0796,1.2012,2.0562,1.0562,2.309,1.309,26.677,2.0671,26.3694,2.0548,100.0,0.0,0.0,0.0,25.375,0.0,26.375,0.0,26.375,0.0,25.5,10.0,0.0,0.0091,52.6765,5.2676,2.0,8.6012,1.3738,0.3516,1.402,0.0189,1.3657,1.004e-05,1.001,0.0139,2.176,8.0,0.0655,1.0017,0.23,2.5836,0.0057,0.9787,0.0584,1.9881,0.0,0.0,0.0,-0.1607,26.0,25.0,38.0,38.0,13.0,0.0,0.0,0.0,0.0,41.1384,64.0,30.6493,0.0,0.0
22007.0,1.7342,0.0918,1.0,0.0798,1.2016,2.0561,1.0561,2.3091,1.3091,26.6046,2.0642,26.3758,2.055,100.0,0.0,0.0,0.0,25.25,0.0,26.375,0.0,26.5,0.0,25.5,10.0,0.0,0.0111,52.676,5.2676,2.0,8.6248,1.3743,0.3161,1.3981,0.0186,1.3657,1.004e-05,1.001,0.0139,2.1753,8.0,0.0681,1.0018,0.3805,2.8022,0.0066,1.0421,0.0542,1.9562,0.0,0.0,0.0,-0.1603,26.0,25.0,38.0,38.0,15.0,0.0,0.0,0.0,0.0,41.138,64.0,30.8277,0.0,0.0
22008.0,1.7323,0.0915,1.0,0.08,1.2023,2.0553,1.0553,2.309,1.309,26.73,2.0692,26.3878,2.0555,100.0,0.0,0.0,0.0,25.375,0.0,26.5,0.0,26.5,0.0,25.5,10.0,0.0,0.01,52.6757,5.2676,2.0,8.6927,1.3757,0.3639,1.4033,0.0189,1.3657,1.004e-05,1.001,0.0139,2.1751,8.0,0.0669,1.0018,0.2911,2.6859,0.0063,1.0194,0.0662,2.043,0.0,0.0,0.0,-0.1608,26.0,25.0,38.0,38.0,14.0,0.0,0.0,0.0,0.0,41.1373,64.0,31.0189,0.0,0.0
22009.0,1.731,0.0914,1.0,0.0798,1.2017,2.0552,1.0552,2.3093,1.3093,26.8515,2.0741,26.372,2.0549,100.0,0.0,0.0,0.0,25.375,0.0,26.5,0.0,26.375,0.0,25.375,10.0,0.0,0.0097,52.6752,5.2675,2.0,8.7765,1.3773,0.416,1.409,0.0182,1.3656,1.004e-05,1.0009,0.0139,2.1746,8.0,0.0654,1.0017,0.3508,2.7669,0.0063,1.024,0.0632,2.0225,0.0,0.0,0.0,-0.1605,26.0,25.0,38.0,38.0,15.0,0.0,0.0,0.0,0.0,41.1375,64.0,31.2194,0.0,0.0
22010.0,1.7334,0.0917,1.0,0.0799,1.2019,2.0559,1.0559,2.3093,1.3093,26.8032,2.0721,26.3704,2.0548,100.0,0.0,0.0,0.0,25.375,0.0,26.5,0.0,26.375,0.0,25.375,10.0,0.0,0.01,52.6748,5.2675,2.0,8.9082,1.3799,0.4527,1.413,0.0192,1.3657,1.004e-05,1.001,0.0139,2.1741,8.0,0.069,1.0018,0.2546,2.6277,0.0056,0.9727,0.0781,2.1148,0.0,0.0,0.0,-0.161,26.0,25.0,38.0,38.0,13.0,0.0,0.0,0.0,0.0,41.1375,64.0,31.3808,0.0,0.0
22011.0,1.7352,0.0919,1.0,0.0799,1.2019,2.0562,1.0562,2.309,1.309,26.6793,2.0672,26.3759,2.055,100.0,0.0,0.0,0.0,25.375,0.0,26.5,0.0,26.5,0.0,25.375,10.0,0.0,0.0106,52.6743,5.2674,2.0,9.105,1.3837,0.5366,1.4222,0.0191,1.3657,1.004e-05,1.001,0.0139,2.1736,8.0,0.0673,1.0018,0.2572,2.6321,0.0065,1.0326,0.076,2.1026,0.0,0.0,0.0,-0.1607,26.0,25.0,38.0,38.0,13.0,0.0,0.0,0.0,0.0,41.1375,64.0,31.5685,0.0,0.0
22012.0,1.7339,0.0917,1.0,0.0799,1.2021,2.0562,1.0562,2.3088,1.3088,26.5899,2.0636,26.379,2.0552,100.0,0.0,0.0,0.0,25.375,0.0,26.375,0.0,26.5,0.0,25.375,10.0,0.0,0.01,52.6741,5.2674,2.0,9.1842,1.3852,0.5193,1.4203,0.0192,1.3657,1.005e-05,1.0011,0.0139,2.1731,8.0,0.0673,1.0018,0.2644,2.6442,0.0052,0.935,0.0711,2.0739,0.0,0.0,0.0,-0.1607,26.0,25.0,38.0,38.0,14.0,0.0,0.0,0.0,0.0,41.1373,64.0,31.7794,0.0,0.0
22013.0,1.7341,0.0918,1.0,0.0799,1.202,2.0556,1.0556,2.3091,1.3091,26.6692,2.0668,26.3926,2.0557,100.0,0.0,0.0,0.0,25.375,0.0,26.5,0.0,26.375,0.0,25.375,10.0,0.0,0.0109,52.6739,5.2673,2.0,9.1624,1.3848,0.4887,1.4169,0.0192,1.3657,1.004e-05,1.001,0.0139,2.1726,8.0,0.0686,1.0018,0.2282,2.5801,0.0058,0.982,0.0781,2.1143,0.0,0.0,0.0,-0.1607,26.0,25.0,38.0,38.0,13.0,0.0,0.0,0.0,0.0,41.138,64.0,31.9585,0.0,0.0
22014.0,1.7351,0.0919,1.0,0.0799,1.202,2.0551,1.0551,2.3093,1.3093,26.8437,2.0737,26.388,2.0555,100.0,0.0,0.0,0.0,25.375,0.0,26.5,0.0,26.375,0.0,25.375,10.0,0.0,0.0105,52.6732,5.2674,2.0,9.0203,1.3821,0.3382,1.4005,0.0194,1.3658,1.005e-05,1.001,0.0139,2.1721,8.0,0.068,1.0018,0.2251,2.5743,0.0064,1.0253,0.0748,2.0959,0.0,0.0,0.0,-0.1605,26.0,25.0,38.0,38.0,13.0,0.0,0.0,0.0,0.0,41.1371,64.0,32.1488,0.0,0.0
22015.0,1.7351,0.0919,1.0,0.0799,1.2019,2.0558,1.0558,2.3093,1.3093,26.833,2.0733,26.3737,2.0549,100.0,0.0,0.0,0.0,25.25,0.0,26.5,0.0,26.5,0.0,25.375,10.0,0.0,0.0106,52.6731,5.2673,2.0,9.0636,1.3829,0.4363,1.4112,0.0193,1.3657,1.004e-05,1.001,0.0139,2.1716,8.0,0.0685,1.0018,0.2088,2.5416,0.0068,1.0558,0.073,2.0853,0.0,0.0,0.0,-0.1605,26.0,25.0,38.0,38.0,14.0,0.0,0.0,0.0,0.0,41.1377,64.0,32.3459,0.0,0.0
22016.0,1.7352,0.0919,1.0,0.0798,1.2017,2.0562,1.0562,2.309,1.309,26.7184,2.0687,26.3714,2.0549,100.0,0.0,0.0,0.0,25.375,0.0,26.5,0.0,26.5,0.0,25.375,10.0,0.0,0.0104,52.6722,5.2672,2.0,9.0855,1.3833,0.404,1.4077,0.019,1.3657,1.004e-05,1.001,0.0139,2.1712,8.0,0.0676,1.0018,0.2002,2.5232,0.0067,1.046,0.0909,2.1805,0.0,0.0,0.0,-0.1608,26.0,25.0,38.0,38.0,14.0,0.0,0.0,0.0,0.0,41.1374,64.0,32.4699,0.0,0.0
22017.0,1.7362,0.092,1.0,0.0799,1.2021,2.0562,1.0562,2.3088,1.3088,26.5926,2.0637,26.3647,2.0546,100.0,0.0,0.0,0.0,25.25,0.0,26.375,0.0,26.5,0.0,25.375,10.0,0.0,0.0105,52.6717,5.2671,2.0,9.4412,1.39,0.5164,1.42,0.0205,1.3659,1.005e-05,1.0011,0.0139,2.1704,8.0,0.0676,1.0018,0.2353,2.5934,0.0061,1.0054,0.0852,2.1523,0.0,0.0,0.0,-0.1608,26.0,25.0,38.0,37.0,13.0,0.0,0.0,0.0,0.0,41.1378,64.0,32.6542,0.0,0.0
22018.0,1.7362,0.092,1.0,0.0798,1.2016,2.0558,1.0558,2.3087,1.3087,26.6577,2.0663,26.3904,2.0556,100.0,0.0,0.0,0.0,25.375,0.0,26.375,0.0,26.375,0.0,25.5,10.0,0.0,0.0104,52.6715,5.2671,2.0,9.3345,1.388,0.4421,1.4119,0.0196,1.3658,1.005e-05,1.0011,0.0139,2.1702,8.0,0.0698,1.0019,0.2251,2.5743,0.0061,1.0077,0.0894,2.1732,0.0,0.0,0.0,-0.1609,26.0,25.0,38.0,37.0,13.0,0.0,0.0,0.0,0.0,41.1379,64.0,32.8324,0.0,0.0
22019.0,1.7371,0.0921,1.0,0.0796,1.2013,2.0555,1.0555,2.3088,1.3088,26.819,2.0728,26.3953,2.0558,100.0,0.0,0.0,0.0,25.375,0.0,26.5,0.0,26.5,0.0,25.375,10.0,0.0,0.0096,52.6711,5.2671,2.0,9.2497,1.3865,0.416,1.409,0.0202,1.3658,1.005e-05,1.0011,0.0139,2.1698,8.0,0.0713,1.0019,0.1885,2.4972,0.0056,0.9684,0.0806,2.1281,0.0,0.0,0.0,-0.1609,26.0,25.0,38.0,37.0,14.0,0.0,0.0,0.0,0.0,41.1375,64.0,33.0195,0.0,0.0
22020.0,1.7392,0.0924,1.0,0.0798,1.2016,2.0557,1.0557,2.3091,1.3091,26.8314,2.0733,26.3728,2.0549,100.0,0.0,0.0,0.0,25.5,0.0,26.5,0.0,26.375,0.0,25.5,10.0,0.0,0.0093,52.6705,5.267,2.0,9.2886,1.3872,0.3854,1.4057,0.0196,1.3658,1.005e-05,1.0011,0.0139,2.1689,8.0,0.07,1.0019,0.1845,2.4879,0.0064,1.0258,0.0753,2.0984,0.0,0.0,0.0,-0.1609,26.0,25.0,38.0,37.0,16.0,0.0,0.0,0.0,0.0,41.1385,64.0,33.2357,0.0,0.0
22021.0,1.7396,0.0924,1.0,0.0799,1.202,2.0561,1.0561,2.309,1.309,26.7351,2.0694,26.3653,2.0546,100.0,0.0,0.0,0.0,25.375,0.0,26.375,0.0,26.375,0.0,25.375,10.0,0.0,0.0098,52.6702,5.267,2.0,9.2567,1.3866,0.3786,1.4049,0.0201,1.3658,1.005e-05,1.0011,0.0139,2.1689,8.0,0.0712,1.0019,0.1987,2.52,0.0058,0.9825,0.0754,2.0993,0.0,0.0,0.0,-0.1604,26.0,25.0,38.0,37.0,13.0,0.0,0.0,0.0,0.0,41.1383,64.0,33.406,0.0,0.0
22022.0,1.7374,0.0922,1.0,0.0799,1.202,2.0562,1.0562,2.3088,1.3088,26.6027,2.0641,26.3704,2.0548,100.0,0.0,0.0,0.0,25.375,0.0,26.5,0.0,26.375,0.0,25.5,10.0,0.0,0.0099,52.67,5.267,2.0,9.2016,1.3855,0.3194,1.3985,0.0203,1.3658,1.005e-05,1.0011,0.0139,2.168,8.0,0.071,1.0019,0.2339,2.5909,0.0062,1.0135,0.0792,2.1203,0.0,0.0,0.0,-0.1608,26.0,25.0,38.0,37.0,12.0,0.0,0.0,0.0,0.0,41.1382,64.0,33.5599,0.0,0.0
22023.0,1.7362,0.092,1.0,0.0799,1.2019,2.0558,1.0558,2.3087,1.3087,26.669,2.0668,26.3954,2.0558,100.0,0.0,0.0,0.0,25.375,0.0,26.5,0.0,26.5,0.0,25.5,10.0,0.0,0.0102,52.6694,5.2669,2.0,9.1054,1.3837,0.2802,1.3942,0.0207,1.3659,1.005e-05,1.0011,0.0138,2.1679,8.0,0.0698,1.0019,0.221,2.5662,0.0067,1.0468,0.075,2.097,0.0,0.0,0.0,-0.1608,26.0,25.0,38.0,37.0,12.0,0.0,0.0,0.0,0.0,41.1377,64.0,33.755,0.0,0.0
22024.0,1.7353,0.0919,1.0,0.0797,1.2015,2.0555,1.0555,2.3088,1.3088,26.7871,2.0715,26.397,2.0559,100.0,0.0,0.0,0.0,25.375,0.0,26.5,0.0,26.375,0.0,25.5,10.0,0.0,0.0101,52.6689,5.2669,2.0,9.1465,1.3845,0.2776,1.3939,0.0207,1.3659,1.005e-05,1.0011,0.0138,2.1673,8.0,0.0704,1.0019,0.2335,2.5902,0.006,0.9995,0.0668,2.0467,0.0,0.0,0.0,-0.1606,26.0,25.0,38.0,37.0,15.0,0.0,0.0,0.0,0.0,41.138,64.0,33.9618,0.0,0.0
22025.0,1.7362,0.092,1.0,0.0799,1.2021,2.0554,1.0554,2.3094,1.3094,26.8431,2.0737,26.3753,2.055,100.0,0.0,0.0,0.0,25.25,0.0,26.5,0.0,26.375,0.0,25.375,10.0,0.0,0.0101,52.6688,5.2668,2.0,9.192,1.3854,0.2616,1.3922,0.021,1.3659,1.005e-05,1.0012,0.0138,2.1671,8.0,0.074,1.002,0.2041,2.5317,0.0065,1.0367,0.0835,2.1437,0.0,0.0,0.0,-0.161,26.0,25.0,38.0,37.0,14.0,0.0,0.0,0.0,0.0,41.1384,64.0,34.1351,0.0,0.0
22026.0,1.7372,0.0921,1.0,0.0797,1.2014,2.0557,1.0557,2.309,1.309,26.7699,2.0708,26.3606,2.0544,100.0,0.0,0.0,0.0,25.375,0.0,26.375,0.0,26.375,0.0,25.5,10.0,0.0,0.0095,52.6683,5.2669,2.0,9.0075,1.3818,0.1939,1.3848,0.0213,1.366,1.005e-05,1.0011,0.0138,2.1665,8.0,0.0734,1.002,0.2776,2.6653,0.0058,0.989,0.0711,2.0736,0.0,0.0,0.0,-0.1607,26.0,25.0,38.0,37.0,13.0,0.0,0.0,0.0,0.0,41.1378,64.0,34.3028,0.0,0.0
22027.0,1.7374,0.0922,1.0,0.0799,1.2019,2.056,1.056,2.3089,1.3089,26.6474,2.0659,26.364,2.0546,100.0,0.0,0.0,0.0,25.375,0.0,26.375,0.0,26.375,0.0,25.375,10.0,0.0,0.0104,52.668,5.2668,2.0,9.087,1.3834,0.2135,1.3869,0.0208,1.3659,1.005e-05,1.0011,0.0138,2.1659,8.0,0.0714,1.0019,0.2337,2.5905,0.006,1.0014,0.0734,2.0877,0.0,0.0,0.0,-0.1609,26.0,25.0,38.0,37.0,14.0,0.0,0.0,0.0,0.0,41.1376,64.0,34.4751,0.0,0.0
22028.0,1.7353,0.0919,1.0,0.0799,1.202,2.0559,1.0559,2.3087,1.3087,26.6433,2.0657,26.3893,2.0556,100.0,0.0,0.0,0.0,25.25,0.0,26.375,0.0,26.375,0.0,25.375,10.0,0.0,0.0102,52.6677,5.2667,2.0,9.1733,1.385,0.2353,1.3893,0.02,1.3658,1.005e-05,1.0011,0.0138,2.1651,8.0,0.0701,1.0019,0.2937,2.6897,0.0064,1.0254,0.0864,2.1586,0.0,0.0,0.0,-0.161,26.0,25.0,38.0,37.0,13.0,0.0,0.0,0.0,0.0,41.1377,64.0,34.6588,0.0,0.0
22029.0,1.7352,0.0919,1.0,0.08,1.2023,2.0553,1.0553,2.3087,1.3087,26.792,2.0717,26.3908,2.0556,100.0,0.0,0.0,0.0,25.375,0.0,26.375,0.0,26.375,0.0,25.5,10.0,0.0,0.0107,52.6671,5.2667,2.0,9.0406,1.3825,0.1512,1.3801,0.0195,1.3658,1.005e-05,1.0011,0.0138,2.1647,8.0,0.0697,1.0019,0.2063,2.5363,0.0056,0.969,0.0877,2.165,0.0,0.0,0.0,-0.1605,26.0,25.0,38.0,37.0,14.0,0.0,0.0,0.0,0.0,41.1375,64.0,34.8881,0.0,0.0
22030.0,1.7362,0.092,1.0,0.0799,1.202,2.0553,1.0553,2.309,1.309,26.8543,2.0742,26.3774,2.0551,100.0,0.0,0.0,0.0,25.25,0.0,26.375,0.0,26.375,0.0,25.375,10.0,0.0,0.0098,52.6667,5.2666,2.0,8.9547,1.3808,0.1027,1.3748,0.0193,1.3657,1.004e-05,1.001,0.0138,2.1644,8.0,0.0669,1.0018,0.2794,2.668,0.0061,1.0078,0.0869,2.1608,0.0,0.0,0.0,-0.161,26.0,25.0,38.0,37.0,13.0,0.0,0.0,0.0,0.0,41.1379,64.0,35.0519,0.0,0.0
22031.0,1.737,0.0921,1.0,0.0796,1.2013,2.056,1.056,2.309,1.309,26.7817,2.0713,26.3734,2.0549,100.0,0.0,0.0,0.0,25.25,0.0,26.5,0.0,26.5,0.0,25.375,10.0,0.0,0.0104,52.6666,5.2666,2.0,8.9898,1.3815,0.1452,1.3795,0.0189,1.3657,1.004e-05,1.001,0.0138,2.1641,8.0,0.0658,1.0018,0.2425,2.6066,0.006,0.9975,0.0829,2.1403,0.0,0.0,0.0,-0.1609,26.0,25.0,38.0,37.0,15.0,0.0,0.0,0.0,0.0,41.1383,64.0,35.2209,0.0,0.0
22032.0,1.7383,0.0923,1.0,0.0798,1.2016,2.0563,1.0563,2.3085,1.3085,26.6375,2.0655,26.374,2.055,100.0,0.0,0.0,0.0,25.375,0.0,26.5,0.0,26.375,0.0,25.5,10.0,0.0,0.0102,52.6658,5.2665,2.0,9.0955,1.3835,0.2923,1.3955,0.019,1.3657,1.004e-05,1.0009,0.0138,2.1635,8.0,0.0655,1.0017,0.2383,2.5989,0.0063,1.0215,0.0771,2.1088,0.0,0.0,0.0,-0.1605,26.0,25.0,38.0,37.0,15.0,0.0,0.0,0.0,0.0,41.138,64.0,35.4019,0.0,0.0
22033.0,1.7383,0.0923,1.0,0.0799,1.202,2.0561,1.0561,2.3086,1.3086,26.6138,2.0646,26.387,2.0555,100.0,0.0,0.0,0.0,25.5,0.0,26.5,0.0,26.375,0.0,25.375,10.0,0.0,0.0101,52.6657,5.2666,2.0,9.5806,1.3926,0.4428,1.4119,0.0186,1.3657,1.004e-05,1.001,0.0138,2.1624,8.0,0.0659,1.0018,0.2475,2.6155,0.0056,0.9706,0.079,2.1196,0.0,0.0,0.0,-0.1606,26.0,25.0,38.0,38.0,13.0,0.0,0.0,0.0,0.0,41.1378,64.0,35.6323,0.0,0.0
22034.0,1.7384,0.0923,1.0,0.0796,1.2013,2.0556,1.0556,2.3087,1.3087,26.7571,2.0703,26.4005,2.056,100.0,0.0,0.0,0.0,25.375,0.0,26.5,0.0,26.5,0.0,25.375,10.0,0.0,0.0098,52.6655,5.2666,2.0,9.6678,1.3941,0.4445,1.4121,0.0191,1.3657,1.004e-05,1.0009,0.0138,2.1624,8.0,0.0653,1.0017,0.1859,2.4912,0.0053,0.9442,0.0755,2.1,0.0,0.0,0.0,-0.1607,26.0,25.0,38.0,38.0,12.0,0.0,0.0,0.0,0.0,41.1374,64.0,35.8011,0.0,0.0
22035.0,1.7383,0.0923,1.0,0.0797,1.2015,2.0556,1.0556,2.309,1.309,26.857,2.0743,26.3909,2.0556,100.0,0.0,0.0,0.0,25.25,0.0,26.5,0.0,26.5,0.0,25.5,10.0,0.0,0.0105,52.6652,5.2665,2.0,9.731,1.3953,0.4737,1.4153,0.0193,1.3657,1.005e-05,1.0011,0.0138,2.162,8.0,0.071,1.0019,0.2301,2.5838,0.0066,1.0434,0.0708,2.0722,0.0,0.0,0.0,-0.1605,26.0,25.0,38.0,38.0,14.0,0.0,0.0,0.0,0.0,41.1381,64.0,36.0022,0.0,0.0
22036.0,1.7373,0.0922,1.0,0.0799,1.202,2.0561,1.0561,2.3089,1.3089,26.8052,2.0722,26.3741,2.055,100.0,0.0,0.0,0.0,25.375,0.0,26.375,0.0,26.375,0.0,25.375,10.0,0.0,0.0102,52.6646,5.2664,2.0,9.7669,1.3959,0.4729,1.4152,0.0203,1.3659,1.005e-05,1.0011,0.0138,2.1614,8.0,0.0702,1.0019,0.2232,2.5706,0.0061,1.0065,0.0806,2.1283,0.0,0.0,0.0,-0.1608,26.0,25.0,38.0,38.0,13.0,0.0,0.0,0.0,0.0,41.1376,64.0,36.1885,0.0,0.0
22037.0,1.7352,0.0919,1.0,0.08,1.2023,2.0562,1.0562,2.3085,1.3085,26.6602,2.0664,26.3721,2.0549,100.0,0.0,0.0,0.0,25.375,0.0,26.5,0.0,26.375,0.0,25.375,10.0,0.0,0.01,52.6641,5.2664,2.0,9.7541,1.3957,0.3881,1.406,0.0209,1.3659,1.005e-05,1.0011,0.0138,2.1614,8.0,0.0722,1.0019,0.1812,2.48,0.0058,0.9889,0.0766,2.1058,0.0,0.0,0.0,-0.1608,26.0,25.0,38.0,38.0,13.0,0.0,0.0,0.0,0.0,41.1373,64.0,36.367,0.0,0.0
22038.0,1.7354,0.0919,1.0,0.0799,1.2019,2.0562,1.0562,2.3087,1.3087,26.5934,2.0637,26.3828,2.0553,100.0,0.0,0.0,0.0,25.375,0.0,26.5,0.0,26.375,0.0,25.5,10.0,0.0,0.0103,52.6637,5.2663,2.0,9.5888,1.3927,0.3063,1.3971,0.0201,1.3658,1.005e-05,1.0011,0.0138,2.1606,8.0,0.0729,1.0019,0.2194,2.5632,0.0056,0.9668,0.1054,2.2445,0.0,0.0,0.0,-0.1609,26.0,25.0,38.0,38.0,14.0,0.0,0.0,0.0,0.0,41.1378,64.0,36.5207,0.0,0.0
22039.0,1.7362,0.092,1.0,0.0799,1.2019,2.0559,1.0559,2.3085,1.3085,26.7037,2.0681,26.3996,2.056,100.0,0.0,0.0,0.0,25.25,0.0,26.5,0.0,26.375,0.0,25.375,10.0,0.0,0.0102,52.6629,5.2663,2.0,9.6083,1.3931,0.3092,1.3974,0.02,1.3658,1.005e-05,1.0011,0.0138,2.1597,8.0,0.0729,1.0019,0.2603,2.6373,0.0053,0.9484,0.0995,2.2198,0.0,0.0,0.0,-0.1611,26.0,25.0,38.0,38.0,14.0,0.0,0.0,0.0,0.0,41.1373,64.0,36.7466,0.0,0.0
22040.0,1.7363,0.092,1.0,0.0801,1.2025,2.056,1.056,2.3083,1.3083,26.8495,2.074,26.402,2.0561,100.0,0.0,0.0,0.0,25.375,0.0,26.375,0.0,26.375,0.0,25.5,10.0,0.0,0.0108,52.6631,5.2663,2.0,9.5131,1.3913,0.254,1.3913,0.0197,1.3658,1.005e-05,1.001,0.0138,2.1601,8.0,0.0683,1.0018,0.2277,2.5791,0.006,0.9971,0.0907,2.1796,0.0,0.0,0.0,-0.1608,26.0,25.0,38.0,38.0,14.0,0.0,0.0,0.0,0.0,41.138,64.0,36.8996,0.0,0.0
22041.0,1.7388,0.0924,1.0,0.0797,1.2014,2.0566,1.0566,2.3086,1.3086,26.7956,2.0718,26.3796,2.0552,100.0,0.0,0.0,0.0,25.25,0.0,26.5,0.0,26.5,0.0,25.5,10.0,0.0,0.0094,52.6627,5.2662,2.0,9.7026,1.3948,0.3602,1.4029,0.0191,1.3657,1.004e-05,1.001,0.0137,2.1591,8.0,0.0663,1.0018,0.1965,2.5151,0.0058,0.9847,0.1071,2.2518,0.0,0.0,0.0,-0.1607,26.0,25.0,38.0,38.0,13.0,0.0,0.0,0.0,0.0,41.1386,64.0,37.0945,0.0,0.0
22042.0,1.7415,0.0927,1.0,0.0797,1.2015,2.0563,1.0563,2.3089,1.3089,26.6803,2.0672,26.3753,2.055,100.0,0.0,0.0,0.0,25.25,0.0,26.375,0.0,26.375,0.0,25.375,10.0,0.0,0.0101,52.6625,5.2662,2.0,9.854,1.3974,0.4124,1.4086,0.0194,1.3658,1.004e-05,1.001,0.0137,2.1585,8.0,0.0673,1.0018,0.2056,2.5349,0.0062,1.0146,0.0827,2.1396,0.0,0.0,0.0,-0.1607,26.0,25.0,38.0,38.0,14.0,0.0,0.0,0.0,0.0,41.1381,64.0,37.2789,0.0,0.0
22043.0,1.7396,0.0924,1.0,0.0799,1.2021,2.0562,1.0562,2.3088,1.3088,26.5908,2.0636,26.3798,2.0552,100.0,0.0,0.0,0.0,25.25,0.0,26.375,0.0,26.5,0.0,25.5,10.0,0.0,0.0101,52.6618,5.2662,2.0,10.006,1.4001,0.4367,1.4113,0.0193,1.3657,1.004e-05,1.0009,0.0137,2.1579,8.0,0.0673,1.0018,0.216,2.5564,0.0065,1.0354,0.0977,2.2117,0.0,0.0,0.0,-0.1607,26.0,25.0,38.0,38.0,13.0,0.0,0.0,0.0,0.0,41.138,64.0,37.496,0.0,0.0
22044.0,1.7383,0.0923,1.0,0.0796,1.2012,2.0557,1.0557,2.3083,1.3083,26.7087,2.0683,26.3896,2.0556,100.0,0.0,0.0,0.0,25.25,0.0,26.5,0.0,26.375,0.0,25.5,10.0,0.0,0.0102,52.6614,5.266,2.0,9.9373,1.3989,0.3947,1.4067,0.0189,1.3657,1.004e-05,1.001,0.0137,2.1575,8.0,0.0662,1.0018,0.157,2.4178,0.0061,1.0084,0.1049,2.2428,0.0,0.0,0.0,-0.1609,26.0,25.0,38.0,38.0,14.0,0.0,0.0,0.0,0.0,41.1374,64.0,37.7032,0.0,0.0
22045.0,1.7373,0.0922,1.0,0.0798,1.2018,2.0555,1.0555,2.3089,1.3089,26.8532,2.0741,26.3838,2.0554,100.0,0.0,0.0,0.0,25.375,0.0,26.5,0.0,26.375,0.0,25.375,10.0,0.0,0.0103,52.6608,5.2661,2.0,9.9745,1.3996,0.3462,1.4014,0.0194,1.3657,1.005e-05,1.0011,0.0137,2.1571,8.0,0.0693,1.0018,0.1673,2.4454,0.0057,0.9806,0.0909,2.1803,0.0,0.0,0.0,-0.1605,26.0,25.0,38.0,38.0,14.0,0.0,0.0,0.0,0.0,41.1376,64.0,37.8563,0.0,0.0
22046.0,1.7392,0.0924,1.0,0.0799,1.202,2.056,1.056,2.3091,1.3091,26.8342,2.0734,26.3763,2.0551,100.0,0.0,0.0,0.0,25.25,0.0,26.375,0.0,26.375,0.0,25.5,10.0,0.0,0.0099,52.6607,5.2661,2.0,9.8848,1.398,0.3626,1.4032,0.0201,1.3658,1.005e-05,1.0011,0.0137,2.1567,8.0,0.0708,1.0019,0.1495,2.3964,0.0055,0.9639,0.0918,2.1845,0.0,0.0,0.0,-0.1606,26.0,25.0,38.0,37.0,14.0,0.0,0.0,0.0,0.0,41.1374,64.0,38.0336,0.0,0.0
22047.0,1.7462,0.0933,1.0,0.08,1.2022,2.0562,1.0562,2.309,1.309,26.7107,2.0684,26.3655,2.0546,100.0,0.0,0.0,0.0,25.375,0.0,26.5,0.0,26.375,0.0,25.5,10.0,0.0,0.0099,52.6602,5.266,2.0,9.8557,1.3975,0.2779,1.3939,0.0208,1.3659,1.005e-05,1.0012,0.0137,2.1563,8.0,0.0735,1.002,0.2233,2.5707,0.0061,1.0103,0.0935,2.1925,0.0,0.0,0.0,-0.1607,26.0,25.0,38.0,37.0,13.0,0.0,0.0,0.0,0.0,41.1374,64.0,38.2577,0.0,0.0
22048.0,1.7476,0.0935,1.0,0.0796,1.2012,2.0561,1.0561,2.3089,1.3089,26.6123,2.0645,26.3623,2.0545,100.0,0.0,0.0,0.0,25.25,0.0,26.5,0.0,26.375,0.0,25.375,10.0,0.0,0.0097,52.6598,5.2659,2.0,9.803,1.3965,0.2548,1.3914,0.0213,1.366,1.005e-05,1.0012,0.0137,2.1562,8.0,0.0743,1.002,0.2228,2.5697,0.0061,1.0086,0.091,2.1807,0.0,0.0,0.0,-0.1607,26.0,25.0,38.0,37.0,13.0,0.0,0.0,0.0,0.0,41.1378,64.0,38.4271,0.0,0.0
22049.0,1.7476,0.0935,1.0,0.0799,1.202,2.0556,1.0556,2.3086,1.3086,26.653,2.0661,26.382,2.0553,100.0,0.0,0.0,0.0,25.25,0.0,26.5,0.0,26.5,0.0,25.5,10.0,0.0,0.0099,52.6594,5.2659,2.0,9.8052,1.3966,0.2214,1.3878,0.0198,1.3658,1.005e-05,1.0011,0.0137,2.1559,8.0,0.0726,1.0019,0.2155,2.5553,0.0066,1.0381,0.0848,2.15,0.0,0.0,0.0,-0.1607,26.0,25.0,38.0,37.0,13.0,0.0,0.0,0.0,0.0,41.1379,64.0,38.6167,0.0,0.0
22050.0,1.7486,0.0936,1.0,0.0799,1.2021,2.0556,1.0556,2.3088,1.3088,26.822,2.0729,26.3885,2.0555,100.0,0.0,0.0,0.0,25.375,0.0,26.375,0.0,26.5,0.0,25.375,10.0,0.0,0.0098,52.6591,5.2659,2.0,9.7074,1.3948,0.1714,1.3823,0.0189,1.3657,1.004e-05,1.001,0.0137,2.1549,8.0,0.0675,1.0018,0.1798,2.4766,0.005,0.9195,0.107,2.2514,0.0,0.0,0.0,-0.1609,26.0,25.0,38.0,38.0,14.0,0.0,0.0,0.0,0.0,41.1375,64.0,38.7803,0.0,0.0
22051.0,1.7451,0.0931,1.0,0.0798,1.2016,2.056,1.056,2.3091,1.3091,26.8336,2.0733,26.3815,2.0553,100.0,0.0,0.0,0.0,25.375,0.0,26.5,0.0,26.5,0.0,25.5,10.0,0.0,0.0098,52.6585,5.2658,2.0,9.658,1.394,0.1558,1.3806,0.0191,1.3657,1.004e-05,1.0009,0.0137,2.1546,8.0,0.0662,1.0018,0.1754,2.4659,0.0066,1.0391,0.1033,2.2361,0.0,0.0,0.0,-0.1609,26.0,25.0,38.0,38.0,14.0,0.0,0.0,0.0,0.0,41.138,64.0,38.9858,0.0,0.0
22052.0,1.7405,0.0926,1.0,0.0797,1.2013,2.0562,1.0562,2.309,1.309,26.7259,2.069,26.3749,2.055,100.0,0.0,0.0,0.0,25.25,0.0,26.375,0.0,26.5,0.0,25.375,10.0,0.0,0.0104,52.6585,5.2658,2.0,9.6715,1.3942,0.1869,1.384,0.0189,1.3657,1.004e-05,1.001,0.0137,2.1546,8.0,0.0662,1.0018,0.191,2.503,0.0063,1.0235,0.0961,2.2045,0.0,0.0,0.0,-0.1607,26.0,25.0,38.0,38.0,14.0,0.0,0.0,0.0,0.0,41.138,64.0,39.1326,0.0,0.0
22053.0,1.7364,0.0921,1.0,0.0796,1.2011,2.0562,1.0562,2.3089,1.3089,26.6179,2.0647,26.3618,2.0545,100.0,0.0,0.0,0.0,25.375,0.0,26.5,0.0,26.5,0.0,25.5,10.0,0.0,0.0101,52.658,5.2658,2.0,9.781,1.3962,0.2508,1.391,0.019,1.3657,1.004e-05,1.0009,0.0137,2.1531,8.0,0.0653,1.0017,0.1959,2.514,0.0065,1.0342,0.0873,2.1631,0.0,0.0,0.0,-0.1606,26.0,25.0,38.0,38.0,14.0,0.0,0.0,0.0,0.0,41.138,64.0,39.3153,0.0,0.0
22054.0,1.7363,0.092,1.0,0.0798,1.2018,2.0557,1.0557,2.3089,1.3089,26.6377,2.0655,26.3818,2.0553,100.0,0.0,0.0,0.0,25.25,0.0,26.375,0.0,26.375,0.0,25.5,10.0,0.0,0.01,52.6576,5.2658,2.0,9.9564,1.3992,0.2934,1.3956,0.0193,1.3657,1.004e-05,1.001,0.0137,2.1536,8.0,0.0662,1.0018,0.1662,2.4425,0.0062,1.0108,0.0848,2.1505,0.0,0.0,0.0,-0.1604,26.0,25.0,38.0,37.0,13.0,0.0,0.0,0.0,0.0,41.1375,64.0,39.5297,0.0,0.0
22055.0,1.7373,0.0922,1.0,0.0798,1.2016,2.0556,1.0556,2.3092,1.3092,26.8376,2.0735,26.3886,2.0555,100.0,0.0,0.0,0.0,25.375,0.0,26.5,0.0,26.375,0.0,25.375,10.0,0.0,0.0104,52.6573,5.2657,2.0,10.3225,1.4055,0.5512,1.4238,0.02,1.3658,1.005e-05,1.0011,0.0137,2.1527,8.0,0.0694,1.0019,0.1255,2.3203,0.0055,0.9647,0.0941,2.1953,0.0,0.0,0.0,-0.1611,26.0,25.0,38.0,37.0,14.0,0.0,0.0,0.0,0.0,41.1379,64.0,39.6863,0.0,0.0
22056.0,1.7373,0.0922,1.0,0.08,1.2021,2.0559,1.0559,2.3095,1.3095,26.8443,2.0738,26.3729,2.0549,100.0,0.0,0.0,0.0,25.375,0.0,26.375,0.0,26.375,0.0,25.375,10.0,0.0,0.0103,52.6569,5.2657,2.0,10.6548,1.411,0.5465,1.4233,0.0203,1.3658,1.005e-05,1.001,0.0137,2.1519,8.0,0.0713,1.0019,0.1682,2.4478,0.0063,1.0217,0.0903,2.1774,0.0,0.0,0.0,-0.1608,26.0,25.0,38.0,37.0,13.0,0.0,0.0,0.0,0.0,41.1377,64.0,39.8704,0.0,0.0
22057.0,1.7353,0.0919,1.0,0.08,1.2023,2.0561,1.0561,2.3092,1.3092,26.7418,2.0697,26.367,2.0547,100.0,0.0,0.0,0.0,25.375,0.0,26.5,0.0,26.375,0.0,25.375,10.0,0.0,0.01,52.6567,5.2657,2.0,10.5603,1.4095,0.4511,1.4128,0.0207,1.3659,1.005e-05,1.0011,0.0137,2.1523,8.0,0.0694,1.0018,0.1735,2.4612,0.0053,0.9432,0.0951,2.2001,0.0,0.0,0.0,-0.1605,26.0,25.0,38.0,37.0,14.0,0.0,0.0,0.0,0.0,41.1376,64.0,40.0425,0.0,0.0
22058.0,1.7337,0.0917,1.0,0.0799,1.202,2.0562,1.0562,2.3093,1.3093,26.6366,2.0655,26.3636,2.0545,100.0,0.0,0.0,0.0,25.375,0.0,26.375,0.0,26.375,0.0,25.5,10.0,0.0,0.01,52.6564,5.2656,2.0,10.4453,1.4076,0.4546,1.4132,0.0212,1.3659,1.005e-05,1.0011,0.0137,2.1513,8.0,0.0746,1.002,0.2006,2.5242,0.0066,1.04,0.1128,2.2743,0.0,0.0,0.0,-0.1606,26.0,25.0,38.0,37.0,13.0,0.0,0.0,0.0,0.0,41.1372,64.0,40.255,0.0,0.0
22059.0,1.7352,0.0919,1.0,0.08,1.2023,2.056,1.056,2.3091,1.3091,26.6318,2.0653,26.3894,2.0556,100.0,0.0,0.0,0.0,25.25,0.0,26.375,0.0,26.375,0.0,25.375,10.0,0.0,0.0102,52.656,5.2656,2.0,10.4264,1.4073,0.4083,1.4082,0.0212,1.3659,1.005e-05,1.0012,0.0136,2.1509,8.0,0.0769,1.0021,0.1637,2.436,0.0059,0.9927,0.1135,2.2768,0.0,0.0,0.0,-0.1609,26.0,25.0,38.0,37.0,13.0,0.0,0.0,0.0,0.0,41.1374,64.0,40.4317,0.0,0.0
22060.0,1.7352,0.0919,1.0,0.08,1.2023,2.0556,1.0556,2.309,1.309,26.7594,2.0704,26.3898,2.0556,100.0,0.0,0.0,0.0,25.25,0.0,26.375,0.0,26.375,0.0,25.375,10.0,0.0,0.0101,52.6557,5.2655,2.0,10.4818,1.4082,0.3898,1.4062,0.0197,1.3658,1.005e-05,1.0011,0.0136,2.1504,8.0,0.0696,1.0019,0.1992,2.521,0.0057,0.9744,0.1074,2.2527,0.0,0.0,0.0,-0.1604,26.0,25.0,38.0,37.0,15.0,0.0,0.0,0.0,0.0,41.1374,64.0,40.6165,0.0,0.0
22061.0,1.7354,0.0919,1.0,0.0799,1.2019,2.0553,1.0553,2.3094,1.3094,26.8485,2.0739,26.3791,2.0552,100.0,0.0,0.0,0.0,25.25,0.0,26.375,0.0,26.375,0.0,25.375,10.0,0.0,0.0105,52.6553,5.2655,2.0,10.5769,1.4097,0.4446,1.4121,0.0191,1.3657,1.004e-05,1.001,0.0136,2.1499,8.0,0.0687,1.0018,0.1771,2.4702,0.0065,1.0367,0.1016,2.2286,0.0,0.0,0.0,-0.1611,26.0,25.0,38.0,37.0,13.0,0.0,0.0,0.0,0.0,41.1377,64.0,40.7903,0.0,0.0
22062.0,1.7352,0.0919,1.0,0.0798,1.2018,2.0561,1.0561,2.3092,1.3092,26.7761,2.071,26.3669,2.0547,100.0,0.0,0.0,0.0,25.25,0.0,26.375,0.0,26.5,0.0,25.5,10.0,0.0,0.0095,52.6552,5.2655,2.0,10.7455,1.4125,0.4972,1.4179,0.0188,1.3657,1.004e-05,1.0009,0.0136,2.1492,8.0,0.0675,1.0018,0.187,2.4936,0.0057,0.9742,0.1199,2.3008,0.0,0.0,0.0,-0.1604,26.0,25.0,38.0,37.0,14.0,0.0,0.0,0.0,0.0,41.1377,64.0,41.0058,0.0,0.0
22063.0,1.7352,0.0919,1.0,0.0797,1.2013,2.0559,1.0559,2.3094,1.3094,26.6736,2.0669,26.3643,2.0546,100.0,0.0,0.0,0.0,25.375,0.0,26.375,0.0,26.375,0.0,25.375,10.0,0.0,0.0106,52.6545,5.2654,2.0,10.8353,1.4139,0.5386,1.4224,0.0191,1.3657,1.004e-05,1.001,0.0136,2.1488,8.0,0.0655,1.0017,0.1201,2.3013,0.0062,1.0112,0.112,2.2711,0.0,0.0,0.0,-0.1607,26.0,25.0,38.0,37.0,15.0,0.0,0.0,0.0,0.0,41.138,0.0,41.1702,0.0,0.0
22064.0,1.7352,0.0919,1.0,0.0799,1.202,2.0559,1.0559,2.3093,1.3093,26.6058,2.0642,26.3722,2.0549,100.0,0.0,0.0,0.0,25.375,0.0,26.5,0.0,26.5,0.0,25.375,10.0,0.0,0.0102,52.6543,5.2654,2.0,10.9908,1.4164,0.507,1.4189,0.019,1.3657,1.004e-05,1.0009,0.0136,2.1484,8.0,0.067,1.0018,0.1591,2.4236,0.006,1.0029,0.1171,2.2905,0.0,0.0,0.0,-0.1609,26.0,25.0,38.0,37.0,14.0,0.0,0.0,0.0,0.0,41.1375,0.0,41.1879,0.0,0.0
22065.0,1.7333,0.0917,1.0,0.0797,1.2015,2.0556,1.0556,2.309,1.309,26.7294,2.0692,26.3918,2.0557,100.0,0.0,0.0,0.0,25.375,0.0,26.625,0.0,26.5,0.0,25.375,10.0,0.0,0.0105,52.6536,5.2653,2.0,10.8043,1.4134,0.3974,1.407,0.0193,1.3657,1.004e-05,1.001,0.0136,2.1482,8.0,0.0679,1.0018,0.1329,2.3455,0.0052,0.9389,0.1071,2.2517,0.0,0.0,0.0,-0.1604,26.0,25.0,38.0,37.0,15.0,0.0,0.0,0.0,0.0,41.1375,0.0,41.1881,0.0,0.0
22066.0,1.7361,0.092,1.0,0.08,1.2021,2.056,1.056,2.309,1.309,26.8463,2.0739,26.3886,2.0555,100.0,0.0,0.0,0.0,25.375,0.0,26.375,0.0,26.375,0.0,25.375,10.0,0.0,0.0102,52.6534,5.2653,2.0,10.5808,1.4098,0.328,1.3994,0.0196,1.3658,1.005e-05,1.0011,0.0136,2.1478,8.0,0.0685,1.0018,0.1762,2.4678,0.0056,0.9675,0.1159,2.2859,0.0,0.0,0.0,-0.1608,26.0,25.0,38.0,37.0,12.0,0.0,0.0,0.0,0.0,41.1376,0.0,41.188,0.0,0.0
22067.0,1.7373,0.0922,1.0,0.0799,1.2019,2.0559,1.0559,2.3094,1.3094,26.7846,2.0714,26.3695,2.0548,100.0,0.0,0.0,0.0,25.25,0.0,26.375,0.0,26.5,0.0,25.5,10.0,0.0,0.0099,52.6532,5.2653,2.0,10.8223,1.4137,0.4305,1.4106,0.0203,1.3658,1.005e-05,1.0011,0.0136,2.147,8.0,0.0713,1.0019,0.2013,2.5257,0.0067,1.0484,0.1097,2.2622,0.0,0.0,0.0,-0.1605,26.0,25.0,38.0,38.0,13.0,0.0,0.0,0.0,0.0,41.1375,0.0,41.1874,0.0,0.0
22068.0,1.7373,0.0922,1.0,0.08,1.2023,2.0558,1.0558,2.3097,1.3097,26.6683,2.0667,26.3575,2.0543,100.0,0.0,0.0,0.0,25.375,0.0,26.5,0.0,26.5,0.0,25.5,10.0,0.0,0.0096,52.653,5.2653,2.0,11.0215,1.4169,0.5204,1.4204,0.0205,1.3659,1.005e-05,1.0012,0.0136,2.147,8.0,0.0732,1.002,0.1989,2.5204,0.006,1.0035,0.0956,2.2023,0.0,0.0,0.0,-0.1607,26.0,25.0,38.0,38.0,14.0,0.0,0.0,0.0,0.0,41.1371,0.0,41.1881,0.0,0.0
22069.0,1.7365,0.0921,1.0,0.08,1.2023,2.0557,1.0557,2.3096,1.3096,26.5914,2.0637,26.3714,2.0549,100.0,0.0,0.0,0.0,25.375,0.0,26.375,0.0,26.5,0.0,25.375,10.0,0.0,0.0102,52.6523,5.2652,2.0,11.2085,1.4198,0.5152,1.4198,0.0213,1.366,1.005e-05,1.0012,0.0136,2.1464,8.0,0.0752,1.002,0.1804,2.4781,0.0063,1.0226,0.1032,2.2357,0.0,0.0,0.0,-0.1608,26.0,25.0,38.0,38.0,16.0,0.0,0.0,0.0,0.0,41.1371,0.0,41.1883,0.0,0.0
22070.0,1.7363,0.092,1.0,0.0801,1.2026,2.0553,1.0553,2.3091,1.3091,26.7483,2.0699,26.3906,2.0556,100.0,0.0,0.0,0.0,25.375,0.0,26.375,0.0,26.375,0.0,25.375,10.0,0.0,0.0098,52.6521,5.2652,2.0,11.1957,1.4196,0.4699,1.4149,0.0213,1.366,1.005e-05,1.0012,0.0136,2.146,8.0,0.0749,1.002,0.1599,2.4258,0.0068,1.0512,0.1031,2.2351,0.0,0.0,0.0,-0.1604,26.0,25.0,38.0,38.0,12.0,0.0,0.0,0.0,0.0,41.1376,0.0,41.1878,0.0,0.0
22071.0,1.7354,0.0919,1.0,0.0799,1.2019,2.0552,1.0552,2.3094,1.3094,26.8475,2.0739,26.3806,2.0552,100.0,0.0,0.0,0.0,25.25,0.0,26.375,0.0,26.375,0.0,25.5,10.0,0.0,0.0086,52.6521,5.2652,2.0,11.1051,1.4182,0.4557,1.4133,0.0192,1.3657,1.004e-05,1.001,0.0136,2.1451,8.0,0.0659,1.0018,0.1454,2.3845,0.0068,1.0539,0.0966,2.2068,0.0,0.0,0.0,-0.1607,26.0,25.0,38.0,37.0,14.0,0.0,0.0,0.0,0.0,41.1372,0.0,41.1875,0.0,0.0
22072.0,1.7355,0.0919,1.0,0.0798,1.2016,2.0561,1.0561,2.3096,1.3096,26.8103,2.0724,26.3755,2.055,100.0,0.0,0.0,0.0,25.375,0.0,26.5,0.0,26.375,0.0,25.5,10.0,0.0,0.0101,52.6515,5.2652,2.0,11.3523,1.422,0.9402,1.4662,0.0186,1.3657,1.004e-05,1.001,0.0136,2.145,8.0,0.0662,1.0018,0.1507,2.4,0.0064,1.0312,0.0924,2.1873,0.0,0.0,0.0,-0.1607,26.0,25.0,38.0,37.0,14.0,0.0,0.0,0.0,0.0,41.1382,0.0,41.1882,0.0,0.0
22073.0,1.7362,0.092,1.0,0.0796,1.2013,2.0561,1.0561,2.3098,1.3098,26.6874,2.0675,26.3644,2.0546,100.0,0.0,0.0,0.0,25.375,0.0,26.375,0.0,26.5,0.0,25.5,10.0,0.0,0.0106,52.6512,5.2651,2.0,12.1794,1.4343,0.8206,1.4532,0.0192,1.3657,1.004e-05,1.001,0.0136,2.1443,8.0,0.0662,1.0018,0.1656,2.441,0.006,1.0034,0.0954,2.2014,0.0,0.0,0.0,-0.1605,26.0,25.0,38.0,37.0,13.0,0.0,0.0,0.0,0.0,41.1377,0.0,41.1881,0.0,0.0
22074.0,1.7373,0.0922,1.0,0.0799,1.2019,2.0558,1.0558,2.3094,1.3094,26.5818,2.0633,26.3657,2.0546,100.0,0.0,0.0,0.0,25.375,0.0,26.375,0.0,26.5,0.0,25.375,10.0,0.0,0.0101,52.651,5.2651,2.0,12.1013,1.4331,0.8127,1.4523,0.0188,1.3657,1.004e-05,1.001,0.0136,2.1439,8.0,0.0655,1.0017,0.1334,2.347,0.0063,1.0188,0.1039,2.2385,0.0,0.0,0.0,-0.1606,26.0,25.0,38.0,37.0,14.0,0.0,0.0,0.0,0.0,41.1378,0.0,41.1882,0.0,0.0
22075.0,1.7383,0.0923,1.0,0.0796,1.2012,2.0555,1.0555,2.3091,1.3091,26.662,2.0665,26.3842,2.0554,100.0,0.0,0.0,0.0,25.375,0.0,26.5,0.0,26.5,0.0,25.375,10.0,0.0,0.0102,52.6506,5.265,2.0,12.2138,1.4347,0.7874,1.4495,0.0196,1.3658,1.004e-05,1.001,0.0136,2.1436,8.0,0.0676,1.0018,0.1436,2.3791,0.0065,1.0324,0.0995,2.2199,0.0,0.0,0.0,-0.1605,26.0,25.0,38.0,37.0,14.0,0.0,0.0,0.0,0.0,41.1378,0.0,41.1877,0.0,0.0
22076.0,1.7404,0.0925,1.0,0.0798,1.2017,2.0555,1.0555,2.3092,1.3092,26.8364,2.0735,26.3846,2.0554,100.0,0.0,0.0,0.0,25.375,0.0,26.375,0.0,26.5,0.0,25.375,10.0,0.0,0.0093,52.6501,5.265,2.0,12.4473,1.438,0.8879,1.4605,0.0196,1.3658,1.005e-05,1.0011,0.0136,2.1432,8.0,0.0712,1.0019,0.1255,2.3206,0.0064,1.0308,0.0926,2.1884,0.0,0.0,0.0,-0.1608,26.0,25.0,38.0,37.0,13.0,0.0,0.0,0.0,0.0,41.1375,0.0,41.1879,0.0,0.0
22077.0,1.7393,0.0924,1.0,0.0799,1.2021,2.0556,1.0556,2.3099,1.3099,26.8145,2.0726,26.3626,2.0545,100.0,0.0,0.0,0.0,25.25,0.0,26.5,0.0,26.625,0.0,25.375,10.0,0.0,0.0101,52.6498,5.265,2.0,12.5338,1.4392,0.7971,1.4506,0.0204,1.3659,1.005e-05,1.0011,0.0136,2.1427,8.0,0.0721,1.0019,0.1327,2.3446,0.0063,1.0223,0.0972,2.2097,0.0,0.0,0.0,-0.1605,26.0,25.0,38.0,37.0,14.0,0.0,0.0,0.0,0.0,41.1373,0.0,41.1883,0.0,0.0
22078.0,1.7382,0.0923,1.0,0.0799,1.2021,2.0558,1.0558,2.3098,1.3098,26.7069,2.0683,26.3557,2.0542,100.0,0.0,0.0,0.0,25.25,0.0,26.375,0.0,26.375,0.0,25.375,10.0,0.0,0.0107,52.6493,5.2649,2.0,12.37,1.4369,0.687,1.4386,0.0209,1.3659,1.005e-05,1.0012,0.0135,2.1425,8.0,0.0751,1.002,0.1805,2.4783,0.0062,1.0115,0.093,2.1903,0.0,0.0,0.0,-0.1606,26.0,25.0,38.0,37.0,15.0,0.0,0.0,0.0,0.0,41.1375,0.0,41.1877,0.0,0.0
22079.0,1.745,0.0931,1.0,0.0798,1.2018,2.0558,1.0558,2.3094,1.3094,26.6106,2.0644,26.356,2.0542,100.0,0.0,0.0,0.0,25.375,0.0,26.5,0.0,26.375,0.0,25.375,10.0,0.0,0.0096,52.6491,5.2649,2.0,12.4633,1.4383,0.7516,1.4456,0.0212,1.366,1.005e-05,1.0012,0.0135,2.142,8.0,0.0735,1.002,0.177,2.4697,0.0061,1.0044,0.0885,2.1689,0.0,0.0,0.0,-0.1612,26.0,25.0,38.0,37.0,14.0,0.0,0.0,0.0,0.0,41.1371,0.0,41.188,0.0,0.0
22080.0,1.7466,0.0933,1.0,0.0802,1.2027,2.0557,1.0557,2.3091,1.3091,26.655,2.0662,26.3837,2.0553,100.0,0.0,0.0,0.0,25.375,0.0,26.5,0.0,26.5,0.0,25.5,10.0,0.0,0.0106,52.6485,5.2649,2.0,12.6532,1.4409,0.702,1.4402,0.0215,1.366,1.005e-05,1.0012,0.0135,2.1415,8.0,0.0773,1.0021,0.1482,2.3928,0.0061,1.009,0.0872,2.1624,0.0,0.0,0.0,-0.1612,26.0,25.0,38.0,37.0,14.0,0.0,0.0,0.0,0.0,41.1373,0.0,41.1877,0.0,0.0
22081.0,1.7446,0.0931,1.0,0.0803,1.203,2.0552,1.0552,2.3097,1.3097,26.8336,2.0733,26.3853,2.0554,100.0,0.0,0.0,0.0,25.375,0.0,26.5,0.0,26.5,0.0,25.375,10.0,0.0,0.0102,52.6485,5.2648,2.0,12.4349,1.4379,0.6275,1.4321,0.0213,1.366,1.005e-05,1.0012,0.0135,2.1412,8.0,0.0762,1.002,0.1597,2.425,0.0059,0.9962,0.0879,2.166,0.0,0.0,0.0,-0.1608,26.0,25.0,38.0,37.0,13.0,0.0,0.0,0.0,0.0,41.1373,0.0,41.1875,0.0,0.0
22082.0,1.7418,0.0927,1.0,0.0798,1.2018,2.056,1.056,2.3095,1.3095,26.8282,2.0731,26.3754,2.055,100.0,0.0,0.0,0.0,25.25,0.0,26.5,0.0,26.5,0.0,25.375,10.0,0.0,0.01,52.6483,5.2648,2.0,12.4579,1.4382,0.5907,1.4281,0.0194,1.3658,1.004e-05,1.001,0.0135,2.1403,8.0,0.0652,1.0017,0.1878,2.4956,0.0054,0.9573,0.0705,2.0701,0.0,0.0,0.0,-0.1605,26.0,25.0,38.0,37.0,15.0,0.0,0.0,0.0,0.0,41.1379,0.0,41.1877,0.0,0.0
22083.0,1.7397,0.0925,1.0,0.0797,1.2016,2.0562,1.0562,2.3092,1.3092,26.7442,2.0698,26.377,2.0551,100.0,0.0,0.0,0.0,25.25,0.0,26.375,0.0,26.375,0.0,25.375,10.0,0.0,0.0106,52.648,5.2648,2.0,12.5499,1.4395,0.6352,1.4329,0.019,1.3657,1.004e-05,1.0009,0.0135,2.1401,8.0,0.0676,1.0018,0.2497,2.6193,0.0057,0.9809,0.0899,2.1754,0.0,0.0,0.0,-0.1606,26.0,25.0,38.0,37.0,15.0,0.0,0.0,0.0,0.0,41.1377,0.0,41.1878,0.0,0.0
22084.0,1.7359,0.092,1.0,0.0795,1.201,2.0562,1.0562,2.3092,1.3092,26.6092,2.0644,26.3725,2.0549,100.0,0.0,0.0,0.0,25.25,0.0,26.5,0.0,26.5,0.0,25.375,10.0,0.0,0.0102,52.6474,5.2647,2.0,12.5375,1.4393,0.5375,1.4223,0.0193,1.3657,1.004e-05,1.001,0.0135,2.1392,8.0,0.066,1.0018,0.174,2.4624,0.0058,0.984,0.0906,2.1789,0.0,0.0,0.0,-0.1604,26.0,25.0,38.0,37.0,14.0,0.0,0.0,0.0,0.0,41.1377,0.0,41.1876,0.0,0.0
22085.0,1.7331,0.0916,1.0,0.0799,1.2021,2.056,1.056,2.3094,1.3094,26.6126,2.0645,26.3797,2.0552,100.0,0.0,0.0,0.0,25.25,0.0,26.375,0.0,26.5,0.0,25.375,10.0,0.0,0.0099,52.6469,5.2647,2.0,12.4495,1.4381,0.5116,1.4195,0.019,1.3657,1.004e-05,1.001,0.0135,2.139,8.0,0.0644,1.0017,0.197,2.5162,0.0057,0.9755,0.0963,2.2057,0.0,0.0,0.0,-0.1609,26.0,25.0,38.0,37.0,14.0,0.0,0.0,0.0,0.0,41.1385,0.0,41.1879,0.0,0.0
22086.0,1.7342,0.0918,1.0,0.0797,1.2014,2.0556,1.0556,2.3091,1.3091,26.8128,2.0725,26.3925,2.0557,100.0,0.0,0.0,0.0,25.25,0.0,26.375,0.0,26.5,0.0,25.375,10.0,0.0,0.0099,52.6467,5.2646,2.0,12.7416,1.4421,0.6262,1.432,0.0198,1.3658,1.004e-05,1.001,0.0135,2.1386,8.0,0.067,1.0018,0.1579,2.4201,0.0053,0.9497,0.0947,2.1984,0.0,0.0,0.0,-0.1606,26.0,25.0,38.0,37.0,14.0,0.0,0.0,0.0,0.0,41.138,0.0,41.1881,0.0,0.0
22087.0,1.7362,0.092,1.0,0.0798,1.2017,2.0559,1.0559,2.3095,1.3095,26.8372,2.0735,26.3734,2.0549,100.0,0.0,0.0,0.0,25.25,0.0,26.625,0.0,26.375,0.0,25.375,10.0,0.0,0.0101,52.6463,5.2646,2.0,12.8964,1.4442,0.6136,1.4306,0.0203,1.3659,1.005e-05,1.0011,0.0135,2.1381,8.0,0.07,1.0019,0.1589,2.4229,0.0069,1.0583,0.0891,2.1719,0.0,0.0,0.0,-0.1606,26.0,25.0,38.0,38.0,14.0,0.0,0.0,0.0,0.0,41.1378,0.0,41.188,0.0,0.0
22088.0,1.7362,0.092,1.0,0.0798,1.2017,2.0562,1.0562,2.3094,1.3094,26.7571,2.0703,26.3726,2.0549,100.0,0.0,0.0,0.0,25.25,0.0,26.625,0.0,26.375,0.0,25.5,10.0,0.0,0.0103,52.6461,5.2646,2.0,12.7948,1.4428,0.517,1.42,0.0203,1.3659,1.005e-05,1.0011,0.0135,2.1377,8.0,0.0698,1.0019,0.2431,2.6077,0.0054,0.9579,0.0936,2.1933,0.0,0.0,0.0,-0.1607,26.0,25.0,38.0,38.0,14.0,0.0,0.0,0.0,0.0,41.1376,0.0,41.1872,0.0,0.0
22089.0,1.7372,0.0922,1.0,0.0798,1.2018,2.0563,1.0563,2.3093,1.3093,26.6408,2.0656,26.3685,2.0547,100.0,0.0,0.0,0.0,25.25,0.0,26.375,0.0,26.375,0.0,25.375,10.0,0.0,0.0099,52.6457,5.2646,2.0,12.6069,1.4402,0.4569,1.4135,0.0206,1.3659,1.005e-05,1.0012,0.0135,2.1371,8.0,0.0744,1.002,0.2387,2.5997,0.0058,0.9889,0.084,2.1459,0.0,0.0,0.0,-0.1608,26.0,25.0,38.0,38.0,13.0,0.0,0.0,0.0,0.0,41.1374,0.0,41.1876,0.0,0.0
22090.0,1.7393,0.0924,1.0,0.08,1.2023,2.0552,1.0552,2.3094,1.3094,26.6228,2.0649,26.3723,2.0549,100.0,0.0,0.0,0.0,25.375,0.0,26.5,0.0,26.375,0.0,25.5,10.0,0.0,0.0098,52.6455,5.2645,2.0,12.6017,1.4402,0.4133,1.4087,0.0208,1.3659,1.005e-05,1.0011,0.0135,2.1366,8.0,0.073,1.0019,0.208,2.54,0.0059,0.991,0.0793,2.1212,0.0,0.0,0.0,-0.1605,26.0,25.0,38.0,38.0,14.0,0.0,0.0,0.0,0.0,41.1374,0.0,41.1882,0.0,0.0
22091.0,1.7403,0.0925,1.0,0.0799,1.2019,2.055,1.055,2.3094,1.3094,26.7893,2.0716,26.3808,2.0552,100.0,0.0,0.0,0.0,25.375,0.0,26.375,0.0,26.375,0.0,25.375,10.0,0.0,0.0103,52.6452,5.2645,2.0,12.6411,1.4407,0.4368,1.4113,0.0209,1.3659,1.005e-05,1.0012,0.0135,2.1362,8.0,0.0716,1.0019,0.2096,2.5433,0.0057,0.9742,0.0695,2.0636,0.0,0.0,0.0,-0.1606,26.0,25.0,38.0,38.0,15.0,0.0,0.0,0.0,0.0,41.1372,0.0,41.187,0.0,0.0
22092.0,1.7393,0.0924,1.0,0.0799,1.2021,2.0558,1.0558,2.3098,1.3098,26.8509,2.074,26.3841,2.0554,100.0,0.0,0.0,0.0,25.25,0.0,26.5,0.0,26.5,0.0,25.375,10.0,0.0,0.0097,52.6448,5.2644,2.0,12.8195,1.4431,0.4845,1.4165,0.0207,1.3659,1.005e-05,1.0012,0.0135,2.1358,8.0,0.0714,1.0019,0.1894,2.4991,0.0064,1.0266,0.0691,2.0612,0.0,0.0,0.0,-0.1606,26.0,25.0,38.0,38.0,15.0,0.0,0.0,0.0,0.0,41.1373,0.0,41.1877,0.0,0.0
22093.0,1.7389,0.0924,1.0,0.08,1.2022,2.0561,1.0561,2.3094,1.3094,26.7802,2.0712,26.3774,2.0551,100.0,0.0,0.0,0.0,25.25,0.0,26.375,0.0,26.375,0.0,25.375,10.0,0.0,0.0096,52.6443,5.2644,2.0,12.7806,1.4426,0.4178,1.4092,0.0197,1.3658,1.004e-05,1.001,0.0135,2.1354,8.0,0.0707,1.0019,0.2652,2.6454,0.0057,0.9789,0.0821,2.1362,0.0,0.0,0.0,-0.1602,26.0,25.0,38.0,38.0,14.0,0.0,0.0,0.0,0.0,41.1369,0.0,41.1873,0.0,0.0
22094.0,1.7393,0.0924,1.0,0.08,1.2023,2.0563,1.0563,2.3094,1.3094,26.6396,2.0656,26.3653,2.0546,100.0,0.0,0.0,0.0,25.25,0.0,26.375,0.0,26.375,0.0,25.375,10.0,0.0,0.0105,52.6447,5.2645,2.0,12.9053,1.4443,0.4701,1.4149,0.0192,1.3657,1.004e-05,1.001,0.0135,2.1347,8.0,0.0684,1.0018,0.2421,2.6058,0.0053,0.9487,0.0762,2.1041,0.0,0.0,0.0,-0.1605,26.0,25.0,38.0,38.0,15.0,0.0,0.0,0.0,0.0,41.1373,0.0,41.1874,0.0,0.0
22095.0,1.7394,0.0924,1.0,0.0798,1.2017,2.0561,1.0561,2.3091,1.3091,26.5958,2.0638,26.3772,2.0551,100.0,0.0,0.0,0.0,25.25,0.0,26.375,0.0,26.375,0.0,25.375,10.0,0.0,0.0105,52.6441,5.2644,2.0,12.9251,1.4446,0.4305,1.4106,0.0194,1.3657,1.004e-05,1.001,0.0135,2.1343,8.0,0.0694,1.0018,0.2419,2.6054,0.0064,1.0264,0.0762,2.1037,0.0,0.0,0.0,-0.1606,25.0,25.0,38.0,38.0,13.0,0.0,0.0,0.0,0.0,41.1375,0.0,41.1873,0.0,0.0
22096.0,1.7372,0.0922,1.0,0.0799,1.202,2.0556,1.0556,2.3091,1.3091,26.7718,2.0709,26.4012,2.056,100.0,0.0,0.0,0.0,25.25,0.0,26.375,0.0,26.375,0.0,25.375,10.0,0.0,0.0104,52.6435,5.2643,2.0,13.0365,1.4461,0.4706,1.415,0.019,1.3657,1.004e-05,1.0009,0.0134,2.1338,8.0,0.0665,1.0018,0.2399,2.6019,0.0062,1.0109,0.0768,2.1071,0.0,0.0,0.0,-0.1609,25.0,25.0,38.0,38.0,13.0,0.0,0.0,0.0,0.0,41.1379,0.0,41.1879,0.0,0.0
22097.0,1.7373,0.0922,1.0,0.0795,1.2008,2.0557,1.0557,2.3093,1.3093,26.8565,2.0743,26.3891,2.0556,100.0,0.0,0.0,0.0,25.25,0.0,26.375,0.0,26.5,0.0,25.375,10.0,0.0,0.0107,52.6432,5.2643,2.0,13.2675,1.4491,0.5437,1.423,0.0195,1.3658,1.004e-05,1.0009,0.0134,2.1331,8.0,0.0678,1.0018,0.2289,2.5815,0.0057,0.9788,0.0878,2.1655,0.0,0.0,0.0,-0.1609,25.0,25.0,38.0,38.0,13.0,0.0,0.0,0.0,0.0,41.1381,0.0,41.1881,0.0,0.0
22098.0,1.7402,0.0925,1.0,0.0799,1.202,2.0561,1.0561,2.3095,1.3095,26.8096,2.0724,26.3738,2.055,100.0,0.0,0.0,0.0,25.25,0.0,26.375,0.0,26.5,0.0,25.375,10.0,0.0,0.0098,52.6429,5.2642,2.0,13.4266,1.4512,0.5904,1.428,0.019,1.3657,1.004e-05,1.0009,0.0134,2.1329,8.0,0.066,1.0018,0.203,2.5292,0.0065,1.0332,0.0713,2.0747,0.0,0.0,0.0,-0.1609,25.0,25.0,38.0,38.0,12.0,0.0,0.0,0.0,0.0,41.1376,0.0,41.1882,0.0,0.0
22099.0,1.7438,0.093,1.0,0.0798,1.2017,2.0562,1.0562,2.3093,1.3093,26.6577,2.0663,26.3733,2.0549,100.0,0.0,0.0,0.0,25.25,0.0,26.375,0.0,26.5,0.0,25.375,10.0,0.0,0.0103,52.6424,5.2642,2.0,13.5438,1.4527,0.5775,1.4266,0.0194,1.3657,1.004e-05,1.001,0.0134,2.1322,8.0,0.0671,1.0018,0.1784,2.4732,0.0055,0.965,0.0789,2.1189,0.0,0.0,0.0,-0.1603,26.0,25.0,38.0,38.0,13.0,0.0,0.0,0.0,0.0,41.1378,0.0,41.1877,0.0,0.0
22100.0,1.7437,0.093,1.0,0.0797,1.2015,2.0566,1.0566,2.3092,1.3092,26.5923,2.0637,26.379,2.0552,100.0,0.0,0.0,0.0,25.375,0.0,26.5,0.0,26.375,0.0,25.375,10.0,0.0,0.01,52.6421,5.2642,2.0,13.5187,1.4524,0.5128,1.4196,0.0204,1.3659,1.004e-05,1.001,0.0134,2.1318,8.0,0.0692,1.0018,0.1459,2.3858,0.0062,1.0174,0.0748,2.0956,0.0,0.0,0.0,-0.1607,26.0,25.0,38.0,38.0,14.0,0.0,0.0,0.0,0.0,41.1373,0.0,41.1872,0.0,0.0
22101.0,1.7417,0.0927,1.0,0.0799,1.2019,2.0557,1.0557,2.309,1.309,26.7214,2.0689,26.3987,2.0559,100.0,0.0,0.0,0.0,25.375,0.0,26.5,0.0,26.5,0.0,25.5,10.0,0.0,0.0106,52.6419,5.2642,2.0,13.431,1.4512,0.4541,1.4132,0.0203,1.3659,1.005e-05,1.0011,0.0134,2.1314,8.0,0.0721,1.0019,0.1477,2.3912,0.0054,0.9502,0.0747,2.0949,0.0,0.0,0.0,-0.1608,26.0,25.0,38.0,38.0,15.0,0.0,0.0,0.0,0.0,41.1379,0.0,41.1878,0.0,0.0
22102.0,1.7405,0.0926,1.0,0.0798,1.2018,2.0556,1.0556,2.3093,1.3093,26.8425,2.0737,26.3936,2.0557,100.0,0.0,0.0,0.0,25.25,0.0,26.5,0.0,26.5,0.0,25.375,10.0,0.0,0.0095,52.6417,5.2642,2.0,13.2776,1.4492,0.3592,1.4028,0.0205,1.3659,1.005e-05,1.0011,0.0134,2.1312,8.0,0.0727,1.0019,0.1565,2.4163,0.0068,1.0536,0.0659,2.0408,0.0,0.0,0.0,-0.1605,26.0,25.0,38.0,38.0,14.0,0.0,0.0,0.0,0.0,41.1381,0.0,41.1873,0.0,0.0
22103.0,1.7384,0.0923,1.0,0.08,1.2021,2.0563,1.0563,2.3095,1.3095,26.8061,2.0722,26.3811,2.0552,100.0,0.0,0.0,0.0,25.25,0.0,26.5,0.0,26.5,0.0,25.375,10.0,0.0,0.0097,52.6414,5.2641,2.0,13.3034,1.4496,0.3507,1.4019,0.0207,1.3659,1.005e-05,1.0012,0.0134,2.1308,8.0,0.0728,1.0019,0.1465,2.3876,0.0058,0.9857,0.0638,2.0268,0.0,0.0,0.0,-0.1604,26.0,25.0,38.0,38.0,14.0,0.0,0.0,0.0,0.0,41.1375,0.0,41.1877,0.0,0.0
22104.0,1.741,0.0926,1.0,0.0801,1.2024,2.0562,1.0562,2.3094,1.3094,26.6833,2.0673,26.3738,2.055,100.0,0.0,0.0,0.0,25.25,0.0,26.375,0.0,26.5,0.0,25.375,10.0,0.0,0.0101,52.6413,5.2641,2.0,12.8454,1.4435,0.1398,1.3789,0.0199,1.3658,1.005e-05,1.0011,0.0134,2.1302,8.0,0.0708,1.0019,0.1233,2.3128,0.0055,0.9583,0.0621,2.0147,0.0,0.0,0.0,-0.1607,26.0,25.0,38.0,38.0,14.0,0.0,0.0,0.0,0.0,41.1375,0.0,41.1872,0.0,0.0
22105.0,1.7425,0.0928,1.0,0.08,1.2023,2.0566,1.0566,2.3088,1.3088,26.5909,2.0636,26.3784,2.0551,100.0,0.0,0.0,0.0,25.25,0.0,26.375,0.0,26.5,0.0,25.375,10.0,0.0,0.01,52.641,5.2641,2.0,12.7549,1.4423,0.1534,1.3804,0.0196,1.3658,1.004e-05,1.001,0.0134,2.1296,8.0,0.0678,1.0018,0.1137,2.2778,0.0059,0.9907,0.0594,1.9956,0.0,0.0,0.0,-0.1608,26.0,25.0,38.0,38.0,14.0,0.0,0.0,0.0,0.0,41.1376,0.0,41.1877,0.0,0.0
22106.0,1.7425,0.0928,1.0,0.0798,1.2018,2.0561,1.0561,2.3089,1.3089,26.6825,2.0673,26.3955,2.0558,100.0,0.0,0.0,0.0,25.25,0.0,26.375,0.0,26.5,0.0,25.375,10.0,0.0,0.01,52.6409,5.2641,2.0,12.7528,1.4422,0.1659,1.3817,0.0191,1.3657,1.005e-05,1.0011,0.0134,2.1291,8.0,0.0689,1.0018,0.1456,2.385,0.0058,0.987,0.0581,1.986,0.0,0.0,0.0,-0.1605,26.0,25.0,38.0,38.0,14.0,0.0,0.0,0.0,0.0,41.1379,0.0,41.1876,0.0,0.0
22107.0,1.7445,0.0931,1.0,0.0798,1.2016,2.0556,1.0556,2.3092,1.3092,26.8396,2.0736,26.3968,2.0559,100.0,0.0,0.0,0.0,25.375,0.0,26.375,0.0,26.5,0.0,25.375,10.0,0.0,0.0103,52.6406,5.264,2.0,12.9973,1.4455,0.2353,1.3893,0.0191,1.3657,1.004e-05,1.0009,0.0134,2.1287,8.0,0.0668,1.0018,0.1087,2.2582,0.0053,0.9458,0.0537,1.9521,0.0,0.0,0.0,-0.1607,26.0,25.0,38.0,38.0,14.0,0.0,0.0,0.0,0.0,41.1377,0.0,41.1877,0.0,0.0
22108.0,1.7456,0.0932,1.0,0.0796,1.2013,2.056,1.056,2.3098,1.3098,26.8333,2.0733,26.3819,2.0553,100.0,0.0,0.0,0.0,25.25,0.0,26.375,0.0,26.625,0.0,25.375,10.0,0.0,0.0104,52.6403,5.264,2.0,12.8433,1.4435,0.2214,1.3878,0.0188,1.3657,1.004e-05,1.001,0.0134,2.1281,8.0,0.0665,1.0018,0.1099,2.2628,0.0066,1.04,0.0561,1.9705,0.0,0.0,0.0,-0.1606,26.0,25.0,38.0,38.0,13.0,0.0,0.0,0.0,0.0,41.1378,0.0,41.1875,0.0,0.0
22109.0,1.7456,0.0932,1.0,0.0796,1.2011,2.0562,1.0562,2.3095,1.3095,26.725,2.069,26.375,2.055,100.0,0.0,0.0,0.0,25.25,0.0,26.375,0.0,26.375,0.0,25.375,10.0,0.0,0.0106,52.6396,5.2639,2.0,13.2236,1.4485,0.3087,1.3973,0.0182,1.3656,1.004e-05,1.001,0.0134,2.1278,8.0,0.0664,1.0018,0.1045,2.2409,0.0059,0.9952,0.0542,1.9558,0.0,0.0,0.0,-0.1606,26.0,25.0,38.0,38.0,13.0,0.0,0.0,0.0,0.0,41.1377,0.0,41.1874,0.0,0.0
22110.0,1.7473,0.0934,1.0,0.08,1.2022,2.0562,1.0562,2.3092,1.3092,26.5915,2.0637,26.3761,2.055,100.0,0.0,0.0,0.0,25.25,0.0,26.5,0.0,26.375,0.0,25.375,10.0,0.0,0.0105,52.6394,5.2639,2.0,13.4118,1.451,0.3774,1.4048,0.019,1.3657,1.004e-05,1.001,0.0134,2.1271,8.0,0.0669,1.0018,0.1146,2.2811,0.006,0.9973,0.0484,1.9063,0.0,0.0,0.0,-0.1607,26.0,25.0,38.0,38.0,15.0,0.0,0.0,0.0,0.0,41.1378,0.0,41.1881,0.0,0.0
22111.0,1.7496,0.0937,1.0,0.0798,1.2017,2.0559,1.0559,2.3093,1.3093,26.6382,2.0655,26.3835,2.0553,100.0,0.0,0.0,0.0,25.25,0.0,26.5,0.0,26.375,0.0,25.375,10.0,0.0,0.0105,52.6394,5.2639,2.0,13.5309,1.4525,0.3004,1.3964,0.0187,1.3657,1.004e-05,1.001,0.0134,2.1268,8.0,0.068,1.0018,0.0905,2.1784,0.0052,0.9419,0.0454,1.8786,0.0,0.0,0.0,-0.1606,26.0,25.0,38.0,38.0,14.0,0.0,0.0,0.0,0.0,41.1374,0.0,41.188,0.0,0.0
22112.0,1.7506,0.0938,1.0,0.0799,1.202,2.0557,1.0557,2.3092,1.3092,26.8125,2.0725,26.3949,2.0558,100.0,0.0,0.0,0.0,25.25,0.0,26.375,0.0,26.5,0.0,25.5,10.0,0.0,0.0109,52.6388,5.2639,2.0,13.169,1.4478,0.2496,1.3909,0.0198,1.3658,1.004e-05,1.001,0.0134,2.1265,8.0,0.0688,1.0018,0.174,2.4623,0.0057,0.9779,0.0449,1.874,0.0,0.0,0.0,-0.1605,26.0,25.0,38.0,37.0,12.0,0.0,0.0,0.0,0.0,41.1377,0.0,41.1875,0.0,0.0
22113.0,1.7507,0.0938,1.0,0.0798,1.2017,2.056,1.056,2.3095,1.3095,26.8264,2.0731,26.38,2.0552,100.0,0.0,0.0,0.0,25.375,0.0,26.375,0.0,26.5,0.0,25.5,10.0,0.0,0.0107,52.6386,5.2638,2.0,13.1424,1.4475,0.1983,1.3853,0.02,1.3658,1.005e-05,1.0011,0.0134,2.1258,8.0,0.0687,1.0018,0.1495,2.3966,0.0065,1.038,0.0688,2.0593,0.0,0.0,0.0,-0.1605,26.0,25.0,38.0,37.0,14.0,0.0,0.0,0.0,0.0,41.1379,0.0,41.1877,0.0,0.0
22114.0,1.7507,0.0938,1.0,0.0802,1.2029,2.0559,1.0559,2.3095,1.3095,26.7393,2.0696,26.3696,2.0548,100.0,0.0,0.0,0.0,25.25,0.0,26.5,0.0,26.5,0.0,25.375,10.0,0.0,0.0106,52.6382,5.2638,2.0,13.0801,1.4466,0.1464,1.3796,0.0212,1.3659,1.005e-05,1.0012,0.0134,2.1258,8.0,0.0767,1.002,0.1383,2.3627,0.0062,1.0139,0.0728,2.0842,0.0,0.0,0.0,-0.1603,26.0,25.0,38.0,37.0,14.0,0.0,0.0,0.0,0.0,41.1383,0.0,41.1878,0.0,0.0
22115.0,1.7535,0.0942,1.0,0.0803,1.2032,2.0562,1.0562,2.3094,1.3094,26.6142,2.0646,26.3636,2.0545,100.0,0.0,0.0,0.0,25.375,0.0,26.375,0.0,26.375,0.0,25.5,10.0,0.0,0.0109,52.6381,5.2638,2.0,12.8964,1.4442,0.0986,1.3744,0.0216,1.366,1.005e-05,1.0012,0.0133,2.1255,8.0,0.0735,1.002,0.1291,2.3326,0.0064,1.0284,0.0681,2.055,0.0,0.0,0.0,-0.1606,26.0,25.0,38.0,37.0,14.0,0.0,0.0,0.0,0.0,41.1376,0.0,41.1876,0.0,0.0
22116.0,1.7536,0.0942,1.0,0.0801,1.2027,2.056,1.056,2.3091,1.3091,26.631,2.0652,26.3839,2.0554,100.0,0.0,0.0,0.0,25.25,0.0,26.5,0.0,26.375,0.0,25.375,10.0,0.0,0.0109,52.6376,5.2637,2.0,12.9046,1.4443,0.0693,1.3712,0.0214,1.366,1.005e-05,1.0012,0.0133,2.1249,8.0,0.0761,1.002,0.158,2.4204,0.0062,1.0146,0.0619,2.0136,0.0,0.0,0.0,-0.1608,26.0,25.0,38.0,38.0,14.0,0.0,0.0,0.0,0.0,41.1374,0.0,41.1874,0.0,0.0
22117.0,1.7508,0.0938,1.0,0.08,1.2022,2.0556,1.0556,2.3092,1.3092,26.8234,2.0729,26.3879,2.0555,100.0,0.0,0.0,0.0,25.25,0.0,26.5,0.0,26.375,0.0,25.5,10.0,0.0,0.0099,52.6374,5.2637,2.0,12.8009,1.4429,0.0704,1.3713,0.0214,1.366,1.005e-05,1.0012,0.0133,2.1241,8.0,0.0747,1.002,0.1201,2.3013,0.0061,1.008,0.0729,2.0848,0.0,0.0,0.0,-0.1605,26.0,25.0,38.0,38.0,15.0,0.0,0.0,0.0,0.0,41.1383,0.0,41.1871,0.0,0.0
22118.0,1.7505,0.0938,1.0,0.0799,1.2019,2.0558,1.0558,2.3097,1.3097,26.8424,2.0737,26.3749,2.055,100.0,0.0,0.0,0.0,25.25,0.0,26.375,0.0,26.375,0.0,25.5,10.0,0.0,0.0102,52.6371,5.2637,2.0,12.7892,1.4427,-0.0025,1.3634,0.0211,1.3659,1.005e-05,1.0012,0.0133,2.1236,8.0,0.075,1.002,0.1341,2.3492,0.0064,1.031,0.0673,2.0498,0.0,0.0,0.0,-0.1608,26.0,25.0,38.0,38.0,13.0,0.0,0.0,0.0,0.0,41.1378,0.0,41.1875,0.0,0.0
22119.0,1.7508,0.0938,1.0,0.08,1.2023,2.0562,1.0562,2.3094,1.3094,26.7496,2.07,26.3734,2.0549,100.0,0.0,0.0,0.0,25.25,0.0,26.5,0.0,26.375,0.0,25.375,10.0,0.0,0.0094,52.6364,5.2636,2.0,12.6057,1.4402,-0.0396,1.3593,0.0207,1.3659,1.005e-05,1.0012,0.0133,2.1229,8.0,0.0757,1.002,0.1036,2.2372,0.0054,0.9552,0.0695,2.0636,0.0,0.0,0.0,-0.1605,26.0,25.0,38.0,38.0,13.0,0.0,0.0,0.0,0.0,41.138,0.0,41.1878,0.0,0.0
22120.0,1.751,0.0939,1.0,0.0798,1.2018,2.0562,1.0562,2.3094,1.3094,26.6456,2.0658,26.3734,2.0549,100.0,0.0,0.0,0.0,25.25,0.0,26.375,0.0,26.5,0.0,25.375,10.0,0.0,0.0098,52.6363,5.2636,2.0,12.5141,1.439,-0.0629,1.3568,0.021,1.3659,1.005e-05,1.0012,0.0133,2.1228,8.0,0.0749,1.002,0.1751,2.465,0.0062,1.0162,0.0708,2.0717,0.0,0.0,0.0,-0.1606,26.0,25.0,38.0,38.0,13.0,0.0,0.0,0.0,0.0,41.1381,0.0,41.188,0.0,0.0
22121.0,1.7527,0.0941,1.0,0.08,1.2023,2.0562,1.0562,2.3092,1.3092,26.6013,2.0641,26.3859,2.0554,100.0,0.0,0.0,0.0,25.25,0.0,26.375,0.0,26.5,0.0,25.375,10.0,0.0,0.0101,52.636,5.2636,2.0,12.4294,1.4378,-0.0745,1.3555,0.021,1.3659,1.005e-05,1.0012,0.0133,2.1224,8.0,0.0742,1.002,0.1528,2.4058,0.0063,1.0226,0.0631,2.0216,0.0,0.0,0.0,-0.161,26.0,25.0,38.0,38.0,14.0,0.0,0.0,0.0,0.0,41.1381,0.0,41.1883,0.0,0.0
22122.0,1.7478,0.0935,1.0,0.08,1.2023,2.0556,1.0556,2.309,1.309,26.7458,2.0698,26.3998,2.056,100.0,0.0,0.0,0.0,25.25,0.0,26.375,0.0,26.5,0.0,25.375,10.0,0.0,0.0103,52.6358,5.2635,2.0,12.4449,1.438,-0.0876,1.3541,0.0208,1.3659,1.005e-05,1.0012,0.0133,2.1217,8.0,0.0752,1.002,0.1636,2.4357,0.0055,0.9661,0.0638,2.0267,0.0,0.0,0.0,-0.1608,26.0,25.0,38.0,38.0,14.0,0.0,0.0,0.0,0.0,41.1382,0.0,41.1879,0.0,0.0
22123.0,1.7476,0.0934,1.0,0.0799,1.202,2.0557,1.0557,2.3094,1.3094,26.8456,2.0738,26.388,2.0555,100.0,0.0,0.0,0.0,25.25,0.0,26.5,0.0,26.5,0.0,25.5,10.0,0.0,0.0105,52.6353,5.2635,2.0,12.4664,1.4383,-0.0613,1.3569,0.0218,1.366,1.005e-05,1.0012,0.0133,2.1214,8.0,0.0754,1.002,0.154,2.4093,0.0061,1.0044,0.0693,2.0625,0.0,0.0,0.0,-0.1609,26.0,25.0,38.0,38.0,14.0,0.0,0.0,0.0,0.0,41.1379,0.0,41.1879,0.0,0.0
22124.0,1.7446,0.0931,1.0,0.0802,1.2029,2.0562,1.0562,2.3091,1.3091,26.7571,2.0703,26.3764,2.0551,100.0,0.0,0.0,0.0,25.25,0.0,26.375,0.0,26.5,0.0,25.375,10.0,0.0,0.0095,52.6351,5.2635,2.0,12.5794,1.4399,0.0111,1.3649,0.0214,1.366,1.005e-05,1.0012,0.0133,2.1209,8.0,0.0779,1.0021,0.1386,2.3636,0.0061,1.0053,0.0682,2.0557,0.0,0.0,0.0,-0.1608,26.0,25.0,38.0,38.0,14.0,0.0,0.0,0.0,0.0,41.1376,0.0,41.1878,0.0,0.0
22125.0,1.7412,0.0926,1.0,0.08,1.2021,2.0563,1.0563,2.3092,1.3092,26.645,2.0658,26.3734,2.0549,100.0,0.0,0.0,0.0,25.25,0.0,26.375,0.0,26.5,0.0,25.375,10.0,0.0,0.01,52.6348,5.2635,2.0,12.733,1.442,0.0123,1.365,0.0193,1.3657,1.004e-05,1.001,0.0133,2.1201,8.0,0.0684,1.0018,0.1301,2.3361,0.006,0.9977,0.0624,2.0171,0.0,0.0,0.0,-0.1609,26.0,25.0,38.0,38.0,15.0,0.0,0.0,0.0,0.0,41.1377,0.0,41.1872,0.0,0.0
22126.0,1.7394,0.0924,1.0,0.0799,1.202,2.0561,1.0561,2.3092,1.3092,26.6034,2.0641,26.3859,2.0554,100.0,0.0,0.0,0.0,25.375,0.0,26.375,0.0,26.5,0.0,25.375,10.0,0.0,0.0095,52.6346,5.2634,2.0,12.7801,1.4426,0.0682,1.3711,0.019,1.3657,1.004e-05,1.001,0.0133,2.1196,8.0,0.0684,1.0018,0.1173,2.291,0.0058,0.9838,0.0619,2.0138,0.0,0.0,0.0,-0.1609,26.0,25.0,38.0,38.0,13.0,0.0,0.0,0.0,0.0,41.1381,0.0,41.1879,0.0,0.0
22127.0,1.7364,0.092,1.0,0.08,1.2024,2.0556,1.0556,2.309,1.309,26.7454,2.0698,26.3993,2.056,100.0,0.0,0.0,0.0,25.25,0.0,26.5,0.0,26.375,0.0,25.625,10.0,0.0,0.01,52.6347,5.2635,2.0,12.9208,1.4445,0.158,1.3809,0.0196,1.3658,1.004e-05,1.001,0.0133,2.1197,8.0,0.0693,1.0018,0.1348,2.3515,0.0052,0.9391,0.0577,1.9833,0.0,0.0,0.0,-0.1605,26.0,25.0,38.0,38.0,14.0,0.0,0.0,0.0,0.0,41.1382,0.0,41.1876,0.0,0.0
22128.0,1.7363,0.092,1.0,0.0801,1.2026,2.0557,1.0557,2.3094,1.3094,26.8512,2.074,26.388,2.0555,100.0,0.0,0.0,0.0,25.25,0.0,26.5,0.0,26.5,0.0,25.375,10.0,0.0,0.0096,52.6347,5.2635,2.0,13.1581,1.4477,0.1698,1.3822,0.0202,1.3658,1.004e-05,1.001,0.0133,2.1192,8.0,0.069,1.0018,0.1201,2.3014,0.0065,1.0367,0.0538,1.9528,0.0,0.0,0.0,-0.1605,26.0,25.0,38.0,38.0,14.0,0.0,0.0,0.0,0.0,41.1379,0.0,41.1879,0.0,0.0
22129.0,1.7373,0.0922,1.0,0.0801,1.2026,2.0561,1.0561,2.3095,1.3095,26.7805,2.0712,26.3702,2.0548,100.0,0.0,0.0,0.0,25.25,0.0,26.375,0.0,26.375,0.0,25.375,10.0,0.0,0.0101,52.6339,5.2634,2.0,13.0713,1.4465,0.1912,1.3845,0.0196,1.3658,1.005e-05,1.0011,0.0133,2.1187,8.0,0.0705,1.0019,0.2149,2.554,0.0062,1.0114,0.0599,1.9992,0.0,0.0,0.0,-0.1608,26.0,25.0,38.0,38.0,14.0,0.0,0.0,0.0,0.0,41.1379,0.0,41.1876,0.0,0.0
22130.0,1.7378,0.0922,1.0,0.0799,1.2019,2.0562,1.0562,2.3094,1.3094,26.6878,2.0675,26.3685,2.0547,100.0,0.0,0.0,0.0,25.25,0.0,26.5,0.0,26.375,0.0,25.375,10.0,0.0,0.0107,52.634,5.2634,2.0,13.2295,1.4486,0.1748,1.3827,0.0201,1.3658,1.005e-05,1.0011,0.0133,2.1178,8.0,0.07,1.0019,0.1752,2.4653,0.0061,1.0086,0.0582,1.987,0.0,0.0,0.0,-0.1609,26.0,25.0,38.0,38.0,14.0,0.0,0.0,0.0,0.0,41.1378,0.0,41.1876,0.0,0.0
22131.0,1.7369,0.0921,1.0,0.0799,1.2019,2.0562,1.0562,2.3092,1.3092,26.5823,2.0633,26.3772,2.0551,100.0,0.0,0.0,0.0,25.375,0.0,26.375,0.0,26.5,0.0,25.375,10.0,0.0,0.0104,52.6334,5.2633,2.0,13.0236,1.4459,0.127,1.3775,0.02,1.3658,1.005e-05,1.0011,0.0133,2.1176,8.0,0.0715,1.0019,0.1959,2.5138,0.0065,1.0374,0.0672,2.049,0.0,0.0,0.0,-0.1609,26.0,25.0,38.0,38.0,13.0,0.0,0.0,0.0,0.0,41.1374,0.0,41.1878,0.0,0.0
22132.0,1.7362,0.092,1.0,0.0802,1.2028,2.0557,1.0557,2.309,1.309,26.7193,2.0688,26.391,2.0556,100.0,0.0,0.0,0.0,25.25,0.0,26.375,0.0,26.375,0.0,25.375,10.0,0.0,0.0098,52.6331,5.2633,2.0,13.0921,1.4468,0.0849,1.3729,0.0195,1.3658,1.005e-05,1.0011,0.0132,2.1171,8.0,0.0705,1.0019,0.1629,2.4337,0.0057,0.9775,0.0813,2.1321,0.0,0.0,0.0,-0.1609,26.0,25.0,38.0,38.0,12.0,0.0,0.0,0.0,0.0,41.1379,0.0,41.1875,0.0,0.0
22133.0,1.7374,0.0922,1.0,0.0799,1.202,2.0555,1.0555,2.3093,1.3093,26.8471,2.0739,26.3892,2.0556,100.0,0.0,0.0,0.0,25.375,0.0,26.5,0.0,26.5,0.0,25.5,10.0,0.0,0.0105,52.6329,5.2633,2.0,12.9853,1.4454,0.1125,1.3759,0.0206,1.3659,1.004e-05,1.001,0.0132,2.1168,8.0,0.07,1.0019,0.146,2.3861,0.0058,0.9835,0.0729,2.0845,0.0,0.0,0.0,-0.1604,26.0,25.0,38.0,37.0,14.0,0.0,0.0,0.0,0.0,41.1379,0.0,41.1881,0.0,0.0
22134.0,1.7372,0.0921,1.0,0.0799,1.2019,2.056,1.056,2.3093,1.3093,26.8109,2.0724,26.3758,2.055,100.0,0.0,0.0,0.0,25.25,0.0,26.375,0.0,26.375,0.0,25.375,10.0,0.0,0.0094,52.6327,5.2633,2.0,13.0959,1.4469,0.1446,1.3794,0.0208,1.3659,1.004e-05,1.001,0.0132,2.1159,8.0,0.0698,1.0019,0.1321,2.3427,0.0068,1.0546,0.0754,2.0993,0.0,0.0,0.0,-0.1609,26.0,25.0,38.0,37.0,14.0,0.0,0.0,0.0,0.0,41.138,0.0,41.188,0.0,0.0
22135.0,1.7362,0.092,1.0,0.0799,1.202,2.0563,1.0563,2.3095,1.3095,26.708,2.0683,26.3655,2.0546,100.0,0.0,0.0,0.0,25.375,0.0,26.375,0.0,26.5,0.0,25.375,10.0,0.0,0.011,52.6324,5.2632,2.0,13.0926,1.4468,0.1024,1.3748,0.0208,1.3659,1.005e-05,1.0011,0.0132,2.1155,8.0,0.0722,1.0019,0.1358,2.3548,0.0065,1.036,0.0713,2.075,0.0,0.0,0.0,-0.1607,26.0,25.0,38.0,37.0,14.0,0.0,0.0,0.0,0.0,41.1382,0.0,41.188,0.0,0.0
22136.0,1.7355,0.0919,1.0,0.0796,1.2011,2.0562,1.0562,2.3092,1.3092,26.5894,2.0636,26.3708,2.0548,100.0,0.0,0.0,0.0,25.25,0.0,26.375,0.0,26.5,0.0,25.375,10.0,0.0,0.0105,52.6318,5.2632,2.0,12.8847,1.444,0.0171,1.3655,0.0189,1.3657,1.004e-05,1.001,0.0132,2.1148,8.0,0.0679,1.0018,0.1283,2.3302,0.0069,1.0601,0.0629,2.0202,0.0,0.0,0.0,-0.1607,26.0,25.0,38.0,37.0,15.0,0.0,0.0,0.0,0.0,41.1383,0.0,41.188,0.0,0.0
22137.0,1.745,0.0931,1.0,0.0797,1.2014,2.0557,1.0557,2.3091,1.3091,26.693,2.0677,26.3979,2.0559,100.0,0.0,0.0,0.0,25.375,0.0,26.375,0.0,26.5,0.0,25.375,10.0,0.0,0.0097,52.6316,5.2632,2.0,12.7844,1.4427,0.0572,1.3699,0.0189,1.3657,1.004e-05,1.001,0.0132,2.1145,8.0,0.0672,1.0018,0.1213,2.3057,0.0061,1.01,0.0644,2.0305,0.0,0.0,0.0,-0.1606,26.0,25.0,38.0,38.0,13.0,0.0,0.0,0.0,0.0,41.1381,0.0,41.1878,0.0,0.0
22138.0,1.7476,0.0935,1.0,0.0797,1.2015,2.0557,1.0557,2.3092,1.3092,26.8326,2.0733,26.3966,2.0559,100.0,0.0,0.0,0.0,25.25,0.0,26.375,0.0,26.375,0.0,25.375,10.0,0.0,0.0103,52.6314,5.2631,2.0,13.1424,1.4475,0.157,1.3808,0.0189,1.3657,1.004e-05,1.001,0.0132,2.1143,8.0,0.0683,1.0018,0.1223,2.3092,0.006,1.0035,0.0585,1.9892,0.0,0.0,0.0,-0.1611,26.0,25.0,38.0,38.0,15.0,0.0,0.0,0.0,0.0,41.1374,0.0,41.1876,0.0,0.0
22139.0,1.7382,0.0923,1.0,0.08,1.2022,2.0561,1.0561,2.3095,1.3095,26.8031,2.0721,26.3793,2.0552,100.0,0.0,0.0,0.0,25.375,0.0,26.5,0.0,26.5,0.0,25.5,10.0,0.0,0.0105,52.631,5.2631,2.0,12.9334,1.4447,0.039,1.3679,0.0191,1.3657,1.004e-05,1.001,0.0132,2.1134,8.0,0.0698,1.0019,0.0971,2.2089,0.0065,1.0338,0.0532,1.9479,0.0,0.0,0.0,-0.161,26.0,25.0,38.0,38.0,13.0,0.0,0.0,0.0,0.0,41.1376,0.0,41.1878,0.0,0.0
22140.0,1.738,0.0923,1.0,0.08,1.2023,2.0562,1.0562,2.3094,1.3094,26.7283,2.0691,26.3757,2.055,100.0,0.0,0.0,0.0,25.25,0.0,26.375,0.0,26.375,0.0,25.375,10.0,0.0,0.0102,52.6308,5.2631,2.0,12.868,1.4438,0.0845,1.3729,0.0193,1.3657,1.004e-05,1.001,0.0132,2.1134,8.0,0.0691,1.0018,0.1117,2.2697,0.0069,1.0602,0.055,1.9619,0.0,0.0,0.0,-0.1609,26.0,25.0,38.0,38.0,14.0,0.0,0.0,0.0,0.0,41.1375,0.0,41.1879,0.0,0.0
22141.0,1.7383,0.0923,1.0,0.0801,1.2026,2.0563,1.0563,2.3093,1.3093,26.6098,2.0644,26.3728,2.0549,100.0,0.0,0.0,0.0,25.25,0.0,26.375,0.0,26.375,0.0,25.375,10.0,0.0,0.0105,52.6309,5.2631,2.0,13.0715,1.4465,0.0866,1.3731,0.0196,1.3658,1.004e-05,1.001,0.0132,2.1129,8.0,0.0689,1.0018,0.0932,2.1914,0.006,0.9975,0.0559,1.969,0.0,0.0,0.0,-0.1607,26.0,25.0,38.0,37.0,14.0,0.0,0.0,0.0,0.0,41.1377,0.0,41.1871,0.0,0.0
22142.0,1.7386,0.0923,1.0,0.08,1.2023,2.0558,1.0558,2.3088,1.3088,26.6633,2.0665,26.3939,2.0558,100.0,0.0,0.0,0.0,25.25,0.0,26.5,0.0,26.375,0.0,25.5,10.0,0.0,0.0094,52.6302,5.263,2.0,12.7501,1.4422,-0.0569,1.3574,0.0198,1.3658,1.005e-05,1.0011,0.0132,2.1121,8.0,0.0688,1.0018,0.1049,2.2426,0.0055,0.9597,0.0546,1.9589,0.0,0.0,0.0,-0.1607,26.0,25.0,38.0,37.0,15.0,0.0,0.0,0.0,0.0,41.138,0.0,41.1876,0.0,0.0
22143.0,1.7362,0.092,1.0,0.08,1.2023,2.0559,1.0559,2.3088,1.3088,26.8374,2.0735,26.3965,2.0559,100.0,0.0,0.0,0.0,25.25,0.0,26.375,0.0,26.5,0.0,25.375,10.0,0.0,0.0101,52.63,5.263,2.0,12.5561,1.4395,-0.0653,1.3565,0.0196,1.3658,1.005e-05,1.001,0.0132,2.1119,8.0,0.0709,1.0019,0.0871,2.162,0.0064,1.0306,0.0529,1.9454,0.0,0.0,0.0,-0.1606,26.0,25.0,38.0,37.0,14.0,0.0,0.0,0.0,0.0,41.138,0.0,41.1878,0.0,0.0
22144.0,1.7307,0.0913,1.0,0.08,1.2023,2.0563,1.0563,2.3091,1.3091,26.8429,2.0737,26.3839,2.0554,100.0,0.0,0.0,0.0,25.25,0.0,26.375,0.0,26.5,0.0,25.375,10.0,0.0,0.0106,52.6299,5.2629,2.0,12.6616,1.441,-0.0371,1.3596,0.0197,1.3658,1.005e-05,1.0011,0.0132,2.1115,8.0,0.07,1.0019,0.0908,2.1801,0.0059,0.9903,0.0475,1.8988,0.0,0.0,0.0,-0.161,26.0,25.0,38.0,37.0,15.0,0.0,0.0,0.0,0.0,41.1381,0.0,41.1883,0.0,0.0
22145.0,1.7313,0.0914,1.0,0.0799,1.202,2.0566,1.0566,2.309,1.309,26.7544,2.0702,26.3806,2.0552,100.0,0.0,0.0,0.0,25.25,0.0,26.375,0.0,26.5,0.0,25.5,10.0,0.0,0.0105,52.6294,5.2629,2.0,12.8309,1.4433,0.0193,1.3657,0.0208,1.3659,1.004e-05,1.001,0.0132,2.111,8.0,0.0707,1.0019,0.0767,2.1065,0.0058,0.9878,0.0562,1.9715,0.0,0.0,0.0,-0.1605,26.0,25.0,38.0,37.0,14.0,0.0,0.0,0.0,0.0,41.1379,0.0,41.1882,0.0,0.0
22146.0,1.7321,0.0915,1.0,0.0798,1.2018,2.0566,1.0566,2.3088,1.3088,26.6071,2.0643,26.3793,2.0552,100.0,0.0,0.0,0.0,25.25,0.0,26.625,0.0,26.375,0.0,25.375,10.0,0.0,0.01,52.6291,5.2629,2.0,12.7822,1.4426,-0.0091,1.3626,0.0205,1.3659,1.005e-05,1.0012,0.0132,2.1103,8.0,0.0735,1.002,0.0794,2.1217,0.0065,1.0349,0.0745,2.0942,0.0,0.0,0.0,-0.1604,26.0,25.0,38.0,37.0,14.0,0.0,0.0,0.0,0.0,41.1383,0.0,41.1884,0.0,0.0
22147.0,1.7319,0.0915,1.0,0.0799,1.2019,2.0564,1.0564,2.3087,1.3087,26.6291,2.0652,26.3905,2.0556,100.0,0.0,0.0,0.0,25.25,0.0,26.375,0.0,26.625,0.0,25.375,10.0,0.0,0.0096,52.6289,5.2629,2.0,12.9191,1.4445,0.0288,1.3668,0.0192,1.3657,1.004e-05,1.001,0.0132,2.1097,8.0,0.0658,1.0018,0.1383,2.3628,0.0057,0.9776,0.0656,2.0388,0.0,0.0,0.0,-0.1609,26.0,25.0,38.0,37.0,14.0,0.0,0.0,0.0,0.0,41.1387,0.0,41.188,0.0,0.0
22148.0,1.73,0.0913,1.0,0.0798,1.2017,2.0556,1.0556,2.309,1.309,26.8182,2.0727,26.4009,2.056,100.0,0.0,0.0,0.0,25.375,0.0,26.5,0.0,26.625,0.0,25.375,10.0,0.0,0.011,52.6287,5.2629,2.0,12.8797,1.444,0.0274,1.3666,0.0192,1.3657,1.004e-05,1.0009,0.0132,2.1092,8.0,0.0689,1.0018,0.1463,2.3872,0.0059,0.9941,0.0619,2.0137,0.0,0.0,0.0,-0.1606,26.0,25.0,38.0,37.0,13.0,0.0,0.0,0.0,0.0,41.1385,0.0,41.1881,0.0,0.0
22149.0,1.7304,0.0913,1.0,0.0799,1.2019,2.056,1.056,2.3096,1.3096,26.8555,2.0742,26.3744,2.055,100.0,0.0,0.0,0.0,25.25,0.0,26.375,0.0,26.5,0.0,25.375,10.0,0.0,0.011,52.6287,5.2629,2.0,12.862,1.4437,-0.0085,1.3627,0.0193,1.3657,1.004e-05,1.001,0.0132,2.109,8.0,0.065,1.0017,0.1397,2.367,0.0063,1.02,0.0589,1.9922,0.0,0.0,0.0,-0.1605,26.0,25.0,38.0,37.0,15.0,0.0,0.0,0.0,0.0,41.1382,0.0,41.1877,0.0,0.0
22150.0,1.7323,0.0915,1.0,0.0798,1.2018,2.0562,1.0562,2.3094,1.3094,26.7587,2.0703,26.3764,2.0551,100.0,0.0,0.0,0.0,25.375,0.0,26.375,0.0,26.5,0.0,25.375,10.0,0.0,0.0103,52.6283,5.2628,2.0,12.6234,1.4405,-0.0421,1.359,0.0186,1.3657,1.005e-05,1.0011,0.0131,2.1084,8.0,0.0665,1.0018,0.1295,2.3341,0.0066,1.0419,0.063,2.0214,0.0,0.0,0.0,-0.1607,26.0,25.0,38.0,37.0,13.0,0.0,0.0,0.0,0.0,41.1372,0.0,41.1875,0.0,0.0
22151.0,1.7341,0.0918,1.0,0.0801,1.2024,2.0562,1.0562,2.3091,1.3091,26.6588,2.0664,26.3731,2.0549,100.0,0.0,0.0,0.0,25.25,0.0,26.375,0.0,26.375,0.0,25.375,10.0,0.0,0.0103,52.6283,5.2628,2.0,12.7499,1.4422,-0.0011,1.3635,0.0197,1.3658,1.005e-05,1.0011,0.0131,2.1083,8.0,0.0694,1.0018,0.1137,2.2778,0.0063,1.0211,0.0581,1.986,0.0,0.0,0.0,-0.1607,26.0,25.0,38.0,37.0,11.0,0.0,0.0,0.0,0.0,41.1374,0.0,41.1875,0.0,0.0
22152.0,1.7353,0.0919,1.0,0.08,1.2023,2.0561,1.0561,2.3087,1.3087,26.6137,2.0645,26.386,2.0554,100.0,0.0,0.0,0.0,25.25,0.0,26.375,0.0,26.375,0.0,25.375,10.0,0.0,0.0095,52.6278,5.2628,2.0,12.8667,1.4438,0.024,1.3663,0.0199,1.3658,1.005e-05,1.001,0.0131,2.1078,8.0,0.07,1.0019,0.1141,2.2792,0.0065,1.0379,0.0546,1.9587,0.0,0.0,0.0,-0.1607,26.0,25.0,38.0,37.0,13.0,0.0,0.0,0.0,0.0,41.1379,0.0,41.1874,0.0,0.0
22153.0,1.7345,0.0918,1.0,0.0801,1.2025,2.0556,1.0556,2.309,1.309,26.759,2.0704,26.3905,2.0556,100.0,0.0,0.0,0.0,25.375,0.0,26.375,0.0,26.375,0.0,25.375,10.0,0.0,0.0101,52.6274,5.2627,2.0,12.919,1.4445,0.0869,1.3731,0.0195,1.3658,1.005e-05,1.0011,0.0131,2.1073,8.0,0.0697,1.0019,0.1588,2.4226,0.0056,0.9731,0.0484,1.907,0.0,0.0,0.0,-0.1606,26.0,25.0,38.0,38.0,13.0,0.0,0.0,0.0,0.0,41.1372,0.0,41.1872,0.0,0.0
22154.0,1.7331,0.0916,1.0,0.08,1.2023,2.0559,1.0559,2.309,1.309,26.8562,2.0742,26.3878,2.0555,100.0,0.0,0.0,0.0,25.375,0.0,26.5,0.0,26.625,0.0,25.375,10.0,0.0,0.011,52.627,5.2627,2.0,13.0555,1.4463,0.0839,1.3728,0.0197,1.3658,1.004e-05,1.001,0.0131,2.107,8.0,0.0677,1.0018,0.2375,2.5975,0.0054,0.9503,0.0679,2.0534,0.0,0.0,0.0,-0.161,26.0,25.0,38.0,38.0,14.0,0.0,0.0,0.0,0.0,41.1378,0.0,41.1872,0.0,0.0
22155.0,1.7301,0.0913,1.0,0.0801,1.2025,2.0566,1.0566,2.309,1.309,26.7706,2.0708,26.3871,2.0555,100.0,0.0,0.0,0.0,25.5,0.0,26.375,0.0,26.5,0.0,25.375,10.0,0.0,0.0102,52.6268,5.2627,2.0,12.7113,1.4417,-0.0263,1.3608,0.0202,1.3658,1.005e-05,1.0011,0.0131,2.106,8.0,0.0673,1.0018,0.2393,2.6008,0.0066,1.0426,0.0554,1.9657,0.0,0.0,0.0,-0.1608,26.0,25.0,38.0,38.0,14.0,0.0,0.0,0.0,0.0,41.1372,0.0,41.1869,0.0,0.0
22156.0,1.73,0.0913,1.0,0.08,1.2024,2.0562,1.0562,2.3089,1.3089,26.658,2.0663,26.3736,2.0549,100.0,0.0,0.0,0.0,25.25,0.0,26.5,0.0,26.5,0.0,25.375,10.0,0.0,0.0103,52.6264,5.2626,2.0,12.798,1.4429,0.0673,1.371,0.0194,1.3658,1.004e-05,1.001,0.0131,2.106,8.0,0.0699,1.0019,0.231,2.5855,0.0058,0.9887,0.0606,2.0045,0.0,0.0,0.0,-0.161,26.0,25.0,38.0,38.0,13.0,0.0,0.0,0.0,0.0,41.1375,0.0,41.187,0.0,0.0
22157.0,1.7305,0.0913,1.0,0.0801,1.2025,2.0562,1.0562,2.3091,1.3091,26.5942,2.0638,26.3771,2.0551,100.0,0.0,0.0,0.0,25.25,0.0,26.5,0.0,26.375,0.0,25.375,10.0,0.0,0.0097,52.6262,5.2626,2.0,13.1511,1.4476,0.1987,1.3853,0.02,1.3658,1.004e-05,1.001,0.0131,2.1057,8.0,0.0697,1.0019,0.2054,2.5345,0.0061,1.0078,0.0611,2.0082,0.0,0.0,0.0,-0.1609,26.0,25.0,38.0,38.0,14.0,0.0,0.0,0.0,0.0,41.1377,0.0,41.1879,0.0,0.0
22158.0,1.7281,0.091,1.0,0.0798,1.2018,2.0559,1.0559,2.3087,1.3087,26.7683,2.0707,26.4023,2.0561,100.0,0.0,0.0,0.0,25.375,0.0,26.375,0.0,26.375,0.0,25.5,10.0,0.0,0.0098,52.6261,5.2626,2.0,13.1585,1.4477,0.0467,1.3687,0.0193,1.3657,1.004e-05,1.001,0.0131,2.1047,8.0,0.0677,1.0018,0.2175,2.5594,0.0058,0.9869,0.052,1.9382,0.0,0.0,0.0,-0.161,26.0,25.0,38.0,38.0,14.0,0.0,0.0,0.0,0.0,41.1374,0.0,41.1875,0.0,0.0
22159.0,1.7293,0.0912,1.0,0.0796,1.2013,2.0556,1.0556,2.3089,1.3089,26.856,2.0742,26.3914,2.0557,100.0,0.0,0.0,0.0,25.25,0.0,26.375,0.0,26.5,0.0,25.375,10.0,0.0,0.0101,52.6257,5.2626,2.0,12.8768,1.4439,0.0197,1.3658,0.019,1.3657,1.005e-05,1.001,0.0131,2.1048,8.0,0.0665,1.0018,0.1775,2.471,0.0056,0.967,0.0572,1.9793,0.0,0.0,0.0,-0.1605,26.0,25.0,38.0,38.0,13.0,0.0,0.0,0.0,0.0,41.1371,0.0,41.1869,0.0,0.0
22160.0,1.7311,0.0914,1.0,0.0799,1.202,2.0562,1.0562,2.309,1.309,26.787,2.0715,26.3783,2.0551,100.0,0.0,0.0,0.0,25.25,0.0,26.5,0.0,26.375,0.0,25.375,10.0,0.0,0.0103,52.6259,5.2626,2.0,12.8958,1.4442,-0.013,1.3622,0.0196,1.3658,1.004e-05,1.001,0.0131,2.1041,8.0,0.0653,1.0017,0.2,2.5229,0.0058,0.9835,0.0512,1.9309,0.0,0.0,0.0,-0.1609,26.0,25.0,38.0,38.0,15.0,0.0,0.0,0.0,0.0,41.1376,0.0,41.1874,0.0,0.0
22161.0,1.7311,0.0914,1.0,0.0798,1.2017,2.0566,1.0566,2.309,1.309,26.6711,2.0668,26.3745,2.055,100.0,0.0,0.0,0.0,25.25,0.0,26.375,0.0,26.375,0.0,25.375,10.0,0.0,0.0097,52.6252,5.2625,2.0,12.7377,1.442,-0.033,1.36,0.0198,1.3658,1.005e-05,1.0011,0.0131,2.1036,8.0,0.0694,1.0019,0.1682,2.4477,0.0062,1.0161,0.0685,2.0574,0.0,0.0,0.0,-0.1609,26.0,25.0,38.0,38.0,14.0,0.0,0.0,0.0,0.0,41.1377,0.0,41.1876,0.0,0.0
22162.0,1.7306,0.0913,1.0,0.0798,1.2018,2.0562,1.0562,2.3087,1.3087,26.6005,2.064,26.383,2.0553,100.0,0.0,0.0,0.0,25.375,0.0,26.625,0.0,26.375,0.0,25.5,10.0,0.0,0.01,52.6248,5.2625,2.0,12.661,1.441,-0.091,1.3537,0.0197,1.3658,1.004e-05,1.001,0.0131,2.1033,8.0,0.0718,1.0019,0.2471,2.6148,0.0065,1.0379,0.0634,2.0237,0.0,0.0,0.0,-0.1609,26.0,25.0,38.0,38.0,13.0,0.0,0.0,0.0,0.0,41.1382,0.0,41.1872,0.0,0.0
22163.0,1.73,0.0913,1.0,0.0798,1.2018,2.0553,1.0553,2.3089,1.3089,26.7143,2.0686,26.3871,2.0555,100.0,0.0,0.0,0.0,25.375,0.0,26.375,0.0,26.375,0.0,25.375,10.0,0.0,0.0102,52.6247,5.2625,2.0,12.4778,1.4385,-0.1228,1.3502,0.0202,1.3658,1.005e-05,1.0011,0.0131,2.1029,8.0,0.0703,1.0019,0.2097,2.5434,0.0061,1.0061,0.0572,1.979,0.0,0.0,0.0,-0.1607,26.0,25.0,38.0,38.0,14.0,0.0,0.0,0.0,0.0,41.138,0.0,41.1883,0.0,0.0
22164.0,1.7319,0.0915,1.0,0.0798,1.2018,2.0551,1.0551,2.309,1.309,26.8367,2.0735,26.3843,2.0554,100.0,0.0,0.0,0.0,25.375,0.0,26.375,0.0,26.375,0.0,25.375,10.0,0.0,0.0103,52.6245,5.2624,2.0,12.3807,1.4371,-0.1835,1.3436,0.0209,1.3659,1.005e-05,1.0011,0.0131,2.1024,8.0,0.0698,1.0019,0.2348,2.5926,0.0057,0.977,0.0547,1.9597,0.0,0.0,0.0,-0.1609,26.0,25.0,38.0,38.0,12.0,0.0,0.0,0.0,0.0,41.1376,0.0,41.1877,0.0,0.0
22165.0,1.731,0.0914,1.0,0.0797,1.2016,2.0559,1.0559,2.3095,1.3095,26.816,2.0726,26.3708,2.0548,100.0,0.0,0.0,0.0,25.25,0.0,26.5,0.0,26.375,0.0,25.375,10.0,0.0,0.0102,52.6243,5.2624,2.0,12.2999,1.436,-0.1638,1.3458,0.02,1.3658,1.005e-05,1.0011,0.0131,2.1021,8.0,0.0726,1.0019,0.1911,2.5032,0.0057,0.9802,0.052,1.9376,0.0,0.0,0.0,-0.1605,26.0,25.0,38.0,38.0,13.0,0.0,0.0,0.0,0.0,41.1379,0.0,41.1872,0.0,0.0
22166.0,1.729,0.0911,1.0,0.0797,1.2015,2.0562,1.0562,2.309,1.309,26.7212,2.0688,26.3652,2.0546,100.0,0.0,0.0,0.0,25.375,0.0,26.375,0.0,26.5,0.0,25.375,10.0,0.0,0.0102,52.6243,5.2624,2.0,12.2596,1.4354,-0.1693,1.3452,0.0202,1.3658,1.005e-05,1.0012,0.0131,2.1018,8.0,0.0723,1.0019,0.1737,2.4617,0.0059,0.9908,0.0586,1.9897,0.0,0.0,0.0,-0.1607,26.0,25.0,38.0,37.0,14.0,0.0,0.0,0.0,0.0,41.1374,0.0,41.1875,0.0,0.0
22167.0,1.7289,0.0911,1.0,0.0801,1.2024,2.0562,1.0562,2.3087,1.3087,26.5994,2.064,26.3703,2.0548,100.0,0.0,0.0,0.0,25.25,0.0,26.375,0.0,26.5,0.0,25.5,10.0,0.0,0.0095,52.6234,5.2623,2.0,12.4984,1.4387,-0.0886,1.354,0.0211,1.3659,1.005e-05,1.0012,0.0131,2.1011,8.0,0.0728,1.0019,0.1828,2.4839,0.0066,1.0398,0.0643,2.0302,0.0,0.0,0.0,-0.1609,26.0,25.0,38.0,37.0,14.0,0.0,0.0,0.0,0.0,41.1379,0.0,41.1875,0.0,0.0
22168.0,1.7289,0.0911,1.0,0.0798,1.2017,2.0558,1.0558,2.3088,1.3088,26.6716,2.0669,26.3899,2.0556,100.0,0.0,0.0,0.0,25.25,0.0,26.375,0.0,26.625,0.0,25.5,10.0,0.0,0.0096,52.6236,5.2624,2.0,12.5619,1.4396,-0.0388,1.3594,0.0208,1.3659,1.005e-05,1.0012,0.0131,2.1011,8.0,0.0731,1.002,0.1645,2.4381,0.0068,1.0514,0.0589,1.9921,0.0,0.0,0.0,-0.1607,26.0,25.0,38.0,37.0,13.0,0.0,0.0,0.0,0.0,41.1376,0.0,41.1876,0.0,0.0
22169.0,1.7289,0.0911,1.0,0.0799,1.2021,2.0556,1.0556,2.3088,1.3088,26.8395,2.0736,26.3975,2.0559,100.0,0.0,0.0,0.0,25.25,0.0,26.375,0.0,26.5,0.0,25.375,10.0,0.0,0.0103,52.6235,5.2623,2.0,12.8232,1.4432,0.0639,1.3706,0.0202,1.3658,1.005e-05,1.0012,0.013,2.1003,8.0,0.0727,1.0019,0.1732,2.4604,0.0053,0.9427,0.0577,1.9832,0.0,0.0,0.0,-0.1607,26.0,25.0,38.0,37.0,14.0,0.0,0.0,0.0,0.0,41.1378,0.0,41.1876,0.0,0.0
22170.0,1.731,0.0914,1.0,0.0798,1.2018,2.056,1.056,2.3091,1.3091,26.8324,2.0733,26.3815,2.0553,100.0,0.0,0.0,0.0,25.25,0.0,26.375,0.0,26.5,0.0,25.375,10.0,0.0,0.0098,52.6232,5.2623,2.0,12.7288,1.4419,0.0136,1.3651,0.0198,1.3658,1.005e-05,1.0011,0.013,2.1,8.0,0.072,1.0019,0.1536,2.4083,0.0058,0.982,0.0549,1.9611,0.0,0.0,0.0,-0.1606,26.0,25.0,38.0,38.0,13.0,0.0,0.0,0.0,0.0,41.1376,0.0,41.1875,0.0,0.0
22171.0,1.7321,0.0915,1.0,0.0801,1.2024,2.0562,1.0562,2.3091,1.3091,26.7347,2.0694,26.3751,2.055,100.0,0.0,0.0,0.0,25.375,0.0,26.375,0.0,26.5,0.0,25.375,10.0,0.0,0.0106,52.6226,5.2623,2.0,12.5434,1.4394,-0.0654,1.3565,0.02,1.3658,1.004e-05,1.001,0.013,2.0994,8.0,0.0693,1.0018,0.1385,2.3633,0.0061,1.0095,0.0557,1.9679,0.0,0.0,0.0,-0.1605,26.0,25.0,38.0,38.0,14.0,0.0,0.0,0.0,0.0,41.1377,0.0,41.1873,0.0,0.0
22172.0,1.7331,0.0916,1.0,0.0799,1.202,2.0563,1.0563,2.3088,1.3088,26.6049,2.0642,26.3755,2.055,100.0,0.0,0.0,0.0,25.25,0.0,26.375,0.0,26.5,0.0,25.5,10.0,0.0,0.0108,52.6228,5.2623,2.0,12.4066,1.4375,-0.0934,1.3534,0.0192,1.3657,1.004e-05,1.001,0.013,2.0988,8.0,0.0676,1.0018,0.1195,2.2993,0.0061,1.0098,0.0513,1.9321,0.0,0.0,0.0,-0.1608,26.0,25.0,38.0,38.0,14.0,0.0,0.0,0.0,0.0,41.1378,0.0,41.1874,0.0,0.0
22173.0,1.7314,0.0914,1.0,0.0799,1.2019,2.0562,1.0562,2.3083,1.3083,26.6775,2.0671,26.3943,2.0558,100.0,0.0,0.0,0.0,25.25,0.0,26.375,0.0,26.5,0.0,25.375,10.0,0.0,0.0105,52.6226,5.2622,2.0,12.5094,1.4389,0.0203,1.3659,0.019,1.3657,1.005e-05,1.0011,0.013,2.0983,8.0,0.0653,1.0017,0.1293,2.3334,0.0058,0.9883,0.0478,1.9014,0.0,0.0,0.0,-0.161,26.0,25.0,38.0,38.0,14.0,0.0,0.0,0.0,0.0,41.1378,0.0,41.1875,0.0,0.0
22174.0,1.7316,0.0914,1.0,0.0798,1.2018,2.0559,1.0559,2.3086,1.3086,26.8377,2.0735,26.4085,2.0563,100.0,0.0,0.0,0.0,25.375,0.0,26.375,0.0,26.5,0.0,25.375,10.0,0.0,0.0103,52.6223,5.2622,2.0,12.7365,1.442,0.0384,1.3678,0.0189,1.3657,1.004e-05,1.001,0.013,2.0978,8.0,0.0641,1.0017,0.12,2.3009,0.0057,0.9773,0.0452,1.8774,0.0,0.0,64.0,-0.1608,26.0,25.0,38.0,37.0,13.0,0.0,0.0,0.0,0.0,41.1375,0.0,41.1876,0.0,0.0
22175.0,1.7337,0.0917,1.0,0.0798,1.2016,2.0563,1.0563,2.3091,1.3091,26.8552,2.0742,26.3837,2.0553,100.0,0.0,0.0,0.0,25.25,0.0,26.375,0.0,26.375,0.0,25.375,10.0,0.0,0.01,52.6218,5.2622,2.0,12.7989,1.4429,0.0864,1.3731,0.0191,1.3657,1.004e-05,1.001,0.013,2.0973,8.0,0.0664,1.0018,0.128,2.3291,0.0064,1.03,0.0444,1.8694,0.0,0.0,64.0,0.4635,26.0,25.0,38.0,37.0,13.0,0.0,0.0,0.0,0.0,41.1377,0.0,41.1874,0.0,0.0
22176.0,1.7393,0.0924,1.0,0.0798,1.2017,2.0562,1.0562,2.309,1.309,26.7609,2.0704,26.3674,2.0547,100.0,0.0,0.0,0.0,25.25,0.0,26.375,0.0,26.5,0.0,25.375,10.0,0.0,0.0103,52.6217,5.2622,2.0,12.9738,1.4452,0.0706,1.3713,0.0191,1.3657,1.004e-05,1.0009,0.013,2.097,8.0,0.0654,1.0017,0.1069,2.2508,0.0059,0.9959,0.0443,1.8684,0.0,0.0,64.0,1.1756,26.0,25.0,38.0,37.0,14.0,0.0,0.0,0.0,0.0,41.1376,0.0,41.1875,0.0,0.0
22177.0,1.7404,0.0926,1.0,0.0799,1.2019,2.0562,1.0562,2.3089,1.3089,26.6361,2.0654,26.3713,2.0549,100.0,0.0,0.0,0.0,25.375,0.0,26.375,0.0,26.5,0.0,25.375,10.0,0.0,0.0099,52.6212,5.2621,2.0,12.6759,1.4412,0.0057,1.3643,0.0189,1.3657,1.004e-05,1.001,0.013,2.0965,8.0,0.0659,1.0018,0.1177,2.2926,0.0056,0.9669,0.0613,2.0095,0.0,0.0,64.0,1.9299,26.0,25.0,38.0,37.0,16.0,0.0,0.0,0.0,0.0,41.1375,0.0,41.1877,0.0,0.0
22178.0,1.7433,0.0929,1.0,0.0799,1.2019,2.056,1.056,2.3087,1.3087,26.6251,2.065,26.3888,2.0556,100.0,0.0,0.0,0.0,25.25,0.0,26.375,0.0,26.375,0.0,25.5,10.0,0.0,0.0104,52.6212,5.2621,2.0,12.6619,1.441,-0.0049,1.3631,0.0187,1.3657,1.004e-05,1.001,0.013,2.096,8.0,0.0672,1.0018,0.0985,2.2154,0.0062,1.015,0.0545,1.9579,0.0,0.0,64.0,2.5998,26.0,25.0,38.0,38.0,13.0,0.0,0.0,0.0,0.0,41.1375,0.0,41.1879,0.0,0.0
22179.0,1.7433,0.0929,1.0,0.0799,1.202,2.0556,1.0556,2.3087,1.3087,26.8264,2.0731,26.4,2.056,100.0,0.0,0.0,0.0,25.25,0.0,26.5,0.0,26.375,0.0,25.375,10.0,0.0,0.0095,52.6209,5.2621,2.0,12.7011,1.4415,0.0285,1.3667,0.0191,1.3657,1.005e-05,1.001,0.013,2.0956,8.0,0.0661,1.0018,0.1516,2.4025,0.0061,1.009,0.0516,1.9346,0.0,0.0,64.0,3.2687,26.0,25.0,38.0,38.0,14.0,0.0,0.0,0.0,0.0,41.1378,0.0,41.1875,0.0,0.0
22180.0,1.7416,0.0927,1.0,0.0804,1.2033,2.0559,1.0559,2.3092,1.3092,26.844,2.0738,26.3851,2.0554,100.0,0.0,0.0,0.0,25.25,0.0,26.375,0.0,26.375,0.0,25.375,10.0,0.0,0.0096,52.6207,5.262,2.0,12.7312,1.4419,-0.0258,1.3608,0.0211,1.3659,1.005e-05,1.0012,0.013,2.0957,8.0,0.0754,1.002,0.1622,2.4318,0.0069,1.0621,0.0474,1.8973,0.0,0.0,64.0,4.022,26.0,25.0,38.0,38.0,14.0,0.0,0.0,0.0,0.0,41.1377,0.0,41.1874,0.0,0.0
22181.0,1.7398,0.0925,1.0,0.0802,1.2029,2.0564,1.0564,2.309,1.309,26.7713,2.0709,26.3773,2.0551,100.0,0.0,0.0,0.0,25.375,0.0,26.5,0.0,26.5,0.0,25.375,10.0,0.0,0.0102,52.6206,5.2621,2.0,12.424,1.4377,-0.0534,1.3578,0.0211,1.3659,1.005e-05,1.0013,0.013,2.0947,8.0,0.075,1.002,0.1549,2.4119,0.0057,0.9741,0.0588,1.9914,0.0,0.0,64.0,4.8964,26.0,25.0,38.0,38.0,13.0,0.0,0.0,0.0,0.0,41.1379,0.0,41.1877,0.0,0.0
22182.0,1.7362,0.092,1.0,0.08,1.2022,2.0562,1.0562,2.3089,1.3089,26.6429,2.0657,26.3736,2.0549,100.0,0.0,0.0,0.0,25.25,0.0,26.5,0.0,26.625,0.0,25.5,10.0,0.0,0.0105,52.6204,5.262,2.0,12.761,1.4424,0.058,1.37,0.0211,1.3659,1.005e-05,1.0013,0.013,2.0946,8.0,0.0754,1.002,0.1332,2.3462,0.0059,0.9954,0.0596,1.9971,0.0,0.0,64.0,5.6509,26.0,25.0,38.0,38.0,12.0,0.0,0.0,0.0,0.0,41.1376,0.0,41.1875,0.0,0.0
22183.0,1.7363,0.092,1.0,0.08,1.2022,2.0557,1.0557,2.3087,1.3087,26.6316,2.0653,26.3791,2.0552,100.0,0.0,0.0,0.0,25.375,0.0,26.375,0.0,26.5,0.0,25.375,10.0,0.0,0.0103,52.6202,5.262,2.0,12.9081,1.4443,0.386,1.4057,0.0211,1.3659,1.005e-05,1.0012,0.013,2.0941,8.0,0.0745,1.002,0.1313,2.3399,0.0059,0.9928,0.0601,2.0005,0.0,0.0,64.0,6.196,26.0,25.0,38.0,38.0,13.0,0.0,0.0,0.0,0.0,41.1378,0.0,41.1876,0.0,0.0
22184.0,1.7354,0.0919,1.0,0.08,1.2023,2.0556,1.0556,2.3086,1.3086,26.7931,2.0717,26.3987,2.0559,100.0,0.0,0.0,0.0,25.375,0.0,26.5,0.0,26.5,0.0,25.375,10.0,0.0,0.0103,52.62,5.262,2.0,13.6879,1.4545,0.3594,1.4028,0.0213,1.366,1.005e-05,1.0012,0.013,2.0936,8.0,0.0758,1.002,0.1321,2.3427,0.0058,0.9852,0.0546,1.9591,0.0,0.0,64.0,6.978,26.0,25.0,38.0,38.0,14.0,0.0,0.0,0.0,0.0,41.1377,0.0,41.1872,0.0,0.0
22185.0,1.7356,0.092,1.0,0.0802,1.2029,2.0558,1.0558,2.309,1.309,26.8639,2.0746,26.3875,2.0555,100.0,0.0,0.0,0.0,25.375,0.0,26.375,0.0,26.5,0.0,25.5,10.0,0.0,0.01,52.6196,5.2619,2.0,13.4986,1.4521,0.272,1.3933,0.0209,1.3659,1.005e-05,1.0012,0.013,2.0935,8.0,0.0755,1.002,0.1223,2.3094,0.0065,1.0315,0.0652,2.0359,0.0,0.0,64.0,7.8881,26.0,25.0,38.0,38.0,13.0,0.0,0.0,0.0,0.0,41.1374,0.0,41.1869,0.0,0.0
22186.0,1.7344,0.0918,1.0,0.0801,1.2027,2.0562,1.0562,2.309,1.309,26.7957,2.0718,26.3769,2.0551,100.0,0.0,0.0,0.0,25.25,0.0,26.375,0.0,26.375,0.0,25.375,10.0,0.0,0.01,52.6195,5.262,2.0,13.4308,1.4512,0.2532,1.3913,0.0212,1.366,1.006e-05,1.0013,0.013,2.0926,8.0,0.0764,1.002,0.1205,2.3028,0.0055,0.9592,0.0599,1.9994,0.0,0.0,64.0,8.5979,26.0,25.0,38.0,38.0,14.0,0.0,0.0,0.0,0.0,41.1375,0.0,41.1872,0.0,0.0
22187.0,1.7322,0.0915,1.0,0.0799,1.2019,2.0563,1.0563,2.309,1.309,26.6815,2.0673,26.3747,2.055,100.0,0.0,0.0,0.0,25.375,0.0,26.375,0.0,26.375,0.0,25.375,10.0,0.0,0.0105,52.6193,5.2619,2.0,13.3911,1.4507,0.2042,1.3859,0.0204,1.3659,1.005e-05,1.0012,0.013,2.0925,8.0,0.0741,1.002,0.1543,2.4102,0.006,1.0019,0.0624,2.0168,0.0,0.0,64.0,9.2966,26.0,25.0,38.0,38.0,13.0,0.0,0.0,0.0,0.0,41.1374,0.0,41.1872,0.0,0.0
22188.0,1.731,0.0914,1.0,0.08,1.2022,2.0562,1.0562,2.3087,1.3087,26.6036,2.0641,26.381,2.0552,100.0,0.0,0.0,0.0,25.25,0.0,26.5,0.0,26.5,0.0,25.5,10.0,0.0,0.0104,52.6188,5.2619,2.0,13.3802,1.4506,0.2423,1.3901,0.0204,1.3659,1.005e-05,1.0012,0.0129,2.0919,8.0,0.0759,1.002,0.1638,2.4361,0.0063,1.0244,0.0734,2.0875,0.0,0.0,64.0,10.0024,26.0,25.0,38.0,38.0,16.0,0.0,0.0,0.0,0.0,41.1372,0.0,41.1872,0.0,0.0
22189.0,1.7321,0.0915,1.0,0.0799,1.2019,2.056,1.056,2.3086,1.3086,26.7728,2.0709,26.4002,2.056,100.0,0.0,0.0,0.0,25.375,0.0,26.5,0.0,26.375,0.0,25.5,10.0,0.0,0.0103,52.6183,5.2618,2.0,13.6443,1.454,0.2951,1.3958,0.0202,1.3658,1.005e-05,1.0012,0.0129,2.0914,8.0,0.0742,1.002,0.1412,2.3717,0.0063,1.0195,0.0754,2.0992,0.0,0.0,64.0,10.7097,26.0,25.0,38.0,38.0,13.0,0.0,0.0,0.0,0.0,41.1374,0.0,41.1872,0.0,0.0
22190.0,1.7342,0.0918,1.0,0.0798,1.2016,2.0557,1.0557,2.3091,1.3091,26.8563,2.0743,26.3879,2.0555,100.0,0.0,0.0,0.0,25.25,0.0,26.5,0.0,26.5,0.0,25.375,10.0,0.0,0.0109,52.6184,5.2618,2.0,13.695,1.4546,0.2762,1.3938,0.0193,1.3657,1.004e-05,1.001,0.0129,2.0906,8.0,0.067,1.0018,0.1648,2.4387,0.0061,1.0062,0.068,2.0544,0.0,0.0,64.0,11.3802,26.0,25.0,38.0,38.0,13.0,0.0,0.0,0.0,0.0,41.1371,0.0,41.187,0.0,0.0
22191.0,1.7343,0.0918,1.0,0.0797,1.2015,2.0562,1.0562,2.3089,1.3089,26.8073,2.0723,26.3797,2.0552,100.0,0.0,0.0,0.0,25.25,0.0,26.5,0.0,26.375,0.0,25.375,10.0,0.0,0.01,52.6181,5.2618,2.0,13.6224,1.4537,0.2247,1.3882,0.0194,1.3658,1.004e-05,1.001,0.0129,2.0901,8.0,0.0654,1.0017,0.1404,2.3691,0.0065,1.0334,0.0616,2.0117,0.0,0.0,64.0,12.0872,26.0,25.0,38.0,38.0,12.0,0.0,0.0,0.0,0.0,41.1374,0.0,41.1874,0.0,0.0
22192.0,1.7361,0.092,1.0,0.0797,1.2015,2.0563,1.0563,2.309,1.309,26.6998,2.068,26.3751,2.055,100.0,0.0,0.0,0.0,25.25,0.0,26.375,0.0,26.625,0.0,25.5,10.0,0.0,0.0095,52.6176,5.2617,2.0,13.606,1.4535,0.2329,1.389,0.0195,1.3658,1.004e-05,1.0009,0.0129,2.09,8.0,0.0656,1.0018,0.1422,2.3746,0.0062,1.0116,0.0652,2.0361,0.0,0.0,64.0,12.8724,26.0,25.0,38.0,38.0,13.0,0.0,0.0,0.0,0.0,41.1376,0.0,41.1872,0.0,0.0
22193.0,1.7371,0.0921,1.0,0.0798,1.2018,2.0561,1.0561,2.3088,1.3088,26.6075,2.0643,26.3832,2.0553,100.0,0.0,0.0,0.0,25.375,0.0,26.375,0.0,26.5,0.0,25.375,10.0,0.0,0.0103,52.6176,5.2617,2.0,13.4187,1.4511,0.1472,1.3797,0.0199,1.3658,1.004e-05,1.001,0.0129,2.0895,8.0,0.0668,1.0018,0.1173,2.2912,0.006,0.999,0.057,1.978,0.0,0.0,64.0,13.7453,26.0,25.0,38.0,38.0,15.0,0.0,0.0,0.0,0.0,41.1378,0.0,41.1877,0.0,0.0
22194.0,1.7344,0.0918,1.0,0.0798,1.2017,2.056,1.056,2.3083,1.3083,26.7404,2.0696,26.3998,2.056,100.0,0.0,0.0,0.0,25.25,0.0,26.375,0.0,26.375,0.0,25.5,10.0,0.0,0.0101,52.6174,5.2617,2.0,13.1699,1.4478,0.079,1.3723,0.0194,1.3657,1.005e-05,1.0011,0.0129,2.089,8.0,0.0698,1.0019,0.1127,2.2737,0.0064,1.0265,0.0566,1.9744,0.0,0.0,64.0,14.4051,26.0,25.0,38.0,38.0,13.0,0.0,0.0,0.0,0.0,41.138,0.0,41.1873,0.0,0.0
22195.0,1.7408,0.0926,1.0,0.0798,1.2017,2.0559,1.0559,2.3089,1.3089,26.854,2.0742,26.3909,2.0556,100.0,0.0,0.0,0.0,25.25,0.0,26.5,0.0,26.375,0.0,25.375,10.0,0.0,0.0096,52.6173,5.2617,2.0,13.2446,1.4488,0.0766,1.372,0.0202,1.3658,1.005e-05,1.0011,0.0129,2.0886,8.0,0.0702,1.0019,0.1318,2.3419,0.0064,1.0288,0.0565,1.9741,0.0,0.0,64.0,15.1394,26.0,25.0,38.0,38.0,13.0,0.0,0.0,0.0,0.0,41.1379,0.0,41.1881,0.0,0.0
22196.0,1.7444,0.0931,1.0,0.08,1.2023,2.0561,1.0561,2.309,1.309,26.8009,2.072,26.3784,2.0551,100.0,0.0,0.0,0.0,25.375,0.0,26.5,0.0,26.5,0.0,25.375,10.0,0.0,0.0096,52.617,5.2617,2.0,13.1061,1.447,0.0152,1.3653,0.0201,1.3658,1.005e-05,1.0011,0.0129,2.0881,8.0,0.0719,1.0019,0.1132,2.2758,0.0064,1.0291,0.0498,1.9195,0.0,0.0,64.0,15.8184,26.0,25.0,38.0,38.0,13.0,0.0,0.0,0.0,0.0,41.1375,0.0,41.1874,0.0,0.0
22197.0,1.7445,0.0931,1.0,0.0798,1.2016,2.0562,1.0562,2.3091,1.3091,26.711,2.0684,26.3739,2.055,100.0,0.0,0.0,0.0,25.375,0.0,26.5,0.0,26.625,0.0,25.5,10.0,0.0,0.0102,52.6166,5.2617,2.0,12.9731,1.4452,-0.0145,1.3621,0.0208,1.3659,1.005e-05,1.0012,0.0129,2.0878,8.0,0.0714,1.0019,0.1284,2.3305,0.0063,1.0214,0.0531,1.9472,0.0,0.0,64.0,16.6526,26.0,25.0,38.0,38.0,13.0,0.0,0.0,0.0,0.0,41.1375,0.0,41.1877,0.0,0.0
22198.0,1.7436,0.093,1.0,0.0798,1.2017,2.0562,1.0562,2.3089,1.3089,26.6061,2.0642,26.3738,2.055,100.0,0.0,0.0,0.0,25.375,0.0,26.5,0.0,26.5,0.0,25.375,10.0,0.0,0.0101,52.6166,5.2616,2.0,12.9081,1.4443,-0.037,1.3596,0.0206,1.3659,1.005e-05,1.0011,0.0129,2.0876,8.0,0.072,1.0019,0.1025,2.2327,0.0053,0.9427,0.0538,1.9525,0.0,0.0,64.0,17.3682,26.0,25.0,38.0,38.0,14.0,0.0,0.0,0.0,0.0,41.1378,0.0,41.1876,0.0,0.0
22199.0,1.7416,0.0927,1.0,0.0799,1.202,2.0558,1.0558,2.3087,1.3087,26.6724,2.0669,26.3944,2.0558,100.0,0.0,0.0,0.0,25.375,0.0,26.5,0.0,26.5,0.0,25.5,10.0,0.0,0.0109,52.6161,5.2616,2.0,12.9772,1.4453,0.0059,1.3643,0.0206,1.3659,1.005e-05,1.0012,0.0129,2.0873,8.0,0.0739,1.002,0.1141,2.279,0.0062,1.0127,0.0508,1.9277,0.0,0.0,64.0,18.1496,26.0,25.0,38.0,38.0,14.0,0.0,0.0,0.0,0.0,41.1374,0.0,41.1871,0.0,0.0
22200.0,1.7396,0.0924,1.0,0.08,1.2022,2.0556,1.0556,2.3088,1.3088,26.837,2.0735,26.3994,2.056,100.0,0.0,0.0,0.0,25.375,0.0,26.375,0.0,26.5,0.0,25.375,10.0,0.0,0.0102,52.6164,5.2617,2.0,13.0074,1.4457,0.0122,1.365,0.0209,1.3659,1.005e-05,1.0012,0.0129,2.087,8.0,0.0726,1.0019,0.0884,2.1683,0.006,0.9966,0.0435,1.8604,0.0,0.0,64.0,18.8701,26.0,25.0,38.0,38.0,13.0,0.0,0.0,0.0,0.0,41.1372,0.0,41.1874,0.0,0.0
22201.0,1.7362,0.092,1.0,0.0799,1.2019,2.0565,1.0565,2.3087,1.3087,26.8218,2.0729,26.3888,2.0556,100.0,0.0,0.0,0.0,25.375,0.0,26.375,0.0,26.375,0.0,25.375,10.0,0.0,0.0104,52.6158,5.2616,2.0,13.3917,1.4507,0.1609,1.3812,0.0198,1.3658,1.005e-05,1.0011,0.0129,2.0862,8.0,0.0712,1.0019,0.0999,2.2215,0.0065,1.0369,0.0439,1.8642,0.0,0.0,64.0,19.6147,26.0,25.0,38.0,38.0,12.0,0.0,0.0,0.0,0.0,41.1377,0.0,41.1874,0.0,0.0
22202.0,1.7353,0.0919,1.0,0.0799,1.2021,2.0566,1.0566,2.309,1.309,26.7176,2.0687,26.3784,2.0551,100.0,0.0,0.0,0.0,25.375,0.0,26.375,0.0,26.5,0.0,25.375,10.0,0.0,0.0097,52.6158,5.2616,2.0,13.5376,1.4526,0.2075,1.3863,0.0196,1.3658,1.005e-05,1.0011,0.0129,2.0854,8.0,0.0688,1.0018,0.0835,2.1435,0.0063,1.0219,0.0403,1.8277,0.0,0.0,64.0,20.2117,26.0,25.0,38.0,38.0,13.0,0.0,0.0,0.0,0.0,41.1376,0.0,41.1874,0.0,0.0
22203.0,1.7311,0.0914,1.0,0.0801,1.2025,2.0562,1.0562,2.3087,1.3087,26.5956,2.0638,26.3735,2.0549,100.0,0.0,0.0,0.0,25.375,0.0,26.375,0.0,26.5,0.0,25.375,10.0,0.0,0.0109,52.6155,5.2616,2.0,13.5721,1.4531,0.1923,1.3846,0.0194,1.3657,1.004e-05,1.001,0.0129,2.0854,8.0,0.0693,1.0018,0.0901,2.1765,0.006,1.0024,0.0351,1.7675,0.0,0.0,64.0,20.9307,26.0,25.0,38.0,38.0,15.0,0.0,0.0,0.0,0.0,41.1374,0.0,41.1876,0.0,0.0
22204.0,1.7355,0.0919,1.0,0.08,1.2022,2.0559,1.0559,2.3087,1.3087,26.6413,2.0657,26.3926,2.0557,100.0,0.0,0.0,0.0,25.25,0.0,26.375,0.0,26.625,0.0,25.375,10.0,0.0,0.0104,52.6157,5.2615,2.0,13.6701,1.4543,0.2199,1.3876,0.0197,1.3658,1.004e-05,1.001,0.0129,2.0844,8.0,0.069,1.0018,0.0722,2.0802,0.0064,1.0301,0.0361,1.7789,0.0,0.0,64.0,21.6873,26.0,25.0,38.0,38.0,14.0,0.0,0.0,0.0,0.0,41.1377,0.0,41.1873,0.0,0.0
22205.0,1.7363,0.092,1.0,0.0799,1.2019,2.0552,1.0552,2.3091,1.3091,26.8252,2.073,26.3909,2.0556,100.0,0.0,0.0,0.0,25.25,0.0,26.375,0.0,26.75,0.0,25.375,10.0,0.0,0.0099,52.6155,5.2615,2.0,13.803,1.456,0.2569,1.3917,0.0192,1.3657,1.004e-05,1.001,0.0129,2.0843,8.0,0.0676,1.0018,0.0736,2.0889,0.0058,0.9835,0.0369,1.7887,0.0,0.0,64.0,22.3898,26.0,25.0,38.0,38.0,13.0,0.0,0.0,0.0,0.0,41.1377,0.0,41.1873,0.0,0.0
22206.0,1.7363,0.092,1.0,0.0799,1.202,2.0559,1.0559,2.3092,1.3092,26.8296,2.0732,26.3727,2.0549,100.0,0.0,0.0,0.0,25.375,0.0,26.5,0.0,26.375,0.0,25.5,10.0,0.0,0.01,52.6154,5.2616,2.0,13.8775,1.4569,0.2552,1.3915,0.0192,1.3657,1.004e-05,1.001,0.0128,2.0835,8.0,0.0659,1.0018,0.076,2.1024,0.0065,1.0319,0.0381,1.8026,0.0,0.0,64.0,23.2546,26.0,25.0,38.0,38.0,14.0,0.0,0.0,0.0,0.0,41.1373,0.0,41.1874,0.0,0.0
22207.0,1.7363,0.092,1.0,0.0796,1.2012,2.0563,1.0563,2.309,1.309,26.7367,2.0695,26.3747,2.055,100.0,0.0,0.0,0.0,25.375,0.0,26.5,0.0,26.375,0.0,25.375,10.0,0.0,0.0103,52.6152,5.2615,2.0,13.6366,1.4539,0.1603,1.3811,0.019,1.3657,1.004e-05,1.001,0.0128,2.0836,8.0,0.0671,1.0018,0.0675,2.0514,0.0067,1.0453,0.0331,1.7416,0.0,0.0,64.0,23.8779,26.0,25.0,38.0,37.0,12.0,0.0,0.0,0.0,0.0,41.1374,0.0,41.1876,0.0,0.0
22208.0,1.7363,0.092,1.0,0.0794,1.2006,2.0562,1.0562,2.3088,1.3088,26.6257,2.065,26.3732,2.0549,100.0,0.0,0.0,0.0,25.25,0.0,26.375,0.0,26.375,0.0,25.375,10.0,0.0,0.0101,52.6151,5.2615,2.0,13.5204,1.4524,0.1057,1.3752,0.0189,1.3657,1.004e-05,1.0009,0.0128,2.0827,8.0,0.0656,1.0018,0.0645,2.0315,0.0061,1.004,0.0285,1.6773,0.0,0.0,64.0,24.6671,26.0,25.0,38.0,37.0,14.0,0.0,0.0,0.0,0.0,41.1379,0.0,41.1877,0.0,0.0
22209.0,1.7357,0.092,1.0,0.0798,1.2016,2.0562,1.0562,2.3083,1.3083,26.6513,2.0661,26.3916,2.0557,100.0,0.0,0.0,0.0,25.375,0.0,26.5,0.0,26.5,0.0,25.375,10.0,0.0,0.0101,52.6146,5.2614,2.0,13.3374,1.45,0.0419,1.3682,0.0185,1.3657,1.004e-05,1.001,0.0128,2.0827,8.0,0.0682,1.0018,0.0615,2.0108,0.0058,0.9835,0.0326,1.7355,0.0,0.0,64.0,25.4741,26.0,25.0,38.0,37.0,14.0,0.0,0.0,0.0,0.0,41.1375,0.0,41.1878,0.0,0.0
22210.0,1.7313,0.0914,1.0,0.0799,1.202,2.0558,1.0558,2.3085,1.3085,26.7857,2.0714,26.4021,2.0561,100.0,0.0,0.0,0.0,25.25,0.0,26.5,0.0,26.375,0.0,25.5,10.0,0.0,0.0103,52.6143,5.2614,2.0,13.3102,1.4497,0.0344,1.3674,0.0188,1.3657,1.004e-05,1.001,0.0128,2.0824,8.0,0.0668,1.0018,0.0609,2.0062,0.0057,0.9752,0.0327,1.737,0.0,0.0,64.0,26.2227,26.0,25.0,38.0,37.0,14.0,0.0,0.0,0.0,0.0,41.1379,0.0,41.1878,0.0,0.0
22211.0,1.729,0.0911,1.0,0.0797,1.2015,2.0558,1.0558,2.309,1.309,26.8544,2.0742,26.3837,2.0553,100.0,0.0,0.0,0.0,25.25,0.0,26.375,0.0,26.375,0.0,25.5,10.0,0.0,0.0109,52.6144,5.2614,2.0,13.3396,1.4501,0.0342,1.3674,0.0197,1.3658,1.004e-05,1.001,0.0128,2.0818,8.0,0.0649,1.0017,0.0551,1.9627,0.0057,0.9799,0.0292,1.6866,0.0,0.0,64.0,26.9369,26.0,25.0,38.0,38.0,13.0,0.0,0.0,0.0,0.0,41.1375,0.0,41.1875,0.0,0.0
22212.0,1.73,0.0912,1.0,0.0801,1.2024,2.0562,1.0562,2.309,1.309,26.7789,2.0712,26.378,2.0551,100.0,0.0,0.0,0.0,25.375,0.0,26.5,0.0,26.5,0.0,25.375,10.0,0.0,0.0103,52.6138,5.2614,2.0,13.3176,1.4498,0.0299,1.3669,0.0207,1.3659,1.005e-05,1.0012,0.0128,2.0814,8.0,0.0726,1.0019,0.0536,1.9508,0.0066,1.0426,0.0257,1.6318,0.0,0.0,64.0,27.614,26.0,25.0,38.0,38.0,14.0,0.0,0.0,0.0,0.0,41.1378,0.0,41.1874,0.0,0.0
22213.0,1.7311,0.0914,1.0,0.0802,1.2029,2.0563,1.0563,2.3088,1.3088,26.661,2.0664,26.3758,2.055,100.0,0.0,0.0,0.0,25.25,0.0,26.375,0.0,26.375,0.0,25.5,10.0,0.0,0.0102,52.614,5.2614,2.0,13.2269,1.4486,0.0245,1.3663,0.0215,1.366,1.005e-05,1.0012,0.0128,2.0811,8.0,0.0762,1.002,0.0476,1.8997,0.0066,1.0391,0.0283,1.6729,0.0,0.0,64.0,28.214,26.0,25.0,38.0,38.0,14.0,0.0,0.0,0.0,0.0,41.137,0.0,41.1875,0.0,0.0
22214.0,1.7331,0.0916,1.0,0.0801,1.2026,2.0561,1.0561,2.3088,1.3088,26.6239,2.065,26.3893,2.0556,100.0,0.0,0.0,0.0,25.25,0.0,26.5,0.0,26.5,0.0,25.5,10.0,0.0,0.0095,52.6137,5.2613,2.0,13.2294,1.4486,-0.0187,1.3616,0.0214,1.366,1.005e-05,1.0012,0.0128,2.0806,8.0,0.0754,1.002,0.0497,1.9184,0.0057,0.977,0.0391,1.8137,0.0,0.0,64.0,28.6002,26.0,25.0,38.0,38.0,12.0,0.0,0.0,0.0,0.0,41.1373,0.0,41.1873,0.0,0.0
22215.0,1.7341,0.0918,1.0,0.0799,1.2019,2.0554,1.0554,2.3086,1.3086,26.7473,2.0699,26.3954,2.0558,100.0,0.0,0.0,0.0,25.25,0.0,26.375,0.0,26.375,0.0,25.5,10.0,0.0,0.0103,52.6135,5.2614,2.0,13.1446,1.4475,-0.007,1.3629,0.0206,1.3659,1.005e-05,1.0012,0.0128,2.0801,8.0,0.0761,1.002,0.0455,1.8795,0.0063,1.0236,0.0391,1.8135,0.0,0.0,64.0,29.2964,26.0,25.0,38.0,38.0,14.0,0.0,0.0,0.0,0.0,41.1376,0.0,41.1876,0.0,0.0
22216.0,1.7352,0.0919,1.0,0.0799,1.202,2.0555,1.0555,2.309,1.309,26.8471,2.0739,26.38,2.0552,100.0,0.0,0.0,0.0,25.25,0.0,26.5,0.0,26.375,0.0,25.5,10.0,0.0,0.0102,52.6135,5.2613,2.0,13.1169,1.4471,-0.0598,1.3571,0.0208,1.3659,1.005e-05,1.0011,0.0128,2.0795,8.0,0.07,1.0019,0.0434,1.8598,0.0062,1.0126,0.0407,1.8313,0.0,0.0,0.0,29.9694,26.0,25.0,38.0,38.0,13.0,0.0,0.0,0.0,0.0,41.1372,0.0,41.1869,0.0,0.0
22217.0,1.7362,0.092,1.0,0.0799,1.2019,2.0561,1.0561,2.3091,1.3091,26.7733,2.0709,26.3679,2.0547,100.0,0.0,0.0,0.0,25.375,0.0,26.375,0.0,26.5,0.0,25.375,10.0,0.0,0.0106,52.6133,5.2613,2.0,13.2354,1.4487,0.0225,1.3661,0.0201,1.3658,1.005e-05,1.001,0.0128,2.0794,8.0,0.0702,1.0019,0.0426,1.8508,0.0058,0.9843,0.0495,1.9161,0.0,0.0,0.0,30.0032,26.0,25.0,38.0,38.0,13.0,0.0,0.0,0.0,0.0,41.1375,0.0,41.1871,0.0,0.0
22218.0,1.7362,0.092,1.0,0.08,1.2023,2.0563,1.0563,2.309,1.309,26.6524,2.0661,26.3708,2.0548,100.0,0.0,0.0,0.0,25.25,0.0,26.375,0.0,26.375,0.0,25.375,10.0,0.0,0.0103,52.6131,5.2613,2.0,13.2482,1.4489,0.0133,1.3651,0.0198,1.3658,1.005e-05,1.0011,0.0128,2.0789,8.0,0.0713,1.0019,0.0379,1.8,0.0053,0.9463,0.0618,2.0126,0.0,0.0,0.0,30.0023,26.0,25.0,38.0,38.0,13.0,0.0,0.0,0.0,0.0,41.1371,0.0,41.1875,0.0,0.0
22219.0,1.7363,0.092,1.0,0.08,1.2024,2.0562,1.0562,2.3087,1.3087,26.6036,2.0641,26.3785,2.0551,100.0,0.0,0.0,0.0,25.25,0.0,26.5,0.0,26.375,0.0,25.375,10.0,0.0,0.0109,52.6131,5.2613,2.0,13.0752,1.4466,-0.036,1.3597,0.0188,1.3657,1.004e-05,1.001,0.0128,2.0788,8.0,0.07,1.0019,0.0359,1.7764,0.0065,1.0365,0.0644,2.0307,0.0,0.0,0.0,30.0014,26.0,25.0,38.0,38.0,13.0,0.0,0.0,0.0,0.0,41.1377,0.0,41.1871,0.0,0.0
22220.0,1.7343,0.0918,1.0,0.08,1.2024,2.0552,1.0552,2.3089,1.3089,26.727,2.0691,26.3894,2.0556,100.0,0.0,0.0,0.0,25.25,0.0,26.5,0.0,26.375,0.0,25.5,10.0,0.0,0.0103,52.6127,5.2612,2.0,13.0887,1.4468,-0.0128,1.3622,0.0189,1.3657,1.004e-05,1.001,0.0128,2.0776,8.0,0.068,1.0018,0.0352,1.7678,0.006,0.9999,0.0562,1.9713,0.0,0.0,0.0,30.0006,26.0,25.0,38.0,38.0,13.0,0.0,0.0,0.0,0.0,41.1373,0.0,41.1873,0.0,0.0
22221.0,1.7348,0.0919,1.0,0.08,1.2021,2.0553,1.0553,2.3095,1.3095,26.8539,2.0742,26.3772,2.0551,100.0,0.0,0.0,0.0,25.25,0.0,26.375,0.0,26.5,0.0,25.375,10.0,0.0,0.01,52.6125,5.2613,2.0,13.1246,1.4472,-0.0465,1.3586,0.0194,1.3658,1.004e-05,1.001,0.0128,2.0774,8.0,0.0662,1.0018,0.0277,1.6637,0.0063,1.0226,0.0521,1.9391,0.0,0.0,0.0,29.9997,26.0,25.0,38.0,38.0,13.0,0.0,0.0,0.0,0.0,41.137,0.0,41.1872,0.0,0.0
22222.0,1.7362,0.092,1.0,0.0796,1.2012,2.0559,1.0559,2.3092,1.3092,26.8044,2.0722,26.3701,2.0548,100.0,0.0,0.0,0.0,25.375,0.0,26.5,0.0,26.375,0.0,25.5,10.0,0.0,0.0095,52.6124,5.2612,2.0,13.0319,1.446,-0.028,1.3606,0.0189,1.3657,1.004e-05,1.0009,0.0128,2.0774,8.0,0.0675,1.0018,0.033,1.7397,0.0062,1.0122,0.0534,1.9497,0.0,0.0,0.0,29.9994,26.0,25.0,38.0,38.0,14.0,0.0,0.0,0.0,0.0,41.1376,0.0,41.1878,0.0,0.0
22223.0,1.7372,0.0922,1.0,0.0798,1.2018,2.0562,1.0562,2.3091,1.3091,26.6945,2.0678,26.3652,2.0546,100.0,0.0,0.0,0.0,25.375,0.0,26.375,0.0,26.5,0.0,25.375,10.0,0.0,0.0097,52.6122,5.2612,2.0,13.2021,1.4483,0.0466,1.3687,0.02,1.3658,1.005e-05,1.0011,0.0128,2.0767,8.0,0.07,1.0019,0.0264,1.6439,0.0058,0.9835,0.0521,1.9384,0.0,0.0,0.0,29.9988,26.0,25.0,38.0,37.0,12.0,0.0,0.0,0.0,0.0,41.1378,0.0,41.1874,0.0,0.0
22224.0,1.7373,0.0922,1.0,0.0798,1.2016,2.0562,1.0562,2.3091,1.3091,26.5961,2.0638,26.3714,2.0549,100.0,0.0,0.0,0.0,25.375,0.0,26.5,0.0,26.5,0.0,25.375,10.0,0.0,0.0111,52.612,5.2611,2.0,13.284,1.4493,0.1148,1.3762,0.0211,1.3659,1.005e-05,1.0011,0.0128,2.0765,8.0,0.0735,1.002,0.0312,1.7166,0.0062,1.0118,0.0546,1.9592,0.0,0.0,0.0,29.9987,26.0,25.0,38.0,37.0,13.0,0.0,0.0,0.0,0.0,41.1376,0.0,41.1872,0.0,0.0
22225.0,1.7363,0.092,1.0,0.0798,1.2016,2.0557,1.0557,2.3087,1.3087,26.6927,2.0677,26.3961,2.0558,100.0,0.0,0.0,0.0,25.375,0.0,26.375,0.0,26.5,0.0,25.375,10.0,0.0,0.01,52.6118,5.2612,2.0,13.7224,1.455,0.3884,1.406,0.0205,1.3659,1.005e-05,1.0011,0.0128,2.0758,8.0,0.0729,1.0019,0.0259,1.635,0.0059,0.9929,0.0481,1.9041,0.0,0.0,0.0,29.9986,26.0,25.0,38.0,37.0,14.0,0.0,0.0,0.0,0.0,41.1373,0.0,41.187,0.0,0.0
22226.0,1.7353,0.0919,1.0,0.0797,1.2015,2.0555,1.0555,2.3088,1.3088,26.8471,2.0739,26.3902,2.0556,100.0,0.0,0.0,0.0,25.25,0.0,26.375,0.0,26.375,0.0,25.5,10.0,0.0,0.0092,52.6114,5.2611,2.0,14.3592,1.4629,0.4598,1.4138,0.0213,1.366,1.005e-05,1.0012,0.0128,2.0761,8.0,0.0746,1.002,0.0277,1.6651,0.0051,0.9285,0.0507,1.9268,0.0,0.0,0.0,29.9988,26.0,25.0,38.0,37.0,13.0,0.0,0.0,0.0,0.0,41.1376,0.0,41.1878,0.0,0.0
22227.0,1.7363,0.092,1.0,0.0799,1.2021,2.0557,1.0557,2.3095,1.3095,26.8264,2.0731,26.3717,2.0549,100.0,0.0,0.0,0.0,25.25,0.0,26.5,0.0,26.375,0.0,25.5,10.0,0.0,0.01,52.6113,5.2611,2.0,14.5131,1.4647,0.4729,1.4152,0.0209,1.3659,1.005e-05,1.0012,0.0128,2.0752,8.0,0.0748,1.002,0.0218,1.5605,0.0069,1.0588,0.0569,1.9768,0.0,0.0,0.0,29.9982,26.0,25.0,38.0,37.0,13.0,0.0,0.0,0.0,0.0,41.1378,0.0,41.1873,0.0,0.0
22228.0,1.7363,0.092,1.0,0.0799,1.202,2.0559,1.0559,2.309,1.309,26.7049,2.0682,26.3644,2.0546,100.0,0.0,0.0,0.0,25.375,0.0,26.375,0.0,26.375,0.0,25.5,10.0,0.0,0.01,52.6109,5.2611,2.0,14.4445,1.4639,0.3868,1.4058,0.0211,1.3659,1.005e-05,1.0012,0.0127,2.0746,8.0,0.0735,1.002,0.0214,1.5527,0.0065,1.0326,0.0608,2.0058,0.0,0.0,0.0,29.9981,26.0,25.0,38.0,38.0,13.0,0.0,0.0,0.0,0.0,41.138,0.0,41.1876,0.0,0.0
22229.0,1.7353,0.0919,1.0,0.0798,1.2018,2.0562,1.0562,2.3088,1.3088,26.6,2.064,26.3732,2.0549,100.0,0.0,0.0,0.0,25.375,0.0,26.5,0.0,26.5,0.0,25.375,10.0,0.0,0.0098,52.6108,5.2611,2.0,14.3134,1.4623,0.3073,1.3972,0.0212,1.366,1.005e-05,1.0012,0.0127,2.0743,8.0,0.0742,1.002,0.0193,1.5067,0.0064,1.0269,0.0573,1.9802,0.0,0.0,0.0,29.9978,26.0,25.0,38.0,38.0,15.0,0.0,0.0,0.0,0.0,41.1381,0.0,41.1876,0.0,0.0
22230.0,1.7346,0.0918,1.0,0.0797,1.2016,2.0557,1.0557,2.3083,1.3083,26.6768,2.0671,26.3942,2.0558,100.0,0.0,0.0,0.0,25.375,0.0,26.5,0.0,26.5,0.0,25.375,10.0,0.0,0.0095,52.6108,5.2611,2.0,14.1786,1.4607,0.2783,1.394,0.021,1.3659,1.005e-05,1.0012,0.0127,2.0742,8.0,0.0733,1.002,0.0207,1.5368,0.0049,0.9113,0.0502,1.9229,0.0,0.0,0.0,29.9977,26.0,25.0,38.0,38.0,15.0,0.0,0.0,0.0,0.0,41.1376,0.0,41.1875,0.0,0.0
22231.0,1.7363,0.092,1.0,0.08,1.2022,2.0556,1.0556,2.3089,1.3089,26.8539,2.0742,26.3832,2.0553,100.0,0.0,0.0,0.0,25.25,0.0,26.5,0.0,26.5,0.0,25.375,10.0,0.0,0.0101,52.6104,5.261,2.0,14.1009,1.4597,0.186,1.3839,0.0208,1.3659,1.005e-05,1.0012,0.0127,2.0738,8.0,0.0739,1.002,0.0216,1.5572,0.006,1.0019,0.0638,2.0266,0.0,0.0,0.0,29.9969,26.0,25.0,38.0,38.0,14.0,0.0,0.0,0.0,0.0,41.1378,0.0,41.1877,0.0,0.0
22232.0,1.7363,0.092,1.0,0.0799,1.2019,2.056,1.056,2.3091,1.3091,26.8168,2.0727,26.3715,2.0549,100.0,0.0,0.0,0.0,25.375,0.0,26.5,0.0,26.375,0.0,25.5,10.0,0.0,0.0102,52.6104,5.261,2.0,13.9121,1.4574,0.156,1.3807,0.0216,1.366,1.005e-05,1.0012,0.0127,2.0732,8.0,0.0752,1.002,0.0179,1.4748,0.0063,1.0207,0.0617,2.0121,0.0,0.0,0.0,29.9973,26.0,25.0,38.0,38.0,14.0,0.0,0.0,0.0,0.0,41.1379,0.0,41.1875,0.0,0.0
22233.0,1.7362,0.092,1.0,0.0801,1.2025,2.056,1.056,2.309,1.309,26.7345,2.0694,26.3655,2.0546,100.0,0.0,0.0,0.0,25.25,0.0,26.625,0.0,26.375,0.0,25.375,10.0,0.0,0.0103,52.6101,5.261,2.0,13.9293,1.4576,0.1303,1.3778,0.0213,1.366,1.005e-05,1.0012,0.0127,2.0727,8.0,0.0746,1.002,0.0859,2.1558,0.0057,0.9777,0.0729,2.0847,0.0,0.0,0.0,29.9971,26.0,25.0,38.0,38.0,14.0,0.0,0.0,0.0,0.0,41.138,0.0,41.1877,0.0,0.0
22234.0,1.7333,0.0917,1.0,0.0801,1.2026,2.0562,1.0562,2.3089,1.3089,26.6088,2.0644,26.3674,2.0547,100.0,0.0,0.0,0.0,25.25,0.0,26.5,0.0,26.375,0.0,25.5,10.0,0.0,0.0098,52.6098,5.261,2.0,13.7976,1.4559,0.0953,1.374,0.02,1.3658,1.005e-05,1.0011,0.0127,2.0723,8.0,0.0706,1.0019,0.0844,2.148,0.0054,0.9542,0.0718,2.0779,0.0,0.0,0.0,29.9966,26.0,25.0,38.0,38.0,16.0,0.0,0.0,0.0,0.0,41.1381,0.0,41.1872,0.0,0.0
22235.0,1.7331,0.0916,1.0,0.0801,1.2025,2.0558,1.0558,2.3083,1.3083,26.6658,2.0666,26.3956,2.0558,100.0,0.0,0.0,0.0,25.375,0.0,26.375,0.0,26.375,0.0,25.5,10.0,0.0,0.0099,52.61,5.261,2.0,13.945,1.4578,0.1258,1.3774,0.0193,1.3657,1.005e-05,1.0011,0.0127,2.0719,8.0,0.0709,1.0019,0.0864,2.1583,0.0069,1.0611,0.0641,2.0289,0.0,0.0,0.0,29.9965,26.0,25.0,38.0,38.0,15.0,0.0,0.0,0.0,0.0,41.1381,0.0,41.1877,0.0,0.0
22236.0,1.734,0.0917,1.0,0.0799,1.202,2.0558,1.0558,2.3083,1.3083,26.8003,2.072,26.4002,2.056,100.0,0.0,0.0,0.0,25.25,0.0,26.375,0.0,26.5,0.0,25.5,10.0,0.0,0.0093,52.6097,5.2609,2.0,13.7894,1.4558,0.117,1.3764,0.0197,1.3658,1.005e-05,1.0011,0.0127,2.0715,8.0,0.0684,1.0018,0.0656,2.0389,0.0059,0.9959,0.07,2.0668,0.0,0.0,0.0,29.9967,26.0,25.0,38.0,38.0,15.0,0.0,0.0,0.0,0.0,41.1378,0.0,41.1877,0.0,0.0
22237.0,1.7333,0.0917,1.0,0.0799,1.2021,2.0559,1.0559,2.3089,1.3089,26.8402,2.0736,26.3834,2.0553,100.0,0.0,0.0,0.0,25.25,0.0,26.375,0.0,26.5,0.0,25.5,10.0,0.0,0.0096,52.6097,5.261,2.0,13.8718,1.4569,0.1387,1.3788,0.0197,1.3658,1.005e-05,1.0011,0.0127,2.0708,8.0,0.0696,1.0019,0.0761,2.1033,0.0058,0.9868,0.0684,2.057,0.0,0.0,0.0,29.9962,26.0,25.0,38.0,38.0,16.0,0.0,0.0,0.0,0.0,41.1373,0.0,41.1873,0.0,0.0
22238.0,1.7349,0.0919,1.0,0.08,1.2024,2.0559,1.0559,2.309,1.309,26.7634,2.0705,26.3663,2.0547,100.0,0.0,0.0,0.0,25.375,0.0,26.375,0.0,26.5,0.0,25.375,10.0,0.0,0.0103,52.6093,5.2609,2.0,13.9247,1.4575,0.1236,1.3771,0.02,1.3658,1.005e-05,1.001,0.0127,2.0703,8.0,0.0718,1.0019,0.0661,2.042,0.006,0.9995,0.0676,2.0519,0.0,0.0,0.0,29.9957,26.0,25.0,38.0,38.0,12.0,0.0,0.0,0.0,0.0,41.1374,0.0,41.187,0.0,0.0
22239.0,1.7413,0.0927,1.0,0.08,1.2023,2.0562,1.0562,2.3089,1.3089,26.6149,2.0646,26.3621,2.0545,100.0,0.0,0.0,0.0,25.375,0.0,26.5,0.0,26.375,0.0,25.375,10.0,0.0,0.0106,52.6094,5.2609,2.0,13.8971,1.4572,0.1091,1.3755,0.0199,1.3658,1.004e-05,1.001,0.0127,2.0698,8.0,0.0723,1.0019,0.0633,2.0233,0.0057,0.9814,0.0649,2.0341,0.0,0.0,0.0,29.9955,26.0,25.0,38.0,38.0,15.0,0.0,0.0,0.0,0.0,41.1375,0.0,41.187,0.0,0.0
22240.0,1.7423,0.0928,1.0,0.0799,1.2019,2.0559,1.0559,2.3086,1.3086,26.6377,2.0655,26.3811,2.0552,100.0,0.0,0.0,0.0,25.375,0.0,26.5,0.0,26.375,0.0,25.5,10.0,0.0,0.0108,52.6089,5.2609,2.0,14.0331,1.4589,0.1995,1.3854,0.0198,1.3658,1.005e-05,1.0011,0.0127,2.0694,8.0,0.0696,1.0019,0.0558,1.9689,0.0065,1.0356,0.0685,2.0578,0.0,0.0,0.0,29.9955,26.0,25.0,38.0,38.0,14.0,0.0,0.0,0.0,0.0,41.1368,0.0,41.187,0.0,0.0
22241.0,1.7443,0.093,1.0,0.0799,1.202,2.0552,1.0552,2.3087,1.3087,26.8043,2.0722,26.3905,2.0556,100.0,0.0,0.0,0.0,25.375,0.0,26.5,0.0,26.375,0.0,25.5,10.0,0.0,0.0105,52.6086,5.2609,2.0,14.2108,1.461,0.1905,1.3844,0.0198,1.3658,1.004e-05,1.001,0.0127,2.0693,8.0,0.0686,1.0018,0.0522,1.9398,0.0057,0.9792,0.0805,2.1277,0.0,0.0,0.0,29.995,26.0,25.0,38.0,38.0,13.0,0.0,0.0,0.0,0.0,41.137,0.0,41.1873,0.0,0.0
22242.0,1.7436,0.0929,1.0,0.0798,1.2017,2.0555,1.0555,2.3092,1.3092,26.8513,2.0741,26.3652,2.0546,100.0,0.0,0.0,0.0,25.375,0.0,26.5,0.0,26.5,0.0,25.375,10.0,0.0,0.0103,52.6087,5.2609,2.0,13.9326,1.4576,0.0299,1.3669,0.0199,1.3658,1.005e-05,1.0011,0.0127,2.0685,8.0,0.0682,1.0018,0.1368,2.358,0.0061,1.0052,0.082,2.1355,0.0,0.0,0.0,29.9952,26.0,25.0,38.0,38.0,14.0,0.0,0.0,0.0,0.0,41.1374,0.0,41.1872,0.0,0.0
22243.0,1.7392,0.0924,1.0,0.08,1.2021,2.056,1.056,2.309,1.309,26.7805,2.0712,26.3673,2.0547,100.0,0.0,0.0,0.0,25.375,0.0,26.375,0.0,26.375,0.0,25.375,10.0,0.0,0.01,52.6084,5.2608,2.0,13.5513,1.4528,-0.0171,1.3618,0.0197,1.3658,1.005e-05,1.0011,0.0127,2.0684,8.0,0.0699,1.0019,0.117,2.2899,0.0057,0.9814,0.0842,2.1471,0.0,0.0,0.0,29.995,26.0,25.0,38.0,38.0,14.0,0.0,0.0,0.0,0.0,41.1373,0.0,41.1874,0.0,0.0
22244.0,1.7363,0.092,1.0,0.08,1.2022,2.0562,1.0562,2.3086,1.3086,26.6639,2.0666,26.374,2.055,100.0,0.0,0.0,0.0,25.25,0.0,26.375,0.0,26.375,0.0,25.5,10.0,0.0,0.0102,52.6081,5.2608,2.0,13.678,1.4544,0.002,1.3639,0.0194,1.3658,1.004e-05,1.001,0.0127,2.0678,8.0,0.0703,1.0019,0.1116,2.2697,0.0059,0.9936,0.0781,2.1144,0.0,0.0,0.0,29.9948,26.0,25.0,38.0,38.0,14.0,0.0,0.0,0.0,0.0,41.137,0.0,41.1872,0.0,0.0
22245.0,1.7383,0.0923,1.0,0.0799,1.202,2.0562,1.0562,2.3083,1.3083,26.6007,2.064,26.3859,2.0554,100.0,0.0,0.0,0.0,25.375,0.0,26.5,0.0,26.5,0.0,25.375,10.0,0.0,0.0101,52.6083,5.2608,2.0,13.6945,1.4546,0.0273,1.3666,0.0191,1.3657,1.005e-05,1.0011,0.0127,2.0674,8.0,0.0649,1.0017,0.1101,2.2635,0.0064,1.0256,0.0723,2.0811,0.0,0.0,0.0,29.9946,26.0,25.0,38.0,38.0,13.0,0.0,0.0,0.0,0.0,41.1373,0.0,41.1872,0.0,0.0
22246.0,1.7356,0.0919,1.0,0.0797,1.2015,2.0556,1.0556,2.3083,1.3083,26.7609,2.0704,26.3909,2.0556,100.0,0.0,0.0,0.0,25.25,0.0,26.5,0.0,26.375,0.0,25.5,10.0,0.0,0.0106,52.6075,5.2607,2.0,13.6239,1.4537,-0.0085,1.3627,0.0199,1.3658,1.004e-05,1.001,0.0127,2.0669,8.0,0.0663,1.0018,0.0969,2.2083,0.0056,0.9719,0.0686,2.058,0.0,0.0,0.0,29.9947,26.0,25.0,38.0,38.0,15.0,0.0,0.0,0.0,0.0,41.1378,0.0,41.1875,0.0,0.0
22247.0,1.7414,0.0927,1.0,0.0798,1.2016,2.0557,1.0557,2.309,1.309,26.8515,2.0741,26.3772,2.0551,100.0,0.0,0.0,0.0,25.25,0.0,26.5,0.0,26.5,0.0,25.5,10.0,0.0,0.0104,52.6073,5.2607,2.0,13.5682,1.453,-0.0418,1.3591,0.0196,1.3658,1.005e-05,1.0011,0.0126,2.0666,8.0,0.0682,1.0018,0.0933,2.192,0.0068,1.0558,0.08,2.1247,0.0,0.0,0.0,29.9944,26.0,25.0,38.0,38.0,15.0,0.0,0.0,0.0,0.0,41.1379,0.0,41.1876,0.0,0.0
22248.0,1.7415,0.0927,1.0,0.0799,1.202,2.0561,1.0561,2.3088,1.3088,26.7979,2.0719,26.3686,2.0547,100.0,0.0,0.0,0.0,25.25,0.0,26.5,0.0,26.5,0.0,25.375,10.0,0.0,0.0103,52.6071,5.2607,2.0,13.3997,1.4508,-0.1196,1.3506,0.0196,1.3658,1.005e-05,1.0011,0.0126,2.0661,8.0,0.0682,1.0018,0.0989,2.2172,0.0061,1.0066,0.0751,2.0972,0.0,0.0,0.0,29.9947,26.0,25.0,38.0,38.0,15.0,0.0,0.0,0.0,0.0,41.1378,0.0,41.1873,0.0,0.0
22249.0,1.7415,0.0927,1.0,0.0798,1.2018,2.0562,1.0562,2.3086,1.3086,26.6778,2.0671,26.3631,2.0545,100.0,0.0,0.0,0.0,25.25,0.0,26.375,0.0,26.375,0.0,25.5,10.0,0.0,0.01,52.6072,5.2607,2.0,13.1945,1.4482,-0.1399,1.3484,0.0207,1.3659,1.005e-05,1.0011,0.0126,2.0656,8.0,0.0703,1.0019,0.0714,2.0754,0.0068,1.0533,0.0795,2.122,0.0,0.0,0.0,29.9945,26.0,25.0,38.0,38.0,14.0,0.0,0.0,0.0,0.0,41.1376,0.0,41.1876,0.0,0.0
22250.0,1.7413,0.0927,1.0,0.0799,1.2019,2.0561,1.0561,2.3086,1.3086,26.6009,2.064,26.3762,2.055,100.0,0.0,0.0,0.0,25.375,0.0,26.375,0.0,26.375,0.0,25.5,10.0,0.0,0.0105,52.6068,5.2607,2.0,13.2593,1.449,-0.1442,1.3479,0.0199,1.3658,1.005e-05,1.0011,0.0126,2.0653,8.0,0.0707,1.0019,0.0841,2.1466,0.0062,1.0158,0.075,2.0968,0.0,0.0,0.0,29.9944,26.0,25.0,38.0,38.0,14.0,0.0,0.0,0.0,0.0,41.1375,0.0,41.1874,0.0,0.0
22251.0,1.7365,0.0921,1.0,0.0798,1.2016,2.0556,1.0556,2.3083,1.3083,26.7492,2.07,26.3965,2.0559,100.0,0.0,0.0,0.0,25.375,0.0,26.5,0.0,26.5,0.0,25.5,10.0,0.0,0.0107,52.6067,5.2607,2.0,13.1836,1.448,-0.1469,1.3476,0.0203,1.3659,1.005e-05,1.0011,0.0126,2.0648,8.0,0.0719,1.0019,0.1191,2.2978,0.0065,1.0349,0.0653,2.0366,0.0,0.0,0.0,29.9939,26.0,25.0,38.0,38.0,15.0,0.0,0.0,0.0,0.0,41.1378,0.0,41.187,0.0,0.0
22252.0,1.7362,0.092,1.0,0.0798,1.2018,2.0556,1.0556,2.3086,1.3086,26.8574,2.0743,26.3889,2.0556,100.0,0.0,0.0,0.0,25.25,0.0,26.375,0.0,26.5,0.0,25.5,10.0,0.0,0.0101,52.6061,5.2606,2.0,13.1357,1.4474,-0.1378,1.3486,0.021,1.3659,1.005e-05,1.0012,0.0126,2.0645,8.0,0.0735,1.002,0.232,2.5873,0.006,1.0015,0.0797,2.1233,0.0,0.0,0.0,29.9939,26.0,25.0,38.0,38.0,13.0,0.0,0.0,0.0,0.0,41.1375,0.0,41.1874,0.0,0.0
22253.0,1.7345,0.0918,1.0,0.0797,1.2014,2.0562,1.0562,2.3086,1.3086,26.7983,2.0719,26.38,2.0552,100.0,0.0,0.0,0.0,25.25,0.0,26.5,0.0,26.375,0.0,25.5,10.0,0.0,0.0098,52.6062,5.2606,2.0,13.4062,1.4509,-0.035,1.3598,0.0207,1.3659,1.005e-05,1.0012,0.0126,2.0641,8.0,0.0736,1.002,0.2457,2.6123,0.006,0.9996,0.0793,2.1211,0.0,0.0,0.0,29.9939,26.0,25.0,38.0,38.0,15.0,0.0,0.0,0.0,0.0,41.1377,0.0,41.1872,0.0,0.0
22254.0,1.7336,0.0917,1.0,0.0799,1.202,2.0562,1.0562,2.3085,1.3085,26.6949,2.0678,26.374,2.055,100.0,0.0,0.0,0.0,25.375,0.0,26.5,0.0,26.5,0.0,25.375,10.0,0.0,0.0099,52.6057,5.2605,2.0,13.5371,1.4526,0.0109,1.3648,0.0214,1.366,1.005e-05,1.0012,0.0126,2.0638,8.0,0.0755,1.002,0.2504,2.6205,0.0065,1.0344,0.0711,2.074,0.0,0.0,0.0,29.9937,26.0,25.0,38.0,38.0,14.0,0.0,0.0,0.0,0.0,41.1376,0.0,41.187,0.0,0.0
22255.0,1.7352,0.0919,1.0,0.0802,1.2029,2.0561,1.0561,2.3084,1.3084,26.5993,2.064,26.374,2.055,100.0,0.0,0.0,0.0,25.375,0.0,26.375,0.0,26.375,0.0,25.375,10.0,0.0,0.0102,52.606,5.2606,2.0,13.6127,1.4536,0.0553,1.3697,0.0213,1.366,1.005e-05,1.0012,0.0126,2.0633,8.0,0.0748,1.002,0.2339,2.5909,0.006,0.9998,0.0807,2.1288,0.0,0.0,0.0,29.9937,26.0,25.0,38.0,38.0,14.0,0.0,0.0,0.0,0.0,41.1373,0.0,41.1873,0.0,0.0
22256.0,1.7342,0.0918,1.0,0.0801,1.2025,2.0553,1.0553,2.3087,1.3087,26.6796,2.0672,26.3858,2.0554,100.0,0.0,0.0,0.0,25.375,0.0,26.5,0.0,26.375,0.0,25.5,10.0,0.0,0.0104,52.606,5.2606,2.0,13.7088,1.4548,0.0689,1.3712,0.0196,1.3658,1.005e-05,1.0011,0.0126,2.0629,8.0,0.0708,1.0019,0.241,2.6039,0.0066,1.042,0.0815,2.1329,0.0,0.0,0.0,29.9935,26.0,25.0,38.0,38.0,15.0,0.0,0.0,0.0,0.0,41.1371,0.0,41.1871,0.0,0.0
22257.0,1.7342,0.0918,1.0,0.0798,1.2018,2.0555,1.0555,2.3088,1.3088,26.8379,2.0735,26.3906,2.0556,100.0,0.0,0.0,0.0,25.375,0.0,26.375,0.0,26.5,0.0,25.375,10.0,0.0,0.0106,52.6058,5.2605,2.0,13.7923,1.4559,0.0976,1.3743,0.019,1.3657,1.004e-05,1.001,0.0126,2.0623,8.0,0.0669,1.0018,0.1961,2.5143,0.0057,0.9781,0.0891,2.1716,0.0,0.0,0.0,29.9932,26.0,25.0,38.0,38.0,13.0,0.0,0.0,0.0,0.0,41.1371,0.0,41.1872,0.0,0.0
22258.0,1.7344,0.0918,1.0,0.0797,1.2015,2.056,1.056,2.3087,1.3087,26.8278,2.0731,26.3801,2.0552,100.0,0.0,0.0,0.0,25.375,0.0,26.5,0.0,26.375,0.0,25.375,10.0,0.0,0.0099,52.6053,5.2605,2.0,13.7168,1.4549,0.0667,1.3709,0.0189,1.3657,1.004e-05,1.0009,0.0126,2.0618,8.0,0.0687,1.0018,0.2111,2.5464,0.0061,1.0047,0.0839,2.1455,0.0,0.0,0.0,29.9937,26.0,25.0,38.0,38.0,13.0,0.0,0.0,0.0,0.0,41.1376,0.0,41.1869,0.0,0.0
22259.0,1.7345,0.0918,1.0,0.0798,1.2018,2.0563,1.0563,2.3086,1.3086,26.6961,2.0678,26.366,2.0546,100.0,0.0,0.0,0.0,25.375,0.0,26.5,0.0,26.5,0.0,25.375,10.0,0.0,0.0108,52.6053,5.2605,2.0,13.8594,1.4567,0.1012,1.3747,0.0189,1.3657,1.004e-05,1.001,0.0126,2.0613,8.0,0.0665,1.0018,0.1965,2.5152,0.006,1.0004,0.0863,2.1579,0.0,0.0,0.0,29.9932,26.0,25.0,38.0,38.0,16.0,0.0,0.0,0.0,0.0,41.1378,0.0,41.1875,0.0,0.0
22260.0,1.7322,0.0915,1.0,0.0796,1.2011,2.0565,1.0565,2.3084,1.3084,26.6021,2.0641,26.3749,2.055,100.0,0.0,0.0,0.0,25.25,0.0,26.5,0.0,26.5,0.0,25.5,10.0,0.0,0.0103,52.605,5.2605,2.0,13.9358,1.4577,0.1628,1.3814,0.019,1.3657,1.004e-05,1.001,0.0126,2.0612,8.0,0.0669,1.0018,0.1772,2.4704,0.0061,1.0099,0.0777,2.1125,0.0,0.0,0.0,29.9938,26.0,25.0,38.0,38.0,15.0,0.0,0.0,0.0,0.0,41.138,0.0,41.1873,0.0,0.0
22261.0,1.7331,0.0916,1.0,0.08,1.2021,2.0557,1.0557,2.3083,1.3083,26.6721,2.0669,26.3939,2.0558,100.0,0.0,0.0,0.0,25.375,0.0,26.375,0.0,26.5,0.0,25.5,10.0,0.0,0.0096,52.6048,5.2605,2.0,14.0914,1.4596,0.2299,1.3887,0.0193,1.3657,1.004e-05,1.0009,0.0126,2.0604,8.0,0.0663,1.0018,0.1801,2.4773,0.0063,1.0241,0.0748,2.0959,0.0,0.0,0.0,29.9934,26.0,25.0,38.0,38.0,13.0,0.0,0.0,0.0,0.0,41.1375,0.0,41.1878,0.0,0.0
22262.0,1.7331,0.0916,1.0,0.0798,1.2016,2.0555,1.0555,2.3084,1.3084,26.8338,2.0734,26.3984,2.0559,100.0,0.0,0.0,0.0,25.375,0.0,26.375,0.0,26.5,0.0,25.375,10.0,0.0,0.01,52.6046,5.2604,2.0,14.3286,1.4625,0.244,1.3903,0.0187,1.3657,1.004e-05,1.001,0.0126,2.0603,8.0,0.0671,1.0018,0.1925,2.5063,0.0059,0.9931,0.0734,2.0873,0.0,0.0,0.0,29.993,26.0,25.0,38.0,38.0,14.0,0.0,0.0,0.0,0.0,41.1374,0.0,41.1874,0.0,0.0
22263.0,1.7332,0.0916,1.0,0.0798,1.2017,2.0561,1.0561,2.3087,1.3087,26.8204,2.0728,26.3807,2.0552,100.0,0.0,0.0,0.0,25.25,0.0,26.5,0.0,26.5,0.0,25.375,10.0,0.0,0.0103,52.6043,5.2604,2.0,14.3198,1.4624,0.2732,1.3934,0.0202,1.3658,1.005e-05,1.0011,0.0126,2.0598,8.0,0.069,1.0018,0.1691,2.4499,0.0061,1.0056,0.0724,2.0817,0.0,0.0,0.0,29.9932,26.0,25.0,38.0,38.0,13.0,0.0,0.0,0.0,0.0,41.1378,0.0,41.1874,0.0,0.0
22264.0,1.7323,0.0915,1.0,0.0799,1.2019,2.0561,1.0561,2.309,1.309,26.7112,2.0684,26.3677,2.0547,100.0,0.0,0.0,0.0,25.375,0.0,26.5,0.0,26.375,0.0,25.5,10.0,0.0,0.0103,52.6041,5.2604,2.0,14.3809,1.4631,0.2399,1.3898,0.0203,1.3659,1.005e-05,1.0011,0.0126,2.0594,8.0,0.0716,1.0019,0.1357,2.3545,0.0054,0.9565,0.0641,2.029,0.0,0.0,0.0,29.9931,26.0,25.0,38.0,38.0,14.0,0.0,0.0,0.0,0.0,41.1373,0.0,41.1869,0.0,0.0
22265.0,1.7321,0.0915,1.0,0.08,1.2023,2.0559,1.0559,2.3084,1.3084,26.5975,2.0639,26.3643,2.0546,100.0,0.0,0.0,0.0,25.375,0.0,26.5,0.0,26.5,0.0,25.375,10.0,0.0,0.0099,52.6041,5.2604,2.0,14.4309,1.4637,0.232,1.3889,0.0207,1.3659,1.005e-05,1.0012,0.0126,2.0592,8.0,0.0747,1.002,0.1608,2.4282,0.0058,0.9829,0.0684,2.057,0.0,0.0,0.0,29.9928,26.0,25.0,38.0,37.0,15.0,0.0,0.0,0.0,0.0,41.1377,0.0,41.1875,0.0,0.0
22266.0,1.7347,0.0918,1.0,0.0799,1.202,2.0555,1.0555,2.3087,1.3087,26.6393,2.0656,26.3813,2.0553,100.0,0.0,0.0,0.0,25.375,0.0,26.375,0.0,26.5,0.0,25.5,10.0,0.0,0.0102,52.6041,5.2604,2.0,14.355,1.4628,0.1908,1.3845,0.0205,1.3659,1.005e-05,1.0012,0.0126,2.0588,8.0,0.0742,1.002,0.1434,2.3785,0.0066,1.0428,0.063,2.0215,0.0,0.0,0.0,29.9924,26.0,25.0,38.0,37.0,14.0,0.0,0.0,0.0,0.0,41.1376,0.0,41.1869,0.0,0.0
22267.0,1.7406,0.0926,1.0,0.0799,1.2021,2.0551,1.0551,2.3087,1.3087,26.8023,2.0721,26.3909,2.0556,100.0,0.0,0.0,0.0,25.375,0.0,26.375,0.0,26.5,0.0,25.375,10.0,0.0,0.0103,52.6037,5.2604,2.0,14.1211,1.4599,0.1077,1.3754,0.0199,1.3658,1.005e-05,1.001,0.0126,2.0584,8.0,0.0713,1.0019,0.1414,2.3724,0.0058,0.9831,0.0532,1.9478,0.0,0.0,0.0,29.9929,26.0,25.0,38.0,37.0,13.0,0.0,0.0,0.0,0.0,41.1375,0.0,41.1875,0.0,0.0
22268.0,1.7415,0.0927,1.0,0.08,1.2024,2.0556,1.0556,2.3092,1.3092,26.838,2.0735,26.3743,2.055,100.0,0.0,0.0,0.0,25.375,0.0,26.375,0.0,26.375,0.0,25.375,10.0,0.0,0.0107,52.6039,5.2604,2.0,14.2443,1.4615,0.2242,1.3881,0.0196,1.3658,1.004e-05,1.001,0.0125,2.0579,8.0,0.0689,1.0018,0.1239,2.3148,0.0066,1.0394,0.0626,2.0185,0.0,0.0,0.0,29.9928,26.0,25.0,38.0,37.0,14.0,0.0,0.0,0.0,0.0,41.1379,0.0,41.1872,0.0,0.0
22269.0,1.7451,0.0931,1.0,0.0799,1.2019,2.0562,1.0562,2.3086,1.3086,26.7289,2.0692,26.3657,2.0546,100.0,0.0,0.0,0.0,25.375,0.0,26.625,0.0,26.375,0.0,25.375,10.0,0.0,0.0104,52.6034,5.2603,2.0,14.5982,1.4657,0.2657,1.3926,0.0189,1.3657,1.004e-05,1.001,0.0125,2.0571,8.0,0.0678,1.0018,0.1215,2.3063,0.006,1.0034,0.0584,1.9884,0.0,0.0,0.0,29.9923,26.0,25.0,38.0,38.0,15.0,0.0,0.0,0.0,0.0,41.1372,0.0,41.1875,0.0,0.0
22270.0,1.7456,0.0932,1.0,0.0797,1.2014,2.0562,1.0562,2.3085,1.3085,26.6186,2.0647,26.3632,2.0545,100.0,0.0,0.0,0.0,25.375,0.0,26.375,0.0,26.5,0.0,25.375,10.0,0.0,0.0107,52.6032,5.2603,2.0,14.4802,1.4643,0.2342,1.3892,0.019,1.3657,1.004e-05,1.001,0.0125,2.0569,8.0,0.0656,1.0017,0.1084,2.2567,0.006,0.9999,0.0673,2.0501,0.0,0.0,0.0,29.9925,26.0,25.0,38.0,38.0,12.0,0.0,0.0,0.0,0.0,41.1376,0.0,41.1879,0.0,0.0
22271.0,1.7446,0.0931,1.0,0.0798,1.2018,2.0559,1.0559,2.3083,1.3083,26.6303,2.0652,26.3914,2.0557,100.0,0.0,0.0,0.0,25.25,0.0,26.375,0.0,26.5,0.0,25.375,10.0,0.0,0.0103,52.6029,5.2603,2.0,14.7599,1.4676,0.3652,1.4035,0.0197,1.3658,1.004e-05,1.0009,0.0125,2.0565,8.0,0.0668,1.0018,0.1275,2.3273,0.006,0.9982,0.0637,2.0261,0.0,0.0,0.0,29.9924,26.0,25.0,38.0,38.0,13.0,0.0,0.0,0.0,0.0,41.1375,0.0,41.1873,0.0,0.0
22272.0,1.7454,0.0932,1.0,0.0799,1.2019,2.0556,1.0556,2.3083,1.3083,26.783,2.0713,26.4018,2.0561,100.0,0.0,0.0,0.0,25.25,0.0,26.75,0.0,26.375,0.0,25.375,10.0,0.0,0.0105,52.6029,5.2603,2.0,15.1025,1.4716,0.4533,1.4131,0.0188,1.3657,1.005e-05,1.0011,0.0125,2.056,8.0,0.0684,1.0018,0.1681,2.4473,0.0059,0.9933,0.065,2.0349,0.0,0.0,0.0,29.9923,26.0,25.0,38.0,38.0,14.0,0.0,0.0,0.0,0.0,41.1373,0.0,41.1873,0.0,0.0
22273.0,1.7467,0.0933,1.0,0.08,1.2023,2.0558,1.0558,2.3087,1.3087,26.8531,2.0741,26.3758,2.055,100.0,0.0,0.0,0.0,25.375,0.0,26.5,0.0,26.5,0.0,25.375,10.0,0.0,0.0104,52.6025,5.2603,2.0,15.2266,1.473,0.3947,1.4067,0.0204,1.3659,1.005e-05,1.0011,0.0125,2.0559,8.0,0.0711,1.0019,0.1754,2.4659,0.0061,1.0044,0.0746,2.0947,0.0,0.0,0.0,29.9921,26.0,25.0,38.0,38.0,14.0,0.0,0.0,0.0,0.0,41.1378,0.0,41.1872,0.0,0.0
22274.0,1.7466,0.0933,1.0,0.0799,1.202,2.0562,1.0562,2.3086,1.3086,26.7769,2.0711,26.3773,2.0551,100.0,0.0,0.0,0.0,25.375,0.0,26.375,0.0,26.5,0.0,25.375,10.0,0.0,0.0103,52.6024,5.2603,2.0,14.8947,1.4692,0.2711,1.3932,0.021,1.3659,1.005e-05,1.0011,0.0125,2.0554,8.0,0.0722,1.0019,0.1432,2.3778,0.0061,1.0095,0.0637,2.0262,0.0,0.0,0.0,29.9929,26.0,25.0,38.0,38.0,15.0,0.0,0.0,0.0,0.0,41.1375,0.0,41.1875,0.0,0.0
22275.0,1.7476,0.0935,1.0,0.0801,1.2026,2.0562,1.0562,2.3085,1.3085,26.6345,2.0654,26.3727,2.0549,100.0,0.0,0.0,0.0,25.25,0.0,26.375,0.0,26.5,0.0,25.5,10.0,0.0,0.0099,52.6023,5.2603,2.0,14.7793,1.4679,0.2527,1.3912,0.0212,1.366,1.005e-05,1.0012,0.0125,2.055,8.0,0.0731,1.002,0.1368,2.3578,0.0059,0.9894,0.0718,2.0782,0.0,0.0,0.0,29.9924,26.0,25.0,38.0,38.0,13.0,0.0,0.0,0.0,0.0,41.1378,0.0,41.1876,0.0,0.0
22276.0,1.7476,0.0935,1.0,0.0801,1.2026,2.056,1.056,2.3082,1.3082,26.6112,2.0644,26.3775,2.0551,100.0,0.0,0.0,0.0,25.375,0.0,26.5,0.0,26.5,0.0,25.5,10.0,0.0,0.0107,52.6021,5.2601,2.0,14.7867,1.4679,0.2533,1.3913,0.0213,1.366,1.005e-05,1.0012,0.0125,2.0546,8.0,0.0752,1.002,0.1281,2.3295,0.0063,1.0187,0.074,2.091,0.0,0.0,0.0,29.9926,26.0,25.0,38.0,38.0,14.0,0.0,0.0,0.0,0.0,41.1376,0.0,41.1877,0.0,0.0
22277.0,1.7476,0.0935,1.0,0.0798,1.2018,2.0555,1.0555,2.3083,1.3083,26.7736,2.0709,26.3911,2.0556,100.0,0.0,0.0,0.0,25.25,0.0,26.5,0.0,26.5,0.0,25.375,10.0,0.0,0.0101,52.6014,5.2601,2.0,14.953,1.4699,0.3253,1.3991,0.0194,1.3657,1.004e-05,1.001,0.0125,2.054,8.0,0.0679,1.0018,0.2214,2.5671,0.0058,0.9886,0.0758,2.1016,0.0,0.0,0.0,29.9924,26.0,25.0,38.0,38.0,15.0,0.0,0.0,0.0,0.0,41.1375,0.0,41.1876,0.0,0.0
22278.0,1.7449,0.0931,1.0,0.0799,1.2021,2.0557,1.0557,2.3087,1.3087,26.8563,2.0743,26.3876,2.0555,100.0,0.0,0.0,0.0,25.25,0.0,26.375,0.0,26.5,0.0,25.375,10.0,0.0,0.0102,52.6016,5.2602,2.0,15.0744,1.4713,0.3286,1.3995,0.0194,1.3657,1.004e-05,1.001,0.0125,2.0537,8.0,0.0677,1.0018,0.1859,2.4912,0.0059,0.9957,0.0901,2.1765,0.0,0.0,0.0,29.9919,26.0,25.0,38.0,38.0,15.0,0.0,0.0,0.0,0.0,41.1375,0.0,41.1872,0.0,0.0
22279.0,1.743,0.0929,1.0,0.0799,1.2019,2.0563,1.0563,2.3087,1.3087,26.8082,2.0723,26.3785,2.0551,100.0,0.0,0.0,0.0,25.375,0.0,26.5,0.0,26.625,0.0,25.375,10.0,0.0,0.0103,52.6016,5.2601,2.0,14.997,1.4704,0.2799,1.3942,0.0197,1.3658,1.004e-05,1.001,0.0125,2.0532,8.0,0.0663,1.0018,0.2199,2.5642,0.0065,1.036,0.0878,2.1656,0.0,0.0,0.0,29.9919,26.0,25.0,38.0,38.0,13.0,0.0,0.0,0.0,0.0,41.1372,0.0,41.1875,0.0,0.0
22280.0,1.7399,0.0925,1.0,0.0798,1.2017,2.0563,1.0563,2.3086,1.3086,26.6809,2.0672,26.3695,2.0548,100.0,0.0,0.0,0.0,25.25,0.0,26.5,0.0,26.375,0.0,25.375,10.0,0.0,0.0101,52.6014,5.2601,2.0,15.1895,1.4726,0.3738,1.4044,0.0199,1.3658,1.005e-05,1.0011,0.0125,2.053,8.0,0.0716,1.0019,0.1533,2.4075,0.006,1.0029,0.0725,2.0825,0.0,0.0,0.0,29.9921,26.0,25.0,38.0,38.0,19.0,0.0,0.0,0.0,0.0,41.1375,0.0,41.1877,0.0,0.0
22281.0,1.7363,0.092,1.0,0.0799,1.202,2.0561,1.0561,2.3084,1.3084,26.5923,2.0637,26.3699,2.0548,100.0,0.0,0.0,0.0,25.375,0.0,26.5,0.0,26.5,0.0,25.5,10.0,0.0,0.0103,52.6012,5.2601,2.0,15.3247,1.4742,0.3331,1.4,0.0208,1.3659,1.005e-05,1.0012,0.0125,2.0526,8.0,0.0713,1.0019,0.1675,2.4458,0.0061,1.007,0.075,2.097,0.0,0.0,0.0,29.9921,26.0,25.0,38.0,38.0,13.0,0.0,0.0,0.0,0.0,41.1376,0.0,41.1874,0.0,0.0
22282.0,1.7346,0.0918,1.0,0.0801,1.2027,2.0556,1.0556,2.3082,1.3082,26.7624,2.0705,26.3994,2.056,100.0,0.0,0.0,0.0,25.375,0.0,26.5,0.0,26.5,0.0,25.375,10.0,0.0,0.0107,52.6012,5.2601,2.0,15.4508,1.4756,0.3708,1.4041,0.0217,1.366,1.005e-05,1.0013,0.0125,2.0522,8.0,0.0775,1.0021,0.1673,2.4454,0.0066,1.0396,0.0828,2.1398,0.0,0.0,0.0,29.9921,26.0,25.0,38.0,38.0,13.0,0.0,0.0,0.0,0.0,41.1379,0.0,41.1876,0.0,0.0
22283.0,1.7332,0.0916,1.0,0.08,1.2023,2.0556,1.0556,2.3086,1.3086,26.8468,2.0739,26.3896,2.0556,100.0,0.0,0.0,0.0,25.25,0.0,26.5,0.0,26.5,0.0,25.375,10.0,0.0,0.0105,52.6009,5.26,2.0,15.4739,1.4758,0.3367,1.4004,0.0211,1.3659,1.005e-05,1.0012,0.0125,2.0519,8.0,0.0743,1.002,0.136,2.3553,0.0061,1.0052,0.0779,2.1135,0.0,0.0,0.0,29.9922,26.0,25.0,38.0,38.0,13.0,0.0,0.0,0.0,0.0,41.1379,0.0,41.1874,0.0,0.0
22284.0,1.7341,0.0918,1.0,0.08,1.2021,2.0561,1.0561,2.3087,1.3087,26.8008,2.072,26.3741,2.055,100.0,0.0,0.0,0.0,25.5,0.0,26.5,0.0,26.5,0.0,25.375,10.0,0.0,0.0107,52.6006,5.2601,2.0,15.4132,1.4752,0.307,1.3971,0.0205,1.3659,1.005e-05,1.0011,0.0125,2.0512,8.0,0.0699,1.0019,0.1471,2.3896,0.0059,0.9925,0.0738,2.0897,0.0,0.0,0.0,29.9916,26.0,25.0,38.0,38.0,13.0,0.0,0.0,0.0,0.0,41.137,0.0,41.1868,0.0,0.0
22285.0,1.7352,0.0919,1.0,0.08,1.2023,2.056,1.056,2.3086,1.3086,26.6869,2.0675,26.3646,2.0546,100.0,0.0,0.0,0.0,25.25,0.0,26.5,0.0,26.5,0.0,25.375,10.0,0.0,0.0103,52.6006,5.2601,2.0,15.2462,1.4733,0.2323,1.389,0.0194,1.3657,1.004e-05,1.001,0.0125,2.0508,8.0,0.0689,1.0018,0.1392,2.3655,0.0065,1.0325,0.0751,2.0975,0.0,0.0,0.0,29.9917,26.0,25.0,38.0,38.0,14.0,0.0,0.0,0.0,0.0,41.1373,0.0,41.1872,0.0,0.0
22286.0,1.7333,0.0917,1.0,0.0799,1.2021,2.0562,1.0562,2.3083,1.3083,26.5903,2.0636,26.3775,2.0551,100.0,0.0,0.0,0.0,25.375,0.0,26.5,0.0,26.375,0.0,25.375,10.0,0.0,0.0103,52.6006,5.2601,2.0,15.2475,1.4733,0.2309,1.3888,0.0189,1.3657,1.004e-05,1.0009,0.0125,2.0502,8.0,0.0652,1.0017,0.1463,2.3871,0.006,1.0,0.0744,2.0934,0.0,0.0,0.0,29.9914,26.0,25.0,38.0,38.0,14.0,0.0,0.0,0.0,0.0,41.1371,0.0,41.187,0.0,0.0
22287.0,1.7352,0.0919,1.0,0.0799,1.2021,2.0561,1.0561,2.3082,1.3082,26.7133,2.0685,26.3979,2.0559,100.0,0.0,0.0,0.0,25.375,0.0,26.375,0.0,26.5,0.0,25.375,10.0,0.0,0.0106,52.6003,5.26,2.0,15.1541,1.4722,0.1579,1.3809,0.0192,1.3657,1.004e-05,1.001,0.0124,2.0497,8.0,0.066,1.0018,0.1308,2.3385,0.0063,1.0202,0.0723,2.0812,0.0,0.0,0.0,29.9909,26.0,25.0,38.0,38.0,14.0,0.0,0.0,0.0,0.0,41.1377,0.0,41.1875,0.0,0.0
22288.0,1.7353,0.0919,1.0,0.0799,1.2019,2.0558,1.0558,2.3084,1.3084,26.845,2.0738,26.3951,2.0558,100.0,0.0,0.0,0.0,25.375,0.0,26.5,0.0,26.375,0.0,25.375,10.0,0.0,0.0106,52.6001,5.26,2.0,15.0464,1.471,0.1881,1.3842,0.0202,1.3658,1.005e-05,1.0012,0.0124,2.0495,8.0,0.069,1.0018,0.1143,2.2798,0.0067,1.0485,0.069,2.0609,0.0,0.0,0.0,29.9917,26.0,25.0,38.0,38.0,13.0,0.0,0.0,0.0,0.0,41.1378,0.0,41.1877,0.0,0.0
22289.0,1.7307,0.0913,1.0,0.08,1.2024,2.0561,1.0561,2.309,1.309,26.8027,2.0721,26.3791,2.0552,100.0,0.0,0.0,0.0,25.25,0.0,26.5,0.0,26.5,0.0,25.375,10.0,0.0,0.0101,52.5998,5.26,2.0,15.0848,1.4714,0.1227,1.377,0.0213,1.366,1.005e-05,1.0011,0.0124,2.0492,8.0,0.0723,1.0019,0.1048,2.2421,0.0066,1.0418,0.0597,1.9977,0.0,0.0,0.0,29.9914,26.0,25.0,38.0,38.0,13.0,0.0,0.0,0.0,0.0,41.1378,0.0,41.1874,0.0,0.0
22290.0,1.7349,0.0919,1.0,0.0799,1.2021,2.0562,1.0562,2.309,1.309,26.7161,2.0686,26.3706,2.0548,100.0,0.0,0.0,0.0,25.375,0.0,26.375,0.0,26.5,0.0,25.375,10.0,0.0,0.0096,52.5995,5.2599,2.0,14.8471,1.4687,-0.0045,1.3631,0.02,1.3658,1.005e-05,1.0011,0.0124,2.0487,8.0,0.0695,1.0019,0.1143,2.2801,0.0057,0.979,0.0564,1.9732,0.0,0.0,0.0,29.9911,26.0,25.0,38.0,38.0,14.0,0.0,0.0,0.0,0.0,41.1373,0.0,41.1876,0.0,0.0
22291.0,1.7408,0.0926,1.0,0.08,1.2024,2.0563,1.0563,2.3089,1.3089,26.6,2.064,26.3636,2.0545,100.0,0.0,0.0,0.0,25.375,0.0,26.5,0.0,26.5,0.0,25.5,10.0,0.0,0.0108,52.5993,5.26,2.0,14.3903,1.4632,-0.1199,1.3506,0.0192,1.3657,1.004e-05,1.001,0.0124,2.048,8.0,0.0689,1.0018,0.1629,2.4338,0.0059,0.9933,0.0684,2.0567,0.0,0.0,0.0,29.9916,26.0,25.0,38.0,38.0,13.0,0.0,0.0,0.0,0.0,41.1378,0.0,41.1871,0.0,0.0
22292.0,1.7423,0.0928,1.0,0.0794,1.2006,2.0556,1.0556,2.3087,1.3087,26.6561,2.0662,26.3844,2.0554,100.0,0.0,0.0,0.0,25.375,0.0,26.5,0.0,26.5,0.0,25.375,10.0,0.0,0.0106,52.5994,5.2599,2.0,14.1827,1.4607,-0.1951,1.3423,0.0192,1.3657,1.004e-05,1.0009,0.0124,2.0478,8.0,0.0662,1.0018,0.1831,2.4846,0.0065,1.033,0.0676,2.052,0.0,0.0,0.0,29.9908,26.0,25.0,38.0,38.0,14.0,0.0,0.0,0.0,0.0,41.1371,0.0,41.1867,0.0,0.0
22293.0,1.7436,0.093,1.0,0.0798,1.2017,2.0555,1.0555,2.3084,1.3084,26.8272,2.0731,26.3965,2.0559,100.0,0.0,0.0,0.0,25.375,0.0,26.375,0.0,26.5,0.0,25.375,10.0,0.0,0.0107,52.5992,5.2599,2.0,13.8075,1.456,-0.2865,1.3324,0.0195,1.3658,1.004e-05,1.001,0.0124,2.0473,8.0,0.0696,1.0019,0.1327,2.3449,0.0058,0.9854,0.0586,1.9897,0.0,0.0,0.0,29.9911,26.0,25.0,38.0,38.0,13.0,0.0,0.0,0.0,0.0,41.1378,0.0,41.1875,0.0,0.0
22294.0,1.7416,0.0927,1.0,0.0798,1.2016,2.0564,1.0564,2.3083,1.3083,26.8205,2.0728,26.3811,2.0552,100.0,0.0,0.0,0.0,25.375,0.0,26.375,0.0,26.5,0.0,25.5,10.0,0.0,0.0104,52.5992,5.2599,2.0,13.7717,1.4556,-0.2776,1.3334,0.0204,1.3659,1.005e-05,1.0011,0.0124,2.047,8.0,0.0712,1.0019,0.155,2.4121,0.0061,1.0054,0.0615,2.0109,0.0,0.0,0.0,29.9911,26.0,25.0,38.0,38.0,14.0,0.0,0.0,0.0,0.0,41.1375,0.0,41.1876,0.0,0.0
22295.0,1.7365,0.0921,1.0,0.0799,1.202,2.0566,1.0566,2.3082,1.3082,26.7164,2.0687,26.3761,2.055,100.0,0.0,0.0,0.0,25.25,0.0,26.625,0.0,26.625,0.0,25.375,10.0,0.0,0.0101,52.5988,5.2599,2.0,13.7514,1.4553,-0.2903,1.332,0.0205,1.3659,1.005e-05,1.0012,0.0124,2.0465,8.0,0.0765,1.002,0.2075,2.5388,0.0063,1.0221,0.0779,2.1134,0.0,0.0,0.0,29.9914,26.0,25.0,38.0,38.0,13.0,0.0,0.0,0.0,0.0,41.138,0.0,41.1874,0.0,0.0
22296.0,1.7326,0.0916,1.0,0.0803,1.2031,2.0562,1.0562,2.308,1.308,26.6096,2.0644,26.374,2.055,100.0,0.0,0.0,0.0,25.375,0.0,26.375,0.0,26.5,0.0,25.5,10.0,0.0,0.0101,52.599,5.2599,2.0,13.4362,1.4513,-0.2984,1.3311,0.0214,1.366,1.005e-05,1.0012,0.0124,2.0462,8.0,0.0774,1.0021,0.2166,2.5574,0.006,1.0024,0.0692,2.0621,0.0,0.0,0.0,29.9914,26.0,25.0,38.0,38.0,14.0,0.0,0.0,0.0,0.0,41.1383,0.0,41.1877,0.0,0.0
22297.0,1.7406,0.0926,1.0,0.08,1.2023,2.0554,1.0554,2.3082,1.3082,26.6821,2.0673,26.3849,2.0554,100.0,0.0,0.0,0.0,25.375,0.0,26.5,0.0,26.5,0.0,25.5,10.0,0.0,0.0106,52.5985,5.2599,2.0,13.9196,1.4575,-0.1799,1.344,0.0207,1.3659,1.005e-05,1.0011,0.0124,2.0457,8.0,0.0726,1.0019,0.185,2.4891,0.0059,0.9894,0.0626,2.0183,0.0,0.0,0.0,29.991,26.0,25.0,38.0,38.0,15.0,0.0,0.0,0.0,0.0,41.1379,0.0,41.1872,0.0,0.0
22298.0,1.7452,0.0931,1.0,0.0799,1.2019,2.0552,1.0552,2.3083,1.3083,26.8048,2.0722,26.391,2.0556,100.0,0.0,0.0,0.0,25.375,0.0,26.5,0.0,26.5,0.0,25.5,10.0,0.0,0.0106,52.5985,5.2598,2.0,13.7627,1.4555,-0.2203,1.3396,0.0201,1.3658,1.004e-05,1.001,0.0124,2.0457,8.0,0.0664,1.0018,0.17,2.4524,0.0058,0.9854,0.0688,2.0592,0.0,0.0,0.0,29.991,26.0,25.0,38.0,38.0,13.0,0.0,0.0,0.0,0.0,41.1377,0.0,41.187,0.0,0.0
22299.0,1.7462,0.0933,1.0,0.0799,1.2019,2.0559,1.0559,2.3087,1.3087,26.8425,2.0737,26.3802,2.0552,100.0,0.0,0.0,0.0,25.375,0.0,26.375,0.0,26.5,0.0,25.5,10.0,0.0,0.0107,52.5985,5.2599,2.0,13.7563,1.4554,-0.216,1.3401,0.0195,1.3658,1.004e-05,1.001,0.0124,2.045,8.0,0.0688,1.0018,0.1518,2.4031,0.0058,0.9855,0.0578,1.984,0.0,0.0,0.0,29.9908,26.0,25.0,38.0,38.0,13.0,0.0,0.0,0.0,0.0,41.1371,0.0,41.1872,0.0,0.0
22300.0,1.7466,0.0933,1.0,0.08,1.2023,2.0566,1.0566,2.3086,1.3086,26.7379,2.0695,26.3749,2.055,100.0,0.0,0.0,0.0,25.25,0.0,26.5,0.0,26.5,0.0,25.5,10.0,0.0,0.0098,52.5983,5.2598,2.0,13.5549,1.4528,-0.2933,1.3316,0.0206,1.3659,1.005e-05,1.0012,0.0124,2.0446,8.0,0.072,1.0019,0.1591,2.4237,0.0058,0.9845,0.0569,1.9767,0.0,0.0,0.0,29.9905,26.0,25.0,38.0,38.0,15.0,0.0,0.0,0.0,0.0,41.1371,0.0,41.1869,0.0,0.0
22301.0,1.7476,0.0935,1.0,0.08,1.2021,2.0564,1.0564,2.3085,1.3085,26.6352,2.0654,26.3728,2.0549,100.0,0.0,0.0,0.0,25.25,0.0,26.375,0.0,26.5,0.0,25.5,10.0,0.0,0.0104,52.5979,5.2598,2.0,13.5616,1.4529,-0.2413,1.3373,0.0212,1.366,1.005e-05,1.0012,0.0124,2.0443,8.0,0.0747,1.002,0.1374,2.3598,0.0062,1.0114,0.0685,2.0574,0.0,0.0,0.0,29.9908,26.0,25.0,38.0,38.0,14.0,0.0,0.0,0.0,0.0,41.138,0.0,41.1872,0.0,0.0
22302.0,1.7462,0.0933,1.0,0.08,1.2024,2.056,1.056,2.3087,1.3087,26.6232,2.0649,26.378,2.0551,100.0,0.0,0.0,0.0,25.375,0.0,26.375,0.0,26.5,0.0,25.5,10.0,0.0,0.0096,52.5979,5.2598,2.0,13.6585,1.4542,-0.209,1.3408,0.0212,1.366,1.005e-05,1.0012,0.0124,2.0439,8.0,0.0752,1.002,0.1412,2.3717,0.0061,1.0082,0.0711,2.0735,0.0,0.0,0.0,29.9911,26.0,25.0,38.0,38.0,14.0,0.0,0.0,0.0,0.0,41.1374,0.0,41.1874,0.0,0.0
22303.0,1.7385,0.0923,1.0,0.0798,1.2016,2.0552,1.0552,2.3085,1.3085,26.7696,2.0708,26.3923,2.0557,100.0,0.0,0.0,0.0,25.375,0.0,26.5,0.0,26.375,0.0,25.375,10.0,0.0,0.0098,52.5975,5.2597,2.0,13.6993,1.4547,-0.1527,1.347,0.0205,1.3659,1.005e-05,1.0011,0.0124,2.0434,8.0,0.0725,1.0019,0.1159,2.2858,0.006,0.9972,0.0613,2.0095,0.0,0.0,0.0,29.9909,26.0,25.0,38.0,38.0,14.0,0.0,0.0,0.0,0.0,41.1369,0.0,41.1874,0.0,0.0
22304.0,1.7391,0.0924,1.0,0.0801,1.2025,2.0558,1.0558,2.3087,1.3087,26.8439,2.0738,26.3764,2.0551,100.0,0.0,0.0,0.0,25.375,0.0,26.375,0.0,26.5,0.0,25.5,10.0,0.0,0.0102,52.5974,5.2597,2.0,13.7598,1.4554,-0.1371,1.3487,0.0197,1.3658,1.004e-05,1.001,0.0124,2.043,8.0,0.0689,1.0018,0.1541,2.4098,0.0059,0.9958,0.0576,1.9826,0.0,0.0,0.0,29.9903,26.0,25.0,38.0,38.0,13.0,0.0,0.0,0.0,0.0,41.1377,0.0,41.1872,0.0,0.0
22305.0,1.7373,0.0922,1.0,0.0798,1.2017,2.0562,1.0562,2.3083,1.3083,26.7675,2.0707,26.3745,2.055,100.0,0.0,0.0,0.0,25.375,0.0,26.375,0.0,26.5,0.0,25.375,10.0,0.0,0.0105,52.5976,5.2598,2.0,13.849,1.4566,-0.105,1.3522,0.0193,1.3657,1.004e-05,1.001,0.0124,2.0425,8.0,0.0668,1.0018,0.1049,2.2426,0.0057,0.9782,0.0648,2.0331,0.0,0.0,0.0,29.9904,26.0,25.0,38.0,38.0,13.0,0.0,0.0,0.0,0.0,41.1372,0.0,41.1871,0.0,0.0
22306.0,1.7363,0.092,1.0,0.0798,1.2017,2.0562,1.0562,2.3082,1.3082,26.6467,2.0659,26.3729,2.0549,100.0,0.0,0.0,0.0,25.375,0.0,26.5,0.0,26.5,0.0,25.5,10.0,0.0,0.0104,52.597,5.2597,2.0,13.8925,1.4571,-0.1184,1.3507,0.0195,1.3658,1.004e-05,1.001,0.0124,2.042,8.0,0.068,1.0018,0.1193,2.2986,0.0049,0.9135,0.0667,2.0457,0.0,0.0,0.0,29.9904,26.0,25.0,38.0,38.0,13.0,0.0,0.0,0.0,0.0,41.1373,0.0,41.1872,0.0,0.0
22307.0,1.7369,0.0921,1.0,0.0799,1.202,2.056,1.056,2.3079,1.3079,26.6242,2.065,26.3878,2.0555,100.0,0.0,0.0,0.0,25.375,0.0,26.375,0.0,26.375,0.0,25.5,10.0,0.0,0.0104,52.5968,5.2597,2.0,13.8045,1.456,-0.096,1.3532,0.0199,1.3658,1.005e-05,1.0011,0.0124,2.0416,8.0,0.0684,1.0018,0.1324,2.3437,0.0067,1.0493,0.0724,2.0816,0.0,0.0,0.0,29.9904,26.0,25.0,38.0,38.0,14.0,0.0,0.0,0.0,0.0,41.1373,0.0,41.1872,0.0,0.0
22308.0,1.7363,0.092,1.0,0.0797,1.2015,2.0556,1.0556,2.3078,1.3078,26.7504,2.07,26.3936,2.0557,100.0,0.0,0.0,0.0,25.25,0.0,26.5,0.0,26.5,0.0,25.375,10.0,0.0,0.0097,52.5964,5.2596,2.0,13.8867,1.457,-0.0899,1.3538,0.0206,1.3659,1.005e-05,1.0011,0.0123,2.0413,8.0,0.0716,1.0019,0.1012,2.2269,0.0063,1.0243,0.0637,2.0257,0.0,0.0,0.0,29.9905,26.0,25.0,38.0,38.0,14.0,0.0,0.0,0.0,0.0,41.1376,0.0,41.1873,0.0,0.0
22309.0,1.7352,0.0919,1.0,0.0799,1.2019,2.0558,1.0558,2.3087,1.3087,26.8416,2.0737,26.3759,2.055,100.0,0.0,0.0,0.0,25.25,0.0,26.375,0.0,26.375,0.0,25.5,10.0,0.0,0.0099,52.5962,5.2596,2.0,13.6079,1.4535,-0.187,1.3432,0.0214,1.366,1.005e-05,1.0012,0.0123,2.0412,8.0,0.0745,1.002,0.187,2.4938,0.0059,0.9933,0.0641,2.0289,0.0,0.0,0.0,29.9905,26.0,25.0,38.0,38.0,16.0,0.0,0.0,0.0,0.0,41.1378,0.0,41.1877,0.0,0.0
22310.0,1.7352,0.0919,1.0,0.0801,1.2026,2.056,1.056,2.3086,1.3086,26.792,2.0717,26.3672,2.0547,100.0,0.0,0.0,0.0,25.375,0.0,26.5,0.0,26.375,0.0,25.375,10.0,0.0,0.0102,52.5962,5.2596,2.0,13.714,1.4549,-0.0938,1.3534,0.0199,1.3658,1.005e-05,1.0011,0.0123,2.0401,8.0,0.0693,1.0018,0.1667,2.4437,0.0064,1.031,0.0577,1.9833,0.0,0.0,0.0,29.9906,26.0,25.0,38.0,37.0,15.0,0.0,0.0,0.0,0.0,41.1378,0.0,41.1875,0.0,0.0
22311.0,1.7345,0.0918,1.0,0.0797,1.2015,2.0561,1.0561,2.3086,1.3086,26.6894,2.0676,26.3642,2.0546,100.0,0.0,0.0,0.0,25.375,0.0,26.5,0.0,26.375,0.0,25.5,10.0,0.0,0.0099,52.5962,5.2596,2.0,13.7941,1.4559,-0.0578,1.3573,0.0186,1.3657,1.004e-05,1.001,0.0123,2.04,8.0,0.0683,1.0018,0.1462,2.3867,0.0059,0.9901,0.0552,1.9637,0.0,0.0,0.0,29.9905,26.0,25.0,38.0,37.0,13.0,0.0,0.0,0.0,0.0,41.1376,0.0,41.1875,0.0,0.0
22312.0,1.7332,0.0916,1.0,0.0799,1.202,2.0561,1.0561,2.3083,1.3083,26.6135,2.0645,26.3842,2.0554,100.0,0.0,0.0,0.0,25.375,0.0,26.5,0.0,26.375,0.0,25.375,10.0,0.0,0.0105,52.5962,5.2596,2.0,14.1801,1.4607,0.0876,1.3732,0.0187,1.3657,1.005e-05,1.001,0.0123,2.0395,8.0,0.0689,1.0018,0.2155,2.5553,0.0061,1.0061,0.0532,1.9479,0.0,0.0,0.0,29.9904,26.0,25.0,38.0,37.0,14.0,0.0,0.0,0.0,0.0,41.1372,0.0,41.1873,0.0,0.0
22313.0,1.7348,0.0919,1.0,0.0798,1.2018,2.0559,1.0559,2.3083,1.3083,26.7165,2.0687,26.398,2.0559,100.0,0.0,0.0,0.0,25.375,0.0,26.375,0.0,26.5,0.0,25.375,10.0,0.0,0.0099,52.5957,5.2595,2.0,14.2723,1.4618,0.0741,1.3717,0.0195,1.3658,1.005e-05,1.0011,0.0123,2.0393,8.0,0.0726,1.0019,0.2176,2.5595,0.0061,1.0046,0.0635,2.0249,0.0,0.0,0.0,29.9904,26.0,25.0,38.0,37.0,11.0,0.0,0.0,0.0,0.0,41.1378,0.0,41.1875,0.0,0.0
22314.0,1.7372,0.0922,1.0,0.0798,1.2016,2.056,1.056,2.3083,1.3083,26.855,2.0742,26.3956,2.0558,100.0,0.0,0.0,0.0,25.25,0.0,26.375,0.0,26.375,0.0,25.5,10.0,0.0,0.0103,52.5958,5.2596,2.0,14.2001,1.4609,0.0803,1.3724,0.0204,1.3659,1.005e-05,1.0011,0.0123,2.0388,8.0,0.0698,1.0019,0.1977,2.5179,0.0062,1.017,0.06,2.0002,0.0,0.0,0.0,29.9906,26.0,25.0,38.0,37.0,13.0,0.0,0.0,0.0,0.0,41.1379,0.0,41.187,0.0,0.0
22315.0,1.7351,0.0919,1.0,0.0799,1.2021,2.0561,1.0561,2.3087,1.3087,26.8173,2.0727,26.3792,2.0552,100.0,0.0,0.0,0.0,25.375,0.0,26.375,0.0,26.375,0.0,25.5,10.0,0.0,0.0107,52.5956,5.2595,2.0,14.2888,1.462,0.0815,1.3725,0.0215,1.366,1.005e-05,1.0012,0.0123,2.0385,8.0,0.0758,1.002,0.2025,2.5282,0.0068,1.0533,0.0631,2.0219,0.0,0.0,0.0,29.9899,26.0,25.0,38.0,38.0,13.0,0.0,0.0,0.0,0.0,41.1379,0.0,41.1871,0.0,0.0
22316.0,1.7431,0.0929,1.0,0.0802,1.2029,2.0562,1.0562,2.3086,1.3086,26.7016,2.0681,26.3645,2.0546,100.0,0.0,0.0,0.0,25.5,0.0,26.375,0.0,26.5,0.0,25.375,10.0,0.0,0.011,52.5955,5.2596,2.0,14.4181,1.4636,0.0949,1.374,0.021,1.3659,1.005e-05,1.0012,0.0123,2.0382,8.0,0.0748,1.002,0.162,2.4313,0.0058,0.9877,0.0565,1.9741,0.0,0.0,0.0,29.9903,26.0,25.0,38.0,38.0,14.0,0.0,0.0,0.0,0.0,41.1381,0.0,41.1871,0.0,0.0
22317.0,1.7466,0.0933,1.0,0.0799,1.202,2.0558,1.0558,2.3084,1.3084,26.606,2.0642,26.3694,2.0548,100.0,0.0,0.0,0.0,25.25,0.0,26.375,0.0,26.375,0.0,25.375,10.0,0.0,0.0102,52.5951,5.2595,2.0,14.211,1.461,0.0197,1.3658,0.0206,1.3659,1.005e-05,1.0011,0.0123,2.0378,8.0,0.0735,1.002,0.1868,2.4933,0.006,1.0027,0.0589,1.9922,0.0,0.0,0.0,29.9906,26.0,25.0,38.0,38.0,13.0,0.0,0.0,0.0,0.0,41.138,0.0,41.1875,0.0,0.0
22318.0,1.746,0.0932,1.0,0.08,1.2022,2.0556,1.0556,2.3079,1.3079,26.7161,2.0686,26.3959,2.0558,100.0,0.0,0.0,0.0,25.375,0.0,26.5,0.0,26.5,0.0,25.5,10.0,0.0,0.0098,52.5955,5.2595,2.0,14.1048,1.4597,-0.0228,1.3612,0.0199,1.3658,1.005e-05,1.001,0.0123,2.037,8.0,0.068,1.0018,0.194,2.5097,0.0061,1.0086,0.0623,2.0161,0.0,0.0,0.0,29.9901,26.0,25.0,38.0,38.0,15.0,0.0,0.0,0.0,0.0,41.1376,0.0,41.1871,0.0,0.0
22319.0,1.7455,0.0932,1.0,0.0799,1.202,2.0555,1.0555,2.3082,1.3082,26.8478,2.0739,26.3926,2.0557,100.0,0.0,0.0,0.0,25.25,0.0,26.375,0.0,26.375,0.0,25.5,10.0,0.0,0.0106,52.5951,5.2595,2.0,14.1027,1.4597,0.0257,1.3664,0.0192,1.3657,1.004e-05,1.001,0.0123,2.0366,8.0,0.0668,1.0018,0.1888,2.4979,0.0062,1.0174,0.0605,2.0035,0.0,0.0,0.0,29.9902,26.0,25.0,38.0,37.0,14.0,0.0,0.0,0.0,0.0,41.1377,0.0,41.1871,0.0,0.0
22320.0,1.7453,0.0932,1.0,0.0798,1.2018,2.056,1.056,2.3083,1.3083,26.8182,2.0727,26.3803,2.0552,100.0,0.0,0.0,0.0,25.375,0.0,26.5,0.0,26.5,0.0,25.375,10.0,0.0,0.0102,52.5949,5.2595,2.0,14.0452,1.459,0.0016,1.3638,0.0191,1.3657,1.004e-05,1.001,0.0123,2.0362,8.0,0.0665,1.0018,0.2133,2.5508,0.0068,1.0557,0.0631,2.0219,0.0,0.0,0.0,29.99,26.0,25.0,38.0,37.0,14.0,0.0,0.0,0.0,0.0,41.1375,0.0,41.1873,0.0,0.0
22321.0,1.7389,0.0924,1.0,0.08,1.2023,2.0564,1.0564,2.3085,1.3085,26.7298,2.0692,26.3742,2.055,100.0,0.0,0.0,0.0,25.375,0.0,26.375,0.0,26.5,0.0,25.375,10.0,0.0,0.0103,52.5948,5.2595,2.0,14.0327,1.4589,-0.0235,1.3611,0.0209,1.3659,1.005e-05,1.0012,0.0123,2.0361,8.0,0.0735,1.002,0.1955,2.513,0.0069,1.0621,0.0728,2.0841,0.0,0.0,0.0,29.99,26.0,25.0,38.0,37.0,12.0,0.0,0.0,0.0,0.0,41.1374,0.0,41.1868,0.0,0.0
22322.0,1.7362,0.092,1.0,0.0803,1.203,2.0562,1.0562,2.3086,1.3086,26.6072,2.0643,26.3631,2.0545,100.0,0.0,0.0,0.0,25.25,0.0,26.375,0.0,26.625,0.0,25.375,10.0,0.0,0.0099,52.5946,5.2594,2.0,14.3849,1.4632,0.1006,1.3746,0.0213,1.366,1.005e-05,1.0012,0.0123,2.0357,8.0,0.0743,1.002,0.2025,2.5282,0.0056,0.9712,0.0786,2.1175,0.0,0.0,0.0,29.9896,26.0,25.0,38.0,37.0,14.0,0.0,0.0,0.0,0.0,41.1376,0.0,41.1875,0.0,0.0
22323.0,1.7362,0.092,1.0,0.0799,1.202,2.0554,1.0554,2.3087,1.3087,26.6586,2.0663,26.3838,2.0554,100.0,0.0,0.0,0.0,25.375,0.0,26.375,0.0,26.375,0.0,25.375,10.0,0.0,0.0105,52.5946,5.2595,2.0,14.2743,1.4618,0.0544,1.3696,0.0203,1.3658,1.005e-05,1.0012,0.0123,2.0353,8.0,0.072,1.0019,0.1878,2.4955,0.0062,1.0122,0.0774,2.1109,0.0,0.0,0.0,29.99,26.0,25.0,38.0,37.0,13.0,0.0,0.0,0.0,0.0,41.1375,0.0,41.1873,0.0,0.0
22324.0,1.7363,0.092,1.0,0.08,1.2023,2.0551,1.0551,2.3089,1.3089,26.8393,2.0736,26.3853,2.0554,100.0,0.0,0.0,0.0,25.25,0.0,26.5,0.0,26.375,0.0,25.375,10.0,0.0,0.0107,52.5946,5.2595,2.0,14.1947,1.4608,0.0214,1.366,0.0197,1.3658,1.005e-05,1.0011,0.0123,2.0346,8.0,0.0705,1.0019,0.165,2.4394,0.0058,0.9879,0.0797,2.1232,0.0,0.0,0.0,29.9898,26.0,25.0,38.0,37.0,15.0,0.0,0.0,0.0,0.0,41.1379,0.0,41.1875,0.0,0.0
22325.0,1.7423,0.0928,1.0,0.0799,1.202,2.0559,1.0559,2.3088,1.3088,26.8149,2.0726,26.3708,2.0548,100.0,0.0,0.0,0.0,25.375,0.0,26.5,0.0,26.375,0.0,25.375,10.0,0.0,0.0102,52.5943,5.2594,2.0,13.97,1.4581,-0.0587,1.3572,0.0193,1.3657,1.004e-05,1.001,0.0123,2.0341,8.0,0.0642,1.0017,0.1712,2.4553,0.0062,1.0146,0.0689,2.0601,0.0,0.0,0.0,29.9899,26.0,25.0,38.0,37.0,15.0,0.0,0.0,0.0,0.0,41.1374,0.0,41.1871,0.0,0.0
22326.0,1.7435,0.0929,1.0,0.0797,1.2015,2.0562,1.0562,2.3084,1.3084,26.7301,2.0692,26.3755,2.055,100.0,0.0,0.0,0.0,25.25,0.0,26.375,0.0,26.375,0.0,25.625,10.0,0.0,0.0106,52.594,5.2594,2.0,13.8126,1.4561,-0.0908,1.3537,0.0191,1.3657,1.004e-05,1.0009,0.0123,2.0337,8.0,0.0661,1.0018,0.1308,2.3384,0.0055,0.9618,0.0675,2.0513,0.0,0.0,0.0,29.99,26.0,25.0,38.0,37.0,14.0,0.0,0.0,0.0,0.0,41.1372,0.0,41.1872,0.0,0.0
22327.0,1.7435,0.0929,1.0,0.0798,1.2017,2.0566,1.0566,2.3081,1.3081,26.623,2.0649,26.3718,2.0549,100.0,0.0,0.0,0.0,25.375,0.0,26.375,0.0,26.5,0.0,25.375,10.0,0.0,0.0106,52.5942,5.2594,2.0,13.743,1.4552,-0.1224,1.3503,0.0192,1.3657,1.004e-05,1.001,0.0123,2.0334,8.0,0.0644,1.0017,0.1319,2.3421,0.0062,1.0133,0.0804,2.1271,0.0,0.0,0.0,29.99,26.0,25.0,38.0,37.0,14.0,0.0,0.0,0.0,0.0,41.1381,0.0,41.1875,0.0,0.0
22328.0,1.7452,0.0931,1.0,0.08,1.2023,2.0557,1.0557,2.3079,1.3079,26.6656,2.0666,26.3954,2.0558,100.0,0.0,0.0,0.0,25.375,0.0,26.375,0.0,26.375,0.0,25.375,10.0,0.0,0.0098,52.5937,5.2594,2.0,13.8857,1.457,-0.0966,1.3531,0.0209,1.3659,1.005e-05,1.0011,0.0123,2.0332,8.0,0.071,1.0019,0.1404,2.3692,0.0059,0.9944,0.0716,2.077,0.0,0.0,0.0,29.9899,26.0,25.0,38.0,37.0,12.0,0.0,0.0,0.0,0.0,41.1375,0.0,41.187,0.0,0.0
22329.0,1.7465,0.0933,1.0,0.08,1.2021,2.0556,1.0556,2.3081,1.3081,26.8058,2.0722,26.3954,2.0558,100.0,0.0,0.0,0.0,25.375,0.0,26.375,0.0,26.625,0.0,25.5,10.0,0.0,0.0106,52.5937,5.2594,2.0,13.8402,1.4565,-0.0501,1.3582,0.0206,1.3659,1.005e-05,1.0011,0.0122,2.0328,8.0,0.0727,1.0019,0.1408,2.3706,0.0063,1.0195,0.0727,2.0835,0.0,0.0,0.0,29.9901,26.0,25.0,38.0,37.0,13.0,0.0,0.0,0.0,0.0,41.1378,0.0,41.1877,0.0,0.0
22330.0,1.7466,0.0933,1.0,0.0803,1.203,2.0556,1.0556,2.3087,1.3087,26.8415,2.0737,26.3731,2.0549,100.0,0.0,0.0,0.0,25.375,0.0,26.375,0.0,26.5,0.0,25.5,10.0,0.0,0.0101,52.5934,5.2593,2.0,13.9888,1.4583,-0.026,1.3608,0.0214,1.366,1.005e-05,1.0012,0.0122,2.0325,8.0,0.075,1.002,0.1022,2.2315,0.0062,1.0139,0.0734,2.0878,0.0,0.0,0.0,29.9903,26.0,25.0,38.0,37.0,13.0,0.0,0.0,0.0,0.0,41.1378,0.0,41.1876,0.0,0.0
22331.0,1.7476,0.0934,1.0,0.0802,1.2027,2.0558,1.0558,2.309,1.309,26.7495,2.07,26.3659,2.0546,100.0,0.0,0.0,0.0,25.25,0.0,26.5,0.0,26.5,0.0,25.375,10.0,0.0,0.01,52.5935,5.2593,2.0,13.8808,1.457,-0.0699,1.356,0.0212,1.3659,1.005e-05,1.0011,0.0122,2.0322,8.0,0.0736,1.002,0.1204,2.3026,0.0058,0.9824,0.0632,2.0222,0.0,0.0,0.0,29.9899,26.0,25.0,38.0,38.0,15.0,0.0,0.0,0.0,0.0,41.1374,0.0,41.1874,0.0,0.0
22332.0,1.7427,0.0928,1.0,0.0799,1.2019,2.0562,1.0562,2.3086,1.3086,26.6243,2.065,26.3705,2.0548,100.0,0.0,0.0,0.0,25.375,0.0,26.5,0.0,26.375,0.0,25.375,10.0,0.0,0.0103,52.5933,5.2593,2.0,13.6584,1.4542,-0.1267,1.3498,0.019,1.3657,1.004e-05,1.001,0.0122,2.0314,8.0,0.0665,1.0018,0.1529,2.4064,0.0058,0.9874,0.0646,2.0323,0.0,0.0,0.0,29.9899,26.0,25.0,38.0,38.0,13.0,0.0,0.0,0.0,0.0,41.1372,0.0,41.1873,0.0,0.0
22333.0,1.7366,0.0921,1.0,0.0798,1.2018,2.056,1.056,2.3083,1.3083,26.6195,2.0648,26.3856,2.0554,100.0,0.0,0.0,0.0,25.25,0.0,26.5,0.0,26.375,0.0,25.5,10.0,0.0,0.0102,52.5931,5.2593,2.0,13.7216,1.455,-0.0699,1.356,0.0195,1.3658,1.004e-05,1.001,0.0122,2.0311,8.0,0.0681,1.0018,0.1754,2.4659,0.0064,1.0263,0.0625,2.0177,0.0,0.0,0.0,29.9899,26.0,25.0,38.0,38.0,15.0,0.0,0.0,0.0,0.0,41.1375,0.0,41.1871,0.0,0.0
22334.0,1.7363,0.092,1.0,0.0799,1.202,2.0556,1.0556,2.3084,1.3084,26.7721,2.0709,26.3919,2.0557,100.0,0.0,0.0,0.0,25.25,0.0,26.625,0.0,26.5,0.0,25.5,10.0,0.0,0.0102,52.5933,5.2593,2.0,14.0002,1.4585,0.0697,1.3712,0.0208,1.3659,1.005e-05,1.0011,0.0122,2.0309,8.0,0.0719,1.0019,0.1635,2.4353,0.0056,0.973,0.0705,2.0701,0.0,0.0,0.0,29.9892,26.0,25.0,38.0,38.0,14.0,0.0,0.0,0.0,0.0,41.1371,0.0,41.1874,0.0,0.0
22335.0,1.7352,0.0919,1.0,0.0801,1.2026,2.0554,1.0554,2.3091,1.3091,26.8545,2.0742,26.3773,2.0551,100.0,0.0,0.0,0.0,25.375,0.0,26.5,0.0,26.375,0.0,25.375,10.0,0.0,0.0101,52.5931,5.2593,2.0,14.2249,1.4612,0.0575,1.3699,0.0216,1.366,1.005e-05,1.0012,0.0122,2.0303,8.0,0.0754,1.002,0.1452,2.3838,0.0066,1.0418,0.0715,2.076,0.0,0.0,0.0,29.9896,26.0,25.0,38.0,38.0,14.0,0.0,0.0,0.0,0.0,41.1376,0.0,41.1874,0.0,0.0
22336.0,1.7352,0.0919,1.0,0.08,1.2024,2.0558,1.0558,2.309,1.309,26.7531,2.0701,26.3664,2.0547,100.0,0.0,0.0,0.0,25.375,0.0,26.5,0.0,26.5,0.0,25.5,10.0,0.0,0.0107,52.593,5.2593,2.0,13.9696,1.4581,-0.0299,1.3604,0.0208,1.3659,1.005e-05,1.0012,0.0122,2.0302,8.0,0.0733,1.002,0.1408,2.3704,0.0063,1.0189,0.0784,2.116,0.0,0.0,0.0,29.9896,26.0,25.0,38.0,38.0,13.0,0.0,0.0,0.0,0.0,41.1377,0.0,41.1875,0.0,0.0
22337.0,1.7352,0.0919,1.0,0.08,1.2022,2.0559,1.0559,2.309,1.309,26.6404,2.0656,26.3633,2.0545,100.0,0.0,0.0,0.0,25.25,0.0,26.5,0.0,26.75,0.0,25.625,10.0,0.0,0.0106,52.5929,5.2593,2.0,13.8438,1.4565,-0.0812,1.3548,0.0199,1.3658,1.005e-05,1.0011,0.0122,2.0295,8.0,0.0713,1.0019,0.1304,2.3371,0.0054,0.9511,0.0689,2.0601,0.0,0.0,0.0,29.9895,26.0,25.0,38.0,38.0,13.0,0.0,0.0,0.0,0.0,41.1375,0.0,41.1875,0.0,0.0
22338.0,1.7352,0.0919,1.0,0.08,1.2023,2.056,1.056,2.3088,1.3088,26.5975,2.0639,26.3733,2.0549,100.0,0.0,0.0,0.0,25.375,0.0,26.5,0.0,26.5,0.0,25.5,10.0,0.0,0.0099,52.5927,5.2593,2.0,13.6616,1.4542,-0.1503,1.3472,0.0196,1.3658,1.004e-05,1.001,0.0122,2.0291,8.0,0.0689,1.0018,0.1223,2.3094,0.0062,1.0146,0.073,2.085,0.0,0.0,0.0,29.9895,26.0,25.0,38.0,38.0,14.0,0.0,0.0,0.0,0.0,41.1376,0.0,41.187,0.0,0.0
22339.0,1.7362,0.092,1.0,0.0798,1.2018,2.0556,1.0556,2.3082,1.3082,26.7437,2.0697,26.3994,2.056,100.0,0.0,0.0,0.0,25.25,0.0,26.375,0.0,26.5,0.0,25.5,10.0,0.0,0.0102,52.5924,5.2592,2.0,13.2408,1.4488,-0.269,1.3343,0.019,1.3657,1.004e-05,1.001,0.0122,2.0285,8.0,0.065,1.0017,0.1387,2.3638,0.0056,0.971,0.0686,2.0582,0.0,0.0,0.0,29.9893,25.0,25.0,38.0,38.0,16.0,0.0,0.0,0.0,0.0,41.1374,0.0,41.1869,0.0,0.0
22340.0,1.7362,0.092,1.0,0.0799,1.202,2.0558,1.0558,2.3087,1.3087,26.8515,2.0741,26.386,2.0554,100.0,0.0,0.0,0.0,25.375,0.0,26.5,0.0,26.5,0.0,25.375,10.0,0.0,0.0098,52.5921,5.2592,2.0,13.1903,1.4481,-0.2669,1.3345,0.0197,1.3658,1.004e-05,1.0009,0.0122,2.0282,8.0,0.0671,1.0018,0.1243,2.3162,0.0054,0.9527,0.0694,2.0633,0.0,0.0,0.0,29.9893,25.0,25.0,38.0,38.0,13.0,0.0,0.0,0.0,0.0,41.1373,0.0,41.187,0.0,0.0
22341.0,1.7363,0.092,1.0,0.0799,1.2019,2.0561,1.0561,2.3087,1.3087,26.7871,2.0715,26.3774,2.0551,100.0,0.0,0.0,0.0,25.375,0.0,26.375,0.0,26.375,0.0,25.5,10.0,0.0,0.0109,52.5922,5.2592,2.0,13.1865,1.4481,-0.2265,1.3389,0.0199,1.3658,1.005e-05,1.0011,0.0122,2.0281,8.0,0.0739,1.002,0.1232,2.3126,0.0057,0.9786,0.0656,2.039,0.0,0.0,0.0,29.9893,25.0,25.0,38.0,38.0,13.0,0.0,0.0,0.0,0.0,41.1372,0.0,41.187,0.0,0.0
22342.0,1.7363,0.092,1.0,0.0801,1.2026,2.0563,1.0563,2.3086,1.3086,26.6581,2.0663,26.3632,2.0545,100.0,0.0,0.0,0.0,25.25,0.0,26.5,0.0,26.5,0.0,25.5,10.0,0.0,0.01,52.5917,5.2592,2.0,13.3347,1.45,-0.1663,1.3455,0.0212,1.3659,1.005e-05,1.0012,0.0122,2.0277,8.0,0.0761,1.002,0.132,2.3424,0.0067,1.0457,0.0586,1.99,0.0,0.0,0.0,29.9897,25.0,25.0,38.0,38.0,14.0,0.0,0.0,0.0,0.0,41.1379,0.0,41.1878,0.0,0.0
22343.0,1.7362,0.092,1.0,0.0799,1.2021,2.0562,1.0562,2.3083,1.3083,26.6019,2.0641,26.3778,2.0551,100.0,0.0,0.0,0.0,25.375,0.0,26.5,0.0,26.5,0.0,25.5,10.0,0.0,0.0106,52.5917,5.2592,2.0,13.3017,1.4496,-0.1832,1.3437,0.0195,1.3658,1.004e-05,1.001,0.0122,2.0273,8.0,0.07,1.0019,0.1085,2.2574,0.0067,1.0472,0.0572,1.9794,0.0,0.0,0.0,29.9896,26.0,25.0,38.0,37.0,14.0,0.0,0.0,0.0,0.0,41.1377,0.0,41.1874,0.0,0.0
22344.0,1.7353,0.0919,1.0,0.08,1.2024,2.0557,1.0557,2.3083,1.3083,26.7324,2.0693,26.3895,2.0556,100.0,0.0,0.0,0.0,25.375,0.0,26.375,0.0,26.375,0.0,25.5,10.0,0.0,0.0111,52.5918,5.2592,2.0,13.2757,1.4492,-0.1761,1.3444,0.0195,1.3658,1.004e-05,1.001,0.0122,2.0268,8.0,0.0683,1.0018,0.1064,2.2487,0.0059,0.995,0.0523,1.9403,0.0,0.0,0.0,29.9892,26.0,25.0,38.0,37.0,14.0,0.0,0.0,0.0,0.0,41.1375,0.0,41.1871,0.0,0.0
22345.0,1.7363,0.092,1.0,0.0798,1.2016,2.0554,1.0554,2.3085,1.3085,26.8516,2.0741,26.3837,2.0553,100.0,0.0,0.0,0.0,25.375,0.0,26.375,0.0,26.5,0.0,25.375,10.0,0.0,0.0102,52.5917,5.2591,2.0,13.3444,1.4501,-0.1124,1.3514,0.0192,1.3657,1.004e-05,1.0009,0.0122,2.0264,8.0,0.0651,1.0017,0.0914,2.1827,0.0055,0.9595,0.0539,1.9538,0.0,0.0,0.0,29.9893,26.0,25.0,38.0,37.0,14.0,0.0,0.0,0.0,0.0,41.1377,0.0,41.1879,0.0,0.0
22346.0,1.7363,0.092,1.0,0.0796,1.2013,2.0561,1.0561,2.3087,1.3087,26.8115,2.0725,26.3765,2.0551,100.0,0.0,0.0,0.0,25.25,0.0,26.5,0.0,26.5,0.0,25.375,10.0,0.0,0.0104,52.5914,5.2591,2.0,13.5364,1.4526,-0.004,1.3632,0.0191,1.3657,1.005e-05,1.001,0.0122,2.0261,8.0,0.0706,1.0019,0.0923,2.1871,0.006,0.9968,0.0493,1.9144,0.0,0.0,0.0,29.9896,26.0,25.0,38.0,37.0,14.0,0.0,0.0,0.0,0.0,41.1376,0.0,41.1873,0.0,0.0
22347.0,1.7363,0.092,1.0,0.0799,1.2021,2.0563,1.0563,2.3086,1.3086,26.6812,2.0672,26.3633,2.0545,100.0,0.0,0.0,0.0,25.375,0.0,26.375,0.0,26.5,0.0,25.375,10.0,0.0,0.0098,52.5912,5.2591,2.0,13.6705,1.4543,-0.0254,1.3609,0.0211,1.3659,1.005e-05,1.0011,0.0122,2.0255,8.0,0.0703,1.0019,0.0867,2.1598,0.0063,1.0245,0.0505,1.9248,0.0,0.0,0.0,29.9893,26.0,25.0,38.0,37.0,15.0,0.0,0.0,0.0,0.0,41.138,0.0,41.1876,0.0,0.0
22348.0,1.7336,0.0917,1.0,0.0798,1.2018,2.0561,1.0561,2.3088,1.3088,26.6031,2.0641,26.3714,2.0549,100.0,0.0,0.0,0.0,25.375,0.0,26.375,0.0,26.5,0.0,25.5,10.0,0.0,0.0099,52.5911,5.2591,2.0,13.6286,1.4538,-0.0521,1.3579,0.0215,1.366,1.005e-05,1.0012,0.0122,2.0253,8.0,0.0749,1.002,0.0924,2.1877,0.0063,1.0193,0.0472,1.8956,0.0,0.0,0.0,29.9892,26.0,25.0,38.0,37.0,14.0,0.0,0.0,0.0,0.0,41.1379,0.0,41.1874,0.0,0.0
22349.0,1.7446,0.0931,1.0,0.0802,1.2027,2.0557,1.0557,2.3083,1.3083,26.7107,2.0684,26.3883,2.0555,100.0,0.0,0.0,0.0,25.25,0.0,26.375,0.0,26.375,0.0,25.5,10.0,0.0,0.0104,52.5911,5.2591,2.0,13.5883,1.4533,-0.028,1.3606,0.0214,1.366,1.005e-05,1.0012,0.0122,2.0249,8.0,0.0735,1.002,0.074,2.0912,0.0064,1.028,0.0462,1.8867,0.0,0.0,0.0,29.9888,26.0,25.0,38.0,37.0,15.0,0.0,0.0,0.0,0.0,41.1373,0.0,41.1866,0.0,0.0
22350.0,1.7466,0.0933,1.0,0.0801,1.2025,2.0559,1.0559,2.3085,1.3085,26.8504,2.074,26.3953,2.0558,100.0,0.0,0.0,0.0,25.25,0.0,26.375,0.0,26.625,0.0,25.5,10.0,0.0,0.0104,52.5909,5.2591,2.0,13.8027,1.456,0.004,1.3641,0.0206,1.3659,1.005e-05,1.0011,0.0121,2.0245,8.0,0.0715,1.0019,0.0741,2.0919,0.0056,0.9719,0.0449,1.8743,0.0,0.0,0.0,29.9893,26.0,25.0,38.0,37.0,13.0,0.0,0.0,0.0,64.0,41.1375,0.0,41.1868,0.0,0.0
22351.0,1.7477,0.0935,1.0,0.08,1.2022,2.0565,1.0565,2.3088,1.3088,26.8101,2.0724,26.3797,2.0552,100.0,0.0,0.0,0.0,25.375,0.0,26.5,0.0,26.5,0.0,25.5,10.0,0.0,0.0104,52.5909,5.2591,2.0,13.6409,1.4539,0.0388,1.3679,0.0199,1.3658,1.004e-05,1.001,0.0121,2.0238,8.0,0.0688,1.0018,0.0735,2.0884,0.0054,0.9566,0.0447,1.872,0.0,0.0,0.0,29.9888,26.0,25.0,38.0,37.0,13.0,0.0,0.0,0.0,64.0,41.2874,0.0,41.1873,0.0,0.0
22352.0,1.7485,0.0936,1.0,0.0797,1.2015,2.0562,1.0562,2.309,1.309,26.689,2.0676,26.3665,2.0547,100.0,0.0,0.0,0.0,25.25,0.0,26.375,0.0,26.5,0.0,25.5,10.0,0.0,0.0103,52.5905,5.259,2.0,13.7979,1.4559,0.0306,1.367,0.019,1.3657,1.004e-05,1.001,0.0121,2.0234,8.0,0.0673,1.0018,0.0691,2.0614,0.006,0.9968,0.0526,1.9432,0.0,0.0,0.0,29.989,26.0,25.0,38.0,38.0,14.0,0.0,0.0,0.0,64.0,41.4821,0.0,41.1874,0.0,0.0
22353.0,1.7477,0.0935,1.0,0.0799,1.202,2.0562,1.0562,2.3088,1.3088,26.591,2.0636,26.3759,2.055,100.0,0.0,0.0,0.0,25.25,0.0,26.375,0.0,26.5,0.0,25.5,10.0,0.0,0.0106,52.5904,5.2591,2.0,13.8066,1.456,0.0409,1.3681,0.0194,1.3658,1.005e-05,1.0011,0.0121,2.0231,8.0,0.0675,1.0018,0.1265,2.3241,0.0058,0.9824,0.0574,1.9806,0.0,0.0,0.0,29.9889,26.0,25.0,38.0,38.0,14.0,0.0,0.0,0.0,64.0,41.6543,0.0,41.1874,0.0,0.0
22354.0,1.7467,0.0933,1.0,0.0799,1.202,2.0558,1.0558,2.3087,1.3087,26.6479,2.0659,26.3935,2.0557,100.0,0.0,0.0,0.0,25.375,0.0,26.375,0.0,26.5,0.0,25.375,10.0,0.0,0.0108,52.5903,5.259,2.0,13.7735,1.4556,0.0057,1.3643,0.0215,1.366,1.005e-05,1.0013,0.0121,2.0231,8.0,0.0761,1.002,0.135,2.3522,0.0059,0.9951,0.0507,1.9267,0.0,0.0,0.0,29.989,26.0,25.0,38.0,38.0,12.0,0.0,0.0,0.0,64.0,41.8124,0.0,41.1875,0.0,0.0
22355.0,1.7486,0.0936,1.0,0.08,1.2023,2.0556,1.0556,2.3088,1.3088,26.8203,2.0728,26.3943,2.0558,100.0,0.0,0.0,0.0,25.375,0.0,26.5,0.0,26.5,0.0,25.375,10.0,0.0,0.0102,52.5899,5.259,2.0,13.6793,1.4544,-0.0016,1.3635,0.0201,1.3658,1.005e-05,1.0012,0.0121,2.0224,8.0,0.0741,1.002,0.1072,2.2521,0.0064,1.028,0.0454,1.8791,0.0,0.0,0.0,29.9892,26.0,25.0,38.0,38.0,12.0,0.0,0.0,0.0,64.0,42.004,0.0,41.1873,0.0,0.0
22356.0,1.7486,0.0936,1.0,0.0799,1.2021,2.0559,1.0559,2.3091,1.3091,26.8367,2.0735,26.3743,2.055,100.0,0.0,0.0,0.0,25.25,0.0,26.5,0.0,26.5,0.0,25.375,10.0,0.0,0.0104,52.5901,5.259,2.0,13.7855,1.4558,0.0138,1.3651,0.0198,1.3658,1.004e-05,1.001,0.0121,2.022,8.0,0.0688,1.0018,0.1247,2.3177,0.0061,1.0048,0.0489,1.9107,0.0,0.0,0.0,29.9888,26.0,25.0,38.0,38.0,13.0,0.0,0.0,0.0,64.0,42.2305,0.0,41.1869,0.0,0.0
22357.0,1.7447,0.0931,1.0,0.0796,1.2012,2.0561,1.0561,2.3088,1.3088,26.7493,2.07,26.3695,2.0548,100.0,0.0,0.0,0.0,25.25,0.0,26.5,0.0,26.5,0.0,25.5,10.0,0.0,0.0102,52.5898,5.2589,2.0,13.7946,1.4559,0.0491,1.369,0.0195,1.3658,1.004e-05,1.0009,0.0121,2.0217,8.0,0.0663,1.0018,0.1565,2.4164,0.0057,0.9777,0.0481,1.9042,0.0,0.0,0.0,29.9887,26.0,25.0,38.0,38.0,15.0,0.0,0.0,0.0,64.0,42.3935,0.0,41.1869,0.0,0.0
22358.0,1.7436,0.0929,1.0,0.0798,1.2016,2.0562,1.0562,2.3085,1.3085,26.6277,2.0651,26.3726,2.0549,100.0,0.0,0.0,0.0,25.25,0.0,26.375,0.0,26.5,0.0,25.5,10.0,0.0,0.0107,52.59,5.259,2.0,13.8638,1.4568,0.064,1.3706,0.0192,1.3657,1.004e-05,1.0009,0.0121,2.0212,8.0,0.0662,1.0018,0.1819,2.4817,0.0056,0.9686,0.0369,1.7887,0.0,0.0,0.0,29.989,26.0,25.0,38.0,38.0,16.0,0.0,0.0,0.0,64.0,42.5461,0.0,41.1871,0.0,0.0
22359.0,1.7406,0.0926,1.0,0.08,1.2022,2.0558,1.0558,2.3083,1.3083,26.6505,2.066,26.385,2.0554,100.0,0.0,0.0,0.0,25.25,0.0,26.375,0.0,26.375,0.0,25.5,10.0,0.0,0.0102,52.5898,5.2589,2.0,14.8377,1.4685,0.4791,1.4159,0.0209,1.3659,1.005e-05,1.0011,0.0121,2.0208,8.0,0.0719,1.0019,0.1631,2.4343,0.0063,1.0189,0.0425,1.8498,0.0,0.0,0.0,29.9891,26.0,25.0,38.0,38.0,14.0,0.0,0.0,0.0,64.0,42.7526,0.0,41.188,0.0,0.0
22360.0,1.7404,0.0926,1.0,0.08,1.2024,2.0556,1.0556,2.3084,1.3084,26.8322,2.0733,26.3867,2.0555,100.0,0.0,0.0,0.0,25.25,0.0,26.375,0.0,26.5,0.0,25.625,10.0,0.0,0.0105,52.5892,5.2589,2.0,15.2776,1.4736,0.5347,1.422,0.0211,1.3659,1.005e-05,1.0012,0.0121,2.0203,8.0,0.0754,1.002,0.1475,2.3907,0.0062,1.0143,0.0412,1.8366,0.0,0.0,0.0,29.9888,25.0,25.0,38.0,37.0,15.0,0.0,0.0,0.0,64.0,42.9265,0.0,41.1877,0.0,0.0
22361.0,1.7394,0.0924,1.0,0.0802,1.2028,2.056,1.056,2.3087,1.3087,26.8449,2.0738,26.3832,2.0553,100.0,0.0,0.0,0.0,25.375,0.0,26.375,0.0,26.5,0.0,25.375,10.0,0.0,0.0104,52.5895,5.2589,2.0,15.3378,1.4743,0.5298,1.4214,0.0214,1.366,1.005e-05,1.0012,0.0121,2.02,8.0,0.0782,1.0021,0.1544,2.4105,0.0061,1.0037,0.0381,1.8024,0.0,0.0,0.0,29.9887,25.0,25.0,38.0,37.0,12.0,0.0,0.0,0.0,64.0,43.1085,0.0,41.1873,0.0,0.0
22362.0,1.7427,0.0928,1.0,0.0799,1.2021,2.0564,1.0564,2.3086,1.3086,26.7682,2.0707,26.3757,2.055,100.0,0.0,0.0,0.0,25.25,0.0,26.375,0.0,26.5,0.0,25.5,10.0,0.0,0.0104,52.5894,5.2589,2.0,15.2218,1.473,0.4249,1.41,0.0207,1.3659,1.005e-05,1.0011,0.0121,2.0198,8.0,0.0719,1.0019,0.2282,2.5801,0.0065,1.0347,0.0357,1.775,0.0,0.0,0.0,29.9889,25.0,25.0,38.0,37.0,15.0,0.0,0.0,0.0,64.0,43.3075,0.0,41.1877,0.0,0.0
22363.0,1.7476,0.0935,1.0,0.0801,1.2026,2.0563,1.0563,2.3085,1.3085,26.6386,2.0655,26.3725,2.0549,100.0,0.0,0.0,0.0,25.375,0.0,26.375,0.0,26.5,0.0,25.5,10.0,0.0,0.0099,52.5892,5.2589,2.0,15.2066,1.4728,0.4547,1.4132,0.019,1.3657,1.004e-05,1.001,0.0121,2.0193,8.0,0.0674,1.0018,0.1844,2.4876,0.0063,1.0201,0.0338,1.751,0.0,0.0,0.0,29.9885,25.0,25.0,38.0,37.0,14.0,0.0,0.0,0.0,64.0,43.5498,0.0,41.1872,0.0,0.0
22364.0,1.7456,0.0932,1.0,0.0799,1.2021,2.0559,1.0559,2.3083,1.3083,26.6552,2.0662,26.3931,2.0557,100.0,0.0,0.0,0.0,25.25,0.0,26.375,0.0,26.5,0.0,25.5,10.0,0.0,0.0098,52.5891,5.2589,2.0,15.2982,1.4739,0.4424,1.4119,0.019,1.3657,1.004e-05,1.001,0.0121,2.0188,8.0,0.0682,1.0018,0.1983,2.5192,0.006,1.002,0.0364,1.7833,0.0,0.0,0.0,29.9885,26.0,25.0,38.0,37.0,14.0,0.0,0.0,0.0,64.0,43.7235,0.0,41.1871,0.0,0.0
22365.0,1.7456,0.0932,1.0,0.0797,1.2016,2.0556,1.0556,2.3083,1.3083,26.8061,2.0722,26.4005,2.056,100.0,0.0,0.0,0.0,25.375,0.0,26.625,0.0,26.5,0.0,25.375,10.0,0.0,0.0101,52.5888,5.2588,2.0,15.1777,1.4725,0.3177,1.3983,0.0211,1.3659,1.005e-05,1.0012,0.0121,2.0187,8.0,0.0739,1.002,0.2004,2.5237,0.0055,0.9596,0.049,1.9117,0.0,0.0,0.0,29.9888,26.0,25.0,38.0,37.0,14.0,0.0,0.0,0.0,64.0,43.9037,0.0,41.1871,0.0,0.0
22366.0,1.7456,0.0932,1.0,0.0801,1.2025,2.0557,1.0557,2.3087,1.3087,26.8561,2.0742,26.387,2.0555,100.0,0.0,0.0,0.0,25.25,0.0,26.5,0.0,26.5,0.0,25.375,10.0,0.0,0.0104,52.5887,5.2589,2.0,14.9587,1.47,0.2779,1.394,0.0214,1.366,1.005e-05,1.0012,0.0121,2.0183,8.0,0.0752,1.002,0.2425,2.6065,0.0058,0.9817,0.0448,1.8733,0.0,0.0,0.0,29.989,26.0,25.0,38.0,37.0,13.0,0.0,0.0,0.0,64.0,44.1372,0.0,41.1874,0.0,0.0
22367.0,1.7455,0.0932,1.0,0.08,1.2022,2.0561,1.0561,2.3087,1.3087,26.7787,2.0711,26.3771,2.0551,100.0,0.0,0.0,0.0,25.375,0.0,26.375,0.0,26.5,0.0,25.5,10.0,0.0,0.0101,52.5888,5.2588,2.0,14.8195,1.4683,0.18,1.3833,0.0202,1.3658,1.005e-05,1.0012,0.0121,2.018,8.0,0.0736,1.002,0.2178,2.5598,0.006,0.9992,0.0454,1.8792,0.0,0.0,0.0,29.9892,26.0,25.0,38.0,37.0,14.0,0.0,0.0,0.0,64.0,44.2956,0.0,41.1875,0.0,0.0
22368.0,1.7446,0.0931,1.0,0.08,1.2021,2.0562,1.0562,2.3085,1.3085,26.6701,2.0668,26.3733,2.0549,100.0,0.0,0.0,0.0,25.375,0.0,26.5,0.0,26.5,0.0,25.375,10.0,0.0,0.0109,52.5886,5.2589,2.0,14.6089,1.4658,0.1425,1.3792,0.0199,1.3658,1.004e-05,1.001,0.0121,2.0177,8.0,0.0692,1.0018,0.2175,2.5592,0.0054,0.9563,0.0408,1.8329,0.0,0.0,0.0,29.9881,25.0,25.0,38.0,38.0,13.0,0.0,0.0,0.0,64.0,44.503,0.0,41.1872,0.0,0.0
22369.0,1.7436,0.0929,1.0,0.0798,1.2017,2.0562,1.0562,2.3083,1.3083,26.6047,2.0642,26.3833,2.0553,100.0,0.0,0.0,0.0,25.5,0.0,26.5,0.0,26.5,0.0,25.375,10.0,0.0,0.01,52.5885,5.2589,2.0,14.4664,1.4641,0.0881,1.3732,0.0185,1.3657,1.004e-05,1.0009,0.0121,2.0173,8.0,0.0654,1.0017,0.191,2.503,0.0064,1.027,0.0396,1.819,0.0,0.0,0.0,29.9885,25.0,25.0,38.0,38.0,14.0,0.0,0.0,0.0,64.0,44.658,0.0,41.187,0.0,0.0
22370.0,1.7407,0.0926,1.0,0.0799,1.2019,2.0556,1.0556,2.3083,1.3083,26.7452,2.0698,26.3946,2.0558,100.0,0.0,0.0,0.0,25.25,0.0,26.5,0.0,26.5,0.0,25.375,10.0,0.0,0.0103,52.5881,5.2588,2.0,14.3908,1.4632,-0.0105,1.3625,0.0188,1.3657,1.004e-05,1.001,0.0121,2.017,8.0,0.0667,1.0018,0.185,2.489,0.006,0.9977,0.0414,1.8389,0.0,0.0,0.0,29.9888,25.0,25.0,38.0,38.0,13.0,0.0,0.0,0.0,64.0,44.883,0.0,41.1869,0.0,0.0
22371.0,1.7486,0.0936,1.0,0.08,1.2021,2.0558,1.0558,2.3087,1.3087,26.854,2.0742,26.3865,2.0555,100.0,0.0,0.0,0.0,25.25,0.0,26.375,0.0,26.625,0.0,25.375,10.0,0.0,0.0101,52.5881,5.2588,2.0,14.176,1.4606,-0.0197,1.3615,0.0203,1.3658,1.005e-05,1.0011,0.0121,2.0165,8.0,0.0711,1.0019,0.1953,2.5125,0.0055,0.9646,0.0364,1.7828,0.0,0.0,0.0,29.989,25.0,25.0,38.0,38.0,16.0,0.0,0.0,0.0,64.0,45.091,0.0,41.1869,0.0,0.0
22372.0,1.7508,0.0939,1.0,0.0798,1.2018,2.0565,1.0565,2.3086,1.3086,26.7939,2.0718,26.3785,2.0551,100.0,0.0,0.0,0.0,25.25,0.0,26.625,0.0,26.375,0.0,25.375,10.0,0.0,0.0107,52.5879,5.2588,2.0,14.254,1.4616,0.015,1.3653,0.0211,1.3659,1.005e-05,1.0012,0.0121,2.0167,8.0,0.0752,1.002,0.1674,2.4456,0.006,0.9983,0.0481,1.9044,0.0,0.0,0.0,29.9889,25.0,25.0,38.0,38.0,16.0,0.0,0.0,0.0,64.0,45.2444,0.0,41.1879,0.0,0.0
22373.0,1.7533,0.0942,1.0,0.0801,1.2024,2.0562,1.0562,2.3085,1.3085,26.6822,2.0673,26.3744,2.055,100.0,0.0,0.0,0.0,25.375,0.0,26.375,0.0,26.375,0.0,25.375,10.0,0.0,0.0101,52.5879,5.2588,2.0,14.3705,1.463,0.033,1.3672,0.0216,1.366,1.005e-05,1.0012,0.012,2.0161,8.0,0.0769,1.002,0.1784,2.4733,0.0059,0.9952,0.0488,1.9106,0.0,0.0,0.0,29.9884,26.0,25.0,38.0,38.0,13.0,0.0,0.0,0.0,64.0,45.4345,0.0,41.1871,0.0,0.0
22374.0,1.7581,0.0948,1.0,0.0801,1.2024,2.0561,1.0561,2.3086,1.3086,26.6122,2.0645,26.3846,2.0554,100.0,0.0,0.0,0.0,25.25,0.0,26.375,0.0,26.5,0.0,25.375,10.0,0.0,0.0101,52.5878,5.2588,2.0,14.6403,1.4662,0.193,1.3847,0.0199,1.3658,1.005e-05,1.0011,0.012,2.0159,8.0,0.0725,1.0019,0.157,2.4176,0.0065,1.0319,0.0655,2.0379,0.0,0.0,0.0,29.9884,26.0,25.0,38.0,38.0,16.0,0.0,0.0,0.0,64.0,45.6308,0.0,41.1875,0.0,0.0
22375.0,1.7582,0.0948,1.0,0.0801,1.2024,2.0556,1.0556,2.3086,1.3086,26.7262,2.069,26.398,2.0559,100.0,0.0,0.0,0.0,25.375,0.0,26.375,0.0,26.5,0.0,25.5,10.0,0.0,0.0092,52.5881,5.2588,2.0,14.7149,1.4671,0.1362,1.3785,0.0191,1.3657,1.004e-05,1.001,0.012,2.0155,8.0,0.0692,1.0018,0.2356,2.594,0.0061,1.0065,0.0617,2.012,0.0,0.0,0.0,29.9884,26.0,25.0,38.0,38.0,16.0,0.0,0.0,0.0,64.0,45.8363,0.0,41.1872,0.0,0.0
22376.0,1.7585,0.0948,1.0,0.0799,1.2019,2.0556,1.0556,2.3093,1.3093,26.8526,2.0741,26.3799,2.0552,100.0,0.0,0.0,0.0,25.25,0.0,26.375,0.0,26.5,0.0,25.5,10.0,0.0,0.0099,52.5876,5.2587,2.0,14.7821,1.4679,0.2073,1.3862,0.0204,1.3659,1.005e-05,1.0012,0.012,2.0154,8.0,0.0714,1.0019,0.1921,2.5054,0.0066,1.0419,0.0581,1.9863,0.0,0.0,0.0,29.9888,26.0,25.0,38.0,37.0,13.0,0.0,0.0,0.0,64.0,46.045,0.0,41.1871,0.0,0.0
22377.0,1.7582,0.0948,1.0,0.0799,1.202,2.0561,1.0561,2.3096,1.3096,26.8212,2.0728,26.3707,2.0548,100.0,0.0,0.0,0.0,25.375,0.0,26.375,0.0,26.5,0.0,25.5,10.0,0.0,0.011,52.5874,5.2587,2.0,14.9648,1.47,0.279,1.3941,0.0212,1.3659,1.005e-05,1.0012,0.012,2.0152,8.0,0.0756,1.002,0.1958,2.5137,0.0064,1.0275,0.0546,1.9589,0.0,0.0,0.0,29.9885,26.0,25.0,38.0,37.0,15.0,0.0,0.0,0.0,64.0,46.2193,0.0,41.1872,0.0,0.0
22378.0,1.7574,0.0947,1.0,0.0803,1.203,2.0559,1.0559,2.3094,1.3094,26.6979,2.0679,26.3637,2.0545,100.0,0.0,0.0,0.0,25.25,0.0,26.5,0.0,26.375,0.0,25.375,10.0,0.0,0.0096,52.5874,5.2588,2.0,15.2629,1.4735,0.3755,1.4046,0.0206,1.3659,1.005e-05,1.0013,0.012,2.015,8.0,0.0763,1.002,0.1507,2.4,0.0056,0.973,0.0703,2.0688,0.0,0.0,0.0,29.9891,26.0,25.0,38.0,37.0,14.0,0.0,0.0,0.0,64.0,46.3814,0.0,41.1876,0.0,0.0
22379.0,1.7606,0.0951,1.0,0.08,1.2023,2.0562,1.0562,2.3092,1.3092,26.6011,2.064,26.3774,2.0551,100.0,0.0,0.0,0.0,25.25,0.0,26.375,0.0,26.5,0.0,25.5,10.0,0.0,0.0102,52.587,5.2587,2.0,15.7318,1.4787,0.4737,1.4153,0.0198,1.3658,1.005e-05,1.0011,0.012,2.0148,8.0,0.0721,1.0019,0.2047,2.533,0.0052,0.9377,0.0672,2.0492,0.0,0.0,0.0,29.9884,26.0,25.0,38.0,37.0,14.0,0.0,0.0,0.0,64.0,46.5978,0.0,41.1873,0.0,0.0
22380.0,1.7585,0.0948,1.0,0.0799,1.202,2.0559,1.0559,2.3089,1.3089,26.6776,2.0671,26.395,2.0558,100.0,0.0,0.0,0.0,25.25,0.0,26.375,0.0,26.375,0.0,25.375,10.0,0.0,0.0103,52.587,5.2587,2.0,15.7091,1.4785,0.4318,1.4107,0.0194,1.3657,1.004e-05,1.001,0.012,2.0144,8.0,0.0693,1.0018,0.1658,2.4414,0.0066,1.0383,0.0599,1.9995,0.0,0.0,0.0,29.9883,26.0,25.0,38.0,37.0,14.0,0.0,0.0,0.0,64.0,46.7547,0.0,41.1868,0.0,0.0
22381.0,1.7553,0.0944,1.0,0.0794,1.2007,2.0556,1.0556,2.3093,1.3093,26.8423,2.0737,26.3925,2.0557,100.0,0.0,0.0,0.0,25.375,0.0,26.375,0.0,26.5,0.0,25.375,10.0,0.0,0.0104,52.5871,5.2587,2.0,15.685,1.4782,0.4381,1.4114,0.0192,1.3657,1.004e-05,1.001,0.012,2.0143,8.0,0.0644,1.0017,0.1826,2.4834,0.0062,1.0159,0.059,1.9924,0.0,0.0,0.0,29.9886,26.0,25.0,38.0,37.0,13.0,0.0,0.0,0.0,64.0,46.9049,0.0,41.1871,0.0,0.0
22382.0,1.7549,0.0944,1.0,0.0798,1.2016,2.0561,1.0561,2.3095,1.3095,26.8307,2.0732,26.373,2.0549,100.0,0.0,0.0,0.0,25.375,0.0,26.375,0.0,26.5,0.0,25.375,10.0,0.0,0.0103,52.5871,5.2587,2.0,15.9497,1.4811,0.5479,1.4234,0.0195,1.3658,1.005e-05,1.0011,0.012,2.0138,8.0,0.0699,1.0019,0.1648,2.4388,0.0063,1.0218,0.0566,1.9748,0.0,0.0,0.0,29.9881,26.0,25.0,38.0,37.0,14.0,0.0,0.0,0.0,64.0,47.0873,0.0,41.1869,0.0,0.0
22383.0,1.754,0.0942,1.0,0.0798,1.2018,2.0565,1.0565,2.3094,1.3094,26.7172,2.0687,26.3751,2.055,100.0,0.0,0.0,0.0,25.375,0.0,26.375,0.0,26.5,0.0,25.375,10.0,0.0,0.0106,52.5866,5.2587,2.0,16.1696,1.4835,0.4716,1.4151,0.0207,1.3659,1.005e-05,1.0012,0.012,2.014,8.0,0.0713,1.0019,0.1396,2.3666,0.0064,1.0303,0.049,1.9119,0.0,0.0,0.0,29.9885,26.0,25.0,38.0,37.0,13.0,0.0,0.0,0.0,64.0,47.2636,0.0,41.1877,0.0,0.0
22384.0,1.7518,0.094,1.0,0.0804,1.2033,2.0563,1.0563,2.3092,1.3092,26.5921,2.0637,26.3781,2.0551,100.0,0.0,0.0,0.0,25.375,0.0,26.375,0.0,26.5,0.0,25.375,10.0,0.0,0.01,52.5869,5.2587,2.0,16.101,1.4827,0.4902,1.4171,0.0213,1.366,1.005e-05,1.0012,0.012,2.0134,8.0,0.0785,1.0021,0.1366,2.3574,0.0059,0.9928,0.0479,1.9021,0.0,0.0,0.0,29.9888,26.0,25.0,38.0,37.0,14.0,0.0,0.0,0.0,64.0,47.449,0.0,41.1874,0.0,0.0
22385.0,1.7489,0.0936,1.0,0.0802,1.2029,2.0557,1.0557,2.3094,1.3094,26.6845,2.0674,26.3848,2.0554,100.0,0.0,0.0,0.0,25.375,0.0,26.375,0.0,26.5,0.0,25.375,10.0,0.0,0.0099,52.5866,5.2586,2.0,16.2569,1.4844,0.5162,1.42,0.0211,1.3659,1.005e-05,1.0012,0.012,2.0134,8.0,0.0744,1.002,0.1476,2.391,0.0063,1.0235,0.0492,1.9142,0.0,0.0,0.0,29.9881,26.0,25.0,38.0,38.0,13.0,0.0,0.0,0.0,64.0,47.6225,0.0,41.1867,0.0,0.0
22386.0,1.7472,0.0934,1.0,0.0798,1.2018,2.0556,1.0556,2.3091,1.3091,26.8337,2.0733,26.3976,2.0559,100.0,0.0,0.0,0.0,25.25,0.0,26.5,0.0,26.5,0.0,25.375,10.0,0.0,0.0109,52.5867,5.2587,2.0,16.5328,1.4873,0.6242,1.4317,0.0197,1.3658,1.004e-05,1.001,0.012,2.0129,8.0,0.07,1.0019,0.1223,2.3093,0.0061,1.0083,0.0499,1.9196,0.0,0.0,0.0,29.988,26.0,25.0,38.0,38.0,13.0,0.0,0.0,0.0,64.0,47.8424,0.0,41.187,0.0,0.0
22387.0,1.7447,0.0931,1.0,0.0799,1.202,2.0561,1.0561,2.3095,1.3095,26.8253,2.073,26.3705,2.0548,100.0,0.0,0.0,0.0,25.25,0.0,26.375,0.0,26.5,0.0,25.375,10.0,0.0,0.0098,52.5863,5.2586,2.0,16.7209,1.4893,0.5861,1.4276,0.02,1.3658,1.005e-05,1.0011,0.012,2.0123,8.0,0.0716,1.0019,0.1988,2.5202,0.0068,1.0518,0.0561,1.9708,0.0,0.0,0.0,29.9883,26.0,25.0,38.0,38.0,14.0,0.0,0.0,0.0,64.0,48.0003,0.0,41.1868,0.0,0.0
22388.0,1.7531,0.0941,1.0,0.0799,1.202,2.0562,1.0562,2.3094,1.3094,26.7322,2.0693,26.3735,2.0549,100.0,0.0,0.0,0.0,25.25,0.0,26.375,0.0,26.5,0.0,25.375,10.0,0.0,0.0099,52.586,5.2586,2.0,16.7393,1.4895,0.5606,1.4248,0.0205,1.3659,1.005e-05,1.0011,0.012,2.0124,8.0,0.0725,1.0019,0.1556,2.414,0.0058,0.9867,0.0559,1.9691,0.0,0.0,0.0,29.9884,26.0,25.0,38.0,38.0,14.0,0.0,0.0,0.0,64.0,48.1839,0.0,41.1875,0.0,0.0
22389.0,1.7543,0.0943,1.0,0.0799,1.2019,2.0562,1.0562,2.3092,1.3092,26.6315,2.0653,26.3727,2.0549,100.0,0.0,0.0,0.0,25.25,0.0,26.375,0.0,26.5,0.0,25.375,10.0,0.0,0.0102,52.5858,5.2586,2.0,16.7993,1.4901,0.5621,1.425,0.0212,1.366,1.005e-05,1.0012,0.012,2.0124,8.0,0.0744,1.002,0.1819,2.4817,0.0059,0.9957,0.0485,1.9078,0.0,0.0,0.0,29.988,26.0,25.0,38.0,38.0,15.0,0.0,0.0,0.0,64.0,48.3666,0.0,41.1875,0.0,0.0
22390.0,1.756,0.0945,1.0,0.08,1.2022,2.0559,1.0559,2.3095,1.3095,26.6336,2.0653,26.39,2.0556,100.0,0.0,0.0,0.0,25.25,0.0,26.375,0.0,26.5,0.0,25.375,10.0,0.0,0.0107,52.5859,5.2586,2.0,17.0367,1.4926,0.6148,1.4307,0.0215,1.366,1.005e-05,1.0012,0.012,2.0122,8.0,0.0774,1.0021,0.1519,2.4034,0.0058,0.983,0.0598,1.9984,0.0,0.0,0.0,29.9882,26.0,25.0,38.0,38.0,15.0,0.0,0.0,0.0,64.0,48.5116,0.0,41.1868,0.0,0.0
22391.0,1.7551,0.0944,1.0,0.08,1.2022,2.0556,1.0556,2.3098,1.3098,26.7875,2.0715,26.3911,2.0556,100.0,0.0,0.0,0.0,25.25,0.0,26.375,0.0,26.625,0.0,25.5,10.0,0.0,0.0097,52.586,5.2586,2.0,17.2294,1.4945,0.6412,1.4336,0.0201,1.3658,1.005e-05,1.0011,0.012,2.0117,8.0,0.0717,1.0019,0.1529,2.4062,0.0058,0.9842,0.0677,2.0522,0.0,0.0,0.0,29.9881,26.0,25.0,38.0,38.0,14.0,0.0,0.0,0.0,64.0,48.6845,0.0,41.1872,0.0,0.0
22392.0,1.755,0.0944,1.0,0.0801,1.2025,2.0557,1.0557,2.3101,1.3101,26.8403,2.0736,26.3748,2.055,100.0,0.0,0.0,0.0,25.25,0.0,26.375,0.0,26.5,0.0,25.5,10.0,0.0,0.0101,52.5856,5.2586,2.0,17.514,1.4974,0.7145,1.4416,0.0195,1.3658,1.005e-05,1.0011,0.012,2.0117,8.0,0.07,1.0019,0.1602,2.4264,0.0068,1.0563,0.0634,2.024,0.0,0.0,0.0,29.9879,26.0,25.0,38.0,38.0,13.0,0.0,0.0,0.0,64.0,48.8691,0.0,41.1873,0.0,0.0
22393.0,1.758,0.0948,1.0,0.0797,1.2015,2.0561,1.0561,2.3098,1.3098,26.767,2.0707,26.3777,2.0551,100.0,0.0,0.0,0.0,25.5,0.0,26.375,0.0,26.5,0.0,25.5,10.0,0.0,0.0102,52.5856,5.2586,2.0,17.4632,1.4968,0.6321,1.4326,0.0184,1.3656,1.004e-05,1.0009,0.012,2.0114,8.0,0.0668,1.0018,0.1387,2.364,0.0065,1.032,0.0584,1.9883,0.0,0.0,0.0,29.9881,26.0,25.0,38.0,37.0,13.0,0.0,0.0,0.0,64.0,49.0417,0.0,41.1868,0.0,0.0
22394.0,1.7567,0.0946,1.0,0.0799,1.2019,2.0559,1.0559,2.31,1.31,26.6174,2.0647,26.3627,2.0545,100.0,0.0,0.0,0.0,25.375,0.0,26.5,0.0,26.5,0.0,25.5,10.0,0.0,0.0106,52.5854,5.2585,2.0,17.7644,1.4998,0.7324,1.4435,0.0198,1.3658,1.005e-05,1.0011,0.012,2.011,8.0,0.0704,1.0019,0.1359,2.3552,0.0057,0.9786,0.055,1.9625,0.0,0.0,0.0,29.9879,26.0,25.0,38.0,37.0,14.0,0.0,0.0,0.0,64.0,49.2543,0.0,41.1869,0.0,0.0
22395.0,1.7551,0.0944,1.0,0.0799,1.2019,2.0557,1.0557,2.3099,1.3099,26.6364,2.0655,26.3798,2.0552,100.0,0.0,0.0,0.0,25.375,0.0,26.375,0.0,26.5,0.0,25.375,10.0,0.0,0.0106,52.5858,5.2586,2.0,18.2544,1.5045,0.8997,1.4618,0.0202,1.3658,1.005e-05,1.0011,0.012,2.0107,8.0,0.0726,1.0019,0.1164,2.2879,0.0063,1.02,0.0682,2.0558,0.0,0.0,0.0,29.9878,26.0,25.0,38.0,37.0,14.0,0.0,0.0,0.0,64.0,49.4108,0.0,41.1869,0.0,0.0
22396.0,1.7568,0.0946,1.0,0.08,1.2022,2.0556,1.0556,2.3095,1.3095,26.8108,2.0724,26.4016,2.0561,100.0,0.0,0.0,0.0,25.375,0.0,26.375,0.0,26.5,0.0,25.375,10.0,0.0,0.0105,52.5853,5.2585,2.0,18.7098,1.5088,0.8835,1.46,0.0207,1.3659,1.005e-05,1.0012,0.012,2.0106,8.0,0.0745,1.002,0.1286,2.3312,0.006,1.001,0.064,2.0278,0.0,0.0,0.0,29.9883,26.0,25.0,38.0,37.0,16.0,0.0,0.0,0.0,64.0,49.6013,0.0,41.1874,0.0,0.0
22397.0,1.751,0.0939,1.0,0.0799,1.2019,2.0558,1.0558,2.3099,1.3099,26.854,2.0742,26.3864,2.0555,100.0,0.0,0.0,0.0,25.25,0.0,26.375,0.0,26.625,0.0,25.5,10.0,0.0,0.0105,52.5852,5.2585,2.0,18.6002,1.5078,0.8019,1.4511,0.0192,1.3657,1.004e-05,1.001,0.012,2.0102,8.0,0.0677,1.0018,0.1076,2.2536,0.0062,1.0151,0.0623,2.0164,0.0,0.0,0.0,29.9883,26.0,25.0,38.0,38.0,12.0,0.0,0.0,0.0,64.0,49.7811,0.0,41.1869,0.0,0.0
22398.0,1.7507,0.0938,1.0,0.0797,1.2014,2.0561,1.0561,2.3098,1.3098,26.7813,2.0713,26.3777,2.0551,100.0,0.0,0.0,0.0,25.25,0.0,26.375,0.0,26.75,0.0,25.5,10.0,0.0,0.0094,52.5852,5.2585,2.0,18.5185,1.507,0.7208,1.4423,0.019,1.3657,1.004e-05,1.001,0.012,2.01,8.0,0.0655,1.0017,0.1259,2.3219,0.0059,0.9932,0.0689,2.0598,0.0,0.0,0.0,29.9881,26.0,25.0,38.0,38.0,15.0,0.0,0.0,0.0,64.0,49.9921,0.0,41.1872,0.0,0.0
22399.0,1.7503,0.0938,1.0,0.0798,1.2016,2.0562,1.0562,2.3098,1.3098,26.6747,2.067,26.3741,2.055,100.0,0.0,0.0,0.0,25.25,0.0,26.5,0.0,26.5,0.0,25.5,10.0,0.0,0.0103,52.5851,5.2585,2.0,18.4733,1.5066,0.6627,1.4359,0.0194,1.3658,1.004e-05,1.001,0.012,2.0098,8.0,0.0682,1.0018,0.099,2.2175,0.0056,0.9664,0.0736,2.0886,0.0,0.0,0.0,29.9877,26.0,25.0,38.0,38.0,13.0,0.0,0.0,0.0,64.0,50.1778,0.0,41.1868,0.0,0.0
22400.0,1.7508,0.0939,1.0,0.0798,1.2016,2.0559,1.0559,2.3099,1.3099,26.5951,2.0638,26.373,2.0549,100.0,0.0,0.0,0.0,25.375,0.0,26.375,0.0,26.5,0.0,25.5,10.0,0.0,0.0098,52.585,5.2585,2.0,18.5101,1.507,0.664,1.4361,0.021,1.3659,1.005e-05,1.0011,0.012,2.0099,8.0,0.0717,1.0019,0.1115,2.2692,0.0059,0.994,0.0647,2.0327,0.0,0.0,0.0,29.9883,26.0,25.0,38.0,38.0,13.0,0.0,0.0,0.0,64.0,50.3633,0.0,41.1872,0.0,0.0
22401.0,1.7518,0.094,1.0,0.0799,1.2019,2.0553,1.0553,2.3095,1.3095,26.7299,2.0692,26.3897,2.0556,100.0,0.0,0.0,0.0,25.25,0.0,26.375,0.0,26.5,0.0,25.5,10.0,0.0,0.01,52.5849,5.2585,2.0,18.5373,1.5072,0.6254,1.4319,0.0212,1.3659,1.005e-05,1.0012,0.012,2.0097,8.0,0.0745,1.002,0.0981,2.2134,0.0065,1.0322,0.0654,2.0377,0.0,0.0,0.0,29.9884,26.0,25.0,38.0,38.0,15.0,0.0,0.0,0.0,64.0,50.5348,0.0,41.188,0.0,0.0
22402.0,1.7501,0.0938,1.0,0.0803,1.2031,2.0553,1.0553,2.3098,1.3098,26.8571,2.0743,26.3793,2.0552,100.0,0.0,0.0,0.0,25.375,0.0,26.5,0.0,26.5,0.0,25.375,10.0,0.0,0.0099,52.5847,5.2584,2.0,18.7895,1.5096,0.6849,1.4384,0.0213,1.366,1.005e-05,1.0012,0.012,2.01,8.0,0.0742,1.002,0.0846,2.149,0.0062,1.0127,0.0657,2.0395,0.0,0.0,0.0,29.9879,26.0,25.0,38.0,38.0,13.0,0.0,0.0,0.0,64.0,50.7353,0.0,41.1874,0.0,0.0
22403.0,1.7481,0.0935,1.0,0.08,1.2023,2.0557,1.0557,2.3102,1.3102,26.8055,2.0722,26.36,2.0544,100.0,0.0,0.0,0.0,25.375,0.0,26.375,0.0,26.375,0.0,25.5,10.0,0.0,0.0103,52.5844,5.2585,2.0,18.9111,1.5107,0.62,1.4313,0.0203,1.3658,1.005e-05,1.0011,0.012,2.0097,8.0,0.0718,1.0019,0.0948,2.1985,0.0059,0.9942,0.0592,1.9943,0.0,0.0,0.0,29.9884,26.0,25.0,38.0,38.0,15.0,0.0,0.0,0.0,64.0,50.8851,0.0,41.187,0.0,0.0
22404.0,1.7461,0.0933,1.0,0.08,1.2023,2.0561,1.0561,2.3098,1.3098,26.6861,2.0674,26.3698,2.0548,100.0,0.0,0.0,0.0,25.25,0.0,26.5,0.0,26.375,0.0,25.375,10.0,0.0,0.0101,52.5845,5.2584,2.0,18.5805,1.5076,0.5298,1.4214,0.0195,1.3658,1.004e-05,1.001,0.012,2.0092,8.0,0.0683,1.0018,0.0767,2.1066,0.0059,0.9933,0.0602,2.0014,0.0,0.0,0.0,29.9875,26.0,25.0,38.0,38.0,13.0,0.0,0.0,0.0,64.0,51.078,0.0,41.1871,0.0,0.0
22405.0,1.7486,0.0936,1.0,0.0798,1.2016,2.0565,1.0565,2.3096,1.3096,26.5984,2.0639,26.3793,2.0552,100.0,0.0,0.0,0.0,25.375,0.0,26.375,0.0,26.5,0.0,25.5,10.0,0.0,0.0095,52.5843,5.2584,2.0,18.9263,1.5108,0.6239,1.4317,0.0192,1.3657,1.004e-05,1.0009,0.012,2.0088,8.0,0.066,1.0018,0.0761,2.103,0.0059,0.9915,0.0637,2.0258,0.0,0.0,0.0,29.9875,26.0,25.0,38.0,37.0,14.0,0.0,0.0,0.0,64.0,51.3073,0.0,41.187,0.0,0.0
22406.0,1.7507,0.0938,1.0,0.0798,1.2018,2.0561,1.0561,2.3094,1.3094,26.738,2.0695,26.3998,2.056,100.0,0.0,0.0,0.0,25.375,0.0,26.375,0.0,26.625,0.0,25.375,10.0,0.0,0.0105,52.5844,5.2585,2.0,19.4342,1.5154,0.7798,1.4487,0.0195,1.3658,1.004e-05,1.001,0.012,2.0086,8.0,0.068,1.0018,0.1176,2.2923,0.0059,0.9906,0.0652,2.0358,0.0,0.0,0.0,29.9877,26.0,25.0,38.0,37.0,14.0,0.0,0.0,0.0,64.0,51.4759,0.0,41.1869,0.0,0.0
22407.0,1.755,0.0944,1.0,0.0798,1.2018,2.0556,1.0556,2.3098,1.3098,26.8559,2.0742,26.3918,2.0557,100.0,0.0,0.0,0.0,25.375,0.0,26.5,0.0,26.5,0.0,25.375,10.0,0.0,0.0104,52.5842,5.2584,2.0,19.6784,1.5176,0.8133,1.4524,0.02,1.3658,1.005e-05,1.0011,0.012,2.0084,8.0,0.0726,1.0019,0.1323,2.3435,0.0056,0.9681,0.0655,2.038,0.0,0.0,0.0,29.9878,26.0,25.0,38.0,37.0,15.0,0.0,0.0,0.0,64.0,51.6459,0.0,41.1868,0.0,0.0
22408.0,1.7614,0.0952,1.0,0.08,1.2022,2.0561,1.0561,2.3102,1.3102,26.8049,2.0722,26.3699,2.0548,100.0,0.0,0.0,0.0,25.25,0.0,26.375,0.0,26.5,0.0,25.5,10.0,0.0,0.0103,52.5836,5.2583,2.0,20.0358,1.5207,0.818,1.4529,0.0206,1.3659,1.004e-05,1.001,0.012,2.0085,8.0,0.0714,1.0019,0.1204,2.3024,0.007,1.0641,0.0797,2.1233,0.0,0.0,0.0,29.9878,26.0,25.0,38.0,37.0,15.0,0.0,0.0,0.0,64.0,51.8451,0.0,41.1872,0.0,0.0
22409.0,1.7604,0.0951,1.0,0.08,1.2021,2.0559,1.0559,2.3102,1.3102,26.6955,2.0678,26.3649,2.0546,100.0,0.0,0.0,0.0,25.25,0.0,26.375,0.0,26.5,0.0,25.375,10.0,0.0,0.0101,52.5839,5.2584,2.0,20.1935,1.5221,0.779,1.4486,0.02,1.3658,1.004e-05,1.001,0.012,2.0086,8.0,0.0702,1.0019,0.2134,2.551,0.006,1.0009,0.0754,2.0992,0.0,0.0,0.0,29.9883,26.0,25.0,38.0,38.0,13.0,0.0,0.0,0.0,64.0,52.0684,0.0,41.1873,0.0,0.0
22410.0,1.7593,0.0949,1.0,0.0798,1.2018,2.0558,1.0558,2.31,1.31,26.5996,2.064,26.3681,2.0547,100.0,0.0,0.0,0.0,25.375,0.0,26.375,0.0,26.625,0.0,25.375,10.0,0.0,0.0105,52.584,5.2584,2.0,20.3955,1.5238,0.8378,1.455,0.0189,1.3657,1.004e-05,1.001,0.012,2.0083,8.0,0.0654,1.0017,0.177,2.4699,0.0055,0.9606,0.0726,2.083,0.0,0.0,0.0,29.9876,26.0,25.0,38.0,38.0,14.0,0.0,0.0,0.0,64.0,52.2597,0.0,41.1868,0.0,0.0
22411.0,1.7556,0.0945,1.0,0.0798,1.2016,2.0554,1.0554,2.3099,1.3099,26.6847,2.0674,26.3857,2.0554,100.0,0.0,0.0,0.0,25.25,0.0,26.5,0.0,26.375,0.0,25.375,10.0,0.0,0.0099,52.5838,5.2584,2.0,20.6574,1.526,0.8718,1.4587,0.0193,1.3657,1.004e-05,1.001,0.0119,2.0074,8.0,0.0653,1.0017,0.1861,2.4917,0.0058,0.9818,0.0695,2.064,0.0,0.0,0.0,29.9872,26.0,25.0,38.0,38.0,13.0,0.0,0.0,0.0,64.0,52.4263,0.0,41.187,0.0,0.0
22412.0,1.7495,0.0937,1.0,0.0798,1.2018,2.0552,1.0552,2.31,1.31,26.8426,2.0737,26.386,2.0554,100.0,0.0,0.0,0.0,25.375,0.0,26.375,0.0,26.5,0.0,25.5,10.0,0.0,0.01,52.5839,5.2584,2.0,20.7148,1.5265,0.8223,1.4533,0.0191,1.3657,1.004e-05,1.001,0.0119,2.0074,8.0,0.0678,1.0018,0.1834,2.4851,0.006,0.9989,0.0608,2.006,0.0,0.0,0.0,29.9878,26.0,25.0,38.0,38.0,16.0,0.0,0.0,0.0,64.0,52.6112,0.0,41.1874,0.0,0.0
22413.0,1.7498,0.0937,1.0,0.08,1.2022,2.0557,1.0557,2.3103,1.3103,26.8147,2.0726,26.3701,2.0548,100.0,0.0,0.0,0.0,25.375,0.0,26.375,0.0,26.375,0.0,25.375,10.0,0.0,0.0102,52.5832,5.2583,2.0,21.2122,1.5306,0.9419,1.4664,0.0202,1.3658,1.005e-05,1.0011,0.0119,2.0074,8.0,0.0723,1.0019,0.1758,2.4669,0.0057,0.9807,0.0627,2.0191,0.0,0.0,0.0,29.9884,26.0,25.0,38.0,38.0,14.0,0.0,0.0,0.0,64.0,52.7986,0.0,41.1872,0.0,0.0
22414.0,1.7497,0.0937,1.0,0.0799,1.2019,2.0558,1.0558,2.3102,1.3102,26.7219,2.0689,26.3546,2.0542,100.0,0.0,0.0,0.0,25.375,0.0,26.375,0.0,26.625,0.0,25.5,10.0,0.0,0.0099,52.5832,5.2584,2.0,21.2528,1.531,0.8418,1.4555,0.0207,1.3659,1.005e-05,1.0012,0.0119,2.0077,8.0,0.0722,1.0019,0.1474,2.3904,0.006,0.9998,0.0722,2.0804,0.0,0.0,0.0,29.9877,26.0,25.0,38.0,38.0,16.0,0.0,0.0,0.0,64.0,52.9732,0.0,41.187,0.0,0.0
22415.0,1.7508,0.0938,1.0,0.0802,1.2029,2.0558,1.0558,2.31,1.31,26.6108,2.0644,26.3638,2.0546,100.0,0.0,0.0,0.0,25.25,0.0,26.5,0.0,26.5,0.0,25.375,10.0,0.0,0.0103,52.5834,5.2583,2.0,21.3574,1.5318,0.8163,1.4527,0.0215,1.366,1.005e-05,1.0012,0.012,2.0078,8.0,0.0746,1.002,0.1614,2.4296,0.0059,0.9906,0.0786,2.1172,0.0,0.0,0.0,29.988,26.0,25.0,38.0,38.0,14.0,0.0,0.0,0.0,64.0,53.141,0.0,41.1868,0.0,0.0
22416.0,1.7508,0.0939,1.0,0.0799,1.202,2.0554,1.0554,2.3099,1.3099,26.6554,2.0662,26.3841,2.0554,100.0,0.0,0.0,0.0,25.25,0.0,26.5,0.0,26.375,0.0,25.5,10.0,0.0,0.01,52.5833,5.2583,2.0,21.6223,1.534,0.9497,1.4672,0.0209,1.3659,1.005e-05,1.0011,0.0119,2.0069,8.0,0.0722,1.0019,0.1392,2.3654,0.0058,0.9837,0.0867,2.1599,0.0,0.0,0.0,29.9877,26.0,25.0,38.0,38.0,15.0,0.0,0.0,0.0,64.0,53.3169,0.0,41.1875,0.0,0.0
22417.0,1.7427,0.0928,1.0,0.0801,1.2026,2.0552,1.0552,2.3101,1.3101,26.8356,2.0734,26.3847,2.0554,100.0,0.0,0.0,0.0,25.25,0.0,26.5,0.0,26.5,0.0,25.5,10.0,0.0,0.0102,52.5832,5.2583,2.0,22.6544,1.5421,1.2543,1.5005,0.0194,1.3658,1.004e-05,1.001,0.0119,2.0068,8.0,0.0686,1.0018,0.1265,2.3241,0.0058,0.9834,0.0848,2.1503,0.0,0.0,0.0,29.9874,26.0,25.0,38.0,38.0,14.0,0.0,0.0,0.0,64.0,53.5045,0.0,41.1871,0.0,0.0
22418.0,1.7394,0.0924,1.0,0.0799,1.2019,2.0556,1.0556,2.3103,1.3103,26.8143,2.0726,26.362,2.0545,100.0,0.0,0.0,0.0,25.375,0.0,26.375,0.0,26.5,0.0,25.375,10.0,0.0,0.0103,52.5829,5.2583,2.0,23.8531,1.551,1.3606,1.5121,0.0192,1.3657,1.004e-05,1.001,0.0119,2.0069,8.0,0.0649,1.0017,0.2302,2.5839,0.0059,0.9963,0.0841,2.1465,0.0,0.0,0.0,29.9875,26.0,25.0,38.0,37.0,14.0,0.0,0.0,0.0,64.0,53.6803,0.0,41.1868,0.0,0.0
22419.0,1.739,0.0924,1.0,0.0798,1.2016,2.0558,1.0558,2.3102,1.3102,26.7244,2.069,26.3656,2.0546,100.0,0.0,0.0,0.0,25.375,0.0,26.375,0.0,26.375,0.0,25.375,10.0,0.0,0.0097,52.5826,5.2582,2.0,23.9892,1.552,1.2252,1.4973,0.0209,1.3659,1.005e-05,1.0012,0.0119,2.0073,8.0,0.0729,1.0019,0.2067,2.5373,0.0056,0.9667,0.0792,2.1203,0.0,0.0,0.0,29.9878,26.0,25.0,38.0,37.0,15.0,0.0,0.0,0.0,64.0,53.8912,0.0,41.187,0.0,0.0
22420.0,1.737,0.0921,1.0,0.0802,1.2028,2.0558,1.0558,2.3101,1.3101,26.601,2.064,26.3632,2.0545,100.0,0.0,0.0,0.0,25.25,0.0,26.5,0.0,26.625,0.0,25.5,10.0,0.0,0.0097,52.583,5.2583,2.0,23.7494,1.5503,1.0978,1.4834,0.021,1.3659,1.005e-05,1.0013,0.0119,2.0065,8.0,0.0773,1.0021,0.1767,2.4692,0.0063,1.0179,0.0762,2.1037,0.0,0.0,0.0,29.9878,26.0,25.0,38.0,37.0,13.0,0.0,0.0,0.0,64.0,54.0382,0.0,41.1871,0.0,0.0
22421.0,1.7378,0.0922,1.0,0.0799,1.202,2.0558,1.0558,2.3096,1.3096,26.6434,2.0657,26.3823,2.0553,100.0,0.0,0.0,0.0,25.375,0.0,26.5,0.0,26.5,0.0,25.375,10.0,0.0,0.0096,52.5826,5.2583,2.0,23.4505,1.5481,0.9275,1.4648,0.02,1.3658,1.005e-05,1.0011,0.0119,2.0066,8.0,0.072,1.0019,0.1611,2.429,0.0059,0.9939,0.0668,2.0466,0.0,0.0,0.0,29.9881,26.0,25.0,38.0,37.0,13.0,0.0,0.0,0.0,64.0,54.223,0.0,41.1876,0.0,0.0
22422.0,1.7483,0.0935,1.0,0.08,1.2023,2.0551,1.0551,2.3099,1.3099,26.8023,2.0721,26.3907,2.0556,100.0,0.0,0.0,0.0,25.375,0.0,26.375,0.0,26.375,0.0,25.5,10.0,0.0,0.0095,52.5826,5.2583,2.0,23.3879,1.5476,1.0401,1.4771,0.0196,1.3658,1.005e-05,1.0011,0.0119,2.0066,8.0,0.0719,1.0019,0.177,2.4697,0.0056,0.9681,0.0725,2.0821,0.0,0.0,0.0,29.9874,26.0,25.0,38.0,38.0,14.0,0.0,0.0,0.0,64.0,54.3969,0.0,41.1867,0.0,0.0
22423.0,1.7515,0.0939,1.0,0.0796,1.2012,2.0554,1.0554,2.3103,1.3103,26.8416,2.0737,26.3759,2.055,100.0,0.0,0.0,0.0,25.375,0.0,26.5,0.0,26.5,0.0,25.5,10.0,0.0,0.0104,52.5825,5.2582,2.0,24.3654,1.5547,1.1881,1.4933,0.0191,1.3657,1.004e-05,1.001,0.0119,2.006,8.0,0.066,1.0018,0.1583,2.4214,0.0059,0.9911,0.0618,2.0129,0.0,0.0,0.0,29.9872,26.0,25.0,38.0,38.0,16.0,0.0,0.0,0.0,64.0,54.6017,0.0,41.187,0.0,0.0
22424.0,1.7544,0.0943,1.0,0.0799,1.2019,2.0562,1.0562,2.3101,1.3101,26.7646,2.0706,26.3723,2.0549,100.0,0.0,0.0,0.0,25.375,0.0,26.5,0.0,26.5,0.0,25.375,10.0,0.0,0.0099,52.5827,5.2583,2.0,25.0363,1.5594,1.2525,1.5003,0.0185,1.3657,1.005e-05,1.0011,0.0119,2.0063,8.0,0.0677,1.0018,0.1423,2.3749,0.0059,0.9907,0.0705,2.0699,0.0,0.0,0.0,29.9876,26.0,25.0,38.0,38.0,13.0,0.0,0.0,0.0,64.0,54.79,0.0,41.1872,0.0,0.0
22425.0,1.7571,0.0946,1.0,0.0798,1.2017,2.0562,1.0562,2.3101,1.3101,26.6409,2.0656,26.3645,2.0546,100.0,0.0,0.0,0.0,25.375,0.0,26.5,0.0,26.5,0.0,25.375,10.0,0.0,0.0096,52.5823,5.2582,2.0,25.5078,1.5627,1.3519,1.5111,0.0197,1.3658,1.005e-05,1.0011,0.0119,2.0057,8.0,0.0703,1.0019,0.2227,2.5695,0.0059,0.9921,0.0612,2.0086,0.0,0.0,0.0,29.9875,26.0,25.0,38.0,38.0,14.0,0.0,0.0,0.0,64.0,54.9642,0.0,41.1873,0.0,0.0
22426.0,1.7556,0.0944,1.0,0.08,1.2022,2.0557,1.0557,2.3098,1.3098,26.6153,2.0646,26.3765,2.0551,100.0,0.0,0.0,0.0,25.25,0.0,26.5,0.0,26.5,0.0,25.5,10.0,0.0,0.0098,52.5821,5.2582,2.0,26.1239,1.5668,1.3082,1.5064,0.021,1.3659,1.005e-05,1.0012,0.0119,2.0061,8.0,0.0743,1.002,0.213,2.5501,0.0062,1.0141,0.0649,2.0339,0.0,0.0,0.0,29.9878,26.0,25.0,38.0,37.0,14.0,0.0,0.0,0.0,64.0,55.1287,0.0,41.1874,0.0,0.0
22427.0,1.75,0.0938,1.0,0.0802,1.2029,2.0552,1.0552,2.3098,1.3098,26.7935,2.0717,26.3888,2.0556,100.0,0.0,0.0,0.0,25.375,0.0,26.5,0.0,26.5,0.0,25.5,10.0,0.0,0.0105,52.582,5.2582,2.0,26.2909,1.5679,1.2459,1.4996,0.0218,1.366,1.005e-05,1.0012,0.0119,2.0063,8.0,0.075,1.002,0.1841,2.487,0.0059,0.9952,0.0617,2.012,0.0,0.0,0.0,29.9879,26.0,25.0,38.0,37.0,15.0,0.0,0.0,0.0,64.0,55.2962,0.0,41.1875,0.0,0.0
22428.0,1.7484,0.0935,1.0,0.0799,1.2021,2.0553,1.0553,2.3102,1.3102,26.8469,2.0739,26.378,2.0551,100.0,0.0,0.0,0.0,25.375,0.0,26.375,0.0,26.5,0.0,25.375,10.0,0.0,0.0099,52.5818,5.2582,2.0,26.5113,1.5694,1.2358,1.4984,0.0208,1.3659,1.005e-05,1.0012,0.0119,2.0057,8.0,0.0732,1.002,0.2084,2.5407,0.0055,0.9643,0.0746,2.0946,0.0,0.0,0.0,29.9876,26.0,25.0,38.0,37.0,16.0,0.0,0.0,0.0,64.0,55.465,0.0,41.1869,0.0,0.0
22429.0,1.7462,0.0933,1.0,0.08,1.2022,2.0562,1.0562,2.3102,1.3102,26.7744,2.071,26.3679,2.0547,100.0,0.0,0.0,0.0,25.375,0.0,26.625,0.0,26.5,0.0,25.375,10.0,0.0,0.0098,52.5822,5.2582,2.0,26.7209,1.5707,1.1998,1.4945,0.0216,1.366,1.005e-05,1.0011,0.0119,2.006,8.0,0.0717,1.0019,0.1566,2.4166,0.006,0.9982,0.0663,2.0436,0.0,0.0,0.0,29.9875,26.0,25.0,38.0,37.0,15.0,0.0,0.0,0.0,64.0,55.6563,0.0,41.1869,0.0,0.0
22430.0,1.7445,0.0931,1.0,0.0797,1.2015,2.0562,1.0562,2.3101,1.3101,26.6612,2.0664,26.3638,2.0546,100.0,0.0,0.0,0.0,25.25,0.0,26.375,0.0,26.5,0.0,25.375,10.0,0.0,0.0098,52.5818,5.2582,2.0,26.7448,1.5709,1.1139,1.4851,0.0429,1.3683,1.005e-05,1.0011,0.0119,2.0054,8.0,0.067,1.0018,0.1757,2.4666,0.0052,0.9416,0.0586,1.9895,0.0,0.0,0.0,29.9872,26.0,25.0,38.0,38.0,14.0,0.0,0.0,0.0,64.0,55.8713,0.0,41.1867,0.0,0.0
22431.0,1.7427,0.0928,1.0,0.08,1.2021,2.0557,1.0557,2.3102,1.3102,26.6059,2.0642,26.3766,2.0551,100.0,0.0,0.0,0.0,25.25,0.0,26.5,0.0,26.5,0.0,25.625,10.0,0.0,0.0104,52.5819,5.2582,2.0,27.1838,1.5737,1.1201,1.4858,0.0599,1.3702,1.005e-05,1.0012,0.0119,2.0057,8.0,0.0741,1.002,0.1447,2.3824,0.0055,0.9634,0.0654,2.0372,0.0,0.0,0.0,29.9878,26.0,25.0,38.0,38.0,14.0,0.0,0.0,0.0,64.0,56.042,0.0,41.187,0.0,0.0
22432.0,1.7421,0.0928,1.0,0.0802,1.2028,2.0552,1.0552,2.3102,1.3102,26.7691,2.0708,26.3797,2.0552,100.0,0.0,0.0,0.0,25.375,0.0,26.5,0.0,26.5,0.0,25.5,10.0,0.0,0.0098,52.5818,5.2582,2.0,27.3271,1.5746,1.1044,1.4841,0.0674,1.371,1.005e-05,1.0012,0.0119,2.006,8.0,0.0746,1.002,0.2307,2.5849,0.0063,1.0242,0.0594,1.9955,0.0,0.0,0.0,29.9875,26.0,25.0,38.0,38.0,14.0,0.0,0.0,0.0,64.0,56.1993,0.0,41.1871,0.0,0.0
22433.0,1.7426,0.0928,1.0,0.0801,1.2027,2.0553,1.0553,2.3106,1.3106,26.8491,2.074,26.3688,2.0548,100.0,0.0,0.0,0.0,25.375,0.0,26.5,0.0,26.5,0.0,25.375,10.0,0.0,0.0105,52.5814,5.2582,2.0,27.3472,1.5748,1.0476,1.4779,0.0783,1.3722,1.005e-05,1.0012,0.0119,2.0054,8.0,0.0743,1.002,0.2045,2.5326,0.0063,1.0244,0.0611,2.0079,0.0,0.0,0.0,29.9876,26.0,25.0,38.0,38.0,13.0,0.0,0.0,0.0,64.0,56.3942,0.0,41.1872,0.0,0.0
22434.0,1.7454,0.0932,1.0,0.0801,1.2026,2.056,1.056,2.3102,1.3102,26.7965,2.0719,26.3681,2.0547,100.0,0.0,0.0,0.0,25.375,0.0,26.5,0.0,26.5,0.0,25.375,10.0,0.0,0.0107,52.5817,5.2581,2.0,28.1536,1.5798,1.2245,1.4972,0.0953,1.374,1.004e-05,1.001,0.0119,2.0053,8.0,0.0688,1.0018,0.2091,2.5422,0.0063,1.0196,0.0486,1.9082,0.0,0.0,0.0,29.9873,26.0,25.0,38.0,38.0,14.0,0.0,0.0,0.0,64.0,56.5687,0.0,41.1871,0.0,0.0
22435.0,1.7425,0.0928,1.0,0.0799,1.202,2.0563,1.0563,2.31,1.31,26.6935,2.0677,26.3739,2.055,100.0,0.0,0.0,0.0,25.375,0.0,26.375,0.0,26.625,0.0,25.375,10.0,0.0,0.0101,52.5814,5.2582,2.0,28.6706,1.583,1.237,1.4986,0.1124,1.3759,1.004e-05,1.001,0.0119,2.0052,8.0,0.0675,1.0018,0.1436,2.379,0.0059,0.9933,0.0531,1.9468,0.0,0.0,0.0,29.9875,26.0,25.0,38.0,38.0,13.0,0.0,0.0,0.0,64.0,56.7854,0.0,41.1871,0.0,0.0
22436.0,1.7429,0.0929,1.0,0.0801,1.2025,2.0562,1.0562,2.3097,1.3097,26.6001,2.064,26.3745,2.055,100.0,0.0,0.0,0.0,25.25,0.0,26.375,0.0,26.5,0.0,25.375,10.0,0.0,0.0105,52.581,5.2581,2.0,29.4378,1.5876,1.3902,1.5153,0.1311,1.3779,1.004e-05,1.0009,0.0119,2.0049,8.0,0.065,1.0017,0.1586,2.4222,0.0064,1.028,0.0485,1.9074,0.0,0.0,0.0,29.9877,26.0,25.0,38.0,38.0,14.0,0.0,0.0,0.0,64.0,56.9643,0.0,41.1869,0.0,0.0
22437.0,1.7494,0.0937,1.0,0.0799,1.202,2.0553,1.0553,2.3099,1.3099,26.704,2.0682,26.3886,2.0555,100.0,0.0,0.0,0.0,25.375,0.0,26.5,0.0,26.5,0.0,25.375,10.0,0.0,0.0105,52.5812,5.2581,2.0,29.9852,1.5908,1.3462,1.5105,0.1478,1.3798,1.005e-05,1.0011,0.0119,2.0052,8.0,0.0691,1.0018,0.173,2.4598,0.0064,1.0305,0.0479,1.9021,0.0,0.0,0.0,29.9874,26.0,25.0,38.0,38.0,12.0,0.0,0.0,0.0,64.0,57.1557,0.0,41.1879,0.0,0.0
22438.0,1.7579,0.0947,1.0,0.08,1.2023,2.0555,1.0555,2.3101,1.3101,26.8575,2.0743,26.3875,2.0555,100.0,0.0,0.0,0.0,25.25,0.0,26.375,0.0,26.5,0.0,25.5,10.0,0.0,0.01,52.5811,5.2581,2.0,30.6456,1.5945,1.353,1.5112,0.176,1.3828,1.005e-05,1.0012,0.0119,2.0055,8.0,0.0718,1.0019,0.2487,2.6175,0.0058,0.9851,0.0468,1.8924,0.0,0.0,0.0,29.9878,26.0,25.0,38.0,38.0,16.0,0.0,0.0,0.0,64.0,57.321,0.0,41.1871,0.0,0.0
22439.0,1.7618,0.0952,1.0,0.0801,1.2027,2.0562,1.0562,2.3099,1.3099,26.8081,2.0723,26.3785,2.0551,100.0,0.0,0.0,0.0,25.25,0.0,26.375,0.0,26.5,0.0,25.5,10.0,0.0,0.0099,52.581,5.2581,2.0,30.8342,1.5956,1.2864,1.504,0.1956,1.385,1.005e-05,1.0012,0.0119,2.0051,8.0,0.0746,1.002,0.2359,2.5946,0.0069,1.0596,0.0441,1.8661,0.0,0.0,0.0,29.9871,26.0,25.0,38.0,38.0,15.0,0.0,0.0,0.0,64.0,57.4938,0.0,41.1872,0.0,0.0
22440.0,1.7611,0.0951,1.0,0.08,1.2023,2.0563,1.0563,2.3098,1.3098,26.7244,2.069,26.3749,2.055,100.0,0.0,0.0,0.0,25.25,0.0,26.375,0.0,26.5,0.0,25.375,10.0,0.0,0.0103,52.5808,5.2581,2.0,30.574,1.5941,1.1888,1.4933,0.2135,1.3869,1.005e-05,1.0012,0.0119,2.005,8.0,0.0751,1.002,0.2317,2.5869,0.0063,1.0188,0.0568,1.9763,0.0,0.0,0.0,29.9875,26.0,25.0,38.0,38.0,16.0,0.0,0.0,0.0,64.0,57.6824,0.0,41.1872,0.0,0.0
22441.0,1.7534,0.0942,1.0,0.0798,1.2017,2.0562,1.0562,2.31,1.31,26.6014,2.0641,26.367,2.0547,100.0,0.0,0.0,0.0,25.375,0.0,26.5,0.0,26.5,0.0,25.5,10.0,0.0,0.0101,52.5808,5.2581,2.0,31.1315,1.5973,1.2351,1.4984,0.2339,1.3891,1.004e-05,1.001,0.0119,2.0049,8.0,0.0688,1.0018,0.2041,2.5318,0.0067,1.0489,0.0532,1.9475,0.0,0.0,0.0,29.9872,26.0,25.0,38.0,38.0,15.0,0.0,0.0,0.0,64.0,57.8658,0.0,41.1868,0.0,0.0
22442.0,1.756,0.0945,1.0,0.0798,1.2018,2.0553,1.0553,2.3099,1.3099,26.6729,2.0669,26.3835,2.0553,100.0,0.0,0.0,0.0,25.25,0.0,26.5,0.0,26.5,0.0,25.375,10.0,0.0,0.01,52.5809,5.2581,2.0,31.5125,1.5994,1.2339,1.4982,0.2562,1.3916,1.005e-05,1.0011,0.0119,2.0053,8.0,0.0697,1.0019,0.1866,2.4927,0.0062,1.0141,0.0521,1.939,0.0,0.0,0.0,29.9872,26.0,25.0,38.0,38.0,15.0,0.0,0.0,0.0,64.0,58.062,0.0,41.1871,0.0,0.0
22443.0,1.7546,0.0943,1.0,0.0801,1.2025,2.0552,1.0552,2.3101,1.3101,26.8482,2.0739,26.3752,2.055,100.0,0.0,0.0,0.0,25.25,0.0,26.375,0.0,26.5,0.0,25.5,10.0,0.0,0.0103,52.5805,5.258,2.0,31.795,1.6009,1.1694,1.4912,0.2845,1.3947,1.005e-05,1.0012,0.0119,2.0049,8.0,0.0739,1.002,0.1844,2.4877,0.0064,1.0303,0.0487,1.9091,0.0,0.0,0.0,29.9875,26.0,25.0,38.0,37.0,15.0,0.0,0.0,0.0,64.0,58.284,0.0,41.1875,0.0,0.0
22444.0,1.7553,0.0944,1.0,0.0802,1.2028,2.0557,1.0557,2.3102,1.3102,26.8243,2.073,26.3712,2.0548,100.0,0.0,0.0,0.0,25.25,0.0,26.375,0.0,26.5,0.0,25.5,10.0,0.0,0.0106,52.5803,5.258,2.0,32.1508,1.6029,1.204,1.495,0.3135,1.3978,1.005e-05,1.0012,0.0119,2.0053,8.0,0.0757,1.002,0.1534,2.4077,0.0056,0.9732,0.0507,1.9269,0.0,0.0,0.0,29.9873,26.0,25.0,38.0,37.0,13.0,0.0,0.0,0.0,64.0,58.4273,0.0,41.1873,0.0,0.0
22445.0,1.7571,0.0946,1.0,0.08,1.2023,2.0559,1.0559,2.3102,1.3102,26.7139,2.0686,26.3666,2.0547,100.0,0.0,0.0,0.0,25.375,0.0,26.375,0.0,26.5,0.0,25.5,10.0,0.0,0.0099,52.5805,5.2581,2.0,33.4242,1.6096,1.3869,1.5149,0.3347,1.4001,1.005e-05,1.0011,0.0119,2.0049,8.0,0.0721,1.0019,0.1603,2.4268,0.0057,0.979,0.0469,1.8927,0.0,0.0,0.0,29.9871,26.0,25.0,38.0,37.0,12.0,0.0,0.0,0.0,64.0,58.5279,0.0,41.187,0.0,0.0
22446.0,1.7571,0.0946,1.0,0.08,1.2022,2.0558,1.0558,2.3101,1.3101,26.5994,2.064,26.3641,2.0546,100.0,0.0,0.0,0.0,25.25,0.0,26.5,0.0,26.5,0.0,25.375,10.0,0.0,0.01,52.5806,5.258,2.0,33.934,1.6123,1.4456,1.5213,0.3585,1.4027,1.004e-05,1.001,0.0119,2.005,8.0,0.0658,1.0018,0.1433,2.3782,0.0065,1.0342,0.0475,1.8981,0.0,0.0,0.0,29.9874,26.0,25.0,38.0,37.0,14.0,0.0,0.0,0.0,64.0,58.7191,0.0,41.1867,0.0,0.0
22447.0,1.7579,0.0947,1.0,0.0796,1.2013,2.0556,1.0556,2.3099,1.3099,26.6499,2.066,26.3854,2.0554,100.0,0.0,0.0,0.0,25.375,0.0,26.375,0.0,26.5,0.0,25.375,10.0,0.0,0.01,52.5805,5.258,2.0,35.0976,1.6181,1.5953,1.5377,0.385,1.4056,1.004e-05,1.001,0.0119,2.0047,8.0,0.0671,1.0018,0.1551,2.4124,0.0062,1.0162,0.0448,1.8727,0.0,0.0,0.0,29.9873,26.0,25.0,38.0,38.0,13.0,0.0,0.0,0.0,64.0,58.9366,0.0,41.1871,0.0,0.0
22448.0,1.7559,0.0945,1.0,0.0798,1.2016,2.0555,1.0555,2.3098,1.3098,26.8231,2.0729,26.3952,2.0558,100.0,0.0,0.0,0.0,25.375,0.0,26.375,0.0,26.5,0.0,25.5,10.0,0.0,0.0099,52.58,5.258,2.0,35.6848,1.621,1.5218,1.5296,0.4148,1.4089,1.005e-05,1.0011,0.0119,2.005,8.0,0.0662,1.0018,0.2024,2.528,0.0061,1.0059,0.0599,1.9994,0.0,0.0,0.0,29.9873,26.0,25.0,38.0,38.0,13.0,0.0,0.0,0.0,64.0,59.1042,0.0,41.1871,0.0,0.0
22449.0,1.7488,0.0936,1.0,0.0799,1.2019,2.0559,1.0559,2.3103,1.3103,26.8453,2.0738,26.3776,2.0551,100.0,0.0,0.0,0.0,25.375,0.0,26.625,0.0,26.5,0.0,25.5,10.0,0.0,0.01,52.5802,5.258,2.0,36.1339,1.6232,1.5119,1.5286,0.4438,1.412,1.005e-05,1.0011,0.0119,2.0049,8.0,0.072,1.0019,0.2139,2.552,0.006,1.0014,0.0509,1.9288,0.0,0.0,0.0,29.9874,26.0,25.0,38.0,38.0,13.0,0.0,0.0,0.0,64.0,59.3022,0.0,41.1872,0.0,0.0
22450.0,1.745,0.0931,1.0,0.0802,1.2028,2.0562,1.0562,2.3102,1.3102,26.743,2.0697,26.3659,2.0546,100.0,0.0,0.0,0.0,25.375,0.0,26.5,0.0,26.5,0.0,25.375,10.0,0.0,0.0096,52.5797,5.258,2.0,36.3186,1.6241,1.3961,1.5159,0.4732,1.4153,1.005e-05,1.0012,0.0119,2.0051,8.0,0.0746,1.002,0.1569,2.4174,0.0055,0.9615,0.0492,1.9135,0.0,0.0,0.0,29.9871,26.0,25.0,38.0,38.0,14.0,0.0,0.0,0.0,64.0,59.4697,0.0,41.1868,0.0,0.0
22451.0,1.7416,0.0927,1.0,0.0801,1.2025,2.0559,1.0559,2.31,1.31,26.5995,2.064,26.3628,2.0545,100.0,0.0,0.0,0.0,25.375,0.0,26.5,0.0,26.5,0.0,25.375,10.0,0.0,0.0094,52.5797,5.258,2.0,37.3141,1.6287,1.447,1.5215,0.5024,1.4184,1.005e-05,1.0012,0.0119,2.0048,8.0,0.0736,1.002,0.2699,2.653,0.0051,0.9306,0.0463,1.8876,0.0,0.0,0.0,29.9874,26.0,25.0,38.0,38.0,13.0,0.0,0.0,0.0,64.0,59.6369,0.0,41.1871,0.0,0.0
22452.0,1.7408,0.0926,1.0,0.08,1.2023,2.0555,1.0555,2.3098,1.3098,26.6506,2.066,26.3826,2.0553,100.0,0.0,0.0,0.0,25.375,0.0,26.375,0.0,26.5,0.0,25.375,10.0,0.0,0.0095,52.5798,5.258,2.0,37.2837,1.6286,1.4028,1.5167,0.5287,1.4213,1.004e-05,1.001,0.0119,2.0051,8.0,0.0659,1.0018,0.2372,2.5969,0.0061,1.0039,0.0467,1.8909,0.0,0.0,0.0,29.9871,26.0,25.0,38.0,38.0,13.0,0.0,0.0,0.0,64.0,59.8367,0.0,41.187,0.0,0.0
22453.0,1.7406,0.0926,1.0,0.0797,1.2014,2.0552,1.0552,2.3098,1.3098,26.7944,2.0718,26.3811,2.0552,100.0,0.0,0.0,0.0,25.25,0.0,26.5,0.0,26.5,0.0,25.5,10.0,0.0,0.01,52.5797,5.258,2.0,38.0772,1.6323,1.4542,1.5223,0.5534,1.424,1.005e-05,1.0011,0.0119,2.0048,8.0,0.0696,1.0019,0.2457,2.6123,0.0063,1.0231,0.0447,1.8725,0.0,0.0,0.0,29.9869,26.0,25.0,38.0,38.0,13.0,0.0,0.0,0.0,64.0,60.0238,0.0,41.1866,0.0,0.0
22454.0,1.7413,0.0927,1.0,0.08,1.2024,2.0555,1.0555,2.3101,1.3101,26.8469,2.0739,26.3716,2.0549,100.0,0.0,0.0,0.0,25.375,0.0,26.375,0.0,26.375,0.0,25.5,10.0,0.0,0.0094,52.5793,5.258,2.0,38.7279,1.6352,1.436,1.5203,0.5849,1.4274,1.005e-05,1.0012,0.0119,2.0053,8.0,0.0728,1.0019,0.1726,2.4588,0.0065,1.0341,0.0596,1.9971,0.0,0.0,0.0,29.987,26.0,25.0,38.0,38.0,15.0,0.0,0.0,0.0,64.0,60.2591,0.0,41.1866,0.0,0.0
22455.0,1.739,0.0924,1.0,0.0801,1.2025,2.0558,1.0558,2.3097,1.3097,26.7315,2.0693,26.366,2.0546,100.0,0.0,0.0,0.0,25.375,0.0,26.5,0.0,26.5,0.0,25.375,10.0,0.0,0.01,52.5793,5.2579,2.0,39.3011,1.6378,1.4556,1.5224,0.6235,1.4317,1.005e-05,1.0012,0.0119,2.0048,8.0,0.0753,1.002,0.1993,2.5213,0.0064,1.0252,0.0661,2.0419,0.0,0.0,0.0,29.9868,26.0,25.0,38.0,38.0,14.0,0.0,0.0,0.0,64.0,60.4256,0.0,41.1874,0.0,0.0
22456.0,1.7393,0.0924,1.0,0.0799,1.2021,2.0558,1.0558,2.3096,1.3096,26.6226,2.0649,26.3546,2.0542,100.0,0.0,0.0,0.0,25.375,0.0,26.375,0.0,26.5,0.0,25.375,10.0,0.0,0.0096,52.5793,5.2579,2.0,40.1355,1.6414,1.517,1.5291,0.6479,1.4343,1.005e-05,1.0011,0.0119,2.005,8.0,0.0732,1.002,0.1799,2.4769,0.0056,0.9662,0.0646,2.0318,0.0,0.0,0.0,29.987,26.0,25.0,38.0,38.0,14.0,0.0,0.0,0.0,64.0,60.6213,0.0,41.1871,0.0,0.0
22457.0,1.7385,0.0923,1.0,0.0801,1.2027,2.0555,1.0555,2.3095,1.3095,26.6245,2.065,26.3802,2.0552,100.0,0.0,0.0,0.0,25.25,0.0,26.5,0.0,26.5,0.0,25.375,10.0,0.0,0.0098,52.5792,5.2579,2.0,41.1374,1.6457,1.479,1.525,0.6758,1.4374,1.004e-05,1.001,0.0119,2.0044,8.0,0.0679,1.0018,0.1657,2.4411,0.0061,1.0048,0.0645,2.0316,0.0,0.0,0.0,29.9863,26.0,25.0,38.0,38.0,14.0,0.0,0.0,0.0,64.0,60.7821,0.0,41.1873,0.0,0.0
22458.0,1.7403,0.0925,1.0,0.0796,1.2012,2.0552,1.0552,2.3094,1.3094,26.7698,2.0708,26.3908,2.0556,100.0,0.0,0.0,0.0,25.25,0.0,26.625,0.0,26.5,0.0,25.375,10.0,0.0,0.0098,52.5792,5.2579,2.0,41.1509,1.6458,1.3858,1.5148,0.7001,1.44,1.004e-05,1.001,0.0119,2.005,8.0,0.0636,1.0017,0.1772,2.4703,0.0061,1.0094,0.0515,1.9334,0.0,0.0,0.0,29.9869,26.0,25.0,38.0,38.0,15.0,0.0,0.0,0.0,64.0,60.9951,0.0,41.1866,0.0,0.0
22459.0,1.7435,0.0929,1.0,0.0799,1.202,2.0553,1.0553,2.3098,1.3098,26.8479,2.0739,26.3745,2.055,100.0,0.0,0.0,0.0,25.25,0.0,26.5,0.0,26.5,0.0,25.5,10.0,0.0,0.0095,52.5788,5.2579,2.0,40.8159,1.6443,1.1801,1.4924,0.7267,1.4429,1.004e-05,1.001,0.0119,2.0044,8.0,0.0673,1.0018,0.147,2.3892,0.006,0.997,0.056,1.9697,0.0,0.0,0.0,29.9865,26.0,25.0,38.0,38.0,13.0,0.0,0.0,0.0,64.0,61.1736,0.0,41.1874,0.0,0.0
22460.0,1.7445,0.0931,1.0,0.0798,1.2017,2.0558,1.0558,2.3098,1.3098,26.7795,2.0712,26.3615,2.0545,100.0,0.0,0.0,0.0,25.25,0.0,26.375,0.0,26.5,0.0,25.5,10.0,0.0,0.0093,52.5792,5.2579,2.0,40.6394,1.6436,1.1369,1.4877,0.7597,1.4465,1.005e-05,1.0011,0.0119,2.005,8.0,0.0687,1.0018,0.1572,2.4182,0.0066,1.0414,0.0509,1.9284,0.0,0.0,0.0,29.9873,26.0,25.0,38.0,38.0,13.0,0.0,0.0,0.0,64.0,61.3618,0.0,41.1873,0.0,0.0
22461.0,1.7427,0.0928,1.0,0.0798,1.2018,2.0558,1.0558,2.3097,1.3097,26.6655,2.0666,26.365,2.0546,100.0,0.0,0.0,0.0,25.375,0.0,26.5,0.0,26.375,0.0,25.375,10.0,0.0,0.0097,52.579,5.2579,2.0,41.1205,1.6456,1.055,1.4787,0.7876,1.4496,1.005e-05,1.0011,0.0119,2.0053,8.0,0.0729,1.0019,0.1474,2.3904,0.0063,1.0207,0.0564,1.9731,0.0,0.0,0.0,29.9876,26.0,25.0,38.0,38.0,14.0,0.0,0.0,0.0,64.0,61.5484,0.0,41.1872,0.0,0.0
22462.0,1.7423,0.0928,1.0,0.0801,1.2025,2.0561,1.0561,2.3091,1.3091,26.6128,2.0645,26.3873,2.0555,100.0,0.0,0.0,0.0,25.375,0.0,26.375,0.0,26.625,0.0,25.5,10.0,0.0,0.0095,52.5786,5.2579,2.0,40.8873,1.6446,0.9854,1.4711,0.8226,1.4534,1.004e-05,1.001,0.0119,2.0048,8.0,0.0696,1.0019,0.1528,2.406,0.0063,1.0227,0.0506,1.9257,0.0,0.0,0.0,29.9869,26.0,25.0,38.0,38.0,15.0,0.0,0.0,0.0,64.0,61.7058,0.0,41.1874,0.0,0.0
22463.0,1.743,0.0929,1.0,0.0798,1.2017,2.0556,1.0556,2.309,1.309,26.7471,2.0699,26.3986,2.0559,100.0,0.0,0.0,0.0,25.375,0.0,26.375,0.0,26.5,0.0,25.375,10.0,0.0,0.0103,52.5789,5.2579,2.0,41.4939,1.6472,1.0523,1.4784,0.8461,1.4559,1.004e-05,1.0009,0.0119,2.0051,8.0,0.0668,1.0018,0.1383,2.3627,0.006,0.9999,0.0662,2.0425,0.0,0.0,0.0,29.9872,26.0,25.0,38.0,38.0,14.0,0.0,0.0,0.0,64.0,61.8702,0.0,41.1872,0.0,0.0
22464.0,1.7448,0.0931,1.0,0.0799,1.2019,2.0557,1.0557,2.3098,1.3098,26.8453,2.0738,26.3792,2.0552,100.0,0.0,0.0,0.0,25.25,0.0,26.375,0.0,26.375,0.0,25.375,10.0,0.0,0.0101,52.5784,5.2578,2.0,42.448,1.6511,1.1316,1.4871,0.8744,1.459,1.004e-05,1.0009,0.0119,2.0047,8.0,0.0658,1.0018,0.1839,2.4865,0.0058,0.9832,0.0618,2.0129,0.0,0.0,0.0,29.9869,26.0,25.0,38.0,38.0,13.0,0.0,0.0,0.0,64.0,62.0376,0.0,41.1867,0.0,0.0
22465.0,1.7467,0.0933,1.0,0.0797,1.2015,2.0561,1.0561,2.3099,1.3099,26.7963,2.0719,26.3741,2.055,100.0,0.0,0.0,0.0,25.25,0.0,26.5,0.0,26.5,0.0,25.5,10.0,0.0,0.0096,52.5787,5.2579,2.0,42.9945,1.6534,1.151,1.4892,0.8974,1.4615,1.005e-05,1.001,0.0119,2.0051,8.0,0.0679,1.0018,0.1746,2.464,0.0066,1.0417,0.0618,2.0126,0.0,0.0,0.0,29.987,26.0,25.0,38.0,38.0,14.0,0.0,0.0,0.0,64.0,62.2178,0.0,41.1869,0.0,0.0
22466.0,1.7451,0.0931,1.0,0.0798,1.2018,2.0562,1.0562,2.3097,1.3097,26.6632,2.0665,26.371,2.0548,100.0,0.0,0.0,0.0,25.25,0.0,26.375,0.0,26.5,0.0,25.5,10.0,0.0,0.0099,52.5784,5.2578,2.0,44.2549,1.6584,1.3476,1.5106,0.9324,1.4653,1.005e-05,1.0011,0.0119,2.0054,8.0,0.073,1.0019,0.1828,2.4838,0.0054,0.9514,0.0585,1.9894,0.0,0.0,0.0,29.9871,26.0,25.0,38.0,38.0,14.0,0.0,0.0,0.0,0.0,62.4373,0.0,41.1868,0.0,0.0
22467.0,1.7487,0.0936,1.0,0.0799,1.2019,2.0562,1.0562,2.3095,1.3095,26.5919,2.0637,26.3806,2.0552,100.0,0.0,0.0,0.0,25.25,0.0,26.375,0.0,26.625,0.0,25.5,10.0,0.0,0.01,52.5783,5.2579,2.0,45.2012,1.6621,1.2864,1.504,0.9611,1.4685,1.005e-05,1.0012,0.0119,2.0053,8.0,0.0724,1.0019,0.15,2.398,0.0057,0.9748,0.0622,2.0159,0.0,0.0,0.0,29.987,26.0,25.0,38.0,37.0,13.0,0.0,0.0,0.0,0.0,62.497,0.0,41.1869,0.0,0.0
22468.0,1.7521,0.094,1.0,0.0803,1.2031,2.0557,1.0557,2.3093,1.3093,26.7152,2.0686,26.3989,2.056,100.0,0.0,0.0,0.0,25.375,0.0,26.375,0.0,26.5,0.0,25.375,10.0,0.0,0.0101,52.578,5.2578,2.0,45.7517,1.6642,1.2781,1.5031,0.9899,1.4716,1.005e-05,1.0012,0.0119,2.0056,8.0,0.0746,1.002,0.2659,2.6465,0.0063,1.0224,0.0581,1.9862,0.0,0.0,0.0,29.9868,26.0,25.0,38.0,37.0,16.0,0.0,0.0,0.0,0.0,62.4978,0.0,41.1872,0.0,0.0
22469.0,1.7561,0.0945,1.0,0.0801,1.2024,2.0556,1.0556,2.3098,1.3098,26.8476,2.0739,26.3901,2.0556,100.0,0.0,0.0,0.0,25.25,0.0,26.375,0.0,26.5,0.0,25.375,10.0,0.0,0.0102,52.5782,5.2578,2.0,46.5528,1.6672,1.2734,1.5025,1.0133,1.4742,1.005e-05,1.0012,0.0119,2.0049,8.0,0.0764,1.002,0.2041,2.5318,0.0059,0.9918,0.0699,2.0663,0.0,0.0,0.0,29.9869,26.0,25.0,38.0,37.0,12.0,0.0,0.0,0.0,0.0,62.4976,0.0,41.1872,0.0,0.0
22470.0,1.757,0.0946,1.0,0.08,1.2023,2.0561,1.0561,2.3098,1.3098,26.806,2.0722,26.3792,2.0552,100.0,0.0,0.0,0.0,25.375,0.0,26.375,0.0,26.5,0.0,25.5,10.0,0.0,0.0095,52.5781,5.2578,2.0,46.3822,1.6665,1.2021,1.4948,1.0389,1.477,1.028e-05,1.0065,0.0119,2.0053,8.0,0.0689,1.0018,0.1966,2.5154,0.0055,0.9589,0.0702,2.068,0.0,0.0,0.0,29.9871,26.0,25.0,38.0,37.0,16.0,0.0,0.0,0.0,0.0,62.5112,0.0,41.1872,0.0,0.0
22471.0,1.7571,0.0946,1.0,0.0798,1.2018,2.0562,1.0562,2.3096,1.3096,26.7073,2.0683,26.3654,2.0546,100.0,0.0,0.0,0.0,25.375,0.0,26.5,0.0,26.5,0.0,25.5,10.0,0.0,0.0103,52.5781,5.2578,2.0,47.351,1.6701,1.2725,1.5025,1.0602,1.4793,1.064e-05,1.0144,0.0119,2.0048,8.0,0.0685,1.0018,0.1952,2.5122,0.0066,1.043,0.0704,2.0695,0.0,0.0,0.0,29.9867,26.0,25.0,38.0,37.0,14.0,0.0,0.0,0.0,0.0,62.5405,0.0,41.1868,0.0,0.0
22472.0,1.7582,0.0948,1.0,0.0798,1.2016,2.0562,1.0562,2.3092,1.3092,26.6027,2.0641,26.3681,2.0547,100.0,0.0,0.0,0.0,25.25,0.0,26.5,0.0,26.5,0.0,25.375,10.0,0.0,0.0106,52.5781,5.2578,2.0,47.5451,1.6708,1.1704,1.4913,1.0851,1.482,1.105e-05,1.0233,0.0119,2.0051,8.0,0.065,1.0017,0.1908,2.5025,0.0061,1.0098,0.0642,2.0294,0.0,0.0,0.0,29.9867,26.0,25.0,38.0,38.0,13.0,0.0,0.0,0.0,0.0,62.5402,0.0,41.1868,0.0,0.0
22473.0,1.7638,0.0955,1.0,0.0799,1.2019,2.0558,1.0558,2.3091,1.3091,26.6712,2.0668,26.3898,2.0556,100.0,0.0,0.0,0.0,25.375,0.0,26.375,0.0,26.5,0.0,25.375,10.0,0.0,0.0098,52.5779,5.2578,2.0,48.303,1.6736,1.2851,1.5038,1.1134,1.4851,1.15e-05,1.0326,0.0119,2.0055,8.0,0.0684,1.0018,0.1493,2.3961,0.0061,1.0059,0.0657,2.0397,0.0,0.0,0.0,29.987,26.0,25.0,38.0,38.0,13.0,0.0,0.0,0.0,0.0,62.5516,0.0,41.187,0.0,0.0
22474.0,1.7657,0.0957,1.0,0.0802,1.2027,2.0556,1.0556,2.3093,1.3093,26.8448,2.0738,26.3892,2.0556,100.0,0.0,0.0,0.0,25.375,0.0,26.375,0.0,26.5,0.0,25.25,10.0,0.0,0.1025,52.5779,5.2578,2.0,49.4958,1.6778,1.2694,1.5021,1.1474,1.4888,1.21e-05,1.0444,0.0119,2.0052,8.0,0.0753,1.002,0.173,2.4598,0.0064,1.0303,0.0617,2.0121,0.0,0.0,0.0,29.9868,26.0,25.0,38.0,38.0,14.0,0.0,0.0,0.0,0.0,62.5856,0.0,41.187,0.0,0.0
22475.0,1.7651,0.0956,1.0,0.08,1.2023,2.0561,1.0561,2.3094,1.3094,26.8215,2.0729,26.3802,2.0552,100.0,0.0,0.0,0.0,25.25,0.0,26.375,0.0,26.5,0.0,25.375,10.0,0.0,0.0109,52.578,5.2578,2.0,50.2786,1.6806,1.8233,1.5625,1.1656,1.4908,1.249e-05,1.0517,0.0119,2.0056,8.0,0.0736,1.002,0.138,2.3616,0.0061,1.01,0.0583,1.9872,0.0,0.0,0.0,29.9869,26.0,25.0,38.0,38.0,14.0,0.0,0.0,0.0,0.0,62.5862,0.0,41.1871,0.0,0.0
22476.0,1.7656,0.0957,1.0,0.0801,1.2024,2.0562,1.0562,2.3094,1.3094,26.7297,2.0692,26.3696,2.0548,100.0,0.0,0.0,0.0,25.25,0.0,26.375,0.0,26.5,0.0,25.5,10.0,0.0,0.011,52.578,5.2578,2.0,54.1326,1.6934,1.7692,1.5566,1.1893,1.4934,1.295e-05,1.0601,0.0119,2.0055,8.0,0.0697,1.0019,0.1741,2.4626,0.0058,0.982,0.0829,2.1406,0.0,0.0,0.0,29.9876,26.0,25.0,38.0,37.0,15.0,0.0,0.0,0.0,0.0,62.5857,0.0,41.1873,0.0,0.0
22477.0,1.7646,0.0956,1.0,0.0798,1.2018,2.056,1.056,2.3093,1.3093,26.61,2.0644,26.3632,2.0545,100.0,0.0,0.0,0.0,25.375,0.0,26.5,0.0,26.625,0.0,25.5,10.0,0.0,0.0108,52.5778,5.2578,2.0,54.2656,1.6938,1.6115,1.5394,1.2112,1.4958,1.338e-05,1.0677,0.0119,2.0052,8.0,0.0669,1.0018,0.1509,2.4005,0.0062,1.0112,0.0806,2.1284,0.0,0.0,0.0,29.9868,26.0,25.0,38.0,37.0,13.0,0.0,0.0,0.0,0.0,62.5859,0.0,41.1867,0.0,0.0
22478.0,1.7614,0.0952,1.0,0.0797,1.2015,2.0558,1.0558,2.3094,1.3094,26.6685,2.0667,26.3872,2.0555,100.0,0.0,0.0,0.0,25.375,0.0,26.375,0.0,26.5,0.0,25.375,10.0,0.0,0.0973,52.5776,5.2578,2.0,53.9583,1.6928,1.6103,1.5393,1.2366,1.4985,1.396e-05,1.0775,0.0119,2.0055,8.0,0.0651,1.0017,0.1241,2.3157,0.006,1.0025,0.0797,2.1234,0.0,0.0,0.0,29.9866,26.0,25.0,38.0,37.0,14.0,0.0,0.0,0.0,0.0,62.586,0.0,41.1874,0.0,0.0
22479.0,1.754,0.0942,1.0,0.0798,1.2018,2.0552,1.0552,2.3096,1.3096,26.8288,2.0732,26.3886,2.0555,100.0,0.0,0.0,0.0,25.25,0.0,26.375,0.0,26.625,0.0,25.5,10.0,0.0,0.0112,52.5773,5.2577,2.0,58.9984,1.7083,2.2039,1.6041,1.2591,1.501,1.446e-05,1.0857,0.0119,2.005,8.0,0.0711,1.0019,0.1307,2.338,0.0057,0.9795,0.0738,2.0898,0.0,0.0,0.0,29.9868,26.0,25.0,38.0,37.0,13.0,0.0,0.0,0.0,0.0,62.5863,0.0,41.1869,0.0,0.0
22480.0,1.7509,0.0939,1.0,0.0798,1.2017,2.0559,1.0559,2.3099,1.3099,26.8246,2.073,26.3723,2.0549,100.0,0.0,0.0,0.0,25.375,0.0,26.375,0.0,26.5,0.0,25.375,10.0,0.0,0.0107,52.5773,5.2577,2.0,59.8396,1.7108,1.8722,1.5679,1.2795,1.5032,1.5e-05,1.0942,0.0119,2.0055,8.0,0.0737,1.002,0.1803,2.4778,0.0063,1.0244,0.0617,2.0123,0.0,0.0,0.0,29.9867,26.0,25.0,38.0,38.0,16.0,0.0,0.0,0.0,0.0,62.5857,0.0,41.1873,0.0,0.0
22481.0,1.7488,0.0936,1.0,0.0801,1.2026,2.0562,1.0562,2.3098,1.3098,26.7213,2.0689,26.3674,2.0547,100.0,0.0,0.0,0.0,25.375,0.0,26.5,0.0,26.5,0.0,25.5,10.0,0.0,0.1082,52.5773,5.2578,2.0,59.3423,1.7093,1.5873,1.5368,1.2993,1.5054,1.552e-05,1.1021,0.0119,2.005,8.0,0.0749,1.002,0.1964,2.5151,0.0063,1.0193,0.0727,2.0832,0.0,0.0,0.0,29.9868,26.0,25.0,38.0,38.0,12.0,0.0,0.0,0.0,0.0,62.5867,0.0,41.1872,0.0,0.0
22482.0,1.7477,0.0935,1.0,0.0802,1.2027,2.0563,1.0563,2.3097,1.3097,26.6267,2.0651,26.3683,2.0547,100.0,0.0,0.0,0.0,25.375,0.0,26.375,0.0,26.5,0.0,25.375,10.0,0.0,0.0112,52.5772,5.2577,2.0,59.7054,1.7104,2.0644,1.5888,1.3156,1.5072,1.599e-05,1.1091,0.0119,2.0056,8.0,0.0739,1.002,0.1726,2.4588,0.0054,0.9524,0.0702,2.0683,0.0,0.0,0.0,29.9871,26.0,25.0,38.0,38.0,12.0,0.0,0.0,0.0,0.0,62.5857,0.0,41.187,0.0,0.0
22483.0,1.7459,0.0932,1.0,0.08,1.2021,2.056,1.056,2.3095,1.3095,26.6234,2.0649,26.3895,2.0556,100.0,0.0,0.0,0.0,25.375,0.0,26.5,0.0,26.5,0.0,25.5,10.0,0.0,0.0096,52.577,5.2577,2.0,62.3438,1.7179,1.7876,1.5586,1.3324,1.509,1.654e-05,1.1169,0.0119,2.0049,8.0,0.0726,1.0019,0.1936,2.5087,0.0061,1.0049,0.0757,2.1011,0.0,0.0,0.0,29.9866,26.0,25.0,38.0,38.0,14.0,0.0,0.0,0.0,0.0,62.5861,0.0,41.1873,0.0,0.0
22484.0,1.744,0.093,1.0,0.08,1.2022,2.0556,1.0556,2.3092,1.3092,26.7916,2.0717,26.4032,2.0561,100.0,0.0,0.0,0.0,25.375,0.0,26.375,0.0,26.375,0.0,25.375,10.0,0.0,0.0104,52.5771,5.2577,2.0,61.5097,1.7156,1.5381,1.5314,1.3447,1.5103,1.707e-05,1.1242,0.0119,2.0043,8.0,0.072,1.0019,0.1643,2.4376,0.0066,1.0421,0.0754,2.0994,0.0,0.0,0.0,29.9866,26.0,25.0,38.0,37.0,14.0,0.0,0.0,0.0,0.0,62.5852,0.0,41.1868,0.0,0.0
22485.0,1.7465,0.0933,1.0,0.0798,1.2018,2.0561,1.0561,2.3097,1.3097,26.8521,2.0741,26.3857,2.0554,100.0,0.0,0.0,0.0,25.375,0.0,26.375,0.0,26.5,0.0,25.5,10.0,0.0,0.0104,52.5768,5.2577,2.0,60.9032,1.7139,1.3532,1.5113,1.3591,1.5119,1.767e-05,1.1323,0.0119,2.0048,8.0,0.0705,1.0019,0.1265,2.3239,0.006,0.9981,0.0711,2.0735,0.0,0.0,0.0,29.9864,26.0,25.0,38.0,37.0,14.0,0.0,0.0,0.0,0.0,62.5854,0.0,41.1871,0.0,0.0
22486.0,1.7484,0.0936,1.0,0.08,1.2022,2.0562,1.0562,2.3098,1.3098,26.7508,2.07,26.3765,2.0551,100.0,0.0,0.0,0.0,25.375,0.0,26.625,0.0,26.5,0.0,25.375,10.0,0.0,0.0106,52.5769,5.2577,2.0,61.6607,1.716,1.3125,1.5068,1.3785,1.514,1.841e-05,1.1418,0.0119,2.0044,8.0,0.0743,1.002,0.1471,2.3894,0.0058,0.9823,0.0701,2.0678,0.0,0.0,0.0,29.9869,26.0,25.0,38.0,37.0,14.0,0.0,0.0,0.0,0.0,62.5859,0.0,41.1873,0.0,0.0
22487.0,1.7487,0.0936,1.0,0.0802,1.2027,2.0559,1.0559,2.3097,1.3097,26.6299,2.0652,26.3623,2.0545,100.0,0.0,0.0,0.0,25.25,0.0,26.5,0.0,26.5,0.0,25.375,10.0,0.0,0.0103,52.5768,5.2577,2.0,61.4317,1.7154,1.1279,1.4867,1.3889,1.5152,1.898e-05,1.1488,0.0119,2.0039,8.0,0.0756,1.002,0.1475,2.3905,0.0062,1.0133,0.0648,2.0337,0.0,0.0,0.0,29.9865,26.0,25.0,38.0,37.0,13.0,0.0,0.0,0.0,0.0,62.5861,0.0,41.1871,0.0,0.0
22488.0,1.7477,0.0935,1.0,0.0799,1.2019,2.0557,1.0557,2.3095,1.3095,26.605,2.0642,26.3764,2.0551,100.0,0.0,0.0,0.0,25.375,0.0,26.375,0.0,26.5,0.0,25.5,10.0,0.0,0.0104,52.5765,5.2576,2.0,60.8611,1.7137,1.0448,1.4776,1.394,1.5157,1.948e-05,1.1549,0.0119,2.0034,8.0,0.071,1.0019,0.1062,2.2479,0.0062,1.0162,0.0786,2.1173,0.0,0.0,0.0,29.9863,26.0,25.0,38.0,38.0,14.0,0.0,0.0,0.0,0.0,62.5856,0.0,41.1872,0.0,0.0
22489.0,1.7466,0.0933,1.0,0.0802,1.203,2.0557,1.0557,2.3095,1.3095,26.7682,2.0707,26.3975,2.0559,100.0,0.0,0.0,0.0,25.375,0.0,26.375,0.0,26.5,0.0,25.5,10.0,0.0,0.0095,52.5767,5.2577,2.0,60.7524,1.7134,0.8585,1.4573,1.4073,1.5172,2.018e-05,1.1631,0.0119,2.0042,8.0,0.0706,1.0019,0.1396,2.3667,0.0069,1.0637,0.0722,2.0807,0.0,0.0,0.0,29.9863,26.0,25.0,38.0,38.0,14.0,0.0,0.0,0.0,0.0,62.5856,0.0,41.1869,0.0,0.0
22490.0,1.7457,0.0932,1.0,0.0797,1.2015,2.0557,1.0557,2.3098,1.3098,26.8574,2.0743,26.3791,2.0552,100.0,0.0,0.0,0.0,25.375,0.0,26.375,0.0,26.5,0.0,25.5,10.0,0.0,0.0104,52.5768,5.2577,2.0,60.4273,1.7125,0.7893,1.4497,1.4166,1.5182,2.081e-05,1.1702,0.0119,2.0037,8.0,0.0666,1.0018,0.1019,2.23,0.0057,0.9763,0.0705,2.0698,0.0,0.0,0.0,29.9864,26.0,25.0,38.0,38.0,13.0,0.0,0.0,0.0,0.0,62.5857,0.0,41.1868,0.0,0.0
22491.0,1.7436,0.0929,1.0,0.0799,1.2019,2.0562,1.0562,2.3097,1.3097,26.7646,2.0706,26.3773,2.0551,100.0,0.0,0.0,0.0,25.375,0.0,26.375,0.0,26.5,0.0,25.375,10.0,0.0,0.0102,52.5767,5.2577,2.0,60.289,1.7121,0.7067,1.4407,1.419,1.5184,2.159e-05,1.1788,0.0119,2.0032,8.0,0.0666,1.0018,0.1243,2.3164,0.0059,0.9956,0.0707,2.0714,0.0,0.0,0.0,29.9865,26.0,25.0,38.0,38.0,13.0,0.0,0.0,0.0,0.0,62.586,0.0,41.1867,0.0,0.0
22492.0,1.7426,0.0928,1.0,0.0798,1.2017,2.0566,1.0566,2.3097,1.3097,26.6481,2.0659,26.372,2.0549,100.0,0.0,0.0,0.0,25.375,0.0,26.5,0.0,26.625,0.0,25.625,10.0,0.0,0.0107,52.5767,5.2577,2.0,60.8784,1.7138,0.6925,1.4392,1.4268,1.5193,2.222e-05,1.1855,0.0119,2.0029,8.0,0.0715,1.0019,0.102,2.2305,0.0063,1.0221,0.0641,2.0284,0.0,0.0,0.0,29.9865,26.0,25.0,38.0,38.0,14.0,0.0,0.0,0.0,0.0,62.5857,0.0,41.187,0.0,0.0
22493.0,1.7436,0.0929,1.0,0.0798,1.2018,2.0561,1.0561,2.3095,1.3095,26.6052,2.0642,26.3862,2.0554,100.0,0.0,0.0,0.0,25.25,0.0,26.375,0.0,26.5,0.0,25.375,10.0,0.0,0.0101,52.5763,5.2576,2.0,60.6599,1.7132,0.5373,1.4222,1.4297,1.5196,2.29e-05,1.1925,0.0119,2.0029,8.0,0.0719,1.0019,0.1003,2.2231,0.0061,1.009,0.0614,2.0102,0.0,0.0,0.0,29.9868,26.0,25.0,38.0,38.0,13.0,0.0,0.0,0.0,0.0,62.586,0.0,41.1871,0.0,0.0
22494.0,1.7458,0.0932,1.0,0.0804,1.2033,2.0557,1.0557,2.3094,1.3094,26.7598,2.0704,26.401,2.056,100.0,0.0,0.0,0.0,25.375,0.0,26.375,0.0,26.625,0.0,25.5,10.0,0.0,0.0105,52.5765,5.2577,2.0,60.7939,1.7135,0.5845,1.4274,1.4297,1.5196,2.36e-05,1.1995,0.0119,2.0016,8.0,0.0761,1.002,0.1595,2.4245,0.0064,1.0268,0.0594,1.9956,0.0,0.0,0.0,29.9868,26.0,25.0,38.0,38.0,14.0,0.0,0.0,0.0,0.0,62.5858,0.0,41.1873,0.0,0.0
22495.0,1.7509,0.0939,1.0,0.0799,1.202,2.0556,1.0556,2.3101,1.3101,26.8461,2.0738,26.382,2.0553,100.0,0.0,0.0,0.0,25.25,0.0,26.5,0.0,26.5,0.0,25.5,10.0,0.0,0.0107,52.5764,5.2576,2.0,60.4348,1.7125,0.5067,1.4189,1.4316,1.5198,2.417e-05,1.205,0.0119,2.0011,8.0,0.0674,1.0018,0.1851,2.4892,0.0056,0.9683,0.0586,1.99,0.0,0.0,0.0,29.9869,26.0,25.0,38.0,38.0,13.0,0.0,0.0,0.0,0.0,62.5859,0.0,41.1878,0.0,0.0
22496.0,1.7531,0.0941,1.0,0.0797,1.2014,2.0557,1.0557,2.3105,1.3105,26.8001,2.072,26.3702,2.0548,100.0,0.0,0.0,0.0,25.25,0.0,26.375,0.0,26.5,0.0,25.5,10.0,0.0,0.0104,52.5762,5.2576,2.0,60.2151,1.7119,0.4371,1.4113,1.4371,1.5204,2.487e-05,1.2117,0.0119,2.0011,8.0,0.0661,1.0018,0.161,2.4286,0.0064,1.0275,0.0521,1.9386,0.0,0.0,0.0,29.9862,26.0,25.0,38.0,38.0,13.0,0.0,0.0,0.0,0.0,62.5859,0.0,41.1869,0.0,0.0
22497.0,1.7544,0.0943,1.0,0.0799,1.202,2.0563,1.0563,2.3105,1.3105,26.6919,2.0677,26.37,2.0548,100.0,0.0,0.0,0.0,25.25,0.0,26.5,0.0,26.5,0.0,25.5,10.0,0.0,0.0098,52.5761,5.2576,2.0,60.5024,1.7127,0.4398,1.4116,1.433,1.52,2.552e-05,1.2176,0.0119,2.0012,8.0,0.0662,1.0018,0.1525,2.405,0.0061,1.0038,0.0503,1.923,0.0,0.0,0.0,29.9867,26.0,25.0,38.0,38.0,13.0,0.0,0.0,0.0,0.0,62.5857,0.0,41.187,0.0,0.0
22498.0,1.7552,0.0944,1.0,0.0798,1.2017,2.0561,1.0561,2.3102,1.3102,26.6027,2.0641,26.382,2.0553,100.0,0.0,0.0,0.0,25.5,0.0,26.375,0.0,26.5,0.0,25.375,10.0,0.0,0.0103,52.5761,5.2576,2.0,60.1298,1.7116,0.2697,1.3931,1.4299,1.5196,2.641e-05,1.2257,0.0119,2.0006,8.0,0.073,1.0019,0.1207,2.3037,0.0057,0.9747,0.0527,1.9434,0.0,0.0,0.0,29.9865,26.0,25.0,38.0,38.0,13.0,0.0,0.0,0.0,0.0,62.5862,0.0,41.1871,0.0,0.0
22499.0,1.7548,0.0943,1.0,0.08,1.2022,2.0556,1.0556,2.3102,1.3102,26.7225,2.0689,26.3913,2.0557,100.0,0.0,0.0,0.0,25.25,0.0,26.375,0.0,26.5,0.0,25.5,10.0,0.0,0.01,52.576,5.2576,2.0,59.8526,1.7108,0.3075,1.3972,1.4205,1.5186,2.708e-05,1.2314,0.0119,1.9999,8.0,0.0736,1.002,0.1271,2.3261,0.0058,0.9865,0.0575,1.9812,0.0,0.0,0.0,29.9866,26.0,25.0,38.0,38.0,14.0,0.0,0.0,0.0,0.0,62.5855,0.0,41.1872,0.0,0.0
22500.0,1.7544,0.0943,1.0,0.0802,1.2028,2.0552,1.0552,2.3105,1.3105,26.8474,2.0739,26.3827,2.0553,100.0,0.0,0.0,0.0,25.375,0.0,26.5,0.0,26.5,0.0,25.5,10.0,0.0,0.0103,52.5758,5.2576,2.0,59.9759,1.7112,0.3188,1.3984,1.4239,1.519,2.785e-05,1.2379,0.0119,2.0003,8.0,0.0767,1.002,0.146,2.3863,0.0065,1.0349,0.0561,1.9705,0.0,0.0,0.0,29.9868,26.0,25.0,38.0,38.0,13.0,0.0,0.0,0.0,0.0,62.5865,0.0,41.1872,0.0,0.0
22501.0,1.7539,0.0942,1.0,0.0799,1.2021,2.0557,1.0557,2.3107,1.3107,26.8088,2.0724,26.3706,2.0548,100.0,0.0,0.0,0.0,25.375,0.0,26.5,0.0,26.5,0.0,25.625,10.0,0.0,0.01,52.5758,5.2576,2.0,60.7683,1.7135,0.3475,1.4015,1.4107,1.5175,2.848e-05,1.2432,0.0119,2.0003,8.0,0.0746,1.002,0.1129,2.2745,0.0063,1.0192,0.074,2.0911,0.0,0.0,0.0,29.9865,26.0,25.0,38.0,38.0,13.0,0.0,0.0,0.0,0.0,62.5854,0.0,41.1871,0.0,0.0
22502.0,1.7523,0.094,1.0,0.0799,1.202,2.0562,1.0562,2.3103,1.3103,26.704,2.0682,26.3652,2.0546,100.0,0.0,0.0,0.0,25.375,0.0,26.5,0.0,26.375,0.0,25.5,10.0,0.0,0.0106,52.5756,5.2576,2.0,61.149,1.7146,0.4166,1.4091,1.4122,1.5177,2.922e-05,1.2491,0.0119,1.9993,8.0,0.0692,1.0018,0.1101,2.2636,0.0059,0.9935,0.063,2.0213,0.0,0.0,0.0,29.9866,26.0,25.0,38.0,38.0,14.0,0.0,0.0,0.0,0.0,62.5858,0.0,41.1873,0.0,0.0
22503.0,1.7453,0.0932,1.0,0.0799,1.2019,2.0562,1.0562,2.31,1.31,26.5889,2.0636,26.3678,2.0547,100.0,0.0,0.0,0.0,25.25,0.0,26.5,0.0,26.5,0.0,25.5,10.0,0.0,0.0104,52.5759,5.2576,2.0,61.6837,1.7161,0.417,1.4091,1.3945,1.5158,3.001e-05,1.2553,0.0118,1.9992,8.0,0.0685,1.0018,0.0888,2.1702,0.006,0.9999,0.0608,2.0056,0.0,0.0,0.0,29.9862,26.0,25.0,38.0,38.0,13.0,0.0,0.0,0.0,0.0,62.5857,0.0,41.1867,0.0,0.0
22504.0,1.743,0.0929,1.0,0.0798,1.2018,2.0557,1.0557,2.3099,1.3099,26.6895,2.0676,26.3875,2.0555,100.0,0.0,0.0,0.0,25.375,0.0,26.375,0.0,26.5,0.0,25.5,10.0,0.0,0.0103,52.5755,5.2575,2.0,61.8876,1.7166,0.515,1.4198,1.3891,1.5152,3.078e-05,1.2612,0.0118,1.9985,8.0,0.0646,1.0017,0.0958,2.203,0.0056,0.9701,0.0619,2.0135,0.0,0.0,0.0,29.9865,26.0,25.0,38.0,38.0,13.0,0.0,0.0,0.0,0.0,62.5858,0.0,41.1871,0.0,0.0
22505.0,1.7415,0.0927,1.0,0.08,1.2023,2.0556,1.0556,2.3101,1.3101,26.845,2.0738,26.3846,2.0554,100.0,0.0,0.0,0.0,25.375,0.0,26.375,0.0,26.375,0.0,25.5,10.0,0.0,0.0102,52.5756,5.2575,2.0,63.3815,1.7208,0.5896,1.428,1.3717,1.5133,3.148e-05,1.2665,0.0118,1.9987,8.0,0.0666,1.0018,0.1488,2.3943,0.0056,0.9714,0.0643,2.0298,0.0,0.0,0.0,29.9863,26.0,25.0,38.0,37.0,13.0,0.0,0.0,0.0,0.0,62.5861,0.0,41.1869,0.0,0.0
22506.0,1.7474,0.0934,1.0,0.0801,1.2025,2.0561,1.0561,2.3103,1.3103,26.8273,2.0731,26.3789,2.0552,100.0,0.0,0.0,0.0,25.375,0.0,26.375,0.0,26.375,0.0,25.5,10.0,0.0,0.0101,52.5753,5.2575,2.0,63.7917,1.7219,0.5423,1.4228,1.3697,1.5131,3.215e-05,1.2713,0.0118,1.9981,8.0,0.0735,1.002,0.1735,2.4611,0.0061,1.0078,0.0581,1.9863,0.0,0.0,0.0,29.9863,26.0,25.0,38.0,37.0,13.0,0.0,0.0,0.0,0.0,62.5856,0.0,41.1867,0.0,0.0
22507.0,1.7536,0.0942,1.0,0.0802,1.2028,2.0563,1.0563,2.3106,1.3106,26.7232,2.0689,26.3677,2.0547,100.0,0.0,0.0,0.0,25.375,0.0,26.5,0.0,26.5,0.0,25.5,10.0,0.0,0.0102,52.575,5.2575,2.0,63.2784,1.7205,0.478,1.4158,1.3614,1.5122,3.296e-05,1.2771,0.0118,1.9977,8.0,0.0762,1.002,0.1481,2.3925,0.0063,1.0212,0.0542,1.9559,0.0,0.0,0.0,29.9864,26.0,25.0,38.0,37.0,14.0,0.0,0.0,0.0,0.0,62.5857,0.0,41.1869,0.0,0.0
22508.0,1.7516,0.0939,1.0,0.08,1.2022,2.0559,1.0559,2.3104,1.3104,26.6057,2.0642,26.3639,2.0546,100.0,0.0,0.0,0.0,25.5,0.0,26.375,0.0,26.5,0.0,25.375,10.0,0.0,0.0107,52.5752,5.2575,2.0,63.3872,1.7208,0.4193,1.4094,1.3515,1.5111,3.374e-05,1.2826,0.0118,1.9978,8.0,0.0713,1.0019,0.2331,2.5895,0.0068,1.0533,0.0513,1.9322,0.0,0.0,0.0,29.9865,26.0,25.0,38.0,37.0,13.0,0.0,0.0,0.0,0.0,62.5859,0.0,41.1874,0.0,0.0
22509.0,1.749,0.0936,1.0,0.08,1.2021,2.0557,1.0557,2.3103,1.3103,26.6386,2.0655,26.3819,2.0553,100.0,0.0,0.0,0.0,25.375,0.0,26.5,0.0,26.5,0.0,25.375,10.0,0.0,0.0104,52.5751,5.2575,2.0,62.761,1.7191,0.3359,1.4003,1.3243,1.5081,3.438e-05,1.2869,0.0118,1.9971,8.0,0.0705,1.0019,0.1923,2.5059,0.0065,1.0331,0.0521,1.9391,0.0,0.0,0.0,29.9864,26.0,25.0,38.0,38.0,15.0,0.0,0.0,0.0,0.0,62.5863,0.0,41.1872,0.0,0.0
22510.0,1.7531,0.0941,1.0,0.0798,1.2017,2.0553,1.0553,2.3099,1.3099,26.812,2.0725,26.3907,2.0556,100.0,0.0,0.0,0.0,25.375,0.0,26.375,0.0,26.5,0.0,25.5,10.0,0.0,0.0108,52.5753,5.2575,2.0,62.9766,1.7197,0.3591,1.4028,1.3129,1.5069,3.521e-05,1.2924,0.0118,1.9964,8.0,0.0661,1.0018,0.2866,2.6791,0.0058,0.9884,0.0466,1.89,0.0,0.0,0.0,29.986,26.0,25.0,38.0,38.0,14.0,0.0,0.0,0.0,0.0,62.5851,0.0,41.1868,0.0,0.0
22511.0,1.7571,0.0946,1.0,0.0797,1.2015,2.056,1.056,2.3103,1.3103,26.8207,2.0728,26.3728,2.0549,100.0,0.0,0.0,0.0,25.375,0.0,26.375,0.0,26.625,0.0,25.375,10.0,0.0,0.0102,52.5751,5.2575,2.0,65.0193,1.7252,0.5069,1.4189,1.2964,1.5051,3.619e-05,1.2988,0.0118,1.996,8.0,0.066,1.0018,0.2219,2.5681,0.0062,1.0127,0.044,1.8657,0.0,0.0,0.0,29.9862,26.0,25.0,38.0,38.0,14.0,0.0,0.0,0.0,0.0,62.5857,0.0,41.187,0.0,0.0
22512.0,1.7556,0.0945,1.0,0.0798,1.2016,2.0561,1.0561,2.3102,1.3102,26.7411,2.0696,26.3669,2.0547,100.0,0.0,0.0,0.0,25.375,0.0,26.5,0.0,26.375,0.0,25.5,10.0,0.0,0.0104,52.5751,5.2575,2.0,64.747,1.7245,0.4876,1.4168,1.2838,1.5037,3.694e-05,1.3036,0.0118,1.9956,8.0,0.0663,1.0018,0.2523,2.6237,0.0067,1.0495,0.0588,1.9911,0.0,0.0,0.0,29.9865,26.0,25.0,38.0,38.0,14.0,0.0,0.0,0.0,0.0,62.5858,0.0,41.1867,0.0,0.0
22513.0,1.7497,0.0937,1.0,0.0798,1.2017,2.0561,1.0561,2.31,1.31,26.6152,2.0646,26.3643,2.0546,100.0,0.0,0.0,0.0,25.375,0.0,26.5,0.0,26.5,0.0,25.375,10.0,0.0,0.0108,52.575,5.2575,2.0,64.8275,1.7247,0.4498,1.4127,1.2685,1.502,3.777e-05,1.3088,0.0118,1.9954,8.0,0.0682,1.0018,0.1956,2.5133,0.0059,0.9929,0.0531,1.9465,0.0,0.0,0.0,29.9862,26.0,25.0,38.0,38.0,14.0,0.0,0.0,0.0,0.0,62.5856,0.0,41.1866,0.0,0.0
22514.0,1.7487,0.0936,1.0,0.0799,1.2021,2.0555,1.0555,2.3102,1.3102,26.6354,2.0654,26.3791,2.0552,100.0,0.0,0.0,0.0,25.375,0.0,26.5,0.0,26.5,0.0,25.375,10.0,0.0,0.0104,52.5748,5.2575,2.0,64.7618,1.7245,0.4062,1.408,1.2419,1.4991,3.835e-05,1.3123,0.0118,1.9951,8.0,0.0704,1.0019,0.206,2.5357,0.0057,0.9808,0.0536,1.9508,0.0,0.0,0.0,29.9861,26.0,25.0,38.0,38.0,12.0,0.0,0.0,0.0,0.0,62.5856,0.0,41.1869,0.0,0.0
22515.0,1.7519,0.094,1.0,0.0801,1.2024,2.0555,1.0555,2.31,1.31,26.8254,2.073,26.3906,2.0556,100.0,0.0,0.0,0.0,25.375,0.0,26.5,0.0,26.5,0.0,25.5,10.0,0.0,0.0097,52.5749,5.2575,2.0,65.2309,1.7258,0.3971,1.407,1.2337,1.4982,3.946e-05,1.3189,0.0118,1.9949,8.0,0.076,1.002,0.2253,2.5745,0.0066,1.0396,0.0577,1.9833,0.0,0.0,0.0,29.9864,26.0,25.0,38.0,38.0,14.0,0.0,0.0,0.0,0.0,62.5857,0.0,41.1867,0.0,0.0
22516.0,1.7528,0.0941,1.0,0.0802,1.2028,2.0558,1.0558,2.3103,1.3103,26.8443,2.0738,26.3858,2.0554,100.0,0.0,0.0,0.0,25.375,0.0,26.5,0.0,26.5,0.0,25.5,10.0,0.0,0.0107,52.5748,5.2575,2.0,65.3117,1.726,0.4018,1.4075,1.2201,1.4967,4.003e-05,1.3222,0.0118,1.9948,8.0,0.075,1.002,0.1979,2.5184,0.0052,0.9403,0.0557,1.9679,0.0,0.0,0.0,29.9864,26.0,25.0,38.0,38.0,13.0,0.0,0.0,0.0,0.0,62.5855,0.0,41.1876,0.0,0.0
22517.0,1.7509,0.0939,1.0,0.0798,1.2016,2.0562,1.0562,2.3102,1.3102,26.7692,2.0708,26.369,2.0548,100.0,0.0,0.0,0.0,25.375,0.0,26.375,0.0,26.5,0.0,25.5,10.0,0.0,0.0102,52.5746,5.2574,2.0,64.5516,1.724,0.2285,1.3886,1.2004,1.4946,4.074e-05,1.3263,0.0118,1.994,8.0,0.0656,1.0017,0.1643,2.4375,0.0068,1.0546,0.0534,1.9497,0.0,0.0,0.0,29.9864,26.0,25.0,38.0,38.0,14.0,0.0,0.0,0.0,0.0,62.5857,0.0,41.1871,0.0,0.0
22518.0,1.7487,0.0936,1.0,0.0799,1.2019,2.0559,1.0559,2.3103,1.3103,26.646,2.0658,26.3625,2.0545,100.0,0.0,0.0,0.0,25.375,0.0,26.375,0.0,26.5,0.0,25.5,10.0,0.0,0.0104,52.5745,5.2574,2.0,63.7597,1.7218,0.2149,1.3871,1.1973,1.4943,4.17e-05,1.3318,0.0118,1.9937,8.0,0.065,1.0017,0.1911,2.5031,0.0065,1.0353,0.0504,1.9241,0.0,0.0,0.0,29.986,26.0,25.0,38.0,38.0,13.0,0.0,0.0,0.0,0.0,62.586,0.0,41.1871,0.0,0.0
22519.0,1.7518,0.094,1.0,0.08,1.2022,2.0557,1.0557,2.3099,1.3099,26.613,2.0645,26.371,2.0548,100.0,0.0,0.0,0.0,25.375,0.0,26.375,0.0,26.5,0.0,25.5,10.0,0.0,0.0102,52.5744,5.2574,2.0,64.68,1.7243,0.1931,1.3847,1.1739,1.4917,4.255e-05,1.3364,0.0118,1.9937,8.0,0.0704,1.0019,0.1543,2.4101,0.0056,0.9671,0.0455,1.8803,0.0,0.0,0.0,29.9861,26.0,25.0,38.0,38.0,13.0,0.0,0.0,0.0,0.0,62.5856,0.0,41.1875,0.0,0.0
22520.0,1.7558,0.0945,1.0,0.0798,1.2018,2.0553,1.0553,2.3098,1.3098,26.7532,2.0701,26.3855,2.0554,100.0,0.0,0.0,0.0,25.375,0.0,26.375,0.0,26.625,0.0,25.5,10.0,0.0,0.0101,52.5742,5.2574,2.0,63.5469,1.7212,0.0808,1.3725,1.1519,1.4893,4.321e-05,1.34,0.0118,1.9936,8.0,0.0713,1.0019,0.1692,2.4502,0.0062,1.0148,0.0465,1.8897,0.0,0.0,0.0,29.9862,26.0,25.0,38.0,38.0,13.0,0.0,0.0,0.0,0.0,62.5862,0.0,41.1871,0.0,0.0
22521.0,1.7531,0.0941,1.0,0.0798,1.2018,2.0553,1.0553,2.3102,1.3102,26.8475,2.0739,26.3726,2.0549,100.0,0.0,0.0,0.0,25.375,0.0,26.5,0.0,26.5,0.0,25.375,10.0,0.0,0.0108,52.5746,5.2575,2.0,63.5541,1.7213,0.1465,1.3796,1.1454,1.4886,4.41e-05,1.3448,0.0118,1.9929,8.0,0.0731,1.0019,0.1508,2.4002,0.006,1.002,0.0433,1.8584,0.0,0.0,0.0,29.9859,26.0,25.0,38.0,38.0,14.0,0.0,0.0,0.0,0.0,62.5858,0.0,41.1868,0.0,0.0
22522.0,1.7519,0.094,1.0,0.0804,1.2033,2.0561,1.0561,2.3103,1.3103,26.7693,2.0708,26.3681,2.0547,100.0,0.0,0.0,0.0,25.375,0.0,26.5,0.0,26.625,0.0,25.375,10.0,0.0,0.0103,52.5743,5.2575,2.0,64.337,1.7234,0.1812,1.3834,1.1211,1.4859,4.495e-05,1.3492,0.0118,1.9928,8.0,0.0784,1.0021,0.146,2.3861,0.0064,1.0276,0.0362,1.78,0.0,0.0,0.0,29.9869,26.0,25.0,38.0,38.0,13.0,0.0,0.0,0.0,0.0,62.5859,0.0,41.1876,0.0,0.0
22523.0,1.7561,0.0945,1.0,0.0798,1.2017,2.0563,1.0563,2.31,1.31,26.6338,2.0654,26.3727,2.0549,100.0,0.0,0.0,0.0,25.375,0.0,26.5,0.0,26.375,0.0,25.375,10.0,0.0,0.0104,52.5739,5.2574,2.0,64.9554,1.725,0.3332,1.4,1.0921,1.4828,4.572e-05,1.3531,0.0118,1.9924,8.0,0.0753,1.002,0.1348,2.3516,0.0067,1.0501,0.055,1.9619,0.0,0.0,0.0,29.9863,26.0,25.0,38.0,38.0,13.0,0.0,0.0,0.0,0.0,62.5858,0.0,41.187,0.0,0.0
22524.0,1.7581,0.0948,1.0,0.0801,1.2025,2.0561,1.0561,2.3099,1.3099,26.6033,2.0641,26.3765,2.0551,100.0,0.0,0.0,0.0,25.375,0.0,26.375,0.0,26.5,0.0,25.5,10.0,0.0,0.0108,52.5744,5.2575,2.0,66.4292,1.7289,0.4071,1.408,1.0702,1.4804,4.632e-05,1.3562,0.0118,1.992,8.0,0.0705,1.0019,0.1319,2.3421,0.0061,1.005,0.0534,1.9492,0.0,0.0,0.0,29.9862,26.0,25.0,38.0,38.0,14.0,0.0,0.0,0.0,0.0,62.5856,0.0,41.1872,0.0,0.0
22525.0,1.76,0.095,1.0,0.08,1.2022,2.0553,1.0553,2.3099,1.3099,26.7542,2.0702,26.3911,2.0556,100.0,0.0,0.0,0.0,25.25,0.0,26.375,0.0,26.5,0.0,25.5,10.0,0.0,0.0105,52.5746,5.2574,2.0,66.5321,1.7292,0.3796,1.4051,1.0559,1.4788,4.713e-05,1.3602,0.0118,1.9918,8.0,0.0676,1.0018,0.144,2.3803,0.0063,1.0241,0.0502,1.9221,0.0,0.0,0.0,29.9859,26.0,25.0,38.0,38.0,14.0,0.0,0.0,0.0,0.0,62.5855,0.0,41.1869,0.0,0.0
22526.0,1.763,0.0954,1.0,0.0796,1.2013,2.0552,1.0552,2.3101,1.3101,26.847,2.0739,26.3795,2.0552,100.0,0.0,0.0,0.0,25.375,0.0,26.375,0.0,26.5,0.0,25.375,10.0,0.0,0.01,52.5743,5.2574,2.0,66.7834,1.7299,0.4219,1.4097,1.0383,1.4769,4.779e-05,1.3634,0.0118,1.9913,8.0,0.0682,1.0018,0.1124,2.2726,0.006,0.9971,0.0531,1.9471,0.0,0.0,0.0,29.9863,26.0,25.0,38.0,38.0,14.0,0.0,0.0,0.0,0.0,62.5857,0.0,41.1873,0.0,0.0
22527.0,1.7616,0.0952,1.0,0.0799,1.2021,2.0558,1.0558,2.3102,1.3102,26.7712,2.0708,26.3681,2.0547,100.0,0.0,0.0,0.0,25.375,0.0,26.5,0.0,26.5,0.0,25.375,10.0,0.0,0.0102,52.5739,5.2574,2.0,67.8368,1.7326,0.5185,1.4202,1.0197,1.4749,4.87e-05,1.3678,0.0118,1.9909,8.0,0.066,1.0018,0.1288,2.3318,0.0058,0.988,0.0456,1.8807,0.0,0.0,0.0,29.9858,26.0,25.0,38.0,38.0,14.0,0.0,0.0,0.0,0.0,62.5856,0.0,41.187,0.0,0.0
22528.0,1.7602,0.095,1.0,0.0802,1.2028,2.0559,1.0559,2.3102,1.3102,26.6893,2.0676,26.3662,2.0546,100.0,0.0,0.0,0.0,25.375,0.0,26.5,0.0,26.5,0.0,25.375,10.0,0.0,0.0103,52.5735,5.2573,2.0,68.4704,1.7342,0.5304,1.4215,1.0088,1.4737,4.926e-05,1.3705,0.0117,1.9908,8.0,0.0754,1.002,0.0929,2.19,0.006,1.0035,0.0436,1.8613,0.0,0.0,0.0,29.986,26.0,25.0,38.0,38.0,13.0,0.0,0.0,0.0,0.0,62.5851,0.0,41.1872,0.0,0.0
22529.0,1.7524,0.094,1.0,0.08,1.2023,2.056,1.056,2.31,1.31,26.5993,2.064,26.3687,2.0547,100.0,0.0,0.0,0.0,25.25,0.0,26.5,0.0,26.5,0.0,25.5,10.0,0.0,0.0102,52.5735,5.2574,2.0,68.6578,1.7347,0.4595,1.4138,0.982,1.4708,4.989e-05,1.3734,0.0117,1.9907,8.0,0.0757,1.002,0.1057,2.2459,0.0057,0.9752,0.0464,1.8883,0.0,0.0,0.0,29.9859,26.0,25.0,38.0,38.0,14.0,0.0,0.0,0.0,0.0,62.5854,0.0,41.1873,0.0,0.0
22530.0,1.7611,0.0951,1.0,0.0799,1.2019,2.0557,1.0557,2.3095,1.3095,26.7021,2.0681,26.3874,2.0555,100.0,0.0,0.0,0.0,25.375,0.0,26.375,0.0,26.5,0.0,25.25,10.0,0.0,0.0104,52.5738,5.2574,2.0,68.8673,1.7352,0.505,1.4187,0.9715,1.4696,5.071e-05,1.3772,0.0117,1.99,8.0,0.0719,1.0019,0.0843,2.1476,0.0063,1.0189,0.0427,1.8523,0.0,0.0,0.0,29.9863,26.0,25.0,38.0,38.0,14.0,0.0,0.0,0.0,0.0,62.5855,0.0,41.1874,0.0,0.0
22531.0,1.7603,0.095,1.0,0.08,1.2023,2.0556,1.0556,2.3101,1.3101,26.8453,2.0738,26.3832,2.0553,100.0,0.0,0.0,0.0,25.375,0.0,26.5,0.0,26.5,0.0,25.375,10.0,0.0,0.0108,52.5738,5.2575,2.0,70.038,1.7381,0.5699,1.4258,0.9561,1.4679,5.156e-05,1.3811,0.0117,1.9894,8.0,0.069,1.0018,0.1672,2.4451,0.0058,0.9822,0.0385,1.8071,0.0,0.0,0.0,29.986,26.0,25.0,38.0,38.0,13.0,0.0,0.0,0.0,0.0,62.5857,0.0,41.1876,0.0,0.0
22532.0,1.7592,0.0949,1.0,0.0798,1.2017,2.0557,1.0557,2.3107,1.3107,26.8106,2.0724,26.3714,2.0549,100.0,0.0,0.0,0.0,25.375,0.0,26.375,0.0,26.5,0.0,25.5,10.0,0.0,0.0112,52.5739,5.2574,2.0,69.8926,1.7378,0.5128,1.4196,0.945,1.4667,5.222e-05,1.384,0.0117,1.9893,8.0,0.0689,1.0018,0.1372,2.3591,0.0063,1.0193,0.0384,1.8061,0.0,0.0,0.0,29.9859,26.0,25.0,38.0,38.0,14.0,0.0,0.0,0.0,0.0,62.5853,0.0,41.1866,0.0,0.0
22533.0,1.7521,0.094,1.0,0.0796,1.2013,2.0558,1.0558,2.3106,1.3106,26.7091,2.0684,26.366,2.0546,100.0,0.0,0.0,0.0,25.375,0.0,26.375,0.0,26.5,0.0,25.375,10.0,0.0,0.0103,52.5736,5.2574,2.0,70.2324,1.7386,0.5461,1.4232,0.9307,1.4652,5.289e-05,1.387,0.0117,1.989,8.0,0.0642,1.0017,0.1372,2.3593,0.0059,0.9956,0.0387,1.8092,0.0,0.0,0.0,29.9858,26.0,25.0,38.0,38.0,13.0,0.0,0.0,0.0,0.0,62.5859,0.0,41.187,0.0,0.0
22534.0,1.7436,0.093,1.0,0.0799,1.202,2.0558,1.0558,2.3104,1.3104,26.5974,2.0639,26.3654,2.0546,100.0,0.0,0.0,0.0,25.25,0.0,26.375,0.0,26.5,0.0,25.5,10.0,0.0,0.01,52.5734,5.2574,2.0,70.3365,1.7389,0.5038,1.4186,0.9081,1.4627,5.363e-05,1.3902,0.0117,1.9887,8.0,0.0678,1.0018,0.1382,2.3623,0.0055,0.9604,0.0592,1.9944,0.0,0.0,0.0,29.9859,26.0,25.0,38.0,38.0,13.0,0.0,0.0,0.0,0.0,62.5852,0.0,41.1866,0.0,0.0
22535.0,1.7525,0.0941,1.0,0.0799,1.202,2.0553,1.0553,2.3098,1.3098,26.6846,2.0674,26.3871,2.0555,100.0,0.0,0.0,0.0,25.25,0.0,26.5,0.0,26.5,0.0,25.5,10.0,0.0,0.0114,52.5736,5.2573,2.0,70.6771,1.7397,0.4474,1.4124,0.9013,1.462,5.447e-05,1.3938,0.0117,1.9885,8.0,0.0705,1.0019,0.1308,2.3385,0.0062,1.0172,0.063,2.021,0.0,0.0,0.0,29.9856,26.0,25.0,38.0,38.0,15.0,0.0,0.0,0.0,0.0,62.5854,0.0,41.1873,0.0,0.0
22536.0,1.7571,0.0946,1.0,0.0799,1.202,2.0551,1.0551,2.31,1.31,26.8395,2.0736,26.3823,2.0553,100.0,0.0,0.0,0.0,25.25,0.0,26.5,0.0,26.5,0.0,25.5,10.0,0.0,0.0106,52.5733,5.2574,2.0,70.6673,1.7397,0.4775,1.4157,0.8889,1.4606,5.53e-05,1.3973,0.0117,1.9882,8.0,0.0718,1.0019,0.1059,2.2467,0.0056,0.9732,0.0745,2.0942,0.0,0.0,0.0,29.9861,26.0,25.0,38.0,38.0,15.0,0.0,0.0,0.0,0.0,62.5854,0.0,41.1872,0.0,0.0
22537.0,1.7571,0.0946,1.0,0.0799,1.2021,2.0557,1.0557,2.3103,1.3103,26.8151,2.0726,26.3717,2.0549,100.0,0.0,0.0,0.0,25.375,0.0,26.5,0.0,26.5,0.0,25.5,10.0,0.0,0.0114,52.5733,5.2573,2.0,71.209,1.741,0.4515,1.4129,0.8681,1.4583,5.59e-05,1.3999,0.0117,1.9878,8.0,0.0731,1.0019,0.1292,2.3331,0.0053,0.9492,0.0644,2.0304,0.0,0.0,0.0,29.9866,26.0,25.0,38.0,38.0,12.0,0.0,0.0,0.0,0.0,62.5853,0.0,41.187,0.0,0.0
22538.0,1.7563,0.0945,1.0,0.0801,1.2026,2.0563,1.0563,2.3106,1.3106,26.699,2.068,26.3658,2.0546,100.0,0.0,0.0,0.0,25.375,0.0,26.5,0.0,26.5,0.0,25.5,10.0,0.0,0.0109,52.5735,5.2574,2.0,70.9729,1.7404,0.4035,1.4077,0.8519,1.4566,5.666e-05,1.403,0.0117,1.9876,8.0,0.075,1.002,0.1255,2.3205,0.0059,0.9955,0.0785,2.1166,0.0,0.0,0.0,29.986,26.0,25.0,38.0,37.0,14.0,0.0,0.0,0.0,0.0,62.5853,0.0,41.1871,0.0,0.0
22539.0,1.7561,0.0945,1.0,0.0798,1.2017,2.0558,1.0558,2.3105,1.3105,26.6031,2.0641,26.3629,2.0545,100.0,0.0,0.0,0.0,25.375,0.0,26.375,0.0,26.5,0.0,25.5,10.0,0.0,0.0104,52.5736,5.2574,2.0,70.6574,1.7397,0.2865,1.3949,0.8403,1.4553,5.713e-05,1.4049,0.0117,1.9868,8.0,0.0679,1.0018,0.1076,2.2537,0.0062,1.0171,0.0755,2.1001,0.0,0.0,0.0,29.9861,26.0,25.0,38.0,37.0,13.0,0.0,0.0,0.0,0.0,62.5857,0.0,41.1872,0.0,0.0
22540.0,1.7581,0.0948,1.0,0.0797,1.2016,2.0556,1.0556,2.3103,1.3103,26.6412,2.0656,26.3818,2.0553,100.0,0.0,0.0,0.0,25.25,0.0,26.5,0.0,26.5,0.0,25.5,10.0,0.0,0.0101,52.5729,5.2573,2.0,69.5599,1.7369,0.193,1.3847,0.8259,1.4537,5.785e-05,1.4078,0.0117,1.9866,8.0,0.0648,1.0017,0.1119,2.2705,0.0064,1.0311,0.0729,2.0844,0.0,0.0,0.0,29.9864,26.0,25.0,38.0,37.0,15.0,0.0,0.0,0.0,0.0,62.586,0.0,41.1877,0.0,0.0
22541.0,1.7544,0.0943,1.0,0.0797,1.2015,2.0555,1.0555,2.3099,1.3099,26.8218,2.0729,26.389,2.0556,100.0,0.0,0.0,0.0,25.375,0.0,26.375,0.0,26.5,0.0,25.5,10.0,0.0,0.0102,52.573,5.2573,2.0,69.882,1.7377,0.1975,1.3852,0.8072,1.4517,5.86e-05,1.4108,0.0117,1.9864,8.0,0.064,1.0017,0.156,2.4151,0.0068,1.0533,0.066,2.0414,0.0,0.0,0.0,29.9863,26.0,25.0,38.0,37.0,16.0,0.0,0.0,0.0,0.0,62.5858,0.0,41.187,0.0,0.0
22542.0,1.7479,0.0935,1.0,0.0799,1.2019,2.0559,1.0559,2.3101,1.3101,26.8377,2.0735,26.3798,2.0552,100.0,0.0,0.0,0.0,25.375,0.0,26.625,0.0,26.5,0.0,25.5,10.0,0.0,0.0106,52.5729,5.2573,2.0,70.1832,1.7385,0.282,1.3944,0.8013,1.4511,5.918e-05,1.4131,0.0117,1.986,8.0,0.0682,1.0018,0.1672,2.4452,0.0056,0.9698,0.0697,2.0652,0.0,0.0,0.0,29.9853,26.0,25.0,38.0,37.0,13.0,0.0,0.0,0.0,0.0,62.5856,0.0,41.1872,0.0,0.0
22543.0,1.7515,0.0939,1.0,0.0799,1.2021,2.0562,1.0562,2.31,1.31,26.7474,2.0699,26.3667,2.0547,100.0,0.0,0.0,0.0,25.25,0.0,26.375,0.0,26.5,0.0,25.375,10.0,0.0,0.0104,52.5729,5.2573,2.0,70.9012,1.7403,0.4167,1.4091,0.7889,1.4497,5.997e-05,1.4162,0.0117,1.9856,8.0,0.0715,1.0019,0.1519,2.4033,0.0057,0.9783,0.0601,2.0009,0.0,0.0,0.0,29.9853,26.0,25.0,38.0,37.0,14.0,0.0,0.0,0.0,0.0,62.5853,0.0,41.1872,0.0,0.0
22544.0,1.7529,0.0941,1.0,0.08,1.2022,2.0561,1.0561,2.31,1.31,26.6311,2.0652,26.363,2.0545,100.0,0.0,0.0,0.0,25.375,0.0,26.625,0.0,26.5,0.0,25.375,10.0,0.0,0.0105,52.5729,5.2573,2.0,72.8716,1.745,0.5029,1.4185,0.7797,1.4487,6.072e-05,1.419,0.0117,1.9855,8.0,0.0743,1.002,0.1575,2.4192,0.0059,0.9899,0.0658,2.0404,0.0,0.0,0.0,29.9856,26.0,25.0,38.0,37.0,15.0,0.0,0.0,0.0,0.0,62.5853,0.0,41.1871,0.0,0.0
22545.0,1.7508,0.0939,1.0,0.0802,1.2029,2.0556,1.0556,2.3099,1.3099,26.6348,2.0654,26.3824,2.0553,100.0,0.0,0.0,0.0,25.25,0.0,26.5,0.0,26.5,0.0,25.375,10.0,0.0,0.0101,52.5731,5.2573,2.0,73.1054,1.7456,0.4814,1.4162,0.7547,1.446,6.133e-05,1.4214,0.0117,1.9849,8.0,0.0771,1.0021,0.1286,2.331,0.0055,0.9636,0.069,2.0609,0.0,0.0,0.0,29.9863,26.0,25.0,38.0,37.0,14.0,0.0,0.0,0.0,0.0,62.5859,0.0,41.1871,0.0,0.0
22546.0,1.7507,0.0938,1.0,0.08,1.2022,2.0552,1.0552,2.3102,1.3102,26.8072,2.0723,26.39,2.0556,100.0,0.0,0.0,0.0,25.375,0.0,26.5,0.0,26.5,0.0,25.375,10.0,0.0,0.0101,52.5728,5.2573,2.0,73.2265,1.7459,0.4259,1.4101,0.7347,1.4438,6.187e-05,1.4234,0.0117,1.9847,8.0,0.0738,1.002,0.128,2.3289,0.0062,1.0121,0.0678,2.053,0.0,0.0,0.0,29.9859,26.0,25.0,38.0,38.0,14.0,0.0,0.0,0.0,0.0,62.5858,0.0,41.1874,0.0,0.0
22547.0,1.7517,0.094,1.0,0.0801,1.2025,2.0558,1.0558,2.3103,1.3103,26.837,2.0735,26.374,2.055,100.0,0.0,0.0,0.0,25.375,0.0,26.5,0.0,26.5,0.0,25.375,10.0,0.0,0.01,52.5728,5.2573,2.0,72.9808,1.7453,0.3553,1.4024,0.7227,1.4425,6.252e-05,1.4258,0.0117,1.9843,8.0,0.0733,1.002,0.1197,2.2998,0.0066,1.0426,0.0659,2.0406,0.0,0.0,0.0,29.986,26.0,25.0,38.0,38.0,13.0,0.0,0.0,0.0,0.0,62.5855,0.0,41.1867,0.0,0.0
22548.0,1.751,0.0939,1.0,0.08,1.2022,2.0562,1.0562,2.3102,1.3102,26.759,2.0704,26.3678,2.0547,100.0,0.0,0.0,0.0,25.375,0.0,26.375,0.0,26.5,0.0,25.375,10.0,0.0,0.0103,52.5728,5.2573,2.0,72.7343,1.7447,0.3451,1.4013,0.7126,1.4414,6.306e-05,1.4278,0.0117,1.9839,8.0,0.0701,1.0019,0.098,2.213,0.0061,1.0074,0.0631,2.0219,0.0,0.0,0.0,29.9861,26.0,25.0,38.0,38.0,13.0,0.0,0.0,0.0,0.0,62.5854,0.0,41.1871,0.0,0.0
22549.0,1.75,0.0938,1.0,0.0799,1.2021,2.056,1.056,2.3101,1.3101,26.6413,2.0657,26.3645,2.0546,100.0,0.0,0.0,0.0,25.375,0.0,26.5,0.0,26.625,0.0,25.375,10.0,0.0,0.0107,52.5728,5.2573,2.0,72.6283,1.7444,0.2671,1.3928,0.7075,1.4408,6.382e-05,1.4306,0.0117,1.9836,8.0,0.0675,1.0018,0.1044,2.2404,0.0055,0.9634,0.0628,2.0197,0.0,0.0,0.0,29.986,26.0,25.0,38.0,38.0,13.0,0.0,0.0,0.0,0.0,62.5854,0.0,41.1872,0.0,0.0
22550.0,1.7449,0.0931,1.0,0.0798,1.2018,2.0556,1.0556,2.3099,1.3099,26.6103,2.0644,26.3797,2.0552,100.0,0.0,0.0,0.0,25.25,0.0,26.375,0.0,26.5,0.0,25.5,10.0,0.0,0.0099,52.5726,5.2572,2.0,73.1115,1.7456,0.387,1.4059,0.6905,1.439,6.446e-05,1.433,0.0117,1.9832,8.0,0.07,1.0019,0.095,2.1994,0.0053,0.9471,0.0575,1.9812,0.0,0.0,0.0,29.9862,26.0,25.0,38.0,37.0,16.0,0.0,0.0,0.0,0.0,62.5857,0.0,41.1872,0.0,0.0
22551.0,1.7435,0.0929,1.0,0.08,1.2022,2.0553,1.0553,2.3099,1.3099,26.7752,2.071,26.3915,2.0557,100.0,0.0,0.0,0.0,25.5,0.0,26.5,0.0,26.5,0.0,25.375,10.0,0.0,0.0103,52.5722,5.2572,2.0,74.1932,1.7481,0.4691,1.4148,0.6747,1.4372,6.5e-05,1.4349,0.0117,1.9833,8.0,0.0724,1.0019,0.088,2.1662,0.0066,1.0399,0.0731,2.0855,0.0,0.0,0.0,29.9856,26.0,25.0,38.0,37.0,13.0,0.0,0.0,0.0,0.0,62.5856,0.0,41.187,0.0,0.0
22552.0,1.7446,0.0931,1.0,0.0801,1.2025,2.0554,1.0554,2.3103,1.3103,26.8461,2.0738,26.3762,2.055,100.0,0.0,0.0,0.0,25.25,0.0,26.375,0.0,26.5,0.0,25.375,10.0,0.0,0.0104,52.5723,5.2572,2.0,74.7281,1.7494,0.4451,1.4122,0.6634,1.436,6.57e-05,1.4374,0.0117,1.9829,8.0,0.075,1.002,0.0893,2.1725,0.0063,1.0227,0.0651,2.0353,0.0,0.0,0.0,29.9856,26.0,25.0,38.0,37.0,14.0,0.0,0.0,0.0,0.0,62.5849,0.0,41.187,0.0,0.0
22553.0,1.7447,0.0931,1.0,0.08,1.2024,2.0558,1.0558,2.3103,1.3103,26.7922,2.0717,26.37,2.0548,100.0,0.0,0.0,0.0,25.25,0.0,26.5,0.0,26.5,0.0,25.5,10.0,0.0,0.0104,52.5724,5.2572,2.0,75.302,1.7507,0.4612,1.414,0.6532,1.4349,6.616e-05,1.439,0.0117,1.9826,8.0,0.0757,1.002,0.0896,2.1742,0.0056,0.9703,0.0631,2.0216,0.0,0.0,0.0,29.9859,26.0,25.0,38.0,37.0,15.0,0.0,0.0,0.0,0.0,62.5857,0.0,41.1869,0.0,0.0
22554.0,1.7446,0.0931,1.0,0.08,1.2024,2.0559,1.0559,2.3102,1.3102,26.6724,2.0669,26.3662,2.0546,100.0,0.0,0.0,0.0,25.25,0.0,26.5,0.0,26.375,0.0,25.375,10.0,0.0,0.0104,52.5725,5.2572,2.0,75.072,1.7502,0.3968,1.4069,0.6483,1.4344,6.682e-05,1.4413,0.0116,1.9822,8.0,0.0776,1.0021,0.0732,2.0864,0.0056,0.9675,0.0621,2.0149,0.0,0.0,0.0,29.9855,26.0,25.0,38.0,38.0,14.0,0.0,0.0,0.0,0.0,62.5852,0.0,41.1869,0.0,0.0
22555.0,1.7456,0.0932,1.0,0.0799,1.202,2.0558,1.0558,2.3099,1.3099,26.5939,2.0638,26.3736,2.0549,100.0,0.0,0.0,0.0,25.375,0.0,26.5,0.0,26.5,0.0,25.5,10.0,0.0,0.0102,52.5723,5.2572,2.0,74.473,1.7488,0.2585,1.3918,0.6314,1.4325,6.731e-05,1.443,0.0116,1.9817,8.0,0.0736,1.002,0.0919,2.185,0.0059,0.9936,0.0641,2.0284,0.0,0.0,0.0,29.9857,26.0,25.0,38.0,38.0,15.0,0.0,0.0,0.0,0.0,62.5859,0.0,41.1875,0.0,0.0
22556.0,1.7521,0.094,1.0,0.08,1.2023,2.0553,1.0553,2.3098,1.3098,26.7661,2.0706,26.3919,2.0557,100.0,0.0,0.0,0.0,25.25,0.0,26.5,0.0,26.5,0.0,25.375,10.0,0.0,0.0104,52.5725,5.2573,2.0,73.3201,1.7461,0.1451,1.3795,0.6168,1.4309,6.796e-05,1.4452,0.0116,1.9813,8.0,0.0705,1.0019,0.0807,2.129,0.006,1.0008,0.0563,1.9727,0.0,0.0,0.0,29.986,26.0,25.0,38.0,38.0,14.0,0.0,0.0,0.0,0.0,62.5856,0.0,41.1869,0.0,0.0
22557.0,1.7523,0.094,1.0,0.08,1.2023,2.0558,1.0558,2.3102,1.3102,26.8574,2.0743,26.3887,2.0555,100.0,0.0,0.0,0.0,25.375,0.0,26.5,0.0,26.5,0.0,25.375,10.0,0.0,0.0099,52.5722,5.2573,2.0,73.3062,1.7461,0.1322,1.3781,0.6033,1.4294,6.844e-05,1.4469,0.0116,1.9808,8.0,0.0693,1.0018,0.0843,2.1475,0.0064,1.0278,0.0501,1.9221,0.0,0.0,0.0,29.9861,26.0,25.0,38.0,38.0,16.0,0.0,0.0,0.0,0.0,62.5852,0.0,41.1874,0.0,0.0
22558.0,1.7537,0.0942,1.0,0.0798,1.2018,2.0562,1.0562,2.3103,1.3103,26.7878,2.0715,26.38,2.0552,100.0,0.0,0.0,0.0,25.5,0.0,26.375,0.0,26.5,0.0,25.5,10.0,0.0,0.0105,52.5722,5.2572,2.0,73.4728,1.7465,0.1342,1.3783,0.5928,1.4283,6.905e-05,1.4489,0.0116,1.9804,8.0,0.0665,1.0018,0.0777,2.1121,0.0057,0.978,0.0515,1.9333,0.0,0.0,0.0,29.9859,26.0,25.0,38.0,38.0,13.0,0.0,0.0,0.0,0.0,62.5862,0.0,41.1874,0.0,0.0
22559.0,1.7508,0.0939,1.0,0.0798,1.2016,2.0563,1.0563,2.3102,1.3102,26.6936,2.0677,26.3681,2.0547,100.0,0.0,0.0,0.0,25.375,0.0,26.5,0.0,26.5,0.0,25.375,10.0,0.0,0.011,52.5724,5.2572,2.0,72.5114,1.7442,0.031,1.367,0.59,1.428,6.953e-05,1.4505,0.0116,1.98,8.0,0.0661,1.0018,0.1466,2.3881,0.0057,0.9813,0.0594,1.9957,0.0,0.0,0.0,29.9856,26.0,25.0,38.0,38.0,13.0,0.0,0.0,0.0,0.0,62.5857,0.0,41.1877,0.0,0.0
22560.0,1.7517,0.094,1.0,0.0798,1.2018,2.0558,1.0558,2.31,1.31,26.6033,2.0641,26.3733,2.0549,100.0,0.0,0.0,0.0,25.375,0.0,26.375,0.0,26.5,0.0,25.375,10.0,0.0,0.0096,52.5717,5.2572,2.0,71.6499,1.7421,0.0255,1.3664,0.5776,1.4266,7.016e-05,1.4526,0.0116,1.9796,8.0,0.066,1.0018,0.1246,2.3175,0.006,1.001,0.0734,2.0875,0.0,0.0,0.0,29.9859,26.0,25.0,38.0,38.0,15.0,0.0,0.0,0.0,0.0,62.5863,0.0,41.1874,0.0,0.0
22561.0,1.7559,0.0945,1.0,0.08,1.2021,2.0553,1.0553,2.3101,1.3101,26.7174,2.0687,26.3881,2.0555,100.0,0.0,0.0,0.0,25.25,0.0,26.5,0.0,26.5,0.0,25.375,10.0,0.0,0.0105,52.572,5.2572,2.0,72.2608,1.7436,-0.0392,1.3594,0.5657,1.4253,7.072e-05,1.4545,0.0116,1.9796,8.0,0.0733,1.002,0.139,2.3649,0.0057,0.9781,0.0869,2.161,0.0,0.0,0.0,29.9859,26.0,25.0,38.0,38.0,12.0,0.0,0.0,0.0,0.0,62.5855,0.0,41.1871,0.0,0.0
22562.0,1.7561,0.0945,1.0,0.0802,1.2028,2.0552,1.0552,2.3104,1.3104,26.8443,2.0738,26.3803,2.0552,100.0,0.0,0.0,0.0,25.25,0.0,26.5,0.0,26.5,0.0,25.375,10.0,0.0,0.0104,52.5722,5.2572,2.0,71.6705,1.7421,-0.0422,1.359,0.5526,1.4239,7.106e-05,1.4556,0.0116,1.9794,8.0,0.075,1.002,0.1843,2.4873,0.006,1.0017,0.0872,2.1624,0.0,0.0,0.0,29.9861,26.0,25.0,38.0,38.0,13.0,0.0,0.0,0.0,0.0,62.5857,0.0,41.1869,0.0,0.0
22563.0,1.7535,0.0942,1.0,0.0801,1.2027,2.0556,1.0556,2.3103,1.3103,26.8146,2.0726,26.3711,2.0548,100.0,0.0,0.0,0.0,25.25,0.0,26.375,0.0,26.5,0.0,25.5,10.0,0.0,0.0104,52.5721,5.2572,2.0,71.6153,1.742,-0.0585,1.3572,0.5448,1.4231,7.159e-05,1.4573,0.0116,1.9788,8.0,0.0742,1.002,0.1824,2.483,0.0057,0.9769,0.0785,2.1165,0.0,0.0,0.0,29.985,26.0,25.0,38.0,38.0,14.0,0.0,0.0,0.0,0.0,62.5857,0.0,41.1868,0.0,0.0
22564.0,1.7512,0.0939,1.0,0.08,1.2022,2.0562,1.0562,2.3102,1.3102,26.6896,2.0676,26.3659,2.0546,100.0,0.0,0.0,0.0,25.375,0.0,26.375,0.0,26.375,0.0,25.5,10.0,0.0,0.0104,52.5721,5.2572,2.0,70.9238,1.7403,-0.1462,1.3477,0.5272,1.4212,7.192e-05,1.4584,0.0116,1.9785,8.0,0.0749,1.002,0.145,2.3831,0.0059,0.9945,0.092,2.1856,0.0,0.0,0.0,29.9856,26.0,25.0,38.0,38.0,15.0,0.0,0.0,0.0,0.0,62.5852,0.0,41.1869,0.0,0.0
22565.0,1.747,0.0934,1.0,0.08,1.2021,2.0562,1.0562,2.31,1.31,26.592,2.0637,26.3697,2.0548,100.0,0.0,0.0,0.0,25.375,0.0,26.375,0.0,26.625,0.0,25.375,10.0,0.0,0.01,52.572,5.2572,2.0,70.7562,1.7399,-0.0853,1.3543,0.5203,1.4204,7.237e-05,1.4598,0.0116,1.9783,8.0,0.0739,1.002,0.1786,2.4737,0.0058,0.9884,0.0907,2.1794,0.0,0.0,0.0,29.9855,26.0,25.0,38.0,38.0,15.0,0.0,0.0,0.0,0.0,62.5857,0.0,41.1869,0.0,0.0
22566.0,1.7424,0.0928,1.0,0.08,1.2021,2.0558,1.0558,2.3099,1.3099,26.6608,2.0664,26.3954,2.0558,100.0,0.0,0.0,0.0,25.25,0.0,26.5,0.0,26.625,0.0,25.5,10.0,0.0,0.0106,52.5717,5.2572,2.0,71.498,1.7417,-0.0367,1.3596,0.5151,1.4198,7.294e-05,1.4616,0.0116,1.9779,8.0,0.073,1.0019,0.1505,2.3995,0.0066,1.0397,0.0847,2.1496,0.0,0.0,0.0,29.9859,26.0,25.0,38.0,38.0,14.0,0.0,0.0,0.0,0.0,62.5857,0.0,41.1872,0.0,0.0
22567.0,1.7404,0.0926,1.0,0.0798,1.2018,2.0556,1.0556,2.3097,1.3097,26.8284,2.0731,26.3972,2.0559,100.0,0.0,0.0,0.0,25.25,0.0,26.375,0.0,26.5,0.0,25.5,10.0,0.0,0.0106,52.5719,5.2572,2.0,70.9097,1.7403,-0.0605,1.357,0.5043,1.4187,7.338e-05,1.463,0.0116,1.9776,8.0,0.0705,1.0019,0.2254,2.5749,0.0062,1.0125,0.0918,2.1846,0.0,0.0,0.0,29.9855,26.0,25.0,38.0,38.0,14.0,0.0,0.0,0.0,0.0,62.5855,0.0,41.1871,0.0,0.0
22568.0,1.7404,0.0925,1.0,0.0801,1.2025,2.0564,1.0564,2.3099,1.3099,26.8182,2.0727,26.3811,2.0552,100.0,0.0,0.0,0.0,25.5,0.0,26.375,0.0,26.5,0.0,25.375,10.0,0.0,0.0104,52.5715,5.2572,2.0,71.2507,1.7411,-0.0727,1.3557,0.4979,1.418,7.389e-05,1.4647,0.0116,1.9773,8.0,0.0708,1.0019,0.1737,2.4615,0.0058,0.9843,0.0801,2.1256,0.0,0.0,0.0,29.9856,26.0,25.0,38.0,38.0,13.0,0.0,0.0,0.0,0.0,62.586,0.0,41.1873,0.0,0.0
22569.0,1.7476,0.0935,1.0,0.08,1.2023,2.0563,1.0563,2.3102,1.3102,26.7189,2.0688,26.3696,2.0548,100.0,0.0,0.0,0.0,25.25,0.0,26.5,0.0,26.375,0.0,25.375,10.0,0.0,0.0104,52.5718,5.2572,2.0,70.865,1.7402,-0.1133,1.3513,0.4872,1.4168,7.423e-05,1.4657,0.0116,1.9767,8.0,0.0672,1.0018,0.1662,2.4424,0.006,1.0029,0.0817,2.1342,0.0,0.0,0.0,29.9856,26.0,25.0,38.0,38.0,13.0,0.0,0.0,0.0,0.0,62.5858,0.0,41.1873,0.0,0.0
22570.0,1.7489,0.0936,1.0,0.0799,1.2021,2.0559,1.0559,2.31,1.31,26.6003,2.064,26.3641,2.0546,100.0,0.0,0.0,0.0,25.25,0.0,26.375,0.0,26.5,0.0,25.375,10.0,0.0,0.0105,52.5716,5.2572,2.0,70.4027,1.739,-0.1327,1.3492,0.4824,1.4163,7.464e-05,1.467,0.0116,1.9766,8.0,0.0663,1.0018,0.1975,2.5174,0.0067,1.0457,0.0794,2.1215,0.0,0.0,0.0,29.9858,26.0,25.0,38.0,38.0,12.0,0.0,0.0,0.0,0.0,62.5856,0.0,41.1877,0.0,0.0
22571.0,1.7495,0.0937,1.0,0.0797,1.2015,2.0558,1.0558,2.3095,1.3095,26.6594,2.0664,26.3928,2.0557,100.0,0.0,0.0,0.0,25.25,0.0,26.625,0.0,26.625,0.0,25.375,10.0,0.0,0.0103,52.5715,5.2572,2.0,71.0264,1.7406,-0.0285,1.3605,0.4748,1.4154,7.521e-05,1.4688,0.0116,1.9761,8.0,0.0716,1.0019,0.2685,2.6508,0.0062,1.0143,0.0693,2.0627,0.0,0.0,0.0,29.9857,26.0,25.0,38.0,38.0,16.0,0.0,0.0,0.0,0.0,62.5856,0.0,41.1873,0.0,0.0
22572.0,1.7501,0.0938,1.0,0.0799,1.2019,2.0555,1.0555,2.3097,1.3097,26.8022,2.0721,26.3913,2.0557,100.0,0.0,0.0,0.0,25.25,0.0,26.5,0.0,26.5,0.0,25.5,10.0,0.0,0.0105,52.5713,5.2571,2.0,71.295,1.7412,0.0001,1.3637,0.4714,1.4151,7.553e-05,1.4698,0.0116,1.9757,8.0,0.0738,1.002,0.2298,2.5831,0.0069,1.0576,0.0664,2.0438,0.0,0.0,0.0,29.9854,26.0,25.0,38.0,38.0,13.0,0.0,0.0,0.0,0.0,62.5851,0.0,41.1869,0.0,0.0
22573.0,1.7494,0.0937,1.0,0.0799,1.2019,2.0555,1.0555,2.3104,1.3104,26.8363,2.0735,26.3737,2.0549,100.0,0.0,0.0,0.0,25.375,0.0,26.375,0.0,26.5,0.0,25.375,10.0,0.0,0.0097,52.5714,5.2571,2.0,70.7849,1.74,-0.0528,1.3579,0.4559,1.4134,7.594e-05,1.471,0.0116,1.9755,8.0,0.0736,1.002,0.2352,2.5933,0.0065,1.0331,0.0719,2.0785,0.0,0.0,0.0,29.9854,26.0,25.0,38.0,38.0,14.0,0.0,0.0,0.0,0.0,62.5858,0.0,41.1876,0.0,0.0
22574.0,1.7497,0.0937,1.0,0.0801,1.2027,2.0562,1.0562,2.3103,1.3103,26.7286,2.0691,26.3658,2.0546,100.0,0.0,0.0,0.0,25.375,0.0,26.375,0.0,26.5,0.0,25.5,10.0,0.0,0.0099,52.5711,5.2571,2.0,70.7096,1.7398,-0.0726,1.3557,0.4504,1.4128,7.633e-05,1.4722,0.0116,1.9751,8.0,0.0748,1.002,0.175,2.4648,0.0062,1.017,0.0715,2.0763,0.0,0.0,0.0,29.9856,26.0,25.0,38.0,38.0,16.0,0.0,0.0,0.0,0.0,62.5853,0.0,41.1868,0.0,0.0
22575.0,1.7491,0.0936,1.0,0.0801,1.2025,2.0562,1.0562,2.3101,1.3101,26.6184,2.0647,26.3626,2.0545,100.0,0.0,0.0,0.0,25.25,0.0,26.375,0.0,26.5,0.0,25.5,10.0,0.0,0.0106,52.5713,5.2571,2.0,70.5485,1.7394,-0.0777,1.3552,0.4362,1.4112,7.662e-05,1.4731,0.0116,1.975,8.0,0.0747,1.002,0.1873,2.4943,0.0064,1.0303,0.0666,2.0454,0.0,0.0,0.0,29.9854,26.0,25.0,38.0,38.0,15.0,0.0,0.0,0.0,0.0,62.5855,0.0,41.1872,0.0,0.0
22576.0,1.746,0.0932,1.0,0.0801,1.2025,2.056,1.056,2.3099,1.3099,26.6188,2.0648,26.3832,2.0553,100.0,0.0,0.0,0.0,25.375,0.0,26.375,0.0,26.5,0.0,25.375,10.0,0.0,0.0101,52.571,5.2571,2.0,71.1452,1.7409,0.0242,1.3663,0.432,1.4108,7.696e-05,1.4741,0.0116,1.9746,8.0,0.0755,1.002,0.1733,2.4607,0.0056,0.9671,0.0587,1.9901,0.0,0.0,0.0,29.9857,26.0,25.0,38.0,38.0,16.0,0.0,0.0,0.0,0.0,62.5858,0.0,41.1874,0.0,0.0
22577.0,1.7394,0.0924,1.0,0.0802,1.2027,2.0556,1.0556,2.31,1.31,26.8247,2.073,26.3996,2.056,100.0,0.0,0.0,0.0,25.25,0.0,26.375,0.0,26.5,0.0,25.375,10.0,0.0,0.0107,52.5711,5.2571,2.0,71.6569,1.7421,0.0884,1.3733,0.4197,1.4094,7.744e-05,1.4756,0.0116,1.974,8.0,0.0717,1.0019,0.1764,2.4684,0.0065,1.0372,0.0672,2.0495,0.0,0.0,0.0,29.9856,26.0,25.0,38.0,38.0,12.0,0.0,0.0,0.0,0.0,62.5855,0.0,41.1872,0.0,0.0
22578.0,1.74,0.0925,1.0,0.08,1.2022,2.0558,1.0558,2.3103,1.3103,26.8436,2.0737,26.3764,2.0551,100.0,0.0,0.0,0.0,25.25,0.0,26.375,0.0,26.5,0.0,25.375,10.0,0.0,0.0105,52.5709,5.2571,2.0,72.2092,1.7434,0.0955,1.3741,0.409,1.4083,7.757e-05,1.4759,0.0115,1.9736,8.0,0.07,1.0019,0.1709,2.4546,0.0067,1.0448,0.0761,2.1031,0.0,0.0,0.0,29.986,26.0,25.0,38.0,38.0,14.0,0.0,0.0,0.0,0.0,62.5856,0.0,41.1873,0.0,0.0
22579.0,1.735,0.0919,1.0,0.0799,1.202,2.0562,1.0562,2.3102,1.3102,26.7519,2.0701,26.3746,2.055,100.0,0.0,0.0,0.0,25.375,0.0,26.375,0.0,26.5,0.0,25.375,10.0,0.0,0.0102,52.5712,5.2571,2.0,71.9401,1.7428,0.0639,1.3706,0.3987,1.4071,7.792e-05,1.477,0.0115,1.9732,8.0,0.068,1.0018,0.15,2.3978,0.0066,1.0426,0.0769,2.1079,0.0,0.0,0.0,29.9855,26.0,25.0,38.0,38.0,14.0,0.0,0.0,0.0,0.0,62.5851,0.0,41.1872,0.0,0.0
22580.0,1.7324,0.0916,1.0,0.08,1.2021,2.0563,1.0563,2.3101,1.3101,26.6331,2.0653,26.3654,2.0546,100.0,0.0,0.0,0.0,25.375,0.0,26.5,0.0,26.625,0.0,25.375,10.0,0.0,0.0108,52.571,5.2571,2.0,71.8768,1.7426,0.0894,1.3734,0.3979,1.407,7.836e-05,1.4783,0.0115,1.9727,8.0,0.0652,1.0017,0.1481,2.3925,0.0061,1.0084,0.0763,2.1041,0.0,0.0,0.0,29.9852,25.0,25.0,38.0,38.0,13.0,0.0,0.0,0.0,0.0,62.5855,0.0,41.1869,0.0,0.0
22581.0,1.7392,0.0924,1.0,0.0798,1.2018,2.0557,1.0557,2.3101,1.3101,26.6075,2.0643,26.3779,2.0551,100.0,0.0,0.0,0.0,25.375,0.0,26.375,0.0,26.5,0.0,25.5,10.0,0.0,0.0105,52.5708,5.2571,2.0,72.9412,1.7452,0.1932,1.3847,0.3986,1.4071,7.876e-05,1.4795,0.0115,1.9725,8.0,0.0651,1.0017,0.1376,2.3604,0.0053,0.9492,0.0769,2.1077,0.0,0.0,0.0,29.9855,25.0,25.0,38.0,38.0,14.0,0.0,0.0,0.0,0.0,62.5855,0.0,41.1875,0.0,0.0
22582.0,1.7435,0.0929,1.0,0.0803,1.2031,2.0552,1.0552,2.3103,1.3103,26.7993,2.072,26.3829,2.0553,100.0,0.0,0.0,0.0,25.25,0.0,26.375,0.0,26.375,0.0,25.5,10.0,0.0,0.0106,52.5712,5.2571,2.0,72.4153,1.7439,0.0745,1.3718,0.3909,1.4063,7.921e-05,1.4808,0.0115,1.9724,8.0,0.0757,1.002,0.1576,2.4195,0.0064,1.0278,0.0683,2.0564,0.0,0.0,0.0,29.9853,25.0,25.0,38.0,38.0,15.0,0.0,0.0,0.0,0.0,62.5857,0.0,41.1865,0.0,0.0
22583.0,1.7416,0.0927,1.0,0.0802,1.2027,2.0555,1.0555,2.3107,1.3107,26.8443,2.0738,26.3688,2.0548,100.0,0.0,0.0,0.0,25.25,0.0,26.375,0.0,26.5,0.0,25.375,10.0,0.0,0.0107,52.571,5.2571,2.0,71.8163,1.7425,0.0388,1.3679,0.3827,1.4054,7.945e-05,1.4815,0.0115,1.972,8.0,0.0764,1.002,0.1226,2.3104,0.0059,0.9924,0.0654,2.0374,0.0,0.0,0.0,29.9852,25.0,25.0,38.0,38.0,16.0,0.0,0.0,0.0,0.0,62.5856,0.0,41.1874,0.0,0.0
22584.0,1.7432,0.0929,1.0,0.08,1.2022,2.0559,1.0559,2.3103,1.3103,26.7877,2.0715,26.3693,2.0548,100.0,0.0,0.0,0.0,25.375,0.0,26.375,0.0,26.5,0.0,25.375,10.0,0.0,0.0104,52.5708,5.2571,2.0,72.3398,1.7438,0.0324,1.3672,0.375,1.4046,7.972e-05,1.4823,0.0115,1.9719,8.0,0.0748,1.002,0.1402,2.3686,0.0058,0.9838,0.0613,2.009,0.0,0.0,0.0,29.9856,26.0,25.0,38.0,38.0,14.0,0.0,0.0,0.0,0.0,62.5854,0.0,41.1872,0.0,0.0
22585.0,1.7452,0.0931,1.0,0.0801,1.2024,2.0561,1.0561,2.3103,1.3103,26.6689,2.0668,26.3641,2.0546,100.0,0.0,0.0,0.0,25.25,0.0,26.375,0.0,26.625,0.0,25.375,10.0,0.0,0.0108,52.5707,5.2571,2.0,70.8848,1.7402,-0.0461,1.3586,0.3652,1.4035,7.991e-05,1.4829,0.0115,1.9713,8.0,0.0699,1.0019,0.1196,2.2997,0.0059,0.9934,0.0649,2.0344,0.0,0.0,0.0,29.9856,26.0,25.0,38.0,38.0,16.0,0.0,0.0,0.0,0.0,62.5857,0.0,41.1868,0.0,0.0
22586.0,1.7472,0.0934,1.0,0.0801,1.2025,2.0562,1.0562,2.31,1.31,26.5919,2.0637,26.3808,2.0552,100.0,0.0,0.0,0.0,25.375,0.0,26.375,0.0,26.625,0.0,25.5,10.0,0.0,0.0107,52.5709,5.2571,2.0,71.5239,1.7418,0.0306,1.367,0.3558,1.4025,8.022e-05,1.4837,0.0115,1.9708,8.0,0.0677,1.0018,0.1257,2.3211,0.006,1.002,0.0625,2.0179,0.0,0.0,0.0,29.9853,26.0,25.0,38.0,38.0,13.0,0.0,0.0,0.0,0.0,62.5857,0.0,41.1874,0.0,0.0
22587.0,1.7402,0.0925,1.0,0.0797,1.2015,2.0557,1.0557,2.3099,1.3099,26.7238,2.069,26.396,2.0558,100.0,0.0,0.0,0.0,25.25,0.0,26.375,0.0,26.5,0.0,25.375,10.0,0.0,0.0101,52.5708,5.2571,2.0,72.232,1.7435,0.0805,1.3724,0.3492,1.4017,8.042e-05,1.4843,0.0115,1.9705,8.0,0.0663,1.0018,0.0992,2.2182,0.0065,1.0349,0.0557,1.9677,0.0,0.0,0.0,29.9854,26.0,25.0,38.0,37.0,15.0,0.0,0.0,0.0,0.0,62.5849,0.0,41.187,0.0,0.0
22588.0,1.7374,0.0922,1.0,0.0796,1.2011,2.0556,1.0556,2.3102,1.3102,26.8391,2.0736,26.3878,2.0555,100.0,0.0,0.0,0.0,25.375,0.0,26.375,0.0,26.5,0.0,25.5,10.0,0.0,0.0105,52.5706,5.2571,2.0,71.8711,1.7426,0.0104,1.3648,0.342,1.4009,8.066e-05,1.485,0.0115,1.9701,8.0,0.0647,1.0017,0.1028,2.2337,0.007,1.0642,0.0585,1.9887,0.0,0.0,0.0,29.9849,26.0,25.0,38.0,37.0,15.0,0.0,0.0,0.0,0.0,62.5857,0.0,41.1868,0.0,0.0
22589.0,1.7427,0.0928,1.0,0.08,1.2022,2.0562,1.0562,2.3103,1.3103,26.7976,2.0719,26.3741,2.055,100.0,0.0,0.0,0.0,25.375,0.0,26.375,0.0,26.5,0.0,25.375,10.0,0.0,0.0106,52.5705,5.2571,2.0,72.0726,1.7431,0.0682,1.3711,0.3404,1.4008,8.104e-05,1.4861,0.0115,1.9701,8.0,0.0664,1.0018,0.1022,2.2313,0.006,0.9977,0.0538,1.9528,0.0,0.0,0.0,29.9856,26.0,25.0,38.0,37.0,15.0,0.0,0.0,0.0,0.0,62.5855,0.0,41.1872,0.0,0.0
22590.0,1.7521,0.094,1.0,0.0799,1.202,2.0563,1.0563,2.3102,1.3102,26.6727,2.0669,26.3639,2.0546,100.0,0.0,0.0,0.0,25.375,0.0,26.5,0.0,26.5,0.0,25.375,10.0,0.0,0.0101,52.5707,5.2571,2.0,72.6675,1.7445,0.1664,1.3818,0.3308,1.3997,8.139e-05,1.4871,0.0115,1.9696,8.0,0.0703,1.0019,0.0872,2.1621,0.0061,1.0088,0.0479,1.9026,0.0,0.0,0.0,29.9856,26.0,25.0,38.0,37.0,16.0,0.0,0.0,0.0,0.0,62.5855,0.0,41.1868,0.0,0.0
22591.0,1.7592,0.0949,1.0,0.08,1.2024,2.0562,1.0562,2.31,1.31,26.6015,2.0641,26.3727,2.0549,100.0,0.0,0.0,0.0,25.25,0.0,26.5,0.0,26.375,0.0,25.25,10.0,0.0,0.0096,52.5705,5.2571,2.0,73.7481,1.7471,0.217,1.3873,0.3242,1.399,8.157e-05,1.4876,0.0115,1.9695,8.0,0.0735,1.002,0.1667,2.4438,0.0061,1.0056,0.0557,1.9678,0.0,0.0,0.0,29.9856,26.0,25.0,38.0,37.0,14.0,0.0,0.0,0.0,0.0,62.5859,0.0,41.1869,0.0,0.0
22592.0,1.7637,0.0955,1.0,0.0803,1.2032,2.0557,1.0557,2.3099,1.3099,26.7213,2.0689,26.3997,2.056,100.0,0.0,0.0,0.0,25.375,0.0,26.5,0.0,26.5,0.0,25.375,10.0,0.0,0.0101,52.5705,5.2571,2.0,73.9161,1.7475,0.2094,1.3865,0.3147,1.398,8.172e-05,1.4881,0.0115,1.9691,8.0,0.0759,1.002,0.1348,2.3517,0.0058,0.9886,0.0465,1.8891,0.0,0.0,0.0,29.986,26.0,25.0,38.0,37.0,14.0,0.0,0.0,0.0,0.0,62.5858,0.0,41.1872,0.0,0.0
22593.0,1.7633,0.0954,1.0,0.0799,1.202,2.0556,1.0556,2.3102,1.3102,26.8488,2.074,26.3822,2.0553,100.0,0.0,0.0,0.0,25.25,0.0,26.375,0.0,26.5,0.0,25.375,10.0,0.0,0.0102,52.5706,5.2571,2.0,73.9818,1.7477,0.2165,1.3873,0.3032,1.3967,8.188e-05,1.4885,0.0115,1.9686,8.0,0.0663,1.0018,0.1417,2.3732,0.0055,0.964,0.0608,2.0057,0.0,0.0,0.0,29.9855,26.0,25.0,38.0,37.0,12.0,0.0,0.0,0.0,0.0,62.5856,0.0,41.1875,0.0,0.0
22594.0,1.7516,0.094,1.0,0.0798,1.2016,2.0561,1.0561,2.3103,1.3103,26.8027,2.0721,26.3814,2.0553,100.0,0.0,0.0,0.0,25.25,0.0,26.375,0.0,26.5,0.0,25.5,10.0,0.0,0.0108,52.5703,5.257,2.0,74.1008,1.7479,0.2597,1.392,0.3019,1.3966,8.216e-05,1.4893,0.0115,1.9684,8.0,0.0657,1.0018,0.1373,2.3596,0.006,1.0002,0.0577,1.9833,0.0,0.0,0.0,29.9854,26.0,25.0,38.0,37.0,14.0,0.0,0.0,0.0,0.0,62.5851,0.0,41.1871,0.0,0.0
22595.0,1.7447,0.0931,1.0,0.0799,1.2019,2.0562,1.0562,2.31,1.31,26.68,2.0672,26.3741,2.055,100.0,0.0,0.0,0.0,25.375,0.0,26.5,0.0,26.5,0.0,25.5,10.0,0.0,0.0103,52.5704,5.257,2.0,74.6869,1.7493,0.2492,1.3908,0.294,1.3957,8.24e-05,1.49,0.0115,1.9682,8.0,0.0706,1.0019,0.1277,2.328,0.0068,1.0524,0.0527,1.9434,0.0,0.0,0.0,29.9851,26.0,25.0,38.0,37.0,13.0,0.0,0.0,0.0,0.0,62.5854,64.0,41.1982,0.0,0.0
22596.0,1.7436,0.0929,1.0,0.0799,1.2021,2.0562,1.0562,2.3096,1.3096,26.5926,2.0637,26.3754,2.055,100.0,0.0,0.0,0.0,25.375,0.0,26.5,0.0,26.375,0.0,25.375,10.0,0.0,0.0101,52.5702,5.257,2.0,75.1347,1.7503,0.3229,1.3989,0.2931,1.3956,8.266e-05,1.4907,0.0115,1.9679,8.0,0.073,1.0019,0.1368,2.358,0.0062,1.0142,0.0487,1.9091,0.0,0.0,0.0,29.9854,26.0,25.0,38.0,38.0,14.0,0.0,0.0,0.0,0.0,62.5854,64.0,41.3628,0.0,0.0
22597.0,1.7404,0.0926,1.0,0.08,1.2022,2.0558,1.0558,2.3095,1.3095,26.6458,2.0658,26.3891,2.0556,100.0,0.0,0.0,0.0,25.25,0.0,26.5,0.0,26.5,0.0,25.5,10.0,0.0,0.0106,52.57,5.257,2.0,75.5195,1.7512,0.32,1.3985,0.293,1.3956,8.293e-05,1.4915,0.0115,1.9673,8.0,0.0743,1.002,0.1246,2.3175,0.0059,0.9941,0.0545,1.9582,0.0,0.0,0.0,29.9858,26.0,25.0,38.0,38.0,14.0,0.0,0.0,0.0,0.0,62.586,64.0,41.5852,0.0,0.0
22598.0,1.7374,0.0922,1.0,0.08,1.2022,2.0556,1.0556,2.3098,1.3098,26.8191,2.0728,26.3986,2.0559,100.0,0.0,0.0,0.0,25.375,0.0,26.375,0.0,26.5,0.0,25.5,10.0,0.0,0.0106,52.57,5.257,2.0,76.4329,1.7533,0.3631,1.4033,0.2832,1.3945,8.313e-05,1.492,0.0115,1.967,8.0,0.0763,1.002,0.1094,2.2609,0.0062,1.0149,0.0484,1.9063,0.0,0.0,0.0,29.9854,26.0,25.0,38.0,38.0,14.0,0.0,0.0,0.0,0.0,62.5855,64.0,41.7439,0.0,0.0
22599.0,1.7384,0.0923,1.0,0.0803,1.203,2.056,1.056,2.3101,1.3101,26.8277,2.0731,26.3836,2.0553,100.0,0.0,0.0,0.0,25.375,0.0,26.375,0.0,26.5,0.0,25.375,10.0,0.0,0.0101,52.5704,5.2571,2.0,75.5999,1.7514,0.2582,1.3918,0.2744,1.3936,8.319e-05,1.4922,0.0115,1.9667,8.0,0.0677,1.0018,0.1191,2.2979,0.0058,0.9823,0.0475,1.8989,0.0,0.0,0.0,29.985,26.0,25.0,38.0,38.0,14.0,0.0,0.0,0.0,0.0,62.5856,64.0,41.8884,0.0,0.0
22600.0,1.7419,0.0927,1.0,0.0801,1.2025,2.0562,1.0562,2.3099,1.3099,26.7203,2.0688,26.3766,2.0551,100.0,0.0,0.0,0.0,25.375,0.0,26.5,0.0,26.375,0.0,25.375,10.0,0.0,0.0102,52.5705,5.257,2.0,75.73,1.7517,0.2462,1.3905,0.27,1.3931,8.341e-05,1.4928,0.0115,1.9662,8.0,0.0682,1.0018,0.1013,2.2273,0.0064,1.0313,0.0444,1.8689,0.0,0.0,0.0,29.9854,26.0,25.0,38.0,38.0,14.0,0.0,0.0,0.0,0.0,62.5851,64.0,42.0764,0.0,0.0
22601.0,1.7505,0.0938,1.0,0.0798,1.2016,2.0563,1.0563,2.3099,1.3099,26.6097,2.0644,26.3734,2.0549,100.0,0.0,0.0,0.0,25.375,0.0,26.375,0.0,26.5,0.0,25.5,10.0,0.0,0.0103,52.5703,5.257,2.0,75.5278,1.7512,0.2454,1.3904,0.2661,1.3927,8.355e-05,1.4932,0.0115,1.966,8.0,0.0665,1.0018,0.0972,2.2097,0.0057,0.9776,0.0461,1.8854,0.0,0.0,0.0,29.9852,26.0,25.0,38.0,38.0,14.0,0.0,0.0,0.0,0.0,62.585,64.0,42.2563,0.0,0.0
22602.0,1.7508,0.0938,1.0,0.08,1.2022,2.0556,1.0556,2.3102,1.3102,26.6584,2.0663,26.3847,2.0554,100.0,0.0,0.0,0.0,25.375,0.0,26.5,0.0,26.5,0.0,25.375,10.0,0.0,0.0107,52.5701,5.257,2.0,75.9446,1.7522,0.2221,1.3879,0.2605,1.3921,8.382e-05,1.494,0.0115,1.9657,8.0,0.0662,1.0018,0.0924,2.1877,0.0061,1.0086,0.0449,1.8739,0.0,0.0,0.0,29.985,26.0,25.0,38.0,38.0,15.0,0.0,0.0,0.0,0.0,62.5855,64.0,42.4476,0.0,0.0
22603.0,1.7512,0.0939,1.0,0.0799,1.2019,2.0556,1.0556,2.3104,1.3104,26.826,2.073,26.3886,2.0555,100.0,0.0,0.0,0.0,25.25,0.0,26.5,0.0,26.375,0.0,25.375,10.0,0.0,0.0103,52.5699,5.257,2.0,75.3632,1.7509,0.1374,1.3786,0.2573,1.3917,8.404e-05,1.4946,0.0114,1.9653,8.0,0.0703,1.0019,0.0886,2.1691,0.0064,1.0251,0.0405,1.8292,0.0,0.0,0.0,29.9852,26.0,25.0,38.0,38.0,14.0,0.0,0.0,0.0,0.0,62.5852,64.0,42.6305,0.0,0.0
22604.0,1.7508,0.0938,1.0,0.0801,1.2026,2.056,1.056,2.3107,1.3107,26.8347,2.0734,26.3839,2.0554,100.0,0.0,0.0,0.0,25.25,0.0,26.5,0.0,26.625,0.0,25.5,10.0,0.0,0.0104,52.5697,5.257,2.0,75.5489,1.7513,0.1915,1.3845,0.2618,1.3922,8.437e-05,1.4955,0.0114,1.9654,8.0,0.0732,1.002,0.0821,2.1363,0.0063,1.0245,0.0412,1.8367,0.0,0.0,0.0,29.9855,26.0,25.0,38.0,38.0,14.0,0.0,0.0,0.0,0.0,62.5856,64.0,42.8209,0.0,0.0
22605.0,1.7446,0.0931,1.0,0.08,1.2023,2.0562,1.0562,2.3103,1.3103,26.7189,2.0688,26.3662,2.0546,100.0,0.0,0.0,0.0,25.25,0.0,26.375,0.0,26.5,0.0,25.375,10.0,0.0,0.0109,52.5701,5.257,2.0,75.6666,1.7516,0.1925,1.3846,0.2613,1.3921,8.471e-05,1.4964,0.0114,1.9648,8.0,0.0717,1.0019,0.086,2.1564,0.0057,0.9749,0.0382,1.804,0.0,0.0,0.0,29.9859,26.0,25.0,38.0,38.0,14.0,0.0,0.0,0.0,0.0,62.5857,64.0,43.014,0.0,0.0
22606.0,1.7514,0.0939,1.0,0.0798,1.2018,2.0558,1.0558,2.3104,1.3104,26.6105,2.0644,26.3631,2.0545,100.0,0.0,0.0,0.0,25.375,0.0,26.375,0.0,26.5,0.0,25.5,10.0,0.0,0.0109,52.5702,5.257,2.0,75.6791,1.7516,0.1299,1.3778,0.2629,1.3923,8.493e-05,1.497,0.0114,1.9644,8.0,0.0677,1.0018,0.0718,2.0778,0.0065,1.0335,0.0335,1.7475,0.0,0.0,0.0,29.9849,26.0,25.0,38.0,38.0,14.0,0.0,0.0,0.0,0.0,62.5851,64.0,43.2092,0.0,0.0
22607.0,1.7492,0.0937,1.0,0.0798,1.2017,2.0557,1.0557,2.3099,1.3099,26.6138,2.0646,26.3789,2.0552,100.0,0.0,0.0,0.0,25.25,0.0,26.5,0.0,26.5,0.0,25.5,10.0,0.0,0.0107,52.5699,5.257,2.0,75.0419,1.7501,0.0389,1.3679,0.2713,1.3932,8.529e-05,1.498,0.0114,1.9642,8.0,0.0666,1.0018,0.1282,2.3298,0.0065,1.0341,0.0319,1.7263,0.0,0.0,0.0,29.9849,26.0,25.0,38.0,38.0,14.0,0.0,0.0,0.0,0.0,62.5851,64.0,43.3929,0.0,0.0
22608.0,1.7459,0.0932,1.0,0.08,1.2021,2.0556,1.0556,2.3098,1.3098,26.7775,2.0711,26.3922,2.0557,100.0,0.0,0.0,0.0,25.375,0.0,26.375,0.0,26.5,0.0,25.375,10.0,0.0,0.0106,52.5697,5.257,2.0,74.5162,1.7489,0.0089,1.3646,0.2859,1.3948,8.585e-05,1.4995,0.0114,1.9639,8.0,0.0701,1.0019,0.1198,2.3004,0.0065,1.0322,0.0473,1.8966,0.0,0.0,0.0,29.9849,26.0,25.0,38.0,38.0,14.0,0.0,0.0,0.0,0.0,62.5852,64.0,43.5681,0.0,0.0
22609.0,1.7364,0.092,1.0,0.0799,1.2021,2.0558,1.0558,2.3102,1.3102,26.8456,2.0738,26.3775,2.0551,100.0,0.0,0.0,0.0,25.375,0.0,26.5,0.0,26.375,0.0,25.375,10.0,0.0,0.0109,52.5697,5.257,2.0,74.3587,1.7485,0.005,1.3642,0.2988,1.3962,8.649e-05,1.5013,0.0114,1.9638,8.0,0.0718,1.0019,0.1169,2.2896,0.0055,0.9609,0.0437,1.8624,0.0,0.0,0.0,29.9852,26.0,25.0,38.0,38.0,13.0,0.0,0.0,0.0,0.0,62.5854,64.0,43.7597,0.0,0.0
22610.0,1.7363,0.092,1.0,0.0799,1.202,2.0562,1.0562,2.3102,1.3102,26.7762,2.071,26.374,2.055,100.0,0.0,0.0,0.0,25.375,0.0,26.375,0.0,26.5,0.0,25.375,10.0,0.0,0.0106,52.5695,5.2569,2.0,74.9991,1.75,0.1084,1.3755,0.3148,1.398,8.715e-05,1.503,0.0114,1.9636,8.0,0.0763,1.002,0.1115,2.2691,0.0058,0.9849,0.0456,1.8807,0.0,0.0,0.0,29.9852,26.0,25.0,38.0,38.0,13.0,0.0,0.0,0.0,0.0,62.5854,64.0,43.91,0.0,0.0
22611.0,1.7363,0.092,1.0,0.0801,1.2025,2.0563,1.0563,2.3101,1.3101,26.6527,2.0661,26.374,2.055,100.0,0.0,0.0,0.0,25.375,0.0,26.5,0.0,26.5,0.0,25.375,10.0,0.0,0.0107,52.5698,5.257,2.0,76.0748,1.7525,0.2367,1.3895,0.3401,1.4007,8.783e-05,1.5048,0.0114,1.9635,8.0,0.0749,1.002,0.0954,2.2015,0.0058,0.9875,0.0415,1.8396,0.0,0.0,0.0,29.9856,26.0,25.0,38.0,38.0,16.0,0.0,0.0,0.0,0.0,62.5851,0.0,44.0006,0.0,0.0
22612.0,1.7353,0.0919,1.0,0.0799,1.202,2.0561,1.0561,2.3099,1.3099,26.6035,2.0641,26.3859,2.0554,100.0,0.0,0.0,0.0,25.375,0.0,26.375,0.0,26.375,0.0,25.375,10.0,0.0,0.0098,52.5692,5.2569,2.0,77.444,1.7556,0.3444,1.4012,0.3664,1.4036,8.878e-05,1.5073,0.0114,1.9635,8.0,0.069,1.0018,0.1055,2.2453,0.0062,1.0144,0.0515,1.9338,0.0,0.0,0.0,29.9853,26.0,25.0,38.0,38.0,14.0,0.0,0.0,0.0,0.0,62.5849,0.0,44.0005,0.0,0.0
22613.0,1.7363,0.092,1.0,0.0801,1.2024,2.0556,1.0556,2.3103,1.3103,26.7772,2.0711,26.4009,2.056,100.0,0.0,0.0,0.0,25.25,0.0,26.375,0.0,26.5,0.0,25.5,10.0,0.0,0.0105,52.5692,5.2569,2.0,78.0248,1.7569,0.3339,1.4001,0.4049,1.4078,8.99e-05,1.5102,0.0114,1.9632,8.0,0.0703,1.0019,0.1018,2.2294,0.006,1.0026,0.0545,1.9586,0.0,0.0,0.0,29.9855,26.0,25.0,38.0,38.0,12.0,0.0,0.0,0.0,0.0,62.5854,0.0,44.0001,0.0,0.0
22614.0,1.7363,0.092,1.0,0.0799,1.2021,2.0558,1.0558,2.3107,1.3107,26.8559,2.0742,26.3885,2.0555,100.0,0.0,0.0,0.0,25.375,0.0,26.375,0.0,26.5,0.0,25.375,10.0,0.0,0.0107,52.5693,5.2569,2.0,77.7469,1.7563,0.3153,1.398,0.4318,1.4107,9.08e-05,1.5125,0.0114,1.9627,8.0,0.0659,1.0018,0.1114,2.2689,0.0067,1.0485,0.0462,1.8867,0.0,0.0,0.0,29.9851,26.0,25.0,38.0,38.0,13.0,0.0,0.0,0.0,0.0,62.5857,0.0,44.0004,0.0,0.0
22615.0,1.7363,0.092,1.0,0.0801,1.2025,2.0562,1.0562,2.3109,1.3109,26.7731,2.0709,26.3677,2.0547,100.0,0.0,0.0,0.0,25.375,0.0,26.375,0.0,26.375,0.0,25.375,10.0,0.0,0.0101,52.5694,5.2569,2.0,78.0913,1.757,0.3346,1.4001,0.4681,1.4147,9.21e-05,1.5158,0.0114,1.9629,8.0,0.0725,1.0019,0.075,2.0968,0.0061,1.006,0.05,1.9205,0.0,0.0,0.0,29.9848,26.0,25.0,38.0,38.0,13.0,0.0,0.0,0.0,0.0,62.5848,0.0,44.0004,0.0,0.0
22616.0,1.7362,0.092,1.0,0.0799,1.2019,2.0559,1.0559,2.3105,1.3105,26.6647,2.0666,26.364,2.0546,100.0,0.0,0.0,0.0,25.375,0.0,26.375,0.0,26.5,0.0,25.375,10.0,0.0,0.0098,52.5695,5.2569,2.0,79.2566,1.7596,0.3891,1.4061,0.508,1.4191,9.33e-05,1.5189,0.0114,1.9625,8.0,0.0756,1.002,0.1805,2.4784,0.0058,0.9832,0.0456,1.8808,0.0,0.0,0.0,29.9844,26.0,25.0,38.0,38.0,15.0,0.0,0.0,0.0,0.0,62.5846,0.0,43.9998,0.0,0.0
22617.0,1.7355,0.0919,1.0,0.0802,1.2027,2.0558,1.0558,2.3103,1.3103,26.6021,2.0641,26.3774,2.0551,100.0,0.0,0.0,0.0,25.25,0.0,26.375,0.0,26.5,0.0,25.5,10.0,0.0,0.0106,52.5691,5.2569,2.0,79.7826,1.7608,0.4289,1.4104,0.565,1.4253,9.505e-05,1.5232,0.0114,1.9625,8.0,0.075,1.002,0.136,2.3555,0.0052,0.9419,0.043,1.8557,0.0,0.0,0.0,29.985,26.0,25.0,38.0,38.0,15.0,0.0,0.0,0.0,0.0,62.5852,0.0,44.0,0.0,0.0
22618.0,1.7389,0.0924,1.0,0.0801,1.2024,2.0552,1.0552,2.3102,1.3102,26.7139,2.0686,26.3893,2.0556,100.0,0.0,0.0,0.0,25.375,0.0,26.375,0.0,26.375,0.0,25.375,10.0,0.0,0.01,52.569,5.2569,2.0,80.5314,1.7624,0.5313,1.4216,0.5945,1.4285,9.608e-05,1.5257,0.0114,1.9624,8.0,0.0734,1.002,0.1364,2.3568,0.0055,0.9627,0.053,1.9459,0.0,0.0,0.0,29.9854,26.0,25.0,38.0,38.0,16.0,0.0,0.0,0.0,0.0,62.5854,0.0,44.0004,0.0,0.0
22619.0,1.745,0.0931,1.0,0.08,1.2022,2.0554,1.0554,2.3103,1.3103,26.8445,2.0738,26.3832,2.0553,100.0,0.0,0.0,0.0,25.375,0.0,26.375,0.0,26.375,0.0,25.5,10.0,0.0,0.0102,52.5694,5.2569,2.0,82.3255,1.7662,0.8232,1.4534,0.6487,1.4344,9.803e-05,1.5304,0.0114,1.9623,8.0,0.0696,1.0019,0.1168,2.2894,0.0061,1.0051,0.0564,1.9733,0.0,0.0,0.0,29.9847,26.0,25.0,38.0,38.0,12.0,0.0,0.0,0.0,0.0,62.5858,0.0,44.0002,0.0,0.0
22620.0,1.7444,0.093,1.0,0.08,1.2024,2.0557,1.0557,2.3107,1.3107,26.8006,2.072,26.3693,2.0548,100.0,0.0,0.0,0.0,25.375,0.0,26.5,0.0,26.5,0.0,25.5,10.0,0.0,0.0112,52.5694,5.2569,2.0,85.5748,1.7729,0.8857,1.4603,0.7003,1.44,9.968e-05,1.5342,0.0114,1.9622,8.0,0.0672,1.0018,0.1201,2.3015,0.0063,1.0189,0.05,1.9212,0.0,0.0,0.0,29.9857,26.0,25.0,38.0,38.0,14.0,0.0,0.0,0.0,0.0,62.5856,0.0,44.0001,0.0,0.0
22621.0,1.7457,0.0932,1.0,0.0798,1.2018,2.0559,1.0559,2.3104,1.3104,26.7045,2.0682,26.3607,2.0544,100.0,0.0,0.0,0.0,25.375,0.0,26.5,0.0,26.5,0.0,25.5,10.0,0.0,0.0106,52.5691,5.2568,2.0,85.6894,1.7732,0.8266,1.4538,0.7523,1.4457,0.0001,1.5383,0.0114,1.9622,8.0,0.066,1.0018,0.1258,2.3217,0.0058,0.9855,0.0647,2.0331,0.0,0.0,0.0,29.9851,26.0,25.0,38.0,38.0,14.0,0.0,0.0,0.0,0.0,62.5853,0.0,44.0,0.0,0.0
22622.0,1.7469,0.0934,1.0,0.0799,1.2019,2.0558,1.0558,2.3102,1.3102,26.5897,2.0636,26.3679,2.0547,100.0,0.0,0.0,0.0,25.25,0.0,26.375,0.0,26.375,0.0,25.375,10.0,0.0,0.0099,52.5691,5.2569,2.0,86.2612,1.7743,0.8652,1.458,0.8031,1.4513,0.0001,1.5428,0.0114,1.9621,8.0,0.066,1.0018,0.1058,2.2464,0.0054,0.952,0.0615,2.011,0.0,0.0,0.0,29.9851,26.0,25.0,38.0,38.0,14.0,0.0,0.0,0.0,0.0,62.5851,0.0,43.9992,0.0,0.0
22623.0,1.7468,0.0934,1.0,0.0798,1.2018,2.0553,1.0553,2.3102,1.3102,26.7313,2.0693,26.3795,2.0552,100.0,0.0,0.0,0.0,25.25,0.0,26.375,0.0,26.375,0.0,25.5,10.0,0.0,0.0103,52.5688,5.2569,2.0,87.2715,1.7763,0.8377,1.455,0.8502,1.4564,0.0001,1.5477,0.0114,1.9618,8.0,0.0707,1.0019,0.1089,2.2589,0.0058,0.9867,0.0649,2.0341,0.0,0.0,0.0,29.985,26.0,25.0,38.0,38.0,13.0,0.0,0.0,0.0,0.0,62.5859,0.0,44.0003,0.0,0.0
22624.0,1.7453,0.0932,1.0,0.0799,1.202,2.0552,1.0552,2.3105,1.3105,26.8483,2.0739,26.3837,2.0553,100.0,0.0,0.0,0.0,25.25,0.0,26.375,0.0,26.375,0.0,25.375,10.0,0.0,0.01,52.5689,5.2569,2.0,87.9128,1.7776,0.9445,1.4667,0.8814,1.4598,0.0001,1.5512,0.0114,1.9618,8.0,0.0704,1.0019,0.0995,2.2196,0.0064,1.0311,0.0528,1.9443,0.0,0.0,0.0,29.9851,26.0,25.0,38.0,38.0,14.0,0.0,0.0,0.0,0.0,62.5853,0.0,44.0002,0.0,0.0
22625.0,1.7456,0.0932,1.0,0.08,1.2023,2.0558,1.0558,2.311,1.311,26.8017,2.0721,26.3706,2.0548,100.0,0.0,0.0,0.0,25.375,0.0,26.375,0.0,26.5,0.0,25.5,10.0,0.0,0.0101,52.5688,5.2569,2.0,90.239,1.7822,0.9612,1.4685,0.9365,1.4658,0.0001,1.5562,0.0114,1.9619,8.0,0.0735,1.002,0.1108,2.2663,0.006,1.0002,0.0633,2.0233,0.0,0.0,0.0,29.9852,26.0,25.0,38.0,37.0,16.0,0.0,0.0,0.0,0.0,62.5859,0.0,44.0,0.0,0.0
22626.0,1.7443,0.093,1.0,0.0802,1.2028,2.0559,1.0559,2.311,1.311,26.6884,2.0675,26.3653,2.0546,100.0,0.0,0.0,0.0,25.375,0.0,26.375,0.0,26.5,0.0,25.375,10.0,0.0,0.0108,52.569,5.2569,2.0,90.5184,1.7827,0.9425,1.4665,0.958,1.4681,0.0001,1.5596,0.0114,1.9613,8.0,0.0684,1.0018,0.1018,2.2295,0.0063,1.0228,0.0569,1.9768,0.0,0.0,0.0,29.985,26.0,25.0,38.0,37.0,13.0,0.0,0.0,0.0,0.0,62.5857,0.0,44.0002,0.0,0.0
22627.0,1.7461,0.0933,1.0,0.0798,1.2016,2.0561,1.0561,2.3103,1.3103,26.6006,2.064,26.3682,2.0547,100.0,0.0,0.0,0.0,25.375,0.0,26.5,0.0,26.375,0.0,25.375,10.0,0.0,0.01,52.5688,5.2569,2.0,91.4936,1.7846,0.986,1.4712,0.9967,1.4724,0.0001,1.5636,0.0114,1.9612,8.0,0.064,1.0017,0.1723,2.4581,0.006,0.9995,0.0493,1.9146,0.0,0.0,0.0,29.9858,26.0,25.0,38.0,37.0,14.0,0.0,0.0,0.0,0.0,62.5857,0.0,44.0002,0.0,0.0
22628.0,1.7466,0.0933,1.0,0.0798,1.2016,2.0554,1.0554,2.3102,1.3102,26.6682,2.0667,26.3852,2.0554,100.0,0.0,0.0,0.0,25.375,0.0,26.375,0.0,26.5,0.0,25.5,10.0,0.0,0.0104,52.5685,5.2568,2.0,92.8549,1.7871,0.8987,1.4617,1.0052,1.4733,0.0001,1.566,0.0114,1.9614,8.0,0.0664,1.0018,0.1388,2.3643,0.0058,0.9857,0.0493,1.9148,0.0,0.0,0.0,29.9849,26.0,25.0,38.0,37.0,13.0,0.0,0.0,0.0,0.0,62.5854,0.0,43.9999,0.0,0.0
22629.0,1.7463,0.0933,1.0,0.0799,1.2019,2.0552,1.0552,2.3104,1.3104,26.8428,2.0737,26.3774,2.0551,100.0,0.0,0.0,0.0,25.375,0.0,26.375,0.0,26.375,0.0,25.375,10.0,0.0,0.0099,52.5686,5.2568,2.0,92.1489,1.7858,0.9649,1.4689,1.0366,1.4767,0.0001,1.5709,0.0114,1.9613,8.0,0.0685,1.0018,0.1572,2.4184,0.0061,1.0088,0.0579,1.9845,0.0,0.0,0.0,29.9848,26.0,25.0,38.0,38.0,14.0,0.0,0.0,0.0,0.0,62.5853,0.0,43.9996,0.0,0.0
22630.0,1.7477,0.0935,1.0,0.08,1.2022,2.0556,1.0556,2.3107,1.3107,26.823,2.0729,26.3706,2.0548,100.0,0.0,0.0,0.0,25.25,0.0,26.375,0.0,26.375,0.0,25.375,10.0,0.0,0.0102,52.5685,5.2568,2.0,94.9021,1.7909,1.0433,1.4775,1.0609,1.4794,0.0001,1.5741,0.0114,1.9611,8.0,0.0703,1.0019,0.1814,2.4806,0.0056,0.9694,0.0587,1.9902,0.0,0.0,0.0,29.985,26.0,25.0,38.0,38.0,13.0,0.0,0.0,0.0,0.0,62.5853,0.0,43.9998,0.0,0.0
22631.0,1.7487,0.0936,1.0,0.08,1.2022,2.0559,1.0559,2.3109,1.3109,26.7344,2.0694,26.3662,2.0546,100.0,0.0,0.0,0.0,25.25,0.0,26.375,0.0,26.5,0.0,25.375,10.0,0.0,0.0105,52.5687,5.2569,2.0,95.527,1.7921,0.9794,1.4705,1.0777,1.4812,0.0001,1.5775,0.0114,1.9609,8.0,0.0722,1.0019,0.2341,2.5912,0.0061,1.0105,0.0582,1.9869,0.0,0.0,0.0,29.9851,26.0,25.0,38.0,38.0,15.0,0.0,0.0,0.0,0.0,62.5855,0.0,44.0001,0.0,0.0
22632.0,1.7504,0.0938,1.0,0.0802,1.2027,2.0559,1.0559,2.3109,1.3109,26.607,2.0643,26.3632,2.0545,100.0,0.0,0.0,0.0,25.25,0.0,26.5,0.0,26.5,0.0,25.375,10.0,0.0,0.0106,52.5689,5.2569,2.0,96.7872,1.7943,1.0224,1.4752,1.0927,1.4828,0.0001,1.5811,0.0114,1.9612,8.0,0.0769,1.0021,0.1446,2.3819,0.0054,0.9525,0.0507,1.927,0.0,0.0,0.0,29.9849,26.0,25.0,38.0,38.0,13.0,0.0,0.0,0.0,0.0,62.5852,0.0,43.9998,0.0,0.0
22633.0,1.755,0.0944,1.0,0.0802,1.2027,2.0555,1.0555,2.3106,1.3106,26.6348,2.0654,26.3821,2.0553,100.0,0.0,0.0,0.0,25.25,0.0,26.5,0.0,26.5,0.0,25.375,10.0,0.0,0.0105,52.5686,5.2568,2.0,97.3303,1.7953,1.0198,1.4749,1.1059,1.4843,0.0001,1.5844,0.0114,1.961,8.0,0.0759,1.002,0.2161,2.5565,0.0057,0.974,0.0554,1.9655,0.0,0.0,0.0,29.9853,26.0,25.0,38.0,38.0,14.0,0.0,0.0,0.0,0.0,62.586,16.0,44.0219,0.0,0.0
22634.0,1.7515,0.0939,1.0,0.0801,1.2026,2.0552,1.0552,2.3107,1.3107,26.8098,2.0724,26.3908,2.0556,100.0,0.0,0.0,0.0,25.25,0.0,26.375,0.0,26.5,0.0,25.375,10.0,0.0,0.0107,52.5687,5.2569,2.0,98.8569,1.798,1.0571,1.479,1.1141,1.4852,0.0001,1.5875,0.0114,1.9605,8.0,0.0711,1.0019,0.1452,2.3839,0.0059,0.9944,0.0496,1.9173,0.0,0.0,0.0,29.9853,26.0,25.0,38.0,38.0,14.0,0.0,0.0,0.0,0.0,62.5858,16.0,44.1757,0.0,0.0
22635.0,1.7525,0.0941,1.0,0.0801,1.2026,2.0556,1.0556,2.3111,1.3111,26.8383,2.0735,26.3737,2.0549,100.0,0.0,0.0,0.0,25.25,0.0,26.375,0.0,26.5,0.0,25.375,10.0,0.0,0.0115,52.5689,5.2569,2.0,100.8183,1.8014,1.0876,1.4823,1.13,1.4869,0.0001,1.5914,0.0114,1.9606,8.0,0.0675,1.0018,0.1758,2.4668,0.0059,0.9929,0.0599,1.9996,0.0,0.0,0.0,29.9848,26.0,25.0,38.0,38.0,16.0,0.0,0.0,0.0,0.0,62.5856,0.0,44.3637,0.0,0.0
22636.0,1.7567,0.0946,1.0,0.0799,1.2019,2.0558,1.0558,2.311,1.311,26.7377,2.0695,26.3569,2.0543,100.0,0.0,0.0,0.0,25.25,0.0,26.375,0.0,26.375,0.0,25.375,10.0,0.0,0.0109,52.5686,5.2568,2.0,100.7045,1.8012,1.0078,1.4736,1.1476,1.4888,0.0001,1.5952,0.0114,1.9603,8.0,0.0669,1.0018,0.1837,2.486,0.0069,1.0616,0.0563,1.9721,0.0,0.0,0.0,29.985,26.0,25.0,38.0,38.0,15.0,0.0,0.0,0.0,0.0,62.5853,0.0,44.3904,0.0,0.0
22637.0,1.7564,0.0945,1.0,0.08,1.2021,2.0555,1.0555,2.3109,1.3109,26.6138,2.0646,26.3534,2.0541,100.0,0.0,0.0,0.0,25.25,0.0,26.375,0.0,26.625,0.0,25.375,10.0,0.0,0.0098,52.5684,5.2568,2.0,102.3617,1.8041,1.0366,1.4767,1.1521,1.4893,0.0001,1.5983,0.0114,1.9603,8.0,0.0724,1.0019,0.2548,2.6281,0.006,0.9996,0.0557,1.9676,0.0,0.0,0.0,29.9845,26.0,25.0,38.0,37.0,14.0,0.0,0.0,0.0,0.0,62.5851,0.0,44.3903,0.0,0.0
22638.0,1.7552,0.0944,1.0,0.0801,1.2025,2.0555,1.0555,2.3107,1.3107,26.6555,2.0662,26.3817,2.0553,100.0,0.0,0.0,0.0,25.25,0.0,26.5,0.0,26.5,0.0,25.5,10.0,0.0,0.0107,52.5684,5.2568,2.0,103.7071,1.8063,1.0602,1.4793,1.1588,1.49,0.0001,1.602,0.0114,1.96,8.0,0.0766,1.002,0.1697,2.4515,0.0056,0.9703,0.0568,1.9764,0.0,0.0,0.0,29.9848,26.0,25.0,38.0,37.0,13.0,0.0,0.0,0.0,0.0,62.5853,0.0,44.3903,0.0,0.0
22639.0,1.7532,0.0941,1.0,0.0801,1.2024,2.0552,1.0552,2.3106,1.3106,26.7816,2.0713,26.3916,2.0557,100.0,0.0,0.0,0.0,25.25,0.0,26.5,0.0,26.375,0.0,25.5,10.0,0.0,0.0098,52.5683,5.2568,2.0,104.4152,1.8075,1.0674,1.4801,1.1631,1.4905,0.0001,1.6045,0.0114,1.9599,8.0,0.0753,1.002,0.2926,2.6881,0.0063,1.02,0.0529,1.9452,0.0,0.0,0.0,29.9846,26.0,25.0,38.0,37.0,14.0,0.0,0.0,0.0,0.0,62.5855,0.0,44.3903,0.0,0.0
22640.0,1.756,0.0945,1.0,0.0798,1.2018,2.0556,1.0556,2.3113,1.3113,26.8528,2.0741,26.3778,2.0551,100.0,0.0,0.0,0.0,25.25,0.0,26.375,0.0,26.5,0.0,25.375,10.0,0.0,0.0108,52.5684,5.2569,2.0,105.3302,1.809,0.9704,1.4695,1.1634,1.4906,0.0001,1.6077,0.0114,1.9595,8.0,0.072,1.0019,0.3303,2.7407,0.0059,0.9898,0.0469,1.8932,0.0,0.0,0.0,29.9855,26.0,25.0,38.0,37.0,14.0,0.0,0.0,0.0,0.0,62.5855,0.0,44.3907,0.0,0.0
22641.0,1.755,0.0944,1.0,0.08,1.2022,2.0558,1.0558,2.3113,1.3113,26.7581,2.0703,26.368,2.0547,100.0,0.0,0.0,0.0,25.25,0.0,26.375,0.0,26.5,0.0,25.5,10.0,0.0,0.0105,52.5683,5.2568,2.0,105.5271,1.8093,0.9801,1.4706,1.1552,1.4897,0.0001,1.6106,0.0114,1.9592,8.0,0.0704,1.0019,0.3186,2.725,0.0055,0.9649,0.0491,1.9126,0.0,0.0,0.0,29.9848,26.0,25.0,38.0,37.0,14.0,0.0,0.0,0.0,0.0,62.585,0.0,44.3901,0.0,0.0
22642.0,1.755,0.0944,1.0,0.0799,1.2019,2.0559,1.0559,2.3114,1.3114,26.6563,2.0663,26.3547,2.0542,100.0,0.0,0.0,0.0,25.375,0.0,26.5,0.0,26.375,0.0,25.375,10.0,0.0,0.0105,52.5684,5.2568,2.0,106.5572,1.811,0.9263,1.4647,1.158,1.49,0.0001,1.6133,0.0114,1.9592,8.0,0.068,1.0018,0.2937,2.6897,0.0059,0.9912,0.0471,1.895,0.0,0.0,0.0,29.9849,26.0,25.0,38.0,37.0,13.0,0.0,0.0,0.0,0.0,62.5852,0.0,44.3905,0.0,0.0
22643.0,1.7512,0.0939,1.0,0.0797,1.2014,2.0554,1.0554,2.3111,1.3111,26.6013,2.0641,26.3661,2.0546,100.0,0.0,0.0,0.0,25.375,0.0,26.5,0.0,26.375,0.0,25.5,10.0,0.0,0.0579,52.5682,5.2568,2.0,107.5851,1.8127,0.8894,1.4607,1.1622,1.4904,0.0001,1.6166,0.0114,1.9587,8.0,0.0659,1.0018,0.311,2.7146,0.0059,0.9912,0.047,1.8941,0.0,0.0,0.0,29.9852,26.0,25.0,38.0,37.0,13.0,0.0,0.0,0.0,0.0,62.5851,0.0,44.3904,0.0,0.0
22644.0,1.7433,0.0929,1.0,0.0799,1.202,2.055,1.055,2.3108,1.3108,26.739,2.0696,26.3807,2.0552,100.0,0.0,0.0,0.0,25.375,0.0,26.375,0.0,26.375,0.0,25.5,10.0,0.0,0.0105,52.5682,5.2568,2.0,111.3061,1.8186,1.2185,1.4966,1.1667,1.4909,0.0001,1.6197,0.0114,1.9583,8.0,0.0667,1.0018,0.2274,2.5787,0.0054,0.9554,0.0418,1.8435,0.0,0.0,0.0,29.9845,26.0,25.0,38.0,37.0,13.0,0.0,0.0,0.0,0.0,62.5853,0.0,44.3904,0.0,0.0
22645.0,1.7489,0.0936,1.0,0.0799,1.202,2.0555,1.0555,2.3111,1.3111,26.8417,2.0737,26.3665,2.0547,100.0,0.0,0.0,0.0,25.375,0.0,26.375,0.0,26.375,0.0,25.5,10.0,0.0,0.0106,52.5679,5.2568,2.0,112.4387,1.8204,1.1232,1.4862,1.1734,1.4916,0.0001,1.624,0.0114,1.9584,8.0,0.0694,1.0019,0.2526,2.6243,0.0063,1.0209,0.0391,1.8136,0.0,0.0,0.0,29.985,26.0,25.0,38.0,37.0,13.0,0.0,0.0,0.0,0.0,62.5854,0.0,44.3902,0.0,0.0
22646.0,1.7537,0.0942,1.0,0.0799,1.202,2.0558,1.0558,2.311,1.311,26.776,2.071,26.3689,2.0548,100.0,0.0,0.0,0.0,25.375,0.0,26.5,0.0,26.375,0.0,25.375,10.0,0.0,0.0105,52.5679,5.2568,2.0,113.0351,1.8213,1.1227,1.4861,1.1761,1.4919,0.0001,1.6265,0.0114,1.9583,8.0,0.0716,1.0019,0.2511,2.6218,0.0059,0.993,0.0422,1.8468,0.0,0.0,0.0,29.9846,26.0,25.0,38.0,37.0,13.0,0.0,0.0,0.0,0.0,62.5855,0.0,44.3903,0.0,0.0
22647.0,1.7519,0.094,1.0,0.08,1.2021,2.0561,1.0561,2.3109,1.3109,26.6681,2.0667,26.3644,2.0546,100.0,0.0,0.0,0.0,25.25,0.0,26.5,0.0,26.375,0.0,25.5,10.0,0.0,0.0103,52.5678,5.2568,2.0,114.9256,1.8242,1.1751,1.4918,1.1747,1.4918,0.0002,1.6294,0.0114,1.9582,8.0,0.0734,1.002,0.2289,2.5815,0.0057,0.9799,0.0375,1.7956,0.0,0.0,0.0,29.9848,26.0,25.0,38.0,37.0,13.0,0.0,0.0,0.0,0.0,62.5861,0.0,44.3905,0.0,0.0
22648.0,1.7485,0.0936,1.0,0.08,1.2022,2.0558,1.0558,2.3112,1.3112,26.5915,2.0637,26.3715,2.0549,100.0,0.0,0.0,0.0,25.375,0.0,26.375,0.0,26.5,0.0,25.5,10.0,0.0,0.0102,52.5679,5.2568,2.0,115.6302,1.8252,1.0226,1.4752,1.1724,1.4915,0.0002,1.6323,0.0114,1.9581,8.0,0.0687,1.0018,0.2113,2.5467,0.0062,1.0114,0.0363,1.7818,0.0,0.0,0.0,29.9849,26.0,25.0,38.0,37.0,14.0,0.0,0.0,0.0,0.0,62.5858,0.0,44.3903,0.0,0.0
22649.0,1.7436,0.093,1.0,0.08,1.2021,2.0552,1.0552,2.311,1.311,26.7665,2.0707,26.3812,2.0552,100.0,0.0,0.0,0.0,25.25,0.0,26.5,0.0,26.375,0.0,25.375,10.0,0.0,0.0099,52.5681,5.2568,2.0,115.3612,1.8248,0.9485,1.4671,1.1671,1.491,0.0002,1.6359,0.0114,1.9578,8.0,0.0654,1.0017,0.196,2.5141,0.0054,0.9549,0.0328,1.7377,0.0,0.0,0.0,29.9849,26.0,25.0,38.0,38.0,13.0,0.0,0.0,0.0,0.0,62.5855,0.0,44.3903,0.0,0.0
22650.0,1.7432,0.0929,1.0,0.0798,1.2018,2.055,1.055,2.3114,1.3114,26.858,2.0743,26.3699,2.0548,100.0,0.0,0.0,0.0,25.25,0.0,26.375,0.0,26.5,0.0,25.375,10.0,0.0,0.0112,52.5678,5.2568,2.0,116.2144,1.8261,0.9111,1.463,1.1624,1.4904,0.0002,1.6385,0.0114,1.9578,8.0,0.0662,1.0018,0.1745,2.4636,0.0062,1.0109,0.0355,1.7726,0.0,0.0,0.0,29.9847,26.0,25.0,38.0,38.0,14.0,0.0,0.0,0.0,0.0,62.5858,16.0,44.4241,0.0,0.0
22651.0,1.7425,0.0928,1.0,0.0799,1.2021,2.0558,1.0558,2.3114,1.3114,26.788,2.0715,26.3595,2.0544,100.0,0.0,0.0,0.0,25.25,0.0,26.5,0.0,26.5,0.0,25.375,10.0,0.0,0.0102,52.5679,5.2568,2.0,116.8587,1.8271,0.915,1.4635,1.1554,1.4897,0.0002,1.6413,0.0114,1.9575,8.0,0.0674,1.0018,0.2569,2.6316,0.0064,1.0249,0.0477,1.9,0.0,0.0,0.0,29.9848,26.0,25.0,38.0,38.0,14.0,0.0,0.0,0.0,0.0,62.5855,16.0,44.5985,0.0,0.0
22652.0,1.7409,0.0926,1.0,0.08,1.2022,2.0558,1.0558,2.3111,1.3111,26.6892,2.0676,26.3623,2.0545,100.0,0.0,0.0,0.0,25.375,0.0,26.5,0.0,26.375,0.0,25.375,10.0,0.0,0.0098,52.568,5.2568,2.0,117.1104,1.8274,0.836,1.4548,1.1587,1.49,0.0002,1.6443,0.0114,1.9576,8.0,0.0684,1.0018,0.2266,2.5771,0.0064,1.0301,0.0411,1.8356,0.0,0.0,0.0,29.9848,26.0,25.0,38.0,38.0,13.0,0.0,0.0,0.0,0.0,62.5853,0.0,44.7724,0.0,0.0
22653.0,1.7388,0.0923,1.0,0.0799,1.2019,2.0554,1.0554,2.3111,1.3111,26.6057,2.0642,26.3635,2.0545,100.0,0.0,0.0,0.0,25.5,0.0,26.5,0.0,26.5,0.0,25.5,10.0,0.0,0.0109,52.5679,5.2568,2.0,117.1374,1.8275,0.6945,1.4394,1.1534,1.4895,0.0002,1.6478,0.0114,1.9573,8.0,0.072,1.0019,0.206,2.5357,0.0058,0.986,0.0521,1.939,0.0,0.0,0.0,29.9842,26.0,25.0,38.0,37.0,14.0,0.0,0.0,0.0,0.0,62.5855,0.0,44.7748,0.0,0.0
22654.0,1.7384,0.0923,1.0,0.0799,1.2019,2.0553,1.0553,2.3111,1.3111,26.689,2.0676,26.3763,2.0551,100.0,0.0,0.0,0.0,25.25,0.0,26.375,0.0,26.375,0.0,25.5,10.0,0.0,0.0104,52.5679,5.2568,2.0,116.9022,1.8271,0.6615,1.4358,1.1478,1.4888,0.0002,1.6498,0.0114,1.9573,8.0,0.0734,1.002,0.1961,2.5144,0.0057,0.9747,0.0532,1.9475,0.0,0.0,0.0,29.9846,26.0,25.0,38.0,37.0,13.0,0.0,0.0,0.0,0.0,62.5852,0.0,44.775,0.0,0.0
22655.0,1.7384,0.0923,1.0,0.08,1.2023,2.0554,1.0554,2.3113,1.3113,26.8455,2.0738,26.3855,2.0554,100.0,0.0,0.0,0.0,25.25,0.0,26.375,0.0,26.5,0.0,25.375,10.0,0.0,0.0102,52.5678,5.2568,2.0,118.5394,1.8295,0.7567,1.4462,1.139,1.4879,0.0002,1.6526,0.0114,1.9574,8.0,0.0732,1.002,0.1822,2.4825,0.0064,1.03,0.0672,2.0492,0.0,0.0,0.0,29.9842,26.0,25.0,38.0,37.0,13.0,0.0,0.0,0.0,0.0,62.5856,0.0,44.7754,0.0,0.0
22656.0,1.7394,0.0924,1.0,0.0802,1.2028,2.0561,1.0561,2.3115,1.3115,26.8141,2.0726,26.3704,2.0548,100.0,0.0,0.0,0.0,25.25,0.0,26.375,0.0,26.5,0.0,25.375,10.0,0.0,0.0108,52.5677,5.2567,2.0,118.6304,1.8297,0.6548,1.4351,1.132,1.4871,0.0002,1.6557,0.0114,1.9572,8.0,0.0736,1.002,0.2135,2.5513,0.0057,0.9751,0.0758,2.1015,0.0,0.0,0.0,29.9847,26.0,25.0,38.0,37.0,12.0,0.0,0.0,0.0,0.0,62.5853,0.0,44.7754,0.0,0.0
22657.0,1.7384,0.0923,1.0,0.08,1.2022,2.0563,1.0563,2.3111,1.3111,26.7137,2.0685,26.3649,2.0546,100.0,0.0,0.0,0.0,25.375,0.0,26.375,0.0,26.5,0.0,25.5,10.0,0.0,0.0104,52.5678,5.2568,2.0,120.146,1.8319,0.7562,1.4461,1.1148,1.4853,0.0002,1.6581,0.0113,1.9569,8.0,0.0753,1.002,0.1837,2.486,0.0061,1.0095,0.0736,2.0888,0.0,0.0,0.0,29.985,26.0,25.0,38.0,37.0,14.0,0.0,0.0,0.0,0.0,62.5854,0.0,44.7754,0.0,0.0
22658.0,1.7397,0.0925,1.0,0.0798,1.2017,2.0558,1.0558,2.311,1.311,26.6074,2.0643,26.364,2.0546,100.0,0.0,0.0,0.0,25.375,0.0,26.375,0.0,26.375,0.0,25.375,10.0,0.0,0.0096,52.5679,5.2568,2.0,122.6446,1.8355,0.9417,1.4664,1.1115,1.4849,0.0002,1.6605,0.0113,1.9568,8.0,0.0731,1.002,0.177,2.4698,0.0058,0.983,0.072,2.0793,0.0,0.0,0.0,29.9847,26.0,25.0,38.0,37.0,14.0,0.0,0.0,0.0,0.0,62.5856,0.0,44.7756,0.0,0.0
22659.0,1.741,0.0926,1.0,0.0798,1.2017,2.0554,1.0554,2.3111,1.3111,26.6601,2.0664,26.3838,2.0554,100.0,0.0,0.0,0.0,25.375,0.0,26.375,0.0,26.625,0.0,25.375,10.0,0.0,0.0105,52.5677,5.2568,2.0,125.4054,1.8393,0.9178,1.4638,1.0944,1.483,0.0002,1.6626,0.0113,1.9562,8.0,0.0661,1.0018,0.1779,2.4719,0.0065,1.0337,0.0685,2.0578,0.0,0.0,0.0,29.9852,26.0,25.0,38.0,37.0,13.0,0.0,0.0,0.0,0.0,62.5851,0.0,44.7756,0.0,0.0
22660.0,1.7366,0.0921,1.0,0.08,1.2022,2.0552,1.0552,2.3113,1.3113,26.8405,2.0736,26.3864,2.0555,100.0,0.0,0.0,0.0,25.25,0.0,26.5,0.0,26.625,0.0,25.375,10.0,0.0,0.0129,52.5675,5.2567,2.0,127.084,1.8416,1.4394,1.5207,1.0879,1.4823,0.0002,1.666,0.0113,1.9561,8.0,0.0689,1.0018,0.2588,2.6348,0.0069,1.0616,0.0716,2.077,0.0,0.0,0.0,29.9853,26.0,25.0,38.0,37.0,13.0,0.0,0.0,0.0,0.0,62.5853,0.0,44.7754,0.0,0.0
22661.0,1.7447,0.0931,1.0,0.0798,1.2017,2.0556,1.0556,2.3115,1.3115,26.8268,2.0731,26.3717,2.0549,100.0,0.0,0.0,0.0,25.375,0.0,26.375,0.0,26.375,0.0,25.5,10.0,0.0,0.0104,52.5675,5.2567,2.0,134.8991,1.852,1.5114,1.5285,1.091,1.4827,0.0002,1.6687,0.0113,1.9559,8.0,0.0694,1.0019,0.1955,2.513,0.0055,0.9645,0.0638,2.0265,0.0,0.0,0.0,29.9856,26.0,25.0,38.0,37.0,13.0,0.0,0.0,0.0,0.0,62.586,0.0,44.7761,0.0,0.0
22662.0,1.7513,0.0939,1.0,0.0799,1.2021,2.0558,1.0558,2.3114,1.3114,26.7395,2.0696,26.3608,2.0544,100.0,0.0,0.0,0.0,25.375,0.0,26.5,0.0,26.375,0.0,25.375,10.0,0.0,0.01,52.5677,5.2568,2.0,136.1734,1.8536,1.4284,1.5195,1.0883,1.4824,0.0002,1.6713,0.0113,1.956,8.0,0.0721,1.0019,0.2291,2.5818,0.0058,0.9859,0.0608,2.0056,0.0,0.0,0.0,29.9844,26.0,25.0,38.0,37.0,12.0,0.0,0.0,0.0,0.0,62.5849,0.0,44.7755,0.0,0.0
22663.0,1.7514,0.0939,1.0,0.0801,1.2026,2.0559,1.0559,2.3112,1.3112,26.5989,2.064,26.3547,2.0542,100.0,0.0,0.0,0.0,25.375,0.0,26.5,0.0,26.5,0.0,25.375,10.0,0.0,0.0106,52.5677,5.2567,2.0,136.766,1.8544,1.3118,1.5067,1.0961,1.4832,0.0002,1.6747,0.0113,1.956,8.0,0.0734,1.002,0.2012,2.5254,0.0068,1.0561,0.0568,1.9762,0.0,0.0,0.0,29.9844,26.0,25.0,38.0,37.0,13.0,0.0,0.0,0.0,0.0,62.5851,0.0,44.7753,0.0,0.0
22664.0,1.7524,0.0941,1.0,0.0802,1.2028,2.0554,1.0554,2.3115,1.3115,26.669,2.0668,26.3762,2.055,100.0,0.0,0.0,0.0,25.25,0.0,26.5,0.0,26.625,0.0,25.375,10.0,0.0,0.01,52.5675,5.2568,2.0,138.4814,1.8566,1.2442,1.4994,1.0969,1.4833,0.0002,1.6779,0.0113,1.9559,8.0,0.0756,1.002,0.2074,2.5386,0.0053,0.9443,0.0612,2.0087,0.0,0.0,0.0,29.9846,26.0,25.0,38.0,37.0,13.0,0.0,0.0,0.0,0.0,62.5847,0.0,44.7746,0.0,0.0
22665.0,1.7516,0.0939,1.0,0.0801,1.2026,2.0552,1.0552,2.3116,1.3116,26.8253,2.073,26.3894,2.0556,100.0,0.0,0.0,0.0,25.25,0.0,26.375,0.0,26.5,0.0,25.375,10.0,0.0,0.0103,52.5676,5.2568,2.0,137.8667,1.8558,1.0977,1.4834,1.0942,1.483,0.0002,1.6805,0.0113,1.9558,8.0,0.0742,1.002,0.1767,2.4691,0.0057,0.9815,0.058,1.9855,0.0,0.0,0.0,29.9848,26.0,25.0,38.0,37.0,13.0,0.0,0.0,0.0,0.0,62.5853,0.0,44.775,0.0,0.0
22666.0,1.7508,0.0938,1.0,0.08,1.2024,2.0555,1.0555,2.3115,1.3115,26.8395,2.0736,26.3767,2.0551,100.0,0.0,0.0,0.0,25.25,0.0,26.5,0.0,26.5,0.0,25.375,10.0,0.0,0.0106,52.5674,5.2567,2.0,138.0698,1.856,1.0284,1.4758,1.0933,1.4829,0.0002,1.6827,0.0113,1.9559,8.0,0.0748,1.002,0.1821,2.4821,0.006,0.9999,0.0568,1.9763,0.0,0.0,0.0,29.9845,26.0,25.0,38.0,38.0,15.0,0.0,0.0,0.0,0.0,62.5852,0.0,44.7748,0.0,0.0
22667.0,1.7459,0.0932,1.0,0.08,1.2024,2.0559,1.0559,2.3115,1.3115,26.7537,2.0701,26.368,2.0547,100.0,0.0,0.0,0.0,25.25,0.0,26.375,0.0,26.5,0.0,25.375,10.0,0.0,0.01,52.5674,5.2568,2.0,138.5852,1.8567,0.9261,1.4647,1.0898,1.4825,0.0002,1.6856,0.0113,1.9554,8.0,0.0724,1.0019,0.1539,2.4091,0.0066,1.0428,0.0489,1.911,0.0,0.0,0.0,29.985,26.0,25.0,38.0,38.0,14.0,0.0,0.0,0.0,0.0,62.5853,0.0,44.7749,0.0,0.0
22668.0,1.7406,0.0926,1.0,0.0799,1.2019,2.0559,1.0559,2.3113,1.3113,26.6413,2.0657,26.3528,2.0541,100.0,0.0,0.0,0.0,25.375,0.0,26.375,0.0,26.375,0.0,25.375,10.0,0.0,0.01,52.5677,5.2568,2.0,138.8798,1.8571,0.9548,1.4678,1.0848,1.482,0.0002,1.688,0.0113,1.9554,8.0,0.0688,1.0018,0.1709,2.4546,0.0059,0.996,0.0496,1.9169,0.0,0.0,0.0,29.9851,26.0,25.0,38.0,38.0,14.0,0.0,0.0,0.0,0.0,62.585,16.0,44.7795,0.0,0.0
22669.0,1.7387,0.0923,1.0,0.08,1.2024,2.0557,1.0557,2.3115,1.3115,26.6229,2.0649,26.374,2.055,100.0,0.0,0.0,0.0,25.25,0.0,26.375,0.0,26.5,0.0,25.375,10.0,0.0,0.0105,52.5676,5.2567,2.0,141.4864,1.8603,1.0215,1.4751,1.0833,1.4818,0.0002,1.6906,0.0113,1.9553,8.0,0.0668,1.0018,0.1461,2.3866,0.0064,1.0267,0.0604,2.0029,0.0,0.0,0.0,29.9842,26.0,25.0,38.0,38.0,14.0,0.0,0.0,0.0,0.0,62.5855,16.0,44.9595,0.0,0.0
22670.0,1.7388,0.0923,1.0,0.0799,1.2019,2.0552,1.0552,2.3111,1.3111,26.7817,2.0713,26.3924,2.0557,100.0,0.0,0.0,0.0,25.5,0.0,26.375,0.0,26.625,0.0,25.5,10.0,0.0,0.0104,52.5672,5.2567,2.0,143.3226,1.8625,1.0392,1.477,1.0718,1.4806,0.0002,1.693,0.0113,1.9548,8.0,0.0672,1.0018,0.1603,2.4268,0.0066,1.0393,0.0754,2.0992,0.0,0.0,0.0,29.9848,26.0,25.0,38.0,38.0,14.0,0.0,0.0,0.0,0.0,62.5854,0.0,45.1491,0.0,0.0
22671.0,1.7382,0.0923,1.0,0.0798,1.2017,2.0555,1.0555,2.3115,1.3115,26.8382,2.0735,26.3679,2.0547,100.0,0.0,0.0,0.0,25.25,0.0,26.5,0.0,26.375,0.0,25.5,10.0,0.0,0.0104,52.5672,5.2567,2.0,144.9882,1.8645,0.9441,1.4666,1.0594,1.4792,0.0002,1.696,0.0113,1.9547,8.0,0.071,1.0019,0.1458,2.3855,0.0062,1.0108,0.0739,2.0903,0.0,0.0,0.0,29.9852,26.0,25.0,38.0,38.0,14.0,0.0,0.0,0.0,0.0,62.5852,0.0,45.1709,0.0,0.0
22672.0,1.7384,0.0923,1.0,0.0799,1.2019,2.0557,1.0557,2.3117,1.3117,26.7679,2.0707,26.358,2.0543,100.0,0.0,0.0,0.0,25.375,0.0,26.5,0.0,26.375,0.0,25.5,10.0,0.0,0.0104,52.5674,5.2567,2.0,143.8122,1.8631,0.7959,1.4505,1.054,1.4786,0.0002,1.6984,0.0113,1.9547,8.0,0.0746,1.002,0.1407,2.3702,0.0059,0.9932,0.0666,2.0453,0.0,0.0,0.0,29.9849,26.0,25.0,38.0,38.0,14.0,0.0,0.0,0.0,0.0,62.5859,0.0,45.1712,0.0,0.0
22673.0,1.7384,0.0923,1.0,0.0799,1.2021,2.0559,1.0559,2.3118,1.3118,26.6499,2.066,26.3595,2.0544,100.0,0.0,0.0,0.0,25.25,0.0,26.5,0.0,26.5,0.0,25.5,10.0,0.0,0.0102,52.567,5.2567,2.0,144.2153,1.8636,0.8267,1.4538,1.0426,1.4774,0.0002,1.7006,0.0113,1.9545,8.0,0.0734,1.002,0.1078,2.2546,0.0056,0.9684,0.0551,1.9627,0.0,0.0,0.0,29.9848,26.0,25.0,38.0,38.0,14.0,0.0,0.0,0.0,0.0,62.5851,0.0,45.1704,0.0,0.0
22674.0,1.7394,0.0924,1.0,0.0798,1.2017,2.0557,1.0557,2.3113,1.3113,26.6034,2.0641,26.37,2.0548,100.0,0.0,0.0,0.0,25.375,0.0,26.375,0.0,26.375,0.0,25.5,10.0,0.0,0.0107,52.5673,5.2568,2.0,146.8806,1.8668,0.7881,1.4496,1.0375,1.4768,0.0002,1.7028,0.0113,1.9543,8.0,0.0741,1.002,0.1007,2.2251,0.0056,0.9731,0.0577,1.9832,0.0,0.0,0.0,29.9847,26.0,25.0,38.0,38.0,15.0,0.0,0.0,0.0,0.0,62.5848,0.0,45.1706,0.0,0.0
22675.0,1.7398,0.0925,1.0,0.0802,1.2029,2.0553,1.0553,2.3111,1.3111,26.7752,2.071,26.3817,2.0553,100.0,0.0,0.0,0.0,25.375,0.0,26.375,0.0,26.375,0.0,25.5,10.0,0.0,0.01,52.5671,5.2567,2.0,145.9199,1.8656,0.7812,1.4489,1.0393,1.477,0.0002,1.706,0.0113,1.9545,8.0,0.0771,1.0021,0.1937,2.5089,0.0061,1.0037,0.0548,1.9604,0.0,0.0,0.0,29.9843,26.0,25.0,38.0,38.0,14.0,0.0,0.0,0.0,0.0,62.5852,0.0,45.1704,0.0,0.0
22676.0,1.7414,0.0927,1.0,0.0802,1.2027,2.0553,1.0553,2.3114,1.3114,26.8474,2.0739,26.3804,2.0552,100.0,0.0,0.0,0.0,25.375,0.0,26.375,0.0,26.625,0.0,25.5,10.0,0.0,0.0107,52.5675,5.2568,2.0,148.3114,1.8685,0.872,1.4588,1.0333,1.4764,0.0002,1.7079,0.0113,1.9544,8.0,0.0753,1.002,0.1785,2.4734,0.0065,1.0332,0.0529,1.9455,0.0,0.0,0.0,29.9843,26.0,25.0,38.0,38.0,14.0,0.0,0.0,0.0,0.0,62.5854,0.0,45.1707,0.0,0.0
22677.0,1.7444,0.0931,1.0,0.0802,1.2028,2.0558,1.0558,2.3118,1.3118,26.7799,2.0712,26.3694,2.0548,100.0,0.0,0.0,0.0,25.25,0.0,26.375,0.0,26.5,0.0,25.375,10.0,0.0,0.0104,52.5673,5.2567,2.0,150.1624,1.8706,0.9105,1.463,1.0197,1.4749,0.0002,1.7105,0.0113,1.954,8.0,0.0758,1.002,0.1592,2.4237,0.006,1.0012,0.0589,1.992,0.0,0.0,0.0,29.9846,26.0,25.0,38.0,38.0,16.0,0.0,0.0,0.0,0.0,62.5861,0.0,45.171,0.0,0.0
22678.0,1.7428,0.0928,1.0,0.08,1.2023,2.0559,1.0559,2.3114,1.3114,26.6591,2.0664,26.3654,2.0546,100.0,0.0,0.0,0.0,25.5,0.0,26.5,0.0,26.375,0.0,25.375,10.0,0.0,0.0123,52.5672,5.2567,2.0,152.8909,1.8738,0.9647,1.4689,1.0148,1.4743,0.0002,1.7127,0.0113,1.9537,8.0,0.0708,1.0019,0.15,2.398,0.0061,1.0085,0.0506,1.9264,0.0,0.0,0.0,29.9845,26.0,25.0,38.0,38.0,15.0,0.0,0.0,0.0,0.0,62.5849,0.0,45.1706,0.0,0.0
22679.0,1.7379,0.0922,1.0,0.0799,1.2019,2.0558,1.0558,2.3111,1.3111,26.5907,2.0636,26.3668,2.0547,100.0,0.0,0.0,0.0,25.375,0.0,26.5,0.0,26.5,0.0,25.375,10.0,0.0,0.0106,52.5672,5.2567,2.0,156.9998,1.8784,1.1345,1.4874,1.0095,1.4738,0.0002,1.7147,0.0113,1.9536,8.0,0.0696,1.0019,0.1682,2.4477,0.006,0.9968,0.0638,2.0268,0.0,0.0,0.0,29.9844,26.0,25.0,38.0,38.0,13.0,0.0,0.0,0.0,0.0,62.5851,0.0,45.1708,0.0,0.0
22680.0,1.7373,0.0922,1.0,0.0798,1.2016,2.0554,1.0554,2.3113,1.3113,26.7125,2.0685,26.3791,2.0552,100.0,0.0,0.0,0.0,25.375,0.0,26.5,0.0,26.5,0.0,25.375,10.0,0.0,0.0104,52.5672,5.2567,2.0,157.5295,1.8789,0.972,1.4697,1.0138,1.4742,0.0002,1.7173,0.0113,1.9535,8.0,0.0705,1.0019,0.132,2.3424,0.0064,1.0275,0.0583,1.9874,0.0,0.0,0.0,29.9848,26.0,25.0,38.0,38.0,13.0,0.0,0.0,0.0,0.0,62.585,0.0,45.1709,0.0,0.0
22681.0,1.7384,0.0923,1.0,0.0799,1.202,2.0552,1.0552,2.3117,1.3117,26.8448,2.0738,26.374,2.055,100.0,0.0,0.0,0.0,25.375,0.0,26.375,0.0,26.5,0.0,25.375,10.0,0.0,0.0103,52.5674,5.2568,2.0,155.9565,1.8772,0.678,1.4376,1.0169,1.4746,0.0002,1.7201,0.0113,1.9534,8.0,0.0728,1.0019,0.1724,2.4583,0.0063,1.0196,0.0566,1.9744,0.0,0.0,0.0,29.9846,26.0,25.0,38.0,38.0,14.0,0.0,0.0,0.0,0.0,62.5856,0.0,45.171,0.0,0.0
22682.0,1.7365,0.0921,1.0,0.0799,1.2019,2.0557,1.0557,2.3116,1.3116,26.7918,2.0717,26.3694,2.0548,100.0,0.0,0.0,0.0,25.375,0.0,26.375,0.0,26.5,0.0,25.5,10.0,0.0,0.0096,52.5669,5.2567,2.0,154.2344,1.8753,0.6279,1.4321,1.0149,1.4743,0.0002,1.7231,0.0113,1.9532,8.0,0.071,1.0019,0.1647,2.4385,0.0057,0.9793,0.0733,2.0869,0.0,0.0,0.0,29.9849,26.0,25.0,38.0,37.0,15.0,0.0,0.0,0.0,0.0,62.586,0.0,45.171,0.0,0.0
22683.0,1.7346,0.0918,1.0,0.08,1.2021,2.0558,1.0558,2.3114,1.3114,26.6788,2.0672,26.3656,2.0546,100.0,0.0,0.0,0.0,25.25,0.0,26.375,0.0,26.5,0.0,25.5,10.0,0.0,0.0104,52.567,5.2567,2.0,155.2378,1.8764,0.6634,1.436,1.0192,1.4748,0.0002,1.7256,0.0113,1.9534,8.0,0.0731,1.002,0.1681,2.4473,0.0064,1.0304,0.0703,2.0687,0.0,0.0,0.0,29.9844,26.0,25.0,38.0,37.0,13.0,0.0,0.0,0.0,0.0,62.5849,0.0,45.1703,0.0,0.0
22684.0,1.7353,0.0919,1.0,0.0797,1.2014,2.0558,1.0558,2.3112,1.3112,26.5894,2.0636,26.3584,2.0543,100.0,0.0,0.0,0.0,25.25,0.0,26.375,0.0,26.5,0.0,25.375,10.0,0.0,0.0108,52.5669,5.2567,2.0,156.5343,1.8778,0.6097,1.4302,1.0089,1.4737,0.0002,1.7277,0.0113,1.9536,8.0,0.0727,1.0019,0.179,2.4747,0.006,0.9995,0.0614,2.0097,0.0,0.0,0.0,29.9848,26.0,25.0,38.0,37.0,14.0,0.0,0.0,0.0,0.0,62.5853,0.0,45.1703,0.0,0.0
22685.0,1.7363,0.092,1.0,0.0802,1.2028,2.0553,1.0553,2.3111,1.3111,26.6947,2.0678,26.3784,2.0551,100.0,0.0,0.0,0.0,25.375,0.0,26.375,0.0,26.5,0.0,25.375,10.0,0.0,0.0104,52.567,5.2567,2.0,155.1084,1.8763,0.4602,1.4138,1.0135,1.4742,0.0002,1.7306,0.0113,1.9535,8.0,0.0774,1.0021,0.1849,2.4889,0.0066,1.0386,0.0654,2.0376,0.0,0.0,0.0,29.9845,26.0,25.0,38.0,37.0,13.0,0.0,0.0,0.0,0.0,62.5851,0.0,45.171,0.0,0.0
22686.0,1.7389,0.0924,1.0,0.0801,1.2025,2.0552,1.0552,2.3114,1.3114,26.8557,2.0742,26.3847,2.0554,100.0,0.0,0.0,0.0,25.5,0.0,26.5,0.0,26.5,0.0,25.375,10.0,0.0,0.0094,52.5673,5.2567,2.0,154.3514,1.8754,0.3709,1.4041,1.0112,1.4739,0.0002,1.7331,0.0113,1.9533,8.0,0.0754,1.002,0.1411,2.3713,0.0061,1.008,0.0601,2.0009,0.0,0.0,0.0,29.9847,26.0,25.0,38.0,38.0,13.0,0.0,0.0,0.0,0.0,62.5858,0.0,45.1707,0.0,0.0
22687.0,1.7394,0.0924,1.0,0.0802,1.2027,2.0556,1.0556,2.3115,1.3115,26.832,2.0733,26.3672,2.0547,100.0,0.0,0.0,0.0,25.375,0.0,26.5,0.0,26.375,0.0,25.625,10.0,0.0,0.0101,52.5669,5.2566,2.0,154.636,1.8757,0.5337,1.4219,1.0171,1.4746,0.0002,1.7356,0.0113,1.9532,8.0,0.0737,1.002,0.1347,2.3512,0.0057,0.9798,0.0684,2.0568,0.0,0.0,0.0,29.9846,26.0,25.0,38.0,38.0,16.0,0.0,0.0,0.0,0.0,62.5849,0.0,45.1706,0.0,0.0
22688.0,1.7404,0.0926,1.0,0.0798,1.2017,2.0559,1.0559,2.3115,1.3115,26.7186,2.0687,26.3623,2.0545,100.0,0.0,0.0,0.0,25.375,0.0,26.375,0.0,26.375,0.0,25.5,10.0,0.0,0.0101,52.5667,5.2567,2.0,158.4529,1.88,0.5738,1.4262,1.0152,1.4744,0.0002,1.7378,0.0113,1.9531,8.0,0.0717,1.0019,0.1845,2.4878,0.0056,0.9686,0.0728,2.084,0.0,0.0,0.0,29.9842,26.0,25.0,38.0,38.0,15.0,0.0,0.0,0.0,0.0,62.5852,0.0,45.1705,0.0,0.0
22689.0,1.7405,0.0926,1.0,0.0799,1.2019,2.0559,1.0559,2.3112,1.3112,26.5925,2.0637,26.3647,2.0546,100.0,0.0,0.0,0.0,25.375,0.0,26.375,0.0,26.5,0.0,25.5,10.0,0.0,0.0096,52.5668,5.2567,2.0,160.3559,1.882,0.67,1.4367,1.0021,1.473,0.0002,1.7401,0.0113,1.953,8.0,0.0697,1.0019,0.2013,2.5256,0.0058,0.9889,0.0651,2.0357,0.0,0.0,0.0,29.9848,26.0,25.0,38.0,38.0,15.0,0.0,0.0,0.0,0.0,62.5858,0.0,45.1705,0.0,0.0
22690.0,1.7415,0.0927,1.0,0.08,1.2024,2.0554,1.0554,2.3114,1.3114,26.6558,2.0662,26.38,2.0552,100.0,0.0,0.0,0.0,25.375,0.0,26.375,0.0,26.5,0.0,25.5,10.0,0.0,0.0106,52.5669,5.2567,2.0,160.916,1.8826,0.5916,1.4282,1.0054,1.4733,0.0002,1.7425,0.0113,1.9527,8.0,0.0703,1.0019,0.1678,2.4465,0.006,0.9992,0.064,2.0283,0.0,0.0,0.0,29.9846,26.0,25.0,38.0,38.0,13.0,0.0,0.0,0.0,0.0,62.5855,0.0,45.1707,0.0,0.0
22691.0,1.7415,0.0927,1.0,0.0798,1.2017,2.0552,1.0552,2.3112,1.3112,26.8198,2.0728,26.3835,2.0553,100.0,0.0,0.0,0.0,25.375,0.0,26.625,0.0,26.5,0.0,25.5,10.0,0.0,0.0106,52.5668,5.2567,2.0,161.062,1.8828,0.6355,1.433,1.0061,1.4734,0.0002,1.7452,0.0113,1.9524,8.0,0.0697,1.0019,0.1878,2.4956,0.0064,1.0261,0.0556,1.9667,0.0,0.0,0.0,29.9848,26.0,25.0,38.0,38.0,13.0,0.0,0.0,0.0,0.0,62.585,0.0,45.1705,0.0,0.0
22692.0,1.7425,0.0928,1.0,0.0799,1.202,2.0553,1.0553,2.3116,1.3116,26.8281,2.0731,26.3623,2.0545,100.0,0.0,0.0,0.0,25.25,0.0,26.375,0.0,26.5,0.0,25.5,10.0,0.0,0.0104,52.5667,5.2567,2.0,164.115,1.8861,0.7355,1.4439,1.0029,1.473,0.0002,1.7478,0.0113,1.9525,8.0,0.0718,1.0019,0.1436,2.3792,0.0057,0.9799,0.0574,1.981,0.0,0.0,0.0,29.9844,26.0,25.0,38.0,38.0,13.0,0.0,0.0,0.0,0.0,62.5848,0.0,45.171,0.0,0.0
22693.0,1.7423,0.0928,1.0,0.0798,1.2017,2.0554,1.0554,2.3115,1.3115,26.7142,2.0686,26.3578,2.0543,100.0,0.0,0.0,0.0,25.375,0.0,26.5,0.0,26.5,0.0,25.5,10.0,0.0,0.0102,52.5668,5.2567,2.0,165.2859,1.8873,0.6585,1.4355,0.9953,1.4722,0.0003,1.7501,0.0113,1.9525,8.0,0.075,1.002,0.1837,2.4859,0.0056,0.9699,0.0565,1.9738,0.0,0.0,0.0,29.9843,26.0,25.0,38.0,38.0,14.0,0.0,0.0,0.0,0.0,62.5849,0.0,45.1708,0.0,0.0
22694.0,1.7401,0.0925,1.0,0.08,1.2022,2.0558,1.0558,2.3113,1.3113,26.591,2.0636,26.3562,2.0542,100.0,0.0,0.0,0.0,25.375,0.0,26.5,0.0,26.5,0.0,25.375,10.0,0.0,0.0101,52.5666,5.2567,2.0,165.6066,1.8876,0.824,1.4535,0.983,1.4709,0.0003,1.7523,0.0113,1.9525,8.0,0.0779,1.0021,0.1594,2.4243,0.0057,0.9748,0.0643,2.0297,0.0,0.0,0.0,29.9843,26.0,25.0,38.0,38.0,14.0,0.0,0.0,0.0,0.0,62.5856,0.0,45.1707,0.0,0.0
22695.0,1.741,0.0926,1.0,0.0799,1.2021,2.0558,1.0558,2.311,1.311,26.65,2.066,26.383,2.0553,100.0,0.0,0.0,0.0,25.375,0.0,26.375,0.0,26.5,0.0,25.375,10.0,0.0,0.011,52.5666,5.2566,2.0,170.7619,1.893,0.9031,1.4622,0.9678,1.4692,0.0003,1.7541,0.0113,1.9525,8.0,0.0742,1.002,0.2348,2.5925,0.0058,0.9865,0.0642,2.0295,0.0,0.0,0.0,29.9843,26.0,25.0,38.0,38.0,14.0,0.0,0.0,0.0,0.0,62.5854,0.0,45.1704,0.0,0.0
22696.0,1.7407,0.0926,1.0,0.08,1.2022,2.0556,1.0556,2.3113,1.3113,26.8136,2.0725,26.3907,2.0556,100.0,0.0,0.0,0.0,25.375,0.0,26.375,0.0,26.5,0.0,25.5,10.0,0.0,0.0096,52.5665,5.2567,2.0,171.347,1.8936,0.8193,1.453,0.9743,1.4699,0.0003,1.7565,0.0113,1.9525,8.0,0.0734,1.002,0.1932,2.5077,0.0063,1.0237,0.0609,2.0064,0.0,0.0,0.0,29.9851,26.0,25.0,38.0,38.0,12.0,0.0,0.0,0.0,0.0,62.5853,0.0,45.171,0.0,0.0
22697.0,1.7436,0.0929,1.0,0.08,1.2024,2.0556,1.0556,2.3116,1.3116,26.8266,2.0731,26.3733,2.0549,100.0,0.0,0.0,0.0,25.25,0.0,26.5,0.0,26.375,0.0,25.375,10.0,0.0,0.0102,52.5664,5.2567,2.0,172.3996,1.8946,0.8107,1.4521,0.9681,1.4692,0.0003,1.7592,0.0113,1.9522,8.0,0.0704,1.0019,0.194,2.5097,0.0057,0.9813,0.0566,1.975,0.0,0.0,0.0,29.9849,26.0,25.0,38.0,38.0,14.0,0.0,0.0,0.0,0.0,62.5856,0.0,45.171,0.0,0.0
22698.0,1.7437,0.093,1.0,0.08,1.2022,2.0558,1.0558,2.3114,1.3114,26.7383,2.0695,26.3665,2.0547,100.0,0.0,0.0,0.0,25.25,0.0,26.375,0.0,26.375,0.0,25.375,10.0,0.0,0.0102,52.5668,5.2567,2.0,172.6112,1.8948,0.7649,1.4471,0.9487,1.4671,0.0003,1.7606,0.0113,1.9518,8.0,0.0669,1.0018,0.1657,2.441,0.006,1.0007,0.0601,2.001,0.0,0.0,0.0,29.9844,26.0,25.0,38.0,38.0,12.0,0.0,0.0,0.0,0.0,62.5852,0.0,45.1703,0.0,0.0
22699.0,1.7442,0.093,1.0,0.0799,1.202,2.0559,1.0559,2.3112,1.3112,26.6106,2.0644,26.3642,2.0546,100.0,0.0,0.0,0.0,25.375,0.0,26.5,0.0,26.5,0.0,25.5,10.0,0.0,0.0097,52.5665,5.2566,2.0,176.5948,1.8988,0.9369,1.4658,0.9374,1.4659,0.0003,1.7626,0.0113,1.9518,8.0,0.0655,1.0017,0.1898,2.5001,0.0059,0.991,0.0704,2.0697,0.0,0.0,0.0,29.9845,26.0,25.0,38.0,38.0,14.0,0.0,0.0,0.0,0.0,62.5852,0.0,45.1706,0.0,0.0
22700.0,1.7423,0.0928,1.0,0.0798,1.2017,2.0557,1.0557,2.3111,1.3111,26.6096,2.0644,26.3771,2.0551,100.0,0.0,0.0,0.0,25.375,0.0,26.5,0.0,26.5,0.0,25.375,10.0,0.0,0.0106,52.5664,5.2566,2.0,176.5724,1.8988,0.7565,1.4462,0.934,1.4655,0.0003,1.7644,0.0113,1.9516,8.0,0.0665,1.0018,0.1675,2.4459,0.006,1.0026,0.0719,2.0784,0.0,0.0,0.0,29.9848,26.0,25.0,38.0,38.0,13.0,0.0,0.0,0.0,0.0,62.5852,0.0,45.1708,0.0,0.0
22701.0,1.7435,0.0929,1.0,0.0797,1.2016,2.0552,1.0552,2.3115,1.3115,26.7964,2.0719,26.3857,2.0554,100.0,0.0,0.0,0.0,25.25,0.0,26.5,0.0,26.5,0.0,25.375,10.0,0.0,0.0099,52.5664,5.2566,2.0,177.2113,1.8994,0.7536,1.4459,0.9211,1.4641,0.0003,1.7666,0.0113,1.9512,8.0,0.0675,1.0018,0.1682,2.4478,0.0059,0.9936,0.067,2.0477,0.0,0.0,0.0,29.9842,26.0,25.0,38.0,38.0,15.0,0.0,0.0,0.0,0.0,62.5851,16.0,45.1996,0.0,0.0
22702.0,1.7425,0.0928,1.0,0.0802,1.2029,2.0554,1.0554,2.3119,1.3119,26.8579,2.0743,26.3775,2.0551,100.0,0.0,0.0,0.0,25.5,0.0,26.375,0.0,26.625,0.0,25.375,10.0,0.0,0.0106,52.5661,5.2566,2.0,177.9832,1.9002,0.79,1.4498,0.9189,1.4639,0.0003,1.7687,0.0113,1.9513,8.0,0.0753,1.002,0.1381,2.3621,0.0062,1.0142,0.0602,2.0015,0.0,0.0,0.0,29.984,26.0,25.0,38.0,38.0,12.0,0.0,0.0,0.0,0.0,62.5854,16.0,45.3789,0.0,0.0
22703.0,1.741,0.0926,1.0,0.0799,1.2019,2.0562,1.0562,2.3116,1.3116,26.7849,2.0714,26.3684,2.0547,100.0,0.0,0.0,0.0,25.375,0.0,26.5,0.0,26.5,0.0,25.375,10.0,0.0,0.0099,52.5665,5.2567,2.0,180.3868,1.9025,0.8479,1.4561,0.9023,1.4621,0.0003,1.7705,0.0113,1.9514,8.0,0.0754,1.002,0.1609,2.4285,0.0055,0.9592,0.0644,2.0309,0.0,0.0,0.0,29.9843,26.0,25.0,38.0,38.0,15.0,0.0,0.0,0.0,0.0,62.5858,0.0,45.5484,0.0,0.0
22704.0,1.7407,0.0926,1.0,0.0799,1.202,2.0559,1.0559,2.3117,1.3117,26.6689,2.0668,26.3595,2.0544,100.0,0.0,0.0,0.0,25.25,0.0,26.5,0.0,26.5,0.0,25.375,10.0,0.0,0.0099,52.5663,5.2566,2.0,183.8087,1.9057,0.8616,1.4576,0.8883,1.4605,0.0003,1.7721,0.0113,1.9509,8.0,0.0713,1.0019,0.1898,2.5,0.0061,1.0057,0.0732,2.0866,0.0,0.0,0.0,29.9846,26.0,25.0,38.0,38.0,14.0,0.0,0.0,0.0,0.0,62.5858,0.0,45.5607,0.0,0.0
22705.0,1.7443,0.093,1.0,0.0799,1.2019,2.0556,1.0556,2.3115,1.3115,26.621,2.0648,26.3706,2.0548,100.0,0.0,0.0,0.0,25.375,0.0,26.375,0.0,26.625,0.0,25.375,10.0,0.0,0.0105,52.5662,5.2566,2.0,184.8277,1.9067,0.8424,1.4555,0.8715,1.4587,0.0003,1.7741,0.0113,1.9507,8.0,0.07,1.0019,0.1764,2.4684,0.0056,0.9721,0.0947,2.1982,0.0,0.0,0.0,29.9844,26.0,25.0,38.0,38.0,14.0,0.0,0.0,0.0,0.0,62.5851,0.0,45.5607,0.0,0.0
22706.0,1.7439,0.093,1.0,0.0798,1.2017,2.0552,1.0552,2.3115,1.3115,26.7594,2.0704,26.3905,2.0556,100.0,0.0,0.0,0.0,25.25,0.0,26.5,0.0,26.5,0.0,25.375,10.0,0.0,0.0103,52.5661,5.2566,2.0,184.6489,1.9065,0.7748,1.4482,0.8629,1.4578,0.0003,1.7758,0.0113,1.9505,8.0,0.0662,1.0018,0.2497,2.6192,0.0061,1.0049,0.0955,2.2021,0.0,0.0,0.0,29.9843,26.0,25.0,38.0,38.0,14.0,0.0,0.0,0.0,0.0,62.5853,0.0,45.5604,0.0,0.0
22707.0,1.7436,0.0929,1.0,0.0796,1.2012,2.0552,1.0552,2.3119,1.3119,26.8577,2.0743,26.3793,2.0552,100.0,0.0,0.0,0.0,25.25,0.0,26.375,0.0,26.5,0.0,25.5,10.0,0.0,0.0101,52.5663,5.2566,2.0,186.6926,1.9085,0.7842,1.4492,0.8468,1.456,0.0003,1.7771,0.0113,1.9503,8.0,0.066,1.0018,0.2514,2.6223,0.0055,0.9619,0.0974,2.2103,0.0,0.0,0.0,29.9844,26.0,25.0,38.0,38.0,14.0,0.0,0.0,0.0,0.0,62.5854,0.0,45.5604,0.0,0.0
22708.0,1.7416,0.0927,1.0,0.0798,1.2016,2.0562,1.0562,2.3118,1.3118,26.7968,2.0719,26.376,2.055,100.0,0.0,0.0,0.0,25.375,0.0,26.375,0.0,26.5,0.0,25.5,10.0,0.0,0.0099,52.5665,5.2566,2.0,185.9691,1.9078,0.587,1.4277,0.8311,1.4543,0.0003,1.7788,0.0113,1.9502,8.0,0.0675,1.0018,0.2505,2.6207,0.0059,0.9943,0.0909,2.1806,0.0,0.0,0.0,29.984,26.0,25.0,38.0,38.0,12.0,0.0,0.0,0.0,0.0,62.5851,0.0,45.5596,0.0,0.0
22709.0,1.7435,0.0929,1.0,0.0797,1.2015,2.0562,1.0562,2.3114,1.3114,26.6585,2.0663,26.3739,2.055,100.0,0.0,0.0,0.0,25.25,0.0,26.5,0.0,26.5,0.0,25.375,10.0,0.0,0.01,52.5662,5.2566,2.0,184.2198,1.9061,0.5187,1.4202,0.8236,1.4535,0.0003,1.7808,0.0113,1.9502,8.0,0.0706,1.0019,0.2174,2.559,0.0059,0.991,0.1033,2.236,0.0,0.0,0.0,29.9845,26.0,25.0,38.0,38.0,14.0,0.0,0.0,0.0,0.0,62.5849,0.0,45.5606,0.0,0.0
22710.0,1.7405,0.0926,1.0,0.0799,1.2019,2.0558,1.0558,2.3112,1.3112,26.6066,2.0643,26.3745,2.055,100.0,0.0,0.0,0.0,25.25,0.0,26.375,0.0,26.625,0.0,25.5,10.0,0.0,0.0097,52.5664,5.2566,2.0,185.7229,1.9075,0.5289,1.4213,0.819,1.453,0.0003,1.7829,0.0113,1.9501,8.0,0.0718,1.0019,0.2452,2.6114,0.0053,0.9437,0.0967,2.2072,0.0,0.0,0.0,29.9847,26.0,25.0,38.0,38.0,14.0,0.0,0.0,0.0,0.0,62.5854,0.0,45.5603,0.0,0.0
22711.0,1.7397,0.0925,1.0,0.08,1.2023,2.0552,1.0552,2.3114,1.3114,26.7483,2.0699,26.39,2.0556,100.0,0.0,0.0,0.0,25.375,0.0,26.375,0.0,26.5,0.0,25.5,10.0,0.0,0.0105,52.5663,5.2566,2.0,187.2789,1.909,0.5471,1.4233,0.8199,1.4531,0.0003,1.7851,0.0113,1.9498,8.0,0.0756,1.002,0.2015,2.5262,0.0059,0.991,0.0984,2.2149,0.0,0.0,0.0,29.9842,26.0,25.0,38.0,38.0,14.0,0.0,0.0,0.0,0.0,62.5852,0.0,45.5603,0.0,0.0
22712.0,1.7383,0.0923,1.0,0.0802,1.2029,2.0553,1.0553,2.3119,1.3119,26.8581,2.0743,26.3802,2.0552,100.0,0.0,0.0,0.0,25.375,0.0,26.5,0.0,26.5,0.0,25.375,10.0,0.0,0.0105,52.5665,5.2566,2.0,188.3216,1.91,0.5799,1.4269,0.8212,1.4532,0.0003,1.7872,0.0113,1.9497,8.0,0.075,1.002,0.2967,2.6942,0.0065,1.0348,0.0858,2.1553,0.0,0.0,0.0,29.9847,26.0,25.0,38.0,38.0,15.0,0.0,0.0,0.0,0.0,62.5856,0.0,45.5607,0.0,0.0
22713.0,1.7424,0.0928,1.0,0.0796,1.2012,2.0557,1.0557,2.3119,1.3119,26.8176,2.0727,26.3699,2.0548,100.0,0.0,0.0,0.0,25.375,0.0,26.625,0.0,26.5,0.0,25.5,10.0,0.0,0.0099,52.5663,5.2566,2.0,188.7727,1.9104,0.5331,1.4218,0.8228,1.4534,0.0003,1.7886,0.0113,1.9495,8.0,0.0656,1.0017,0.2117,2.5475,0.0055,0.9599,0.0792,2.1206,0.0,0.0,0.0,29.9842,26.0,25.0,38.0,38.0,15.0,0.0,0.0,0.0,0.0,62.5851,0.0,45.56,0.0,0.0
22714.0,1.7435,0.0929,1.0,0.0798,1.2017,2.0557,1.0557,2.3123,1.3123,26.7015,2.0681,26.356,2.0542,100.0,0.0,0.0,0.0,25.25,0.0,26.5,0.0,26.5,0.0,25.5,10.0,0.0,0.0105,52.5661,5.2566,2.0,190.3121,1.9118,0.6465,1.4342,0.826,1.4537,0.0003,1.7905,0.0113,1.9495,8.0,0.0679,1.0018,0.178,2.4722,0.0055,0.9624,0.0791,2.1201,0.0,0.0,0.0,29.9846,26.0,25.0,38.0,38.0,14.0,0.0,0.0,0.0,0.0,62.5851,0.0,45.5603,0.0,0.0
22715.0,1.7434,0.0929,1.0,0.0797,1.2014,2.0556,1.0556,2.312,1.312,26.5927,2.0637,26.3565,2.0543,100.0,0.0,0.0,0.0,25.375,0.0,26.625,0.0,26.375,0.0,25.375,10.0,0.0,0.01,52.5662,5.2566,2.0,192.0955,1.9134,0.6231,1.4316,0.8346,1.4547,0.0003,1.7928,0.0113,1.9495,8.0,0.067,1.0018,0.2097,2.5434,0.0058,0.9888,0.0806,2.128,0.0,0.0,0.0,29.9843,26.0,25.0,38.0,38.0,16.0,0.0,0.0,0.0,0.0,62.5856,0.0,45.5605,0.0,0.0
22716.0,1.7442,0.093,1.0,0.0798,1.2017,2.0553,1.0553,2.3115,1.3115,26.715,2.0686,26.3787,2.0551,100.0,0.0,0.0,0.0,25.375,0.0,26.5,0.0,26.375,0.0,25.375,10.0,0.0,0.0103,52.5662,5.2566,2.0,194.2553,1.9153,0.6533,1.4349,0.8423,1.4555,0.0003,1.7958,0.0113,1.9496,8.0,0.0721,1.0019,0.2131,2.5504,0.0058,0.9843,0.0802,2.1258,0.0,0.0,0.0,29.9844,26.0,25.0,38.0,37.0,14.0,0.0,0.0,0.0,0.0,62.5852,0.0,45.5607,0.0,0.0
22717.0,1.7456,0.0932,1.0,0.08,1.2023,2.0549,1.0549,2.3118,1.3118,26.8485,2.0739,26.3722,2.0549,100.0,0.0,0.0,0.0,25.25,0.0,26.375,0.0,26.5,0.0,25.5,10.0,0.0,0.0103,52.5659,5.2566,2.0,195.9095,1.9168,0.6583,1.4355,0.8485,1.4562,0.0003,1.7983,0.0113,1.9496,8.0,0.0754,1.002,0.1999,2.5227,0.0055,0.965,0.0795,2.1222,0.0,0.0,0.0,29.9843,26.0,25.0,38.0,37.0,14.0,0.0,0.0,0.0,0.0,62.5853,0.0,45.5605,0.0,0.0
22718.0,1.7446,0.0931,1.0,0.0802,1.2028,2.0556,1.0556,2.312,1.312,26.8104,2.0724,26.3616,2.0545,100.0,0.0,0.0,0.0,25.25,0.0,26.375,0.0,26.5,0.0,25.375,10.0,0.0,0.0104,52.5661,5.2566,2.0,196.4566,1.9173,0.5725,1.4261,0.8567,1.4571,0.0003,1.8004,0.0113,1.9496,8.0,0.0769,1.0021,0.1926,2.5064,0.0054,0.9578,0.0794,2.1219,0.0,0.0,0.0,29.9843,26.0,25.0,38.0,37.0,15.0,0.0,0.0,0.0,0.0,62.5853,0.0,45.56,0.0,0.0
22719.0,1.7446,0.0931,1.0,0.0799,1.2021,2.0559,1.0559,2.3119,1.3119,26.7122,2.0685,26.3619,2.0545,100.0,0.0,0.0,0.0,25.375,0.0,26.375,0.0,26.5,0.0,25.375,10.0,0.0,0.0102,52.5658,5.2566,2.0,197.262,1.918,0.6446,1.434,0.8565,1.4571,0.0003,1.8021,0.0113,1.9495,8.0,0.075,1.002,0.1522,2.4042,0.0065,1.0374,0.082,2.1356,0.0,0.0,0.0,29.9841,26.0,25.0,38.0,37.0,15.0,0.0,0.0,0.0,0.0,62.5856,0.0,45.5601,0.0,0.0
22720.0,1.7456,0.0932,1.0,0.0802,1.2029,2.0562,1.0562,2.3113,1.3113,26.591,2.0636,26.3659,2.0546,100.0,0.0,0.0,0.0,25.25,0.0,26.5,0.0,26.5,0.0,25.5,10.0,0.0,0.0105,52.5662,5.2566,2.0,198.2977,1.9189,0.5215,1.4205,0.8613,1.4576,0.0003,1.8044,0.0113,1.9495,8.0,0.0694,1.0019,0.1799,2.477,0.0059,0.989,0.0756,2.1001,0.0,0.0,0.0,29.9842,26.0,25.0,38.0,37.0,13.0,0.0,0.0,0.0,0.0,62.5852,0.0,45.5602,0.0,0.0
22721.0,1.7476,0.0935,1.0,0.0799,1.2021,2.0554,1.0554,2.3114,1.3114,26.6775,2.0671,26.3861,2.0554,100.0,0.0,0.0,0.0,25.25,0.0,26.5,0.0,26.375,0.0,25.5,10.0,0.0,0.0106,52.5661,5.2566,2.0,197.8763,1.9186,0.5423,1.4228,0.8538,1.4568,0.0003,1.8063,0.0113,1.9492,8.0,0.0661,1.0018,0.1255,2.3205,0.0057,0.9775,0.0735,2.0882,0.0,0.0,0.0,29.9844,26.0,25.0,38.0,37.0,13.0,0.0,0.0,0.0,0.0,62.5852,0.0,45.5608,0.0,0.0
22722.0,1.7477,0.0935,1.0,0.0802,1.2028,2.0552,1.0552,2.3117,1.3117,26.8478,2.0739,26.3856,2.0554,100.0,0.0,0.0,0.0,25.375,0.0,26.5,0.0,26.5,0.0,25.375,10.0,0.0,0.0106,52.5661,5.2566,2.0,200.7675,1.9211,0.7259,1.4428,0.8527,1.4567,0.0003,1.8084,0.0113,1.9491,8.0,0.0657,1.0018,0.1564,2.416,0.0062,1.0162,0.0834,2.1429,0.0,0.0,0.0,29.9843,26.0,25.0,38.0,37.0,13.0,0.0,0.0,0.0,0.0,62.5856,0.0,45.5599,0.0,0.0
22723.0,1.7495,0.0937,1.0,0.0798,1.2016,2.0556,1.0556,2.312,1.312,26.843,2.0737,26.3638,2.0546,100.0,0.0,0.0,0.0,25.375,0.0,26.5,0.0,26.375,0.0,25.375,10.0,0.0,0.0096,52.5658,5.2566,2.0,204.5951,1.9244,0.7905,1.4499,0.8452,1.4558,0.0003,1.8101,0.0113,1.9493,8.0,0.0711,1.0019,0.1176,2.2922,0.0064,1.028,0.0773,2.1103,0.0,0.0,0.0,29.9844,26.0,25.0,38.0,37.0,13.0,0.0,0.0,0.0,0.0,62.5854,0.0,45.5609,0.0,0.0
22724.0,1.7482,0.0935,1.0,0.0799,1.2021,2.0556,1.0556,2.3118,1.3118,26.7408,2.0696,26.3564,2.0543,100.0,0.0,0.0,0.0,25.25,0.0,26.5,0.0,26.375,0.0,25.5,10.0,0.0,0.0102,52.5659,5.2566,2.0,206.1994,1.9257,0.7497,1.4454,0.8329,1.4545,0.0003,1.8116,0.0113,1.9491,8.0,0.0714,1.0019,0.2192,2.5628,0.0066,1.0435,0.0683,2.0561,0.0,0.0,0.0,29.9844,26.0,25.0,38.0,38.0,14.0,0.0,0.0,0.0,0.0,62.585,0.0,45.5597,0.0,0.0
22725.0,1.7477,0.0935,1.0,0.08,1.2024,2.0558,1.0558,2.3117,1.3117,26.6215,2.0649,26.3511,2.054,100.0,0.0,0.0,0.0,25.375,0.0,26.5,0.0,26.5,0.0,25.375,10.0,0.0,0.0107,52.566,5.2566,2.0,207.3127,1.9267,0.7779,1.4485,0.8334,1.4546,0.0003,1.8136,0.0113,1.9489,8.0,0.0687,1.0018,0.2012,2.5255,0.0063,1.0195,0.0696,2.0645,0.0,0.0,0.0,29.9844,26.0,25.0,38.0,38.0,14.0,0.0,0.0,0.0,0.0,62.5852,0.0,45.5602,0.0,0.0
22726.0,1.7473,0.0934,1.0,0.0796,1.2011,2.0556,1.0556,2.3113,1.3113,26.6381,2.0655,26.377,2.0551,100.0,0.0,0.0,0.0,25.375,0.0,26.375,0.0,26.5,0.0,25.375,10.0,0.0,0.0105,52.566,5.2566,2.0,210.3184,1.9292,0.8215,1.4533,0.8214,1.4532,0.0003,1.8154,0.0113,1.9489,8.0,0.0657,1.0018,0.2027,2.5287,0.0056,0.9687,0.0698,2.0658,0.0,0.0,0.0,29.9838,26.0,25.0,38.0,38.0,17.0,0.0,0.0,0.0,0.0,62.5855,0.0,45.5597,0.0,0.0
22727.0,1.7455,0.0932,1.0,0.0798,1.2016,2.0554,1.0554,2.3112,1.3112,26.8002,2.072,26.3913,2.0557,100.0,0.0,0.0,0.0,25.25,0.0,26.375,0.0,26.5,0.0,25.5,10.0,0.0,0.0109,52.5658,5.2566,2.0,211.5365,1.9302,0.8009,1.451,0.8158,1.4526,0.0003,1.8172,0.0113,1.9489,8.0,0.0667,1.0018,0.1515,2.4022,0.006,1.0018,0.0644,2.0304,0.0,0.0,0.0,29.9842,26.0,25.0,38.0,38.0,12.0,0.0,0.0,0.0,0.0,62.5854,0.0,45.5605,0.0,0.0
22728.0,1.742,0.0928,1.0,0.0799,1.202,2.0559,1.0559,2.3115,1.3115,26.8351,2.0734,26.3749,2.055,100.0,0.0,0.0,0.0,25.375,0.0,26.5,0.0,26.375,0.0,25.375,10.0,0.0,0.0107,52.5656,5.2566,2.0,212.0032,1.9305,0.6865,1.4385,0.8077,1.4517,0.0003,1.8195,0.0112,1.9486,8.0,0.0731,1.0019,0.1669,2.4442,0.0063,1.0238,0.0594,1.9955,0.0,0.0,0.0,29.9843,26.0,25.0,38.0,38.0,14.0,0.0,0.0,0.0,0.0,62.5853,0.0,45.5606,0.0,0.0
22729.0,1.7413,0.0927,1.0,0.0801,1.2026,2.0558,1.0558,2.3116,1.3116,26.752,2.0701,26.367,2.0547,100.0,0.0,0.0,0.0,25.25,0.0,26.375,0.0,26.5,0.0,25.375,10.0,0.0,0.0096,52.5659,5.2565,2.0,212.7352,1.9311,0.5954,1.4286,0.802,1.4511,0.0003,1.821,0.0113,1.9487,8.0,0.0764,1.002,0.1397,2.367,0.0063,1.0215,0.0593,1.9949,0.0,0.0,0.0,29.9841,26.0,25.0,38.0,38.0,13.0,0.0,0.0,0.0,0.0,62.5852,0.0,45.5603,0.0,0.0
22730.0,1.74,0.0925,1.0,0.0801,1.2025,2.0559,1.0559,2.3116,1.3116,26.6199,2.0648,26.3643,2.0546,100.0,0.0,0.0,0.0,25.375,0.0,26.375,0.0,26.375,0.0,25.5,10.0,0.0,0.0102,52.5656,5.2565,2.0,210.6401,1.9294,0.4877,1.4168,0.7948,1.4503,0.0003,1.8227,0.0112,1.9485,8.0,0.0745,1.002,0.1647,2.4385,0.0059,0.9941,0.062,2.0142,0.0,0.0,0.0,29.9839,26.0,25.0,38.0,38.0,15.0,0.0,0.0,0.0,0.0,62.5848,0.0,45.56,0.0,0.0
22731.0,1.7364,0.092,1.0,0.08,1.2023,2.0555,1.0555,2.3111,1.3111,26.6293,2.0652,26.3807,2.0552,100.0,0.0,0.0,0.0,25.375,0.0,26.375,0.0,26.5,0.0,25.375,10.0,0.0,0.0104,52.5657,5.2566,2.0,211.742,1.9303,0.5492,1.4235,0.787,1.4495,0.0003,1.8246,0.0112,1.9483,8.0,0.0693,1.0018,0.1528,2.406,0.0068,1.0518,0.0537,1.9522,0.0,0.0,0.0,29.9842,26.0,25.0,38.0,38.0,14.0,0.0,0.0,0.0,0.0,62.5855,0.0,45.5604,0.0,0.0
22732.0,1.7363,0.092,1.0,0.0796,1.2013,2.0555,1.0555,2.3111,1.3111,26.7932,2.0717,26.3914,2.0557,100.0,0.0,0.0,0.0,25.25,0.0,26.5,0.0,26.5,0.0,25.5,10.0,0.0,0.0109,52.5661,5.2566,2.0,212.9957,1.9313,0.5194,1.4203,0.7822,1.449,0.0004,1.8262,0.0112,1.9483,8.0,0.0661,1.0018,0.1472,2.3897,0.0064,1.0289,0.0547,1.96,0.0,0.0,0.0,29.9841,26.0,25.0,38.0,38.0,13.0,0.0,0.0,0.0,0.0,62.5852,0.0,45.5602,0.0,0.0
22733.0,1.7354,0.0919,1.0,0.0797,1.2013,2.0558,1.0558,2.3115,1.3115,26.8444,2.0738,26.376,2.055,100.0,0.0,0.0,0.0,25.375,0.0,26.375,0.0,26.375,0.0,25.5,10.0,0.0,0.0106,52.566,5.2566,2.0,215.1048,1.9331,0.5787,1.4268,0.7769,1.4484,0.0004,1.8279,0.0112,1.9481,8.0,0.0679,1.0018,0.1465,2.3878,0.0054,0.9578,0.0613,2.0091,0.0,0.0,0.0,29.9845,26.0,25.0,38.0,38.0,13.0,0.0,0.0,0.0,0.0,62.5858,0.0,45.5602,0.0,0.0
22734.0,1.7353,0.0919,1.0,0.0799,1.202,2.0562,1.0562,2.3115,1.3115,26.7598,2.0704,26.3763,2.0551,100.0,0.0,0.0,0.0,25.375,0.0,26.5,0.0,26.5,0.0,25.5,10.0,0.0,0.0104,52.5658,5.2566,2.0,215.3028,1.9332,0.5364,1.4222,0.7689,1.4475,0.0004,1.8297,0.0112,1.9485,8.0,0.0713,1.0019,0.1218,2.3076,0.0055,0.9651,0.0661,2.0419,0.0,0.0,0.0,29.9845,26.0,25.0,38.0,38.0,14.0,0.0,0.0,0.0,0.0,62.5853,16.0,45.5924,0.0,0.0
22735.0,1.7325,0.0916,1.0,0.08,1.2021,2.0563,1.0563,2.3113,1.3113,26.6629,2.0665,26.3698,2.0548,100.0,0.0,0.0,0.0,25.25,0.0,26.375,0.0,26.5,0.0,25.375,10.0,0.0,0.0108,52.5658,5.2566,2.0,217.8656,1.9353,0.6029,1.4294,0.7675,1.4474,0.0004,1.8311,0.0112,1.9485,8.0,0.07,1.0019,0.1121,2.2716,0.006,0.9977,0.0626,2.0183,0.0,0.0,0.0,29.9841,26.0,25.0,38.0,38.0,14.0,0.0,0.0,0.0,0.0,62.5851,16.0,45.7785,0.0,0.0
22736.0,1.7321,0.0915,1.0,0.0798,1.2016,2.0559,1.0559,2.3113,1.3113,26.599,2.064,26.37,2.0548,100.0,0.0,0.0,0.0,25.375,0.0,26.5,0.0,26.5,0.0,25.375,10.0,0.0,0.0108,52.5658,5.2566,2.0,220.1039,1.9371,0.646,1.4341,0.7621,1.4468,0.0004,1.8328,0.0112,1.9483,8.0,0.0673,1.0018,0.1216,2.3068,0.006,0.997,0.0569,1.977,0.0,0.0,0.0,29.9839,26.0,25.0,38.0,37.0,13.0,0.0,0.0,0.0,0.0,62.5849,0.0,45.9456,0.0,0.0
22737.0,1.7321,0.0915,1.0,0.0799,1.2021,2.0551,1.0551,2.3114,1.3114,26.7235,2.0689,26.3834,2.0553,100.0,0.0,0.0,0.0,25.375,0.0,26.5,0.0,26.625,0.0,25.375,10.0,0.0,0.01,52.5655,5.2566,2.0,221.5574,1.9382,0.5912,1.4281,0.7531,1.4458,0.0004,1.8344,0.0112,1.948,8.0,0.0676,1.0018,0.1234,2.313,0.0063,1.0202,0.054,1.9539,0.0,0.0,0.0,29.9847,26.0,25.0,38.0,37.0,16.0,0.0,0.0,0.0,0.0,62.5859,0.0,45.9505,0.0,0.0
22738.0,1.7327,0.0916,1.0,0.0799,1.202,2.0552,1.0552,2.3118,1.3118,26.8469,2.0739,26.3797,2.0552,100.0,0.0,0.0,0.0,25.375,0.0,26.5,0.0,26.375,0.0,25.375,10.0,0.0,0.0106,52.5656,5.2566,2.0,221.5986,1.9382,0.5267,1.4211,0.7401,1.4444,0.0004,1.8359,0.0112,1.948,8.0,0.0708,1.0019,0.1043,2.2402,0.0063,1.0189,0.0513,1.932,0.0,0.0,0.0,29.9841,26.0,25.0,38.0,37.0,14.0,0.0,0.0,0.0,0.0,62.5853,0.0,45.9498,0.0,0.0
22739.0,1.7337,0.0917,1.0,0.08,1.2021,2.0561,1.0561,2.3115,1.3115,26.7933,2.0717,26.3736,2.0549,100.0,0.0,0.0,0.0,25.375,0.0,26.625,0.0,26.375,0.0,25.375,10.0,0.0,0.0104,52.5652,5.2565,2.0,221.9523,1.9385,0.5988,1.429,0.7403,1.4444,0.0004,1.8376,0.0112,1.9481,8.0,0.0746,1.002,0.1167,2.289,0.0059,0.9944,0.0472,1.8958,0.0,0.0,0.0,29.9847,26.0,25.0,38.0,37.0,14.0,0.0,0.0,0.0,0.0,62.5856,0.0,45.9499,0.0,0.0
22740.0,1.7352,0.0919,1.0,0.08,1.2024,2.0563,1.0563,2.3114,1.3114,26.6492,2.066,26.3648,2.0546,100.0,0.0,0.0,0.0,25.25,0.0,26.5,0.0,26.5,0.0,25.625,10.0,0.0,0.01,52.5655,5.2565,2.0,223.5805,1.9398,0.5422,1.4228,0.7305,1.4433,0.0004,1.8398,0.0112,1.9479,8.0,0.0733,1.002,0.0824,2.1377,0.0057,0.9751,0.0479,1.9023,0.0,0.0,0.0,29.984,26.0,25.0,38.0,38.0,15.0,0.0,0.0,0.0,0.0,62.5854,0.0,45.9502,0.0,0.0
22741.0,1.7352,0.0919,1.0,0.08,1.2023,2.0561,1.0561,2.3108,1.3108,26.6012,2.064,26.3819,2.0553,100.0,0.0,0.0,0.0,25.25,0.0,26.375,0.0,26.375,0.0,25.5,10.0,0.0,0.01,52.5658,5.2566,2.0,223.403,1.9396,0.4869,1.4168,0.7236,1.4426,0.0004,1.8409,0.0112,1.9479,8.0,0.0702,1.0019,0.0898,2.1753,0.0058,0.9869,0.062,2.0143,0.0,0.0,0.0,29.9841,26.0,25.0,38.0,38.0,14.0,0.0,0.0,0.0,0.0,62.585,0.0,45.9502,0.0,0.0
22742.0,1.7362,0.092,1.0,0.0799,1.202,2.0557,1.0557,2.3111,1.3111,26.7164,2.0687,26.3978,2.0559,100.0,0.0,0.0,0.0,25.375,0.0,26.375,0.0,26.5,0.0,25.5,10.0,0.0,0.0103,52.5657,5.2566,2.0,224.1884,1.9402,0.4866,1.4167,0.7184,1.442,0.0004,1.8423,0.0112,1.9476,8.0,0.0668,1.0018,0.0821,2.1363,0.0058,0.9886,0.0612,2.0084,0.0,0.0,0.0,29.9839,26.0,25.0,38.0,38.0,13.0,0.0,0.0,0.0,0.0,62.5853,0.0,45.95,0.0,0.0
22743.0,1.7373,0.0922,1.0,0.0799,1.2019,2.0553,1.0553,2.3114,1.3114,26.8506,2.074,26.382,2.0553,100.0,0.0,0.0,0.0,25.375,0.0,26.5,0.0,26.5,0.0,25.5,10.0,0.0,0.0102,52.5653,5.2565,2.0,226.5409,1.9421,0.5889,1.4279,0.7149,1.4416,0.0004,1.844,0.0112,1.9473,8.0,0.0644,1.0017,0.0806,2.128,0.0062,1.016,0.0637,2.0258,0.0,0.0,0.0,29.9841,26.0,25.0,38.0,38.0,14.0,0.0,0.0,0.0,0.0,62.5851,0.0,45.9503,0.0,0.0
22744.0,1.7386,0.0923,1.0,0.0799,1.2019,2.0557,1.0557,2.3114,1.3114,26.7957,2.0718,26.3678,2.0547,100.0,0.0,0.0,0.0,25.375,0.0,26.375,0.0,26.5,0.0,25.5,10.0,0.0,0.0102,52.5654,5.2565,2.0,227.5815,1.9429,0.5307,1.4215,0.7237,1.4426,0.0004,1.8462,0.0112,1.9476,8.0,0.069,1.0018,0.0776,2.1119,0.0057,0.9797,0.0644,2.031,0.0,0.0,0.0,29.9844,26.0,25.0,38.0,38.0,14.0,0.0,0.0,0.0,0.0,62.5853,0.0,45.9503,0.0,0.0
22745.0,1.7476,0.0934,1.0,0.0799,1.2019,2.0562,1.0562,2.3114,1.3114,26.6848,2.0674,26.365,2.0546,100.0,0.0,0.0,0.0,25.375,0.0,26.625,0.0,26.5,0.0,25.5,10.0,0.0,0.0101,52.5656,5.2566,2.0,230.5796,1.9451,0.587,1.4277,0.7244,1.4427,0.0004,1.848,0.0112,1.9477,8.0,0.0761,1.002,0.0776,2.1115,0.0066,1.0397,0.0659,2.0406,0.0,0.0,0.0,29.9839,26.0,25.0,38.0,38.0,15.0,0.0,0.0,0.0,0.0,62.5851,0.0,45.9505,0.0,0.0
22746.0,1.7498,0.0937,1.0,0.08,1.2022,2.056,1.056,2.3112,1.3112,26.6012,2.064,26.3661,2.0546,100.0,0.0,0.0,0.0,25.375,0.0,26.5,0.0,26.375,0.0,25.375,10.0,0.0,0.0103,52.5655,5.2565,2.0,231.2064,1.9456,0.5323,1.4217,0.7345,1.4438,0.0004,1.8497,0.0112,1.9475,8.0,0.0707,1.0019,0.0821,2.136,0.0056,0.9736,0.0648,2.0336,0.0,0.0,0.0,29.9841,26.0,25.0,38.0,38.0,12.0,0.0,0.0,0.0,0.0,62.5858,0.0,45.9504,0.0,0.0
22747.0,1.75,0.0938,1.0,0.0798,1.2018,2.0554,1.0554,2.3113,1.3113,26.682,2.0673,26.3865,2.0555,100.0,0.0,0.0,0.0,25.25,0.0,26.5,0.0,26.375,0.0,25.375,10.0,0.0,0.0105,52.5656,5.2565,2.0,231.1366,1.9455,0.5063,1.4189,0.7408,1.4445,0.0004,1.8516,0.0112,1.9474,8.0,0.068,1.0018,0.07,2.0668,0.0064,1.0286,0.0803,2.1267,0.0,0.0,0.0,29.9839,26.0,25.0,38.0,38.0,12.0,0.0,0.0,0.0,0.0,62.5855,0.0,45.9504,0.0,0.0
22748.0,1.7515,0.0939,1.0,0.0797,1.2016,2.0554,1.0554,2.3112,1.3112,26.8353,2.0734,26.3867,2.0555,100.0,0.0,0.0,0.0,25.375,0.0,26.5,0.0,26.5,0.0,25.5,10.0,0.0,0.0103,52.5652,5.2565,2.0,233.967,1.9477,0.601,1.4292,0.7452,1.4449,0.0004,1.8534,0.0112,1.9473,8.0,0.0644,1.0017,0.1396,2.3668,0.0063,1.0188,0.0657,2.0397,0.0,0.0,0.0,29.984,26.0,25.0,38.0,38.0,15.0,0.0,0.0,0.0,0.0,62.5849,0.0,45.9501,0.0,0.0
22749.0,1.7536,0.0942,1.0,0.0798,1.2017,2.0559,1.0559,2.3116,1.3116,26.833,2.0733,26.3725,2.0549,100.0,0.0,0.0,0.0,25.375,0.0,26.5,0.0,26.5,0.0,25.375,10.0,0.0,0.0104,52.5652,5.2565,2.0,236.2864,1.9494,0.6476,1.4343,0.7645,1.447,0.0004,1.8559,0.0112,1.9473,8.0,0.0663,1.0018,0.1158,2.2855,0.0057,0.974,0.0774,2.1108,0.0,0.0,0.0,29.9838,26.0,25.0,38.0,38.0,14.0,0.0,0.0,0.0,0.0,62.5853,0.0,45.9502,0.0,0.0
22750.0,1.7531,0.0941,1.0,0.0801,1.2025,2.0562,1.0562,2.3114,1.3114,26.7137,2.0685,26.3645,2.0546,100.0,0.0,0.0,0.0,25.375,0.0,26.5,0.0,26.5,0.0,25.375,10.0,0.0,0.0106,52.5655,5.2565,2.0,237.5669,1.9503,0.5799,1.4269,0.7747,1.4481,0.0004,1.8584,0.0112,1.9475,8.0,0.0716,1.0019,0.1184,2.2951,0.0068,1.0529,0.0893,2.1727,0.0,0.0,0.0,29.9839,26.0,25.0,38.0,38.0,14.0,0.0,0.0,0.0,0.0,62.5849,0.0,45.9505,0.0,0.0
22751.0,1.7504,0.0938,1.0,0.0803,1.203,2.0559,1.0559,2.3112,1.3112,26.5975,2.0639,26.3654,2.0546,100.0,0.0,0.0,0.0,25.25,0.0,26.375,0.0,26.5,0.0,25.5,10.0,0.0,0.0107,52.5652,5.2565,2.0,238.1869,1.9508,0.6243,1.4317,0.7811,1.4489,0.0004,1.8604,0.0112,1.9479,8.0,0.0763,1.002,0.1055,2.2452,0.0061,1.0037,0.0999,2.2216,0.0,0.0,0.0,29.9847,26.0,25.0,38.0,38.0,12.0,0.0,0.0,0.0,0.0,62.5856,0.0,45.9504,0.0,0.0
22752.0,1.7446,0.0931,1.0,0.0799,1.2021,2.0558,1.0558,2.3107,1.3107,26.6577,2.0663,26.3905,2.0556,100.0,0.0,0.0,0.0,25.375,0.0,26.375,0.0,26.5,0.0,25.625,10.0,0.0,0.0111,52.5658,5.2565,2.0,242.3952,1.9538,0.69,1.4389,0.7791,1.4486,0.0004,1.8622,0.0112,1.9478,8.0,0.0746,1.002,0.1102,2.2642,0.0066,1.0433,0.0927,2.1887,0.0,0.0,0.0,29.9837,26.0,25.0,38.0,38.0,13.0,0.0,0.0,0.0,0.0,62.5851,0.0,45.9502,0.0,0.0
22753.0,1.74,0.0925,1.0,0.0801,1.2025,2.0555,1.0555,2.3107,1.3107,26.8187,2.0727,26.3898,2.0556,100.0,0.0,0.0,0.0,25.25,0.0,26.375,0.0,26.5,0.0,25.375,10.0,0.0,0.0109,52.5654,5.2565,2.0,244.191,1.9551,0.7364,1.444,0.788,1.4496,0.0004,1.864,0.0112,1.9476,8.0,0.0715,1.0019,0.0934,2.1921,0.0063,1.0185,0.0925,2.1881,0.0,0.0,0.0,29.9839,26.0,25.0,38.0,38.0,15.0,0.0,0.0,0.0,0.0,62.5851,0.0,45.9499,0.0,0.0
22754.0,1.7409,0.0926,1.0,0.0798,1.2017,2.056,1.056,2.3111,1.3111,26.8228,2.0729,26.3722,2.0549,100.0,0.0,0.0,0.0,25.375,0.0,26.5,0.0,26.5,0.0,25.5,10.0,0.0,0.0107,52.5656,5.2565,2.0,247.6037,1.9575,0.7829,1.449,0.7838,1.4491,0.0004,1.866,0.0112,1.9474,8.0,0.0662,1.0018,0.0934,2.1921,0.0064,1.0277,0.0862,2.1574,0.0,0.0,0.0,29.9837,26.0,25.0,38.0,38.0,13.0,0.0,0.0,0.0,0.0,62.5854,0.0,45.9499,0.0,0.0
22755.0,1.7418,0.0927,1.0,0.0798,1.2018,2.0562,1.0562,2.311,1.311,26.7244,2.069,26.3739,2.055,100.0,0.0,0.0,0.0,25.375,0.0,26.375,0.0,26.375,0.0,25.375,10.0,0.0,0.011,52.5652,5.2565,2.0,248.1364,1.9579,0.7448,1.4449,0.7858,1.4494,0.0004,1.868,0.0112,1.9476,8.0,0.0684,1.0018,0.0946,2.1978,0.0056,0.9664,0.0772,2.1094,0.0,0.0,0.0,29.9834,26.0,25.0,38.0,38.0,15.0,0.0,0.0,0.0,0.0,62.5848,0.0,45.9497,0.0,0.0
22756.0,1.7425,0.0928,1.0,0.0801,1.2024,2.056,1.056,2.3109,1.3109,26.6115,2.0645,26.3632,2.0545,100.0,0.0,0.0,0.0,25.375,0.0,26.5,0.0,26.375,0.0,25.375,10.0,0.0,0.0105,52.5653,5.2565,2.0,249.1395,1.9586,0.7091,1.441,0.7835,1.4491,0.0004,1.8697,0.0112,1.9475,8.0,0.0728,1.0019,0.1108,2.2663,0.0058,0.9826,0.0907,2.1796,0.0,0.0,0.0,29.9844,26.0,25.0,38.0,38.0,13.0,0.0,0.0,0.0,0.0,62.5853,0.0,45.9506,0.0,0.0
22757.0,1.7394,0.0924,1.0,0.08,1.2024,2.0554,1.0554,2.3107,1.3107,26.6695,2.0668,26.384,2.0554,100.0,0.0,0.0,0.0,25.375,0.0,26.375,0.0,26.375,0.0,25.375,10.0,0.0,0.0102,52.5653,5.2565,2.0,254.713,1.9624,0.9351,1.4656,0.7872,1.4495,0.0004,1.8721,0.0112,1.9476,8.0,0.077,1.0021,0.1589,2.4229,0.0056,0.9688,0.0867,2.16,0.0,0.0,0.0,29.9843,26.0,25.0,38.0,37.0,13.0,0.0,0.0,0.0,0.0,62.5856,0.0,45.9505,0.0,0.0
22758.0,1.7383,0.0923,1.0,0.0799,1.2021,2.0551,1.0551,2.3111,1.3111,26.8282,2.0731,26.3861,2.0554,100.0,0.0,0.0,0.0,25.375,0.0,26.375,0.0,26.5,0.0,25.5,10.0,0.0,0.0106,52.5652,5.2565,2.0,258.9276,1.9653,0.9245,1.4645,0.7824,1.449,0.0004,1.8736,0.0112,1.9478,8.0,0.0711,1.0019,0.1469,2.3889,0.0055,0.963,0.0799,2.1243,0.0,0.0,0.0,29.9842,26.0,25.0,38.0,37.0,13.0,0.0,0.0,0.0,0.0,62.5858,0.0,45.9504,0.0,0.0
22759.0,1.7363,0.092,1.0,0.08,1.2023,2.0554,1.0554,2.3113,1.3113,26.8482,2.0739,26.3762,2.055,100.0,0.0,0.0,0.0,25.375,0.0,26.5,0.0,26.5,0.0,25.375,10.0,0.0,0.0104,52.5657,5.2566,2.0,258.085,1.9647,0.7819,1.4489,0.7835,1.4491,0.0004,1.8751,0.0112,1.9476,8.0,0.0688,1.0018,0.1241,2.3158,0.0056,0.9698,0.0801,2.1256,0.0,0.0,0.0,29.9842,26.0,25.0,38.0,37.0,14.0,0.0,0.0,0.0,0.0,62.5848,0.0,45.9502,0.0,0.0
22760.0,1.7373,0.0922,1.0,0.0797,1.2016,2.0558,1.0558,2.311,1.311,26.7623,2.0705,26.3668,2.0547,100.0,0.0,0.0,0.0,25.375,0.0,26.375,0.0,26.5,0.0,25.375,10.0,0.0,0.0104,52.5652,5.2565,2.0,258.7305,1.9651,0.739,1.4443,0.7775,1.4485,0.0004,1.877,0.0112,1.9473,8.0,0.0667,1.0018,0.1193,2.2984,0.0056,0.9683,0.0816,2.1333,0.0,0.0,0.0,29.9838,26.0,25.0,38.0,37.0,16.0,0.0,0.0,0.0,0.0,62.5847,0.0,45.9499,0.0,0.0
22761.0,1.7364,0.0921,1.0,0.0799,1.202,2.0562,1.0562,2.3109,1.3109,26.6114,2.0645,26.3621,2.0545,100.0,0.0,0.0,0.0,25.25,0.0,26.5,0.0,26.375,0.0,25.5,10.0,0.0,0.0103,52.5653,5.2565,2.0,260.7222,1.9665,0.6632,1.436,0.7651,1.4471,0.0004,1.8787,0.0112,1.9473,8.0,0.0657,1.0018,0.1354,2.3536,0.0063,1.0235,0.0801,2.1256,0.0,0.0,0.0,29.9836,26.0,25.0,38.0,37.0,13.0,0.0,0.0,0.0,0.0,62.5854,0.0,45.9497,0.0,0.0
22762.0,1.7373,0.0922,1.0,0.0799,1.202,2.0557,1.0557,2.3109,1.3109,26.6072,2.0643,26.3726,2.0549,100.0,0.0,0.0,0.0,25.375,0.0,26.375,0.0,26.625,0.0,25.375,10.0,0.0,0.0106,52.5649,5.2565,2.0,259.2484,1.9655,0.5557,1.4243,0.7622,1.4468,0.0004,1.8802,0.0112,1.9475,8.0,0.0728,1.0019,0.1234,2.313,0.0062,1.0163,0.074,2.0913,0.0,0.0,0.0,29.9839,26.0,25.0,38.0,37.0,12.0,0.0,0.0,0.0,0.0,62.585,0.0,45.9496,0.0,0.0
22763.0,1.7363,0.092,1.0,0.0798,1.2018,2.0552,1.0552,2.311,1.311,26.7669,2.0707,26.3814,2.0553,100.0,0.0,0.0,0.0,25.375,0.0,26.375,0.0,26.5,0.0,25.375,10.0,0.0,0.0104,52.5651,5.2565,2.0,259.7061,1.9658,0.5205,1.4204,0.7617,1.4467,0.0004,1.8821,0.0112,1.9478,8.0,0.073,1.0019,0.1244,2.3168,0.0067,1.0483,0.0598,1.9982,0.0,0.0,0.0,29.9841,26.0,25.0,38.0,37.0,14.0,0.0,0.0,0.0,0.0,62.5851,0.0,45.9501,0.0,0.0
22764.0,1.7355,0.0919,1.0,0.0804,1.2035,2.0555,1.0555,2.3115,1.3115,26.8404,2.0736,26.3756,2.055,100.0,0.0,0.0,0.0,25.375,0.0,26.375,0.0,26.5,0.0,25.375,10.0,0.0,0.0099,52.5653,5.2565,2.0,260.7784,1.9665,0.5465,1.4233,0.7616,1.4467,0.0004,1.8843,0.0112,1.9476,8.0,0.0748,1.002,0.1447,2.3824,0.0059,0.9895,0.0616,2.0113,0.0,0.0,0.0,29.9841,26.0,25.0,38.0,37.0,14.0,0.0,0.0,0.0,0.0,62.5853,0.0,45.9501,0.0,0.0
22765.0,1.7362,0.092,1.0,0.0802,1.203,2.0558,1.0558,2.3114,1.3114,26.7512,2.07,26.3658,2.0546,100.0,0.0,0.0,0.0,25.25,0.0,26.375,0.0,26.5,0.0,25.375,10.0,0.0,0.0103,52.5652,5.2565,2.0,263.6496,1.9684,0.6159,1.4308,0.7518,1.4457,0.0005,1.8861,0.0112,1.9473,8.0,0.0747,1.002,0.1442,2.3808,0.0061,1.0046,0.0767,2.1068,0.0,0.0,0.0,29.9844,26.0,25.0,38.0,37.0,14.0,0.0,0.0,0.0,0.0,62.5855,0.0,45.9502,0.0,0.0
22766.0,1.7331,0.0916,1.0,0.0802,1.2027,2.0559,1.0559,2.3113,1.3113,26.6383,2.0655,26.3636,2.0545,100.0,0.0,0.0,0.0,25.25,0.0,26.625,0.0,26.5,0.0,25.5,10.0,0.0,0.0098,52.5651,5.2565,2.0,266.291,1.9701,0.6728,1.437,0.7537,1.4459,0.0005,1.8877,0.0112,1.9471,8.0,0.071,1.0019,0.1521,2.4041,0.0069,1.0598,0.0735,2.0882,0.0,0.0,0.0,29.9843,26.0,25.0,38.0,37.0,15.0,0.0,0.0,0.0,0.0,62.5854,0.0,45.9505,0.0,0.0
22767.0,1.7385,0.0923,1.0,0.0798,1.2018,2.056,1.056,2.3108,1.3108,26.5981,2.0639,26.3742,2.055,100.0,0.0,0.0,0.0,25.375,0.0,26.5,0.0,26.375,0.0,25.375,10.0,0.0,0.0101,52.565,5.2565,2.0,268.8589,1.9718,0.7282,1.4431,0.7493,1.4454,0.0005,1.889,0.0112,1.9469,8.0,0.067,1.0018,0.1709,2.4545,0.0059,0.9926,0.0626,2.0182,0.0,0.0,0.0,29.9838,26.0,25.0,38.0,37.0,14.0,0.0,0.0,0.0,0.0,62.5858,0.0,45.9498,0.0,0.0
22768.0,1.7456,0.0932,1.0,0.0798,1.2018,2.0552,1.0552,2.3106,1.3106,26.7659,2.0706,26.3916,2.0557,100.0,0.0,0.0,0.0,25.25,0.0,26.5,0.0,26.5,0.0,25.5,10.0,0.0,0.0105,52.565,5.2565,2.0,270.8817,1.9731,0.6614,1.4358,0.7468,1.4451,0.0005,1.8909,0.0112,1.9471,8.0,0.0675,1.0018,0.1342,2.3496,0.0055,0.9598,0.0663,2.0431,0.0,0.0,0.0,29.9838,26.0,25.0,38.0,37.0,13.0,0.0,0.0,0.0,0.0,62.5853,0.0,45.9501,0.0,0.0
22769.0,1.7466,0.0933,1.0,0.0799,1.202,2.0554,1.0554,2.3115,1.3115,26.8454,2.0738,26.3784,2.0551,100.0,0.0,0.0,0.0,25.375,0.0,26.5,0.0,26.375,0.0,25.375,10.0,0.0,0.0106,52.565,5.2565,2.0,271.5789,1.9736,0.6717,1.4369,0.739,1.4443,0.0005,1.8927,0.0112,1.9471,8.0,0.0737,1.002,0.1411,2.3715,0.0059,0.9903,0.0693,2.0629,0.0,0.0,0.0,29.9843,26.0,25.0,38.0,38.0,14.0,0.0,0.0,0.0,0.0,62.5853,0.0,45.9505,0.0,0.0
22770.0,1.7475,0.0934,1.0,0.08,1.2021,2.0559,1.0559,2.3113,1.3113,26.7972,2.0719,26.3707,2.0548,100.0,0.0,0.0,0.0,25.25,0.0,26.5,0.0,26.375,0.0,25.375,10.0,0.0,0.0103,52.5652,5.2565,2.0,274.9294,1.9757,0.7595,1.4465,0.7384,1.4442,0.0005,1.8941,0.0112,1.947,8.0,0.0735,1.002,0.1246,2.3172,0.0056,0.968,0.0674,2.0505,0.0,0.0,0.0,29.9835,26.0,25.0,38.0,38.0,13.0,0.0,0.0,0.0,0.0,62.5852,0.0,45.9502,0.0,0.0
22771.0,1.7476,0.0934,1.0,0.0801,1.2025,2.0562,1.0562,2.3109,1.3109,26.6651,2.0666,26.3634,2.0545,100.0,0.0,0.0,0.0,25.375,0.0,26.5,0.0,26.5,0.0,25.375,10.0,0.0,0.0098,52.565,5.2565,2.0,276.2668,1.9765,0.6504,1.4346,0.7276,1.443,0.0005,1.8958,0.0112,1.9472,8.0,0.0757,1.002,0.1974,2.5173,0.0062,1.0158,0.0578,1.9835,0.0,0.0,0.0,29.9842,26.0,25.0,38.0,38.0,12.0,0.0,0.0,0.0,0.0,62.5853,0.0,45.9503,0.0,0.0
22772.0,1.748,0.0935,1.0,0.08,1.2023,2.056,1.056,2.311,1.311,26.5868,2.0635,26.3705,2.0548,100.0,0.0,0.0,0.0,25.375,0.0,26.5,0.0,26.625,0.0,25.5,10.0,0.0,0.0103,52.5649,5.2565,2.0,276.8764,1.9769,0.6073,1.4299,0.7246,1.4427,0.0005,1.8972,0.0112,1.9472,8.0,0.0741,1.002,0.1731,2.4601,0.0063,1.0184,0.0578,1.9835,0.0,0.0,0.0,29.9845,26.0,25.0,38.0,38.0,14.0,0.0,0.0,0.0,0.0,62.5854,0.0,45.9507,0.0,0.0
22773.0,1.7406,0.0926,1.0,0.08,1.2023,2.0553,1.0553,2.311,1.311,26.693,2.0677,26.3877,2.0555,100.0,0.0,0.0,0.0,25.375,0.0,26.375,0.0,26.5,0.0,25.375,10.0,0.0,0.01,52.5651,5.2565,2.0,278.4251,1.9779,0.706,1.4407,0.7116,1.4413,0.0005,1.8987,0.0112,1.9471,8.0,0.0723,1.0019,0.1857,2.4907,0.0059,0.9946,0.059,1.9927,0.0,0.0,0.0,29.9841,26.0,25.0,38.0,38.0,13.0,0.0,0.0,0.0,0.0,62.585,0.0,45.9503,0.0,0.0
22774.0,1.7377,0.0922,1.0,0.0799,1.202,2.0553,1.0553,2.3111,1.3111,26.8315,2.0733,26.3827,2.0553,100.0,0.0,0.0,0.0,25.375,0.0,26.5,0.0,26.375,0.0,25.5,10.0,0.0,0.0103,52.5651,5.2565,2.0,282.6062,1.9805,0.7756,1.4482,0.709,1.441,0.0005,1.9004,0.0112,1.9469,8.0,0.0698,1.0019,0.153,2.4065,0.0061,1.0066,0.0624,2.0173,0.0,0.0,0.0,29.9844,26.0,25.0,38.0,38.0,14.0,0.0,0.0,0.0,0.0,62.5857,0.0,45.9505,0.0,0.0
22775.0,1.7371,0.0921,1.0,0.0799,1.202,2.0562,1.0562,2.3112,1.3112,26.7968,2.0719,26.3696,2.0548,100.0,0.0,0.0,0.0,25.25,0.0,26.375,0.0,26.5,0.0,25.375,10.0,0.0,0.0103,52.5648,5.2565,2.0,283.4789,1.981,0.6524,1.4348,0.6968,1.4396,0.0005,1.9019,0.0112,1.9468,8.0,0.0655,1.0017,0.1561,2.4153,0.0058,0.9844,0.0609,2.0061,0.0,0.0,0.0,29.9843,26.0,25.0,38.0,38.0,14.0,0.0,0.0,0.0,0.0,62.5856,0.0,45.9502,0.0,0.0
22776.0,1.7372,0.0922,1.0,0.0796,1.2012,2.0559,1.0559,2.311,1.311,26.702,2.0681,26.3663,2.0547,100.0,0.0,0.0,0.0,25.375,0.0,26.5,0.0,26.5,0.0,25.375,10.0,0.0,0.0097,52.5649,5.2565,2.0,284.1138,1.9814,0.6305,1.4324,0.6919,1.4391,0.0005,1.9031,0.0112,1.9469,8.0,0.0645,1.0017,0.1448,2.3825,0.0057,0.9789,0.057,1.978,0.0,0.0,0.0,29.9836,26.0,25.0,38.0,38.0,14.0,0.0,0.0,0.0,0.0,62.585,0.0,45.9498,0.0,0.0
22777.0,1.7363,0.092,1.0,0.0799,1.2019,2.0558,1.0558,2.311,1.311,26.5897,2.0636,26.3662,2.0546,100.0,0.0,0.0,0.0,25.25,0.0,26.5,0.0,26.375,0.0,25.5,10.0,0.0,0.0099,52.5646,5.2565,2.0,285.2302,1.9821,0.6107,1.4303,0.6897,1.4389,0.0005,1.9049,0.0112,1.9469,8.0,0.0651,1.0017,0.1364,2.3567,0.0057,0.98,0.0578,1.9836,0.0,0.0,0.0,29.9839,26.0,25.0,38.0,38.0,15.0,0.0,0.0,0.0,0.0,62.5856,0.0,45.9504,0.0,0.0
22778.0,1.7356,0.092,1.0,0.0802,1.2029,2.0553,1.0553,2.3111,1.3111,26.7035,2.0681,26.3884,2.0555,100.0,0.0,0.0,0.0,25.375,0.0,26.375,0.0,26.5,0.0,25.5,10.0,0.0,0.0104,52.5648,5.2565,2.0,288.1519,1.9838,0.6562,1.4352,0.6928,1.4392,0.0005,1.9069,0.0112,1.9471,8.0,0.0758,1.002,0.1226,2.3105,0.0057,0.9774,0.0546,1.9587,0.0,0.0,0.0,29.9839,26.0,25.0,38.0,38.0,13.0,0.0,0.0,0.0,0.0,62.5853,0.0,45.9505,0.0,0.0
22779.0,1.7361,0.092,1.0,0.0802,1.2027,2.0551,1.0551,2.3113,1.3113,26.8441,2.0738,26.3844,2.0554,100.0,0.0,0.0,0.0,25.25,0.0,26.375,0.0,26.5,0.0,25.375,10.0,0.0,0.0112,52.565,5.2565,2.0,291.2727,1.9857,0.7345,1.4438,0.6858,1.4385,0.0005,1.9084,0.0112,1.9468,8.0,0.0744,1.002,0.1167,2.2888,0.006,1.0007,0.0524,1.9415,0.0,0.0,0.0,29.9836,26.0,25.0,38.0,38.0,14.0,0.0,0.0,0.0,0.0,62.585,0.0,45.95,0.0,0.0
22780.0,1.7448,0.0931,1.0,0.0801,1.2025,2.0561,1.0561,2.3115,1.3115,26.8072,2.0723,26.3695,2.0548,100.0,0.0,0.0,0.0,25.375,0.0,26.625,0.0,26.375,0.0,25.5,10.0,0.0,0.0106,52.565,5.2565,2.0,296.2701,1.9887,0.8045,1.4514,0.6787,1.4377,0.0005,1.91,0.0112,1.9466,8.0,0.0756,1.002,0.1158,2.2855,0.0056,0.9679,0.0558,1.9688,0.0,0.0,0.0,29.9838,26.0,25.0,38.0,38.0,14.0,0.0,0.0,0.0,0.0,62.5854,0.0,45.9504,0.0,0.0
22781.0,1.7455,0.0932,1.0,0.08,1.2022,2.0562,1.0562,2.3114,1.3114,26.7228,2.0689,26.3645,2.0546,100.0,0.0,0.0,0.0,25.375,0.0,26.375,0.0,26.5,0.0,25.375,10.0,0.0,0.0102,52.5652,5.2565,2.0,296.6426,1.9889,0.6858,1.4385,0.6722,1.437,0.0005,1.911,0.0112,1.9467,8.0,0.0701,1.0019,0.1028,2.234,0.0056,0.9718,0.0489,1.9113,0.0,0.0,0.0,29.9841,26.0,25.0,38.0,38.0,14.0,0.0,0.0,0.0,0.0,62.5849,0.0,45.95,0.0,0.0
22782.0,1.7464,0.0933,1.0,0.08,1.2022,2.0558,1.0558,2.3114,1.3114,26.6023,2.0641,26.3629,2.0545,100.0,0.0,0.0,0.0,25.25,0.0,26.5,0.0,26.625,0.0,25.5,10.0,0.0,0.0105,52.5649,5.2565,2.0,296.4165,1.9888,0.5866,1.4276,0.6711,1.4369,0.0005,1.9123,0.0112,1.9468,8.0,0.0685,1.0018,0.1024,2.2322,0.0059,0.9939,0.0478,1.9012,0.0,0.0,0.0,29.9842,26.0,25.0,38.0,37.0,14.0,0.0,0.0,0.0,0.0,62.5855,0.0,45.9504,0.0,0.0
22783.0,1.7466,0.0933,1.0,0.0801,1.2026,2.0554,1.0554,2.3115,1.3115,26.6409,2.0656,26.372,2.0549,100.0,0.0,0.0,0.0,25.375,0.0,26.625,0.0,26.5,0.0,25.375,10.0,0.0,0.0104,52.5652,5.2565,2.0,298.4799,1.99,0.7239,1.4426,0.6702,1.4367,0.0005,1.914,0.0112,1.9467,8.0,0.069,1.0018,0.0941,2.1953,0.0061,1.0037,0.0477,1.9003,0.0,0.0,0.0,29.9841,26.0,25.0,38.0,37.0,14.0,0.0,0.0,0.0,0.0,62.5854,0.0,45.9505,0.0,0.0
22784.0,1.7468,0.0933,1.0,0.0799,1.2019,2.0552,1.0552,2.3117,1.3117,26.8225,2.0729,26.3845,2.0554,100.0,0.0,0.0,0.0,25.375,0.0,26.375,0.0,26.375,0.0,25.375,10.0,0.0,0.0107,52.5652,5.2565,2.0,301.8271,1.9919,0.7471,1.4451,0.6642,1.4361,0.0005,1.9157,0.0112,1.9463,8.0,0.0651,1.0017,0.0903,2.1774,0.0057,0.9792,0.0454,1.8794,0.0,0.0,0.0,29.9843,26.0,25.0,38.0,37.0,15.0,0.0,0.0,0.0,0.0,62.5861,0.0,45.9504,0.0,0.0
22785.0,1.745,0.0931,1.0,0.0796,1.2011,2.0556,1.0556,2.312,1.312,26.831,2.0732,26.3685,2.0547,100.0,0.0,0.0,0.0,25.25,0.0,26.375,0.0,26.375,0.0,25.5,10.0,0.0,0.0105,52.5646,5.2564,2.0,305.9897,1.9943,0.8505,1.4564,0.6504,1.4346,0.0005,1.9167,0.0112,1.9464,8.0,0.0661,1.0018,0.1002,2.2228,0.0062,1.0153,0.0456,1.881,0.0,0.0,0.0,29.984,26.0,25.0,38.0,37.0,14.0,0.0,0.0,0.0,0.0,62.5853,0.0,45.9502,0.0,0.0
22786.0,1.7429,0.0929,1.0,0.08,1.2023,2.0558,1.0558,2.3118,1.3118,26.7414,2.0697,26.3608,2.0544,100.0,0.0,0.0,0.0,25.25,0.0,26.5,0.0,26.375,0.0,25.375,10.0,0.0,0.0099,52.5648,5.2565,2.0,311.7385,1.9975,0.9983,1.4725,0.6373,1.4332,0.0005,1.9179,0.0112,1.9463,8.0,0.0658,1.0018,0.0923,2.1872,0.0056,0.9701,0.0585,1.9888,0.0,0.0,0.0,29.9835,26.0,25.0,38.0,38.0,13.0,0.0,0.0,0.0,0.0,62.5853,0.0,45.9498,0.0,0.0
22787.0,1.7416,0.0927,1.0,0.0799,1.2021,2.0558,1.0558,2.3116,1.3116,26.5992,2.064,26.3627,2.0545,100.0,0.0,0.0,0.0,25.25,0.0,26.5,0.0,26.5,0.0,25.375,10.0,0.0,0.0107,52.5649,5.2565,2.0,315.2869,1.9995,0.8636,1.4579,0.6392,1.4334,0.0005,1.9196,0.0112,1.9463,8.0,0.0677,1.0018,0.0977,2.2118,0.0062,1.0139,0.0538,1.9528,0.0,0.0,0.0,29.9839,26.0,25.0,38.0,38.0,11.0,0.0,0.0,0.0,0.0,62.5854,0.0,45.9505,0.0,0.0
22788.0,1.7397,0.0925,1.0,0.0799,1.202,2.0554,1.0554,2.3115,1.3115,26.6509,2.066,26.3828,2.0553,100.0,0.0,0.0,0.0,25.25,0.0,26.5,0.0,26.375,0.0,25.5,10.0,0.0,0.0109,52.5647,5.2565,2.0,315.0854,1.9994,0.7439,1.4448,0.6346,1.4329,0.0005,1.9213,0.0112,1.9463,8.0,0.0718,1.0019,0.0646,2.0319,0.0064,1.028,0.051,1.9297,0.0,0.0,0.0,29.9836,26.0,25.0,38.0,38.0,14.0,0.0,0.0,0.0,0.0,62.5851,0.0,45.95,0.0,0.0
22789.0,1.7406,0.0926,1.0,0.08,1.2023,2.0552,1.0552,2.3115,1.3115,26.8096,2.0724,26.388,2.0555,100.0,0.0,0.0,0.0,25.25,0.0,26.375,0.0,26.375,0.0,25.375,10.0,0.0,0.0099,52.565,5.2565,2.0,316.6964,2.0003,0.7495,1.4454,0.6261,1.4319,0.0005,1.9225,0.0112,1.9465,8.0,0.0737,1.002,0.0811,2.131,0.0059,0.9917,0.0495,1.9162,0.0,0.0,0.0,29.9838,26.0,25.0,38.0,38.0,14.0,0.0,0.0,0.0,0.0,62.5849,0.0,45.9499,0.0,0.0
22790.0,1.7422,0.0928,1.0,0.0799,1.2021,2.0555,1.0555,2.3119,1.3119,26.828,2.0731,26.3676,2.0547,100.0,0.0,0.0,0.0,25.25,0.0,26.5,0.0,26.375,0.0,25.5,10.0,0.0,0.0098,52.5649,5.2565,2.0,315.9924,1.9999,0.5986,1.4289,0.6254,1.4319,0.0005,1.9238,0.0112,1.9461,8.0,0.0709,1.0019,0.0655,2.0383,0.0057,0.9811,0.0501,1.9215,0.0,0.0,0.0,29.9837,26.0,25.0,38.0,37.0,13.0,0.0,0.0,0.0,0.0,62.5854,0.0,45.9496,0.0,0.0
22791.0,1.7405,0.0926,1.0,0.0799,1.2021,2.0558,1.0558,2.3119,1.3119,26.7497,2.07,26.3584,2.0543,100.0,0.0,0.0,0.0,25.25,0.0,26.375,0.0,26.375,0.0,25.375,10.0,0.0,0.0109,52.5649,5.2565,2.0,315.6972,1.9997,0.5409,1.4226,0.6111,1.4303,0.0005,1.9246,0.0112,1.9461,8.0,0.0705,1.0019,0.1494,2.3961,0.0064,1.026,0.0461,1.8853,0.0,0.0,0.0,29.9839,26.0,25.0,38.0,37.0,13.0,0.0,0.0,0.0,0.0,62.5851,0.0,45.9496,0.0,0.0
22792.0,1.7396,0.0924,1.0,0.0801,1.2024,2.0559,1.0559,2.312,1.312,26.6328,2.0653,26.3603,2.0544,100.0,0.0,0.0,0.0,25.25,0.0,26.5,0.0,26.5,0.0,25.5,10.0,0.0,0.0102,52.565,5.2565,2.0,316.2447,2.0,0.48,1.416,0.6046,1.4296,0.0005,1.9259,0.0112,1.9462,8.0,0.0688,1.0018,0.1353,2.3532,0.0061,1.0061,0.0402,1.8266,0.0,0.0,0.0,29.9836,26.0,25.0,38.0,37.0,13.0,0.0,0.0,0.0,0.0,62.5853,0.0,45.9504,0.0,0.0
22793.0,1.7395,0.0924,1.0,0.08,1.2022,2.0553,1.0553,2.3119,1.3119,26.6161,2.0646,26.368,2.0547,100.0,0.0,0.0,0.0,25.375,0.0,26.625,0.0,26.5,0.0,25.5,10.0,0.0,0.0106,52.5649,5.2565,2.0,315.2683,1.9995,0.4226,1.4097,0.5968,1.4287,0.0005,1.9271,0.0112,1.9458,8.0,0.065,1.0017,0.1363,2.3564,0.0061,1.008,0.0409,1.8336,0.0,0.0,0.0,29.9839,26.0,25.0,38.0,37.0,12.0,0.0,0.0,0.0,0.0,62.5851,0.0,45.9507,0.0,0.0
22794.0,1.7383,0.0923,1.0,0.0795,1.2008,2.0548,1.0548,2.3119,1.3119,26.7613,2.0705,26.3813,2.0553,100.0,0.0,0.0,0.0,25.25,0.0,26.5,0.0,26.5,0.0,25.5,10.0,0.0,0.0106,52.5647,5.2565,2.0,313.8112,1.9987,0.3272,1.3993,0.5929,1.4283,0.0005,1.9284,0.0112,1.9457,8.0,0.0668,1.0018,0.1014,2.2277,0.0056,0.9717,0.0386,1.8086,0.0,0.0,0.0,29.9839,26.0,25.0,38.0,38.0,12.0,0.0,0.0,0.0,0.0,62.5855,0.0,45.9499,0.0,0.0
22795.0,1.7362,0.092,1.0,0.08,1.2022,2.0554,1.0554,2.3119,1.3119,26.8556,2.0742,26.3674,2.0547,100.0,0.0,0.0,0.0,25.25,0.0,26.5,0.0,26.5,0.0,25.5,10.0,0.0,0.0104,52.5647,5.2565,2.0,317.3073,2.0006,0.4226,1.4097,0.5853,1.4275,0.0005,1.9296,0.0112,1.9454,8.0,0.0664,1.0018,0.1196,2.2997,0.0059,0.9953,0.0388,1.8111,0.0,0.0,0.0,29.9835,26.0,25.0,38.0,38.0,15.0,0.0,0.0,0.0,0.0,62.5855,0.0,45.9503,0.0,0.0
22796.0,1.7363,0.092,1.0,0.0799,1.2019,2.0558,1.0558,2.3119,1.3119,26.776,2.071,26.3675,2.0547,100.0,0.0,0.0,0.0,25.375,0.0,26.375,0.0,26.375,0.0,25.375,10.0,0.0,0.0107,52.565,5.2565,2.0,318.0738,2.001,0.301,1.3965,0.5901,1.428,0.0006,1.9312,0.0112,1.9456,8.0,0.0644,1.0017,0.0922,2.1864,0.0058,0.9889,0.0494,1.9158,0.0,0.0,0.0,29.9841,26.0,25.0,38.0,38.0,14.0,0.0,0.0,0.0,0.0,62.5852,0.0,45.9507,0.0,0.0
22797.0,1.7371,0.0921,1.0,0.0799,1.2021,2.0558,1.0558,2.3121,1.3121,26.6415,2.0657,26.3541,2.0542,100.0,0.0,0.0,0.0,25.375,0.0,26.375,0.0,26.625,0.0,25.5,10.0,0.0,0.0108,52.5645,5.2565,2.0,315.1515,1.9994,0.2343,1.3892,0.5803,1.4269,0.0006,1.9326,0.0112,1.9457,8.0,0.0686,1.0018,0.181,2.4796,0.0064,1.0275,0.051,1.9293,0.0,0.0,0.0,29.9839,26.0,25.0,38.0,38.0,13.0,0.0,0.0,0.0,0.0,62.586,0.0,45.9502,0.0,0.0
22798.0,1.7384,0.0923,1.0,0.0798,1.2018,2.0558,1.0558,2.3117,1.3117,26.5957,2.0638,26.3642,2.0546,100.0,0.0,0.0,0.0,25.375,0.0,26.375,0.0,26.625,0.0,25.375,10.0,0.0,0.0106,52.5647,5.2565,2.0,317.3329,2.0006,0.2574,1.3917,0.5767,1.4265,0.0006,1.9334,0.0112,1.9458,8.0,0.0724,1.0019,0.1583,2.4213,0.0064,1.0252,0.063,2.0212,0.0,0.0,0.0,29.9837,26.0,25.0,38.0,38.0,15.0,0.0,0.0,0.0,0.0,62.5852,0.0,45.9495,0.0,0.0
22799.0,1.7383,0.0923,1.0,0.08,1.2022,2.0552,1.0552,2.3114,1.3114,26.7406,2.0696,26.3792,2.0552,100.0,0.0,0.0,0.0,25.375,0.0,26.5,0.0,26.375,0.0,25.5,10.0,0.0,0.0103,52.5649,5.2565,2.0,318.3437,2.0012,0.2891,1.3952,0.5619,1.4249,0.0006,1.9346,0.0112,1.9456,8.0,0.072,1.0019,0.2307,2.5849,0.0066,1.0441,0.0531,1.9467,0.0,0.0,0.0,29.9836,26.0,25.0,38.0,38.0,13.0,0.0,0.0,0.0,0.0,62.585,0.0,45.9497,0.0,0.0
22800.0,1.7367,0.0921,1.0,0.08,1.2024,2.055,1.055,2.3119,1.3119,26.848,2.0739,26.368,2.0547,100.0,0.0,0.0,0.0,25.375,0.0,26.625,0.0,26.5,0.0,25.375,10.0,0.0,0.0096,52.5648,5.2565,2.0,318.8338,2.0014,0.2646,1.3925,0.5587,1.4246,0.0006,1.9359,0.0112,1.9458,8.0,0.0697,1.0019,0.1858,2.4909,0.0055,0.9661,0.0529,1.9451,0.0,0.0,0.0,29.9834,26.0,25.0,38.0,38.0,13.0,0.0,0.0,0.0,0.0,62.5851,0.0,45.9504,0.0,0.0
22801.0,1.7368,0.0921,1.0,0.08,1.2023,2.0554,1.0554,2.3121,1.3121,26.7768,2.0711,26.3586,2.0543,100.0,0.0,0.0,0.0,25.375,0.0,26.5,0.0,26.5,0.0,25.375,10.0,0.0,0.0099,52.5647,5.2565,2.0,318.1021,2.001,0.2253,1.3882,0.5617,1.4249,0.0006,1.9373,0.0112,1.9459,8.0,0.0676,1.0018,0.1825,2.4831,0.0057,0.9804,0.0553,1.9649,0.0,0.0,0.0,29.9839,26.0,25.0,38.0,38.0,14.0,0.0,0.0,0.0,0.0,62.5852,0.0,45.95,0.0,0.0
22802.0,1.7362,0.092,1.0,0.0798,1.2017,2.0555,1.0555,2.3122,1.3122,26.6695,2.067,26.3543,2.0542,100.0,0.0,0.0,0.0,25.25,0.0,26.5,0.0,26.5,0.0,25.5,10.0,0.0,0.0107,52.5652,5.2565,2.0,318.6243,2.0013,0.2339,1.3892,0.5595,1.4246,0.0006,1.9384,0.0112,1.9457,8.0,0.0671,1.0018,0.1873,2.4944,0.0061,1.0106,0.0556,1.9666,0.0,0.0,0.0,29.9838,26.0,25.0,38.0,38.0,12.0,0.0,0.0,0.0,0.0,62.5858,0.0,45.9501,0.0,0.0
22803.0,1.7363,0.092,1.0,0.0798,1.2018,2.0554,1.0554,2.312,1.312,26.5938,2.0638,26.3542,2.0542,100.0,0.0,0.0,0.0,25.375,0.0,26.5,0.0,26.5,0.0,25.375,10.0,0.0,0.0105,52.5651,5.2565,2.0,321.5836,2.0029,0.3488,1.4017,0.5589,1.4246,0.0006,1.9396,0.0112,1.9457,8.0,0.0661,1.0018,0.1611,2.429,0.0058,0.9844,0.0659,2.0404,0.0,0.0,0.0,29.9837,26.0,25.0,38.0,38.0,14.0,0.0,0.0,0.0,0.0,62.5855,0.0,45.9498,0.0,0.0
22804.0,1.7363,0.092,1.0,0.0798,1.2017,2.0548,1.0548,2.3119,1.3119,26.7073,2.0683,26.3682,2.0547,100.0,0.0,0.0,0.0,25.375,0.0,26.375,0.0,26.5,0.0,25.375,10.0,0.0,0.0107,52.5651,5.2565,2.0,322.2671,2.0033,0.2324,1.389,0.5509,1.4237,0.0006,1.9407,0.0112,1.9458,8.0,0.0668,1.0018,0.2192,2.5628,0.0063,1.0246,0.0593,1.9947,0.0,0.0,0.0,29.9834,26.0,25.0,38.0,38.0,14.0,0.0,0.0,0.0,0.0,62.5848,0.0,45.9502,0.0,0.0
22805.0,1.7439,0.093,1.0,0.0799,1.202,2.0546,1.0546,2.3121,1.3121,26.857,2.0743,26.3624,2.0545,100.0,0.0,0.0,0.0,25.25,0.0,26.375,0.0,26.375,0.0,25.375,10.0,0.0,0.0108,52.5649,5.2565,2.0,319.4545,2.0018,0.1757,1.3828,0.5424,1.4228,0.0006,1.942,0.0112,1.9457,8.0,0.0671,1.0018,0.224,2.5721,0.0065,1.0343,0.064,2.0284,0.0,0.0,0.0,29.9836,26.0,25.0,38.0,38.0,14.0,0.0,0.0,0.0,0.0,62.585,0.0,45.95,0.0,0.0
22806.0,1.7474,0.0934,1.0,0.0798,1.2018,2.0553,1.0553,2.3123,1.3123,26.8198,2.0728,26.3512,2.054,100.0,0.0,0.0,0.0,25.375,0.0,26.5,0.0,26.5,0.0,25.375,10.0,0.0,0.0103,52.5649,5.2565,2.0,319.3874,2.0017,0.2071,1.3862,0.5319,1.4217,0.0006,1.943,0.0112,1.9456,8.0,0.0711,1.0019,0.2319,2.5871,0.0058,0.9881,0.0587,1.9907,0.0,0.0,0.0,29.9834,26.0,25.0,38.0,38.0,14.0,0.0,0.0,0.0,0.0,62.5853,0.0,45.9505,0.0,0.0
22807.0,1.7477,0.0935,1.0,0.08,1.2022,2.0554,1.0554,2.3122,1.3122,26.7163,2.0687,26.355,2.0542,100.0,0.0,0.0,0.0,25.25,0.0,26.5,0.0,26.375,0.0,25.5,10.0,0.0,0.0104,52.5649,5.2565,2.0,321.8246,2.003,0.2212,1.3878,0.5274,1.4212,0.0006,1.9441,0.0112,1.9455,8.0,0.0718,1.0019,0.2341,2.5913,0.0062,1.0119,0.0574,1.9807,0.0,0.0,0.0,29.984,26.0,25.0,38.0,38.0,14.0,0.0,0.0,0.0,0.0,62.5853,0.0,45.9505,0.0,0.0
22808.0,1.7493,0.0937,1.0,0.0801,1.2025,2.0554,1.0554,2.312,1.312,26.6024,2.0641,26.3461,2.0538,100.0,0.0,0.0,0.0,25.375,0.0,26.5,0.0,26.5,0.0,25.375,10.0,0.0,0.0108,52.5648,5.2565,2.0,321.8953,2.0031,0.1736,1.3826,0.5196,1.4203,0.0006,1.945,0.0112,1.9457,8.0,0.0732,1.002,0.2734,2.6587,0.0057,0.9793,0.0676,2.0518,0.0,0.0,0.0,29.9841,26.0,25.0,38.0,38.0,13.0,0.0,0.0,0.0,0.0,62.5859,0.0,45.9503,0.0,0.0
22809.0,1.7503,0.0938,1.0,0.08,1.2021,2.0549,1.0549,2.3119,1.3119,26.6776,2.0671,26.3665,2.0547,100.0,0.0,0.0,0.0,25.375,0.0,26.5,0.0,26.375,0.0,25.375,10.0,0.0,0.011,52.5648,5.2565,2.0,324.3828,2.0044,0.3036,1.3968,0.511,1.4194,0.0006,1.9459,0.0112,1.9456,8.0,0.0756,1.002,0.3824,2.8043,0.0054,0.9564,0.0635,2.025,0.0,0.0,0.0,29.9839,26.0,25.0,38.0,38.0,12.0,0.0,0.0,0.0,0.0,62.5854,0.0,45.9501,0.0,0.0
22810.0,1.7507,0.0938,1.0,0.0799,1.202,2.0547,1.0547,2.3118,1.3118,26.8419,2.0737,26.3748,2.055,100.0,0.0,0.0,0.0,25.25,0.0,26.625,0.0,26.625,0.0,25.375,10.0,0.0,0.011,52.5648,5.2565,2.0,328.9395,2.0068,0.3551,1.4024,0.5104,1.4193,0.0006,1.9471,0.0112,1.9454,8.0,0.0739,1.002,0.2906,2.6851,0.0062,1.0124,0.0591,1.9934,0.0,0.0,0.0,29.9836,26.0,25.0,38.0,38.0,14.0,0.0,0.0,0.0,0.0,62.5855,0.0,45.9503,0.0,0.0
22811.0,1.7503,0.0938,1.0,0.0798,1.2018,2.0553,1.0553,2.312,1.312,26.8277,2.0731,26.3625,2.0545,100.0,0.0,0.0,0.0,25.25,0.0,26.375,0.0,26.375,0.0,25.25,10.0,0.0,0.0106,52.5648,5.2565,2.0,326.9497,2.0058,0.2705,1.3931,0.5045,1.4187,0.0006,1.9482,0.0112,1.945,8.0,0.0627,1.0017,0.3191,2.7258,0.0061,1.0056,0.0654,2.0374,0.0,0.0,0.0,29.9839,26.0,25.0,38.0,38.0,13.0,0.0,0.0,0.0,0.0,62.5853,0.0,45.9501,0.0,0.0
22812.0,1.7448,0.0931,1.0,0.0799,1.202,2.0555,1.0555,2.3119,1.3119,26.7157,2.0686,26.3544,2.0542,100.0,0.0,0.0,0.0,25.375,0.0,26.375,0.0,26.5,0.0,25.375,10.0,0.0,0.0109,52.5649,5.2565,2.0,327.2042,2.0059,0.2679,1.3929,0.5051,1.4187,0.0006,1.9495,0.0112,1.9451,8.0,0.069,1.0018,0.2703,2.6537,0.0064,1.0251,0.0554,1.9654,0.0,0.0,0.0,29.9832,26.0,25.0,38.0,38.0,14.0,0.0,0.0,0.0,0.0,62.585,0.0,45.9498,0.0,0.0
22813.0,1.739,0.0924,1.0,0.08,1.2024,2.055,1.055,2.312,1.312,26.5945,2.0638,26.3454,2.0538,100.0,0.0,0.0,0.0,25.375,0.0,26.375,0.0,26.5,0.0,25.5,10.0,0.0,0.0103,52.5647,5.2565,2.0,331.2164,2.008,0.3715,1.4042,0.4999,1.4182,0.0006,1.9505,0.0112,1.9451,8.0,0.0733,1.002,0.2668,2.648,0.0064,1.0252,0.0685,2.0576,0.0,0.0,0.0,29.9843,26.0,25.0,38.0,38.0,14.0,0.0,0.0,0.0,0.0,62.5856,0.0,45.9504,0.0,0.0
22814.0,1.7383,0.0923,1.0,0.0802,1.2028,2.0546,1.0546,2.3119,1.3119,26.678,2.0671,26.3651,2.0546,100.0,0.0,0.0,0.0,25.375,0.0,26.375,0.0,26.5,0.0,25.5,10.0,0.0,0.0102,52.5646,5.2565,2.0,332.5368,2.0087,0.3593,1.4028,0.4994,1.4181,0.0006,1.9518,0.0112,1.9452,8.0,0.0783,1.0021,0.2803,2.6694,0.006,0.9977,0.0635,2.0249,0.0,0.0,0.0,29.9835,26.0,25.0,38.0,38.0,15.0,0.0,0.0,0.0,0.0,62.5854,0.0,45.9502,0.0,0.0
22815.0,1.7373,0.0922,1.0,0.08,1.2023,2.0548,1.0548,2.312,1.312,26.8303,2.0732,26.368,2.0547,100.0,0.0,0.0,0.0,25.375,0.0,26.5,0.0,26.375,0.0,25.375,10.0,0.0,0.0109,52.5648,5.2565,2.0,333.2784,2.0091,0.358,1.4027,0.503,1.4185,0.0006,1.9529,0.0112,1.945,8.0,0.0746,1.002,0.2599,2.6366,0.0061,1.0094,0.0607,2.0052,0.0,0.0,0.0,29.9832,26.0,25.0,38.0,37.0,16.0,0.0,0.0,0.0,0.0,62.5857,0.0,45.9498,0.0,0.0
22816.0,1.7372,0.0922,1.0,0.08,1.2023,2.0549,1.0549,2.3123,1.3123,26.8451,2.0738,26.3533,2.0541,100.0,0.0,0.0,0.0,25.25,0.0,26.375,0.0,26.5,0.0,25.375,10.0,0.0,0.0105,52.5648,5.2565,2.0,334.4766,2.0097,0.4012,1.4074,0.4974,1.4179,0.0006,1.9538,0.0112,1.9447,8.0,0.0686,1.0018,0.2591,2.6353,0.0067,1.0464,0.0557,1.9673,0.0,0.0,0.0,29.9839,26.0,25.0,38.0,37.0,14.0,0.0,0.0,0.0,0.0,62.5856,0.0,45.9502,0.0,0.0
22817.0,1.7363,0.092,1.0,0.08,1.2021,2.0552,1.0552,2.3123,1.3123,26.7459,2.0698,26.3459,2.0538,100.0,0.0,0.0,0.0,25.375,0.0,26.5,0.0,26.375,0.0,25.375,10.0,0.0,0.0106,52.5648,5.2565,2.0,338.9825,2.0121,0.4836,1.4164,0.4883,1.4169,0.0006,1.9546,0.0112,1.9446,8.0,0.0681,1.0018,0.224,2.5721,0.0054,0.9565,0.0725,2.0822,0.0,0.0,0.0,29.9833,26.0,25.0,38.0,37.0,13.0,0.0,0.0,0.0,0.0,62.5848,0.0,45.9502,0.0,0.0
22818.0,1.7363,0.092,1.0,0.0798,1.2017,2.0554,1.0554,2.3121,1.3121,26.5969,2.0639,26.3434,2.0537,100.0,0.0,0.0,0.0,25.25,0.0,26.5,0.0,26.5,0.0,25.375,10.0,0.0,0.0101,52.5645,5.2565,2.0,341.326,2.0133,0.5005,1.4182,0.4926,1.4174,0.0006,1.956,0.0112,1.9446,8.0,0.0649,1.0017,0.2016,2.5263,0.0062,1.0114,0.0718,2.0778,0.0,0.0,0.0,29.9835,26.0,25.0,38.0,37.0,13.0,0.0,0.0,0.0,0.0,62.5847,0.0,45.95,0.0,0.0
22819.0,1.7354,0.0919,1.0,0.0798,1.2017,2.0547,1.0547,2.3123,1.3123,26.6449,2.0658,26.3555,2.0542,100.0,0.0,0.0,0.0,25.375,0.0,26.375,0.0,26.5,0.0,25.375,10.0,0.0,0.0106,52.5645,5.2564,2.0,341.1649,2.0132,0.4615,1.414,0.4878,1.4168,0.0006,1.957,0.0112,1.9445,8.0,0.07,1.0019,0.2723,2.6569,0.0062,1.0152,0.0769,2.1079,0.0,0.0,0.0,29.9837,26.0,25.0,38.0,38.0,15.0,0.0,0.0,0.0,0.0,62.5851,0.0,45.9498,0.0,0.0
22820.0,1.7334,0.0917,1.0,0.0798,1.2017,2.0547,1.0547,2.3123,1.3123,26.8052,2.0722,26.3709,2.0548,100.0,0.0,0.0,0.0,25.375,0.0,26.5,0.0,26.375,0.0,25.5,10.0,0.0,0.0102,52.5645,5.2565,2.0,343.1824,2.0142,0.477,1.4157,0.4818,1.4162,0.0006,1.9578,0.0112,1.9445,8.0,0.0707,1.0019,0.2791,2.6676,0.0071,1.0708,0.0766,2.1062,0.0,0.0,0.0,29.9841,26.0,25.0,38.0,38.0,15.0,0.0,0.0,0.0,0.0,62.5852,0.0,45.9501,0.0,0.0
22821.0,1.7341,0.0918,1.0,0.08,1.2023,2.0552,1.0552,2.3127,1.3127,26.8412,2.0736,26.3633,2.0545,100.0,0.0,0.0,0.0,25.25,0.0,26.5,0.0,26.5,0.0,25.375,10.0,0.0,0.01,52.5646,5.2565,2.0,346.1535,2.0157,0.4757,1.4155,0.4781,1.4158,0.0006,1.9592,0.0112,1.9444,8.0,0.0755,1.002,0.2081,2.54,0.0055,0.9643,0.0748,2.0956,0.0,0.0,0.0,29.9837,26.0,25.0,38.0,38.0,13.0,0.0,0.0,0.0,0.0,62.5853,0.0,45.9502,0.0,0.0
22822.0,1.7361,0.092,1.0,0.0799,1.202,2.0554,1.0554,2.3123,1.3123,26.7449,2.0698,26.3464,2.0539,100.0,0.0,0.0,0.0,25.25,0.0,26.375,0.0,26.375,0.0,25.375,10.0,0.0,0.0107,52.5648,5.2565,2.0,346.5699,2.0159,0.4947,1.4176,0.4792,1.4159,0.0006,1.9602,0.0112,1.9444,8.0,0.0681,1.0018,0.2206,2.5654,0.0055,0.962,0.0673,2.0502,0.0,0.0,0.0,29.9837,26.0,25.0,38.0,38.0,14.0,0.0,0.0,0.0,0.0,62.585,0.0,45.9502,0.0,0.0
22823.0,1.7355,0.0919,1.0,0.0797,1.2013,2.0554,1.0554,2.3121,1.3121,26.6339,2.0654,26.3442,2.0538,100.0,0.0,0.0,0.0,25.375,0.0,26.375,0.0,26.375,0.0,25.5,10.0,0.0,0.0106,52.5645,5.2564,2.0,349.8987,2.0176,0.56,1.4247,0.4831,1.4163,0.0006,1.9612,0.0112,1.9441,8.0,0.0669,1.0018,0.2253,2.5746,0.0062,1.0139,0.0667,2.0461,0.0,0.0,0.0,29.9836,26.0,25.0,38.0,38.0,13.0,0.0,0.0,0.0,0.0,62.5853,0.0,45.9499,0.0,0.0
22824.0,1.7357,0.092,1.0,0.0799,1.2019,2.055,1.055,2.312,1.312,26.624,2.065,26.3594,2.0544,100.0,0.0,0.0,0.0,25.375,0.0,26.625,0.0,26.5,0.0,25.5,10.0,0.0,0.0103,52.5644,5.2565,2.0,350.0024,2.0176,0.4423,1.4119,0.4784,1.4158,0.0006,1.9622,0.0112,1.9439,8.0,0.071,1.0019,0.2013,2.5256,0.0068,1.0534,0.0669,2.0476,0.0,0.0,0.0,29.9834,26.0,25.0,38.0,38.0,14.0,0.0,0.0,0.0,0.0,62.5848,0.0,45.9496,0.0,0.0
22825.0,1.7362,0.092,1.0,0.0799,1.202,2.0544,1.0544,2.3119,1.3119,26.7974,2.0719,26.3719,2.0549,100.0,0.0,0.0,0.0,25.375,0.0,26.5,0.0,26.375,0.0,25.5,10.0,0.0,0.0102,52.5644,5.2565,2.0,351.7756,2.0185,0.5656,1.4253,0.4661,1.4145,0.0006,1.9632,0.0112,1.9443,8.0,0.0706,1.0019,0.1636,2.4355,0.0057,0.9741,0.0627,2.0194,0.0,0.0,0.0,29.9837,26.0,25.0,38.0,38.0,14.0,0.0,0.0,0.0,0.0,62.5846,0.0,45.9503,0.0,0.0
22826.0,1.7363,0.092,1.0,0.08,1.2023,2.0546,1.0546,2.3123,1.3123,26.842,2.0737,26.3553,2.0542,100.0,0.0,0.0,0.0,25.375,0.0,26.375,0.0,26.5,0.0,25.375,10.0,0.0,0.0097,52.5648,5.2565,2.0,355.5704,2.0204,0.5235,1.4208,0.4634,1.4142,0.0006,1.9642,0.0112,1.9441,8.0,0.0746,1.002,0.2665,2.6476,0.0058,0.986,0.06,1.9999,0.0,0.0,0.0,29.984,26.0,25.0,38.0,38.0,13.0,0.0,0.0,0.0,0.0,62.5858,0.0,45.95,0.0,0.0
22827.0,1.7363,0.092,1.0,0.0802,1.2028,2.0554,1.0554,2.3122,1.3122,26.7594,2.0704,26.3466,2.0539,100.0,0.0,0.0,0.0,25.25,0.0,26.375,0.0,26.375,0.0,25.375,10.0,0.0,0.0104,52.5644,5.2564,2.0,357.1506,2.0211,0.5296,1.4214,0.4606,1.4139,0.0006,1.9653,0.0112,1.9444,8.0,0.0751,1.002,0.2499,2.6195,0.0064,1.0247,0.0708,2.0718,0.0,0.0,0.0,29.9833,26.0,25.0,38.0,37.0,14.0,0.0,0.0,0.0,0.0,62.5849,0.0,45.95,0.0,0.0
22828.0,1.7362,0.092,1.0,0.08,1.2023,2.0554,1.0554,2.3117,1.3117,26.6398,2.0656,26.3534,2.0541,100.0,0.0,0.0,0.0,25.375,0.0,26.375,0.0,26.625,0.0,25.375,10.0,0.0,0.01,52.5646,5.2565,2.0,359.3766,2.0222,0.5256,1.421,0.4632,1.4142,0.0006,1.9662,0.0112,1.9441,8.0,0.0734,1.002,0.2672,2.6486,0.0059,0.992,0.0653,2.0368,0.0,0.0,0.0,29.9838,26.0,25.0,38.0,37.0,13.0,0.0,0.0,0.0,0.0,62.5849,0.0,45.9504,0.0,0.0
22829.0,1.7362,0.092,1.0,0.0799,1.202,2.0554,1.0554,2.3116,1.3116,26.5944,2.0638,26.3615,2.0545,100.0,0.0,0.0,0.0,25.375,0.0,26.5,0.0,26.5,0.0,25.375,10.0,0.0,0.01,52.5647,5.2565,2.0,358.7773,2.0219,0.4682,1.4147,0.4589,1.4137,0.0006,1.967,0.0112,1.9442,8.0,0.0695,1.0019,0.1904,2.5016,0.006,0.9982,0.068,2.0542,0.0,0.0,0.0,29.9835,26.0,25.0,38.0,37.0,13.0,0.0,0.0,0.0,0.0,62.5844,0.0,45.95,0.0,0.0
22830.0,1.7352,0.0919,1.0,0.0798,1.2018,2.0546,1.0546,2.3119,1.3119,26.7257,2.069,26.369,2.0548,100.0,0.0,0.0,0.0,25.25,0.0,26.375,0.0,26.375,0.0,25.375,10.0,0.0,0.0099,52.5646,5.2565,2.0,359.2656,2.0222,0.4206,1.4095,0.4522,1.413,0.0006,1.9679,0.0112,1.9438,8.0,0.0664,1.0018,0.1866,2.4928,0.0067,1.0493,0.0556,1.9668,0.0,0.0,0.0,29.9838,26.0,25.0,38.0,37.0,15.0,0.0,0.0,0.0,0.0,62.5853,0.0,45.9501,0.0,0.0
22831.0,1.7356,0.0919,1.0,0.08,1.2022,2.0544,1.0544,2.3122,1.3122,26.8576,2.0743,26.36,2.0544,100.0,0.0,0.0,0.0,25.375,0.0,26.375,0.0,26.375,0.0,25.375,10.0,0.0,0.0107,52.5646,5.2565,2.0,361.2646,2.0231,0.4304,1.4106,0.4523,1.413,0.0006,1.9688,0.0112,1.9439,8.0,0.0648,1.0017,0.1849,2.4889,0.0068,1.0528,0.0575,1.9814,0.0,0.0,0.0,29.984,26.0,25.0,38.0,38.0,13.0,0.0,0.0,0.0,0.0,62.5854,0.0,45.9502,0.0,0.0
22832.0,1.7364,0.0921,1.0,0.08,1.2024,2.0554,1.0554,2.3122,1.3122,26.7858,2.0714,26.3482,2.0539,100.0,0.0,0.0,0.0,25.25,0.0,26.375,0.0,26.375,0.0,25.375,10.0,0.0,0.0113,52.5644,5.2564,2.0,361.7896,2.0234,0.3913,1.4063,0.4495,1.4127,0.0007,1.97,0.0112,1.944,8.0,0.071,1.0019,0.1813,2.4802,0.0058,0.9849,0.0562,1.9717,0.0,0.0,0.0,29.9836,26.0,25.0,38.0,38.0,14.0,0.0,0.0,0.0,0.0,62.5851,0.0,45.9501,0.0,0.0
22833.0,1.7362,0.092,1.0,0.0798,1.2018,2.0552,1.0552,2.3122,1.3122,26.6829,2.0673,26.3446,2.0538,100.0,0.0,0.0,0.0,25.375,0.0,26.375,0.0,26.375,0.0,25.375,10.0,0.0,0.0105,52.5643,5.2564,2.0,364.3333,2.0246,0.435,1.4111,0.4493,1.4126,0.0007,1.971,0.0112,1.944,8.0,0.073,1.0019,0.2047,2.533,0.006,1.0024,0.0534,1.9491,0.0,0.0,0.0,29.9835,26.0,25.0,38.0,38.0,13.0,0.0,0.0,0.0,0.0,62.5854,0.0,45.9501,0.0,0.0
22834.0,1.7362,0.092,1.0,0.08,1.2023,2.0547,1.0547,2.312,1.312,26.5922,2.0637,26.3415,2.0537,100.0,0.0,0.0,0.0,25.375,0.0,26.375,0.0,26.5,0.0,25.5,10.0,0.0,0.0104,52.5647,5.2565,2.0,364.6595,2.0248,0.4316,1.4107,0.4502,1.4128,0.0007,1.9719,0.0112,1.9438,8.0,0.0688,1.0018,0.2482,2.6166,0.0058,0.9883,0.0535,1.9505,0.0,0.0,0.0,29.9834,26.0,25.0,38.0,38.0,13.0,0.0,0.0,0.0,0.0,62.5853,0.0,45.9501,0.0,0.0
22835.0,1.7378,0.0922,1.0,0.0796,1.2013,2.0544,1.0544,2.3119,1.3119,26.7161,2.0686,26.3665,2.0547,100.0,0.0,0.0,0.0,25.25,0.0,26.375,0.0,26.5,0.0,25.375,10.0,0.0,0.0107,52.5649,5.2565,2.0,368.3834,2.0265,0.4913,1.4172,0.4441,1.4121,0.0007,1.9728,0.0112,1.9435,8.0,0.0658,1.0018,0.2173,2.5588,0.0059,0.9919,0.0551,1.9628,0.0,0.0,0.0,29.9839,26.0,25.0,38.0,37.0,12.0,0.0,0.0,0.0,0.0,62.5856,0.0,45.9507,0.0,0.0
22836.0,1.7404,0.0926,1.0,0.0799,1.2019,2.0548,1.0548,2.3122,1.3122,26.8478,2.0739,26.3606,2.0544,100.0,0.0,0.0,0.0,25.375,0.0,26.5,0.0,26.375,0.0,25.5,10.0,0.0,0.0107,52.5645,5.2564,2.0,369.612,2.0271,0.4281,1.4103,0.4379,1.4114,0.0007,1.9738,0.0112,1.9434,8.0,0.0689,1.0018,0.1874,2.4946,0.0061,1.0098,0.0455,1.8802,0.0,0.0,0.0,29.9839,26.0,25.0,38.0,37.0,14.0,0.0,0.0,0.0,0.0,62.5855,16.0,46.0003,0.0,0.0
22837.0,1.7412,0.0927,1.0,0.0801,1.2025,2.0549,1.0549,2.3123,1.3123,26.8121,2.0725,26.35,2.054,100.0,0.0,0.0,0.0,25.25,0.0,26.375,0.0,26.5,0.0,25.375,10.0,0.0,0.0106,52.5647,5.2565,2.0,368.8397,2.0267,0.3831,1.4054,0.4386,1.4115,0.0007,1.9749,0.0112,1.9437,8.0,0.0722,1.0019,0.2362,2.5951,0.0061,1.0091,0.0451,1.8759,0.0,0.0,0.0,29.9837,26.0,25.0,38.0,37.0,13.0,0.0,0.0,0.0,0.0,62.5849,16.0,46.1627,0.0,0.0
22838.0,1.7395,0.0924,1.0,0.0799,1.2019,2.055,1.055,2.3122,1.3122,26.7133,2.0685,26.3356,2.0534,100.0,0.0,0.0,0.0,25.25,0.0,26.5,0.0,26.625,0.0,25.375,10.0,0.0,0.0106,52.5643,5.2564,2.0,368.5123,2.0266,0.2965,1.396,0.4414,1.4118,0.0007,1.9759,0.0112,1.9439,8.0,0.0731,1.002,0.1816,2.4808,0.0066,1.0385,0.0463,1.8876,0.0,0.0,0.0,29.9835,26.0,25.0,38.0,37.0,12.0,0.0,0.0,0.0,0.0,62.5853,0.0,46.3226,0.0,0.0
22839.0,1.7364,0.092,1.0,0.0801,1.2025,2.0546,1.0546,2.3121,1.3121,26.6029,2.0641,26.3355,2.0534,100.0,0.0,0.0,0.0,25.375,0.0,26.5,0.0,26.5,0.0,25.375,10.0,0.0,0.0103,52.5646,5.2565,2.0,371.1064,2.0278,0.4037,1.4077,0.4432,1.412,0.0007,1.977,0.0112,1.9436,8.0,0.0756,1.002,0.1878,2.4956,0.0061,1.008,0.0431,1.8567,0.0,0.0,0.0,29.9835,26.0,25.0,38.0,38.0,14.0,0.0,0.0,0.0,0.0,62.585,0.0,46.3267,0.0,0.0
22840.0,1.7362,0.092,1.0,0.08,1.2022,2.0543,1.0543,2.3119,1.3119,26.6758,2.067,26.3559,2.0542,100.0,0.0,0.0,0.0,25.375,0.0,26.375,0.0,26.5,0.0,25.375,10.0,0.0,0.0099,52.5645,5.2565,2.0,375.3466,2.0298,0.4879,1.4169,0.4363,1.4112,0.0007,1.9775,0.0112,1.9436,8.0,0.0714,1.0019,0.1469,2.3887,0.0059,0.9896,0.0363,1.7815,0.0,0.0,0.0,29.9838,26.0,25.0,38.0,38.0,15.0,0.0,0.0,0.0,0.0,62.5854,0.0,46.327,0.0,0.0
22841.0,1.7362,0.092,1.0,0.0801,1.2024,2.0544,1.0544,2.3121,1.3121,26.8463,2.0739,26.3574,2.0543,100.0,0.0,0.0,0.0,25.25,0.0,26.375,0.0,26.5,0.0,25.375,10.0,0.0,0.0102,52.5647,5.2564,2.0,375.5203,2.0299,0.4637,1.4142,0.4401,1.4117,0.0007,1.9787,0.0112,1.9437,8.0,0.0665,1.0018,0.1658,2.4415,0.0055,0.9656,0.0399,1.8225,0.0,0.0,0.0,29.9832,26.0,25.0,38.0,38.0,13.0,0.0,0.0,0.0,0.0,62.585,0.0,46.327,0.0,0.0
22842.0,1.7381,0.0923,1.0,0.0796,1.2012,2.0547,1.0547,2.3126,1.3126,26.8213,2.0729,26.3415,2.0537,100.0,0.0,0.0,0.0,25.25,0.0,26.375,0.0,26.5,0.0,25.375,10.0,0.0,0.0101,52.5643,5.2564,2.0,376.8658,2.0305,0.3539,1.4022,0.4388,1.4115,0.0007,1.9796,0.0112,1.9436,8.0,0.0653,1.0017,0.1593,2.4239,0.0058,0.9839,0.0364,1.7827,0.0,0.0,0.0,29.9836,26.0,25.0,38.0,38.0,15.0,0.0,0.0,0.0,0.0,62.5846,0.0,46.3268,0.0,0.0
22843.0,1.741,0.0926,1.0,0.0798,1.2017,2.0548,1.0548,2.3124,1.3124,26.7238,2.069,26.3352,2.0534,100.0,0.0,0.0,0.0,25.25,0.0,26.375,0.0,26.375,0.0,25.375,10.0,0.0,0.0102,52.5647,5.2565,2.0,374.961,2.0296,0.2827,1.3945,0.4365,1.4113,0.0007,1.9806,0.0112,1.9435,8.0,0.0688,1.0018,0.1501,2.3984,0.0063,1.0215,0.0553,1.9647,0.0,0.0,0.0,29.9838,26.0,25.0,38.0,38.0,15.0,0.0,0.0,0.0,0.0,62.5848,0.0,46.3274,0.0,0.0
22844.0,1.7423,0.0928,1.0,0.0801,1.2025,2.055,1.055,2.3124,1.3124,26.5881,2.0635,26.3468,2.0539,100.0,0.0,0.0,0.0,25.375,0.0,26.5,0.0,26.375,0.0,25.375,10.0,0.0,0.0108,52.5647,5.2565,2.0,373.2973,2.0288,0.2223,1.3879,0.4458,1.4123,0.0007,1.9822,0.0112,1.9437,8.0,0.0763,1.002,0.1384,2.3631,0.0061,1.0071,0.0532,1.9476,0.0,0.0,0.0,29.9835,26.0,25.0,38.0,37.0,13.0,0.0,0.0,0.0,0.0,62.5854,0.0,46.3272,0.0,0.0
22845.0,1.7414,0.0927,1.0,0.08,1.2024,2.0546,1.0546,2.3123,1.3123,26.6618,2.0665,26.3648,2.0546,100.0,0.0,0.0,0.0,25.375,0.0,26.375,0.0,26.5,0.0,25.375,10.0,0.0,0.0105,52.5646,5.2564,2.0,374.8329,2.0295,0.315,1.398,0.4357,1.4112,0.0007,1.9827,0.0112,1.9432,8.0,0.0705,1.0019,0.1488,2.3944,0.0059,0.9921,0.0466,1.8903,0.0,0.0,0.0,29.9839,26.0,25.0,38.0,37.0,13.0,0.0,0.0,0.0,0.0,62.5852,0.0,46.3275,0.0,0.0
22846.0,1.7394,0.0924,1.0,0.0801,1.2024,2.0544,1.0544,2.3128,1.3128,26.8325,2.0733,26.3656,2.0546,100.0,0.0,0.0,0.0,25.375,0.0,26.375,0.0,26.5,0.0,25.375,10.0,0.0,0.0099,52.5648,5.2565,2.0,379.3223,2.0316,0.3471,1.4015,0.4581,1.4136,0.0007,1.9843,0.0112,1.9433,8.0,0.0675,1.0018,0.1682,2.4476,0.0057,0.9805,0.0456,1.8805,0.0,0.0,0.0,29.9836,26.0,25.0,38.0,37.0,14.0,0.0,0.0,0.0,0.0,62.5844,0.0,46.3264,0.0,0.0
22847.0,1.739,0.0924,1.0,0.0799,1.2019,2.0548,1.0548,2.3131,1.3131,26.8288,2.0732,26.3538,2.0542,100.0,0.0,0.0,0.0,25.375,0.0,26.375,0.0,26.5,0.0,25.375,10.0,0.0,0.0108,52.5648,5.2565,2.0,380.8063,2.0323,0.3681,1.4038,0.473,1.4152,0.0007,1.9855,0.0112,1.9433,8.0,0.0669,1.0018,0.2186,2.5615,0.0061,1.0092,0.0433,1.8579,0.0,0.0,0.0,29.9836,26.0,25.0,38.0,37.0,13.0,0.0,0.0,0.0,0.0,62.585,0.0,46.3268,0.0,0.0
22848.0,1.7374,0.0922,1.0,0.0799,1.2019,2.0554,1.0554,2.3127,1.3127,26.7489,2.07,26.3561,2.0542,100.0,0.0,0.0,0.0,25.375,0.0,26.375,0.0,26.5,0.0,25.375,10.0,0.0,0.0105,52.5649,5.2565,2.0,381.12,2.0324,0.3966,1.4069,0.4955,1.4177,0.0007,1.987,0.0112,1.9434,8.0,0.0658,1.0018,0.1879,2.4959,0.0058,0.9829,0.0459,1.8834,0.0,0.0,0.0,29.9836,26.0,25.0,38.0,38.0,13.0,0.0,0.0,0.0,0.0,62.5853,0.0,46.3273,0.0,0.0
22849.0,1.7363,0.092,1.0,0.08,1.2021,2.055,1.055,2.3129,1.3129,26.622,2.0649,26.3421,2.0537,100.0,0.0,0.0,0.0,25.375,0.0,26.375,0.0,26.375,0.0,25.375,10.0,0.0,0.0101,52.5644,5.2564,2.0,387.4004,2.0353,0.3669,1.4037,0.5085,1.4191,0.0007,1.9884,0.0112,1.9437,8.0,0.0719,1.0019,0.1736,2.4614,0.0058,0.9872,0.04,1.8238,0.0,0.0,0.0,29.9834,26.0,25.0,38.0,38.0,13.0,0.0,0.0,0.0,0.0,62.5855,0.0,46.3268,0.0,0.0
22850.0,1.7382,0.0923,1.0,0.0799,1.202,2.0546,1.0546,2.3127,1.3127,26.6213,2.0649,26.3492,2.054,100.0,0.0,0.0,0.0,25.25,0.0,26.375,0.0,26.375,0.0,25.375,10.0,0.0,0.0109,52.5647,5.2565,2.0,383.3511,2.0334,0.2874,1.395,0.5193,1.4203,0.0007,1.99,0.0112,1.9437,8.0,0.0723,1.0019,0.1508,2.4002,0.0061,1.0056,0.0386,1.8089,0.0,0.0,0.0,29.984,26.0,25.0,38.0,38.0,14.0,0.0,0.0,0.0,0.0,62.5853,0.0,46.3269,0.0,0.0
22851.0,1.7385,0.0923,1.0,0.0802,1.2028,2.0544,1.0544,2.3126,1.3126,26.788,2.0715,26.3623,2.0545,100.0,0.0,0.0,0.0,25.25,0.0,26.375,0.0,26.5,0.0,25.375,10.0,0.0,0.0105,52.5646,5.2565,2.0,384.8313,2.0341,0.3296,1.3996,0.5349,1.422,0.0007,1.9917,0.0112,1.9441,8.0,0.0752,1.002,0.1462,2.3869,0.0065,1.0316,0.0387,1.8093,0.0,0.0,0.0,29.9832,26.0,25.0,38.0,38.0,14.0,0.0,0.0,0.0,0.0,62.5851,0.0,46.3271,0.0,0.0
22852.0,1.7386,0.0923,1.0,0.08,1.2022,2.0547,1.0547,2.3129,1.3129,26.837,2.0735,26.3519,2.0541,100.0,0.0,0.0,0.0,25.25,0.0,26.375,0.0,26.5,0.0,25.375,10.0,0.0,0.0105,52.5644,5.2565,2.0,386.9593,2.0351,0.3712,1.4041,0.5452,1.4231,0.0007,1.993,0.0112,1.9443,8.0,0.0727,1.0019,0.1293,2.3333,0.0069,1.0578,0.0342,1.7561,0.0,0.0,0.0,29.9836,26.0,25.0,38.0,37.0,16.0,0.0,0.0,0.0,0.0,62.5851,0.0,46.3272,0.0,0.0
22853.0,1.7369,0.0921,1.0,0.08,1.2022,2.055,1.055,2.313,1.313,26.7616,2.0705,26.3369,2.0535,100.0,0.0,0.0,0.0,25.25,0.0,26.625,0.0,26.5,0.0,25.375,10.0,0.0,0.0106,52.5648,5.2565,2.0,389.3277,2.0361,0.4118,1.4086,0.5612,1.4249,0.0007,1.9947,0.0112,1.9444,8.0,0.0694,1.0019,0.2008,2.5246,0.0058,0.9844,0.035,1.7655,0.0,0.0,0.0,29.9832,26.0,25.0,38.0,37.0,14.0,0.0,0.0,0.0,0.0,62.5849,0.0,46.3265,0.0,0.0
22854.0,1.7449,0.0931,1.0,0.0798,1.2017,2.055,1.055,2.3126,1.3126,26.6213,2.0649,26.333,2.0533,100.0,0.0,0.0,0.0,25.375,0.0,26.375,0.0,26.5,0.0,25.375,10.0,0.0,0.0104,52.5648,5.2565,2.0,398.088,2.04,0.6498,1.4345,0.5758,1.4264,0.0007,1.9964,0.0112,1.9445,8.0,0.0698,1.0019,0.1986,2.5197,0.0057,0.9787,0.0353,1.7694,0.0,0.0,0.0,29.9834,26.0,25.0,38.0,37.0,12.0,0.0,0.0,0.0,0.0,62.5848,0.0,46.3263,0.0,0.0
22855.0,1.7476,0.0935,1.0,0.0799,1.2021,2.0548,1.0548,2.3123,1.3123,26.6242,2.065,26.3511,2.054,100.0,0.0,0.0,0.0,25.25,0.0,26.375,0.0,26.375,0.0,25.375,10.0,0.0,0.01,52.5647,5.2565,2.0,401.7891,2.0416,0.6568,1.4353,0.5837,1.4273,0.0007,1.9979,0.0112,1.9448,8.0,0.0738,1.002,0.2139,2.5521,0.0059,0.9906,0.0462,1.8868,0.0,0.0,0.0,29.9831,26.0,25.0,38.0,37.0,13.0,0.0,0.0,0.0,0.0,62.5849,0.0,46.3267,0.0,0.0
22856.0,1.7481,0.0935,1.0,0.0803,1.2032,2.0544,1.0544,2.3123,1.3123,26.7718,2.0709,26.3626,2.0545,100.0,0.0,0.0,0.0,25.375,0.0,26.375,0.0,26.5,0.0,25.375,10.0,0.0,0.0101,52.5646,5.2565,2.0,403.7853,2.0425,0.5923,1.4282,0.5969,1.4288,0.0007,1.9995,0.0112,1.945,8.0,0.0752,1.002,0.1577,2.4198,0.0068,1.0516,0.0459,1.8836,0.0,0.0,0.0,29.9835,26.0,25.0,38.0,37.0,13.0,0.0,0.0,0.0,0.0,62.5847,0.0,46.3272,0.0,0.0
22857.0,1.7476,0.0935,1.0,0.08,1.2022,2.0543,1.0543,2.3128,1.3128,26.8388,2.0736,26.3452,2.0538,100.0,0.0,0.0,0.0,25.25,0.0,26.5,0.0,26.5,0.0,25.375,10.0,0.0,0.0101,52.5644,5.2565,2.0,405.7858,2.0433,0.579,1.4268,0.5968,1.4287,0.0007,2.0011,0.0112,1.9449,8.0,0.0721,1.0019,0.2361,2.5949,0.006,1.0009,0.0439,1.8647,0.0,0.0,0.0,29.9833,26.0,25.0,38.0,37.0,14.0,0.0,0.0,0.0,0.0,62.585,0.0,46.3265,0.0,0.0
22858.0,1.7476,0.0935,1.0,0.0801,1.2026,2.0546,1.0546,2.3129,1.3129,26.7619,2.0705,26.3368,2.0535,100.0,0.0,0.0,0.0,25.25,0.0,26.375,0.0,26.5,0.0,25.375,10.0,0.0,0.0106,52.5647,5.2565,2.0,406.7951,2.0438,0.5778,1.4267,0.602,1.4293,0.0007,2.0024,0.0112,1.9451,8.0,0.0688,1.0018,0.2413,2.6044,0.0057,0.9793,0.0419,1.8439,0.0,0.0,0.0,29.9835,26.0,25.0,38.0,37.0,16.0,0.0,0.0,0.0,0.0,62.5853,0.0,46.327,0.0,0.0
22859.0,1.7486,0.0936,1.0,0.0798,1.2018,2.0551,1.0551,2.3127,1.3127,26.6668,2.0667,26.334,2.0534,100.0,0.0,0.0,0.0,25.25,0.0,26.375,0.0,26.375,0.0,25.375,10.0,0.0,0.0101,52.5645,5.2564,2.0,409.6727,2.045,0.6758,1.4374,0.6057,1.4297,0.0008,2.0036,0.0112,1.9452,8.0,0.0664,1.0018,0.2336,2.5903,0.0063,1.0194,0.0386,1.808,0.0,0.0,0.0,29.9837,26.0,25.0,38.0,37.0,14.0,0.0,0.0,0.0,0.0,62.5848,0.0,46.3269,0.0,0.0
22860.0,1.7477,0.0935,1.0,0.08,1.2022,2.055,1.055,2.3124,1.3124,26.6028,2.0641,26.3519,2.0541,100.0,0.0,0.0,0.0,25.375,0.0,26.625,0.0,26.5,0.0,25.375,10.0,0.0,0.0102,52.5643,5.2564,2.0,412.8204,2.0463,0.6387,1.4333,0.6081,1.43,0.0008,2.005,0.0112,1.9455,8.0,0.0665,1.0018,0.2051,2.5338,0.006,1.0027,0.0409,1.8336,0.0,0.0,0.0,29.9834,26.0,25.0,38.0,37.0,15.0,0.0,0.0,0.0,0.0,62.585,0.0,46.3269,0.0,0.0
22861.0,1.7456,0.0932,1.0,0.0799,1.2019,2.0544,1.0544,2.3122,1.3122,26.732,2.0693,26.3706,2.0548,100.0,0.0,0.0,0.0,25.375,0.0,26.375,0.0,26.625,0.0,25.375,10.0,0.0,0.0107,52.5645,5.2565,2.0,417.8703,2.0484,0.7316,1.4434,0.5985,1.4289,0.0008,2.0063,0.0112,1.9455,8.0,0.0664,1.0018,0.2068,2.5374,0.0057,0.9812,0.0356,1.7733,0.0,0.0,0.0,29.9829,26.0,25.0,38.0,37.0,14.0,0.0,0.0,0.0,0.0,62.5853,0.0,46.3268,0.0,0.0
22862.0,1.7446,0.0931,1.0,0.0798,1.2017,2.0543,1.0543,2.3127,1.3127,26.8454,2.0738,26.3512,2.054,100.0,0.0,0.0,0.0,25.25,0.0,26.375,0.0,26.5,0.0,25.375,10.0,0.0,0.0102,52.5647,5.2564,2.0,421.5552,2.0499,0.7435,1.4447,0.597,1.4288,0.0008,2.0076,0.0112,1.9458,8.0,0.0717,1.0019,0.2072,2.5382,0.0062,1.0162,0.0353,1.77,0.0,0.0,0.0,29.9831,26.0,25.0,38.0,37.0,16.0,0.0,0.0,0.0,0.0,62.5853,0.0,46.3267,0.0,0.0
22863.0,1.7379,0.0922,1.0,0.0799,1.202,2.0548,1.0548,2.3127,1.3127,26.7951,2.0718,26.339,2.0536,100.0,0.0,0.0,0.0,25.375,0.0,26.5,0.0,26.5,0.0,25.375,10.0,0.0,0.0103,52.5643,5.2564,2.0,425.6807,2.0516,0.7786,1.4486,0.5988,1.429,0.0008,2.0092,0.0112,1.946,8.0,0.0732,1.002,0.183,2.4844,0.0056,0.9685,0.0459,1.8839,0.0,0.0,0.0,29.9834,26.0,25.0,38.0,37.0,12.0,0.0,0.0,0.0,0.0,62.5855,0.0,46.3269,0.0,0.0
22864.0,1.7363,0.092,1.0,0.0801,1.2025,2.0547,1.0547,2.3126,1.3126,26.6706,2.0668,26.3351,2.0534,100.0,0.0,0.0,0.0,25.375,0.0,26.375,0.0,26.5,0.0,25.375,10.0,0.0,0.0098,52.5646,5.2565,2.0,429.53,2.0532,0.6899,1.4389,0.5928,1.4283,0.0008,2.0106,0.0112,1.946,8.0,0.0761,1.002,0.1685,2.4485,0.0063,1.0238,0.0465,1.8894,0.0,0.0,0.0,29.983,26.0,25.0,38.0,38.0,14.0,0.0,0.0,0.0,0.0,62.5851,0.0,46.3267,0.0,0.0
22865.0,1.7363,0.092,1.0,0.08,1.2023,2.055,1.055,2.3124,1.3124,26.5924,2.0637,26.3425,2.0537,100.0,0.0,0.0,0.0,25.25,0.0,26.375,0.0,26.5,0.0,25.375,10.0,0.0,0.0101,52.5647,5.2565,2.0,428.8914,2.0529,0.591,1.4281,0.5847,1.4274,0.0008,2.0116,0.0112,1.9458,8.0,0.0668,1.0018,0.1298,2.3353,0.0068,1.0518,0.047,1.8942,0.0,0.0,0.0,29.9834,26.0,25.0,38.0,38.0,14.0,0.0,0.0,0.0,0.0,62.5858,0.0,46.3273,0.0,0.0
22866.0,1.7362,0.092,1.0,0.0798,1.2017,2.0547,1.0547,2.3123,1.3123,26.695,2.0678,26.3677,2.0547,100.0,0.0,0.0,0.0,25.375,0.0,26.375,0.0,26.5,0.0,25.375,10.0,0.0,0.0106,52.5645,5.2564,2.0,429.0474,2.053,0.6055,1.4297,0.5787,1.4268,0.0008,2.0125,0.0112,1.9459,8.0,0.0663,1.0018,0.1558,2.4145,0.0056,0.9691,0.0453,1.8776,0.0,0.0,0.0,29.9834,26.0,25.0,38.0,38.0,14.0,0.0,0.0,0.0,0.0,62.5854,0.0,46.3274,0.0,0.0
22867.0,1.7356,0.0919,1.0,0.0798,1.2016,2.0543,1.0543,2.3125,1.3125,26.8532,2.0741,26.3624,2.0545,100.0,0.0,0.0,0.0,25.375,0.0,26.375,0.0,26.5,0.0,25.375,10.0,0.0,0.0104,52.5646,5.2565,2.0,432.1654,2.0543,0.6103,1.4302,0.5797,1.4269,0.0008,2.014,0.0112,1.946,8.0,0.0655,1.0017,0.1441,2.3806,0.0063,1.0205,0.0417,1.8418,0.0,0.0,0.0,29.9834,26.0,25.0,38.0,38.0,13.0,0.0,0.0,0.0,0.0,62.5857,0.0,46.3269,0.0,0.0
22868.0,1.7363,0.092,1.0,0.0799,1.2019,2.0549,1.0549,2.3127,1.3127,26.7959,2.0718,26.3386,2.0535,100.0,0.0,0.0,0.0,25.25,0.0,26.375,0.0,26.5,0.0,25.375,10.0,0.0,0.0098,52.5647,5.2565,2.0,435.1574,2.0555,0.5931,1.4283,0.5841,1.4274,0.0008,2.0158,0.0112,1.9464,8.0,0.0725,1.0019,0.2435,2.6084,0.0059,0.9893,0.0377,1.7987,0.0,0.0,0.0,29.9832,26.0,25.0,38.0,38.0,12.0,0.0,0.0,0.0,0.0,62.5851,0.0,46.3269,0.0,0.0
22869.0,1.7362,0.092,1.0,0.0799,1.202,2.055,1.055,2.3126,1.3126,26.6759,2.067,26.3355,2.0534,100.0,0.0,0.0,0.0,25.25,0.0,26.375,0.0,26.5,0.0,25.375,10.0,0.0,0.0101,52.5645,5.2564,2.0,436.0865,2.0558,0.5614,1.4249,0.5882,1.4278,0.0008,2.0171,0.0112,1.9465,8.0,0.0733,1.002,0.1966,2.5154,0.0059,0.9913,0.0383,1.8054,0.0,0.0,0.0,29.9828,26.0,25.0,38.0,38.0,14.0,0.0,0.0,0.0,0.0,62.5851,0.0,46.3264,0.0,0.0
22870.0,1.7363,0.092,1.0,0.0799,1.2021,2.055,1.055,2.312,1.312,26.5877,2.0635,26.3402,2.0536,100.0,0.0,0.0,0.0,25.25,0.0,26.375,0.0,26.625,0.0,25.5,10.0,0.0,0.0109,52.5644,5.2564,2.0,439.2273,2.0571,0.5326,1.4217,0.5955,1.4286,0.0008,2.0188,0.0112,1.9467,8.0,0.0742,1.002,0.1985,2.5196,0.0061,1.0084,0.0366,1.7852,0.0,0.0,0.0,29.9832,26.0,25.0,38.0,38.0,13.0,0.0,0.0,0.0,0.0,62.5849,0.0,46.3269,0.0,0.0
22871.0,1.7362,0.092,1.0,0.0803,1.2032,2.0545,1.0545,2.3123,1.3123,26.6961,2.0678,26.3584,2.0543,100.0,0.0,0.0,0.0,25.25,0.0,26.375,0.0,26.5,0.0,25.375,10.0,0.0,0.0107,52.5643,5.2564,2.0,438.7803,2.0569,0.4961,1.4178,0.5836,1.4273,0.0008,2.0198,0.0112,1.9471,8.0,0.0756,1.002,0.1676,2.4461,0.0063,1.0228,0.037,1.7895,0.0,0.0,0.0,29.9834,26.0,25.0,38.0,38.0,13.0,0.0,0.0,0.0,0.0,62.5853,0.0,46.3271,0.0,0.0
22872.0,1.7363,0.092,1.0,0.08,1.2023,2.0544,1.0544,2.3124,1.3124,26.8256,2.073,26.3583,2.0543,100.0,0.0,0.0,0.0,25.25,0.0,26.375,0.0,26.375,0.0,25.375,10.0,0.0,0.0102,52.5645,5.2564,2.0,440.0213,2.0574,0.4366,1.4113,0.5786,1.4268,0.0008,2.0207,0.0112,1.947,8.0,0.0768,1.002,0.1906,2.502,0.0064,1.0262,0.0345,1.7599,0.0,0.0,0.0,29.9833,26.0,25.0,38.0,37.0,15.0,0.0,0.0,0.0,0.0,62.5856,0.0,46.3266,0.0,0.0
22873.0,1.7335,0.0917,1.0,0.0801,1.2024,2.0548,1.0548,2.3129,1.3129,26.8148,2.0726,26.3427,2.0537,100.0,0.0,0.0,0.0,25.375,0.0,26.375,0.0,26.5,0.0,25.375,10.0,0.0,0.0105,52.5645,5.2565,2.0,443.1449,2.0586,0.5768,1.4266,0.5859,1.4276,0.0008,2.0223,0.0112,1.947,8.0,0.0707,1.0019,0.1531,2.4069,0.0057,0.9788,0.0302,1.7016,0.0,0.0,0.0,29.9835,26.0,25.0,38.0,37.0,12.0,0.0,0.0,0.0,0.0,62.5854,0.0,46.3269,0.0,0.0
22874.0,1.7395,0.0924,1.0,0.0801,1.2026,2.0546,1.0546,2.3127,1.3127,26.6921,2.0677,26.3351,2.0534,100.0,0.0,0.0,0.0,25.375,0.0,26.375,0.0,26.625,0.0,25.375,10.0,0.0,0.0105,52.5646,5.2564,2.0,446.8656,2.0601,0.5208,1.4205,0.5735,1.4262,0.0008,2.0235,0.0112,1.9469,8.0,0.07,1.0019,0.1599,2.4256,0.0065,1.0376,0.0281,1.6711,0.0,0.0,0.0,29.9834,26.0,25.0,38.0,37.0,13.0,0.0,0.0,0.0,0.0,62.5848,0.0,46.3269,0.0,0.0
22875.0,1.7436,0.093,1.0,0.0799,1.2019,2.0546,1.0546,2.3125,1.3125,26.6074,2.0643,26.3284,2.0531,100.0,0.0,0.0,0.0,25.25,0.0,26.375,0.0,26.5,0.0,25.375,10.0,0.0,0.0107,52.5648,5.2565,2.0,446.8797,2.0601,0.5156,1.4199,0.5718,1.426,0.0008,2.0245,0.0112,1.9469,8.0,0.0691,1.0018,0.138,2.3618,0.0061,1.0051,0.0265,1.6452,0.0,0.0,0.0,29.9834,26.0,25.0,38.0,37.0,14.0,0.0,0.0,0.0,0.0,62.5853,0.0,46.3268,0.0,0.0
22876.0,1.7442,0.093,1.0,0.0799,1.2019,2.0547,1.0547,2.3123,1.3123,26.6422,2.0657,26.3588,2.0544,100.0,0.0,0.0,0.0,25.25,0.0,26.375,0.0,26.5,0.0,25.375,10.0,0.0,0.0098,52.5646,5.2564,2.0,450.5315,2.0615,0.5344,1.4219,0.5744,1.4263,0.0008,2.0259,0.0112,1.9472,8.0,0.0712,1.0019,0.1444,2.3814,0.0059,0.9895,0.0291,1.6853,0.0,0.0,0.0,29.9834,26.0,25.0,38.0,37.0,15.0,0.0,0.0,0.0,0.0,62.585,0.0,46.3267,0.0,0.0
22877.0,1.7459,0.0932,1.0,0.0798,1.2017,2.0548,1.0548,2.3124,1.3124,26.8174,2.0727,26.3696,2.0548,100.0,0.0,0.0,0.0,25.25,0.0,26.375,0.0,26.5,0.0,25.375,10.0,0.0,0.0099,52.5647,5.2565,2.0,452.9606,2.0624,0.4843,1.4165,0.574,1.4263,0.0008,2.0274,0.0112,1.9473,8.0,0.0725,1.0019,0.1282,2.3298,0.0061,1.0057,0.04,1.8234,0.0,0.0,0.0,29.984,26.0,25.0,38.0,37.0,14.0,0.0,0.0,0.0,0.0,62.5846,0.0,46.3263,0.0,0.0
22878.0,1.7443,0.093,1.0,0.0798,1.2018,2.0549,1.0549,2.3127,1.3127,26.828,2.0731,26.3528,2.0541,100.0,0.0,0.0,0.0,25.25,0.0,26.5,0.0,26.5,0.0,25.375,10.0,0.0,0.0099,52.5646,5.2565,2.0,452.2947,2.0622,0.4585,1.4137,0.5702,1.4258,0.0008,2.0289,0.0112,1.9474,8.0,0.0724,1.0019,0.1331,2.3459,0.0059,0.9909,0.045,1.875,0.0,0.0,0.0,29.9834,26.0,25.0,38.0,37.0,13.0,0.0,0.0,0.0,0.0,62.5854,0.0,46.3268,0.0,0.0
22879.0,1.74,0.0925,1.0,0.0801,1.2027,2.0554,1.0554,2.3124,1.3124,26.7281,2.0691,26.3466,2.0539,100.0,0.0,0.0,0.0,25.25,0.0,26.375,0.0,26.5,0.0,25.375,10.0,0.0,0.0105,52.5647,5.2564,2.0,457.0741,2.064,0.5477,1.4234,0.5594,1.4247,0.0008,2.0298,0.0112,1.9474,8.0,0.0757,1.002,0.1803,2.4778,0.0064,1.0269,0.0421,1.846,0.0,0.0,0.0,29.9834,26.0,25.0,38.0,37.0,14.0,0.0,0.0,0.0,0.0,62.5859,0.0,46.3272,0.0,0.0
22880.0,1.7388,0.0924,1.0,0.0802,1.2028,2.0555,1.0555,2.312,1.312,26.6064,2.0643,26.3538,2.0542,100.0,0.0,0.0,0.0,25.375,0.0,26.375,0.0,26.625,0.0,25.375,10.0,0.0,0.0109,52.5645,5.2564,2.0,461.2762,2.0656,0.6176,1.431,0.555,1.4242,0.0008,2.031,0.0112,1.9475,8.0,0.0748,1.002,0.1811,2.4799,0.0066,1.0398,0.0371,1.7911,0.0,0.0,0.0,29.9834,26.0,25.0,38.0,37.0,14.0,0.0,0.0,0.0,0.0,62.5854,0.0,46.3271,0.0,0.0
22881.0,1.7365,0.0921,1.0,0.0801,1.2025,2.055,1.055,2.3119,1.3119,26.6654,2.0666,26.3654,2.0546,100.0,0.0,0.0,0.0,25.25,0.0,26.5,0.0,26.5,0.0,25.375,10.0,0.0,0.011,52.5645,5.2564,2.0,470.5923,2.0691,0.7087,1.4409,0.5519,1.4238,0.0009,2.0323,0.0112,1.9475,8.0,0.0751,1.002,0.1836,2.4856,0.0062,1.0166,0.0358,1.7752,0.0,0.0,0.0,29.9829,26.0,25.0,38.0,38.0,13.0,0.0,0.0,0.0,0.0,62.5848,0.0,46.3271,0.0,0.0
22882.0,1.7362,0.092,1.0,0.0801,1.2024,2.0548,1.0548,2.3118,1.3118,26.7926,2.0717,26.3781,2.0551,100.0,0.0,0.0,0.0,25.25,0.0,26.375,0.0,26.5,0.0,25.375,10.0,0.0,0.0102,52.5646,5.2564,2.0,468.6459,2.0683,0.6233,1.4316,0.5492,1.4235,0.0009,2.0332,0.0112,1.9476,8.0,0.0701,1.0019,0.1767,2.4691,0.0056,0.9685,0.0382,1.8036,0.0,0.0,0.0,29.9832,26.0,25.0,38.0,38.0,15.0,0.0,0.0,0.0,0.0,62.5855,0.0,46.3267,0.0,0.0
22883.0,1.7362,0.092,1.0,0.0801,1.2024,2.0551,1.0551,2.3123,1.3123,26.8396,2.0736,26.361,2.0544,100.0,0.0,0.0,0.0,25.25,0.0,26.375,0.0,26.625,0.0,25.5,10.0,0.0,0.0108,52.5647,5.2565,2.0,467.5197,2.0679,0.435,1.4111,0.5511,1.4238,0.0009,2.0345,0.0112,1.9475,8.0,0.0679,1.0018,0.142,2.3742,0.0061,1.0042,0.0466,1.8902,0.0,0.0,0.0,29.9836,26.0,25.0,38.0,38.0,13.0,0.0,0.0,0.0,0.0,62.5856,0.0,46.3272,0.0,0.0
22884.0,1.7362,0.092,1.0,0.08,1.2023,2.0552,1.0552,2.3122,1.3122,26.7653,2.0706,26.3469,2.0539,100.0,0.0,0.0,0.0,25.375,0.0,26.375,0.0,26.5,0.0,25.375,10.0,0.0,0.0105,52.5651,5.2565,2.0,466.2484,2.0674,0.5389,1.4224,0.5446,1.423,0.0009,2.0357,0.0112,1.9478,8.0,0.0659,1.0018,0.2187,2.5616,0.0064,1.0281,0.0468,1.8919,0.0,0.0,0.0,29.9833,26.0,25.0,38.0,38.0,14.0,0.0,0.0,0.0,0.0,62.5849,0.0,46.3272,0.0,0.0
22885.0,1.7362,0.092,1.0,0.0799,1.2019,2.0551,1.0551,2.3121,1.3121,26.6474,2.0659,26.3444,2.0538,100.0,0.0,0.0,0.0,25.375,0.0,26.375,0.0,26.625,0.0,25.375,10.0,0.0,0.0111,52.5648,5.2565,2.0,473.8126,2.0702,0.6339,1.4328,0.537,1.4222,0.0009,2.0364,0.0112,1.9479,8.0,0.0667,1.0018,0.3061,2.7077,0.0059,0.9932,0.0435,1.8602,0.0,0.0,0.0,29.9838,26.0,25.0,38.0,38.0,15.0,0.0,0.0,0.0,0.0,62.5855,0.0,46.327,0.0,0.0
22886.0,1.7377,0.0922,1.0,0.0798,1.2017,2.0552,1.0552,2.3119,1.3119,26.6051,2.0642,26.3622,2.0545,100.0,0.0,0.0,0.0,25.375,0.0,26.375,0.0,26.5,0.0,25.375,10.0,0.0,0.0105,52.5644,5.2564,2.0,479.5244,2.0723,0.6827,1.4381,0.5327,1.4217,0.0009,2.0379,0.0112,1.9479,8.0,0.0652,1.0017,0.2401,2.6023,0.0061,1.0073,0.048,1.9027,0.0,0.0,0.0,29.9838,26.0,25.0,38.0,38.0,13.0,0.0,0.0,0.0,0.0,62.5851,0.0,46.3267,0.0,0.0
22887.0,1.7364,0.092,1.0,0.0799,1.2019,2.0548,1.0548,2.3119,1.3119,26.7826,2.0713,26.3732,2.0549,100.0,0.0,0.0,0.0,25.25,0.0,26.5,0.0,26.5,0.0,25.375,10.0,0.0,0.0101,52.5646,5.2565,2.0,484.3415,2.0741,0.6599,1.4356,0.5302,1.4215,0.0009,2.0392,0.0112,1.9483,8.0,0.0734,1.002,0.2698,2.6529,0.006,0.9971,0.0511,1.9302,0.0,0.0,0.0,29.9835,26.0,25.0,38.0,38.0,14.0,0.0,0.0,0.0,0.0,62.585,0.0,46.3269,0.0,0.0
22888.0,1.737,0.0921,1.0,0.0802,1.2027,2.055,1.055,2.3123,1.3123,26.8442,2.0738,26.3601,2.0544,100.0,0.0,0.0,0.0,25.25,0.0,26.375,0.0,26.625,0.0,25.375,10.0,0.0,0.0101,52.5647,5.2565,2.0,485.3703,2.0744,0.5907,1.4281,0.5262,1.421,0.0009,2.0404,0.0112,1.9486,8.0,0.0756,1.002,0.2217,2.5676,0.0066,1.0445,0.0502,1.9229,0.0,0.0,0.0,29.9825,26.0,25.0,38.0,38.0,14.0,0.0,0.0,0.0,0.0,62.5848,0.0,46.3268,0.0,0.0
22889.0,1.7379,0.0922,1.0,0.08,1.2023,2.0554,1.0554,2.3122,1.3122,26.7865,2.0715,26.348,2.0539,100.0,0.0,0.0,0.0,25.25,0.0,26.375,0.0,26.375,0.0,25.5,10.0,0.0,0.0102,52.5648,5.2564,2.0,486.7605,2.0749,0.6092,1.4301,0.5187,1.4202,0.0009,2.0415,0.0112,1.9485,8.0,0.0757,1.002,0.2536,2.6259,0.0061,1.0042,0.0524,1.941,0.0,0.0,0.0,29.9833,26.0,25.0,38.0,37.0,13.0,0.0,0.0,0.0,0.0,62.5855,0.0,46.3273,0.0,0.0
22890.0,1.7363,0.092,1.0,0.0801,1.2026,2.0554,1.0554,2.3121,1.3121,26.6578,2.0663,26.3534,2.0541,100.0,0.0,0.0,0.0,25.25,0.0,26.375,0.0,26.625,0.0,25.375,10.0,0.0,0.0107,52.5647,5.2565,2.0,489.5234,2.0759,0.5671,1.4255,0.5088,1.4191,0.0009,2.0424,0.0113,1.9487,8.0,0.0732,1.002,0.1907,2.5023,0.0068,1.0518,0.0447,1.8719,0.0,0.0,0.0,29.9834,26.0,25.0,38.0,37.0,16.0,0.0,0.0,0.0,0.0,62.5848,0.0,46.3265,0.0,0.0
22891.0,1.7362,0.092,1.0,0.0801,1.2024,2.0553,1.0553,2.3119,1.3119,26.6154,2.0646,26.3668,2.0547,100.0,0.0,0.0,0.0,25.375,0.0,26.375,0.0,26.5,0.0,25.375,10.0,0.0,0.0105,52.5646,5.2565,2.0,492.429,2.0769,0.5604,1.4248,0.4966,1.4178,0.0009,2.0433,0.0112,1.9485,8.0,0.0711,1.0019,0.2194,2.563,0.0063,1.0188,0.0466,1.8904,0.0,0.0,0.0,29.9832,26.0,25.0,38.0,37.0,13.0,0.0,0.0,0.0,0.0,62.5857,0.0,46.3274,0.0,0.0
22892.0,1.7339,0.0917,1.0,0.0799,1.2019,2.0548,1.0548,2.3118,1.3118,26.7618,2.0705,26.3818,2.0553,100.0,0.0,0.0,0.0,25.375,0.0,26.375,0.0,26.375,0.0,25.5,10.0,0.0,0.0103,52.5648,5.2565,2.0,492.2127,2.0769,0.4736,1.4153,0.4901,1.4171,0.0009,2.0443,0.0112,1.9486,8.0,0.068,1.0018,0.2646,2.6444,0.0059,0.9943,0.046,1.8842,0.0,0.0,0.0,29.9833,26.0,25.0,38.0,37.0,15.0,0.0,0.0,0.0,0.0,62.5853,0.0,46.3264,0.0,0.0
22893.0,1.7374,0.0922,1.0,0.0801,1.2024,2.0549,1.0549,2.3119,1.3119,26.8543,2.0742,26.3676,2.0547,100.0,0.0,0.0,0.0,25.375,0.0,26.375,0.0,26.5,0.0,25.375,10.0,0.0,0.0096,52.5649,5.2565,2.0,494.6385,2.0777,0.5202,1.4204,0.4899,1.4171,0.0009,2.0453,0.0112,1.9486,8.0,0.0689,1.0018,0.3354,2.7474,0.0059,0.9941,0.0425,1.8505,0.0,0.0,0.0,29.9829,26.0,25.0,38.0,37.0,13.0,0.0,0.0,0.0,0.0,62.5853,0.0,46.3267,0.0,0.0
22894.0,1.7431,0.0929,1.0,0.0798,1.2017,2.0553,1.0553,2.3119,1.3119,26.8088,2.0724,26.3599,2.0544,100.0,0.0,0.0,0.0,25.25,0.0,26.375,0.0,26.5,0.0,25.375,10.0,0.0,0.0105,52.5649,5.2565,2.0,498.1012,2.0789,0.5535,1.424,0.4768,1.4157,0.0009,2.0459,0.0113,1.9487,8.0,0.0676,1.0018,0.2532,2.6253,0.0056,0.968,0.0408,1.8325,0.0,0.0,0.0,29.9833,26.0,25.0,38.0,37.0,14.0,0.0,0.0,0.0,0.0,62.5856,0.0,46.3271,0.0,0.0
22895.0,1.7454,0.0932,1.0,0.0798,1.2017,2.0554,1.0554,2.3121,1.3121,26.7003,2.068,26.356,2.0542,100.0,0.0,0.0,0.0,25.375,0.0,26.375,0.0,26.5,0.0,25.375,10.0,0.0,0.0104,52.5649,5.2565,2.0,498.5252,2.0791,0.5324,1.4217,0.4776,1.4157,0.0009,2.047,0.0113,1.9488,8.0,0.0666,1.0018,0.2207,2.5656,0.0057,0.9787,0.0396,1.8195,0.0,0.0,0.0,29.9832,26.0,25.0,38.0,37.0,14.0,0.0,0.0,0.0,0.0,62.5849,0.0,46.327,0.0,0.0
22896.0,1.7464,0.0933,1.0,0.0796,1.2013,2.0554,1.0554,2.312,1.312,26.5901,2.0636,26.3598,2.0544,100.0,0.0,0.0,0.0,25.25,0.0,26.375,0.0,26.375,0.0,25.375,10.0,0.0,0.0105,52.5648,5.2565,2.0,505.0199,2.0813,0.6108,1.4303,0.4756,1.4155,0.0009,2.048,0.0113,1.9488,8.0,0.067,1.0018,0.2605,2.6376,0.0062,1.0174,0.0379,1.8008,0.0,0.0,0.0,29.9833,26.0,25.0,38.0,37.0,15.0,0.0,0.0,0.0,0.0,62.5852,0.0,46.3269,0.0,0.0
22897.0,1.7444,0.0931,1.0,0.0799,1.2021,2.0549,1.0549,2.3115,1.3115,26.7285,2.0691,26.3789,2.0552,100.0,0.0,0.0,0.0,25.375,0.0,26.375,0.0,26.5,0.0,25.375,10.0,0.0,0.01,52.5645,5.2565,2.0,509.0203,2.0827,0.6527,1.4348,0.4757,1.4155,0.0009,2.0495,0.0113,1.9488,8.0,0.0644,1.0017,0.273,2.6579,0.0062,1.0137,0.0514,1.9331,0.0,0.0,0.0,29.9834,26.0,25.0,38.0,37.0,12.0,0.0,0.0,0.0,0.0,62.5854,0.0,46.3273,0.0,0.0
22898.0,1.7372,0.0922,1.0,0.0799,1.2021,2.0552,1.0552,2.3118,1.3118,26.842,2.0737,26.3745,2.055,100.0,0.0,0.0,0.0,25.25,0.0,26.375,0.0,26.5,0.0,25.375,10.0,0.0,0.0106,52.5644,5.2564,2.0,515.709,2.085,0.6629,1.4359,0.4765,1.4156,0.0009,2.0504,0.0113,1.9492,8.0,0.073,1.0019,0.2813,2.6711,0.0064,1.0256,0.0495,1.9164,0.0,0.0,0.0,29.9832,26.0,25.0,38.0,37.0,15.0,0.0,0.0,0.0,0.0,62.5853,0.0,46.3271,0.0,0.0
22899.0,1.7359,0.092,1.0,0.0803,1.2031,2.0556,1.0556,2.312,1.312,26.8075,2.0723,26.3612,2.0544,100.0,0.0,0.0,0.0,25.25,0.0,26.375,0.0,26.5,0.0,25.375,10.0,0.0,0.0106,52.5645,5.2565,2.0,516.6732,2.0853,0.6413,1.4336,0.4792,1.4159,0.0009,2.0518,0.0113,1.9492,8.0,0.076,1.002,0.2362,2.5952,0.0056,0.9683,0.0441,1.8661,0.0,0.0,0.0,29.9827,26.0,25.0,38.0,37.0,13.0,0.0,0.0,0.0,0.0,62.5852,0.0,46.327,0.0,0.0
22900.0,1.7363,0.092,1.0,0.0802,1.2027,2.0558,1.0558,2.3122,1.3122,26.697,2.0679,26.3546,2.0542,100.0,0.0,0.0,0.0,25.25,0.0,26.375,0.0,26.5,0.0,25.375,10.0,0.0,0.0099,52.5645,5.2564,2.0,520.3345,2.0865,0.5917,1.4282,0.4693,1.4148,0.0009,2.0527,0.0113,1.9495,8.0,0.0742,1.002,0.2353,2.5934,0.0069,1.0603,0.0441,1.8666,0.0,0.0,0.0,29.9836,26.0,25.0,38.0,37.0,15.0,0.0,0.0,0.0,0.0,62.5853,0.0,46.3271,0.0,0.0
22901.0,1.7362,0.092,1.0,0.0802,1.2028,2.0558,1.0558,2.3117,1.3117,26.5994,2.064,26.3592,2.0544,100.0,0.0,0.0,0.0,25.25,0.0,26.375,0.0,26.5,0.0,25.375,10.0,0.0,0.0106,52.5645,5.2564,2.0,521.1035,2.0868,0.6411,1.4336,0.4628,1.4141,0.0009,2.0538,0.0113,1.9496,8.0,0.0761,1.002,0.28,2.669,0.0054,0.9507,0.0454,1.8792,0.0,0.0,0.0,29.9831,26.0,25.0,38.0,38.0,14.0,0.0,0.0,0.0,0.0,62.5855,0.0,46.3268,0.0,0.0
22902.0,1.7359,0.092,1.0,0.0799,1.2019,2.0551,1.0551,2.3116,1.3116,26.6827,2.0673,26.376,2.055,100.0,0.0,0.0,0.0,25.25,0.0,26.375,0.0,26.5,0.0,25.375,10.0,0.0,0.0106,52.5648,5.2565,2.0,527.5793,2.0889,0.6849,1.4384,0.4682,1.4147,0.0009,2.0546,0.0113,1.9495,8.0,0.0736,1.002,0.2785,2.6667,0.0056,0.9679,0.0444,1.8691,0.0,0.0,0.0,29.9832,26.0,25.0,38.0,38.0,15.0,0.0,0.0,0.0,0.0,62.5847,0.0,46.3271,0.0,0.0
22903.0,1.7352,0.0919,1.0,0.0801,1.2025,2.0547,1.0547,2.3119,1.3119,26.8325,2.0733,26.377,2.0551,100.0,0.0,0.0,0.0,25.25,0.0,26.375,0.0,26.5,0.0,25.625,10.0,0.0,0.01,52.5647,5.2565,2.0,527.6191,2.0889,0.5484,1.4235,0.4702,1.4149,0.0009,2.0555,0.0113,1.9495,8.0,0.07,1.0019,0.2516,2.6226,0.0064,1.0251,0.0437,1.8623,0.0,0.0,0.0,29.9834,26.0,25.0,38.0,38.0,16.0,0.0,0.0,0.0,0.0,62.5854,0.0,46.3272,0.0,0.0
22904.0,1.7363,0.092,1.0,0.08,1.2022,2.0552,1.0552,2.3121,1.3121,26.8261,2.073,26.3627,2.0545,100.0,0.0,0.0,0.0,25.25,0.0,26.375,0.0,26.5,0.0,25.5,10.0,0.0,0.0103,52.5647,5.2564,2.0,526.4474,2.0885,0.4259,1.4101,0.4656,1.4144,0.0009,2.0566,0.0113,1.9499,8.0,0.0698,1.0019,0.234,2.591,0.0058,0.9831,0.0366,1.785,0.0,0.0,0.0,29.9833,26.0,25.0,38.0,38.0,15.0,0.0,0.0,0.0,0.0,62.5854,0.0,46.3272,0.0,0.0
22905.0,1.7362,0.092,1.0,0.08,1.2022,2.0554,1.0554,2.3118,1.3118,26.7269,2.0691,26.3561,2.0542,100.0,0.0,0.0,0.0,25.375,0.0,26.375,0.0,26.5,0.0,25.375,10.0,0.0,0.0109,52.5647,5.2564,2.0,525.0151,2.0881,0.3755,1.4046,0.4664,1.4145,0.0009,2.0577,0.0113,1.9497,8.0,0.0649,1.0017,0.276,2.6628,0.0055,0.9649,0.049,1.9123,0.0,0.0,0.0,29.9834,26.0,25.0,38.0,38.0,14.0,0.0,0.0,0.0,0.0,62.5849,0.0,46.3268,0.0,0.0
22906.0,1.7362,0.092,1.0,0.0797,1.2015,2.0554,1.0554,2.3116,1.3116,26.6156,2.0646,26.3489,2.054,100.0,0.0,0.0,0.0,25.375,0.0,26.5,0.0,26.375,0.0,25.375,10.0,0.0,0.0109,52.5648,5.2565,2.0,526.8998,2.0887,0.3401,1.4007,0.4689,1.4148,0.001,2.0587,0.0113,1.9498,8.0,0.0664,1.0018,0.2538,2.6263,0.0062,1.0137,0.0511,1.9303,0.0,0.0,0.0,29.9835,26.0,25.0,38.0,38.0,13.0,0.0,0.0,0.0,0.0,62.5854,0.0,46.3272,0.0,0.0
22907.0,1.7362,0.092,1.0,0.0798,1.2018,2.0551,1.0551,2.3115,1.3115,26.6485,2.0659,26.3728,2.0549,100.0,0.0,0.0,0.0,25.375,0.0,26.375,0.0,26.5,0.0,25.375,10.0,0.0,0.0105,52.5649,5.2565,2.0,526.1837,2.0885,0.2716,1.3933,0.4686,1.4148,0.001,2.0597,0.0113,1.9496,8.0,0.0644,1.0017,0.2683,2.6505,0.0061,1.005,0.0512,1.9309,0.0,0.0,0.0,29.9832,26.0,25.0,38.0,38.0,14.0,0.0,0.0,0.0,0.0,62.585,0.0,46.3272,0.0,0.0
22908.0,1.7363,0.092,1.0,0.08,1.2023,2.0548,1.0548,2.3119,1.3119,26.8153,2.0726,26.3815,2.0553,100.0,0.0,0.0,0.0,25.25,0.0,26.375,0.0,26.5,0.0,25.375,10.0,0.0,0.0098,52.5643,5.2564,2.0,522.2856,2.0872,0.1902,1.3844,0.4646,1.4143,0.001,2.0608,0.0113,1.9499,8.0,0.0679,1.0018,0.2126,2.5494,0.0057,0.9782,0.0436,1.861,0.0,0.0,0.0,29.9831,26.0,25.0,38.0,38.0,14.0,0.0,0.0,0.0,0.0,62.5854,0.0,46.3266,0.0,0.0
22909.0,1.7362,0.092,1.0,0.0801,1.2024,2.0556,1.0556,2.312,1.312,26.8358,2.0734,26.3634,2.0545,100.0,0.0,0.0,0.0,25.375,0.0,26.375,0.0,26.5,0.0,25.375,10.0,0.0,0.011,52.5645,5.2565,2.0,529.6862,2.0896,0.3174,1.3983,0.474,1.4153,0.001,2.0624,0.0113,1.9504,8.0,0.0741,1.002,0.2316,2.5866,0.0057,0.9752,0.0457,1.882,0.0,0.0,0.0,29.9833,26.0,25.0,38.0,38.0,13.0,0.0,0.0,0.0,0.0,62.5852,0.0,46.3274,0.0,0.0
22910.0,1.7363,0.092,1.0,0.0803,1.203,2.0558,1.0558,2.3115,1.3115,26.7345,2.0694,26.3677,2.0547,100.0,0.0,0.0,0.0,25.25,0.0,26.375,0.0,26.5,0.0,25.375,10.0,0.0,0.0108,52.5651,5.2565,2.0,527.2261,2.0888,0.211,1.3867,0.4567,1.4135,0.001,2.0631,0.0113,1.9503,8.0,0.0742,1.002,0.247,2.6145,0.0057,0.9752,0.0362,1.7803,0.0,0.0,0.0,29.9828,26.0,25.0,38.0,37.0,14.0,0.0,0.0,0.0,0.0,62.5847,0.0,46.3266,0.0,0.0
22911.0,1.7362,0.092,1.0,0.0801,1.2027,2.0558,1.0558,2.3117,1.3117,26.6159,2.0646,26.3536,2.0541,100.0,0.0,0.0,0.0,25.25,0.0,26.375,0.0,26.5,0.0,25.375,10.0,0.0,0.0104,52.5647,5.2565,2.0,528.1125,2.0891,0.2176,1.3874,0.4553,1.4133,0.001,2.0641,0.0113,1.9506,8.0,0.0754,1.002,0.2438,2.609,0.0058,0.9877,0.043,1.8552,0.0,0.0,0.0,29.983,26.0,25.0,38.0,37.0,14.0,0.0,0.0,0.0,0.0,62.5854,0.0,46.327,0.0,0.0
22912.0,1.7363,0.092,1.0,0.08,1.2023,2.0555,1.0555,2.3115,1.3115,26.6357,2.0654,26.3718,2.0549,100.0,0.0,0.0,0.0,25.25,0.0,26.5,0.0,26.5,0.0,25.375,10.0,0.0,0.0106,52.5645,5.2564,2.0,530.1524,2.0898,0.3117,1.3976,0.4613,1.414,0.001,2.0652,0.0113,1.9507,8.0,0.0735,1.002,0.2163,2.557,0.0065,1.036,0.0393,1.8166,0.0,0.0,0.0,29.9834,26.0,25.0,38.0,37.0,14.0,0.0,0.0,0.0,0.0,62.5853,0.0,46.3272,0.0,0.0
22913.0,1.7357,0.092,1.0,0.08,1.2022,2.0551,1.0551,2.3115,1.3115,26.8103,2.0724,26.3909,2.0556,100.0,0.0,0.0,0.0,25.25,0.0,26.375,0.0,26.5,0.0,25.375,10.0,0.0,0.0107,52.5646,5.2564,2.0,535.29,2.0914,0.3656,1.4035,0.4495,1.4127,0.001,2.0659,0.0113,1.9504,8.0,0.0685,1.0018,0.2156,2.5554,0.0058,0.9852,0.0382,1.8039,0.0,0.0,0.0,29.9833,26.0,25.0,38.0,37.0,14.0,0.0,0.0,0.0,0.0,62.5856,0.0,46.3273,0.0,0.0
22914.0,1.7342,0.0918,1.0,0.08,1.2022,2.0554,1.0554,2.3115,1.3115,26.8439,2.0738,26.3767,2.0551,100.0,0.0,0.0,0.0,25.375,0.0,26.5,0.0,26.375,0.0,25.5,10.0,0.0,0.0105,52.5647,5.2565,2.0,538.3143,2.0924,0.4031,1.4076,0.4526,1.413,0.001,2.0669,0.0113,1.9503,8.0,0.0679,1.0018,0.1938,2.5093,0.006,0.9989,0.0402,1.826,0.0,0.0,0.0,29.9832,26.0,25.0,38.0,37.0,14.0,0.0,0.0,0.0,0.0,62.5857,0.0,46.3269,0.0,0.0
22915.0,1.7322,0.0915,1.0,0.0797,1.2014,2.0557,1.0557,2.3116,1.3116,26.7691,2.0708,26.3624,2.0545,100.0,0.0,0.0,0.0,25.25,0.0,26.375,0.0,26.5,0.0,25.375,10.0,0.0,0.011,52.5648,5.2565,2.0,543.1567,2.094,0.4693,1.4148,0.4486,1.4126,0.001,2.0678,0.0113,1.9502,8.0,0.0651,1.0017,0.1899,2.5003,0.0059,0.9893,0.0312,1.7158,0.0,0.0,0.0,29.9835,26.0,25.0,38.0,37.0,14.0,0.0,0.0,0.0,0.0,62.5857,0.0,46.3272,0.0,0.0
22916.0,1.735,0.0919,1.0,0.0797,1.2015,2.0556,1.0556,2.3117,1.3117,26.6452,2.0658,26.3534,2.0541,100.0,0.0,0.0,0.0,25.375,0.0,26.5,0.0,26.5,0.0,25.375,10.0,0.0,0.0112,52.5645,5.2564,2.0,545.8005,2.0948,0.4686,1.4148,0.4408,1.4117,0.001,2.0685,0.0113,1.9504,8.0,0.0647,1.0017,0.1986,2.5199,0.0059,0.9956,0.0359,1.7769,0.0,0.0,0.0,29.9836,26.0,25.0,38.0,37.0,13.0,0.0,0.0,0.0,0.0,62.5852,0.0,46.3277,0.0,0.0
22917.0,1.7361,0.092,1.0,0.08,1.2022,2.0555,1.0555,2.3115,1.3115,26.603,2.0641,26.3659,2.0546,100.0,0.0,0.0,0.0,25.375,0.0,26.5,0.0,26.375,0.0,25.375,10.0,0.0,0.0105,52.5645,5.2565,2.0,544.7895,2.0945,0.3624,1.4032,0.4404,1.4117,0.001,2.0698,0.0113,1.9504,8.0,0.0662,1.0018,0.1768,2.4694,0.0057,0.9803,0.0334,1.7453,0.0,0.0,0.0,29.9832,26.0,25.0,38.0,37.0,13.0,0.0,0.0,0.0,0.0,62.5852,0.0,46.3269,0.0,0.0
22918.0,1.7363,0.092,1.0,0.0799,1.2021,2.055,1.055,2.3114,1.3114,26.7632,2.0705,26.3815,2.0553,100.0,0.0,0.0,0.0,25.375,0.0,26.375,0.0,26.5,0.0,25.375,10.0,0.0,0.0099,52.5645,5.2564,2.0,548.5009,2.0957,0.4785,1.4158,0.4426,1.4119,0.001,2.0709,0.0113,1.9505,8.0,0.0697,1.0019,0.1856,2.4904,0.0062,1.015,0.0332,1.7432,0.0,0.0,0.0,29.9831,26.0,25.0,38.0,38.0,15.0,0.0,0.0,0.0,0.0,62.5854,16.0,46.327,0.0,0.0
22919.0,1.7363,0.092,1.0,0.0802,1.2029,2.0554,1.0554,2.3119,1.3119,26.8457,2.0738,26.3691,2.0548,100.0,0.0,0.0,0.0,25.25,0.0,26.5,0.0,26.5,0.0,25.5,10.0,0.0,0.0097,52.5643,5.2564,2.0,553.2488,2.0972,0.465,1.4144,0.4422,1.4119,0.001,2.072,0.0113,1.9509,8.0,0.0755,1.002,0.216,2.5564,0.0054,0.9554,0.0447,1.8725,0.0,0.0,0.0,29.9835,26.0,25.0,38.0,38.0,14.0,0.0,0.0,0.0,0.0,62.585,16.0,46.464,0.0,0.0
22920.0,1.7372,0.0922,1.0,0.0801,1.2025,2.0558,1.0558,2.3115,1.3115,26.776,2.071,26.3666,2.0547,100.0,0.0,0.0,0.0,25.25,0.0,26.375,0.0,26.5,0.0,25.375,10.0,0.0,0.0105,52.5642,5.2564,2.0,556.1616,2.0981,0.5072,1.419,0.4414,1.4118,0.001,2.073,0.0113,1.9509,8.0,0.0752,1.002,0.1991,2.5209,0.0065,1.0319,0.048,1.9035,0.0,0.0,0.0,29.9829,26.0,25.0,38.0,38.0,13.0,0.0,0.0,0.0,0.0,62.5851,0.0,46.6688,0.0,0.0
22921.0,1.7362,0.092,1.0,0.0799,1.2021,2.0558,1.0558,2.3117,1.3117,26.6556,2.0662,26.3538,2.0542,100.0,0.0,0.0,0.0,25.375,0.0,26.5,0.0,26.5,0.0,25.375,10.0,0.0,0.0106,52.5644,5.2564,2.0,560.9774,2.0996,0.5493,1.4236,0.4409,1.4117,0.001,2.0738,0.0113,1.9511,8.0,0.0705,1.0019,0.1994,2.5215,0.0068,1.0559,0.0388,1.8102,0.0,0.0,0.0,29.9831,26.0,25.0,38.0,38.0,14.0,0.0,0.0,0.0,0.0,62.5855,0.0,46.7164,0.0,0.0
22922.0,1.7383,0.0923,1.0,0.0799,1.202,2.0557,1.0557,2.3116,1.3116,26.5956,2.0638,26.3709,2.0548,100.0,0.0,0.0,0.0,25.375,0.0,26.375,0.0,26.5,0.0,25.5,10.0,0.0,0.0101,52.5645,5.2565,2.0,563.421,2.1003,0.496,1.4177,0.4398,1.4116,0.001,2.0747,0.0113,1.9509,8.0,0.0717,1.0019,0.2444,2.61,0.0055,0.9661,0.0549,1.9611,0.0,0.0,0.0,29.9831,26.0,25.0,38.0,38.0,12.0,0.0,0.0,0.0,0.0,62.5853,0.0,46.7164,0.0,0.0
22923.0,1.7364,0.0921,1.0,0.0801,1.2025,2.0552,1.0552,2.3114,1.3114,26.7718,2.0709,26.3907,2.0556,100.0,0.0,0.0,0.0,25.375,0.0,26.375,0.0,26.5,0.0,25.5,10.0,0.0,0.0104,52.5649,5.2565,2.0,562.1543,2.0999,0.4126,1.4086,0.4334,1.4109,0.001,2.0758,0.0113,1.951,8.0,0.0683,1.0018,0.263,2.6417,0.0057,0.9805,0.0529,1.9455,0.0,0.0,0.0,29.9834,26.0,25.0,38.0,38.0,14.0,0.0,0.0,0.0,0.0,62.5856,0.0,46.7167,0.0,0.0
22924.0,1.7363,0.092,1.0,0.0798,1.2018,2.0553,1.0553,2.3119,1.3119,26.8463,2.0739,26.3713,2.0549,100.0,0.0,0.0,0.0,25.25,0.0,26.5,0.0,26.5,0.0,25.5,10.0,0.0,0.0102,52.5648,5.2565,2.0,565.3451,2.1009,0.4842,1.4165,0.4331,1.4109,0.001,2.0765,0.0113,1.9511,8.0,0.0673,1.0018,0.2428,2.6071,0.0061,1.0103,0.0612,2.0085,0.0,0.0,0.0,29.9834,26.0,25.0,38.0,38.0,13.0,0.0,0.0,0.0,0.0,62.5854,0.0,46.717,0.0,0.0
22925.0,1.7413,0.0927,1.0,0.0797,1.2015,2.0558,1.0558,2.3119,1.3119,26.803,2.0721,26.3704,2.0548,100.0,0.0,0.0,0.0,25.375,0.0,26.375,0.0,26.5,0.0,25.375,10.0,0.0,0.0105,52.5647,5.2564,2.0,566.1588,2.1012,0.3791,1.405,0.4257,1.4101,0.001,2.0773,0.0113,1.951,8.0,0.0653,1.0017,0.2393,2.6007,0.0065,1.0379,0.067,2.0477,0.0,0.0,0.0,29.9825,26.0,25.0,38.0,38.0,14.0,0.0,0.0,0.0,0.0,62.5853,0.0,46.7165,0.0,0.0
22926.0,1.7465,0.0933,1.0,0.0798,1.2018,2.0558,1.0558,2.3118,1.3118,26.6874,2.0675,26.3655,2.0546,100.0,0.0,0.0,0.0,25.375,0.0,26.375,0.0,26.5,0.0,25.5,10.0,0.0,0.0105,52.5644,5.2565,2.0,566.2272,2.1012,0.3176,1.3983,0.4194,1.4094,0.001,2.0781,0.0113,1.951,8.0,0.0636,1.0017,0.1897,2.4999,0.0062,1.0152,0.0543,1.9563,0.0,0.0,0.0,29.9831,26.0,25.0,38.0,38.0,14.0,0.0,0.0,0.0,0.0,62.5848,0.0,46.7164,0.0,0.0
22927.0,1.7466,0.0933,1.0,0.0799,1.2019,2.0558,1.0558,2.3114,1.3114,26.5896,2.0636,26.368,2.0547,100.0,0.0,0.0,0.0,25.25,0.0,26.5,0.0,26.375,0.0,25.375,10.0,0.0,0.0109,52.5644,5.2565,2.0,568.9365,2.102,0.4385,1.4115,0.4171,1.4091,0.001,2.0791,0.0113,1.9512,8.0,0.0672,1.0018,0.1936,2.5087,0.0061,1.0082,0.0588,1.9913,0.0,0.0,0.0,29.9827,26.0,25.0,38.0,38.0,13.0,0.0,0.0,0.0,0.0,62.585,0.0,46.7168,0.0,0.0
22928.0,1.7457,0.0932,1.0,0.0799,1.2021,2.0553,1.0553,2.3114,1.3114,26.7042,2.0682,26.3801,2.0552,100.0,0.0,0.0,0.0,25.375,0.0,26.375,0.0,26.5,0.0,25.375,10.0,0.0,0.0103,52.5647,5.2564,2.0,573.8503,2.1035,0.4599,1.4138,0.4372,1.4113,0.001,2.0804,0.0113,1.9515,8.0,0.0677,1.0018,0.2046,2.5326,0.0063,1.0196,0.0723,2.0812,0.0,0.0,0.0,29.9828,26.0,25.0,38.0,38.0,13.0,0.0,0.0,0.0,0.0,62.5848,0.0,46.7162,0.0,0.0
22929.0,1.7466,0.0933,1.0,0.0799,1.2019,2.055,1.055,2.3117,1.3117,26.8399,2.0736,26.376,2.055,100.0,0.0,0.0,0.0,25.25,0.0,26.375,0.0,26.5,0.0,25.5,10.0,0.0,0.0101,52.5643,5.2564,2.0,577.2786,2.1046,0.5353,1.422,0.4665,1.4145,0.0011,2.0819,0.0113,1.9521,8.0,0.0717,1.0019,0.1546,2.4112,0.0057,0.9762,0.0745,2.0937,0.0,0.0,0.0,29.9831,26.0,25.0,38.0,38.0,14.0,0.0,0.0,0.0,0.0,62.585,0.0,46.7163,0.0,0.0
22930.0,1.7466,0.0933,1.0,0.08,1.2023,2.056,1.056,2.3116,1.3116,26.8114,2.0725,26.37,2.0548,100.0,0.0,0.0,0.0,25.25,0.0,26.5,0.0,26.375,0.0,25.375,10.0,0.0,0.0111,52.5643,5.2565,2.0,582.0887,2.106,0.4794,1.4159,0.5007,1.4183,0.0011,2.0838,0.0113,1.9524,8.0,0.0717,1.0019,0.1893,2.499,0.0064,1.0248,0.0781,2.1147,0.0,0.0,0.0,29.9832,26.0,25.0,38.0,38.0,14.0,0.0,0.0,0.0,0.0,62.5859,0.0,46.7167,0.0,0.0
22931.0,1.7443,0.093,1.0,0.08,1.2024,2.0562,1.0562,2.3116,1.3116,26.7102,2.0684,26.3663,2.0547,100.0,0.0,0.0,0.0,25.25,0.0,26.5,0.0,26.5,0.0,25.5,10.0,0.0,0.0105,52.5644,5.2564,2.0,582.7097,2.1062,0.4088,1.4082,0.5252,1.4209,0.0011,2.0853,0.0113,1.953,8.0,0.0682,1.0018,0.1633,2.4348,0.0071,1.0711,0.0914,2.1827,0.0,0.0,0.0,29.983,26.0,25.0,38.0,38.0,14.0,0.0,0.0,0.0,0.0,62.5851,0.0,46.717,0.0,0.0
22932.0,1.7436,0.093,1.0,0.0798,1.2016,2.0558,1.0558,2.3115,1.3115,26.5893,2.0636,26.3678,2.0547,100.0,0.0,0.0,0.0,25.25,0.0,26.375,0.0,26.5,0.0,25.5,10.0,0.0,0.0102,52.5646,5.2565,2.0,579.8744,2.1053,0.3455,1.4013,0.5522,1.4239,0.0011,2.0872,0.0113,1.9534,8.0,0.0663,1.0018,0.1589,2.423,0.0068,1.0552,0.074,2.0912,0.0,0.0,0.0,29.983,26.0,25.0,38.0,38.0,15.0,0.0,0.0,0.0,0.0,62.5845,0.0,46.7167,0.0,0.0
22933.0,1.7429,0.0929,1.0,0.0797,1.2015,2.0554,1.0554,2.3115,1.3115,26.6577,2.0663,26.3849,2.0554,100.0,0.0,0.0,0.0,25.25,0.0,26.375,0.0,26.75,0.0,25.375,10.0,0.0,0.0107,52.5646,5.2564,2.0,584.0781,2.1066,0.4235,1.4098,0.5687,1.4257,0.0011,2.0887,0.0113,1.9538,8.0,0.0672,1.0018,0.1519,2.4033,0.0053,0.9446,0.0788,2.1181,0.0,0.0,0.0,29.9833,26.0,25.0,38.0,38.0,14.0,0.0,0.0,0.0,0.0,62.5856,0.0,46.7167,0.0,0.0
22934.0,1.7443,0.093,1.0,0.0798,1.2018,2.0552,1.0552,2.3116,1.3116,26.8278,2.0731,26.3775,2.0551,100.0,0.0,0.0,0.0,25.25,0.0,26.5,0.0,26.5,0.0,25.5,10.0,0.0,0.0102,52.5648,5.2565,2.0,590.0427,2.1084,0.4836,1.4164,0.5775,1.4266,0.0011,2.0902,0.0113,1.9541,8.0,0.0665,1.0018,0.2256,2.5752,0.0059,0.9943,0.0779,2.1132,0.0,0.0,0.0,29.9828,26.0,25.0,38.0,38.0,13.0,0.0,0.0,0.0,0.0,62.5855,0.0,46.7164,0.0,0.0
22935.0,1.7457,0.0932,1.0,0.0799,1.2021,2.0557,1.0557,2.3119,1.3119,26.804,2.0722,26.36,2.0544,100.0,0.0,0.0,0.0,25.375,0.0,26.375,0.0,26.5,0.0,25.375,10.0,0.0,0.0106,52.5647,5.2564,2.0,592.9839,2.1092,0.4272,1.4102,0.6018,1.4293,0.0011,2.0924,0.0113,1.9548,8.0,0.0709,1.0019,0.2052,2.5341,0.0062,1.0157,0.0733,2.0867,0.0,0.0,0.0,29.9829,26.0,25.0,38.0,38.0,14.0,0.0,0.0,0.0,0.0,62.5846,0.0,46.7166,0.0,0.0
22936.0,1.7442,0.093,1.0,0.0798,1.2017,2.0558,1.0558,2.3118,1.3118,26.7239,2.069,26.3552,2.0542,100.0,0.0,0.0,0.0,25.375,0.0,26.5,0.0,26.5,0.0,25.5,10.0,0.0,0.0105,52.5648,5.2565,2.0,592.1064,2.109,0.3847,1.4056,0.5976,1.4288,0.0011,2.0933,0.0113,1.9551,8.0,0.0729,1.0019,0.1774,2.4708,0.0056,0.9668,0.0655,2.0384,0.0,0.0,0.0,29.9827,26.0,25.0,38.0,38.0,13.0,0.0,0.0,0.0,0.0,62.5847,0.0,46.7162,0.0,0.0
22937.0,1.7405,0.0926,1.0,0.0799,1.202,2.0559,1.0559,2.3117,1.3117,26.5994,2.064,26.3517,2.0541,100.0,0.0,0.0,0.0,25.375,0.0,26.375,0.0,26.5,0.0,25.5,10.0,0.0,0.0104,52.5646,5.2564,2.0,599.0913,2.111,0.5239,1.4208,0.6125,1.4305,0.0011,2.0951,0.0113,1.9556,8.0,0.0737,1.002,0.1782,2.4728,0.0063,1.0192,0.0688,2.0597,0.0,0.0,0.0,29.9826,26.0,25.0,38.0,38.0,15.0,0.0,0.0,0.0,0.0,62.5854,0.0,46.7167,0.0,0.0
22938.0,1.7433,0.0929,1.0,0.0803,1.203,2.0553,1.0553,2.3115,1.3115,26.6302,2.0652,26.3741,2.055,100.0,0.0,0.0,0.0,25.375,0.0,26.75,0.0,26.5,0.0,25.5,10.0,0.0,0.01,52.5647,5.2565,2.0,605.6629,2.1129,0.5445,1.423,0.6161,1.4308,0.0011,2.0965,0.0113,1.9561,8.0,0.0774,1.0021,0.1629,2.4338,0.0065,1.0315,0.0637,2.0259,0.0,0.0,0.0,29.983,26.0,25.0,38.0,38.0,13.0,0.0,0.0,0.0,0.0,62.5853,0.0,46.7169,0.0,0.0
22939.0,1.7465,0.0933,1.0,0.08,1.2024,2.0552,1.0552,2.3116,1.3116,26.8198,2.0728,26.3782,2.0551,100.0,0.0,0.0,0.0,25.375,0.0,26.5,0.0,26.5,0.0,25.25,10.0,0.0,0.0106,52.5645,5.2564,2.0,606.3349,2.1131,0.4758,1.4155,0.6213,1.4314,0.0011,2.0983,0.0113,1.9566,8.0,0.0738,1.002,0.1827,2.4835,0.0064,1.0266,0.0573,1.98,0.0,0.0,0.0,29.983,26.0,25.0,38.0,38.0,13.0,0.0,0.0,0.0,0.0,62.5854,0.0,46.7166,0.0,0.0
22940.0,1.7466,0.0933,1.0,0.08,1.2023,2.0556,1.0556,2.312,1.312,26.8178,2.0727,26.3623,2.0545,100.0,0.0,0.0,0.0,25.375,0.0,26.5,0.0,26.625,0.0,25.375,10.0,0.0,0.0107,52.5646,5.2565,2.0,607.0677,2.1133,0.5457,1.4232,0.6182,1.4311,0.0011,2.0996,0.0113,1.9569,8.0,0.0733,1.002,0.1512,2.4015,0.0059,0.992,0.0587,1.9905,0.0,0.0,0.0,29.983,26.0,25.0,38.0,38.0,14.0,0.0,0.0,0.0,0.0,62.5855,0.0,46.7166,0.0,0.0
22941.0,1.7466,0.0933,1.0,0.0798,1.2017,2.0558,1.0558,2.3119,1.3119,26.7382,2.0695,26.3581,2.0543,100.0,0.0,0.0,0.0,25.375,0.0,26.375,0.0,26.5,0.0,25.375,10.0,0.0,0.0108,52.5647,5.2564,2.0,613.8388,2.1152,0.5019,1.4184,0.6209,1.4314,0.0011,2.1007,0.0113,1.957,8.0,0.0685,1.0018,0.1464,2.3874,0.0062,1.0116,0.0586,1.9894,0.0,0.0,0.0,29.983,26.0,25.0,38.0,38.0,15.0,0.0,0.0,0.0,0.0,62.5853,0.0,46.7169,0.0,0.0
22942.0,1.7391,0.0924,1.0,0.0798,1.2018,2.0558,1.0558,2.3113,1.3113,26.6093,2.0644,26.3637,2.0545,100.0,0.0,0.0,0.0,25.375,0.0,26.375,0.0,26.5,0.0,25.375,10.0,0.0,0.0105,52.5645,5.2565,2.0,610.2487,2.1142,0.4011,1.4074,0.6202,1.4313,0.0011,2.1023,0.0114,1.9572,8.0,0.0658,1.0018,0.1409,2.3709,0.0064,1.0309,0.0657,2.0392,0.0,0.0,0.0,29.9835,26.0,25.0,38.0,38.0,14.0,0.0,0.0,0.0,0.0,62.5849,0.0,46.7169,0.0,0.0
22943.0,1.7513,0.0939,1.0,0.08,1.2023,2.0555,1.0555,2.3115,1.3115,26.6241,2.065,26.3735,2.0549,100.0,0.0,0.0,0.0,25.25,0.0,26.375,0.0,26.5,0.0,25.5,10.0,0.0,0.0105,52.5648,5.2564,2.0,616.4848,2.116,0.5235,1.4207,0.6163,1.4309,0.0012,2.1039,0.0114,1.9579,8.0,0.0692,1.0018,0.1279,2.3288,0.0062,1.013,0.0597,1.9982,0.0,0.0,0.0,29.9824,26.0,25.0,38.0,38.0,12.0,0.0,0.0,0.0,0.0,62.5851,0.0,46.7162,0.0,0.0
22944.0,1.7548,0.0943,1.0,0.0799,1.2019,2.0552,1.0552,2.3116,1.3116,26.7958,2.0718,26.3804,2.0552,100.0,0.0,0.0,0.0,25.25,0.0,26.375,0.0,26.5,0.0,25.375,10.0,0.0,0.0109,52.5648,5.2565,2.0,622.3036,2.1176,0.5827,1.4272,0.621,1.4314,0.0012,2.1054,0.0114,1.958,8.0,0.0718,1.0019,0.1036,2.2374,0.0063,1.0227,0.0612,2.0087,0.0,0.0,0.0,29.9827,26.0,25.0,38.0,38.0,16.0,0.0,0.0,0.0,0.0,62.5844,0.0,46.716,0.0,0.0
22945.0,1.758,0.0948,1.0,0.08,1.2022,2.0555,1.0555,2.3119,1.3119,26.8321,2.0733,26.372,2.0549,100.0,0.0,0.0,0.0,25.25,0.0,26.5,0.0,26.5,0.0,25.375,10.0,0.0,0.0106,52.5649,5.2565,2.0,627.4061,2.119,0.6023,1.4293,0.6271,1.432,0.0012,2.1071,0.0114,1.9585,8.0,0.0724,1.0019,0.1181,2.2943,0.0064,1.0272,0.0623,2.0165,0.0,0.0,0.0,29.9831,26.0,25.0,38.0,38.0,13.0,0.0,0.0,0.0,0.0,62.5853,0.0,46.7163,0.0,0.0
22946.0,1.7528,0.0941,1.0,0.0801,1.2024,2.0558,1.0558,2.3116,1.3116,26.7587,2.0703,26.3576,2.0543,100.0,0.0,0.0,0.0,25.25,0.0,26.375,0.0,26.5,0.0,25.375,10.0,0.0,0.0112,52.5647,5.2565,2.0,628.9839,2.1195,0.5103,1.4193,0.6276,1.4321,0.0012,2.1083,0.0114,1.959,8.0,0.0757,1.002,0.1071,2.2516,0.0057,0.9812,0.0718,2.0779,0.0,0.0,0.0,29.9828,26.0,25.0,38.0,38.0,15.0,0.0,0.0,0.0,0.0,62.5854,0.0,46.7163,0.0,0.0
22947.0,1.7487,0.0936,1.0,0.0801,1.2025,2.0558,1.0558,2.3113,1.3113,26.65,2.066,26.3637,2.0545,100.0,0.0,0.0,0.0,25.25,0.0,26.5,0.0,26.375,0.0,25.375,10.0,0.0,0.0108,52.5649,5.2565,2.0,631.1656,2.1201,0.5432,1.4229,0.6286,1.4322,0.0012,2.1097,0.0114,1.9595,8.0,0.0742,1.002,0.1134,2.2764,0.0064,1.0279,0.0716,2.0766,0.0,0.0,0.0,29.9828,26.0,25.0,38.0,38.0,12.0,0.0,0.0,0.0,0.0,62.5852,0.0,46.7164,0.0,0.0
22948.0,1.7476,0.0935,1.0,0.0801,1.2025,2.0562,1.0562,2.3111,1.3111,26.6036,2.0641,26.3752,2.055,100.0,0.0,0.0,0.0,25.375,0.0,26.5,0.0,26.5,0.0,25.375,10.0,0.0,0.0103,52.5648,5.2565,2.0,636.1331,2.1214,0.5681,1.4256,0.6203,1.4313,0.0012,2.111,0.0114,1.9597,8.0,0.075,1.002,0.1065,2.2492,0.0067,1.0459,0.0663,2.0433,0.0,0.0,0.0,29.9832,26.0,25.0,38.0,38.0,13.0,0.0,0.0,0.0,0.0,62.5855,0.0,46.7167,0.0,0.0
22949.0,1.7452,0.0932,1.0,0.0799,1.202,2.0553,1.0553,2.3115,1.3115,26.7466,2.0699,26.3884,2.0555,100.0,0.0,0.0,0.0,25.25,0.0,26.375,0.0,26.375,0.0,25.375,10.0,0.0,0.0105,52.5647,5.2565,2.0,638.89,2.1222,0.5681,1.4256,0.613,1.4305,0.0012,2.1122,0.0114,1.9596,8.0,0.0711,1.0019,0.1033,2.236,0.006,0.9969,0.0751,2.0975,0.0,0.0,0.0,29.9829,26.0,25.0,38.0,38.0,13.0,0.0,0.0,0.0,0.0,62.5851,0.0,46.7164,0.0,0.0
22950.0,1.7409,0.0926,1.0,0.08,1.2023,2.0554,1.0554,2.3119,1.3119,26.8351,2.0734,26.3756,2.055,100.0,0.0,0.0,0.0,25.25,0.0,26.375,0.0,26.5,0.0,25.375,10.0,0.0,0.0111,52.5649,5.2565,2.0,642.7695,2.1232,0.4835,1.4164,0.6095,1.4301,0.0012,2.1137,0.0114,1.9603,8.0,0.0661,1.0018,0.1095,2.2612,0.0064,1.0255,0.0748,2.0959,0.0,0.0,0.0,29.9827,26.0,25.0,38.0,38.0,14.0,0.0,0.0,0.0,0.0,62.5853,0.0,46.7163,0.0,0.0
22951.0,1.7379,0.0922,1.0,0.08,1.2023,2.0558,1.0558,2.3114,1.3114,26.76,2.0704,26.3677,2.0547,100.0,0.0,0.0,0.0,25.375,0.0,26.375,0.0,26.375,0.0,25.5,10.0,0.0,0.0102,52.565,5.2565,2.0,641.0164,2.1227,0.4556,1.4133,0.6119,1.4304,0.0012,2.1151,0.0114,1.9607,8.0,0.0657,1.0018,0.0871,2.1617,0.0059,0.995,0.0693,2.0625,0.0,0.0,0.0,29.9826,26.0,25.0,38.0,37.0,14.0,0.0,0.0,0.0,0.0,62.5848,0.0,46.7166,0.0,0.0
22952.0,1.7383,0.0923,1.0,0.08,1.2022,2.0559,1.0559,2.3114,1.3114,26.6462,2.0658,26.3544,2.0542,100.0,0.0,0.0,0.0,25.25,0.0,26.5,0.0,26.375,0.0,25.5,10.0,0.0,0.01,52.5646,5.2565,2.0,646.2201,2.1242,0.5089,1.4192,0.6091,1.4301,0.0012,2.1167,0.0114,1.9609,8.0,0.0747,1.002,0.1463,2.3871,0.006,1.0024,0.068,2.0542,0.0,0.0,0.0,29.9832,26.0,25.0,38.0,37.0,14.0,0.0,0.0,0.0,0.0,62.5846,0.0,46.7168,0.0,0.0
22953.0,1.7374,0.0922,1.0,0.08,1.2022,2.0558,1.0558,2.3112,1.3112,26.5933,2.0637,26.3687,2.0547,100.0,0.0,0.0,0.0,25.375,0.0,26.5,0.0,26.5,0.0,25.5,10.0,0.0,0.0104,52.5644,5.2565,2.0,654.1583,2.1263,0.5716,1.426,0.6076,1.4299,0.0012,2.1179,0.0114,1.9613,8.0,0.0766,1.002,0.153,2.4065,0.0058,0.986,0.0714,2.0753,0.0,0.0,0.0,29.9829,26.0,25.0,38.0,37.0,14.0,0.0,0.0,0.0,0.0,62.5851,0.0,46.7164,0.0,0.0
22954.0,1.7363,0.092,1.0,0.0803,1.2031,2.0552,1.0552,2.3111,1.3111,26.7663,2.0707,26.391,2.0556,100.0,0.0,0.0,0.0,25.375,0.0,26.375,0.0,26.5,0.0,25.375,10.0,0.0,0.0098,52.5649,5.2565,2.0,651.5912,2.1256,0.4718,1.4151,0.6082,1.43,0.0012,2.1197,0.0114,1.9619,8.0,0.0787,1.0021,0.1655,2.4408,0.0067,1.0479,0.0622,2.0159,0.0,0.0,0.0,29.983,26.0,25.0,38.0,37.0,13.0,0.0,0.0,0.0,0.0,62.585,0.0,46.7164,0.0,0.0
22955.0,1.7363,0.092,1.0,0.0799,1.202,2.0557,1.0557,2.3115,1.3115,26.8471,2.0739,26.3781,2.0551,100.0,0.0,0.0,0.0,25.375,0.0,26.375,0.0,26.5,0.0,25.5,10.0,0.0,0.0102,52.5645,5.2564,2.0,655.3211,2.1266,0.4963,1.4178,0.5863,1.4276,0.0012,2.1205,0.0114,1.9624,8.0,0.0717,1.0019,0.1833,2.485,0.0061,1.0044,0.0607,2.005,0.0,0.0,0.0,29.9826,26.0,25.0,38.0,38.0,14.0,0.0,0.0,0.0,0.0,62.5852,0.0,46.7163,0.0,0.0
22956.0,1.7382,0.0923,1.0,0.08,1.2024,2.0562,1.0562,2.3115,1.3115,26.7842,2.0714,26.3681,2.0547,100.0,0.0,0.0,0.0,25.375,0.0,26.375,0.0,26.375,0.0,25.375,10.0,0.0,0.0104,52.5647,5.2565,2.0,657.3145,2.1271,0.4259,1.4101,0.58,1.4269,0.0012,2.1216,0.0114,1.9623,8.0,0.0691,1.0018,0.1759,2.4671,0.0059,0.9892,0.0621,2.0148,0.0,0.0,0.0,29.9831,26.0,25.0,38.0,38.0,13.0,0.0,0.0,0.0,0.0,62.5855,0.0,46.7171,0.0,0.0
22957.0,1.7394,0.0924,1.0,0.0801,1.2026,2.0559,1.0559,2.3117,1.3117,26.6648,2.0666,26.3575,2.0543,100.0,0.0,0.0,0.0,25.25,0.0,26.5,0.0,26.625,0.0,25.625,10.0,0.0,0.0107,52.5648,5.2565,2.0,660.6119,2.128,0.5204,1.4204,0.5824,1.4272,0.0013,2.1228,0.0114,1.9626,8.0,0.0687,1.0018,0.15,2.3978,0.0063,1.0186,0.0526,1.9427,0.0,0.0,0.0,29.9834,26.0,25.0,38.0,38.0,15.0,0.0,0.0,0.0,0.0,62.5854,0.0,46.7167,0.0,0.0
22958.0,1.7387,0.0923,1.0,0.0799,1.202,2.0558,1.0558,2.3116,1.3116,26.5796,2.0632,26.3591,2.0544,100.0,0.0,0.0,0.0,25.375,0.0,26.625,0.0,26.5,0.0,25.375,10.0,0.0,0.0106,52.5649,5.2565,2.0,668.5774,2.1301,0.5568,1.4244,0.5813,1.4271,0.0013,2.1241,0.0114,1.9627,8.0,0.0657,1.0018,0.1944,2.5104,0.0058,0.9874,0.0813,2.132,0.0,0.0,0.0,29.9832,26.0,25.0,38.0,38.0,13.0,0.0,0.0,0.0,0.0,62.5852,0.0,46.7166,0.0,0.0
22959.0,1.7384,0.0923,1.0,0.0798,1.2017,2.0549,1.0549,2.3111,1.3111,26.6749,2.067,26.3768,2.0551,100.0,0.0,0.0,0.0,25.375,0.0,26.375,0.0,26.5,0.0,25.5,10.0,0.0,0.0104,52.5647,5.2565,2.0,673.8762,2.1314,0.6692,1.4366,0.5747,1.4263,0.0013,2.1251,0.0114,1.963,8.0,0.0664,1.0018,0.1507,2.3999,0.0062,1.0115,0.09,2.1761,0.0,0.0,0.0,29.9837,26.0,25.0,38.0,38.0,13.0,0.0,0.0,0.0,0.0,62.5849,0.0,46.717,0.0,0.0
22960.0,1.7382,0.0923,1.0,0.0797,1.2014,2.0551,1.0551,2.3112,1.3112,26.8355,2.0734,26.3771,2.0551,100.0,0.0,0.0,0.0,25.25,0.0,26.375,0.0,26.5,0.0,25.375,10.0,0.0,0.0102,52.5648,5.2565,2.0,680.7813,2.1332,0.6763,1.4374,0.5631,1.4251,0.0013,2.1264,0.0114,1.9636,8.0,0.066,1.0018,0.1442,2.3809,0.007,1.0644,0.0849,2.1505,0.0,0.0,0.0,29.9833,26.0,25.0,38.0,38.0,13.0,0.0,0.0,0.0,0.0,62.5851,0.0,46.7173,0.0,0.0
22961.0,1.7383,0.0923,1.0,0.0799,1.2021,2.0556,1.0556,2.3115,1.3115,26.8158,2.0726,26.3717,2.0549,100.0,0.0,0.0,0.0,25.375,0.0,26.375,0.0,26.5,0.0,25.375,10.0,0.0,0.0099,52.5649,5.2565,2.0,685.5132,2.1344,0.7032,1.4403,0.5658,1.4254,0.0013,2.1279,0.0114,1.9636,8.0,0.0692,1.0018,0.145,2.3833,0.0059,0.9929,0.0845,2.1488,0.0,0.0,0.0,29.9833,26.0,25.0,38.0,38.0,15.0,0.0,0.0,0.0,0.0,62.5849,0.0,46.7164,0.0,0.0
22962.0,1.7402,0.0925,1.0,0.08,1.2023,2.0558,1.0558,2.3113,1.3113,26.701,2.068,26.3658,2.0546,100.0,0.0,0.0,0.0,25.375,0.0,26.5,0.0,26.5,0.0,25.5,10.0,0.0,0.0104,52.5648,5.2565,2.0,692.354,2.1361,0.7023,1.4402,0.5562,1.4243,0.0013,2.1291,0.0114,1.9639,8.0,0.0707,1.0019,0.1353,2.3531,0.0057,0.9758,0.0714,2.0757,0.0,0.0,0.0,29.9832,26.0,25.0,38.0,38.0,14.0,0.0,0.0,0.0,0.0,62.5855,0.0,46.7167,0.0,0.0
22963.0,1.7495,0.0937,1.0,0.0801,1.2026,2.0562,1.0562,2.3112,1.3112,26.5942,2.0638,26.3658,2.0546,100.0,0.0,0.0,0.0,25.375,0.0,26.5,0.0,26.5,0.0,25.375,10.0,0.0,0.0102,52.5649,5.2565,2.0,695.7107,2.137,0.6829,1.4381,0.5525,1.4239,0.0013,2.1302,0.0114,1.9643,8.0,0.0737,1.002,0.1145,2.2807,0.0058,0.9858,0.0749,2.0966,0.0,0.0,0.0,29.9831,26.0,25.0,38.0,38.0,14.0,0.0,0.0,0.0,0.0,62.5847,0.0,46.7164,0.0,0.0
22964.0,1.7508,0.0938,1.0,0.08,1.2022,2.0557,1.0557,2.3111,1.3111,26.6586,2.0663,26.3849,2.0554,100.0,0.0,0.0,0.0,25.25,0.0,26.375,0.0,26.5,0.0,25.5,10.0,0.0,0.01,52.5648,5.2565,2.0,701.888,2.1385,0.7133,1.4414,0.5631,1.4251,0.0013,2.1315,0.0114,1.9643,8.0,0.0728,1.0019,0.1407,2.3701,0.006,0.9975,0.0688,2.0591,0.0,0.0,0.0,29.9827,26.0,25.0,38.0,38.0,14.0,0.0,0.0,0.0,0.0,62.5852,0.0,46.7161,0.0,0.0
22965.0,1.7517,0.094,1.0,0.0801,1.2025,2.0551,1.0551,2.3112,1.3112,26.8303,2.0732,26.3874,2.0555,100.0,0.0,0.0,0.0,25.375,0.0,26.5,0.0,26.5,0.0,25.5,10.0,0.0,0.0104,52.5651,5.2565,2.0,704.0472,2.139,0.6268,1.432,0.5629,1.425,0.0013,2.1329,0.0114,1.9649,8.0,0.0715,1.0019,0.1083,2.2563,0.0069,1.0606,0.0882,2.1671,0.0,0.0,0.0,29.9829,26.0,25.0,38.0,38.0,13.0,0.0,0.0,0.0,0.0,62.5852,0.0,46.7166,0.0,0.0
22966.0,1.7508,0.0939,1.0,0.08,1.2023,2.0556,1.0556,2.3116,1.3116,26.8137,2.0725,26.3701,2.0548,100.0,0.0,0.0,0.0,25.25,0.0,26.5,0.0,26.5,0.0,25.5,10.0,0.0,0.011,52.5649,5.2564,2.0,705.0374,2.1393,0.6047,1.4296,0.5671,1.4255,0.0013,2.1344,0.0114,1.9653,8.0,0.07,1.0019,0.1078,2.2545,0.0059,0.9926,0.0856,2.1545,0.0,0.0,0.0,29.9822,26.0,25.0,38.0,38.0,14.0,0.0,0.0,0.0,0.0,62.585,0.0,46.7167,0.0,0.0
22967.0,1.7488,0.0936,1.0,0.0801,1.2026,2.0558,1.0558,2.3115,1.3115,26.7053,2.0682,26.3555,2.0542,100.0,0.0,0.0,0.0,25.375,0.0,26.625,0.0,26.375,0.0,25.5,10.0,0.0,0.0105,52.5651,5.2566,2.0,713.2086,2.1413,0.6564,1.4352,0.5627,1.425,0.0013,2.1356,0.0115,1.9656,8.0,0.0713,1.0019,0.197,2.5162,0.0067,1.05,0.0845,2.1486,0.0,0.0,0.0,29.9826,26.0,25.0,38.0,38.0,15.0,0.0,0.0,0.0,0.0,62.5851,0.0,46.7165,0.0,0.0
22968.0,1.7476,0.0935,1.0,0.0801,1.2024,2.0562,1.0562,2.3113,1.3113,26.5833,2.0633,26.3635,2.0545,100.0,0.0,0.0,0.0,25.25,0.0,26.625,0.0,26.5,0.0,25.5,10.0,0.0,0.0098,52.5653,5.2565,2.0,717.2557,2.1423,0.7178,1.4419,0.5586,1.4246,0.0013,2.1369,0.0115,1.9661,8.0,0.0684,1.0018,0.1526,2.4055,0.0065,1.0337,0.0907,2.1793,0.0,0.0,0.0,29.9827,26.0,25.0,38.0,37.0,14.0,0.0,0.0,0.0,0.0,62.5846,0.0,46.7162,0.0,0.0
22969.0,1.7421,0.0928,1.0,0.0799,1.2021,2.0559,1.0559,2.3111,1.3111,26.6447,2.0658,26.3835,2.0553,100.0,0.0,0.0,0.0,25.375,0.0,26.375,0.0,26.625,0.0,25.5,10.0,0.0,0.0103,52.5651,5.2565,2.0,723.9939,2.1439,0.6141,1.4306,0.5525,1.4239,0.0013,2.1378,0.0115,1.9662,8.0,0.0677,1.0018,0.1527,2.4057,0.0062,1.0169,0.0805,2.1275,0.0,0.0,0.0,29.9829,26.0,25.0,38.0,37.0,14.0,0.0,0.0,0.0,0.0,62.5852,0.0,46.7164,0.0,0.0
22970.0,1.7404,0.0926,1.0,0.0797,1.2015,2.0552,1.0552,2.3111,1.3111,26.801,2.072,26.3902,2.0556,100.0,0.0,0.0,0.0,25.375,0.0,26.375,0.0,26.5,0.0,25.5,10.0,0.0,0.0099,52.565,5.2565,2.0,722.3612,2.1435,0.6248,1.4318,0.5501,1.4236,0.0013,2.139,0.0115,1.9669,8.0,0.0663,1.0018,0.1513,2.4017,0.0064,1.0297,0.0784,2.1162,0.0,0.0,0.0,29.983,26.0,25.0,38.0,37.0,13.0,0.0,0.0,0.0,0.0,62.5854,0.0,46.7165,0.0,0.0
22971.0,1.7394,0.0924,1.0,0.0798,1.2018,2.0555,1.0555,2.3116,1.3116,26.837,2.0735,26.3745,2.055,100.0,0.0,0.0,0.0,25.25,0.0,26.5,0.0,26.375,0.0,25.375,10.0,0.0,0.0096,52.5651,5.2565,2.0,730.0004,2.1453,0.5803,1.4269,0.5509,1.4237,0.0014,2.1402,0.0115,1.9671,8.0,0.0666,1.0018,0.1345,2.3505,0.0059,0.9898,0.072,2.079,0.0,0.0,0.0,29.9827,26.0,25.0,38.0,37.0,12.0,0.0,0.0,0.0,0.0,62.5854,0.0,46.7167,0.0,0.0
22972.0,1.7363,0.092,1.0,0.0798,1.2017,2.0562,1.0562,2.3114,1.3114,26.7433,2.0697,26.3661,2.0546,100.0,0.0,0.0,0.0,25.5,0.0,26.5,0.0,26.375,0.0,25.5,10.0,0.0,0.0105,52.565,5.2565,2.0,725.7578,2.1443,0.3956,1.4068,0.5487,1.4235,0.0014,2.1414,0.0115,1.9674,8.0,0.0663,1.0018,0.126,2.3223,0.006,1.0011,0.07,2.0668,0.0,0.0,0.0,29.9828,26.0,25.0,38.0,38.0,14.0,0.0,0.0,0.0,0.0,62.5857,0.0,46.7168,0.0,0.0
22973.0,1.7363,0.092,1.0,0.0797,1.2016,2.0559,1.0559,2.3113,1.3113,26.6021,2.0641,26.363,2.0545,100.0,0.0,0.0,0.0,25.375,0.0,26.375,0.0,26.375,0.0,25.5,10.0,0.0,0.0103,52.5648,5.2564,2.0,727.8505,2.1448,0.4269,1.4102,0.5476,1.4234,0.0014,2.143,0.0115,1.9678,8.0,0.0645,1.0017,0.1408,2.3704,0.0064,1.0262,0.0843,2.1478,0.0,0.0,0.0,29.9828,26.0,25.0,38.0,38.0,13.0,0.0,0.0,0.0,0.0,62.5853,0.0,46.7166,0.0,0.0
22974.0,1.7363,0.092,1.0,0.08,1.2023,2.0555,1.0555,2.3111,1.3111,26.6236,2.0649,26.3807,2.0552,100.0,0.0,0.0,0.0,25.25,0.0,26.375,0.0,26.5,0.0,25.5,10.0,0.0,0.0098,52.5648,5.2565,2.0,726.5231,2.1445,0.2704,1.3931,0.5391,1.4224,0.0014,2.1442,0.0115,1.9683,8.0,0.0747,1.002,0.1157,2.285,0.0057,0.9756,0.0823,2.1375,0.0,0.0,0.0,29.983,26.0,25.0,38.0,38.0,13.0,0.0,0.0,0.0,0.0,62.585,0.0,46.7169,0.0,0.0
22975.0,1.7374,0.0922,1.0,0.08,1.2024,2.0552,1.0552,2.311,1.311,26.7788,2.0712,26.3912,2.0556,100.0,0.0,0.0,0.0,25.25,0.0,26.5,0.0,26.5,0.0,25.5,10.0,0.0,0.0105,52.565,5.2565,2.0,727.2673,2.1447,0.3046,1.3969,0.5448,1.4231,0.0014,2.1454,0.0115,1.9684,8.0,0.0745,1.002,0.1154,2.2839,0.0065,1.0376,0.0756,2.1003,0.0,0.0,0.0,29.9828,26.0,25.0,38.0,38.0,13.0,0.0,0.0,0.0,0.0,62.5856,0.0,46.7168,0.0,0.0
22976.0,1.7453,0.0932,1.0,0.0799,1.2019,2.0556,1.0556,2.3115,1.3115,26.8373,2.0735,26.3769,2.0551,100.0,0.0,0.0,0.0,25.25,0.0,26.5,0.0,26.375,0.0,25.5,10.0,0.0,0.0099,52.5647,5.2565,2.0,732.8101,2.146,0.4391,1.4115,0.5451,1.4231,0.0014,2.1465,0.0115,1.969,8.0,0.0739,1.002,0.1207,2.3037,0.0069,1.0588,0.0777,2.1122,0.0,0.0,0.0,29.9827,26.0,25.0,38.0,38.0,14.0,0.0,0.0,0.0,0.0,62.5855,0.0,46.7167,0.0,0.0
22977.0,1.7486,0.0936,1.0,0.0798,1.2018,2.056,1.056,2.3111,1.3111,26.763,2.0705,26.3666,2.0547,100.0,0.0,0.0,0.0,25.375,0.0,26.5,0.0,26.5,0.0,25.5,10.0,0.0,0.0107,52.5649,5.2565,2.0,742.6677,2.1483,0.5607,1.4248,0.5357,1.4221,0.0014,2.1478,0.0115,1.9694,8.0,0.075,1.002,0.0986,2.2158,0.0061,1.0084,0.0799,2.1245,0.0,0.0,0.0,29.9831,26.0,25.0,38.0,38.0,14.0,0.0,0.0,0.0,0.0,62.5853,0.0,46.7164,0.0,0.0
22978.0,1.7497,0.0937,1.0,0.08,1.2024,2.0562,1.0562,2.3109,1.3109,26.6221,2.0649,26.3727,2.0549,100.0,0.0,0.0,0.0,25.375,0.0,26.625,0.0,26.5,0.0,25.375,10.0,0.0,0.0101,52.5648,5.2565,2.0,746.6085,2.1492,0.447,1.4124,0.5342,1.4219,0.0014,2.1491,0.0115,1.97,8.0,0.0734,1.002,0.0977,2.2118,0.0056,0.9692,0.0823,2.1372,0.0,0.0,0.0,29.9827,26.0,25.0,38.0,38.0,14.0,0.0,0.0,0.0,0.0,62.5855,0.0,46.7167,0.0,0.0
22979.0,1.7508,0.0938,1.0,0.0801,1.2026,2.0561,1.0561,2.3107,1.3107,26.6086,2.0643,26.3886,2.0555,100.0,0.0,0.0,0.0,25.375,0.0,26.5,0.0,26.5,0.0,25.375,10.0,0.0,0.0101,52.5645,5.2564,2.0,743.2162,2.1484,0.3372,1.4004,0.5262,1.421,0.0014,2.1502,0.0115,1.9702,8.0,0.0753,1.002,0.1073,2.2523,0.0063,1.0201,0.0772,2.1093,0.0,0.0,0.0,29.9826,26.0,25.0,38.0,38.0,14.0,0.0,0.0,0.0,0.0,62.585,0.0,46.7169,0.0,0.0
22980.0,1.747,0.0934,1.0,0.0802,1.2028,2.0553,1.0553,2.311,1.311,26.7638,2.0706,26.3917,2.0557,100.0,0.0,0.0,0.0,25.375,0.0,26.375,0.0,26.5,0.0,25.375,10.0,0.0,0.0104,52.5647,5.2565,2.0,741.5239,2.1481,0.3015,1.3965,0.5222,1.4206,0.0014,2.1515,0.0115,1.9704,8.0,0.0748,1.002,0.0995,2.2196,0.0061,1.0102,0.0743,2.0926,0.0,0.0,0.0,29.9829,26.0,25.0,38.0,38.0,14.0,0.0,0.0,0.0,0.0,62.5851,0.0,46.7166,0.0,0.0
22981.0,1.7429,0.0929,1.0,0.0802,1.2028,2.0554,1.0554,2.3115,1.3115,26.8361,2.0734,26.3779,2.0551,100.0,0.0,0.0,0.0,25.375,0.0,26.5,0.0,26.5,0.0,25.375,10.0,0.0,0.0103,52.5648,5.2565,2.0,748.6041,2.1497,0.4029,1.4076,0.5273,1.4212,0.0014,2.1527,0.0115,1.9709,8.0,0.0745,1.002,0.0859,2.1559,0.0067,1.047,0.0672,2.0491,0.0,0.0,0.0,29.9832,26.0,25.0,38.0,38.0,14.0,0.0,0.0,0.0,0.0,62.5851,0.0,46.7165,0.0,0.0
22982.0,1.7373,0.0922,1.0,0.0801,1.2025,2.0561,1.0561,2.3111,1.3111,26.7752,2.071,26.3678,2.0547,100.0,0.0,0.0,0.0,25.375,0.0,26.375,0.0,26.5,0.0,25.5,10.0,0.0,0.0103,52.5649,5.2565,2.0,750.6721,2.1502,0.3488,1.4017,0.5265,1.4211,0.0014,2.1534,0.0115,1.971,8.0,0.0763,1.002,0.0952,2.2006,0.0064,1.0283,0.0658,2.0402,0.0,0.0,0.0,29.9828,26.0,25.0,38.0,38.0,12.0,0.0,0.0,0.0,0.0,62.5856,0.0,46.7171,0.0,0.0
22983.0,1.7363,0.092,1.0,0.0802,1.2027,2.0562,1.0562,2.311,1.311,26.6691,2.0668,26.3638,2.0546,100.0,0.0,0.0,0.0,25.375,0.0,26.375,0.0,26.625,0.0,25.375,10.0,0.0,0.01,52.5648,5.2565,2.0,751.0678,2.1503,0.2999,1.3964,0.5227,1.4207,0.0014,2.1546,0.0115,1.9715,8.0,0.0759,1.002,0.0858,2.1552,0.006,0.9966,0.0659,2.0407,0.0,0.0,0.0,29.9826,26.0,25.0,38.0,38.0,13.0,0.0,0.0,0.0,0.0,62.5849,0.0,46.7167,0.0,0.0
22984.0,1.7362,0.092,1.0,0.0798,1.2018,2.0561,1.0561,2.3107,1.3107,26.6047,2.0642,26.3757,2.055,100.0,0.0,0.0,0.0,25.375,0.0,26.625,0.0,26.5,0.0,25.375,10.0,0.0,0.0103,52.5648,5.2565,2.0,753.674,2.1509,0.3391,1.4006,0.5201,1.4204,0.0014,2.1562,0.0115,1.972,8.0,0.0742,1.002,0.0845,2.1489,0.0056,0.9719,0.0733,2.0869,0.0,0.0,0.0,29.9828,26.0,25.0,38.0,38.0,15.0,0.0,0.0,0.0,0.0,62.5853,0.0,46.7167,0.0,0.0
22985.0,1.7358,0.092,1.0,0.08,1.2023,2.0556,1.0556,2.3106,1.3106,26.7314,2.0693,26.3963,2.0559,100.0,0.0,0.0,0.0,25.25,0.0,26.5,0.0,26.5,0.0,25.5,10.0,0.0,0.0101,52.5652,5.2565,2.0,754.937,2.1512,0.3787,1.4049,0.5121,1.4195,0.0015,2.157,0.0115,1.972,8.0,0.0709,1.0019,0.0667,2.0458,0.006,1.0023,0.0702,2.0683,0.0,0.0,0.0,29.9829,26.0,25.0,38.0,38.0,15.0,0.0,0.0,0.0,0.0,62.5854,0.0,46.7168,0.0,0.0
22986.0,1.7362,0.092,1.0,0.0801,1.2025,2.0556,1.0556,2.3109,1.3109,26.845,2.0738,26.3917,2.0557,100.0,0.0,0.0,0.0,25.375,0.0,26.375,0.0,26.5,0.0,25.375,10.0,0.0,0.011,52.565,5.2565,2.0,762.3148,2.1529,0.3883,1.406,0.5132,1.4196,0.0015,2.1581,0.0115,1.9728,8.0,0.0716,1.0019,0.0805,2.1278,0.0058,0.9889,0.0676,2.0521,0.0,0.0,0.0,29.9829,26.0,25.0,38.0,38.0,14.0,0.0,0.0,0.0,0.0,62.5848,0.0,46.7166,0.0,0.0
22987.0,1.7362,0.092,1.0,0.08,1.2023,2.0561,1.0561,2.311,1.311,26.7984,2.0719,26.3801,2.0552,100.0,0.0,0.0,0.0,25.25,0.0,26.375,0.0,26.5,0.0,25.375,10.0,0.0,0.0101,52.5649,5.2565,2.0,765.8981,2.1537,0.4982,1.418,0.5031,1.4185,0.0015,2.159,0.0115,1.9729,8.0,0.0736,1.002,0.0579,1.9842,0.006,0.9989,0.0616,2.0118,0.0,0.0,0.0,29.983,26.0,25.0,38.0,38.0,16.0,0.0,0.0,0.0,0.0,62.5855,0.0,46.7162,0.0,0.0
22988.0,1.7362,0.092,1.0,0.0799,1.2021,2.0562,1.0562,2.311,1.311,26.6784,2.0671,26.3674,2.0547,100.0,0.0,0.0,0.0,25.25,0.0,26.5,0.0,26.5,0.0,25.375,10.0,0.0,0.011,52.5649,5.2565,2.0,772.7994,2.1552,0.5144,1.4198,0.4972,1.4179,0.0015,2.1601,0.0115,1.9732,8.0,0.0706,1.0019,0.0655,2.0384,0.0057,0.9806,0.0623,2.0162,0.0,0.0,0.0,29.9831,26.0,25.0,38.0,38.0,14.0,0.0,0.0,0.0,0.0,62.5851,0.0,46.7164,0.0,0.0
22989.0,1.7373,0.0922,1.0,0.0799,1.2021,2.0562,1.0562,2.3107,1.3107,26.5814,2.0633,26.3706,2.0548,100.0,0.0,0.0,0.0,25.25,0.0,26.5,0.0,26.5,0.0,25.5,10.0,0.0,0.0102,52.565,5.2565,2.0,775.8749,2.1559,0.4904,1.4171,0.496,1.4177,0.0015,2.1613,0.0115,1.9734,8.0,0.0737,1.002,0.0656,2.0389,0.0067,1.0503,0.0589,1.9923,0.0,0.0,0.0,29.9829,26.0,25.0,38.0,38.0,15.0,0.0,0.0,0.0,0.0,62.5856,0.0,46.7168,0.0,0.0
22990.0,1.7373,0.0922,1.0,0.0799,1.202,2.0553,1.0553,2.3106,1.3106,26.6937,2.0677,26.379,2.0552,100.0,0.0,0.0,0.0,25.25,0.0,26.375,0.0,26.5,0.0,25.375,10.0,0.0,0.0103,52.5652,5.2565,2.0,781.3912,2.1571,0.5131,1.4196,0.4836,1.4164,0.0015,2.1624,0.0115,1.9739,8.0,0.0744,1.002,0.0636,2.0255,0.0054,0.9542,0.0568,1.9765,0.0,0.0,0.0,29.9829,26.0,25.0,38.0,38.0,14.0,0.0,0.0,0.0,0.0,62.5858,0.0,46.7169,0.0,0.0
22991.0,1.7382,0.0923,1.0,0.0801,1.2025,2.0551,1.0551,2.3113,1.3113,26.8324,2.0733,26.3707,2.0548,100.0,0.0,0.0,0.0,25.375,0.0,26.375,0.0,26.5,0.0,25.5,10.0,0.0,0.011,52.565,5.2565,2.0,789.658,2.159,0.5741,1.4263,0.4793,1.4159,0.0015,2.1634,0.0116,1.9746,8.0,0.0762,1.002,0.05,1.9212,0.0061,1.0052,0.0506,1.926,0.0,0.0,0.0,29.9827,26.0,25.0,38.0,38.0,14.0,0.0,0.0,0.0,0.0,62.5854,0.0,46.7168,0.0,0.0
22992.0,1.7386,0.0923,1.0,0.0799,1.202,2.0557,1.0557,2.3113,1.3113,26.8024,2.0721,26.3703,2.0548,100.0,0.0,0.0,0.0,25.25,0.0,26.375,0.0,26.5,0.0,25.375,10.0,0.0,0.0109,52.5651,5.2565,2.0,790.7924,2.1592,0.6111,1.4303,0.4865,1.4167,0.0015,2.1644,0.0116,1.9749,8.0,0.0723,1.0019,0.048,1.9031,0.0061,1.0076,0.0655,2.038,0.0,0.0,0.0,29.9831,26.0,25.0,38.0,38.0,14.0,0.0,0.0,0.0,0.0,62.5854,0.0,46.7168,0.0,0.0
22993.0,1.7373,0.0922,1.0,0.08,1.2023,2.0558,1.0558,2.311,1.311,26.7062,2.0682,26.3653,2.0546,100.0,0.0,0.0,0.0,25.25,0.0,26.5,0.0,26.625,0.0,25.5,10.0,0.0,0.0108,52.5653,5.2565,2.0,799.6874,2.1612,0.5998,1.4291,0.4785,1.4158,0.0015,2.1653,0.0116,1.9751,8.0,0.0756,1.002,0.0507,1.9271,0.0058,0.985,0.0656,2.0388,0.0,0.0,0.0,29.9833,26.0,25.0,38.0,38.0,13.0,0.0,0.0,0.0,0.0,62.5856,0.0,46.7165,0.0,0.0
22994.0,1.7362,0.092,1.0,0.08,1.2022,2.0561,1.0561,2.3108,1.3108,26.5855,2.0634,26.364,2.0546,100.0,0.0,0.0,0.0,25.375,0.0,26.375,0.0,26.5,0.0,25.375,10.0,0.0,0.0109,52.5652,5.2565,2.0,806.975,2.1627,0.7006,1.4401,0.4771,1.4157,0.0015,2.1664,0.0116,1.9755,8.0,0.0749,1.002,0.0421,1.8463,0.0065,1.0338,0.066,2.0416,0.0,0.0,0.0,29.9833,26.0,25.0,38.0,38.0,13.0,0.0,0.0,0.0,0.0,62.5855,0.0,46.7167,0.0,0.0
22995.0,1.7363,0.092,1.0,0.08,1.2023,2.0558,1.0558,2.3103,1.3103,26.6433,2.0657,26.3933,2.0557,100.0,0.0,0.0,0.0,25.375,0.0,26.375,0.0,26.5,0.0,25.375,10.0,0.0,0.0105,52.5652,5.2565,2.0,809.7186,2.1633,0.5667,1.4255,0.4761,1.4156,0.0015,2.1675,0.0116,1.976,8.0,0.0755,1.002,0.0395,1.8184,0.0063,1.0245,0.075,2.0969,0.0,0.0,0.0,29.9828,26.0,25.0,38.0,38.0,15.0,0.0,0.0,0.0,0.0,62.5853,0.0,46.7167,0.0,0.0
22996.0,1.7375,0.0922,1.0,0.0798,1.2017,2.0556,1.0556,2.3108,1.3108,26.8181,2.0727,26.3925,2.0557,100.0,0.0,0.0,0.0,25.375,0.0,26.375,0.0,26.5,0.0,25.5,10.0,0.0,0.0106,52.5654,5.2566,2.0,806.5776,2.1627,0.4624,1.4141,0.4873,1.4168,0.0015,2.1686,0.0116,1.9763,8.0,0.0685,1.0018,0.0401,1.8254,0.0066,1.0426,0.0701,2.0675,0.0,0.0,0.0,29.9829,26.0,25.0,38.0,38.0,15.0,0.0,0.0,0.0,0.0,62.5857,0.0,46.7162,0.0,0.0
22997.0,1.7396,0.0924,1.0,0.08,1.2022,2.0556,1.0556,2.3111,1.3111,26.8148,2.0726,26.3719,2.0549,100.0,0.0,0.0,0.0,25.375,0.0,26.5,0.0,26.5,0.0,25.375,10.0,0.0,0.0102,52.5652,5.2565,2.0,810.5781,2.1635,0.4533,1.4131,0.4718,1.4151,0.0015,2.1696,0.0116,1.9766,8.0,0.0661,1.0018,0.0456,1.8806,0.0057,0.9799,0.0641,2.0286,0.0,0.0,0.0,29.9831,26.0,25.0,38.0,38.0,12.0,0.0,0.0,0.0,0.0,62.5858,0.0,46.7172,0.0,0.0
22998.0,1.7336,0.0917,1.0,0.08,1.2022,2.0562,1.0562,2.3111,1.3111,26.7198,2.0688,26.3733,2.0549,100.0,0.0,0.0,0.0,25.375,0.0,26.625,0.0,26.5,0.0,25.5,10.0,0.0,0.0104,52.5651,5.2565,2.0,811.2459,2.1637,0.4496,1.4127,0.4716,1.4151,0.0015,2.1707,0.0116,1.9768,8.0,0.0676,1.0018,0.0983,2.2144,0.0054,0.958,0.0586,1.9895,0.0,0.0,0.0,29.9827,26.0,25.0,38.0,38.0,13.0,0.0,0.0,0.0,0.0,62.5849,0.0,46.717,0.0,0.0
22999.0,1.7404,0.0925,1.0,0.0799,1.2019,2.0562,1.0562,2.3109,1.3109,26.5922,2.0637,26.3732,2.0549,100.0,0.0,0.0,0.0,25.25,0.0,26.5,0.0,26.5,0.0,25.375,10.0,0.0,0.0111,52.5655,5.2566,2.0,811.3494,2.1637,0.345,1.4013,0.4755,1.4155,0.0015,2.1717,0.0116,1.9772,8.0,0.0689,1.0018,0.1033,2.2361,0.0058,0.9849,0.0632,2.0224,0.0,0.0,0.0,29.9828,26.0,25.0,38.0,38.0,13.0,0.0,0.0,0.0,0.0,62.5846,0.0,46.7164,0.0,0.0
23000.0,1.7462,0.0933,1.0,0.08,1.2023,2.0557,1.0557,2.3107,1.3107,26.6486,2.0659,26.3852,2.0554,100.0,0.0,0.0,0.0,25.375,0.0,26.5,0.0,26.5,0.0,25.375,10.0,0.0,0.0111,52.5655,5.2565,2.0,812.8441,2.164,0.3974,1.407,0.474,1.4153,0.0016,2.1729,0.0116,1.9779,8.0,0.0686,1.0018,0.1025,2.2324,0.006,0.9986,0.0599,1.9991,0.0,0.0,0.0,29.9827,26.0,25.0,38.0,38.0,13.0,0.0,0.0,0.0,0.0,62.5848,0.0,46.7162,0.0,0.0
23001.0,1.7447,0.0931,1.0,0.0802,1.2029,2.0555,1.0555,2.3108,1.3108,26.8044,2.0722,26.3896,2.0556,100.0,0.0,0.0,0.0,25.375,0.0,26.5,0.0,26.5,0.0,25.375,10.0,0.0,0.0104,52.566,5.2566,2.0,820.0997,2.1655,0.4198,1.4094,0.4705,1.415,0.0016,2.1741,0.0116,1.9783,8.0,0.0695,1.0019,0.0892,2.1721,0.0062,1.0146,0.0596,1.9973,0.0,0.0,0.0,29.983,26.0,25.0,38.0,37.0,14.0,0.0,0.0,0.0,0.0,62.5853,0.0,46.7164,0.0,0.0
23002.0,1.7486,0.0936,1.0,0.0801,1.2025,2.0556,1.0556,2.3112,1.3112,26.816,2.0726,26.3732,2.0549,100.0,0.0,0.0,0.0,25.375,0.0,26.5,0.0,26.625,0.0,25.375,10.0,0.0,0.0106,52.5656,5.2565,2.0,822.4182,2.166,0.4176,1.4092,0.4681,1.4147,0.0016,2.175,0.0116,1.9787,8.0,0.0696,1.0019,0.0858,2.1555,0.0058,0.984,0.0555,1.9662,0.0,0.0,0.0,29.983,26.0,25.0,38.0,37.0,13.0,0.0,0.0,0.0,0.0,62.5858,0.0,46.7166,0.0,0.0
23003.0,1.7497,0.0937,1.0,0.0801,1.2025,2.056,1.056,2.3108,1.3108,26.747,2.0699,26.367,2.0547,100.0,0.0,0.0,0.0,25.375,0.0,26.5,0.0,26.5,0.0,25.5,10.0,0.0,0.0099,52.5654,5.2565,2.0,828.7077,2.1674,0.4987,1.418,0.4698,1.4149,0.0016,2.1759,0.0116,1.9789,8.0,0.0697,1.0019,0.1408,2.3705,0.006,1.0015,0.0493,1.9149,0.0,0.0,0.0,29.9824,26.0,25.0,38.0,37.0,12.0,0.0,0.0,0.0,0.0,62.5854,0.0,46.7161,0.0,0.0
23004.0,1.7456,0.0932,1.0,0.08,1.2022,2.0562,1.0562,2.3105,1.3105,26.6202,2.0648,26.3718,2.0549,100.0,0.0,0.0,0.0,25.25,0.0,26.5,0.0,26.5,0.0,25.5,10.0,0.0,0.01,52.565,5.2565,2.0,830.4303,2.1677,0.4836,1.4164,0.4678,1.4147,0.0016,2.177,0.0116,1.9795,8.0,0.0683,1.0018,0.1398,2.3672,0.0066,1.0401,0.0537,1.9521,0.0,0.0,0.0,29.9828,26.0,25.0,38.0,37.0,13.0,0.0,0.0,0.0,0.0,62.5853,0.0,46.7165,0.0,0.0
23005.0,1.7419,0.0927,1.0,0.08,1.2022,2.056,1.056,2.3103,1.3103,26.6022,2.0641,26.3884,2.0555,100.0,0.0,0.0,0.0,25.375,0.0,26.375,0.0,26.5,0.0,25.5,10.0,0.0,0.0106,52.5652,5.2565,2.0,836.9545,2.1691,0.4881,1.4169,0.473,1.4152,0.0016,2.178,0.0116,1.9798,8.0,0.0694,1.0019,0.1373,2.3595,0.0056,0.9702,0.0568,1.9763,0.0,0.0,0.0,29.9825,26.0,25.0,38.0,38.0,13.0,0.0,0.0,0.0,0.0,62.5852,0.0,46.7166,0.0,0.0
23006.0,1.739,0.0924,1.0,0.08,1.2023,2.0556,1.0556,2.3106,1.3106,26.7709,2.0708,26.3915,2.0557,100.0,0.0,0.0,0.0,25.25,0.0,26.5,0.0,26.5,0.0,25.5,10.0,0.0,0.0102,52.5651,5.2565,2.0,840.6591,2.1698,0.4887,1.4169,0.4772,1.4157,0.0016,2.1793,0.0116,1.9803,8.0,0.0695,1.0019,0.1189,2.2971,0.0057,0.98,0.0741,2.0919,0.0,0.0,0.0,29.9825,26.0,25.0,38.0,38.0,14.0,0.0,0.0,0.0,0.0,62.5851,0.0,46.7169,0.0,0.0
23007.0,1.7389,0.0924,1.0,0.0799,1.2019,2.0555,1.0555,2.3111,1.3111,26.8401,2.0736,26.3748,2.055,100.0,0.0,0.0,0.0,25.375,0.0,26.625,0.0,26.625,0.0,25.5,10.0,0.0,0.0103,52.5651,5.2565,2.0,849.7651,2.1717,0.573,1.4261,0.4804,1.416,0.0016,2.1803,0.0116,1.9805,8.0,0.064,1.0017,0.1435,2.3787,0.0052,0.9411,0.0717,2.0776,0.0,0.0,0.0,29.9827,26.0,25.0,38.0,38.0,12.0,0.0,0.0,0.0,0.0,62.5849,0.0,46.7164,0.0,0.0
23008.0,1.7389,0.0924,1.0,0.0798,1.2016,2.0558,1.0558,2.3111,1.3111,26.7533,2.0701,26.3682,2.0547,100.0,0.0,0.0,0.0,25.25,0.0,26.5,0.0,26.5,0.0,25.5,10.0,0.0,0.0103,52.5652,5.2565,2.0,857.7798,2.1734,0.6821,1.4381,0.4764,1.4156,0.0016,2.1814,0.0116,1.9807,8.0,0.0679,1.0018,0.1097,2.262,0.0059,0.9897,0.0709,2.0725,0.0,0.0,0.0,29.9832,26.0,25.0,38.0,38.0,14.0,0.0,0.0,0.0,0.0,62.5855,0.0,46.7168,0.0,0.0
23009.0,1.7383,0.0923,1.0,0.0799,1.2019,2.0563,1.0563,2.3107,1.3107,26.6514,2.0661,26.3687,2.0547,100.0,0.0,0.0,0.0,25.375,0.0,26.375,0.0,26.5,0.0,25.375,10.0,0.0,0.0099,52.5653,5.2565,2.0,868.7854,2.1756,0.7312,1.4434,0.4749,1.4154,0.0016,2.1824,0.0116,1.981,8.0,0.0672,1.0018,0.0985,2.2154,0.006,1.0015,0.09,2.1759,0.0,0.0,0.0,29.9831,26.0,25.0,38.0,38.0,14.0,0.0,0.0,0.0,0.0,62.5853,0.0,46.7163,0.0,0.0
23010.0,1.7374,0.0922,1.0,0.0799,1.2019,2.0561,1.0561,2.3105,1.3105,26.6031,2.0641,26.3758,2.055,100.0,0.0,0.0,0.0,25.125,0.0,26.5,0.0,26.5,0.0,25.375,10.0,0.0,0.0113,52.5653,5.2566,2.0,872.759,2.1764,0.7381,1.4442,0.4796,1.416,0.0016,2.1836,0.0116,1.9814,8.0,0.0697,1.0019,0.1124,2.2728,0.0054,0.9505,0.0931,2.1909,0.0,0.0,0.0,29.9828,26.0,25.0,38.0,38.0,13.0,0.0,0.0,0.0,0.0,62.5853,0.0,46.7164,0.0,0.0
23011.0,1.7373,0.0922,1.0,0.0801,1.2025,2.0553,1.0553,2.3106,1.3106,26.7933,2.0717,26.3911,2.0556,100.0,0.0,0.0,0.0,25.25,0.0,26.5,0.0,26.5,0.0,25.375,10.0,0.0,0.011,52.5652,5.2565,2.0,882.7166,2.1783,0.7017,1.4402,0.4764,1.4156,0.0016,2.1848,0.0116,1.9818,8.0,0.0718,1.0019,0.0859,2.1561,0.0062,1.0141,0.1025,2.2324,0.0,0.0,0.0,29.9827,26.0,25.0,38.0,38.0,13.0,0.0,0.0,0.0,0.0,62.5853,0.0,46.7165,0.0,0.0
23012.0,1.7373,0.0922,1.0,0.08,1.2023,2.0558,1.0558,2.3111,1.3111,26.8447,2.0738,26.3759,2.055,100.0,0.0,0.0,0.0,25.25,0.0,26.5,0.0,26.5,0.0,25.5,10.0,0.0,0.0102,52.5653,5.2565,2.0,884.8611,2.1788,0.6717,1.4369,0.4722,1.4151,0.0016,2.1858,0.0116,1.9822,8.0,0.0694,1.0019,0.1017,2.2294,0.0064,1.0258,0.0969,2.208,0.0,0.0,0.0,29.9825,26.0,25.0,38.0,38.0,13.0,0.0,0.0,0.0,0.0,62.5852,0.0,46.7164,0.0,0.0
23013.0,1.7363,0.092,1.0,0.08,1.2022,2.0561,1.0561,2.311,1.311,26.7689,2.0708,26.3675,2.0547,100.0,0.0,0.0,0.0,25.375,0.0,26.375,0.0,26.5,0.0,25.375,10.0,0.0,0.0104,52.5653,5.2565,2.0,892.9078,2.1803,0.718,1.442,0.4715,1.4151,0.0017,2.187,0.0117,1.9827,8.0,0.0738,1.002,0.0958,2.2031,0.0061,1.0075,0.0821,2.1362,0.0,0.0,0.0,29.9827,26.0,25.0,38.0,38.0,14.0,0.0,0.0,0.0,0.0,62.5851,0.0,46.7168,0.0,0.0
23014.0,1.7372,0.0921,1.0,0.08,1.2022,2.0562,1.0562,2.3105,1.3105,26.665,2.0666,26.3705,2.0548,100.0,0.0,0.0,0.0,25.25,0.0,26.375,0.0,26.5,0.0,25.375,10.0,0.0,0.01,52.5652,5.2565,2.0,898.1596,2.1813,0.6901,1.4389,0.4754,1.4155,0.0017,2.1879,0.0117,1.9835,8.0,0.0713,1.0019,0.0787,2.1178,0.0063,1.0191,0.0876,2.1643,0.0,0.0,0.0,29.9826,26.0,25.0,38.0,38.0,13.0,0.0,0.0,0.0,0.0,62.5852,0.0,46.7166,0.0,0.0
23015.0,1.7383,0.0923,1.0,0.0801,1.2025,2.0562,1.0562,2.3103,1.3103,26.5905,2.0636,26.3807,2.0552,100.0,0.0,0.0,0.0,25.375,0.0,26.5,0.0,26.625,0.0,25.375,10.0,0.0,0.0107,52.5652,5.2565,2.0,898.6097,2.1814,0.5617,1.4249,0.4776,1.4157,0.0017,2.189,0.0117,1.9839,8.0,0.0757,1.002,0.0843,2.1478,0.0064,1.0247,0.0914,2.1826,0.0,0.0,0.0,29.9825,26.0,25.0,38.0,38.0,13.0,0.0,0.0,0.0,0.0,62.5853,0.0,46.7166,0.0,0.0
23016.0,1.7384,0.0923,1.0,0.0802,1.2027,2.0554,1.0554,2.3104,1.3104,26.711,2.0684,26.3892,2.0556,100.0,0.0,0.0,0.0,25.25,0.0,26.5,0.0,26.5,0.0,25.625,10.0,0.0,0.0106,52.5653,5.2565,2.0,901.3468,2.182,0.507,1.4189,0.4696,1.4149,0.0017,2.1899,0.0117,1.9843,8.0,0.0767,1.002,0.0737,2.089,0.006,0.9992,0.1075,2.2534,0.0,0.0,0.0,29.9824,26.0,25.0,38.0,38.0,13.0,0.0,0.0,0.0,0.0,62.5852,0.0,46.7161,0.0,0.0
23017.0,1.7383,0.0923,1.0,0.0801,1.2027,2.0551,1.0551,2.3109,1.3109,26.8443,2.0738,26.3826,2.0553,100.0,0.0,0.0,0.0,25.25,0.0,26.375,0.0,26.5,0.0,25.375,10.0,0.0,0.0104,52.5657,5.2566,2.0,903.7797,2.1824,0.5171,1.42,0.4755,1.4155,0.0017,2.1909,0.0117,1.9848,8.0,0.0747,1.002,0.0732,2.0865,0.0058,0.986,0.1097,2.262,0.0,0.0,0.0,29.9824,26.0,25.0,38.0,38.0,16.0,0.0,0.0,0.0,0.0,62.5852,0.0,46.7161,0.0,0.0
23018.0,1.7393,0.0924,1.0,0.0801,1.2025,2.0562,1.0562,2.3106,1.3106,26.7812,2.0712,26.3678,2.0547,100.0,0.0,0.0,0.0,25.375,0.0,26.5,0.0,26.5,0.0,25.5,10.0,0.0,0.0102,52.5651,5.2565,2.0,908.7237,2.1834,0.4926,1.4174,0.4822,1.4162,0.0017,2.1925,0.0117,1.9852,8.0,0.072,1.0019,0.1333,2.3468,0.0056,0.9735,0.1125,2.273,0.0,0.0,0.0,29.9828,26.0,25.0,38.0,38.0,12.0,0.0,0.0,0.0,0.0,62.5844,0.0,46.7161,0.0,0.0
23019.0,1.74,0.0925,1.0,0.08,1.2022,2.0563,1.0563,2.3106,1.3106,26.6893,2.0676,26.3745,2.055,100.0,0.0,0.0,0.0,25.375,0.0,26.5,0.0,26.5,0.0,25.375,10.0,0.0,0.0106,52.5652,5.2565,2.0,909.5472,2.1835,0.415,1.4089,0.4715,1.4151,0.0017,2.1933,0.0117,1.9855,8.0,0.0726,1.0019,0.1286,2.3311,0.0054,0.956,0.1324,2.3439,0.0,0.0,0.0,29.9823,26.0,25.0,38.0,38.0,14.0,0.0,0.0,0.0,0.0,62.5848,0.0,46.716,0.0,0.0
23020.0,1.7388,0.0924,1.0,0.08,1.2022,2.0558,1.0558,2.3108,1.3108,26.6006,2.064,26.3701,2.0548,100.0,0.0,0.0,0.0,25.25,0.0,26.5,0.0,26.5,0.0,25.375,10.0,0.0,0.011,52.5652,5.2565,2.0,910.5364,2.1837,0.4038,1.4077,0.469,1.4148,0.0017,2.1943,0.0117,1.9857,8.0,0.0764,1.002,0.1141,2.2791,0.0063,1.0233,0.1252,2.3195,0.0,0.0,0.0,29.9828,26.0,25.0,38.0,38.0,13.0,0.0,0.0,0.0,0.0,62.5851,0.0,46.7165,0.0,0.0
23021.0,1.7377,0.0922,1.0,0.0802,1.2027,2.0552,1.0552,2.3106,1.3106,26.7232,2.0689,26.3799,2.0552,100.0,0.0,0.0,0.0,25.375,0.0,26.5,0.0,26.5,0.0,25.5,10.0,0.0,0.0107,52.5656,5.2566,2.0,914.8881,2.1845,0.3878,1.4059,0.4676,1.4146,0.0017,2.1955,0.0117,1.986,8.0,0.0747,1.002,0.1199,2.3005,0.0055,0.9604,0.1071,2.2517,0.0,0.0,0.0,29.9828,26.0,25.0,38.0,38.0,12.0,0.0,0.0,0.0,0.0,62.585,0.0,46.7168,0.0,0.0
23022.0,1.7373,0.0922,1.0,0.0802,1.2029,2.0552,1.0552,2.3105,1.3105,26.8392,2.0736,26.3826,2.0553,100.0,0.0,0.0,0.0,25.25,0.0,26.375,0.0,26.5,0.0,25.375,10.0,0.0,0.0104,52.5654,5.2566,2.0,914.5039,2.1845,0.2728,1.3934,0.4689,1.4148,0.0017,2.1965,0.0117,1.9861,8.0,0.0747,1.002,0.1029,2.2342,0.0065,1.0377,0.1137,2.2778,0.0,0.0,0.0,29.982,26.0,25.0,38.0,38.0,12.0,0.0,0.0,0.0,0.0,62.585,0.0,46.7162,0.0,0.0
23023.0,1.7369,0.0921,1.0,0.0801,1.2024,2.0561,1.0561,2.3107,1.3107,26.7954,2.0718,26.3693,2.0548,100.0,0.0,0.0,0.0,25.375,0.0,26.5,0.0,26.5,0.0,25.375,10.0,0.0,0.0105,52.5652,5.2565,2.0,916.5395,2.1849,0.3621,1.4031,0.4683,1.4147,0.0017,2.1974,0.0117,1.9866,8.0,0.0768,1.002,0.1943,2.5102,0.0065,1.032,0.1112,2.2678,0.0,0.0,0.0,29.9824,26.0,25.0,38.0,38.0,12.0,0.0,0.0,0.0,0.0,62.5849,0.0,46.7161,0.0,0.0
23024.0,1.7422,0.0928,1.0,0.0799,1.202,2.0563,1.0563,2.3106,1.3106,26.6863,2.0675,26.3659,2.0546,100.0,0.0,0.0,0.0,25.375,0.0,26.5,0.0,26.5,0.0,25.375,10.0,0.0,0.0102,52.5652,5.2565,2.0,922.4796,2.186,0.3849,1.4056,0.4617,1.414,0.0017,2.1985,0.0117,1.9874,8.0,0.0741,1.002,0.1683,2.448,0.006,1.0027,0.102,2.2303,0.0,0.0,0.0,29.9824,26.0,25.0,38.0,38.0,14.0,0.0,0.0,0.0,0.0,62.5849,16.0,46.7991,0.0,0.0
23025.0,1.7496,0.0937,1.0,0.08,1.2023,2.0557,1.0557,2.3104,1.3104,26.5794,2.0632,26.3667,2.0547,100.0,0.0,0.0,0.0,25.375,0.0,26.375,0.0,26.5,0.0,25.5,10.0,0.0,0.0105,52.5652,5.2565,2.0,925.4316,2.1865,0.3199,1.3985,0.464,1.4143,0.0017,2.1994,0.0117,1.9874,8.0,0.0735,1.002,0.1897,2.5,0.0062,1.0163,0.0914,2.1827,0.0,0.0,0.0,29.9824,26.0,25.0,38.0,38.0,15.0,0.0,0.0,0.0,0.0,62.5852,16.0,47.0134,0.0,0.0
23026.0,1.7477,0.0935,1.0,0.0799,1.202,2.0554,1.0554,2.3103,1.3103,26.6572,2.0663,26.3855,2.0554,100.0,0.0,0.0,0.0,25.375,0.0,26.5,0.0,26.5,0.0,25.5,10.0,0.0,0.0103,52.5654,5.2565,2.0,924.6978,2.1864,0.3894,1.4061,0.464,1.4143,0.0018,2.2004,0.0117,1.9879,8.0,0.0708,1.0019,0.1438,2.3795,0.0055,0.9584,0.1073,2.2526,0.0,0.0,0.0,29.9821,26.0,25.0,38.0,38.0,14.0,0.0,0.0,0.0,0.0,62.5847,0.0,47.1008,0.0,0.0
23027.0,1.7477,0.0935,1.0,0.0799,1.2021,2.0553,1.0553,2.3103,1.3103,26.8201,2.0728,26.3886,2.0555,100.0,0.0,0.0,0.0,25.375,0.0,26.5,0.0,26.5,0.0,25.5,10.0,0.0,0.0108,52.5653,5.2565,2.0,932.3823,2.1878,0.4495,1.4127,0.4644,1.4143,0.0018,2.2014,0.0117,1.9885,8.0,0.0696,1.0019,0.1721,2.4575,0.0065,1.0374,0.105,2.243,0.0,0.0,0.0,29.9824,26.0,25.0,38.0,38.0,14.0,0.0,0.0,0.0,0.0,62.5846,0.0,47.1012,0.0,0.0
23028.0,1.743,0.0929,1.0,0.0802,1.2028,2.0558,1.0558,2.3107,1.3107,26.8316,2.0733,26.3737,2.0549,100.0,0.0,0.0,0.0,25.375,0.0,26.5,0.0,26.5,0.0,25.375,10.0,0.0,0.0105,52.5656,5.2566,2.0,939.4418,2.1891,0.4718,1.4151,0.457,1.4135,0.0018,2.2022,0.0117,1.9889,8.0,0.0719,1.0019,0.1706,2.4537,0.0064,1.0288,0.0963,2.2056,0.0,0.0,0.0,29.9824,26.0,25.0,38.0,38.0,13.0,0.0,0.0,0.0,0.0,62.5853,0.0,47.1013,0.0,0.0
23029.0,1.7374,0.0922,1.0,0.0799,1.2019,2.0558,1.0558,2.3107,1.3107,26.7096,2.0684,26.3579,2.0543,100.0,0.0,0.0,0.0,25.375,0.0,26.5,0.0,26.5,0.0,25.375,10.0,0.0,0.0103,52.5654,5.2565,2.0,946.968,2.1905,0.4883,1.4169,0.4454,1.4122,0.0018,2.2033,0.0117,1.9893,8.0,0.0758,1.002,0.2011,2.5252,0.0053,0.9462,0.0957,2.2026,0.0,0.0,0.0,29.9825,26.0,25.0,38.0,38.0,13.0,0.0,0.0,0.0,0.0,62.585,0.0,47.1015,0.0,0.0
23030.0,1.7382,0.0923,1.0,0.08,1.2021,2.0558,1.0558,2.3104,1.3104,26.5944,2.0638,26.3632,2.0545,100.0,0.0,0.0,0.0,25.375,0.0,26.5,0.0,26.625,0.0,25.5,10.0,0.0,0.0099,52.5653,5.2565,2.0,949.6934,2.191,0.4214,1.4096,0.4386,1.4115,0.0018,2.2042,0.0117,1.9895,8.0,0.0737,1.002,0.1762,2.4679,0.0059,0.9923,0.0807,2.1289,0.0,0.0,0.0,29.9823,26.0,25.0,38.0,37.0,14.0,0.0,0.0,0.0,0.0,62.5848,0.0,47.1012,0.0,0.0
23031.0,1.7379,0.0922,1.0,0.08,1.2023,2.0557,1.0557,2.3103,1.3103,26.6327,2.0653,26.3819,2.0553,100.0,0.0,0.0,0.0,25.25,0.0,26.5,0.0,26.5,0.0,25.375,10.0,0.0,0.0104,52.5653,5.2565,2.0,950.1783,2.1911,0.3803,1.4051,0.4338,1.411,0.0018,2.2049,0.0117,1.9901,8.0,0.0714,1.0019,0.252,2.6232,0.0059,0.9944,0.0776,2.1117,0.0,0.0,0.0,29.9832,26.0,25.0,38.0,37.0,15.0,0.0,0.0,0.0,0.0,62.5852,0.0,47.1017,0.0,0.0
23032.0,1.7383,0.0923,1.0,0.0799,1.2021,2.0552,1.0552,2.3103,1.3103,26.7981,2.0719,26.392,2.0557,100.0,0.0,0.0,0.0,25.25,0.0,26.375,0.0,26.5,0.0,25.5,10.0,0.0,0.0101,52.5656,5.2566,2.0,955.3788,2.1921,0.4801,1.416,0.431,1.4107,0.0018,2.2058,0.0117,1.9906,8.0,0.0711,1.0019,0.2348,2.5925,0.0057,0.9747,0.084,2.1461,0.0,0.0,0.0,29.9824,26.0,25.0,38.0,37.0,13.0,0.0,0.0,0.0,0.0,62.5851,0.0,47.1012,0.0,0.0
23033.0,1.7368,0.0921,1.0,0.08,1.2022,2.0555,1.0555,2.3107,1.3107,26.832,2.0733,26.3695,2.0548,100.0,0.0,0.0,0.0,25.375,0.0,26.5,0.0,26.5,0.0,25.375,10.0,0.0,0.0109,52.5657,5.2566,2.0,960.7053,2.193,0.4464,1.4123,0.4478,1.4125,0.0018,2.2072,0.0118,1.9915,8.0,0.0702,1.0019,0.2288,2.5813,0.0057,0.9772,0.0808,2.1293,0.0,0.0,0.0,29.9823,26.0,25.0,38.0,37.0,14.0,0.0,0.0,0.0,0.0,62.5853,0.0,47.1012,0.0,0.0
23034.0,1.7363,0.092,1.0,0.08,1.2022,2.0559,1.0559,2.3106,1.3106,26.7346,2.0694,26.3669,2.0547,100.0,0.0,0.0,0.0,25.375,0.0,26.625,0.0,26.5,0.0,25.5,10.0,0.0,0.0109,52.5657,5.2566,2.0,970.5214,2.1948,0.5917,1.4282,0.4865,1.4167,0.0018,2.2088,0.0118,1.9918,8.0,0.0701,1.0019,0.1945,2.5109,0.0062,1.013,0.0918,2.1846,0.0,0.0,0.0,29.9824,26.0,25.0,38.0,38.0,13.0,0.0,0.0,0.0,0.0,62.585,0.0,47.1011,0.0,0.0
23035.0,1.7362,0.092,1.0,0.0799,1.202,2.0562,1.0562,2.3104,1.3104,26.613,2.0645,26.3617,2.0545,100.0,0.0,0.0,0.0,25.375,0.0,26.625,0.0,26.5,0.0,25.5,10.0,0.0,0.0104,52.5657,5.2566,2.0,976.9307,2.1959,0.5448,1.4231,0.5304,1.4215,0.0018,2.2106,0.0118,1.993,8.0,0.0687,1.0018,0.2103,2.5447,0.0065,1.0319,0.0898,2.175,0.0,0.0,0.0,29.9823,26.0,25.0,38.0,38.0,14.0,0.0,0.0,0.0,0.0,62.5853,0.0,47.1008,0.0,0.0
23036.0,1.7365,0.0921,1.0,0.0799,1.202,2.0556,1.0556,2.3099,1.3099,26.6334,2.0653,26.3805,2.0552,100.0,0.0,0.0,0.0,25.25,0.0,26.375,0.0,26.5,0.0,25.5,10.0,0.0,0.0103,52.5656,5.2565,2.0,980.8994,2.1966,0.4967,1.4178,0.5683,1.4256,0.0018,2.2124,0.0118,1.9941,8.0,0.0667,1.0018,0.1887,2.4977,0.0063,1.0241,0.0816,2.1336,0.0,0.0,0.0,29.9824,26.0,25.0,38.0,38.0,13.0,0.0,0.0,0.0,0.0,62.5851,0.0,47.1012,0.0,0.0
23037.0,1.7373,0.0922,1.0,0.0799,1.2019,2.0553,1.0553,2.3102,1.3102,26.7773,2.0711,26.3917,2.0557,100.0,0.0,0.0,0.0,25.375,0.0,26.5,0.0,26.375,0.0,25.375,10.0,0.0,0.0103,52.5656,5.2566,2.0,980.4135,2.1966,0.4908,1.4172,0.5924,1.4283,0.0019,2.2139,0.0118,1.9948,8.0,0.0681,1.0018,0.1936,2.5087,0.0064,1.031,0.0829,2.1406,0.0,0.0,0.0,29.9824,26.0,25.0,38.0,38.0,13.0,0.0,0.0,0.0,0.0,62.5847,0.0,47.1015,0.0,0.0
23038.0,1.7384,0.0923,1.0,0.0796,1.2013,2.0554,1.0554,2.3107,1.3107,26.8395,2.0736,26.377,2.0551,100.0,0.0,0.0,0.0,25.25,0.0,26.5,0.0,26.5,0.0,25.375,10.0,0.0,0.0101,52.5656,5.2566,2.0,984.8599,2.1973,0.4143,1.4088,0.6146,1.4307,0.0019,2.2156,0.0118,1.9957,8.0,0.0667,1.0018,0.1645,2.4381,0.0058,0.9836,0.0756,2.1003,0.0,0.0,0.0,29.9822,26.0,25.0,38.0,38.0,14.0,0.0,0.0,0.0,0.0,62.5849,0.0,47.101,0.0,0.0
23039.0,1.7393,0.0924,1.0,0.0799,1.2019,2.0558,1.0558,2.3107,1.3107,26.7718,2.0709,26.3673,2.0547,100.0,0.0,0.0,0.0,25.375,0.0,26.5,0.0,26.5,0.0,25.5,10.0,0.0,0.011,52.5656,5.2566,2.0,991.1163,2.1984,0.4587,1.4137,0.6459,1.4341,0.0019,2.2176,0.0118,1.9974,8.0,0.0722,1.0019,0.1617,2.4305,0.0057,0.9807,0.0881,2.1668,0.0,0.0,0.0,29.9824,26.0,25.0,38.0,38.0,15.0,0.0,0.0,0.0,0.0,62.5847,0.0,47.101,0.0,0.0
23040.0,1.7383,0.0923,1.0,0.0797,1.2015,2.0558,1.0558,2.3105,1.3105,26.6527,2.0661,26.3631,2.0545,100.0,0.0,0.0,0.0,25.375,0.0,26.5,0.0,26.5,0.0,25.375,10.0,0.0,0.0101,52.5657,5.2565,2.0,994.4136,2.199,0.4643,1.4143,0.6694,1.4367,0.0019,2.2194,0.0118,1.9979,8.0,0.0746,1.002,0.2187,2.5616,0.0065,1.0331,0.08,2.1247,0.0,0.0,0.0,29.9822,26.0,25.0,38.0,38.0,14.0,0.0,0.0,0.0,0.0,62.5848,0.0,47.1012,0.0,0.0
23041.0,1.7377,0.0922,1.0,0.0798,1.2018,2.0557,1.0557,2.3102,1.3102,26.5898,2.0636,26.3766,2.0551,100.0,0.0,0.0,0.0,25.375,0.0,26.5,0.0,26.5,0.0,25.5,10.0,0.0,0.0094,52.5655,5.2566,2.0,1000.6771,2.2001,0.6018,1.4293,0.6865,1.4385,0.0019,2.2212,0.0118,1.999,8.0,0.075,1.002,0.2638,2.6432,0.007,1.0699,0.0788,2.1184,0.0,0.0,0.0,29.9823,26.0,25.0,38.0,38.0,13.0,0.0,0.0,0.0,0.0,62.5851,0.0,47.1011,0.0,0.0
23042.0,1.7384,0.0923,1.0,0.08,1.2023,2.0552,1.0552,2.3102,1.3102,26.7541,2.0702,26.3907,2.0556,100.0,0.0,0.0,0.0,25.25,0.0,26.5,0.0,26.5,0.0,25.5,10.0,0.0,0.0105,52.5653,5.2565,2.0,1015.3399,2.2026,0.719,1.4421,0.6925,1.4392,0.0019,2.2232,0.0119,1.9999,8.0,0.0746,1.002,0.2413,2.6045,0.0062,1.0176,0.0776,2.112,0.0,0.0,0.0,29.983,26.0,25.0,38.0,37.0,13.0,0.0,0.0,0.0,0.0,62.5854,0.0,47.1008,0.0,0.0
23043.0,1.7383,0.0923,1.0,0.0801,1.2025,2.0553,1.0553,2.3106,1.3106,26.8368,2.0735,26.3726,2.0549,100.0,0.0,0.0,0.0,25.375,0.0,26.5,0.0,26.5,0.0,25.5,10.0,0.0,0.0106,52.5657,5.2566,2.0,1029.7695,2.2051,0.7182,1.442,0.693,1.4392,0.0019,2.2245,0.0119,2.0008,8.0,0.0729,1.0019,0.2273,2.5785,0.006,1.0032,0.0814,2.1327,0.0,0.0,0.0,29.9822,26.0,25.0,38.0,37.0,15.0,0.0,0.0,0.0,0.0,62.5858,0.0,47.1018,0.0,0.0
23044.0,1.7373,0.0922,1.0,0.0799,1.202,2.0557,1.0557,2.3107,1.3107,26.7854,2.0714,26.3654,2.0546,100.0,0.0,0.0,0.0,25.375,0.0,26.5,0.0,26.5,0.0,25.375,10.0,0.0,0.0112,52.5656,5.2565,2.0,1027.0383,2.2046,0.5993,1.429,0.6939,1.4393,0.002,2.2261,0.0119,2.002,8.0,0.0732,1.002,0.2108,2.5457,0.0055,0.9628,0.0892,2.1722,0.0,0.0,0.0,29.9828,26.0,25.0,38.0,37.0,14.0,0.0,0.0,0.0,0.0,62.5852,0.0,47.1015,0.0,0.0
23045.0,1.7381,0.0923,1.0,0.08,1.2022,2.0561,1.0561,2.3105,1.3105,26.6364,2.0655,26.3645,2.0546,100.0,0.0,0.0,0.0,25.375,0.0,26.5,0.0,26.5,0.0,25.375,10.0,0.0,0.0102,52.5659,5.2566,2.0,1036.2684,2.2062,0.6206,1.4313,0.6946,1.4394,0.002,2.2281,0.0119,2.0036,8.0,0.0709,1.0019,0.2415,2.6048,0.0057,0.9757,0.0748,2.0959,0.0,0.0,0.0,29.9826,26.0,25.0,38.0,37.0,14.0,0.0,0.0,0.0,0.0,62.5852,0.0,47.1015,0.0,0.0
23046.0,1.7389,0.0924,1.0,0.0799,1.202,2.0557,1.0557,2.31,1.31,26.5887,2.0635,26.3757,2.055,100.0,0.0,0.0,0.0,25.375,0.0,26.5,0.0,26.375,0.0,25.5,10.0,0.0,0.0106,52.5657,5.2565,2.0,1040.1128,2.2068,0.5541,1.4241,0.698,1.4398,0.002,2.2295,0.0119,2.0045,8.0,0.0737,1.002,0.198,2.5186,0.0066,1.0394,0.0739,2.0906,0.0,0.0,0.0,29.9824,26.0,25.0,38.0,38.0,14.0,0.0,0.0,0.0,0.0,62.5854,0.0,47.1016,0.0,0.0
23047.0,1.7404,0.0925,1.0,0.0799,1.202,2.0552,1.0552,2.3099,1.3099,26.7359,2.0694,26.3893,2.0556,100.0,0.0,0.0,0.0,25.375,0.0,26.5,0.0,26.625,0.0,25.375,10.0,0.0,0.0106,52.5656,5.2565,2.0,1046.9773,2.208,0.6192,1.4312,0.6945,1.4394,0.002,2.2311,0.0119,2.0051,8.0,0.0725,1.0019,0.2142,2.5526,0.0059,0.9939,0.0704,2.0692,0.0,0.0,0.0,29.9826,26.0,25.0,38.0,38.0,13.0,0.0,0.0,0.0,0.0,62.5858,0.0,47.1015,0.0,0.0
23048.0,1.7404,0.0926,1.0,0.08,1.2022,2.0553,1.0553,2.3105,1.3105,26.8461,2.0738,26.3794,2.0552,100.0,0.0,0.0,0.0,25.375,0.0,26.5,0.0,26.5,0.0,25.5,10.0,0.0,0.0106,52.5657,5.2566,2.0,1048.8787,2.2083,0.5256,1.421,0.6932,1.4393,0.002,2.2326,0.0119,2.006,8.0,0.0727,1.0019,0.2338,2.5907,0.0064,1.0249,0.0632,2.0228,0.0,0.0,0.0,29.9832,26.0,25.0,38.0,38.0,13.0,0.0,0.0,0.0,0.0,62.5851,0.0,47.1015,0.0,0.0
23049.0,1.7404,0.0926,1.0,0.0799,1.2021,2.0557,1.0557,2.3105,1.3105,26.7946,2.0718,26.3696,2.0548,100.0,0.0,0.0,0.0,25.375,0.0,26.5,0.0,26.5,0.0,25.5,10.0,0.0,0.0105,52.5658,5.2566,2.0,1054.7974,2.2093,0.6028,1.4294,0.6916,1.4391,0.002,2.234,0.0119,2.0067,8.0,0.0729,1.0019,0.2463,2.6133,0.006,0.9992,0.0632,2.0227,0.0,0.0,0.0,29.9829,26.0,25.0,38.0,38.0,15.0,0.0,0.0,0.0,0.0,62.5856,0.0,47.1018,0.0,0.0
23050.0,1.7412,0.0926,1.0,0.0799,1.2021,2.0559,1.0559,2.3107,1.3107,26.6901,2.0676,26.3655,2.0546,100.0,0.0,0.0,0.0,25.375,0.0,26.5,0.0,26.5,0.0,25.5,10.0,0.0,0.01,52.5657,5.2566,2.0,1065.3131,2.211,0.6469,1.4342,0.6977,1.4397,0.002,2.2356,0.012,2.0081,8.0,0.0742,1.002,0.1985,2.5196,0.0057,0.9758,0.0774,2.1108,0.0,0.0,0.0,29.9825,26.0,25.0,38.0,38.0,15.0,0.0,0.0,0.0,0.0,62.586,0.0,47.1015,0.0,0.0
23051.0,1.7415,0.0927,1.0,0.08,1.2023,2.0558,1.0558,2.31,1.31,26.5898,2.0636,26.3661,2.0546,100.0,0.0,0.0,0.0,25.375,0.0,26.375,0.0,26.5,0.0,25.375,10.0,0.0,0.0099,52.5658,5.2566,2.0,1071.129,2.2119,0.7232,1.4425,0.6808,1.4379,0.0021,2.237,0.012,2.009,8.0,0.0722,1.0019,0.2534,2.6257,0.0065,1.0318,0.077,2.1084,0.0,0.0,0.0,29.9826,26.0,25.0,38.0,38.0,13.0,0.0,0.0,0.0,0.0,62.5848,0.0,47.1013,0.0,0.0
23052.0,1.7414,0.0927,1.0,0.0799,1.2019,2.0553,1.0553,2.3102,1.3102,26.716,2.0686,26.3811,2.0552,100.0,0.0,0.0,0.0,25.375,0.0,26.5,0.0,26.5,0.0,25.5,10.0,0.0,0.0105,52.5659,5.2566,2.0,1091.6093,2.2152,0.7786,1.4486,0.6707,1.4368,0.0021,2.2388,0.012,2.0095,8.0,0.0733,1.002,0.2302,2.584,0.006,0.9966,0.0759,2.1021,0.0,0.0,0.0,29.9822,26.0,25.0,38.0,38.0,15.0,0.0,0.0,0.0,0.0,62.5845,0.0,47.1011,0.0,0.0
23053.0,1.7415,0.0927,1.0,0.0801,1.2025,2.0551,1.0551,2.3105,1.3105,26.8349,2.0734,26.3744,2.055,100.0,0.0,0.0,0.0,25.375,0.0,26.5,0.0,26.5,0.0,25.5,10.0,0.0,0.0108,52.5661,5.2566,2.0,1096.3899,2.216,0.7666,1.4473,0.6702,1.4367,0.0021,2.2401,0.012,2.0102,8.0,0.0692,1.0018,0.1845,2.4879,0.006,0.9999,0.0643,2.0302,0.0,0.0,0.0,29.9819,26.0,25.0,38.0,38.0,13.0,0.0,0.0,0.0,0.0,62.5849,0.0,47.1011,0.0,0.0
23054.0,1.7415,0.0927,1.0,0.08,1.2022,2.0556,1.0556,2.3108,1.3108,26.8088,2.0724,26.3673,2.0547,100.0,0.0,0.0,0.0,25.25,0.0,26.375,0.0,26.5,0.0,25.375,10.0,0.0,0.0104,52.5662,5.2566,2.0,1099.8215,2.2165,0.6843,1.4383,0.6645,1.4361,0.0021,2.2413,0.012,2.0112,8.0,0.0693,1.0018,0.198,2.5186,0.0059,0.996,0.0616,2.0116,0.0,0.0,0.0,29.9824,26.0,25.0,38.0,38.0,14.0,0.0,0.0,0.0,0.0,62.5848,0.0,47.1011,0.0,0.0
23055.0,1.7414,0.0927,1.0,0.0799,1.2019,2.0561,1.0561,2.3106,1.3106,26.7117,2.0685,26.3645,2.0546,100.0,0.0,0.0,0.0,25.375,0.0,26.5,0.0,26.5,0.0,25.375,10.0,0.0,0.0104,52.5658,5.2565,2.0,1104.0682,2.2172,0.6753,1.4373,0.6662,1.4363,0.0021,2.2429,0.012,2.0124,8.0,0.0694,1.0019,0.1873,2.4945,0.0063,1.0202,0.0668,2.0465,0.0,0.0,0.0,29.982,26.0,25.0,38.0,38.0,12.0,0.0,0.0,0.0,0.0,62.5849,0.0,47.1011,0.0,0.0
23056.0,1.7388,0.0924,1.0,0.0802,1.2027,2.0562,1.0562,2.3099,1.3099,26.5814,2.0633,26.3684,2.0547,100.0,0.0,0.0,0.0,25.375,0.0,26.5,0.0,26.5,0.0,25.5,10.0,0.0,0.0102,52.5657,5.2566,2.0,1111.9331,2.2184,0.6633,1.436,0.6637,1.436,0.0021,2.2445,0.012,2.0135,8.0,0.0702,1.0019,0.1797,2.4764,0.0069,1.0595,0.0666,2.0452,0.0,0.0,0.0,29.9823,26.0,25.0,38.0,38.0,13.0,0.0,0.0,0.0,0.0,62.5855,0.0,47.102,0.0,0.0
23057.0,1.7388,0.0924,1.0,0.08,1.2022,2.0557,1.0557,2.3099,1.3099,26.6663,2.0667,26.3866,2.0555,100.0,0.0,0.0,0.0,25.375,0.0,26.5,0.0,26.5,0.0,25.5,10.0,0.0,0.0103,52.5661,5.2566,2.0,1120.8997,2.2198,0.7401,1.4444,0.6664,1.4363,0.0021,2.2462,0.012,2.0143,8.0,0.0677,1.0018,0.1524,2.4048,0.0055,0.9624,0.0754,2.0994,0.0,0.0,0.0,29.9821,26.0,25.0,38.0,38.0,14.0,0.0,0.0,0.0,0.0,62.5853,0.0,47.101,0.0,0.0
23058.0,1.7401,0.0925,1.0,0.08,1.2023,2.0551,1.0551,2.3104,1.3104,26.8353,2.0734,26.3845,2.0554,100.0,0.0,0.0,0.0,25.375,0.0,26.5,0.0,26.375,0.0,25.375,10.0,0.0,0.0106,52.5659,5.2566,2.0,1130.5326,2.2213,0.6711,1.4368,0.6669,1.4364,0.0021,2.2477,0.012,2.0149,8.0,0.0667,1.0018,0.2551,2.6286,0.0055,0.9658,0.0727,2.0834,0.0,0.0,0.0,29.9824,26.0,25.0,38.0,38.0,13.0,0.0,0.0,0.0,0.0,62.5853,0.0,47.1012,0.0,0.0
23059.0,1.7394,0.0924,1.0,0.0798,1.2017,2.0555,1.0555,2.3107,1.3107,26.831,2.0732,26.3733,2.0549,100.0,0.0,0.0,0.0,25.375,0.0,26.375,0.0,26.5,0.0,25.5,10.0,0.0,0.0104,52.5658,5.2566,2.0,1131.1503,2.2214,0.5911,1.4281,0.6603,1.4357,0.0022,2.2489,0.012,2.0156,8.0,0.0666,1.0018,0.19,2.5005,0.0061,1.0054,0.0729,2.0844,0.0,0.0,0.0,29.9824,26.0,25.0,38.0,38.0,13.0,0.0,0.0,0.0,0.0,62.5852,0.0,47.1012,0.0,0.0
23060.0,1.7435,0.0929,1.0,0.0797,1.2015,2.0558,1.0558,2.3102,1.3102,26.7496,2.07,26.3661,2.0546,100.0,0.0,0.0,0.0,25.375,0.0,26.375,0.0,26.5,0.0,25.5,10.0,0.0,0.0104,52.566,5.2566,2.0,1133.6042,2.2218,0.5615,1.4249,0.6473,1.4343,0.0022,2.2501,0.0121,2.0165,8.0,0.0635,1.0017,0.2445,2.6101,0.0054,0.9539,0.0641,2.0284,0.0,0.0,0.0,29.9829,26.0,25.0,38.0,38.0,14.0,0.0,0.0,0.0,0.0,62.5857,0.0,47.1015,0.0,0.0
23061.0,1.7427,0.0928,1.0,0.0798,1.2018,2.0558,1.0558,2.3105,1.3105,26.6127,2.0645,26.352,2.0541,100.0,0.0,0.0,0.0,25.375,0.0,26.5,0.0,26.5,0.0,25.5,10.0,0.0,0.0101,52.5658,5.2566,2.0,1137.7378,2.2224,0.4837,1.4164,0.643,1.4338,0.0022,2.2518,0.0121,2.0177,8.0,0.0724,1.0019,0.1972,2.5168,0.0067,1.0476,0.0551,1.9632,0.0,0.0,0.0,29.9824,26.0,25.0,38.0,38.0,13.0,0.0,0.0,0.0,0.0,62.5852,0.0,47.1015,0.0,0.0
23062.0,1.7408,0.0926,1.0,0.08,1.2021,2.0555,1.0555,2.3103,1.3103,26.6282,2.0651,26.3701,2.0548,100.0,0.0,0.0,0.0,25.375,0.0,26.5,0.0,26.5,0.0,25.5,10.0,0.0,0.0105,52.5658,5.2566,2.0,1142.9353,2.2232,0.4698,1.4149,0.6337,1.4328,0.0022,2.253,0.0121,2.0184,8.0,0.0755,1.002,0.209,2.5421,0.0068,1.0518,0.0733,2.0871,0.0,0.0,0.0,29.9827,26.0,25.0,38.0,38.0,14.0,0.0,0.0,0.0,0.0,62.5855,0.0,47.1013,0.0,0.0
23063.0,1.7397,0.0925,1.0,0.0799,1.202,2.0552,1.0552,2.3103,1.3103,26.8071,2.0723,26.3813,2.0553,100.0,0.0,0.0,0.0,25.375,0.0,26.5,0.0,26.5,0.0,25.375,10.0,0.0,0.0105,52.5659,5.2566,2.0,1146.7582,2.2238,0.5825,1.4272,0.6227,1.4316,0.0022,2.2543,0.0121,2.0196,8.0,0.0735,1.002,0.1716,2.4564,0.0061,1.0037,0.0702,2.0682,0.0,0.0,0.0,29.9821,26.0,25.0,38.0,38.0,14.0,0.0,0.0,0.0,0.0,62.5849,0.0,47.1014,0.0,0.0
23064.0,1.7384,0.0923,1.0,0.0804,1.2033,2.0556,1.0556,2.3107,1.3107,26.8281,2.0731,26.3728,2.0549,100.0,0.0,0.0,0.0,25.375,0.0,26.5,0.0,26.375,0.0,25.5,10.0,0.0,0.0097,52.5661,5.2566,2.0,1164.5009,2.2265,0.627,1.432,0.6127,1.4305,0.0022,2.2558,0.0121,2.0207,8.0,0.0736,1.002,0.1835,2.4854,0.006,0.9971,0.0708,2.0721,0.0,0.0,0.0,29.9826,26.0,25.0,38.0,38.0,13.0,0.0,0.0,0.0,0.0,62.5851,0.0,47.1012,0.0,0.0
23065.0,1.739,0.0924,1.0,0.0801,1.2025,2.0562,1.0562,2.3105,1.3105,26.7326,2.0693,26.366,2.0546,100.0,0.0,0.0,0.0,25.375,0.0,26.5,0.0,26.5,0.0,25.625,10.0,0.0,0.0105,52.5661,5.2566,2.0,1172.1622,2.2276,0.6446,1.434,0.6183,1.4311,0.0022,2.2572,0.0121,2.0214,8.0,0.0735,1.002,0.1481,2.3923,0.006,0.998,0.0666,2.0452,0.0,0.0,0.0,29.9821,26.0,25.0,38.0,38.0,14.0,0.0,0.0,0.0,0.0,62.5849,0.0,47.101,0.0,0.0
23066.0,1.7404,0.0925,1.0,0.0802,1.2029,2.056,1.056,2.3101,1.3101,26.6334,2.0653,26.3627,2.0545,100.0,0.0,0.0,0.0,25.375,0.0,26.5,0.0,26.5,0.0,25.625,10.0,0.0,0.0103,52.566,5.2566,2.0,1174.5634,2.228,0.5243,1.4208,0.6106,1.4303,0.0023,2.2584,0.0121,2.0224,8.0,0.0768,1.002,0.1665,2.4433,0.0053,0.947,0.0624,2.017,0.0,0.0,0.0,29.9825,26.0,25.0,38.0,38.0,15.0,0.0,0.0,0.0,0.0,62.585,0.0,47.1011,0.0,0.0
23067.0,1.7404,0.0925,1.0,0.0801,1.2024,2.0552,1.0552,2.3103,1.3103,26.6291,2.0652,26.3702,2.0548,100.0,0.0,0.0,0.0,25.125,0.0,26.375,0.0,26.5,0.0,25.375,10.0,0.0,0.0098,52.5661,5.2566,2.0,1172.7109,2.2277,0.4883,1.4169,0.6124,1.4304,0.0023,2.26,0.0121,2.0235,8.0,0.0737,1.002,0.1332,2.3464,0.0058,0.9854,0.0573,1.9799,0.0,0.0,0.0,29.9822,26.0,25.0,38.0,38.0,16.0,0.0,0.0,0.0,0.0,62.5853,0.0,47.101,0.0,0.0
23068.0,1.74,0.0925,1.0,0.08,1.2022,2.0551,1.0551,2.3103,1.3103,26.8141,2.0726,26.3809,2.0552,100.0,0.0,0.0,0.0,25.375,0.0,26.375,0.0,26.5,0.0,25.5,10.0,0.0,0.0102,52.5656,5.2566,2.0,1184.4575,2.2294,0.5517,1.4238,0.6019,1.4293,0.0023,2.2615,0.0122,2.0247,8.0,0.0747,1.002,0.1375,2.3602,0.0065,1.0318,0.0563,1.972,0.0,0.0,0.0,29.9822,26.0,25.0,38.0,38.0,13.0,0.0,0.0,0.0,0.0,62.5847,0.0,47.1012,0.0,0.0
23069.0,1.7404,0.0925,1.0,0.08,1.2024,2.0558,1.0558,2.3104,1.3104,26.8397,2.0736,26.3833,2.0553,100.0,0.0,0.0,0.0,25.375,0.0,26.5,0.0,26.5,0.0,25.5,10.0,0.0,0.0101,52.5657,5.2566,2.0,1189.2823,2.2301,0.5283,1.4213,0.5978,1.4289,0.0023,2.2625,0.0122,2.0254,8.0,0.0732,1.002,0.1381,2.3621,0.0059,0.9924,0.0715,2.0764,0.0,0.0,0.0,29.9824,26.0,25.0,38.0,38.0,14.0,0.0,0.0,0.0,0.0,62.5844,0.0,47.1014,0.0,0.0
23070.0,1.7404,0.0925,1.0,0.0799,1.2021,2.0562,1.0562,2.3102,1.3102,26.7719,2.0709,26.373,2.0549,100.0,0.0,0.0,0.0,25.375,0.0,26.375,0.0,26.5,0.0,25.375,10.0,0.0,0.0101,52.5659,5.2566,2.0,1191.9606,2.2305,0.4792,1.4159,0.6025,1.4294,0.0023,2.2638,0.0122,2.0261,8.0,0.0719,1.0019,0.1235,2.3136,0.0056,0.968,0.0702,2.0681,0.0,0.0,0.0,29.9821,26.0,25.0,38.0,38.0,13.0,0.0,0.0,0.0,0.0,62.5842,0.0,47.1012,0.0,0.0
23071.0,1.7379,0.0922,1.0,0.08,1.2023,2.0562,1.0562,2.3101,1.3101,26.6454,2.0658,26.3629,2.0545,100.0,0.0,0.0,0.0,25.25,0.0,26.375,0.0,26.5,0.0,25.375,10.0,0.0,0.0102,52.5659,5.2566,2.0,1200.4894,2.2317,0.5769,1.4266,0.5901,1.428,0.0023,2.2649,0.0122,2.0272,8.0,0.0687,1.0018,0.1345,2.3506,0.0062,1.014,0.0648,2.0333,0.0,0.0,0.0,29.9823,26.0,25.0,38.0,38.0,14.0,0.0,0.0,0.0,0.0,62.5849,0.0,47.101,0.0,0.0
23072.0,1.7414,0.0927,1.0,0.0801,1.2025,2.0558,1.0558,2.3099,1.3099,26.5996,2.064,26.3732,2.0549,100.0,0.0,0.0,0.0,25.25,0.0,26.625,0.0,26.5,0.0,25.375,10.0,0.0,0.0104,52.5661,5.2567,2.0,1213.1617,2.2336,0.6348,1.4329,0.5906,1.4281,0.0023,2.266,0.0122,2.0279,8.0,0.0646,1.0017,0.1133,2.2763,0.0064,1.0313,0.0596,1.9971,0.0,0.0,0.0,29.9822,26.0,25.0,38.0,38.0,12.0,0.0,0.0,0.0,0.0,62.5855,0.0,47.1014,0.0,0.0
23073.0,1.7456,0.0932,1.0,0.0798,1.2018,2.0552,1.0552,2.3098,1.3098,26.7304,2.0692,26.3874,2.0555,100.0,0.0,0.0,0.0,25.375,0.0,26.375,0.0,26.5,0.0,25.5,10.0,0.0,0.0098,52.566,5.2566,2.0,1216.6866,2.2341,0.5653,1.4253,0.596,1.4287,0.0023,2.2674,0.0122,2.0289,8.0,0.0665,1.0018,0.1141,2.2793,0.0059,0.9911,0.0605,2.0037,0.0,0.0,0.0,29.9824,26.0,25.0,38.0,38.0,14.0,0.0,0.0,0.0,0.0,62.5854,0.0,47.1014,0.0,0.0
23074.0,1.7466,0.0933,1.0,0.08,1.2023,2.0554,1.0554,2.3103,1.3103,26.8445,2.0738,26.376,2.055,100.0,0.0,0.0,0.0,25.375,0.0,26.5,0.0,26.5,0.0,25.375,10.0,0.0,0.0103,52.5659,5.2566,2.0,1217.2144,2.2341,0.4743,1.4154,0.5966,1.4287,0.0024,2.2694,0.0122,2.03,8.0,0.0699,1.0019,0.1035,2.2367,0.0064,1.0308,0.0562,1.9717,0.0,0.0,0.0,29.9824,26.0,25.0,38.0,38.0,14.0,0.0,0.0,0.0,0.0,62.5853,0.0,47.1015,0.0,0.0
23075.0,1.7477,0.0935,1.0,0.0798,1.2017,2.0558,1.0558,2.3103,1.3103,26.7759,2.071,26.3666,2.0547,100.0,0.0,0.0,0.0,25.375,0.0,26.5,0.0,26.5,0.0,25.375,10.0,0.0,0.0105,52.5659,5.2566,2.0,1221.8507,2.2348,0.4167,1.4091,0.5849,1.4274,0.0024,2.2703,0.0122,2.0307,8.0,0.0707,1.0019,0.098,2.2131,0.0056,0.9714,0.0642,2.0292,0.0,0.0,0.0,29.9827,26.0,25.0,38.0,37.0,13.0,0.0,0.0,0.0,0.0,62.5852,0.0,47.1017,0.0,0.0
23076.0,1.7477,0.0935,1.0,0.08,1.2023,2.0559,1.0559,2.3102,1.3102,26.6545,2.0662,26.3612,2.0544,100.0,0.0,0.0,0.0,25.5,0.0,26.5,0.0,26.5,0.0,25.375,10.0,0.0,0.0103,52.5656,5.2566,2.0,1225.6699,2.2353,0.4473,1.4124,0.5826,1.4272,0.0024,2.2716,0.0122,2.0318,8.0,0.0699,1.0019,0.0782,2.115,0.0064,1.0302,0.0651,2.0356,0.0,0.0,0.0,29.9825,26.0,25.0,38.0,37.0,13.0,0.0,0.0,0.0,0.0,62.585,0.0,47.1015,0.0,0.0
23077.0,1.7428,0.0928,1.0,0.0799,1.2019,2.056,1.056,2.3099,1.3099,26.5822,2.0633,26.371,2.0548,100.0,0.0,0.0,0.0,25.25,0.0,26.5,0.0,26.5,0.0,25.375,10.0,0.0,0.0103,52.5659,5.2566,2.0,1232.6252,2.2363,0.5162,1.4199,0.583,1.4272,0.0024,2.2729,0.0122,2.0324,8.0,0.0708,1.0019,0.0974,2.2104,0.0065,1.0364,0.0597,1.9976,0.0,0.0,0.0,29.9822,26.0,25.0,38.0,37.0,14.0,0.0,0.0,0.0,0.0,62.5853,0.0,47.1009,0.0,0.0
23078.0,1.7414,0.0927,1.0,0.0801,1.2025,2.0553,1.0553,2.3098,1.3098,26.7479,2.0699,26.3906,2.0556,100.0,0.0,0.0,0.0,25.375,0.0,26.375,0.0,26.5,0.0,25.375,10.0,0.0,0.0101,52.5658,5.2566,2.0,1245.1666,2.2381,0.5382,1.4224,0.5824,1.4272,0.0024,2.2745,0.0123,2.0336,8.0,0.0743,1.002,0.169,2.4497,0.0057,0.9768,0.0768,2.107,0.0,0.0,0.0,29.9821,26.0,25.0,38.0,37.0,15.0,0.0,0.0,0.0,0.0,62.5854,0.0,47.102,0.0,0.0
23079.0,1.7414,0.0927,1.0,0.08,1.2022,2.0552,1.0552,2.3102,1.3102,26.8489,2.074,26.3801,2.0552,100.0,0.0,0.0,0.0,25.25,0.0,26.375,0.0,26.5,0.0,25.375,10.0,0.0,0.0098,52.5662,5.2566,2.0,1260.6112,2.2402,0.7421,1.4446,0.581,1.427,0.0024,2.2757,0.0123,2.0343,8.0,0.073,1.0019,0.1219,2.3077,0.0062,1.0125,0.0725,2.0824,0.0,0.0,0.0,29.9822,26.0,25.0,38.0,38.0,14.0,0.0,0.0,0.0,0.0,62.5854,0.0,47.1014,0.0,0.0
23080.0,1.7423,0.0928,1.0,0.0799,1.2019,2.056,1.056,2.3103,1.3103,26.8029,2.0721,26.368,2.0547,100.0,0.0,0.0,0.0,25.25,0.0,26.375,0.0,26.5,0.0,25.5,10.0,0.0,0.0104,52.566,5.2566,2.0,1273.8307,2.242,0.7343,1.4437,0.5782,1.4267,0.0024,2.2771,0.0123,2.035,8.0,0.0749,1.002,0.1275,2.3273,0.006,0.9969,0.0633,2.023,0.0,0.0,0.0,29.9824,26.0,25.0,38.0,38.0,14.0,0.0,0.0,0.0,0.0,62.5851,0.0,47.1014,0.0,0.0
23081.0,1.7406,0.0926,1.0,0.0803,1.2032,2.0563,1.0563,2.3102,1.3102,26.679,2.0672,26.3646,2.0546,100.0,0.0,0.0,0.0,25.375,0.0,26.375,0.0,26.5,0.0,25.5,10.0,0.0,0.0104,52.566,5.2566,2.0,1279.9574,2.2429,0.6951,1.4395,0.5875,1.4277,0.0025,2.2786,0.0123,2.0363,8.0,0.0747,1.002,0.1063,2.2485,0.0062,1.0121,0.0548,1.9606,0.0,0.0,0.0,29.982,26.0,25.0,38.0,38.0,14.0,0.0,0.0,0.0,0.0,62.585,0.0,47.1009,0.0,0.0
23082.0,1.7406,0.0926,1.0,0.0804,1.2033,2.0558,1.0558,2.3104,1.3104,26.5851,2.0634,26.3606,2.0544,100.0,0.0,0.0,0.0,25.375,0.0,26.375,0.0,26.5,0.0,25.5,10.0,0.0,0.0101,52.5664,5.2567,2.0,1284.9172,2.2436,0.6347,1.4329,0.5859,1.4276,0.0025,2.2797,0.0123,2.0372,8.0,0.0746,1.002,0.1353,2.3533,0.0057,0.9812,0.0595,1.9965,0.0,0.0,0.0,29.9826,26.0,25.0,38.0,38.0,15.0,0.0,0.0,0.0,0.0,62.5852,0.0,47.1012,0.0,0.0
23083.0,1.7383,0.0923,1.0,0.08,1.2023,2.0552,1.0552,2.3101,1.3101,26.6652,2.0666,26.3752,2.055,100.0,0.0,0.0,0.0,25.25,0.0,26.375,0.0,26.5,0.0,25.375,10.0,0.0,0.0104,52.5662,5.2566,2.0,1285.6635,2.2437,0.523,1.4207,0.5792,1.4268,0.0025,2.2805,0.0123,2.0376,8.0,0.0672,1.0018,0.12,2.3011,0.0056,0.9726,0.059,1.9928,0.0,0.0,0.0,29.9823,26.0,25.0,38.0,38.0,14.0,0.0,0.0,0.0,0.0,62.5853,0.0,47.101,0.0,0.0
23084.0,1.739,0.0924,1.0,0.0798,1.2016,2.0554,1.0554,2.3101,1.3101,26.8333,2.0733,26.3862,2.0554,100.0,0.0,0.0,0.0,25.375,0.0,26.5,0.0,26.375,0.0,25.5,10.0,0.0,0.0101,52.5663,5.2566,2.0,1285.3352,2.2436,0.506,1.4188,0.5778,1.4267,0.0025,2.2819,0.0123,2.039,8.0,0.0672,1.0018,0.1171,2.2903,0.0062,1.0168,0.0501,1.9215,0.0,0.0,0.0,29.9828,26.0,25.0,38.0,38.0,15.0,0.0,0.0,0.0,0.0,62.585,16.0,47.128,0.0,0.0
23085.0,1.7385,0.0923,1.0,0.0795,1.201,2.0561,1.0561,2.3103,1.3103,26.8034,2.0721,26.3689,2.0548,100.0,0.0,0.0,0.0,25.25,0.0,26.375,0.0,26.375,0.0,25.5,10.0,0.0,0.0104,52.5662,5.2566,2.0,1303.2745,2.246,0.6285,1.4322,0.5703,1.4258,0.0025,2.2834,0.0123,2.0399,8.0,0.0653,1.0017,0.1068,2.2504,0.0062,1.0107,0.0677,2.0524,0.0,0.0,0.0,29.9821,26.0,25.0,38.0,38.0,14.0,0.0,0.0,0.0,0.0,62.5848,16.0,47.3022,0.0,0.0
23086.0,1.7383,0.0923,1.0,0.0799,1.2021,2.0559,1.0559,2.3102,1.3102,26.7221,2.0689,26.3647,2.0546,100.0,0.0,0.0,0.0,25.25,0.0,26.5,0.0,26.5,0.0,25.5,10.0,0.0,0.0101,52.566,5.2566,2.0,1313.3441,2.2474,0.6996,1.44,0.5679,1.4256,0.0025,2.2845,0.0123,2.0404,8.0,0.0671,1.0018,0.1141,2.2791,0.0053,0.9446,0.0692,2.0617,0.0,0.0,0.0,29.9825,26.0,25.0,38.0,38.0,14.0,0.0,0.0,0.0,0.0,62.5851,0.0,47.469,0.0,0.0
23087.0,1.7376,0.0922,1.0,0.0801,1.2025,2.0558,1.0558,2.31,1.31,26.6018,2.0641,26.3639,2.0546,100.0,0.0,0.0,0.0,25.375,0.0,26.375,0.0,26.5,0.0,25.375,10.0,0.0,0.0104,52.5666,5.2567,2.0,1328.7332,2.2494,0.7572,1.4462,0.5739,1.4262,0.0025,2.286,0.0124,2.0418,8.0,0.0707,1.0019,0.0853,2.153,0.0064,1.0295,0.0587,1.9904,0.0,0.0,0.0,29.9819,26.0,25.0,38.0,38.0,13.0,0.0,0.0,0.0,0.0,62.5849,0.0,47.4903,0.0,0.0
23088.0,1.7377,0.0922,1.0,0.08,1.2022,2.0554,1.0554,2.3096,1.3096,26.6564,2.0663,26.3825,2.0553,100.0,0.0,0.0,0.0,25.375,0.0,26.5,0.0,26.5,0.0,25.375,10.0,0.0,0.01,52.5661,5.2566,2.0,1339.1097,2.2507,0.8171,1.4528,0.5814,1.4271,0.0025,2.2873,0.0124,2.0428,8.0,0.0703,1.0019,0.1013,2.2273,0.0054,0.9557,0.063,2.0213,0.0,0.0,0.0,29.9817,26.0,25.0,38.0,37.0,16.0,0.0,0.0,0.0,0.0,62.5852,0.0,47.4907,0.0,0.0
23089.0,1.7373,0.0922,1.0,0.0799,1.2021,2.0553,1.0553,2.3099,1.3099,26.8129,2.0725,26.3873,2.0555,100.0,0.0,0.0,0.0,25.375,0.0,26.375,0.0,26.375,0.0,25.375,10.0,0.0,0.0108,52.5661,5.2566,2.0,1353.2229,2.2525,0.7727,1.4479,0.5879,1.4278,0.0026,2.2887,0.0124,2.0444,8.0,0.0727,1.0019,0.0835,2.1435,0.0058,0.983,0.0549,1.9612,0.0,0.0,0.0,29.9825,26.0,25.0,38.0,37.0,13.0,0.0,0.0,0.0,0.0,62.5852,0.0,47.4912,0.0,0.0
23090.0,1.7373,0.0922,1.0,0.0801,1.2026,2.0557,1.0557,2.3107,1.3107,26.8134,2.0725,26.3702,2.0548,100.0,0.0,0.0,0.0,25.375,0.0,26.5,0.0,26.375,0.0,25.5,10.0,0.0,0.0103,52.566,5.2566,2.0,1358.9609,2.2533,0.7483,1.4453,0.5854,1.4275,0.0026,2.2904,0.0124,2.0457,8.0,0.0745,1.002,0.0966,2.207,0.0068,1.0527,0.0562,1.9716,0.0,0.0,0.0,29.9825,26.0,25.0,38.0,37.0,15.0,0.0,0.0,0.0,0.0,62.5849,0.0,47.491,0.0,0.0
23091.0,1.7376,0.0922,1.0,0.0802,1.2029,2.0558,1.0558,2.3106,1.3106,26.7237,2.0689,26.3665,2.0547,100.0,0.0,0.0,0.0,25.375,0.0,26.625,0.0,26.375,0.0,25.5,10.0,0.0,0.0107,52.5663,5.2566,2.0,1365.6169,2.2541,0.6401,1.4335,0.5786,1.4268,0.0026,2.2916,0.0124,2.0463,8.0,0.0757,1.002,0.0682,2.0558,0.0063,1.0199,0.0595,1.9961,0.0,0.0,0.0,29.9822,26.0,25.0,38.0,37.0,15.0,0.0,0.0,0.0,0.0,62.5853,0.0,47.491,0.0,0.0
23092.0,1.739,0.0924,1.0,0.08,1.2023,2.0558,1.0558,2.3104,1.3104,26.599,2.064,26.3623,2.0545,100.0,0.0,0.0,0.0,25.375,0.0,26.5,0.0,26.5,0.0,25.375,10.0,0.0,0.0107,52.5665,5.2566,2.0,1371.72,2.2549,0.6017,1.4293,0.5748,1.4263,0.0026,2.2928,0.0124,2.047,8.0,0.0722,1.0019,0.0745,2.0942,0.0058,0.9882,0.0708,2.0718,0.0,0.0,0.0,29.9823,26.0,25.0,38.0,38.0,15.0,0.0,0.0,0.0,0.0,62.5854,0.0,47.4909,0.0,0.0
23093.0,1.738,0.0923,1.0,0.0801,1.2026,2.0556,1.0556,2.3099,1.3099,26.6628,2.0665,26.3821,2.0553,100.0,0.0,0.0,0.0,25.375,0.0,26.5,0.0,26.375,0.0,25.375,10.0,0.0,0.0098,52.5663,5.2566,2.0,1373.6962,2.2552,0.6184,1.4311,0.5748,1.4263,0.0026,2.2938,0.0124,2.0485,8.0,0.0696,1.0019,0.0719,2.0786,0.0057,0.9789,0.0612,2.0084,0.0,0.0,0.0,29.9823,26.0,25.0,38.0,38.0,15.0,0.0,0.0,0.0,0.0,62.5858,0.0,47.4913,0.0,0.0
23094.0,1.7382,0.0923,1.0,0.0798,1.2016,2.0551,1.0551,2.3099,1.3099,26.8144,2.0726,26.3898,2.0556,100.0,0.0,0.0,0.0,25.25,0.0,26.375,0.0,26.375,0.0,25.5,10.0,0.0,-0.0138,52.5661,5.2566,2.0,1387.8539,2.2569,0.6578,1.4354,0.5963,1.4287,0.0026,2.2953,0.0124,2.0499,8.0,0.0655,1.0017,0.0728,2.0842,0.0063,1.024,0.0663,2.0432,0.0,0.0,0.0,29.9823,26.0,25.0,38.0,38.0,13.0,0.0,0.0,0.0,0.0,62.5851,0.0,47.4908,0.0,0.0
23095.0,1.7392,0.0924,1.0,0.0798,1.2018,2.0556,1.0556,2.3103,1.3103,26.8418,2.0737,26.3754,2.055,100.0,0.0,0.0,0.0,25.375,0.0,26.5,0.0,26.5,0.0,25.5,10.0,0.0,0.0108,52.566,5.2566,2.0,1401.9113,2.2587,0.7897,1.4498,0.641,1.4336,0.0027,2.2973,0.0125,2.0514,8.0,0.0699,1.0019,0.0715,2.0761,0.0063,1.0193,0.0684,2.0572,0.0,0.0,0.0,29.9821,26.0,25.0,38.0,38.0,14.0,0.0,0.0,0.0,0.0,62.5851,0.0,47.4907,0.0,0.0
23096.0,1.7383,0.0923,1.0,0.08,1.2021,2.0562,1.0562,2.3105,1.3105,26.7571,2.0703,26.3657,2.0546,100.0,0.0,0.0,0.0,25.375,0.0,26.375,0.0,26.5,0.0,25.5,10.0,0.0,0.0098,52.5663,5.2567,2.0,1416.5115,2.2605,0.8253,1.4537,0.6832,1.4382,0.0027,2.2995,0.0125,2.0532,8.0,0.0746,1.002,0.0734,2.0873,0.006,1.0008,0.0698,2.0657,0.0,0.0,0.0,29.9823,26.0,25.0,38.0,38.0,15.0,0.0,0.0,0.0,0.0,62.5854,0.0,47.4912,0.0,0.0
23097.0,1.7383,0.0923,1.0,0.0804,1.2032,2.0559,1.0559,2.3105,1.3105,26.6093,2.0644,26.3608,2.0544,100.0,0.0,0.0,0.0,25.375,0.0,26.375,0.0,26.5,0.0,25.375,10.0,0.0,0.01,52.5663,5.2566,2.0,1432.9579,2.2625,0.7956,1.4504,0.725,1.4427,0.0027,2.302,0.0125,2.0556,8.0,0.0771,1.0021,0.1062,2.2478,0.0059,0.9914,0.0666,2.0451,0.0,0.0,0.0,29.9823,26.0,25.0,38.0,38.0,13.0,0.0,0.0,0.0,0.0,62.5848,0.0,47.4911,0.0,0.0
23098.0,1.7393,0.0924,1.0,0.0802,1.2028,2.0558,1.0558,2.3099,1.3099,26.6152,2.0646,26.3799,2.0552,100.0,0.0,0.0,0.0,25.375,0.0,26.5,0.0,26.375,0.0,25.5,10.0,0.0,0.0102,52.5667,5.2567,2.0,1443.5697,2.2638,0.7659,1.4472,0.7542,1.4459,0.0027,2.304,0.0125,2.057,8.0,0.0747,1.002,0.1234,2.3131,0.0064,1.0284,0.0628,2.02,0.0,0.0,0.0,29.9821,26.0,25.0,38.0,38.0,14.0,0.0,0.0,0.0,0.0,62.5854,0.0,47.4908,0.0,0.0
23099.0,1.7407,0.0926,1.0,0.0799,1.202,2.0556,1.0556,2.3099,1.3099,26.7646,2.0706,26.3913,2.0557,100.0,0.0,0.0,0.0,25.375,0.0,26.5,0.0,26.5,0.0,25.5,10.0,0.0,0.0103,52.5663,5.2566,2.0,1443.5004,2.2638,0.7252,1.4427,0.7719,1.4478,0.0028,2.3057,0.0126,2.0591,8.0,0.0769,1.0021,0.1309,2.3389,0.0059,0.9922,0.0654,2.0371,0.0,0.0,0.0,29.9822,26.0,25.0,38.0,38.0,16.0,0.0,0.0,0.0,0.0,62.5854,0.0,47.4909,0.0,0.0
23100.0,1.7426,0.0928,1.0,0.08,1.2021,2.0553,1.0553,2.3103,1.3103,26.8458,2.0738,26.3777,2.0551,100.0,0.0,0.0,0.0,25.375,0.0,26.5,0.0,26.625,0.0,25.5,10.0,0.0,0.0104,52.566,5.2566,2.0,1453.3444,2.2649,0.6307,1.4324,0.7938,1.4502,0.0028,2.3076,0.0126,2.0608,8.0,0.0707,1.0019,0.1198,2.3003,0.0063,1.0224,0.0514,1.933,0.0,0.0,0.0,29.982,26.0,25.0,38.0,38.0,15.0,0.0,0.0,0.0,0.0,62.5847,0.0,47.491,0.0,0.0
23101.0,1.739,0.0924,1.0,0.08,1.2023,2.0558,1.0558,2.3106,1.3106,26.7591,2.0704,26.3656,2.0546,100.0,0.0,0.0,0.0,25.25,0.0,26.5,0.0,26.375,0.0,25.375,10.0,0.0,0.0104,52.5662,5.2566,2.0,1459.8915,2.2657,0.7145,1.4416,0.8163,1.4527,0.0028,2.3103,0.0126,2.0629,8.0,0.0705,1.0019,0.1096,2.2616,0.006,1.0001,0.0602,2.0016,0.0,0.0,0.0,29.9827,26.0,25.0,38.0,38.0,12.0,0.0,0.0,0.0,0.0,62.5855,0.0,47.4913,0.0,0.0
23102.0,1.743,0.0929,1.0,0.0799,1.2021,2.0559,1.0559,2.3101,1.3101,26.6353,2.0654,26.3616,2.0545,100.0,0.0,0.0,0.0,25.375,0.0,26.5,0.0,26.375,0.0,25.375,10.0,0.0,0.0106,52.5666,5.2567,2.0,1477.892,2.2679,0.7277,1.443,0.8248,1.4536,0.0028,2.3123,0.0126,2.0646,8.0,0.0675,1.0018,0.0851,2.1517,0.006,1.0032,0.0554,1.9657,0.0,0.0,0.0,29.9825,26.0,25.0,38.0,38.0,14.0,0.0,0.0,0.0,0.0,62.5856,0.0,47.4912,0.0,0.0
23103.0,1.7491,0.0936,1.0,0.0799,1.2019,2.0557,1.0557,2.3099,1.3099,26.6169,2.0647,26.3754,2.055,100.0,0.0,0.0,0.0,25.375,0.0,26.625,0.0,26.375,0.0,25.375,10.0,0.0,0.0103,52.5667,5.2567,2.0,1483.4254,2.2685,0.7062,1.4407,0.8332,1.4545,0.0029,2.3142,0.0126,2.0662,8.0,0.0647,1.0017,0.0929,2.19,0.0066,1.0436,0.0491,1.9127,0.0,0.0,0.0,29.9825,26.0,25.0,38.0,38.0,12.0,0.0,0.0,0.0,0.0,62.5853,0.0,47.491,0.0,0.0
23104.0,1.7508,0.0938,1.0,0.08,1.2022,2.0552,1.0552,2.3099,1.3099,26.7654,2.0706,26.3827,2.0553,100.0,0.0,0.0,0.0,25.375,0.0,26.625,0.0,26.5,0.0,25.5,10.0,0.0,0.0096,52.5663,5.2566,2.0,1504.0613,2.2709,0.7399,1.4444,0.8375,1.455,0.0029,2.3163,0.0127,2.069,8.0,0.071,1.0019,0.0872,2.1622,0.0062,1.0135,0.0621,2.0149,0.0,0.0,0.0,29.9826,26.0,25.0,38.0,38.0,13.0,0.0,0.0,0.0,0.0,62.5852,0.0,47.4909,0.0,0.0
23105.0,1.7507,0.0938,1.0,0.0801,1.2026,2.0551,1.0551,2.3105,1.3105,26.8477,2.0739,26.3692,2.0548,100.0,0.0,0.0,0.0,25.375,0.0,26.375,0.0,26.5,0.0,25.5,10.0,0.0,0.0103,52.5663,5.2566,2.0,1507.8125,2.2713,0.7126,1.4414,0.8338,1.4546,0.0029,2.318,0.0127,2.0702,8.0,0.0739,1.002,0.0833,2.1424,0.0066,1.0424,0.0657,2.0397,0.0,0.0,0.0,29.9823,26.0,25.0,38.0,38.0,12.0,0.0,0.0,0.0,0.0,62.585,0.0,47.4905,0.0,0.0
23106.0,1.7509,0.0939,1.0,0.0802,1.2027,2.0555,1.0555,2.3103,1.3103,26.7975,2.0719,26.3639,2.0546,100.0,0.0,0.0,0.0,25.25,0.0,26.5,0.0,26.375,0.0,25.5,10.0,0.0,0.0104,52.5664,5.2567,2.0,1514.4658,2.2721,0.7244,1.4427,0.8283,1.454,0.0029,2.3196,0.0127,2.0723,8.0,0.0725,1.0019,0.1564,2.4161,0.0058,0.9889,0.0853,2.1527,0.0,0.0,0.0,29.9818,26.0,25.0,38.0,38.0,14.0,0.0,0.0,0.0,0.0,62.5852,0.0,47.4906,0.0,0.0
23107.0,1.746,0.0933,1.0,0.0802,1.2027,2.0561,1.0561,2.3102,1.3102,26.6813,2.0673,26.364,2.0546,100.0,0.0,0.0,0.0,25.375,0.0,26.5,0.0,26.5,0.0,25.5,10.0,0.0,0.011,52.5668,5.2567,2.0,1533.6631,2.2743,0.7538,1.4459,0.8228,1.4534,0.003,2.3214,0.0127,2.0741,8.0,0.0783,1.0021,0.1663,2.4426,0.0058,0.9838,0.0878,2.1652,0.0,0.0,0.0,29.982,26.0,25.0,38.0,38.0,13.0,0.0,0.0,0.0,0.0,62.5851,0.0,47.4907,0.0,0.0
23108.0,1.7452,0.0932,1.0,0.0799,1.2021,2.0559,1.0559,2.31,1.31,26.59,2.0636,26.3678,2.0547,100.0,0.0,0.0,0.0,25.375,0.0,26.5,0.0,26.5,0.0,25.5,10.0,0.0,0.0099,52.5666,5.2567,2.0,1543.8337,2.2754,0.7274,1.443,0.8184,1.4529,0.003,2.3233,0.0128,2.0757,8.0,0.0752,1.002,0.1295,2.3342,0.0061,1.0058,0.0744,2.0932,0.0,0.0,0.0,29.9819,26.0,25.0,38.0,38.0,14.0,0.0,0.0,0.0,0.0,62.585,0.0,47.4909,0.0,0.0
23109.0,1.7446,0.0931,1.0,0.0801,1.2024,2.0549,1.0549,2.3103,1.3103,26.7291,2.0692,26.3777,2.0551,100.0,0.0,0.0,0.0,25.375,0.0,26.5,0.0,26.375,0.0,25.5,10.0,0.0,0.0105,52.5666,5.2566,2.0,1560.6337,2.2773,0.8469,1.456,0.809,1.4519,0.003,2.3253,0.0128,2.078,8.0,0.071,1.0019,0.133,2.3458,0.0061,1.0075,0.0694,2.0631,0.0,0.0,0.0,29.982,26.0,25.0,38.0,38.0,15.0,0.0,0.0,0.0,0.0,62.5852,0.0,47.4904,0.0,0.0
23110.0,1.7419,0.0927,1.0,0.08,1.2021,2.0548,1.0548,2.3105,1.3105,26.8551,2.0742,26.3705,2.0548,100.0,0.0,0.0,0.0,25.25,0.0,26.375,0.0,26.5,0.0,25.5,10.0,0.0,0.0102,52.5667,5.2567,2.0,1578.2184,2.2793,0.8325,1.4545,0.7968,1.4506,0.003,2.327,0.0128,2.0796,8.0,0.0699,1.0019,0.144,2.3802,0.0056,0.9725,0.0709,2.0725,0.0,0.0,0.0,29.9823,26.0,25.0,38.0,38.0,14.0,0.0,0.0,0.0,0.0,62.5853,0.0,47.4908,0.0,0.0
23111.0,1.7409,0.0926,1.0,0.0803,1.203,2.0559,1.0559,2.3103,1.3103,26.8129,2.0725,26.3699,2.0548,100.0,0.0,0.0,0.0,25.375,0.0,26.5,0.0,26.5,0.0,25.5,10.0,0.0,0.0105,52.5668,5.2567,2.0,1584.1101,2.2799,0.8058,1.4515,0.7971,1.4506,0.003,2.3287,0.0128,2.0811,8.0,0.0678,1.0018,0.1996,2.5219,0.0059,0.9938,0.0636,2.0255,0.0,0.0,0.0,29.9821,26.0,25.0,38.0,38.0,13.0,0.0,0.0,0.0,0.0,62.5855,0.0,47.4911,0.0,0.0
23112.0,1.7423,0.0928,1.0,0.0799,1.2019,2.0562,1.0562,2.3101,1.3101,26.6685,2.0667,26.3732,2.0549,100.0,0.0,0.0,0.0,25.375,0.0,26.5,0.0,26.5,0.0,25.5,10.0,0.0,0.0101,52.5669,5.2567,2.0,1597.9825,2.2814,0.7327,1.4436,0.7946,1.4503,0.0031,2.3308,0.0128,2.0831,8.0,0.0678,1.0018,0.1497,2.3971,0.0059,0.9924,0.0847,2.15,0.0,0.0,0.0,29.9821,26.0,25.0,38.0,38.0,14.0,0.0,0.0,0.0,0.0,62.5853,0.0,47.4913,0.0,0.0
23113.0,1.7414,0.0927,1.0,0.0799,1.202,2.0558,1.0558,2.3099,1.3099,26.5904,2.0636,26.3699,2.0548,100.0,0.0,0.0,0.0,25.375,0.0,26.5,0.0,26.5,0.0,25.5,10.0,0.0,0.0107,52.5666,5.2567,2.0,1605.1879,2.2822,0.6568,1.4353,0.7991,1.4508,0.0031,2.3327,0.0129,2.0854,8.0,0.0656,1.0017,0.1615,2.4301,0.0062,1.0136,0.0849,2.1507,0.0,0.0,0.0,29.982,26.0,25.0,38.0,38.0,15.0,0.0,0.0,0.0,0.0,62.5853,0.0,47.4907,0.0,0.0
23114.0,1.7424,0.0928,1.0,0.0798,1.2018,2.0553,1.0553,2.3098,1.3098,26.7017,2.0681,26.3868,2.0555,100.0,0.0,0.0,0.0,25.375,0.0,26.375,0.0,26.5,0.0,25.5,10.0,0.0,0.0107,52.5666,5.2567,2.0,1601.7571,2.2818,0.4752,1.4155,0.7972,1.4506,0.0031,2.3344,0.0129,2.0871,8.0,0.0653,1.0017,0.1442,2.3809,0.0059,0.9912,0.0842,2.1471,0.0,0.0,0.0,29.9818,26.0,25.0,38.0,38.0,13.0,0.0,0.0,0.0,0.0,62.5854,0.0,47.4908,0.0,0.0
23115.0,1.7444,0.093,1.0,0.08,1.2023,2.0551,1.0551,2.3101,1.3101,26.8423,2.0737,26.3828,2.0553,100.0,0.0,0.0,0.0,25.375,0.0,26.5,0.0,26.625,0.0,25.375,10.0,0.0,0.0105,52.5667,5.2567,2.0,1608.3082,2.2825,0.6351,1.4329,0.7873,1.4495,0.0031,2.3362,0.0129,2.0892,8.0,0.0735,1.002,0.1593,2.424,0.006,1.0015,0.0759,2.102,0.0,0.0,0.0,29.9822,26.0,25.0,38.0,38.0,15.0,0.0,0.0,0.0,0.0,62.5847,0.0,47.4909,0.0,0.0
23116.0,1.7495,0.0937,1.0,0.08,1.2022,2.0556,1.0556,2.3103,1.3103,26.8193,2.0728,26.3698,2.0548,100.0,0.0,0.0,0.0,25.375,0.0,26.5,0.0,26.5,0.0,25.375,10.0,0.0,0.01,52.5669,5.2567,2.0,1629.8333,2.2849,0.6885,1.4387,0.7898,1.4498,0.0032,2.338,0.0129,2.0908,8.0,0.0725,1.0019,0.117,2.2899,0.006,0.9976,0.0827,2.1392,0.0,0.0,0.0,29.9824,26.0,25.0,38.0,37.0,14.0,0.0,0.0,0.0,0.0,62.5857,0.0,47.4907,0.0,0.0
23117.0,1.7516,0.094,1.0,0.08,1.2022,2.056,1.056,2.31,1.31,26.722,2.0689,26.3646,2.0546,100.0,0.0,0.0,0.0,25.375,0.0,26.5,0.0,26.5,0.0,25.375,10.0,0.0,0.0105,52.5668,5.2566,2.0,1640.6823,2.286,0.644,1.4339,0.7829,1.449,0.0032,2.3396,0.013,2.0926,8.0,0.0739,1.002,0.1372,2.3593,0.0059,0.9943,0.0768,2.1074,0.0,0.0,0.0,29.9821,26.0,25.0,38.0,37.0,12.0,0.0,0.0,0.0,0.0,62.5854,0.0,47.4913,0.0,0.0
23118.0,1.7537,0.0942,1.0,0.0802,1.2027,2.0562,1.0562,2.3096,1.3096,26.6034,2.0641,26.3716,2.0549,100.0,0.0,0.0,0.0,25.375,0.0,26.5,0.0,26.5,0.0,25.5,10.0,0.0,0.0099,52.5665,5.2567,2.0,1651.2634,2.2871,0.7388,1.4442,0.7706,1.4477,0.0032,2.3411,0.013,2.0946,8.0,0.0765,1.002,0.1139,2.2783,0.0056,0.9736,0.07,2.0671,0.0,0.0,0.0,29.9822,26.0,25.0,38.0,37.0,16.0,0.0,0.0,0.0,0.0,62.5855,0.0,47.4906,0.0,0.0
23119.0,1.7539,0.0942,1.0,0.0803,1.2031,2.0556,1.0556,2.3099,1.3099,26.6481,2.0659,26.3838,2.0554,100.0,0.0,0.0,0.0,25.375,0.0,26.5,0.0,26.5,0.0,25.375,10.0,0.0,0.0105,52.567,5.2567,2.0,1667.5562,2.2888,0.6998,1.44,0.7722,1.4479,0.0032,2.343,0.013,2.0968,8.0,0.0769,1.0021,0.133,2.3457,0.0059,0.995,0.0658,2.0402,0.0,0.0,0.0,29.9822,26.0,25.0,38.0,37.0,14.0,0.0,0.0,0.0,0.0,62.5851,0.0,47.4903,0.0,0.0
23120.0,1.7535,0.0942,1.0,0.0801,1.2026,2.0552,1.0552,2.31,1.31,26.8128,2.0725,26.3903,2.0556,100.0,0.0,0.0,0.0,25.375,0.0,26.5,0.0,26.625,0.0,25.5,10.0,0.0,0.0097,52.5669,5.2567,2.0,1674.7787,2.2896,0.6875,1.4386,0.7695,1.4476,0.0033,2.3446,0.013,2.0985,8.0,0.0752,1.002,0.1758,2.4668,0.006,0.999,0.0691,2.0615,0.0,0.0,0.0,29.9818,26.0,25.0,38.0,37.0,13.0,0.0,0.0,0.0,0.0,62.5844,0.0,47.4909,0.0,0.0
23121.0,1.7509,0.0939,1.0,0.0801,1.2026,2.0556,1.0556,2.3103,1.3103,26.8251,2.073,26.3716,2.0549,100.0,0.0,0.0,0.0,25.375,0.0,26.5,0.0,26.375,0.0,25.5,10.0,0.0,0.0104,52.5667,5.2567,2.0,1686.105,2.2908,0.6527,1.4348,0.7689,1.4475,0.0033,2.3466,0.0131,2.1006,8.0,0.0742,1.002,0.1428,2.3767,0.0054,0.9516,0.0697,2.0649,0.0,0.0,0.0,29.9824,26.0,25.0,38.0,38.0,13.0,0.0,0.0,0.0,0.0,62.5845,0.0,47.491,0.0,0.0
23122.0,1.7553,0.0944,1.0,0.0801,1.2024,2.0558,1.0558,2.3105,1.3105,26.7281,2.0691,26.3582,2.0543,100.0,0.0,0.0,0.0,25.375,0.0,26.5,0.0,26.5,0.0,25.375,10.0,0.0,0.0101,52.5669,5.2567,2.0,1697.8224,2.292,0.7286,1.4431,0.7706,1.4477,0.0033,2.3484,0.0131,2.1026,8.0,0.0754,1.002,0.1709,2.4547,0.0053,0.9432,0.0553,1.9649,0.0,0.0,0.0,29.9817,26.0,25.0,38.0,38.0,13.0,0.0,0.0,0.0,0.0,62.5851,0.0,47.4909,0.0,0.0
23123.0,1.7548,0.0944,1.0,0.0801,1.2025,2.0555,1.0555,2.3101,1.3101,26.6128,2.0645,26.3532,2.0541,100.0,0.0,0.0,0.0,25.375,0.0,26.5,0.0,26.5,0.0,25.5,10.0,0.0,0.0114,52.5666,5.2567,2.0,1714.5416,2.2937,0.7596,1.4465,0.7687,1.4475,0.0033,2.35,0.0131,2.1044,8.0,0.0753,1.002,0.1515,2.4024,0.0063,1.0188,0.0612,2.0087,0.0,0.0,0.0,29.9821,26.0,25.0,38.0,38.0,13.0,0.0,0.0,0.0,0.0,62.5852,0.0,47.4909,0.0,0.0
23124.0,1.7523,0.094,1.0,0.08,1.2023,2.0551,1.0551,2.3102,1.3102,26.6388,2.0656,26.3716,2.0549,100.0,0.0,0.0,0.0,25.375,0.0,26.5,0.0,26.5,0.0,25.5,10.0,0.0,0.0102,52.5668,5.2567,2.0,1722.6389,2.2945,0.709,1.441,0.7644,1.447,0.0034,2.3518,0.0131,2.1064,8.0,0.0756,1.002,0.161,2.4288,0.0063,1.0182,0.0546,1.959,0.0,0.0,0.0,29.9818,26.0,25.0,38.0,38.0,15.0,0.0,0.0,0.0,0.0,62.585,0.0,47.4905,0.0,0.0
23125.0,1.7473,0.0934,1.0,0.08,1.2023,2.0547,1.0547,2.31,1.31,26.822,2.0729,26.3795,2.0552,100.0,0.0,0.0,0.0,25.375,0.0,26.625,0.0,26.375,0.0,25.5,10.0,0.0,0.01,52.567,5.2567,2.0,1742.9507,2.2965,0.7142,1.4416,0.7636,1.4469,0.0034,2.3536,0.0131,2.1083,8.0,0.0749,1.002,0.1256,2.3209,0.0057,0.9798,0.0532,1.9477,0.0,0.0,0.0,29.982,26.0,25.0,38.0,38.0,15.0,0.0,0.0,0.0,0.0,62.5851,0.0,47.4907,0.0,0.0
23126.0,1.7442,0.093,1.0,0.08,1.2023,2.0555,1.0555,2.3103,1.3103,26.8314,2.0733,26.3717,2.0549,100.0,0.0,0.0,0.0,25.375,0.0,26.625,0.0,26.5,0.0,25.5,10.0,0.0,0.0105,52.5669,5.2567,2.0,1744.3099,2.2966,0.6782,1.4376,0.7563,1.4461,0.0034,2.3553,0.0132,2.11,8.0,0.067,1.0018,0.1449,2.3829,0.0065,1.0342,0.0509,1.9289,0.0,0.0,0.0,29.9818,26.0,25.0,38.0,38.0,16.0,0.0,0.0,0.0,0.0,62.5851,0.0,47.4903,0.0,0.0
23127.0,1.7426,0.0928,1.0,0.0798,1.2017,2.0558,1.0558,2.3102,1.3102,26.7523,2.0701,26.3661,2.0546,100.0,0.0,0.0,0.0,25.375,0.0,26.5,0.0,26.5,0.0,25.375,10.0,0.0,0.0108,52.5669,5.2567,2.0,1762.8799,2.2985,0.7612,1.4467,0.7456,1.445,0.0034,2.3567,0.0132,2.1119,8.0,0.066,1.0018,0.2018,2.5268,0.0062,1.0125,0.0489,1.9115,0.0,0.0,0.0,29.9818,26.0,25.0,38.0,38.0,12.0,0.0,0.0,0.0,0.0,62.5846,0.0,47.4909,0.0,0.0
23128.0,1.7415,0.0927,1.0,0.0797,1.2015,2.0558,1.0558,2.3101,1.3101,26.6431,2.0657,26.3646,2.0546,100.0,0.0,0.0,0.0,25.375,0.0,26.5,0.0,26.5,0.0,25.5,10.0,0.0,0.0108,52.5671,5.2567,2.0,1773.054,2.2995,0.7422,1.4446,0.7387,1.4442,0.0035,2.3584,0.0132,2.1136,8.0,0.0669,1.0018,0.2614,2.6392,0.0061,1.0041,0.0499,1.9202,0.0,0.0,0.0,29.9816,26.0,25.0,38.0,38.0,13.0,0.0,0.0,0.0,0.0,62.5842,0.0,47.4906,0.0,0.0
23129.0,1.7425,0.0928,1.0,0.0797,1.2013,2.056,1.056,2.3099,1.3099,26.6144,2.0646,26.3769,2.0551,100.0,0.0,0.0,0.0,25.375,0.0,26.75,0.0,26.375,0.0,25.5,10.0,0.0,0.0106,52.5669,5.2567,2.0,1787.2805,2.3009,0.7188,1.442,0.7275,1.443,0.0035,2.3597,0.0132,2.1154,8.0,0.0651,1.0017,0.2304,2.5844,0.0066,1.0408,0.0445,1.8706,0.0,0.0,0.0,29.9825,26.0,25.0,38.0,38.0,16.0,0.0,0.0,0.0,0.0,62.585,0.0,47.4905,0.0,0.0
23130.0,1.7406,0.0926,1.0,0.0798,1.2017,2.0552,1.0552,2.3098,1.3098,26.7673,2.0707,26.3897,2.0556,100.0,0.0,0.0,0.0,25.375,0.0,26.5,0.0,26.375,0.0,25.375,10.0,0.0,0.0105,52.5665,5.2567,2.0,1794.6595,2.3016,0.7016,1.4402,0.7264,1.4429,0.0035,2.3613,0.0132,2.1172,8.0,0.0661,1.0018,0.2302,2.5839,0.0056,0.972,0.0467,1.8909,0.0,0.0,0.0,29.9823,26.0,25.0,38.0,38.0,13.0,0.0,0.0,0.0,0.0,62.5849,0.0,47.4909,0.0,0.0
23131.0,1.7404,0.0926,1.0,0.08,1.2021,2.0554,1.0554,2.3103,1.3103,26.8461,2.0738,26.3755,2.055,100.0,0.0,0.0,0.0,25.375,0.0,26.375,0.0,26.375,0.0,25.5,10.0,0.0,0.0102,52.5667,5.2567,2.0,1802.6453,2.3024,0.6588,1.4355,0.7183,1.442,0.0035,2.3635,0.0133,2.1198,8.0,0.0679,1.0018,0.1805,2.4784,0.0066,1.0401,0.053,1.9462,0.0,0.0,0.0,29.9822,26.0,25.0,38.0,38.0,14.0,0.0,0.0,0.0,0.0,62.5852,0.0,47.4911,0.0,0.0
23132.0,1.7404,0.0925,1.0,0.0798,1.2017,2.0561,1.0561,2.3102,1.3102,26.755,2.0702,26.3667,2.0547,100.0,0.0,0.0,0.0,25.375,0.0,26.375,0.0,26.375,0.0,25.5,10.0,0.0,0.0111,52.5673,5.2567,2.0,1821.9438,2.3042,0.7338,1.4437,0.7141,1.4415,0.0036,2.365,0.0133,2.1213,8.0,0.0668,1.0018,0.2071,2.5381,0.0067,1.0463,0.0538,1.9523,0.0,0.0,0.0,29.9823,26.0,25.0,38.0,38.0,14.0,0.0,0.0,0.0,0.0,62.5856,0.0,47.4912,0.0,0.0
23133.0,1.7398,0.0925,1.0,0.0799,1.2021,2.0558,1.0558,2.3101,1.3101,26.6546,2.0662,26.3644,2.0546,100.0,0.0,0.0,0.0,25.375,0.0,26.5,0.0,26.5,0.0,25.5,10.0,0.0,0.0106,52.567,5.2567,2.0,1843.0142,2.3062,0.8064,1.4516,0.7158,1.4417,0.0036,2.3664,0.0133,2.123,8.0,0.0689,1.0018,0.1865,2.4925,0.0065,1.0371,0.0711,2.0738,0.0,0.0,0.0,29.9824,26.0,25.0,38.0,38.0,16.0,0.0,0.0,0.0,0.0,62.5854,0.0,47.4908,0.0,0.0
23134.0,1.7394,0.0924,1.0,0.0799,1.2019,2.0557,1.0557,2.3099,1.3099,26.5946,2.0638,26.3731,2.0549,100.0,0.0,0.0,0.0,25.375,0.0,26.5,0.0,26.5,0.0,25.5,10.0,0.0,0.0094,52.5668,5.2567,2.0,1853.5032,2.3072,0.7283,1.4431,0.7192,1.4421,0.0036,2.368,0.0133,2.1252,8.0,0.071,1.0019,0.1849,2.4887,0.0067,1.0509,0.0597,1.998,0.0,0.0,0.0,29.9819,26.0,25.0,38.0,38.0,13.0,0.0,0.0,0.0,0.0,62.585,0.0,47.491,0.0,0.0
23135.0,1.7383,0.0923,1.0,0.08,1.2021,2.0556,1.0556,2.3099,1.3099,26.7841,2.0714,26.3903,2.0556,100.0,0.0,0.0,0.0,25.375,0.0,26.5,0.0,26.5,0.0,25.5,10.0,0.0,0.0099,52.5666,5.2567,2.0,1866.9475,2.3085,0.8783,1.4594,0.7233,1.4425,0.0036,2.3701,0.0134,2.1281,8.0,0.0727,1.0019,0.1555,2.4135,0.0058,0.9887,0.0626,2.0187,0.0,0.0,0.0,29.9824,26.0,25.0,38.0,38.0,14.0,0.0,0.0,0.0,0.0,62.585,0.0,47.4908,0.0,0.0
23136.0,1.7391,0.0924,1.0,0.08,1.2022,2.0554,1.0554,2.3102,1.3102,26.8533,2.0741,26.3764,2.0551,100.0,0.0,0.0,0.0,25.375,0.0,26.5,0.0,26.5,0.0,25.5,10.0,0.0,0.0108,52.567,5.2567,2.0,1899.5782,2.3115,0.9413,1.4663,0.7111,1.4412,0.0037,2.3717,0.0134,2.1296,8.0,0.0722,1.0019,0.1551,2.4124,0.0059,0.9956,0.0536,1.9512,0.0,0.0,0.0,29.982,26.0,25.0,38.0,38.0,14.0,0.0,0.0,0.0,0.0,62.585,0.0,47.4907,0.0,0.0
23137.0,1.7394,0.0924,1.0,0.08,1.2023,2.0558,1.0558,2.3102,1.3102,26.7892,2.0716,26.3598,2.0544,100.0,0.0,0.0,0.0,25.25,0.0,26.5,0.0,26.5,0.0,25.5,10.0,0.0,0.01,52.567,5.2567,2.0,1915.5035,2.3129,0.9168,1.4637,0.7105,1.4412,0.0037,2.3731,0.0134,2.1315,8.0,0.0742,1.002,0.1304,2.3371,0.0058,0.9888,0.0539,1.9532,0.0,0.0,0.0,29.9824,26.0,25.0,38.0,38.0,14.0,0.0,0.0,0.0,0.0,62.5856,0.0,47.4908,0.0,0.0
23138.0,1.7365,0.0921,1.0,0.08,1.2023,2.0558,1.0558,2.3101,1.3101,26.6738,2.067,26.3633,2.0545,100.0,0.0,0.0,0.0,25.375,0.0,26.5,0.0,26.5,0.0,25.5,10.0,0.0,0.0103,52.567,5.2567,2.0,1927.611,2.314,0.8945,1.4612,0.7056,1.4406,0.0037,2.3747,0.0134,2.133,8.0,0.0712,1.0019,0.144,2.3802,0.0062,1.0124,0.0507,1.9272,0.0,0.0,0.0,29.9818,26.0,25.0,38.0,38.0,13.0,0.0,0.0,0.0,0.0,62.5848,0.0,47.4908,0.0,0.0
23139.0,1.7372,0.0922,1.0,0.0799,1.202,2.0558,1.0558,2.3102,1.3102,26.5978,2.0639,26.3733,2.0549,100.0,0.0,0.0,0.0,25.375,0.0,26.5,0.0,26.5,0.0,25.5,10.0,0.0,0.0104,52.5671,5.2568,2.0,1941.2146,2.3152,0.7581,1.4463,0.7056,1.4406,0.0037,2.3763,0.0135,2.135,8.0,0.0705,1.0019,0.1282,2.3298,0.0062,1.0118,0.0671,2.0488,0.0,0.0,0.0,29.9822,26.0,25.0,38.0,38.0,12.0,0.0,0.0,0.0,0.0,62.5851,0.0,47.4908,0.0,0.0
23140.0,1.7363,0.092,1.0,0.0802,1.2027,2.0552,1.0552,2.3102,1.3102,26.7111,2.0684,26.3807,2.0552,100.0,0.0,0.0,0.0,25.375,0.0,26.5,0.0,26.5,0.0,25.5,10.0,0.0,0.0105,52.5672,5.2567,2.0,1938.624,2.315,0.6528,1.4349,0.7009,1.4401,0.0038,2.3778,0.0135,2.1367,8.0,0.0684,1.0018,0.2405,2.6029,0.0064,1.026,0.056,1.9699,0.0,0.0,0.0,29.9817,26.0,25.0,38.0,38.0,14.0,0.0,0.0,0.0,0.0,62.5848,0.0,47.4904,0.0,0.0
23141.0,1.7362,0.092,1.0,0.0799,1.202,2.0551,1.0551,2.3105,1.3105,26.8404,2.0736,26.3736,2.0549,100.0,0.0,0.0,0.0,25.375,0.0,26.625,0.0,26.5,0.0,25.5,10.0,0.0,0.0108,52.5676,5.2568,2.0,1943.3258,2.3154,0.5621,1.425,0.6874,1.4386,0.0038,2.3789,0.0135,2.1386,8.0,0.0676,1.0018,0.1928,2.5069,0.0057,0.9795,0.0577,1.9827,0.0,0.0,0.0,29.9823,26.0,25.0,38.0,38.0,15.0,0.0,0.0,0.0,0.0,62.5848,0.0,47.4905,0.0,0.0
23142.0,1.7363,0.092,1.0,0.08,1.2022,2.0557,1.0557,2.3109,1.3109,26.8186,2.0727,26.3599,2.0544,100.0,0.0,0.0,0.0,25.5,0.0,26.5,0.0,26.5,0.0,25.5,10.0,0.0,0.0107,52.5678,5.2568,2.0,1946.9645,2.3157,0.5176,1.4201,0.6843,1.4383,0.0038,2.3805,0.0135,2.1409,8.0,0.0678,1.0018,0.2297,2.583,0.0057,0.975,0.0794,2.1214,0.0,0.0,0.0,29.9821,26.0,25.0,38.0,38.0,13.0,0.0,0.0,0.0,0.0,62.5852,0.0,47.4911,0.0,0.0
23143.0,1.7331,0.0916,1.0,0.0798,1.2016,2.0558,1.0558,2.311,1.311,26.7161,2.0686,26.3549,2.0542,100.0,0.0,0.0,0.0,25.375,0.0,26.5,0.0,26.5,0.0,25.375,10.0,0.0,0.0117,52.5679,5.2568,2.0,1954.7263,2.3164,0.4606,1.4139,0.6816,1.438,0.0038,2.382,0.0136,2.1429,8.0,0.0666,1.0018,0.1732,2.4605,0.0064,1.0297,0.0803,2.1266,0.0,0.0,0.0,29.982,26.0,25.0,38.0,38.0,13.0,0.0,0.0,0.0,0.0,62.5853,0.0,47.4909,0.0,0.0
23144.0,1.7432,0.0929,1.0,0.0797,1.2015,2.0558,1.0558,2.3104,1.3104,26.6003,2.064,26.3594,2.0544,100.0,0.0,0.0,0.0,25.375,0.0,26.5,0.0,26.5,0.0,25.375,10.0,0.0,0.0104,52.5676,5.2567,2.0,1971.2518,2.3179,0.5889,1.4279,0.6806,1.4379,0.0039,2.384,0.0136,2.1458,8.0,0.0651,1.0017,0.138,2.3616,0.0062,1.0121,0.0741,2.0916,0.0,0.0,0.0,29.9822,26.0,25.0,38.0,38.0,14.0,0.0,0.0,0.0,0.0,62.5853,0.0,47.4908,0.0,0.0
23145.0,1.7455,0.0932,1.0,0.08,1.2024,2.0554,1.0554,2.3103,1.3103,26.6703,2.0668,26.3751,2.055,100.0,0.0,0.0,0.0,25.375,0.0,26.375,0.0,26.5,0.0,25.5,10.0,0.0,0.0109,52.5673,5.2567,2.0,1977.1287,2.3184,0.4843,1.4165,0.676,1.4374,0.0039,2.3851,0.0136,2.148,8.0,0.0663,1.0018,0.1578,2.4201,0.0067,1.0453,0.0713,2.0748,0.0,0.0,0.0,29.982,26.0,25.0,38.0,38.0,15.0,0.0,0.0,0.0,0.0,62.5851,0.0,47.4906,0.0,0.0
23146.0,1.7475,0.0934,1.0,0.0797,1.2014,2.0551,1.0551,2.3108,1.3108,26.8413,2.0737,26.3766,2.0551,100.0,0.0,0.0,0.0,25.375,0.0,26.375,0.0,26.375,0.0,25.5,10.0,0.0,0.0109,52.5674,5.2567,2.0,1991.1117,2.3196,0.5921,1.4282,0.6738,1.4371,0.0039,2.3867,0.0136,2.1501,8.0,0.0669,1.0018,0.1575,2.419,0.0059,0.9939,0.0688,2.0595,0.0,0.0,0.0,29.9818,26.0,25.0,38.0,38.0,14.0,0.0,0.0,0.0,0.0,62.5852,0.0,47.4904,0.0,0.0
23147.0,1.7497,0.0937,1.0,0.0799,1.202,2.0556,1.0556,2.3111,1.3111,26.8293,2.0732,26.3709,2.0548,100.0,0.0,0.0,0.0,25.375,0.0,26.5,0.0,26.5,0.0,25.5,10.0,0.0,0.0105,52.5676,5.2568,2.0,2010.1893,2.3213,0.6633,1.436,0.6805,1.4379,0.0039,2.3883,0.0137,2.1518,8.0,0.0683,1.0018,0.1574,2.4189,0.0054,0.9575,0.0655,2.038,0.0,0.0,0.0,29.982,26.0,25.0,38.0,38.0,12.0,0.0,0.0,0.0,0.0,62.5852,0.0,47.4908,0.0,0.0
23148.0,1.7485,0.0936,1.0,0.0801,1.2024,2.0558,1.0558,2.311,1.311,26.7159,2.0686,26.3643,2.0546,100.0,0.0,0.0,0.0,25.375,0.0,26.5,0.0,26.375,0.0,25.5,10.0,0.0,0.0101,52.5672,5.2567,2.0,2042.9586,2.3241,0.7896,1.4498,0.6809,1.4379,0.004,2.3901,0.0137,2.1547,8.0,0.076,1.002,0.1293,2.3333,0.0054,0.9559,0.0624,2.0169,0.0,0.0,0.0,29.9819,26.0,25.0,38.0,38.0,13.0,0.0,0.0,0.0,0.0,62.5853,0.0,47.4906,0.0,0.0
23149.0,1.7434,0.0929,1.0,0.08,1.2024,2.0558,1.0558,2.3107,1.3107,26.5938,2.0638,26.3569,2.0543,100.0,0.0,0.0,0.0,25.375,0.0,26.5,0.0,26.5,0.0,25.375,10.0,0.0,0.0106,52.5673,5.2568,2.0,2059.447,2.3255,0.7025,1.4403,0.6703,1.4368,0.004,2.3917,0.0137,2.1566,8.0,0.0703,1.0019,0.1213,2.3057,0.0058,0.989,0.0599,1.9993,0.0,0.0,0.0,29.9818,26.0,25.0,38.0,38.0,16.0,0.0,0.0,0.0,0.0,62.5847,0.0,47.4906,0.0,0.0
23150.0,1.7451,0.0931,1.0,0.0801,1.2025,2.0553,1.0553,2.3107,1.3107,26.6665,2.0667,26.3754,2.055,100.0,0.0,0.0,0.0,25.375,0.0,26.5,0.0,26.375,0.0,25.5,10.0,0.0,0.0108,52.5676,5.2568,2.0,2055.3413,2.3252,0.5805,1.427,0.6654,1.4362,0.004,2.393,0.0137,2.1586,8.0,0.0687,1.0018,0.1157,2.285,0.0055,0.9609,0.0754,2.0994,0.0,0.0,0.0,29.9819,26.0,25.0,38.0,38.0,17.0,0.0,0.0,0.0,0.0,62.5854,0.0,47.4907,0.0,0.0
23151.0,1.7435,0.0929,1.0,0.0801,1.2025,2.0551,1.0551,2.3108,1.3108,26.8392,2.0736,26.3843,2.0554,100.0,0.0,0.0,0.0,25.375,0.0,26.375,0.0,26.5,0.0,25.375,10.0,0.0,0.0107,52.5677,5.2568,2.0,2077.5876,2.327,0.7888,1.4497,0.6885,1.4387,0.0041,2.3951,0.0138,2.1611,8.0,0.069,1.0018,0.1339,2.3486,0.0067,1.0448,0.0694,2.0629,0.0,0.0,0.0,29.9821,26.0,25.0,38.0,38.0,13.0,0.0,0.0,0.0,0.0,62.5855,0.0,47.4907,0.0,0.0
23152.0,1.7435,0.0929,1.0,0.0798,1.2018,2.0556,1.0556,2.3107,1.3107,26.8351,2.0734,26.3745,2.055,100.0,0.0,0.0,0.0,25.375,0.0,26.5,0.0,26.5,0.0,25.5,10.0,0.0,0.0102,52.5678,5.2568,2.0,2090.7627,2.3281,0.6518,1.4347,0.6858,1.4384,0.0041,2.3961,0.0138,2.1625,8.0,0.0686,1.0018,0.0993,2.219,0.0065,1.0332,0.0665,2.0448,0.0,0.0,0.0,29.9822,26.0,25.0,38.0,38.0,14.0,0.0,0.0,0.0,0.0,62.5858,0.0,47.4914,0.0,0.0
23153.0,1.7416,0.0927,1.0,0.0798,1.2018,2.0558,1.0558,2.3107,1.3107,26.756,2.0702,26.357,2.0543,100.0,0.0,0.0,0.0,25.375,0.0,26.375,0.0,26.5,0.0,25.375,10.0,0.0,0.0104,52.5679,5.2568,2.0,2090.8315,2.3281,0.6485,1.4344,0.6802,1.4378,0.0041,2.3975,0.0138,2.1649,8.0,0.0656,1.0017,0.1249,2.3185,0.0055,0.9599,0.0632,2.0228,0.0,0.0,0.0,29.9821,26.0,25.0,38.0,38.0,13.0,0.0,0.0,0.0,0.0,62.5847,0.0,47.4909,0.0,0.0
23154.0,1.7391,0.0924,1.0,0.0798,1.2017,2.0557,1.0557,2.3107,1.3107,26.63,2.0652,26.3589,2.0544,100.0,0.0,0.0,0.0,25.375,0.0,26.5,0.0,26.375,0.0,25.5,10.0,0.0,0.0109,52.5671,5.2567,2.0,2108.7913,2.3296,0.6522,1.4348,0.6733,1.4371,0.0041,2.3991,0.0138,2.1669,8.0,0.0662,1.0018,0.157,2.4176,0.0065,1.0369,0.063,2.0212,0.0,0.0,0.0,29.9822,26.0,25.0,38.0,37.0,15.0,0.0,0.0,0.0,0.0,62.5848,0.0,47.4908,0.0,0.0
23155.0,1.7383,0.0923,1.0,0.0798,1.2018,2.0555,1.0555,2.3106,1.3106,26.6361,2.0654,26.3743,2.055,100.0,0.0,0.0,0.0,25.25,0.0,26.5,0.0,26.375,0.0,25.5,10.0,0.0,0.01,52.5678,5.2568,2.0,2134.6199,2.3317,0.7798,1.4487,0.671,1.4368,0.0042,2.4009,0.0139,2.1695,8.0,0.0675,1.0018,0.1762,2.4679,0.0059,0.9932,0.0578,1.984,0.0,0.0,0.0,29.9817,26.0,25.0,38.0,37.0,14.0,0.0,0.0,0.0,0.0,62.5851,0.0,47.4905,0.0,0.0
23156.0,1.7384,0.0923,1.0,0.0799,1.2019,2.0552,1.0552,2.3106,1.3106,26.7894,2.0716,26.3865,2.0555,100.0,0.0,0.0,0.0,25.375,0.0,26.375,0.0,26.5,0.0,25.375,10.0,0.0,0.0109,52.5677,5.2568,2.0,2154.2119,2.3333,0.7663,1.4472,0.669,1.4366,0.0042,2.4023,0.0139,2.1714,8.0,0.0672,1.0018,0.142,2.3741,0.0061,1.0069,0.0584,1.9883,0.0,0.0,0.0,29.9823,26.0,25.0,38.0,37.0,13.0,0.0,0.0,0.0,0.0,62.5844,0.0,47.491,0.0,0.0
23157.0,1.7383,0.0923,1.0,0.0798,1.2018,2.0556,1.0556,2.3108,1.3108,26.8424,2.0737,26.3702,2.0548,100.0,0.0,0.0,0.0,25.375,0.0,26.375,0.0,26.375,0.0,25.5,10.0,0.0,0.0109,52.5678,5.2568,2.0,2162.4824,2.334,0.6708,1.4368,0.6823,1.4381,0.0042,2.4039,0.0139,2.1736,8.0,0.0723,1.0019,0.1436,2.3789,0.006,0.9993,0.0587,1.9902,0.0,0.0,0.0,29.9821,26.0,25.0,38.0,37.0,14.0,0.0,0.0,0.0,0.0,62.5852,0.0,47.4911,0.0,0.0
23158.0,1.7392,0.0924,1.0,0.0799,1.202,2.0558,1.0558,2.3105,1.3105,26.745,2.0698,26.3655,2.0546,100.0,0.0,0.0,0.0,25.375,0.0,26.5,0.0,26.5,0.0,25.5,10.0,0.0,0.0106,52.5676,5.2567,2.0,2174.1689,2.3349,0.6254,1.4319,0.6777,1.4376,0.0042,2.406,0.014,2.1768,8.0,0.0736,1.002,0.1292,2.3332,0.0064,1.0266,0.0664,2.0439,0.0,0.0,0.0,29.9822,26.0,25.0,38.0,37.0,14.0,0.0,0.0,0.0,0.0,62.585,0.0,47.4907,0.0,0.0
23159.0,1.7396,0.0925,1.0,0.0801,1.2024,2.056,1.056,2.3102,1.3102,26.6636,2.0665,26.3623,2.0545,100.0,0.0,0.0,0.0,25.375,0.0,26.5,0.0,26.5,0.0,25.375,10.0,0.0,0.0103,52.5676,5.2567,2.0,2185.3635,2.3358,0.6614,1.4358,0.6886,1.4388,0.0043,2.4071,0.014,2.178,8.0,0.0723,1.0019,0.1463,2.3871,0.0056,0.9712,0.0628,2.0197,0.0,0.0,0.0,29.9823,26.0,25.0,38.0,37.0,16.0,0.0,0.0,0.0,0.0,62.5853,0.0,47.4909,0.0,0.0
23160.0,1.7414,0.0927,1.0,0.0799,1.2021,2.0555,1.0555,2.3103,1.3103,26.6312,2.0652,26.3707,2.0548,100.0,0.0,0.0,0.0,25.375,0.0,26.375,0.0,26.5,0.0,25.5,10.0,0.0,0.0108,52.5679,5.2568,2.0,2198.5942,2.3369,0.6577,1.4354,0.6824,1.4381,0.0043,2.4089,0.014,2.1809,8.0,0.0665,1.0018,0.1431,2.3776,0.0055,0.9629,0.0591,1.9933,0.0,0.0,0.0,29.9819,26.0,25.0,38.0,37.0,14.0,0.0,0.0,0.0,0.0,62.5857,0.0,47.4912,0.0,0.0
23161.0,1.7409,0.0926,1.0,0.0798,1.2018,2.0552,1.0552,2.3103,1.3103,26.7904,2.0716,26.3805,2.0552,100.0,0.0,0.0,0.0,25.375,0.0,26.5,0.0,26.375,0.0,25.5,10.0,0.0,0.0107,52.5679,5.2568,2.0,2219.2607,2.3385,0.6331,1.4327,0.6903,1.4389,0.0043,2.4105,0.014,2.1832,8.0,0.0645,1.0017,0.1111,2.2674,0.0057,0.9798,0.0609,2.0061,0.0,0.0,0.0,29.9821,26.0,25.0,38.0,37.0,14.0,0.0,0.0,0.0,0.0,62.5854,0.0,47.4908,0.0,0.0
23162.0,1.7424,0.0928,1.0,0.08,1.2024,2.0553,1.0553,2.311,1.311,26.8469,2.0739,26.3752,2.055,100.0,0.0,0.0,0.0,25.375,0.0,26.5,0.0,26.5,0.0,25.375,10.0,0.0,0.0106,52.5678,5.2568,2.0,2226.3535,2.339,0.6915,1.4391,0.6814,1.438,0.0044,2.4118,0.0141,2.1855,8.0,0.0667,1.0018,0.1186,2.2961,0.0064,1.0259,0.0599,1.9989,0.0,0.0,0.0,29.9815,26.0,25.0,38.0,38.0,15.0,0.0,0.0,0.0,0.0,62.5849,0.0,47.4907,0.0,0.0
23163.0,1.7415,0.0927,1.0,0.0799,1.2019,2.0558,1.0558,2.3107,1.3107,26.7825,2.0713,26.3676,2.0547,100.0,0.0,0.0,0.0,25.5,0.0,26.5,0.0,26.5,0.0,25.625,10.0,0.0,0.0102,52.5676,5.2567,2.0,2250.7041,2.3409,0.7703,1.4477,0.6814,1.438,0.0044,2.4132,0.0141,2.1878,8.0,0.0699,1.0019,0.1151,2.2831,0.0057,0.9764,0.0576,1.9825,0.0,0.0,0.0,29.9821,26.0,25.0,38.0,38.0,13.0,0.0,0.0,0.0,0.0,62.5849,0.0,47.4906,0.0,0.0
23164.0,1.7414,0.0927,1.0,0.0799,1.2019,2.0558,1.0558,2.3105,1.3105,26.662,2.0665,26.3631,2.0545,100.0,0.0,0.0,0.0,25.375,0.0,26.5,0.0,26.375,0.0,25.375,10.0,0.0,0.0106,52.5677,5.2568,2.0,2265.9937,2.3421,0.8734,1.4589,0.6747,1.4372,0.0044,2.4149,0.0141,2.1901,8.0,0.073,1.0019,0.1212,2.3055,0.0068,1.0565,0.0692,2.0622,0.0,0.0,0.0,29.9818,26.0,25.0,38.0,38.0,14.0,0.0,0.0,0.0,0.0,62.5849,0.0,47.4908,0.0,0.0
23165.0,1.7417,0.0927,1.0,0.0798,1.2018,2.0558,1.0558,2.3104,1.3104,26.594,2.0638,26.3715,2.0549,100.0,0.0,0.0,0.0,25.5,0.0,26.375,0.0,26.5,0.0,25.5,10.0,0.0,0.0104,52.5676,5.2568,2.0,2299.3044,2.3446,0.7736,1.448,0.6792,1.4377,0.0044,2.4165,0.0141,2.1925,8.0,0.0742,1.002,0.0985,2.2151,0.0062,1.0168,0.0767,2.1066,0.0,0.0,0.0,29.9821,26.0,25.0,38.0,38.0,14.0,0.0,0.0,0.0,0.0,62.5854,0.0,47.4911,0.0,0.0
23166.0,1.7425,0.0928,1.0,0.0801,1.2027,2.0556,1.0556,2.3099,1.3099,26.7513,2.0701,26.3903,2.0556,100.0,0.0,0.0,0.0,25.375,0.0,26.5,0.0,26.375,0.0,25.5,10.0,0.0,0.0107,52.5677,5.2568,2.0,2294.6514,2.3443,0.6594,1.4356,0.6851,1.4384,0.0045,2.4184,0.0142,2.1953,8.0,0.0746,1.002,0.0989,2.2172,0.0059,0.9913,0.0716,2.0766,0.0,0.0,0.0,29.9818,26.0,25.0,38.0,38.0,13.0,0.0,0.0,0.0,0.0,62.5849,0.0,47.4909,0.0,0.0
23167.0,1.7425,0.0928,1.0,0.0799,1.2021,2.0553,1.0553,2.3102,1.3102,26.8467,2.0739,26.3785,2.0551,100.0,0.0,0.0,0.0,25.375,0.0,26.375,0.0,26.5,0.0,25.375,10.0,0.0,0.0105,52.5676,5.2568,2.0,2322.2844,2.3464,0.7275,1.443,0.6819,1.438,0.0045,2.4199,0.0142,2.1972,8.0,0.0737,1.002,0.0875,2.1639,0.0065,1.0345,0.0718,2.0781,0.0,0.0,0.0,29.982,26.0,25.0,38.0,38.0,14.0,0.0,0.0,0.0,0.0,62.585,0.0,47.4905,0.0,0.0
23168.0,1.7435,0.0929,1.0,0.0801,1.2026,2.0555,1.0555,2.3105,1.3105,26.793,2.0717,26.3582,2.0543,100.0,0.0,0.0,0.0,25.375,0.0,26.5,0.0,26.5,0.0,25.375,10.0,0.0,0.0099,52.5677,5.2568,2.0,2328.0444,2.3468,0.6662,1.4363,0.6697,1.4367,0.0045,2.421,0.0142,2.1995,8.0,0.0667,1.0018,0.09,2.176,0.0062,1.0144,0.0631,2.022,0.0,0.0,0.0,29.9819,26.0,25.0,38.0,38.0,14.0,0.0,0.0,0.0,0.0,62.5854,0.0,47.4905,0.0,0.0
23169.0,1.7428,0.0928,1.0,0.0798,1.2016,2.0558,1.0558,2.3106,1.3106,26.6841,2.0674,26.3603,2.0544,100.0,0.0,0.0,0.0,25.375,0.0,26.5,0.0,26.5,0.0,25.5,10.0,0.0,0.0108,52.5679,5.2568,2.0,2344.7766,2.348,0.7382,1.4442,0.6677,1.4365,0.0046,2.4223,0.0143,2.2017,8.0,0.0684,1.0018,0.091,2.1807,0.0054,0.9559,0.0698,2.066,0.0,0.0,0.0,29.9818,26.0,25.0,38.0,38.0,16.0,0.0,0.0,0.0,0.0,62.5845,0.0,47.4905,0.0,0.0
23170.0,1.7445,0.0931,1.0,0.0799,1.2019,2.056,1.056,2.3103,1.3103,26.5997,2.064,26.3743,2.055,100.0,0.0,0.0,0.0,25.375,0.0,26.5,0.0,26.5,0.0,25.375,10.0,0.0,0.0101,52.5677,5.2567,2.0,2378.9709,2.3506,0.7713,1.4478,0.6724,1.437,0.0046,2.4245,0.0143,2.2047,8.0,0.0734,1.002,0.0771,2.1087,0.0062,1.0164,0.0543,1.9567,0.0,0.0,0.0,29.982,26.0,25.0,38.0,38.0,15.0,0.0,0.0,0.0,0.0,62.5846,0.0,47.4907,0.0,0.0
23171.0,1.7445,0.0931,1.0,0.0802,1.2029,2.0552,1.0552,2.3102,1.3102,26.7578,2.0703,26.3897,2.0556,100.0,0.0,0.0,0.0,25.375,0.0,26.5,0.0,26.375,0.0,25.375,10.0,0.0,0.01,52.5676,5.2568,2.0,2405.7302,2.3525,0.8919,1.4609,0.678,1.4376,0.0046,2.4261,0.0143,2.2076,8.0,0.0776,1.0021,0.0821,2.1361,0.0058,0.9865,0.0558,1.9681,0.0,0.0,0.0,29.9821,26.0,25.0,38.0,38.0,12.0,0.0,0.0,0.0,0.0,62.5853,0.0,47.4908,0.0,0.0
23172.0,1.7435,0.0929,1.0,0.0799,1.2021,2.0555,1.0555,2.3105,1.3105,26.8553,2.0742,26.3821,2.0553,100.0,0.0,0.0,0.0,25.5,0.0,26.5,0.0,26.375,0.0,25.375,10.0,0.0,0.0104,52.5675,5.2567,2.0,2416.7136,2.3533,0.7738,1.448,0.6839,1.4382,0.0047,2.4275,0.0144,2.2103,8.0,0.0717,1.0019,0.0706,2.0709,0.0064,1.0281,0.0667,2.0463,0.0,0.0,0.0,29.9823,26.0,25.0,38.0,38.0,14.0,0.0,0.0,0.0,0.0,62.5847,0.0,47.4909,0.0,0.0
23173.0,1.7435,0.0929,1.0,0.0801,1.2027,2.0558,1.0558,2.3106,1.3106,26.7961,2.0718,26.3684,2.0547,100.0,0.0,0.0,0.0,25.375,0.0,26.5,0.0,26.375,0.0,25.5,10.0,0.0,0.0099,52.5679,5.2568,2.0,2434.3669,2.3546,0.858,1.4572,0.6883,1.4387,0.0047,2.4292,0.0144,2.2125,8.0,0.0701,1.0019,0.0778,2.1129,0.0057,0.9771,0.0731,2.0859,0.0,0.0,0.0,29.9823,26.0,25.0,38.0,38.0,14.0,0.0,0.0,0.0,0.0,62.5849,0.0,47.491,0.0,0.0
23174.0,1.7426,0.0928,1.0,0.0798,1.2017,2.0558,1.0558,2.3106,1.3106,26.7056,2.0682,26.3645,2.0546,100.0,0.0,0.0,0.0,25.375,0.0,26.5,0.0,26.375,0.0,25.5,10.0,0.0,0.0105,52.568,5.2568,2.0,2452.4285,2.3558,0.7262,1.4429,0.6829,1.4381,0.0047,2.4304,0.0144,2.2147,8.0,0.0657,1.0018,0.0613,2.0095,0.0059,0.9937,0.0713,2.075,0.0,0.0,0.0,29.9818,26.0,25.0,38.0,38.0,14.0,0.0,0.0,0.0,0.0,62.5853,0.0,47.4904,0.0,0.0
23175.0,1.7414,0.0927,1.0,0.0797,1.2015,2.056,1.056,2.3104,1.3104,26.5937,2.0637,26.3635,2.0545,100.0,0.0,0.0,0.0,25.25,0.0,26.375,0.0,26.375,0.0,25.5,10.0,0.0,0.0102,52.5679,5.2568,2.0,2449.9895,2.3557,0.6647,1.4362,0.6705,1.4368,0.0047,2.4318,0.0144,2.2171,8.0,0.067,1.0018,0.0676,2.0521,0.0058,0.9874,0.0711,2.0735,0.0,0.0,0.0,29.9814,26.0,25.0,38.0,38.0,14.0,0.0,0.0,0.0,0.0,62.5848,0.0,47.4906,0.0,0.0
23176.0,1.7418,0.0927,1.0,0.0799,1.2019,2.0555,1.0555,2.3103,1.3103,26.6695,2.0668,26.3852,2.0554,100.0,0.0,0.0,0.0,25.25,0.0,26.5,0.0,26.375,0.0,25.5,10.0,0.0,0.0112,52.5677,5.2568,2.0,2467.9739,2.3569,0.6346,1.4329,0.6695,1.4367,0.0048,2.4334,0.0145,2.2194,8.0,0.0698,1.0019,0.1232,2.3126,0.0062,1.0135,0.0688,2.0597,0.0,0.0,0.0,29.9819,26.0,25.0,38.0,38.0,13.0,0.0,0.0,0.0,0.0,62.5854,0.0,47.4905,0.0,0.0
23177.0,1.7435,0.0929,1.0,0.08,1.2022,2.0555,1.0555,2.3104,1.3104,26.8256,2.073,26.3872,2.0555,100.0,0.0,0.0,0.0,25.375,0.0,26.5,0.0,26.5,0.0,25.375,10.0,0.0,0.0103,52.5678,5.2568,2.0,2480.7119,2.3578,0.5473,1.4233,0.6662,1.4363,0.0048,2.4348,0.0145,2.2222,8.0,0.0719,1.0019,0.1231,2.312,0.0055,0.9638,0.0858,2.1553,0.0,0.0,0.0,29.9819,26.0,25.0,38.0,38.0,12.0,0.0,0.0,0.0,0.0,62.585,0.0,47.4908,0.0,0.0
23178.0,1.7417,0.0927,1.0,0.0799,1.202,2.0561,1.0561,2.3104,1.3104,26.813,2.0725,26.3714,2.0549,100.0,0.0,0.0,0.0,25.375,0.0,26.5,0.0,26.5,0.0,25.375,10.0,0.0,0.0109,52.5676,5.2567,2.0,2490.3589,2.3585,0.5614,1.4249,0.6699,1.4367,0.0048,2.4367,0.0145,2.2242,8.0,0.0751,1.002,0.1105,2.2653,0.0058,0.9865,0.0738,2.0897,0.0,0.0,0.0,29.9818,26.0,25.0,38.0,38.0,13.0,0.0,0.0,0.0,0.0,62.5849,0.0,47.4908,0.0,0.0
23179.0,1.7409,0.0926,1.0,0.0801,1.2026,2.0563,1.0563,2.3102,1.3102,26.7128,2.0685,26.3641,2.0546,100.0,0.0,0.0,0.0,25.375,0.0,26.375,0.0,26.5,0.0,25.375,10.0,0.0,0.0099,52.568,5.2568,2.0,2514.6858,2.3602,0.6603,1.4357,0.6631,1.436,0.0049,2.4382,0.0146,2.2271,8.0,0.0757,1.002,0.0976,2.2111,0.0066,1.0413,0.0759,2.102,0.0,0.0,0.0,29.9821,26.0,25.0,38.0,37.0,14.0,0.0,0.0,0.0,0.0,62.5849,0.0,47.4913,0.0,0.0
23180.0,1.7414,0.0927,1.0,0.08,1.2022,2.0562,1.0562,2.31,1.31,26.5988,2.064,26.3699,2.0548,100.0,0.0,0.0,0.0,25.375,0.0,26.375,0.0,26.5,0.0,25.375,10.0,0.0,0.0099,52.5677,5.2568,2.0,2535.4753,2.3616,0.6935,1.4393,0.6531,1.4349,0.0049,2.4393,0.0146,2.2295,8.0,0.0748,1.002,0.1007,2.2249,0.0061,1.0045,0.0727,2.0837,0.0,0.0,0.0,29.9823,26.0,25.0,38.0,37.0,15.0,0.0,0.0,0.0,0.0,62.5854,0.0,47.4911,0.0,0.0
23181.0,1.7414,0.0927,1.0,0.0798,1.2018,2.0559,1.0559,2.3099,1.3099,26.6468,2.0659,26.3925,2.0557,100.0,0.0,0.0,0.0,25.375,0.0,26.5,0.0,26.5,0.0,25.5,10.0,0.0,0.0106,52.5678,5.2568,2.0,2541.9597,2.3621,0.6562,1.4352,0.6468,1.4342,0.0049,2.4407,0.0146,2.2317,8.0,0.0652,1.0017,0.1116,2.2695,0.0068,1.0514,0.0697,2.065,0.0,0.0,0.0,29.9824,26.0,25.0,38.0,37.0,16.0,0.0,0.0,0.0,0.0,62.5847,0.0,47.4907,0.0,0.0
23182.0,1.7424,0.0928,1.0,0.08,1.2022,2.0556,1.0556,2.31,1.31,26.8207,2.0728,26.3922,2.0557,100.0,0.0,0.0,0.0,25.375,0.0,26.5,0.0,26.5,0.0,25.5,10.0,0.0,0.0108,52.5682,5.2568,2.0,2570.7744,2.364,0.7472,1.4452,0.6547,1.4351,0.005,2.4424,0.0146,2.2343,8.0,0.069,1.0018,0.0874,2.1633,0.0066,1.042,0.0694,2.0634,0.0,0.0,0.0,29.982,26.0,25.0,38.0,37.0,12.0,0.0,0.0,0.0,0.0,62.5848,0.0,47.4906,0.0,0.0
23183.0,1.7425,0.0928,1.0,0.0799,1.2021,2.056,1.056,2.3107,1.3107,26.8272,2.0731,26.3735,2.0549,100.0,0.0,0.0,0.0,25.375,0.0,26.375,0.0,26.5,0.0,25.375,10.0,0.0,0.0101,52.5682,5.2568,2.0,2585.8667,2.365,0.6595,1.4356,0.6655,1.4362,0.005,2.4441,0.0147,2.2372,8.0,0.0737,1.002,0.0854,2.1531,0.006,1.0028,0.0656,2.0387,0.0,0.0,0.0,29.982,26.0,25.0,38.0,37.0,14.0,0.0,0.0,0.0,0.0,62.5849,0.0,47.4906,0.0,0.0
23184.0,1.7425,0.0928,1.0,0.0801,1.2024,2.0558,1.0558,2.311,1.311,26.7265,2.0691,26.3659,2.0546,100.0,0.0,0.0,0.0,25.25,0.0,26.5,0.0,26.375,0.0,25.375,10.0,0.0,0.0102,52.5678,5.2568,2.0,2604.3657,2.3663,0.6022,1.4293,0.6685,1.4366,0.005,2.4458,0.0147,2.2401,8.0,0.0748,1.002,0.0895,2.1734,0.0064,1.0256,0.0548,1.9603,0.0,0.0,0.0,29.9819,26.0,25.0,38.0,37.0,13.0,0.0,0.0,0.0,0.0,62.5851,0.0,47.4907,0.0,0.0
23185.0,1.7425,0.0928,1.0,0.0804,1.2033,2.0558,1.0558,2.3109,1.3109,26.6113,2.0645,26.353,2.0541,100.0,0.0,0.0,0.0,25.375,0.0,26.5,0.0,26.375,0.0,25.375,10.0,0.0,0.0095,52.5681,5.2568,2.0,2609.0596,2.3666,0.5433,1.4229,0.6665,1.4363,0.0051,2.4472,0.0147,2.2429,8.0,0.0763,1.002,0.0716,2.0766,0.0066,1.0438,0.0768,2.1072,0.0,0.0,0.0,29.9821,26.0,25.0,38.0,37.0,13.0,0.0,0.0,0.0,0.0,62.585,0.0,47.4905,0.0,0.0
23186.0,1.7419,0.0927,1.0,0.0801,1.2027,2.0558,1.0558,2.3105,1.3105,26.6193,2.0648,26.374,2.055,100.0,0.0,0.0,0.0,25.375,0.0,26.5,0.0,26.5,0.0,25.375,10.0,0.0,0.0106,52.5683,5.2568,2.0,2613.4463,2.3669,0.5305,1.4215,0.6638,1.4361,0.0051,2.4484,0.0148,2.2446,8.0,0.0757,1.002,0.0722,2.0803,0.0059,0.9946,0.0711,2.0736,0.0,0.0,0.0,29.982,26.0,25.0,38.0,37.0,14.0,0.0,0.0,0.0,0.0,62.5855,0.0,47.4908,0.0,0.0
23187.0,1.7419,0.0927,1.0,0.0801,1.2025,2.0556,1.0556,2.31,1.31,26.7876,2.0715,26.3909,2.0556,100.0,0.0,0.0,0.0,25.375,0.0,26.375,0.0,26.5,0.0,25.375,10.0,0.0,0.0105,52.568,5.2568,2.0,2622.7058,2.3675,0.6016,1.4293,0.6686,1.4366,0.0051,2.45,0.0148,2.2476,8.0,0.07,1.0019,0.0682,2.0554,0.0064,1.0267,0.0687,2.0588,0.0,0.0,0.0,29.9821,26.0,25.0,38.0,38.0,14.0,0.0,0.0,0.0,0.0,62.5853,0.0,47.491,0.0,0.0
23188.0,1.7445,0.0931,1.0,0.0801,1.2025,2.0554,1.0554,2.3107,1.3107,26.8496,2.074,26.3759,2.055,100.0,0.0,0.0,0.0,25.375,0.0,26.5,0.0,26.375,0.0,25.5,10.0,0.0,0.0105,52.5684,5.2568,2.0,2657.8582,2.3698,0.7189,1.4421,0.6654,1.4362,0.0052,2.4513,0.0148,2.2502,8.0,0.0687,1.0018,0.063,2.0214,0.0064,1.0266,0.0671,2.0487,0.0,0.0,0.0,29.982,26.0,25.0,38.0,38.0,14.0,0.0,0.0,0.0,0.0,62.5853,0.0,47.491,0.0,0.0
23189.0,1.7435,0.0929,1.0,0.0799,1.2019,2.0558,1.0558,2.3103,1.3103,26.7376,2.0695,26.3649,2.0546,100.0,0.0,0.0,0.0,25.375,0.0,26.75,0.0,26.5,0.0,25.5,10.0,0.0,0.0111,52.5683,5.2568,2.0,2669.8535,2.3706,0.5623,1.425,0.6673,1.4364,0.0052,2.4531,0.0149,2.2534,8.0,0.068,1.0018,0.0657,2.0395,0.0059,0.9906,0.0715,2.076,0.0,0.0,0.0,29.9824,26.0,25.0,38.0,38.0,13.0,0.0,0.0,0.0,0.0,62.5847,0.0,47.4911,0.0,0.0
23190.0,1.7435,0.0929,1.0,0.0798,1.2016,2.0558,1.0558,2.3104,1.3104,26.6193,2.0648,26.3621,2.0545,100.0,0.0,0.0,0.0,25.375,0.0,26.625,0.0,26.5,0.0,25.375,10.0,0.0,0.0106,52.5682,5.2568,2.0,2684.875,2.3716,0.6144,1.4307,0.6568,1.4353,0.0052,2.4545,0.0149,2.2561,8.0,0.0689,1.0018,0.0602,2.0015,0.0062,1.0167,0.077,2.1084,0.0,0.0,0.0,29.9823,26.0,25.0,38.0,38.0,13.0,0.0,0.0,0.0,0.0,62.585,0.0,47.491,0.0,0.0
23191.0,1.7445,0.0931,1.0,0.0799,1.202,2.0557,1.0557,2.3103,1.3103,26.6071,2.0643,26.3726,2.0549,100.0,0.0,0.0,0.0,25.375,0.0,26.375,0.0,26.5,0.0,25.5,10.0,0.0,0.0101,52.568,5.2568,2.0,2702.3611,2.3727,0.6755,1.4373,0.6571,1.4353,0.0053,2.4558,0.0149,2.2582,8.0,0.0657,1.0018,0.0537,1.9519,0.0059,0.994,0.0758,2.1013,0.0,0.0,0.0,29.9817,26.0,25.0,38.0,38.0,13.0,0.0,0.0,0.0,0.0,62.5848,0.0,47.4911,0.0,0.0
23192.0,1.7455,0.0932,1.0,0.0802,1.2028,2.0554,1.0554,2.3102,1.3102,26.7586,2.0703,26.3896,2.0556,100.0,0.0,0.0,0.0,25.375,0.0,26.375,0.0,26.5,0.0,25.5,10.0,0.0,0.0106,52.5681,5.2568,2.0,2725.4092,2.3742,0.6482,1.4343,0.6687,1.4366,0.0053,2.4576,0.015,2.2613,8.0,0.0742,1.002,0.0623,2.0161,0.0064,1.0269,0.0632,2.0227,0.0,0.0,0.0,29.9822,26.0,25.0,38.0,38.0,12.0,0.0,1.0,0.0,0.0,62.5853,0.0,47.491,0.0,0.0
23193.0,1.7465,0.0933,1.0,0.0803,1.203,2.0557,1.0557,2.3107,1.3107,26.8566,2.0743,26.3764,2.0551,100.0,0.0,0.0,0.0,25.375,0.0,26.625,0.0,26.5,0.0,25.375,10.0,0.0,0.0102,52.5683,5.2568,2.0,2747.8506,2.3756,0.6711,1.4368,0.6746,1.4372,0.0053,2.4593,0.015,2.2646,8.0,0.0761,1.002,0.0602,2.0016,0.0063,1.0213,0.0763,2.1046,0.0,0.0,0.0,29.9815,26.0,25.0,38.0,38.0,15.0,0.0,1.0,1.95,0.0,62.585,0.0,47.4905,0.0,0.0
23194.0,1.7467,0.0933,1.0,0.08,1.2022,2.0558,1.0558,2.3103,1.3103,26.7741,2.071,26.3667,2.0547,100.0,0.0,0.0,0.0,25.375,0.0,26.5,0.0,26.5,0.0,25.5,10.0,0.0,0.0106,52.5682,5.2568,2.0,2760.843,2.3764,0.6319,1.4326,0.6684,1.4366,0.0054,2.4609,0.015,2.2679,8.0,0.0744,1.002,0.0484,1.9066,0.0055,0.964,0.0675,2.0511,0.0,0.0,0.0,29.9822,26.0,25.0,38.0,38.0,14.0,0.0,1.0,4.53,0.0,62.5853,0.0,47.4912,0.0,0.0
23195.0,1.7466,0.0933,1.0,0.0801,1.2025,2.0558,1.0558,2.3101,1.3101,26.6456,2.0658,26.3631,2.0545,100.0,0.0,0.0,0.0,25.375,0.0,26.375,0.0,26.5,0.0,25.5,10.0,0.0,0.01,52.5684,5.2569,2.0,2774.1633,2.3773,0.6833,1.4382,0.6626,1.4359,0.0054,2.4623,0.0151,2.2711,8.0,0.0707,1.0019,0.0518,1.9365,0.0063,1.0232,0.0751,2.0977,0.0,0.0,0.0,29.9819,26.0,25.0,38.0,37.0,13.0,0.0,1.0,7.68,0.0,62.5848,0.0,47.4907,0.0,0.0
23196.0,1.7457,0.0932,1.0,0.08,1.2021,2.0557,1.0557,2.3103,1.3103,26.6054,2.0642,26.3746,2.055,100.0,0.0,0.0,0.0,25.375,0.0,26.375,0.0,26.5,0.0,25.5,10.0,0.0,0.0097,52.5686,5.2568,2.0,2813.3145,2.3797,0.7388,1.4442,0.6575,1.4354,0.0054,2.4637,0.0151,2.2743,8.0,0.0695,1.0019,0.043,1.8552,0.0066,1.039,0.0642,2.0292,0.0,0.0,0.0,29.9823,26.0,25.0,38.0,37.0,14.0,0.0,1.0,11.22,0.0,62.5854,0.0,47.4908,0.0,0.0
23197.0,1.7426,0.0928,1.0,0.08,1.2022,2.0552,1.0552,2.3102,1.3102,26.7719,2.0709,26.3905,2.0556,100.0,0.0,0.0,0.0,25.375,0.0,26.5,0.0,26.5,0.0,25.375,10.0,0.0,0.0109,52.5685,5.2568,2.0,2816.2659,2.3799,0.6162,1.4309,0.6557,1.4352,0.0055,2.4651,0.0151,2.2769,8.0,0.0684,1.0018,0.045,1.875,0.0059,0.9905,0.0601,2.0007,0.0,0.0,0.0,29.9821,26.0,25.0,38.0,37.0,13.0,0.0,1.0,14.01,0.0,62.5852,0.0,47.4906,0.0,0.0
23198.0,1.7414,0.0927,1.0,0.0798,1.2017,2.0552,1.0552,2.3105,1.3105,26.8464,2.0739,26.3815,2.0553,100.0,0.0,0.0,0.0,25.375,0.0,26.375,0.0,26.375,0.0,25.5,10.0,0.0,0.0105,52.5683,5.2568,2.0,2823.4023,2.3803,0.5651,1.4253,0.6478,1.4343,0.0055,2.4663,0.0152,2.2793,8.0,0.0676,1.0018,0.0329,1.7397,0.0062,1.012,0.0614,2.0102,0.0,0.0,0.0,29.9821,26.0,25.0,38.0,37.0,13.0,0.0,1.0,16.95,0.0,62.5855,0.0,47.4904,0.0,0.0
23199.0,1.7404,0.0926,1.0,0.0797,1.2013,2.0557,1.0557,2.3104,1.3104,26.8016,2.0721,26.3654,2.0546,100.0,0.0,0.0,0.0,25.375,0.0,26.5,0.0,26.5,0.0,25.375,10.0,0.0,0.0106,52.5686,5.2569,2.0,2833.3513,2.3809,0.5748,1.4263,0.6544,1.435,0.0055,2.4677,0.0152,2.2822,8.0,0.0641,1.0017,0.1017,2.2294,0.0062,1.0145,0.0607,2.0051,0.0,0.0,0.0,29.982,26.0,25.0,38.0,38.0,15.0,0.0,1.0,19.74,0.0,62.5855,0.0,47.4907,0.0,0.0
23200.0,1.7411,0.0926,1.0,0.0799,1.202,2.0562,1.0562,2.3102,1.3102,26.6627,2.0665,26.3633,2.0545,100.0,0.0,0.0,0.0,25.375,0.0,26.5,0.0,26.5,0.0,25.375,10.0,0.0,0.0106,52.5685,5.2569,2.0,2867.8574,2.383,0.6683,1.4365,0.652,1.4348,0.0056,2.4695,0.0152,2.2849,8.0,0.0674,1.0018,0.1074,2.253,0.0056,0.9711,0.0562,1.9714,0.0,0.0,0.0,29.9816,26.0,25.0,38.0,38.0,13.0,0.0,1.0,22.83,0.0,62.5848,0.0,47.4901,0.0,0.0
